# Field minima and maxima
# Time            	field             	min               	location(min)     	processor         	max               	location(max)     	processor         
0.000112          	mag(U)            	0.0000000000e+00	(-1.4000000060e-01 4.9258069922e-03 5.3000562546e-02)	0	2.3460323692e-01	(1.0050000507e-01 4.3628034963e-02 1.4857531256e-01)	1
0.000112          	k                 	1.5690683119e-06	(1.0291314320e-01 4.7269903838e-02 6.1879950920e-03)	3	1.0017058384e-02	(-1.2349981135e-01 4.3727081362e-02 1.5067922078e-01)	1
0.000112          	omega             	1.9996291280e+01	(-3.7825125598e-01 4.4374162605e-01 3.2800234923e-01)	2	1.6962361631e+07	(1.0291314320e-01 4.7269903838e-02 6.1879950920e-03)	3
0.000112          	p                 	-1.9427949490e+00	(-2.1207398807e-02 9.0162452914e-02 -9.7979873685e-02)	2	9.8283242758e+00	(1.1549973211e-01 4.6107355928e-02 1.6950080735e-01)	1
0.0001264         	mag(U)            	0.0000000000e+00	(-1.4000000060e-01 4.9258069922e-03 5.3000562546e-02)	0	2.6393528869e-01	(1.0050000507e-01 4.3628034963e-02 1.4857531256e-01)	1
0.0001264         	k                 	1.5076364601e-06	(1.0291314320e-01 4.7269903838e-02 6.1879950920e-03)	3	1.0019444023e-02	(-1.2349981135e-01 4.3727081362e-02 1.5067922078e-01)	1
0.0001264         	omega             	1.9995814540e+01	(-3.7825125598e-01 4.4374162605e-01 3.2800234923e-01)	2	1.6962361631e+07	(1.0291314320e-01 4.7269903838e-02 6.1879950920e-03)	3
0.0001264         	p                 	-1.9200120804e+00	(-2.1207398807e-02 9.0162452914e-02 -9.7979873685e-02)	2	9.7942900017e+00	(1.1549973211e-01 4.6107355928e-02 1.6950080735e-01)	1
0.00014368        	mag(U)            	0.0000000000e+00	(-1.4000000060e-01 4.9258069922e-03 5.3000562546e-02)	0	2.9917070014e-01	(1.0050000507e-01 4.3628034963e-02 1.4857531256e-01)	1
0.00014368        	k                 	1.4278378304e-06	(1.0291314320e-01 4.7269903838e-02 6.1879950920e-03)	3	1.0022332388e-02	(-1.2349981135e-01 4.3727081362e-02 1.5067922078e-01)	1
0.00014368        	omega             	1.9995242481e+01	(-3.7825125598e-01 4.4374162605e-01 3.2800234923e-01)	2	1.6962361630e+07	(1.0291314320e-01 4.7269903838e-02 6.1879950920e-03)	3
0.00014368        	p                 	-1.9152329236e+00	(-2.1207398807e-02 9.0162452914e-02 -9.7979873685e-02)	2	9.7780744723e+00	(1.1549973211e-01 4.6107355928e-02 1.6950080735e-01)	1
0.000164416       	mag(U)            	0.0000000000e+00	(-1.4000000060e-01 4.9258069922e-03 5.3000562546e-02)	0	3.4127665189e-01	(1.0050000507e-01 4.3628034963e-02 1.4857531256e-01)	1
0.000164416       	k                 	1.3270393797e-06	(1.0291314320e-01 4.7269903838e-02 6.1879950920e-03)	3	1.0029718900e-02	(1.2749980757e-01 4.2723282965e-02 1.9140171572e-01)	0
0.000164416       	omega             	1.9994556049e+01	(-3.7825125598e-01 4.4374162605e-01 3.2800234923e-01)	2	1.6962361629e+07	(1.0291314320e-01 4.7269903838e-02 6.1879950920e-03)	3
0.000164416       	p                 	-1.9037937202e+00	(-2.1207398807e-02 9.0162452914e-02 -9.7979873685e-02)	2	9.7780207500e+00	(1.1549973211e-01 4.6107355928e-02 1.6950080735e-01)	1
0.0001892992      	mag(U)            	0.0000000000e+00	(-1.4000000060e-01 4.9258069922e-03 5.3000562546e-02)	0	3.9133887568e-01	(1.0050000507e-01 4.3628034963e-02 1.4857531256e-01)	1
0.0001892992      	k                 	1.2011496735e-06	(-1.1858665520e-01 5.5360531035e-02 9.6616182517e-03)	0	1.0040511990e-02	(9.6500022334e-02 4.2634083700e-02 1.9244572556e-01)	1
0.0001892992      	omega             	1.9993732388e+01	(-3.7825125598e-01 4.4374162605e-01 3.2800234923e-01)	2	1.6962361629e+07	(1.0291314320e-01 4.7269903838e-02 6.1879950920e-03)	3
0.0001892992      	p                 	-1.9002189028e+00	(-2.1207398807e-02 9.0162452914e-02 -9.7979873685e-02)	2	9.7807007660e+00	(1.1549973211e-01 4.6107355928e-02 1.6950080735e-01)	1
0.0002142992      	mag(U)            	0.0000000000e+00	(-1.4000000060e-01 4.9258069922e-03 5.3000562546e-02)	0	4.4045930583e-01	(1.0050000507e-01 4.3628034963e-02 1.4857531256e-01)	1
0.0002142992      	k                 	1.0627044053e-06	(-1.1858665520e-01 5.5360531035e-02 9.6616182517e-03)	0	1.0053025845e-02	(9.6500022334e-02 4.2634083700e-02 1.9244572556e-01)	1
0.0002142992      	omega             	1.9992904927e+01	(-3.7825125598e-01 4.4374162605e-01 3.2800234923e-01)	2	1.6962361628e+07	(1.0291314320e-01 4.7269903838e-02 6.1879950920e-03)	3
0.0002142992      	p                 	-1.9381429544e+00	(-2.1207398807e-02 9.0162452914e-02 -9.7979873685e-02)	2	9.8415692379e+00	(1.1549973211e-01 4.6107355928e-02 1.6950080735e-01)	1
0.0002392992      	mag(U)            	0.0000000000e+00	(-1.4000000060e-01 4.9258069922e-03 5.3000562546e-02)	0	4.8833510344e-01	(1.0050000507e-01 4.3628034963e-02 1.4857531256e-01)	1
0.0002392992      	k                 	9.6337905157e-07	(-1.1858665520e-01 5.5360531035e-02 9.6616182517e-03)	0	1.0067040084e-02	(9.6500022334e-02 4.2634083700e-02 1.9244572556e-01)	1
0.0002392992      	omega             	1.9992077534e+01	(-3.7825125598e-01 4.4374162605e-01 3.2800234923e-01)	2	1.6962361627e+07	(1.0291314320e-01 4.7269903838e-02 6.1879950920e-03)	3
0.0002392992      	p                 	-1.9632732702e+00	(-2.1207398807e-02 9.0162452914e-02 -9.7979873685e-02)	2	9.8888173162e+00	(1.1549973211e-01 4.6107355928e-02 1.6950080735e-01)	1
0.0002642992      	mag(U)            	0.0000000000e+00	(-1.4000000060e-01 4.9258069922e-03 5.3000562546e-02)	0	5.3503247173e-01	(1.0050000507e-01 4.3628034963e-02 1.4857531256e-01)	1
0.0002642992      	k                 	8.7886294688e-07	(-1.1858665520e-01 5.5360531035e-02 9.6616182517e-03)	0	1.0082123776e-02	(9.6500022334e-02 4.2634083700e-02 1.9244572556e-01)	1
0.0002642992      	omega             	1.9991250209e+01	(-3.7825125598e-01 4.4374162605e-01 3.2800234923e-01)	2	1.6962361626e+07	(1.0291314320e-01 4.7269903838e-02 6.1879950920e-03)	3
0.0002642992      	p                 	-1.9658515535e+00	(-2.1207398807e-02 9.0162452914e-02 -9.7979873685e-02)	2	9.9115820412e+00	(1.1549973211e-01 4.6107355928e-02 1.6950080735e-01)	1
0.0002892992      	mag(U)            	0.0000000000e+00	(-1.4000000060e-01 4.9258069922e-03 5.3000562546e-02)	0	5.8061922580e-01	(1.0050000507e-01 4.3628034963e-02 1.4857531256e-01)	1
0.0002892992      	k                 	8.1137018542e-07	(-1.1858665520e-01 5.5360531035e-02 9.6616182517e-03)	0	1.0097896304e-02	(9.6500022334e-02 4.2634083700e-02 1.9244572556e-01)	1
0.0002892992      	omega             	1.9990422953e+01	(-3.7825125598e-01 4.4374162605e-01 3.2800234923e-01)	2	1.6962361626e+07	(1.0291314320e-01 4.7269903838e-02 6.1879950920e-03)	3
0.0002892992      	p                 	-1.9681972550e+00	(-2.1207398807e-02 9.0162452914e-02 -9.7979873685e-02)	2	9.9140304755e+00	(1.1549973211e-01 4.6107355928e-02 1.6950080735e-01)	1
0.0003142992      	mag(U)            	0.0000000000e+00	(-1.4000000060e-01 4.9258069922e-03 5.3000562546e-02)	0	6.2514057399e-01	(1.0050000507e-01 4.3628034963e-02 1.4857531256e-01)	1
0.0003142992      	k                 	7.5753001011e-07	(-1.1858665520e-01 5.5360531035e-02 9.6616182517e-03)	0	1.0114230606e-02	(9.6500022334e-02 4.2634083700e-02 1.9244572556e-01)	1
0.0003142992      	omega             	1.9989595765e+01	(-3.7825125598e-01 4.4374162605e-01 3.2800234923e-01)	2	1.6962361625e+07	(1.0291314320e-01 4.7269903838e-02 6.1879950920e-03)	3
0.0003142992      	p                 	-1.9731127409e+00	(-2.1207398807e-02 9.0162452914e-02 -9.7979873685e-02)	2	9.9161992938e+00	(1.1549973211e-01 4.6107355928e-02 1.6950080735e-01)	1
0.0003392992      	mag(U)            	0.0000000000e+00	(-1.4000000060e-01 4.9258069922e-03 5.3000562546e-02)	0	6.6863874174e-01	(1.0050000507e-01 4.3628034963e-02 1.4857531256e-01)	1
0.0003392992      	k                 	7.1397182835e-07	(-1.1858665520e-01 5.5360531035e-02 9.6616182517e-03)	0	1.0131869580e-02	(9.8500005452e-02 4.2572300185e-02 1.4858472062e-01)	1
0.0003392992      	omega             	1.9988768645e+01	(-3.7825125598e-01 4.4374162605e-01 3.2800234923e-01)	2	1.6962361625e+07	(1.0291314320e-01 4.7269903838e-02 6.1879950920e-03)	3
0.0003392992      	p                 	-1.9719863747e+00	(-2.1207398807e-02 9.0162452914e-02 -9.7979873685e-02)	2	9.9208031635e+00	(1.1549973211e-01 4.6107355928e-02 1.6950080735e-01)	1
0.0003642992      	mag(U)            	0.0000000000e+00	(-1.4000000060e-01 4.9258069922e-03 5.3000562546e-02)	0	7.1112804964e-01	(1.0050000507e-01 4.3628034963e-02 1.4857531256e-01)	1
0.0003642992      	k                 	6.7852692698e-07	(-1.1858665520e-01 5.5360531035e-02 9.6616182517e-03)	0	1.0151593589e-02	(9.8500005452e-02 4.2572300185e-02 1.4858472062e-01)	1
0.0003642992      	omega             	1.9987941594e+01	(-3.7825125598e-01 4.4374162605e-01 3.2800234923e-01)	2	1.6962361625e+07	(1.0291314320e-01 4.7269903838e-02 6.1879950920e-03)	3
0.0003642992      	p                 	-1.9771501367e+00	(-2.1207398807e-02 9.0162452914e-02 -9.7979873685e-02)	2	9.9291102082e+00	(1.1549973211e-01 4.6107355928e-02 1.6950080735e-01)	1
0.0003892992      	mag(U)            	0.0000000000e+00	(-1.4000000060e-01 4.9258069922e-03 5.3000562546e-02)	0	7.5260232909e-01	(1.0050000507e-01 4.3628034963e-02 1.4857531256e-01)	1
0.0003892992      	k                 	6.4927408348e-07	(-1.1858665520e-01 5.5360531035e-02 9.6616182517e-03)	0	1.0171973578e-02	(9.8500005452e-02 4.2572300185e-02 1.4858472062e-01)	1
0.0003892992      	omega             	1.9987114611e+01	(-3.7825125598e-01 4.4374162605e-01 3.2800234923e-01)	2	1.6962361624e+07	(1.0291314320e-01 4.7269903838e-02 6.1879950920e-03)	3
0.0003892992      	p                 	-1.9844312360e+00	(-2.1207398807e-02 9.0162452914e-02 -9.7979873685e-02)	2	9.9371640790e+00	(1.1549973211e-01 4.6107355928e-02 1.6950080735e-01)	1
0.0004142992      	mag(U)            	0.0000000000e+00	(-1.4000000060e-01 4.9258069922e-03 5.3000562546e-02)	0	7.9396501217e-01	(1.3350462904e-01 4.4838721827e-02 1.8248397230e-01)	1
0.0004142992      	k                 	6.2459337715e-07	(-1.1858665520e-01 5.5360531035e-02 9.6616182517e-03)	0	1.0192970816e-02	(9.8500005452e-02 4.2572300185e-02 1.4858472062e-01)	1
0.0004142992      	omega             	1.9986287697e+01	(-3.7825125598e-01 4.4374162605e-01 3.2800234923e-01)	2	1.6962361624e+07	(1.0291314320e-01 4.7269903838e-02 6.1879950920e-03)	3
0.0004142992      	p                 	-1.9860269296e+00	(-2.1207398807e-02 9.0162452914e-02 -9.7979873685e-02)	2	9.9443410595e+00	(1.1549973211e-01 4.6107355928e-02 1.6950080735e-01)	1
0.0004392992      	mag(U)            	0.0000000000e+00	(-1.4000000060e-01 4.9258069922e-03 5.3000562546e-02)	0	8.3442671569e-01	(1.3350462904e-01 4.4838721827e-02 1.8248397230e-01)	1
0.0004392992      	k                 	6.0332386000e-07	(-1.1858665520e-01 5.5360531035e-02 9.6616182517e-03)	0	1.0214575595e-02	(9.8500005452e-02 4.2572300185e-02 1.4858472062e-01)	1
0.0004392992      	omega             	1.9985460851e+01	(-3.7825125598e-01 4.4374162605e-01 3.2800234923e-01)	2	1.6962361624e+07	(1.0291314320e-01 4.7269903838e-02 6.1879950920e-03)	3
0.0004392992      	p                 	-1.9927567885e+00	(-2.1207398807e-02 9.0162452914e-02 -9.7979873685e-02)	2	9.9512083632e+00	(1.1549973211e-01 4.6107355928e-02 1.6950080735e-01)	1
0.0004642992      	mag(U)            	0.0000000000e+00	(-1.4000000060e-01 4.9258069922e-03 5.3000562546e-02)	0	8.7390369435e-01	(1.3350462904e-01 4.4838721827e-02 1.8248397230e-01)	1
0.0004642992      	k                 	5.8467482185e-07	(-1.1858665520e-01 5.5360531035e-02 9.6616182517e-03)	0	1.0236788335e-02	(9.8500005452e-02 4.2572300185e-02 1.4858472062e-01)	1
0.0004642992      	omega             	1.9984634074e+01	(-3.7825125598e-01 4.4374162605e-01 3.2800234923e-01)	2	1.6962361624e+07	(1.0291314320e-01 4.7269903838e-02 6.1879950920e-03)	3
0.0004642992      	p                 	-1.9916741370e+00	(-2.1207398807e-02 9.0162452914e-02 -9.7979873685e-02)	2	9.9566601738e+00	(1.1549973211e-01 4.6107355928e-02 1.6950080735e-01)	1
0.0004892992      	mag(U)            	0.0000000000e+00	(-1.4000000060e-01 4.9258069922e-03 5.3000562546e-02)	0	9.1238797003e-01	(1.3350462904e-01 4.4838721827e-02 1.8248397230e-01)	1
0.0004892992      	k                 	5.6809264168e-07	(-1.1858665520e-01 5.5360531035e-02 9.6616182517e-03)	0	1.0259613475e-02	(9.8500005452e-02 4.2572300185e-02 1.4858472062e-01)	1
0.0004892992      	omega             	1.9983807365e+01	(-3.7825125598e-01 4.4374162605e-01 3.2800234923e-01)	2	1.6962361624e+07	(1.0291314320e-01 4.7269903838e-02 6.1879950920e-03)	3
0.0004892992      	p                 	-1.9915358952e+00	(-2.1207398807e-02 9.0162452914e-02 -9.7979873685e-02)	2	9.9626645114e+00	(1.1549973211e-01 4.6107355928e-02 1.6950080735e-01)	1
0.0005142992      	mag(U)            	0.0000000000e+00	(-1.4000000060e-01 4.9258069922e-03 5.3000562546e-02)	0	9.4987213155e-01	(1.3350462904e-01 4.4838721827e-02 1.8248397230e-01)	1
0.0005142992      	k                 	5.5319638593e-07	(-1.1858665520e-01 5.5360531035e-02 9.6616182517e-03)	0	1.0284142114e-02	(1.2149999031e-01 4.2542478763e-02 1.4753856982e-01)	1
0.0005142992      	omega             	1.9982980724e+01	(-3.7825125598e-01 4.4374162605e-01 3.2800234923e-01)	2	1.6962361624e+07	(1.0291314320e-01 4.7269903838e-02 6.1879950920e-03)	3
0.0005142992      	p                 	-1.9933522835e+00	(-2.1207398807e-02 9.0162452914e-02 -9.7979873685e-02)	2	9.9675983583e+00	(1.1549973211e-01 4.6107355928e-02 1.6950080735e-01)	1
0.0005392992      	mag(U)            	0.0000000000e+00	(-1.4000000060e-01 4.9258069922e-03 5.3000562546e-02)	0	9.8635228694e-01	(1.3350462904e-01 4.4838721827e-02 1.8248397230e-01)	1
0.0005392992      	k                 	5.3970415012e-07	(-1.1858665520e-01 5.5360531035e-02 9.6616182517e-03)	0	1.0310251434e-02	(1.2149999031e-01 4.2542478763e-02 1.4753856982e-01)	1
0.0005392992      	omega             	1.9982154152e+01	(-3.7825109201e-01 4.4374127905e-01 3.4400427963e-01)	2	1.6962361624e+07	(1.0291314320e-01 4.7269903838e-02 6.1879950920e-03)	3
0.0005392992      	p                 	-1.9927837387e+00	(-2.1207398807e-02 9.0162452914e-02 -9.7979873685e-02)	2	9.9719640971e+00	(1.1549973211e-01 4.6107355928e-02 1.6950080735e-01)	1
0.0005642992      	mag(U)            	0.0000000000e+00	(-1.4000000060e-01 4.9258069922e-03 5.3000562546e-02)	0	1.0218299380e+00	(1.3350462904e-01 4.4838721827e-02 1.8248397230e-01)	1
0.0005642992      	k                 	5.2740614429e-07	(-1.1858665520e-01 5.5360531035e-02 9.6616182517e-03)	0	1.0337068109e-02	(1.2149999031e-01 4.2542478763e-02 1.4753856982e-01)	1
0.0005642992      	omega             	1.9981327648e+01	(-3.7825109201e-01 4.4374127905e-01 3.4400427963e-01)	2	1.6962361624e+07	(1.0291314320e-01 4.7269903838e-02 6.1879950920e-03)	3
0.0005642992      	p                 	-1.9983453650e+00	(-2.1207398807e-02 9.0162452914e-02 -9.7979873685e-02)	2	9.9754291493e+00	(1.1549973211e-01 4.6107355928e-02 1.6950080735e-01)	1
0.0005892992      	mag(U)            	0.0000000000e+00	(-1.4000000060e-01 4.9258069922e-03 5.3000562546e-02)	0	1.0563081232e+00	(1.3350462904e-01 4.4838721827e-02 1.8248397230e-01)	1
0.0005892992      	k                 	5.1613780774e-07	(-1.1858665520e-01 5.5360531035e-02 9.6616182517e-03)	0	1.0364600530e-02	(1.2149999031e-01 4.2542478763e-02 1.4753856982e-01)	1
0.0005892992      	omega             	1.9980501212e+01	(-3.7825109201e-01 4.4374127905e-01 3.4400427963e-01)	2	1.6962361624e+07	(1.0291314320e-01 4.7269903838e-02 6.1879950920e-03)	3
0.0005892992      	p                 	-1.9949350477e+00	(-2.1207398807e-02 9.0162452914e-02 -9.7979873685e-02)	2	9.9785461597e+00	(1.1549973211e-01 4.6107355928e-02 1.6950080735e-01)	1
0.0006142992      	mag(U)            	0.0000000000e+00	(-1.4000000060e-01 4.9258069922e-03 5.3000562546e-02)	0	1.0897935502e+00	(1.3350462904e-01 4.4838721827e-02 1.8248397230e-01)	1
0.0006142992      	k                 	5.0575840714e-07	(-1.1858665520e-01 5.5360531035e-02 9.6616182517e-03)	0	1.0392858713e-02	(1.2149999031e-01 4.2542478763e-02 1.4753856982e-01)	1
0.0006142992      	omega             	1.9979674845e+01	(-3.7825109201e-01 4.4374127905e-01 3.4400427963e-01)	2	1.6962361624e+07	(1.0291314320e-01 4.7269903838e-02 6.1879950920e-03)	3
0.0006142992      	p                 	-2.0007223012e+00	(-2.1207398807e-02 9.0162452914e-02 -9.7979873685e-02)	2	9.9816578228e+00	(1.1549973211e-01 4.6107355928e-02 1.6950080735e-01)	1
0.0006392992      	mag(U)            	0.0000000000e+00	(-1.4000000060e-01 4.9258069922e-03 5.3000562546e-02)	0	1.1222924682e+00	(1.3350462904e-01 4.4838721827e-02 1.8248397230e-01)	1
0.0006392992      	k                 	4.9615527513e-07	(-1.1858665520e-01 5.5360531035e-02 9.6616182517e-03)	0	1.0421853702e-02	(1.2149999031e-01 4.2542478763e-02 1.4753856982e-01)	1
0.0006392992      	omega             	1.9978848547e+01	(-3.7825109201e-01 4.4374127905e-01 3.4400427963e-01)	2	1.6962361624e+07	(1.0291314320e-01 4.7269903838e-02 6.1879950920e-03)	3
0.0006392992      	p                 	-1.9987158186e+00	(-2.1207398807e-02 9.0162452914e-02 -9.7979873685e-02)	2	9.9847136677e+00	(1.1549973211e-01 4.6107355928e-02 1.6950080735e-01)	1
0.0006642992      	mag(U)            	0.0000000000e+00	(-1.4000000060e-01 4.9258069922e-03 5.3000562546e-02)	0	1.1538249883e+00	(1.3350462904e-01 4.4838721827e-02 1.8248397230e-01)	1
0.0006642992      	k                 	4.8724550591e-07	(-1.1858665520e-01 5.5360531035e-02 9.6616182517e-03)	0	1.0451597233e-02	(1.2149999031e-01 4.2542478763e-02 1.4753856982e-01)	1
0.0006642992      	omega             	1.9978022316e+01	(-3.7825109201e-01 4.4374127905e-01 3.4400427963e-01)	2	1.6962361624e+07	(1.0291314320e-01 4.7269903838e-02 6.1879950920e-03)	3
0.0006642992      	p                 	-2.0006490726e+00	(-2.1207398807e-02 9.0162452914e-02 -9.7979873685e-02)	2	9.9879014114e+00	(1.1549973211e-01 4.6107355928e-02 1.6950080735e-01)	1
0.0006892992      	mag(U)            	0.0000000000e+00	(-1.4000000060e-01 4.9258069922e-03 5.3000562546e-02)	0	1.1844129251e+00	(1.3350462904e-01 4.4838721827e-02 1.8248397230e-01)	1
0.0006892992      	k                 	4.7896084228e-07	(-1.1858665520e-01 5.5360531035e-02 9.6616182517e-03)	0	1.0482101487e-02	(1.2149999031e-01 4.2542478763e-02 1.4753856982e-01)	1
0.0006892992      	omega             	1.9977196154e+01	(-3.7825109201e-01 4.4374127905e-01 3.4400427963e-01)	2	1.6962361624e+07	(1.0291314320e-01 4.7269903838e-02 6.1879950920e-03)	3
0.0006892992      	p                 	-1.9976214799e+00	(-2.1207398807e-02 9.0162452914e-02 -9.7979873685e-02)	2	9.9903992537e+00	(1.1549973211e-01 4.6107355928e-02 1.6950080735e-01)	1
0.0007142992      	mag(U)            	0.0000000000e+00	(-1.4000000060e-01 4.9258069922e-03 5.3000562546e-02)	0	1.2140745888e+00	(1.3350462904e-01 4.4838721827e-02 1.8248397230e-01)	1
0.0007142992      	k                 	4.7124049319e-07	(-1.1858665520e-01 5.5360531035e-02 9.6616182517e-03)	0	1.0513426022e-02	(1.0649999393e-01 4.2517385589e-02 1.4546320639e-01)	1
0.0007142992      	omega             	1.9976370060e+01	(-3.7825109201e-01 4.4374127905e-01 3.4400427963e-01)	2	1.6962361624e+07	(1.0291314320e-01 4.7269903838e-02 6.1879950920e-03)	3
0.0007142992      	p                 	-2.0021069361e+00	(-2.1207398807e-02 9.0162452914e-02 -9.7979873685e-02)	2	9.9932672117e+00	(1.1549973211e-01 4.6107355928e-02 1.6950080735e-01)	1
0.0007392992      	mag(U)            	0.0000000000e+00	(-1.4000000060e-01 4.9258069922e-03 5.3000562546e-02)	0	1.2428346884e+00	(1.3350462904e-01 4.4838721827e-02 1.8248397230e-01)	1
0.0007392992      	k                 	4.6403666908e-07	(-1.1858665520e-01 5.5360531035e-02 9.6616182517e-03)	0	1.0546511415e-02	(1.0649999393e-01 4.2517385589e-02 1.4546320639e-01)	1
0.0007392992      	omega             	1.9975544035e+01	(-3.7825109201e-01 4.4374127905e-01 3.4400427963e-01)	2	1.6962361624e+07	(1.0291314320e-01 4.7269903838e-02 6.1879950920e-03)	3
0.0007392992      	p                 	-2.0035152829e+00	(-2.1207398807e-02 9.0162452914e-02 -9.7979873685e-02)	2	9.9954816406e+00	(1.1549973211e-01 4.6107355928e-02 1.6950080735e-01)	1
0.0007642992      	mag(U)            	0.0000000000e+00	(-1.4000000060e-01 4.9258069922e-03 5.3000562546e-02)	0	1.2707265945e+00	(1.3350462904e-01 4.4838721827e-02 1.8248397230e-01)	1
0.0007642992      	k                 	4.5730252261e-07	(-1.1858665520e-01 5.5360531035e-02 9.6616182517e-03)	0	1.0580326715e-02	(1.0649999393e-01 4.2517385589e-02 1.4546320639e-01)	1
0.0007642992      	omega             	1.9974718078e+01	(-3.7825082436e-01 4.4374061634e-01 3.6000896966e-01)	2	1.6962361624e+07	(1.0291314320e-01 4.7269903838e-02 6.1879950920e-03)	3
0.0007642992      	p                 	-2.0033424488e+00	(-2.1207398807e-02 9.0162452914e-02 -9.7979873685e-02)	2	9.9982137997e+00	(1.1549973211e-01 4.6107355928e-02 1.6950080735e-01)	1
0.0007892992      	mag(U)            	0.0000000000e+00	(-1.4000000060e-01 4.9258069922e-03 5.3000562546e-02)	0	1.2977793352e+00	(1.3350462904e-01 4.4838721827e-02 1.8248397230e-01)	1
0.0007892992      	k                 	4.5100753625e-07	(-1.1858665520e-01 5.5360531035e-02 9.6616182517e-03)	0	1.0614786509e-02	(1.0649999393e-01 4.2517385589e-02 1.4546320639e-01)	1
0.0007892992      	omega             	1.9973892189e+01	(-3.7825082436e-01 4.4374061634e-01 3.6000896966e-01)	2	1.6962361624e+07	(1.0291314320e-01 4.7269903838e-02 6.1879950920e-03)	3
0.0007892992      	p                 	-2.0081265396e+00	(-2.1207398807e-02 9.0162452914e-02 -9.7979873685e-02)	2	9.9994940728e+00	(1.1549973211e-01 4.6107355928e-02 1.6950080735e-01)	1
0.0008142992      	mag(U)            	0.0000000000e+00	(-1.4000000060e-01 4.9258069922e-03 5.3000562546e-02)	0	1.3240209949e+00	(1.3350462904e-01 4.4838721827e-02 1.8248397230e-01)	1
0.0008142992      	k                 	4.4511849055e-07	(-1.1858665520e-01 5.5360531035e-02 9.6616182517e-03)	0	1.0649833551e-02	(1.0649999393e-01 4.2517385589e-02 1.4546320639e-01)	1
0.0008142992      	omega             	1.9973066369e+01	(-3.7825082436e-01 4.4374061634e-01 3.6000896966e-01)	2	1.6962361625e+07	(1.0291314320e-01 4.7269903838e-02 6.1879950920e-03)	3
0.0008142992      	p                 	-2.0057320604e+00	(-2.1207398807e-02 9.0162452914e-02 -9.7979873685e-02)	2	1.0001467166e+01	(1.1549973211e-01 4.6107355928e-02 1.6950080735e-01)	1
0.0008392992      	mag(U)            	0.0000000000e+00	(-1.4000000060e-01 4.9258069922e-03 5.3000562546e-02)	0	1.3494853475e+00	(1.3350462904e-01 4.4838721827e-02 1.8248397230e-01)	1
0.0008392992      	k                 	4.3961385988e-07	(-1.1858665520e-01 5.5360531035e-02 9.6616182517e-03)	0	1.0685421111e-02	(1.0649999393e-01 4.2517385589e-02 1.4546320639e-01)	1
0.0008392992      	omega             	1.9972240616e+01	(-3.7825082436e-01 4.4374061634e-01 3.6000896966e-01)	2	1.6962361625e+07	(1.0291314320e-01 4.7269903838e-02 6.1879950920e-03)	3
0.0008392992      	p                 	-2.0114431143e+00	(-2.1207398807e-02 9.0162452914e-02 -9.7979873685e-02)	2	1.0002229189e+01	(1.1549973211e-01 4.6107355928e-02 1.6950080735e-01)	1
0.0008642992      	mag(U)            	0.0000000000e+00	(-1.4000000060e-01 4.9258069922e-03 5.3000562546e-02)	0	1.3742013808e+00	(1.3350462904e-01 4.4838721827e-02 1.8248397230e-01)	1
0.0008642992      	k                 	4.3446343297e-07	(-1.1858665520e-01 5.5360531035e-02 9.6616182517e-03)	0	1.0721515228e-02	(1.0649999393e-01 4.2517385589e-02 1.4546320639e-01)	1
0.0008642992      	omega             	1.9971414932e+01	(-3.7825082436e-01 4.4374061634e-01 3.6000896966e-01)	2	1.6962361625e+07	(1.0291314320e-01 4.7269903838e-02 6.1879950920e-03)	3
0.0008642992      	p                 	-2.0090039062e+00	(-2.1207398807e-02 9.0162452914e-02 -9.7979873685e-02)	2	1.0004056585e+01	(1.1549973211e-01 4.6107355928e-02 1.6950080735e-01)	1
0.0008892992      	mag(U)            	0.0000000000e+00	(-1.4000000060e-01 4.9258069922e-03 5.3000562546e-02)	0	1.3981940697e+00	(1.3350462904e-01 4.4838721827e-02 1.8248397230e-01)	1
0.0008892992      	k                 	4.2965633303e-07	(-1.1858665520e-01 5.5360531035e-02 9.6616182517e-03)	0	1.0758084950e-02	(1.0649999393e-01 4.2517385589e-02 1.4546320639e-01)	1
0.0008892992      	omega             	1.9970589317e+01	(-3.7825082436e-01 4.4374061634e-01 3.6000896966e-01)	2	1.6962361625e+07	(1.0291314320e-01 4.7269903838e-02 6.1879950920e-03)	3
0.0008892992      	p                 	-2.0125661818e+00	(-2.1207398807e-02 9.0162452914e-02 -9.7979873685e-02)	2	1.0006491327e+01	(1.1549973211e-01 4.6107355928e-02 1.6950080735e-01)	1
0.0009142992      	mag(U)            	0.0000000000e+00	(-1.4000000060e-01 4.9258069922e-03 5.3000562546e-02)	0	1.4214917184e+00	(1.3350462904e-01 4.4838721827e-02 1.8248397230e-01)	1
0.0009142992      	k                 	4.2516535236e-07	(-1.1858665520e-01 5.5360531035e-02 9.6616182517e-03)	0	1.0795099930e-02	(1.0649999393e-01 4.2517385589e-02 1.4546320639e-01)	1
0.0009142992      	omega             	1.9969763769e+01	(-3.7825082436e-01 4.4374061634e-01 3.6000896966e-01)	2	1.6962361625e+07	(1.0291314320e-01 4.7269903838e-02 6.1879950920e-03)	3
0.0009142992      	p                 	-2.0122186819e+00	(-2.1207398807e-02 9.0162452914e-02 -9.7979873685e-02)	2	1.0008649413e+01	(1.1549973211e-01 4.6107355928e-02 1.6950080735e-01)	1
0.0009392992      	mag(U)            	0.0000000000e+00	(-1.4000000060e-01 4.9258069922e-03 5.3000562546e-02)	0	1.4440823247e+00	(1.3350462904e-01 4.4838721827e-02 1.8248397230e-01)	1
0.0009392992      	k                 	4.2098394695e-07	(-1.1858665520e-01 5.5360531035e-02 9.6616182517e-03)	0	1.0832530794e-02	(1.0649999393e-01 4.2517385589e-02 1.4546320639e-01)	1
0.0009392992      	omega             	1.9968938290e+01	(-3.7825082436e-01 4.4374061634e-01 3.6000896966e-01)	2	1.6962361625e+07	(1.0291314320e-01 4.7269903838e-02 6.1879950920e-03)	3
0.0009392992      	p                 	-2.0146536955e+00	(-2.1207398807e-02 9.0162452914e-02 -9.7979873685e-02)	2	1.0011726881e+01	(1.1549973211e-01 4.6107355928e-02 1.6950080735e-01)	1
0.0009642992      	mag(U)            	0.0000000000e+00	(-1.4000000060e-01 4.9258069922e-03 5.3000562546e-02)	0	1.4657889962e+00	(1.3350462904e-01 4.4838721827e-02 1.8248397230e-01)	1
0.0009642992      	k                 	4.1708607706e-07	(-1.1858665520e-01 5.5360531035e-02 9.6616182517e-03)	0	1.0872263657e-02	(1.0050000149e-01 4.2545189902e-02 1.9448290442e-01)	1
0.0009642992      	omega             	1.9968112879e+01	(-3.7825082436e-01 4.4374061634e-01 3.6000896966e-01)	2	1.6962361625e+07	(1.0291314320e-01 4.7269903838e-02 6.1879950920e-03)	3
0.0009642992      	p                 	-2.0148125170e+00	(-2.1207398807e-02 9.0162452914e-02 -9.7979873685e-02)	2	1.0013234549e+01	(1.1549973211e-01 4.6107355928e-02 1.6950080735e-01)	1
0.0009892992      	mag(U)            	0.0000000000e+00	(-1.4000000060e-01 4.9258069922e-03 5.3000562546e-02)	0	1.4865630149e+00	(1.3350462904e-01 4.4838721827e-02 1.8248397230e-01)	1
0.0009892992      	k                 	4.1346911179e-07	(-1.1858665520e-01 5.5360531035e-02 9.6616182517e-03)	0	1.0912671502e-02	(1.2149999031e-01 4.2542478763e-02 1.4753856982e-01)	1
0.0009892992      	omega             	1.9967287536e+01	(-3.7825082436e-01 4.4374061634e-01 3.6000896966e-01)	2	1.6962361626e+07	(1.0291314320e-01 4.7269903838e-02 6.1879950920e-03)	3
0.0009892992      	p                 	-2.0166052477e+00	(-2.1207398807e-02 9.0162452914e-02 -9.7979873685e-02)	2	1.0015582992e+01	(1.1549973211e-01 4.6107355928e-02 1.6950080735e-01)	1
0.0010142992      	mag(U)            	0.0000000000e+00	(-1.4000000060e-01 4.9258069922e-03 5.3000562546e-02)	0	1.5064004652e+00	(1.3350462904e-01 4.4838721827e-02 1.8248397230e-01)	1
0.0010142992      	k                 	4.1010678162e-07	(-1.1858665520e-01 5.5360531035e-02 9.6616182517e-03)	0	1.0954346530e-02	(1.2149999031e-01 4.2542478763e-02 1.4753856982e-01)	1
0.0010142992      	omega             	1.9966462262e+01	(-3.7825082436e-01 4.4374061634e-01 3.6000896966e-01)	2	1.6962361626e+07	(1.0291314320e-01 4.7269903838e-02 6.1879950920e-03)	3
0.0010142992      	p                 	-2.0182498589e+00	(-2.1207398807e-02 9.0162452914e-02 -9.7979873685e-02)	2	1.0016748355e+01	(1.1549973211e-01 4.6107355928e-02 1.6950080735e-01)	1
0.0010392992      	mag(U)            	0.0000000000e+00	(-1.4000000060e-01 4.9258069922e-03 5.3000562546e-02)	0	1.5253216880e+00	(1.3350462904e-01 4.4838721827e-02 1.8248397230e-01)	1
0.0010392992      	k                 	4.0699960819e-07	(-1.1858665520e-01 5.5360531035e-02 9.6616182517e-03)	0	1.0996724776e-02	(1.2149999031e-01 4.2542478763e-02 1.4753856982e-01)	1
0.0010392992      	omega             	1.9965637056e+01	(-3.7825082436e-01 4.4374061634e-01 3.6000896966e-01)	2	1.6962361626e+07	(1.0291314320e-01 4.7269903838e-02 6.1879950920e-03)	3
0.0010392992      	p                 	-2.0186726312e+00	(-2.1207398807e-02 9.0162452914e-02 -9.7979873685e-02)	2	1.0018571026e+01	(1.1549973211e-01 4.6107355928e-02 1.6950080735e-01)	1
0.0010642992      	mag(U)            	0.0000000000e+00	(-1.4000000060e-01 4.9258069922e-03 5.3000562546e-02)	0	1.5433512167e+00	(1.3350462904e-01 4.4838721827e-02 1.8248397230e-01)	1
0.0010642992      	k                 	4.0412352160e-07	(-1.1858665520e-01 5.5360531035e-02 9.6616182517e-03)	0	1.1039726702e-02	(1.2149999031e-01 4.2542478763e-02 1.4753856982e-01)	1
0.0010642992      	omega             	1.9964811918e+01	(-3.7825082436e-01 4.4374061634e-01 3.6000896966e-01)	2	1.6962361626e+07	(1.0291314320e-01 4.7269903838e-02 6.1879950920e-03)	3
0.0010642992      	p                 	-2.0213381502e+00	(-2.1207398807e-02 9.0162452914e-02 -9.7979873685e-02)	2	1.0019561489e+01	(1.1549973211e-01 4.6107355928e-02 1.6950080735e-01)	1
0.0010892992      	mag(U)            	0.0000000000e+00	(-1.4000000060e-01 4.9258069922e-03 5.3000562546e-02)	0	1.5605203080e+00	(1.3350462904e-01 4.4838721827e-02 1.8248397230e-01)	1
0.0010892992      	k                 	4.0148181424e-07	(-1.1858665520e-01 5.5360531035e-02 9.6616182517e-03)	0	1.1083309956e-02	(1.2149999031e-01 4.2542478763e-02 1.4753856982e-01)	1
0.0010892992      	omega             	1.9963986848e+01	(-3.7825011554e-01 4.4373928079e-01 3.7602167041e-01)	2	1.6962361626e+07	(1.0291314320e-01 4.7269903838e-02 6.1879950920e-03)	3
0.0010892992      	p                 	-2.0205289804e+00	(-2.1207398807e-02 9.0162452914e-02 -9.7979873685e-02)	2	1.0021186596e+01	(1.1549973211e-01 4.6107355928e-02 1.6950080735e-01)	1
0.0011142992      	mag(U)            	0.0000000000e+00	(-1.4000000060e-01 4.9258069922e-03 5.3000562546e-02)	0	1.5768595307e+00	(1.3350462904e-01 4.4838721827e-02 1.8248397230e-01)	1
0.0011142992      	k                 	3.9904868396e-07	(-1.1858665520e-01 5.5360531035e-02 9.6616182517e-03)	0	1.1127443834e-02	(1.2149999031e-01 4.2542478763e-02 1.4753856982e-01)	1
0.0011142992      	omega             	1.9963161846e+01	(-3.7825011554e-01 4.4373928079e-01 3.7602167041e-01)	2	1.6962361626e+07	(1.0291314320e-01 4.7269903838e-02 6.1879950920e-03)	3
0.0011142992      	p                 	-2.0240159412e+00	(-2.1207398807e-02 9.0162452914e-02 -9.7979873685e-02)	2	1.0021020946e+01	(1.1549973211e-01 4.6107355928e-02 1.6950080735e-01)	1
0.0011392992      	mag(U)            	0.0000000000e+00	(-1.4000000060e-01 4.9258069922e-03 5.3000562546e-02)	0	1.5923995612e+00	(1.3350462904e-01 4.4838721827e-02 1.8248397230e-01)	1
0.0011392992      	k                 	3.9682612613e-07	(-1.1858665520e-01 5.5360531035e-02 9.6616182517e-03)	0	1.1172102037e-02	(1.2149999031e-01 4.2542478763e-02 1.4753856982e-01)	1
0.0011392992      	omega             	1.9962336913e+01	(-3.7825011554e-01 4.4373928079e-01 3.7602167041e-01)	2	1.6962361627e+07	(1.0291314320e-01 4.7269903838e-02 6.1879950920e-03)	3
0.0011392992      	p                 	-2.0223639708e+00	(-2.1207398807e-02 9.0162452914e-02 -9.7979873685e-02)	2	1.0024697684e+01	(1.1549973211e-01 4.6107355928e-02 1.6950080735e-01)	1
0.0011642992      	mag(U)            	0.0000000000e+00	(-1.4000000060e-01 4.9258069922e-03 5.3000562546e-02)	0	1.6071698322e+00	(1.3350462904e-01 4.4838721827e-02 1.8248397230e-01)	1
0.0011642992      	k                 	3.9479197408e-07	(-1.1858665520e-01 5.5360531035e-02 9.6616182517e-03)	0	1.1217260592e-02	(1.2149999031e-01 4.2542478763e-02 1.4753856982e-01)	1
0.0011642992      	omega             	1.9961512048e+01	(-3.7825011554e-01 4.4373928079e-01 3.7602167041e-01)	2	1.6962361627e+07	(1.0291314320e-01 4.7269903838e-02 6.1879950920e-03)	3
0.0011642992      	p                 	-2.0259481281e+00	(-2.1207398807e-02 9.0162452914e-02 -9.7979873685e-02)	2	1.0024190619e+01	(1.1549973211e-01 4.6107355928e-02 1.6950080735e-01)	1
0.0011892992      	mag(U)            	0.0000000000e+00	(-1.4000000060e-01 4.9258069922e-03 5.3000562546e-02)	0	1.6218746500e+00	(9.8500036936e-02 4.3726870328e-02 1.5067929966e-01)	1
0.0011892992      	k                 	3.9294789575e-07	(-1.1858665520e-01 5.5360531035e-02 9.6616182517e-03)	0	1.1262897084e-02	(1.2149999031e-01 4.2542478763e-02 1.4753856982e-01)	1
0.0011892992      	omega             	1.9960687251e+01	(-3.7825011554e-01 4.4373928079e-01 3.7602167041e-01)	2	1.6962361627e+07	(1.0291314320e-01 4.7269903838e-02 6.1879950920e-03)	3
0.0011892992      	p                 	-2.0240612803e+00	(-2.1207398807e-02 9.0162452914e-02 -9.7979873685e-02)	2	1.0026144935e+01	(1.1549973211e-01 4.6107355928e-02 1.6950080735e-01)	1
0.0012142992      	mag(U)            	0.0000000000e+00	(-1.4000000060e-01 4.9258069922e-03 5.3000562546e-02)	0	1.6485151347e+00	(9.8500036936e-02 4.3726870328e-02 1.5067929966e-01)	1
0.0012142992      	k                 	3.9127719958e-07	(-1.1858665520e-01 5.5360531035e-02 9.6616182517e-03)	0	1.1308990296e-02	(1.2149999031e-01 4.2542478763e-02 1.4753856982e-01)	1
0.0012142992      	omega             	1.9959862522e+01	(-3.7825011554e-01 4.4373928079e-01 3.7602167041e-01)	2	1.6962361627e+07	(1.0291314320e-01 4.7269903838e-02 6.1879950920e-03)	3
0.0012142992      	p                 	-2.0276953556e+00	(-2.1207398807e-02 9.0162452914e-02 -9.7979873685e-02)	2	1.0026684488e+01	(1.1549973211e-01 4.6107355928e-02 1.6950080735e-01)	1
0.0012392992      	mag(U)            	0.0000000000e+00	(-1.4000000060e-01 4.9258069922e-03 5.3000562546e-02)	0	1.6747840503e+00	(9.8500036936e-02 4.3726870328e-02 1.5067929966e-01)	1
0.0012392992      	k                 	3.8978034460e-07	(-1.1858665520e-01 5.5360531035e-02 9.6616182517e-03)	0	1.1355520050e-02	(1.2149999031e-01 4.2542478763e-02 1.4753856982e-01)	1
0.0012392992      	omega             	1.9959037861e+01	(-3.7825011554e-01 4.4373928079e-01 3.7602167041e-01)	2	1.6962361627e+07	(1.0291314320e-01 4.7269903838e-02 6.1879950920e-03)	3
0.0012392992      	p                 	-2.0265454740e+00	(-2.1207398807e-02 9.0162452914e-02 -9.7979873685e-02)	2	1.0029663221e+01	(1.1549973211e-01 4.6107355928e-02 1.6950080735e-01)	1
0.0012642992      	mag(U)            	0.0000000000e+00	(-1.4000000060e-01 4.9258069922e-03 5.3000562546e-02)	0	1.7006852539e+00	(9.8500036936e-02 4.3726870328e-02 1.5067929966e-01)	1
0.0012642992      	k                 	3.8844506871e-07	(-1.1858665520e-01 5.5360531035e-02 9.6616182517e-03)	0	1.1402244852e-02	(1.2149999031e-01 4.2542478763e-02 1.4753856982e-01)	1
0.0012642992      	omega             	1.9958213268e+01	(-3.7825011554e-01 4.4373928079e-01 3.7602167041e-01)	2	1.6962361628e+07	(1.0291314320e-01 4.7269903838e-02 6.1879950920e-03)	3
0.0012642992      	p                 	-2.0293626223e+00	(-2.1207398807e-02 9.0162452914e-02 -9.7979873685e-02)	2	1.0030789112e+01	(1.1549973211e-01 4.6107355928e-02 1.6950080735e-01)	1
0.0012892992      	mag(U)            	0.0000000000e+00	(-1.4000000060e-01 4.9258069922e-03 5.3000562546e-02)	0	1.7262210160e+00	(9.8500036936e-02 4.3726870328e-02 1.5067929966e-01)	1
0.0012892992      	k                 	3.8726817178e-07	(-1.1858665520e-01 5.5360531035e-02 9.6616182517e-03)	0	1.1448567687e-02	(1.2149999031e-01 4.2542478763e-02 1.4753856982e-01)	1
0.0012892992      	omega             	1.9957388744e+01	(-3.7825011554e-01 4.4373928079e-01 3.7602167041e-01)	2	1.6962361628e+07	(1.0291314320e-01 4.7269903838e-02 6.1879950920e-03)	3
0.0012892992      	p                 	-2.0291870045e+00	(-2.1207398807e-02 9.0162452914e-02 -9.7979873685e-02)	2	1.0032884109e+01	(1.1549973211e-01 4.6107355928e-02 1.6950080735e-01)	1
0.0013142992      	mag(U)            	0.0000000000e+00	(-1.4000000060e-01 4.9258069922e-03 5.3000562546e-02)	0	1.7514001567e+00	(9.8500036936e-02 4.3726870328e-02 1.5067929966e-01)	1
0.0013142992      	k                 	3.8624180539e-07	(-1.1858665520e-01 5.5360531035e-02 9.6616182517e-03)	0	1.1494569182e-02	(1.2149999031e-01 4.2542478763e-02 1.4753856982e-01)	1
0.0013142992      	omega             	1.9956564287e+01	(-3.7825011554e-01 4.4373928079e-01 3.7602167041e-01)	2	1.6962361628e+07	(1.0291314320e-01 4.7269903838e-02 6.1879950920e-03)	3
0.0013142992      	p                 	-2.0305949015e+00	(-2.1207398807e-02 9.0162452914e-02 -9.7979873685e-02)	2	1.0034205588e+01	(1.1549973211e-01 4.6107355928e-02 1.6950080735e-01)	1
0.0013392992      	mag(U)            	0.0000000000e+00	(-1.4000000060e-01 4.9258069922e-03 5.3000562546e-02)	0	1.7762160951e+00	(9.8500036936e-02 4.3726870328e-02 1.5067929966e-01)	1
0.0013392992      	k                 	3.8536145325e-07	(-1.1858665520e-01 5.5360531035e-02 9.6616182517e-03)	0	1.1540271400e-02	(1.2149999031e-01 4.2542478763e-02 1.4753856982e-01)	1
0.0013392992      	omega             	1.9955739899e+01	(-3.7825011554e-01 4.4373928079e-01 3.7602167041e-01)	2	1.6962361628e+07	(1.0291314320e-01 4.7269903838e-02 6.1879950920e-03)	3
0.0013392992      	p                 	-2.0316518635e+00	(-2.1207398807e-02 9.0162452914e-02 -9.7979873685e-02)	2	1.0035103628e+01	(1.1549973211e-01 4.6107355928e-02 1.6950080735e-01)	1
0.0013642992      	mag(U)            	0.0000000000e+00	(-1.4000000060e-01 4.9258069922e-03 5.3000562546e-02)	0	1.8006593248e+00	(9.8500036936e-02 4.3726870328e-02 1.5067929966e-01)	1
0.0013642992      	k                 	3.8463692557e-07	(-1.1858665520e-01 5.5360531035e-02 9.6616182517e-03)	0	1.1585678940e-02	(1.2149999031e-01 4.2542478763e-02 1.4753856982e-01)	1
0.0013642992      	omega             	1.9954915579e+01	(-3.7825011554e-01 4.4373928079e-01 3.7602167041e-01)	2	1.6962361628e+07	(1.0291314320e-01 4.7269903838e-02 6.1879950920e-03)	3
0.0013642992      	p                 	-2.0319998826e+00	(-2.1207398807e-02 9.0162452914e-02 -9.7979873685e-02)	2	1.0037428046e+01	(1.1549973211e-01 4.6107355928e-02 1.6950080735e-01)	1
0.0013892992      	mag(U)            	0.0000000000e+00	(-1.4000000060e-01 4.9258069922e-03 5.3000562546e-02)	0	1.8247263560e+00	(9.8500036936e-02 4.3726870328e-02 1.5067929966e-01)	1
0.0013892992      	k                 	3.8406336768e-07	(-1.1858665520e-01 5.5360531035e-02 9.6616182517e-03)	0	1.1630791575e-02	(1.2149999031e-01 4.2542478763e-02 1.4753856982e-01)	1
0.0013892992      	omega             	1.9954091327e+01	(-3.7825011554e-01 4.4373928079e-01 3.7602167041e-01)	2	1.6962361629e+07	(1.0291314320e-01 4.7269903838e-02 6.1879950920e-03)	3
0.0013892992      	p                 	-2.0337910504e+00	(-2.1207398807e-02 9.0162452914e-02 -9.7979873685e-02)	2	1.0039462807e+01	(1.1549973211e-01 4.6107355928e-02 1.6950080735e-01)	1
0.0014142992      	mag(U)            	0.0000000000e+00	(-1.4000000060e-01 4.9258069922e-03 5.3000562546e-02)	0	1.8480842009e+00	(9.8500036936e-02 4.3726870328e-02 1.5067929966e-01)	1
0.0014142992      	k                 	3.8362932098e-07	(-1.1858665520e-01 5.5360531035e-02 9.6616182517e-03)	0	1.1675608600e-02	(1.2149999031e-01 4.2542478763e-02 1.4753856982e-01)	1
0.0014142992      	omega             	1.9953267143e+01	(-3.7825011554e-01 4.4373928079e-01 3.7602167041e-01)	2	1.6962361629e+07	(1.0291314320e-01 4.7269903838e-02 6.1879950920e-03)	3
0.0014142992      	p                 	-2.0337712577e+00	(-1.1549769904e-01 4.2224948850e-02 1.7150029859e-01)	1	1.0040746330e+01	(1.1549973211e-01 4.6107355928e-02 1.6950080735e-01)	1
0.0014392992      	mag(U)            	0.0000000000e+00	(-1.4000000060e-01 4.9258069922e-03 5.3000562546e-02)	0	1.8706341250e+00	(9.8500036936e-02 4.3726870328e-02 1.5067929966e-01)	1
0.0014392992      	k                 	3.8332099577e-07	(-1.1858665520e-01 5.5360531035e-02 9.6616182517e-03)	0	1.1720129047e-02	(1.2149999031e-01 4.2542478763e-02 1.4753856982e-01)	1
0.0014392992      	omega             	1.9952443027e+01	(-3.7825011554e-01 4.4373928079e-01 3.7602167041e-01)	2	1.6962361629e+07	(1.0291314320e-01 4.7269903838e-02 6.1879950920e-03)	3
0.0014392992      	p                 	-2.0399596630e+00	(-1.1549769904e-01 4.2224948850e-02 1.7150029859e-01)	1	1.0043207295e+01	(1.1549973211e-01 4.6107355928e-02 1.6950080735e-01)	1
0.0014642992      	mag(U)            	0.0000000000e+00	(-1.4000000060e-01 4.9258069922e-03 5.3000562546e-02)	0	1.8923643471e+00	(9.8500036936e-02 4.3726870328e-02 1.5067929966e-01)	1
0.0014642992      	k                 	3.8313434513e-07	(-1.1858665520e-01 5.5360531035e-02 9.6616182517e-03)	0	1.1764360264e-02	(1.2149999031e-01 4.2542478763e-02 1.4753856982e-01)	1
0.0014642992      	omega             	1.9951618979e+01	(-3.7825011554e-01 4.4373928079e-01 3.7602167041e-01)	2	1.6962361629e+07	(1.0291314320e-01 4.7269903838e-02 6.1879950920e-03)	3
0.0014642992      	p                 	-2.0566370966e+00	(-1.1149999825e-01 4.3589475065e-02 1.9548925619e-01)	1	1.0044746131e+01	(1.1549973211e-01 4.6107355928e-02 1.6950080735e-01)	1
0.0014892992      	mag(U)            	0.0000000000e+00	(-1.4000000060e-01 4.9258069922e-03 5.3000562546e-02)	0	1.9132971737e+00	(9.8500036936e-02 4.3726870328e-02 1.5067929966e-01)	1
0.0014892992      	k                 	3.8306148902e-07	(-1.1858665520e-01 5.5360531035e-02 9.6616182517e-03)	0	1.1808311925e-02	(1.2149999031e-01 4.2542478763e-02 1.4753856982e-01)	1
0.0014892992      	omega             	1.9950795000e+01	(-3.7825011554e-01 4.4373928079e-01 3.7602167041e-01)	2	1.6962361629e+07	(1.0291314320e-01 4.7269903838e-02 6.1879950920e-03)	3
0.0014892992      	p                 	-2.1015723449e+00	(-1.1149999825e-01 4.3589475065e-02 1.9548925619e-01)	1	1.0047166940e+01	(1.1549973211e-01 4.6107355928e-02 1.6950080735e-01)	1
0.0015142992      	mag(U)            	0.0000000000e+00	(-1.4000000060e-01 4.9258069922e-03 5.3000562546e-02)	0	1.9335017862e+00	(9.8500036936e-02 4.3726870328e-02 1.5067929966e-01)	1
0.0015142992      	k                 	3.8310025627e-07	(-1.1858665520e-01 5.5360531035e-02 9.6616182517e-03)	0	1.1851997616e-02	(1.2149999031e-01 4.2542478763e-02 1.4753856982e-01)	1
0.0015142992      	omega             	1.9949971088e+01	(-3.7825011554e-01 4.4373928079e-01 3.7602167041e-01)	2	1.6962361630e+07	(1.0291314320e-01 4.7269903838e-02 6.1879950920e-03)	3
0.0015142992      	p                 	-2.1456379205e+00	(-1.1149999825e-01 4.3589475065e-02 1.9548925619e-01)	1	1.0048463133e+01	(1.1549973211e-01 4.6107355928e-02 1.6950080735e-01)	1
0.0015392992      	mag(U)            	0.0000000000e+00	(-1.4000000060e-01 4.9258069922e-03 5.3000562546e-02)	0	1.9529981810e+00	(9.8500036936e-02 4.3726870328e-02 1.5067929966e-01)	1
0.0015392992      	k                 	3.8324285418e-07	(-1.1858665520e-01 5.5360531035e-02 9.6616182517e-03)	0	1.1895429923e-02	(1.2149999031e-01 4.2542478763e-02 1.4753856982e-01)	1
0.0015392992      	omega             	1.9949147244e+01	(-3.7825011554e-01 4.4373928079e-01 3.7602167041e-01)	2	1.6962361630e+07	(1.0291314320e-01 4.7269903838e-02 6.1879950920e-03)	3
0.0015392992      	p                 	-2.1896770089e+00	(-1.1149999825e-01 4.3589475065e-02 1.9548925619e-01)	1	1.0050423618e+01	(1.1549973211e-01 4.6107355928e-02 1.6950080735e-01)	1
0.0015642992      	mag(U)            	0.0000000000e+00	(-1.4000000060e-01 4.9258069922e-03 5.3000562546e-02)	0	1.9717851267e+00	(9.8500036936e-02 4.3726870328e-02 1.5067929966e-01)	1
0.0015642992      	k                 	3.8348899397e-07	(-1.1858665520e-01 5.5360531035e-02 9.6616182517e-03)	0	1.1938621418e-02	(1.2149999031e-01 4.2542478763e-02 1.4753856982e-01)	1
0.0015642992      	omega             	1.9948323469e+01	(-3.7825011554e-01 4.4373928079e-01 3.7602167041e-01)	2	1.6962361630e+07	(1.0291314320e-01 4.7269903838e-02 6.1879950920e-03)	3
0.0015642992      	p                 	-2.2339650103e+00	(-1.1149999825e-01 4.3589475065e-02 1.9548925619e-01)	1	1.0051782986e+01	(1.1549973211e-01 4.6107355928e-02 1.6950080735e-01)	1
0.0015892992      	mag(U)            	0.0000000000e+00	(-1.4000000060e-01 4.9258069922e-03 5.3000562546e-02)	0	1.9898294234e+00	(9.8500036936e-02 4.3726870328e-02 1.5067929966e-01)	1
0.0015892992      	k                 	3.8383042320e-07	(-1.1858665520e-01 5.5360531035e-02 9.6616182517e-03)	0	1.1982088033e-02	(1.0050000215e-01 4.2542472299e-02 1.4753857884e-01)	1
0.0015892992      	omega             	1.9947499761e+01	(-3.7825011554e-01 4.4373928079e-01 3.7602167041e-01)	2	1.6962361630e+07	(1.0291314320e-01 4.7269903838e-02 6.1879950920e-03)	3
0.0015892992      	p                 	-2.2782714066e+00	(-1.1149999825e-01 4.3589475065e-02 1.9548925619e-01)	1	1.0054202854e+01	(1.1549973211e-01 4.6107355928e-02 1.6950080735e-01)	1
0.0016142992      	mag(U)            	0.0000000000e+00	(-1.4000000060e-01 4.9258069922e-03 5.3000562546e-02)	0	2.0075968319e+00	(9.3500840197e-02 4.4812202032e-02 1.8744802799e-01)	1
0.0016142992      	k                 	3.8426630772e-07	(-1.1858665520e-01 5.5360531035e-02 9.6616182517e-03)	0	1.2026018618e-02	(1.0050000215e-01 4.2542472299e-02 1.4753857884e-01)	1
0.0016142992      	omega             	1.9946676122e+01	(-3.7824763686e-01 4.4373656505e-01 3.9205729824e-01)	2	1.6962361631e+07	(1.0291314320e-01 4.7269903838e-02 6.1879950920e-03)	3
0.0016142992      	p                 	-2.3220240723e+00	(-1.1149999825e-01 4.3589475065e-02 1.9548925619e-01)	1	1.0056513954e+01	(1.1549973211e-01 4.6107355928e-02 1.6950080735e-01)	1
0.0016392992      	mag(U)            	0.0000000000e+00	(-1.4000000060e-01 4.9258069922e-03 5.3000562546e-02)	0	2.0280440255e+00	(9.3500840197e-02 4.4812202032e-02 1.8744802799e-01)	1
0.0016392992      	k                 	3.8479209893e-07	(-1.1858665520e-01 5.5360531035e-02 9.6616182517e-03)	0	1.2114152989e-02	(1.1149999970e-01 4.1604620038e-02 1.4650568240e-01)	1
0.0016392992      	omega             	1.9945852550e+01	(-3.7824763686e-01 4.4373656505e-01 3.9205729824e-01)	2	1.6962361631e+07	(1.0291314320e-01 4.7269903838e-02 6.1879950920e-03)	3
0.0016392992      	p                 	-2.3659802950e+00	(-1.1149999825e-01 4.3589475065e-02 1.9548925619e-01)	1	1.0057875466e+01	(1.1549973211e-01 4.6107355928e-02 1.6950080735e-01)	1
0.0016642992      	mag(U)            	0.0000000000e+00	(-1.4000000060e-01 4.9258069922e-03 5.3000562546e-02)	0	2.0481067586e+00	(9.3500840197e-02 4.4812202032e-02 1.8744802799e-01)	1
0.0016642992      	k                 	3.8540897861e-07	(-1.1858665520e-01 5.5360531035e-02 9.6616182517e-03)	0	1.2300068040e-02	(1.1149999970e-01 4.1604620038e-02 1.4650568240e-01)	1
0.0016642992      	omega             	1.9945029047e+01	(-3.7824763686e-01 4.4373656505e-01 3.9205729824e-01)	2	1.6962361631e+07	(1.0291314320e-01 4.7269903838e-02 6.1879950920e-03)	3
0.0016642992      	p                 	-2.4143900567e+00	(-1.3049476252e-01 4.3778927520e-02 1.8643708365e-01)	1	1.0060628595e+01	(1.1549973211e-01 4.6107355928e-02 1.6950080735e-01)	1
0.0016892992      	mag(U)            	0.0000000000e+00	(-1.4000000060e-01 4.9258069922e-03 5.3000562546e-02)	0	2.0677935663e+00	(9.3500840197e-02 4.4812202032e-02 1.8744802799e-01)	1
0.0016892992      	k                 	3.8610968992e-07	(-1.1858665520e-01 5.5360531035e-02 9.6616182517e-03)	0	1.2489982013e-02	(1.1149999970e-01 4.1604620038e-02 1.4650568240e-01)	1
0.0016892992      	omega             	1.9944205611e+01	(-3.7824763686e-01 4.4373656505e-01 3.9205729824e-01)	2	1.6962361631e+07	(1.0291314320e-01 4.7269903838e-02 6.1879950920e-03)	3
0.0016892992      	p                 	-2.4638366764e+00	(-1.3049476252e-01 4.3778927520e-02 1.8643708365e-01)	1	1.0062654607e+01	(1.1549973211e-01 4.6107355928e-02 1.6950080735e-01)	1
0.0017142992      	mag(U)            	0.0000000000e+00	(-1.4000000060e-01 4.9258069922e-03 5.3000562546e-02)	0	2.0871107342e+00	(9.3500840197e-02 4.4812202032e-02 1.8744802799e-01)	1
0.0017142992      	k                 	3.8689399409e-07	(-1.1858665520e-01 5.5360531035e-02 9.6616182517e-03)	0	1.2683869082e-02	(1.1149999970e-01 4.1604620038e-02 1.4650568240e-01)	1
0.0017142992      	omega             	1.9943382244e+01	(-3.7824763686e-01 4.4373656505e-01 3.9205729824e-01)	2	1.6962361632e+07	(1.0291314320e-01 4.7269903838e-02 6.1879950920e-03)	3
0.0017142992      	p                 	-2.5122853916e+00	(-1.3049476252e-01 4.3778927520e-02 1.8643708365e-01)	1	1.0065605117e+01	(1.1549973211e-01 4.6107355928e-02 1.6950080735e-01)	1
0.0017392992      	mag(U)            	0.0000000000e+00	(-1.4000000060e-01 4.9258069922e-03 5.3000562546e-02)	0	2.1060743664e+00	(9.3500840197e-02 4.4812202032e-02 1.8744802799e-01)	1
0.0017392992      	k                 	3.8775488661e-07	(-1.1858665520e-01 5.5360531035e-02 9.6616182517e-03)	0	1.2881702504e-02	(1.1149999970e-01 4.1604620038e-02 1.4650568240e-01)	1
0.0017392992      	omega             	1.9942558944e+01	(-3.7824763686e-01 4.4373656505e-01 3.9205729824e-01)	2	1.6962361632e+07	(1.0291314320e-01 4.7269903838e-02 6.1879950920e-03)	3
0.0017392992      	p                 	-2.5603278870e+00	(-1.3049476252e-01 4.3778927520e-02 1.8643708365e-01)	1	1.0068317439e+01	(1.1549973211e-01 4.6107355928e-02 1.6950080735e-01)	1
0.0017642992      	mag(U)            	0.0000000000e+00	(-1.4000000060e-01 4.9258069922e-03 5.3000562546e-02)	0	2.1246881616e+00	(9.3500840197e-02 4.4812202032e-02 1.8744802799e-01)	1
0.0017642992      	k                 	3.8869326134e-07	(-1.1858665520e-01 5.5360531035e-02 9.6616182517e-03)	0	1.3083454568e-02	(1.1149999970e-01 4.1604620038e-02 1.4650568240e-01)	1
0.0017642992      	omega             	1.9941735713e+01	(-3.7824763686e-01 4.4373656505e-01 3.9205729824e-01)	2	1.6962361632e+07	(1.0291314320e-01 4.7269903838e-02 6.1879950920e-03)	3
0.0017642992      	p                 	-2.6080438343e+00	(-1.3049476252e-01 4.3778927520e-02 1.8643708365e-01)	1	1.0071196030e+01	(1.1549973211e-01 4.6107355928e-02 1.6950080735e-01)	1
0.0017892992      	mag(U)            	0.0000000000e+00	(-1.4000000060e-01 4.9258069922e-03 5.3000562546e-02)	0	2.1429321103e+00	(9.3500840197e-02 4.4812202032e-02 1.8744802799e-01)	1
0.0017892992      	k                 	3.8970486409e-07	(-1.1858665520e-01 5.5360531035e-02 9.6616182517e-03)	0	1.3289095778e-02	(1.1149999970e-01 4.1604620038e-02 1.4650568240e-01)	1
0.0017892992      	omega             	1.9940912549e+01	(-3.7824763686e-01 4.4373656505e-01 3.9205729824e-01)	2	1.6962361632e+07	(1.0291314320e-01 4.7269903838e-02 6.1879950920e-03)	3
0.0017892992      	p                 	-2.6526231265e+00	(-1.3049476252e-01 4.3778927520e-02 1.8643708365e-01)	1	1.0073892921e+01	(1.1549973211e-01 4.6107355928e-02 1.6950080735e-01)	1
0.0018142992      	mag(U)            	0.0000000000e+00	(-1.4000000060e-01 4.9258069922e-03 5.3000562546e-02)	0	2.1608079252e+00	(9.3500840197e-02 4.4812202032e-02 1.8744802799e-01)	1
0.0018142992      	k                 	3.9079048900e-07	(-1.1858665520e-01 5.5360531035e-02 9.6616182517e-03)	0	1.3498595586e-02	(1.1149999970e-01 4.1604620038e-02 1.4650568240e-01)	1
0.0018142992      	omega             	1.9940089454e+01	(-3.7824763686e-01 4.4373656505e-01 3.9205729824e-01)	2	1.6962361633e+07	(1.0291314320e-01 4.7269903838e-02 6.1879950920e-03)	3
0.0018142992      	p                 	-2.6943304621e+00	(-1.3049476252e-01 4.3778927520e-02 1.8643708365e-01)	1	1.0076949534e+01	(1.1549973211e-01 4.6107355928e-02 1.6950080735e-01)	1
0.0018392992      	mag(U)            	0.0000000000e+00	(-1.4000000060e-01 4.9258069922e-03 5.3000562546e-02)	0	2.1782735215e+00	(9.3500840197e-02 4.4812202032e-02 1.8744802799e-01)	1
0.0018392992      	k                 	3.9194567027e-07	(-1.1858665520e-01 5.5360531035e-02 9.6616182517e-03)	0	1.3711920500e-02	(1.1149999970e-01 4.1604620038e-02 1.4650568240e-01)	1
0.0018392992      	omega             	1.9939266426e+01	(-3.7824763686e-01 4.4373656505e-01 3.9205729824e-01)	2	1.6962361633e+07	(1.0291314320e-01 4.7269903838e-02 6.1879950920e-03)	3
0.0018392992      	p                 	-2.7407409750e+00	(-1.3049476252e-01 4.3778927520e-02 1.8643708365e-01)	1	1.0080035251e+01	(1.1549973211e-01 4.6107355928e-02 1.6950080735e-01)	1
0.0018642992      	mag(U)            	0.0000000000e+00	(-1.4000000060e-01 4.9258069922e-03 5.3000562546e-02)	0	2.1951200417e+00	(9.3500840197e-02 4.4812202032e-02 1.8744802799e-01)	1
0.0018642992      	k                 	3.9317010074e-07	(-1.1858665520e-01 5.5360531035e-02 9.6616182517e-03)	0	1.3929035411e-02	(1.1149999970e-01 4.1604620038e-02 1.4650568240e-01)	1
0.0018642992      	omega             	1.9938443466e+01	(-3.7824763686e-01 4.4373656505e-01 3.9205729824e-01)	2	1.6962361633e+07	(1.0291314320e-01 4.7269903838e-02 6.1879950920e-03)	3
0.0018642992      	p                 	-2.7873461624e+00	(-1.3049476252e-01 4.3778927520e-02 1.8643708365e-01)	1	1.0084265703e+01	(1.1549973211e-01 4.6107355928e-02 1.6950080735e-01)	1
0.0018892992      	mag(U)            	0.0000000000e+00	(-1.4000000060e-01 4.9258069922e-03 5.3000562546e-02)	0	2.2113056194e+00	(9.3500840197e-02 4.4812202032e-02 1.8744802799e-01)	1
0.0018892992      	k                 	3.9445960525e-07	(-1.1858665520e-01 5.5360531035e-02 9.6616182517e-03)	0	1.4149904297e-02	(1.1149999970e-01 4.1604620038e-02 1.4650568240e-01)	1
0.0018892992      	omega             	1.9937620574e+01	(-3.7824763686e-01 4.4373656505e-01 3.9205729824e-01)	2	1.6962361633e+07	(1.0291314320e-01 4.7269903838e-02 6.1879950920e-03)	3
0.0018892992      	p                 	-2.8324501262e+00	(-1.3049476252e-01 4.3778927520e-02 1.8643708365e-01)	1	1.0087864346e+01	(1.1549973211e-01 4.6107355928e-02 1.6950080735e-01)	1
0.0019142992      	mag(U)            	0.0000000000e+00	(-1.4000000060e-01 4.9258069922e-03 5.3000562546e-02)	0	2.2268350261e+00	(9.3500840197e-02 4.4812202032e-02 1.8744802799e-01)	1
0.0019142992      	k                 	3.9581282867e-07	(-1.1858665520e-01 5.5360531035e-02 9.6616182517e-03)	0	1.4374489599e-02	(1.1149999970e-01 4.1604620038e-02 1.4650568240e-01)	1
0.0019142992      	omega             	1.9936797751e+01	(-3.7824763686e-01 4.4373656505e-01 3.9205729824e-01)	2	1.6962361634e+07	(1.0291314320e-01 4.7269903838e-02 6.1879950920e-03)	3
0.0019142992      	p                 	-2.8775138704e+00	(-1.3049476252e-01 4.3778927520e-02 1.8643708365e-01)	1	1.0091355117e+01	(1.1549973211e-01 4.6107355928e-02 1.6950080735e-01)	1
0.0019392992      	mag(U)            	0.0000000000e+00	(-1.4000000060e-01 4.9258069922e-03 5.3000562546e-02)	0	2.2417398719e+00	(9.3500840197e-02 4.4812202032e-02 1.8744802799e-01)	1
0.0019392992      	k                 	3.9286358466e-07	(7.6296438098e-02 4.8626669468e-02 2.2887366007e-01)	1	1.4602752026e-02	(1.1149999970e-01 4.1604620038e-02 1.4650568240e-01)	1
0.0019392992      	omega             	1.9935974995e+01	(-3.7824763686e-01 4.4373656505e-01 3.9205729824e-01)	2	1.6962361634e+07	(1.0291314320e-01 4.7269903838e-02 6.1879950920e-03)	3
0.0019392992      	p                 	-2.9223109090e+00	(-1.3049476252e-01 4.3778927520e-02 1.8643708365e-01)	1	1.0095209064e+01	(1.1549973211e-01 4.6107355928e-02 1.6950080735e-01)	1
0.0019642992      	mag(U)            	0.0000000000e+00	(-1.4000000060e-01 4.9258069922e-03 5.3000562546e-02)	0	2.2560481693e+00	(9.3500840197e-02 4.4812202032e-02 1.8744802799e-01)	1
0.0019642992      	k                 	3.8742884312e-07	(7.6296438098e-02 4.8626669468e-02 2.2887366007e-01)	1	1.4834650225e-02	(1.1149999970e-01 4.1604620038e-02 1.4650568240e-01)	1
0.0019642992      	omega             	1.9935152307e+01	(-3.7824763686e-01 4.4373656505e-01 3.9205729824e-01)	2	1.6962361634e+07	(1.0291314320e-01 4.7269903838e-02 6.1879950920e-03)	3
0.0019642992      	p                 	-2.9670303436e+00	(-1.3049476252e-01 4.3778927520e-02 1.8643708365e-01)	1	1.0098804114e+01	(1.1549973211e-01 4.6107355928e-02 1.6950080735e-01)	1
0.0019892992      	mag(U)            	0.0000000000e+00	(-1.4000000060e-01 4.9258069922e-03 5.3000562546e-02)	0	2.2697921769e+00	(9.3500840197e-02 4.4812202032e-02 1.8744802799e-01)	1
0.0019892992      	k                 	3.8218074168e-07	(7.6296438098e-02 4.8626669468e-02 2.2887366007e-01)	1	1.5070141082e-02	(1.1149999970e-01 4.1604620038e-02 1.4650568240e-01)	1
0.0019892992      	omega             	1.9934329686e+01	(-3.7824763686e-01 4.4373656505e-01 3.9205729824e-01)	2	1.6962361634e+07	(1.0291314320e-01 4.7269903838e-02 6.1879950920e-03)	3
0.0019892992      	p                 	-3.0107767602e+00	(-1.3049476252e-01 4.3778927520e-02 1.8643708365e-01)	1	1.0103026727e+01	(1.1549973211e-01 4.6107355928e-02 1.6950080735e-01)	1
0.0020142992      	mag(U)            	0.0000000000e+00	(-1.4000000060e-01 4.9258069922e-03 5.3000562546e-02)	0	2.2830707889e+00	(9.3500840197e-02 4.4812202032e-02 1.8744802799e-01)	1
0.0020142992      	k                 	3.7710887913e-07	(7.6296438098e-02 4.8626669468e-02 2.2887366007e-01)	1	1.5309181387e-02	(1.1149999970e-01 4.1604620038e-02 1.4650568240e-01)	1
0.0020142992      	omega             	1.9933507134e+01	(-3.7824763686e-01 4.4373656505e-01 3.9205729824e-01)	2	1.6962361635e+07	(1.0291314320e-01 4.7269903838e-02 6.1879950920e-03)	3
0.0020142992      	p                 	-3.0547318319e+00	(-1.3049476252e-01 4.3778927520e-02 1.8643708365e-01)	1	1.0106455815e+01	(1.1549973211e-01 4.6107355928e-02 1.6950080735e-01)	1
0.0020392992      	mag(U)            	0.0000000000e+00	(-1.4000000060e-01 4.9258069922e-03 5.3000562546e-02)	0	2.2959157626e+00	(9.3500840197e-02 4.4812202032e-02 1.8744802799e-01)	1
0.0020392992      	k                 	3.7220376061e-07	(7.6296438098e-02 4.8626669468e-02 2.2887366007e-01)	1	1.5551726305e-02	(1.1149999970e-01 4.1604620038e-02 1.4650568240e-01)	1
0.0020392992      	omega             	1.9932684650e+01	(-3.7824763686e-01 4.4373656505e-01 3.9205729824e-01)	2	1.6962361635e+07	(1.0291314320e-01 4.7269903838e-02 6.1879950920e-03)	3
0.0020392992      	p                 	-3.0983106213e+00	(-1.3049476252e-01 4.3778927520e-02 1.8643708365e-01)	1	1.0111111370e+01	(1.1549973211e-01 4.6107355928e-02 1.6950080735e-01)	1
0.0020642992      	mag(U)            	0.0000000000e+00	(-1.4000000060e-01 4.9258069922e-03 5.3000562546e-02)	0	2.3083505839e+00	(9.3500840197e-02 4.4812202032e-02 1.8744802799e-01)	1
0.0020642992      	k                 	3.6745799952e-07	(7.6296438098e-02 4.8626669468e-02 2.2887366007e-01)	1	1.5797730197e-02	(1.1149999970e-01 4.1604620038e-02 1.4650568240e-01)	1
0.0020642992      	omega             	1.9931862233e+01	(-3.7824763686e-01 4.4373656505e-01 3.9205729824e-01)	2	1.6962361635e+07	(1.0291314320e-01 4.7269903838e-02 6.1879950920e-03)	3
0.0020642992      	p                 	-3.1408076616e+00	(-1.3049476252e-01 4.3778927520e-02 1.8643708365e-01)	1	1.0115687165e+01	(1.1549973211e-01 4.6107355928e-02 1.6950080735e-01)	1
0.0020892992      	mag(U)            	0.0000000000e+00	(-1.4000000060e-01 4.9258069922e-03 5.3000562546e-02)	0	2.3204195945e+00	(9.3500840197e-02 4.4812202032e-02 1.8744802799e-01)	1
0.0020892992      	k                 	3.6286367575e-07	(7.6296438098e-02 4.8626669468e-02 2.2887366007e-01)	1	1.6047145680e-02	(1.1149999970e-01 4.1604620038e-02 1.4650568240e-01)	1
0.0020892992      	omega             	1.9931039885e+01	(-3.7824763686e-01 4.4373656505e-01 3.9205729824e-01)	2	1.6962361635e+07	(1.0291314320e-01 4.7269903838e-02 6.1879950920e-03)	3
0.0020892992      	p                 	-3.1834685495e+00	(-1.3049476252e-01 4.3778927520e-02 1.8643708365e-01)	1	1.0120371137e+01	(1.1549973211e-01 4.6107355928e-02 1.6950080735e-01)	1
0.0021142992      	mag(U)            	0.0000000000e+00	(-1.4000000060e-01 4.9258069922e-03 5.3000562546e-02)	0	2.3321154569e+00	(9.3500840197e-02 4.4812202032e-02 1.8744802799e-01)	1
0.0021142992      	k                 	3.5841427658e-07	(7.6296438098e-02 4.8626669468e-02 2.2887366007e-01)	1	1.6299923920e-02	(1.1149999970e-01 4.1604620038e-02 1.4650568240e-01)	1
0.0021142992      	omega             	1.9930217604e+01	(-3.7824763686e-01 4.4373656505e-01 3.9205729824e-01)	2	1.6962361636e+07	(1.0291314320e-01 4.7269903838e-02 6.1879950920e-03)	3
0.0021142992      	p                 	-3.2267789274e+00	(-1.1149999825e-01 4.3589475065e-02 1.9548925619e-01)	1	1.0123645635e+01	(1.1549973211e-01 4.6107355928e-02 1.6950080735e-01)	1
0.0021392992      	mag(U)            	0.0000000000e+00	(-1.4000000060e-01 4.9258069922e-03 5.3000562546e-02)	0	2.3434642888e+00	(9.3500840197e-02 4.4812202032e-02 1.8744802799e-01)	1
0.0021392992      	k                 	3.5410073538e-07	(7.6296438098e-02 4.8626669468e-02 2.2887366007e-01)	1	1.6556014161e-02	(1.1149999970e-01 4.1604620038e-02 1.4650568240e-01)	1
0.0021392992      	omega             	1.9929395391e+01	(-3.7824763686e-01 4.4373656505e-01 3.9205729824e-01)	2	1.6962361636e+07	(1.0291314320e-01 4.7269903838e-02 6.1879950920e-03)	3
0.0021392992      	p                 	-3.2744616216e+00	(-1.1149999825e-01 4.3589475065e-02 1.9548925619e-01)	1	1.0127568606e+01	(1.1549973211e-01 4.6107355928e-02 1.6950080735e-01)	1
0.0021642992      	mag(U)            	0.0000000000e+00	(-1.4000000060e-01 4.9258069922e-03 5.3000562546e-02)	0	2.3553385657e+00	(9.4500466869e-02 4.4806836834e-02 1.8843961473e-01)	1
0.0021642992      	k                 	3.4991477547e-07	(7.6296438098e-02 4.8626669468e-02 2.2887366007e-01)	1	1.6815363505e-02	(1.1149999970e-01 4.1604620038e-02 1.4650568240e-01)	1
0.0021642992      	omega             	1.9928573246e+01	(-3.7824763686e-01 4.4373656505e-01 3.9205729824e-01)	2	1.6962361636e+07	(1.0291314320e-01 4.7269903838e-02 6.1879950920e-03)	3
0.0021642992      	p                 	-3.3215531072e+00	(-1.1149999825e-01 4.3589475065e-02 1.9548925619e-01)	1	1.0132478593e+01	(1.1549973211e-01 4.6107355928e-02 1.6950080735e-01)	1
0.0021892992      	mag(U)            	0.0000000000e+00	(-1.4000000060e-01 4.9258069922e-03 5.3000562546e-02)	0	2.3680423755e+00	(9.4500466869e-02 4.4806836834e-02 1.8843961473e-01)	1
0.0021892992      	k                 	3.4584815896e-07	(7.6296438098e-02 4.8626669468e-02 2.2887366007e-01)	1	1.7077917080e-02	(1.1149999970e-01 4.1604620038e-02 1.4650568240e-01)	1
0.0021892992      	omega             	1.9927751169e+01	(-3.7824763686e-01 4.4373656505e-01 3.9205729824e-01)	2	1.6962361637e+07	(1.0291314320e-01 4.7269903838e-02 6.1879950920e-03)	3
0.0021892992      	p                 	-3.3808174567e+00	(1.3249996406e-01 4.3796914475e-02 1.8446127852e-01)	1	1.0137441351e+01	(1.1549973211e-01 4.6107355928e-02 1.6950080735e-01)	1
0.0022142992      	mag(U)            	0.0000000000e+00	(-1.4000000060e-01 4.9258069922e-03 5.3000562546e-02)	0	2.3804097695e+00	(9.4500466869e-02 4.4806836834e-02 1.8843961473e-01)	1
0.0022142992      	k                 	3.4189416114e-07	(7.6296438098e-02 4.8626669468e-02 2.2887366007e-01)	1	1.7343618138e-02	(1.1149999970e-01 4.1604620038e-02 1.4650568240e-01)	1
0.0022142992      	omega             	1.9926929159e+01	(-3.7824763686e-01 4.4373656505e-01 3.9205729824e-01)	2	1.6962361637e+07	(1.0291314320e-01 4.7269903838e-02 6.1879950920e-03)	3
0.0022142992      	p                 	-3.4409533572e+00	(1.3249996406e-01 4.3796914475e-02 1.8446127852e-01)	1	1.0139966951e+01	(1.1549973211e-01 4.6107355928e-02 1.6950080735e-01)	1
0.0022392992      	mag(U)            	0.0000000000e+00	(-1.4000000060e-01 4.9258069922e-03 5.3000562546e-02)	0	2.3924485472e+00	(9.4500466869e-02 4.4806836834e-02 1.8843961473e-01)	1
0.0022392992      	k                 	3.3804640149e-07	(7.6296438098e-02 4.8626669468e-02 2.2887366007e-01)	1	1.7612408091e-02	(1.1149999970e-01 4.1604620038e-02 1.4650568240e-01)	1
0.0022392992      	omega             	1.9926107218e+01	(-3.7824763686e-01 4.4373656505e-01 3.9205729824e-01)	2	1.6962361637e+07	(1.0291314320e-01 4.7269903838e-02 6.1879950920e-03)	3
0.0022392992      	p                 	-3.5008821221e+00	(1.3249996406e-01 4.3796914475e-02 1.8446127852e-01)	1	1.0145571752e+01	(1.1549973211e-01 4.6107355928e-02 1.6950080735e-01)	1
0.0022642992      	mag(U)            	0.0000000000e+00	(-1.4000000060e-01 4.9258069922e-03 5.3000562546e-02)	0	2.4041518422e+00	(9.4500466869e-02 4.4806836834e-02 1.8843961473e-01)	1
0.0022642992      	k                 	3.3429965534e-07	(7.6296438098e-02 4.8626669468e-02 2.2887366007e-01)	1	1.7884226466e-02	(1.1149999970e-01 4.1604620038e-02 1.4650568240e-01)	1
0.0022642992      	omega             	1.9925285344e+01	(-3.7824763686e-01 4.4373656505e-01 3.9205729824e-01)	2	1.6962361637e+07	(1.0291314320e-01 4.7269903838e-02 6.1879950920e-03)	3
0.0022642992      	p                 	-3.5601801779e+00	(1.3249996406e-01 4.3796914475e-02 1.8446127852e-01)	1	1.0150406736e+01	(1.1549973211e-01 4.6107355928e-02 1.6950080735e-01)	1
0.0022892992      	mag(U)            	0.0000000000e+00	(-1.4000000060e-01 4.9258069922e-03 5.3000562546e-02)	0	2.4155423919e+00	(9.4500466869e-02 4.4806836834e-02 1.8843961473e-01)	1
0.0022892992      	k                 	3.3064839854e-07	(7.6296438098e-02 4.8626669468e-02 2.2887366007e-01)	1	1.8159011015e-02	(1.1149999970e-01 4.1604620038e-02 1.4650568240e-01)	1
0.0022892992      	omega             	1.9924463538e+01	(-3.7824763686e-01 4.4373656505e-01 3.9205729824e-01)	2	1.6962361638e+07	(1.0291314320e-01 4.7269903838e-02 6.1879950920e-03)	3
0.0022892992      	p                 	-3.6202932097e+00	(1.3249996406e-01 4.3796914475e-02 1.8446127852e-01)	1	1.0155542895e+01	(1.1549973211e-01 4.6107355928e-02 1.6950080735e-01)	1
0.0023142992      	mag(U)            	0.0000000000e+00	(-1.4000000060e-01 4.9258069922e-03 5.3000562546e-02)	0	2.4266388826e+00	(9.4500466869e-02 4.4806836834e-02 1.8843961473e-01)	1
0.0023142992      	k                 	3.2708757030e-07	(7.6296438098e-02 4.8626669468e-02 2.2887366007e-01)	1	1.8436697706e-02	(1.1149999970e-01 4.1604620038e-02 1.4650568240e-01)	1
0.0023142992      	omega             	1.9923641800e+01	(-3.7823930337e-01 4.4373129307e-01 4.0815378159e-01)	2	1.6962361638e+07	(1.0291314320e-01 4.7269903838e-02 6.1879950920e-03)	3
0.0023142992      	p                 	-3.6796446644e+00	(1.3249996406e-01 4.3796914475e-02 1.8446127852e-01)	1	1.0160077738e+01	(1.1549973211e-01 4.6107355928e-02 1.6950080735e-01)	1
0.0023392992      	mag(U)            	0.0000000000e+00	(-1.4000000060e-01 4.9258069922e-03 5.3000562546e-02)	0	2.4374694092e+00	(9.4500466869e-02 4.4806836834e-02 1.8843961473e-01)	1
0.0023392992      	k                 	3.2361203862e-07	(7.6296438098e-02 4.8626669468e-02 2.2887366007e-01)	1	1.8717220975e-02	(1.1149999970e-01 4.1604620038e-02 1.4650568240e-01)	1
0.0023392992      	omega             	1.9922820129e+01	(-3.7823930337e-01 4.4373129307e-01 4.0815378159e-01)	2	1.6962361638e+07	(1.0291314320e-01 4.7269903838e-02 6.1879950920e-03)	3
0.0023392992      	p                 	-3.7350328310e+00	(1.3249996406e-01 4.3796914475e-02 1.8446127852e-01)	1	1.0165919662e+01	(1.1549973211e-01 4.6107355928e-02 1.6950080735e-01)	1
0.0023642992      	mag(U)            	0.0000000000e+00	(-1.4000000060e-01 4.9258069922e-03 5.3000562546e-02)	0	2.4480178691e+00	(9.4500466869e-02 4.4806836834e-02 1.8843961473e-01)	1
0.0023642992      	k                 	3.2021744134e-07	(7.6296438098e-02 4.8626669468e-02 2.2887366007e-01)	1	1.9000513552e-02	(1.1149999970e-01 4.1604620038e-02 1.4650568240e-01)	1
0.0023642992      	omega             	1.9921998527e+01	(-3.7823930337e-01 4.4373129307e-01 4.0815378159e-01)	2	1.6962361638e+07	(1.0291314320e-01 4.7269903838e-02 6.1879950920e-03)	3
0.0023642992      	p                 	-3.7907203096e+00	(1.3249996406e-01 4.3796914475e-02 1.8446127852e-01)	1	1.0170584625e+01	(1.1549973211e-01 4.6107355928e-02 1.6950080735e-01)	1
0.0023892992      	mag(U)            	0.0000000000e+00	(-1.4000000060e-01 4.9258069922e-03 5.3000562546e-02)	0	2.4583112624e+00	(9.4500466869e-02 4.4806836834e-02 1.8843961473e-01)	1
0.0023892992      	k                 	3.1689960068e-07	(7.6296438098e-02 4.8626669468e-02 2.2887366007e-01)	1	1.9286506055e-02	(1.1149999970e-01 4.1604620038e-02 1.4650568240e-01)	1
0.0023892992      	omega             	1.9921176992e+01	(-3.7823930337e-01 4.4373129307e-01 4.0815378159e-01)	2	1.6962361639e+07	(1.0291314320e-01 4.7269903838e-02 6.1879950920e-03)	3
0.0023892992      	p                 	-3.8494388039e+00	(1.3249996406e-01 4.3796914475e-02 1.8446127852e-01)	1	1.0175658514e+01	(1.1549973211e-01 4.6107355928e-02 1.6950080735e-01)	1
0.0024142992      	mag(U)            	0.0000000000e+00	(-1.4000000060e-01 4.9258069922e-03 5.3000562546e-02)	0	2.4683587338e+00	(9.4500466869e-02 4.4806836834e-02 1.8843961473e-01)	1
0.0024142992      	k                 	3.1365516771e-07	(7.6296438098e-02 4.8626669468e-02 2.2887366007e-01)	1	1.9575129738e-02	(1.1149999970e-01 4.1604620038e-02 1.4650568240e-01)	1
0.0024142992      	omega             	1.9920355525e+01	(-3.7823930337e-01 4.4373129307e-01 4.0815378159e-01)	2	1.6962361639e+07	(1.0291314320e-01 4.7269903838e-02 6.1879950920e-03)	3
0.0024142992      	p                 	-3.9042330145e+00	(1.3249996406e-01 4.3796914475e-02 1.8446127852e-01)	1	1.0181605191e+01	(1.1549973211e-01 4.6107355928e-02 1.6950080735e-01)	1
0.0024392992      	mag(U)            	0.0000000000e+00	(-1.4000000060e-01 4.9258069922e-03 5.3000562546e-02)	0	2.4781736849e+00	(9.4500466869e-02 4.4806836834e-02 1.8843961473e-01)	1
0.0024392992      	k                 	3.1048095155e-07	(7.6296438098e-02 4.8626669468e-02 2.2887366007e-01)	1	1.9866317392e-02	(1.1149999970e-01 4.1604620038e-02 1.4650568240e-01)	1
0.0024392992      	omega             	1.9919534125e+01	(-3.7823930337e-01 4.4373129307e-01 4.0815378159e-01)	2	1.6962361639e+07	(1.0291314320e-01 4.7269903838e-02 6.1879950920e-03)	3
0.0024392992      	p                 	-3.9587655416e+00	(1.3249996406e-01 4.3796914475e-02 1.8446127852e-01)	1	1.0187845931e+01	(1.1549973211e-01 4.6107355928e-02 1.6950080735e-01)	1
0.0024642992      	mag(U)            	0.0000000000e+00	(-1.4000000060e-01 4.9258069922e-03 5.3000562546e-02)	0	2.4877610492e+00	(9.4500466869e-02 4.4806836834e-02 1.8843961473e-01)	1
0.0024642992      	k                 	3.0737434285e-07	(7.6296438098e-02 4.8626669468e-02 2.2887366007e-01)	1	2.0160003101e-02	(1.1149999970e-01 4.1604620038e-02 1.4650568240e-01)	1
0.0024642992      	omega             	1.9918712794e+01	(-3.7823930337e-01 4.4373129307e-01 4.0815378159e-01)	2	1.6962361640e+07	(1.0291314320e-01 4.7269903838e-02 6.1879950920e-03)	3
0.0024642992      	p                 	-4.0190616757e+00	(1.3249996406e-01 4.3796914475e-02 1.8446127852e-01)	1	1.0193930927e+01	(1.1549973211e-01 4.6107355928e-02 1.6950080735e-01)	1
0.0024892992      	mag(U)            	0.0000000000e+00	(-1.4000000060e-01 4.9258069922e-03 5.3000562546e-02)	0	2.5000416583e+00	(-1.3049614480e-01 4.4827543935e-02 1.8546567213e-01)	1
0.0024892992      	k                 	3.0433294786e-07	(7.6296438098e-02 4.8626669468e-02 2.2887366007e-01)	1	2.0456120235e-02	(1.1149999970e-01 4.1604620038e-02 1.4650568240e-01)	1
0.0024892992      	omega             	1.9917891530e+01	(-3.7823930337e-01 4.4373129307e-01 4.0815378159e-01)	2	1.6962361640e+07	(1.0291314320e-01 4.7269903838e-02 6.1879950920e-03)	3
0.0024892992      	p                 	-4.0801197142e+00	(1.3249996406e-01 4.3796914475e-02 1.8446127852e-01)	1	1.0199959946e+01	(1.1549973211e-01 4.6107355928e-02 1.6950080735e-01)	1
0.0025142992      	mag(U)            	0.0000000000e+00	(-1.4000000060e-01 4.9258069922e-03 5.3000562546e-02)	0	2.5130559343e+00	(-1.3049614480e-01 4.4827543935e-02 1.8546567213e-01)	1
0.0025142992      	k                 	3.0135469225e-07	(7.6296438098e-02 4.8626669468e-02 2.2887366007e-01)	1	2.0754600931e-02	(1.1149999970e-01 4.1604620038e-02 1.4650568240e-01)	1
0.0025142992      	omega             	1.9917070334e+01	(-3.7823930337e-01 4.4373129307e-01 4.0815378159e-01)	2	1.6962361640e+07	(1.0291314320e-01 4.7269903838e-02 6.1879950920e-03)	3
0.0025142992      	p                 	-4.1324591681e+00	(1.3249996406e-01 4.3796914475e-02 1.8446127852e-01)	1	1.0205628690e+01	(1.1549973211e-01 4.6107355928e-02 1.6950080735e-01)	1
0.0025392992      	mag(U)            	0.0000000000e+00	(-1.4000000060e-01 4.9258069922e-03 5.3000562546e-02)	0	2.5257025889e+00	(-1.3049614480e-01 4.4827543935e-02 1.8546567213e-01)	1
0.0025392992      	k                 	2.9843785441e-07	(7.6296438098e-02 4.8626669468e-02 2.2887366007e-01)	1	2.1055376815e-02	(1.1149999970e-01 4.1604620038e-02 1.4650568240e-01)	1
0.0025392992      	omega             	1.9916249205e+01	(-3.7823930337e-01 4.4373129307e-01 4.0815378159e-01)	2	1.6962361641e+07	(1.0291314320e-01 4.7269903838e-02 6.1879950920e-03)	3
0.0025392992      	p                 	-4.1904585365e+00	(1.3249996406e-01 4.3796914475e-02 1.8446127852e-01)	1	1.0212250815e+01	(1.1549973211e-01 4.6107355928e-02 1.6950080735e-01)	1
0.0025642992      	mag(U)            	0.0000000000e+00	(-1.4000000060e-01 4.9258069922e-03 5.3000562546e-02)	0	2.5380130907e+00	(-1.3049614480e-01 4.4827543935e-02 1.8546567213e-01)	1
0.0025642992      	k                 	2.9558065542e-07	(7.6296438098e-02 4.8626669468e-02 2.2887366007e-01)	1	2.1358381027e-02	(1.1149999970e-01 4.1604620038e-02 1.4650568240e-01)	1
0.0025642992      	omega             	1.9915428144e+01	(-3.7823930337e-01 4.4373129307e-01 4.0815378159e-01)	2	1.6962361641e+07	(1.0291314320e-01 4.7269903838e-02 6.1879950920e-03)	3
0.0025642992      	p                 	-4.2372429753e+00	(1.3249996406e-01 4.3796914475e-02 1.8446127852e-01)	1	1.0217882076e+01	(1.1549973211e-01 4.6107355928e-02 1.6950080735e-01)	1
0.0025892992      	mag(U)            	0.0000000000e+00	(-1.4000000060e-01 4.9258069922e-03 5.3000562546e-02)	0	2.5500173184e+00	(-1.3049614480e-01 4.4827543935e-02 1.8546567213e-01)	1
0.0025892992      	k                 	2.9278102877e-07	(7.6296438098e-02 4.8626669468e-02 2.2887366007e-01)	1	2.1663546073e-02	(1.1149999970e-01 4.1604620038e-02 1.4650568240e-01)	1
0.0025892992      	omega             	1.9914607151e+01	(-3.7823930337e-01 4.4373129307e-01 4.0815378159e-01)	2	1.6962361641e+07	(1.0291314320e-01 4.7269903838e-02 6.1879950920e-03)	3
0.0025892992      	p                 	-4.2932990707e+00	(1.3249996406e-01 4.3796914475e-02 1.8446127852e-01)	1	1.0224792859e+01	(1.1549973211e-01 4.6107355928e-02 1.6950080735e-01)	1
0.0026142992      	mag(U)            	0.0000000000e+00	(-1.4000000060e-01 4.9258069922e-03 5.3000562546e-02)	0	2.5617355084e+00	(-1.3049614480e-01 4.4827543935e-02 1.8546567213e-01)	1
0.0026142992      	k                 	2.9003692961e-07	(7.6296438098e-02 4.8626669468e-02 2.2887366007e-01)	1	2.1970803928e-02	(1.1149999970e-01 4.1604620038e-02 1.4650568240e-01)	1
0.0026142992      	omega             	1.9913786226e+01	(-3.7823930337e-01 4.4373129307e-01 4.0815378159e-01)	2	1.6962361641e+07	(1.0291314320e-01 4.7269903838e-02 6.1879950920e-03)	3
0.0026142992      	p                 	-4.3530708782e+00	(1.3249996406e-01 4.3796914475e-02 1.8446127852e-01)	1	1.0230396629e+01	(1.1549973211e-01 4.6107355928e-02 1.6950080735e-01)	1
0.0026392992      	mag(U)            	0.0000000000e+00	(-1.4000000060e-01 4.9258069922e-03 5.3000562546e-02)	0	2.5731991123e+00	(-1.3049614480e-01 4.4827543935e-02 1.8546567213e-01)	1
0.0026392992      	k                 	2.8734425621e-07	(7.6296438098e-02 4.8626669468e-02 2.2887366007e-01)	1	2.2280086159e-02	(1.1149999970e-01 4.1604620038e-02 1.4650568240e-01)	1
0.0026392992      	omega             	1.9912965368e+01	(-3.7823930337e-01 4.4373129307e-01 4.0815378159e-01)	2	1.6962361642e+07	(1.0291314320e-01 4.7269903838e-02 6.1879950920e-03)	3
0.0026392992      	p                 	-4.4243023164e+00	(1.3249996406e-01 4.3796914475e-02 1.8446127852e-01)	1	1.0236817368e+01	(1.1549973211e-01 4.6107355928e-02 1.6950080735e-01)	1
0.0026642992      	mag(U)            	0.0000000000e+00	(-1.4000000060e-01 4.9258069922e-03 5.3000562546e-02)	0	2.5844286266e+00	(-1.3049614480e-01 4.4827543935e-02 1.8546567213e-01)	1
0.0026642992      	k                 	2.8469722083e-07	(7.6296438098e-02 4.8626669468e-02 2.2887366007e-01)	1	2.2591327935e-02	(1.1149999970e-01 4.1604620038e-02 1.4650568240e-01)	1
0.0026642992      	omega             	1.9912144578e+01	(-3.7823930337e-01 4.4373129307e-01 4.0815378159e-01)	2	1.6962361642e+07	(1.0291314320e-01 4.7269903838e-02 6.1879950920e-03)	3
0.0026642992      	p                 	-4.4383779056e+00	(1.3249996406e-01 4.3796914475e-02 1.8446127852e-01)	1	1.0242978757e+01	(1.1449974036e-01 4.6107927289e-02 1.6950081284e-01)	1
0.0026892992      	mag(U)            	0.0000000000e+00	(-1.4000000060e-01 4.9258069922e-03 5.3000562546e-02)	0	2.5954503294e+00	(-1.3049614480e-01 4.4827543935e-02 1.8546567213e-01)	1
0.0026892992      	k                 	2.8209039750e-07	(7.6296438098e-02 4.8626669468e-02 2.2887366007e-01)	1	2.2904468224e-02	(1.1149999970e-01 4.1604620038e-02 1.4650568240e-01)	1
0.0026892992      	omega             	1.9911323856e+01	(-3.7823930337e-01 4.4373129307e-01 4.0815378159e-01)	2	1.6962361642e+07	(1.0291314320e-01 4.7269903838e-02 6.1879950920e-03)	3
0.0026892992      	p                 	-4.4820553049e+00	(-9.0499180119e-02 4.3782312993e-02 1.8544848328e-01)	1	1.0251316281e+01	(1.1449974036e-01 4.6107927289e-02 1.6950081284e-01)	1
0.0027142992      	mag(U)            	0.0000000000e+00	(-1.4000000060e-01 4.9258069922e-03 5.3000562546e-02)	0	2.6062819212e+00	(-1.3049614480e-01 4.4827543935e-02 1.8546567213e-01)	1
0.0027142992      	k                 	2.7951985298e-07	(7.6296438098e-02 4.8626669468e-02 2.2887366007e-01)	1	2.3219444199e-02	(1.1149999970e-01 4.1604620038e-02 1.4650568240e-01)	1
0.0027142992      	omega             	1.9910503201e+01	(-3.7823930337e-01 4.4373129307e-01 4.0815378159e-01)	2	1.6962361643e+07	(1.0291314320e-01 4.7269903838e-02 6.1879950920e-03)	3
0.0027142992      	p                 	-4.5578262262e+00	(-9.0499180119e-02 4.3782312993e-02 1.8544848328e-01)	1	1.0258873702e+01	(1.1449974036e-01 4.6107927289e-02 1.6950081284e-01)	1
0.0027392992      	mag(U)            	0.0000000000e+00	(-1.4000000060e-01 4.9258069922e-03 5.3000562546e-02)	0	2.6169390568e+00	(-1.3049614480e-01 4.4827543935e-02 1.8546567213e-01)	1
0.0027392992      	k                 	2.7698346058e-07	(7.6296438098e-02 4.8626669468e-02 2.2887366007e-01)	1	2.3536189180e-02	(1.1149999970e-01 4.1604620038e-02 1.4650568240e-01)	1
0.0027392992      	omega             	1.9909682614e+01	(-3.7823930337e-01 4.4373129307e-01 4.0815378159e-01)	2	1.6962361643e+07	(1.0291314320e-01 4.7269903838e-02 6.1879950920e-03)	3
0.0027392992      	p                 	-4.5962992060e+00	(8.6523300343e-02 4.3796504927e-02 1.6750441036e-01)	1	1.0265854674e+01	(1.1449974036e-01 4.6107927289e-02 1.6950081284e-01)	1
0.0027642992      	mag(U)            	0.0000000000e+00	(-1.4000000060e-01 4.9258069922e-03 5.3000562546e-02)	0	2.6274372975e+00	(-1.3049614480e-01 4.4827543935e-02 1.8546567213e-01)	1
0.0027642992      	k                 	2.7448075066e-07	(7.6296438098e-02 4.8626669468e-02 2.2887366007e-01)	1	2.3854635342e-02	(1.1149999970e-01 4.1604620038e-02 1.4650568240e-01)	1
0.0027642992      	omega             	1.9908862095e+01	(-3.7823930337e-01 4.4373129307e-01 4.0815378159e-01)	2	1.6962361643e+07	(1.0291314320e-01 4.7269903838e-02 6.1879950920e-03)	3
0.0027642992      	p                 	-4.6492209156e+00	(8.6523300343e-02 4.3796504927e-02 1.6750441036e-01)	1	1.0272666340e+01	(1.1449974036e-01 4.6107927289e-02 1.6950081284e-01)	1
0.0027892992      	mag(U)            	0.0000000000e+00	(-1.4000000060e-01 4.9258069922e-03 5.3000562546e-02)	0	2.6377923041e+00	(-1.3049614480e-01 4.4827543935e-02 1.8546567213e-01)	1
0.0027892992      	k                 	2.7201213248e-07	(7.6296438098e-02 4.8626669468e-02 2.2887366007e-01)	1	2.4174719525e-02	(1.1149999970e-01 4.1604620038e-02 1.4650568240e-01)	1
0.0027892992      	omega             	1.9908041643e+01	(-3.7823930337e-01 4.4373129307e-01 4.0815378159e-01)	2	1.6962361644e+07	(1.0291314320e-01 4.7269903838e-02 6.1879950920e-03)	3
0.0027892992      	p                 	-4.7076492139e+00	(8.6523300343e-02 4.3796504927e-02 1.6750441036e-01)	1	1.0280131923e+01	(1.1449974036e-01 4.6107927289e-02 1.6950081284e-01)	1
0.0028142992      	mag(U)            	0.0000000000e+00	(-1.4000000060e-01 4.9258069922e-03 5.3000562546e-02)	0	2.6480168513e+00	(-1.3049614480e-01 4.4827543935e-02 1.8546567213e-01)	1
0.0028142992      	k                 	2.6957829162e-07	(7.6296438098e-02 4.8626669468e-02 2.2887366007e-01)	1	2.4496376405e-02	(1.1149999970e-01 4.1604620038e-02 1.4650568240e-01)	1
0.0028142992      	omega             	1.9907221259e+01	(-3.7823930337e-01 4.4373129307e-01 4.0815378159e-01)	2	1.6962361644e+07	(1.0291314320e-01 4.7269903838e-02 6.1879950920e-03)	3
0.0028142992      	p                 	-4.7686548791e+00	(8.6523300343e-02 4.3796504927e-02 1.6750441036e-01)	1	1.0287186732e+01	(1.1449974036e-01 4.6107927289e-02 1.6950081284e-01)	1
0.0028392992      	mag(U)            	0.0000000000e+00	(-1.4000000060e-01 4.9258069922e-03 5.3000562546e-02)	0	2.6581346178e+00	(-1.3049614480e-01 4.4827543935e-02 1.8546567213e-01)	1
0.0028392992      	k                 	2.6718019496e-07	(7.6296438098e-02 4.8626669468e-02 2.2887366007e-01)	1	2.4819536937e-02	(1.1149999970e-01 4.1604620038e-02 1.4650568240e-01)	1
0.0028392992      	omega             	1.9906400942e+01	(-3.7823930337e-01 4.4373129307e-01 4.0815378159e-01)	2	1.6962361644e+07	(1.0291314320e-01 4.7269903838e-02 6.1879950920e-03)	3
0.0028392992      	p                 	-4.8321704896e+00	(8.6523300343e-02 4.3796504927e-02 1.6750441036e-01)	1	1.0294229099e+01	(1.1449974036e-01 4.6107927289e-02 1.6950081284e-01)	1
0.0028642992      	mag(U)            	0.0000000000e+00	(-1.4000000060e-01 4.9258069922e-03 5.3000562546e-02)	0	2.6681640692e+00	(-1.3049614480e-01 4.4827543935e-02 1.8546567213e-01)	1
0.0028642992      	k                 	2.6481932743e-07	(7.6296438098e-02 4.8626669468e-02 2.2887366007e-01)	1	2.5144132805e-02	(1.1149999970e-01 4.1604620038e-02 1.4650568240e-01)	1
0.0028642992      	omega             	1.9905580693e+01	(-3.7823930337e-01 4.4373129307e-01 4.0815378159e-01)	2	1.6962361645e+07	(1.0291314320e-01 4.7269903838e-02 6.1879950920e-03)	3
0.0028642992      	p                 	-4.8899371846e+00	(8.6523300343e-02 4.3796504927e-02 1.6750441036e-01)	1	1.0301401702e+01	(1.1449974036e-01 4.6107927289e-02 1.6950081284e-01)	1
0.0028892992      	mag(U)            	0.0000000000e+00	(-1.4000000060e-01 4.9258069922e-03 5.3000562546e-02)	0	2.6781201813e+00	(-1.3049614480e-01 4.4827543935e-02 1.8546567213e-01)	1
0.0028892992      	k                 	2.6249550045e-07	(7.6296438098e-02 4.8626669468e-02 2.2887366007e-01)	1	2.5470095282e-02	(1.1149999970e-01 4.1604620038e-02 1.4650568240e-01)	1
0.0028892992      	omega             	1.9904760512e+01	(-3.7823930337e-01 4.4373129307e-01 4.0815378159e-01)	2	1.6962361645e+07	(1.0291314320e-01 4.7269903838e-02 6.1879950920e-03)	3
0.0028892992      	p                 	-4.9486255153e+00	(8.6523300343e-02 4.3796504927e-02 1.6750441036e-01)	1	1.0309413301e+01	(1.1449974036e-01 4.6107927289e-02 1.6950081284e-01)	1
0.0029142992      	mag(U)            	0.0000000000e+00	(-1.4000000060e-01 4.9258069922e-03 5.3000562546e-02)	0	2.6880204545e+00	(-1.3049614480e-01 4.4827543935e-02 1.8546567213e-01)	1
0.0029142992      	k                 	2.6020787694e-07	(7.6296438098e-02 4.8626669468e-02 2.2887366007e-01)	1	2.5797357770e-02	(1.1149999970e-01 4.1604620038e-02 1.4650568240e-01)	1
0.0029142992      	omega             	1.9903940398e+01	(-3.7823930337e-01 4.4373129307e-01 4.0815378159e-01)	2	1.6962361645e+07	(1.0291314320e-01 4.7269903838e-02 6.1879950920e-03)	3
0.0029142992      	p                 	-5.0082302777e+00	(8.6523300343e-02 4.3796504927e-02 1.6750441036e-01)	1	1.0316469009e+01	(1.1449974036e-01 4.6107927289e-02 1.6950081284e-01)	1
0.0029392992      	mag(U)            	0.0000000000e+00	(-1.4000000060e-01 4.9258069922e-03 5.3000562546e-02)	0	2.6978771410e+00	(-1.3049614480e-01 4.4827543935e-02 1.8546567213e-01)	1
0.0029392992      	k                 	2.5795564053e-07	(7.6296438098e-02 4.8626669468e-02 2.2887366007e-01)	1	2.6125855193e-02	(1.1149999970e-01 4.1604620038e-02 1.4650568240e-01)	1
0.0029392992      	omega             	1.9903120352e+01	(-3.7823930337e-01 4.4373129307e-01 4.0815378159e-01)	2	1.6962361646e+07	(1.0291314320e-01 4.7269903838e-02 6.1879950920e-03)	3
0.0029392992      	p                 	-5.0670485336e+00	(8.6523300343e-02 4.3796504927e-02 1.6750441036e-01)	1	1.0323792651e+01	(1.1449974036e-01 4.6107927289e-02 1.6950081284e-01)	1
0.0029642992      	mag(U)            	0.0000000000e+00	(-1.4000000060e-01 4.9258069922e-03 5.3000562546e-02)	0	2.7076762964e+00	(-1.3049614480e-01 4.4827543935e-02 1.8546567213e-01)	1
0.0029642992      	k                 	2.5573844447e-07	(7.6296438098e-02 4.8626669468e-02 2.2887366007e-01)	1	2.6455522143e-02	(1.1149999970e-01 4.1604620038e-02 1.4650568240e-01)	1
0.0029642992      	omega             	1.9902300373e+01	(-3.7823930337e-01 4.4373129307e-01 4.0815378159e-01)	2	1.6962361646e+07	(1.0291314320e-01 4.7269903838e-02 6.1879950920e-03)	3
0.0029642992      	p                 	-5.1267021642e+00	(8.6523300343e-02 4.3796504927e-02 1.6750441036e-01)	1	1.0331139437e+01	(1.1449974036e-01 4.6107927289e-02 1.6950081284e-01)	1
0.0029892992      	mag(U)            	0.0000000000e+00	(-1.4000000060e-01 4.9258069922e-03 5.3000562546e-02)	0	2.7174308219e+00	(-1.3049614480e-01 4.4827543935e-02 1.8546567213e-01)	1
0.0029892992      	k                 	2.5355600065e-07	(7.6296438098e-02 4.8626669468e-02 2.2887366007e-01)	1	2.6786296100e-02	(1.1149999970e-01 4.1604620038e-02 1.4650568240e-01)	1
0.0029892992      	omega             	1.9901480462e+01	(-3.7823930337e-01 4.4373129307e-01 4.0815378159e-01)	2	1.6962361646e+07	(1.0291314320e-01 4.7269903838e-02 6.1879950920e-03)	3
0.0029892992      	p                 	-5.1868655207e+00	(8.6523300343e-02 4.3796504927e-02 1.6750441036e-01)	1	1.0339251805e+01	(1.1449974036e-01 4.6107927289e-02 1.6950081284e-01)	1
0.0030142992      	mag(U)            	0.0000000000e+00	(-1.4000000060e-01 4.9258069922e-03 5.3000562546e-02)	0	2.7290674526e+00	(1.3250159125e-01 4.5860163640e-02 1.8448363969e-01)	1
0.0030142992      	k                 	2.5140794446e-07	(7.6296438098e-02 4.8626669468e-02 2.2887366007e-01)	1	2.7118114388e-02	(1.1149999970e-01 4.1604620038e-02 1.4650568240e-01)	1
0.0030142992      	omega             	1.9900660619e+01	(-3.7823930337e-01 4.4373129307e-01 4.0815378159e-01)	2	1.6962361647e+07	(1.0291314320e-01 4.7269903838e-02 6.1879950920e-03)	3
0.0030142992      	p                 	-5.2512747280e+00	(8.6523300343e-02 4.3796504927e-02 1.6750441036e-01)	1	1.0347641356e+01	(1.1449974036e-01 4.6107927289e-02 1.6950081284e-01)	1
0.0030392992      	mag(U)            	0.0000000000e+00	(-1.4000000060e-01 4.9258069922e-03 5.3000562546e-02)	0	2.7442249495e+00	(1.3250159125e-01 4.5860163640e-02 1.8448363969e-01)	1
0.0030392992      	k                 	2.4929408052e-07	(7.6296438098e-02 4.8626669468e-02 2.2887366007e-01)	1	2.7450916395e-02	(1.1149999970e-01 4.1604620038e-02 1.4650568240e-01)	1
0.0030392992      	omega             	1.9899840843e+01	(-3.7823930337e-01 4.4373129307e-01 4.0815378159e-01)	2	1.6962361647e+07	(1.0291314320e-01 4.7269903838e-02 6.1879950920e-03)	3
0.0030392992      	p                 	-5.3268450803e+00	(8.6523300343e-02 4.3796504927e-02 1.6750441036e-01)	1	1.0354970016e+01	(1.1449974036e-01 4.6107927289e-02 1.6950081284e-01)	1
0.0030642992      	mag(U)            	0.0000000000e+00	(-1.4000000060e-01 4.9258069922e-03 5.3000562546e-02)	0	2.7592569035e+00	(1.3250159125e-01 4.5860163640e-02 1.8448363969e-01)	1
0.0030642992      	k                 	2.4721444989e-07	(7.6296438098e-02 4.8626669468e-02 2.2887366007e-01)	1	2.7788254427e-02	(1.0649999991e-01 4.1610147690e-02 1.4753667828e-01)	1
0.0030642992      	omega             	1.9899021134e+01	(-3.7823930337e-01 4.4373129307e-01 4.0815378159e-01)	2	1.6962361647e+07	(1.0291314320e-01 4.7269903838e-02 6.1879950920e-03)	3
0.0030642992      	p                 	-5.3598738435e+00	(8.6523300343e-02 4.3796504927e-02 1.6750441036e-01)	1	1.0362927111e+01	(1.1449974036e-01 4.6107927289e-02 1.6950081284e-01)	1
0.0030892992      	mag(U)            	0.0000000000e+00	(-1.4000000060e-01 4.9258069922e-03 5.3000562546e-02)	0	2.7741541415e+00	(1.3250159125e-01 4.5860163640e-02 1.8448363969e-01)	1
0.0030892992      	k                 	2.4516936837e-07	(7.6296438098e-02 4.8626669468e-02 2.2887366007e-01)	1	2.8145585725e-02	(1.0649999991e-01 4.1610147690e-02 1.4753667828e-01)	1
0.0030892992      	omega             	1.9898201494e+01	(-3.7823930337e-01 4.4373129307e-01 4.0815378159e-01)	2	1.6962361648e+07	(1.0291314320e-01 4.7269903838e-02 6.1879950920e-03)	3
0.0030892992      	p                 	-5.3543530175e+00	(8.6523300343e-02 4.3796504927e-02 1.6750441036e-01)	1	1.0371120437e+01	(1.1449974036e-01 4.6107927289e-02 1.6950081284e-01)	1
0.0031142992      	mag(U)            	0.0000000000e+00	(-1.4000000060e-01 4.9258069922e-03 5.3000562546e-02)	0	2.7889233226e+00	(1.3250159125e-01 4.5860163640e-02 1.8448363969e-01)	1
0.0031142992      	k                 	2.4315919698e-07	(7.6296438098e-02 4.8626669468e-02 2.2887366007e-01)	1	2.8504199586e-02	(1.0649999991e-01 4.1610147690e-02 1.4753667828e-01)	1
0.0031142992      	omega             	1.9897381920e+01	(-3.7823930337e-01 4.4373129307e-01 4.0815378159e-01)	2	1.6962361648e+07	(1.0291314320e-01 4.7269903838e-02 6.1879950920e-03)	3
0.0031142992      	p                 	-5.3785788610e+00	(8.6523300343e-02 4.3796504927e-02 1.6750441036e-01)	1	1.0379085694e+01	(1.1449974036e-01 4.6107927289e-02 1.6950081284e-01)	1
0.0031392992      	mag(U)            	0.0000000000e+00	(-1.4000000060e-01 4.9258069922e-03 5.3000562546e-02)	0	2.8035680626e+00	(1.3250159125e-01 4.5860163640e-02 1.8448363969e-01)	1
0.0031392992      	k                 	2.4118393197e-07	(7.6296438098e-02 4.8626669468e-02 2.2887366007e-01)	1	2.8864038590e-02	(1.0649999991e-01 4.1610147690e-02 1.4753667828e-01)	1
0.0031392992      	omega             	1.9896562414e+01	(-3.7823930337e-01 4.4373129307e-01 4.0815378159e-01)	2	1.6962361648e+07	(1.0291314320e-01 4.7269903838e-02 6.1879950920e-03)	3
0.0031392992      	p                 	-5.4336502977e+00	(8.6523300343e-02 4.3796504927e-02 1.6750441036e-01)	1	1.0385814364e+01	(1.1449974036e-01 4.6107927289e-02 1.6950081284e-01)	1
0.0031642992      	mag(U)            	0.0000000000e+00	(-1.4000000060e-01 4.9258069922e-03 5.3000562546e-02)	0	2.8180929668e+00	(1.3250159125e-01 4.5860163640e-02 1.8448363969e-01)	1
0.0031642992      	k                 	2.3924377234e-07	(7.6296438098e-02 4.8626669468e-02 2.2887366007e-01)	1	2.9225041669e-02	(1.0649999991e-01 4.1610147690e-02 1.4753667828e-01)	1
0.0031642992      	omega             	1.9895742976e+01	(-3.7823930337e-01 4.4373129307e-01 4.0815378159e-01)	2	1.6962361649e+07	(1.0291314320e-01 4.7269903838e-02 6.1879950920e-03)	3
0.0031642992      	p                 	-5.4704329074e+00	(8.6523300343e-02 4.3796504927e-02 1.6750441036e-01)	1	1.0395022605e+01	(1.1449974036e-01 4.6107927289e-02 1.6950081284e-01)	1
0.0031892992      	mag(U)            	0.0000000000e+00	(-1.4000000060e-01 4.9258069922e-03 5.3000562546e-02)	0	2.8324906748e+00	(1.3250159125e-01 4.5860163640e-02 1.8448363969e-01)	1
0.0031892992      	k                 	2.3733855368e-07	(7.6296438098e-02 4.8626669468e-02 2.2887366007e-01)	1	2.9587148902e-02	(1.0649999991e-01 4.1610147690e-02 1.4753667828e-01)	1
0.0031892992      	omega             	1.9894923605e+01	(-3.7823930337e-01 4.4373129307e-01 4.0815378159e-01)	2	1.6962361649e+07	(1.0291314320e-01 4.7269903838e-02 6.1879950920e-03)	3
0.0031892992      	p                 	-5.5123439060e+00	(8.6523300343e-02 4.3796504927e-02 1.6750441036e-01)	1	1.0401752636e+01	(1.1449974036e-01 4.6107927289e-02 1.6950081284e-01)	1
0.0032142992      	mag(U)            	0.0000000000e+00	(-1.4000000060e-01 4.9258069922e-03 5.3000562546e-02)	0	2.8467746512e+00	(1.3250159125e-01 4.5860163640e-02 1.8448363969e-01)	1
0.0032142992      	k                 	2.3546792482e-07	(7.6296438098e-02 4.8626669468e-02 2.2887366007e-01)	1	2.9950299983e-02	(1.0649999991e-01 4.1610147690e-02 1.4753667828e-01)	1
0.0032142992      	omega             	1.9894104302e+01	(-3.7823930337e-01 4.4373129307e-01 4.0815378159e-01)	2	1.6962361649e+07	(1.0291314320e-01 4.7269903838e-02 6.1879950920e-03)	3
0.0032142992      	p                 	-5.5515550195e+00	(8.6523300343e-02 4.3796504927e-02 1.6750441036e-01)	1	1.0410743912e+01	(1.1449974036e-01 4.6107927289e-02 1.6950081284e-01)	1
0.0032392992      	mag(U)            	0.0000000000e+00	(-1.4000000060e-01 4.9258069922e-03 5.3000562546e-02)	0	2.8609429631e+00	(1.3250159125e-01 4.5860163640e-02 1.8448363969e-01)	1
0.0032392992      	k                 	2.3363152367e-07	(7.6296438098e-02 4.8626669468e-02 2.2887366007e-01)	1	3.0314440142e-02	(1.0649999991e-01 4.1610147690e-02 1.4753667828e-01)	1
0.0032392992      	omega             	1.9893285066e+01	(-3.7823930337e-01 4.4373129307e-01 4.0815378159e-01)	2	1.6962361650e+07	(1.0291314320e-01 4.7269903838e-02 6.1879950920e-03)	3
0.0032392992      	p                 	-5.5902054038e+00	(8.6523300343e-02 4.3796504927e-02 1.6750441036e-01)	1	1.0417473578e+01	(1.1449974036e-01 4.6107927289e-02 1.6950081284e-01)	1
0.0032642992      	mag(U)            	0.0000000000e+00	(-1.4000000060e-01 4.9258069922e-03 5.3000562546e-02)	0	2.8749943379e+00	(1.3250159125e-01 4.5860163640e-02 1.8448363969e-01)	1
0.0032642992      	k                 	2.3182842911e-07	(7.6296438098e-02 4.8626669468e-02 2.2887366007e-01)	1	3.0679518036e-02	(1.0649999991e-01 4.1610147690e-02 1.4753667828e-01)	1
0.0032642992      	omega             	1.9892465898e+01	(-3.7821475480e-01 4.4372197042e-01 4.2439345975e-01)	2	1.6962361650e+07	(1.0291314320e-01 4.7269903838e-02 6.1879950920e-03)	3
0.0032642992      	p                 	-5.6440035944e+00	(1.3149983563e-01 4.4819879811e-02 1.8645798054e-01)	1	1.0426596173e+01	(1.1449974036e-01 4.6107927289e-02 1.6950081284e-01)	1
0.0032892992      	mag(U)            	0.0000000000e+00	(-1.4000000060e-01 4.9258069922e-03 5.3000562546e-02)	0	2.8889313346e+00	(1.3250159125e-01 4.5860163640e-02 1.8448363969e-01)	1
0.0032892992      	k                 	2.3005824582e-07	(7.6296438098e-02 4.8626669468e-02 2.2887366007e-01)	1	3.1083222640e-02	(9.9501066557e-02 4.8990079471e-02 1.9350000002e-01)	1
0.0032892992      	omega             	1.9891646797e+01	(-3.7821475480e-01 4.4372197042e-01 4.2439345975e-01)	2	1.6962361650e+07	(1.0291314320e-01 4.7269903838e-02 6.1879950920e-03)	3
0.0032892992      	p                 	-5.7289485408e+00	(1.3149983563e-01 4.4819879811e-02 1.8645798054e-01)	1	1.0434970625e+01	(1.1449974036e-01 4.6107927289e-02 1.6950081284e-01)	1
0.0033142992      	mag(U)            	0.0000000000e+00	(-1.4000000060e-01 4.9258069922e-03 5.3000562546e-02)	0	2.9027626641e+00	(1.3250159125e-01 4.5860163640e-02 1.8448363969e-01)	1
0.0033142992      	k                 	2.2832182669e-07	(7.6296438098e-02 4.8626669468e-02 2.2887366007e-01)	1	3.1613922848e-02	(9.9501066557e-02 4.8990079471e-02 1.9350000002e-01)	1
0.0033142992      	omega             	1.9890827763e+01	(-3.7821475480e-01 4.4372197042e-01 4.2439345975e-01)	2	1.6962361651e+07	(1.0291314320e-01 4.7269903838e-02 6.1879950920e-03)	3
0.0033142992      	p                 	-5.8089581152e+00	(1.3149983563e-01 4.4819879811e-02 1.8645798054e-01)	1	1.0443398190e+01	(1.1449974036e-01 4.6107927289e-02 1.6950081284e-01)	1
0.0033392992      	mag(U)            	0.0000000000e+00	(-1.4000000060e-01 4.9258069922e-03 5.3000562546e-02)	0	2.9164867451e+00	(1.3250159125e-01 4.5860163640e-02 1.8448363969e-01)	1
0.0033392992      	k                 	2.2661900762e-07	(7.6296438098e-02 4.8626669468e-02 2.2887366007e-01)	1	3.2150522886e-02	(9.9501066557e-02 4.8990079471e-02 1.9350000002e-01)	1
0.0033392992      	omega             	1.9890008797e+01	(-3.7821475480e-01 4.4372197042e-01 4.2439345975e-01)	2	1.6962361651e+07	(1.0291314320e-01 4.7269903838e-02 6.1879950920e-03)	3
0.0033392992      	p                 	-5.8927752830e+00	(1.3149983563e-01 4.4819879811e-02 1.8645798054e-01)	1	1.0450967580e+01	(1.1449974036e-01 4.6107927289e-02 1.6950081284e-01)	1
0.0033642992      	mag(U)            	0.0000000000e+00	(-1.4000000060e-01 4.9258069922e-03 5.3000562546e-02)	0	2.9300847547e+00	(1.3250159125e-01 4.5860163640e-02 1.8448363969e-01)	1
0.0033642992      	k                 	2.2494882223e-07	(7.6296438098e-02 4.8626669468e-02 2.2887366007e-01)	1	3.2693068418e-02	(9.9501066557e-02 4.8990079471e-02 1.9350000002e-01)	1
0.0033642992      	omega             	1.9889189899e+01	(-3.7821475480e-01 4.4372197042e-01 4.2439345975e-01)	2	1.6962361651e+07	(1.0291314320e-01 4.7269903838e-02 6.1879950920e-03)	3
0.0033642992      	p                 	-5.9773109411e+00	(1.3149983563e-01 4.4819879811e-02 1.8645798054e-01)	1	1.0459530009e+01	(1.1449974036e-01 4.6107927289e-02 1.6950081284e-01)	1
0.0033892992      	mag(U)            	0.0000000000e+00	(-1.4000000060e-01 4.9258069922e-03 5.3000562546e-02)	0	2.9435454592e+00	(1.3250159125e-01 4.5860163640e-02 1.8448363969e-01)	1
0.0033892992      	k                 	2.2331010580e-07	(7.6296438098e-02 4.8626669468e-02 2.2887366007e-01)	1	3.3241608067e-02	(9.9501066557e-02 4.8990079471e-02 1.9350000002e-01)	1
0.0033892992      	omega             	1.9888371067e+01	(-3.7821475480e-01 4.4372197042e-01 4.2439345975e-01)	2	1.6962361652e+07	(1.0291314320e-01 4.7269903838e-02 6.1879950920e-03)	3
0.0033892992      	p                 	-6.0613282066e+00	(1.3149983563e-01 4.4819879811e-02 1.8645798054e-01)	1	1.0467310447e+01	(1.1449974036e-01 4.6107927289e-02 1.6950081284e-01)	1
0.0034142992      	mag(U)            	0.0000000000e+00	(-1.4000000060e-01 4.9258069922e-03 5.3000562546e-02)	0	2.9568751909e+00	(1.3250159125e-01 4.5860163640e-02 1.8448363969e-01)	1
0.0034142992      	k                 	2.2170206458e-07	(7.6296438098e-02 4.8626669468e-02 2.2887366007e-01)	1	3.3796190550e-02	(9.9501066557e-02 4.8990079471e-02 1.9350000002e-01)	1
0.0034142992      	omega             	1.9887552304e+01	(-3.7821475480e-01 4.4372197042e-01 4.2439345975e-01)	2	1.6962361652e+07	(1.0291314320e-01 4.7269903838e-02 6.1879950920e-03)	3
0.0034142992      	p                 	-6.1479366253e+00	(9.4500205942e-02 4.4789616326e-02 1.9043579971e-01)	1	1.0476084069e+01	(1.1449974036e-01 4.6107927289e-02 1.6950081284e-01)	1
0.0034392992      	mag(U)            	0.0000000000e+00	(-1.4000000060e-01 4.9258069922e-03 5.3000562546e-02)	0	2.9700725257e+00	(1.3250159125e-01 4.5860163640e-02 1.8448363969e-01)	1
0.0034392992      	k                 	2.2012400198e-07	(7.6296438098e-02 4.8626669468e-02 2.2887366007e-01)	1	3.4356862144e-02	(9.9501066557e-02 4.8990079471e-02 1.9350000002e-01)	1
0.0034392992      	omega             	1.9886733607e+01	(-3.7821475480e-01 4.4372197042e-01 4.2439345975e-01)	2	1.6962361652e+07	(1.0291314320e-01 4.7269903838e-02 6.1879950920e-03)	3
0.0034392992      	p                 	-6.2415340245e+00	(9.4500205942e-02 4.4789616326e-02 1.9043579971e-01)	1	1.0483588248e+01	(1.1449974036e-01 4.6107927289e-02 1.6950081284e-01)	1
0.0034642992      	mag(U)            	0.0000000000e+00	(-1.4000000060e-01 4.9258069922e-03 5.3000562546e-02)	0	2.9831273249e+00	(1.3250159125e-01 4.5860163640e-02 1.8448363969e-01)	1
0.0034642992      	k                 	2.1857545461e-07	(7.6296438098e-02 4.8626669468e-02 2.2887366007e-01)	1	3.4923668532e-02	(9.9501066557e-02 4.8990079471e-02 1.9350000002e-01)	1
0.0034642992      	omega             	1.9885914979e+01	(-3.7821475480e-01 4.4372197042e-01 4.2439345975e-01)	2	1.6962361653e+07	(1.0291314320e-01 4.7269903838e-02 6.1879950920e-03)	3
0.0034642992      	p                 	-6.3344877754e+00	(9.4500205942e-02 4.4789616326e-02 1.9043579971e-01)	1	1.0492518271e+01	(1.1449974036e-01 4.6107927289e-02 1.6950081284e-01)	1
0.0034892992      	mag(U)            	0.0000000000e+00	(-1.4000000060e-01 4.9258069922e-03 5.3000562546e-02)	0	2.9960419409e+00	(1.3250159125e-01 4.5860163640e-02 1.8448363969e-01)	1
0.0034892992      	k                 	2.1705553274e-07	(7.6296438098e-02 4.8626669468e-02 2.2887366007e-01)	1	3.5496656075e-02	(9.9501066557e-02 4.8990079471e-02 1.9350000002e-01)	1
0.0034892992      	omega             	1.9885096417e+01	(-3.7821475480e-01 4.4372197042e-01 4.2439345975e-01)	2	1.6962361653e+07	(1.0291314320e-01 4.7269903838e-02 6.1879950920e-03)	3
0.0034892992      	p                 	-6.4275344224e+00	(9.4500205942e-02 4.4789616326e-02 1.9043579971e-01)	1	1.0500528400e+01	(1.1449974036e-01 4.6107927289e-02 1.6950081284e-01)	1
0.0035142992      	mag(U)            	0.0000000000e+00	(-1.4000000060e-01 4.9258069922e-03 5.3000562546e-02)	0	3.0088195570e+00	(1.3250159125e-01 4.5860163640e-02 1.8448363969e-01)	1
0.0035142992      	k                 	2.1556356576e-07	(7.6296438098e-02 4.8626669468e-02 2.2887366007e-01)	1	3.6075872486e-02	(9.9501066557e-02 4.8990079471e-02 1.9350000002e-01)	1
0.0035142992      	omega             	1.9884277923e+01	(-3.7821475480e-01 4.4372197042e-01 4.2439345975e-01)	2	1.6962361654e+07	(1.0291314320e-01 4.7269903838e-02 6.1879950920e-03)	3
0.0035142992      	p                 	-6.5204633408e+00	(9.4500205942e-02 4.4789616326e-02 1.9043579971e-01)	1	1.0509179044e+01	(1.1449974036e-01 4.6107927289e-02 1.6950081284e-01)	1
0.0035392992      	mag(U)            	0.0000000000e+00	(-1.4000000060e-01 4.9258069922e-03 5.3000562546e-02)	0	3.0214543142e+00	(1.3250159125e-01 4.5860163640e-02 1.8448363969e-01)	1
0.0035392992      	k                 	2.1409875200e-07	(7.6296438098e-02 4.8626669468e-02 2.2887366007e-01)	1	3.6661365444e-02	(9.9501066557e-02 4.8990079471e-02 1.9350000002e-01)	1
0.0035392992      	omega             	1.9883459496e+01	(-3.7821475480e-01 4.4372197042e-01 4.2439345975e-01)	2	1.6962361654e+07	(1.0291314320e-01 4.7269903838e-02 6.1879950920e-03)	3
0.0035392992      	p                 	-6.6136211436e+00	(9.4500205942e-02 4.4789616326e-02 1.9043579971e-01)	1	1.0516810974e+01	(1.1449974036e-01 4.6107927289e-02 1.6950081284e-01)	1
0.0035642992      	mag(U)            	0.0000000000e+00	(-1.4000000060e-01 4.9258069922e-03 5.3000562546e-02)	0	3.0339373016e+00	(1.3250159125e-01 4.5860163640e-02 1.8448363969e-01)	1
0.0035642992      	k                 	2.1266036505e-07	(7.6296438098e-02 4.8626669468e-02 2.2887366007e-01)	1	3.7253182671e-02	(9.9501066557e-02 4.8990079471e-02 1.9350000002e-01)	1
0.0035642992      	omega             	1.9882641137e+01	(-3.7821475480e-01 4.4372197042e-01 4.2439345975e-01)	2	1.6962361654e+07	(1.0291314320e-01 4.7269903838e-02 6.1879950920e-03)	3
0.0035642992      	p                 	-6.7046520475e+00	(9.4500205942e-02 4.4789616326e-02 1.9043579971e-01)	1	1.0525322805e+01	(1.1449974036e-01 4.6107927289e-02 1.6950081284e-01)	1
0.0035892992      	mag(U)            	0.0000000000e+00	(-1.4000000060e-01 4.9258069922e-03 5.3000562546e-02)	0	3.0465818470e+00	(9.1501147485e-02 4.5852029985e-02 1.8647439012e-01)	1
0.0035892992      	k                 	2.1124807256e-07	(7.6296438098e-02 4.8626669468e-02 2.2887366007e-01)	1	3.7851365152e-02	(9.9501066557e-02 4.8990079471e-02 1.9350000002e-01)	1
0.0035892992      	omega             	1.9881822845e+01	(-3.7821475480e-01 4.4372197042e-01 4.2439345975e-01)	2	1.6962361655e+07	(1.0291314320e-01 4.7269903838e-02 6.1879950920e-03)	3
0.0035892992      	p                 	-6.7970000675e+00	(9.4500205942e-02 4.4789616326e-02 1.9043579971e-01)	1	1.0533488959e+01	(1.1449974036e-01 4.6107927289e-02 1.6950081284e-01)	1
0.0036142992      	mag(U)            	0.0000000000e+00	(-1.4000000060e-01 4.9258069922e-03 5.3000562546e-02)	0	3.0599489369e+00	(9.1501147485e-02 4.5852029985e-02 1.8647439012e-01)	1
0.0036142992      	k                 	2.0986162569e-07	(7.6296438098e-02 4.8626669468e-02 2.2887366007e-01)	1	3.8455940415e-02	(9.9501066557e-02 4.8990079471e-02 1.9350000002e-01)	1
0.0036142992      	omega             	1.9881004620e+01	(-3.7821475480e-01 4.4372197042e-01 4.2439345975e-01)	2	1.6962361655e+07	(1.0291314320e-01 4.7269903838e-02 6.1879950920e-03)	3
0.0036142992      	p                 	-6.8876109728e+00	(9.4500205942e-02 4.4789616326e-02 1.9043579971e-01)	1	1.0541794793e+01	(1.1449974036e-01 4.6107927289e-02 1.6950081284e-01)	1
0.0036392992      	mag(U)            	0.0000000000e+00	(-1.4000000060e-01 4.9258069922e-03 5.3000562546e-02)	0	3.0731289153e+00	(9.1501147485e-02 4.5852029985e-02 1.8647439012e-01)	1
0.0036392992      	k                 	2.0850067209e-07	(7.6296438098e-02 4.8626669468e-02 2.2887366007e-01)	1	3.9066919829e-02	(9.9501066557e-02 4.8990079471e-02 1.9350000002e-01)	1
0.0036392992      	omega             	1.9880186463e+01	(-3.7821475480e-01 4.4372197042e-01 4.2439345975e-01)	2	1.6962361655e+07	(1.0291314320e-01 4.7269903838e-02 6.1879950920e-03)	3
0.0036392992      	p                 	-6.9789947251e+00	(9.4500205942e-02 4.4789616326e-02 1.9043579971e-01)	1	1.0550367073e+01	(1.1449974036e-01 4.6107927289e-02 1.6950081284e-01)	1
0.0036642992      	mag(U)            	0.0000000000e+00	(-1.4000000060e-01 4.9258069922e-03 5.3000562546e-02)	0	3.0865219329e+00	(9.1501147485e-02 4.5852029985e-02 1.8647439012e-01)	1
0.0036642992      	k                 	2.0716462118e-07	(7.6296438098e-02 4.8626669468e-02 2.2887366007e-01)	1	3.9684324632e-02	(9.9501066557e-02 4.8990079471e-02 1.9350000002e-01)	1
0.0036642992      	omega             	1.9879368373e+01	(-3.7821475480e-01 4.4372197042e-01 4.2439345975e-01)	2	1.6962361656e+07	(1.0291314320e-01 4.7269903838e-02 6.1879950920e-03)	3
0.0036642992      	p                 	-7.0694030437e+00	(9.4500205942e-02 4.4789616326e-02 1.9043579971e-01)	1	1.0558694978e+01	(1.1449974036e-01 4.6107927289e-02 1.6950081284e-01)	1
0.0036892992      	mag(U)            	0.0000000000e+00	(-1.4000000060e-01 4.9258069922e-03 5.3000562546e-02)	0	3.1000719942e+00	(9.1501147485e-02 4.5852029985e-02 1.8647439012e-01)	1
0.0036892992      	k                 	2.0585268796e-07	(7.6296438098e-02 4.8626669468e-02 2.2887366007e-01)	1	4.0308185242e-02	(9.9501066557e-02 4.8990079471e-02 1.9350000002e-01)	1
0.0036892992      	omega             	1.9878550350e+01	(-3.7821475480e-01 4.4372197042e-01 4.2439345975e-01)	2	1.6962361656e+07	(1.0291314320e-01 4.7269903838e-02 6.1879950920e-03)	3
0.0036892992      	p                 	-7.1597233745e+00	(9.4500205942e-02 4.4789616326e-02 1.9043579971e-01)	1	1.0566709348e+01	(1.1449974036e-01 4.6107927289e-02 1.6950081284e-01)	1
0.0037142992      	mag(U)            	0.0000000000e+00	(-1.4000000060e-01 4.9258069922e-03 5.3000562546e-02)	0	3.1136012036e+00	(9.1501147485e-02 4.5852029985e-02 1.8647439012e-01)	1
0.0037142992      	k                 	2.0456375057e-07	(7.6296438098e-02 4.8626669468e-02 2.2887366007e-01)	1	4.0944967076e-02	(1.0050018877e-01 4.8988499136e-02 1.9450000002e-01)	1
0.0037142992      	omega             	1.9877732395e+01	(-3.7821475480e-01 4.4372197042e-01 4.2439345975e-01)	2	1.6962361657e+07	(1.0291314320e-01 4.7269903838e-02 6.1879950920e-03)	3
0.0037142992      	p                 	-7.2427506956e+00	(9.4500205942e-02 4.4789616326e-02 1.9043579971e-01)	1	1.0574355801e+01	(1.1449974036e-01 4.6107927289e-02 1.6950081284e-01)	1
0.0037392992      	mag(U)            	0.0000000000e+00	(-1.4000000060e-01 4.9258069922e-03 5.3000562546e-02)	0	3.1269992684e+00	(9.1501147485e-02 4.5852029985e-02 1.8647439012e-01)	1
0.0037392992      	k                 	2.0329621514e-07	(7.6296438098e-02 4.8626669468e-02 2.2887366007e-01)	1	4.1596626949e-02	(1.0050018877e-01 4.8988499136e-02 1.9450000002e-01)	1
0.0037392992      	omega             	1.9876914507e+01	(-3.7821475480e-01 4.4372197042e-01 4.2439345975e-01)	2	1.6962361657e+07	(1.0291314320e-01 4.7269903838e-02 6.1879950920e-03)	3
0.0037392992      	p                 	-7.3174702236e+00	(9.4500205942e-02 4.4789616326e-02 1.9043579971e-01)	1	1.0581722422e+01	(1.1449974036e-01 4.6107927289e-02 1.6950081284e-01)	1
0.0037642992      	mag(U)            	0.0000000000e+00	(-1.4000000060e-01 4.9258069922e-03 5.3000562546e-02)	0	3.1402778818e+00	(9.1501147485e-02 4.5852029985e-02 1.8647439012e-01)	1
0.0037642992      	k                 	2.0204883028e-07	(7.6296438098e-02 4.8626669468e-02 2.2887366007e-01)	1	4.2255494493e-02	(1.0050018877e-01 4.8988499136e-02 1.9450000002e-01)	1
0.0037642992      	omega             	1.9876096686e+01	(-3.7821475480e-01 4.4372197042e-01 4.2439345975e-01)	2	1.6962361657e+07	(1.0291314320e-01 4.7269903838e-02 6.1879950920e-03)	3
0.0037642992      	p                 	-7.4141338631e+00	(9.4500205942e-02 4.4789616326e-02 1.9043579971e-01)	1	1.0590245157e+01	(1.1449974036e-01 4.6107927289e-02 1.6950081284e-01)	1
0.0037892992      	mag(U)            	0.0000000000e+00	(-1.4000000060e-01 4.9258069922e-03 5.3000562546e-02)	0	3.1539020245e+00	(9.1501147485e-02 4.5852029985e-02 1.8647439012e-01)	1
0.0037892992      	k                 	2.0081976164e-07	(7.6296438098e-02 4.8626669468e-02 2.2887366007e-01)	1	4.2921629225e-02	(1.0050018877e-01 4.8988499136e-02 1.9450000002e-01)	1
0.0037892992      	omega             	1.9875278933e+01	(-3.7821475480e-01 4.4372197042e-01 4.2439345975e-01)	2	1.6962361658e+07	(1.0291314320e-01 4.7269903838e-02 6.1879950920e-03)	3
0.0037892992      	p                 	-7.4894834931e+00	(9.4500205942e-02 4.4789616326e-02 1.9043579971e-01)	1	1.0597493111e+01	(1.1449974036e-01 4.6107927289e-02 1.6950081284e-01)	1
0.0038142992      	mag(U)            	0.0000000000e+00	(-1.4000000060e-01 4.9258069922e-03 5.3000562546e-02)	0	3.1672049905e+00	(9.1501147485e-02 4.5852029985e-02 1.8647439012e-01)	1
0.0038142992      	k                 	1.9960816883e-07	(7.6296438098e-02 4.8626669468e-02 2.2887366007e-01)	1	4.3595090363e-02	(1.0050018877e-01 4.8988499136e-02 1.9450000002e-01)	1
0.0038142992      	omega             	1.9874461247e+01	(-3.7821475480e-01 4.4372197042e-01 4.2439345975e-01)	2	1.6962361658e+07	(1.0291314320e-01 4.7269903838e-02 6.1879950920e-03)	3
0.0038142992      	p                 	-7.5826835838e+00	(9.4500205942e-02 4.4789616326e-02 1.9043579971e-01)	1	1.0605965342e+01	(1.1449974036e-01 4.6107927289e-02 1.6950081284e-01)	1
0.0038392992      	mag(U)            	0.0000000000e+00	(-1.4000000060e-01 4.9258069922e-03 5.3000562546e-02)	0	3.1804660436e+00	(9.1501147485e-02 4.5852029985e-02 1.8647439012e-01)	1
0.0038392992      	k                 	1.9841355274e-07	(7.6296438098e-02 4.8626669468e-02 2.2887366007e-01)	1	4.4275937244e-02	(1.0050018877e-01 4.8988499136e-02 1.9450000002e-01)	1
0.0038392992      	omega             	1.9873643628e+01	(-3.7821475480e-01 4.4372197042e-01 4.2439345975e-01)	2	1.6962361658e+07	(1.0291314320e-01 4.7269903838e-02 6.1879950920e-03)	3
0.0038392992      	p                 	-7.6621556304e+00	(9.4500205942e-02 4.4789616326e-02 1.9043579971e-01)	1	1.0614075839e+01	(1.1449974036e-01 4.6107927289e-02 1.6950081284e-01)	1
0.0038642992      	mag(U)            	0.0000000000e+00	(-1.4000000060e-01 4.9258069922e-03 5.3000562546e-02)	0	3.1936344262e+00	(9.1501147485e-02 4.5852029985e-02 1.8647439012e-01)	1
0.0038642992      	k                 	1.9723552872e-07	(7.6296438098e-02 4.8626669468e-02 2.2887366007e-01)	1	4.4964233105e-02	(1.0050018877e-01 4.8988499136e-02 1.9450000002e-01)	1
0.0038642992      	omega             	1.9872826076e+01	(-3.7821475480e-01 4.4372197042e-01 4.2439345975e-01)	2	1.6962361659e+07	(1.0291314320e-01 4.7269903838e-02 6.1879950920e-03)	3
0.0038642992      	p                 	-7.7494048964e+00	(9.4500205942e-02 4.4789616326e-02 1.9043579971e-01)	1	1.0621848770e+01	(1.1449974036e-01 4.6107927289e-02 1.6950081284e-01)	1
0.0038892992      	mag(U)            	0.0000000000e+00	(-1.4000000060e-01 4.9258069922e-03 5.3000562546e-02)	0	3.2066980991e+00	(9.1501147485e-02 4.5852029985e-02 1.8647439012e-01)	1
0.0038892992      	k                 	1.9607314810e-07	(7.6296438098e-02 4.8626669468e-02 2.2887366007e-01)	1	4.5660041686e-02	(1.0050018877e-01 4.8988499136e-02 1.9450000002e-01)	1
0.0038892992      	omega             	1.9872008592e+01	(-3.7821475480e-01 4.4372197042e-01 4.2439345975e-01)	2	1.6962361659e+07	(1.0291314320e-01 4.7269903838e-02 6.1879950920e-03)	3
0.0038892992      	p                 	-7.8348627653e+00	(9.4500205942e-02 4.4789616326e-02 1.9043579971e-01)	1	1.0629706006e+01	(1.1449974036e-01 4.6107927289e-02 1.6950081284e-01)	1
0.0039142992      	mag(U)            	0.0000000000e+00	(-1.4000000060e-01 4.9258069922e-03 5.3000562546e-02)	0	3.2196572491e+00	(9.1501147485e-02 4.5852029985e-02 1.8647439012e-01)	1
0.0039142992      	k                 	1.9492601683e-07	(7.6296438098e-02 4.8626669468e-02 2.2887366007e-01)	1	4.6363422913e-02	(1.0050018877e-01 4.8988499136e-02 1.9450000002e-01)	1
0.0039142992      	omega             	1.9871191175e+01	(-3.7821475480e-01 4.4372197042e-01 4.2439345975e-01)	2	1.6962361660e+07	(1.0291314320e-01 4.7269903838e-02 6.1879950920e-03)	3
0.0039142992      	p                 	-7.9137523273e+00	(9.4500205942e-02 4.4789616326e-02 1.9043579971e-01)	1	1.0637561210e+01	(1.1449974036e-01 4.6107927289e-02 1.6950081284e-01)	1
0.0039392992      	mag(U)            	0.0000000000e+00	(-1.4000000060e-01 4.9258069922e-03 5.3000562546e-02)	0	3.2325054577e+00	(9.1501147485e-02 4.5852029985e-02 1.8647439012e-01)	1
0.0039392992      	k                 	1.9379395971e-07	(7.6296438098e-02 4.8626669468e-02 2.2887366007e-01)	1	4.7074425301e-02	(1.0050018877e-01 4.8988499136e-02 1.9450000002e-01)	1
0.0039392992      	omega             	1.9870373825e+01	(-3.7821475480e-01 4.4372197042e-01 4.2439345975e-01)	2	1.6962361660e+07	(1.0291314320e-01 4.7269903838e-02 6.1879950920e-03)	3
0.0039392992      	p                 	-7.9788202786e+00	(9.4500205942e-02 4.4789616326e-02 1.9043579971e-01)	1	1.0645682111e+01	(1.1449974036e-01 4.6107927289e-02 1.6950081284e-01)	1
0.0039642992      	mag(U)            	0.0000000000e+00	(-1.4000000060e-01 4.9258069922e-03 5.3000562546e-02)	0	3.2452393035e+00	(9.1501147485e-02 4.5852029985e-02 1.8647439012e-01)	1
0.0039642992      	k                 	1.9267726669e-07	(7.6296438098e-02 4.8626669468e-02 2.2887366007e-01)	1	4.7793095554e-02	(1.0050018877e-01 4.8988499136e-02 1.9450000002e-01)	1
0.0039642992      	omega             	1.9869556543e+01	(-3.7821475480e-01 4.4372197042e-01 4.2439345975e-01)	2	1.6962361660e+07	(1.0291314320e-01 4.7269903838e-02 6.1879950920e-03)	3
0.0039642992      	p                 	-8.0505447929e+00	(9.4500205942e-02 4.4789616326e-02 1.9043579971e-01)	1	1.0653611871e+01	(1.1449974036e-01 4.6107927289e-02 1.6950081284e-01)	1
0.0039892992      	mag(U)            	0.0000000000e+00	(-1.4000000060e-01 4.9258069922e-03 5.3000562546e-02)	0	3.2578677040e+00	(9.1501147485e-02 4.5852029985e-02 1.8647439012e-01)	1
0.0039892992      	k                 	1.9157567244e-07	(7.6296438098e-02 4.8626669468e-02 2.2887366007e-01)	1	4.8519478159e-02	(1.0050018877e-01 4.8988499136e-02 1.9450000002e-01)	1
0.0039892992      	omega             	1.9868739328e+01	(-3.7821475480e-01 4.4372197042e-01 4.2439345975e-01)	2	1.6962361661e+07	(1.0291314320e-01 4.7269903838e-02 6.1879950920e-03)	3
0.0039892992      	p                 	-8.1283494147e+00	(9.4500205942e-02 4.4789616326e-02 1.9043579971e-01)	1	1.0661307116e+01	(1.1449974036e-01 4.6107927289e-02 1.6950081284e-01)	1
0.0040142992      	mag(U)            	0.0000000000e+00	(-1.4000000060e-01 4.9258069922e-03 5.3000562546e-02)	0	3.2704047256e+00	(9.1501147485e-02 4.5852029985e-02 1.8647439012e-01)	1
0.0040142992      	k                 	1.9048872183e-07	(7.6296438098e-02 4.8626669468e-02 2.2887366007e-01)	1	4.9253617205e-02	(1.0050018877e-01 4.8988499136e-02 1.9450000002e-01)	1
0.0040142992      	omega             	1.9867922179e+01	(-3.7821475480e-01 4.4372197042e-01 4.2439345975e-01)	2	1.6962361661e+07	(1.0291314320e-01 4.7269903838e-02 6.1879950920e-03)	3
0.0040142992      	p                 	-8.2052427754e+00	(9.4500205942e-02 4.4789616326e-02 1.9043579971e-01)	1	1.0669165551e+01	(1.1449974036e-01 4.6107927289e-02 1.6950081284e-01)	1
0.0040392992      	mag(U)            	0.0000000000e+00	(-1.4000000060e-01 4.9258069922e-03 5.3000562546e-02)	0	3.2828399226e+00	(9.1501147485e-02 4.5852029985e-02 1.8647439012e-01)	1
0.0040392992      	k                 	1.8941645421e-07	(7.6296438098e-02 4.8626669468e-02 2.2887366007e-01)	1	4.9995549599e-02	(1.0050018877e-01 4.8988499136e-02 1.9450000002e-01)	1
0.0040392992      	omega             	1.9867105099e+01	(-3.7821475480e-01 4.4372197042e-01 4.2439345975e-01)	2	1.6962361662e+07	(1.0291314320e-01 4.7269903838e-02 6.1879950920e-03)	3
0.0040392992      	p                 	-8.2813664086e+00	(9.4500205942e-02 4.4789616326e-02 1.9043579971e-01)	1	1.0677307637e+01	(1.1449974036e-01 4.6107927289e-02 1.6950081284e-01)	1
0.0040642992      	mag(U)            	0.0000000000e+00	(-1.4000000060e-01 4.9258069922e-03 5.3000562546e-02)	0	3.2951846394e+00	(9.1501147485e-02 4.5852029985e-02 1.8647439012e-01)	1
0.0040642992      	k                 	1.8835888927e-07	(7.6296438098e-02 4.8626669468e-02 2.2887366007e-01)	1	5.0745308865e-02	(1.0050018877e-01 4.8988499136e-02 1.9450000002e-01)	1
0.0040642992      	omega             	1.9866288085e+01	(-3.7821475480e-01 4.4372197042e-01 4.2439345975e-01)	2	1.6962361662e+07	(1.0291314320e-01 4.7269903838e-02 6.1879950920e-03)	3
0.0040642992      	p                 	-8.3588008576e+00	(9.4500205942e-02 4.4789616326e-02 1.9043579971e-01)	1	1.0685012925e+01	(1.1449974036e-01 4.6107927289e-02 1.6950081284e-01)	1
0.0040892992      	mag(U)            	0.0000000000e+00	(-1.4000000060e-01 4.9258069922e-03 5.3000562546e-02)	0	3.3074442158e+00	(9.1501147485e-02 4.5852029985e-02 1.8647439012e-01)	1
0.0040892992      	k                 	1.8731564502e-07	(7.6296438098e-02 4.8626669468e-02 2.2887366007e-01)	1	5.1502925453e-02	(1.0050018877e-01 4.8988499136e-02 1.9450000002e-01)	1
0.0040892992      	omega             	1.9865471138e+01	(-3.7821475480e-01 4.4372197042e-01 4.2439345975e-01)	2	1.6962361662e+07	(1.0291314320e-01 4.7269903838e-02 6.1879950920e-03)	3
0.0040892992      	p                 	-8.4354197277e+00	(9.4500205942e-02 4.4789616326e-02 1.9043579971e-01)	1	1.0693147203e+01	(1.1449974036e-01 4.6107927289e-02 1.6950081284e-01)	1
0.0041142992      	mag(U)            	0.0000000000e+00	(-1.4000000060e-01 4.9258069922e-03 5.3000562546e-02)	0	3.3196185372e+00	(9.1501147485e-02 4.5852029985e-02 1.8647439012e-01)	1
0.0041142992      	k                 	1.8628659147e-07	(7.6296438098e-02 4.8626669468e-02 2.2887366007e-01)	1	5.2268426261e-02	(1.0050018877e-01 4.8988499136e-02 1.9450000002e-01)	1
0.0041142992      	omega             	1.9864654259e+01	(-3.7821475480e-01 4.4372197042e-01 4.2439345975e-01)	2	1.6962361663e+07	(1.0291314320e-01 4.7269903838e-02 6.1879950920e-03)	3
0.0041142992      	p                 	-8.5123460587e+00	(9.4500205942e-02 4.4789616326e-02 1.9043579971e-01)	1	1.0701006905e+01	(1.1449974036e-01 4.6107927289e-02 1.6950081284e-01)	1
0.0041392992      	mag(U)            	0.0000000000e+00	(-1.4000000060e-01 4.9258069922e-03 5.3000562546e-02)	0	3.3317160515e+00	(9.1501147485e-02 4.5852029985e-02 1.8647439012e-01)	1
0.0041392992      	k                 	1.8527103387e-07	(7.6296438098e-02 4.8626669468e-02 2.2887366007e-01)	1	5.3041845159e-02	(1.0050018877e-01 4.8988499136e-02 1.9450000002e-01)	1
0.0041392992      	omega             	1.9863837447e+01	(-3.7821475480e-01 4.4372197042e-01 4.2439345975e-01)	2	1.6962361663e+07	(1.0291314320e-01 4.7269903838e-02 6.1879950920e-03)	3
0.0041392992      	p                 	-8.5881737914e+00	(9.4500205942e-02 4.4789616326e-02 1.9043579971e-01)	1	1.0709852239e+01	(1.1449969978e-01 4.6106917321e-02 1.7249942685e-01)	1
0.0041642992      	mag(U)            	0.0000000000e+00	(-1.4000000060e-01 4.9258069922e-03 5.3000562546e-02)	0	3.3437439222e+00	(9.1501147485e-02 4.5852029985e-02 1.8647439012e-01)	1
0.0041642992      	k                 	1.8426790926e-07	(7.6296438098e-02 4.8626669468e-02 2.2887366007e-01)	1	5.3823233232e-02	(1.0050018877e-01 4.8988499136e-02 1.9450000002e-01)	1
0.0041642992      	omega             	1.9863020702e+01	(-3.7821475480e-01 4.4372197042e-01 4.2439345975e-01)	2	1.6962361664e+07	(1.0291314320e-01 4.7269903838e-02 6.1879950920e-03)	3
0.0041642992      	p                 	-8.6631460333e+00	(9.4500205942e-02 4.4789616326e-02 1.9043579971e-01)	1	1.0718493002e+01	(1.1449969978e-01 4.6106917321e-02 1.7249942685e-01)	1
0.0041892992      	mag(U)            	0.0000000000e+00	(-1.4000000060e-01 4.9258069922e-03 5.3000562546e-02)	0	3.3556965608e+00	(9.1501147485e-02 4.5852029985e-02 1.8647439012e-01)	1
0.0041892992      	k                 	1.8327673219e-07	(7.6296438098e-02 4.8626669468e-02 2.2887366007e-01)	1	5.4612635999e-02	(1.0050018877e-01 4.8988499136e-02 1.9450000002e-01)	1
0.0041892992      	omega             	1.9862204024e+01	(-3.7821475480e-01 4.4372197042e-01 4.2439345975e-01)	2	1.6962361664e+07	(1.0291314320e-01 4.7269903838e-02 6.1879950920e-03)	3
0.0041892992      	p                 	-8.7370304147e+00	(9.4500205942e-02 4.4789616326e-02 1.9043579971e-01)	1	1.0726280759e+01	(1.1449969978e-01 4.6106917321e-02 1.7249942685e-01)	1
0.0042142992      	mag(U)            	0.0000000000e+00	(-1.4000000060e-01 4.9258069922e-03 5.3000562546e-02)	0	3.3675743583e+00	(9.1501147485e-02 4.5852029985e-02 1.8647439012e-01)	1
0.0042142992      	k                 	1.8229716540e-07	(7.6296438098e-02 4.8626669468e-02 2.2887366007e-01)	1	5.5410097514e-02	(1.0050018877e-01 4.8988499136e-02 1.9450000002e-01)	1
0.0042142992      	omega             	1.9861387414e+01	(-3.7821475480e-01 4.4372197042e-01 4.2439345975e-01)	2	1.6962361664e+07	(1.0291314320e-01 4.7269903838e-02 6.1879950920e-03)	3
0.0042142992      	p                 	-8.7843523363e+00	(9.4500205942e-02 4.4789616326e-02 1.9043579971e-01)	1	1.0734999795e+01	(1.1449969978e-01 4.6106917321e-02 1.7249942685e-01)	1
0.0042392992      	mag(U)            	0.0000000000e+00	(-1.4000000060e-01 4.9258069922e-03 5.3000562546e-02)	0	3.3793798162e+00	(9.1501147485e-02 4.5852029985e-02 1.8647439012e-01)	1
0.0042392992      	k                 	1.8132274022e-07	(7.6296438098e-02 4.8626669468e-02 2.2887366007e-01)	1	5.6215846671e-02	(1.0050018877e-01 4.8988499136e-02 1.9450000002e-01)	1
0.0042392992      	omega             	1.9860570870e+01	(-3.7821475480e-01 4.4372197042e-01 4.2439345975e-01)	2	1.6962361665e+07	(1.0291314320e-01 4.7269903838e-02 6.1879950920e-03)	3
0.0042392992      	p                 	-8.8330413604e+00	(9.4500205942e-02 4.4789616326e-02 1.9043579971e-01)	1	1.0744082120e+01	(1.1449969978e-01 4.6106917321e-02 1.7249942685e-01)	1
0.0042642992      	mag(U)            	0.0000000000e+00	(-1.4000000060e-01 4.9258069922e-03 5.3000562546e-02)	0	3.3911149989e+00	(9.1501147485e-02 4.5852029985e-02 1.8647439012e-01)	1
0.0042642992      	k                 	1.8036079381e-07	(7.6296438098e-02 4.8626669468e-02 2.2887366007e-01)	1	5.7029777161e-02	(1.0050018877e-01 4.8988499136e-02 1.9450000002e-01)	1
0.0042642992      	omega             	1.9859754394e+01	(-3.7821475480e-01 4.4372197042e-01 4.2439345975e-01)	2	1.6962361665e+07	(1.0291314320e-01 4.7269903838e-02 6.1879950920e-03)	3
0.0042642992      	p                 	-8.8962245488e+00	(9.4500205942e-02 4.4789616326e-02 1.9043579971e-01)	1	1.0753366946e+01	(1.1449969978e-01 4.6106917321e-02 1.7249942685e-01)	1
0.0042892992      	mag(U)            	0.0000000000e+00	(-1.4000000060e-01 4.9258069922e-03 5.3000562546e-02)	0	3.4027745199e+00	(9.1501147485e-02 4.5852029985e-02 1.8647439012e-01)	1
0.0042892992      	k                 	1.7941336820e-07	(7.6296438098e-02 4.8626669468e-02 2.2887366007e-01)	1	5.7851852750e-02	(1.0050018877e-01 4.8988499136e-02 1.9450000002e-01)	1
0.0042892992      	omega             	1.9858937985e+01	(-3.7821475480e-01 4.4372197042e-01 4.2439345975e-01)	2	1.6962361666e+07	(1.0291314320e-01 4.7269903838e-02 6.1879950920e-03)	3
0.0042892992      	p                 	-8.9588962506e+00	(9.4500205942e-02 4.4789616326e-02 1.9043579971e-01)	1	1.0762929952e+01	(1.1449969978e-01 4.6106917321e-02 1.7249942685e-01)	1
0.0043142992      	mag(U)            	0.0000000000e+00	(-1.4000000060e-01 4.9258069922e-03 5.3000562546e-02)	0	3.4143554905e+00	(9.1501147485e-02 4.5852029985e-02 1.8647439012e-01)	1
0.0043142992      	k                 	1.7848063129e-07	(7.6296438098e-02 4.8626669468e-02 2.2887366007e-01)	1	5.8682074220e-02	(1.0050018877e-01 4.8988499136e-02 1.9450000002e-01)	1
0.0043142992      	omega             	1.9858121643e+01	(-3.7821475480e-01 4.4372197042e-01 4.2439345975e-01)	2	1.6962361666e+07	(1.0291314320e-01 4.7269903838e-02 6.1879950920e-03)	3
0.0043142992      	p                 	-9.0328857084e+00	(9.7499848536e-02 4.4727089408e-02 1.9246119328e-01)	1	1.0772278144e+01	(1.1449969978e-01 4.6106917321e-02 1.7249942685e-01)	1
0.0043392992      	mag(U)            	0.0000000000e+00	(-1.4000000060e-01 4.9258069922e-03 5.3000562546e-02)	0	3.4258948986e+00	(9.1501147485e-02 4.5852029985e-02 1.8647439012e-01)	1
0.0043392992      	k                 	1.7756154991e-07	(7.6296438098e-02 4.8626669468e-02 2.2887366007e-01)	1	5.9520467012e-02	(1.0050018877e-01 4.8988499136e-02 1.9450000002e-01)	1
0.0043392992      	omega             	1.9857305368e+01	(-3.7821475480e-01 4.4372197042e-01 4.2439345975e-01)	2	1.6962361667e+07	(1.0291314320e-01 4.7269903838e-02 6.1879950920e-03)	3
0.0043392992      	p                 	-9.1124901208e+00	(9.7499848536e-02 4.4727089408e-02 1.9246119328e-01)	1	1.0781192844e+01	(1.1449969978e-01 4.6106917321e-02 1.7249942685e-01)	1
0.0043642992      	mag(U)            	0.0000000000e+00	(-1.4000000060e-01 4.9258069922e-03 5.3000562546e-02)	0	3.4373900844e+00	(9.1501147485e-02 4.5852029985e-02 1.8647439012e-01)	1
0.0043642992      	k                 	1.7665533835e-07	(7.6296438098e-02 4.8626669468e-02 2.2887366007e-01)	1	6.0367058407e-02	(1.0050018877e-01 4.8988499136e-02 1.9450000002e-01)	1
0.0043642992      	omega             	1.9856489160e+01	(-3.7821475480e-01 4.4372197042e-01 4.2439345975e-01)	2	1.6962361667e+07	(1.0291314320e-01 4.7269903838e-02 6.1879950920e-03)	3
0.0043642992      	p                 	-9.1934849806e+00	(9.7499848536e-02 4.4727089408e-02 1.9246119328e-01)	1	1.0789809128e+01	(1.1449969978e-01 4.6106917321e-02 1.7249942685e-01)	1
0.0043892992      	mag(U)            	0.0000000000e+00	(-1.4000000060e-01 4.9258069922e-03 5.3000562546e-02)	0	3.4488233771e+00	(9.1501147485e-02 4.5852029985e-02 1.8647439012e-01)	1
0.0043892992      	k                 	1.7576159474e-07	(7.6296438098e-02 4.8626669468e-02 2.2887366007e-01)	1	6.1221884282e-02	(1.0050018877e-01 4.8988499136e-02 1.9450000002e-01)	1
0.0043892992      	omega             	1.9855673019e+01	(-3.7821475480e-01 4.4372197042e-01 4.2439345975e-01)	2	1.6962361667e+07	(1.0291314320e-01 4.7269903838e-02 6.1879950920e-03)	3
0.0043892992      	p                 	-9.2755090047e+00	(9.7499848536e-02 4.4727089408e-02 1.9246119328e-01)	1	1.0798399119e+01	(1.1449969978e-01 4.6106917321e-02 1.7249942685e-01)	1
0.0044142992      	mag(U)            	0.0000000000e+00	(-1.4000000060e-01 4.9258069922e-03 5.3000562546e-02)	0	3.4602632655e+00	(9.1501147485e-02 4.5852029985e-02 1.8647439012e-01)	1
0.0044142992      	k                 	1.7488027178e-07	(7.6296438098e-02 4.8626669468e-02 2.2887366007e-01)	1	6.2084968409e-02	(1.0050018877e-01 4.8988499136e-02 1.9450000002e-01)	1
0.0044142992      	omega             	1.9854856946e+01	(-3.7821475480e-01 4.4372197042e-01 4.2439345975e-01)	2	1.6962361668e+07	(1.0291314320e-01 4.7269903838e-02 6.1879950920e-03)	3
0.0044142992      	p                 	-9.3284781439e+00	(9.7499848536e-02 4.4727089408e-02 1.9246119328e-01)	1	1.0806589329e+01	(1.1449969978e-01 4.6106917321e-02 1.7249942685e-01)	1
0.0044392992      	mag(U)            	0.0000000000e+00	(-1.4000000060e-01 4.9258069922e-03 5.3000562546e-02)	0	3.4717367879e+00	(9.1501147485e-02 4.5852029985e-02 1.8647439012e-01)	1
0.0044392992      	k                 	1.7401151246e-07	(7.6296438098e-02 4.8626669468e-02 2.2887366007e-01)	1	6.2956323637e-02	(1.0050018877e-01 4.8988499136e-02 1.9450000002e-01)	1
0.0044392992      	omega             	1.9854040939e+01	(-3.7821475480e-01 4.4372197042e-01 4.2439345975e-01)	2	1.6962361668e+07	(1.0291314320e-01 4.7269903838e-02 6.1879950920e-03)	3
0.0044392992      	p                 	-9.3994187793e+00	(9.7499848536e-02 4.4727089408e-02 1.9246119328e-01)	1	1.0815810525e+01	(1.1449969978e-01 4.6106917321e-02 1.7249942685e-01)	1
0.0044642992      	mag(U)            	0.0000000000e+00	(-1.4000000060e-01 4.9258069922e-03 5.3000562546e-02)	0	3.4833501661e+00	(9.1501147485e-02 4.5852029985e-02 1.8647439012e-01)	1
0.0044642992      	k                 	1.7315583345e-07	(7.6296438098e-02 4.8626669468e-02 2.2887366007e-01)	1	6.3835937435e-02	(1.0050018877e-01 4.8988499136e-02 1.9450000002e-01)	1
0.0044642992      	omega             	1.9853225000e+01	(-3.7821475480e-01 4.4372197042e-01 4.2439345975e-01)	2	1.6962361669e+07	(1.0291314320e-01 4.7269903838e-02 6.1879950920e-03)	3
0.0044642992      	p                 	-9.4731223115e+00	(9.7499848536e-02 4.4727089408e-02 1.9246119328e-01)	1	1.0823919567e+01	(1.1449969978e-01 4.6106917321e-02 1.7249942685e-01)	1
0.0044892992      	mag(U)            	0.0000000000e+00	(-1.4000000060e-01 4.9258069922e-03 5.3000562546e-02)	0	3.4946116895e+00	(9.1501147485e-02 4.5852029985e-02 1.8647439012e-01)	1
0.0044892992      	k                 	1.7231424354e-07	(7.6296438098e-02 4.8626669468e-02 2.2887366007e-01)	1	6.4723778281e-02	(1.0050018877e-01 4.8988499136e-02 1.9450000002e-01)	1
0.0044892992      	omega             	1.9852409127e+01	(-3.7821475480e-01 4.4372197042e-01 4.2439345975e-01)	2	1.6962361669e+07	(1.0291314320e-01 4.7269903838e-02 6.1879950920e-03)	3
0.0044892992      	p                 	-9.5492045080e+00	(9.7499848536e-02 4.4727089408e-02 1.9246119328e-01)	1	1.0832905304e+01	(1.1449969978e-01 4.6106917321e-02 1.7249942685e-01)	1
0.0045142992      	mag(U)            	0.0000000000e+00	(-1.4000000060e-01 4.9258069922e-03 5.3000562546e-02)	0	3.5055441157e+00	(9.1501147485e-02 4.5852029985e-02 1.8647439012e-01)	1
0.0045142992      	k                 	1.7148708470e-07	(7.6296438098e-02 4.8626669468e-02 2.2887366007e-01)	1	6.5619820505e-02	(1.0050018877e-01 4.8988499136e-02 1.9450000002e-01)	1
0.0045142992      	omega             	1.9851593322e+01	(-3.7815176258e-01 4.4370663109e-01 4.4091404994e-01)	2	1.6962361670e+07	(1.0291314320e-01 4.7269903838e-02 6.1879950920e-03)	3
0.0045142992      	p                 	-9.6214217812e+00	(9.7499848536e-02 4.4727089408e-02 1.9246119328e-01)	1	1.0840554903e+01	(1.1449969978e-01 4.6106917321e-02 1.7249942685e-01)	1
0.0045392992      	mag(U)            	0.0000000000e+00	(-1.4000000060e-01 4.9258069922e-03 5.3000562546e-02)	0	3.5163023385e+00	(9.1501147485e-02 4.5852029985e-02 1.8647439012e-01)	1
0.0045392992      	k                 	1.7067382967e-07	(7.6296438098e-02 4.8626669468e-02 2.2887366007e-01)	1	6.6524046670e-02	(1.0050018877e-01 4.8988499136e-02 1.9450000002e-01)	1
0.0045392992      	omega             	1.9850777584e+01	(-3.7815176258e-01 4.4370663109e-01 4.4091404994e-01)	2	1.6962361670e+07	(1.0291314320e-01 4.7269903838e-02 6.1879950920e-03)	3
0.0045392992      	p                 	-9.6953584764e+00	(9.7499848536e-02 4.4727089408e-02 1.9246119328e-01)	1	1.0849724108e+01	(1.1449969978e-01 4.6106917321e-02 1.7249942685e-01)	1
0.0045642992      	mag(U)            	0.0000000000e+00	(-1.4000000060e-01 4.9258069922e-03 5.3000562546e-02)	0	3.5269634317e+00	(9.1501147485e-02 4.5852029985e-02 1.8647439012e-01)	1
0.0045642992      	k                 	1.6984626664e-07	(7.6296438098e-02 4.8626669468e-02 2.2887366007e-01)	1	6.7436440405e-02	(1.0050018877e-01 4.8988499136e-02 1.9450000002e-01)	1
0.0045642992      	omega             	1.9849961912e+01	(-3.7815176258e-01 4.4370663109e-01 4.4091404994e-01)	2	1.6962361670e+07	(1.0291314320e-01 4.7269903838e-02 6.1879950920e-03)	3
0.0045642992      	p                 	-9.7726945260e+00	(9.7499848536e-02 4.4727089408e-02 1.9246119328e-01)	1	1.0858637135e+01	(1.1449969978e-01 4.6106917321e-02 1.7249942685e-01)	1
0.0045892992      	mag(U)            	0.0000000000e+00	(-1.4000000060e-01 4.9258069922e-03 5.3000562546e-02)	0	3.5375203278e+00	(9.1501147485e-02 4.5852029985e-02 1.8647439012e-01)	1
0.0045892992      	k                 	1.6899324879e-07	(7.6296438098e-02 4.8626669468e-02 2.2887366007e-01)	1	6.8356976647e-02	(1.0050018877e-01 4.8988499136e-02 1.9450000002e-01)	1
0.0045892992      	omega             	1.9849146308e+01	(-3.7815176258e-01 4.4370663109e-01 4.4091404994e-01)	2	1.6962361671e+07	(1.0291314320e-01 4.7269903838e-02 6.1879950920e-03)	3
0.0045892992      	p                 	-9.7954521505e+00	(9.7499848536e-02 4.4727089408e-02 1.9246119328e-01)	1	1.0867717906e+01	(1.1449969978e-01 4.6106917321e-02 1.7249942685e-01)	1
0.0046142992      	mag(U)            	0.0000000000e+00	(-1.4000000060e-01 4.9258069922e-03 5.3000562546e-02)	0	3.5478934800e+00	(9.1501147485e-02 4.5852029985e-02 1.8647439012e-01)	1
0.0046142992      	k                 	1.6812157250e-07	(7.6296438098e-02 4.8626669468e-02 2.2887366007e-01)	1	6.9285621771e-02	(1.0050018877e-01 4.8988499136e-02 1.9450000002e-01)	1
0.0046142992      	omega             	1.9848330771e+01	(-3.7815176258e-01 4.4370663109e-01 4.4091404994e-01)	2	1.6962361671e+07	(1.0291314320e-01 4.7269903838e-02 6.1879950920e-03)	3
0.0046142992      	p                 	-9.8507022262e+00	(9.7499848536e-02 4.4727089408e-02 1.9246119328e-01)	1	1.0876748709e+01	(1.1449969978e-01 4.6106917321e-02 1.7249942685e-01)	1
0.0046392992      	mag(U)            	0.0000000000e+00	(-1.4000000060e-01 4.9258069922e-03 5.3000562546e-02)	0	3.5582860357e+00	(9.1501147485e-02 4.5852029985e-02 1.8647439012e-01)	1
0.0046392992      	k                 	1.6724118384e-07	(7.6296438098e-02 4.8626669468e-02 2.2887366007e-01)	1	7.0222333397e-02	(1.0050018877e-01 4.8988499136e-02 1.9450000002e-01)	1
0.0046392992      	omega             	1.9847515301e+01	(-3.7815176258e-01 4.4370663109e-01 4.4091404994e-01)	2	1.6962361672e+07	(1.0291314320e-01 4.7269903838e-02 6.1879950920e-03)	3
0.0046392992      	p                 	-9.9135386145e+00	(9.7499848536e-02 4.4727089408e-02 1.9246119328e-01)	1	1.0884831772e+01	(1.1449969978e-01 4.6106917321e-02 1.7249942685e-01)	1
0.0046642992      	mag(U)            	0.0000000000e+00	(-1.4000000060e-01 4.9258069922e-03 5.3000562546e-02)	0	3.5691151721e+00	(9.1501147485e-02 4.5852029985e-02 1.8647439012e-01)	1
0.0046642992      	k                 	1.6635959044e-07	(7.6296438098e-02 4.8626669468e-02 2.2887366007e-01)	1	7.1167070980e-02	(1.0050018877e-01 4.8988499136e-02 1.9450000002e-01)	1
0.0046642992      	omega             	1.9846699897e+01	(-3.7815176258e-01 4.4370663109e-01 4.4091404994e-01)	2	1.6962361672e+07	(1.0291314320e-01 4.7269903838e-02 6.1879950920e-03)	3
0.0046642992      	p                 	-9.9828851508e+00	(9.7499848536e-02 4.4727089408e-02 1.9246119328e-01)	1	1.0894956803e+01	(1.1449969978e-01 4.6106917321e-02 1.7249942685e-01)	1
0.0046892992      	mag(U)            	0.0000000000e+00	(-1.4000000060e-01 4.9258069922e-03 5.3000562546e-02)	0	3.5800497966e+00	(9.1501147485e-02 4.5852029985e-02 1.8647439012e-01)	1
0.0046892992      	k                 	1.6548190955e-07	(7.6296438098e-02 4.8626669468e-02 2.2887366007e-01)	1	7.2119786186e-02	(1.0050018877e-01 4.8988499136e-02 1.9450000002e-01)	1
0.0046892992      	omega             	1.9845884561e+01	(-3.7815176258e-01 4.4370663109e-01 4.4091404994e-01)	2	1.6962361673e+07	(1.0291314320e-01 4.7269903838e-02 6.1879950920e-03)	3
0.0046892992      	p                 	-1.0062492262e+01	(9.7499848536e-02 4.4727089408e-02 1.9246119328e-01)	1	1.0904016274e+01	(1.1449969978e-01 4.6106917321e-02 1.7249942685e-01)	1
0.0047142992      	mag(U)            	0.0000000000e+00	(-1.4000000060e-01 4.9258069922e-03 5.3000562546e-02)	0	3.5911738370e+00	(9.1501147485e-02 4.5852029985e-02 1.8647439012e-01)	1
0.0047142992      	k                 	1.6461139232e-07	(7.6296438098e-02 4.8626669468e-02 2.2887366007e-01)	1	7.3080421416e-02	(1.0050018877e-01 4.8988499136e-02 1.9450000002e-01)	1
0.0047142992      	omega             	1.9845069292e+01	(-3.7815176258e-01 4.4370663109e-01 4.4091404994e-01)	2	1.6962361673e+07	(1.0291314320e-01 4.7269903838e-02 6.1879950920e-03)	3
0.0047142992      	p                 	-1.0160435517e+01	(9.7499848536e-02 4.4727089408e-02 1.9246119328e-01)	1	1.0913166477e+01	(1.1449969978e-01 4.6106917321e-02 1.7249942685e-01)	1
0.0047392992      	mag(U)            	0.0000000000e+00	(-1.4000000060e-01 4.9258069922e-03 5.3000562546e-02)	0	3.6026098637e+00	(9.1501147485e-02 4.5852029985e-02 1.8647439012e-01)	1
0.0047392992      	k                 	1.6375018245e-07	(7.6296438098e-02 4.8626669468e-02 2.2887366007e-01)	1	7.4048910153e-02	(1.0050018877e-01 4.8988499136e-02 1.9450000002e-01)	1
0.0047392992      	omega             	1.9844254090e+01	(-3.7815176258e-01 4.4370663109e-01 4.4091404994e-01)	2	1.6962361674e+07	(1.0291314320e-01 4.7269903838e-02 6.1879950920e-03)	3
0.0047392992      	p                 	-1.0238481737e+01	(9.7499848536e-02 4.4727089408e-02 1.9246119328e-01)	1	1.0922813644e+01	(1.1449969978e-01 4.6106917321e-02 1.7249942685e-01)	1
0.0047642992      	mag(U)            	0.0000000000e+00	(-1.4000000060e-01 4.9258069922e-03 5.3000562546e-02)	0	3.6138519208e+00	(9.1501147485e-02 4.5852029985e-02 1.8647439012e-01)	1
0.0047642992      	k                 	1.6289999261e-07	(7.6296438098e-02 4.8626669468e-02 2.2887366007e-01)	1	7.5025172674e-02	(1.0050018877e-01 4.8988499136e-02 1.9450000002e-01)	1
0.0047642992      	omega             	1.9843438955e+01	(-3.7815176258e-01 4.4370663109e-01 4.4091404994e-01)	2	1.6962361674e+07	(1.0291314320e-01 4.7269903838e-02 6.1879950920e-03)	3
0.0047642992      	p                 	-1.0275953567e+01	(9.7499848536e-02 4.4727089408e-02 1.9246119328e-01)	1	1.0931905237e+01	(1.1449969978e-01 4.6106917321e-02 1.7249942685e-01)	1
0.0047892992      	mag(U)            	0.0000000000e+00	(-1.4000000060e-01 4.9258069922e-03 5.3000562546e-02)	0	3.6248726171e+00	(9.1501147485e-02 4.5852029985e-02 1.8647439012e-01)	1
0.0047892992      	k                 	1.6206185287e-07	(7.6296438098e-02 4.8626669468e-02 2.2887366007e-01)	1	7.6009121859e-02	(1.0050018877e-01 4.8988499136e-02 1.9450000002e-01)	1
0.0047892992      	omega             	1.9842623886e+01	(-3.7815176258e-01 4.4370663109e-01 4.4091404994e-01)	2	1.6962361675e+07	(1.0291314320e-01 4.7269903838e-02 6.1879950920e-03)	3
0.0047892992      	p                 	-1.0319638875e+01	(9.7499848536e-02 4.4727089408e-02 1.9246119328e-01)	1	1.0941218988e+01	(1.1449969978e-01 4.6106917321e-02 1.7249942685e-01)	1
0.0048142992      	mag(U)            	0.0000000000e+00	(-1.4000000060e-01 4.9258069922e-03 5.3000562546e-02)	0	3.6356575446e+00	(9.1501147485e-02 4.5852029985e-02 1.8647439012e-01)	1
0.0048142992      	k                 	1.6123604016e-07	(7.6296438098e-02 4.8626669468e-02 2.2887366007e-01)	1	7.7000685157e-02	(1.0050018877e-01 4.8988499136e-02 1.9450000002e-01)	1
0.0048142992      	omega             	1.9841808885e+01	(-3.7815176258e-01 4.4370663109e-01 4.4091404994e-01)	2	1.6962361675e+07	(1.0291314320e-01 4.7269903838e-02 6.1879950920e-03)	3
0.0048142992      	p                 	-1.0383253564e+01	(9.7499848536e-02 4.4727089408e-02 1.9246119328e-01)	1	1.0950166082e+01	(1.1449969978e-01 4.6106917321e-02 1.7249942685e-01)	1
0.0048392992      	mag(U)            	0.0000000000e+00	(-1.4000000060e-01 4.9258069922e-03 5.3000562546e-02)	0	3.6461773161e+00	(9.1501147485e-02 4.5852029985e-02 1.8647439012e-01)	1
0.0048392992      	k                 	1.6042252710e-07	(7.6296438098e-02 4.8626669468e-02 2.2887366007e-01)	1	7.7999776945e-02	(1.0050018877e-01 4.8988499136e-02 1.9450000002e-01)	1
0.0048392992      	omega             	1.9840993951e+01	(-3.7815176258e-01 4.4370663109e-01 4.4091404994e-01)	2	1.6962361675e+07	(1.0291314320e-01 4.7269903838e-02 6.1879950920e-03)	3
0.0048392992      	p                 	-1.0393870049e+01	(9.7499848536e-02 4.4727089408e-02 1.9246119328e-01)	1	1.0959740106e+01	(1.1449969978e-01 4.6106917321e-02 1.7249942685e-01)	1
0.0048642992      	mag(U)            	0.0000000000e+00	(-1.4000000060e-01 4.9258069922e-03 5.3000562546e-02)	0	3.6564580717e+00	(9.1501147485e-02 4.5852029985e-02 1.8647439012e-01)	1
0.0048642992      	k                 	1.5962057773e-07	(7.6296438098e-02 4.8626669468e-02 2.2887366007e-01)	1	7.9006305663e-02	(1.0050018877e-01 4.8988499136e-02 1.9450000002e-01)	1
0.0048642992      	omega             	1.9840179083e+01	(-3.7815176258e-01 4.4370663109e-01 4.4091404994e-01)	2	1.6962361676e+07	(1.0291314320e-01 4.7269903838e-02 6.1879950920e-03)	3
0.0048642992      	p                 	-1.0432120328e+01	(9.7499848536e-02 4.4727089408e-02 1.9246119328e-01)	1	1.0968678023e+01	(1.1449969978e-01 4.6106917321e-02 1.7249942685e-01)	1
0.0048892992      	mag(U)            	0.0000000000e+00	(-1.4000000060e-01 4.9258069922e-03 5.3000562546e-02)	0	3.6663898344e+00	(9.1501147485e-02 4.5852029985e-02 1.8647439012e-01)	1
0.0048892992      	k                 	1.5883053849e-07	(7.6296438098e-02 4.8626669468e-02 2.2887366007e-01)	1	8.0020142393e-02	(1.0050018877e-01 4.8988499136e-02 1.9450000002e-01)	1
0.0048892992      	omega             	1.9839364283e+01	(-3.7815176258e-01 4.4370663109e-01 4.4091404994e-01)	2	1.6962361676e+07	(1.0291314320e-01 4.7269903838e-02 6.1879950920e-03)	3
0.0048892992      	p                 	-1.0456414730e+01	(9.7499848536e-02 4.4727089408e-02 1.9246119328e-01)	1	1.0978813803e+01	(1.1449969978e-01 4.6106917321e-02 1.7249942685e-01)	1
0.0049142992      	mag(U)            	0.0000000000e+00	(-1.4000000060e-01 4.9258069922e-03 5.3000562546e-02)	0	3.6760607093e+00	(9.1501147485e-02 4.5852029985e-02 1.8647439012e-01)	1
0.0049142992      	k                 	1.5805273995e-07	(7.6296438098e-02 4.8626669468e-02 2.2887366007e-01)	1	8.1041167582e-02	(1.0050018877e-01 4.8988499136e-02 1.9450000002e-01)	1
0.0049142992      	omega             	1.9838549549e+01	(-3.7815176258e-01 4.4370663109e-01 4.4091404994e-01)	2	1.6962361677e+07	(1.0291314320e-01 4.7269903838e-02 6.1879950920e-03)	3
0.0049142992      	p                 	-1.0484081052e+01	(9.7499848536e-02 4.4727089408e-02 1.9246119328e-01)	1	1.0987748918e+01	(1.1449969978e-01 4.6106917321e-02 1.7249942685e-01)	1
0.0049392992      	mag(U)            	0.0000000000e+00	(-1.4000000060e-01 4.9258069922e-03 5.3000562546e-02)	0	3.6854812728e+00	(9.1501147485e-02 4.5852029985e-02 1.8647439012e-01)	1
0.0049392992      	k                 	1.5728715018e-07	(7.6296438098e-02 4.8626669468e-02 2.2887366007e-01)	1	8.2069263963e-02	(1.0050018877e-01 4.8988499136e-02 1.9450000002e-01)	1
0.0049392992      	omega             	1.9837734882e+01	(-3.7815176258e-01 4.4370663109e-01 4.4091404994e-01)	2	1.6962361677e+07	(1.0291314320e-01 4.7269903838e-02 6.1879950920e-03)	3
0.0049392992      	p                 	-1.0531072115e+01	(9.7499848536e-02 4.4727089408e-02 1.9246119328e-01)	1	1.0998117579e+01	(1.1449969978e-01 4.6106917321e-02 1.7249942685e-01)	1
0.0049642992      	mag(U)            	0.0000000000e+00	(-1.4000000060e-01 4.9258069922e-03 5.3000562546e-02)	0	3.6946357420e+00	(9.1501147485e-02 4.5852029985e-02 1.8647439012e-01)	1
0.0049642992      	k                 	1.5653272514e-07	(7.6296438098e-02 4.8626669468e-02 2.2887366007e-01)	1	8.3104323333e-02	(1.0050018877e-01 4.8988499136e-02 1.9450000002e-01)	1
0.0049642992      	omega             	1.9836920283e+01	(-3.7815176258e-01 4.4370663109e-01 4.4091404994e-01)	2	1.6962361678e+07	(1.0291314320e-01 4.7269903838e-02 6.1879950920e-03)	3
0.0049642992      	p                 	-1.0544489445e+01	(9.7499848536e-02 4.4727089408e-02 1.9246119328e-01)	1	1.1007047463e+01	(1.1449969978e-01 4.6106917321e-02 1.7249942685e-01)	1
0.0049892992      	mag(U)            	0.0000000000e+00	(-1.4000000060e-01 4.9258069922e-03 5.3000562546e-02)	0	3.7035748144e+00	(9.1501147485e-02 4.5852029985e-02 1.8647439012e-01)	1
0.0049892992      	k                 	1.5578834192e-07	(7.6296438098e-02 4.8626669468e-02 2.2887366007e-01)	1	8.4146222486e-02	(1.0050018877e-01 4.8988499136e-02 1.9450000002e-01)	1
0.0049892992      	omega             	1.9836105750e+01	(-3.7815176258e-01 4.4370663109e-01 4.4091404994e-01)	2	1.6962361678e+07	(1.0291314320e-01 4.7269903838e-02 6.1879950920e-03)	3
0.0049892992      	p                 	-1.0527424153e+01	(9.7499848536e-02 4.4727089408e-02 1.9246119328e-01)	1	1.1014953640e+01	(1.1449969978e-01 4.6106917321e-02 1.7249942685e-01)	1
0.0050142992      	mag(U)            	0.0000000000e+00	(-1.4000000060e-01 4.9258069922e-03 5.3000562546e-02)	0	3.7122973764e+00	(9.1501147485e-02 4.5852029985e-02 1.8647439012e-01)	1
0.0050142992      	k                 	1.5505285008e-07	(7.6296438098e-02 4.8626669468e-02 2.2887366007e-01)	1	8.5194842386e-02	(1.0050018877e-01 4.8988499136e-02 1.9450000002e-01)	1
0.0050142992      	omega             	1.9835291284e+01	(-3.7815176258e-01 4.4370663109e-01 4.4091404994e-01)	2	1.6962361679e+07	(1.0291314320e-01 4.7269903838e-02 6.1879950920e-03)	3
0.0050142992      	p                 	-1.0493248743e+01	(9.7499848536e-02 4.4727089408e-02 1.9246119328e-01)	1	1.1025256521e+01	(1.1449969978e-01 4.6106917321e-02 1.7249942685e-01)	1
0.0050392992      	mag(U)            	0.0000000000e+00	(-1.4000000060e-01 4.9258069922e-03 5.3000562546e-02)	0	3.7207865766e+00	(9.1501147485e-02 4.5852029985e-02 1.8647439012e-01)	1
0.0050392992      	k                 	1.5432556765e-07	(7.6296438098e-02 4.8626669468e-02 2.2887366007e-01)	1	8.6250051260e-02	(1.0050018877e-01 4.8988499136e-02 1.9450000002e-01)	1
0.0050392992      	omega             	1.9834476885e+01	(-3.7815176258e-01 4.4370663109e-01 4.4091404994e-01)	2	1.6962361679e+07	(1.0291314320e-01 4.7269903838e-02 6.1879950920e-03)	3
0.0050392992      	p                 	-1.0513784785e+01	(9.7499848536e-02 4.4727089408e-02 1.9246119328e-01)	1	1.1034157133e+01	(1.1449969978e-01 4.6106917321e-02 1.7249942685e-01)	1
0.0050642992      	mag(U)            	0.0000000000e+00	(-1.4000000060e-01 4.9258069922e-03 5.3000562546e-02)	0	3.7289860145e+00	(9.1501147485e-02 4.5852029985e-02 1.8647439012e-01)	1
0.0050642992      	k                 	1.5360525390e-07	(7.6296438098e-02 4.8626669468e-02 2.2887366007e-01)	1	8.7311718530e-02	(1.0050018877e-01 4.8988499136e-02 1.9450000002e-01)	1
0.0050642992      	omega             	1.9833662553e+01	(-3.7815176258e-01 4.4370663109e-01 4.4091404994e-01)	2	1.6962361680e+07	(1.0291314320e-01 4.7269903838e-02 6.1879950920e-03)	3
0.0050642992      	p                 	-1.0500983828e+01	(1.2650047872e-01 4.4763930261e-02 1.9144646871e-01)	0	1.1043869275e+01	(1.1449969978e-01 4.6106917321e-02 1.7249942685e-01)	1
0.0050892992      	mag(U)            	0.0000000000e+00	(-1.4000000060e-01 4.9258069922e-03 5.3000562546e-02)	0	3.7406338711e+00	(9.6492849896e-02 4.6619938512e-02 1.9148443804e-01)	1
0.0050892992      	k                 	1.5289037190e-07	(7.6296438098e-02 4.8626669468e-02 2.2887366007e-01)	1	8.8379714228e-02	(1.0050018877e-01 4.8988499136e-02 1.9450000002e-01)	1
0.0050892992      	omega             	1.9832848287e+01	(-3.7815176258e-01 4.4370663109e-01 4.4091404994e-01)	2	1.6962361680e+07	(1.0291314320e-01 4.7269903838e-02 6.1879950920e-03)	3
0.0050892992      	p                 	-1.0526421299e+01	(1.2650047872e-01 4.4763930261e-02 1.9144646871e-01)	0	1.1054018064e+01	(1.1449969978e-01 4.6106917321e-02 1.7249942685e-01)	1
0.0051142992      	mag(U)            	0.0000000000e+00	(-1.4000000060e-01 4.9258069922e-03 5.3000562546e-02)	0	3.7567112191e+00	(9.6492849896e-02 4.6619938512e-02 1.9148443804e-01)	1
0.0051142992      	k                 	1.5217986947e-07	(7.6296438098e-02 4.8626669468e-02 2.2887366007e-01)	1	8.9453911828e-02	(1.0050018877e-01 4.8988499136e-02 1.9450000002e-01)	1
0.0051142992      	omega             	1.9832034089e+01	(-3.7815176258e-01 4.4370663109e-01 4.4091404994e-01)	2	1.6962361681e+07	(1.0291314320e-01 4.7269903838e-02 6.1879950920e-03)	3
0.0051142992      	p                 	-1.0562363092e+01	(1.1149999863e-01 4.4661005210e-02 1.9649418833e-01)	0	1.1064352028e+01	(1.1449969978e-01 4.6106917321e-02 1.7249942685e-01)	1
0.0051392992      	mag(U)            	0.0000000000e+00	(-1.4000000060e-01 4.9258069922e-03 5.3000562546e-02)	0	3.7727600796e+00	(9.6492849896e-02 4.6619938512e-02 1.9148443804e-01)	1
0.0051392992      	k                 	1.5147313969e-07	(7.6296438098e-02 4.8626669468e-02 2.2887366007e-01)	1	9.0534186393e-02	(1.0050018877e-01 4.8988499136e-02 1.9450000002e-01)	1
0.0051392992      	omega             	1.9831219957e+01	(-3.7815176258e-01 4.4370663109e-01 4.4091404994e-01)	2	1.6962361681e+07	(1.0291314320e-01 4.7269903838e-02 6.1879950920e-03)	3
0.0051392992      	p                 	-1.0638128590e+01	(1.1149999863e-01 4.4661005210e-02 1.9649418833e-01)	0	1.1073310713e+01	(1.1449969978e-01 4.6106917321e-02 1.7249942685e-01)	1
0.0051642992      	mag(U)            	0.0000000000e+00	(-1.4000000060e-01 4.9258069922e-03 5.3000562546e-02)	0	3.7887599245e+00	(9.6492849896e-02 4.6619938512e-02 1.9148443804e-01)	1
0.0051642992      	k                 	1.5076989502e-07	(7.6296438098e-02 4.8626669468e-02 2.2887366007e-01)	1	9.1620405611e-02	(1.0050018877e-01 4.8988499136e-02 1.9450000002e-01)	1
0.0051642992      	omega             	1.9830405893e+01	(-3.7815176258e-01 4.4370663109e-01 4.4091404994e-01)	2	1.6962361682e+07	(1.0291314320e-01 4.7269903838e-02 6.1879950920e-03)	3
0.0051642992      	p                 	-1.0686620325e+01	(-1.1149999878e-01 4.4661008418e-02 1.9649418727e-01)	1	1.1083233496e+01	(1.1449969978e-01 4.6106917321e-02 1.7249942685e-01)	1
0.0051892992      	mag(U)            	0.0000000000e+00	(-1.4000000060e-01 4.9258069922e-03 5.3000562546e-02)	0	3.8046768452e+00	(9.6492849896e-02 4.6619938512e-02 1.9148443804e-01)	1
0.0051892992      	k                 	1.5006971596e-07	(7.6296438098e-02 4.8626669468e-02 2.2887366007e-01)	1	9.2712442578e-02	(1.0050018877e-01 4.8988499136e-02 1.9450000002e-01)	1
0.0051892992      	omega             	1.9829591895e+01	(-3.7815176258e-01 4.4370663109e-01 4.4091404994e-01)	2	1.6962361682e+07	(1.0291314320e-01 4.7269903838e-02 6.1879950920e-03)	3
0.0051892992      	p                 	-1.0735490329e+01	(1.1049994603e-01 4.4661178234e-02 1.9649424140e-01)	0	1.1094338049e+01	(1.1449969978e-01 4.6106917321e-02 1.7249942685e-01)	1
0.0052142992      	mag(U)            	0.0000000000e+00	(-1.4000000060e-01 4.9258069922e-03 5.3000562546e-02)	0	3.8204716862e+00	(9.6492849896e-02 4.6619938512e-02 1.9148443804e-01)	1
0.0052142992      	k                 	1.4937274497e-07	(7.6296438098e-02 4.8626669468e-02 2.2887366007e-01)	1	9.3810143797e-02	(1.0050018877e-01 4.8988499136e-02 1.9450000002e-01)	1
0.0052142992      	omega             	1.9828777963e+01	(-3.7815176258e-01 4.4370663109e-01 4.4091404994e-01)	2	1.6962361683e+07	(1.0291314320e-01 4.7269903838e-02 6.1879950920e-03)	3
0.0052142992      	p                 	-1.0777973364e+01	(1.1049994603e-01 4.4661178234e-02 1.9649424140e-01)	0	1.1103224180e+01	(1.1449969978e-01 4.6106917321e-02 1.7249942685e-01)	1
0.0052392992      	mag(U)            	0.0000000000e+00	(-1.4000000060e-01 4.9258069922e-03 5.3000562546e-02)	0	3.8361571873e+00	(9.6492849896e-02 4.6619938512e-02 1.9148443804e-01)	1
0.0052392992      	k                 	1.4867790623e-07	(7.6296438098e-02 4.8626669468e-02 2.2887366007e-01)	1	9.4913361034e-02	(1.0050018877e-01 4.8988499136e-02 1.9450000002e-01)	1
0.0052392992      	omega             	1.9827964099e+01	(-3.7815176258e-01 4.4370663109e-01 4.4091404994e-01)	2	1.6962361683e+07	(1.0291314320e-01 4.7269903838e-02 6.1879950920e-03)	3
0.0052392992      	p                 	-1.0794340432e+01	(1.1049994603e-01 4.4661178234e-02 1.9649424140e-01)	0	1.1112299757e+01	(1.1449969978e-01 4.6106917321e-02 1.7249942685e-01)	1
0.0052642992      	mag(U)            	0.0000000000e+00	(-1.4000000060e-01 4.9258069922e-03 5.3000562546e-02)	0	3.8516701639e+00	(9.6492849896e-02 4.6619938512e-02 1.9148443804e-01)	1
0.0052642992      	k                 	1.4798364627e-07	(7.6296438098e-02 4.8626669468e-02 2.2887366007e-01)	1	9.6021944519e-02	(1.0050018877e-01 4.8988499136e-02 1.9450000002e-01)	1
0.0052642992      	omega             	1.9827150302e+01	(-3.7815176258e-01 4.4370663109e-01 4.4091404994e-01)	2	1.6962361684e+07	(1.0291314320e-01 4.7269903838e-02 6.1879950920e-03)	3
0.0052642992      	p                 	-1.0851825768e+01	(-1.2749947134e-01 4.4788179567e-02 1.5164141740e-01)	1	1.1121306196e+01	(1.1449969978e-01 4.6106917321e-02 1.7249942685e-01)	1
0.0052892992      	mag(U)            	0.0000000000e+00	(-1.4000000060e-01 4.9258069922e-03 5.3000562546e-02)	0	3.8670235508e+00	(9.6492849896e-02 4.6619938512e-02 1.9148443804e-01)	1
0.0052892992      	k                 	1.4728808122e-07	(7.6296438098e-02 4.8626669468e-02 2.2887366007e-01)	1	9.7135743806e-02	(1.0050018877e-01 4.8988499136e-02 1.9450000002e-01)	1
0.0052892992      	omega             	1.9826336571e+01	(-3.7815176258e-01 4.4370663109e-01 4.4091404994e-01)	2	1.6962361684e+07	(1.0291314320e-01 4.7269903838e-02 6.1879950920e-03)	3
0.0052892992      	p                 	-1.0921240771e+01	(-1.2749947134e-01 4.4788179567e-02 1.5164141740e-01)	1	1.1130478456e+01	(1.1449969978e-01 4.6106917321e-02 1.7249942685e-01)	1
0.0053142992      	mag(U)            	0.0000000000e+00	(-1.4000000060e-01 4.9258069922e-03 5.3000562546e-02)	0	3.8821962568e+00	(9.6492849896e-02 4.6619938512e-02 1.9148443804e-01)	1
0.0053142992      	k                 	1.4658932568e-07	(7.6296438098e-02 4.8626669468e-02 2.2887366007e-01)	1	9.8254593386e-02	(1.0050018877e-01 4.8988499136e-02 1.9450000002e-01)	1
0.0053142992      	omega             	1.9825522907e+01	(-3.7815176258e-01 4.4370663109e-01 4.4091404994e-01)	2	1.6962361685e+07	(1.0291314320e-01 4.7269903838e-02 6.1879950920e-03)	3
0.0053142992      	p                 	-1.0986788889e+01	(-1.2749947134e-01 4.4788179567e-02 1.5164141740e-01)	1	1.1139781559e+01	(1.1449969978e-01 4.6106917321e-02 1.7249942685e-01)	1
0.0053392992      	mag(U)            	0.0000000000e+00	(-1.4000000060e-01 4.9258069922e-03 5.3000562546e-02)	0	3.8971629146e+00	(9.6492849896e-02 4.6619938512e-02 1.9148443804e-01)	1
0.0053392992      	k                 	1.4588622254e-07	(7.6296438098e-02 4.8626669468e-02 2.2887366007e-01)	1	9.9378254878e-02	(1.0050018877e-01 4.8988499136e-02 1.9450000002e-01)	1
0.0053392992      	omega             	1.9824709310e+01	(-3.7815176258e-01 4.4370663109e-01 4.4091404994e-01)	2	1.6962361685e+07	(1.0291314320e-01 4.7269903838e-02 6.1879950920e-03)	3
0.0053392992      	p                 	-1.1047943384e+01	(-1.2749947134e-01 4.4788179567e-02 1.5164141740e-01)	1	1.1148915495e+01	(1.1449969978e-01 4.6106917321e-02 1.7249942685e-01)	1
0.0053642992      	mag(U)            	0.0000000000e+00	(-1.4000000060e-01 4.9258069922e-03 5.3000562546e-02)	0	3.9119554297e+00	(9.6492849896e-02 4.6619938512e-02 1.9148443804e-01)	1
0.0053642992      	k                 	1.4517798018e-07	(7.6296438098e-02 4.8626669468e-02 2.2887366007e-01)	1	1.0050644541e-01	(1.0050018877e-01 4.8988499136e-02 1.9450000002e-01)	1
0.0053642992      	omega             	1.9823895780e+01	(-3.7815176258e-01 4.4370663109e-01 4.4091404994e-01)	2	1.6962361686e+07	(1.0291314320e-01 4.7269903838e-02 6.1879950920e-03)	3
0.0053642992      	p                 	-1.1095900015e+01	(-1.2749947134e-01 4.4788179567e-02 1.5164141740e-01)	1	1.1158931106e+01	(1.1449969978e-01 4.6106917321e-02 1.7249942685e-01)	1
0.0053892992      	mag(U)            	0.0000000000e+00	(-1.4000000060e-01 4.9258069922e-03 5.3000562546e-02)	0	3.9266160609e+00	(9.6492849896e-02 4.6619938512e-02 1.9148443804e-01)	1
0.0053892992      	k                 	1.4446357885e-07	(7.6296438098e-02 4.8626669468e-02 2.2887366007e-01)	1	1.0163890661e-01	(1.0050018877e-01 4.8988499136e-02 1.9450000002e-01)	1
0.0053892992      	omega             	1.9823082316e+01	(-3.7815176258e-01 4.4370663109e-01 4.4091404994e-01)	2	1.6962361686e+07	(1.0291314320e-01 4.7269903838e-02 6.1879950920e-03)	3
0.0053892992      	p                 	-1.1155382041e+01	(-1.2749947134e-01 4.4788179567e-02 1.5164141740e-01)	1	1.1168819503e+01	(1.1449969978e-01 4.6106917321e-02 1.7249942685e-01)	1
0.0054142992      	mag(U)            	0.0000000000e+00	(-1.4000000060e-01 4.9258069922e-03 5.3000562546e-02)	0	3.9411160588e+00	(9.6492849896e-02 4.6619938512e-02 1.9148443804e-01)	1
0.0054142992      	k                 	1.4374543809e-07	(7.6296438098e-02 4.8626669468e-02 2.2887366007e-01)	1	1.0277539655e-01	(1.0050018877e-01 4.8988499136e-02 1.9450000002e-01)	1
0.0054142992      	omega             	1.9822268919e+01	(-3.7815176258e-01 4.4370663109e-01 4.4091404994e-01)	2	1.6962361687e+07	(1.0291314320e-01 4.7269903838e-02 6.1879950920e-03)	3
0.0054142992      	p                 	-1.1214802564e+01	(-1.2749947134e-01 4.4788179567e-02 1.5164141740e-01)	1	1.1178247825e+01	(1.1449969978e-01 4.6106917321e-02 1.7249942685e-01)	1
0.0054392992      	mag(U)            	0.0000000000e+00	(-1.4000000060e-01 4.9258069922e-03 5.3000562546e-02)	0	3.9554479865e+00	(9.6492849896e-02 4.6619938512e-02 1.9148443804e-01)	1
0.0054392992      	k                 	1.4302679683e-07	(7.6296438098e-02 4.8626669468e-02 2.2887366007e-01)	1	1.0391567989e-01	(1.0050018877e-01 4.8988499136e-02 1.9450000002e-01)	1
0.0054392992      	omega             	1.9821455589e+01	(-3.7815176258e-01 4.4370663109e-01 4.4091404994e-01)	2	1.6962361687e+07	(1.0291314320e-01 4.7269903838e-02 6.1879950920e-03)	3
0.0054392992      	p                 	-1.1263519667e+01	(-1.2749947134e-01 4.4788179567e-02 1.5164141740e-01)	1	1.1188035065e+01	(1.1449969978e-01 4.6106917321e-02 1.7249942685e-01)	1
0.0054642992      	mag(U)            	0.0000000000e+00	(-1.4000000060e-01 4.9258069922e-03 5.3000562546e-02)	0	3.9696056324e+00	(9.6492849896e-02 4.6619938512e-02 1.9148443804e-01)	1
0.0054642992      	k                 	1.4230784328e-07	(7.6296438098e-02 4.8626669468e-02 2.2887366007e-01)	1	1.0505952665e-01	(1.0050018877e-01 4.8988499136e-02 1.9450000002e-01)	1
0.0054642992      	omega             	1.9820642326e+01	(-3.7815176258e-01 4.4370663109e-01 4.4091404994e-01)	2	1.6962361688e+07	(1.0291314320e-01 4.7269903838e-02 6.1879950920e-03)	3
0.0054642992      	p                 	-1.1327479257e+01	(-1.2749947134e-01 4.4788179567e-02 1.5164141740e-01)	1	1.1196905129e+01	(1.1449969978e-01 4.6106917321e-02 1.7249942685e-01)	1
0.0054892992      	mag(U)            	0.0000000000e+00	(-1.4000000060e-01 4.9258069922e-03 5.3000562546e-02)	0	3.9835745635e+00	(9.6492849896e-02 4.6619938512e-02 1.9148443804e-01)	1
0.0054892992      	k                 	1.4158922952e-07	(7.6296438098e-02 4.8626669468e-02 2.2887366007e-01)	1	1.0620670481e-01	(1.0050018877e-01 4.8988499136e-02 1.9450000002e-01)	1
0.0054892992      	omega             	1.9819829129e+01	(-3.7815176258e-01 4.4370663109e-01 4.4091404994e-01)	2	1.6962361688e+07	(1.0291314320e-01 4.7269903838e-02 6.1879950920e-03)	3
0.0054892992      	p                 	-1.1372996189e+01	(-1.2749947134e-01 4.4788179567e-02 1.5164141740e-01)	1	1.1207014222e+01	(1.1449969978e-01 4.6106917321e-02 1.7249942685e-01)	1
0.0055142992      	mag(U)            	0.0000000000e+00	(-1.4000000060e-01 4.9258069922e-03 5.3000562546e-02)	0	3.9973411412e+00	(9.6492849896e-02 4.6619938512e-02 1.9148443804e-01)	1
0.0055142992      	k                 	1.4087239834e-07	(7.6296438098e-02 4.8626669468e-02 2.2887366007e-01)	1	1.0735697951e-01	(1.0050018877e-01 4.8988499136e-02 1.9450000002e-01)	1
0.0055142992      	omega             	1.9819016000e+01	(-3.7815176258e-01 4.4370663109e-01 4.4091404994e-01)	2	1.6962361689e+07	(1.0291314320e-01 4.7269903838e-02 6.1879950920e-03)	3
0.0055142992      	p                 	-1.1426025578e+01	(-1.2749947134e-01 4.4788179567e-02 1.5164141740e-01)	1	1.1215513706e+01	(1.1449969978e-01 4.6106917321e-02 1.7249942685e-01)	1
0.0055392992      	mag(U)            	0.0000000000e+00	(-1.4000000060e-01 4.9258069922e-03 5.3000562546e-02)	0	4.0109571920e+00	(9.6492849896e-02 4.6619938512e-02 1.9148443804e-01)	1
0.0055392992      	k                 	1.4015868503e-07	(7.6296438098e-02 4.8626669468e-02 2.2887366007e-01)	1	1.0851012077e-01	(1.0050018877e-01 4.8988499136e-02 1.9450000002e-01)	1
0.0055392992      	omega             	1.9818202937e+01	(-3.7815176258e-01 4.4370663109e-01 4.4091404994e-01)	2	1.6962361689e+07	(1.0291314320e-01 4.7269903838e-02 6.1879950920e-03)	3
0.0055392992      	p                 	-1.1466989833e+01	(-1.2749947134e-01 4.4788179567e-02 1.5164141740e-01)	1	1.1225397439e+01	(1.1449969978e-01 4.6106917321e-02 1.7249942685e-01)	1
0.0055642992      	mag(U)            	0.0000000000e+00	(-1.4000000060e-01 4.9258069922e-03 5.3000562546e-02)	0	4.0244178671e+00	(9.6492849896e-02 4.6619938512e-02 1.9148443804e-01)	1
0.0055642992      	k                 	1.3944949398e-07	(7.6296438098e-02 4.8626669468e-02 2.2887366007e-01)	1	1.0966589243e-01	(1.0050018877e-01 4.8988499136e-02 1.9450000002e-01)	1
0.0055642992      	omega             	1.9817389940e+01	(-3.7815176258e-01 4.4370663109e-01 4.4091404994e-01)	2	1.6962361690e+07	(1.0291314320e-01 4.7269903838e-02 6.1879950920e-03)	3
0.0055642992      	p                 	-1.1522961352e+01	(-1.2749947134e-01 4.4788179567e-02 1.5164141740e-01)	1	1.1234967791e+01	(1.1449969978e-01 4.6106917321e-02 1.7249942685e-01)	1
0.0055892992      	mag(U)            	0.0000000000e+00	(-1.4000000060e-01 4.9258069922e-03 5.3000562546e-02)	0	4.0377730454e+00	(9.6492849896e-02 4.6619938512e-02 1.9148443804e-01)	1
0.0055892992      	k                 	1.3874553444e-07	(7.6296438098e-02 4.8626669468e-02 2.2887366007e-01)	1	1.1082406884e-01	(1.0050018877e-01 4.8988499136e-02 1.9450000002e-01)	1
0.0055892992      	omega             	1.9816577010e+01	(-3.7815176258e-01 4.4370663109e-01 4.4091404994e-01)	2	1.6962361690e+07	(1.0291314320e-01 4.7269903838e-02 6.1879950920e-03)	3
0.0055892992      	p                 	-1.1574464302e+01	(-1.2749947134e-01 4.4788179567e-02 1.5164141740e-01)	1	1.1244021137e+01	(1.1449969978e-01 4.6106917321e-02 1.7249942685e-01)	1
0.0056142992      	mag(U)            	0.0000000000e+00	(-1.4000000060e-01 4.9258069922e-03 5.3000562546e-02)	0	4.0509781982e+00	(9.6492849896e-02 4.6619938512e-02 1.9148443804e-01)	1
0.0056142992      	k                 	1.3804636493e-07	(7.6296438098e-02 4.8626669468e-02 2.2887366007e-01)	1	1.1199669910e-01	(9.9501066556e-02 4.8990079350e-02 1.9450000002e-01)	1
0.0056142992      	omega             	1.9815764147e+01	(-3.7815176258e-01 4.4370663109e-01 4.4091404994e-01)	2	1.6962361691e+07	(1.0291314320e-01 4.7269903838e-02 6.1879950920e-03)	3
0.0056142992      	p                 	-1.1624972413e+01	(-1.2749947134e-01 4.4788179567e-02 1.5164141740e-01)	1	1.1254340980e+01	(1.1449969978e-01 4.6106917321e-02 1.7249942685e-01)	1
0.0056392992      	mag(U)            	0.0000000000e+00	(-1.4000000060e-01 4.9258069922e-03 5.3000562546e-02)	0	4.0640103190e+00	(9.6492849896e-02 4.6619938512e-02 1.9148443804e-01)	1
0.0056392992      	k                 	1.3735084930e-07	(7.6296438098e-02 4.8626669468e-02 2.2887366007e-01)	1	1.1329730357e-01	(9.9501066556e-02 4.8990079350e-02 1.9450000002e-01)	1
0.0056392992      	omega             	1.9814951351e+01	(-3.7815176258e-01 4.4370663109e-01 4.4091404994e-01)	2	1.6962361691e+07	(1.0291314320e-01 4.7269903838e-02 6.1879950920e-03)	3
0.0056392992      	p                 	-1.1674481825e+01	(-1.2749947134e-01 4.4788179567e-02 1.5164141740e-01)	1	1.1263581322e+01	(1.1449969978e-01 4.6106917321e-02 1.7249942685e-01)	1
0.0056642992      	mag(U)            	0.0000000000e+00	(-1.4000000060e-01 4.9258069922e-03 5.3000562546e-02)	0	4.0769004067e+00	(9.6492849896e-02 4.6619938512e-02 1.9148443804e-01)	1
0.0056642992      	k                 	1.3665918991e-07	(7.6296438098e-02 4.8626669468e-02 2.2887366007e-01)	1	1.1460307062e-01	(9.9501066556e-02 4.8990079350e-02 1.9450000002e-01)	1
0.0056642992      	omega             	1.9814138621e+01	(-3.7815176258e-01 4.4370663109e-01 4.4091404994e-01)	2	1.6962361692e+07	(1.0291314320e-01 4.7269903838e-02 6.1879950920e-03)	3
0.0056642992      	p                 	-1.1727345324e+01	(-1.2749947134e-01 4.4788179567e-02 1.5164141740e-01)	1	1.1273182298e+01	(1.1449969978e-01 4.6106917321e-02 1.7249942685e-01)	1
0.0056892992      	mag(U)            	0.0000000000e+00	(-1.4000000060e-01 4.9258069922e-03 5.3000562546e-02)	0	4.0895131200e+00	(9.6492849896e-02 4.6619938512e-02 1.9148443804e-01)	1
0.0056892992      	k                 	1.3597201349e-07	(7.6296438098e-02 4.8626669468e-02 2.2887366007e-01)	1	1.1591369317e-01	(9.9501066556e-02 4.8990079350e-02 1.9450000002e-01)	1
0.0056892992      	omega             	1.9813325958e+01	(-3.7815176258e-01 4.4370663109e-01 4.4091404994e-01)	2	1.6962361692e+07	(1.0291314320e-01 4.7269903838e-02 6.1879950920e-03)	3
0.0056892992      	p                 	-1.1778902585e+01	(-1.2749947134e-01 4.4788179567e-02 1.5164141740e-01)	1	1.1282396468e+01	(1.1449969978e-01 4.6106917321e-02 1.7249942685e-01)	1
0.0057142992      	mag(U)            	0.0000000000e+00	(-1.4000000060e-01 4.9258069922e-03 5.3000562546e-02)	0	4.1018972880e+00	(9.6492849896e-02 4.6619938512e-02 1.9148443804e-01)	1
0.0057142992      	k                 	1.3528990446e-07	(7.6296438098e-02 4.8626669468e-02 2.2887366007e-01)	1	1.1722887817e-01	(9.9501066556e-02 4.8990079350e-02 1.9450000002e-01)	1
0.0057142992      	omega             	1.9812513362e+01	(-3.7815176258e-01 4.4370663109e-01 4.4091404994e-01)	2	1.6962361693e+07	(1.0291314320e-01 4.7269903838e-02 6.1879950920e-03)	3
0.0057142992      	p                 	-1.1821885603e+01	(-1.2749947134e-01 4.4788179567e-02 1.5164141740e-01)	1	1.1292384758e+01	(1.1449969978e-01 4.6106917321e-02 1.7249942685e-01)	1
0.0057392992      	mag(U)            	0.0000000000e+00	(-1.4000000060e-01 4.9258069922e-03 5.3000562546e-02)	0	4.1149802916e+00	(9.6492849896e-02 4.6619938512e-02 1.9148443804e-01)	1
0.0057392992      	k                 	1.3461323414e-07	(7.6296438098e-02 4.8626669468e-02 2.2887366007e-01)	1	1.1854833949e-01	(9.9501066556e-02 4.8990079350e-02 1.9450000002e-01)	1
0.0057392992      	omega             	1.9811700833e+01	(-3.7815176258e-01 4.4370663109e-01 4.4091404994e-01)	2	1.6962361693e+07	(1.0291314320e-01 4.7269903838e-02 6.1879950920e-03)	3
0.0057392992      	p                 	-1.1877274568e+01	(-1.2749947134e-01 4.4788179567e-02 1.5164141740e-01)	1	1.1302023371e+01	(1.1449969978e-01 4.6106917321e-02 1.7249942685e-01)	1
0.0057642992      	mag(U)            	0.0000000000e+00	(-1.4000000060e-01 4.9258069922e-03 5.3000562546e-02)	0	4.1281251108e+00	(9.6492849896e-02 4.6619938512e-02 1.9148443804e-01)	1
0.0057642992      	k                 	1.3394293670e-07	(7.6296438098e-02 4.8626669468e-02 2.2887366007e-01)	1	1.1987178479e-01	(9.9501066556e-02 4.8990079350e-02 1.9450000002e-01)	1
0.0057642992      	omega             	1.9810888370e+01	(-3.7815176258e-01 4.4370663109e-01 4.4091404994e-01)	2	1.6962361694e+07	(1.0291314320e-01 4.7269903838e-02 6.1879950920e-03)	3
0.0057642992      	p                 	-1.1923073848e+01	(-1.2749947134e-01 4.4788179567e-02 1.5164141740e-01)	1	1.1310150692e+01	(1.1449969978e-01 4.6106917321e-02 1.7249942685e-01)	1
0.0057892992      	mag(U)            	0.0000000000e+00	(-1.4000000060e-01 4.9258069922e-03 5.3000562546e-02)	0	4.1411443934e+00	(9.6492849896e-02 4.6619938512e-02 1.9148443804e-01)	1
0.0057892992      	k                 	1.3327996082e-07	(7.6296438098e-02 4.8626669468e-02 2.2887366007e-01)	1	1.2119890986e-01	(9.9501066556e-02 4.8990079350e-02 1.9450000002e-01)	1
0.0057892992      	omega             	1.9810075973e+01	(-3.7815176258e-01 4.4370663109e-01 4.4091404994e-01)	2	1.6962361694e+07	(1.0291314320e-01 4.7269903838e-02 6.1879950920e-03)	3
0.0057892992      	p                 	-1.1990502974e+01	(-1.2749947134e-01 4.4788179567e-02 1.5164141740e-01)	1	1.1319159693e+01	(1.1449969978e-01 4.6106917321e-02 1.7249942685e-01)	1
0.0058142992      	mag(U)            	0.0000000000e+00	(-1.4000000060e-01 4.9258069922e-03 5.3000562546e-02)	0	4.1544292127e+00	(9.6492849896e-02 4.6619938512e-02 1.9148443804e-01)	1
0.0058142992      	k                 	1.3262482240e-07	(7.6296438098e-02 4.8626669468e-02 2.2887366007e-01)	1	1.2252948605e-01	(9.9501066556e-02 4.8990079350e-02 1.9450000002e-01)	1
0.0058142992      	omega             	1.9809263643e+01	(-3.7815176258e-01 4.4370663109e-01 4.4091404994e-01)	2	1.6962361695e+07	(1.0291314320e-01 4.7269903838e-02 6.1879950920e-03)	3
0.0058142992      	p                 	-1.1987281341e+01	(-1.2749947134e-01 4.4788179567e-02 1.5164141740e-01)	1	1.1328071594e+01	(1.1449969978e-01 4.6106917321e-02 1.7249942685e-01)	1
0.0058392992      	mag(U)            	0.0000000000e+00	(-1.4000000060e-01 4.9258069922e-03 5.3000562546e-02)	0	4.1670980163e+00	(9.6492849896e-02 4.6619938512e-02 1.9148443804e-01)	1
0.0058392992      	k                 	1.3197776224e-07	(7.6296438098e-02 4.8626669468e-02 2.2887366007e-01)	1	1.2386329596e-01	(9.9501066556e-02 4.8990079350e-02 1.9450000002e-01)	1
0.0058392992      	omega             	1.9808451380e+01	(-3.7815176258e-01 4.4370663109e-01 4.4091404994e-01)	2	1.6962361696e+07	(1.0291314320e-01 4.7269903838e-02 6.1879950920e-03)	3
0.0058392992      	p                 	-1.2021101833e+01	(-1.2749947134e-01 4.4788179567e-02 1.5164141740e-01)	1	1.1336403588e+01	(1.1449969978e-01 4.6106917321e-02 1.7249942685e-01)	1
0.0058642992      	mag(U)            	0.0000000000e+00	(-1.4000000060e-01 4.9258069922e-03 5.3000562546e-02)	0	4.1791498406e+00	(9.6492849896e-02 4.6619938512e-02 1.9148443804e-01)	1
0.0058642992      	k                 	1.3133944540e-07	(7.6296438098e-02 4.8626669468e-02 2.2887366007e-01)	1	1.2520016104e-01	(9.9501066556e-02 4.8990079350e-02 1.9450000002e-01)	1
0.0058642992      	omega             	1.9807639184e+01	(-3.7815176258e-01 4.4370663109e-01 4.4091404994e-01)	2	1.6962361696e+07	(1.0291314320e-01 4.7269903838e-02 6.1879950920e-03)	3
0.0058642992      	p                 	-1.2050071617e+01	(-1.2749947134e-01 4.4788179567e-02 1.5164141740e-01)	1	1.1346067116e+01	(1.1449969978e-01 4.6106917321e-02 1.7249942685e-01)	1
0.0058892992      	mag(U)            	0.0000000000e+00	(-1.4000000060e-01 4.9258069922e-03 5.3000562546e-02)	0	4.1907153394e+00	(9.6492849896e-02 4.6619938512e-02 1.9148443804e-01)	1
0.0058892992      	k                 	1.3071004893e-07	(7.6296438098e-02 4.8626669468e-02 2.2887366007e-01)	1	1.2653983430e-01	(9.9501066556e-02 4.8990079350e-02 1.9450000002e-01)	1
0.0058892992      	omega             	1.9806827054e+01	(-3.7815176258e-01 4.4370663109e-01 4.4091404994e-01)	2	1.6962361697e+07	(1.0291314320e-01 4.7269903838e-02 6.1879950920e-03)	3
0.0058892992      	p                 	-1.2088940752e+01	(-9.4499972870e-02 4.4787538625e-02 1.5164162551e-01)	1	1.1355246785e+01	(1.1449969978e-01 4.6106917321e-02 1.7249942685e-01)	1
0.0059142992      	mag(U)            	0.0000000000e+00	(-1.4000000060e-01 4.9258069922e-03 5.3000562546e-02)	0	4.2018257382e+00	(9.6492849896e-02 4.6619938512e-02 1.9148443804e-01)	1
0.0059142992      	k                 	1.3008938720e-07	(7.6296438098e-02 4.8626669468e-02 2.2887366007e-01)	1	1.2788200010e-01	(9.9501066556e-02 4.8990079350e-02 1.9450000002e-01)	1
0.0059142992      	omega             	1.9806014991e+01	(-3.7815176258e-01 4.4370663109e-01 4.4091404994e-01)	2	1.6962361697e+07	(1.0291314320e-01 4.7269903838e-02 6.1879950920e-03)	3
0.0059142992      	p                 	-1.2108719862e+01	(-1.2749947134e-01 4.4788179567e-02 1.5164141740e-01)	1	1.1364673846e+01	(1.1449969978e-01 4.6106917321e-02 1.7249942685e-01)	1
0.0059392992      	mag(U)            	0.0000000000e+00	(-1.4000000060e-01 4.9258069922e-03 5.3000562546e-02)	0	4.2124617635e+00	(9.6492849896e-02 4.6619938512e-02 1.9148443804e-01)	1
0.0059392992      	k                 	1.2947715281e-07	(7.6296438098e-02 4.8626669468e-02 2.2887366007e-01)	1	1.2922633932e-01	(9.9501066556e-02 4.8990079350e-02 1.9450000002e-01)	1
0.0059392992      	omega             	1.9805202994e+01	(-3.7815176258e-01 4.4370663109e-01 4.4091404994e-01)	2	1.6962361698e+07	(1.0291314320e-01 4.7269903838e-02 6.1879950920e-03)	3
0.0059392992      	p                 	-1.2140920455e+01	(-1.2749947134e-01 4.4788179567e-02 1.5164141740e-01)	1	1.1374140400e+01	(1.1449969978e-01 4.6106917321e-02 1.7249942685e-01)	1
0.0059642992      	mag(U)            	0.0000000000e+00	(-1.4000000060e-01 4.9258069922e-03 5.3000562546e-02)	0	4.2226412821e+00	(9.6492849896e-02 4.6619938512e-02 1.9148443804e-01)	1
0.0059642992      	k                 	1.2887292580e-07	(7.6296438098e-02 4.8626669468e-02 2.2887366007e-01)	1	1.3057255900e-01	(9.9501066556e-02 4.8990079350e-02 1.9450000002e-01)	1
0.0059642992      	omega             	1.9804391064e+01	(-3.7815176258e-01 4.4370663109e-01 4.4091404994e-01)	2	1.6962361698e+07	(1.0291314320e-01 4.7269903838e-02 6.1879950920e-03)	3
0.0059642992      	p                 	-1.2136217134e+01	(-9.4499972870e-02 4.4787538625e-02 1.5164162551e-01)	1	1.1383180519e+01	(1.1449969978e-01 4.6106917321e-02 1.7249942685e-01)	1
0.0059892992      	mag(U)            	0.0000000000e+00	(-1.4000000060e-01 4.9258069922e-03 5.3000562546e-02)	0	4.2324127346e+00	(9.6492849896e-02 4.6619938512e-02 1.9148443804e-01)	1
0.0059892992      	k                 	1.2827603215e-07	(7.6296438098e-02 4.8626669468e-02 2.2887366007e-01)	1	1.3192034425e-01	(9.9501066556e-02 4.8990079350e-02 1.9450000002e-01)	1
0.0059892992      	omega             	1.9803579200e+01	(-3.7815176258e-01 4.4370663109e-01 4.4091404994e-01)	2	1.6962361699e+07	(1.0291314320e-01 4.7269903838e-02 6.1879950920e-03)	3
0.0059892992      	p                 	-1.2161525507e+01	(-9.4499972870e-02 4.4787538625e-02 1.5164162551e-01)	1	1.1391754000e+01	(1.1449969978e-01 4.6106917321e-02 1.7249942685e-01)	1
0.0060142992      	mag(U)            	0.0000000000e+00	(-1.4000000060e-01 4.9258069922e-03 5.3000562546e-02)	0	4.2418176689e+00	(9.6492849896e-02 4.6619938512e-02 1.9148443804e-01)	1
0.0060142992      	k                 	1.2768599252e-07	(7.6296438098e-02 4.8626669468e-02 2.2887366007e-01)	1	1.3326934237e-01	(9.9501066556e-02 4.8990079350e-02 1.9450000002e-01)	1
0.0060142992      	omega             	1.9802767403e+01	(-3.7815176258e-01 4.4370663109e-01 4.4091404994e-01)	2	1.6962361700e+07	(1.0291314320e-01 4.7269903838e-02 6.1879950920e-03)	3
0.0060142992      	p                 	-1.2186102216e+01	(-9.4499972870e-02 4.4787538625e-02 1.5164162551e-01)	1	1.1401128159e+01	(1.1449969978e-01 4.6106917321e-02 1.7249942685e-01)	1
0.0060392992      	mag(U)            	0.0000000000e+00	(-1.4000000060e-01 4.9258069922e-03 5.3000562546e-02)	0	4.2509017647e+00	(9.6492849896e-02 4.6619938512e-02 1.9148443804e-01)	1
0.0060392992      	k                 	1.2710013853e-07	(7.6296438098e-02 4.8626669468e-02 2.2887366007e-01)	1	1.3461920819e-01	(9.9501066556e-02 4.8990079350e-02 1.9450000002e-01)	1
0.0060392992      	omega             	1.9801955673e+01	(-3.7815176258e-01 4.4370663109e-01 4.4091404994e-01)	2	1.6962361700e+07	(1.0291314320e-01 4.7269903838e-02 6.1879950920e-03)	3
0.0060392992      	p                 	-1.2184382587e+01	(-1.2749947134e-01 4.4788179567e-02 1.5164141740e-01)	1	1.1411578103e+01	(1.1449969978e-01 4.6106917321e-02 1.7249942685e-01)	1
0.0060642992      	mag(U)            	0.0000000000e+00	(-1.4000000060e-01 4.9258069922e-03 5.3000562546e-02)	0	4.2596400670e+00	(9.6492849896e-02 4.6619938512e-02 1.9148443804e-01)	1
0.0060642992      	k                 	1.2651625109e-07	(7.6296438098e-02 4.8626669468e-02 2.2887366007e-01)	1	1.3596960853e-01	(9.9501066556e-02 4.8990079350e-02 1.9450000002e-01)	1
0.0060642992      	omega             	1.9801144009e+01	(-3.7815176258e-01 4.4370663109e-01 4.4091404994e-01)	2	1.6962361701e+07	(1.0291314320e-01 4.7269903838e-02 6.1879950920e-03)	3
0.0060642992      	p                 	-1.2209063712e+01	(-1.2749947134e-01 4.4788179567e-02 1.5164141740e-01)	1	1.1420657507e+01	(1.1449969978e-01 4.6106917321e-02 1.7249942685e-01)	1
0.0060892992      	mag(U)            	0.0000000000e+00	(-1.4000000060e-01 4.9258069922e-03 5.3000562546e-02)	0	4.2680805289e+00	(9.6492849896e-02 4.6619938512e-02 1.9148443804e-01)	1
0.0060892992      	k                 	1.2593438678e-07	(7.6296438098e-02 4.8626669468e-02 2.2887366007e-01)	1	1.3732020289e-01	(9.9501066556e-02 4.8990079350e-02 1.9450000002e-01)	1
0.0060892992      	omega             	1.9800332411e+01	(-3.7815176258e-01 4.4370663109e-01 4.4091404994e-01)	2	1.6962361701e+07	(1.0291314320e-01 4.7269903838e-02 6.1879950920e-03)	3
0.0060892992      	p                 	-1.2227089428e+01	(-1.2749947134e-01 4.4788179567e-02 1.5164141740e-01)	1	1.1430987427e+01	(1.1449969978e-01 4.6106917321e-02 1.7249942685e-01)	1
0.0061142992      	mag(U)            	0.0000000000e+00	(-1.4000000060e-01 4.9258069922e-03 5.3000562546e-02)	0	4.2762789645e+00	(9.6492849896e-02 4.6619938512e-02 1.9148443804e-01)	1
0.0061142992      	k                 	1.2535474380e-07	(7.6296438098e-02 4.8626669468e-02 2.2887366007e-01)	1	1.3867064062e-01	(9.9501066556e-02 4.8990079350e-02 1.9450000002e-01)	1
0.0061142992      	omega             	1.9799520881e+01	(-3.7815176258e-01 4.4370663109e-01 4.4091404994e-01)	2	1.6962361702e+07	(1.0291314320e-01 4.7269903838e-02 6.1879950920e-03)	3
0.0061142992      	p                 	-1.2247904035e+01	(-1.2749947134e-01 4.4788179567e-02 1.5164141740e-01)	1	1.1442001900e+01	(1.1449969978e-01 4.6106917321e-02 1.7249942685e-01)	1
0.0061392992      	mag(U)            	0.0000000000e+00	(-1.4000000060e-01 4.9258069922e-03 5.3000562546e-02)	0	4.2841884515e+00	(9.6492849896e-02 4.6619938512e-02 1.9148443804e-01)	1
0.0061392992      	k                 	1.2477797271e-07	(7.6296438098e-02 4.8626669468e-02 2.2887366007e-01)	1	1.4002056346e-01	(9.9501066556e-02 4.8990079350e-02 1.9450000002e-01)	1
0.0061392992      	omega             	1.9798709416e+01	(-3.7815176258e-01 4.4370663109e-01 4.4091404994e-01)	2	1.6962361702e+07	(1.0291314320e-01 4.7269903838e-02 6.1879950920e-03)	3
0.0061392992      	p                 	-1.2269331573e+01	(-1.2749947134e-01 4.4788179567e-02 1.5164141740e-01)	1	1.1452079918e+01	(1.1449969978e-01 4.6106917321e-02 1.7249942685e-01)	1
0.0061642992      	mag(U)            	0.0000000000e+00	(-1.4000000060e-01 4.9258069922e-03 5.3000562546e-02)	0	4.2919417475e+00	(9.6492849896e-02 4.6619938512e-02 1.9148443804e-01)	1
0.0061642992      	k                 	1.2420458466e-07	(7.6296438098e-02 4.8626669468e-02 2.2887366007e-01)	1	1.4136962309e-01	(9.9501066556e-02 4.8990079350e-02 1.9450000002e-01)	1
0.0061642992      	omega             	1.9797898019e+01	(-3.7815176258e-01 4.4370663109e-01 4.4091404994e-01)	2	1.6962361703e+07	(1.0291314320e-01 4.7269903838e-02 6.1879950920e-03)	3
0.0061642992      	p                 	-1.2285057752e+01	(-1.2749947134e-01 4.4788179567e-02 1.5164141740e-01)	1	1.1462208235e+01	(1.1449969978e-01 4.6106917321e-02 1.7249942685e-01)	1
0.0061892992      	mag(U)            	0.0000000000e+00	(-1.4000000060e-01 4.9258069922e-03 5.3000562546e-02)	0	4.3018919033e+00	(9.5490569538e-02 4.6771708007e-02 1.9148491648e-01)	1
0.0061892992      	k                 	1.2363534986e-07	(7.6296438098e-02 4.8626669468e-02 2.2887366007e-01)	1	1.4271747034e-01	(9.9501066556e-02 4.8990079350e-02 1.9450000002e-01)	1
0.0061892992      	omega             	1.9797086687e+01	(-3.7815176258e-01 4.4370663109e-01 4.4091404994e-01)	2	1.6962361704e+07	(1.0291314320e-01 4.7269903838e-02 6.1879950920e-03)	3
0.0061892992      	p                 	-1.2302203938e+01	(-1.2749947134e-01 4.4788179567e-02 1.5164141740e-01)	1	1.1472325816e+01	(1.1449969978e-01 4.6106917321e-02 1.7249942685e-01)	1
0.0062142992      	mag(U)            	0.0000000000e+00	(-1.4000000060e-01 4.9258069922e-03 5.3000562546e-02)	0	4.3138828157e+00	(9.5490569538e-02 4.6771708007e-02 1.9148491648e-01)	1
0.0062142992      	k                 	1.2307044400e-07	(7.6296438098e-02 4.8626669468e-02 2.2887366007e-01)	1	1.4406377273e-01	(9.9501066556e-02 4.8990079350e-02 1.9450000002e-01)	1
0.0062142992      	omega             	1.9796275422e+01	(-3.7815176258e-01 4.4370663109e-01 4.4091404994e-01)	2	1.6962361704e+07	(1.0291314320e-01 4.7269903838e-02 6.1879950920e-03)	3
0.0062142992      	p                 	-1.2319644890e+01	(-1.2749947134e-01 4.4788179567e-02 1.5164141740e-01)	1	1.1482627901e+01	(1.1449969978e-01 4.6106917321e-02 1.7249942685e-01)	1
0.0062392992      	mag(U)            	0.0000000000e+00	(-1.4000000060e-01 4.9258069922e-03 5.3000562546e-02)	0	4.3255291747e+00	(9.5490569538e-02 4.6771708007e-02 1.9148491648e-01)	1
0.0062392992      	k                 	1.2250985314e-07	(7.6296438098e-02 4.8626669468e-02 2.2887366007e-01)	1	1.4540821416e-01	(9.9501066556e-02 4.8990079350e-02 1.9450000002e-01)	1
0.0062392992      	omega             	1.9795464224e+01	(-3.7815176258e-01 4.4370663109e-01 4.4091404994e-01)	2	1.6962361705e+07	(1.0291314320e-01 4.7269903838e-02 6.1879950920e-03)	3
0.0062392992      	p                 	-1.2337090268e+01	(-1.2749947134e-01 4.4788179567e-02 1.5164141740e-01)	1	1.1491906725e+01	(1.1449969978e-01 4.6106917321e-02 1.7249942685e-01)	1
0.0062642992      	mag(U)            	0.0000000000e+00	(-1.4000000060e-01 4.9258069922e-03 5.3000562546e-02)	0	4.3368580697e+00	(9.5490569538e-02 4.6771708007e-02 1.9148491648e-01)	1
0.0062642992      	k                 	1.2195352798e-07	(7.6296438098e-02 4.8626669468e-02 2.2887366007e-01)	1	1.4675047753e-01	(9.9501066556e-02 4.8990079350e-02 1.9450000002e-01)	1
0.0062642992      	omega             	1.9794653092e+01	(-3.7815176258e-01 4.4370663109e-01 4.4091404994e-01)	2	1.6962361705e+07	(1.0291314320e-01 4.7269903838e-02 6.1879950920e-03)	3
0.0062642992      	p                 	-1.2353844581e+01	(-1.2749947134e-01 4.4788179567e-02 1.5164141740e-01)	1	1.1499709049e+01	(1.1449969978e-01 4.6106917321e-02 1.7249942685e-01)	1
0.0062892992      	mag(U)            	0.0000000000e+00	(-1.4000000060e-01 4.9258069922e-03 5.3000562546e-02)	0	4.3479860305e+00	(9.5490569538e-02 4.6771708007e-02 1.9148491648e-01)	1
0.0062892992      	k                 	1.2140048111e-07	(7.6296438098e-02 4.8626669468e-02 2.2887366007e-01)	1	1.4809016584e-01	(9.9501066556e-02 4.8990079350e-02 1.9450000002e-01)	1
0.0062892992      	omega             	1.9793842027e+01	(-3.7815176258e-01 4.4370663109e-01 4.4091404994e-01)	2	1.6962361706e+07	(1.0291314320e-01 4.7269903838e-02 6.1879950920e-03)	3
0.0062892992      	p                 	-1.2373162661e+01	(-1.2749947134e-01 4.4788179567e-02 1.5164141740e-01)	1	1.1509759172e+01	(1.1449969978e-01 4.6106917321e-02 1.7249942685e-01)	1
0.0063142992      	mag(U)            	0.0000000000e+00	(-1.4000000060e-01 4.9258069922e-03 5.3000562546e-02)	0	4.3587084903e+00	(9.5490569538e-02 4.6771708007e-02 1.9148491648e-01)	1
0.0063142992      	k                 	1.2085006101e-07	(7.6296438098e-02 4.8626669468e-02 2.2887366007e-01)	1	1.4942688755e-01	(9.9501066556e-02 4.8990079350e-02 1.9450000002e-01)	1
0.0063142992      	omega             	1.9793031028e+01	(-3.7815176258e-01 4.4370663109e-01 4.4091404994e-01)	2	1.6962361707e+07	(1.0291314320e-01 4.7269903838e-02 6.1879950920e-03)	3
0.0063142992      	p                 	-1.2391865335e+01	(-1.2749947134e-01 4.4788179567e-02 1.5164141740e-01)	1	1.1518761925e+01	(1.1449969978e-01 4.6106917321e-02 1.7249942685e-01)	1
0.0063392992      	mag(U)            	0.0000000000e+00	(-1.4000000060e-01 4.9258069922e-03 5.3000562546e-02)	0	4.3690837107e+00	(9.5490569538e-02 4.6771708007e-02 1.9148491648e-01)	1
0.0063392992      	k                 	1.2030204910e-07	(7.6296438098e-02 4.8626669468e-02 2.2887366007e-01)	1	1.5076027964e-01	(9.9501066556e-02 4.8990079350e-02 1.9450000002e-01)	1
0.0063392992      	omega             	1.9792220096e+01	(-3.7815176258e-01 4.4370663109e-01 4.4091404994e-01)	2	1.6962361707e+07	(1.0291314320e-01 4.7269903838e-02 6.1879950920e-03)	3
0.0063392992      	p                 	-1.2399084587e+01	(-1.2749947134e-01 4.4788179567e-02 1.5164141740e-01)	1	1.1528212337e+01	(1.1449969978e-01 4.6106917321e-02 1.7249942685e-01)	1
0.0063642992      	mag(U)            	0.0000000000e+00	(-1.4000000060e-01 4.9258069922e-03 5.3000562546e-02)	0	4.3791505891e+00	(9.5490569538e-02 4.6771708007e-02 1.9148491648e-01)	1
0.0063642992      	k                 	1.1975713205e-07	(7.6296438098e-02 4.8626669468e-02 2.2887366007e-01)	1	1.5209001385e-01	(9.9501066556e-02 4.8990079350e-02 1.9450000002e-01)	1
0.0063642992      	omega             	1.9791409230e+01	(-3.7815176258e-01 4.4370663109e-01 4.4091404994e-01)	2	1.6962361708e+07	(1.0291314320e-01 4.7269903838e-02 6.1879950920e-03)	3
0.0063642992      	p                 	-1.2400871865e+01	(-9.4499972870e-02 4.4787538625e-02 1.5164162551e-01)	1	1.1536612937e+01	(1.1449969978e-01 4.6106917321e-02 1.7249942685e-01)	1
0.0063892992      	mag(U)            	0.0000000000e+00	(-1.4000000060e-01 4.9258069922e-03 5.3000562546e-02)	0	4.3889179899e+00	(9.5490569538e-02 4.6771708007e-02 1.9148491648e-01)	1
0.0063892992      	k                 	1.1921671628e-07	(7.6296438098e-02 4.8626669468e-02 2.2887366007e-01)	1	1.5341576661e-01	(9.9501066556e-02 4.8990079350e-02 1.9450000002e-01)	1
0.0063892992      	omega             	1.9790598430e+01	(-3.7815176258e-01 4.4370663109e-01 4.4091404994e-01)	2	1.6962361708e+07	(1.0291314320e-01 4.7269903838e-02 6.1879950920e-03)	3
0.0063892992      	p                 	-1.2421026355e+01	(-9.4499972870e-02 4.4787538625e-02 1.5164162551e-01)	1	1.1544808242e+01	(1.1449969978e-01 4.6106917321e-02 1.7249942685e-01)	1
0.0064142992      	mag(U)            	0.0000000000e+00	(-1.4000000060e-01 4.9258069922e-03 5.3000562546e-02)	0	4.3984002232e+00	(9.5490569538e-02 4.6771708007e-02 1.9148491648e-01)	1
0.0064142992      	k                 	1.1868274994e-07	(7.6296438098e-02 4.8626669468e-02 2.2887366007e-01)	1	1.5473719520e-01	(9.9501066556e-02 4.8990079350e-02 1.9450000002e-01)	1
0.0064142992      	omega             	1.9789787697e+01	(-3.7815176258e-01 4.4370663109e-01 4.4091404994e-01)	2	1.6962361709e+07	(1.0291314320e-01 4.7269903838e-02 6.1879950920e-03)	3
0.0064142992      	p                 	-1.2399596515e+01	(-9.4499972870e-02 4.4787538625e-02 1.5164162551e-01)	1	1.1554065028e+01	(1.1449969978e-01 4.6106917321e-02 1.7249942685e-01)	1
0.0064392992      	mag(U)            	0.0000000000e+00	(-1.4000000060e-01 4.9258069922e-03 5.3000562546e-02)	0	4.4076182119e+00	(9.5490569538e-02 4.6771708007e-02 1.9148491648e-01)	1
0.0064392992      	k                 	1.1815592502e-07	(7.6296438098e-02 4.8626669468e-02 2.2887366007e-01)	1	1.5605395304e-01	(9.9501066556e-02 4.8990079350e-02 1.9450000002e-01)	1
0.0064392992      	omega             	1.9788977030e+01	(-3.7815176258e-01 4.4370663109e-01 4.4091404994e-01)	2	1.6962361710e+07	(1.0291314320e-01 4.7269903838e-02 6.1879950920e-03)	3
0.0064392992      	p                 	-1.2382450558e+01	(-9.4499972870e-02 4.4787538625e-02 1.5164162551e-01)	1	1.1563239860e+01	(1.1449969978e-01 4.6106917321e-02 1.7249942685e-01)	1
0.0064642992      	mag(U)            	0.0000000000e+00	(-1.4000000060e-01 4.9258069922e-03 5.3000562546e-02)	0	4.4165945411e+00	(9.5490569538e-02 4.6771708007e-02 1.9148491648e-01)	1
0.0064642992      	k                 	1.1763193305e-07	(7.6296438098e-02 4.8626669468e-02 2.2887366007e-01)	1	1.5736569143e-01	(9.9501066556e-02 4.8990079350e-02 1.9450000002e-01)	1
0.0064642992      	omega             	1.9788166430e+01	(-3.7815176258e-01 4.4370663109e-01 4.4091404994e-01)	2	1.6962361710e+07	(1.0291314320e-01 4.7269903838e-02 6.1879950920e-03)	3
0.0064642992      	p                 	-1.2380880337e+01	(-9.4499972870e-02 4.4787538625e-02 1.5164162551e-01)	1	1.1571671043e+01	(1.1449969978e-01 4.6106917321e-02 1.7249942685e-01)	1
0.0064892992      	mag(U)            	0.0000000000e+00	(-1.4000000060e-01 4.9258069922e-03 5.3000562546e-02)	0	4.4253263850e+00	(9.5490569538e-02 4.6771708007e-02 1.9148491648e-01)	1
0.0064892992      	k                 	1.1709901035e-07	(7.6296438098e-02 4.8626669468e-02 2.2887366007e-01)	1	1.5867203544e-01	(9.9501066556e-02 4.8990079350e-02 1.9450000002e-01)	1
0.0064892992      	omega             	1.9787355896e+01	(-3.7815176258e-01 4.4370663109e-01 4.4091404994e-01)	2	1.6962361711e+07	(1.0291314320e-01 4.7269903838e-02 6.1879950920e-03)	3
0.0064892992      	p                 	-1.2383593906e+01	(-9.4499972870e-02 4.4787538625e-02 1.5164162551e-01)	1	1.1580409242e+01	(1.1449969978e-01 4.6106917321e-02 1.7249942685e-01)	1
0.0065142992      	mag(U)            	0.0000000000e+00	(-1.4000000060e-01 4.9258069922e-03 5.3000562546e-02)	0	4.4337989545e+00	(9.5490569538e-02 4.6771708007e-02 1.9148491648e-01)	1
0.0065142992      	k                 	1.1655610621e-07	(7.6296438098e-02 4.8626669468e-02 2.2887366007e-01)	1	1.5997271279e-01	(9.9501066556e-02 4.8990079350e-02 1.9450000002e-01)	1
0.0065142992      	omega             	1.9786545429e+01	(-3.7815176258e-01 4.4370663109e-01 4.4091404994e-01)	2	1.6962361712e+07	(1.0291314320e-01 4.7269903838e-02 6.1879950920e-03)	3
0.0065142992      	p                 	-1.2385701782e+01	(-9.4499972870e-02 4.4787538625e-02 1.5164162551e-01)	1	1.1589403528e+01	(1.1449969978e-01 4.6106917321e-02 1.7249942685e-01)	1
0.0065392992      	mag(U)            	0.0000000000e+00	(-1.4000000060e-01 4.9258069922e-03 5.3000562546e-02)	0	4.4419381153e+00	(9.5490569538e-02 4.6771708007e-02 1.9148491648e-01)	1
0.0065392992      	k                 	1.1600603208e-07	(7.6296438098e-02 4.8626669468e-02 2.2887366007e-01)	1	1.6126745568e-01	(9.9501066556e-02 4.8990079350e-02 1.9450000002e-01)	1
0.0065392992      	omega             	1.9785735028e+01	(-3.7815176258e-01 4.4370663109e-01 4.4091404994e-01)	2	1.6962361712e+07	(1.0291314320e-01 4.7269903838e-02 6.1879950920e-03)	3
0.0065392992      	p                 	-1.2313073229e+01	(-9.4499972870e-02 4.4787538625e-02 1.5164162551e-01)	1	1.1598536711e+01	(1.1449969978e-01 4.6106917321e-02 1.7249942685e-01)	1
0.0065642992      	mag(U)            	0.0000000000e+00	(-1.4000000060e-01 4.9258069922e-03 5.3000562546e-02)	0	4.4497038457e+00	(9.5490569538e-02 4.6771708007e-02 1.9148491648e-01)	1
0.0065642992      	k                 	1.1545183998e-07	(7.6296438098e-02 4.8626669468e-02 2.2887366007e-01)	1	1.6271268706e-01	(1.0050018877e-01 4.8988499016e-02 1.9550000002e-01)	1
0.0065642992      	omega             	1.9784924693e+01	(-3.7815176258e-01 4.4370663109e-01 4.4091404994e-01)	2	1.6962361713e+07	(1.0291314320e-01 4.7269903838e-02 6.1879950920e-03)	3
0.0065642992      	p                 	-1.2271655352e+01	(-9.4499972870e-02 4.4787538625e-02 1.5164162551e-01)	1	1.1607522306e+01	(1.1449969978e-01 4.6106917321e-02 1.7249942685e-01)	1
0.0065892992      	mag(U)            	0.0000000000e+00	(-1.4000000060e-01 4.9258069922e-03 5.3000562546e-02)	0	4.4571078138e+00	(9.5490569538e-02 4.6771708007e-02 1.9148491648e-01)	1
0.0065892992      	k                 	1.1489602573e-07	(7.6296438098e-02 4.8626669468e-02 2.2887366007e-01)	1	1.6437320796e-01	(1.0050018877e-01 4.8988499016e-02 1.9550000002e-01)	1
0.0065892992      	omega             	1.9784114425e+01	(-3.7815176258e-01 4.4370663109e-01 4.4091404994e-01)	2	1.6962361714e+07	(1.0291314320e-01 4.7269903838e-02 6.1879950920e-03)	3
0.0065892992      	p                 	-1.2266063031e+01	(-9.4499972870e-02 4.4787538625e-02 1.5164162551e-01)	1	1.1617429187e+01	(1.1449969978e-01 4.6106917321e-02 1.7249942685e-01)	1
0.0066142992      	mag(U)            	0.0000000000e+00	(-1.4000000060e-01 4.9258069922e-03 5.3000562546e-02)	0	4.4642308827e+00	(9.5490569538e-02 4.6771708007e-02 1.9148491648e-01)	1
0.0066142992      	k                 	1.1434033345e-07	(7.6296438098e-02 4.8626669468e-02 2.2887366007e-01)	1	1.6603162025e-01	(1.0050018877e-01 4.8988499016e-02 1.9550000002e-01)	1
0.0066142992      	omega             	1.9783304223e+01	(-3.7815176258e-01 4.4370663109e-01 4.4091404994e-01)	2	1.6962361714e+07	(1.0291314320e-01 4.7269903838e-02 6.1879950920e-03)	3
0.0066142992      	p                 	-1.2262824742e+01	(-9.4499972870e-02 4.4787538625e-02 1.5164162551e-01)	1	1.1625988289e+01	(1.1449969978e-01 4.6106917321e-02 1.7249942685e-01)	1
0.0066392992      	mag(U)            	0.0000000000e+00	(-1.4000000060e-01 4.9258069922e-03 5.3000562546e-02)	0	4.4708532052e+00	(9.5490569538e-02 4.6771708007e-02 1.9148491648e-01)	1
0.0066392992      	k                 	1.1378403943e-07	(7.6296438098e-02 4.8626669468e-02 2.2887366007e-01)	1	1.6768644369e-01	(1.0050018877e-01 4.8988499016e-02 1.9550000002e-01)	1
0.0066392992      	omega             	1.9782494087e+01	(-3.7815176258e-01 4.4370663109e-01 4.4091404994e-01)	2	1.6962361715e+07	(1.0291314320e-01 4.7269903838e-02 6.1879950920e-03)	3
0.0066392992      	p                 	-1.2266247422e+01	(1.2749960378e-01 4.4788163965e-02 1.5164146329e-01)	1	1.1634537883e+01	(1.1449969978e-01 4.6106917321e-02 1.7249942685e-01)	1
0.0066642992      	mag(U)            	0.0000000000e+00	(-1.4000000060e-01 4.9258069922e-03 5.3000562546e-02)	0	4.4770983103e+00	(9.5490569538e-02 4.6771708007e-02 1.9148491648e-01)	1
0.0066642992      	k                 	1.1322289658e-07	(7.6296438098e-02 4.8626669468e-02 2.2887366007e-01)	1	1.6933640186e-01	(1.0050018877e-01 4.8988499016e-02 1.9550000002e-01)	1
0.0066642992      	omega             	1.9781684018e+01	(-3.7815176258e-01 4.4370663109e-01 4.4091404994e-01)	2	1.6962361716e+07	(1.0291314320e-01 4.7269903838e-02 6.1879950920e-03)	3
0.0066642992      	p                 	-1.2270130575e+01	(1.2749960378e-01 4.4788163965e-02 1.5164146329e-01)	1	1.1642338941e+01	(1.1449969978e-01 4.6106917321e-02 1.7249942685e-01)	1
0.0066892992      	mag(U)            	0.0000000000e+00	(-1.4000000060e-01 4.9258069922e-03 5.3000562546e-02)	0	4.4829883858e+00	(9.5490569538e-02 4.6771708007e-02 1.9148491648e-01)	1
0.0066892992      	k                 	1.1265334163e-07	(7.6296438098e-02 4.8626669468e-02 2.2887366007e-01)	1	1.7098039320e-01	(1.0050018877e-01 4.8988499016e-02 1.9550000002e-01)	1
0.0066892992      	omega             	1.9780874015e+01	(-3.7815176258e-01 4.4370663109e-01 4.4091404994e-01)	2	1.6962361716e+07	(1.0291314320e-01 4.7269903838e-02 6.1879950920e-03)	3
0.0066892992      	p                 	-1.2273188606e+01	(1.2749960378e-01 4.4788163965e-02 1.5164146329e-01)	1	1.1650770833e+01	(1.1449969978e-01 4.6106917321e-02 1.7249942685e-01)	1
0.0067142992      	mag(U)            	0.0000000000e+00	(-1.4000000060e-01 4.9258069922e-03 5.3000562546e-02)	0	4.4884909620e+00	(9.5490569538e-02 4.6771708007e-02 1.9148491648e-01)	1
0.0067142992      	k                 	1.1207631932e-07	(7.6296438098e-02 4.8626669468e-02 2.2887366007e-01)	1	1.7261750827e-01	(1.0050018877e-01 4.8988499016e-02 1.9550000002e-01)	1
0.0067142992      	omega             	1.9780064079e+01	(-3.7815176258e-01 4.4370663109e-01 4.4091404994e-01)	2	1.6962361717e+07	(1.0291314320e-01 4.7269903838e-02 6.1879950920e-03)	3
0.0067142992      	p                 	-1.2287030717e+01	(1.2649977868e-01 4.4763162079e-02 1.5062185825e-01)	1	1.1660090585e+01	(1.1449969978e-01 4.6106917321e-02 1.7249942685e-01)	1
0.0067392992      	mag(U)            	0.0000000000e+00	(-1.4000000060e-01 4.9258069922e-03 5.3000562546e-02)	0	4.4935421149e+00	(9.5490569538e-02 4.6771708007e-02 1.9148491648e-01)	1
0.0067392992      	k                 	1.1149514321e-07	(7.6296438098e-02 4.8626669468e-02 2.2887366007e-01)	1	1.7424694614e-01	(1.0050018877e-01 4.8988499016e-02 1.9550000002e-01)	1
0.0067392992      	omega             	1.9779254209e+01	(-3.7815176258e-01 4.4370663109e-01 4.4091404994e-01)	2	1.6962361718e+07	(1.0291314320e-01 4.7269903838e-02 6.1879950920e-03)	3
0.0067392992      	p                 	-1.2299861213e+01	(1.2649977868e-01 4.4763162079e-02 1.5062185825e-01)	1	1.1669585713e+01	(1.1449969978e-01 4.6106917321e-02 1.7249942685e-01)	1
0.0067642992      	mag(U)            	0.0000000000e+00	(-1.4000000060e-01 4.9258069922e-03 5.3000562546e-02)	0	4.5017979492e+00	(1.0449999997e-01 4.7254146149e-02 1.9649901948e-01)	1
0.0067642992      	k                 	1.1091295473e-07	(7.6296438098e-02 4.8626669468e-02 2.2887366007e-01)	1	1.7586796148e-01	(1.0050018877e-01 4.8988499016e-02 1.9550000002e-01)	1
0.0067642992      	omega             	1.9778444405e+01	(-3.7815176258e-01 4.4370663109e-01 4.4091404994e-01)	2	1.6962361718e+07	(1.0291314320e-01 4.7269903838e-02 6.1879950920e-03)	3
0.0067642992      	p                 	-1.2312882372e+01	(1.2649977868e-01 4.4763162079e-02 1.5062185825e-01)	1	1.1677072095e+01	(1.1449969978e-01 4.6106917321e-02 1.7249942685e-01)	1
0.0067892992      	mag(U)            	0.0000000000e+00	(-1.4000000060e-01 4.9258069922e-03 5.3000562546e-02)	0	4.5168496111e+00	(1.0449999997e-01 4.7254146149e-02 1.9649901948e-01)	1
0.0067892992      	k                 	1.1033225001e-07	(7.6296438098e-02 4.8626669468e-02 2.2887366007e-01)	1	1.7747988953e-01	(1.0050018877e-01 4.8988499016e-02 1.9550000002e-01)	1
0.0067892992      	omega             	1.9777634667e+01	(-3.7815176258e-01 4.4370663109e-01 4.4091404994e-01)	2	1.6962361719e+07	(1.0291314320e-01 4.7269903838e-02 6.1879950920e-03)	3
0.0067892992      	p                 	-1.2326074978e+01	(1.2649977868e-01 4.4763162079e-02 1.5062185825e-01)	1	1.1686747579e+01	(1.1449969978e-01 4.6106917321e-02 1.7249942685e-01)	1
0.0068142992      	mag(U)            	0.0000000000e+00	(-1.4000000060e-01 4.9258069922e-03 5.3000562546e-02)	0	4.5318975413e+00	(1.0449999997e-01 4.7254146149e-02 1.9649901948e-01)	1
0.0068142992      	k                 	1.0975564965e-07	(7.6296438098e-02 4.8626669468e-02 2.2887366007e-01)	1	1.7908212245e-01	(1.0050018877e-01 4.8988499016e-02 1.9550000002e-01)	1
0.0068142992      	omega             	1.9776824996e+01	(-3.7815176258e-01 4.4370663109e-01 4.4091404994e-01)	2	1.6962361720e+07	(1.0291314320e-01 4.7269903838e-02 6.1879950920e-03)	3
0.0068142992      	p                 	-1.2337504281e+01	(1.2649977868e-01 4.4763162079e-02 1.5062185825e-01)	1	1.1694550998e+01	(1.1449969978e-01 4.6106917321e-02 1.7249942685e-01)	1
0.0068392992      	mag(U)            	0.0000000000e+00	(-1.4000000060e-01 4.9258069922e-03 5.3000562546e-02)	0	4.5469835437e+00	(1.0449999997e-01 4.7254146149e-02 1.9649901948e-01)	1
0.0068392992      	k                 	1.0918309277e-07	(7.6296438098e-02 4.8626669468e-02 2.2887366007e-01)	1	1.8067410855e-01	(1.0050018877e-01 4.8988499016e-02 1.9550000002e-01)	1
0.0068392992      	omega             	1.9776015391e+01	(-3.7815176258e-01 4.4370663109e-01 4.4091404994e-01)	2	1.6962361720e+07	(1.0291314320e-01 4.7269903838e-02 6.1879950920e-03)	3
0.0068392992      	p                 	-1.2347986052e+01	(1.2649977868e-01 4.4763162079e-02 1.5062185825e-01)	1	1.1701887420e+01	(1.1449969978e-01 4.6106917321e-02 1.7249942685e-01)	1
0.0068642992      	mag(U)            	0.0000000000e+00	(-1.4000000060e-01 4.9258069922e-03 5.3000562546e-02)	0	4.5612096604e+00	(1.0449999997e-01 4.7254146149e-02 1.9649901948e-01)	1
0.0068642992      	k                 	1.0861623354e-07	(7.6296438098e-02 4.8626669468e-02 2.2887366007e-01)	1	1.8225534582e-01	(1.0050018877e-01 4.8988499016e-02 1.9550000002e-01)	1
0.0068642992      	omega             	1.9775205852e+01	(-3.7815176258e-01 4.4370663109e-01 4.4091404994e-01)	2	1.6962361721e+07	(1.0291314320e-01 4.7269903838e-02 6.1879950920e-03)	3
0.0068642992      	p                 	-1.2344540936e+01	(1.2649977868e-01 4.4763162079e-02 1.5062185825e-01)	1	1.1709200311e+01	(1.1449969978e-01 4.6106917321e-02 1.7249942685e-01)	1
0.0068892992      	mag(U)            	0.0000000000e+00	(-1.4000000060e-01 4.9258069922e-03 5.3000562546e-02)	0	4.5744373699e+00	(1.0449999997e-01 4.7254146149e-02 1.9649901948e-01)	1
0.0068892992      	k                 	1.0805508407e-07	(7.6296438098e-02 4.8626669468e-02 2.2887366007e-01)	1	1.8382538809e-01	(1.0050018877e-01 4.8988499016e-02 1.9550000002e-01)	1
0.0068892992      	omega             	1.9774396380e+01	(-3.7815176258e-01 4.4370663109e-01 4.4091404994e-01)	2	1.6962361722e+07	(1.0291314320e-01 4.7269903838e-02 6.1879950920e-03)	3
0.0068892992      	p                 	-1.2351792804e+01	(1.2649977868e-01 4.4763162079e-02 1.5062185825e-01)	1	1.1717607173e+01	(1.1449969978e-01 4.6106917321e-02 1.7249942685e-01)	1
0.0069142992      	mag(U)            	0.0000000000e+00	(-1.4000000060e-01 4.9258069922e-03 5.3000562546e-02)	0	4.5867635812e+00	(1.0449999997e-01 4.7254146149e-02 1.9649901948e-01)	1
0.0069142992      	k                 	1.0749917451e-07	(7.6296438098e-02 4.8626669468e-02 2.2887366007e-01)	1	1.8538381787e-01	(1.0050018877e-01 4.8988499016e-02 1.9550000002e-01)	1
0.0069142992      	omega             	1.9773586974e+01	(-3.7815176258e-01 4.4370663109e-01 4.4091404994e-01)	2	1.6962361722e+07	(1.0291314320e-01 4.7269903838e-02 6.1879950920e-03)	3
0.0069142992      	p                 	-1.2357989183e+01	(1.2649977868e-01 4.4763162079e-02 1.5062185825e-01)	1	1.1726102345e+01	(1.1449969978e-01 4.6106917321e-02 1.7249942685e-01)	1
0.0069392992      	mag(U)            	0.0000000000e+00	(-1.4000000060e-01 4.9258069922e-03 5.3000562546e-02)	0	4.5983332788e+00	(1.0449999997e-01 4.7254146149e-02 1.9649901948e-01)	1
0.0069392992      	k                 	1.0693725144e-07	(7.6296438098e-02 4.8626669468e-02 2.2887366007e-01)	1	1.8693022957e-01	(1.0050018877e-01 4.8988499016e-02 1.9550000002e-01)	1
0.0069392992      	omega             	1.9772777634e+01	(-3.7815176258e-01 4.4370663109e-01 4.4091404994e-01)	2	1.6962361723e+07	(1.0291314320e-01 4.7269903838e-02 6.1879950920e-03)	3
0.0069392992      	p                 	-1.2367072467e+01	(1.2649977868e-01 4.4763162079e-02 1.5062185825e-01)	1	1.1735149046e+01	(1.1449969978e-01 4.6106917321e-02 1.7249942685e-01)	1
0.0069642992      	mag(U)            	0.0000000000e+00	(-1.4000000060e-01 4.9258069922e-03 5.3000562546e-02)	0	4.6092876613e+00	(1.0449999997e-01 4.7254146149e-02 1.9649901948e-01)	1
0.0069642992      	k                 	1.0636598898e-07	(7.6296438098e-02 4.8626669468e-02 2.2887366007e-01)	1	1.8846422289e-01	(1.0050018877e-01 4.8988499016e-02 1.9550000002e-01)	1
0.0069642992      	omega             	1.9771968360e+01	(-3.7815176258e-01 4.4370663109e-01 4.4091404994e-01)	2	1.6962361724e+07	(1.0291314320e-01 4.7269903838e-02 6.1879950920e-03)	3
0.0069642992      	p                 	-1.2376559827e+01	(1.2649977868e-01 4.4763162079e-02 1.5062185825e-01)	1	1.1742227498e+01	(1.1449969978e-01 4.6106917321e-02 1.7249942685e-01)	1
0.0069892992      	mag(U)            	0.0000000000e+00	(-1.4000000060e-01 4.9258069922e-03 5.3000562546e-02)	0	4.6197450022e+00	(1.0449999997e-01 4.7254146149e-02 1.9649901948e-01)	1
0.0069892992      	k                 	1.0579100518e-07	(7.6296438098e-02 4.8626669468e-02 2.2887366007e-01)	1	1.8998540120e-01	(1.0050018877e-01 4.8988499016e-02 1.9550000002e-01)	1
0.0069892992      	omega             	1.9771159153e+01	(-3.7815176258e-01 4.4370663109e-01 4.4091404994e-01)	2	1.6962361724e+07	(1.0291314320e-01 4.7269903838e-02 6.1879950920e-03)	3
0.0069892992      	p                 	-1.2391192166e+01	(1.2649977868e-01 4.4763162079e-02 1.5062185825e-01)	1	1.1749918985e+01	(1.1449969978e-01 4.6106917321e-02 1.7249942685e-01)	1
0.0070142992      	mag(U)            	0.0000000000e+00	(-1.4000000060e-01 4.9258069922e-03 5.3000562546e-02)	0	4.6298090303e+00	(1.0449999997e-01 4.7254146149e-02 1.9649901948e-01)	1
0.0070142992      	k                 	1.0521212895e-07	(7.6296438098e-02 4.8626669468e-02 2.2887366007e-01)	1	1.9149337717e-01	(1.0050018877e-01 4.8988499016e-02 1.9550000002e-01)	1
0.0070142992      	omega             	1.9770350012e+01	(-3.7815176258e-01 4.4370663109e-01 4.4091404994e-01)	2	1.6962361725e+07	(1.0291314320e-01 4.7269903838e-02 6.1879950920e-03)	3
0.0070142992      	p                 	-1.2363813180e+01	(-1.1949998501e-01 4.4673523268e-02 1.4751876596e-01)	1	1.1758358813e+01	(1.1449969978e-01 4.6106917321e-02 1.7249942685e-01)	1
0.0070392992      	mag(U)            	0.0000000000e+00	(-1.4000000060e-01 4.9258069922e-03 5.3000562546e-02)	0	4.6395541627e+00	(1.0449999997e-01 4.7254146149e-02 1.9649901948e-01)	1
0.0070392992      	k                 	1.0463323940e-07	(7.6296438098e-02 4.8626669468e-02 2.2887366007e-01)	1	1.9298773332e-01	(1.0050018877e-01 4.8988499016e-02 1.9550000002e-01)	1
0.0070392992      	omega             	1.9769540937e+01	(-3.7815176258e-01 4.4370663109e-01 4.4091404994e-01)	2	1.6962361726e+07	(1.0291314320e-01 4.7269903838e-02 6.1879950920e-03)	3
0.0070392992      	p                 	-1.2398846176e+01	(-1.1949998501e-01 4.4673523268e-02 1.4751876596e-01)	1	1.1766184051e+01	(1.1449969978e-01 4.6106917321e-02 1.7249942685e-01)	1
0.0070642992      	mag(U)            	0.0000000000e+00	(-1.4000000060e-01 4.9258069922e-03 5.3000562546e-02)	0	4.6502405140e+00	(1.2250031483e-01 4.7261907911e-02 1.9449774686e-01)	0
0.0070642992      	k                 	1.0405437170e-07	(7.6296438098e-02 4.8626669468e-02 2.2887366007e-01)	1	1.9446806578e-01	(1.0050018877e-01 4.8988499016e-02 1.9550000002e-01)	1
0.0070642992      	omega             	1.9768731928e+01	(-3.7815176258e-01 4.4370663109e-01 4.4091404994e-01)	2	1.6962361727e+07	(1.0291314320e-01 4.7269903838e-02 6.1879950920e-03)	3
0.0070642992      	p                 	-1.2440712098e+01	(-1.1949998501e-01 4.4673523268e-02 1.4751876596e-01)	1	1.1774062406e+01	(1.1449969978e-01 4.6106917321e-02 1.7249942685e-01)	1
0.0070892992      	mag(U)            	0.0000000000e+00	(-1.4000000060e-01 4.9258069922e-03 5.3000562546e-02)	0	4.6606683988e+00	(1.2250031483e-01 4.7261907911e-02 1.9449774686e-01)	0
0.0070892992      	k                 	1.0347776086e-07	(7.6296438098e-02 4.8626669468e-02 2.2887366007e-01)	1	1.9593399657e-01	(1.0050018877e-01 4.8988499016e-02 1.9550000002e-01)	1
0.0070892992      	omega             	1.9767922986e+01	(-3.7815176258e-01 4.4370663109e-01 4.4091404994e-01)	2	1.6962361727e+07	(1.0291314320e-01 4.7269903838e-02 6.1879950920e-03)	3
0.0070892992      	p                 	-1.2482923669e+01	(-1.1949998501e-01 4.4673523268e-02 1.4751876596e-01)	1	1.1781483374e+01	(1.1449969978e-01 4.6106917321e-02 1.7249942685e-01)	1
0.0071142992      	mag(U)            	0.0000000000e+00	(-1.4000000060e-01 4.9258069922e-03 5.3000562546e-02)	0	4.6709686911e+00	(1.2550720354e-01 4.7495397828e-02 1.9349682445e-01)	0
0.0071142992      	k                 	1.0290382348e-07	(7.6296438098e-02 4.8626669468e-02 2.2887366007e-01)	1	1.9738513347e-01	(1.0050018877e-01 4.8988499016e-02 1.9550000002e-01)	1
0.0071142992      	omega             	1.9767114109e+01	(-3.7815176258e-01 4.4370663109e-01 4.4091404994e-01)	2	1.6962361728e+07	(1.0291314320e-01 4.7269903838e-02 6.1879950920e-03)	3
0.0071142992      	p                 	-1.2463754433e+01	(-1.1949998501e-01 4.4673523268e-02 1.4751876596e-01)	1	1.1789349900e+01	(1.1449969978e-01 4.6106917321e-02 1.7249942685e-01)	1
0.0071392992      	mag(U)            	0.0000000000e+00	(-1.4000000060e-01 4.9258069922e-03 5.3000562546e-02)	0	4.6809783246e+00	(1.2550720354e-01 4.7495397828e-02 1.9349682445e-01)	0
0.0071392992      	k                 	1.0233268391e-07	(7.6296438098e-02 4.8626669468e-02 2.2887366007e-01)	1	1.9882111870e-01	(1.0050018877e-01 4.8988499016e-02 1.9550000002e-01)	1
0.0071392992      	omega             	1.9766305299e+01	(-3.7815176258e-01 4.4370663109e-01 4.4091404994e-01)	2	1.6962361729e+07	(1.0291314320e-01 4.7269903838e-02 6.1879950920e-03)	3
0.0071392992      	p                 	-1.2477870530e+01	(-1.0250000002e-01 4.4673515847e-02 1.4751878204e-01)	1	1.1796554302e+01	(1.1449969978e-01 4.6106917321e-02 1.7249942685e-01)	1
0.0071642992      	mag(U)            	0.0000000000e+00	(-1.4000000060e-01 4.9258069922e-03 5.3000562546e-02)	0	4.6907132936e+00	(1.2550720354e-01 4.7495397828e-02 1.9349682445e-01)	0
0.0071642992      	k                 	1.0176466379e-07	(7.6296438098e-02 4.8626669468e-02 2.2887366007e-01)	1	2.0024179674e-01	(1.0050018877e-01 4.8988499016e-02 1.9550000002e-01)	1
0.0071642992      	omega             	1.9765496555e+01	(-3.7815176258e-01 4.4370663109e-01 4.4091404994e-01)	2	1.6962361730e+07	(1.0291314320e-01 4.7269903838e-02 6.1879950920e-03)	3
0.0071642992      	p                 	-1.2485823738e+01	(1.2649985161e-01 4.5813546210e-02 1.5056910998e-01)	1	1.1803695466e+01	(1.1449969978e-01 4.6106917321e-02 1.7249942685e-01)	1
0.0071892992      	mag(U)            	0.0000000000e+00	(-1.4000000060e-01 4.9258069922e-03 5.3000562546e-02)	0	4.7002296692e+00	(1.2550720354e-01 4.7495397828e-02 1.9349682445e-01)	0
0.0071892992      	k                 	1.0119965984e-07	(7.6296438098e-02 4.8626669468e-02 2.2887366007e-01)	1	2.0164703511e-01	(1.0050018877e-01 4.8988499016e-02 1.9550000002e-01)	1
0.0071892992      	omega             	1.9764687878e+01	(-3.7815176258e-01 4.4370663109e-01 4.4091404994e-01)	2	1.6962361730e+07	(1.0291314320e-01 4.7269903838e-02 6.1879950920e-03)	3
0.0071892992      	p                 	-1.2526983876e+01	(1.2649985161e-01 4.5813546210e-02 1.5056910998e-01)	1	1.1809802919e+01	(1.1449969978e-01 4.6106917321e-02 1.7249942685e-01)	1
0.0072142992      	mag(U)            	0.0000000000e+00	(-1.4000000060e-01 4.9258069922e-03 5.3000562546e-02)	0	4.7095373435e+00	(1.2550720354e-01 4.7495397828e-02 1.9349682445e-01)	0
0.0072142992      	k                 	1.0063701446e-07	(7.6296438098e-02 4.8626669468e-02 2.2887366007e-01)	1	2.0303659532e-01	(1.0050018877e-01 4.8988499016e-02 1.9550000002e-01)	1
0.0072142992      	omega             	1.9763879266e+01	(-3.7815176258e-01 4.4370663109e-01 4.4091404994e-01)	2	1.6962361731e+07	(1.0291314320e-01 4.7269903838e-02 6.1879950920e-03)	3
0.0072142992      	p                 	-1.2566555169e+01	(1.2649985161e-01 4.5813546210e-02 1.5056910998e-01)	1	1.1817933529e+01	(1.1449969978e-01 4.6106917321e-02 1.7249942685e-01)	1
0.0072392992      	mag(U)            	0.0000000000e+00	(-1.4000000060e-01 4.9258069922e-03 5.3000562546e-02)	0	4.7186722371e+00	(1.2550720354e-01 4.7495397828e-02 1.9349682445e-01)	0
0.0072392992      	k                 	1.0007644093e-07	(7.6296438098e-02 4.8626669468e-02 2.2887366007e-01)	1	2.0441019049e-01	(1.0050018877e-01 4.8988499016e-02 1.9550000002e-01)	1
0.0072392992      	omega             	1.9763070721e+01	(-3.7815176258e-01 4.4370663109e-01 4.4091404994e-01)	2	1.6962361732e+07	(1.0291314320e-01 4.7269903838e-02 6.1879950920e-03)	3
0.0072392992      	p                 	-1.2606604212e+01	(1.2649985161e-01 4.5813546210e-02 1.5056910998e-01)	1	1.1824511993e+01	(1.1449969978e-01 4.6106917321e-02 1.7249942685e-01)	1
0.0072642992      	mag(U)            	0.0000000000e+00	(-1.4000000060e-01 4.9258069922e-03 5.3000562546e-02)	0	4.7276761968e+00	(1.2550720354e-01 4.7495397828e-02 1.9349682445e-01)	0
0.0072642992      	k                 	9.9519074437e-08	(7.6296438098e-02 4.8626669468e-02 2.2887366007e-01)	1	2.0576748060e-01	(1.0050018877e-01 4.8988499016e-02 1.9550000002e-01)	1
0.0072642992      	omega             	1.9762262241e+01	(-3.7815176258e-01 4.4370663109e-01 4.4091404994e-01)	2	1.6962361733e+07	(1.0291314320e-01 4.7269903838e-02 6.1879950920e-03)	3
0.0072642992      	p                 	-1.2646188586e+01	(1.2649985161e-01 4.5813546210e-02 1.5056910998e-01)	1	1.1831546967e+01	(1.1449969978e-01 4.6106917321e-02 1.7249942685e-01)	1
0.0072892992      	mag(U)            	0.0000000000e+00	(-1.4000000060e-01 4.9258069922e-03 5.3000562546e-02)	0	4.7365811683e+00	(1.2550720354e-01 4.7495397828e-02 1.9349682445e-01)	0
0.0072892992      	k                 	9.8968028905e-08	(7.6296438098e-02 4.8626669468e-02 2.2887366007e-01)	1	2.0710816776e-01	(1.0050018877e-01 4.8988499016e-02 1.9550000002e-01)	1
0.0072892992      	omega             	1.9761453828e+01	(-3.7815176258e-01 4.4370663109e-01 4.4091404994e-01)	2	1.6962361733e+07	(1.0291314320e-01 4.7269903838e-02 6.1879950920e-03)	3
0.0072892992      	p                 	-1.2676543099e+01	(1.2649985161e-01 4.5813546210e-02 1.5056910998e-01)	1	1.1836724443e+01	(1.1449969978e-01 4.6106917321e-02 1.7249942685e-01)	1
0.0073142992      	mag(U)            	0.0000000000e+00	(-1.4000000060e-01 4.9258069922e-03 5.3000562546e-02)	0	4.7454346505e+00	(1.2550720354e-01 4.7495397828e-02 1.9349682445e-01)	0
0.0073142992      	k                 	9.8426134021e-08	(7.6296438098e-02 4.8626669468e-02 2.2887366007e-01)	1	2.0843194366e-01	(1.0050018877e-01 4.8988499016e-02 1.9550000002e-01)	1
0.0073142992      	omega             	1.9760645481e+01	(-3.7815176258e-01 4.4370663109e-01 4.4091404994e-01)	2	1.6962361734e+07	(1.0291314320e-01 4.7269903838e-02 6.1879950920e-03)	3
0.0073142992      	p                 	-1.2710121615e+01	(1.2649985161e-01 4.5813546210e-02 1.5056910998e-01)	1	1.1844378298e+01	(1.1449969978e-01 4.6106917321e-02 1.7249942685e-01)	1
0.0073392992      	mag(U)            	0.0000000000e+00	(-1.4000000060e-01 4.9258069922e-03 5.3000562546e-02)	0	4.7541663285e+00	(1.2550720354e-01 4.7495397828e-02 1.9349682445e-01)	0
0.0073392992      	k                 	9.7894804887e-08	(7.6296438098e-02 4.8626669468e-02 2.2887366007e-01)	1	2.0982109420e-01	(9.9501066554e-02 4.8990079229e-02 1.9550000002e-01)	1
0.0073392992      	omega             	1.9759837201e+01	(-3.7815176258e-01 4.4370663109e-01 4.4091404994e-01)	2	1.6962361735e+07	(1.0291314320e-01 4.7269903838e-02 6.1879950920e-03)	3
0.0073392992      	p                 	-1.2742156784e+01	(1.2649985161e-01 4.5813546210e-02 1.5056910998e-01)	1	1.1851516352e+01	(1.1449969978e-01 4.6106917321e-02 1.7249942685e-01)	1
0.0073642992      	mag(U)            	0.0000000000e+00	(-1.4000000060e-01 4.9258069922e-03 5.3000562546e-02)	0	4.7627991941e+00	(1.2550720354e-01 4.7495397828e-02 1.9349682445e-01)	0
0.0073642992      	k                 	9.7374017534e-08	(7.6296438098e-02 4.8626669468e-02 2.2887366007e-01)	1	2.1155774031e-01	(9.9501066554e-02 4.8990079229e-02 1.9550000002e-01)	1
0.0073642992      	omega             	1.9759028986e+01	(-3.7815176258e-01 4.4370663109e-01 4.4091404994e-01)	2	1.6962361736e+07	(1.0291314320e-01 4.7269903838e-02 6.1879950920e-03)	3
0.0073642992      	p                 	-1.2770265042e+01	(1.2649985161e-01 4.5813546210e-02 1.5056910998e-01)	1	1.1858064640e+01	(1.1449969978e-01 4.6106917321e-02 1.7249942685e-01)	1
0.0073892992      	mag(U)            	0.0000000000e+00	(-1.4000000060e-01 4.9258069922e-03 5.3000562546e-02)	0	4.7712605611e+00	(1.2550720354e-01 4.7495397828e-02 1.9349682445e-01)	0
0.0073892992      	k                 	9.6862478945e-08	(7.6296438098e-02 4.8626669468e-02 2.2887366007e-01)	1	2.1327189665e-01	(9.9501066554e-02 4.8990079229e-02 1.9550000002e-01)	1
0.0073892992      	omega             	1.9758220837e+01	(-3.7815176258e-01 4.4370663109e-01 4.4091404994e-01)	2	1.6962361736e+07	(1.0291314320e-01 4.7269903838e-02 6.1879950920e-03)	3
0.0073892992      	p                 	-1.2797294794e+01	(1.2649985161e-01 4.5813546210e-02 1.5056910998e-01)	1	1.1864819837e+01	(1.1449969978e-01 4.6106917321e-02 1.7249942685e-01)	1
0.0074142992      	mag(U)            	0.0000000000e+00	(-1.4000000060e-01 4.9258069922e-03 5.3000562546e-02)	0	4.7795972303e+00	(1.2550720354e-01 4.7495397828e-02 1.9349682445e-01)	0
0.0074142992      	k                 	9.6357089957e-08	(7.6296438098e-02 4.8626669468e-02 2.2887366007e-01)	1	2.1496273523e-01	(9.9501066554e-02 4.8990079229e-02 1.9550000002e-01)	1
0.0074142992      	omega             	1.9757412755e+01	(-3.7815176258e-01 4.4370663109e-01 4.4091404994e-01)	2	1.6962361737e+07	(1.0291314320e-01 4.7269903838e-02 6.1879950920e-03)	3
0.0074142992      	p                 	-1.2825192359e+01	(1.2649985161e-01 4.5813546210e-02 1.5056910998e-01)	1	1.1872336127e+01	(1.1449969978e-01 4.6106917321e-02 1.7249942685e-01)	1
0.0074392992      	mag(U)            	0.0000000000e+00	(-1.4000000060e-01 4.9258069922e-03 5.3000562546e-02)	0	4.7878293615e+00	(1.2550720354e-01 4.7495397828e-02 1.9349682445e-01)	0
0.0074392992      	k                 	9.5854736169e-08	(7.6296438098e-02 4.8626669468e-02 2.2887366007e-01)	1	2.1662970836e-01	(9.9501066554e-02 4.8990079229e-02 1.9550000002e-01)	1
0.0074392992      	omega             	1.9756604739e+01	(-3.7815176258e-01 4.4370663109e-01 4.4091404994e-01)	2	1.6962361738e+07	(1.0291314320e-01 4.7269903838e-02 6.1879950920e-03)	3
0.0074392992      	p                 	-1.2852391880e+01	(1.2649985161e-01 4.5813546210e-02 1.5056910998e-01)	1	1.1879044055e+01	(1.1449969978e-01 4.6106917321e-02 1.7249942685e-01)	1
0.0074642992      	mag(U)            	0.0000000000e+00	(-1.4000000060e-01 4.9258069922e-03 5.3000562546e-02)	0	4.7959525257e+00	(1.2550720354e-01 4.7495397828e-02 1.9349682445e-01)	0
0.0074642992      	k                 	9.5353533457e-08	(7.6296438098e-02 4.8626669468e-02 2.2887366007e-01)	1	2.1827200770e-01	(9.9501066554e-02 4.8990079229e-02 1.9550000002e-01)	1
0.0074642992      	omega             	1.9755796788e+01	(-3.7815176258e-01 4.4370663109e-01 4.4091404994e-01)	2	1.6962361739e+07	(1.0291314320e-01 4.7269903838e-02 6.1879950920e-03)	3
0.0074642992      	p                 	-1.2878784290e+01	(1.2649985161e-01 4.5813546210e-02 1.5056910998e-01)	1	1.1884371098e+01	(1.1449969978e-01 4.6106917321e-02 1.7249942685e-01)	1
0.0074892992      	mag(U)            	0.0000000000e+00	(-1.4000000060e-01 4.9258069922e-03 5.3000562546e-02)	0	4.8039768785e+00	(1.2550720354e-01 4.7495397828e-02 1.9349682445e-01)	0
0.0074892992      	k                 	9.4853057525e-08	(7.6296438098e-02 4.8626669468e-02 2.2887366007e-01)	1	2.1988891939e-01	(9.9501066554e-02 4.8990079229e-02 1.9550000002e-01)	1
0.0074892992      	omega             	1.9754988904e+01	(-3.7815176258e-01 4.4370663109e-01 4.4091404994e-01)	2	1.6962361739e+07	(1.0291314320e-01 4.7269903838e-02 6.1879950920e-03)	3
0.0074892992      	p                 	-1.2907384512e+01	(1.2649985161e-01 4.5813546210e-02 1.5056910998e-01)	1	1.1891742857e+01	(1.1449969978e-01 4.6106917321e-02 1.7249942685e-01)	1
0.0075142992      	mag(U)            	0.0000000000e+00	(-1.4000000060e-01 4.9258069922e-03 5.3000562546e-02)	0	4.8116731419e+00	(1.2550720354e-01 4.7495397828e-02 1.9349682445e-01)	0
0.0075142992      	k                 	9.4353647865e-08	(7.6296438098e-02 4.8626669468e-02 2.2887366007e-01)	1	2.2147996292e-01	(9.9501066554e-02 4.8990079229e-02 1.9550000002e-01)	1
0.0075142992      	omega             	1.9754181086e+01	(-3.7815176258e-01 4.4370663109e-01 4.4091404994e-01)	2	1.6962361740e+07	(1.0291314320e-01 4.7269903838e-02 6.1879950920e-03)	3
0.0075142992      	p                 	-1.2930218951e+01	(1.2649985161e-01 4.5813546210e-02 1.5056910998e-01)	1	1.1898205681e+01	(1.1449969978e-01 4.6106917321e-02 1.7249942685e-01)	1
0.0075392992      	mag(U)            	0.0000000000e+00	(-1.4000000060e-01 4.9258069922e-03 5.3000562546e-02)	0	4.8191402822e+00	(1.2550720354e-01 4.7495397828e-02 1.9349682445e-01)	0
0.0075392992      	k                 	9.3855901446e-08	(7.6296438098e-02 4.8626669468e-02 2.2887366007e-01)	1	2.2304479329e-01	(9.9501066554e-02 4.8990079229e-02 1.9550000002e-01)	1
0.0075392992      	omega             	1.9753373334e+01	(-3.7815176258e-01 4.4370663109e-01 4.4091404994e-01)	2	1.6962361741e+07	(1.0291314320e-01 4.7269903838e-02 6.1879950920e-03)	3
0.0075392992      	p                 	-1.2951531207e+01	(1.2649985161e-01 4.5813546210e-02 1.5056910998e-01)	1	1.1902941886e+01	(1.1449969978e-01 4.6106917321e-02 1.7249942685e-01)	1
0.0075642992      	mag(U)            	0.0000000000e+00	(-1.4000000060e-01 4.9258069922e-03 5.3000562546e-02)	0	4.8262999153e+00	(1.2550720354e-01 4.7495397828e-02 1.9349682445e-01)	0
0.0075642992      	k                 	9.3359925429e-08	(7.6296438098e-02 4.8626669468e-02 2.2887366007e-01)	1	2.2458313405e-01	(9.9501066554e-02 4.8990079229e-02 1.9550000002e-01)	1
0.0075642992      	omega             	1.9752565648e+01	(-3.7815176258e-01 4.4370663109e-01 4.4091404994e-01)	2	1.6962361742e+07	(1.0291314320e-01 4.7269903838e-02 6.1879950920e-03)	3
0.0075642992      	p                 	-1.2966313786e+01	(1.2649985161e-01 4.5813546210e-02 1.5056910998e-01)	1	1.1911034893e+01	(1.1449969978e-01 4.6106917321e-02 1.7249942685e-01)	1
0.0075892992      	mag(U)            	0.0000000000e+00	(-1.4000000060e-01 4.9258069922e-03 5.3000562546e-02)	0	4.8333312125e+00	(1.2550720354e-01 4.7495397828e-02 1.9349682445e-01)	0
0.0075892992      	k                 	9.2865835286e-08	(7.6296438098e-02 4.8626669468e-02 2.2887366007e-01)	1	2.2609473068e-01	(9.9501066554e-02 4.8990079229e-02 1.9550000002e-01)	1
0.0075892992      	omega             	1.9751758028e+01	(-3.7815176258e-01 4.4370663109e-01 4.4091404994e-01)	2	1.6962361743e+07	(1.0291314320e-01 4.7269903838e-02 6.1879950920e-03)	3
0.0075892992      	p                 	-1.2982443041e+01	(1.2649985161e-01 4.5813546210e-02 1.5056910998e-01)	1	1.1917072575e+01	(1.1449969978e-01 4.6106917321e-02 1.7249942685e-01)	1
0.0076142992      	mag(U)            	0.0000000000e+00	(-1.4000000060e-01 4.9258069922e-03 5.3000562546e-02)	0	4.8402319932e+00	(1.2550720354e-01 4.7495397828e-02 1.9349682445e-01)	0
0.0076142992      	k                 	9.2373476182e-08	(7.6296438098e-02 4.8626669468e-02 2.2887366007e-01)	1	2.2757936284e-01	(9.9501066554e-02 4.8990079229e-02 1.9550000002e-01)	1
0.0076142992      	omega             	1.9750950474e+01	(-3.7815176258e-01 4.4370663109e-01 4.4091404994e-01)	2	1.6962361743e+07	(1.0291314320e-01 4.7269903838e-02 6.1879950920e-03)	3
0.0076142992      	p                 	-1.2994612749e+01	(1.2649985161e-01 4.5813546210e-02 1.5056910998e-01)	1	1.1922429503e+01	(1.1449969978e-01 4.6106917321e-02 1.7249942685e-01)	1
0.0076392992      	mag(U)            	0.0000000000e+00	(-1.4000000060e-01 4.9258069922e-03 5.3000562546e-02)	0	4.8469384027e+00	(1.2550720354e-01 4.7495397828e-02 1.9349682445e-01)	0
0.0076392992      	k                 	9.1882557155e-08	(7.6296438098e-02 4.8626669468e-02 2.2887366007e-01)	1	2.2903685723e-01	(9.9501066554e-02 4.8990079229e-02 1.9550000002e-01)	1
0.0076392992      	omega             	1.9750142986e+01	(-3.7815176258e-01 4.4370663109e-01 4.4091404994e-01)	2	1.6962361744e+07	(1.0291314320e-01 4.7269903838e-02 6.1879950920e-03)	3
0.0076392992      	p                 	-1.3006745636e+01	(1.2649985161e-01 4.5813546210e-02 1.5056910998e-01)	1	1.1927872831e+01	(1.1449969978e-01 4.6106917321e-02 1.7249942685e-01)	1
0.0076642992      	mag(U)            	0.0000000000e+00	(-1.4000000060e-01 4.9258069922e-03 5.3000562546e-02)	0	4.8534021930e+00	(1.2550720354e-01 4.7495397828e-02 1.9349682445e-01)	0
0.0076642992      	k                 	9.1392930436e-08	(7.6296438098e-02 4.8626669468e-02 2.2887366007e-01)	1	2.3046707603e-01	(9.9501066554e-02 4.8990079229e-02 1.9550000002e-01)	1
0.0076642992      	omega             	1.9749335565e+01	(-3.7815176258e-01 4.4370663109e-01 4.4091404994e-01)	2	1.6962361745e+07	(1.0291314320e-01 4.7269903838e-02 6.1879950920e-03)	3
0.0076642992      	p                 	-1.3022291243e+01	(1.2549991524e-01 4.5794572072e-02 1.4955150422e-01)	1	1.1933725889e+01	(1.1449969978e-01 4.6106917321e-02 1.7249942685e-01)	1
0.0076892992      	mag(U)            	0.0000000000e+00	(-1.4000000060e-01 4.9258069922e-03 5.3000562546e-02)	0	4.8595380741e+00	(1.2550720354e-01 4.7495397828e-02 1.9349682445e-01)	0
0.0076892992      	k                 	9.0904695567e-08	(7.6296438098e-02 4.8626669468e-02 2.2887366007e-01)	1	2.3186986967e-01	(9.9501066554e-02 4.8990079229e-02 1.9550000002e-01)	1
0.0076892992      	omega             	1.9748528209e+01	(-3.7815176258e-01 4.4370663109e-01 4.4091404994e-01)	2	1.6962361746e+07	(1.0291314320e-01 4.7269903838e-02 6.1879950920e-03)	3
0.0076892992      	p                 	-1.3067487606e+01	(1.2549991524e-01 4.5794572072e-02 1.4955150422e-01)	1	1.1940347429e+01	(1.1449969978e-01 4.6106917321e-02 1.7249942685e-01)	1
0.0077142992      	mag(U)            	0.0000000000e+00	(-1.4000000060e-01 4.9258069922e-03 5.3000562546e-02)	0	4.8652154569e+00	(1.2550720354e-01 4.7495397828e-02 1.9349682445e-01)	0
0.0077142992      	k                 	9.0418428287e-08	(7.6296438098e-02 4.8626669468e-02 2.2887366007e-01)	1	2.3324521705e-01	(9.9501066554e-02 4.8990079229e-02 1.9550000002e-01)	1
0.0077142992      	omega             	1.9747720919e+01	(-3.7815176258e-01 4.4370663109e-01 4.4091404994e-01)	2	1.6962361747e+07	(1.0291314320e-01 4.7269903838e-02 6.1879950920e-03)	3
0.0077142992      	p                 	-1.3103723717e+01	(1.0649999735e-01 4.4653224252e-02 1.4648163941e-01)	1	1.1945041801e+01	(1.1449969978e-01 4.6106917321e-02 1.7249942685e-01)	1
0.0077392992      	mag(U)            	0.0000000000e+00	(-1.4000000060e-01 4.9258069922e-03 5.3000562546e-02)	0	4.8704212574e+00	(1.2550720354e-01 4.7495397828e-02 1.9349682445e-01)	0
0.0077392992      	k                 	8.9934754362e-08	(7.6296438098e-02 4.8626669468e-02 2.2887366007e-01)	1	2.3459313616e-01	(9.9501066554e-02 4.8990079229e-02 1.9550000002e-01)	1
0.0077392992      	omega             	1.9746913695e+01	(-3.7815176258e-01 4.4370663109e-01 4.4091404994e-01)	2	1.6962361748e+07	(1.0291314320e-01 4.7269903838e-02 6.1879950920e-03)	3
0.0077392992      	p                 	-1.3152866122e+01	(1.0649999735e-01 4.4653224252e-02 1.4648163941e-01)	1	1.1950256501e+01	(1.1449969978e-01 4.6106917321e-02 1.7249942685e-01)	1
0.0077642992      	mag(U)            	0.0000000000e+00	(-1.4000000060e-01 4.9258069922e-03 5.3000562546e-02)	0	4.8751657036e+00	(1.2550720354e-01 4.7495397828e-02 1.9349682445e-01)	0
0.0077642992      	k                 	8.9454429718e-08	(7.6296438098e-02 4.8626669468e-02 2.2887366007e-01)	1	2.3591352335e-01	(9.9501066554e-02 4.8990079229e-02 1.9550000002e-01)	1
0.0077642992      	omega             	1.9746106537e+01	(-3.7815176258e-01 4.4370663109e-01 4.4091404994e-01)	2	1.6962361748e+07	(1.0291314320e-01 4.7269903838e-02 6.1879950920e-03)	3
0.0077642992      	p                 	-1.3171297506e+01	(1.2549991524e-01 4.5794572072e-02 1.4955150422e-01)	1	1.1956162871e+01	(1.1449969978e-01 4.6106917321e-02 1.7249942685e-01)	1
0.0077892992      	mag(U)            	0.0000000000e+00	(-1.4000000060e-01 4.9258069922e-03 5.3000562546e-02)	0	4.8795348255e+00	(1.2550720354e-01 4.7495397828e-02 1.9349682445e-01)	0
0.0077892992      	k                 	8.8978331482e-08	(7.6296438098e-02 4.8626669468e-02 2.2887366007e-01)	1	2.3720654633e-01	(9.9501066554e-02 4.8990079229e-02 1.9550000002e-01)	1
0.0077892992      	omega             	1.9745299446e+01	(-3.7815176258e-01 4.4370663109e-01 4.4091404994e-01)	2	1.6962361749e+07	(1.0291314320e-01 4.7269903838e-02 6.1879950920e-03)	3
0.0077892992      	p                 	-1.3204216923e+01	(1.2549991524e-01 4.5794572072e-02 1.4955150422e-01)	1	1.1962114393e+01	(1.1449969978e-01 4.6106917321e-02 1.7249942685e-01)	1
0.0078142992      	mag(U)            	0.0000000000e+00	(-1.4000000060e-01 4.9258069922e-03 5.3000562546e-02)	0	4.8835790807e+00	(1.2550720354e-01 4.7495397828e-02 1.9349682445e-01)	0
0.0078142992      	k                 	8.8507265063e-08	(7.6296438098e-02 4.8626669468e-02 2.2887366007e-01)	1	2.3847239237e-01	(9.9501066554e-02 4.8990079229e-02 1.9550000002e-01)	1
0.0078142992      	omega             	1.9744492420e+01	(-3.7815176258e-01 4.4370663109e-01 4.4091404994e-01)	2	1.6962361750e+07	(1.0291314320e-01 4.7269903838e-02 6.1879950920e-03)	3
0.0078142992      	p                 	-1.3238300607e+01	(1.2549991524e-01 4.5794572072e-02 1.4955150422e-01)	1	1.1967094595e+01	(1.1449969978e-01 4.6106917321e-02 1.7249942685e-01)	1
0.0078392992      	mag(U)            	0.0000000000e+00	(-1.4000000060e-01 4.9258069922e-03 5.3000562546e-02)	0	4.8873682231e+00	(1.2550720354e-01 4.7495397828e-02 1.9349682445e-01)	0
0.0078392992      	k                 	8.8041934232e-08	(7.6296438098e-02 4.8626669468e-02 2.2887366007e-01)	1	2.3971108980e-01	(9.9501066554e-02 4.8990079229e-02 1.9550000002e-01)	1
0.0078392992      	omega             	1.9743685460e+01	(-3.7815176258e-01 4.4370663109e-01 4.4091404994e-01)	2	1.6962361751e+07	(1.0291314320e-01 4.7269903838e-02 6.1879950920e-03)	3
0.0078392992      	p                 	-1.3270135010e+01	(1.2549991524e-01 4.5794572072e-02 1.4955150422e-01)	1	1.1971892153e+01	(1.1449969978e-01 4.6106917321e-02 1.7249942685e-01)	1
0.0078642992      	mag(U)            	0.0000000000e+00	(-1.4000000060e-01 4.9258069922e-03 5.3000562546e-02)	0	4.8967168324e+00	(1.1649999991e-01 4.7959302596e-02 1.9749989083e-01)	0
0.0078642992      	k                 	8.7582724411e-08	(7.6296438098e-02 4.8626669468e-02 2.2887366007e-01)	1	2.4092254943e-01	(9.9501066554e-02 4.8990079229e-02 1.9550000002e-01)	1
0.0078642992      	omega             	1.9742878566e+01	(-3.7815176258e-01 4.4370663109e-01 4.4091404994e-01)	2	1.6962361752e+07	(1.0291314320e-01 4.7269903838e-02 6.1879950920e-03)	3
0.0078642992      	p                 	-1.3295512206e+01	(1.2549991524e-01 4.5794572072e-02 1.4955150422e-01)	1	1.1977410243e+01	(1.1449969978e-01 4.6106917321e-02 1.7249942685e-01)	1
0.0078892992      	mag(U)            	0.0000000000e+00	(-1.4000000060e-01 4.9258069922e-03 5.3000562546e-02)	0	4.9092198086e+00	(1.1649999991e-01 4.7959302596e-02 1.9749989083e-01)	0
0.0078892992      	k                 	8.7129805868e-08	(7.6296438098e-02 4.8626669468e-02 2.2887366007e-01)	1	2.4210661030e-01	(9.9501066554e-02 4.8990079229e-02 1.9550000002e-01)	1
0.0078892992      	omega             	1.9742071738e+01	(-3.7815176258e-01 4.4370663109e-01 4.4091404994e-01)	2	1.6962361753e+07	(1.0291314320e-01 4.7269903838e-02 6.1879950920e-03)	3
0.0078892992      	p                 	-1.3323911471e+01	(1.2549991524e-01 4.5794572072e-02 1.4955150422e-01)	1	1.1982385986e+01	(1.1449969978e-01 4.6106917321e-02 1.7249942685e-01)	1
0.0079142992      	mag(U)            	0.0000000000e+00	(-1.4000000060e-01 4.9258069922e-03 5.3000562546e-02)	0	4.9206211879e+00	(1.1649999991e-01 4.7959302596e-02 1.9749989083e-01)	0
0.0079142992      	k                 	8.6683417179e-08	(7.6296438098e-02 4.8626669468e-02 2.2887366007e-01)	1	2.4326307217e-01	(9.9501066554e-02 4.8990079229e-02 1.9550000002e-01)	1
0.0079142992      	omega             	1.9741264976e+01	(-3.7815176258e-01 4.4370663109e-01 4.4091404994e-01)	2	1.6962361754e+07	(1.0291314320e-01 4.7269903838e-02 6.1879950920e-03)	3
0.0079142992      	p                 	-1.3352789190e+01	(1.2549991524e-01 4.5794572072e-02 1.4955150422e-01)	1	1.1987865685e+01	(1.1449969978e-01 4.6106917321e-02 1.7249942685e-01)	1
0.0079392992      	mag(U)            	0.0000000000e+00	(-1.4000000060e-01 4.9258069922e-03 5.3000562546e-02)	0	4.9306268661e+00	(1.1649999991e-01 4.7959302596e-02 1.9749989083e-01)	0
0.0079392992      	k                 	8.6243966089e-08	(7.6296438098e-02 4.8626669468e-02 2.2887366007e-01)	1	2.4439185900e-01	(9.9501066554e-02 4.8990079229e-02 1.9550000002e-01)	1
0.0079392992      	omega             	1.9740458280e+01	(-3.7815176258e-01 4.4370663109e-01 4.4091404994e-01)	2	1.6962361754e+07	(1.0291314320e-01 4.7269903838e-02 6.1879950920e-03)	3
0.0079392992      	p                 	-1.3379129835e+01	(1.2549991524e-01 4.5794572072e-02 1.4955150422e-01)	1	1.1993318877e+01	(1.1449969978e-01 4.6106917321e-02 1.7249942685e-01)	1
0.0079642992      	mag(U)            	0.0000000000e+00	(-1.4000000060e-01 4.9258069922e-03 5.3000562546e-02)	0	4.9392296089e+00	(1.1649999991e-01 4.7959302596e-02 1.9749989083e-01)	0
0.0079642992      	k                 	8.5812010213e-08	(7.6296438098e-02 4.8626669468e-02 2.2887366007e-01)	1	2.4549296599e-01	(9.9501066554e-02 4.8990079229e-02 1.9550000002e-01)	1
0.0079642992      	omega             	1.9739651650e+01	(-3.7815176258e-01 4.4370663109e-01 4.4091404994e-01)	2	1.6962361755e+07	(1.0291314320e-01 4.7269903838e-02 6.1879950920e-03)	3
0.0079642992      	p                 	-1.3402544423e+01	(1.2549991524e-01 4.5794572072e-02 1.4955150422e-01)	1	1.1998436467e+01	(1.1449969978e-01 4.6106917321e-02 1.7249942685e-01)	1
0.0079892992      	mag(U)            	0.0000000000e+00	(-1.4000000060e-01 4.9258069922e-03 5.3000562546e-02)	0	4.9465722935e+00	(1.1649999991e-01 4.7959302596e-02 1.9749989083e-01)	0
0.0079892992      	k                 	8.5388271657e-08	(7.6296438098e-02 4.8626669468e-02 2.2887366007e-01)	1	2.4656643402e-01	(9.9501066554e-02 4.8990079229e-02 1.9550000002e-01)	1
0.0079892992      	omega             	1.9738845086e+01	(-3.7815176258e-01 4.4370663109e-01 4.4091404994e-01)	2	1.6962361756e+07	(1.0291314320e-01 4.7269903838e-02 6.1879950920e-03)	3
0.0079892992      	p                 	-1.3426614478e+01	(1.2549991524e-01 4.5794572072e-02 1.4955150422e-01)	1	1.2002700321e+01	(1.1449969978e-01 4.6106917321e-02 1.7249942685e-01)	1
0.0080142992      	mag(U)            	0.0000000000e+00	(-1.4000000060e-01 4.9258069922e-03 5.3000562546e-02)	0	4.9529225845e+00	(1.1649999991e-01 4.7959302596e-02 1.9749989083e-01)	0
0.0080142992      	k                 	8.4973529390e-08	(7.6296438098e-02 4.8626669468e-02 2.2887366007e-01)	1	2.4761234360e-01	(9.9501066554e-02 4.8990079229e-02 1.9550000002e-01)	1
0.0080142992      	omega             	1.9738038587e+01	(-3.7815176258e-01 4.4370663109e-01 4.4091404994e-01)	2	1.6962361757e+07	(1.0291314320e-01 4.7269903838e-02 6.1879950920e-03)	3
0.0080142992      	p                 	-1.3447155426e+01	(1.2549991524e-01 4.5794572072e-02 1.4955150422e-01)	1	1.2007517536e+01	(1.1449969978e-01 4.6106917321e-02 1.7249942685e-01)	1
0.0080392992      	mag(U)            	0.0000000000e+00	(-1.4000000060e-01 4.9258069922e-03 5.3000562546e-02)	0	4.9584737858e+00	(1.1649999991e-01 4.7959302596e-02 1.9749989083e-01)	0
0.0080392992      	k                 	8.4568365487e-08	(7.6296438098e-02 4.8626669468e-02 2.2887366007e-01)	1	2.4863082176e-01	(9.9501066554e-02 4.8990079229e-02 1.9550000002e-01)	1
0.0080392992      	omega             	1.9737232155e+01	(-3.7815176258e-01 4.4370663109e-01 4.4091404994e-01)	2	1.6962361758e+07	(1.0291314320e-01 4.7269903838e-02 6.1879950920e-03)	3
0.0080392992      	p                 	-1.3472697832e+01	(1.0649999735e-01 4.4653224252e-02 1.4648163941e-01)	1	1.2012508332e+01	(1.1449969978e-01 4.6106917321e-02 1.7249942685e-01)	1
0.0080642992      	mag(U)            	0.0000000000e+00	(-1.4000000060e-01 4.9258069922e-03 5.3000562546e-02)	0	4.9653326181e+00	(1.1749999047e-01 4.7959320073e-02 1.9749988142e-01)	0
0.0080642992      	k                 	8.4173025223e-08	(7.6296438098e-02 4.8626669468e-02 2.2887366007e-01)	1	2.4962205979e-01	(9.9501066554e-02 4.8990079229e-02 1.9550000002e-01)	1
0.0080642992      	omega             	1.9736425788e+01	(-3.7815176258e-01 4.4370663109e-01 4.4091404994e-01)	2	1.6962361759e+07	(1.0291314320e-01 4.7269903838e-02 6.1879950920e-03)	3
0.0080642992      	p                 	-1.3504402464e+01	(1.0649999735e-01 4.4653224252e-02 1.4648163941e-01)	1	1.2017309196e+01	(1.1449969978e-01 4.6106917321e-02 1.7249942685e-01)	1
0.0080892992      	mag(U)            	0.0000000000e+00	(-1.4000000060e-01 4.9258069922e-03 5.3000562546e-02)	0	4.9751570886e+00	(1.1749999047e-01 4.7959320073e-02 1.9749988142e-01)	0
0.0080892992      	k                 	8.3787379931e-08	(7.6296438098e-02 4.8626669468e-02 2.2887366007e-01)	1	2.5058634449e-01	(9.9501066554e-02 4.8990079229e-02 1.9550000002e-01)	1
0.0080892992      	omega             	1.9735619488e+01	(-3.7815176258e-01 4.4370663109e-01 4.4091404994e-01)	2	1.6962361760e+07	(1.0291314320e-01 4.7269903838e-02 6.1879950920e-03)	3
0.0080892992      	p                 	-1.3538372607e+01	(1.0649999735e-01 4.4653224252e-02 1.4648163941e-01)	1	1.2021826767e+01	(1.1449969978e-01 4.6106917321e-02 1.7249942685e-01)	1
0.0081142992      	mag(U)            	0.0000000000e+00	(-1.4000000060e-01 4.9258069922e-03 5.3000562546e-02)	0	4.9845042121e+00	(1.1749999047e-01 4.7959320073e-02 1.9749988142e-01)	0
0.0081142992      	k                 	8.3411282485e-08	(7.6296438098e-02 4.8626669468e-02 2.2887366007e-01)	1	2.5152370195e-01	(9.9501066554e-02 4.8990079229e-02 1.9550000002e-01)	1
0.0081142992      	omega             	1.9734813253e+01	(-3.7815176258e-01 4.4370663109e-01 4.4091404994e-01)	2	1.6962361761e+07	(1.0291314320e-01 4.7269903838e-02 6.1879950920e-03)	3
0.0081142992      	p                 	-1.3569939808e+01	(1.0649999735e-01 4.4653224252e-02 1.4648163941e-01)	1	1.2026736994e+01	(1.1449969978e-01 4.6106917321e-02 1.7249942685e-01)	1
0.0081392992      	mag(U)            	0.0000000000e+00	(-1.4000000060e-01 4.9258069922e-03 5.3000562546e-02)	0	4.9935177512e+00	(1.1749999047e-01 4.7959320073e-02 1.9749988142e-01)	0
0.0081392992      	k                 	8.3044846533e-08	(7.6296438098e-02 4.8626669468e-02 2.2887366007e-01)	1	2.5243406238e-01	(9.9501066554e-02 4.8990079229e-02 1.9550000002e-01)	1
0.0081392992      	omega             	1.9734007084e+01	(-3.7815176258e-01 4.4370663109e-01 4.4091404994e-01)	2	1.6962361762e+07	(1.0291314320e-01 4.7269903838e-02 6.1879950920e-03)	3
0.0081392992      	p                 	-1.3604675525e+01	(1.0649999735e-01 4.4653224252e-02 1.4648163941e-01)	1	1.2030433452e+01	(1.1449969978e-01 4.6106917321e-02 1.7249942685e-01)	1
0.0081642992      	mag(U)            	0.0000000000e+00	(-1.4000000060e-01 4.9258069922e-03 5.3000562546e-02)	0	5.0015210359e+00	(1.1749999047e-01 4.7959320073e-02 1.9749988142e-01)	0
0.0081642992      	k                 	8.2688492409e-08	(7.6296438098e-02 4.8626669468e-02 2.2887366007e-01)	1	2.5331747164e-01	(9.9501066554e-02 4.8990079229e-02 1.9550000002e-01)	1
0.0081642992      	omega             	1.9733200981e+01	(-3.7815176258e-01 4.4370663109e-01 4.4091404994e-01)	2	1.6962361762e+07	(1.0291314320e-01 4.7269903838e-02 6.1879950920e-03)	3
0.0081642992      	p                 	-1.3641732261e+01	(1.0649999735e-01 4.4653224252e-02 1.4648163941e-01)	1	1.2034852169e+01	(1.1449969978e-01 4.6106917321e-02 1.7249942685e-01)	1
0.0081892992      	mag(U)            	0.0000000000e+00	(-1.4000000060e-01 4.9258069922e-03 5.3000562546e-02)	0	5.0081543969e+00	(1.1749999047e-01 4.7959320073e-02 1.9749988142e-01)	0
0.0081892992      	k                 	8.2342889850e-08	(7.6296438098e-02 4.8626669468e-02 2.2887366007e-01)	1	2.5417400753e-01	(9.9501066554e-02 4.8990079229e-02 1.9550000002e-01)	1
0.0081892992      	omega             	1.9732394944e+01	(-3.7815176258e-01 4.4370663109e-01 4.4091404994e-01)	2	1.6962361763e+07	(1.0291314320e-01 4.7269903838e-02 6.1879950920e-03)	3
0.0081892992      	p                 	-1.3673747549e+01	(1.0649999735e-01 4.4653224252e-02 1.4648163941e-01)	1	1.2038624824e+01	(1.1449969978e-01 4.6106917321e-02 1.7249942685e-01)	1
0.0082142992      	mag(U)            	0.0000000000e+00	(-1.4000000060e-01 4.9258069922e-03 5.3000562546e-02)	0	5.0134807167e+00	(1.1749999047e-01 4.7959320073e-02 1.9749988142e-01)	0
0.0082142992      	k                 	8.2009042033e-08	(7.6296438098e-02 4.8626669468e-02 2.2887366007e-01)	1	2.5563991010e-01	(1.0050018877e-01 4.8988498895e-02 1.9650000002e-01)	1
0.0082142992      	omega             	1.9731588973e+01	(-3.7815176258e-01 4.4370663109e-01 4.4091404994e-01)	2	1.6962361764e+07	(1.0291314320e-01 4.7269903838e-02 6.1879950920e-03)	3
0.0082142992      	p                 	-1.3710231694e+01	(1.0649999735e-01 4.4653224252e-02 1.4648163941e-01)	1	1.2042559727e+01	(1.1449969978e-01 4.6106917321e-02 1.7249942685e-01)	1
0.0082392992      	mag(U)            	0.0000000000e+00	(-1.4000000060e-01 4.9258069922e-03 5.3000562546e-02)	0	5.0176545147e+00	(1.1749999047e-01 4.7959320073e-02 1.9749988142e-01)	0
0.0082392992      	k                 	8.1687404088e-08	(7.6296438098e-02 4.8626669468e-02 2.2887366007e-01)	1	2.5732408011e-01	(1.0050018877e-01 4.8988498895e-02 1.9650000002e-01)	1
0.0082392992      	omega             	1.9730783067e+01	(-3.7815176258e-01 4.4370663109e-01 4.4091404994e-01)	2	1.6962361765e+07	(1.0291314320e-01 4.7269903838e-02 6.1879950920e-03)	3
0.0082392992      	p                 	-1.3741286821e+01	(1.0649999735e-01 4.4653224252e-02 1.4648163941e-01)	1	1.2047393224e+01	(1.1449969978e-01 4.6106917321e-02 1.7249942685e-01)	1
0.0082642992      	mag(U)            	0.0000000000e+00	(-1.4000000060e-01 4.9258069922e-03 5.3000562546e-02)	0	5.0210463669e+00	(1.1749999047e-01 4.7959320073e-02 1.9749988142e-01)	0
0.0082642992      	k                 	8.1378147763e-08	(7.6296438098e-02 4.8626669468e-02 2.2887366007e-01)	1	2.5897238285e-01	(1.0050018877e-01 4.8988498895e-02 1.9650000002e-01)	1
0.0082642992      	omega             	1.9729977228e+01	(-3.7815176258e-01 4.4370663109e-01 4.4091404994e-01)	2	1.6962361766e+07	(1.0291314320e-01 4.7269903838e-02 6.1879950920e-03)	3
0.0082642992      	p                 	-1.3778907088e+01	(1.0649999735e-01 4.4653224252e-02 1.4648163941e-01)	1	1.2050769385e+01	(1.1449969978e-01 4.6106917321e-02 1.7249942685e-01)	1
0.0082892992      	mag(U)            	0.0000000000e+00	(-1.4000000060e-01 4.9258069922e-03 5.3000562546e-02)	0	5.0239085528e+00	(1.1749999047e-01 4.7959320073e-02 1.9749988142e-01)	0
0.0082892992      	k                 	8.1080812984e-08	(7.6296438098e-02 4.8626669468e-02 2.2887366007e-01)	1	2.6058139453e-01	(1.0050018877e-01 4.8988498895e-02 1.9650000002e-01)	1
0.0082892992      	omega             	1.9729171454e+01	(-3.7815176258e-01 4.4370663109e-01 4.4091404994e-01)	2	1.6962361767e+07	(1.0291314320e-01 4.7269903838e-02 6.1879950920e-03)	3
0.0082892992      	p                 	-1.3814225638e+01	(1.0649999735e-01 4.4653224252e-02 1.4648163941e-01)	1	1.2054965584e+01	(1.1449969978e-01 4.6106917321e-02 1.7249942685e-01)	1
0.0083142992      	mag(U)            	0.0000000000e+00	(-1.4000000060e-01 4.9258069922e-03 5.3000562546e-02)	0	5.0289276286e+00	(1.1850000934e-01 4.7959320761e-02 1.9749988143e-01)	0
0.0083142992      	k                 	8.0794667448e-08	(7.6296438098e-02 4.8626669468e-02 2.2887366007e-01)	1	2.6214806402e-01	(1.0050018877e-01 4.8988498895e-02 1.9650000002e-01)	1
0.0083142992      	omega             	1.9728365746e+01	(-3.7815176258e-01 4.4370663109e-01 4.4091404994e-01)	2	1.6962361768e+07	(1.0291314320e-01 4.7269903838e-02 6.1879950920e-03)	3
0.0083142992      	p                 	-1.3852798213e+01	(1.0649999735e-01 4.4653224252e-02 1.4648163941e-01)	1	1.2059396675e+01	(1.1449969978e-01 4.6106917321e-02 1.7249942685e-01)	1
0.0083392992      	mag(U)            	0.0000000000e+00	(-1.4000000060e-01 4.9258069922e-03 5.3000562546e-02)	0	5.0361680787e+00	(1.1850000934e-01 4.7959320761e-02 1.9749988143e-01)	0
0.0083392992      	k                 	8.0520432139e-08	(7.6296438098e-02 4.8626669468e-02 2.2887366007e-01)	1	2.6367007844e-01	(1.0050018877e-01 4.8988498895e-02 1.9650000002e-01)	1
0.0083392992      	omega             	1.9727560104e+01	(-3.7815176258e-01 4.4370663109e-01 4.4091404994e-01)	2	1.6962361769e+07	(1.0291314320e-01 4.7269903838e-02 6.1879950920e-03)	3
0.0083392992      	p                 	-1.3861605299e+01	(-1.2349995569e-01 4.5775760796e-02 1.4852966350e-01)	1	1.2063627416e+01	(1.1449969978e-01 4.6106917321e-02 1.7249942685e-01)	1
0.0083642992      	mag(U)            	0.0000000000e+00	(-1.4000000060e-01 4.9258069922e-03 5.3000562546e-02)	0	5.0427495340e+00	(1.1850000934e-01 4.7959320761e-02 1.9749988143e-01)	0
0.0083642992      	k                 	8.0259944820e-08	(7.6296438098e-02 4.8626669468e-02 2.2887366007e-01)	1	2.6514588735e-01	(1.0050018877e-01 4.8988498895e-02 1.9650000002e-01)	1
0.0083642992      	omega             	1.9726754527e+01	(-3.7815176258e-01 4.4370663109e-01 4.4091404994e-01)	2	1.6962361770e+07	(1.0291314320e-01 4.7269903838e-02 6.1879950920e-03)	3
0.0083642992      	p                 	-1.3870869773e+01	(1.0649999735e-01 4.4653224252e-02 1.4648163941e-01)	1	1.2068415819e+01	(1.1449969978e-01 4.6106917321e-02 1.7249942685e-01)	1
0.0083892992      	mag(U)            	0.0000000000e+00	(-1.4000000060e-01 4.9258069922e-03 5.3000562546e-02)	0	5.0488495666e+00	(1.1850000934e-01 4.7959320761e-02 1.9749988143e-01)	0
0.0083892992      	k                 	8.0015246060e-08	(7.6296438098e-02 4.8626669468e-02 2.2887366007e-01)	1	2.6657426613e-01	(1.0050018877e-01 4.8988498895e-02 1.9650000002e-01)	1
0.0083892992      	omega             	1.9725949017e+01	(-3.7815176258e-01 4.4370663109e-01 4.4091404994e-01)	2	1.6962361771e+07	(1.0291314320e-01 4.7269903838e-02 6.1879950920e-03)	3
0.0083892992      	p                 	-1.3898623665e+01	(1.0649999735e-01 4.4653224252e-02 1.4648163941e-01)	1	1.2072444168e+01	(1.1449969978e-01 4.6106917321e-02 1.7249942685e-01)	1
0.0084142992      	mag(U)            	0.0000000000e+00	(-1.4000000060e-01 4.9258069922e-03 5.3000562546e-02)	0	5.0546321667e+00	(1.1850000934e-01 4.7959320761e-02 1.9749988143e-01)	0
0.0084142992      	k                 	7.9788003815e-08	(7.6296438098e-02 4.8626669468e-02 2.2887366007e-01)	1	2.6795412045e-01	(1.0050018877e-01 4.8988498895e-02 1.9650000002e-01)	1
0.0084142992      	omega             	1.9725143572e+01	(-3.7815176258e-01 4.4370663109e-01 4.4091404994e-01)	2	1.6962361772e+07	(1.0291314320e-01 4.7269903838e-02 6.1879950920e-03)	3
0.0084142992      	p                 	-1.3931361141e+01	(1.0649999735e-01 4.4653224252e-02 1.4648163941e-01)	1	1.2076318582e+01	(1.1449969978e-01 4.6106917321e-02 1.7249942685e-01)	1
0.0084392992      	mag(U)            	0.0000000000e+00	(-1.4000000060e-01 4.9258069922e-03 5.3000562546e-02)	0	5.0602332664e+00	(1.1850000934e-01 4.7959320761e-02 1.9749988143e-01)	0
0.0084392992      	k                 	7.9579444078e-08	(7.6296438098e-02 4.8626669468e-02 2.2887366007e-01)	1	2.6928488340e-01	(1.0050018877e-01 4.8988498895e-02 1.9650000002e-01)	1
0.0084392992      	omega             	1.9724338193e+01	(-3.7815176258e-01 4.4370663109e-01 4.4091404994e-01)	2	1.6962361773e+07	(1.0291314320e-01 4.7269903838e-02 6.1879950920e-03)	3
0.0084392992      	p                 	-1.3961311078e+01	(1.0649999735e-01 4.4653224252e-02 1.4648163941e-01)	1	1.2079935136e+01	(1.1449969978e-01 4.6106917321e-02 1.7249942685e-01)	1
0.0084642992      	mag(U)            	0.0000000000e+00	(-1.4000000060e-01 4.9258069922e-03 5.3000562546e-02)	0	5.0652651391e+00	(1.1850000934e-01 4.7959320761e-02 1.9749988143e-01)	0
0.0084642992      	k                 	7.9390406081e-08	(7.6296438098e-02 4.8626669468e-02 2.2887366007e-01)	1	2.7056643754e-01	(1.0050018877e-01 4.8988498895e-02 1.9650000002e-01)	1
0.0084642992      	omega             	1.9723532880e+01	(-3.7815176258e-01 4.4370663109e-01 4.4091404994e-01)	2	1.6962361774e+07	(1.0291314320e-01 4.7269903838e-02 6.1879950920e-03)	3
0.0084642992      	p                 	-1.3924141121e+01	(1.0649999735e-01 4.4653224252e-02 1.4648163941e-01)	1	1.2083769681e+01	(1.1449969978e-01 4.6106917321e-02 1.7249942685e-01)	1
0.0084892992      	mag(U)            	0.0000000000e+00	(-1.4000000060e-01 4.9258069922e-03 5.3000562546e-02)	0	5.0691762728e+00	(1.1850000934e-01 4.7959320761e-02 1.9749988143e-01)	0
0.0084892992      	k                 	7.9221751950e-08	(7.6296438098e-02 4.8626669468e-02 2.2887366007e-01)	1	2.7179898368e-01	(1.0050018877e-01 4.8988498895e-02 1.9650000002e-01)	1
0.0084892992      	omega             	1.9722727632e+01	(-3.7815176258e-01 4.4370663109e-01 4.4091404994e-01)	2	1.6962361775e+07	(1.0291314320e-01 4.7269903838e-02 6.1879950920e-03)	3
0.0084892992      	p                 	-1.3984277257e+01	(1.2649992175e-01 4.5794571243e-02 1.4955149175e-01)	1	1.2087157534e+01	(1.1449969978e-01 4.6106917321e-02 1.7249942685e-01)	1
0.0085142992      	mag(U)            	0.0000000000e+00	(-1.4000000060e-01 4.9258069922e-03 5.3000562546e-02)	0	5.0719632398e+00	(1.1850000934e-01 4.7959320761e-02 1.9749988143e-01)	0
0.0085142992      	k                 	7.9074255786e-08	(7.6296438098e-02 4.8626669468e-02 2.2887366007e-01)	1	2.7298282025e-01	(1.0050018877e-01 4.8988498895e-02 1.9650000002e-01)	1
0.0085142992      	omega             	1.9721922451e+01	(-3.7815176258e-01 4.4370663109e-01 4.4091404994e-01)	2	1.6962361776e+07	(1.0291314320e-01 4.7269903838e-02 6.1879950920e-03)	3
0.0085142992      	p                 	-1.3980981321e+01	(-1.2149998126e-01 4.5758895128e-02 1.4750465311e-01)	1	1.2090246007e+01	(1.1449969978e-01 4.6106917321e-02 1.7249942685e-01)	1
0.0085392992      	mag(U)            	0.0000000000e+00	(-1.4000000060e-01 4.9258069922e-03 5.3000562546e-02)	0	5.0737904718e+00	(1.1850000934e-01 4.7959320761e-02 1.9749988143e-01)	0
0.0085392992      	k                 	7.8948769517e-08	(7.6296438098e-02 4.8626669468e-02 2.2887366007e-01)	1	2.7411840081e-01	(1.0050018877e-01 4.8988498895e-02 1.9650000002e-01)	1
0.0085392992      	omega             	1.9721117335e+01	(-3.7815176258e-01 4.4370663109e-01 4.4091404994e-01)	2	1.6962361777e+07	(1.0291314320e-01 4.7269903838e-02 6.1879950920e-03)	3
0.0085392992      	p                 	-1.4034294967e+01	(-1.2149998126e-01 4.5758895128e-02 1.4750465311e-01)	1	1.2095288397e+01	(1.1449969978e-01 4.6106917321e-02 1.7249942685e-01)	1
0.0085642992      	mag(U)            	0.0000000000e+00	(-1.4000000060e-01 4.9258069922e-03 5.3000562546e-02)	0	5.0748305451e+00	(1.1850000934e-01 4.7959320761e-02 1.9749988143e-01)	0
0.0085642992      	k                 	7.8846248044e-08	(7.6296438098e-02 4.8626669468e-02 2.2887366007e-01)	1	2.7520630085e-01	(1.0050018877e-01 4.8988498895e-02 1.9650000002e-01)	1
0.0085642992      	omega             	1.9720312284e+01	(-3.7815176258e-01 4.4370663109e-01 4.4091404994e-01)	2	1.6962361778e+07	(1.0291314320e-01 4.7269903838e-02 6.1879950920e-03)	3
0.0085642992      	p                 	-1.4090458974e+01	(-1.2149998126e-01 4.5758895128e-02 1.4750465311e-01)	1	1.2098078766e+01	(1.1449969978e-01 4.6106917321e-02 1.7249942685e-01)	1
0.0085892992      	mag(U)            	0.0000000000e+00	(-1.4000000060e-01 4.9258069922e-03 5.3000562546e-02)	0	5.0752427284e+00	(1.1850000934e-01 4.7959320761e-02 1.9749988143e-01)	0
0.0085892992      	k                 	7.8768213108e-08	(7.6296438098e-02 4.8626669468e-02 2.2887366007e-01)	1	2.7624720914e-01	(1.0050018877e-01 4.8988498895e-02 1.9650000002e-01)	1
0.0085892992      	omega             	1.9719507300e+01	(-3.7815176258e-01 4.4370663109e-01 4.4091404994e-01)	2	1.6962361779e+07	(1.0291314320e-01 4.7269903838e-02 6.1879950920e-03)	3
0.0085892992      	p                 	-1.4158091822e+01	(-1.2149998126e-01 4.5758895128e-02 1.4750465311e-01)	1	1.2099992770e+01	(1.1449969978e-01 4.6106917321e-02 1.7249942685e-01)	1
0.0086142992      	mag(U)            	0.0000000000e+00	(-1.4000000060e-01 4.9258069922e-03 5.3000562546e-02)	0	5.0752111290e+00	(1.1850000934e-01 4.7959320761e-02 1.9749988143e-01)	0
0.0086142992      	k                 	7.8716283474e-08	(7.6296438098e-02 4.8626669468e-02 2.2887366007e-01)	1	2.7724192456e-01	(1.0050018877e-01 4.8988498895e-02 1.9650000002e-01)	1
0.0086142992      	omega             	1.9718702381e+01	(-3.7815176258e-01 4.4370663109e-01 4.4091404994e-01)	2	1.6962361780e+07	(1.0291314320e-01 4.7269903838e-02 6.1879950920e-03)	3
0.0086142992      	p                 	-1.4187205396e+01	(-1.2149998126e-01 4.5758895128e-02 1.4750465311e-01)	1	1.2103969378e+01	(1.1449969978e-01 4.6106917321e-02 1.7249942685e-01)	1
0.0086392992      	mag(U)            	0.0000000000e+00	(-1.4000000060e-01 4.9258069922e-03 5.3000562546e-02)	0	5.0767763138e+00	(9.8498709738e-02 4.7994070114e-02 1.9549973183e-01)	1
0.0086392992      	k                 	7.8692695247e-08	(7.6296438098e-02 4.8626669468e-02 2.2887366007e-01)	1	2.7819131696e-01	(1.0050018877e-01 4.8988498895e-02 1.9650000002e-01)	1
0.0086392992      	omega             	1.9717897528e+01	(-3.7815176258e-01 4.4370663109e-01 4.4091404994e-01)	2	1.6962361781e+07	(1.0291314320e-01 4.7269903838e-02 6.1879950920e-03)	3
0.0086392992      	p                 	-1.4206210096e+01	(-1.0050000027e-01 4.5758878763e-02 1.4750466800e-01)	1	1.2107044451e+01	(1.1449969978e-01 4.6106917321e-02 1.7249942685e-01)	1
0.0086642992      	mag(U)            	0.0000000000e+00	(-1.4000000060e-01 4.9258069922e-03 5.3000562546e-02)	0	5.0802837416e+00	(1.1850000939e-01 4.7959249566e-02 1.9849994296e-01)	0
0.0086642992      	k                 	7.8691899226e-08	(7.6296438098e-02 4.8626669468e-02 2.2887366007e-01)	1	2.7909630124e-01	(1.0050018877e-01 4.8988498895e-02 1.9650000002e-01)	1
0.0086642992      	omega             	1.9717092741e+01	(-3.7815176258e-01 4.4370663109e-01 4.4091404994e-01)	2	1.6962361782e+07	(1.0291314320e-01 4.7269903838e-02 6.1879950920e-03)	3
0.0086642992      	p                 	-1.4289249596e+01	(-1.0050000027e-01 4.5758878763e-02 1.4750466800e-01)	1	1.2110117663e+01	(1.1449969978e-01 4.6106917321e-02 1.7249942685e-01)	1
0.0086892992      	mag(U)            	0.0000000000e+00	(-1.4000000060e-01 4.9258069922e-03 5.3000562546e-02)	0	5.0880942489e+00	(1.0450000001e-01 4.7252993244e-02 1.9949978254e-01)	1
0.0086892992      	k                 	7.8699561431e-08	(7.6296438098e-02 4.8626669468e-02 2.2887366007e-01)	1	2.7995775218e-01	(1.0050018877e-01 4.8988498895e-02 1.9650000002e-01)	1
0.0086892992      	omega             	1.9716288019e+01	(-3.7815176258e-01 4.4370663109e-01 4.4091404994e-01)	2	1.6962361783e+07	(1.0291314320e-01 4.7269903838e-02 6.1879950920e-03)	3
0.0086892992      	p                 	-1.4237121592e+01	(-1.0050000027e-01 4.5758878763e-02 1.4750466800e-01)	1	1.2113151302e+01	(1.1449969978e-01 4.6106917321e-02 1.7249942685e-01)	1
0.0087142992      	mag(U)            	0.0000000000e+00	(-1.4000000060e-01 4.9258069922e-03 5.3000562546e-02)	0	5.1013175565e+00	(1.0450000001e-01 4.7252993244e-02 1.9949978254e-01)	1
0.0087142992      	k                 	7.8700237445e-08	(7.6296438098e-02 4.8626669468e-02 2.2887366007e-01)	1	2.8077646845e-01	(1.0050018877e-01 4.8988498895e-02 1.9650000002e-01)	1
0.0087142992      	omega             	1.9715483363e+01	(-3.7815176258e-01 4.4370663109e-01 4.4091404994e-01)	2	1.6962361784e+07	(1.0291314320e-01 4.7269903838e-02 6.1879950920e-03)	3
0.0087142992      	p                 	-1.4262590857e+01	(-1.0050000027e-01 4.5758878763e-02 1.4750466800e-01)	1	1.2116410676e+01	(1.1449969978e-01 4.6106917321e-02 1.7249942685e-01)	1
