# Probe 0 (-0.111 0.039 0.008)
# Probe 1 (-0.111 0.039 0.02)
# Probe 2 (-0.111 0.046 0.004)
# Probe 3 (-0.111 0.06 0.004)
# Probe 4 (-0.111 0.037 0.219)
# Probe 5 (-0.111 0.046 0.239)
# Probe 6 (-0.111 0.046 0.25)
# Probe 7 (0.07 0.039 0.008)
# Probe 8 (0.07 0.039 0.02)
# Probe 9 (0.07 0.046 0.004)
# Probe 10 (0.07 0.06 0.004)
# Probe 11 (0.07 0.037 0.219)
# Probe 12 (0.07 0.046 0.239)
# Probe 13 (0.07 0.046 0.25)
# Probe 14 (0.111 0.039 0.008)
# Probe 15 (0.111 0.039 0.02)
# Probe 16 (0.111 0.046 0.004)
# Probe 17 (0.111 0.06 0.004)
# Probe 18 (0.111 0.037 0.219)
# Probe 19 (0.111 0.046 0.239)
# Probe 20 (0.111 0.046 0.25)
# Probe 21 (0 0.25 0.1)
# Time            0                 1                 2                 3                 4                 5                 6                 7                 8                 9                 10                11                12                13                14                15                16                17                18                19                20                21               
0.000112          (-0.0006068939251 0.004896534312 -0.0005011278383) (-0.0005881575829 0.000335878819 0.0004646050515) (-0.0006460388087 0.006938318509 -0.006104071237) (-0.0004576472366 0.002259241796 0.002677862376) (-0.0002074565629 -0.0002980123921 -0.0008322196107) (-0.0001081788138 0.0006000413743 0.001373054568) (-9.677926747e-05 0.0002677887167 0.0006555254384) (0.0002010790886 0.004798701142 -0.0005799843341) (0.0002209879117 0.0003244472349 0.0003805982088) (0.0002065796581 0.007284400011 -0.006600980463) (0.0001955363422 0.002313954377 0.00295739495) (3.746787285e-05 0.0002122018847 0.001669697937) (-0.0002668176012 0.0006633545195 0.000570675234) (-9.508137033e-05 0.0002920289068 0.0004352297356) (0.0006047227475 0.004911614314 -0.00051872197) (0.0005820158941 0.0003427948424 0.0004417698008) (0.0006458366741 0.006962920516 -0.006130324299) (0.0004606033752 0.002266213275 0.002685911752) (0.0002026318048 -0.0002910472263 -0.000795440152) (0.0001053091338 0.0006085758294 0.001382118364) (9.523752886e-05 0.0002716218785 0.0006606930862) (1.74654257e-07 7.727642278e-05 -1.473154461e-05)
0.0001264         (-0.0006848406002 0.005526789352 -0.0005667660697) (-0.000663602749 0.0003793132115 0.0005240207174) (-0.0007290272305 0.007839895616 -0.006904261745) (-0.0005163282567 0.002547813371 0.003021986439) (-0.0002341097215 -0.0003350361946 -0.0009364367883) (-0.0001220847751 0.0006775381288 0.001549968476) (-0.0001092175333 0.0003023147937 0.0007399296404) (0.0002268108644 0.005416152156 -0.0006553005765) (0.0002492744157 0.0003662346425 0.0004295517345) (0.0002330438544 0.008208242597 -0.007436707346) (0.0002206292938 0.002609565721 0.003338087082) (4.255759968e-05 0.0002399509624 0.001884897028) (-0.0003011417193 0.0007489798339 0.0006440654448) (-0.0001073339931 0.0003296437882 0.0004912388594) (0.0006823813338 0.005543896143 -0.0005866958901) (0.0006566565715 0.0003871581971 0.0004981959056) (0.0007286921352 0.007867892196 -0.006934149905) (0.0005196600155 0.002555703682 0.003031107207) (0.000228650976 -0.0003271986308 -0.0008949424263) (0.0001188475779 0.0006871807267 0.001560215394) (0.0001074793018 0.0003066460208 0.0007457693533) (1.976222967e-07 8.718812174e-05 -1.661800709e-05)
0.00014368        (-0.0007784100051 0.006282917615 -0.0006456154973) (-0.0007541830388 0.000431318354 0.0005954249004) (-0.0008286413071 0.008922841152 -0.007867284717) (-0.000586732948 0.002893558151 0.003434806429) (-0.0002661014375 -0.0003792787734 -0.001060293182) (-0.0001387684626 0.0007704901318 0.001761915896) (-0.0001241421078 0.0003437269097 0.0008410670689) (0.0002577432557 0.00615690139 -0.0007454204958) (0.0002832623991 0.0004163639748 0.0004883578575) (0.0002648305804 0.009314080318 -0.008437148002) (0.0002507434362 0.002963928342 0.003794960224) (4.861967868e-05 0.000273712233 0.00214309011) (-0.0003422024833 0.0008516882246 0.0007320208084) (-0.0001219867644 0.0003747633273 0.0005583852958) (0.0007756130454 0.006302390321 -0.0006683105802) (0.0007462862614 0.0004402641182 0.0005660590364) (0.0008281581249 0.008954820981 -0.007901480681) (0.000590516163 0.002902523822 0.003445182917) (0.00025987918 -0.0003703986865 -0.001013206774) (0.000135087844 0.000781451883 0.001773573552) (0.0001221651273 0.0003486515565 0.0008477061773) (2.247808754e-07 9.908031933e-05 -1.888023696e-05)
0.000164416       (-0.0008907734363 0.007190704658 -0.0007405296758) (-0.0008629498046 0.0004936836927 0.0006812286148) (-0.000948269324 0.01022454249 -0.009027350522) (-0.0006712476784 0.003307978114 0.003930303004) (-0.0003045233855 -0.000432066428 -0.001207451403) (-0.0001588039891 0.0008820899317 0.002016058811) (-0.0001420617032 0.0003934390393 0.0009623532784) (0.0002949034049 0.007046317545 -0.0008538970941) (0.0003240870263 0.0004764985266 0.0005589575516) (0.0003030002174 0.01063908881 -0.009635074442) (0.0002868903998 0.003388934098 0.004343587855) (5.585879585e-05 0.0003144085724 0.002453066977) (-0.0003913576879 0.0009750164879 0.0008375279575) (-0.0001395226176 0.0004289355492 0.0006389484926) (0.00088757958 0.007212979917 -0.0007665290922) (0.0008539280891 0.000503937036 0.0006476478803) (0.0009475927651 0.01026125848 -0.009066702721) (0.000675563613 0.003318215191 0.003942160299) (0.0002973927934 -0.0004219156538 -0.001153639136) (0.0001545888598 0.0008946301269 0.002029397394) (0.0001397965349 0.0003990742767 0.0009699457215) (2.575761159e-07 0.0001133527669 -2.159881929e-05)
0.0001892992      (-0.001025712785 0.008280811709 -0.0008549098521) (-0.0009935431149 0.0005685235259 0.0007843293656) (-0.001091944476 0.01178935609 -0.01042528099) (-0.0007727052637 0.003804650161 0.004525030198) (-0.0003506762971 -0.0004950454131 -0.001382551577) (-0.0001828649656 0.001016179932 0.002321054258) (-0.000163580633 0.0004531470031 0.00110790502) (0.0003395377631 0.008114335724 -0.000984446931) (0.00037312581 0.000548636137 0.0006437396867) (0.0003488435593 0.01222604805 -0.0110699858) (0.0003302915278 0.003898614942 0.005002450988) (6.447045426e-05 0.000363388419 0.002825139245) (-0.0004502772392 0.001123173971 0.0009641422035) (-0.0001605434696 0.0004940011841 0.0007356498423) (0.001022035979 0.008306392108 -0.0008848598846) (0.0009831758671 0.0005803306536 0.0007457135449) (0.001091023737 0.01183166817 -0.01047077212) (0.0007776601775 0.003816380824 0.004538628397) (0.0003424465525 -0.0004833359945 -0.001320692476) (0.0001780054759 0.001030613149 0.002336411715) (0.0001609678037 0.0004596348833 0.001116641503) (2.965113175e-07 0.0001304856596 -2.486254735e-05)
0.0002142992      (-0.001161103715 0.009376161748 -0.000970489091) (-0.001124482926 0.0006438302425 0.0008878893442) (-0.001236157158 0.01336317686 -0.01183426794) (-0.0008745417686 0.00430256825 0.005122124273) (-0.0003970542566 -0.000558424516 -0.001559370948) (-0.0002070399091 0.001151162112 0.002628220903) (-0.0001851962287 0.0005131956069 0.001254378743) (0.0003842908352 0.009187552981 -0.00111707895) (0.0004222763465 0.0006208931531 0.0007286602521) (0.0003948065585 0.01381726944 -0.01250794863) (0.0003738472228 0.004409957931 0.00566430615) (7.273104496e-05 0.0004099439009 0.003197997943) (-0.0005096491365 0.001272206334 0.001091413195) (-0.0001817548012 0.0005594257765 0.0008328524956) (0.001156954849 0.009405168254 -0.001004478114) (0.001112779871 0.0006572050818 0.0008441810104) (0.001234960894 0.0134112955 -0.01188611902) (0.0008801310094 0.004315842531 0.005137520675) (0.0003877448529 -0.0005451034623 -0.001489377894) (0.0002015369315 0.00116751252 0.002645623622) (0.0001822379044 0.0005205477263 0.001264275961) (3.358008469e-07 0.0001476837389 -2.814309052e-05)
0.0002392992      (-0.001296410074 0.01047237622 -0.001086864739) (-0.001255244601 0.0007193629607 0.0009913056555) (-0.001380319691 0.01493914852 -0.01324792436) (-0.0009763258522 0.004799692724 0.005719201295) (-0.0004434611532 -0.0006216261807 -0.001736702346) (-0.0002312259812 0.001286522349 0.002936294716) (-0.0002068209953 0.000573351224 0.001401181171) (0.0004289115107 0.01026164065 -0.001250955536) (0.0004713413206 0.0006924880538 0.0008134664687) (0.0004407263311 0.01540595092 -0.01394448451) (0.0004173951201 0.004920759468 0.00632647762) (8.093500312e-05 0.0004549879196 0.003570499794) (-0.0005692232024 0.001421555319 0.001218853835) (-0.000203063906 0.0006249536143 0.0009301827449) (0.001291776381 0.01050491462 -0.00112497104) (0.001242193263 0.0007343248175 0.000942433336) (0.001378818452 0.01499321323 -0.01330627122) (0.0009825564259 0.004814543904 0.005736440745) (0.0004330787119 -0.0006066807814 -0.001658495401) (0.000225087392 0.001304811595 0.002955768351) (0.0002035241635 0.0005815772853 0.00141225505) (3.749181475e-07 0.0001648761674 -3.142404469e-05)
0.0002642992      (-0.0014317679 0.01157033641 -0.001204112045) (-0.001385985148 0.0007951634511 0.001094651443) (-0.001524556952 0.01651812198 -0.01466664989) (-0.001078143482 0.005296445144 0.006316785686) (-0.0004899200882 -0.000684447674 -0.001914010032) (-0.0002554418977 0.001422334668 0.003245310569) (-0.000228472422 0.0006336562067 0.001548354569) (0.0004734912587 0.01133737825 -0.001385885437) (0.0005203527464 0.0007636924301 0.0008982720966) (0.0004866189295 0.01699451223 -0.01538088392) (0.0004609607022 0.005431536836 0.006989464328) (8.917752989e-05 0.0004994856793 0.003943330039) (-0.000628992205 0.001571319065 0.001346528658) (-0.0002244608849 0.0006906246844 0.001027698746) (0.001426637646 0.01160657625 -0.001246403754) (0.00137157277 0.0008117372577 0.001040554893) (0.001522696006 0.01657837779 -0.01473171348) (0.001085010693 0.005312933686 0.006335936384) (0.0004784533602 -0.0006678866913 -0.001827526329) (0.0002486723028 0.001442582305 0.003266878574) (0.0002248414865 0.0006427641024 0.001560618827) (4.149294072e-07 0.0001820748229 -3.470956457e-05)
0.0002892992      (-0.00156705401 0.01266890308 -0.001322061623) (-0.001516602802 0.0008711068688 0.001197840554) (-0.001668734996 0.01809797762 -0.01608837069) (-0.001179892014 0.005792275382 0.006914342796) (-0.0005363801362 -0.000746652474 -0.002090745327) (-0.0002796569108 0.001558426537 0.003554814113) (-0.0002501255993 0.0006940365936 0.00169569741) (0.0005180278981 0.01241368208 -0.001521628931) (0.0005692959767 0.0008348884384 0.0009829905933) (0.0005324560463 0.01858097473 -0.01681590861) (0.0005045117374 0.005941771934 0.00765249125) (9.755975968e-05 0.0005435299166 0.004316218619) (-0.0006888622268 0.001721304506 0.001474269648) (-0.000245909507 0.0007563543996 0.001125280567) (0.001561407116 0.01270893159 -0.001368584256) (0.001500806536 0.0008893166533 0.001138464108) (0.001666494417 0.01816454836 -0.01616028639) (0.001187400272 0.005810432002 0.006935444503) (0.0005238344637 -0.0007285081476 -0.001996000094) (0.0002722589991 0.001580648135 0.003578507933) (0.0002461635634 0.000704032721 0.001709166667) (4.551951158e-07 0.0001992657113 -3.799054027e-05)
0.0003142992      (-0.001702212459 0.01376796357 -0.001440638636) (-0.001647063503 0.0009471469742 0.001300882442) (-0.001812784644 0.01967824299 -0.01751236114) (-0.001281551141 0.006287121549 0.007511922647) (-0.0005828350601 -0.0008080677477 -0.002266166079) (-0.0003038725612 0.001694743441 0.003864544045) (-0.0002717794712 0.0007544719206 0.001843108238) (0.0005624663524 0.01349048655 -0.001658129337) (0.0006181333944 0.0009061283579 0.001067605838) (0.0005782267768 0.02016549306 -0.01824950573) (0.0005480354541 0.006451383028 0.00831544538) (0.0001061081682 0.0005872172654 0.004689287417) (-0.0007487483145 0.001871469149 0.001602021586) (-0.0002673714496 0.0008221257244 0.001222888258) (0.001696053732 0.013811891 -0.001491436736) (0.001629876118 0.0009670162749 0.001236185322) (0.001810153524 0.01975129085 -0.01759130096) (0.001289699826 0.006306986841 0.007535030344) (0.0005692051132 -0.0007883679928 -0.002163149684) (0.0002958459962 0.001718946823 0.003890371374) (0.0002674870251 0.0007653598445 0.001857787183) (4.953783922e-07 0.0002164442108 -4.126914632e-05)
0.0003392992      (-0.001837304689 0.01486758623 -0.001559828765) (-0.001777426732 0.001023254944 0.001403767711) (-0.00195676388 0.02125858018 -0.01893804377) (-0.001383139448 0.0067810221 0.008109628215) (-0.0006292766195 -0.0008687320722 -0.002439973127) (-0.0003280896592 0.001831267208 0.004174386612) (-0.0002934357562 0.0008149561751 0.001990548762) (0.0006068600873 0.01456793035 -0.001795348235) (0.0006669208125 0.0009773494458 0.001152117844) (0.0006239633419 0.02174805865 -0.01968204866) (0.0005915448699 0.00696039497 0.008978298436) (0.0001148050118 0.000630662323 0.00506263548) (-0.0008086180517 0.002021809279 0.00172977839) (-0.0002888309915 0.0008879387279 0.001320519696) (0.001830622707 0.01491547216 -0.001614946119) (0.001758831702 0.001044806137 0.001333724592) (0.00195371978 0.02133818367 -0.01902410747) (0.001391932366 0.006802612992 0.008134765543) (0.0006145569047 -0.0008475104886 -0.002328704604) (0.0003194399128 0.001857463767 0.00420237115) (0.0002888160442 0.0008267407704 0.0020064477) (5.360741516e-07 0.0002336150969 -4.454227646e-05)
0.0003642992      (-0.0019723368 0.01596793448 -0.001679601043) (-0.001907704099 0.001099421849 0.001506539016) (-0.00210068498 0.02283863635 -0.02036484661) (-0.001484673241 0.007274044063 0.008707615136) (-0.0006757206753 -0.0009287517296 -0.00261228508) (-0.000352314362 0.001968003093 0.004484367035) (-0.0003150978546 0.0008754936292 0.002138031214) (0.0006511879808 0.01564622413 -0.001933187781) (0.0007156417294 0.00104851862 0.001236578322) (0.0006696506583 0.0233292247 -0.02111380501) (0.0006350307166 0.007468915106 0.009641120869) (0.0001236393171 0.000673901312 0.005436304276) (-0.00086846917 0.002172328921 0.001857543483) (-0.0003102873278 0.0009537974332 0.001418179037) (0.001965123908 0.01601990213 -0.001739049539) (0.001887687117 0.001122668714 0.00143114424) (0.002097223116 0.02292497287 -0.02045820106) (0.001494107714 0.007297408473 0.008734848464) (0.0006599139272 -0.0009060135006 -0.002492710347) (0.0003430381462 0.001996197865 0.004514506288) (0.000310149931 0.0008881774957 0.002155150769) (5.765327193e-07 0.0002507776995 -4.781422881e-05)
0.0003892992      (-0.002107345828 0.01706932058 -0.001799871425) (-0.00203793274 0.001175634521 0.001609259152) (-0.002244591168 0.02441859328 -0.02179222422) (-0.001586181926 0.00776633191 0.009306113061) (-0.0007221641486 -0.000988152941 -0.002783075919) (-0.0003765418694 0.002104967097 0.004794503996) (-0.0003367661302 0.0009360910591 0.002285571595) (0.0006954946355 0.0167255316 -0.002071574285) (0.0007643463179 0.0011197429 0.001320985219) (0.000715338556 0.02490924666 -0.02254500849) (0.0006785166917 0.007976986478 0.01030402228) (0.0001326060933 0.000717001619 0.005810323795) (-0.0009283097239 0.002323043015 0.001985337651) (-0.0003317421541 0.001019710516 0.001515882229) (0.00209960506 0.01712532073 -0.001863698749) (0.002016490114 0.001200595888 0.001528463151) (0.002240665199 0.02451155825 -0.02189277139) (0.001596255028 0.007791445255 0.009335412127) (0.000705274364 -0.0009639181827 -0.002655197668) (0.0003666431671 0.002135167082 0.004826811332) (0.0003314926361 0.0009496778004 0.002303917196) (6.178411323e-07 0.0002679397006 -5.108154259e-05)
0.0004142992      (-0.002242312656 0.01817160958 -0.001920555308) (-0.002168095751 0.001251883874 0.001711911777) (-0.002388451755 0.02599736397 -0.02321923701) (-0.001687648736 0.008257840352 0.009905063637) (-0.0007686189066 -0.001046984712 -0.002952470721) (-0.0004007743699 0.002242147211 0.005104783457) (-0.0003584397668 0.0009967440253 0.002433157555) (0.0007397416009 0.01780584585 -0.002210417728) (0.0008130070208 0.001191093852 0.00140535458) (0.0007609814797 0.02648809394 -0.02397563593) (0.0007219862488 0.008484551032 0.01096701183) (0.0001416778963 0.0007599744429 0.00618462397) (-0.0009881394032 0.002473933936 0.002113147751) (-0.0003531959208 0.001085672307 0.001613617991) (0.002234044877 0.01823171708 -0.001988766735) (0.002145224215 0.001278565994 0.001625718529) (0.002384049544 0.02609704753 -0.02332701269) (0.001698361521 0.008284734098 0.009936476901) (0.0007506486377 -0.001021272235 -0.002816314859) (0.0003902558078 0.00227435555 0.005139266617) (0.0003528421627 0.001011234868 0.002452732513) (6.584321433e-07 0.0002850953343 -5.434887493e-05)
0.0004392992      (-0.00237725388 0.01927485994 -0.002041513936) (-0.002298213235 0.001328156744 0.001814527555) (-0.002532286078 0.02757505663 -0.02464542346) (-0.001789088469 0.008748639466 0.01050454354) (-0.0008150686862 -0.001105247513 -0.003120565491) (-0.0004250117177 0.002379543715 0.005415205878) (-0.0003801198868 0.001057452507 0.002580790815) (0.0007839347363 0.0188869767 -0.002349510196) (0.0008616347406 0.001262553899 0.001489701135) (0.0008065997229 0.02806614677 -0.02540568397) (0.0007654509161 0.008991678693 0.01163009123) (0.0001508411469 0.0008028275795 0.006559194786) (-0.001047960921 0.002625002092 0.002240979231) (-0.0003746492892 0.001151684357 0.001711390925) (0.002368457968 0.01933913023 -0.00211413625) (0.002273903976 0.001356575312 0.001722921936) (0.002527368355 0.02768153392 -0.02476042888) (0.001800448379 0.00877733139 0.01053808942) (0.0007960070949 -0.001078083292 -0.002976144297) (0.0004138723218 0.002413771859 0.005451888444) (0.0003741978198 0.001072851997 0.002601605414) (6.997383777e-07 0.0003022503183 -5.761179563e-05)
0.0004642992      (-0.002512154323 0.02037889331 -0.002162696222) (-0.002428273851 0.001404452686 0.001917100777) (-0.002676072386 0.02915193879 -0.026070299) (-0.001890496904 0.009238743434 0.01110453971) (-0.0008615148106 -0.001162800475 -0.003287360925) (-0.0004492536485 0.002517148991 0.005725755615) (-0.0004018055194 0.001118214282 0.002728461105) (0.0008281261239 0.01996852505 -0.002488970274) (0.000910239056 0.001334080649 0.00157400407) (0.0008522123067 0.02964375246 -0.0268354209) (0.0008089075964 0.009498409771 0.01229313767) (0.0001601344477 0.0008455920056 0.006934025321) (-0.001107761247 0.002776235377 0.002368820873) (-0.0003960959473 0.001217742705 0.001809190982) (0.002502823893 0.02044730423 -0.002239727944) (0.00240252511 0.001434612447 0.001820056872) (0.002670605555 0.02926519984 -0.02619247665) (0.001902496943 0.009269221767 0.01114021283) (0.0008413641885 -0.001134204011 -0.00313467602) (0.0004374955032 0.002553396097 0.005764631703) (0.0003955602604 0.00113452158 0.002750513004) (7.409239158e-07 0.0003193997221 -6.087523458e-05)
0.0004892992      (-0.00264699792 0.02148250898 -0.002284382348) (-0.002558266069 0.001480750942 0.002019646924) (-0.002819811642 0.03072799404 -0.02749355974) (-0.001991865566 0.009728121851 0.01170500253) (-0.000907967131 -0.001219780868 -0.003452934286) (-0.0004734979833 0.002654947457 0.006036403589) (-0.0004234949034 0.001179021917 0.002876155315) (0.0008722994855 0.0210493362 -0.002629149096) (0.0009588037612 0.001405628273 0.001658289285) (0.0008977946622 0.03122139114 -0.02826507467) (0.0008523520317 0.01000474154 0.01295607453) (0.000169518809 0.0008882452789 0.007309090872) (-0.001167536557 0.002927617817 0.002496662827) (-0.0004175345666 0.001283840991 0.001907011813) (0.002637143401 0.02155494349 -0.002365907318) (0.002531077352 0.001512660894 0.001917149109) (0.002813749891 0.03084806165 -0.02762292293) (0.002004510782 0.009760393157 0.01174281912) (0.00088673211 -0.001189748491 -0.003291971625) (0.0004611239012 0.002693216432 0.006077472505) (0.0004169286208 0.001196238598 0.002899444424) (7.822480873e-07 0.0003365459804 -6.41343792e-05)
0.0005142992      (-0.002781836164 0.02258282098 -0.002407184177) (-0.002688222977 0.001557071737 0.002122155884) (-0.002963524087 0.03230362007 -0.02891560379) (-0.002093220947 0.01021691128 0.01230595681) (-0.0009544431247 -0.001276288905 -0.003617274445) (-0.0004977500736 0.002792949867 0.006347152271) (-0.0004451924346 0.001239881784 0.003023878118) (0.0009164722246 0.02212867867 -0.002770213103) (0.001007359304 0.001477194722 0.001742552694) (0.0009433751061 0.03279957239 -0.02969492163) (0.0008957977703 0.0105108186 0.01361900776) (0.0001790044215 0.0009308100824 0.007684489659) (-0.001227280077 0.003079170994 0.002624519314) (-0.0004389608314 0.001349989486 0.002004863725) (0.002771449901 0.02265924415 -0.002493204115) (0.002659591942 0.00159073876 0.002014187548) (0.00295683544 0.03243053192 -0.02905214539) (0.002106505393 0.01025097929 0.01234591674) (0.0009321182934 -0.001244813251 -0.00344800739) (0.0004847608305 0.00283324485 0.006390414607) (0.0004383056429 0.001258009604 0.003048405299) (8.238552004e-07 0.0003536896826 -6.739343741e-05)
0.0005392992      (-0.002916613335 0.02368055577 -0.002531003019) (-0.002818102603 0.001633380199 0.002224642444) (-0.003107185932 0.03387857968 -0.0303361245) (-0.002194529106 0.01070509442 0.01290715115) (-0.00100091869 -0.001332411494 -0.003780598537) (-0.0005220037231 0.002931136519 0.006657998984) (-0.0004668923987 0.001300783522 0.003171621977) (0.0009605968109 0.02320598488 -0.002911769149) (0.001055870093 0.001548735691 0.001826798219) (0.0009889068642 0.03437796464 -0.03112466167) (0.0009392251253 0.01101649339 0.01428164032) (0.0001885500385 0.0009732530642 0.008060011756) (-0.001287009668 0.003230852054 0.002752365049) (-0.0004603850771 0.001416170263 0.002102728196) (0.002905689657 0.02376107865 -0.002621527882) (0.002788020828 0.001668810115 0.002111189464) (0.003099862317 0.03401235282 -0.03047981298) (0.002208453097 0.01074095755 0.01294925044) (0.0009775165699 -0.001299513326 -0.003603067288) (0.0005084002618 0.002973458448 0.006703459915) (0.0004596857974 0.001319822427 0.003197388632) (8.652996941e-07 0.0003708284252 -7.064873344e-05)
0.0005642992      (-0.003051369987 0.02477785213 -0.00265518487) (-0.002947943675 0.001709701546 0.00232710202) (-0.003250817882 0.03545339445 -0.03175550064) (-0.002295818469 0.01119287402 0.01350870792) (-0.001047415633 -0.001388068899 -0.003942757369) (-0.0005462655905 0.003069523357 0.006968950284) (-0.000488600307 0.001361735359 0.003319394838) (0.001004714297 0.02428233163 -0.003053975499) (0.001104366416 0.001620271518 0.001911039805) (0.001034427156 0.03595788979 -0.0325555997) (0.0009826532016 0.0115219199 0.0149441247) (0.0001981850212 0.001015633987 0.008435801698) (-0.001346717918 0.003382694008 0.002880224545) (-0.0004818020288 0.001482398166 0.002200623083) (0.00303991622 0.0248625709 -0.002750202136) (0.00291641452 0.001746899047 0.002208161538) (0.00324292152 0.03559414058 -0.03190641238) (0.002310381998 0.01123055934 0.01355297364) (0.001022924388 -0.001353746069 -0.003756941519) (0.0005320483697 0.003113880913 0.007016624136) (0.0004810740843 0.001381688822 0.003346407659) (9.071523625e-07 0.0003879654665 -7.39030424e-05)
0.0005892992      (-0.003186076984 0.02587515524 -0.002779309563) (-0.003077720076 0.001786011056 0.002429542599) (-0.003394420565 0.03702800185 -0.03317367694) (-0.002397057862 0.0116802184 0.01411034305) (-0.001093912802 -0.001443319353 -0.004103923178) (-0.0005705293559 0.00320809639 0.007280006221) (-0.0005103108679 0.001422729789 0.003467191968) (0.001048792828 0.02535835545 -0.003196445644) (0.001152824267 0.001691776482 0.001995269078) (0.001079906032 0.03753903089 -0.03398743583) (0.001026066512 0.01202699644 0.01560630298) (0.0002078742403 0.001057924883 0.008811751553) (-0.001406409752 0.00353466277 0.003008075734) (-0.0005032150561 0.001548659376 0.002298531123) (0.003174081054 0.0259640796 -0.002878803332) (0.00304473171 0.001824980912 0.002305102341) (0.003385955617 0.03717571578 -0.03333179887) (0.002412260776 0.01171971553 0.01415675961) (0.001068345169 -0.00140756743 -0.003909790107) (0.0005556978588 0.003254488928 0.007329883466) (0.0005024654755 0.001443597445 0.003495447677) (9.487872709e-07 0.000405097636 -7.715506749e-05)
0.0006142992      (-0.003320751523 0.02697274997 -0.00290327828) (-0.00320744843 0.001862321101 0.002531967894) (-0.003537988271 0.03860276294 -0.0345909082) (-0.002498268243 0.01216721035 0.01471204465) (-0.001140415804 -0.001498113269 -0.004263952965) (-0.0005947965039 0.003346857485 0.007591150269) (-0.000532026187 0.001483768949 0.003615010211) (0.001092864053 0.0264346308 -0.003338811717) (0.001201267674 0.001763260854 0.002079499598) (0.001125390529 0.03912149616 -0.03542024732) (0.00106947849 0.01253181598 0.01626827296) (0.0002176453639 0.001100165701 0.009187951674) (-0.001466073079 0.003686774161 0.003135928303) (-0.00052461791 0.001614961111 0.002396459819) (0.00330822012 0.02706590062 -0.003007269484) (0.003173004407 0.001903068162 0.002402011638) (0.003529046797 0.03875749558 -0.03475627338) (0.002514110361 0.01220853286 0.01476061918) (0.001113772548 -0.001460924293 -0.004061465259) (0.000579350473 0.003395288116 0.007643226191) (0.0005238621624 0.001505552179 0.003644507893) (9.908796352e-07 0.0004222278796 -8.040477094e-05)
0.0006392992      (-0.003455375571 0.02807053314 -0.003027009418) (-0.003337115056 0.001938621361 0.002634382375) (-0.003681526029 0.04017737221 -0.03600728494) (-0.002599433977 0.0126538551 0.01531368581) (-0.001186922574 -0.001552409961 -0.00442270786) (-0.0006190666491 0.003485789814 0.007902305532) (-0.000553745528 0.001544846021 0.003762820642) (0.001136894846 0.02751081108 -0.003480909035) (0.001249674888 0.001834719119 0.002163704243) (0.00117084215 0.04070506172 -0.03685378906) (0.001112872876 0.013036315 0.01692997041) (0.0002275051791 0.001142366658 0.009564386283) (-0.001525695044 0.003839013982 0.003263770191) (-0.0005460043615 0.001681296955 0.002494398725) (0.003442298761 0.028167881 -0.003135510369) (0.003301206381 0.001981147455 0.002498890111) (0.003672095442 0.04033910869 -0.03617990397) (0.002615916245 0.01269699864 0.01536441006) (0.001159203069 -0.001513800699 -0.004211882876) (0.0006030083929 0.00353625792 0.007956579364) (0.0005452639198 0.001567544358 0.003793559552) (1.032585264e-06 0.0004393529544 -8.365353014e-05)
0.0006642992      (-0.00358996563 0.02916844425 -0.003150547344) (-0.003466735883 0.002014914378 0.002736777925) (-0.003825025744 0.04175149359 -0.0374231267) (-0.002700574804 0.01314021825 0.01591518049) (-0.001233437644 -0.001606204152 -0.004580124467) (-0.0006433411128 0.003624887949 0.008213453094) (-0.0005754701169 0.001605959516 0.003910617554) (0.001180911243 0.02858707861 -0.003622971919) (0.001298065323 0.001906150378 0.002247908494) (0.00121632107 0.04228955653 -0.03828838398) (0.00115626515 0.01354056876 0.01759141669) (0.0002374522605 0.001184512473 0.00994110174) (-0.001585273128 0.003991389043 0.003391610934) (-0.0005673733528 0.001747670334 0.00259235407) (0.003576344071 0.029270036 -0.003263579983) (0.003429357675 0.002059226023 0.002595738639) (0.003815127007 0.04192026241 -0.03760307676) (0.002717695984 0.01318521266 0.01596806948) (0.001204637672 -0.001566203321 -0.004361008152) (0.0006266751328 0.003677403519 0.008269954432) (0.0005666726602 0.001629576783 0.003942609369) (1.075064397e-06 0.0004564765366 -8.689842778e-05)
0.0006892992      (-0.003724513934 0.03026650746 -0.003273996124) (-0.003596309995 0.002091203038 0.002839156633) (-0.003968511121 0.04332502219 -0.03883862888) (-0.002801674077 0.01362634091 0.01651647101) (-0.001279961421 -0.001659567454 -0.00473637239) (-0.0006676212603 0.00376416199 0.008524640526) (-0.0005971998678 0.001667113474 0.00405841836) (0.001224890727 0.02966348637 -0.003765116368) (0.001346428196 0.001977556473 0.002332101579) (0.001261756944 0.04387483707 -0.03972405485) (0.001199640784 0.01404450289 0.01825243011) (0.0002474791075 0.001226580644 0.01031804334) (-0.001644813427 0.00414389455 0.003519447401) (-0.0005887284797 0.001814080185 0.002690323353) (0.003710341613 0.03037234801 -0.003391573995) (0.003557448092 0.002137300565 0.002692565576) (0.003958101436 0.04350084548 -0.03902594863) (0.002819431029 0.01367317782 0.01657152234) (0.001250079714 -0.001618159604 -0.004508906225) (0.0006503480531 0.003818724466 0.008583359924) (0.0005880872031 0.001691649201 0.00409165958) (1.116689848e-06 0.0004735952695 -9.014370271e-05)
0.0007142992      (-0.003859018979 0.03136466221 -0.003397426087) (-0.003725830625 0.002167483666 0.002941519605) (-0.00411193406 0.0448982325 -0.0402538598) (-0.002902734277 0.01411220334 0.01711749371) (-0.001326489973 -0.00171251843 -0.004891519543) (-0.0006919034222 0.003903602368 0.008835865204) (-0.0006189332762 0.001728304059 0.004206221762) (0.001268851943 0.03073997728 -0.00390732238) (0.001394776836 0.002048940133 0.002416286071) (0.001307178598 0.04546092931 -0.04116074727) (0.001243015119 0.01454806976 0.01891292977) (0.0002575682616 0.001268572067 0.01069518438) (-0.001704325951 0.004296525198 0.003647280293) (-0.0006100741202 0.00188052465 0.002788308157) (0.003844304756 0.03147478779 -0.003519573514) (0.003685485222 0.002215374197 0.002789363603) (0.004101044683 0.04508117759 -0.04044855165) (0.002921133691 0.01416089929 0.01717472409) (0.001295533944 -0.001669724519 -0.004655728123) (0.0006740262809 0.003960219276 0.008896823335) (0.0006095069226 0.001753761203 0.004240720928) (1.159267146e-06 0.0004907129448 -9.33842918e-05)
0.0007392992      (-0.003993486749 0.03246300866 -0.003520931011) (-0.003855304365 0.002243772502 0.003043856593) (-0.004255346146 0.04647155274 -0.04166885453) (-0.003003748068 0.01459786581 0.01771827768) (-0.001373026928 -0.00176506961 -0.005045607884) (-0.0007161911357 0.004043215681 0.009147157894) (-0.0006406723224 0.001789536104 0.004354040372) (0.001312788132 0.03181672408 -0.00404976481) (0.001443098389 0.002120303982 0.002500461577) (0.001352564102 0.04704773841 -0.04259849361) (0.001286373803 0.01505129859 0.01957293863) (0.0002677319324 0.001310519549 0.01107254389) (-0.001763810015 0.004449284635 0.003775110987) (-0.0006314096664 0.001947006161 0.002886309838) (0.003978231371 0.03257743319 -0.003647654812) (0.003813467866 0.00229345534 0.00288613218) (0.004243939845 0.04666169825 -0.04187096549) (0.003022790919 0.0146484286 0.01777769969) (0.001340995823 -0.001720875852 -0.004801445714) (0.0006977107134 0.004101886662 0.009210342239) (0.0006309327934 0.001815914191 0.004389792981) (1.200781569e-06 0.0005078256579 -9.662654364e-05)
0.0007642992      (-0.00412791283 0.03356144844 -0.0036445422) (-0.003984725869 0.002320058717 0.003146171125) (-0.004398707912 0.04804518573 -0.04308367238) (-0.003104712863 0.01508319457 0.01831869967) (-0.001419562019 -0.001817226027 -0.005198651729) (-0.0007404797129 0.004182971738 0.009458478556) (-0.0006624140872 0.001850798403 0.00450185895) (0.001356715602 0.03289366691 -0.004192428524) (0.001491400363 0.00219164063 0.002584626677) (0.001397955382 0.04863504595 -0.04403701381) (0.001329731734 0.01555414557 0.02023240812) (0.0002779711363 0.001352421091 0.01145006713) (-0.001823268144 0.004602153944 0.003902929742) (-0.000652736679 0.002013516049 0.002984322913) (0.004112115959 0.03368019606 -0.003775859023) (0.003941392262 0.002371539833 0.00298286154) (0.004386816555 0.04824250673 -0.043293204) (0.003124394655 0.01513561908 0.01838030364) (0.001386464906 -0.001771652098 -0.004946174267) (0.0007213985793 0.004243702627 0.009523907068) (0.0006523624888 0.001878099817 0.004538871854) (1.243632329e-06 0.000524937478 -9.986323103e-05)
0.0007892992      (-0.004262304825 0.03466010827 -0.003768303306) (-0.004114103151 0.002396357509 0.003248450119) (-0.004542060213 0.04961940026 -0.04449839757) (-0.003205613739 0.01556820437 0.01891872865) (-0.001466102213 -0.001868993768 -0.005350672061) (-0.0007647738093 0.0043228854 0.009769857969) (-0.0006841613427 0.00191210009 0.004649690801) (0.001400617053 0.03397091774 -0.004335251295) (0.001539675269 0.002262966655 0.002668775386) (0.001443325706 0.05022311151 -0.0454763683) (0.001373072053 0.01605670648 0.02089145857) (0.0002882782998 0.00139431002 0.01182780592) (-0.001882698989 0.004755149597 0.004030747745) (-0.0006740541105 0.002080061914 0.003082352376) (0.004245961169 0.03478320509 -0.003904203384) (0.004069262105 0.002449635373 0.003079568294) (0.004529637995 0.04982399552 -0.04471543435) (0.003225937024 0.01562250097 0.01898252179) (0.00143193893 -0.001822022348 -0.005089801239) (0.0007450916068 0.00438567768 0.009837520461) (0.0006737977505 0.001940325127 0.004687960866) (1.28512775e-06 0.0005420440831 -0.0001031023788)
0.0008142992      (-0.004396651577 0.03575881275 -0.003892191177) (-0.004243420427 0.002472648304 0.003350711929) (-0.004685382929 0.05119438658 -0.04591296011) (-0.003306455494 0.01605284876 0.01951816047) (-0.001512645923 -0.001920396546 -0.005501716236) (-0.00078906819 0.004462934101 0.01008126388) (-0.0007059103444 0.001973431797 0.004797520959) (0.001444477607 0.03504830127 -0.004478151441) (0.001587924697 0.002334255114 0.002752937254) (0.00148866206 0.05181155173 -0.04691632381) (0.001416409319 0.0165589647 0.0215500308) (0.0002986410936 0.001436166834 0.01220567669) (-0.001942103652 0.004908250836 0.004158553142) (-0.0006953626695 0.002146634248 0.003180389162) (0.004379762286 0.03588630636 -0.004032689217) (0.004197072318 0.002527729772 0.003176246532) (0.004672461276 0.05140624545 -0.04613751844) (0.003327417968 0.01610903655 0.01958414876) (0.001477413975 -0.001872038529 -0.00523248241) (0.0007687856169 0.004527794346 0.01015117459) (0.0006952351255 0.002002583276 0.004837054043) (1.32819069e-06 0.0005591496619 -0.0001063355926)
0.0008392992      (-0.004530980618 0.0368577963 -0.0040162617) (-0.004372704787 0.002548952243 0.003452954203) (-0.004828680316 0.05277024274 -0.04732756192) (-0.003407250745 0.0165372494 0.02011706532) (-0.001559196687 -0.001971432189 -0.005651771582) (-0.0008133700114 0.004603144449 0.01039274593) (-0.0007276653433 0.00203480716 0.004945373879) (0.001488321347 0.0361259521 -0.00462107027) (0.001636165357 0.002405515306 0.002837130917) (0.001533990883 0.05340064325 -0.04835722987) (0.001459734743 0.01706103232 0.02220822345) (0.0003090662094 0.001478019151 0.01258376359) (-0.002001485318 0.00506148225 0.004286362384) (-0.0007166629027 0.002213244767 0.003278445403) (0.00451354247 0.03698968155 -0.004161355708) (0.004324849853 0.002605835115 0.003272909177) (0.004815220723 0.05298943226 -0.04755970424) (0.003428854791 0.01659532792 0.02018525996) (0.001522895015 -0.001921670762 -0.005374131476) (0.000792484077 0.004670069258 0.01046488671) (0.000716677786 0.002064883226 0.004986163029) (1.369711483e-06 0.000576250739 -0.0001095717237)
0.0008642992      (-0.004665274156 0.03795683087 -0.004140467561) (-0.004501937597 0.002625249635 0.003555171572) (-0.004971950258 0.05434666878 -0.04874236312) (-0.003507995308 0.01702133064 0.02071534637) (-0.001605739777 -0.002022095101 -0.005800822335) (-0.0008376691345 0.004743479729 0.01070423883) (-0.0007494200916 0.002096209986 0.005093220011) (0.001532146338 0.03720366004 -0.004763990733) (0.001684393326 0.00247673888 0.002921337071) (0.00157931634 0.05499007997 -0.0497987651) (0.001503058066 0.01756280731 0.02286589996) (0.0003195521656 0.001519839939 0.01296197308) (-0.00206083947 0.005214810294 0.004414154496) (-0.0007379541896 0.002279879051 0.003376505595) (0.004647274392 0.03809314799 -0.004290178367) (0.004452571641 0.002683939323 0.003369540944) (0.004957974617 0.05457316052 -0.04898216479) (0.00353023969 0.01708132808 0.02078575666) (0.001568369534 -0.001970947194 -0.00551481976) (0.0008161796705 0.004812474868 0.0107786248) (0.0007381205765 0.002127212867 0.005135271343) (1.412951576e-06 0.0005933502758 -0.0001128020434)
0.0008892992      (-0.00479955233 0.03905627149 -0.00426485748) (-0.004631143296 0.002701575403 0.003657367038) (-0.005115205624 0.05592371139 -0.05015783064) (-0.003608705658 0.01750535313 0.02131316792) (-0.00165228986 -0.002072368463 -0.005948800594) (-0.0008619769132 0.004883969199 0.01101578791) (-0.0007711822899 0.002157654731 0.005241084976) (0.001575959458 0.0382817428 -0.004907088064) (0.001732625336 0.002547953902 0.003005559577) (0.001624628139 0.05658007925 -0.05124131866) (0.001546370991 0.01806436025 0.02352330184) (0.0003301214703 0.001561667135 0.01334043567) (-0.002120167838 0.005368270584 0.00454195685) (-0.0007592353029 0.002346553041 0.003474588945) (0.004780994286 0.03919698682 -0.004419198027) (0.004580272176 0.002762070046 0.003466143892) (0.005100697764 0.05615747677 -0.05040529908) (0.003631592348 0.01756725418 0.0213857945) (0.001613840014 -0.00201982231 -0.005654403248) (0.0008398837826 0.00495503177 0.01109240586) (0.0007595711107 0.00218958302 0.005284393334) (1.454582356e-06 0.0006104464702 -0.0001160351933)
0.0009142992      (-0.004933782652 0.04015574032 -0.004389379038) (-0.004760284576 0.002777901814 0.003759518663) (-0.005258429895 0.0575011044 -0.05157372066) (-0.003709350958 0.01798910179 0.02191038302) (-0.001698839193 -0.002122264633 -0.006095746148) (-0.0008862806719 0.005024560238 0.01132730453) (-0.0007929434089 0.002219118568 0.005388925509) (0.00161974085 0.03935987596 -0.005050346434) (0.001780841329 0.002619143278 0.00308978288) (0.001669922029 0.05817007046 -0.05268433588) (0.001589675354 0.01856548441 0.02418027936) (0.0003407544776 0.001603457444 0.01371899658) (-0.002179467485 0.005521816033 0.004669735346) (-0.0007805068771 0.002413246292 0.003572670835) (0.004914667344 0.0403008919 -0.004548375877) (0.004707912837 0.002840206601 0.003562697305) (0.005243401112 0.0577421912 -0.05182890158) (0.003732878704 0.01805292043 0.02198523272) (0.001659304316 -0.002068349209 -0.005793016186) (0.0008635863737 0.005097700794 0.01140618853) (0.0007810215935 0.002251976473 0.005433504584) (1.498031688e-06 0.0006275397219 -0.0001192628948)
0.0009392992      (-0.005068006788 0.04125567662 -0.004514095114) (-0.004889406307 0.002854269618 0.003861639585) (-0.005401653995 0.05907916593 -0.05299042737) (-0.003809950892 0.01847275199 0.02250723005) (-0.001745403973 -0.002171775359 -0.006241577125) (-0.0009105971772 0.005165299776 0.0116388763) (-0.0008147139921 0.002280624911 0.005536786271) (0.001663504725 0.04043844216 -0.005193813108) (0.001829051192 0.002690348463 0.003174011953) (0.00171521315 0.05976074184 -0.0541283157) (0.001632968075 0.01906635072 0.02483709085) (0.0003514783673 0.001645267946 0.01409785458) (-0.00223873617 0.005675498472 0.00479752739) (-0.0008017652025 0.002479981316 0.003670778329) (0.00504833072 0.04140525721 -0.004677754696) (0.004835535656 0.002918383526 0.003659216461) (0.0053861007 0.05932753214 -0.05325331893) (0.003834117445 0.01853847802 0.02258430655) (0.001704773158 -0.002116463102 -0.005930451187) (0.0008872987183 0.005240512771 0.01172000291) (0.0008024809354 0.002314409361 0.005582627295) (1.539653936e-06 0.0006446306771 -0.0001224930648)
0.0009642992      (-0.005202176749 0.04235560447 -0.004638942957) (-0.00501845818 0.002930643567 0.003963707457) (-0.00554483242 0.06065757374 -0.05440759428) (-0.003910478067 0.01895600854 0.02310357215) (-0.001791963883 -0.002220933604 -0.006386413147) (-0.0009349067748 0.005306132167 0.01195041417) (-0.0008364816412 0.002342147501 0.00568462158) (0.001707243241 0.0415170376 -0.005337484543) (0.001877236225 0.002761536613 0.003258231437) (0.0017604858 0.06135129815 -0.05557268684) (0.001676250498 0.01956675191 0.02549349083) (0.00036225933 0.001687036786 0.01447679416) (-0.002297974942 0.005829258159 0.004925290417) (-0.0008230136041 0.002546732581 0.003768879999) (0.005181942055 0.04250965591 -0.004807299108) (0.004963096589 0.002996574212 0.003755665689) (0.00552875334 0.06091325797 -0.05467825419) (0.003935282688 0.01902364586 0.02318290093) (0.001750233939 -0.002164244486 -0.006066923237) (0.0009110068216 0.005383427317 0.01203380725) (0.0008239385566 0.002376862963 0.005731734377) (1.583222995e-06 0.0006617173144 -0.0001257186077)
0.0009892992      (-0.00533634309 0.04345605776 -0.004763992236) (-0.005147494074 0.003007068009 0.004065748267) (-0.005688018332 0.06223674623 -0.05582567197) (-0.004010962525 0.01943906619 0.02369977236) (-0.001838535312 -0.002269714064 -0.006530136496) (-0.000959229316 0.00544712 0.01226202157) (-0.0008582592357 0.002403715539 0.005832485094) (0.001750958253 0.04259613034 -0.005481421188) (0.001925395754 0.002832748281 0.003342458217) (0.001805748919 0.06294243983 -0.05701813735) (0.001719523591 0.02006698882 0.0261498083) (0.0003731332649 0.001728830074 0.01485605313) (-0.002357186113 0.005983159029 0.005053073977) (-0.0008442495725 0.00261352771 0.003867012041) (0.005315544234 0.04361458976 -0.004937050214) (0.005090643144 0.003074814468 0.00385208284) (0.005671417334 0.06249974987 -0.05610410658) (0.004036408102 0.01950860983 0.02378136929) (0.001795702289 -0.002211637511 -0.00620224935) (0.0009347249688 0.005526491413 0.01234765882) (0.000845405718 0.002439359338 0.005880860946) (1.624906835e-06 0.0006788033933 -0.0001289457629)
0.0010142992      (-0.005470438548 0.04455645661 -0.004889169912) (-0.005276449423 0.00308349794 0.004167731703) (-0.005831155794 0.06381621555 -0.05724419118) (-0.004111359986 0.01992162822 0.02429554902) (-0.001885096378 -0.002318166381 -0.006672917713) (-0.0009835452128 0.005588197541 0.01257359455) (-0.000880033169 0.002465298768 0.005980321591) (0.001794664665 0.04367517551 -0.005625526312) (0.001973527038 0.002903951662 0.003426653022) (0.001851010676 0.06453347419 -0.05846397705) (0.001762787164 0.02056691221 0.02680579839) (0.000384058365 0.001770569977 0.0152353557) (-0.002416368911 0.006137125719 0.005180822072) (-0.0008654763192 0.002680334954 0.003965132731) (0.005449086685 0.04471950512 -0.00506696664) (0.005218124042 0.003153069227 0.0039484121) (0.005814029751 0.06408659066 -0.05753045) (0.004137447401 0.01999308883 0.02437941636) (0.001841157551 -0.002258722218 -0.006336671636) (0.0009584365938 0.005669650755 0.01266149334) (0.0008668694323 0.002501873163 0.006029967065) (1.668708237e-06 0.0006958835752 -0.0001321692784)
0.0010392992      (-0.005604536543 0.04565742998 -0.005014563221) (-0.005405396299 0.003159987554 0.004269685347) (-0.005974299536 0.06539650729 -0.05866370562) (-0.00421172867 0.02040399107 0.02489122949) (-0.001931664518 -0.002366253858 -0.006814606736) (-0.001007872408 0.005729432342 0.01288523742) (-0.0009018170503 0.002526927842 0.006128188388) (0.001838350135 0.04475475355 -0.005769873278) (0.002021622416 0.002975189113 0.003510845739) (0.001896251964 0.06612518844 -0.05991106526) (0.001806044 0.02106679819 0.02746186215) (0.000395071196 0.001812339767 0.01561498414) (-0.002475528559 0.006291236924 0.00530859602) (-0.0008866923813 0.002747188233 0.004063287572) (0.005582621779 0.04582500178 -0.005197094437) (0.005345591003 0.003231380755 0.00404470735) (0.005956654479 0.06567426094 -0.05895778178) (0.00423845478 0.02047737336 0.02497738595) (0.001886621316 -0.002305428984 -0.006469955059) (0.0009821593628 0.005812966025 0.01297538486) (0.0008883433824 0.002564431968 0.006179099018) (1.710390457e-06 0.0007129646519 -0.0001353935683)
0.0010642992      (-0.005738566819 0.04675833305 -0.005140116578) (-0.005534263951 0.003236492403 0.004371574468) (-0.006117378331 0.06697697761 -0.06008376774) (-0.004312021542 0.02088592488 0.02548654933) (-0.001978231259 -0.002414007137 -0.006955352573) (-0.001032193749 0.005870753677 0.01319683793) (-0.0009235972735 0.00258857092 0.006276024895) (0.001882042747 0.04583430617 -0.005914399306) (0.002069696016 0.003046418788 0.003595003484) (0.001941496433 0.0677166308 -0.06135861983) (0.001849293009 0.02156634295 0.02811764752) (0.000406138541 0.001854061931 0.01599464443) (-0.002534660681 0.006445410937 0.005436333283) (-0.0009078993979 0.002814052793 0.004161429446) (0.005716103087 0.04693044013 -0.005327428904) (0.005472995331 0.00330971847 0.004140888059) (0.006099221754 0.06726211106 -0.06038570206) (0.004339391391 0.02096124672 0.02557500831) (0.001932068764 -0.002351828156 -0.006602317693) (0.001005876201 0.00595637558 0.01328925165) (0.0009098136342 0.002627007776 0.006328207794) (1.75442424e-06 0.000730038932 -0.0001386154018)
0.0010892992      (-0.00587260603 0.04785978115 -0.005265923102) (-0.005663126537 0.003313065751 0.004473432478) (-0.006260480803 0.06855802408 -0.06150495665) (-0.004412301006 0.02136780418 0.02608196355) (-0.002024816672 -0.00246138287 -0.007094963396) (-0.001056526093 0.006012235627 0.01350850901) (-0.0009453878493 0.002650260919 0.006423892685) (0.001925698516 0.04691438792 -0.00605913901) (0.00211772194 0.003117687306 0.003679150776) (0.001986718467 0.06930880433 -0.06280738566) (0.001892532244 0.02206580416 0.02877352304) (0.0004172701293 0.001895830202 0.01637464991) (-0.00259377348 0.006599732106 0.005564100163) (-0.0009290979385 0.002880964953 0.004259607714) (0.005849572611 0.04803645239 -0.005457999623) (0.00560037708 0.003388120156 0.004237040892) (0.006241808448 0.0688505644 -0.06181478062) (0.004440314344 0.02144507362 0.02617275505) (0.001977526288 -0.002397847861 -0.006733502865) (0.001029603037 0.006099948862 0.01360318162) (0.0009312939063 0.002689631318 0.00647734683) (1.796158297e-06 0.0007471149787 -0.0001418371982)
0.0011142992      (-0.006006576423 0.04896118874 -0.005391886859) (-0.005791907777 0.003389663067 0.004575226739) (-0.006403527062 0.07013918583 -0.062926854) (-0.004512525352 0.02184934642 0.0266771927) (-0.002071387192 -0.002508423586 -0.007233567173) (-0.001080854086 0.006153808634 0.01382013242) (-0.0009671752362 0.002711966724 0.006571730692) (0.001969359502 0.04799444712 -0.006204032824) (0.002165733871 0.003188959041 0.003763235269) (0.00203194214 0.07090081555 -0.06425658876) (0.001935765122 0.02256490504 0.0294291646) (0.0004284514591 0.001937559245 0.01675472452) (-0.002652855618 0.006754121135 0.005691833471) (-0.0009502854463 0.002947890303 0.004357774732) (0.005982997085 0.04914241691 -0.005588764403) (0.005727694029 0.003466556217 0.004333074738) (0.006384342999 0.0704391357 -0.0632445894) (0.004541182029 0.02192855738 0.02677030599) (0.002022982809 -0.002443536325 -0.006863670569) (0.001053327321 0.006243617401 0.01391707102) (0.0009527722468 0.002752272355 0.006626458689) (1.840238021e-06 0.0007641840042 -0.0001450571526)
0.0011392992      (-0.006140554062 0.05006312522 -0.005518087708) (-0.005920682042 0.003466335243 0.004676982601) (-0.006546583055 0.07172082997 -0.0643499219) (-0.004612738946 0.0223307868 0.02727253623) (-0.002117970918 -0.002555087209 -0.007370984305) (-0.001105191923 0.006295529347 0.01413178595) (-0.0009889718367 0.002773714751 0.006719584962) (0.002012970335 0.04907500969 -0.006349146345) (0.002213698984 0.003260274849 0.003847298497) (0.002077134196 0.07249334952 -0.06570698119) (0.001978987528 0.02306389615 0.03008496414) (0.0004397204748 0.001979326446 0.01713509918) (-0.002711915214 0.006908648089 0.005819590343) (-0.000971462763 0.003014859097 0.004455973386) (0.006116401454 0.0502489394 -0.005719735932) (0.005854979387 0.003545062936 0.004429069895) (0.006526879303 0.07202822159 -0.06467557384) (0.004642037294 0.02241194032 0.02736799327) (0.002068454289 -0.002488868706 -0.006992712729) (0.001077061833 0.006387437006 0.01423100534) (0.0009742600416 0.002814956181 0.006775592523) (1.882000804e-06 0.0007812544964 -0.0001482764103)
0.0011642992      (-0.00627447735 0.0511651201 -0.005644463838) (-0.006049388701 0.003543045348 0.004778677661) (-0.006689594096 0.07330272381 -0.06577381325) (-0.004712898007 0.0228118897 0.02786774804) (-0.002164547576 -0.002601420101 -0.007507371124) (-0.00112953024 0.006437343227 0.01444338871) (-0.001010768057 0.002835480211 0.006867410455) (0.002056597746 0.05015561409 -0.006494415332) (0.002261671011 0.003331611426 0.003931296615) (0.002122344238 0.07408581361 -0.06715788611) (0.002022210458 0.02356262571 0.03074067275) (0.0004510581828 0.002021071952 0.0175155861) (-0.002770938747 0.007063252027 0.005947321323) (-0.000992625462 0.003081844984 0.004554165586) (0.006249772906 0.0513554891 -0.005850914342) (0.00598221246 0.003623620771 0.004524933078) (0.00666937298 0.07361753385 -0.0661073768) (0.004742839552 0.02289497423 0.02796552208) (0.002113941025 -0.002533856416 -0.007120678401) (0.001100800329 0.006531351811 0.01454488653) (0.0009957494961 0.002877658513 0.006924696315) (1.926258036e-06 0.0007983189258 -0.0001514942309)
0.0011892992      (-0.006408404789 0.0522675645 -0.005771074662) (-0.00617808503 0.003619834642 0.004880322814) (-0.00683260984 0.07488498835 -0.06719874764) (-0.004813046111 0.02329283421 0.02846304914) (-0.002211144137 -0.002647434643 -0.007642740826) (-0.001153879278 0.006579294745 0.01475503533) (-0.001032573335 0.002897283406 0.007015253265) (0.002100169486 0.05123662731 -0.006639853073) (0.002309595021 0.00340300062 0.004015263801) (0.002167519119 0.07567883043 -0.06860982431) (0.002065421926 0.02406124543 0.03139653682) (0.0004624826366 0.002062840512 0.01789632986) (-0.002829942558 0.007217979827 0.006075067697) (-0.001013779704 0.003148868944 0.004652383506) (0.006383112469 0.0524625292 -0.005982287155) (0.006109403501 0.003702253082 0.00462075605) (0.006811861258 0.07520726298 -0.06754025524) (0.004843626147 0.02337786618 0.02856317951) (0.002159443836 -0.002578546384 -0.007247673638) (0.001124543228 0.006675406654 0.01485882213) (0.001017245462 0.002940399108 0.007073821948) (1.968050409e-06 0.0008153837513 -0.0001547110342)
0.0012142992      (-0.006542284927 0.05337013793 -0.005897871717) (-0.006306727694 0.003696679206 0.004981905789) (-0.00697559187 0.07646760042 -0.06862458503) (-0.004913147646 0.02377346133 0.0290583237) (-0.002257738722 -0.002693161909 -0.007777196933) (-0.001178229295 0.006721349307 0.01506667955) (-0.001054379402 0.0029591088 0.007163086853) (0.002143754516 0.05231777666 -0.006785472701) (0.002357523833 0.003474426888 0.004099170163) (0.002212704062 0.07727179973 -0.07006241151) (0.002108636047 0.02455959626 0.03205235563) (0.0004739687129 0.002104602871 0.01827719725) (-0.002888919561 0.007372791821 0.00620279686) (-0.001034923361 0.003215914019 0.004750601811) (0.006516427402 0.05356968217 -0.006113878162) (0.006236550705 0.003780954862 0.004716449133) (0.006954316506 0.07679734467 -0.06897405432) (0.004944366814 0.02386043691 0.02916079546) (0.00220495514 -0.002622925448 -0.007373682023) (0.001148289789 0.006819566663 0.01517274577) (0.00103874384 0.003003162779 0.007222934913) (2.012435772e-06 0.0008324432867 -0.0001579271615)
0.0012392992      (-0.006676157914 0.05447309446 -0.006024892423) (-0.006435360642 0.003773608576 0.005083423299) (-0.007118567804 0.07805046575 -0.07005137363) (-0.005013221898 0.02425392029 0.02965371985) (-0.00230434663 -0.00273859469 -0.007910720915) (-0.001202586938 0.006863534582 0.0153783699) (-0.001076192486 0.003020968634 0.007310936025) (0.002187282841 0.05339929443 -0.006931277205) (0.002405400582 0.003545906268 0.004183042547) (0.002257848209 0.07886513687 -0.0715159614) (0.002151832932 0.02505779777 0.03270834998) (0.000485527269 0.002146371383 0.01865826111) (-0.00294788306 0.007527717176 0.006330536144) (-0.001056061863 0.003282993378 0.004848842139) (0.006649703755 0.05467727264 -0.00624565744) (0.00636365017 0.003859737915 0.004812088478) (0.007096765289 0.07838775349 -0.07040885135) (0.005045082713 0.02434286745 0.02975857994) (0.00225048048 -0.002667038217 -0.007498844689) (0.001172041153 0.006963861026 0.0154867348) (0.001060248467 0.003065961687 0.007372071167) (2.05430758e-06 0.0008495024344 -0.0001611417959)
0.0012642992      (-0.006809995799 0.05557629525 -0.006152105237) (-0.006563959574 0.003850611008 0.005184875642) (-0.007261526092 0.07963382252 -0.07147918931) (-0.005113263009 0.02473416116 0.03024918331) (-0.002350949328 -0.002783726933 -0.008043308853) (-0.001226948521 0.007005832236 0.0156900733) (-0.001098008475 0.003082854795 0.007458784281) (0.002230837317 0.05448101255 -0.007077241294) (0.002453292983 0.003617437478 0.004266843136) (0.00230299593 0.08045870284 -0.0729702396) (0.00219503632 0.02555577669 0.03336442669) (0.0004971524409 0.002188143937 0.01903948093) (-0.003006818608 0.007682734898 0.006458265236) (-0.001077188786 0.003350097887 0.00494708798) (0.006782966412 0.05578505374 -0.006377672054) (0.006490717047 0.003938607907 0.004907585227) (0.007239189075 0.0799786091 -0.07184465638) (0.005145768934 0.02482505893 0.03035640571) (0.002296009632 -0.00271082554 -0.007622991185) (0.001195798854 0.007108266374 0.01580071835) (0.001081757256 0.003128786567 0.007521199204) (2.098724505e-06 0.0008665571841 -0.0001643563936)
0.0012892992      (-0.006943814266 0.05667979283 -0.006279532279) (-0.006692538807 0.00392769676 0.005286236047) (-0.007404460067 0.0812173005 -0.07290784551) (-0.005213278727 0.02521419576 0.03084472701) (-0.00239756469 -0.002828580935 -0.00817502965) (-0.001251315963 0.007148248979 0.0160018116) (-0.001119829817 0.003144770712 0.007606641846) (0.002274328877 0.05556302736 -0.007223373984) (0.002501130013 0.003689028848 0.004350609367) (0.002348096749 0.08205249495 -0.07442535927) (0.002238220798 0.02605356271 0.03402066198) (0.0005088380585 0.002229928679 0.01942083355) (-0.003065742064 0.007837852105 0.006585996076) (-0.001098311838 0.003417230806 0.005045349043) (0.006916179281 0.0568931994 -0.006509873157) (0.00661772299 0.004017557357 0.0050030194) (0.007381594059 0.08156967106 -0.07328135796) (0.005246429966 0.02530706628 0.03095436014) (0.002341550297 -0.002754357793 -0.007746315771) (0.00121955837 0.007252795679 0.01611475424) (0.00110326963 0.003191642323 0.00767034431) (2.140717664e-06 0.0008836105172 -0.0001675687554)
0.0013142992      (-0.007077600689 0.05778362414 -0.006407167574) (-0.006821086524 0.004004865667 0.005387513169) (-0.007547375706 0.08280136601 -0.07433760263) (-0.005313268155 0.02569403104 0.03144041979) (-0.002444169599 -0.002873140542 -0.008305808743) (-0.001275687096 0.007290785442 0.01631357471) (-0.001141654329 0.003206716749 0.007754505595) (0.002317845213 0.05664535115 -0.007369709548) (0.002548988979 0.003760698375 0.004434295318) (0.002393214526 0.08364652171 -0.075881337) (0.002281420049 0.02655120495 0.03467707746) (0.000520585963 0.002271732802 0.01980235684) (-0.003124643646 0.007993067808 0.006713724541) (-0.001119425533 0.00348439185 0.005143620988) (0.007049381906 0.05800161516 -0.006642335594) (0.006744701382 0.004096601159 0.005098311908) (0.007523973588 0.08316125758 -0.07471913611) (0.005347064027 0.02578885449 0.03155243766) (0.00238708603 -0.002797579691 -0.007868638258) (0.001243325504 0.007397444273 0.01642880245) (0.001124786929 0.003254528351 0.007819490367) (2.185103022e-06 0.0009006602052 -0.0001707818995)
0.0013392992      (-0.007211342815 0.05888767257 -0.006534986209) (-0.006949591863 0.004082115232 0.005488684003) (-0.007690228103 0.08438548738 -0.0757681256) (-0.005413236099 0.02617362838 0.03203624649) (-0.002490783103 -0.002917493759 -0.008435844977) (-0.001300061834 0.007433433913 0.01662534718) (-0.001163482615 0.003268688829 0.007902368751) (0.002361298099 0.05772792084 -0.007516198396) (0.002596792654 0.003832448126 0.004517925036) (0.002438290608 0.08524083162 -0.07733805282) (0.002324599389 0.02704864247 0.03533367659) (0.0005323919317 0.00231354694 0.02018402033) (-0.003183528707 0.008148374418 0.006841447992) (-0.001140533635 0.003551577905 0.005241903167) (0.007182513765 0.05911031096 -0.006774963879) (0.006871610987 0.00417572033 0.005193535574) (0.007666294249 0.08475297261 -0.07615773) (0.005447678109 0.02627042527 0.0321506945) (0.002432632793 -0.002840613623 -0.007990254848) (0.001267091866 0.007542210936 0.01674287797) (0.00114630661 0.003317442676 0.007968643737) (2.227414827e-06 0.0009177082476 -0.0001739920651)
0.0013642992      (-0.007345062794 0.05999206417 -0.006662994821) (-0.007078063724 0.004159458367 0.005589757891) (-0.00783308202 0.08597025244 -0.07719975005) (-0.005513194277 0.02665303291 0.03263229022) (-0.002537403627 -0.002961528774 -0.008564876807) (-0.001324442591 0.007576207149 0.01693715171) (-0.001185315945 0.003330693446 0.008050242645) (0.002404782296 0.05881085578 -0.007662872651) (0.002644623383 0.003904294119 0.004601479957) (0.002483389028 0.08683552401 -0.0787956621) (0.002367784447 0.02754587784 0.03599048306) (0.0005442605144 0.002355392271 0.0205658704) (-0.003242395097 0.008303785075 0.006969174025) (-0.001161633934 0.003618794891 0.005340200062) (0.007315647049 0.06021931376 -0.006907830081) (0.006998503032 0.004254942568 0.00528861861) (0.007808599107 0.08634529394 -0.07759742271) (0.005548280714 0.02675178522 0.0327491404) (0.002478175534 -0.002883323695 -0.008110845048) (0.0012908662 0.007687100787 0.01705697563) (0.001167831767 0.003380389226 0.008117803751) (2.271733581e-06 0.0009347529545 -0.0001772037151)
0.0013892992      (-0.007478743592 0.06109668118 -0.00679119398) (-0.007206482955 0.004236896119 0.005690709283) (-0.007975901336 0.08755501284 -0.07863217128) (-0.005613126924 0.02713213026 0.03322843661) (-0.002584021945 -0.003005260049 -0.008692990312) (-0.001348823893 0.007719079657 0.0172489592) (-0.001207150634 0.003392719654 0.008198110827) (0.002448206011 0.05989401347 -0.007809708139) (0.00269239933 0.003976217277 0.004684986894) (0.002528451298 0.0884302737 -0.08025396361) (0.002410948551 0.02804281771 0.03664742072) (0.0005561846242 0.002397246042 0.02094783665) (-0.00330124328 0.008459278138 0.007096888511) (-0.001182728337 0.003686033476 0.005438502756) (0.0074487188 0.06132861109 -0.007040865934) (0.00712532438 0.00433425316 0.005383624959) (0.007950899512 0.08793768246 -0.07903796275) (0.005648860554 0.02723285469 0.03334772479) (0.002523726199 -0.002925739898 -0.008230523703) (0.001314638685 0.007832097742 0.0173710943) (0.001189357972 0.003443359997 0.00826696615) (2.314273685e-06 0.0009517956317 -0.0001804117686)
0.0014142992      (-0.007612403248 0.06220171507 -0.006919604679) (-0.007334874013 0.004314452782 0.005791554641) (-0.008118711332 0.08914032901 -0.08006572703) (-0.005713038822 0.02761097455 0.03382477354) (-0.002630646249 -0.003048662059 -0.008820047535) (-0.001373212694 0.007862075569 0.01756080403) (-0.001228990866 0.003454778737 0.008345990784) (0.002491662292 0.06097756057 -0.007956740565) (0.002740204867 0.004048238962 0.004768417048) (0.002573539269 0.09002543361 -0.08171316605) (0.002454119382 0.02853951373 0.03730455945) (0.0005681736694 0.002439130452 0.02133000084) (-0.003360073887 0.008614877936 0.007224610117) (-0.001203814747 0.003753304624 0.005536822976) (0.007581790753 0.06243829956 -0.007174156035) (0.007252132727 0.004413689829 0.005478491628) (0.008093176983 0.08953060489 -0.08047963904) (0.005749417464 0.0277136529 0.03394647479) (0.002569279907 -0.002967825631 -0.00834915775) (0.001338422134 0.007977216744 0.01768524494) (0.001210891083 0.003506363691 0.008416137345) (2.358524626e-06 0.0009688350011 -0.0001836218216)
0.0014392992      (-0.007746021029 0.06330695685 -0.007048165046) (-0.007463210236 0.004392113004 0.005892294829) (-0.008261488156 0.09072572708 -0.08150012447) (-0.005812914533 0.02808943965 0.03442118376) (-0.002677267925 -0.003091801255 -0.008946261202) (-0.001397600627 0.008005169629 0.01787266336) (-0.001250831961 0.003516859004 0.008493868132) (0.002535050952 0.06206128157 -0.008103891817) (0.002787953653 0.00412034182 0.0048517833) (0.002618589048 0.09162070919 -0.08317297967) (0.002497269288 0.02903582118 0.037961775) (0.0005802169261 0.00248101847 0.02171226499) (-0.003418885337 0.008770554789 0.007352318213) (-0.001224894656 0.003820595536 0.005635146426) (0.007714799399 0.06354825548 -0.007307582858) (0.007378868734 0.004493226745 0.00557328262) (0.008235421742 0.09112367634 -0.08192220985) (0.00584993982 0.02819408556 0.03454533222) (0.002614850265 -0.003009642253 -0.008466912781) (0.001362203211 0.00812243832 0.0179994118) (0.001232425138 0.003569389889 0.008565307996) (2.401413763e-06 0.0009858720761 -0.0001868280366)
0.0014642992      (-0.007879636692 0.06441260528 -0.007176896396) (-0.007591528551 0.004469895743 0.005992941096) (-0.008404266632 0.09231168991 -0.08293566061) (-0.005912761395 0.02856762582 0.03501780743) (-0.002723894831 -0.003134629644 -0.009071441761) (-0.001421995496 0.008148390656 0.01818456376) (-0.001272678806 0.003578973473 0.00864176065) (0.0025784534 0.0631453959 -0.008251242834) (0.002835724802 0.00419255153 0.004935063318) (0.002663689937 0.0932162991 -0.08463369329) (0.002540430998 0.02953182491 0.03861917437) (0.0005923226245 0.002522937037 0.02209470247) (-0.00347768156 0.008926335788 0.007480032778) (-0.001245967976 0.003887918687 0.005733487068) (0.007847819123 0.06465859897 -0.007441217651) (0.00750559582 0.004572895063 0.005667939325) (0.00837766722 0.09271728487 -0.08336591448) (0.005950431702 0.02867423111 0.03514438946) (0.002660411113 -0.003051165602 -0.008583693208) (0.001385991162 0.008267784736 0.01831362072) (0.001253964122 0.003632449915 0.008714492824) (2.445670018e-06 0.001002906021 -0.0001900366254)
0.0014892992      (-0.008013223348 0.06551842114 -0.007305769457) (-0.007719795643 0.004547778822 0.006093494704) (-0.008547010011 0.09389772193 -0.08437199108) (-0.006012566786 0.02904542283 0.03561451838) (-0.002770511916 -0.003177203364 -0.009195783025) (-0.001446388984 0.008291704593 0.018496462) (-0.001294525898 0.00364110686 0.008789644152) (0.002621778308 0.06422961878 -0.00839874529) (0.002883434616 0.004264854264 0.005018258893) (0.002708806414 0.09481181478 -0.08609490108) (0.002583585853 0.03002740513 0.03927661983) (0.0006044686286 0.002564863134 0.02247722654) (-0.003536461044 0.009082190367 0.007607733141) (-0.001267036387 0.003955260007 0.005831829873) (0.007980785155 0.06576914566 -0.007574990944) (0.007632249155 0.004652665064 0.00576250125) (0.008519868774 0.09431100592 -0.08481045223) (0.006050882844 0.02915399603 0.03574356059) (0.002705974595 -0.003092426817 -0.008699589709) (0.001409775628 0.00841323528 0.01862784372) (0.001275503001 0.00369553275 0.008863676669) (2.48883231e-06 0.001019937579 -0.0001932412567)
0.0015142992      (-0.008146817471 0.06662461619 -0.00743483666) (-0.007848052449 0.004625783982 0.006193948527) (-0.008689752741 0.09548420528 -0.08580938816) (-0.006112348975 0.02952293135 0.03621145589) (-0.002817131898 -0.00321948313 -0.00931911741) (-0.001470790215 0.008435150723 0.01880840313) (-0.001316378825 0.003703274984 0.008937545112) (0.002665127845 0.0653142214 -0.008546425596) (0.002931165633 0.004337278037 0.005101365323) (0.00275396 0.09640775688 -0.08755694274) (0.002626749967 0.03052268798 0.03993425142) (0.0006166746132 0.002606823685 0.02285992549) (-0.003595227319 0.009238148297 0.007735441419) (-0.001288099511 0.004022633325 0.005930191055) (0.008113767721 0.06688006851 -0.007708965606) (0.007758903207 0.00473256135 0.00585694968) (0.008662074926 0.09590518069 -0.08625607137) (0.006151308133 0.02963347222 0.03634295918) (0.002751530986 -0.003133410839 -0.008814542934) (0.001433568332 0.008558814288 0.01894210776) (0.001297047664 0.003758649261 0.009012875788) (2.533042455e-06 0.001036966566 -0.0001964480639)
0.0015392992      (-0.008280359415 0.06773096903 -0.007564049867) (-0.007976245695 0.00470389419 0.006294294045) (-0.008832466672 0.09707080163 -0.0872475649) (-0.006212115593 0.03000006539 0.03680849094) (-0.002863735133 -0.003261536068 -0.009441668207) (-0.00149519017 0.008578692211 0.01912033716) (-0.001338231512 0.003765461366 0.009085436683) (0.00270844054 0.06639888547 -0.008694287022) (0.002978846926 0.004409809882 0.005184364576) (0.0027990358 0.09800359343 -0.08901936102) (0.002669888155 0.0310175345 0.04059193856) (0.0006289321206 0.002648795977 0.0232427292) (-0.003653969589 0.009394177597 0.007863133081) (-0.001309153683 0.004090024569 0.006028552328) (0.008246676781 0.06799115593 -0.00784305787) (0.007885485714 0.004812560363 0.005951302579) (0.008804246553 0.09749948103 -0.08770248077) (0.00625172166 0.03011258212 0.03694245697) (0.002797100674 -0.003174142716 -0.008928618192) (0.001457360043 0.008704493486 0.01925635487) (0.0013185937 0.003821785718 0.009162064282) (2.576392475e-06 0.001053992697 -0.0001996511853)
0.0015642992      (-0.008413894681 0.0688377396 -0.007693485393) (-0.008104415081 0.004782150277 0.00639448681) (-0.008975196005 0.09865785388 -0.08868685275) (-0.00631185658 0.03047697331 0.03740573873) (-0.002910348099 -0.003303297313 -0.009563204428) (-0.001519600013 0.008722364389 0.01943229197) (-0.001360091564 0.003827682973 0.009233339744) (0.002751796117 0.06748396882 -0.008842386087) (0.003026548355 0.004482486193 0.005267244597) (0.002844091698 0.09959979488 -0.09048265725) (0.002713025269 0.03151209214 0.04124988735) (0.0006412574576 0.002690809599 0.0236257542) (-0.003712693393 0.009550317081 0.007990838229) (-0.001330199598 0.00415745069 0.006126935767) (0.008379589948 0.06910266534 -0.007977378146) (0.008012056497 0.004892711129 0.006045485839) (0.008946438406 0.09909425636 -0.08915002908) (0.006352107257 0.03059146349 0.03754217153) (0.002842672343 -0.003214600886 -0.009041736408) (0.001481163233 0.008850302359 0.01957063311) (0.001340147509 0.003884957277 0.009311266514) (2.620578433e-06 0.001071016841 -0.0002028560752)
0.0015892992      (-0.008547380773 0.06994471734 -0.007823094974) (-0.008232518417 0.00486053151 0.006494528616) (-0.009117886769 0.1002450423 -0.09012695863) (-0.006411557833 0.03095346923 0.03800307693) (-0.002956962957 -0.003344806495 -0.009683931714) (-0.001544007791 0.008866131362 0.01974424081) (-0.001381951487 0.003889925041 0.009381233315) (0.00279509888 0.06856918611 -0.008990657554) (0.003074192631 0.004555288355 0.005349974259) (0.002889098879 0.1011959912 -0.09194645705) (0.002756142644 0.03200620053 0.04190792288) (0.0006536384648 0.002732831392 0.02400889137) (-0.003771391336 0.009706528974 0.00811852821) (-0.001351235936 0.004224895584 0.006225319655) (0.00851242956 0.0702143739 -0.008111869958) (0.008138552449 0.00497298795 0.00613951254) (0.00908858622 0.1006891659 -0.0905983993) (0.006452456129 0.03106992552 0.03814197613) (0.002888253115 -0.003254814469 -0.009153987616) (0.001504963206 0.00899620792 0.01988489794) (0.001361701686 0.003948149756 0.009460457481) (2.664180913e-06 0.00108803744 -0.0002060578855)
0.0016142992      (-0.00868086638 0.07105215236 -0.007952932053) (-0.008360608101 0.004939063884 0.006594402396) (-0.009260584669 0.1018327103 -0.09156818663) (-0.006511250315 0.03142964222 0.03860064053) (-0.003003589569 -0.003386026615 -0.009803690228) (-0.001568423952 0.009010029426 0.02005623421) (-0.00140381857 0.003952204155 0.009529146835) (0.002838430627 0.06965490368 -0.009139130488) (0.00312185256 0.004628245178 0.005432566593) (0.002934120146 0.1027927094 -0.09341126657) (0.002799263824 0.03250002014 0.042566236) (0.0006660800326 0.002774890922 0.02439222367) (-0.003830079918 0.009862852194 0.008246235631) (-0.001372268967 0.004292376896 0.006323728918) (0.008645275927 0.07132655335 -0.008246611602) (0.008265037146 0.005053422543 0.006233356021) (0.009230753947 0.1022845922 -0.09204793513) (0.006552793832 0.03154807492 0.03874202111) (0.002933833832 -0.003294761113 -0.009265319122) (0.00152877199 0.009142247629 0.0201992235) (0.001383262652 0.004011380864 0.009609674302) (2.708349268e-06 0.001105056686 -0.0002092609964)
0.0016392992      (-0.008814289799 0.07215980808 -0.008082935173) (-0.008488627216 0.005017719387 0.00669410704) (-0.009403229985 0.1034205094 -0.09301022521) (-0.006610906193 0.03190537185 0.03919828898) (-0.003050199405 -0.003426993093 -0.009922605998) (-0.001592832632 0.009154022415 0.02036822318) (-0.001425682901 0.004014504369 0.009677053954) (0.002881707392 0.07074078687 -0.009287791635) (0.003169461123 0.004701330048 0.005514996846) (0.00297910784 0.1043893292 -0.09487663217) (0.002842367911 0.03299337798 0.04322462552) (0.0006785742535 0.002816954349 0.02477564209) (-0.003888745362 0.01001924262 0.008373925248) (-0.001393294364 0.00435987551 0.006422136673) (0.008778047142 0.07243893432 -0.008381529716) (0.008391443973 0.005133982072 0.00632702149) (0.009372865513 0.1038801334 -0.09349827554) (0.006653097291 0.03202577268 0.03934214847) (0.002979413471 -0.003334451346 -0.009375779691) (0.00155257431 0.009288382582 0.02051353469) (0.001404822189 0.004074633218 0.009758882416) (2.7522094e-06 0.001122071556 -0.0002124617149)
0.0016642992      (-0.008947700589 0.07326792943 -0.008213158424) (-0.008616627062 0.005096522923 0.006793632778) (-0.009545872179 0.1050087899 -0.0944533881) (-0.006710551196 0.03238078922 0.03979616384) (-0.003096824513 -0.003467700141 -0.01004061665) (-0.00161724802 0.009298140177 0.0206802562) (-0.001447553687 0.004076840267 0.009824983913) (0.002925008455 0.07182718598 -0.009436678571) (0.003217084787 0.004774564314 0.005597291247) (0.00302411192 0.1059864154 -0.09634301436) (0.002885475618 0.0334864191 0.043883287) (0.0006911213881 0.002859046903 0.02515924172) (-0.003947405762 0.01017574158 0.008501633304) (-0.001414318609 0.004427410026 0.006520570416) (0.008910826415 0.07355179981 -0.008516685953) (0.008517840121 0.005214692819 0.006420499431) (0.009514985463 0.1054761866 -0.09494977503) (0.006753388486 0.03250316898 0.03994251967) (0.003025010053 -0.00337389947 -0.009485386307) (0.001576387944 0.009434645716 0.02082790587) (0.001426389601 0.004137922871 0.009908119743) (2.796360735e-06 0.001139085595 -0.0002156630508)
0.0016892992      (-0.009081046952 0.07437625166 -0.008343556099) (-0.008744556682 0.005175445657 0.006892987121) (-0.009688458956 0.1065971981 -0.0958973359) (-0.006810152131 0.03285578801 0.04039412427) (-0.003143441641 -0.00350815443 -0.01015776933) (-0.001641658812 0.009442344889 0.02099226348) (-0.001469423075 0.004139195206 0.009972902302) (0.002968265258 0.07291375681 -0.009585742761) (0.003264658511 0.004847922556 0.005679423168) (0.003069080529 0.1075835184 -0.09780993758) (0.002928563692 0.03397897027 0.04454200811) (0.0007037336556 0.002901146852 0.0255429334) (-0.00400603612 0.01033230349 0.008629319699) (-0.001435332237 0.004494960265 0.00661899967) (0.009043531167 0.07466487561 -0.008652028135) (0.00864415707 0.005295524362 0.006513796662) (0.009657045491 0.1070723657 -0.0964020634) (0.006853633588 0.03298014221 0.0405429766) (0.003070611206 -0.003413079633 -0.009594104972) (0.001600193889 0.009580994264 0.02114223882) (0.001447954865 0.004201230905 0.01005734027) (2.840418317e-06 0.001156094494 -0.000218862879)
0.0017142992      (-0.009214376489 0.07548500722 -0.008474178392) (-0.008872464192 0.005254508559 0.006992168985) (-0.009831033408 0.1081860699 -0.09734237254) (-0.006909740036 0.03333049338 0.04099230689) (-0.003190069437 -0.003548345882 -0.01027400485) (-0.001666078393 0.009586667283 0.02130430834) (-0.001491299609 0.004201584467 0.01012084047) (0.003011547646 0.07400083247 -0.00973499802) (0.003312241227 0.004921420358 0.005761416639) (0.003114057606 0.1091810626 -0.0992778592) (0.002971651888 0.03447117539 0.04520096693) (0.000716400262 0.002943276048 0.02592678769) (-0.004064662582 0.01048897017 0.008757023334) (-0.001456345305 0.004562545193 0.00671745411) (0.009176219875 0.07577841434 -0.008787612649) (0.008770451506 0.005376499494 0.00660690936) (0.009799095372 0.1086690317 -0.09785546921) (0.00695386484 0.03345682986 0.04114366833) (0.003116207951 -0.003452019829 -0.009701979547) (0.001624009401 0.009727467828 0.02145664359) (0.00146952681 0.004264576467 0.01020659185) (2.884578101e-06 0.00117310299 -0.0002220626005)
0.0017392992      (-0.009347650545 0.07659396826 -0.00860496364) (-0.009000308242 0.005333684782 0.007091180851) (-0.009973564073 0.1097750852 -0.09878821849) (-0.007009289198 0.03380478818 0.04159056865) (-0.003236699932 -0.003588278397 -0.0103893598) (-0.001690494277 0.009731073174 0.02161634304) (-0.001513175094 0.00426399371 0.01026876601) (0.003054766273 0.07508812475 -0.009884371753) (0.003359770568 0.004995030091 0.005843248144) (0.003158991482 0.1107786093 -0.1007464084) (0.003014719186 0.03496290395 0.04585999966) (0.0007291402282 0.002985422484 0.02631075613) (-0.004123255705 0.01064570543 0.008884709857) (-0.001477345252 0.004630148653 0.006815906349) (0.009308842832 0.07689218436 -0.008923374394) (0.008896677178 0.005457592474 0.006699834358) (0.009941099777 0.1102658571 -0.09930971045) (0.007054059022 0.03393310804 0.04174444339) (0.003161815487 -0.003490688557 -0.009808958606) (0.00164782008 0.00987402474 0.02177103035) (0.0014910983 0.004327941082 0.01035582567) (2.928816826e-06 0.001190106121 -0.0002252615395)
0.0017642992      (-0.009480929616 0.07770336046 -0.008735948495) (-0.009128142073 0.005412990019 0.00719002448) (-0.01011611 0.1113645495 -0.100235165) (-0.007108832362 0.0342787719 0.04218904154) (-0.003283338328 -0.003627970305 -0.01050385742) (-0.001714916944 0.009875606504 0.02192846808) (-0.001535056941 0.004326438826 0.01041671851) (0.00309799043 0.07617587387 -0.01003383317) (0.003407306076 0.005068754424 0.005924956381) (0.003203930926 0.1123766265 -0.1022158989) (0.003057788846 0.03545427863 0.04651928044) (0.0007419233902 0.003027595109 0.0266948782) (-0.004181848801 0.0108025452 0.009012415385) (-0.001498346396 0.004697787169 0.00691438521) (0.009441472201 0.07800640594 -0.009059346727) (0.009022892958 0.005538816947 0.006792575727) (0.01008312502 0.1118631414 -0.1007650702) (0.00715424725 0.03440907651 0.04234543709) (0.003207414277 -0.00352912938 -0.009915121656) (0.00167164383 0.0100207153 0.02208552982) (0.001512678053 0.004391344065 0.0105050929) (2.973052167e-06 0.001207109286 -0.0002284596516)
0.0017892992      (-0.009614163912 0.07881298398 -0.008867093687) (-0.009255917334 0.005492402748 0.007288687678) (-0.01025861715 0.112954159 -0.1016829504) (-0.0072083388 0.03475232818 0.04278759287) (-0.003329973609 -0.003667398115 -0.01061745473) (-0.001739336691 0.01002023113 0.02224061832) (-0.00155693843 0.004388906016 0.01056466204) (0.003141174045 0.07726386045 -0.01018340011) (0.00345479946 0.005142579652 0.006006497794) (0.003248850648 0.1139747386 -0.1036860209) (0.003100844211 0.03594518323 0.04717865718) (0.0007547673194 0.003069793173 0.02707912597) (-0.004240411176 0.01095945527 0.009140105748) (-0.001519336369 0.004765445541 0.007012863938) (0.009574043469 0.07912089753 -0.009195491537) (0.009149043519 0.005620155109 0.00688512032) (0.01022511073 0.1134606088 -0.1022213111) (0.007254398332 0.03488462688 0.04294652315) (0.003253021076 -0.003567289786 -0.01002035868) (0.001695462534 0.01016749451 0.02240004656) (0.001534257748 0.004454768789 0.01065434796) (3.017524522e-06 0.00122410696 -0.0002316576084)
0.0018142992      (-0.009747390784 0.07992305501 -0.008998436806) (-0.009383676117 0.005571935608 0.007387180079) (-0.01040112494 0.1145441974 -0.1031318271) (-0.007307831037 0.0352255574 0.04338634545) (-0.003376614826 -0.003706571714 -0.01073017256) (-0.001763767703 0.01016497172 0.02255287635) (-0.00157882849 0.004451408271 0.01071263033) (0.003184356844 0.07835230802 -0.01033313884) (0.003502295998 0.005216518582 0.006087882361) (0.0032937782 0.1155731687 -0.105157047) (0.00314390166 0.03643571046 0.04783824549) (0.0007676486489 0.003112019197 0.02746352045) (-0.004298973572 0.01111646566 0.009267812507) (-0.001540328283 0.004833137631 0.007111367642) (0.009706601037 0.08023581653 -0.009331845465) (0.00927517532 0.005701615938 0.006977465924) (0.01036709749 0.1150584874 -0.1036786356) (0.007354534986 0.0353598443 0.04354780637) (0.003298619886 -0.003605217292 -0.01012478067) (0.001719290689 0.0103143968 0.02271470403) (0.001555844437 0.004518231395 0.0108036378) (3.06192593e-06 0.00124110468 -0.0002348540632)
0.0018392992      (-0.009880572885 0.08103340687 -0.009129952579) (-0.009511382796 0.005651563085 0.007485484159) (-0.0105436001 0.1161344235 -0.1045815807) (-0.007407281446 0.0356983784 0.04398518822) (-0.003423246963 -0.003745478588 -0.01084201252) (-0.001788194897 0.01030980079 0.0228652024) (-0.001600718101 0.004513934964 0.01086059664) (0.003227500529 0.07944105109 -0.01048307297) (0.003549755433 0.005290560023 0.006169081899) (0.003338686819 0.1171716923 -0.1066287415) (0.003186942321 0.03692577599 0.04849793385) (0.0007805875349 0.003154274296 0.02784804837) (-0.004357507343 0.01127355064 0.009395507964) (-0.001561310017 0.004900852184 0.007209873968) (0.009839106622 0.08135102675 -0.009468386096) (0.009401247176 0.005783177507 0.007069601912) (0.0105090504 0.1166565826 -0.1051368706) (0.007454630907 0.03583466136 0.04414918948) (0.0033442263 -0.00364286697 -0.01022829258) (0.00174311308 0.0104613861 0.02302941402) (0.001577430941 0.004581718252 0.01095292022) (3.106547782e-06 0.001258096775 -0.000238051131)
0.0018642992      (-0.01001373772 0.08214419675 -0.009261660423) (-0.009639064635 0.005731293309 0.00758360733) (-0.0106860673 0.1177250497 -0.1060324153) (-0.00750671429 0.0361708688 0.04458421873) (-0.003469879634 -0.003784147524 -0.01095304735) (-0.001812632989 0.01045473475 0.0231776577) (-0.001622615273 0.004576495821 0.01100858939) (0.003270646522 0.08053023661 -0.0106332105) (0.003597212747 0.00536470786 0.006250115198) (0.003383592959 0.1187705688 -0.1081012787) (0.003229982076 0.03741544252 0.04915781998) (0.0007935653877 0.003196545305 0.02823270078) (-0.004416042609 0.01143073159 0.009523218564) (-0.001582294361 0.004968599005 0.007308404049) (0.009971593491 0.08246665341 -0.009605128134) (0.009527290601 0.005864844611 0.007161535946) (0.01065099939 0.1182550641 -0.106596177) (0.007554709961 0.03630914178 0.04475075937) (0.003389815774 -0.003680300461 -0.0103310391) (0.001766947169 0.0106084824 0.02334427142) (0.001599024886 0.004645241336 0.01110223588) (3.151068439e-06 0.001275088766 -0.0002412463484)
0.0018892992      (-0.01014684988 0.08325528837 -0.009393531093) (-0.009766696065 0.005811108941 0.007681534543) (-0.01082849165 0.1193158949 -0.1074841725) (-0.007606105351 0.03664296004 0.04518335527) (-0.003516511742 -0.00382255021 -0.01106319901) (-0.001837066409 0.01059974764 0.02349018342) (-0.001644512142 0.004639082218 0.01115658159) (0.003313766498 0.08161974956 -0.01078354411) (0.003644636865 0.005438953766 0.006330958609) (0.003428479555 0.1203695747 -0.1095745256) (0.003273006002 0.03790466784 0.04981781825) (0.000806610647 0.003238834363 0.02861746964) (-0.004474553612 0.01158798629 0.009650920071) (-0.001603270607 0.005036368413 0.007406938905) (0.01010402269 0.08358259023 -0.009742050626) (0.009653276944 0.005946602043 0.00725325048) (0.01079290653 0.119853788 -0.1080564347) (0.007654747076 0.03678322699 0.04535244538) (0.003435404925 -0.003717478308 -0.01043294241) (0.00179078285 0.01075564753 0.02365919359) (0.001620621304 0.004708789044 0.01125154775) (3.195796015e-06 0.001292075204 -0.0002444426351)
0.0019142992      (-0.01027994004 0.08436678829 -0.009525575691) (-0.009894299571 0.00589100871 0.007779279618) (-0.0109708929 0.1209071123 -0.108936988) (-0.00770547478 0.0371147039 0.04578268191) (-0.003563148164 -0.00386071587 -0.01117253626) (-0.001861512828 0.01074483253 0.02380284424) (-0.001666416572 0.004701701914 0.01130459857) (0.003356883138 0.08270971852 -0.01093406781) (0.003692052194 0.005513290074 0.006411638122) (0.0034733589 0.121968864 -0.1110486442) (0.00331602684 0.03839351333 0.05047801072) (0.0008196901734 0.003281138172 0.02900234597) (-0.004533070407 0.01174533395 0.009778636541) (-0.001624252068 0.005104169362 0.0075054981) (0.01023642858 0.08469893945 -0.009879164853) (0.009779231716 0.006028445419 0.007344770022) (0.01093479169 0.1214528965 -0.1095177684) (0.007754765606 0.03725696784 0.04595433083) (0.003480969509 -0.003754447476 -0.01053408785) (0.001814631571 0.01090287821 0.02397428489) (0.001642225301 0.004772373453 0.01140089676) (3.240470526e-06 0.001309061532 -0.0002476368289)
0.0019392992      (-0.01041298103 0.08547858522 -0.009657795424) (-0.01002185537 0.005970983018 0.007876823958) (-0.01111324702 0.1224985382 -0.1103907311) (-0.00780480533 0.03758604551 0.04638212523) (-0.003609794711 -0.003898621978 -0.01128100697) (-0.001885957125 0.01088992534 0.02411557332) (-0.001688321297 0.004764346018 0.01145261506) (0.003399976142 0.08380002277 -0.01108477618) (0.00373943937 0.005587706296 0.006492130258) (0.00351822606 0.1235683163 -0.1125234805) (0.003359034129 0.03888192444 0.05113831442) (0.0008328340826 0.003323477605 0.02938736966) (-0.004591557353 0.01190275418 0.00990634188) (-0.001645223717 0.005171992958 0.007604061097) (0.01036878521 0.08581561297 -0.010016476) (0.009905132819 0.006110367349 0.007436070901) (0.01107662741 0.1230522367 -0.1109800593) (0.007854744124 0.03773031176 0.04655634285) (0.00352655744 -0.003791150326 -0.01063437229) (0.001838474677 0.01105009856 0.02428941881) (0.001663829046 0.004835981707 0.01155024029) (3.285283729e-06 0.001326042389 -0.0002508321607)
0.0019642992      (-0.01054600639 0.08659080268 -0.009790207265) (-0.01014938405 0.006051030133 0.007974180773) (-0.01125561379 0.1240903388 -0.1118455507) (-0.007904123951 0.03805704698 0.04698176239) (-0.003656434036 -0.003936297768 -0.01138867221) (-0.001910409129 0.01103500764 0.02442838881) (-0.001710231296 0.004827022144 0.01160065402) (0.003443057537 0.08489077658 -0.0112356622) (0.003786816073 0.00566219985 0.006572453441) (0.003563080587 0.1251680936 -0.1139991816) (0.003402037184 0.03936995576 0.05179880765) (0.0008460204594 0.003365840178 0.02977252289) (-0.004650038844 0.01206026239 0.01003405603) (-0.001666196223 0.005239846468 0.007702643844) (0.0105011303 0.08693272443 -0.01015399463) (0.01003100462 0.006192362813 0.007527168454) (0.01121847868 0.1246519571 -0.1124434391) (0.007954712071 0.03820331441 0.04715855287) (0.003572126906 -0.003827635344 -0.0107338718) (0.00186232135 0.01119729989 0.02460463474) (0.001685436637 0.004899624146 0.01169961306) (3.330113259e-06 0.001343022968 -0.000254025389)
0.0019892992      (-0.01067901243 0.08770329349 -0.009922788676) (-0.01027686861 0.006131130553 0.00807134355) (-0.01139801746 0.1256823315 -0.113301285) (-0.008003432541 0.03852766426 0.04758153315) (-0.003703076641 -0.003973748574 -0.01149554723) (-0.001934854568 0.01118003732 0.02474121724) (-0.001732140156 0.004889723362 0.01174869624) (0.003486098535 0.08598168831 -0.0113866548) (0.003834163348 0.005736724627 0.00665260538) (0.003607871005 0.1267680296 -0.1154755236) (0.00344501674 0.03985758488 0.05245945566) (0.000859267046 0.003408229387 0.03015781485) (-0.004708491166 0.01221784105 0.0101617595) (-0.001687159156 0.005307722068 0.007801230642) (0.01063345311 0.08805014982 -0.01029169619) (0.01015682703 0.006274416591 0.007618051716) (0.01136036322 0.1262519008 -0.1139077598) (0.00805467091 0.03867594186 0.04776090745) (0.003617710161 -0.003863889744 -0.0108325323) (0.001886162828 0.01134443534 0.02491983351) (0.001707044545 0.004963290044 0.01184898122) (3.375041526e-06 0.001359998588 -0.0002572195544)
0.0020142992      (-0.01081200372 0.0888162178 -0.01005554635) (-0.01040432049 0.006211291771 0.008168326027) (-0.01154043129 0.1272746966 -0.1147580994) (-0.008102728936 0.03899795319 0.04818150532) (-0.003749712729 -0.004010973727 -0.01160163979) (-0.001959308438 0.01132500795 0.02505407269) (-0.001754055178 0.004952455472 0.01189676243) (0.003529148673 0.08707287838 -0.01153776191) (0.003881502302 0.005811238582 0.006732596293) (0.003652724909 0.1283682611 -0.1169526435) (0.003488015352 0.04034484983 0.05312032707) (0.0008725510056 0.003450639516 0.03054324211) (-0.004766934974 0.01237550593 0.01028947084) (-0.001708121757 0.005375627175 0.007899836619) (0.01076575724 0.08916801826 -0.0104295879) (0.01028261343 0.006356534439 0.00770873187) (0.011502258 0.1278522114 -0.11537315) (0.008154616769 0.0391482363 0.04836345683) (0.003663281254 -0.003899920069 -0.01093036608) (0.001910010364 0.01149150928 0.02523504643) (0.001728657578 0.005026989656 0.01199837548) (3.420188019e-06 0.001376974228 -0.0002604115955)
0.0020392992      (-0.01094495819 0.08992947883 -0.01018850211) (-0.01053172433 0.006291512837 0.008265090721) (-0.01168280296 0.1288672724 -0.1162158447) (-0.008201979048 0.03946784778 0.04878159379) (-0.003796381613 -0.004047943501 -0.0117068986) (-0.001983762171 0.01146988129 0.02536687784) (-0.001775972996 0.005015210166 0.01204482752) (0.003572184712 0.08816448661 -0.01168905618) (0.003928815465 0.00588574433 0.006812373868) (0.003697589657 0.1299687071 -0.1184306053) (0.003531006322 0.04083168483 0.05378133756) (0.0008859249288 0.003493085556 0.03092880668) (-0.004825344862 0.01253323916 0.01041716946) (-0.001729072716 0.005443554245 0.007998445593) (0.0108980096 0.09028626466 -0.01056769692) (0.01040834616 0.006438717993 0.007799178696) (0.01164411091 0.1294527779 -0.1168395107) (0.008254518442 0.03962015148 0.04896614427) (0.003708866693 -0.003935695024 -0.01102732824) (0.001933850984 0.01163847393 0.02555017719) (0.001750270523 0.00509071145 0.01214776173) (3.465232612e-06 0.001393944794 -0.0002636044867)
0.0020642992      (-0.01107788777 0.0910432177 -0.01032164844) (-0.01065909591 0.006371798021 0.008361661845) (-0.01182514055 0.1304602745 -0.1176746805) (-0.008301201057 0.03993742014 0.04938188697) (-0.003843045989 -0.004084658548 -0.01181131994) (-0.002008223684 0.0116146484 0.02567963219) (-0.001797897298 0.005077993664 0.01219290593) (0.003615223487 0.08925667667 -0.01184056744) (0.00397612135 0.005960245328 0.006891939718) (0.003742448185 0.1315694724 -0.1199095772) (0.003573992355 0.04131812641 0.05444254815) (0.000899372421 0.00353557552 0.03131450032) (-0.004883751435 0.01269106 0.01054487987) (-0.001750025171 0.005511512098 0.008097076282) (0.01103023046 0.09140495683 -0.01070601206) (0.0105340461 0.006520967471 0.007889410754) (0.01178593259 0.1310537436 -0.1183069417) (0.008354390416 0.0400917336 0.04956902342) (0.003754444018 -0.003971257145 -0.01112353385) (0.00195769927 0.01178533664 0.02586528637) (0.001771889595 0.005154467493 0.01229717693) (3.510588544e-06 0.001410914343 -0.0002667957302)
0.0020892992      (-0.01121076985 0.0921572733 -0.01045497761) (-0.01078642528 0.006452126412 0.008458008753) (-0.01196741906 0.132053486 -0.1191344228) (-0.008400372346 0.04040659565 0.04998228969) (-0.003889718709 -0.004121104676 -0.01191486997) (-0.002032682801 0.0117592813 0.0259922834) (-0.001819823141 0.00514079955 0.01234097842) (0.003658241504 0.09034938857 -0.01199230203) (0.004023395379 0.006034734081 0.006971284135) (0.003787292238 0.1331704193 -0.1213894709) (0.003616957364 0.04180413 0.05510391341) (0.0009129140201 0.003578101683 0.03170037056) (-0.004942120622 0.01284895196 0.01067258076) (-0.001770964401 0.005579493078 0.008195711286) (0.0111623983 0.09252402976 -0.01084452292) (0.01065969417 0.006603263655 0.007979412938) (0.01192769713 0.1326550184 -0.1197753724) (0.008454214762 0.0405629469 0.0501720556) (0.003800041071 -0.004006530259 -0.01121880523) (0.001981542913 0.01193205911 0.02618027234) (0.001793510093 0.005218245483 0.01244658007) (3.555713677e-06 0.001427878736 -0.000269987618)
0.0021142992      (-0.01134361978 0.09327184235 -0.01058847974) (-0.01091372318 0.00653249416 0.008554177028) (-0.01210966202 0.133647161 -0.1205953093) (-0.008499514227 0.04087545844 0.05058291336) (-0.003936396314 -0.004157280933 -0.01201753499) (-0.002057146934 0.01190379633 0.0263048761) (-0.001841754916 0.005203636705 0.01248906612) (0.003701253799 0.0914426703 -0.01214426384) (0.004070664221 0.00610921237 0.007050403608) (0.003832129104 0.1347716538 -0.1228703359) (0.003659917243 0.04228973461 0.05576545024) (0.0009265184059 0.003620635479 0.0320863708) (-0.005000482069 0.01300692991 0.01080029161) (-0.001791903632 0.005647504572 0.00829436692) (0.01129453226 0.09364353683 -0.01098323267) (0.01078530837 0.006685603446 0.008069186844) (0.01206942179 0.134256664 -0.121244882) (0.008554004052 0.04103381187 0.05077527308) (0.0038456417 -0.00404156259 -0.01131327318) (0.002005392232 0.01207866638 0.02649523561) (0.001815136548 0.005282056794 0.01259600964) (3.6013346e-06 0.001444841928 -0.000273178127)
0.0021392992      (-0.01147642176 0.09438671145 -0.01072218099) (-0.01104097363 0.006612889925 0.008650117078) (-0.01225185601 0.1352409957 -0.1220570889) (-0.008598614194 0.04134390734 0.05118363432) (-0.003983076039 -0.004193201732 -0.01211937288) (-0.002081607799 0.01204817235 0.02661738518) (-0.00186368771 0.005266496595 0.01263715062) (0.0037442234 0.09253644385 -0.01229641739) (0.004117894313 0.006183658149 0.007129317701) (0.00387693535 0.1363731141 -0.1243520946) (0.003702852586 0.04277497931 0.05642704115) (0.000940202955 0.003663197861 0.03247254276) (-0.005058809733 0.01316497941 0.0109279945) (-0.00181283191 0.00571553994 0.00839302879) (0.01142661558 0.09476343769 -0.01112214162) (0.01091086625 0.006767974763 0.008158744146) (0.01221109876 0.1358586004 -0.1227154045) (0.008653755708 0.04150430374 0.05137864612) (0.003891270708 -0.00407631355 -0.01140683156) (0.002029238879 0.01222513264 0.02681010302) (0.001836765104 0.005345891019 0.012745432) (3.646629257e-06 0.001461800198 -0.0002763691486)
0.0021642992      (-0.01160919701 0.09550209236 -0.01085606157) (-0.01116819579 0.006693315399 0.008745884456) (-0.01239403901 0.1368352923 -0.1235200304) (-0.008697690512 0.04181204579 0.05178460121) (-0.004029746579 -0.004228869521 -0.01222036563) (-0.002106074561 0.01219242777 0.02692985395) (-0.001885626574 0.005329387335 0.0127852509) (0.003787184131 0.09363066678 -0.01244875516) (0.004165125555 0.006258064436 0.007208029141) (0.003921734554 0.1379748277 -0.125834754) (0.003745784723 0.0432597564 0.05708885166) (0.0009539615496 0.003705799375 0.03285886312) (-0.005117129479 0.01332311642 0.01105570822) (-0.001833760825 0.005783607269 0.008491712467) (0.01155867845 0.09588375878 -0.0112612467) (0.0110363958 0.006850378493 0.008248080057) (0.01235276273 0.137460868 -0.1241869927) (0.008753478958 0.04197444081 0.05198221062) (0.003936906928 -0.004110842075 -0.0114995861) (0.002053092047 0.01237148528 0.02712496791) (0.001858399852 0.005409759891 0.01289488297) (3.692426489e-06 0.0014787573 -0.000279559023)
0.0021892992      (-0.01174193991 0.09661773641 -0.0109901207) (-0.01129537939 0.006773758338 0.008841424991) (-0.01253619993 0.1384297183 -0.1249838567) (-0.008796718063 0.04227975884 0.05238568421) (-0.004076416785 -0.004264296545 -0.01232056591) (-0.002130540044 0.0123365417 0.02724226224) (-0.001907567175 0.00539230027 0.01293334933) (0.003830106171 0.09472526356 -0.01260124234) (0.004212317825 0.00633241943 0.007286561537) (0.00396651461 0.1395767321 -0.1273182471) (0.003788696034 0.04374397755 0.05775089565) (0.0009678406822 0.003748454087 0.03324533662) (-0.005175415847 0.01348132033 0.01118341181) (-0.001854679009 0.005851697079 0.008590401395) (0.01169070855 0.09700448956 -0.01140052348) (0.01116187831 0.006932800819 0.008337212673) (0.01249440927 0.1390634345 -0.125659618) (0.008853159232 0.04244420705 0.05258595874) (0.003982564797 -0.004145109404 -0.01159149396) (0.002076944376 0.01251769212 0.02743975841) (0.001880037201 0.005473650201 0.01304432586) (3.73791046e-06 0.00149570971 -0.0002827491869)
0.0022142992      (-0.01187466761 0.09773390183 -0.01112435095) (-0.01142253589 0.006854219074 0.008936806108) (-0.01267836589 0.1400246209 -0.1264488615) (-0.008895721973 0.04274716229 0.05298702756) (-0.004123070261 -0.004299472407 -0.01241993513) (-0.002155005796 0.01248053693 0.02755466688) (-0.001929511297 0.005455245268 0.01308146924) (0.003873030046 0.09582025801 -0.01275390327) (0.004259511938 0.006406730167 0.007364901006) (0.004011302528 0.1411788926 -0.1288026089) (0.003831609849 0.04422765561 0.05841319821) (0.0009817762545 0.003791122135 0.03363196151) (-0.005233687576 0.01363960788 0.01131112188) (-0.001875595297 0.005919817541 0.008689109281) (0.01182272018 0.09812564406 -0.01154000196) (0.01128733321 0.007015244449 0.008426125016) (0.01263605806 0.1406663188 -0.1271333019) (0.008952810335 0.04291360818 0.0531899065) (0.00402822428 -0.004179136066 -0.01168258465) (0.002100799873 0.01266378176 0.02775455411) (0.001901679414 0.005537573639 0.01319379223) (3.783833597e-06 0.001512660891 -0.0002859383839)
0.0022392992      (-0.01200735858 0.09885030125 -0.01125875611) (-0.01154964696 0.006934685722 0.0090319641) (-0.01282050259 0.1416196012 -0.1279147122) (-0.008994683396 0.04321412211 0.053588474) (-0.004169714805 -0.004334394137 -0.0125184877) (-0.002179470883 0.01262437952 0.02786703362) (-0.001951456527 0.005518212758 0.01322958839) (0.003915917176 0.0969156294 -0.01290670521) (0.004306662158 0.006480986287 0.007443076465) (0.004056065631 0.1427812674 -0.1302878077) (0.003874504562 0.04471083447 0.05907569167) (0.0009957754117 0.003833798528 0.03401873134) (-0.005291929306 0.01379796283 0.01143882335) (-0.001896503459 0.005987961253 0.008787823905) (0.01195468653 0.09924720988 -0.01167965196) (0.01141273435 0.007097696016 0.008514851334) (0.01277767881 0.1422694974 -0.1286080182) (0.009052425349 0.04338263136 0.05379404633) (0.00407390069 -0.004212897592 -0.0117728068) (0.002124659177 0.01280968826 0.02806931085) (0.001923324808 0.005601520311 0.01334325478) (3.829451545e-06 0.001529607452 -0.0002891277009)
0.0022642992      (-0.0121400295 0.09996724491 -0.01139332238) (-0.01167672603 0.00701516401 0.009126974099) (-0.01296263378 0.1432150943 -0.1293817623) (-0.009093628528 0.04368077696 0.05419019468) (-0.004216370149 -0.004369068741 -0.01261620585) (-0.002203944781 0.01276804673 0.02817942372) (-0.001973407957 0.005581211409 0.01337772829) (0.00395881298 0.09801141172 -0.0130596879) (0.004353815867 0.006555198183 0.007521053769) (0.004100842393 0.144383879 -0.1317739077) (0.003917401973 0.04519354973 0.0597383811) (0.001009821164 0.003876476449 0.0344056181) (-0.00535016103 0.01395639771 0.01156653084) (-0.001917411912 0.006056134822 0.008886557938) (0.01208662809 0.1003691696 -0.01181949989) (0.01153810277 0.007180162451 0.008603359794) (0.01291928985 0.1438729836 -0.1300837729) (0.009152015894 0.04385127715 0.05439838794) (0.004119571333 -0.004246443805 -0.01186226961) (0.002148524164 0.01295537785 0.0283841046) (0.001944974465 0.00566550042 0.01349274588) (3.87545349e-06 0.001546552748 -0.0002923161986)
0.0022892992      (-0.012272668 0.1010844225 -0.01152805958) (-0.01180375974 0.007095641108 0.009221764866) (-0.01310474168 0.1448106401 -0.1308496395) (-0.009192535836 0.04414697682 0.0547920151) (-0.004263020097 -0.004403489606 -0.01271308879) (-0.002228423079 0.012911441 0.0284917789) (-0.001995361681 0.005644232663 0.01352586794) (0.004001661849 0.09910760019 -0.01321279566) (0.004400915487 0.006629355502 0.007598878584) (0.004145587383 0.14598672 -0.1332608865) (0.003960279695 0.04567579681 0.06040125038) (0.001023923778 0.003919165255 0.03479260619) (-0.005408369125 0.01411489539 0.01169422863) (-0.001938315243 0.006124330504 0.008985298966) (0.01221852481 0.1014915483 -0.01195951302) (0.01166341521 0.007262630492 0.008691693215) (0.01306087825 0.1454767777 -0.1315605775) (0.009251573453 0.04431954367 0.05500293211) (0.004165245754 -0.004279740632 -0.01195090702) (0.002172394059 0.01310077855 0.02869885773) (0.001966627268 0.005729504009 0.01364223709) (3.921227238e-06 0.001563493467 -0.0002955047394)
0.0023142992      (-0.01240528896 0.1022022156 -0.01166296244) (-0.01193076322 0.007176126176 0.009316418487) (-0.01324684327 0.1464067227 -0.1323187713) (-0.009291427886 0.04461287632 0.0553941259) (-0.004309683037 -0.004437691585 -0.01280920426) (-0.002252908981 0.01305455923 0.02880414651) (-0.002017321034 0.005707285713 0.01367403234) (0.0040445196 0.1002042057 -0.01336608067) (0.004448026845 0.006703465988 0.007676502838) (0.004190349754 0.1475898124 -0.1347487768) (0.00400316051 0.04615758373 0.06106430968) (0.001038077341 0.003961868851 0.03517970962) (-0.005466564872 0.01427347017 0.01182193022) (-0.001959218185 0.006192555461 0.00908405843) (0.01235040162 0.1026143319 -0.0120997277) (0.01178869529 0.007345109967 0.008779805236) (0.01320245283 0.1470808445 -0.1330384286) (0.009351108006 0.04478742142 0.05560766661) (0.004210917805 -0.004312815101 -0.01203877831) (0.002196268643 0.01324589708 0.02901362787) (0.001988284256 0.005793540107 0.01379175473) (3.967389924e-06 0.001580432814 -0.0002986927412)
0.0023392992      (-0.01253786926 0.1033202495 -0.01179804087) (-0.01205771929 0.007256605913 0.009410852328) (-0.01338891003 0.1480028274 -0.133788723) (-0.009390281211 0.04507830215 0.05599632805) (-0.004356343245 -0.004471672692 -0.01290456821) (-0.002277400446 0.0131973771 0.02911648567) (-0.002039283376 0.005770361568 0.01382220221) (0.004087334916 0.1013012442 -0.01351948962) (0.004495090147 0.006777512608 0.007753987964) (0.00423507706 0.1491931513 -0.1362375759) (0.004046019369 0.04663891093 0.06172756456) (0.001052282177 0.004004598066 0.03556693394) (-0.005524736555 0.01443210866 0.01194962254) (-0.001980116414 0.006260803364 0.009182825581) (0.01248223889 0.1037375695 -0.01224009131) (0.01191392101 0.007427585873 0.008867755897) (0.01334399883 0.1486852294 -0.1345173533) (0.00945061134 0.04525492037 0.05621260755) (0.004256600101 -0.004345631863 -0.01212581134) (0.002220145785 0.01339074133 0.02932832456) (0.002009943647 0.005857600916 0.01394127491) (4.013256638e-06 0.001597367823 -0.0003018805196)
0.0023642992      (-0.0126704202 0.104438907 -0.01193328293) (-0.01218464191 0.007337088945 0.009505156525) (-0.01353096928 0.1495994902 -0.1352599495) (-0.009489118185 0.04554342859 0.0565988255) (-0.004403020019 -0.004505382522 -0.01299905256) (-0.002301897435 0.0133399601 0.02942875629) (-0.002061251155 0.005833468547 0.01397038847) (0.004130168436 0.1023986927 -0.01367308672) (0.004542168125 0.006851501213 0.007831263421) (0.004279823968 0.1507966892 -0.1377272832) (0.00408888216 0.04711976479 0.06239100904) (0.001066544462 0.004047351162 0.03595429369) (-0.005582890967 0.01459082428 0.01207731728) (-0.002001012127 0.006329081021 0.009281610381) (0.0126140455 0.1048612079 -0.01238064552) (0.01203911251 0.007510068281 0.008955479652) (0.01348553375 0.1502898645 -0.1359973123) (0.009550089818 0.04572202091 0.05681772944) (0.00430228384 -0.004378214946 -0.01221206564) (0.002244024572 0.01353535965 0.02964296588) (0.002031606951 0.005921693776 0.01409081833) (4.059482042e-06 0.001614301097 -0.000305068018)
0.0023892992      (-0.01280293374 0.1055577904 -0.0120686943) (-0.01231152141 0.007417561139 0.009599242713) (-0.01367299439 0.1511961778 -0.1367320066) (-0.009587916564 0.04600808046 0.05720141321) (-0.00444970033 -0.004538875867 -0.01309281936) (-0.002326394388 0.01348231169 0.02974094419) (-0.002083221076 0.005896599346 0.01411858552) (0.004172961165 0.1034966193 -0.01382680182) (0.004589188321 0.006925422239 0.007908403423) (0.004324537483 0.1524005151 -0.1392179614) (0.004131723139 0.04760015821 0.06305467484) (0.001080861973 0.004090131177 0.03634176243) (-0.005641021407 0.01474960166 0.01220500185) (-0.002021903764 0.006397381446 0.00938040322) (0.01274581305 0.1059853383 -0.01252134541) (0.01216424818 0.007592543731 0.009043046855) (0.01362704103 0.1518948634 -0.1374783942) (0.009649538912 0.04618875358 0.05742307341) (0.004347964353 -0.004410549138 -0.0122975106) (0.002267903128 0.0136797512 0.02995750223) (0.002053272485 0.005985811925 0.01424036716) (4.105432917e-06 0.001631230335 -0.0003082551848)
0.0024142992      (-0.01293542369 0.1066772824 -0.01220425699) (-0.01243836773 0.007498030632 0.009693204821) (-0.01381500118 0.1527934103 -0.138205329) (-0.009686694895 0.04647242702 0.05780429369) (-0.004496394091 -0.004572104916 -0.01318572598) (-0.00235089575 0.01362445703 0.0300530565) (-0.00210519635 0.005959761353 0.01426680191) (0.0042157755 0.1045949743 -0.01398068186) (0.004636225998 0.006999277431 0.007985339313) (0.004369271248 0.1540045426 -0.1407095714) (0.004174566896 0.04808006313 0.06371852838) (0.001095220257 0.004132940613 0.03672935106) (-0.005699139734 0.01490845531 0.01233268967) (-0.002042796289 0.006465711953 0.009479214881) (0.01287754923 0.107109862 -0.01266224334) (0.01228935352 0.007675021288 0.009130386313) (0.0137685251 0.1535000923 -0.1389604945) (0.009748958412 0.04665507864 0.05802859474) (0.004393634316 -0.004442653739 -0.01238217499) (0.002291781521 0.01382394377 0.03027199324) (0.002074941445 0.006049964254 0.01438994592) (4.151812856e-06 0.001648157375 -0.0003114424064)
0.0024392992      (-0.0130678791 0.1077970148 -0.01233998172) (-0.01256517423 0.007578487103 0.00978695333) (-0.01395696748 0.1543906901 -0.1396794982) (-0.009785433244 0.0469363051 0.05840727961) (-0.00454310859 -0.004605092996 -0.0132778496) (-0.002375395394 0.01376638532 0.03036507679) (-0.002127173637 0.006022947008 0.01441502557) (0.004258546681 0.1056938465 -0.01413466565) (0.004683211519 0.007073060771 0.008062143241) (0.004413961023 0.1556088715 -0.1422022081) (0.004217386487 0.04855951319 0.06438261627) (0.001109627523 0.004175781185 0.03711705318) (-0.005757239036 0.01506737395 0.0124603721) (-0.0020636875 0.006534067346 0.009578038147) (0.01300924695 0.1082348895 -0.01280328015) (0.01241440374 0.007757488366 0.009217576972) (0.01390997619 0.1551057013 -0.1404437282) (0.009848347628 0.04712103722 0.05863434738) (0.004439290059 -0.004474513256 -0.01246601658) (0.002315660988 0.01396794451 0.03058639987) (0.002096612728 0.006114144869 0.01453953844) (4.197945498e-06 0.001665080837 -0.0003146290145)
0.0024642992      (-0.01320030666 0.1089173301 -0.01247584698) (-0.01269194239 0.007658935967 0.009880579224) (-0.01409891859 0.1559884703 -0.1411549013) (-0.009884153717 0.04739986291 0.05901054658) (-0.004589832276 -0.004637831376 -0.01336916661) (-0.002399891377 0.01390815268 0.03067703121) (-0.002149152381 0.006086162532 0.0145632702) (0.004301334239 0.1067931215 -0.01428881744) (0.004730209538 0.007146781031 0.008138758096) (0.004458649561 0.1572133675 -0.1436957458) (0.00426020984 0.04903850821 0.0650469163) (0.001124084129 0.004218647158 0.03750486014) (-0.005815324678 0.01522636206 0.0125880543) (-0.002084579042 0.006602450532 0.009676877056) (0.01314091027 0.1093602798 -0.01294450029) (0.01253941644 0.007839952664 0.009304548169) (0.01405141181 0.156711506 -0.1419279583) (0.00994771106 0.0475865769 0.05924027107) (0.004484942692 -0.00450612278 -0.01254909301) (0.002339535955 0.01411180444 0.03090075929) (0.002118285449 0.006178356425 0.01468915829) (4.244440083e-06 0.001682001572 -0.0003178159045)
0.0024892992      (-0.01333270001 0.1100379112 -0.01261185814) (-0.0128186655 0.007739369347 0.009974005405) (-0.01424084257 0.1575863061 -0.1426311669) (-0.009982848198 0.0478629537 0.05961392901) (-0.004636554268 -0.004670323771 -0.01345970114) (-0.002424391996 0.01404977659 0.03098890449) (-0.002171135588 0.006149402054 0.01471152696) (0.004344075046 0.1078928738 -0.01444310808) (0.004777151201 0.007220433363 0.00821525546) (0.004503277374 0.1588182115 -0.1451902421) (0.004303013235 0.04951716284 0.0657115423) (0.001138592758 0.004261541305 0.03789276416) (-0.005873392671 0.01538541023 0.01271573019) (-0.002105469558 0.006670856999 0.009775727119) (0.01327252864 0.1104861771 -0.01308585557) (0.0126643709 0.007922406066 0.009391382029) (0.0141928246 0.1583176927 -0.1434133336) (0.01004705947 0.04805175091 0.05984643344) (0.00453058626 -0.004537443245 -0.01263133333) (0.00236340909 0.01425552915 0.03121503857) (0.00213996025 0.006242593766 0.01483879221) (4.290706858e-06 0.00169891958 -0.0003210017874)
0.0025142992      (-0.01346505577 0.1111590654 -0.0127479937) (-0.01294534242 0.007819795691 0.01006731189) (-0.0143827403 0.1591846004 -0.1441086365) (-0.01008153077 0.04832570217 0.06021757237) (-0.004683276566 -0.004702536354 -0.01354935871) (-0.002448888855 0.01419127488 0.03130069274) (-0.002193120462 0.006212668677 0.01485979514) (0.004386825337 0.1089930245 -0.01459758444) (0.004824093873 0.007294020478 0.008291552776) (0.00454792099 0.1604232519 -0.146685634) (0.004345816038 0.04999541948 0.06637642337) (0.001153165324 0.004304464102 0.03828076523) (-0.005931440077 0.01554452057 0.01284340071) (-0.002126356536 0.00673928822 0.00987458911) (0.01340410478 0.1116124383 -0.01322738818) (0.01278928211 0.008004859582 0.009478000388) (0.01433421125 0.1599240669 -0.1448997052) (0.01014638986 0.04851649474 0.06045275816) (0.004576212783 -0.004568492809 -0.01271272878) (0.002387286214 0.01439912851 0.03152923976) (0.002161639428 0.006306858046 0.01498843828) (4.337375148e-06 0.001715834563 -0.0003241879709)
0.0025392992      (-0.01359737546 0.1122805389 -0.01288427318) (-0.01307198169 0.007900211399 0.01016043475) (-0.01452460278 0.1607830102 -0.1455870249) (-0.01018019305 0.04878800587 0.06082135672) (-0.00472999745 -0.004734514689 -0.01363825563) (-0.002473389459 0.0143326531 0.03161242251) (-0.002215110053 0.00627596174 0.01500808181) (0.004429528448 0.1100937262 -0.01475218531) (0.004870981866 0.007367538435 0.008367730327) (0.004592521827 0.1620286674 -0.1481821063) (0.004388598393 0.0504733032 0.0670416246) (0.001167786147 0.004347420868 0.03866887056) (-0.005989470945 0.01570369498 0.01297106779) (-0.002147242655 0.00680774518 0.009973465061) (0.01353564165 0.1127392389 -0.01336907451) (0.0129141391 0.008087307513 0.009564482569) (0.01447556834 0.1615308557 -0.1463872526) (0.01024570693 0.0489808891 0.06105934164) (0.00462183371 -0.004599285155 -0.01279330061) (0.002411166899 0.01454261088 0.03184337345) (0.002183322979 0.006371150576 0.01513810131) (4.383884943e-06 0.001732747145 -0.0003273730818)
0.0025642992      (-0.01372965061 0.1134025578 -0.01302072687) (-0.01319857305 0.007980618531 0.01025343439) (-0.01466643408 0.1623818329 -0.1470665765) (-0.01027883535 0.0492499636 0.06142540166) (-0.004776731376 -0.004766217094 -0.0137262913) (-0.00249788368 0.01447391846 0.03192408224) (-0.002237100588 0.006339283375 0.01515638281) (0.00447224944 0.1111948332 -0.01490695003) (0.004917878944 0.007440990642 0.008443722039) (0.004637143808 0.1636342276 -0.1496794952) (0.004431377757 0.05095071862 0.06770704478) (0.001182461959 0.004390414173 0.03905707667) (-0.006047482968 0.01586293254 0.01309872809) (-0.002168127496 0.006876227983 0.01007235337) (0.01366713728 0.1138663891 -0.01351096052) (0.01303895006 0.008169752309 0.009650756873) (0.01461689299 0.1631377938 -0.1478757583) (0.01034499839 0.0494448526 0.06166609025) (0.00466745353 -0.004629833223 -0.01287309732) (0.002435046322 0.01468598037 0.03215745445) (0.002205009426 0.006435471979 0.01528778378) (4.430719414e-06 0.001749656063 -0.0003305587851)
0.0025892992      (-0.01386188708 0.1145249223 -0.01315736357) (-0.01332513065 0.008061014213 0.01034625643) (-0.01480823241 0.1639808056 -0.1485470872) (-0.01037745368 0.04971148754 0.06202961199) (-0.004823470926 -0.004797629956 -0.01381344732) (-0.002522381601 0.01461507548 0.03223567349) (-0.002259095939 0.0064026338 0.01530469794) (0.004514925437 0.1122965268 -0.01506183716) (0.004964728553 0.007514368489 0.008519594908) (0.004681727511 0.1652401855 -0.1511780177) (0.004474137813 0.05142772256 0.06837278177) (0.001197191358 0.004433475203 0.03944546346) (-0.006105471311 0.01602224246 0.01322638809) (-0.002189009101 0.006944740352 0.01017125888) (0.01379858915 0.1149941176 -0.01365300028) (0.01316371229 0.008252186556 0.009736903278) (0.0147581896 0.1647451869 -0.1493654794) (0.01044427495 0.04990847582 0.06227311711) (0.004713066861 -0.004660087927 -0.0129519871) (0.002458931171 0.01482924816 0.03247147431) (0.002226701598 0.006499824629 0.01543748371) (4.477431658e-06 0.001766562838 -0.0003337434577)
0.0026142992      (-0.01399408251 0.1156478097 -0.01329415238) (-0.01345164539 0.008141377671 0.01043895757) (-0.01494999364 0.1655801629 -0.1500287531) (-0.01047605054 0.05017266098 0.06263407961) (-0.004870208028 -0.004828777116 -0.01389975987) (-0.002546875438 0.01475612852 0.03254721082) (-0.002281092631 0.00646601269 0.01545302903) (0.0045576101 0.1133986217 -0.01521689936) (0.005011581291 0.007587660915 0.008595269739) (0.004726333537 0.1668462385 -0.1526774349) (0.004516893605 0.05190421407 0.06903871719) (0.00121195523 0.004476540218 0.03983392655) (-0.006163438641 0.01618161151 0.01335403807) (-0.002209889086 0.007013277752 0.0102701749) (0.01392999688 0.1161221889 -0.01379522574) (0.01328842797 0.00833459215 0.00982283379) (0.01489944686 0.1663527198 -0.1508561562) (0.01054352099 0.05037167033 0.0628803131) (0.004758672338 -0.004690094708 -0.01303010334) (0.002482813771 0.01497241136 0.03278545141) (0.002248395752 0.006564205321 0.01558720196) (4.524419566e-06 0.001783465458 -0.00033692889)
0.0026392992      (-0.01412624755 0.1167710856 -0.01343111436) (-0.01357813049 0.008221704766 0.01053147437) (-0.01509173181 0.1671797266 -0.1515114335) (-0.01057461863 0.05063344259 0.06323874691) (-0.004916934131 -0.004859624692 -0.01398510823) (-0.002571378602 0.01489708458 0.03285868557) (-0.002303096747 0.006529421306 0.01560137418) (0.004600242138 0.1145013239 -0.01537209958) (0.005058379526 0.007660867756 0.008670817335) (0.004770900943 0.168452586 -0.1541780099) (0.004559628185 0.05238025568 0.06970496512) (0.001226696321 0.004519545895 0.04022247147) (-0.006221381909 0.01634105204 0.01348168953) (-0.002230765571 0.007081845143 0.01036910938) (0.01406135753 0.1172508658 -0.01393762701) (0.01341309885 0.008416966336 0.009908619319) (0.01504068374 0.1679607444 -0.152348091) (0.01064273966 0.05083455693 0.06348781395) (0.00480426887 -0.004719787723 -0.01310728955) (0.002506702818 0.01511548137 0.0330993751) (0.002270096336 0.006628617773 0.01573693837) (4.57132974e-06 0.001800366321 -0.0003401132172)
0.0026642992      (-0.0142583771 0.1178948759 -0.0135682147) (-0.01370457154 0.00830198829 0.01062386163) (-0.01523345118 0.168779646 -0.1529952627) (-0.0106731388 0.05109386627 0.06384366607) (-0.004963673086 -0.004890243772 -0.01406972447) (-0.002595874924 0.01503794141 0.03317013146) (-0.002325100883 0.006592857488 0.01574974185) (0.004642879474 0.1156044149 -0.01552745596) (0.005105184358 0.007733983976 0.008746177688) (0.004815492065 0.1700588178 -0.1556794805) (0.004602357774 0.05285571974 0.07037138362) (0.001241463702 0.004562522662 0.04061105652) (-0.006279302657 0.01650054632 0.01360932924) (-0.002251640197 0.007150436365 0.01046805338) (0.01419269873 0.1183798737 -0.01408020398) (0.01353772278 0.00849930272 0.009994195295) (0.01518190379 0.169568888 -0.1538409959) (0.01074190419 0.05129700293 0.06409547901) (0.004849864728 -0.004749209005 -0.01318371895) (0.002530591823 0.01525843225 0.03341325778) (0.002291799735 0.006693056219 0.01588668952) (4.618480312e-06 0.001817262713 -0.0003432983046)
0.0026892992      (-0.01439048848 0.1190190858 -0.01370546541) (-0.01383098871 0.008382231561 0.01071607427) (-0.01537516241 0.1703797835 -0.1544801609) (-0.01077162557 0.05155387986 0.06444878879) (-0.005010421745 -0.004920581764 -0.01415349757) (-0.002620375884 0.01517868293 0.03348155097) (-0.002347111077 0.006656323658 0.01589813223) (0.004685448976 0.1167081192 -0.01568293115) (0.005151940112 0.00780701419 0.008821426495) (0.004860033946 0.1716652433 -0.1571821344) (0.004645070126 0.0533307021 0.07103811247) (0.001256262343 0.004605540836 0.04099980765) (-0.006337199022 0.01666011452 0.0137369705) (-0.002272512924 0.007219059148 0.01056701825) (0.01432400297 0.1195095127 -0.01422295035) (0.01366230577 0.008581604603 0.01007963652) (0.01532311795 0.1711775263 -0.1553352104) (0.01084104464 0.05175912241 0.06470345055) (0.004895466211 -0.00477834571 -0.01325918554) (0.002554483213 0.01540125574 0.03372714361) (0.00231350755 0.006757528889 0.01603646501) (4.665579942e-06 0.001834157535 -0.0003464823194)
0.0027142992      (-0.01452256664 0.1201438002 -0.01384283831) (-0.01395736501 0.008462428553 0.01080816201) (-0.01551685442 0.1719802453 -0.1559662237) (-0.01087007768 0.05201351955 0.06505415526) (-0.005057185542 -0.004950628302 -0.01423644057) (-0.002644875452 0.01531927692 0.03379298114) (-0.002369122458 0.006719816937 0.01604653745) (0.004728018378 0.1178122025 -0.01583850032) (0.005198697468 0.007879948054 0.008896504008) (0.004904597316 0.1732715289 -0.1586857193) (0.004687778354 0.05380509527 0.07170501564) (0.001271096486 0.004648587068 0.04138866978) (-0.006395065082 0.01681973876 0.01386459594) (-0.002293381266 0.007287706041 0.01066599146) (0.01445528754 0.120639482 -0.01436586061) (0.01378684494 0.008663866959 0.01016487359) (0.01546432205 0.172786267 -0.1568304081) (0.0109401406 0.05222079409 0.06531158761) (0.004941067968 -0.004807224542 -0.01333374692) (0.002578370341 0.01554392125 0.03404104694) (0.002335215479 0.00682202845 0.01618625057) (4.712874479e-06 0.001851047676 -0.0003496671592)
0.0027392992      (-0.01465462499 0.121268959 -0.0139803677) (-0.01408371568 0.008542586435 0.01090007918) (-0.01565853592 0.1735809461 -0.1574533954) (-0.01096849743 0.05247275759 0.06565974135) (-0.00510396767 -0.004980437998 -0.01431850528) (-0.002669376093 0.0154597256 0.03410445804) (-0.002391137409 0.006783341778 0.01619496557) (0.004770553085 0.1189169067 -0.01599415861) (0.005245408649 0.007952795158 0.008971469679) (0.004949124898 0.1748780164 -0.1601905194) (0.004730473006 0.0542790079 0.0723722457) (0.001285874768 0.004691517352 0.04177760162) (-0.006452904878 0.01697943749 0.01399222076) (-0.002314246304 0.007356384856 0.01076498508) (0.01458653939 0.1217700874 -0.01450892168) (0.01391134206 0.008746097183 0.01024997495) (0.0156055203 0.1743955004 -0.1583269185) (0.01103921005 0.05268213781 0.065920038) (0.004986692503 -0.004835825853 -0.01340738109) (0.002602260487 0.01568644721 0.03435500292) (0.002356927844 0.006886561716 0.01633605962) (4.760223395e-06 0.001867936469 -0.0003528508771)
0.0027642992      (-0.01478664501 0.1223946237 -0.01411803261) (-0.01421002047 0.008622699439 0.01099186581) (-0.01580019723 0.1751819637 -0.1589417184) (-0.01106687312 0.05293160822 0.06626556997) (-0.005150750428 -0.005010003238 -0.01439972722) (-0.002693874786 0.01560003593 0.03441597596) (-0.002413152466 0.006846891262 0.01634340164) (0.004813098717 0.1200219957 -0.01614995131) (0.00529212755 0.00802555281 0.009046257029) (0.004993679215 0.1764843378 -0.1616962335) (0.004773164509 0.05475232488 0.0730396582) (0.001300640006 0.004734373545 0.04216654662) (-0.006510721679 0.0171391885 0.01411982791) (-0.002335110131 0.007425086878 0.0108639872) (0.01471775902 0.1229010297 -0.01465213545) (0.0140357916 0.008828289224 0.01033487015) (0.01574669912 0.1760048183 -0.1598243988) (0.01113822968 0.05314302008 0.0665286521) (0.005032323871 -0.004864163934 -0.01348018583) (0.002626148744 0.01582887835 0.03466903623) (0.002378640638 0.006951122195 0.01648588317) (4.807669842e-06 0.001884820527 -0.0003560352851)
0.0027892992      (-0.01491864496 0.1235207443 -0.01425585724) (-0.01433630002 0.008702773863 0.01108348293) (-0.01594184838 0.1767832309 -0.1604311393) (-0.01116521482 0.05339004583 0.06687162189) (-0.005197535874 -0.005039276029 -0.01448005726) (-0.002718379457 0.01574026916 0.03472758476) (-0.002435172751 0.006910472186 0.0164918606) (0.00485558927 0.1211277138 -0.01630586874) (0.005338799374 0.008098230532 0.00912092871) (0.005038192327 0.178090865 -0.1632031686) (0.004815841596 0.05522515753 0.07370740855) (0.001315439642 0.004777268905 0.04255565659) (-0.006568513886 0.01729901293 0.0142474341) (-0.002355971676 0.007493821296 0.01096301047) (0.01484894417 0.1240326068 -0.01479548607) (0.01416019488 0.008910448225 0.01041963674) (0.01588786874 0.1776146292 -0.1613231925) (0.01123722286 0.05360356239 0.0671375812) (0.00507795391 -0.004892186246 -0.01355200489) (0.002650038446 0.01597125205 0.03498316489) (0.002400357269 0.007015717891 0.01663573183) (4.855273913e-06 0.001901703194 -0.0003592187237)
0.0028142992      (-0.01505060508 0.1246473659 -0.01439380041) (-0.01446253119 0.00878280133 0.01117497752) (-0.0160834694 0.1783848022 -0.1619216953) (-0.01126351601 0.05384808285 0.06747791575) (-0.005244335081 -0.005068283895 -0.01455957811) (-0.002742886949 0.01588042751 0.03503927339) (-0.002457195586 0.00697407885 0.01664033219) (0.004898087215 0.1222338054 -0.01646194123) (0.005385475884 0.008170824804 0.009195426743) (0.00508272809 0.1796972384 -0.1647110275) (0.004858513205 0.05569738937 0.07437535046) (0.001330286122 0.004820211822 0.04294488062) (-0.006626277559 0.01745888756 0.01437502035) (-0.00237682915 0.007562579196 0.01106204223) (0.0149800958 0.1251645216 -0.01493898761) (0.01428455134 0.008992569073 0.01050420279) (0.01602901239 0.1792245224 -0.1628229546) (0.01133616943 0.05406363294 0.06774667698) (0.005123598938 -0.004919927203 -0.01362295845) (0.002673930016 0.01611355328 0.03529736121) (0.002422076411 0.007080339392 0.01678558813) (4.902925808e-06 0.001918580948 -0.0003624029777)
0.0028392992      (-0.01518254807 0.1257744478 -0.01453188117) (-0.01458873503 0.008862789662 0.01126631233) (-0.01622507763 0.1799866249 -0.1634133558) (-0.01136178693 0.05430570285 0.06808444066) (-0.005291148286 -0.005097006126 -0.01463820919) (-0.002767402584 0.01602052958 0.03535106143) (-0.002479224872 0.007037717598 0.01678882776) (0.004940537173 0.1233405385 -0.01661814464) (0.005432100857 0.008243349414 0.009269820953) (0.005127215554 0.181303858 -0.1662201354) (0.004901168458 0.05616913902 0.07504364369) (0.00134518914 0.004863217917 0.04333427019) (-0.006684019419 0.01761882876 0.01450260255) (-0.002397685111 0.007631368439 0.01116109532) (0.01511121152 0.1262971005 -0.0150826346) (0.01440886395 0.009074657951 0.01058864912) (0.01617014582 0.180834933 -0.1643240554) (0.01143509419 0.05452336438 0.06835610026) (0.005169235723 -0.004947382061 -0.01369301705) (0.002697826194 0.01625581077 0.03561165381) (0.002443800655 0.007144994812 0.01693547031) (4.950704646e-06 0.001935457413 -0.0003655862409)
0.0028642992      (-0.01531445195 0.1269020332 -0.01467007359) (-0.01471488968 0.008942732893 0.01135753052) (-0.01636665691 0.1815887642 -0.1649061464) (-0.01146001953 0.05476291882 0.06869121335) (-0.005337952926 -0.005125442221 -0.01471597392) (-0.002791924576 0.01616058647 0.03566291656) (-0.002501258067 0.007101382966 0.01693733524) (0.004983001909 0.1244476497 -0.01677449031) (0.005478734831 0.008315797625 0.009344054352) (0.005171727553 0.1829103411 -0.1677301614) (0.004943816736 0.05664028146 0.07571212646) (0.001360128098 0.004906260785 0.04372375351) (-0.006741740369 0.01777881823 0.01463016337) (-0.002418540625 0.007700181178 0.0112601586) (0.01524229221 0.1274300083 -0.01522644291) (0.01453313024 0.009156708372 0.0106729046) (0.01631125232 0.1824454202 -0.1658261017) (0.01153397343 0.05498261469 0.06896568977) (0.005214885635 -0.004974567737 -0.01376224171) (0.002721726376 0.01639804656 0.03592601379) (0.002465528596 0.007209677325 0.01708536653) (4.99845336e-06 0.001952329038 -0.0003687702712)
0.0028892992      (-0.01544633442 0.1280300625 -0.01480842102) (-0.01484101622 0.009022641606 0.01144858949) (-0.0165082134 0.1831911622 -0.1664000048) (-0.01155822313 0.05521970991 0.06929821849) (-0.005384755565 -0.00515360737 -0.01479289153) (-0.002816450901 0.01630063874 0.03597485299) (-0.002523296444 0.007165080121 0.01708586747) (0.005025415994 0.1255554063 -0.01693095637) (0.005525317836 0.008388176317 0.009418193742) (0.00521619124 0.1845170961 -0.1692414095) (0.004986445689 0.05711093677 0.07638096133) (0.001375119611 0.004949376345 0.04411343161) (-0.006799435493 0.01793887907 0.01475771658) (-0.002439392883 0.007769026544 0.01135924365) (0.01537333721 0.1285635627 -0.01537040193) (0.01465734769 0.009238732079 0.01075704056) (0.01645233761 0.184056432 -0.1673294479) (0.01163283151 0.05544151821 0.06957560861) (0.005260544028 -0.005001451898 -0.01383050781) (0.002745629041 0.01654028866 0.03624044043) (0.002487261887 0.00727439409 0.01723528645) (5.046398455e-06 0.001969199245 -0.0003719534127)
0.0029142992      (-0.01557818057 0.1291586019 -0.01494689989) (-0.01496709364 0.009102512815 0.01153953387) (-0.01664973867 0.1847938958 -0.1678949812) (-0.01165639587 0.05567610394 0.06990548879) (-0.005431561155 -0.005181500465 -0.01486896189) (-0.002840978463 0.01644068157 0.03628682769) (-0.002545337707 0.007228803084 0.01723440838) (0.005067834775 0.1266635484 -0.01708757095) (0.005571909356 0.008460479669 0.009492183957) (0.005260690661 0.1861237575 -0.1707535591) (0.005029067977 0.05758099356 0.07705000577) (0.001390162179 0.004992528379 0.04450320879) (-0.006857105471 0.01809899097 0.01488524706) (-0.002460242507 0.007837896173 0.01145833913) (0.01550433914 0.1296974489 -0.01551452215) (0.01478152367 0.009320725741 0.01084098937) (0.01659339538 0.1856675486 -0.1688337349) (0.01173165189 0.05589995192 0.07018571534) (0.005306205393 -0.005028087403 -0.01389796709) (0.002769532764 0.01668252477 0.03655491651) (0.002508998156 0.007339137601 0.01738521929) (5.094344622e-06 0.001986064921 -0.0003751372602)
0.0029392992      (-0.01571000151 0.1302875873 -0.01508554217) (-0.0150931409 0.009182352827 0.01163032492) (-0.01679125023 0.1863968689 -0.1693910186) (-0.01175454173 0.05613207529 0.07051300065) (-0.005478368765 -0.005209091702 -0.0149441058) (-0.002865507313 0.01658073152 0.03659886109) (-0.002567383087 0.007292557525 0.01738297059) (0.005110214029 0.1277723083 -0.01724431816) (0.00561845088 0.008532715344 0.009566090204) (0.005305134918 0.1877306817 -0.1722668711) (0.005071673583 0.05805056379 0.07771941434) (0.001405256659 0.005035742057 0.04489317152) (-0.006914748476 0.01825917102 0.015012769) (-0.002481088572 0.007906798135 0.0115574559) (0.0156352989 0.1308319666 -0.01565878611) (0.01490565539 0.009402695259 0.01092483425) (0.01673444057 0.187279169 -0.170339317) (0.01183045328 0.05635803973 0.07079615955) (0.005351857523 -0.005054429151 -0.01396447692) (0.002793436001 0.01682477646 0.03686944585) (0.002530738386 0.007403915736 0.01753517476) (5.142452383e-06 0.002002929178 -0.0003783203104)
0.0029642992      (-0.01584178118 0.1314170978 -0.0152243031) (-0.01521913812 0.00926215555 0.01172101321) (-0.01693273621 0.1880001685 -0.1708882058) (-0.01185265677 0.05658764527 0.07112078093) (-0.005525187747 -0.005236401451 -0.01501838305) (-0.002890038566 0.0167207853 0.0369109425) (-0.002589432028 0.007356340099 0.01753154886) (0.005152612941 0.1288814517 -0.01740120358) (0.005664999242 0.008604879672 0.009639857537) (0.005349591754 0.1893375289 -0.1737810745) (0.005114273953 0.05851953469 0.07838904783) (0.001420391192 0.005078983001 0.04528323325) (-0.00697236758 0.01841939862 0.01514026648) (-0.002501932441 0.007975724891 0.01165658329) (0.01576621828 0.1319668274 -0.01580320402) (0.01502974737 0.009484638444 0.01100850478) (0.01687546246 0.1888908928 -0.1718458804) (0.0119292173 0.05681565237 0.07140679412) (0.005397510997 -0.005080492304 -0.01403011467) (0.002817338814 0.01696703269 0.03718401696) (0.002552480658 0.007468722214 0.01768514425) (5.190574732e-06 0.002019789158 -0.0003815039785)
0.0029892992      (-0.0159735281 0.1325470615 -0.01536320425) (-0.01534510167 0.009341927556 0.01181155819) (-0.01707420441 0.1896036925 -0.1723864925) (-0.01195074558 0.05704278041 0.07172879615) (-0.005572000411 -0.005263427948 -0.01509176826) (-0.002914574398 0.01686085116 0.0372230786) (-0.002611485909 0.007420153439 0.01768014873) (0.005194970703 0.129991213 -0.01755820906) (0.005711497238 0.00867698325 0.009713542607) (0.005393983898 0.1909446256 -0.1752964364) (0.005156855939 0.05898800212 0.07905903878) (0.001435565919 0.005122272376 0.04567346947) (-0.007029964495 0.01857969152 0.01526775115) (-0.002522774174 0.008044683941 0.01175573145) (0.01589709073 0.1331023207 -0.01594775229) (0.01515379116 0.009566557652 0.01109207369) (0.01701646467 0.1905030838 -0.1733537598) (0.01202796158 0.05727290048 0.07201775199) (0.005443183233 -0.005106246949 -0.01409478626) (0.002841243735 0.01710931073 0.03749863847) (0.002574227626 0.007533563135 0.01783513788) (5.238832839e-06 0.002036647316 -0.0003846870176)
0.0030142992      (-0.01610522623 0.1336775507 -0.01550221004) (-0.01547101283 0.00942166511 0.01190200567) (-0.01721564149 0.1912075382 -0.1738859711) (-0.01204880184 0.05749750497 0.07233707696) (-0.005618833196 -0.00529016081 -0.01516424189) (-0.002939112759 0.01700092708 0.03753525107) (-0.002633543744 0.007483995367 0.01782876414) (0.005237342735 0.1311013813 -0.01771535338) (0.005758000484 0.008749023259 0.009787095864) (0.005438393022 0.1925516615 -0.1768127735) (0.005199432858 0.05945586661 0.0797292659) (0.001450786014 0.005165592293 0.04606383523) (-0.007087532749 0.01874003329 0.01539520858) (-0.002543610711 0.008113668383 0.01185488991) (0.0160279183 0.134238196 -0.01609245202) (0.01527779367 0.009648447493 0.0111754697) (0.01715743934 0.1921153857 -0.1748626758) (0.01212666664 0.05772967049 0.07262890499) (0.005488864259 -0.005131691958 -0.01415850646) (0.002865147812 0.01725159494 0.03781327363) (0.00259597725 0.007598431605 0.01798513895) (5.287132442e-06 0.002053501331 -0.0003878705697)
0.0030392992      (-0.01623689362 0.1348084796 -0.01564134428) (-0.01559688894 0.009501373617 0.01199231176) (-0.01735705421 0.1928115911 -0.1753865663) (-0.01214682715 0.05795178058 0.07294558274) (-0.005665658452 -0.005316590719 -0.01523576936) (-0.002963649637 0.0171410204 0.03784746885) (-0.002655604199 0.00754786876 0.0179774014) (0.005279665555 0.1322121716 -0.01787259966) (0.005804451867 0.008821005595 0.009860573248) (0.005482751572 0.1941589204 -0.1783303707) (0.005241994226 0.05992320946 0.0803998457) (0.001466040373 0.005208960079 0.04645436577) (-0.007145081285 0.01890043896 0.01552265319) (-0.002564447808 0.00818268499 0.01195407043) (0.01615869732 0.1353747031 -0.01623726819) (0.0154017498 0.009730312473 0.01125876844) (0.01729839461 0.1937281343 -0.176372921) (0.01222534712 0.05818606266 0.07324037082) (0.005534555827 -0.005156848382 -0.01422128596) (0.002889053628 0.01739390356 0.03812796834) (0.002617731624 0.007663334889 0.01813516912) (5.33557724e-06 0.002070353268 -0.0003910535668)
0.0030642992      (-0.01636852961 0.1359399548 -0.0157805835) (-0.01572272128 0.009581050591 0.01208252515) (-0.0174984399 0.1944159868 -0.1768883862) (-0.01224482102 0.05840564923 0.07355436443) (-0.005712471743 -0.00534274514 -0.0153064482) (-0.002988186015 0.01728112424 0.03815973023) (-0.002677666752 0.007611770368 0.0181260582) (0.005322002872 0.1333234064 -0.01802995617) (0.005850905818 0.00889292811 0.009933932541) (0.005527147615 0.1957661505 -0.1798490661) (0.005284552269 0.06038994587 0.08107067606) (0.001481328376 0.005252356399 0.04684501693) (-0.007202608445 0.0190608956 0.01565007549) (-0.002585284679 0.008251729057 0.01205326606) (0.01628944217 0.1365116088 -0.01638222999) (0.01552567399 0.009812154349 0.01134190394) (0.01743933031 0.1953410213 -0.1778842362) (0.01232399039 0.05864198357 0.07385204638) (0.005580249853 -0.005181726141 -0.01428317046) (0.002912961331 0.01753622759 0.03844270945) (0.002639489652 0.007728268587 0.01828522091) (5.384139281e-06 0.002087201369 -0.0003942370858)
0.0030892992      (-0.01650014866 0.1370718689 -0.01591995662) (-0.0158485236 0.009660697541 0.01217260273) (-0.01763980702 0.1960205753 -0.1783912996) (-0.01234278306 0.05885906703 0.07416337496) (-0.00575927324 -0.005368613016 -0.01537624275) (-0.003012722852 0.01742124386 0.03847204224) (-0.002699732369 0.00767570222 0.01827473882) (0.005364287618 0.1344352641 -0.01818738274) (0.005897307741 0.008964793371 0.01000722292) (0.005571501715 0.1973735824 -0.1813690544) (0.005327094448 0.06085614279 0.08174185862) (0.001496652208 0.005295795211 0.04723582794) (-0.00726011541 0.01922141158 0.01577748229) (-0.00260612201 0.008320804805 0.01215248177) (0.01642015503 0.1376491184 -0.01652732925) (0.01564955342 0.009893974048 0.01142493998) (0.01758025442 0.196954332 -0.1793968496) (0.01242260893 0.05909752636 0.07446403863) (0.005625953117 -0.005206306084 -0.01434410751) (0.002936867002 0.01767857622 0.03875750559) (0.002661250795 0.007793236397 0.01843530165) (5.4328639e-06 0.002104047045 -0.0003974202183)
0.0031142992      (-0.01663174243 0.1382043526 -0.01605945882) (-0.01597428933 0.009740314899 0.01226258571) (-0.01778115673 0.1976255245 -0.1798954419) (-0.01244071456 0.05931209146 0.07477268045) (-0.005806100881 -0.005394198677 -0.01544516695) (-0.003037262784 0.01756137532 0.03878439021) (-0.002721802529 0.007739662439 0.01842343819) (0.005406564678 0.1355475839 -0.01834488001) (0.005943708722 0.009036598596 0.01008040024) (0.005615896635 0.1989810197 -0.1828901967) (0.005369634415 0.06132173394 0.08241331052) (0.001512024002 0.005339252295 0.04762675486) (-0.007317598846 0.01938197541 0.01590486742) (-0.002626956509 0.008389907288 0.01225171126) (0.01655084714 0.1387870397 -0.01667257617) (0.01577340374 0.009975774371 0.01150780948) (0.01772116939 0.1985678156 -0.1809105561) (0.01252119067 0.05955261114 0.0750762622) (0.005671667827 -0.005230592464 -0.01440414016) (0.002960773944 0.01782093484 0.03907232994) (0.002683015572 0.00785823215 0.01858539851) (5.481720358e-06 0.002120889223 -0.0004006037561)
0.0031392992      (-0.0167633094 0.1393372826 -0.0161990818) (-0.01610002022 0.009819904833 0.01235241918) (-0.0179224885 0.1992306781 -0.1814006965) (-0.01253861442 0.05976466735 0.07538222228) (-0.005852926474 -0.005419438763 -0.01551304844) (-0.003061806926 0.01770151498 0.0390967324) (-0.002743877867 0.007803649197 0.01857214229) (0.00544878714 0.1366605093 -0.01850240868) (0.005990059695 0.00910834279 0.01015350983) (0.005660256304 0.200588664 -0.1844126308) (0.005412161905 0.06178677961 0.08308511608) (0.001527440085 0.005382745689 0.0480178346) (-0.007375060823 0.01954259624 0.01603224065) (-0.002647789025 0.008459040401 0.01235096004) (0.01668150523 0.1399255725 -0.01681793943) (0.01589721128 0.01005755048 0.01159056989) (0.01786207154 0.2001817161 -0.1824255621) (0.0126197486 0.06000731447 0.07568880166) (0.00571738407 -0.005254561208 -0.01446317924) (0.002984681047 0.01796333314 0.03938719592) (0.002704784588 0.007923260681 0.01873551732) (5.530668669e-06 0.002137728925 -0.0004037868196)
0.0031642992      (-0.01689484127 0.1404707876 -0.01633881327) (-0.01622570904 0.009899467949 0.01244215718) (-0.01806379683 0.2008361965 -0.1829072017) (-0.01263648384 0.06021684769 0.07599206183) (-0.005899794021 -0.00544436274 -0.01557996432) (-0.003086354045 0.0178416859 0.03940909512) (-0.002765959263 0.007867662725 0.0187208563) (0.005491028476 0.1377739004 -0.01866003236) (0.00603641145 0.009180029557 0.01022650035) (0.005704669112 0.2021963191 -0.1859362125) (0.005454688951 0.0622512143 0.08375719629) (0.001542894605 0.005426248495 0.04840900135) (-0.007432506982 0.01970326287 0.01615959866) (-0.002668622262 0.008528200628 0.01245022498) (0.01681212571 0.1410645549 -0.01696345294) (0.01602098771 0.01013930628 0.01167315818) (0.01800295498 0.2017957952 -0.1839416813) (0.01271826912 0.06046155943 0.07630158139) (0.005763120084 -0.005278272466 -0.01452136976) (0.003008593814 0.01810579022 0.03970213726) (0.002726559042 0.007988318699 0.01888565895) (5.579744643e-06 0.002154565289 -0.0004069701678)
0.0031892992      (-0.01702634318 0.141604743 -0.01647866991) (-0.01635136052 0.009979005533 0.01253175639) (-0.01820507572 0.2024419047 -0.1844148195) (-0.01273431588 0.06066857072 0.07660213985) (-0.005946647941 -0.005468954878 -0.01564586455) (-0.003110901308 0.01798190831 0.03972148075) (-0.00278804407 0.00793170181 0.01886957417) (0.005533229046 0.1388878919 -0.01881775607) (0.006082713268 0.009251663955 0.01029940636) (0.00574904398 0.20380414 -0.1874610352) (0.00549720229 0.06271507667 0.08442961573) (0.001558377945 0.005469787943 0.04880031753) (-0.007489931957 0.01986398482 0.01628694863) (-0.002689455418 0.008597391856 0.01254951087) (0.01694270198 0.1422041388 -0.01710908785) (0.01614471494 0.01022104089 0.01175563455) (0.01814381409 0.2034102547 -0.1854590819) (0.0128167576 0.06091540697 0.07691467208) (0.005808856824 -0.005301661967 -0.01457850577) (0.003032517685 0.01824832793 0.04001715026) (0.002748341065 0.008053409755 0.01903581969) (5.628913884e-06 0.002171398936 -0.0004101530746)
0.0032142992      (-0.01715781272 0.1427392703 -0.01661863811) (-0.01647697132 0.01005851695 0.0126212645) (-0.0183463256 0.2040479562 -0.1859236755) (-0.01283211348 0.06111989127 0.07721252295) (-0.005993503236 -0.005493229944 -0.01571084148) (-0.003135453133 0.01812220296 0.04003394188) (-0.002810133828 0.007995769576 0.01901830845) (0.005575421194 0.1400023783 -0.01897561275) (0.006129009369 0.00932324933 0.01037219391) (0.005793451572 0.2054119786 -0.1889870039) (0.00553971126 0.06317831686 0.08510231797) (0.001573894446 0.005513339248 0.04919174301) (-0.007547330851 0.0200247504 0.01641428153) (-0.002710287192 0.008666610078 0.01264881144) (0.01707324736 0.1433441746 -0.01725487195) (0.01626840563 0.01030275821 0.01183794463) (0.01828465043 0.2050248883 -0.1869775964) (0.01291520619 0.06136879595 0.07752801695) (0.005854587496 -0.00532474267 -0.01463467585) (0.00305644509 0.01839094578 0.04033226428) (0.002770126718 0.008118530754 0.01918599736) (5.678166364e-06 0.002188229337 -0.000413336275)
0.0032392992      (-0.01728925046 0.1438742302 -0.01675872846) (-0.01660254212 0.01013799973 0.01271064477) (-0.01848753784 0.2056541573 -0.1874336151) (-0.01292987404 0.06157074483 0.07782314262) (-0.006040362225 -0.005517232013 -0.01577496788) (-0.003160007475 0.01826257344 0.04034651188) (-0.002832226992 0.008059865322 0.01916706003) (0.005617558386 0.1411174482 -0.01913359908) (0.006175253177 0.009394787026 0.01044489829) (0.005837813628 0.207019939 -0.1905141795) (0.005582201446 0.06364096513 0.08577535487) (0.001589450581 0.005556892689 0.04958323974) (-0.00760471385 0.02018555874 0.01654160021) (-0.002731122604 0.008735855568 0.01274812876) (0.01720374113 0.1444847909 -0.01740076825) (0.01639204188 0.01038445445 0.01192014688) (0.01842545464 0.2066398738 -0.1884973756) (0.01301362621 0.06182177866 0.07814166749) (0.005900295708 -0.005347550351 -0.01468997773) (0.003080373471 0.0185336518 0.0406475202) (0.002791914786 0.008183683851 0.0193362041) (5.727511543e-06 0.002205056613 -0.000416519284)
0.0032642992      (-0.01742064806 0.1450097697 -0.01689891487) (-0.01672806647 0.01021745514 0.01279994365) (-0.0186287202 0.2072607102 -0.1889448054) (-0.01302760957 0.06202120312 0.07843407135) (-0.006087223766 -0.005541014385 -0.01583834631) (-0.003184567768 0.01840303658 0.04065925189) (-0.002854324956 0.008123994559 0.01931584987) (0.005659712367 0.1422330073 -0.01929173317) (0.006221496187 0.009466283603 0.010517482) (0.00588220991 0.2086278738 -0.1920424698) (0.00562468278 0.06410298634 0.08644869385) (0.00160504676 0.005600448173 0.04997482317) (-0.007662075581 0.02034640742 0.0166689057) (-0.00275195843 0.008805127871 0.0128474614) (0.01733419061 0.145625867 -0.01754680403) (0.01651563796 0.0104661336 0.01200218256) (0.01856623513 0.2082550545 -0.1900182922) (0.01311201638 0.06227431523 0.07875557826) (0.005946009317 -0.005370101758 -0.01474445191) (0.003104304206 0.01867644477 0.04096291433) (0.002813707001 0.008248867121 0.01948643696) (5.77700198e-06 0.00222188076 -0.000419702633)
0.0032892992      (-0.01755199462 0.1461457457 -0.0170392051) (-0.01685354215 0.0102968824 0.01288911921) (-0.01876987093 0.2088674266 -0.1904570956) (-0.01312531333 0.06247120467 0.07904524419) (-0.006134079395 -0.005564468163 -0.01590074182) (-0.003209127282 0.01854358178 0.04097209826) (-0.002876424801 0.00818815191 0.0194646556) (0.00570185034 0.1433491401 -0.01944999662) (0.006267698535 0.0095377387 0.01058997646) (0.00592657471 0.2102358471 -0.1935719067) (0.005667141568 0.06456441187 0.08712238589) (0.001620691846 0.005644003337 0.05036647131) (-0.007719420681 0.02050729337 0.01679620352) (-0.002772797453 0.008874427122 0.01294681066) (0.01746458182 0.1467675181 -0.01769294183) (0.01663917232 0.01054779058 0.01208410559) (0.01870698671 0.2098705772 -0.1915404683) (0.01321037759 0.06272644538 0.07936979832) (0.005991717472 -0.005392396641 -0.01479810398) (0.003128234721 0.01881932106 0.04127843908) (0.00283550104 0.008314081735 0.01963669865) (5.826579246e-06 0.002238701937 -0.0004228856792)
0.0033142992      (-0.01768329624 0.1472822892 -0.01717958327) (-0.0169789703 0.01037628385 0.01297821285) (-0.01891099205 0.2104745032 -0.1919706573) (-0.01322298195 0.06292079974 0.07965673149) (-0.006180935905 -0.005587655 -0.01596231435) (-0.003233683322 0.01868420835 0.04128507852) (-0.002898525632 0.008252339411 0.01961349059) (0.005743997826 0.144465774 -0.01960838809) (0.006313897936 0.009609151188 0.01066236444) (0.005970958737 0.2118437885 -0.1951024651) (0.005709592978 0.06502520579 0.08779639121) (0.001636361065 0.005687543072 0.05075813906) (-0.007776764364 0.02066821149 0.01692349823) (-0.002793648726 0.00894375507 0.01304618114) (0.01759493256 0.1479096458 -0.01783919318) (0.01676266364 0.01062942658 0.01216588525) (0.01884771534 0.211486314 -0.1930638062) (0.01330869829 0.06317811575 0.07998428649) (0.006037433252 -0.005414493606 -0.01485110717) (0.00315216545 0.01896229307 0.04159415333) (0.002857297675 0.008379332646 0.01978701291) (5.876280144e-06 0.00225552005 -0.0004260690819)
0.0033392992      (-0.01781456297 0.1484192438 -0.01732005076) (-0.01710435492 0.01045565517 0.01306719242) (-0.0190520803 0.2120817511 -0.193485321) (-0.01332060855 0.06336991257 0.08026846568) (-0.006227792078 -0.005610651306 -0.01602329575) (-0.003258241095 0.01882492385 0.04159825185) (-0.002920629085 0.008316559499 0.01976237712) (0.005786097973 0.1455829838 -0.0197668567) (0.006360050673 0.009680517254 0.01073467961) (0.006015283336 0.213451809 -0.1966342124) (0.005752025916 0.065485389 0.08847074658) (0.001652056264 0.00573110303 0.05114990774) (-0.00783407967 0.02082914995 0.01705077946) (-0.00281450249 0.009013110578 0.01314556574) (0.01772523461 0.1490523207 -0.01798554203) (0.01688610299 0.01071103997 0.01224756149) (0.0189884141 0.2131023967 -0.1945883977) (0.01340698359 0.06362935236 0.08059908807) (0.006083154102 -0.005436295086 -0.01490318665) (0.003176080343 0.01910535418 0.04190999709) (0.002879090675 0.008444617333 0.01993735994) (5.926107634e-06 0.002272334863 -0.0004292525105)
0.0033642992      (-0.01794579824 0.149556754 -0.01746061293) (-0.01722969812 0.01053500314 0.01315608903) (-0.01919314944 0.2136893772 -0.1950012467) (-0.01341820684 0.06381860799 0.08088053147) (-0.006274667832 -0.005633330108 -0.01608336499) (-0.003282805304 0.01896572299 0.04191154074) (-0.002942738204 0.008380810979 0.01991129038) (0.005828196401 0.146700723 -0.01992542376) (0.00640619523 0.009751841226 0.01080689037) (0.006059623911 0.2150598571 -0.19816712) (0.005794453024 0.06594494271 0.08914543556) (0.00166780533 0.005774676398 0.05154179924) (-0.007891360467 0.02099011378 0.01717805209) (-0.00283535394 0.00908249603 0.0132449677) (0.01785550239 0.1501954626 -0.01813201605) (0.01700950386 0.01079263922 0.01232908614) (0.01912909692 0.2147187372 -0.1961141505) (0.01350523686 0.06408013103 0.08121418477) (0.006128915199 -0.005457740747 -0.01495421681) (0.003199998667 0.01924850014 0.04222593578) (0.002900888237 0.008509934418 0.02008772833) (5.976032239e-06 0.002289146828 -0.000432436117)
0.0033892992      (-0.01807700393 0.1506946913 -0.01760126972) (-0.01735499975 0.01061432504 0.01324486864) (-0.01933420681 0.2152971884 -0.1965182509) (-0.01351576943 0.06426681896 0.081492857) (-0.006321550766 -0.005655792572 -0.01614272821) (-0.003307372507 0.01910660678 0.04222497136) (-0.002964851131 0.008445094046 0.02006023966) (0.005870254507 0.1478190607 -0.02008405519) (0.006452296897 0.009823117609 0.01087902888) (0.006103926368 0.2166679685 -0.1997011902) (0.005836868296 0.06640388896 0.0898204864) (0.001683615476 0.005818229769 0.05193379153) (-0.007948614463 0.02115109639 0.01730531448) (-0.002856207743 0.009151910344 0.01334438552) (0.01798572568 0.1513391439 -0.01827858174) (0.01713285045 0.01087421898 0.01241050416) (0.01926976769 0.2163354173 -0.1976411162) (0.01360345705 0.06453046645 0.08182959762) (0.006174709743 -0.005478951551 -0.01500440507) (0.003223906153 0.01939173836 0.04254198439) (0.002922684724 0.008575287031 0.02023812712) (6.026061895e-06 0.002305955553 -0.0004356196257)
0.0034142992      (-0.01820817481 0.1518332357 -0.01774203033) (-0.01748025874 0.01069363034 0.0133335618) (-0.01947525539 0.2169053783 -0.1980365303) (-0.0136133036 0.06471460169 0.08210551797) (-0.006368431026 -0.005678020149 -0.01620130048) (-0.003331949666 0.01924757542 0.04253850804) (-0.00298697058 0.008509409418 0.02020921724) (0.0059123089 0.1489379958 -0.02024276452) (0.006498390002 0.009894354146 0.01095106942) (0.006148231963 0.2182761353 -0.2012364585) (0.005879279872 0.06686222575 0.09049589947) (0.001699493364 0.005861764876 0.05232586792) (-0.008005845578 0.02131209652 0.0174325739) (-0.002877061746 0.009221353975 0.01344382284) (0.0181159218 0.1524833543 -0.01842527663) (0.01725615583 0.01095578929 0.01249177784) (0.0194104326 0.2179523682 -0.1991692819) (0.01370164594 0.06498033667 0.08244531327) (0.006220524423 -0.005499910451 -0.01505372232) (0.003247824895 0.01953505995 0.04285810324) (0.002944488632 0.008640672295 0.02038854555) (6.076146892e-06 0.002322761725 -0.000438803166)
0.0034392992      (-0.01833930998 0.1529722548 -0.01788289971) (-0.01760547537 0.0107729158 0.01342214099) (-0.01961627493 0.2185137415 -0.1995559337) (-0.01371080159 0.06516188645 0.08271843967) (-0.006415308066 -0.005699992666 -0.01625901174) (-0.003356528743 0.01938861882 0.04285210714) (-0.003009093143 0.008573753412 0.02035820984) (0.00595432561 0.1500575638 -0.02040152275) (0.006544445541 0.009965549099 0.01102303443) (0.006192492139 0.219884381 -0.2027729351) (0.005921677065 0.06731994389 0.09117169235) (0.001715259098 0.005905516886 0.05271817432) (-0.008063059138 0.02147309983 0.01755982635) (-0.002897919591 0.009290826171 0.01354327841) (0.01824607132 0.1536281552 -0.01857208474) (0.01737940567 0.01103734955 0.01257293566) (0.01955106821 0.2195696344 -0.2006987041) (0.01379980382 0.06542974837 0.08306134325) (0.006266347814 -0.005520614959 -0.01510223667) (0.003271755831 0.01967846786 0.04317432116) (0.002966299594 0.008706090279 0.02053899265) (6.126356375e-06 0.002339564439 -0.0004419867426)
0.0034642992      (-0.01847040972 0.1541118871 -0.01802386257) (-0.01773064995 0.01085218569 0.01351064949) (-0.01975726764 0.2201224571 -0.2010766121) (-0.01380827642 0.06560873763 0.08333169565) (-0.006462181448 -0.005721696089 -0.01631589446) (-0.003381104027 0.01952975476 0.0431658311) (-0.003031217062 0.008638132309 0.02050724168) (0.005996334535 0.1511777424 -0.02056033066) (0.006590492201 0.01003670705 0.01109490671) (0.006236761162 0.2214927653 -0.2043103476) (0.00596407068 0.06777702864 0.09184786059) (0.001731046046 0.005949282917 0.05311056619) (-0.008120264892 0.02163410921 0.01768707832) (-0.002918786319 0.009360330203 0.01364275775) (0.018376182 0.1547734935 -0.01871902579) (0.01750260989 0.01111890635 0.01265395105) (0.01969167994 0.2211871504 -0.2022293295) (0.01389793556 0.06587869476 0.08367767648) (0.006312196771 -0.005541049276 -0.01514992992) (0.003295694806 0.01982197416 0.04349068103) (0.002988117046 0.00877154551 0.02068948624) (6.176664555e-06 0.002356364481 -0.0004451705513)
0.0034892992      (-0.01860147338 0.1552519891 -0.01816492703) (-0.01785578186 0.01093144102 0.01359904958) (-0.01989822673 0.221731329 -0.2025984018) (-0.01390571776 0.06605509911 0.08394521815) (-0.006509086011 -0.005743090238 -0.01637184359) (-0.003405686376 0.01967097194 0.04347963549) (-0.003053346529 0.008702541109 0.02065629588) (0.006038308421 0.1522985445 -0.02071915976) (0.006636503734 0.01010782824 0.01116669288) (0.006280994813 0.2231013555 -0.2058484984) (0.006006455356 0.0682335039 0.09252442138) (0.001746722568 0.005993395875 0.05350331308) (-0.008177443368 0.02179511406 0.01781431957) (-0.002939651538 0.0094298619 0.01374225165) (0.01850624705 0.1559193875 -0.01886607858) (0.017625759 0.01120045877 0.01273484715) (0.01983226007 0.2228049421 -0.2037611795) (0.01399603579 0.06632718356 0.08429432091) (0.006358071319 -0.005561151995 -0.01519664249) (0.003319637308 0.01996556172 0.04380711067) (0.003009938583 0.008837031181 0.020839999) (6.227095001e-06 0.002373160953 -0.0004483543365)
0.0035142992      (-0.01873250565 0.1563927051 -0.01830607755) (-0.01798087444 0.01101068929 0.01368737058) (-0.02003916047 0.2233405434 -0.2041214694) (-0.01400313195 0.06650103262 0.08455908106) (-0.006556009133 -0.005764089256 -0.01642662273) (-0.003430284669 0.01981227124 0.04379348642) (-0.003075485272 0.008766981152 0.02080536377) (0.006080269878 0.1534199607 -0.02087800704) (0.00668250265 0.01017891843 0.0112383798) (0.00632523229 0.2247101823 -0.2073873982) (0.006048833407 0.06868937854 0.09320138615) (0.001762520184 0.006037529024 0.05389623884) (-0.008234596705 0.02195612068 0.01794155933) (-0.002960512991 0.009499424304 0.01384176466) (0.01863627748 0.1570658317 -0.01901324658) (0.01774886524 0.01128201319 0.01281560483) (0.01997281609 0.2244230022 -0.2052942584) (0.01409410576 0.06677521923 0.08491128526) (0.006403949322 -0.005580872237 -0.015242239) (0.003343596261 0.02010923201 0.04412358509) (0.003031769602 0.008902548216 0.02099052528) (6.277607241e-06 0.002389954901 -0.0004515380771)
0.0035392992      (-0.01886350072 0.1575338881 -0.01844731683) (-0.01810592459 0.01108992684 0.01377558025) (-0.02018006101 0.2249499001 -0.2056456561) (-0.01410050945 0.06694647529 0.08517321465) (-0.006602936293 -0.005784751178 -0.01648040826) (-0.003454880827 0.0199536439 0.04410739433) (-0.003097625574 0.008831447754 0.02095444535) (0.006122196792 0.1545419701 -0.0210368491) (0.006728467257 0.0102499721 0.01130998401) (0.006369439042 0.2263192385 -0.2089271091) (0.006091196858 0.06914463041 0.09387874407) (0.001778448772 0.006081625784 0.05428925526) (-0.008291723602 0.02211710886 0.01806879104) (-0.002981372608 0.009569013088 0.01394128971) (0.01876626602 0.1582128209 -0.019160504) (0.01787191826 0.01136356377 0.01289624442) (0.02011334243 0.2260413155 -0.2068285613) (0.01419214114 0.06722279319 0.08552856199) (0.00644981717 -0.005600262332 -0.01528688175) (0.0033675472 0.02025298278 0.04444013207) (0.00305360036 0.008968094663 0.02114107246) (6.328235058e-06 0.002406745158 -0.0004547217758)
0.0035642992      (-0.01899446178 0.1586756724 -0.01858864293) (-0.01823093627 0.01116916005 0.01386370857) (-0.02032093812 0.2265595868 -0.2071711312) (-0.01419786137 0.06739148867 0.08578769622) (-0.006649883648 -0.00580504534 -0.01653310473) (-0.003479477874 0.02009509603 0.04442135326) (-0.003119769284 0.00889594346 0.02110354138) (0.006164112563 0.1556645942 -0.02119569975) (0.006774418351 0.01032099456 0.01138149388) (0.006413647581 0.2279285883 -0.2104678362) (0.006133554101 0.06959925674 0.09455651284) (0.00179445876 0.00612572543 0.0546823845) (-0.008348825521 0.02227808372 0.01819602432) (-0.003002229222 0.009638631263 0.01404083215) (0.01889622154 0.1593603621 -0.01930786976) (0.01799493016 0.01144511638 0.01297674867) (0.02025385106 0.2276598964 -0.2083641177) (0.0142901496 0.06766991676 0.08614616998) (0.006495671768 -0.005619297831 -0.01533048404) (0.003391498112 0.02039681627 0.0447567337) (0.003075434924 0.009033671918 0.0212916385) (6.378961868e-06 0.002423533031 -0.0004579052848)
0.0035892992      (-0.01912538986 0.1598179228 -0.01873005439) (-0.01835590946 0.01124838198 0.01395173883) (-0.02046178283 0.2281694285 -0.2086977465) (-0.01429517525 0.06783602331 0.08640246196) (-0.006696836327 -0.005824984296 -0.01658475817) (-0.003504080738 0.02023662515 0.04473537261) (-0.003141917845 0.008960466599 0.02125265544) (0.006205991608 0.1567877993 -0.02135454257) (0.00682033717 0.01039197781 0.01145293358) (0.006457832429 0.2295380914 -0.2120098185) (0.006175899091 0.07005323175 0.09523467139) (0.001810493367 0.006169830877 0.05507557922) (-0.008405919445 0.02243903897 0.01832326165) (-0.003023091918 0.009708277634 0.0141403925) (0.01902613452 0.1605084318 -0.01945533195) (0.01811789034 0.01152666295 0.01305714259) (0.02039433189 0.2292787127 -0.2099009138) (0.01438812038 0.0681165821 0.08676409372) (0.006541519473 -0.00563801764 -0.0153731459) (0.003415457783 0.02054074143 0.04507343205) (0.003097275233 0.009099282285 0.02144223812) (6.429827695e-06 0.00244031731 -0.0004610888855)
0.0036142992      (-0.01925628642 0.1609607735 -0.01887154928) (-0.01848084667 0.01132759787 0.01403969766) (-0.02060260545 0.2297795946 -0.2102256945) (-0.01439245715 0.06828013301 0.08701757588) (-0.006743806361 -0.005844590956 -0.01663540817) (-0.003528686803 0.02037824274 0.04504947441) (-0.003164070794 0.009025022069 0.02140179923) (0.00624785832 0.1579116108 -0.02151340043) (0.006866241701 0.01046292845 0.01152429252) (0.006502016633 0.2311477753 -0.2135532388) (0.006218235815 0.07050655316 0.09591322393) (0.001826560717 0.00621396089 0.05546893282) (-0.008462990814 0.02259998162 0.0184505108) (-0.003043953107 0.00977795529 0.01423997323) (0.01915601392 0.1616570526 -0.01960290752) (0.01824080702 0.01160821074 0.01313741217) (0.02053480047 0.2308977913 -0.2114390197) (0.0144860596 0.06856280094 0.08738234928) (0.006587379465 -0.005656374121 -0.0154147095) (0.003439428088 0.02068475395 0.04539018329) (0.003119123591 0.009164924648 0.0215928594) (6.48077817e-06 0.002457099348 -0.000464272361)
0.0036392992      (-0.01938714768 0.162104087 -0.01901312057) (-0.01860574214 0.01140680246 0.01412755501) (-0.02074339638 0.2313898892 -0.2117548396) (-0.01448970346 0.06872375998 0.08763296492) (-0.006790782074 -0.005863887977 -0.01668512919) (-0.00355329404 0.02051993835 0.04536364503) (-0.003186226462 0.009089605264 0.02155096692) (0.006289702168 0.159036 -0.02167225795) (0.006912118555 0.01053384164 0.01159558632) (0.006546187547 0.2327575792 -0.2150980915) (0.006260556488 0.07095919817 0.09659214733) (0.001842658759 0.006258100051 0.05586240998) (-0.008520041106 0.02276090077 0.01857776458) (-0.003064815105 0.009847660145 0.01433956832) (0.01928585492 0.1628062019 -0.01975057711) (0.01836367026 0.01168975413 0.01321757211) (0.02067524772 0.232517091 -0.2129784212) (0.01458396801 0.06900856414 0.08800091397) (0.006633244649 -0.005674400491 -0.01545527724) (0.003463392634 0.02082885361 0.04570700457) (0.003140972876 0.009230597928 0.02174350541) (6.531851998e-06 0.002473877577 -0.0004674561039)
0.0036642992      (-0.01951797744 0.1632479898 -0.01915476874) (-0.01873060164 0.01148600186 0.01421533836) (-0.0208841639 0.2330004833 -0.2132853374) (-0.01458692834 0.06916697456 0.08824869238) (-0.006837772238 -0.005882849968 -0.01673385456) (-0.003577901792 0.02066171644 0.04567787547) (-0.003208386228 0.009154217786 0.0217001554) (0.006331534554 0.1601610019 -0.02183113182) (0.006957980653 0.0106047247 0.01166680507) (0.006590352942 0.2343675489 -0.2166444347) (0.006302867668 0.07141118538 0.09727146866) (0.001858788166 0.006302254838 0.05625606273) (-0.008577068378 0.02292179883 0.01870503711) (-0.003085677281 0.009917396971 0.01443918475) (0.01941566124 0.1639559136 -0.01989834552) (0.01848648806 0.01177129982 0.01329761163) (0.02081568039 0.2341366585 -0.2145191635) (0.0146818524 0.0694539073 0.08861980957) (0.006679097749 -0.005692074383 -0.0154947836) (0.003487352888 0.0209730536 0.04602391453) (0.003162824319 0.009296306602 0.02189418372) (6.583045379e-06 0.002490653498 -0.0004706397884)
0.0036892992      (-0.01964877371 0.1643923628 -0.01929649229) (-0.01885542351 0.01156518933 0.01430303448) (-0.0210249044 0.2346112123 -0.2148170442) (-0.01468411317 0.06960972998 0.08886470032) (-0.00688477922 -0.005901474726 -0.01678159822) (-0.003602507717 0.02080358037 0.04599217651) (-0.003230548156 0.009218859331 0.02184936569) (0.006373344262 0.1612865735 -0.02199000917) (0.007003816495 0.01067557271 0.01173795478) (0.006634503506 0.2359775968 -0.21819219) (0.006345164592 0.07186249846 0.09795116344) (0.001874932501 0.006346414671 0.05664983287) (-0.008634079796 0.02308266415 0.01883232571) (-0.003106542881 0.009987162938 0.01453881842) (0.01954542608 0.1651061459 -0.02004620354) (0.01860925075 0.01185284207 0.01337753912) (0.02095609671 0.2357564366 -0.2160611771) (0.01477969419 0.06989880393 0.08923901836) (0.006724958539 -0.005709406645 -0.01553327293) (0.00351131161 0.02111735104 0.04634091998) (0.003184678553 0.009362050047 0.02204489368) (6.634338324e-06 0.002507425593 -0.0004738238333)
0.0037142992      (-0.01977953726 0.1655373235 -0.01943828453) (-0.01898020969 0.01164436935 0.01439066729) (-0.02116563043 0.2362222503 -0.2163500299) (-0.01478125796 0.0700520585 0.08948106432) (-0.00693181796 -0.005919796021 -0.01682841849) (-0.00362711646 0.02094554235 0.04630657887) (-0.003252715517 0.009283535627 0.02199861188) (0.006415137567 0.1624127501 -0.02214890523) (0.007049634143 0.01074639028 0.01180902322) (0.006678645444 0.2375877666 -0.2197413993) (0.006387457616 0.07231316025 0.09863126541) (0.001891100289 0.006390572304 0.05704369826) (-0.008691084777 0.02324350044 0.01895963871) (-0.003127415087 0.01005696046 0.01463847496) (0.01967515608 0.1662569358 -0.02019415955) (0.01873196572 0.01193438541 0.01345735165) (0.02109650989 0.2373764922 -0.217604455) (0.01487749464 0.07034325431 0.0898585789) (0.006770826505 -0.005726441111 -0.01557085953) (0.003535278782 0.02126175514 0.04665804975) (0.003206539631 0.009427831427 0.0221956474) (6.685749688e-06 0.002524195479 -0.0004770077609)
0.0037392992      (-0.01991026227 0.166682762 -0.01958014915) (-0.01910495445 0.01172354137 0.01447820436) (-0.02130632975 0.2378334642 -0.2178841374) (-0.01487835989 0.07049389694 0.09009773789) (-0.006978879143 -0.005937732594 -0.01687409485) (-0.003651724269 0.02108758287 0.04662100558) (-0.003274885395 0.009348238493 0.02214786095) (0.006456905798 0.1635395106 -0.02230781051) (0.007095425113 0.01081717559 0.0118800091) (0.006722770149 0.2391980427 -0.2212920312) (0.006429739919 0.07276320244 0.09931181638) (0.001907302669 0.006434721533 0.05743765653) (-0.008748073748 0.02340429811 0.01908696851) (-0.003148291269 0.0101267857 0.01473814673) (0.01980484536 0.1674082552 -0.02034220551) (0.0188546255 0.01201592815 0.01353704804) (0.02123690386 0.2389967873 -0.2191489139) (0.01497525666 0.07078722554 0.09047847468) (0.006816710918 -0.005743185566 -0.01560755109) (0.003559236201 0.02140625706 0.0469752937) (0.00322839938 0.009493647066 0.02234643857) (6.737224344e-06 0.002540961725 -0.000480191895)
0.0037642992      (-0.02004095012 0.1678287735 -0.01972207992) (-0.01922965709 0.01180270898 0.01456566377) (-0.0214470089 0.2394450009 -0.2194194744) (-0.01497543683 0.07093528644 0.09071478039) (-0.007025978288 -0.005955339376 -0.01691882317) (-0.003676347653 0.02122971691 0.04693552442) (-0.003297065055 0.009412974774 0.02229714019) (0.006498648144 0.1646668882 -0.0224667354) (0.007141193346 0.01088793363 0.01195090615) (0.00676688146 0.2408084813 -0.2228441374) (0.006472013291 0.07321263588 0.09999284363) (0.001923540437 0.006478860672 0.05783171316) (-0.008805042918 0.02356506752 0.01921432337) (-0.003169171174 0.0101966423 0.01483784) (0.0199344927 0.1685601343 -0.0204903443) (0.01897723494 0.01209747494 0.01361662651) (0.02137727878 0.2406173876 -0.2206945864) (0.01507299719 0.07123074039 0.09109873667) (0.00686262503 -0.005759637322 -0.01564327905) (0.003583201417 0.02155085203 0.04729263732) (0.003250265815 0.009559497716 0.02249726531) (6.788825785e-06 0.002557725928 -0.0004833758046)
0.0037892992      (-0.02017159885 0.1689752599 -0.01986407761) (-0.01935431765 0.01188187191 0.01465302522) (-0.02158765859 0.2410567311 -0.2209559388) (-0.01507249147 0.07137620974 0.09133213884) (-0.007073092071 -0.005972591095 -0.01696254694) (-0.003700976388 0.0213719266 0.04725009309) (-0.003319249281 0.009477739165 0.02244643393) (0.006540360951 0.1657948393 -0.02262567416) (0.007186933032 0.01095866015 0.01202170739) (0.00681098329 0.2424190365 -0.2243976573) (0.006514270398 0.07366142094 0.100674308) (0.001939821859 0.006523018522 0.05822597212) (-0.008861960921 0.02372580876 0.01934169592) (-0.003190041417 0.01026652869 0.01493754691) (0.02006409535 0.1697125353 -0.02063857104) (0.01909978837 0.01217902465 0.01369608175) (0.02151762726 0.2422382477 -0.2222414459) (0.01517071226 0.07167381261 0.09171933582) (0.006908563072 -0.005775701634 -0.01567770132) (0.003607176155 0.02169552131 0.04760997744) (0.003272138768 0.009625377492 0.02264809067) (6.84055669e-06 0.002574486522 -0.0004865599171)
0.0038142992      (-0.02030221061 0.1701223275 -0.02000613779) (-0.01947893949 0.011961034 0.01474030785) (-0.02172828677 0.2426687871 -0.2224936618) (-0.01516951118 0.07181672053 0.09194985086) (-0.007120223271 -0.005989467707 -0.01700518548) (-0.003725608036 0.02151421642 0.04756470881) (-0.003341438072 0.009542534749 0.02259574612) (0.006582044679 0.1669233782 -0.02278463489) (0.007232647649 0.01102935781 0.01209240988) (0.0068550903 0.2440297349 -0.2259526107) (0.006556520977 0.07410953359 0.1013561957) (0.001956145059 0.006567166422 0.05862033812) (-0.008918853289 0.0238865237 0.01946909509) (-0.003210913512 0.01033644653 0.01503727517) (0.0201936612 0.1708654971 -0.02078688353) (0.01922229169 0.01226058093 0.0137754132) (0.02165795501 0.2438594133 -0.2237895464) (0.01526839062 0.07211645665 0.09234027782) (0.006954528199 -0.005791489491 -0.01571116957) (0.003631157836 0.02184027706 0.04792739942) (0.003294018361 0.009691290972 0.02279894732) (6.89239779e-06 0.002591244948 -0.0004897437588)
0.0038392992      (-0.02043278503 0.1712698874 -0.02014826224) (-0.0196035179 0.01204019058 0.01482749674) (-0.02186888526 0.2442810418 -0.2240325476) (-0.01526649269 0.07225676896 0.09256785979) (-0.007167351997 -0.006006008443 -0.01704681871) (-0.003750241012 0.02165658348 0.04787937733) (-0.00336363025 0.009607360006 0.02274507786) (0.006623692989 0.1680524696 -0.02294360461) (0.007278329575 0.01110002281 0.01216302103) (0.00689919619 0.2456405223 -0.2275089414) (0.006598763186 0.07455694469 0.1020384791) (0.00197250827 0.006611303359 0.05901479795) (-0.008975718998 0.02404720874 0.01959651639) (-0.003231787075 0.01040639333 0.01513702146) (0.02032318441 0.1720189925 -0.02093527779) (0.0193447388 0.0123421393 0.01385462796) (0.02179825614 0.2454808307 -0.2253388582) (0.01536603473 0.07255864878 0.09296153679) (0.007000520949 -0.005807015878 -0.01574370512) (0.003655149338 0.02198511396 0.0482448908) (0.003315905098 0.009757235682 0.02294982879) (6.944299391e-06 0.00260799992 -0.0004929277428)
0.0038642992      (-0.02056332191 0.1724180104 -0.02029043924) (-0.01972804678 0.01211934194 0.01491460408) (-0.02200945697 0.2458935887 -0.2255726829) (-0.01536344314 0.07269638223 0.09318620727) (-0.007214456648 -0.006022272597 -0.01708754462) (-0.003774865899 0.02179904189 0.04819415952) (-0.003385822547 0.00967222019 0.02289445154) (0.006665315853 0.1691821476 -0.02310258639) (0.007323985424 0.01117065714 0.01223354212) (0.006943302517 0.2472514483 -0.2290666994) (0.006640997324 0.07500366336 0.1027211784) (0.001988898244 0.006655435242 0.05940936715) (-0.009032562948 0.02420787497 0.01972395604) (-0.003252665784 0.0104763716 0.01523678898) (0.02045266982 0.1731730491 -0.0210837522) (0.01946713621 0.01242370153 0.01393373137) (0.02193853844 0.247102541 -0.2268894232) (0.01546364864 0.07300039833 0.09358313875) (0.007046535469 -0.005822304358 -0.01577532547) (0.003679136684 0.02213004481 0.04856248506) (0.003337794224 0.009823216919 0.02310075101) (6.996391962e-06 0.002624752558 -0.0004961115866)
0.0038892992      (-0.02069382113 0.1735666236 -0.02043266497) (-0.01985253515 0.01219848769 0.01500162812) (-0.02215000052 0.2475063385 -0.2271139897) (-0.01546036213 0.07313552902 0.09380486659) (-0.007261559825 -0.006038303055 -0.01712745573) (-0.003799507221 0.02194159327 0.04850906996) (-0.00340802422 0.009737115707 0.02304387313) (0.006706911072 0.1703123932 -0.02326157834) (0.0073696107 0.01124125931 0.01230397161) (0.006987403624 0.2488624782 -0.2306258524) (0.00668321891 0.07544969044 0.1034042783) (0.002005326273 0.006699581304 0.05980409749) (-0.00908936347 0.02436851815 0.01985139794) (-0.00327354097 0.01054637928 0.01533657098) (0.02058211019 0.1743276415 -0.02123230172) (0.01958947843 0.01250526679 0.01401272191) (0.0220787986 0.2487245112 -0.2284412203) (0.01556123425 0.07344169517 0.09420507637) (0.00709257101 -0.005837298283 -0.01580585858) (0.003703119304 0.02227505913 0.04888012683) (0.003359685302 0.009889230478 0.02325169227) (7.048564131e-06 0.002641501835 -0.0004992956547)
0.0039142992      (-0.02082428387 0.1747157884 -0.02057493789) (-0.01997698243 0.01227763193 0.01508857557) (-0.02229051771 0.2491193646 -0.2286565506) (-0.01555725419 0.07357423795 0.09442388011) (-0.007308660642 -0.006054044022 -0.01716639007) (-0.003824157882 0.02208423005 0.04882405614) (-0.003430233085 0.009802043681 0.02319332384) (0.006748483751 0.1714432249 -0.02342058685) (0.007415209383 0.01131183397 0.01237430852) (0.00703150058 0.2504736399 -0.2321864259) (0.006725431896 0.07589503779 0.104087793) (0.00202180084 0.006743719901 0.06019891898) (-0.009146128009 0.02452913233 0.01997883622) (-0.003294418144 0.01061641625 0.01543637064) (0.02071151025 0.1754827894 -0.02138092245) (0.01971176984 0.01258683719 0.01409159938) (0.02221903778 0.2503467656 -0.2299942863) (0.01565879043 0.07388255235 0.09482737629) (0.007138596726 -0.00585203124 -0.01583542222) (0.003727096315 0.02242016321 0.04919783936) (0.003381577569 0.009955278041 0.02340266385) (7.100925568e-06 0.002658248612 -0.0005024795359)
0.0039392992      (-0.02095471017 0.1758654663 -0.02071726548) (-0.02010138833 0.01235677484 0.01517542809) (-0.02243100136 0.2507326038 -0.2302003202) (-0.01565411157 0.07401248727 0.09504322895) (-0.007355753966 -0.006069440274 -0.0172042232) (-0.003848803495 0.02222694472 0.04913906652) (-0.003452443071 0.009867000672 0.02334278598) (0.006790029109 0.1725746279 -0.02357960767) (0.007460775296 0.01138238163 0.01244455217) (0.007075588122 0.252084907 -0.2337484012) (0.006767633735 0.07633969616 0.1047717197) (0.002038318382 0.006787850955 0.06059383908) (-0.009202849915 0.02468971423 0.02010626558) (-0.003315295392 0.01068648102 0.0155361859) (0.02084087109 0.1766384844 -0.02152961209) (0.01983400724 0.01266841143 0.01417036555) (0.02235925159 0.2519692796 -0.2315486081) (0.01575631205 0.07432295811 0.0954500312) (0.007184618952 -0.005866497111 -0.01586400007) (0.003751079952 0.02256535197 0.04951560617) (0.003403474838 0.01002135654 0.02355365761) (7.153239166e-06 0.002674991977 -0.0005056636028)
0.0039642992      (-0.02108510039 0.1770157059 -0.02085964176) (-0.02022575265 0.01243591753 0.01526220718) (-0.02257145818 0.2523461147 -0.2317453507) (-0.01575093433 0.07445029678 0.09566294557) (-0.007402843683 -0.00608447296 -0.01724089641) (-0.003873452022 0.02236974446 0.04945410234) (-0.00347465649 0.009931989386 0.02349226356) (0.006831551616 0.1737066149 -0.0237386364) (0.007506315661 0.01145290239 0.01251470969) (0.007119671016 0.2536962973 -0.2353117943) (0.006809828134 0.0767836693 0.1054560741) (0.002054852041 0.006831972157 0.06098884) (-0.009259549586 0.02485027761 0.02023368822) (-0.003336182765 0.01075657717 0.01563602437) (0.02097019444 0.1777947438 -0.02167836695) (0.01995619558 0.01274998846 0.01424903022) (0.02249944755 0.253592063 -0.233104191) (0.01585379207 0.07476291506 0.09607305963) (0.007230637186 -0.005880755469 -0.01589172889) (0.003775062476 0.02271064385 0.04983349335) (0.003425374776 0.01008747302 0.023704701) (7.205788627e-06 0.002691732923 -0.0005088475923)
0.0039892992      (-0.02121545188 0.1781664502 -0.02100206249) (-0.02035007268 0.01251505883 0.01534890801) (-0.0227118862 0.2539598255 -0.2332915843) (-0.01584770842 0.07488761472 0.09628302112) (-0.007449950136 -0.006099264347 -0.01727672059) (-0.003898098524 0.02251263728 0.04976923923) (-0.003496871717 0.009997011753 0.02364178166) (0.006873040108 0.1748391479 -0.023897672) (0.007551824353 0.01152339149 0.01258477636) (0.00716374542 0.2553077678 -0.2368765669) (0.006852014369 0.07722695117 0.1061408595) (0.002071400464 0.006876096247 0.06138395244) (-0.009316215083 0.025010822 0.0203610933) (-0.003357075449 0.01082670275 0.01573587957) (0.02109947478 0.1789515369 -0.02182718116) (0.02007832984 0.01283156717 0.01432758928) (0.0226396236 0.2552150714 -0.2346610109) (0.01595122642 0.07520237188 0.09669646149) (0.007276645831 -0.005894757537 -0.01591846266) (0.003799036677 0.0228560377 0.050151475) (0.003447273992 0.01015362658 0.02385578379) (7.258283543e-06 0.002708470422 -0.0005120320448)
0.0040142992      (-0.02134576701 0.1793177367 -0.0211445247) (-0.02047434896 0.01259419945 0.01543553414) (-0.02285228793 0.2555737767 -0.2348390849) (-0.01594444804 0.07532444226 0.0969034909) (-0.007497069639 -0.006113796766 -0.01731160853) (-0.003922744507 0.02265562831 0.0500844741) (-0.003519089978 0.01006206956 0.02379133939) (0.006914501541 0.1759722336 -0.02405673526) (0.007597306465 0.01159385336 0.01265474737) (0.0072078145 0.256919357 -0.2384427641) (0.006894193799 0.07766956604 0.106826124) (0.002087975233 0.006920236681 0.06177922036) (-0.00937284535 0.02517135085 0.02048847796) (-0.003377970205 0.0108968602 0.01583575516) (0.02122871639 0.1801088794 -0.02197606275) (0.02020041377 0.01291315204 0.01440604051) (0.02277978 0.2568383334 -0.2362191172) (0.01604862719 0.07564134014 0.09732026802) (0.007322676843 -0.005908495017 -0.01594420694) (0.003823009352 0.02300152953 0.05046953625) (0.003469176724 0.01021981597 0.02400690175) (7.31103333e-06 0.00272520541 -0.0005152164932)
0.0040392992      (-0.02147604762 0.180469538 -0.02128703274) (-0.02059857942 0.01267333691 0.0155220743) (-0.02299265526 0.2571879203 -0.2363878345) (-0.01604115065 0.07576077187 0.09752434262) (-0.007544203327 -0.006128113178 -0.01734564228) (-0.003947389754 0.02279870751 0.0503997958) (-0.003541310483 0.01012715853 0.02394093153) (0.006955944167 0.1771058555 -0.024215816) (0.007642758545 0.01166428761 0.01272462886) (0.007251874427 0.2585310356 -0.2400103875) (0.006936362954 0.07811150708 0.1075118695) (0.002104568762 0.006964371112 0.06217456792) (-0.009429456116 0.0253318569 0.02061584501) (-0.0033988725 0.01096704732 0.01593565172) (0.02135791803 0.181266759 -0.02212500472) (0.02032244153 0.01299474164 0.01448438753) (0.02291990722 0.2584618241 -0.2377785091) (0.01614599002 0.07607981274 0.09794447136) (0.007368738477 -0.005922008076 -0.01596909226) (0.00384698703 0.02314711558 0.0507876944) (0.003491084857 0.01028603955 0.02415805976) (7.363751803e-06 0.002741937091 -0.0005184013422)
0.0040642992      (-0.02160629072 0.1816218756 -0.02142957988) (-0.02072276397 0.01275247133 0.01560854348) (-0.0231329868 0.2588022843 -0.2379379069) (-0.01613781672 0.07619661208 0.09814559009) (-0.007591350971 -0.00614228617 -0.01737902721) (-0.003972037179 0.02294187743 0.05071524711) (-0.003563534136 0.01019227982 0.02409057408) (0.006997370462 0.1782400295 -0.02437489452) (0.007688184086 0.01173469394 0.01279442876) (0.007295929564 0.2601428043 -0.2415794506) (0.0069785222 0.07855277315 0.1081981039) (0.002121163071 0.007008502259 0.06257001911) (-0.009486052689 0.02549234304 0.02074320014) (-0.003419784154 0.01103726551 0.01603557131) (0.02148707902 0.1824251836 -0.02227399808) (0.02044441627 0.01307633443 0.01456263631) (0.02305999817 0.2600855444 -0.2393392505) (0.01624331358 0.07651779662 0.09856907697) (0.007414835243 -0.005935294114 -0.01599311514) (0.003870968258 0.02329280149 0.05110596468) (0.003512997918 0.01035229972 0.02430926471) (7.416754844e-06 0.00275866619 -0.0005215861443)
0.0040892992      (-0.02173649314 0.1827747213 -0.02157216212) (-0.02084690256 0.0128316025 0.01569493899) (-0.02327327515 0.2604168292 -0.2394893345) (-0.01623444301 0.07663195844 0.09876722317) (-0.007638502551 -0.006156276725 -0.01741165234) (-0.003996688125 0.02308513869 0.05103081578) (-0.00358576146 0.01025743391 0.02424026336) (0.007038778934 0.1793747459 -0.02453396568) (0.00773358126 0.0118050732 0.01286414993) (0.007339964803 0.2617546333 -0.2431499241) (0.007020666795 0.07899333897 0.1088848032) (0.0021377815 0.007052633426 0.06296556501) (-0.009542622913 0.02565278866 0.02087054743) (-0.003440700857 0.01110751212 0.01613550863) (0.02161619261 0.1835841374 -0.02242303984) (0.02056633406 0.01315793092 0.01464077964) (0.02320005461 0.2617094763 -0.2409013782) (0.01634059807 0.07695528473 0.09919407769) (0.007460979673 -0.005948333283 -0.01601625204) (0.0038949472 0.02343857997 0.0514243251) (0.003534913289 0.01041859338 0.02446050695) (7.469797387e-06 0.002775392019 -0.0005247713462)
0.0041142992      (-0.02186665222 0.1839280911 -0.02171476977) (-0.02097099428 0.01291073115 0.01578126828) (-0.02341352521 0.2620315624 -0.2410421662) (-0.01633102882 0.07706681758 0.09938925325) (-0.007685686773 -0.006170050946 -0.01744345776) (-0.004021341358 0.02322848245 0.05134646793) (-0.003607992851 0.0103226178 0.02438998685) (0.007080175469 0.1805100037 -0.02469302565) (0.007778953731 0.01187542633 0.01293380011) (0.007383974173 0.2633665167 -0.2447217924) (0.007062801696 0.07943322338 0.1095719803) (0.002154412122 0.007096757494 0.06336117225) (-0.009599183288 0.02581319069 0.02099790205) (-0.003461630587 0.01117778907 0.01623546901) (0.02174525849 0.1847436167 -0.02257211694) (0.02068820099 0.01323952948 0.01471882619) (0.02334008682 0.2633336022 -0.2424649193) (0.01643784004 0.0773922814 0.09981947699) (0.007507130877 -0.005961147112 -0.01603857449) (0.003918929091 0.02358446604 0.05174282459) (0.00355683264 0.01048492606 0.02461180623) (7.52304329e-06 0.002792115245 -0.0005279565169)
0.0041392992      (-0.02199677042 0.1850819724 -0.02185739511) (-0.02109504021 0.01298985789 0.01586752827) (-0.02355373218 0.2636464556 -0.2425963664) (-0.01642756977 0.07750117935 0.1000116651) (-0.007732904047 -0.006183596194 -0.01747441581) (-0.004046000004 0.02337191586 0.05166221841) (-0.003630229575 0.01038783399 0.02453975136) (0.007121554111 0.1816458125 -0.02485207722) (0.007824294934 0.01194575671 0.01300337427) (0.007427953039 0.2649784742 -0.2462950602) (0.007104923532 0.07987243828 0.1102596505) (0.002171083105 0.007140893134 0.06375691895) (-0.009655706675 0.02597354625 0.0211252628) (-0.003482559166 0.01124809461 0.01633544574) (0.02187428149 0.1859036373 -0.02272122651) (0.02081001458 0.01332113272 0.01479677932) (0.02348009986 0.2649579495 -0.2440298768) (0.01653504136 0.07782878425 0.1004452737) (0.007553289987 -0.005973623575 -0.01605980893) (0.003942912712 0.0237304422 0.05206136736) (0.003578755545 0.01055129145 0.02476312788) (7.57633556e-06 0.002808835361 -0.0005311419577)
0.0041642992      (-0.02212685191 0.1862363903 -0.02200004176) (-0.02121904281 0.01306898578 0.01595372224) (-0.02369391288 0.265261562 -0.2441519407) (-0.0165240777 0.07793505593 0.1006344722) (-0.007780115916 -0.006196744432 -0.017504093) (-0.004070650081 0.02351543503 0.05197797962) (-0.003652466158 0.01045308102 0.02468952648) (0.007162915846 0.182782176 -0.02501112252) (0.007869607743 0.01201606847 0.01307286698) (0.007471913422 0.2665905215 -0.2478697423) (0.007147041266 0.08031098868 0.1109478179) (0.002187809733 0.00718504611 0.06415283475) (-0.009712178483 0.02613385407 0.02125262444) (-0.0035034797 0.01131842737 0.01643543397) (0.02200326936 0.1870641984 -0.02287037374) (0.02093177898 0.01340274336 0.01487463203) (0.02362010593 0.2665825302 -0.2455962267) (0.01663220986 0.07826480211 0.1010714699) (0.00759938291 -0.005985721709 -0.01607978105) (0.00396688109 0.02387650277 0.05237991295) (0.003600675612 0.01061768772 0.02491445901) (7.629807088e-06 0.002825552892 -0.0005343271593)
0.0041892992      (-0.02225690055 0.1873913137 -0.02214270287) (-0.02134300397 0.01314810716 0.01603985511) (-0.02383407711 0.2668768542 -0.2457088358) (-0.01662055527 0.07836844441 0.101257659) (-0.00782731819 -0.006209674546 -0.01753297541) (-0.004095311898 0.02365905786 0.05229388666) (-0.003674709042 0.01051836499 0.0248393609) (0.007204255094 0.1839190846 -0.02517014255) (0.007914887648 0.01208635815 0.01314229544) (0.007515840562 0.2682026454 -0.2494458135) (0.007189147036 0.08074887862 0.1116364703) (0.002204549498 0.007229202718 0.06454885892) (-0.009768628804 0.0262941173 0.02137999668) (-0.003524405813 0.01138878879 0.01653544021) (0.02213221799 0.1882252937 -0.02301955128) (0.02105348921 0.01348435795 0.0149523969) (0.0237601137 0.2682073498 -0.2471639351) (0.01672935071 0.07870033591 0.1016980627) (0.007645466796 -0.005997533089 -0.01609877544) (0.003990847092 0.02402266295 0.05269855727) (0.003622598416 0.01068411991 0.02506582889) (7.683304915e-06 0.002842267286 -0.0005375127516)
0.0042142992      (-0.02238691695 0.1885467802 -0.02228537966) (-0.02146692239 0.01322722524 0.01612592242) (-0.02397422419 0.2684923743 -0.2472670657) (-0.01671701065 0.07880135907 0.101881246) (-0.007874540381 -0.006222332424 -0.01756091841) (-0.00411995824 0.0238027807 0.0526099122) (-0.00369694915 0.01058368432 0.02498924024) (0.007245581402 0.1850565467 -0.02532912504) (0.007960141159 0.01215662743 0.01321165624) (0.007559740569 0.2698149407 -0.2510231345) (0.007231239939 0.08118613107 0.112325619) (0.00222131711 0.007273359182 0.06494498373) (-0.009825055038 0.02645432582 0.02150739193) (-0.003545335341 0.01145917845 0.01663546315) (0.02226112904 0.1893869346 -0.02316875972) (0.02117514655 0.01356597864 0.01503006845) (0.02390012038 0.2698324099 -0.248732992) (0.01682646526 0.07913540197 0.1023250651) (0.007691511961 -0.006009063424 -0.01611678649) (0.004014803995 0.02416891854 0.05301730779) (0.003644521071 0.01075058743 0.02521723739) (7.736998024e-06 0.002858979136 -0.0005406982387)
0.0042392992      (-0.02251690087 0.1897027793 -0.02242807466) (-0.02159079769 0.01330634006 0.01621192546) (-0.02411435222 0.2701080878 -0.2488265951) (-0.01681342582 0.07923379908 0.1025052247) (-0.007921742191 -0.006234724878 -0.0175879201) (-0.004144602906 0.02394660461 0.05292606414) (-0.003719191631 0.0106490405 0.02513916669) (0.007286888269 0.1861945493 -0.02548806366) (0.00800536612 0.0122268772 0.01328095588) (0.007603600443 0.2714272904 -0.252601743) (0.007273318313 0.08162273565 0.1130152617) (0.002238123115 0.007317504221 0.06534116948) (-0.009881464864 0.02661447012 0.02163482197) (-0.003566269095 0.01152959493 0.01673550321) (0.02238999961 0.1905491308 -0.02331800437) (0.02129674879 0.01364760645 0.01510764463) (0.02404012391 0.2714576935 -0.2503033944) (0.01692353055 0.07956998167 0.1029524681) (0.007737517048 -0.006020320563 -0.01613386622) (0.004038760188 0.02431526386 0.05333615953) (0.003666446924 0.01081708799 0.02536868032) (7.790756397e-06 0.002875687974 -0.0005438840298)
0.0042642992      (-0.02264684263 0.1908593263 -0.02257079688) (-0.02171462877 0.01338545667 0.01629785585) (-0.02425445902 0.2717240042 -0.2503874645) (-0.01690979375 0.07966572909 0.1031295908) (-0.007968946812 -0.006246848527 -0.01761397304) (-0.00416924566 0.02409051783 0.05324231713) (-0.003741436561 0.01071442933 0.02528912844) (0.007328192199 0.187333077 -0.02564697153) (0.008050570069 0.01229710968 0.01335019773) (0.007647434318 0.2730396297 -0.2541816845) (0.00731538451 0.08205868522 0.1137053896) (0.002254930946 0.007361628512 0.06573737096) (-0.009937887431 0.0267745564 0.0217623037) (-0.00358721997 0.01160004148 0.01683557086) (0.02251882206 0.1917118777 -0.02346728015) (0.02141829735 0.01372923963 0.01518512933) (0.02418011595 0.2730831725 -0.2518751585) (0.01702055849 0.08000404345 0.1035802593) (0.007783511011 -0.006031352019 -0.01615015588) (0.004062736412 0.02446171108 0.05365516795) (0.003688383944 0.01088362662 0.02552017969) (7.844691205e-06 0.002892394147 -0.0005470698918)
0.0042892992      (-0.0227767412 0.1920164094 -0.0227135518) (-0.02183841409 0.01346458074 0.01638369296) (-0.02439452904 0.2733400867 -0.2519497138) (-0.01700613693 0.08009714567 0.1037543396) (-0.008016172754 -0.006258634108 -0.01763886638) (-0.004193897383 0.0242345009 0.05355858275) (-0.003763687958 0.010779843 0.02543909098) (0.007369487875 0.1884721407 -0.02580585554) (0.008095750559 0.01236732945 0.01341937452) (0.007691244202 0.274651965 -0.2557629614) (0.007357437973 0.08249395902 0.1143960006) (0.002271766093 0.007405732935 0.06613358802) (-0.009994311881 0.02693458234 0.02188983274) (-0.003608183664 0.01167051656 0.01693566174) (0.02264759773 0.1928751769 -0.02361658128) (0.02153979364 0.0138108793 0.01526252287) (0.02432008198 0.2747088279 -0.2534483487) (0.01711756734 0.08043759885 0.10420845) (0.007829464558 -0.006042120339 -0.01616554903) (0.004086724042 0.02460825518 0.05397430832) (0.00371032734 0.01095020214 0.02567172628) (7.898574813e-06 0.002909097151 -0.0005502559089)
0.0043142992      (-0.02290659824 0.1931740512 -0.02285631942) (-0.02196215741 0.01354370817 0.01646945747) (-0.02453456733 0.2749563432 -0.2535134019) (-0.01710245815 0.08052807656 0.1043795044) (-0.008063437452 -0.006270139141 -0.01766279141) (-0.004218577049 0.02437856562 0.05387493032) (-0.003785953947 0.01084528739 0.02558907956) (0.007410766132 0.1896117479 -0.02596472142) (0.00814090119 0.01243754119 0.01348847034) (0.007735035621 0.2762643287 -0.2573455634) (0.007399485259 0.08292855002 0.1150871047) (0.002288633942 0.007449838745 0.06652988978) (-0.01005072892 0.02709455193 0.0220174095) (-0.003629154778 0.0117410218 0.01703577532) (0.02277632588 0.1940390265 -0.02376591805) (0.02166123082 0.01389253292 0.01533980085) (0.02446003039 0.276334654 -0.2550229934) (0.01721454373 0.08087066743 0.1048370627) (0.007875396357 -0.006052605811 -0.01617999549) (0.00411071866 0.02475489389 0.05429356363) (0.00373227695 0.01101681435 0.02582331439) (7.952591981e-06 0.002925797481 -0.0005534418702)
0.0043392992      (-0.02303641242 0.194332219 -0.02299909206) (-0.02208585919 0.01362283545 0.01655514815) (-0.02467457948 0.2765727299 -0.2550785152) (-0.01719873175 0.08095849623 0.1050050701) (-0.008110749479 -0.006281440912 -0.01768599649) (-0.004243267387 0.02452273266 0.05419145845) (-0.003808228223 0.01091077083 0.02573913269) (0.00745201983 0.1907519191 -0.02612357092) (0.008186016988 0.01250774774 0.01355748713) (0.007778811065 0.2778767819 -0.2589294868) (0.007441519176 0.0833624769 0.1157787522) (0.002305538726 0.007493959835 0.06692634097) (-0.01010712675 0.0272544681 0.02214503216) (-0.003650127171 0.01181155728 0.01713590691) (0.02290500224 0.1952034334 -0.02391527713) (0.02178260673 0.01397419992 0.01541696985) (0.0245999621 0.2779606561 -0.2565991181) (0.01731147821 0.08130321717 0.1054660939) (0.007921317671 -0.006062809525 -0.01619342513) (0.004134697153 0.02490162934 0.05461292234) (0.003754224812 0.01108346372 0.02597493993) (8.006700114e-06 0.002942494734 -0.0005566282695)
0.0043642992      (-0.02316618197 0.1954909317 -0.02314186177) (-0.02220951488 0.01370196337 0.01664077384) (-0.02481456041 0.2781892684 -0.2566450867) (-0.01729497493 0.0813883912 0.1056310462) (-0.008158090907 -0.006292525032 -0.01770845678) (-0.0042679584 0.02466698935 0.05450813814) (-0.003830506359 0.01097628792 0.02588923718) (0.007493249924 0.1918926398 -0.0262824008) (0.008231103932 0.01257794863 0.01362642562) (0.007822578465 0.2794893168 -0.2605146945) (0.007483541181 0.08379570923 0.1164709123) (0.002322487875 0.007538089746 0.06732290478) (-0.0101635128 0.02741432856 0.02227269962) (-0.003671103456 0.01188212163 0.01723605599) (0.02303362765 0.1963683803 -0.02406464984) (0.02190392431 0.01405587588 0.0154940402) (0.02473987028 0.2795868114 -0.258176713) (0.01740838603 0.08173524572 0.1060955433) (0.007967218685 -0.006072750514 -0.01620590242) (0.004158657116 0.02504846094 0.05493239254) (0.003776169296 0.01115014962 0.02612660698) (8.061013872e-06 0.002959189301 -0.000559814681)
0.0043892992      (-0.02329590776 0.1966501618 -0.02328463439) (-0.02233312513 0.01378109261 0.01672632428) (-0.0249545042 0.27980591 -0.2582130938) (-0.0173911901 0.08181776487 0.1062574262) (-0.008205442001 -0.006303361789 -0.0177300665) (-0.004292655596 0.0248113363 0.05482494374) (-0.003852790046 0.01104183851 0.02603938515) (0.00753446005 0.1930339302 -0.02644119883) (0.008276158053 0.01264814358 0.01369529461) (0.007866333033 0.2811019689 -0.2621012113) (0.007525549504 0.08422825078 0.1171635878) (0.002339470129 0.007582236681 0.06771963191) (-0.01021987858 0.02757413868 0.02240041952) (-0.003692077495 0.01195271607 0.01733622293) (0.02316220411 0.1975338835 -0.02421404166) (0.02202518614 0.01413756177 0.01557101397) (0.02487975397 0.2812131317 -0.2597558057) (0.01750526716 0.08216676509 0.1067254269) (0.008013122176 -0.006082384974 -0.01621718381) (0.004182616344 0.0251953837 0.0552519146) (0.003798117009 0.01121687041 0.026278295) (8.115447869e-06 0.002975880668 -0.0005630014333)
0.0044142992      (-0.0234255915 0.1978099329 -0.02342741112) (-0.02245669211 0.01386022517 0.01681180002) (-0.02509441828 0.2814226693 -0.2597825784) (-0.01748737734 0.08224662579 0.1068842363) (-0.008252779904 -0.006313873808 -0.01775053571) (-0.004317351704 0.02495576484 0.05514179604) (-0.003875076222 0.01110742009 0.02618955055) (0.007575653312 0.1941757853 -0.02659994976) (0.008321185361 0.01271833197 0.01376409145) (0.007910072728 0.282714729 -0.2636890273) (0.00756754457 0.08466008577 0.1178567671) (0.002356473326 0.007626405998 0.0681165382) (-0.01027623239 0.02773390365 0.02252819969) (-0.003713054344 0.01202334316 0.01743641166) (0.02329073253 0.1986999303 -0.02436344946) (0.02214639397 0.01421925751 0.01564788836) (0.02501961674 0.2828395772 -0.2613363927) (0.01760211883 0.08259777491 0.1073557488) (0.008059030064 -0.006091759024 -0.01622735404) (0.004206574191 0.025342409 0.05557153225) (0.003820067953 0.01128363047 0.0264300207) (8.170048103e-06 0.002992569208 -0.0005661881925)
0.0044392992      (-0.02355523659 0.198970229 -0.02357017977) (-0.02258021902 0.01393935739 0.01689720347) (-0.02523429754 0.2830395123 -0.2613535273) (-0.01758353322 0.08267497118 0.1075114655) (-0.008300093284 -0.006324111151 -0.01776997897) (-0.004342062217 0.02510028927 0.05545874824) (-0.003897370712 0.0111730379 0.0263397541) (0.007616826524 0.1953182132 -0.02675863121) (0.008366183024 0.0127885118 0.01383282544) (0.007953792995 0.2843276097 -0.2652781647) (0.007609525547 0.08509120515 0.1185504534) (0.002373485153 0.007670578698 0.06851356341) (-0.01033258336 0.02789362005 0.02265603972) (-0.00373403875 0.01209400142 0.01753662129) (0.02341921548 0.1998665204 -0.02451286241) (0.02226754748 0.01430096194 0.01572466923) (0.02515945611 0.2844661515 -0.2629184791) (0.01769894133 0.08302827533 0.1079865112) (0.008104938557 -0.006100913246 -0.01623657353) (0.004230524517 0.0254895413 0.05589128306) (0.003842018962 0.01135043115 0.0265817966) (8.224726402e-06 0.003009254574 -0.000569375333)
0.0044642992      (-0.02368484711 0.2001310718 -0.02371293582) (-0.02270370677 0.01401848958 0.01698253911) (-0.02537415129 0.2846564916 -0.2629259514) (-0.01767965899 0.08310281208 0.108139137) (-0.00834739226 -0.006334097499 -0.01778845001) (-0.004366766849 0.02524491435 0.05577583829) (-0.003919665732 0.01123869375 0.02649000917) (0.007657975473 0.1964612067 -0.02691723867) (0.008411153412 0.01285868299 0.01390149399) (0.007997495077 0.2859406102 -0.2668687055) (0.00765149432 0.08552160129 0.119244652) (0.002390499905 0.007714747143 0.06891068239) (-0.01038894465 0.02805329829 0.02278394156) (-0.003755033232 0.01216469165 0.01763685707) (0.02354765571 0.2010336541 -0.02466228648) (0.02238864686 0.01438267675 0.01580135106) (0.02529928195 0.2860928652 -0.264502035) (0.01779572996 0.08345826859 0.1086177237) (0.008150890027 -0.006109839947 -0.01624471356) (0.004254491761 0.02563677211 0.05621114465) (0.003863979778 0.01141726971 0.02673361615) (8.279561043e-06 0.003025937181 -0.0005725626829)
0.0044892992      (-0.02381441884 0.2012924266 -0.02385567662) (-0.0228271519 0.01409762018 0.01706780384) (-0.02551397475 0.2862735573 -0.2644997838) (-0.01777574947 0.08353013184 0.1087672408) (-0.00839466898 -0.006343845651 -0.01780602204) (-0.004391462649 0.02538963115 0.0560930546) (-0.00394195977 0.01130438412 0.0266403115) (0.007699100016 0.1976047467 -0.02707577373) (0.008456095548 0.01292884278 0.01397011078) (0.008041175135 0.2875537154 -0.2684606566) (0.007693448937 0.08595126927 0.1199393672) (0.002407512604 0.007758873303 0.0693077823) (-0.0104453436 0.0282129404 0.02291190379) (-0.003776049339 0.01223541183 0.01773712224) (0.02367604765 0.2022013312 -0.02481171213) (0.02250968986 0.01446439774 0.01587795036) (0.02543908808 0.2877196985 -0.2660870334) (0.01789248632 0.08388774516 0.1092493921) (0.008196855027 -0.006118599409 -0.0162521053) (0.004278475869 0.02578410533 0.056531182) (0.003885949808 0.01148414694 0.02688550113) (8.334519482e-06 0.003042616694 -0.0005757504125)
0.0045142992      (-0.02394394859 0.2024543163 -0.0239984024) (-0.0229505533 0.01417674944 0.01715301095) (-0.02565376745 0.2878907446 -0.2660750394) (-0.01787180953 0.08395693939 0.1093958034) (-0.008441900475 -0.006353337181 -0.01782267476) (-0.004416131821 0.02553444298 0.05641039681) (-0.003964245314 0.01137010961 0.02679065981) (0.007740201108 0.1987487969 -0.02723427204) (0.008501014467 0.01299899296 0.01403866696) (0.008084854899 0.2891668846 -0.2700539589) (0.007735391703 0.08638020561 0.1206346018) (0.002424565721 0.007802974927 0.06970488999) (-0.0105017627 0.02837254837 0.02303991039) (-0.003797079654 0.01230615893 0.01783740933) (0.02380439017 0.2033695244 -0.024961134) (0.02263067792 0.0145461226 0.0159544684) (0.02557887159 0.2893466216 -0.2676734325) (0.01798921141 0.08431670563 0.1098815235) (0.008242828349 -0.006127174556 -0.01625870998) (0.00430246018 0.02593153232 0.05685136817) (0.003907922767 0.01155105905 0.02703744087) (8.389557101e-06 0.003059293307 -0.0005789384449)
0.0045392992      (-0.02407343624 0.203616723 -0.02414111792) (-0.02307391355 0.01425587964 0.01723814508) (-0.02579352028 0.2895080158 -0.2676516929) (-0.01796783406 0.08438323034 0.1100248188) (-0.00848909776 -0.006362554557 -0.01783834234) (-0.004440807587 0.02567934734 0.05672784914) (-0.003986535574 0.01143586874 0.02694104748) (0.007781275771 0.199893343 -0.02739277377) (0.008545902559 0.01306913736 0.01410715357) (0.008128558631 0.2907801409 -0.2716485346) (0.007777323628 0.08680841624 0.1213303689) (0.002441655094 0.007847077325 0.07010206709) (-0.01055817611 0.02853213322 0.02316793888) (-0.00381811478 0.01237693262 0.01793771238) (0.02393268797 0.2045382556 -0.02511056026) (0.02275160709 0.01462785667 0.01603089782) (0.02571863419 0.2909736621 -0.2692612595) (0.01808589967 0.08474515178 0.1105141234) (0.008288795376 -0.006135521392 -0.01626431828) (0.004326433021 0.02607905159 0.05717165658) (0.003929893937 0.01161800549 0.02718941938) (8.444721459e-06 0.003075966827 -0.0005821267099)
0.0045642992      (-0.02420288818 0.2047796705 -0.02428381534) (-0.02319723203 0.01433501164 0.017323214) (-0.02593323892 0.2911254081 -0.2692297591) (-0.0180638214 0.08480900768 0.1106542985) (-0.008536270692 -0.006371541742 -0.01785309596) (-0.004465494696 0.02582435299 0.05704544817) (-0.004008833024 0.01150166552 0.0270914906) (0.00782232128 0.2010383851 -0.02755128435) (0.008590760105 0.01313927831 0.01417556595) (0.008172285515 0.2923935172 -0.2732443633) (0.00781924859 0.08723590342 0.1220266762) (0.002458768672 0.007891200501 0.07049939258) (-0.01061457233 0.02869170639 0.02329599631) (-0.003839148534 0.01244773629 0.0180380343) (0.02406094155 0.2057075324 -0.02526000667) (0.02287248036 0.01470960438 0.01610722164) (0.02585837583 0.292600843 -0.2708505247) (0.01818255026 0.08517308154 0.111147196) (0.008334783473 -0.006143596106 -0.01626869116) (0.004350408353 0.02622666153 0.05749199255) (0.003951869608 0.01168498598 0.02734142038) (8.500059709e-06 0.003092637661 -0.0005853150926)
0.0045892992      (-0.02433229884 0.2059431412 -0.02442650749) (-0.02332050664 0.01441414775 0.01740820562) (-0.02607292444 0.2927429069 -0.2708092219) (-0.01815977259 0.08523425738 0.1112842317) (-0.008583437364 -0.006380246624 -0.01786666133) (-0.004490193375 0.02596943963 0.05736308788) (-0.004031139121 0.01156749271 0.02724195217) (0.007863338817 0.2021839292 -0.02770979701) (0.008635588012 0.01320941605 0.01424390212) (0.008216005167 0.2940070094 -0.2748414084) (0.007861163461 0.08766265294 0.122723528) (0.002475905386 0.007935328863 0.07089682333) (-0.01067096582 0.02885127945 0.02342408166) (-0.003860190105 0.01251857165 0.01813837946) (0.02418915263 0.2068773548 -0.02540946825) (0.02299329837 0.01479136437 0.01618344377) (0.02599811028 0.2942281635 -0.2724412234) (0.01827916746 0.08560048428 0.1117807358) (0.008380787827 -0.006151453396 -0.01627206717) (0.004374390738 0.02637437522 0.05781245368) (0.003973850921 0.0117520051 0.02749346963) (8.555518457e-06 0.003109305445 -0.0005885036957)
0.0046142992      (-0.02446166912 0.2071071662 -0.02456919924) (-0.02344373892 0.01449329277 0.01749311227) (-0.02621258517 0.2943605641 -0.272390123) (-0.01825569354 0.08565898988 0.1119146398) (-0.008630637982 -0.006388639249 -0.01787886105) (-0.004514907874 0.02611459496 0.05768069749) (-0.004053456282 0.01163334614 0.02739240748) (0.007904331556 0.2033299899 -0.02786831779) (0.00868038705 0.01327955362 0.01431215785) (0.008259675264 0.2956206368 -0.2764396233) (0.007903066601 0.08808869577 0.123420956) (0.002493060196 0.007979459915 0.07129438621) (-0.0107273515 0.02901086145 0.02355219795) (-0.003881235965 0.01258943974 0.01823874958) (0.02431732172 0.2080477316 -0.02555894851) (0.0231140625 0.01487314016 0.01625955863) (0.02613784234 0.2958556603 -0.2740333819) (0.0183757548 0.0860273704 0.1124147645) (0.008426790555 -0.006159062573 -0.01627430699) (0.004398381949 0.02652218791 0.05813300277) (0.003995839447 0.01181906159 0.02764555636) (8.611024344e-06 0.003125970727 -0.0005916922343)
0.0046392992      (-0.02459099577 0.2082717062 -0.02471187775) (-0.02356692762 0.01457244251 0.0175779343) (-0.0263522192 0.2959783374 -0.2739724194) (-0.01835158233 0.08608318845 0.112545509) (-0.0086778771 -0.006396761622 -0.01788990282) (-0.004539637142 0.0262598244 0.05799833491) (-0.004075782898 0.01169922665 0.0275428743) (0.007945306163 0.2044765396 -0.02802681787) (0.008725157913 0.01334968397 0.01438034973) (0.008303302451 0.2972343112 -0.2780389799) (0.007944956994 0.08851402378 0.1241189557) (0.002510197796 0.008023543456 0.0716919545) (-0.0107837728 0.02917045835 0.02368035213) (-0.003902305869 0.01266034064 0.01833915231) (0.02444545009 0.2092186397 -0.02570842967) (0.02323477223 0.0149549243 0.01633558689) (0.02627757724 0.2974832974 -0.2756269631) (0.01847231261 0.08645372316 0.1130492675) (0.008472804431 -0.00616647421 -0.01627575333) (0.004422390666 0.02667011447 0.05845373959) (0.004017837436 0.01188616066 0.02779771674) (8.666569615e-06 0.003142632889 -0.0005948810698)
0.0046642992      (-0.02472027568 0.2094367773 -0.02485453043) (-0.02369007477 0.01465159377 0.01766269127) (-0.02649180894 0.2975962749 -0.2755561346) (-0.01844744299 0.08650687209 0.1131768652) (-0.008725115767 -0.006404640656 -0.01789985433) (-0.004564364808 0.02640514918 0.0583160662) (-0.004098111957 0.01176514265 0.0276933792) (0.007986261322 0.2056236176 -0.02818526563) (0.008769901645 0.01341980758 0.01444848391) (0.008346907225 0.2988480639 -0.2796395302) (0.007986837718 0.08893864029 0.1248175465) (0.00252738113 0.008067627971 0.07208967332) (-0.01084019205 0.02933008282 0.02380853203) (-0.003923380153 0.01273127379 0.0184395799) (0.0245735272 0.2103900891 -0.02585791081) (0.02335542904 0.01503671852 0.01641152864) (0.02641728237 0.2991111197 -0.2772219895) (0.0185688377 0.08687956531 0.1136842729) (0.008518848135 -0.006173652126 -0.01627614073) (0.004446408263 0.02681813451 0.05877456936) (0.004039843158 0.01195329498 0.02794991554) (8.722216325e-06 0.0031592926 -0.0005980700467)
0.0046892992      (-0.02484949214 0.2106023022 -0.0249971228) (-0.0238131764 0.01473073938 0.01774739121) (-0.02663130704 0.2992143603 -0.2771411902) (-0.01854325858 0.08693002405 0.1138086981) (-0.008772366783 -0.006412326996 -0.01790898855) (-0.004589107081 0.02655057046 0.05863394512) (-0.004120449855 0.01183109422 0.02784393994) (0.008027187338 0.2067711982 -0.02834364141) (0.008814614208 0.01348992082 0.01451655842) (0.008390483267 0.3004617861 -0.2812412532) (0.008028708531 0.08936250867 0.1255167026) (0.002544596452 0.00811168646 0.07248747301) (-0.01089661372 0.02948972718 0.02393673097) (-0.003944462804 0.01280223472 0.01854002671) (0.02470153487 0.2115620014 -0.02600735989) (0.02347602558 0.01511851825 0.01648738553) (0.02655691898 0.3007391215 -0.2788183866) (0.01866532034 0.08730486923 0.114319768) (0.008564919832 -0.006180611242 -0.01627567082) (0.004470419125 0.02696624797 0.05909552477) (0.004061850057 0.01202046368 0.02810216214) (8.778025613e-06 0.003175949232 -0.0006012592711)
0.0047142992      (-0.02497866256 0.2117682579 -0.02513961664) (-0.02393623319 0.01480987587 0.01783205413) (-0.02677075455 0.3008326786 -0.2787275659) (-0.01863904242 0.08735264436 0.114441024) (-0.008819624177 -0.006419871085 -0.01791755263) (-0.004613857063 0.02669610268 0.05895205054) (-0.004142793703 0.01189708653 0.02799458677) (0.008068089729 0.2079193001 -0.02850196623) (0.008859296067 0.01356002607 0.01458457583) (0.008434014444 0.3020755003 -0.2828441502) (0.00807057216 0.08978564468 0.1262164576) (0.002561861415 0.008155730003 0.07288532418) (-0.01095304221 0.02964939476 0.02406495205) (-0.003965558994 0.01287322349 0.01864049309) (0.02482949225 0.2127343548 -0.02615674346) (0.02359656274 0.01520032018 0.01656315649) (0.02669653357 0.3023673902 -0.2804161259) (0.01876177368 0.087729649 0.1149557738) (0.008611001161 -0.006187340878 -0.01627435913) (0.004494417284 0.02711446732 0.05941664174) (0.004083855103 0.01208767074 0.02825447164) (8.833999155e-06 0.003192603233 -0.000604448889)
0.0047392992      (-0.02510782054 0.2129346183 -0.02528203134) (-0.02405924487 0.01488900556 0.01791666106) (-0.02691023852 0.3024512102 -0.2803152289) (-0.01873479846 0.08777473629 0.115073843) (-0.008866885395 -0.006427224757 -0.01792534393) (-0.004638609157 0.02684173048 0.05927030732) (-0.004165141944 0.01196311305 0.02814529028) (0.008108967136 0.2090679365 -0.02866023067) (0.00890394635 0.01363012534 0.01465252506) (0.008477512088 0.3036891996 -0.284448228) (0.00811242494 0.09020805335 0.1269168347) (0.002579166092 0.008199752964 0.07328326717) (-0.01100946437 0.02980909098 0.0241931997) (-0.00398666237 0.01294424125 0.01874097884) (0.02495742754 0.2139071407 -0.02630608398) (0.02371704247 0.01528212664 0.01663884124) (0.02683619597 0.3039958904 -0.2820152133) (0.01885819968 0.08815390195 0.1155922863) (0.008657112211 -0.00619378434 -0.01627204648) (0.004518404154 0.02726278469 0.05973787484) (0.004105859304 0.01215491362 0.02840682709) (8.890102247e-06 0.003209254111 -0.0006076387798)
0.0047642992      (-0.02523694513 0.2141014814 -0.02542441822) (-0.02418221047 0.01496813541 0.01800120791) (-0.02704970952 0.3040699345 -0.2819042996) (-0.01883052534 0.08819630124 0.1157071608) (-0.00891415104 -0.006434356834 -0.01793233708) (-0.004663357254 0.02698746385 0.05958875242) (-0.004187491954 0.01202917738 0.02829606385) (0.008149820163 0.2102171565 -0.02881841367) (0.008948566331 0.01370022039 0.01472041107) (0.008520987046 0.3053029581 -0.2860535277) (0.008154277535 0.09062977681 0.1276178609) (0.002596484197 0.008243751139 0.07368123104) (-0.01106589683 0.02996881374 0.02432148265) (-0.004007779919 0.01301528893 0.01884148895) (0.02508532289 0.2150804495 -0.02645542671) (0.02383746399 0.01536394398 0.01671443973) (0.0269758694 0.3056246121 -0.2836157642) (0.01895459614 0.08857763223 0.1162293168) (0.008703235241 -0.006199932337 -0.01626881311) (0.0045423891 0.02741120455 0.06005926502) (0.004127866347 0.01222219484 0.02855924114) (8.946373162e-06 0.003225902239 -0.0006108290774)
0.0047892992      (-0.02536601163 0.2152688269 -0.02556678031) (-0.02430512515 0.01504726385 0.0180856925) (-0.02718911431 0.3056888065 -0.2834947739) (-0.01892621858 0.08861732628 0.1163409641) (-0.008961430347 -0.006441279781 -0.01793856479) (-0.004688113578 0.02713330065 0.05990739081) (-0.004209847598 0.01209527897 0.0284469082) (0.008190647704 0.2113669278 -0.02897650497) (0.008993156733 0.01377030896 0.01478823128) (0.008564443653 0.3069167428 -0.287659983) (0.008196114916 0.09105082458 0.1283195144) (0.002613697667 0.00828784297 0.07407915203) (-0.01112234473 0.03012856112 0.02444980354) (-0.00402891331 0.01308636657 0.0189420245) (0.02521315432 0.2162542613 -0.02660477224) (0.02395781943 0.01544577121 0.01678994037) (0.02711549553 0.3072535 -0.2852177626) (0.01905095857 0.08900082528 0.1168668436) (0.008749410163 -0.006205808895 -0.01626453424) (0.004566393365 0.02755972953 0.06038080279) (0.004149883801 0.01228951515 0.02871170867) (9.002766377e-06 0.003242547028 -0.00061401974)
0.0048142992      (-0.02549501856 0.2164366406 -0.0257090955) (-0.02442799233 0.01512638819 0.01817012548) (-0.0273284358 0.3073078869 -0.2850866902) (-0.01902187724 0.08903783636 0.1169752673) (-0.009008701215 -0.006448019023 -0.0179440642) (-0.004712865079 0.02727924793 0.060226234) (-0.004232204037 0.01216142153 0.02859782824) (0.008231450543 0.2125172701 -0.02913449969) (0.009037718514 0.0138403918 0.01485599285) (0.008607881549 0.3085306007 -0.2892676107) (0.008237937791 0.0914711571 0.1290217824) (0.002630893503 0.008331962197 0.0744771378) (-0.01117879509 0.03028833395 0.024578157) (-0.00405005889 0.01315747537 0.01904258246) (0.02534091476 0.2174285545 -0.0267540984) (0.02407811263 0.01552760531 0.01686534489) (0.02725505118 0.3088826459 -0.2868212241) (0.01914728565 0.08942351124 0.1175048876) (0.008795621695 -0.006211444989 -0.01625932885) (0.004590385354 0.02770836497 0.06070250408) (0.004171900581 0.01235687726 0.02886423695) (9.059330797e-06 0.003259188917 -0.0006172107682)
0.0048392992      (-0.02562397728 0.2176049003 -0.0258513508) (-0.02455081286 0.01520551139 0.01825449604) (-0.02746771475 0.3089272555 -0.2866799997) (-0.01911750023 0.08945783502 0.1176100705) (-0.009055998506 -0.00645456235 -0.01794872742) (-0.004737606241 0.02742529243 0.06054523092) (-0.004254560082 0.01222760035 0.02874880403) (0.008272231322 0.2136681619 -0.02929239697) (0.009082254368 0.01391046768 0.01492369698) (0.008651293499 0.3101445257 -0.290876374) (0.00827974342 0.0918907149 0.1297246356) (0.002648080393 0.008376055146 0.07487515105) (-0.01123527525 0.03044813713 0.02470656011) (-0.004071225182 0.01322861607 0.0191431687) (0.0254686237 0.2186033008 -0.02690337788) (0.02419834901 0.01560944557 0.01694067257) (0.02739458717 0.3105121128 -0.288426087) (0.01924357211 0.08984568058 0.1181434436) (0.008841852929 -0.006216823012 -0.01625325607) (0.004614376003 0.02785711363 0.06102438671) (0.004193920118 0.01242428321 0.02901683395) (9.115997543e-06 0.003275827672 -0.0006204021456)
0.0048642992      (-0.02575292099 0.2187736327 -0.02599356761) (-0.02467358839 0.01528464205 0.01833878139) (-0.02760703227 0.3105469486 -0.2882747545) (-0.01921308256 0.08987732704 0.1182454031) (-0.00910330834 -0.006460780093 -0.01795207748) (-0.004762342288 0.02757141135 0.06086424721) (-0.00427691743 0.012293807 0.02889978388) (0.00831299254 0.2148196228 -0.02945021182) (0.009126766448 0.01398054143 0.0149913327) (0.008694673878 0.3117585429 -0.2924863204) (0.008321535149 0.09230954271 0.1304280948) (0.002665139709 0.008420291545 0.07527315289) (-0.0112917661 0.03060797707 0.02483501817) (-0.004092400166 0.01329978917 0.01924378071) (0.02559631365 0.2197785331 -0.02705263248) (0.02431853269 0.01569129853 0.01701590713) (0.02753417085 0.3121419124 -0.2900324152) (0.01933981905 0.09026733485 0.1187825407) (0.008888085922 -0.006221749641 -0.01624600013) (0.004638377238 0.02800596214 0.06134638195) (0.004215946725 0.01249172819 0.02916947362) (9.172787631e-06 0.003292463656 -0.0006235934852)
0.0048892992      (-0.02588183747 0.2199428651 -0.02613576827) (-0.02479631626 0.01536377574 0.01842299847) (-0.02774634502 0.3121668631 -0.2898709884) (-0.0193086241 0.09029628449 0.1188812633) (-0.009150638308 -0.00646669779 -0.01795422686) (-0.004787084977 0.02771762073 0.06118336889) (-0.004299281289 0.01236004837 0.02905080104) (0.008353736481 0.2159716552 -0.02960792822) (0.009171256739 0.01405061011 0.01505890527) (0.00873803306 0.313372705 -0.2940973847) (0.008363315145 0.09272766046 0.1311321629) (0.00268217014 0.008464521343 0.07567113353) (-0.01134830207 0.0307678554 0.02496354375) (-0.004113598023 0.01337099556 0.01934442663) (0.02572396663 0.2209542729 -0.02720188134) (0.0244386604 0.01577316009 0.01709106281) (0.02767375667 0.3137719393 -0.2916402303) (0.01943601486 0.09068844021 0.1194221816) (0.008934406591 -0.006226393117 -0.01623795693) (0.00466240182 0.02815491796 0.06166858058) (0.004237986121 0.01255921452 0.02932218596) (9.229645966e-06 0.003309096541 -0.0006267851935)
0.0049142992      (-0.02601069905 0.2211126249 -0.02627795549) (-0.02491899466 0.01544291665 0.01850714) (-0.02788558422 0.3137869981 -0.2914687058) (-0.01940410285 0.09071466177 0.1195176617) (-0.009197985605 -0.0064723473 -0.0179553715) (-0.004811844099 0.02786392422 0.0615026159) (-0.004321654624 0.01242632553 0.02920186146) (0.008394455496 0.2171242891 -0.02976554291) (0.009215719741 0.014120675 0.01512642055) (0.008781373066 0.3149870454 -0.2957096082) (0.00840508407 0.09314511827 0.1318368766) (0.002699222371 0.00850870683 0.07606917767) (-0.01140486988 0.03092777259 0.02509213359) (-0.004134812765 0.01344223544 0.01944510311) (0.02585156212 0.2221305781 -0.02735112721) (0.02455873755 0.01585503558 0.01716614381) (0.02781329457 0.3154022443 -0.2932495746) (0.01953215442 0.09110895405 0.1200623937) (0.008980767592 -0.006230744276 -0.01622896828) (0.004686434476 0.02830398115 0.0619909298) (0.004260032479 0.01262674294 0.02947495679) (9.286648092e-06 0.003325726603 -0.0006299771312)
0.0049392992      (-0.02613952811 0.2222829025 -0.02642011791) (-0.02504162498 0.01552206444 0.01859120666) (-0.02802481965 0.3154073652 -0.2930679046) (-0.01949953505 0.0911324268 0.1201546244) (-0.009245394398 -0.006477688384 -0.01795550097) (-0.004836640044 0.02801031551 0.06182197359) (-0.004344046274 0.01249263644 0.02935296016) (0.008435150571 0.2182774998 -0.02992306213) (0.00926015905 0.0141907366 0.01519387056) (0.008824699352 0.3166015351 -0.2973229494) (0.008446841525 0.09356194943 0.1325422429) (0.00271630893 0.008552853422 0.07646731285) (-0.01146147218 0.03108773357 0.02522079267) (-0.004156044705 0.0135135106 0.01954581374) (0.02597911577 0.2233074141 -0.02750035788) (0.02467875847 0.01593692736 0.01724112432) (0.0279528434 0.3170328079 -0.2948604194) (0.01962826529 0.0915288565 0.1207031796) (0.009027256933 -0.006234839295 -0.01621914732) (0.004710488889 0.0284531501 0.0623134436) (0.00428209254 0.01269431214 0.0296277885) (9.34373493e-06 0.003342353624 -0.000633169427)
0.0049642992      (-0.02626832345 0.2234537355 -0.02656226445) (-0.02516420911 0.01560121934 0.01867520376) (-0.02816404696 0.3170279407 -0.2946686279) (-0.01959499816 0.09154961044 0.1207921084) (-0.00929281278 -0.006482640242 -0.01795451327) (-0.004861450919 0.02815680155 0.06214145261) (-0.004366447432 0.01255898447 0.02950410304) (0.008475818989 0.2194313064 -0.03008049824) (0.009304571556 0.01426079776 0.01526125185) (0.008868011068 0.318216211 -0.298937422) (0.008488588131 0.09397816671 0.1332483) (0.002733450131 0.008596987487 0.07686559952) (-0.01151808406 0.03124773524 0.02534951515) (-0.004177278604 0.01358481911 0.01964655089) (0.02610662809 0.2244848474 -0.02764960118) (0.02479872365 0.0160188428 0.01731599752) (0.02809239649 0.3186636488 -0.2964728487) (0.01972446446 0.09194826909 0.1213444721) (0.00907379265 -0.006238576173 -0.01620809801) (0.004734571619 0.02860240866 0.06263603303) (0.004304168429 0.01276191588 0.0297806477) (9.401053022e-06 0.003358977809 -0.0006363618942)
0.0049892992      (-0.02639706981 0.2246251818 -0.0267044234) (-0.02528674307 0.0156803917 0.01875910361) (-0.02830320921 0.3186487391 -0.2962709342) (-0.01969054322 0.09196640628 0.1214300443) (-0.009340226533 -0.006487135623 -0.01795213696) (-0.004886235985 0.02830334378 0.06246089457) (-0.004388841751 0.01262535463 0.02965523129) (0.008516460287 0.2205856903 -0.03023786424) (0.009348959907 0.0143308589 0.01532855995) (0.008911311861 0.319831061 -0.3005529943) (0.008530322815 0.09439374093 0.133955071) (0.002750646264 0.008641093281 0.07726394136) (-0.01157472341 0.03140776744 0.02547830402) (-0.004198522783 0.01365615873 0.01974731351) (0.02623409053 0.2256629104 -0.02779886062) (0.02491863286 0.01610078402 0.01739075912) (0.02823191307 0.3202947479 -0.2980868813) (0.01982067763 0.09236736235 0.1219862159) (0.009120295098 -0.006242141208 -0.01619621746) (0.004758667163 0.0287517648 0.06295873316) (0.004326251672 0.01282955751 0.02993355034) (9.458422739e-06 0.00337559886 -0.0006395545061)
0.0050142992      (-0.02652577769 0.2257972221 -0.02684658466) (-0.02540922748 0.01575957904 0.01884291079) (-0.02844233605 0.3202697691 -0.2978748025) (-0.01978602772 0.09238285371 0.12206844) (-0.009387629428 -0.006491419181 -0.01794880617) (-0.004911013028 0.02844996106 0.06278034451) (-0.004411236237 0.0126917544 0.02980636707) (0.008557071607 0.2217406379 -0.0303951776) (0.009393319436 0.01440092175 0.01539579069) (0.008954572902 0.3214461041 -0.3021696361) (0.00857204538 0.09480867776 0.1346625868) (0.002767878454 0.008685187071 0.0776624093) (-0.01163137613 0.03156783516 0.02560716332) (-0.004219768514 0.0137275309 0.01984810199) (0.02636150678 0.2268415872 -0.02794813443) (0.02503848837 0.01618275033 0.01746541127) (0.02837142464 0.3219261129 -0.2997025049) (0.01991679353 0.09278604212 0.122628456) (0.009166813984 -0.006245491527 -0.01618327673) (0.004782791023 0.02890120898 0.06328146992) (0.004348348756 0.01289723418 0.03008647277) (9.515971465e-06 0.003392217243 -0.0006427470629)
0.0050392992      (-0.0266544435 0.2269698235 -0.02698871909) (-0.0255316614 0.01583876852 0.01892666797) (-0.02858139422 0.3218909996 -0.2994801752) (-0.01988141058 0.09279880434 0.1227073266) (-0.009435059174 -0.006495526419 -0.01794471266) (-0.004935800746 0.02859669355 0.06309998456) (-0.004433638422 0.01275819926 0.02995757813) (0.008597666206 0.2228961096 -0.03055240292) (0.009437653842 0.01447097872 0.01546296667) (0.00899779088 0.323061285 -0.303786948) (0.008613736682 0.09522281296 0.1353707559) (0.002785113289 0.00872924187 0.07806088796) (-0.01168807231 0.0317279266 0.02573608591) (-0.004241033119 0.0137989339 0.01994891514) (0.02648887258 0.2280208336 -0.02809740279) (0.02515828569 0.01626473328 0.01753997396) (0.02851087648 0.3235576864 -0.3013196474) (0.02001284152 0.0932041863 0.1232711994) (0.009213347698 -0.006248695226 -0.01616965618) (0.004806900676 0.02905076395 0.06360440528) (0.004370443372 0.01296495392 0.03023947068) (9.573630013e-06 0.003408832701 -0.0006459401511)
0.0050642992      (-0.02678305884 0.2281429337 -0.02713082911) (-0.02565404273 0.01591796149 0.01901036536) (-0.02872038167 0.323512475 -0.3010869885) (-0.01997680777 0.09321425203 0.123346699) (-0.009482522011 -0.006499572086 -0.01794008397) (-0.004960606898 0.02874354293 0.0634198176) (-0.004456051546 0.01282468995 0.03010886678) (0.008638243863 0.224052125 -0.03070952526) (0.009481964493 0.01454103075 0.01553009231) (0.009040991804 0.3246765798 -0.3054047873) (0.008655409569 0.09563615581 0.1360795675) (0.002802368012 0.008773274317 0.07845944536) (-0.01174480141 0.03188804785 0.0258650723) (-0.00426231109 0.01387036995 0.02004975338) (0.02661618758 0.2292006006 -0.02824666458) (0.02527802687 0.01634673114 0.0176144521) (0.028650288 0.3251895578 -0.3029382556) (0.02010894494 0.09362191425 0.1239144495) (0.009259869546 -0.006251762668 -0.01615525744) (0.004830995955 0.02920043243 0.06392750037) (0.004392536204 0.01303271812 0.03039253322) (9.631484842e-06 0.00342544545 -0.0006491336569)
0.0050892992      (-0.02691162513 0.2293165159 -0.0272728945) (-0.02577636996 0.01599715508 0.01909400712) (-0.02885933911 0.3251342211 -0.3026951929) (-0.02007218647 0.09362933664 0.1239865764) (-0.009530020607 -0.006503380483 -0.01793457095) (-0.00498543066 0.02889049842 0.06373983428) (-0.004478473988 0.0128912215 0.03026022486) (0.008678804062 0.2252086439 -0.03086655126) (0.009526254857 0.01461107739 0.01559715989) (0.009084191573 0.3262919385 -0.3070231206) (0.008697079191 0.09604862139 0.1367889698) (0.002819641376 0.008817278425 0.07885805619) (-0.01180156584 0.03204819403 0.02599411736) (-0.004283604326 0.01394183688 0.02015061489) (0.0267434482 0.230380843 -0.02839590511) (0.02539770701 0.01642874118 0.01768884481) (0.02878969641 0.3268217096 -0.30455826) (0.02020492894 0.094039231 0.1245582278) (0.009306431775 -0.006254589358 -0.01613993813) (0.004855082342 0.0293502118 0.06425078437) (0.004414629296 0.01310052436 0.03054566456) (9.689520743e-06 0.003442055242 -0.0006523275461)
0.0051142992      (-0.02704014293 0.2304905619 -0.02741490919) (-0.02589864358 0.0160763474 0.01917759844) (-0.02899828338 0.3267562088 -0.304304782) (-0.02016741512 0.09404387774 0.1246269949) (-0.009577542647 -0.006506976302 -0.01792833501) (-0.005010257655 0.02903756766 0.0640600973) (-0.004500900696 0.01295779553 0.03041167115) (0.008719336746 0.2263656491 -0.03102350404) (0.009570519216 0.01468112134 0.01566416728) (0.009127397791 0.3279074038 -0.3086420242) (0.008738742552 0.09646032763 0.1374990178) (0.002836930024 0.008861240558 0.079256685) (-0.01185837284 0.03220836632 0.02612321884) (-0.004304914148 0.01401333344 0.02025150059) (0.02687065063 0.2315615812 -0.0285451171) (0.02551732644 0.01651076412 0.0177631551) (0.02892910407 0.3284541349 -0.3061797014) (0.02030079943 0.09445592128 0.1252025883) (0.009352997782 -0.006257132807 -0.01612375641) (0.004879163441 0.02950009766 0.06457424069) (0.004436723639 0.01316837063 0.03069886013) (9.747762639e-06 0.003458662333 -0.0006555218014)
0.0051392992      (-0.02716860774 0.2316650807 -0.02755686771) (-0.02602086039 0.01615554242 0.01926112684) (-0.02913719868 0.3283784201 -0.3059158023) (-0.02026258347 0.09445777091 0.1252679876) (-0.009625068423 -0.006510282961 -0.01792108509) (-0.005035066931 0.02918472554 0.06438046541) (-0.004523323886 0.01302440279 0.03056315597) (0.008759843364 0.2275231131 -0.03118039325) (0.009614755188 0.01475116495 0.01573110315) (0.009170614744 0.3295229727 -0.3102615393) (0.008780398704 0.09687130571 0.1382097243) (0.0028542332 0.008905158514 0.07965530093) (-0.01191522166 0.03236856026 0.02625236792) (-0.004326241953 0.01408485786 0.02035240605) (0.02699779524 0.2327428007 -0.02869428374) (0.02563688348 0.01659279851 0.01783737672) (0.02906849527 0.3300867941 -0.3078026321) (0.02039665095 0.09487198074 0.1258475453) (0.009399530899 -0.006259393045 -0.0161065958) (0.004903229691 0.02965009733 0.06489787873) (0.004458813077 0.01323625937 0.03085212401) (9.806053141e-06 0.003475266553 -0.0006587162343)
0.0051642992      (-0.02729702031 0.2328400685 -0.0276987524) (-0.02614302056 0.01623473696 0.01934459711) (-0.02927607854 0.3300007953 -0.3075283424) (-0.02035775696 0.09487106717 0.1259095698) (-0.009672649456 -0.006513266426 -0.01791282944) (-0.00505987967 0.02933197764 0.06470097128) (-0.004545752389 0.01309104509 0.03071469061) (0.008800328691 0.2286810579 -0.03133719987) (0.009658960835 0.01482120597 0.0157979832) (0.009213845017 0.331138723 -0.3118816364) (0.008822046527 0.09728156013 0.1389211041) (0.002871515889 0.008949031226 0.08005389923) (-0.01197213665 0.03252878803 0.02638158444) (-0.004347598168 0.0141564153 0.02045334254) (0.02712488188 0.2339245005 -0.02884339637) (0.02575637777 0.01667484181 0.01791152492) (0.02920786222 0.3317196331 -0.3094271485) (0.02049251474 0.09528747252 0.1264931133) (0.009446072613 -0.006261438301 -0.01608864929) (0.00492729009 0.02980022455 0.06522176623) (0.00448090345 0.01330419568 0.03100548191) (9.864383182e-06 0.003491868069 -0.000661910991)
0.0051892992      (-0.02742538289 0.2340155083 -0.02784055067) (-0.02626512446 0.01631392612 0.01942802901) (-0.02941491511 0.3316232921 -0.3091424346) (-0.02045293135 0.09528380603 0.1265517398) (-0.009720276591 -0.00651599377 -0.01790385836) (-0.00508470659 0.02947934253 0.06502170839) (-0.004568189815 0.01315772912 0.03086630988) (0.008840787244 0.2298394895 -0.0314939181) (0.009703132021 0.0148912456 0.01586480039) (0.009257079748 0.3327547296 -0.3135022502) (0.008863684634 0.097691081 0.1396331869) (0.002888813457 0.008992860806 0.08045248525) (-0.0120291065 0.03268905113 0.02651086376) (-0.004368974335 0.01422800304 0.02055430509) (0.02725191458 0.2351066723 -0.02899245449) (0.02587580785 0.01675689434 0.01798560046) (0.02934721128 0.3333526454 -0.3110532764) (0.02058836502 0.09570242368 0.1271392839) (0.009492613458 -0.006263199408 -0.01606974946) (0.00495134595 0.02995046508 0.06554583753) (0.004502995502 0.01337217405 0.03115890953) (9.922899333e-06 0.003508466609 -0.000665106299)
0.0052142992      (-0.02755369882 0.2351914199 -0.02798227612) (-0.02638717224 0.01639311219 0.01951142146) (-0.02955372192 0.3332459431 -0.3107581128) (-0.02054808569 0.09569600609 0.1271945021) (-0.009767905302 -0.006518510112 -0.0178942862) (-0.005109516189 0.02962682378 0.06534270636) (-0.004590623454 0.01322445531 0.03101802235) (0.008881221483 0.230998411 -0.03165053772) (0.009747268806 0.01496127993 0.01593157163) (0.009300305599 0.3343710363 -0.315123399) (0.008905313705 0.09809986283 0.1403459873) (0.002906087766 0.009036618064 0.08085093597) (-0.01208617669 0.03284935329 0.02664021718) (-0.004390390915 0.01429962178 0.02065530448) (0.02737889241 0.2362893228 -0.02914146483) (0.02599517681 0.01683895479 0.01805961197) (0.02948655499 0.3349858462 -0.3126810179) (0.02068419095 0.09611683932 0.1277860619) (0.009539152353 -0.006264839723 -0.01605039716) (0.004975413854 0.03010083181 0.06587021899) (0.004525095337 0.01344019858 0.0313124505) (9.981529009e-06 0.003525062519 -0.000668302165)
0.0052392992      (-0.02768196527 0.2363677854 -0.02812392865) (-0.02650916362 0.01647229504 0.0195947676) (-0.02969250117 0.3348687278 -0.3123753586) (-0.02064321242 0.09610765992 0.1278378511) (-0.009815521806 -0.006520829104 -0.01788406606) (-0.005134341518 0.02977441734 0.06566393437) (-0.004613064635 0.01329122164 0.0311698175) (0.008921638321 0.2321577998 -0.03180704414) (0.009791374085 0.01503130589 0.01599829759) (0.009343502498 0.3359876131 -0.3167450922) (0.008946932155 0.09850788583 0.141059489) (0.002923323123 0.009080305254 0.08124925517) (-0.01214332876 0.03300969235 0.0267696314) (-0.004411841722 0.01437126907 0.02075633301) (0.02750581185 0.2374724212 -0.02929042478) (0.02611448292 0.01692102181 0.01813355343) (0.02962588977 0.3366191978 -0.3143103339) (0.02077998989 0.09653070452 0.1284334357) (0.009585682424 -0.006266342586 -0.01603049285) (0.00499948095 0.03025131901 0.06619487022) (0.004547196752 0.01350826719 0.0314660904) (1.004032704e-05 0.003541655273 -0.0006714986214)
0.0052642992      (-0.02781018629 0.2375446212 -0.02826550051) (-0.02663110018 0.01655147498 0.01967807362) (-0.02983125601 0.3364916782 -0.3139941924) (-0.02073831628 0.09651877491 0.1284817979) (-0.009863154065 -0.00652298373 -0.01787335957) (-0.005159186752 0.02992212725 0.06598542566) (-0.004635516081 0.01335803038 0.0313217092) (0.008962034274 0.2333176871 -0.0319634412) (0.009835441753 0.01510132695 0.01606497389) (0.009386649373 0.3376044998 -0.3183674251) (0.008988540198 0.09891516138 0.1417737179) (0.00294054189 0.009123926572 0.08164744665) (-0.01220055394 0.03317007263 0.0268991037) (-0.004433321932 0.01444294558 0.02085739087) (0.02763267849 0.2386559984 -0.02943933688) (0.02623372776 0.01700309975 0.01820742041) (0.0297652161 0.3382527628 -0.3159412533) (0.02087576861 0.09694404292 0.1290814257) (0.009632164356 -0.006267669238 -0.01600995364) (0.005023561436 0.0304019229 0.06651975028) (0.004569306062 0.01357637777 0.03161981569) (1.009923441e-05 0.003558245361 -0.0006746955321)
0.0052892992      (-0.02793836173 0.2387219107 -0.02840700855) (-0.02675298163 0.01663065463 0.01976132502) (-0.02996997517 0.33811479 -0.3156145796) (-0.02083338797 0.0969293641 0.1291263418) (-0.009910784283 -0.006524927552 -0.01786198576) (-0.005184033307 0.0300699413 0.06630711119) (-0.004657971569 0.01342487596 0.03147367143) (0.009002415942 0.2344780442 -0.03211974155) (0.009879474615 0.0151713421 0.0161315958) (0.009429739185 0.3392216416 -0.3199905672) (0.009030139506 0.09932168722 0.1424887149) (0.002957794095 0.009167508125 0.08204557798) (-0.0122578413 0.03333049409 0.02702862395) (-0.004454830026 0.01451465153 0.02095847365) (0.02775949626 0.2398400322 -0.02958821251) (0.02635291714 0.01708518668 0.01828120227) (0.02990453182 0.3398865142 -0.3175737324) (0.02097150168 0.09735684948 0.1297300254) (0.009678624904 -0.00626883351 -0.015988839) (0.005047620082 0.03055265294 0.06684489827) (0.004591409728 0.01364453352 0.03177363967) (1.015827297e-05 0.003574832252 -0.0006778930761)
0.0053142992      (-0.02806649206 0.2398996562 -0.02854845176) (-0.02687481043 0.01670983043 0.01984453633) (-0.0301086727 0.3397380737 -0.3172365117) (-0.02092840894 0.09733940419 0.1297714897) (-0.009958424267 -0.006526730124 -0.01785011882) (-0.005208876699 0.0302178879 0.06662910991) (-0.004680428703 0.01349176957 0.03162575135) (0.009042773359 0.2356388981 -0.03227593333) (0.009923468718 0.0152413501 0.01619817109) (0.009472780293 0.3408390468 -0.3216147409) (0.009071724391 0.09972748089 0.1432045096) (0.002975058597 0.009211074537 0.0824437507) (-0.01231516645 0.03349096457 0.0271581845) (-0.004476354128 0.01458638756 0.02105957733) (0.02788626148 0.241024542 -0.02973705721) (0.02647204929 0.01716728423 0.01835490993) (0.03004384621 0.34152049 -0.3192077931) (0.02106718951 0.0977691041 0.1303792513) (0.009725068781 -0.0062698133 -0.01596685385) (0.005071654083 0.03070350038 0.06717023698) (0.004613507547 0.01371273175 0.03192753714) (1.021751289e-05 0.003591416383 -0.000681091143)
0.0053392992      (-0.02819457803 0.241077861 -0.02868984119) (-0.02699658531 0.01678900652 0.0199276877) (-0.03024734199 0.3413615429 -0.3188600059) (-0.02102338404 0.09774888527 0.1304172497) (-0.01000607085 -0.006528327312 -0.01783753883) (-0.005233732563 0.0303659425 0.06695132055) (-0.004702893465 0.0135587015 0.03177790943) (0.009083108429 0.2368002261 -0.03243200674) (0.009967428152 0.01531135091 0.01626469392) (0.009515783672 0.3424566586 -0.3232400465) (0.009113293051 0.1001324792 0.1439211053) (0.002992304911 0.009254615819 0.08284194595) (-0.01237255067 0.03365150523 0.0272878035) (-0.004497899738 0.01465815829 0.0211607145) (0.02801297863 0.2422095152 -0.02988587221) (0.02659112683 0.01724939264 0.01842853702) (0.03018315101 0.3431546691 -0.3208434283) (0.02116282201 0.09818078422 0.1310290903) (0.009771505807 -0.006270636047 -0.01594398298) (0.005095713712 0.0308544653 0.06749575422) (0.004635618981 0.01378097312 0.03208150403) (1.027694793e-05 0.003607997461 -0.0006842896604)
0.0053642992      (-0.02832262324 0.2422565304 -0.02883117982) (-0.027118309 0.01686818531 0.0200107742) (-0.03038597879 0.3429852138 -0.3204850763) (-0.02111830686 0.09815777755 0.131063607) (-0.01005372886 -0.006529682631 -0.01782410323) (-0.005258591729 0.0305141032 0.06727370968) (-0.004725362235 0.01362567131 0.03193013469) (0.00912342392 0.2379620402 -0.03258796609) (0.01001134899 0.01538134608 0.01633116702) (0.009558750764 0.3440744823 -0.3248665683) (0.009154850522 0.1005366883 0.1446385162) (0.003009566982 0.009298141764 0.08324020558) (-0.01242997492 0.03381212105 0.02741747289) (-0.004519459684 0.01472996197 0.02126187934) (0.02813964812 0.2433949699 -0.03003466161) (0.02671014972 0.01733151433 0.01850208208) (0.03032243804 0.3447890986 -0.3224806703) (0.02125841861 0.0985918695 0.1316795399) (0.009817921724 -0.006271045416 -0.01591996989) (0.005119781739 0.03100553721 0.06782142754) (0.004657737522 0.01384925503 0.03223552934) (1.033655206e-05 0.003624575646 -0.0006874885461)
0.0053892992      (-0.02845062629 0.2434356597 -0.02897246193) (-0.02723998342 0.01694736414 0.0200938124) (-0.03052457798 0.3446091024 -0.3221117167) (-0.02121320255 0.09856607474 0.1317105601) (-0.01010141709 -0.006530701991 -0.01780940499) (-0.005283444983 0.03066237803 0.06759621341) (-0.004747832172 0.01369268373 0.03208240765) (0.009163721784 0.2391243227 -0.03274381468) (0.01005523587 0.01545133641 0.01639758127) (0.009601688133 0.3456924782 -0.3264942906) (0.00919639745 0.1009401177 0.1453567258) (0.003026865119 0.009341665325 0.08363857639) (-0.01248741768 0.03397281171 0.02754718379) (-0.004541025061 0.01480179715 0.02136306534) (0.02826626615 0.2445808787 -0.03018342936) (0.02682911599 0.0174136494 0.01857553487) (0.03046170351 0.3464237583 -0.3241194852) (0.02135399435 0.09900236815 0.1323306013) (0.009864294431 -0.006271108315 -0.01589472912) (0.00514384142 0.0311567088 0.0681472072) (0.004679855913 0.01391757634 0.03238959526) (1.039639325e-05 0.003641150693 -0.0006906878526)
0.0054142992      (-0.02857857946 0.244615247 -0.02911369966) (-0.02736160567 0.01702654765 0.02017678419) (-0.03066314747 0.3462332177 -0.3237399278) (-0.02130807597 0.09897379975 0.1323581271) (-0.01014909741 -0.006531404825 -0.01779352719) (-0.005308291247 0.03081074567 0.06791879974) (-0.004770302948 0.0137597315 0.03223471135) (0.00920399164 0.2402871258 -0.03289952759) (0.01009908086 0.01552132272 0.01646394207) (0.009644599618 0.3473106998 -0.3281232599) (0.009237937353 0.1013427966 0.1460757746) (0.003044189944 0.009385171125 0.08403700276) (-0.01254490517 0.03413358494 0.02767695094) (-0.00456260691 0.014873667 0.02146428433) (0.0283928318 0.2457672698 -0.03033217134) (0.02694802704 0.01749579827 0.01864890274) (0.03060096947 0.3480587032 -0.3257599098) (0.02144954319 0.09941231076 0.1329823091) (0.009910705807 -0.006270901689 -0.01586849557) (0.005167922294 0.03130798487 0.06847314517) (0.004701986326 0.01398593908 0.03254371933) (1.045629567e-05 0.003657722894 -0.0006938873554)
0.0054392992      (-0.02870648155 0.2457952961 -0.02925487888) (-0.02748317236 0.01710573275 0.02025968661) (-0.03080168611 0.3478575634 -0.3253697162) (-0.02140291732 0.09938096271 0.1330063227) (-0.01019682583 -0.006531836941 -0.01777649758) (-0.00533311807 0.03095920823 0.06824149002) (-0.004792771023 0.01382681592 0.03238705101) (0.009244230659 0.2414504359 -0.03305508306) (0.01014289054 0.01559130254 0.01653025375) (0.009687492593 0.3489291146 -0.3297534241) (0.009279469578 0.1017447331 0.1467956934) (0.003061522836 0.009428640832 0.08443540211) (-0.01260245752 0.03429443815 0.02780677536) (-0.004584216235 0.01494557219 0.02156553972) (0.02851934189 0.2469541296 -0.03048087491) (0.02706687943 0.01757795759 0.01872219069) (0.03074022542 0.3496938944 -0.3274019255) (0.02154505776 0.09982168644 0.1336346529) (0.009957150561 -0.006270496651 -0.01584147601) (0.005192010643 0.03145937929 0.06879931334) (0.004724123717 0.01405434886 0.03269792842) (1.051613546e-05 0.00367429197 -0.000697087395)
0.0054642992      (-0.02883433258 0.2469758168 -0.0293959915) (-0.02760468509 0.01718491861 0.02034253472) (-0.03094018772 0.3494821405 -0.3270010817) (-0.02149772602 0.09978756227 0.1336551477) (-0.01024456755 -0.00653211227 -0.01775884222) (-0.00535794216 0.0311077861 0.06856444312) (-0.00481524138 0.01389394451 0.03253948334) (0.009284432541 0.2426142637 -0.03321050353) (0.01018665653 0.01566127971 0.01659651088) (0.009730372682 0.3505477714 -0.3313847832) (0.009320992318 0.1021459446 0.1475165119) (0.003078866578 0.009472093508 0.08483385016) (-0.01266004761 0.03445536695 0.02793664849) (-0.004605840147 0.01501751057 0.02166682459) (0.02864579829 0.2481414944 -0.0306295405) (0.02718567409 0.01766013145 0.0187953936) (0.03087946366 0.3513293797 -0.3290455675) (0.02164053999 0.1002305098 0.1342876531) (0.01000361959 -0.006269830756 -0.0158133679) (0.005216116405 0.0316108762 0.06912561326) (0.004746271288 0.01412279991 0.03285218739) (1.057586435e-05 0.00369085811 -0.0007002880447)
0.0054892992      (-0.0289621335 0.2481568039 -0.02953702671) (-0.02772613968 0.01726410406 0.02042534511) (-0.0310786377 0.351106951 -0.328634009) (-0.02159249986 0.1001935994 0.1343046021) (-0.01029228735 -0.006532197384 -0.01774038645) (-0.00538277661 0.03125647372 0.06888761213) (-0.004837718398 0.01396111595 0.03269199301) (0.00932460046 0.2437785515 -0.03336579504) (0.01023038444 0.01573125111 0.01666271862) (0.009773231721 0.3521665977 -0.3330173669) (0.009362502965 0.1025464038 0.1482381853) (0.003096200078 0.009515510893 0.08523226257) (-0.01271770406 0.03461637144 0.02806657558) (-0.004627493597 0.01508948331 0.02176814494) (0.02877219839 0.2493293228 -0.03077815691) (0.02730440459 0.01774231503 0.01886851634) (0.03101867578 0.3529651097 -0.3306907676) (0.02173598933 0.1006387652 0.134941289) (0.01005014022 -0.006268983434 -0.0157844978) (0.005240238516 0.03176249116 0.06945214263) (0.004768428901 0.01419129791 0.03300653045) (1.063582043e-05 0.003707421261 -0.000703489133)
0.0055142992      (-0.02908988274 0.2493382454 -0.02967799428) (-0.02784753685 0.01734329076 0.0205081087) (-0.03121703782 0.3527319923 -0.3302684623) (-0.02168724388 0.1005990775 0.1349546836) (-0.01034001071 -0.006532056213 -0.01772109556) (-0.005407601502 0.03140526868 0.06921097934) (-0.004860194268 0.01402832971 0.03284457342) (0.009364730358 0.2449433209 -0.03352095747) (0.01027407099 0.01580121713 0.01672888799) (0.009816066181 0.3537856269 -0.3346513566) (0.009404001142 0.1029461148 0.148960705) (0.003113503777 0.0095588728 0.08563056595) (-0.01277544047 0.03477745242 0.02819655505) (-0.004649182456 0.01516148892 0.02186950063) (0.02889854415 0.2505176481 -0.03092671966) (0.02742307025 0.01782450848 0.01894157131) (0.0311578706 0.3546011506 -0.3323375343) (0.02183141069 0.1010464831 0.1355955795) (0.01009670104 -0.006268009977 -0.01575503835) (0.005264371001 0.03191422719 0.06977893597) (0.004790593777 0.01425984426 0.03316097061) (1.069604538e-05 0.003723981395 -0.0007066908757)
0.0055392992      (-0.02921758341 0.2505201642 -0.02981889781) (-0.02796887735 0.01742248094 0.02059082352) (-0.03135540036 0.3543573053 -0.3319044516) (-0.02178195788 0.1010040205 0.1356054028) (-0.01038776655 -0.00653166577 -0.01770094779) (-0.005432438202 0.0315541635 0.06953452242) (-0.004882678441 0.01409558412 0.03299721745) (0.009404818393 0.2461085125 -0.03367603399) (0.01031771653 0.01587118333 0.01679498963) (0.009858884814 0.3554048171 -0.3362867604) (0.009445489187 0.1033450695 0.1496840567) (0.003130839674 0.009602212022 0.08602887305) (-0.01283321483 0.03493861169 0.0283265737) (-0.004670885706 0.01523352528 0.02197088059) (0.02902483007 0.2517064489 -0.03107524449) (0.02754167187 0.01790671647 0.01901453303) (0.03129704682 0.3562374854 -0.3339858389) (0.02192679529 0.1014536646 0.1362505236) (0.01014325749 -0.00626674139 -0.01572448706) (0.005288505423 0.03206606389 0.07010587859) (0.004812762743 0.01432843176 0.03331546523) (1.075660112e-05 0.003740538453 -0.0007098931161)
0.0055642992      (-0.02934523345 0.2517025541 -0.02995973191) (-0.0280901595 0.01750167189 0.02067349422) (-0.031493731 0.3559828853 -0.3335419623) (-0.02187661724 0.1014084216 0.136256777) (-0.01043554358 -0.006531073593 -0.0176799713) (-0.005457280884 0.03170316243 0.06985826767) (-0.004905168312 0.01416288008 0.03314993219) (0.00944486958 0.247274097 -0.03383101974) (0.01036131957 0.01594114629 0.01686104424) (0.009901675704 0.3570241964 -0.3379235982) (0.009486970707 0.1037432898 0.150408202) (0.003148157164 0.009645498771 0.08642704496) (-0.01289106886 0.03509984802 0.02845663651) (-0.004692625215 0.01530559342 0.02207229199) (0.02915105812 0.2528957346 -0.03122371456) (0.02766020903 0.01798893338 0.01908742487) (0.03143620981 0.3578741202 -0.335635687) (0.02202210001 0.1018602852 0.1369061648) (0.01018978347 -0.006265252924 -0.01569313541) (0.00531263899 0.03221803107 0.07043311158) (0.004834933547 0.01439707069 0.03347006618) (1.081711092e-05 0.003757092769 -0.0007130957709)
0.0055892992      (-0.02947283008 0.2528854009 -0.03010048229) (-0.02821138507 0.01758086057 0.02075613066) (-0.03163199649 0.3576087077 -0.3351809882) (-0.0219711832 0.1018122219 0.1369088564) (-0.01048332615 -0.006530325873 -0.01765838471) (-0.005482126752 0.03185228652 0.07018230007) (-0.004927662615 0.01423022524 0.03330275109) (0.009484893532 0.24844009 -0.03398590579) (0.01040488268 0.01601110558 0.01692705022) (0.009944441448 0.3586437693 -0.3395618618) (0.009528441077 0.1041407599 0.1511331641) (0.003165460127 0.009688760623 0.08682521164) (-0.01294896746 0.03526116167 0.02858673039) (-0.004714388476 0.01537769335 0.02217372577) (0.02927722858 0.2540854952 -0.03137212247) (0.02777868171 0.01807115812 0.019160244) (0.03157532951 0.3595110259 -0.3372870722) (0.02211732612 0.1022662647 0.1375625474) (0.01023631968 -0.006263577412 -0.01566107641) (0.005336726896 0.03237012524 0.0707606243) (0.00485709107 0.01446575912 0.03362476755) (1.087789382e-05 0.003773644012 -0.0007162992586)
0.0056142992      (-0.02960037711 0.2540686726 -0.03024114278) (-0.02833255695 0.01766004469 0.02083873564) (-0.03177015632 0.3592347483 -0.3368215028) (-0.02206568274 0.102215367 0.1375616777) (-0.01053115646 -0.006529388416 -0.0176360634) (-0.005506994211 0.03200153718 0.07050659301) (-0.004950169159 0.01429762071 0.0334556673) (0.009524887313 0.2496065018 -0.03414068643) (0.01044840407 0.01608106224 0.01699300118) (0.009987185743 0.3602635414 -0.3412015565) (0.009569902016 0.1045374637 0.1518589885) (0.003182780761 0.009732015542 0.08722343751) (-0.01300689115 0.03542255815 0.02871685994) (-0.004736162576 0.01544982612 0.02227518218) (0.02940334355 0.2552757191 -0.03152046978) (0.02789709152 0.01815339209 0.01923298395) (0.03171436604 0.3611481993 -0.338939983) (0.02221249315 0.1026715893 0.1382197044) (0.01028284517 -0.006261610523 -0.01562795072) (0.005360795169 0.03252232915 0.0710882871) (0.004879245592 0.01453449148 0.03377952661) (1.093887673e-05 0.003790192219 -0.0007195032381)
0.0056392992      (-0.029727872 0.2552523675 -0.03038171783) (-0.02845367542 0.01773922769 0.02092130222) (-0.03190820025 0.3608610639 -0.3384635018) (-0.02216011872 0.1026178541 0.1382152697) (-0.0105790237 -0.006528207719 -0.01761285381) (-0.005531898351 0.03215090105 0.07083108972) (-0.004972694357 0.01436506101 0.03360865982) (0.00956485177 0.2507733523 -0.03429535322) (0.01049188703 0.01615101711 0.01705889815) (0.01002991801 0.3618835329 -0.342842701) (0.009611356081 0.1049333973 0.1525856861) (0.00320013376 0.009775296797 0.08762185533) (-0.01306482383 0.03558404507 0.02884702569) (-0.004757939898 0.01552199473 0.02237666139) (0.0295294042 0.2564663879 -0.03166875561) (0.02801544033 0.01823563479 0.01930564626) (0.03185330498 0.3627856787 -0.3405943935) (0.02230760763 0.1030762376 0.1388776455) (0.01032937998 -0.006259305955 -0.01559346984) (0.005384842035 0.03267464269 0.07141605615) (0.004901396525 0.01460326807 0.03393432935) (1.100011166e-05 0.003806737436 -0.0007227077141)
0.0056642992      (-0.02985531642 0.2564364825 -0.03052222147) (-0.02857474062 0.01781841236 0.02100381974) (-0.0320461815 0.3624876946 -0.3401069575) (-0.02225452585 0.1030196582 0.1388696071) (-0.01062691283 -0.006526788814 -0.01758868936) (-0.005556802993 0.03230036631 0.07115575598) (-0.004995223382 0.014432541 0.03376171508) (0.009604792594 0.2519406747 -0.03444987966) (0.01053533577 0.01622096862 0.01712475133) (0.0100726402 0.3635037597 -0.344485323) (0.009652797994 0.1053285604 0.1533132368) (0.00321747285 0.009818537345 0.08802021614) (-0.01312282455 0.03574561313 0.02897723592) (-0.004779747673 0.01559419746 0.02247817265) (0.02965540961 0.2576574869 -0.0318169761) (0.02813372681 0.01831788335 0.01937824035) (0.03199221836 0.3644235258 -0.3422502583) (0.02240271598 0.1034802251 0.1395363199) (0.01037588825 -0.006256767515 -0.01555816498) (0.005408878139 0.03282708533 0.07174408805) (0.004923547025 0.01467209481 0.03408923007) (1.106142804e-05 0.003823279481 -0.0007259128613)
0.0056892992      (-0.0299827048 0.2576210255 -0.03066263924) (-0.02869575022 0.01789759624 0.02108630437) (-0.03218412618 0.3641146705 -0.3417518576) (-0.02234893928 0.1034208304 0.1395246324) (-0.01067479257 -0.006525195147 -0.01756385549) (-0.005581732923 0.03244995032 0.0714806767) (-0.005017764248 0.01450006593 0.03391486161) (0.009644718896 0.2531084744 -0.03460426023) (0.01057875355 0.01629091676 0.01719056214) (0.01011532546 0.3651242937 -0.3461293521) (0.009694223722 0.1057229589 0.1540416417) (0.003234811454 0.00986173422 0.08841850757) (-0.01318090391 0.03590726195 0.02910749306) (-0.004801590052 0.01566643421 0.02257971887) (0.02978135531 0.2588490429 -0.03196513035) (0.02825194893 0.01840013914 0.01945076634) (0.03213111293 0.3660617569 -0.343907587) (0.02249783126 0.1038836127 0.1401956728) (0.01042238692 -0.006254052615 -0.0155222257) (0.005432922346 0.03297965805 0.07207240305) (0.004945703498 0.01474097129 0.03424423443) (1.11229369e-05 0.003839818332 -0.000729118759)
0.0057142992      (-0.03011003322 0.2588060065 -0.03080297384) (-0.02881670569 0.01797678147 0.02116874862) (-0.03232201718 0.3657420061 -0.3433981939) (-0.02244335277 0.1038214186 0.1401803164) (-0.01072264873 -0.006523434338 -0.01753831279) (-0.005606644062 0.03259964764 0.07180582048) (-0.005040300274 0.0145676337 0.03406808846) (0.009684626684 0.2542767459 -0.03475850171) (0.01062213498 0.01636086549 0.01725632597) (0.01015796674 0.366745176 -0.3477747473) (0.009735631561 0.1061165982 0.1547709084) (0.003252133779 0.009904891353 0.08881674111) (-0.01323905106 0.03606898979 0.02923779036) (-0.004823461686 0.01573870377 0.02268129615) (0.0299072401 0.2600410771 -0.03211321854) (0.02837010471 0.01848240483 0.01952322017) (0.03226997744 0.3677003995 -0.3455663846) (0.02259293371 0.1042864333 0.1408556942) (0.01046889895 -0.00625113341 -0.01548551338) (0.005456968143 0.03313235356 0.07240095374) (0.004967863332 0.01480989473 0.03439932748) (1.118453018e-05 0.003856353905 -0.0007323252301)
0.0057392992      (-0.03023730205 0.2599914411 -0.03094321559) (-0.02893760603 0.01805596699 0.02125116375) (-0.03245985892 0.3673697154 -0.3450459606) (-0.02253774048 0.1042214402 0.1408366466) (-0.01077051512 -0.006521476086 -0.01751200738) (-0.005631550187 0.03274946062 0.07213123239) (-0.005062837123 0.0146352457 0.03422141258) (0.009724512178 0.2554455012 -0.03491259163) (0.01066548066 0.01643081724 0.01732204794) (0.01020057999 0.3683664677 -0.3494215043) (0.009777020511 0.1065094817 0.1555010462) (0.003269453829 0.00994800747 0.08921489871) (-0.01329726962 0.03623079188 0.02936812197) (-0.004845366448 0.01581100528 0.0227829029) (0.03003306405 0.2612335941 -0.03226123886) (0.02848819487 0.01856468064 0.01959560285) (0.03240881385 0.3693394593 -0.3472266432) (0.02268799696 0.1046886889 0.1415163829) (0.01051545978 -0.006248067008 -0.01544823863) (0.005480999971 0.03328517762 0.07272980374) (0.004990020723 0.01487886637 0.03455452951) (1.124635417e-05 0.003872886267 -0.0007355324942)
0.0057642992      (-0.03036451271 0.2611773176 -0.03108335781) (-0.02905845079 0.01813514908 0.02133355844) (-0.03259765875 0.3689977775 -0.3466951241) (-0.02263208598 0.104620883 0.141493625) (-0.01081837498 -0.006519383247 -0.01748509981) (-0.005656441728 0.03289940117 0.0724569562) (-0.005085371349 0.01470290589 0.03437484981) (0.009764369259 0.256614777 -0.03506651198) (0.01070878994 0.01650077086 0.01738772599) (0.01024315074 0.3699882296 -0.3510696453) (0.009818397912 0.1069016311 0.1562320337) (0.003286765776 0.009991080274 0.08961297033) (-0.01335556886 0.0363926743 0.02949849358) (-0.004867306832 0.01588334074 0.022884544) (0.03015882703 0.2624265891 -0.03240918322) (0.02860621957 0.01864696557 0.01966791262) (0.03254762622 0.3709789331 -0.3488883489) (0.02278301495 0.1050903669 0.1421777494) (0.01056200959 -0.006244839714 -0.01541033162) (0.005505032671 0.03343813213 0.07305894976) (0.005012181863 0.01494788736 0.03470984074) (1.130827994e-05 0.003889415466 -0.0007387405543)
0.0057892992      (-0.03049167075 0.2623636605 -0.03122341143) (-0.02917924401 0.01821433329 0.02141592007) (-0.03273542268 0.3706262217 -0.3483457136) (-0.02272638608 0.1050197465 0.1421512775) (-0.01086622321 -0.00651706066 -0.01745738108) (-0.005681323771 0.03304945694 0.07278290129) (-0.005107904931 0.0147706097 0.034528369) (0.009804200236 0.2577845647 -0.03522024945) (0.01075206506 0.01657072313 0.01745335769) (0.01028568895 0.3716103875 -0.3527192148) (0.009859757167 0.1072930532 0.156963822) (0.003304068074 0.01003412005 0.09001099561) (-0.01341394321 0.0365546418 0.02962890302) (-0.004889281022 0.01595571218 0.02298622008) (0.0302845331 0.2636200586 -0.03255705084) (0.02872418483 0.0187292595 0.0197401435) (0.03268641969 0.3726188158 -0.3505515173) (0.02287798836 0.1054914606 0.1428398094) (0.01060857991 -0.006241450454 -0.01537175965) (0.005529063529 0.03359122163 0.07338840153) (0.005034345827 0.01501695918 0.03486526439) (1.137034061e-05 0.003905941574 -0.0007419493824)
0.0058142992      (-0.0306187805 0.2635504514 -0.03136337486) (-0.02929998686 0.01829352074 0.02149823422) (-0.03287316179 0.3722550167 -0.34999773) (-0.02282064758 0.1054180171 0.1428096062) (-0.01091408487 -0.006514522676 -0.01742891389) (-0.005706204801 0.03319962289 0.07310906773) (-0.005130440187 0.01483835545 0.03468197115) (0.009843999926 0.2589548568 -0.03537377489) (0.01079530379 0.01664066997 0.01751895315) (0.01032819372 0.3732328995 -0.3543702285) (0.009901097838 0.1076837296 0.1576964101) (0.003321378661 0.01007714022 0.09040902589) (-0.01347238676 0.03671669522 0.02975934898) (-0.004911285314 0.01602811944 0.02308792974) (0.03041018642 0.2648139972 -0.03270483689) (0.02884208793 0.01881156179 0.01981230807) (0.03282520743 0.3742591066 -0.3522161617) (0.02297292612 0.1058919682 0.1435025764) (0.01065517969 -0.006237871434 -0.01533243016) (0.005553085662 0.0337444427 0.07371813205) (0.005056510594 0.01508608058 0.03502079157) (1.143256759e-05 0.003922464442 -0.0007451589964)
0.0058392992      (-0.03074584524 0.2647376662 -0.03150324039) (-0.02942067913 0.01837270748 0.02158051121) (-0.03301088935 0.3738841435 -0.3516511691) (-0.02291488084 0.1058157 0.1434686312) (-0.01096195773 -0.006511806309 -0.01739976985) (-0.005731086138 0.03334990928 0.07343550784) (-0.005152978616 0.01490614647 0.03483567454) (0.009883772405 0.2601256408 -0.03552708405) (0.01083850898 0.01671061132 0.01758450789) (0.0103706773 0.3748557594 -0.3560226797) (0.009942407354 0.1080736095 0.158429894) (0.003338679621 0.01012014717 0.09080706544) (-0.01353086873 0.03687883092 0.02988982275) (-0.004933304629 0.01610056042 0.02318966553) (0.03053578714 0.266008379 -0.03285254802) (0.02895992778 0.01889387302 0.01988439915) (0.03296399707 0.3758997911 -0.3538822781) (0.02306783911 0.1062918963 0.1441660712) (0.01070176969 -0.006234005817 -0.01529214196) (0.005577100732 0.03389777378 0.07404804487) (0.005078676702 0.01515524352 0.03517638722) (1.149509852e-05 0.003938984238 -0.0007483693666)
0.0058642992      (-0.03087286144 0.2659252853 -0.03164299274) (-0.0295413178 0.0184518862 0.02166276942) (-0.03314861884 0.375513585 -0.3533060151) (-0.02300910076 0.1062127957 0.1441283685) (-0.01100983377 -0.006508903984 -0.01736986449) (-0.005755971332 0.03350031745 0.07376221116) (-0.005175522078 0.01497398247 0.0349894735) (0.009923514961 0.261296877 -0.03568016493) (0.01088168251 0.01678054077 0.01765003448) (0.01041311664 0.3764789435 -0.3576765163) (0.009983687295 0.1084626709 0.1591643455) (0.003355965785 0.01016308609 0.09120492104) (-0.01358944449 0.03704104076 0.03002033185) (-0.004955363317 0.01617303341 0.02329143627) (0.03066133266 0.267203168 -0.03300017241) (0.02907770548 0.01897618499 0.01995641658) (0.03310280536 0.3775408276 -0.3555498447) (0.02316274163 0.106691244 0.1448303043) (0.01074833471 -0.006229980006 -0.01525129185) (0.005601117559 0.03405123111 0.07437825709) (0.005100846321 0.0152244536 0.0353320947) (1.155774093e-05 0.003955501031 -0.0007515804708)
0.0058892992      (-0.03099983316 0.2671132928 -0.03178261141) (-0.02966190575 0.01853105214 0.02174502314) (-0.03328634133 0.3771432944 -0.3549622725) (-0.02310330775 0.1066092987 0.1447888237) (-0.01105774227 -0.006505884431 -0.01733955283) (-0.005780855601 0.0336508632 0.07408927345) (-0.005198068889 0.01504186925 0.03514340394) (0.009963232306 0.2624684726 -0.03583301444) (0.01092482672 0.01685045138 0.01771553948) (0.01045543943 0.3781023841 -0.3593316382) (0.01002493593 0.1088508992 0.1598997997) (0.0033732494 0.01020598548 0.09160268049) (-0.01364809296 0.03720332395 0.03015086686) (-0.004977453165 0.01624553856 0.02339323673) (0.03078682958 0.2683983443 -0.03314769561) (0.02919541609 0.01905849522 0.02002838087) (0.03324163365 0.3791821649 -0.3572188723) (0.02325763016 0.1070900059 0.145495282) (0.01079490097 -0.006225806338 -0.01520983002) (0.005625127083 0.03420481198 0.07470874998) (0.005123015999 0.01529370955 0.03548790523) (1.162058773e-05 0.003972014844 -0.0007547923723)
0.0059142992      (-0.03112676459 0.2683016995 -0.03192210452) (-0.02978244327 0.0186102126 0.0218272537) (-0.03342404828 0.3787732537 -0.3566199575) (-0.0231974922 0.1070052041 0.1454500037) (-0.01110569039 -0.006502629018 -0.01730836092) (-0.005805750728 0.03380150595 0.07441649767) (-0.005220623336 0.01510979233 0.03529739592) (0.01000293431 0.2636402621 -0.03598568456) (0.010967936 0.01692033891 0.01778102799) (0.01049753697 0.3797260948 -0.3609878837) (0.01006615429 0.1092383116 0.1606363164) (0.003390513695 0.01024885344 0.09200036634) (-0.01370682932 0.03736568915 0.0302814352) (-0.004999581638 0.01631807926 0.02349507383) (0.03091227825 0.269593929 -0.03329511742) (0.02931305776 0.01914080761 0.02010029455) (0.03338046651 0.3808238216 -0.3588893894) (0.02335249565 0.1074881745 0.1461610153) (0.010841516 -0.006221469452 -0.01516773757) (0.005649130272 0.03435853016 0.07503956194) (0.005145186986 0.01536301634 0.03564383482) (1.168344444e-05 0.00398852582 -0.0007580047811)
0.0059392992      (-0.03125366002 0.2694905264 -0.03206148521) (-0.02990292827 0.01868937698 0.02190943919) (-0.03356172482 0.3804034887 -0.3582790942) (-0.02329164958 0.1074005093 0.1461119245) (-0.01115360088 -0.006499130551 -0.01727608815) (-0.005830656884 0.03395224391 0.07474386583) (-0.005243185041 0.01517775064 0.03545144068) (0.01004260695 0.2648120999 -0.03613824338) (0.01101100541 0.01699020572 0.01784648379) (0.0105394994 0.3813502001 -0.3626451178) (0.01010735718 0.1096249217 0.1613739299) (0.003407776353 0.0102917064 0.0923980562) (-0.01376561773 0.0375281376 0.03041202764) (-0.005021730379 0.01639065367 0.02359694103) (0.03103768399 0.2707899263 -0.03344245279) (0.02943063328 0.01922312814 0.02017213982) (0.03351929116 0.3824658114 -0.3605613911) (0.0234473331 0.1078857378 0.1468275075) (0.01088805772 -0.006216919877 -0.01512461237) (0.005673144184 0.03451235828 0.07537056702) (0.005167365749 0.01543236388 0.03579983683) (1.174641068e-05 0.004005034076 -0.000761217445)
0.0059642992      (-0.03138052803 0.2706797758 -0.03220078327) (-0.03002335819 0.01876855084 0.02199156481) (-0.03369937234 0.3820340311 -0.3599396688) (-0.02338578141 0.1077952092 0.1467745923) (-0.01120151386 -0.006495405962 -0.01724282986) (-0.00585558473 0.03410307917 0.07507140699) (-0.005265758506 0.01524574474 0.0356055484) (0.01008223083 0.2659840273 -0.03629065409) (0.01105403578 0.01706004987 0.01791191496) (0.01058163227 0.3829746422 -0.3643033791) (0.01014856898 0.1100107128 0.1621126322) (0.003425047609 0.01033452676 0.09279568381) (-0.01382447721 0.03769066908 0.03054264778) (-0.005043907157 0.01646326177 0.02369884233) (0.03116305941 0.2719863294 -0.03358972272) (0.02954814652 0.01930545624 0.02024391781) (0.03365810877 0.3841081331 -0.362234827) (0.02354214717 0.108282696 0.1474947653) (0.01093464051 -0.006212131467 -0.01508057428) (0.005697175329 0.03466630444 0.07570180794) (0.005189554187 0.01550175546 0.03595592543) (1.180940577e-05 0.004021539661 -0.0007644304797)
0.0059892992      (-0.03150734948 0.2718694424 -0.03234003143) (-0.03014373003 0.01884773285 0.02207363715) (-0.03383698803 0.3836648858 -0.3616016552) (-0.02347989724 0.1081893066 0.1474380149) (-0.01124942459 -0.006491544768 -0.01720894871) (-0.005880517671 0.03425403595 0.07539923239) (-0.00528833723 0.01531378311 0.03575975774) (0.01012180848 0.2671561193 -0.03644286438) (0.01109702126 0.01712986893 0.01797732118) (0.01062396565 0.3845993161 -0.3659627382) (0.01018981605 0.1103956687 0.1628524105) (0.003442355711 0.01037732543 0.09319329272) (-0.01388338528 0.03785328081 0.0306732886) (-0.005066100619 0.01653590123 0.02380077185) (0.03128838038 0.2731831223 -0.0337369579) (0.02966559405 0.01938779443 0.02031561523) (0.03379691265 0.3857507638 -0.3639096554) (0.02363694799 0.108679052 0.1481627888) (0.01098122912 -0.006207070983 -0.01503552191) (0.00572122104 0.03482035298 0.07603322266) (0.005211752579 0.01557118616 0.0361120745) (1.187256887e-05 0.004038042934 -0.0007676437046)
0.0060142992      (-0.03163410566 0.2730595009 -0.03247919885) (-0.03026404844 0.01892691317 0.02215568074) (-0.03397456605 0.3852960255 -0.3632650147) (-0.02357399002 0.1085828119 0.1481021909) (-0.01129732846 -0.006487557194 -0.01717449149) (-0.005905428933 0.03440511749 0.07572737007) (-0.005310910819 0.01538186697 0.03591407898) (0.01016135875 0.268328502 -0.03659483466) (0.011139965 0.01719966174 0.01804272995) (0.01066639136 0.3862242426 -0.3676232911) (0.01023109111 0.1107797462 0.1635932276) (0.003459632273 0.01042007897 0.09359076981) (-0.01394237999 0.03801597824 0.03080396056) (-0.005088330376 0.01660857555 0.02390273959) (0.03141363362 0.2743803127 -0.03388411966) (0.02978297732 0.01947013496 0.02038726147) (0.03393569583 0.3873937127 -0.3655858761) (0.02373170739 0.1090748231 0.1488315845) (0.01102784047 -0.00620179812 -0.01498968106) (0.005745280938 0.0349745298 0.07636492935) (0.005233960047 0.01564066626 0.03626832719) (1.193582505e-05 0.004054543886 -0.0007708574173)
0.0060392992      (-0.03176081179 0.2742499839 -0.0326182655) (-0.0303843208 0.01900609159 0.02223770654) (-0.03411210855 0.3869274989 -0.364929791) (-0.02366801946 0.1089757236 0.148767132) (-0.011345293 -0.006483449516 -0.01713955596) (-0.005930341721 0.03455633541 0.0760558667) (-0.005333487922 0.0154500016 0.03606852721) (0.01020088461 0.2695012786 -0.03674658541) (0.01118287098 0.0172694405 0.01810812124) (0.01070883212 0.3878495239 -0.3692851578) (0.01027237049 0.111162919 0.1643350555) (0.003476925091 0.01046281368 0.09398820991) (-0.01400143407 0.03817875755 0.03093465351) (-0.005110584985 0.01668128331 0.02400473806) (0.03153883166 0.2755779397 -0.03403120446) (0.02990029688 0.01955248441 0.02045884456) (0.03407445769 0.3890370381 -0.367263533) (0.02382639284 0.1094699759 0.1495011579) (0.01107446307 -0.006196339492 -0.01494300867) (0.005769342138 0.03512882657 0.07669687381) (0.005256171125 0.01571019367 0.03642466458) (1.199924071e-05 0.004071042121 -0.0007740718197)
0.0060642992      (-0.03188748003 0.2754409021 -0.03275725042) (-0.03050454365 0.01908527425 0.02231969676) (-0.03424961141 0.3885593219 -0.3665959666) (-0.02376196719 0.1093679996 0.1494328274) (-0.01139326786 -0.006479255282 -0.01710394138) (-0.005955246074 0.03470767149 0.07638459273) (-0.005356064675 0.01551818173 0.0362230587) (0.01024039582 0.2706744786 -0.03689814485) (0.01122574506 0.01733921139 0.01817348351) (0.01075127453 0.3894752125 -0.3709483711) (0.01031363798 0.1115451949 0.1650778828) (0.003494221696 0.01050553323 0.09438562399) (-0.01406054756 0.0383416211 0.03106536934) (-0.005132866439 0.0167540264 0.02410676922) (0.03166398245 0.2767760212 -0.03417821918) (0.03001755317 0.0196348449 0.02053035706) (0.03421319121 0.3906807564 -0.3689426005) (0.02392098642 0.1098644563 0.1501714894) (0.01112107701 -0.006190724956 -0.01489553647) (0.005793399383 0.03528324938 0.07702905238) (0.005278383824 0.01577977139 0.03658108881) (1.206279753e-05 0.00408753717 -0.0007772869193)
0.0060892992      (-0.03201410041 0.2766322614 -0.03289618207) (-0.03062471447 0.01916446578 0.02240163717) (-0.03438706227 0.3901915085 -0.3682635185) (-0.02385583741 0.1097595734 0.1500992622) (-0.011441262 -0.006474722902 -0.01706715132) (-0.005980162509 0.03485910039 0.07671344073) (-0.00537864932 0.01558639854 0.0363776318) (0.0102798877 0.2718481032 -0.03704953571) (0.0112685883 0.01740897852 0.0182388034) (0.01079370395 0.3911013547 -0.3726129266) (0.01035489434 0.1119266141 0.165821704) (0.003511520023 0.01054819548 0.09478284825) (-0.01411976391 0.03850456557 0.03119612127) (-0.005155191717 0.01682680363 0.02420884351) (0.03178907601 0.2779745454 -0.03432518609) (0.030134744 0.0197172164 0.02060179955) (0.0343518902 0.3923248546 -0.3706230471) (0.02401554632 0.1102582163 0.1508425735) (0.01116765508 -0.006184982476 -0.01484745069) (0.005817483615 0.03543780528 0.07736153548) (0.005300609215 0.01584940098 0.03673762358) (1.212641809e-05 0.004104029159 -0.0007805024033)
0.0061142992      (-0.03214064506 0.2778240709 -0.03303505436) (-0.03074483221 0.01924366628 0.022483529) (-0.03452447037 0.3918240586 -0.3699324522) (-0.02394969514 0.1101504418 0.1507664484) (-0.0114892815 -0.006469939265 -0.01702941652) (-0.006005103552 0.03501063408 0.07704247885) (-0.005401247283 0.01565465644 0.03653226946) (0.01031935725 0.2730221637 -0.03720077298) (0.01131139649 0.01747874382 0.01830407722) (0.01083611009 0.3927279339 -0.374278814) (0.01039614472 0.112307216 0.1665665199) (0.003528829435 0.01059084499 0.09518003778) (-0.01417904004 0.03866759808 0.03132690106) (-0.005177542255 0.01689961747 0.02431095383) (0.03191409079 0.2791735265 -0.03447210356) (0.03025186761 0.01979960318 0.02067316218) (0.03449056656 0.3939693409 -0.3723049036) (0.02411010376 0.1106512928 0.151514445) (0.01121426295 -0.006179043519 -0.01479850634) (0.00584157817 0.03559248062 0.07769425026) (0.005322842886 0.01591907766 0.0368942409) (1.219008241e-05 0.004120517967 -0.0007837185193)
0.0061392992      (-0.03226713335 0.2790163296 -0.0331738302) (-0.03086489659 0.01932287312 0.02256537658) (-0.03466183488 0.3934569618 -0.371602794) (-0.02404354756 0.1105406365 0.1514344214) (-0.01153731331 -0.006464948981 -0.01699086723) (-0.006030060639 0.03516228422 0.07737175705) (-0.005423855365 0.01572295913 0.03668698887) (0.01035879483 0.2741966596 -0.03735185929) (0.01135415982 0.01754850639 0.01836931452) (0.01087848696 0.3943549536 -0.3759460195) (0.01043740979 0.1126872253 0.1673123406) (0.003546157264 0.01063346541 0.09557721424) (-0.01423837936 0.03883071805 0.03145770796) (-0.005199918856 0.0169724668 0.02441309988) (0.03203904185 0.2803729731 -0.03461893394) (0.03036892504 0.01988200061 0.0207444606) (0.03462921147 0.3956142267 -0.3739881967) (0.02420464857 0.1110437055 0.1521871374) (0.01126086342 -0.006172899284 -0.01474866569) (0.00586568486 0.0357472743 0.07802719793) (0.005345085367 0.01598880092 0.03705094049) (1.22539681e-05 0.004137003681 -0.0007869352268)
0.0061642992      (-0.032393571 0.280209036 -0.03331250841) (-0.03098490946 0.01940208517 0.02264718233) (-0.03479915015 0.3950902335 -0.3732745496) (-0.02413739312 0.1109301709 0.1521031942) (-0.01158540281 -0.006459733974 -0.01695149818) (-0.006055019361 0.03531405218 0.07770130294) (-0.00544646886 0.01579130723 0.03684180025) (0.01039820776 0.2753715716 -0.03750279254) (0.01139688619 0.01761826336 0.01843452201) (0.01092085424 0.3959823884 -0.3776145131) (0.01047857556 0.1130660459 0.168059025) (0.003563501948 0.01067607855 0.09597431121) (-0.0142977847 0.03899392664 0.03158853988) (-0.005222324896 0.01704535236 0.02451528156) (0.03216393731 0.2815728802 -0.03476568474) (0.03048591948 0.01996440918 0.02081569262) (0.03476781735 0.3972595226 -0.3756729489) (0.02429920618 0.1114354817 0.1528606287) (0.01130742754 -0.006166567286 -0.01469794275) (0.005889795002 0.03590219572 0.07836041419) (0.005367332428 0.01605857385 0.03720773585) (1.231794644e-05 0.004153486159 -0.0007901527184)
0.0061892992      (-0.03251995528 0.2814021801 -0.03345109243) (-0.03110486956 0.01948130126 0.02272894891) (-0.03493640306 0.3967238797 -0.3749477414) (-0.02423126545 0.1113190964 0.1527727208) (-0.01163348583 -0.006454299338 -0.0169112988) (-0.006079984165 0.0354659399 0.07803111884) (-0.005469087638 0.01585970142 0.03699670442) (0.01043759066 0.2765468885 -0.03765357284) (0.01143957631 0.0176880116 0.0184997025) (0.01096320237 0.3976102329 -0.3792842823) (0.01051975985 0.1134438213 0.1688065953) (0.003580850808 0.01071863723 0.09637132934) (-0.01435726751 0.03915721331 0.03171939298) (-0.005244765339 0.01711827057 0.02461749687) (0.0322887735 0.2827732339 -0.03491236077) (0.03060284901 0.02004682772 0.02088685938) (0.034906378 0.3989052412 -0.3773591701) (0.0243937906 0.1118267002 0.153534853) (0.01135406094 -0.006159998464 -0.01464649375) (0.005913905936 0.03605724246 0.07869391993) (0.005389583439 0.01612839455 0.0373646334) (1.238204357e-05 0.004169965293 -0.0007933711538)
0.0062142992      (-0.03264628711 0.2825957485 -0.03358958576) (-0.03122477649 0.01956052148 0.02281067602) (-0.03507360315 0.3983579388 -0.3766223655) (-0.02432515288 0.1117074824 0.1534429499) (-0.01168155978 -0.006448697359 -0.01687051232) (-0.00610494768 0.0356179507 0.07836124816) (-0.005491709231 0.01592814223 0.03715171568) (0.01047694906 0.2777225953 -0.03780420386) (0.01148223402 0.01775774895 0.01856485321) (0.01100553801 0.3992384845 -0.3809553055) (0.01056094359 0.1138206858 0.169555088) (0.003598227925 0.01076119319 0.09676827729) (-0.01441680414 0.03932058307 0.03185026662) (-0.005267228714 0.01719122249 0.02471974384) (0.03241354756 0.2839740127 -0.03505896375) (0.03071971383 0.02012925564 0.02095796078) (0.03504490259 0.4005514055 -0.3790468341) (0.02448835695 0.1122173823 0.1542097917) (0.01140073812 -0.006153170731 -0.01459407626) (0.005938023746 0.0362124069 0.07902764218) (0.005411841292 0.01619826032 0.03752160779) (1.244624913e-05 0.004186441186 -0.0007965903404)
0.0062392992      (-0.03277256145 0.2837897174 -0.03372798782) (-0.03134462705 0.01963974424 0.02289236586) (-0.03521074775 0.399992411 -0.3782983986) (-0.02441899525 0.1120953155 0.1541138943) (-0.01172967085 -0.0064429233 -0.01682900168) (-0.006129918949 0.03577007533 0.07869163018) (-0.005514337704 0.01599662608 0.03730681384) (0.01051628905 0.278898667 -0.03795469742) (0.01152485705 0.01782747327 0.01862997353) (0.01104784652 0.4008671665 -0.3826274913) (0.01060211766 0.1141966956 0.1703045208) (0.003615609802 0.01080371347 0.09716525333) (-0.01447639685 0.03948403358 0.03198115903) (-0.005289717812 0.01726420784 0.02482202172) (0.03253825101 0.2851751959 -0.03520547627) (0.03083651042 0.02021168916 0.0210290045) (0.03518338516 0.4021979991 -0.3807359204) (0.02458284423 0.1126074717 0.1548854737) (0.01144748707 -0.00614615511 -0.01454092484) (0.00596212593 0.03636769221 0.07936163087) (0.00543409872 0.01626817203 0.03767867554) (1.251061378e-05 0.004202914002 -0.000799809995)
0.0062642992      (-0.03289877074 0.2849840843 -0.03386628002) (-0.0314644212 0.01971896815 0.02297402426) (-0.03534784907 0.4016273254 -0.3799758454) (-0.02451274721 0.1124825238 0.1547855851) (-0.0117778201 -0.006437009647 -0.01678682607) (-0.006154886997 0.03592231396 0.0790222645) (-0.005536969134 0.01606515312 0.03746199954) (0.01055562085 0.2800751186 -0.03810504767) (0.01156744924 0.01789718444 0.01869506456) (0.01109011404 0.4024962862 -0.38430084) (0.01064328109 0.1145718449 0.1710548456) (0.003633022825 0.01084622667 0.0975621736) (-0.014536046 0.03964756655 0.0321120713) (-0.00531223332 0.01733722743 0.02492433103) (0.03266289324 0.2863767838 -0.03535186575) (0.03095324148 0.02029412652 0.02109999704) (0.03532184629 0.4038450764 -0.3824264411) (0.02467725112 0.1129968779 0.1555619251) (0.0114942506 -0.006138952431 -0.0144870291) (0.005986214452 0.03652310255 0.07969588484) (0.005456354864 0.01633813158 0.03783583777) (1.257508422e-05 0.004219383637 -0.0008030304645)
0.0062892992      (-0.03302492286 0.2861788463 -0.03400442099) (-0.03158415913 0.01979818865 0.02305566608) (-0.03548491823 0.4032627241 -0.3816547211) (-0.02460643987 0.1128690355 0.1554580489) (-0.01182594636 -0.006430967275 -0.01674417686) (-0.006179844829 0.03607468599 0.0793532932) (-0.005559600193 0.01613373052 0.03761732351) (0.01059494229 0.2812519729 -0.03825523079) (0.01161001064 0.01796688029 0.01876013521) (0.01113234867 0.4041258592 -0.3859753824) (0.01068443204 0.1149461465 0.171806028) (0.003650409571 0.01088871001 0.09795909662) (-0.01459575304 0.03981118299 0.03224300279) (-0.00533477799 0.01741028205 0.02502667087) (0.0327874831 0.2875787853 -0.03549812222) (0.03106990799 0.02037656692 0.02117094524) (0.03546029434 0.4054926522 -0.3841183962) (0.024771625 0.1133855798 0.1562391855) (0.01154102455 -0.006131573137 -0.01443225831) (0.006010288571 0.03667864771 0.08003042812) (0.005478608982 0.01640814246 0.03799310327) (1.263971099e-05 0.004235850379 -0.0008062516622)
0.0063142992      (-0.03315102727 0.2873739994 -0.03414242221) (-0.0317038421 0.01987740703 0.02313728712) (-0.03562196468 0.404898583 -0.3833350057) (-0.02470011152 0.1132548464 0.1561313154) (-0.01187405752 -0.006424754 -0.01670104564) (-0.006204803903 0.03622719086 0.0796846607) (-0.005582235576 0.01620235809 0.03777276723) (0.01063425271 0.2824292462 -0.03840523842) (0.01165254538 0.01803656008 0.01882518579) (0.0111745491 0.4057558941 -0.3876511325) (0.01072556315 0.1153196056 0.172558067) (0.003667775916 0.01093116139 0.09835592595) (-0.01465553493 0.03997488574 0.03237396071) (-0.005357359102 0.01748337305 0.02512904709) (0.03291201909 0.2887812057 -0.03564426395) (0.0311865086 0.02045901181 0.02124184653) (0.0355987364 0.4071407024 -0.3858117652) (0.02486598547 0.1137735923 0.1569172784) (0.01158781596 -0.00612402844 -0.01437673977) (0.006034358703 0.03683433144 0.08036530612) (0.005500865234 0.01647820595 0.03815048773) (1.270444133e-05 0.004252314072 -0.0008094737937)
0.0063392992      (-0.03327707473 0.288569529 -0.03428030541) (-0.03182347023 0.0199566214 0.02321888691) (-0.03575897171 0.4065348436 -0.3850166469) (-0.02479376488 0.1136399726 0.1568054015) (-0.01192214565 -0.006418305907 -0.01665704515) (-0.006229766955 0.03637982373 0.08001629703) (-0.005604875074 0.01627103519 0.03792830959) (0.01067354718 0.2836069365 -0.03855506676) (0.01169503422 0.01810622519 0.01889021489) (0.01121670237 0.4073863836 -0.3893280645) (0.01076667158 0.115692228 0.1733109702) (0.003685119311 0.01097359223 0.09875276226) (-0.01471537551 0.04013868017 0.03250494607) (-0.005379966372 0.01755650116 0.02523145838) (0.03303648811 0.2899840437 -0.0357902999) (0.03130304023 0.0205414618 0.02131269554) (0.03573716009 0.4087892187 -0.3875065111) (0.02496032463 0.1141609335 0.1575962144) (0.01163457646 -0.006116300486 -0.01432018028) (0.006058446301 0.03699014235 0.08070039932) (0.005523131153 0.01654831967 0.03830795276) (1.276933078e-05 0.004268774738 -0.000812696651)
0.0063642992      (-0.0334030606 0.2897654528 -0.03441807884) (-0.03194304198 0.02003583385 0.02330046066) (-0.03589594332 0.4081715528 -0.3866996324) (-0.02488739621 0.1140244383 0.1574803186) (-0.01197022845 -0.006411616355 -0.0166121361) (-0.006254734653 0.03653257242 0.08034815727) (-0.005627519981 0.01633975792 0.03808393309) (0.0107128224 0.284785048 -0.03870471623) (0.01173748301 0.01817587661 0.01895521835) (0.01125881423 0.4090173363 -0.3910061625) (0.01080776401 0.1160640539 0.1740647445) (0.003702475709 0.01101599007 0.09914951177) (-0.01477528757 0.04030256193 0.03263595998) (-0.005402605154 0.01762966512 0.02533390668) (0.0331608918 0.2911873018 -0.03593622817) (0.03141950345 0.0206239188 0.02138348825) (0.03587555949 0.4104382355 -0.3892026259) (0.025054635 0.114547614 0.1582759978) (0.01168134957 -0.006108301324 -0.01426287342) (0.006082551007 0.03714608119 0.08103575355) (0.005545407 0.01661848257 0.0384655129) (1.283432138e-05 0.004285232326 -0.0008159202447)
0.0063892992      (-0.03352898691 0.2909617802 -0.03455574494) (-0.03206255576 0.02011504698 0.02338200236) (-0.03603287446 0.4098088032 -0.3883839419) (-0.02498099773 0.1144082509 0.1581560748) (-0.01201823522 -0.006404625889 -0.01656609279) (-0.006279720342 0.03668543543 0.08068019228) (-0.005650174553 0.01640852453 0.03823962044) (0.01075207471 0.2859635902 -0.03885419221) (0.01177989571 0.01824551612 0.01902019327) (0.01130089023 0.4106487984 -0.3926854292) (0.0108488467 0.1164351187 0.1748194537) (0.003719857121 0.01105836144 0.09954620568) (-0.01483525541 0.04046652705 0.03276699526) (-0.005425268663 0.01770286293 0.02543638629) (0.03328523186 0.2923909814 -0.03608204478) (0.03153589986 0.02070638452 0.02145422063) (0.03601393282 0.4120878415 -0.3909000978) (0.02514891177 0.1149336415 0.1589566379) (0.01172805152 -0.006100048254 -0.01420466171) (0.006106669522 0.03730214516 0.08137133726) (0.005567689942 0.01668869251 0.03862315617) (1.289940972e-05 0.004301686843 -0.0008191445305)
0.0064142992      (-0.0336548565 0.2921585092 -0.03469329531) (-0.03218201125 0.02019426166 0.02346350915) (-0.03616976312 0.4114466442 -0.390069558) (-0.02507456471 0.1147914108 0.1588326714) (-0.0120662307 -0.006397295493 -0.01651875689) (-0.006304710726 0.03683841321 0.08101238456) (-0.005672833965 0.01647733375 0.03839536248) (0.0107913014 0.2871425771 -0.03900349571) (0.01182227696 0.01831514262 0.0190851475) (0.0113429475 0.4122807945 -0.3943658753) (0.01088994208 0.1168054357 0.1755751376) (0.003737225044 0.01110069658 0.09994280325) (-0.01489529416 0.04063057819 0.03289805709) (-0.005447964384 0.01777609588 0.02553890131) (0.03340951039 0.2935950775 -0.03622773062) (0.03165223018 0.0207888572 0.02152489961) (0.03615227955 0.4137380923 -0.3925989027) (0.02524315374 0.1153190163 0.1596381386) (0.01177465376 -0.006091580678 -0.01414550298) (0.006130803304 0.03745833868 0.0817071828) (0.005589979344 0.01675895186 0.03878089648) (1.296452115e-05 0.004318138445 -0.0008223693516)
0.0064392992      (-0.03378067265 0.2933556309 -0.03483071916) (-0.03230140719 0.02027348014 0.02354496957) (-0.03630660157 0.4130850822 -0.3917564647) (-0.02516809389 0.1151739121 0.1595101081) (-0.01211419315 -0.006389652717 -0.0164702123) (-0.006329700074 0.03699150306 0.08134474039) (-0.005695495457 0.01654618478 0.03855116098) (0.01083049675 0.2883219951 -0.03915264671) (0.01186462566 0.01838476057 0.01915006043) (0.01138500557 0.413913336 -0.3960475291) (0.01093099918 0.1171750944 0.1763318085) (0.003754608688 0.01114302308 0.1003394101) (-0.01495536458 0.0407947133 0.03302913321) (-0.005470674786 0.01784936199 0.0256414421) (0.03353373437 0.2947995775 -0.03637330325) (0.03176849259 0.02087134333 0.02159550189) (0.03629058833 0.4153889833 -0.394299029) (0.02533735717 0.1157037345 0.160320503) (0.01182127143 -0.006082885946 -0.0140853127) (0.00615494205 0.0376146402 0.08204323322) (0.005612273996 0.01682925128 0.03893870738) (1.302975101e-05 0.004334587161 -0.0008255943409)
0.0064642992      (-0.03390643745 0.294553169 -0.03496802474) (-0.03242074601 0.02035270228 0.02362638338) (-0.03644339085 0.4147241421 -0.3934446666) (-0.02526158943 0.115555755 0.1601883941) (-0.01216223331 -0.00638169806 -0.01642049706) (-0.006354674619 0.03714470597 0.08167726942) (-0.005718153816 0.01661507848 0.03870702122) (0.01086966694 0.2895018285 -0.03930163472) (0.0119069461 0.01845436749 0.01921494299) (0.01142707257 0.4155464353 -0.3977303986) (0.01097203733 0.1175440884 0.1770894127) (0.003772012171 0.01118532393 0.1007359599) (-0.01501549053 0.04095892914 0.03316022469) (-0.005493412696 0.01792266156 0.02574401239) (0.03365788828 0.2960044899 -0.03651879001) (0.03188468734 0.02095384329 0.02166602953) (0.03642885705 0.4170405147 -0.3960004516) (0.02543152983 0.1160877847 0.1610037241) (0.01186791626 -0.006074064435 -0.01402432531) (0.006179074661 0.03777107166 0.08237958555) (0.005634569923 0.01689959813 0.03909662372) (1.309503649e-05 0.004351033017 -0.0008288197876)
0.0064892992      (-0.03403213643 0.2957510912 -0.03510519811) (-0.03254002664 0.02043192343 0.02370775583) (-0.03658011192 0.4163638131 -0.3951341043) (-0.02535505298 0.1159369234 0.1608675146) (-0.01221030363 -0.00637351253 -0.01636988012) (-0.006379667793 0.03729802009 0.08201002867) (-0.005740822502 0.01668401338 0.03886296308) (0.01090880559 0.2906820555 -0.03945044732) (0.01194923533 0.01852396139 0.01927980277) (0.01146913659 0.4171801035 -0.3994144728) (0.01101306604 0.1179124372 0.1778478543) (0.003789438496 0.01122758975 0.1011324202) (-0.01507568942 0.04112322385 0.0332913372) (-0.005516184826 0.01799599378 0.02584661578) (0.03378197126 0.2972097921 -0.03666417217) (0.03200080967 0.02103635318 0.02173649251) (0.03656707847 0.4186927091 -0.3977031551) (0.0255256699 0.1164711567 0.1616877987) (0.01191456539 -0.006065029672 -0.013962684) (0.00620321626 0.03792763506 0.08271625806) (0.005656872646 0.01696999296 0.03925465182) (1.316047872e-05 0.004367475777 -0.0008320459123)
0.0065142992      (-0.03415776746 0.296949434 -0.03524222232) (-0.03265924486 0.02051114591 0.02378909365) (-0.0367168132 0.4180041564 -0.3968248194) (-0.02544848615 0.1163174147 0.1615474774) (-0.01225834507 -0.006365136538 -0.0163185626) (-0.006404683881 0.03745145533 0.08234308434) (-0.005763503509 0.01675299217 0.039019007) (0.0109479198 0.2918626197 -0.03959910347) (0.01199149991 0.01859354354 0.01934463562) (0.0115112013 0.4188143289 -0.4010997333) (0.01105408308 0.118280104 0.1786071899) (0.003806878528 0.01126984325 0.1015289067) (-0.01513594998 0.04128760989 0.03342247785) (-0.005538984782 0.01806936313 0.02594925546) (0.03390598193 0.2984155006 -0.03680943896) (0.03211686228 0.02111887231 0.02180689461) (0.03670528688 0.4203455925 -0.3994071361) (0.02561977579 0.1168538363 0.1623727317) (0.01196120764 -0.006055720357 -0.01390014144) (0.006227367912 0.03808433323 0.08305320103) (0.005679184098 0.01704043822 0.03941277782) (1.322607451e-05 0.004383915578 -0.0008352725917)
0.0065392992      (-0.03428332951 0.2981481904 -0.03537908996) (-0.03277839995 0.02059036951 0.02387039657) (-0.03685352935 0.4196451475 -0.3985168045) (-0.02554189024 0.1166972025 0.1622282789) (-0.01230639115 -0.00635660645 -0.01626662238) (-0.006429709755 0.03760501019 0.08267644344) (-0.005786192048 0.01682201418 0.03917515447) (0.01098700885 0.2930434965 -0.03974760095) (0.01203373423 0.01866311334 0.01940944721) (0.01155325847 0.4204491078 -0.4027861943) (0.01109508735 0.1186470644 0.179367504) (0.003824329233 0.01131207671 0.1019254072) (-0.01519626884 0.04145208058 0.03355364107) (-0.00556181095 0.01814276666 0.02605192734) (0.03402991702 0.2996216495 -0.03695458279) (0.03223284629 0.02120139979 0.02187723815) (0.03684350704 0.4219991722 -0.4011124039) (0.02571385982 0.1172358163 0.1630585349) (0.01200784442 -0.006046203345 -0.01383670688) (0.006251523934 0.03824115606 0.08339039767) (0.005701501047 0.01711093006 0.03957099448) (1.329188981e-05 0.004400352179 -0.000838500014)
0.0065642992      (-0.03440882239 0.2993474184 -0.0355158075) (-0.03289749408 0.02066959775 0.0239516516) (-0.03699026062 0.4212867844 -0.4002101096) (-0.02563527617 0.1170762964 0.1629099435) (-0.01235443634 -0.0063478159 -0.01621362905) (-0.006454737142 0.03775866401 0.08300997534) (-0.00580888456 0.01689107252 0.03933136236) (0.01102608062 0.2942246779 -0.03989594611) (0.01207591482 0.01873267416 0.01947421636) (0.01159530888 0.4220844359 -0.4044738894) (0.01113608322 0.1190133131 0.1801288391) (0.003841802378 0.01135427781 0.1023218312) (-0.01525665674 0.0416166335 0.03368482726) (-0.005584668816 0.01821620397 0.02615463256) (0.03415377959 0.3008282687 -0.03709960315) (0.03234876534 0.02128393896 0.02194751147) (0.0369817492 0.4236533961 -0.4028190058) (0.0258079184 0.1176171002 0.1637452141) (0.01205453547 -0.006036525793 -0.01377241884) (0.006275669229 0.03839810676 0.08372788012) (0.005723817359 0.01718146988 0.03972931598) (1.335776936e-05 0.004416785891 -0.0008417278147)
0.0065892992      (-0.03453425197 0.3005470947 -0.03565236848) (-0.03301652595 0.02074882675 0.02403285836) (-0.03712694082 0.4229289645 -0.4019047106) (-0.02572861546 0.1174546753 0.1635924525) (-0.01240249707 -0.006338799343 -0.01615972938) (-0.006479746581 0.03791243168 0.08334375336) (-0.00583157453 0.01696017281 0.03948765652) (0.01106513332 0.2954061311 -0.04004411531) (0.01211805144 0.0188022221 0.01953896404) (0.01163735495 0.423720319 -0.4061628182) (0.01117708314 0.1193789628 0.1808911922) (0.003859291984 0.01139643833 0.1027181618) (-0.01531712099 0.04178127061 0.03381603904) (-0.005607561926 0.01828967611 0.02625737311) (0.03427757462 0.3020353831 -0.03724447999) (0.03246461503 0.02136648412 0.02201774216) (0.03711995986 0.4253082256 -0.4045269503) (0.0259018945 0.117997631 0.1644327806) (0.01210114694 -0.00602659989 -0.01370724299) (0.006299804578 0.03855519076 0.08406565249) (0.005746131915 0.01725206032 0.03988774679) (1.342383324e-05 0.004433216233 -0.0008449565098)
0.0066142992      (-0.03465962692 0.3017472743 -0.03578877923) (-0.03313549288 0.02082805881 0.02411404362) (-0.03726353721 0.4245717822 -0.4036006418) (-0.02582186543 0.1178322818 0.1642758509) (-0.01245057219 -0.006329560665 -0.01610495922) (-0.006504757245 0.03806632228 0.08367779832) (-0.005854269021 0.01702931894 0.03964404761) (0.01110417413 0.2965878423 -0.04019211951) (0.01216015516 0.01887176206 0.01960368257) (0.01167940418 0.4253567741 -0.4078529765) (0.01121803712 0.1197436539 0.1816546008) (0.003876778115 0.01143855926 0.1031144201) (-0.01537766256 0.04194599499 0.03394727835) (-0.005630491036 0.01836318444 0.02636015119) (0.03440131095 0.3032430181 -0.03738924601) (0.03258039414 0.021449041 0.02208792065) (0.03725808812 0.426963674 -0.4062362143) (0.02599577811 0.118377282 0.1651212506) (0.01214778061 -0.006016500998 -0.01364131594) (0.006323923433 0.03871240838 0.08440374272) (0.005768443369 0.01732270141 0.04004629561) (1.348994824e-05 0.004449643623 -0.0008481861521)
0.0066392992      (-0.03478494301 0.3029478833 -0.03592506185) (-0.03325439287 0.02090729067 0.02419520064) (-0.03740004221 0.4262151761 -0.4052977785) (-0.0259150367 0.118208995 0.164960124) (-0.01249865553 -0.006320098897 -0.01604925995) (-0.006529771619 0.03822033225 0.08401209167) (-0.005876968202 0.01709850997 0.0398005296) (0.01114320271 0.2977697945 -0.04033995585) (0.01220222336 0.01894129213 0.01966837228) (0.01172142469 0.4269938163 -0.4095443175) (0.01125898489 0.1201074836 0.182419085) (0.00389426693 0.01148066299 0.103510685) (-0.01543826622 0.04211080677 0.03407853964) (-0.005653449999 0.01843672841 0.02646296295) (0.03452496105 0.3044511268 -0.03753392748) (0.03269610489 0.02153160738 0.02215803775) (0.0373961147 0.4286197386 -0.4079466988) (0.02608964798 0.1187560477 0.1658106184) (0.01219441317 -0.006006195471 -0.01357461608) (0.00634802536 0.03886975182 0.08474212563) (0.005790751327 0.01739339107 0.04020494662) (1.355628316e-05 0.004466067707 -0.0008514166803)
0.0066642992      (-0.03491018466 0.3041489109 -0.03606123392) (-0.03337322593 0.02098652317 0.02427633066) (-0.0375364761 0.4278591885 -0.4069960876) (-0.02600820714 0.1185848443 0.1656452766) (-0.01254671102 -0.006310487596 -0.01599274592) (-0.006554789052 0.03837446743 0.08434667558) (-0.005899671928 0.01716774756 0.03995711585) (0.01118221772 0.2989520103 -0.04048763064) (0.01224425601 0.01901081698 0.0197330292) (0.01176342743 0.4286314466 -0.4112368437) (0.01129992456 0.1204704743 0.1831846805) (0.003911781206 0.01152276701 0.1039070212) (-0.01549891355 0.04227570631 0.0342098176) (-0.005676430702 0.01851030777 0.02656580486) (0.03464852625 0.3056596762 -0.03767852512) (0.0328117409 0.02161418525 0.02222809442) (0.03753408488 0.4302764789 -0.4096583955) (0.02618353851 0.1191340204 0.1665008865) (0.01224108956 -0.005995685169 -0.01350709896) (0.006372119883 0.0390272159 0.08508077964) (0.005813060284 0.01746412653 0.04036368532) (1.362277535e-05 0.004482488695 -0.0008546479018)
0.0066892992      (-0.03503535175 0.3053502956 -0.03619727565) (-0.03349199302 0.02106574861 0.02435744192) (-0.03767285565 0.4295037923 -0.4086955102) (-0.026101391 0.1189598951 0.1663312904) (-0.01259475416 -0.006300766523 -0.01593570066) (-0.006579812247 0.03852873886 0.08468162294) (-0.00592237961 0.01723703615 0.04011383069) (0.01122121034 0.3001345139 -0.04063514192) (0.01228625048 0.01908033361 0.01979766455) (0.01180542308 0.4302696487 -0.4129305525) (0.01134085217 0.1208326165 0.1839514329) (0.00392931203 0.01156487449 0.1043034582) (-0.01555959823 0.04244069564 0.03434111219) (-0.005699429219 0.01858392289 0.02666867616) (0.03477199256 0.3068686423 -0.03782301344) (0.03292729878 0.0216967702 0.02229810222) (0.03767200584 0.4319339283 -0.411371295) (0.02627742858 0.1195112574 0.1671920524) (0.01228779322 -0.005984929524 -0.01343854256) (0.006396221688 0.03918480148 0.08541966496) (0.005835376092 0.0175349097 0.04052249761) (1.368952576e-05 0.004498906207 -0.0008578799166)
0.0067142992      (-0.03516044056 0.3065520766 -0.03633315825) (-0.03361069602 0.02114496703 0.02443854709) (-0.03780919905 0.4311491009 -0.4103961131) (-0.02619456836 0.1193342161 0.1670181866) (-0.01264282187 -0.006290884722 -0.01587794523) (-0.006604837712 0.03868314068 0.08501688653) (-0.005945090993 0.01730637452 0.04027065414) (0.01126018246 0.3013173229 -0.04078248981) (0.0123282126 0.0191498436 0.01986228195) (0.01184740712 0.4319085104 -0.4146253286) (0.01138176234 0.1211938825 0.1847194394) (0.003946861239 0.01160695105 0.1046998601) (-0.01562034845 0.04260577096 0.034472428) (-0.005722458163 0.01865757324 0.02677158145) (0.03489538478 0.3080780278 -0.03796735116) (0.03304278291 0.02177935944 0.02236806858) (0.03780990721 0.4335921628 -0.4130854487) (0.02637128936 0.1198877804 0.1678841201) (0.01233448479 -0.005973988231 -0.01336923038) (0.00642032224 0.03934251914 0.08575884697) (0.005857694648 0.01760574449 0.04068140992) (1.37563833e-05 0.004515320582 -0.0008611127257)
0.0067392992      (-0.03528546866 0.3077542507 -0.03646886053) (-0.03372933486 0.02122418129 0.02451963288) (-0.03794552037 0.4327951471 -0.4120979196) (-0.02628771824 0.1197078162 0.167705962) (-0.01269103427 -0.006280776403 -0.01581921948) (-0.006629847792 0.03883766047 0.08535237928) (-0.005967801689 0.017375759 0.04042755344) (0.01129913502 0.3025004043 -0.04092968244) (0.01237014436 0.01921934419 0.01992688372) (0.01188936459 0.4335480357 -0.4163210389) (0.01142264496 0.1215541336 0.1854889085) (0.003964440321 0.01164899362 0.1050962146) (-0.01568116063 0.04277093109 0.0346037628) (-0.00574551524 0.01873125804 0.02687451951) (0.03501871354 0.3092878423 -0.03811154246) (0.03315819466 0.02186195684 0.022437981) (0.03794779829 0.4352511806 -0.4148008717) (0.0264651164 0.12026359 0.1685771009) (0.01238119518 -0.005962883898 -0.01329922648) (0.006444419993 0.03950036107 0.08609831239) (0.005880015875 0.01767662798 0.04084041717) (1.382335839e-05 0.004531731472 -0.0008643462542)
0.0067642992      (-0.03541044593 0.3089568448 -0.03660438503) (-0.03384791547 0.02130339127 0.0246007075) (-0.03808183285 0.4344419525 -0.4138009531) (-0.02638083535 0.1200807095 0.1683946509) (-0.01273929785 -0.006270521821 -0.01575982032) (-0.006654865 0.03899231045 0.08568819049) (-0.00599051938 0.01744519439 0.04058455952) (0.01133806257 0.3036837604 -0.04107673181) (0.01241204659 0.01928883476 0.01999146693) (0.01193124842 0.4351883069 -0.4180177198) (0.01146360837 0.1219135587 0.1862596862) (0.003982046438 0.01169102799 0.1054926251) (-0.0157420204 0.04293618559 0.03473512315) (-0.00576859291 0.01880498082 0.02697749246) (0.03514198195 0.3104980794 -0.03825559876) (0.03327353908 0.02194456122 0.02250784106) (0.0380856806 0.4369109563 -0.4165175402) (0.02655890555 0.1206386876 0.1692710213) (0.01242791836 -0.005951537028 -0.01322819561) (0.006468528278 0.03965832758 0.08643800323) (0.005902345578 0.01774756133 0.04099950122) (1.389045848e-05 0.004548138972 -0.0008675806031)
0.0067892992      (-0.0355353477 0.3101598071 -0.03673973123) (-0.03396641849 0.02138259457 0.02468176696) (-0.03821810054 0.4360894203 -0.4155051225) (-0.02647392466 0.1204528564 0.1690842203) (-0.01278760312 -0.006260148227 -0.01569988744) (-0.006679888989 0.03914708681 0.08602434102) (-0.006013243612 0.01751467798 0.04074167761) (0.01137693115 0.3048675807 -0.04122374312) (0.01245388594 0.01935835003 0.0200558943) (0.01197306945 0.4368298204 -0.4197157382) (0.01150454992 0.1222740422 0.1870293111) (0.003999671983 0.01173304316 0.1058890594) (-0.01580293513 0.04310152474 0.03486650542) (-0.005791695526 0.01887873801 0.02708049861) (0.03526514773 0.3117087146 -0.03839950749) (0.03338878797 0.02202716968 0.02257765495) (0.03822348905 0.4385714234 -0.4182353937) (0.02665269017 0.1210130121 0.1699658172) (0.01247469292 -0.005939982081 -0.01315633634) (0.006492641059 0.03981641412 0.08677795018) (0.005924681023 0.0178185418 0.04115867188) (1.395765968e-05 0.004564544092 -0.0008708155479)
0.0068142992      (-0.03566014854 0.3113631934 -0.03687491635) (-0.03408483289 0.02146179984 0.02476280444) (-0.03835428327 0.4377376047 -0.4172104694) (-0.02656703778 0.1208242242 0.1697746422) (-0.01283586996 -0.006249599066 -0.01563922088) (-0.006704927144 0.03930197585 0.08636076727) (-0.006035975401 0.01758420476 0.04089888553) (0.01141577209 0.306051766 -0.04137060567) (0.01249568961 0.01942786809 0.02012024939) (0.01201489197 0.4384721764 -0.421414891) (0.01154543879 0.1226341343 0.1877993633) (0.00401729188 0.01177502127 0.1062854503) (-0.01586392559 0.04326695207 0.03499791679) (-0.005814832688 0.01895253104 0.02718354396) (0.03538820983 0.3129197533 -0.03854329197) (0.03350394618 0.02210978668 0.0226474081) (0.0383612026 0.440232592 -0.4199544313) (0.02674651205 0.1213865311 0.1706614552) (0.01252152085 -0.005928127837 -0.01308361283) (0.006516780358 0.03997463448 0.08711819807) (0.00594703045 0.01788957309 0.04131794545) (1.402499715e-05 0.004580946949 -0.0008740511448)
0.0068392992      (-0.03578486741 0.3125669926 -0.03700996497) (-0.03420317187 0.02154101018 0.02484380429) (-0.03849039096 0.4393865054 -0.4189169844) (-0.02666018638 0.1211947985 0.1704659271) (-0.01288407601 -0.006238765374 -0.01557743918) (-0.00672997771 0.03945697265 0.08669741709) (-0.006058714944 0.01765377224 0.04105616372) (0.01145456513 0.3072362857 -0.04151726897) (0.01253745105 0.0194973793 0.02018457586) (0.0120566259 0.4401152643 -0.4231151712) (0.0115864174 0.122993538 0.1885703277) (0.004034933166 0.01181697122 0.1066818388) (-0.01592497748 0.0434324673 0.03512935154) (-0.005837998605 0.01902635955 0.02728662484) (0.03551118959 0.314131206 -0.03868695913) (0.03361902616 0.02219241024 0.02271710839) (0.0384988642 0.441894494 -0.4216746664) (0.02684035942 0.1217592539 0.1713580025) (0.01256833927 -0.005916041682 -0.01300972983) (0.006540930771 0.04013298296 0.08745873568) (0.0059693878 0.01796065282 0.04147731687) (1.409248896e-05 0.004597347428 -0.0008772871008)
0.0068642992      (-0.03590950683 0.3137711905 -0.03714485583) (-0.03432143166 0.02162021781 0.02492478869) (-0.03862643864 0.4410361098 -0.4206246377) (-0.02675336072 0.1215645611 0.171158094) (-0.01293218757 -0.006227701864 -0.01551478986) (-0.006755040358 0.03961208421 0.08703434832) (-0.006081460148 0.01772338258 0.0412135356) (0.01149331469 0.3084212464 -0.04166379055) (0.01257916804 0.01956690572 0.02024883025) (0.01209830491 0.4417593618 -0.4248167818) (0.01162724568 0.1233533413 0.1893408531) (0.004052600983 0.01185887258 0.1070781153) (-0.01598609939 0.0435980574 0.03526080261) (-0.005861196898 0.01910021821 0.02738973684) (0.03563407185 0.3153430747 -0.03883048464) (0.0337340151 0.02227503942 0.02278675878) (0.03863645857 0.4435571203 -0.4233960804) (0.02693424779 0.1221311537 0.1720554313) (0.01261514568 -0.005903655305 -0.01293476419) (0.006565094355 0.04029145581 0.08779956372) (0.005991752211 0.01803177881 0.0416367855) (1.41600948e-05 0.004613745729 -0.0008805235461)
0.0068892992      (-0.03603406874 0.3149758069 -0.0372796185) (-0.03443962416 0.02169943048 0.0250057353) (-0.03876241008 0.4426864417 -0.4223334424) (-0.02684659907 0.1219335178 0.1718511334) (-0.01298029234 -0.006216376669 -0.01545118331) (-0.006780107696 0.03976731748 0.08737158088) (-0.006104210317 0.01779303862 0.04137100791) (0.0115320586 0.3096064206 -0.04181006166) (0.01262085669 0.01963640799 0.02031309815) (0.01213992453 0.4434039311 -0.4265193309) (0.01166803075 0.1237114188 0.1901135329) (0.004070302317 0.0119007577 0.1074744434) (-0.01604726255 0.04376373166 0.03539226799) (-0.005884414453 0.01917411039 0.02749287747) (0.03575688092 0.3165553917 -0.03897390138) (0.03384893385 0.0223576807 0.02285634375) (0.03877399855 0.4452205246 -0.4251187104) (0.027028205 0.1225022833 0.1727537799) (0.01266198622 -0.005890958706 -0.01285873763) (0.006589258928 0.04045004395 0.08814063871) (0.00601412137 0.01810294799 0.04179633524) (1.422792606e-05 0.004630140578 -0.0008837606951)
0.0069142992      (-0.03615857896 0.3161808435 -0.03741424789) (-0.03455776454 0.02177864373 0.02508665795) (-0.03889834697 0.4443375508 -0.424043422) (-0.02693986228 0.122301725 0.172545113) (-0.01302844092 -0.006204828633 -0.01538664726) (-0.006805172913 0.03992267247 0.08770908781) (-0.006126963856 0.01786274121 0.04152857317) (0.01157077664 0.3107918223 -0.04195610883) (0.01266250754 0.01970588754 0.02037737778) (0.01218145094 0.4450491067 -0.4282228604) (0.01170884796 0.1240681547 0.1908881708) (0.004088038594 0.01194263428 0.107870855) (-0.01610846566 0.04392949622 0.03552375013) (-0.005907651888 0.01924803912 0.02759604889) (0.03587964609 0.3177681493 -0.03911717427) (0.03396379342 0.02244032796 0.02292587964) (0.0389115242 0.4468847514 -0.4268425801) (0.0271221206 0.1228726627 0.1734531157) (0.01270879216 -0.005878001988 -0.01278170393) (0.00661341904 0.04060875514 0.08848197802) (0.006036493013 0.01817416389 0.04195597471) (1.429594159e-05 0.004646532018 -0.0008869986251)
0.0069392992      (-0.03628304995 0.3173863022 -0.03754874227) (-0.03467585489 0.02185785704 0.02516755958) (-0.03903426866 0.4459894596 -0.425754584) (-0.02703304951 0.1226691522 0.1732400584) (-0.01307656501 -0.006193045995 -0.01532099987) (-0.006830246569 0.04007814706 0.08804683242) (-0.006149724362 0.01793249 0.04168621863) (0.01160946346 0.311977533 -0.04210197481) (0.01270412425 0.01977536131 0.02044163462) (0.01222294985 0.4466950673 -0.4299274919) (0.01174967314 0.1244240865 0.191664246) (0.004105833225 0.01198450413 0.1082673588) (-0.01616969508 0.04409534672 0.03565524326) (-0.005930902265 0.01932200235 0.02769924623) (0.03600236274 0.3189813484 -0.03926032046) (0.03407858948 0.02252298557 0.02299535309) (0.03904903081 0.4485498011 -0.4285676773) (0.02721596141 0.1232422255 0.1741534205) (0.01275558574 -0.005864762061 -0.01270361483) (0.006637565868 0.04076757573 0.08882353851) (0.006058863757 0.0182454218 0.04211568831) (1.436408854e-05 0.004662919751 -0.0008902373155)
0.0069642992      (-0.03640746683 0.3185922105 -0.03768310978) (-0.0347938872 0.02193707392 0.02524843777) (-0.03917015341 0.4476421966 -0.4274669435) (-0.02712616882 0.1230357511 0.1739359351) (-0.01312472663 -0.006180997055 -0.01525452243) (-0.006855336912 0.04023374334 0.08838486941) (-0.006172493943 0.01800228455 0.04184396318) (0.01164810964 0.3131636176 -0.04224763918) (0.01274570058 0.01984483072 0.02050588117) (0.01226446698 0.4483418661 -0.4316333166) (0.0117904929 0.1247793417 0.1924415845) (0.004123658451 0.01202635591 0.1086639103) (-0.01623097074 0.04426128564 0.03578675307) (-0.005954175697 0.01939600167 0.02780247462) (0.03612501575 0.3201950043 -0.03940332489) (0.03419331778 0.02260565095 0.02306477677) (0.03918650232 0.4502157041 -0.4302940212) (0.02730972594 0.1236109058 0.1748546925) (0.01280237893 -0.005851240016 -0.01262454516) (0.006661705683 0.04092652366 0.0891653679) (0.006081235088 0.01831672827 0.04227549602) (1.443236721e-05 0.004679304381 -0.0008934766285)
0.0069892992      (-0.03653181592 0.3197985776 -0.0378173521) (-0.03491185652 0.02201629309 0.02532929808) (-0.0393059951 0.4492957532 -0.4291804869) (-0.02721922277 0.1234014376 0.1746327634) (-0.01317291608 -0.006168742345 -0.01518719507) (-0.006880431099 0.04038946728 0.08872321448) (-0.006195268516 0.0180721269 0.04200181112) (0.01168670514 0.3143501149 -0.04239307909) (0.01278722915 0.0199142997 0.02057011904) (0.01230597889 0.4499895181 -0.4333403814) (0.01183131051 0.1251338681 0.1932201761) (0.004141522333 0.01206816544 0.1090604139) (-0.01629230668 0.04442730603 0.03591828064) (-0.005977477287 0.01947003448 0.02790573496) (0.03624759043 0.3214091194 -0.03954621277) (0.0343079714 0.02268832785 0.02313413386) (0.03932392298 0.4518824548 -0.4320215925) (0.02740346378 0.1239786602 0.1755569437) (0.01284917689 -0.005837614728 -0.01254470614) (0.006685847218 0.04108559209 0.08950748947) (0.006103610443 0.01838808026 0.04243540403) (1.45008139e-05 0.004695685997 -0.0008967165783)
0.0070142992      (-0.03665609194 0.3210053817 -0.03795143755) (-0.03502976151 0.02209551341 0.02541014006) (-0.03944178469 0.4509501326 -0.4308951898) (-0.02731226417 0.1237662055 0.1753305442) (-0.01322116621 -0.006156329697 -0.01511914023) (-0.006905526557 0.04054532125 0.08906189625) (-0.006218048712 0.01814201764 0.04215977244) (0.01172525713 0.3155370315 -0.0425382825) (0.01282872889 0.01998377398 0.02063429676) (0.01234746443 0.4516380079 -0.4350486754) (0.01187212501 0.1254875958 0.1940000669) (0.004159405103 0.01210993504 0.1094568959) (-0.01635370799 0.04459341404 0.03604982915) (-0.006000811929 0.01954410406 0.02800903027) (0.03637008776 0.3226236787 -0.03968897101) (0.03442255021 0.02277101161 0.0232034382) (0.03946128737 0.4535500564 -0.4337503555) (0.02749720794 0.1243455295 0.1762601589) (0.01289600574 -0.005823836062 -0.01246422927) (0.006709974669 0.04124479786 0.08984996523) (0.006125984602 0.018459484 0.04259543549) (1.456939784e-05 0.004712064436 -0.0008999572846)
0.0070392992      (-0.03678030073 0.3222126306 -0.03808536111) (-0.03514760368 0.02217473779 0.02549095752) (-0.03957752961 0.452605383 -0.4326110509) (-0.02740530111 0.1241301206 0.1760292912) (-0.01326945445 -0.006143714844 -0.01505017628) (-0.006930616576 0.04070128984 0.08940083294) (-0.006240831189 0.01821195173 0.04231782079) (0.01176376738 0.3167243923 -0.04268325491) (0.01287019066 0.02005324891 0.02069844098) (0.01238891061 0.45328738 -0.4367582311) (0.01191293024 0.1258404676 0.1947813057) (0.004177324545 0.01215166239 0.1098533301) (-0.01641518298 0.04475960996 0.03618140162) (-0.006024181997 0.01961821065 0.02811236377) (0.03649251609 0.3238387023 -0.03983160117) (0.03453705774 0.02285370474 0.02327269007) (0.03959862277 0.4552185982 -0.4354803147) (0.02759091905 0.1247115697 0.1769643486) (0.01294282028 -0.005809877693 -0.01238318196) (0.006734100879 0.04140413654 0.09019279334) (0.006148362487 0.01853093788 0.04275558965) (1.463811707e-05 0.00472843969 -0.0009031989093)
0.0070642992      (-0.03690444365 0.3234203117 -0.03821911936) (-0.03526539236 0.02225396577 0.0255717451) (-0.03971324218 0.4542615505 -0.4343280293) (-0.02749829448 0.1244932186 0.1767289903) (-0.01331779242 -0.006130947158 -0.01498055894) (-0.006955701724 0.0408573729 0.08974007247) (-0.006263616249 0.01828192846 0.04247597172) (0.01180223515 0.3179121835 -0.04282800096) (0.0129116122 0.02012272019 0.02076256259) (0.01243030761 0.4549376222 -0.4384690382) (0.01195371944 0.1261924523 0.1955638998) (0.004195322447 0.01219334664 0.1102496514) (-0.01647672604 0.04492588418 0.03631298975) (-0.006047584566 0.01969235052 0.02821573007) (0.03661487451 0.3250541737 -0.03997410133) (0.03465149644 0.02293640639 0.023341885) (0.03973592527 0.4568880841 -0.4372114549) (0.02768457796 0.1250768039 0.1776695094) (0.0129895976 -0.0057956744 -0.01230155472) (0.006758228104 0.04156360037 0.09053594785) (0.006170744075 0.01860243825 0.04291585626) (1.470694199e-05 0.004744811783 -0.0009064412748)
0.0070892992      (-0.03702851553 0.3246284316 -0.03835270752) (-0.03538311964 0.02233319521 0.02565251259) (-0.03984892342 0.4559186376 -0.4360461332) (-0.02759124665 0.1248555107 0.1774296405) (-0.01336613575 -0.006118056482 -0.01491042217) (-0.006980785839 0.04101357489 0.09007965999) (-0.006286403973 0.01835194884 0.04263424069) (0.01184065988 0.3191003518 -0.04297251599) (0.01295299258 0.02019218249 0.02082668642) (0.01247164826 0.4565887334 -0.4401810488) (0.01199449152 0.1265435518 0.1963478423) (0.004213343466 0.01223494584 0.1106457247) (-0.01653837771 0.04509223575 0.036444605) (-0.006071037573 0.01976652376 0.02831913738) (0.03673715728 0.3262700892 -0.04011645444) (0.03476586233 0.02301911119 0.02341104535) (0.03987318685 0.4585584961 -0.4389437735) (0.02777820689 0.125441236 0.1783756555) (0.01303630418 -0.005781313633 -0.01221940811) (0.006782374287 0.04172320318 0.09087950033) (0.006193134508 0.0186739901 0.0430762626) (1.477582527e-05 0.004761180498 -0.0009096846877)
0.0071142992      (-0.03715251582 0.325836998 -0.0384861223) (-0.03550078216 0.02241242593 0.02573326265) (-0.03998458013 0.4575766442 -0.437765367) (-0.02768416834 0.1252170074 0.1781312545) (-0.01341444984 -0.006105002668 -0.01483948121) (-0.007005887397 0.04116990277 0.09041955468) (-0.006309201488 0.01842201576 0.04279261483) (0.01187904389 0.3202888308 -0.04311681106) (0.01299433478 0.02026163311 0.02089080911) (0.01251295857 0.4582407338 -0.4418942059) (0.01203525286 0.1268937666 0.1971331257) (0.004231380053 0.01227650838 0.1110417698) (-0.01660010021 0.04525867761 0.03657624519) (-0.006094524657 0.01984073449 0.02842258229) (0.03685937302 0.3274864526 -0.04025866163) (0.03488016174 0.02310182266 0.02348016199) (0.04001043777 0.4602298425 -0.4406772642) (0.02787179004 0.1258048776 0.1790827711) (0.01308301549 -0.00576665857 -0.01213647675) (0.006806529523 0.04188294134 0.09122338271) (0.006215531314 0.01874559265 0.04323678479) (1.4844737e-05 0.004777545872 -0.0009129289779)
0.0071392992      (-0.03727645544 0.3270460185 -0.03861936815) (-0.03561838375 0.02249166059 0.02581398702) (-0.04012022049 0.4592355944 -0.4394857382) (-0.02777704543 0.1255777278 0.178833835) (-0.01346278889 -0.006091590921 -0.01476762634) (-0.007031001169 0.04132634733 0.09075972561) (-0.006332006792 0.01849212555 0.04295108076) (0.01191739029 0.3214776153 -0.04326089547) (0.01303563698 0.02033107302 0.02095492295) (0.01255425923 0.4598936357 -0.4436085073) (0.01207600715 0.1272431002 0.1979197611) (0.004249459915 0.01231804143 0.1114378071) (-0.01666188194 0.04542520485 0.03670790256) (-0.006118041012 0.01991498093 0.02852605973) (0.0369815171 0.3287032782 -0.04040072485) (0.03499439082 0.02318454198 0.02354923104) (0.04014766627 0.4619021734 -0.4424119395) (0.02796534433 0.1261677571 0.1797908884) (0.01312968295 -0.005751747494 -0.01205276169) (0.006830673532 0.04204281115 0.09156758732) (0.006237926888 0.01881724415 0.0433974193) (1.491378532e-05 0.004793908119 -0.0009161739904)
0.0071642992      (-0.03740033688 0.3282554747 -0.03875245622) (-0.03573592236 0.02257090037 0.02589467379) (-0.04025582142 0.4608954941 -0.4412071882) (-0.02786989728 0.1259376903 0.179537398) (-0.01351116299 -0.006077925247 -0.01469496799) (-0.007056113702 0.04148289951 0.09110016715) (-0.006354815314 0.01856227448 0.04310963475) (0.01195571115 0.322666705 -0.04340477785) (0.01307690139 0.02040050233 0.02101902541) (0.01259552712 0.4615474735 -0.4453239009) (0.01211675789 0.1275914921 0.1987077517) (0.004267560924 0.01235952598 0.1118337544) (-0.01672374557 0.04559181708 0.0368395835) (-0.006141597091 0.01998926347 0.02862957506) (0.03710358285 0.3299205459 -0.04054264305) (0.0351085501 0.02326726624 0.0236182538) (0.04028485919 0.463575446 -0.4441474482) (0.02805885021 0.1265298582 0.1805000376) (0.01317635329 -0.005736881526 -0.01196842003) (0.006854808987 0.04220281553 0.09191216326) (0.006260323264 0.01888894578 0.04355818499) (1.498295208e-05 0.004810267221 -0.0009194197728)
0.0071892992      (-0.0375241551 0.3294653615 -0.03888538359) (-0.0358533956 0.02265014233 0.02597533578) (-0.04039138025 0.4625563231 -0.4429294504) (-0.02796267059 0.1262968577 0.180241994) (-0.01355955925 -0.006064107094 -0.01462160419) (-0.007081221061 0.04163956379 0.09144086671) (-0.006377626332 0.01863246508 0.04326827752) (0.0119939984 0.3238561338 -0.0435484681) (0.01311812018 0.02046992461 0.02108311118) (0.01263675849 0.4632022846 -0.4470404046) (0.0121575047 0.1279389094 0.1994971239) (0.004285688824 0.01240097474 0.1122296735) (-0.01678566522 0.04575851127 0.03697127885) (-0.006165180483 0.02006358018 0.02873312083) (0.03722557635 0.3311382653 -0.0406844171) (0.03522263586 0.02334999956 0.02368722821) (0.04042202667 0.4652496217 -0.4458836711) (0.02815220938 0.1268909507 0.1812102562) (0.01322298245 -0.005721915811 -0.01188323731) (0.006878936026 0.04236294252 0.09225700935) (0.00628271957 0.01896069352 0.04371904835) (1.505217971e-05 0.004826623463 -0.0009226660674)
0.0072142992      (-0.03764791195 0.3306756916 -0.03901815339) (-0.03597080722 0.02272938796 0.02605597538) (-0.04052691651 0.4642180426 -0.4446524015) (-0.02805531815 0.1266549962 0.1809476125) (-0.01360795909 -0.006050100206 -0.01454738577) (-0.007106315682 0.04179634807 0.09178182861) (-0.006400436368 0.01870269954 0.04342701157) (0.01203224358 0.3250459241 -0.0436919586) (0.01315928786 0.02053934081 0.02114717708) (0.01267800267 0.4648580612 -0.4487580408) (0.01219825718 0.1282853787 0.2002878232) (0.004303871034 0.01244241517 0.1126256526) (-0.01684762242 0.0459252915 0.03710298659) (-0.006188783048 0.02013793221 0.02883669434) (0.03734749441 0.3323564279 -0.04082605227) (0.03533664772 0.02343274304 0.02375614647) (0.04055912675 0.4669246676 -0.4476206001) (0.02824558449 0.1272510038 0.1819215102) (0.01326954468 -0.005706656646 -0.01179694997) (0.006903061693 0.04252319423 0.0926020921) (0.006305118178 0.01903248713 0.0438799954) (1.512161947e-05 0.00484297672 -0.0009259127532)
0.0072392992      (-0.03777159802 0.3318864555 -0.03915076645) (-0.03608815764 0.02280863665 0.0261365912) (-0.04066239146 0.4658806303 -0.4463760228) (-0.02814798815 0.1270121256 0.1816542581) (-0.01365636356 -0.006035855442 -0.01447223603) (-0.00713139768 0.04195324576 0.09212306318) (-0.006423245195 0.01877297484 0.04358583844) (0.01207043951 0.3262361191 -0.04383523231) (0.01320042296 0.02060875419 0.02121122307) (0.01271927585 0.4665148292 -0.4504768864) (0.01223901497 0.1286309607 0.2010797716) (0.004322092573 0.01248381958 0.1130216243) (-0.01690963708 0.04609215713 0.03723471072) (-0.006212414351 0.02021232024 0.02894030004) (0.03746934215 0.3335750517 -0.04096755072) (0.03545058434 0.02351549636 0.0238250146) (0.04069615104 0.4686006437 -0.4493582619) (0.028339043 0.1276102431 0.1826337907) (0.01331605064 -0.00569117196 -0.01170975845) (0.00692720439 0.04268358976 0.09294746764) (0.006327525166 0.01910433233 0.04404104594) (1.519108045e-05 0.004859326677 -0.0009291602066)
0.0072642992      (-0.03789521198 0.3330976695 -0.03928322404) (-0.03620544706 0.02288788855 0.02621718396) (-0.04079780059 0.4675441584 -0.4481003302) (-0.02824074888 0.1273684796 0.1823619066) (-0.01370481395 -0.006021502999 -0.01439638375) (-0.007156481351 0.04211026964 0.09246458216) (-0.006446058912 0.01884329532 0.04374476585) (0.01210858506 0.3274267496 -0.04397828011) (0.01324152876 0.02067816803 0.02127524715) (0.0127605647 0.4681726136 -0.4521969932) (0.01227974552 0.1289756503 0.2018729323) (0.004340355904 0.01252521319 0.11341773) (-0.01697168304 0.04625911694 0.03736645201) (-0.00623606155 0.02028674685 0.02904393651) (0.03759111417 0.3347941391 -0.04110891515) (0.03556445262 0.02359826029 0.02389382547) (0.04083310268 0.4702775881 -0.4510966671) (0.02843255958 0.1279688114 0.1833470892) (0.01336257276 -0.005675511738 -0.01162143034) (0.00695136303 0.0428441174 0.09329306721) (0.006349941317 0.01917622518 0.04420217549) (1.526070667e-05 0.004875673576 -0.0009324083128)
0.0072892992      (-0.03801875449 0.334309345 -0.03941553586) (-0.03632267572 0.02296714691 0.02629774018) (-0.04093315066 0.4692086757 -0.4498253485) (-0.02833356381 0.1277241613 0.1830705757) (-0.0137532491 -0.006006827846 -0.01431964536) (-0.007181580654 0.0422674202 0.09280634717) (-0.006468882683 0.01891366123 0.0439037802) (0.01214668333 0.3286178246 -0.04412109046) (0.01328259691 0.02074758006 0.02133925377) (0.01280185274 0.4698314487 -0.4539183849) (0.01232048103 0.1293192182 0.2026673918) (0.004358676586 0.01256660686 0.1138140371) (-0.01703374371 0.04642617063 0.03749820441) (-0.006259718852 0.02036121206 0.02914759968) (0.03771281407 0.3360136976 -0.04125014533) (0.03567825194 0.02368103522 0.02396257999) (0.04097000895 0.4719555241 -0.4528358252) (0.02852604626 0.128326682 0.1840614546) (0.01340906158 -0.005659761542 -0.01153208312) (0.006975508223 0.04300476947 0.09363890058) (0.006372355644 0.01924816299 0.04436338524) (1.533046922e-05 0.004892017148 -0.0009356572586)
0.0073142992      (-0.03814223177 0.3355214828 -0.03954770014) (-0.03643984748 0.02304641179 0.02637825661) (-0.04106847338 0.4708741964 -0.4515510738) (-0.02842631946 0.1280791062 0.1837803237) (-0.01380161325 -0.005991852427 -0.01424186474) (-0.007206699614 0.04242468835 0.09314834212) (-0.00649171644 0.01898406912 0.04406287317) (0.01218474007 0.3298093354 -0.04426365386) (0.01332362669 0.02081698831 0.02140324204) (0.01284313414 0.4714913523 -0.4556410558) (0.01236121736 0.1296616896 0.2034631692) (0.004377075119 0.01260800119 0.1142105126) (-0.01709582239 0.04659332128 0.03762997348) (-0.006283385896 0.02043571627 0.02925129247) (0.03783444493 0.337233709 -0.04139123687) (0.03579198583 0.02376382056 0.02403127651) (0.04110688558 0.4736344291 -0.4545757123) (0.028619405 0.128683646 0.1847769948) (0.01345545809 -0.005643746614 -0.01144172305) (0.006999651777 0.04316553903 0.09398495393) (0.006394772676 0.01932014193 0.04452466715) (1.540042532e-05 0.004908357394 -0.0009389068051)
0.0073392992      (-0.03826564791 0.3367340682 -0.03967970386) (-0.036556959 0.02312567978 0.026458745) (-0.0412037691 0.4725406969 -0.4532774836) (-0.02851894282 0.1284330843 0.18449127) (-0.01384995251 -0.00597661416 -0.01416305645) (-0.007231841353 0.04258208234 0.09349060402) (-0.006514562144 0.0190545222 0.04422205821) (0.01222275534 0.3310012767 -0.04440595294) (0.0133646129 0.02088639272 0.02146722928) (0.01288440402 0.4731523297 -0.4573649997) (0.01240195089 0.1300030126 0.2042602663) (0.004395533786 0.01264937156 0.1146070464) (-0.0171579424 0.04676056285 0.03776176028) (-0.00630707374 0.02051025772 0.02935501696) (0.03795600116 0.338454173 -0.04153218423) (0.03590564921 0.02384661515 0.02409992084) (0.0412437134 0.4753143073 -0.4563163241) (0.02871266025 0.1290394991 0.185493817) (0.0135018781 -0.005627481373 -0.01135035292) (0.007023801 0.04332643458 0.09433128115) (0.006417195415 0.01939216576 0.04468604025) (1.547056593e-05 0.004924694219 -0.0009421570408)
0.0073642992      (-0.03838900641 0.3379471029 -0.03981154976) (-0.03667401412 0.02320495238 0.02653919518) (-0.04133903521 0.4742081942 -0.4550045722) (-0.02861148702 0.1287859455 0.1852034806) (-0.01389838854 -0.005961101311 -0.01408306657) (-0.007256983775 0.04273960302 0.09383310033) (-0.006537412688 0.01912502071 0.04438132261) (0.01226073341 0.3321936497 -0.04454798374) (0.01340555769 0.02095578792 0.02153121676) (0.0129256605 0.4748144042 -0.4590902262) (0.01244267752 0.1303432028 0.2050586631) (0.004414027828 0.01269072461 0.1150036869) (-0.01722010939 0.0469279065 0.03789357231) (-0.006330785575 0.02058484157 0.02945877885) (0.03807749093 0.3396751023 -0.04167298302) (0.03601924862 0.0239294181 0.02416851839) (0.04138049595 0.4769951928 -0.458057666) (0.02880587879 0.1293942555 0.1862119159) (0.01354833489 -0.005611055852 -0.01125797227) (0.007047959008 0.04348747449 0.09467789993) (0.006439625669 0.01946424057 0.04484751696) (1.554061955e-05 0.004941027461 -0.0009454082192)
0.0073892992      (-0.03851230856 0.3391605837 -0.03994322442) (-0.03679101439 0.02328422658 0.02661961854) (-0.04147425529 0.4758766938 -0.4567323322) (-0.0287040197 0.1291377333 0.1859169329) (-0.01394693644 -0.00594537376 -0.01400237161) (-0.00728213014 0.04289725138 0.09417586705) (-0.006560268636 0.01919556298 0.04454067758) (0.01229867181 0.3333864607 -0.04468974576) (0.0134464594 0.0210251741 0.02159520433) (0.01296690252 0.4764775976 -0.4608167439) (0.01248339418 0.1306823289 0.2058583386) (0.004432555959 0.01273204429 0.1154003613) (-0.01728234341 0.04709535036 0.03802541378) (-0.006354529961 0.02065946731 0.02956258232) (0.03819891855 0.340896515 -0.04181363962) (0.03613278455 0.02401223081 0.02423706864) (0.04151722563 0.4786771238 -0.4597997669) (0.02889913536 0.1297480329 0.1869312427) (0.01359479319 -0.005594351332 -0.01116465324) (0.007072131554 0.04364865703 0.09502487229) (0.006462065858 0.01953636771 0.04500911936) (1.561095192e-05 0.004957357203 -0.0009486603213)
0.0074142992      (-0.0386355521 0.3403745199 -0.04007473407) (-0.03690796222 0.02336350337 0.02670000277) (-0.04160942609 0.4775462304 -0.4584607816) (-0.02879657961 0.1294885665 0.1866315778) (-0.01399556695 -0.005929358426 -0.0139206219) (-0.007307268066 0.04305502134 0.09451889865) (-0.006583125161 0.01926614827 0.0447001202) (0.01233657005 0.3345796978 -0.04483125601) (0.01348731523 0.02109455471 0.02165917167) (0.01300812843 0.4781419132 -0.462544545) (0.01252409161 0.1310204509 0.2066592807) (0.004451147065 0.01277334767 0.1157971284) (-0.01734461003 0.04726288395 0.03815726902) (-0.006378290609 0.02073412964 0.02966641462) (0.03832027595 0.3421183933 -0.04195415231) (0.0362462507 0.02409505914 0.02430554781) (0.04165389133 0.4803601177 -0.4615426268) (0.02899241658 0.1301009266 0.1876517472) (0.01364127909 -0.00557729253 -0.01107018707) (0.007096312209 0.04380995938 0.09537210043) (0.006484512863 0.01960853852 0.04517081061) (1.56817064e-05 0.004973683486 -0.0009519129609)
0.0074392992      (-0.03875873347 0.3415889127 -0.04020607589) (-0.03702484661 0.02344278257 0.02678036465) (-0.041744537 0.4792168175 -0.4601899225) (-0.02888915744 0.1298385299 0.187347374) (-0.01404411113 -0.005913098538 -0.01383805359) (-0.007332409824 0.04321291869 0.09486225806) (-0.00660598561 0.01933677776 0.04485967443) (0.01237443434 0.3357733305 -0.04497248572) (0.01352812912 0.02116392913 0.02172313616) (0.01304934343 0.4798073628 -0.4642736117) (0.01256477493 0.1313576214 0.2074615439) (0.004469805834 0.01281462161 0.116193893) (-0.01740692179 0.0474304996 0.03828913424) (-0.006402074813 0.02080882622 0.02977027469) (0.03844156257 0.3433407569 -0.04209449443) (0.03635965386 0.02417789767 0.0243739785) (0.04179049829 0.4820442107 -0.4632862576) (0.02908571757 0.1304529867 0.1883733982) (0.0136879032 -0.005560228656 -0.01097492782) (0.007120479718 0.04397138643 0.09571964276) (0.006506958083 0.01968075373 0.04533261162) (1.575288507e-05 0.004990006274 -0.0009551665232)
0.0074642992      (-0.0388818451 0.3428037373 -0.04033724483) (-0.03714166416 0.02352205956 0.02686070958) (-0.04187957726 0.4808884485 -0.4619197103) (-0.02898171888 0.1301876611 0.1880642971) (-0.01409251279 -0.005896610189 -0.01375471862) (-0.007357563676 0.04337094851 0.09520595513) (-0.006628852103 0.01940745474 0.04501934641) (0.01241226875 0.336967253 -0.04511342918) (0.01356889571 0.02123329555 0.021787088) (0.01309054692 0.4814739013 -0.4660038788) (0.01260545741 0.1316938279 0.2082651459) (0.004488527515 0.01285586944 0.1165906896) (-0.01746927831 0.04759820124 0.03842101498) (-0.006425880924 0.02088355803 0.02987416532) (0.03856277233 0.3445635746 -0.04223464955) (0.03647298821 0.02426074071 0.02444236603) (0.04192703265 0.4837293743 -0.4650305997) (0.02917898404 0.1308042282 0.1890961877) (0.0137346021 -0.005542986976 -0.0108787313) (0.00714465521 0.04413293366 0.09606746417) (0.00652940997 0.01975301145 0.04549451081) (1.582432475e-05 0.005006325435 -0.0009584209293)
0.0074892992      (-0.03900489855 0.3440190281 -0.04046825821) (-0.03725841717 0.02360134397 0.02694101825) (-0.04201458243 0.4825611907 -0.4636501891) (-0.02907425004 0.1305359724 0.1887823304) (-0.01414087427 -0.005879911433 -0.0136706633) (-0.007382715647 0.04352909411 0.09554995159) (-0.00665172109 0.0194781734 0.0451791218) (0.01245007456 0.338161466 -0.04525408299) (0.01360962927 0.0213026578 0.02185102642) (0.01313174489 0.483141543 -0.4677353488) (0.01264613956 0.1320290456 0.2090700928) (0.004507300795 0.01289708282 0.1169874923) (-0.01753169746 0.0477659938 0.03855291885) (-0.006449717351 0.02095832752 0.02997809299) (0.03868390682 0.3457868581 -0.04237462696) (0.03658625145 0.02434358983 0.02451070687) (0.04206349794 0.4854156358 -0.4667756629) (0.02927218663 0.1311546296 0.1898201336) (0.01378135835 -0.005525652163 -0.01078202368) (0.007168833665 0.04429460621 0.09641562759) (0.006551867349 0.0198253138 0.04565653284) (1.589589351e-05 0.005022641136 -0.0009616761508)
0.0075142992      (-0.03912789648 0.345234761 -0.04059910051) (-0.03737510838 0.02368063292 0.02702129517) (-0.04214955392 0.4842350412 -0.4653813338) (-0.02916672482 0.1308834174 0.1895014785) (-0.01418928303 -0.005862967276 -0.01358572534) (-0.007407873646 0.04368735787 0.0958942118) (-0.006674596767 0.01954893471 0.04533898885) (0.01248785271 0.3393559671 -0.04539443086) (0.01365032827 0.02137201371 0.02191496661) (0.01317293704 0.4848102853 -0.4694679961) (0.01268681394 0.1323632775 0.209876336) (0.004526116867 0.01293823959 0.1173843287) (-0.01759417467 0.04793387964 0.03868484419) (-0.006473583708 0.02103313633 0.03008205658) (0.03880497175 0.3470106162 -0.04251441423) (0.03669945275 0.02442643958 0.02457902546) (0.04219991545 0.4871030044 -0.4685214443) (0.02936532666 0.1315041344 0.1905452413) (0.01382812024 -0.005508127106 -0.01068451335) (0.00719300356 0.0444564152 0.09676412749) (0.006574324545 0.01989766516 0.04581867974) (1.596756731e-05 0.005038953095 -0.0009649324131)
0.0075392992      (-0.03925083766 0.3464509551 -0.04072975765) (-0.03749174074 0.0237599265 0.02710155002) (-0.04228449454 0.4859100337 -0.4671131654) (-0.02925915368 0.1312299663 0.1902217637) (-0.0142377358 -0.005845812341 -0.01350009123) (-0.007433031853 0.04384574629 0.09623877988) (-0.006697477624 0.01961974079 0.04549896565) (0.01252559593 0.3405507779 -0.04553449255) (0.01369098474 0.02144136801 0.02197888868) (0.01321411537 0.4864801642 -0.471201835) (0.01272749331 0.1326966604 0.2106838628) (0.00454499466 0.01297934846 0.1177812403) (-0.01765669715 0.04810185867 0.03881678873) (-0.006497472988 0.02110798378 0.03018605382) (0.03892596827 0.3482348566 -0.04265403436) (0.03681258287 0.02450929989 0.02464729191) (0.04233627833 0.4887915115 -0.470267969) (0.02945841131 0.1318527361 0.191271538) (0.01387494562 -0.005490497125 -0.01058653237) (0.007217163047 0.0446183461 0.09711295619) (0.006596782953 0.01997005882 0.04598094442) (1.603943111e-05 0.005055261731 -0.0009681895537)
0.0075642992      (-0.03937370845 0.3476676025 -0.04086022206) (-0.03760830615 0.02383922336 0.02718178279) (-0.04241938941 0.4875861774 -0.4688456711) (-0.02935153422 0.1315756111 0.1909432109) (-0.01428615245 -0.005828476222 -0.01341335673) (-0.007458184614 0.04400425498 0.09658363808) (-0.006720359354 0.01969058894 0.04565904481) (0.01256330703 0.3417458976 -0.04567426424) (0.01373159949 0.02151071938 0.0220427873) (0.01325528613 0.4881511846 -0.4729368484) (0.0127681596 0.1330296224 0.2114927311) (0.004563943522 0.01302042656 0.1181782843) (-0.01771925021 0.04826993306 0.03894874927) (-0.00652137927 0.0211828706 0.03029008169) (0.03904689306 0.3494595561 -0.0427934886) (0.03692564146 0.02459216924 0.02471550598) (0.04247258238 0.4904811478 -0.4720152086) (0.02955147065 0.1322004286 0.1919990048) (0.01392180702 -0.005472634022 -0.01048766063) (0.007241313091 0.04478040448 0.09746206239) (0.006619241748 0.02004249654 0.04614331058) (1.611157276e-05 0.005071566801 -0.0009714476064)
0.0075892992      (-0.03949651009 0.3488847053 -0.04099049368) (-0.03772480674 0.02391852668 0.02726198753) (-0.04255422682 0.4892634916 -0.4705788577) (-0.02944389442 0.1319203741 0.1916658164) (-0.01433454138 -0.005810824207 -0.013325196) (-0.007483340019 0.04416287421 0.0969286898) (-0.006743245303 0.01976147568 0.04581919345) (0.01260100236 0.3429413407 -0.04581373216) (0.01377217639 0.0215800664 0.0221066652) (0.01329647819 0.4898233369 -0.4746730437) (0.01280872652 0.1333608153 0.212302654) (0.004582954396 0.01306147203 0.1185754651) (-0.01778183801 0.04843810674 0.03908073218) (-0.006545302795 0.02125779802 0.03039414419) (0.03916774189 0.3506847309 -0.04293278862) (0.03703862511 0.02467505286 0.02478366024) (0.04260883296 0.4921719271 -0.4737632214) (0.02964451782 0.1325472775 0.1927276324) (0.01396872242 -0.005454530913 -0.01038773979) (0.00726547548 0.04494258638 0.09781142308) (0.006641709519 0.02011497708 0.04630577131) (1.618379674e-05 0.005087868449 -0.0009747063736)
0.0076142992      (-0.03961924264 0.3501022439 -0.04112058067) (-0.03784124309 0.02399783883 0.02734214895) (-0.04268898208 0.4909419715 -0.4723127325) (-0.02953622897 0.1322643212 0.1923895802) (-0.01438301555 -0.005792872833 -0.01323594037) (-0.007508502982 0.04432158568 0.09727394592) (-0.006766139149 0.0198323934 0.04597941218) (0.01263868223 0.3441371239 -0.04595289899) (0.0138127198 0.02164941565 0.02217051431) (0.01333767055 0.4914966353 -0.4764104354) (0.01284932266 0.1336907889 0.213113672) (0.004602056224 0.01310251468 0.1189729487) (-0.01784441889 0.0486063789 0.03921272454) (-0.006569225893 0.02133276483 0.03049823165) (0.03928851666 0.3519103624 -0.04307194156) (0.03715154046 0.02475795167 0.02485174342) (0.04274503578 0.4938638504 -0.4755120082) (0.02973753298 0.1328932906 0.1934574363) (0.01401576626 -0.005436222044 -0.01028683812) (0.007289632038 0.04510487317 0.09816098526) (0.00666417992 0.0201874922 0.04646830241) (1.625582167e-05 0.005104166375 -0.00097796581)
0.0076392992      (-0.03974190126 0.3513202927 -0.04125047168) (-0.03795761622 0.02407716297 0.02742227493) (-0.04282373181 0.4926216687 -0.4740473907) (-0.02962853781 0.1326074279 0.1931145289) (-0.01443157373 -0.005774691513 -0.01314587465) (-0.007533678821 0.04448040197 0.09761944759) (-0.006789042612 0.01990334618 0.04613971608) (0.01267634655 0.3453332701 -0.046091767) (0.01385323028 0.02171876378 0.02223433321) (0.01337885321 0.4931711071 -0.4781490392) (0.01288992445 0.134019808 0.2139258276) (0.004621213808 0.01314354267 0.119370674) (-0.01790701845 0.04877475695 0.03934473985) (-0.00659315827 0.02140777407 0.03060235331) (0.03940920598 0.353136476 -0.04321093491) (0.03726438158 0.02484086628 0.02491976411) (0.04288121955 0.495556924 -0.4772616032) (0.02983047844 0.133238375 0.1941884722) (0.01406282753 -0.005417678727 -0.01018487303) (0.007313801525 0.04526728011 0.09851077661) (0.006686660367 0.02026004671 0.04663091521) (1.632772304e-05 0.005120460677 -0.0009812260417)
0.0076642992      (-0.03986447846 0.3525388389 -0.04138014835) (-0.03807392401 0.02415649558 0.02750236481) (-0.04295851608 0.4943025178 -0.4757828352) (-0.02972076631 0.1329495595 0.1938406954) (-0.01448011093 -0.005756366855 -0.01305501843) (-0.00755884235 0.04463932552 0.09796518901) (-0.006811945917 0.01997433351 0.04630010125) (0.01271399877 0.3465297977 -0.04623035293) (0.01389370401 0.02178811199 0.02229811715) (0.01342000178 0.4948467927 -0.4798888488) (0.01293056262 0.1343478897 0.2147392905) (0.004640448051 0.01318453951 0.1197685075) (-0.01796964607 0.04894322747 0.03947676898) (-0.006617104941 0.02148282109 0.03070650507) (0.03952980126 0.354363094 -0.04334975748) (0.03737714802 0.02492379786 0.02498771811) (0.04301741519 0.497251157 -0.4790120365) (0.02992335136 0.133582338 0.1949207593) (0.0141098318 -0.005398907772 -0.01008189177) (0.007337988079 0.04542980802 0.09886081302) (0.006709151547 0.02033263973 0.0467936155) (1.639971257e-05 0.005136751314 -0.0009844868152)
0.0076892992      (-0.03998698112 0.3537579194 -0.04150960926) (-0.03819016351 0.02423583936 0.02758241631) (-0.04309334996 0.4959845284 -0.4775191248) (-0.02981294069 0.1332905596 0.1945680812) (-0.01452861118 -0.005737861237 -0.01296307616) (-0.007583987518 0.04479834768 0.09831110922) (-0.006834846573 0.02004535196 0.04646054949) (0.01275162823 0.3477267155 -0.04636867711) (0.01393413983 0.02185746167 0.02236186847) (0.01346112469 0.4965238386 -0.4816298153) (0.01297123606 0.134675135 0.21555421) (0.004659796683 0.01322548223 0.1201663138) (-0.01803232997 0.04911178228 0.03960881463) (-0.006641078989 0.02155790371 0.03081069038) (0.03965029731 0.3555902289 -0.04348838831) (0.03748983815 0.02500674466 0.02505561604) (0.0431535755 0.4989465788 -0.4807633435) (0.03001630389 0.1339253096 0.1956542384) (0.01415687791 -0.005379962463 -0.0099781892) (0.007362187002 0.0455924641 0.09921118386) (0.006731650897 0.02040527305 0.04695643356) (1.647178489e-05 0.0051530384 -0.0009877482158)
0.0077142992      (-0.040109412 0.3549775278 -0.04163882758) (-0.03830633792 0.02431518411 0.02766245634) (-0.0432281603 0.4976676834 -0.4792562595) (-0.02990522574 0.1336306327 0.1952965853) (-0.01457706059 -0.005719242517 -0.01287070515) (-0.007609119655 0.0449575106 0.09865743708) (-0.006857745685 0.02011641651 0.04662114505) (0.01278923605 0.3489240265 -0.04650672717) (0.01397453455 0.02192680736 0.02242560393) (0.01350224469 0.498202313 -0.4833718966) (0.01301170315 0.1350012651 0.2163706484) (0.004679222012 0.01326637828 0.1205641567) (-0.0180950571 0.04928042019 0.03974086958) (-0.006665076357 0.02163302175 0.03091490387) (0.03977070592 0.3568179183 -0.04362679834) (0.03760244964 0.0250897019 0.02512347684) (0.0432896887 0.5006432171 -0.4825155759) (0.03010935836 0.1342676744 0.1963887997) (0.01420391224 -0.005360828109 -0.009873454497) (0.007386378281 0.04575525352 0.09956188208) (0.006754150387 0.02047794837 0.04711936699) (1.654404736e-05 0.005169321762 -0.0009910106156)
0.0077392992      (-0.04023176844 0.3561976926 -0.04176782906) (-0.03842244277 0.02439453559 0.02774247402) (-0.04336288103 0.4993520302 -0.480994277) (-0.02999757866 0.1339701296 0.1960261516) (-0.01462550898 -0.005700399049 -0.01277754027) (-0.007634270494 0.04511679601 0.09900405806) (-0.006880656004 0.02018752007 0.04678184435) (0.01282681921 0.3501217354 -0.04664451167) (0.01401489487 0.02199615251 0.0224893214) (0.01354333452 0.4998822546 -0.4851150761) (0.01305224556 0.1353262761 0.2171884485) (0.004698684189 0.0133072474 0.1209621749) (-0.0181578179 0.04944915548 0.03987294166) (-0.006689092933 0.02170818039 0.03101914933) (0.03989104179 0.3580461607 -0.04376499388) (0.03771497936 0.0251726708 0.02519129732) (0.043425718 0.5023410206 -0.4842687407) (0.03020235435 0.1346094393 0.1971244722) (0.01425099158 -0.005341435468 -0.009767699199) (0.007410562404 0.04591818134 0.09991287539) (0.006776650895 0.020550668 0.04728240651) (1.6616473e-05 0.005185601365 -0.0009942739468)
0.0077642992      (-0.04035405216 0.3574183867 -0.04189662695) (-0.03853847721 0.02447389654 0.02782245903) (-0.04349750335 0.5010375759 -0.4827331396) (-0.03008985671 0.1343089824 0.1967568283) (-0.01467395391 -0.005681387383 -0.01268377693) (-0.007659448664 0.04527620201 0.09935100916) (-0.006903580182 0.02025866068 0.04694265807) (0.01286438205 0.3513198628 -0.04678204291) (0.01405522321 0.022065497 0.02255302002) (0.01358439576 0.5015637262 -0.4868593682) (0.01309282847 0.1356503408 0.2180074238) (0.004718222353 0.01334807937 0.1213602825) (-0.0182206166 0.0496179795 0.0400050275) (-0.0067131308 0.02178337602 0.03112342456) (0.04001133153 0.359274956 -0.04390298786) (0.03782743449 0.02525565256 0.02525907398) (0.04356164692 0.5040400188 -0.4860228303) (0.03029524095 0.1349503845 0.1978613261) (0.01429807834 -0.005321836734 -0.009661209601) (0.007434728079 0.0460812335 0.1002641655) (0.006799148275 0.02062342746 0.04744555529) (1.668897412e-05 0.005201877201 -0.0009975382046)
0.0077892992      (-0.04047628328 0.35863958 -0.04202521564) (-0.03865444598 0.02455326297 0.02790242341) (-0.04363206502 0.5027243359 -0.484472811) (-0.03018202801 0.1346470053 0.1974886952) (-0.01472237421 -0.005662191944 -0.01258931288) (-0.007684637352 0.0454357192 0.09969826473) (-0.006926513765 0.02032983613 0.04710358029) (0.01290190475 0.3525184129 -0.04691933108) (0.01409551307 0.02213484463 0.02261669332) (0.01362542518 0.5032467335 -0.4886047388) (0.01313339874 0.135973449 0.218827524) (0.004737845792 0.01338886159 0.1217583881) (-0.01828346221 0.04978688739 0.04013712733) (-0.006737192212 0.02185860715 0.03122772971) (0.04013155415 0.3605042663 -0.04404082125) (0.0379398124 0.02533864723 0.02532680094) (0.04369743205 0.5057401549 -0.4877778092) (0.03038803561 0.1352904091 0.1985994561) (0.01434511354 -0.0053020113 -0.009553882359) (0.00745889629 0.04624440914 0.1006157571) (0.006821649029 0.0206962246 0.04760881134) (1.676161384e-05 0.005218149496 -0.001000803253)
0.0078142992      (-0.04059844325 0.3598612738 -0.0421536389) (-0.03877034712 0.02463264002 0.02798235902) (-0.04376655103 0.5044122539 -0.486213283) (-0.03027411332 0.134984109 0.1982218394) (-0.01477084432 -0.005642674038 -0.0124937817) (-0.007709828077 0.04559534429 0.1000457449) (-0.006949453319 0.02040104401 0.04726457953) (0.01293937459 0.3537173869 -0.04705638252) (0.01413575687 0.02220419619 0.02268033334) (0.01366641149 0.5049312788 -0.4903511673) (0.01317396555 0.1362957018 0.2196488595) (0.004757541286 0.01342960399 0.1221565963) (-0.01834634376 0.04995588933 0.04026924763) (-0.006761271104 0.02193387707 0.03133206828) (0.04025170438 0.3617340982 -0.04417850126) (0.0380521174 0.02542165841 0.02539446944) (0.04383315129 0.5074414387 -0.4895336911) (0.03048075454 0.135629424 0.1993388916) (0.01439205 -0.005281916002 -0.009445402604) (0.007483071895 0.04640770168 0.100967616) (0.006844156458 0.02076905716 0.04777216192) (1.683440708e-05 0.005234418643 -0.001004068927)
0.0078392992      (-0.04072053229 0.3610834256 -0.04228187873) (-0.03888618746 0.02471202453 0.02806226052) (-0.04390096953 0.5061012864 -0.4879545507) (-0.03036612245 0.1353201757 0.1989562527) (-0.01481934321 -0.005622749 -0.01239749848) (-0.007735023702 0.04575507596 0.1003935203) (-0.006972398591 0.02047228297 0.04742567724) (0.01297680465 0.3549167732 -0.04719318045) (0.01417595401 0.02227354638 0.02274395788) (0.01370735313 0.5066173619 -0.4920986322) (0.01321452763 0.136617157 0.2204714395) (0.004777281049 0.0134703036 0.1225548807) (-0.01840928112 0.0501249882 0.04040139346) (-0.006785377847 0.02200918755 0.03143644522) (0.04037177313 0.3629643984 -0.04431600529) (0.03816434668 0.02550467542 0.02546209884) (0.04396879454 0.5091438319 -0.4912904534) (0.03057343588 0.1359673886 0.200079626) (0.01443905778 -0.005261637266 -0.009336055943) (0.007507266265 0.04657112837 0.1013198041) (0.006866674077 0.02084193086 0.04793562935) (1.690727282e-05 0.005250684119 -0.001007335408)
0.0078642992      (-0.04084255586 0.3623060253 -0.04240993125) (-0.03900197216 0.02479141154 0.02814214185) (-0.04403534829 0.5077914159 -0.4896966235) (-0.03045809421 0.1356552008 0.1996919379) (-0.01486788029 -0.00560274148 -0.01230021965) (-0.007760218665 0.04591492872 0.1007416655) (-0.006995345984 0.02054355829 0.04758690075) (0.01301421518 0.3561164371 -0.04732965063) (0.01421610979 0.0223428676 0.02280763064) (0.01374827669 0.5083045682 -0.4938468459) (0.01325502008 0.1369356952 0.2212967742) (0.004797098076 0.01351098863 0.1229533909) (-0.01847223794 0.05029418763 0.04053355782) (-0.006809495591 0.02208453824 0.03154085384) (0.04049177922 0.3641951831 -0.04445336311) (0.03827651419 0.02558770022 0.02552968322) (0.04410438475 0.5108473713 -0.4930481286) (0.03066606806 0.1363043616 0.2008217104) (0.01448610505 -0.005241107912 -0.009225624125) (0.007531466495 0.04673466723 0.1016722582) (0.006889198636 0.02091483742 0.04809918726) (1.698057578e-05 0.00526694553 -0.001010602668)
0.0078892992      (-0.04096453604 0.3635291073 -0.04253782225) (-0.03911772105 0.02487080419 0.02822200465) (-0.04416973884 0.5094827157 -0.491439581) (-0.03054999619 0.1359892473 0.2004289994) (-0.01491632622 -0.005582611047 -0.01220218114) (-0.007785418959 0.04607489939 0.1010901307) (-0.007018298407 0.02061486977 0.04774823582) (0.01305160842 0.3573163873 -0.04746581719) (0.01425623521 0.022412157 0.02287134588) (0.01378916316 0.5099930138 -0.4955958664) (0.01329553825 0.1372518292 0.2221247118) (0.004817014497 0.01355167244 0.1233521793) (-0.01853520115 0.05046349373 0.0406657419) (-0.006833618411 0.02215993244 0.03164529403) (0.04061173674 0.3654264192 -0.04459056068) (0.03838863722 0.02567072974 0.02559721947) (0.04423996447 0.5125520913 -0.494806715) (0.03075858708 0.1366403222 0.201565237) (0.01453326863 -0.005220213312 -0.00911410181) (0.007555678899 0.04689831881 0.1020249364) (0.006911733153 0.02098777731 0.04826282173) (1.705404433e-05 0.005283201978 -0.001013870981)
0.0079142992      (-0.04108647025 0.3647526389 -0.04266549942) (-0.03923342861 0.02495019598 0.02830185371) (-0.04430416029 0.5111752317 -0.4931834274) (-0.03064179049 0.1363222776 0.2011674659) (-0.0149647111 -0.005562197791 -0.01210304329) (-0.007810628169 0.04623497967 0.1014388233) (-0.007041257926 0.0206862139 0.04790965144) (0.0130889796 0.3585167266 -0.04760174243) (0.01429633117 0.02248143804 0.0229350516) (0.01383002414 0.5116829813 -0.4973458633) (0.01333606784 0.137566696 0.2229543729) (0.004837041369 0.01359234247 0.1237511843) (-0.01859817667 0.0506329003 0.04079794405) (-0.006857747711 0.02223536731 0.03174976471) (0.04073163962 0.3666581257 -0.04472757161) (0.03850070018 0.02575376698 0.0256647077) (0.04437553422 0.5142580187 -0.4965662376) (0.03085103335 0.1369752618 0.2023101478) (0.01458044449 -0.005198996579 -0.009001265719) (0.007579906332 0.04706208354 0.1023778178) (0.006934276727 0.02106075049 0.04842652754) (1.712764133e-05 0.005299453905 -0.001017140072)
0.0079392992      (-0.04120834607 0.365976648 -0.04279296945) (-0.03934908059 0.02502959698 0.02838166615) (-0.04443858191 0.5128689652 -0.4949281877) (-0.03073352699 0.1366542995 0.2019072834) (-0.01501310628 -0.005541378535 -0.01200230717) (-0.007835854458 0.04639514914 0.1017876319) (-0.007064226731 0.02075758275 0.04807110479) (0.01312633291 0.3597175225 -0.04773746535) (0.01433639954 0.02255072355 0.02299871644) (0.01387089152 0.5133745972 -0.4990969373) (0.01337659241 0.1378807397 0.2237854223) (0.004857196671 0.01363301625 0.1241504874) (-0.01866114804 0.05080241211 0.04093016217) (-0.006881877013 0.02231084471 0.03185426524) (0.04085146664 0.3678903243 -0.04486439794) (0.03861269554 0.02583681882 0.02573213536) (0.04451104392 0.5159651361 -0.4983267047) (0.03094344702 0.1373092057 0.2030564052) (0.01462765775 -0.005177474618 -0.00888692642) (0.007604142633 0.04722595932 0.1027308893) (0.006956827734 0.02113375606 0.04859029954) (1.720136993e-05 0.005315701708 -0.001020409929)
0.0079642992      (-0.04133015985 0.3672011542 -0.04292024738) (-0.03946467751 0.02510900623 0.02846144022) (-0.04457296997 0.5145638932 -0.4966738664) (-0.03082524161 0.1369853326 0.2026484111) (-0.01506158297 -0.005520296879 -0.01190062012) (-0.007861097785 0.04655541313 0.1021366284) (-0.007087207052 0.02082897677 0.04823261705) (0.01316366165 0.3609187704 -0.04787296954) (0.01437644153 0.02262001397 0.02306234805) (0.01391174104 0.5150678763 -0.5008490859) (0.0134171046 0.1381939988 0.2246177978) (0.004877455461 0.01367366154 0.1245499336) (-0.01872415084 0.05097202148 0.04106239682) (-0.006906024126 0.02238636278 0.03195879915) (0.04097121327 0.369123 -0.04500103409) (0.03872462089 0.02591987964 0.02579951102) (0.04464648932 0.5176734045 -0.5000881001) (0.03103584836 0.1376421633 0.2038039838) (0.01467489551 -0.005155757965 -0.00877173419) (0.007628374603 0.04738995825 0.1030842786) (0.006979380702 0.02120679777 0.04875418073) (1.727516993e-05 0.005331945507 -0.001023680642)
0.0079892992      (-0.04145189726 0.3684261493 -0.0430473461) (-0.03958020785 0.02518842152 0.02854118093) (-0.04470729156 0.5162599671 -0.4984204495) (-0.03091694835 0.1373153719 0.203390846) (-0.01511007595 -0.00549895293 -0.01179779553) (-0.007886320043 0.0467157837 0.1024858593) (-0.007110184409 0.02090040039 0.04839420566) (0.01320096166 0.3621204689 -0.04800826752) (0.01441644544 0.02268931099 0.02312593909) (0.0139525767 0.5167628206 -0.5026023288) (0.01345760743 0.1385064451 0.2254514807) (0.004897855572 0.0137142623 0.1249494413) (-0.0187871846 0.0511417174 0.04119464404) (-0.006930185264 0.02246191654 0.0320633625) (0.04109087467 0.3703561802 -0.04513748877) (0.03883647093 0.02600295467 0.02586682151) (0.04478184013 0.5193828478 -0.5018504466) (0.03112824323 0.13797411 0.2045529091) (0.0147221255 -0.005133834816 -0.008655386573) (0.007652617192 0.04755406248 0.1034379332) (0.00700194136 0.0212798681 0.04891815082) (1.734903504e-05 0.00534818556 -0.001026952095)
0.0080142992      (-0.04157354386 0.3696516085 -0.04317424616) (-0.03969566755 0.02526783742 0.02862089535) (-0.04484153391 0.5179572032 -0.5001679074) (-0.03100864758 0.1376443859 0.2041346097) (-0.01515851242 -0.005477516705 -0.01169395096) (-0.007911528304 0.04687626509 0.1028353211) (-0.007133160257 0.02097185469 0.04855586942) (0.0132382174 0.363322609 -0.04814332629) (0.01445640957 0.02275861302 0.02318950369) (0.01399337205 0.5184594549 -0.504356663) (0.01349810557 0.1388181306 0.2262864231) (0.004918374494 0.01375481452 0.1253489875) (-0.0188502566 0.05131149829 0.04132690143) (-0.006954365929 0.0225375062 0.03216795499) (0.04121045786 0.3715898759 -0.04527375419) (0.03894824763 0.02608603983 0.02593408063) (0.04491710856 0.5210934834 -0.5036137408) (0.03122063158 0.1383050161 0.2053031994) (0.01476925397 -0.005111704539 -0.00853784114) (0.007676875159 0.04771828997 0.1037918699) (0.007024507343 0.02135296454 0.04908220659) (1.742294325e-05 0.005364422002 -0.001030224265)
0.0080392992      (-0.04169509837 0.3708774593 -0.04330093256) (-0.0398110611 0.02534724477 0.02870059132) (-0.04497560832 0.5196555765 -0.501916195) (-0.0311003192 0.1379723792 0.2048797446) (-0.01520688663 -0.005455783442 -0.01158899501) (-0.007936745217 0.04703685171 0.1031849764) (-0.007156142796 0.02104333819 0.04871759764) (0.01327544745 0.3645251736 -0.04827813581) (0.0144963352 0.02282791648 0.0232530493) (0.01403416506 0.520157731 -0.5061121079) (0.01353852523 0.1391290029 0.2271228123) (0.004938984983 0.01379534192 0.1257487459) (-0.01891335028 0.05148137953 0.04145917644) (-0.006978559026 0.02261313704 0.03227258077) (0.04132995717 0.3728240735 -0.04540983261) (0.0390599512 0.02616913177 0.02600129403) (0.04505226926 0.5228052898 -0.5053779682) (0.03131300075 0.1386348911 0.2060548691) (0.01481642322 -0.005089316514 -0.008419216709) (0.007701148558 0.04788263443 0.1041460745) (0.007047081448 0.02142607715 0.04924632834) (1.749702633e-05 0.005380655194 -0.001033497018)
0.0080642992      (-0.04181657543 0.3721037819 -0.04342741768) (-0.03992639223 0.02542664837 0.02878026884) (-0.04510960262 0.5213551424 -0.5036653763) (-0.03119196371 0.1382993624 0.2056262538) (-0.01525526533 -0.005433772624 -0.01148262141) (-0.007961981031 0.04719754511 0.1035348308) (-0.007179135513 0.02111485199 0.04887939483) (0.01331267253 0.3657280898 -0.04841263819) (0.01453623267 0.02289720677 0.02331661539) (0.01407495909 0.5218574704 -0.5078685614) (0.01357892889 0.1394382959 0.2279621194) (0.004959732146 0.01383581258 0.1261485127) (-0.01897648603 0.0516513457 0.04159146358) (-0.007002773132 0.02268880378 0.03237723687) (0.04144938694 0.3740587245 -0.04554572983) (0.0391715907 0.02625222517 0.02606846663) (0.04518733396 0.524518239 -0.5071431309) (0.03140531462 0.1389637764 0.2068079555) (0.01486350285 -0.005066583697 -0.008299932114) (0.007725418378 0.04804709633 0.1045005896) (0.007069655852 0.02149920141 0.0494105267) (1.757127929e-05 0.005396884871 -0.001036770498)
0.0080892992      (-0.04193799782 0.373330614 -0.04355372394) (-0.04004167218 0.02550605545 0.02885991313) (-0.04524358005 0.523055903 -0.5054155131) (-0.03128354326 0.1386253442 0.2063741719) (-0.01530367775 -0.005411448359 -0.01137508832) (-0.007987221234 0.04735835585 0.1038849569) (-0.007202132316 0.02118639427 0.04904127773) (0.01334988673 0.3669311631 -0.04854671567) (0.01457609745 0.02296644601 0.0233802883) (0.01411575433 0.5235580997 -0.5096256686) (0.01361928095 0.1397433075 0.2288057926) (0.004980619093 0.01387625324 0.1265484343) (-0.01903963551 0.05182140301 0.04172375851) (-0.007026996555 0.02276450894 0.03248191878) (0.04156878539 0.3752938427 -0.04568146112) (0.03928319492 0.02633531961 0.02613559841) (0.04532231116 0.5262323802 -0.5089092804) (0.03149749222 0.1392916564 0.2075626115) (0.01491047387 -0.005043587264 -0.008180063279) (0.007749669093 0.04821167348 0.1048553649) (0.007092226045 0.02157233701 0.04957478551) (1.764599601e-05 0.00541310893 -0.001040045265)
0.0081142992      (-0.04205943311 0.3745579675 -0.04367985777) (-0.04015693851 0.02558546081 0.02893953919) (-0.04537763676 0.5247579164 -0.5071666477) (-0.03137496051 0.1389503171 0.2071236929) (-0.01535212202 -0.00538891443 -0.01126664816) (-0.008012456096 0.04751928703 0.1042353534) (-0.007225129872 0.02125795902 0.04920323585) (0.01338710312 0.3681345205 -0.04868044434) (0.0146159422 0.02303565376 0.02344403002) (0.01415657223 0.5252600766 -0.5113837211) (0.01365957309 0.1400460069 0.229652946) (0.005001624132 0.01391667525 0.126948557) (-0.01910279821 0.05199156534 0.04185606767) (-0.007051228819 0.02284025792 0.03258663142) (0.0416881766 0.3765294487 -0.04581702499) (0.03939476877 0.02641841324 0.02620269938) (0.04545731211 0.527947741 -0.5106764309) (0.03158947919 0.139618503 0.2083190209) (0.01495736089 -0.005020336633 -0.008059064193) (0.007773926328 0.04837637789 0.1052103853) (0.007114801316 0.02164549045 0.04973910463) (1.772082113e-05 0.005429325215 -0.001043322046)
0.0081392992      (-0.04218083601 0.3757858122 -0.04380580022) (-0.04027216633 0.02566486098 0.02901915499) (-0.04551171803 0.5264611222 -0.5089187257) (-0.03146618539 0.1392742405 0.2078749097) (-0.01540065252 -0.005366129322 -0.01115726451) (-0.008037676431 0.04768033255 0.1045860436) (-0.007248126535 0.02132953731 0.04936526664) (0.01342430497 0.3693383035 -0.0488139001) (0.0146557637 0.02310485798 0.02350776487) (0.01419734669 0.5269637547 -0.51314295) (0.01369996399 0.1403479833 0.2305025517) (0.005022734894 0.01395709016 0.1273489621) (-0.01916597359 0.05216184214 0.04198840217) (-0.007075467618 0.0229160539 0.03269138062) (0.04180750053 0.3777655592 -0.04595239955) (0.03950627942 0.0265015118 0.02626975818) (0.04559224052 0.5296643638 -0.5124445744) (0.03168126777 0.1399442134 0.2090771125) (0.01500427035 -0.004996927576 -0.007936563942) (0.007798201156 0.04854120475 0.1055656323) (0.007137387221 0.021718661 0.04990347968) (1.779554997e-05 0.005445534468 -0.001046600744)
0.0081642992      (-0.04230216242 0.3770141305 -0.04393149739) (-0.0403873246 0.02574425171 0.02909877047) (-0.04564572954 0.5281655351 -0.5106717067) (-0.03155723102 0.1395969897 0.2086277363) (-0.01544923844 -0.005343417408 -0.01104752518) (-0.008062889657 0.04784150319 0.1049371259) (-0.007271123347 0.02140113012 0.04952740162) (0.01346147228 0.3705426081 -0.04894712851) (0.01469554794 0.0231740775 0.02357144791) (0.01423807823 0.5286694038 -0.5149034701) (0.01374044016 0.1406501348 0.2313529715) (0.005043967063 0.01399749652 0.1277496527) (-0.01922915009 0.05233221745 0.04212074821) (-0.007099708549 0.02299189021 0.03279615658) (0.04192674549 0.3790021665 -0.04608756593) (0.03961770756 0.02658461571 0.02633677297) (0.04572706439 0.5313822229 -0.5142136875) (0.03177298857 0.1402687177 0.2098367922) (0.01505119895 -0.004973270044 -0.007812655191) (0.007822479937 0.0487061436 0.1059210866) (0.007159976914 0.0217918443 0.05006790194) (1.78702844e-05 0.005461738544 -0.001049880812)
0.0081892992      (-0.04242340206 0.3782429229 -0.04405696232) (-0.04050240386 0.02582363844 0.02917837034) (-0.04577960958 0.5298711312 -0.5124255921) (-0.03164823903 0.1399185845 0.2093821256) (-0.01549789167 -0.005320659254 -0.01093720425) (-0.008088110998 0.04800279965 0.1052885653) (-0.00729412827 0.02147273835 0.04968963049) (0.01349860911 0.3717474732 -0.04908012817) (0.01473529915 0.02324331722 0.02363507725) (0.01427880812 0.5303770768 -0.5166653051) (0.01378073841 0.1409518717 0.2322042351) (0.005065309894 0.01403786877 0.1281504865) (-0.01929235646 0.05250268504 0.04225310837) (-0.007123965377 0.02306776503 0.032900963) (0.04204589951 0.3802392984 -0.04622254445) (0.03972905427 0.02666773 0.02640373632) (0.0458617596 0.5331012641 -0.5159837652) (0.03186471225 0.1405921517 0.2105980507) (0.01509814041 -0.004949282968 -0.0076878781) (0.00784676509 0.04887119814 0.1062768405) (0.007182572435 0.02186503999 0.05023240339) (1.794523401e-05 0.005477938744 -0.001053161828)
0.0082142992      (-0.04254453659 0.3794721351 -0.04418220621) (-0.04061739719 0.02590301491 0.02925796385) (-0.04591331458 0.5315778207 -0.5141803207) (-0.03173924499 0.1402391338 0.2101380611) (-0.01554655725 -0.005297725939 -0.01082603462) (-0.008113364334 0.0481642142 0.1056403) (-0.00731714711 0.02154435952 0.0498519336) (0.01353570788 0.3729528507 -0.04921286369) (0.01477500928 0.02331256666 0.02369868054) (0.01431953316 0.5320866634 -0.5184283512) (0.01382107994 0.1412529458 0.2330565684) (0.005086714045 0.01407820497 0.1285514829) (-0.01935561247 0.05267325155 0.0423854908) (-0.007148249153 0.02314368145 0.03300580692) (0.042164957 0.3814769104 -0.04635732572) (0.03984031826 0.02675084632 0.02647066553) (0.04599629349 0.5348214168 -0.5177547538) (0.03195642721 0.1409145715 0.2113608309) (0.01514521445 -0.004924992607 -0.00756266478) (0.007871055558 0.049036387 0.1066329624) (0.00720517236 0.021938254 0.05039701343) (1.802032723e-05 0.005494135038 -0.001056444013)
0.0082392992      (-0.042665594 0.3807019027 -0.044307261) (-0.04073231259 0.02598239909 0.02933752924) (-0.04604699802 0.5332856582 -0.5159359872) (-0.03183025661 0.1405586642 0.2108954669) (-0.01559518964 -0.005274611752 -0.01071399066) (-0.008138645759 0.04832574033 0.1059923253) (-0.007340176923 0.02161599097 0.05001430822) (0.0135727668 0.3741587461 -0.0493453267) (0.01481467163 0.02338182374 0.02376227012) (0.0143602682 0.5337981338 -0.5201925879) (0.01386142684 0.1415533548 0.2339101613) (0.005108198588 0.01411850402 0.1289525695) (-0.01941890999 0.05284390968 0.04251788686) (-0.007172556161 0.02321963655 0.03311068271) (0.04228391873 0.3827150382 -0.04649191701) (0.03995149886 0.02683396883 0.02653755616) (0.04613069131 0.53654271 -0.5195266886) (0.03204813438 0.1412360014 0.212125116) (0.01519234531 -0.004900479415 -0.00743677058) (0.007895342979 0.04920170913 0.1069894149) (0.007227772741 0.02201148511 0.05056172071) (1.809551745e-05 0.005510327686 -0.001059727197)
0.0082642992      (-0.0427865638 0.3819322251 -0.04443214367) (-0.04084715234 0.02606179432 0.0294170592) (-0.04618064088 0.534994681 -0.5176925998) (-0.03192126348 0.1408772104 0.2116543544) (-0.01564389126 -0.005251159454 -0.01060054774) (-0.00816395979 0.04848736452 0.1063444964) (-0.007363221176 0.02168762906 0.0501767069) (0.013609786 0.3753651773 -0.04947750966) (0.01485428832 0.02345108937 0.02382584052) (0.0144009963 0.5355114572 -0.5219580322) (0.01390176416 0.1418530667 0.2347651634) (0.005129796761 0.01415878491 0.1293538412) (-0.01948222646 0.05301466293 0.04265029134) (-0.007196876654 0.02329563189 0.03321558756) (0.0424027516 0.3839536395 -0.04662630981) (0.04006258814 0.02691709015 0.02660442105) (0.04626488984 0.5382651624 -0.5212995344) (0.03213980369 0.1415564811 0.2128909599) (0.01523938584 -0.004875661665 -0.007309971414) (0.007919619302 0.0493671586 0.1073461648) (0.007250370779 0.02208473087 0.05072651383) (1.817075793e-05 0.005526516951 -0.001063011083)
0.0082892992      (-0.04290743547 0.3831630785 -0.04455685393) (-0.04096191724 0.02614120145 0.02949653926) (-0.04631420673 0.5367049156 -0.5194501429) (-0.03201225964 0.1411947941 0.2124147508) (-0.01569273784 -0.005227415463 -0.01048590291) (-0.008189256729 0.04864908198 0.1066968441) (-0.007386264928 0.02175927031 0.05033913934) (0.01364677142 0.3765721494 -0.04960942335) (0.01489386718 0.02352036579 0.0238893755) (0.01444170996 0.5372265675 -0.523724716) (0.01394209218 0.1421520336 0.2356216431) (0.005151539685 0.01419906113 0.129755398) (-0.01954553614 0.0531855123 0.04278270079) (-0.007221196608 0.0233716666 0.03332051746) (0.0425214726 0.3851927904 -0.04676052594) (0.04017359497 0.02700022431 0.02667122979) (0.04639900673 0.5399888448 -0.5230733482) (0.03223143539 0.1418760022 0.2136583618) (0.01528639587 -0.004850600228 -0.00718207835) (0.007943890598 0.0495327106 0.1077031263) (0.007272970205 0.02215798206 0.05089136075) (1.824614969e-05 0.005542702343 -0.001066295662)
0.0083142992      (-0.04302818442 0.3843944531 -0.04468135171) (-0.04107659699 0.02622060935 0.0295759971) (-0.04644766008 0.5384164251 -0.5212085988) (-0.03210319683 0.1415114486 0.2131767012) (-0.01574169081 -0.00520340297 -0.01037016902) (-0.008214554991 0.04881089253 0.1070493769) (-0.0074093147 0.02183091373 0.05050161066) (0.01368372144 0.3777796743 -0.04974107284) (0.01493340822 0.02358965421 0.02395287283) (0.01448240085 0.5389434679 -0.525492659) (0.0139824121 0.1424502407 0.2364797287) (0.005173400422 0.0142393322 0.1301572207) (-0.01960885109 0.05335647043 0.04291512929) (-0.007245520755 0.02344774555 0.03342548073) (0.042640055 0.3864324653 -0.04689453888) (0.0402845105 0.02708336336 0.02673800041) (0.04653296116 0.5417137811 -0.524848107) (0.03232304944 0.142194602 0.2144273612) (0.01533351235 -0.004825267067 -0.007053012843) (0.007968163004 0.0496983773 0.1080603413) (0.007295575678 0.02223124383 0.05105627658) (1.832167541e-05 0.005558884112 -0.001069580916)
0.0083392992      (-0.04314882436 0.3856263624 -0.0448056302) (-0.04119119067 0.02630002008 0.02965543018) (-0.0465810092 0.5401291912 -0.5229679806) (-0.03219413741 0.1418271782 0.2139402172) (-0.01579070682 -0.005179052969 -0.01025310271) (-0.008239827107 0.04897279469 0.1074020597) (-0.007432359354 0.02190255871 0.05066411013) (0.01372063755 0.3789877388 -0.04987245063) (0.01497291016 0.02365896038 0.02401634775) (0.01452306987 0.5406621932 -0.5272618032) (0.01402272148 0.142747666 0.2373394548) (0.005195374727 0.01427961813 0.1305594584) (-0.01967216305 0.05352754855 0.04304758284) (-0.007269845561 0.02352387281 0.03353048095) (0.04275850081 0.3876726791 -0.04702833822) (0.04039533472 0.02716650806 0.0268047323) (0.04666677659 0.5434399345 -0.5266238124) (0.03241467756 0.1425122689 0.2151979667) (0.01538057951 -0.004799688432 -0.006922624908) (0.007992455023 0.04986416067 0.1084177779) (0.007318193615 0.02230451699 0.05122125338) (1.839728625e-05 0.00557506183 -0.001072866988)
0.0083642992      (-0.04326935281 0.3868587948 -0.04492968955) (-0.04130569598 0.02637942591 0.02973486095) (-0.04671429607 0.5418431445 -0.5247282756) (-0.03228508148 0.1421419825 0.2147053073) (-0.01583989175 -0.005154489865 -0.01013512237) (-0.008265082724 0.0491348085 0.1077550107) (-0.00745540152 0.02197421336 0.0508266839) (0.01375752396 0.3801963207 -0.05000354407) (0.01501237702 0.02372828127 0.02407980886) (0.01456371616 0.542382815 -0.5290320793) (0.01406301777 0.1430442877 0.2382007558) (0.00521745627 0.01431989844 0.1309620154) (-0.01973548818 0.05369873749 0.04318005825) (-0.00729417972 0.02360004538 0.03363551661) (0.04287685079 0.388913441 -0.04716192082) (0.04050607887 0.02724966013 0.02687142632) (0.04680049043 0.5451672934 -0.5284004897) (0.03250628438 0.1428289602 0.2159701341) (0.0154276295 -0.004774001219 -0.006791129673) (0.008016748572 0.05003006482 0.1087754872) (0.007340816287 0.02237780194 0.05138631061) (1.84730679e-05 0.005591235342 -0.00107615415)
0.0083892992      (-0.04338976233 0.3880917138 -0.04505353367) (-0.04142011386 0.02645882607 0.02981428888) (-0.04684746408 0.5435582698 -0.5264894572) (-0.03237597003 0.1424558508 0.2154719746) (-0.015889087 -0.005129711975 -0.0100162069) (-0.008290330968 0.04929693079 0.1081082152) (-0.007478443566 0.022045877 0.05098932945) (0.01379438648 0.3814053858 -0.05013434437) (0.01505181203 0.0237976181 0.02414324808) (0.0146043551 0.5441053515 -0.5308034744) (0.01410330386 0.1433400857 0.2390637284) (0.005239649419 0.01436015793 0.131364789) (-0.01979883208 0.05387003009 0.04331255304) (-0.007318524572 0.02367626045 0.03374058629) (0.04299511185 0.3901547718 -0.04729530477) (0.04061674561 0.02733282495 0.02693806958) (0.04693415534 0.5468958466 -0.5301781494) (0.03259784767 0.1431446989 0.2167438501) (0.01547479002 -0.004747852535 -0.00665869303) (0.008041054528 0.05019608515 0.1091334574) (0.007363446701 0.02245109616 0.05155144351) (1.854907377e-05 0.005607404785 -0.001079442375)
0.0084142992      (-0.04351006827 0.3893251086 -0.04517717741) (-0.04153445381 0.02653822606 0.02989369715) (-0.04698050742 0.5452745802 -0.528251516) (-0.03246679402 0.1427688092 0.2162401595) (-0.01593811279 -0.005104611643 -0.009896137212) (-0.008315594206 0.0494591623 0.108461699) (-0.007501494085 0.02211754835 0.05115205205) (0.0138312205 0.3826149189 -0.05026483899) (0.01509121124 0.02386697086 0.02420665967) (0.01464499755 0.5458297802 -0.5325759993) (0.01414358101 0.143635045 0.2399284236) (0.005261976653 0.01440038255 0.1317676624) (-0.01986220267 0.05404141238 0.04344505804) (-0.007342884665 0.02375251309 0.0338456848) (0.04311326957 0.3913966161 -0.04742850278) (0.04072733255 0.02741600157 0.02700465863) (0.04706768686 0.5486256209 -0.5319567517) (0.03268934207 0.1434595838 0.2175190732) (0.01552203775 -0.004721392796 -0.006525369416) (0.008065358184 0.05036221932 0.1094917347) (0.007386078764 0.02252439806 0.05171666565) (1.862532205e-05 0.005623570062 -0.001082731493)
0.0084392992      (-0.04363028001 0.3905589703 -0.04530060979) (-0.04164872249 0.02661762443 0.02997309259) (-0.04711350958 0.5469921007 -0.5300144524) (-0.03255756133 0.143080942 0.2170098233) (-0.01598708691 -0.005079160725 -0.00977519252) (-0.008340871479 0.04962150507 0.1088154587) (-0.007524553294 0.02218922744 0.05131485111) (0.0138680258 0.3838248887 -0.05039500273) (0.01513058008 0.0239363335 0.02427005455) (0.01468563386 0.5475560151 -0.53434964) (0.01418385007 0.1439291426 0.2407948352) (0.005284389411 0.01444058583 0.1321707893) (-0.01992560609 0.05421290316 0.04357758664) (-0.00736726472 0.02382881104 0.03395082155) (0.04323132628 0.3926388794 -0.04756147952) (0.04083784358 0.02749917316 0.02707122411) (0.04720114259 0.5503565678 -0.5337362119) (0.03278078359 0.143773665 0.218295812) (0.01556938772 -0.0046947998 -0.006391511812) (0.008089650661 0.0505284802 0.109850356) (0.007408710456 0.02259771518 0.05188199537) (1.870167774e-05 0.005639730986 -0.001086021928)
0.0084642992      (-0.04375039187 0.3917932891 -0.04542382573) (-0.041762917 0.02669702046 0.03005247529) (-0.04724651904 0.5487108543 -0.5317782829) (-0.03264830408 0.1433922794 0.2177809577) (-0.01603610256 -0.005053495952 -0.009653376047) (-0.008366166991 0.0497839422 0.1091694606) (-0.007547622268 0.02226090892 0.05147771493) (0.01390480215 0.3850353191 -0.0505248365) (0.01516991328 0.02400571052 0.02433342843) (0.01472623494 0.5492840992 -0.5361244275) (0.01422410716 0.1442223649 0.2416629717) (0.005306917253 0.01448075929 0.1325741249) (-0.0199890404 0.05438449849 0.04371013869) (-0.007391661816 0.02390515188 0.03405599565) (0.04334926285 0.3938815808 -0.04769423059) (0.04094827052 0.02758234078 0.02713776448) (0.04733454013 0.5520887369 -0.5355165768) (0.03287222731 0.1440869565 0.2190740451) (0.01561666178 -0.004668026682 -0.006257235612) (0.008113951451 0.05069485937 0.1102092993) (0.007431349105 0.02267104342 0.05204742103) (1.87781381e-05 0.00565588762 -0.001089313365)
0.0084892992      (-0.04387039829 0.393028062 -0.04554679465) (-0.04187703671 0.02677641324 0.03013184684) (-0.04737955061 0.5504308525 -0.5335430281) (-0.03273906415 0.1437028348 0.2185535532) (-0.01608513264 -0.005027595507 -0.009530494991) (-0.008391476888 0.04994647456 0.1095236853) (-0.007570699063 0.02233259207 0.05164063487) (0.01394155061 0.3862462298 -0.05065435767) (0.01520921206 0.02407510536 0.02439676989) (0.01476680179 0.5510140641 -0.537900387) (0.01426434683 0.1445146849 0.2425328469) (0.005329596515 0.01452091679 0.1329777276) (-0.02005248201 0.05455619421 0.04384270476) (-0.007416064416 0.02398153348 0.03416120021) (0.04346707824 0.3951247217 -0.0478267426) (0.04105861447 0.02766550811 0.02720426677) (0.04746789694 0.5538221587 -0.5372978721) (0.03296370577 0.1443994573 0.2198537739) (0.01566405843 -0.004640638833 -0.006121827333) (0.008138260526 0.05086134837 0.1105684887) (0.007453994111 0.02274437924 0.0522129156) (1.885476111e-05 0.00567204016 -0.001092605742)
0.0085142992      (-0.0439903057 0.3942632758 -0.04566948973) (-0.04199107877 0.02685579616 0.03021123015) (-0.04751259282 0.5521520834 -0.535308707) (-0.03282986206 0.1440125904 0.2193276079) (-0.01613414896 -0.00500151931 -0.009406637189) (-0.008416781194 0.05010912082 0.1098782162) (-0.007593776489 0.02240428359 0.05180364254) (0.01397825471 0.3874576696 -0.05078356006) (0.01524846342 0.0241445199 0.02446009939) (0.0148073402 0.5527459207 -0.5396775623) (0.0143045582 0.1448060926 0.2434045134) (0.005352411489 0.01456105411 0.1333815468) (-0.02011593794 0.05472798908 0.04397528701) (-0.007440474307 0.02405795538 0.03426643654) (0.04358479784 0.3963683451 -0.04795899189) (0.04116887942 0.02774867452 0.02727074004) (0.04760123768 0.5555568933 -0.5390801833) (0.03305519588 0.1447111667 0.2206349801) (0.01571150634 -0.004612931816 -0.005985181914) (0.008162592175 0.05102794453 0.1109279193) (0.007476650557 0.0228177212 0.05237847746) (1.89315267e-05 0.00568818877 -0.001095898975)
0.0085392992      (-0.04411014757 0.3954989657 -0.04579189035) (-0.04210505523 0.02693517326 0.03029060424) (-0.04764565359 0.5538745762 -0.5370753837) (-0.03292068178 0.144321535 0.2201030912) (-0.01618327977 -0.004975129392 -0.009282217448) (-0.008442090509 0.05027188255 0.1102330612) (-0.007616858516 0.02247598397 0.05196674118) (0.01401491833 0.3886696357 -0.05091242132) (0.0152876709 0.02421394774 0.02452342641) (0.01484783244 0.5544795778 -0.5414559493) (0.01434472877 0.1450965821 0.2442780067) (0.005375351785 0.01460116265 0.1337855321) (-0.02017941749 0.05489987961 0.04410788343) (-0.007464897134 0.02413441681 0.03437170435) (0.04370245007 0.3976124549 -0.04809096249) (0.04127907025 0.02783183881 0.02733718582) (0.04773456954 0.5572929171 -0.5408635395) (0.03314669174 0.1450220539 0.2214176226) (0.01575899385 -0.004584968599 -0.005847473866) (0.008186930625 0.05119465464 0.111287636) (0.007499312245 0.02289107109 0.05254412294) (1.900842686e-05 0.005704333284 -0.001099193295)
0.0085642992      (-0.04422993568 0.3967351353 -0.0459140043) (-0.04221896308 0.02701454638 0.03036997057) (-0.04777872271 0.555598328 -0.5388430802) (-0.03301150235 0.1446296392 0.2208799732) (-0.01623250084 -0.004948430347 -0.009157280167) (-0.008467379809 0.0504347507 0.1105882018) (-0.007639936404 0.02254769046 0.0521299237) (0.01405152956 0.3898820995 -0.05104094192) (0.01532683731 0.02428338133 0.02458674839) (0.01488818868 0.5562149549 -0.5432355655) (0.01438485109 0.1453861785 0.2451533777) (0.005398430878 0.01464125102 0.1341897419) (-0.02024291754 0.05507187318 0.04424049824) (-0.007489330986 0.02421092053 0.03447700694) (0.04382004052 0.3988570975 -0.04822266886) (0.04138918938 0.02791500732 0.02740359383) (0.04786785009 0.5590302245 -0.5426479911) (0.03323818052 0.1453320638 0.2222016759) (0.01580674989 -0.004556752042 -0.005708629081) (0.008211286848 0.05136147713 0.1116476558) (0.007521985116 0.02296442809 0.0527098541) (1.908545054e-05 0.005720473745 -0.001102488462)
0.0085892992      (-0.04434967034 0.3979717663 -0.04603583208) (-0.04233280128 0.02709391121 0.03044934621) (-0.04791181434 0.5573233008 -0.5406117925) (-0.03310231209 0.1449368596 0.2216582255) (-0.01628170291 -0.004921493352 -0.009031655844) (-0.008492655657 0.05059773617 0.1109436754) (-0.007663013463 0.02261940789 0.05229320548) (0.01408807032 0.3910948484 -0.05116911737) (0.01536596247 0.02435280597 0.02465006127) (0.01492814964 0.5579519393 -0.5450162799) (0.01442492319 0.1456748937 0.2460306598) (0.005421650823 0.01468135132 0.1345943285) (-0.0203063935 0.05524396506 0.04437311178) (-0.007513759164 0.02428746442 0.03458232981) (0.04393756017 0.4001022356 -0.04835412734) (0.04149922954 0.02799817974 0.02746995123) (0.04800107081 0.5607687534 -0.5444335094) (0.03332964992 0.1456411592 0.2229870937) (0.01585422964 -0.004527932374 -0.005568509028) (0.008235630297 0.05152840557 0.1120079138) (0.007544656933 0.02303778996 0.05287564691) (1.91627148e-05 0.005736609837 -0.001105784645)
0.0086142992      (-0.04446934373 0.3992088936 -0.04615739145) (-0.0424465638 0.02717327285 0.03052872317) (-0.04804488273 0.5590494816 -0.5423815477) (-0.03319310315 0.1452431648 0.2224378157) (-0.01633078997 -0.004894346262 -0.008904710537) (-0.008517939413 0.05076083276 0.1112994503) (-0.007686096251 0.02269113352 0.05245657397) (0.01412451535 0.3923075927 -0.05129697186) (0.01540504313 0.02442221826 0.02471337487) (0.01496761579 0.5596907623 -0.54679779) (0.01446495939 0.1459627485 0.2469099176) (0.005445006912 0.01472144759 0.1349992169) (-0.02036985796 0.05541615004 0.04450572906) (-0.007538184801 0.02436404641 0.03468767457) (0.04405499617 0.4013478396 -0.04848533343) (0.04160918713 0.02808135087 0.02753627258) (0.04813426441 0.562508496 -0.5462200909) (0.03342111518 0.1459493451 0.2237739075) (0.0159015447 -0.00449867528 -0.005427277941) (0.008259968855 0.05169543512 0.1123683797) (0.007567329384 0.02311115561 0.05304149406) (1.924012418e-05 0.005752741718 -0.001109081728)
0.0086392992      (-0.04458893452 0.4004465447 -0.04627869747) (-0.04256024908 0.02725263738 0.03060809342) (-0.04817790562 0.560776907 -0.5441524091) (-0.03328389235 0.1455485592 0.2232187691) (-0.01637993862 -0.004866889328 -0.008776573005) (-0.008543252719 0.05092403191 0.1116554627) (-0.007709194252 0.02276286337 0.05262000646) (0.01416085241 0.3935203469 -0.05142453341) (0.01544407437 0.02449163109 0.02477667773) (0.0150070704 0.5614314889 -0.548580019) (0.01450498473 0.1462497261 0.2477911671) (0.005468485856 0.01476155371 0.1354045043) (-0.0204333069 0.05558844264 0.04463835626) (-0.007562607517 0.02444067208 0.03479304665) (0.04417233488 0.4025939275 -0.04861629198) (0.04171905848 0.02816452281 0.02760255522) (0.04826739922 0.5642494822 -0.5480077669) (0.03351257068 0.146256619 0.2245621147) (0.01594883099 -0.004469040346 -0.005284763872) (0.008284302969 0.05186257722 0.1127290657) (0.007590003542 0.02318453 0.05320740264) (1.931776966e-05 0.005768869405 -0.00111237973)
0.0086642992      (-0.04470844194 0.4016846912 -0.04639973291) (-0.0426738542 0.02733199866 0.03068746671) (-0.04831091085 0.5625055821 -0.5459243839) (-0.03337467859 0.1458530385 0.224001087) (-0.01642903371 -0.004839234965 -0.008647551381) (-0.008568589181 0.0510873324 0.1120117792) (-0.00773230185 0.0228345965 0.05278352835) (0.01419714958 0.3947331149 -0.05155173003) (0.01548305428 0.02456103432 0.02484000037) (0.015046966 0.5631739536 -0.5503630087) (0.0145450287 0.1465358366 0.248674455) (0.005492072541 0.01480163054 0.1358099795) (-0.02049678464 0.05576083298 0.04477099887) (-0.007587047299 0.02451733803 0.0348984517) (0.04428957482 0.4038405267 -0.04874698709) (0.04182884211 0.02824769098 0.02766881622) (0.04840045414 0.565991757 -0.5497965926) (0.03360402155 0.1465629777 0.2253517325) (0.01599633233 -0.004439251302 -0.005141473606) (0.008308645088 0.05202984025 0.1130900662) (0.007612682831 0.02325791522 0.05337340565) (1.939561759e-05 0.005784993345 -0.001115678429)
0.0086892992      (-0.04482787959 0.4029233659 -0.04652049815) (-0.04278738655 0.02741135758 0.03076684405) (-0.04844392289 0.5642355293 -0.5476975285) (-0.03346546337 0.146156609 0.2247847912) (-0.01647813191 -0.004811288232 -0.008517158947) (-0.008593932463 0.0512507303 0.112368305) (-0.007755415155 0.02290633214 0.05294710673) (0.01423351725 0.3959460353 -0.0516785839) (0.01552198572 0.02463041619 0.0249033299) (0.01508723704 0.5649178152 -0.5521468338) (0.01458511541 0.1468210741 0.2495597999) (0.005515819793 0.01484169914 0.1362157324) (-0.02056025117 0.05593331929 0.04490364425) (-0.00761148566 0.02459404288 0.03500387981) (0.04440671612 0.4050876091 -0.04887741621) (0.04193853722 0.02833085663 0.02773504167) (0.04853342136 0.5677353268 -0.5515865729) (0.03369547071 0.1468684239 0.2261427809) (0.01604367772 -0.004409152967 -0.004996949354) (0.008332976513 0.05219720773 0.1134512922) (0.007635360709 0.02333130554 0.05353947041) (1.947370201e-05 0.005801113851 -0.001118977715)
0.0087142992      (-0.04494724417 0.4041625804 -0.04664098802) (-0.04290084141 0.02749071443 0.03084622901) (-0.04857694544 0.5659667618 -0.549471871) (-0.03355624466 0.146459259 0.2255698896) (-0.01652725516 -0.004782991362 -0.00838538097) (-0.008619272162 0.05141421707 0.1127249936) (-0.007778530633 0.02297806712 0.0531107226) (0.01426994563 0.3971593161 -0.05180513281) (0.01556086426 0.02469977814 0.0249666648) (0.01512764808 0.5666630133 -0.5539316305) (0.01462524591 0.1471054093 0.2504471742) (0.005539725407 0.01488175279 0.1366217116) (-0.02062371397 0.0561059 0.04503629479) (-0.007635924681 0.02467078632 0.03510933274) (0.04452378216 0.4063352373 -0.04900759017) (0.04204815097 0.02841402765 0.02780121815) (0.04866633946 0.5694801851 -0.5533777734) (0.03378689644 0.1471728909 0.2269352157) (0.01609087041 -0.004378754868 -0.004850830765) (0.00835731147 0.05236468069 0.1138127378) (0.007658041889 0.02340470146 0.05370559586) (1.955189164e-05 0.005817231324 -0.001122277069)
