# Probe 0 (-0.111 0.039 0.008)
# Probe 1 (-0.111 0.039 0.02)
# Probe 2 (-0.111 0.046 0.004)
# Probe 3 (-0.111 0.06 0.004)
# Probe 4 (-0.111 0.037 0.219)
# Probe 5 (-0.111 0.046 0.239)
# Probe 6 (-0.111 0.046 0.25)
# Probe 7 (0.07 0.039 0.008)
# Probe 8 (0.07 0.039 0.02)
# Probe 9 (0.07 0.046 0.004)
# Probe 10 (0.07 0.06 0.004)
# Probe 11 (0.07 0.037 0.219)
# Probe 12 (0.07 0.046 0.239)
# Probe 13 (0.07 0.046 0.25)
# Probe 14 (0.111 0.039 0.008)
# Probe 15 (0.111 0.039 0.02)
# Probe 16 (0.111 0.046 0.004)
# Probe 17 (0.111 0.06 0.004)
# Probe 18 (0.111 0.037 0.219)
# Probe 19 (0.111 0.046 0.239)
# Probe 20 (0.111 0.046 0.25)
# Probe 21 (0 0.25 0.1)
# Time            0                 1                 2                 3                 4                 5                 6                 7                 8                 9                 10                11                12                13                14                15                16                17                18                19                20                21               
0.000112          2.473122246       2.500637711       1.970768888       0.8370979412      0.5227236776      0.3886595221      0.29658172        2.610975586       2.64389389        2.111812443       0.9519838077      0.6110436816      0.33828295        0.2883817561      2.479183712       2.508948766       1.974753373       0.8372403143      0.5294508807      0.390673459       0.2979035122      0.06852653176    
0.0001264         2.46906996        2.496473358       1.967467282       0.835503726       0.5213946427      0.3877921718      0.2959404284      2.606961438       2.639714771       2.108507457       0.9502658259      0.609670646       0.337553014       0.2877699898      2.475208781       2.504808563       1.971508503       0.8356499139      0.5280599323      0.3897646489      0.2972374296      0.06837880646    
0.00014368        2.468691151       2.496112131       1.967077425       0.8350711904      0.5210103251      0.387439616       0.2957065822      2.606415132       2.639269722       2.108144029       0.9498899974      0.6093785771      0.3373372536      0.2875984678      2.474642939       2.504235651       1.970988559       0.8352026273      0.527622925       0.3894063074      0.296999346       0.06837771829    
0.000164416       2.470578713       2.498096034       1.96844354        0.8352264819      0.5211721923      0.3874545367      0.2957443614      2.608331032       2.641298339       2.109460574       0.9500983684      0.6098156902      0.3374459556      0.2876962468      2.476462451       2.506143862       1.972290701       0.8353188074      0.5277955012      0.3894117957      0.2970318246      0.06837175456    
0.0001892992      2.472280022       2.49990907        1.969651246       0.8352744191      0.5214297041      0.3876359362      0.2958821252      2.609899632       2.643070334       2.110688847       0.9502603041      0.610267309       0.3376169564      0.2878471839      2.478038281       2.507825992       1.973407033       0.8353519617      0.5280542972      0.3896004654      0.2971741413      0.0684073728     
0.0002142992      2.471065197       2.49884086        1.968467947       0.8340856754      0.5212151588      0.3881736731      0.2961446277      2.60861383        2.642093572       2.109233695       0.9490089701      0.6104400642      0.3377527233      0.2879516388      2.477218887       2.507202917       1.972512576       0.83424166        0.5279138021      0.3901661269      0.2974561185      0.06830813426    
0.0002392992      2.473295938       2.501358174       1.970062416       0.8341370197      0.5219428069      0.3889251305      0.2966315257      2.610810754       2.644651914       2.110861015       0.9491564068      0.6114999306      0.3382452991      0.2883579352      2.479624102       2.509933061       1.974238531       0.8343437201      0.5287306778      0.3909460445      0.297961524       0.06832920342    
0.0002642992      2.477477981       2.505818664       1.973214245       0.8349289299      0.5230428531      0.389788619       0.2972309761      2.615336789       2.64950385        2.114204194       0.9501175178      0.612900394       0.3388940968      0.2888983051      2.484129679       2.514754542       1.97761552        0.8351742513      0.5298917515      0.3918287017      0.2985728204      0.06838048586    
0.0002892992      2.476752305       2.505300452       1.972484872       0.8341592397      0.5230358665      0.3898233317      0.2972083947      2.614475077       2.648895071       2.113312156       0.9493035714      0.6129643573      0.3388381768      0.2888423261      2.483502856       2.514356127       1.976960259       0.8344248948      0.5299180798      0.3918881903      0.2985649734      0.06835122429    
0.0003142992      2.476640652       2.505399004       1.972221795       0.8335738168      0.5231996397      0.3897881813      0.2971570211      2.61437774        2.649041458       2.112981712       0.9487002601      0.61318447        0.3387898525      0.2887936136      2.483643459       2.514726952       1.976885433       0.8339038824      0.5300995271      0.3918537213      0.2985150368      0.06829517429    
0.0003392992      2.476985003       2.505967689       1.972361942       0.8332642046      0.5234430638      0.3897868805      0.2971476663      2.614671001       2.649579006       2.113036293       0.9483504219      0.613519269       0.3388136279      0.2888089291      2.484020774       2.515345127       1.977039153       0.833580109       0.5303745429      0.3918726974      0.2985170933      0.0682977718     
0.0003642992      2.477472368       2.506669646       1.972585362       0.8329315486      0.5237021939      0.3898500173      0.2971768185      2.615360339       2.650489129       2.113367099       0.9480786548      0.6138865457      0.3388577848      0.2888410631      2.484842533       2.516380879       1.977525913       0.8333484135      0.5306576845      0.3919315403      0.2985457123      0.06826135999    
0.0003892992      2.478839195       2.508231296       1.973536215       0.8330203238      0.5241175157      0.3900016221      0.2972867602      2.616414712       2.651779779       2.114039226       0.9480800272      0.6143889871      0.33899899        0.2889591812      2.485914278       2.51768065        1.97822818        0.8333191826      0.5310854437      0.3920923695      0.2986593043      0.06829849007    
0.0004142992      2.479187061       2.508784035       1.973612474       0.8326545912      0.5243424468      0.3900486238      0.2973051798      2.616974542       2.652551334       2.11429023        0.9477981216      0.6147060113      0.3390351976      0.2889845701      2.486592471       2.518556115       1.978569896       0.8330727114      0.5313098351      0.3921456436      0.2986826227      0.068254781      
0.0004392992      2.480158255       2.509934559       1.974243398       0.8326366145      0.5246256837      0.3901574164      0.2973818977      2.617912237       2.653689273       2.114879348       0.9477679471      0.6151052629      0.3391413488      0.2890739239      2.487585075       2.519744876       1.979204788       0.8330266062      0.5316365344      0.3922764475      0.2987723065      0.06828672994    
0.0004642992      2.480774041       2.510734993       1.974559977       0.8323817312      0.5248265554      0.390199452       0.2974003945      2.618378842       2.654371451       2.115073038       0.9474799403      0.6154031082      0.339169296       0.2890934352      2.488135738       2.520490468       1.979466804       0.8327566         0.5318127082      0.3923014622      0.298779683       0.06824561779    
0.0004892992      2.481165303       2.511279112       1.974726436       0.832157896       0.5249878982      0.390224697       0.2974122873      2.618738994       2.654911088       2.115223772       0.9472536575      0.6156673126      0.3391980931      0.2891168043      2.488599288       2.521119957       1.979684935       0.8325481932      0.5319894337      0.3923289103      0.2987932821      0.06825932627    
0.0005142992      2.482237967       2.512567257       1.97544368        0.8321193019      0.5252613231      0.3902971385      0.2974643009      2.619812167       2.656200492       2.115933351       0.9472225967      0.616079632       0.3392858135      0.2891891786      2.489670105       2.522415447       1.980395107       0.8324909999      0.532281414       0.3924032574      0.2988466079      0.06824460185    
0.0005392992      2.482075531       2.512619364       1.975232672       0.8317156901      0.5253310238      0.390296539       0.2974482291      2.619512838       2.656106636       2.115584406       0.9467818951      0.616187678       0.3392615355      0.2891666649      2.489482024       2.52245006        1.98016666        0.8320892478      0.532334911       0.3924038741      0.29883018        0.06823703971    
0.0005642992      2.483033984       2.513845624       1.975917111       0.8316938749      0.5256082817      0.3903790137      0.2975090068      2.620657172       2.657493789       2.116395954       0.946817545       0.6165969219      0.3393641259      0.2892524229      2.490599631       2.52384241        1.98096786        0.8320919636      0.532660623       0.392503315       0.2989021675      0.06823562587    
0.0005892992      2.483056815       2.514094528       1.975856579       0.8313455385      0.5257063931      0.3903919201      0.2975038049      2.62046081        2.657541793       2.116155366       0.9464223393      0.6167387661      0.3393474716      0.2892366758      2.49052175        2.523995522       1.980829499       0.8317262662      0.5327483688      0.3925006985      0.2988873278      0.0682192989     
0.0006142992      2.483696097       2.514983837       1.976289052       0.831242368       0.52592523        0.3904378634      0.2975365002      2.621180045       2.658525536       2.116654163       0.9463548958      0.6170595023      0.3394056895      0.2892859334      2.491256766       2.524993822       1.981332851       0.831628399       0.5329878136      0.3925472246      0.2989209046      0.06822336129    
0.0006392992      2.483893808       2.515414333       1.976371694       0.8309450452      0.5260522664      0.39038198        0.2974963149      2.621200535       2.658811999       2.116579498       0.9460302479      0.6172489657      0.3393867519      0.2892675234      2.49140742        2.525384058       1.981379616       0.8313357326      0.5330986192      0.3924887764      0.298878294       0.06819731447    
0.0006642992      2.484326184       2.516089132       1.976648647       0.8308181546      0.5262294379      0.3903625933      0.2974894732      2.621741013       2.65959774        2.11691216        0.9459263879      0.6175395515      0.3394272057      0.2893010487      2.491965384       2.526192416       1.981742763       0.8312088403      0.5333094603      0.3924996428      0.2988893457      0.06821197663    
0.0006892992      2.484680279       2.516673125       1.976815063       0.8305736704      0.5263940711      0.3903743968      0.2974924853      2.622004706       2.660095756       2.116993595       0.945690184       0.6177639962      0.3394376865      0.289308256       2.492311399       2.526765198       1.98190878        0.8309954584      0.5334746764      0.3924929266      0.2988817934      0.06818029421    
0.0007142992      2.484973046       2.517182429       1.976947493       0.8304303462      0.5265403733      0.3903811584      0.2974978708      2.622316685       2.660623411       2.117127411       0.9455372347      0.6179935057      0.3394699996      0.2893357524      2.492645637       2.52732847        1.982059897       0.8308269882      0.5336446843      0.3925235275      0.2989010725      0.06820211855    
0.0007392992      2.485390312       2.517830866       1.977129637       0.8302104685      0.5267200753      0.3904111901      0.2975132483      2.622755353       2.661284964       2.117323693       0.9453558073      0.618232391       0.33949386        0.2893541696      2.49313506        2.528047682       1.982307812       0.8306685867      0.5338209327      0.3925358444      0.298906685       0.06816276123    
0.0007642992      2.48555845        2.518197231       1.97714025        0.8300546114      0.526822461       0.3903956195      0.2975032284      2.622874831       2.661596753       2.117283466       0.9451459789      0.6184010919      0.339502668       0.2893626259      2.493278558       2.528405688       1.982281508       0.830447269       0.5339310442      0.3925393297      0.2989068058      0.06819064045    
0.0007892992      2.486012566       2.51887013        1.977332068       0.8298400903      0.5270016866      0.3904227766      0.2975173125      2.623414897       2.662344943       2.117552277       0.9450043057      0.6186520145      0.339531116       0.289384388       2.493877331       2.529217392       1.982598651       0.8303308833      0.534132679       0.3925551328      0.2989158377      0.06814515041    
0.0008142992      2.486049395       2.519086634       1.977230518       0.8296676653      0.527072992       0.3903973255      0.297497379       2.623443749       2.66254847        2.117434019       0.9447878938      0.6187807465      0.3395234229      0.2893786217      2.493929292       2.529467676       1.982490859       0.8300944965      0.5342156345      0.392545123       0.2989041087      0.06817467501    
0.0008392992      2.486715365       2.519961644       1.977580039       0.8295272382      0.5273159723      0.3904605061      0.297538615       2.624191077       2.66346913        2.11785102        0.9447325073      0.6190634216      0.3395732668      0.2894186918      2.494642018       2.53038754        1.982891365       0.8300347417      0.5344505705      0.3925864062      0.2989329085      0.06813162687    
0.0008642992      2.486568888       2.519995046       1.977298176       0.8293136499      0.5273632281      0.3904059892      0.2974985447      2.624020169       2.663460062       2.117542084       0.9444442038      0.6191485645      0.3395438999      0.2893949551      2.494505099       2.530440966       1.982591468       0.8297496569      0.5345109423      0.3925511186      0.2989033351      0.06815651533    
0.0008892992      2.48752991        2.521164876       1.977849494       0.8292878034      0.5276521595      0.3904776835      0.2975526427      2.624960849       2.664618422       2.118096705       0.9444779424      0.6194891392      0.3396208835      0.2894580718      2.49544652        2.531593721       1.983148108       0.8297881827      0.5347946061      0.3926050411      0.2989473375      0.06812250151    
0.0009142992      2.487073738       2.520881772       1.97730523        0.8289759752      0.5276127358      0.3903639712      0.2974694234      2.62444967        2.664292436       2.117495685       0.9440687162      0.6195009157      0.3395544012      0.2894022516      2.495021668       2.531351915       1.982600018       0.8294054015      0.5347886247      0.3925288896      0.2988857612      0.06813439431    
0.0009392992      2.488222855       2.522244084       1.977998733       0.8290235185      0.5279623398      0.390467541       0.297549158       2.625620372       2.665683859       2.118226495       0.9442030113      0.6199040887      0.3396567169      0.2894874334      2.496205272       2.53274632        1.983343721       0.8295374307      0.5351249363      0.3925986411      0.2989458747      0.06811175015    
0.0009642992      2.487550325       2.521736828       1.977273152       0.8286291681      0.5278821418      0.3903359588      0.2974488511      2.62486071        2.66511908        2.117410312       0.9436895865      0.6198568497      0.3395619503      0.2894071859      2.495534901       2.532257153       1.98258788        0.8290614022      0.5350779323      0.3924982287      0.2988636095      0.06810907962    
0.0009892992      2.488943014       2.52334287        1.978157234       0.8287774437      0.5282988112      0.3904773107      0.2975592666      2.626306816       2.666793522       2.118362636       0.9439516659      0.6203193681      0.3397008015      0.2895240484      2.497012411       2.533938121       1.983563116       0.8293096706      0.5354673132      0.392609837       0.298956933       0.068104904      
0.0010142992      2.488001893       2.522559466       1.977200916       0.8282843422      0.528164268       0.3903184998      0.297435204       2.625265207       2.665927967       2.117288039       0.9433159472      0.6201888066      0.3395671143      0.2894103341      2.49604433        2.533146549       1.982553118       0.8287219013      0.5353470252      0.3924719276      0.2988436904      0.06808330228    
0.0010392992      2.489627744       2.524398834       1.97826517        0.8285237763      0.5286109275      0.3904790528      0.2975634949      2.626944487       2.667827676       2.11842191        0.943692001       0.6207038311      0.3397381786      0.2895552211      2.497756645       2.535056124       1.983712509       0.8290716425      0.5357968284      0.3926185374      0.2989654957      0.06809639935    
0.0010642992      2.488611763       2.523541322       1.97724465        0.8280065496      0.5284553039      0.390303187       0.2974261743      2.625803678       2.666859977       2.117258041       0.9430064731      0.6205450476      0.3395876176      0.2894267267      2.496643659       2.534130457       1.982581537       0.8284351156      0.5356626185      0.3924604667      0.2988369986      0.06806004577    
0.0010892992      2.490218983       2.525360648       1.978295811       0.8282713315      0.5289357897      0.3904758629      0.2975651297      2.627536489       2.668796996       2.118423401       0.9434285378      0.6210917955      0.339776183       0.2895869285      2.498432954       2.536107202       1.983803095       0.8288392406      0.5361675305      0.3926293761      0.2989768368      0.0680857766     
0.0011142992      2.489250329       2.524545819       1.977278387       0.8277560843      0.5288110156      0.3902999135      0.2974290208      2.626398976       2.667830889       2.117243231       0.9427318588      0.6209501666      0.3396247702      0.2894566946      2.497310819       2.535170643       1.98263223        0.8281898154      0.5360406011      0.3924552112      0.2988389572      0.06804244287    
0.0011392992      2.490710606       2.526213832       1.978187753       0.8279789289      0.5292387042      0.3904240696      0.2975355714      2.62796723        2.669606637       2.118278025       0.9431085442      0.6214325873      0.3397880938      0.2895958368      2.498955297       2.536999235       1.983714175       0.8285523082      0.5364653834      0.3925960218      0.2989572153      0.068069682      
0.0011642992      2.49005727        2.525720279       1.977410586       0.8275708909      0.5291649598      0.3902775156      0.2974240607      2.627127998       2.668944875       2.117319345       0.9425105164      0.6213701214      0.3396670451      0.2894908491      2.49807986        2.536325069       1.982728297       0.8279868568      0.5363973748      0.3924348288      0.2988342685      0.0680306102     
0.0011892992      2.491118045       2.526984788       1.977994471       0.8276674756      0.5294879703      0.3903836277      0.2975090652      2.6283455         2.67035407        2.118058523       0.9427631718      0.6217543869      0.3397926963      0.2895984315      2.499404598       2.537821818       1.983549369       0.8282496268      0.5367249342      0.392558905       0.2989325356      0.0680507391     
0.0012142992      2.490761958       2.526794916       1.977441685       0.8273643857      0.5294904607      0.3903025426      0.2974441622      2.627848862       2.670047563       2.117371751       0.9422835233      0.6217655208      0.3397171071      0.289532219       2.498863479       2.537487516       1.982814813       0.827792563       0.5367411333      0.3924583731      0.2988534852      0.06801601105    
0.0012392992      2.491494406       2.527725474       1.977754286       0.8273512562      0.5297463078      0.3903709769      0.2974988038      2.628760364       2.671145625       2.117851482       0.9424277805      0.622067973       0.3398097735      0.2896115882      2.499898977       2.538688068       1.983396335       0.8279618193      0.5369933746      0.3925548021      0.2989270332      0.0680320108     
0.0012642992      2.491550358       2.527950468       1.977514667       0.82716894        0.5298334868      0.3903295792      0.2974663753      2.628579987       2.671153421       2.117394668       0.9420506         0.6221570036      0.3397686573      0.2895749814      2.499641644       2.538644987       1.982874098       0.8275938469      0.537081359       0.3924808531      0.2988723234      0.06800184784    
0.0012892992      2.491828735       2.528419189       1.97745716        0.8270108941      0.5299964983      0.3903545776      0.2974854676      2.629081454       2.671832461       2.117536705       0.9420550049      0.6223604021      0.339816968       0.2896164683      2.500292029       2.539452316       1.983138568       0.8276346056      0.5372602517      0.3925378354      0.2989133707      0.06801276664    
0.0013142992      2.492224139       2.528990076       1.977473343       0.8269335412      0.530173109       0.3903535559      0.2974857562      2.629208892       2.672166169       2.11730614        0.9418322676      0.6225200278      0.3398165587      0.289614594       2.500336961       2.539718718       1.982844648       0.8273621534      0.5374301003      0.392510337       0.2988951008      0.06798591136    
0.0013392992      2.492264934       2.529205393       1.977235868       0.8267142973      0.5302915908      0.3903339594      0.29747296        2.629416602       2.672543134       2.117180201       0.9417752629      0.6226642408      0.3398302071      0.2896268752      2.50071547        2.540242715       1.982899056       0.8273212713      0.5375753538      0.3925218017      0.2989038926      0.06799667898    
0.0013642992      2.492814622       2.529931094       1.977366297       0.8266790935      0.5305152649      0.39036232        0.2974955076      2.629800144       2.673126789       2.117152569       0.9416161357      0.62287209        0.3398572175      0.2896482884      2.500998688       2.540741686       1.982790233       0.8271314456      0.5377794492      0.392527118       0.298910188       0.06796939206    
0.0013892992      2.492652193       2.529944747       1.976930453       0.8264016648      0.530539857       0.390315487       0.2974606429      2.629787126       2.673279475       2.116861702       0.941456678       0.6229578609      0.3398420828      0.289636388       2.501150676       2.541040011       1.982625501       0.827013193       0.5378460871      0.3925096211      0.2988955701      0.06797981234    
0.0014142992      2.493306912       2.530784423       1.977124071       0.8263918022      0.5307957106      0.3903567015      0.2974934959      2.6303299         2.674023939       2.116949598       0.9413255181      0.6232020336      0.3398874963      0.2896726672      2.501575297       2.54168541        1.982611367       0.826870099       0.5380750158      0.3925320278      0.2989149804      0.06795136537    
0.0014392992      2.493082125       2.53071624        1.976634035       0.8260972801      0.5308091619      0.3903132647      0.2974589227      2.630184686       2.674031537       2.116543568       0.941092597       0.6232566572      0.3398574447      0.2896484054      2.501603306       2.541850363       1.982336664       0.8267003325      0.538122368       0.3924985222      0.2988880402      0.06796130101    
0.0014642992      2.493820438       2.531632722       1.976898967       0.8261038065      0.5310919973      0.3903639053      0.2974999352      2.630847577       2.674896373       2.116758856       0.9409992749      0.6234995574      0.339911521       0.2896932752      2.502160954       2.542620483       1.982438495       0.8266021644      0.5383658995      0.3925414599      0.298922169       0.06793322863    
0.0014892992      2.493533544       2.531492836       1.976368268       0.8258005817      0.5310817587      0.3902954272      0.2974480104      2.630560692       2.674764242       2.11626024        0.9407297867      0.623539149       0.3398724962      0.2896605612      2.502045239       2.542647047       1.982053659       0.8263902955      0.5384284596      0.3924978186      0.2988877282      0.06794236041    
0.0015142992      2.494231488       2.532372758       1.976608826       0.8258128428      0.5313883478      0.3903608795      0.2975003742      2.631309886       2.675698222       2.116529889       0.9406819975      0.6237935635      0.3399345464      0.2897123689      2.502670937       2.543470396       1.98222371        0.8263454879      0.5386721204      0.3925470493      0.2989278626      0.06791925016    
0.0015392992      2.493947048       2.532238765       1.976069752       0.8255188568      0.5313700713      0.3902848692      0.2974426437      2.630894844       2.675452334       2.115937477       0.9403719907      0.6238230034      0.3398814944      0.2896676064      2.502440212       2.543377466       1.981733176       0.8260993575      0.5387085601      0.3924711637      0.2988723067      0.06792238601    
0.0015642992      2.494731701       2.533229096       1.976357543       0.825561743       0.5316954031      0.3903428513      0.2974945388      2.631783898       2.676548379       2.116322675       0.9403885065      0.6241287428      0.3399635725      0.2897359329      2.50322916        2.54439306        1.982012025       0.8261068447      0.5389965514      0.3925334573      0.298924799       0.06790602374    
0.0015892992      2.494456271       2.533115636       1.975798359       0.8252204476      0.5317044761      0.3902712516      0.2974390488      2.631349897       2.676285929       2.115635129       0.9400182815      0.6241482417      0.3399048558      0.2896860851      2.502965562       2.544288277       1.981465986       0.8257868089      0.5390244248      0.3924550446      0.2988660376      0.0679004446     
0.0016142992      2.495279291       2.534143956       1.976107556       0.8252510967      0.5320399176      0.3903559304      0.2975087482      2.632336421       2.677471046       2.116062044       0.9400677425      0.6244610146      0.3400058173      0.2897711926      2.503856194       2.545400894       1.981819696       0.8258170232      0.5393583815      0.3925558398      0.2989446261      0.06789292556    
0.0016392992      2.494950399       2.53397245        1.975491336       0.8248815198      0.5320527617      0.3902787784      0.2974481359      2.631772348       2.677088094       2.115262302       0.9396324817      0.6244470541      0.3399327875      0.2897093987      2.503471611       2.545171985       1.981159886       0.8254401773      0.5393752394      0.3924662414      0.2988767286      0.06787735274    
0.0016642992      2.495777036       2.535000294       1.975793449       0.8249273219      0.5323584475      0.3903682222      0.2975207336      2.63277089        2.678285316       2.115693665       0.9397071965      0.6247632225      0.3400402818      0.2898000813      2.504375494       2.546287033       1.981518763       0.8255022169      0.5396882046      0.3925747047      0.2989606068      0.06787868948    
0.0016892992      2.495414108       2.534798359       1.975145876       0.82454821        0.5323536069      0.3902697061      0.2974457772      2.632211478       2.677902307       2.114869035       0.9392433019      0.6247333376      0.3399508348      0.2897244761      2.503981655       2.546054182       1.980843193       0.8251118692      0.5396759779      0.3924562981      0.2988738291      0.0678526285     
0.0017142992      2.496231551       2.535814752       1.975445841       0.8246024326      0.5326542841      0.3903565878      0.2975173812      2.63316576        2.679048198       2.115266331       0.9393236546      0.6250391892      0.3400616712      0.2898184572      2.504863631       2.547143951       1.981190995       0.8251859083      0.5400020642      0.392577302       0.2989659045      0.06786216274    
0.0017392992      2.495921143       2.535664167       1.974827083       0.8242322764      0.5326600483      0.390260459       0.2974450679      2.632734247       2.678783163       2.114537822       0.9388808022      0.6250397815      0.3399794011      0.2897477383      2.504560996       2.547007765       1.980570344       0.8248069412      0.5399892056      0.3924546564      0.2988767503      0.06783004961    
0.0017642992      2.496694063       2.53662813        1.97507439        0.8242762996      0.5329687977      0.3903657081      0.2975271696      2.633633562       2.679840046       2.114888211       0.9389559727      0.6253354783      0.3400917022      0.289842972       2.505360692       2.54800399        1.980838523       0.8248649123      0.5403155389      0.3925826036      0.2989728911      0.06784633779    
0.0017892992      2.496395678       2.536495286       1.974446503       0.823901993       0.5330025565      0.3902755335      0.2974600052      2.633276686       2.679654126       2.114203185       0.9385200936      0.6253556746      0.3400182101      0.2897800433      2.505120467       2.547938018       1.980246924       0.8244915068      0.5403490481      0.3924749635      0.2988946266      0.06780944567    
0.0018142992      2.497114404       2.537401351       1.974640032       0.8239243824      0.533299805       0.3903694558      0.2975347371      2.633989592       2.680555876       2.114401515       0.9385431012      0.6256315737      0.3401220792      0.2898686948      2.50579129        2.548806803       1.980403604       0.8245088796      0.5406667703      0.3925969582      0.2989863168      0.06782928857    
0.0018392992      2.496916513       2.537372407       1.97408033        0.8235718732      0.5333639862      0.390301463       0.2974836235      2.63374012        2.680494084       2.113788401       0.9381308852      0.6256798939      0.3400632537      0.2898178629      2.505652471       2.548847449       1.979881545       0.8241578244      0.5407241394      0.3925046064      0.2989208427      0.06778832744    
0.0018642992      2.497540041       2.538180057       1.974190446       0.8235622468      0.5336257719      0.3903869142      0.2975512443      2.634349015       2.681288716       2.113889252       0.938119323       0.6259223042      0.3401551263      0.2898961886      2.506243766       2.549629376       1.979967489       0.824148084       0.5410023379      0.3926127723      0.299001974       0.06780957924    
0.0018892992      2.497434815       2.538245917       1.973695583       0.8232347298      0.533709617       0.3903252074      0.2975067193      2.634194946       2.68132372        2.113344224       0.9377311642      0.6259783188      0.3401077275      0.2898551001      2.506186563       2.549754513       1.979501822       0.8238205334      0.5410561778      0.3925350266      0.2989466404      0.06776737075    
0.0019142992      2.497976993       2.538964369       1.973739072       0.8232025158      0.533958777       0.390404617       0.297568719       2.634763129       2.682072688       2.113408882       0.937703178       0.6262104911      0.3401978202      0.28993199        2.506754806       2.550502784       1.979565556       0.8238006168      0.5413411075      0.3926499277      0.2990296446      0.067789916      
0.0019392992      2.497889286       2.539054022       1.973248883       0.8228759175      0.5340380569      0.3903477699      0.2975260605      2.634638963       2.682133973       2.112872134       0.9373207614      0.6262801728      0.3401487629      0.2898903453      2.506699583       2.550634996       1.979092911       0.8234738876      0.5414018772      0.3925688889      0.2989724447      0.06774774788    
0.0019642992      2.498429752       2.539776532       1.973272691       0.8228320207      0.5342816298      0.3904210442      0.2975826047      2.635183554       2.682858988       2.112903407       0.9372749896      0.6264951189      0.3402235614      0.2899552979      2.507240076       2.551362913       1.979114095       0.8234314325      0.5416724036      0.392663243       0.2990412465      0.06776887227    
0.0019892992      2.498347903       2.53986477        1.972793772       0.8225348         0.5343731935      0.3903797261      0.2975497208      2.635116896       2.682944166       2.112497584       0.936951297       0.6265661104      0.340182343       0.2899201024      2.507207285       2.551509629       1.978665097       0.8231421025      0.5417407249      0.3925940513      0.2989912842      0.06773102926    
0.0020142992      2.498878403       2.540573977       1.972792708       0.8224962463      0.5345979307      0.3904520075      0.2976041817      2.635628156       2.683614096       2.112538024       0.9369173104      0.6267816614      0.3402524234      0.2899810683      2.507698895       2.552190313       1.978628831       0.8230844153      0.5420039073      0.3926787414      0.2990532219      0.0677518804     
0.0020392992      2.498781322       2.540670887       1.972266461       0.8221552215      0.5346583491      0.3903972376      0.2975625167      2.635584522       2.683769479       2.111988687       0.9365415456      0.6268464535      0.3402092848      0.2899448933      2.507722397       2.55241264        1.978195173       0.8227807708      0.5420519196      0.3926043176      0.2990005957      0.06771353366    
0.0020642992      2.499372592       2.54144679        1.97230762        0.8221053748      0.5348686634      0.3904443344      0.2976014932      2.636046029       2.684432237       2.11187188        0.9364202351      0.6270633603      0.3402853541      0.2900093654      2.508200596       2.553088157       1.978141356       0.8226867324      0.542310755       0.3926978622      0.2990673348      0.06772707861    
0.0020892992      2.4992063         2.54146739        1.971726449       0.8217497757      0.5349431613      0.3903882362      0.2975598055      2.636044968       2.684630278       2.111368991       0.9360717996      0.6271528845      0.3402425327      0.2899729082      2.50828815        2.553362664       1.977755853       0.8224119159      0.5423728742      0.3926122064      0.2990086202      0.06769187631    
0.0021142992      2.499897489       2.542332364       1.971831909       0.8217262321      0.5351962534      0.3904471014      0.2976072471      2.636428468       2.685219869       2.111192123       0.9359248152      0.6273597992      0.3403147486      0.2900349147      2.50868428        2.553958819       1.977621094       0.8222877081      0.5426238758      0.3927019783      0.2990721814      0.06770310244    
0.0021392992      2.499632205       2.542261261       1.971165347       0.8213508241      0.5352611093      0.3903954942      0.2975672978      2.636454087       2.685430024       2.110712814       0.9356141145      0.6274571434      0.3402800364      0.2900049771      2.508796987       2.554254792       1.977250301       0.8220315536      0.5427049835      0.3926322405      0.2990233933      0.06767054473    
0.0021642992      2.500394548       2.543196545       1.971326354       0.8213515066      0.535509433       0.3904530242      0.2976134445      2.636838223       2.686005101       2.110584277       0.9354500884      0.6276743922      0.3403544281      0.2900689489      2.509158786       2.554813884       1.977087604       0.82189777        0.5429760271      0.3927242165      0.2990887391      0.06768024814    
0.0021892992      2.500089708       2.543085546       1.970624104       0.8209669858      0.5355733609      0.3904043635      0.2975748156      2.636950994       2.686287018       2.110220628       0.935128894       0.6277434828      0.3403146224      0.2900351805      2.509342488       2.555177381       1.976766792       0.8216618904      0.5430289869      0.3926500157      0.2990361631      0.06765018978    
0.0022142992      2.500904375       2.544072534       1.970816569       0.8209717077      0.5358444023      0.3904770333      0.297630534       2.637311021       2.686839852       2.110061753       0.9349527553      0.6279603764      0.3403809417      0.2900931402      2.509673727       2.555713317       1.976571908       0.821514998       0.543301202       0.3927293945      0.2990938094      0.06765793675    
0.0022392992      2.500488647       2.543852603       1.970021927       0.8205550616      0.5359173042      0.3904267448      0.2975905586      2.637411195       2.687105973       2.109667688       0.9346505368      0.6280451955      0.3403502699      0.290066639       2.509861276       2.556075331       1.976248478       0.8212793834      0.5433884507      0.3926733739      0.299051889       0.06762963586    
0.0022642992      2.50139442        2.544927989       1.970277727       0.8205793736      0.5361686862      0.3904979106      0.297642953       2.637724436       2.68762114        2.109453194       0.9344749014      0.6282414642      0.340416995       0.2901251491      2.510151279       2.556571955       1.976015203       0.8211201855      0.543637099       0.3927645895      0.2991135667      0.06763593648    
0.0022892992      2.500900329       2.544630238       1.969410682       0.8201426145      0.5362465857      0.3904531292      0.2976041558      2.637854918       2.6879113         2.109066924       0.9341770562      0.6283042404      0.3403861589      0.2900986614      2.510373178       2.556965958       1.975704354       0.8208904157      0.543720163       0.3927168163      0.2990749297      0.06760866517    
0.0023142992      2.501905312       2.545805356       1.96972522        0.8201864146      0.5364798143      0.3905362205      0.2976629533      2.63812756        2.688391373       2.108803018       0.9339823035      0.628497906       0.3404484199      0.2901537786      2.510609591       2.557416741       1.975411169       0.8207065316      0.5439590185      0.3927991986      0.2991302589      0.067612957      
0.0023392992      2.501338208       2.545438604       1.96879162        0.8197284322      0.5365452557      0.3905032147      0.2976300432      2.638314048       2.688734802       2.108455058       0.9337054697      0.6285782925      0.3404240717      0.2901330785      2.510891916       2.557866773       1.975140334       0.8204932172      0.5440645928      0.3927635259      0.2990996714      0.06758914485    
0.0023642992      2.502383601       2.54665334        1.969127152       0.8197724781      0.5368028847      0.3905599095      0.2976722882      2.63850402        2.68914102        2.108115036       0.933476506       0.6287711533      0.3404805485      0.2901832264      2.511048124       2.558241374       1.974773337       0.8202769127      0.5442883569      0.3928344357      0.2991464734      0.06758894943    
0.0023892992      2.501809443       2.546282268       1.968181092       0.8193165882      0.5368706125      0.3905514214      0.2976546025      2.638803061       2.68959617        2.107839149       0.9332345618      0.6288482072      0.3404615765      0.2901677466      2.511448429       2.558813634       1.974586249       0.8201001057      0.544398485       0.3928112822      0.299124007       0.0675689137     
0.0024142992      2.502816455       2.547457764       1.968476788       0.8193405765      0.5371230565      0.3906070202      0.2976942063      2.638912721       2.689919938       2.107410269       0.9329620918      0.629039817       0.340519185       0.2902183221      2.511518832       2.559100385       1.974141741       0.8198490371      0.5446480735      0.3928942963      0.299177001       0.06756363463    
0.0024392992      2.502319587       2.547165831       1.967587736       0.8189169015      0.5372086446      0.3905914042      0.2976744174      2.639274763       2.690443233       2.107172892       0.9327453257      0.6291420522      0.3405158156      0.290216012       2.511978954       2.559733156       1.973996362       0.8196966593      0.5447954965      0.3928934282      0.2991704163      0.0675493334     
0.0024642992      2.503203641       2.548217259       1.967776738       0.8188947227      0.5374253784      0.3906496287      0.2977116562      2.639283497       2.690665342       2.106665771       0.9324540803      0.6292921101      0.3405527999      0.2902493025      2.511961854       2.559932712       1.973475191       0.8194147372      0.5449940329      0.3929557479      0.2992057929      0.06753822717    
0.0024892992      2.502795749       2.548011732       1.966955453       0.8185181248      0.5375433084      0.3906524835      0.2977050842      2.639687973       2.691236025       2.106484323       0.9323280142      0.6293936653      0.3405562548      0.2902534384      2.512487007       2.560629259       1.973378138       0.8193001706      0.5451450352      0.3929635427      0.2992055958      0.06753204437    
0.0025142992      2.503549318       2.548938458       1.967024449       0.8184503345      0.5377376384      0.3906753697      0.2977178602      2.6396258         2.691397381       2.105891244       0.9320141526      0.6295148245      0.3405716101      0.2902677404      2.512407203       2.560773543       1.972787549       0.8189889418      0.5453112492      0.3929805753      0.2992110904      0.06751589443    
0.0025392992      2.503288078       2.548881815       1.966304968       0.8181126879      0.537877692       0.3907091903      0.2977322075      2.640127153       2.692067803       2.105748188       0.9318795915      0.6296509704      0.3405952314      0.2902890747      2.513005391       2.561553523       1.972737611       0.8188934868      0.5454955228      0.3930147692      0.2992294422      0.06751320136    
0.0025642992      2.503903211       2.549684893       1.966260751       0.8179942977      0.5380656811      0.3907296982      0.2977413922      2.639977368       2.692133286       2.105074168       0.9315034733      0.6297674818      0.3406075533      0.2903010702      2.512824954       2.561602793       1.972063352       0.8185428903      0.5456538549      0.3930434077      0.2992397346      0.06749158224    
0.0025892992      2.503770622       2.549762501       1.965633929       0.8176924789      0.5382609762      0.3907582789      0.2977572532      2.640590268       2.692919387       2.105011719       0.9313921906      0.6299645283      0.3406453653      0.2903343394      2.513534841       2.562494091       1.972088423       0.8184746776      0.5458919998      0.3930811018      0.2992635448      0.06749205778    
0.0026142992      2.504276294       2.550445885       1.965490049       0.8175331292      0.5384220428      0.3907825416      0.2977649579      2.640349926       2.69289808        2.104256185       0.9309688231      0.6300432568      0.3406442838      0.2903353676      2.513274536       2.562462519       1.971339666       0.8180987234      0.5460210496      0.3931021721      0.2992656176      0.06746644734    
0.0026392992      2.504287471       2.550670738       1.964967035       0.8172827603      0.5386524731      0.3908158702      0.2977861354      2.641058149       2.693786914       2.104270058       0.930877394       0.6302413418      0.3406916291      0.2903767822      2.514075471       2.5634492         1.971426413       0.8180658288      0.546276685       0.393147373       0.2992958201      0.06747075771    
0.0026642992      2.50468496        2.55124829        1.96472339        0.8170807442      0.5387703402      0.3908519019      0.2977977424      2.64078           2.69371983        2.103482098       0.9304094793      0.6303004317      0.3406812101      0.2903697196      2.513759931       2.563367806       1.970621488       0.817661328       0.5463665302      0.3931544244      0.2992876537      0.06744256438    
0.0026892992      2.504784504       2.551561284       1.964258636       0.8168455418      0.5389898734      0.3909049697      0.297831956       2.641554266       2.694671081       2.10354075        0.9303277325      0.6305374889      0.3407429558      0.2904238195      2.514624756       2.56441214        1.970745439       0.81763419        0.546674181       0.3932246901      0.2993361141      0.06744885031    
0.0027142992      2.505123113       2.552081318       1.96395803        0.8166185514      0.5391299526      0.3909123582      0.2978263884      2.64126621        2.694580571       2.102727323       0.9298470763      0.6306063913      0.3407239029      0.2904096625      2.514279359       2.564303018       1.969906176       0.8172167992      0.546796569       0.3932143733      0.2993178528      0.0674186473     
0.0027392992      2.505299687       2.552474769       1.963544491       0.8164100243      0.539371805       0.3909768456      0.2978691994      2.642069746       2.695566134       2.102796199       0.9297769727      0.6308272445      0.3407883723      0.290466533       2.515159775       2.565374334       1.970032258       0.8171949964      0.5470663426      0.3932870635      0.2993672047      0.06742686936    
0.0027642992      2.505592047       2.552954299       1.963197404       0.8161655986      0.539466799       0.3909626356      0.2978478359      2.641727331       2.695437731       2.101932107       0.9292845446      0.6308674531      0.3407680208      0.290451055       2.514791899       2.56523925        1.969165486       0.8167684171      0.5471727206      0.3932873064      0.2993529486      0.06739620144    
0.0027892992      2.505801217       2.553382063       1.962802337       0.8159627252      0.5397170632      0.3910354568      0.2978953252      2.642528273       2.696429072       2.101988116       0.9292108248      0.631111527       0.3408354515      0.2905105519      2.51568382        2.566328042       1.969294512       0.8167420228      0.5474783855      0.3933638777      0.2994054392      0.06740352461    
0.0028142992      2.506059518       2.553823763       1.962419176       0.8157002951      0.5398147978      0.3910343266      0.2978817342      2.642171513       2.696288712       2.101101621       0.9287105009      0.6311674677      0.3408106174      0.2904908424      2.515304049       2.566179676       1.96840885        0.8163067439      0.5475675295      0.3933440176      0.2993786441      0.0673717338     
0.0028392992      2.506285296       2.55426815        1.962027998       0.8154999006      0.5400690451      0.3911074635      0.2979297886      2.643020865       2.6973315         2.101184729       0.9286516246      0.6313910667      0.3408801177      0.2905525047      2.516249172       2.567320053       1.968568246       0.8162926252      0.54784162        0.3934291309      0.2994356558      0.06738028353    
0.0028642992      2.506550741       2.554722755       1.961640642       0.8152380349      0.5401944027      0.3911051953      0.2979160631      2.642636686       2.697163198       2.100266866       0.9281423521      0.6314437056      0.3408620681      0.2905386169      2.515824449       2.567136969       1.967641727       0.8158481982      0.5479478154      0.3934279914      0.2994194972      0.06734912726    
0.0028892992      2.506750493       2.555150429       1.96122347        0.815031174       0.5404329281      0.3911814808      0.2979646805      2.643470012       2.698191866       2.100329603       0.9280748068      0.631691041       0.3409290008      0.2905979797      2.51675064        2.568267521       1.967780611       0.8158270077      0.5482345886      0.393502327       0.2994696297      0.06735609494    
0.0029142992      2.507066134       2.555660604       1.960875102       0.8147921493      0.5405497473      0.3911730472      0.2979480861      2.643150334       2.698092878       2.099466514       0.9275963449      0.6317496423      0.3409136655      0.2905868153      2.51639226        2.568151614       1.966903288       0.8154088404      0.5483303088      0.3935015256      0.2994547233      0.06732736655    
0.0029392992      2.507240995       2.556062532       1.960431665       0.8145789485      0.5408021332      0.3912420008      0.2979922843      2.64395207        2.699090707       2.099512506       0.9275266472      0.6319871632      0.3409780418      0.2906442133      2.517287468       2.569248034       1.967011242       0.8153813671      0.5486194072      0.3935738835      0.2995040063      0.0673331906     
0.0029642992      2.507576952       2.556588618       1.96008672        0.8143442424      0.5409466619      0.3912583549      0.2979917126      2.643659231       2.699018187       2.098665525       0.9270580069      0.6320526429      0.3409674436      0.2906377875      2.51696165        2.56916306        1.966145044       0.8149679542      0.5487514018      0.39358024        0.2994950734      0.06730676048    
0.0029892992      2.507725542       2.556962453       1.959605994       0.8141066457      0.5411690812      0.3913191412      0.2980286959      2.64438158        2.699942043       2.098625931       0.9269470433      0.6322779755      0.3410272808      0.2906912656      2.517785568       2.570190596       1.966181486       0.8149047045      0.5490338873      0.3936532811      0.2995415365      0.06730875593    
0.0030142992      2.50808053        2.557511106       1.959266149       0.8138745042      0.5413408027      0.3913388763      0.2980311409      2.644156673       2.69994112        2.097819299       0.9264950167      0.63236563        0.3410178153      0.2906862953      2.517532312       2.570179285       1.965361758       0.8145085519      0.5491733443      0.3936469645      0.2995267483      0.06728470263    
0.0030392992      2.508187531       2.557844888       1.958738946       0.813613388       0.5415788771      0.3914003998      0.2980678594      2.644822618       2.700806672       2.09771126        0.9263507369      0.6325831244      0.341079934       0.2907414592      2.518293991       2.571146461       1.965335621       0.8144160844      0.5494476445      0.3937361474      0.2995813711      0.06728453664    
0.0030642992      2.508605044       2.55845939        1.958438324       0.8134003498      0.5417241794      0.3914339206      0.2980795652      2.644683032       2.700887448       2.0969542         0.9259207911      0.6326917498      0.3410877894      0.2907508909      2.518113656       2.571209918       1.964564473       0.8140404914      0.5496133865      0.3937645196      0.2995882214      0.06726334501    
0.0030892992      2.508647516       2.558729017       1.957853729       0.8131156165      0.5419374077      0.3914927448      0.2981121354      2.645281433       2.701682618       2.096780764       0.9257460232      0.6328895818      0.3411362123      0.2907953758      2.518798267       2.572103295       1.964474236       0.8139236804      0.5498691577      0.3938366808      0.2996310463      0.06725964668    
0.0031142992      2.509131847       2.559419451       1.957603066       0.8129300747      0.5420991428      0.3915247665      0.2981245319      2.645244099       2.701861489       2.09610125        0.9253515115      0.6329950315      0.341143838       0.2908050807      2.518710556       2.572260943       1.963768975       0.8135794262      0.5500082836      0.3938536852      0.2996324548      0.06724176714    
0.0031392992      2.509177133       2.559695036       1.957006155       0.812640695       0.5422963224      0.3915316989      0.2981256511      2.645812216       2.702620794       2.095899054       0.9251648679      0.6331844177      0.3411866792      0.2908439731      2.519351297       2.573111676       1.963629752       0.8134467858      0.5502630402      0.3939108031      0.2996662097      0.06723671116    
0.0031642992      2.50966086        2.560384337       1.956740032       0.8124536527      0.542463221       0.3915574582      0.2981351558      2.645788839       2.702825528       2.095224849       0.9247780447      0.6332907507      0.3412048916      0.2908623354      2.519293363       2.573306063       1.962934736       0.8131097409      0.5504077716      0.3939506313      0.2996821818      0.06722025306    
0.0031892992      2.509680935       2.560635844       1.956113162       0.8121509697      0.54263535        0.3915653599      0.2981362449      2.64625323        2.703502178       2.094928509       0.9245535987      0.6334825636      0.34124433        0.2908973832      2.519857282       2.574083602       1.96272655        0.8129506836      0.5506650109      0.3939924389      0.2997072992      0.06721313936    
0.0032142992      2.510166333       2.56133048        1.95584708        0.8119693248      0.5428226074      0.391611094       0.2981597433      2.646280438       2.703763201       2.094286532       0.924180663       0.6335945277      0.3412589221      0.2909141217      2.519858402       2.574335777       1.96207731        0.8126371507      0.5508374697      0.3940231237      0.2997203196      0.06719815987    
0.0032392992      2.510125334       2.561518609       1.955166954       0.8116457661      0.5429728685      0.3916454883      0.2981741683      2.646664505       2.704364754       2.093922661       0.9239213228      0.6337167581      0.3412890792      0.2909432748      2.520350848       2.575042947       1.961801833       0.8124494364      0.5510358679      0.3940886425      0.2997547767      0.06718766627    
0.0032642992      2.51064245        2.562244679       1.954917009       0.8114759955      0.5431847903      0.3917374327      0.2982249229      2.64672044        2.704665003       2.093308757       0.9235686626      0.6338417938      0.3413120527      0.2909668194      2.520400102       2.575343469       1.961181222       0.8121512022      0.551196674       0.3941330344      0.2997746805      0.06717451763    
0.0032892992      2.510625684       2.562458633       1.954250585       0.8111642858      0.5433646757      0.3917487161      0.298226976       2.647076285       2.705245167       2.092926008       0.9233140138      0.6339625544      0.3413398203      0.2909939021      2.520868995       2.576028421       1.960883506       0.8119626155      0.5513802928      0.3941909866      0.2998050762      0.06716502913    
0.0033142992      2.511139098       2.56318556        1.95398705        0.8109843709      0.543537308       0.3918173434      0.2982627712      2.647158137       2.705561581       2.092318335       0.9229577855      0.6340849492      0.3413872149      0.2910381044      2.520944525       2.576344092       1.960270641       0.8116589279      0.5515842444      0.3943069381      0.2998679009      0.06715203504    
0.0033392992      2.511088828       2.563362662       1.953285863       0.8106444003      0.5436908991      0.3919250804      0.2983171773      2.647495563       2.706110042       2.091899045       0.9226718358      0.6342211401      0.3414021317      0.2910565204      2.521370262       2.576990183       1.959932929       0.8114428763      0.5518018051      0.3943510412      0.2998895601      0.06713961554    
0.0033642992      2.511633214       2.564128253       1.953048419       0.8104766113      0.5438915962      0.3919623825      0.2983380508      2.647671375       2.706521318       2.091361572       0.922346778       0.6343868354      0.3414348427      0.2910881456      2.521531032       2.577404242       1.959389273       0.8111697916      0.5520123468      0.394387485       0.2999090907      0.06712917336    
0.0033892992      2.511588836       2.564316268       1.952340357       0.8101376785      0.5440770227      0.3920319643      0.2983711844      2.647964957       2.707023919       2.090904762       0.9220532295      0.634518008       0.3414592102      0.2911139321      2.521899563       2.577995942       1.958993797       0.8109370384      0.5522901669      0.3944516905      0.299943501       0.06711678979    
0.0034142992      2.512150621       2.565106818       1.952089648       0.8099708487      0.5443132878      0.3920858225      0.2984027428      2.648212889       2.707505113       2.090403479       0.9217519274      0.634668681       0.3414955502      0.2911480319      2.522127972       2.578479949       1.958476098       0.8106791092      0.5525172518      0.3944882903      0.2999647757      0.0671084296     
0.0034392992      2.51211695        2.565311495       1.951365143       0.8096239203      0.5445180053      0.3921021255      0.2984069065      2.648498252       2.70800624        2.089913361       0.9214337991      0.6348034195      0.3415199621      0.291172866       2.522472555       2.579059604       1.958036999       0.8104281532      0.552715707       0.3945460518      0.2999916704      0.06709322998    
0.0034642992      2.512640198       2.566057502       1.951076949       0.8094463627      0.544741996       0.3922048598      0.2984666849      2.648708571       2.708447942       2.089358934       0.9211172831      0.6349710452      0.3415769812      0.291225793       2.522674743       2.579516534       1.957491991       0.8101616319      0.5529540677      0.3946532106      0.3000534559      0.06708478403    
0.0034892992      2.512594827       2.566253276       1.95034048        0.809101639       0.5448965588      0.3922276892      0.2984728024      2.648926411       2.708889423       2.088792158       0.9207943435      0.6351085867      0.3415813994      0.2912345197      2.522953856       2.580035294       1.956998908       0.8098990598      0.5531256708      0.3946619474      0.3000518748      0.06706924323    
0.0035142992      2.513121123       2.567011207       1.950048766       0.8089296366      0.5451517781      0.3922599455      0.2984941086      2.649214704       2.709414512       2.088289166       0.920508705       0.6352785827      0.341619957       0.2912713384      2.523239779       2.580578216       1.956513117       0.8096609566      0.553368897       0.3946937142      0.3000716412      0.06706205522    
0.0035392992      2.51306425        2.567196799       1.949295857       0.8085796775      0.5452838471      0.392278277       0.2984948853      2.649392061       2.709812676       2.087692334       0.9201633359      0.6353767931      0.3416239757      0.2912805103      2.523469793       2.581048052       1.95597478        0.8093827851      0.553531055       0.3947320588      0.3000849271      0.06704516747    
0.0035642992      2.513595791       2.567964036       1.949004283       0.8084127129      0.5455094115      0.392317598       0.2985179107      2.649712814       2.710369577       2.087217226       0.9198863767      0.6355473564      0.3416625859      0.291318035       2.523789472       2.581625312       1.955510377       0.8091548086      0.5537522269      0.3947771259      0.3001122473      0.06703959932    
0.0035892992      2.513574685       2.568182623       1.948275403       0.808069933       0.545678881       0.3923497272      0.298528697       2.649876158       2.710749166       2.086617275       0.9195287734      0.6356622608      0.3416879713      0.2913436938      2.523996115       2.58207166        1.954950964       0.80886682        0.5539712335      0.3948462142      0.3001454614      0.06702281277    
0.0036142992      2.514114772       2.568959055       1.947986286       0.8079001087      0.5459223496      0.3924277461      0.2985761514      2.650232675       2.711340871       2.086170858       0.9192464508      0.6358595342      0.3417308557      0.2913848008      2.524351741       2.58268534        1.954510396       0.8086445679      0.5542137743      0.394887531       0.3001718025      0.0670182562     
0.0036392992      2.514077876       2.569167245       1.947234749       0.8075446963      0.5460713533      0.3924587349      0.2985856641      2.65040135        2.711729628       2.085561298       0.9188711374      0.6359707771      0.3417411477      0.29139889        2.524555059       2.583133663       1.953936157       0.8083486007      0.5543998109      0.3949295814      0.3001901738      0.06699922282    
0.0036642992      2.514597114       2.569927007       1.946920595       0.8073735641      0.5462841392      0.3925063661      0.2986150037      2.650780729       2.712345504       2.085123633       0.9185937419      0.6361791121      0.341795455       0.2914495741      2.524935504       2.583773719       1.953504662       0.8081347663      0.5546771487      0.3950063627      0.3002389313      0.06699474282    
0.0036892992      2.514590797       2.570162132       1.946185921       0.8070283531      0.5464683048      0.3925410018      0.2986291652      2.650920637       2.712711057       2.08448425        0.9182135782      0.6363000292      0.3418148763      0.2914702413      2.525107966       2.584195665       1.952899228       0.8078318731      0.5549036418      0.3950565851      0.3002630895      0.06697555567    
0.0037142992      2.515091063       2.570899587       1.945848413       0.8068485945      0.5467185014      0.3926302564      0.2986858794      2.651281433       2.713310648       2.084025606       0.9179375509      0.6364689881      0.3418732791      0.2915246696      2.525481463       2.584826843       1.952453983       0.8076109497      0.5551657247      0.3951535457      0.3003220636      0.06697233501    
0.0037392992      2.515129083       2.571188219       1.945139866       0.8065115928      0.5468849445      0.3926004951      0.2986609493      2.651445682       2.713708733       2.083391017       0.9175925971      0.6365753825      0.3418862306      0.2915411563      2.525678374       2.585278818       1.951859204       0.8073124813      0.5553588784      0.3952080129      0.3003477195      0.06695390785    
0.0037642992      2.51562013        2.57192445        1.944790648       0.8063297127      0.547114176       0.3926917553      0.2987177312      2.651817624       2.714323997       2.082927262       0.9173362966      0.6367478388      0.3419398611      0.2915911946      2.526070992       2.585933696       1.951422039       0.807099045       0.5556024816      0.3952806675      0.300392944       0.06695128256    
0.0037892992      2.51566787        2.572226444       1.944078123       0.8060010132      0.5472763079      0.3926992258      0.2987160475      2.651987025       2.714732379       2.082291397       0.916976113       0.6369082957      0.3419392211      0.2915940341      2.526269986       2.586395454       1.950816334       0.8068077776      0.5558183786      0.3952451306      0.3003693237      0.06693244003    
0.0038142992      2.516141475       2.572948038       1.943698792       0.8058160423      0.5475226551      0.3927482216      0.2987490833      2.652344761       2.715335161       2.081818803       0.9166929675      0.637064087       0.3419946188      0.2916455908      2.526644331       2.587035459       1.950349845       0.8065897491      0.5560401799      0.3953362987      0.3004243637      0.06692904948    
0.0038392992      2.516215969       2.573275277       1.942998666       0.8054901568      0.5477035826      0.3927799861      0.298763537       2.652516825       2.715744109       2.08118479        0.9163239234      0.6371836736      0.3420144897      0.2916657566      2.526849695       2.587500718       1.949742158       0.8062960394      0.5562212823      0.3953695636      0.3004390704      0.0669121526     
0.0038642992      2.516625691       2.573933044       1.94256324        0.805277329       0.5479554248      0.3928813695      0.2988243056      2.652858682       2.716327843       2.080680344       0.9160248889      0.6373520123      0.3420666617      0.2917153389      2.527207952       2.588121627       1.949256793       0.8060625905      0.5564868361      0.3954631723      0.3004966272      0.06690715887    
0.0038892992      2.516737532       2.574296713       1.941886389       0.8049604284      0.5481628281      0.3929682343      0.2988721127      2.653064302       2.716775069       2.080056198       0.9156645601      0.6374956336      0.3420790633      0.2917308321      2.527443148       2.588620876       1.948665256       0.8057768091      0.5567071839      0.3954766561      0.3005016082      0.06689132625    
0.0039142992      2.517119873       2.574931794       1.941418816       0.8047379903      0.5483801454      0.3930095811      0.2988968532      2.653384761       2.71734282        2.079524063       0.915356098       0.6376248323      0.3421194917      0.2917701981      2.527784281       2.58922825        1.948154286       0.8055359976      0.5569317988      0.3955460028      0.3005442678      0.06688486946    
0.0039392992      2.517277809       2.575350149       1.940763769       0.8044306073      0.5485753651      0.3930131777      0.2988967039      2.653610037       2.71781423        2.078907281       0.9150021099      0.6377422408      0.3421374803      0.291789273       2.528043244       2.589752862       1.94757112        0.8052582973      0.5571157806      0.3955739643      0.3005567794      0.0668686693     
0.0039642992      2.517657664       2.575981618       1.940288803       0.804209702       0.5488298326      0.3930558634      0.2989270486      2.653919351       2.718368875       2.078357935       0.9146894926      0.6379014748      0.3421983382      0.2918451527      2.528368479       2.590341081       1.947043137       0.8050125581      0.5573780355      0.395691128       0.3006281762      0.06686288944    
0.0039892992      2.517810925       2.576391466       1.939626815       0.8038929646      0.5490244133      0.3931441088      0.2989748536      2.654100106       2.718796894       2.07769802        0.9143237037      0.6380307058      0.3422214327      0.2918702056      2.528583976       2.590822          1.946421302       0.8047128548      0.5576414526      0.3957486685      0.3006598177      0.0668460991     
0.0040142992      2.518164928       2.577002709       1.939124303       0.8036570326      0.5492791487      0.3932194159      0.299020537       2.654418708       2.719372468       2.077146953       0.914021118       0.6382124248      0.3422675563      0.2919136506      2.528926025       2.591436256       1.945898673       0.8044651993      0.5578870792      0.3958127433      0.3006994131      0.06683963616    
0.0040392992      2.518350628       2.577450413       1.938477638       0.8033511011      0.5494437241      0.393271218       0.2990468887      2.654631291       2.719836474       2.076502605       0.9136715475      0.6383283233      0.3423035823      0.2919472003      2.529175283       2.591953687       1.945295182       0.8041790141      0.5580826578      0.3958836219      0.300738017       0.06682403629    
0.0040642992      2.518658597       2.578011979       1.937930691       0.8031001325      0.5496075743      0.393376305       0.2991078536      2.654890606       2.720344218       2.075893544       0.9133467201      0.6384887887      0.3423541194      0.2919939073      2.529459638       2.592504503       1.944719008       0.8039129281      0.5583300243      0.3959749795      0.3007925579      0.0668172222     
0.0040892992      2.518863596       2.578474292       1.937296327       0.8028026394      0.5498061534      0.3934525416      0.2991502082      2.655107966       2.720811959       2.075251311       0.9129933534      0.6386079093      0.3423793686      0.2920197419      2.529710688       2.593026554       1.944112035       0.8036266053      0.558529629       0.3960283575      0.3008211087      0.0668019934     
0.0041142992      2.519172954       2.579037955       1.936747034       0.8025508918      0.549971177       0.3935054634      0.2991815427      2.655356583       2.721309929       2.074635703       0.9126653717      0.6387472353      0.3424374054      0.2920727732      2.529983918       2.593566058       1.943523664       0.8033559215      0.5587997535      0.3961473248      0.3008918015      0.06679487927    
0.0041392992      2.519383795       2.579504856       1.936110629       0.8022531543      0.5501826039      0.3935816203      0.2992251145      2.655620548       2.721829904       2.074022025       0.9123316727      0.6388869092      0.3424561981      0.2920923162      2.530287477       2.594140115       1.942949709       0.8030805694      0.5590330682      0.396156567       0.3008976315      0.06678096564    
0.0041642992      2.519723295       2.580103702       1.935575095       0.8020061073      0.5504614646      0.3935793029      0.2992265382      2.655897058       2.722367265       2.073411838       0.9120108867      0.6390249817      0.3424719174      0.2921112427      2.530591171       2.594720467       1.94237364        0.8028158418      0.5592812359      0.3961662133      0.3009064993      0.06677337688    
0.0041892992      2.519913102       2.580548546       1.934909982       0.8016997122      0.5506834971      0.3937217169      0.2993078868      2.656124389       2.722843061       2.072761595       0.9116635022      0.6391558548      0.3425138568      0.2921501216      2.530854671       2.595253215       1.941755565       0.8025298675      0.5595246532      0.3962552517      0.3009562676      0.06675927797    
0.0042142992      2.520223082       2.581120405       1.93433325        0.8014468706      0.5509358614      0.393788973       0.2993465153      2.656388984       2.723361763       2.072129774       0.911347316       0.6392905934      0.3425499536      0.292185434       2.531142777       2.595817332       1.941151646       0.802263451       0.5597606436      0.3963246126      0.3009975863      0.06675213581    
0.0042392992      2.520428502       2.581587529       1.933669526       0.8011486929      0.5511853193      0.3938745685      0.2993976136      2.65664193        2.723865589       2.071498169       0.9110078467      0.6393954173      0.3425814679      0.2922149613      2.53141851        2.596371435       1.940533454       0.8019792645      0.5599490689      0.3963783879      0.3010275036      0.06673890681    
0.0042642992      2.520732447       2.582159736       1.933080781       0.8008805539      0.5513768477      0.3939269886      0.2994283062      2.656896022       2.724374916       2.070869003       0.9106674032      0.6395267889      0.3426488943      0.2922723636      2.531692901       2.596922994       1.939911651       0.8016953105      0.5601822293      0.3964959472      0.3010973657      0.06673026073    
0.0042892992      2.520974596       2.58268063        1.932434855       0.8005780097      0.5515323678      0.3938923253      0.299404635       2.657159188       2.724900253       2.070233323       0.9103188174      0.6396325272      0.3426870807      0.2923064868      2.531990116       2.597498798       1.939303484       0.8014095229      0.5604107387      0.3965675779      0.3011389007      0.06671624032    
0.0043142992      2.521313785       2.583285105       1.931871325       0.8003171642      0.551734474       0.3939627995      0.2994466493      2.657422324       2.725433954       2.06958572        0.9099782344      0.6397848307      0.3427356148      0.2923501246      2.53229436        2.598096656       1.938698946       0.8011271017      0.5606469086      0.3966383126      0.3011828828      0.06670799622    
0.0043392992      2.521526281       2.583764813       1.931199369       0.8000045307      0.5519722695      0.3941083844      0.2995325588      2.657684422       2.725966067       2.068920826       0.9096444988      0.6399423964      0.3427716631      0.2923844679      2.532609593       2.598698556       1.938095263       0.8008371788      0.5608971716      0.3967005077      0.3012209267      0.06669451575    
0.0043642992      2.521838966       2.584344325       1.930604372       0.7997330525      0.5521349473      0.3941855215      0.2995766008      2.657912218       2.726463296       2.068232328       0.9092945456      0.6400692157      0.3428111166      0.2924217772      2.532880031       2.599251075       1.937455685       0.8005467619      0.5611232128      0.3967766439      0.3012675522      0.06668613801    
0.0043892992      2.522036263       2.584815322       1.929912284       0.7994171391      0.5523372165      0.3942505819      0.2996137862      2.658202227       2.727018765       2.067583865       0.9089488846      0.6402300477      0.3428417487      0.2924485087      2.533211772       2.599869094       1.936858858       0.8002647673      0.5613918914      0.3967952922      0.301281024       0.06667170729    
0.0044142992      2.522354133       2.585408212       1.929313346       0.7991454308      0.5525679478      0.3942628707      0.299625077       2.658458947       2.727542448       2.066904981       0.9085965403      0.6404080517      0.3428937059      0.2924942388      2.533497102       2.600442544       1.936222553       0.7999768461      0.5616878591      0.3968765902      0.3013318344      0.06666248783    
0.0044392992      2.522571348       2.585895959       1.928627144       0.7988324181      0.5528272874      0.3943469989      0.2996764056      2.658731886       2.728075939       2.066231642       0.9082361509      0.6405437546      0.3429407612      0.2925366782      2.533800519       2.601032349       1.935595842       0.79968551        0.5619561648      0.3969729151      0.3013894277      0.06664900608    
0.0044642992      2.522910219       2.586507718       1.928037477       0.7985632989      0.553090027       0.3944511402      0.2997404511      2.659015441       2.728624751       2.065566034       0.9078851466      0.640696743       0.3429994808      0.2925856223      2.534107889       2.601631975       1.93496853        0.7994012167      0.5622021962      0.3970448685      0.3014357155      0.06663987136    
0.0044892992      2.523095625       2.586967217       1.927321168       0.7982448839      0.5532800197      0.3945268906      0.2997857467      2.659261595       2.729129666       2.064872015       0.9075179018      0.6407918851      0.3430646909      0.2926397631      2.534385156       2.602191098       1.934314512       0.7991034683      0.5623994169      0.3971731129      0.3015108439      0.06662711453    
0.0045142992      2.523410041       2.587553882       1.926706304       0.797969416       0.5535163779      0.3946041712      0.2998318865      2.659473288       2.729613487       2.064159343       0.9071550813      0.6408852653      0.3431053823      0.2926760334      2.534632904       2.602722828       1.933641168       0.7988080945      0.5625906839      0.3972551719      0.3015592077      0.06661660731    
0.0045392992      2.523640057       2.588067164       1.926017518       0.797665779       0.5537449611      0.3946621998      0.2998651917      2.659728461       2.730150749       2.06348078        0.906798977       0.640997999       0.3431335036      0.2927021306      2.534940672       2.603326914       1.932999923       0.7985180442      0.562825926       0.3973045803      0.3015893024      0.06660406233    
0.0045642992      2.523965816       2.58867201        1.925401204       0.7973930717      0.5539983027      0.3947743353      0.2999347332      2.660015416       2.730720949       2.062823366       0.906458473       0.641168951       0.34317558        0.2927374994      2.535268644       2.603954608       1.93237392        0.7982394614      0.563098068       0.3973312196      0.3016105906      0.06659513006    
0.0045892992      2.52420484        2.589196994       1.924709272       0.7970856617      0.5542038853      0.3947741252      0.2999385569      2.660260937       2.731249405       2.062120318       0.9060925219      0.6413141426      0.3432332416      0.2927859393      2.535556321       2.604539396       1.931707511       0.7979387439      0.5633613976      0.397433105       0.301671081       0.06658233917    
0.0046142992      2.524575619       2.589859235       1.924117518       0.796825272       0.5544061636      0.3947466822      0.2999291016      2.660603265       2.731880902       2.061502537       0.9057723783      0.6414833038      0.3432897075      0.2928320777      2.535939529       2.605227578       1.931117651       0.7976790315      0.563631178       0.3974910659      0.3017110769      0.0665744553     
0.0046392992      2.524789199       2.590359669       1.923397055       0.7965087605      0.5545867951      0.3947746075      0.2999445087      2.660811611       2.732362633       2.060777233       0.9053970712      0.6416003294      0.3433693715      0.2928960754      2.536185996       2.605764351       1.930411447       0.7973661211      0.563891026       0.3976445839      0.3018026992      0.06656067418    
0.0046642992      2.52514771        2.590996556       1.922796757       0.7962481631      0.5548732407      0.3948676604      0.3000048293      2.66116833        2.732992619       2.060165318       0.9050784059      0.6417797276      0.3434159437      0.2929344666      2.536570374       2.606444722       1.929821164       0.7971088706      0.5641113412      0.3976815045      0.3018288594      0.06655321309    
0.0046892992      2.525348152       2.591467594       1.922080595       0.7959325613      0.5550675295      0.394971762       0.300064867       2.661357539       2.733452609       2.059413352       0.9046939814      0.6418720618      0.3434538428      0.2929670423      2.536807038       2.606970471       1.929121452       0.7967963497      0.5642950737      0.3977630136      0.3018754407      0.06653989261    
0.0047142992      2.525655768       2.592037797       1.921453795       0.7956547892      0.5552919095      0.3951454227      0.3001695294      2.661639167       2.734012373       2.058734088       0.9043567744      0.6419751559      0.3435094725      0.2930157425      2.537147174       2.607595987       1.928509274       0.796522686       0.5645652504      0.3978811792      0.3019475249      0.06653099711    
0.0047392992      2.525880409       2.592540459       1.92075466        0.7953469118      0.5554758769      0.3952086885      0.3002055014      2.661840965       2.734497165       2.057963268       0.9039839794      0.642109749       0.343550158       0.2930489602      2.53740365        2.608146488       1.927819453       0.796216219       0.5647849417      0.3979394179      0.3019835203      0.06651761793    
0.0047642992      2.526180514       2.593130653       1.920077362       0.7950594976      0.5556827703      0.3953384352      0.3002833299      2.662155429       2.735091394       2.0572694         0.9036466858      0.6422321197      0.3436146962      0.2931022006      2.537751612       2.608800758       1.927169101       0.795935004       0.5649923843      0.3980501781      0.3020515404      0.06650784756    
0.0047892992      2.526355546       2.593592381       1.919301364       0.7947260904      0.5558711458      0.3954517483      0.3003486085      2.662305262       2.735521331       2.056438791       0.9032479012      0.6423402182      0.3436666089      0.2931427926      2.537941041       2.609296914       1.926390909       0.7956021975      0.5652407603      0.3981299038      0.302098308       0.06649370996    
0.0048142992      2.526633611       2.594149714       1.918621279       0.7944375495      0.5561171425      0.3955875502      0.3004325503      2.662594796       2.736090358       2.055721865       0.9028850159      0.642486829       0.3437240723      0.2931921552      2.538269552       2.609925447       1.925742651       0.7953251851      0.5655233904      0.3982396083      0.302166544       0.06648390244    
0.0048392992      2.526888556       2.594691166       1.917915382       0.7941354345      0.5563173588      0.3956605745      0.300476322       2.662812483       2.736588589       2.054946863       0.9024843217      0.6426069683      0.3437952024      0.2932492911      2.538526203       2.610477337       1.925026254       0.7950156625      0.5657900134      0.398363321       0.3022438086      0.0664713454     
0.0048642992      2.527256169       2.595362008       1.917293853       0.7938691469      0.5565067565      0.3956195464      0.3004540518      2.663152377       2.737220848       2.05426973        0.9021366698      0.6427500553      0.3438460174      0.2932894556      2.53889775        2.61116064        1.924396503       0.7947442227      0.5660241371      0.3984133148      0.3022779019      0.06646188779    
0.0048892992      2.52750385        2.595904667       1.916557475       0.7935554287      0.5567194058      0.3957110304      0.3005112841      2.663371458       2.737721935       2.053476306       0.9017483447      0.6428788221      0.343930359       0.2933561689      2.539143828       2.611712509       1.923647097       0.7944229679      0.5662171601      0.398559287       0.3023642687      0.06644906679    
0.0049142992      2.527763208       2.596467505       1.915816858       0.7932390447      0.5569427929      0.3957885821      0.300559107       2.663705926       2.738340567       2.052774476       0.9014007925      0.6430343044      0.3439968092      0.2934094536      2.539502777       2.612387811       1.922973369       0.7941250215      0.566504608       0.398649828       0.3024252094      0.06643950082    
0.0049392992      2.528039823       2.597044234       1.91509633        0.792917221       0.557137297       0.3958471451      0.3005959985      2.663946731       2.73887227        2.051993883       0.9010268245      0.643201326       0.3440725268      0.2934681127      2.53977636        2.612975421       1.922238598       0.7938024919      0.5667277488      0.3987510307      0.3024869858      0.06642712803    
0.0049642992      2.528302551       2.597609161       1.914338253       0.7926196695      0.557367322       0.3959322333      0.3006527622      2.664273505       2.739494252       2.051276914       0.900684794       0.6433707004      0.3441177161      0.2935029188      2.540126318       2.613655488       1.921529873       0.7935389967      0.5669424465      0.3987659768      0.3024999507      0.06641694006    
0.0049892992      2.528576899       2.598206343       1.91356109        0.7923417581      0.5574767831      0.3958497025      0.300607347       2.664535734       2.740054126       2.05050586        0.9003197733      0.6434735544      0.3441709441      0.293545141       2.540407934       2.614268251       1.920749711       0.7932600722      0.5672088676      0.3988483088      0.3025528795      0.06640363009    
0.0050142992      2.528881567       2.598824143       1.912831377       0.7920777793      0.5577505877      0.3958816268      0.300634487       2.664863875       2.740685387       2.049799565       0.8999960158      0.643647611       0.344221744       0.2935834161      2.540768756       2.614958512       1.920055109       0.7929936313      0.5675095817      0.3988604867      0.3025684621      0.066394921      
0.0050392992      2.529101799       2.599334346       1.912037393       0.7917598951      0.5580818901      0.3960699135      0.3007520764      2.665054323       2.74115891        2.048985483       0.8995873636      0.6437409936      0.3442936885      0.2936452223      2.540982724       2.615488296       1.919241159       0.7926712704      0.567789402       0.3990330338      0.3026726383      0.06638311591    
0.0050642992      2.529342616       2.599879305       1.91127171        0.7914739497      0.5584275943      0.3962049154      0.3008388434      2.665350253       2.741742855       2.048246171       0.8992227585      0.6438984836      0.3443597608      0.293699742       2.541298556       2.616122978       1.918528177       0.7924071293      0.5681348467      0.3991336141      0.3027396358      0.06637363075    
0.0050892992      2.529586878       2.600421159       1.910514871       0.7911840931      0.5586301296      0.3963119336      0.3009047274      2.665551724       2.742237971       2.047432768       0.8988118999      0.6440109381      0.3444151872      0.2937455068      2.54153653        2.616677151       1.917755679       0.7920952391      0.5683661051      0.3992452629      0.3028054259      0.06636172761    
0.0051142992      2.529839579       2.600971576       1.909761786       0.790869369       0.558841827       0.3964739522      0.3010010137      2.665827801       2.742814814       2.046675164       0.8984599076      0.6441167242      0.3444760532      0.2937946705      2.541864166       2.617322041       1.917047353       0.7917862364      0.5685810919      0.399346545       0.3028696916      0.06635222171    
0.0051392992      2.530099968       2.601537536       1.909005103       0.7905446113      0.5590090673      0.3964906056      0.301014943       2.666046546       2.743340193       2.045868893       0.8980901638      0.6441920432      0.3445243619      0.2938356576      2.542138363       2.617914641       1.916292021       0.79146803        0.5688454607      0.3994591125      0.3029393654      0.06634087798    
0.0051642992      2.530354509       2.602090936       1.908244914       0.7902311139      0.5592126679      0.396581801       0.3010726782      2.666283455       2.743872463       2.045066076       0.8977257296      0.6443310467      0.3446167822      0.2939105988      2.542424014       2.618512013       1.915544867       0.7911597452      0.569128825       0.3996378187      0.3030491335      0.06633125757    
0.0051892992      2.530550407       2.602579119       1.907435043       0.789901829       0.5594394696      0.3967503936      0.3011745998      2.666486846       2.744377519       2.044225099       0.897346033       0.6444263603      0.3446739848      0.2939562346      2.54268273        2.61908683        1.914768246       0.7908438835      0.5693668724      0.3997294551      0.3031074928      0.06631872953    
0.0052142992      2.530821305       2.603151201       1.906677321       0.7896009641      0.5596511835      0.3969094631      0.3012688799      2.666734114       2.744917899       2.043423875       0.8969841101      0.6445031988      0.3447778251      0.2940394157      2.542973168       2.619693047       1.914013352       0.7905446938      0.5695738404      0.3999521851      0.3032393657      0.06630966075    
0.0052392992      2.531007692       2.603640149       1.905845515       0.7892675672      0.5598660898      0.3970296455      0.301339782       2.666870055       2.745346902       2.042523483       0.8965713298      0.6445710836      0.3448403907      0.294089587       2.543146667       2.620184441       1.913158454       0.7902000616      0.5697933511      0.4000963121      0.3033250008      0.06629601481    
0.0052642992      2.531277429       2.604211455       1.905076735       0.7889636918      0.5600747799      0.3972014168      0.3014445844      2.667161023       2.7459383         2.041747631       0.8962143454      0.6446521295      0.3449143217      0.2941486246      2.543479984       2.620842406       1.912425704       0.789909104       0.5700250251      0.4002234126      0.3034040128      0.06628726701    
0.0052892992      2.531493184       2.604738355       1.904261503       0.7886336539      0.5602488978      0.3972870966      0.3014958662      2.667344176       2.746424703       2.040885933       0.8958111359      0.6447310253      0.3449796628      0.2942031049      2.54369873        2.621387073       1.911601012       0.789571159       0.5702752412      0.4003905819      0.3035031834      0.06627291645    
0.0053142992      2.531747616       2.605297238       1.903477279       0.7883162419      0.560532753       0.3975251326      0.3016414282      2.667643749       2.747021022       2.040109721       0.8954441394      0.644861077       0.3450354516      0.2942494985      2.544028932       2.622044853       1.910861039       0.7892663475      0.5705399838      0.400487584       0.3035665263      0.06626378345    
0.0053392992      2.532012299       2.605880307       1.902690699       0.7879908635      0.5607152471      0.3976134601      0.3016953309      2.667869632       2.747548188       2.039269337       0.8950345683      0.6450158975      0.3451198095      0.2943126469      2.54427421        2.622621344       1.910044263       0.7889266786      0.5708104986      0.400593492       0.3036338311      0.0662511376     
0.0053642992      2.532284976       2.606472092       1.901903115       0.7876637269      0.560956765       0.3977109702      0.3017574547      2.668184177       2.748166532       2.038496551       0.894654689       0.6451552933      0.3451805118      0.294360497       2.544617999       2.623299496       1.909300894       0.7886141666      0.5710691771      0.4006787463      0.30368914        0.06624028725    
0.0053892992      2.532549643       2.607048756       1.901106597       0.7873323826      0.5613300424      0.3977750186      0.3018053265      2.668397089       2.748688329       2.037632312       0.8942403797      0.6452916218      0.345226657       0.294397193       2.544853623       2.62387386        1.908467496       0.7882696317      0.5713277814      0.4007298066      0.3037266059      0.06622706443    
0.0054142992      2.53282499        2.607650875       1.900312526       0.7870110241      0.5615232248      0.3978086154      0.3018303357      2.668746682       2.749341612       2.03686327        0.8938760249      0.6454435942      0.3453135517      0.2944634404      2.545227872       2.62458421        1.907739792       0.7879732709      0.5715664026      0.4008421674      0.3037988485      0.06621738548    
0.0054392992      2.533103823       2.608253178       1.899514315       0.7866891598      0.5617581729      0.3978704473      0.3018712573      2.668968139       2.749863235       2.035986549       0.8934765557      0.6455663934      0.3454071964      0.2945372758      2.545469862       2.625159063       1.906894536       0.78763246        0.571823117       0.4010080425      0.3039027433      0.06620511639    
0.0054642992      2.533368505       2.608835971       1.898695946       0.7863632504      0.561974652       0.3980731847      0.3019931149      2.669307988       2.750515219       2.035203656       0.8931183236      0.6457056829      0.3454667691      0.2945827146      2.545844202       2.625873647       1.906149553       0.7873345245      0.5720705738      0.4010608952      0.3039422401      0.06619483796    
0.0054892992      2.533618957       2.609401654       1.897864386       0.7860293403      0.5622073824      0.3981874981      0.3020654941      2.669472567       2.750987817       2.034282868       0.8926968373      0.6458196095      0.3455589998      0.2946547711      2.546045972       2.626408573       1.905265489       0.7869814661      0.572319652       0.4012281547      0.3040451781      0.06618277019    
0.0055142992      2.533852761       2.609957245       1.897018007       0.785698246       0.5624396835      0.3982987609      0.3021361911      2.669797084       2.751617867       2.033490988       0.8923239249      0.6459069328      0.3456479259      0.294725753       2.546410922       2.62710545        1.90450849        0.7866825795      0.5725452755      0.4014004026      0.3041521612      0.06617218003    
0.0055392992      2.534158909       2.610588782       1.896221309       0.7853877487      0.5626370344      0.3983975473      0.3022006509      2.670022881       2.752173118       2.032627608       0.8919246794      0.6460157001      0.3456937357      0.2947619219      2.546683065       2.62772733        1.903672459       0.7863545281      0.5727858128      0.4014503226      0.3041878988      0.06616060347    
0.0055642992      2.534415786       2.611167002       1.895380365       0.7850536647      0.5628447654      0.3985181213      0.3022751302      2.670281211       2.752746644       2.031787112       0.8915399631      0.6460864463      0.3457901912      0.2948414226      2.546995908       2.628372357       1.902864704       0.7860262985      0.5730871851      0.4016700857      0.3043222693      0.0661504321     
0.0055892992      2.53467784        2.611748324       1.894547118       0.78471097        0.5631040325      0.3987201882      0.3023994977      2.670504812       2.75328768        2.030908799       0.8911272439      0.6462165159      0.3458514995      0.2948946999      2.547267225       2.628980552       1.902021347       0.7856710734      0.573333953       0.4018264428      0.3044173811      0.06613742365    
0.0056142992      2.534905294       2.612294809       1.893690154       0.784353761       0.5633805632      0.3988797029      0.3025026143      2.670757112       2.753860455       2.030050381       0.890717743       0.6463596598      0.3459083302      0.2949396752      2.547563623       2.629619053       1.901202287       0.7853247697      0.5736171108      0.4018834447      0.3044607826      0.06612642409    
0.0056392992      2.535216677       2.612933296       1.892902762       0.7840150924      0.5636309344      0.3989885061      0.3025748229      2.671038173       2.754460994       2.029204741       0.8903098199      0.6465558168      0.3459684154      0.294987934       2.547881073       2.630278391       1.900406355       0.7849803692      0.5739402064      0.4019445202      0.3045084756      0.066114898      
0.0056642992      2.535485143       2.613532792       1.892069742       0.7836560567      0.5638221948      0.3990759023      0.3026323033      2.671298391       2.755034141       2.028315383       0.8898874722      0.646635178       0.3460631494      0.295064724       2.548174107       2.630909767       1.89958303        0.784633237       0.5742078598      0.4021489342      0.3046332923      0.06610199219    
0.0056892992      2.535754553       2.614129835       1.89122653        0.7833126462      0.5640682987      0.3992459076      0.3027352087      2.671548161       2.75560064        2.027413788       0.8894616578      0.646737606       0.3461536998      0.2951372135      2.548456866       2.631535266       1.898728736       0.7842867182      0.5744709022      0.4023214341      0.3047394404      0.0660895838     
0.0057142992      2.536005264       2.614715133       1.890355338       0.7829633861      0.5642892599      0.3993630039      0.3028084422      2.671810696       2.756186127       2.026522882       0.8890411565      0.6468375427      0.3462250489      0.2951940678      2.548761269       2.632187485       1.897882557       0.7839483229      0.5747300553      0.402449137       0.3048212537      0.06607690716    
0.0057392992      2.53626203        2.615303159       1.889482802       0.7826203679      0.5644995401      0.3995366449      0.3029163228      2.672066344       2.756760523       2.02560856        0.8886190138      0.646921246       0.3463062505      0.2952618744      2.549055066       2.632827284       1.89702512        0.7836098113      0.5749616144      0.4026393252      0.3049360379      0.06606449695    
0.0057642992      2.536467943       2.61583246        1.888570698       0.782264295       0.564743821       0.3997356908      0.3030386085      2.672304052       2.7573188         2.024648493       0.8882022438      0.647028466       0.3464001129      0.2953376121      2.549335702       2.633455091       1.896154199       0.7832682879      0.575222492       0.4028163152      0.3050463951      0.0660526613     
0.0057892992      2.536764668       2.616464822       1.887723392       0.7819334046      0.5649971233      0.3998410567      0.3031082492      2.672572061       2.757909196       2.023725911       0.887784624       0.6471625155      0.3464933949      0.2954139667      2.549634318       2.634105884       1.895294187       0.7829298413      0.5755094868      0.4030011663      0.3051608411      0.06604067255    
0.0058142992      2.536981124       2.617020342       1.886807756       0.7815778482      0.565200413       0.3999745485      0.3031940602      2.672845042       2.758495987       2.022808719       0.8873624373      0.6472936489      0.3465769014      0.2954814659      2.549933252       2.634753205       1.894431127       0.7825910901      0.5757903705      0.4031587958      0.3052597649      0.06602766968    
0.0058392992      2.537233868       2.617607431       1.88593369        0.7812490915      0.5654529368      0.4001529338      0.3033046626      2.673147872       2.759117771       2.021920461       0.8869501551      0.647430957       0.3466336299      0.2955273257      2.550255704       2.635431293       1.893597113       0.7822716113      0.5760210083      0.4032337441      0.3053111396      0.06601581424    
0.0058642992      2.537472442       2.618169682       1.885050433       0.7809141332      0.5657112809      0.4002997767      0.3033957664      2.673397701       2.759677199       2.020997479       0.8865366524      0.647469533       0.3467346934      0.2956094218      2.550532259       2.636055304       1.892732084       0.7819409803      0.5762386268      0.4034492743      0.3054437351      0.06600456821    
0.0058892992      2.537675929       2.618692405       1.884138085       0.7805715669      0.5659646653      0.4005441242      0.3035444302      2.673621365       2.760207323       2.020093237       0.8861227047      0.6475671148      0.3468107528      0.2956729319      2.55078377        2.63664868        1.891845303       0.7816048157      0.5764626926      0.4036048844      0.3055404998      0.06599331108    
0.0059142992      2.537917227       2.619269484       1.883244672       0.7802346437      0.5661208585      0.400578154       0.3035731675      2.673892516       2.760792693       2.019303738       0.8857439345      0.6476827565      0.3469122725      0.2957549565      2.551094732       2.637308587       1.890993406       0.7812821109      0.576754941       0.4038092913      0.3056673518      0.06598288715    
0.0059392992      2.538217933       2.61991992        1.882390516       0.7799064925      0.5663187371      0.4006482645      0.3036205613      2.674160661       2.761391434       2.018546489       0.8853694675      0.6478093338      0.3469722303      0.2958016219      2.551399196       2.637975897       1.890128822       0.7809512039      0.576941039       0.4038777495      0.305714217       0.06597267627    
0.0059642992      2.538498017       2.620559403       1.881512141       0.7795640108      0.5665008201      0.4007495023      0.3036851642      2.674415427       2.76196242        2.017728189       0.8849853299      0.6479052083      0.3470581201      0.2958697688      2.551671219       2.638611155       1.889236304       0.7806080174      0.5772052334      0.4040249507      0.3058066587      0.06596239791    
0.0059892992      2.538769801       2.621188976       1.880629665       0.7792286523      0.5667445295      0.4009429063      0.3038028857      2.674639884       2.76249808        2.016845122       0.884606494       0.6480098919      0.3471173417      0.295916515       2.551903668       2.639217411       1.888312066       0.7802647244      0.5774029913      0.4040974442      0.3058551488      0.06595464519    
0.0060142992      2.538962361       2.621720678       1.879679449       0.7788746265      0.5669610121      0.4011283194      0.3039156747      2.674871947       2.763029773       2.015910958       0.8842014041      0.6481187824      0.347225514       0.2960036186      2.552146209       2.639811551       1.887385423       0.779919011       0.5776699836      0.4043069686      0.3059849261      0.0659457042     
0.0060392992      2.539241412       2.622340785       1.878779273       0.7785216231      0.5672168627      0.4013523095      0.3040522908      2.675165475       2.763648253       2.014988026       0.8837652667      0.6482346606      0.3472977189      0.2960629931      2.552459095       2.640491665       1.88649429        0.779563542       0.5779435184      0.4044298784      0.306064881       0.06593449726    
0.0060642992      2.539486465       2.622940952       1.877842454       0.7781478084      0.5675047924      0.4014520404      0.3041198056      2.675420406       2.764236798       2.014021348       0.8833126533      0.6483622586      0.3473825948      0.2961317819      2.552735129       2.641138265       1.885566905       0.7791887206      0.5782742123      0.404576729       0.3061615839      0.06592126734    
0.0060892992      2.539759079       2.6235794         1.876929467       0.7777871112      0.5677453501      0.4014793502      0.3041425264      2.675654823       2.764812976       2.01303138        0.8828803649      0.648422213       0.347492265       0.2962174992      2.552997841       2.641774157       1.884633733       0.7788180299      0.5785288154      0.4047777625      0.3062860926      0.06591037252    
0.0061142992      2.540014209       2.624195303       1.875990704       0.7774079101      0.5679585373      0.401603064       0.3042212239      2.675925342       2.765425689       2.012077928       0.8824501649      0.648584417       0.3475712469      0.2962805668      2.553293706       2.642450249       1.88371324        0.7784492925      0.5787566901      0.4048881306      0.3063590429      0.06589776732    
0.0061392992      2.540277502       2.624814806       1.875052832       0.7770391478      0.5681913967      0.4017523816      0.3043151359      2.676186078       2.766023879       2.011111997       0.882049067       0.6487029487      0.3476552286      0.2963470432      2.553598002       2.643117769       1.8827923         0.7780871288      0.5789803193      0.4050199186      0.3064435815      0.06588621864    
0.0061642992      2.54053206        2.625427821       1.874101754       0.7766719773      0.5684166001      0.4019088571      0.3044120334      2.676452579       2.766626375       2.01015995        0.8815453197      0.6488262924      0.3477463468      0.2964212465      2.553883069       2.643775622       1.881850941       0.7777306235      0.579251037       0.4051874798      0.3065499139      0.06587312947    
0.0061892992      2.540772194       2.626025999       1.873138254       0.7763115383      0.5686483374      0.4020583218      0.3045049453      2.676701885       2.767210846       2.00919098        0.8810794494      0.6488891152      0.3478286138      0.2964881213      2.554154666       2.644420428       1.880898522       0.7773798025      0.5794835802      0.4053540384      0.3066525802      0.0658595456     
0.0062142992      2.541031373       2.626645903       1.872191555       0.7759699623      0.5688484762      0.402241473       0.3046156363      2.676950781       2.767798962       2.008226568       0.8806407148      0.6490170151      0.3478997137      0.2965446105      2.554422082       2.64506228        1.879946154       0.7770354818      0.5797356042      0.4054525587      0.3067186927      0.0658470565     
0.0062392992      2.541282584       2.627256524       1.871242998       0.7756241517      0.5690461774      0.402363105       0.3046938397      2.67716266        2.768352521       2.007239682       0.8802042833      0.6491318514      0.3479774912      0.2966086076      2.554676384       2.645684001       1.878986564       0.7766784464      0.5799411383      0.4056106206      0.3068161846      0.06583605615    
0.0062642992      2.541565672       2.627895783       1.870313889       0.7752720447      0.5692381817      0.4025017127      0.3047814435      2.677402577       2.768934307       2.006262556       0.8797539916      0.649246522       0.3480581784      0.2966747581      2.554955859       2.646326425       1.878035281       0.7763096946      0.5801825542      0.4057614568      0.3069127128      0.06582286511    
0.0062892992      2.541852413       2.628528206       1.869379384       0.7749074902      0.5694441719      0.4027692634      0.304942683       2.677677057       2.769545085       2.005298229       0.8793128367      0.6493716953      0.3481429725      0.2967462159      2.555268182       2.647001763       1.877111191       0.7759487656      0.580477377       0.4059348083      0.3070224652      0.06581301923    
0.0063142992      2.542119263       2.629151639       1.868428636       0.7745332767      0.5696664344      0.4029475478      0.3050546393      2.677949935       2.77015732        2.004324839       0.8788640609      0.6494877158      0.3482446336      0.2968297846      2.555572097       2.647677389       1.876178451       0.7755838654      0.580713112       0.4061391491      0.3071490239      0.06580048439    
0.0063392992      2.542365299       2.629757328       1.86746935        0.774174835       0.5699548295      0.4030906637      0.3051501975      2.678208844       2.770754147       2.003342342       0.878415822       0.6496363327      0.3483246167      0.2968933338      2.555862395       2.648343173       1.875231708       0.7752270052      0.5810643678      0.4062362405      0.3072193018      0.06578918325    
0.0063642992      2.54263741        2.630393384       1.86651398        0.773812708       0.5702176606      0.4032044754      0.3052265684      2.678474308       2.771362409       2.002361917       0.8779740008      0.6497327871      0.3484170916      0.296968273       2.556157499       2.649016661       1.874277051       0.7748689939      0.5813307901      0.4063977005      0.3073222486      0.06577701456    
0.0063892992      2.542921024       2.631044296       1.865560098       0.7734555555      0.5705054499      0.4032890376      0.3052869024      2.678763184       2.771998445       2.001392359       0.8775521077      0.6498331829      0.3484872689      0.2970259289      2.556479899       2.649720366       1.873337075       0.7745178617      0.5815729063      0.4065145115      0.3073992617      0.06576489963    
0.0064142992      2.543192299       2.631682967       1.864590244       0.7730982009      0.5707797649      0.4033611711      0.3053367314      2.679038141       2.77261691        2.000402476       0.8771298164      0.6499416947      0.3485802286      0.297101681       2.556786111       2.650403211       1.872379507       0.7741640286      0.5818398492      0.4066809454      0.3075080379      0.06575437317    
0.0064392992      2.543449268       2.632312086       1.863607212       0.7727410676      0.5710153895      0.4034431047      0.3053917171      2.679310066       2.773249157       1.999408896       0.8767243744      0.6500621744      0.3486294367      0.2971421756      2.557093132       2.651103977       1.871421743       0.7738183872      0.5820176484      0.4067548912      0.3075545561      0.06574393691    
0.0064642992      2.543766304       2.633003023       1.862665887       0.7723945446      0.5712771823      0.4035399881      0.3054581212      2.679584704       2.773875683       1.998417148       0.876304229       0.6501528646      0.3487142922      0.2972137965      2.557385398       2.65178814        1.870442326       0.7734595943      0.5822694452      0.4069446165      0.3076703328      0.0657329389     
0.0064892992      2.543984536       2.633589797       1.861646741       0.77202072        0.5714617884      0.4036783514      0.3055457275      2.679813029       2.774455621       1.997377169       0.8758684692      0.6502340874      0.3487998101      0.2972839439      2.557651063       2.652438121       1.869439908       0.773087291       0.5825123312      0.4071193193      0.3077769416      0.06572025151    
0.0065142992      2.544275971       2.634249914       1.860660801       0.7716561374      0.5716790263      0.403851508       0.3056512152      2.68003877        2.77504499        1.99634266        0.875428778       0.6504008929      0.3488905301      0.2973572673      2.55791971        2.653091383       1.868423592       0.7727112146      0.5828274381      0.4072593023      0.3078689724      0.06570954888    
0.0065392992      2.544494313       2.63483869        1.859606201       0.7712646519      0.5718604459      0.4040077546      0.3057458105      2.680286775       2.775654199       1.995323916       0.8749823849      0.6505080786      0.3489621454      0.297415745       2.558219875       2.653776777       1.867418701       0.772334638       0.5830691468      0.4073879486      0.3079513186      0.06569632819    
0.0065642992      2.544835659       2.635557727       1.858637818       0.7709081411      0.5720476885      0.4040579316      0.305784981       2.680555733       2.776287732       1.994319772       0.8745472476      0.6505948198      0.3490485411      0.2974874222      2.558532197       2.654481695       1.866412761       0.7719633147      0.5833116697      0.4075615273      0.3080625007      0.06568652576    
0.0065892992      2.545017146       2.636112944       1.857537148       0.7705039935      0.572271265       0.4042076741      0.3058786368      2.680789888       2.776878718       1.993281568       0.8741030207      0.6506941027      0.3491413177      0.2975640581      2.558821346       2.655147275       1.865377916       0.7715636954      0.5836082828      0.4077383042      0.3081788306      0.0656718767     
0.0066142992      2.545408006       2.636874461       1.856598802       0.7701354514      0.5725430005      0.4043701208      0.3059850222      2.681090029       2.777548502       1.992301883       0.8736330762      0.6508193514      0.3492432695      0.2976487944      2.559164014       2.655883661       1.864381939       0.7711654844      0.5838604067      0.4079341094      0.3083045866      0.06566109947    
0.0066392992      2.545603572       2.637448427       1.855525313       0.7697085643      0.5727859547      0.4045047347      0.3060741634      2.681338247       2.778163062       1.991278001       0.8731662147      0.6509505554      0.3493233247      0.2977152595      2.559458269       2.656576511       1.863369705       0.7707660949      0.5841002545      0.4080874826      0.3084023236      0.06564774442    
0.0066642992      2.545901903       2.638127666       1.854533866       0.769321193       0.5730127962      0.4046769365      0.3061830701      2.681622264       2.778818392       1.99027515        0.8727072107      0.6510966566      0.349397384       0.2977777727      2.55979221        2.657307792       1.862386541       0.7703904485      0.5843091762      0.4082194954      0.3084856811      0.06563652279    
0.0066892992      2.54605438        2.638651378       1.853423951       0.7688982103      0.5732351361      0.4049053045      0.3063243118      2.681863997       2.77942382        1.989221937       0.8722196954      0.6512498034      0.3494667982      0.29783493        2.560087907       2.657992557       1.861366575       0.7700015834      0.5845784794      0.4083247994      0.3085545777      0.06562277542    
0.0067142992      2.546377889       2.639341837       1.852432973       0.7685288459      0.5734728706      0.4050746131      0.3064340975      2.682151611       2.780077521       1.98819985        0.8717485877      0.6513472431      0.349563025       0.2979156033      2.560430997       2.658718473       1.860367046       0.7696292159      0.5848406211      0.4085138363      0.3086751739      0.06561169179    
0.0067392992      2.546626878       2.639964494       1.851366672       0.7681244804      0.5737437811      0.405172524       0.3065011249      2.682432098       2.780726801       1.987197479       0.8712357348      0.6514451953      0.3496428147      0.2979819562      2.560755883       2.659438256       1.859344905       0.769240255       0.5850713391      0.4086612414      0.3087688032      0.06559751671    
0.0067642992      2.54696414        2.640674368       1.850371453       0.7677476249      0.5739972761      0.4053768784      0.3066288183      2.682715924       2.781381694       1.986185418       0.8707768794      0.6516191718      0.3497276805      0.2980506311      2.56107958        2.660156656       1.85832708        0.7688574363      0.5853886792      0.408770542       0.3088446993      0.06558467515    
0.0067892992      2.547121593       2.641204507       1.84924116        0.7673482838      0.5742069983      0.4055615476      0.3067414699      2.682704127       2.781808513       1.984707567       0.870789606       0.6517349091      0.3498074178      0.298116611       2.561275499       2.660740203       1.857202085       0.7684780585      0.5856183507      0.4089131654      0.3089360884      0.06557739884    
0.0068142992      2.547410698       2.641878997       1.84819051        0.7670017836      0.574396181       0.4056882665      0.3068236855      2.682886073       2.782356821       1.983577721       0.8702870227      0.6518537239      0.3499059647      0.2981964994      2.561481957       2.66135232        1.856067246       0.7681059194      0.5859084955      0.4090876636      0.3090456266      0.06556854722    
0.0068392992      2.547652551       2.64251605        1.847100823       0.7666304818      0.5745782724      0.4057784351      0.3068829596      2.683151263       2.78298366        1.982514505       0.869811519       0.6519806443      0.3499883876      0.2982649253      2.561780036       2.662051024       1.855011728       0.7677290616      0.5861250114      0.4092354888      0.3091397258      0.06555953329    
0.0068642992      2.547864483       2.643103608       1.845988755       0.7662394696      0.5747489984      0.4059434326      0.3069864325      2.683225646       2.783474368       1.981149015       0.8696512503      0.6520207273      0.3500592808      0.2983244003      2.561996704       2.66266283        1.853878257       0.7673424795      0.586336962       0.40938248        0.3092316676      0.06555127792    
0.0068892992      2.548102223       2.643740948       1.8448795         0.7658517504      0.5749314385      0.4061049541      0.3070871662      2.683632518       2.784206823       1.980345167       0.8688484064      0.652166948       0.3501242346      0.2983784127      2.562335947       2.663419145       1.852835275       0.7669653475      0.5865270079      0.4094860637      0.3092982323      0.06553528108    
0.0069142992      2.548427961       2.644455662       1.843848168       0.7654705908      0.5751661517      0.4062465475      0.3071801996      2.683973684       2.784910263       1.979381991       0.8683202979      0.6523246896      0.3502069095      0.2984481693      2.562703098       2.664184671       1.851818495       0.7665730887      0.5867670252      0.4096301055      0.3093920471      0.06552211268    
0.0069392992      2.548737036       2.645154351       1.842793846       0.7650657538      0.5754131423      0.4063603469      0.3072569392      2.684270378       2.785598919       1.978309163       0.8678994918      0.6524502276      0.3502657857      0.298498362       2.563042358       2.664938989       1.850769013       0.7661783873      0.5869607687      0.4097229255      0.3094545805      0.06550720549    
0.0069642992      2.549061166       2.645874556       1.841735481       0.7646802871      0.5756489715      0.4065279076      0.3073621471      2.684578887       2.786286642       1.977219959       0.8674805259      0.6525865063      0.3503528873      0.2985720366      2.563395855       2.665698704       1.849716989       0.765787734       0.5872671967      0.4098845995      0.3095601535      0.06549710706    
0.0069892992      2.549360133       2.646567649       1.840653882       0.7642723108      0.5759051987      0.406689816       0.3074635813      2.684864264       2.786950213       1.976092905       0.8670245258      0.6526641465      0.3504332941      0.2986396203      2.563721231       2.666444557       1.848637919       0.7653818881      0.5874410768      0.4100391203      0.3096574329      0.06548575286    
0.0070142992      2.549617518       2.647218906       1.839532825       0.7638510668      0.5761236762      0.4068727831      0.3075770404      2.685098363       2.787551475       1.97491747        0.8665385151      0.6527980557      0.3505326776      0.2987246607      2.563988116       2.667119956       1.84750508        0.7649602806      0.5877135216      0.4102505501      0.3097897443      0.06547330053    
0.0070392992      2.549937371       2.647939623       1.838457995       0.7634539741      0.5763237106      0.4069830358      0.3076524304      2.685425812       2.78825601        1.973812712       0.8660684004      0.6529124574      0.3506320582      0.2988079026      2.564343562       2.667890883       1.846432624       0.7645709568      0.5879228621      0.4104400685      0.3099095053      0.06546057259    
0.0070642992      2.550218179       2.6486189         1.837345626       0.7630609607      0.5764706681      0.4071502067      0.3077566746      2.685718616       2.788926503       1.97268498        0.8655892636      0.6529727965      0.3507094218      0.2988744042      2.564665514       2.668629441       1.8453337         0.7641800351      0.5881222274      0.4105989273      0.3100094071      0.06544883476    
0.0070892992      2.550487171       2.649284191       1.836212131       0.7626457871      0.5766265234      0.4073405133      0.3078728588      2.685987338       2.78956282        1.971556068       0.8651004971      0.6530088508      0.3508203653      0.29896643        2.564967065       2.669335853       1.844213162       0.7637678896      0.5883396732      0.4108382918      0.3101575719      0.06543506738    
0.0071142992      2.550759017       2.649953756       1.835074724       0.7622301431      0.5768770737      0.4074912628      0.3079707588      2.68624647        2.790195953       1.970436179       0.8646141133      0.6531686461      0.3509103904      0.2990420625      2.565244525       2.670031239       1.843058695       0.7633579364      0.5886087808      0.4109953329      0.3102598765      0.06542235534    
0.0071392992      2.551057007       2.650656108       1.833952172       0.7618349267      0.5770792502      0.4076148731      0.3080501951      2.686563442       2.790893128       1.969359419       0.8641503192      0.6532761333      0.3509913222      0.2991122148      2.56559704        2.670803587       1.841961321       0.7629661931      0.5888295854      0.4111617775      0.3103663774      0.06541072368    
0.0071642992      2.551343607       2.651353423       1.832820087       0.7614375614      0.5772307826      0.407734741       0.3081247178      2.686843482       2.79155623        1.968244371       0.8636752782      0.6533659556      0.3510928823      0.2991974678      2.565914259       2.671539635       1.840841542       0.7625558178      0.5890589666      0.4113768313      0.3105007013      0.06539811592    
0.0071892992      2.551662832       2.652077162       1.831719823       0.7610301621      0.5774906846      0.4078652857      0.3082114887      2.687183223       2.792285355       1.967167851       0.8632145099      0.6534666416      0.3511626434      0.2992580399      2.566302139       2.672350293       1.839782611       0.7621291683      0.5893484429      0.411494395       0.310582885       0.06538812726    
0.0072142992      2.551982862       2.652805755       1.830611607       0.7605846635      0.5777504756      0.4080016136      0.3083013913      2.687454471       2.792948568       1.966008914       0.8627230775      0.6535980951      0.351228203       0.2993145102      2.56661402        2.673089693       1.838646796       0.7616864985      0.5896425581      0.4116009611      0.3106555506      0.06537701976    
0.0072392992      2.552284823       2.653517758       1.829485704       0.760140571       0.5778924217      0.4081365752      0.3083880163      2.687764089       2.793643396       1.964856833       0.8622366747      0.6537021626      0.3513138229      0.2993874373      2.566962274       2.673864848       1.837523178       0.7612784636      0.5899695494      0.4117683845      0.3107622737      0.0653631477     
0.0072642992      2.5526169         2.654262192       1.828364777       0.7597512412      0.5781351367      0.4082949638      0.3084925964      2.688093849       2.794361933       1.963708017       0.8617524921      0.6538888177      0.3513879614      0.2994504771      2.567320116       2.67465683        1.836403252       0.7608955768      0.5902587839      0.4118623524      0.3108302977      0.0653521524     
0.0072892992      2.552967695       2.655034257       1.827249102       0.75935657        0.578427453       0.4084095368      0.3085708342      2.688441031       2.795098324       1.962567974       0.8612224331      0.6540695417      0.3514545749      0.2995094278      2.567690438       2.67546044        1.835287329       0.7604944187      0.5904700725      0.4119767558      0.3109072706      0.06533808217    
0.0073142992      2.553321717       2.655808715       1.826134587       0.7589545817      0.5786415949      0.4085134677      0.3086412264      2.688769343       2.795816471       1.961410763       0.8606970323      0.6542398103      0.3515258197      0.299569085       2.56803357        2.676237019       1.83415283        0.7600649935      0.5906908137      0.4120727625      0.310972197       0.06532542966    
0.0073392992      2.553641835       2.656541392       1.824994281       0.7585116484      0.5788914014      0.4086592739      0.3087365289      2.689102255       2.796531771       1.960255314       0.8601481401      0.6543552616      0.3516076546      0.2996389999      2.56838693        2.677021798       1.833020717       0.7596226221      0.5909327888      0.4122229394      0.3110679627      0.06531209557    
0.0073642992      2.553963098       2.657282814       1.823844356       0.7580608264      0.5791846         0.4087632635      0.3088081574      2.689455287       2.797269256       1.959109032       0.8596097013      0.6545476847      0.3517104702      0.2997259766      2.568751947       2.677817257       1.831887335       0.7591994096      0.5912966886      0.4123909492      0.3111792391      0.06529719655    
0.0073892992      2.554288935       2.658020528       1.82269917        0.7576342026      0.5794375095      0.4089091442      0.3089022669      2.689804471       2.798005883       1.957948045       0.859079806       0.6546954009      0.3518200625      0.299818237       2.569117121       2.678616564       1.830738642       0.7587483505      0.5915397304      0.4125938349      0.3113064935      0.0652841384     
0.0074142992      2.554633427       2.658787851       1.821555927       0.7572058611      0.5796576814      0.4090366938      0.3089856731      2.690148431       2.798751692       1.956779267       0.858565549       0.6548170788      0.3518756995      0.2998673944      2.569484746       2.679432235       1.829592373       0.7583244314      0.5917362838      0.4126784654      0.3113631214      0.06527157886    
0.0074392992      2.554964284       2.65953382        1.820396993       0.7567810025      0.5798610402      0.4092240338      0.3091034188      2.690504142       2.799496749       1.955619408       0.85804423        0.6549023767      0.3519509959      0.2999344933      2.569850957       2.680230558       1.828429786       0.7578868165      0.5919129511      0.4128478745      0.3114688953      0.06525775223    
0.0074642992      2.555245841       2.660227779       1.81920173        0.7563545201      0.5801003579      0.4093980453      0.3092128292      2.690768659       2.800163678       1.954397533       0.8574987721      0.6550221809      0.3520242518      0.2999963005      2.570159955       2.680968095       1.827233356       0.7574601822      0.5921240603      0.4129668053      0.3115458805      0.06524337346    
0.0074892992      2.555574169       2.66098726        1.818014075       0.7559060468      0.5802395867      0.4095299396      0.3092974659      2.691117642       2.800913216       1.953237761       0.8569739456      0.6551519378      0.3521233579      0.3000801535      2.570548834       2.681792351       1.826095725       0.7570515937      0.5922849311      0.4131579118      0.3116655408      0.06523031037    
0.0075142992      2.555856277       2.661692729       1.816796046       0.7554532342      0.5804725101      0.4096440259      0.3093729608      2.691418708       2.801605807       1.952030817       0.8564185912      0.6552943669      0.3522169527      0.3001612007      2.570879772       2.682548229       1.824895523       0.7566003415      0.5925717668      0.4133388195      0.3117839631      0.06521466963    
0.0075392992      2.556207599       2.662466113       1.815627159       0.7550104297      0.5806827101      0.4098165857      0.3094846748      2.691794313       2.802391025       1.950876899       0.8559076465      0.6554410351      0.3523003851      0.3002333886      2.571297328       2.683412034       1.823766213       0.7561870294      0.5926722584      0.4134921105      0.3118802892      0.0652027635     
0.0075642992      2.556553416       2.663235435       1.814456098       0.7545826042      0.5808894561      0.4099452702      0.3095668457      2.69207308        2.803076871       1.949627131       0.8554213595      0.6556034948      0.3523733303      0.3002967918      2.57161336        2.684170091       1.82254692        0.7557388639      0.5929234831      0.4136131187      0.3119618236      0.06518785203    
0.0075892992      2.556927057       2.664039338       1.813303951       0.754168071       0.5811390672      0.4100022802      0.3096123697      2.692456814       2.803864827       1.948472712       0.8547381619      0.6557764957      0.3524586255      0.3003684529      2.572017447       2.685026285       1.821391674       0.7553141168      0.5931880511      0.4137319763      0.312043214       0.06517510778    
0.0076142992      2.557309569       2.664859725       1.812163687       0.7537556373      0.5812151785      0.4100783603      0.3096621135      2.69280112        2.80462133        1.947266487       0.8541767092      0.6559835873      0.3525072436      0.3004123954      2.572378849       2.685843722       1.820199209       0.7548781175      0.5933636753      0.4137879708      0.3120832073      0.06515990816    
0.0076392992      2.557726562       2.66571176        1.811004865       0.7533188771      0.5814215963      0.4101989347      0.3097409994      2.693155011       2.805386175       1.946057261       0.8536356551      0.6561907279      0.3525962212      0.3004864472      2.572760945       2.686677075       1.81900622        0.7544283245      0.5936003142      0.4139012372      0.3121617482      0.06514601301    
0.0076642992      2.558034063       2.666451803       1.809755043       0.7528506587      0.5815622938      0.4102939314      0.3098035882      2.693514087       2.806162094       1.944848911       0.8531266314      0.6563012214      0.3526631725      0.3005451974      2.573160399       2.687533172       1.817813163       0.7539602406      0.5938136502      0.414011117       0.3122343244      0.0651321376     
0.0076892992      2.558413347       2.66726931        1.808544938       0.7523811501      0.5817136942      0.4103479881      0.3098467848      2.693867131       2.806934383       1.943630839       0.8526550978      0.6563726419      0.352751683       0.3006219589      2.573560643       2.68838308        1.81660537        0.7535450613      0.5940214105      0.4141946672      0.3123483294      0.06511861863    
0.0077142992      2.558668713       2.667946504       1.807216977       0.7519341297      0.5819419868      0.4106336187      0.3100229935      2.694178423       2.807653867       1.942369178       0.8520898168      0.65648937        0.3528255399      0.300689188       2.573917007       2.689182641       1.815324498       0.7531293877      0.5942697328      0.414350008       0.3124483269      0.06510419945    
0.0077392992      2.559019049       2.668737396       1.805953327       0.7515244549      0.5821427691      0.410734732       0.3100917084      2.694492834       2.808383518       1.941102809       0.8515051033      0.6566904478      0.3529108927      0.3007630831      2.574275116       2.689990341       1.814054117       0.7527049341      0.5945468292      0.4144879924      0.3125419441      0.06508925397    
0.0077642992      2.559353611       2.669517539       1.804691819       0.7510911634      0.582270178       0.410896204       0.3101924181      2.694826586       2.809135963       1.939837553       0.8509774777      0.656802842       0.3529855586      0.3008294323      2.57464673        2.690817462       1.812791591       0.752254178       0.5947385097      0.4146363813      0.3126396043      0.06507450169    
0.0077892992      2.559711792       2.670312606       1.803461415       0.7506570339      0.5823987284      0.4110342912      0.3102818186      2.695166896       2.80990065        1.938584283       0.8504774239      0.6568876083      0.3530622147      0.3008968729      2.575028872       2.691662634       1.811565983       0.7518153136      0.5949258419      0.4147773115      0.3127313948      0.06506130188    
0.0078142992      2.560115397       2.67117404        1.802274792       0.7502369972      0.582592726       0.4111016628      0.3103311545      2.695542948       2.810705575       1.937365722       0.8499840445      0.65706045        0.3531456954      0.3009681025      2.575443054       2.692547051       1.810355873       0.7513741313      0.5951306214      0.4148922571      0.3128112254      0.0650497294     
0.0078392992      2.560379886       2.671881033       1.800966239       0.7497506377      0.5826998631      0.4112433002      0.3104180574      2.695825563       2.811402878       1.936058153       0.849453937       0.6572112021      0.3532421994      0.3010499399      2.575770617       2.693326306       1.809086434       0.7509033682      0.5953686746      0.415069785       0.312924451       0.06503419656    
0.0078642992      2.56066638        2.672610185       1.799673206       0.7492742305      0.5828732858      0.4114425309      0.3105419157      2.696323761       2.812264727       1.93509538        0.8484376706      0.6574120634      0.3533073346      0.3011066552      2.576200239       2.694222661       1.807886947       0.7504299263      0.5955005138      0.4151580041      0.3129835223      0.06501781316    
0.0078892992      2.561147271       2.673546531       1.798534319       0.7487946214      0.5830174664      0.4115830543      0.3106349264      2.696846501       2.81317972        1.934083706       0.8476406902      0.6576303408      0.3533802767      0.3011691276      2.576676957       2.695163332       1.80674357        0.7499436293      0.5957199155      0.4152381848      0.3130415453      0.06499606887    
0.0079142992      2.561591104       2.674428489       1.797372386       0.7483197725      0.5832070028      0.4116561525      0.3106899955      2.69721139        2.813980572       1.932824933       0.8471125626      0.657787262       0.3534477871      0.3012272057      2.577086593       2.69603499        1.805509524       0.7494634102      0.5959676843      0.4153183123      0.3131014205      0.06497930367    
0.0079392992      2.562010625       2.67530713        1.796163417       0.7478645854      0.583407114       0.4116467447      0.3106962475      2.697608001       2.814826417       1.931570547       0.8466310968      0.6580054282      0.3535146831      0.3012852858      2.577525166       2.696948151       1.804296868       0.7490207774      0.596183869       0.4153884846      0.3131545069      0.06496283518    
0.0079642992      2.56241121        2.67616597        1.794927526       0.7474176014      0.5835177407      0.4117238165      0.3107478247      2.697957798       2.815612193       1.930282256       0.8461069181      0.6581415851      0.3536055752      0.3013654631      2.577908403       2.69779756        1.803036974       0.7485669864      0.5963564817      0.4155727947      0.3132711942      0.06494718259    
0.0079892992      2.562775947       2.676988156       1.79366457        0.7469616959      0.5836903011      0.4118289079      0.3108175155      2.698324138       2.816424552       1.92899926        0.8455755453      0.6582241311      0.3536669553      0.3014193409      2.578325267       2.698693824       1.801787187       0.7481107909      0.596466438       0.4156623947      0.3133310471      0.06493210807    
0.0080142992      2.563104312       2.677767532       1.792370648       0.7464864446      0.583903545       0.4119152155      0.3108759866      2.698664683       2.817199733       1.927687854       0.8450417091      0.6583215445      0.3537392533      0.3014841866      2.578710737       2.699549846       1.800502609       0.7476442603      0.5967442082      0.4157963524      0.3134197486      0.06491731519    
0.0080392992      2.563481125       2.67858942        1.791153266       0.7460628879      0.5841174835      0.4119805821      0.3109266968      2.69902314        2.817992015       1.926400641       0.8444897087      0.6585411733      0.353821795       0.3015553987      2.579103042       2.70041461        1.799231775       0.7471946262      0.5969454071      0.4159090474      0.3134961454      0.06490425212    
0.0080642992      2.563878528       2.679444156       1.789892404       0.7456009945      0.584342016       0.4120685112      0.3109923696      2.699484365       2.818855588       1.925271021       0.8437419846      0.6585966908      0.3538949508      0.3016210598      2.579532566       2.701315455       1.798008334       0.7467417749      0.5971023389      0.4160612426      0.3135934551      0.06488645031    
0.0080892992      2.564318808       2.680354852       1.788660122       0.7451278885      0.5845395639      0.4122100291      0.3110847745      2.70022109        2.819928584       1.924576483       0.8424105321      0.6587564812      0.3539570334      0.301678191       2.580110348       2.702371831       1.796903485       0.7462722839      0.5973215857      0.4161614293      0.3136635838      0.06486534262    
0.0081142992      2.564891263       2.681391061       1.78754586        0.7446108573      0.5847657025      0.4123398738      0.3111739674      2.700846242       2.820963522       1.923565544       0.841693749       0.6589526346      0.3540368792      0.3017481214      2.580690873       2.70342632        1.795789522       0.745742528       0.5976353253      0.4162672099      0.3137392319      0.06483858497    
0.0081392992      2.565362483       2.682318304       1.7863574         0.7440890755      0.5848979471      0.4124812594      0.3112671327      2.701261196       2.821834951       1.92226167        0.8412414874      0.6591941169      0.354125488       0.3018227202      2.581157158       2.704371772       1.794552473       0.7452380506      0.5978784682      0.4163610395      0.3138085966      0.06481767416    
0.0081642992      2.565693119       2.683093114       1.78502406        0.7435586583      0.5850301964      0.4126972058      0.3114000865      2.7015073         2.822554787       1.92074554        0.8408696407      0.6593514458      0.3541754893      0.3018684817      2.581512157       2.705203198       1.793207731       0.7447055825      0.5980927597      0.4164267332      0.3138565297      0.06480013141    
0.0081892992      2.566086002       2.68394673        1.7837474         0.7430614973      0.585219742       0.4128508896      0.3114983184      2.701892021       2.823403416       1.919369588       0.8403657525      0.6594710035      0.3542565882      0.3019403551      2.581954957       2.706134724       1.79193558        0.7442153426      0.5982534319      0.4165793362      0.3139535587      0.06478365807    
0.0082142992      2.566392482       2.684707062       1.782415877       0.7425539291      0.5854278758      0.4129588003      0.3115709161      2.702159927       2.824109637       1.917927939       0.8397935684      0.6596453125      0.3543569187      0.3020271639      2.582272738       2.706928129       1.790566221       0.7437045972      0.598466377       0.4167758853      0.314078831       0.06476925566    
0.0082392992      2.566713036       2.685508139       1.781010793       0.7420255714      0.585601299       0.413071651       0.3116435224      2.702508957       2.824900002       1.916552923       0.8392429769      0.6597597242      0.3544313947      0.3020945891      2.582665412       2.707807454       1.789234672       0.7432106383      0.5986913503      0.4169187063      0.3141743443      0.06475499889    
0.0082642992      2.567124656       2.686401224       1.779703882       0.7415427094      0.5858236884      0.4130718082      0.3116578328      2.702913645       2.825751086       1.915215172       0.8387038701      0.6599347487      0.3545040594      0.3021613961      2.583134545       2.708755149       1.78799675        0.7427680385      0.5989563835      0.4170432375      0.3142602225      0.06474219187    
0.0082892992      2.567527767       2.687290572       1.778391623       0.741039891       0.5859651304      0.4131220349      0.3116942653      2.703313332       2.826607456       1.913868986       0.8381312359      0.6601195991      0.3545539963      0.3022071833      2.583564552       2.709690305       1.786662761       0.7422560088      0.5990766829      0.4170886158      0.3142973814      0.06472558731    
0.0083142992      2.568027084       2.688254527       1.777166754       0.7405940756      0.5861163122      0.4131810059      0.3117395931      2.70377193        2.82752396        1.912568041       0.837588853       0.6603413119      0.3546424546      0.3022835492      2.584089715       2.710699811       1.785439439       0.7418001528      0.5993133356      0.4172048112      0.3143779234      0.0647122244     
0.0083392992      2.5684562         2.689158054       1.77586223        0.7400852617      0.5862867877      0.4132069842      0.3117665927      2.704151644       2.828361426       1.911188298       0.8370119403      0.6606284565      0.3547282169      0.3023565663      2.584523311       2.711624825       1.784115059       0.7412863166      0.5995839767      0.4172873879      0.3144418126      0.06469524525    
0.0083642992      2.568851682       2.690016965       1.774536084       0.7395853275      0.5864598486      0.4133627923      0.3118712162      2.704491073       2.82915365        1.909771755       0.8364146551      0.6608266228      0.3548132546      0.302431481       2.584898984       2.712490666       1.782720533       0.7407468273      0.5997855541      0.4174227788      0.3145345967      0.064678242      
0.0083892992      2.569284106       2.69091978        1.773259059       0.739112582       0.5866357451      0.4134718338      0.3119499912      2.704877839       2.830003816       1.908397125       0.8358249938      0.6609961049      0.3548903261      0.3024991426      2.585319274       2.713414866       1.781361761       0.7402272697      0.5999645954      0.4175279443      0.314609263       0.06466241267    
0.0084142992      2.569635041       2.691752486       1.771889887       0.7385858707      0.5867349799      0.4135880534      0.3120268523      2.705278611       2.830868998       1.907025984       0.8352323143      0.6610908817      0.3549561189      0.3025598419      2.585766858       2.714364799       1.780052272       0.7397229089      0.6000973523      0.4176635906      0.3146963088      0.06464616688    
0.0084392992      2.570029184       2.692622382       1.77056154        0.7380656675      0.5869318624      0.4136984527      0.3121021489      2.705605168       2.831651968       1.905590238       0.8346162056      0.6613375024      0.3550637035      0.3026533252      2.586143383       2.71522107        1.778715812       0.7391990776      0.6003378127      0.417846325       0.314819395       0.06462808275    
0.0084642992      2.570432767       2.693502934       1.769231268       0.737544208       0.5870722824      0.4137774232      0.3121592189      2.705997218       2.832508645       1.904190736       0.8340161763      0.6615107636      0.3551470938      0.3027255057      2.586601252       2.716168257       1.777414518       0.7386944944      0.6004817593      0.417974508       0.3149044808      0.064611572      
0.0084892992      2.570885329       2.694431229       1.767944866       0.7370570733      0.5872357188      0.4138431113      0.3122073414      2.706421704       2.833406575       1.902812714       0.8334292894      0.6616847699      0.3552080732      0.3027807451      2.587086275       2.717149431       1.776131879       0.7382016383      0.6006803805      0.4180448717      0.3149582335      0.06459549623    
0.0085142992      2.571290769       2.695303374       1.766604576       0.7365465913      0.5874050546      0.4140005615      0.3123109849      2.706900586       2.834349531       1.90146492        0.8328561864      0.6618391909      0.3552816518      0.3028456711      2.587632729       2.718184224       1.77487013        0.7377281966      0.6008286821      0.418134434       0.3150234891      0.06458125329    
0.0085392992      2.571725477       2.696205768       1.765264408       0.7360460165      0.5875371345      0.4141357261      0.3124006301      2.70730143        2.835209096       1.900048343       0.8322585614      0.6619787929      0.355357749       0.3029142766      2.588077953       2.719118323       1.773510151       0.7372275721      0.6009866251      0.418265485       0.3151120858      0.06456476082    
0.0085642992      2.572134048       2.697090116       1.763894361       0.7355410446      0.5876281545      0.4142509962      0.3124793232      2.707738233       2.836105144       1.898675275       0.8316721164      0.6621725867      0.3554406988      0.3029868675      2.588544203       2.7200855         1.772143322       0.7367176466      0.6011404267      0.4183854092      0.3151911837      0.06454959568    
0.0085892992      2.572517472       2.69794395        1.762508239       0.7350320849      0.5877950785      0.4144103024      0.312584124       2.708081901       2.836902216       1.897310714       0.8310674147      0.6623718647      0.3554783539      0.3030268417      2.588910583       2.720957304       1.770703642       0.7361940995      0.6012946023      0.4184397474      0.315232387       0.06453139379    
0.0086142992      2.572886581       2.698797523       1.761085413       0.7345171791      0.5879419709      0.4145234131      0.3126614548      2.708489992       2.837765654       1.896111521       0.8305088593      0.6625236694      0.3555306862      0.303075578       2.589364499       2.721906966       1.769352775       0.7357037212      0.6014532483      0.4184997195      0.3152810738      0.06451541486    
0.0086392992      2.573331723       2.6997358         1.759713287       0.7340065138      0.5881288732      0.4145876907      0.3127107243      2.708845993       2.838595107       1.894813838       0.8299271907      0.6627728062      0.3556021266      0.3031402606      2.589781008       2.722827014       1.767940121       0.7351832359      0.6017042047      0.4185862952      0.315347023       0.06449859212    
0.0086642992      2.573713492       2.700600826       1.758289134       0.7334892577      0.5881932596      0.4147342952      0.3128073853      2.709245601       2.83943378        1.893558146       0.8293920596      0.6628993772      0.3556858065      0.3032143891      2.590226217       2.723766695       1.766531751       0.7346685384      0.6018655981      0.4187445451      0.3154501187      0.06448562047    
0.0086892992      2.574152496       2.701528736       1.75689038        0.732989404       0.5883662283      0.4147790898      0.3128483114      2.709617157       2.840257945       1.892224068       0.8288678995      0.6630688777      0.3557315632      0.3032597347      2.590647832       2.724692374       1.76510932        0.7341475137      0.6020444147      0.4187938129      0.3154922016      0.06447214021    
0.0087142992      2.574553513       2.702419094       1.755446128       0.7324619805      0.5885068944      0.4148019312      0.3128748059      2.709988688       2.84109156        1.890802841       0.8283218226      0.6632167198      0.3557908197      0.303314542       2.591059105       2.72561871        1.763636711       0.7336244179      0.6022242766      0.4188671533      0.3155484984      0.06446237732    
