ISO-10303-21;
HEADER;
FILE_DESCRIPTION(('FreeCAD Model'),'2;1');
FILE_NAME('Open CASCADE Shape Model','2026-09-08T16:07:52',('FreeCAD'),(
    'FreeCAD'),'Open CASCADE STEP processor 7.8','FreeCAD','Unknown');
FILE_SCHEMA(('AUTOMOTIVE_DESIGN { 1 0 10303 214 1 1 1 1 }'));
ENDSEC;
DATA;
#1 = APPLICATION_PROTOCOL_DEFINITION('international standard',
  'automotive_design',2000,#2);
#2 = APPLICATION_CONTEXT(
  'core data for automotive mechanical design processes');
#3 = SHAPE_DEFINITION_REPRESENTATION(#4,#10);
#4 = PRODUCT_DEFINITION_SHAPE('','',#5);
#5 = PRODUCT_DEFINITION('design','',#6,#9);
#6 = PRODUCT_DEFINITION_FORMATION('','',#7);
#7 = PRODUCT('Open CASCADE STEP translator 7.8 6',
  'Open CASCADE STEP translator 7.8 6','',(#8));
#8 = PRODUCT_CONTEXT('',#2,'mechanical');
#9 = PRODUCT_DEFINITION_CONTEXT('part definition',#2,'design');
#10 = SHAPE_REPRESENTATION('',(#11,#15,#1004,#2546,#3794),#4227);
#11 = AXIS2_PLACEMENT_3D('',#12,#13,#14);
#12 = CARTESIAN_POINT('',(0.,0.,0.));
#13 = DIRECTION('',(0.,0.,1.));
#14 = DIRECTION('',(1.,0.,-0.));
#15 = MANIFOLD_SOLID_BREP('',#16);
#16 = CLOSED_SHELL('',(#17,#82,#113,#137,#177,#219,#243,#267,#348,#392,
    #477,#502,#537,#554,#571,#595,#648,#672,#730,#747,#796,#808,#820,
    #844,#900,#912,#929,#941,#958,#975,#992));
#17 = ADVANCED_FACE('',(#18),#77,.F.);
#18 = FACE_BOUND('',#19,.F.);
#19 = EDGE_LOOP('',(#20,#30,#38,#46,#54,#63,#71));
#20 = ORIENTED_EDGE('',*,*,#21,.F.);
#21 = EDGE_CURVE('',#22,#24,#26,.T.);
#22 = VERTEX_POINT('',#23);
#23 = CARTESIAN_POINT('',(54.,120.5,2.7));
#24 = VERTEX_POINT('',#25);
#25 = CARTESIAN_POINT('',(64.,120.5,2.7));
#26 = LINE('',#27,#28);
#27 = CARTESIAN_POINT('',(52.,120.5,2.7));
#28 = VECTOR('',#29,1.);
#29 = DIRECTION('',(1.,0.,0.));
#30 = ORIENTED_EDGE('',*,*,#31,.F.);
#31 = EDGE_CURVE('',#32,#22,#34,.T.);
#32 = VERTEX_POINT('',#33);
#33 = CARTESIAN_POINT('',(54.,131.5,2.7));
#34 = LINE('',#35,#36);
#35 = CARTESIAN_POINT('',(54.,105.,2.7));
#36 = VECTOR('',#37,1.);
#37 = DIRECTION('',(0.,-1.,-1.110223024625E-16));
#38 = ORIENTED_EDGE('',*,*,#39,.T.);
#39 = EDGE_CURVE('',#32,#40,#42,.T.);
#40 = VERTEX_POINT('',#41);
#41 = CARTESIAN_POINT('',(64.,131.5,2.7));
#42 = LINE('',#43,#44);
#43 = CARTESIAN_POINT('',(52.,131.5,2.7));
#44 = VECTOR('',#45,1.);
#45 = DIRECTION('',(1.,0.,0.));
#46 = ORIENTED_EDGE('',*,*,#47,.F.);
#47 = EDGE_CURVE('',#48,#40,#50,.T.);
#48 = VERTEX_POINT('',#49);
#49 = CARTESIAN_POINT('',(64.,125.76794919242,2.7));
#50 = LINE('',#51,#52);
#51 = CARTESIAN_POINT('',(64.,120.5,2.7));
#52 = VECTOR('',#53,1.);
#53 = DIRECTION('',(0.,1.,1.110223024625E-16));
#54 = ORIENTED_EDGE('',*,*,#55,.T.);
#55 = EDGE_CURVE('',#48,#56,#58,.T.);
#56 = VERTEX_POINT('',#57);
#57 = CARTESIAN_POINT('',(63.,125.5,2.7));
#58 = CIRCLE('',#59,2.);
#59 = AXIS2_PLACEMENT_3D('',#60,#61,#62);
#60 = CARTESIAN_POINT('',(63.,127.5,2.7));
#61 = DIRECTION('',(0.,2.22044604925E-16,-1.));
#62 = DIRECTION('',(-7.105427357601E-15,-1.,-2.22044604925E-16));
#63 = ORIENTED_EDGE('',*,*,#64,.T.);
#64 = EDGE_CURVE('',#56,#65,#67,.T.);
#65 = VERTEX_POINT('',#66);
#66 = CARTESIAN_POINT('',(64.,125.5,2.7));
#67 = LINE('',#68,#69);
#68 = CARTESIAN_POINT('',(61.,125.5,2.7));
#69 = VECTOR('',#70,1.);
#70 = DIRECTION('',(1.,3.947459643112E-16,4.382560584561E-32));
#71 = ORIENTED_EDGE('',*,*,#72,.F.);
#72 = EDGE_CURVE('',#24,#65,#73,.T.);
#73 = LINE('',#74,#75);
#74 = CARTESIAN_POINT('',(64.,120.5,2.7));
#75 = VECTOR('',#76,1.);
#76 = DIRECTION('',(0.,1.,1.110223024625E-16));
#77 = PLANE('',#78);
#78 = AXIS2_PLACEMENT_3D('',#79,#80,#81);
#79 = CARTESIAN_POINT('',(52.,120.5,2.7));
#80 = DIRECTION('',(0.,1.110223024625E-16,-1.));
#81 = DIRECTION('',(1.,0.,0.));
#82 = ADVANCED_FACE('',(#83),#108,.F.);
#83 = FACE_BOUND('',#84,.F.);
#84 = EDGE_LOOP('',(#85,#95,#101,#102));
#85 = ORIENTED_EDGE('',*,*,#86,.T.);
#86 = EDGE_CURVE('',#87,#89,#91,.T.);
#87 = VERTEX_POINT('',#88);
#88 = CARTESIAN_POINT('',(64.,120.5,2.4));
#89 = VERTEX_POINT('',#90);
#90 = CARTESIAN_POINT('',(54.,120.5,2.4));
#91 = LINE('',#92,#93);
#92 = CARTESIAN_POINT('',(32.082306972258,120.5,2.4));
#93 = VECTOR('',#94,1.);
#94 = DIRECTION('',(-1.,0.,0.));
#95 = ORIENTED_EDGE('',*,*,#96,.F.);
#96 = EDGE_CURVE('',#22,#89,#97,.T.);
#97 = LINE('',#98,#99);
#98 = CARTESIAN_POINT('',(54.,120.5,0.175));
#99 = VECTOR('',#100,1.);
#100 = DIRECTION('',(0.,1.110223024625E-16,-1.));
#101 = ORIENTED_EDGE('',*,*,#21,.T.);
#102 = ORIENTED_EDGE('',*,*,#103,.T.);
#103 = EDGE_CURVE('',#24,#87,#104,.T.);
#104 = LINE('',#105,#106);
#105 = CARTESIAN_POINT('',(64.,120.5,2.7));
#106 = VECTOR('',#107,1.);
#107 = DIRECTION('',(0.,1.110223024625E-16,-1.));
#108 = PLANE('',#109);
#109 = AXIS2_PLACEMENT_3D('',#110,#111,#112);
#110 = CARTESIAN_POINT('',(58.,120.5,1.35));
#111 = DIRECTION('',(0.,1.,1.110223024625E-16));
#112 = DIRECTION('',(1.,0.,0.));
#113 = ADVANCED_FACE('',(#114),#132,.F.);
#114 = FACE_BOUND('',#115,.F.);
#115 = EDGE_LOOP('',(#116,#117,#118,#126));
#116 = ORIENTED_EDGE('',*,*,#103,.F.);
#117 = ORIENTED_EDGE('',*,*,#72,.T.);
#118 = ORIENTED_EDGE('',*,*,#119,.T.);
#119 = EDGE_CURVE('',#65,#120,#122,.T.);
#120 = VERTEX_POINT('',#121);
#121 = CARTESIAN_POINT('',(64.,125.5,2.4));
#122 = LINE('',#123,#124);
#123 = CARTESIAN_POINT('',(64.,125.5,2.55));
#124 = VECTOR('',#125,1.);
#125 = DIRECTION('',(0.,-2.22044604925E-16,-1.));
#126 = ORIENTED_EDGE('',*,*,#127,.T.);
#127 = EDGE_CURVE('',#120,#87,#128,.T.);
#128 = LINE('',#129,#130);
#129 = CARTESIAN_POINT('',(64.,117.92089412527,2.4));
#130 = VECTOR('',#131,1.);
#131 = DIRECTION('',(-0.,-1.,0.));
#132 = PLANE('',#133);
#133 = AXIS2_PLACEMENT_3D('',#134,#135,#136);
#134 = CARTESIAN_POINT('',(64.,120.5,2.7));
#135 = DIRECTION('',(-1.,0.,0.));
#136 = DIRECTION('',(0.,1.110223024625E-16,-1.));
#137 = ADVANCED_FACE('',(#138),#172,.T.);
#138 = FACE_BOUND('',#139,.T.);
#139 = EDGE_LOOP('',(#140,#148,#156,#164,#170,#171));
#140 = ORIENTED_EDGE('',*,*,#141,.F.);
#141 = EDGE_CURVE('',#142,#120,#144,.T.);
#142 = VERTEX_POINT('',#143);
#143 = CARTESIAN_POINT('',(70.,125.5,2.4));
#144 = LINE('',#145,#146);
#145 = CARTESIAN_POINT('',(70.,125.5,2.4));
#146 = VECTOR('',#147,1.);
#147 = DIRECTION('',(-1.,-3.947459643112E-16,-1.314768175368E-31));
#148 = ORIENTED_EDGE('',*,*,#149,.T.);
#149 = EDGE_CURVE('',#142,#150,#152,.T.);
#150 = VERTEX_POINT('',#151);
#151 = CARTESIAN_POINT('',(70.,125.5,8.));
#152 = LINE('',#153,#154);
#153 = CARTESIAN_POINT('',(70.,125.5,2.4));
#154 = VECTOR('',#155,1.);
#155 = DIRECTION('',(0.,1.110223024625E-16,1.));
#156 = ORIENTED_EDGE('',*,*,#157,.T.);
#157 = EDGE_CURVE('',#150,#158,#160,.T.);
#158 = VERTEX_POINT('',#159);
#159 = CARTESIAN_POINT('',(63.,125.5,8.));
#160 = LINE('',#161,#162);
#161 = CARTESIAN_POINT('',(38.25,125.5,8.));
#162 = VECTOR('',#163,1.);
#163 = DIRECTION('',(-1.,-3.947459643112E-16,-4.382560584561E-32));
#164 = ORIENTED_EDGE('',*,*,#165,.F.);
#165 = EDGE_CURVE('',#56,#158,#166,.T.);
#166 = LINE('',#167,#168);
#167 = CARTESIAN_POINT('',(63.,125.5,0.7));
#168 = VECTOR('',#169,1.);
#169 = DIRECTION('',(0.,1.110223024625E-16,1.));
#170 = ORIENTED_EDGE('',*,*,#64,.T.);
#171 = ORIENTED_EDGE('',*,*,#119,.T.);
#172 = PLANE('',#173);
#173 = AXIS2_PLACEMENT_3D('',#174,#175,#176);
#174 = CARTESIAN_POINT('',(70.,125.5,2.4));
#175 = DIRECTION('',(3.947459643112E-16,-1.,1.110223024625E-16));
#176 = DIRECTION('',(-1.,-3.947459643112E-16,-1.314768175368E-31));
#177 = ADVANCED_FACE('',(#178),#214,.F.);
#178 = FACE_BOUND('',#179,.T.);
#179 = EDGE_LOOP('',(#180,#191,#197,#198,#199,#208));
#180 = ORIENTED_EDGE('',*,*,#181,.F.);
#181 = EDGE_CURVE('',#182,#184,#186,.T.);
#182 = VERTEX_POINT('',#183);
#183 = CARTESIAN_POINT('',(64.,125.76794919243,2.4));
#184 = VERTEX_POINT('',#185);
#185 = CARTESIAN_POINT('',(65.,127.5,2.4));
#186 = CIRCLE('',#187,2.);
#187 = AXIS2_PLACEMENT_3D('',#188,#189,#190);
#188 = CARTESIAN_POINT('',(63.,127.5,2.4));
#189 = DIRECTION('',(0.,-3.330669073875E-16,1.));
#190 = DIRECTION('',(-7.105427357601E-15,-1.,-3.330669073875E-16));
#191 = ORIENTED_EDGE('',*,*,#192,.F.);
#192 = EDGE_CURVE('',#48,#182,#193,.T.);
#193 = LINE('',#194,#195);
#194 = CARTESIAN_POINT('',(64.,125.76794919243,2.4));
#195 = VECTOR('',#196,1.);
#196 = DIRECTION('',(0.,2.22044604925E-16,-1.));
#197 = ORIENTED_EDGE('',*,*,#55,.T.);
#198 = ORIENTED_EDGE('',*,*,#165,.T.);
#199 = ORIENTED_EDGE('',*,*,#200,.F.);
#200 = EDGE_CURVE('',#201,#158,#203,.T.);
#201 = VERTEX_POINT('',#202);
#202 = CARTESIAN_POINT('',(65.,127.5,8.));
#203 = CIRCLE('',#204,2.);
#204 = AXIS2_PLACEMENT_3D('',#205,#206,#207);
#205 = CARTESIAN_POINT('',(63.,127.5,8.));
#206 = DIRECTION('',(0.,3.330669073875E-16,-1.));
#207 = DIRECTION('',(-7.105427357601E-15,-1.,-3.330669073875E-16));
#208 = ORIENTED_EDGE('',*,*,#209,.F.);
#209 = EDGE_CURVE('',#184,#201,#210,.T.);
#210 = LINE('',#211,#212);
#211 = CARTESIAN_POINT('',(65.,127.5,2.4));
#212 = VECTOR('',#213,1.);
#213 = DIRECTION('',(0.,1.110223024625E-16,1.));
#214 = CYLINDRICAL_SURFACE('',#215,2.);
#215 = AXIS2_PLACEMENT_3D('',#216,#217,#218);
#216 = CARTESIAN_POINT('',(63.,127.5,2.4));
#217 = DIRECTION('',(0.,3.330669073875E-16,-1.));
#218 = DIRECTION('',(-7.105427357601E-15,-1.,-3.330669073875E-16));
#219 = ADVANCED_FACE('',(#220),#238,.F.);
#220 = FACE_BOUND('',#221,.F.);
#221 = EDGE_LOOP('',(#222,#223,#224,#232));
#222 = ORIENTED_EDGE('',*,*,#192,.F.);
#223 = ORIENTED_EDGE('',*,*,#47,.T.);
#224 = ORIENTED_EDGE('',*,*,#225,.T.);
#225 = EDGE_CURVE('',#40,#226,#228,.T.);
#226 = VERTEX_POINT('',#227);
#227 = CARTESIAN_POINT('',(64.,131.5,2.4));
#228 = LINE('',#229,#230);
#229 = CARTESIAN_POINT('',(64.,131.5,2.7));
#230 = VECTOR('',#231,1.);
#231 = DIRECTION('',(0.,1.110223024625E-16,-1.));
#232 = ORIENTED_EDGE('',*,*,#233,.T.);
#233 = EDGE_CURVE('',#226,#182,#234,.T.);
#234 = LINE('',#235,#236);
#235 = CARTESIAN_POINT('',(64.,117.92089412527,2.4));
#236 = VECTOR('',#237,1.);
#237 = DIRECTION('',(-0.,-1.,0.));
#238 = PLANE('',#239);
#239 = AXIS2_PLACEMENT_3D('',#240,#241,#242);
#240 = CARTESIAN_POINT('',(64.,120.5,2.7));
#241 = DIRECTION('',(-1.,0.,0.));
#242 = DIRECTION('',(0.,1.110223024625E-16,-1.));
#243 = ADVANCED_FACE('',(#244),#262,.T.);
#244 = FACE_BOUND('',#245,.T.);
#245 = EDGE_LOOP('',(#246,#254,#260,#261));
#246 = ORIENTED_EDGE('',*,*,#247,.T.);
#247 = EDGE_CURVE('',#226,#248,#250,.T.);
#248 = VERTEX_POINT('',#249);
#249 = CARTESIAN_POINT('',(54.,131.5,2.4));
#250 = LINE('',#251,#252);
#251 = CARTESIAN_POINT('',(32.082306972258,131.5,2.4));
#252 = VECTOR('',#253,1.);
#253 = DIRECTION('',(-1.,0.,0.));
#254 = ORIENTED_EDGE('',*,*,#255,.F.);
#255 = EDGE_CURVE('',#32,#248,#256,.T.);
#256 = LINE('',#257,#258);
#257 = CARTESIAN_POINT('',(54.,131.5,0.175));
#258 = VECTOR('',#259,1.);
#259 = DIRECTION('',(0.,1.110223024625E-16,-1.));
#260 = ORIENTED_EDGE('',*,*,#39,.T.);
#261 = ORIENTED_EDGE('',*,*,#225,.T.);
#262 = PLANE('',#263);
#263 = AXIS2_PLACEMENT_3D('',#264,#265,#266);
#264 = CARTESIAN_POINT('',(58.,131.5,1.35));
#265 = DIRECTION('',(0.,1.,1.110223024625E-16));
#266 = DIRECTION('',(1.,0.,0.));
#267 = ADVANCED_FACE('',(#268),#343,.F.);
#268 = FACE_BOUND('',#269,.F.);
#269 = EDGE_LOOP('',(#270,#271,#272,#273,#281,#289,#297,#305,#313,#321,
    #329,#337));
#270 = ORIENTED_EDGE('',*,*,#255,.F.);
#271 = ORIENTED_EDGE('',*,*,#31,.T.);
#272 = ORIENTED_EDGE('',*,*,#96,.T.);
#273 = ORIENTED_EDGE('',*,*,#274,.F.);
#274 = EDGE_CURVE('',#275,#89,#277,.T.);
#275 = VERTEX_POINT('',#276);
#276 = CARTESIAN_POINT('',(54.,95.5,2.4));
#277 = LINE('',#278,#279);
#278 = CARTESIAN_POINT('',(54.,102.42089412527,2.4));
#279 = VECTOR('',#280,1.);
#280 = DIRECTION('',(0.,1.,0.));
#281 = ORIENTED_EDGE('',*,*,#282,.F.);
#282 = EDGE_CURVE('',#283,#275,#285,.T.);
#283 = VERTEX_POINT('',#284);
#284 = CARTESIAN_POINT('',(54.,95.5,8.));
#285 = LINE('',#286,#287);
#286 = CARTESIAN_POINT('',(54.,95.5,0.7));
#287 = VECTOR('',#288,1.);
#288 = DIRECTION('',(0.,-2.22044604925E-16,-1.));
#289 = ORIENTED_EDGE('',*,*,#290,.T.);
#290 = EDGE_CURVE('',#283,#291,#293,.T.);
#291 = VERTEX_POINT('',#292);
#292 = CARTESIAN_POINT('',(54.,90.5,8.));
#293 = LINE('',#294,#295);
#294 = CARTESIAN_POINT('',(54.,102.25,8.));
#295 = VECTOR('',#296,1.);
#296 = DIRECTION('',(0.,-1.,0.));
#297 = ORIENTED_EDGE('',*,*,#298,.T.);
#298 = EDGE_CURVE('',#291,#299,#301,.T.);
#299 = VERTEX_POINT('',#300);
#300 = CARTESIAN_POINT('',(54.,90.5,2.84217094304E-14));
#301 = LINE('',#302,#303);
#302 = CARTESIAN_POINT('',(54.,90.5,-0.5));
#303 = VECTOR('',#304,1.);
#304 = DIRECTION('',(0.,-2.22044604925E-16,-1.));
#305 = ORIENTED_EDGE('',*,*,#306,.F.);
#306 = EDGE_CURVE('',#307,#299,#309,.T.);
#307 = VERTEX_POINT('',#308);
#308 = CARTESIAN_POINT('',(54.,139.5,8.526512829121E-14));
#309 = LINE('',#310,#311);
#310 = CARTESIAN_POINT('',(54.,102.25,0.));
#311 = VECTOR('',#312,1.);
#312 = DIRECTION('',(0.,-1.,-7.124088991361E-16));
#313 = ORIENTED_EDGE('',*,*,#314,.T.);
#314 = EDGE_CURVE('',#307,#315,#317,.T.);
#315 = VERTEX_POINT('',#316);
#316 = CARTESIAN_POINT('',(54.,139.5,8.));
#317 = LINE('',#318,#319);
#318 = CARTESIAN_POINT('',(54.,139.5,-0.5));
#319 = VECTOR('',#320,1.);
#320 = DIRECTION('',(0.,2.22044604925E-16,1.));
#321 = ORIENTED_EDGE('',*,*,#322,.T.);
#322 = EDGE_CURVE('',#315,#323,#325,.T.);
#323 = VERTEX_POINT('',#324);
#324 = CARTESIAN_POINT('',(54.,137.5,8.));
#325 = LINE('',#326,#327);
#326 = CARTESIAN_POINT('',(54.,102.25,8.));
#327 = VECTOR('',#328,1.);
#328 = DIRECTION('',(0.,-1.,0.));
#329 = ORIENTED_EDGE('',*,*,#330,.F.);
#330 = EDGE_CURVE('',#331,#323,#333,.T.);
#331 = VERTEX_POINT('',#332);
#332 = CARTESIAN_POINT('',(54.,137.5,2.4));
#333 = LINE('',#334,#335);
#334 = CARTESIAN_POINT('',(54.,137.5,0.7));
#335 = VECTOR('',#336,1.);
#336 = DIRECTION('',(0.,2.22044604925E-16,1.));
#337 = ORIENTED_EDGE('',*,*,#338,.F.);
#338 = EDGE_CURVE('',#248,#331,#339,.T.);
#339 = LINE('',#340,#341);
#340 = CARTESIAN_POINT('',(54.,102.42089412527,2.4));
#341 = VECTOR('',#342,1.);
#342 = DIRECTION('',(0.,1.,0.));
#343 = PLANE('',#344);
#344 = AXIS2_PLACEMENT_3D('',#345,#346,#347);
#345 = CARTESIAN_POINT('',(54.,89.5,-1.));
#346 = DIRECTION('',(1.,0.,0.));
#347 = DIRECTION('',(0.,-1.110223024625E-16,1.));
#348 = ADVANCED_FACE('',(#349),#387,.T.);
#349 = FACE_BOUND('',#350,.T.);
#350 = EDGE_LOOP('',(#351,#352,#353,#361,#370,#378,#385,#386));
#351 = ORIENTED_EDGE('',*,*,#86,.T.);
#352 = ORIENTED_EDGE('',*,*,#274,.F.);
#353 = ORIENTED_EDGE('',*,*,#354,.T.);
#354 = EDGE_CURVE('',#275,#355,#357,.T.);
#355 = VERTEX_POINT('',#356);
#356 = CARTESIAN_POINT('',(70.,95.5,2.4));
#357 = LINE('',#358,#359);
#358 = CARTESIAN_POINT('',(34.,95.5,2.4));
#359 = VECTOR('',#360,1.);
#360 = DIRECTION('',(1.,0.,0.));
#361 = ORIENTED_EDGE('',*,*,#362,.T.);
#362 = EDGE_CURVE('',#355,#363,#365,.T.);
#363 = VERTEX_POINT('',#364);
#364 = CARTESIAN_POINT('',(72.,97.5,2.4));
#365 = CIRCLE('',#366,2.);
#366 = AXIS2_PLACEMENT_3D('',#367,#368,#369);
#367 = CARTESIAN_POINT('',(70.,97.5,2.4));
#368 = DIRECTION('',(0.,-3.330669073875E-16,1.));
#369 = DIRECTION('',(-1.42108547152E-14,-1.,-3.330669073875E-16));
#370 = ORIENTED_EDGE('',*,*,#371,.T.);
#371 = EDGE_CURVE('',#363,#372,#374,.T.);
#372 = VERTEX_POINT('',#373);
#373 = CARTESIAN_POINT('',(72.,123.5,2.4));
#374 = LINE('',#375,#376);
#375 = CARTESIAN_POINT('',(72.,97.5,2.4));
#376 = VECTOR('',#377,1.);
#377 = DIRECTION('',(1.0931426704E-15,1.,3.330669073875E-16));
#378 = ORIENTED_EDGE('',*,*,#379,.T.);
#379 = EDGE_CURVE('',#372,#142,#380,.T.);
#380 = CIRCLE('',#381,2.);
#381 = AXIS2_PLACEMENT_3D('',#382,#383,#384);
#382 = CARTESIAN_POINT('',(70.,123.5,2.4));
#383 = DIRECTION('',(0.,-3.330669073875E-16,1.));
#384 = DIRECTION('',(1.,-1.42E-14,-4.729550084903E-30));
#385 = ORIENTED_EDGE('',*,*,#141,.T.);
#386 = ORIENTED_EDGE('',*,*,#127,.T.);
#387 = PLANE('',#388);
#388 = AXIS2_PLACEMENT_3D('',#389,#390,#391);
#389 = CARTESIAN_POINT('',(6.164613944516,115.34178825055,2.4));
#390 = DIRECTION('',(-0.,-1.110223024625E-16,1.));
#391 = DIRECTION('',(0.,-1.,-1.110223024625E-16));
#392 = ADVANCED_FACE('',(#393,#461),#472,.F.);
#393 = FACE_BOUND('',#394,.F.);
#394 = EDGE_LOOP('',(#395,#396,#404,#413,#421,#429,#436,#437,#438,#446,
    #455));
#395 = ORIENTED_EDGE('',*,*,#322,.F.);
#396 = ORIENTED_EDGE('',*,*,#397,.F.);
#397 = EDGE_CURVE('',#398,#315,#400,.T.);
#398 = VERTEX_POINT('',#399);
#399 = CARTESIAN_POINT('',(72.,139.5,8.));
#400 = LINE('',#401,#402);
#401 = CARTESIAN_POINT('',(72.,139.5,8.));
#402 = VECTOR('',#403,1.);
#403 = DIRECTION('',(-1.,1.084798069863E-16,3.613103382692E-32));
#404 = ORIENTED_EDGE('',*,*,#405,.F.);
#405 = EDGE_CURVE('',#406,#398,#408,.T.);
#406 = VERTEX_POINT('',#407);
#407 = CARTESIAN_POINT('',(76.,135.5,8.));
#408 = CIRCLE('',#409,4.);
#409 = AXIS2_PLACEMENT_3D('',#410,#411,#412);
#410 = CARTESIAN_POINT('',(72.,135.5,8.));
#411 = DIRECTION('',(0.,-3.330669073875E-16,1.));
#412 = DIRECTION('',(1.,3.6E-15,1.199040866595E-30));
#413 = ORIENTED_EDGE('',*,*,#414,.F.);
#414 = EDGE_CURVE('',#415,#406,#417,.T.);
#415 = VERTEX_POINT('',#416);
#416 = CARTESIAN_POINT('',(76.,123.5,8.));
#417 = LINE('',#418,#419);
#418 = CARTESIAN_POINT('',(76.,94.5,8.));
#419 = VECTOR('',#420,1.);
#420 = DIRECTION('',(-6.932124251318E-16,1.,3.330669073875E-16));
#421 = ORIENTED_EDGE('',*,*,#422,.F.);
#422 = EDGE_CURVE('',#423,#415,#425,.T.);
#423 = VERTEX_POINT('',#424);
#424 = CARTESIAN_POINT('',(72.,123.5,8.));
#425 = LINE('',#426,#427);
#426 = CARTESIAN_POINT('',(37.25,123.5,8.));
#427 = VECTOR('',#428,1.);
#428 = DIRECTION('',(1.,0.,0.));
#429 = ORIENTED_EDGE('',*,*,#430,.F.);
#430 = EDGE_CURVE('',#150,#423,#431,.T.);
#431 = CIRCLE('',#432,2.);
#432 = AXIS2_PLACEMENT_3D('',#433,#434,#435);
#433 = CARTESIAN_POINT('',(70.,123.5,8.));
#434 = DIRECTION('',(0.,3.330669073875E-16,-1.));
#435 = DIRECTION('',(1.,-1.42E-14,-4.729550084903E-30));
#436 = ORIENTED_EDGE('',*,*,#157,.T.);
#437 = ORIENTED_EDGE('',*,*,#200,.F.);
#438 = ORIENTED_EDGE('',*,*,#439,.T.);
#439 = EDGE_CURVE('',#201,#440,#442,.T.);
#440 = VERTEX_POINT('',#441);
#441 = CARTESIAN_POINT('',(65.,135.5,8.));
#442 = LINE('',#443,#444);
#443 = CARTESIAN_POINT('',(65.,121.25,8.));
#444 = VECTOR('',#445,1.);
#445 = DIRECTION('',(0.,1.,1.110223024625E-16));
#446 = ORIENTED_EDGE('',*,*,#447,.F.);
#447 = EDGE_CURVE('',#448,#440,#450,.T.);
#448 = VERTEX_POINT('',#449);
#449 = CARTESIAN_POINT('',(63.,137.5,8.));
#450 = CIRCLE('',#451,2.);
#451 = AXIS2_PLACEMENT_3D('',#452,#453,#454);
#452 = CARTESIAN_POINT('',(63.,135.5,8.));
#453 = DIRECTION('',(0.,3.330669073875E-16,-1.));
#454 = DIRECTION('',(1.,-1.42E-14,-4.729550084903E-30));
#455 = ORIENTED_EDGE('',*,*,#456,.T.);
#456 = EDGE_CURVE('',#448,#323,#457,.T.);
#457 = LINE('',#458,#459);
#458 = CARTESIAN_POINT('',(34.75,137.5,8.));
#459 = VECTOR('',#460,1.);
#460 = DIRECTION('',(-1.,0.,-0.));
#461 = FACE_BOUND('',#462,.F.);
#462 = EDGE_LOOP('',(#463));
#463 = ORIENTED_EDGE('',*,*,#464,.T.);
#464 = EDGE_CURVE('',#465,#465,#467,.T.);
#465 = VERTEX_POINT('',#466);
#466 = CARTESIAN_POINT('',(73.25,133.5,8.));
#467 = CIRCLE('',#468,2.25);
#468 = AXIS2_PLACEMENT_3D('',#469,#470,#471);
#469 = CARTESIAN_POINT('',(71.,133.5,8.));
#470 = DIRECTION('',(-0.,1.110223024625E-16,1.));
#471 = DIRECTION('',(1.,0.,0.));
#472 = PLANE('',#473);
#473 = AXIS2_PLACEMENT_3D('',#474,#475,#476);
#474 = CARTESIAN_POINT('',(6.5,115.,8.));
#475 = DIRECTION('',(0.,1.110223024625E-16,-1.));
#476 = DIRECTION('',(0.,1.,1.110223024625E-16));
#477 = ADVANCED_FACE('',(#478),#497,.F.);
#478 = FACE_BOUND('',#479,.T.);
#479 = EDGE_LOOP('',(#480,#481,#489,#495,#496));
#480 = ORIENTED_EDGE('',*,*,#379,.F.);
#481 = ORIENTED_EDGE('',*,*,#482,.T.);
#482 = EDGE_CURVE('',#372,#483,#485,.T.);
#483 = VERTEX_POINT('',#484);
#484 = CARTESIAN_POINT('',(72.,123.5,4.5));
#485 = LINE('',#486,#487);
#486 = CARTESIAN_POINT('',(72.,123.5,2.4));
#487 = VECTOR('',#488,1.);
#488 = DIRECTION('',(0.,1.110223024625E-16,1.));
#489 = ORIENTED_EDGE('',*,*,#490,.T.);
#490 = EDGE_CURVE('',#483,#423,#491,.T.);
#491 = LINE('',#492,#493);
#492 = CARTESIAN_POINT('',(72.,123.5,2.4));
#493 = VECTOR('',#494,1.);
#494 = DIRECTION('',(0.,1.110223024625E-16,1.));
#495 = ORIENTED_EDGE('',*,*,#430,.F.);
#496 = ORIENTED_EDGE('',*,*,#149,.F.);
#497 = CYLINDRICAL_SURFACE('',#498,2.);
#498 = AXIS2_PLACEMENT_3D('',#499,#500,#501);
#499 = CARTESIAN_POINT('',(70.,123.5,2.4));
#500 = DIRECTION('',(0.,3.330669073875E-16,-1.));
#501 = DIRECTION('',(1.,-1.42E-14,-4.729550084903E-30));
#502 = ADVANCED_FACE('',(#503),#532,.T.);
#503 = FACE_BOUND('',#504,.T.);
#504 = EDGE_LOOP('',(#505,#513,#514,#515,#516,#517,#525));
#505 = ORIENTED_EDGE('',*,*,#506,.T.);
#506 = EDGE_CURVE('',#507,#331,#509,.T.);
#507 = VERTEX_POINT('',#508);
#508 = CARTESIAN_POINT('',(63.,137.5,2.4));
#509 = LINE('',#510,#511);
#510 = CARTESIAN_POINT('',(63.,137.5,2.4));
#511 = VECTOR('',#512,1.);
#512 = DIRECTION('',(-1.,0.,0.));
#513 = ORIENTED_EDGE('',*,*,#338,.F.);
#514 = ORIENTED_EDGE('',*,*,#247,.F.);
#515 = ORIENTED_EDGE('',*,*,#233,.T.);
#516 = ORIENTED_EDGE('',*,*,#181,.T.);
#517 = ORIENTED_EDGE('',*,*,#518,.T.);
#518 = EDGE_CURVE('',#184,#519,#521,.T.);
#519 = VERTEX_POINT('',#520);
#520 = CARTESIAN_POINT('',(65.,135.5,2.4));
#521 = LINE('',#522,#523);
#522 = CARTESIAN_POINT('',(65.,127.5,2.4));
#523 = VECTOR('',#524,1.);
#524 = DIRECTION('',(0.,1.,3.330669073875E-16));
#525 = ORIENTED_EDGE('',*,*,#526,.T.);
#526 = EDGE_CURVE('',#519,#507,#527,.T.);
#527 = CIRCLE('',#528,2.);
#528 = AXIS2_PLACEMENT_3D('',#529,#530,#531);
#529 = CARTESIAN_POINT('',(63.,135.5,2.4));
#530 = DIRECTION('',(0.,-3.330669073875E-16,1.));
#531 = DIRECTION('',(1.,-1.42E-14,-4.729550084903E-30));
#532 = PLANE('',#533);
#533 = AXIS2_PLACEMENT_3D('',#534,#535,#536);
#534 = CARTESIAN_POINT('',(6.164613944516,115.34178825055,2.4));
#535 = DIRECTION('',(-0.,-1.110223024625E-16,1.));
#536 = DIRECTION('',(0.,-1.,-1.110223024625E-16));
#537 = ADVANCED_FACE('',(#538),#549,.T.);
#538 = FACE_BOUND('',#539,.T.);
#539 = EDGE_LOOP('',(#540,#541,#542,#543));
#540 = ORIENTED_EDGE('',*,*,#518,.F.);
#541 = ORIENTED_EDGE('',*,*,#209,.T.);
#542 = ORIENTED_EDGE('',*,*,#439,.T.);
#543 = ORIENTED_EDGE('',*,*,#544,.F.);
#544 = EDGE_CURVE('',#519,#440,#545,.T.);
#545 = LINE('',#546,#547);
#546 = CARTESIAN_POINT('',(65.,135.5,2.4));
#547 = VECTOR('',#548,1.);
#548 = DIRECTION('',(0.,1.110223024625E-16,1.));
#549 = PLANE('',#550);
#550 = AXIS2_PLACEMENT_3D('',#551,#552,#553);
#551 = CARTESIAN_POINT('',(65.,127.5,2.4));
#552 = DIRECTION('',(-1.,0.,0.));
#553 = DIRECTION('',(0.,1.,3.330669073875E-16));
#554 = ADVANCED_FACE('',(#555),#566,.T.);
#555 = FACE_BOUND('',#556,.T.);
#556 = EDGE_LOOP('',(#557,#558,#564,#565));
#557 = ORIENTED_EDGE('',*,*,#506,.F.);
#558 = ORIENTED_EDGE('',*,*,#559,.T.);
#559 = EDGE_CURVE('',#507,#448,#560,.T.);
#560 = LINE('',#561,#562);
#561 = CARTESIAN_POINT('',(63.,137.5,2.4));
#562 = VECTOR('',#563,1.);
#563 = DIRECTION('',(0.,1.110223024625E-16,1.));
#564 = ORIENTED_EDGE('',*,*,#456,.T.);
#565 = ORIENTED_EDGE('',*,*,#330,.F.);
#566 = PLANE('',#567);
#567 = AXIS2_PLACEMENT_3D('',#568,#569,#570);
#568 = CARTESIAN_POINT('',(63.,137.5,2.4));
#569 = DIRECTION('',(0.,-1.,1.110223024625E-16));
#570 = DIRECTION('',(-1.,0.,0.));
#571 = ADVANCED_FACE('',(#572),#590,.F.);
#572 = FACE_BOUND('',#573,.F.);
#573 = EDGE_LOOP('',(#574,#582,#588,#589));
#574 = ORIENTED_EDGE('',*,*,#575,.F.);
#575 = EDGE_CURVE('',#576,#307,#578,.T.);
#576 = VERTEX_POINT('',#577);
#577 = CARTESIAN_POINT('',(72.,139.5,5.684341886081E-14));
#578 = LINE('',#579,#580);
#579 = CARTESIAN_POINT('',(72.,139.5,8.137934770502E-14));
#580 = VECTOR('',#581,1.);
#581 = DIRECTION('',(-1.,1.084798069863E-16,3.613103382692E-32));
#582 = ORIENTED_EDGE('',*,*,#583,.T.);
#583 = EDGE_CURVE('',#576,#398,#584,.T.);
#584 = LINE('',#585,#586);
#585 = CARTESIAN_POINT('',(72.,139.5,8.526512829121E-14));
#586 = VECTOR('',#587,1.);
#587 = DIRECTION('',(0.,1.110223024625E-16,1.));
#588 = ORIENTED_EDGE('',*,*,#397,.T.);
#589 = ORIENTED_EDGE('',*,*,#314,.F.);
#590 = PLANE('',#591);
#591 = AXIS2_PLACEMENT_3D('',#592,#593,#594);
#592 = CARTESIAN_POINT('',(72.,139.5,8.526512829121E-14));
#593 = DIRECTION('',(-1.084798069863E-16,-1.,1.110223024625E-16));
#594 = DIRECTION('',(-1.,1.084798069863E-16,3.613103382692E-32));
#595 = ADVANCED_FACE('',(#596,#632),#643,.T.);
#596 = FACE_BOUND('',#597,.T.);
#597 = EDGE_LOOP('',(#598,#599,#600,#609,#617,#626));
#598 = ORIENTED_EDGE('',*,*,#306,.F.);
#599 = ORIENTED_EDGE('',*,*,#575,.F.);
#600 = ORIENTED_EDGE('',*,*,#601,.F.);
#601 = EDGE_CURVE('',#602,#576,#604,.T.);
#602 = VERTEX_POINT('',#603);
#603 = CARTESIAN_POINT('',(76.,135.5,5.684341886081E-14));
#604 = CIRCLE('',#605,4.);
#605 = AXIS2_PLACEMENT_3D('',#606,#607,#608);
#606 = CARTESIAN_POINT('',(72.,135.5,8.004708007547E-14));
#607 = DIRECTION('',(0.,-3.330669073875E-16,1.));
#608 = DIRECTION('',(1.,3.6E-15,1.199040866595E-30));
#609 = ORIENTED_EDGE('',*,*,#610,.F.);
#610 = EDGE_CURVE('',#611,#602,#613,.T.);
#611 = VERTEX_POINT('',#612);
#612 = CARTESIAN_POINT('',(76.,94.5,5.684341886081E-14));
#613 = LINE('',#614,#615);
#614 = CARTESIAN_POINT('',(76.,94.5,6.639133687258E-14));
#615 = VECTOR('',#616,1.);
#616 = DIRECTION('',(-6.932124251318E-16,1.,3.330669073875E-16));
#617 = ORIENTED_EDGE('',*,*,#618,.F.);
#618 = EDGE_CURVE('',#619,#611,#621,.T.);
#619 = VERTEX_POINT('',#620);
#620 = CARTESIAN_POINT('',(72.,90.5,5.684341886081E-14));
#621 = CIRCLE('',#622,4.);
#622 = AXIS2_PLACEMENT_3D('',#623,#624,#625);
#623 = CARTESIAN_POINT('',(72.,94.5,6.639133687258E-14));
#624 = DIRECTION('',(0.,-3.330669073875E-16,1.));
#625 = DIRECTION('',(1.110223024625E-16,-1.,-3.330669073875E-16));
#626 = ORIENTED_EDGE('',*,*,#627,.F.);
#627 = EDGE_CURVE('',#299,#619,#628,.T.);
#628 = LINE('',#629,#630);
#629 = CARTESIAN_POINT('',(-59.,90.5,6.505906924303E-14));
#630 = VECTOR('',#631,1.);
#631 = DIRECTION('',(1.,0.,0.));
#632 = FACE_BOUND('',#633,.T.);
#633 = EDGE_LOOP('',(#634));
#634 = ORIENTED_EDGE('',*,*,#635,.T.);
#635 = EDGE_CURVE('',#636,#636,#638,.T.);
#636 = VERTEX_POINT('',#637);
#637 = CARTESIAN_POINT('',(73.25,133.5,2.84217094304E-14));
#638 = CIRCLE('',#639,2.25);
#639 = AXIS2_PLACEMENT_3D('',#640,#641,#642);
#640 = CARTESIAN_POINT('',(71.,133.5,5.684341886081E-14));
#641 = DIRECTION('',(-0.,1.110223024625E-16,1.));
#642 = DIRECTION('',(1.,0.,0.));
#643 = PLANE('',#644);
#644 = AXIS2_PLACEMENT_3D('',#645,#646,#647);
#645 = CARTESIAN_POINT('',(6.5,115.,2.84217094304E-14));
#646 = DIRECTION('',(0.,7.124088991361E-16,-1.));
#647 = DIRECTION('',(0.,1.,7.124088991361E-16));
#648 = ADVANCED_FACE('',(#649),#667,.F.);
#649 = FACE_BOUND('',#650,.F.);
#650 = EDGE_LOOP('',(#651,#652,#653,#661));
#651 = ORIENTED_EDGE('',*,*,#627,.F.);
#652 = ORIENTED_EDGE('',*,*,#298,.F.);
#653 = ORIENTED_EDGE('',*,*,#654,.T.);
#654 = EDGE_CURVE('',#291,#655,#657,.T.);
#655 = VERTEX_POINT('',#656);
#656 = CARTESIAN_POINT('',(72.,90.5,8.));
#657 = LINE('',#658,#659);
#658 = CARTESIAN_POINT('',(-59.,90.5,8.));
#659 = VECTOR('',#660,1.);
#660 = DIRECTION('',(1.,0.,0.));
#661 = ORIENTED_EDGE('',*,*,#662,.F.);
#662 = EDGE_CURVE('',#619,#655,#663,.T.);
#663 = LINE('',#664,#665);
#664 = CARTESIAN_POINT('',(72.,90.5,5.684341886081E-14));
#665 = VECTOR('',#666,1.);
#666 = DIRECTION('',(0.,1.110223024625E-16,1.));
#667 = PLANE('',#668);
#668 = AXIS2_PLACEMENT_3D('',#669,#670,#671);
#669 = CARTESIAN_POINT('',(-59.,90.5,5.684341886081E-14));
#670 = DIRECTION('',(0.,1.,-1.110223024625E-16));
#671 = DIRECTION('',(1.,0.,0.));
#672 = ADVANCED_FACE('',(#673),#725,.F.);
#673 = FACE_BOUND('',#674,.F.);
#674 = EDGE_LOOP('',(#675,#676,#677,#685,#694,#702,#710,#718));
#675 = ORIENTED_EDGE('',*,*,#654,.F.);
#676 = ORIENTED_EDGE('',*,*,#290,.F.);
#677 = ORIENTED_EDGE('',*,*,#678,.T.);
#678 = EDGE_CURVE('',#283,#679,#681,.T.);
#679 = VERTEX_POINT('',#680);
#680 = CARTESIAN_POINT('',(70.,95.5,8.));
#681 = LINE('',#682,#683);
#682 = CARTESIAN_POINT('',(20.25,95.5,8.));
#683 = VECTOR('',#684,1.);
#684 = DIRECTION('',(1.,0.,0.));
#685 = ORIENTED_EDGE('',*,*,#686,.F.);
#686 = EDGE_CURVE('',#687,#679,#689,.T.);
#687 = VERTEX_POINT('',#688);
#688 = CARTESIAN_POINT('',(72.,97.5,8.));
#689 = CIRCLE('',#690,2.);
#690 = AXIS2_PLACEMENT_3D('',#691,#692,#693);
#691 = CARTESIAN_POINT('',(70.,97.5,8.));
#692 = DIRECTION('',(0.,3.330669073875E-16,-1.));
#693 = DIRECTION('',(-1.42108547152E-14,-1.,-3.330669073875E-16));
#694 = ORIENTED_EDGE('',*,*,#695,.T.);
#695 = EDGE_CURVE('',#687,#696,#698,.T.);
#696 = VERTEX_POINT('',#697);
#697 = CARTESIAN_POINT('',(72.,116.5,8.));
#698 = LINE('',#699,#700);
#699 = CARTESIAN_POINT('',(72.,106.25,8.));
#700 = VECTOR('',#701,1.);
#701 = DIRECTION('',(1.0931426704E-15,1.,1.110223024625E-16));
#702 = ORIENTED_EDGE('',*,*,#703,.T.);
#703 = EDGE_CURVE('',#696,#704,#706,.T.);
#704 = VERTEX_POINT('',#705);
#705 = CARTESIAN_POINT('',(76.,116.5,8.));
#706 = LINE('',#707,#708);
#707 = CARTESIAN_POINT('',(37.25,116.5,8.));
#708 = VECTOR('',#709,1.);
#709 = DIRECTION('',(1.,0.,0.));
#710 = ORIENTED_EDGE('',*,*,#711,.F.);
#711 = EDGE_CURVE('',#712,#704,#714,.T.);
#712 = VERTEX_POINT('',#713);
#713 = CARTESIAN_POINT('',(76.,94.5,8.));
#714 = LINE('',#715,#716);
#715 = CARTESIAN_POINT('',(76.,94.5,8.));
#716 = VECTOR('',#717,1.);
#717 = DIRECTION('',(-6.932124251318E-16,1.,3.330669073875E-16));
#718 = ORIENTED_EDGE('',*,*,#719,.F.);
#719 = EDGE_CURVE('',#655,#712,#720,.T.);
#720 = CIRCLE('',#721,4.);
#721 = AXIS2_PLACEMENT_3D('',#722,#723,#724);
#722 = CARTESIAN_POINT('',(72.,94.5,8.));
#723 = DIRECTION('',(0.,-3.330669073875E-16,1.));
#724 = DIRECTION('',(1.110223024625E-16,-1.,-3.330669073875E-16));
#725 = PLANE('',#726);
#726 = AXIS2_PLACEMENT_3D('',#727,#728,#729);
#727 = CARTESIAN_POINT('',(6.5,115.,8.));
#728 = DIRECTION('',(0.,1.110223024625E-16,-1.));
#729 = DIRECTION('',(0.,1.,1.110223024625E-16));
#730 = ADVANCED_FACE('',(#731),#742,.T.);
#731 = FACE_BOUND('',#732,.T.);
#732 = EDGE_LOOP('',(#733,#734,#735,#736));
#733 = ORIENTED_EDGE('',*,*,#354,.F.);
#734 = ORIENTED_EDGE('',*,*,#282,.F.);
#735 = ORIENTED_EDGE('',*,*,#678,.T.);
#736 = ORIENTED_EDGE('',*,*,#737,.F.);
#737 = EDGE_CURVE('',#355,#679,#738,.T.);
#738 = LINE('',#739,#740);
#739 = CARTESIAN_POINT('',(70.,95.5,2.4));
#740 = VECTOR('',#741,1.);
#741 = DIRECTION('',(0.,1.110223024625E-16,1.));
#742 = PLANE('',#743);
#743 = AXIS2_PLACEMENT_3D('',#744,#745,#746);
#744 = CARTESIAN_POINT('',(34.,95.5,2.4));
#745 = DIRECTION('',(0.,1.,-1.110223024625E-16));
#746 = DIRECTION('',(1.,0.,0.));
#747 = ADVANCED_FACE('',(#748),#791,.T.);
#748 = FACE_BOUND('',#749,.T.);
#749 = EDGE_LOOP('',(#750,#751,#757,#758,#766,#775,#783,#790));
#750 = ORIENTED_EDGE('',*,*,#371,.F.);
#751 = ORIENTED_EDGE('',*,*,#752,.T.);
#752 = EDGE_CURVE('',#363,#687,#753,.T.);
#753 = LINE('',#754,#755);
#754 = CARTESIAN_POINT('',(72.,97.5,2.4));
#755 = VECTOR('',#756,1.);
#756 = DIRECTION('',(0.,1.110223024625E-16,1.));
#757 = ORIENTED_EDGE('',*,*,#695,.T.);
#758 = ORIENTED_EDGE('',*,*,#759,.T.);
#759 = EDGE_CURVE('',#696,#760,#762,.T.);
#760 = VERTEX_POINT('',#761);
#761 = CARTESIAN_POINT('',(72.,116.5,4.5));
#762 = LINE('',#763,#764);
#763 = CARTESIAN_POINT('',(72.,116.5,5.525));
#764 = VECTOR('',#765,1.);
#765 = DIRECTION('',(3.640896485635E-31,1.110223024625E-16,-1.));
#766 = ORIENTED_EDGE('',*,*,#767,.F.);
#767 = EDGE_CURVE('',#768,#760,#770,.T.);
#768 = VERTEX_POINT('',#769);
#769 = CARTESIAN_POINT('',(72.,117.7,3.3));
#770 = CIRCLE('',#771,1.2);
#771 = AXIS2_PLACEMENT_3D('',#772,#773,#774);
#772 = CARTESIAN_POINT('',(72.,117.7,4.5));
#773 = DIRECTION('',(-1.,0.,-0.));
#774 = DIRECTION('',(0.,1.110223024625E-16,-1.));
#775 = ORIENTED_EDGE('',*,*,#776,.T.);
#776 = EDGE_CURVE('',#768,#777,#779,.T.);
#777 = VERTEX_POINT('',#778);
#778 = CARTESIAN_POINT('',(72.,122.3,3.3));
#779 = LINE('',#780,#781);
#780 = CARTESIAN_POINT('',(72.,107.,3.3));
#781 = VECTOR('',#782,1.);
#782 = DIRECTION('',(1.0931426704E-15,1.,1.110223024625E-16));
#783 = ORIENTED_EDGE('',*,*,#784,.F.);
#784 = EDGE_CURVE('',#483,#777,#785,.T.);
#785 = CIRCLE('',#786,1.2);
#786 = AXIS2_PLACEMENT_3D('',#787,#788,#789);
#787 = CARTESIAN_POINT('',(72.,122.3,4.5));
#788 = DIRECTION('',(-1.,0.,-0.));
#789 = DIRECTION('',(0.,1.110223024625E-16,-1.));
#790 = ORIENTED_EDGE('',*,*,#482,.F.);
#791 = PLANE('',#792);
#792 = AXIS2_PLACEMENT_3D('',#793,#794,#795);
#793 = CARTESIAN_POINT('',(72.,97.5,2.4));
#794 = DIRECTION('',(-1.,1.0931426704E-15,-1.213632161878E-31));
#795 = DIRECTION('',(1.0931426704E-15,1.,3.330669073875E-16));
#796 = ADVANCED_FACE('',(#797),#803,.F.);
#797 = FACE_BOUND('',#798,.T.);
#798 = EDGE_LOOP('',(#799,#800,#801,#802));
#799 = ORIENTED_EDGE('',*,*,#362,.F.);
#800 = ORIENTED_EDGE('',*,*,#737,.T.);
#801 = ORIENTED_EDGE('',*,*,#686,.F.);
#802 = ORIENTED_EDGE('',*,*,#752,.F.);
#803 = CYLINDRICAL_SURFACE('',#804,2.);
#804 = AXIS2_PLACEMENT_3D('',#805,#806,#807);
#805 = CARTESIAN_POINT('',(70.,97.5,2.4));
#806 = DIRECTION('',(0.,3.330669073875E-16,-1.));
#807 = DIRECTION('',(-1.42108547152E-14,-1.,-3.330669073875E-16));
#808 = ADVANCED_FACE('',(#809),#815,.F.);
#809 = FACE_BOUND('',#810,.T.);
#810 = EDGE_LOOP('',(#811,#812,#813,#814));
#811 = ORIENTED_EDGE('',*,*,#526,.F.);
#812 = ORIENTED_EDGE('',*,*,#544,.T.);
#813 = ORIENTED_EDGE('',*,*,#447,.F.);
#814 = ORIENTED_EDGE('',*,*,#559,.F.);
#815 = CYLINDRICAL_SURFACE('',#816,2.);
#816 = AXIS2_PLACEMENT_3D('',#817,#818,#819);
#817 = CARTESIAN_POINT('',(63.,135.5,2.4));
#818 = DIRECTION('',(0.,3.330669073875E-16,-1.));
#819 = DIRECTION('',(1.,-1.42E-14,-4.729550084903E-30));
#820 = ADVANCED_FACE('',(#821),#839,.F.);
#821 = FACE_BOUND('',#822,.F.);
#822 = EDGE_LOOP('',(#823,#831,#837,#838));
#823 = ORIENTED_EDGE('',*,*,#824,.T.);
#824 = EDGE_CURVE('',#415,#825,#827,.T.);
#825 = VERTEX_POINT('',#826);
#826 = CARTESIAN_POINT('',(76.,123.5,4.5));
#827 = LINE('',#828,#829);
#828 = CARTESIAN_POINT('',(76.,123.5,4.325));
#829 = VECTOR('',#830,1.);
#830 = DIRECTION('',(-2.308861186013E-31,1.110223024625E-16,-1.));
#831 = ORIENTED_EDGE('',*,*,#832,.T.);
#832 = EDGE_CURVE('',#825,#483,#833,.T.);
#833 = LINE('',#834,#835);
#834 = CARTESIAN_POINT('',(78.,123.5,4.5));
#835 = VECTOR('',#836,1.);
#836 = DIRECTION('',(-1.,0.,0.));
#837 = ORIENTED_EDGE('',*,*,#490,.T.);
#838 = ORIENTED_EDGE('',*,*,#422,.T.);
#839 = PLANE('',#840);
#840 = AXIS2_PLACEMENT_3D('',#841,#842,#843);
#841 = CARTESIAN_POINT('',(68.,123.5,8.65));
#842 = DIRECTION('',(0.,1.,1.110223024625E-16));
#843 = DIRECTION('',(1.,0.,0.));
#844 = ADVANCED_FACE('',(#845),#895,.F.);
#845 = FACE_BOUND('',#846,.F.);
#846 = EDGE_LOOP('',(#847,#848,#854,#855,#863,#872,#880,#887,#888,#889)
  );
#847 = ORIENTED_EDGE('',*,*,#610,.F.);
#848 = ORIENTED_EDGE('',*,*,#849,.T.);
#849 = EDGE_CURVE('',#611,#712,#850,.T.);
#850 = LINE('',#851,#852);
#851 = CARTESIAN_POINT('',(76.,94.5,5.684341886081E-14));
#852 = VECTOR('',#853,1.);
#853 = DIRECTION('',(0.,1.110223024625E-16,1.));
#854 = ORIENTED_EDGE('',*,*,#711,.T.);
#855 = ORIENTED_EDGE('',*,*,#856,.T.);
#856 = EDGE_CURVE('',#704,#857,#859,.T.);
#857 = VERTEX_POINT('',#858);
#858 = CARTESIAN_POINT('',(76.,116.5,4.5));
#859 = LINE('',#860,#861);
#860 = CARTESIAN_POINT('',(76.,116.5,4.325));
#861 = VECTOR('',#862,1.);
#862 = DIRECTION('',(-2.308861186013E-31,1.110223024625E-16,-1.));
#863 = ORIENTED_EDGE('',*,*,#864,.F.);
#864 = EDGE_CURVE('',#865,#857,#867,.T.);
#865 = VERTEX_POINT('',#866);
#866 = CARTESIAN_POINT('',(76.,117.7,3.3));
#867 = CIRCLE('',#868,1.2);
#868 = AXIS2_PLACEMENT_3D('',#869,#870,#871);
#869 = CARTESIAN_POINT('',(76.,117.7,4.5));
#870 = DIRECTION('',(-1.,0.,-0.));
#871 = DIRECTION('',(0.,1.110223024625E-16,-1.));
#872 = ORIENTED_EDGE('',*,*,#873,.T.);
#873 = EDGE_CURVE('',#865,#874,#876,.T.);
#874 = VERTEX_POINT('',#875);
#875 = CARTESIAN_POINT('',(76.,122.3,3.3));
#876 = LINE('',#877,#878);
#877 = CARTESIAN_POINT('',(76.,105.5,3.3));
#878 = VECTOR('',#879,1.);
#879 = DIRECTION('',(-6.932124251318E-16,1.,1.110223024625E-16));
#880 = ORIENTED_EDGE('',*,*,#881,.F.);
#881 = EDGE_CURVE('',#825,#874,#882,.T.);
#882 = CIRCLE('',#883,1.2);
#883 = AXIS2_PLACEMENT_3D('',#884,#885,#886);
#884 = CARTESIAN_POINT('',(76.,122.3,4.5));
#885 = DIRECTION('',(-1.,0.,-0.));
#886 = DIRECTION('',(0.,1.110223024625E-16,-1.));
#887 = ORIENTED_EDGE('',*,*,#824,.F.);
#888 = ORIENTED_EDGE('',*,*,#414,.T.);
#889 = ORIENTED_EDGE('',*,*,#890,.F.);
#890 = EDGE_CURVE('',#602,#406,#891,.T.);
#891 = LINE('',#892,#893);
#892 = CARTESIAN_POINT('',(76.,135.5,8.526512829121E-14));
#893 = VECTOR('',#894,1.);
#894 = DIRECTION('',(0.,1.110223024625E-16,1.));
#895 = PLANE('',#896);
#896 = AXIS2_PLACEMENT_3D('',#897,#898,#899);
#897 = CARTESIAN_POINT('',(76.,94.5,5.684341886081E-14));
#898 = DIRECTION('',(-1.,-6.932124251318E-16,7.696203953376E-32));
#899 = DIRECTION('',(-6.932124251318E-16,1.,3.330669073875E-16));
#900 = ADVANCED_FACE('',(#901),#907,.T.);
#901 = FACE_BOUND('',#902,.F.);
#902 = EDGE_LOOP('',(#903,#904,#905,#906));
#903 = ORIENTED_EDGE('',*,*,#890,.T.);
#904 = ORIENTED_EDGE('',*,*,#405,.T.);
#905 = ORIENTED_EDGE('',*,*,#583,.F.);
#906 = ORIENTED_EDGE('',*,*,#601,.F.);
#907 = CYLINDRICAL_SURFACE('',#908,4.);
#908 = AXIS2_PLACEMENT_3D('',#909,#910,#911);
#909 = CARTESIAN_POINT('',(72.,135.5,8.526512829121E-14));
#910 = DIRECTION('',(0.,3.330669073875E-16,-1.));
#911 = DIRECTION('',(1.,3.6E-15,1.199040866595E-30));
#912 = ADVANCED_FACE('',(#913),#924,.F.);
#913 = FACE_BOUND('',#914,.T.);
#914 = EDGE_LOOP('',(#915,#916,#922,#923));
#915 = ORIENTED_EDGE('',*,*,#464,.T.);
#916 = ORIENTED_EDGE('',*,*,#917,.T.);
#917 = EDGE_CURVE('',#465,#636,#918,.T.);
#918 = LINE('',#919,#920);
#919 = CARTESIAN_POINT('',(73.25,133.5,9.));
#920 = VECTOR('',#921,1.);
#921 = DIRECTION('',(0.,3.330669073875E-16,-1.));
#922 = ORIENTED_EDGE('',*,*,#635,.F.);
#923 = ORIENTED_EDGE('',*,*,#917,.F.);
#924 = CYLINDRICAL_SURFACE('',#925,2.25);
#925 = AXIS2_PLACEMENT_3D('',#926,#927,#928);
#926 = CARTESIAN_POINT('',(71.,133.5,9.));
#927 = DIRECTION('',(0.,1.110223024625E-16,1.));
#928 = DIRECTION('',(1.,0.,0.));
#929 = ADVANCED_FACE('',(#930),#936,.T.);
#930 = FACE_BOUND('',#931,.F.);
#931 = EDGE_LOOP('',(#932,#933,#934,#935));
#932 = ORIENTED_EDGE('',*,*,#662,.T.);
#933 = ORIENTED_EDGE('',*,*,#719,.T.);
#934 = ORIENTED_EDGE('',*,*,#849,.F.);
#935 = ORIENTED_EDGE('',*,*,#618,.F.);
#936 = CYLINDRICAL_SURFACE('',#937,4.);
#937 = AXIS2_PLACEMENT_3D('',#938,#939,#940);
#938 = CARTESIAN_POINT('',(72.,94.5,5.684341886081E-14));
#939 = DIRECTION('',(0.,3.330669073875E-16,-1.));
#940 = DIRECTION('',(1.110223024625E-16,-1.,-3.330669073875E-16));
#941 = ADVANCED_FACE('',(#942),#953,.T.);
#942 = FACE_BOUND('',#943,.T.);
#943 = EDGE_LOOP('',(#944,#945,#951,#952));
#944 = ORIENTED_EDGE('',*,*,#856,.T.);
#945 = ORIENTED_EDGE('',*,*,#946,.T.);
#946 = EDGE_CURVE('',#857,#760,#947,.T.);
#947 = LINE('',#948,#949);
#948 = CARTESIAN_POINT('',(78.,116.5,4.5));
#949 = VECTOR('',#950,1.);
#950 = DIRECTION('',(-1.,0.,0.));
#951 = ORIENTED_EDGE('',*,*,#759,.F.);
#952 = ORIENTED_EDGE('',*,*,#703,.T.);
#953 = PLANE('',#954);
#954 = AXIS2_PLACEMENT_3D('',#955,#956,#957);
#955 = CARTESIAN_POINT('',(68.,116.5,8.65));
#956 = DIRECTION('',(0.,1.,1.110223024625E-16));
#957 = DIRECTION('',(1.,0.,0.));
#958 = ADVANCED_FACE('',(#959),#970,.F.);
#959 = FACE_BOUND('',#960,.T.);
#960 = EDGE_LOOP('',(#961,#967,#968,#969));
#961 = ORIENTED_EDGE('',*,*,#962,.F.);
#962 = EDGE_CURVE('',#874,#777,#963,.T.);
#963 = LINE('',#964,#965);
#964 = CARTESIAN_POINT('',(78.,122.3,3.3));
#965 = VECTOR('',#966,1.);
#966 = DIRECTION('',(-1.,0.,0.));
#967 = ORIENTED_EDGE('',*,*,#881,.F.);
#968 = ORIENTED_EDGE('',*,*,#832,.T.);
#969 = ORIENTED_EDGE('',*,*,#784,.T.);
#970 = CYLINDRICAL_SURFACE('',#971,1.2);
#971 = AXIS2_PLACEMENT_3D('',#972,#973,#974);
#972 = CARTESIAN_POINT('',(78.,122.3,4.5));
#973 = DIRECTION('',(-1.,0.,0.));
#974 = DIRECTION('',(0.,1.110223024625E-16,-1.));
#975 = ADVANCED_FACE('',(#976),#987,.T.);
#976 = FACE_BOUND('',#977,.T.);
#977 = EDGE_LOOP('',(#978,#984,#985,#986));
#978 = ORIENTED_EDGE('',*,*,#979,.F.);
#979 = EDGE_CURVE('',#865,#768,#980,.T.);
#980 = LINE('',#981,#982);
#981 = CARTESIAN_POINT('',(78.,117.7,3.3));
#982 = VECTOR('',#983,1.);
#983 = DIRECTION('',(-1.,0.,0.));
#984 = ORIENTED_EDGE('',*,*,#873,.T.);
#985 = ORIENTED_EDGE('',*,*,#962,.T.);
#986 = ORIENTED_EDGE('',*,*,#776,.F.);
#987 = PLANE('',#988);
#988 = AXIS2_PLACEMENT_3D('',#989,#990,#991);
#989 = CARTESIAN_POINT('',(78.,116.5,3.3));
#990 = DIRECTION('',(0.,-1.110223024625E-16,1.));
#991 = DIRECTION('',(-1.,0.,0.));
#992 = ADVANCED_FACE('',(#993),#999,.F.);
#993 = FACE_BOUND('',#994,.F.);
#994 = EDGE_LOOP('',(#995,#996,#997,#998));
#995 = ORIENTED_EDGE('',*,*,#979,.F.);
#996 = ORIENTED_EDGE('',*,*,#864,.T.);
#997 = ORIENTED_EDGE('',*,*,#946,.T.);
#998 = ORIENTED_EDGE('',*,*,#767,.F.);
#999 = CYLINDRICAL_SURFACE('',#1000,1.2);
#1000 = AXIS2_PLACEMENT_3D('',#1001,#1002,#1003);
#1001 = CARTESIAN_POINT('',(78.,117.7,4.5));
#1002 = DIRECTION('',(-1.,0.,0.));
#1003 = DIRECTION('',(0.,1.110223024625E-16,-1.));
#1004 = MANIFOLD_SOLID_BREP('',#1005);
#1005 = CLOSED_SHELL('',(#1006,#1046,#1077,#1133,#1180,#1197,#1209,#1315
    ,#1363,#1492,#1509,#1526,#1543,#1584,#1601,#1639,#1656,#1687,#1704,
    #1721,#1733,#1814,#1877,#1912,#1969,#2070,#2111,#2123,#2147,#2171,
    #2188,#2212,#2236,#2253,#2265,#2277,#2294,#2311,#2398,#2410,#2432,
    #2449,#2466,#2483,#2500,#2517,#2534));
#1006 = ADVANCED_FACE('',(#1007),#1041,.F.);
#1007 = FACE_BOUND('',#1008,.F.);
#1008 = EDGE_LOOP('',(#1009,#1019,#1027,#1035));
#1009 = ORIENTED_EDGE('',*,*,#1010,.F.);
#1010 = EDGE_CURVE('',#1011,#1013,#1015,.T.);
#1011 = VERTEX_POINT('',#1012);
#1012 = CARTESIAN_POINT('',(124.,127.15,38.));
#1013 = VERTEX_POINT('',#1014);
#1014 = CARTESIAN_POINT('',(125.42857142857,127.15,36.));
#1015 = LINE('',#1016,#1017);
#1016 = CARTESIAN_POINT('',(124.,127.15,38.));
#1017 = VECTOR('',#1018,1.);
#1018 = DIRECTION('',(0.581238193719,9.034256356419E-17,-0.813733471207)
  );
#1019 = ORIENTED_EDGE('',*,*,#1020,.T.);
#1020 = EDGE_CURVE('',#1011,#1021,#1023,.T.);
#1021 = VERTEX_POINT('',#1022);
#1022 = CARTESIAN_POINT('',(124.,102.65,38.));
#1023 = LINE('',#1024,#1025);
#1024 = CARTESIAN_POINT('',(124.,127.15,38.));
#1025 = VECTOR('',#1026,1.);
#1026 = DIRECTION('',(0.,-1.,3.330669073875E-16));
#1027 = ORIENTED_EDGE('',*,*,#1028,.F.);
#1028 = EDGE_CURVE('',#1029,#1021,#1031,.T.);
#1029 = VERTEX_POINT('',#1030);
#1030 = CARTESIAN_POINT('',(125.42857142857,102.65,36.));
#1031 = LINE('',#1032,#1033);
#1032 = CARTESIAN_POINT('',(130.8581081081,102.65,28.398648648649));
#1033 = VECTOR('',#1034,1.);
#1034 = DIRECTION('',(-0.581238193719,0.,0.813733471207));
#1035 = ORIENTED_EDGE('',*,*,#1036,.T.);
#1036 = EDGE_CURVE('',#1029,#1013,#1037,.T.);
#1037 = LINE('',#1038,#1039);
#1038 = CARTESIAN_POINT('',(125.42857142857,85.066457286432,36.));
#1039 = VECTOR('',#1040,1.);
#1040 = DIRECTION('',(-1.586032892322E-16,1.,-1.110223024625E-16));
#1041 = PLANE('',#1042);
#1042 = AXIS2_PLACEMENT_3D('',#1043,#1044,#1045);
#1043 = CARTESIAN_POINT('',(124.,127.15,38.));
#1044 = DIRECTION('',(0.813733471207,1.935912076375E-16,0.581238193719)
  );
#1045 = DIRECTION('',(0.581238193719,9.034256356419E-17,-0.813733471207)
  );
#1046 = ADVANCED_FACE('',(#1047),#1072,.T.);
#1047 = FACE_BOUND('',#1048,.T.);
#1048 = EDGE_LOOP('',(#1049,#1057,#1058,#1066));
#1049 = ORIENTED_EDGE('',*,*,#1050,.T.);
#1050 = EDGE_CURVE('',#1051,#1013,#1053,.T.);
#1051 = VERTEX_POINT('',#1052);
#1052 = CARTESIAN_POINT('',(128.57142857142,127.15,36.));
#1053 = LINE('',#1054,#1055);
#1054 = CARTESIAN_POINT('',(94.670226130653,127.15,36.));
#1055 = VECTOR('',#1056,1.);
#1056 = DIRECTION('',(-1.,0.,0.));
#1057 = ORIENTED_EDGE('',*,*,#1010,.F.);
#1058 = ORIENTED_EDGE('',*,*,#1059,.F.);
#1059 = EDGE_CURVE('',#1060,#1011,#1062,.T.);
#1060 = VERTEX_POINT('',#1061);
#1061 = CARTESIAN_POINT('',(130.,127.15,38.));
#1062 = LINE('',#1063,#1064);
#1063 = CARTESIAN_POINT('',(130.,127.15,38.));
#1064 = VECTOR('',#1065,1.);
#1065 = DIRECTION('',(-1.,-0.,0.));
#1066 = ORIENTED_EDGE('',*,*,#1067,.F.);
#1067 = EDGE_CURVE('',#1051,#1060,#1068,.T.);
#1068 = LINE('',#1069,#1070);
#1069 = CARTESIAN_POINT('',(128.5,127.15,35.9));
#1070 = VECTOR('',#1071,1.);
#1071 = DIRECTION('',(0.581238193719,-9.034256356419E-17,0.813733471207)
  );
#1072 = PLANE('',#1073);
#1073 = AXIS2_PLACEMENT_3D('',#1074,#1075,#1076);
#1074 = CARTESIAN_POINT('',(127.,127.15,37.172435710914));
#1075 = DIRECTION('',(0.,1.,-1.110223024625E-16));
#1076 = DIRECTION('',(0.,1.110223024625E-16,1.));
#1077 = ADVANCED_FACE('',(#1078),#1128,.T.);
#1078 = FACE_BOUND('',#1079,.T.);
#1079 = EDGE_LOOP('',(#1080,#1090,#1096,#1097,#1098,#1106,#1114,#1122));
#1080 = ORIENTED_EDGE('',*,*,#1081,.T.);
#1081 = EDGE_CURVE('',#1082,#1084,#1086,.T.);
#1082 = VERTEX_POINT('',#1083);
#1083 = CARTESIAN_POINT('',(123.,127.35,36.));
#1084 = VERTEX_POINT('',#1085);
#1085 = CARTESIAN_POINT('',(123.,102.65,36.));
#1086 = LINE('',#1087,#1088);
#1087 = CARTESIAN_POINT('',(123.,127.65,36.));
#1088 = VECTOR('',#1089,1.);
#1089 = DIRECTION('',(0.,-1.,3.330669073875E-16));
#1090 = ORIENTED_EDGE('',*,*,#1091,.F.);
#1091 = EDGE_CURVE('',#1029,#1084,#1092,.T.);
#1092 = LINE('',#1093,#1094);
#1093 = CARTESIAN_POINT('',(86.170226130653,102.65,36.));
#1094 = VECTOR('',#1095,1.);
#1095 = DIRECTION('',(-1.,0.,0.));
#1096 = ORIENTED_EDGE('',*,*,#1036,.T.);
#1097 = ORIENTED_EDGE('',*,*,#1050,.F.);
#1098 = ORIENTED_EDGE('',*,*,#1099,.T.);
#1099 = EDGE_CURVE('',#1051,#1100,#1102,.T.);
#1100 = VERTEX_POINT('',#1101);
#1101 = CARTESIAN_POINT('',(128.57142857142,102.65,36.));
#1102 = LINE('',#1103,#1104);
#1103 = CARTESIAN_POINT('',(128.57142857142,85.066457286432,36.));
#1104 = VECTOR('',#1105,1.);
#1105 = DIRECTION('',(-1.586032892322E-16,-1.,1.110223024625E-16));
#1106 = ORIENTED_EDGE('',*,*,#1107,.F.);
#1107 = EDGE_CURVE('',#1108,#1100,#1110,.T.);
#1108 = VERTEX_POINT('',#1109);
#1109 = CARTESIAN_POINT('',(132.,102.65,36.));
#1110 = LINE('',#1111,#1112);
#1111 = CARTESIAN_POINT('',(86.170226130653,102.65,36.));
#1112 = VECTOR('',#1113,1.);
#1113 = DIRECTION('',(-1.,0.,0.));
#1114 = ORIENTED_EDGE('',*,*,#1115,.T.);
#1115 = EDGE_CURVE('',#1108,#1116,#1118,.T.);
#1116 = VERTEX_POINT('',#1117);
#1117 = CARTESIAN_POINT('',(132.,127.35,36.));
#1118 = LINE('',#1119,#1120);
#1119 = CARTESIAN_POINT('',(132.,-4.35,36.));
#1120 = VECTOR('',#1121,1.);
#1121 = DIRECTION('',(0.,1.,-1.110223024625E-16));
#1122 = ORIENTED_EDGE('',*,*,#1123,.T.);
#1123 = EDGE_CURVE('',#1116,#1082,#1124,.T.);
#1124 = LINE('',#1125,#1126);
#1125 = CARTESIAN_POINT('',(62.420226130653,127.35,36.));
#1126 = VECTOR('',#1127,1.);
#1127 = DIRECTION('',(-1.,0.,0.));
#1128 = PLANE('',#1129);
#1129 = AXIS2_PLACEMENT_3D('',#1130,#1131,#1132);
#1130 = CARTESIAN_POINT('',(62.340452261307,42.982914572864,36.));
#1131 = DIRECTION('',(0.,1.110223024625E-16,1.));
#1132 = DIRECTION('',(1.,0.,0.));
#1133 = ADVANCED_FACE('',(#1134),#1175,.F.);
#1134 = FACE_BOUND('',#1135,.F.);
#1135 = EDGE_LOOP('',(#1136,#1137,#1138,#1146,#1152,#1153,#1161,#1169));
#1136 = ORIENTED_EDGE('',*,*,#1091,.F.);
#1137 = ORIENTED_EDGE('',*,*,#1028,.T.);
#1138 = ORIENTED_EDGE('',*,*,#1139,.T.);
#1139 = EDGE_CURVE('',#1021,#1140,#1142,.T.);
#1140 = VERTEX_POINT('',#1141);
#1141 = CARTESIAN_POINT('',(130.,102.65,38.));
#1142 = LINE('',#1143,#1144);
#1143 = CARTESIAN_POINT('',(120.,102.65,38.));
#1144 = VECTOR('',#1145,1.);
#1145 = DIRECTION('',(1.,0.,0.));
#1146 = ORIENTED_EDGE('',*,*,#1147,.T.);
#1147 = EDGE_CURVE('',#1140,#1100,#1148,.T.);
#1148 = LINE('',#1149,#1150);
#1149 = CARTESIAN_POINT('',(116.64864864864,102.65,19.308108108108));
#1150 = VECTOR('',#1151,1.);
#1151 = DIRECTION('',(-0.581238193719,0.,-0.813733471207));
#1152 = ORIENTED_EDGE('',*,*,#1107,.F.);
#1153 = ORIENTED_EDGE('',*,*,#1154,.F.);
#1154 = EDGE_CURVE('',#1155,#1108,#1157,.T.);
#1155 = VERTEX_POINT('',#1156);
#1156 = CARTESIAN_POINT('',(132.,102.65,23.));
#1157 = LINE('',#1158,#1159);
#1158 = CARTESIAN_POINT('',(132.,102.65,8.5));
#1159 = VECTOR('',#1160,1.);
#1160 = DIRECTION('',(0.,0.,1.));
#1161 = ORIENTED_EDGE('',*,*,#1162,.F.);
#1162 = EDGE_CURVE('',#1163,#1155,#1165,.T.);
#1163 = VERTEX_POINT('',#1164);
#1164 = CARTESIAN_POINT('',(123.,102.65,23.));
#1165 = LINE('',#1166,#1167);
#1166 = CARTESIAN_POINT('',(116.45,102.65,23.));
#1167 = VECTOR('',#1168,1.);
#1168 = DIRECTION('',(1.,0.,0.));
#1169 = ORIENTED_EDGE('',*,*,#1170,.F.);
#1170 = EDGE_CURVE('',#1084,#1163,#1171,.T.);
#1171 = LINE('',#1172,#1173);
#1172 = CARTESIAN_POINT('',(123.,102.65,12.75));
#1173 = VECTOR('',#1174,1.);
#1174 = DIRECTION('',(0.,0.,-1.));
#1175 = PLANE('',#1176);
#1176 = AXIS2_PLACEMENT_3D('',#1177,#1178,#1179);
#1177 = CARTESIAN_POINT('',(110.,102.65,-1.));
#1178 = DIRECTION('',(0.,1.,0.));
#1179 = DIRECTION('',(1.,0.,0.));
#1180 = ADVANCED_FACE('',(#1181),#1192,.F.);
#1181 = FACE_BOUND('',#1182,.F.);
#1182 = EDGE_LOOP('',(#1183,#1184,#1190,#1191));
#1183 = ORIENTED_EDGE('',*,*,#1059,.F.);
#1184 = ORIENTED_EDGE('',*,*,#1185,.T.);
#1185 = EDGE_CURVE('',#1060,#1140,#1186,.T.);
#1186 = LINE('',#1187,#1188);
#1187 = CARTESIAN_POINT('',(130.,127.15,38.));
#1188 = VECTOR('',#1189,1.);
#1189 = DIRECTION('',(0.,-1.,3.330669073875E-16));
#1190 = ORIENTED_EDGE('',*,*,#1139,.F.);
#1191 = ORIENTED_EDGE('',*,*,#1020,.F.);
#1192 = PLANE('',#1193);
#1193 = AXIS2_PLACEMENT_3D('',#1194,#1195,#1196);
#1194 = CARTESIAN_POINT('',(130.,127.15,38.));
#1195 = DIRECTION('',(0.,-3.330669073875E-16,-1.));
#1196 = DIRECTION('',(-1.,0.,0.));
#1197 = ADVANCED_FACE('',(#1198),#1204,.F.);
#1198 = FACE_BOUND('',#1199,.F.);
#1199 = EDGE_LOOP('',(#1200,#1201,#1202,#1203));
#1200 = ORIENTED_EDGE('',*,*,#1067,.F.);
#1201 = ORIENTED_EDGE('',*,*,#1099,.T.);
#1202 = ORIENTED_EDGE('',*,*,#1147,.F.);
#1203 = ORIENTED_EDGE('',*,*,#1185,.F.);
#1204 = PLANE('',#1205);
#1205 = AXIS2_PLACEMENT_3D('',#1206,#1207,#1208);
#1206 = CARTESIAN_POINT('',(128.5,127.15,35.9));
#1207 = DIRECTION('',(-0.813733471207,1.935912076375E-16,0.581238193719)
  );
#1208 = DIRECTION('',(0.581238193719,-9.034256356419E-17,0.813733471207)
  );
#1209 = ADVANCED_FACE('',(#1210,#1260),#1310,.T.);
#1210 = FACE_BOUND('',#1211,.T.);
#1211 = EDGE_LOOP('',(#1212,#1213,#1221,#1229,#1237,#1245,#1253,#1259));
#1212 = ORIENTED_EDGE('',*,*,#1081,.F.);
#1213 = ORIENTED_EDGE('',*,*,#1214,.T.);
#1214 = EDGE_CURVE('',#1082,#1215,#1217,.T.);
#1215 = VERTEX_POINT('',#1216);
#1216 = CARTESIAN_POINT('',(123.,127.35,7.));
#1217 = LINE('',#1218,#1219);
#1218 = CARTESIAN_POINT('',(123.,127.35,26.25));
#1219 = VECTOR('',#1220,1.);
#1220 = DIRECTION('',(0.,-3.885780586188E-16,-1.));
#1221 = ORIENTED_EDGE('',*,*,#1222,.T.);
#1222 = EDGE_CURVE('',#1215,#1223,#1225,.T.);
#1223 = VERTEX_POINT('',#1224);
#1224 = CARTESIAN_POINT('',(123.,102.65,7.));
#1225 = LINE('',#1226,#1227);
#1226 = CARTESIAN_POINT('',(123.,127.65,7.));
#1227 = VECTOR('',#1228,1.);
#1228 = DIRECTION('',(0.,-1.,1.110223024625E-16));
#1229 = ORIENTED_EDGE('',*,*,#1230,.F.);
#1230 = EDGE_CURVE('',#1231,#1223,#1233,.T.);
#1231 = VERTEX_POINT('',#1232);
#1232 = CARTESIAN_POINT('',(123.,102.65,10.));
#1233 = LINE('',#1234,#1235);
#1234 = CARTESIAN_POINT('',(123.,102.65,12.75));
#1235 = VECTOR('',#1236,1.);
#1236 = DIRECTION('',(0.,0.,-1.));
#1237 = ORIENTED_EDGE('',*,*,#1238,.T.);
#1238 = EDGE_CURVE('',#1231,#1239,#1241,.T.);
#1239 = VERTEX_POINT('',#1240);
#1240 = CARTESIAN_POINT('',(123.,103.65,10.));
#1241 = LINE('',#1242,#1243);
#1242 = CARTESIAN_POINT('',(123.,75.733333333333,10.));
#1243 = VECTOR('',#1244,1.);
#1244 = DIRECTION('',(0.,1.,1.110223024625E-16));
#1245 = ORIENTED_EDGE('',*,*,#1246,.T.);
#1246 = EDGE_CURVE('',#1239,#1247,#1249,.T.);
#1247 = VERTEX_POINT('',#1248);
#1248 = CARTESIAN_POINT('',(123.,103.65,22.));
#1249 = LINE('',#1250,#1251);
#1250 = CARTESIAN_POINT('',(123.,103.65,18.25));
#1251 = VECTOR('',#1252,1.);
#1252 = DIRECTION('',(0.,-1.110223024625E-16,1.));
#1253 = ORIENTED_EDGE('',*,*,#1254,.T.);
#1254 = EDGE_CURVE('',#1247,#1163,#1255,.T.);
#1255 = LINE('',#1256,#1257);
#1256 = CARTESIAN_POINT('',(123.,92.566666666667,33.083333333333));
#1257 = VECTOR('',#1258,1.);
#1258 = DIRECTION('',(0.,-0.707106781187,0.707106781187));
#1259 = ORIENTED_EDGE('',*,*,#1170,.F.);
#1260 = FACE_BOUND('',#1261,.T.);
#1261 = EDGE_LOOP('',(#1262,#1272,#1280,#1288,#1296,#1304));
#1262 = ORIENTED_EDGE('',*,*,#1263,.T.);
#1263 = EDGE_CURVE('',#1264,#1266,#1268,.T.);
#1264 = VERTEX_POINT('',#1265);
#1265 = CARTESIAN_POINT('',(123.,107.65,22.));
#1266 = VERTEX_POINT('',#1267);
#1267 = CARTESIAN_POINT('',(123.,107.65,10.));
#1268 = LINE('',#1269,#1270);
#1269 = CARTESIAN_POINT('',(123.,107.65,24.25));
#1270 = VECTOR('',#1271,1.);
#1271 = DIRECTION('',(0.,1.110223024625E-16,-1.));
#1272 = ORIENTED_EDGE('',*,*,#1273,.T.);
#1273 = EDGE_CURVE('',#1266,#1274,#1276,.T.);
#1274 = VERTEX_POINT('',#1275);
#1275 = CARTESIAN_POINT('',(123.,123.65,10.));
#1276 = LINE('',#1277,#1278);
#1277 = CARTESIAN_POINT('',(123.,85.733333333333,10.));
#1278 = VECTOR('',#1279,1.);
#1279 = DIRECTION('',(0.,1.,1.110223024625E-16));
#1280 = ORIENTED_EDGE('',*,*,#1281,.T.);
#1281 = EDGE_CURVE('',#1274,#1282,#1284,.T.);
#1282 = VERTEX_POINT('',#1283);
#1283 = CARTESIAN_POINT('',(123.,123.65,22.));
#1284 = LINE('',#1285,#1286);
#1285 = CARTESIAN_POINT('',(123.,123.65,18.25));
#1286 = VECTOR('',#1287,1.);
#1287 = DIRECTION('',(0.,-1.110223024625E-16,1.));
#1288 = ORIENTED_EDGE('',*,*,#1289,.T.);
#1289 = EDGE_CURVE('',#1282,#1290,#1292,.T.);
#1290 = VERTEX_POINT('',#1291);
#1291 = CARTESIAN_POINT('',(123.,117.65,28.));
#1292 = LINE('',#1293,#1294);
#1293 = CARTESIAN_POINT('',(123.,107.56666666666,38.083333333333));
#1294 = VECTOR('',#1295,1.);
#1295 = DIRECTION('',(0.,-0.707106781187,0.707106781187));
#1296 = ORIENTED_EDGE('',*,*,#1297,.T.);
#1297 = EDGE_CURVE('',#1290,#1298,#1300,.T.);
#1298 = VERTEX_POINT('',#1299);
#1299 = CARTESIAN_POINT('',(123.,113.65,28.));
#1300 = LINE('',#1301,#1302);
#1301 = CARTESIAN_POINT('',(123.,90.733333333333,28.));
#1302 = VECTOR('',#1303,1.);
#1303 = DIRECTION('',(0.,-1.,-1.110223024625E-16));
#1304 = ORIENTED_EDGE('',*,*,#1305,.T.);
#1305 = EDGE_CURVE('',#1298,#1264,#1306,.T.);
#1306 = LINE('',#1307,#1308);
#1307 = CARTESIAN_POINT('',(123.,100.81666666666,15.166666666667));
#1308 = VECTOR('',#1309,1.);
#1309 = DIRECTION('',(0.,-0.707106781187,-0.707106781187));
#1310 = PLANE('',#1311);
#1311 = AXIS2_PLACEMENT_3D('',#1312,#1313,#1314);
#1312 = CARTESIAN_POINT('',(123.,63.816666666667,26.5));
#1313 = DIRECTION('',(-1.,-0.,0.));
#1314 = DIRECTION('',(0.,-1.110223024625E-16,-1.));
#1315 = ADVANCED_FACE('',(#1316),#1358,.T.);
#1316 = FACE_BOUND('',#1317,.T.);
#1317 = EDGE_LOOP('',(#1318,#1319,#1327,#1335,#1343,#1351,#1357));
#1318 = ORIENTED_EDGE('',*,*,#1123,.F.);
#1319 = ORIENTED_EDGE('',*,*,#1320,.F.);
#1320 = EDGE_CURVE('',#1321,#1116,#1323,.T.);
#1321 = VERTEX_POINT('',#1322);
#1322 = CARTESIAN_POINT('',(132.,127.35,4.));
#1323 = LINE('',#1324,#1325);
#1324 = CARTESIAN_POINT('',(132.,127.35,22.));
#1325 = VECTOR('',#1326,1.);
#1326 = DIRECTION('',(0.,3.885780586188E-16,1.));
#1327 = ORIENTED_EDGE('',*,*,#1328,.F.);
#1328 = EDGE_CURVE('',#1329,#1321,#1331,.T.);
#1329 = VERTEX_POINT('',#1330);
#1330 = CARTESIAN_POINT('',(128.,127.35,0.));
#1331 = LINE('',#1332,#1333);
#1332 = CARTESIAN_POINT('',(120.125,127.35,-7.875));
#1333 = VECTOR('',#1334,1.);
#1334 = DIRECTION('',(0.707106781187,3.330669073875E-16,0.707106781187)
  );
#1335 = ORIENTED_EDGE('',*,*,#1336,.F.);
#1336 = EDGE_CURVE('',#1337,#1329,#1339,.T.);
#1337 = VERTEX_POINT('',#1338);
#1338 = CARTESIAN_POINT('',(113.,127.35,5.684341886081E-14));
#1339 = LINE('',#1340,#1341);
#1340 = CARTESIAN_POINT('',(62.486767746382,127.35,5.684341886081E-14));
#1341 = VECTOR('',#1342,1.);
#1342 = DIRECTION('',(1.,0.,0.));
#1343 = ORIENTED_EDGE('',*,*,#1344,.T.);
#1344 = EDGE_CURVE('',#1337,#1345,#1347,.T.);
#1345 = VERTEX_POINT('',#1346);
#1346 = CARTESIAN_POINT('',(113.,127.35,7.));
#1347 = LINE('',#1348,#1349);
#1348 = CARTESIAN_POINT('',(113.,127.35,13.));
#1349 = VECTOR('',#1350,1.);
#1350 = DIRECTION('',(0.,3.885780586188E-16,1.));
#1351 = ORIENTED_EDGE('',*,*,#1352,.F.);
#1352 = EDGE_CURVE('',#1215,#1345,#1353,.T.);
#1353 = LINE('',#1354,#1355);
#1354 = CARTESIAN_POINT('',(92.5,127.35,7.));
#1355 = VECTOR('',#1356,1.);
#1356 = DIRECTION('',(-1.,0.,0.));
#1357 = ORIENTED_EDGE('',*,*,#1214,.F.);
#1358 = PLANE('',#1359);
#1359 = AXIS2_PLACEMENT_3D('',#1360,#1361,#1362);
#1360 = CARTESIAN_POINT('',(62.5,127.35,26.));
#1361 = DIRECTION('',(0.,1.,-3.885780586188E-16));
#1362 = DIRECTION('',(0.,3.885780586188E-16,1.));
#1363 = ADVANCED_FACE('',(#1364),#1487,.T.);
#1364 = FACE_BOUND('',#1365,.T.);
#1365 = EDGE_LOOP('',(#1366,#1367,#1368,#1376,#1384,#1392,#1400,#1408,
    #1416,#1424,#1432,#1440,#1448,#1456,#1464,#1472,#1480,#1486));
#1366 = ORIENTED_EDGE('',*,*,#1115,.F.);
#1367 = ORIENTED_EDGE('',*,*,#1154,.F.);
#1368 = ORIENTED_EDGE('',*,*,#1369,.T.);
#1369 = EDGE_CURVE('',#1155,#1370,#1372,.T.);
#1370 = VERTEX_POINT('',#1371);
#1371 = CARTESIAN_POINT('',(132.,103.65,22.));
#1372 = LINE('',#1373,#1374);
#1373 = CARTESIAN_POINT('',(132.,94.15,31.5));
#1374 = VECTOR('',#1375,1.);
#1375 = DIRECTION('',(0.,0.707106781187,-0.707106781187));
#1376 = ORIENTED_EDGE('',*,*,#1377,.T.);
#1377 = EDGE_CURVE('',#1370,#1378,#1380,.T.);
#1378 = VERTEX_POINT('',#1379);
#1379 = CARTESIAN_POINT('',(132.,103.65,10.));
#1380 = LINE('',#1381,#1382);
#1381 = CARTESIAN_POINT('',(132.,103.65,14.));
#1382 = VECTOR('',#1383,1.);
#1383 = DIRECTION('',(0.,1.110223024625E-16,-1.));
#1384 = ORIENTED_EDGE('',*,*,#1385,.T.);
#1385 = EDGE_CURVE('',#1378,#1386,#1388,.T.);
#1386 = VERTEX_POINT('',#1387);
#1387 = CARTESIAN_POINT('',(132.,102.65,10.));
#1388 = LINE('',#1389,#1390);
#1389 = CARTESIAN_POINT('',(132.,74.65,10.));
#1390 = VECTOR('',#1391,1.);
#1391 = DIRECTION('',(0.,-1.,-1.110223024625E-16));
#1392 = ORIENTED_EDGE('',*,*,#1393,.F.);
#1393 = EDGE_CURVE('',#1394,#1386,#1396,.T.);
#1394 = VERTEX_POINT('',#1395);
#1395 = CARTESIAN_POINT('',(132.,102.65,4.));
#1396 = LINE('',#1397,#1398);
#1397 = CARTESIAN_POINT('',(132.,102.65,8.5));
#1398 = VECTOR('',#1399,1.);
#1399 = DIRECTION('',(0.,0.,1.));
#1400 = ORIENTED_EDGE('',*,*,#1401,.F.);
#1401 = EDGE_CURVE('',#1402,#1394,#1404,.T.);
#1402 = VERTEX_POINT('',#1403);
#1403 = CARTESIAN_POINT('',(132.,104.65,4.));
#1404 = LINE('',#1405,#1406);
#1405 = CARTESIAN_POINT('',(132.,128.65,4.));
#1406 = VECTOR('',#1407,1.);
#1407 = DIRECTION('',(0.,-1.,2.775557561563E-16));
#1408 = ORIENTED_EDGE('',*,*,#1409,.T.);
#1409 = EDGE_CURVE('',#1402,#1410,#1412,.T.);
#1410 = VERTEX_POINT('',#1411);
#1411 = CARTESIAN_POINT('',(132.,104.65,17.));
#1412 = LINE('',#1413,#1414);
#1413 = CARTESIAN_POINT('',(132.,104.65,13.767291707299));
#1414 = VECTOR('',#1415,1.);
#1415 = DIRECTION('',(0.,0.,1.));
#1416 = ORIENTED_EDGE('',*,*,#1417,.T.);
#1417 = EDGE_CURVE('',#1410,#1418,#1420,.T.);
#1418 = VERTEX_POINT('',#1419);
#1419 = CARTESIAN_POINT('',(132.,107.65,17.));
#1420 = LINE('',#1421,#1422);
#1421 = CARTESIAN_POINT('',(132.,89.15,17.));
#1422 = VECTOR('',#1423,1.);
#1423 = DIRECTION('',(0.,1.,-2.22044604925E-16));
#1424 = ORIENTED_EDGE('',*,*,#1425,.T.);
#1425 = EDGE_CURVE('',#1418,#1426,#1428,.T.);
#1426 = VERTEX_POINT('',#1427);
#1427 = CARTESIAN_POINT('',(132.,107.65,22.));
#1428 = LINE('',#1429,#1430);
#1429 = CARTESIAN_POINT('',(132.,107.65,20.));
#1430 = VECTOR('',#1431,1.);
#1431 = DIRECTION('',(0.,-1.110223024625E-16,1.));
#1432 = ORIENTED_EDGE('',*,*,#1433,.T.);
#1433 = EDGE_CURVE('',#1426,#1434,#1436,.T.);
#1434 = VERTEX_POINT('',#1435);
#1435 = CARTESIAN_POINT('',(132.,113.65,28.));
#1436 = LINE('',#1437,#1438);
#1437 = CARTESIAN_POINT('',(132.,98.15,12.5));
#1438 = VECTOR('',#1439,1.);
#1439 = DIRECTION('',(0.,0.707106781187,0.707106781187));
#1440 = ORIENTED_EDGE('',*,*,#1441,.T.);
#1441 = EDGE_CURVE('',#1434,#1442,#1444,.T.);
#1442 = VERTEX_POINT('',#1443);
#1443 = CARTESIAN_POINT('',(132.,117.65,28.));
#1444 = LINE('',#1445,#1446);
#1445 = CARTESIAN_POINT('',(132.,89.65,28.));
#1446 = VECTOR('',#1447,1.);
#1447 = DIRECTION('',(0.,1.,1.110223024625E-16));
#1448 = ORIENTED_EDGE('',*,*,#1449,.T.);
#1449 = EDGE_CURVE('',#1442,#1450,#1452,.T.);
#1450 = VERTEX_POINT('',#1451);
#1451 = CARTESIAN_POINT('',(132.,123.65,22.));
#1452 = LINE('',#1453,#1454);
#1453 = CARTESIAN_POINT('',(132.,109.15,36.5));
#1454 = VECTOR('',#1455,1.);
#1455 = DIRECTION('',(0.,0.707106781187,-0.707106781187));
#1456 = ORIENTED_EDGE('',*,*,#1457,.T.);
#1457 = EDGE_CURVE('',#1450,#1458,#1460,.T.);
#1458 = VERTEX_POINT('',#1459);
#1459 = CARTESIAN_POINT('',(132.,123.65,10.));
#1460 = LINE('',#1461,#1462);
#1461 = CARTESIAN_POINT('',(132.,123.65,14.));
#1462 = VECTOR('',#1463,1.);
#1463 = DIRECTION('',(0.,1.110223024625E-16,-1.));
#1464 = ORIENTED_EDGE('',*,*,#1465,.T.);
#1465 = EDGE_CURVE('',#1458,#1466,#1468,.T.);
#1466 = VERTEX_POINT('',#1467);
#1467 = CARTESIAN_POINT('',(132.,116.65,10.));
#1468 = LINE('',#1469,#1470);
#1469 = CARTESIAN_POINT('',(132.,84.65,10.));
#1470 = VECTOR('',#1471,1.);
#1471 = DIRECTION('',(0.,-1.,-1.110223024625E-16));
#1472 = ORIENTED_EDGE('',*,*,#1473,.F.);
#1473 = EDGE_CURVE('',#1474,#1466,#1476,.T.);
#1474 = VERTEX_POINT('',#1475);
#1475 = CARTESIAN_POINT('',(132.,116.65,4.));
#1476 = LINE('',#1477,#1478);
#1477 = CARTESIAN_POINT('',(132.,116.65,13.767291707299));
#1478 = VECTOR('',#1479,1.);
#1479 = DIRECTION('',(0.,0.,1.));
#1480 = ORIENTED_EDGE('',*,*,#1481,.F.);
#1481 = EDGE_CURVE('',#1321,#1474,#1482,.T.);
#1482 = LINE('',#1483,#1484);
#1483 = CARTESIAN_POINT('',(132.,128.65,4.));
#1484 = VECTOR('',#1485,1.);
#1485 = DIRECTION('',(0.,-1.,2.775557561563E-16));
#1486 = ORIENTED_EDGE('',*,*,#1320,.T.);
#1487 = PLANE('',#1488);
#1488 = AXIS2_PLACEMENT_3D('',#1489,#1490,#1491);
#1489 = CARTESIAN_POINT('',(132.,61.65,18.));
#1490 = DIRECTION('',(1.,0.,0.));
#1491 = DIRECTION('',(0.,1.110223024625E-16,1.));
#1492 = ADVANCED_FACE('',(#1493),#1504,.T.);
#1493 = FACE_BOUND('',#1494,.T.);
#1494 = EDGE_LOOP('',(#1495,#1496,#1502,#1503));
#1495 = ORIENTED_EDGE('',*,*,#1254,.F.);
#1496 = ORIENTED_EDGE('',*,*,#1497,.T.);
#1497 = EDGE_CURVE('',#1247,#1370,#1498,.T.);
#1498 = LINE('',#1499,#1500);
#1499 = CARTESIAN_POINT('',(122.9,103.65,22.));
#1500 = VECTOR('',#1501,1.);
#1501 = DIRECTION('',(1.,0.,0.));
#1502 = ORIENTED_EDGE('',*,*,#1369,.F.);
#1503 = ORIENTED_EDGE('',*,*,#1162,.F.);
#1504 = PLANE('',#1505);
#1505 = AXIS2_PLACEMENT_3D('',#1506,#1507,#1508);
#1506 = CARTESIAN_POINT('',(122.9,103.65,22.));
#1507 = DIRECTION('',(0.,-0.707106781187,-0.707106781187));
#1508 = DIRECTION('',(4.710277376051E-16,-0.707106781187,0.707106781187)
  );
#1509 = ADVANCED_FACE('',(#1510),#1521,.T.);
#1510 = FACE_BOUND('',#1511,.T.);
#1511 = EDGE_LOOP('',(#1512,#1513,#1519,#1520));
#1512 = ORIENTED_EDGE('',*,*,#1246,.F.);
#1513 = ORIENTED_EDGE('',*,*,#1514,.T.);
#1514 = EDGE_CURVE('',#1239,#1378,#1515,.T.);
#1515 = LINE('',#1516,#1517);
#1516 = CARTESIAN_POINT('',(122.9,103.65,10.));
#1517 = VECTOR('',#1518,1.);
#1518 = DIRECTION('',(1.,0.,0.));
#1519 = ORIENTED_EDGE('',*,*,#1377,.F.);
#1520 = ORIENTED_EDGE('',*,*,#1497,.F.);
#1521 = PLANE('',#1522);
#1522 = AXIS2_PLACEMENT_3D('',#1523,#1524,#1525);
#1523 = CARTESIAN_POINT('',(122.9,103.65,10.));
#1524 = DIRECTION('',(0.,-1.,-1.110223024625E-16));
#1525 = DIRECTION('',(2.22044604925E-16,-1.110223024625E-16,1.));
#1526 = ADVANCED_FACE('',(#1527),#1538,.T.);
#1527 = FACE_BOUND('',#1528,.T.);
#1528 = EDGE_LOOP('',(#1529,#1530,#1536,#1537));
#1529 = ORIENTED_EDGE('',*,*,#1238,.F.);
#1530 = ORIENTED_EDGE('',*,*,#1531,.F.);
#1531 = EDGE_CURVE('',#1386,#1231,#1532,.T.);
#1532 = LINE('',#1533,#1534);
#1533 = CARTESIAN_POINT('',(116.45,102.65,10.));
#1534 = VECTOR('',#1535,1.);
#1535 = DIRECTION('',(-1.,0.,0.));
#1536 = ORIENTED_EDGE('',*,*,#1385,.F.);
#1537 = ORIENTED_EDGE('',*,*,#1514,.F.);
#1538 = PLANE('',#1539);
#1539 = AXIS2_PLACEMENT_3D('',#1540,#1541,#1542);
#1540 = CARTESIAN_POINT('',(122.9,87.65,10.));
#1541 = DIRECTION('',(0.,-1.110223024625E-16,1.));
#1542 = DIRECTION('',(-4.440892098501E-16,1.,1.110223024625E-16));
#1543 = ADVANCED_FACE('',(#1544),#1579,.F.);
#1544 = FACE_BOUND('',#1545,.F.);
#1545 = EDGE_LOOP('',(#1546,#1547,#1548,#1549,#1557,#1565,#1573));
#1546 = ORIENTED_EDGE('',*,*,#1230,.F.);
#1547 = ORIENTED_EDGE('',*,*,#1531,.F.);
#1548 = ORIENTED_EDGE('',*,*,#1393,.F.);
#1549 = ORIENTED_EDGE('',*,*,#1550,.F.);
#1550 = EDGE_CURVE('',#1551,#1394,#1553,.T.);
#1551 = VERTEX_POINT('',#1552);
#1552 = CARTESIAN_POINT('',(128.,102.65,0.));
#1553 = LINE('',#1554,#1555);
#1554 = CARTESIAN_POINT('',(125.25,102.65,-2.75));
#1555 = VECTOR('',#1556,1.);
#1556 = DIRECTION('',(0.707106781187,0.,0.707106781187));
#1557 = ORIENTED_EDGE('',*,*,#1558,.F.);
#1558 = EDGE_CURVE('',#1559,#1551,#1561,.T.);
#1559 = VERTEX_POINT('',#1560);
#1560 = CARTESIAN_POINT('',(113.,102.65,5.684341886081E-14));
#1561 = LINE('',#1562,#1563);
#1562 = CARTESIAN_POINT('',(86.236767746382,102.65,5.684341886081E-14));
#1563 = VECTOR('',#1564,1.);
#1564 = DIRECTION('',(1.,0.,0.));
#1565 = ORIENTED_EDGE('',*,*,#1566,.T.);
#1566 = EDGE_CURVE('',#1559,#1567,#1569,.T.);
#1567 = VERTEX_POINT('',#1568);
#1568 = CARTESIAN_POINT('',(113.,102.65,7.));
#1569 = LINE('',#1570,#1571);
#1570 = CARTESIAN_POINT('',(113.,102.65,-0.5));
#1571 = VECTOR('',#1572,1.);
#1572 = DIRECTION('',(0.,0.,1.));
#1573 = ORIENTED_EDGE('',*,*,#1574,.F.);
#1574 = EDGE_CURVE('',#1223,#1567,#1575,.T.);
#1575 = LINE('',#1576,#1577);
#1576 = CARTESIAN_POINT('',(116.25,102.65,7.));
#1577 = VECTOR('',#1578,1.);
#1578 = DIRECTION('',(-1.,0.,0.));
#1579 = PLANE('',#1580);
#1580 = AXIS2_PLACEMENT_3D('',#1581,#1582,#1583);
#1581 = CARTESIAN_POINT('',(110.,102.65,-1.));
#1582 = DIRECTION('',(0.,1.,0.));
#1583 = DIRECTION('',(1.,0.,0.));
#1584 = ADVANCED_FACE('',(#1585),#1596,.T.);
#1585 = FACE_BOUND('',#1586,.T.);
#1586 = EDGE_LOOP('',(#1587,#1588,#1589,#1595));
#1587 = ORIENTED_EDGE('',*,*,#1222,.F.);
#1588 = ORIENTED_EDGE('',*,*,#1352,.T.);
#1589 = ORIENTED_EDGE('',*,*,#1590,.T.);
#1590 = EDGE_CURVE('',#1345,#1567,#1591,.T.);
#1591 = LINE('',#1592,#1593);
#1592 = CARTESIAN_POINT('',(113.,127.65,7.));
#1593 = VECTOR('',#1594,1.);
#1594 = DIRECTION('',(0.,-1.,1.110223024625E-16));
#1595 = ORIENTED_EDGE('',*,*,#1574,.F.);
#1596 = PLANE('',#1597);
#1597 = AXIS2_PLACEMENT_3D('',#1598,#1599,#1600);
#1598 = CARTESIAN_POINT('',(122.5,61.65,7.));
#1599 = DIRECTION('',(0.,1.110223024625E-16,1.));
#1600 = DIRECTION('',(1.,0.,0.));
#1601 = ADVANCED_FACE('',(#1602),#1634,.T.);
#1602 = FACE_BOUND('',#1603,.T.);
#1603 = EDGE_LOOP('',(#1604,#1605,#1611,#1612,#1620,#1628));
#1604 = ORIENTED_EDGE('',*,*,#1263,.F.);
#1605 = ORIENTED_EDGE('',*,*,#1606,.T.);
#1606 = EDGE_CURVE('',#1264,#1426,#1607,.T.);
#1607 = LINE('',#1608,#1609);
#1608 = CARTESIAN_POINT('',(122.9,107.65,22.));
#1609 = VECTOR('',#1610,1.);
#1610 = DIRECTION('',(1.,0.,0.));
#1611 = ORIENTED_EDGE('',*,*,#1425,.F.);
#1612 = ORIENTED_EDGE('',*,*,#1613,.T.);
#1613 = EDGE_CURVE('',#1418,#1614,#1616,.T.);
#1614 = VERTEX_POINT('',#1615);
#1615 = CARTESIAN_POINT('',(129.,107.65,17.));
#1616 = LINE('',#1617,#1618);
#1617 = CARTESIAN_POINT('',(131.45,107.65,17.));
#1618 = VECTOR('',#1619,1.);
#1619 = DIRECTION('',(-1.,0.,0.));
#1620 = ORIENTED_EDGE('',*,*,#1621,.T.);
#1621 = EDGE_CURVE('',#1614,#1622,#1624,.T.);
#1622 = VERTEX_POINT('',#1623);
#1623 = CARTESIAN_POINT('',(129.,107.65,10.));
#1624 = LINE('',#1625,#1626);
#1625 = CARTESIAN_POINT('',(129.,107.65,19.5));
#1626 = VECTOR('',#1627,1.);
#1627 = DIRECTION('',(0.,1.110223024625E-16,-1.));
#1628 = ORIENTED_EDGE('',*,*,#1629,.F.);
#1629 = EDGE_CURVE('',#1266,#1622,#1630,.T.);
#1630 = LINE('',#1631,#1632);
#1631 = CARTESIAN_POINT('',(122.9,107.65,10.));
#1632 = VECTOR('',#1633,1.);
#1633 = DIRECTION('',(1.,0.,0.));
#1634 = PLANE('',#1635);
#1635 = AXIS2_PLACEMENT_3D('',#1636,#1637,#1638);
#1636 = CARTESIAN_POINT('',(122.9,107.65,22.));
#1637 = DIRECTION('',(0.,1.,1.110223024625E-16));
#1638 = DIRECTION('',(-2.22044604925E-16,1.110223024625E-16,-1.));
#1639 = ADVANCED_FACE('',(#1640),#1651,.T.);
#1640 = FACE_BOUND('',#1641,.T.);
#1641 = EDGE_LOOP('',(#1642,#1643,#1649,#1650));
#1642 = ORIENTED_EDGE('',*,*,#1305,.F.);
#1643 = ORIENTED_EDGE('',*,*,#1644,.T.);
#1644 = EDGE_CURVE('',#1298,#1434,#1645,.T.);
#1645 = LINE('',#1646,#1647);
#1646 = CARTESIAN_POINT('',(122.9,113.65,28.));
#1647 = VECTOR('',#1648,1.);
#1648 = DIRECTION('',(1.,0.,0.));
#1649 = ORIENTED_EDGE('',*,*,#1433,.F.);
#1650 = ORIENTED_EDGE('',*,*,#1606,.F.);
#1651 = PLANE('',#1652);
#1652 = AXIS2_PLACEMENT_3D('',#1653,#1654,#1655);
#1653 = CARTESIAN_POINT('',(122.9,113.65,28.));
#1654 = DIRECTION('',(0.,0.707106781187,-0.707106781187));
#1655 = DIRECTION('',(1.570092458684E-16,-0.707106781187,-0.707106781187
    ));
#1656 = ADVANCED_FACE('',(#1657),#1682,.T.);
#1657 = FACE_BOUND('',#1658,.T.);
#1658 = EDGE_LOOP('',(#1659,#1660,#1661,#1669,#1675,#1676));
#1659 = ORIENTED_EDGE('',*,*,#1273,.F.);
#1660 = ORIENTED_EDGE('',*,*,#1629,.T.);
#1661 = ORIENTED_EDGE('',*,*,#1662,.T.);
#1662 = EDGE_CURVE('',#1622,#1663,#1665,.T.);
#1663 = VERTEX_POINT('',#1664);
#1664 = CARTESIAN_POINT('',(129.,116.65,10.));
#1665 = LINE('',#1666,#1667);
#1666 = CARTESIAN_POINT('',(129.,112.15,10.));
#1667 = VECTOR('',#1668,1.);
#1668 = DIRECTION('',(0.,1.,1.110223024625E-16));
#1669 = ORIENTED_EDGE('',*,*,#1670,.F.);
#1670 = EDGE_CURVE('',#1466,#1663,#1671,.T.);
#1671 = LINE('',#1672,#1673);
#1672 = CARTESIAN_POINT('',(128.31969775335,116.65,10.));
#1673 = VECTOR('',#1674,1.);
#1674 = DIRECTION('',(-1.,0.,0.));
#1675 = ORIENTED_EDGE('',*,*,#1465,.F.);
#1676 = ORIENTED_EDGE('',*,*,#1677,.F.);
#1677 = EDGE_CURVE('',#1274,#1458,#1678,.T.);
#1678 = LINE('',#1679,#1680);
#1679 = CARTESIAN_POINT('',(122.9,123.65,10.));
#1680 = VECTOR('',#1681,1.);
#1681 = DIRECTION('',(1.,0.,0.));
#1682 = PLANE('',#1683);
#1683 = AXIS2_PLACEMENT_3D('',#1684,#1685,#1686);
#1684 = CARTESIAN_POINT('',(122.9,107.65,10.));
#1685 = DIRECTION('',(0.,-1.110223024625E-16,1.));
#1686 = DIRECTION('',(-4.440892098501E-16,1.,1.110223024625E-16));
#1687 = ADVANCED_FACE('',(#1688),#1699,.T.);
#1688 = FACE_BOUND('',#1689,.T.);
#1689 = EDGE_LOOP('',(#1690,#1691,#1697,#1698));
#1690 = ORIENTED_EDGE('',*,*,#1297,.F.);
#1691 = ORIENTED_EDGE('',*,*,#1692,.T.);
#1692 = EDGE_CURVE('',#1290,#1442,#1693,.T.);
#1693 = LINE('',#1694,#1695);
#1694 = CARTESIAN_POINT('',(122.9,117.65,28.));
#1695 = VECTOR('',#1696,1.);
#1696 = DIRECTION('',(1.,0.,0.));
#1697 = ORIENTED_EDGE('',*,*,#1441,.F.);
#1698 = ORIENTED_EDGE('',*,*,#1644,.F.);
#1699 = PLANE('',#1700);
#1700 = AXIS2_PLACEMENT_3D('',#1701,#1702,#1703);
#1701 = CARTESIAN_POINT('',(122.9,117.65,28.));
#1702 = DIRECTION('',(0.,1.110223024625E-16,-1.));
#1703 = DIRECTION('',(4.440892098501E-16,-1.,-1.110223024625E-16));
#1704 = ADVANCED_FACE('',(#1705),#1716,.T.);
#1705 = FACE_BOUND('',#1706,.T.);
#1706 = EDGE_LOOP('',(#1707,#1708,#1709,#1710));
#1707 = ORIENTED_EDGE('',*,*,#1281,.F.);
#1708 = ORIENTED_EDGE('',*,*,#1677,.T.);
#1709 = ORIENTED_EDGE('',*,*,#1457,.F.);
#1710 = ORIENTED_EDGE('',*,*,#1711,.F.);
#1711 = EDGE_CURVE('',#1282,#1450,#1712,.T.);
#1712 = LINE('',#1713,#1714);
#1713 = CARTESIAN_POINT('',(122.9,123.65,22.));
#1714 = VECTOR('',#1715,1.);
#1715 = DIRECTION('',(1.,0.,0.));
#1716 = PLANE('',#1717);
#1717 = AXIS2_PLACEMENT_3D('',#1718,#1719,#1720);
#1718 = CARTESIAN_POINT('',(122.9,123.65,10.));
#1719 = DIRECTION('',(0.,-1.,-1.110223024625E-16));
#1720 = DIRECTION('',(2.22044604925E-16,-1.110223024625E-16,1.));
#1721 = ADVANCED_FACE('',(#1722),#1728,.T.);
#1722 = FACE_BOUND('',#1723,.T.);
#1723 = EDGE_LOOP('',(#1724,#1725,#1726,#1727));
#1724 = ORIENTED_EDGE('',*,*,#1289,.F.);
#1725 = ORIENTED_EDGE('',*,*,#1711,.T.);
#1726 = ORIENTED_EDGE('',*,*,#1449,.F.);
#1727 = ORIENTED_EDGE('',*,*,#1692,.F.);
#1728 = PLANE('',#1729);
#1729 = AXIS2_PLACEMENT_3D('',#1730,#1731,#1732);
#1730 = CARTESIAN_POINT('',(122.9,123.65,22.));
#1731 = DIRECTION('',(0.,-0.707106781187,-0.707106781187));
#1732 = DIRECTION('',(4.710277376051E-16,-0.707106781187,0.707106781187)
  );
#1733 = ADVANCED_FACE('',(#1734),#1809,.F.);
#1734 = FACE_BOUND('',#1735,.F.);
#1735 = EDGE_LOOP('',(#1736,#1744,#1745,#1746,#1747,#1755,#1763,#1771,
    #1779,#1787,#1795,#1803));
#1736 = ORIENTED_EDGE('',*,*,#1737,.F.);
#1737 = EDGE_CURVE('',#1337,#1738,#1740,.T.);
#1738 = VERTEX_POINT('',#1739);
#1739 = CARTESIAN_POINT('',(113.,118.05,5.684341886081E-14));
#1740 = LINE('',#1741,#1742);
#1741 = CARTESIAN_POINT('',(113.,127.65,4.951594689828E-14));
#1742 = VECTOR('',#1743,1.);
#1743 = DIRECTION('',(0.,-1.,1.110223024625E-16));
#1744 = ORIENTED_EDGE('',*,*,#1344,.T.);
#1745 = ORIENTED_EDGE('',*,*,#1590,.T.);
#1746 = ORIENTED_EDGE('',*,*,#1566,.F.);
#1747 = ORIENTED_EDGE('',*,*,#1748,.F.);
#1748 = EDGE_CURVE('',#1749,#1559,#1751,.T.);
#1749 = VERTEX_POINT('',#1750);
#1750 = CARTESIAN_POINT('',(113.,103.65,5.684341886081E-14));
#1751 = LINE('',#1752,#1753);
#1752 = CARTESIAN_POINT('',(113.,127.65,4.951594689828E-14));
#1753 = VECTOR('',#1754,1.);
#1754 = DIRECTION('',(0.,-1.,1.110223024625E-16));
#1755 = ORIENTED_EDGE('',*,*,#1756,.T.);
#1756 = EDGE_CURVE('',#1749,#1757,#1759,.T.);
#1757 = VERTEX_POINT('',#1758);
#1758 = CARTESIAN_POINT('',(113.,103.65,3.));
#1759 = LINE('',#1760,#1761);
#1760 = CARTESIAN_POINT('',(113.,103.65,5.684341886081E-14));
#1761 = VECTOR('',#1762,1.);
#1762 = DIRECTION('',(0.,1.110223024625E-16,1.));
#1763 = ORIENTED_EDGE('',*,*,#1764,.F.);
#1764 = EDGE_CURVE('',#1765,#1757,#1767,.T.);
#1765 = VERTEX_POINT('',#1766);
#1766 = CARTESIAN_POINT('',(113.,106.05,3.));
#1767 = LINE('',#1768,#1769);
#1768 = CARTESIAN_POINT('',(113.,116.25,3.));
#1769 = VECTOR('',#1770,1.);
#1770 = DIRECTION('',(0.,-1.,1.110223024625E-16));
#1771 = ORIENTED_EDGE('',*,*,#1772,.T.);
#1772 = EDGE_CURVE('',#1765,#1773,#1775,.T.);
#1773 = VERTEX_POINT('',#1774);
#1774 = CARTESIAN_POINT('',(113.,106.05,5.684341886081E-14));
#1775 = LINE('',#1776,#1777);
#1776 = CARTESIAN_POINT('',(113.,106.05,5.684341886081E-14));
#1777 = VECTOR('',#1778,1.);
#1778 = DIRECTION('',(0.,-1.110223024625E-16,-1.));
#1779 = ORIENTED_EDGE('',*,*,#1780,.F.);
#1780 = EDGE_CURVE('',#1781,#1773,#1783,.T.);
#1781 = VERTEX_POINT('',#1782);
#1782 = CARTESIAN_POINT('',(113.,115.65,5.684341886081E-14));
#1783 = LINE('',#1784,#1785);
#1784 = CARTESIAN_POINT('',(113.,127.65,4.951594689828E-14));
#1785 = VECTOR('',#1786,1.);
#1786 = DIRECTION('',(0.,-1.,1.110223024625E-16));
#1787 = ORIENTED_EDGE('',*,*,#1788,.T.);
#1788 = EDGE_CURVE('',#1781,#1789,#1791,.T.);
#1789 = VERTEX_POINT('',#1790);
#1790 = CARTESIAN_POINT('',(113.,115.65,3.));
#1791 = LINE('',#1792,#1793);
#1792 = CARTESIAN_POINT('',(113.,115.65,5.684341886081E-14));
#1793 = VECTOR('',#1794,1.);
#1794 = DIRECTION('',(0.,1.110223024625E-16,1.));
#1795 = ORIENTED_EDGE('',*,*,#1796,.F.);
#1796 = EDGE_CURVE('',#1797,#1789,#1799,.T.);
#1797 = VERTEX_POINT('',#1798);
#1798 = CARTESIAN_POINT('',(113.,118.05,3.));
#1799 = LINE('',#1800,#1801);
#1800 = CARTESIAN_POINT('',(113.,122.25,3.));
#1801 = VECTOR('',#1802,1.);
#1802 = DIRECTION('',(0.,-1.,1.110223024625E-16));
#1803 = ORIENTED_EDGE('',*,*,#1804,.T.);
#1804 = EDGE_CURVE('',#1797,#1738,#1805,.T.);
#1805 = LINE('',#1806,#1807);
#1806 = CARTESIAN_POINT('',(113.,118.05,5.684341886081E-14));
#1807 = VECTOR('',#1808,1.);
#1808 = DIRECTION('',(0.,-1.110223024625E-16,-1.));
#1809 = PLANE('',#1810);
#1810 = AXIS2_PLACEMENT_3D('',#1811,#1812,#1813);
#1811 = CARTESIAN_POINT('',(113.,127.65,4.973799150321E-14));
#1812 = DIRECTION('',(1.,0.,0.));
#1813 = DIRECTION('',(0.,-1.,1.110223024625E-16));
#1814 = ADVANCED_FACE('',(#1815),#1872,.T.);
#1815 = FACE_BOUND('',#1816,.T.);
#1816 = EDGE_LOOP('',(#1817,#1823,#1824,#1825,#1833,#1841,#1847,#1848,
    #1856,#1864,#1870,#1871));
#1817 = ORIENTED_EDGE('',*,*,#1818,.T.);
#1818 = EDGE_CURVE('',#1329,#1551,#1819,.T.);
#1819 = LINE('',#1820,#1821);
#1820 = CARTESIAN_POINT('',(128.,128.65,2.84217094304E-14));
#1821 = VECTOR('',#1822,1.);
#1822 = DIRECTION('',(0.,-1.,2.775557561563E-16));
#1823 = ORIENTED_EDGE('',*,*,#1558,.F.);
#1824 = ORIENTED_EDGE('',*,*,#1748,.F.);
#1825 = ORIENTED_EDGE('',*,*,#1826,.F.);
#1826 = EDGE_CURVE('',#1827,#1749,#1829,.T.);
#1827 = VERTEX_POINT('',#1828);
#1828 = CARTESIAN_POINT('',(110.,103.65,5.684341886081E-14));
#1829 = LINE('',#1830,#1831);
#1830 = CARTESIAN_POINT('',(0.,103.65,5.697664562376E-14));
#1831 = VECTOR('',#1832,1.);
#1832 = DIRECTION('',(1.,0.,0.));
#1833 = ORIENTED_EDGE('',*,*,#1834,.F.);
#1834 = EDGE_CURVE('',#1835,#1827,#1837,.T.);
#1835 = VERTEX_POINT('',#1836);
#1836 = CARTESIAN_POINT('',(110.,106.05,5.684341886081E-14));
#1837 = LINE('',#1838,#1839);
#1838 = CARTESIAN_POINT('',(110.,100.35082701585,5.684341886081E-14));
#1839 = VECTOR('',#1840,1.);
#1840 = DIRECTION('',(0.,-1.,1.110223024625E-16));
#1841 = ORIENTED_EDGE('',*,*,#1842,.F.);
#1842 = EDGE_CURVE('',#1773,#1835,#1843,.T.);
#1843 = LINE('',#1844,#1845);
#1844 = CARTESIAN_POINT('',(125.,106.05,5.671019209785E-14));
#1845 = VECTOR('',#1846,1.);
#1846 = DIRECTION('',(-1.,0.,0.));
#1847 = ORIENTED_EDGE('',*,*,#1780,.F.);
#1848 = ORIENTED_EDGE('',*,*,#1849,.F.);
#1849 = EDGE_CURVE('',#1850,#1781,#1852,.T.);
#1850 = VERTEX_POINT('',#1851);
#1851 = CARTESIAN_POINT('',(110.,115.65,5.684341886081E-14));
#1852 = LINE('',#1853,#1854);
#1853 = CARTESIAN_POINT('',(0.,115.65,5.697664562376E-14));
#1854 = VECTOR('',#1855,1.);
#1855 = DIRECTION('',(1.,0.,0.));
#1856 = ORIENTED_EDGE('',*,*,#1857,.F.);
#1857 = EDGE_CURVE('',#1858,#1850,#1860,.T.);
#1858 = VERTEX_POINT('',#1859);
#1859 = CARTESIAN_POINT('',(110.,118.05,5.684341886081E-14));
#1860 = LINE('',#1861,#1862);
#1861 = CARTESIAN_POINT('',(110.,100.35082701585,5.684341886081E-14));
#1862 = VECTOR('',#1863,1.);
#1863 = DIRECTION('',(0.,-1.,1.110223024625E-16));
#1864 = ORIENTED_EDGE('',*,*,#1865,.F.);
#1865 = EDGE_CURVE('',#1738,#1858,#1866,.T.);
#1866 = LINE('',#1867,#1868);
#1867 = CARTESIAN_POINT('',(125.,118.05,5.671019209785E-14));
#1868 = VECTOR('',#1869,1.);
#1869 = DIRECTION('',(-1.,0.,0.));
#1870 = ORIENTED_EDGE('',*,*,#1737,.F.);
#1871 = ORIENTED_EDGE('',*,*,#1336,.T.);
#1872 = PLANE('',#1873);
#1873 = AXIS2_PLACEMENT_3D('',#1874,#1875,#1876);
#1874 = CARTESIAN_POINT('',(62.473535492764,64.051654031702,
    5.684341886081E-14));
#1875 = DIRECTION('',(-0.,-1.110223024625E-16,-1.));
#1876 = DIRECTION('',(-1.,0.,0.));
#1877 = ADVANCED_FACE('',(#1878),#1907,.T.);
#1878 = FACE_BOUND('',#1879,.T.);
#1879 = EDGE_LOOP('',(#1880,#1881,#1882,#1883,#1891,#1899,#1905,#1906));
#1880 = ORIENTED_EDGE('',*,*,#1818,.F.);
#1881 = ORIENTED_EDGE('',*,*,#1328,.T.);
#1882 = ORIENTED_EDGE('',*,*,#1481,.T.);
#1883 = ORIENTED_EDGE('',*,*,#1884,.F.);
#1884 = EDGE_CURVE('',#1885,#1474,#1887,.T.);
#1885 = VERTEX_POINT('',#1886);
#1886 = CARTESIAN_POINT('',(129.,116.65,1.));
#1887 = LINE('',#1888,#1889);
#1888 = CARTESIAN_POINT('',(133.81849473032,116.65,5.818494730328));
#1889 = VECTOR('',#1890,1.);
#1890 = DIRECTION('',(0.707106781187,0.,0.707106781187));
#1891 = ORIENTED_EDGE('',*,*,#1892,.T.);
#1892 = EDGE_CURVE('',#1885,#1893,#1895,.T.);
#1893 = VERTEX_POINT('',#1894);
#1894 = CARTESIAN_POINT('',(129.,104.65,1.));
#1895 = LINE('',#1896,#1897);
#1896 = CARTESIAN_POINT('',(129.,122.65,1.));
#1897 = VECTOR('',#1898,1.);
#1898 = DIRECTION('',(0.,-1.,3.140184917368E-16));
#1899 = ORIENTED_EDGE('',*,*,#1900,.T.);
#1900 = EDGE_CURVE('',#1893,#1402,#1901,.T.);
#1901 = LINE('',#1902,#1903);
#1902 = CARTESIAN_POINT('',(133.81849473032,104.65,5.818494730328));
#1903 = VECTOR('',#1904,1.);
#1904 = DIRECTION('',(0.707106781187,0.,0.707106781187));
#1905 = ORIENTED_EDGE('',*,*,#1401,.T.);
#1906 = ORIENTED_EDGE('',*,*,#1550,.F.);
#1907 = PLANE('',#1908);
#1908 = AXIS2_PLACEMENT_3D('',#1909,#1910,#1911);
#1909 = CARTESIAN_POINT('',(132.,128.65,4.));
#1910 = DIRECTION('',(0.707106781187,-2.22044604925E-16,-0.707106781187)
  );
#1911 = DIRECTION('',(-0.707106781187,-2.775557561563E-16,
    -0.707106781187));
#1912 = ADVANCED_FACE('',(#1913),#1964,.T.);
#1913 = FACE_BOUND('',#1914,.T.);
#1914 = EDGE_LOOP('',(#1915,#1925,#1931,#1932,#1933,#1934,#1942,#1950,
    #1958));
#1915 = ORIENTED_EDGE('',*,*,#1916,.F.);
#1916 = EDGE_CURVE('',#1917,#1919,#1921,.T.);
#1917 = VERTEX_POINT('',#1918);
#1918 = CARTESIAN_POINT('',(129.,116.65,2.84217094304E-14));
#1919 = VERTEX_POINT('',#1920);
#1920 = CARTESIAN_POINT('',(132.,116.65,2.84217094304E-14));
#1921 = LINE('',#1922,#1923);
#1922 = CARTESIAN_POINT('',(129.,116.65,2.84217094304E-14));
#1923 = VECTOR('',#1924,1.);
#1924 = DIRECTION('',(1.,0.,0.));
#1925 = ORIENTED_EDGE('',*,*,#1926,.F.);
#1926 = EDGE_CURVE('',#1885,#1917,#1927,.T.);
#1927 = LINE('',#1928,#1929);
#1928 = CARTESIAN_POINT('',(129.,116.65,17.));
#1929 = VECTOR('',#1930,1.);
#1930 = DIRECTION('',(0.,2.22044604925E-16,-1.));
#1931 = ORIENTED_EDGE('',*,*,#1884,.T.);
#1932 = ORIENTED_EDGE('',*,*,#1473,.T.);
#1933 = ORIENTED_EDGE('',*,*,#1670,.T.);
#1934 = ORIENTED_EDGE('',*,*,#1935,.F.);
#1935 = EDGE_CURVE('',#1936,#1663,#1938,.T.);
#1936 = VERTEX_POINT('',#1937);
#1937 = CARTESIAN_POINT('',(129.,116.65,17.));
#1938 = LINE('',#1939,#1940);
#1939 = CARTESIAN_POINT('',(129.,116.65,17.));
#1940 = VECTOR('',#1941,1.);
#1941 = DIRECTION('',(0.,2.22044604925E-16,-1.));
#1942 = ORIENTED_EDGE('',*,*,#1943,.F.);
#1943 = EDGE_CURVE('',#1944,#1936,#1946,.T.);
#1944 = VERTEX_POINT('',#1945);
#1945 = CARTESIAN_POINT('',(140.,116.65,17.));
#1946 = LINE('',#1947,#1948);
#1947 = CARTESIAN_POINT('',(140.,116.65,17.));
#1948 = VECTOR('',#1949,1.);
#1949 = DIRECTION('',(-1.,-0.,0.));
#1950 = ORIENTED_EDGE('',*,*,#1951,.F.);
#1951 = EDGE_CURVE('',#1952,#1944,#1954,.T.);
#1952 = VERTEX_POINT('',#1953);
#1953 = CARTESIAN_POINT('',(140.,116.65,8.));
#1954 = LINE('',#1955,#1956);
#1955 = CARTESIAN_POINT('',(140.,116.65,8.));
#1956 = VECTOR('',#1957,1.);
#1957 = DIRECTION('',(0.,-2.22044604925E-16,1.));
#1958 = ORIENTED_EDGE('',*,*,#1959,.F.);
#1959 = EDGE_CURVE('',#1919,#1952,#1960,.T.);
#1960 = LINE('',#1961,#1962);
#1961 = CARTESIAN_POINT('',(132.,116.65,2.84217094304E-14));
#1962 = VECTOR('',#1963,1.);
#1963 = DIRECTION('',(0.707106781187,-1.570092458684E-16,0.707106781187)
  );
#1964 = PLANE('',#1965);
#1965 = AXIS2_PLACEMENT_3D('',#1966,#1967,#1968);
#1966 = CARTESIAN_POINT('',(133.73939550671,116.65,9.534583414598));
#1967 = DIRECTION('',(0.,1.,0.));
#1968 = DIRECTION('',(0.,0.,1.));
#1969 = ADVANCED_FACE('',(#1970,#1995),#2065,.F.);
#1970 = FACE_BOUND('',#1971,.F.);
#1971 = EDGE_LOOP('',(#1972,#1973,#1981,#1987,#1988,#1989));
#1972 = ORIENTED_EDGE('',*,*,#1943,.F.);
#1973 = ORIENTED_EDGE('',*,*,#1974,.T.);
#1974 = EDGE_CURVE('',#1944,#1975,#1977,.T.);
#1975 = VERTEX_POINT('',#1976);
#1976 = CARTESIAN_POINT('',(140.,104.65,17.));
#1977 = LINE('',#1978,#1979);
#1978 = CARTESIAN_POINT('',(140.,116.65,17.));
#1979 = VECTOR('',#1980,1.);
#1980 = DIRECTION('',(0.,-1.,2.22044604925E-16));
#1981 = ORIENTED_EDGE('',*,*,#1982,.T.);
#1982 = EDGE_CURVE('',#1975,#1410,#1983,.T.);
#1983 = LINE('',#1984,#1985);
#1984 = CARTESIAN_POINT('',(140.,104.65,17.));
#1985 = VECTOR('',#1986,1.);
#1986 = DIRECTION('',(-1.,-0.,0.));
#1987 = ORIENTED_EDGE('',*,*,#1417,.T.);
#1988 = ORIENTED_EDGE('',*,*,#1613,.T.);
#1989 = ORIENTED_EDGE('',*,*,#1990,.F.);
#1990 = EDGE_CURVE('',#1936,#1614,#1991,.T.);
#1991 = LINE('',#1992,#1993);
#1992 = CARTESIAN_POINT('',(129.,116.65,17.));
#1993 = VECTOR('',#1994,1.);
#1994 = DIRECTION('',(0.,-1.,2.22044604925E-16));
#1995 = FACE_BOUND('',#1996,.F.);
#1996 = EDGE_LOOP('',(#1997,#2008,#2016,#2025,#2033,#2042,#2050,#2059));
#1997 = ORIENTED_EDGE('',*,*,#1998,.T.);
#1998 = EDGE_CURVE('',#1999,#2001,#2003,.T.);
#1999 = VERTEX_POINT('',#2000);
#2000 = CARTESIAN_POINT('',(134.,108.7,17.));
#2001 = VERTEX_POINT('',#2002);
#2002 = CARTESIAN_POINT('',(134.8,107.9,17.));
#2003 = CIRCLE('',#2004,0.8);
#2004 = AXIS2_PLACEMENT_3D('',#2005,#2006,#2007);
#2005 = CARTESIAN_POINT('',(134.8,108.7,17.));
#2006 = DIRECTION('',(-0.,0.,1.));
#2007 = DIRECTION('',(0.,-1.,0.));
#2008 = ORIENTED_EDGE('',*,*,#2009,.T.);
#2009 = EDGE_CURVE('',#2001,#2010,#2012,.T.);
#2010 = VERTEX_POINT('',#2011);
#2011 = CARTESIAN_POINT('',(137.2,107.9,17.));
#2012 = LINE('',#2013,#2014);
#2013 = CARTESIAN_POINT('',(137.,107.9,17.));
#2014 = VECTOR('',#2015,1.);
#2015 = DIRECTION('',(1.,0.,0.));
#2016 = ORIENTED_EDGE('',*,*,#2017,.T.);
#2017 = EDGE_CURVE('',#2010,#2018,#2020,.T.);
#2018 = VERTEX_POINT('',#2019);
#2019 = CARTESIAN_POINT('',(138.,108.7,17.));
#2020 = CIRCLE('',#2021,0.8);
#2021 = AXIS2_PLACEMENT_3D('',#2022,#2023,#2024);
#2022 = CARTESIAN_POINT('',(137.2,108.7,17.));
#2023 = DIRECTION('',(-0.,0.,1.));
#2024 = DIRECTION('',(0.,-1.,0.));
#2025 = ORIENTED_EDGE('',*,*,#2026,.T.);
#2026 = EDGE_CURVE('',#2018,#2027,#2029,.T.);
#2027 = VERTEX_POINT('',#2028);
#2028 = CARTESIAN_POINT('',(138.,112.6,17.));
#2029 = LINE('',#2030,#2031);
#2030 = CARTESIAN_POINT('',(138.,112.275,17.));
#2031 = VECTOR('',#2032,1.);
#2032 = DIRECTION('',(0.,1.,-2.22044604925E-16));
#2033 = ORIENTED_EDGE('',*,*,#2034,.T.);
#2034 = EDGE_CURVE('',#2027,#2035,#2037,.T.);
#2035 = VERTEX_POINT('',#2036);
#2036 = CARTESIAN_POINT('',(137.2,113.4,17.));
#2037 = CIRCLE('',#2038,0.8);
#2038 = AXIS2_PLACEMENT_3D('',#2039,#2040,#2041);
#2039 = CARTESIAN_POINT('',(137.2,112.6,17.));
#2040 = DIRECTION('',(0.,0.,1.));
#2041 = DIRECTION('',(1.,0.,0.));
#2042 = ORIENTED_EDGE('',*,*,#2043,.T.);
#2043 = EDGE_CURVE('',#2035,#2044,#2046,.T.);
#2044 = VERTEX_POINT('',#2045);
#2045 = CARTESIAN_POINT('',(134.8,113.4,17.));
#2046 = LINE('',#2047,#2048);
#2047 = CARTESIAN_POINT('',(139.,113.4,17.));
#2048 = VECTOR('',#2049,1.);
#2049 = DIRECTION('',(-1.,0.,0.));
#2050 = ORIENTED_EDGE('',*,*,#2051,.T.);
#2051 = EDGE_CURVE('',#2044,#2052,#2054,.T.);
#2052 = VERTEX_POINT('',#2053);
#2053 = CARTESIAN_POINT('',(134.,112.6,17.));
#2054 = CIRCLE('',#2055,0.8);
#2055 = AXIS2_PLACEMENT_3D('',#2056,#2057,#2058);
#2056 = CARTESIAN_POINT('',(134.8,112.6,17.));
#2057 = DIRECTION('',(0.,-0.,1.));
#2058 = DIRECTION('',(0.,1.,0.));
#2059 = ORIENTED_EDGE('',*,*,#2060,.T.);
#2060 = EDGE_CURVE('',#2052,#1999,#2061,.T.);
#2061 = LINE('',#2062,#2063);
#2062 = CARTESIAN_POINT('',(134.,115.025,17.));
#2063 = VECTOR('',#2064,1.);
#2064 = DIRECTION('',(0.,-1.,2.22044604925E-16));
#2065 = PLANE('',#2066);
#2066 = AXIS2_PLACEMENT_3D('',#2067,#2068,#2069);
#2067 = CARTESIAN_POINT('',(140.,116.65,17.));
#2068 = DIRECTION('',(0.,-2.22044604925E-16,-1.));
#2069 = DIRECTION('',(-1.,0.,0.));
#2070 = ADVANCED_FACE('',(#2071),#2106,.F.);
#2071 = FACE_BOUND('',#2072,.F.);
#2072 = EDGE_LOOP('',(#2073,#2083,#2089,#2090,#2091,#2092,#2100));
#2073 = ORIENTED_EDGE('',*,*,#2074,.F.);
#2074 = EDGE_CURVE('',#2075,#2077,#2079,.T.);
#2075 = VERTEX_POINT('',#2076);
#2076 = CARTESIAN_POINT('',(129.,104.65,2.84217094304E-14));
#2077 = VERTEX_POINT('',#2078);
#2078 = CARTESIAN_POINT('',(132.,104.65,2.84217094304E-14));
#2079 = LINE('',#2080,#2081);
#2080 = CARTESIAN_POINT('',(129.,104.65,2.84217094304E-14));
#2081 = VECTOR('',#2082,1.);
#2082 = DIRECTION('',(1.,0.,0.));
#2083 = ORIENTED_EDGE('',*,*,#2084,.F.);
#2084 = EDGE_CURVE('',#1893,#2075,#2085,.T.);
#2085 = LINE('',#2086,#2087);
#2086 = CARTESIAN_POINT('',(129.,104.65,17.));
#2087 = VECTOR('',#2088,1.);
#2088 = DIRECTION('',(0.,2.22044604925E-16,-1.));
#2089 = ORIENTED_EDGE('',*,*,#1900,.T.);
#2090 = ORIENTED_EDGE('',*,*,#1409,.T.);
#2091 = ORIENTED_EDGE('',*,*,#1982,.F.);
#2092 = ORIENTED_EDGE('',*,*,#2093,.F.);
#2093 = EDGE_CURVE('',#2094,#1975,#2096,.T.);
#2094 = VERTEX_POINT('',#2095);
#2095 = CARTESIAN_POINT('',(140.,104.65,8.));
#2096 = LINE('',#2097,#2098);
#2097 = CARTESIAN_POINT('',(140.,104.65,8.));
#2098 = VECTOR('',#2099,1.);
#2099 = DIRECTION('',(0.,-2.22044604925E-16,1.));
#2100 = ORIENTED_EDGE('',*,*,#2101,.F.);
#2101 = EDGE_CURVE('',#2077,#2094,#2102,.T.);
#2102 = LINE('',#2103,#2104);
#2103 = CARTESIAN_POINT('',(132.,104.65,2.84217094304E-14));
#2104 = VECTOR('',#2105,1.);
#2105 = DIRECTION('',(0.707106781187,-1.570092458684E-16,0.707106781187)
  );
#2106 = PLANE('',#2107);
#2107 = AXIS2_PLACEMENT_3D('',#2108,#2109,#2110);
#2108 = CARTESIAN_POINT('',(133.73939550671,104.65,9.534583414598));
#2109 = DIRECTION('',(0.,1.,0.));
#2110 = DIRECTION('',(0.,0.,1.));
#2111 = ADVANCED_FACE('',(#2112),#2118,.F.);
#2112 = FACE_BOUND('',#2113,.F.);
#2113 = EDGE_LOOP('',(#2114,#2115,#2116,#2117));
#2114 = ORIENTED_EDGE('',*,*,#1935,.F.);
#2115 = ORIENTED_EDGE('',*,*,#1990,.T.);
#2116 = ORIENTED_EDGE('',*,*,#1621,.T.);
#2117 = ORIENTED_EDGE('',*,*,#1662,.T.);
#2118 = PLANE('',#2119);
#2119 = AXIS2_PLACEMENT_3D('',#2120,#2121,#2122);
#2120 = CARTESIAN_POINT('',(129.,116.65,17.));
#2121 = DIRECTION('',(1.,0.,0.));
#2122 = DIRECTION('',(0.,2.22044604925E-16,-1.));
#2123 = ADVANCED_FACE('',(#2124),#2142,.F.);
#2124 = FACE_BOUND('',#2125,.F.);
#2125 = EDGE_LOOP('',(#2126,#2127,#2128,#2136));
#2126 = ORIENTED_EDGE('',*,*,#1865,.F.);
#2127 = ORIENTED_EDGE('',*,*,#1804,.F.);
#2128 = ORIENTED_EDGE('',*,*,#2129,.T.);
#2129 = EDGE_CURVE('',#1797,#2130,#2132,.T.);
#2130 = VERTEX_POINT('',#2131);
#2131 = CARTESIAN_POINT('',(110.,118.05,3.));
#2132 = LINE('',#2133,#2134);
#2133 = CARTESIAN_POINT('',(125.,118.05,3.));
#2134 = VECTOR('',#2135,1.);
#2135 = DIRECTION('',(-1.,0.,0.));
#2136 = ORIENTED_EDGE('',*,*,#2137,.F.);
#2137 = EDGE_CURVE('',#1858,#2130,#2138,.T.);
#2138 = LINE('',#2139,#2140);
#2139 = CARTESIAN_POINT('',(110.,118.05,-0.5));
#2140 = VECTOR('',#2141,1.);
#2141 = DIRECTION('',(0.,1.110223024625E-16,1.));
#2142 = PLANE('',#2143);
#2143 = AXIS2_PLACEMENT_3D('',#2144,#2145,#2146);
#2144 = CARTESIAN_POINT('',(125.,118.05,5.662137425588E-14));
#2145 = DIRECTION('',(0.,-1.,1.110223024625E-16));
#2146 = DIRECTION('',(-1.,0.,0.));
#2147 = ADVANCED_FACE('',(#2148),#2166,.T.);
#2148 = FACE_BOUND('',#2149,.T.);
#2149 = EDGE_LOOP('',(#2150,#2158,#2164,#2165));
#2150 = ORIENTED_EDGE('',*,*,#2151,.F.);
#2151 = EDGE_CURVE('',#2152,#2130,#2154,.T.);
#2152 = VERTEX_POINT('',#2153);
#2153 = CARTESIAN_POINT('',(110.,115.65,3.));
#2154 = LINE('',#2155,#2156);
#2155 = CARTESIAN_POINT('',(110.,99.735590646827,3.));
#2156 = VECTOR('',#2157,1.);
#2157 = DIRECTION('',(0.,1.,-1.110223024625E-16));
#2158 = ORIENTED_EDGE('',*,*,#2159,.T.);
#2159 = EDGE_CURVE('',#2152,#1789,#2160,.T.);
#2160 = LINE('',#2161,#2162);
#2161 = CARTESIAN_POINT('',(0.,115.65,3.));
#2162 = VECTOR('',#2163,1.);
#2163 = DIRECTION('',(1.,0.,0.));
#2164 = ORIENTED_EDGE('',*,*,#1796,.F.);
#2165 = ORIENTED_EDGE('',*,*,#2129,.T.);
#2166 = PLANE('',#2167);
#2167 = AXIS2_PLACEMENT_3D('',#2168,#2169,#2170);
#2168 = CARTESIAN_POINT('',(62.013786820528,62.821181293653,3.));
#2169 = DIRECTION('',(0.,1.110223024625E-16,1.));
#2170 = DIRECTION('',(1.,0.,0.));
#2171 = ADVANCED_FACE('',(#2172),#2183,.F.);
#2172 = FACE_BOUND('',#2173,.F.);
#2173 = EDGE_LOOP('',(#2174,#2175,#2181,#2182));
#2174 = ORIENTED_EDGE('',*,*,#1849,.F.);
#2175 = ORIENTED_EDGE('',*,*,#2176,.F.);
#2176 = EDGE_CURVE('',#2152,#1850,#2177,.T.);
#2177 = LINE('',#2178,#2179);
#2178 = CARTESIAN_POINT('',(110.,115.65,-0.5));
#2179 = VECTOR('',#2180,1.);
#2180 = DIRECTION('',(0.,-1.110223024625E-16,-1.));
#2181 = ORIENTED_EDGE('',*,*,#2159,.T.);
#2182 = ORIENTED_EDGE('',*,*,#1788,.F.);
#2183 = PLANE('',#2184);
#2184 = AXIS2_PLACEMENT_3D('',#2185,#2186,#2187);
#2185 = CARTESIAN_POINT('',(0.,115.65,5.706546346573E-14));
#2186 = DIRECTION('',(0.,1.,-1.110223024625E-16));
#2187 = DIRECTION('',(1.,0.,0.));
#2188 = ADVANCED_FACE('',(#2189),#2207,.F.);
#2189 = FACE_BOUND('',#2190,.F.);
#2190 = EDGE_LOOP('',(#2191,#2192,#2193,#2201));
#2191 = ORIENTED_EDGE('',*,*,#1842,.F.);
#2192 = ORIENTED_EDGE('',*,*,#1772,.F.);
#2193 = ORIENTED_EDGE('',*,*,#2194,.T.);
#2194 = EDGE_CURVE('',#1765,#2195,#2197,.T.);
#2195 = VERTEX_POINT('',#2196);
#2196 = CARTESIAN_POINT('',(110.,106.05,3.));
#2197 = LINE('',#2198,#2199);
#2198 = CARTESIAN_POINT('',(125.,106.05,3.));
#2199 = VECTOR('',#2200,1.);
#2200 = DIRECTION('',(-1.,0.,0.));
#2201 = ORIENTED_EDGE('',*,*,#2202,.F.);
#2202 = EDGE_CURVE('',#1835,#2195,#2203,.T.);
#2203 = LINE('',#2204,#2205);
#2204 = CARTESIAN_POINT('',(110.,106.05,-0.5));
#2205 = VECTOR('',#2206,1.);
#2206 = DIRECTION('',(0.,1.110223024625E-16,1.));
#2207 = PLANE('',#2208);
#2208 = AXIS2_PLACEMENT_3D('',#2209,#2210,#2211);
#2209 = CARTESIAN_POINT('',(125.,106.05,5.662137425588E-14));
#2210 = DIRECTION('',(0.,-1.,1.110223024625E-16));
#2211 = DIRECTION('',(-1.,0.,0.));
#2212 = ADVANCED_FACE('',(#2213),#2231,.T.);
#2213 = FACE_BOUND('',#2214,.T.);
#2214 = EDGE_LOOP('',(#2215,#2223,#2229,#2230));
#2215 = ORIENTED_EDGE('',*,*,#2216,.F.);
#2216 = EDGE_CURVE('',#2217,#2195,#2219,.T.);
#2217 = VERTEX_POINT('',#2218);
#2218 = CARTESIAN_POINT('',(110.,103.65,3.));
#2219 = LINE('',#2220,#2221);
#2220 = CARTESIAN_POINT('',(110.,99.735590646827,3.));
#2221 = VECTOR('',#2222,1.);
#2222 = DIRECTION('',(0.,1.,-1.110223024625E-16));
#2223 = ORIENTED_EDGE('',*,*,#2224,.T.);
#2224 = EDGE_CURVE('',#2217,#1757,#2225,.T.);
#2225 = LINE('',#2226,#2227);
#2226 = CARTESIAN_POINT('',(0.,103.65,3.));
#2227 = VECTOR('',#2228,1.);
#2228 = DIRECTION('',(1.,0.,0.));
#2229 = ORIENTED_EDGE('',*,*,#1764,.F.);
#2230 = ORIENTED_EDGE('',*,*,#2194,.T.);
#2231 = PLANE('',#2232);
#2232 = AXIS2_PLACEMENT_3D('',#2233,#2234,#2235);
#2233 = CARTESIAN_POINT('',(62.013786820528,62.821181293653,3.));
#2234 = DIRECTION('',(0.,1.110223024625E-16,1.));
#2235 = DIRECTION('',(1.,0.,0.));
#2236 = ADVANCED_FACE('',(#2237),#2248,.F.);
#2237 = FACE_BOUND('',#2238,.F.);
#2238 = EDGE_LOOP('',(#2239,#2240,#2246,#2247));
#2239 = ORIENTED_EDGE('',*,*,#1826,.F.);
#2240 = ORIENTED_EDGE('',*,*,#2241,.F.);
#2241 = EDGE_CURVE('',#2217,#1827,#2242,.T.);
#2242 = LINE('',#2243,#2244);
#2243 = CARTESIAN_POINT('',(110.,103.65,-0.5));
#2244 = VECTOR('',#2245,1.);
#2245 = DIRECTION('',(0.,-1.110223024625E-16,-1.));
#2246 = ORIENTED_EDGE('',*,*,#2224,.T.);
#2247 = ORIENTED_EDGE('',*,*,#1756,.F.);
#2248 = PLANE('',#2249);
#2249 = AXIS2_PLACEMENT_3D('',#2250,#2251,#2252);
#2250 = CARTESIAN_POINT('',(0.,103.65,5.706546346573E-14));
#2251 = DIRECTION('',(0.,1.,-1.110223024625E-16));
#2252 = DIRECTION('',(1.,0.,0.));
#2253 = ADVANCED_FACE('',(#2254),#2260,.F.);
#2254 = FACE_BOUND('',#2255,.F.);
#2255 = EDGE_LOOP('',(#2256,#2257,#2258,#2259));
#2256 = ORIENTED_EDGE('',*,*,#1857,.F.);
#2257 = ORIENTED_EDGE('',*,*,#2137,.T.);
#2258 = ORIENTED_EDGE('',*,*,#2151,.F.);
#2259 = ORIENTED_EDGE('',*,*,#2176,.T.);
#2260 = PLANE('',#2261);
#2261 = AXIS2_PLACEMENT_3D('',#2262,#2263,#2264);
#2262 = CARTESIAN_POINT('',(110.,136.65,-1.));
#2263 = DIRECTION('',(1.,0.,0.));
#2264 = DIRECTION('',(0.,-1.,0.));
#2265 = ADVANCED_FACE('',(#2266),#2272,.F.);
#2266 = FACE_BOUND('',#2267,.F.);
#2267 = EDGE_LOOP('',(#2268,#2269,#2270,#2271));
#2268 = ORIENTED_EDGE('',*,*,#1834,.F.);
#2269 = ORIENTED_EDGE('',*,*,#2202,.T.);
#2270 = ORIENTED_EDGE('',*,*,#2216,.F.);
#2271 = ORIENTED_EDGE('',*,*,#2241,.T.);
#2272 = PLANE('',#2273);
#2273 = AXIS2_PLACEMENT_3D('',#2274,#2275,#2276);
#2274 = CARTESIAN_POINT('',(110.,136.65,-1.));
#2275 = DIRECTION('',(1.,0.,0.));
#2276 = DIRECTION('',(0.,-1.,0.));
#2277 = ADVANCED_FACE('',(#2278),#2289,.F.);
#2278 = FACE_BOUND('',#2279,.F.);
#2279 = EDGE_LOOP('',(#2280,#2281,#2282,#2283));
#2280 = ORIENTED_EDGE('',*,*,#1926,.F.);
#2281 = ORIENTED_EDGE('',*,*,#1892,.T.);
#2282 = ORIENTED_EDGE('',*,*,#2084,.T.);
#2283 = ORIENTED_EDGE('',*,*,#2284,.F.);
#2284 = EDGE_CURVE('',#1917,#2075,#2285,.T.);
#2285 = LINE('',#2286,#2287);
#2286 = CARTESIAN_POINT('',(129.,116.65,2.84217094304E-14));
#2287 = VECTOR('',#2288,1.);
#2288 = DIRECTION('',(0.,-1.,2.22044604925E-16));
#2289 = PLANE('',#2290);
#2290 = AXIS2_PLACEMENT_3D('',#2291,#2292,#2293);
#2291 = CARTESIAN_POINT('',(129.,116.65,17.));
#2292 = DIRECTION('',(1.,0.,0.));
#2293 = DIRECTION('',(0.,2.22044604925E-16,-1.));
#2294 = ADVANCED_FACE('',(#2295),#2306,.F.);
#2295 = FACE_BOUND('',#2296,.F.);
#2296 = EDGE_LOOP('',(#2297,#2298,#2299,#2305));
#2297 = ORIENTED_EDGE('',*,*,#2284,.T.);
#2298 = ORIENTED_EDGE('',*,*,#2074,.T.);
#2299 = ORIENTED_EDGE('',*,*,#2300,.F.);
#2300 = EDGE_CURVE('',#1919,#2077,#2301,.T.);
#2301 = LINE('',#2302,#2303);
#2302 = CARTESIAN_POINT('',(132.,116.65,2.84217094304E-14));
#2303 = VECTOR('',#2304,1.);
#2304 = DIRECTION('',(0.,-1.,2.22044604925E-16));
#2305 = ORIENTED_EDGE('',*,*,#1916,.F.);
#2306 = PLANE('',#2307);
#2307 = AXIS2_PLACEMENT_3D('',#2308,#2309,#2310);
#2308 = CARTESIAN_POINT('',(129.,116.65,2.84217094304E-14));
#2309 = DIRECTION('',(0.,2.22044604925E-16,1.));
#2310 = DIRECTION('',(1.,0.,0.));
#2311 = ADVANCED_FACE('',(#2312,#2323),#2393,.F.);
#2312 = FACE_BOUND('',#2313,.F.);
#2313 = EDGE_LOOP('',(#2314,#2315,#2316,#2322));
#2314 = ORIENTED_EDGE('',*,*,#2300,.T.);
#2315 = ORIENTED_EDGE('',*,*,#2101,.T.);
#2316 = ORIENTED_EDGE('',*,*,#2317,.F.);
#2317 = EDGE_CURVE('',#1952,#2094,#2318,.T.);
#2318 = LINE('',#2319,#2320);
#2319 = CARTESIAN_POINT('',(140.,116.65,8.));
#2320 = VECTOR('',#2321,1.);
#2321 = DIRECTION('',(0.,-1.,2.22044604925E-16));
#2322 = ORIENTED_EDGE('',*,*,#1959,.F.);
#2323 = FACE_BOUND('',#2324,.F.);
#2324 = EDGE_LOOP('',(#2325,#2336,#2344,#2353,#2361,#2370,#2378,#2387));
#2325 = ORIENTED_EDGE('',*,*,#2326,.F.);
#2326 = EDGE_CURVE('',#2327,#2329,#2331,.T.);
#2327 = VERTEX_POINT('',#2328);
#2328 = CARTESIAN_POINT('',(137.2,107.9,5.2));
#2329 = VERTEX_POINT('',#2330);
#2330 = CARTESIAN_POINT('',(138.,108.7,6.));
#2331 = ELLIPSE('',#2332,1.131370849898,0.8);
#2332 = AXIS2_PLACEMENT_3D('',#2333,#2334,#2335);
#2333 = CARTESIAN_POINT('',(137.2,108.7,5.2));
#2334 = DIRECTION('',(-0.707106781187,1.570092458684E-16,0.707106781187)
  );
#2335 = DIRECTION('',(0.707106781187,-1.570092458684E-16,0.707106781187)
  );
#2336 = ORIENTED_EDGE('',*,*,#2337,.T.);
#2337 = EDGE_CURVE('',#2327,#2338,#2340,.T.);
#2338 = VERTEX_POINT('',#2339);
#2339 = CARTESIAN_POINT('',(134.8,107.9,2.8));
#2340 = LINE('',#2341,#2342);
#2341 = CARTESIAN_POINT('',(132.,107.9,2.84217094304E-14));
#2342 = VECTOR('',#2343,1.);
#2343 = DIRECTION('',(-0.707106781187,0.,-0.707106781187));
#2344 = ORIENTED_EDGE('',*,*,#2345,.F.);
#2345 = EDGE_CURVE('',#2346,#2338,#2348,.T.);
#2346 = VERTEX_POINT('',#2347);
#2347 = CARTESIAN_POINT('',(134.,108.7,2.));
#2348 = ELLIPSE('',#2349,1.131370849898,0.8);
#2349 = AXIS2_PLACEMENT_3D('',#2350,#2351,#2352);
#2350 = CARTESIAN_POINT('',(134.8,108.7,2.8));
#2351 = DIRECTION('',(-0.707106781187,1.570092458684E-16,0.707106781187)
  );
#2352 = DIRECTION('',(0.707106781187,-1.570092458684E-16,0.707106781187)
  );
#2353 = ORIENTED_EDGE('',*,*,#2354,.T.);
#2354 = EDGE_CURVE('',#2346,#2355,#2357,.T.);
#2355 = VERTEX_POINT('',#2356);
#2356 = CARTESIAN_POINT('',(134.,112.6,2.));
#2357 = LINE('',#2358,#2359);
#2358 = CARTESIAN_POINT('',(134.,115.025,2.));
#2359 = VECTOR('',#2360,1.);
#2360 = DIRECTION('',(0.,1.,-2.22044604925E-16));
#2361 = ORIENTED_EDGE('',*,*,#2362,.F.);
#2362 = EDGE_CURVE('',#2363,#2355,#2365,.T.);
#2363 = VERTEX_POINT('',#2364);
#2364 = CARTESIAN_POINT('',(134.8,113.4,2.8));
#2365 = ELLIPSE('',#2366,1.131370849898,0.8);
#2366 = AXIS2_PLACEMENT_3D('',#2367,#2368,#2369);
#2367 = CARTESIAN_POINT('',(134.8,112.6,2.8));
#2368 = DIRECTION('',(-0.707106781187,1.570092458684E-16,0.707106781187)
  );
#2369 = DIRECTION('',(0.707106781187,-1.570092458684E-16,0.707106781187)
  );
#2370 = ORIENTED_EDGE('',*,*,#2371,.T.);
#2371 = EDGE_CURVE('',#2363,#2372,#2374,.T.);
#2372 = VERTEX_POINT('',#2373);
#2373 = CARTESIAN_POINT('',(137.2,113.4,5.2));
#2374 = LINE('',#2375,#2376);
#2375 = CARTESIAN_POINT('',(133.,113.4,1.));
#2376 = VECTOR('',#2377,1.);
#2377 = DIRECTION('',(0.707106781187,0.,0.707106781187));
#2378 = ORIENTED_EDGE('',*,*,#2379,.F.);
#2379 = EDGE_CURVE('',#2380,#2372,#2382,.T.);
#2380 = VERTEX_POINT('',#2381);
#2381 = CARTESIAN_POINT('',(138.,112.6,6.));
#2382 = ELLIPSE('',#2383,1.131370849898,0.8);
#2383 = AXIS2_PLACEMENT_3D('',#2384,#2385,#2386);
#2384 = CARTESIAN_POINT('',(137.2,112.6,5.2));
#2385 = DIRECTION('',(-0.707106781187,1.570092458684E-16,0.707106781187)
  );
#2386 = DIRECTION('',(0.707106781187,-1.570092458684E-16,0.707106781187)
  );
#2387 = ORIENTED_EDGE('',*,*,#2388,.T.);
#2388 = EDGE_CURVE('',#2380,#2329,#2389,.T.);
#2389 = LINE('',#2390,#2391);
#2390 = CARTESIAN_POINT('',(138.,112.275,6.));
#2391 = VECTOR('',#2392,1.);
#2392 = DIRECTION('',(0.,-1.,2.22044604925E-16));
#2393 = PLANE('',#2394);
#2394 = AXIS2_PLACEMENT_3D('',#2395,#2396,#2397);
#2395 = CARTESIAN_POINT('',(132.,116.65,2.84217094304E-14));
#2396 = DIRECTION('',(-0.707106781187,1.570092458684E-16,0.707106781187)
  );
#2397 = DIRECTION('',(0.707106781187,-1.570092458684E-16,0.707106781187)
  );
#2398 = ADVANCED_FACE('',(#2399),#2405,.F.);
#2399 = FACE_BOUND('',#2400,.F.);
#2400 = EDGE_LOOP('',(#2401,#2402,#2403,#2404));
#2401 = ORIENTED_EDGE('',*,*,#2317,.T.);
#2402 = ORIENTED_EDGE('',*,*,#2093,.T.);
#2403 = ORIENTED_EDGE('',*,*,#1974,.F.);
#2404 = ORIENTED_EDGE('',*,*,#1951,.F.);
#2405 = PLANE('',#2406);
#2406 = AXIS2_PLACEMENT_3D('',#2407,#2408,#2409);
#2407 = CARTESIAN_POINT('',(140.,116.65,8.));
#2408 = DIRECTION('',(-1.,0.,0.));
#2409 = DIRECTION('',(0.,-2.22044604925E-16,1.));
#2410 = ADVANCED_FACE('',(#2411),#2427,.F.);
#2411 = FACE_BOUND('',#2412,.T.);
#2412 = EDGE_LOOP('',(#2413,#2419,#2420,#2426));
#2413 = ORIENTED_EDGE('',*,*,#2414,.F.);
#2414 = EDGE_CURVE('',#2338,#2001,#2415,.T.);
#2415 = LINE('',#2416,#2417);
#2416 = CARTESIAN_POINT('',(134.8,107.9,-2.));
#2417 = VECTOR('',#2418,1.);
#2418 = DIRECTION('',(0.,0.,1.));
#2419 = ORIENTED_EDGE('',*,*,#2345,.F.);
#2420 = ORIENTED_EDGE('',*,*,#2421,.T.);
#2421 = EDGE_CURVE('',#2346,#1999,#2422,.T.);
#2422 = LINE('',#2423,#2424);
#2423 = CARTESIAN_POINT('',(134.,108.7,-2.));
#2424 = VECTOR('',#2425,1.);
#2425 = DIRECTION('',(0.,0.,1.));
#2426 = ORIENTED_EDGE('',*,*,#1998,.T.);
#2427 = CYLINDRICAL_SURFACE('',#2428,0.8);
#2428 = AXIS2_PLACEMENT_3D('',#2429,#2430,#2431);
#2429 = CARTESIAN_POINT('',(134.8,108.7,-2.));
#2430 = DIRECTION('',(0.,0.,1.));
#2431 = DIRECTION('',(0.,-1.,0.));
#2432 = ADVANCED_FACE('',(#2433),#2444,.T.);
#2433 = FACE_BOUND('',#2434,.T.);
#2434 = EDGE_LOOP('',(#2435,#2436,#2442,#2443));
#2435 = ORIENTED_EDGE('',*,*,#2354,.T.);
#2436 = ORIENTED_EDGE('',*,*,#2437,.T.);
#2437 = EDGE_CURVE('',#2355,#2052,#2438,.T.);
#2438 = LINE('',#2439,#2440);
#2439 = CARTESIAN_POINT('',(134.,112.6,-2.));
#2440 = VECTOR('',#2441,1.);
#2441 = DIRECTION('',(0.,0.,1.));
#2442 = ORIENTED_EDGE('',*,*,#2060,.T.);
#2443 = ORIENTED_EDGE('',*,*,#2421,.F.);
#2444 = PLANE('',#2445);
#2445 = AXIS2_PLACEMENT_3D('',#2446,#2447,#2448);
#2446 = CARTESIAN_POINT('',(134.,113.4,-2.));
#2447 = DIRECTION('',(1.,0.,0.));
#2448 = DIRECTION('',(0.,-1.,0.));
#2449 = ADVANCED_FACE('',(#2450),#2461,.T.);
#2450 = FACE_BOUND('',#2451,.T.);
#2451 = EDGE_LOOP('',(#2452,#2453,#2454,#2455));
#2452 = ORIENTED_EDGE('',*,*,#2337,.T.);
#2453 = ORIENTED_EDGE('',*,*,#2414,.T.);
#2454 = ORIENTED_EDGE('',*,*,#2009,.T.);
#2455 = ORIENTED_EDGE('',*,*,#2456,.F.);
#2456 = EDGE_CURVE('',#2327,#2010,#2457,.T.);
#2457 = LINE('',#2458,#2459);
#2458 = CARTESIAN_POINT('',(137.2,107.9,-2.));
#2459 = VECTOR('',#2460,1.);
#2460 = DIRECTION('',(0.,0.,1.));
#2461 = PLANE('',#2462);
#2462 = AXIS2_PLACEMENT_3D('',#2463,#2464,#2465);
#2463 = CARTESIAN_POINT('',(134.,107.9,-2.));
#2464 = DIRECTION('',(0.,1.,0.));
#2465 = DIRECTION('',(1.,0.,0.));
#2466 = ADVANCED_FACE('',(#2467),#2478,.F.);
#2467 = FACE_BOUND('',#2468,.F.);
#2468 = EDGE_LOOP('',(#2469,#2475,#2476,#2477));
#2469 = ORIENTED_EDGE('',*,*,#2470,.F.);
#2470 = EDGE_CURVE('',#2363,#2044,#2471,.T.);
#2471 = LINE('',#2472,#2473);
#2472 = CARTESIAN_POINT('',(134.8,113.4,-2.));
#2473 = VECTOR('',#2474,1.);
#2474 = DIRECTION('',(0.,0.,1.));
#2475 = ORIENTED_EDGE('',*,*,#2362,.T.);
#2476 = ORIENTED_EDGE('',*,*,#2437,.T.);
#2477 = ORIENTED_EDGE('',*,*,#2051,.F.);
#2478 = CYLINDRICAL_SURFACE('',#2479,0.8);
#2479 = AXIS2_PLACEMENT_3D('',#2480,#2481,#2482);
#2480 = CARTESIAN_POINT('',(134.8,112.6,-2.));
#2481 = DIRECTION('',(0.,0.,1.));
#2482 = DIRECTION('',(0.,1.,0.));
#2483 = ADVANCED_FACE('',(#2484),#2495,.F.);
#2484 = FACE_BOUND('',#2485,.F.);
#2485 = EDGE_LOOP('',(#2486,#2487,#2488,#2494));
#2486 = ORIENTED_EDGE('',*,*,#2456,.F.);
#2487 = ORIENTED_EDGE('',*,*,#2326,.T.);
#2488 = ORIENTED_EDGE('',*,*,#2489,.T.);
#2489 = EDGE_CURVE('',#2329,#2018,#2490,.T.);
#2490 = LINE('',#2491,#2492);
#2491 = CARTESIAN_POINT('',(138.,108.7,-2.));
#2492 = VECTOR('',#2493,1.);
#2493 = DIRECTION('',(0.,0.,1.));
#2494 = ORIENTED_EDGE('',*,*,#2017,.F.);
#2495 = CYLINDRICAL_SURFACE('',#2496,0.8);
#2496 = AXIS2_PLACEMENT_3D('',#2497,#2498,#2499);
#2497 = CARTESIAN_POINT('',(137.2,108.7,-2.));
#2498 = DIRECTION('',(0.,0.,1.));
#2499 = DIRECTION('',(0.,-1.,0.));
#2500 = ADVANCED_FACE('',(#2501),#2512,.T.);
#2501 = FACE_BOUND('',#2502,.T.);
#2502 = EDGE_LOOP('',(#2503,#2504,#2510,#2511));
#2503 = ORIENTED_EDGE('',*,*,#2371,.T.);
#2504 = ORIENTED_EDGE('',*,*,#2505,.T.);
#2505 = EDGE_CURVE('',#2372,#2035,#2506,.T.);
#2506 = LINE('',#2507,#2508);
#2507 = CARTESIAN_POINT('',(137.2,113.4,-2.));
#2508 = VECTOR('',#2509,1.);
#2509 = DIRECTION('',(0.,0.,1.));
#2510 = ORIENTED_EDGE('',*,*,#2043,.T.);
#2511 = ORIENTED_EDGE('',*,*,#2470,.F.);
#2512 = PLANE('',#2513);
#2513 = AXIS2_PLACEMENT_3D('',#2514,#2515,#2516);
#2514 = CARTESIAN_POINT('',(138.,113.4,-2.));
#2515 = DIRECTION('',(0.,-1.,0.));
#2516 = DIRECTION('',(-1.,0.,0.));
#2517 = ADVANCED_FACE('',(#2518),#2529,.T.);
#2518 = FACE_BOUND('',#2519,.T.);
#2519 = EDGE_LOOP('',(#2520,#2521,#2522,#2523));
#2520 = ORIENTED_EDGE('',*,*,#2388,.T.);
#2521 = ORIENTED_EDGE('',*,*,#2489,.T.);
#2522 = ORIENTED_EDGE('',*,*,#2026,.T.);
#2523 = ORIENTED_EDGE('',*,*,#2524,.F.);
#2524 = EDGE_CURVE('',#2380,#2027,#2525,.T.);
#2525 = LINE('',#2526,#2527);
#2526 = CARTESIAN_POINT('',(138.,112.6,-2.));
#2527 = VECTOR('',#2528,1.);
#2528 = DIRECTION('',(0.,0.,1.));
#2529 = PLANE('',#2530);
#2530 = AXIS2_PLACEMENT_3D('',#2531,#2532,#2533);
#2531 = CARTESIAN_POINT('',(138.,107.9,-2.));
#2532 = DIRECTION('',(-1.,0.,0.));
#2533 = DIRECTION('',(0.,1.,0.));
#2534 = ADVANCED_FACE('',(#2535),#2541,.F.);
#2535 = FACE_BOUND('',#2536,.F.);
#2536 = EDGE_LOOP('',(#2537,#2538,#2539,#2540));
#2537 = ORIENTED_EDGE('',*,*,#2524,.F.);
#2538 = ORIENTED_EDGE('',*,*,#2379,.T.);
#2539 = ORIENTED_EDGE('',*,*,#2505,.T.);
#2540 = ORIENTED_EDGE('',*,*,#2034,.F.);
#2541 = CYLINDRICAL_SURFACE('',#2542,0.8);
#2542 = AXIS2_PLACEMENT_3D('',#2543,#2544,#2545);
#2543 = CARTESIAN_POINT('',(137.2,112.6,-2.));
#2544 = DIRECTION('',(0.,0.,1.));
#2545 = DIRECTION('',(1.,0.,0.));
#2546 = MANIFOLD_SOLID_BREP('',#2547);
#2547 = CLOSED_SHELL('',(#2548,#2612,#2644,#2677,#2733,#2757,#2829,#2869
    ,#2902,#2927,#2945,#2967,#2979,#2997,#3089,#3137,#3170,#3294,#3311,
    #3344,#3361,#3378,#3395,#3412,#3429,#3446,#3463,#3482,#3506,#3530,
    #3603,#3615,#3627,#3738,#3755,#3772,#3785));
#2548 = ADVANCED_FACE('',(#2549),#2607,.T.);
#2549 = FACE_BOUND('',#2550,.T.);
#2550 = EDGE_LOOP('',(#2551,#2562,#2569,#2577,#2585,#2593,#2601));
#2551 = ORIENTED_EDGE('',*,*,#2552,.F.);
#2552 = EDGE_CURVE('',#2553,#2555,#2557,.T.);
#2553 = VERTEX_POINT('',#2554);
#2554 = CARTESIAN_POINT('',(188.5,119.81410161513,9.206416142427));
#2555 = VERTEX_POINT('',#2556);
#2556 = CARTESIAN_POINT('',(186.5,120.35,9.515797494077));
#2557 = ELLIPSE('',#2558,4.618728540172,4.);
#2558 = AXIS2_PLACEMENT_3D('',#2559,#2560,#2561);
#2559 = CARTESIAN_POINT('',(186.5,116.35,7.206543647529));
#2560 = DIRECTION('',(0.,-0.499976092222,0.866039206507));
#2561 = DIRECTION('',(0.,-0.866039206507,-0.499976092222));
#2562 = ORIENTED_EDGE('',*,*,#2563,.T.);
#2563 = EDGE_CURVE('',#2553,#2564,#2566,.T.);
#2564 = VERTEX_POINT('',#2565);
#2565 = CARTESIAN_POINT('',(188.5,122.35,10.670424417352));
#2566 = B_SPLINE_CURVE_WITH_KNOTS('',1,(#2567,#2568),.UNSPECIFIED.,.F.,
  .F.,(2,2),(0.,1.),.PIECEWISE_BEZIER_KNOTS.);
#2567 = CARTESIAN_POINT('',(188.5,113.35,5.474603262617));
#2568 = CARTESIAN_POINT('',(188.5,153.76401551395,28.806158457635));
#2569 = ORIENTED_EDGE('',*,*,#2570,.T.);
#2570 = EDGE_CURVE('',#2564,#2571,#2573,.T.);
#2571 = VERTEX_POINT('',#2572);
#2572 = CARTESIAN_POINT('',(179.5,122.35,10.670424417352));
#2573 = LINE('',#2574,#2575);
#2574 = CARTESIAN_POINT('',(155.25,122.35,10.670424417352));
#2575 = VECTOR('',#2576,1.);
#2576 = DIRECTION('',(-1.,0.,0.));
#2577 = ORIENTED_EDGE('',*,*,#2578,.F.);
#2578 = EDGE_CURVE('',#2579,#2571,#2581,.T.);
#2579 = VERTEX_POINT('',#2580);
#2580 = CARTESIAN_POINT('',(179.5,113.35,5.474603262617));
#2581 = LINE('',#2582,#2583);
#2582 = CARTESIAN_POINT('',(179.5,104.25445662049,0.223623628723));
#2583 = VECTOR('',#2584,1.);
#2584 = DIRECTION('',(0.,0.866039206507,0.499976092222));
#2585 = ORIENTED_EDGE('',*,*,#2586,.F.);
#2586 = EDGE_CURVE('',#2587,#2579,#2589,.T.);
#2587 = VERTEX_POINT('',#2588);
#2588 = CARTESIAN_POINT('',(180.5,113.35,5.474603262617));
#2589 = LINE('',#2590,#2591);
#2590 = CARTESIAN_POINT('',(188.5,113.35,5.474603262617));
#2591 = VECTOR('',#2592,1.);
#2592 = DIRECTION('',(-1.,0.,0.));
#2593 = ORIENTED_EDGE('',*,*,#2594,.T.);
#2594 = EDGE_CURVE('',#2587,#2595,#2597,.T.);
#2595 = VERTEX_POINT('',#2596);
#2596 = CARTESIAN_POINT('',(180.5,120.35,9.515797494077));
#2597 = LINE('',#2598,#2599);
#2598 = CARTESIAN_POINT('',(180.5,145.27430344684,23.904933395869));
#2599 = VECTOR('',#2600,1.);
#2600 = DIRECTION('',(-1.714303370921E-15,0.866039206507,0.499976092222)
  );
#2601 = ORIENTED_EDGE('',*,*,#2602,.T.);
#2602 = EDGE_CURVE('',#2595,#2555,#2603,.T.);
#2603 = LINE('',#2604,#2605);
#2604 = CARTESIAN_POINT('',(187.,120.35,9.515797494077));
#2605 = VECTOR('',#2606,1.);
#2606 = DIRECTION('',(1.,0.,0.));
#2607 = PLANE('',#2608);
#2608 = AXIS2_PLACEMENT_3D('',#2609,#2610,#2611);
#2609 = CARTESIAN_POINT('',(121.,133.80732818158,17.284894210976));
#2610 = DIRECTION('',(-0.,-0.499976092222,0.866039206507));
#2611 = DIRECTION('',(0.,0.866039206507,0.499976092222));
#2612 = ADVANCED_FACE('',(#2613),#2639,.T.);
#2613 = FACE_BOUND('',#2614,.F.);
#2614 = EDGE_LOOP('',(#2615,#2623,#2624,#2632));
#2615 = ORIENTED_EDGE('',*,*,#2616,.F.);
#2616 = EDGE_CURVE('',#2555,#2617,#2619,.T.);
#2617 = VERTEX_POINT('',#2618);
#2618 = CARTESIAN_POINT('',(186.5,120.35,13.700000007033));
#2619 = LINE('',#2620,#2621);
#2620 = CARTESIAN_POINT('',(186.5,120.35,-1.299999992967));
#2621 = VECTOR('',#2622,1.);
#2622 = DIRECTION('',(0.,1.110223024625E-16,1.));
#2623 = ORIENTED_EDGE('',*,*,#2552,.F.);
#2624 = ORIENTED_EDGE('',*,*,#2625,.F.);
#2625 = EDGE_CURVE('',#2626,#2553,#2628,.T.);
#2626 = VERTEX_POINT('',#2627);
#2627 = CARTESIAN_POINT('',(188.5,119.81410161513,13.700000007033));
#2628 = LINE('',#2629,#2630);
#2629 = CARTESIAN_POINT('',(188.5,119.81410161513,-1.299999992967));
#2630 = VECTOR('',#2631,1.);
#2631 = DIRECTION('',(0.,-1.110223024625E-16,-1.));
#2632 = ORIENTED_EDGE('',*,*,#2633,.F.);
#2633 = EDGE_CURVE('',#2617,#2626,#2634,.T.);
#2634 = CIRCLE('',#2635,4.);
#2635 = AXIS2_PLACEMENT_3D('',#2636,#2637,#2638);
#2636 = CARTESIAN_POINT('',(186.5,116.35,13.700000007033));
#2637 = DIRECTION('',(0.,-1.110223024625E-16,-1.));
#2638 = DIRECTION('',(1.,0.,0.));
#2639 = CYLINDRICAL_SURFACE('',#2640,4.);
#2640 = AXIS2_PLACEMENT_3D('',#2641,#2642,#2643);
#2641 = CARTESIAN_POINT('',(186.5,116.35,-1.299999992967));
#2642 = DIRECTION('',(0.,-1.110223024625E-16,-1.));
#2643 = DIRECTION('',(1.,0.,0.));
#2644 = ADVANCED_FACE('',(#2645),#2672,.T.);
#2645 = FACE_BOUND('',#2646,.T.);
#2646 = EDGE_LOOP('',(#2647,#2648,#2656,#2665,#2671));
#2647 = ORIENTED_EDGE('',*,*,#2602,.F.);
#2648 = ORIENTED_EDGE('',*,*,#2649,.T.);
#2649 = EDGE_CURVE('',#2595,#2650,#2652,.T.);
#2650 = VERTEX_POINT('',#2651);
#2651 = CARTESIAN_POINT('',(180.5,120.35,11.700000007033));
#2652 = LINE('',#2653,#2654);
#2653 = CARTESIAN_POINT('',(180.5,120.35,1.700000007033));
#2654 = VECTOR('',#2655,1.);
#2655 = DIRECTION('',(0.,-1.110223024625E-16,1.));
#2656 = ORIENTED_EDGE('',*,*,#2657,.T.);
#2657 = EDGE_CURVE('',#2650,#2658,#2660,.T.);
#2658 = VERTEX_POINT('',#2659);
#2659 = CARTESIAN_POINT('',(182.5,120.35,13.700000007033));
#2660 = CIRCLE('',#2661,2.);
#2661 = AXIS2_PLACEMENT_3D('',#2662,#2663,#2664);
#2662 = CARTESIAN_POINT('',(182.5,120.35,11.700000007033));
#2663 = DIRECTION('',(0.,1.,1.110223024625E-16));
#2664 = DIRECTION('',(-1.,1.591318121176E-30,-1.433331939512E-14));
#2665 = ORIENTED_EDGE('',*,*,#2666,.T.);
#2666 = EDGE_CURVE('',#2658,#2617,#2667,.T.);
#2667 = LINE('',#2668,#2669);
#2668 = CARTESIAN_POINT('',(182.5,120.35,13.700000007033));
#2669 = VECTOR('',#2670,1.);
#2670 = DIRECTION('',(1.,0.,0.));
#2671 = ORIENTED_EDGE('',*,*,#2616,.F.);
#2672 = PLANE('',#2673);
#2673 = AXIS2_PLACEMENT_3D('',#2674,#2675,#2676);
#2674 = CARTESIAN_POINT('',(185.5,120.35,6.700000007033));
#2675 = DIRECTION('',(0.,1.,1.110223024625E-16));
#2676 = DIRECTION('',(1.,0.,0.));
#2677 = ADVANCED_FACE('',(#2678),#2728,.T.);
#2678 = FACE_BOUND('',#2679,.T.);
#2679 = EDGE_LOOP('',(#2680,#2690,#2698,#2706,#2712,#2713,#2714,#2722));
#2680 = ORIENTED_EDGE('',*,*,#2681,.F.);
#2681 = EDGE_CURVE('',#2682,#2684,#2686,.T.);
#2682 = VERTEX_POINT('',#2683);
#2683 = CARTESIAN_POINT('',(180.5,109.75,24.700000007033));
#2684 = VERTEX_POINT('',#2685);
#2685 = CARTESIAN_POINT('',(180.5,109.75,3.700000007033));
#2686 = LINE('',#2687,#2688);
#2687 = CARTESIAN_POINT('',(180.5,109.75,127.70000000703));
#2688 = VECTOR('',#2689,1.);
#2689 = DIRECTION('',(0.,1.110223024625E-16,-1.));
#2690 = ORIENTED_EDGE('',*,*,#2691,.F.);
#2691 = EDGE_CURVE('',#2692,#2682,#2694,.T.);
#2692 = VERTEX_POINT('',#2693);
#2693 = CARTESIAN_POINT('',(180.5,113.35,24.700000007033));
#2694 = LINE('',#2695,#2696);
#2695 = CARTESIAN_POINT('',(180.5,91.227086383602,24.700000007033));
#2696 = VECTOR('',#2697,1.);
#2697 = DIRECTION('',(1.979475476447E-15,-1.,-1.110223024625E-16));
#2698 = ORIENTED_EDGE('',*,*,#2699,.F.);
#2699 = EDGE_CURVE('',#2700,#2692,#2702,.T.);
#2700 = VERTEX_POINT('',#2701);
#2701 = CARTESIAN_POINT('',(180.5,113.35,11.700000007033));
#2702 = LINE('',#2703,#2704);
#2703 = CARTESIAN_POINT('',(180.5,113.35,96.700000007033));
#2704 = VECTOR('',#2705,1.);
#2705 = DIRECTION('',(0.,-1.110223024625E-16,1.));
#2706 = ORIENTED_EDGE('',*,*,#2707,.T.);
#2707 = EDGE_CURVE('',#2700,#2650,#2708,.T.);
#2708 = LINE('',#2709,#2710);
#2709 = CARTESIAN_POINT('',(180.5,107.35,11.700000007033));
#2710 = VECTOR('',#2711,1.);
#2711 = DIRECTION('',(0.,1.,1.110223024625E-16));
#2712 = ORIENTED_EDGE('',*,*,#2649,.F.);
#2713 = ORIENTED_EDGE('',*,*,#2594,.F.);
#2714 = ORIENTED_EDGE('',*,*,#2715,.T.);
#2715 = EDGE_CURVE('',#2587,#2716,#2718,.T.);
#2716 = VERTEX_POINT('',#2717);
#2717 = CARTESIAN_POINT('',(180.5,113.35,3.700000007033));
#2718 = LINE('',#2719,#2720);
#2719 = CARTESIAN_POINT('',(180.5,113.35,94.839784762843));
#2720 = VECTOR('',#2721,1.);
#2721 = DIRECTION('',(0.,0.,-1.));
#2722 = ORIENTED_EDGE('',*,*,#2723,.F.);
#2723 = EDGE_CURVE('',#2684,#2716,#2724,.T.);
#2724 = LINE('',#2725,#2726);
#2725 = CARTESIAN_POINT('',(180.5,109.75,3.700000007033));
#2726 = VECTOR('',#2727,1.);
#2727 = DIRECTION('',(0.,1.,1.110223024625E-16));
#2728 = PLANE('',#2729);
#2729 = AXIS2_PLACEMENT_3D('',#2730,#2731,#2732);
#2730 = CARTESIAN_POINT('',(180.5,112.1041727672,61.754172774237));
#2731 = DIRECTION('',(-1.,-1.979475476447E-15,-2.197659250632E-31));
#2732 = DIRECTION('',(1.979475476447E-15,-1.,-1.110223024625E-16));
#2733 = ADVANCED_FACE('',(#2734),#2752,.T.);
#2734 = FACE_BOUND('',#2735,.T.);
#2735 = EDGE_LOOP('',(#2736,#2744,#2750,#2751));
#2736 = ORIENTED_EDGE('',*,*,#2737,.F.);
#2737 = EDGE_CURVE('',#2738,#2579,#2740,.T.);
#2738 = VERTEX_POINT('',#2739);
#2739 = CARTESIAN_POINT('',(179.5,113.35,3.700000007033));
#2740 = LINE('',#2741,#2742);
#2741 = CARTESIAN_POINT('',(179.5,113.35,59.312698379241));
#2742 = VECTOR('',#2743,1.);
#2743 = DIRECTION('',(0.,0.,1.));
#2744 = ORIENTED_EDGE('',*,*,#2745,.T.);
#2745 = EDGE_CURVE('',#2738,#2716,#2746,.T.);
#2746 = LINE('',#2747,#2748);
#2747 = CARTESIAN_POINT('',(150.75,113.35,3.700000007033));
#2748 = VECTOR('',#2749,1.);
#2749 = DIRECTION('',(1.,0.,0.));
#2750 = ORIENTED_EDGE('',*,*,#2715,.F.);
#2751 = ORIENTED_EDGE('',*,*,#2586,.T.);
#2752 = PLANE('',#2753);
#2753 = AXIS2_PLACEMENT_3D('',#2754,#2755,#2756);
#2754 = CARTESIAN_POINT('',(51.5,113.35,127.92539675144));
#2755 = DIRECTION('',(0.,-1.,0.));
#2756 = DIRECTION('',(0.745021878904,0.,-0.667040028749));
#2757 = ADVANCED_FACE('',(#2758),#2824,.F.);
#2758 = FACE_BOUND('',#2759,.F.);
#2759 = EDGE_LOOP('',(#2760,#2770,#2776,#2777,#2778,#2786,#2794,#2802,
    #2810,#2818));
#2760 = ORIENTED_EDGE('',*,*,#2761,.F.);
#2761 = EDGE_CURVE('',#2762,#2764,#2766,.T.);
#2762 = VERTEX_POINT('',#2763);
#2763 = CARTESIAN_POINT('',(179.5,122.35,8.685129578407));
#2764 = VERTEX_POINT('',#2765);
#2765 = CARTESIAN_POINT('',(179.5,113.35,3.474603262617));
#2766 = LINE('',#2767,#2768);
#2767 = CARTESIAN_POINT('',(179.5,104.43446950613,-1.687019654886));
#2768 = VECTOR('',#2769,1.);
#2769 = DIRECTION('',(0.,-0.865426285481,-0.501036270542));
#2770 = ORIENTED_EDGE('',*,*,#2771,.T.);
#2771 = EDGE_CURVE('',#2762,#2571,#2772,.T.);
#2772 = LINE('',#2773,#2774);
#2773 = CARTESIAN_POINT('',(179.5,122.35,-9.299999992967));
#2774 = VECTOR('',#2775,1.);
#2775 = DIRECTION('',(0.,-1.110223024625E-16,1.));
#2776 = ORIENTED_EDGE('',*,*,#2578,.F.);
#2777 = ORIENTED_EDGE('',*,*,#2737,.F.);
#2778 = ORIENTED_EDGE('',*,*,#2779,.F.);
#2779 = EDGE_CURVE('',#2780,#2738,#2782,.T.);
#2780 = VERTEX_POINT('',#2781);
#2781 = CARTESIAN_POINT('',(179.5,109.75,3.700000007033));
#2782 = LINE('',#2783,#2784);
#2783 = CARTESIAN_POINT('',(179.5,90.05,3.700000007033));
#2784 = VECTOR('',#2785,1.);
#2785 = DIRECTION('',(0.,1.,0.));
#2786 = ORIENTED_EDGE('',*,*,#2787,.F.);
#2787 = EDGE_CURVE('',#2788,#2780,#2790,.T.);
#2788 = VERTEX_POINT('',#2789);
#2789 = CARTESIAN_POINT('',(179.5,109.75,24.700000007033));
#2790 = LINE('',#2791,#2792);
#2791 = CARTESIAN_POINT('',(179.5,109.75,28.200000007033));
#2792 = VECTOR('',#2793,1.);
#2793 = DIRECTION('',(0.,0.,-1.));
#2794 = ORIENTED_EDGE('',*,*,#2795,.F.);
#2795 = EDGE_CURVE('',#2796,#2788,#2798,.T.);
#2796 = VERTEX_POINT('',#2797);
#2797 = CARTESIAN_POINT('',(179.5,107.65,24.700000007033));
#2798 = LINE('',#2799,#2800);
#2799 = CARTESIAN_POINT('',(179.5,70.35,24.700000007033));
#2800 = VECTOR('',#2801,1.);
#2801 = DIRECTION('',(0.,1.,1.110223024625E-16));
#2802 = ORIENTED_EDGE('',*,*,#2803,.F.);
#2803 = EDGE_CURVE('',#2804,#2796,#2806,.T.);
#2804 = VERTEX_POINT('',#2805);
#2805 = CARTESIAN_POINT('',(179.5,107.65,7.033378324195E-09));
#2806 = LINE('',#2807,#2808);
#2807 = CARTESIAN_POINT('',(179.5,107.65,-5.299999992967));
#2808 = VECTOR('',#2809,1.);
#2809 = DIRECTION('',(0.,2.22044604925E-16,1.));
#2810 = ORIENTED_EDGE('',*,*,#2811,.F.);
#2811 = EDGE_CURVE('',#2812,#2804,#2814,.T.);
#2812 = VERTEX_POINT('',#2813);
#2813 = CARTESIAN_POINT('',(179.5,113.35,7.033349902485E-09));
#2814 = LINE('',#2815,#2816);
#2815 = CARTESIAN_POINT('',(179.5,83.85,7.033321480776E-09));
#2816 = VECTOR('',#2817,1.);
#2817 = DIRECTION('',(0.,-1.,2.775557561563E-16));
#2818 = ORIENTED_EDGE('',*,*,#2819,.F.);
#2819 = EDGE_CURVE('',#2764,#2812,#2820,.T.);
#2820 = LINE('',#2821,#2822);
#2821 = CARTESIAN_POINT('',(179.5,113.35,28.200000007033));
#2822 = VECTOR('',#2823,1.);
#2823 = DIRECTION('',(0.,0.,-1.));
#2824 = PLANE('',#2825);
#2825 = AXIS2_PLACEMENT_3D('',#2826,#2827,#2828);
#2826 = CARTESIAN_POINT('',(179.5,70.35,-9.299999992967));
#2827 = DIRECTION('',(1.,0.,0.));
#2828 = DIRECTION('',(0.,-1.110223024625E-16,1.));
#2829 = ADVANCED_FACE('',(#2830),#2864,.T.);
#2830 = FACE_BOUND('',#2831,.T.);
#2831 = EDGE_LOOP('',(#2832,#2840,#2848,#2856,#2862,#2863));
#2832 = ORIENTED_EDGE('',*,*,#2833,.F.);
#2833 = EDGE_CURVE('',#2834,#2564,#2836,.T.);
#2834 = VERTEX_POINT('',#2835);
#2835 = CARTESIAN_POINT('',(188.5,122.35,24.700000007033));
#2836 = LINE('',#2837,#2838);
#2837 = CARTESIAN_POINT('',(188.5,122.35,35.347277172367));
#2838 = VECTOR('',#2839,1.);
#2839 = DIRECTION('',(0.,1.110223024625E-16,-1.));
#2840 = ORIENTED_EDGE('',*,*,#2841,.T.);
#2841 = EDGE_CURVE('',#2834,#2842,#2844,.T.);
#2842 = VERTEX_POINT('',#2843);
#2843 = CARTESIAN_POINT('',(190.5,122.35,24.700000007033));
#2844 = LINE('',#2845,#2846);
#2845 = CARTESIAN_POINT('',(179.5,122.35,24.700000007033));
#2846 = VECTOR('',#2847,1.);
#2847 = DIRECTION('',(1.,0.,0.));
#2848 = ORIENTED_EDGE('',*,*,#2849,.F.);
#2849 = EDGE_CURVE('',#2850,#2842,#2852,.T.);
#2850 = VERTEX_POINT('',#2851);
#2851 = CARTESIAN_POINT('',(190.5,122.35,8.685129578407));
#2852 = LINE('',#2853,#2854);
#2853 = CARTESIAN_POINT('',(190.5,122.35,34.81201973155));
#2854 = VECTOR('',#2855,1.);
#2855 = DIRECTION('',(0.,-1.110223024625E-16,1.));
#2856 = ORIENTED_EDGE('',*,*,#2857,.F.);
#2857 = EDGE_CURVE('',#2762,#2850,#2858,.T.);
#2858 = LINE('',#2859,#2860);
#2859 = CARTESIAN_POINT('',(155.25,122.35,8.685129578407));
#2860 = VECTOR('',#2861,1.);
#2861 = DIRECTION('',(1.,0.,0.));
#2862 = ORIENTED_EDGE('',*,*,#2771,.T.);
#2863 = ORIENTED_EDGE('',*,*,#2570,.F.);
#2864 = PLANE('',#2865);
#2865 = AXIS2_PLACEMENT_3D('',#2866,#2867,#2868);
#2866 = CARTESIAN_POINT('',(189.5,122.35,7.700000007033));
#2867 = DIRECTION('',(0.,1.,1.110223024625E-16));
#2868 = DIRECTION('',(1.,0.,0.));
#2869 = ADVANCED_FACE('',(#2870),#2897,.T.);
#2870 = FACE_BOUND('',#2871,.T.);
#2871 = EDGE_LOOP('',(#2872,#2882,#2888,#2889,#2890,#2891));
#2872 = ORIENTED_EDGE('',*,*,#2873,.F.);
#2873 = EDGE_CURVE('',#2874,#2876,#2878,.T.);
#2874 = VERTEX_POINT('',#2875);
#2875 = CARTESIAN_POINT('',(188.5,113.35,24.700000007033));
#2876 = VERTEX_POINT('',#2877);
#2877 = CARTESIAN_POINT('',(188.5,113.35,13.700000007033));
#2878 = LINE('',#2879,#2880);
#2879 = CARTESIAN_POINT('',(188.5,113.35,125.92539675144));
#2880 = VECTOR('',#2881,1.);
#2881 = DIRECTION('',(0.,1.110223024625E-16,-1.));
#2882 = ORIENTED_EDGE('',*,*,#2883,.F.);
#2883 = EDGE_CURVE('',#2834,#2874,#2884,.T.);
#2884 = LINE('',#2885,#2886);
#2885 = CARTESIAN_POINT('',(188.5,110.17068684325,24.700000007033));
#2886 = VECTOR('',#2887,1.);
#2887 = DIRECTION('',(0.,-1.,-1.110223024625E-16));
#2888 = ORIENTED_EDGE('',*,*,#2833,.T.);
#2889 = ORIENTED_EDGE('',*,*,#2563,.F.);
#2890 = ORIENTED_EDGE('',*,*,#2625,.F.);
#2891 = ORIENTED_EDGE('',*,*,#2892,.F.);
#2892 = EDGE_CURVE('',#2876,#2626,#2893,.T.);
#2893 = LINE('',#2894,#2895);
#2894 = CARTESIAN_POINT('',(188.5,107.35,13.700000007033));
#2895 = VECTOR('',#2896,1.);
#2896 = DIRECTION('',(0.,1.,1.110223024625E-16));
#2897 = PLANE('',#2898);
#2898 = AXIS2_PLACEMENT_3D('',#2899,#2900,#2901);
#2899 = CARTESIAN_POINT('',(188.5,149.9913736865,62.9945543377));
#2900 = DIRECTION('',(-1.,0.,0.));
#2901 = DIRECTION('',(0.,-0.707106781187,0.707106781187));
#2902 = ADVANCED_FACE('',(#2903),#2922,.F.);
#2903 = FACE_BOUND('',#2904,.F.);
#2904 = EDGE_LOOP('',(#2905,#2906,#2914,#2920,#2921));
#2905 = ORIENTED_EDGE('',*,*,#2892,.F.);
#2906 = ORIENTED_EDGE('',*,*,#2907,.T.);
#2907 = EDGE_CURVE('',#2876,#2908,#2910,.T.);
#2908 = VERTEX_POINT('',#2909);
#2909 = CARTESIAN_POINT('',(182.5,113.35,13.700000007033));
#2910 = LINE('',#2911,#2912);
#2911 = CARTESIAN_POINT('',(151.75,113.35,13.700000007033));
#2912 = VECTOR('',#2913,1.);
#2913 = DIRECTION('',(-1.,0.,0.));
#2914 = ORIENTED_EDGE('',*,*,#2915,.T.);
#2915 = EDGE_CURVE('',#2908,#2658,#2916,.T.);
#2916 = LINE('',#2917,#2918);
#2917 = CARTESIAN_POINT('',(182.5,107.35,13.700000007033));
#2918 = VECTOR('',#2919,1.);
#2919 = DIRECTION('',(0.,1.,1.110223024625E-16));
#2920 = ORIENTED_EDGE('',*,*,#2666,.T.);
#2921 = ORIENTED_EDGE('',*,*,#2633,.T.);
#2922 = PLANE('',#2923);
#2923 = AXIS2_PLACEMENT_3D('',#2924,#2925,#2926);
#2924 = CARTESIAN_POINT('',(182.5,107.35,13.700000007033));
#2925 = DIRECTION('',(0.,1.110223024625E-16,-1.));
#2926 = DIRECTION('',(1.,0.,0.));
#2927 = ADVANCED_FACE('',(#2928),#2940,.T.);
#2928 = FACE_BOUND('',#2929,.F.);
#2929 = EDGE_LOOP('',(#2930,#2937,#2938,#2939));
#2930 = ORIENTED_EDGE('',*,*,#2931,.T.);
#2931 = EDGE_CURVE('',#2908,#2700,#2932,.T.);
#2932 = CIRCLE('',#2933,2.);
#2933 = AXIS2_PLACEMENT_3D('',#2934,#2935,#2936);
#2934 = CARTESIAN_POINT('',(182.5,113.35,11.700000007033));
#2935 = DIRECTION('',(0.,-1.,-1.110223024625E-16));
#2936 = DIRECTION('',(-1.,1.591318121176E-30,-1.433331939512E-14));
#2937 = ORIENTED_EDGE('',*,*,#2707,.T.);
#2938 = ORIENTED_EDGE('',*,*,#2657,.T.);
#2939 = ORIENTED_EDGE('',*,*,#2915,.F.);
#2940 = CYLINDRICAL_SURFACE('',#2941,2.);
#2941 = AXIS2_PLACEMENT_3D('',#2942,#2943,#2944);
#2942 = CARTESIAN_POINT('',(182.5,107.35,11.700000007033));
#2943 = DIRECTION('',(-0.,-1.,-1.110223024625E-16));
#2944 = DIRECTION('',(-1.,1.591318121176E-30,-1.433331939512E-14));
#2945 = ADVANCED_FACE('',(#2946),#2962,.T.);
#2946 = FACE_BOUND('',#2947,.T.);
#2947 = EDGE_LOOP('',(#2948,#2954,#2955,#2961));
#2948 = ORIENTED_EDGE('',*,*,#2949,.F.);
#2949 = EDGE_CURVE('',#2682,#2788,#2950,.T.);
#2950 = LINE('',#2951,#2952);
#2951 = CARTESIAN_POINT('',(150.25,109.75,24.700000007033));
#2952 = VECTOR('',#2953,1.);
#2953 = DIRECTION('',(-1.,0.,0.));
#2954 = ORIENTED_EDGE('',*,*,#2681,.T.);
#2955 = ORIENTED_EDGE('',*,*,#2956,.T.);
#2956 = EDGE_CURVE('',#2684,#2780,#2957,.T.);
#2957 = LINE('',#2958,#2959);
#2958 = CARTESIAN_POINT('',(180.5,109.75,3.700000007033));
#2959 = VECTOR('',#2960,1.);
#2960 = DIRECTION('',(-1.,0.,0.));
#2961 = ORIENTED_EDGE('',*,*,#2787,.F.);
#2962 = PLANE('',#2963);
#2963 = AXIS2_PLACEMENT_3D('',#2964,#2965,#2966);
#2964 = CARTESIAN_POINT('',(121.,109.75,65.700000007033));
#2965 = DIRECTION('',(0.,1.,1.110223024625E-16));
#2966 = DIRECTION('',(1.,0.,0.));
#2967 = ADVANCED_FACE('',(#2968),#2974,.T.);
#2968 = FACE_BOUND('',#2969,.T.);
#2969 = EDGE_LOOP('',(#2970,#2971,#2972,#2973));
#2970 = ORIENTED_EDGE('',*,*,#2956,.F.);
#2971 = ORIENTED_EDGE('',*,*,#2723,.T.);
#2972 = ORIENTED_EDGE('',*,*,#2745,.F.);
#2973 = ORIENTED_EDGE('',*,*,#2779,.F.);
#2974 = PLANE('',#2975);
#2975 = AXIS2_PLACEMENT_3D('',#2976,#2977,#2978);
#2976 = CARTESIAN_POINT('',(180.5,109.75,3.700000007033));
#2977 = DIRECTION('',(0.,-1.110223024625E-16,1.));
#2978 = DIRECTION('',(-1.,0.,0.));
#2979 = ADVANCED_FACE('',(#2980),#2992,.T.);
#2980 = FACE_BOUND('',#2981,.T.);
#2981 = EDGE_LOOP('',(#2982,#2983,#2984,#2990,#2991));
#2982 = ORIENTED_EDGE('',*,*,#2931,.T.);
#2983 = ORIENTED_EDGE('',*,*,#2699,.T.);
#2984 = ORIENTED_EDGE('',*,*,#2985,.F.);
#2985 = EDGE_CURVE('',#2874,#2692,#2986,.T.);
#2986 = LINE('',#2987,#2988);
#2987 = CARTESIAN_POINT('',(150.25,113.35,24.700000007033));
#2988 = VECTOR('',#2989,1.);
#2989 = DIRECTION('',(-1.,0.,0.));
#2990 = ORIENTED_EDGE('',*,*,#2873,.T.);
#2991 = ORIENTED_EDGE('',*,*,#2907,.T.);
#2992 = PLANE('',#2993);
#2993 = AXIS2_PLACEMENT_3D('',#2994,#2995,#2996);
#2994 = CARTESIAN_POINT('',(121.,113.35,65.700000007033));
#2995 = DIRECTION('',(0.,1.,1.110223024625E-16));
#2996 = DIRECTION('',(1.,0.,0.));
#2997 = ADVANCED_FACE('',(#2998),#3084,.F.);
#2998 = FACE_BOUND('',#2999,.F.);
#2999 = EDGE_LOOP('',(#3000,#3008,#3009,#3010,#3011,#3012,#3013,#3014,
    #3022,#3030,#3038,#3046,#3054,#3062,#3070,#3078));
#3000 = ORIENTED_EDGE('',*,*,#3001,.F.);
#3001 = EDGE_CURVE('',#2796,#3002,#3004,.T.);
#3002 = VERTEX_POINT('',#3003);
#3003 = CARTESIAN_POINT('',(183.30869565217,107.65,24.700000007033));
#3004 = LINE('',#3005,#3006);
#3005 = CARTESIAN_POINT('',(186.,107.65,24.700000007033));
#3006 = VECTOR('',#3007,1.);
#3007 = DIRECTION('',(1.,0.,0.));
#3008 = ORIENTED_EDGE('',*,*,#2795,.T.);
#3009 = ORIENTED_EDGE('',*,*,#2949,.F.);
#3010 = ORIENTED_EDGE('',*,*,#2691,.F.);
#3011 = ORIENTED_EDGE('',*,*,#2985,.F.);
#3012 = ORIENTED_EDGE('',*,*,#2883,.F.);
#3013 = ORIENTED_EDGE('',*,*,#2841,.T.);
#3014 = ORIENTED_EDGE('',*,*,#3015,.F.);
#3015 = EDGE_CURVE('',#3016,#2842,#3018,.T.);
#3016 = VERTEX_POINT('',#3017);
#3017 = CARTESIAN_POINT('',(190.5,107.65,24.700000007033));
#3018 = LINE('',#3019,#3020);
#3019 = CARTESIAN_POINT('',(190.5,108.29668683704,24.700000007033));
#3020 = VECTOR('',#3021,1.);
#3021 = DIRECTION('',(0.,1.,1.110223024625E-16));
#3022 = ORIENTED_EDGE('',*,*,#3023,.F.);
#3023 = EDGE_CURVE('',#3024,#3016,#3026,.T.);
#3024 = VERTEX_POINT('',#3025);
#3025 = CARTESIAN_POINT('',(187.69130434782,107.65,24.700000007033));
#3026 = LINE('',#3027,#3028);
#3027 = CARTESIAN_POINT('',(186.,107.65,24.700000007033));
#3028 = VECTOR('',#3029,1.);
#3029 = DIRECTION('',(1.,0.,0.));
#3030 = ORIENTED_EDGE('',*,*,#3031,.F.);
#3031 = EDGE_CURVE('',#3032,#3024,#3034,.T.);
#3032 = VERTEX_POINT('',#3033);
#3033 = CARTESIAN_POINT('',(188.07895362983,108.24439556574,
    24.700000007033));
#3034 = LINE('',#3035,#3036);
#3035 = CARTESIAN_POINT('',(177.7399867374,92.391312997347,
    24.700000007033));
#3036 = VECTOR('',#3037,1.);
#3037 = DIRECTION('',(-0.546267780547,-0.837610596839,
    -9.299345702802E-17));
#3038 = ORIENTED_EDGE('',*,*,#3039,.F.);
#3039 = EDGE_CURVE('',#3040,#3032,#3042,.T.);
#3040 = VERTEX_POINT('',#3041);
#3041 = CARTESIAN_POINT('',(188.86867108287,109.35,24.700000007033));
#3042 = LINE('',#3043,#3044);
#3043 = CARTESIAN_POINT('',(177.20600946173,93.022273730401,
    24.700000007033));
#3044 = VECTOR('',#3045,1.);
#3045 = DIRECTION('',(-0.581238193719,-0.813733471207,
    -9.034256356419E-17));
#3046 = ORIENTED_EDGE('',*,*,#3047,.F.);
#3047 = EDGE_CURVE('',#3048,#3040,#3050,.T.);
#3048 = VERTEX_POINT('',#3049);
#3049 = CARTESIAN_POINT('',(188.86867108287,109.65,24.700000007033));
#3050 = LINE('',#3051,#3052);
#3051 = CARTESIAN_POINT('',(188.86867108287,89.85,24.700000007033));
#3052 = VECTOR('',#3053,1.);
#3053 = DIRECTION('',(0.,-1.,-1.110223024625E-16));
#3054 = ORIENTED_EDGE('',*,*,#3055,.F.);
#3055 = EDGE_CURVE('',#3056,#3048,#3058,.T.);
#3056 = VERTEX_POINT('',#3057);
#3057 = CARTESIAN_POINT('',(182.13132891712,109.65,24.700000007033));
#3058 = LINE('',#3059,#3060);
#3059 = CARTESIAN_POINT('',(182.5,109.65,24.700000007033));
#3060 = VECTOR('',#3061,1.);
#3061 = DIRECTION('',(1.,0.,0.));
#3062 = ORIENTED_EDGE('',*,*,#3063,.F.);
#3063 = EDGE_CURVE('',#3064,#3056,#3066,.T.);
#3064 = VERTEX_POINT('',#3065);
#3065 = CARTESIAN_POINT('',(182.13132891712,109.35,24.700000007033));
#3066 = LINE('',#3067,#3068);
#3067 = CARTESIAN_POINT('',(182.13132891712,90.,24.700000007033));
#3068 = VECTOR('',#3069,1.);
#3069 = DIRECTION('',(0.,1.,1.110223024625E-16));
#3070 = ORIENTED_EDGE('',*,*,#3071,.F.);
#3071 = EDGE_CURVE('',#3072,#3064,#3074,.T.);
#3072 = VERTEX_POINT('',#3073);
#3073 = CARTESIAN_POINT('',(182.92104637016,108.24439556574,
    24.700000007033));
#3074 = LINE('',#3075,#3076);
#3075 = CARTESIAN_POINT('',(190.90982065409,97.060111568239,
    24.700000007033));
#3076 = VECTOR('',#3077,1.);
#3077 = DIRECTION('',(-0.581238193719,0.813733471207,9.034256356419E-17)
  );
#3078 = ORIENTED_EDGE('',*,*,#3079,.F.);
#3079 = EDGE_CURVE('',#3002,#3072,#3080,.T.);
#3080 = LINE('',#3081,#3082);
#3081 = CARTESIAN_POINT('',(190.71956233421,96.286671087533,
    24.700000007033));
#3082 = VECTOR('',#3083,1.);
#3083 = DIRECTION('',(-0.546267780547,0.837610596839,9.299345702802E-17)
  );
#3084 = PLANE('',#3085);
#3085 = AXIS2_PLACEMENT_3D('',#3086,#3087,#3088);
#3086 = CARTESIAN_POINT('',(179.5,70.35,24.700000007033));
#3087 = DIRECTION('',(0.,1.110223024625E-16,-1.));
#3088 = DIRECTION('',(1.,0.,0.));
#3089 = ADVANCED_FACE('',(#3090),#3132,.T.);
#3090 = FACE_BOUND('',#3091,.T.);
#3091 = EDGE_LOOP('',(#3092,#3093,#3100,#3109,#3117,#3125,#3131));
#3092 = ORIENTED_EDGE('',*,*,#2857,.T.);
#3093 = ORIENTED_EDGE('',*,*,#3094,.F.);
#3094 = EDGE_CURVE('',#3095,#2850,#3097,.T.);
#3095 = VERTEX_POINT('',#3096);
#3096 = CARTESIAN_POINT('',(190.5,116.34999999999,5.211445367879));
#3097 = B_SPLINE_CURVE_WITH_KNOTS('',1,(#3098,#3099),.UNSPECIFIED.,.F.,
  .F.,(2,2),(0.,1.),.PIECEWISE_BEZIER_KNOTS.);
#3098 = CARTESIAN_POINT('',(190.5,113.35,3.474603262617));
#3099 = CARTESIAN_POINT('',(190.5,153.65508652763,26.809127041773));
#3100 = ORIENTED_EDGE('',*,*,#3101,.F.);
#3101 = EDGE_CURVE('',#3102,#3095,#3104,.T.);
#3102 = VERTEX_POINT('',#3103);
#3103 = CARTESIAN_POINT('',(186.5,120.35,7.527234841565));
#3104 = ELLIPSE('',#3105,4.621999663179,4.);
#3105 = AXIS2_PLACEMENT_3D('',#3106,#3107,#3108);
#3106 = CARTESIAN_POINT('',(186.5,116.35,5.21144536788));
#3107 = DIRECTION('',(0.,0.501036270542,-0.865426285481));
#3108 = DIRECTION('',(0.,-0.865426285481,-0.501036270542));
#3109 = ORIENTED_EDGE('',*,*,#3110,.F.);
#3110 = EDGE_CURVE('',#3111,#3102,#3113,.T.);
#3111 = VERTEX_POINT('',#3112);
#3112 = CARTESIAN_POINT('',(180.5,120.35,7.527234841565));
#3113 = LINE('',#3114,#3115);
#3114 = CARTESIAN_POINT('',(188.,120.35,7.527234841564));
#3115 = VECTOR('',#3116,1.);
#3116 = DIRECTION('',(1.,0.,0.));
#3117 = ORIENTED_EDGE('',*,*,#3118,.F.);
#3118 = EDGE_CURVE('',#3119,#3111,#3121,.T.);
#3119 = VERTEX_POINT('',#3120);
#3120 = CARTESIAN_POINT('',(180.5,113.35,3.474603262617));
#3121 = LINE('',#3122,#3123);
#3122 = CARTESIAN_POINT('',(180.5,145.67130508631,22.186937786273));
#3123 = VECTOR('',#3124,1.);
#3124 = DIRECTION('',(-1.713090108782E-15,0.865426285481,0.501036270542)
  );
#3125 = ORIENTED_EDGE('',*,*,#3126,.T.);
#3126 = EDGE_CURVE('',#3119,#2764,#3127,.T.);
#3127 = LINE('',#3128,#3129);
#3128 = CARTESIAN_POINT('',(190.5,113.35,3.474603262617));
#3129 = VECTOR('',#3130,1.);
#3130 = DIRECTION('',(-1.,0.,0.));
#3131 = ORIENTED_EDGE('',*,*,#2761,.F.);
#3132 = PLANE('',#3133);
#3133 = AXIS2_PLACEMENT_3D('',#3134,#3135,#3136);
#3134 = CARTESIAN_POINT('',(121.,133.26352839072,15.003488120403));
#3135 = DIRECTION('',(0.,0.501036270542,-0.865426285481));
#3136 = DIRECTION('',(0.,-0.865426285481,-0.501036270542));
#3137 = ADVANCED_FACE('',(#3138),#3165,.T.);
#3138 = FACE_BOUND('',#3139,.T.);
#3139 = EDGE_LOOP('',(#3140,#3148,#3149,#3150,#3158));
#3140 = ORIENTED_EDGE('',*,*,#3141,.T.);
#3141 = EDGE_CURVE('',#3142,#2812,#3144,.T.);
#3142 = VERTEX_POINT('',#3143);
#3143 = CARTESIAN_POINT('',(181.44643462471,113.35,7.033349902485E-09));
#3144 = LINE('',#3145,#3146);
#3145 = CARTESIAN_POINT('',(121.,113.35,7.033328586203E-09));
#3146 = VECTOR('',#3147,1.);
#3147 = DIRECTION('',(-1.,0.,-0.));
#3148 = ORIENTED_EDGE('',*,*,#2819,.F.);
#3149 = ORIENTED_EDGE('',*,*,#3126,.F.);
#3150 = ORIENTED_EDGE('',*,*,#3151,.T.);
#3151 = EDGE_CURVE('',#3119,#3152,#3154,.T.);
#3152 = VERTEX_POINT('',#3153);
#3153 = CARTESIAN_POINT('',(180.5,113.35,1.700000007033));
#3154 = LINE('',#3155,#3156);
#3155 = CARTESIAN_POINT('',(180.5,113.35,33.700000007033));
#3156 = VECTOR('',#3157,1.);
#3157 = DIRECTION('',(0.,1.110223024625E-16,-1.));
#3158 = ORIENTED_EDGE('',*,*,#3159,.T.);
#3159 = EDGE_CURVE('',#3152,#3142,#3160,.T.);
#3160 = CIRCLE('',#3161,2.);
#3161 = AXIS2_PLACEMENT_3D('',#3162,#3163,#3164);
#3162 = CARTESIAN_POINT('',(182.5,113.35,1.700000007033));
#3163 = DIRECTION('',(0.,-1.,-1.110223024625E-16));
#3164 = DIRECTION('',(1.432187701766E-14,1.110223024625E-16,-1.));
#3165 = PLANE('',#3166);
#3166 = AXIS2_PLACEMENT_3D('',#3167,#3168,#3169);
#3167 = CARTESIAN_POINT('',(121.,113.35,65.700000007033));
#3168 = DIRECTION('',(0.,1.,1.110223024625E-16));
#3169 = DIRECTION('',(1.,0.,0.));
#3170 = ADVANCED_FACE('',(#3171,#3278),#3289,.T.);
#3171 = FACE_BOUND('',#3172,.T.);
#3172 = EDGE_LOOP('',(#3173,#3181,#3182,#3183,#3191,#3199,#3208,#3216,
    #3224,#3232,#3240,#3248,#3256,#3264,#3272));
#3173 = ORIENTED_EDGE('',*,*,#3174,.T.);
#3174 = EDGE_CURVE('',#3175,#2804,#3177,.T.);
#3175 = VERTEX_POINT('',#3176);
#3176 = CARTESIAN_POINT('',(183.30869565217,107.65,7.033378324195E-09));
#3177 = LINE('',#3178,#3179);
#3178 = CARTESIAN_POINT('',(156.75,107.65,7.033349902485E-09));
#3179 = VECTOR('',#3180,1.);
#3180 = DIRECTION('',(-1.,0.,-0.));
#3181 = ORIENTED_EDGE('',*,*,#2811,.F.);
#3182 = ORIENTED_EDGE('',*,*,#3141,.F.);
#3183 = ORIENTED_EDGE('',*,*,#3184,.F.);
#3184 = EDGE_CURVE('',#3185,#3142,#3187,.T.);
#3185 = VERTEX_POINT('',#3186);
#3186 = CARTESIAN_POINT('',(181.44643462471,120.35,7.033349902485E-09));
#3187 = LINE('',#3188,#3189);
#3188 = CARTESIAN_POINT('',(181.44643462471,107.35,7.033335691631E-09));
#3189 = VECTOR('',#3190,1.);
#3190 = DIRECTION('',(0.,-1.,-1.110223024625E-16));
#3191 = ORIENTED_EDGE('',*,*,#3192,.F.);
#3192 = EDGE_CURVE('',#3193,#3185,#3195,.T.);
#3193 = VERTEX_POINT('',#3194);
#3194 = CARTESIAN_POINT('',(186.5,120.35,7.033349902485E-09));
#3195 = LINE('',#3196,#3197);
#3196 = CARTESIAN_POINT('',(153.25,120.35,7.033335691631E-09));
#3197 = VECTOR('',#3198,1.);
#3198 = DIRECTION('',(-1.,0.,-0.));
#3199 = ORIENTED_EDGE('',*,*,#3200,.T.);
#3200 = EDGE_CURVE('',#3193,#3201,#3203,.T.);
#3201 = VERTEX_POINT('',#3202);
#3202 = CARTESIAN_POINT('',(189.55356536698,118.93374506283,
    7.033378324195E-09));
#3203 = CIRCLE('',#3204,4.);
#3204 = AXIS2_PLACEMENT_3D('',#3205,#3206,#3207);
#3205 = CARTESIAN_POINT('',(186.5,116.35,7.033335691631E-09));
#3206 = DIRECTION('',(0.,-1.110223024625E-16,-1.));
#3207 = DIRECTION('',(1.,0.,0.));
#3208 = ORIENTED_EDGE('',*,*,#3209,.T.);
#3209 = EDGE_CURVE('',#3201,#3210,#3212,.T.);
#3210 = VERTEX_POINT('',#3211);
#3211 = CARTESIAN_POINT('',(189.55356537529,107.65,7.033378324195E-09));
#3212 = LINE('',#3213,#3214);
#3213 = CARTESIAN_POINT('',(189.55356537528,107.35,7.033335691631E-09));
#3214 = VECTOR('',#3215,1.);
#3215 = DIRECTION('',(0.,-1.,-1.110223024625E-16));
#3216 = ORIENTED_EDGE('',*,*,#3217,.T.);
#3217 = EDGE_CURVE('',#3210,#3218,#3220,.T.);
#3218 = VERTEX_POINT('',#3219);
#3219 = CARTESIAN_POINT('',(187.69130434782,107.65,7.033378324195E-09));
#3220 = LINE('',#3221,#3222);
#3221 = CARTESIAN_POINT('',(156.75,107.65,7.033349902485E-09));
#3222 = VECTOR('',#3223,1.);
#3223 = DIRECTION('',(-1.,0.,-0.));
#3224 = ORIENTED_EDGE('',*,*,#3225,.F.);
#3225 = EDGE_CURVE('',#3226,#3218,#3228,.T.);
#3226 = VERTEX_POINT('',#3227);
#3227 = CARTESIAN_POINT('',(188.07895362983,108.24439556574,
    7.033378324195E-09));
#3228 = LINE('',#3229,#3230);
#3229 = CARTESIAN_POINT('',(175.18859416445,88.479177718833,
    7.033349902485E-09));
#3230 = VECTOR('',#3231,1.);
#3231 = DIRECTION('',(-0.546267780547,-0.837610596839,2.22044604925E-16)
  );
#3232 = ORIENTED_EDGE('',*,*,#3233,.T.);
#3233 = EDGE_CURVE('',#3226,#3234,#3236,.T.);
#3234 = VERTEX_POINT('',#3235);
#3235 = CARTESIAN_POINT('',(188.86867108287,109.35,7.033349902485E-09));
#3236 = LINE('',#3237,#3238);
#3237 = CARTESIAN_POINT('',(173.70938784011,88.127003460131,
    7.033342797058E-09));
#3238 = VECTOR('',#3239,1.);
#3239 = DIRECTION('',(0.581238193719,0.813733471207,-1.665334536938E-16)
  );
#3240 = ORIENTED_EDGE('',*,*,#3241,.T.);
#3241 = EDGE_CURVE('',#3234,#3242,#3244,.T.);
#3242 = VERTEX_POINT('',#3243);
#3243 = CARTESIAN_POINT('',(188.86867108287,109.65,7.033378324195E-09));
#3244 = LINE('',#3245,#3246);
#3245 = CARTESIAN_POINT('',(188.86867108287,103.35,7.033335691631E-09));
#3246 = VECTOR('',#3247,1.);
#3247 = DIRECTION('',(0.,1.,-2.22044604925E-16));
#3248 = ORIENTED_EDGE('',*,*,#3249,.T.);
#3249 = EDGE_CURVE('',#3242,#3250,#3252,.T.);
#3250 = VERTEX_POINT('',#3251);
#3251 = CARTESIAN_POINT('',(182.13132891712,109.65,7.033378324195E-09));
#3252 = LINE('',#3253,#3254);
#3253 = CARTESIAN_POINT('',(154.93433554143,109.65,7.033349902485E-09));
#3254 = VECTOR('',#3255,1.);
#3255 = DIRECTION('',(-1.,0.,-0.));
#3256 = ORIENTED_EDGE('',*,*,#3257,.T.);
#3257 = EDGE_CURVE('',#3250,#3258,#3260,.T.);
#3258 = VERTEX_POINT('',#3259);
#3259 = CARTESIAN_POINT('',(182.13132891712,109.35,7.033349902485E-09));
#3260 = LINE('',#3261,#3262);
#3261 = CARTESIAN_POINT('',(182.13132891712,103.5,7.033349902485E-09));
#3262 = VECTOR('',#3263,1.);
#3263 = DIRECTION('',(0.,-1.,2.22044604925E-16));
#3264 = ORIENTED_EDGE('',*,*,#3265,.T.);
#3265 = EDGE_CURVE('',#3258,#3266,#3268,.T.);
#3266 = VERTEX_POINT('',#3267);
#3267 = CARTESIAN_POINT('',(182.92104637016,108.24439556574,
    7.033349902485E-09));
#3268 = LINE('',#3269,#3270);
#3269 = CARTESIAN_POINT('',(174.6429287622,119.83376021688,
    7.033321480776E-09));
#3270 = VECTOR('',#3271,1.);
#3271 = DIRECTION('',(0.581238193719,-0.813733471207,1.665334536938E-16)
  );
#3272 = ORIENTED_EDGE('',*,*,#3273,.F.);
#3273 = EDGE_CURVE('',#3175,#3266,#3274,.T.);
#3274 = LINE('',#3275,#3276);
#3275 = CARTESIAN_POINT('',(175.81405835543,119.14177718832,
    7.033349902485E-09));
#3276 = VECTOR('',#3277,1.);
#3277 = DIRECTION('',(-0.546267780547,0.837610596839,-2.22044604925E-16)
  );
#3278 = FACE_BOUND('',#3279,.T.);
#3279 = EDGE_LOOP('',(#3280));
#3280 = ORIENTED_EDGE('',*,*,#3281,.T.);
#3281 = EDGE_CURVE('',#3282,#3282,#3284,.T.);
#3282 = VERTEX_POINT('',#3283);
#3283 = CARTESIAN_POINT('',(187.55,114.35,7.033349902485E-09));
#3284 = CIRCLE('',#3285,2.05);
#3285 = AXIS2_PLACEMENT_3D('',#3286,#3287,#3288);
#3286 = CARTESIAN_POINT('',(185.5,114.35,7.033335691631E-09));
#3287 = DIRECTION('',(-0.,1.110223024625E-16,1.));
#3288 = DIRECTION('',(1.,0.,0.));
#3289 = PLANE('',#3290);
#3290 = AXIS2_PLACEMENT_3D('',#3291,#3292,#3293);
#3291 = CARTESIAN_POINT('',(121.,97.35,7.033335691631E-09));
#3292 = DIRECTION('',(0.,-2.22044604925E-16,-1.));
#3293 = DIRECTION('',(0.,1.,-2.22044604925E-16));
#3294 = ADVANCED_FACE('',(#3295),#3306,.T.);
#3295 = FACE_BOUND('',#3296,.T.);
#3296 = EDGE_LOOP('',(#3297,#3303,#3304,#3305));
#3297 = ORIENTED_EDGE('',*,*,#3298,.F.);
#3298 = EDGE_CURVE('',#3002,#3175,#3299,.T.);
#3299 = LINE('',#3300,#3301);
#3300 = CARTESIAN_POINT('',(183.30869565217,107.65,-1.299999992967));
#3301 = VECTOR('',#3302,1.);
#3302 = DIRECTION('',(0.,-2.22044604925E-16,-1.));
#3303 = ORIENTED_EDGE('',*,*,#3001,.F.);
#3304 = ORIENTED_EDGE('',*,*,#2803,.F.);
#3305 = ORIENTED_EDGE('',*,*,#3174,.F.);
#3306 = PLANE('',#3307);
#3307 = AXIS2_PLACEMENT_3D('',#3308,#3309,#3310);
#3308 = CARTESIAN_POINT('',(192.5,107.65,-1.299999992967));
#3309 = DIRECTION('',(0.,-1.,1.110223024625E-16));
#3310 = DIRECTION('',(-1.,0.,0.));
#3311 = ADVANCED_FACE('',(#3312),#3339,.T.);
#3312 = FACE_BOUND('',#3313,.T.);
#3313 = EDGE_LOOP('',(#3314,#3322,#3323,#3324,#3325,#3333));
#3314 = ORIENTED_EDGE('',*,*,#3315,.T.);
#3315 = EDGE_CURVE('',#3316,#3095,#3318,.T.);
#3316 = VERTEX_POINT('',#3317);
#3317 = CARTESIAN_POINT('',(190.5,116.35,1.700000007033));
#3318 = LINE('',#3319,#3320);
#3319 = CARTESIAN_POINT('',(190.5,116.35,-1.299999992967));
#3320 = VECTOR('',#3321,1.);
#3321 = DIRECTION('',(0.,1.110223024625E-16,1.));
#3322 = ORIENTED_EDGE('',*,*,#3094,.T.);
#3323 = ORIENTED_EDGE('',*,*,#2849,.T.);
#3324 = ORIENTED_EDGE('',*,*,#3015,.F.);
#3325 = ORIENTED_EDGE('',*,*,#3326,.T.);
#3326 = EDGE_CURVE('',#3016,#3327,#3329,.T.);
#3327 = VERTEX_POINT('',#3328);
#3328 = CARTESIAN_POINT('',(190.5,107.65,1.700000007033));
#3329 = LINE('',#3330,#3331);
#3330 = CARTESIAN_POINT('',(190.5,107.65,30.172724156156));
#3331 = VECTOR('',#3332,1.);
#3332 = DIRECTION('',(0.,-1.110223024625E-16,-1.));
#3333 = ORIENTED_EDGE('',*,*,#3334,.T.);
#3334 = EDGE_CURVE('',#3327,#3316,#3335,.T.);
#3335 = LINE('',#3336,#3337);
#3336 = CARTESIAN_POINT('',(190.5,107.35,1.700000007033));
#3337 = VECTOR('',#3338,1.);
#3338 = DIRECTION('',(0.,1.,1.110223024625E-16));
#3339 = PLANE('',#3340);
#3340 = AXIS2_PLACEMENT_3D('',#3341,#3342,#3343);
#3341 = CARTESIAN_POINT('',(190.5,146.24337367409,61.924039456067));
#3342 = DIRECTION('',(1.,0.,0.));
#3343 = DIRECTION('',(0.,0.707106781187,-0.707106781187));
#3344 = ADVANCED_FACE('',(#3345),#3356,.T.);
#3345 = FACE_BOUND('',#3346,.T.);
#3346 = EDGE_LOOP('',(#3347,#3348,#3354,#3355));
#3347 = ORIENTED_EDGE('',*,*,#3273,.T.);
#3348 = ORIENTED_EDGE('',*,*,#3349,.T.);
#3349 = EDGE_CURVE('',#3266,#3072,#3350,.T.);
#3350 = LINE('',#3351,#3352);
#3351 = CARTESIAN_POINT('',(182.92104637016,108.24439556574,
    -1.299999992967));
#3352 = VECTOR('',#3353,1.);
#3353 = DIRECTION('',(6.556193626703E-16,0.,1.));
#3354 = ORIENTED_EDGE('',*,*,#3079,.F.);
#3355 = ORIENTED_EDGE('',*,*,#3298,.T.);
#3356 = PLANE('',#3357);
#3357 = AXIS2_PLACEMENT_3D('',#3358,#3359,#3360);
#3358 = CARTESIAN_POINT('',(182.2,109.35,-1.299999992967));
#3359 = DIRECTION('',(0.837610596839,0.546267780547,-6.064790675741E-17)
  );
#3360 = DIRECTION('',(0.546267780547,-0.837610596839,-2.789803710841E-16
    ));
#3361 = ADVANCED_FACE('',(#3362),#3373,.T.);
#3362 = FACE_BOUND('',#3363,.T.);
#3363 = EDGE_LOOP('',(#3364,#3365,#3371,#3372));
#3364 = ORIENTED_EDGE('',*,*,#3265,.F.);
#3365 = ORIENTED_EDGE('',*,*,#3366,.T.);
#3366 = EDGE_CURVE('',#3258,#3064,#3367,.T.);
#3367 = LINE('',#3368,#3369);
#3368 = CARTESIAN_POINT('',(182.13132891712,109.35,-1.299999992967));
#3369 = VECTOR('',#3370,1.);
#3370 = DIRECTION('',(0.,2.22044604925E-16,1.));
#3371 = ORIENTED_EDGE('',*,*,#3071,.F.);
#3372 = ORIENTED_EDGE('',*,*,#3349,.F.);
#3373 = PLANE('',#3374);
#3374 = AXIS2_PLACEMENT_3D('',#3375,#3376,#3377);
#3375 = CARTESIAN_POINT('',(182.13132891712,109.35,-1.299999992967));
#3376 = DIRECTION('',(0.813733471207,0.581238193719,-1.110223024625E-16)
  );
#3377 = DIRECTION('',(0.581238193719,-0.813733471207,1.665334536938E-16)
  );
#3378 = ADVANCED_FACE('',(#3379),#3390,.T.);
#3379 = FACE_BOUND('',#3380,.T.);
#3380 = EDGE_LOOP('',(#3381,#3382,#3388,#3389));
#3381 = ORIENTED_EDGE('',*,*,#3257,.F.);
#3382 = ORIENTED_EDGE('',*,*,#3383,.T.);
#3383 = EDGE_CURVE('',#3250,#3056,#3384,.T.);
#3384 = LINE('',#3385,#3386);
#3385 = CARTESIAN_POINT('',(182.13132891712,109.65,-1.299999992967));
#3386 = VECTOR('',#3387,1.);
#3387 = DIRECTION('',(0.,2.22044604925E-16,1.));
#3388 = ORIENTED_EDGE('',*,*,#3063,.F.);
#3389 = ORIENTED_EDGE('',*,*,#3366,.F.);
#3390 = PLANE('',#3391);
#3391 = AXIS2_PLACEMENT_3D('',#3392,#3393,#3394);
#3392 = CARTESIAN_POINT('',(182.13132891712,109.65,-1.299999992967));
#3393 = DIRECTION('',(1.,0.,0.));
#3394 = DIRECTION('',(0.,-1.,1.110223024625E-16));
#3395 = ADVANCED_FACE('',(#3396),#3407,.T.);
#3396 = FACE_BOUND('',#3397,.T.);
#3397 = EDGE_LOOP('',(#3398,#3399,#3405,#3406));
#3398 = ORIENTED_EDGE('',*,*,#3249,.F.);
#3399 = ORIENTED_EDGE('',*,*,#3400,.T.);
#3400 = EDGE_CURVE('',#3242,#3048,#3401,.T.);
#3401 = LINE('',#3402,#3403);
#3402 = CARTESIAN_POINT('',(188.86867108287,109.65,-1.299999992967));
#3403 = VECTOR('',#3404,1.);
#3404 = DIRECTION('',(0.,2.22044604925E-16,1.));
#3405 = ORIENTED_EDGE('',*,*,#3055,.F.);
#3406 = ORIENTED_EDGE('',*,*,#3383,.F.);
#3407 = PLANE('',#3408);
#3408 = AXIS2_PLACEMENT_3D('',#3409,#3410,#3411);
#3409 = CARTESIAN_POINT('',(185.5,109.65,63.500000007033));
#3410 = DIRECTION('',(0.,-1.,2.22044604925E-16));
#3411 = DIRECTION('',(0.,2.22044604925E-16,1.));
#3412 = ADVANCED_FACE('',(#3413),#3424,.T.);
#3413 = FACE_BOUND('',#3414,.T.);
#3414 = EDGE_LOOP('',(#3415,#3416,#3422,#3423));
#3415 = ORIENTED_EDGE('',*,*,#3241,.F.);
#3416 = ORIENTED_EDGE('',*,*,#3417,.T.);
#3417 = EDGE_CURVE('',#3234,#3040,#3418,.T.);
#3418 = LINE('',#3419,#3420);
#3419 = CARTESIAN_POINT('',(188.86867108287,109.35,-1.299999992967));
#3420 = VECTOR('',#3421,1.);
#3421 = DIRECTION('',(0.,2.22044604925E-16,1.));
#3422 = ORIENTED_EDGE('',*,*,#3047,.F.);
#3423 = ORIENTED_EDGE('',*,*,#3400,.F.);
#3424 = PLANE('',#3425);
#3425 = AXIS2_PLACEMENT_3D('',#3426,#3427,#3428);
#3426 = CARTESIAN_POINT('',(188.86867108287,109.35,-1.299999992967));
#3427 = DIRECTION('',(-1.,0.,0.));
#3428 = DIRECTION('',(0.,1.,-1.110223024625E-16));
#3429 = ADVANCED_FACE('',(#3430),#3441,.T.);
#3430 = FACE_BOUND('',#3431,.T.);
#3431 = EDGE_LOOP('',(#3432,#3433,#3439,#3440));
#3432 = ORIENTED_EDGE('',*,*,#3233,.F.);
#3433 = ORIENTED_EDGE('',*,*,#3434,.F.);
#3434 = EDGE_CURVE('',#3032,#3226,#3435,.T.);
#3435 = LINE('',#3436,#3437);
#3436 = CARTESIAN_POINT('',(188.07895362983,108.24439556574,
    -1.299999992967));
#3437 = VECTOR('',#3438,1.);
#3438 = DIRECTION('',(6.556193626703E-16,0.,-1.));
#3439 = ORIENTED_EDGE('',*,*,#3039,.F.);
#3440 = ORIENTED_EDGE('',*,*,#3417,.F.);
#3441 = PLANE('',#3442);
#3442 = AXIS2_PLACEMENT_3D('',#3443,#3444,#3445);
#3443 = CARTESIAN_POINT('',(187.15438536858,106.95,-1.299999992967));
#3444 = DIRECTION('',(-0.813733471207,0.581238193719,-1.110223024625E-16
    ));
#3445 = DIRECTION('',(0.581238193719,0.813733471207,-1.665334536938E-16)
  );
#3446 = ADVANCED_FACE('',(#3447),#3458,.T.);
#3447 = FACE_BOUND('',#3448,.T.);
#3448 = EDGE_LOOP('',(#3449,#3450,#3456,#3457));
#3449 = ORIENTED_EDGE('',*,*,#3225,.T.);
#3450 = ORIENTED_EDGE('',*,*,#3451,.T.);
#3451 = EDGE_CURVE('',#3218,#3024,#3452,.T.);
#3452 = LINE('',#3453,#3454);
#3453 = CARTESIAN_POINT('',(187.69130434782,107.65,-1.299999992967));
#3454 = VECTOR('',#3455,1.);
#3455 = DIRECTION('',(0.,2.22044604925E-16,1.));
#3456 = ORIENTED_EDGE('',*,*,#3031,.F.);
#3457 = ORIENTED_EDGE('',*,*,#3434,.T.);
#3458 = PLANE('',#3459);
#3459 = AXIS2_PLACEMENT_3D('',#3460,#3461,#3462);
#3460 = CARTESIAN_POINT('',(187.3,107.05,-1.299999992967));
#3461 = DIRECTION('',(-0.837610596839,0.546267780547,-6.064790675741E-17
    ));
#3462 = DIRECTION('',(0.546267780547,0.837610596839,2.789803710841E-16)
  );
#3463 = ADVANCED_FACE('',(#3464),#3477,.T.);
#3464 = FACE_BOUND('',#3465,.T.);
#3465 = EDGE_LOOP('',(#3466,#3467,#3474,#3475,#3476));
#3466 = ORIENTED_EDGE('',*,*,#3217,.F.);
#3467 = ORIENTED_EDGE('',*,*,#3468,.T.);
#3468 = EDGE_CURVE('',#3210,#3327,#3469,.T.);
#3469 = CIRCLE('',#3470,2.);
#3470 = AXIS2_PLACEMENT_3D('',#3471,#3472,#3473);
#3471 = CARTESIAN_POINT('',(188.5,107.65,1.700000007033));
#3472 = DIRECTION('',(-1.205115474301E-33,-1.,-1.110223024625E-16));
#3473 = DIRECTION('',(1.,-1.577721810442E-30,1.42E-14));
#3474 = ORIENTED_EDGE('',*,*,#3326,.F.);
#3475 = ORIENTED_EDGE('',*,*,#3023,.F.);
#3476 = ORIENTED_EDGE('',*,*,#3451,.F.);
#3477 = PLANE('',#3478);
#3478 = AXIS2_PLACEMENT_3D('',#3479,#3480,#3481);
#3479 = CARTESIAN_POINT('',(192.5,107.65,-1.299999992967));
#3480 = DIRECTION('',(0.,-1.,1.110223024625E-16));
#3481 = DIRECTION('',(-1.,0.,0.));
#3482 = ADVANCED_FACE('',(#3483),#3501,.T.);
#3483 = FACE_BOUND('',#3484,.T.);
#3484 = EDGE_LOOP('',(#3485,#3486,#3487,#3495));
#3485 = ORIENTED_EDGE('',*,*,#3151,.F.);
#3486 = ORIENTED_EDGE('',*,*,#3118,.T.);
#3487 = ORIENTED_EDGE('',*,*,#3488,.F.);
#3488 = EDGE_CURVE('',#3489,#3111,#3491,.T.);
#3489 = VERTEX_POINT('',#3490);
#3490 = CARTESIAN_POINT('',(180.5,120.35,1.700000007033));
#3491 = LINE('',#3492,#3493);
#3492 = CARTESIAN_POINT('',(180.5,120.35,1.700000007033));
#3493 = VECTOR('',#3494,1.);
#3494 = DIRECTION('',(0.,-1.110223024625E-16,1.));
#3495 = ORIENTED_EDGE('',*,*,#3496,.F.);
#3496 = EDGE_CURVE('',#3152,#3489,#3497,.T.);
#3497 = LINE('',#3498,#3499);
#3498 = CARTESIAN_POINT('',(180.5,107.35,1.700000007033));
#3499 = VECTOR('',#3500,1.);
#3500 = DIRECTION('',(0.,1.,1.110223024625E-16));
#3501 = PLANE('',#3502);
#3502 = AXIS2_PLACEMENT_3D('',#3503,#3504,#3505);
#3503 = CARTESIAN_POINT('',(180.5,112.1041727672,61.754172774237));
#3504 = DIRECTION('',(-1.,-1.979475476447E-15,-2.197659250632E-31));
#3505 = DIRECTION('',(1.979475476447E-15,-1.,-1.110223024625E-16));
#3506 = ADVANCED_FACE('',(#3507),#3525,.T.);
#3507 = FACE_BOUND('',#3508,.T.);
#3508 = EDGE_LOOP('',(#3509,#3515,#3516,#3523,#3524));
#3509 = ORIENTED_EDGE('',*,*,#3510,.F.);
#3510 = EDGE_CURVE('',#3193,#3102,#3511,.T.);
#3511 = LINE('',#3512,#3513);
#3512 = CARTESIAN_POINT('',(186.5,120.35,-1.299999992967));
#3513 = VECTOR('',#3514,1.);
#3514 = DIRECTION('',(0.,1.110223024625E-16,1.));
#3515 = ORIENTED_EDGE('',*,*,#3192,.T.);
#3516 = ORIENTED_EDGE('',*,*,#3517,.T.);
#3517 = EDGE_CURVE('',#3185,#3489,#3518,.T.);
#3518 = CIRCLE('',#3519,2.);
#3519 = AXIS2_PLACEMENT_3D('',#3520,#3521,#3522);
#3520 = CARTESIAN_POINT('',(182.5,120.35,1.700000007033));
#3521 = DIRECTION('',(0.,1.,1.110223024625E-16));
#3522 = DIRECTION('',(1.432187701766E-14,1.110223024625E-16,-1.));
#3523 = ORIENTED_EDGE('',*,*,#3488,.T.);
#3524 = ORIENTED_EDGE('',*,*,#3110,.T.);
#3525 = PLANE('',#3526);
#3526 = AXIS2_PLACEMENT_3D('',#3527,#3528,#3529);
#3527 = CARTESIAN_POINT('',(185.5,120.35,6.700000007033));
#3528 = DIRECTION('',(0.,1.,1.110223024625E-16));
#3529 = DIRECTION('',(1.,0.,0.));
#3530 = ADVANCED_FACE('',(#3531),#3598,.T.);
#3531 = FACE_BOUND('',#3532,.F.);
#3532 = EDGE_LOOP('',(#3533,#3594,#3595,#3596,#3597));
#3533 = ORIENTED_EDGE('',*,*,#3534,.F.);
#3534 = EDGE_CURVE('',#3316,#3201,#3535,.T.);
#3535 = B_SPLINE_CURVE_WITH_KNOTS('',8,(#3536,#3537,#3538,#3539,#3540,
    #3541,#3542,#3543,#3544,#3545,#3546,#3547,#3548,#3549,#3550,#3551,
    #3552,#3553,#3554,#3555,#3556,#3557,#3558,#3559,#3560,#3561,#3562,
    #3563,#3564,#3565,#3566,#3567,#3568,#3569,#3570,#3571,#3572,#3573,
    #3574,#3575,#3576,#3577,#3578,#3579,#3580,#3581,#3582,#3583,#3584,
    #3585,#3586,#3587,#3588,#3589,#3590,#3591,#3592,#3593),
  .UNSPECIFIED.,.F.,.F.,(9,7,7,7,7,7,7,7,9),(0.,1.937356311499E-03,
    3.741097247568E-03,5.611634097916E-03,7.482156820266E-03,
    8.484215115457E-03,0.661873447069,0.814608208932,1.),.UNSPECIFIED.);
#3536 = CARTESIAN_POINT('',(190.5,116.35,1.700000007033));
#3537 = CARTESIAN_POINT('',(190.5,116.35088970845,1.699370888146));
#3538 = CARTESIAN_POINT('',(190.49999977383,116.35177941691,
    1.698741769264));
#3539 = CARTESIAN_POINT('',(190.4999993215,116.35266912535,
    1.698112650425));
#3540 = CARTESIAN_POINT('',(190.499998643,116.35355883378,1.697483531672
    ));
#3541 = CARTESIAN_POINT('',(190.49999773833,116.35444854218,
    1.696854413045));
#3542 = CARTESIAN_POINT('',(190.4999966075,116.35533825054,
    1.696225294587));
#3543 = CARTESIAN_POINT('',(190.49999525051,116.35622795885,
    1.695596176342));
#3544 = CARTESIAN_POINT('',(190.49999219337,116.35794601404,
    1.694381329303));
#3545 = CARTESIAN_POINT('',(190.49999052334,116.35877436094,
    1.693795600475));
#3546 = CARTESIAN_POINT('',(190.49998865727,116.35960270778,
    1.693209871902));
#3547 = CARTESIAN_POINT('',(190.49998659516,116.36043105455,
    1.692624143619));
#3548 = CARTESIAN_POINT('',(190.49998433699,116.36125940125,
    1.692038415661));
#3549 = CARTESIAN_POINT('',(190.49998188278,116.36208774786,
    1.691452688061));
#3550 = CARTESIAN_POINT('',(190.49997923253,116.36291609439,
    1.690866960854));
#3551 = CARTESIAN_POINT('',(190.49997343451,116.36460346246,
    1.689673816732));
#3552 = CARTESIAN_POINT('',(190.49997027196,116.365462484,1.689066399849
    ));
#3553 = CARTESIAN_POINT('',(190.49996689858,116.36632150542,
    1.688458983465));
#3554 = CARTESIAN_POINT('',(190.49996331435,116.36718052672,
    1.687851567616));
#3555 = CARTESIAN_POINT('',(190.49995951929,116.36803954789,
    1.687244152342));
#3556 = CARTESIAN_POINT('',(190.49995551339,116.36889856891,
    1.68663673768));
#3557 = CARTESIAN_POINT('',(190.49995129665,116.36975758979,
    1.686029323669));
#3558 = CARTESIAN_POINT('',(190.49994244151,116.37147562473,
    1.684814501615));
#3559 = CARTESIAN_POINT('',(190.49993780313,116.3723346388,
    1.684207093571));
#3560 = CARTESIAN_POINT('',(190.4999329539,116.37319365269,
    1.683599686254));
#3561 = CARTESIAN_POINT('',(190.49992789384,116.37405266641,
    1.682992279704));
#3562 = CARTESIAN_POINT('',(190.49992262293,116.37491167995,
    1.682384873957));
#3563 = CARTESIAN_POINT('',(190.49991714119,116.37577069329,
    1.681777469053));
#3564 = CARTESIAN_POINT('',(190.4999114486,116.37662970642,1.68117006503
    ));
#3565 = CARTESIAN_POINT('',(190.49990238264,116.37794890141,
    1.680237269825));
#3566 = CARTESIAN_POINT('',(190.4998991596,116.37840908343,
    1.679911877988));
#3567 = CARTESIAN_POINT('',(190.49989587606,116.37886926538,
    1.67958648642));
#3568 = CARTESIAN_POINT('',(190.499892532,116.37932944726,1.679261095128
    ));
#3569 = CARTESIAN_POINT('',(190.49988912744,116.37978962908,
    1.678935704117));
#3570 = CARTESIAN_POINT('',(190.49988566236,116.38024981083,
    1.678610313394));
#3571 = CARTESIAN_POINT('',(190.49988213678,116.38070999252,
    1.678284922964));
#3572 = CARTESIAN_POINT('',(190.49754024829,116.68123027448,
    1.465789832901));
#3573 = CARTESIAN_POINT('',(190.46949487358,116.97875449677,
    1.255520042358));
#3574 = CARTESIAN_POINT('',(190.41643054829,117.27527331833,
    1.047426023222));
#3575 = CARTESIAN_POINT('',(190.33737608636,117.57187526033,
    0.842034704143));
#3576 = CARTESIAN_POINT('',(190.23016442905,117.86865729904,
    0.640867716843));
#3577 = CARTESIAN_POINT('',(190.09179613279,118.16442636604,
    0.447044034893));
#3578 = CARTESIAN_POINT('',(189.91878887206,118.45624350738,
    0.265809407782));
#3579 = CARTESIAN_POINT('',(189.65890577376,118.80522111335,
    6.881792283517E-02));
#3580 = CARTESIAN_POINT('',(189.60751769558,118.87097518481,
    3.260293012347E-02));
#3581 = CARTESIAN_POINT('',(189.55389809126,118.93633803793,
    -2.404218005438E-03));
#3582 = CARTESIAN_POINT('',(189.49796540122,119.001265008,
    -3.608190859872E-02));
#3583 = CARTESIAN_POINT('',(189.43964120015,119.06569302229,
    -6.828475127649E-02));
#3584 = CARTESIAN_POINT('',(189.37885189233,119.12954168246,
    -9.884217403996E-02));
#3585 = CARTESIAN_POINT('',(189.31553040697,119.19271434695,
    -0.12755701908));
#3586 = CARTESIAN_POINT('',(189.16961227623,119.33082291874,
    -0.186548819987));
#3587 = CARTESIAN_POINT('',(189.08559272087,119.40557197157,
    -0.215926150466));
#3588 = CARTESIAN_POINT('',(188.99755894845,119.47900563915,
    -0.241850616625));
#3589 = CARTESIAN_POINT('',(188.90554553795,119.55077526436,
    -0.263801293782));
#3590 = CARTESIAN_POINT('',(188.80962725762,119.62052550102,
    -0.281219256756));
#3591 = CARTESIAN_POINT('',(188.70992776502,119.68789803465,
    -0.293502732275));
#3592 = CARTESIAN_POINT('',(188.60663167558,119.75253778853,
    -0.299999992967));
#3593 = CARTESIAN_POINT('',(188.5,119.81410161513,-0.299999992967));
#3594 = ORIENTED_EDGE('',*,*,#3315,.T.);
#3595 = ORIENTED_EDGE('',*,*,#3101,.F.);
#3596 = ORIENTED_EDGE('',*,*,#3510,.F.);
#3597 = ORIENTED_EDGE('',*,*,#3200,.T.);
#3598 = CYLINDRICAL_SURFACE('',#3599,4.);
#3599 = AXIS2_PLACEMENT_3D('',#3600,#3601,#3602);
#3600 = CARTESIAN_POINT('',(186.5,116.35,-1.299999992967));
#3601 = DIRECTION('',(0.,-1.110223024625E-16,-1.));
#3602 = DIRECTION('',(1.,0.,0.));
#3603 = ADVANCED_FACE('',(#3604),#3610,.T.);
#3604 = FACE_BOUND('',#3605,.F.);
#3605 = EDGE_LOOP('',(#3606,#3607,#3608,#3609));
#3606 = ORIENTED_EDGE('',*,*,#3496,.F.);
#3607 = ORIENTED_EDGE('',*,*,#3159,.T.);
#3608 = ORIENTED_EDGE('',*,*,#3184,.F.);
#3609 = ORIENTED_EDGE('',*,*,#3517,.T.);
#3610 = CYLINDRICAL_SURFACE('',#3611,2.);
#3611 = AXIS2_PLACEMENT_3D('',#3612,#3613,#3614);
#3612 = CARTESIAN_POINT('',(182.5,107.35,1.700000007033));
#3613 = DIRECTION('',(0.,-1.,-1.110223024625E-16));
#3614 = DIRECTION('',(1.432187701766E-14,1.110223024625E-16,-1.));
#3615 = ADVANCED_FACE('',(#3616),#3622,.T.);
#3616 = FACE_BOUND('',#3617,.F.);
#3617 = EDGE_LOOP('',(#3618,#3619,#3620,#3621));
#3618 = ORIENTED_EDGE('',*,*,#3468,.T.);
#3619 = ORIENTED_EDGE('',*,*,#3334,.T.);
#3620 = ORIENTED_EDGE('',*,*,#3534,.T.);
#3621 = ORIENTED_EDGE('',*,*,#3209,.T.);
#3622 = CYLINDRICAL_SURFACE('',#3623,2.);
#3623 = AXIS2_PLACEMENT_3D('',#3624,#3625,#3626);
#3624 = CARTESIAN_POINT('',(188.5,107.35,1.700000007033));
#3625 = DIRECTION('',(0.,-1.,-1.110223024625E-16));
#3626 = DIRECTION('',(1.,-1.576516694968E-30,1.42E-14));
#3627 = ADVANCED_FACE('',(#3628),#3733,.F.);
#3628 = FACE_BOUND('',#3629,.T.);
#3629 = EDGE_LOOP('',(#3630,#3640,#3647,#3648,#3657,#3665,#3674,#3683,
    #3689,#3690,#3691,#3700,#3709,#3717,#3726));
#3630 = ORIENTED_EDGE('',*,*,#3631,.F.);
#3631 = EDGE_CURVE('',#3632,#3634,#3636,.T.);
#3632 = VERTEX_POINT('',#3633);
#3633 = CARTESIAN_POINT('',(187.55,114.35,7.700000007033));
#3634 = VERTEX_POINT('',#3635);
#3635 = CARTESIAN_POINT('',(187.55,114.35,6.051916724254));
#3636 = LINE('',#3637,#3638);
#3637 = CARTESIAN_POINT('',(187.55,114.35,7.700000007033));
#3638 = VECTOR('',#3639,1.);
#3639 = DIRECTION('',(0.,3.330669073875E-16,-1.));
#3640 = ORIENTED_EDGE('',*,*,#3641,.F.);
#3641 = EDGE_CURVE('',#3632,#3632,#3642,.T.);
#3642 = CIRCLE('',#3643,2.05);
#3643 = AXIS2_PLACEMENT_3D('',#3644,#3645,#3646);
#3644 = CARTESIAN_POINT('',(185.5,114.35,7.700000007033));
#3645 = DIRECTION('',(0.,-1.110223024625E-16,-1.));
#3646 = DIRECTION('',(1.,0.,0.));
#3647 = ORIENTED_EDGE('',*,*,#3631,.T.);
#3648 = ORIENTED_EDGE('',*,*,#3649,.T.);
#3649 = EDGE_CURVE('',#3634,#3650,#3652,.T.);
#3650 = VERTEX_POINT('',#3651);
#3651 = CARTESIAN_POINT('',(187.28955301681,113.35,5.474603262617));
#3652 = ELLIPSE('',#3653,2.367098376838,2.05);
#3653 = AXIS2_PLACEMENT_3D('',#3654,#3655,#3656);
#3654 = CARTESIAN_POINT('',(185.5,114.35,6.051916724254));
#3655 = DIRECTION('',(0.,0.499976092222,-0.866039206507));
#3656 = DIRECTION('',(0.,0.866039206507,0.499976092222));
#3657 = ORIENTED_EDGE('',*,*,#3658,.F.);
#3658 = EDGE_CURVE('',#3659,#3650,#3661,.T.);
#3659 = VERTEX_POINT('',#3660);
#3660 = CARTESIAN_POINT('',(187.28955301681,113.35,3.474603262617));
#3661 = LINE('',#3662,#3663);
#3662 = CARTESIAN_POINT('',(187.28955301681,113.35,7.700000007033));
#3663 = VECTOR('',#3664,1.);
#3664 = DIRECTION('',(0.,1.110223024625E-16,1.));
#3665 = ORIENTED_EDGE('',*,*,#3666,.F.);
#3666 = EDGE_CURVE('',#3667,#3659,#3669,.T.);
#3667 = VERTEX_POINT('',#3668);
#3668 = CARTESIAN_POINT('',(187.4569292149,113.73932164944,
    3.700000007033));
#3669 = ELLIPSE('',#3670,2.368774827379,2.05);
#3670 = AXIS2_PLACEMENT_3D('',#3671,#3672,#3673);
#3671 = CARTESIAN_POINT('',(185.5,114.35,4.053550631038));
#3672 = DIRECTION('',(0.,0.501036270542,-0.865426285481));
#3673 = DIRECTION('',(0.,0.865426285481,0.501036270542));
#3674 = ORIENTED_EDGE('',*,*,#3675,.F.);
#3675 = EDGE_CURVE('',#3676,#3667,#3678,.T.);
#3676 = VERTEX_POINT('',#3677);
#3677 = CARTESIAN_POINT('',(187.55,114.35,4.053550631038));
#3678 = ELLIPSE('',#3679,2.368774827379,2.05);
#3679 = AXIS2_PLACEMENT_3D('',#3680,#3681,#3682);
#3680 = CARTESIAN_POINT('',(185.5,114.35,4.053550631038));
#3681 = DIRECTION('',(0.,0.501036270542,-0.865426285481));
#3682 = DIRECTION('',(0.,0.865426285481,0.501036270542));
#3683 = ORIENTED_EDGE('',*,*,#3684,.T.);
#3684 = EDGE_CURVE('',#3676,#3282,#3685,.T.);
#3685 = LINE('',#3686,#3687);
#3686 = CARTESIAN_POINT('',(187.55,114.35,7.700000007033));
#3687 = VECTOR('',#3688,1.);
#3688 = DIRECTION('',(0.,3.330669073875E-16,-1.));
#3689 = ORIENTED_EDGE('',*,*,#3281,.F.);
#3690 = ORIENTED_EDGE('',*,*,#3684,.F.);
#3691 = ORIENTED_EDGE('',*,*,#3692,.F.);
#3692 = EDGE_CURVE('',#3693,#3676,#3695,.T.);
#3693 = VERTEX_POINT('',#3694);
#3694 = CARTESIAN_POINT('',(186.,116.3380895352,5.204549835632));
#3695 = ELLIPSE('',#3696,2.368774827379,2.05);
#3696 = AXIS2_PLACEMENT_3D('',#3697,#3698,#3699);
#3697 = CARTESIAN_POINT('',(185.5,114.35,4.053550631038));
#3698 = DIRECTION('',(0.,0.501036270542,-0.865426285481));
#3699 = DIRECTION('',(0.,0.865426285481,0.501036270542));
#3700 = ORIENTED_EDGE('',*,*,#3701,.F.);
#3701 = EDGE_CURVE('',#3702,#3693,#3704,.T.);
#3702 = VERTEX_POINT('',#3703);
#3703 = CARTESIAN_POINT('',(183.71044698318,113.35,3.474603262617));
#3704 = ELLIPSE('',#3705,2.368774827379,2.05);
#3705 = AXIS2_PLACEMENT_3D('',#3706,#3707,#3708);
#3706 = CARTESIAN_POINT('',(185.5,114.35,4.053550631038));
#3707 = DIRECTION('',(0.,0.501036270542,-0.865426285481));
#3708 = DIRECTION('',(0.,0.865426285481,0.501036270542));
#3709 = ORIENTED_EDGE('',*,*,#3710,.T.);
#3710 = EDGE_CURVE('',#3702,#3711,#3713,.T.);
#3711 = VERTEX_POINT('',#3712);
#3712 = CARTESIAN_POINT('',(183.71044698318,113.35,5.474603262617));
#3713 = LINE('',#3714,#3715);
#3714 = CARTESIAN_POINT('',(183.71044698318,113.35,7.700000007033));
#3715 = VECTOR('',#3716,1.);
#3716 = DIRECTION('',(0.,1.110223024625E-16,1.));
#3717 = ORIENTED_EDGE('',*,*,#3718,.T.);
#3718 = EDGE_CURVE('',#3711,#3719,#3721,.T.);
#3719 = VERTEX_POINT('',#3720);
#3720 = CARTESIAN_POINT('',(186.,116.3380895352,7.199667575869));
#3721 = ELLIPSE('',#3722,2.367098376838,2.05);
#3722 = AXIS2_PLACEMENT_3D('',#3723,#3724,#3725);
#3723 = CARTESIAN_POINT('',(185.5,114.35,6.051916724254));
#3724 = DIRECTION('',(0.,0.499976092222,-0.866039206507));
#3725 = DIRECTION('',(0.,0.866039206507,0.499976092222));
#3726 = ORIENTED_EDGE('',*,*,#3727,.T.);
#3727 = EDGE_CURVE('',#3719,#3634,#3728,.T.);
#3728 = ELLIPSE('',#3729,2.367098376838,2.05);
#3729 = AXIS2_PLACEMENT_3D('',#3730,#3731,#3732);
#3730 = CARTESIAN_POINT('',(185.5,114.35,6.051916724254));
#3731 = DIRECTION('',(0.,0.499976092222,-0.866039206507));
#3732 = DIRECTION('',(0.,0.866039206507,0.499976092222));
#3733 = CYLINDRICAL_SURFACE('',#3734,2.05);
#3734 = AXIS2_PLACEMENT_3D('',#3735,#3736,#3737);
#3735 = CARTESIAN_POINT('',(185.5,114.35,7.700000007033));
#3736 = DIRECTION('',(0.,1.110223024625E-16,1.));
#3737 = DIRECTION('',(1.,0.,0.));
#3738 = ADVANCED_FACE('',(#3739),#3750,.T.);
#3739 = FACE_BOUND('',#3740,.T.);
#3740 = EDGE_LOOP('',(#3741,#3742,#3743,#3749));
#3741 = ORIENTED_EDGE('',*,*,#3727,.F.);
#3742 = ORIENTED_EDGE('',*,*,#3718,.F.);
#3743 = ORIENTED_EDGE('',*,*,#3744,.F.);
#3744 = EDGE_CURVE('',#3650,#3711,#3745,.T.);
#3745 = LINE('',#3746,#3747);
#3746 = CARTESIAN_POINT('',(188.5,113.35,5.474603262617));
#3747 = VECTOR('',#3748,1.);
#3748 = DIRECTION('',(-1.,0.,-0.));
#3749 = ORIENTED_EDGE('',*,*,#3649,.F.);
#3750 = PLANE('',#3751);
#3751 = AXIS2_PLACEMENT_3D('',#3752,#3753,#3754);
#3752 = CARTESIAN_POINT('',(185.53028720373,114.63326454484,
    6.215449159198));
#3753 = DIRECTION('',(-1.999876531888E-16,-0.499976092222,0.866039206507
    ));
#3754 = DIRECTION('',(0.,0.866039206507,0.499976092222));
#3755 = ADVANCED_FACE('',(#3756),#3767,.T.);
#3756 = FACE_BOUND('',#3757,.T.);
#3757 = EDGE_LOOP('',(#3758,#3764,#3765,#3766));
#3758 = ORIENTED_EDGE('',*,*,#3759,.F.);
#3759 = EDGE_CURVE('',#3659,#3702,#3760,.T.);
#3760 = LINE('',#3761,#3762);
#3761 = CARTESIAN_POINT('',(190.5,113.35,3.474603262617));
#3762 = VECTOR('',#3763,1.);
#3763 = DIRECTION('',(-1.,0.,0.));
#3764 = ORIENTED_EDGE('',*,*,#3658,.T.);
#3765 = ORIENTED_EDGE('',*,*,#3744,.T.);
#3766 = ORIENTED_EDGE('',*,*,#3710,.F.);
#3767 = PLANE('',#3768);
#3768 = AXIS2_PLACEMENT_3D('',#3769,#3770,#3771);
#3769 = CARTESIAN_POINT('',(185.5,113.35,4.474603262617));
#3770 = DIRECTION('',(0.,-1.,2.386979502944E-15));
#3771 = DIRECTION('',(0.,2.386979502944E-15,1.));
#3772 = ADVANCED_FACE('',(#3773),#3780,.T.);
#3773 = FACE_BOUND('',#3774,.T.);
#3774 = EDGE_LOOP('',(#3775,#3776,#3777,#3778,#3779));
#3775 = ORIENTED_EDGE('',*,*,#3666,.T.);
#3776 = ORIENTED_EDGE('',*,*,#3759,.T.);
#3777 = ORIENTED_EDGE('',*,*,#3701,.T.);
#3778 = ORIENTED_EDGE('',*,*,#3692,.T.);
#3779 = ORIENTED_EDGE('',*,*,#3675,.T.);
#3780 = PLANE('',#3781);
#3781 = AXIS2_PLACEMENT_3D('',#3782,#3783,#3784);
#3782 = CARTESIAN_POINT('',(185.53074027903,114.63316966033,
    4.217490960704));
#3783 = DIRECTION('',(0.,0.501036270542,-0.865426285481));
#3784 = DIRECTION('',(0.,-0.865426285481,-0.501036270542));
#3785 = ADVANCED_FACE('',(#3786),#3789,.T.);
#3786 = FACE_BOUND('',#3787,.T.);
#3787 = EDGE_LOOP('',(#3788));
#3788 = ORIENTED_EDGE('',*,*,#3641,.T.);
#3789 = PLANE('',#3790);
#3790 = AXIS2_PLACEMENT_3D('',#3791,#3792,#3793);
#3791 = CARTESIAN_POINT('',(185.5,114.35,7.700000007033));
#3792 = DIRECTION('',(0.,1.110223024625E-16,-1.));
#3793 = DIRECTION('',(0.,1.,1.110223024625E-16));
#3794 = MANIFOLD_SOLID_BREP('',#3795);
#3795 = CLOSED_SHELL('',(#3796,#3829,#3854,#3863,#3883,#3976,#4018,#4060
    ,#4077,#4128,#4146,#4170,#4188,#4199,#4217));
#3796 = ADVANCED_FACE('',(#3797),#3824,.T.);
#3797 = FACE_BOUND('',#3798,.F.);
#3798 = EDGE_LOOP('',(#3799,#3809,#3816,#3817));
#3799 = ORIENTED_EDGE('',*,*,#3800,.T.);
#3800 = EDGE_CURVE('',#3801,#3803,#3805,.T.);
#3801 = VERTEX_POINT('',#3802);
#3802 = CARTESIAN_POINT('',(129.,175.,0.));
#3803 = VERTEX_POINT('',#3804);
#3804 = CARTESIAN_POINT('',(129.,175.,1.4));
#3805 = LINE('',#3806,#3807);
#3806 = CARTESIAN_POINT('',(129.,175.,0.));
#3807 = VECTOR('',#3808,1.);
#3808 = DIRECTION('',(0.,0.,1.));
#3809 = ORIENTED_EDGE('',*,*,#3810,.T.);
#3810 = EDGE_CURVE('',#3803,#3803,#3811,.T.);
#3811 = CIRCLE('',#3812,4.);
#3812 = AXIS2_PLACEMENT_3D('',#3813,#3814,#3815);
#3813 = CARTESIAN_POINT('',(125.,175.,1.4));
#3814 = DIRECTION('',(0.,0.,1.));
#3815 = DIRECTION('',(1.,0.,0.));
#3816 = ORIENTED_EDGE('',*,*,#3800,.F.);
#3817 = ORIENTED_EDGE('',*,*,#3818,.F.);
#3818 = EDGE_CURVE('',#3801,#3801,#3819,.T.);
#3819 = CIRCLE('',#3820,4.);
#3820 = AXIS2_PLACEMENT_3D('',#3821,#3822,#3823);
#3821 = CARTESIAN_POINT('',(125.,175.,0.));
#3822 = DIRECTION('',(0.,0.,1.));
#3823 = DIRECTION('',(1.,0.,0.));
#3824 = CYLINDRICAL_SURFACE('',#3825,4.);
#3825 = AXIS2_PLACEMENT_3D('',#3826,#3827,#3828);
#3826 = CARTESIAN_POINT('',(125.,175.,0.));
#3827 = DIRECTION('',(-0.,-0.,-1.));
#3828 = DIRECTION('',(1.,0.,0.));
#3829 = ADVANCED_FACE('',(#3830),#3849,.T.);
#3830 = FACE_BOUND('',#3831,.T.);
#3831 = EDGE_LOOP('',(#3832,#3840,#3841,#3842));
#3832 = ORIENTED_EDGE('',*,*,#3833,.F.);
#3833 = EDGE_CURVE('',#3803,#3834,#3836,.T.);
#3834 = VERTEX_POINT('',#3835);
#3835 = CARTESIAN_POINT('',(128.4,175.,2.));
#3836 = LINE('',#3837,#3838);
#3837 = CARTESIAN_POINT('',(129.,175.,1.4));
#3838 = VECTOR('',#3839,1.);
#3839 = DIRECTION('',(-0.707106781187,0.,0.707106781187));
#3840 = ORIENTED_EDGE('',*,*,#3810,.T.);
#3841 = ORIENTED_EDGE('',*,*,#3833,.T.);
#3842 = ORIENTED_EDGE('',*,*,#3843,.F.);
#3843 = EDGE_CURVE('',#3834,#3834,#3844,.T.);
#3844 = CIRCLE('',#3845,3.4);
#3845 = AXIS2_PLACEMENT_3D('',#3846,#3847,#3848);
#3846 = CARTESIAN_POINT('',(125.,175.,2.));
#3847 = DIRECTION('',(0.,0.,1.));
#3848 = DIRECTION('',(1.,0.,0.));
#3849 = CONICAL_SURFACE('',#3850,4.,0.785398163397);
#3850 = AXIS2_PLACEMENT_3D('',#3851,#3852,#3853);
#3851 = CARTESIAN_POINT('',(125.,175.,1.4));
#3852 = DIRECTION('',(-0.,-0.,-1.));
#3853 = DIRECTION('',(1.,0.,0.));
#3854 = ADVANCED_FACE('',(#3855),#3858,.F.);
#3855 = FACE_BOUND('',#3856,.F.);
#3856 = EDGE_LOOP('',(#3857));
#3857 = ORIENTED_EDGE('',*,*,#3818,.T.);
#3858 = PLANE('',#3859);
#3859 = AXIS2_PLACEMENT_3D('',#3860,#3861,#3862);
#3860 = CARTESIAN_POINT('',(125.,175.,0.));
#3861 = DIRECTION('',(0.,0.,1.));
#3862 = DIRECTION('',(1.,0.,0.));
#3863 = ADVANCED_FACE('',(#3864,#3867),#3878,.T.);
#3864 = FACE_BOUND('',#3865,.T.);
#3865 = EDGE_LOOP('',(#3866));
#3866 = ORIENTED_EDGE('',*,*,#3843,.T.);
#3867 = FACE_BOUND('',#3868,.T.);
#3868 = EDGE_LOOP('',(#3869));
#3869 = ORIENTED_EDGE('',*,*,#3870,.F.);
#3870 = EDGE_CURVE('',#3871,#3871,#3873,.T.);
#3871 = VERTEX_POINT('',#3872);
#3872 = CARTESIAN_POINT('',(127.,175.,2.));
#3873 = CIRCLE('',#3874,2.);
#3874 = AXIS2_PLACEMENT_3D('',#3875,#3876,#3877);
#3875 = CARTESIAN_POINT('',(125.,175.,2.));
#3876 = DIRECTION('',(0.,0.,1.));
#3877 = DIRECTION('',(1.,0.,0.));
#3878 = PLANE('',#3879);
#3879 = AXIS2_PLACEMENT_3D('',#3880,#3881,#3882);
#3880 = CARTESIAN_POINT('',(125.,175.,2.));
#3881 = DIRECTION('',(0.,0.,1.));
#3882 = DIRECTION('',(1.,0.,0.));
#3883 = ADVANCED_FACE('',(#3884),#3971,.T.);
#3884 = FACE_BOUND('',#3885,.F.);
#3885 = EDGE_LOOP('',(#3886,#3887,#3895,#3904,#3912,#3921,#3929,#3938,
    #3946,#3955,#3963,#3970));
#3886 = ORIENTED_EDGE('',*,*,#3870,.F.);
#3887 = ORIENTED_EDGE('',*,*,#3888,.T.);
#3888 = EDGE_CURVE('',#3871,#3889,#3891,.T.);
#3889 = VERTEX_POINT('',#3890);
#3890 = CARTESIAN_POINT('',(127.,175.,12.));
#3891 = LINE('',#3892,#3893);
#3892 = CARTESIAN_POINT('',(127.,175.,2.));
#3893 = VECTOR('',#3894,1.);
#3894 = DIRECTION('',(0.,0.,1.));
#3895 = ORIENTED_EDGE('',*,*,#3896,.T.);
#3896 = EDGE_CURVE('',#3889,#3897,#3899,.T.);
#3897 = VERTEX_POINT('',#3898);
#3898 = CARTESIAN_POINT('',(125.5,176.9364916731,12.));
#3899 = CIRCLE('',#3900,2.);
#3900 = AXIS2_PLACEMENT_3D('',#3901,#3902,#3903);
#3901 = CARTESIAN_POINT('',(125.,175.,12.));
#3902 = DIRECTION('',(0.,0.,1.));
#3903 = DIRECTION('',(1.,0.,0.));
#3904 = ORIENTED_EDGE('',*,*,#3905,.T.);
#3905 = EDGE_CURVE('',#3897,#3906,#3908,.T.);
#3906 = VERTEX_POINT('',#3907);
#3907 = CARTESIAN_POINT('',(125.5,176.9364916731,4.));
#3908 = LINE('',#3909,#3910);
#3909 = CARTESIAN_POINT('',(125.5,176.9364916731,2.));
#3910 = VECTOR('',#3911,1.);
#3911 = DIRECTION('',(-0.,-0.,-1.));
#3912 = ORIENTED_EDGE('',*,*,#3913,.F.);
#3913 = EDGE_CURVE('',#3914,#3906,#3916,.T.);
#3914 = VERTEX_POINT('',#3915);
#3915 = CARTESIAN_POINT('',(124.5,176.9364916731,4.));
#3916 = CIRCLE('',#3917,2.);
#3917 = AXIS2_PLACEMENT_3D('',#3918,#3919,#3920);
#3918 = CARTESIAN_POINT('',(125.,175.,4.));
#3919 = DIRECTION('',(0.,0.,-1.));
#3920 = DIRECTION('',(1.,0.,0.));
#3921 = ORIENTED_EDGE('',*,*,#3922,.F.);
#3922 = EDGE_CURVE('',#3923,#3914,#3925,.T.);
#3923 = VERTEX_POINT('',#3924);
#3924 = CARTESIAN_POINT('',(124.5,176.9364916731,12.));
#3925 = LINE('',#3926,#3927);
#3926 = CARTESIAN_POINT('',(124.5,176.9364916731,2.));
#3927 = VECTOR('',#3928,1.);
#3928 = DIRECTION('',(-0.,-0.,-1.));
#3929 = ORIENTED_EDGE('',*,*,#3930,.T.);
#3930 = EDGE_CURVE('',#3923,#3931,#3933,.T.);
#3931 = VERTEX_POINT('',#3932);
#3932 = CARTESIAN_POINT('',(124.5,173.06350832689,12.));
#3933 = CIRCLE('',#3934,2.);
#3934 = AXIS2_PLACEMENT_3D('',#3935,#3936,#3937);
#3935 = CARTESIAN_POINT('',(125.,175.,12.));
#3936 = DIRECTION('',(0.,0.,1.));
#3937 = DIRECTION('',(1.,0.,0.));
#3938 = ORIENTED_EDGE('',*,*,#3939,.T.);
#3939 = EDGE_CURVE('',#3931,#3940,#3942,.T.);
#3940 = VERTEX_POINT('',#3941);
#3941 = CARTESIAN_POINT('',(124.5,173.06350832689,4.));
#3942 = LINE('',#3943,#3944);
#3943 = CARTESIAN_POINT('',(124.5,173.06350832689,2.));
#3944 = VECTOR('',#3945,1.);
#3945 = DIRECTION('',(-0.,-0.,-1.));
#3946 = ORIENTED_EDGE('',*,*,#3947,.F.);
#3947 = EDGE_CURVE('',#3948,#3940,#3950,.T.);
#3948 = VERTEX_POINT('',#3949);
#3949 = CARTESIAN_POINT('',(125.5,173.06350832689,4.));
#3950 = CIRCLE('',#3951,2.);
#3951 = AXIS2_PLACEMENT_3D('',#3952,#3953,#3954);
#3952 = CARTESIAN_POINT('',(125.,175.,4.));
#3953 = DIRECTION('',(0.,0.,-1.));
#3954 = DIRECTION('',(1.,0.,0.));
#3955 = ORIENTED_EDGE('',*,*,#3956,.F.);
#3956 = EDGE_CURVE('',#3957,#3948,#3959,.T.);
#3957 = VERTEX_POINT('',#3958);
#3958 = CARTESIAN_POINT('',(125.5,173.06350832689,12.));
#3959 = LINE('',#3960,#3961);
#3960 = CARTESIAN_POINT('',(125.5,173.06350832689,2.));
#3961 = VECTOR('',#3962,1.);
#3962 = DIRECTION('',(-0.,-0.,-1.));
#3963 = ORIENTED_EDGE('',*,*,#3964,.T.);
#3964 = EDGE_CURVE('',#3957,#3889,#3965,.T.);
#3965 = CIRCLE('',#3966,2.);
#3966 = AXIS2_PLACEMENT_3D('',#3967,#3968,#3969);
#3967 = CARTESIAN_POINT('',(125.,175.,12.));
#3968 = DIRECTION('',(0.,0.,1.));
#3969 = DIRECTION('',(1.,0.,0.));
#3970 = ORIENTED_EDGE('',*,*,#3888,.F.);
#3971 = CYLINDRICAL_SURFACE('',#3972,2.);
#3972 = AXIS2_PLACEMENT_3D('',#3973,#3974,#3975);
#3973 = CARTESIAN_POINT('',(125.,175.,2.));
#3974 = DIRECTION('',(-0.,-0.,-1.));
#3975 = DIRECTION('',(1.,0.,0.));
#3976 = ADVANCED_FACE('',(#3977),#4013,.F.);
#3977 = FACE_BOUND('',#3978,.F.);
#3978 = EDGE_LOOP('',(#3979,#3990,#3999,#4005,#4006,#4007));
#3979 = ORIENTED_EDGE('',*,*,#3980,.T.);
#3980 = EDGE_CURVE('',#3981,#3983,#3985,.T.);
#3981 = VERTEX_POINT('',#3982);
#3982 = CARTESIAN_POINT('',(125.5,172.96039219456,12.));
#3983 = VERTEX_POINT('',#3984);
#3984 = CARTESIAN_POINT('',(127.1,175.,12.));
#3985 = CIRCLE('',#3986,2.1);
#3986 = AXIS2_PLACEMENT_3D('',#3987,#3988,#3989);
#3987 = CARTESIAN_POINT('',(125.,175.,12.));
#3988 = DIRECTION('',(0.,0.,1.));
#3989 = DIRECTION('',(1.,0.,0.));
#3990 = ORIENTED_EDGE('',*,*,#3991,.T.);
#3991 = EDGE_CURVE('',#3983,#3992,#3994,.T.);
#3992 = VERTEX_POINT('',#3993);
#3993 = CARTESIAN_POINT('',(125.5,177.03960780543,12.));
#3994 = CIRCLE('',#3995,2.1);
#3995 = AXIS2_PLACEMENT_3D('',#3996,#3997,#3998);
#3996 = CARTESIAN_POINT('',(125.,175.,12.));
#3997 = DIRECTION('',(0.,0.,1.));
#3998 = DIRECTION('',(1.,0.,0.));
#3999 = ORIENTED_EDGE('',*,*,#4000,.F.);
#4000 = EDGE_CURVE('',#3897,#3992,#4001,.T.);
#4001 = LINE('',#4002,#4003);
#4002 = CARTESIAN_POINT('',(125.5,173.5,12.));
#4003 = VECTOR('',#4004,1.);
#4004 = DIRECTION('',(0.,1.,0.));
#4005 = ORIENTED_EDGE('',*,*,#3896,.F.);
#4006 = ORIENTED_EDGE('',*,*,#3964,.F.);
#4007 = ORIENTED_EDGE('',*,*,#4008,.F.);
#4008 = EDGE_CURVE('',#3981,#3957,#4009,.T.);
#4009 = LINE('',#4010,#4011);
#4010 = CARTESIAN_POINT('',(125.5,173.5,12.));
#4011 = VECTOR('',#4012,1.);
#4012 = DIRECTION('',(0.,1.,0.));
#4013 = PLANE('',#4014);
#4014 = AXIS2_PLACEMENT_3D('',#4015,#4016,#4017);
#4015 = CARTESIAN_POINT('',(125.,175.,12.));
#4016 = DIRECTION('',(0.,0.,1.));
#4017 = DIRECTION('',(1.,0.,0.));
#4018 = ADVANCED_FACE('',(#4019),#4055,.F.);
#4019 = FACE_BOUND('',#4020,.F.);
#4020 = EDGE_LOOP('',(#4021,#4022,#4028,#4029,#4030,#4039,#4047,#4054));
#4021 = ORIENTED_EDGE('',*,*,#3956,.T.);
#4022 = ORIENTED_EDGE('',*,*,#4023,.T.);
#4023 = EDGE_CURVE('',#3948,#3906,#4024,.T.);
#4024 = LINE('',#4025,#4026);
#4025 = CARTESIAN_POINT('',(125.5,172.,4.));
#4026 = VECTOR('',#4027,1.);
#4027 = DIRECTION('',(0.,1.,0.));
#4028 = ORIENTED_EDGE('',*,*,#3905,.F.);
#4029 = ORIENTED_EDGE('',*,*,#4000,.T.);
#4030 = ORIENTED_EDGE('',*,*,#4031,.F.);
#4031 = EDGE_CURVE('',#4032,#3992,#4034,.T.);
#4032 = VERTEX_POINT('',#4033);
#4033 = CARTESIAN_POINT('',(125.5,176.51986841535,14.));
#4034 = HYPERBOLA('',#4035,2.,0.5);
#4035 = AXIS2_PLACEMENT_3D('',#4036,#4037,#4038);
#4036 = CARTESIAN_POINT('',(125.5,175.,20.4));
#4037 = DIRECTION('',(1.,-0.,0.));
#4038 = DIRECTION('',(0.,0.,-1.));
#4039 = ORIENTED_EDGE('',*,*,#4040,.F.);
#4040 = EDGE_CURVE('',#4041,#4032,#4043,.T.);
#4041 = VERTEX_POINT('',#4042);
#4042 = CARTESIAN_POINT('',(125.5,173.48013158464,14.));
#4043 = LINE('',#4044,#4045);
#4044 = CARTESIAN_POINT('',(125.5,173.5,14.));
#4045 = VECTOR('',#4046,1.);
#4046 = DIRECTION('',(0.,1.,0.));
#4047 = ORIENTED_EDGE('',*,*,#4048,.F.);
#4048 = EDGE_CURVE('',#3981,#4041,#4049,.T.);
#4049 = HYPERBOLA('',#4050,2.,0.5);
#4050 = AXIS2_PLACEMENT_3D('',#4051,#4052,#4053);
#4051 = CARTESIAN_POINT('',(125.5,175.,20.4));
#4052 = DIRECTION('',(1.,-0.,0.));
#4053 = DIRECTION('',(0.,0.,-1.));
#4054 = ORIENTED_EDGE('',*,*,#4008,.T.);
#4055 = PLANE('',#4056);
#4056 = AXIS2_PLACEMENT_3D('',#4057,#4058,#4059);
#4057 = CARTESIAN_POINT('',(125.5,172.,14.1));
#4058 = DIRECTION('',(1.,0.,0.));
#4059 = DIRECTION('',(0.,1.,0.));
#4060 = ADVANCED_FACE('',(#4061),#4072,.T.);
#4061 = FACE_BOUND('',#4062,.T.);
#4062 = EDGE_LOOP('',(#4063,#4069,#4070,#4071));
#4063 = ORIENTED_EDGE('',*,*,#4064,.T.);
#4064 = EDGE_CURVE('',#3914,#3940,#4065,.T.);
#4065 = LINE('',#4066,#4067);
#4066 = CARTESIAN_POINT('',(124.5,178.,4.));
#4067 = VECTOR('',#4068,1.);
#4068 = DIRECTION('',(0.,-1.,0.));
#4069 = ORIENTED_EDGE('',*,*,#3947,.F.);
#4070 = ORIENTED_EDGE('',*,*,#4023,.T.);
#4071 = ORIENTED_EDGE('',*,*,#3913,.F.);
#4072 = PLANE('',#4073);
#4073 = AXIS2_PLACEMENT_3D('',#4074,#4075,#4076);
#4074 = CARTESIAN_POINT('',(125.,175.,4.));
#4075 = DIRECTION('',(0.,0.,1.));
#4076 = DIRECTION('',(1.,0.,0.));
#4077 = ADVANCED_FACE('',(#4078),#4123,.F.);
#4078 = FACE_BOUND('',#4079,.F.);
#4079 = EDGE_LOOP('',(#4080,#4081,#4082,#4083,#4091,#4100,#4108,#4117));
#4080 = ORIENTED_EDGE('',*,*,#3922,.T.);
#4081 = ORIENTED_EDGE('',*,*,#4064,.T.);
#4082 = ORIENTED_EDGE('',*,*,#3939,.F.);
#4083 = ORIENTED_EDGE('',*,*,#4084,.T.);
#4084 = EDGE_CURVE('',#3931,#4085,#4087,.T.);
#4085 = VERTEX_POINT('',#4086);
#4086 = CARTESIAN_POINT('',(124.5,172.96039219456,12.));
#4087 = LINE('',#4088,#4089);
#4088 = CARTESIAN_POINT('',(124.5,176.5,12.));
#4089 = VECTOR('',#4090,1.);
#4090 = DIRECTION('',(0.,-1.,0.));
#4091 = ORIENTED_EDGE('',*,*,#4092,.F.);
#4092 = EDGE_CURVE('',#4093,#4085,#4095,.T.);
#4093 = VERTEX_POINT('',#4094);
#4094 = CARTESIAN_POINT('',(124.5,173.48013158464,14.));
#4095 = HYPERBOLA('',#4096,2.,0.5);
#4096 = AXIS2_PLACEMENT_3D('',#4097,#4098,#4099);
#4097 = CARTESIAN_POINT('',(124.5,175.,20.4));
#4098 = DIRECTION('',(-1.,-0.,-0.));
#4099 = DIRECTION('',(0.,0.,-1.));
#4100 = ORIENTED_EDGE('',*,*,#4101,.F.);
#4101 = EDGE_CURVE('',#4102,#4093,#4104,.T.);
#4102 = VERTEX_POINT('',#4103);
#4103 = CARTESIAN_POINT('',(124.5,176.51986841535,14.));
#4104 = LINE('',#4105,#4106);
#4105 = CARTESIAN_POINT('',(124.5,176.5,14.));
#4106 = VECTOR('',#4107,1.);
#4107 = DIRECTION('',(0.,-1.,0.));
#4108 = ORIENTED_EDGE('',*,*,#4109,.F.);
#4109 = EDGE_CURVE('',#4110,#4102,#4112,.T.);
#4110 = VERTEX_POINT('',#4111);
#4111 = CARTESIAN_POINT('',(124.5,177.03960780543,12.));
#4112 = HYPERBOLA('',#4113,2.,0.5);
#4113 = AXIS2_PLACEMENT_3D('',#4114,#4115,#4116);
#4114 = CARTESIAN_POINT('',(124.5,175.,20.4));
#4115 = DIRECTION('',(-1.,-0.,-0.));
#4116 = DIRECTION('',(0.,0.,-1.));
#4117 = ORIENTED_EDGE('',*,*,#4118,.T.);
#4118 = EDGE_CURVE('',#4110,#3923,#4119,.T.);
#4119 = LINE('',#4120,#4121);
#4120 = CARTESIAN_POINT('',(124.5,176.5,12.));
#4121 = VECTOR('',#4122,1.);
#4122 = DIRECTION('',(0.,-1.,0.));
#4123 = PLANE('',#4124);
#4124 = AXIS2_PLACEMENT_3D('',#4125,#4126,#4127);
#4125 = CARTESIAN_POINT('',(124.5,178.,14.1));
#4126 = DIRECTION('',(-1.,0.,0.));
#4127 = DIRECTION('',(0.,-1.,0.));
#4128 = ADVANCED_FACE('',(#4129),#4141,.F.);
#4129 = FACE_BOUND('',#4130,.F.);
#4130 = EDGE_LOOP('',(#4131,#4132,#4139,#4140));
#4131 = ORIENTED_EDGE('',*,*,#4118,.F.);
#4132 = ORIENTED_EDGE('',*,*,#4133,.T.);
#4133 = EDGE_CURVE('',#4110,#4085,#4134,.T.);
#4134 = CIRCLE('',#4135,2.1);
#4135 = AXIS2_PLACEMENT_3D('',#4136,#4137,#4138);
#4136 = CARTESIAN_POINT('',(125.,175.,12.));
#4137 = DIRECTION('',(0.,0.,1.));
#4138 = DIRECTION('',(1.,0.,0.));
#4139 = ORIENTED_EDGE('',*,*,#4084,.F.);
#4140 = ORIENTED_EDGE('',*,*,#3930,.F.);
#4141 = PLANE('',#4142);
#4142 = AXIS2_PLACEMENT_3D('',#4143,#4144,#4145);
#4143 = CARTESIAN_POINT('',(125.,175.,12.));
#4144 = DIRECTION('',(0.,0.,1.));
#4145 = DIRECTION('',(1.,0.,0.));
#4146 = ADVANCED_FACE('',(#4147),#4165,.T.);
#4147 = FACE_BOUND('',#4148,.T.);
#4148 = EDGE_LOOP('',(#4149,#4150,#4157,#4164));
#4149 = ORIENTED_EDGE('',*,*,#3980,.T.);
#4150 = ORIENTED_EDGE('',*,*,#4151,.T.);
#4151 = EDGE_CURVE('',#3983,#4152,#4154,.T.);
#4152 = VERTEX_POINT('',#4153);
#4153 = CARTESIAN_POINT('',(126.6,175.,14.));
#4154 = B_SPLINE_CURVE_WITH_KNOTS('',1,(#4155,#4156),.UNSPECIFIED.,.F.,
  .F.,(2,2),(0.,1.),.PIECEWISE_BEZIER_KNOTS.);
#4155 = CARTESIAN_POINT('',(127.1,175.,12.));
#4156 = CARTESIAN_POINT('',(126.6,175.,14.));
#4157 = ORIENTED_EDGE('',*,*,#4158,.F.);
#4158 = EDGE_CURVE('',#4041,#4152,#4159,.T.);
#4159 = CIRCLE('',#4160,1.6);
#4160 = AXIS2_PLACEMENT_3D('',#4161,#4162,#4163);
#4161 = CARTESIAN_POINT('',(125.,175.,14.));
#4162 = DIRECTION('',(0.,0.,1.));
#4163 = DIRECTION('',(1.,0.,0.));
#4164 = ORIENTED_EDGE('',*,*,#4048,.F.);
#4165 = CONICAL_SURFACE('',#4166,2.1,0.244978663127);
#4166 = AXIS2_PLACEMENT_3D('',#4167,#4168,#4169);
#4167 = CARTESIAN_POINT('',(125.,175.,12.));
#4168 = DIRECTION('',(-0.,-0.,-1.));
#4169 = DIRECTION('',(1.,0.,0.));
#4170 = ADVANCED_FACE('',(#4171),#4183,.T.);
#4171 = FACE_BOUND('',#4172,.T.);
#4172 = EDGE_LOOP('',(#4173,#4174,#4175,#4176));
#4173 = ORIENTED_EDGE('',*,*,#4151,.F.);
#4174 = ORIENTED_EDGE('',*,*,#3991,.T.);
#4175 = ORIENTED_EDGE('',*,*,#4031,.F.);
#4176 = ORIENTED_EDGE('',*,*,#4177,.F.);
#4177 = EDGE_CURVE('',#4152,#4032,#4178,.T.);
#4178 = CIRCLE('',#4179,1.6);
#4179 = AXIS2_PLACEMENT_3D('',#4180,#4181,#4182);
#4180 = CARTESIAN_POINT('',(125.,175.,14.));
#4181 = DIRECTION('',(0.,0.,1.));
#4182 = DIRECTION('',(1.,0.,0.));
#4183 = CONICAL_SURFACE('',#4184,2.1,0.244978663127);
#4184 = AXIS2_PLACEMENT_3D('',#4185,#4186,#4187);
#4185 = CARTESIAN_POINT('',(125.,175.,12.));
#4186 = DIRECTION('',(-0.,-0.,-1.));
#4187 = DIRECTION('',(1.,0.,0.));
#4188 = ADVANCED_FACE('',(#4189),#4194,.T.);
#4189 = FACE_BOUND('',#4190,.T.);
#4190 = EDGE_LOOP('',(#4191,#4192,#4193));
#4191 = ORIENTED_EDGE('',*,*,#4158,.T.);
#4192 = ORIENTED_EDGE('',*,*,#4177,.T.);
#4193 = ORIENTED_EDGE('',*,*,#4040,.F.);
#4194 = PLANE('',#4195);
#4195 = AXIS2_PLACEMENT_3D('',#4196,#4197,#4198);
#4196 = CARTESIAN_POINT('',(125.,175.,14.));
#4197 = DIRECTION('',(0.,0.,1.));
#4198 = DIRECTION('',(1.,0.,0.));
#4199 = ADVANCED_FACE('',(#4200),#4212,.T.);
#4200 = FACE_BOUND('',#4201,.T.);
#4201 = EDGE_LOOP('',(#4202,#4203,#4204,#4205));
#4202 = ORIENTED_EDGE('',*,*,#4109,.F.);
#4203 = ORIENTED_EDGE('',*,*,#4133,.T.);
#4204 = ORIENTED_EDGE('',*,*,#4092,.F.);
#4205 = ORIENTED_EDGE('',*,*,#4206,.F.);
#4206 = EDGE_CURVE('',#4102,#4093,#4207,.T.);
#4207 = CIRCLE('',#4208,1.6);
#4208 = AXIS2_PLACEMENT_3D('',#4209,#4210,#4211);
#4209 = CARTESIAN_POINT('',(125.,175.,14.));
#4210 = DIRECTION('',(0.,0.,1.));
#4211 = DIRECTION('',(1.,0.,0.));
#4212 = CONICAL_SURFACE('',#4213,2.1,0.244978663127);
#4213 = AXIS2_PLACEMENT_3D('',#4214,#4215,#4216);
#4214 = CARTESIAN_POINT('',(125.,175.,12.));
#4215 = DIRECTION('',(-0.,-0.,-1.));
#4216 = DIRECTION('',(1.,0.,0.));
#4217 = ADVANCED_FACE('',(#4218),#4222,.T.);
#4218 = FACE_BOUND('',#4219,.T.);
#4219 = EDGE_LOOP('',(#4220,#4221));
#4220 = ORIENTED_EDGE('',*,*,#4101,.F.);
#4221 = ORIENTED_EDGE('',*,*,#4206,.T.);
#4222 = PLANE('',#4223);
#4223 = AXIS2_PLACEMENT_3D('',#4224,#4225,#4226);
#4224 = CARTESIAN_POINT('',(125.,175.,14.));
#4225 = DIRECTION('',(0.,0.,1.));
#4226 = DIRECTION('',(1.,0.,0.));
#4227 = ( GEOMETRIC_REPRESENTATION_CONTEXT(3) 
GLOBAL_UNCERTAINTY_ASSIGNED_CONTEXT((#4231)) 
GLOBAL_UNIT_ASSIGNED_CONTEXT((#4228,#4229,#4230)) REPRESENTATION_CONTEXT
('Context #1','3D Context with UNIT and UNCERTAINTY') );
#4228 = ( LENGTH_UNIT() NAMED_UNIT(*) SI_UNIT(.MILLI.,.METRE.) );
#4229 = ( NAMED_UNIT(*) PLANE_ANGLE_UNIT() SI_UNIT($,.RADIAN.) );
#4230 = ( NAMED_UNIT(*) SI_UNIT($,.STERADIAN.) SOLID_ANGLE_UNIT() );
#4231 = UNCERTAINTY_MEASURE_WITH_UNIT(LENGTH_MEASURE(1.E-04),#4228,
  'distance_accuracy_value','confusion accuracy');
#4232 = PRODUCT_RELATED_PRODUCT_CATEGORY('part',$,(#7));
ENDSEC;
END-ISO-10303-21;
