ISO-10303-21;
HEADER;
FILE_DESCRIPTION(('FreeCAD Model'),'2;1');
FILE_NAME('Open CASCADE Shape Model','2026-09-08T16:07:11',('FreeCAD'),(
    'FreeCAD'),'Open CASCADE STEP processor 7.8','FreeCAD','Unknown');
FILE_SCHEMA(('AUTOMOTIVE_DESIGN { 1 0 10303 214 1 1 1 1 }'));
ENDSEC;
DATA;
#1 = APPLICATION_PROTOCOL_DEFINITION('international standard',
  'automotive_design',2000,#2);
#2 = APPLICATION_CONTEXT(
  'core data for automotive mechanical design processes');
#3 = SHAPE_DEFINITION_REPRESENTATION(#4,#10);
#4 = PRODUCT_DEFINITION_SHAPE('','',#5);
#5 = PRODUCT_DEFINITION('design','',#6,#9);
#6 = PRODUCT_DEFINITION_FORMATION('','',#7);
#7 = PRODUCT('Open CASCADE STEP translator 7.8 2',
  'Open CASCADE STEP translator 7.8 2','',(#8));
#8 = PRODUCT_CONTEXT('',#2,'mechanical');
#9 = PRODUCT_DEFINITION_CONTEXT('part definition',#2,'design');
#10 = ADVANCED_BREP_SHAPE_REPRESENTATION('',(#11,#15),#2349);
#11 = AXIS2_PLACEMENT_3D('',#12,#13,#14);
#12 = CARTESIAN_POINT('',(0.,0.,0.));
#13 = DIRECTION('',(0.,0.,1.));
#14 = DIRECTION('',(1.,0.,-0.));
#15 = MANIFOLD_SOLID_BREP('',#16);
#16 = CLOSED_SHELL('',(#17,#82,#113,#137,#177,#219,#243,#267,#284,#552,
    #893,#918,#935,#957,#974,#986,#1035,#1052,#1069,#1086,#1119,#1161,
    #1185,#1227,#1258,#1275,#1292,#1309,#1342,#1384,#1408,#1450,#1481,
    #1498,#1515,#1532,#1549,#1566,#1583,#1600,#1612,#1643,#1668,#1692,
    #1717,#1782,#1799,#1816,#1833,#1850,#1875,#1899,#1917,#1942,#1967,
    #1984,#2001,#2013,#2032,#2049,#2061,#2080,#2097,#2109,#2199,#2222,
    #2246,#2262,#2274,#2297,#2321,#2337));
#17 = ADVANCED_FACE('',(#18),#77,.F.);
#18 = FACE_BOUND('',#19,.F.);
#19 = EDGE_LOOP('',(#20,#30,#38,#46,#54,#63,#71));
#20 = ORIENTED_EDGE('',*,*,#21,.F.);
#21 = EDGE_CURVE('',#22,#24,#26,.T.);
#22 = VERTEX_POINT('',#23);
#23 = CARTESIAN_POINT('',(173.5,133.5,2.7));
#24 = VERTEX_POINT('',#25);
#25 = CARTESIAN_POINT('',(185.5,133.5,2.7));
#26 = LINE('',#27,#28);
#27 = CARTESIAN_POINT('',(173.5,133.5,2.7));
#28 = VECTOR('',#29,1.);
#29 = DIRECTION('',(1.,0.,0.));
#30 = ORIENTED_EDGE('',*,*,#31,.T.);
#31 = EDGE_CURVE('',#22,#32,#34,.T.);
#32 = VERTEX_POINT('',#33);
#33 = CARTESIAN_POINT('',(173.5,144.5,2.7));
#34 = LINE('',#35,#36);
#35 = CARTESIAN_POINT('',(173.5,133.5,2.7));
#36 = VECTOR('',#37,1.);
#37 = DIRECTION('',(0.,1.,2.22044604925E-16));
#38 = ORIENTED_EDGE('',*,*,#39,.T.);
#39 = EDGE_CURVE('',#32,#40,#42,.T.);
#40 = VERTEX_POINT('',#41);
#41 = CARTESIAN_POINT('',(185.5,144.5,2.7));
#42 = LINE('',#43,#44);
#43 = CARTESIAN_POINT('',(173.5,144.5,2.7));
#44 = VECTOR('',#45,1.);
#45 = DIRECTION('',(1.,0.,0.));
#46 = ORIENTED_EDGE('',*,*,#47,.F.);
#47 = EDGE_CURVE('',#48,#40,#50,.T.);
#48 = VERTEX_POINT('',#49);
#49 = CARTESIAN_POINT('',(185.5,138.76794919242,2.7));
#50 = LINE('',#51,#52);
#51 = CARTESIAN_POINT('',(185.5,133.5,2.7));
#52 = VECTOR('',#53,1.);
#53 = DIRECTION('',(0.,1.,2.22044604925E-16));
#54 = ORIENTED_EDGE('',*,*,#55,.T.);
#55 = EDGE_CURVE('',#48,#56,#58,.T.);
#56 = VERTEX_POINT('',#57);
#57 = CARTESIAN_POINT('',(184.5,138.5,2.7));
#58 = CIRCLE('',#59,2.);
#59 = AXIS2_PLACEMENT_3D('',#60,#61,#62);
#60 = CARTESIAN_POINT('',(184.5,140.5,2.7));
#61 = DIRECTION('',(0.,3.330669073875E-16,-1.));
#62 = DIRECTION('',(-7.105427357601E-15,-1.,-3.330669073875E-16));
#63 = ORIENTED_EDGE('',*,*,#64,.T.);
#64 = EDGE_CURVE('',#56,#65,#67,.T.);
#65 = VERTEX_POINT('',#66);
#66 = CARTESIAN_POINT('',(185.5,138.5,2.7));
#67 = LINE('',#68,#69);
#68 = CARTESIAN_POINT('',(182.5,138.5,2.7));
#69 = VECTOR('',#70,1.);
#70 = DIRECTION('',(1.,3.947459643112E-16,8.765121169122E-32));
#71 = ORIENTED_EDGE('',*,*,#72,.F.);
#72 = EDGE_CURVE('',#24,#65,#73,.T.);
#73 = LINE('',#74,#75);
#74 = CARTESIAN_POINT('',(185.5,133.5,2.7));
#75 = VECTOR('',#76,1.);
#76 = DIRECTION('',(0.,1.,2.22044604925E-16));
#77 = PLANE('',#78);
#78 = AXIS2_PLACEMENT_3D('',#79,#80,#81);
#79 = CARTESIAN_POINT('',(173.5,133.5,2.7));
#80 = DIRECTION('',(0.,2.22044604925E-16,-1.));
#81 = DIRECTION('',(1.,0.,0.));
#82 = ADVANCED_FACE('',(#83),#108,.F.);
#83 = FACE_BOUND('',#84,.F.);
#84 = EDGE_LOOP('',(#85,#93,#94,#102));
#85 = ORIENTED_EDGE('',*,*,#86,.T.);
#86 = EDGE_CURVE('',#87,#22,#89,.T.);
#87 = VERTEX_POINT('',#88);
#88 = CARTESIAN_POINT('',(173.5,133.5,2.4));
#89 = LINE('',#90,#91);
#90 = CARTESIAN_POINT('',(173.5,133.5,5.684341886081E-14));
#91 = VECTOR('',#92,1.);
#92 = DIRECTION('',(0.,-2.22044604925E-16,1.));
#93 = ORIENTED_EDGE('',*,*,#21,.T.);
#94 = ORIENTED_EDGE('',*,*,#95,.T.);
#95 = EDGE_CURVE('',#24,#96,#98,.T.);
#96 = VERTEX_POINT('',#97);
#97 = CARTESIAN_POINT('',(185.5,133.5,2.4));
#98 = LINE('',#99,#100);
#99 = CARTESIAN_POINT('',(185.5,133.5,2.7));
#100 = VECTOR('',#101,1.);
#101 = DIRECTION('',(0.,2.22044604925E-16,-1.));
#102 = ORIENTED_EDGE('',*,*,#103,.T.);
#103 = EDGE_CURVE('',#96,#87,#104,.T.);
#104 = LINE('',#105,#106);
#105 = CARTESIAN_POINT('',(153.58230697225,133.5,2.4));
#106 = VECTOR('',#107,1.);
#107 = DIRECTION('',(-1.,0.,0.));
#108 = PLANE('',#109);
#109 = AXIS2_PLACEMENT_3D('',#110,#111,#112);
#110 = CARTESIAN_POINT('',(179.5,133.5,1.35));
#111 = DIRECTION('',(0.,1.,2.22044604925E-16));
#112 = DIRECTION('',(1.,0.,0.));
#113 = ADVANCED_FACE('',(#114),#132,.F.);
#114 = FACE_BOUND('',#115,.F.);
#115 = EDGE_LOOP('',(#116,#117,#118,#126));
#116 = ORIENTED_EDGE('',*,*,#95,.F.);
#117 = ORIENTED_EDGE('',*,*,#72,.T.);
#118 = ORIENTED_EDGE('',*,*,#119,.T.);
#119 = EDGE_CURVE('',#65,#120,#122,.T.);
#120 = VERTEX_POINT('',#121);
#121 = CARTESIAN_POINT('',(185.5,138.5,2.4));
#122 = LINE('',#123,#124);
#123 = CARTESIAN_POINT('',(185.5,138.5,2.55));
#124 = VECTOR('',#125,1.);
#125 = DIRECTION('',(0.,-1.110223024625E-16,-1.));
#126 = ORIENTED_EDGE('',*,*,#127,.T.);
#127 = EDGE_CURVE('',#120,#96,#128,.T.);
#128 = LINE('',#129,#130);
#129 = CARTESIAN_POINT('',(185.5,130.92089412527,2.4));
#130 = VECTOR('',#131,1.);
#131 = DIRECTION('',(-0.,-1.,-1.110223024625E-16));
#132 = PLANE('',#133);
#133 = AXIS2_PLACEMENT_3D('',#134,#135,#136);
#134 = CARTESIAN_POINT('',(185.5,133.5,2.7));
#135 = DIRECTION('',(-1.,0.,0.));
#136 = DIRECTION('',(0.,2.22044604925E-16,-1.));
#137 = ADVANCED_FACE('',(#138),#172,.T.);
#138 = FACE_BOUND('',#139,.T.);
#139 = EDGE_LOOP('',(#140,#148,#156,#164,#170,#171));
#140 = ORIENTED_EDGE('',*,*,#141,.F.);
#141 = EDGE_CURVE('',#142,#120,#144,.T.);
#142 = VERTEX_POINT('',#143);
#143 = CARTESIAN_POINT('',(191.5,138.5,2.4));
#144 = LINE('',#145,#146);
#145 = CARTESIAN_POINT('',(191.5,138.5,2.4));
#146 = VECTOR('',#147,1.);
#147 = DIRECTION('',(-1.,-3.947459643112E-16,-1.314768175368E-31));
#148 = ORIENTED_EDGE('',*,*,#149,.T.);
#149 = EDGE_CURVE('',#142,#150,#152,.T.);
#150 = VERTEX_POINT('',#151);
#151 = CARTESIAN_POINT('',(191.5,138.5,8.));
#152 = LINE('',#153,#154);
#153 = CARTESIAN_POINT('',(191.5,138.5,2.4));
#154 = VECTOR('',#155,1.);
#155 = DIRECTION('',(0.,1.110223024625E-16,1.));
#156 = ORIENTED_EDGE('',*,*,#157,.T.);
#157 = EDGE_CURVE('',#150,#158,#160,.T.);
#158 = VERTEX_POINT('',#159);
#159 = CARTESIAN_POINT('',(184.5,138.5,8.));
#160 = LINE('',#161,#162);
#161 = CARTESIAN_POINT('',(159.75,138.5,8.));
#162 = VECTOR('',#163,1.);
#163 = DIRECTION('',(-1.,-3.947459643112E-16,-4.382560584561E-32));
#164 = ORIENTED_EDGE('',*,*,#165,.F.);
#165 = EDGE_CURVE('',#56,#158,#166,.T.);
#166 = LINE('',#167,#168);
#167 = CARTESIAN_POINT('',(184.5,138.5,0.7));
#168 = VECTOR('',#169,1.);
#169 = DIRECTION('',(0.,1.110223024625E-16,1.));
#170 = ORIENTED_EDGE('',*,*,#64,.T.);
#171 = ORIENTED_EDGE('',*,*,#119,.T.);
#172 = PLANE('',#173);
#173 = AXIS2_PLACEMENT_3D('',#174,#175,#176);
#174 = CARTESIAN_POINT('',(191.5,138.5,2.4));
#175 = DIRECTION('',(3.947459643112E-16,-1.,1.110223024625E-16));
#176 = DIRECTION('',(-1.,-3.947459643112E-16,-1.314768175368E-31));
#177 = ADVANCED_FACE('',(#178),#214,.F.);
#178 = FACE_BOUND('',#179,.T.);
#179 = EDGE_LOOP('',(#180,#191,#197,#198,#199,#208));
#180 = ORIENTED_EDGE('',*,*,#181,.F.);
#181 = EDGE_CURVE('',#182,#184,#186,.T.);
#182 = VERTEX_POINT('',#183);
#183 = CARTESIAN_POINT('',(185.5,138.76794919243,2.4));
#184 = VERTEX_POINT('',#185);
#185 = CARTESIAN_POINT('',(186.5,140.5,2.4));
#186 = CIRCLE('',#187,2.);
#187 = AXIS2_PLACEMENT_3D('',#188,#189,#190);
#188 = CARTESIAN_POINT('',(184.5,140.5,2.4));
#189 = DIRECTION('',(0.,-3.330669073875E-16,1.));
#190 = DIRECTION('',(-7.105427357601E-15,-1.,-3.330669073875E-16));
#191 = ORIENTED_EDGE('',*,*,#192,.F.);
#192 = EDGE_CURVE('',#48,#182,#193,.T.);
#193 = LINE('',#194,#195);
#194 = CARTESIAN_POINT('',(185.5,138.76794919243,2.4));
#195 = VECTOR('',#196,1.);
#196 = DIRECTION('',(0.,3.330669073875E-16,-1.));
#197 = ORIENTED_EDGE('',*,*,#55,.T.);
#198 = ORIENTED_EDGE('',*,*,#165,.T.);
#199 = ORIENTED_EDGE('',*,*,#200,.F.);
#200 = EDGE_CURVE('',#201,#158,#203,.T.);
#201 = VERTEX_POINT('',#202);
#202 = CARTESIAN_POINT('',(186.5,140.5,8.));
#203 = CIRCLE('',#204,2.);
#204 = AXIS2_PLACEMENT_3D('',#205,#206,#207);
#205 = CARTESIAN_POINT('',(184.5,140.5,8.));
#206 = DIRECTION('',(0.,3.330669073875E-16,-1.));
#207 = DIRECTION('',(-7.105427357601E-15,-1.,-3.330669073875E-16));
#208 = ORIENTED_EDGE('',*,*,#209,.F.);
#209 = EDGE_CURVE('',#184,#201,#210,.T.);
#210 = LINE('',#211,#212);
#211 = CARTESIAN_POINT('',(186.5,140.5,2.4));
#212 = VECTOR('',#213,1.);
#213 = DIRECTION('',(0.,1.110223024625E-16,1.));
#214 = CYLINDRICAL_SURFACE('',#215,2.);
#215 = AXIS2_PLACEMENT_3D('',#216,#217,#218);
#216 = CARTESIAN_POINT('',(184.5,140.5,2.4));
#217 = DIRECTION('',(0.,3.330669073875E-16,-1.));
#218 = DIRECTION('',(-7.105427357601E-15,-1.,-3.330669073875E-16));
#219 = ADVANCED_FACE('',(#220),#238,.F.);
#220 = FACE_BOUND('',#221,.F.);
#221 = EDGE_LOOP('',(#222,#223,#224,#232));
#222 = ORIENTED_EDGE('',*,*,#192,.F.);
#223 = ORIENTED_EDGE('',*,*,#47,.T.);
#224 = ORIENTED_EDGE('',*,*,#225,.T.);
#225 = EDGE_CURVE('',#40,#226,#228,.T.);
#226 = VERTEX_POINT('',#227);
#227 = CARTESIAN_POINT('',(185.5,144.5,2.4));
#228 = LINE('',#229,#230);
#229 = CARTESIAN_POINT('',(185.5,144.5,2.7));
#230 = VECTOR('',#231,1.);
#231 = DIRECTION('',(0.,2.22044604925E-16,-1.));
#232 = ORIENTED_EDGE('',*,*,#233,.T.);
#233 = EDGE_CURVE('',#226,#182,#234,.T.);
#234 = LINE('',#235,#236);
#235 = CARTESIAN_POINT('',(185.5,130.92089412527,2.4));
#236 = VECTOR('',#237,1.);
#237 = DIRECTION('',(-0.,-1.,-1.110223024625E-16));
#238 = PLANE('',#239);
#239 = AXIS2_PLACEMENT_3D('',#240,#241,#242);
#240 = CARTESIAN_POINT('',(185.5,133.5,2.7));
#241 = DIRECTION('',(-1.,0.,0.));
#242 = DIRECTION('',(0.,2.22044604925E-16,-1.));
#243 = ADVANCED_FACE('',(#244),#262,.T.);
#244 = FACE_BOUND('',#245,.T.);
#245 = EDGE_LOOP('',(#246,#254,#255,#256));
#246 = ORIENTED_EDGE('',*,*,#247,.T.);
#247 = EDGE_CURVE('',#248,#32,#250,.T.);
#248 = VERTEX_POINT('',#249);
#249 = CARTESIAN_POINT('',(173.5,144.5,2.4));
#250 = LINE('',#251,#252);
#251 = CARTESIAN_POINT('',(173.5,144.5,5.684341886081E-14));
#252 = VECTOR('',#253,1.);
#253 = DIRECTION('',(0.,-2.22044604925E-16,1.));
#254 = ORIENTED_EDGE('',*,*,#39,.T.);
#255 = ORIENTED_EDGE('',*,*,#225,.T.);
#256 = ORIENTED_EDGE('',*,*,#257,.T.);
#257 = EDGE_CURVE('',#226,#248,#258,.T.);
#258 = LINE('',#259,#260);
#259 = CARTESIAN_POINT('',(153.58230697225,144.5,2.4));
#260 = VECTOR('',#261,1.);
#261 = DIRECTION('',(-1.,0.,0.));
#262 = PLANE('',#263);
#263 = AXIS2_PLACEMENT_3D('',#264,#265,#266);
#264 = CARTESIAN_POINT('',(179.5,144.5,1.35));
#265 = DIRECTION('',(0.,1.,2.22044604925E-16));
#266 = DIRECTION('',(1.,0.,0.));
#267 = ADVANCED_FACE('',(#268),#279,.F.);
#268 = FACE_BOUND('',#269,.F.);
#269 = EDGE_LOOP('',(#270,#271,#277,#278));
#270 = ORIENTED_EDGE('',*,*,#86,.F.);
#271 = ORIENTED_EDGE('',*,*,#272,.T.);
#272 = EDGE_CURVE('',#87,#248,#273,.T.);
#273 = LINE('',#274,#275);
#274 = CARTESIAN_POINT('',(173.5,130.92089412527,2.4));
#275 = VECTOR('',#276,1.);
#276 = DIRECTION('',(0.,1.,1.110223024625E-16));
#277 = ORIENTED_EDGE('',*,*,#247,.T.);
#278 = ORIENTED_EDGE('',*,*,#31,.F.);
#279 = PLANE('',#280);
#280 = AXIS2_PLACEMENT_3D('',#281,#282,#283);
#281 = CARTESIAN_POINT('',(173.5,133.5,5.684341886081E-14));
#282 = DIRECTION('',(1.,0.,0.));
#283 = DIRECTION('',(0.,-2.22044604925E-16,1.));
#284 = ADVANCED_FACE('',(#285),#547,.T.);
#285 = FACE_BOUND('',#286,.T.);
#286 = EDGE_LOOP('',(#287,#298,#306,#315,#323,#332,#340,#349,#357,#366,
    #374,#383,#391,#400,#408,#417,#425,#434,#442,#451,#459,#468,#476,
    #485,#493,#502,#510,#517,#518,#519,#520,#521,#522,#523,#524,#532,
    #541));
#287 = ORIENTED_EDGE('',*,*,#288,.T.);
#288 = EDGE_CURVE('',#289,#291,#293,.T.);
#289 = VERTEX_POINT('',#290);
#290 = CARTESIAN_POINT('',(71.5,150.5,2.4));
#291 = VERTEX_POINT('',#292);
#292 = CARTESIAN_POINT('',(69.5,148.5,2.4));
#293 = CIRCLE('',#294,2.);
#294 = AXIS2_PLACEMENT_3D('',#295,#296,#297);
#295 = CARTESIAN_POINT('',(71.5,148.5,2.4));
#296 = DIRECTION('',(0.,-3.330669073875E-16,1.));
#297 = DIRECTION('',(-1.7763568394E-15,1.,3.330669073875E-16));
#298 = ORIENTED_EDGE('',*,*,#299,.T.);
#299 = EDGE_CURVE('',#291,#300,#302,.T.);
#300 = VERTEX_POINT('',#301);
#301 = CARTESIAN_POINT('',(69.5,140.5,2.4));
#302 = LINE('',#303,#304);
#303 = CARTESIAN_POINT('',(69.5,148.5,2.4));
#304 = VECTOR('',#305,1.);
#305 = DIRECTION('',(4.440892098501E-16,-1.,-3.330669073875E-16));
#306 = ORIENTED_EDGE('',*,*,#307,.T.);
#307 = EDGE_CURVE('',#300,#308,#310,.T.);
#308 = VERTEX_POINT('',#309);
#309 = CARTESIAN_POINT('',(71.5,138.5,2.4));
#310 = CIRCLE('',#311,2.);
#311 = AXIS2_PLACEMENT_3D('',#312,#313,#314);
#312 = CARTESIAN_POINT('',(71.5,140.5,2.4));
#313 = DIRECTION('',(0.,-3.330669073875E-16,1.));
#314 = DIRECTION('',(-1.,-1.224646799147E-16,-4.078893220341E-32));
#315 = ORIENTED_EDGE('',*,*,#316,.T.);
#316 = EDGE_CURVE('',#308,#317,#319,.T.);
#317 = VERTEX_POINT('',#318);
#318 = CARTESIAN_POINT('',(63.5,138.5,2.4));
#319 = LINE('',#320,#321);
#320 = CARTESIAN_POINT('',(100.5,138.5,2.4));
#321 = VECTOR('',#322,1.);
#322 = DIRECTION('',(-1.,0.,0.));
#323 = ORIENTED_EDGE('',*,*,#324,.T.);
#324 = EDGE_CURVE('',#317,#325,#327,.T.);
#325 = VERTEX_POINT('',#326);
#326 = CARTESIAN_POINT('',(61.5,136.5,2.4));
#327 = CIRCLE('',#328,2.);
#328 = AXIS2_PLACEMENT_3D('',#329,#330,#331);
#329 = CARTESIAN_POINT('',(63.5,136.5,2.4));
#330 = DIRECTION('',(0.,-3.330669073875E-16,1.));
#331 = DIRECTION('',(-2.22044604925E-15,1.,3.330669073875E-16));
#332 = ORIENTED_EDGE('',*,*,#333,.T.);
#333 = EDGE_CURVE('',#325,#334,#336,.T.);
#334 = VERTEX_POINT('',#335);
#335 = CARTESIAN_POINT('',(61.5,110.5,2.4));
#336 = LINE('',#337,#338);
#337 = CARTESIAN_POINT('',(61.5,136.5,2.4));
#338 = VECTOR('',#339,1.);
#339 = DIRECTION('',(2.732856676E-16,-1.,-3.330669073875E-16));
#340 = ORIENTED_EDGE('',*,*,#341,.T.);
#341 = EDGE_CURVE('',#334,#342,#344,.T.);
#342 = VERTEX_POINT('',#343);
#343 = CARTESIAN_POINT('',(63.5,108.5,2.4));
#344 = CIRCLE('',#345,2.);
#345 = AXIS2_PLACEMENT_3D('',#346,#347,#348);
#346 = CARTESIAN_POINT('',(63.5,110.5,2.4));
#347 = DIRECTION('',(0.,-3.330669073875E-16,1.));
#348 = DIRECTION('',(-1.,1.433331939512E-14,4.773954363529E-30));
#349 = ORIENTED_EDGE('',*,*,#350,.T.);
#350 = EDGE_CURVE('',#342,#351,#353,.T.);
#351 = VERTEX_POINT('',#352);
#352 = CARTESIAN_POINT('',(100.5,108.5,2.4));
#353 = LINE('',#354,#355);
#354 = CARTESIAN_POINT('',(63.5,108.5,2.4));
#355 = VECTOR('',#356,1.);
#356 = DIRECTION('',(1.,-7.681543089298E-16,-2.558467800717E-31));
#357 = ORIENTED_EDGE('',*,*,#358,.T.);
#358 = EDGE_CURVE('',#351,#359,#361,.T.);
#359 = VERTEX_POINT('',#360);
#360 = CARTESIAN_POINT('',(102.5,110.5,2.4));
#361 = CIRCLE('',#362,2.);
#362 = AXIS2_PLACEMENT_3D('',#363,#364,#365);
#363 = CARTESIAN_POINT('',(100.5,110.5,2.4));
#364 = DIRECTION('',(0.,-3.330669073875E-16,1.));
#365 = DIRECTION('',(-7.105427357601E-15,-1.,-3.330669073875E-16));
#366 = ORIENTED_EDGE('',*,*,#367,.T.);
#367 = EDGE_CURVE('',#359,#368,#370,.T.);
#368 = VERTEX_POINT('',#369);
#369 = CARTESIAN_POINT('',(102.5,136.5,2.4));
#370 = LINE('',#371,#372);
#371 = CARTESIAN_POINT('',(102.5,110.5,2.4));
#372 = VECTOR('',#373,1.);
#373 = DIRECTION('',(5.465713352001E-16,1.,3.330669073875E-16));
#374 = ORIENTED_EDGE('',*,*,#375,.T.);
#375 = EDGE_CURVE('',#368,#376,#378,.T.);
#376 = VERTEX_POINT('',#377);
#377 = CARTESIAN_POINT('',(100.5,138.5,2.4));
#378 = CIRCLE('',#379,2.);
#379 = AXIS2_PLACEMENT_3D('',#380,#381,#382);
#380 = CARTESIAN_POINT('',(100.5,136.5,2.4));
#381 = DIRECTION('',(0.,-3.330669073875E-16,1.));
#382 = DIRECTION('',(1.,0.,0.));
#383 = ORIENTED_EDGE('',*,*,#384,.T.);
#384 = EDGE_CURVE('',#376,#385,#387,.T.);
#385 = VERTEX_POINT('',#386);
#386 = CARTESIAN_POINT('',(106.5,138.5,2.4));
#387 = LINE('',#388,#389);
#388 = CARTESIAN_POINT('',(71.5,138.5,2.4));
#389 = VECTOR('',#390,1.);
#390 = DIRECTION('',(1.,0.,0.));
#391 = ORIENTED_EDGE('',*,*,#392,.T.);
#392 = EDGE_CURVE('',#385,#393,#395,.T.);
#393 = VERTEX_POINT('',#394);
#394 = CARTESIAN_POINT('',(104.5,136.5,2.4));
#395 = CIRCLE('',#396,2.);
#396 = AXIS2_PLACEMENT_3D('',#397,#398,#399);
#397 = CARTESIAN_POINT('',(106.5,136.5,2.4));
#398 = DIRECTION('',(0.,-3.330669073875E-16,1.));
#399 = DIRECTION('',(-3.552713678801E-15,1.,3.330669073875E-16));
#400 = ORIENTED_EDGE('',*,*,#401,.T.);
#401 = EDGE_CURVE('',#393,#402,#404,.T.);
#402 = VERTEX_POINT('',#403);
#403 = CARTESIAN_POINT('',(104.5,110.5,2.4));
#404 = LINE('',#405,#406);
#405 = CARTESIAN_POINT('',(104.5,136.5,2.4));
#406 = VECTOR('',#407,1.);
#407 = DIRECTION('',(0.,-1.,-3.330669073875E-16));
#408 = ORIENTED_EDGE('',*,*,#409,.T.);
#409 = EDGE_CURVE('',#402,#410,#412,.T.);
#410 = VERTEX_POINT('',#411);
#411 = CARTESIAN_POINT('',(106.5,108.5,2.4));
#412 = CIRCLE('',#413,2.);
#413 = AXIS2_PLACEMENT_3D('',#414,#415,#416);
#414 = CARTESIAN_POINT('',(106.5,110.5,2.4));
#415 = DIRECTION('',(0.,-3.330669073875E-16,1.));
#416 = DIRECTION('',(-1.,1.433331939512E-14,4.773954363529E-30));
#417 = ORIENTED_EDGE('',*,*,#418,.T.);
#418 = EDGE_CURVE('',#410,#419,#421,.T.);
#419 = VERTEX_POINT('',#420);
#420 = CARTESIAN_POINT('',(149.5,108.5,2.4));
#421 = LINE('',#422,#423);
#422 = CARTESIAN_POINT('',(106.5,108.5,2.4));
#423 = VECTOR('',#424,1.);
#424 = DIRECTION('',(1.,6.609699867536E-16,2.20147229364E-31));
#425 = ORIENTED_EDGE('',*,*,#426,.T.);
#426 = EDGE_CURVE('',#419,#427,#429,.T.);
#427 = VERTEX_POINT('',#428);
#428 = CARTESIAN_POINT('',(151.5,110.5,2.4));
#429 = CIRCLE('',#430,2.);
#430 = AXIS2_PLACEMENT_3D('',#431,#432,#433);
#431 = CARTESIAN_POINT('',(149.5,110.5,2.4));
#432 = DIRECTION('',(0.,-3.330669073875E-16,1.));
#433 = DIRECTION('',(-1.42108547152E-14,-1.,-3.330669073875E-16));
#434 = ORIENTED_EDGE('',*,*,#435,.T.);
#435 = EDGE_CURVE('',#427,#436,#438,.T.);
#436 = VERTEX_POINT('',#437);
#437 = CARTESIAN_POINT('',(151.5,136.5,2.4));
#438 = LINE('',#439,#440);
#439 = CARTESIAN_POINT('',(151.5,110.5,2.4));
#440 = VECTOR('',#441,1.);
#441 = DIRECTION('',(0.,1.,3.330669073875E-16));
#442 = ORIENTED_EDGE('',*,*,#443,.T.);
#443 = EDGE_CURVE('',#436,#444,#446,.T.);
#444 = VERTEX_POINT('',#445);
#445 = CARTESIAN_POINT('',(149.5,138.5,2.4));
#446 = CIRCLE('',#447,2.);
#447 = AXIS2_PLACEMENT_3D('',#448,#449,#450);
#448 = CARTESIAN_POINT('',(149.5,136.5,2.4));
#449 = DIRECTION('',(0.,-3.330669073875E-16,1.));
#450 = DIRECTION('',(1.,0.,0.));
#451 = ORIENTED_EDGE('',*,*,#452,.T.);
#452 = EDGE_CURVE('',#444,#453,#455,.T.);
#453 = VERTEX_POINT('',#454);
#454 = CARTESIAN_POINT('',(155.5,138.5,2.4));
#455 = LINE('',#456,#457);
#456 = CARTESIAN_POINT('',(71.5,138.5,2.4));
#457 = VECTOR('',#458,1.);
#458 = DIRECTION('',(1.,0.,0.));
#459 = ORIENTED_EDGE('',*,*,#460,.T.);
#460 = EDGE_CURVE('',#453,#461,#463,.T.);
#461 = VERTEX_POINT('',#462);
#462 = CARTESIAN_POINT('',(153.5,136.5,2.4));
#463 = CIRCLE('',#464,2.);
#464 = AXIS2_PLACEMENT_3D('',#465,#466,#467);
#465 = CARTESIAN_POINT('',(155.5,136.5,2.4));
#466 = DIRECTION('',(0.,-3.330669073875E-16,1.));
#467 = DIRECTION('',(1.110223024625E-16,1.,3.330669073875E-16));
#468 = ORIENTED_EDGE('',*,*,#469,.T.);
#469 = EDGE_CURVE('',#461,#470,#472,.T.);
#470 = VERTEX_POINT('',#471);
#471 = CARTESIAN_POINT('',(153.5,110.5,2.4));
#472 = LINE('',#473,#474);
#473 = CARTESIAN_POINT('',(153.5,136.5,2.4));
#474 = VECTOR('',#475,1.);
#475 = DIRECTION('',(0.,-1.,-3.330669073875E-16));
#476 = ORIENTED_EDGE('',*,*,#477,.T.);
#477 = EDGE_CURVE('',#470,#478,#480,.T.);
#478 = VERTEX_POINT('',#479);
#479 = CARTESIAN_POINT('',(155.5,108.5,2.4));
#480 = CIRCLE('',#481,2.);
#481 = AXIS2_PLACEMENT_3D('',#482,#483,#484);
#482 = CARTESIAN_POINT('',(155.5,110.5,2.4));
#483 = DIRECTION('',(0.,-3.330669073875E-16,1.));
#484 = DIRECTION('',(-1.,1.433331939512E-14,4.773954363529E-30));
#485 = ORIENTED_EDGE('',*,*,#486,.T.);
#486 = EDGE_CURVE('',#478,#487,#489,.T.);
#487 = VERTEX_POINT('',#488);
#488 = CARTESIAN_POINT('',(191.5,108.5,2.4));
#489 = LINE('',#490,#491);
#490 = CARTESIAN_POINT('',(155.5,108.5,2.4));
#491 = VECTOR('',#492,1.);
#492 = DIRECTION('',(1.,0.,0.));
#493 = ORIENTED_EDGE('',*,*,#494,.T.);
#494 = EDGE_CURVE('',#487,#495,#497,.T.);
#495 = VERTEX_POINT('',#496);
#496 = CARTESIAN_POINT('',(193.5,110.5,2.4));
#497 = CIRCLE('',#498,2.);
#498 = AXIS2_PLACEMENT_3D('',#499,#500,#501);
#499 = CARTESIAN_POINT('',(191.5,110.5,2.4));
#500 = DIRECTION('',(0.,-3.330669073875E-16,1.));
#501 = DIRECTION('',(-1.42108547152E-14,-1.,-3.330669073875E-16));
#502 = ORIENTED_EDGE('',*,*,#503,.T.);
#503 = EDGE_CURVE('',#495,#504,#506,.T.);
#504 = VERTEX_POINT('',#505);
#505 = CARTESIAN_POINT('',(193.5,136.5,2.4));
#506 = LINE('',#507,#508);
#507 = CARTESIAN_POINT('',(193.5,110.5,2.4));
#508 = VECTOR('',#509,1.);
#509 = DIRECTION('',(1.0931426704E-15,1.,3.330669073875E-16));
#510 = ORIENTED_EDGE('',*,*,#511,.T.);
#511 = EDGE_CURVE('',#504,#142,#512,.T.);
#512 = CIRCLE('',#513,2.);
#513 = AXIS2_PLACEMENT_3D('',#514,#515,#516);
#514 = CARTESIAN_POINT('',(191.5,136.5,2.4));
#515 = DIRECTION('',(0.,-3.330669073875E-16,1.));
#516 = DIRECTION('',(1.,-1.42E-14,-4.729550084903E-30));
#517 = ORIENTED_EDGE('',*,*,#141,.T.);
#518 = ORIENTED_EDGE('',*,*,#127,.T.);
#519 = ORIENTED_EDGE('',*,*,#103,.T.);
#520 = ORIENTED_EDGE('',*,*,#272,.T.);
#521 = ORIENTED_EDGE('',*,*,#257,.F.);
#522 = ORIENTED_EDGE('',*,*,#233,.T.);
#523 = ORIENTED_EDGE('',*,*,#181,.T.);
#524 = ORIENTED_EDGE('',*,*,#525,.T.);
#525 = EDGE_CURVE('',#184,#526,#528,.T.);
#526 = VERTEX_POINT('',#527);
#527 = CARTESIAN_POINT('',(186.5,148.5,2.4));
#528 = LINE('',#529,#530);
#529 = CARTESIAN_POINT('',(186.5,140.5,2.4));
#530 = VECTOR('',#531,1.);
#531 = DIRECTION('',(0.,1.,3.330669073875E-16));
#532 = ORIENTED_EDGE('',*,*,#533,.T.);
#533 = EDGE_CURVE('',#526,#534,#536,.T.);
#534 = VERTEX_POINT('',#535);
#535 = CARTESIAN_POINT('',(184.5,150.5,2.4));
#536 = CIRCLE('',#537,2.);
#537 = AXIS2_PLACEMENT_3D('',#538,#539,#540);
#538 = CARTESIAN_POINT('',(184.5,148.5,2.4));
#539 = DIRECTION('',(0.,-3.330669073875E-16,1.));
#540 = DIRECTION('',(1.,-1.42E-14,-4.729550084903E-30));
#541 = ORIENTED_EDGE('',*,*,#542,.T.);
#542 = EDGE_CURVE('',#534,#289,#543,.T.);
#543 = LINE('',#544,#545);
#544 = CARTESIAN_POINT('',(184.5,150.5,2.4));
#545 = VECTOR('',#546,1.);
#546 = DIRECTION('',(-1.,0.,0.));
#547 = PLANE('',#548);
#548 = AXIS2_PLACEMENT_3D('',#549,#550,#551);
#549 = CARTESIAN_POINT('',(127.66461394451,128.34178825055,2.4));
#550 = DIRECTION('',(-0.,-1.110223024625E-16,1.));
#551 = DIRECTION('',(0.,-1.,-1.110223024625E-16));
#552 = ADVANCED_FACE('',(#553,#866,#877),#888,.F.);
#553 = FACE_BOUND('',#554,.F.);
#554 = EDGE_LOOP('',(#555,#565,#574,#582,#591,#599,#607,#614,#615,#616,
    #624,#633,#641,#650,#658,#667,#675,#684,#692,#701,#709,#718,#726,
    #734,#742,#751,#759,#768,#776,#784,#792,#801,#809,#818,#826,#834,
    #842,#851,#859));
#555 = ORIENTED_EDGE('',*,*,#556,.F.);
#556 = EDGE_CURVE('',#557,#559,#561,.T.);
#557 = VERTEX_POINT('',#558);
#558 = CARTESIAN_POINT('',(58.5,148.5,8.));
#559 = VERTEX_POINT('',#560);
#560 = CARTESIAN_POINT('',(58.5,107.5,8.));
#561 = LINE('',#562,#563);
#562 = CARTESIAN_POINT('',(58.5,148.5,8.));
#563 = VECTOR('',#564,1.);
#564 = DIRECTION('',(6.498866485611E-17,-1.,-3.330669073875E-16));
#565 = ORIENTED_EDGE('',*,*,#566,.F.);
#566 = EDGE_CURVE('',#567,#557,#569,.T.);
#567 = VERTEX_POINT('',#568);
#568 = CARTESIAN_POINT('',(62.5,152.5,8.));
#569 = CIRCLE('',#570,4.);
#570 = AXIS2_PLACEMENT_3D('',#571,#572,#573);
#571 = CARTESIAN_POINT('',(62.5,148.5,8.));
#572 = DIRECTION('',(0.,-3.330669073875E-16,1.));
#573 = DIRECTION('',(-2.442490654175E-15,1.,3.330669073875E-16));
#574 = ORIENTED_EDGE('',*,*,#575,.F.);
#575 = EDGE_CURVE('',#576,#567,#578,.T.);
#576 = VERTEX_POINT('',#577);
#577 = CARTESIAN_POINT('',(193.5,152.5,8.));
#578 = LINE('',#579,#580);
#579 = CARTESIAN_POINT('',(193.5,152.5,8.));
#580 = VECTOR('',#581,1.);
#581 = DIRECTION('',(-1.,1.084798069863E-16,3.613103382692E-32));
#582 = ORIENTED_EDGE('',*,*,#583,.F.);
#583 = EDGE_CURVE('',#584,#576,#586,.T.);
#584 = VERTEX_POINT('',#585);
#585 = CARTESIAN_POINT('',(197.5,148.5,8.));
#586 = CIRCLE('',#587,4.);
#587 = AXIS2_PLACEMENT_3D('',#588,#589,#590);
#588 = CARTESIAN_POINT('',(193.5,148.5,8.));
#589 = DIRECTION('',(0.,-3.330669073875E-16,1.));
#590 = DIRECTION('',(1.,3.6E-15,1.199040866595E-30));
#591 = ORIENTED_EDGE('',*,*,#592,.F.);
#592 = EDGE_CURVE('',#593,#584,#595,.T.);
#593 = VERTEX_POINT('',#594);
#594 = CARTESIAN_POINT('',(197.5,136.5,8.));
#595 = LINE('',#596,#597);
#596 = CARTESIAN_POINT('',(197.5,107.5,8.));
#597 = VECTOR('',#598,1.);
#598 = DIRECTION('',(-6.932124251318E-16,1.,3.330669073875E-16));
#599 = ORIENTED_EDGE('',*,*,#600,.F.);
#600 = EDGE_CURVE('',#601,#593,#603,.T.);
#601 = VERTEX_POINT('',#602);
#602 = CARTESIAN_POINT('',(193.5,136.5,8.));
#603 = LINE('',#604,#605);
#604 = CARTESIAN_POINT('',(158.75,136.5,8.));
#605 = VECTOR('',#606,1.);
#606 = DIRECTION('',(1.,0.,0.));
#607 = ORIENTED_EDGE('',*,*,#608,.F.);
#608 = EDGE_CURVE('',#150,#601,#609,.T.);
#609 = CIRCLE('',#610,2.);
#610 = AXIS2_PLACEMENT_3D('',#611,#612,#613);
#611 = CARTESIAN_POINT('',(191.5,136.5,8.));
#612 = DIRECTION('',(0.,3.330669073875E-16,-1.));
#613 = DIRECTION('',(1.,-1.42E-14,-4.729550084903E-30));
#614 = ORIENTED_EDGE('',*,*,#157,.T.);
#615 = ORIENTED_EDGE('',*,*,#200,.F.);
#616 = ORIENTED_EDGE('',*,*,#617,.T.);
#617 = EDGE_CURVE('',#201,#618,#620,.T.);
#618 = VERTEX_POINT('',#619);
#619 = CARTESIAN_POINT('',(186.5,148.5,8.));
#620 = LINE('',#621,#622);
#621 = CARTESIAN_POINT('',(186.5,134.25,8.));
#622 = VECTOR('',#623,1.);
#623 = DIRECTION('',(0.,1.,1.110223024625E-16));
#624 = ORIENTED_EDGE('',*,*,#625,.F.);
#625 = EDGE_CURVE('',#626,#618,#628,.T.);
#626 = VERTEX_POINT('',#627);
#627 = CARTESIAN_POINT('',(184.5,150.5,8.));
#628 = CIRCLE('',#629,2.);
#629 = AXIS2_PLACEMENT_3D('',#630,#631,#632);
#630 = CARTESIAN_POINT('',(184.5,148.5,8.));
#631 = DIRECTION('',(0.,3.330669073875E-16,-1.));
#632 = DIRECTION('',(1.,-1.42E-14,-4.729550084903E-30));
#633 = ORIENTED_EDGE('',*,*,#634,.T.);
#634 = EDGE_CURVE('',#626,#635,#637,.T.);
#635 = VERTEX_POINT('',#636);
#636 = CARTESIAN_POINT('',(71.5,150.5,8.));
#637 = LINE('',#638,#639);
#638 = CARTESIAN_POINT('',(156.25,150.5,8.));
#639 = VECTOR('',#640,1.);
#640 = DIRECTION('',(-1.,0.,-0.));
#641 = ORIENTED_EDGE('',*,*,#642,.F.);
#642 = EDGE_CURVE('',#643,#635,#645,.T.);
#643 = VERTEX_POINT('',#644);
#644 = CARTESIAN_POINT('',(69.5,148.5,8.));
#645 = CIRCLE('',#646,2.);
#646 = AXIS2_PLACEMENT_3D('',#647,#648,#649);
#647 = CARTESIAN_POINT('',(71.5,148.5,8.));
#648 = DIRECTION('',(0.,3.330669073875E-16,-1.));
#649 = DIRECTION('',(-1.7763568394E-15,1.,3.330669073875E-16));
#650 = ORIENTED_EDGE('',*,*,#651,.T.);
#651 = EDGE_CURVE('',#643,#652,#654,.T.);
#652 = VERTEX_POINT('',#653);
#653 = CARTESIAN_POINT('',(69.5,140.5,8.));
#654 = LINE('',#655,#656);
#655 = CARTESIAN_POINT('',(69.5,138.25,8.));
#656 = VECTOR('',#657,1.);
#657 = DIRECTION('',(4.440892098501E-16,-1.,-1.110223024625E-16));
#658 = ORIENTED_EDGE('',*,*,#659,.F.);
#659 = EDGE_CURVE('',#660,#652,#662,.T.);
#660 = VERTEX_POINT('',#661);
#661 = CARTESIAN_POINT('',(71.5,138.5,8.));
#662 = CIRCLE('',#663,2.);
#663 = AXIS2_PLACEMENT_3D('',#664,#665,#666);
#664 = CARTESIAN_POINT('',(71.5,140.5,8.));
#665 = DIRECTION('',(5.473822126269E-48,3.330669073875E-16,-1.));
#666 = DIRECTION('',(-1.,-1.224646799147E-16,-4.078893220341E-32));
#667 = ORIENTED_EDGE('',*,*,#668,.T.);
#668 = EDGE_CURVE('',#660,#669,#671,.T.);
#669 = VERTEX_POINT('',#670);
#670 = CARTESIAN_POINT('',(63.5,138.5,8.));
#671 = LINE('',#672,#673);
#672 = CARTESIAN_POINT('',(114.25,138.5,8.));
#673 = VECTOR('',#674,1.);
#674 = DIRECTION('',(-1.,0.,-0.));
#675 = ORIENTED_EDGE('',*,*,#676,.F.);
#676 = EDGE_CURVE('',#677,#669,#679,.T.);
#677 = VERTEX_POINT('',#678);
#678 = CARTESIAN_POINT('',(61.5,136.5,8.));
#679 = CIRCLE('',#680,2.);
#680 = AXIS2_PLACEMENT_3D('',#681,#682,#683);
#681 = CARTESIAN_POINT('',(63.5,136.5,8.));
#682 = DIRECTION('',(0.,3.330669073875E-16,-1.));
#683 = DIRECTION('',(-2.22044604925E-15,1.,3.330669073875E-16));
#684 = ORIENTED_EDGE('',*,*,#685,.T.);
#685 = EDGE_CURVE('',#677,#686,#688,.T.);
#686 = VERTEX_POINT('',#687);
#687 = CARTESIAN_POINT('',(61.5,110.5,8.));
#688 = LINE('',#689,#690);
#689 = CARTESIAN_POINT('',(61.5,132.25,8.));
#690 = VECTOR('',#691,1.);
#691 = DIRECTION('',(2.732856676E-16,-1.,-1.110223024625E-16));
#692 = ORIENTED_EDGE('',*,*,#693,.F.);
#693 = EDGE_CURVE('',#694,#686,#696,.T.);
#694 = VERTEX_POINT('',#695);
#695 = CARTESIAN_POINT('',(63.5,108.5,8.));
#696 = CIRCLE('',#697,2.);
#697 = AXIS2_PLACEMENT_3D('',#698,#699,#700);
#698 = CARTESIAN_POINT('',(63.5,110.5,8.));
#699 = DIRECTION('',(0.,3.330669073875E-16,-1.));
#700 = DIRECTION('',(-1.,1.433331939512E-14,4.773954363529E-30));
#701 = ORIENTED_EDGE('',*,*,#702,.T.);
#702 = EDGE_CURVE('',#694,#703,#705,.T.);
#703 = VERTEX_POINT('',#704);
#704 = CARTESIAN_POINT('',(100.5,108.5,8.));
#705 = LINE('',#706,#707);
#706 = CARTESIAN_POINT('',(95.75,108.5,8.));
#707 = VECTOR('',#708,1.);
#708 = DIRECTION('',(1.,-7.681543089298E-16,-8.528226002389E-32));
#709 = ORIENTED_EDGE('',*,*,#710,.F.);
#710 = EDGE_CURVE('',#711,#703,#713,.T.);
#711 = VERTEX_POINT('',#712);
#712 = CARTESIAN_POINT('',(102.5,110.5,8.));
#713 = CIRCLE('',#714,2.);
#714 = AXIS2_PLACEMENT_3D('',#715,#716,#717);
#715 = CARTESIAN_POINT('',(100.5,110.5,8.));
#716 = DIRECTION('',(0.,3.330669073875E-16,-1.));
#717 = DIRECTION('',(-7.105427357601E-15,-1.,-3.330669073875E-16));
#718 = ORIENTED_EDGE('',*,*,#719,.T.);
#719 = EDGE_CURVE('',#711,#720,#722,.T.);
#720 = VERTEX_POINT('',#721);
#721 = CARTESIAN_POINT('',(102.5,111.5,8.));
#722 = LINE('',#723,#724);
#723 = CARTESIAN_POINT('',(102.5,119.25,8.));
#724 = VECTOR('',#725,1.);
#725 = DIRECTION('',(5.465713352001E-16,1.,1.110223024625E-16));
#726 = ORIENTED_EDGE('',*,*,#727,.T.);
#727 = EDGE_CURVE('',#720,#728,#730,.T.);
#728 = VERTEX_POINT('',#729);
#729 = CARTESIAN_POINT('',(104.5,111.5,8.));
#730 = LINE('',#731,#732);
#731 = CARTESIAN_POINT('',(101.25,111.5,8.));
#732 = VECTOR('',#733,1.);
#733 = DIRECTION('',(1.,0.,0.));
#734 = ORIENTED_EDGE('',*,*,#735,.T.);
#735 = EDGE_CURVE('',#728,#736,#738,.T.);
#736 = VERTEX_POINT('',#737);
#737 = CARTESIAN_POINT('',(104.5,110.5,8.));
#738 = LINE('',#739,#740);
#739 = CARTESIAN_POINT('',(104.5,132.25,8.));
#740 = VECTOR('',#741,1.);
#741 = DIRECTION('',(0.,-1.,-1.110223024625E-16));
#742 = ORIENTED_EDGE('',*,*,#743,.F.);
#743 = EDGE_CURVE('',#744,#736,#746,.T.);
#744 = VERTEX_POINT('',#745);
#745 = CARTESIAN_POINT('',(106.5,108.5,8.));
#746 = CIRCLE('',#747,2.);
#747 = AXIS2_PLACEMENT_3D('',#748,#749,#750);
#748 = CARTESIAN_POINT('',(106.5,110.5,8.));
#749 = DIRECTION('',(0.,3.330669073875E-16,-1.));
#750 = DIRECTION('',(-1.,1.433331939512E-14,4.773954363529E-30));
#751 = ORIENTED_EDGE('',*,*,#752,.T.);
#752 = EDGE_CURVE('',#744,#753,#755,.T.);
#753 = VERTEX_POINT('',#754);
#754 = CARTESIAN_POINT('',(149.5,108.5,8.));
#755 = LINE('',#756,#757);
#756 = CARTESIAN_POINT('',(117.25,108.5,8.));
#757 = VECTOR('',#758,1.);
#758 = DIRECTION('',(1.,6.609699867536E-16,7.3382409788E-32));
#759 = ORIENTED_EDGE('',*,*,#760,.F.);
#760 = EDGE_CURVE('',#761,#753,#763,.T.);
#761 = VERTEX_POINT('',#762);
#762 = CARTESIAN_POINT('',(151.5,110.5,8.));
#763 = CIRCLE('',#764,2.);
#764 = AXIS2_PLACEMENT_3D('',#765,#766,#767);
#765 = CARTESIAN_POINT('',(149.5,110.5,8.));
#766 = DIRECTION('',(0.,3.330669073875E-16,-1.));
#767 = DIRECTION('',(-1.42108547152E-14,-1.,-3.330669073875E-16));
#768 = ORIENTED_EDGE('',*,*,#769,.T.);
#769 = EDGE_CURVE('',#761,#770,#772,.T.);
#770 = VERTEX_POINT('',#771);
#771 = CARTESIAN_POINT('',(151.5,111.5,8.));
#772 = LINE('',#773,#774);
#773 = CARTESIAN_POINT('',(151.5,119.25,8.));
#774 = VECTOR('',#775,1.);
#775 = DIRECTION('',(0.,1.,1.110223024625E-16));
#776 = ORIENTED_EDGE('',*,*,#777,.T.);
#777 = EDGE_CURVE('',#770,#778,#780,.T.);
#778 = VERTEX_POINT('',#779);
#779 = CARTESIAN_POINT('',(153.5,111.5,8.));
#780 = LINE('',#781,#782);
#781 = CARTESIAN_POINT('',(101.25,111.5,8.));
#782 = VECTOR('',#783,1.);
#783 = DIRECTION('',(1.,0.,0.));
#784 = ORIENTED_EDGE('',*,*,#785,.T.);
#785 = EDGE_CURVE('',#778,#786,#788,.T.);
#786 = VERTEX_POINT('',#787);
#787 = CARTESIAN_POINT('',(153.5,110.5,8.));
#788 = LINE('',#789,#790);
#789 = CARTESIAN_POINT('',(153.5,132.25,8.));
#790 = VECTOR('',#791,1.);
#791 = DIRECTION('',(0.,-1.,-1.110223024625E-16));
#792 = ORIENTED_EDGE('',*,*,#793,.F.);
#793 = EDGE_CURVE('',#794,#786,#796,.T.);
#794 = VERTEX_POINT('',#795);
#795 = CARTESIAN_POINT('',(155.5,108.5,8.));
#796 = CIRCLE('',#797,2.);
#797 = AXIS2_PLACEMENT_3D('',#798,#799,#800);
#798 = CARTESIAN_POINT('',(155.5,110.5,8.));
#799 = DIRECTION('',(0.,3.330669073875E-16,-1.));
#800 = DIRECTION('',(-1.,1.433331939512E-14,4.773954363529E-30));
#801 = ORIENTED_EDGE('',*,*,#802,.T.);
#802 = EDGE_CURVE('',#794,#803,#805,.T.);
#803 = VERTEX_POINT('',#804);
#804 = CARTESIAN_POINT('',(191.5,108.5,8.));
#805 = LINE('',#806,#807);
#806 = CARTESIAN_POINT('',(141.75,108.5,8.));
#807 = VECTOR('',#808,1.);
#808 = DIRECTION('',(1.,0.,0.));
#809 = ORIENTED_EDGE('',*,*,#810,.F.);
#810 = EDGE_CURVE('',#811,#803,#813,.T.);
#811 = VERTEX_POINT('',#812);
#812 = CARTESIAN_POINT('',(193.5,110.5,8.));
#813 = CIRCLE('',#814,2.);
#814 = AXIS2_PLACEMENT_3D('',#815,#816,#817);
#815 = CARTESIAN_POINT('',(191.5,110.5,8.));
#816 = DIRECTION('',(0.,3.330669073875E-16,-1.));
#817 = DIRECTION('',(-1.42108547152E-14,-1.,-3.330669073875E-16));
#818 = ORIENTED_EDGE('',*,*,#819,.T.);
#819 = EDGE_CURVE('',#811,#820,#822,.T.);
#820 = VERTEX_POINT('',#821);
#821 = CARTESIAN_POINT('',(193.5,129.5,8.));
#822 = LINE('',#823,#824);
#823 = CARTESIAN_POINT('',(193.5,119.25,8.));
#824 = VECTOR('',#825,1.);
#825 = DIRECTION('',(1.0931426704E-15,1.,1.110223024625E-16));
#826 = ORIENTED_EDGE('',*,*,#827,.T.);
#827 = EDGE_CURVE('',#820,#828,#830,.T.);
#828 = VERTEX_POINT('',#829);
#829 = CARTESIAN_POINT('',(197.5,129.5,8.));
#830 = LINE('',#831,#832);
#831 = CARTESIAN_POINT('',(158.75,129.5,8.));
#832 = VECTOR('',#833,1.);
#833 = DIRECTION('',(1.,0.,0.));
#834 = ORIENTED_EDGE('',*,*,#835,.F.);
#835 = EDGE_CURVE('',#836,#828,#838,.T.);
#836 = VERTEX_POINT('',#837);
#837 = CARTESIAN_POINT('',(197.5,107.5,8.));
#838 = LINE('',#839,#840);
#839 = CARTESIAN_POINT('',(197.5,107.5,8.));
#840 = VECTOR('',#841,1.);
#841 = DIRECTION('',(-6.932124251318E-16,1.,3.330669073875E-16));
#842 = ORIENTED_EDGE('',*,*,#843,.F.);
#843 = EDGE_CURVE('',#844,#836,#846,.T.);
#844 = VERTEX_POINT('',#845);
#845 = CARTESIAN_POINT('',(193.5,103.5,8.));
#846 = CIRCLE('',#847,4.);
#847 = AXIS2_PLACEMENT_3D('',#848,#849,#850);
#848 = CARTESIAN_POINT('',(193.5,107.5,8.));
#849 = DIRECTION('',(0.,-3.330669073875E-16,1.));
#850 = DIRECTION('',(1.110223024625E-16,-1.,-3.330669073875E-16));
#851 = ORIENTED_EDGE('',*,*,#852,.F.);
#852 = EDGE_CURVE('',#853,#844,#855,.T.);
#853 = VERTEX_POINT('',#854);
#854 = CARTESIAN_POINT('',(62.5,103.5,8.));
#855 = LINE('',#856,#857);
#856 = CARTESIAN_POINT('',(62.5,103.5,8.));
#857 = VECTOR('',#858,1.);
#858 = DIRECTION('',(1.,0.,0.));
#859 = ORIENTED_EDGE('',*,*,#860,.F.);
#860 = EDGE_CURVE('',#559,#853,#861,.T.);
#861 = CIRCLE('',#862,4.);
#862 = AXIS2_PLACEMENT_3D('',#863,#864,#865);
#863 = CARTESIAN_POINT('',(62.5,107.5,8.));
#864 = DIRECTION('',(0.,-3.330669073875E-16,1.));
#865 = DIRECTION('',(-1.,-1.224646799147E-16,-4.078893220341E-32));
#866 = FACE_BOUND('',#867,.F.);
#867 = EDGE_LOOP('',(#868));
#868 = ORIENTED_EDGE('',*,*,#869,.T.);
#869 = EDGE_CURVE('',#870,#870,#872,.T.);
#870 = VERTEX_POINT('',#871);
#871 = CARTESIAN_POINT('',(64.75,146.5,8.));
#872 = CIRCLE('',#873,2.25);
#873 = AXIS2_PLACEMENT_3D('',#874,#875,#876);
#874 = CARTESIAN_POINT('',(62.5,146.5,8.));
#875 = DIRECTION('',(-0.,1.110223024625E-16,1.));
#876 = DIRECTION('',(1.,0.,0.));
#877 = FACE_BOUND('',#878,.F.);
#878 = EDGE_LOOP('',(#879));
#879 = ORIENTED_EDGE('',*,*,#880,.T.);
#880 = EDGE_CURVE('',#881,#881,#883,.T.);
#881 = VERTEX_POINT('',#882);
#882 = CARTESIAN_POINT('',(194.75,146.5,8.));
#883 = CIRCLE('',#884,2.25);
#884 = AXIS2_PLACEMENT_3D('',#885,#886,#887);
#885 = CARTESIAN_POINT('',(192.5,146.5,8.));
#886 = DIRECTION('',(-0.,1.110223024625E-16,1.));
#887 = DIRECTION('',(1.,0.,0.));
#888 = PLANE('',#889);
#889 = AXIS2_PLACEMENT_3D('',#890,#891,#892);
#890 = CARTESIAN_POINT('',(128.,128.,8.));
#891 = DIRECTION('',(0.,1.110223024625E-16,-1.));
#892 = DIRECTION('',(0.,1.,1.110223024625E-16));
#893 = ADVANCED_FACE('',(#894),#913,.F.);
#894 = FACE_BOUND('',#895,.T.);
#895 = EDGE_LOOP('',(#896,#897,#905,#911,#912));
#896 = ORIENTED_EDGE('',*,*,#511,.F.);
#897 = ORIENTED_EDGE('',*,*,#898,.T.);
#898 = EDGE_CURVE('',#504,#899,#901,.T.);
#899 = VERTEX_POINT('',#900);
#900 = CARTESIAN_POINT('',(193.5,136.5,4.5));
#901 = LINE('',#902,#903);
#902 = CARTESIAN_POINT('',(193.5,136.5,2.4));
#903 = VECTOR('',#904,1.);
#904 = DIRECTION('',(0.,1.110223024625E-16,1.));
#905 = ORIENTED_EDGE('',*,*,#906,.T.);
#906 = EDGE_CURVE('',#899,#601,#907,.T.);
#907 = LINE('',#908,#909);
#908 = CARTESIAN_POINT('',(193.5,136.5,2.4));
#909 = VECTOR('',#910,1.);
#910 = DIRECTION('',(0.,1.110223024625E-16,1.));
#911 = ORIENTED_EDGE('',*,*,#608,.F.);
#912 = ORIENTED_EDGE('',*,*,#149,.F.);
#913 = CYLINDRICAL_SURFACE('',#914,2.);
#914 = AXIS2_PLACEMENT_3D('',#915,#916,#917);
#915 = CARTESIAN_POINT('',(191.5,136.5,2.4));
#916 = DIRECTION('',(0.,3.330669073875E-16,-1.));
#917 = DIRECTION('',(1.,-1.42E-14,-4.729550084903E-30));
#918 = ADVANCED_FACE('',(#919),#930,.T.);
#919 = FACE_BOUND('',#920,.T.);
#920 = EDGE_LOOP('',(#921,#922,#923,#924));
#921 = ORIENTED_EDGE('',*,*,#525,.F.);
#922 = ORIENTED_EDGE('',*,*,#209,.T.);
#923 = ORIENTED_EDGE('',*,*,#617,.T.);
#924 = ORIENTED_EDGE('',*,*,#925,.F.);
#925 = EDGE_CURVE('',#526,#618,#926,.T.);
#926 = LINE('',#927,#928);
#927 = CARTESIAN_POINT('',(186.5,148.5,2.4));
#928 = VECTOR('',#929,1.);
#929 = DIRECTION('',(0.,1.110223024625E-16,1.));
#930 = PLANE('',#931);
#931 = AXIS2_PLACEMENT_3D('',#932,#933,#934);
#932 = CARTESIAN_POINT('',(186.5,140.5,2.4));
#933 = DIRECTION('',(-1.,0.,0.));
#934 = DIRECTION('',(0.,1.,3.330669073875E-16));
#935 = ADVANCED_FACE('',(#936),#952,.F.);
#936 = FACE_BOUND('',#937,.T.);
#937 = EDGE_LOOP('',(#938,#939,#945,#946));
#938 = ORIENTED_EDGE('',*,*,#288,.F.);
#939 = ORIENTED_EDGE('',*,*,#940,.T.);
#940 = EDGE_CURVE('',#289,#635,#941,.T.);
#941 = LINE('',#942,#943);
#942 = CARTESIAN_POINT('',(71.5,150.5,2.4));
#943 = VECTOR('',#944,1.);
#944 = DIRECTION('',(0.,1.110223024625E-16,1.));
#945 = ORIENTED_EDGE('',*,*,#642,.F.);
#946 = ORIENTED_EDGE('',*,*,#947,.F.);
#947 = EDGE_CURVE('',#291,#643,#948,.T.);
#948 = LINE('',#949,#950);
#949 = CARTESIAN_POINT('',(69.5,148.5,2.4));
#950 = VECTOR('',#951,1.);
#951 = DIRECTION('',(0.,1.110223024625E-16,1.));
#952 = CYLINDRICAL_SURFACE('',#953,2.);
#953 = AXIS2_PLACEMENT_3D('',#954,#955,#956);
#954 = CARTESIAN_POINT('',(71.5,148.5,2.4));
#955 = DIRECTION('',(0.,3.330669073875E-16,-1.));
#956 = DIRECTION('',(-1.7763568394E-15,1.,3.330669073875E-16));
#957 = ADVANCED_FACE('',(#958),#969,.T.);
#958 = FACE_BOUND('',#959,.T.);
#959 = EDGE_LOOP('',(#960,#961,#967,#968));
#960 = ORIENTED_EDGE('',*,*,#542,.F.);
#961 = ORIENTED_EDGE('',*,*,#962,.T.);
#962 = EDGE_CURVE('',#534,#626,#963,.T.);
#963 = LINE('',#964,#965);
#964 = CARTESIAN_POINT('',(184.5,150.5,2.4));
#965 = VECTOR('',#966,1.);
#966 = DIRECTION('',(0.,1.110223024625E-16,1.));
#967 = ORIENTED_EDGE('',*,*,#634,.T.);
#968 = ORIENTED_EDGE('',*,*,#940,.F.);
#969 = PLANE('',#970);
#970 = AXIS2_PLACEMENT_3D('',#971,#972,#973);
#971 = CARTESIAN_POINT('',(184.5,150.5,2.4));
#972 = DIRECTION('',(0.,-1.,1.110223024625E-16));
#973 = DIRECTION('',(-1.,0.,0.));
#974 = ADVANCED_FACE('',(#975),#981,.F.);
#975 = FACE_BOUND('',#976,.T.);
#976 = EDGE_LOOP('',(#977,#978,#979,#980));
#977 = ORIENTED_EDGE('',*,*,#533,.F.);
#978 = ORIENTED_EDGE('',*,*,#925,.T.);
#979 = ORIENTED_EDGE('',*,*,#625,.F.);
#980 = ORIENTED_EDGE('',*,*,#962,.F.);
#981 = CYLINDRICAL_SURFACE('',#982,2.);
#982 = AXIS2_PLACEMENT_3D('',#983,#984,#985);
#983 = CARTESIAN_POINT('',(184.5,148.5,2.4));
#984 = DIRECTION('',(0.,3.330669073875E-16,-1.));
#985 = DIRECTION('',(1.,-1.42E-14,-4.729550084903E-30));
#986 = ADVANCED_FACE('',(#987),#1030,.T.);
#987 = FACE_BOUND('',#988,.T.);
#988 = EDGE_LOOP('',(#989,#990,#996,#997,#1005,#1014,#1022,#1029));
#989 = ORIENTED_EDGE('',*,*,#503,.F.);
#990 = ORIENTED_EDGE('',*,*,#991,.T.);
#991 = EDGE_CURVE('',#495,#811,#992,.T.);
#992 = LINE('',#993,#994);
#993 = CARTESIAN_POINT('',(193.5,110.5,2.4));
#994 = VECTOR('',#995,1.);
#995 = DIRECTION('',(0.,1.110223024625E-16,1.));
#996 = ORIENTED_EDGE('',*,*,#819,.T.);
#997 = ORIENTED_EDGE('',*,*,#998,.T.);
#998 = EDGE_CURVE('',#820,#999,#1001,.T.);
#999 = VERTEX_POINT('',#1000);
#1000 = CARTESIAN_POINT('',(193.5,129.5,4.5));
#1001 = LINE('',#1002,#1003);
#1002 = CARTESIAN_POINT('',(193.5,129.5,5.525));
#1003 = VECTOR('',#1004,1.);
#1004 = DIRECTION('',(3.640896485635E-31,2.22044604925E-16,-1.));
#1005 = ORIENTED_EDGE('',*,*,#1006,.F.);
#1006 = EDGE_CURVE('',#1007,#999,#1009,.T.);
#1007 = VERTEX_POINT('',#1008);
#1008 = CARTESIAN_POINT('',(193.5,130.7,3.3));
#1009 = CIRCLE('',#1010,1.2);
#1010 = AXIS2_PLACEMENT_3D('',#1011,#1012,#1013);
#1011 = CARTESIAN_POINT('',(193.5,130.7,4.5));
#1012 = DIRECTION('',(-1.,0.,-0.));
#1013 = DIRECTION('',(0.,2.22044604925E-16,-1.));
#1014 = ORIENTED_EDGE('',*,*,#1015,.T.);
#1015 = EDGE_CURVE('',#1007,#1016,#1018,.T.);
#1016 = VERTEX_POINT('',#1017);
#1017 = CARTESIAN_POINT('',(193.5,135.3,3.3));
#1018 = LINE('',#1019,#1020);
#1019 = CARTESIAN_POINT('',(193.5,120.,3.3));
#1020 = VECTOR('',#1021,1.);
#1021 = DIRECTION('',(1.0931426704E-15,1.,2.22044604925E-16));
#1022 = ORIENTED_EDGE('',*,*,#1023,.F.);
#1023 = EDGE_CURVE('',#899,#1016,#1024,.T.);
#1024 = CIRCLE('',#1025,1.2);
#1025 = AXIS2_PLACEMENT_3D('',#1026,#1027,#1028);
#1026 = CARTESIAN_POINT('',(193.5,135.3,4.5));
#1027 = DIRECTION('',(-1.,0.,-0.));
#1028 = DIRECTION('',(0.,2.22044604925E-16,-1.));
#1029 = ORIENTED_EDGE('',*,*,#898,.F.);
#1030 = PLANE('',#1031);
#1031 = AXIS2_PLACEMENT_3D('',#1032,#1033,#1034);
#1032 = CARTESIAN_POINT('',(193.5,110.5,2.4));
#1033 = DIRECTION('',(-1.,1.0931426704E-15,-1.213632161878E-31));
#1034 = DIRECTION('',(1.0931426704E-15,1.,3.330669073875E-16));
#1035 = ADVANCED_FACE('',(#1036),#1047,.F.);
#1036 = FACE_BOUND('',#1037,.T.);
#1037 = EDGE_LOOP('',(#1038,#1039,#1045,#1046));
#1038 = ORIENTED_EDGE('',*,*,#494,.F.);
#1039 = ORIENTED_EDGE('',*,*,#1040,.T.);
#1040 = EDGE_CURVE('',#487,#803,#1041,.T.);
#1041 = LINE('',#1042,#1043);
#1042 = CARTESIAN_POINT('',(191.5,108.5,2.4));
#1043 = VECTOR('',#1044,1.);
#1044 = DIRECTION('',(0.,1.110223024625E-16,1.));
#1045 = ORIENTED_EDGE('',*,*,#810,.F.);
#1046 = ORIENTED_EDGE('',*,*,#991,.F.);
#1047 = CYLINDRICAL_SURFACE('',#1048,2.);
#1048 = AXIS2_PLACEMENT_3D('',#1049,#1050,#1051);
#1049 = CARTESIAN_POINT('',(191.5,110.5,2.4));
#1050 = DIRECTION('',(0.,3.330669073875E-16,-1.));
#1051 = DIRECTION('',(-1.42108547152E-14,-1.,-3.330669073875E-16));
#1052 = ADVANCED_FACE('',(#1053),#1064,.T.);
#1053 = FACE_BOUND('',#1054,.T.);
#1054 = EDGE_LOOP('',(#1055,#1056,#1062,#1063));
#1055 = ORIENTED_EDGE('',*,*,#486,.F.);
#1056 = ORIENTED_EDGE('',*,*,#1057,.T.);
#1057 = EDGE_CURVE('',#478,#794,#1058,.T.);
#1058 = LINE('',#1059,#1060);
#1059 = CARTESIAN_POINT('',(155.5,108.5,2.4));
#1060 = VECTOR('',#1061,1.);
#1061 = DIRECTION('',(0.,1.110223024625E-16,1.));
#1062 = ORIENTED_EDGE('',*,*,#802,.T.);
#1063 = ORIENTED_EDGE('',*,*,#1040,.F.);
#1064 = PLANE('',#1065);
#1065 = AXIS2_PLACEMENT_3D('',#1066,#1067,#1068);
#1066 = CARTESIAN_POINT('',(155.5,108.5,2.4));
#1067 = DIRECTION('',(0.,1.,-1.110223024625E-16));
#1068 = DIRECTION('',(1.,0.,0.));
#1069 = ADVANCED_FACE('',(#1070),#1081,.F.);
#1070 = FACE_BOUND('',#1071,.T.);
#1071 = EDGE_LOOP('',(#1072,#1073,#1079,#1080));
#1072 = ORIENTED_EDGE('',*,*,#477,.F.);
#1073 = ORIENTED_EDGE('',*,*,#1074,.T.);
#1074 = EDGE_CURVE('',#470,#786,#1075,.T.);
#1075 = LINE('',#1076,#1077);
#1076 = CARTESIAN_POINT('',(153.5,110.5,2.4));
#1077 = VECTOR('',#1078,1.);
#1078 = DIRECTION('',(0.,1.110223024625E-16,1.));
#1079 = ORIENTED_EDGE('',*,*,#793,.F.);
#1080 = ORIENTED_EDGE('',*,*,#1057,.F.);
#1081 = CYLINDRICAL_SURFACE('',#1082,2.);
#1082 = AXIS2_PLACEMENT_3D('',#1083,#1084,#1085);
#1083 = CARTESIAN_POINT('',(155.5,110.5,2.4));
#1084 = DIRECTION('',(0.,3.330669073875E-16,-1.));
#1085 = DIRECTION('',(-1.,1.433331939512E-14,4.773954363529E-30));
#1086 = ADVANCED_FACE('',(#1087),#1114,.T.);
#1087 = FACE_BOUND('',#1088,.T.);
#1088 = EDGE_LOOP('',(#1089,#1090,#1098,#1106,#1112,#1113));
#1089 = ORIENTED_EDGE('',*,*,#469,.F.);
#1090 = ORIENTED_EDGE('',*,*,#1091,.T.);
#1091 = EDGE_CURVE('',#461,#1092,#1094,.T.);
#1092 = VERTEX_POINT('',#1093);
#1093 = CARTESIAN_POINT('',(153.5,136.5,13.));
#1094 = LINE('',#1095,#1096);
#1095 = CARTESIAN_POINT('',(153.5,136.5,2.4));
#1096 = VECTOR('',#1097,1.);
#1097 = DIRECTION('',(0.,1.110223024625E-16,1.));
#1098 = ORIENTED_EDGE('',*,*,#1099,.T.);
#1099 = EDGE_CURVE('',#1092,#1100,#1102,.T.);
#1100 = VERTEX_POINT('',#1101);
#1101 = CARTESIAN_POINT('',(153.5,111.5,13.));
#1102 = LINE('',#1103,#1104);
#1103 = CARTESIAN_POINT('',(153.5,130.5,13.));
#1104 = VECTOR('',#1105,1.);
#1105 = DIRECTION('',(0.,-1.,-1.110223024625E-16));
#1106 = ORIENTED_EDGE('',*,*,#1107,.T.);
#1107 = EDGE_CURVE('',#1100,#778,#1108,.T.);
#1108 = LINE('',#1109,#1110);
#1109 = CARTESIAN_POINT('',(153.5,111.5,4.7));
#1110 = VECTOR('',#1111,1.);
#1111 = DIRECTION('',(0.,-1.110223024625E-16,-1.));
#1112 = ORIENTED_EDGE('',*,*,#785,.T.);
#1113 = ORIENTED_EDGE('',*,*,#1074,.F.);
#1114 = PLANE('',#1115);
#1115 = AXIS2_PLACEMENT_3D('',#1116,#1117,#1118);
#1116 = CARTESIAN_POINT('',(153.5,123.56830601092,7.631693989071));
#1117 = DIRECTION('',(1.,0.,0.));
#1118 = DIRECTION('',(0.,1.,1.110223024625E-16));
#1119 = ADVANCED_FACE('',(#1120),#1156,.F.);
#1120 = FACE_BOUND('',#1121,.T.);
#1121 = EDGE_LOOP('',(#1122,#1123,#1131,#1140,#1148,#1155));
#1122 = ORIENTED_EDGE('',*,*,#460,.F.);
#1123 = ORIENTED_EDGE('',*,*,#1124,.T.);
#1124 = EDGE_CURVE('',#453,#1125,#1127,.T.);
#1125 = VERTEX_POINT('',#1126);
#1126 = CARTESIAN_POINT('',(155.5,138.5,8.));
#1127 = LINE('',#1128,#1129);
#1128 = CARTESIAN_POINT('',(155.5,138.5,2.4));
#1129 = VECTOR('',#1130,1.);
#1130 = DIRECTION('',(0.,1.110223024625E-16,1.));
#1131 = ORIENTED_EDGE('',*,*,#1132,.F.);
#1132 = EDGE_CURVE('',#1133,#1125,#1135,.T.);
#1133 = VERTEX_POINT('',#1134);
#1134 = CARTESIAN_POINT('',(153.76794919243,137.5,8.));
#1135 = CIRCLE('',#1136,2.);
#1136 = AXIS2_PLACEMENT_3D('',#1137,#1138,#1139);
#1137 = CARTESIAN_POINT('',(155.5,136.5,8.));
#1138 = DIRECTION('',(0.,3.330669073875E-16,-1.));
#1139 = DIRECTION('',(1.110223024625E-16,1.,3.330669073875E-16));
#1140 = ORIENTED_EDGE('',*,*,#1141,.F.);
#1141 = EDGE_CURVE('',#1142,#1133,#1144,.T.);
#1142 = VERTEX_POINT('',#1143);
#1143 = CARTESIAN_POINT('',(153.76794919243,137.5,13.));
#1144 = LINE('',#1145,#1146);
#1145 = CARTESIAN_POINT('',(153.76794919243,137.5,2.4));
#1146 = VECTOR('',#1147,1.);
#1147 = DIRECTION('',(0.,3.330669073875E-16,-1.));
#1148 = ORIENTED_EDGE('',*,*,#1149,.F.);
#1149 = EDGE_CURVE('',#1092,#1142,#1150,.T.);
#1150 = CIRCLE('',#1151,2.);
#1151 = AXIS2_PLACEMENT_3D('',#1152,#1153,#1154);
#1152 = CARTESIAN_POINT('',(155.5,136.5,13.));
#1153 = DIRECTION('',(0.,3.330669073875E-16,-1.));
#1154 = DIRECTION('',(1.110223024625E-16,1.,3.330669073875E-16));
#1155 = ORIENTED_EDGE('',*,*,#1091,.F.);
#1156 = CYLINDRICAL_SURFACE('',#1157,2.);
#1157 = AXIS2_PLACEMENT_3D('',#1158,#1159,#1160);
#1158 = CARTESIAN_POINT('',(155.5,136.5,2.4));
#1159 = DIRECTION('',(0.,3.330669073875E-16,-1.));
#1160 = DIRECTION('',(1.110223024625E-16,1.,3.330669073875E-16));
#1161 = ADVANCED_FACE('',(#1162),#1180,.T.);
#1162 = FACE_BOUND('',#1163,.T.);
#1163 = EDGE_LOOP('',(#1164,#1165,#1173,#1179));
#1164 = ORIENTED_EDGE('',*,*,#452,.F.);
#1165 = ORIENTED_EDGE('',*,*,#1166,.T.);
#1166 = EDGE_CURVE('',#444,#1167,#1169,.T.);
#1167 = VERTEX_POINT('',#1168);
#1168 = CARTESIAN_POINT('',(149.5,138.5,8.));
#1169 = LINE('',#1170,#1171);
#1170 = CARTESIAN_POINT('',(149.5,138.5,2.4));
#1171 = VECTOR('',#1172,1.);
#1172 = DIRECTION('',(0.,1.110223024625E-16,1.));
#1173 = ORIENTED_EDGE('',*,*,#1174,.T.);
#1174 = EDGE_CURVE('',#1167,#1125,#1175,.T.);
#1175 = LINE('',#1176,#1177);
#1176 = CARTESIAN_POINT('',(99.75,138.5,8.));
#1177 = VECTOR('',#1178,1.);
#1178 = DIRECTION('',(1.,0.,0.));
#1179 = ORIENTED_EDGE('',*,*,#1124,.F.);
#1180 = PLANE('',#1181);
#1181 = AXIS2_PLACEMENT_3D('',#1182,#1183,#1184);
#1182 = CARTESIAN_POINT('',(71.5,138.5,2.4));
#1183 = DIRECTION('',(0.,1.,-1.110223024625E-16));
#1184 = DIRECTION('',(1.,0.,0.));
#1185 = ADVANCED_FACE('',(#1186),#1222,.F.);
#1186 = FACE_BOUND('',#1187,.T.);
#1187 = EDGE_LOOP('',(#1188,#1189,#1197,#1206,#1214,#1221));
#1188 = ORIENTED_EDGE('',*,*,#443,.F.);
#1189 = ORIENTED_EDGE('',*,*,#1190,.T.);
#1190 = EDGE_CURVE('',#436,#1191,#1193,.T.);
#1191 = VERTEX_POINT('',#1192);
#1192 = CARTESIAN_POINT('',(151.5,136.5,13.));
#1193 = LINE('',#1194,#1195);
#1194 = CARTESIAN_POINT('',(151.5,136.5,2.4));
#1195 = VECTOR('',#1196,1.);
#1196 = DIRECTION('',(0.,1.110223024625E-16,1.));
#1197 = ORIENTED_EDGE('',*,*,#1198,.F.);
#1198 = EDGE_CURVE('',#1199,#1191,#1201,.T.);
#1199 = VERTEX_POINT('',#1200);
#1200 = CARTESIAN_POINT('',(151.23205080756,137.5,13.));
#1201 = CIRCLE('',#1202,2.);
#1202 = AXIS2_PLACEMENT_3D('',#1203,#1204,#1205);
#1203 = CARTESIAN_POINT('',(149.5,136.5,13.));
#1204 = DIRECTION('',(0.,3.330669073875E-16,-1.));
#1205 = DIRECTION('',(1.,0.,0.));
#1206 = ORIENTED_EDGE('',*,*,#1207,.T.);
#1207 = EDGE_CURVE('',#1199,#1208,#1210,.T.);
#1208 = VERTEX_POINT('',#1209);
#1209 = CARTESIAN_POINT('',(151.23205080756,137.5,8.));
#1210 = LINE('',#1211,#1212);
#1211 = CARTESIAN_POINT('',(151.23205080756,137.5,2.4));
#1212 = VECTOR('',#1213,1.);
#1213 = DIRECTION('',(0.,3.330669073875E-16,-1.));
#1214 = ORIENTED_EDGE('',*,*,#1215,.F.);
#1215 = EDGE_CURVE('',#1167,#1208,#1216,.T.);
#1216 = CIRCLE('',#1217,2.);
#1217 = AXIS2_PLACEMENT_3D('',#1218,#1219,#1220);
#1218 = CARTESIAN_POINT('',(149.5,136.5,8.));
#1219 = DIRECTION('',(0.,3.330669073875E-16,-1.));
#1220 = DIRECTION('',(1.,0.,0.));
#1221 = ORIENTED_EDGE('',*,*,#1166,.F.);
#1222 = CYLINDRICAL_SURFACE('',#1223,2.);
#1223 = AXIS2_PLACEMENT_3D('',#1224,#1225,#1226);
#1224 = CARTESIAN_POINT('',(149.5,136.5,2.4));
#1225 = DIRECTION('',(0.,3.330669073875E-16,-1.));
#1226 = DIRECTION('',(1.,0.,0.));
#1227 = ADVANCED_FACE('',(#1228),#1253,.T.);
#1228 = FACE_BOUND('',#1229,.T.);
#1229 = EDGE_LOOP('',(#1230,#1236,#1237,#1245,#1251,#1252));
#1230 = ORIENTED_EDGE('',*,*,#1231,.T.);
#1231 = EDGE_CURVE('',#427,#761,#1232,.T.);
#1232 = LINE('',#1233,#1234);
#1233 = CARTESIAN_POINT('',(151.5,110.5,2.4));
#1234 = VECTOR('',#1235,1.);
#1235 = DIRECTION('',(0.,1.110223024625E-16,1.));
#1236 = ORIENTED_EDGE('',*,*,#769,.T.);
#1237 = ORIENTED_EDGE('',*,*,#1238,.T.);
#1238 = EDGE_CURVE('',#770,#1239,#1241,.T.);
#1239 = VERTEX_POINT('',#1240);
#1240 = CARTESIAN_POINT('',(151.5,111.5,13.));
#1241 = LINE('',#1242,#1243);
#1242 = CARTESIAN_POINT('',(151.5,111.5,4.7));
#1243 = VECTOR('',#1244,1.);
#1244 = DIRECTION('',(0.,1.110223024625E-16,1.));
#1245 = ORIENTED_EDGE('',*,*,#1246,.T.);
#1246 = EDGE_CURVE('',#1239,#1191,#1247,.T.);
#1247 = LINE('',#1248,#1249);
#1248 = CARTESIAN_POINT('',(151.5,117.5,13.));
#1249 = VECTOR('',#1250,1.);
#1250 = DIRECTION('',(0.,1.,1.110223024625E-16));
#1251 = ORIENTED_EDGE('',*,*,#1190,.F.);
#1252 = ORIENTED_EDGE('',*,*,#435,.F.);
#1253 = PLANE('',#1254);
#1254 = AXIS2_PLACEMENT_3D('',#1255,#1256,#1257);
#1255 = CARTESIAN_POINT('',(151.5,123.56830601092,7.631693989071));
#1256 = DIRECTION('',(-1.,-0.,0.));
#1257 = DIRECTION('',(0.,-1.,-1.110223024625E-16));
#1258 = ADVANCED_FACE('',(#1259),#1270,.F.);
#1259 = FACE_BOUND('',#1260,.T.);
#1260 = EDGE_LOOP('',(#1261,#1262,#1268,#1269));
#1261 = ORIENTED_EDGE('',*,*,#426,.F.);
#1262 = ORIENTED_EDGE('',*,*,#1263,.T.);
#1263 = EDGE_CURVE('',#419,#753,#1264,.T.);
#1264 = LINE('',#1265,#1266);
#1265 = CARTESIAN_POINT('',(149.5,108.5,2.4));
#1266 = VECTOR('',#1267,1.);
#1267 = DIRECTION('',(0.,1.110223024625E-16,1.));
#1268 = ORIENTED_EDGE('',*,*,#760,.F.);
#1269 = ORIENTED_EDGE('',*,*,#1231,.F.);
#1270 = CYLINDRICAL_SURFACE('',#1271,2.);
#1271 = AXIS2_PLACEMENT_3D('',#1272,#1273,#1274);
#1272 = CARTESIAN_POINT('',(149.5,110.5,2.4));
#1273 = DIRECTION('',(0.,3.330669073875E-16,-1.));
#1274 = DIRECTION('',(-1.42108547152E-14,-1.,-3.330669073875E-16));
#1275 = ADVANCED_FACE('',(#1276),#1287,.T.);
#1276 = FACE_BOUND('',#1277,.T.);
#1277 = EDGE_LOOP('',(#1278,#1279,#1285,#1286));
#1278 = ORIENTED_EDGE('',*,*,#418,.F.);
#1279 = ORIENTED_EDGE('',*,*,#1280,.T.);
#1280 = EDGE_CURVE('',#410,#744,#1281,.T.);
#1281 = LINE('',#1282,#1283);
#1282 = CARTESIAN_POINT('',(106.5,108.5,2.4));
#1283 = VECTOR('',#1284,1.);
#1284 = DIRECTION('',(0.,1.110223024625E-16,1.));
#1285 = ORIENTED_EDGE('',*,*,#752,.T.);
#1286 = ORIENTED_EDGE('',*,*,#1263,.F.);
#1287 = PLANE('',#1288);
#1288 = AXIS2_PLACEMENT_3D('',#1289,#1290,#1291);
#1289 = CARTESIAN_POINT('',(106.5,108.5,2.4));
#1290 = DIRECTION('',(-6.609699867536E-16,1.,-1.110223024625E-16));
#1291 = DIRECTION('',(1.,6.609699867536E-16,2.20147229364E-31));
#1292 = ADVANCED_FACE('',(#1293),#1304,.F.);
#1293 = FACE_BOUND('',#1294,.T.);
#1294 = EDGE_LOOP('',(#1295,#1296,#1302,#1303));
#1295 = ORIENTED_EDGE('',*,*,#409,.F.);
#1296 = ORIENTED_EDGE('',*,*,#1297,.T.);
#1297 = EDGE_CURVE('',#402,#736,#1298,.T.);
#1298 = LINE('',#1299,#1300);
#1299 = CARTESIAN_POINT('',(104.5,110.5,2.4));
#1300 = VECTOR('',#1301,1.);
#1301 = DIRECTION('',(0.,1.110223024625E-16,1.));
#1302 = ORIENTED_EDGE('',*,*,#743,.F.);
#1303 = ORIENTED_EDGE('',*,*,#1280,.F.);
#1304 = CYLINDRICAL_SURFACE('',#1305,2.);
#1305 = AXIS2_PLACEMENT_3D('',#1306,#1307,#1308);
#1306 = CARTESIAN_POINT('',(106.5,110.5,2.4));
#1307 = DIRECTION('',(0.,3.330669073875E-16,-1.));
#1308 = DIRECTION('',(-1.,1.433331939512E-14,4.773954363529E-30));
#1309 = ADVANCED_FACE('',(#1310),#1337,.T.);
#1310 = FACE_BOUND('',#1311,.T.);
#1311 = EDGE_LOOP('',(#1312,#1313,#1321,#1329,#1335,#1336));
#1312 = ORIENTED_EDGE('',*,*,#401,.F.);
#1313 = ORIENTED_EDGE('',*,*,#1314,.T.);
#1314 = EDGE_CURVE('',#393,#1315,#1317,.T.);
#1315 = VERTEX_POINT('',#1316);
#1316 = CARTESIAN_POINT('',(104.5,136.5,13.));
#1317 = LINE('',#1318,#1319);
#1318 = CARTESIAN_POINT('',(104.5,136.5,2.4));
#1319 = VECTOR('',#1320,1.);
#1320 = DIRECTION('',(0.,1.110223024625E-16,1.));
#1321 = ORIENTED_EDGE('',*,*,#1322,.T.);
#1322 = EDGE_CURVE('',#1315,#1323,#1325,.T.);
#1323 = VERTEX_POINT('',#1324);
#1324 = CARTESIAN_POINT('',(104.5,111.5,13.));
#1325 = LINE('',#1326,#1327);
#1326 = CARTESIAN_POINT('',(104.5,130.5,13.));
#1327 = VECTOR('',#1328,1.);
#1328 = DIRECTION('',(0.,-1.,-1.110223024625E-16));
#1329 = ORIENTED_EDGE('',*,*,#1330,.T.);
#1330 = EDGE_CURVE('',#1323,#728,#1331,.T.);
#1331 = LINE('',#1332,#1333);
#1332 = CARTESIAN_POINT('',(104.5,111.5,4.7));
#1333 = VECTOR('',#1334,1.);
#1334 = DIRECTION('',(0.,-1.110223024625E-16,-1.));
#1335 = ORIENTED_EDGE('',*,*,#735,.T.);
#1336 = ORIENTED_EDGE('',*,*,#1297,.F.);
#1337 = PLANE('',#1338);
#1338 = AXIS2_PLACEMENT_3D('',#1339,#1340,#1341);
#1339 = CARTESIAN_POINT('',(104.5,123.56830601092,7.631693989071));
#1340 = DIRECTION('',(1.,0.,0.));
#1341 = DIRECTION('',(0.,1.,1.110223024625E-16));
#1342 = ADVANCED_FACE('',(#1343),#1379,.F.);
#1343 = FACE_BOUND('',#1344,.T.);
#1344 = EDGE_LOOP('',(#1345,#1346,#1354,#1363,#1371,#1378));
#1345 = ORIENTED_EDGE('',*,*,#392,.F.);
#1346 = ORIENTED_EDGE('',*,*,#1347,.T.);
#1347 = EDGE_CURVE('',#385,#1348,#1350,.T.);
#1348 = VERTEX_POINT('',#1349);
#1349 = CARTESIAN_POINT('',(106.5,138.5,8.));
#1350 = LINE('',#1351,#1352);
#1351 = CARTESIAN_POINT('',(106.5,138.5,2.4));
#1352 = VECTOR('',#1353,1.);
#1353 = DIRECTION('',(0.,1.110223024625E-16,1.));
#1354 = ORIENTED_EDGE('',*,*,#1355,.F.);
#1355 = EDGE_CURVE('',#1356,#1348,#1358,.T.);
#1356 = VERTEX_POINT('',#1357);
#1357 = CARTESIAN_POINT('',(104.76794919243,137.5,8.));
#1358 = CIRCLE('',#1359,2.);
#1359 = AXIS2_PLACEMENT_3D('',#1360,#1361,#1362);
#1360 = CARTESIAN_POINT('',(106.5,136.5,8.));
#1361 = DIRECTION('',(0.,3.330669073875E-16,-1.));
#1362 = DIRECTION('',(-3.552713678801E-15,1.,3.330669073875E-16));
#1363 = ORIENTED_EDGE('',*,*,#1364,.F.);
#1364 = EDGE_CURVE('',#1365,#1356,#1367,.T.);
#1365 = VERTEX_POINT('',#1366);
#1366 = CARTESIAN_POINT('',(104.76794919243,137.5,13.));
#1367 = LINE('',#1368,#1369);
#1368 = CARTESIAN_POINT('',(104.76794919243,137.5,2.4));
#1369 = VECTOR('',#1370,1.);
#1370 = DIRECTION('',(0.,3.330669073875E-16,-1.));
#1371 = ORIENTED_EDGE('',*,*,#1372,.F.);
#1372 = EDGE_CURVE('',#1315,#1365,#1373,.T.);
#1373 = CIRCLE('',#1374,2.);
#1374 = AXIS2_PLACEMENT_3D('',#1375,#1376,#1377);
#1375 = CARTESIAN_POINT('',(106.5,136.5,13.));
#1376 = DIRECTION('',(0.,3.330669073875E-16,-1.));
#1377 = DIRECTION('',(-3.552713678801E-15,1.,3.330669073875E-16));
#1378 = ORIENTED_EDGE('',*,*,#1314,.F.);
#1379 = CYLINDRICAL_SURFACE('',#1380,2.);
#1380 = AXIS2_PLACEMENT_3D('',#1381,#1382,#1383);
#1381 = CARTESIAN_POINT('',(106.5,136.5,2.4));
#1382 = DIRECTION('',(0.,3.330669073875E-16,-1.));
#1383 = DIRECTION('',(-3.552713678801E-15,1.,3.330669073875E-16));
#1384 = ADVANCED_FACE('',(#1385),#1403,.T.);
#1385 = FACE_BOUND('',#1386,.T.);
#1386 = EDGE_LOOP('',(#1387,#1388,#1396,#1402));
#1387 = ORIENTED_EDGE('',*,*,#384,.F.);
#1388 = ORIENTED_EDGE('',*,*,#1389,.T.);
#1389 = EDGE_CURVE('',#376,#1390,#1392,.T.);
#1390 = VERTEX_POINT('',#1391);
#1391 = CARTESIAN_POINT('',(100.5,138.5,8.));
#1392 = LINE('',#1393,#1394);
#1393 = CARTESIAN_POINT('',(100.5,138.5,2.4));
#1394 = VECTOR('',#1395,1.);
#1395 = DIRECTION('',(0.,1.110223024625E-16,1.));
#1396 = ORIENTED_EDGE('',*,*,#1397,.T.);
#1397 = EDGE_CURVE('',#1390,#1348,#1398,.T.);
#1398 = LINE('',#1399,#1400);
#1399 = CARTESIAN_POINT('',(99.75,138.5,8.));
#1400 = VECTOR('',#1401,1.);
#1401 = DIRECTION('',(1.,0.,0.));
#1402 = ORIENTED_EDGE('',*,*,#1347,.F.);
#1403 = PLANE('',#1404);
#1404 = AXIS2_PLACEMENT_3D('',#1405,#1406,#1407);
#1405 = CARTESIAN_POINT('',(71.5,138.5,2.4));
#1406 = DIRECTION('',(0.,1.,-1.110223024625E-16));
#1407 = DIRECTION('',(1.,0.,0.));
#1408 = ADVANCED_FACE('',(#1409),#1445,.F.);
#1409 = FACE_BOUND('',#1410,.T.);
#1410 = EDGE_LOOP('',(#1411,#1412,#1420,#1429,#1437,#1444));
#1411 = ORIENTED_EDGE('',*,*,#375,.F.);
#1412 = ORIENTED_EDGE('',*,*,#1413,.T.);
#1413 = EDGE_CURVE('',#368,#1414,#1416,.T.);
#1414 = VERTEX_POINT('',#1415);
#1415 = CARTESIAN_POINT('',(102.5,136.5,13.));
#1416 = LINE('',#1417,#1418);
#1417 = CARTESIAN_POINT('',(102.5,136.5,2.4));
#1418 = VECTOR('',#1419,1.);
#1419 = DIRECTION('',(0.,1.110223024625E-16,1.));
#1420 = ORIENTED_EDGE('',*,*,#1421,.F.);
#1421 = EDGE_CURVE('',#1422,#1414,#1424,.T.);
#1422 = VERTEX_POINT('',#1423);
#1423 = CARTESIAN_POINT('',(102.23205080756,137.5,13.));
#1424 = CIRCLE('',#1425,2.);
#1425 = AXIS2_PLACEMENT_3D('',#1426,#1427,#1428);
#1426 = CARTESIAN_POINT('',(100.5,136.5,13.));
#1427 = DIRECTION('',(0.,3.330669073875E-16,-1.));
#1428 = DIRECTION('',(1.,0.,0.));
#1429 = ORIENTED_EDGE('',*,*,#1430,.T.);
#1430 = EDGE_CURVE('',#1422,#1431,#1433,.T.);
#1431 = VERTEX_POINT('',#1432);
#1432 = CARTESIAN_POINT('',(102.23205080756,137.5,8.));
#1433 = LINE('',#1434,#1435);
#1434 = CARTESIAN_POINT('',(102.23205080756,137.5,2.4));
#1435 = VECTOR('',#1436,1.);
#1436 = DIRECTION('',(0.,3.330669073875E-16,-1.));
#1437 = ORIENTED_EDGE('',*,*,#1438,.F.);
#1438 = EDGE_CURVE('',#1390,#1431,#1439,.T.);
#1439 = CIRCLE('',#1440,2.);
#1440 = AXIS2_PLACEMENT_3D('',#1441,#1442,#1443);
#1441 = CARTESIAN_POINT('',(100.5,136.5,8.));
#1442 = DIRECTION('',(0.,3.330669073875E-16,-1.));
#1443 = DIRECTION('',(1.,0.,0.));
#1444 = ORIENTED_EDGE('',*,*,#1389,.F.);
#1445 = CYLINDRICAL_SURFACE('',#1446,2.);
#1446 = AXIS2_PLACEMENT_3D('',#1447,#1448,#1449);
#1447 = CARTESIAN_POINT('',(100.5,136.5,2.4));
#1448 = DIRECTION('',(0.,3.330669073875E-16,-1.));
#1449 = DIRECTION('',(1.,0.,0.));
#1450 = ADVANCED_FACE('',(#1451),#1476,.T.);
#1451 = FACE_BOUND('',#1452,.T.);
#1452 = EDGE_LOOP('',(#1453,#1459,#1460,#1468,#1474,#1475));
#1453 = ORIENTED_EDGE('',*,*,#1454,.T.);
#1454 = EDGE_CURVE('',#359,#711,#1455,.T.);
#1455 = LINE('',#1456,#1457);
#1456 = CARTESIAN_POINT('',(102.5,110.5,2.4));
#1457 = VECTOR('',#1458,1.);
#1458 = DIRECTION('',(0.,1.110223024625E-16,1.));
#1459 = ORIENTED_EDGE('',*,*,#719,.T.);
#1460 = ORIENTED_EDGE('',*,*,#1461,.T.);
#1461 = EDGE_CURVE('',#720,#1462,#1464,.T.);
#1462 = VERTEX_POINT('',#1463);
#1463 = CARTESIAN_POINT('',(102.5,111.5,13.));
#1464 = LINE('',#1465,#1466);
#1465 = CARTESIAN_POINT('',(102.5,111.5,4.7));
#1466 = VECTOR('',#1467,1.);
#1467 = DIRECTION('',(0.,1.110223024625E-16,1.));
#1468 = ORIENTED_EDGE('',*,*,#1469,.T.);
#1469 = EDGE_CURVE('',#1462,#1414,#1470,.T.);
#1470 = LINE('',#1471,#1472);
#1471 = CARTESIAN_POINT('',(102.5,117.5,13.));
#1472 = VECTOR('',#1473,1.);
#1473 = DIRECTION('',(5.465713352001E-16,1.,1.110223024625E-16));
#1474 = ORIENTED_EDGE('',*,*,#1413,.F.);
#1475 = ORIENTED_EDGE('',*,*,#367,.F.);
#1476 = PLANE('',#1477);
#1477 = AXIS2_PLACEMENT_3D('',#1478,#1479,#1480);
#1478 = CARTESIAN_POINT('',(102.5,123.56830601092,7.631693989071));
#1479 = DIRECTION('',(-1.,6.076978918871E-16,-4.632069565335E-16));
#1480 = DIRECTION('',(-6.076978918871E-16,-1.,-1.110223024625E-16));
#1481 = ADVANCED_FACE('',(#1482),#1493,.F.);
#1482 = FACE_BOUND('',#1483,.T.);
#1483 = EDGE_LOOP('',(#1484,#1485,#1491,#1492));
#1484 = ORIENTED_EDGE('',*,*,#358,.F.);
#1485 = ORIENTED_EDGE('',*,*,#1486,.T.);
#1486 = EDGE_CURVE('',#351,#703,#1487,.T.);
#1487 = LINE('',#1488,#1489);
#1488 = CARTESIAN_POINT('',(100.5,108.5,2.4));
#1489 = VECTOR('',#1490,1.);
#1490 = DIRECTION('',(0.,1.110223024625E-16,1.));
#1491 = ORIENTED_EDGE('',*,*,#710,.F.);
#1492 = ORIENTED_EDGE('',*,*,#1454,.F.);
#1493 = CYLINDRICAL_SURFACE('',#1494,2.);
#1494 = AXIS2_PLACEMENT_3D('',#1495,#1496,#1497);
#1495 = CARTESIAN_POINT('',(100.5,110.5,2.4));
#1496 = DIRECTION('',(0.,3.330669073875E-16,-1.));
#1497 = DIRECTION('',(-7.105427357601E-15,-1.,-3.330669073875E-16));
#1498 = ADVANCED_FACE('',(#1499),#1510,.T.);
#1499 = FACE_BOUND('',#1500,.T.);
#1500 = EDGE_LOOP('',(#1501,#1502,#1508,#1509));
#1501 = ORIENTED_EDGE('',*,*,#350,.F.);
#1502 = ORIENTED_EDGE('',*,*,#1503,.T.);
#1503 = EDGE_CURVE('',#342,#694,#1504,.T.);
#1504 = LINE('',#1505,#1506);
#1505 = CARTESIAN_POINT('',(63.5,108.5,2.4));
#1506 = VECTOR('',#1507,1.);
#1507 = DIRECTION('',(0.,1.110223024625E-16,1.));
#1508 = ORIENTED_EDGE('',*,*,#702,.T.);
#1509 = ORIENTED_EDGE('',*,*,#1486,.F.);
#1510 = PLANE('',#1511);
#1511 = AXIS2_PLACEMENT_3D('',#1512,#1513,#1514);
#1512 = CARTESIAN_POINT('',(63.5,108.5,2.4));
#1513 = DIRECTION('',(7.681543089298E-16,1.,-1.110223024625E-16));
#1514 = DIRECTION('',(1.,-7.681543089298E-16,-2.558467800717E-31));
#1515 = ADVANCED_FACE('',(#1516),#1527,.F.);
#1516 = FACE_BOUND('',#1517,.T.);
#1517 = EDGE_LOOP('',(#1518,#1519,#1525,#1526));
#1518 = ORIENTED_EDGE('',*,*,#341,.F.);
#1519 = ORIENTED_EDGE('',*,*,#1520,.T.);
#1520 = EDGE_CURVE('',#334,#686,#1521,.T.);
#1521 = LINE('',#1522,#1523);
#1522 = CARTESIAN_POINT('',(61.5,110.5,2.4));
#1523 = VECTOR('',#1524,1.);
#1524 = DIRECTION('',(0.,1.110223024625E-16,1.));
#1525 = ORIENTED_EDGE('',*,*,#693,.F.);
#1526 = ORIENTED_EDGE('',*,*,#1503,.F.);
#1527 = CYLINDRICAL_SURFACE('',#1528,2.);
#1528 = AXIS2_PLACEMENT_3D('',#1529,#1530,#1531);
#1529 = CARTESIAN_POINT('',(63.5,110.5,2.4));
#1530 = DIRECTION('',(0.,3.330669073875E-16,-1.));
#1531 = DIRECTION('',(-1.,1.433331939512E-14,4.773954363529E-30));
#1532 = ADVANCED_FACE('',(#1533),#1544,.T.);
#1533 = FACE_BOUND('',#1534,.T.);
#1534 = EDGE_LOOP('',(#1535,#1536,#1542,#1543));
#1535 = ORIENTED_EDGE('',*,*,#333,.F.);
#1536 = ORIENTED_EDGE('',*,*,#1537,.T.);
#1537 = EDGE_CURVE('',#325,#677,#1538,.T.);
#1538 = LINE('',#1539,#1540);
#1539 = CARTESIAN_POINT('',(61.5,136.5,2.4));
#1540 = VECTOR('',#1541,1.);
#1541 = DIRECTION('',(0.,1.110223024625E-16,1.));
#1542 = ORIENTED_EDGE('',*,*,#685,.T.);
#1543 = ORIENTED_EDGE('',*,*,#1520,.F.);
#1544 = PLANE('',#1545);
#1545 = AXIS2_PLACEMENT_3D('',#1546,#1547,#1548);
#1546 = CARTESIAN_POINT('',(61.5,136.5,2.4));
#1547 = DIRECTION('',(1.,2.732856676E-16,-3.034080404696E-32));
#1548 = DIRECTION('',(2.732856676E-16,-1.,-3.330669073875E-16));
#1549 = ADVANCED_FACE('',(#1550),#1561,.F.);
#1550 = FACE_BOUND('',#1551,.T.);
#1551 = EDGE_LOOP('',(#1552,#1553,#1559,#1560));
#1552 = ORIENTED_EDGE('',*,*,#324,.F.);
#1553 = ORIENTED_EDGE('',*,*,#1554,.T.);
#1554 = EDGE_CURVE('',#317,#669,#1555,.T.);
#1555 = LINE('',#1556,#1557);
#1556 = CARTESIAN_POINT('',(63.5,138.5,2.4));
#1557 = VECTOR('',#1558,1.);
#1558 = DIRECTION('',(0.,1.110223024625E-16,1.));
#1559 = ORIENTED_EDGE('',*,*,#676,.F.);
#1560 = ORIENTED_EDGE('',*,*,#1537,.F.);
#1561 = CYLINDRICAL_SURFACE('',#1562,2.);
#1562 = AXIS2_PLACEMENT_3D('',#1563,#1564,#1565);
#1563 = CARTESIAN_POINT('',(63.5,136.5,2.4));
#1564 = DIRECTION('',(0.,3.330669073875E-16,-1.));
#1565 = DIRECTION('',(-2.22044604925E-15,1.,3.330669073875E-16));
#1566 = ADVANCED_FACE('',(#1567),#1578,.T.);
#1567 = FACE_BOUND('',#1568,.T.);
#1568 = EDGE_LOOP('',(#1569,#1570,#1576,#1577));
#1569 = ORIENTED_EDGE('',*,*,#316,.F.);
#1570 = ORIENTED_EDGE('',*,*,#1571,.T.);
#1571 = EDGE_CURVE('',#308,#660,#1572,.T.);
#1572 = LINE('',#1573,#1574);
#1573 = CARTESIAN_POINT('',(71.5,138.5,2.4));
#1574 = VECTOR('',#1575,1.);
#1575 = DIRECTION('',(0.,1.110223024625E-16,1.));
#1576 = ORIENTED_EDGE('',*,*,#668,.T.);
#1577 = ORIENTED_EDGE('',*,*,#1554,.F.);
#1578 = PLANE('',#1579);
#1579 = AXIS2_PLACEMENT_3D('',#1580,#1581,#1582);
#1580 = CARTESIAN_POINT('',(100.5,138.5,2.4));
#1581 = DIRECTION('',(0.,-1.,1.110223024625E-16));
#1582 = DIRECTION('',(-1.,0.,0.));
#1583 = ADVANCED_FACE('',(#1584),#1595,.F.);
#1584 = FACE_BOUND('',#1585,.T.);
#1585 = EDGE_LOOP('',(#1586,#1587,#1593,#1594));
#1586 = ORIENTED_EDGE('',*,*,#307,.F.);
#1587 = ORIENTED_EDGE('',*,*,#1588,.T.);
#1588 = EDGE_CURVE('',#300,#652,#1589,.T.);
#1589 = LINE('',#1590,#1591);
#1590 = CARTESIAN_POINT('',(69.5,140.5,2.4));
#1591 = VECTOR('',#1592,1.);
#1592 = DIRECTION('',(0.,1.110223024625E-16,1.));
#1593 = ORIENTED_EDGE('',*,*,#659,.F.);
#1594 = ORIENTED_EDGE('',*,*,#1571,.F.);
#1595 = CYLINDRICAL_SURFACE('',#1596,2.);
#1596 = AXIS2_PLACEMENT_3D('',#1597,#1598,#1599);
#1597 = CARTESIAN_POINT('',(71.5,140.5,2.4));
#1598 = DIRECTION('',(0.,3.330669073875E-16,-1.));
#1599 = DIRECTION('',(-1.,-1.224646799147E-16,-4.078893220341E-32));
#1600 = ADVANCED_FACE('',(#1601),#1607,.T.);
#1601 = FACE_BOUND('',#1602,.T.);
#1602 = EDGE_LOOP('',(#1603,#1604,#1605,#1606));
#1603 = ORIENTED_EDGE('',*,*,#299,.F.);
#1604 = ORIENTED_EDGE('',*,*,#947,.T.);
#1605 = ORIENTED_EDGE('',*,*,#651,.T.);
#1606 = ORIENTED_EDGE('',*,*,#1588,.F.);
#1607 = PLANE('',#1608);
#1608 = AXIS2_PLACEMENT_3D('',#1609,#1610,#1611);
#1609 = CARTESIAN_POINT('',(69.5,148.5,2.4));
#1610 = DIRECTION('',(1.,4.440892098501E-16,-4.930380657631E-32));
#1611 = DIRECTION('',(4.440892098501E-16,-1.,-3.330669073875E-16));
#1612 = ADVANCED_FACE('',(#1613),#1638,.F.);
#1613 = FACE_BOUND('',#1614,.F.);
#1614 = EDGE_LOOP('',(#1615,#1623,#1624,#1632));
#1615 = ORIENTED_EDGE('',*,*,#1616,.T.);
#1616 = EDGE_CURVE('',#1617,#557,#1619,.T.);
#1617 = VERTEX_POINT('',#1618);
#1618 = CARTESIAN_POINT('',(58.5,148.5,2.84217094304E-14));
#1619 = LINE('',#1620,#1621);
#1620 = CARTESIAN_POINT('',(58.5,148.5,8.526512829121E-14));
#1621 = VECTOR('',#1622,1.);
#1622 = DIRECTION('',(0.,1.110223024625E-16,1.));
#1623 = ORIENTED_EDGE('',*,*,#556,.T.);
#1624 = ORIENTED_EDGE('',*,*,#1625,.F.);
#1625 = EDGE_CURVE('',#1626,#559,#1628,.T.);
#1626 = VERTEX_POINT('',#1627);
#1627 = CARTESIAN_POINT('',(58.5,107.5,0.));
#1628 = LINE('',#1629,#1630);
#1629 = CARTESIAN_POINT('',(58.5,107.5,5.684341886081E-14));
#1630 = VECTOR('',#1631,1.);
#1631 = DIRECTION('',(0.,1.110223024625E-16,1.));
#1632 = ORIENTED_EDGE('',*,*,#1633,.F.);
#1633 = EDGE_CURVE('',#1617,#1626,#1634,.T.);
#1634 = LINE('',#1635,#1636);
#1635 = CARTESIAN_POINT('',(58.5,148.5,8.004708007547E-14));
#1636 = VECTOR('',#1637,1.);
#1637 = DIRECTION('',(6.498866485611E-17,-1.,-3.330669073875E-16));
#1638 = PLANE('',#1639);
#1639 = AXIS2_PLACEMENT_3D('',#1640,#1641,#1642);
#1640 = CARTESIAN_POINT('',(58.5,148.5,8.526512829121E-14));
#1641 = DIRECTION('',(1.,6.498866485611E-17,-7.21519120629E-33));
#1642 = DIRECTION('',(6.498866485611E-17,-1.,-3.330669073875E-16));
#1643 = ADVANCED_FACE('',(#1644),#1663,.T.);
#1644 = FACE_BOUND('',#1645,.F.);
#1645 = EDGE_LOOP('',(#1646,#1647,#1648,#1656));
#1646 = ORIENTED_EDGE('',*,*,#1625,.T.);
#1647 = ORIENTED_EDGE('',*,*,#860,.T.);
#1648 = ORIENTED_EDGE('',*,*,#1649,.F.);
#1649 = EDGE_CURVE('',#1650,#853,#1652,.T.);
#1650 = VERTEX_POINT('',#1651);
#1651 = CARTESIAN_POINT('',(62.5,103.5,0.));
#1652 = LINE('',#1653,#1654);
#1653 = CARTESIAN_POINT('',(62.5,103.5,5.684341886081E-14));
#1654 = VECTOR('',#1655,1.);
#1655 = DIRECTION('',(0.,1.110223024625E-16,1.));
#1656 = ORIENTED_EDGE('',*,*,#1657,.F.);
#1657 = EDGE_CURVE('',#1626,#1650,#1658,.T.);
#1658 = CIRCLE('',#1659,4.);
#1659 = AXIS2_PLACEMENT_3D('',#1660,#1661,#1662);
#1660 = CARTESIAN_POINT('',(62.5,107.5,6.639133687258E-14));
#1661 = DIRECTION('',(0.,-3.330669073875E-16,1.));
#1662 = DIRECTION('',(-1.,-1.224646799147E-16,-4.078893220341E-32));
#1663 = CYLINDRICAL_SURFACE('',#1664,4.);
#1664 = AXIS2_PLACEMENT_3D('',#1665,#1666,#1667);
#1665 = CARTESIAN_POINT('',(62.5,107.5,5.684341886081E-14));
#1666 = DIRECTION('',(0.,3.330669073875E-16,-1.));
#1667 = DIRECTION('',(-1.,-1.224646799147E-16,-4.078893220341E-32));
#1668 = ADVANCED_FACE('',(#1669),#1687,.F.);
#1669 = FACE_BOUND('',#1670,.F.);
#1670 = EDGE_LOOP('',(#1671,#1672,#1673,#1681));
#1671 = ORIENTED_EDGE('',*,*,#1649,.T.);
#1672 = ORIENTED_EDGE('',*,*,#852,.T.);
#1673 = ORIENTED_EDGE('',*,*,#1674,.F.);
#1674 = EDGE_CURVE('',#1675,#844,#1677,.T.);
#1675 = VERTEX_POINT('',#1676);
#1676 = CARTESIAN_POINT('',(193.5,103.5,0.));
#1677 = LINE('',#1678,#1679);
#1678 = CARTESIAN_POINT('',(193.5,103.5,5.684341886081E-14));
#1679 = VECTOR('',#1680,1.);
#1680 = DIRECTION('',(0.,1.110223024625E-16,1.));
#1681 = ORIENTED_EDGE('',*,*,#1682,.F.);
#1682 = EDGE_CURVE('',#1650,#1675,#1683,.T.);
#1683 = LINE('',#1684,#1685);
#1684 = CARTESIAN_POINT('',(62.5,103.5,6.505906924303E-14));
#1685 = VECTOR('',#1686,1.);
#1686 = DIRECTION('',(1.,0.,0.));
#1687 = PLANE('',#1688);
#1688 = AXIS2_PLACEMENT_3D('',#1689,#1690,#1691);
#1689 = CARTESIAN_POINT('',(62.5,103.5,5.684341886081E-14));
#1690 = DIRECTION('',(0.,1.,-1.110223024625E-16));
#1691 = DIRECTION('',(1.,0.,0.));
#1692 = ADVANCED_FACE('',(#1693),#1712,.T.);
#1693 = FACE_BOUND('',#1694,.F.);
#1694 = EDGE_LOOP('',(#1695,#1696,#1697,#1705));
#1695 = ORIENTED_EDGE('',*,*,#1674,.T.);
#1696 = ORIENTED_EDGE('',*,*,#843,.T.);
#1697 = ORIENTED_EDGE('',*,*,#1698,.F.);
#1698 = EDGE_CURVE('',#1699,#836,#1701,.T.);
#1699 = VERTEX_POINT('',#1700);
#1700 = CARTESIAN_POINT('',(197.5,107.5,0.));
#1701 = LINE('',#1702,#1703);
#1702 = CARTESIAN_POINT('',(197.5,107.5,5.684341886081E-14));
#1703 = VECTOR('',#1704,1.);
#1704 = DIRECTION('',(0.,1.110223024625E-16,1.));
#1705 = ORIENTED_EDGE('',*,*,#1706,.F.);
#1706 = EDGE_CURVE('',#1675,#1699,#1707,.T.);
#1707 = CIRCLE('',#1708,4.);
#1708 = AXIS2_PLACEMENT_3D('',#1709,#1710,#1711);
#1709 = CARTESIAN_POINT('',(193.5,107.5,6.639133687258E-14));
#1710 = DIRECTION('',(0.,-3.330669073875E-16,1.));
#1711 = DIRECTION('',(1.110223024625E-16,-1.,-3.330669073875E-16));
#1712 = CYLINDRICAL_SURFACE('',#1713,4.);
#1713 = AXIS2_PLACEMENT_3D('',#1714,#1715,#1716);
#1714 = CARTESIAN_POINT('',(193.5,107.5,5.684341886081E-14));
#1715 = DIRECTION('',(0.,3.330669073875E-16,-1.));
#1716 = DIRECTION('',(1.110223024625E-16,-1.,-3.330669073875E-16));
#1717 = ADVANCED_FACE('',(#1718),#1777,.F.);
#1718 = FACE_BOUND('',#1719,.F.);
#1719 = EDGE_LOOP('',(#1720,#1728,#1729,#1730,#1738,#1747,#1755,#1764,
    #1770,#1771));
#1720 = ORIENTED_EDGE('',*,*,#1721,.F.);
#1721 = EDGE_CURVE('',#1699,#1722,#1724,.T.);
#1722 = VERTEX_POINT('',#1723);
#1723 = CARTESIAN_POINT('',(197.5,148.5,2.84217094304E-14));
#1724 = LINE('',#1725,#1726);
#1725 = CARTESIAN_POINT('',(197.5,107.5,6.639133687258E-14));
#1726 = VECTOR('',#1727,1.);
#1727 = DIRECTION('',(-6.932124251318E-16,1.,3.330669073875E-16));
#1728 = ORIENTED_EDGE('',*,*,#1698,.T.);
#1729 = ORIENTED_EDGE('',*,*,#835,.T.);
#1730 = ORIENTED_EDGE('',*,*,#1731,.T.);
#1731 = EDGE_CURVE('',#828,#1732,#1734,.T.);
#1732 = VERTEX_POINT('',#1733);
#1733 = CARTESIAN_POINT('',(197.5,129.5,4.5));
#1734 = LINE('',#1735,#1736);
#1735 = CARTESIAN_POINT('',(197.5,129.5,4.325));
#1736 = VECTOR('',#1737,1.);
#1737 = DIRECTION('',(-2.308861186013E-31,2.22044604925E-16,-1.));
#1738 = ORIENTED_EDGE('',*,*,#1739,.F.);
#1739 = EDGE_CURVE('',#1740,#1732,#1742,.T.);
#1740 = VERTEX_POINT('',#1741);
#1741 = CARTESIAN_POINT('',(197.5,130.7,3.3));
#1742 = CIRCLE('',#1743,1.2);
#1743 = AXIS2_PLACEMENT_3D('',#1744,#1745,#1746);
#1744 = CARTESIAN_POINT('',(197.5,130.7,4.5));
#1745 = DIRECTION('',(-1.,0.,-0.));
#1746 = DIRECTION('',(0.,2.22044604925E-16,-1.));
#1747 = ORIENTED_EDGE('',*,*,#1748,.T.);
#1748 = EDGE_CURVE('',#1740,#1749,#1751,.T.);
#1749 = VERTEX_POINT('',#1750);
#1750 = CARTESIAN_POINT('',(197.5,135.3,3.3));
#1751 = LINE('',#1752,#1753);
#1752 = CARTESIAN_POINT('',(197.5,118.5,3.3));
#1753 = VECTOR('',#1754,1.);
#1754 = DIRECTION('',(-6.932124251318E-16,1.,2.22044604925E-16));
#1755 = ORIENTED_EDGE('',*,*,#1756,.F.);
#1756 = EDGE_CURVE('',#1757,#1749,#1759,.T.);
#1757 = VERTEX_POINT('',#1758);
#1758 = CARTESIAN_POINT('',(197.5,136.5,4.5));
#1759 = CIRCLE('',#1760,1.2);
#1760 = AXIS2_PLACEMENT_3D('',#1761,#1762,#1763);
#1761 = CARTESIAN_POINT('',(197.5,135.3,4.5));
#1762 = DIRECTION('',(-1.,0.,-0.));
#1763 = DIRECTION('',(0.,2.22044604925E-16,-1.));
#1764 = ORIENTED_EDGE('',*,*,#1765,.F.);
#1765 = EDGE_CURVE('',#593,#1757,#1766,.T.);
#1766 = LINE('',#1767,#1768);
#1767 = CARTESIAN_POINT('',(197.5,136.5,4.325));
#1768 = VECTOR('',#1769,1.);
#1769 = DIRECTION('',(-2.308861186013E-31,2.22044604925E-16,-1.));
#1770 = ORIENTED_EDGE('',*,*,#592,.T.);
#1771 = ORIENTED_EDGE('',*,*,#1772,.F.);
#1772 = EDGE_CURVE('',#1722,#584,#1773,.T.);
#1773 = LINE('',#1774,#1775);
#1774 = CARTESIAN_POINT('',(197.5,148.5,8.526512829121E-14));
#1775 = VECTOR('',#1776,1.);
#1776 = DIRECTION('',(0.,1.110223024625E-16,1.));
#1777 = PLANE('',#1778);
#1778 = AXIS2_PLACEMENT_3D('',#1779,#1780,#1781);
#1779 = CARTESIAN_POINT('',(197.5,107.5,5.684341886081E-14));
#1780 = DIRECTION('',(-1.,-6.932124251318E-16,7.696203953376E-32));
#1781 = DIRECTION('',(-6.932124251318E-16,1.,3.330669073875E-16));
#1782 = ADVANCED_FACE('',(#1783),#1794,.T.);
#1783 = FACE_BOUND('',#1784,.T.);
#1784 = EDGE_LOOP('',(#1785,#1786,#1792,#1793));
#1785 = ORIENTED_EDGE('',*,*,#1731,.T.);
#1786 = ORIENTED_EDGE('',*,*,#1787,.T.);
#1787 = EDGE_CURVE('',#1732,#999,#1788,.T.);
#1788 = LINE('',#1789,#1790);
#1789 = CARTESIAN_POINT('',(199.5,129.5,4.5));
#1790 = VECTOR('',#1791,1.);
#1791 = DIRECTION('',(-1.,0.,0.));
#1792 = ORIENTED_EDGE('',*,*,#998,.F.);
#1793 = ORIENTED_EDGE('',*,*,#827,.T.);
#1794 = PLANE('',#1795);
#1795 = AXIS2_PLACEMENT_3D('',#1796,#1797,#1798);
#1796 = CARTESIAN_POINT('',(189.5,129.5,8.65));
#1797 = DIRECTION('',(0.,1.,2.22044604925E-16));
#1798 = DIRECTION('',(1.,0.,0.));
#1799 = ADVANCED_FACE('',(#1800),#1811,.F.);
#1800 = FACE_BOUND('',#1801,.F.);
#1801 = EDGE_LOOP('',(#1802,#1803,#1804,#1810));
#1802 = ORIENTED_EDGE('',*,*,#777,.F.);
#1803 = ORIENTED_EDGE('',*,*,#1238,.T.);
#1804 = ORIENTED_EDGE('',*,*,#1805,.T.);
#1805 = EDGE_CURVE('',#1239,#1100,#1806,.T.);
#1806 = LINE('',#1807,#1808);
#1807 = CARTESIAN_POINT('',(74.5,111.5,13.));
#1808 = VECTOR('',#1809,1.);
#1809 = DIRECTION('',(1.,0.,0.));
#1810 = ORIENTED_EDGE('',*,*,#1107,.T.);
#1811 = PLANE('',#1812);
#1812 = AXIS2_PLACEMENT_3D('',#1813,#1814,#1815);
#1813 = CARTESIAN_POINT('',(74.5,111.5,7.));
#1814 = DIRECTION('',(0.,1.,-1.110223024625E-16));
#1815 = DIRECTION('',(1.,0.,0.));
#1816 = ADVANCED_FACE('',(#1817),#1828,.F.);
#1817 = FACE_BOUND('',#1818,.F.);
#1818 = EDGE_LOOP('',(#1819,#1820,#1821,#1827));
#1819 = ORIENTED_EDGE('',*,*,#727,.F.);
#1820 = ORIENTED_EDGE('',*,*,#1461,.T.);
#1821 = ORIENTED_EDGE('',*,*,#1822,.T.);
#1822 = EDGE_CURVE('',#1462,#1323,#1823,.T.);
#1823 = LINE('',#1824,#1825);
#1824 = CARTESIAN_POINT('',(74.5,111.5,13.));
#1825 = VECTOR('',#1826,1.);
#1826 = DIRECTION('',(1.,0.,0.));
#1827 = ORIENTED_EDGE('',*,*,#1330,.T.);
#1828 = PLANE('',#1829);
#1829 = AXIS2_PLACEMENT_3D('',#1830,#1831,#1832);
#1830 = CARTESIAN_POINT('',(74.5,111.5,7.));
#1831 = DIRECTION('',(0.,1.,-1.110223024625E-16));
#1832 = DIRECTION('',(1.,0.,0.));
#1833 = ADVANCED_FACE('',(#1834),#1845,.F.);
#1834 = FACE_BOUND('',#1835,.F.);
#1835 = EDGE_LOOP('',(#1836,#1837,#1843,#1844));
#1836 = ORIENTED_EDGE('',*,*,#1765,.T.);
#1837 = ORIENTED_EDGE('',*,*,#1838,.T.);
#1838 = EDGE_CURVE('',#1757,#899,#1839,.T.);
#1839 = LINE('',#1840,#1841);
#1840 = CARTESIAN_POINT('',(199.5,136.5,4.5));
#1841 = VECTOR('',#1842,1.);
#1842 = DIRECTION('',(-1.,0.,0.));
#1843 = ORIENTED_EDGE('',*,*,#906,.T.);
#1844 = ORIENTED_EDGE('',*,*,#600,.T.);
#1845 = PLANE('',#1846);
#1846 = AXIS2_PLACEMENT_3D('',#1847,#1848,#1849);
#1847 = CARTESIAN_POINT('',(189.5,136.5,8.65));
#1848 = DIRECTION('',(0.,1.,2.22044604925E-16));
#1849 = DIRECTION('',(1.,0.,0.));
#1850 = ADVANCED_FACE('',(#1851),#1870,.T.);
#1851 = FACE_BOUND('',#1852,.F.);
#1852 = EDGE_LOOP('',(#1853,#1854,#1855,#1863));
#1853 = ORIENTED_EDGE('',*,*,#1772,.T.);
#1854 = ORIENTED_EDGE('',*,*,#583,.T.);
#1855 = ORIENTED_EDGE('',*,*,#1856,.F.);
#1856 = EDGE_CURVE('',#1857,#576,#1859,.T.);
#1857 = VERTEX_POINT('',#1858);
#1858 = CARTESIAN_POINT('',(193.5,152.5,2.84217094304E-14));
#1859 = LINE('',#1860,#1861);
#1860 = CARTESIAN_POINT('',(193.5,152.5,8.526512829121E-14));
#1861 = VECTOR('',#1862,1.);
#1862 = DIRECTION('',(0.,1.110223024625E-16,1.));
#1863 = ORIENTED_EDGE('',*,*,#1864,.F.);
#1864 = EDGE_CURVE('',#1722,#1857,#1865,.T.);
#1865 = CIRCLE('',#1866,4.);
#1866 = AXIS2_PLACEMENT_3D('',#1867,#1868,#1869);
#1867 = CARTESIAN_POINT('',(193.5,148.5,8.004708007547E-14));
#1868 = DIRECTION('',(0.,-3.330669073875E-16,1.));
#1869 = DIRECTION('',(1.,3.6E-15,1.199040866595E-30));
#1870 = CYLINDRICAL_SURFACE('',#1871,4.);
#1871 = AXIS2_PLACEMENT_3D('',#1872,#1873,#1874);
#1872 = CARTESIAN_POINT('',(193.5,148.5,8.526512829121E-14));
#1873 = DIRECTION('',(0.,3.330669073875E-16,-1.));
#1874 = DIRECTION('',(1.,3.6E-15,1.199040866595E-30));
#1875 = ADVANCED_FACE('',(#1876),#1894,.F.);
#1876 = FACE_BOUND('',#1877,.F.);
#1877 = EDGE_LOOP('',(#1878,#1879,#1880,#1888));
#1878 = ORIENTED_EDGE('',*,*,#1856,.T.);
#1879 = ORIENTED_EDGE('',*,*,#575,.T.);
#1880 = ORIENTED_EDGE('',*,*,#1881,.F.);
#1881 = EDGE_CURVE('',#1882,#567,#1884,.T.);
#1882 = VERTEX_POINT('',#1883);
#1883 = CARTESIAN_POINT('',(62.5,152.5,2.84217094304E-14));
#1884 = LINE('',#1885,#1886);
#1885 = CARTESIAN_POINT('',(62.5,152.5,8.526512829121E-14));
#1886 = VECTOR('',#1887,1.);
#1887 = DIRECTION('',(0.,1.110223024625E-16,1.));
#1888 = ORIENTED_EDGE('',*,*,#1889,.F.);
#1889 = EDGE_CURVE('',#1857,#1882,#1890,.T.);
#1890 = LINE('',#1891,#1892);
#1891 = CARTESIAN_POINT('',(193.5,152.5,8.137934770502E-14));
#1892 = VECTOR('',#1893,1.);
#1893 = DIRECTION('',(-1.,1.084798069863E-16,3.613103382692E-32));
#1894 = PLANE('',#1895);
#1895 = AXIS2_PLACEMENT_3D('',#1896,#1897,#1898);
#1896 = CARTESIAN_POINT('',(193.5,152.5,8.526512829121E-14));
#1897 = DIRECTION('',(-1.084798069863E-16,-1.,1.110223024625E-16));
#1898 = DIRECTION('',(-1.,1.084798069863E-16,3.613103382692E-32));
#1899 = ADVANCED_FACE('',(#1900),#1912,.T.);
#1900 = FACE_BOUND('',#1901,.F.);
#1901 = EDGE_LOOP('',(#1902,#1903,#1904,#1905));
#1902 = ORIENTED_EDGE('',*,*,#1881,.T.);
#1903 = ORIENTED_EDGE('',*,*,#566,.T.);
#1904 = ORIENTED_EDGE('',*,*,#1616,.F.);
#1905 = ORIENTED_EDGE('',*,*,#1906,.F.);
#1906 = EDGE_CURVE('',#1882,#1617,#1907,.T.);
#1907 = CIRCLE('',#1908,4.);
#1908 = AXIS2_PLACEMENT_3D('',#1909,#1910,#1911);
#1909 = CARTESIAN_POINT('',(62.5,148.5,8.004708007547E-14));
#1910 = DIRECTION('',(0.,-3.330669073875E-16,1.));
#1911 = DIRECTION('',(-2.442490654175E-15,1.,3.330669073875E-16));
#1912 = CYLINDRICAL_SURFACE('',#1913,4.);
#1913 = AXIS2_PLACEMENT_3D('',#1914,#1915,#1916);
#1914 = CARTESIAN_POINT('',(62.5,148.5,8.526512829121E-14));
#1915 = DIRECTION('',(0.,3.330669073875E-16,-1.));
#1916 = DIRECTION('',(-2.442490654175E-15,1.,3.330669073875E-16));
#1917 = ADVANCED_FACE('',(#1918),#1937,.F.);
#1918 = FACE_BOUND('',#1919,.T.);
#1919 = EDGE_LOOP('',(#1920,#1921,#1929,#1936));
#1920 = ORIENTED_EDGE('',*,*,#869,.T.);
#1921 = ORIENTED_EDGE('',*,*,#1922,.T.);
#1922 = EDGE_CURVE('',#870,#1923,#1925,.T.);
#1923 = VERTEX_POINT('',#1924);
#1924 = CARTESIAN_POINT('',(64.75,146.5,0.));
#1925 = LINE('',#1926,#1927);
#1926 = CARTESIAN_POINT('',(64.75,146.5,9.));
#1927 = VECTOR('',#1928,1.);
#1928 = DIRECTION('',(0.,3.330669073875E-16,-1.));
#1929 = ORIENTED_EDGE('',*,*,#1930,.F.);
#1930 = EDGE_CURVE('',#1923,#1923,#1931,.T.);
#1931 = CIRCLE('',#1932,2.25);
#1932 = AXIS2_PLACEMENT_3D('',#1933,#1934,#1935);
#1933 = CARTESIAN_POINT('',(62.5,146.5,5.684341886081E-14));
#1934 = DIRECTION('',(-0.,1.110223024625E-16,1.));
#1935 = DIRECTION('',(1.,0.,0.));
#1936 = ORIENTED_EDGE('',*,*,#1922,.F.);
#1937 = CYLINDRICAL_SURFACE('',#1938,2.25);
#1938 = AXIS2_PLACEMENT_3D('',#1939,#1940,#1941);
#1939 = CARTESIAN_POINT('',(62.5,146.5,9.));
#1940 = DIRECTION('',(0.,1.110223024625E-16,1.));
#1941 = DIRECTION('',(1.,0.,0.));
#1942 = ADVANCED_FACE('',(#1943),#1962,.F.);
#1943 = FACE_BOUND('',#1944,.T.);
#1944 = EDGE_LOOP('',(#1945,#1946,#1954,#1961));
#1945 = ORIENTED_EDGE('',*,*,#880,.T.);
#1946 = ORIENTED_EDGE('',*,*,#1947,.T.);
#1947 = EDGE_CURVE('',#881,#1948,#1950,.T.);
#1948 = VERTEX_POINT('',#1949);
#1949 = CARTESIAN_POINT('',(194.75,146.5,0.));
#1950 = LINE('',#1951,#1952);
#1951 = CARTESIAN_POINT('',(194.75,146.5,9.));
#1952 = VECTOR('',#1953,1.);
#1953 = DIRECTION('',(0.,3.330669073875E-16,-1.));
#1954 = ORIENTED_EDGE('',*,*,#1955,.F.);
#1955 = EDGE_CURVE('',#1948,#1948,#1956,.T.);
#1956 = CIRCLE('',#1957,2.25);
#1957 = AXIS2_PLACEMENT_3D('',#1958,#1959,#1960);
#1958 = CARTESIAN_POINT('',(192.5,146.5,5.684341886081E-14));
#1959 = DIRECTION('',(-0.,1.110223024625E-16,1.));
#1960 = DIRECTION('',(1.,0.,0.));
#1961 = ORIENTED_EDGE('',*,*,#1947,.F.);
#1962 = CYLINDRICAL_SURFACE('',#1963,2.25);
#1963 = AXIS2_PLACEMENT_3D('',#1964,#1965,#1966);
#1964 = CARTESIAN_POINT('',(192.5,146.5,9.));
#1965 = DIRECTION('',(0.,1.110223024625E-16,1.));
#1966 = DIRECTION('',(1.,0.,0.));
#1967 = ADVANCED_FACE('',(#1968),#1979,.F.);
#1968 = FACE_BOUND('',#1969,.T.);
#1969 = EDGE_LOOP('',(#1970,#1976,#1977,#1978));
#1970 = ORIENTED_EDGE('',*,*,#1971,.F.);
#1971 = EDGE_CURVE('',#1749,#1016,#1972,.T.);
#1972 = LINE('',#1973,#1974);
#1973 = CARTESIAN_POINT('',(199.5,135.3,3.3));
#1974 = VECTOR('',#1975,1.);
#1975 = DIRECTION('',(-1.,0.,0.));
#1976 = ORIENTED_EDGE('',*,*,#1756,.F.);
#1977 = ORIENTED_EDGE('',*,*,#1838,.T.);
#1978 = ORIENTED_EDGE('',*,*,#1023,.T.);
#1979 = CYLINDRICAL_SURFACE('',#1980,1.2);
#1980 = AXIS2_PLACEMENT_3D('',#1981,#1982,#1983);
#1981 = CARTESIAN_POINT('',(199.5,135.3,4.5));
#1982 = DIRECTION('',(-1.,0.,0.));
#1983 = DIRECTION('',(0.,2.22044604925E-16,-1.));
#1984 = ADVANCED_FACE('',(#1985),#1996,.T.);
#1985 = FACE_BOUND('',#1986,.T.);
#1986 = EDGE_LOOP('',(#1987,#1993,#1994,#1995));
#1987 = ORIENTED_EDGE('',*,*,#1988,.F.);
#1988 = EDGE_CURVE('',#1740,#1007,#1989,.T.);
#1989 = LINE('',#1990,#1991);
#1990 = CARTESIAN_POINT('',(199.5,130.7,3.3));
#1991 = VECTOR('',#1992,1.);
#1992 = DIRECTION('',(-1.,0.,0.));
#1993 = ORIENTED_EDGE('',*,*,#1748,.T.);
#1994 = ORIENTED_EDGE('',*,*,#1971,.T.);
#1995 = ORIENTED_EDGE('',*,*,#1015,.F.);
#1996 = PLANE('',#1997);
#1997 = AXIS2_PLACEMENT_3D('',#1998,#1999,#2000);
#1998 = CARTESIAN_POINT('',(199.5,129.5,3.3));
#1999 = DIRECTION('',(0.,-2.22044604925E-16,1.));
#2000 = DIRECTION('',(-1.,0.,0.));
#2001 = ADVANCED_FACE('',(#2002),#2008,.F.);
#2002 = FACE_BOUND('',#2003,.F.);
#2003 = EDGE_LOOP('',(#2004,#2005,#2006,#2007));
#2004 = ORIENTED_EDGE('',*,*,#1988,.F.);
#2005 = ORIENTED_EDGE('',*,*,#1739,.T.);
#2006 = ORIENTED_EDGE('',*,*,#1787,.T.);
#2007 = ORIENTED_EDGE('',*,*,#1006,.F.);
#2008 = CYLINDRICAL_SURFACE('',#2009,1.2);
#2009 = AXIS2_PLACEMENT_3D('',#2010,#2011,#2012);
#2010 = CARTESIAN_POINT('',(199.5,130.7,4.5));
#2011 = DIRECTION('',(-1.,0.,0.));
#2012 = DIRECTION('',(0.,2.22044604925E-16,-1.));
#2013 = ADVANCED_FACE('',(#2014),#2027,.F.);
#2014 = FACE_BOUND('',#2015,.F.);
#2015 = EDGE_LOOP('',(#2016,#2017,#2023,#2024,#2025,#2026));
#2016 = ORIENTED_EDGE('',*,*,#1198,.F.);
#2017 = ORIENTED_EDGE('',*,*,#2018,.F.);
#2018 = EDGE_CURVE('',#1142,#1199,#2019,.T.);
#2019 = LINE('',#2020,#2021);
#2020 = CARTESIAN_POINT('',(180.5,137.5,13.));
#2021 = VECTOR('',#2022,1.);
#2022 = DIRECTION('',(-1.,1.340646671245E-16,4.465250406911E-32));
#2023 = ORIENTED_EDGE('',*,*,#1149,.F.);
#2024 = ORIENTED_EDGE('',*,*,#1099,.T.);
#2025 = ORIENTED_EDGE('',*,*,#1805,.F.);
#2026 = ORIENTED_EDGE('',*,*,#1246,.T.);
#2027 = PLANE('',#2028);
#2028 = AXIS2_PLACEMENT_3D('',#2029,#2030,#2031);
#2029 = CARTESIAN_POINT('',(127.5,124.5,13.));
#2030 = DIRECTION('',(0.,1.110223024625E-16,-1.));
#2031 = DIRECTION('',(0.,1.,1.110223024625E-16));
#2032 = ADVANCED_FACE('',(#2033),#2044,.F.);
#2033 = FACE_BOUND('',#2034,.F.);
#2034 = EDGE_LOOP('',(#2035,#2041,#2042,#2043));
#2035 = ORIENTED_EDGE('',*,*,#2036,.F.);
#2036 = EDGE_CURVE('',#1133,#1208,#2037,.T.);
#2037 = LINE('',#2038,#2039);
#2038 = CARTESIAN_POINT('',(154.25,137.5,8.));
#2039 = VECTOR('',#2040,1.);
#2040 = DIRECTION('',(-1.,1.340646671245E-16,1.488416802304E-32));
#2041 = ORIENTED_EDGE('',*,*,#1141,.F.);
#2042 = ORIENTED_EDGE('',*,*,#2018,.T.);
#2043 = ORIENTED_EDGE('',*,*,#1207,.T.);
#2044 = PLANE('',#2045);
#2045 = AXIS2_PLACEMENT_3D('',#2046,#2047,#2048);
#2046 = CARTESIAN_POINT('',(180.5,137.5,7.));
#2047 = DIRECTION('',(-1.340646671245E-16,-1.,1.110223024625E-16));
#2048 = DIRECTION('',(-1.,1.340646671245E-16,4.465250406911E-32));
#2049 = ADVANCED_FACE('',(#2050),#2056,.F.);
#2050 = FACE_BOUND('',#2051,.F.);
#2051 = EDGE_LOOP('',(#2052,#2053,#2054,#2055));
#2052 = ORIENTED_EDGE('',*,*,#1174,.T.);
#2053 = ORIENTED_EDGE('',*,*,#1132,.F.);
#2054 = ORIENTED_EDGE('',*,*,#2036,.T.);
#2055 = ORIENTED_EDGE('',*,*,#1215,.F.);
#2056 = PLANE('',#2057);
#2057 = AXIS2_PLACEMENT_3D('',#2058,#2059,#2060);
#2058 = CARTESIAN_POINT('',(128.,128.,8.));
#2059 = DIRECTION('',(0.,1.110223024625E-16,-1.));
#2060 = DIRECTION('',(0.,1.,1.110223024625E-16));
#2061 = ADVANCED_FACE('',(#2062),#2075,.F.);
#2062 = FACE_BOUND('',#2063,.F.);
#2063 = EDGE_LOOP('',(#2064,#2065,#2071,#2072,#2073,#2074));
#2064 = ORIENTED_EDGE('',*,*,#1421,.F.);
#2065 = ORIENTED_EDGE('',*,*,#2066,.F.);
#2066 = EDGE_CURVE('',#1365,#1422,#2067,.T.);
#2067 = LINE('',#2068,#2069);
#2068 = CARTESIAN_POINT('',(180.5,137.5,13.));
#2069 = VECTOR('',#2070,1.);
#2070 = DIRECTION('',(-1.,1.340646671245E-16,4.465250406911E-32));
#2071 = ORIENTED_EDGE('',*,*,#1372,.F.);
#2072 = ORIENTED_EDGE('',*,*,#1322,.T.);
#2073 = ORIENTED_EDGE('',*,*,#1822,.F.);
#2074 = ORIENTED_EDGE('',*,*,#1469,.T.);
#2075 = PLANE('',#2076);
#2076 = AXIS2_PLACEMENT_3D('',#2077,#2078,#2079);
#2077 = CARTESIAN_POINT('',(127.5,124.5,13.));
#2078 = DIRECTION('',(0.,1.110223024625E-16,-1.));
#2079 = DIRECTION('',(0.,1.,1.110223024625E-16));
#2080 = ADVANCED_FACE('',(#2081),#2092,.F.);
#2081 = FACE_BOUND('',#2082,.F.);
#2082 = EDGE_LOOP('',(#2083,#2089,#2090,#2091));
#2083 = ORIENTED_EDGE('',*,*,#2084,.F.);
#2084 = EDGE_CURVE('',#1356,#1431,#2085,.T.);
#2085 = LINE('',#2086,#2087);
#2086 = CARTESIAN_POINT('',(154.25,137.5,8.));
#2087 = VECTOR('',#2088,1.);
#2088 = DIRECTION('',(-1.,1.340646671245E-16,1.488416802304E-32));
#2089 = ORIENTED_EDGE('',*,*,#1364,.F.);
#2090 = ORIENTED_EDGE('',*,*,#2066,.T.);
#2091 = ORIENTED_EDGE('',*,*,#1430,.T.);
#2092 = PLANE('',#2093);
#2093 = AXIS2_PLACEMENT_3D('',#2094,#2095,#2096);
#2094 = CARTESIAN_POINT('',(180.5,137.5,7.));
#2095 = DIRECTION('',(-1.340646671245E-16,-1.,1.110223024625E-16));
#2096 = DIRECTION('',(-1.,1.340646671245E-16,4.465250406911E-32));
#2097 = ADVANCED_FACE('',(#2098),#2104,.F.);
#2098 = FACE_BOUND('',#2099,.F.);
#2099 = EDGE_LOOP('',(#2100,#2101,#2102,#2103));
#2100 = ORIENTED_EDGE('',*,*,#1397,.T.);
#2101 = ORIENTED_EDGE('',*,*,#1355,.F.);
#2102 = ORIENTED_EDGE('',*,*,#2084,.T.);
#2103 = ORIENTED_EDGE('',*,*,#1438,.F.);
#2104 = PLANE('',#2105);
#2105 = AXIS2_PLACEMENT_3D('',#2106,#2107,#2108);
#2106 = CARTESIAN_POINT('',(128.,128.,8.));
#2107 = DIRECTION('',(0.,1.110223024625E-16,-1.));
#2108 = DIRECTION('',(0.,1.,1.110223024625E-16));
#2109 = ADVANCED_FACE('',(#2110,#2120,#2154,#2188,#2191),#2194,.T.);
#2110 = FACE_BOUND('',#2111,.T.);
#2111 = EDGE_LOOP('',(#2112,#2113,#2114,#2115,#2116,#2117,#2118,#2119));
#2112 = ORIENTED_EDGE('',*,*,#1633,.F.);
#2113 = ORIENTED_EDGE('',*,*,#1906,.F.);
#2114 = ORIENTED_EDGE('',*,*,#1889,.F.);
#2115 = ORIENTED_EDGE('',*,*,#1864,.F.);
#2116 = ORIENTED_EDGE('',*,*,#1721,.F.);
#2117 = ORIENTED_EDGE('',*,*,#1706,.F.);
#2118 = ORIENTED_EDGE('',*,*,#1682,.F.);
#2119 = ORIENTED_EDGE('',*,*,#1657,.F.);
#2120 = FACE_BOUND('',#2121,.T.);
#2121 = EDGE_LOOP('',(#2122,#2132,#2140,#2148));
#2122 = ORIENTED_EDGE('',*,*,#2123,.F.);
#2123 = EDGE_CURVE('',#2124,#2126,#2128,.T.);
#2124 = VERTEX_POINT('',#2125);
#2125 = CARTESIAN_POINT('',(167.5,119.9,0.));
#2126 = VERTEX_POINT('',#2127);
#2127 = CARTESIAN_POINT('',(167.5,117.1,-2.84217094304E-14));
#2128 = LINE('',#2129,#2130);
#2129 = CARTESIAN_POINT('',(167.5,123.25,5.684341886081E-14));
#2130 = VECTOR('',#2131,1.);
#2131 = DIRECTION('',(0.,-1.,-1.110223024625E-16));
#2132 = ORIENTED_EDGE('',*,*,#2133,.T.);
#2133 = EDGE_CURVE('',#2124,#2134,#2136,.T.);
#2134 = VERTEX_POINT('',#2135);
#2135 = CARTESIAN_POINT('',(87.5,119.9,0.));
#2136 = LINE('',#2137,#2138);
#2137 = CARTESIAN_POINT('',(107.75,119.9,2.84217094304E-14));
#2138 = VECTOR('',#2139,1.);
#2139 = DIRECTION('',(-1.,0.,0.));
#2140 = ORIENTED_EDGE('',*,*,#2141,.T.);
#2141 = EDGE_CURVE('',#2134,#2142,#2144,.T.);
#2142 = VERTEX_POINT('',#2143);
#2143 = CARTESIAN_POINT('',(87.5,117.1,-2.84217094304E-14));
#2144 = LINE('',#2145,#2146);
#2145 = CARTESIAN_POINT('',(87.5,123.25,5.684341886081E-14));
#2146 = VECTOR('',#2147,1.);
#2147 = DIRECTION('',(0.,-1.,-1.110223024625E-16));
#2148 = ORIENTED_EDGE('',*,*,#2149,.T.);
#2149 = EDGE_CURVE('',#2142,#2126,#2150,.T.);
#2150 = LINE('',#2151,#2152);
#2151 = CARTESIAN_POINT('',(107.75,117.1,2.84217094304E-14));
#2152 = VECTOR('',#2153,1.);
#2153 = DIRECTION('',(1.,0.,0.));
#2154 = FACE_BOUND('',#2155,.T.);
#2155 = EDGE_LOOP('',(#2156,#2166,#2174,#2182));
#2156 = ORIENTED_EDGE('',*,*,#2157,.F.);
#2157 = EDGE_CURVE('',#2158,#2160,#2162,.T.);
#2158 = VERTEX_POINT('',#2159);
#2159 = CARTESIAN_POINT('',(167.5,125.9,0.));
#2160 = VERTEX_POINT('',#2161);
#2161 = CARTESIAN_POINT('',(167.5,123.1,2.84217094304E-14));
#2162 = LINE('',#2163,#2164);
#2163 = CARTESIAN_POINT('',(167.5,126.25,5.684341886081E-14));
#2164 = VECTOR('',#2165,1.);
#2165 = DIRECTION('',(0.,-1.,-1.110223024625E-16));
#2166 = ORIENTED_EDGE('',*,*,#2167,.T.);
#2167 = EDGE_CURVE('',#2158,#2168,#2170,.T.);
#2168 = VERTEX_POINT('',#2169);
#2169 = CARTESIAN_POINT('',(87.5,125.9,0.));
#2170 = LINE('',#2171,#2172);
#2171 = CARTESIAN_POINT('',(107.75,125.9,5.684341886081E-14));
#2172 = VECTOR('',#2173,1.);
#2173 = DIRECTION('',(-1.,0.,0.));
#2174 = ORIENTED_EDGE('',*,*,#2175,.T.);
#2175 = EDGE_CURVE('',#2168,#2176,#2178,.T.);
#2176 = VERTEX_POINT('',#2177);
#2177 = CARTESIAN_POINT('',(87.5,123.1,2.84217094304E-14));
#2178 = LINE('',#2179,#2180);
#2179 = CARTESIAN_POINT('',(87.5,126.25,5.684341886081E-14));
#2180 = VECTOR('',#2181,1.);
#2181 = DIRECTION('',(0.,-1.,-1.110223024625E-16));
#2182 = ORIENTED_EDGE('',*,*,#2183,.T.);
#2183 = EDGE_CURVE('',#2176,#2160,#2184,.T.);
#2184 = LINE('',#2185,#2186);
#2185 = CARTESIAN_POINT('',(107.75,123.1,5.684341886081E-14));
#2186 = VECTOR('',#2187,1.);
#2187 = DIRECTION('',(1.,0.,0.));
#2188 = FACE_BOUND('',#2189,.T.);
#2189 = EDGE_LOOP('',(#2190));
#2190 = ORIENTED_EDGE('',*,*,#1930,.T.);
#2191 = FACE_BOUND('',#2192,.T.);
#2192 = EDGE_LOOP('',(#2193));
#2193 = ORIENTED_EDGE('',*,*,#1955,.T.);
#2194 = PLANE('',#2195);
#2195 = AXIS2_PLACEMENT_3D('',#2196,#2197,#2198);
#2196 = CARTESIAN_POINT('',(128.,128.,0.));
#2197 = DIRECTION('',(0.,8.234312015986E-16,-1.));
#2198 = DIRECTION('',(0.,1.,8.234312015986E-16));
#2199 = ADVANCED_FACE('',(#2200),#2217,.F.);
#2200 = FACE_BOUND('',#2201,.F.);
#2201 = EDGE_LOOP('',(#2202,#2210,#2211));
#2202 = ORIENTED_EDGE('',*,*,#2203,.T.);
#2203 = EDGE_CURVE('',#2204,#2126,#2206,.T.);
#2204 = VERTEX_POINT('',#2205);
#2205 = CARTESIAN_POINT('',(167.5,118.5,1.4));
#2206 = LINE('',#2207,#2208);
#2207 = CARTESIAN_POINT('',(167.5,118.5,1.4));
#2208 = VECTOR('',#2209,1.);
#2209 = DIRECTION('',(-4.710277376051E-16,-0.707106781187,
    -0.707106781187));
#2210 = ORIENTED_EDGE('',*,*,#2123,.F.);
#2211 = ORIENTED_EDGE('',*,*,#2212,.T.);
#2212 = EDGE_CURVE('',#2124,#2204,#2213,.T.);
#2213 = LINE('',#2214,#2215);
#2214 = CARTESIAN_POINT('',(167.5,120.,-9.999999999997E-02));
#2215 = VECTOR('',#2216,1.);
#2216 = DIRECTION('',(1.570092458684E-16,-0.707106781187,0.707106781187)
  );
#2217 = PLANE('',#2218);
#2218 = AXIS2_PLACEMENT_3D('',#2219,#2220,#2221);
#2219 = CARTESIAN_POINT('',(167.5,118.5,0.33933982822));
#2220 = DIRECTION('',(1.,0.,0.));
#2221 = DIRECTION('',(0.,1.,1.110223024625E-16));
#2222 = ADVANCED_FACE('',(#2223),#2241,.T.);
#2223 = FACE_BOUND('',#2224,.T.);
#2224 = EDGE_LOOP('',(#2225,#2233,#2234,#2235));
#2225 = ORIENTED_EDGE('',*,*,#2226,.F.);
#2226 = EDGE_CURVE('',#2134,#2227,#2229,.T.);
#2227 = VERTEX_POINT('',#2228);
#2228 = CARTESIAN_POINT('',(87.5,118.5,1.4));
#2229 = LINE('',#2230,#2231);
#2230 = CARTESIAN_POINT('',(87.5,120.,-9.999999999997E-02));
#2231 = VECTOR('',#2232,1.);
#2232 = DIRECTION('',(1.570092458684E-16,-0.707106781187,0.707106781187)
  );
#2233 = ORIENTED_EDGE('',*,*,#2133,.F.);
#2234 = ORIENTED_EDGE('',*,*,#2212,.T.);
#2235 = ORIENTED_EDGE('',*,*,#2236,.F.);
#2236 = EDGE_CURVE('',#2227,#2204,#2237,.T.);
#2237 = LINE('',#2238,#2239);
#2238 = CARTESIAN_POINT('',(87.5,118.5,1.4));
#2239 = VECTOR('',#2240,1.);
#2240 = DIRECTION('',(1.,0.,0.));
#2241 = PLANE('',#2242);
#2242 = AXIS2_PLACEMENT_3D('',#2243,#2244,#2245);
#2243 = CARTESIAN_POINT('',(87.5,120.,-9.999999999997E-02));
#2244 = DIRECTION('',(0.,-0.707106781187,-0.707106781187));
#2245 = DIRECTION('',(1.570092458684E-16,-0.707106781187,0.707106781187)
  );
#2246 = ADVANCED_FACE('',(#2247),#2257,.T.);
#2247 = FACE_BOUND('',#2248,.T.);
#2248 = EDGE_LOOP('',(#2249,#2255,#2256));
#2249 = ORIENTED_EDGE('',*,*,#2250,.T.);
#2250 = EDGE_CURVE('',#2227,#2142,#2251,.T.);
#2251 = LINE('',#2252,#2253);
#2252 = CARTESIAN_POINT('',(87.5,118.5,1.4));
#2253 = VECTOR('',#2254,1.);
#2254 = DIRECTION('',(-4.710277376051E-16,-0.707106781187,
    -0.707106781187));
#2255 = ORIENTED_EDGE('',*,*,#2141,.F.);
#2256 = ORIENTED_EDGE('',*,*,#2226,.T.);
#2257 = PLANE('',#2258);
#2258 = AXIS2_PLACEMENT_3D('',#2259,#2260,#2261);
#2259 = CARTESIAN_POINT('',(87.5,118.5,0.33933982822));
#2260 = DIRECTION('',(1.,0.,0.));
#2261 = DIRECTION('',(0.,1.,1.110223024625E-16));
#2262 = ADVANCED_FACE('',(#2263),#2269,.T.);
#2263 = FACE_BOUND('',#2264,.T.);
#2264 = EDGE_LOOP('',(#2265,#2266,#2267,#2268));
#2265 = ORIENTED_EDGE('',*,*,#2250,.F.);
#2266 = ORIENTED_EDGE('',*,*,#2236,.T.);
#2267 = ORIENTED_EDGE('',*,*,#2203,.T.);
#2268 = ORIENTED_EDGE('',*,*,#2149,.F.);
#2269 = PLANE('',#2270);
#2270 = AXIS2_PLACEMENT_3D('',#2271,#2272,#2273);
#2271 = CARTESIAN_POINT('',(87.5,118.5,1.4));
#2272 = DIRECTION('',(0.,0.707106781187,-0.707106781187));
#2273 = DIRECTION('',(-4.710277376051E-16,-0.707106781187,
    -0.707106781187));
#2274 = ADVANCED_FACE('',(#2275),#2292,.F.);
#2275 = FACE_BOUND('',#2276,.F.);
#2276 = EDGE_LOOP('',(#2277,#2285,#2286));
#2277 = ORIENTED_EDGE('',*,*,#2278,.T.);
#2278 = EDGE_CURVE('',#2279,#2160,#2281,.T.);
#2279 = VERTEX_POINT('',#2280);
#2280 = CARTESIAN_POINT('',(167.5,124.5,1.4));
#2281 = LINE('',#2282,#2283);
#2282 = CARTESIAN_POINT('',(167.5,124.5,1.4));
#2283 = VECTOR('',#2284,1.);
#2284 = DIRECTION('',(-4.710277376051E-16,-0.707106781187,
    -0.707106781187));
#2285 = ORIENTED_EDGE('',*,*,#2157,.F.);
#2286 = ORIENTED_EDGE('',*,*,#2287,.T.);
#2287 = EDGE_CURVE('',#2158,#2279,#2288,.T.);
#2288 = LINE('',#2289,#2290);
#2289 = CARTESIAN_POINT('',(167.5,126.,-9.999999999994E-02));
#2290 = VECTOR('',#2291,1.);
#2291 = DIRECTION('',(1.570092458684E-16,-0.707106781187,0.707106781187)
  );
#2292 = PLANE('',#2293);
#2293 = AXIS2_PLACEMENT_3D('',#2294,#2295,#2296);
#2294 = CARTESIAN_POINT('',(167.5,124.5,0.33933982822));
#2295 = DIRECTION('',(1.,0.,0.));
#2296 = DIRECTION('',(0.,1.,1.110223024625E-16));
#2297 = ADVANCED_FACE('',(#2298),#2316,.T.);
#2298 = FACE_BOUND('',#2299,.T.);
#2299 = EDGE_LOOP('',(#2300,#2308,#2309,#2310));
#2300 = ORIENTED_EDGE('',*,*,#2301,.F.);
#2301 = EDGE_CURVE('',#2168,#2302,#2304,.T.);
#2302 = VERTEX_POINT('',#2303);
#2303 = CARTESIAN_POINT('',(87.5,124.5,1.4));
#2304 = LINE('',#2305,#2306);
#2305 = CARTESIAN_POINT('',(87.5,126.,-9.999999999994E-02));
#2306 = VECTOR('',#2307,1.);
#2307 = DIRECTION('',(1.570092458684E-16,-0.707106781187,0.707106781187)
  );
#2308 = ORIENTED_EDGE('',*,*,#2167,.F.);
#2309 = ORIENTED_EDGE('',*,*,#2287,.T.);
#2310 = ORIENTED_EDGE('',*,*,#2311,.F.);
#2311 = EDGE_CURVE('',#2302,#2279,#2312,.T.);
#2312 = LINE('',#2313,#2314);
#2313 = CARTESIAN_POINT('',(87.5,124.5,1.4));
#2314 = VECTOR('',#2315,1.);
#2315 = DIRECTION('',(1.,0.,0.));
#2316 = PLANE('',#2317);
#2317 = AXIS2_PLACEMENT_3D('',#2318,#2319,#2320);
#2318 = CARTESIAN_POINT('',(87.5,126.,-9.999999999994E-02));
#2319 = DIRECTION('',(0.,-0.707106781187,-0.707106781187));
#2320 = DIRECTION('',(1.570092458684E-16,-0.707106781187,0.707106781187)
  );
#2321 = ADVANCED_FACE('',(#2322),#2332,.T.);
#2322 = FACE_BOUND('',#2323,.T.);
#2323 = EDGE_LOOP('',(#2324,#2330,#2331));
#2324 = ORIENTED_EDGE('',*,*,#2325,.T.);
#2325 = EDGE_CURVE('',#2302,#2176,#2326,.T.);
#2326 = LINE('',#2327,#2328);
#2327 = CARTESIAN_POINT('',(87.5,124.5,1.4));
#2328 = VECTOR('',#2329,1.);
#2329 = DIRECTION('',(-4.710277376051E-16,-0.707106781187,
    -0.707106781187));
#2330 = ORIENTED_EDGE('',*,*,#2175,.F.);
#2331 = ORIENTED_EDGE('',*,*,#2301,.T.);
#2332 = PLANE('',#2333);
#2333 = AXIS2_PLACEMENT_3D('',#2334,#2335,#2336);
#2334 = CARTESIAN_POINT('',(87.5,124.5,0.33933982822));
#2335 = DIRECTION('',(1.,0.,0.));
#2336 = DIRECTION('',(0.,1.,1.110223024625E-16));
#2337 = ADVANCED_FACE('',(#2338),#2344,.T.);
#2338 = FACE_BOUND('',#2339,.T.);
#2339 = EDGE_LOOP('',(#2340,#2341,#2342,#2343));
#2340 = ORIENTED_EDGE('',*,*,#2325,.F.);
#2341 = ORIENTED_EDGE('',*,*,#2311,.T.);
#2342 = ORIENTED_EDGE('',*,*,#2278,.T.);
#2343 = ORIENTED_EDGE('',*,*,#2183,.F.);
#2344 = PLANE('',#2345);
#2345 = AXIS2_PLACEMENT_3D('',#2346,#2347,#2348);
#2346 = CARTESIAN_POINT('',(87.5,124.5,1.4));
#2347 = DIRECTION('',(0.,0.707106781187,-0.707106781187));
#2348 = DIRECTION('',(-4.710277376051E-16,-0.707106781187,
    -0.707106781187));
#2349 = ( GEOMETRIC_REPRESENTATION_CONTEXT(3) 
GLOBAL_UNCERTAINTY_ASSIGNED_CONTEXT((#2353)) 
GLOBAL_UNIT_ASSIGNED_CONTEXT((#2350,#2351,#2352)) REPRESENTATION_CONTEXT
('Context #1','3D Context with UNIT and UNCERTAINTY') );
#2350 = ( LENGTH_UNIT() NAMED_UNIT(*) SI_UNIT(.MILLI.,.METRE.) );
#2351 = ( NAMED_UNIT(*) PLANE_ANGLE_UNIT() SI_UNIT($,.RADIAN.) );
#2352 = ( NAMED_UNIT(*) SI_UNIT($,.STERADIAN.) SOLID_ANGLE_UNIT() );
#2353 = UNCERTAINTY_MEASURE_WITH_UNIT(LENGTH_MEASURE(5.E-05),#2350,
  'distance_accuracy_value','confusion accuracy');
#2354 = PRODUCT_RELATED_PRODUCT_CATEGORY('part',$,(#7));
ENDSEC;
END-ISO-10303-21;
