ISO-10303-21;
HEADER;
FILE_DESCRIPTION(('FreeCAD Model'),'2;1');
FILE_NAME('Open CASCADE Shape Model','2026-09-08T16:07:17',('FreeCAD'),(
    'FreeCAD'),'Open CASCADE STEP processor 7.8','FreeCAD','Unknown');
FILE_SCHEMA(('AUTOMOTIVE_DESIGN { 1 0 10303 214 1 1 1 1 }'));
ENDSEC;
DATA;
#1 = APPLICATION_PROTOCOL_DEFINITION('international standard',
  'automotive_design',2000,#2);
#2 = APPLICATION_CONTEXT(
  'core data for automotive mechanical design processes');
#3 = SHAPE_DEFINITION_REPRESENTATION(#4,#10);
#4 = PRODUCT_DEFINITION_SHAPE('','',#5);
#5 = PRODUCT_DEFINITION('design','',#6,#9);
#6 = PRODUCT_DEFINITION_FORMATION('','',#7);
#7 = PRODUCT('Open CASCADE STEP translator 7.8 3',
  'Open CASCADE STEP translator 7.8 3','',(#8));
#8 = PRODUCT_CONTEXT('',#2,'mechanical');
#9 = PRODUCT_DEFINITION_CONTEXT('part definition',#2,'design');
#10 = ADVANCED_BREP_SHAPE_REPRESENTATION('',(#11,#15),#9103);
#11 = AXIS2_PLACEMENT_3D('',#12,#13,#14);
#12 = CARTESIAN_POINT('',(0.,0.,0.));
#13 = DIRECTION('',(0.,0.,1.));
#14 = DIRECTION('',(1.,0.,-0.));
#15 = MANIFOLD_SOLID_BREP('',#16);
#16 = CLOSED_SHELL('',(#17,#57,#88,#212,#236,#253,#265,#458,#796,#982,
    #1030,#1412,#1702,#2026,#2067,#2098,#2122,#2146,#2163,#2194,#2225,
    #2242,#2283,#2307,#2450,#2474,#2505,#2522,#2539,#2556,#2589,#2613,
    #2671,#2693,#2710,#2727,#2744,#2761,#2773,#3512,#3598,#3622,#3687,
    #4408,#4425,#4477,#4499,#4516,#4533,#4550,#4567,#4579,#4601,#4618,
    #4635,#4652,#4669,#4681,#4703,#4720,#4737,#4754,#4771,#4783,#4805,
    #4822,#4839,#4856,#4873,#4885,#4907,#4924,#4941,#4958,#4975,#4987,
    #5011,#5042,#5059,#5076,#5093,#5126,#5150,#5302,#5326,#5356,#5373,
    #5406,#5423,#5461,#5478,#5509,#5526,#5543,#5555,#5607,#5665,#5722,
    #5823,#5864,#5928,#5968,#5992,#6015,#6032,#6057,#6088,#6205,#6245,
    #6268,#6285,#6310,#6334,#6365,#6413,#6430,#6454,#6472,#6503,#6526,
    #6550,#6567,#6591,#6609,#6626,#6638,#6662,#6685,#6697,#6728,#6751,
    #6775,#6792,#6816,#6834,#6865,#6888,#6912,#6929,#6953,#6971,#7002,
    #7025,#7049,#7066,#7090,#7108,#7125,#7177,#7189,#7226,#7237,#7254,
    #7271,#7283,#7300,#7317,#7334,#7351,#7363,#7375,#7392,#7409,#7421,
    #7438,#7455,#7467,#7489,#7506,#7523,#7535,#7557,#7574,#7591,#7603,
    #7615,#7632,#7649,#7661,#7678,#7695,#7707,#7729,#7746,#7763,#7775,
    #7797,#7814,#7831,#7843,#7865,#7882,#7899,#7911,#7933,#7950,#7967,
    #7979,#8001,#8018,#8035,#8047,#8064,#8081,#8093,#8110,#8127,#8139,
    #8161,#8178,#8195,#8207,#8229,#8246,#8263,#8275,#8297,#8314,#8331,
    #8343,#8360,#8377,#8389,#8406,#8423,#8435,#8452,#8489,#8506,#8518,
    #8529,#8541,#8558,#8575,#8592,#8679,#8691,#8713,#8730,#8747,#8764,
    #8781,#8798,#8815,#8827,#8844,#8931,#8943,#8955,#8967,#8989,#9006,
    #9023,#9040,#9057,#9074,#9091));
#17 = ADVANCED_FACE('',(#18),#52,.F.);
#18 = FACE_BOUND('',#19,.T.);
#19 = EDGE_LOOP('',(#20,#30,#38,#46));
#20 = ORIENTED_EDGE('',*,*,#21,.F.);
#21 = EDGE_CURVE('',#22,#24,#26,.T.);
#22 = VERTEX_POINT('',#23);
#23 = CARTESIAN_POINT('',(70.5,193.65,38.));
#24 = VERTEX_POINT('',#25);
#25 = CARTESIAN_POINT('',(69.071428571429,193.65,36.));
#26 = LINE('',#27,#28);
#27 = CARTESIAN_POINT('',(70.5,193.65,38.));
#28 = VECTOR('',#29,1.);
#29 = DIRECTION('',(-0.581238193719,1.665334536938E-16,-0.813733471207)
  );
#30 = ORIENTED_EDGE('',*,*,#31,.T.);
#31 = EDGE_CURVE('',#22,#32,#34,.T.);
#32 = VERTEX_POINT('',#33);
#33 = CARTESIAN_POINT('',(70.5,67.15,38.));
#34 = LINE('',#35,#36);
#35 = CARTESIAN_POINT('',(70.5,193.65,38.));
#36 = VECTOR('',#37,1.);
#37 = DIRECTION('',(-0.,-1.,1.110223024625E-16));
#38 = ORIENTED_EDGE('',*,*,#39,.T.);
#39 = EDGE_CURVE('',#32,#40,#42,.T.);
#40 = VERTEX_POINT('',#41);
#41 = CARTESIAN_POINT('',(69.071428571429,67.15,36.));
#42 = LINE('',#43,#44);
#43 = CARTESIAN_POINT('',(70.5,67.15,38.));
#44 = VECTOR('',#45,1.);
#45 = DIRECTION('',(-0.581238193719,1.665334536938E-16,-0.813733471207)
  );
#46 = ORIENTED_EDGE('',*,*,#47,.T.);
#47 = EDGE_CURVE('',#40,#24,#48,.T.);
#48 = LINE('',#49,#50);
#49 = CARTESIAN_POINT('',(69.071428571429,151.56645728643,36.));
#50 = VECTOR('',#51,1.);
#51 = DIRECTION('',(1.586032892322E-16,1.,1.110223024625E-16));
#52 = PLANE('',#53);
#53 = AXIS2_PLACEMENT_3D('',#54,#55,#56);
#54 = CARTESIAN_POINT('',(70.5,193.65,38.));
#55 = DIRECTION('',(-0.813733471207,1.665334536938E-16,0.581238193719));
#56 = DIRECTION('',(0.581238193719,-1.665334536938E-16,0.813733471207));
#57 = ADVANCED_FACE('',(#58),#83,.T.);
#58 = FACE_BOUND('',#59,.F.);
#59 = EDGE_LOOP('',(#60,#68,#69,#77));
#60 = ORIENTED_EDGE('',*,*,#61,.T.);
#61 = EDGE_CURVE('',#62,#24,#64,.T.);
#62 = VERTEX_POINT('',#63);
#63 = CARTESIAN_POINT('',(65.928571428571,193.65,36.));
#64 = LINE('',#65,#66);
#65 = CARTESIAN_POINT('',(99.829773869347,193.65,36.));
#66 = VECTOR('',#67,1.);
#67 = DIRECTION('',(1.,0.,0.));
#68 = ORIENTED_EDGE('',*,*,#21,.F.);
#69 = ORIENTED_EDGE('',*,*,#70,.F.);
#70 = EDGE_CURVE('',#71,#22,#73,.T.);
#71 = VERTEX_POINT('',#72);
#72 = CARTESIAN_POINT('',(64.5,193.65,38.));
#73 = LINE('',#74,#75);
#74 = CARTESIAN_POINT('',(64.5,193.65,38.));
#75 = VECTOR('',#76,1.);
#76 = DIRECTION('',(1.,0.,0.));
#77 = ORIENTED_EDGE('',*,*,#78,.F.);
#78 = EDGE_CURVE('',#62,#71,#79,.T.);
#79 = LINE('',#80,#81);
#80 = CARTESIAN_POINT('',(66.,193.65,35.9));
#81 = VECTOR('',#82,1.);
#82 = DIRECTION('',(-0.581238193719,-1.665334536938E-16,0.813733471207)
  );
#83 = PLANE('',#84);
#84 = AXIS2_PLACEMENT_3D('',#85,#86,#87);
#85 = CARTESIAN_POINT('',(67.5,193.65,37.172435710914));
#86 = DIRECTION('',(0.,1.,1.110223024625E-16));
#87 = DIRECTION('',(0.,1.110223024625E-16,-1.));
#88 = ADVANCED_FACE('',(#89,#155,#189),#207,.T.);
#89 = FACE_BOUND('',#90,.F.);
#90 = EDGE_LOOP('',(#91,#101,#109,#117,#125,#133,#141,#149));
#91 = ORIENTED_EDGE('',*,*,#92,.F.);
#92 = EDGE_CURVE('',#93,#95,#97,.T.);
#93 = VERTEX_POINT('',#94);
#94 = CARTESIAN_POINT('',(193.5,193.85,36.));
#95 = VERTEX_POINT('',#96);
#96 = CARTESIAN_POINT('',(193.5,67.15,36.));
#97 = LINE('',#98,#99);
#98 = CARTESIAN_POINT('',(193.5,194.15,36.));
#99 = VECTOR('',#100,1.);
#100 = DIRECTION('',(-0.,-1.,1.110223024625E-16));
#101 = ORIENTED_EDGE('',*,*,#102,.T.);
#102 = EDGE_CURVE('',#93,#103,#105,.T.);
#103 = VERTEX_POINT('',#104);
#104 = CARTESIAN_POINT('',(201.5,193.85,36.));
#105 = LINE('',#106,#107);
#106 = CARTESIAN_POINT('',(132.07977386934,193.85,36.));
#107 = VECTOR('',#108,1.);
#108 = DIRECTION('',(1.,0.,0.));
#109 = ORIENTED_EDGE('',*,*,#110,.T.);
#110 = EDGE_CURVE('',#103,#111,#113,.T.);
#111 = VERTEX_POINT('',#112);
#112 = CARTESIAN_POINT('',(201.5,62.15,36.));
#113 = LINE('',#114,#115);
#114 = CARTESIAN_POINT('',(201.5,194.15,36.));
#115 = VECTOR('',#116,1.);
#116 = DIRECTION('',(-0.,-1.,-1.110223024625E-16));
#117 = ORIENTED_EDGE('',*,*,#118,.T.);
#118 = EDGE_CURVE('',#111,#119,#121,.T.);
#119 = VERTEX_POINT('',#120);
#120 = CARTESIAN_POINT('',(62.5,62.15,36.));
#121 = LINE('',#122,#123);
#122 = CARTESIAN_POINT('',(67.5,62.15,36.));
#123 = VECTOR('',#124,1.);
#124 = DIRECTION('',(-1.,-0.,0.));
#125 = ORIENTED_EDGE('',*,*,#126,.T.);
#126 = EDGE_CURVE('',#119,#127,#129,.T.);
#127 = VERTEX_POINT('',#128);
#128 = CARTESIAN_POINT('',(62.5,193.85,36.));
#129 = LINE('',#130,#131);
#130 = CARTESIAN_POINT('',(62.5,62.15,36.));
#131 = VECTOR('',#132,1.);
#132 = DIRECTION('',(0.,1.,1.110223024625E-16));
#133 = ORIENTED_EDGE('',*,*,#134,.T.);
#134 = EDGE_CURVE('',#127,#135,#137,.T.);
#135 = VERTEX_POINT('',#136);
#136 = CARTESIAN_POINT('',(71.5,193.85,36.));
#137 = LINE('',#138,#139);
#138 = CARTESIAN_POINT('',(132.07977386934,193.85,36.));
#139 = VECTOR('',#140,1.);
#140 = DIRECTION('',(1.,0.,0.));
#141 = ORIENTED_EDGE('',*,*,#142,.T.);
#142 = EDGE_CURVE('',#135,#143,#145,.T.);
#143 = VERTEX_POINT('',#144);
#144 = CARTESIAN_POINT('',(71.5,67.15,36.));
#145 = LINE('',#146,#147);
#146 = CARTESIAN_POINT('',(71.5,194.15,36.));
#147 = VECTOR('',#148,1.);
#148 = DIRECTION('',(-0.,-1.,1.110223024625E-16));
#149 = ORIENTED_EDGE('',*,*,#150,.T.);
#150 = EDGE_CURVE('',#143,#95,#151,.T.);
#151 = LINE('',#152,#153);
#152 = CARTESIAN_POINT('',(62.5,67.15,36.));
#153 = VECTOR('',#154,1.);
#154 = DIRECTION('',(1.,0.,0.));
#155 = FACE_BOUND('',#156,.F.);
#156 = EDGE_LOOP('',(#157,#167,#175,#183));
#157 = ORIENTED_EDGE('',*,*,#158,.F.);
#158 = EDGE_CURVE('',#159,#161,#163,.T.);
#159 = VERTEX_POINT('',#160);
#160 = CARTESIAN_POINT('',(195.92857142857,193.65,36.));
#161 = VERTEX_POINT('',#162);
#162 = CARTESIAN_POINT('',(199.07142857142,193.65,36.));
#163 = LINE('',#164,#165);
#164 = CARTESIAN_POINT('',(164.82977386934,193.65,36.));
#165 = VECTOR('',#166,1.);
#166 = DIRECTION('',(1.,0.,0.));
#167 = ORIENTED_EDGE('',*,*,#168,.T.);
#168 = EDGE_CURVE('',#159,#169,#171,.T.);
#169 = VERTEX_POINT('',#170);
#170 = CARTESIAN_POINT('',(195.92857142857,67.15,36.));
#171 = LINE('',#172,#173);
#172 = CARTESIAN_POINT('',(195.92857142857,151.56645728643,36.));
#173 = VECTOR('',#174,1.);
#174 = DIRECTION('',(1.586032892322E-16,-1.,-1.110223024625E-16));
#175 = ORIENTED_EDGE('',*,*,#176,.T.);
#176 = EDGE_CURVE('',#169,#177,#179,.T.);
#177 = VERTEX_POINT('',#178);
#178 = CARTESIAN_POINT('',(199.07142857142,67.15,36.));
#179 = LINE('',#180,#181);
#180 = CARTESIAN_POINT('',(164.82977386934,67.15,36.));
#181 = VECTOR('',#182,1.);
#182 = DIRECTION('',(1.,0.,0.));
#183 = ORIENTED_EDGE('',*,*,#184,.T.);
#184 = EDGE_CURVE('',#177,#161,#185,.T.);
#185 = LINE('',#186,#187);
#186 = CARTESIAN_POINT('',(199.07142857142,151.56645728643,36.));
#187 = VECTOR('',#188,1.);
#188 = DIRECTION('',(1.586032892322E-16,1.,1.110223024625E-16));
#189 = FACE_BOUND('',#190,.F.);
#190 = EDGE_LOOP('',(#191,#192,#200,#206));
#191 = ORIENTED_EDGE('',*,*,#61,.F.);
#192 = ORIENTED_EDGE('',*,*,#193,.T.);
#193 = EDGE_CURVE('',#62,#194,#196,.T.);
#194 = VERTEX_POINT('',#195);
#195 = CARTESIAN_POINT('',(65.928571428571,67.15,36.));
#196 = LINE('',#197,#198);
#197 = CARTESIAN_POINT('',(65.928571428571,151.56645728643,36.));
#198 = VECTOR('',#199,1.);
#199 = DIRECTION('',(1.586032892322E-16,-1.,-1.110223024625E-16));
#200 = ORIENTED_EDGE('',*,*,#201,.T.);
#201 = EDGE_CURVE('',#194,#40,#202,.T.);
#202 = LINE('',#203,#204);
#203 = CARTESIAN_POINT('',(99.829773869347,67.15,36.));
#204 = VECTOR('',#205,1.);
#205 = DIRECTION('',(1.,0.,0.));
#206 = ORIENTED_EDGE('',*,*,#47,.T.);
#207 = PLANE('',#208);
#208 = AXIS2_PLACEMENT_3D('',#209,#210,#211);
#209 = CARTESIAN_POINT('',(132.15954773869,109.48291457286,36.));
#210 = DIRECTION('',(0.,-1.110223024625E-16,1.));
#211 = DIRECTION('',(1.,0.,0.));
#212 = ADVANCED_FACE('',(#213),#231,.F.);
#213 = FACE_BOUND('',#214,.T.);
#214 = EDGE_LOOP('',(#215,#216,#217,#225));
#215 = ORIENTED_EDGE('',*,*,#201,.T.);
#216 = ORIENTED_EDGE('',*,*,#39,.F.);
#217 = ORIENTED_EDGE('',*,*,#218,.F.);
#218 = EDGE_CURVE('',#219,#32,#221,.T.);
#219 = VERTEX_POINT('',#220);
#220 = CARTESIAN_POINT('',(64.5,67.15,38.));
#221 = LINE('',#222,#223);
#222 = CARTESIAN_POINT('',(64.5,67.15,38.));
#223 = VECTOR('',#224,1.);
#224 = DIRECTION('',(1.,0.,0.));
#225 = ORIENTED_EDGE('',*,*,#226,.F.);
#226 = EDGE_CURVE('',#194,#219,#227,.T.);
#227 = LINE('',#228,#229);
#228 = CARTESIAN_POINT('',(66.,67.15,35.9));
#229 = VECTOR('',#230,1.);
#230 = DIRECTION('',(-0.581238193719,-1.665334536938E-16,0.813733471207)
  );
#231 = PLANE('',#232);
#232 = AXIS2_PLACEMENT_3D('',#233,#234,#235);
#233 = CARTESIAN_POINT('',(67.5,67.15,37.172435710914));
#234 = DIRECTION('',(0.,1.,1.110223024625E-16));
#235 = DIRECTION('',(0.,1.110223024625E-16,-1.));
#236 = ADVANCED_FACE('',(#237),#248,.F.);
#237 = FACE_BOUND('',#238,.T.);
#238 = EDGE_LOOP('',(#239,#245,#246,#247));
#239 = ORIENTED_EDGE('',*,*,#240,.T.);
#240 = EDGE_CURVE('',#71,#219,#241,.T.);
#241 = LINE('',#242,#243);
#242 = CARTESIAN_POINT('',(64.5,193.65,38.));
#243 = VECTOR('',#244,1.);
#244 = DIRECTION('',(-0.,-1.,1.110223024625E-16));
#245 = ORIENTED_EDGE('',*,*,#218,.T.);
#246 = ORIENTED_EDGE('',*,*,#31,.F.);
#247 = ORIENTED_EDGE('',*,*,#70,.F.);
#248 = PLANE('',#249);
#249 = AXIS2_PLACEMENT_3D('',#250,#251,#252);
#250 = CARTESIAN_POINT('',(64.5,193.65,38.));
#251 = DIRECTION('',(0.,-1.110223024625E-16,-1.));
#252 = DIRECTION('',(-1.,0.,-0.));
#253 = ADVANCED_FACE('',(#254),#260,.F.);
#254 = FACE_BOUND('',#255,.T.);
#255 = EDGE_LOOP('',(#256,#257,#258,#259));
#256 = ORIENTED_EDGE('',*,*,#78,.F.);
#257 = ORIENTED_EDGE('',*,*,#193,.T.);
#258 = ORIENTED_EDGE('',*,*,#226,.T.);
#259 = ORIENTED_EDGE('',*,*,#240,.F.);
#260 = PLANE('',#261);
#261 = AXIS2_PLACEMENT_3D('',#262,#263,#264);
#262 = CARTESIAN_POINT('',(66.,193.65,35.9));
#263 = DIRECTION('',(0.813733471207,1.665334536938E-16,0.581238193719));
#264 = DIRECTION('',(0.581238193719,1.665334536938E-16,-0.813733471207)
  );
#265 = ADVANCED_FACE('',(#266,#403),#453,.T.);
#266 = FACE_BOUND('',#267,.F.);
#267 = EDGE_LOOP('',(#268,#278,#286,#292,#293,#301,#309,#317,#325,#333,
    #341,#349,#357,#365,#373,#381,#389,#397));
#268 = ORIENTED_EDGE('',*,*,#269,.F.);
#269 = EDGE_CURVE('',#270,#272,#274,.T.);
#270 = VERTEX_POINT('',#271);
#271 = CARTESIAN_POINT('',(193.5,168.15,7.));
#272 = VERTEX_POINT('',#273);
#273 = CARTESIAN_POINT('',(193.5,168.15,10.));
#274 = LINE('',#275,#276);
#275 = CARTESIAN_POINT('',(193.5,168.15,7.));
#276 = VECTOR('',#277,1.);
#277 = DIRECTION('',(0.,-1.110223024625E-16,1.));
#278 = ORIENTED_EDGE('',*,*,#279,.T.);
#279 = EDGE_CURVE('',#270,#280,#282,.T.);
#280 = VERTEX_POINT('',#281);
#281 = CARTESIAN_POINT('',(193.5,193.85,7.));
#282 = LINE('',#283,#284);
#283 = CARTESIAN_POINT('',(193.5,168.15,7.));
#284 = VECTOR('',#285,1.);
#285 = DIRECTION('',(0.,1.,1.110223024625E-16));
#286 = ORIENTED_EDGE('',*,*,#287,.T.);
#287 = EDGE_CURVE('',#280,#93,#288,.T.);
#288 = LINE('',#289,#290);
#289 = CARTESIAN_POINT('',(193.5,193.85,26.25));
#290 = VECTOR('',#291,1.);
#291 = DIRECTION('',(-0.,2.22044604925E-16,1.));
#292 = ORIENTED_EDGE('',*,*,#92,.T.);
#293 = ORIENTED_EDGE('',*,*,#294,.F.);
#294 = EDGE_CURVE('',#295,#95,#297,.T.);
#295 = VERTEX_POINT('',#296);
#296 = CARTESIAN_POINT('',(193.5,67.15,7.));
#297 = LINE('',#298,#299);
#298 = CARTESIAN_POINT('',(193.5,67.15,7.));
#299 = VECTOR('',#300,1.);
#300 = DIRECTION('',(0.,-1.110223024625E-16,1.));
#301 = ORIENTED_EDGE('',*,*,#302,.T.);
#302 = EDGE_CURVE('',#295,#303,#305,.T.);
#303 = VERTEX_POINT('',#304);
#304 = CARTESIAN_POINT('',(193.5,88.15,7.));
#305 = LINE('',#306,#307);
#306 = CARTESIAN_POINT('',(193.5,67.15,7.));
#307 = VECTOR('',#308,1.);
#308 = DIRECTION('',(0.,1.,1.110223024625E-16));
#309 = ORIENTED_EDGE('',*,*,#310,.T.);
#310 = EDGE_CURVE('',#303,#311,#313,.T.);
#311 = VERTEX_POINT('',#312);
#312 = CARTESIAN_POINT('',(193.5,88.15,10.));
#313 = LINE('',#314,#315);
#314 = CARTESIAN_POINT('',(193.5,88.15,7.));
#315 = VECTOR('',#316,1.);
#316 = DIRECTION('',(0.,-1.110223024625E-16,1.));
#317 = ORIENTED_EDGE('',*,*,#318,.T.);
#318 = EDGE_CURVE('',#311,#319,#321,.T.);
#319 = VERTEX_POINT('',#320);
#320 = CARTESIAN_POINT('',(193.5,74.15,10.));
#321 = LINE('',#322,#323);
#322 = CARTESIAN_POINT('',(193.5,102.23333333333,10.));
#323 = VECTOR('',#324,1.);
#324 = DIRECTION('',(-0.,-1.,-2.22044604925E-16));
#325 = ORIENTED_EDGE('',*,*,#326,.T.);
#326 = EDGE_CURVE('',#319,#327,#329,.T.);
#327 = VERTEX_POINT('',#328);
#328 = CARTESIAN_POINT('',(193.5,74.15,22.));
#329 = LINE('',#330,#331);
#330 = CARTESIAN_POINT('',(193.5,74.15,24.25));
#331 = VECTOR('',#332,1.);
#332 = DIRECTION('',(0.,-2.22044604925E-16,1.));
#333 = ORIENTED_EDGE('',*,*,#334,.T.);
#334 = EDGE_CURVE('',#327,#335,#337,.T.);
#335 = VERTEX_POINT('',#336);
#336 = CARTESIAN_POINT('',(193.5,80.15,28.));
#337 = LINE('',#338,#339);
#338 = CARTESIAN_POINT('',(193.5,92.316666666667,40.166666666667));
#339 = VECTOR('',#340,1.);
#340 = DIRECTION('',(0.,0.707106781187,0.707106781187));
#341 = ORIENTED_EDGE('',*,*,#342,.T.);
#342 = EDGE_CURVE('',#335,#343,#345,.T.);
#343 = VERTEX_POINT('',#344);
#344 = CARTESIAN_POINT('',(193.5,84.15,28.));
#345 = LINE('',#346,#347);
#346 = CARTESIAN_POINT('',(193.5,107.23333333333,28.));
#347 = VECTOR('',#348,1.);
#348 = DIRECTION('',(0.,1.,2.22044604925E-16));
#349 = ORIENTED_EDGE('',*,*,#350,.T.);
#350 = EDGE_CURVE('',#343,#351,#353,.T.);
#351 = VERTEX_POINT('',#352);
#352 = CARTESIAN_POINT('',(193.5,88.15,24.));
#353 = LINE('',#354,#355);
#354 = CARTESIAN_POINT('',(193.5,99.066666666667,13.083333333333));
#355 = VECTOR('',#356,1.);
#356 = DIRECTION('',(0.,0.707106781187,-0.707106781187));
#357 = ORIENTED_EDGE('',*,*,#358,.T.);
#358 = EDGE_CURVE('',#351,#359,#361,.T.);
#359 = VERTEX_POINT('',#360);
#360 = CARTESIAN_POINT('',(193.5,88.15,31.));
#361 = LINE('',#362,#363);
#362 = CARTESIAN_POINT('',(193.5,88.15,7.));
#363 = VECTOR('',#364,1.);
#364 = DIRECTION('',(0.,-1.110223024625E-16,1.));
#365 = ORIENTED_EDGE('',*,*,#366,.F.);
#366 = EDGE_CURVE('',#367,#359,#369,.T.);
#367 = VERTEX_POINT('',#368);
#368 = CARTESIAN_POINT('',(193.5,168.15,31.));
#369 = LINE('',#370,#371);
#370 = CARTESIAN_POINT('',(193.5,194.15,31.));
#371 = VECTOR('',#372,1.);
#372 = DIRECTION('',(-0.,-1.,1.110223024625E-16));
#373 = ORIENTED_EDGE('',*,*,#374,.F.);
#374 = EDGE_CURVE('',#375,#367,#377,.T.);
#375 = VERTEX_POINT('',#376);
#376 = CARTESIAN_POINT('',(193.5,168.15,24.));
#377 = LINE('',#378,#379);
#378 = CARTESIAN_POINT('',(193.5,168.15,7.));
#379 = VECTOR('',#380,1.);
#380 = DIRECTION('',(0.,-1.110223024625E-16,1.));
#381 = ORIENTED_EDGE('',*,*,#382,.T.);
#382 = EDGE_CURVE('',#375,#383,#385,.T.);
#383 = VERTEX_POINT('',#384);
#384 = CARTESIAN_POINT('',(193.5,170.15,22.));
#385 = LINE('',#386,#387);
#386 = CARTESIAN_POINT('',(193.5,159.06666666666,33.083333333333));
#387 = VECTOR('',#388,1.);
#388 = DIRECTION('',(0.,0.707106781187,-0.707106781187));
#389 = ORIENTED_EDGE('',*,*,#390,.T.);
#390 = EDGE_CURVE('',#383,#391,#393,.T.);
#391 = VERTEX_POINT('',#392);
#392 = CARTESIAN_POINT('',(193.5,170.15,10.));
#393 = LINE('',#394,#395);
#394 = CARTESIAN_POINT('',(193.5,170.15,18.25));
#395 = VECTOR('',#396,1.);
#396 = DIRECTION('',(0.,2.22044604925E-16,-1.));
#397 = ORIENTED_EDGE('',*,*,#398,.T.);
#398 = EDGE_CURVE('',#391,#272,#399,.T.);
#399 = LINE('',#400,#401);
#400 = CARTESIAN_POINT('',(193.5,142.23333333333,10.));
#401 = VECTOR('',#402,1.);
#402 = DIRECTION('',(-0.,-1.,-2.22044604925E-16));
#403 = FACE_BOUND('',#404,.F.);
#404 = EDGE_LOOP('',(#405,#415,#423,#431,#439,#447));
#405 = ORIENTED_EDGE('',*,*,#406,.T.);
#406 = EDGE_CURVE('',#407,#409,#411,.T.);
#407 = VERTEX_POINT('',#408);
#408 = CARTESIAN_POINT('',(193.5,190.15,22.));
#409 = VERTEX_POINT('',#410);
#410 = CARTESIAN_POINT('',(193.5,190.15,10.));
#411 = LINE('',#412,#413);
#412 = CARTESIAN_POINT('',(193.5,190.15,18.25));
#413 = VECTOR('',#414,1.);
#414 = DIRECTION('',(0.,2.22044604925E-16,-1.));
#415 = ORIENTED_EDGE('',*,*,#416,.T.);
#416 = EDGE_CURVE('',#409,#417,#419,.T.);
#417 = VERTEX_POINT('',#418);
#418 = CARTESIAN_POINT('',(193.5,174.15,10.));
#419 = LINE('',#420,#421);
#420 = CARTESIAN_POINT('',(193.5,152.23333333333,10.));
#421 = VECTOR('',#422,1.);
#422 = DIRECTION('',(-0.,-1.,-2.22044604925E-16));
#423 = ORIENTED_EDGE('',*,*,#424,.T.);
#424 = EDGE_CURVE('',#417,#425,#427,.T.);
#425 = VERTEX_POINT('',#426);
#426 = CARTESIAN_POINT('',(193.5,174.15,22.));
#427 = LINE('',#428,#429);
#428 = CARTESIAN_POINT('',(193.5,174.15,24.25));
#429 = VECTOR('',#430,1.);
#430 = DIRECTION('',(0.,-2.22044604925E-16,1.));
#431 = ORIENTED_EDGE('',*,*,#432,.T.);
#432 = EDGE_CURVE('',#425,#433,#435,.T.);
#433 = VERTEX_POINT('',#434);
#434 = CARTESIAN_POINT('',(193.5,180.15,28.));
#435 = LINE('',#436,#437);
#436 = CARTESIAN_POINT('',(193.5,167.31666666666,15.166666666667));
#437 = VECTOR('',#438,1.);
#438 = DIRECTION('',(0.,0.707106781187,0.707106781187));
#439 = ORIENTED_EDGE('',*,*,#440,.T.);
#440 = EDGE_CURVE('',#433,#441,#443,.T.);
#441 = VERTEX_POINT('',#442);
#442 = CARTESIAN_POINT('',(193.5,184.15,28.));
#443 = LINE('',#444,#445);
#444 = CARTESIAN_POINT('',(193.5,157.23333333333,28.));
#445 = VECTOR('',#446,1.);
#446 = DIRECTION('',(0.,1.,2.22044604925E-16));
#447 = ORIENTED_EDGE('',*,*,#448,.T.);
#448 = EDGE_CURVE('',#441,#407,#449,.T.);
#449 = LINE('',#450,#451);
#450 = CARTESIAN_POINT('',(193.5,174.06666666666,38.083333333333));
#451 = VECTOR('',#452,1.);
#452 = DIRECTION('',(0.,0.707106781187,-0.707106781187));
#453 = PLANE('',#454);
#454 = AXIS2_PLACEMENT_3D('',#455,#456,#457);
#455 = CARTESIAN_POINT('',(193.5,130.31666666666,26.5));
#456 = DIRECTION('',(-1.,-0.,0.));
#457 = DIRECTION('',(0.,1.110223024625E-16,-1.));
#458 = ADVANCED_FACE('',(#459,#541,#591,#641,#691,#741),#791,.F.);
#459 = FACE_BOUND('',#460,.T.);
#460 = EDGE_LOOP('',(#461,#471,#479,#487,#493,#494,#495,#503,#511,#519,
    #527,#535));
#461 = ORIENTED_EDGE('',*,*,#462,.F.);
#462 = EDGE_CURVE('',#463,#465,#467,.T.);
#463 = VERTEX_POINT('',#464);
#464 = CARTESIAN_POINT('',(81.5,67.15,5.684341886081E-14));
#465 = VERTEX_POINT('',#466);
#466 = CARTESIAN_POINT('',(131.1,67.15,5.684341886081E-14));
#467 = LINE('',#468,#469);
#468 = CARTESIAN_POINT('',(62.5,67.15,5.684341886081E-14));
#469 = VECTOR('',#470,1.);
#470 = DIRECTION('',(1.,0.,0.));
#471 = ORIENTED_EDGE('',*,*,#472,.T.);
#472 = EDGE_CURVE('',#463,#473,#475,.T.);
#473 = VERTEX_POINT('',#474);
#474 = CARTESIAN_POINT('',(81.5,67.15,7.));
#475 = LINE('',#476,#477);
#476 = CARTESIAN_POINT('',(81.5,67.15,5.684341886081E-14));
#477 = VECTOR('',#478,1.);
#478 = DIRECTION('',(0.,-1.110223024625E-16,1.));
#479 = ORIENTED_EDGE('',*,*,#480,.F.);
#480 = EDGE_CURVE('',#481,#473,#483,.T.);
#481 = VERTEX_POINT('',#482);
#482 = CARTESIAN_POINT('',(71.5,67.15,7.));
#483 = LINE('',#484,#485);
#484 = CARTESIAN_POINT('',(67.25,67.15,7.));
#485 = VECTOR('',#486,1.);
#486 = DIRECTION('',(1.,0.,0.));
#487 = ORIENTED_EDGE('',*,*,#488,.F.);
#488 = EDGE_CURVE('',#143,#481,#489,.T.);
#489 = LINE('',#490,#491);
#490 = CARTESIAN_POINT('',(71.5,67.15,15.5));
#491 = VECTOR('',#492,1.);
#492 = DIRECTION('',(0.,1.110223024625E-16,-1.));
#493 = ORIENTED_EDGE('',*,*,#150,.T.);
#494 = ORIENTED_EDGE('',*,*,#294,.F.);
#495 = ORIENTED_EDGE('',*,*,#496,.F.);
#496 = EDGE_CURVE('',#497,#295,#499,.T.);
#497 = VERTEX_POINT('',#498);
#498 = CARTESIAN_POINT('',(183.5,67.15,7.));
#499 = LINE('',#500,#501);
#500 = CARTESIAN_POINT('',(127.5,67.15,7.));
#501 = VECTOR('',#502,1.);
#502 = DIRECTION('',(1.,0.,0.));
#503 = ORIENTED_EDGE('',*,*,#504,.T.);
#504 = EDGE_CURVE('',#497,#505,#507,.T.);
#505 = VERTEX_POINT('',#506);
#506 = CARTESIAN_POINT('',(183.5,67.15,5.684341886081E-14));
#507 = LINE('',#508,#509);
#508 = CARTESIAN_POINT('',(183.5,67.15,5.684341886081E-14));
#509 = VECTOR('',#510,1.);
#510 = DIRECTION('',(0.,1.110223024625E-16,-1.));
#511 = ORIENTED_EDGE('',*,*,#512,.F.);
#512 = EDGE_CURVE('',#513,#505,#515,.T.);
#513 = VERTEX_POINT('',#514);
#514 = CARTESIAN_POINT('',(133.5,67.15,5.684341886081E-14));
#515 = LINE('',#516,#517);
#516 = CARTESIAN_POINT('',(62.5,67.15,5.684341886081E-14));
#517 = VECTOR('',#518,1.);
#518 = DIRECTION('',(1.,0.,0.));
#519 = ORIENTED_EDGE('',*,*,#520,.T.);
#520 = EDGE_CURVE('',#513,#521,#523,.T.);
#521 = VERTEX_POINT('',#522);
#522 = CARTESIAN_POINT('',(133.5,67.15,3.));
#523 = LINE('',#524,#525);
#524 = CARTESIAN_POINT('',(133.5,67.15,5.684341886081E-14));
#525 = VECTOR('',#526,1.);
#526 = DIRECTION('',(0.,-1.110223024625E-16,1.));
#527 = ORIENTED_EDGE('',*,*,#528,.F.);
#528 = EDGE_CURVE('',#529,#521,#531,.T.);
#529 = VERTEX_POINT('',#530);
#530 = CARTESIAN_POINT('',(131.1,67.15,3.));
#531 = LINE('',#532,#533);
#532 = CARTESIAN_POINT('',(97.4,67.15,3.));
#533 = VECTOR('',#534,1.);
#534 = DIRECTION('',(1.,0.,0.));
#535 = ORIENTED_EDGE('',*,*,#536,.T.);
#536 = EDGE_CURVE('',#529,#465,#537,.T.);
#537 = LINE('',#538,#539);
#538 = CARTESIAN_POINT('',(131.1,67.15,5.684341886081E-14));
#539 = VECTOR('',#540,1.);
#540 = DIRECTION('',(0.,1.110223024625E-16,-1.));
#541 = FACE_BOUND('',#542,.T.);
#542 = EDGE_LOOP('',(#543,#553,#561,#569,#577,#585));
#543 = ORIENTED_EDGE('',*,*,#544,.T.);
#544 = EDGE_CURVE('',#545,#547,#549,.T.);
#545 = VERTEX_POINT('',#546);
#546 = CARTESIAN_POINT('',(76.5,67.15,22.));
#547 = VERTEX_POINT('',#548);
#548 = CARTESIAN_POINT('',(76.5,67.15,10.));
#549 = LINE('',#550,#551);
#550 = CARTESIAN_POINT('',(76.5,67.15,5.));
#551 = VECTOR('',#552,1.);
#552 = DIRECTION('',(0.,1.110223024625E-16,-1.));
#553 = ORIENTED_EDGE('',*,*,#554,.T.);
#554 = EDGE_CURVE('',#547,#555,#557,.T.);
#555 = VERTEX_POINT('',#556);
#556 = CARTESIAN_POINT('',(92.5,67.15,10.));
#557 = LINE('',#558,#559);
#558 = CARTESIAN_POINT('',(77.5,67.15,10.));
#559 = VECTOR('',#560,1.);
#560 = DIRECTION('',(1.,0.,0.));
#561 = ORIENTED_EDGE('',*,*,#562,.T.);
#562 = EDGE_CURVE('',#555,#563,#565,.T.);
#563 = VERTEX_POINT('',#564);
#564 = CARTESIAN_POINT('',(92.5,67.15,22.));
#565 = LINE('',#566,#567);
#566 = CARTESIAN_POINT('',(92.5,67.15,11.));
#567 = VECTOR('',#568,1.);
#568 = DIRECTION('',(0.,-1.110223024625E-16,1.));
#569 = ORIENTED_EDGE('',*,*,#570,.T.);
#570 = EDGE_CURVE('',#563,#571,#573,.T.);
#571 = VERTEX_POINT('',#572);
#572 = CARTESIAN_POINT('',(86.5,67.15,28.));
#573 = LINE('',#574,#575);
#574 = CARTESIAN_POINT('',(87.5,67.15,27.));
#575 = VECTOR('',#576,1.);
#576 = DIRECTION('',(-0.707106781187,0.,0.707106781187));
#577 = ORIENTED_EDGE('',*,*,#578,.T.);
#578 = EDGE_CURVE('',#571,#579,#581,.T.);
#579 = VERTEX_POINT('',#580);
#580 = CARTESIAN_POINT('',(82.5,67.15,28.));
#581 = LINE('',#582,#583);
#582 = CARTESIAN_POINT('',(72.5,67.15,28.));
#583 = VECTOR('',#584,1.);
#584 = DIRECTION('',(-1.,-0.,0.));
#585 = ORIENTED_EDGE('',*,*,#586,.T.);
#586 = EDGE_CURVE('',#579,#545,#587,.T.);
#587 = LINE('',#588,#589);
#588 = CARTESIAN_POINT('',(67.5,67.15,13.));
#589 = VECTOR('',#590,1.);
#590 = DIRECTION('',(-0.707106781187,0.,-0.707106781187));
#591 = FACE_BOUND('',#592,.T.);
#592 = EDGE_LOOP('',(#593,#603,#611,#619,#627,#635));
#593 = ORIENTED_EDGE('',*,*,#594,.T.);
#594 = EDGE_CURVE('',#595,#597,#599,.T.);
#595 = VERTEX_POINT('',#596);
#596 = CARTESIAN_POINT('',(98.5,67.15,22.));
#597 = VERTEX_POINT('',#598);
#598 = CARTESIAN_POINT('',(98.5,67.15,10.));
#599 = LINE('',#600,#601);
#600 = CARTESIAN_POINT('',(98.5,67.15,5.));
#601 = VECTOR('',#602,1.);
#602 = DIRECTION('',(0.,1.110223024625E-16,-1.));
#603 = ORIENTED_EDGE('',*,*,#604,.T.);
#604 = EDGE_CURVE('',#597,#605,#607,.T.);
#605 = VERTEX_POINT('',#606);
#606 = CARTESIAN_POINT('',(114.5,67.15,10.));
#607 = LINE('',#608,#609);
#608 = CARTESIAN_POINT('',(88.5,67.15,10.));
#609 = VECTOR('',#610,1.);
#610 = DIRECTION('',(1.,0.,0.));
#611 = ORIENTED_EDGE('',*,*,#612,.T.);
#612 = EDGE_CURVE('',#605,#613,#615,.T.);
#613 = VERTEX_POINT('',#614);
#614 = CARTESIAN_POINT('',(114.5,67.15,22.));
#615 = LINE('',#616,#617);
#616 = CARTESIAN_POINT('',(114.5,67.15,11.));
#617 = VECTOR('',#618,1.);
#618 = DIRECTION('',(0.,-1.110223024625E-16,1.));
#619 = ORIENTED_EDGE('',*,*,#620,.T.);
#620 = EDGE_CURVE('',#613,#621,#623,.T.);
#621 = VERTEX_POINT('',#622);
#622 = CARTESIAN_POINT('',(108.5,67.15,28.));
#623 = LINE('',#624,#625);
#624 = CARTESIAN_POINT('',(104.,67.15,32.5));
#625 = VECTOR('',#626,1.);
#626 = DIRECTION('',(-0.707106781187,0.,0.707106781187));
#627 = ORIENTED_EDGE('',*,*,#628,.T.);
#628 = EDGE_CURVE('',#621,#629,#631,.T.);
#629 = VERTEX_POINT('',#630);
#630 = CARTESIAN_POINT('',(104.5,67.15,28.));
#631 = LINE('',#632,#633);
#632 = CARTESIAN_POINT('',(83.5,67.15,28.));
#633 = VECTOR('',#634,1.);
#634 = DIRECTION('',(-1.,-0.,0.));
#635 = ORIENTED_EDGE('',*,*,#636,.T.);
#636 = EDGE_CURVE('',#629,#595,#637,.T.);
#637 = LINE('',#638,#639);
#638 = CARTESIAN_POINT('',(84.,67.15,7.5));
#639 = VECTOR('',#640,1.);
#640 = DIRECTION('',(-0.707106781187,0.,-0.707106781187));
#641 = FACE_BOUND('',#642,.T.);
#642 = EDGE_LOOP('',(#643,#653,#661,#669,#677,#685));
#643 = ORIENTED_EDGE('',*,*,#644,.T.);
#644 = EDGE_CURVE('',#645,#647,#649,.T.);
#645 = VERTEX_POINT('',#646);
#646 = CARTESIAN_POINT('',(120.5,67.15,22.));
#647 = VERTEX_POINT('',#648);
#648 = CARTESIAN_POINT('',(120.5,67.15,10.));
#649 = LINE('',#650,#651);
#650 = CARTESIAN_POINT('',(120.5,67.15,5.));
#651 = VECTOR('',#652,1.);
#652 = DIRECTION('',(0.,1.110223024625E-16,-1.));
#653 = ORIENTED_EDGE('',*,*,#654,.T.);
#654 = EDGE_CURVE('',#647,#655,#657,.T.);
#655 = VERTEX_POINT('',#656);
#656 = CARTESIAN_POINT('',(136.5,67.15,10.));
#657 = LINE('',#658,#659);
#658 = CARTESIAN_POINT('',(99.5,67.15,10.));
#659 = VECTOR('',#660,1.);
#660 = DIRECTION('',(1.,0.,0.));
#661 = ORIENTED_EDGE('',*,*,#662,.T.);
#662 = EDGE_CURVE('',#655,#663,#665,.T.);
#663 = VERTEX_POINT('',#664);
#664 = CARTESIAN_POINT('',(136.5,67.15,22.));
#665 = LINE('',#666,#667);
#666 = CARTESIAN_POINT('',(136.5,67.15,11.));
#667 = VECTOR('',#668,1.);
#668 = DIRECTION('',(0.,-1.110223024625E-16,1.));
#669 = ORIENTED_EDGE('',*,*,#670,.T.);
#670 = EDGE_CURVE('',#663,#671,#673,.T.);
#671 = VERTEX_POINT('',#672);
#672 = CARTESIAN_POINT('',(130.5,67.15,28.));
#673 = LINE('',#674,#675);
#674 = CARTESIAN_POINT('',(120.5,67.15,38.));
#675 = VECTOR('',#676,1.);
#676 = DIRECTION('',(-0.707106781187,0.,0.707106781187));
#677 = ORIENTED_EDGE('',*,*,#678,.T.);
#678 = EDGE_CURVE('',#671,#679,#681,.T.);
#679 = VERTEX_POINT('',#680);
#680 = CARTESIAN_POINT('',(126.5,67.15,28.));
#681 = LINE('',#682,#683);
#682 = CARTESIAN_POINT('',(94.5,67.15,28.));
#683 = VECTOR('',#684,1.);
#684 = DIRECTION('',(-1.,-0.,0.));
#685 = ORIENTED_EDGE('',*,*,#686,.T.);
#686 = EDGE_CURVE('',#679,#645,#687,.T.);
#687 = LINE('',#688,#689);
#688 = CARTESIAN_POINT('',(100.5,67.15,2.));
#689 = VECTOR('',#690,1.);
#690 = DIRECTION('',(-0.707106781187,0.,-0.707106781187));
#691 = FACE_BOUND('',#692,.T.);
#692 = EDGE_LOOP('',(#693,#703,#711,#719,#727,#735));
#693 = ORIENTED_EDGE('',*,*,#694,.T.);
#694 = EDGE_CURVE('',#695,#697,#699,.T.);
#695 = VERTEX_POINT('',#696);
#696 = CARTESIAN_POINT('',(142.5,67.15,22.));
#697 = VERTEX_POINT('',#698);
#698 = CARTESIAN_POINT('',(142.5,67.15,10.));
#699 = LINE('',#700,#701);
#700 = CARTESIAN_POINT('',(142.5,67.15,5.));
#701 = VECTOR('',#702,1.);
#702 = DIRECTION('',(0.,1.110223024625E-16,-1.));
#703 = ORIENTED_EDGE('',*,*,#704,.T.);
#704 = EDGE_CURVE('',#697,#705,#707,.T.);
#705 = VERTEX_POINT('',#706);
#706 = CARTESIAN_POINT('',(158.5,67.15,10.));
#707 = LINE('',#708,#709);
#708 = CARTESIAN_POINT('',(110.5,67.15,10.));
#709 = VECTOR('',#710,1.);
#710 = DIRECTION('',(1.,0.,0.));
#711 = ORIENTED_EDGE('',*,*,#712,.T.);
#712 = EDGE_CURVE('',#705,#713,#715,.T.);
#713 = VERTEX_POINT('',#714);
#714 = CARTESIAN_POINT('',(158.5,67.15,22.));
#715 = LINE('',#716,#717);
#716 = CARTESIAN_POINT('',(158.5,67.15,11.));
#717 = VECTOR('',#718,1.);
#718 = DIRECTION('',(0.,-1.110223024625E-16,1.));
#719 = ORIENTED_EDGE('',*,*,#720,.T.);
#720 = EDGE_CURVE('',#713,#721,#723,.T.);
#721 = VERTEX_POINT('',#722);
#722 = CARTESIAN_POINT('',(152.5,67.15,28.));
#723 = LINE('',#724,#725);
#724 = CARTESIAN_POINT('',(137.,67.15,43.5));
#725 = VECTOR('',#726,1.);
#726 = DIRECTION('',(-0.707106781187,0.,0.707106781187));
#727 = ORIENTED_EDGE('',*,*,#728,.T.);
#728 = EDGE_CURVE('',#721,#729,#731,.T.);
#729 = VERTEX_POINT('',#730);
#730 = CARTESIAN_POINT('',(148.5,67.15,28.));
#731 = LINE('',#732,#733);
#732 = CARTESIAN_POINT('',(105.5,67.15,28.));
#733 = VECTOR('',#734,1.);
#734 = DIRECTION('',(-1.,-0.,0.));
#735 = ORIENTED_EDGE('',*,*,#736,.T.);
#736 = EDGE_CURVE('',#729,#695,#737,.T.);
#737 = LINE('',#738,#739);
#738 = CARTESIAN_POINT('',(117.,67.15,-3.5));
#739 = VECTOR('',#740,1.);
#740 = DIRECTION('',(-0.707106781187,0.,-0.707106781187));
#741 = FACE_BOUND('',#742,.T.);
#742 = EDGE_LOOP('',(#743,#753,#761,#769,#777,#785));
#743 = ORIENTED_EDGE('',*,*,#744,.T.);
#744 = EDGE_CURVE('',#745,#747,#749,.T.);
#745 = VERTEX_POINT('',#746);
#746 = CARTESIAN_POINT('',(164.5,67.15,22.));
#747 = VERTEX_POINT('',#748);
#748 = CARTESIAN_POINT('',(164.5,67.15,10.));
#749 = LINE('',#750,#751);
#750 = CARTESIAN_POINT('',(164.5,67.15,5.));
#751 = VECTOR('',#752,1.);
#752 = DIRECTION('',(0.,1.110223024625E-16,-1.));
#753 = ORIENTED_EDGE('',*,*,#754,.T.);
#754 = EDGE_CURVE('',#747,#755,#757,.T.);
#755 = VERTEX_POINT('',#756);
#756 = CARTESIAN_POINT('',(180.5,67.15,10.));
#757 = LINE('',#758,#759);
#758 = CARTESIAN_POINT('',(121.5,67.15,10.));
#759 = VECTOR('',#760,1.);
#760 = DIRECTION('',(1.,0.,0.));
#761 = ORIENTED_EDGE('',*,*,#762,.T.);
#762 = EDGE_CURVE('',#755,#763,#765,.T.);
#763 = VERTEX_POINT('',#764);
#764 = CARTESIAN_POINT('',(180.5,67.15,22.));
#765 = LINE('',#766,#767);
#766 = CARTESIAN_POINT('',(180.5,67.15,11.));
#767 = VECTOR('',#768,1.);
#768 = DIRECTION('',(0.,-1.110223024625E-16,1.));
#769 = ORIENTED_EDGE('',*,*,#770,.T.);
#770 = EDGE_CURVE('',#763,#771,#773,.T.);
#771 = VERTEX_POINT('',#772);
#772 = CARTESIAN_POINT('',(174.5,67.15,28.));
#773 = LINE('',#774,#775);
#774 = CARTESIAN_POINT('',(153.5,67.15,49.));
#775 = VECTOR('',#776,1.);
#776 = DIRECTION('',(-0.707106781187,0.,0.707106781187));
#777 = ORIENTED_EDGE('',*,*,#778,.T.);
#778 = EDGE_CURVE('',#771,#779,#781,.T.);
#779 = VERTEX_POINT('',#780);
#780 = CARTESIAN_POINT('',(170.5,67.15,28.));
#781 = LINE('',#782,#783);
#782 = CARTESIAN_POINT('',(116.5,67.15,28.));
#783 = VECTOR('',#784,1.);
#784 = DIRECTION('',(-1.,-0.,0.));
#785 = ORIENTED_EDGE('',*,*,#786,.T.);
#786 = EDGE_CURVE('',#779,#745,#787,.T.);
#787 = LINE('',#788,#789);
#788 = CARTESIAN_POINT('',(133.5,67.15,-9.));
#789 = VECTOR('',#790,1.);
#790 = DIRECTION('',(-0.707106781187,0.,-0.707106781187));
#791 = PLANE('',#792);
#792 = AXIS2_PLACEMENT_3D('',#793,#794,#795);
#793 = CARTESIAN_POINT('',(62.5,67.15,5.684341886081E-14));
#794 = DIRECTION('',(-0.,-1.,-1.110223024625E-16));
#795 = DIRECTION('',(-1.,0.,0.));
#796 = ADVANCED_FACE('',(#797,#927),#977,.T.);
#797 = FACE_BOUND('',#798,.F.);
#798 = EDGE_LOOP('',(#799,#800,#808,#816,#824,#832,#840,#848,#856,#864,
    #872,#880,#888,#896,#904,#912,#920,#926));
#799 = ORIENTED_EDGE('',*,*,#142,.F.);
#800 = ORIENTED_EDGE('',*,*,#801,.T.);
#801 = EDGE_CURVE('',#135,#802,#804,.T.);
#802 = VERTEX_POINT('',#803);
#803 = CARTESIAN_POINT('',(71.5,193.85,7.));
#804 = LINE('',#805,#806);
#805 = CARTESIAN_POINT('',(71.5,193.85,26.25));
#806 = VECTOR('',#807,1.);
#807 = DIRECTION('',(0.,-2.22044604925E-16,-1.));
#808 = ORIENTED_EDGE('',*,*,#809,.T.);
#809 = EDGE_CURVE('',#802,#810,#812,.T.);
#810 = VERTEX_POINT('',#811);
#811 = CARTESIAN_POINT('',(71.5,168.15,7.));
#812 = LINE('',#813,#814);
#813 = CARTESIAN_POINT('',(71.5,194.15,7.));
#814 = VECTOR('',#815,1.);
#815 = DIRECTION('',(-0.,-1.,-1.110223024625E-16));
#816 = ORIENTED_EDGE('',*,*,#817,.T.);
#817 = EDGE_CURVE('',#810,#818,#820,.T.);
#818 = VERTEX_POINT('',#819);
#819 = CARTESIAN_POINT('',(71.5,168.15,10.));
#820 = LINE('',#821,#822);
#821 = CARTESIAN_POINT('',(71.5,168.15,7.));
#822 = VECTOR('',#823,1.);
#823 = DIRECTION('',(0.,-1.110223024625E-16,1.));
#824 = ORIENTED_EDGE('',*,*,#825,.T.);
#825 = EDGE_CURVE('',#818,#826,#828,.T.);
#826 = VERTEX_POINT('',#827);
#827 = CARTESIAN_POINT('',(71.5,170.15,10.));
#828 = LINE('',#829,#830);
#829 = CARTESIAN_POINT('',(71.5,142.23333333333,10.));
#830 = VECTOR('',#831,1.);
#831 = DIRECTION('',(0.,1.,2.22044604925E-16));
#832 = ORIENTED_EDGE('',*,*,#833,.T.);
#833 = EDGE_CURVE('',#826,#834,#836,.T.);
#834 = VERTEX_POINT('',#835);
#835 = CARTESIAN_POINT('',(71.5,170.15,22.));
#836 = LINE('',#837,#838);
#837 = CARTESIAN_POINT('',(71.5,170.15,18.25));
#838 = VECTOR('',#839,1.);
#839 = DIRECTION('',(0.,-2.22044604925E-16,1.));
#840 = ORIENTED_EDGE('',*,*,#841,.T.);
#841 = EDGE_CURVE('',#834,#842,#844,.T.);
#842 = VERTEX_POINT('',#843);
#843 = CARTESIAN_POINT('',(71.5,168.15,24.));
#844 = LINE('',#845,#846);
#845 = CARTESIAN_POINT('',(71.5,159.06666666666,33.083333333333));
#846 = VECTOR('',#847,1.);
#847 = DIRECTION('',(-0.,-0.707106781187,0.707106781187));
#848 = ORIENTED_EDGE('',*,*,#849,.T.);
#849 = EDGE_CURVE('',#842,#850,#852,.T.);
#850 = VERTEX_POINT('',#851);
#851 = CARTESIAN_POINT('',(71.5,168.15,31.));
#852 = LINE('',#853,#854);
#853 = CARTESIAN_POINT('',(71.5,168.15,7.));
#854 = VECTOR('',#855,1.);
#855 = DIRECTION('',(0.,-1.110223024625E-16,1.));
#856 = ORIENTED_EDGE('',*,*,#857,.T.);
#857 = EDGE_CURVE('',#850,#858,#860,.T.);
#858 = VERTEX_POINT('',#859);
#859 = CARTESIAN_POINT('',(71.5,88.15,31.));
#860 = LINE('',#861,#862);
#861 = CARTESIAN_POINT('',(71.5,194.15,31.));
#862 = VECTOR('',#863,1.);
#863 = DIRECTION('',(-0.,-1.,1.110223024625E-16));
#864 = ORIENTED_EDGE('',*,*,#865,.F.);
#865 = EDGE_CURVE('',#866,#858,#868,.T.);
#866 = VERTEX_POINT('',#867);
#867 = CARTESIAN_POINT('',(71.5,88.15,24.));
#868 = LINE('',#869,#870);
#869 = CARTESIAN_POINT('',(71.5,88.15,7.));
#870 = VECTOR('',#871,1.);
#871 = DIRECTION('',(0.,-1.110223024625E-16,1.));
#872 = ORIENTED_EDGE('',*,*,#873,.T.);
#873 = EDGE_CURVE('',#866,#874,#876,.T.);
#874 = VERTEX_POINT('',#875);
#875 = CARTESIAN_POINT('',(71.5,84.15,28.));
#876 = LINE('',#877,#878);
#877 = CARTESIAN_POINT('',(71.5,99.066666666667,13.083333333333));
#878 = VECTOR('',#879,1.);
#879 = DIRECTION('',(-0.,-0.707106781187,0.707106781187));
#880 = ORIENTED_EDGE('',*,*,#881,.T.);
#881 = EDGE_CURVE('',#874,#882,#884,.T.);
#882 = VERTEX_POINT('',#883);
#883 = CARTESIAN_POINT('',(71.5,80.15,28.));
#884 = LINE('',#885,#886);
#885 = CARTESIAN_POINT('',(71.5,107.23333333333,28.));
#886 = VECTOR('',#887,1.);
#887 = DIRECTION('',(-0.,-1.,-2.22044604925E-16));
#888 = ORIENTED_EDGE('',*,*,#889,.T.);
#889 = EDGE_CURVE('',#882,#890,#892,.T.);
#890 = VERTEX_POINT('',#891);
#891 = CARTESIAN_POINT('',(71.5,74.15,22.));
#892 = LINE('',#893,#894);
#893 = CARTESIAN_POINT('',(71.5,92.316666666667,40.166666666667));
#894 = VECTOR('',#895,1.);
#895 = DIRECTION('',(0.,-0.707106781187,-0.707106781187));
#896 = ORIENTED_EDGE('',*,*,#897,.T.);
#897 = EDGE_CURVE('',#890,#898,#900,.T.);
#898 = VERTEX_POINT('',#899);
#899 = CARTESIAN_POINT('',(71.5,74.15,10.));
#900 = LINE('',#901,#902);
#901 = CARTESIAN_POINT('',(71.5,74.15,24.25));
#902 = VECTOR('',#903,1.);
#903 = DIRECTION('',(0.,2.22044604925E-16,-1.));
#904 = ORIENTED_EDGE('',*,*,#905,.T.);
#905 = EDGE_CURVE('',#898,#906,#908,.T.);
#906 = VERTEX_POINT('',#907);
#907 = CARTESIAN_POINT('',(71.5,88.15,10.));
#908 = LINE('',#909,#910);
#909 = CARTESIAN_POINT('',(71.5,102.23333333333,10.));
#910 = VECTOR('',#911,1.);
#911 = DIRECTION('',(0.,1.,2.22044604925E-16));
#912 = ORIENTED_EDGE('',*,*,#913,.F.);
#913 = EDGE_CURVE('',#914,#906,#916,.T.);
#914 = VERTEX_POINT('',#915);
#915 = CARTESIAN_POINT('',(71.5,88.15,7.));
#916 = LINE('',#917,#918);
#917 = CARTESIAN_POINT('',(71.5,88.15,7.));
#918 = VECTOR('',#919,1.);
#919 = DIRECTION('',(0.,-1.110223024625E-16,1.));
#920 = ORIENTED_EDGE('',*,*,#921,.T.);
#921 = EDGE_CURVE('',#914,#481,#922,.T.);
#922 = LINE('',#923,#924);
#923 = CARTESIAN_POINT('',(71.5,88.15,7.));
#924 = VECTOR('',#925,1.);
#925 = DIRECTION('',(-0.,-1.,-1.110223024625E-16));
#926 = ORIENTED_EDGE('',*,*,#488,.F.);
#927 = FACE_BOUND('',#928,.F.);
#928 = EDGE_LOOP('',(#929,#939,#947,#955,#963,#971));
#929 = ORIENTED_EDGE('',*,*,#930,.T.);
#930 = EDGE_CURVE('',#931,#933,#935,.T.);
#931 = VERTEX_POINT('',#932);
#932 = CARTESIAN_POINT('',(71.5,174.15,22.));
#933 = VERTEX_POINT('',#934);
#934 = CARTESIAN_POINT('',(71.5,174.15,10.));
#935 = LINE('',#936,#937);
#936 = CARTESIAN_POINT('',(71.5,174.15,24.25));
#937 = VECTOR('',#938,1.);
#938 = DIRECTION('',(0.,2.22044604925E-16,-1.));
#939 = ORIENTED_EDGE('',*,*,#940,.T.);
#940 = EDGE_CURVE('',#933,#941,#943,.T.);
#941 = VERTEX_POINT('',#942);
#942 = CARTESIAN_POINT('',(71.5,190.15,10.));
#943 = LINE('',#944,#945);
#944 = CARTESIAN_POINT('',(71.5,152.23333333333,10.));
#945 = VECTOR('',#946,1.);
#946 = DIRECTION('',(0.,1.,2.22044604925E-16));
#947 = ORIENTED_EDGE('',*,*,#948,.T.);
#948 = EDGE_CURVE('',#941,#949,#951,.T.);
#949 = VERTEX_POINT('',#950);
#950 = CARTESIAN_POINT('',(71.5,190.15,22.));
#951 = LINE('',#952,#953);
#952 = CARTESIAN_POINT('',(71.5,190.15,18.25));
#953 = VECTOR('',#954,1.);
#954 = DIRECTION('',(0.,-2.22044604925E-16,1.));
#955 = ORIENTED_EDGE('',*,*,#956,.T.);
#956 = EDGE_CURVE('',#949,#957,#959,.T.);
#957 = VERTEX_POINT('',#958);
#958 = CARTESIAN_POINT('',(71.5,184.15,28.));
#959 = LINE('',#960,#961);
#960 = CARTESIAN_POINT('',(71.5,174.06666666666,38.083333333333));
#961 = VECTOR('',#962,1.);
#962 = DIRECTION('',(-0.,-0.707106781187,0.707106781187));
#963 = ORIENTED_EDGE('',*,*,#964,.T.);
#964 = EDGE_CURVE('',#957,#965,#967,.T.);
#965 = VERTEX_POINT('',#966);
#966 = CARTESIAN_POINT('',(71.5,180.15,28.));
#967 = LINE('',#968,#969);
#968 = CARTESIAN_POINT('',(71.5,157.23333333333,28.));
#969 = VECTOR('',#970,1.);
#970 = DIRECTION('',(-0.,-1.,-2.22044604925E-16));
#971 = ORIENTED_EDGE('',*,*,#972,.T.);
#972 = EDGE_CURVE('',#965,#931,#973,.T.);
#973 = LINE('',#974,#975);
#974 = CARTESIAN_POINT('',(71.5,167.31666666666,15.166666666667));
#975 = VECTOR('',#976,1.);
#976 = DIRECTION('',(0.,-0.707106781187,-0.707106781187));
#977 = PLANE('',#978);
#978 = AXIS2_PLACEMENT_3D('',#979,#980,#981);
#979 = CARTESIAN_POINT('',(71.5,130.31666666666,26.5));
#980 = DIRECTION('',(1.,0.,0.));
#981 = DIRECTION('',(0.,-1.110223024625E-16,1.));
#982 = ADVANCED_FACE('',(#983),#1025,.T.);
#983 = FACE_BOUND('',#984,.F.);
#984 = EDGE_LOOP('',(#985,#986,#994,#1002,#1010,#1018,#1024));
#985 = ORIENTED_EDGE('',*,*,#134,.F.);
#986 = ORIENTED_EDGE('',*,*,#987,.F.);
#987 = EDGE_CURVE('',#988,#127,#990,.T.);
#988 = VERTEX_POINT('',#989);
#989 = CARTESIAN_POINT('',(62.5,193.85,4.));
#990 = LINE('',#991,#992);
#991 = CARTESIAN_POINT('',(62.5,193.85,22.));
#992 = VECTOR('',#993,1.);
#993 = DIRECTION('',(-0.,2.22044604925E-16,1.));
#994 = ORIENTED_EDGE('',*,*,#995,.F.);
#995 = EDGE_CURVE('',#996,#988,#998,.T.);
#996 = VERTEX_POINT('',#997);
#997 = CARTESIAN_POINT('',(66.5,193.85,0.));
#998 = LINE('',#999,#1000);
#999 = CARTESIAN_POINT('',(74.375,193.85,-7.875));
#1000 = VECTOR('',#1001,1.);
#1001 = DIRECTION('',(-0.707106781187,2.680315483309E-16,0.707106781187)
  );
#1002 = ORIENTED_EDGE('',*,*,#1003,.F.);
#1003 = EDGE_CURVE('',#1004,#996,#1006,.T.);
#1004 = VERTEX_POINT('',#1005);
#1005 = CARTESIAN_POINT('',(81.5,193.85,5.684341886081E-14));
#1006 = LINE('',#1007,#1008);
#1007 = CARTESIAN_POINT('',(132.01323225361,193.85,5.684341886081E-14));
#1008 = VECTOR('',#1009,1.);
#1009 = DIRECTION('',(-1.,0.,0.));
#1010 = ORIENTED_EDGE('',*,*,#1011,.T.);
#1011 = EDGE_CURVE('',#1004,#1012,#1014,.T.);
#1012 = VERTEX_POINT('',#1013);
#1013 = CARTESIAN_POINT('',(81.5,193.85,7.));
#1014 = LINE('',#1015,#1016);
#1015 = CARTESIAN_POINT('',(81.5,193.85,13.));
#1016 = VECTOR('',#1017,1.);
#1017 = DIRECTION('',(-0.,2.22044604925E-16,1.));
#1018 = ORIENTED_EDGE('',*,*,#1019,.F.);
#1019 = EDGE_CURVE('',#802,#1012,#1020,.T.);
#1020 = LINE('',#1021,#1022);
#1021 = CARTESIAN_POINT('',(102.,193.85,7.));
#1022 = VECTOR('',#1023,1.);
#1023 = DIRECTION('',(1.,0.,0.));
#1024 = ORIENTED_EDGE('',*,*,#801,.F.);
#1025 = PLANE('',#1026);
#1026 = AXIS2_PLACEMENT_3D('',#1027,#1028,#1029);
#1027 = CARTESIAN_POINT('',(132.,193.85,26.));
#1028 = DIRECTION('',(0.,1.,-2.22044604925E-16));
#1029 = DIRECTION('',(0.,-2.22044604925E-16,-1.));
#1030 = ADVANCED_FACE('',(#1031,#1257,#1307,#1357),#1407,.T.);
#1031 = FACE_BOUND('',#1032,.F.);
#1032 = EDGE_LOOP('',(#1033,#1041,#1049,#1057,#1065,#1073,#1081,#1089,
    #1097,#1105,#1113,#1121,#1129,#1137,#1145,#1153,#1161,#1169,#1177,
    #1185,#1193,#1201,#1209,#1217,#1225,#1233,#1241,#1249,#1255,#1256));
#1033 = ORIENTED_EDGE('',*,*,#1034,.F.);
#1034 = EDGE_CURVE('',#1035,#119,#1037,.T.);
#1035 = VERTEX_POINT('',#1036);
#1036 = CARTESIAN_POINT('',(62.5,62.15,4.));
#1037 = LINE('',#1038,#1039);
#1038 = CARTESIAN_POINT('',(62.5,62.15,2.84217094304E-14));
#1039 = VECTOR('',#1040,1.);
#1040 = DIRECTION('',(0.,-1.110223024625E-16,1.));
#1041 = ORIENTED_EDGE('',*,*,#1042,.F.);
#1042 = EDGE_CURVE('',#1043,#1035,#1045,.T.);
#1043 = VERTEX_POINT('',#1044);
#1044 = CARTESIAN_POINT('',(62.5,103.15,4.));
#1045 = LINE('',#1046,#1047);
#1046 = CARTESIAN_POINT('',(62.5,195.15,4.));
#1047 = VECTOR('',#1048,1.);
#1048 = DIRECTION('',(-0.,-1.,2.22044604925E-16));
#1049 = ORIENTED_EDGE('',*,*,#1050,.T.);
#1050 = EDGE_CURVE('',#1043,#1051,#1053,.T.);
#1051 = VERTEX_POINT('',#1052);
#1052 = CARTESIAN_POINT('',(62.5,103.15,10.));
#1053 = LINE('',#1054,#1055);
#1054 = CARTESIAN_POINT('',(62.5,103.15,13.767291707299));
#1055 = VECTOR('',#1056,1.);
#1056 = DIRECTION('',(0.,-3.885780586188E-16,1.));
#1057 = ORIENTED_EDGE('',*,*,#1058,.T.);
#1058 = EDGE_CURVE('',#1051,#1059,#1061,.T.);
#1059 = VERTEX_POINT('',#1060);
#1060 = CARTESIAN_POINT('',(62.5,94.15,10.));
#1061 = LINE('',#1062,#1063);
#1062 = CARTESIAN_POINT('',(62.5,111.15,10.));
#1063 = VECTOR('',#1064,1.);
#1064 = DIRECTION('',(-0.,-1.,-2.22044604925E-16));
#1065 = ORIENTED_EDGE('',*,*,#1066,.T.);
#1066 = EDGE_CURVE('',#1059,#1067,#1069,.T.);
#1067 = VERTEX_POINT('',#1068);
#1068 = CARTESIAN_POINT('',(62.5,94.15,22.));
#1069 = LINE('',#1070,#1071);
#1070 = CARTESIAN_POINT('',(62.5,94.15,20.));
#1071 = VECTOR('',#1072,1.);
#1072 = DIRECTION('',(0.,-2.22044604925E-16,1.));
#1073 = ORIENTED_EDGE('',*,*,#1074,.T.);
#1074 = EDGE_CURVE('',#1067,#1075,#1077,.T.);
#1075 = VERTEX_POINT('',#1076);
#1076 = CARTESIAN_POINT('',(62.5,100.15,28.));
#1077 = LINE('',#1078,#1079);
#1078 = CARTESIAN_POINT('',(62.5,104.65,32.5));
#1079 = VECTOR('',#1080,1.);
#1080 = DIRECTION('',(0.,0.707106781187,0.707106781187));
#1081 = ORIENTED_EDGE('',*,*,#1082,.T.);
#1082 = EDGE_CURVE('',#1075,#1083,#1085,.T.);
#1083 = VERTEX_POINT('',#1084);
#1084 = CARTESIAN_POINT('',(62.5,104.15,28.));
#1085 = LINE('',#1086,#1087);
#1086 = CARTESIAN_POINT('',(62.5,116.15,28.));
#1087 = VECTOR('',#1088,1.);
#1088 = DIRECTION('',(0.,1.,2.22044604925E-16));
#1089 = ORIENTED_EDGE('',*,*,#1090,.T.);
#1090 = EDGE_CURVE('',#1083,#1091,#1093,.T.);
#1091 = VERTEX_POINT('',#1092);
#1092 = CARTESIAN_POINT('',(62.5,110.15,22.));
#1093 = LINE('',#1094,#1095);
#1094 = CARTESIAN_POINT('',(62.5,115.65,16.5));
#1095 = VECTOR('',#1096,1.);
#1096 = DIRECTION('',(0.,0.707106781187,-0.707106781187));
#1097 = ORIENTED_EDGE('',*,*,#1098,.T.);
#1098 = EDGE_CURVE('',#1091,#1099,#1101,.T.);
#1099 = VERTEX_POINT('',#1100);
#1100 = CARTESIAN_POINT('',(62.5,110.15,17.));
#1101 = LINE('',#1102,#1103);
#1102 = CARTESIAN_POINT('',(62.5,110.15,14.));
#1103 = VECTOR('',#1104,1.);
#1104 = DIRECTION('',(0.,2.22044604925E-16,-1.));
#1105 = ORIENTED_EDGE('',*,*,#1106,.T.);
#1106 = EDGE_CURVE('',#1099,#1107,#1109,.T.);
#1107 = VERTEX_POINT('',#1108);
#1108 = CARTESIAN_POINT('',(62.5,114.15,17.));
#1109 = LINE('',#1110,#1111);
#1110 = CARTESIAN_POINT('',(62.5,121.65,17.));
#1111 = VECTOR('',#1112,1.);
#1112 = DIRECTION('',(0.,1.,-1.110223024625E-16));
#1113 = ORIENTED_EDGE('',*,*,#1114,.T.);
#1114 = EDGE_CURVE('',#1107,#1115,#1117,.T.);
#1115 = VERTEX_POINT('',#1116);
#1116 = CARTESIAN_POINT('',(62.5,114.15,22.));
#1117 = LINE('',#1118,#1119);
#1118 = CARTESIAN_POINT('',(62.5,114.15,20.));
#1119 = VECTOR('',#1120,1.);
#1120 = DIRECTION('',(0.,-2.22044604925E-16,1.));
#1121 = ORIENTED_EDGE('',*,*,#1122,.T.);
#1122 = EDGE_CURVE('',#1115,#1123,#1125,.T.);
#1123 = VERTEX_POINT('',#1124);
#1124 = CARTESIAN_POINT('',(62.5,120.15,28.));
#1125 = LINE('',#1126,#1127);
#1126 = CARTESIAN_POINT('',(62.5,119.65,27.5));
#1127 = VECTOR('',#1128,1.);
#1128 = DIRECTION('',(0.,0.707106781187,0.707106781187));
#1129 = ORIENTED_EDGE('',*,*,#1130,.T.);
#1130 = EDGE_CURVE('',#1123,#1131,#1133,.T.);
#1131 = VERTEX_POINT('',#1132);
#1132 = CARTESIAN_POINT('',(62.5,124.15,28.));
#1133 = LINE('',#1134,#1135);
#1134 = CARTESIAN_POINT('',(62.5,126.15,28.));
#1135 = VECTOR('',#1136,1.);
#1136 = DIRECTION('',(0.,1.,2.22044604925E-16));
#1137 = ORIENTED_EDGE('',*,*,#1138,.T.);
#1138 = EDGE_CURVE('',#1131,#1139,#1141,.T.);
#1139 = VERTEX_POINT('',#1140);
#1140 = CARTESIAN_POINT('',(62.5,130.15,22.));
#1141 = LINE('',#1142,#1143);
#1142 = CARTESIAN_POINT('',(62.5,130.65,21.5));
#1143 = VECTOR('',#1144,1.);
#1144 = DIRECTION('',(0.,0.707106781187,-0.707106781187));
#1145 = ORIENTED_EDGE('',*,*,#1146,.T.);
#1146 = EDGE_CURVE('',#1139,#1147,#1149,.T.);
#1147 = VERTEX_POINT('',#1148);
#1148 = CARTESIAN_POINT('',(62.5,130.15,10.));
#1149 = LINE('',#1150,#1151);
#1150 = CARTESIAN_POINT('',(62.5,130.15,14.));
#1151 = VECTOR('',#1152,1.);
#1152 = DIRECTION('',(0.,2.22044604925E-16,-1.));
#1153 = ORIENTED_EDGE('',*,*,#1154,.T.);
#1154 = EDGE_CURVE('',#1147,#1155,#1157,.T.);
#1155 = VERTEX_POINT('',#1156);
#1156 = CARTESIAN_POINT('',(62.5,115.15,10.));
#1157 = LINE('',#1158,#1159);
#1158 = CARTESIAN_POINT('',(62.5,121.15,10.));
#1159 = VECTOR('',#1160,1.);
#1160 = DIRECTION('',(-0.,-1.,-2.22044604925E-16));
#1161 = ORIENTED_EDGE('',*,*,#1162,.F.);
#1162 = EDGE_CURVE('',#1163,#1155,#1165,.T.);
#1163 = VERTEX_POINT('',#1164);
#1164 = CARTESIAN_POINT('',(62.5,115.15,4.));
#1165 = LINE('',#1166,#1167);
#1166 = CARTESIAN_POINT('',(62.5,115.15,13.767291707299));
#1167 = VECTOR('',#1168,1.);
#1168 = DIRECTION('',(0.,-3.885780586188E-16,1.));
#1169 = ORIENTED_EDGE('',*,*,#1170,.F.);
#1170 = EDGE_CURVE('',#1171,#1163,#1173,.T.);
#1171 = VERTEX_POINT('',#1172);
#1172 = CARTESIAN_POINT('',(62.5,171.15,4.));
#1173 = LINE('',#1174,#1175);
#1174 = CARTESIAN_POINT('',(62.5,195.15,4.));
#1175 = VECTOR('',#1176,1.);
#1176 = DIRECTION('',(-0.,-1.,2.22044604925E-16));
#1177 = ORIENTED_EDGE('',*,*,#1178,.T.);
#1178 = EDGE_CURVE('',#1171,#1179,#1181,.T.);
#1179 = VERTEX_POINT('',#1180);
#1180 = CARTESIAN_POINT('',(62.5,171.15,17.));
#1181 = LINE('',#1182,#1183);
#1182 = CARTESIAN_POINT('',(62.5,171.15,13.767291707299));
#1183 = VECTOR('',#1184,1.);
#1184 = DIRECTION('',(0.,-1.110223024625E-16,1.));
#1185 = ORIENTED_EDGE('',*,*,#1186,.T.);
#1186 = EDGE_CURVE('',#1179,#1187,#1189,.T.);
#1187 = VERTEX_POINT('',#1188);
#1188 = CARTESIAN_POINT('',(62.5,174.15,17.));
#1189 = LINE('',#1190,#1191);
#1190 = CARTESIAN_POINT('',(62.5,155.65,17.));
#1191 = VECTOR('',#1192,1.);
#1192 = DIRECTION('',(0.,1.,-1.110223024625E-16));
#1193 = ORIENTED_EDGE('',*,*,#1194,.T.);
#1194 = EDGE_CURVE('',#1187,#1195,#1197,.T.);
#1195 = VERTEX_POINT('',#1196);
#1196 = CARTESIAN_POINT('',(62.5,174.15,22.));
#1197 = LINE('',#1198,#1199);
#1198 = CARTESIAN_POINT('',(62.5,174.15,20.));
#1199 = VECTOR('',#1200,1.);
#1200 = DIRECTION('',(0.,-2.22044604925E-16,1.));
#1201 = ORIENTED_EDGE('',*,*,#1202,.T.);
#1202 = EDGE_CURVE('',#1195,#1203,#1205,.T.);
#1203 = VERTEX_POINT('',#1204);
#1204 = CARTESIAN_POINT('',(62.5,180.15,28.));
#1205 = LINE('',#1206,#1207);
#1206 = CARTESIAN_POINT('',(62.5,164.65,12.5));
#1207 = VECTOR('',#1208,1.);
#1208 = DIRECTION('',(0.,0.707106781187,0.707106781187));
#1209 = ORIENTED_EDGE('',*,*,#1210,.T.);
#1210 = EDGE_CURVE('',#1203,#1211,#1213,.T.);
#1211 = VERTEX_POINT('',#1212);
#1212 = CARTESIAN_POINT('',(62.5,184.15,28.));
#1213 = LINE('',#1214,#1215);
#1214 = CARTESIAN_POINT('',(62.5,156.15,28.));
#1215 = VECTOR('',#1216,1.);
#1216 = DIRECTION('',(0.,1.,2.22044604925E-16));
#1217 = ORIENTED_EDGE('',*,*,#1218,.T.);
#1218 = EDGE_CURVE('',#1211,#1219,#1221,.T.);
#1219 = VERTEX_POINT('',#1220);
#1220 = CARTESIAN_POINT('',(62.5,190.15,22.));
#1221 = LINE('',#1222,#1223);
#1222 = CARTESIAN_POINT('',(62.5,175.65,36.5));
#1223 = VECTOR('',#1224,1.);
#1224 = DIRECTION('',(0.,0.707106781187,-0.707106781187));
#1225 = ORIENTED_EDGE('',*,*,#1226,.T.);
#1226 = EDGE_CURVE('',#1219,#1227,#1229,.T.);
#1227 = VERTEX_POINT('',#1228);
#1228 = CARTESIAN_POINT('',(62.5,190.15,10.));
#1229 = LINE('',#1230,#1231);
#1230 = CARTESIAN_POINT('',(62.5,190.15,14.));
#1231 = VECTOR('',#1232,1.);
#1232 = DIRECTION('',(0.,2.22044604925E-16,-1.));
#1233 = ORIENTED_EDGE('',*,*,#1234,.T.);
#1234 = EDGE_CURVE('',#1227,#1235,#1237,.T.);
#1235 = VERTEX_POINT('',#1236);
#1236 = CARTESIAN_POINT('',(62.5,183.15,10.));
#1237 = LINE('',#1238,#1239);
#1238 = CARTESIAN_POINT('',(62.5,151.15,10.));
#1239 = VECTOR('',#1240,1.);
#1240 = DIRECTION('',(-0.,-1.,-2.22044604925E-16));
#1241 = ORIENTED_EDGE('',*,*,#1242,.F.);
#1242 = EDGE_CURVE('',#1243,#1235,#1245,.T.);
#1243 = VERTEX_POINT('',#1244);
#1244 = CARTESIAN_POINT('',(62.5,183.15,4.));
#1245 = LINE('',#1246,#1247);
#1246 = CARTESIAN_POINT('',(62.5,183.15,13.767291707299));
#1247 = VECTOR('',#1248,1.);
#1248 = DIRECTION('',(0.,-1.110223024625E-16,1.));
#1249 = ORIENTED_EDGE('',*,*,#1250,.F.);
#1250 = EDGE_CURVE('',#988,#1243,#1251,.T.);
#1251 = LINE('',#1252,#1253);
#1252 = CARTESIAN_POINT('',(62.5,195.15,4.));
#1253 = VECTOR('',#1254,1.);
#1254 = DIRECTION('',(-0.,-1.,2.22044604925E-16));
#1255 = ORIENTED_EDGE('',*,*,#987,.T.);
#1256 = ORIENTED_EDGE('',*,*,#126,.F.);
#1257 = FACE_BOUND('',#1258,.F.);
#1258 = EDGE_LOOP('',(#1259,#1269,#1277,#1285,#1293,#1301));
#1259 = ORIENTED_EDGE('',*,*,#1260,.T.);
#1260 = EDGE_CURVE('',#1261,#1263,#1265,.T.);
#1261 = VERTEX_POINT('',#1262);
#1262 = CARTESIAN_POINT('',(62.5,170.15,22.));
#1263 = VERTEX_POINT('',#1264);
#1264 = CARTESIAN_POINT('',(62.5,170.15,10.));
#1265 = LINE('',#1266,#1267);
#1266 = CARTESIAN_POINT('',(62.5,170.15,14.));
#1267 = VECTOR('',#1268,1.);
#1268 = DIRECTION('',(0.,2.22044604925E-16,-1.));
#1269 = ORIENTED_EDGE('',*,*,#1270,.T.);
#1270 = EDGE_CURVE('',#1263,#1271,#1273,.T.);
#1271 = VERTEX_POINT('',#1272);
#1272 = CARTESIAN_POINT('',(62.5,154.15,10.));
#1273 = LINE('',#1274,#1275);
#1274 = CARTESIAN_POINT('',(62.5,141.15,10.));
#1275 = VECTOR('',#1276,1.);
#1276 = DIRECTION('',(-0.,-1.,-2.22044604925E-16));
#1277 = ORIENTED_EDGE('',*,*,#1278,.T.);
#1278 = EDGE_CURVE('',#1271,#1279,#1281,.T.);
#1279 = VERTEX_POINT('',#1280);
#1280 = CARTESIAN_POINT('',(62.5,154.15,22.));
#1281 = LINE('',#1282,#1283);
#1282 = CARTESIAN_POINT('',(62.5,154.15,20.));
#1283 = VECTOR('',#1284,1.);
#1284 = DIRECTION('',(0.,-2.22044604925E-16,1.));
#1285 = ORIENTED_EDGE('',*,*,#1286,.T.);
#1286 = EDGE_CURVE('',#1279,#1287,#1289,.T.);
#1287 = VERTEX_POINT('',#1288);
#1288 = CARTESIAN_POINT('',(62.5,160.15,28.));
#1289 = LINE('',#1290,#1291);
#1290 = CARTESIAN_POINT('',(62.5,149.65,17.5));
#1291 = VECTOR('',#1292,1.);
#1292 = DIRECTION('',(0.,0.707106781187,0.707106781187));
#1293 = ORIENTED_EDGE('',*,*,#1294,.T.);
#1294 = EDGE_CURVE('',#1287,#1295,#1297,.T.);
#1295 = VERTEX_POINT('',#1296);
#1296 = CARTESIAN_POINT('',(62.5,164.15,28.));
#1297 = LINE('',#1298,#1299);
#1298 = CARTESIAN_POINT('',(62.5,146.15,28.));
#1299 = VECTOR('',#1300,1.);
#1300 = DIRECTION('',(0.,1.,2.22044604925E-16));
#1301 = ORIENTED_EDGE('',*,*,#1302,.T.);
#1302 = EDGE_CURVE('',#1295,#1261,#1303,.T.);
#1303 = LINE('',#1304,#1305);
#1304 = CARTESIAN_POINT('',(62.5,160.65,31.5));
#1305 = VECTOR('',#1306,1.);
#1306 = DIRECTION('',(0.,0.707106781187,-0.707106781187));
#1307 = FACE_BOUND('',#1308,.F.);
#1308 = EDGE_LOOP('',(#1309,#1319,#1327,#1335,#1343,#1351));
#1309 = ORIENTED_EDGE('',*,*,#1310,.T.);
#1310 = EDGE_CURVE('',#1311,#1313,#1315,.T.);
#1311 = VERTEX_POINT('',#1312);
#1312 = CARTESIAN_POINT('',(62.5,150.15,22.));
#1313 = VERTEX_POINT('',#1314);
#1314 = CARTESIAN_POINT('',(62.5,150.15,10.));
#1315 = LINE('',#1316,#1317);
#1316 = CARTESIAN_POINT('',(62.5,150.15,14.));
#1317 = VECTOR('',#1318,1.);
#1318 = DIRECTION('',(0.,2.22044604925E-16,-1.));
#1319 = ORIENTED_EDGE('',*,*,#1320,.T.);
#1320 = EDGE_CURVE('',#1313,#1321,#1323,.T.);
#1321 = VERTEX_POINT('',#1322);
#1322 = CARTESIAN_POINT('',(62.5,134.15,10.));
#1323 = LINE('',#1324,#1325);
#1324 = CARTESIAN_POINT('',(62.5,131.15,10.));
#1325 = VECTOR('',#1326,1.);
#1326 = DIRECTION('',(-0.,-1.,-2.22044604925E-16));
#1327 = ORIENTED_EDGE('',*,*,#1328,.T.);
#1328 = EDGE_CURVE('',#1321,#1329,#1331,.T.);
#1329 = VERTEX_POINT('',#1330);
#1330 = CARTESIAN_POINT('',(62.5,134.15,22.));
#1331 = LINE('',#1332,#1333);
#1332 = CARTESIAN_POINT('',(62.5,134.15,20.));
#1333 = VECTOR('',#1334,1.);
#1334 = DIRECTION('',(0.,-2.22044604925E-16,1.));
#1335 = ORIENTED_EDGE('',*,*,#1336,.T.);
#1336 = EDGE_CURVE('',#1329,#1337,#1339,.T.);
#1337 = VERTEX_POINT('',#1338);
#1338 = CARTESIAN_POINT('',(62.5,140.15,28.));
#1339 = LINE('',#1340,#1341);
#1340 = CARTESIAN_POINT('',(62.5,134.65,22.5));
#1341 = VECTOR('',#1342,1.);
#1342 = DIRECTION('',(0.,0.707106781187,0.707106781187));
#1343 = ORIENTED_EDGE('',*,*,#1344,.T.);
#1344 = EDGE_CURVE('',#1337,#1345,#1347,.T.);
#1345 = VERTEX_POINT('',#1346);
#1346 = CARTESIAN_POINT('',(62.5,144.15,28.));
#1347 = LINE('',#1348,#1349);
#1348 = CARTESIAN_POINT('',(62.5,136.15,28.));
#1349 = VECTOR('',#1350,1.);
#1350 = DIRECTION('',(0.,1.,2.22044604925E-16));
#1351 = ORIENTED_EDGE('',*,*,#1352,.T.);
#1352 = EDGE_CURVE('',#1345,#1311,#1353,.T.);
#1353 = LINE('',#1354,#1355);
#1354 = CARTESIAN_POINT('',(62.5,145.65,26.5));
#1355 = VECTOR('',#1356,1.);
#1356 = DIRECTION('',(0.,0.707106781187,-0.707106781187));
#1357 = FACE_BOUND('',#1358,.F.);
#1358 = EDGE_LOOP('',(#1359,#1369,#1377,#1385,#1393,#1401));
#1359 = ORIENTED_EDGE('',*,*,#1360,.T.);
#1360 = EDGE_CURVE('',#1361,#1363,#1365,.T.);
#1361 = VERTEX_POINT('',#1362);
#1362 = CARTESIAN_POINT('',(62.5,90.15,22.));
#1363 = VERTEX_POINT('',#1364);
#1364 = CARTESIAN_POINT('',(62.5,90.15,10.));
#1365 = LINE('',#1366,#1367);
#1366 = CARTESIAN_POINT('',(62.5,90.15,14.));
#1367 = VECTOR('',#1368,1.);
#1368 = DIRECTION('',(0.,2.22044604925E-16,-1.));
#1369 = ORIENTED_EDGE('',*,*,#1370,.T.);
#1370 = EDGE_CURVE('',#1363,#1371,#1373,.T.);
#1371 = VERTEX_POINT('',#1372);
#1372 = CARTESIAN_POINT('',(62.5,74.15,10.));
#1373 = LINE('',#1374,#1375);
#1374 = CARTESIAN_POINT('',(62.5,101.15,10.));
#1375 = VECTOR('',#1376,1.);
#1376 = DIRECTION('',(-0.,-1.,-2.22044604925E-16));
#1377 = ORIENTED_EDGE('',*,*,#1378,.T.);
#1378 = EDGE_CURVE('',#1371,#1379,#1381,.T.);
#1379 = VERTEX_POINT('',#1380);
#1380 = CARTESIAN_POINT('',(62.5,74.15,22.));
#1381 = LINE('',#1382,#1383);
#1382 = CARTESIAN_POINT('',(62.5,74.15,20.));
#1383 = VECTOR('',#1384,1.);
#1384 = DIRECTION('',(0.,-2.22044604925E-16,1.));
#1385 = ORIENTED_EDGE('',*,*,#1386,.T.);
#1386 = EDGE_CURVE('',#1379,#1387,#1389,.T.);
#1387 = VERTEX_POINT('',#1388);
#1388 = CARTESIAN_POINT('',(62.5,80.15,28.));
#1389 = LINE('',#1390,#1391);
#1390 = CARTESIAN_POINT('',(62.5,89.65,37.5));
#1391 = VECTOR('',#1392,1.);
#1392 = DIRECTION('',(0.,0.707106781187,0.707106781187));
#1393 = ORIENTED_EDGE('',*,*,#1394,.T.);
#1394 = EDGE_CURVE('',#1387,#1395,#1397,.T.);
#1395 = VERTEX_POINT('',#1396);
#1396 = CARTESIAN_POINT('',(62.5,84.15,28.));
#1397 = LINE('',#1398,#1399);
#1398 = CARTESIAN_POINT('',(62.5,106.15,28.));
#1399 = VECTOR('',#1400,1.);
#1400 = DIRECTION('',(0.,1.,2.22044604925E-16));
#1401 = ORIENTED_EDGE('',*,*,#1402,.T.);
#1402 = EDGE_CURVE('',#1395,#1361,#1403,.T.);
#1403 = LINE('',#1404,#1405);
#1404 = CARTESIAN_POINT('',(62.5,100.65,11.5));
#1405 = VECTOR('',#1406,1.);
#1406 = DIRECTION('',(0.,0.707106781187,-0.707106781187));
#1407 = PLANE('',#1408);
#1408 = AXIS2_PLACEMENT_3D('',#1409,#1410,#1411);
#1409 = CARTESIAN_POINT('',(62.5,128.15,18.));
#1410 = DIRECTION('',(-1.,-0.,0.));
#1411 = DIRECTION('',(0.,1.110223024625E-16,-1.));
#1412 = ADVANCED_FACE('',(#1413,#1447,#1497,#1547,#1597,#1647),#1697,.T.
  );
#1413 = FACE_BOUND('',#1414,.F.);
#1414 = EDGE_LOOP('',(#1415,#1423,#1431,#1439,#1445,#1446));
#1415 = ORIENTED_EDGE('',*,*,#1416,.F.);
#1416 = EDGE_CURVE('',#1417,#111,#1419,.T.);
#1417 = VERTEX_POINT('',#1418);
#1418 = CARTESIAN_POINT('',(201.5,62.15,4.));
#1419 = LINE('',#1420,#1421);
#1420 = CARTESIAN_POINT('',(201.5,62.15,2.84217094304E-14));
#1421 = VECTOR('',#1422,1.);
#1422 = DIRECTION('',(0.,-1.110223024625E-16,1.));
#1423 = ORIENTED_EDGE('',*,*,#1424,.T.);
#1424 = EDGE_CURVE('',#1417,#1425,#1427,.T.);
#1425 = VERTEX_POINT('',#1426);
#1426 = CARTESIAN_POINT('',(197.5,62.15,5.684341886081E-14));
#1427 = LINE('',#1428,#1429);
#1428 = CARTESIAN_POINT('',(185.625,62.15,-11.875));
#1429 = VECTOR('',#1430,1.);
#1430 = DIRECTION('',(-0.707106781187,9.524207825396E-18,-0.707106781187
    ));
#1431 = ORIENTED_EDGE('',*,*,#1432,.T.);
#1432 = EDGE_CURVE('',#1425,#1433,#1435,.T.);
#1433 = VERTEX_POINT('',#1434);
#1434 = CARTESIAN_POINT('',(66.5,62.15,5.684341886081E-14));
#1435 = LINE('',#1436,#1437);
#1436 = CARTESIAN_POINT('',(201.5,62.15,2.84217094304E-14));
#1437 = VECTOR('',#1438,1.);
#1438 = DIRECTION('',(-1.,-0.,0.));
#1439 = ORIENTED_EDGE('',*,*,#1440,.T.);
#1440 = EDGE_CURVE('',#1433,#1035,#1441,.T.);
#1441 = LINE('',#1442,#1443);
#1442 = CARTESIAN_POINT('',(76.375,62.15,-9.875));
#1443 = VECTOR('',#1444,1.);
#1444 = DIRECTION('',(-0.707106781187,-9.524207825396E-18,0.707106781187
    ));
#1445 = ORIENTED_EDGE('',*,*,#1034,.T.);
#1446 = ORIENTED_EDGE('',*,*,#118,.F.);
#1447 = FACE_BOUND('',#1448,.F.);
#1448 = EDGE_LOOP('',(#1449,#1459,#1467,#1475,#1483,#1491));
#1449 = ORIENTED_EDGE('',*,*,#1450,.T.);
#1450 = EDGE_CURVE('',#1451,#1453,#1455,.T.);
#1451 = VERTEX_POINT('',#1452);
#1452 = CARTESIAN_POINT('',(164.5,62.15,22.));
#1453 = VERTEX_POINT('',#1454);
#1454 = CARTESIAN_POINT('',(164.5,62.15,10.));
#1455 = LINE('',#1456,#1457);
#1456 = CARTESIAN_POINT('',(164.5,62.15,14.));
#1457 = VECTOR('',#1458,1.);
#1458 = DIRECTION('',(0.,1.110223024625E-16,-1.));
#1459 = ORIENTED_EDGE('',*,*,#1460,.T.);
#1460 = EDGE_CURVE('',#1453,#1461,#1463,.T.);
#1461 = VERTEX_POINT('',#1462);
#1462 = CARTESIAN_POINT('',(180.5,62.15,10.));
#1463 = LINE('',#1464,#1465);
#1464 = CARTESIAN_POINT('',(156.25,62.15,10.));
#1465 = VECTOR('',#1466,1.);
#1466 = DIRECTION('',(1.,0.,0.));
#1467 = ORIENTED_EDGE('',*,*,#1468,.T.);
#1468 = EDGE_CURVE('',#1461,#1469,#1471,.T.);
#1469 = VERTEX_POINT('',#1470);
#1470 = CARTESIAN_POINT('',(180.5,62.15,22.));
#1471 = LINE('',#1472,#1473);
#1472 = CARTESIAN_POINT('',(180.5,62.15,20.));
#1473 = VECTOR('',#1474,1.);
#1474 = DIRECTION('',(0.,-1.110223024625E-16,1.));
#1475 = ORIENTED_EDGE('',*,*,#1476,.T.);
#1476 = EDGE_CURVE('',#1469,#1477,#1479,.T.);
#1477 = VERTEX_POINT('',#1478);
#1478 = CARTESIAN_POINT('',(174.5,62.15,28.));
#1479 = LINE('',#1480,#1481);
#1480 = CARTESIAN_POINT('',(166.375,62.15,36.125));
#1481 = VECTOR('',#1482,1.);
#1482 = DIRECTION('',(-0.707106781187,0.,0.707106781187));
#1483 = ORIENTED_EDGE('',*,*,#1484,.T.);
#1484 = EDGE_CURVE('',#1477,#1485,#1487,.T.);
#1485 = VERTEX_POINT('',#1486);
#1486 = CARTESIAN_POINT('',(170.5,62.15,28.));
#1487 = LINE('',#1488,#1489);
#1488 = CARTESIAN_POINT('',(151.25,62.15,28.));
#1489 = VECTOR('',#1490,1.);
#1490 = DIRECTION('',(-1.,-0.,0.));
#1491 = ORIENTED_EDGE('',*,*,#1492,.T.);
#1492 = EDGE_CURVE('',#1485,#1451,#1493,.T.);
#1493 = LINE('',#1494,#1495);
#1494 = CARTESIAN_POINT('',(155.375,62.15,12.875));
#1495 = VECTOR('',#1496,1.);
#1496 = DIRECTION('',(-0.707106781187,0.,-0.707106781187));
#1497 = FACE_BOUND('',#1498,.F.);
#1498 = EDGE_LOOP('',(#1499,#1509,#1517,#1525,#1533,#1541));
#1499 = ORIENTED_EDGE('',*,*,#1500,.T.);
#1500 = EDGE_CURVE('',#1501,#1503,#1505,.T.);
#1501 = VERTEX_POINT('',#1502);
#1502 = CARTESIAN_POINT('',(142.5,62.15,22.));
#1503 = VERTEX_POINT('',#1504);
#1504 = CARTESIAN_POINT('',(142.5,62.15,10.));
#1505 = LINE('',#1506,#1507);
#1506 = CARTESIAN_POINT('',(142.5,62.15,14.));
#1507 = VECTOR('',#1508,1.);
#1508 = DIRECTION('',(0.,1.110223024625E-16,-1.));
#1509 = ORIENTED_EDGE('',*,*,#1510,.T.);
#1510 = EDGE_CURVE('',#1503,#1511,#1513,.T.);
#1511 = VERTEX_POINT('',#1512);
#1512 = CARTESIAN_POINT('',(158.5,62.15,10.));
#1513 = LINE('',#1514,#1515);
#1514 = CARTESIAN_POINT('',(145.25,62.15,10.));
#1515 = VECTOR('',#1516,1.);
#1516 = DIRECTION('',(1.,0.,0.));
#1517 = ORIENTED_EDGE('',*,*,#1518,.T.);
#1518 = EDGE_CURVE('',#1511,#1519,#1521,.T.);
#1519 = VERTEX_POINT('',#1520);
#1520 = CARTESIAN_POINT('',(158.5,62.15,22.));
#1521 = LINE('',#1522,#1523);
#1522 = CARTESIAN_POINT('',(158.5,62.15,20.));
#1523 = VECTOR('',#1524,1.);
#1524 = DIRECTION('',(0.,-1.110223024625E-16,1.));
#1525 = ORIENTED_EDGE('',*,*,#1526,.T.);
#1526 = EDGE_CURVE('',#1519,#1527,#1529,.T.);
#1527 = VERTEX_POINT('',#1528);
#1528 = CARTESIAN_POINT('',(152.5,62.15,28.));
#1529 = LINE('',#1530,#1531);
#1530 = CARTESIAN_POINT('',(149.875,62.15,30.625));
#1531 = VECTOR('',#1532,1.);
#1532 = DIRECTION('',(-0.707106781187,0.,0.707106781187));
#1533 = ORIENTED_EDGE('',*,*,#1534,.T.);
#1534 = EDGE_CURVE('',#1527,#1535,#1537,.T.);
#1535 = VERTEX_POINT('',#1536);
#1536 = CARTESIAN_POINT('',(148.5,62.15,28.));
#1537 = LINE('',#1538,#1539);
#1538 = CARTESIAN_POINT('',(140.25,62.15,28.));
#1539 = VECTOR('',#1540,1.);
#1540 = DIRECTION('',(-1.,-0.,0.));
#1541 = ORIENTED_EDGE('',*,*,#1542,.T.);
#1542 = EDGE_CURVE('',#1535,#1501,#1543,.T.);
#1543 = LINE('',#1544,#1545);
#1544 = CARTESIAN_POINT('',(138.875,62.15,18.375));
#1545 = VECTOR('',#1546,1.);
#1546 = DIRECTION('',(-0.707106781187,0.,-0.707106781187));
#1547 = FACE_BOUND('',#1548,.F.);
#1548 = EDGE_LOOP('',(#1549,#1559,#1567,#1575,#1583,#1591));
#1549 = ORIENTED_EDGE('',*,*,#1550,.T.);
#1550 = EDGE_CURVE('',#1551,#1553,#1555,.T.);
#1551 = VERTEX_POINT('',#1552);
#1552 = CARTESIAN_POINT('',(120.5,62.15,22.));
#1553 = VERTEX_POINT('',#1554);
#1554 = CARTESIAN_POINT('',(120.5,62.15,10.));
#1555 = LINE('',#1556,#1557);
#1556 = CARTESIAN_POINT('',(120.5,62.15,14.));
#1557 = VECTOR('',#1558,1.);
#1558 = DIRECTION('',(0.,1.110223024625E-16,-1.));
#1559 = ORIENTED_EDGE('',*,*,#1560,.T.);
#1560 = EDGE_CURVE('',#1553,#1561,#1563,.T.);
#1561 = VERTEX_POINT('',#1562);
#1562 = CARTESIAN_POINT('',(136.5,62.15,10.));
#1563 = LINE('',#1564,#1565);
#1564 = CARTESIAN_POINT('',(134.25,62.15,10.));
#1565 = VECTOR('',#1566,1.);
#1566 = DIRECTION('',(1.,0.,0.));
#1567 = ORIENTED_EDGE('',*,*,#1568,.T.);
#1568 = EDGE_CURVE('',#1561,#1569,#1571,.T.);
#1569 = VERTEX_POINT('',#1570);
#1570 = CARTESIAN_POINT('',(136.5,62.15,22.));
#1571 = LINE('',#1572,#1573);
#1572 = CARTESIAN_POINT('',(136.5,62.15,20.));
#1573 = VECTOR('',#1574,1.);
#1574 = DIRECTION('',(0.,-1.110223024625E-16,1.));
#1575 = ORIENTED_EDGE('',*,*,#1576,.T.);
#1576 = EDGE_CURVE('',#1569,#1577,#1579,.T.);
#1577 = VERTEX_POINT('',#1578);
#1578 = CARTESIAN_POINT('',(130.5,62.15,28.));
#1579 = LINE('',#1580,#1581);
#1580 = CARTESIAN_POINT('',(133.375,62.15,25.125));
#1581 = VECTOR('',#1582,1.);
#1582 = DIRECTION('',(-0.707106781187,0.,0.707106781187));
#1583 = ORIENTED_EDGE('',*,*,#1584,.T.);
#1584 = EDGE_CURVE('',#1577,#1585,#1587,.T.);
#1585 = VERTEX_POINT('',#1586);
#1586 = CARTESIAN_POINT('',(126.5,62.15,28.));
#1587 = LINE('',#1588,#1589);
#1588 = CARTESIAN_POINT('',(129.25,62.15,28.));
#1589 = VECTOR('',#1590,1.);
#1590 = DIRECTION('',(-1.,-0.,0.));
#1591 = ORIENTED_EDGE('',*,*,#1592,.T.);
#1592 = EDGE_CURVE('',#1585,#1551,#1593,.T.);
#1593 = LINE('',#1594,#1595);
#1594 = CARTESIAN_POINT('',(122.375,62.15,23.875));
#1595 = VECTOR('',#1596,1.);
#1596 = DIRECTION('',(-0.707106781187,0.,-0.707106781187));
#1597 = FACE_BOUND('',#1598,.F.);
#1598 = EDGE_LOOP('',(#1599,#1609,#1617,#1625,#1633,#1641));
#1599 = ORIENTED_EDGE('',*,*,#1600,.T.);
#1600 = EDGE_CURVE('',#1601,#1603,#1605,.T.);
#1601 = VERTEX_POINT('',#1602);
#1602 = CARTESIAN_POINT('',(98.5,62.15,22.));
#1603 = VERTEX_POINT('',#1604);
#1604 = CARTESIAN_POINT('',(98.5,62.15,10.));
#1605 = LINE('',#1606,#1607);
#1606 = CARTESIAN_POINT('',(98.5,62.15,14.));
#1607 = VECTOR('',#1608,1.);
#1608 = DIRECTION('',(0.,1.110223024625E-16,-1.));
#1609 = ORIENTED_EDGE('',*,*,#1610,.T.);
#1610 = EDGE_CURVE('',#1603,#1611,#1613,.T.);
#1611 = VERTEX_POINT('',#1612);
#1612 = CARTESIAN_POINT('',(114.5,62.15,10.));
#1613 = LINE('',#1614,#1615);
#1614 = CARTESIAN_POINT('',(123.25,62.15,10.));
#1615 = VECTOR('',#1616,1.);
#1616 = DIRECTION('',(1.,0.,0.));
#1617 = ORIENTED_EDGE('',*,*,#1618,.T.);
#1618 = EDGE_CURVE('',#1611,#1619,#1621,.T.);
#1619 = VERTEX_POINT('',#1620);
#1620 = CARTESIAN_POINT('',(114.5,62.15,22.));
#1621 = LINE('',#1622,#1623);
#1622 = CARTESIAN_POINT('',(114.5,62.15,20.));
#1623 = VECTOR('',#1624,1.);
#1624 = DIRECTION('',(0.,-1.110223024625E-16,1.));
#1625 = ORIENTED_EDGE('',*,*,#1626,.T.);
#1626 = EDGE_CURVE('',#1619,#1627,#1629,.T.);
#1627 = VERTEX_POINT('',#1628);
#1628 = CARTESIAN_POINT('',(108.5,62.15,28.));
#1629 = LINE('',#1630,#1631);
#1630 = CARTESIAN_POINT('',(116.875,62.15,19.625));
#1631 = VECTOR('',#1632,1.);
#1632 = DIRECTION('',(-0.707106781187,0.,0.707106781187));
#1633 = ORIENTED_EDGE('',*,*,#1634,.T.);
#1634 = EDGE_CURVE('',#1627,#1635,#1637,.T.);
#1635 = VERTEX_POINT('',#1636);
#1636 = CARTESIAN_POINT('',(104.5,62.15,28.));
#1637 = LINE('',#1638,#1639);
#1638 = CARTESIAN_POINT('',(118.25,62.15,28.));
#1639 = VECTOR('',#1640,1.);
#1640 = DIRECTION('',(-1.,-0.,0.));
#1641 = ORIENTED_EDGE('',*,*,#1642,.T.);
#1642 = EDGE_CURVE('',#1635,#1601,#1643,.T.);
#1643 = LINE('',#1644,#1645);
#1644 = CARTESIAN_POINT('',(105.875,62.15,29.375));
#1645 = VECTOR('',#1646,1.);
#1646 = DIRECTION('',(-0.707106781187,0.,-0.707106781187));
#1647 = FACE_BOUND('',#1648,.F.);
#1648 = EDGE_LOOP('',(#1649,#1659,#1667,#1675,#1683,#1691));
#1649 = ORIENTED_EDGE('',*,*,#1650,.T.);
#1650 = EDGE_CURVE('',#1651,#1653,#1655,.T.);
#1651 = VERTEX_POINT('',#1652);
#1652 = CARTESIAN_POINT('',(76.5,62.15,22.));
#1653 = VERTEX_POINT('',#1654);
#1654 = CARTESIAN_POINT('',(76.5,62.15,10.));
#1655 = LINE('',#1656,#1657);
#1656 = CARTESIAN_POINT('',(76.5,62.15,14.));
#1657 = VECTOR('',#1658,1.);
#1658 = DIRECTION('',(0.,1.110223024625E-16,-1.));
#1659 = ORIENTED_EDGE('',*,*,#1660,.T.);
#1660 = EDGE_CURVE('',#1653,#1661,#1663,.T.);
#1661 = VERTEX_POINT('',#1662);
#1662 = CARTESIAN_POINT('',(92.5,62.15,10.));
#1663 = LINE('',#1664,#1665);
#1664 = CARTESIAN_POINT('',(112.25,62.15,10.));
#1665 = VECTOR('',#1666,1.);
#1666 = DIRECTION('',(1.,0.,0.));
#1667 = ORIENTED_EDGE('',*,*,#1668,.T.);
#1668 = EDGE_CURVE('',#1661,#1669,#1671,.T.);
#1669 = VERTEX_POINT('',#1670);
#1670 = CARTESIAN_POINT('',(92.5,62.15,22.));
#1671 = LINE('',#1672,#1673);
#1672 = CARTESIAN_POINT('',(92.5,62.15,20.));
#1673 = VECTOR('',#1674,1.);
#1674 = DIRECTION('',(0.,-1.110223024625E-16,1.));
#1675 = ORIENTED_EDGE('',*,*,#1676,.T.);
#1676 = EDGE_CURVE('',#1669,#1677,#1679,.T.);
#1677 = VERTEX_POINT('',#1678);
#1678 = CARTESIAN_POINT('',(86.5,62.15,28.));
#1679 = LINE('',#1680,#1681);
#1680 = CARTESIAN_POINT('',(100.375,62.15,14.125));
#1681 = VECTOR('',#1682,1.);
#1682 = DIRECTION('',(-0.707106781187,0.,0.707106781187));
#1683 = ORIENTED_EDGE('',*,*,#1684,.T.);
#1684 = EDGE_CURVE('',#1677,#1685,#1687,.T.);
#1685 = VERTEX_POINT('',#1686);
#1686 = CARTESIAN_POINT('',(82.5,62.15,28.));
#1687 = LINE('',#1688,#1689);
#1688 = CARTESIAN_POINT('',(107.25,62.15,28.));
#1689 = VECTOR('',#1690,1.);
#1690 = DIRECTION('',(-1.,-0.,0.));
#1691 = ORIENTED_EDGE('',*,*,#1692,.T.);
#1692 = EDGE_CURVE('',#1685,#1651,#1693,.T.);
#1693 = LINE('',#1694,#1695);
#1694 = CARTESIAN_POINT('',(89.375,62.15,34.875));
#1695 = VECTOR('',#1696,1.);
#1696 = DIRECTION('',(-0.707106781187,0.,-0.707106781187));
#1697 = PLANE('',#1698);
#1698 = AXIS2_PLACEMENT_3D('',#1699,#1700,#1701);
#1699 = CARTESIAN_POINT('',(132.,62.15,18.));
#1700 = DIRECTION('',(0.,-1.,-1.110223024625E-16));
#1701 = DIRECTION('',(0.,-1.110223024625E-16,1.));
#1702 = ADVANCED_FACE('',(#1703,#1721,#1771,#1821,#1871,#1921,#1971),
  #2021,.T.);
#1703 = FACE_BOUND('',#1704,.F.);
#1704 = EDGE_LOOP('',(#1705,#1713,#1719,#1720));
#1705 = ORIENTED_EDGE('',*,*,#1706,.T.);
#1706 = EDGE_CURVE('',#103,#1707,#1709,.T.);
#1707 = VERTEX_POINT('',#1708);
#1708 = CARTESIAN_POINT('',(201.5,193.85,4.));
#1709 = LINE('',#1710,#1711);
#1710 = CARTESIAN_POINT('',(201.5,193.85,22.));
#1711 = VECTOR('',#1712,1.);
#1712 = DIRECTION('',(0.,-2.22044604925E-16,-1.));
#1713 = ORIENTED_EDGE('',*,*,#1714,.T.);
#1714 = EDGE_CURVE('',#1707,#1417,#1715,.T.);
#1715 = LINE('',#1716,#1717);
#1716 = CARTESIAN_POINT('',(201.5,195.15,4.));
#1717 = VECTOR('',#1718,1.);
#1718 = DIRECTION('',(-0.,-1.,2.22044604925E-16));
#1719 = ORIENTED_EDGE('',*,*,#1416,.T.);
#1720 = ORIENTED_EDGE('',*,*,#110,.F.);
#1721 = FACE_BOUND('',#1722,.F.);
#1722 = EDGE_LOOP('',(#1723,#1733,#1741,#1749,#1757,#1765));
#1723 = ORIENTED_EDGE('',*,*,#1724,.T.);
#1724 = EDGE_CURVE('',#1725,#1727,#1729,.T.);
#1725 = VERTEX_POINT('',#1726);
#1726 = CARTESIAN_POINT('',(201.5,174.15,22.));
#1727 = VERTEX_POINT('',#1728);
#1728 = CARTESIAN_POINT('',(201.5,174.15,10.));
#1729 = LINE('',#1730,#1731);
#1730 = CARTESIAN_POINT('',(201.5,174.15,20.));
#1731 = VECTOR('',#1732,1.);
#1732 = DIRECTION('',(0.,2.22044604925E-16,-1.));
#1733 = ORIENTED_EDGE('',*,*,#1734,.T.);
#1734 = EDGE_CURVE('',#1727,#1735,#1737,.T.);
#1735 = VERTEX_POINT('',#1736);
#1736 = CARTESIAN_POINT('',(201.5,190.15,10.));
#1737 = LINE('',#1738,#1739);
#1738 = CARTESIAN_POINT('',(201.5,151.15,10.));
#1739 = VECTOR('',#1740,1.);
#1740 = DIRECTION('',(0.,1.,2.22044604925E-16));
#1741 = ORIENTED_EDGE('',*,*,#1742,.T.);
#1742 = EDGE_CURVE('',#1735,#1743,#1745,.T.);
#1743 = VERTEX_POINT('',#1744);
#1744 = CARTESIAN_POINT('',(201.5,190.15,22.));
#1745 = LINE('',#1746,#1747);
#1746 = CARTESIAN_POINT('',(201.5,190.15,14.));
#1747 = VECTOR('',#1748,1.);
#1748 = DIRECTION('',(0.,-2.22044604925E-16,1.));
#1749 = ORIENTED_EDGE('',*,*,#1750,.T.);
#1750 = EDGE_CURVE('',#1743,#1751,#1753,.T.);
#1751 = VERTEX_POINT('',#1752);
#1752 = CARTESIAN_POINT('',(201.5,184.15,28.));
#1753 = LINE('',#1754,#1755);
#1754 = CARTESIAN_POINT('',(201.5,175.65,36.5));
#1755 = VECTOR('',#1756,1.);
#1756 = DIRECTION('',(-0.,-0.707106781187,0.707106781187));
#1757 = ORIENTED_EDGE('',*,*,#1758,.T.);
#1758 = EDGE_CURVE('',#1751,#1759,#1761,.T.);
#1759 = VERTEX_POINT('',#1760);
#1760 = CARTESIAN_POINT('',(201.5,180.15,28.));
#1761 = LINE('',#1762,#1763);
#1762 = CARTESIAN_POINT('',(201.5,156.15,28.));
#1763 = VECTOR('',#1764,1.);
#1764 = DIRECTION('',(-0.,-1.,-2.22044604925E-16));
#1765 = ORIENTED_EDGE('',*,*,#1766,.T.);
#1766 = EDGE_CURVE('',#1759,#1725,#1767,.T.);
#1767 = LINE('',#1768,#1769);
#1768 = CARTESIAN_POINT('',(201.5,164.65,12.5));
#1769 = VECTOR('',#1770,1.);
#1770 = DIRECTION('',(0.,-0.707106781187,-0.707106781187));
#1771 = FACE_BOUND('',#1772,.F.);
#1772 = EDGE_LOOP('',(#1773,#1783,#1791,#1799,#1807,#1815));
#1773 = ORIENTED_EDGE('',*,*,#1774,.T.);
#1774 = EDGE_CURVE('',#1775,#1777,#1779,.T.);
#1775 = VERTEX_POINT('',#1776);
#1776 = CARTESIAN_POINT('',(201.5,154.15,22.));
#1777 = VERTEX_POINT('',#1778);
#1778 = CARTESIAN_POINT('',(201.5,154.15,10.));
#1779 = LINE('',#1780,#1781);
#1780 = CARTESIAN_POINT('',(201.5,154.15,20.));
#1781 = VECTOR('',#1782,1.);
#1782 = DIRECTION('',(0.,2.22044604925E-16,-1.));
#1783 = ORIENTED_EDGE('',*,*,#1784,.T.);
#1784 = EDGE_CURVE('',#1777,#1785,#1787,.T.);
#1785 = VERTEX_POINT('',#1786);
#1786 = CARTESIAN_POINT('',(201.5,170.15,10.));
#1787 = LINE('',#1788,#1789);
#1788 = CARTESIAN_POINT('',(201.5,141.15,10.));
#1789 = VECTOR('',#1790,1.);
#1790 = DIRECTION('',(0.,1.,2.22044604925E-16));
#1791 = ORIENTED_EDGE('',*,*,#1792,.T.);
#1792 = EDGE_CURVE('',#1785,#1793,#1795,.T.);
#1793 = VERTEX_POINT('',#1794);
#1794 = CARTESIAN_POINT('',(201.5,170.15,22.));
#1795 = LINE('',#1796,#1797);
#1796 = CARTESIAN_POINT('',(201.5,170.15,14.));
#1797 = VECTOR('',#1798,1.);
#1798 = DIRECTION('',(0.,-2.22044604925E-16,1.));
#1799 = ORIENTED_EDGE('',*,*,#1800,.T.);
#1800 = EDGE_CURVE('',#1793,#1801,#1803,.T.);
#1801 = VERTEX_POINT('',#1802);
#1802 = CARTESIAN_POINT('',(201.5,164.15,28.));
#1803 = LINE('',#1804,#1805);
#1804 = CARTESIAN_POINT('',(201.5,160.65,31.5));
#1805 = VECTOR('',#1806,1.);
#1806 = DIRECTION('',(-0.,-0.707106781187,0.707106781187));
#1807 = ORIENTED_EDGE('',*,*,#1808,.T.);
#1808 = EDGE_CURVE('',#1801,#1809,#1811,.T.);
#1809 = VERTEX_POINT('',#1810);
#1810 = CARTESIAN_POINT('',(201.5,160.15,28.));
#1811 = LINE('',#1812,#1813);
#1812 = CARTESIAN_POINT('',(201.5,146.15,28.));
#1813 = VECTOR('',#1814,1.);
#1814 = DIRECTION('',(-0.,-1.,-2.22044604925E-16));
#1815 = ORIENTED_EDGE('',*,*,#1816,.T.);
#1816 = EDGE_CURVE('',#1809,#1775,#1817,.T.);
#1817 = LINE('',#1818,#1819);
#1818 = CARTESIAN_POINT('',(201.5,149.65,17.5));
#1819 = VECTOR('',#1820,1.);
#1820 = DIRECTION('',(0.,-0.707106781187,-0.707106781187));
#1821 = FACE_BOUND('',#1822,.F.);
#1822 = EDGE_LOOP('',(#1823,#1833,#1841,#1849,#1857,#1865));
#1823 = ORIENTED_EDGE('',*,*,#1824,.T.);
#1824 = EDGE_CURVE('',#1825,#1827,#1829,.T.);
#1825 = VERTEX_POINT('',#1826);
#1826 = CARTESIAN_POINT('',(201.5,134.15,22.));
#1827 = VERTEX_POINT('',#1828);
#1828 = CARTESIAN_POINT('',(201.5,134.15,10.));
#1829 = LINE('',#1830,#1831);
#1830 = CARTESIAN_POINT('',(201.5,134.15,20.));
#1831 = VECTOR('',#1832,1.);
#1832 = DIRECTION('',(0.,2.22044604925E-16,-1.));
#1833 = ORIENTED_EDGE('',*,*,#1834,.T.);
#1834 = EDGE_CURVE('',#1827,#1835,#1837,.T.);
#1835 = VERTEX_POINT('',#1836);
#1836 = CARTESIAN_POINT('',(201.5,150.15,10.));
#1837 = LINE('',#1838,#1839);
#1838 = CARTESIAN_POINT('',(201.5,131.15,10.));
#1839 = VECTOR('',#1840,1.);
#1840 = DIRECTION('',(0.,1.,2.22044604925E-16));
#1841 = ORIENTED_EDGE('',*,*,#1842,.T.);
#1842 = EDGE_CURVE('',#1835,#1843,#1845,.T.);
#1843 = VERTEX_POINT('',#1844);
#1844 = CARTESIAN_POINT('',(201.5,150.15,22.));
#1845 = LINE('',#1846,#1847);
#1846 = CARTESIAN_POINT('',(201.5,150.15,14.));
#1847 = VECTOR('',#1848,1.);
#1848 = DIRECTION('',(0.,-2.22044604925E-16,1.));
#1849 = ORIENTED_EDGE('',*,*,#1850,.T.);
#1850 = EDGE_CURVE('',#1843,#1851,#1853,.T.);
#1851 = VERTEX_POINT('',#1852);
#1852 = CARTESIAN_POINT('',(201.5,144.15,28.));
#1853 = LINE('',#1854,#1855);
#1854 = CARTESIAN_POINT('',(201.5,145.65,26.5));
#1855 = VECTOR('',#1856,1.);
#1856 = DIRECTION('',(-0.,-0.707106781187,0.707106781187));
#1857 = ORIENTED_EDGE('',*,*,#1858,.T.);
#1858 = EDGE_CURVE('',#1851,#1859,#1861,.T.);
#1859 = VERTEX_POINT('',#1860);
#1860 = CARTESIAN_POINT('',(201.5,140.15,28.));
#1861 = LINE('',#1862,#1863);
#1862 = CARTESIAN_POINT('',(201.5,136.15,28.));
#1863 = VECTOR('',#1864,1.);
#1864 = DIRECTION('',(-0.,-1.,-2.22044604925E-16));
#1865 = ORIENTED_EDGE('',*,*,#1866,.T.);
#1866 = EDGE_CURVE('',#1859,#1825,#1867,.T.);
#1867 = LINE('',#1868,#1869);
#1868 = CARTESIAN_POINT('',(201.5,134.65,22.5));
#1869 = VECTOR('',#1870,1.);
#1870 = DIRECTION('',(0.,-0.707106781187,-0.707106781187));
#1871 = FACE_BOUND('',#1872,.F.);
#1872 = EDGE_LOOP('',(#1873,#1883,#1891,#1899,#1907,#1915));
#1873 = ORIENTED_EDGE('',*,*,#1874,.T.);
#1874 = EDGE_CURVE('',#1875,#1877,#1879,.T.);
#1875 = VERTEX_POINT('',#1876);
#1876 = CARTESIAN_POINT('',(201.5,114.15,22.));
#1877 = VERTEX_POINT('',#1878);
#1878 = CARTESIAN_POINT('',(201.5,114.15,10.));
#1879 = LINE('',#1880,#1881);
#1880 = CARTESIAN_POINT('',(201.5,114.15,20.));
#1881 = VECTOR('',#1882,1.);
#1882 = DIRECTION('',(0.,2.22044604925E-16,-1.));
#1883 = ORIENTED_EDGE('',*,*,#1884,.T.);
#1884 = EDGE_CURVE('',#1877,#1885,#1887,.T.);
#1885 = VERTEX_POINT('',#1886);
#1886 = CARTESIAN_POINT('',(201.5,130.15,10.));
#1887 = LINE('',#1888,#1889);
#1888 = CARTESIAN_POINT('',(201.5,121.15,10.));
#1889 = VECTOR('',#1890,1.);
#1890 = DIRECTION('',(0.,1.,2.22044604925E-16));
#1891 = ORIENTED_EDGE('',*,*,#1892,.T.);
#1892 = EDGE_CURVE('',#1885,#1893,#1895,.T.);
#1893 = VERTEX_POINT('',#1894);
#1894 = CARTESIAN_POINT('',(201.5,130.15,22.));
#1895 = LINE('',#1896,#1897);
#1896 = CARTESIAN_POINT('',(201.5,130.15,14.));
#1897 = VECTOR('',#1898,1.);
#1898 = DIRECTION('',(0.,-2.22044604925E-16,1.));
#1899 = ORIENTED_EDGE('',*,*,#1900,.T.);
#1900 = EDGE_CURVE('',#1893,#1901,#1903,.T.);
#1901 = VERTEX_POINT('',#1902);
#1902 = CARTESIAN_POINT('',(201.5,124.15,28.));
#1903 = LINE('',#1904,#1905);
#1904 = CARTESIAN_POINT('',(201.5,130.65,21.5));
#1905 = VECTOR('',#1906,1.);
#1906 = DIRECTION('',(-0.,-0.707106781187,0.707106781187));
#1907 = ORIENTED_EDGE('',*,*,#1908,.T.);
#1908 = EDGE_CURVE('',#1901,#1909,#1911,.T.);
#1909 = VERTEX_POINT('',#1910);
#1910 = CARTESIAN_POINT('',(201.5,120.15,28.));
#1911 = LINE('',#1912,#1913);
#1912 = CARTESIAN_POINT('',(201.5,126.15,28.));
#1913 = VECTOR('',#1914,1.);
#1914 = DIRECTION('',(-0.,-1.,-2.22044604925E-16));
#1915 = ORIENTED_EDGE('',*,*,#1916,.T.);
#1916 = EDGE_CURVE('',#1909,#1875,#1917,.T.);
#1917 = LINE('',#1918,#1919);
#1918 = CARTESIAN_POINT('',(201.5,119.65,27.5));
#1919 = VECTOR('',#1920,1.);
#1920 = DIRECTION('',(0.,-0.707106781187,-0.707106781187));
#1921 = FACE_BOUND('',#1922,.F.);
#1922 = EDGE_LOOP('',(#1923,#1933,#1941,#1949,#1957,#1965));
#1923 = ORIENTED_EDGE('',*,*,#1924,.T.);
#1924 = EDGE_CURVE('',#1925,#1927,#1929,.T.);
#1925 = VERTEX_POINT('',#1926);
#1926 = CARTESIAN_POINT('',(201.5,94.15,22.));
#1927 = VERTEX_POINT('',#1928);
#1928 = CARTESIAN_POINT('',(201.5,94.15,10.));
#1929 = LINE('',#1930,#1931);
#1930 = CARTESIAN_POINT('',(201.5,94.15,20.));
#1931 = VECTOR('',#1932,1.);
#1932 = DIRECTION('',(0.,2.22044604925E-16,-1.));
#1933 = ORIENTED_EDGE('',*,*,#1934,.T.);
#1934 = EDGE_CURVE('',#1927,#1935,#1937,.T.);
#1935 = VERTEX_POINT('',#1936);
#1936 = CARTESIAN_POINT('',(201.5,110.15,10.));
#1937 = LINE('',#1938,#1939);
#1938 = CARTESIAN_POINT('',(201.5,111.15,10.));
#1939 = VECTOR('',#1940,1.);
#1940 = DIRECTION('',(0.,1.,2.22044604925E-16));
#1941 = ORIENTED_EDGE('',*,*,#1942,.T.);
#1942 = EDGE_CURVE('',#1935,#1943,#1945,.T.);
#1943 = VERTEX_POINT('',#1944);
#1944 = CARTESIAN_POINT('',(201.5,110.15,22.));
#1945 = LINE('',#1946,#1947);
#1946 = CARTESIAN_POINT('',(201.5,110.15,14.));
#1947 = VECTOR('',#1948,1.);
#1948 = DIRECTION('',(0.,-2.22044604925E-16,1.));
#1949 = ORIENTED_EDGE('',*,*,#1950,.T.);
#1950 = EDGE_CURVE('',#1943,#1951,#1953,.T.);
#1951 = VERTEX_POINT('',#1952);
#1952 = CARTESIAN_POINT('',(201.5,104.15,28.));
#1953 = LINE('',#1954,#1955);
#1954 = CARTESIAN_POINT('',(201.5,115.65,16.5));
#1955 = VECTOR('',#1956,1.);
#1956 = DIRECTION('',(-0.,-0.707106781187,0.707106781187));
#1957 = ORIENTED_EDGE('',*,*,#1958,.T.);
#1958 = EDGE_CURVE('',#1951,#1959,#1961,.T.);
#1959 = VERTEX_POINT('',#1960);
#1960 = CARTESIAN_POINT('',(201.5,100.15,28.));
#1961 = LINE('',#1962,#1963);
#1962 = CARTESIAN_POINT('',(201.5,116.15,28.));
#1963 = VECTOR('',#1964,1.);
#1964 = DIRECTION('',(-0.,-1.,-2.22044604925E-16));
#1965 = ORIENTED_EDGE('',*,*,#1966,.T.);
#1966 = EDGE_CURVE('',#1959,#1925,#1967,.T.);
#1967 = LINE('',#1968,#1969);
#1968 = CARTESIAN_POINT('',(201.5,104.65,32.5));
#1969 = VECTOR('',#1970,1.);
#1970 = DIRECTION('',(0.,-0.707106781187,-0.707106781187));
#1971 = FACE_BOUND('',#1972,.F.);
#1972 = EDGE_LOOP('',(#1973,#1983,#1991,#1999,#2007,#2015));
#1973 = ORIENTED_EDGE('',*,*,#1974,.T.);
#1974 = EDGE_CURVE('',#1975,#1977,#1979,.T.);
#1975 = VERTEX_POINT('',#1976);
#1976 = CARTESIAN_POINT('',(201.5,74.15,22.));
#1977 = VERTEX_POINT('',#1978);
#1978 = CARTESIAN_POINT('',(201.5,74.15,10.));
#1979 = LINE('',#1980,#1981);
#1980 = CARTESIAN_POINT('',(201.5,74.15,20.));
#1981 = VECTOR('',#1982,1.);
#1982 = DIRECTION('',(0.,2.22044604925E-16,-1.));
#1983 = ORIENTED_EDGE('',*,*,#1984,.T.);
#1984 = EDGE_CURVE('',#1977,#1985,#1987,.T.);
#1985 = VERTEX_POINT('',#1986);
#1986 = CARTESIAN_POINT('',(201.5,90.15,10.));
#1987 = LINE('',#1988,#1989);
#1988 = CARTESIAN_POINT('',(201.5,101.15,10.));
#1989 = VECTOR('',#1990,1.);
#1990 = DIRECTION('',(0.,1.,2.22044604925E-16));
#1991 = ORIENTED_EDGE('',*,*,#1992,.T.);
#1992 = EDGE_CURVE('',#1985,#1993,#1995,.T.);
#1993 = VERTEX_POINT('',#1994);
#1994 = CARTESIAN_POINT('',(201.5,90.15,22.));
#1995 = LINE('',#1996,#1997);
#1996 = CARTESIAN_POINT('',(201.5,90.15,14.));
#1997 = VECTOR('',#1998,1.);
#1998 = DIRECTION('',(0.,-2.22044604925E-16,1.));
#1999 = ORIENTED_EDGE('',*,*,#2000,.T.);
#2000 = EDGE_CURVE('',#1993,#2001,#2003,.T.);
#2001 = VERTEX_POINT('',#2002);
#2002 = CARTESIAN_POINT('',(201.5,84.15,28.));
#2003 = LINE('',#2004,#2005);
#2004 = CARTESIAN_POINT('',(201.5,100.65,11.5));
#2005 = VECTOR('',#2006,1.);
#2006 = DIRECTION('',(-0.,-0.707106781187,0.707106781187));
#2007 = ORIENTED_EDGE('',*,*,#2008,.T.);
#2008 = EDGE_CURVE('',#2001,#2009,#2011,.T.);
#2009 = VERTEX_POINT('',#2010);
#2010 = CARTESIAN_POINT('',(201.5,80.15,28.));
#2011 = LINE('',#2012,#2013);
#2012 = CARTESIAN_POINT('',(201.5,106.15,28.));
#2013 = VECTOR('',#2014,1.);
#2014 = DIRECTION('',(-0.,-1.,-2.22044604925E-16));
#2015 = ORIENTED_EDGE('',*,*,#2016,.T.);
#2016 = EDGE_CURVE('',#2009,#1975,#2017,.T.);
#2017 = LINE('',#2018,#2019);
#2018 = CARTESIAN_POINT('',(201.5,89.65,37.5));
#2019 = VECTOR('',#2020,1.);
#2020 = DIRECTION('',(0.,-0.707106781187,-0.707106781187));
#2021 = PLANE('',#2022);
#2022 = AXIS2_PLACEMENT_3D('',#2023,#2024,#2025);
#2023 = CARTESIAN_POINT('',(201.5,128.15,18.));
#2024 = DIRECTION('',(1.,0.,0.));
#2025 = DIRECTION('',(0.,-1.110223024625E-16,1.));
#2026 = ADVANCED_FACE('',(#2027),#2062,.T.);
#2027 = FACE_BOUND('',#2028,.F.);
#2028 = EDGE_LOOP('',(#2029,#2030,#2031,#2039,#2047,#2055,#2061));
#2029 = ORIENTED_EDGE('',*,*,#102,.F.);
#2030 = ORIENTED_EDGE('',*,*,#287,.F.);
#2031 = ORIENTED_EDGE('',*,*,#2032,.F.);
#2032 = EDGE_CURVE('',#2033,#280,#2035,.T.);
#2033 = VERTEX_POINT('',#2034);
#2034 = CARTESIAN_POINT('',(183.5,193.85,7.));
#2035 = LINE('',#2036,#2037);
#2036 = CARTESIAN_POINT('',(162.25,193.85,7.));
#2037 = VECTOR('',#2038,1.);
#2038 = DIRECTION('',(1.,0.,0.));
#2039 = ORIENTED_EDGE('',*,*,#2040,.T.);
#2040 = EDGE_CURVE('',#2033,#2041,#2043,.T.);
#2041 = VERTEX_POINT('',#2042);
#2042 = CARTESIAN_POINT('',(183.5,193.85,5.684341886081E-14));
#2043 = LINE('',#2044,#2045);
#2044 = CARTESIAN_POINT('',(183.5,193.85,13.));
#2045 = VECTOR('',#2046,1.);
#2046 = DIRECTION('',(0.,-2.22044604925E-16,-1.));
#2047 = ORIENTED_EDGE('',*,*,#2048,.F.);
#2048 = EDGE_CURVE('',#2049,#2041,#2051,.T.);
#2049 = VERTEX_POINT('',#2050);
#2050 = CARTESIAN_POINT('',(197.5,193.85,0.));
#2051 = LINE('',#2052,#2053);
#2052 = CARTESIAN_POINT('',(132.01323225361,193.85,5.684341886081E-14));
#2053 = VECTOR('',#2054,1.);
#2054 = DIRECTION('',(-1.,0.,0.));
#2055 = ORIENTED_EDGE('',*,*,#2056,.F.);
#2056 = EDGE_CURVE('',#1707,#2049,#2057,.T.);
#2057 = LINE('',#2058,#2059);
#2058 = CARTESIAN_POINT('',(187.625,193.85,-9.875));
#2059 = VECTOR('',#2060,1.);
#2060 = DIRECTION('',(-0.707106781187,-2.680315483309E-16,
    -0.707106781187));
#2061 = ORIENTED_EDGE('',*,*,#1706,.F.);
#2062 = PLANE('',#2063);
#2063 = AXIS2_PLACEMENT_3D('',#2064,#2065,#2066);
#2064 = CARTESIAN_POINT('',(132.,193.85,26.));
#2065 = DIRECTION('',(0.,1.,-2.22044604925E-16));
#2066 = DIRECTION('',(0.,-2.22044604925E-16,-1.));
#2067 = ADVANCED_FACE('',(#2068),#2093,.T.);
#2068 = FACE_BOUND('',#2069,.F.);
#2069 = EDGE_LOOP('',(#2070,#2071,#2079,#2087));
#2070 = ORIENTED_EDGE('',*,*,#158,.T.);
#2071 = ORIENTED_EDGE('',*,*,#2072,.F.);
#2072 = EDGE_CURVE('',#2073,#161,#2075,.T.);
#2073 = VERTEX_POINT('',#2074);
#2074 = CARTESIAN_POINT('',(200.5,193.65,38.));
#2075 = LINE('',#2076,#2077);
#2076 = CARTESIAN_POINT('',(200.5,193.65,38.));
#2077 = VECTOR('',#2078,1.);
#2078 = DIRECTION('',(-0.581238193719,1.665334536938E-16,-0.813733471207
    ));
#2079 = ORIENTED_EDGE('',*,*,#2080,.F.);
#2080 = EDGE_CURVE('',#2081,#2073,#2083,.T.);
#2081 = VERTEX_POINT('',#2082);
#2082 = CARTESIAN_POINT('',(194.5,193.65,38.));
#2083 = LINE('',#2084,#2085);
#2084 = CARTESIAN_POINT('',(194.5,193.65,38.));
#2085 = VECTOR('',#2086,1.);
#2086 = DIRECTION('',(1.,0.,0.));
#2087 = ORIENTED_EDGE('',*,*,#2088,.F.);
#2088 = EDGE_CURVE('',#159,#2081,#2089,.T.);
#2089 = LINE('',#2090,#2091);
#2090 = CARTESIAN_POINT('',(196.,193.65,35.9));
#2091 = VECTOR('',#2092,1.);
#2092 = DIRECTION('',(-0.581238193719,-1.665334536938E-16,0.813733471207
    ));
#2093 = PLANE('',#2094);
#2094 = AXIS2_PLACEMENT_3D('',#2095,#2096,#2097);
#2095 = CARTESIAN_POINT('',(197.5,193.65,37.172435710914));
#2096 = DIRECTION('',(0.,1.,1.110223024625E-16));
#2097 = DIRECTION('',(0.,1.110223024625E-16,-1.));
#2098 = ADVANCED_FACE('',(#2099),#2117,.F.);
#2099 = FACE_BOUND('',#2100,.T.);
#2100 = EDGE_LOOP('',(#2101,#2102,#2103,#2111));
#2101 = ORIENTED_EDGE('',*,*,#2088,.F.);
#2102 = ORIENTED_EDGE('',*,*,#168,.T.);
#2103 = ORIENTED_EDGE('',*,*,#2104,.T.);
#2104 = EDGE_CURVE('',#169,#2105,#2107,.T.);
#2105 = VERTEX_POINT('',#2106);
#2106 = CARTESIAN_POINT('',(194.5,67.15,38.));
#2107 = LINE('',#2108,#2109);
#2108 = CARTESIAN_POINT('',(196.,67.15,35.9));
#2109 = VECTOR('',#2110,1.);
#2110 = DIRECTION('',(-0.581238193719,-1.665334536938E-16,0.813733471207
    ));
#2111 = ORIENTED_EDGE('',*,*,#2112,.F.);
#2112 = EDGE_CURVE('',#2081,#2105,#2113,.T.);
#2113 = LINE('',#2114,#2115);
#2114 = CARTESIAN_POINT('',(194.5,193.65,38.));
#2115 = VECTOR('',#2116,1.);
#2116 = DIRECTION('',(-0.,-1.,1.110223024625E-16));
#2117 = PLANE('',#2118);
#2118 = AXIS2_PLACEMENT_3D('',#2119,#2120,#2121);
#2119 = CARTESIAN_POINT('',(196.,193.65,35.9));
#2120 = DIRECTION('',(0.813733471207,1.665334536938E-16,0.581238193719)
  );
#2121 = DIRECTION('',(0.581238193719,1.665334536938E-16,-0.813733471207)
  );
#2122 = ADVANCED_FACE('',(#2123),#2141,.F.);
#2123 = FACE_BOUND('',#2124,.T.);
#2124 = EDGE_LOOP('',(#2125,#2126,#2134,#2140));
#2125 = ORIENTED_EDGE('',*,*,#2072,.F.);
#2126 = ORIENTED_EDGE('',*,*,#2127,.T.);
#2127 = EDGE_CURVE('',#2073,#2128,#2130,.T.);
#2128 = VERTEX_POINT('',#2129);
#2129 = CARTESIAN_POINT('',(200.5,67.15,38.));
#2130 = LINE('',#2131,#2132);
#2131 = CARTESIAN_POINT('',(200.5,193.65,38.));
#2132 = VECTOR('',#2133,1.);
#2133 = DIRECTION('',(-0.,-1.,1.110223024625E-16));
#2134 = ORIENTED_EDGE('',*,*,#2135,.T.);
#2135 = EDGE_CURVE('',#2128,#177,#2136,.T.);
#2136 = LINE('',#2137,#2138);
#2137 = CARTESIAN_POINT('',(200.5,67.15,38.));
#2138 = VECTOR('',#2139,1.);
#2139 = DIRECTION('',(-0.581238193719,1.665334536938E-16,-0.813733471207
    ));
#2140 = ORIENTED_EDGE('',*,*,#184,.T.);
#2141 = PLANE('',#2142);
#2142 = AXIS2_PLACEMENT_3D('',#2143,#2144,#2145);
#2143 = CARTESIAN_POINT('',(200.5,193.65,38.));
#2144 = DIRECTION('',(-0.813733471207,1.665334536938E-16,0.581238193719)
  );
#2145 = DIRECTION('',(0.581238193719,-1.665334536938E-16,0.813733471207)
  );
#2146 = ADVANCED_FACE('',(#2147),#2158,.F.);
#2147 = FACE_BOUND('',#2148,.T.);
#2148 = EDGE_LOOP('',(#2149,#2150,#2151,#2157));
#2149 = ORIENTED_EDGE('',*,*,#176,.T.);
#2150 = ORIENTED_EDGE('',*,*,#2135,.F.);
#2151 = ORIENTED_EDGE('',*,*,#2152,.F.);
#2152 = EDGE_CURVE('',#2105,#2128,#2153,.T.);
#2153 = LINE('',#2154,#2155);
#2154 = CARTESIAN_POINT('',(194.5,67.15,38.));
#2155 = VECTOR('',#2156,1.);
#2156 = DIRECTION('',(1.,0.,0.));
#2157 = ORIENTED_EDGE('',*,*,#2104,.F.);
#2158 = PLANE('',#2159);
#2159 = AXIS2_PLACEMENT_3D('',#2160,#2161,#2162);
#2160 = CARTESIAN_POINT('',(197.5,67.15,37.172435710914));
#2161 = DIRECTION('',(0.,1.,1.110223024625E-16));
#2162 = DIRECTION('',(0.,1.110223024625E-16,-1.));
#2163 = ADVANCED_FACE('',(#2164),#2189,.F.);
#2164 = FACE_BOUND('',#2165,.T.);
#2165 = EDGE_LOOP('',(#2166,#2174,#2182,#2188));
#2166 = ORIENTED_EDGE('',*,*,#2167,.F.);
#2167 = EDGE_CURVE('',#2168,#270,#2170,.T.);
#2168 = VERTEX_POINT('',#2169);
#2169 = CARTESIAN_POINT('',(197.5,168.15,7.));
#2170 = LINE('',#2171,#2172);
#2171 = CARTESIAN_POINT('',(197.5,168.15,7.));
#2172 = VECTOR('',#2173,1.);
#2173 = DIRECTION('',(-1.,-0.,0.));
#2174 = ORIENTED_EDGE('',*,*,#2175,.T.);
#2175 = EDGE_CURVE('',#2168,#2176,#2178,.T.);
#2176 = VERTEX_POINT('',#2177);
#2177 = CARTESIAN_POINT('',(197.5,168.15,10.));
#2178 = LINE('',#2179,#2180);
#2179 = CARTESIAN_POINT('',(197.5,168.15,7.));
#2180 = VECTOR('',#2181,1.);
#2181 = DIRECTION('',(0.,-1.110223024625E-16,1.));
#2182 = ORIENTED_EDGE('',*,*,#2183,.T.);
#2183 = EDGE_CURVE('',#2176,#272,#2184,.T.);
#2184 = LINE('',#2185,#2186);
#2185 = CARTESIAN_POINT('',(200.,168.15,10.));
#2186 = VECTOR('',#2187,1.);
#2187 = DIRECTION('',(-1.,-0.,0.));
#2188 = ORIENTED_EDGE('',*,*,#269,.F.);
#2189 = PLANE('',#2190);
#2190 = AXIS2_PLACEMENT_3D('',#2191,#2192,#2193);
#2191 = CARTESIAN_POINT('',(197.5,168.15,7.));
#2192 = DIRECTION('',(0.,1.,1.110223024625E-16));
#2193 = DIRECTION('',(1.,0.,0.));
#2194 = ADVANCED_FACE('',(#2195),#2220,.T.);
#2195 = FACE_BOUND('',#2196,.F.);
#2196 = EDGE_LOOP('',(#2197,#2198,#2206,#2212,#2213,#2214));
#2197 = ORIENTED_EDGE('',*,*,#1784,.F.);
#2198 = ORIENTED_EDGE('',*,*,#2199,.T.);
#2199 = EDGE_CURVE('',#1777,#2200,#2202,.T.);
#2200 = VERTEX_POINT('',#2201);
#2201 = CARTESIAN_POINT('',(197.5,154.15,10.));
#2202 = LINE('',#2203,#2204);
#2203 = CARTESIAN_POINT('',(202.5,154.15,10.));
#2204 = VECTOR('',#2205,1.);
#2205 = DIRECTION('',(-1.,-0.,0.));
#2206 = ORIENTED_EDGE('',*,*,#2207,.T.);
#2207 = EDGE_CURVE('',#2200,#2176,#2208,.T.);
#2208 = LINE('',#2209,#2210);
#2209 = CARTESIAN_POINT('',(197.5,108.15,10.));
#2210 = VECTOR('',#2211,1.);
#2211 = DIRECTION('',(0.,1.,2.22044604925E-16));
#2212 = ORIENTED_EDGE('',*,*,#2183,.T.);
#2213 = ORIENTED_EDGE('',*,*,#398,.F.);
#2214 = ORIENTED_EDGE('',*,*,#2215,.F.);
#2215 = EDGE_CURVE('',#1785,#391,#2216,.T.);
#2216 = LINE('',#2217,#2218);
#2217 = CARTESIAN_POINT('',(202.5,170.15,10.));
#2218 = VECTOR('',#2219,1.);
#2219 = DIRECTION('',(-1.,-0.,0.));
#2220 = PLANE('',#2221);
#2221 = AXIS2_PLACEMENT_3D('',#2222,#2223,#2224);
#2222 = CARTESIAN_POINT('',(202.5,154.15,10.));
#2223 = DIRECTION('',(0.,-2.22044604925E-16,1.));
#2224 = DIRECTION('',(-4.440892098501E-16,-1.,-2.22044604925E-16));
#2225 = ADVANCED_FACE('',(#2226),#2237,.T.);
#2226 = FACE_BOUND('',#2227,.F.);
#2227 = EDGE_LOOP('',(#2228,#2229,#2230,#2231));
#2228 = ORIENTED_EDGE('',*,*,#1792,.F.);
#2229 = ORIENTED_EDGE('',*,*,#2215,.T.);
#2230 = ORIENTED_EDGE('',*,*,#390,.F.);
#2231 = ORIENTED_EDGE('',*,*,#2232,.F.);
#2232 = EDGE_CURVE('',#1793,#383,#2233,.T.);
#2233 = LINE('',#2234,#2235);
#2234 = CARTESIAN_POINT('',(202.5,170.15,22.));
#2235 = VECTOR('',#2236,1.);
#2236 = DIRECTION('',(-1.,-0.,0.));
#2237 = PLANE('',#2238);
#2238 = AXIS2_PLACEMENT_3D('',#2239,#2240,#2241);
#2239 = CARTESIAN_POINT('',(202.5,170.15,10.));
#2240 = DIRECTION('',(-0.,-1.,-2.22044604925E-16));
#2241 = DIRECTION('',(2.22044604925E-16,2.22044604925E-16,-1.));
#2242 = ADVANCED_FACE('',(#2243),#2278,.T.);
#2243 = FACE_BOUND('',#2244,.F.);
#2244 = EDGE_LOOP('',(#2245,#2246,#2247,#2248,#2256,#2264,#2272));
#2245 = ORIENTED_EDGE('',*,*,#1800,.F.);
#2246 = ORIENTED_EDGE('',*,*,#2232,.T.);
#2247 = ORIENTED_EDGE('',*,*,#382,.F.);
#2248 = ORIENTED_EDGE('',*,*,#2249,.T.);
#2249 = EDGE_CURVE('',#375,#2250,#2252,.T.);
#2250 = VERTEX_POINT('',#2251);
#2251 = CARTESIAN_POINT('',(197.5,168.15,24.));
#2252 = LINE('',#2253,#2254);
#2253 = CARTESIAN_POINT('',(200.,168.15,24.));
#2254 = VECTOR('',#2255,1.);
#2255 = DIRECTION('',(1.,0.,0.));
#2256 = ORIENTED_EDGE('',*,*,#2257,.T.);
#2257 = EDGE_CURVE('',#2250,#2258,#2260,.T.);
#2258 = VERTEX_POINT('',#2259);
#2259 = CARTESIAN_POINT('',(197.5,165.15,27.));
#2260 = LINE('',#2261,#2262);
#2261 = CARTESIAN_POINT('',(197.5,148.65,43.5));
#2262 = VECTOR('',#2263,1.);
#2263 = DIRECTION('',(-0.,-0.707106781187,0.707106781187));
#2264 = ORIENTED_EDGE('',*,*,#2265,.T.);
#2265 = EDGE_CURVE('',#2258,#2266,#2268,.T.);
#2266 = VERTEX_POINT('',#2267);
#2267 = CARTESIAN_POINT('',(196.5,164.15,28.));
#2268 = LINE('',#2269,#2270);
#2269 = CARTESIAN_POINT('',(204.83333333333,172.48333333333,
    19.666666666667));
#2270 = VECTOR('',#2271,1.);
#2271 = DIRECTION('',(-0.57735026919,-0.57735026919,0.57735026919));
#2272 = ORIENTED_EDGE('',*,*,#2273,.F.);
#2273 = EDGE_CURVE('',#1801,#2266,#2274,.T.);
#2274 = LINE('',#2275,#2276);
#2275 = CARTESIAN_POINT('',(202.5,164.15,28.));
#2276 = VECTOR('',#2277,1.);
#2277 = DIRECTION('',(-1.,-0.,0.));
#2278 = PLANE('',#2279);
#2279 = AXIS2_PLACEMENT_3D('',#2280,#2281,#2282);
#2280 = CARTESIAN_POINT('',(202.5,170.15,22.));
#2281 = DIRECTION('',(0.,-0.707106781187,-0.707106781187));
#2282 = DIRECTION('',(4.710277376051E-16,0.707106781187,-0.707106781187)
  );
#2283 = ADVANCED_FACE('',(#2284),#2302,.F.);
#2284 = FACE_BOUND('',#2285,.T.);
#2285 = EDGE_LOOP('',(#2286,#2287,#2295,#2301));
#2286 = ORIENTED_EDGE('',*,*,#2249,.T.);
#2287 = ORIENTED_EDGE('',*,*,#2288,.T.);
#2288 = EDGE_CURVE('',#2250,#2289,#2291,.T.);
#2289 = VERTEX_POINT('',#2290);
#2290 = CARTESIAN_POINT('',(197.5,168.15,27.));
#2291 = LINE('',#2292,#2293);
#2292 = CARTESIAN_POINT('',(197.5,168.15,7.));
#2293 = VECTOR('',#2294,1.);
#2294 = DIRECTION('',(0.,-1.110223024625E-16,1.));
#2295 = ORIENTED_EDGE('',*,*,#2296,.F.);
#2296 = EDGE_CURVE('',#367,#2289,#2297,.T.);
#2297 = LINE('',#2298,#2299);
#2298 = CARTESIAN_POINT('',(202.5,168.15,22.));
#2299 = VECTOR('',#2300,1.);
#2300 = DIRECTION('',(0.707106781187,0.,-0.707106781187));
#2301 = ORIENTED_EDGE('',*,*,#374,.F.);
#2302 = PLANE('',#2303);
#2303 = AXIS2_PLACEMENT_3D('',#2304,#2305,#2306);
#2304 = CARTESIAN_POINT('',(197.5,168.15,7.));
#2305 = DIRECTION('',(0.,1.,1.110223024625E-16));
#2306 = DIRECTION('',(1.,0.,0.));
#2307 = ADVANCED_FACE('',(#2308),#2445,.F.);
#2308 = FACE_BOUND('',#2309,.T.);
#2309 = EDGE_LOOP('',(#2310,#2311,#2312,#2318,#2319,#2327,#2335,#2343,
    #2351,#2359,#2367,#2375,#2383,#2391,#2399,#2407,#2415,#2423,#2431,
    #2439));
#2310 = ORIENTED_EDGE('',*,*,#366,.F.);
#2311 = ORIENTED_EDGE('',*,*,#2296,.T.);
#2312 = ORIENTED_EDGE('',*,*,#2313,.T.);
#2313 = EDGE_CURVE('',#2289,#2258,#2314,.T.);
#2314 = LINE('',#2315,#2316);
#2315 = CARTESIAN_POINT('',(197.5,194.15,27.));
#2316 = VECTOR('',#2317,1.);
#2317 = DIRECTION('',(-0.,-1.,1.110223024625E-16));
#2318 = ORIENTED_EDGE('',*,*,#2265,.T.);
#2319 = ORIENTED_EDGE('',*,*,#2320,.T.);
#2320 = EDGE_CURVE('',#2266,#2321,#2323,.T.);
#2321 = VERTEX_POINT('',#2322);
#2322 = CARTESIAN_POINT('',(196.5,160.15,28.));
#2323 = LINE('',#2324,#2325);
#2324 = CARTESIAN_POINT('',(196.5,179.15,28.));
#2325 = VECTOR('',#2326,1.);
#2326 = DIRECTION('',(4.440892098501E-16,-1.,-2.22044604925E-16));
#2327 = ORIENTED_EDGE('',*,*,#2328,.T.);
#2328 = EDGE_CURVE('',#2321,#2329,#2331,.T.);
#2329 = VERTEX_POINT('',#2330);
#2330 = CARTESIAN_POINT('',(197.5,159.15,27.));
#2331 = LINE('',#2332,#2333);
#2332 = CARTESIAN_POINT('',(192.16666666666,164.48333333333,
    32.333333333333));
#2333 = VECTOR('',#2334,1.);
#2334 = DIRECTION('',(0.57735026919,-0.57735026919,-0.57735026919));
#2335 = ORIENTED_EDGE('',*,*,#2336,.T.);
#2336 = EDGE_CURVE('',#2329,#2337,#2339,.T.);
#2337 = VERTEX_POINT('',#2338);
#2338 = CARTESIAN_POINT('',(197.5,145.15,27.));
#2339 = LINE('',#2340,#2341);
#2340 = CARTESIAN_POINT('',(197.5,194.15,27.));
#2341 = VECTOR('',#2342,1.);
#2342 = DIRECTION('',(-0.,-1.,1.110223024625E-16));
#2343 = ORIENTED_EDGE('',*,*,#2344,.T.);
#2344 = EDGE_CURVE('',#2337,#2345,#2347,.T.);
#2345 = VERTEX_POINT('',#2346);
#2346 = CARTESIAN_POINT('',(196.5,144.15,28.));
#2347 = LINE('',#2348,#2349);
#2348 = CARTESIAN_POINT('',(208.16666666666,155.81666666666,
    16.333333333333));
#2349 = VECTOR('',#2350,1.);
#2350 = DIRECTION('',(-0.57735026919,-0.57735026919,0.57735026919));
#2351 = ORIENTED_EDGE('',*,*,#2352,.T.);
#2352 = EDGE_CURVE('',#2345,#2353,#2355,.T.);
#2353 = VERTEX_POINT('',#2354);
#2354 = CARTESIAN_POINT('',(196.5,140.15,28.));
#2355 = LINE('',#2356,#2357);
#2356 = CARTESIAN_POINT('',(196.5,169.15,28.));
#2357 = VECTOR('',#2358,1.);
#2358 = DIRECTION('',(4.440892098501E-16,-1.,-2.22044604925E-16));
#2359 = ORIENTED_EDGE('',*,*,#2360,.T.);
#2360 = EDGE_CURVE('',#2353,#2361,#2363,.T.);
#2361 = VERTEX_POINT('',#2362);
#2362 = CARTESIAN_POINT('',(197.5,139.15,27.));
#2363 = LINE('',#2364,#2365);
#2364 = CARTESIAN_POINT('',(188.83333333333,147.81666666666,
    35.666666666667));
#2365 = VECTOR('',#2366,1.);
#2366 = DIRECTION('',(0.57735026919,-0.57735026919,-0.57735026919));
#2367 = ORIENTED_EDGE('',*,*,#2368,.T.);
#2368 = EDGE_CURVE('',#2361,#2369,#2371,.T.);
#2369 = VERTEX_POINT('',#2370);
#2370 = CARTESIAN_POINT('',(197.5,125.15,27.));
#2371 = LINE('',#2372,#2373);
#2372 = CARTESIAN_POINT('',(197.5,194.15,27.));
#2373 = VECTOR('',#2374,1.);
#2374 = DIRECTION('',(-0.,-1.,1.110223024625E-16));
#2375 = ORIENTED_EDGE('',*,*,#2376,.T.);
#2376 = EDGE_CURVE('',#2369,#2377,#2379,.T.);
#2377 = VERTEX_POINT('',#2378);
#2378 = CARTESIAN_POINT('',(196.5,124.15,28.));
#2379 = LINE('',#2380,#2381);
#2380 = CARTESIAN_POINT('',(211.5,139.15,13.));
#2381 = VECTOR('',#2382,1.);
#2382 = DIRECTION('',(-0.57735026919,-0.57735026919,0.57735026919));
#2383 = ORIENTED_EDGE('',*,*,#2384,.T.);
#2384 = EDGE_CURVE('',#2377,#2385,#2387,.T.);
#2385 = VERTEX_POINT('',#2386);
#2386 = CARTESIAN_POINT('',(196.5,120.15,28.));
#2387 = LINE('',#2388,#2389);
#2388 = CARTESIAN_POINT('',(196.5,159.15,28.));
#2389 = VECTOR('',#2390,1.);
#2390 = DIRECTION('',(4.440892098501E-16,-1.,-2.22044604925E-16));
#2391 = ORIENTED_EDGE('',*,*,#2392,.T.);
#2392 = EDGE_CURVE('',#2385,#2393,#2395,.T.);
#2393 = VERTEX_POINT('',#2394);
#2394 = CARTESIAN_POINT('',(197.5,119.15,27.));
#2395 = LINE('',#2396,#2397);
#2396 = CARTESIAN_POINT('',(185.5,131.15,39.));
#2397 = VECTOR('',#2398,1.);
#2398 = DIRECTION('',(0.57735026919,-0.57735026919,-0.57735026919));
#2399 = ORIENTED_EDGE('',*,*,#2400,.T.);
#2400 = EDGE_CURVE('',#2393,#2401,#2403,.T.);
#2401 = VERTEX_POINT('',#2402);
#2402 = CARTESIAN_POINT('',(197.5,105.15,27.));
#2403 = LINE('',#2404,#2405);
#2404 = CARTESIAN_POINT('',(197.5,194.15,27.));
#2405 = VECTOR('',#2406,1.);
#2406 = DIRECTION('',(-0.,-1.,1.110223024625E-16));
#2407 = ORIENTED_EDGE('',*,*,#2408,.T.);
#2408 = EDGE_CURVE('',#2401,#2409,#2411,.T.);
#2409 = VERTEX_POINT('',#2410);
#2410 = CARTESIAN_POINT('',(196.5,104.15,28.));
#2411 = LINE('',#2412,#2413);
#2412 = CARTESIAN_POINT('',(214.83333333333,122.48333333333,
    9.666666666667));
#2413 = VECTOR('',#2414,1.);
#2414 = DIRECTION('',(-0.57735026919,-0.57735026919,0.57735026919));
#2415 = ORIENTED_EDGE('',*,*,#2416,.T.);
#2416 = EDGE_CURVE('',#2409,#2417,#2419,.T.);
#2417 = VERTEX_POINT('',#2418);
#2418 = CARTESIAN_POINT('',(196.5,100.15,28.));
#2419 = LINE('',#2420,#2421);
#2420 = CARTESIAN_POINT('',(196.5,149.15,28.));
#2421 = VECTOR('',#2422,1.);
#2422 = DIRECTION('',(4.440892098501E-16,-1.,-2.22044604925E-16));
#2423 = ORIENTED_EDGE('',*,*,#2424,.T.);
#2424 = EDGE_CURVE('',#2417,#2425,#2427,.T.);
#2425 = VERTEX_POINT('',#2426);
#2426 = CARTESIAN_POINT('',(197.5,99.15,27.));
#2427 = LINE('',#2428,#2429);
#2428 = CARTESIAN_POINT('',(182.16666666666,114.48333333333,
    42.333333333333));
#2429 = VECTOR('',#2430,1.);
#2430 = DIRECTION('',(0.57735026919,-0.57735026919,-0.57735026919));
#2431 = ORIENTED_EDGE('',*,*,#2432,.T.);
#2432 = EDGE_CURVE('',#2425,#2433,#2435,.T.);
#2433 = VERTEX_POINT('',#2434);
#2434 = CARTESIAN_POINT('',(197.5,88.15,27.));
#2435 = LINE('',#2436,#2437);
#2436 = CARTESIAN_POINT('',(197.5,194.15,27.));
#2437 = VECTOR('',#2438,1.);
#2438 = DIRECTION('',(-0.,-1.,1.110223024625E-16));
#2439 = ORIENTED_EDGE('',*,*,#2440,.T.);
#2440 = EDGE_CURVE('',#2433,#359,#2441,.T.);
#2441 = LINE('',#2442,#2443);
#2442 = CARTESIAN_POINT('',(201.5,88.15,23.));
#2443 = VECTOR('',#2444,1.);
#2444 = DIRECTION('',(-0.707106781187,0.,0.707106781187));
#2445 = PLANE('',#2446);
#2446 = AXIS2_PLACEMENT_3D('',#2447,#2448,#2449);
#2447 = CARTESIAN_POINT('',(197.5,194.15,27.));
#2448 = DIRECTION('',(0.707106781187,1.110223024625E-16,0.707106781187)
  );
#2449 = DIRECTION('',(0.707106781187,1.665334536938E-16,-0.707106781187)
  );
#2450 = ADVANCED_FACE('',(#2451),#2469,.F.);
#2451 = FACE_BOUND('',#2452,.T.);
#2452 = EDGE_LOOP('',(#2453,#2461,#2462,#2463));
#2453 = ORIENTED_EDGE('',*,*,#2454,.T.);
#2454 = EDGE_CURVE('',#2455,#351,#2457,.T.);
#2455 = VERTEX_POINT('',#2456);
#2456 = CARTESIAN_POINT('',(197.5,88.15,24.));
#2457 = LINE('',#2458,#2459);
#2458 = CARTESIAN_POINT('',(198.,88.15,24.));
#2459 = VECTOR('',#2460,1.);
#2460 = DIRECTION('',(-1.,-0.,0.));
#2461 = ORIENTED_EDGE('',*,*,#358,.T.);
#2462 = ORIENTED_EDGE('',*,*,#2440,.F.);
#2463 = ORIENTED_EDGE('',*,*,#2464,.F.);
#2464 = EDGE_CURVE('',#2455,#2433,#2465,.T.);
#2465 = LINE('',#2466,#2467);
#2466 = CARTESIAN_POINT('',(197.5,88.15,7.));
#2467 = VECTOR('',#2468,1.);
#2468 = DIRECTION('',(0.,-1.110223024625E-16,1.));
#2469 = PLANE('',#2470);
#2470 = AXIS2_PLACEMENT_3D('',#2471,#2472,#2473);
#2471 = CARTESIAN_POINT('',(193.5,88.15,7.));
#2472 = DIRECTION('',(-0.,-1.,-1.110223024625E-16));
#2473 = DIRECTION('',(-1.,0.,0.));
#2474 = ADVANCED_FACE('',(#2475),#2500,.T.);
#2475 = FACE_BOUND('',#2476,.F.);
#2476 = EDGE_LOOP('',(#2477,#2478,#2486,#2492,#2493,#2494));
#2477 = ORIENTED_EDGE('',*,*,#2000,.F.);
#2478 = ORIENTED_EDGE('',*,*,#2479,.T.);
#2479 = EDGE_CURVE('',#1993,#2480,#2482,.T.);
#2480 = VERTEX_POINT('',#2481);
#2481 = CARTESIAN_POINT('',(197.5,90.15,22.));
#2482 = LINE('',#2483,#2484);
#2483 = CARTESIAN_POINT('',(202.5,90.15,22.));
#2484 = VECTOR('',#2485,1.);
#2485 = DIRECTION('',(-1.,-0.,0.));
#2486 = ORIENTED_EDGE('',*,*,#2487,.T.);
#2487 = EDGE_CURVE('',#2480,#2455,#2488,.T.);
#2488 = LINE('',#2489,#2490);
#2489 = CARTESIAN_POINT('',(197.5,88.65,23.5));
#2490 = VECTOR('',#2491,1.);
#2491 = DIRECTION('',(-0.,-0.707106781187,0.707106781187));
#2492 = ORIENTED_EDGE('',*,*,#2454,.T.);
#2493 = ORIENTED_EDGE('',*,*,#350,.F.);
#2494 = ORIENTED_EDGE('',*,*,#2495,.F.);
#2495 = EDGE_CURVE('',#2001,#343,#2496,.T.);
#2496 = LINE('',#2497,#2498);
#2497 = CARTESIAN_POINT('',(202.5,84.15,28.));
#2498 = VECTOR('',#2499,1.);
#2499 = DIRECTION('',(-1.,-0.,0.));
#2500 = PLANE('',#2501);
#2501 = AXIS2_PLACEMENT_3D('',#2502,#2503,#2504);
#2502 = CARTESIAN_POINT('',(202.5,90.15,22.));
#2503 = DIRECTION('',(0.,-0.707106781187,-0.707106781187));
#2504 = DIRECTION('',(4.710277376051E-16,0.707106781187,-0.707106781187)
  );
#2505 = ADVANCED_FACE('',(#2506),#2517,.T.);
#2506 = FACE_BOUND('',#2507,.F.);
#2507 = EDGE_LOOP('',(#2508,#2509,#2510,#2511));
#2508 = ORIENTED_EDGE('',*,*,#2008,.F.);
#2509 = ORIENTED_EDGE('',*,*,#2495,.T.);
#2510 = ORIENTED_EDGE('',*,*,#342,.F.);
#2511 = ORIENTED_EDGE('',*,*,#2512,.F.);
#2512 = EDGE_CURVE('',#2009,#335,#2513,.T.);
#2513 = LINE('',#2514,#2515);
#2514 = CARTESIAN_POINT('',(202.5,80.15,28.));
#2515 = VECTOR('',#2516,1.);
#2516 = DIRECTION('',(-1.,-0.,0.));
#2517 = PLANE('',#2518);
#2518 = AXIS2_PLACEMENT_3D('',#2519,#2520,#2521);
#2519 = CARTESIAN_POINT('',(202.5,84.15,28.));
#2520 = DIRECTION('',(0.,2.22044604925E-16,-1.));
#2521 = DIRECTION('',(4.440892098501E-16,1.,2.22044604925E-16));
#2522 = ADVANCED_FACE('',(#2523),#2534,.T.);
#2523 = FACE_BOUND('',#2524,.F.);
#2524 = EDGE_LOOP('',(#2525,#2526,#2527,#2528));
#2525 = ORIENTED_EDGE('',*,*,#2016,.F.);
#2526 = ORIENTED_EDGE('',*,*,#2512,.T.);
#2527 = ORIENTED_EDGE('',*,*,#334,.F.);
#2528 = ORIENTED_EDGE('',*,*,#2529,.F.);
#2529 = EDGE_CURVE('',#1975,#327,#2530,.T.);
#2530 = LINE('',#2531,#2532);
#2531 = CARTESIAN_POINT('',(202.5,74.15,22.));
#2532 = VECTOR('',#2533,1.);
#2533 = DIRECTION('',(-1.,-0.,0.));
#2534 = PLANE('',#2535);
#2535 = AXIS2_PLACEMENT_3D('',#2536,#2537,#2538);
#2536 = CARTESIAN_POINT('',(202.5,80.15,28.));
#2537 = DIRECTION('',(0.,0.707106781187,-0.707106781187));
#2538 = DIRECTION('',(1.570092458684E-16,0.707106781187,0.707106781187)
  );
#2539 = ADVANCED_FACE('',(#2540),#2551,.T.);
#2540 = FACE_BOUND('',#2541,.F.);
#2541 = EDGE_LOOP('',(#2542,#2543,#2544,#2545));
#2542 = ORIENTED_EDGE('',*,*,#1974,.F.);
#2543 = ORIENTED_EDGE('',*,*,#2529,.T.);
#2544 = ORIENTED_EDGE('',*,*,#326,.F.);
#2545 = ORIENTED_EDGE('',*,*,#2546,.F.);
#2546 = EDGE_CURVE('',#1977,#319,#2547,.T.);
#2547 = LINE('',#2548,#2549);
#2548 = CARTESIAN_POINT('',(202.5,74.15,10.));
#2549 = VECTOR('',#2550,1.);
#2550 = DIRECTION('',(-1.,-0.,0.));
#2551 = PLANE('',#2552);
#2552 = AXIS2_PLACEMENT_3D('',#2553,#2554,#2555);
#2553 = CARTESIAN_POINT('',(202.5,74.15,22.));
#2554 = DIRECTION('',(0.,1.,2.22044604925E-16));
#2555 = DIRECTION('',(-2.22044604925E-16,-2.22044604925E-16,1.));
#2556 = ADVANCED_FACE('',(#2557),#2584,.T.);
#2557 = FACE_BOUND('',#2558,.F.);
#2558 = EDGE_LOOP('',(#2559,#2560,#2561,#2562,#2570,#2578));
#2559 = ORIENTED_EDGE('',*,*,#1984,.F.);
#2560 = ORIENTED_EDGE('',*,*,#2546,.T.);
#2561 = ORIENTED_EDGE('',*,*,#318,.F.);
#2562 = ORIENTED_EDGE('',*,*,#2563,.T.);
#2563 = EDGE_CURVE('',#311,#2564,#2566,.T.);
#2564 = VERTEX_POINT('',#2565);
#2565 = CARTESIAN_POINT('',(197.5,88.15,10.));
#2566 = LINE('',#2567,#2568);
#2567 = CARTESIAN_POINT('',(198.,88.15,10.));
#2568 = VECTOR('',#2569,1.);
#2569 = DIRECTION('',(1.,0.,0.));
#2570 = ORIENTED_EDGE('',*,*,#2571,.T.);
#2571 = EDGE_CURVE('',#2564,#2572,#2574,.T.);
#2572 = VERTEX_POINT('',#2573);
#2573 = CARTESIAN_POINT('',(197.5,90.15,10.));
#2574 = LINE('',#2575,#2576);
#2575 = CARTESIAN_POINT('',(197.5,68.15,10.));
#2576 = VECTOR('',#2577,1.);
#2577 = DIRECTION('',(0.,1.,2.22044604925E-16));
#2578 = ORIENTED_EDGE('',*,*,#2579,.F.);
#2579 = EDGE_CURVE('',#1985,#2572,#2580,.T.);
#2580 = LINE('',#2581,#2582);
#2581 = CARTESIAN_POINT('',(202.5,90.15,10.));
#2582 = VECTOR('',#2583,1.);
#2583 = DIRECTION('',(-1.,-0.,0.));
#2584 = PLANE('',#2585);
#2585 = AXIS2_PLACEMENT_3D('',#2586,#2587,#2588);
#2586 = CARTESIAN_POINT('',(202.5,74.15,10.));
#2587 = DIRECTION('',(0.,-2.22044604925E-16,1.));
#2588 = DIRECTION('',(-4.440892098501E-16,-1.,-2.22044604925E-16));
#2589 = ADVANCED_FACE('',(#2590),#2608,.F.);
#2590 = FACE_BOUND('',#2591,.T.);
#2591 = EDGE_LOOP('',(#2592,#2600,#2601,#2602));
#2592 = ORIENTED_EDGE('',*,*,#2593,.F.);
#2593 = EDGE_CURVE('',#303,#2594,#2596,.T.);
#2594 = VERTEX_POINT('',#2595);
#2595 = CARTESIAN_POINT('',(197.5,88.15,7.));
#2596 = LINE('',#2597,#2598);
#2597 = CARTESIAN_POINT('',(193.5,88.15,7.));
#2598 = VECTOR('',#2599,1.);
#2599 = DIRECTION('',(1.,0.,0.));
#2600 = ORIENTED_EDGE('',*,*,#310,.T.);
#2601 = ORIENTED_EDGE('',*,*,#2563,.T.);
#2602 = ORIENTED_EDGE('',*,*,#2603,.F.);
#2603 = EDGE_CURVE('',#2594,#2564,#2604,.T.);
#2604 = LINE('',#2605,#2606);
#2605 = CARTESIAN_POINT('',(197.5,88.15,7.));
#2606 = VECTOR('',#2607,1.);
#2607 = DIRECTION('',(0.,-1.110223024625E-16,1.));
#2608 = PLANE('',#2609);
#2609 = AXIS2_PLACEMENT_3D('',#2610,#2611,#2612);
#2610 = CARTESIAN_POINT('',(193.5,88.15,7.));
#2611 = DIRECTION('',(-0.,-1.,-1.110223024625E-16));
#2612 = DIRECTION('',(-1.,0.,0.));
#2613 = ADVANCED_FACE('',(#2614),#2666,.T.);
#2614 = FACE_BOUND('',#2615,.F.);
#2615 = EDGE_LOOP('',(#2616,#2617,#2625,#2633,#2641,#2649,#2655,#2656,
    #2657,#2658,#2664,#2665));
#2616 = ORIENTED_EDGE('',*,*,#496,.F.);
#2617 = ORIENTED_EDGE('',*,*,#2618,.T.);
#2618 = EDGE_CURVE('',#497,#2619,#2621,.T.);
#2619 = VERTEX_POINT('',#2620);
#2620 = CARTESIAN_POINT('',(183.5,94.15,7.));
#2621 = LINE('',#2622,#2623);
#2622 = CARTESIAN_POINT('',(183.5,62.15,7.));
#2623 = VECTOR('',#2624,1.);
#2624 = DIRECTION('',(0.,1.,1.110223024625E-16));
#2625 = ORIENTED_EDGE('',*,*,#2626,.F.);
#2626 = EDGE_CURVE('',#2627,#2619,#2629,.T.);
#2627 = VERTEX_POINT('',#2628);
#2628 = CARTESIAN_POINT('',(193.5,94.15,7.));
#2629 = LINE('',#2630,#2631);
#2630 = CARTESIAN_POINT('',(193.5,94.15,7.));
#2631 = VECTOR('',#2632,1.);
#2632 = DIRECTION('',(-1.,-0.,0.));
#2633 = ORIENTED_EDGE('',*,*,#2634,.F.);
#2634 = EDGE_CURVE('',#2635,#2627,#2637,.T.);
#2635 = VERTEX_POINT('',#2636);
#2636 = CARTESIAN_POINT('',(193.5,162.15,7.));
#2637 = LINE('',#2638,#2639);
#2638 = CARTESIAN_POINT('',(193.5,162.15,7.));
#2639 = VECTOR('',#2640,1.);
#2640 = DIRECTION('',(-0.,-1.,-1.110223024625E-16));
#2641 = ORIENTED_EDGE('',*,*,#2642,.F.);
#2642 = EDGE_CURVE('',#2643,#2635,#2645,.T.);
#2643 = VERTEX_POINT('',#2644);
#2644 = CARTESIAN_POINT('',(183.5,162.15,7.));
#2645 = LINE('',#2646,#2647);
#2646 = CARTESIAN_POINT('',(183.5,162.15,7.));
#2647 = VECTOR('',#2648,1.);
#2648 = DIRECTION('',(1.,0.,0.));
#2649 = ORIENTED_EDGE('',*,*,#2650,.T.);
#2650 = EDGE_CURVE('',#2643,#2033,#2651,.T.);
#2651 = LINE('',#2652,#2653);
#2652 = CARTESIAN_POINT('',(183.5,62.15,7.));
#2653 = VECTOR('',#2654,1.);
#2654 = DIRECTION('',(0.,1.,1.110223024625E-16));
#2655 = ORIENTED_EDGE('',*,*,#2032,.T.);
#2656 = ORIENTED_EDGE('',*,*,#279,.F.);
#2657 = ORIENTED_EDGE('',*,*,#2167,.F.);
#2658 = ORIENTED_EDGE('',*,*,#2659,.F.);
#2659 = EDGE_CURVE('',#2594,#2168,#2660,.T.);
#2660 = LINE('',#2661,#2662);
#2661 = CARTESIAN_POINT('',(197.5,95.15,7.));
#2662 = VECTOR('',#2663,1.);
#2663 = DIRECTION('',(0.,1.,1.110223024625E-16));
#2664 = ORIENTED_EDGE('',*,*,#2593,.F.);
#2665 = ORIENTED_EDGE('',*,*,#302,.F.);
#2666 = PLANE('',#2667);
#2667 = AXIS2_PLACEMENT_3D('',#2668,#2669,#2670);
#2668 = CARTESIAN_POINT('',(192.5,128.15,7.));
#2669 = DIRECTION('',(0.,-1.110223024625E-16,1.));
#2670 = DIRECTION('',(1.,0.,0.));
#2671 = ADVANCED_FACE('',(#2672),#2688,.T.);
#2672 = FACE_BOUND('',#2673,.F.);
#2673 = EDGE_LOOP('',(#2674,#2675,#2681,#2682));
#2674 = ORIENTED_EDGE('',*,*,#1742,.F.);
#2675 = ORIENTED_EDGE('',*,*,#2676,.T.);
#2676 = EDGE_CURVE('',#1735,#409,#2677,.T.);
#2677 = LINE('',#2678,#2679);
#2678 = CARTESIAN_POINT('',(202.5,190.15,10.));
#2679 = VECTOR('',#2680,1.);
#2680 = DIRECTION('',(-1.,-0.,0.));
#2681 = ORIENTED_EDGE('',*,*,#406,.F.);
#2682 = ORIENTED_EDGE('',*,*,#2683,.F.);
#2683 = EDGE_CURVE('',#1743,#407,#2684,.T.);
#2684 = LINE('',#2685,#2686);
#2685 = CARTESIAN_POINT('',(202.5,190.15,22.));
#2686 = VECTOR('',#2687,1.);
#2687 = DIRECTION('',(-1.,-0.,0.));
#2688 = PLANE('',#2689);
#2689 = AXIS2_PLACEMENT_3D('',#2690,#2691,#2692);
#2690 = CARTESIAN_POINT('',(202.5,190.15,10.));
#2691 = DIRECTION('',(-0.,-1.,-2.22044604925E-16));
#2692 = DIRECTION('',(2.22044604925E-16,2.22044604925E-16,-1.));
#2693 = ADVANCED_FACE('',(#2694),#2705,.T.);
#2694 = FACE_BOUND('',#2695,.F.);
#2695 = EDGE_LOOP('',(#2696,#2697,#2698,#2699));
#2696 = ORIENTED_EDGE('',*,*,#1750,.F.);
#2697 = ORIENTED_EDGE('',*,*,#2683,.T.);
#2698 = ORIENTED_EDGE('',*,*,#448,.F.);
#2699 = ORIENTED_EDGE('',*,*,#2700,.F.);
#2700 = EDGE_CURVE('',#1751,#441,#2701,.T.);
#2701 = LINE('',#2702,#2703);
#2702 = CARTESIAN_POINT('',(202.5,184.15,28.));
#2703 = VECTOR('',#2704,1.);
#2704 = DIRECTION('',(-1.,-0.,0.));
#2705 = PLANE('',#2706);
#2706 = AXIS2_PLACEMENT_3D('',#2707,#2708,#2709);
#2707 = CARTESIAN_POINT('',(202.5,190.15,22.));
#2708 = DIRECTION('',(0.,-0.707106781187,-0.707106781187));
#2709 = DIRECTION('',(4.710277376051E-16,0.707106781187,-0.707106781187)
  );
#2710 = ADVANCED_FACE('',(#2711),#2722,.T.);
#2711 = FACE_BOUND('',#2712,.F.);
#2712 = EDGE_LOOP('',(#2713,#2714,#2720,#2721));
#2713 = ORIENTED_EDGE('',*,*,#1734,.F.);
#2714 = ORIENTED_EDGE('',*,*,#2715,.T.);
#2715 = EDGE_CURVE('',#1727,#417,#2716,.T.);
#2716 = LINE('',#2717,#2718);
#2717 = CARTESIAN_POINT('',(202.5,174.15,10.));
#2718 = VECTOR('',#2719,1.);
#2719 = DIRECTION('',(-1.,-0.,0.));
#2720 = ORIENTED_EDGE('',*,*,#416,.F.);
#2721 = ORIENTED_EDGE('',*,*,#2676,.F.);
#2722 = PLANE('',#2723);
#2723 = AXIS2_PLACEMENT_3D('',#2724,#2725,#2726);
#2724 = CARTESIAN_POINT('',(202.5,174.15,10.));
#2725 = DIRECTION('',(0.,-2.22044604925E-16,1.));
#2726 = DIRECTION('',(-4.440892098501E-16,-1.,-2.22044604925E-16));
#2727 = ADVANCED_FACE('',(#2728),#2739,.T.);
#2728 = FACE_BOUND('',#2729,.F.);
#2729 = EDGE_LOOP('',(#2730,#2731,#2732,#2733));
#2730 = ORIENTED_EDGE('',*,*,#1758,.F.);
#2731 = ORIENTED_EDGE('',*,*,#2700,.T.);
#2732 = ORIENTED_EDGE('',*,*,#440,.F.);
#2733 = ORIENTED_EDGE('',*,*,#2734,.F.);
#2734 = EDGE_CURVE('',#1759,#433,#2735,.T.);
#2735 = LINE('',#2736,#2737);
#2736 = CARTESIAN_POINT('',(202.5,180.15,28.));
#2737 = VECTOR('',#2738,1.);
#2738 = DIRECTION('',(-1.,-0.,0.));
#2739 = PLANE('',#2740);
#2740 = AXIS2_PLACEMENT_3D('',#2741,#2742,#2743);
#2741 = CARTESIAN_POINT('',(202.5,184.15,28.));
#2742 = DIRECTION('',(0.,2.22044604925E-16,-1.));
#2743 = DIRECTION('',(4.440892098501E-16,1.,2.22044604925E-16));
#2744 = ADVANCED_FACE('',(#2745),#2756,.T.);
#2745 = FACE_BOUND('',#2746,.F.);
#2746 = EDGE_LOOP('',(#2747,#2748,#2754,#2755));
#2747 = ORIENTED_EDGE('',*,*,#1724,.F.);
#2748 = ORIENTED_EDGE('',*,*,#2749,.T.);
#2749 = EDGE_CURVE('',#1725,#425,#2750,.T.);
#2750 = LINE('',#2751,#2752);
#2751 = CARTESIAN_POINT('',(202.5,174.15,22.));
#2752 = VECTOR('',#2753,1.);
#2753 = DIRECTION('',(-1.,-0.,0.));
#2754 = ORIENTED_EDGE('',*,*,#424,.F.);
#2755 = ORIENTED_EDGE('',*,*,#2715,.F.);
#2756 = PLANE('',#2757);
#2757 = AXIS2_PLACEMENT_3D('',#2758,#2759,#2760);
#2758 = CARTESIAN_POINT('',(202.5,174.15,22.));
#2759 = DIRECTION('',(0.,1.,2.22044604925E-16));
#2760 = DIRECTION('',(-2.22044604925E-16,-2.22044604925E-16,1.));
#2761 = ADVANCED_FACE('',(#2762),#2768,.T.);
#2762 = FACE_BOUND('',#2763,.F.);
#2763 = EDGE_LOOP('',(#2764,#2765,#2766,#2767));
#2764 = ORIENTED_EDGE('',*,*,#1766,.F.);
#2765 = ORIENTED_EDGE('',*,*,#2734,.T.);
#2766 = ORIENTED_EDGE('',*,*,#432,.F.);
#2767 = ORIENTED_EDGE('',*,*,#2749,.F.);
#2768 = PLANE('',#2769);
#2769 = AXIS2_PLACEMENT_3D('',#2770,#2771,#2772);
#2770 = CARTESIAN_POINT('',(202.5,180.15,28.));
#2771 = DIRECTION('',(0.,0.707106781187,-0.707106781187));
#2772 = DIRECTION('',(1.570092458684E-16,0.707106781187,0.707106781187)
  );
#2773 = ADVANCED_FACE('',(#2774,#2845,#2870,#2904,#2938,#2972,#3006,
    #3031,#3065,#3099,#3133,#3167,#3201,#3235,#3269,#3303,#3337,#3371,
    #3405,#3439,#3473),#3507,.T.);
#2774 = FACE_BOUND('',#2775,.F.);
#2775 = EDGE_LOOP('',(#2776,#2782,#2783,#2791,#2799,#2807,#2815,#2823,
    #2831,#2837,#2838,#2844));
#2776 = ORIENTED_EDGE('',*,*,#2777,.F.);
#2777 = EDGE_CURVE('',#2049,#1425,#2778,.T.);
#2778 = LINE('',#2779,#2780);
#2779 = CARTESIAN_POINT('',(197.5,195.15,2.84217094304E-14));
#2780 = VECTOR('',#2781,1.);
#2781 = DIRECTION('',(-0.,-1.,2.22044604925E-16));
#2782 = ORIENTED_EDGE('',*,*,#2048,.T.);
#2783 = ORIENTED_EDGE('',*,*,#2784,.F.);
#2784 = EDGE_CURVE('',#2785,#2041,#2787,.T.);
#2785 = VERTEX_POINT('',#2786);
#2786 = CARTESIAN_POINT('',(183.5,184.55,5.684341886081E-14));
#2787 = LINE('',#2788,#2789);
#2788 = CARTESIAN_POINT('',(183.5,62.15,7.371880883511E-14));
#2789 = VECTOR('',#2790,1.);
#2790 = DIRECTION('',(0.,1.,1.110223024625E-16));
#2791 = ORIENTED_EDGE('',*,*,#2792,.F.);
#2792 = EDGE_CURVE('',#2793,#2785,#2795,.T.);
#2793 = VERTEX_POINT('',#2794);
#2794 = CARTESIAN_POINT('',(133.5,184.55,5.684341886081E-14));
#2795 = LINE('',#2796,#2797);
#2796 = CARTESIAN_POINT('',(69.5,184.55,9.947598300641E-14));
#2797 = VECTOR('',#2798,1.);
#2798 = DIRECTION('',(1.,0.,0.));
#2799 = ORIENTED_EDGE('',*,*,#2800,.F.);
#2800 = EDGE_CURVE('',#2801,#2793,#2803,.T.);
#2801 = VERTEX_POINT('',#2802);
#2802 = CARTESIAN_POINT('',(133.5,193.85,5.684341886081E-14));
#2803 = LINE('',#2804,#2805);
#2804 = CARTESIAN_POINT('',(133.5,194.15,1.012523398458E-13));
#2805 = VECTOR('',#2806,1.);
#2806 = DIRECTION('',(-0.,-1.,-1.110223024625E-16));
#2807 = ORIENTED_EDGE('',*,*,#2808,.T.);
#2808 = EDGE_CURVE('',#2801,#2809,#2811,.T.);
#2809 = VERTEX_POINT('',#2810);
#2810 = CARTESIAN_POINT('',(131.1,193.85,5.684341886081E-14));
#2811 = LINE('',#2812,#2813);
#2812 = CARTESIAN_POINT('',(132.01323225361,193.85,5.684341886081E-14));
#2813 = VECTOR('',#2814,1.);
#2814 = DIRECTION('',(-1.,0.,0.));
#2815 = ORIENTED_EDGE('',*,*,#2816,.F.);
#2816 = EDGE_CURVE('',#2817,#2809,#2819,.T.);
#2817 = VERTEX_POINT('',#2818);
#2818 = CARTESIAN_POINT('',(131.1,184.55,5.684341886081E-14));
#2819 = LINE('',#2820,#2821);
#2820 = CARTESIAN_POINT('',(131.1,62.15,9.059419880941E-14));
#2821 = VECTOR('',#2822,1.);
#2822 = DIRECTION('',(0.,1.,1.110223024625E-16));
#2823 = ORIENTED_EDGE('',*,*,#2824,.F.);
#2824 = EDGE_CURVE('',#2825,#2817,#2827,.T.);
#2825 = VERTEX_POINT('',#2826);
#2826 = CARTESIAN_POINT('',(81.5,184.55,5.684341886081E-14));
#2827 = LINE('',#2828,#2829);
#2828 = CARTESIAN_POINT('',(69.5,184.55,9.947598300641E-14));
#2829 = VECTOR('',#2830,1.);
#2830 = DIRECTION('',(1.,0.,0.));
#2831 = ORIENTED_EDGE('',*,*,#2832,.F.);
#2832 = EDGE_CURVE('',#1004,#2825,#2833,.T.);
#2833 = LINE('',#2834,#2835);
#2834 = CARTESIAN_POINT('',(81.5,194.15,8.437694987151E-14));
#2835 = VECTOR('',#2836,1.);
#2836 = DIRECTION('',(-0.,-1.,-1.110223024625E-16));
#2837 = ORIENTED_EDGE('',*,*,#1003,.T.);
#2838 = ORIENTED_EDGE('',*,*,#2839,.T.);
#2839 = EDGE_CURVE('',#996,#1433,#2840,.T.);
#2840 = LINE('',#2841,#2842);
#2841 = CARTESIAN_POINT('',(66.5,195.15,2.84217094304E-14));
#2842 = VECTOR('',#2843,1.);
#2843 = DIRECTION('',(-0.,-1.,2.22044604925E-16));
#2844 = ORIENTED_EDGE('',*,*,#1432,.F.);
#2845 = FACE_BOUND('',#2846,.F.);
#2846 = EDGE_LOOP('',(#2847,#2857,#2863,#2864));
#2847 = ORIENTED_EDGE('',*,*,#2848,.F.);
#2848 = EDGE_CURVE('',#2849,#2851,#2853,.T.);
#2849 = VERTEX_POINT('',#2850);
#2850 = CARTESIAN_POINT('',(131.1,74.15,5.684341886081E-14));
#2851 = VERTEX_POINT('',#2852);
#2852 = CARTESIAN_POINT('',(81.5,74.15,5.684341886081E-14));
#2853 = LINE('',#2854,#2855);
#2854 = CARTESIAN_POINT('',(194.5,74.15,4.263256414561E-14));
#2855 = VECTOR('',#2856,1.);
#2856 = DIRECTION('',(-1.,-0.,0.));
#2857 = ORIENTED_EDGE('',*,*,#2858,.F.);
#2858 = EDGE_CURVE('',#465,#2849,#2859,.T.);
#2859 = LINE('',#2860,#2861);
#2860 = CARTESIAN_POINT('',(131.1,62.15,2.84217094304E-14));
#2861 = VECTOR('',#2862,1.);
#2862 = DIRECTION('',(0.,1.,1.110223024625E-16));
#2863 = ORIENTED_EDGE('',*,*,#462,.F.);
#2864 = ORIENTED_EDGE('',*,*,#2865,.F.);
#2865 = EDGE_CURVE('',#2851,#463,#2866,.T.);
#2866 = LINE('',#2867,#2868);
#2867 = CARTESIAN_POINT('',(81.5,194.15,5.684341886081E-14));
#2868 = VECTOR('',#2869,1.);
#2869 = DIRECTION('',(-0.,-1.,-1.110223024625E-16));
#2870 = FACE_BOUND('',#2871,.F.);
#2871 = EDGE_LOOP('',(#2872,#2882,#2890,#2898));
#2872 = ORIENTED_EDGE('',*,*,#2873,.F.);
#2873 = EDGE_CURVE('',#2874,#2876,#2878,.T.);
#2874 = VERTEX_POINT('',#2875);
#2875 = CARTESIAN_POINT('',(131.1,86.15,5.684341886081E-14));
#2876 = VERTEX_POINT('',#2877);
#2877 = CARTESIAN_POINT('',(81.5,86.15,5.684341886081E-14));
#2878 = LINE('',#2879,#2880);
#2879 = CARTESIAN_POINT('',(194.5,86.15,7.105427357601E-14));
#2880 = VECTOR('',#2881,1.);
#2881 = DIRECTION('',(-1.,-0.,0.));
#2882 = ORIENTED_EDGE('',*,*,#2883,.F.);
#2883 = EDGE_CURVE('',#2884,#2874,#2886,.T.);
#2884 = VERTEX_POINT('',#2885);
#2885 = CARTESIAN_POINT('',(131.1,76.55,5.684341886081E-14));
#2886 = LINE('',#2887,#2888);
#2887 = CARTESIAN_POINT('',(131.1,62.15,9.059419880941E-14));
#2888 = VECTOR('',#2889,1.);
#2889 = DIRECTION('',(0.,1.,1.110223024625E-16));
#2890 = ORIENTED_EDGE('',*,*,#2891,.F.);
#2891 = EDGE_CURVE('',#2892,#2884,#2894,.T.);
#2892 = VERTEX_POINT('',#2893);
#2893 = CARTESIAN_POINT('',(81.5,76.55,5.684341886081E-14));
#2894 = LINE('',#2895,#2896);
#2895 = CARTESIAN_POINT('',(69.5,76.55,4.973799150321E-14));
#2896 = VECTOR('',#2897,1.);
#2897 = DIRECTION('',(1.,0.,0.));
#2898 = ORIENTED_EDGE('',*,*,#2899,.F.);
#2899 = EDGE_CURVE('',#2876,#2892,#2900,.T.);
#2900 = LINE('',#2901,#2902);
#2901 = CARTESIAN_POINT('',(81.5,194.15,8.437694987151E-14));
#2902 = VECTOR('',#2903,1.);
#2903 = DIRECTION('',(-0.,-1.,-1.110223024625E-16));
#2904 = FACE_BOUND('',#2905,.F.);
#2905 = EDGE_LOOP('',(#2906,#2916,#2924,#2932));
#2906 = ORIENTED_EDGE('',*,*,#2907,.F.);
#2907 = EDGE_CURVE('',#2908,#2910,#2912,.T.);
#2908 = VERTEX_POINT('',#2909);
#2909 = CARTESIAN_POINT('',(131.1,98.15,5.684341886081E-14));
#2910 = VERTEX_POINT('',#2911);
#2911 = CARTESIAN_POINT('',(81.5,98.15,5.684341886081E-14));
#2912 = LINE('',#2913,#2914);
#2913 = CARTESIAN_POINT('',(194.5,98.15,6.039613253961E-14));
#2914 = VECTOR('',#2915,1.);
#2915 = DIRECTION('',(-1.,-0.,0.));
#2916 = ORIENTED_EDGE('',*,*,#2917,.F.);
#2917 = EDGE_CURVE('',#2918,#2908,#2920,.T.);
#2918 = VERTEX_POINT('',#2919);
#2919 = CARTESIAN_POINT('',(131.1,88.55,5.684341886081E-14));
#2920 = LINE('',#2921,#2922);
#2921 = CARTESIAN_POINT('',(131.1,62.15,9.059419880941E-14));
#2922 = VECTOR('',#2923,1.);
#2923 = DIRECTION('',(0.,1.,1.110223024625E-16));
#2924 = ORIENTED_EDGE('',*,*,#2925,.F.);
#2925 = EDGE_CURVE('',#2926,#2918,#2928,.T.);
#2926 = VERTEX_POINT('',#2927);
#2927 = CARTESIAN_POINT('',(81.5,88.55,5.684341886081E-14));
#2928 = LINE('',#2929,#2930);
#2929 = CARTESIAN_POINT('',(69.5,88.55,7.105427357601E-14));
#2930 = VECTOR('',#2931,1.);
#2931 = DIRECTION('',(1.,0.,0.));
#2932 = ORIENTED_EDGE('',*,*,#2933,.F.);
#2933 = EDGE_CURVE('',#2910,#2926,#2934,.T.);
#2934 = LINE('',#2935,#2936);
#2935 = CARTESIAN_POINT('',(81.5,194.15,8.437694987151E-14));
#2936 = VECTOR('',#2937,1.);
#2937 = DIRECTION('',(-0.,-1.,-1.110223024625E-16));
#2938 = FACE_BOUND('',#2939,.F.);
#2939 = EDGE_LOOP('',(#2940,#2950,#2958,#2966));
#2940 = ORIENTED_EDGE('',*,*,#2941,.F.);
#2941 = EDGE_CURVE('',#2942,#2944,#2946,.T.);
#2942 = VERTEX_POINT('',#2943);
#2943 = CARTESIAN_POINT('',(131.1,110.15,5.684341886081E-14));
#2944 = VERTEX_POINT('',#2945);
#2945 = CARTESIAN_POINT('',(81.5,110.15,5.684341886081E-14));
#2946 = LINE('',#2947,#2948);
#2947 = CARTESIAN_POINT('',(194.5,110.15,3.907985046681E-14));
#2948 = VECTOR('',#2949,1.);
#2949 = DIRECTION('',(-1.,-0.,0.));
#2950 = ORIENTED_EDGE('',*,*,#2951,.F.);
#2951 = EDGE_CURVE('',#2952,#2942,#2954,.T.);
#2952 = VERTEX_POINT('',#2953);
#2953 = CARTESIAN_POINT('',(131.1,100.55,5.684341886081E-14));
#2954 = LINE('',#2955,#2956);
#2955 = CARTESIAN_POINT('',(131.1,62.15,9.059419880941E-14));
#2956 = VECTOR('',#2957,1.);
#2957 = DIRECTION('',(0.,1.,1.110223024625E-16));
#2958 = ORIENTED_EDGE('',*,*,#2959,.F.);
#2959 = EDGE_CURVE('',#2960,#2952,#2962,.T.);
#2960 = VERTEX_POINT('',#2961);
#2961 = CARTESIAN_POINT('',(81.5,100.55,5.684341886081E-14));
#2962 = LINE('',#2963,#2964);
#2963 = CARTESIAN_POINT('',(69.5,100.55,6.039613253961E-14));
#2964 = VECTOR('',#2965,1.);
#2965 = DIRECTION('',(1.,0.,0.));
#2966 = ORIENTED_EDGE('',*,*,#2967,.F.);
#2967 = EDGE_CURVE('',#2944,#2960,#2968,.T.);
#2968 = LINE('',#2969,#2970);
#2969 = CARTESIAN_POINT('',(81.5,194.15,8.437694987151E-14));
#2970 = VECTOR('',#2971,1.);
#2971 = DIRECTION('',(-0.,-1.,-1.110223024625E-16));
#2972 = FACE_BOUND('',#2973,.F.);
#2973 = EDGE_LOOP('',(#2974,#2984,#2992,#3000));
#2974 = ORIENTED_EDGE('',*,*,#2975,.F.);
#2975 = EDGE_CURVE('',#2976,#2978,#2980,.T.);
#2976 = VERTEX_POINT('',#2977);
#2977 = CARTESIAN_POINT('',(131.1,122.15,5.684341886081E-14));
#2978 = VERTEX_POINT('',#2979);
#2979 = CARTESIAN_POINT('',(81.5,122.15,5.684341886081E-14));
#2980 = LINE('',#2981,#2982);
#2981 = CARTESIAN_POINT('',(194.5,122.15,7.616129948929E-14));
#2982 = VECTOR('',#2983,1.);
#2983 = DIRECTION('',(-1.,-0.,0.));
#2984 = ORIENTED_EDGE('',*,*,#2985,.F.);
#2985 = EDGE_CURVE('',#2986,#2976,#2988,.T.);
#2986 = VERTEX_POINT('',#2987);
#2987 = CARTESIAN_POINT('',(131.1,112.55,5.684341886081E-14));
#2988 = LINE('',#2989,#2990);
#2989 = CARTESIAN_POINT('',(131.1,62.15,9.059419880941E-14));
#2990 = VECTOR('',#2991,1.);
#2991 = DIRECTION('',(0.,1.,1.110223024625E-16));
#2992 = ORIENTED_EDGE('',*,*,#2993,.F.);
#2993 = EDGE_CURVE('',#2994,#2986,#2996,.T.);
#2994 = VERTEX_POINT('',#2995);
#2995 = CARTESIAN_POINT('',(81.5,112.55,5.684341886081E-14));
#2996 = LINE('',#2997,#2998);
#2997 = CARTESIAN_POINT('',(69.5,112.55,4.085620730621E-14));
#2998 = VECTOR('',#2999,1.);
#2999 = DIRECTION('',(1.,0.,0.));
#3000 = ORIENTED_EDGE('',*,*,#3001,.F.);
#3001 = EDGE_CURVE('',#2978,#2994,#3002,.T.);
#3002 = LINE('',#3003,#3004);
#3003 = CARTESIAN_POINT('',(81.5,194.15,8.437694987151E-14));
#3004 = VECTOR('',#3005,1.);
#3005 = DIRECTION('',(-0.,-1.,-1.110223024625E-16));
#3006 = FACE_BOUND('',#3007,.F.);
#3007 = EDGE_LOOP('',(#3008,#3009,#3017,#3025));
#3008 = ORIENTED_EDGE('',*,*,#512,.F.);
#3009 = ORIENTED_EDGE('',*,*,#3010,.F.);
#3010 = EDGE_CURVE('',#3011,#513,#3013,.T.);
#3011 = VERTEX_POINT('',#3012);
#3012 = CARTESIAN_POINT('',(133.5,74.15,5.684341886081E-14));
#3013 = LINE('',#3014,#3015);
#3014 = CARTESIAN_POINT('',(133.5,194.15,5.684341886081E-14));
#3015 = VECTOR('',#3016,1.);
#3016 = DIRECTION('',(-0.,-1.,-1.110223024625E-16));
#3017 = ORIENTED_EDGE('',*,*,#3018,.F.);
#3018 = EDGE_CURVE('',#3019,#3011,#3021,.T.);
#3019 = VERTEX_POINT('',#3020);
#3020 = CARTESIAN_POINT('',(183.5,74.15,5.684341886081E-14));
#3021 = LINE('',#3022,#3023);
#3022 = CARTESIAN_POINT('',(194.5,74.15,4.263256414561E-14));
#3023 = VECTOR('',#3024,1.);
#3024 = DIRECTION('',(-1.,-0.,0.));
#3025 = ORIENTED_EDGE('',*,*,#3026,.F.);
#3026 = EDGE_CURVE('',#505,#3019,#3027,.T.);
#3027 = LINE('',#3028,#3029);
#3028 = CARTESIAN_POINT('',(183.5,62.15,2.84217094304E-14));
#3029 = VECTOR('',#3030,1.);
#3030 = DIRECTION('',(0.,1.,1.110223024625E-16));
#3031 = FACE_BOUND('',#3032,.F.);
#3032 = EDGE_LOOP('',(#3033,#3043,#3051,#3059));
#3033 = ORIENTED_EDGE('',*,*,#3034,.F.);
#3034 = EDGE_CURVE('',#3035,#3037,#3039,.T.);
#3035 = VERTEX_POINT('',#3036);
#3036 = CARTESIAN_POINT('',(133.5,76.55,5.684341886081E-14));
#3037 = VERTEX_POINT('',#3038);
#3038 = CARTESIAN_POINT('',(183.5,76.55,5.684341886081E-14));
#3039 = LINE('',#3040,#3041);
#3040 = CARTESIAN_POINT('',(69.5,76.55,4.973799150321E-14));
#3041 = VECTOR('',#3042,1.);
#3042 = DIRECTION('',(1.,0.,0.));
#3043 = ORIENTED_EDGE('',*,*,#3044,.F.);
#3044 = EDGE_CURVE('',#3045,#3035,#3047,.T.);
#3045 = VERTEX_POINT('',#3046);
#3046 = CARTESIAN_POINT('',(133.5,86.15,5.684341886081E-14));
#3047 = LINE('',#3048,#3049);
#3048 = CARTESIAN_POINT('',(133.5,194.15,1.012523398458E-13));
#3049 = VECTOR('',#3050,1.);
#3050 = DIRECTION('',(-0.,-1.,-1.110223024625E-16));
#3051 = ORIENTED_EDGE('',*,*,#3052,.F.);
#3052 = EDGE_CURVE('',#3053,#3045,#3055,.T.);
#3053 = VERTEX_POINT('',#3054);
#3054 = CARTESIAN_POINT('',(183.5,86.15,5.684341886081E-14));
#3055 = LINE('',#3056,#3057);
#3056 = CARTESIAN_POINT('',(194.5,86.15,7.105427357601E-14));
#3057 = VECTOR('',#3058,1.);
#3058 = DIRECTION('',(-1.,-0.,0.));
#3059 = ORIENTED_EDGE('',*,*,#3060,.F.);
#3060 = EDGE_CURVE('',#3037,#3053,#3061,.T.);
#3061 = LINE('',#3062,#3063);
#3062 = CARTESIAN_POINT('',(183.5,62.15,7.371880883511E-14));
#3063 = VECTOR('',#3064,1.);
#3064 = DIRECTION('',(0.,1.,1.110223024625E-16));
#3065 = FACE_BOUND('',#3066,.F.);
#3066 = EDGE_LOOP('',(#3067,#3077,#3085,#3093));
#3067 = ORIENTED_EDGE('',*,*,#3068,.F.);
#3068 = EDGE_CURVE('',#3069,#3071,#3073,.T.);
#3069 = VERTEX_POINT('',#3070);
#3070 = CARTESIAN_POINT('',(133.5,88.55,5.684341886081E-14));
#3071 = VERTEX_POINT('',#3072);
#3072 = CARTESIAN_POINT('',(183.5,88.55,5.684341886081E-14));
#3073 = LINE('',#3074,#3075);
#3074 = CARTESIAN_POINT('',(69.5,88.55,7.105427357601E-14));
#3075 = VECTOR('',#3076,1.);
#3076 = DIRECTION('',(1.,0.,0.));
#3077 = ORIENTED_EDGE('',*,*,#3078,.F.);
#3078 = EDGE_CURVE('',#3079,#3069,#3081,.T.);
#3079 = VERTEX_POINT('',#3080);
#3080 = CARTESIAN_POINT('',(133.5,98.15,5.684341886081E-14));
#3081 = LINE('',#3082,#3083);
#3082 = CARTESIAN_POINT('',(133.5,194.15,1.012523398458E-13));
#3083 = VECTOR('',#3084,1.);
#3084 = DIRECTION('',(-0.,-1.,-1.110223024625E-16));
#3085 = ORIENTED_EDGE('',*,*,#3086,.F.);
#3086 = EDGE_CURVE('',#3087,#3079,#3089,.T.);
#3087 = VERTEX_POINT('',#3088);
#3088 = CARTESIAN_POINT('',(183.5,98.15,5.684341886081E-14));
#3089 = LINE('',#3090,#3091);
#3090 = CARTESIAN_POINT('',(194.5,98.15,6.039613253961E-14));
#3091 = VECTOR('',#3092,1.);
#3092 = DIRECTION('',(-1.,-0.,0.));
#3093 = ORIENTED_EDGE('',*,*,#3094,.F.);
#3094 = EDGE_CURVE('',#3071,#3087,#3095,.T.);
#3095 = LINE('',#3096,#3097);
#3096 = CARTESIAN_POINT('',(183.5,62.15,7.371880883511E-14));
#3097 = VECTOR('',#3098,1.);
#3098 = DIRECTION('',(0.,1.,1.110223024625E-16));
#3099 = FACE_BOUND('',#3100,.F.);
#3100 = EDGE_LOOP('',(#3101,#3111,#3119,#3127));
#3101 = ORIENTED_EDGE('',*,*,#3102,.F.);
#3102 = EDGE_CURVE('',#3103,#3105,#3107,.T.);
#3103 = VERTEX_POINT('',#3104);
#3104 = CARTESIAN_POINT('',(133.5,100.55,5.684341886081E-14));
#3105 = VERTEX_POINT('',#3106);
#3106 = CARTESIAN_POINT('',(183.5,100.55,5.684341886081E-14));
#3107 = LINE('',#3108,#3109);
#3108 = CARTESIAN_POINT('',(69.5,100.55,6.039613253961E-14));
#3109 = VECTOR('',#3110,1.);
#3110 = DIRECTION('',(1.,0.,0.));
#3111 = ORIENTED_EDGE('',*,*,#3112,.F.);
#3112 = EDGE_CURVE('',#3113,#3103,#3115,.T.);
#3113 = VERTEX_POINT('',#3114);
#3114 = CARTESIAN_POINT('',(133.5,110.15,5.684341886081E-14));
#3115 = LINE('',#3116,#3117);
#3116 = CARTESIAN_POINT('',(133.5,194.15,1.012523398458E-13));
#3117 = VECTOR('',#3118,1.);
#3118 = DIRECTION('',(-0.,-1.,-1.110223024625E-16));
#3119 = ORIENTED_EDGE('',*,*,#3120,.F.);
#3120 = EDGE_CURVE('',#3121,#3113,#3123,.T.);
#3121 = VERTEX_POINT('',#3122);
#3122 = CARTESIAN_POINT('',(183.5,110.15,5.684341886081E-14));
#3123 = LINE('',#3124,#3125);
#3124 = CARTESIAN_POINT('',(194.5,110.15,3.907985046681E-14));
#3125 = VECTOR('',#3126,1.);
#3126 = DIRECTION('',(-1.,-0.,0.));
#3127 = ORIENTED_EDGE('',*,*,#3128,.F.);
#3128 = EDGE_CURVE('',#3105,#3121,#3129,.T.);
#3129 = LINE('',#3130,#3131);
#3130 = CARTESIAN_POINT('',(183.5,62.15,7.371880883511E-14));
#3131 = VECTOR('',#3132,1.);
#3132 = DIRECTION('',(0.,1.,1.110223024625E-16));
#3133 = FACE_BOUND('',#3134,.F.);
#3134 = EDGE_LOOP('',(#3135,#3145,#3153,#3161));
#3135 = ORIENTED_EDGE('',*,*,#3136,.F.);
#3136 = EDGE_CURVE('',#3137,#3139,#3141,.T.);
#3137 = VERTEX_POINT('',#3138);
#3138 = CARTESIAN_POINT('',(133.5,112.55,5.684341886081E-14));
#3139 = VERTEX_POINT('',#3140);
#3140 = CARTESIAN_POINT('',(183.5,112.55,5.684341886081E-14));
#3141 = LINE('',#3142,#3143);
#3142 = CARTESIAN_POINT('',(69.5,112.55,4.085620730621E-14));
#3143 = VECTOR('',#3144,1.);
#3144 = DIRECTION('',(1.,0.,0.));
#3145 = ORIENTED_EDGE('',*,*,#3146,.F.);
#3146 = EDGE_CURVE('',#3147,#3137,#3149,.T.);
#3147 = VERTEX_POINT('',#3148);
#3148 = CARTESIAN_POINT('',(133.5,122.15,5.684341886081E-14));
#3149 = LINE('',#3150,#3151);
#3150 = CARTESIAN_POINT('',(133.5,194.15,1.012523398458E-13));
#3151 = VECTOR('',#3152,1.);
#3152 = DIRECTION('',(-0.,-1.,-1.110223024625E-16));
#3153 = ORIENTED_EDGE('',*,*,#3154,.F.);
#3154 = EDGE_CURVE('',#3155,#3147,#3157,.T.);
#3155 = VERTEX_POINT('',#3156);
#3156 = CARTESIAN_POINT('',(183.5,122.15,5.684341886081E-14));
#3157 = LINE('',#3158,#3159);
#3158 = CARTESIAN_POINT('',(194.5,122.15,7.616129948929E-14));
#3159 = VECTOR('',#3160,1.);
#3160 = DIRECTION('',(-1.,-0.,0.));
#3161 = ORIENTED_EDGE('',*,*,#3162,.F.);
#3162 = EDGE_CURVE('',#3139,#3155,#3163,.T.);
#3163 = LINE('',#3164,#3165);
#3164 = CARTESIAN_POINT('',(183.5,62.15,7.371880883511E-14));
#3165 = VECTOR('',#3166,1.);
#3166 = DIRECTION('',(0.,1.,1.110223024625E-16));
#3167 = FACE_BOUND('',#3168,.F.);
#3168 = EDGE_LOOP('',(#3169,#3179,#3187,#3195));
#3169 = ORIENTED_EDGE('',*,*,#3170,.F.);
#3170 = EDGE_CURVE('',#3171,#3173,#3175,.T.);
#3171 = VERTEX_POINT('',#3172);
#3172 = CARTESIAN_POINT('',(131.1,134.15,5.684341886081E-14));
#3173 = VERTEX_POINT('',#3174);
#3174 = CARTESIAN_POINT('',(81.5,134.15,5.684341886081E-14));
#3175 = LINE('',#3176,#3177);
#3176 = CARTESIAN_POINT('',(194.5,134.15,7.638334409421E-14));
#3177 = VECTOR('',#3178,1.);
#3178 = DIRECTION('',(-1.,-0.,0.));
#3179 = ORIENTED_EDGE('',*,*,#3180,.F.);
#3180 = EDGE_CURVE('',#3181,#3171,#3183,.T.);
#3181 = VERTEX_POINT('',#3182);
#3182 = CARTESIAN_POINT('',(131.1,124.55,5.684341886081E-14));
#3183 = LINE('',#3184,#3185);
#3184 = CARTESIAN_POINT('',(131.1,62.15,9.059419880941E-14));
#3185 = VECTOR('',#3186,1.);
#3186 = DIRECTION('',(0.,1.,1.110223024625E-16));
#3187 = ORIENTED_EDGE('',*,*,#3188,.F.);
#3188 = EDGE_CURVE('',#3189,#3181,#3191,.T.);
#3189 = VERTEX_POINT('',#3190);
#3190 = CARTESIAN_POINT('',(81.5,124.55,5.684341886081E-14));
#3191 = LINE('',#3192,#3193);
#3192 = CARTESIAN_POINT('',(69.5,124.55,7.616129948929E-14));
#3193 = VECTOR('',#3194,1.);
#3194 = DIRECTION('',(1.,0.,0.));
#3195 = ORIENTED_EDGE('',*,*,#3196,.F.);
#3196 = EDGE_CURVE('',#3173,#3189,#3197,.T.);
#3197 = LINE('',#3198,#3199);
#3198 = CARTESIAN_POINT('',(81.5,194.15,8.437694987151E-14));
#3199 = VECTOR('',#3200,1.);
#3200 = DIRECTION('',(-0.,-1.,-1.110223024625E-16));
#3201 = FACE_BOUND('',#3202,.F.);
#3202 = EDGE_LOOP('',(#3203,#3213,#3221,#3229));
#3203 = ORIENTED_EDGE('',*,*,#3204,.F.);
#3204 = EDGE_CURVE('',#3205,#3207,#3209,.T.);
#3205 = VERTEX_POINT('',#3206);
#3206 = CARTESIAN_POINT('',(131.1,146.15,5.684341886081E-14));
#3207 = VERTEX_POINT('',#3208);
#3208 = CARTESIAN_POINT('',(81.5,146.15,5.684341886081E-14));
#3209 = LINE('',#3210,#3211);
#3210 = CARTESIAN_POINT('',(194.5,146.15,5.684341886081E-14));
#3211 = VECTOR('',#3212,1.);
#3212 = DIRECTION('',(-1.,-0.,0.));
#3213 = ORIENTED_EDGE('',*,*,#3214,.F.);
#3214 = EDGE_CURVE('',#3215,#3205,#3217,.T.);
#3215 = VERTEX_POINT('',#3216);
#3216 = CARTESIAN_POINT('',(131.1,136.55,5.684341886081E-14));
#3217 = LINE('',#3218,#3219);
#3218 = CARTESIAN_POINT('',(131.1,62.15,9.059419880941E-14));
#3219 = VECTOR('',#3220,1.);
#3220 = DIRECTION('',(0.,1.,1.110223024625E-16));
#3221 = ORIENTED_EDGE('',*,*,#3222,.F.);
#3222 = EDGE_CURVE('',#3223,#3215,#3225,.T.);
#3223 = VERTEX_POINT('',#3224);
#3224 = CARTESIAN_POINT('',(81.5,136.55,5.684341886081E-14));
#3225 = LINE('',#3226,#3227);
#3226 = CARTESIAN_POINT('',(69.5,136.55,7.993605777301E-14));
#3227 = VECTOR('',#3228,1.);
#3228 = DIRECTION('',(1.,0.,0.));
#3229 = ORIENTED_EDGE('',*,*,#3230,.F.);
#3230 = EDGE_CURVE('',#3207,#3223,#3231,.T.);
#3231 = LINE('',#3232,#3233);
#3232 = CARTESIAN_POINT('',(81.5,194.15,8.437694987151E-14));
#3233 = VECTOR('',#3234,1.);
#3234 = DIRECTION('',(-0.,-1.,-1.110223024625E-16));
#3235 = FACE_BOUND('',#3236,.F.);
#3236 = EDGE_LOOP('',(#3237,#3247,#3255,#3263));
#3237 = ORIENTED_EDGE('',*,*,#3238,.F.);
#3238 = EDGE_CURVE('',#3239,#3241,#3243,.T.);
#3239 = VERTEX_POINT('',#3240);
#3240 = CARTESIAN_POINT('',(131.1,158.15,5.684341886081E-14));
#3241 = VERTEX_POINT('',#3242);
#3242 = CARTESIAN_POINT('',(81.5,158.15,5.684341886081E-14));
#3243 = LINE('',#3244,#3245);
#3244 = CARTESIAN_POINT('',(194.5,158.15,6.394884621841E-14));
#3245 = VECTOR('',#3246,1.);
#3246 = DIRECTION('',(-1.,-0.,0.));
#3247 = ORIENTED_EDGE('',*,*,#3248,.F.);
#3248 = EDGE_CURVE('',#3249,#3239,#3251,.T.);
#3249 = VERTEX_POINT('',#3250);
#3250 = CARTESIAN_POINT('',(131.1,148.55,5.684341886081E-14));
#3251 = LINE('',#3252,#3253);
#3252 = CARTESIAN_POINT('',(131.1,62.15,9.059419880941E-14));
#3253 = VECTOR('',#3254,1.);
#3254 = DIRECTION('',(0.,1.,1.110223024625E-16));
#3255 = ORIENTED_EDGE('',*,*,#3256,.F.);
#3256 = EDGE_CURVE('',#3257,#3249,#3259,.T.);
#3257 = VERTEX_POINT('',#3258);
#3258 = CARTESIAN_POINT('',(81.5,148.55,5.684341886081E-14));
#3259 = LINE('',#3260,#3261);
#3260 = CARTESIAN_POINT('',(69.5,148.55,6.394884621841E-14));
#3261 = VECTOR('',#3262,1.);
#3262 = DIRECTION('',(1.,0.,0.));
#3263 = ORIENTED_EDGE('',*,*,#3264,.F.);
#3264 = EDGE_CURVE('',#3241,#3257,#3265,.T.);
#3265 = LINE('',#3266,#3267);
#3266 = CARTESIAN_POINT('',(81.5,194.15,8.437694987151E-14));
#3267 = VECTOR('',#3268,1.);
#3268 = DIRECTION('',(-0.,-1.,-1.110223024625E-16));
#3269 = FACE_BOUND('',#3270,.F.);
#3270 = EDGE_LOOP('',(#3271,#3281,#3289,#3297));
#3271 = ORIENTED_EDGE('',*,*,#3272,.F.);
#3272 = EDGE_CURVE('',#3273,#3275,#3277,.T.);
#3273 = VERTEX_POINT('',#3274);
#3274 = CARTESIAN_POINT('',(131.1,170.15,5.684341886081E-14));
#3275 = VERTEX_POINT('',#3276);
#3276 = CARTESIAN_POINT('',(81.5,170.15,5.684341886081E-14));
#3277 = LINE('',#3278,#3279);
#3278 = CARTESIAN_POINT('',(194.5,170.15,7.105427357601E-14));
#3279 = VECTOR('',#3280,1.);
#3280 = DIRECTION('',(-1.,-0.,0.));
#3281 = ORIENTED_EDGE('',*,*,#3282,.F.);
#3282 = EDGE_CURVE('',#3283,#3273,#3285,.T.);
#3283 = VERTEX_POINT('',#3284);
#3284 = CARTESIAN_POINT('',(131.1,160.55,5.684341886081E-14));
#3285 = LINE('',#3286,#3287);
#3286 = CARTESIAN_POINT('',(131.1,62.15,9.059419880941E-14));
#3287 = VECTOR('',#3288,1.);
#3288 = DIRECTION('',(0.,1.,1.110223024625E-16));
#3289 = ORIENTED_EDGE('',*,*,#3290,.F.);
#3290 = EDGE_CURVE('',#3291,#3283,#3293,.T.);
#3291 = VERTEX_POINT('',#3292);
#3292 = CARTESIAN_POINT('',(81.5,160.55,5.684341886081E-14));
#3293 = LINE('',#3294,#3295);
#3294 = CARTESIAN_POINT('',(69.5,160.55,7.105427357601E-14));
#3295 = VECTOR('',#3296,1.);
#3296 = DIRECTION('',(1.,0.,0.));
#3297 = ORIENTED_EDGE('',*,*,#3298,.F.);
#3298 = EDGE_CURVE('',#3275,#3291,#3299,.T.);
#3299 = LINE('',#3300,#3301);
#3300 = CARTESIAN_POINT('',(81.5,194.15,8.437694987151E-14));
#3301 = VECTOR('',#3302,1.);
#3302 = DIRECTION('',(-0.,-1.,-1.110223024625E-16));
#3303 = FACE_BOUND('',#3304,.F.);
#3304 = EDGE_LOOP('',(#3305,#3315,#3323,#3331));
#3305 = ORIENTED_EDGE('',*,*,#3306,.F.);
#3306 = EDGE_CURVE('',#3307,#3309,#3311,.T.);
#3307 = VERTEX_POINT('',#3308);
#3308 = CARTESIAN_POINT('',(131.1,182.15,5.684341886081E-14));
#3309 = VERTEX_POINT('',#3310);
#3310 = CARTESIAN_POINT('',(81.5,182.15,5.684341886081E-14));
#3311 = LINE('',#3312,#3313);
#3312 = CARTESIAN_POINT('',(194.5,182.15,1.06581410364E-13));
#3313 = VECTOR('',#3314,1.);
#3314 = DIRECTION('',(-1.,-0.,0.));
#3315 = ORIENTED_EDGE('',*,*,#3316,.F.);
#3316 = EDGE_CURVE('',#3317,#3307,#3319,.T.);
#3317 = VERTEX_POINT('',#3318);
#3318 = CARTESIAN_POINT('',(131.1,172.55,5.684341886081E-14));
#3319 = LINE('',#3320,#3321);
#3320 = CARTESIAN_POINT('',(131.1,62.15,9.059419880941E-14));
#3321 = VECTOR('',#3322,1.);
#3322 = DIRECTION('',(0.,1.,1.110223024625E-16));
#3323 = ORIENTED_EDGE('',*,*,#3324,.F.);
#3324 = EDGE_CURVE('',#3325,#3317,#3327,.T.);
#3325 = VERTEX_POINT('',#3326);
#3326 = CARTESIAN_POINT('',(81.5,172.55,5.684341886081E-14));
#3327 = LINE('',#3328,#3329);
#3328 = CARTESIAN_POINT('',(69.5,172.55,7.815970093361E-14));
#3329 = VECTOR('',#3330,1.);
#3330 = DIRECTION('',(1.,0.,0.));
#3331 = ORIENTED_EDGE('',*,*,#3332,.F.);
#3332 = EDGE_CURVE('',#3309,#3325,#3333,.T.);
#3333 = LINE('',#3334,#3335);
#3334 = CARTESIAN_POINT('',(81.5,194.15,8.437694987151E-14));
#3335 = VECTOR('',#3336,1.);
#3336 = DIRECTION('',(-0.,-1.,-1.110223024625E-16));
#3337 = FACE_BOUND('',#3338,.F.);
#3338 = EDGE_LOOP('',(#3339,#3349,#3357,#3365));
#3339 = ORIENTED_EDGE('',*,*,#3340,.F.);
#3340 = EDGE_CURVE('',#3341,#3343,#3345,.T.);
#3341 = VERTEX_POINT('',#3342);
#3342 = CARTESIAN_POINT('',(133.5,124.55,5.684341886081E-14));
#3343 = VERTEX_POINT('',#3344);
#3344 = CARTESIAN_POINT('',(183.5,124.55,5.684341886081E-14));
#3345 = LINE('',#3346,#3347);
#3346 = CARTESIAN_POINT('',(69.5,124.55,7.616129948929E-14));
#3347 = VECTOR('',#3348,1.);
#3348 = DIRECTION('',(1.,0.,0.));
#3349 = ORIENTED_EDGE('',*,*,#3350,.F.);
#3350 = EDGE_CURVE('',#3351,#3341,#3353,.T.);
#3351 = VERTEX_POINT('',#3352);
#3352 = CARTESIAN_POINT('',(133.5,134.15,5.684341886081E-14));
#3353 = LINE('',#3354,#3355);
#3354 = CARTESIAN_POINT('',(133.5,194.15,1.012523398458E-13));
#3355 = VECTOR('',#3356,1.);
#3356 = DIRECTION('',(-0.,-1.,-1.110223024625E-16));
#3357 = ORIENTED_EDGE('',*,*,#3358,.F.);
#3358 = EDGE_CURVE('',#3359,#3351,#3361,.T.);
#3359 = VERTEX_POINT('',#3360);
#3360 = CARTESIAN_POINT('',(183.5,134.15,5.684341886081E-14));
#3361 = LINE('',#3362,#3363);
#3362 = CARTESIAN_POINT('',(194.5,134.15,7.638334409421E-14));
#3363 = VECTOR('',#3364,1.);
#3364 = DIRECTION('',(-1.,-0.,0.));
#3365 = ORIENTED_EDGE('',*,*,#3366,.F.);
#3366 = EDGE_CURVE('',#3343,#3359,#3367,.T.);
#3367 = LINE('',#3368,#3369);
#3368 = CARTESIAN_POINT('',(183.5,62.15,7.371880883511E-14));
#3369 = VECTOR('',#3370,1.);
#3370 = DIRECTION('',(0.,1.,1.110223024625E-16));
#3371 = FACE_BOUND('',#3372,.F.);
#3372 = EDGE_LOOP('',(#3373,#3383,#3391,#3399));
#3373 = ORIENTED_EDGE('',*,*,#3374,.F.);
#3374 = EDGE_CURVE('',#3375,#3377,#3379,.T.);
#3375 = VERTEX_POINT('',#3376);
#3376 = CARTESIAN_POINT('',(133.5,136.55,5.684341886081E-14));
#3377 = VERTEX_POINT('',#3378);
#3378 = CARTESIAN_POINT('',(183.5,136.55,5.684341886081E-14));
#3379 = LINE('',#3380,#3381);
#3380 = CARTESIAN_POINT('',(69.5,136.55,7.993605777301E-14));
#3381 = VECTOR('',#3382,1.);
#3382 = DIRECTION('',(1.,0.,0.));
#3383 = ORIENTED_EDGE('',*,*,#3384,.F.);
#3384 = EDGE_CURVE('',#3385,#3375,#3387,.T.);
#3385 = VERTEX_POINT('',#3386);
#3386 = CARTESIAN_POINT('',(133.5,146.15,5.684341886081E-14));
#3387 = LINE('',#3388,#3389);
#3388 = CARTESIAN_POINT('',(133.5,194.15,1.012523398458E-13));
#3389 = VECTOR('',#3390,1.);
#3390 = DIRECTION('',(-0.,-1.,-1.110223024625E-16));
#3391 = ORIENTED_EDGE('',*,*,#3392,.F.);
#3392 = EDGE_CURVE('',#3393,#3385,#3395,.T.);
#3393 = VERTEX_POINT('',#3394);
#3394 = CARTESIAN_POINT('',(183.5,146.15,5.684341886081E-14));
#3395 = LINE('',#3396,#3397);
#3396 = CARTESIAN_POINT('',(194.5,146.15,5.684341886081E-14));
#3397 = VECTOR('',#3398,1.);
#3398 = DIRECTION('',(-1.,-0.,0.));
#3399 = ORIENTED_EDGE('',*,*,#3400,.F.);
#3400 = EDGE_CURVE('',#3377,#3393,#3401,.T.);
#3401 = LINE('',#3402,#3403);
#3402 = CARTESIAN_POINT('',(183.5,62.15,7.371880883511E-14));
#3403 = VECTOR('',#3404,1.);
#3404 = DIRECTION('',(0.,1.,1.110223024625E-16));
#3405 = FACE_BOUND('',#3406,.F.);
#3406 = EDGE_LOOP('',(#3407,#3417,#3425,#3433));
#3407 = ORIENTED_EDGE('',*,*,#3408,.F.);
#3408 = EDGE_CURVE('',#3409,#3411,#3413,.T.);
#3409 = VERTEX_POINT('',#3410);
#3410 = CARTESIAN_POINT('',(133.5,148.55,5.684341886081E-14));
#3411 = VERTEX_POINT('',#3412);
#3412 = CARTESIAN_POINT('',(183.5,148.55,5.684341886081E-14));
#3413 = LINE('',#3414,#3415);
#3414 = CARTESIAN_POINT('',(69.5,148.55,6.394884621841E-14));
#3415 = VECTOR('',#3416,1.);
#3416 = DIRECTION('',(1.,0.,0.));
#3417 = ORIENTED_EDGE('',*,*,#3418,.F.);
#3418 = EDGE_CURVE('',#3419,#3409,#3421,.T.);
#3419 = VERTEX_POINT('',#3420);
#3420 = CARTESIAN_POINT('',(133.5,158.15,5.684341886081E-14));
#3421 = LINE('',#3422,#3423);
#3422 = CARTESIAN_POINT('',(133.5,194.15,1.012523398458E-13));
#3423 = VECTOR('',#3424,1.);
#3424 = DIRECTION('',(-0.,-1.,-1.110223024625E-16));
#3425 = ORIENTED_EDGE('',*,*,#3426,.F.);
#3426 = EDGE_CURVE('',#3427,#3419,#3429,.T.);
#3427 = VERTEX_POINT('',#3428);
#3428 = CARTESIAN_POINT('',(183.5,158.15,5.684341886081E-14));
#3429 = LINE('',#3430,#3431);
#3430 = CARTESIAN_POINT('',(194.5,158.15,6.394884621841E-14));
#3431 = VECTOR('',#3432,1.);
#3432 = DIRECTION('',(-1.,-0.,0.));
#3433 = ORIENTED_EDGE('',*,*,#3434,.F.);
#3434 = EDGE_CURVE('',#3411,#3427,#3435,.T.);
#3435 = LINE('',#3436,#3437);
#3436 = CARTESIAN_POINT('',(183.5,62.15,7.371880883511E-14));
#3437 = VECTOR('',#3438,1.);
#3438 = DIRECTION('',(0.,1.,1.110223024625E-16));
#3439 = FACE_BOUND('',#3440,.F.);
#3440 = EDGE_LOOP('',(#3441,#3451,#3459,#3467));
#3441 = ORIENTED_EDGE('',*,*,#3442,.F.);
#3442 = EDGE_CURVE('',#3443,#3445,#3447,.T.);
#3443 = VERTEX_POINT('',#3444);
#3444 = CARTESIAN_POINT('',(133.5,160.55,5.684341886081E-14));
#3445 = VERTEX_POINT('',#3446);
#3446 = CARTESIAN_POINT('',(183.5,160.55,5.684341886081E-14));
#3447 = LINE('',#3448,#3449);
#3448 = CARTESIAN_POINT('',(69.5,160.55,7.105427357601E-14));
#3449 = VECTOR('',#3450,1.);
#3450 = DIRECTION('',(1.,0.,0.));
#3451 = ORIENTED_EDGE('',*,*,#3452,.F.);
#3452 = EDGE_CURVE('',#3453,#3443,#3455,.T.);
#3453 = VERTEX_POINT('',#3454);
#3454 = CARTESIAN_POINT('',(133.5,170.15,5.684341886081E-14));
#3455 = LINE('',#3456,#3457);
#3456 = CARTESIAN_POINT('',(133.5,194.15,1.012523398458E-13));
#3457 = VECTOR('',#3458,1.);
#3458 = DIRECTION('',(-0.,-1.,-1.110223024625E-16));
#3459 = ORIENTED_EDGE('',*,*,#3460,.F.);
#3460 = EDGE_CURVE('',#3461,#3453,#3463,.T.);
#3461 = VERTEX_POINT('',#3462);
#3462 = CARTESIAN_POINT('',(183.5,170.15,5.684341886081E-14));
#3463 = LINE('',#3464,#3465);
#3464 = CARTESIAN_POINT('',(194.5,170.15,7.105427357601E-14));
#3465 = VECTOR('',#3466,1.);
#3466 = DIRECTION('',(-1.,-0.,0.));
#3467 = ORIENTED_EDGE('',*,*,#3468,.F.);
#3468 = EDGE_CURVE('',#3445,#3461,#3469,.T.);
#3469 = LINE('',#3470,#3471);
#3470 = CARTESIAN_POINT('',(183.5,62.15,7.371880883511E-14));
#3471 = VECTOR('',#3472,1.);
#3472 = DIRECTION('',(0.,1.,1.110223024625E-16));
#3473 = FACE_BOUND('',#3474,.F.);
#3474 = EDGE_LOOP('',(#3475,#3485,#3493,#3501));
#3475 = ORIENTED_EDGE('',*,*,#3476,.F.);
#3476 = EDGE_CURVE('',#3477,#3479,#3481,.T.);
#3477 = VERTEX_POINT('',#3478);
#3478 = CARTESIAN_POINT('',(133.5,172.55,5.684341886081E-14));
#3479 = VERTEX_POINT('',#3480);
#3480 = CARTESIAN_POINT('',(183.5,172.55,5.684341886081E-14));
#3481 = LINE('',#3482,#3483);
#3482 = CARTESIAN_POINT('',(69.5,172.55,7.815970093361E-14));
#3483 = VECTOR('',#3484,1.);
#3484 = DIRECTION('',(1.,0.,0.));
#3485 = ORIENTED_EDGE('',*,*,#3486,.F.);
#3486 = EDGE_CURVE('',#3487,#3477,#3489,.T.);
#3487 = VERTEX_POINT('',#3488);
#3488 = CARTESIAN_POINT('',(133.5,182.15,5.684341886081E-14));
#3489 = LINE('',#3490,#3491);
#3490 = CARTESIAN_POINT('',(133.5,194.15,1.012523398458E-13));
#3491 = VECTOR('',#3492,1.);
#3492 = DIRECTION('',(-0.,-1.,-1.110223024625E-16));
#3493 = ORIENTED_EDGE('',*,*,#3494,.F.);
#3494 = EDGE_CURVE('',#3495,#3487,#3497,.T.);
#3495 = VERTEX_POINT('',#3496);
#3496 = CARTESIAN_POINT('',(183.5,182.15,5.684341886081E-14));
#3497 = LINE('',#3498,#3499);
#3498 = CARTESIAN_POINT('',(194.5,182.15,1.06581410364E-13));
#3499 = VECTOR('',#3500,1.);
#3500 = DIRECTION('',(-1.,-0.,0.));
#3501 = ORIENTED_EDGE('',*,*,#3502,.F.);
#3502 = EDGE_CURVE('',#3479,#3495,#3503,.T.);
#3503 = LINE('',#3504,#3505);
#3504 = CARTESIAN_POINT('',(183.5,62.15,7.371880883511E-14));
#3505 = VECTOR('',#3506,1.);
#3506 = DIRECTION('',(0.,1.,1.110223024625E-16));
#3507 = PLANE('',#3508);
#3508 = AXIS2_PLACEMENT_3D('',#3509,#3510,#3511);
#3509 = CARTESIAN_POINT('',(132.02646450723,130.5516540317,
    5.684341886081E-14));
#3510 = DIRECTION('',(0.,1.110223024625E-16,-1.));
#3511 = DIRECTION('',(-1.,0.,0.));
#3512 = ADVANCED_FACE('',(#3513),#3593,.F.);
#3513 = FACE_BOUND('',#3514,.T.);
#3514 = EDGE_LOOP('',(#3515,#3525,#3531,#3532,#3533,#3541,#3549,#3555,
    #3556,#3564,#3572,#3578,#3579,#3587));
#3515 = ORIENTED_EDGE('',*,*,#3516,.T.);
#3516 = EDGE_CURVE('',#3517,#3519,#3521,.T.);
#3517 = VERTEX_POINT('',#3518);
#3518 = CARTESIAN_POINT('',(81.5,94.15,3.));
#3519 = VERTEX_POINT('',#3520);
#3520 = CARTESIAN_POINT('',(81.5,94.15,7.));
#3521 = LINE('',#3522,#3523);
#3522 = CARTESIAN_POINT('',(81.5,94.15,3.));
#3523 = VECTOR('',#3524,1.);
#3524 = DIRECTION('',(0.,-1.110223024625E-16,1.));
#3525 = ORIENTED_EDGE('',*,*,#3526,.T.);
#3526 = EDGE_CURVE('',#3519,#473,#3527,.T.);
#3527 = LINE('',#3528,#3529);
#3528 = CARTESIAN_POINT('',(81.5,194.15,7.));
#3529 = VECTOR('',#3530,1.);
#3530 = DIRECTION('',(-0.,-1.,-1.110223024625E-16));
#3531 = ORIENTED_EDGE('',*,*,#472,.F.);
#3532 = ORIENTED_EDGE('',*,*,#2865,.F.);
#3533 = ORIENTED_EDGE('',*,*,#3534,.T.);
#3534 = EDGE_CURVE('',#2851,#3535,#3537,.T.);
#3535 = VERTEX_POINT('',#3536);
#3536 = CARTESIAN_POINT('',(81.5,74.15,3.));
#3537 = LINE('',#3538,#3539);
#3538 = CARTESIAN_POINT('',(81.5,74.15,5.684341886081E-14));
#3539 = VECTOR('',#3540,1.);
#3540 = DIRECTION('',(0.,-1.110223024625E-16,1.));
#3541 = ORIENTED_EDGE('',*,*,#3542,.F.);
#3542 = EDGE_CURVE('',#3543,#3535,#3545,.T.);
#3543 = VERTEX_POINT('',#3544);
#3544 = CARTESIAN_POINT('',(81.5,76.55,3.));
#3545 = LINE('',#3546,#3547);
#3546 = CARTESIAN_POINT('',(81.5,134.75,3.));
#3547 = VECTOR('',#3548,1.);
#3548 = DIRECTION('',(-0.,-1.,-1.110223024625E-16));
#3549 = ORIENTED_EDGE('',*,*,#3550,.T.);
#3550 = EDGE_CURVE('',#3543,#2892,#3551,.T.);
#3551 = LINE('',#3552,#3553);
#3552 = CARTESIAN_POINT('',(81.5,76.55,5.684341886081E-14));
#3553 = VECTOR('',#3554,1.);
#3554 = DIRECTION('',(0.,1.110223024625E-16,-1.));
#3555 = ORIENTED_EDGE('',*,*,#2899,.F.);
#3556 = ORIENTED_EDGE('',*,*,#3557,.T.);
#3557 = EDGE_CURVE('',#2876,#3558,#3560,.T.);
#3558 = VERTEX_POINT('',#3559);
#3559 = CARTESIAN_POINT('',(81.5,86.15,3.));
#3560 = LINE('',#3561,#3562);
#3561 = CARTESIAN_POINT('',(81.5,86.15,5.684341886081E-14));
#3562 = VECTOR('',#3563,1.);
#3563 = DIRECTION('',(0.,-1.110223024625E-16,1.));
#3564 = ORIENTED_EDGE('',*,*,#3565,.F.);
#3565 = EDGE_CURVE('',#3566,#3558,#3568,.T.);
#3566 = VERTEX_POINT('',#3567);
#3567 = CARTESIAN_POINT('',(81.5,88.55,3.));
#3568 = LINE('',#3569,#3570);
#3569 = CARTESIAN_POINT('',(81.5,140.75,3.));
#3570 = VECTOR('',#3571,1.);
#3571 = DIRECTION('',(-0.,-1.,-1.110223024625E-16));
#3572 = ORIENTED_EDGE('',*,*,#3573,.T.);
#3573 = EDGE_CURVE('',#3566,#2926,#3574,.T.);
#3574 = LINE('',#3575,#3576);
#3575 = CARTESIAN_POINT('',(81.5,88.55,5.684341886081E-14));
#3576 = VECTOR('',#3577,1.);
#3577 = DIRECTION('',(0.,1.110223024625E-16,-1.));
#3578 = ORIENTED_EDGE('',*,*,#2933,.F.);
#3579 = ORIENTED_EDGE('',*,*,#3580,.T.);
#3580 = EDGE_CURVE('',#2910,#3581,#3583,.T.);
#3581 = VERTEX_POINT('',#3582);
#3582 = CARTESIAN_POINT('',(81.5,98.15,3.));
#3583 = LINE('',#3584,#3585);
#3584 = CARTESIAN_POINT('',(81.5,98.15,5.684341886081E-14));
#3585 = VECTOR('',#3586,1.);
#3586 = DIRECTION('',(0.,-1.110223024625E-16,1.));
#3587 = ORIENTED_EDGE('',*,*,#3588,.T.);
#3588 = EDGE_CURVE('',#3581,#3517,#3589,.T.);
#3589 = LINE('',#3590,#3591);
#3590 = CARTESIAN_POINT('',(81.5,162.15,3.));
#3591 = VECTOR('',#3592,1.);
#3592 = DIRECTION('',(-0.,-1.,-1.110223024625E-16));
#3593 = PLANE('',#3594);
#3594 = AXIS2_PLACEMENT_3D('',#3595,#3596,#3597);
#3595 = CARTESIAN_POINT('',(81.5,194.15,7.815970093361E-14));
#3596 = DIRECTION('',(-1.,-0.,0.));
#3597 = DIRECTION('',(0.,1.,1.110223024625E-16));
#3598 = ADVANCED_FACE('',(#3599),#3617,.F.);
#3599 = FACE_BOUND('',#3600,.T.);
#3600 = EDGE_LOOP('',(#3601,#3602,#3603,#3611));
#3601 = ORIENTED_EDGE('',*,*,#2858,.F.);
#3602 = ORIENTED_EDGE('',*,*,#536,.F.);
#3603 = ORIENTED_EDGE('',*,*,#3604,.T.);
#3604 = EDGE_CURVE('',#529,#3605,#3607,.T.);
#3605 = VERTEX_POINT('',#3606);
#3606 = CARTESIAN_POINT('',(131.1,74.15,3.));
#3607 = LINE('',#3608,#3609);
#3608 = CARTESIAN_POINT('',(131.1,62.15,3.));
#3609 = VECTOR('',#3610,1.);
#3610 = DIRECTION('',(0.,1.,1.110223024625E-16));
#3611 = ORIENTED_EDGE('',*,*,#3612,.F.);
#3612 = EDGE_CURVE('',#2849,#3605,#3613,.T.);
#3613 = LINE('',#3614,#3615);
#3614 = CARTESIAN_POINT('',(131.1,74.15,5.684341886081E-14));
#3615 = VECTOR('',#3616,1.);
#3616 = DIRECTION('',(0.,-1.110223024625E-16,1.));
#3617 = PLANE('',#3618);
#3618 = AXIS2_PLACEMENT_3D('',#3619,#3620,#3621);
#3619 = CARTESIAN_POINT('',(131.1,62.15,8.171241461241E-14));
#3620 = DIRECTION('',(1.,0.,0.));
#3621 = DIRECTION('',(0.,-1.,-1.110223024625E-16));
#3622 = ADVANCED_FACE('',(#3623),#3682,.T.);
#3623 = FACE_BOUND('',#3624,.F.);
#3624 = EDGE_LOOP('',(#3625,#3626,#3627,#3635,#3643,#3651,#3657,#3658,
    #3659,#3660,#3668,#3676));
#3625 = ORIENTED_EDGE('',*,*,#809,.F.);
#3626 = ORIENTED_EDGE('',*,*,#1019,.T.);
#3627 = ORIENTED_EDGE('',*,*,#3628,.T.);
#3628 = EDGE_CURVE('',#1012,#3629,#3631,.T.);
#3629 = VERTEX_POINT('',#3630);
#3630 = CARTESIAN_POINT('',(81.5,162.15,7.));
#3631 = LINE('',#3632,#3633);
#3632 = CARTESIAN_POINT('',(81.5,194.15,7.));
#3633 = VECTOR('',#3634,1.);
#3634 = DIRECTION('',(-0.,-1.,-1.110223024625E-16));
#3635 = ORIENTED_EDGE('',*,*,#3636,.F.);
#3636 = EDGE_CURVE('',#3637,#3629,#3639,.T.);
#3637 = VERTEX_POINT('',#3638);
#3638 = CARTESIAN_POINT('',(71.5,162.15,7.));
#3639 = LINE('',#3640,#3641);
#3640 = CARTESIAN_POINT('',(71.5,162.15,7.));
#3641 = VECTOR('',#3642,1.);
#3642 = DIRECTION('',(1.,0.,0.));
#3643 = ORIENTED_EDGE('',*,*,#3644,.F.);
#3644 = EDGE_CURVE('',#3645,#3637,#3647,.T.);
#3645 = VERTEX_POINT('',#3646);
#3646 = CARTESIAN_POINT('',(71.5,94.15,7.));
#3647 = LINE('',#3648,#3649);
#3648 = CARTESIAN_POINT('',(71.5,94.15,7.));
#3649 = VECTOR('',#3650,1.);
#3650 = DIRECTION('',(0.,1.,1.110223024625E-16));
#3651 = ORIENTED_EDGE('',*,*,#3652,.F.);
#3652 = EDGE_CURVE('',#3519,#3645,#3653,.T.);
#3653 = LINE('',#3654,#3655);
#3654 = CARTESIAN_POINT('',(81.5,94.15,7.));
#3655 = VECTOR('',#3656,1.);
#3656 = DIRECTION('',(-1.,-0.,0.));
#3657 = ORIENTED_EDGE('',*,*,#3526,.T.);
#3658 = ORIENTED_EDGE('',*,*,#480,.F.);
#3659 = ORIENTED_EDGE('',*,*,#921,.F.);
#3660 = ORIENTED_EDGE('',*,*,#3661,.F.);
#3661 = EDGE_CURVE('',#3662,#914,#3664,.T.);
#3662 = VERTEX_POINT('',#3663);
#3663 = CARTESIAN_POINT('',(67.5,88.15,7.));
#3664 = LINE('',#3665,#3666);
#3665 = CARTESIAN_POINT('',(67.5,88.15,7.));
#3666 = VECTOR('',#3667,1.);
#3667 = DIRECTION('',(1.,0.,0.));
#3668 = ORIENTED_EDGE('',*,*,#3669,.F.);
#3669 = EDGE_CURVE('',#3670,#3662,#3672,.T.);
#3670 = VERTEX_POINT('',#3671);
#3671 = CARTESIAN_POINT('',(67.5,168.15,7.));
#3672 = LINE('',#3673,#3674);
#3673 = CARTESIAN_POINT('',(67.5,161.15,7.));
#3674 = VECTOR('',#3675,1.);
#3675 = DIRECTION('',(-0.,-1.,-1.110223024625E-16));
#3676 = ORIENTED_EDGE('',*,*,#3677,.F.);
#3677 = EDGE_CURVE('',#810,#3670,#3678,.T.);
#3678 = LINE('',#3679,#3680);
#3679 = CARTESIAN_POINT('',(71.5,168.15,7.));
#3680 = VECTOR('',#3681,1.);
#3681 = DIRECTION('',(-1.,-0.,0.));
#3682 = PLANE('',#3683);
#3683 = AXIS2_PLACEMENT_3D('',#3684,#3685,#3686);
#3684 = CARTESIAN_POINT('',(72.,128.15,7.));
#3685 = DIRECTION('',(0.,-1.110223024625E-16,1.));
#3686 = DIRECTION('',(1.,0.,0.));
#3687 = ADVANCED_FACE('',(#3688,#4063,#4097,#4131,#4165,#4199,#4233,
    #4267,#4301,#4335,#4369),#4403,.T.);
#3688 = FACE_BOUND('',#3689,.F.);
#3689 = EDGE_LOOP('',(#3690,#3700,#3708,#3714,#3715,#3716,#3722,#3723,
    #3731,#3739,#3745,#3746,#3754,#3762,#3768,#3769,#3777,#3785,#3793,
    #3801,#3809,#3817,#3825,#3833,#3841,#3849,#3857,#3865,#3873,#3881,
    #3889,#3897,#3905,#3913,#3921,#3929,#3937,#3945,#3953,#3961,#3969,
    #3977,#3985,#3993,#4001,#4009,#4017,#4025,#4033,#4041,#4049,#4057));
#3690 = ORIENTED_EDGE('',*,*,#3691,.F.);
#3691 = EDGE_CURVE('',#3692,#3694,#3696,.T.);
#3692 = VERTEX_POINT('',#3693);
#3693 = CARTESIAN_POINT('',(183.5,74.15,3.));
#3694 = VERTEX_POINT('',#3695);
#3695 = CARTESIAN_POINT('',(183.5,76.55,3.));
#3696 = LINE('',#3697,#3698);
#3697 = CARTESIAN_POINT('',(183.5,68.75,3.));
#3698 = VECTOR('',#3699,1.);
#3699 = DIRECTION('',(0.,1.,1.110223024625E-16));
#3700 = ORIENTED_EDGE('',*,*,#3701,.T.);
#3701 = EDGE_CURVE('',#3692,#3702,#3704,.T.);
#3702 = VERTEX_POINT('',#3703);
#3703 = CARTESIAN_POINT('',(133.5,74.15,3.));
#3704 = LINE('',#3705,#3706);
#3705 = CARTESIAN_POINT('',(194.5,74.15,3.));
#3706 = VECTOR('',#3707,1.);
#3707 = DIRECTION('',(-1.,-0.,0.));
#3708 = ORIENTED_EDGE('',*,*,#3709,.T.);
#3709 = EDGE_CURVE('',#3702,#521,#3710,.T.);
#3710 = LINE('',#3711,#3712);
#3711 = CARTESIAN_POINT('',(133.5,194.15,3.));
#3712 = VECTOR('',#3713,1.);
#3713 = DIRECTION('',(-0.,-1.,-1.110223024625E-16));
#3714 = ORIENTED_EDGE('',*,*,#528,.F.);
#3715 = ORIENTED_EDGE('',*,*,#3604,.T.);
#3716 = ORIENTED_EDGE('',*,*,#3717,.T.);
#3717 = EDGE_CURVE('',#3605,#3535,#3718,.T.);
#3718 = LINE('',#3719,#3720);
#3719 = CARTESIAN_POINT('',(194.5,74.15,3.));
#3720 = VECTOR('',#3721,1.);
#3721 = DIRECTION('',(-1.,-0.,0.));
#3722 = ORIENTED_EDGE('',*,*,#3542,.F.);
#3723 = ORIENTED_EDGE('',*,*,#3724,.T.);
#3724 = EDGE_CURVE('',#3543,#3725,#3727,.T.);
#3725 = VERTEX_POINT('',#3726);
#3726 = CARTESIAN_POINT('',(131.1,76.55,3.));
#3727 = LINE('',#3728,#3729);
#3728 = CARTESIAN_POINT('',(69.5,76.55,3.));
#3729 = VECTOR('',#3730,1.);
#3730 = DIRECTION('',(1.,0.,0.));
#3731 = ORIENTED_EDGE('',*,*,#3732,.T.);
#3732 = EDGE_CURVE('',#3725,#3733,#3735,.T.);
#3733 = VERTEX_POINT('',#3734);
#3734 = CARTESIAN_POINT('',(131.1,86.15,3.));
#3735 = LINE('',#3736,#3737);
#3736 = CARTESIAN_POINT('',(131.1,62.15,3.));
#3737 = VECTOR('',#3738,1.);
#3738 = DIRECTION('',(0.,1.,1.110223024625E-16));
#3739 = ORIENTED_EDGE('',*,*,#3740,.T.);
#3740 = EDGE_CURVE('',#3733,#3558,#3741,.T.);
#3741 = LINE('',#3742,#3743);
#3742 = CARTESIAN_POINT('',(194.5,86.15,3.));
#3743 = VECTOR('',#3744,1.);
#3744 = DIRECTION('',(-1.,-0.,0.));
#3745 = ORIENTED_EDGE('',*,*,#3565,.F.);
#3746 = ORIENTED_EDGE('',*,*,#3747,.T.);
#3747 = EDGE_CURVE('',#3566,#3748,#3750,.T.);
#3748 = VERTEX_POINT('',#3749);
#3749 = CARTESIAN_POINT('',(131.1,88.55,3.));
#3750 = LINE('',#3751,#3752);
#3751 = CARTESIAN_POINT('',(69.5,88.55,3.));
#3752 = VECTOR('',#3753,1.);
#3753 = DIRECTION('',(1.,0.,0.));
#3754 = ORIENTED_EDGE('',*,*,#3755,.T.);
#3755 = EDGE_CURVE('',#3748,#3756,#3758,.T.);
#3756 = VERTEX_POINT('',#3757);
#3757 = CARTESIAN_POINT('',(131.1,98.15,3.));
#3758 = LINE('',#3759,#3760);
#3759 = CARTESIAN_POINT('',(131.1,62.15,3.));
#3760 = VECTOR('',#3761,1.);
#3761 = DIRECTION('',(0.,1.,1.110223024625E-16));
#3762 = ORIENTED_EDGE('',*,*,#3763,.T.);
#3763 = EDGE_CURVE('',#3756,#3581,#3764,.T.);
#3764 = LINE('',#3765,#3766);
#3765 = CARTESIAN_POINT('',(194.5,98.15,3.));
#3766 = VECTOR('',#3767,1.);
#3767 = DIRECTION('',(-1.,-0.,0.));
#3768 = ORIENTED_EDGE('',*,*,#3588,.T.);
#3769 = ORIENTED_EDGE('',*,*,#3770,.T.);
#3770 = EDGE_CURVE('',#3517,#3771,#3773,.T.);
#3771 = VERTEX_POINT('',#3772);
#3772 = CARTESIAN_POINT('',(71.5,94.15,3.));
#3773 = LINE('',#3774,#3775);
#3774 = CARTESIAN_POINT('',(81.5,94.15,3.));
#3775 = VECTOR('',#3776,1.);
#3776 = DIRECTION('',(-1.,-0.,0.));
#3777 = ORIENTED_EDGE('',*,*,#3778,.T.);
#3778 = EDGE_CURVE('',#3771,#3779,#3781,.T.);
#3779 = VERTEX_POINT('',#3780);
#3780 = CARTESIAN_POINT('',(71.5,162.15,3.));
#3781 = LINE('',#3782,#3783);
#3782 = CARTESIAN_POINT('',(71.5,94.15,3.));
#3783 = VECTOR('',#3784,1.);
#3784 = DIRECTION('',(0.,1.,1.110223024625E-16));
#3785 = ORIENTED_EDGE('',*,*,#3786,.T.);
#3786 = EDGE_CURVE('',#3779,#3787,#3789,.T.);
#3787 = VERTEX_POINT('',#3788);
#3788 = CARTESIAN_POINT('',(81.5,162.15,3.));
#3789 = LINE('',#3790,#3791);
#3790 = CARTESIAN_POINT('',(71.5,162.15,3.));
#3791 = VECTOR('',#3792,1.);
#3792 = DIRECTION('',(1.,0.,0.));
#3793 = ORIENTED_EDGE('',*,*,#3794,.T.);
#3794 = EDGE_CURVE('',#3787,#3795,#3797,.T.);
#3795 = VERTEX_POINT('',#3796);
#3796 = CARTESIAN_POINT('',(81.5,160.55,3.));
#3797 = LINE('',#3798,#3799);
#3798 = CARTESIAN_POINT('',(81.5,162.15,3.));
#3799 = VECTOR('',#3800,1.);
#3800 = DIRECTION('',(-0.,-1.,-1.110223024625E-16));
#3801 = ORIENTED_EDGE('',*,*,#3802,.T.);
#3802 = EDGE_CURVE('',#3795,#3803,#3805,.T.);
#3803 = VERTEX_POINT('',#3804);
#3804 = CARTESIAN_POINT('',(131.1,160.55,3.));
#3805 = LINE('',#3806,#3807);
#3806 = CARTESIAN_POINT('',(69.5,160.55,3.));
#3807 = VECTOR('',#3808,1.);
#3808 = DIRECTION('',(1.,0.,0.));
#3809 = ORIENTED_EDGE('',*,*,#3810,.T.);
#3810 = EDGE_CURVE('',#3803,#3811,#3813,.T.);
#3811 = VERTEX_POINT('',#3812);
#3812 = CARTESIAN_POINT('',(131.1,170.15,3.));
#3813 = LINE('',#3814,#3815);
#3814 = CARTESIAN_POINT('',(131.1,62.15,3.));
#3815 = VECTOR('',#3816,1.);
#3816 = DIRECTION('',(0.,1.,1.110223024625E-16));
#3817 = ORIENTED_EDGE('',*,*,#3818,.T.);
#3818 = EDGE_CURVE('',#3811,#3819,#3821,.T.);
#3819 = VERTEX_POINT('',#3820);
#3820 = CARTESIAN_POINT('',(81.5,170.15,3.));
#3821 = LINE('',#3822,#3823);
#3822 = CARTESIAN_POINT('',(194.5,170.15,3.));
#3823 = VECTOR('',#3824,1.);
#3824 = DIRECTION('',(-1.,-0.,0.));
#3825 = ORIENTED_EDGE('',*,*,#3826,.F.);
#3826 = EDGE_CURVE('',#3827,#3819,#3829,.T.);
#3827 = VERTEX_POINT('',#3828);
#3828 = CARTESIAN_POINT('',(81.5,172.55,3.));
#3829 = LINE('',#3830,#3831);
#3830 = CARTESIAN_POINT('',(81.5,182.75,3.));
#3831 = VECTOR('',#3832,1.);
#3832 = DIRECTION('',(-0.,-1.,-1.110223024625E-16));
#3833 = ORIENTED_EDGE('',*,*,#3834,.T.);
#3834 = EDGE_CURVE('',#3827,#3835,#3837,.T.);
#3835 = VERTEX_POINT('',#3836);
#3836 = CARTESIAN_POINT('',(131.1,172.55,3.));
#3837 = LINE('',#3838,#3839);
#3838 = CARTESIAN_POINT('',(69.5,172.55,3.));
#3839 = VECTOR('',#3840,1.);
#3840 = DIRECTION('',(1.,0.,0.));
#3841 = ORIENTED_EDGE('',*,*,#3842,.T.);
#3842 = EDGE_CURVE('',#3835,#3843,#3845,.T.);
#3843 = VERTEX_POINT('',#3844);
#3844 = CARTESIAN_POINT('',(131.1,182.15,3.));
#3845 = LINE('',#3846,#3847);
#3846 = CARTESIAN_POINT('',(131.1,62.15,3.));
#3847 = VECTOR('',#3848,1.);
#3848 = DIRECTION('',(0.,1.,1.110223024625E-16));
#3849 = ORIENTED_EDGE('',*,*,#3850,.T.);
#3850 = EDGE_CURVE('',#3843,#3851,#3853,.T.);
#3851 = VERTEX_POINT('',#3852);
#3852 = CARTESIAN_POINT('',(81.5,182.15,3.));
#3853 = LINE('',#3854,#3855);
#3854 = CARTESIAN_POINT('',(194.5,182.15,3.));
#3855 = VECTOR('',#3856,1.);
#3856 = DIRECTION('',(-1.,-0.,0.));
#3857 = ORIENTED_EDGE('',*,*,#3858,.F.);
#3858 = EDGE_CURVE('',#3859,#3851,#3861,.T.);
#3859 = VERTEX_POINT('',#3860);
#3860 = CARTESIAN_POINT('',(81.5,184.55,3.));
#3861 = LINE('',#3862,#3863);
#3862 = CARTESIAN_POINT('',(81.5,188.75,3.));
#3863 = VECTOR('',#3864,1.);
#3864 = DIRECTION('',(-0.,-1.,-1.110223024625E-16));
#3865 = ORIENTED_EDGE('',*,*,#3866,.T.);
#3866 = EDGE_CURVE('',#3859,#3867,#3869,.T.);
#3867 = VERTEX_POINT('',#3868);
#3868 = CARTESIAN_POINT('',(131.1,184.55,3.));
#3869 = LINE('',#3870,#3871);
#3870 = CARTESIAN_POINT('',(69.5,184.55,3.));
#3871 = VECTOR('',#3872,1.);
#3872 = DIRECTION('',(1.,0.,0.));
#3873 = ORIENTED_EDGE('',*,*,#3874,.T.);
#3874 = EDGE_CURVE('',#3867,#3875,#3877,.T.);
#3875 = VERTEX_POINT('',#3876);
#3876 = CARTESIAN_POINT('',(131.1,193.85,3.));
#3877 = LINE('',#3878,#3879);
#3878 = CARTESIAN_POINT('',(131.1,62.15,3.));
#3879 = VECTOR('',#3880,1.);
#3880 = DIRECTION('',(0.,1.,1.110223024625E-16));
#3881 = ORIENTED_EDGE('',*,*,#3882,.T.);
#3882 = EDGE_CURVE('',#3875,#3883,#3885,.T.);
#3883 = VERTEX_POINT('',#3884);
#3884 = CARTESIAN_POINT('',(133.5,193.85,3.));
#3885 = LINE('',#3886,#3887);
#3886 = CARTESIAN_POINT('',(132.24310658973,193.85,3.));
#3887 = VECTOR('',#3888,1.);
#3888 = DIRECTION('',(1.,0.,0.));
#3889 = ORIENTED_EDGE('',*,*,#3890,.T.);
#3890 = EDGE_CURVE('',#3883,#3891,#3893,.T.);
#3891 = VERTEX_POINT('',#3892);
#3892 = CARTESIAN_POINT('',(133.5,184.55,3.));
#3893 = LINE('',#3894,#3895);
#3894 = CARTESIAN_POINT('',(133.5,194.15,3.));
#3895 = VECTOR('',#3896,1.);
#3896 = DIRECTION('',(-0.,-1.,-1.110223024625E-16));
#3897 = ORIENTED_EDGE('',*,*,#3898,.T.);
#3898 = EDGE_CURVE('',#3891,#3899,#3901,.T.);
#3899 = VERTEX_POINT('',#3900);
#3900 = CARTESIAN_POINT('',(183.5,184.55,3.));
#3901 = LINE('',#3902,#3903);
#3902 = CARTESIAN_POINT('',(69.5,184.55,3.));
#3903 = VECTOR('',#3904,1.);
#3904 = DIRECTION('',(1.,0.,0.));
#3905 = ORIENTED_EDGE('',*,*,#3906,.F.);
#3906 = EDGE_CURVE('',#3907,#3899,#3909,.T.);
#3907 = VERTEX_POINT('',#3908);
#3908 = CARTESIAN_POINT('',(183.5,182.15,3.));
#3909 = LINE('',#3910,#3911);
#3910 = CARTESIAN_POINT('',(183.5,122.75,3.));
#3911 = VECTOR('',#3912,1.);
#3912 = DIRECTION('',(0.,1.,1.110223024625E-16));
#3913 = ORIENTED_EDGE('',*,*,#3914,.T.);
#3914 = EDGE_CURVE('',#3907,#3915,#3917,.T.);
#3915 = VERTEX_POINT('',#3916);
#3916 = CARTESIAN_POINT('',(133.5,182.15,3.));
#3917 = LINE('',#3918,#3919);
#3918 = CARTESIAN_POINT('',(194.5,182.15,3.));
#3919 = VECTOR('',#3920,1.);
#3920 = DIRECTION('',(-1.,-0.,0.));
#3921 = ORIENTED_EDGE('',*,*,#3922,.T.);
#3922 = EDGE_CURVE('',#3915,#3923,#3925,.T.);
#3923 = VERTEX_POINT('',#3924);
#3924 = CARTESIAN_POINT('',(133.5,172.55,3.));
#3925 = LINE('',#3926,#3927);
#3926 = CARTESIAN_POINT('',(133.5,194.15,3.));
#3927 = VECTOR('',#3928,1.);
#3928 = DIRECTION('',(-0.,-1.,-1.110223024625E-16));
#3929 = ORIENTED_EDGE('',*,*,#3930,.T.);
#3930 = EDGE_CURVE('',#3923,#3931,#3933,.T.);
#3931 = VERTEX_POINT('',#3932);
#3932 = CARTESIAN_POINT('',(183.5,172.55,3.));
#3933 = LINE('',#3934,#3935);
#3934 = CARTESIAN_POINT('',(69.5,172.55,3.));
#3935 = VECTOR('',#3936,1.);
#3936 = DIRECTION('',(1.,0.,0.));
#3937 = ORIENTED_EDGE('',*,*,#3938,.F.);
#3938 = EDGE_CURVE('',#3939,#3931,#3941,.T.);
#3939 = VERTEX_POINT('',#3940);
#3940 = CARTESIAN_POINT('',(183.5,170.15,3.));
#3941 = LINE('',#3942,#3943);
#3942 = CARTESIAN_POINT('',(183.5,116.75,3.));
#3943 = VECTOR('',#3944,1.);
#3944 = DIRECTION('',(0.,1.,1.110223024625E-16));
#3945 = ORIENTED_EDGE('',*,*,#3946,.T.);
#3946 = EDGE_CURVE('',#3939,#3947,#3949,.T.);
#3947 = VERTEX_POINT('',#3948);
#3948 = CARTESIAN_POINT('',(133.5,170.15,3.));
#3949 = LINE('',#3950,#3951);
#3950 = CARTESIAN_POINT('',(194.5,170.15,3.));
#3951 = VECTOR('',#3952,1.);
#3952 = DIRECTION('',(-1.,-0.,0.));
#3953 = ORIENTED_EDGE('',*,*,#3954,.T.);
#3954 = EDGE_CURVE('',#3947,#3955,#3957,.T.);
#3955 = VERTEX_POINT('',#3956);
#3956 = CARTESIAN_POINT('',(133.5,160.55,3.));
#3957 = LINE('',#3958,#3959);
#3958 = CARTESIAN_POINT('',(133.5,194.15,3.));
#3959 = VECTOR('',#3960,1.);
#3960 = DIRECTION('',(-0.,-1.,-1.110223024625E-16));
#3961 = ORIENTED_EDGE('',*,*,#3962,.T.);
#3962 = EDGE_CURVE('',#3955,#3963,#3965,.T.);
#3963 = VERTEX_POINT('',#3964);
#3964 = CARTESIAN_POINT('',(183.5,160.55,3.));
#3965 = LINE('',#3966,#3967);
#3966 = CARTESIAN_POINT('',(69.5,160.55,3.));
#3967 = VECTOR('',#3968,1.);
#3968 = DIRECTION('',(1.,0.,0.));
#3969 = ORIENTED_EDGE('',*,*,#3970,.T.);
#3970 = EDGE_CURVE('',#3963,#3971,#3973,.T.);
#3971 = VERTEX_POINT('',#3972);
#3972 = CARTESIAN_POINT('',(183.5,162.15,3.));
#3973 = LINE('',#3974,#3975);
#3974 = CARTESIAN_POINT('',(183.5,94.15,3.));
#3975 = VECTOR('',#3976,1.);
#3976 = DIRECTION('',(0.,1.,1.110223024625E-16));
#3977 = ORIENTED_EDGE('',*,*,#3978,.T.);
#3978 = EDGE_CURVE('',#3971,#3979,#3981,.T.);
#3979 = VERTEX_POINT('',#3980);
#3980 = CARTESIAN_POINT('',(193.5,162.15,3.));
#3981 = LINE('',#3982,#3983);
#3982 = CARTESIAN_POINT('',(183.5,162.15,3.));
#3983 = VECTOR('',#3984,1.);
#3984 = DIRECTION('',(1.,0.,0.));
#3985 = ORIENTED_EDGE('',*,*,#3986,.T.);
#3986 = EDGE_CURVE('',#3979,#3987,#3989,.T.);
#3987 = VERTEX_POINT('',#3988);
#3988 = CARTESIAN_POINT('',(193.5,94.15,3.));
#3989 = LINE('',#3990,#3991);
#3990 = CARTESIAN_POINT('',(193.5,162.15,3.));
#3991 = VECTOR('',#3992,1.);
#3992 = DIRECTION('',(-0.,-1.,-1.110223024625E-16));
#3993 = ORIENTED_EDGE('',*,*,#3994,.T.);
#3994 = EDGE_CURVE('',#3987,#3995,#3997,.T.);
#3995 = VERTEX_POINT('',#3996);
#3996 = CARTESIAN_POINT('',(183.5,94.15,3.));
#3997 = LINE('',#3998,#3999);
#3998 = CARTESIAN_POINT('',(193.5,94.15,3.));
#3999 = VECTOR('',#4000,1.);
#4000 = DIRECTION('',(-1.,-0.,0.));
#4001 = ORIENTED_EDGE('',*,*,#4002,.T.);
#4002 = EDGE_CURVE('',#3995,#4003,#4005,.T.);
#4003 = VERTEX_POINT('',#4004);
#4004 = CARTESIAN_POINT('',(183.5,98.15,3.));
#4005 = LINE('',#4006,#4007);
#4006 = CARTESIAN_POINT('',(183.5,94.15,3.));
#4007 = VECTOR('',#4008,1.);
#4008 = DIRECTION('',(0.,1.,1.110223024625E-16));
#4009 = ORIENTED_EDGE('',*,*,#4010,.T.);
#4010 = EDGE_CURVE('',#4003,#4011,#4013,.T.);
#4011 = VERTEX_POINT('',#4012);
#4012 = CARTESIAN_POINT('',(133.5,98.15,3.));
#4013 = LINE('',#4014,#4015);
#4014 = CARTESIAN_POINT('',(194.5,98.15,3.));
#4015 = VECTOR('',#4016,1.);
#4016 = DIRECTION('',(-1.,-0.,0.));
#4017 = ORIENTED_EDGE('',*,*,#4018,.T.);
#4018 = EDGE_CURVE('',#4011,#4019,#4021,.T.);
#4019 = VERTEX_POINT('',#4020);
#4020 = CARTESIAN_POINT('',(133.5,88.55,3.));
#4021 = LINE('',#4022,#4023);
#4022 = CARTESIAN_POINT('',(133.5,194.15,3.));
#4023 = VECTOR('',#4024,1.);
#4024 = DIRECTION('',(-0.,-1.,-1.110223024625E-16));
#4025 = ORIENTED_EDGE('',*,*,#4026,.T.);
#4026 = EDGE_CURVE('',#4019,#4027,#4029,.T.);
#4027 = VERTEX_POINT('',#4028);
#4028 = CARTESIAN_POINT('',(183.5,88.55,3.));
#4029 = LINE('',#4030,#4031);
#4030 = CARTESIAN_POINT('',(69.5,88.55,3.));
#4031 = VECTOR('',#4032,1.);
#4032 = DIRECTION('',(1.,0.,0.));
#4033 = ORIENTED_EDGE('',*,*,#4034,.F.);
#4034 = EDGE_CURVE('',#4035,#4027,#4037,.T.);
#4035 = VERTEX_POINT('',#4036);
#4036 = CARTESIAN_POINT('',(183.5,86.15,3.));
#4037 = LINE('',#4038,#4039);
#4038 = CARTESIAN_POINT('',(183.5,74.75,3.));
#4039 = VECTOR('',#4040,1.);
#4040 = DIRECTION('',(0.,1.,1.110223024625E-16));
#4041 = ORIENTED_EDGE('',*,*,#4042,.T.);
#4042 = EDGE_CURVE('',#4035,#4043,#4045,.T.);
#4043 = VERTEX_POINT('',#4044);
#4044 = CARTESIAN_POINT('',(133.5,86.15,3.));
#4045 = LINE('',#4046,#4047);
#4046 = CARTESIAN_POINT('',(194.5,86.15,3.));
#4047 = VECTOR('',#4048,1.);
#4048 = DIRECTION('',(-1.,-0.,0.));
#4049 = ORIENTED_EDGE('',*,*,#4050,.T.);
#4050 = EDGE_CURVE('',#4043,#4051,#4053,.T.);
#4051 = VERTEX_POINT('',#4052);
#4052 = CARTESIAN_POINT('',(133.5,76.55,3.));
#4053 = LINE('',#4054,#4055);
#4054 = CARTESIAN_POINT('',(133.5,194.15,3.));
#4055 = VECTOR('',#4056,1.);
#4056 = DIRECTION('',(-0.,-1.,-1.110223024625E-16));
#4057 = ORIENTED_EDGE('',*,*,#4058,.T.);
#4058 = EDGE_CURVE('',#4051,#3694,#4059,.T.);
#4059 = LINE('',#4060,#4061);
#4060 = CARTESIAN_POINT('',(69.5,76.55,3.));
#4061 = VECTOR('',#4062,1.);
#4062 = DIRECTION('',(1.,0.,0.));
#4063 = FACE_BOUND('',#4064,.F.);
#4064 = EDGE_LOOP('',(#4065,#4075,#4083,#4091));
#4065 = ORIENTED_EDGE('',*,*,#4066,.T.);
#4066 = EDGE_CURVE('',#4067,#4069,#4071,.T.);
#4067 = VERTEX_POINT('',#4068);
#4068 = CARTESIAN_POINT('',(183.5,110.15,3.));
#4069 = VERTEX_POINT('',#4070);
#4070 = CARTESIAN_POINT('',(133.5,110.15,3.));
#4071 = LINE('',#4072,#4073);
#4072 = CARTESIAN_POINT('',(194.5,110.15,3.));
#4073 = VECTOR('',#4074,1.);
#4074 = DIRECTION('',(-1.,-0.,0.));
#4075 = ORIENTED_EDGE('',*,*,#4076,.T.);
#4076 = EDGE_CURVE('',#4069,#4077,#4079,.T.);
#4077 = VERTEX_POINT('',#4078);
#4078 = CARTESIAN_POINT('',(133.5,100.55,3.));
#4079 = LINE('',#4080,#4081);
#4080 = CARTESIAN_POINT('',(133.5,194.15,3.));
#4081 = VECTOR('',#4082,1.);
#4082 = DIRECTION('',(-0.,-1.,-1.110223024625E-16));
#4083 = ORIENTED_EDGE('',*,*,#4084,.T.);
#4084 = EDGE_CURVE('',#4077,#4085,#4087,.T.);
#4085 = VERTEX_POINT('',#4086);
#4086 = CARTESIAN_POINT('',(183.5,100.55,3.));
#4087 = LINE('',#4088,#4089);
#4088 = CARTESIAN_POINT('',(69.5,100.55,3.));
#4089 = VECTOR('',#4090,1.);
#4090 = DIRECTION('',(1.,0.,0.));
#4091 = ORIENTED_EDGE('',*,*,#4092,.T.);
#4092 = EDGE_CURVE('',#4085,#4067,#4093,.T.);
#4093 = LINE('',#4094,#4095);
#4094 = CARTESIAN_POINT('',(183.5,94.15,3.));
#4095 = VECTOR('',#4096,1.);
#4096 = DIRECTION('',(0.,1.,1.110223024625E-16));
#4097 = FACE_BOUND('',#4098,.F.);
#4098 = EDGE_LOOP('',(#4099,#4109,#4117,#4125));
#4099 = ORIENTED_EDGE('',*,*,#4100,.T.);
#4100 = EDGE_CURVE('',#4101,#4103,#4105,.T.);
#4101 = VERTEX_POINT('',#4102);
#4102 = CARTESIAN_POINT('',(183.5,122.15,3.));
#4103 = VERTEX_POINT('',#4104);
#4104 = CARTESIAN_POINT('',(133.5,122.15,3.));
#4105 = LINE('',#4106,#4107);
#4106 = CARTESIAN_POINT('',(194.5,122.15,3.));
#4107 = VECTOR('',#4108,1.);
#4108 = DIRECTION('',(-1.,-0.,0.));
#4109 = ORIENTED_EDGE('',*,*,#4110,.T.);
#4110 = EDGE_CURVE('',#4103,#4111,#4113,.T.);
#4111 = VERTEX_POINT('',#4112);
#4112 = CARTESIAN_POINT('',(133.5,112.55,3.));
#4113 = LINE('',#4114,#4115);
#4114 = CARTESIAN_POINT('',(133.5,194.15,3.));
#4115 = VECTOR('',#4116,1.);
#4116 = DIRECTION('',(-0.,-1.,-1.110223024625E-16));
#4117 = ORIENTED_EDGE('',*,*,#4118,.T.);
#4118 = EDGE_CURVE('',#4111,#4119,#4121,.T.);
#4119 = VERTEX_POINT('',#4120);
#4120 = CARTESIAN_POINT('',(183.5,112.55,3.));
#4121 = LINE('',#4122,#4123);
#4122 = CARTESIAN_POINT('',(69.5,112.55,3.));
#4123 = VECTOR('',#4124,1.);
#4124 = DIRECTION('',(1.,0.,0.));
#4125 = ORIENTED_EDGE('',*,*,#4126,.T.);
#4126 = EDGE_CURVE('',#4119,#4101,#4127,.T.);
#4127 = LINE('',#4128,#4129);
#4128 = CARTESIAN_POINT('',(183.5,94.15,3.));
#4129 = VECTOR('',#4130,1.);
#4130 = DIRECTION('',(0.,1.,1.110223024625E-16));
#4131 = FACE_BOUND('',#4132,.F.);
#4132 = EDGE_LOOP('',(#4133,#4143,#4151,#4159));
#4133 = ORIENTED_EDGE('',*,*,#4134,.T.);
#4134 = EDGE_CURVE('',#4135,#4137,#4139,.T.);
#4135 = VERTEX_POINT('',#4136);
#4136 = CARTESIAN_POINT('',(81.5,100.55,3.));
#4137 = VERTEX_POINT('',#4138);
#4138 = CARTESIAN_POINT('',(131.1,100.55,3.));
#4139 = LINE('',#4140,#4141);
#4140 = CARTESIAN_POINT('',(69.5,100.55,3.));
#4141 = VECTOR('',#4142,1.);
#4142 = DIRECTION('',(1.,0.,0.));
#4143 = ORIENTED_EDGE('',*,*,#4144,.T.);
#4144 = EDGE_CURVE('',#4137,#4145,#4147,.T.);
#4145 = VERTEX_POINT('',#4146);
#4146 = CARTESIAN_POINT('',(131.1,110.15,3.));
#4147 = LINE('',#4148,#4149);
#4148 = CARTESIAN_POINT('',(131.1,62.15,3.));
#4149 = VECTOR('',#4150,1.);
#4150 = DIRECTION('',(0.,1.,1.110223024625E-16));
#4151 = ORIENTED_EDGE('',*,*,#4152,.T.);
#4152 = EDGE_CURVE('',#4145,#4153,#4155,.T.);
#4153 = VERTEX_POINT('',#4154);
#4154 = CARTESIAN_POINT('',(81.5,110.15,3.));
#4155 = LINE('',#4156,#4157);
#4156 = CARTESIAN_POINT('',(194.5,110.15,3.));
#4157 = VECTOR('',#4158,1.);
#4158 = DIRECTION('',(-1.,-0.,0.));
#4159 = ORIENTED_EDGE('',*,*,#4160,.T.);
#4160 = EDGE_CURVE('',#4153,#4135,#4161,.T.);
#4161 = LINE('',#4162,#4163);
#4162 = CARTESIAN_POINT('',(81.5,162.15,3.));
#4163 = VECTOR('',#4164,1.);
#4164 = DIRECTION('',(-0.,-1.,-1.110223024625E-16));
#4165 = FACE_BOUND('',#4166,.F.);
#4166 = EDGE_LOOP('',(#4167,#4177,#4185,#4193));
#4167 = ORIENTED_EDGE('',*,*,#4168,.T.);
#4168 = EDGE_CURVE('',#4169,#4171,#4173,.T.);
#4169 = VERTEX_POINT('',#4170);
#4170 = CARTESIAN_POINT('',(81.5,112.55,3.));
#4171 = VERTEX_POINT('',#4172);
#4172 = CARTESIAN_POINT('',(131.1,112.55,3.));
#4173 = LINE('',#4174,#4175);
#4174 = CARTESIAN_POINT('',(69.5,112.55,3.));
#4175 = VECTOR('',#4176,1.);
#4176 = DIRECTION('',(1.,0.,0.));
#4177 = ORIENTED_EDGE('',*,*,#4178,.T.);
#4178 = EDGE_CURVE('',#4171,#4179,#4181,.T.);
#4179 = VERTEX_POINT('',#4180);
#4180 = CARTESIAN_POINT('',(131.1,122.15,3.));
#4181 = LINE('',#4182,#4183);
#4182 = CARTESIAN_POINT('',(131.1,62.15,3.));
#4183 = VECTOR('',#4184,1.);
#4184 = DIRECTION('',(0.,1.,1.110223024625E-16));
#4185 = ORIENTED_EDGE('',*,*,#4186,.T.);
#4186 = EDGE_CURVE('',#4179,#4187,#4189,.T.);
#4187 = VERTEX_POINT('',#4188);
#4188 = CARTESIAN_POINT('',(81.5,122.15,3.));
#4189 = LINE('',#4190,#4191);
#4190 = CARTESIAN_POINT('',(194.5,122.15,3.));
#4191 = VECTOR('',#4192,1.);
#4192 = DIRECTION('',(-1.,-0.,0.));
#4193 = ORIENTED_EDGE('',*,*,#4194,.T.);
#4194 = EDGE_CURVE('',#4187,#4169,#4195,.T.);
#4195 = LINE('',#4196,#4197);
#4196 = CARTESIAN_POINT('',(81.5,162.15,3.));
#4197 = VECTOR('',#4198,1.);
#4198 = DIRECTION('',(-0.,-1.,-1.110223024625E-16));
#4199 = FACE_BOUND('',#4200,.F.);
#4200 = EDGE_LOOP('',(#4201,#4211,#4219,#4227));
#4201 = ORIENTED_EDGE('',*,*,#4202,.T.);
#4202 = EDGE_CURVE('',#4203,#4205,#4207,.T.);
#4203 = VERTEX_POINT('',#4204);
#4204 = CARTESIAN_POINT('',(183.5,134.15,3.));
#4205 = VERTEX_POINT('',#4206);
#4206 = CARTESIAN_POINT('',(133.5,134.15,3.));
#4207 = LINE('',#4208,#4209);
#4208 = CARTESIAN_POINT('',(194.5,134.15,3.));
#4209 = VECTOR('',#4210,1.);
#4210 = DIRECTION('',(-1.,-0.,0.));
#4211 = ORIENTED_EDGE('',*,*,#4212,.T.);
#4212 = EDGE_CURVE('',#4205,#4213,#4215,.T.);
#4213 = VERTEX_POINT('',#4214);
#4214 = CARTESIAN_POINT('',(133.5,124.55,3.));
#4215 = LINE('',#4216,#4217);
#4216 = CARTESIAN_POINT('',(133.5,194.15,3.));
#4217 = VECTOR('',#4218,1.);
#4218 = DIRECTION('',(-0.,-1.,-1.110223024625E-16));
#4219 = ORIENTED_EDGE('',*,*,#4220,.T.);
#4220 = EDGE_CURVE('',#4213,#4221,#4223,.T.);
#4221 = VERTEX_POINT('',#4222);
#4222 = CARTESIAN_POINT('',(183.5,124.55,3.));
#4223 = LINE('',#4224,#4225);
#4224 = CARTESIAN_POINT('',(69.5,124.55,3.));
#4225 = VECTOR('',#4226,1.);
#4226 = DIRECTION('',(1.,0.,0.));
#4227 = ORIENTED_EDGE('',*,*,#4228,.T.);
#4228 = EDGE_CURVE('',#4221,#4203,#4229,.T.);
#4229 = LINE('',#4230,#4231);
#4230 = CARTESIAN_POINT('',(183.5,94.15,3.));
#4231 = VECTOR('',#4232,1.);
#4232 = DIRECTION('',(0.,1.,1.110223024625E-16));
#4233 = FACE_BOUND('',#4234,.F.);
#4234 = EDGE_LOOP('',(#4235,#4245,#4253,#4261));
#4235 = ORIENTED_EDGE('',*,*,#4236,.T.);
#4236 = EDGE_CURVE('',#4237,#4239,#4241,.T.);
#4237 = VERTEX_POINT('',#4238);
#4238 = CARTESIAN_POINT('',(183.5,146.15,3.));
#4239 = VERTEX_POINT('',#4240);
#4240 = CARTESIAN_POINT('',(133.5,146.15,3.));
#4241 = LINE('',#4242,#4243);
#4242 = CARTESIAN_POINT('',(194.5,146.15,3.));
#4243 = VECTOR('',#4244,1.);
#4244 = DIRECTION('',(-1.,-0.,0.));
#4245 = ORIENTED_EDGE('',*,*,#4246,.T.);
#4246 = EDGE_CURVE('',#4239,#4247,#4249,.T.);
#4247 = VERTEX_POINT('',#4248);
#4248 = CARTESIAN_POINT('',(133.5,136.55,3.));
#4249 = LINE('',#4250,#4251);
#4250 = CARTESIAN_POINT('',(133.5,194.15,3.));
#4251 = VECTOR('',#4252,1.);
#4252 = DIRECTION('',(-0.,-1.,-1.110223024625E-16));
#4253 = ORIENTED_EDGE('',*,*,#4254,.T.);
#4254 = EDGE_CURVE('',#4247,#4255,#4257,.T.);
#4255 = VERTEX_POINT('',#4256);
#4256 = CARTESIAN_POINT('',(183.5,136.55,3.));
#4257 = LINE('',#4258,#4259);
#4258 = CARTESIAN_POINT('',(69.5,136.55,3.));
#4259 = VECTOR('',#4260,1.);
#4260 = DIRECTION('',(1.,0.,0.));
#4261 = ORIENTED_EDGE('',*,*,#4262,.T.);
#4262 = EDGE_CURVE('',#4255,#4237,#4263,.T.);
#4263 = LINE('',#4264,#4265);
#4264 = CARTESIAN_POINT('',(183.5,94.15,3.));
#4265 = VECTOR('',#4266,1.);
#4266 = DIRECTION('',(0.,1.,1.110223024625E-16));
#4267 = FACE_BOUND('',#4268,.F.);
#4268 = EDGE_LOOP('',(#4269,#4279,#4287,#4295));
#4269 = ORIENTED_EDGE('',*,*,#4270,.T.);
#4270 = EDGE_CURVE('',#4271,#4273,#4275,.T.);
#4271 = VERTEX_POINT('',#4272);
#4272 = CARTESIAN_POINT('',(183.5,158.15,3.));
#4273 = VERTEX_POINT('',#4274);
#4274 = CARTESIAN_POINT('',(133.5,158.15,3.));
#4275 = LINE('',#4276,#4277);
#4276 = CARTESIAN_POINT('',(194.5,158.15,3.));
#4277 = VECTOR('',#4278,1.);
#4278 = DIRECTION('',(-1.,-0.,0.));
#4279 = ORIENTED_EDGE('',*,*,#4280,.T.);
#4280 = EDGE_CURVE('',#4273,#4281,#4283,.T.);
#4281 = VERTEX_POINT('',#4282);
#4282 = CARTESIAN_POINT('',(133.5,148.55,3.));
#4283 = LINE('',#4284,#4285);
#4284 = CARTESIAN_POINT('',(133.5,194.15,3.));
#4285 = VECTOR('',#4286,1.);
#4286 = DIRECTION('',(-0.,-1.,-1.110223024625E-16));
#4287 = ORIENTED_EDGE('',*,*,#4288,.T.);
#4288 = EDGE_CURVE('',#4281,#4289,#4291,.T.);
#4289 = VERTEX_POINT('',#4290);
#4290 = CARTESIAN_POINT('',(183.5,148.55,3.));
#4291 = LINE('',#4292,#4293);
#4292 = CARTESIAN_POINT('',(69.5,148.55,3.));
#4293 = VECTOR('',#4294,1.);
#4294 = DIRECTION('',(1.,0.,0.));
#4295 = ORIENTED_EDGE('',*,*,#4296,.T.);
#4296 = EDGE_CURVE('',#4289,#4271,#4297,.T.);
#4297 = LINE('',#4298,#4299);
#4298 = CARTESIAN_POINT('',(183.5,94.15,3.));
#4299 = VECTOR('',#4300,1.);
#4300 = DIRECTION('',(0.,1.,1.110223024625E-16));
#4301 = FACE_BOUND('',#4302,.F.);
#4302 = EDGE_LOOP('',(#4303,#4313,#4321,#4329));
#4303 = ORIENTED_EDGE('',*,*,#4304,.T.);
#4304 = EDGE_CURVE('',#4305,#4307,#4309,.T.);
#4305 = VERTEX_POINT('',#4306);
#4306 = CARTESIAN_POINT('',(81.5,124.55,3.));
#4307 = VERTEX_POINT('',#4308);
#4308 = CARTESIAN_POINT('',(131.1,124.55,3.));
#4309 = LINE('',#4310,#4311);
#4310 = CARTESIAN_POINT('',(69.5,124.55,3.));
#4311 = VECTOR('',#4312,1.);
#4312 = DIRECTION('',(1.,0.,0.));
#4313 = ORIENTED_EDGE('',*,*,#4314,.T.);
#4314 = EDGE_CURVE('',#4307,#4315,#4317,.T.);
#4315 = VERTEX_POINT('',#4316);
#4316 = CARTESIAN_POINT('',(131.1,134.15,3.));
#4317 = LINE('',#4318,#4319);
#4318 = CARTESIAN_POINT('',(131.1,62.15,3.));
#4319 = VECTOR('',#4320,1.);
#4320 = DIRECTION('',(0.,1.,1.110223024625E-16));
#4321 = ORIENTED_EDGE('',*,*,#4322,.T.);
#4322 = EDGE_CURVE('',#4315,#4323,#4325,.T.);
#4323 = VERTEX_POINT('',#4324);
#4324 = CARTESIAN_POINT('',(81.5,134.15,3.));
#4325 = LINE('',#4326,#4327);
#4326 = CARTESIAN_POINT('',(194.5,134.15,3.));
#4327 = VECTOR('',#4328,1.);
#4328 = DIRECTION('',(-1.,-0.,0.));
#4329 = ORIENTED_EDGE('',*,*,#4330,.T.);
#4330 = EDGE_CURVE('',#4323,#4305,#4331,.T.);
#4331 = LINE('',#4332,#4333);
#4332 = CARTESIAN_POINT('',(81.5,162.15,3.));
#4333 = VECTOR('',#4334,1.);
#4334 = DIRECTION('',(-0.,-1.,-1.110223024625E-16));
#4335 = FACE_BOUND('',#4336,.F.);
#4336 = EDGE_LOOP('',(#4337,#4347,#4355,#4363));
#4337 = ORIENTED_EDGE('',*,*,#4338,.T.);
#4338 = EDGE_CURVE('',#4339,#4341,#4343,.T.);
#4339 = VERTEX_POINT('',#4340);
#4340 = CARTESIAN_POINT('',(81.5,136.55,3.));
#4341 = VERTEX_POINT('',#4342);
#4342 = CARTESIAN_POINT('',(131.1,136.55,3.));
#4343 = LINE('',#4344,#4345);
#4344 = CARTESIAN_POINT('',(69.5,136.55,3.));
#4345 = VECTOR('',#4346,1.);
#4346 = DIRECTION('',(1.,0.,0.));
#4347 = ORIENTED_EDGE('',*,*,#4348,.T.);
#4348 = EDGE_CURVE('',#4341,#4349,#4351,.T.);
#4349 = VERTEX_POINT('',#4350);
#4350 = CARTESIAN_POINT('',(131.1,146.15,3.));
#4351 = LINE('',#4352,#4353);
#4352 = CARTESIAN_POINT('',(131.1,62.15,3.));
#4353 = VECTOR('',#4354,1.);
#4354 = DIRECTION('',(0.,1.,1.110223024625E-16));
#4355 = ORIENTED_EDGE('',*,*,#4356,.T.);
#4356 = EDGE_CURVE('',#4349,#4357,#4359,.T.);
#4357 = VERTEX_POINT('',#4358);
#4358 = CARTESIAN_POINT('',(81.5,146.15,3.));
#4359 = LINE('',#4360,#4361);
#4360 = CARTESIAN_POINT('',(194.5,146.15,3.));
#4361 = VECTOR('',#4362,1.);
#4362 = DIRECTION('',(-1.,-0.,0.));
#4363 = ORIENTED_EDGE('',*,*,#4364,.T.);
#4364 = EDGE_CURVE('',#4357,#4339,#4365,.T.);
#4365 = LINE('',#4366,#4367);
#4366 = CARTESIAN_POINT('',(81.5,162.15,3.));
#4367 = VECTOR('',#4368,1.);
#4368 = DIRECTION('',(-0.,-1.,-1.110223024625E-16));
#4369 = FACE_BOUND('',#4370,.F.);
#4370 = EDGE_LOOP('',(#4371,#4381,#4389,#4397));
#4371 = ORIENTED_EDGE('',*,*,#4372,.T.);
#4372 = EDGE_CURVE('',#4373,#4375,#4377,.T.);
#4373 = VERTEX_POINT('',#4374);
#4374 = CARTESIAN_POINT('',(81.5,148.55,3.));
#4375 = VERTEX_POINT('',#4376);
#4376 = CARTESIAN_POINT('',(131.1,148.55,3.));
#4377 = LINE('',#4378,#4379);
#4378 = CARTESIAN_POINT('',(69.5,148.55,3.));
#4379 = VECTOR('',#4380,1.);
#4380 = DIRECTION('',(1.,0.,0.));
#4381 = ORIENTED_EDGE('',*,*,#4382,.T.);
#4382 = EDGE_CURVE('',#4375,#4383,#4385,.T.);
#4383 = VERTEX_POINT('',#4384);
#4384 = CARTESIAN_POINT('',(131.1,158.15,3.));
#4385 = LINE('',#4386,#4387);
#4386 = CARTESIAN_POINT('',(131.1,62.15,3.));
#4387 = VECTOR('',#4388,1.);
#4388 = DIRECTION('',(0.,1.,1.110223024625E-16));
#4389 = ORIENTED_EDGE('',*,*,#4390,.T.);
#4390 = EDGE_CURVE('',#4383,#4391,#4393,.T.);
#4391 = VERTEX_POINT('',#4392);
#4392 = CARTESIAN_POINT('',(81.5,158.15,3.));
#4393 = LINE('',#4394,#4395);
#4394 = CARTESIAN_POINT('',(194.5,158.15,3.));
#4395 = VECTOR('',#4396,1.);
#4396 = DIRECTION('',(-1.,-0.,0.));
#4397 = ORIENTED_EDGE('',*,*,#4398,.T.);
#4398 = EDGE_CURVE('',#4391,#4373,#4399,.T.);
#4399 = LINE('',#4400,#4401);
#4400 = CARTESIAN_POINT('',(81.5,162.15,3.));
#4401 = VECTOR('',#4402,1.);
#4402 = DIRECTION('',(-0.,-1.,-1.110223024625E-16));
#4403 = PLANE('',#4404);
#4404 = AXIS2_PLACEMENT_3D('',#4405,#4406,#4407);
#4405 = CARTESIAN_POINT('',(132.48621317947,129.32118129365,3.));
#4406 = DIRECTION('',(0.,-1.110223024625E-16,1.));
#4407 = DIRECTION('',(1.,0.,0.));
#4408 = ADVANCED_FACE('',(#4409),#4420,.F.);
#4409 = FACE_BOUND('',#4410,.T.);
#4410 = EDGE_LOOP('',(#4411,#4412,#4418,#4419));
#4411 = ORIENTED_EDGE('',*,*,#3010,.F.);
#4412 = ORIENTED_EDGE('',*,*,#4413,.F.);
#4413 = EDGE_CURVE('',#3702,#3011,#4414,.T.);
#4414 = LINE('',#4415,#4416);
#4415 = CARTESIAN_POINT('',(133.5,74.15,5.684341886081E-14));
#4416 = VECTOR('',#4417,1.);
#4417 = DIRECTION('',(0.,1.110223024625E-16,-1.));
#4418 = ORIENTED_EDGE('',*,*,#3709,.T.);
#4419 = ORIENTED_EDGE('',*,*,#520,.F.);
#4420 = PLANE('',#4421);
#4421 = AXIS2_PLACEMENT_3D('',#4422,#4423,#4424);
#4422 = CARTESIAN_POINT('',(133.5,194.15,9.237055564881E-14));
#4423 = DIRECTION('',(-1.,-0.,0.));
#4424 = DIRECTION('',(0.,1.,1.110223024625E-16));
#4425 = ADVANCED_FACE('',(#4426),#4472,.F.);
#4426 = FACE_BOUND('',#4427,.T.);
#4427 = EDGE_LOOP('',(#4428,#4429,#4430,#4431,#4437,#4438,#4444,#4445,
    #4451,#4452,#4458,#4459,#4465,#4466));
#4428 = ORIENTED_EDGE('',*,*,#3026,.F.);
#4429 = ORIENTED_EDGE('',*,*,#504,.F.);
#4430 = ORIENTED_EDGE('',*,*,#2618,.T.);
#4431 = ORIENTED_EDGE('',*,*,#4432,.F.);
#4432 = EDGE_CURVE('',#3995,#2619,#4433,.T.);
#4433 = LINE('',#4434,#4435);
#4434 = CARTESIAN_POINT('',(183.5,94.15,3.));
#4435 = VECTOR('',#4436,1.);
#4436 = DIRECTION('',(0.,-1.110223024625E-16,1.));
#4437 = ORIENTED_EDGE('',*,*,#4002,.T.);
#4438 = ORIENTED_EDGE('',*,*,#4439,.T.);
#4439 = EDGE_CURVE('',#4003,#3087,#4440,.T.);
#4440 = LINE('',#4441,#4442);
#4441 = CARTESIAN_POINT('',(183.5,98.15,5.684341886081E-14));
#4442 = VECTOR('',#4443,1.);
#4443 = DIRECTION('',(0.,1.110223024625E-16,-1.));
#4444 = ORIENTED_EDGE('',*,*,#3094,.F.);
#4445 = ORIENTED_EDGE('',*,*,#4446,.T.);
#4446 = EDGE_CURVE('',#3071,#4027,#4447,.T.);
#4447 = LINE('',#4448,#4449);
#4448 = CARTESIAN_POINT('',(183.5,88.55,5.684341886081E-14));
#4449 = VECTOR('',#4450,1.);
#4450 = DIRECTION('',(0.,-1.110223024625E-16,1.));
#4451 = ORIENTED_EDGE('',*,*,#4034,.F.);
#4452 = ORIENTED_EDGE('',*,*,#4453,.T.);
#4453 = EDGE_CURVE('',#4035,#3053,#4454,.T.);
#4454 = LINE('',#4455,#4456);
#4455 = CARTESIAN_POINT('',(183.5,86.15,5.684341886081E-14));
#4456 = VECTOR('',#4457,1.);
#4457 = DIRECTION('',(0.,1.110223024625E-16,-1.));
#4458 = ORIENTED_EDGE('',*,*,#3060,.F.);
#4459 = ORIENTED_EDGE('',*,*,#4460,.T.);
#4460 = EDGE_CURVE('',#3037,#3694,#4461,.T.);
#4461 = LINE('',#4462,#4463);
#4462 = CARTESIAN_POINT('',(183.5,76.55,5.684341886081E-14));
#4463 = VECTOR('',#4464,1.);
#4464 = DIRECTION('',(0.,-1.110223024625E-16,1.));
#4465 = ORIENTED_EDGE('',*,*,#3691,.F.);
#4466 = ORIENTED_EDGE('',*,*,#4467,.T.);
#4467 = EDGE_CURVE('',#3692,#3019,#4468,.T.);
#4468 = LINE('',#4469,#4470);
#4469 = CARTESIAN_POINT('',(183.5,74.15,5.684341886081E-14));
#4470 = VECTOR('',#4471,1.);
#4471 = DIRECTION('',(0.,1.110223024625E-16,-1.));
#4472 = PLANE('',#4473);
#4473 = AXIS2_PLACEMENT_3D('',#4474,#4475,#4476);
#4474 = CARTESIAN_POINT('',(183.5,62.15,7.460698725481E-14));
#4475 = DIRECTION('',(1.,0.,0.));
#4476 = DIRECTION('',(0.,-1.,-1.110223024625E-16));
#4477 = ADVANCED_FACE('',(#4478),#4494,.T.);
#4478 = FACE_BOUND('',#4479,.F.);
#4479 = EDGE_LOOP('',(#4480,#4481,#4487,#4488));
#4480 = ORIENTED_EDGE('',*,*,#544,.T.);
#4481 = ORIENTED_EDGE('',*,*,#4482,.T.);
#4482 = EDGE_CURVE('',#547,#1653,#4483,.T.);
#4483 = LINE('',#4484,#4485);
#4484 = CARTESIAN_POINT('',(76.5,68.15,10.));
#4485 = VECTOR('',#4486,1.);
#4486 = DIRECTION('',(-0.,-1.,1.110223024625E-16));
#4487 = ORIENTED_EDGE('',*,*,#1650,.F.);
#4488 = ORIENTED_EDGE('',*,*,#4489,.F.);
#4489 = EDGE_CURVE('',#545,#1651,#4490,.T.);
#4490 = LINE('',#4491,#4492);
#4491 = CARTESIAN_POINT('',(76.5,68.15,22.));
#4492 = VECTOR('',#4493,1.);
#4493 = DIRECTION('',(-0.,-1.,1.110223024625E-16));
#4494 = PLANE('',#4495);
#4495 = AXIS2_PLACEMENT_3D('',#4496,#4497,#4498);
#4496 = CARTESIAN_POINT('',(76.5,68.15,10.));
#4497 = DIRECTION('',(1.,0.,0.));
#4498 = DIRECTION('',(0.,2.22044604925E-16,-1.));
#4499 = ADVANCED_FACE('',(#4500),#4511,.T.);
#4500 = FACE_BOUND('',#4501,.F.);
#4501 = EDGE_LOOP('',(#4502,#4503,#4504,#4505));
#4502 = ORIENTED_EDGE('',*,*,#586,.T.);
#4503 = ORIENTED_EDGE('',*,*,#4489,.T.);
#4504 = ORIENTED_EDGE('',*,*,#1692,.F.);
#4505 = ORIENTED_EDGE('',*,*,#4506,.F.);
#4506 = EDGE_CURVE('',#579,#1685,#4507,.T.);
#4507 = LINE('',#4508,#4509);
#4508 = CARTESIAN_POINT('',(82.5,68.15,28.));
#4509 = VECTOR('',#4510,1.);
#4510 = DIRECTION('',(-0.,-1.,1.110223024625E-16));
#4511 = PLANE('',#4512);
#4512 = AXIS2_PLACEMENT_3D('',#4513,#4514,#4515);
#4513 = CARTESIAN_POINT('',(76.5,68.15,22.));
#4514 = DIRECTION('',(0.707106781187,-1.110223024625E-16,-0.707106781187
    ));
#4515 = DIRECTION('',(-0.707106781187,1.665334536938E-16,-0.707106781187
    ));
#4516 = ADVANCED_FACE('',(#4517),#4528,.T.);
#4517 = FACE_BOUND('',#4518,.F.);
#4518 = EDGE_LOOP('',(#4519,#4520,#4521,#4522));
#4519 = ORIENTED_EDGE('',*,*,#578,.T.);
#4520 = ORIENTED_EDGE('',*,*,#4506,.T.);
#4521 = ORIENTED_EDGE('',*,*,#1684,.F.);
#4522 = ORIENTED_EDGE('',*,*,#4523,.F.);
#4523 = EDGE_CURVE('',#571,#1677,#4524,.T.);
#4524 = LINE('',#4525,#4526);
#4525 = CARTESIAN_POINT('',(86.5,68.15,28.));
#4526 = VECTOR('',#4527,1.);
#4527 = DIRECTION('',(-0.,-1.,1.110223024625E-16));
#4528 = PLANE('',#4529);
#4529 = AXIS2_PLACEMENT_3D('',#4530,#4531,#4532);
#4530 = CARTESIAN_POINT('',(82.5,68.15,28.));
#4531 = DIRECTION('',(0.,-1.110223024625E-16,-1.));
#4532 = DIRECTION('',(-1.,0.,-0.));
#4533 = ADVANCED_FACE('',(#4534),#4545,.T.);
#4534 = FACE_BOUND('',#4535,.F.);
#4535 = EDGE_LOOP('',(#4536,#4537,#4538,#4539));
#4536 = ORIENTED_EDGE('',*,*,#570,.T.);
#4537 = ORIENTED_EDGE('',*,*,#4523,.T.);
#4538 = ORIENTED_EDGE('',*,*,#1676,.F.);
#4539 = ORIENTED_EDGE('',*,*,#4540,.F.);
#4540 = EDGE_CURVE('',#563,#1669,#4541,.T.);
#4541 = LINE('',#4542,#4543);
#4542 = CARTESIAN_POINT('',(92.5,68.15,22.));
#4543 = VECTOR('',#4544,1.);
#4544 = DIRECTION('',(-0.,-1.,1.110223024625E-16));
#4545 = PLANE('',#4546);
#4546 = AXIS2_PLACEMENT_3D('',#4547,#4548,#4549);
#4547 = CARTESIAN_POINT('',(86.5,68.15,28.));
#4548 = DIRECTION('',(-0.707106781187,-1.110223024625E-16,
    -0.707106781187));
#4549 = DIRECTION('',(-0.707106781187,-1.665334536938E-16,0.707106781187
    ));
#4550 = ADVANCED_FACE('',(#4551),#4562,.T.);
#4551 = FACE_BOUND('',#4552,.F.);
#4552 = EDGE_LOOP('',(#4553,#4554,#4555,#4556));
#4553 = ORIENTED_EDGE('',*,*,#562,.T.);
#4554 = ORIENTED_EDGE('',*,*,#4540,.T.);
#4555 = ORIENTED_EDGE('',*,*,#1668,.F.);
#4556 = ORIENTED_EDGE('',*,*,#4557,.F.);
#4557 = EDGE_CURVE('',#555,#1661,#4558,.T.);
#4558 = LINE('',#4559,#4560);
#4559 = CARTESIAN_POINT('',(92.5,68.15,10.));
#4560 = VECTOR('',#4561,1.);
#4561 = DIRECTION('',(-0.,-1.,1.110223024625E-16));
#4562 = PLANE('',#4563);
#4563 = AXIS2_PLACEMENT_3D('',#4564,#4565,#4566);
#4564 = CARTESIAN_POINT('',(92.5,68.15,22.));
#4565 = DIRECTION('',(-1.,-0.,0.));
#4566 = DIRECTION('',(0.,-2.22044604925E-16,1.));
#4567 = ADVANCED_FACE('',(#4568),#4574,.T.);
#4568 = FACE_BOUND('',#4569,.F.);
#4569 = EDGE_LOOP('',(#4570,#4571,#4572,#4573));
#4570 = ORIENTED_EDGE('',*,*,#554,.T.);
#4571 = ORIENTED_EDGE('',*,*,#4557,.T.);
#4572 = ORIENTED_EDGE('',*,*,#1660,.F.);
#4573 = ORIENTED_EDGE('',*,*,#4482,.F.);
#4574 = PLANE('',#4575);
#4575 = AXIS2_PLACEMENT_3D('',#4576,#4577,#4578);
#4576 = CARTESIAN_POINT('',(92.5,68.15,10.));
#4577 = DIRECTION('',(0.,1.110223024625E-16,1.));
#4578 = DIRECTION('',(1.,0.,0.));
#4579 = ADVANCED_FACE('',(#4580),#4596,.T.);
#4580 = FACE_BOUND('',#4581,.F.);
#4581 = EDGE_LOOP('',(#4582,#4583,#4589,#4590));
#4582 = ORIENTED_EDGE('',*,*,#594,.T.);
#4583 = ORIENTED_EDGE('',*,*,#4584,.T.);
#4584 = EDGE_CURVE('',#597,#1603,#4585,.T.);
#4585 = LINE('',#4586,#4587);
#4586 = CARTESIAN_POINT('',(98.5,68.15,10.));
#4587 = VECTOR('',#4588,1.);
#4588 = DIRECTION('',(-0.,-1.,1.110223024625E-16));
#4589 = ORIENTED_EDGE('',*,*,#1600,.F.);
#4590 = ORIENTED_EDGE('',*,*,#4591,.F.);
#4591 = EDGE_CURVE('',#595,#1601,#4592,.T.);
#4592 = LINE('',#4593,#4594);
#4593 = CARTESIAN_POINT('',(98.5,68.15,22.));
#4594 = VECTOR('',#4595,1.);
#4595 = DIRECTION('',(-0.,-1.,1.110223024625E-16));
#4596 = PLANE('',#4597);
#4597 = AXIS2_PLACEMENT_3D('',#4598,#4599,#4600);
#4598 = CARTESIAN_POINT('',(98.5,68.15,10.));
#4599 = DIRECTION('',(1.,0.,0.));
#4600 = DIRECTION('',(0.,2.22044604925E-16,-1.));
#4601 = ADVANCED_FACE('',(#4602),#4613,.T.);
#4602 = FACE_BOUND('',#4603,.F.);
#4603 = EDGE_LOOP('',(#4604,#4605,#4606,#4607));
#4604 = ORIENTED_EDGE('',*,*,#636,.T.);
#4605 = ORIENTED_EDGE('',*,*,#4591,.T.);
#4606 = ORIENTED_EDGE('',*,*,#1642,.F.);
#4607 = ORIENTED_EDGE('',*,*,#4608,.F.);
#4608 = EDGE_CURVE('',#629,#1635,#4609,.T.);
#4609 = LINE('',#4610,#4611);
#4610 = CARTESIAN_POINT('',(104.5,68.15,28.));
#4611 = VECTOR('',#4612,1.);
#4612 = DIRECTION('',(-0.,-1.,1.110223024625E-16));
#4613 = PLANE('',#4614);
#4614 = AXIS2_PLACEMENT_3D('',#4615,#4616,#4617);
#4615 = CARTESIAN_POINT('',(98.5,68.15,22.));
#4616 = DIRECTION('',(0.707106781187,-1.110223024625E-16,-0.707106781187
    ));
#4617 = DIRECTION('',(-0.707106781187,1.665334536938E-16,-0.707106781187
    ));
#4618 = ADVANCED_FACE('',(#4619),#4630,.T.);
#4619 = FACE_BOUND('',#4620,.F.);
#4620 = EDGE_LOOP('',(#4621,#4622,#4628,#4629));
#4621 = ORIENTED_EDGE('',*,*,#604,.T.);
#4622 = ORIENTED_EDGE('',*,*,#4623,.T.);
#4623 = EDGE_CURVE('',#605,#1611,#4624,.T.);
#4624 = LINE('',#4625,#4626);
#4625 = CARTESIAN_POINT('',(114.5,68.15,10.));
#4626 = VECTOR('',#4627,1.);
#4627 = DIRECTION('',(-0.,-1.,1.110223024625E-16));
#4628 = ORIENTED_EDGE('',*,*,#1610,.F.);
#4629 = ORIENTED_EDGE('',*,*,#4584,.F.);
#4630 = PLANE('',#4631);
#4631 = AXIS2_PLACEMENT_3D('',#4632,#4633,#4634);
#4632 = CARTESIAN_POINT('',(114.5,68.15,10.));
#4633 = DIRECTION('',(0.,1.110223024625E-16,1.));
#4634 = DIRECTION('',(1.,0.,0.));
#4635 = ADVANCED_FACE('',(#4636),#4647,.T.);
#4636 = FACE_BOUND('',#4637,.F.);
#4637 = EDGE_LOOP('',(#4638,#4639,#4640,#4641));
#4638 = ORIENTED_EDGE('',*,*,#628,.T.);
#4639 = ORIENTED_EDGE('',*,*,#4608,.T.);
#4640 = ORIENTED_EDGE('',*,*,#1634,.F.);
#4641 = ORIENTED_EDGE('',*,*,#4642,.F.);
#4642 = EDGE_CURVE('',#621,#1627,#4643,.T.);
#4643 = LINE('',#4644,#4645);
#4644 = CARTESIAN_POINT('',(108.5,68.15,28.));
#4645 = VECTOR('',#4646,1.);
#4646 = DIRECTION('',(-0.,-1.,1.110223024625E-16));
#4647 = PLANE('',#4648);
#4648 = AXIS2_PLACEMENT_3D('',#4649,#4650,#4651);
#4649 = CARTESIAN_POINT('',(104.5,68.15,28.));
#4650 = DIRECTION('',(0.,-1.110223024625E-16,-1.));
#4651 = DIRECTION('',(-1.,0.,-0.));
#4652 = ADVANCED_FACE('',(#4653),#4664,.T.);
#4653 = FACE_BOUND('',#4654,.F.);
#4654 = EDGE_LOOP('',(#4655,#4656,#4662,#4663));
#4655 = ORIENTED_EDGE('',*,*,#612,.T.);
#4656 = ORIENTED_EDGE('',*,*,#4657,.T.);
#4657 = EDGE_CURVE('',#613,#1619,#4658,.T.);
#4658 = LINE('',#4659,#4660);
#4659 = CARTESIAN_POINT('',(114.5,68.15,22.));
#4660 = VECTOR('',#4661,1.);
#4661 = DIRECTION('',(-0.,-1.,1.110223024625E-16));
#4662 = ORIENTED_EDGE('',*,*,#1618,.F.);
#4663 = ORIENTED_EDGE('',*,*,#4623,.F.);
#4664 = PLANE('',#4665);
#4665 = AXIS2_PLACEMENT_3D('',#4666,#4667,#4668);
#4666 = CARTESIAN_POINT('',(114.5,68.15,22.));
#4667 = DIRECTION('',(-1.,-0.,0.));
#4668 = DIRECTION('',(0.,-2.22044604925E-16,1.));
#4669 = ADVANCED_FACE('',(#4670),#4676,.T.);
#4670 = FACE_BOUND('',#4671,.F.);
#4671 = EDGE_LOOP('',(#4672,#4673,#4674,#4675));
#4672 = ORIENTED_EDGE('',*,*,#620,.T.);
#4673 = ORIENTED_EDGE('',*,*,#4642,.T.);
#4674 = ORIENTED_EDGE('',*,*,#1626,.F.);
#4675 = ORIENTED_EDGE('',*,*,#4657,.F.);
#4676 = PLANE('',#4677);
#4677 = AXIS2_PLACEMENT_3D('',#4678,#4679,#4680);
#4678 = CARTESIAN_POINT('',(108.5,68.15,28.));
#4679 = DIRECTION('',(-0.707106781187,-1.110223024625E-16,
    -0.707106781187));
#4680 = DIRECTION('',(-0.707106781187,-1.665334536938E-16,0.707106781187
    ));
#4681 = ADVANCED_FACE('',(#4682),#4698,.T.);
#4682 = FACE_BOUND('',#4683,.F.);
#4683 = EDGE_LOOP('',(#4684,#4685,#4691,#4692));
#4684 = ORIENTED_EDGE('',*,*,#644,.T.);
#4685 = ORIENTED_EDGE('',*,*,#4686,.T.);
#4686 = EDGE_CURVE('',#647,#1553,#4687,.T.);
#4687 = LINE('',#4688,#4689);
#4688 = CARTESIAN_POINT('',(120.5,68.15,10.));
#4689 = VECTOR('',#4690,1.);
#4690 = DIRECTION('',(-0.,-1.,1.110223024625E-16));
#4691 = ORIENTED_EDGE('',*,*,#1550,.F.);
#4692 = ORIENTED_EDGE('',*,*,#4693,.F.);
#4693 = EDGE_CURVE('',#645,#1551,#4694,.T.);
#4694 = LINE('',#4695,#4696);
#4695 = CARTESIAN_POINT('',(120.5,68.15,22.));
#4696 = VECTOR('',#4697,1.);
#4697 = DIRECTION('',(-0.,-1.,1.110223024625E-16));
#4698 = PLANE('',#4699);
#4699 = AXIS2_PLACEMENT_3D('',#4700,#4701,#4702);
#4700 = CARTESIAN_POINT('',(120.5,68.15,10.));
#4701 = DIRECTION('',(1.,0.,0.));
#4702 = DIRECTION('',(0.,2.22044604925E-16,-1.));
#4703 = ADVANCED_FACE('',(#4704),#4715,.T.);
#4704 = FACE_BOUND('',#4705,.F.);
#4705 = EDGE_LOOP('',(#4706,#4707,#4708,#4709));
#4706 = ORIENTED_EDGE('',*,*,#686,.T.);
#4707 = ORIENTED_EDGE('',*,*,#4693,.T.);
#4708 = ORIENTED_EDGE('',*,*,#1592,.F.);
#4709 = ORIENTED_EDGE('',*,*,#4710,.F.);
#4710 = EDGE_CURVE('',#679,#1585,#4711,.T.);
#4711 = LINE('',#4712,#4713);
#4712 = CARTESIAN_POINT('',(126.5,68.15,28.));
#4713 = VECTOR('',#4714,1.);
#4714 = DIRECTION('',(-0.,-1.,1.110223024625E-16));
#4715 = PLANE('',#4716);
#4716 = AXIS2_PLACEMENT_3D('',#4717,#4718,#4719);
#4717 = CARTESIAN_POINT('',(120.5,68.15,22.));
#4718 = DIRECTION('',(0.707106781187,-1.110223024625E-16,-0.707106781187
    ));
#4719 = DIRECTION('',(-0.707106781187,1.665334536938E-16,-0.707106781187
    ));
#4720 = ADVANCED_FACE('',(#4721),#4732,.T.);
#4721 = FACE_BOUND('',#4722,.F.);
#4722 = EDGE_LOOP('',(#4723,#4724,#4730,#4731));
#4723 = ORIENTED_EDGE('',*,*,#654,.T.);
#4724 = ORIENTED_EDGE('',*,*,#4725,.T.);
#4725 = EDGE_CURVE('',#655,#1561,#4726,.T.);
#4726 = LINE('',#4727,#4728);
#4727 = CARTESIAN_POINT('',(136.5,68.15,10.));
#4728 = VECTOR('',#4729,1.);
#4729 = DIRECTION('',(-0.,-1.,1.110223024625E-16));
#4730 = ORIENTED_EDGE('',*,*,#1560,.F.);
#4731 = ORIENTED_EDGE('',*,*,#4686,.F.);
#4732 = PLANE('',#4733);
#4733 = AXIS2_PLACEMENT_3D('',#4734,#4735,#4736);
#4734 = CARTESIAN_POINT('',(136.5,68.15,10.));
#4735 = DIRECTION('',(0.,1.110223024625E-16,1.));
#4736 = DIRECTION('',(1.,0.,0.));
#4737 = ADVANCED_FACE('',(#4738),#4749,.T.);
#4738 = FACE_BOUND('',#4739,.F.);
#4739 = EDGE_LOOP('',(#4740,#4741,#4742,#4743));
#4740 = ORIENTED_EDGE('',*,*,#678,.T.);
#4741 = ORIENTED_EDGE('',*,*,#4710,.T.);
#4742 = ORIENTED_EDGE('',*,*,#1584,.F.);
#4743 = ORIENTED_EDGE('',*,*,#4744,.F.);
#4744 = EDGE_CURVE('',#671,#1577,#4745,.T.);
#4745 = LINE('',#4746,#4747);
#4746 = CARTESIAN_POINT('',(130.5,68.15,28.));
#4747 = VECTOR('',#4748,1.);
#4748 = DIRECTION('',(-0.,-1.,1.110223024625E-16));
#4749 = PLANE('',#4750);
#4750 = AXIS2_PLACEMENT_3D('',#4751,#4752,#4753);
#4751 = CARTESIAN_POINT('',(126.5,68.15,28.));
#4752 = DIRECTION('',(0.,-1.110223024625E-16,-1.));
#4753 = DIRECTION('',(-1.,0.,-0.));
#4754 = ADVANCED_FACE('',(#4755),#4766,.T.);
#4755 = FACE_BOUND('',#4756,.F.);
#4756 = EDGE_LOOP('',(#4757,#4758,#4764,#4765));
#4757 = ORIENTED_EDGE('',*,*,#662,.T.);
#4758 = ORIENTED_EDGE('',*,*,#4759,.T.);
#4759 = EDGE_CURVE('',#663,#1569,#4760,.T.);
#4760 = LINE('',#4761,#4762);
#4761 = CARTESIAN_POINT('',(136.5,68.15,22.));
#4762 = VECTOR('',#4763,1.);
#4763 = DIRECTION('',(-0.,-1.,1.110223024625E-16));
#4764 = ORIENTED_EDGE('',*,*,#1568,.F.);
#4765 = ORIENTED_EDGE('',*,*,#4725,.F.);
#4766 = PLANE('',#4767);
#4767 = AXIS2_PLACEMENT_3D('',#4768,#4769,#4770);
#4768 = CARTESIAN_POINT('',(136.5,68.15,22.));
#4769 = DIRECTION('',(-1.,-0.,0.));
#4770 = DIRECTION('',(0.,-2.22044604925E-16,1.));
#4771 = ADVANCED_FACE('',(#4772),#4778,.T.);
#4772 = FACE_BOUND('',#4773,.F.);
#4773 = EDGE_LOOP('',(#4774,#4775,#4776,#4777));
#4774 = ORIENTED_EDGE('',*,*,#670,.T.);
#4775 = ORIENTED_EDGE('',*,*,#4744,.T.);
#4776 = ORIENTED_EDGE('',*,*,#1576,.F.);
#4777 = ORIENTED_EDGE('',*,*,#4759,.F.);
#4778 = PLANE('',#4779);
#4779 = AXIS2_PLACEMENT_3D('',#4780,#4781,#4782);
#4780 = CARTESIAN_POINT('',(130.5,68.15,28.));
#4781 = DIRECTION('',(-0.707106781187,-1.110223024625E-16,
    -0.707106781187));
#4782 = DIRECTION('',(-0.707106781187,-1.665334536938E-16,0.707106781187
    ));
#4783 = ADVANCED_FACE('',(#4784),#4800,.T.);
#4784 = FACE_BOUND('',#4785,.F.);
#4785 = EDGE_LOOP('',(#4786,#4787,#4793,#4794));
#4786 = ORIENTED_EDGE('',*,*,#694,.T.);
#4787 = ORIENTED_EDGE('',*,*,#4788,.T.);
#4788 = EDGE_CURVE('',#697,#1503,#4789,.T.);
#4789 = LINE('',#4790,#4791);
#4790 = CARTESIAN_POINT('',(142.5,68.15,10.));
#4791 = VECTOR('',#4792,1.);
#4792 = DIRECTION('',(-0.,-1.,1.110223024625E-16));
#4793 = ORIENTED_EDGE('',*,*,#1500,.F.);
#4794 = ORIENTED_EDGE('',*,*,#4795,.F.);
#4795 = EDGE_CURVE('',#695,#1501,#4796,.T.);
#4796 = LINE('',#4797,#4798);
#4797 = CARTESIAN_POINT('',(142.5,68.15,22.));
#4798 = VECTOR('',#4799,1.);
#4799 = DIRECTION('',(-0.,-1.,1.110223024625E-16));
#4800 = PLANE('',#4801);
#4801 = AXIS2_PLACEMENT_3D('',#4802,#4803,#4804);
#4802 = CARTESIAN_POINT('',(142.5,68.15,10.));
#4803 = DIRECTION('',(1.,0.,0.));
#4804 = DIRECTION('',(0.,2.22044604925E-16,-1.));
#4805 = ADVANCED_FACE('',(#4806),#4817,.T.);
#4806 = FACE_BOUND('',#4807,.F.);
#4807 = EDGE_LOOP('',(#4808,#4809,#4810,#4811));
#4808 = ORIENTED_EDGE('',*,*,#736,.T.);
#4809 = ORIENTED_EDGE('',*,*,#4795,.T.);
#4810 = ORIENTED_EDGE('',*,*,#1542,.F.);
#4811 = ORIENTED_EDGE('',*,*,#4812,.F.);
#4812 = EDGE_CURVE('',#729,#1535,#4813,.T.);
#4813 = LINE('',#4814,#4815);
#4814 = CARTESIAN_POINT('',(148.5,68.15,28.));
#4815 = VECTOR('',#4816,1.);
#4816 = DIRECTION('',(-0.,-1.,1.110223024625E-16));
#4817 = PLANE('',#4818);
#4818 = AXIS2_PLACEMENT_3D('',#4819,#4820,#4821);
#4819 = CARTESIAN_POINT('',(142.5,68.15,22.));
#4820 = DIRECTION('',(0.707106781187,-1.110223024625E-16,-0.707106781187
    ));
#4821 = DIRECTION('',(-0.707106781187,1.665334536938E-16,-0.707106781187
    ));
#4822 = ADVANCED_FACE('',(#4823),#4834,.T.);
#4823 = FACE_BOUND('',#4824,.F.);
#4824 = EDGE_LOOP('',(#4825,#4826,#4832,#4833));
#4825 = ORIENTED_EDGE('',*,*,#704,.T.);
#4826 = ORIENTED_EDGE('',*,*,#4827,.T.);
#4827 = EDGE_CURVE('',#705,#1511,#4828,.T.);
#4828 = LINE('',#4829,#4830);
#4829 = CARTESIAN_POINT('',(158.5,68.15,10.));
#4830 = VECTOR('',#4831,1.);
#4831 = DIRECTION('',(-0.,-1.,1.110223024625E-16));
#4832 = ORIENTED_EDGE('',*,*,#1510,.F.);
#4833 = ORIENTED_EDGE('',*,*,#4788,.F.);
#4834 = PLANE('',#4835);
#4835 = AXIS2_PLACEMENT_3D('',#4836,#4837,#4838);
#4836 = CARTESIAN_POINT('',(158.5,68.15,10.));
#4837 = DIRECTION('',(0.,1.110223024625E-16,1.));
#4838 = DIRECTION('',(1.,0.,0.));
#4839 = ADVANCED_FACE('',(#4840),#4851,.T.);
#4840 = FACE_BOUND('',#4841,.F.);
#4841 = EDGE_LOOP('',(#4842,#4843,#4844,#4845));
#4842 = ORIENTED_EDGE('',*,*,#728,.T.);
#4843 = ORIENTED_EDGE('',*,*,#4812,.T.);
#4844 = ORIENTED_EDGE('',*,*,#1534,.F.);
#4845 = ORIENTED_EDGE('',*,*,#4846,.F.);
#4846 = EDGE_CURVE('',#721,#1527,#4847,.T.);
#4847 = LINE('',#4848,#4849);
#4848 = CARTESIAN_POINT('',(152.5,68.15,28.));
#4849 = VECTOR('',#4850,1.);
#4850 = DIRECTION('',(-0.,-1.,1.110223024625E-16));
#4851 = PLANE('',#4852);
#4852 = AXIS2_PLACEMENT_3D('',#4853,#4854,#4855);
#4853 = CARTESIAN_POINT('',(148.5,68.15,28.));
#4854 = DIRECTION('',(0.,-1.110223024625E-16,-1.));
#4855 = DIRECTION('',(-1.,0.,-0.));
#4856 = ADVANCED_FACE('',(#4857),#4868,.T.);
#4857 = FACE_BOUND('',#4858,.F.);
#4858 = EDGE_LOOP('',(#4859,#4860,#4866,#4867));
#4859 = ORIENTED_EDGE('',*,*,#712,.T.);
#4860 = ORIENTED_EDGE('',*,*,#4861,.T.);
#4861 = EDGE_CURVE('',#713,#1519,#4862,.T.);
#4862 = LINE('',#4863,#4864);
#4863 = CARTESIAN_POINT('',(158.5,68.15,22.));
#4864 = VECTOR('',#4865,1.);
#4865 = DIRECTION('',(-0.,-1.,1.110223024625E-16));
#4866 = ORIENTED_EDGE('',*,*,#1518,.F.);
#4867 = ORIENTED_EDGE('',*,*,#4827,.F.);
#4868 = PLANE('',#4869);
#4869 = AXIS2_PLACEMENT_3D('',#4870,#4871,#4872);
#4870 = CARTESIAN_POINT('',(158.5,68.15,22.));
#4871 = DIRECTION('',(-1.,-0.,0.));
#4872 = DIRECTION('',(0.,-2.22044604925E-16,1.));
#4873 = ADVANCED_FACE('',(#4874),#4880,.T.);
#4874 = FACE_BOUND('',#4875,.F.);
#4875 = EDGE_LOOP('',(#4876,#4877,#4878,#4879));
#4876 = ORIENTED_EDGE('',*,*,#720,.T.);
#4877 = ORIENTED_EDGE('',*,*,#4846,.T.);
#4878 = ORIENTED_EDGE('',*,*,#1526,.F.);
#4879 = ORIENTED_EDGE('',*,*,#4861,.F.);
#4880 = PLANE('',#4881);
#4881 = AXIS2_PLACEMENT_3D('',#4882,#4883,#4884);
#4882 = CARTESIAN_POINT('',(152.5,68.15,28.));
#4883 = DIRECTION('',(-0.707106781187,-1.110223024625E-16,
    -0.707106781187));
#4884 = DIRECTION('',(-0.707106781187,-1.665334536938E-16,0.707106781187
    ));
#4885 = ADVANCED_FACE('',(#4886),#4902,.T.);
#4886 = FACE_BOUND('',#4887,.F.);
#4887 = EDGE_LOOP('',(#4888,#4889,#4895,#4896));
#4888 = ORIENTED_EDGE('',*,*,#744,.T.);
#4889 = ORIENTED_EDGE('',*,*,#4890,.T.);
#4890 = EDGE_CURVE('',#747,#1453,#4891,.T.);
#4891 = LINE('',#4892,#4893);
#4892 = CARTESIAN_POINT('',(164.5,68.15,10.));
#4893 = VECTOR('',#4894,1.);
#4894 = DIRECTION('',(-0.,-1.,1.110223024625E-16));
#4895 = ORIENTED_EDGE('',*,*,#1450,.F.);
#4896 = ORIENTED_EDGE('',*,*,#4897,.F.);
#4897 = EDGE_CURVE('',#745,#1451,#4898,.T.);
#4898 = LINE('',#4899,#4900);
#4899 = CARTESIAN_POINT('',(164.5,68.15,22.));
#4900 = VECTOR('',#4901,1.);
#4901 = DIRECTION('',(-0.,-1.,1.110223024625E-16));
#4902 = PLANE('',#4903);
#4903 = AXIS2_PLACEMENT_3D('',#4904,#4905,#4906);
#4904 = CARTESIAN_POINT('',(164.5,68.15,10.));
#4905 = DIRECTION('',(1.,0.,0.));
#4906 = DIRECTION('',(0.,2.22044604925E-16,-1.));
#4907 = ADVANCED_FACE('',(#4908),#4919,.T.);
#4908 = FACE_BOUND('',#4909,.F.);
#4909 = EDGE_LOOP('',(#4910,#4911,#4912,#4913));
#4910 = ORIENTED_EDGE('',*,*,#786,.T.);
#4911 = ORIENTED_EDGE('',*,*,#4897,.T.);
#4912 = ORIENTED_EDGE('',*,*,#1492,.F.);
#4913 = ORIENTED_EDGE('',*,*,#4914,.F.);
#4914 = EDGE_CURVE('',#779,#1485,#4915,.T.);
#4915 = LINE('',#4916,#4917);
#4916 = CARTESIAN_POINT('',(170.5,68.15,28.));
#4917 = VECTOR('',#4918,1.);
#4918 = DIRECTION('',(-0.,-1.,1.110223024625E-16));
#4919 = PLANE('',#4920);
#4920 = AXIS2_PLACEMENT_3D('',#4921,#4922,#4923);
#4921 = CARTESIAN_POINT('',(164.5,68.15,22.));
#4922 = DIRECTION('',(0.707106781187,-1.110223024625E-16,-0.707106781187
    ));
#4923 = DIRECTION('',(-0.707106781187,1.665334536938E-16,-0.707106781187
    ));
#4924 = ADVANCED_FACE('',(#4925),#4936,.T.);
#4925 = FACE_BOUND('',#4926,.F.);
#4926 = EDGE_LOOP('',(#4927,#4928,#4934,#4935));
#4927 = ORIENTED_EDGE('',*,*,#754,.T.);
#4928 = ORIENTED_EDGE('',*,*,#4929,.T.);
#4929 = EDGE_CURVE('',#755,#1461,#4930,.T.);
#4930 = LINE('',#4931,#4932);
#4931 = CARTESIAN_POINT('',(180.5,68.15,10.));
#4932 = VECTOR('',#4933,1.);
#4933 = DIRECTION('',(-0.,-1.,1.110223024625E-16));
#4934 = ORIENTED_EDGE('',*,*,#1460,.F.);
#4935 = ORIENTED_EDGE('',*,*,#4890,.F.);
#4936 = PLANE('',#4937);
#4937 = AXIS2_PLACEMENT_3D('',#4938,#4939,#4940);
#4938 = CARTESIAN_POINT('',(180.5,68.15,10.));
#4939 = DIRECTION('',(0.,1.110223024625E-16,1.));
#4940 = DIRECTION('',(1.,0.,0.));
#4941 = ADVANCED_FACE('',(#4942),#4953,.T.);
#4942 = FACE_BOUND('',#4943,.F.);
#4943 = EDGE_LOOP('',(#4944,#4945,#4946,#4947));
#4944 = ORIENTED_EDGE('',*,*,#778,.T.);
#4945 = ORIENTED_EDGE('',*,*,#4914,.T.);
#4946 = ORIENTED_EDGE('',*,*,#1484,.F.);
#4947 = ORIENTED_EDGE('',*,*,#4948,.F.);
#4948 = EDGE_CURVE('',#771,#1477,#4949,.T.);
#4949 = LINE('',#4950,#4951);
#4950 = CARTESIAN_POINT('',(174.5,68.15,28.));
#4951 = VECTOR('',#4952,1.);
#4952 = DIRECTION('',(-0.,-1.,1.110223024625E-16));
#4953 = PLANE('',#4954);
#4954 = AXIS2_PLACEMENT_3D('',#4955,#4956,#4957);
#4955 = CARTESIAN_POINT('',(170.5,68.15,28.));
#4956 = DIRECTION('',(0.,-1.110223024625E-16,-1.));
#4957 = DIRECTION('',(-1.,0.,-0.));
#4958 = ADVANCED_FACE('',(#4959),#4970,.T.);
#4959 = FACE_BOUND('',#4960,.F.);
#4960 = EDGE_LOOP('',(#4961,#4962,#4968,#4969));
#4961 = ORIENTED_EDGE('',*,*,#762,.T.);
#4962 = ORIENTED_EDGE('',*,*,#4963,.T.);
#4963 = EDGE_CURVE('',#763,#1469,#4964,.T.);
#4964 = LINE('',#4965,#4966);
#4965 = CARTESIAN_POINT('',(180.5,68.15,22.));
#4966 = VECTOR('',#4967,1.);
#4967 = DIRECTION('',(-0.,-1.,1.110223024625E-16));
#4968 = ORIENTED_EDGE('',*,*,#1468,.F.);
#4969 = ORIENTED_EDGE('',*,*,#4929,.F.);
#4970 = PLANE('',#4971);
#4971 = AXIS2_PLACEMENT_3D('',#4972,#4973,#4974);
#4972 = CARTESIAN_POINT('',(180.5,68.15,22.));
#4973 = DIRECTION('',(-1.,-0.,0.));
#4974 = DIRECTION('',(0.,-2.22044604925E-16,1.));
#4975 = ADVANCED_FACE('',(#4976),#4982,.T.);
#4976 = FACE_BOUND('',#4977,.F.);
#4977 = EDGE_LOOP('',(#4978,#4979,#4980,#4981));
#4978 = ORIENTED_EDGE('',*,*,#770,.T.);
#4979 = ORIENTED_EDGE('',*,*,#4948,.T.);
#4980 = ORIENTED_EDGE('',*,*,#1476,.F.);
#4981 = ORIENTED_EDGE('',*,*,#4963,.F.);
#4982 = PLANE('',#4983);
#4983 = AXIS2_PLACEMENT_3D('',#4984,#4985,#4986);
#4984 = CARTESIAN_POINT('',(174.5,68.15,28.));
#4985 = DIRECTION('',(-0.707106781187,-1.110223024625E-16,
    -0.707106781187));
#4986 = DIRECTION('',(-0.707106781187,-1.665334536938E-16,0.707106781187
    ));
#4987 = ADVANCED_FACE('',(#4988),#5006,.F.);
#4988 = FACE_BOUND('',#4989,.T.);
#4989 = EDGE_LOOP('',(#4990,#4991,#4999,#5005));
#4990 = ORIENTED_EDGE('',*,*,#3661,.F.);
#4991 = ORIENTED_EDGE('',*,*,#4992,.T.);
#4992 = EDGE_CURVE('',#3662,#4993,#4995,.T.);
#4993 = VERTEX_POINT('',#4994);
#4994 = CARTESIAN_POINT('',(67.5,88.15,10.));
#4995 = LINE('',#4996,#4997);
#4996 = CARTESIAN_POINT('',(67.5,88.15,7.));
#4997 = VECTOR('',#4998,1.);
#4998 = DIRECTION('',(0.,-1.110223024625E-16,1.));
#4999 = ORIENTED_EDGE('',*,*,#5000,.T.);
#5000 = EDGE_CURVE('',#4993,#906,#5001,.T.);
#5001 = LINE('',#5002,#5003);
#5002 = CARTESIAN_POINT('',(69.55,88.15,10.));
#5003 = VECTOR('',#5004,1.);
#5004 = DIRECTION('',(1.,0.,0.));
#5005 = ORIENTED_EDGE('',*,*,#913,.F.);
#5006 = PLANE('',#5007);
#5007 = AXIS2_PLACEMENT_3D('',#5008,#5009,#5010);
#5008 = CARTESIAN_POINT('',(67.5,88.15,7.));
#5009 = DIRECTION('',(-0.,-1.,-1.110223024625E-16));
#5010 = DIRECTION('',(-1.,0.,0.));
#5011 = ADVANCED_FACE('',(#5012),#5037,.T.);
#5012 = FACE_BOUND('',#5013,.F.);
#5013 = EDGE_LOOP('',(#5014,#5015,#5021,#5022,#5030,#5036));
#5014 = ORIENTED_EDGE('',*,*,#905,.F.);
#5015 = ORIENTED_EDGE('',*,*,#5016,.T.);
#5016 = EDGE_CURVE('',#898,#1371,#5017,.T.);
#5017 = LINE('',#5018,#5019);
#5018 = CARTESIAN_POINT('',(71.6,74.15,10.));
#5019 = VECTOR('',#5020,1.);
#5020 = DIRECTION('',(-1.,-0.,0.));
#5021 = ORIENTED_EDGE('',*,*,#1370,.F.);
#5022 = ORIENTED_EDGE('',*,*,#5023,.F.);
#5023 = EDGE_CURVE('',#5024,#1363,#5026,.T.);
#5024 = VERTEX_POINT('',#5025);
#5025 = CARTESIAN_POINT('',(67.5,90.15,10.));
#5026 = LINE('',#5027,#5028);
#5027 = CARTESIAN_POINT('',(71.6,90.15,10.));
#5028 = VECTOR('',#5029,1.);
#5029 = DIRECTION('',(-1.,-0.,0.));
#5030 = ORIENTED_EDGE('',*,*,#5031,.T.);
#5031 = EDGE_CURVE('',#5024,#4993,#5032,.T.);
#5032 = LINE('',#5033,#5034);
#5033 = CARTESIAN_POINT('',(67.5,134.15,10.));
#5034 = VECTOR('',#5035,1.);
#5035 = DIRECTION('',(-0.,-1.,-2.22044604925E-16));
#5036 = ORIENTED_EDGE('',*,*,#5000,.T.);
#5037 = PLANE('',#5038);
#5038 = AXIS2_PLACEMENT_3D('',#5039,#5040,#5041);
#5039 = CARTESIAN_POINT('',(71.6,74.15,10.));
#5040 = DIRECTION('',(0.,-2.22044604925E-16,1.));
#5041 = DIRECTION('',(-4.440892098501E-16,-1.,-2.22044604925E-16));
#5042 = ADVANCED_FACE('',(#5043),#5054,.T.);
#5043 = FACE_BOUND('',#5044,.F.);
#5044 = EDGE_LOOP('',(#5045,#5046,#5052,#5053));
#5045 = ORIENTED_EDGE('',*,*,#897,.F.);
#5046 = ORIENTED_EDGE('',*,*,#5047,.T.);
#5047 = EDGE_CURVE('',#890,#1379,#5048,.T.);
#5048 = LINE('',#5049,#5050);
#5049 = CARTESIAN_POINT('',(71.6,74.15,22.));
#5050 = VECTOR('',#5051,1.);
#5051 = DIRECTION('',(-1.,-0.,0.));
#5052 = ORIENTED_EDGE('',*,*,#1378,.F.);
#5053 = ORIENTED_EDGE('',*,*,#5016,.F.);
#5054 = PLANE('',#5055);
#5055 = AXIS2_PLACEMENT_3D('',#5056,#5057,#5058);
#5056 = CARTESIAN_POINT('',(71.6,74.15,22.));
#5057 = DIRECTION('',(0.,1.,2.22044604925E-16));
#5058 = DIRECTION('',(-2.22044604925E-16,-2.22044604925E-16,1.));
#5059 = ADVANCED_FACE('',(#5060),#5071,.T.);
#5060 = FACE_BOUND('',#5061,.F.);
#5061 = EDGE_LOOP('',(#5062,#5063,#5069,#5070));
#5062 = ORIENTED_EDGE('',*,*,#889,.F.);
#5063 = ORIENTED_EDGE('',*,*,#5064,.T.);
#5064 = EDGE_CURVE('',#882,#1387,#5065,.T.);
#5065 = LINE('',#5066,#5067);
#5066 = CARTESIAN_POINT('',(71.6,80.15,28.));
#5067 = VECTOR('',#5068,1.);
#5068 = DIRECTION('',(-1.,-0.,0.));
#5069 = ORIENTED_EDGE('',*,*,#1386,.F.);
#5070 = ORIENTED_EDGE('',*,*,#5047,.F.);
#5071 = PLANE('',#5072);
#5072 = AXIS2_PLACEMENT_3D('',#5073,#5074,#5075);
#5073 = CARTESIAN_POINT('',(71.6,80.15,28.));
#5074 = DIRECTION('',(0.,0.707106781187,-0.707106781187));
#5075 = DIRECTION('',(1.570092458684E-16,0.707106781187,0.707106781187)
  );
#5076 = ADVANCED_FACE('',(#5077),#5088,.T.);
#5077 = FACE_BOUND('',#5078,.F.);
#5078 = EDGE_LOOP('',(#5079,#5080,#5086,#5087));
#5079 = ORIENTED_EDGE('',*,*,#881,.F.);
#5080 = ORIENTED_EDGE('',*,*,#5081,.T.);
#5081 = EDGE_CURVE('',#874,#1395,#5082,.T.);
#5082 = LINE('',#5083,#5084);
#5083 = CARTESIAN_POINT('',(71.6,84.15,28.));
#5084 = VECTOR('',#5085,1.);
#5085 = DIRECTION('',(-1.,-0.,0.));
#5086 = ORIENTED_EDGE('',*,*,#1394,.F.);
#5087 = ORIENTED_EDGE('',*,*,#5064,.F.);
#5088 = PLANE('',#5089);
#5089 = AXIS2_PLACEMENT_3D('',#5090,#5091,#5092);
#5090 = CARTESIAN_POINT('',(71.6,84.15,28.));
#5091 = DIRECTION('',(0.,2.22044604925E-16,-1.));
#5092 = DIRECTION('',(4.440892098501E-16,1.,2.22044604925E-16));
#5093 = ADVANCED_FACE('',(#5094),#5121,.T.);
#5094 = FACE_BOUND('',#5095,.F.);
#5095 = EDGE_LOOP('',(#5096,#5106,#5112,#5113,#5114,#5115));
#5096 = ORIENTED_EDGE('',*,*,#5097,.T.);
#5097 = EDGE_CURVE('',#5098,#5100,#5102,.T.);
#5098 = VERTEX_POINT('',#5099);
#5099 = CARTESIAN_POINT('',(67.5,88.15,24.));
#5100 = VERTEX_POINT('',#5101);
#5101 = CARTESIAN_POINT('',(67.5,90.15,22.));
#5102 = LINE('',#5103,#5104);
#5103 = CARTESIAN_POINT('',(67.5,121.65,-9.5));
#5104 = VECTOR('',#5105,1.);
#5105 = DIRECTION('',(0.,0.707106781187,-0.707106781187));
#5106 = ORIENTED_EDGE('',*,*,#5107,.T.);
#5107 = EDGE_CURVE('',#5100,#1361,#5108,.T.);
#5108 = LINE('',#5109,#5110);
#5109 = CARTESIAN_POINT('',(71.6,90.15,22.));
#5110 = VECTOR('',#5111,1.);
#5111 = DIRECTION('',(-1.,-0.,0.));
#5112 = ORIENTED_EDGE('',*,*,#1402,.F.);
#5113 = ORIENTED_EDGE('',*,*,#5081,.F.);
#5114 = ORIENTED_EDGE('',*,*,#873,.F.);
#5115 = ORIENTED_EDGE('',*,*,#5116,.T.);
#5116 = EDGE_CURVE('',#866,#5098,#5117,.T.);
#5117 = LINE('',#5118,#5119);
#5118 = CARTESIAN_POINT('',(69.55,88.15,24.));
#5119 = VECTOR('',#5120,1.);
#5120 = DIRECTION('',(-1.,-0.,0.));
#5121 = PLANE('',#5122);
#5122 = AXIS2_PLACEMENT_3D('',#5123,#5124,#5125);
#5123 = CARTESIAN_POINT('',(71.6,90.15,22.));
#5124 = DIRECTION('',(0.,-0.707106781187,-0.707106781187));
#5125 = DIRECTION('',(4.710277376051E-16,0.707106781187,-0.707106781187)
  );
#5126 = ADVANCED_FACE('',(#5127),#5145,.F.);
#5127 = FACE_BOUND('',#5128,.T.);
#5128 = EDGE_LOOP('',(#5129,#5130,#5138,#5144));
#5129 = ORIENTED_EDGE('',*,*,#5116,.T.);
#5130 = ORIENTED_EDGE('',*,*,#5131,.T.);
#5131 = EDGE_CURVE('',#5098,#5132,#5134,.T.);
#5132 = VERTEX_POINT('',#5133);
#5133 = CARTESIAN_POINT('',(67.5,88.15,27.));
#5134 = LINE('',#5135,#5136);
#5135 = CARTESIAN_POINT('',(67.5,88.15,7.));
#5136 = VECTOR('',#5137,1.);
#5137 = DIRECTION('',(0.,-1.110223024625E-16,1.));
#5138 = ORIENTED_EDGE('',*,*,#5139,.T.);
#5139 = EDGE_CURVE('',#5132,#858,#5140,.T.);
#5140 = LINE('',#5141,#5142);
#5141 = CARTESIAN_POINT('',(62.5,88.15,22.));
#5142 = VECTOR('',#5143,1.);
#5143 = DIRECTION('',(0.707106781187,0.,0.707106781187));
#5144 = ORIENTED_EDGE('',*,*,#865,.F.);
#5145 = PLANE('',#5146);
#5146 = AXIS2_PLACEMENT_3D('',#5147,#5148,#5149);
#5147 = CARTESIAN_POINT('',(67.5,88.15,7.));
#5148 = DIRECTION('',(-0.,-1.,-1.110223024625E-16));
#5149 = DIRECTION('',(-1.,0.,0.));
#5150 = ADVANCED_FACE('',(#5151),#5297,.F.);
#5151 = FACE_BOUND('',#5152,.F.);
#5152 = EDGE_LOOP('',(#5153,#5154,#5162,#5170,#5178,#5186,#5194,#5202,
    #5210,#5218,#5226,#5234,#5242,#5250,#5258,#5266,#5274,#5282,#5290,
    #5296));
#5153 = ORIENTED_EDGE('',*,*,#857,.F.);
#5154 = ORIENTED_EDGE('',*,*,#5155,.T.);
#5155 = EDGE_CURVE('',#850,#5156,#5158,.T.);
#5156 = VERTEX_POINT('',#5157);
#5157 = CARTESIAN_POINT('',(67.5,168.15,27.));
#5158 = LINE('',#5159,#5160);
#5159 = CARTESIAN_POINT('',(63.5,168.15,23.));
#5160 = VECTOR('',#5161,1.);
#5161 = DIRECTION('',(-0.707106781187,0.,-0.707106781187));
#5162 = ORIENTED_EDGE('',*,*,#5163,.T.);
#5163 = EDGE_CURVE('',#5156,#5164,#5166,.T.);
#5164 = VERTEX_POINT('',#5165);
#5165 = CARTESIAN_POINT('',(67.5,165.15,27.));
#5166 = LINE('',#5167,#5168);
#5167 = CARTESIAN_POINT('',(67.5,194.15,27.));
#5168 = VECTOR('',#5169,1.);
#5169 = DIRECTION('',(-0.,-1.,1.110223024625E-16));
#5170 = ORIENTED_EDGE('',*,*,#5171,.T.);
#5171 = EDGE_CURVE('',#5164,#5172,#5174,.T.);
#5172 = VERTEX_POINT('',#5173);
#5173 = CARTESIAN_POINT('',(68.5,164.15,28.));
#5174 = LINE('',#5175,#5176);
#5175 = CARTESIAN_POINT('',(61.683333333333,170.96666666666,
    21.183333333333));
#5176 = VECTOR('',#5177,1.);
#5177 = DIRECTION('',(0.57735026919,-0.57735026919,0.57735026919));
#5178 = ORIENTED_EDGE('',*,*,#5179,.T.);
#5179 = EDGE_CURVE('',#5172,#5180,#5182,.T.);
#5180 = VERTEX_POINT('',#5181);
#5181 = CARTESIAN_POINT('',(68.5,160.15,28.));
#5182 = LINE('',#5183,#5184);
#5183 = CARTESIAN_POINT('',(68.5,179.15,28.));
#5184 = VECTOR('',#5185,1.);
#5185 = DIRECTION('',(-4.440892098501E-16,-1.,-2.22044604925E-16));
#5186 = ORIENTED_EDGE('',*,*,#5187,.T.);
#5187 = EDGE_CURVE('',#5180,#5188,#5190,.T.);
#5188 = VERTEX_POINT('',#5189);
#5189 = CARTESIAN_POINT('',(67.5,159.15,27.));
#5190 = LINE('',#5191,#5192);
#5191 = CARTESIAN_POINT('',(74.35,166.,33.85));
#5192 = VECTOR('',#5193,1.);
#5193 = DIRECTION('',(-0.57735026919,-0.57735026919,-0.57735026919));
#5194 = ORIENTED_EDGE('',*,*,#5195,.T.);
#5195 = EDGE_CURVE('',#5188,#5196,#5198,.T.);
#5196 = VERTEX_POINT('',#5197);
#5197 = CARTESIAN_POINT('',(67.5,145.15,27.));
#5198 = LINE('',#5199,#5200);
#5199 = CARTESIAN_POINT('',(67.5,194.15,27.));
#5200 = VECTOR('',#5201,1.);
#5201 = DIRECTION('',(-0.,-1.,1.110223024625E-16));
#5202 = ORIENTED_EDGE('',*,*,#5203,.T.);
#5203 = EDGE_CURVE('',#5196,#5204,#5206,.T.);
#5204 = VERTEX_POINT('',#5205);
#5205 = CARTESIAN_POINT('',(68.5,144.15,28.));
#5206 = LINE('',#5207,#5208);
#5207 = CARTESIAN_POINT('',(58.35,154.3,17.85));
#5208 = VECTOR('',#5209,1.);
#5209 = DIRECTION('',(0.57735026919,-0.57735026919,0.57735026919));
#5210 = ORIENTED_EDGE('',*,*,#5211,.T.);
#5211 = EDGE_CURVE('',#5204,#5212,#5214,.T.);
#5212 = VERTEX_POINT('',#5213);
#5213 = CARTESIAN_POINT('',(68.5,140.15,28.));
#5214 = LINE('',#5215,#5216);
#5215 = CARTESIAN_POINT('',(68.5,169.15,28.));
#5216 = VECTOR('',#5217,1.);
#5217 = DIRECTION('',(-4.440892098501E-16,-1.,-2.22044604925E-16));
#5218 = ORIENTED_EDGE('',*,*,#5219,.T.);
#5219 = EDGE_CURVE('',#5212,#5220,#5222,.T.);
#5220 = VERTEX_POINT('',#5221);
#5221 = CARTESIAN_POINT('',(67.5,139.15,27.));
#5222 = LINE('',#5223,#5224);
#5223 = CARTESIAN_POINT('',(77.683333333333,149.33333333333,
    37.183333333333));
#5224 = VECTOR('',#5225,1.);
#5225 = DIRECTION('',(-0.57735026919,-0.57735026919,-0.57735026919));
#5226 = ORIENTED_EDGE('',*,*,#5227,.T.);
#5227 = EDGE_CURVE('',#5220,#5228,#5230,.T.);
#5228 = VERTEX_POINT('',#5229);
#5229 = CARTESIAN_POINT('',(67.5,125.15,27.));
#5230 = LINE('',#5231,#5232);
#5231 = CARTESIAN_POINT('',(67.5,194.15,27.));
#5232 = VECTOR('',#5233,1.);
#5233 = DIRECTION('',(-0.,-1.,1.110223024625E-16));
#5234 = ORIENTED_EDGE('',*,*,#5235,.T.);
#5235 = EDGE_CURVE('',#5228,#5236,#5238,.T.);
#5236 = VERTEX_POINT('',#5237);
#5237 = CARTESIAN_POINT('',(68.5,124.15,28.));
#5238 = LINE('',#5239,#5240);
#5239 = CARTESIAN_POINT('',(55.016666666667,137.63333333333,
    14.516666666667));
#5240 = VECTOR('',#5241,1.);
#5241 = DIRECTION('',(0.57735026919,-0.57735026919,0.57735026919));
#5242 = ORIENTED_EDGE('',*,*,#5243,.T.);
#5243 = EDGE_CURVE('',#5236,#5244,#5246,.T.);
#5244 = VERTEX_POINT('',#5245);
#5245 = CARTESIAN_POINT('',(68.5,120.15,28.));
#5246 = LINE('',#5247,#5248);
#5247 = CARTESIAN_POINT('',(68.5,159.15,28.));
#5248 = VECTOR('',#5249,1.);
#5249 = DIRECTION('',(-4.440892098501E-16,-1.,-2.22044604925E-16));
#5250 = ORIENTED_EDGE('',*,*,#5251,.T.);
#5251 = EDGE_CURVE('',#5244,#5252,#5254,.T.);
#5252 = VERTEX_POINT('',#5253);
#5253 = CARTESIAN_POINT('',(67.5,119.15,27.));
#5254 = LINE('',#5255,#5256);
#5255 = CARTESIAN_POINT('',(81.016666666667,132.66666666666,
    40.516666666667));
#5256 = VECTOR('',#5257,1.);
#5257 = DIRECTION('',(-0.57735026919,-0.57735026919,-0.57735026919));
#5258 = ORIENTED_EDGE('',*,*,#5259,.T.);
#5259 = EDGE_CURVE('',#5252,#5260,#5262,.T.);
#5260 = VERTEX_POINT('',#5261);
#5261 = CARTESIAN_POINT('',(67.5,105.15,27.));
#5262 = LINE('',#5263,#5264);
#5263 = CARTESIAN_POINT('',(67.5,194.15,27.));
#5264 = VECTOR('',#5265,1.);
#5265 = DIRECTION('',(-0.,-1.,1.110223024625E-16));
#5266 = ORIENTED_EDGE('',*,*,#5267,.T.);
#5267 = EDGE_CURVE('',#5260,#5268,#5270,.T.);
#5268 = VERTEX_POINT('',#5269);
#5269 = CARTESIAN_POINT('',(68.5,104.15,28.));
#5270 = LINE('',#5271,#5272);
#5271 = CARTESIAN_POINT('',(51.683333333333,120.96666666666,
    11.183333333333));
#5272 = VECTOR('',#5273,1.);
#5273 = DIRECTION('',(0.57735026919,-0.57735026919,0.57735026919));
#5274 = ORIENTED_EDGE('',*,*,#5275,.T.);
#5275 = EDGE_CURVE('',#5268,#5276,#5278,.T.);
#5276 = VERTEX_POINT('',#5277);
#5277 = CARTESIAN_POINT('',(68.5,100.15,28.));
#5278 = LINE('',#5279,#5280);
#5279 = CARTESIAN_POINT('',(68.5,149.15,28.));
#5280 = VECTOR('',#5281,1.);
#5281 = DIRECTION('',(-4.440892098501E-16,-1.,-2.22044604925E-16));
#5282 = ORIENTED_EDGE('',*,*,#5283,.T.);
#5283 = EDGE_CURVE('',#5276,#5284,#5286,.T.);
#5284 = VERTEX_POINT('',#5285);
#5285 = CARTESIAN_POINT('',(67.5,99.15,27.));
#5286 = LINE('',#5287,#5288);
#5287 = CARTESIAN_POINT('',(84.35,116.,43.85));
#5288 = VECTOR('',#5289,1.);
#5289 = DIRECTION('',(-0.57735026919,-0.57735026919,-0.57735026919));
#5290 = ORIENTED_EDGE('',*,*,#5291,.T.);
#5291 = EDGE_CURVE('',#5284,#5132,#5292,.T.);
#5292 = LINE('',#5293,#5294);
#5293 = CARTESIAN_POINT('',(67.5,194.15,27.));
#5294 = VECTOR('',#5295,1.);
#5295 = DIRECTION('',(-0.,-1.,1.110223024625E-16));
#5296 = ORIENTED_EDGE('',*,*,#5139,.T.);
#5297 = PLANE('',#5298);
#5298 = AXIS2_PLACEMENT_3D('',#5299,#5300,#5301);
#5299 = CARTESIAN_POINT('',(67.5,194.15,27.));
#5300 = DIRECTION('',(-0.707106781187,1.110223024625E-16,0.707106781187)
  );
#5301 = DIRECTION('',(0.707106781187,-1.665334536938E-16,0.707106781187)
  );
#5302 = ADVANCED_FACE('',(#5303),#5321,.F.);
#5303 = FACE_BOUND('',#5304,.T.);
#5304 = EDGE_LOOP('',(#5305,#5313,#5314,#5315));
#5305 = ORIENTED_EDGE('',*,*,#5306,.T.);
#5306 = EDGE_CURVE('',#5307,#842,#5309,.T.);
#5307 = VERTEX_POINT('',#5308);
#5308 = CARTESIAN_POINT('',(67.5,168.15,24.));
#5309 = LINE('',#5310,#5311);
#5310 = CARTESIAN_POINT('',(71.55,168.15,24.));
#5311 = VECTOR('',#5312,1.);
#5312 = DIRECTION('',(1.,0.,0.));
#5313 = ORIENTED_EDGE('',*,*,#849,.T.);
#5314 = ORIENTED_EDGE('',*,*,#5155,.T.);
#5315 = ORIENTED_EDGE('',*,*,#5316,.F.);
#5316 = EDGE_CURVE('',#5307,#5156,#5317,.T.);
#5317 = LINE('',#5318,#5319);
#5318 = CARTESIAN_POINT('',(67.5,168.15,7.));
#5319 = VECTOR('',#5320,1.);
#5320 = DIRECTION('',(0.,-1.110223024625E-16,1.));
#5321 = PLANE('',#5322);
#5322 = AXIS2_PLACEMENT_3D('',#5323,#5324,#5325);
#5323 = CARTESIAN_POINT('',(71.5,168.15,7.));
#5324 = DIRECTION('',(0.,1.,1.110223024625E-16));
#5325 = DIRECTION('',(1.,0.,0.));
#5326 = ADVANCED_FACE('',(#5327),#5351,.T.);
#5327 = FACE_BOUND('',#5328,.F.);
#5328 = EDGE_LOOP('',(#5329,#5330,#5336,#5337,#5343,#5344,#5350));
#5329 = ORIENTED_EDGE('',*,*,#841,.F.);
#5330 = ORIENTED_EDGE('',*,*,#5331,.T.);
#5331 = EDGE_CURVE('',#834,#1261,#5332,.T.);
#5332 = LINE('',#5333,#5334);
#5333 = CARTESIAN_POINT('',(71.6,170.15,22.));
#5334 = VECTOR('',#5335,1.);
#5335 = DIRECTION('',(-1.,-0.,0.));
#5336 = ORIENTED_EDGE('',*,*,#1302,.F.);
#5337 = ORIENTED_EDGE('',*,*,#5338,.F.);
#5338 = EDGE_CURVE('',#5172,#1295,#5339,.T.);
#5339 = LINE('',#5340,#5341);
#5340 = CARTESIAN_POINT('',(71.6,164.15,28.));
#5341 = VECTOR('',#5342,1.);
#5342 = DIRECTION('',(-1.,-0.,0.));
#5343 = ORIENTED_EDGE('',*,*,#5171,.F.);
#5344 = ORIENTED_EDGE('',*,*,#5345,.T.);
#5345 = EDGE_CURVE('',#5164,#5307,#5346,.T.);
#5346 = LINE('',#5347,#5348);
#5347 = CARTESIAN_POINT('',(67.5,181.65,10.5));
#5348 = VECTOR('',#5349,1.);
#5349 = DIRECTION('',(0.,0.707106781187,-0.707106781187));
#5350 = ORIENTED_EDGE('',*,*,#5306,.T.);
#5351 = PLANE('',#5352);
#5352 = AXIS2_PLACEMENT_3D('',#5353,#5354,#5355);
#5353 = CARTESIAN_POINT('',(71.6,170.15,22.));
#5354 = DIRECTION('',(0.,-0.707106781187,-0.707106781187));
#5355 = DIRECTION('',(4.710277376051E-16,0.707106781187,-0.707106781187)
  );
#5356 = ADVANCED_FACE('',(#5357),#5368,.T.);
#5357 = FACE_BOUND('',#5358,.F.);
#5358 = EDGE_LOOP('',(#5359,#5360,#5366,#5367));
#5359 = ORIENTED_EDGE('',*,*,#833,.F.);
#5360 = ORIENTED_EDGE('',*,*,#5361,.T.);
#5361 = EDGE_CURVE('',#826,#1263,#5362,.T.);
#5362 = LINE('',#5363,#5364);
#5363 = CARTESIAN_POINT('',(71.6,170.15,10.));
#5364 = VECTOR('',#5365,1.);
#5365 = DIRECTION('',(-1.,-0.,0.));
#5366 = ORIENTED_EDGE('',*,*,#1260,.F.);
#5367 = ORIENTED_EDGE('',*,*,#5331,.F.);
#5368 = PLANE('',#5369);
#5369 = AXIS2_PLACEMENT_3D('',#5370,#5371,#5372);
#5370 = CARTESIAN_POINT('',(71.6,170.15,10.));
#5371 = DIRECTION('',(-0.,-1.,-2.22044604925E-16));
#5372 = DIRECTION('',(2.22044604925E-16,2.22044604925E-16,-1.));
#5373 = ADVANCED_FACE('',(#5374),#5401,.T.);
#5374 = FACE_BOUND('',#5375,.F.);
#5375 = EDGE_LOOP('',(#5376,#5386,#5392,#5393,#5394,#5395));
#5376 = ORIENTED_EDGE('',*,*,#5377,.T.);
#5377 = EDGE_CURVE('',#5378,#5380,#5382,.T.);
#5378 = VERTEX_POINT('',#5379);
#5379 = CARTESIAN_POINT('',(67.5,168.15,10.));
#5380 = VERTEX_POINT('',#5381);
#5381 = CARTESIAN_POINT('',(67.5,154.15,10.));
#5382 = LINE('',#5383,#5384);
#5383 = CARTESIAN_POINT('',(67.5,174.15,10.));
#5384 = VECTOR('',#5385,1.);
#5385 = DIRECTION('',(-0.,-1.,-2.22044604925E-16));
#5386 = ORIENTED_EDGE('',*,*,#5387,.T.);
#5387 = EDGE_CURVE('',#5380,#1271,#5388,.T.);
#5388 = LINE('',#5389,#5390);
#5389 = CARTESIAN_POINT('',(71.6,154.15,10.));
#5390 = VECTOR('',#5391,1.);
#5391 = DIRECTION('',(-1.,-0.,0.));
#5392 = ORIENTED_EDGE('',*,*,#1270,.F.);
#5393 = ORIENTED_EDGE('',*,*,#5361,.F.);
#5394 = ORIENTED_EDGE('',*,*,#825,.F.);
#5395 = ORIENTED_EDGE('',*,*,#5396,.T.);
#5396 = EDGE_CURVE('',#818,#5378,#5397,.T.);
#5397 = LINE('',#5398,#5399);
#5398 = CARTESIAN_POINT('',(71.55,168.15,10.));
#5399 = VECTOR('',#5400,1.);
#5400 = DIRECTION('',(-1.,-0.,0.));
#5401 = PLANE('',#5402);
#5402 = AXIS2_PLACEMENT_3D('',#5403,#5404,#5405);
#5403 = CARTESIAN_POINT('',(71.6,154.15,10.));
#5404 = DIRECTION('',(0.,-2.22044604925E-16,1.));
#5405 = DIRECTION('',(-4.440892098501E-16,-1.,-2.22044604925E-16));
#5406 = ADVANCED_FACE('',(#5407),#5418,.F.);
#5407 = FACE_BOUND('',#5408,.T.);
#5408 = EDGE_LOOP('',(#5409,#5410,#5411,#5412));
#5409 = ORIENTED_EDGE('',*,*,#3677,.F.);
#5410 = ORIENTED_EDGE('',*,*,#817,.T.);
#5411 = ORIENTED_EDGE('',*,*,#5396,.T.);
#5412 = ORIENTED_EDGE('',*,*,#5413,.F.);
#5413 = EDGE_CURVE('',#3670,#5378,#5414,.T.);
#5414 = LINE('',#5415,#5416);
#5415 = CARTESIAN_POINT('',(67.5,168.15,7.));
#5416 = VECTOR('',#5417,1.);
#5417 = DIRECTION('',(0.,-1.110223024625E-16,1.));
#5418 = PLANE('',#5419);
#5419 = AXIS2_PLACEMENT_3D('',#5420,#5421,#5422);
#5420 = CARTESIAN_POINT('',(71.5,168.15,7.));
#5421 = DIRECTION('',(0.,1.,1.110223024625E-16));
#5422 = DIRECTION('',(1.,0.,0.));
#5423 = ADVANCED_FACE('',(#5424),#5456,.T.);
#5424 = FACE_BOUND('',#5425,.F.);
#5425 = EDGE_LOOP('',(#5426,#5427,#5433,#5434,#5442,#5450));
#5426 = ORIENTED_EDGE('',*,*,#930,.F.);
#5427 = ORIENTED_EDGE('',*,*,#5428,.T.);
#5428 = EDGE_CURVE('',#931,#1195,#5429,.T.);
#5429 = LINE('',#5430,#5431);
#5430 = CARTESIAN_POINT('',(71.6,174.15,22.));
#5431 = VECTOR('',#5432,1.);
#5432 = DIRECTION('',(-1.,-0.,0.));
#5433 = ORIENTED_EDGE('',*,*,#1194,.F.);
#5434 = ORIENTED_EDGE('',*,*,#5435,.T.);
#5435 = EDGE_CURVE('',#1187,#5436,#5438,.T.);
#5436 = VERTEX_POINT('',#5437);
#5437 = CARTESIAN_POINT('',(65.5,174.15,17.));
#5438 = LINE('',#5439,#5440);
#5439 = CARTESIAN_POINT('',(63.05,174.15,17.));
#5440 = VECTOR('',#5441,1.);
#5441 = DIRECTION('',(1.,0.,0.));
#5442 = ORIENTED_EDGE('',*,*,#5443,.T.);
#5443 = EDGE_CURVE('',#5436,#5444,#5446,.T.);
#5444 = VERTEX_POINT('',#5445);
#5445 = CARTESIAN_POINT('',(65.5,174.15,10.));
#5446 = LINE('',#5447,#5448);
#5447 = CARTESIAN_POINT('',(65.5,174.15,19.5));
#5448 = VECTOR('',#5449,1.);
#5449 = DIRECTION('',(0.,2.22044604925E-16,-1.));
#5450 = ORIENTED_EDGE('',*,*,#5451,.F.);
#5451 = EDGE_CURVE('',#933,#5444,#5452,.T.);
#5452 = LINE('',#5453,#5454);
#5453 = CARTESIAN_POINT('',(71.6,174.15,10.));
#5454 = VECTOR('',#5455,1.);
#5455 = DIRECTION('',(-1.,-0.,0.));
#5456 = PLANE('',#5457);
#5457 = AXIS2_PLACEMENT_3D('',#5458,#5459,#5460);
#5458 = CARTESIAN_POINT('',(71.6,174.15,22.));
#5459 = DIRECTION('',(0.,1.,2.22044604925E-16));
#5460 = DIRECTION('',(-2.22044604925E-16,-2.22044604925E-16,1.));
#5461 = ADVANCED_FACE('',(#5462),#5473,.T.);
#5462 = FACE_BOUND('',#5463,.F.);
#5463 = EDGE_LOOP('',(#5464,#5465,#5471,#5472));
#5464 = ORIENTED_EDGE('',*,*,#972,.F.);
#5465 = ORIENTED_EDGE('',*,*,#5466,.T.);
#5466 = EDGE_CURVE('',#965,#1203,#5467,.T.);
#5467 = LINE('',#5468,#5469);
#5468 = CARTESIAN_POINT('',(71.6,180.15,28.));
#5469 = VECTOR('',#5470,1.);
#5470 = DIRECTION('',(-1.,-0.,0.));
#5471 = ORIENTED_EDGE('',*,*,#1202,.F.);
#5472 = ORIENTED_EDGE('',*,*,#5428,.F.);
#5473 = PLANE('',#5474);
#5474 = AXIS2_PLACEMENT_3D('',#5475,#5476,#5477);
#5475 = CARTESIAN_POINT('',(71.6,180.15,28.));
#5476 = DIRECTION('',(0.,0.707106781187,-0.707106781187));
#5477 = DIRECTION('',(1.570092458684E-16,0.707106781187,0.707106781187)
  );
#5478 = ADVANCED_FACE('',(#5479),#5504,.T.);
#5479 = FACE_BOUND('',#5480,.F.);
#5480 = EDGE_LOOP('',(#5481,#5482,#5483,#5491,#5497,#5498));
#5481 = ORIENTED_EDGE('',*,*,#940,.F.);
#5482 = ORIENTED_EDGE('',*,*,#5451,.T.);
#5483 = ORIENTED_EDGE('',*,*,#5484,.T.);
#5484 = EDGE_CURVE('',#5444,#5485,#5487,.T.);
#5485 = VERTEX_POINT('',#5486);
#5486 = CARTESIAN_POINT('',(65.5,183.15,10.));
#5487 = LINE('',#5488,#5489);
#5488 = CARTESIAN_POINT('',(65.5,178.65,10.));
#5489 = VECTOR('',#5490,1.);
#5490 = DIRECTION('',(0.,1.,2.22044604925E-16));
#5491 = ORIENTED_EDGE('',*,*,#5492,.F.);
#5492 = EDGE_CURVE('',#1235,#5485,#5493,.T.);
#5493 = LINE('',#5494,#5495);
#5494 = CARTESIAN_POINT('',(66.180302246643,183.15,10.));
#5495 = VECTOR('',#5496,1.);
#5496 = DIRECTION('',(1.,0.,0.));
#5497 = ORIENTED_EDGE('',*,*,#1234,.F.);
#5498 = ORIENTED_EDGE('',*,*,#5499,.F.);
#5499 = EDGE_CURVE('',#941,#1227,#5500,.T.);
#5500 = LINE('',#5501,#5502);
#5501 = CARTESIAN_POINT('',(71.6,190.15,10.));
#5502 = VECTOR('',#5503,1.);
#5503 = DIRECTION('',(-1.,-0.,0.));
#5504 = PLANE('',#5505);
#5505 = AXIS2_PLACEMENT_3D('',#5506,#5507,#5508);
#5506 = CARTESIAN_POINT('',(71.6,174.15,10.));
#5507 = DIRECTION('',(0.,-2.22044604925E-16,1.));
#5508 = DIRECTION('',(-4.440892098501E-16,-1.,-2.22044604925E-16));
#5509 = ADVANCED_FACE('',(#5510),#5521,.T.);
#5510 = FACE_BOUND('',#5511,.F.);
#5511 = EDGE_LOOP('',(#5512,#5513,#5519,#5520));
#5512 = ORIENTED_EDGE('',*,*,#964,.F.);
#5513 = ORIENTED_EDGE('',*,*,#5514,.T.);
#5514 = EDGE_CURVE('',#957,#1211,#5515,.T.);
#5515 = LINE('',#5516,#5517);
#5516 = CARTESIAN_POINT('',(71.6,184.15,28.));
#5517 = VECTOR('',#5518,1.);
#5518 = DIRECTION('',(-1.,-0.,0.));
#5519 = ORIENTED_EDGE('',*,*,#1210,.F.);
#5520 = ORIENTED_EDGE('',*,*,#5466,.F.);
#5521 = PLANE('',#5522);
#5522 = AXIS2_PLACEMENT_3D('',#5523,#5524,#5525);
#5523 = CARTESIAN_POINT('',(71.6,184.15,28.));
#5524 = DIRECTION('',(0.,2.22044604925E-16,-1.));
#5525 = DIRECTION('',(4.440892098501E-16,1.,2.22044604925E-16));
#5526 = ADVANCED_FACE('',(#5527),#5538,.T.);
#5527 = FACE_BOUND('',#5528,.F.);
#5528 = EDGE_LOOP('',(#5529,#5530,#5531,#5532));
#5529 = ORIENTED_EDGE('',*,*,#948,.F.);
#5530 = ORIENTED_EDGE('',*,*,#5499,.T.);
#5531 = ORIENTED_EDGE('',*,*,#1226,.F.);
#5532 = ORIENTED_EDGE('',*,*,#5533,.F.);
#5533 = EDGE_CURVE('',#949,#1219,#5534,.T.);
#5534 = LINE('',#5535,#5536);
#5535 = CARTESIAN_POINT('',(71.6,190.15,22.));
#5536 = VECTOR('',#5537,1.);
#5537 = DIRECTION('',(-1.,-0.,0.));
#5538 = PLANE('',#5539);
#5539 = AXIS2_PLACEMENT_3D('',#5540,#5541,#5542);
#5540 = CARTESIAN_POINT('',(71.6,190.15,10.));
#5541 = DIRECTION('',(-0.,-1.,-2.22044604925E-16));
#5542 = DIRECTION('',(2.22044604925E-16,2.22044604925E-16,-1.));
#5543 = ADVANCED_FACE('',(#5544),#5550,.T.);
#5544 = FACE_BOUND('',#5545,.F.);
#5545 = EDGE_LOOP('',(#5546,#5547,#5548,#5549));
#5546 = ORIENTED_EDGE('',*,*,#956,.F.);
#5547 = ORIENTED_EDGE('',*,*,#5533,.T.);
#5548 = ORIENTED_EDGE('',*,*,#1218,.F.);
#5549 = ORIENTED_EDGE('',*,*,#5514,.F.);
#5550 = PLANE('',#5551);
#5551 = AXIS2_PLACEMENT_3D('',#5552,#5553,#5554);
#5552 = CARTESIAN_POINT('',(71.6,190.15,22.));
#5553 = DIRECTION('',(0.,-0.707106781187,-0.707106781187));
#5554 = DIRECTION('',(4.710277376051E-16,0.707106781187,-0.707106781187)
  );
#5555 = ADVANCED_FACE('',(#5556),#5602,.F.);
#5556 = FACE_BOUND('',#5557,.T.);
#5557 = EDGE_LOOP('',(#5558,#5559,#5560,#5561,#5567,#5568,#5574,#5575,
    #5581,#5582,#5588,#5589,#5595,#5596));
#5558 = ORIENTED_EDGE('',*,*,#2832,.F.);
#5559 = ORIENTED_EDGE('',*,*,#1011,.T.);
#5560 = ORIENTED_EDGE('',*,*,#3628,.T.);
#5561 = ORIENTED_EDGE('',*,*,#5562,.F.);
#5562 = EDGE_CURVE('',#3787,#3629,#5563,.T.);
#5563 = LINE('',#5564,#5565);
#5564 = CARTESIAN_POINT('',(81.5,162.15,3.));
#5565 = VECTOR('',#5566,1.);
#5566 = DIRECTION('',(0.,-1.110223024625E-16,1.));
#5567 = ORIENTED_EDGE('',*,*,#3794,.T.);
#5568 = ORIENTED_EDGE('',*,*,#5569,.T.);
#5569 = EDGE_CURVE('',#3795,#3291,#5570,.T.);
#5570 = LINE('',#5571,#5572);
#5571 = CARTESIAN_POINT('',(81.5,160.55,5.684341886081E-14));
#5572 = VECTOR('',#5573,1.);
#5573 = DIRECTION('',(0.,1.110223024625E-16,-1.));
#5574 = ORIENTED_EDGE('',*,*,#3298,.F.);
#5575 = ORIENTED_EDGE('',*,*,#5576,.T.);
#5576 = EDGE_CURVE('',#3275,#3819,#5577,.T.);
#5577 = LINE('',#5578,#5579);
#5578 = CARTESIAN_POINT('',(81.5,170.15,5.684341886081E-14));
#5579 = VECTOR('',#5580,1.);
#5580 = DIRECTION('',(0.,-1.110223024625E-16,1.));
#5581 = ORIENTED_EDGE('',*,*,#3826,.F.);
#5582 = ORIENTED_EDGE('',*,*,#5583,.T.);
#5583 = EDGE_CURVE('',#3827,#3325,#5584,.T.);
#5584 = LINE('',#5585,#5586);
#5585 = CARTESIAN_POINT('',(81.5,172.55,5.684341886081E-14));
#5586 = VECTOR('',#5587,1.);
#5587 = DIRECTION('',(0.,1.110223024625E-16,-1.));
#5588 = ORIENTED_EDGE('',*,*,#3332,.F.);
#5589 = ORIENTED_EDGE('',*,*,#5590,.T.);
#5590 = EDGE_CURVE('',#3309,#3851,#5591,.T.);
#5591 = LINE('',#5592,#5593);
#5592 = CARTESIAN_POINT('',(81.5,182.15,5.684341886081E-14));
#5593 = VECTOR('',#5594,1.);
#5594 = DIRECTION('',(0.,-1.110223024625E-16,1.));
#5595 = ORIENTED_EDGE('',*,*,#3858,.F.);
#5596 = ORIENTED_EDGE('',*,*,#5597,.T.);
#5597 = EDGE_CURVE('',#3859,#2825,#5598,.T.);
#5598 = LINE('',#5599,#5600);
#5599 = CARTESIAN_POINT('',(81.5,184.55,5.684341886081E-14));
#5600 = VECTOR('',#5601,1.);
#5601 = DIRECTION('',(0.,1.110223024625E-16,-1.));
#5602 = PLANE('',#5603);
#5603 = AXIS2_PLACEMENT_3D('',#5604,#5605,#5606);
#5604 = CARTESIAN_POINT('',(81.5,194.15,7.815970093361E-14));
#5605 = DIRECTION('',(-1.,-0.,0.));
#5606 = DIRECTION('',(0.,1.,1.110223024625E-16));
#5607 = ADVANCED_FACE('',(#5608),#5660,.T.);
#5608 = FACE_BOUND('',#5609,.F.);
#5609 = EDGE_LOOP('',(#5610,#5611,#5612,#5613,#5621,#5629,#5635,#5636,
    #5644,#5652,#5658,#5659));
#5610 = ORIENTED_EDGE('',*,*,#2839,.F.);
#5611 = ORIENTED_EDGE('',*,*,#995,.T.);
#5612 = ORIENTED_EDGE('',*,*,#1250,.T.);
#5613 = ORIENTED_EDGE('',*,*,#5614,.F.);
#5614 = EDGE_CURVE('',#5615,#1243,#5617,.T.);
#5615 = VERTEX_POINT('',#5616);
#5616 = CARTESIAN_POINT('',(65.5,183.15,1.));
#5617 = LINE('',#5618,#5619);
#5618 = CARTESIAN_POINT('',(60.681505269672,183.15,5.818494730328));
#5619 = VECTOR('',#5620,1.);
#5620 = DIRECTION('',(-0.707106781187,0.,0.707106781187));
#5621 = ORIENTED_EDGE('',*,*,#5622,.T.);
#5622 = EDGE_CURVE('',#5615,#5623,#5625,.T.);
#5623 = VERTEX_POINT('',#5624);
#5624 = CARTESIAN_POINT('',(65.5,171.15,1.));
#5625 = LINE('',#5626,#5627);
#5626 = CARTESIAN_POINT('',(65.5,189.15,1.));
#5627 = VECTOR('',#5628,1.);
#5628 = DIRECTION('',(-0.,-1.,2.22044604925E-16));
#5629 = ORIENTED_EDGE('',*,*,#5630,.T.);
#5630 = EDGE_CURVE('',#5623,#1171,#5631,.T.);
#5631 = LINE('',#5632,#5633);
#5632 = CARTESIAN_POINT('',(60.681505269672,171.15,5.818494730328));
#5633 = VECTOR('',#5634,1.);
#5634 = DIRECTION('',(-0.707106781187,0.,0.707106781187));
#5635 = ORIENTED_EDGE('',*,*,#1170,.T.);
#5636 = ORIENTED_EDGE('',*,*,#5637,.F.);
#5637 = EDGE_CURVE('',#5638,#1163,#5640,.T.);
#5638 = VERTEX_POINT('',#5639);
#5639 = CARTESIAN_POINT('',(65.5,115.15,1.));
#5640 = LINE('',#5641,#5642);
#5641 = CARTESIAN_POINT('',(60.681505269672,115.15,5.818494730328));
#5642 = VECTOR('',#5643,1.);
#5643 = DIRECTION('',(-0.707106781187,-2.775557561563E-16,0.707106781187
    ));
#5644 = ORIENTED_EDGE('',*,*,#5645,.T.);
#5645 = EDGE_CURVE('',#5638,#5646,#5648,.T.);
#5646 = VERTEX_POINT('',#5647);
#5647 = CARTESIAN_POINT('',(65.5,103.15,1.));
#5648 = LINE('',#5649,#5650);
#5649 = CARTESIAN_POINT('',(65.5,155.15,1.));
#5650 = VECTOR('',#5651,1.);
#5651 = DIRECTION('',(-0.,-1.,2.22044604925E-16));
#5652 = ORIENTED_EDGE('',*,*,#5653,.T.);
#5653 = EDGE_CURVE('',#5646,#1043,#5654,.T.);
#5654 = LINE('',#5655,#5656);
#5655 = CARTESIAN_POINT('',(60.681505269672,103.15,5.818494730328));
#5656 = VECTOR('',#5657,1.);
#5657 = DIRECTION('',(-0.707106781187,-2.775557561563E-16,0.707106781187
    ));
#5658 = ORIENTED_EDGE('',*,*,#1042,.T.);
#5659 = ORIENTED_EDGE('',*,*,#1440,.F.);
#5660 = PLANE('',#5661);
#5661 = AXIS2_PLACEMENT_3D('',#5662,#5663,#5664);
#5662 = CARTESIAN_POINT('',(62.5,195.15,4.));
#5663 = DIRECTION('',(-0.707106781187,-1.570092458684E-16,
    -0.707106781187));
#5664 = DIRECTION('',(-0.707106781187,2.125203970996E-16,0.707106781187)
  );
#5665 = ADVANCED_FACE('',(#5666),#5717,.T.);
#5666 = FACE_BOUND('',#5667,.F.);
#5667 = EDGE_LOOP('',(#5668,#5678,#5684,#5685,#5686,#5687,#5695,#5703,
    #5711));
#5668 = ORIENTED_EDGE('',*,*,#5669,.F.);
#5669 = EDGE_CURVE('',#5670,#5672,#5674,.T.);
#5670 = VERTEX_POINT('',#5671);
#5671 = CARTESIAN_POINT('',(65.5,183.15,0.));
#5672 = VERTEX_POINT('',#5673);
#5673 = CARTESIAN_POINT('',(62.5,183.15,0.));
#5674 = LINE('',#5675,#5676);
#5675 = CARTESIAN_POINT('',(65.5,183.15,4.973799150321E-14));
#5676 = VECTOR('',#5677,1.);
#5677 = DIRECTION('',(-1.,0.,-0.));
#5678 = ORIENTED_EDGE('',*,*,#5679,.F.);
#5679 = EDGE_CURVE('',#5615,#5670,#5680,.T.);
#5680 = LINE('',#5681,#5682);
#5681 = CARTESIAN_POINT('',(65.5,183.15,17.));
#5682 = VECTOR('',#5683,1.);
#5683 = DIRECTION('',(-0.,2.22044604925E-16,-1.));
#5684 = ORIENTED_EDGE('',*,*,#5614,.T.);
#5685 = ORIENTED_EDGE('',*,*,#1242,.T.);
#5686 = ORIENTED_EDGE('',*,*,#5492,.T.);
#5687 = ORIENTED_EDGE('',*,*,#5688,.F.);
#5688 = EDGE_CURVE('',#5689,#5485,#5691,.T.);
#5689 = VERTEX_POINT('',#5690);
#5690 = CARTESIAN_POINT('',(65.5,183.15,17.));
#5691 = LINE('',#5692,#5693);
#5692 = CARTESIAN_POINT('',(65.5,183.15,17.));
#5693 = VECTOR('',#5694,1.);
#5694 = DIRECTION('',(-0.,2.22044604925E-16,-1.));
#5695 = ORIENTED_EDGE('',*,*,#5696,.F.);
#5696 = EDGE_CURVE('',#5697,#5689,#5699,.T.);
#5697 = VERTEX_POINT('',#5698);
#5698 = CARTESIAN_POINT('',(54.5,183.15,17.));
#5699 = LINE('',#5700,#5701);
#5700 = CARTESIAN_POINT('',(54.5,183.15,17.));
#5701 = VECTOR('',#5702,1.);
#5702 = DIRECTION('',(1.,0.,0.));
#5703 = ORIENTED_EDGE('',*,*,#5704,.F.);
#5704 = EDGE_CURVE('',#5705,#5697,#5707,.T.);
#5705 = VERTEX_POINT('',#5706);
#5706 = CARTESIAN_POINT('',(54.5,183.15,8.));
#5707 = LINE('',#5708,#5709);
#5708 = CARTESIAN_POINT('',(54.5,183.15,8.));
#5709 = VECTOR('',#5710,1.);
#5710 = DIRECTION('',(0.,-2.22044604925E-16,1.));
#5711 = ORIENTED_EDGE('',*,*,#5712,.F.);
#5712 = EDGE_CURVE('',#5672,#5705,#5713,.T.);
#5713 = LINE('',#5714,#5715);
#5714 = CARTESIAN_POINT('',(62.5,183.15,4.973799150321E-14));
#5715 = VECTOR('',#5716,1.);
#5716 = DIRECTION('',(-0.707106781187,-2.775557561563E-16,0.707106781187
    ));
#5717 = PLANE('',#5718);
#5718 = AXIS2_PLACEMENT_3D('',#5719,#5720,#5721);
#5719 = CARTESIAN_POINT('',(60.760604493287,183.15,9.534583414598));
#5720 = DIRECTION('',(0.,1.,1.110223024625E-16));
#5721 = DIRECTION('',(0.,1.110223024625E-16,-1.));
#5722 = ADVANCED_FACE('',(#5723,#5748),#5818,.F.);
#5723 = FACE_BOUND('',#5724,.T.);
#5724 = EDGE_LOOP('',(#5725,#5726,#5734,#5740,#5741,#5742));
#5725 = ORIENTED_EDGE('',*,*,#5696,.F.);
#5726 = ORIENTED_EDGE('',*,*,#5727,.T.);
#5727 = EDGE_CURVE('',#5697,#5728,#5730,.T.);
#5728 = VERTEX_POINT('',#5729);
#5729 = CARTESIAN_POINT('',(54.5,171.15,17.));
#5730 = LINE('',#5731,#5732);
#5731 = CARTESIAN_POINT('',(54.5,183.15,17.));
#5732 = VECTOR('',#5733,1.);
#5733 = DIRECTION('',(-0.,-1.,1.110223024625E-16));
#5734 = ORIENTED_EDGE('',*,*,#5735,.T.);
#5735 = EDGE_CURVE('',#5728,#1179,#5736,.T.);
#5736 = LINE('',#5737,#5738);
#5737 = CARTESIAN_POINT('',(54.5,171.15,17.));
#5738 = VECTOR('',#5739,1.);
#5739 = DIRECTION('',(1.,0.,0.));
#5740 = ORIENTED_EDGE('',*,*,#1186,.T.);
#5741 = ORIENTED_EDGE('',*,*,#5435,.T.);
#5742 = ORIENTED_EDGE('',*,*,#5743,.F.);
#5743 = EDGE_CURVE('',#5689,#5436,#5744,.T.);
#5744 = LINE('',#5745,#5746);
#5745 = CARTESIAN_POINT('',(65.5,183.15,17.));
#5746 = VECTOR('',#5747,1.);
#5747 = DIRECTION('',(-0.,-1.,1.110223024625E-16));
#5748 = FACE_BOUND('',#5749,.T.);
#5749 = EDGE_LOOP('',(#5750,#5761,#5769,#5778,#5786,#5795,#5803,#5812));
#5750 = ORIENTED_EDGE('',*,*,#5751,.T.);
#5751 = EDGE_CURVE('',#5752,#5754,#5756,.T.);
#5752 = VERTEX_POINT('',#5753);
#5753 = CARTESIAN_POINT('',(60.5,175.2,17.));
#5754 = VERTEX_POINT('',#5755);
#5755 = CARTESIAN_POINT('',(59.7,174.4,17.));
#5756 = CIRCLE('',#5757,0.8);
#5757 = AXIS2_PLACEMENT_3D('',#5758,#5759,#5760);
#5758 = CARTESIAN_POINT('',(59.7,175.2,17.));
#5759 = DIRECTION('',(-0.,1.110223024625E-16,-1.));
#5760 = DIRECTION('',(-0.,-1.,-1.110223024625E-16));
#5761 = ORIENTED_EDGE('',*,*,#5762,.T.);
#5762 = EDGE_CURVE('',#5754,#5763,#5765,.T.);
#5763 = VERTEX_POINT('',#5764);
#5764 = CARTESIAN_POINT('',(57.3,174.4,17.));
#5765 = LINE('',#5766,#5767);
#5766 = CARTESIAN_POINT('',(57.5,174.4,17.));
#5767 = VECTOR('',#5768,1.);
#5768 = DIRECTION('',(-1.,-0.,0.));
#5769 = ORIENTED_EDGE('',*,*,#5770,.T.);
#5770 = EDGE_CURVE('',#5763,#5771,#5773,.T.);
#5771 = VERTEX_POINT('',#5772);
#5772 = CARTESIAN_POINT('',(56.5,175.2,17.));
#5773 = CIRCLE('',#5774,0.8);
#5774 = AXIS2_PLACEMENT_3D('',#5775,#5776,#5777);
#5775 = CARTESIAN_POINT('',(57.3,175.2,17.));
#5776 = DIRECTION('',(-0.,1.110223024625E-16,-1.));
#5777 = DIRECTION('',(-0.,-1.,-1.110223024625E-16));
#5778 = ORIENTED_EDGE('',*,*,#5779,.T.);
#5779 = EDGE_CURVE('',#5771,#5780,#5782,.T.);
#5780 = VERTEX_POINT('',#5781);
#5781 = CARTESIAN_POINT('',(56.5,179.1,17.));
#5782 = LINE('',#5783,#5784);
#5783 = CARTESIAN_POINT('',(56.5,178.775,17.));
#5784 = VECTOR('',#5785,1.);
#5785 = DIRECTION('',(0.,1.,-1.110223024625E-16));
#5786 = ORIENTED_EDGE('',*,*,#5787,.T.);
#5787 = EDGE_CURVE('',#5780,#5788,#5790,.T.);
#5788 = VERTEX_POINT('',#5789);
#5789 = CARTESIAN_POINT('',(57.3,179.9,17.));
#5790 = CIRCLE('',#5791,0.8);
#5791 = AXIS2_PLACEMENT_3D('',#5792,#5793,#5794);
#5792 = CARTESIAN_POINT('',(57.3,179.1,17.));
#5793 = DIRECTION('',(-0.,1.110223024625E-16,-1.));
#5794 = DIRECTION('',(-1.,-0.,0.));
#5795 = ORIENTED_EDGE('',*,*,#5796,.T.);
#5796 = EDGE_CURVE('',#5788,#5797,#5799,.T.);
#5797 = VERTEX_POINT('',#5798);
#5798 = CARTESIAN_POINT('',(59.7,179.9,17.));
#5799 = LINE('',#5800,#5801);
#5800 = CARTESIAN_POINT('',(55.5,179.9,17.));
#5801 = VECTOR('',#5802,1.);
#5802 = DIRECTION('',(1.,0.,0.));
#5803 = ORIENTED_EDGE('',*,*,#5804,.T.);
#5804 = EDGE_CURVE('',#5797,#5805,#5807,.T.);
#5805 = VERTEX_POINT('',#5806);
#5806 = CARTESIAN_POINT('',(60.5,179.1,17.));
#5807 = CIRCLE('',#5808,0.8);
#5808 = AXIS2_PLACEMENT_3D('',#5809,#5810,#5811);
#5809 = CARTESIAN_POINT('',(59.7,179.1,17.));
#5810 = DIRECTION('',(0.,1.110223024625E-16,-1.));
#5811 = DIRECTION('',(0.,1.,1.110223024625E-16));
#5812 = ORIENTED_EDGE('',*,*,#5813,.T.);
#5813 = EDGE_CURVE('',#5805,#5752,#5814,.T.);
#5814 = LINE('',#5815,#5816);
#5815 = CARTESIAN_POINT('',(60.5,181.525,17.));
#5816 = VECTOR('',#5817,1.);
#5817 = DIRECTION('',(-0.,-1.,1.110223024625E-16));
#5818 = PLANE('',#5819);
#5819 = AXIS2_PLACEMENT_3D('',#5820,#5821,#5822);
#5820 = CARTESIAN_POINT('',(54.5,183.15,17.));
#5821 = DIRECTION('',(0.,-1.110223024625E-16,-1.));
#5822 = DIRECTION('',(-1.,0.,-0.));
#5823 = ADVANCED_FACE('',(#5824),#5859,.F.);
#5824 = FACE_BOUND('',#5825,.T.);
#5825 = EDGE_LOOP('',(#5826,#5836,#5842,#5843,#5844,#5845,#5853));
#5826 = ORIENTED_EDGE('',*,*,#5827,.F.);
#5827 = EDGE_CURVE('',#5828,#5830,#5832,.T.);
#5828 = VERTEX_POINT('',#5829);
#5829 = CARTESIAN_POINT('',(65.5,171.15,5.684341886081E-14));
#5830 = VERTEX_POINT('',#5831);
#5831 = CARTESIAN_POINT('',(62.5,171.15,5.684341886081E-14));
#5832 = LINE('',#5833,#5834);
#5833 = CARTESIAN_POINT('',(65.5,171.15,4.263256414561E-14));
#5834 = VECTOR('',#5835,1.);
#5835 = DIRECTION('',(-1.,0.,-0.));
#5836 = ORIENTED_EDGE('',*,*,#5837,.F.);
#5837 = EDGE_CURVE('',#5623,#5828,#5838,.T.);
#5838 = LINE('',#5839,#5840);
#5839 = CARTESIAN_POINT('',(65.5,171.15,17.));
#5840 = VECTOR('',#5841,1.);
#5841 = DIRECTION('',(-0.,2.22044604925E-16,-1.));
#5842 = ORIENTED_EDGE('',*,*,#5630,.T.);
#5843 = ORIENTED_EDGE('',*,*,#1178,.T.);
#5844 = ORIENTED_EDGE('',*,*,#5735,.F.);
#5845 = ORIENTED_EDGE('',*,*,#5846,.F.);
#5846 = EDGE_CURVE('',#5847,#5728,#5849,.T.);
#5847 = VERTEX_POINT('',#5848);
#5848 = CARTESIAN_POINT('',(54.5,171.15,8.));
#5849 = LINE('',#5850,#5851);
#5850 = CARTESIAN_POINT('',(54.5,171.15,8.));
#5851 = VECTOR('',#5852,1.);
#5852 = DIRECTION('',(0.,-2.22044604925E-16,1.));
#5853 = ORIENTED_EDGE('',*,*,#5854,.F.);
#5854 = EDGE_CURVE('',#5830,#5847,#5855,.T.);
#5855 = LINE('',#5856,#5857);
#5856 = CARTESIAN_POINT('',(62.5,171.15,4.263256414561E-14));
#5857 = VECTOR('',#5858,1.);
#5858 = DIRECTION('',(-0.707106781187,-2.775557561563E-16,0.707106781187
    ));
#5859 = PLANE('',#5860);
#5860 = AXIS2_PLACEMENT_3D('',#5861,#5862,#5863);
#5861 = CARTESIAN_POINT('',(60.760604493287,171.15,9.534583414598));
#5862 = DIRECTION('',(0.,1.,1.110223024625E-16));
#5863 = DIRECTION('',(0.,1.110223024625E-16,-1.));
#5864 = ADVANCED_FACE('',(#5865),#5923,.T.);
#5865 = FACE_BOUND('',#5866,.F.);
#5866 = EDGE_LOOP('',(#5867,#5877,#5883,#5884,#5885,#5893,#5901,#5909,
    #5917));
#5867 = ORIENTED_EDGE('',*,*,#5868,.F.);
#5868 = EDGE_CURVE('',#5869,#5871,#5873,.T.);
#5869 = VERTEX_POINT('',#5870);
#5870 = CARTESIAN_POINT('',(65.5,115.15,5.684341886081E-14));
#5871 = VERTEX_POINT('',#5872);
#5872 = CARTESIAN_POINT('',(62.5,115.15,5.684341886081E-14));
#5873 = LINE('',#5874,#5875);
#5874 = CARTESIAN_POINT('',(65.5,115.15,1.42108547152E-14));
#5875 = VECTOR('',#5876,1.);
#5876 = DIRECTION('',(-1.,0.,-0.));
#5877 = ORIENTED_EDGE('',*,*,#5878,.F.);
#5878 = EDGE_CURVE('',#5638,#5869,#5879,.T.);
#5879 = LINE('',#5880,#5881);
#5880 = CARTESIAN_POINT('',(65.5,115.15,17.));
#5881 = VECTOR('',#5882,1.);
#5882 = DIRECTION('',(-0.,2.22044604925E-16,-1.));
#5883 = ORIENTED_EDGE('',*,*,#5637,.T.);
#5884 = ORIENTED_EDGE('',*,*,#1162,.T.);
#5885 = ORIENTED_EDGE('',*,*,#5886,.T.);
#5886 = EDGE_CURVE('',#1155,#5887,#5889,.T.);
#5887 = VERTEX_POINT('',#5888);
#5888 = CARTESIAN_POINT('',(65.5,115.15,10.));
#5889 = LINE('',#5890,#5891);
#5890 = CARTESIAN_POINT('',(66.180302246643,115.15,10.));
#5891 = VECTOR('',#5892,1.);
#5892 = DIRECTION('',(1.,0.,0.));
#5893 = ORIENTED_EDGE('',*,*,#5894,.F.);
#5894 = EDGE_CURVE('',#5895,#5887,#5897,.T.);
#5895 = VERTEX_POINT('',#5896);
#5896 = CARTESIAN_POINT('',(65.5,115.15,17.));
#5897 = LINE('',#5898,#5899);
#5898 = CARTESIAN_POINT('',(65.5,115.15,17.));
#5899 = VECTOR('',#5900,1.);
#5900 = DIRECTION('',(-0.,2.22044604925E-16,-1.));
#5901 = ORIENTED_EDGE('',*,*,#5902,.F.);
#5902 = EDGE_CURVE('',#5903,#5895,#5905,.T.);
#5903 = VERTEX_POINT('',#5904);
#5904 = CARTESIAN_POINT('',(54.5,115.15,17.));
#5905 = LINE('',#5906,#5907);
#5906 = CARTESIAN_POINT('',(54.5,115.15,17.));
#5907 = VECTOR('',#5908,1.);
#5908 = DIRECTION('',(1.,0.,0.));
#5909 = ORIENTED_EDGE('',*,*,#5910,.F.);
#5910 = EDGE_CURVE('',#5911,#5903,#5913,.T.);
#5911 = VERTEX_POINT('',#5912);
#5912 = CARTESIAN_POINT('',(54.5,115.15,8.));
#5913 = LINE('',#5914,#5915);
#5914 = CARTESIAN_POINT('',(54.5,115.15,8.));
#5915 = VECTOR('',#5916,1.);
#5916 = DIRECTION('',(0.,-2.22044604925E-16,1.));
#5917 = ORIENTED_EDGE('',*,*,#5918,.F.);
#5918 = EDGE_CURVE('',#5871,#5911,#5919,.T.);
#5919 = LINE('',#5920,#5921);
#5920 = CARTESIAN_POINT('',(62.5,115.15,1.42108547152E-14));
#5921 = VECTOR('',#5922,1.);
#5922 = DIRECTION('',(-0.707106781187,-2.775557561563E-16,0.707106781187
    ));
#5923 = PLANE('',#5924);
#5924 = AXIS2_PLACEMENT_3D('',#5925,#5926,#5927);
#5925 = CARTESIAN_POINT('',(60.760604493287,115.15,9.534583414598));
#5926 = DIRECTION('',(0.,1.,3.885780586188E-16));
#5927 = DIRECTION('',(0.,3.885780586188E-16,-1.));
#5928 = ADVANCED_FACE('',(#5929),#5963,.T.);
#5929 = FACE_BOUND('',#5930,.F.);
#5930 = EDGE_LOOP('',(#5931,#5939,#5947,#5955,#5961,#5962));
#5931 = ORIENTED_EDGE('',*,*,#5932,.F.);
#5932 = EDGE_CURVE('',#5933,#1147,#5935,.T.);
#5933 = VERTEX_POINT('',#5934);
#5934 = CARTESIAN_POINT('',(67.5,130.15,10.));
#5935 = LINE('',#5936,#5937);
#5936 = CARTESIAN_POINT('',(71.6,130.15,10.));
#5937 = VECTOR('',#5938,1.);
#5938 = DIRECTION('',(-1.,-0.,0.));
#5939 = ORIENTED_EDGE('',*,*,#5940,.T.);
#5940 = EDGE_CURVE('',#5933,#5941,#5943,.T.);
#5941 = VERTEX_POINT('',#5942);
#5942 = CARTESIAN_POINT('',(67.5,114.15,10.));
#5943 = LINE('',#5944,#5945);
#5944 = CARTESIAN_POINT('',(67.5,154.15,10.));
#5945 = VECTOR('',#5946,1.);
#5946 = DIRECTION('',(-0.,-1.,-2.22044604925E-16));
#5947 = ORIENTED_EDGE('',*,*,#5948,.T.);
#5948 = EDGE_CURVE('',#5941,#5949,#5951,.T.);
#5949 = VERTEX_POINT('',#5950);
#5950 = CARTESIAN_POINT('',(65.5,114.15,10.));
#5951 = LINE('',#5952,#5953);
#5952 = CARTESIAN_POINT('',(71.6,114.15,10.));
#5953 = VECTOR('',#5954,1.);
#5954 = DIRECTION('',(-1.,-0.,0.));
#5955 = ORIENTED_EDGE('',*,*,#5956,.T.);
#5956 = EDGE_CURVE('',#5949,#5887,#5957,.T.);
#5957 = LINE('',#5958,#5959);
#5958 = CARTESIAN_POINT('',(65.5,114.65,10.));
#5959 = VECTOR('',#5960,1.);
#5960 = DIRECTION('',(0.,1.,2.22044604925E-16));
#5961 = ORIENTED_EDGE('',*,*,#5886,.F.);
#5962 = ORIENTED_EDGE('',*,*,#1154,.F.);
#5963 = PLANE('',#5964);
#5964 = AXIS2_PLACEMENT_3D('',#5965,#5966,#5967);
#5965 = CARTESIAN_POINT('',(71.6,114.15,10.));
#5966 = DIRECTION('',(0.,-2.22044604925E-16,1.));
#5967 = DIRECTION('',(-4.440892098501E-16,-1.,-2.22044604925E-16));
#5968 = ADVANCED_FACE('',(#5969),#5987,.T.);
#5969 = FACE_BOUND('',#5970,.F.);
#5970 = EDGE_LOOP('',(#5971,#5979,#5980,#5981));
#5971 = ORIENTED_EDGE('',*,*,#5972,.T.);
#5972 = EDGE_CURVE('',#5973,#5933,#5975,.T.);
#5973 = VERTEX_POINT('',#5974);
#5974 = CARTESIAN_POINT('',(67.5,130.15,22.));
#5975 = LINE('',#5976,#5977);
#5976 = CARTESIAN_POINT('',(67.5,130.15,5.));
#5977 = VECTOR('',#5978,1.);
#5978 = DIRECTION('',(0.,2.22044604925E-16,-1.));
#5979 = ORIENTED_EDGE('',*,*,#5932,.T.);
#5980 = ORIENTED_EDGE('',*,*,#1146,.F.);
#5981 = ORIENTED_EDGE('',*,*,#5982,.F.);
#5982 = EDGE_CURVE('',#5973,#1139,#5983,.T.);
#5983 = LINE('',#5984,#5985);
#5984 = CARTESIAN_POINT('',(71.6,130.15,22.));
#5985 = VECTOR('',#5986,1.);
#5986 = DIRECTION('',(-1.,-0.,0.));
#5987 = PLANE('',#5988);
#5988 = AXIS2_PLACEMENT_3D('',#5989,#5990,#5991);
#5989 = CARTESIAN_POINT('',(71.6,130.15,10.));
#5990 = DIRECTION('',(-0.,-1.,-2.22044604925E-16));
#5991 = DIRECTION('',(2.22044604925E-16,2.22044604925E-16,-1.));
#5992 = ADVANCED_FACE('',(#5993),#6010,.T.);
#5993 = FACE_BOUND('',#5994,.F.);
#5994 = EDGE_LOOP('',(#5995,#6001,#6002,#6003,#6009));
#5995 = ORIENTED_EDGE('',*,*,#5996,.T.);
#5996 = EDGE_CURVE('',#5228,#5973,#5997,.T.);
#5997 = LINE('',#5998,#5999);
#5998 = CARTESIAN_POINT('',(67.5,151.65,0.5));
#5999 = VECTOR('',#6000,1.);
#6000 = DIRECTION('',(0.,0.707106781187,-0.707106781187));
#6001 = ORIENTED_EDGE('',*,*,#5982,.T.);
#6002 = ORIENTED_EDGE('',*,*,#1138,.F.);
#6003 = ORIENTED_EDGE('',*,*,#6004,.F.);
#6004 = EDGE_CURVE('',#5236,#1131,#6005,.T.);
#6005 = LINE('',#6006,#6007);
#6006 = CARTESIAN_POINT('',(71.6,124.15,28.));
#6007 = VECTOR('',#6008,1.);
#6008 = DIRECTION('',(-1.,-0.,0.));
#6009 = ORIENTED_EDGE('',*,*,#5235,.F.);
#6010 = PLANE('',#6011);
#6011 = AXIS2_PLACEMENT_3D('',#6012,#6013,#6014);
#6012 = CARTESIAN_POINT('',(71.6,130.15,22.));
#6013 = DIRECTION('',(0.,-0.707106781187,-0.707106781187));
#6014 = DIRECTION('',(4.710277376051E-16,0.707106781187,-0.707106781187)
  );
#6015 = ADVANCED_FACE('',(#6016),#6027,.T.);
#6016 = FACE_BOUND('',#6017,.F.);
#6017 = EDGE_LOOP('',(#6018,#6019,#6020,#6021));
#6018 = ORIENTED_EDGE('',*,*,#5243,.F.);
#6019 = ORIENTED_EDGE('',*,*,#6004,.T.);
#6020 = ORIENTED_EDGE('',*,*,#1130,.F.);
#6021 = ORIENTED_EDGE('',*,*,#6022,.F.);
#6022 = EDGE_CURVE('',#5244,#1123,#6023,.T.);
#6023 = LINE('',#6024,#6025);
#6024 = CARTESIAN_POINT('',(71.6,120.15,28.));
#6025 = VECTOR('',#6026,1.);
#6026 = DIRECTION('',(-1.,-0.,0.));
#6027 = PLANE('',#6028);
#6028 = AXIS2_PLACEMENT_3D('',#6029,#6030,#6031);
#6029 = CARTESIAN_POINT('',(71.6,124.15,28.));
#6030 = DIRECTION('',(0.,2.22044604925E-16,-1.));
#6031 = DIRECTION('',(4.440892098501E-16,1.,2.22044604925E-16));
#6032 = ADVANCED_FACE('',(#6033),#6052,.T.);
#6033 = FACE_BOUND('',#6034,.F.);
#6034 = EDGE_LOOP('',(#6035,#6036,#6037,#6038,#6046));
#6035 = ORIENTED_EDGE('',*,*,#5251,.F.);
#6036 = ORIENTED_EDGE('',*,*,#6022,.T.);
#6037 = ORIENTED_EDGE('',*,*,#1122,.F.);
#6038 = ORIENTED_EDGE('',*,*,#6039,.F.);
#6039 = EDGE_CURVE('',#6040,#1115,#6042,.T.);
#6040 = VERTEX_POINT('',#6041);
#6041 = CARTESIAN_POINT('',(67.5,114.15,22.));
#6042 = LINE('',#6043,#6044);
#6043 = CARTESIAN_POINT('',(71.6,114.15,22.));
#6044 = VECTOR('',#6045,1.);
#6045 = DIRECTION('',(-1.,-0.,0.));
#6046 = ORIENTED_EDGE('',*,*,#6047,.T.);
#6047 = EDGE_CURVE('',#6040,#5252,#6048,.T.);
#6048 = LINE('',#6049,#6050);
#6049 = CARTESIAN_POINT('',(67.5,131.65,39.5));
#6050 = VECTOR('',#6051,1.);
#6051 = DIRECTION('',(0.,0.707106781187,0.707106781187));
#6052 = PLANE('',#6053);
#6053 = AXIS2_PLACEMENT_3D('',#6054,#6055,#6056);
#6054 = CARTESIAN_POINT('',(71.6,120.15,28.));
#6055 = DIRECTION('',(0.,0.707106781187,-0.707106781187));
#6056 = DIRECTION('',(1.570092458684E-16,0.707106781187,0.707106781187)
  );
#6057 = ADVANCED_FACE('',(#6058),#6083,.T.);
#6058 = FACE_BOUND('',#6059,.F.);
#6059 = EDGE_LOOP('',(#6060,#6061,#6067,#6068,#6069,#6077));
#6060 = ORIENTED_EDGE('',*,*,#5948,.F.);
#6061 = ORIENTED_EDGE('',*,*,#6062,.T.);
#6062 = EDGE_CURVE('',#5941,#6040,#6063,.T.);
#6063 = LINE('',#6064,#6065);
#6064 = CARTESIAN_POINT('',(67.5,114.15,11.));
#6065 = VECTOR('',#6066,1.);
#6066 = DIRECTION('',(0.,-2.22044604925E-16,1.));
#6067 = ORIENTED_EDGE('',*,*,#6039,.T.);
#6068 = ORIENTED_EDGE('',*,*,#1114,.F.);
#6069 = ORIENTED_EDGE('',*,*,#6070,.T.);
#6070 = EDGE_CURVE('',#1107,#6071,#6073,.T.);
#6071 = VERTEX_POINT('',#6072);
#6072 = CARTESIAN_POINT('',(65.5,114.15,17.));
#6073 = LINE('',#6074,#6075);
#6074 = CARTESIAN_POINT('',(63.05,114.15,17.));
#6075 = VECTOR('',#6076,1.);
#6076 = DIRECTION('',(1.,0.,0.));
#6077 = ORIENTED_EDGE('',*,*,#6078,.T.);
#6078 = EDGE_CURVE('',#6071,#5949,#6079,.T.);
#6079 = LINE('',#6080,#6081);
#6080 = CARTESIAN_POINT('',(65.5,114.15,19.5));
#6081 = VECTOR('',#6082,1.);
#6082 = DIRECTION('',(0.,2.22044604925E-16,-1.));
#6083 = PLANE('',#6084);
#6084 = AXIS2_PLACEMENT_3D('',#6085,#6086,#6087);
#6085 = CARTESIAN_POINT('',(71.6,114.15,22.));
#6086 = DIRECTION('',(0.,1.,2.22044604925E-16));
#6087 = DIRECTION('',(-2.22044604925E-16,-2.22044604925E-16,1.));
#6088 = ADVANCED_FACE('',(#6089,#6130),#6200,.F.);
#6089 = FACE_BOUND('',#6090,.T.);
#6090 = EDGE_LOOP('',(#6091,#6092,#6100,#6108,#6116,#6122,#6123,#6124));
#6091 = ORIENTED_EDGE('',*,*,#5902,.F.);
#6092 = ORIENTED_EDGE('',*,*,#6093,.T.);
#6093 = EDGE_CURVE('',#5903,#6094,#6096,.T.);
#6094 = VERTEX_POINT('',#6095);
#6095 = CARTESIAN_POINT('',(54.5,103.15,17.));
#6096 = LINE('',#6097,#6098);
#6097 = CARTESIAN_POINT('',(54.5,115.15,17.));
#6098 = VECTOR('',#6099,1.);
#6099 = DIRECTION('',(-0.,-1.,1.110223024625E-16));
#6100 = ORIENTED_EDGE('',*,*,#6101,.T.);
#6101 = EDGE_CURVE('',#6094,#6102,#6104,.T.);
#6102 = VERTEX_POINT('',#6103);
#6103 = CARTESIAN_POINT('',(65.5,103.15,17.));
#6104 = LINE('',#6105,#6106);
#6105 = CARTESIAN_POINT('',(54.5,103.15,17.));
#6106 = VECTOR('',#6107,1.);
#6107 = DIRECTION('',(1.,0.,0.));
#6108 = ORIENTED_EDGE('',*,*,#6109,.F.);
#6109 = EDGE_CURVE('',#6110,#6102,#6112,.T.);
#6110 = VERTEX_POINT('',#6111);
#6111 = CARTESIAN_POINT('',(65.5,110.15,17.));
#6112 = LINE('',#6113,#6114);
#6113 = CARTESIAN_POINT('',(65.5,115.15,17.));
#6114 = VECTOR('',#6115,1.);
#6115 = DIRECTION('',(-0.,-1.,1.110223024625E-16));
#6116 = ORIENTED_EDGE('',*,*,#6117,.T.);
#6117 = EDGE_CURVE('',#6110,#1099,#6118,.T.);
#6118 = LINE('',#6119,#6120);
#6119 = CARTESIAN_POINT('',(63.05,110.15,17.));
#6120 = VECTOR('',#6121,1.);
#6121 = DIRECTION('',(-1.,-0.,0.));
#6122 = ORIENTED_EDGE('',*,*,#1106,.T.);
#6123 = ORIENTED_EDGE('',*,*,#6070,.T.);
#6124 = ORIENTED_EDGE('',*,*,#6125,.F.);
#6125 = EDGE_CURVE('',#5895,#6071,#6126,.T.);
#6126 = LINE('',#6127,#6128);
#6127 = CARTESIAN_POINT('',(65.5,115.15,17.));
#6128 = VECTOR('',#6129,1.);
#6129 = DIRECTION('',(-0.,-1.,1.110223024625E-16));
#6130 = FACE_BOUND('',#6131,.T.);
#6131 = EDGE_LOOP('',(#6132,#6143,#6151,#6160,#6168,#6177,#6185,#6194));
#6132 = ORIENTED_EDGE('',*,*,#6133,.T.);
#6133 = EDGE_CURVE('',#6134,#6136,#6138,.T.);
#6134 = VERTEX_POINT('',#6135);
#6135 = CARTESIAN_POINT('',(60.5,107.2,17.));
#6136 = VERTEX_POINT('',#6137);
#6137 = CARTESIAN_POINT('',(59.7,106.4,17.));
#6138 = CIRCLE('',#6139,0.8);
#6139 = AXIS2_PLACEMENT_3D('',#6140,#6141,#6142);
#6140 = CARTESIAN_POINT('',(59.7,107.2,17.));
#6141 = DIRECTION('',(-0.,1.110223024625E-16,-1.));
#6142 = DIRECTION('',(-0.,-1.,-1.110223024625E-16));
#6143 = ORIENTED_EDGE('',*,*,#6144,.T.);
#6144 = EDGE_CURVE('',#6136,#6145,#6147,.T.);
#6145 = VERTEX_POINT('',#6146);
#6146 = CARTESIAN_POINT('',(57.3,106.4,17.));
#6147 = LINE('',#6148,#6149);
#6148 = CARTESIAN_POINT('',(57.5,106.4,17.));
#6149 = VECTOR('',#6150,1.);
#6150 = DIRECTION('',(-1.,-0.,0.));
#6151 = ORIENTED_EDGE('',*,*,#6152,.T.);
#6152 = EDGE_CURVE('',#6145,#6153,#6155,.T.);
#6153 = VERTEX_POINT('',#6154);
#6154 = CARTESIAN_POINT('',(56.5,107.2,17.));
#6155 = CIRCLE('',#6156,0.8);
#6156 = AXIS2_PLACEMENT_3D('',#6157,#6158,#6159);
#6157 = CARTESIAN_POINT('',(57.3,107.2,17.));
#6158 = DIRECTION('',(-0.,1.110223024625E-16,-1.));
#6159 = DIRECTION('',(-0.,-1.,-1.110223024625E-16));
#6160 = ORIENTED_EDGE('',*,*,#6161,.T.);
#6161 = EDGE_CURVE('',#6153,#6162,#6164,.T.);
#6162 = VERTEX_POINT('',#6163);
#6163 = CARTESIAN_POINT('',(56.5,111.1,17.));
#6164 = LINE('',#6165,#6166);
#6165 = CARTESIAN_POINT('',(56.5,110.775,17.));
#6166 = VECTOR('',#6167,1.);
#6167 = DIRECTION('',(0.,1.,-1.110223024625E-16));
#6168 = ORIENTED_EDGE('',*,*,#6169,.T.);
#6169 = EDGE_CURVE('',#6162,#6170,#6172,.T.);
#6170 = VERTEX_POINT('',#6171);
#6171 = CARTESIAN_POINT('',(57.3,111.9,17.));
#6172 = CIRCLE('',#6173,0.8);
#6173 = AXIS2_PLACEMENT_3D('',#6174,#6175,#6176);
#6174 = CARTESIAN_POINT('',(57.3,111.1,17.));
#6175 = DIRECTION('',(-0.,1.110223024625E-16,-1.));
#6176 = DIRECTION('',(-1.,-0.,0.));
#6177 = ORIENTED_EDGE('',*,*,#6178,.T.);
#6178 = EDGE_CURVE('',#6170,#6179,#6181,.T.);
#6179 = VERTEX_POINT('',#6180);
#6180 = CARTESIAN_POINT('',(59.7,111.9,17.));
#6181 = LINE('',#6182,#6183);
#6182 = CARTESIAN_POINT('',(55.5,111.9,17.));
#6183 = VECTOR('',#6184,1.);
#6184 = DIRECTION('',(1.,0.,0.));
#6185 = ORIENTED_EDGE('',*,*,#6186,.T.);
#6186 = EDGE_CURVE('',#6179,#6187,#6189,.T.);
#6187 = VERTEX_POINT('',#6188);
#6188 = CARTESIAN_POINT('',(60.5,111.1,17.));
#6189 = CIRCLE('',#6190,0.8);
#6190 = AXIS2_PLACEMENT_3D('',#6191,#6192,#6193);
#6191 = CARTESIAN_POINT('',(59.7,111.1,17.));
#6192 = DIRECTION('',(0.,1.110223024625E-16,-1.));
#6193 = DIRECTION('',(0.,1.,1.110223024625E-16));
#6194 = ORIENTED_EDGE('',*,*,#6195,.T.);
#6195 = EDGE_CURVE('',#6187,#6134,#6196,.T.);
#6196 = LINE('',#6197,#6198);
#6197 = CARTESIAN_POINT('',(60.5,113.525,17.));
#6198 = VECTOR('',#6199,1.);
#6199 = DIRECTION('',(-0.,-1.,1.110223024625E-16));
#6200 = PLANE('',#6201);
#6201 = AXIS2_PLACEMENT_3D('',#6202,#6203,#6204);
#6202 = CARTESIAN_POINT('',(54.5,115.15,17.));
#6203 = DIRECTION('',(0.,-1.110223024625E-16,-1.));
#6204 = DIRECTION('',(-1.,0.,-0.));
#6205 = ADVANCED_FACE('',(#6206),#6240,.T.);
#6206 = FACE_BOUND('',#6207,.F.);
#6207 = EDGE_LOOP('',(#6208,#6216,#6224,#6232,#6238,#6239));
#6208 = ORIENTED_EDGE('',*,*,#6209,.F.);
#6209 = EDGE_CURVE('',#6210,#1091,#6212,.T.);
#6210 = VERTEX_POINT('',#6211);
#6211 = CARTESIAN_POINT('',(67.5,110.15,22.));
#6212 = LINE('',#6213,#6214);
#6213 = CARTESIAN_POINT('',(71.6,110.15,22.));
#6214 = VECTOR('',#6215,1.);
#6215 = DIRECTION('',(-1.,-0.,0.));
#6216 = ORIENTED_EDGE('',*,*,#6217,.T.);
#6217 = EDGE_CURVE('',#6210,#6218,#6220,.T.);
#6218 = VERTEX_POINT('',#6219);
#6219 = CARTESIAN_POINT('',(67.5,110.15,10.));
#6220 = LINE('',#6221,#6222);
#6221 = CARTESIAN_POINT('',(67.5,110.15,5.));
#6222 = VECTOR('',#6223,1.);
#6223 = DIRECTION('',(0.,2.22044604925E-16,-1.));
#6224 = ORIENTED_EDGE('',*,*,#6225,.T.);
#6225 = EDGE_CURVE('',#6218,#6226,#6228,.T.);
#6226 = VERTEX_POINT('',#6227);
#6227 = CARTESIAN_POINT('',(65.5,110.15,10.));
#6228 = LINE('',#6229,#6230);
#6229 = CARTESIAN_POINT('',(71.6,110.15,10.));
#6230 = VECTOR('',#6231,1.);
#6231 = DIRECTION('',(-1.,-0.,0.));
#6232 = ORIENTED_EDGE('',*,*,#6233,.T.);
#6233 = EDGE_CURVE('',#6226,#6110,#6234,.T.);
#6234 = LINE('',#6235,#6236);
#6235 = CARTESIAN_POINT('',(65.5,110.15,13.5));
#6236 = VECTOR('',#6237,1.);
#6237 = DIRECTION('',(0.,-2.22044604925E-16,1.));
#6238 = ORIENTED_EDGE('',*,*,#6117,.T.);
#6239 = ORIENTED_EDGE('',*,*,#1098,.F.);
#6240 = PLANE('',#6241);
#6241 = AXIS2_PLACEMENT_3D('',#6242,#6243,#6244);
#6242 = CARTESIAN_POINT('',(71.6,110.15,10.));
#6243 = DIRECTION('',(-0.,-1.,-2.22044604925E-16));
#6244 = DIRECTION('',(2.22044604925E-16,2.22044604925E-16,-1.));
#6245 = ADVANCED_FACE('',(#6246),#6263,.T.);
#6246 = FACE_BOUND('',#6247,.F.);
#6247 = EDGE_LOOP('',(#6248,#6254,#6255,#6256,#6262));
#6248 = ORIENTED_EDGE('',*,*,#6249,.T.);
#6249 = EDGE_CURVE('',#5260,#6210,#6250,.T.);
#6250 = LINE('',#6251,#6252);
#6251 = CARTESIAN_POINT('',(67.5,136.65,-4.5));
#6252 = VECTOR('',#6253,1.);
#6253 = DIRECTION('',(0.,0.707106781187,-0.707106781187));
#6254 = ORIENTED_EDGE('',*,*,#6209,.T.);
#6255 = ORIENTED_EDGE('',*,*,#1090,.F.);
#6256 = ORIENTED_EDGE('',*,*,#6257,.F.);
#6257 = EDGE_CURVE('',#5268,#1083,#6258,.T.);
#6258 = LINE('',#6259,#6260);
#6259 = CARTESIAN_POINT('',(71.6,104.15,28.));
#6260 = VECTOR('',#6261,1.);
#6261 = DIRECTION('',(-1.,-0.,0.));
#6262 = ORIENTED_EDGE('',*,*,#5267,.F.);
#6263 = PLANE('',#6264);
#6264 = AXIS2_PLACEMENT_3D('',#6265,#6266,#6267);
#6265 = CARTESIAN_POINT('',(71.6,110.15,22.));
#6266 = DIRECTION('',(0.,-0.707106781187,-0.707106781187));
#6267 = DIRECTION('',(4.710277376051E-16,0.707106781187,-0.707106781187)
  );
#6268 = ADVANCED_FACE('',(#6269),#6280,.T.);
#6269 = FACE_BOUND('',#6270,.F.);
#6270 = EDGE_LOOP('',(#6271,#6272,#6273,#6274));
#6271 = ORIENTED_EDGE('',*,*,#5275,.F.);
#6272 = ORIENTED_EDGE('',*,*,#6257,.T.);
#6273 = ORIENTED_EDGE('',*,*,#1082,.F.);
#6274 = ORIENTED_EDGE('',*,*,#6275,.F.);
#6275 = EDGE_CURVE('',#5276,#1075,#6276,.T.);
#6276 = LINE('',#6277,#6278);
#6277 = CARTESIAN_POINT('',(71.6,100.15,28.));
#6278 = VECTOR('',#6279,1.);
#6279 = DIRECTION('',(-1.,-0.,0.));
#6280 = PLANE('',#6281);
#6281 = AXIS2_PLACEMENT_3D('',#6282,#6283,#6284);
#6282 = CARTESIAN_POINT('',(71.6,104.15,28.));
#6283 = DIRECTION('',(0.,2.22044604925E-16,-1.));
#6284 = DIRECTION('',(4.440892098501E-16,1.,2.22044604925E-16));
#6285 = ADVANCED_FACE('',(#6286),#6305,.T.);
#6286 = FACE_BOUND('',#6287,.F.);
#6287 = EDGE_LOOP('',(#6288,#6289,#6290,#6291,#6299));
#6288 = ORIENTED_EDGE('',*,*,#5283,.F.);
#6289 = ORIENTED_EDGE('',*,*,#6275,.T.);
#6290 = ORIENTED_EDGE('',*,*,#1074,.F.);
#6291 = ORIENTED_EDGE('',*,*,#6292,.F.);
#6292 = EDGE_CURVE('',#6293,#1067,#6295,.T.);
#6293 = VERTEX_POINT('',#6294);
#6294 = CARTESIAN_POINT('',(67.5,94.15,22.));
#6295 = LINE('',#6296,#6297);
#6296 = CARTESIAN_POINT('',(71.6,94.15,22.));
#6297 = VECTOR('',#6298,1.);
#6298 = DIRECTION('',(-1.,-0.,0.));
#6299 = ORIENTED_EDGE('',*,*,#6300,.T.);
#6300 = EDGE_CURVE('',#6293,#5284,#6301,.T.);
#6301 = LINE('',#6302,#6303);
#6302 = CARTESIAN_POINT('',(67.5,116.65,44.5));
#6303 = VECTOR('',#6304,1.);
#6304 = DIRECTION('',(0.,0.707106781187,0.707106781187));
#6305 = PLANE('',#6306);
#6306 = AXIS2_PLACEMENT_3D('',#6307,#6308,#6309);
#6307 = CARTESIAN_POINT('',(71.6,100.15,28.));
#6308 = DIRECTION('',(0.,0.707106781187,-0.707106781187));
#6309 = DIRECTION('',(1.570092458684E-16,0.707106781187,0.707106781187)
  );
#6310 = ADVANCED_FACE('',(#6311),#6329,.T.);
#6311 = FACE_BOUND('',#6312,.F.);
#6312 = EDGE_LOOP('',(#6313,#6321,#6322,#6323));
#6313 = ORIENTED_EDGE('',*,*,#6314,.T.);
#6314 = EDGE_CURVE('',#6315,#6293,#6317,.T.);
#6315 = VERTEX_POINT('',#6316);
#6316 = CARTESIAN_POINT('',(67.5,94.15,10.));
#6317 = LINE('',#6318,#6319);
#6318 = CARTESIAN_POINT('',(67.5,94.15,11.));
#6319 = VECTOR('',#6320,1.);
#6320 = DIRECTION('',(0.,-2.22044604925E-16,1.));
#6321 = ORIENTED_EDGE('',*,*,#6292,.T.);
#6322 = ORIENTED_EDGE('',*,*,#1066,.F.);
#6323 = ORIENTED_EDGE('',*,*,#6324,.F.);
#6324 = EDGE_CURVE('',#6315,#1059,#6325,.T.);
#6325 = LINE('',#6326,#6327);
#6326 = CARTESIAN_POINT('',(71.6,94.15,10.));
#6327 = VECTOR('',#6328,1.);
#6328 = DIRECTION('',(-1.,-0.,0.));
#6329 = PLANE('',#6330);
#6330 = AXIS2_PLACEMENT_3D('',#6331,#6332,#6333);
#6331 = CARTESIAN_POINT('',(71.6,94.15,22.));
#6332 = DIRECTION('',(0.,1.,2.22044604925E-16));
#6333 = DIRECTION('',(-2.22044604925E-16,-2.22044604925E-16,1.));
#6334 = ADVANCED_FACE('',(#6335),#6360,.T.);
#6335 = FACE_BOUND('',#6336,.F.);
#6336 = EDGE_LOOP('',(#6337,#6338,#6344,#6345,#6346,#6354));
#6337 = ORIENTED_EDGE('',*,*,#6225,.F.);
#6338 = ORIENTED_EDGE('',*,*,#6339,.T.);
#6339 = EDGE_CURVE('',#6218,#6315,#6340,.T.);
#6340 = LINE('',#6341,#6342);
#6341 = CARTESIAN_POINT('',(67.5,144.15,10.));
#6342 = VECTOR('',#6343,1.);
#6343 = DIRECTION('',(-0.,-1.,-2.22044604925E-16));
#6344 = ORIENTED_EDGE('',*,*,#6324,.T.);
#6345 = ORIENTED_EDGE('',*,*,#1058,.F.);
#6346 = ORIENTED_EDGE('',*,*,#6347,.T.);
#6347 = EDGE_CURVE('',#1051,#6348,#6350,.T.);
#6348 = VERTEX_POINT('',#6349);
#6349 = CARTESIAN_POINT('',(65.5,103.15,10.));
#6350 = LINE('',#6351,#6352);
#6351 = CARTESIAN_POINT('',(66.180302246643,103.15,10.));
#6352 = VECTOR('',#6353,1.);
#6353 = DIRECTION('',(1.,0.,0.));
#6354 = ORIENTED_EDGE('',*,*,#6355,.T.);
#6355 = EDGE_CURVE('',#6348,#6226,#6356,.T.);
#6356 = LINE('',#6357,#6358);
#6357 = CARTESIAN_POINT('',(65.5,104.65,10.));
#6358 = VECTOR('',#6359,1.);
#6359 = DIRECTION('',(0.,1.,2.22044604925E-16));
#6360 = PLANE('',#6361);
#6361 = AXIS2_PLACEMENT_3D('',#6362,#6363,#6364);
#6362 = CARTESIAN_POINT('',(71.6,94.15,10.));
#6363 = DIRECTION('',(0.,-2.22044604925E-16,1.));
#6364 = DIRECTION('',(-4.440892098501E-16,-1.,-2.22044604925E-16));
#6365 = ADVANCED_FACE('',(#6366),#6408,.F.);
#6366 = FACE_BOUND('',#6367,.T.);
#6367 = EDGE_LOOP('',(#6368,#6378,#6384,#6385,#6386,#6387,#6393,#6394,
    #6402));
#6368 = ORIENTED_EDGE('',*,*,#6369,.F.);
#6369 = EDGE_CURVE('',#6370,#6372,#6374,.T.);
#6370 = VERTEX_POINT('',#6371);
#6371 = CARTESIAN_POINT('',(65.5,103.15,0.));
#6372 = VERTEX_POINT('',#6373);
#6373 = CARTESIAN_POINT('',(62.5,103.15,0.));
#6374 = LINE('',#6375,#6376);
#6375 = CARTESIAN_POINT('',(65.5,103.15,5.684341886081E-14));
#6376 = VECTOR('',#6377,1.);
#6377 = DIRECTION('',(-1.,0.,-0.));
#6378 = ORIENTED_EDGE('',*,*,#6379,.F.);
#6379 = EDGE_CURVE('',#5646,#6370,#6380,.T.);
#6380 = LINE('',#6381,#6382);
#6381 = CARTESIAN_POINT('',(65.5,103.15,17.));
#6382 = VECTOR('',#6383,1.);
#6383 = DIRECTION('',(-0.,2.22044604925E-16,-1.));
#6384 = ORIENTED_EDGE('',*,*,#5653,.T.);
#6385 = ORIENTED_EDGE('',*,*,#1050,.T.);
#6386 = ORIENTED_EDGE('',*,*,#6347,.T.);
#6387 = ORIENTED_EDGE('',*,*,#6388,.F.);
#6388 = EDGE_CURVE('',#6102,#6348,#6389,.T.);
#6389 = LINE('',#6390,#6391);
#6390 = CARTESIAN_POINT('',(65.5,103.15,17.));
#6391 = VECTOR('',#6392,1.);
#6392 = DIRECTION('',(-0.,2.22044604925E-16,-1.));
#6393 = ORIENTED_EDGE('',*,*,#6101,.F.);
#6394 = ORIENTED_EDGE('',*,*,#6395,.F.);
#6395 = EDGE_CURVE('',#6396,#6094,#6398,.T.);
#6396 = VERTEX_POINT('',#6397);
#6397 = CARTESIAN_POINT('',(54.5,103.15,8.));
#6398 = LINE('',#6399,#6400);
#6399 = CARTESIAN_POINT('',(54.5,103.15,8.));
#6400 = VECTOR('',#6401,1.);
#6401 = DIRECTION('',(0.,-2.22044604925E-16,1.));
#6402 = ORIENTED_EDGE('',*,*,#6403,.F.);
#6403 = EDGE_CURVE('',#6372,#6396,#6404,.T.);
#6404 = LINE('',#6405,#6406);
#6405 = CARTESIAN_POINT('',(62.5,103.15,5.684341886081E-14));
#6406 = VECTOR('',#6407,1.);
#6407 = DIRECTION('',(-0.707106781187,-2.775557561563E-16,0.707106781187
    ));
#6408 = PLANE('',#6409);
#6409 = AXIS2_PLACEMENT_3D('',#6410,#6411,#6412);
#6410 = CARTESIAN_POINT('',(60.760604493287,103.15,9.534583414598));
#6411 = DIRECTION('',(0.,1.,3.885780586188E-16));
#6412 = DIRECTION('',(0.,3.885780586188E-16,-1.));
#6413 = ADVANCED_FACE('',(#6414),#6425,.T.);
#6414 = FACE_BOUND('',#6415,.F.);
#6415 = EDGE_LOOP('',(#6416,#6417,#6418,#6419));
#6416 = ORIENTED_EDGE('',*,*,#5179,.F.);
#6417 = ORIENTED_EDGE('',*,*,#5338,.T.);
#6418 = ORIENTED_EDGE('',*,*,#1294,.F.);
#6419 = ORIENTED_EDGE('',*,*,#6420,.F.);
#6420 = EDGE_CURVE('',#5180,#1287,#6421,.T.);
#6421 = LINE('',#6422,#6423);
#6422 = CARTESIAN_POINT('',(71.6,160.15,28.));
#6423 = VECTOR('',#6424,1.);
#6424 = DIRECTION('',(-1.,-0.,0.));
#6425 = PLANE('',#6426);
#6426 = AXIS2_PLACEMENT_3D('',#6427,#6428,#6429);
#6427 = CARTESIAN_POINT('',(71.6,164.15,28.));
#6428 = DIRECTION('',(0.,2.22044604925E-16,-1.));
#6429 = DIRECTION('',(4.440892098501E-16,1.,2.22044604925E-16));
#6430 = ADVANCED_FACE('',(#6431),#6449,.T.);
#6431 = FACE_BOUND('',#6432,.F.);
#6432 = EDGE_LOOP('',(#6433,#6441,#6447,#6448));
#6433 = ORIENTED_EDGE('',*,*,#6434,.T.);
#6434 = EDGE_CURVE('',#5380,#6435,#6437,.T.);
#6435 = VERTEX_POINT('',#6436);
#6436 = CARTESIAN_POINT('',(67.5,154.15,22.));
#6437 = LINE('',#6438,#6439);
#6438 = CARTESIAN_POINT('',(67.5,154.15,11.));
#6439 = VECTOR('',#6440,1.);
#6440 = DIRECTION('',(0.,-2.22044604925E-16,1.));
#6441 = ORIENTED_EDGE('',*,*,#6442,.T.);
#6442 = EDGE_CURVE('',#6435,#1279,#6443,.T.);
#6443 = LINE('',#6444,#6445);
#6444 = CARTESIAN_POINT('',(71.6,154.15,22.));
#6445 = VECTOR('',#6446,1.);
#6446 = DIRECTION('',(-1.,-0.,0.));
#6447 = ORIENTED_EDGE('',*,*,#1278,.F.);
#6448 = ORIENTED_EDGE('',*,*,#5387,.F.);
#6449 = PLANE('',#6450);
#6450 = AXIS2_PLACEMENT_3D('',#6451,#6452,#6453);
#6451 = CARTESIAN_POINT('',(71.6,154.15,22.));
#6452 = DIRECTION('',(0.,1.,2.22044604925E-16));
#6453 = DIRECTION('',(-2.22044604925E-16,-2.22044604925E-16,1.));
#6454 = ADVANCED_FACE('',(#6455),#6467,.T.);
#6455 = FACE_BOUND('',#6456,.F.);
#6456 = EDGE_LOOP('',(#6457,#6458,#6459,#6460,#6461));
#6457 = ORIENTED_EDGE('',*,*,#5187,.F.);
#6458 = ORIENTED_EDGE('',*,*,#6420,.T.);
#6459 = ORIENTED_EDGE('',*,*,#1286,.F.);
#6460 = ORIENTED_EDGE('',*,*,#6442,.F.);
#6461 = ORIENTED_EDGE('',*,*,#6462,.T.);
#6462 = EDGE_CURVE('',#6435,#5188,#6463,.T.);
#6463 = LINE('',#6464,#6465);
#6464 = CARTESIAN_POINT('',(67.5,161.65,29.5));
#6465 = VECTOR('',#6466,1.);
#6466 = DIRECTION('',(0.,0.707106781187,0.707106781187));
#6467 = PLANE('',#6468);
#6468 = AXIS2_PLACEMENT_3D('',#6469,#6470,#6471);
#6469 = CARTESIAN_POINT('',(71.6,160.15,28.));
#6470 = DIRECTION('',(0.,0.707106781187,-0.707106781187));
#6471 = DIRECTION('',(1.570092458684E-16,0.707106781187,0.707106781187)
  );
#6472 = ADVANCED_FACE('',(#6473),#6498,.T.);
#6473 = FACE_BOUND('',#6474,.F.);
#6474 = EDGE_LOOP('',(#6475,#6485,#6491,#6492));
#6475 = ORIENTED_EDGE('',*,*,#6476,.T.);
#6476 = EDGE_CURVE('',#6477,#6479,#6481,.T.);
#6477 = VERTEX_POINT('',#6478);
#6478 = CARTESIAN_POINT('',(67.5,150.15,22.));
#6479 = VERTEX_POINT('',#6480);
#6480 = CARTESIAN_POINT('',(67.5,150.15,10.));
#6481 = LINE('',#6482,#6483);
#6482 = CARTESIAN_POINT('',(67.5,150.15,5.));
#6483 = VECTOR('',#6484,1.);
#6484 = DIRECTION('',(0.,2.22044604925E-16,-1.));
#6485 = ORIENTED_EDGE('',*,*,#6486,.T.);
#6486 = EDGE_CURVE('',#6479,#1313,#6487,.T.);
#6487 = LINE('',#6488,#6489);
#6488 = CARTESIAN_POINT('',(71.6,150.15,10.));
#6489 = VECTOR('',#6490,1.);
#6490 = DIRECTION('',(-1.,-0.,0.));
#6491 = ORIENTED_EDGE('',*,*,#1310,.F.);
#6492 = ORIENTED_EDGE('',*,*,#6493,.F.);
#6493 = EDGE_CURVE('',#6477,#1311,#6494,.T.);
#6494 = LINE('',#6495,#6496);
#6495 = CARTESIAN_POINT('',(71.6,150.15,22.));
#6496 = VECTOR('',#6497,1.);
#6497 = DIRECTION('',(-1.,-0.,0.));
#6498 = PLANE('',#6499);
#6499 = AXIS2_PLACEMENT_3D('',#6500,#6501,#6502);
#6500 = CARTESIAN_POINT('',(71.6,150.15,10.));
#6501 = DIRECTION('',(-0.,-1.,-2.22044604925E-16));
#6502 = DIRECTION('',(2.22044604925E-16,2.22044604925E-16,-1.));
#6503 = ADVANCED_FACE('',(#6504),#6521,.T.);
#6504 = FACE_BOUND('',#6505,.F.);
#6505 = EDGE_LOOP('',(#6506,#6512,#6513,#6514,#6520));
#6506 = ORIENTED_EDGE('',*,*,#6507,.T.);
#6507 = EDGE_CURVE('',#5196,#6477,#6508,.T.);
#6508 = LINE('',#6509,#6510);
#6509 = CARTESIAN_POINT('',(67.5,166.65,5.5));
#6510 = VECTOR('',#6511,1.);
#6511 = DIRECTION('',(0.,0.707106781187,-0.707106781187));
#6512 = ORIENTED_EDGE('',*,*,#6493,.T.);
#6513 = ORIENTED_EDGE('',*,*,#1352,.F.);
#6514 = ORIENTED_EDGE('',*,*,#6515,.F.);
#6515 = EDGE_CURVE('',#5204,#1345,#6516,.T.);
#6516 = LINE('',#6517,#6518);
#6517 = CARTESIAN_POINT('',(71.6,144.15,28.));
#6518 = VECTOR('',#6519,1.);
#6519 = DIRECTION('',(-1.,-0.,0.));
#6520 = ORIENTED_EDGE('',*,*,#5203,.F.);
#6521 = PLANE('',#6522);
#6522 = AXIS2_PLACEMENT_3D('',#6523,#6524,#6525);
#6523 = CARTESIAN_POINT('',(71.6,150.15,22.));
#6524 = DIRECTION('',(0.,-0.707106781187,-0.707106781187));
#6525 = DIRECTION('',(4.710277376051E-16,0.707106781187,-0.707106781187)
  );
#6526 = ADVANCED_FACE('',(#6527),#6545,.T.);
#6527 = FACE_BOUND('',#6528,.F.);
#6528 = EDGE_LOOP('',(#6529,#6537,#6543,#6544));
#6529 = ORIENTED_EDGE('',*,*,#6530,.T.);
#6530 = EDGE_CURVE('',#6479,#6531,#6533,.T.);
#6531 = VERTEX_POINT('',#6532);
#6532 = CARTESIAN_POINT('',(67.5,134.15,10.));
#6533 = LINE('',#6534,#6535);
#6534 = CARTESIAN_POINT('',(67.5,164.15,10.));
#6535 = VECTOR('',#6536,1.);
#6536 = DIRECTION('',(-0.,-1.,-2.22044604925E-16));
#6537 = ORIENTED_EDGE('',*,*,#6538,.T.);
#6538 = EDGE_CURVE('',#6531,#1321,#6539,.T.);
#6539 = LINE('',#6540,#6541);
#6540 = CARTESIAN_POINT('',(71.6,134.15,10.));
#6541 = VECTOR('',#6542,1.);
#6542 = DIRECTION('',(-1.,-0.,0.));
#6543 = ORIENTED_EDGE('',*,*,#1320,.F.);
#6544 = ORIENTED_EDGE('',*,*,#6486,.F.);
#6545 = PLANE('',#6546);
#6546 = AXIS2_PLACEMENT_3D('',#6547,#6548,#6549);
#6547 = CARTESIAN_POINT('',(71.6,134.15,10.));
#6548 = DIRECTION('',(0.,-2.22044604925E-16,1.));
#6549 = DIRECTION('',(-4.440892098501E-16,-1.,-2.22044604925E-16));
#6550 = ADVANCED_FACE('',(#6551),#6562,.T.);
#6551 = FACE_BOUND('',#6552,.F.);
#6552 = EDGE_LOOP('',(#6553,#6554,#6555,#6556));
#6553 = ORIENTED_EDGE('',*,*,#5211,.F.);
#6554 = ORIENTED_EDGE('',*,*,#6515,.T.);
#6555 = ORIENTED_EDGE('',*,*,#1344,.F.);
#6556 = ORIENTED_EDGE('',*,*,#6557,.F.);
#6557 = EDGE_CURVE('',#5212,#1337,#6558,.T.);
#6558 = LINE('',#6559,#6560);
#6559 = CARTESIAN_POINT('',(71.6,140.15,28.));
#6560 = VECTOR('',#6561,1.);
#6561 = DIRECTION('',(-1.,-0.,0.));
#6562 = PLANE('',#6563);
#6563 = AXIS2_PLACEMENT_3D('',#6564,#6565,#6566);
#6564 = CARTESIAN_POINT('',(71.6,144.15,28.));
#6565 = DIRECTION('',(0.,2.22044604925E-16,-1.));
#6566 = DIRECTION('',(4.440892098501E-16,1.,2.22044604925E-16));
#6567 = ADVANCED_FACE('',(#6568),#6586,.T.);
#6568 = FACE_BOUND('',#6569,.F.);
#6569 = EDGE_LOOP('',(#6570,#6578,#6584,#6585));
#6570 = ORIENTED_EDGE('',*,*,#6571,.T.);
#6571 = EDGE_CURVE('',#6531,#6572,#6574,.T.);
#6572 = VERTEX_POINT('',#6573);
#6573 = CARTESIAN_POINT('',(67.5,134.15,22.));
#6574 = LINE('',#6575,#6576);
#6575 = CARTESIAN_POINT('',(67.5,134.15,11.));
#6576 = VECTOR('',#6577,1.);
#6577 = DIRECTION('',(0.,-2.22044604925E-16,1.));
#6578 = ORIENTED_EDGE('',*,*,#6579,.T.);
#6579 = EDGE_CURVE('',#6572,#1329,#6580,.T.);
#6580 = LINE('',#6581,#6582);
#6581 = CARTESIAN_POINT('',(71.6,134.15,22.));
#6582 = VECTOR('',#6583,1.);
#6583 = DIRECTION('',(-1.,-0.,0.));
#6584 = ORIENTED_EDGE('',*,*,#1328,.F.);
#6585 = ORIENTED_EDGE('',*,*,#6538,.F.);
#6586 = PLANE('',#6587);
#6587 = AXIS2_PLACEMENT_3D('',#6588,#6589,#6590);
#6588 = CARTESIAN_POINT('',(71.6,134.15,22.));
#6589 = DIRECTION('',(0.,1.,2.22044604925E-16));
#6590 = DIRECTION('',(-2.22044604925E-16,-2.22044604925E-16,1.));
#6591 = ADVANCED_FACE('',(#6592),#6604,.T.);
#6592 = FACE_BOUND('',#6593,.F.);
#6593 = EDGE_LOOP('',(#6594,#6595,#6596,#6597,#6598));
#6594 = ORIENTED_EDGE('',*,*,#5219,.F.);
#6595 = ORIENTED_EDGE('',*,*,#6557,.T.);
#6596 = ORIENTED_EDGE('',*,*,#1336,.F.);
#6597 = ORIENTED_EDGE('',*,*,#6579,.F.);
#6598 = ORIENTED_EDGE('',*,*,#6599,.T.);
#6599 = EDGE_CURVE('',#6572,#5220,#6600,.T.);
#6600 = LINE('',#6601,#6602);
#6601 = CARTESIAN_POINT('',(67.5,146.65,34.5));
#6602 = VECTOR('',#6603,1.);
#6603 = DIRECTION('',(0.,0.707106781187,0.707106781187));
#6604 = PLANE('',#6605);
#6605 = AXIS2_PLACEMENT_3D('',#6606,#6607,#6608);
#6606 = CARTESIAN_POINT('',(71.6,140.15,28.));
#6607 = DIRECTION('',(0.,0.707106781187,-0.707106781187));
#6608 = DIRECTION('',(1.570092458684E-16,0.707106781187,0.707106781187)
  );
#6609 = ADVANCED_FACE('',(#6610),#6621,.T.);
#6610 = FACE_BOUND('',#6611,.F.);
#6611 = EDGE_LOOP('',(#6612,#6618,#6619,#6620));
#6612 = ORIENTED_EDGE('',*,*,#6613,.T.);
#6613 = EDGE_CURVE('',#5100,#5024,#6614,.T.);
#6614 = LINE('',#6615,#6616);
#6615 = CARTESIAN_POINT('',(67.5,90.15,5.));
#6616 = VECTOR('',#6617,1.);
#6617 = DIRECTION('',(0.,2.22044604925E-16,-1.));
#6618 = ORIENTED_EDGE('',*,*,#5023,.T.);
#6619 = ORIENTED_EDGE('',*,*,#1360,.F.);
#6620 = ORIENTED_EDGE('',*,*,#5107,.F.);
#6621 = PLANE('',#6622);
#6622 = AXIS2_PLACEMENT_3D('',#6623,#6624,#6625);
#6623 = CARTESIAN_POINT('',(71.6,90.15,10.));
#6624 = DIRECTION('',(-0.,-1.,-2.22044604925E-16));
#6625 = DIRECTION('',(2.22044604925E-16,2.22044604925E-16,-1.));
#6626 = ADVANCED_FACE('',(#6627),#6633,.T.);
#6627 = FACE_BOUND('',#6628,.F.);
#6628 = EDGE_LOOP('',(#6629,#6630,#6631,#6632));
#6629 = ORIENTED_EDGE('',*,*,#2056,.T.);
#6630 = ORIENTED_EDGE('',*,*,#2777,.T.);
#6631 = ORIENTED_EDGE('',*,*,#1424,.F.);
#6632 = ORIENTED_EDGE('',*,*,#1714,.F.);
#6633 = PLANE('',#6634);
#6634 = AXIS2_PLACEMENT_3D('',#6635,#6636,#6637);
#6635 = CARTESIAN_POINT('',(197.5,195.15,2.84217094304E-14));
#6636 = DIRECTION('',(0.707106781187,-1.570092458684E-16,-0.707106781187
    ));
#6637 = DIRECTION('',(-0.707106781187,-2.125203970996E-16,
    -0.707106781187));
#6638 = ADVANCED_FACE('',(#6639),#6657,.T.);
#6639 = FACE_BOUND('',#6640,.F.);
#6640 = EDGE_LOOP('',(#6641,#6642,#6650,#6656));
#6641 = ORIENTED_EDGE('',*,*,#1774,.F.);
#6642 = ORIENTED_EDGE('',*,*,#6643,.T.);
#6643 = EDGE_CURVE('',#1775,#6644,#6646,.T.);
#6644 = VERTEX_POINT('',#6645);
#6645 = CARTESIAN_POINT('',(197.5,154.15,22.));
#6646 = LINE('',#6647,#6648);
#6647 = CARTESIAN_POINT('',(202.5,154.15,22.));
#6648 = VECTOR('',#6649,1.);
#6649 = DIRECTION('',(-1.,-0.,0.));
#6650 = ORIENTED_EDGE('',*,*,#6651,.T.);
#6651 = EDGE_CURVE('',#6644,#2200,#6652,.T.);
#6652 = LINE('',#6653,#6654);
#6653 = CARTESIAN_POINT('',(197.5,154.15,11.));
#6654 = VECTOR('',#6655,1.);
#6655 = DIRECTION('',(0.,2.22044604925E-16,-1.));
#6656 = ORIENTED_EDGE('',*,*,#2199,.F.);
#6657 = PLANE('',#6658);
#6658 = AXIS2_PLACEMENT_3D('',#6659,#6660,#6661);
#6659 = CARTESIAN_POINT('',(202.5,154.15,22.));
#6660 = DIRECTION('',(0.,1.,2.22044604925E-16));
#6661 = DIRECTION('',(-2.22044604925E-16,-2.22044604925E-16,1.));
#6662 = ADVANCED_FACE('',(#6663),#6680,.T.);
#6663 = FACE_BOUND('',#6664,.F.);
#6664 = EDGE_LOOP('',(#6665,#6666,#6672,#6673,#6679));
#6665 = ORIENTED_EDGE('',*,*,#1816,.F.);
#6666 = ORIENTED_EDGE('',*,*,#6667,.T.);
#6667 = EDGE_CURVE('',#1809,#2321,#6668,.T.);
#6668 = LINE('',#6669,#6670);
#6669 = CARTESIAN_POINT('',(202.5,160.15,28.));
#6670 = VECTOR('',#6671,1.);
#6671 = DIRECTION('',(-1.,-0.,0.));
#6672 = ORIENTED_EDGE('',*,*,#2328,.T.);
#6673 = ORIENTED_EDGE('',*,*,#6674,.T.);
#6674 = EDGE_CURVE('',#2329,#6644,#6675,.T.);
#6675 = LINE('',#6676,#6677);
#6676 = CARTESIAN_POINT('',(197.5,128.65,-3.5));
#6677 = VECTOR('',#6678,1.);
#6678 = DIRECTION('',(0.,-0.707106781187,-0.707106781187));
#6679 = ORIENTED_EDGE('',*,*,#6643,.F.);
#6680 = PLANE('',#6681);
#6681 = AXIS2_PLACEMENT_3D('',#6682,#6683,#6684);
#6682 = CARTESIAN_POINT('',(202.5,160.15,28.));
#6683 = DIRECTION('',(0.,0.707106781187,-0.707106781187));
#6684 = DIRECTION('',(1.570092458684E-16,0.707106781187,0.707106781187)
  );
#6685 = ADVANCED_FACE('',(#6686),#6692,.T.);
#6686 = FACE_BOUND('',#6687,.F.);
#6687 = EDGE_LOOP('',(#6688,#6689,#6690,#6691));
#6688 = ORIENTED_EDGE('',*,*,#1808,.F.);
#6689 = ORIENTED_EDGE('',*,*,#2273,.T.);
#6690 = ORIENTED_EDGE('',*,*,#2320,.T.);
#6691 = ORIENTED_EDGE('',*,*,#6667,.F.);
#6692 = PLANE('',#6693);
#6693 = AXIS2_PLACEMENT_3D('',#6694,#6695,#6696);
#6694 = CARTESIAN_POINT('',(202.5,164.15,28.));
#6695 = DIRECTION('',(0.,2.22044604925E-16,-1.));
#6696 = DIRECTION('',(4.440892098501E-16,1.,2.22044604925E-16));
#6697 = ADVANCED_FACE('',(#6698),#6723,.T.);
#6698 = FACE_BOUND('',#6699,.F.);
#6699 = EDGE_LOOP('',(#6700,#6701,#6709,#6717));
#6700 = ORIENTED_EDGE('',*,*,#1824,.F.);
#6701 = ORIENTED_EDGE('',*,*,#6702,.T.);
#6702 = EDGE_CURVE('',#1825,#6703,#6705,.T.);
#6703 = VERTEX_POINT('',#6704);
#6704 = CARTESIAN_POINT('',(197.5,134.15,22.));
#6705 = LINE('',#6706,#6707);
#6706 = CARTESIAN_POINT('',(202.5,134.15,22.));
#6707 = VECTOR('',#6708,1.);
#6708 = DIRECTION('',(-1.,-0.,0.));
#6709 = ORIENTED_EDGE('',*,*,#6710,.T.);
#6710 = EDGE_CURVE('',#6703,#6711,#6713,.T.);
#6711 = VERTEX_POINT('',#6712);
#6712 = CARTESIAN_POINT('',(197.5,134.15,10.));
#6713 = LINE('',#6714,#6715);
#6714 = CARTESIAN_POINT('',(197.5,134.15,11.));
#6715 = VECTOR('',#6716,1.);
#6716 = DIRECTION('',(0.,2.22044604925E-16,-1.));
#6717 = ORIENTED_EDGE('',*,*,#6718,.F.);
#6718 = EDGE_CURVE('',#1827,#6711,#6719,.T.);
#6719 = LINE('',#6720,#6721);
#6720 = CARTESIAN_POINT('',(202.5,134.15,10.));
#6721 = VECTOR('',#6722,1.);
#6722 = DIRECTION('',(-1.,-0.,0.));
#6723 = PLANE('',#6724);
#6724 = AXIS2_PLACEMENT_3D('',#6725,#6726,#6727);
#6725 = CARTESIAN_POINT('',(202.5,134.15,22.));
#6726 = DIRECTION('',(0.,1.,2.22044604925E-16));
#6727 = DIRECTION('',(-2.22044604925E-16,-2.22044604925E-16,1.));
#6728 = ADVANCED_FACE('',(#6729),#6746,.T.);
#6729 = FACE_BOUND('',#6730,.F.);
#6730 = EDGE_LOOP('',(#6731,#6732,#6738,#6739,#6745));
#6731 = ORIENTED_EDGE('',*,*,#1866,.F.);
#6732 = ORIENTED_EDGE('',*,*,#6733,.T.);
#6733 = EDGE_CURVE('',#1859,#2353,#6734,.T.);
#6734 = LINE('',#6735,#6736);
#6735 = CARTESIAN_POINT('',(202.5,140.15,28.));
#6736 = VECTOR('',#6737,1.);
#6737 = DIRECTION('',(-1.,-0.,0.));
#6738 = ORIENTED_EDGE('',*,*,#2360,.T.);
#6739 = ORIENTED_EDGE('',*,*,#6740,.T.);
#6740 = EDGE_CURVE('',#2361,#6703,#6741,.T.);
#6741 = LINE('',#6742,#6743);
#6742 = CARTESIAN_POINT('',(197.5,113.65,1.5));
#6743 = VECTOR('',#6744,1.);
#6744 = DIRECTION('',(0.,-0.707106781187,-0.707106781187));
#6745 = ORIENTED_EDGE('',*,*,#6702,.F.);
#6746 = PLANE('',#6747);
#6747 = AXIS2_PLACEMENT_3D('',#6748,#6749,#6750);
#6748 = CARTESIAN_POINT('',(202.5,140.15,28.));
#6749 = DIRECTION('',(0.,0.707106781187,-0.707106781187));
#6750 = DIRECTION('',(1.570092458684E-16,0.707106781187,0.707106781187)
  );
#6751 = ADVANCED_FACE('',(#6752),#6770,.T.);
#6752 = FACE_BOUND('',#6753,.F.);
#6753 = EDGE_LOOP('',(#6754,#6755,#6756,#6764));
#6754 = ORIENTED_EDGE('',*,*,#1834,.F.);
#6755 = ORIENTED_EDGE('',*,*,#6718,.T.);
#6756 = ORIENTED_EDGE('',*,*,#6757,.T.);
#6757 = EDGE_CURVE('',#6711,#6758,#6760,.T.);
#6758 = VERTEX_POINT('',#6759);
#6759 = CARTESIAN_POINT('',(197.5,150.15,10.));
#6760 = LINE('',#6761,#6762);
#6761 = CARTESIAN_POINT('',(197.5,98.15,10.));
#6762 = VECTOR('',#6763,1.);
#6763 = DIRECTION('',(0.,1.,2.22044604925E-16));
#6764 = ORIENTED_EDGE('',*,*,#6765,.F.);
#6765 = EDGE_CURVE('',#1835,#6758,#6766,.T.);
#6766 = LINE('',#6767,#6768);
#6767 = CARTESIAN_POINT('',(202.5,150.15,10.));
#6768 = VECTOR('',#6769,1.);
#6769 = DIRECTION('',(-1.,-0.,0.));
#6770 = PLANE('',#6771);
#6771 = AXIS2_PLACEMENT_3D('',#6772,#6773,#6774);
#6772 = CARTESIAN_POINT('',(202.5,134.15,10.));
#6773 = DIRECTION('',(0.,-2.22044604925E-16,1.));
#6774 = DIRECTION('',(-4.440892098501E-16,-1.,-2.22044604925E-16));
#6775 = ADVANCED_FACE('',(#6776),#6787,.T.);
#6776 = FACE_BOUND('',#6777,.F.);
#6777 = EDGE_LOOP('',(#6778,#6779,#6785,#6786));
#6778 = ORIENTED_EDGE('',*,*,#1858,.F.);
#6779 = ORIENTED_EDGE('',*,*,#6780,.T.);
#6780 = EDGE_CURVE('',#1851,#2345,#6781,.T.);
#6781 = LINE('',#6782,#6783);
#6782 = CARTESIAN_POINT('',(202.5,144.15,28.));
#6783 = VECTOR('',#6784,1.);
#6784 = DIRECTION('',(-1.,-0.,0.));
#6785 = ORIENTED_EDGE('',*,*,#2352,.T.);
#6786 = ORIENTED_EDGE('',*,*,#6733,.F.);
#6787 = PLANE('',#6788);
#6788 = AXIS2_PLACEMENT_3D('',#6789,#6790,#6791);
#6789 = CARTESIAN_POINT('',(202.5,144.15,28.));
#6790 = DIRECTION('',(0.,2.22044604925E-16,-1.));
#6791 = DIRECTION('',(4.440892098501E-16,1.,2.22044604925E-16));
#6792 = ADVANCED_FACE('',(#6793),#6811,.T.);
#6793 = FACE_BOUND('',#6794,.F.);
#6794 = EDGE_LOOP('',(#6795,#6796,#6797,#6805));
#6795 = ORIENTED_EDGE('',*,*,#1842,.F.);
#6796 = ORIENTED_EDGE('',*,*,#6765,.T.);
#6797 = ORIENTED_EDGE('',*,*,#6798,.T.);
#6798 = EDGE_CURVE('',#6758,#6799,#6801,.T.);
#6799 = VERTEX_POINT('',#6800);
#6800 = CARTESIAN_POINT('',(197.5,150.15,22.));
#6801 = LINE('',#6802,#6803);
#6802 = CARTESIAN_POINT('',(197.5,150.15,5.));
#6803 = VECTOR('',#6804,1.);
#6804 = DIRECTION('',(0.,-2.22044604925E-16,1.));
#6805 = ORIENTED_EDGE('',*,*,#6806,.F.);
#6806 = EDGE_CURVE('',#1843,#6799,#6807,.T.);
#6807 = LINE('',#6808,#6809);
#6808 = CARTESIAN_POINT('',(202.5,150.15,22.));
#6809 = VECTOR('',#6810,1.);
#6810 = DIRECTION('',(-1.,-0.,0.));
#6811 = PLANE('',#6812);
#6812 = AXIS2_PLACEMENT_3D('',#6813,#6814,#6815);
#6813 = CARTESIAN_POINT('',(202.5,150.15,10.));
#6814 = DIRECTION('',(-0.,-1.,-2.22044604925E-16));
#6815 = DIRECTION('',(2.22044604925E-16,2.22044604925E-16,-1.));
#6816 = ADVANCED_FACE('',(#6817),#6829,.T.);
#6817 = FACE_BOUND('',#6818,.F.);
#6818 = EDGE_LOOP('',(#6819,#6820,#6821,#6827,#6828));
#6819 = ORIENTED_EDGE('',*,*,#1850,.F.);
#6820 = ORIENTED_EDGE('',*,*,#6806,.T.);
#6821 = ORIENTED_EDGE('',*,*,#6822,.T.);
#6822 = EDGE_CURVE('',#6799,#2337,#6823,.T.);
#6823 = LINE('',#6824,#6825);
#6824 = CARTESIAN_POINT('',(197.5,133.65,38.5));
#6825 = VECTOR('',#6826,1.);
#6826 = DIRECTION('',(-0.,-0.707106781187,0.707106781187));
#6827 = ORIENTED_EDGE('',*,*,#2344,.T.);
#6828 = ORIENTED_EDGE('',*,*,#6780,.F.);
#6829 = PLANE('',#6830);
#6830 = AXIS2_PLACEMENT_3D('',#6831,#6832,#6833);
#6831 = CARTESIAN_POINT('',(202.5,150.15,22.));
#6832 = DIRECTION('',(0.,-0.707106781187,-0.707106781187));
#6833 = DIRECTION('',(4.710277376051E-16,0.707106781187,-0.707106781187)
  );
#6834 = ADVANCED_FACE('',(#6835),#6860,.T.);
#6835 = FACE_BOUND('',#6836,.F.);
#6836 = EDGE_LOOP('',(#6837,#6838,#6846,#6854));
#6837 = ORIENTED_EDGE('',*,*,#1874,.F.);
#6838 = ORIENTED_EDGE('',*,*,#6839,.T.);
#6839 = EDGE_CURVE('',#1875,#6840,#6842,.T.);
#6840 = VERTEX_POINT('',#6841);
#6841 = CARTESIAN_POINT('',(197.5,114.15,22.));
#6842 = LINE('',#6843,#6844);
#6843 = CARTESIAN_POINT('',(202.5,114.15,22.));
#6844 = VECTOR('',#6845,1.);
#6845 = DIRECTION('',(-1.,-0.,0.));
#6846 = ORIENTED_EDGE('',*,*,#6847,.T.);
#6847 = EDGE_CURVE('',#6840,#6848,#6850,.T.);
#6848 = VERTEX_POINT('',#6849);
#6849 = CARTESIAN_POINT('',(197.5,114.15,10.));
#6850 = LINE('',#6851,#6852);
#6851 = CARTESIAN_POINT('',(197.5,114.15,11.));
#6852 = VECTOR('',#6853,1.);
#6853 = DIRECTION('',(0.,2.22044604925E-16,-1.));
#6854 = ORIENTED_EDGE('',*,*,#6855,.F.);
#6855 = EDGE_CURVE('',#1877,#6848,#6856,.T.);
#6856 = LINE('',#6857,#6858);
#6857 = CARTESIAN_POINT('',(202.5,114.15,10.));
#6858 = VECTOR('',#6859,1.);
#6859 = DIRECTION('',(-1.,-0.,0.));
#6860 = PLANE('',#6861);
#6861 = AXIS2_PLACEMENT_3D('',#6862,#6863,#6864);
#6862 = CARTESIAN_POINT('',(202.5,114.15,22.));
#6863 = DIRECTION('',(0.,1.,2.22044604925E-16));
#6864 = DIRECTION('',(-2.22044604925E-16,-2.22044604925E-16,1.));
#6865 = ADVANCED_FACE('',(#6866),#6883,.T.);
#6866 = FACE_BOUND('',#6867,.F.);
#6867 = EDGE_LOOP('',(#6868,#6869,#6875,#6876,#6882));
#6868 = ORIENTED_EDGE('',*,*,#1916,.F.);
#6869 = ORIENTED_EDGE('',*,*,#6870,.T.);
#6870 = EDGE_CURVE('',#1909,#2385,#6871,.T.);
#6871 = LINE('',#6872,#6873);
#6872 = CARTESIAN_POINT('',(202.5,120.15,28.));
#6873 = VECTOR('',#6874,1.);
#6874 = DIRECTION('',(-1.,-0.,0.));
#6875 = ORIENTED_EDGE('',*,*,#2392,.T.);
#6876 = ORIENTED_EDGE('',*,*,#6877,.T.);
#6877 = EDGE_CURVE('',#2393,#6840,#6878,.T.);
#6878 = LINE('',#6879,#6880);
#6879 = CARTESIAN_POINT('',(197.5,98.65,6.5));
#6880 = VECTOR('',#6881,1.);
#6881 = DIRECTION('',(0.,-0.707106781187,-0.707106781187));
#6882 = ORIENTED_EDGE('',*,*,#6839,.F.);
#6883 = PLANE('',#6884);
#6884 = AXIS2_PLACEMENT_3D('',#6885,#6886,#6887);
#6885 = CARTESIAN_POINT('',(202.5,120.15,28.));
#6886 = DIRECTION('',(0.,0.707106781187,-0.707106781187));
#6887 = DIRECTION('',(1.570092458684E-16,0.707106781187,0.707106781187)
  );
#6888 = ADVANCED_FACE('',(#6889),#6907,.T.);
#6889 = FACE_BOUND('',#6890,.F.);
#6890 = EDGE_LOOP('',(#6891,#6892,#6893,#6901));
#6891 = ORIENTED_EDGE('',*,*,#1884,.F.);
#6892 = ORIENTED_EDGE('',*,*,#6855,.T.);
#6893 = ORIENTED_EDGE('',*,*,#6894,.T.);
#6894 = EDGE_CURVE('',#6848,#6895,#6897,.T.);
#6895 = VERTEX_POINT('',#6896);
#6896 = CARTESIAN_POINT('',(197.5,130.15,10.));
#6897 = LINE('',#6898,#6899);
#6898 = CARTESIAN_POINT('',(197.5,88.15,10.));
#6899 = VECTOR('',#6900,1.);
#6900 = DIRECTION('',(0.,1.,2.22044604925E-16));
#6901 = ORIENTED_EDGE('',*,*,#6902,.F.);
#6902 = EDGE_CURVE('',#1885,#6895,#6903,.T.);
#6903 = LINE('',#6904,#6905);
#6904 = CARTESIAN_POINT('',(202.5,130.15,10.));
#6905 = VECTOR('',#6906,1.);
#6906 = DIRECTION('',(-1.,-0.,0.));
#6907 = PLANE('',#6908);
#6908 = AXIS2_PLACEMENT_3D('',#6909,#6910,#6911);
#6909 = CARTESIAN_POINT('',(202.5,114.15,10.));
#6910 = DIRECTION('',(0.,-2.22044604925E-16,1.));
#6911 = DIRECTION('',(-4.440892098501E-16,-1.,-2.22044604925E-16));
#6912 = ADVANCED_FACE('',(#6913),#6924,.T.);
#6913 = FACE_BOUND('',#6914,.F.);
#6914 = EDGE_LOOP('',(#6915,#6916,#6922,#6923));
#6915 = ORIENTED_EDGE('',*,*,#1908,.F.);
#6916 = ORIENTED_EDGE('',*,*,#6917,.T.);
#6917 = EDGE_CURVE('',#1901,#2377,#6918,.T.);
#6918 = LINE('',#6919,#6920);
#6919 = CARTESIAN_POINT('',(202.5,124.15,28.));
#6920 = VECTOR('',#6921,1.);
#6921 = DIRECTION('',(-1.,-0.,0.));
#6922 = ORIENTED_EDGE('',*,*,#2384,.T.);
#6923 = ORIENTED_EDGE('',*,*,#6870,.F.);
#6924 = PLANE('',#6925);
#6925 = AXIS2_PLACEMENT_3D('',#6926,#6927,#6928);
#6926 = CARTESIAN_POINT('',(202.5,124.15,28.));
#6927 = DIRECTION('',(0.,2.22044604925E-16,-1.));
#6928 = DIRECTION('',(4.440892098501E-16,1.,2.22044604925E-16));
#6929 = ADVANCED_FACE('',(#6930),#6948,.T.);
#6930 = FACE_BOUND('',#6931,.F.);
#6931 = EDGE_LOOP('',(#6932,#6933,#6934,#6942));
#6932 = ORIENTED_EDGE('',*,*,#1892,.F.);
#6933 = ORIENTED_EDGE('',*,*,#6902,.T.);
#6934 = ORIENTED_EDGE('',*,*,#6935,.T.);
#6935 = EDGE_CURVE('',#6895,#6936,#6938,.T.);
#6936 = VERTEX_POINT('',#6937);
#6937 = CARTESIAN_POINT('',(197.5,130.15,22.));
#6938 = LINE('',#6939,#6940);
#6939 = CARTESIAN_POINT('',(197.5,130.15,5.));
#6940 = VECTOR('',#6941,1.);
#6941 = DIRECTION('',(0.,-2.22044604925E-16,1.));
#6942 = ORIENTED_EDGE('',*,*,#6943,.F.);
#6943 = EDGE_CURVE('',#1893,#6936,#6944,.T.);
#6944 = LINE('',#6945,#6946);
#6945 = CARTESIAN_POINT('',(202.5,130.15,22.));
#6946 = VECTOR('',#6947,1.);
#6947 = DIRECTION('',(-1.,-0.,0.));
#6948 = PLANE('',#6949);
#6949 = AXIS2_PLACEMENT_3D('',#6950,#6951,#6952);
#6950 = CARTESIAN_POINT('',(202.5,130.15,10.));
#6951 = DIRECTION('',(-0.,-1.,-2.22044604925E-16));
#6952 = DIRECTION('',(2.22044604925E-16,2.22044604925E-16,-1.));
#6953 = ADVANCED_FACE('',(#6954),#6966,.T.);
#6954 = FACE_BOUND('',#6955,.F.);
#6955 = EDGE_LOOP('',(#6956,#6957,#6958,#6964,#6965));
#6956 = ORIENTED_EDGE('',*,*,#1900,.F.);
#6957 = ORIENTED_EDGE('',*,*,#6943,.T.);
#6958 = ORIENTED_EDGE('',*,*,#6959,.T.);
#6959 = EDGE_CURVE('',#6936,#2369,#6960,.T.);
#6960 = LINE('',#6961,#6962);
#6961 = CARTESIAN_POINT('',(197.5,118.65,33.5));
#6962 = VECTOR('',#6963,1.);
#6963 = DIRECTION('',(-0.,-0.707106781187,0.707106781187));
#6964 = ORIENTED_EDGE('',*,*,#2376,.T.);
#6965 = ORIENTED_EDGE('',*,*,#6917,.F.);
#6966 = PLANE('',#6967);
#6967 = AXIS2_PLACEMENT_3D('',#6968,#6969,#6970);
#6968 = CARTESIAN_POINT('',(202.5,130.15,22.));
#6969 = DIRECTION('',(0.,-0.707106781187,-0.707106781187));
#6970 = DIRECTION('',(4.710277376051E-16,0.707106781187,-0.707106781187)
  );
#6971 = ADVANCED_FACE('',(#6972),#6997,.T.);
#6972 = FACE_BOUND('',#6973,.F.);
#6973 = EDGE_LOOP('',(#6974,#6975,#6983,#6991));
#6974 = ORIENTED_EDGE('',*,*,#1924,.F.);
#6975 = ORIENTED_EDGE('',*,*,#6976,.T.);
#6976 = EDGE_CURVE('',#1925,#6977,#6979,.T.);
#6977 = VERTEX_POINT('',#6978);
#6978 = CARTESIAN_POINT('',(197.5,94.15,22.));
#6979 = LINE('',#6980,#6981);
#6980 = CARTESIAN_POINT('',(202.5,94.15,22.));
#6981 = VECTOR('',#6982,1.);
#6982 = DIRECTION('',(-1.,-0.,0.));
#6983 = ORIENTED_EDGE('',*,*,#6984,.T.);
#6984 = EDGE_CURVE('',#6977,#6985,#6987,.T.);
#6985 = VERTEX_POINT('',#6986);
#6986 = CARTESIAN_POINT('',(197.5,94.15,10.));
#6987 = LINE('',#6988,#6989);
#6988 = CARTESIAN_POINT('',(197.5,94.15,11.));
#6989 = VECTOR('',#6990,1.);
#6990 = DIRECTION('',(0.,2.22044604925E-16,-1.));
#6991 = ORIENTED_EDGE('',*,*,#6992,.F.);
#6992 = EDGE_CURVE('',#1927,#6985,#6993,.T.);
#6993 = LINE('',#6994,#6995);
#6994 = CARTESIAN_POINT('',(202.5,94.15,10.));
#6995 = VECTOR('',#6996,1.);
#6996 = DIRECTION('',(-1.,-0.,0.));
#6997 = PLANE('',#6998);
#6998 = AXIS2_PLACEMENT_3D('',#6999,#7000,#7001);
#6999 = CARTESIAN_POINT('',(202.5,94.15,22.));
#7000 = DIRECTION('',(0.,1.,2.22044604925E-16));
#7001 = DIRECTION('',(-2.22044604925E-16,-2.22044604925E-16,1.));
#7002 = ADVANCED_FACE('',(#7003),#7020,.T.);
#7003 = FACE_BOUND('',#7004,.F.);
#7004 = EDGE_LOOP('',(#7005,#7006,#7012,#7013,#7019));
#7005 = ORIENTED_EDGE('',*,*,#1966,.F.);
#7006 = ORIENTED_EDGE('',*,*,#7007,.T.);
#7007 = EDGE_CURVE('',#1959,#2417,#7008,.T.);
#7008 = LINE('',#7009,#7010);
#7009 = CARTESIAN_POINT('',(202.5,100.15,28.));
#7010 = VECTOR('',#7011,1.);
#7011 = DIRECTION('',(-1.,-0.,0.));
#7012 = ORIENTED_EDGE('',*,*,#2424,.T.);
#7013 = ORIENTED_EDGE('',*,*,#7014,.T.);
#7014 = EDGE_CURVE('',#2425,#6977,#7015,.T.);
#7015 = LINE('',#7016,#7017);
#7016 = CARTESIAN_POINT('',(197.5,83.65,11.5));
#7017 = VECTOR('',#7018,1.);
#7018 = DIRECTION('',(0.,-0.707106781187,-0.707106781187));
#7019 = ORIENTED_EDGE('',*,*,#6976,.F.);
#7020 = PLANE('',#7021);
#7021 = AXIS2_PLACEMENT_3D('',#7022,#7023,#7024);
#7022 = CARTESIAN_POINT('',(202.5,100.15,28.));
#7023 = DIRECTION('',(0.,0.707106781187,-0.707106781187));
#7024 = DIRECTION('',(1.570092458684E-16,0.707106781187,0.707106781187)
  );
#7025 = ADVANCED_FACE('',(#7026),#7044,.T.);
#7026 = FACE_BOUND('',#7027,.F.);
#7027 = EDGE_LOOP('',(#7028,#7029,#7030,#7038));
#7028 = ORIENTED_EDGE('',*,*,#1934,.F.);
#7029 = ORIENTED_EDGE('',*,*,#6992,.T.);
#7030 = ORIENTED_EDGE('',*,*,#7031,.T.);
#7031 = EDGE_CURVE('',#6985,#7032,#7034,.T.);
#7032 = VERTEX_POINT('',#7033);
#7033 = CARTESIAN_POINT('',(197.5,110.15,10.));
#7034 = LINE('',#7035,#7036);
#7035 = CARTESIAN_POINT('',(197.5,78.15,10.));
#7036 = VECTOR('',#7037,1.);
#7037 = DIRECTION('',(0.,1.,2.22044604925E-16));
#7038 = ORIENTED_EDGE('',*,*,#7039,.F.);
#7039 = EDGE_CURVE('',#1935,#7032,#7040,.T.);
#7040 = LINE('',#7041,#7042);
#7041 = CARTESIAN_POINT('',(202.5,110.15,10.));
#7042 = VECTOR('',#7043,1.);
#7043 = DIRECTION('',(-1.,-0.,0.));
#7044 = PLANE('',#7045);
#7045 = AXIS2_PLACEMENT_3D('',#7046,#7047,#7048);
#7046 = CARTESIAN_POINT('',(202.5,94.15,10.));
#7047 = DIRECTION('',(0.,-2.22044604925E-16,1.));
#7048 = DIRECTION('',(-4.440892098501E-16,-1.,-2.22044604925E-16));
#7049 = ADVANCED_FACE('',(#7050),#7061,.T.);
#7050 = FACE_BOUND('',#7051,.F.);
#7051 = EDGE_LOOP('',(#7052,#7053,#7059,#7060));
#7052 = ORIENTED_EDGE('',*,*,#1958,.F.);
#7053 = ORIENTED_EDGE('',*,*,#7054,.T.);
#7054 = EDGE_CURVE('',#1951,#2409,#7055,.T.);
#7055 = LINE('',#7056,#7057);
#7056 = CARTESIAN_POINT('',(202.5,104.15,28.));
#7057 = VECTOR('',#7058,1.);
#7058 = DIRECTION('',(-1.,-0.,0.));
#7059 = ORIENTED_EDGE('',*,*,#2416,.T.);
#7060 = ORIENTED_EDGE('',*,*,#7007,.F.);
#7061 = PLANE('',#7062);
#7062 = AXIS2_PLACEMENT_3D('',#7063,#7064,#7065);
#7063 = CARTESIAN_POINT('',(202.5,104.15,28.));
#7064 = DIRECTION('',(0.,2.22044604925E-16,-1.));
#7065 = DIRECTION('',(4.440892098501E-16,1.,2.22044604925E-16));
#7066 = ADVANCED_FACE('',(#7067),#7085,.T.);
#7067 = FACE_BOUND('',#7068,.F.);
#7068 = EDGE_LOOP('',(#7069,#7070,#7071,#7079));
#7069 = ORIENTED_EDGE('',*,*,#1942,.F.);
#7070 = ORIENTED_EDGE('',*,*,#7039,.T.);
#7071 = ORIENTED_EDGE('',*,*,#7072,.T.);
#7072 = EDGE_CURVE('',#7032,#7073,#7075,.T.);
#7073 = VERTEX_POINT('',#7074);
#7074 = CARTESIAN_POINT('',(197.5,110.15,22.));
#7075 = LINE('',#7076,#7077);
#7076 = CARTESIAN_POINT('',(197.5,110.15,5.));
#7077 = VECTOR('',#7078,1.);
#7078 = DIRECTION('',(0.,-2.22044604925E-16,1.));
#7079 = ORIENTED_EDGE('',*,*,#7080,.F.);
#7080 = EDGE_CURVE('',#1943,#7073,#7081,.T.);
#7081 = LINE('',#7082,#7083);
#7082 = CARTESIAN_POINT('',(202.5,110.15,22.));
#7083 = VECTOR('',#7084,1.);
#7084 = DIRECTION('',(-1.,-0.,0.));
#7085 = PLANE('',#7086);
#7086 = AXIS2_PLACEMENT_3D('',#7087,#7088,#7089);
#7087 = CARTESIAN_POINT('',(202.5,110.15,10.));
#7088 = DIRECTION('',(-0.,-1.,-2.22044604925E-16));
#7089 = DIRECTION('',(2.22044604925E-16,2.22044604925E-16,-1.));
#7090 = ADVANCED_FACE('',(#7091),#7103,.T.);
#7091 = FACE_BOUND('',#7092,.F.);
#7092 = EDGE_LOOP('',(#7093,#7094,#7095,#7101,#7102));
#7093 = ORIENTED_EDGE('',*,*,#1950,.F.);
#7094 = ORIENTED_EDGE('',*,*,#7080,.T.);
#7095 = ORIENTED_EDGE('',*,*,#7096,.T.);
#7096 = EDGE_CURVE('',#7073,#2401,#7097,.T.);
#7097 = LINE('',#7098,#7099);
#7098 = CARTESIAN_POINT('',(197.5,103.65,28.5));
#7099 = VECTOR('',#7100,1.);
#7100 = DIRECTION('',(-0.,-0.707106781187,0.707106781187));
#7101 = ORIENTED_EDGE('',*,*,#2408,.T.);
#7102 = ORIENTED_EDGE('',*,*,#7054,.F.);
#7103 = PLANE('',#7104);
#7104 = AXIS2_PLACEMENT_3D('',#7105,#7106,#7107);
#7105 = CARTESIAN_POINT('',(202.5,110.15,22.));
#7106 = DIRECTION('',(0.,-0.707106781187,-0.707106781187));
#7107 = DIRECTION('',(4.710277376051E-16,0.707106781187,-0.707106781187)
  );
#7108 = ADVANCED_FACE('',(#7109),#7120,.T.);
#7109 = FACE_BOUND('',#7110,.F.);
#7110 = EDGE_LOOP('',(#7111,#7112,#7113,#7119));
#7111 = ORIENTED_EDGE('',*,*,#1992,.F.);
#7112 = ORIENTED_EDGE('',*,*,#2579,.T.);
#7113 = ORIENTED_EDGE('',*,*,#7114,.T.);
#7114 = EDGE_CURVE('',#2572,#2480,#7115,.T.);
#7115 = LINE('',#7116,#7117);
#7116 = CARTESIAN_POINT('',(197.5,90.15,5.));
#7117 = VECTOR('',#7118,1.);
#7118 = DIRECTION('',(0.,-2.22044604925E-16,1.));
#7119 = ORIENTED_EDGE('',*,*,#2479,.F.);
#7120 = PLANE('',#7121);
#7121 = AXIS2_PLACEMENT_3D('',#7122,#7123,#7124);
#7122 = CARTESIAN_POINT('',(202.5,90.15,10.));
#7123 = DIRECTION('',(-0.,-1.,-2.22044604925E-16));
#7124 = DIRECTION('',(2.22044604925E-16,2.22044604925E-16,-1.));
#7125 = ADVANCED_FACE('',(#7126),#7172,.F.);
#7126 = FACE_BOUND('',#7127,.T.);
#7127 = EDGE_LOOP('',(#7128,#7129,#7135,#7136,#7137,#7138,#7144,#7145,
    #7151,#7152,#7158,#7159,#7165,#7166));
#7128 = ORIENTED_EDGE('',*,*,#3970,.T.);
#7129 = ORIENTED_EDGE('',*,*,#7130,.T.);
#7130 = EDGE_CURVE('',#3971,#2643,#7131,.T.);
#7131 = LINE('',#7132,#7133);
#7132 = CARTESIAN_POINT('',(183.5,162.15,3.));
#7133 = VECTOR('',#7134,1.);
#7134 = DIRECTION('',(0.,-1.110223024625E-16,1.));
#7135 = ORIENTED_EDGE('',*,*,#2650,.T.);
#7136 = ORIENTED_EDGE('',*,*,#2040,.T.);
#7137 = ORIENTED_EDGE('',*,*,#2784,.F.);
#7138 = ORIENTED_EDGE('',*,*,#7139,.T.);
#7139 = EDGE_CURVE('',#2785,#3899,#7140,.T.);
#7140 = LINE('',#7141,#7142);
#7141 = CARTESIAN_POINT('',(183.5,184.55,5.684341886081E-14));
#7142 = VECTOR('',#7143,1.);
#7143 = DIRECTION('',(0.,-1.110223024625E-16,1.));
#7144 = ORIENTED_EDGE('',*,*,#3906,.F.);
#7145 = ORIENTED_EDGE('',*,*,#7146,.T.);
#7146 = EDGE_CURVE('',#3907,#3495,#7147,.T.);
#7147 = LINE('',#7148,#7149);
#7148 = CARTESIAN_POINT('',(183.5,182.15,5.684341886081E-14));
#7149 = VECTOR('',#7150,1.);
#7150 = DIRECTION('',(0.,1.110223024625E-16,-1.));
#7151 = ORIENTED_EDGE('',*,*,#3502,.F.);
#7152 = ORIENTED_EDGE('',*,*,#7153,.T.);
#7153 = EDGE_CURVE('',#3479,#3931,#7154,.T.);
#7154 = LINE('',#7155,#7156);
#7155 = CARTESIAN_POINT('',(183.5,172.55,5.684341886081E-14));
#7156 = VECTOR('',#7157,1.);
#7157 = DIRECTION('',(0.,-1.110223024625E-16,1.));
#7158 = ORIENTED_EDGE('',*,*,#3938,.F.);
#7159 = ORIENTED_EDGE('',*,*,#7160,.T.);
#7160 = EDGE_CURVE('',#3939,#3461,#7161,.T.);
#7161 = LINE('',#7162,#7163);
#7162 = CARTESIAN_POINT('',(183.5,170.15,5.684341886081E-14));
#7163 = VECTOR('',#7164,1.);
#7164 = DIRECTION('',(0.,1.110223024625E-16,-1.));
#7165 = ORIENTED_EDGE('',*,*,#3468,.F.);
#7166 = ORIENTED_EDGE('',*,*,#7167,.T.);
#7167 = EDGE_CURVE('',#3445,#3963,#7168,.T.);
#7168 = LINE('',#7169,#7170);
#7169 = CARTESIAN_POINT('',(183.5,160.55,5.684341886081E-14));
#7170 = VECTOR('',#7171,1.);
#7171 = DIRECTION('',(0.,-1.110223024625E-16,1.));
#7172 = PLANE('',#7173);
#7173 = AXIS2_PLACEMENT_3D('',#7174,#7175,#7176);
#7174 = CARTESIAN_POINT('',(183.5,62.15,7.460698725481E-14));
#7175 = DIRECTION('',(1.,0.,0.));
#7176 = DIRECTION('',(0.,-1.,-1.110223024625E-16));
#7177 = ADVANCED_FACE('',(#7178),#7184,.F.);
#7178 = FACE_BOUND('',#7179,.T.);
#7179 = EDGE_LOOP('',(#7180,#7181,#7182,#7183));
#7180 = ORIENTED_EDGE('',*,*,#2112,.T.);
#7181 = ORIENTED_EDGE('',*,*,#2152,.T.);
#7182 = ORIENTED_EDGE('',*,*,#2127,.F.);
#7183 = ORIENTED_EDGE('',*,*,#2080,.F.);
#7184 = PLANE('',#7185);
#7185 = AXIS2_PLACEMENT_3D('',#7186,#7187,#7188);
#7186 = CARTESIAN_POINT('',(194.5,193.65,38.));
#7187 = DIRECTION('',(0.,-1.110223024625E-16,-1.));
#7188 = DIRECTION('',(-1.,0.,-0.));
#7189 = ADVANCED_FACE('',(#7190),#7221,.F.);
#7190 = FACE_BOUND('',#7191,.T.);
#7191 = EDGE_LOOP('',(#7192,#7193,#7194,#7195,#7196,#7197,#7198,#7199,
    #7200,#7201,#7202,#7203,#7204,#7205,#7206,#7207,#7208,#7209,#7210,
    #7211,#7212,#7213,#7214,#7215,#7216,#7217,#7218,#7219,#7220));
#7192 = ORIENTED_EDGE('',*,*,#2659,.F.);
#7193 = ORIENTED_EDGE('',*,*,#2603,.T.);
#7194 = ORIENTED_EDGE('',*,*,#2571,.T.);
#7195 = ORIENTED_EDGE('',*,*,#7114,.T.);
#7196 = ORIENTED_EDGE('',*,*,#2487,.T.);
#7197 = ORIENTED_EDGE('',*,*,#2464,.T.);
#7198 = ORIENTED_EDGE('',*,*,#2432,.F.);
#7199 = ORIENTED_EDGE('',*,*,#7014,.T.);
#7200 = ORIENTED_EDGE('',*,*,#6984,.T.);
#7201 = ORIENTED_EDGE('',*,*,#7031,.T.);
#7202 = ORIENTED_EDGE('',*,*,#7072,.T.);
#7203 = ORIENTED_EDGE('',*,*,#7096,.T.);
#7204 = ORIENTED_EDGE('',*,*,#2400,.F.);
#7205 = ORIENTED_EDGE('',*,*,#6877,.T.);
#7206 = ORIENTED_EDGE('',*,*,#6847,.T.);
#7207 = ORIENTED_EDGE('',*,*,#6894,.T.);
#7208 = ORIENTED_EDGE('',*,*,#6935,.T.);
#7209 = ORIENTED_EDGE('',*,*,#6959,.T.);
#7210 = ORIENTED_EDGE('',*,*,#2368,.F.);
#7211 = ORIENTED_EDGE('',*,*,#6740,.T.);
#7212 = ORIENTED_EDGE('',*,*,#6710,.T.);
#7213 = ORIENTED_EDGE('',*,*,#6757,.T.);
#7214 = ORIENTED_EDGE('',*,*,#6798,.T.);
#7215 = ORIENTED_EDGE('',*,*,#6822,.T.);
#7216 = ORIENTED_EDGE('',*,*,#2336,.F.);
#7217 = ORIENTED_EDGE('',*,*,#6674,.T.);
#7218 = ORIENTED_EDGE('',*,*,#6651,.T.);
#7219 = ORIENTED_EDGE('',*,*,#2207,.T.);
#7220 = ORIENTED_EDGE('',*,*,#2175,.F.);
#7221 = PLANE('',#7222);
#7222 = AXIS2_PLACEMENT_3D('',#7223,#7224,#7225);
#7223 = CARTESIAN_POINT('',(197.5,62.15,4.263256414561E-14));
#7224 = DIRECTION('',(1.,0.,0.));
#7225 = DIRECTION('',(0.,-1.,-1.110223024625E-16));
#7226 = ADVANCED_FACE('',(#7227),#7232,.F.);
#7227 = FACE_BOUND('',#7228,.T.);
#7228 = EDGE_LOOP('',(#7229,#7230,#7231));
#7229 = ORIENTED_EDGE('',*,*,#2288,.F.);
#7230 = ORIENTED_EDGE('',*,*,#2257,.T.);
#7231 = ORIENTED_EDGE('',*,*,#2313,.F.);
#7232 = PLANE('',#7233);
#7233 = AXIS2_PLACEMENT_3D('',#7234,#7235,#7236);
#7234 = CARTESIAN_POINT('',(197.5,62.15,4.263256414561E-14));
#7235 = DIRECTION('',(1.,0.,0.));
#7236 = DIRECTION('',(0.,-1.,-1.110223024625E-16));
#7237 = ADVANCED_FACE('',(#7238),#7249,.T.);
#7238 = FACE_BOUND('',#7239,.F.);
#7239 = EDGE_LOOP('',(#7240,#7241,#7242,#7248));
#7240 = ORIENTED_EDGE('',*,*,#7130,.T.);
#7241 = ORIENTED_EDGE('',*,*,#2642,.T.);
#7242 = ORIENTED_EDGE('',*,*,#7243,.F.);
#7243 = EDGE_CURVE('',#3979,#2635,#7244,.T.);
#7244 = LINE('',#7245,#7246);
#7245 = CARTESIAN_POINT('',(193.5,162.15,3.));
#7246 = VECTOR('',#7247,1.);
#7247 = DIRECTION('',(0.,-1.110223024625E-16,1.));
#7248 = ORIENTED_EDGE('',*,*,#3978,.F.);
#7249 = PLANE('',#7250);
#7250 = AXIS2_PLACEMENT_3D('',#7251,#7252,#7253);
#7251 = CARTESIAN_POINT('',(183.5,162.15,3.));
#7252 = DIRECTION('',(-0.,-1.,-1.110223024625E-16));
#7253 = DIRECTION('',(-1.,0.,0.));
#7254 = ADVANCED_FACE('',(#7255),#7266,.T.);
#7255 = FACE_BOUND('',#7256,.F.);
#7256 = EDGE_LOOP('',(#7257,#7258,#7259,#7265));
#7257 = ORIENTED_EDGE('',*,*,#7243,.T.);
#7258 = ORIENTED_EDGE('',*,*,#2634,.T.);
#7259 = ORIENTED_EDGE('',*,*,#7260,.F.);
#7260 = EDGE_CURVE('',#3987,#2627,#7261,.T.);
#7261 = LINE('',#7262,#7263);
#7262 = CARTESIAN_POINT('',(193.5,94.15,3.));
#7263 = VECTOR('',#7264,1.);
#7264 = DIRECTION('',(0.,-1.110223024625E-16,1.));
#7265 = ORIENTED_EDGE('',*,*,#3986,.F.);
#7266 = PLANE('',#7267);
#7267 = AXIS2_PLACEMENT_3D('',#7268,#7269,#7270);
#7268 = CARTESIAN_POINT('',(193.5,162.15,3.));
#7269 = DIRECTION('',(-1.,-0.,0.));
#7270 = DIRECTION('',(0.,1.,1.110223024625E-16));
#7271 = ADVANCED_FACE('',(#7272),#7278,.T.);
#7272 = FACE_BOUND('',#7273,.F.);
#7273 = EDGE_LOOP('',(#7274,#7275,#7276,#7277));
#7274 = ORIENTED_EDGE('',*,*,#7260,.T.);
#7275 = ORIENTED_EDGE('',*,*,#2626,.T.);
#7276 = ORIENTED_EDGE('',*,*,#4432,.F.);
#7277 = ORIENTED_EDGE('',*,*,#3994,.F.);
#7278 = PLANE('',#7279);
#7279 = AXIS2_PLACEMENT_3D('',#7280,#7281,#7282);
#7280 = CARTESIAN_POINT('',(193.5,94.15,3.));
#7281 = DIRECTION('',(0.,1.,1.110223024625E-16));
#7282 = DIRECTION('',(1.,0.,0.));
#7283 = ADVANCED_FACE('',(#7284),#7295,.F.);
#7284 = FACE_BOUND('',#7285,.T.);
#7285 = EDGE_LOOP('',(#7286,#7287,#7288,#7289));
#7286 = ORIENTED_EDGE('',*,*,#2824,.F.);
#7287 = ORIENTED_EDGE('',*,*,#5597,.F.);
#7288 = ORIENTED_EDGE('',*,*,#3866,.T.);
#7289 = ORIENTED_EDGE('',*,*,#7290,.T.);
#7290 = EDGE_CURVE('',#3867,#2817,#7291,.T.);
#7291 = LINE('',#7292,#7293);
#7292 = CARTESIAN_POINT('',(131.1,184.55,5.684341886081E-14));
#7293 = VECTOR('',#7294,1.);
#7294 = DIRECTION('',(0.,1.110223024625E-16,-1.));
#7295 = PLANE('',#7296);
#7296 = AXIS2_PLACEMENT_3D('',#7297,#7298,#7299);
#7297 = CARTESIAN_POINT('',(69.5,184.55,9.237055564881E-14));
#7298 = DIRECTION('',(-0.,-1.,-1.110223024625E-16));
#7299 = DIRECTION('',(-1.,0.,0.));
#7300 = ADVANCED_FACE('',(#7301),#7312,.F.);
#7301 = FACE_BOUND('',#7302,.T.);
#7302 = EDGE_LOOP('',(#7303,#7304,#7305,#7306));
#7303 = ORIENTED_EDGE('',*,*,#2816,.F.);
#7304 = ORIENTED_EDGE('',*,*,#7290,.F.);
#7305 = ORIENTED_EDGE('',*,*,#3874,.T.);
#7306 = ORIENTED_EDGE('',*,*,#7307,.T.);
#7307 = EDGE_CURVE('',#3875,#2809,#7308,.T.);
#7308 = LINE('',#7309,#7310);
#7309 = CARTESIAN_POINT('',(131.1,193.85,13.));
#7310 = VECTOR('',#7311,1.);
#7311 = DIRECTION('',(0.,-2.22044604925E-16,-1.));
#7312 = PLANE('',#7313);
#7313 = AXIS2_PLACEMENT_3D('',#7314,#7315,#7316);
#7314 = CARTESIAN_POINT('',(131.1,62.15,8.171241461241E-14));
#7315 = DIRECTION('',(1.,0.,0.));
#7316 = DIRECTION('',(0.,-1.,-1.110223024625E-16));
#7317 = ADVANCED_FACE('',(#7318),#7329,.T.);
#7318 = FACE_BOUND('',#7319,.F.);
#7319 = EDGE_LOOP('',(#7320,#7321,#7327,#7328));
#7320 = ORIENTED_EDGE('',*,*,#2808,.F.);
#7321 = ORIENTED_EDGE('',*,*,#7322,.T.);
#7322 = EDGE_CURVE('',#2801,#3883,#7323,.T.);
#7323 = LINE('',#7324,#7325);
#7324 = CARTESIAN_POINT('',(133.5,193.85,13.));
#7325 = VECTOR('',#7326,1.);
#7326 = DIRECTION('',(-0.,2.22044604925E-16,1.));
#7327 = ORIENTED_EDGE('',*,*,#3882,.F.);
#7328 = ORIENTED_EDGE('',*,*,#7307,.T.);
#7329 = PLANE('',#7330);
#7330 = AXIS2_PLACEMENT_3D('',#7331,#7332,#7333);
#7331 = CARTESIAN_POINT('',(132.,193.85,26.));
#7332 = DIRECTION('',(0.,1.,-2.22044604925E-16));
#7333 = DIRECTION('',(0.,-2.22044604925E-16,-1.));
#7334 = ADVANCED_FACE('',(#7335),#7346,.F.);
#7335 = FACE_BOUND('',#7336,.T.);
#7336 = EDGE_LOOP('',(#7337,#7338,#7339,#7340));
#7337 = ORIENTED_EDGE('',*,*,#2800,.F.);
#7338 = ORIENTED_EDGE('',*,*,#7322,.T.);
#7339 = ORIENTED_EDGE('',*,*,#3890,.T.);
#7340 = ORIENTED_EDGE('',*,*,#7341,.F.);
#7341 = EDGE_CURVE('',#2793,#3891,#7342,.T.);
#7342 = LINE('',#7343,#7344);
#7343 = CARTESIAN_POINT('',(133.5,184.55,5.684341886081E-14));
#7344 = VECTOR('',#7345,1.);
#7345 = DIRECTION('',(0.,-1.110223024625E-16,1.));
#7346 = PLANE('',#7347);
#7347 = AXIS2_PLACEMENT_3D('',#7348,#7349,#7350);
#7348 = CARTESIAN_POINT('',(133.5,194.15,9.237055564881E-14));
#7349 = DIRECTION('',(-1.,-0.,0.));
#7350 = DIRECTION('',(0.,1.,1.110223024625E-16));
#7351 = ADVANCED_FACE('',(#7352),#7358,.F.);
#7352 = FACE_BOUND('',#7353,.T.);
#7353 = EDGE_LOOP('',(#7354,#7355,#7356,#7357));
#7354 = ORIENTED_EDGE('',*,*,#2792,.F.);
#7355 = ORIENTED_EDGE('',*,*,#7341,.T.);
#7356 = ORIENTED_EDGE('',*,*,#3898,.T.);
#7357 = ORIENTED_EDGE('',*,*,#7139,.F.);
#7358 = PLANE('',#7359);
#7359 = AXIS2_PLACEMENT_3D('',#7360,#7361,#7362);
#7360 = CARTESIAN_POINT('',(69.5,184.55,9.237055564881E-14));
#7361 = DIRECTION('',(-0.,-1.,-1.110223024625E-16));
#7362 = DIRECTION('',(-1.,0.,0.));
#7363 = ADVANCED_FACE('',(#7364),#7370,.F.);
#7364 = FACE_BOUND('',#7365,.T.);
#7365 = EDGE_LOOP('',(#7366,#7367,#7368,#7369));
#7366 = ORIENTED_EDGE('',*,*,#2848,.F.);
#7367 = ORIENTED_EDGE('',*,*,#3612,.T.);
#7368 = ORIENTED_EDGE('',*,*,#3717,.T.);
#7369 = ORIENTED_EDGE('',*,*,#3534,.F.);
#7370 = PLANE('',#7371);
#7371 = AXIS2_PLACEMENT_3D('',#7372,#7373,#7374);
#7372 = CARTESIAN_POINT('',(194.5,74.15,5.684341886081E-14));
#7373 = DIRECTION('',(0.,1.,1.110223024625E-16));
#7374 = DIRECTION('',(1.,0.,0.));
#7375 = ADVANCED_FACE('',(#7376),#7387,.F.);
#7376 = FACE_BOUND('',#7377,.T.);
#7377 = EDGE_LOOP('',(#7378,#7379,#7385,#7386));
#7378 = ORIENTED_EDGE('',*,*,#2873,.F.);
#7379 = ORIENTED_EDGE('',*,*,#7380,.T.);
#7380 = EDGE_CURVE('',#2874,#3733,#7381,.T.);
#7381 = LINE('',#7382,#7383);
#7382 = CARTESIAN_POINT('',(131.1,86.15,5.684341886081E-14));
#7383 = VECTOR('',#7384,1.);
#7384 = DIRECTION('',(0.,-1.110223024625E-16,1.));
#7385 = ORIENTED_EDGE('',*,*,#3740,.T.);
#7386 = ORIENTED_EDGE('',*,*,#3557,.F.);
#7387 = PLANE('',#7388);
#7388 = AXIS2_PLACEMENT_3D('',#7389,#7390,#7391);
#7389 = CARTESIAN_POINT('',(194.5,86.15,6.039613253961E-14));
#7390 = DIRECTION('',(0.,1.,1.110223024625E-16));
#7391 = DIRECTION('',(1.,0.,0.));
#7392 = ADVANCED_FACE('',(#7393),#7404,.F.);
#7393 = FACE_BOUND('',#7394,.T.);
#7394 = EDGE_LOOP('',(#7395,#7396,#7402,#7403));
#7395 = ORIENTED_EDGE('',*,*,#2883,.F.);
#7396 = ORIENTED_EDGE('',*,*,#7397,.F.);
#7397 = EDGE_CURVE('',#3725,#2884,#7398,.T.);
#7398 = LINE('',#7399,#7400);
#7399 = CARTESIAN_POINT('',(131.1,76.55,5.684341886081E-14));
#7400 = VECTOR('',#7401,1.);
#7401 = DIRECTION('',(0.,1.110223024625E-16,-1.));
#7402 = ORIENTED_EDGE('',*,*,#3732,.T.);
#7403 = ORIENTED_EDGE('',*,*,#7380,.F.);
#7404 = PLANE('',#7405);
#7405 = AXIS2_PLACEMENT_3D('',#7406,#7407,#7408);
#7406 = CARTESIAN_POINT('',(131.1,62.15,8.171241461241E-14));
#7407 = DIRECTION('',(1.,0.,0.));
#7408 = DIRECTION('',(0.,-1.,-1.110223024625E-16));
#7409 = ADVANCED_FACE('',(#7410),#7416,.F.);
#7410 = FACE_BOUND('',#7411,.T.);
#7411 = EDGE_LOOP('',(#7412,#7413,#7414,#7415));
#7412 = ORIENTED_EDGE('',*,*,#2891,.F.);
#7413 = ORIENTED_EDGE('',*,*,#3550,.F.);
#7414 = ORIENTED_EDGE('',*,*,#3724,.T.);
#7415 = ORIENTED_EDGE('',*,*,#7397,.T.);
#7416 = PLANE('',#7417);
#7417 = AXIS2_PLACEMENT_3D('',#7418,#7419,#7420);
#7418 = CARTESIAN_POINT('',(69.5,76.55,5.684341886081E-14));
#7419 = DIRECTION('',(-0.,-1.,-1.110223024625E-16));
#7420 = DIRECTION('',(-1.,0.,0.));
#7421 = ADVANCED_FACE('',(#7422),#7433,.F.);
#7422 = FACE_BOUND('',#7423,.T.);
#7423 = EDGE_LOOP('',(#7424,#7425,#7431,#7432));
#7424 = ORIENTED_EDGE('',*,*,#2907,.F.);
#7425 = ORIENTED_EDGE('',*,*,#7426,.T.);
#7426 = EDGE_CURVE('',#2908,#3756,#7427,.T.);
#7427 = LINE('',#7428,#7429);
#7428 = CARTESIAN_POINT('',(131.1,98.15,5.684341886081E-14));
#7429 = VECTOR('',#7430,1.);
#7430 = DIRECTION('',(0.,-1.110223024625E-16,1.));
#7431 = ORIENTED_EDGE('',*,*,#3763,.T.);
#7432 = ORIENTED_EDGE('',*,*,#3580,.F.);
#7433 = PLANE('',#7434);
#7434 = AXIS2_PLACEMENT_3D('',#7435,#7436,#7437);
#7435 = CARTESIAN_POINT('',(194.5,98.15,7.105427357601E-14));
#7436 = DIRECTION('',(0.,1.,1.110223024625E-16));
#7437 = DIRECTION('',(1.,0.,0.));
#7438 = ADVANCED_FACE('',(#7439),#7450,.F.);
#7439 = FACE_BOUND('',#7440,.T.);
#7440 = EDGE_LOOP('',(#7441,#7442,#7448,#7449));
#7441 = ORIENTED_EDGE('',*,*,#2917,.F.);
#7442 = ORIENTED_EDGE('',*,*,#7443,.F.);
#7443 = EDGE_CURVE('',#3748,#2918,#7444,.T.);
#7444 = LINE('',#7445,#7446);
#7445 = CARTESIAN_POINT('',(131.1,88.55,5.684341886081E-14));
#7446 = VECTOR('',#7447,1.);
#7447 = DIRECTION('',(0.,1.110223024625E-16,-1.));
#7448 = ORIENTED_EDGE('',*,*,#3755,.T.);
#7449 = ORIENTED_EDGE('',*,*,#7426,.F.);
#7450 = PLANE('',#7451);
#7451 = AXIS2_PLACEMENT_3D('',#7452,#7453,#7454);
#7452 = CARTESIAN_POINT('',(131.1,62.15,8.171241461241E-14));
#7453 = DIRECTION('',(1.,0.,0.));
#7454 = DIRECTION('',(0.,-1.,-1.110223024625E-16));
#7455 = ADVANCED_FACE('',(#7456),#7462,.F.);
#7456 = FACE_BOUND('',#7457,.T.);
#7457 = EDGE_LOOP('',(#7458,#7459,#7460,#7461));
#7458 = ORIENTED_EDGE('',*,*,#2925,.F.);
#7459 = ORIENTED_EDGE('',*,*,#3573,.F.);
#7460 = ORIENTED_EDGE('',*,*,#3747,.T.);
#7461 = ORIENTED_EDGE('',*,*,#7443,.T.);
#7462 = PLANE('',#7463);
#7463 = AXIS2_PLACEMENT_3D('',#7464,#7465,#7466);
#7464 = CARTESIAN_POINT('',(69.5,88.55,6.394884621841E-14));
#7465 = DIRECTION('',(-0.,-1.,-1.110223024625E-16));
#7466 = DIRECTION('',(-1.,0.,0.));
#7467 = ADVANCED_FACE('',(#7468),#7484,.F.);
#7468 = FACE_BOUND('',#7469,.T.);
#7469 = EDGE_LOOP('',(#7470,#7471,#7477,#7478));
#7470 = ORIENTED_EDGE('',*,*,#2941,.F.);
#7471 = ORIENTED_EDGE('',*,*,#7472,.T.);
#7472 = EDGE_CURVE('',#2942,#4145,#7473,.T.);
#7473 = LINE('',#7474,#7475);
#7474 = CARTESIAN_POINT('',(131.1,110.15,5.684341886081E-14));
#7475 = VECTOR('',#7476,1.);
#7476 = DIRECTION('',(0.,-1.110223024625E-16,1.));
#7477 = ORIENTED_EDGE('',*,*,#4152,.T.);
#7478 = ORIENTED_EDGE('',*,*,#7479,.F.);
#7479 = EDGE_CURVE('',#2944,#4153,#7480,.T.);
#7480 = LINE('',#7481,#7482);
#7481 = CARTESIAN_POINT('',(81.5,110.15,5.684341886081E-14));
#7482 = VECTOR('',#7483,1.);
#7483 = DIRECTION('',(0.,-1.110223024625E-16,1.));
#7484 = PLANE('',#7485);
#7485 = AXIS2_PLACEMENT_3D('',#7486,#7487,#7488);
#7486 = CARTESIAN_POINT('',(194.5,110.15,5.506706202141E-14));
#7487 = DIRECTION('',(0.,1.,1.110223024625E-16));
#7488 = DIRECTION('',(1.,0.,0.));
#7489 = ADVANCED_FACE('',(#7490),#7501,.F.);
#7490 = FACE_BOUND('',#7491,.T.);
#7491 = EDGE_LOOP('',(#7492,#7493,#7499,#7500));
#7492 = ORIENTED_EDGE('',*,*,#2951,.F.);
#7493 = ORIENTED_EDGE('',*,*,#7494,.F.);
#7494 = EDGE_CURVE('',#4137,#2952,#7495,.T.);
#7495 = LINE('',#7496,#7497);
#7496 = CARTESIAN_POINT('',(131.1,100.55,5.684341886081E-14));
#7497 = VECTOR('',#7498,1.);
#7498 = DIRECTION('',(0.,1.110223024625E-16,-1.));
#7499 = ORIENTED_EDGE('',*,*,#4144,.T.);
#7500 = ORIENTED_EDGE('',*,*,#7472,.F.);
#7501 = PLANE('',#7502);
#7502 = AXIS2_PLACEMENT_3D('',#7503,#7504,#7505);
#7503 = CARTESIAN_POINT('',(131.1,62.15,8.171241461241E-14));
#7504 = DIRECTION('',(1.,0.,0.));
#7505 = DIRECTION('',(0.,-1.,-1.110223024625E-16));
#7506 = ADVANCED_FACE('',(#7507),#7518,.F.);
#7507 = FACE_BOUND('',#7508,.T.);
#7508 = EDGE_LOOP('',(#7509,#7510,#7516,#7517));
#7509 = ORIENTED_EDGE('',*,*,#4160,.T.);
#7510 = ORIENTED_EDGE('',*,*,#7511,.T.);
#7511 = EDGE_CURVE('',#4135,#2960,#7512,.T.);
#7512 = LINE('',#7513,#7514);
#7513 = CARTESIAN_POINT('',(81.5,100.55,5.684341886081E-14));
#7514 = VECTOR('',#7515,1.);
#7515 = DIRECTION('',(0.,1.110223024625E-16,-1.));
#7516 = ORIENTED_EDGE('',*,*,#2967,.F.);
#7517 = ORIENTED_EDGE('',*,*,#7479,.T.);
#7518 = PLANE('',#7519);
#7519 = AXIS2_PLACEMENT_3D('',#7520,#7521,#7522);
#7520 = CARTESIAN_POINT('',(81.5,194.15,7.815970093361E-14));
#7521 = DIRECTION('',(-1.,-0.,0.));
#7522 = DIRECTION('',(0.,1.,1.110223024625E-16));
#7523 = ADVANCED_FACE('',(#7524),#7530,.F.);
#7524 = FACE_BOUND('',#7525,.T.);
#7525 = EDGE_LOOP('',(#7526,#7527,#7528,#7529));
#7526 = ORIENTED_EDGE('',*,*,#2959,.F.);
#7527 = ORIENTED_EDGE('',*,*,#7511,.F.);
#7528 = ORIENTED_EDGE('',*,*,#4134,.T.);
#7529 = ORIENTED_EDGE('',*,*,#7494,.T.);
#7530 = PLANE('',#7531);
#7531 = AXIS2_PLACEMENT_3D('',#7532,#7533,#7534);
#7532 = CARTESIAN_POINT('',(69.5,100.55,7.460698725481E-14));
#7533 = DIRECTION('',(-0.,-1.,-1.110223024625E-16));
#7534 = DIRECTION('',(-1.,0.,0.));
#7535 = ADVANCED_FACE('',(#7536),#7552,.F.);
#7536 = FACE_BOUND('',#7537,.T.);
#7537 = EDGE_LOOP('',(#7538,#7539,#7545,#7546));
#7538 = ORIENTED_EDGE('',*,*,#2975,.F.);
#7539 = ORIENTED_EDGE('',*,*,#7540,.T.);
#7540 = EDGE_CURVE('',#2976,#4179,#7541,.T.);
#7541 = LINE('',#7542,#7543);
#7542 = CARTESIAN_POINT('',(131.1,122.15,5.684341886081E-14));
#7543 = VECTOR('',#7544,1.);
#7544 = DIRECTION('',(0.,-1.110223024625E-16,1.));
#7545 = ORIENTED_EDGE('',*,*,#4186,.T.);
#7546 = ORIENTED_EDGE('',*,*,#7547,.F.);
#7547 = EDGE_CURVE('',#2978,#4187,#7548,.T.);
#7548 = LINE('',#7549,#7550);
#7549 = CARTESIAN_POINT('',(81.5,122.15,5.684341886081E-14));
#7550 = VECTOR('',#7551,1.);
#7551 = DIRECTION('',(0.,-1.110223024625E-16,1.));
#7552 = PLANE('',#7553);
#7553 = AXIS2_PLACEMENT_3D('',#7554,#7555,#7556);
#7554 = CARTESIAN_POINT('',(194.5,122.15,6.750155989721E-14));
#7555 = DIRECTION('',(0.,1.,1.110223024625E-16));
#7556 = DIRECTION('',(1.,0.,0.));
#7557 = ADVANCED_FACE('',(#7558),#7569,.F.);
#7558 = FACE_BOUND('',#7559,.T.);
#7559 = EDGE_LOOP('',(#7560,#7561,#7567,#7568));
#7560 = ORIENTED_EDGE('',*,*,#2985,.F.);
#7561 = ORIENTED_EDGE('',*,*,#7562,.F.);
#7562 = EDGE_CURVE('',#4171,#2986,#7563,.T.);
#7563 = LINE('',#7564,#7565);
#7564 = CARTESIAN_POINT('',(131.1,112.55,5.684341886081E-14));
#7565 = VECTOR('',#7566,1.);
#7566 = DIRECTION('',(0.,1.110223024625E-16,-1.));
#7567 = ORIENTED_EDGE('',*,*,#4178,.T.);
#7568 = ORIENTED_EDGE('',*,*,#7540,.F.);
#7569 = PLANE('',#7570);
#7570 = AXIS2_PLACEMENT_3D('',#7571,#7572,#7573);
#7571 = CARTESIAN_POINT('',(131.1,62.15,8.171241461241E-14));
#7572 = DIRECTION('',(1.,0.,0.));
#7573 = DIRECTION('',(0.,-1.,-1.110223024625E-16));
#7574 = ADVANCED_FACE('',(#7575),#7586,.F.);
#7575 = FACE_BOUND('',#7576,.T.);
#7576 = EDGE_LOOP('',(#7577,#7578,#7584,#7585));
#7577 = ORIENTED_EDGE('',*,*,#4194,.T.);
#7578 = ORIENTED_EDGE('',*,*,#7579,.T.);
#7579 = EDGE_CURVE('',#4169,#2994,#7580,.T.);
#7580 = LINE('',#7581,#7582);
#7581 = CARTESIAN_POINT('',(81.5,112.55,5.684341886081E-14));
#7582 = VECTOR('',#7583,1.);
#7583 = DIRECTION('',(0.,1.110223024625E-16,-1.));
#7584 = ORIENTED_EDGE('',*,*,#3001,.F.);
#7585 = ORIENTED_EDGE('',*,*,#7547,.T.);
#7586 = PLANE('',#7587);
#7587 = AXIS2_PLACEMENT_3D('',#7588,#7589,#7590);
#7588 = CARTESIAN_POINT('',(81.5,194.15,7.815970093361E-14));
#7589 = DIRECTION('',(-1.,-0.,0.));
#7590 = DIRECTION('',(0.,1.,1.110223024625E-16));
#7591 = ADVANCED_FACE('',(#7592),#7598,.F.);
#7592 = FACE_BOUND('',#7593,.T.);
#7593 = EDGE_LOOP('',(#7594,#7595,#7596,#7597));
#7594 = ORIENTED_EDGE('',*,*,#2993,.F.);
#7595 = ORIENTED_EDGE('',*,*,#7579,.F.);
#7596 = ORIENTED_EDGE('',*,*,#4168,.T.);
#7597 = ORIENTED_EDGE('',*,*,#7562,.T.);
#7598 = PLANE('',#7599);
#7599 = AXIS2_PLACEMENT_3D('',#7600,#7601,#7602);
#7600 = CARTESIAN_POINT('',(69.5,112.55,5.151434834261E-14));
#7601 = DIRECTION('',(-0.,-1.,-1.110223024625E-16));
#7602 = DIRECTION('',(-1.,0.,0.));
#7603 = ADVANCED_FACE('',(#7604),#7610,.F.);
#7604 = FACE_BOUND('',#7605,.T.);
#7605 = EDGE_LOOP('',(#7606,#7607,#7608,#7609));
#7606 = ORIENTED_EDGE('',*,*,#3018,.F.);
#7607 = ORIENTED_EDGE('',*,*,#4467,.F.);
#7608 = ORIENTED_EDGE('',*,*,#3701,.T.);
#7609 = ORIENTED_EDGE('',*,*,#4413,.T.);
#7610 = PLANE('',#7611);
#7611 = AXIS2_PLACEMENT_3D('',#7612,#7613,#7614);
#7612 = CARTESIAN_POINT('',(194.5,74.15,5.684341886081E-14));
#7613 = DIRECTION('',(0.,1.,1.110223024625E-16));
#7614 = DIRECTION('',(1.,0.,0.));
#7615 = ADVANCED_FACE('',(#7616),#7627,.F.);
#7616 = FACE_BOUND('',#7617,.T.);
#7617 = EDGE_LOOP('',(#7618,#7619,#7625,#7626));
#7618 = ORIENTED_EDGE('',*,*,#3034,.F.);
#7619 = ORIENTED_EDGE('',*,*,#7620,.T.);
#7620 = EDGE_CURVE('',#3035,#4051,#7621,.T.);
#7621 = LINE('',#7622,#7623);
#7622 = CARTESIAN_POINT('',(133.5,76.55,5.684341886081E-14));
#7623 = VECTOR('',#7624,1.);
#7624 = DIRECTION('',(0.,-1.110223024625E-16,1.));
#7625 = ORIENTED_EDGE('',*,*,#4058,.T.);
#7626 = ORIENTED_EDGE('',*,*,#4460,.F.);
#7627 = PLANE('',#7628);
#7628 = AXIS2_PLACEMENT_3D('',#7629,#7630,#7631);
#7629 = CARTESIAN_POINT('',(69.5,76.55,5.684341886081E-14));
#7630 = DIRECTION('',(-0.,-1.,-1.110223024625E-16));
#7631 = DIRECTION('',(-1.,0.,0.));
#7632 = ADVANCED_FACE('',(#7633),#7644,.F.);
#7633 = FACE_BOUND('',#7634,.T.);
#7634 = EDGE_LOOP('',(#7635,#7636,#7642,#7643));
#7635 = ORIENTED_EDGE('',*,*,#3044,.F.);
#7636 = ORIENTED_EDGE('',*,*,#7637,.F.);
#7637 = EDGE_CURVE('',#4043,#3045,#7638,.T.);
#7638 = LINE('',#7639,#7640);
#7639 = CARTESIAN_POINT('',(133.5,86.15,5.684341886081E-14));
#7640 = VECTOR('',#7641,1.);
#7641 = DIRECTION('',(0.,1.110223024625E-16,-1.));
#7642 = ORIENTED_EDGE('',*,*,#4050,.T.);
#7643 = ORIENTED_EDGE('',*,*,#7620,.F.);
#7644 = PLANE('',#7645);
#7645 = AXIS2_PLACEMENT_3D('',#7646,#7647,#7648);
#7646 = CARTESIAN_POINT('',(133.5,194.15,9.237055564881E-14));
#7647 = DIRECTION('',(-1.,-0.,0.));
#7648 = DIRECTION('',(0.,1.,1.110223024625E-16));
#7649 = ADVANCED_FACE('',(#7650),#7656,.F.);
#7650 = FACE_BOUND('',#7651,.T.);
#7651 = EDGE_LOOP('',(#7652,#7653,#7654,#7655));
#7652 = ORIENTED_EDGE('',*,*,#3052,.F.);
#7653 = ORIENTED_EDGE('',*,*,#4453,.F.);
#7654 = ORIENTED_EDGE('',*,*,#4042,.T.);
#7655 = ORIENTED_EDGE('',*,*,#7637,.T.);
#7656 = PLANE('',#7657);
#7657 = AXIS2_PLACEMENT_3D('',#7658,#7659,#7660);
#7658 = CARTESIAN_POINT('',(194.5,86.15,6.039613253961E-14));
#7659 = DIRECTION('',(0.,1.,1.110223024625E-16));
#7660 = DIRECTION('',(1.,0.,0.));
#7661 = ADVANCED_FACE('',(#7662),#7673,.F.);
#7662 = FACE_BOUND('',#7663,.T.);
#7663 = EDGE_LOOP('',(#7664,#7665,#7671,#7672));
#7664 = ORIENTED_EDGE('',*,*,#3068,.F.);
#7665 = ORIENTED_EDGE('',*,*,#7666,.T.);
#7666 = EDGE_CURVE('',#3069,#4019,#7667,.T.);
#7667 = LINE('',#7668,#7669);
#7668 = CARTESIAN_POINT('',(133.5,88.55,5.684341886081E-14));
#7669 = VECTOR('',#7670,1.);
#7670 = DIRECTION('',(0.,-1.110223024625E-16,1.));
#7671 = ORIENTED_EDGE('',*,*,#4026,.T.);
#7672 = ORIENTED_EDGE('',*,*,#4446,.F.);
#7673 = PLANE('',#7674);
#7674 = AXIS2_PLACEMENT_3D('',#7675,#7676,#7677);
#7675 = CARTESIAN_POINT('',(69.5,88.55,6.394884621841E-14));
#7676 = DIRECTION('',(-0.,-1.,-1.110223024625E-16));
#7677 = DIRECTION('',(-1.,0.,0.));
#7678 = ADVANCED_FACE('',(#7679),#7690,.F.);
#7679 = FACE_BOUND('',#7680,.T.);
#7680 = EDGE_LOOP('',(#7681,#7682,#7688,#7689));
#7681 = ORIENTED_EDGE('',*,*,#3078,.F.);
#7682 = ORIENTED_EDGE('',*,*,#7683,.F.);
#7683 = EDGE_CURVE('',#4011,#3079,#7684,.T.);
#7684 = LINE('',#7685,#7686);
#7685 = CARTESIAN_POINT('',(133.5,98.15,5.684341886081E-14));
#7686 = VECTOR('',#7687,1.);
#7687 = DIRECTION('',(0.,1.110223024625E-16,-1.));
#7688 = ORIENTED_EDGE('',*,*,#4018,.T.);
#7689 = ORIENTED_EDGE('',*,*,#7666,.F.);
#7690 = PLANE('',#7691);
#7691 = AXIS2_PLACEMENT_3D('',#7692,#7693,#7694);
#7692 = CARTESIAN_POINT('',(133.5,194.15,9.237055564881E-14));
#7693 = DIRECTION('',(-1.,-0.,0.));
#7694 = DIRECTION('',(0.,1.,1.110223024625E-16));
#7695 = ADVANCED_FACE('',(#7696),#7702,.F.);
#7696 = FACE_BOUND('',#7697,.T.);
#7697 = EDGE_LOOP('',(#7698,#7699,#7700,#7701));
#7698 = ORIENTED_EDGE('',*,*,#3086,.F.);
#7699 = ORIENTED_EDGE('',*,*,#4439,.F.);
#7700 = ORIENTED_EDGE('',*,*,#4010,.T.);
#7701 = ORIENTED_EDGE('',*,*,#7683,.T.);
#7702 = PLANE('',#7703);
#7703 = AXIS2_PLACEMENT_3D('',#7704,#7705,#7706);
#7704 = CARTESIAN_POINT('',(194.5,98.15,7.105427357601E-14));
#7705 = DIRECTION('',(0.,1.,1.110223024625E-16));
#7706 = DIRECTION('',(1.,0.,0.));
#7707 = ADVANCED_FACE('',(#7708),#7724,.F.);
#7708 = FACE_BOUND('',#7709,.T.);
#7709 = EDGE_LOOP('',(#7710,#7711,#7717,#7718));
#7710 = ORIENTED_EDGE('',*,*,#3102,.F.);
#7711 = ORIENTED_EDGE('',*,*,#7712,.T.);
#7712 = EDGE_CURVE('',#3103,#4077,#7713,.T.);
#7713 = LINE('',#7714,#7715);
#7714 = CARTESIAN_POINT('',(133.5,100.55,5.684341886081E-14));
#7715 = VECTOR('',#7716,1.);
#7716 = DIRECTION('',(0.,-1.110223024625E-16,1.));
#7717 = ORIENTED_EDGE('',*,*,#4084,.T.);
#7718 = ORIENTED_EDGE('',*,*,#7719,.F.);
#7719 = EDGE_CURVE('',#3105,#4085,#7720,.T.);
#7720 = LINE('',#7721,#7722);
#7721 = CARTESIAN_POINT('',(183.5,100.55,5.684341886081E-14));
#7722 = VECTOR('',#7723,1.);
#7723 = DIRECTION('',(0.,-1.110223024625E-16,1.));
#7724 = PLANE('',#7725);
#7725 = AXIS2_PLACEMENT_3D('',#7726,#7727,#7728);
#7726 = CARTESIAN_POINT('',(69.5,100.55,7.460698725481E-14));
#7727 = DIRECTION('',(-0.,-1.,-1.110223024625E-16));
#7728 = DIRECTION('',(-1.,0.,0.));
#7729 = ADVANCED_FACE('',(#7730),#7741,.F.);
#7730 = FACE_BOUND('',#7731,.T.);
#7731 = EDGE_LOOP('',(#7732,#7733,#7739,#7740));
#7732 = ORIENTED_EDGE('',*,*,#3112,.F.);
#7733 = ORIENTED_EDGE('',*,*,#7734,.F.);
#7734 = EDGE_CURVE('',#4069,#3113,#7735,.T.);
#7735 = LINE('',#7736,#7737);
#7736 = CARTESIAN_POINT('',(133.5,110.15,5.684341886081E-14));
#7737 = VECTOR('',#7738,1.);
#7738 = DIRECTION('',(0.,1.110223024625E-16,-1.));
#7739 = ORIENTED_EDGE('',*,*,#4076,.T.);
#7740 = ORIENTED_EDGE('',*,*,#7712,.F.);
#7741 = PLANE('',#7742);
#7742 = AXIS2_PLACEMENT_3D('',#7743,#7744,#7745);
#7743 = CARTESIAN_POINT('',(133.5,194.15,9.237055564881E-14));
#7744 = DIRECTION('',(-1.,-0.,0.));
#7745 = DIRECTION('',(0.,1.,1.110223024625E-16));
#7746 = ADVANCED_FACE('',(#7747),#7758,.F.);
#7747 = FACE_BOUND('',#7748,.T.);
#7748 = EDGE_LOOP('',(#7749,#7750,#7751,#7757));
#7749 = ORIENTED_EDGE('',*,*,#7719,.T.);
#7750 = ORIENTED_EDGE('',*,*,#4092,.T.);
#7751 = ORIENTED_EDGE('',*,*,#7752,.T.);
#7752 = EDGE_CURVE('',#4067,#3121,#7753,.T.);
#7753 = LINE('',#7754,#7755);
#7754 = CARTESIAN_POINT('',(183.5,110.15,5.684341886081E-14));
#7755 = VECTOR('',#7756,1.);
#7756 = DIRECTION('',(0.,1.110223024625E-16,-1.));
#7757 = ORIENTED_EDGE('',*,*,#3128,.F.);
#7758 = PLANE('',#7759);
#7759 = AXIS2_PLACEMENT_3D('',#7760,#7761,#7762);
#7760 = CARTESIAN_POINT('',(183.5,62.15,7.460698725481E-14));
#7761 = DIRECTION('',(1.,0.,0.));
#7762 = DIRECTION('',(0.,-1.,-1.110223024625E-16));
#7763 = ADVANCED_FACE('',(#7764),#7770,.F.);
#7764 = FACE_BOUND('',#7765,.T.);
#7765 = EDGE_LOOP('',(#7766,#7767,#7768,#7769));
#7766 = ORIENTED_EDGE('',*,*,#3120,.F.);
#7767 = ORIENTED_EDGE('',*,*,#7752,.F.);
#7768 = ORIENTED_EDGE('',*,*,#4066,.T.);
#7769 = ORIENTED_EDGE('',*,*,#7734,.T.);
#7770 = PLANE('',#7771);
#7771 = AXIS2_PLACEMENT_3D('',#7772,#7773,#7774);
#7772 = CARTESIAN_POINT('',(194.5,110.15,5.506706202141E-14));
#7773 = DIRECTION('',(0.,1.,1.110223024625E-16));
#7774 = DIRECTION('',(1.,0.,0.));
#7775 = ADVANCED_FACE('',(#7776),#7792,.F.);
#7776 = FACE_BOUND('',#7777,.T.);
#7777 = EDGE_LOOP('',(#7778,#7779,#7785,#7786));
#7778 = ORIENTED_EDGE('',*,*,#3136,.F.);
#7779 = ORIENTED_EDGE('',*,*,#7780,.T.);
#7780 = EDGE_CURVE('',#3137,#4111,#7781,.T.);
#7781 = LINE('',#7782,#7783);
#7782 = CARTESIAN_POINT('',(133.5,112.55,5.684341886081E-14));
#7783 = VECTOR('',#7784,1.);
#7784 = DIRECTION('',(0.,-1.110223024625E-16,1.));
#7785 = ORIENTED_EDGE('',*,*,#4118,.T.);
#7786 = ORIENTED_EDGE('',*,*,#7787,.F.);
#7787 = EDGE_CURVE('',#3139,#4119,#7788,.T.);
#7788 = LINE('',#7789,#7790);
#7789 = CARTESIAN_POINT('',(183.5,112.55,5.684341886081E-14));
#7790 = VECTOR('',#7791,1.);
#7791 = DIRECTION('',(0.,-1.110223024625E-16,1.));
#7792 = PLANE('',#7793);
#7793 = AXIS2_PLACEMENT_3D('',#7794,#7795,#7796);
#7794 = CARTESIAN_POINT('',(69.5,112.55,5.151434834261E-14));
#7795 = DIRECTION('',(-0.,-1.,-1.110223024625E-16));
#7796 = DIRECTION('',(-1.,0.,0.));
#7797 = ADVANCED_FACE('',(#7798),#7809,.F.);
#7798 = FACE_BOUND('',#7799,.T.);
#7799 = EDGE_LOOP('',(#7800,#7801,#7807,#7808));
#7800 = ORIENTED_EDGE('',*,*,#3146,.F.);
#7801 = ORIENTED_EDGE('',*,*,#7802,.F.);
#7802 = EDGE_CURVE('',#4103,#3147,#7803,.T.);
#7803 = LINE('',#7804,#7805);
#7804 = CARTESIAN_POINT('',(133.5,122.15,5.684341886081E-14));
#7805 = VECTOR('',#7806,1.);
#7806 = DIRECTION('',(0.,1.110223024625E-16,-1.));
#7807 = ORIENTED_EDGE('',*,*,#4110,.T.);
#7808 = ORIENTED_EDGE('',*,*,#7780,.F.);
#7809 = PLANE('',#7810);
#7810 = AXIS2_PLACEMENT_3D('',#7811,#7812,#7813);
#7811 = CARTESIAN_POINT('',(133.5,194.15,9.237055564881E-14));
#7812 = DIRECTION('',(-1.,-0.,0.));
#7813 = DIRECTION('',(0.,1.,1.110223024625E-16));
#7814 = ADVANCED_FACE('',(#7815),#7826,.F.);
#7815 = FACE_BOUND('',#7816,.T.);
#7816 = EDGE_LOOP('',(#7817,#7818,#7819,#7825));
#7817 = ORIENTED_EDGE('',*,*,#7787,.T.);
#7818 = ORIENTED_EDGE('',*,*,#4126,.T.);
#7819 = ORIENTED_EDGE('',*,*,#7820,.T.);
#7820 = EDGE_CURVE('',#4101,#3155,#7821,.T.);
#7821 = LINE('',#7822,#7823);
#7822 = CARTESIAN_POINT('',(183.5,122.15,5.684341886081E-14));
#7823 = VECTOR('',#7824,1.);
#7824 = DIRECTION('',(0.,1.110223024625E-16,-1.));
#7825 = ORIENTED_EDGE('',*,*,#3162,.F.);
#7826 = PLANE('',#7827);
#7827 = AXIS2_PLACEMENT_3D('',#7828,#7829,#7830);
#7828 = CARTESIAN_POINT('',(183.5,62.15,7.460698725481E-14));
#7829 = DIRECTION('',(1.,0.,0.));
#7830 = DIRECTION('',(0.,-1.,-1.110223024625E-16));
#7831 = ADVANCED_FACE('',(#7832),#7838,.F.);
#7832 = FACE_BOUND('',#7833,.T.);
#7833 = EDGE_LOOP('',(#7834,#7835,#7836,#7837));
#7834 = ORIENTED_EDGE('',*,*,#3154,.F.);
#7835 = ORIENTED_EDGE('',*,*,#7820,.F.);
#7836 = ORIENTED_EDGE('',*,*,#4100,.T.);
#7837 = ORIENTED_EDGE('',*,*,#7802,.T.);
#7838 = PLANE('',#7839);
#7839 = AXIS2_PLACEMENT_3D('',#7840,#7841,#7842);
#7840 = CARTESIAN_POINT('',(194.5,122.15,6.750155989721E-14));
#7841 = DIRECTION('',(0.,1.,1.110223024625E-16));
#7842 = DIRECTION('',(1.,0.,0.));
#7843 = ADVANCED_FACE('',(#7844),#7860,.F.);
#7844 = FACE_BOUND('',#7845,.T.);
#7845 = EDGE_LOOP('',(#7846,#7847,#7853,#7854));
#7846 = ORIENTED_EDGE('',*,*,#3170,.F.);
#7847 = ORIENTED_EDGE('',*,*,#7848,.T.);
#7848 = EDGE_CURVE('',#3171,#4315,#7849,.T.);
#7849 = LINE('',#7850,#7851);
#7850 = CARTESIAN_POINT('',(131.1,134.15,5.684341886081E-14));
#7851 = VECTOR('',#7852,1.);
#7852 = DIRECTION('',(0.,-1.110223024625E-16,1.));
#7853 = ORIENTED_EDGE('',*,*,#4322,.T.);
#7854 = ORIENTED_EDGE('',*,*,#7855,.F.);
#7855 = EDGE_CURVE('',#3173,#4323,#7856,.T.);
#7856 = LINE('',#7857,#7858);
#7857 = CARTESIAN_POINT('',(81.5,134.15,5.684341886081E-14));
#7858 = VECTOR('',#7859,1.);
#7859 = DIRECTION('',(0.,-1.110223024625E-16,1.));
#7860 = PLANE('',#7861);
#7861 = AXIS2_PLACEMENT_3D('',#7862,#7863,#7864);
#7862 = CARTESIAN_POINT('',(194.5,134.15,7.105427357601E-14));
#7863 = DIRECTION('',(0.,1.,1.110223024625E-16));
#7864 = DIRECTION('',(1.,0.,0.));
#7865 = ADVANCED_FACE('',(#7866),#7877,.F.);
#7866 = FACE_BOUND('',#7867,.T.);
#7867 = EDGE_LOOP('',(#7868,#7869,#7875,#7876));
#7868 = ORIENTED_EDGE('',*,*,#3180,.F.);
#7869 = ORIENTED_EDGE('',*,*,#7870,.F.);
#7870 = EDGE_CURVE('',#4307,#3181,#7871,.T.);
#7871 = LINE('',#7872,#7873);
#7872 = CARTESIAN_POINT('',(131.1,124.55,5.684341886081E-14));
#7873 = VECTOR('',#7874,1.);
#7874 = DIRECTION('',(0.,1.110223024625E-16,-1.));
#7875 = ORIENTED_EDGE('',*,*,#4314,.T.);
#7876 = ORIENTED_EDGE('',*,*,#7848,.F.);
#7877 = PLANE('',#7878);
#7878 = AXIS2_PLACEMENT_3D('',#7879,#7880,#7881);
#7879 = CARTESIAN_POINT('',(131.1,62.15,8.171241461241E-14));
#7880 = DIRECTION('',(1.,0.,0.));
#7881 = DIRECTION('',(0.,-1.,-1.110223024625E-16));
#7882 = ADVANCED_FACE('',(#7883),#7894,.F.);
#7883 = FACE_BOUND('',#7884,.T.);
#7884 = EDGE_LOOP('',(#7885,#7886,#7887,#7893));
#7885 = ORIENTED_EDGE('',*,*,#7855,.T.);
#7886 = ORIENTED_EDGE('',*,*,#4330,.T.);
#7887 = ORIENTED_EDGE('',*,*,#7888,.T.);
#7888 = EDGE_CURVE('',#4305,#3189,#7889,.T.);
#7889 = LINE('',#7890,#7891);
#7890 = CARTESIAN_POINT('',(81.5,124.55,5.684341886081E-14));
#7891 = VECTOR('',#7892,1.);
#7892 = DIRECTION('',(0.,1.110223024625E-16,-1.));
#7893 = ORIENTED_EDGE('',*,*,#3196,.F.);
#7894 = PLANE('',#7895);
#7895 = AXIS2_PLACEMENT_3D('',#7896,#7897,#7898);
#7896 = CARTESIAN_POINT('',(81.5,194.15,7.815970093361E-14));
#7897 = DIRECTION('',(-1.,-0.,0.));
#7898 = DIRECTION('',(0.,1.,1.110223024625E-16));
#7899 = ADVANCED_FACE('',(#7900),#7906,.F.);
#7900 = FACE_BOUND('',#7901,.T.);
#7901 = EDGE_LOOP('',(#7902,#7903,#7904,#7905));
#7902 = ORIENTED_EDGE('',*,*,#3188,.F.);
#7903 = ORIENTED_EDGE('',*,*,#7888,.F.);
#7904 = ORIENTED_EDGE('',*,*,#4304,.T.);
#7905 = ORIENTED_EDGE('',*,*,#7870,.T.);
#7906 = PLANE('',#7907);
#7907 = AXIS2_PLACEMENT_3D('',#7908,#7909,#7910);
#7908 = CARTESIAN_POINT('',(69.5,124.55,6.750155989721E-14));
#7909 = DIRECTION('',(-0.,-1.,-1.110223024625E-16));
#7910 = DIRECTION('',(-1.,0.,0.));
#7911 = ADVANCED_FACE('',(#7912),#7928,.F.);
#7912 = FACE_BOUND('',#7913,.T.);
#7913 = EDGE_LOOP('',(#7914,#7915,#7921,#7922));
#7914 = ORIENTED_EDGE('',*,*,#3204,.F.);
#7915 = ORIENTED_EDGE('',*,*,#7916,.T.);
#7916 = EDGE_CURVE('',#3205,#4349,#7917,.T.);
#7917 = LINE('',#7918,#7919);
#7918 = CARTESIAN_POINT('',(131.1,146.15,5.684341886081E-14));
#7919 = VECTOR('',#7920,1.);
#7920 = DIRECTION('',(0.,-1.110223024625E-16,1.));
#7921 = ORIENTED_EDGE('',*,*,#4356,.T.);
#7922 = ORIENTED_EDGE('',*,*,#7923,.F.);
#7923 = EDGE_CURVE('',#3207,#4357,#7924,.T.);
#7924 = LINE('',#7925,#7926);
#7925 = CARTESIAN_POINT('',(81.5,146.15,5.684341886081E-14));
#7926 = VECTOR('',#7927,1.);
#7927 = DIRECTION('',(0.,-1.110223024625E-16,1.));
#7928 = PLANE('',#7929);
#7929 = AXIS2_PLACEMENT_3D('',#7930,#7931,#7932);
#7930 = CARTESIAN_POINT('',(194.5,146.15,7.460698725481E-14));
#7931 = DIRECTION('',(0.,1.,1.110223024625E-16));
#7932 = DIRECTION('',(1.,0.,0.));
#7933 = ADVANCED_FACE('',(#7934),#7945,.F.);
#7934 = FACE_BOUND('',#7935,.T.);
#7935 = EDGE_LOOP('',(#7936,#7937,#7943,#7944));
#7936 = ORIENTED_EDGE('',*,*,#3214,.F.);
#7937 = ORIENTED_EDGE('',*,*,#7938,.F.);
#7938 = EDGE_CURVE('',#4341,#3215,#7939,.T.);
#7939 = LINE('',#7940,#7941);
#7940 = CARTESIAN_POINT('',(131.1,136.55,5.684341886081E-14));
#7941 = VECTOR('',#7942,1.);
#7942 = DIRECTION('',(0.,1.110223024625E-16,-1.));
#7943 = ORIENTED_EDGE('',*,*,#4348,.T.);
#7944 = ORIENTED_EDGE('',*,*,#7916,.F.);
#7945 = PLANE('',#7946);
#7946 = AXIS2_PLACEMENT_3D('',#7947,#7948,#7949);
#7947 = CARTESIAN_POINT('',(131.1,62.15,8.171241461241E-14));
#7948 = DIRECTION('',(1.,0.,0.));
#7949 = DIRECTION('',(0.,-1.,-1.110223024625E-16));
#7950 = ADVANCED_FACE('',(#7951),#7962,.F.);
#7951 = FACE_BOUND('',#7952,.T.);
#7952 = EDGE_LOOP('',(#7953,#7954,#7955,#7961));
#7953 = ORIENTED_EDGE('',*,*,#7923,.T.);
#7954 = ORIENTED_EDGE('',*,*,#4364,.T.);
#7955 = ORIENTED_EDGE('',*,*,#7956,.T.);
#7956 = EDGE_CURVE('',#4339,#3223,#7957,.T.);
#7957 = LINE('',#7958,#7959);
#7958 = CARTESIAN_POINT('',(81.5,136.55,5.684341886081E-14));
#7959 = VECTOR('',#7960,1.);
#7960 = DIRECTION('',(0.,1.110223024625E-16,-1.));
#7961 = ORIENTED_EDGE('',*,*,#3230,.F.);
#7962 = PLANE('',#7963);
#7963 = AXIS2_PLACEMENT_3D('',#7964,#7965,#7966);
#7964 = CARTESIAN_POINT('',(81.5,194.15,7.815970093361E-14));
#7965 = DIRECTION('',(-1.,-0.,0.));
#7966 = DIRECTION('',(0.,1.,1.110223024625E-16));
#7967 = ADVANCED_FACE('',(#7968),#7974,.F.);
#7968 = FACE_BOUND('',#7969,.T.);
#7969 = EDGE_LOOP('',(#7970,#7971,#7972,#7973));
#7970 = ORIENTED_EDGE('',*,*,#3222,.F.);
#7971 = ORIENTED_EDGE('',*,*,#7956,.F.);
#7972 = ORIENTED_EDGE('',*,*,#4338,.T.);
#7973 = ORIENTED_EDGE('',*,*,#7938,.T.);
#7974 = PLANE('',#7975);
#7975 = AXIS2_PLACEMENT_3D('',#7976,#7977,#7978);
#7976 = CARTESIAN_POINT('',(69.5,136.55,7.105427357601E-14));
#7977 = DIRECTION('',(-0.,-1.,-1.110223024625E-16));
#7978 = DIRECTION('',(-1.,0.,0.));
#7979 = ADVANCED_FACE('',(#7980),#7996,.F.);
#7980 = FACE_BOUND('',#7981,.T.);
#7981 = EDGE_LOOP('',(#7982,#7983,#7989,#7990));
#7982 = ORIENTED_EDGE('',*,*,#3238,.F.);
#7983 = ORIENTED_EDGE('',*,*,#7984,.T.);
#7984 = EDGE_CURVE('',#3239,#4383,#7985,.T.);
#7985 = LINE('',#7986,#7987);
#7986 = CARTESIAN_POINT('',(131.1,158.15,5.684341886081E-14));
#7987 = VECTOR('',#7988,1.);
#7988 = DIRECTION('',(0.,-1.110223024625E-16,1.));
#7989 = ORIENTED_EDGE('',*,*,#4390,.T.);
#7990 = ORIENTED_EDGE('',*,*,#7991,.F.);
#7991 = EDGE_CURVE('',#3241,#4391,#7992,.T.);
#7992 = LINE('',#7993,#7994);
#7993 = CARTESIAN_POINT('',(81.5,158.15,5.684341886081E-14));
#7994 = VECTOR('',#7995,1.);
#7995 = DIRECTION('',(0.,-1.110223024625E-16,1.));
#7996 = PLANE('',#7997);
#7997 = AXIS2_PLACEMENT_3D('',#7998,#7999,#8000);
#7998 = CARTESIAN_POINT('',(194.5,158.15,8.526512829121E-14));
#7999 = DIRECTION('',(0.,1.,1.110223024625E-16));
#8000 = DIRECTION('',(1.,0.,0.));
#8001 = ADVANCED_FACE('',(#8002),#8013,.F.);
#8002 = FACE_BOUND('',#8003,.T.);
#8003 = EDGE_LOOP('',(#8004,#8005,#8011,#8012));
#8004 = ORIENTED_EDGE('',*,*,#3248,.F.);
#8005 = ORIENTED_EDGE('',*,*,#8006,.F.);
#8006 = EDGE_CURVE('',#4375,#3249,#8007,.T.);
#8007 = LINE('',#8008,#8009);
#8008 = CARTESIAN_POINT('',(131.1,148.55,5.684341886081E-14));
#8009 = VECTOR('',#8010,1.);
#8010 = DIRECTION('',(0.,1.110223024625E-16,-1.));
#8011 = ORIENTED_EDGE('',*,*,#4382,.T.);
#8012 = ORIENTED_EDGE('',*,*,#7984,.F.);
#8013 = PLANE('',#8014);
#8014 = AXIS2_PLACEMENT_3D('',#8015,#8016,#8017);
#8015 = CARTESIAN_POINT('',(131.1,62.15,8.171241461241E-14));
#8016 = DIRECTION('',(1.,0.,0.));
#8017 = DIRECTION('',(0.,-1.,-1.110223024625E-16));
#8018 = ADVANCED_FACE('',(#8019),#8030,.F.);
#8019 = FACE_BOUND('',#8020,.T.);
#8020 = EDGE_LOOP('',(#8021,#8022,#8023,#8029));
#8021 = ORIENTED_EDGE('',*,*,#7991,.T.);
#8022 = ORIENTED_EDGE('',*,*,#4398,.T.);
#8023 = ORIENTED_EDGE('',*,*,#8024,.T.);
#8024 = EDGE_CURVE('',#4373,#3257,#8025,.T.);
#8025 = LINE('',#8026,#8027);
#8026 = CARTESIAN_POINT('',(81.5,148.55,5.684341886081E-14));
#8027 = VECTOR('',#8028,1.);
#8028 = DIRECTION('',(0.,1.110223024625E-16,-1.));
#8029 = ORIENTED_EDGE('',*,*,#3264,.F.);
#8030 = PLANE('',#8031);
#8031 = AXIS2_PLACEMENT_3D('',#8032,#8033,#8034);
#8032 = CARTESIAN_POINT('',(81.5,194.15,7.815970093361E-14));
#8033 = DIRECTION('',(-1.,-0.,0.));
#8034 = DIRECTION('',(0.,1.,1.110223024625E-16));
#8035 = ADVANCED_FACE('',(#8036),#8042,.F.);
#8036 = FACE_BOUND('',#8037,.T.);
#8037 = EDGE_LOOP('',(#8038,#8039,#8040,#8041));
#8038 = ORIENTED_EDGE('',*,*,#3256,.F.);
#8039 = ORIENTED_EDGE('',*,*,#8024,.F.);
#8040 = ORIENTED_EDGE('',*,*,#4372,.T.);
#8041 = ORIENTED_EDGE('',*,*,#8006,.T.);
#8042 = PLANE('',#8043);
#8043 = AXIS2_PLACEMENT_3D('',#8044,#8045,#8046);
#8044 = CARTESIAN_POINT('',(69.5,148.55,7.460698725481E-14));
#8045 = DIRECTION('',(-0.,-1.,-1.110223024625E-16));
#8046 = DIRECTION('',(-1.,0.,0.));
#8047 = ADVANCED_FACE('',(#8048),#8059,.F.);
#8048 = FACE_BOUND('',#8049,.T.);
#8049 = EDGE_LOOP('',(#8050,#8051,#8057,#8058));
#8050 = ORIENTED_EDGE('',*,*,#3272,.F.);
#8051 = ORIENTED_EDGE('',*,*,#8052,.T.);
#8052 = EDGE_CURVE('',#3273,#3811,#8053,.T.);
#8053 = LINE('',#8054,#8055);
#8054 = CARTESIAN_POINT('',(131.1,170.15,5.684341886081E-14));
#8055 = VECTOR('',#8056,1.);
#8056 = DIRECTION('',(0.,-1.110223024625E-16,1.));
#8057 = ORIENTED_EDGE('',*,*,#3818,.T.);
#8058 = ORIENTED_EDGE('',*,*,#5576,.F.);
#8059 = PLANE('',#8060);
#8060 = AXIS2_PLACEMENT_3D('',#8061,#8062,#8063);
#8061 = CARTESIAN_POINT('',(194.5,170.15,7.105427357601E-14));
#8062 = DIRECTION('',(0.,1.,1.110223024625E-16));
#8063 = DIRECTION('',(1.,0.,0.));
#8064 = ADVANCED_FACE('',(#8065),#8076,.F.);
#8065 = FACE_BOUND('',#8066,.T.);
#8066 = EDGE_LOOP('',(#8067,#8068,#8074,#8075));
#8067 = ORIENTED_EDGE('',*,*,#3282,.F.);
#8068 = ORIENTED_EDGE('',*,*,#8069,.F.);
#8069 = EDGE_CURVE('',#3803,#3283,#8070,.T.);
#8070 = LINE('',#8071,#8072);
#8071 = CARTESIAN_POINT('',(131.1,160.55,5.684341886081E-14));
#8072 = VECTOR('',#8073,1.);
#8073 = DIRECTION('',(0.,1.110223024625E-16,-1.));
#8074 = ORIENTED_EDGE('',*,*,#3810,.T.);
#8075 = ORIENTED_EDGE('',*,*,#8052,.F.);
#8076 = PLANE('',#8077);
#8077 = AXIS2_PLACEMENT_3D('',#8078,#8079,#8080);
#8078 = CARTESIAN_POINT('',(131.1,62.15,8.171241461241E-14));
#8079 = DIRECTION('',(1.,0.,0.));
#8080 = DIRECTION('',(0.,-1.,-1.110223024625E-16));
#8081 = ADVANCED_FACE('',(#8082),#8088,.F.);
#8082 = FACE_BOUND('',#8083,.T.);
#8083 = EDGE_LOOP('',(#8084,#8085,#8086,#8087));
#8084 = ORIENTED_EDGE('',*,*,#3290,.F.);
#8085 = ORIENTED_EDGE('',*,*,#5569,.F.);
#8086 = ORIENTED_EDGE('',*,*,#3802,.T.);
#8087 = ORIENTED_EDGE('',*,*,#8069,.T.);
#8088 = PLANE('',#8089);
#8089 = AXIS2_PLACEMENT_3D('',#8090,#8091,#8092);
#8090 = CARTESIAN_POINT('',(69.5,160.55,8.526512829121E-14));
#8091 = DIRECTION('',(-0.,-1.,-1.110223024625E-16));
#8092 = DIRECTION('',(-1.,0.,0.));
#8093 = ADVANCED_FACE('',(#8094),#8105,.F.);
#8094 = FACE_BOUND('',#8095,.T.);
#8095 = EDGE_LOOP('',(#8096,#8097,#8103,#8104));
#8096 = ORIENTED_EDGE('',*,*,#3306,.F.);
#8097 = ORIENTED_EDGE('',*,*,#8098,.T.);
#8098 = EDGE_CURVE('',#3307,#3843,#8099,.T.);
#8099 = LINE('',#8100,#8101);
#8100 = CARTESIAN_POINT('',(131.1,182.15,5.684341886081E-14));
#8101 = VECTOR('',#8102,1.);
#8102 = DIRECTION('',(0.,-1.110223024625E-16,1.));
#8103 = ORIENTED_EDGE('',*,*,#3850,.T.);
#8104 = ORIENTED_EDGE('',*,*,#5590,.F.);
#8105 = PLANE('',#8106);
#8106 = AXIS2_PLACEMENT_3D('',#8107,#8108,#8109);
#8107 = CARTESIAN_POINT('',(194.5,182.15,9.237055564881E-14));
#8108 = DIRECTION('',(0.,1.,1.110223024625E-16));
#8109 = DIRECTION('',(1.,0.,0.));
#8110 = ADVANCED_FACE('',(#8111),#8122,.F.);
#8111 = FACE_BOUND('',#8112,.T.);
#8112 = EDGE_LOOP('',(#8113,#8114,#8120,#8121));
#8113 = ORIENTED_EDGE('',*,*,#3316,.F.);
#8114 = ORIENTED_EDGE('',*,*,#8115,.F.);
#8115 = EDGE_CURVE('',#3835,#3317,#8116,.T.);
#8116 = LINE('',#8117,#8118);
#8117 = CARTESIAN_POINT('',(131.1,172.55,5.684341886081E-14));
#8118 = VECTOR('',#8119,1.);
#8119 = DIRECTION('',(0.,1.110223024625E-16,-1.));
#8120 = ORIENTED_EDGE('',*,*,#3842,.T.);
#8121 = ORIENTED_EDGE('',*,*,#8098,.F.);
#8122 = PLANE('',#8123);
#8123 = AXIS2_PLACEMENT_3D('',#8124,#8125,#8126);
#8124 = CARTESIAN_POINT('',(131.1,62.15,8.171241461241E-14));
#8125 = DIRECTION('',(1.,0.,0.));
#8126 = DIRECTION('',(0.,-1.,-1.110223024625E-16));
#8127 = ADVANCED_FACE('',(#8128),#8134,.F.);
#8128 = FACE_BOUND('',#8129,.T.);
#8129 = EDGE_LOOP('',(#8130,#8131,#8132,#8133));
#8130 = ORIENTED_EDGE('',*,*,#3324,.F.);
#8131 = ORIENTED_EDGE('',*,*,#5583,.F.);
#8132 = ORIENTED_EDGE('',*,*,#3834,.T.);
#8133 = ORIENTED_EDGE('',*,*,#8115,.T.);
#8134 = PLANE('',#8135);
#8135 = AXIS2_PLACEMENT_3D('',#8136,#8137,#8138);
#8136 = CARTESIAN_POINT('',(69.5,172.55,7.105427357601E-14));
#8137 = DIRECTION('',(-0.,-1.,-1.110223024625E-16));
#8138 = DIRECTION('',(-1.,0.,0.));
#8139 = ADVANCED_FACE('',(#8140),#8156,.F.);
#8140 = FACE_BOUND('',#8141,.T.);
#8141 = EDGE_LOOP('',(#8142,#8143,#8149,#8150));
#8142 = ORIENTED_EDGE('',*,*,#3340,.F.);
#8143 = ORIENTED_EDGE('',*,*,#8144,.T.);
#8144 = EDGE_CURVE('',#3341,#4213,#8145,.T.);
#8145 = LINE('',#8146,#8147);
#8146 = CARTESIAN_POINT('',(133.5,124.55,5.684341886081E-14));
#8147 = VECTOR('',#8148,1.);
#8148 = DIRECTION('',(0.,-1.110223024625E-16,1.));
#8149 = ORIENTED_EDGE('',*,*,#4220,.T.);
#8150 = ORIENTED_EDGE('',*,*,#8151,.F.);
#8151 = EDGE_CURVE('',#3343,#4221,#8152,.T.);
#8152 = LINE('',#8153,#8154);
#8153 = CARTESIAN_POINT('',(183.5,124.55,5.684341886081E-14));
#8154 = VECTOR('',#8155,1.);
#8155 = DIRECTION('',(0.,-1.110223024625E-16,1.));
#8156 = PLANE('',#8157);
#8157 = AXIS2_PLACEMENT_3D('',#8158,#8159,#8160);
#8158 = CARTESIAN_POINT('',(69.5,124.55,6.750155989721E-14));
#8159 = DIRECTION('',(-0.,-1.,-1.110223024625E-16));
#8160 = DIRECTION('',(-1.,0.,0.));
#8161 = ADVANCED_FACE('',(#8162),#8173,.F.);
#8162 = FACE_BOUND('',#8163,.T.);
#8163 = EDGE_LOOP('',(#8164,#8165,#8171,#8172));
#8164 = ORIENTED_EDGE('',*,*,#3350,.F.);
#8165 = ORIENTED_EDGE('',*,*,#8166,.F.);
#8166 = EDGE_CURVE('',#4205,#3351,#8167,.T.);
#8167 = LINE('',#8168,#8169);
#8168 = CARTESIAN_POINT('',(133.5,134.15,5.684341886081E-14));
#8169 = VECTOR('',#8170,1.);
#8170 = DIRECTION('',(0.,1.110223024625E-16,-1.));
#8171 = ORIENTED_EDGE('',*,*,#4212,.T.);
#8172 = ORIENTED_EDGE('',*,*,#8144,.F.);
#8173 = PLANE('',#8174);
#8174 = AXIS2_PLACEMENT_3D('',#8175,#8176,#8177);
#8175 = CARTESIAN_POINT('',(133.5,194.15,9.237055564881E-14));
#8176 = DIRECTION('',(-1.,-0.,0.));
#8177 = DIRECTION('',(0.,1.,1.110223024625E-16));
#8178 = ADVANCED_FACE('',(#8179),#8190,.F.);
#8179 = FACE_BOUND('',#8180,.T.);
#8180 = EDGE_LOOP('',(#8181,#8182,#8183,#8189));
#8181 = ORIENTED_EDGE('',*,*,#8151,.T.);
#8182 = ORIENTED_EDGE('',*,*,#4228,.T.);
#8183 = ORIENTED_EDGE('',*,*,#8184,.T.);
#8184 = EDGE_CURVE('',#4203,#3359,#8185,.T.);
#8185 = LINE('',#8186,#8187);
#8186 = CARTESIAN_POINT('',(183.5,134.15,5.684341886081E-14));
#8187 = VECTOR('',#8188,1.);
#8188 = DIRECTION('',(0.,1.110223024625E-16,-1.));
#8189 = ORIENTED_EDGE('',*,*,#3366,.F.);
#8190 = PLANE('',#8191);
#8191 = AXIS2_PLACEMENT_3D('',#8192,#8193,#8194);
#8192 = CARTESIAN_POINT('',(183.5,62.15,7.460698725481E-14));
#8193 = DIRECTION('',(1.,0.,0.));
#8194 = DIRECTION('',(0.,-1.,-1.110223024625E-16));
#8195 = ADVANCED_FACE('',(#8196),#8202,.F.);
#8196 = FACE_BOUND('',#8197,.T.);
#8197 = EDGE_LOOP('',(#8198,#8199,#8200,#8201));
#8198 = ORIENTED_EDGE('',*,*,#3358,.F.);
#8199 = ORIENTED_EDGE('',*,*,#8184,.F.);
#8200 = ORIENTED_EDGE('',*,*,#4202,.T.);
#8201 = ORIENTED_EDGE('',*,*,#8166,.T.);
#8202 = PLANE('',#8203);
#8203 = AXIS2_PLACEMENT_3D('',#8204,#8205,#8206);
#8204 = CARTESIAN_POINT('',(194.5,134.15,7.105427357601E-14));
#8205 = DIRECTION('',(0.,1.,1.110223024625E-16));
#8206 = DIRECTION('',(1.,0.,0.));
#8207 = ADVANCED_FACE('',(#8208),#8224,.F.);
#8208 = FACE_BOUND('',#8209,.T.);
#8209 = EDGE_LOOP('',(#8210,#8211,#8217,#8218));
#8210 = ORIENTED_EDGE('',*,*,#3374,.F.);
#8211 = ORIENTED_EDGE('',*,*,#8212,.T.);
#8212 = EDGE_CURVE('',#3375,#4247,#8213,.T.);
#8213 = LINE('',#8214,#8215);
#8214 = CARTESIAN_POINT('',(133.5,136.55,5.684341886081E-14));
#8215 = VECTOR('',#8216,1.);
#8216 = DIRECTION('',(0.,-1.110223024625E-16,1.));
#8217 = ORIENTED_EDGE('',*,*,#4254,.T.);
#8218 = ORIENTED_EDGE('',*,*,#8219,.F.);
#8219 = EDGE_CURVE('',#3377,#4255,#8220,.T.);
#8220 = LINE('',#8221,#8222);
#8221 = CARTESIAN_POINT('',(183.5,136.55,5.684341886081E-14));
#8222 = VECTOR('',#8223,1.);
#8223 = DIRECTION('',(0.,-1.110223024625E-16,1.));
#8224 = PLANE('',#8225);
#8225 = AXIS2_PLACEMENT_3D('',#8226,#8227,#8228);
#8226 = CARTESIAN_POINT('',(69.5,136.55,7.105427357601E-14));
#8227 = DIRECTION('',(-0.,-1.,-1.110223024625E-16));
#8228 = DIRECTION('',(-1.,0.,0.));
#8229 = ADVANCED_FACE('',(#8230),#8241,.F.);
#8230 = FACE_BOUND('',#8231,.T.);
#8231 = EDGE_LOOP('',(#8232,#8233,#8239,#8240));
#8232 = ORIENTED_EDGE('',*,*,#3384,.F.);
#8233 = ORIENTED_EDGE('',*,*,#8234,.F.);
#8234 = EDGE_CURVE('',#4239,#3385,#8235,.T.);
#8235 = LINE('',#8236,#8237);
#8236 = CARTESIAN_POINT('',(133.5,146.15,5.684341886081E-14));
#8237 = VECTOR('',#8238,1.);
#8238 = DIRECTION('',(0.,1.110223024625E-16,-1.));
#8239 = ORIENTED_EDGE('',*,*,#4246,.T.);
#8240 = ORIENTED_EDGE('',*,*,#8212,.F.);
#8241 = PLANE('',#8242);
#8242 = AXIS2_PLACEMENT_3D('',#8243,#8244,#8245);
#8243 = CARTESIAN_POINT('',(133.5,194.15,9.237055564881E-14));
#8244 = DIRECTION('',(-1.,-0.,0.));
#8245 = DIRECTION('',(0.,1.,1.110223024625E-16));
#8246 = ADVANCED_FACE('',(#8247),#8258,.F.);
#8247 = FACE_BOUND('',#8248,.T.);
#8248 = EDGE_LOOP('',(#8249,#8250,#8256,#8257));
#8249 = ORIENTED_EDGE('',*,*,#4262,.T.);
#8250 = ORIENTED_EDGE('',*,*,#8251,.T.);
#8251 = EDGE_CURVE('',#4237,#3393,#8252,.T.);
#8252 = LINE('',#8253,#8254);
#8253 = CARTESIAN_POINT('',(183.5,146.15,5.684341886081E-14));
#8254 = VECTOR('',#8255,1.);
#8255 = DIRECTION('',(0.,1.110223024625E-16,-1.));
#8256 = ORIENTED_EDGE('',*,*,#3400,.F.);
#8257 = ORIENTED_EDGE('',*,*,#8219,.T.);
#8258 = PLANE('',#8259);
#8259 = AXIS2_PLACEMENT_3D('',#8260,#8261,#8262);
#8260 = CARTESIAN_POINT('',(183.5,62.15,7.460698725481E-14));
#8261 = DIRECTION('',(1.,0.,0.));
#8262 = DIRECTION('',(0.,-1.,-1.110223024625E-16));
#8263 = ADVANCED_FACE('',(#8264),#8270,.F.);
#8264 = FACE_BOUND('',#8265,.T.);
#8265 = EDGE_LOOP('',(#8266,#8267,#8268,#8269));
#8266 = ORIENTED_EDGE('',*,*,#3392,.F.);
#8267 = ORIENTED_EDGE('',*,*,#8251,.F.);
#8268 = ORIENTED_EDGE('',*,*,#4236,.T.);
#8269 = ORIENTED_EDGE('',*,*,#8234,.T.);
#8270 = PLANE('',#8271);
#8271 = AXIS2_PLACEMENT_3D('',#8272,#8273,#8274);
#8272 = CARTESIAN_POINT('',(194.5,146.15,7.460698725481E-14));
#8273 = DIRECTION('',(0.,1.,1.110223024625E-16));
#8274 = DIRECTION('',(1.,0.,0.));
#8275 = ADVANCED_FACE('',(#8276),#8292,.F.);
#8276 = FACE_BOUND('',#8277,.T.);
#8277 = EDGE_LOOP('',(#8278,#8279,#8285,#8286));
#8278 = ORIENTED_EDGE('',*,*,#3408,.F.);
#8279 = ORIENTED_EDGE('',*,*,#8280,.T.);
#8280 = EDGE_CURVE('',#3409,#4281,#8281,.T.);
#8281 = LINE('',#8282,#8283);
#8282 = CARTESIAN_POINT('',(133.5,148.55,5.684341886081E-14));
#8283 = VECTOR('',#8284,1.);
#8284 = DIRECTION('',(0.,-1.110223024625E-16,1.));
#8285 = ORIENTED_EDGE('',*,*,#4288,.T.);
#8286 = ORIENTED_EDGE('',*,*,#8287,.F.);
#8287 = EDGE_CURVE('',#3411,#4289,#8288,.T.);
#8288 = LINE('',#8289,#8290);
#8289 = CARTESIAN_POINT('',(183.5,148.55,5.684341886081E-14));
#8290 = VECTOR('',#8291,1.);
#8291 = DIRECTION('',(0.,-1.110223024625E-16,1.));
#8292 = PLANE('',#8293);
#8293 = AXIS2_PLACEMENT_3D('',#8294,#8295,#8296);
#8294 = CARTESIAN_POINT('',(69.5,148.55,7.460698725481E-14));
#8295 = DIRECTION('',(-0.,-1.,-1.110223024625E-16));
#8296 = DIRECTION('',(-1.,0.,0.));
#8297 = ADVANCED_FACE('',(#8298),#8309,.F.);
#8298 = FACE_BOUND('',#8299,.T.);
#8299 = EDGE_LOOP('',(#8300,#8301,#8307,#8308));
#8300 = ORIENTED_EDGE('',*,*,#3418,.F.);
#8301 = ORIENTED_EDGE('',*,*,#8302,.F.);
#8302 = EDGE_CURVE('',#4273,#3419,#8303,.T.);
#8303 = LINE('',#8304,#8305);
#8304 = CARTESIAN_POINT('',(133.5,158.15,5.684341886081E-14));
#8305 = VECTOR('',#8306,1.);
#8306 = DIRECTION('',(0.,1.110223024625E-16,-1.));
#8307 = ORIENTED_EDGE('',*,*,#4280,.T.);
#8308 = ORIENTED_EDGE('',*,*,#8280,.F.);
#8309 = PLANE('',#8310);
#8310 = AXIS2_PLACEMENT_3D('',#8311,#8312,#8313);
#8311 = CARTESIAN_POINT('',(133.5,194.15,9.237055564881E-14));
#8312 = DIRECTION('',(-1.,-0.,0.));
#8313 = DIRECTION('',(0.,1.,1.110223024625E-16));
#8314 = ADVANCED_FACE('',(#8315),#8326,.F.);
#8315 = FACE_BOUND('',#8316,.T.);
#8316 = EDGE_LOOP('',(#8317,#8318,#8324,#8325));
#8317 = ORIENTED_EDGE('',*,*,#4296,.T.);
#8318 = ORIENTED_EDGE('',*,*,#8319,.T.);
#8319 = EDGE_CURVE('',#4271,#3427,#8320,.T.);
#8320 = LINE('',#8321,#8322);
#8321 = CARTESIAN_POINT('',(183.5,158.15,5.684341886081E-14));
#8322 = VECTOR('',#8323,1.);
#8323 = DIRECTION('',(0.,1.110223024625E-16,-1.));
#8324 = ORIENTED_EDGE('',*,*,#3434,.F.);
#8325 = ORIENTED_EDGE('',*,*,#8287,.T.);
#8326 = PLANE('',#8327);
#8327 = AXIS2_PLACEMENT_3D('',#8328,#8329,#8330);
#8328 = CARTESIAN_POINT('',(183.5,62.15,7.460698725481E-14));
#8329 = DIRECTION('',(1.,0.,0.));
#8330 = DIRECTION('',(0.,-1.,-1.110223024625E-16));
#8331 = ADVANCED_FACE('',(#8332),#8338,.F.);
#8332 = FACE_BOUND('',#8333,.T.);
#8333 = EDGE_LOOP('',(#8334,#8335,#8336,#8337));
#8334 = ORIENTED_EDGE('',*,*,#3426,.F.);
#8335 = ORIENTED_EDGE('',*,*,#8319,.F.);
#8336 = ORIENTED_EDGE('',*,*,#4270,.T.);
#8337 = ORIENTED_EDGE('',*,*,#8302,.T.);
#8338 = PLANE('',#8339);
#8339 = AXIS2_PLACEMENT_3D('',#8340,#8341,#8342);
#8340 = CARTESIAN_POINT('',(194.5,158.15,8.526512829121E-14));
#8341 = DIRECTION('',(0.,1.,1.110223024625E-16));
#8342 = DIRECTION('',(1.,0.,0.));
#8343 = ADVANCED_FACE('',(#8344),#8355,.F.);
#8344 = FACE_BOUND('',#8345,.T.);
#8345 = EDGE_LOOP('',(#8346,#8347,#8353,#8354));
#8346 = ORIENTED_EDGE('',*,*,#3442,.F.);
#8347 = ORIENTED_EDGE('',*,*,#8348,.T.);
#8348 = EDGE_CURVE('',#3443,#3955,#8349,.T.);
#8349 = LINE('',#8350,#8351);
#8350 = CARTESIAN_POINT('',(133.5,160.55,5.684341886081E-14));
#8351 = VECTOR('',#8352,1.);
#8352 = DIRECTION('',(0.,-1.110223024625E-16,1.));
#8353 = ORIENTED_EDGE('',*,*,#3962,.T.);
#8354 = ORIENTED_EDGE('',*,*,#7167,.F.);
#8355 = PLANE('',#8356);
#8356 = AXIS2_PLACEMENT_3D('',#8357,#8358,#8359);
#8357 = CARTESIAN_POINT('',(69.5,160.55,8.526512829121E-14));
#8358 = DIRECTION('',(-0.,-1.,-1.110223024625E-16));
#8359 = DIRECTION('',(-1.,0.,0.));
#8360 = ADVANCED_FACE('',(#8361),#8372,.F.);
#8361 = FACE_BOUND('',#8362,.T.);
#8362 = EDGE_LOOP('',(#8363,#8364,#8370,#8371));
#8363 = ORIENTED_EDGE('',*,*,#3452,.F.);
#8364 = ORIENTED_EDGE('',*,*,#8365,.F.);
#8365 = EDGE_CURVE('',#3947,#3453,#8366,.T.);
#8366 = LINE('',#8367,#8368);
#8367 = CARTESIAN_POINT('',(133.5,170.15,5.684341886081E-14));
#8368 = VECTOR('',#8369,1.);
#8369 = DIRECTION('',(0.,1.110223024625E-16,-1.));
#8370 = ORIENTED_EDGE('',*,*,#3954,.T.);
#8371 = ORIENTED_EDGE('',*,*,#8348,.F.);
#8372 = PLANE('',#8373);
#8373 = AXIS2_PLACEMENT_3D('',#8374,#8375,#8376);
#8374 = CARTESIAN_POINT('',(133.5,194.15,9.237055564881E-14));
#8375 = DIRECTION('',(-1.,-0.,0.));
#8376 = DIRECTION('',(0.,1.,1.110223024625E-16));
#8377 = ADVANCED_FACE('',(#8378),#8384,.F.);
#8378 = FACE_BOUND('',#8379,.T.);
#8379 = EDGE_LOOP('',(#8380,#8381,#8382,#8383));
#8380 = ORIENTED_EDGE('',*,*,#3460,.F.);
#8381 = ORIENTED_EDGE('',*,*,#7160,.F.);
#8382 = ORIENTED_EDGE('',*,*,#3946,.T.);
#8383 = ORIENTED_EDGE('',*,*,#8365,.T.);
#8384 = PLANE('',#8385);
#8385 = AXIS2_PLACEMENT_3D('',#8386,#8387,#8388);
#8386 = CARTESIAN_POINT('',(194.5,170.15,7.105427357601E-14));
#8387 = DIRECTION('',(0.,1.,1.110223024625E-16));
#8388 = DIRECTION('',(1.,0.,0.));
#8389 = ADVANCED_FACE('',(#8390),#8401,.F.);
#8390 = FACE_BOUND('',#8391,.T.);
#8391 = EDGE_LOOP('',(#8392,#8393,#8399,#8400));
#8392 = ORIENTED_EDGE('',*,*,#3476,.F.);
#8393 = ORIENTED_EDGE('',*,*,#8394,.T.);
#8394 = EDGE_CURVE('',#3477,#3923,#8395,.T.);
#8395 = LINE('',#8396,#8397);
#8396 = CARTESIAN_POINT('',(133.5,172.55,5.684341886081E-14));
#8397 = VECTOR('',#8398,1.);
#8398 = DIRECTION('',(0.,-1.110223024625E-16,1.));
#8399 = ORIENTED_EDGE('',*,*,#3930,.T.);
#8400 = ORIENTED_EDGE('',*,*,#7153,.F.);
#8401 = PLANE('',#8402);
#8402 = AXIS2_PLACEMENT_3D('',#8403,#8404,#8405);
#8403 = CARTESIAN_POINT('',(69.5,172.55,7.105427357601E-14));
#8404 = DIRECTION('',(-0.,-1.,-1.110223024625E-16));
#8405 = DIRECTION('',(-1.,0.,0.));
#8406 = ADVANCED_FACE('',(#8407),#8418,.F.);
#8407 = FACE_BOUND('',#8408,.T.);
#8408 = EDGE_LOOP('',(#8409,#8410,#8416,#8417));
#8409 = ORIENTED_EDGE('',*,*,#3486,.F.);
#8410 = ORIENTED_EDGE('',*,*,#8411,.F.);
#8411 = EDGE_CURVE('',#3915,#3487,#8412,.T.);
#8412 = LINE('',#8413,#8414);
#8413 = CARTESIAN_POINT('',(133.5,182.15,5.684341886081E-14));
#8414 = VECTOR('',#8415,1.);
#8415 = DIRECTION('',(0.,1.110223024625E-16,-1.));
#8416 = ORIENTED_EDGE('',*,*,#3922,.T.);
#8417 = ORIENTED_EDGE('',*,*,#8394,.F.);
#8418 = PLANE('',#8419);
#8419 = AXIS2_PLACEMENT_3D('',#8420,#8421,#8422);
#8420 = CARTESIAN_POINT('',(133.5,194.15,9.237055564881E-14));
#8421 = DIRECTION('',(-1.,-0.,0.));
#8422 = DIRECTION('',(0.,1.,1.110223024625E-16));
#8423 = ADVANCED_FACE('',(#8424),#8430,.F.);
#8424 = FACE_BOUND('',#8425,.T.);
#8425 = EDGE_LOOP('',(#8426,#8427,#8428,#8429));
#8426 = ORIENTED_EDGE('',*,*,#3494,.F.);
#8427 = ORIENTED_EDGE('',*,*,#7146,.F.);
#8428 = ORIENTED_EDGE('',*,*,#3914,.T.);
#8429 = ORIENTED_EDGE('',*,*,#8411,.T.);
#8430 = PLANE('',#8431);
#8431 = AXIS2_PLACEMENT_3D('',#8432,#8433,#8434);
#8432 = CARTESIAN_POINT('',(194.5,182.15,9.237055564881E-14));
#8433 = DIRECTION('',(0.,1.,1.110223024625E-16));
#8434 = DIRECTION('',(1.,0.,0.));
#8435 = ADVANCED_FACE('',(#8436),#8447,.T.);
#8436 = FACE_BOUND('',#8437,.F.);
#8437 = EDGE_LOOP('',(#8438,#8439,#8440,#8446));
#8438 = ORIENTED_EDGE('',*,*,#3516,.T.);
#8439 = ORIENTED_EDGE('',*,*,#3652,.T.);
#8440 = ORIENTED_EDGE('',*,*,#8441,.F.);
#8441 = EDGE_CURVE('',#3771,#3645,#8442,.T.);
#8442 = LINE('',#8443,#8444);
#8443 = CARTESIAN_POINT('',(71.5,94.15,3.));
#8444 = VECTOR('',#8445,1.);
#8445 = DIRECTION('',(0.,-1.110223024625E-16,1.));
#8446 = ORIENTED_EDGE('',*,*,#3770,.F.);
#8447 = PLANE('',#8448);
#8448 = AXIS2_PLACEMENT_3D('',#8449,#8450,#8451);
#8449 = CARTESIAN_POINT('',(81.5,94.15,3.));
#8450 = DIRECTION('',(0.,1.,1.110223024625E-16));
#8451 = DIRECTION('',(1.,0.,0.));
#8452 = ADVANCED_FACE('',(#8453),#8484,.F.);
#8453 = FACE_BOUND('',#8454,.T.);
#8454 = EDGE_LOOP('',(#8455,#8456,#8457,#8458,#8459,#8460,#8461,#8462,
    #8463,#8464,#8465,#8466,#8467,#8468,#8469,#8470,#8471,#8472,#8473,
    #8474,#8475,#8476,#8477,#8478,#8479,#8480,#8481,#8482,#8483));
#8455 = ORIENTED_EDGE('',*,*,#3669,.F.);
#8456 = ORIENTED_EDGE('',*,*,#5413,.T.);
#8457 = ORIENTED_EDGE('',*,*,#5377,.T.);
#8458 = ORIENTED_EDGE('',*,*,#6434,.T.);
#8459 = ORIENTED_EDGE('',*,*,#6462,.T.);
#8460 = ORIENTED_EDGE('',*,*,#5195,.T.);
#8461 = ORIENTED_EDGE('',*,*,#6507,.T.);
#8462 = ORIENTED_EDGE('',*,*,#6476,.T.);
#8463 = ORIENTED_EDGE('',*,*,#6530,.T.);
#8464 = ORIENTED_EDGE('',*,*,#6571,.T.);
#8465 = ORIENTED_EDGE('',*,*,#6599,.T.);
#8466 = ORIENTED_EDGE('',*,*,#5227,.T.);
#8467 = ORIENTED_EDGE('',*,*,#5996,.T.);
#8468 = ORIENTED_EDGE('',*,*,#5972,.T.);
#8469 = ORIENTED_EDGE('',*,*,#5940,.T.);
#8470 = ORIENTED_EDGE('',*,*,#6062,.T.);
#8471 = ORIENTED_EDGE('',*,*,#6047,.T.);
#8472 = ORIENTED_EDGE('',*,*,#5259,.T.);
#8473 = ORIENTED_EDGE('',*,*,#6249,.T.);
#8474 = ORIENTED_EDGE('',*,*,#6217,.T.);
#8475 = ORIENTED_EDGE('',*,*,#6339,.T.);
#8476 = ORIENTED_EDGE('',*,*,#6314,.T.);
#8477 = ORIENTED_EDGE('',*,*,#6300,.T.);
#8478 = ORIENTED_EDGE('',*,*,#5291,.T.);
#8479 = ORIENTED_EDGE('',*,*,#5131,.F.);
#8480 = ORIENTED_EDGE('',*,*,#5097,.T.);
#8481 = ORIENTED_EDGE('',*,*,#6613,.T.);
#8482 = ORIENTED_EDGE('',*,*,#5031,.T.);
#8483 = ORIENTED_EDGE('',*,*,#4992,.F.);
#8484 = PLANE('',#8485);
#8485 = AXIS2_PLACEMENT_3D('',#8486,#8487,#8488);
#8486 = CARTESIAN_POINT('',(67.5,194.15,4.973799150321E-14));
#8487 = DIRECTION('',(-1.,-0.,0.));
#8488 = DIRECTION('',(0.,1.,1.110223024625E-16));
#8489 = ADVANCED_FACE('',(#8490),#8501,.T.);
#8490 = FACE_BOUND('',#8491,.F.);
#8491 = EDGE_LOOP('',(#8492,#8493,#8494,#8500));
#8492 = ORIENTED_EDGE('',*,*,#8441,.T.);
#8493 = ORIENTED_EDGE('',*,*,#3644,.T.);
#8494 = ORIENTED_EDGE('',*,*,#8495,.F.);
#8495 = EDGE_CURVE('',#3779,#3637,#8496,.T.);
#8496 = LINE('',#8497,#8498);
#8497 = CARTESIAN_POINT('',(71.5,162.15,3.));
#8498 = VECTOR('',#8499,1.);
#8499 = DIRECTION('',(0.,-1.110223024625E-16,1.));
#8500 = ORIENTED_EDGE('',*,*,#3778,.F.);
#8501 = PLANE('',#8502);
#8502 = AXIS2_PLACEMENT_3D('',#8503,#8504,#8505);
#8503 = CARTESIAN_POINT('',(71.5,94.15,3.));
#8504 = DIRECTION('',(1.,0.,0.));
#8505 = DIRECTION('',(0.,-1.,-1.110223024625E-16));
#8506 = ADVANCED_FACE('',(#8507),#8513,.T.);
#8507 = FACE_BOUND('',#8508,.F.);
#8508 = EDGE_LOOP('',(#8509,#8510,#8511,#8512));
#8509 = ORIENTED_EDGE('',*,*,#8495,.T.);
#8510 = ORIENTED_EDGE('',*,*,#3636,.T.);
#8511 = ORIENTED_EDGE('',*,*,#5562,.F.);
#8512 = ORIENTED_EDGE('',*,*,#3786,.F.);
#8513 = PLANE('',#8514);
#8514 = AXIS2_PLACEMENT_3D('',#8515,#8516,#8517);
#8515 = CARTESIAN_POINT('',(71.5,162.15,3.));
#8516 = DIRECTION('',(-0.,-1.,-1.110223024625E-16));
#8517 = DIRECTION('',(-1.,0.,0.));
#8518 = ADVANCED_FACE('',(#8519),#8524,.F.);
#8519 = FACE_BOUND('',#8520,.T.);
#8520 = EDGE_LOOP('',(#8521,#8522,#8523));
#8521 = ORIENTED_EDGE('',*,*,#5345,.T.);
#8522 = ORIENTED_EDGE('',*,*,#5316,.T.);
#8523 = ORIENTED_EDGE('',*,*,#5163,.T.);
#8524 = PLANE('',#8525);
#8525 = AXIS2_PLACEMENT_3D('',#8526,#8527,#8528);
#8526 = CARTESIAN_POINT('',(67.5,194.15,4.973799150321E-14));
#8527 = DIRECTION('',(-1.,-0.,0.));
#8528 = DIRECTION('',(0.,1.,1.110223024625E-16));
#8529 = ADVANCED_FACE('',(#8530),#8536,.F.);
#8530 = FACE_BOUND('',#8531,.T.);
#8531 = EDGE_LOOP('',(#8532,#8533,#8534,#8535));
#8532 = ORIENTED_EDGE('',*,*,#5688,.F.);
#8533 = ORIENTED_EDGE('',*,*,#5743,.T.);
#8534 = ORIENTED_EDGE('',*,*,#5443,.T.);
#8535 = ORIENTED_EDGE('',*,*,#5484,.T.);
#8536 = PLANE('',#8537);
#8537 = AXIS2_PLACEMENT_3D('',#8538,#8539,#8540);
#8538 = CARTESIAN_POINT('',(65.5,183.15,17.));
#8539 = DIRECTION('',(-1.,-0.,0.));
#8540 = DIRECTION('',(0.,-2.22044604925E-16,1.));
#8541 = ADVANCED_FACE('',(#8542),#8553,.F.);
#8542 = FACE_BOUND('',#8543,.T.);
#8543 = EDGE_LOOP('',(#8544,#8545,#8546,#8547));
#8544 = ORIENTED_EDGE('',*,*,#5878,.F.);
#8545 = ORIENTED_EDGE('',*,*,#5645,.T.);
#8546 = ORIENTED_EDGE('',*,*,#6379,.T.);
#8547 = ORIENTED_EDGE('',*,*,#8548,.F.);
#8548 = EDGE_CURVE('',#5869,#6370,#8549,.T.);
#8549 = LINE('',#8550,#8551);
#8550 = CARTESIAN_POINT('',(65.5,115.15,5.684341886081E-14));
#8551 = VECTOR('',#8552,1.);
#8552 = DIRECTION('',(-0.,-1.,1.110223024625E-16));
#8553 = PLANE('',#8554);
#8554 = AXIS2_PLACEMENT_3D('',#8555,#8556,#8557);
#8555 = CARTESIAN_POINT('',(65.5,115.15,17.));
#8556 = DIRECTION('',(-1.,-0.,0.));
#8557 = DIRECTION('',(0.,-2.22044604925E-16,1.));
#8558 = ADVANCED_FACE('',(#8559),#8570,.F.);
#8559 = FACE_BOUND('',#8560,.T.);
#8560 = EDGE_LOOP('',(#8561,#8562,#8563,#8564));
#8561 = ORIENTED_EDGE('',*,*,#5679,.F.);
#8562 = ORIENTED_EDGE('',*,*,#5622,.T.);
#8563 = ORIENTED_EDGE('',*,*,#5837,.T.);
#8564 = ORIENTED_EDGE('',*,*,#8565,.F.);
#8565 = EDGE_CURVE('',#5670,#5828,#8566,.T.);
#8566 = LINE('',#8567,#8568);
#8567 = CARTESIAN_POINT('',(65.5,183.15,2.84217094304E-14));
#8568 = VECTOR('',#8569,1.);
#8569 = DIRECTION('',(-0.,-1.,1.110223024625E-16));
#8570 = PLANE('',#8571);
#8571 = AXIS2_PLACEMENT_3D('',#8572,#8573,#8574);
#8572 = CARTESIAN_POINT('',(65.5,183.15,17.));
#8573 = DIRECTION('',(-1.,-0.,0.));
#8574 = DIRECTION('',(0.,-2.22044604925E-16,1.));
#8575 = ADVANCED_FACE('',(#8576),#8587,.F.);
#8576 = FACE_BOUND('',#8577,.T.);
#8577 = EDGE_LOOP('',(#8578,#8579,#8580,#8586));
#8578 = ORIENTED_EDGE('',*,*,#8565,.T.);
#8579 = ORIENTED_EDGE('',*,*,#5827,.T.);
#8580 = ORIENTED_EDGE('',*,*,#8581,.F.);
#8581 = EDGE_CURVE('',#5672,#5830,#8582,.T.);
#8582 = LINE('',#8583,#8584);
#8583 = CARTESIAN_POINT('',(62.5,183.15,2.84217094304E-14));
#8584 = VECTOR('',#8585,1.);
#8585 = DIRECTION('',(-0.,-1.,1.110223024625E-16));
#8586 = ORIENTED_EDGE('',*,*,#5669,.F.);
#8587 = PLANE('',#8588);
#8588 = AXIS2_PLACEMENT_3D('',#8589,#8590,#8591);
#8589 = CARTESIAN_POINT('',(65.5,183.15,2.84217094304E-14));
#8590 = DIRECTION('',(0.,1.110223024625E-16,1.));
#8591 = DIRECTION('',(1.,0.,0.));
#8592 = ADVANCED_FACE('',(#8593,#8604),#8674,.F.);
#8593 = FACE_BOUND('',#8594,.T.);
#8594 = EDGE_LOOP('',(#8595,#8596,#8597,#8603));
#8595 = ORIENTED_EDGE('',*,*,#8581,.T.);
#8596 = ORIENTED_EDGE('',*,*,#5854,.T.);
#8597 = ORIENTED_EDGE('',*,*,#8598,.F.);
#8598 = EDGE_CURVE('',#5705,#5847,#8599,.T.);
#8599 = LINE('',#8600,#8601);
#8600 = CARTESIAN_POINT('',(54.5,183.15,8.));
#8601 = VECTOR('',#8602,1.);
#8602 = DIRECTION('',(-0.,-1.,1.110223024625E-16));
#8603 = ORIENTED_EDGE('',*,*,#5712,.F.);
#8604 = FACE_BOUND('',#8605,.T.);
#8605 = EDGE_LOOP('',(#8606,#8617,#8625,#8634,#8642,#8651,#8659,#8668));
#8606 = ORIENTED_EDGE('',*,*,#8607,.F.);
#8607 = EDGE_CURVE('',#8608,#8610,#8612,.T.);
#8608 = VERTEX_POINT('',#8609);
#8609 = CARTESIAN_POINT('',(57.3,174.4,5.2));
#8610 = VERTEX_POINT('',#8611);
#8611 = CARTESIAN_POINT('',(56.5,175.2,6.));
#8612 = ELLIPSE('',#8613,1.131370849898,0.8);
#8613 = AXIS2_PLACEMENT_3D('',#8614,#8615,#8616);
#8614 = CARTESIAN_POINT('',(57.3,175.2,5.2));
#8615 = DIRECTION('',(-0.707106781187,-7.850462293419E-17,
    -0.707106781187));
#8616 = DIRECTION('',(-0.707106781187,-1.665334536938E-16,0.707106781187
    ));
#8617 = ORIENTED_EDGE('',*,*,#8618,.T.);
#8618 = EDGE_CURVE('',#8608,#8619,#8621,.T.);
#8619 = VERTEX_POINT('',#8620);
#8620 = CARTESIAN_POINT('',(59.7,174.4,2.8));
#8621 = LINE('',#8622,#8623);
#8622 = CARTESIAN_POINT('',(62.5,174.4,2.84217094304E-14));
#8623 = VECTOR('',#8624,1.);
#8624 = DIRECTION('',(0.707106781187,0.,-0.707106781187));
#8625 = ORIENTED_EDGE('',*,*,#8626,.F.);
#8626 = EDGE_CURVE('',#8627,#8619,#8629,.T.);
#8627 = VERTEX_POINT('',#8628);
#8628 = CARTESIAN_POINT('',(60.5,175.2,2.));
#8629 = ELLIPSE('',#8630,1.131370849898,0.8);
#8630 = AXIS2_PLACEMENT_3D('',#8631,#8632,#8633);
#8631 = CARTESIAN_POINT('',(59.7,175.2,2.8));
#8632 = DIRECTION('',(-0.707106781187,-7.850462293419E-17,
    -0.707106781187));
#8633 = DIRECTION('',(-0.707106781187,-1.665334536938E-16,0.707106781187
    ));
#8634 = ORIENTED_EDGE('',*,*,#8635,.T.);
#8635 = EDGE_CURVE('',#8627,#8636,#8638,.T.);
#8636 = VERTEX_POINT('',#8637);
#8637 = CARTESIAN_POINT('',(60.5,179.1,2.));
#8638 = LINE('',#8639,#8640);
#8639 = CARTESIAN_POINT('',(60.5,181.525,2.));
#8640 = VECTOR('',#8641,1.);
#8641 = DIRECTION('',(0.,1.,-1.110223024625E-16));
#8642 = ORIENTED_EDGE('',*,*,#8643,.F.);
#8643 = EDGE_CURVE('',#8644,#8636,#8646,.T.);
#8644 = VERTEX_POINT('',#8645);
#8645 = CARTESIAN_POINT('',(59.7,179.9,2.8));
#8646 = ELLIPSE('',#8647,1.131370849898,0.8);
#8647 = AXIS2_PLACEMENT_3D('',#8648,#8649,#8650);
#8648 = CARTESIAN_POINT('',(59.7,179.1,2.8));
#8649 = DIRECTION('',(-0.707106781187,-7.850462293419E-17,
    -0.707106781187));
#8650 = DIRECTION('',(-0.707106781187,-1.665334536938E-16,0.707106781187
    ));
#8651 = ORIENTED_EDGE('',*,*,#8652,.T.);
#8652 = EDGE_CURVE('',#8644,#8653,#8655,.T.);
#8653 = VERTEX_POINT('',#8654);
#8654 = CARTESIAN_POINT('',(57.3,179.9,5.2));
#8655 = LINE('',#8656,#8657);
#8656 = CARTESIAN_POINT('',(61.5,179.9,1.));
#8657 = VECTOR('',#8658,1.);
#8658 = DIRECTION('',(-0.707106781187,0.,0.707106781187));
#8659 = ORIENTED_EDGE('',*,*,#8660,.F.);
#8660 = EDGE_CURVE('',#8661,#8653,#8663,.T.);
#8661 = VERTEX_POINT('',#8662);
#8662 = CARTESIAN_POINT('',(56.5,179.1,6.));
#8663 = ELLIPSE('',#8664,1.131370849898,0.8);
#8664 = AXIS2_PLACEMENT_3D('',#8665,#8666,#8667);
#8665 = CARTESIAN_POINT('',(57.3,179.1,5.2));
#8666 = DIRECTION('',(-0.707106781187,-7.850462293419E-17,
    -0.707106781187));
#8667 = DIRECTION('',(-0.707106781187,-1.665334536938E-16,0.707106781187
    ));
#8668 = ORIENTED_EDGE('',*,*,#8669,.T.);
#8669 = EDGE_CURVE('',#8661,#8610,#8670,.T.);
#8670 = LINE('',#8671,#8672);
#8671 = CARTESIAN_POINT('',(56.5,178.775,6.));
#8672 = VECTOR('',#8673,1.);
#8673 = DIRECTION('',(-0.,-1.,1.110223024625E-16));
#8674 = PLANE('',#8675);
#8675 = AXIS2_PLACEMENT_3D('',#8676,#8677,#8678);
#8676 = CARTESIAN_POINT('',(62.5,183.15,2.84217094304E-14));
#8677 = DIRECTION('',(0.707106781187,1.110223024625E-16,0.707106781187)
  );
#8678 = DIRECTION('',(0.707106781187,1.665334536938E-16,-0.707106781187)
  );
#8679 = ADVANCED_FACE('',(#8680),#8686,.F.);
#8680 = FACE_BOUND('',#8681,.T.);
#8681 = EDGE_LOOP('',(#8682,#8683,#8684,#8685));
#8682 = ORIENTED_EDGE('',*,*,#8598,.T.);
#8683 = ORIENTED_EDGE('',*,*,#5846,.T.);
#8684 = ORIENTED_EDGE('',*,*,#5727,.F.);
#8685 = ORIENTED_EDGE('',*,*,#5704,.F.);
#8686 = PLANE('',#8687);
#8687 = AXIS2_PLACEMENT_3D('',#8688,#8689,#8690);
#8688 = CARTESIAN_POINT('',(54.5,183.15,8.));
#8689 = DIRECTION('',(1.,0.,0.));
#8690 = DIRECTION('',(0.,2.22044604925E-16,-1.));
#8691 = ADVANCED_FACE('',(#8692),#8708,.F.);
#8692 = FACE_BOUND('',#8693,.F.);
#8693 = EDGE_LOOP('',(#8694,#8700,#8701,#8707));
#8694 = ORIENTED_EDGE('',*,*,#8695,.F.);
#8695 = EDGE_CURVE('',#8619,#5754,#8696,.T.);
#8696 = LINE('',#8697,#8698);
#8697 = CARTESIAN_POINT('',(59.7,174.4,-2.));
#8698 = VECTOR('',#8699,1.);
#8699 = DIRECTION('',(0.,-1.110223024625E-16,1.));
#8700 = ORIENTED_EDGE('',*,*,#8626,.F.);
#8701 = ORIENTED_EDGE('',*,*,#8702,.T.);
#8702 = EDGE_CURVE('',#8627,#5752,#8703,.T.);
#8703 = LINE('',#8704,#8705);
#8704 = CARTESIAN_POINT('',(60.5,175.2,-2.));
#8705 = VECTOR('',#8706,1.);
#8706 = DIRECTION('',(0.,-1.110223024625E-16,1.));
#8707 = ORIENTED_EDGE('',*,*,#5751,.T.);
#8708 = CYLINDRICAL_SURFACE('',#8709,0.8);
#8709 = AXIS2_PLACEMENT_3D('',#8710,#8711,#8712);
#8710 = CARTESIAN_POINT('',(59.7,175.2,-2.));
#8711 = DIRECTION('',(0.,-1.110223024625E-16,1.));
#8712 = DIRECTION('',(-0.,-1.,-1.110223024625E-16));
#8713 = ADVANCED_FACE('',(#8714),#8725,.T.);
#8714 = FACE_BOUND('',#8715,.F.);
#8715 = EDGE_LOOP('',(#8716,#8717,#8723,#8724));
#8716 = ORIENTED_EDGE('',*,*,#8635,.T.);
#8717 = ORIENTED_EDGE('',*,*,#8718,.T.);
#8718 = EDGE_CURVE('',#8636,#5805,#8719,.T.);
#8719 = LINE('',#8720,#8721);
#8720 = CARTESIAN_POINT('',(60.5,179.1,-2.));
#8721 = VECTOR('',#8722,1.);
#8722 = DIRECTION('',(0.,-1.110223024625E-16,1.));
#8723 = ORIENTED_EDGE('',*,*,#5813,.T.);
#8724 = ORIENTED_EDGE('',*,*,#8702,.F.);
#8725 = PLANE('',#8726);
#8726 = AXIS2_PLACEMENT_3D('',#8727,#8728,#8729);
#8727 = CARTESIAN_POINT('',(60.5,179.9,-2.));
#8728 = DIRECTION('',(-1.,-0.,0.));
#8729 = DIRECTION('',(0.,1.,1.110223024625E-16));
#8730 = ADVANCED_FACE('',(#8731),#8742,.T.);
#8731 = FACE_BOUND('',#8732,.F.);
#8732 = EDGE_LOOP('',(#8733,#8734,#8735,#8736));
#8733 = ORIENTED_EDGE('',*,*,#8618,.T.);
#8734 = ORIENTED_EDGE('',*,*,#8695,.T.);
#8735 = ORIENTED_EDGE('',*,*,#5762,.T.);
#8736 = ORIENTED_EDGE('',*,*,#8737,.F.);
#8737 = EDGE_CURVE('',#8608,#5763,#8738,.T.);
#8738 = LINE('',#8739,#8740);
#8739 = CARTESIAN_POINT('',(57.3,174.4,-2.));
#8740 = VECTOR('',#8741,1.);
#8741 = DIRECTION('',(0.,-1.110223024625E-16,1.));
#8742 = PLANE('',#8743);
#8743 = AXIS2_PLACEMENT_3D('',#8744,#8745,#8746);
#8744 = CARTESIAN_POINT('',(60.5,174.4,-2.));
#8745 = DIRECTION('',(0.,1.,1.110223024625E-16));
#8746 = DIRECTION('',(1.,0.,0.));
#8747 = ADVANCED_FACE('',(#8748),#8759,.F.);
#8748 = FACE_BOUND('',#8749,.T.);
#8749 = EDGE_LOOP('',(#8750,#8756,#8757,#8758));
#8750 = ORIENTED_EDGE('',*,*,#8751,.F.);
#8751 = EDGE_CURVE('',#8644,#5797,#8752,.T.);
#8752 = LINE('',#8753,#8754);
#8753 = CARTESIAN_POINT('',(59.7,179.9,-2.));
#8754 = VECTOR('',#8755,1.);
#8755 = DIRECTION('',(0.,-1.110223024625E-16,1.));
#8756 = ORIENTED_EDGE('',*,*,#8643,.T.);
#8757 = ORIENTED_EDGE('',*,*,#8718,.T.);
#8758 = ORIENTED_EDGE('',*,*,#5804,.F.);
#8759 = CYLINDRICAL_SURFACE('',#8760,0.8);
#8760 = AXIS2_PLACEMENT_3D('',#8761,#8762,#8763);
#8761 = CARTESIAN_POINT('',(59.7,179.1,-2.));
#8762 = DIRECTION('',(0.,-1.110223024625E-16,1.));
#8763 = DIRECTION('',(0.,1.,1.110223024625E-16));
#8764 = ADVANCED_FACE('',(#8765),#8776,.F.);
#8765 = FACE_BOUND('',#8766,.T.);
#8766 = EDGE_LOOP('',(#8767,#8768,#8769,#8775));
#8767 = ORIENTED_EDGE('',*,*,#8737,.F.);
#8768 = ORIENTED_EDGE('',*,*,#8607,.T.);
#8769 = ORIENTED_EDGE('',*,*,#8770,.T.);
#8770 = EDGE_CURVE('',#8610,#5771,#8771,.T.);
#8771 = LINE('',#8772,#8773);
#8772 = CARTESIAN_POINT('',(56.5,175.2,-2.));
#8773 = VECTOR('',#8774,1.);
#8774 = DIRECTION('',(0.,-1.110223024625E-16,1.));
#8775 = ORIENTED_EDGE('',*,*,#5770,.F.);
#8776 = CYLINDRICAL_SURFACE('',#8777,0.8);
#8777 = AXIS2_PLACEMENT_3D('',#8778,#8779,#8780);
#8778 = CARTESIAN_POINT('',(57.3,175.2,-2.));
#8779 = DIRECTION('',(0.,-1.110223024625E-16,1.));
#8780 = DIRECTION('',(-0.,-1.,-1.110223024625E-16));
#8781 = ADVANCED_FACE('',(#8782),#8793,.T.);
#8782 = FACE_BOUND('',#8783,.F.);
#8783 = EDGE_LOOP('',(#8784,#8785,#8791,#8792));
#8784 = ORIENTED_EDGE('',*,*,#8652,.T.);
#8785 = ORIENTED_EDGE('',*,*,#8786,.T.);
#8786 = EDGE_CURVE('',#8653,#5788,#8787,.T.);
#8787 = LINE('',#8788,#8789);
#8788 = CARTESIAN_POINT('',(57.3,179.9,-2.));
#8789 = VECTOR('',#8790,1.);
#8790 = DIRECTION('',(0.,-1.110223024625E-16,1.));
#8791 = ORIENTED_EDGE('',*,*,#5796,.T.);
#8792 = ORIENTED_EDGE('',*,*,#8751,.F.);
#8793 = PLANE('',#8794);
#8794 = AXIS2_PLACEMENT_3D('',#8795,#8796,#8797);
#8795 = CARTESIAN_POINT('',(56.5,179.9,-2.));
#8796 = DIRECTION('',(-0.,-1.,-1.110223024625E-16));
#8797 = DIRECTION('',(-1.,0.,0.));
#8798 = ADVANCED_FACE('',(#8799),#8810,.T.);
#8799 = FACE_BOUND('',#8800,.F.);
#8800 = EDGE_LOOP('',(#8801,#8802,#8803,#8804));
#8801 = ORIENTED_EDGE('',*,*,#8669,.T.);
#8802 = ORIENTED_EDGE('',*,*,#8770,.T.);
#8803 = ORIENTED_EDGE('',*,*,#5779,.T.);
#8804 = ORIENTED_EDGE('',*,*,#8805,.F.);
#8805 = EDGE_CURVE('',#8661,#5780,#8806,.T.);
#8806 = LINE('',#8807,#8808);
#8807 = CARTESIAN_POINT('',(56.5,179.1,-2.));
#8808 = VECTOR('',#8809,1.);
#8809 = DIRECTION('',(0.,-1.110223024625E-16,1.));
#8810 = PLANE('',#8811);
#8811 = AXIS2_PLACEMENT_3D('',#8812,#8813,#8814);
#8812 = CARTESIAN_POINT('',(56.5,174.4,-2.));
#8813 = DIRECTION('',(1.,0.,0.));
#8814 = DIRECTION('',(0.,-1.,-1.110223024625E-16));
#8815 = ADVANCED_FACE('',(#8816),#8822,.F.);
#8816 = FACE_BOUND('',#8817,.T.);
#8817 = EDGE_LOOP('',(#8818,#8819,#8820,#8821));
#8818 = ORIENTED_EDGE('',*,*,#8805,.F.);
#8819 = ORIENTED_EDGE('',*,*,#8660,.T.);
#8820 = ORIENTED_EDGE('',*,*,#8786,.T.);
#8821 = ORIENTED_EDGE('',*,*,#5787,.F.);
#8822 = CYLINDRICAL_SURFACE('',#8823,0.8);
#8823 = AXIS2_PLACEMENT_3D('',#8824,#8825,#8826);
#8824 = CARTESIAN_POINT('',(57.3,179.1,-2.));
#8825 = DIRECTION('',(0.,-1.110223024625E-16,1.));
#8826 = DIRECTION('',(-1.,-0.,0.));
#8827 = ADVANCED_FACE('',(#8828),#8839,.F.);
#8828 = FACE_BOUND('',#8829,.T.);
#8829 = EDGE_LOOP('',(#8830,#8831,#8832,#8838));
#8830 = ORIENTED_EDGE('',*,*,#8548,.T.);
#8831 = ORIENTED_EDGE('',*,*,#6369,.T.);
#8832 = ORIENTED_EDGE('',*,*,#8833,.F.);
#8833 = EDGE_CURVE('',#5871,#6372,#8834,.T.);
#8834 = LINE('',#8835,#8836);
#8835 = CARTESIAN_POINT('',(62.5,115.15,5.684341886081E-14));
#8836 = VECTOR('',#8837,1.);
#8837 = DIRECTION('',(-0.,-1.,1.110223024625E-16));
#8838 = ORIENTED_EDGE('',*,*,#5868,.F.);
#8839 = PLANE('',#8840);
#8840 = AXIS2_PLACEMENT_3D('',#8841,#8842,#8843);
#8841 = CARTESIAN_POINT('',(65.5,115.15,5.684341886081E-14));
#8842 = DIRECTION('',(0.,1.110223024625E-16,1.));
#8843 = DIRECTION('',(1.,0.,0.));
#8844 = ADVANCED_FACE('',(#8845,#8856),#8926,.F.);
#8845 = FACE_BOUND('',#8846,.T.);
#8846 = EDGE_LOOP('',(#8847,#8848,#8849,#8855));
#8847 = ORIENTED_EDGE('',*,*,#8833,.T.);
#8848 = ORIENTED_EDGE('',*,*,#6403,.T.);
#8849 = ORIENTED_EDGE('',*,*,#8850,.F.);
#8850 = EDGE_CURVE('',#5911,#6396,#8851,.T.);
#8851 = LINE('',#8852,#8853);
#8852 = CARTESIAN_POINT('',(54.5,115.15,8.));
#8853 = VECTOR('',#8854,1.);
#8854 = DIRECTION('',(-0.,-1.,1.110223024625E-16));
#8855 = ORIENTED_EDGE('',*,*,#5918,.F.);
#8856 = FACE_BOUND('',#8857,.T.);
#8857 = EDGE_LOOP('',(#8858,#8869,#8877,#8886,#8894,#8903,#8911,#8920));
#8858 = ORIENTED_EDGE('',*,*,#8859,.F.);
#8859 = EDGE_CURVE('',#8860,#8862,#8864,.T.);
#8860 = VERTEX_POINT('',#8861);
#8861 = CARTESIAN_POINT('',(57.3,106.4,5.2));
#8862 = VERTEX_POINT('',#8863);
#8863 = CARTESIAN_POINT('',(56.5,107.2,6.));
#8864 = ELLIPSE('',#8865,1.131370849898,0.8);
#8865 = AXIS2_PLACEMENT_3D('',#8866,#8867,#8868);
#8866 = CARTESIAN_POINT('',(57.3,107.2,5.2));
#8867 = DIRECTION('',(-0.707106781187,-7.850462293419E-17,
    -0.707106781187));
#8868 = DIRECTION('',(-0.707106781187,-1.665334536938E-16,0.707106781187
    ));
#8869 = ORIENTED_EDGE('',*,*,#8870,.T.);
#8870 = EDGE_CURVE('',#8860,#8871,#8873,.T.);
#8871 = VERTEX_POINT('',#8872);
#8872 = CARTESIAN_POINT('',(59.7,106.4,2.8));
#8873 = LINE('',#8874,#8875);
#8874 = CARTESIAN_POINT('',(62.5,106.4,5.684341886081E-14));
#8875 = VECTOR('',#8876,1.);
#8876 = DIRECTION('',(0.707106781187,0.,-0.707106781187));
#8877 = ORIENTED_EDGE('',*,*,#8878,.F.);
#8878 = EDGE_CURVE('',#8879,#8871,#8881,.T.);
#8879 = VERTEX_POINT('',#8880);
#8880 = CARTESIAN_POINT('',(60.5,107.2,2.));
#8881 = ELLIPSE('',#8882,1.131370849898,0.8);
#8882 = AXIS2_PLACEMENT_3D('',#8883,#8884,#8885);
#8883 = CARTESIAN_POINT('',(59.7,107.2,2.8));
#8884 = DIRECTION('',(-0.707106781187,-7.850462293419E-17,
    -0.707106781187));
#8885 = DIRECTION('',(-0.707106781187,-1.665334536938E-16,0.707106781187
    ));
#8886 = ORIENTED_EDGE('',*,*,#8887,.T.);
#8887 = EDGE_CURVE('',#8879,#8888,#8890,.T.);
#8888 = VERTEX_POINT('',#8889);
#8889 = CARTESIAN_POINT('',(60.5,111.1,2.));
#8890 = LINE('',#8891,#8892);
#8891 = CARTESIAN_POINT('',(60.5,113.525,2.));
#8892 = VECTOR('',#8893,1.);
#8893 = DIRECTION('',(0.,1.,-1.110223024625E-16));
#8894 = ORIENTED_EDGE('',*,*,#8895,.F.);
#8895 = EDGE_CURVE('',#8896,#8888,#8898,.T.);
#8896 = VERTEX_POINT('',#8897);
#8897 = CARTESIAN_POINT('',(59.7,111.9,2.8));
#8898 = ELLIPSE('',#8899,1.131370849898,0.8);
#8899 = AXIS2_PLACEMENT_3D('',#8900,#8901,#8902);
#8900 = CARTESIAN_POINT('',(59.7,111.1,2.8));
#8901 = DIRECTION('',(-0.707106781187,-7.850462293419E-17,
    -0.707106781187));
#8902 = DIRECTION('',(-0.707106781187,-1.665334536938E-16,0.707106781187
    ));
#8903 = ORIENTED_EDGE('',*,*,#8904,.T.);
#8904 = EDGE_CURVE('',#8896,#8905,#8907,.T.);
#8905 = VERTEX_POINT('',#8906);
#8906 = CARTESIAN_POINT('',(57.3,111.9,5.2));
#8907 = LINE('',#8908,#8909);
#8908 = CARTESIAN_POINT('',(61.5,111.9,1.));
#8909 = VECTOR('',#8910,1.);
#8910 = DIRECTION('',(-0.707106781187,0.,0.707106781187));
#8911 = ORIENTED_EDGE('',*,*,#8912,.F.);
#8912 = EDGE_CURVE('',#8913,#8905,#8915,.T.);
#8913 = VERTEX_POINT('',#8914);
#8914 = CARTESIAN_POINT('',(56.5,111.1,6.));
#8915 = ELLIPSE('',#8916,1.131370849898,0.8);
#8916 = AXIS2_PLACEMENT_3D('',#8917,#8918,#8919);
#8917 = CARTESIAN_POINT('',(57.3,111.1,5.2));
#8918 = DIRECTION('',(-0.707106781187,-7.850462293419E-17,
    -0.707106781187));
#8919 = DIRECTION('',(-0.707106781187,-1.665334536938E-16,0.707106781187
    ));
#8920 = ORIENTED_EDGE('',*,*,#8921,.T.);
#8921 = EDGE_CURVE('',#8913,#8862,#8922,.T.);
#8922 = LINE('',#8923,#8924);
#8923 = CARTESIAN_POINT('',(56.5,110.775,6.));
#8924 = VECTOR('',#8925,1.);
#8925 = DIRECTION('',(-0.,-1.,1.110223024625E-16));
#8926 = PLANE('',#8927);
#8927 = AXIS2_PLACEMENT_3D('',#8928,#8929,#8930);
#8928 = CARTESIAN_POINT('',(62.5,115.15,5.684341886081E-14));
#8929 = DIRECTION('',(0.707106781187,1.110223024625E-16,0.707106781187)
  );
#8930 = DIRECTION('',(0.707106781187,1.665334536938E-16,-0.707106781187)
  );
#8931 = ADVANCED_FACE('',(#8932),#8938,.F.);
#8932 = FACE_BOUND('',#8933,.T.);
#8933 = EDGE_LOOP('',(#8934,#8935,#8936,#8937));
#8934 = ORIENTED_EDGE('',*,*,#8850,.T.);
#8935 = ORIENTED_EDGE('',*,*,#6395,.T.);
#8936 = ORIENTED_EDGE('',*,*,#6093,.F.);
#8937 = ORIENTED_EDGE('',*,*,#5910,.F.);
#8938 = PLANE('',#8939);
#8939 = AXIS2_PLACEMENT_3D('',#8940,#8941,#8942);
#8940 = CARTESIAN_POINT('',(54.5,115.15,8.));
#8941 = DIRECTION('',(1.,0.,0.));
#8942 = DIRECTION('',(0.,2.22044604925E-16,-1.));
#8943 = ADVANCED_FACE('',(#8944),#8950,.F.);
#8944 = FACE_BOUND('',#8945,.T.);
#8945 = EDGE_LOOP('',(#8946,#8947,#8948,#8949));
#8946 = ORIENTED_EDGE('',*,*,#5894,.F.);
#8947 = ORIENTED_EDGE('',*,*,#6125,.T.);
#8948 = ORIENTED_EDGE('',*,*,#6078,.T.);
#8949 = ORIENTED_EDGE('',*,*,#5956,.T.);
#8950 = PLANE('',#8951);
#8951 = AXIS2_PLACEMENT_3D('',#8952,#8953,#8954);
#8952 = CARTESIAN_POINT('',(65.5,115.15,17.));
#8953 = DIRECTION('',(-1.,-0.,0.));
#8954 = DIRECTION('',(0.,-2.22044604925E-16,1.));
#8955 = ADVANCED_FACE('',(#8956),#8962,.F.);
#8956 = FACE_BOUND('',#8957,.T.);
#8957 = EDGE_LOOP('',(#8958,#8959,#8960,#8961));
#8958 = ORIENTED_EDGE('',*,*,#6233,.T.);
#8959 = ORIENTED_EDGE('',*,*,#6109,.T.);
#8960 = ORIENTED_EDGE('',*,*,#6388,.T.);
#8961 = ORIENTED_EDGE('',*,*,#6355,.T.);
#8962 = PLANE('',#8963);
#8963 = AXIS2_PLACEMENT_3D('',#8964,#8965,#8966);
#8964 = CARTESIAN_POINT('',(65.5,115.15,17.));
#8965 = DIRECTION('',(-1.,-0.,0.));
#8966 = DIRECTION('',(0.,-2.22044604925E-16,1.));
#8967 = ADVANCED_FACE('',(#8968),#8984,.F.);
#8968 = FACE_BOUND('',#8969,.F.);
#8969 = EDGE_LOOP('',(#8970,#8976,#8977,#8983));
#8970 = ORIENTED_EDGE('',*,*,#8971,.F.);
#8971 = EDGE_CURVE('',#8871,#6136,#8972,.T.);
#8972 = LINE('',#8973,#8974);
#8973 = CARTESIAN_POINT('',(59.7,106.4,-2.));
#8974 = VECTOR('',#8975,1.);
#8975 = DIRECTION('',(0.,-1.110223024625E-16,1.));
#8976 = ORIENTED_EDGE('',*,*,#8878,.F.);
#8977 = ORIENTED_EDGE('',*,*,#8978,.T.);
#8978 = EDGE_CURVE('',#8879,#6134,#8979,.T.);
#8979 = LINE('',#8980,#8981);
#8980 = CARTESIAN_POINT('',(60.5,107.2,-2.));
#8981 = VECTOR('',#8982,1.);
#8982 = DIRECTION('',(0.,-1.110223024625E-16,1.));
#8983 = ORIENTED_EDGE('',*,*,#6133,.T.);
#8984 = CYLINDRICAL_SURFACE('',#8985,0.8);
#8985 = AXIS2_PLACEMENT_3D('',#8986,#8987,#8988);
#8986 = CARTESIAN_POINT('',(59.7,107.2,-2.));
#8987 = DIRECTION('',(0.,-1.110223024625E-16,1.));
#8988 = DIRECTION('',(-0.,-1.,-1.110223024625E-16));
#8989 = ADVANCED_FACE('',(#8990),#9001,.T.);
#8990 = FACE_BOUND('',#8991,.F.);
#8991 = EDGE_LOOP('',(#8992,#8993,#8999,#9000));
#8992 = ORIENTED_EDGE('',*,*,#8887,.T.);
#8993 = ORIENTED_EDGE('',*,*,#8994,.T.);
#8994 = EDGE_CURVE('',#8888,#6187,#8995,.T.);
#8995 = LINE('',#8996,#8997);
#8996 = CARTESIAN_POINT('',(60.5,111.1,-2.));
#8997 = VECTOR('',#8998,1.);
#8998 = DIRECTION('',(0.,-1.110223024625E-16,1.));
#8999 = ORIENTED_EDGE('',*,*,#6195,.T.);
#9000 = ORIENTED_EDGE('',*,*,#8978,.F.);
#9001 = PLANE('',#9002);
#9002 = AXIS2_PLACEMENT_3D('',#9003,#9004,#9005);
#9003 = CARTESIAN_POINT('',(60.5,111.9,-2.));
#9004 = DIRECTION('',(-1.,-0.,0.));
#9005 = DIRECTION('',(0.,1.,1.110223024625E-16));
#9006 = ADVANCED_FACE('',(#9007),#9018,.T.);
#9007 = FACE_BOUND('',#9008,.F.);
#9008 = EDGE_LOOP('',(#9009,#9010,#9011,#9012));
#9009 = ORIENTED_EDGE('',*,*,#8870,.T.);
#9010 = ORIENTED_EDGE('',*,*,#8971,.T.);
#9011 = ORIENTED_EDGE('',*,*,#6144,.T.);
#9012 = ORIENTED_EDGE('',*,*,#9013,.F.);
#9013 = EDGE_CURVE('',#8860,#6145,#9014,.T.);
#9014 = LINE('',#9015,#9016);
#9015 = CARTESIAN_POINT('',(57.3,106.4,-2.));
#9016 = VECTOR('',#9017,1.);
#9017 = DIRECTION('',(0.,-1.110223024625E-16,1.));
#9018 = PLANE('',#9019);
#9019 = AXIS2_PLACEMENT_3D('',#9020,#9021,#9022);
#9020 = CARTESIAN_POINT('',(60.5,106.4,-2.));
#9021 = DIRECTION('',(0.,1.,1.110223024625E-16));
#9022 = DIRECTION('',(1.,0.,0.));
#9023 = ADVANCED_FACE('',(#9024),#9035,.F.);
#9024 = FACE_BOUND('',#9025,.T.);
#9025 = EDGE_LOOP('',(#9026,#9032,#9033,#9034));
#9026 = ORIENTED_EDGE('',*,*,#9027,.F.);
#9027 = EDGE_CURVE('',#8896,#6179,#9028,.T.);
#9028 = LINE('',#9029,#9030);
#9029 = CARTESIAN_POINT('',(59.7,111.9,-2.));
#9030 = VECTOR('',#9031,1.);
#9031 = DIRECTION('',(0.,-1.110223024625E-16,1.));
#9032 = ORIENTED_EDGE('',*,*,#8895,.T.);
#9033 = ORIENTED_EDGE('',*,*,#8994,.T.);
#9034 = ORIENTED_EDGE('',*,*,#6186,.F.);
#9035 = CYLINDRICAL_SURFACE('',#9036,0.8);
#9036 = AXIS2_PLACEMENT_3D('',#9037,#9038,#9039);
#9037 = CARTESIAN_POINT('',(59.7,111.1,-2.));
#9038 = DIRECTION('',(0.,-1.110223024625E-16,1.));
#9039 = DIRECTION('',(0.,1.,1.110223024625E-16));
#9040 = ADVANCED_FACE('',(#9041),#9052,.F.);
#9041 = FACE_BOUND('',#9042,.T.);
#9042 = EDGE_LOOP('',(#9043,#9044,#9045,#9051));
#9043 = ORIENTED_EDGE('',*,*,#9013,.F.);
#9044 = ORIENTED_EDGE('',*,*,#8859,.T.);
#9045 = ORIENTED_EDGE('',*,*,#9046,.T.);
#9046 = EDGE_CURVE('',#8862,#6153,#9047,.T.);
#9047 = LINE('',#9048,#9049);
#9048 = CARTESIAN_POINT('',(56.5,107.2,-2.));
#9049 = VECTOR('',#9050,1.);
#9050 = DIRECTION('',(0.,-1.110223024625E-16,1.));
#9051 = ORIENTED_EDGE('',*,*,#6152,.F.);
#9052 = CYLINDRICAL_SURFACE('',#9053,0.8);
#9053 = AXIS2_PLACEMENT_3D('',#9054,#9055,#9056);
#9054 = CARTESIAN_POINT('',(57.3,107.2,-2.));
#9055 = DIRECTION('',(0.,-1.110223024625E-16,1.));
#9056 = DIRECTION('',(-0.,-1.,-1.110223024625E-16));
#9057 = ADVANCED_FACE('',(#9058),#9069,.T.);
#9058 = FACE_BOUND('',#9059,.F.);
#9059 = EDGE_LOOP('',(#9060,#9061,#9067,#9068));
#9060 = ORIENTED_EDGE('',*,*,#8904,.T.);
#9061 = ORIENTED_EDGE('',*,*,#9062,.T.);
#9062 = EDGE_CURVE('',#8905,#6170,#9063,.T.);
#9063 = LINE('',#9064,#9065);
#9064 = CARTESIAN_POINT('',(57.3,111.9,-2.));
#9065 = VECTOR('',#9066,1.);
#9066 = DIRECTION('',(0.,-1.110223024625E-16,1.));
#9067 = ORIENTED_EDGE('',*,*,#6178,.T.);
#9068 = ORIENTED_EDGE('',*,*,#9027,.F.);
#9069 = PLANE('',#9070);
#9070 = AXIS2_PLACEMENT_3D('',#9071,#9072,#9073);
#9071 = CARTESIAN_POINT('',(56.5,111.9,-2.));
#9072 = DIRECTION('',(-0.,-1.,-1.110223024625E-16));
#9073 = DIRECTION('',(-1.,0.,0.));
#9074 = ADVANCED_FACE('',(#9075),#9086,.T.);
#9075 = FACE_BOUND('',#9076,.F.);
#9076 = EDGE_LOOP('',(#9077,#9078,#9079,#9080));
#9077 = ORIENTED_EDGE('',*,*,#8921,.T.);
#9078 = ORIENTED_EDGE('',*,*,#9046,.T.);
#9079 = ORIENTED_EDGE('',*,*,#6161,.T.);
#9080 = ORIENTED_EDGE('',*,*,#9081,.F.);
#9081 = EDGE_CURVE('',#8913,#6162,#9082,.T.);
#9082 = LINE('',#9083,#9084);
#9083 = CARTESIAN_POINT('',(56.5,111.1,-2.));
#9084 = VECTOR('',#9085,1.);
#9085 = DIRECTION('',(0.,-1.110223024625E-16,1.));
#9086 = PLANE('',#9087);
#9087 = AXIS2_PLACEMENT_3D('',#9088,#9089,#9090);
#9088 = CARTESIAN_POINT('',(56.5,106.4,-2.));
#9089 = DIRECTION('',(1.,0.,0.));
#9090 = DIRECTION('',(0.,-1.,-1.110223024625E-16));
#9091 = ADVANCED_FACE('',(#9092),#9098,.F.);
#9092 = FACE_BOUND('',#9093,.T.);
#9093 = EDGE_LOOP('',(#9094,#9095,#9096,#9097));
#9094 = ORIENTED_EDGE('',*,*,#9081,.F.);
#9095 = ORIENTED_EDGE('',*,*,#8912,.T.);
#9096 = ORIENTED_EDGE('',*,*,#9062,.T.);
#9097 = ORIENTED_EDGE('',*,*,#6169,.F.);
#9098 = CYLINDRICAL_SURFACE('',#9099,0.8);
#9099 = AXIS2_PLACEMENT_3D('',#9100,#9101,#9102);
#9100 = CARTESIAN_POINT('',(57.3,111.1,-2.));
#9101 = DIRECTION('',(0.,-1.110223024625E-16,1.));
#9102 = DIRECTION('',(-1.,-0.,0.));
#9103 = ( GEOMETRIC_REPRESENTATION_CONTEXT(3) 
GLOBAL_UNCERTAINTY_ASSIGNED_CONTEXT((#9107)) 
GLOBAL_UNIT_ASSIGNED_CONTEXT((#9104,#9105,#9106)) REPRESENTATION_CONTEXT
('Context #1','3D Context with UNIT and UNCERTAINTY') );
#9104 = ( LENGTH_UNIT() NAMED_UNIT(*) SI_UNIT(.MILLI.,.METRE.) );
#9105 = ( NAMED_UNIT(*) PLANE_ANGLE_UNIT() SI_UNIT($,.RADIAN.) );
#9106 = ( NAMED_UNIT(*) SI_UNIT($,.STERADIAN.) SOLID_ANGLE_UNIT() );
#9107 = UNCERTAINTY_MEASURE_WITH_UNIT(LENGTH_MEASURE(1.E-04),#9104,
  'distance_accuracy_value','confusion accuracy');
#9108 = PRODUCT_RELATED_PRODUCT_CATEGORY('part',$,(#7));
ENDSEC;
END-ISO-10303-21;
