ISO-10303-21;
HEADER;
FILE_DESCRIPTION(('Open CASCADE Model'),'2;1');
FILE_NAME('Open CASCADE Shape Model','2026-09-08T01:48:24',('Author'),(
    'Open CASCADE'),'Open CASCADE STEP processor 7.9','Open CASCADE 7.9'
  ,'Unknown');
FILE_SCHEMA(('AUTOMOTIVE_DESIGN { 1 0 10303 214 1 1 1 1 }'));
ENDSEC;
DATA;
#1 = APPLICATION_PROTOCOL_DEFINITION('international standard',
  'automotive_design',2000,#2);
#2 = APPLICATION_CONTEXT(
  'core data for automotive mechanical design processes');
#3 = SHAPE_DEFINITION_REPRESENTATION(#4,#10);
#4 = PRODUCT_DEFINITION_SHAPE('','',#5);
#5 = PRODUCT_DEFINITION('design','',#6,#9);
#6 = PRODUCT_DEFINITION_FORMATION('','',#7);
#7 = PRODUCT('Open CASCADE STEP translator 7.9 10',
  'Open CASCADE STEP translator 7.9 10','',(#8));
#8 = PRODUCT_CONTEXT('',#2,'mechanical');
#9 = PRODUCT_DEFINITION_CONTEXT('part definition',#2,'design');
#10 = ADVANCED_BREP_SHAPE_REPRESENTATION('',(#11,#15),#18565);
#11 = AXIS2_PLACEMENT_3D('',#12,#13,#14);
#12 = CARTESIAN_POINT('',(0.,0.,0.));
#13 = DIRECTION('',(0.,0.,1.));
#14 = DIRECTION('',(1.,0.,-0.));
#15 = MANIFOLD_SOLID_BREP('',#16);
#16 = CLOSED_SHELL('',(#17,#1157,#2083,#4591,#4970,#5048,#5119,#5252,
    #5357,#5406,#5455,#5505,#5576,#5648,#5697,#5746,#5795,#5845,#5916,
    #5965,#6014,#6063,#6112,#6139,#6210,#6282,#6331,#6380,#6429,#6479,
    #6550,#6622,#6671,#6720,#6769,#6819,#6890,#6990,#7090,#7139,#7188,
    #7215,#8262,#8333,#8382,#8431,#8480,#8529,#8556,#8627,#8676,#8725,
    #8774,#8823,#8850,#8921,#8970,#9019,#9068,#9117,#9144,#9215,#9264,
    #9313,#9362,#9411,#9438,#9509,#9558,#9607,#9656,#9705,#9732,#9808,
    #9857,#9906,#10098,#10169,#10218,#10267,#10294,#10365,#10414,#10463,
    #10490,#10561,#10610,#10659,#10686,#10757,#10806,#10855,#10882,
    #10953,#11002,#11051,#11078,#11149,#11198,#11247,#11461,#11510,
    #11559,#11586,#11635,#11684,#11892,#11965,#12201,#12250,#12299,
    #12348,#12397,#12424,#12473,#12522,#12549,#12598,#12647,#12674,
    #12745,#12794,#12843,#12870,#12919,#12968,#12995,#13044,#13093,
    #13307,#13378,#13427,#13476,#13503,#13552,#13601,#13628,#13677,
    #13726,#13753,#13824,#13873,#13922,#13949,#14020,#14069,#14118,
    #14145,#14216,#14265,#14314,#14341,#14518,#15032,#15108,#15157,
    #15206,#15233,#15309,#15358,#15407,#15434,#15582,#15749,#15775,
    #15782,#15809,#15881,#15888,#15895,#15942,#16043,#16121,#16170,
    #16219,#16269,#16340,#16412,#16461,#16510,#16559,#16609,#16656,
    #16683,#16710,#16737,#16764,#16771,#16842,#16914,#16963,#17012,
    #17061,#17111,#17182,#17254,#17303,#17352,#17401,#17451,#17522,
    #17593,#17664,#17691,#17718,#17725,#17973,#18000,#18027,#18170,
    #18197,#18224,#18251,#18278,#18327,#18472,#18499,#18506,#18513,
    #18520,#18526,#18558));
#17 = ADVANCED_FACE('',(#18,#137,#307,#477,#647,#817,#987),#32,.F.);
#18 = FACE_BOUND('',#19,.F.);
#19 = EDGE_LOOP('',(#20,#55,#83,#111));
#20 = ORIENTED_EDGE('',*,*,#21,.F.);
#21 = EDGE_CURVE('',#22,#24,#26,.T.);
#22 = VERTEX_POINT('',#23);
#23 = CARTESIAN_POINT('',(1.,50.029437251523,-160.3675323681));
#24 = VERTEX_POINT('',#25);
#25 = CARTESIAN_POINT('',(1.,24.573593128807,-134.9116882454));
#26 = SURFACE_CURVE('',#27,(#31,#43),.PCURVE_S1.);
#27 = LINE('',#28,#29);
#28 = CARTESIAN_POINT('',(1.,50.029437251523,-160.3675323681));
#29 = VECTOR('',#30,1.);
#30 = DIRECTION('',(0.,-0.707106781187,0.707106781187));
#31 = PCURVE('',#32,#37);
#32 = PLANE('',#33);
#33 = AXIS2_PLACEMENT_3D('',#34,#35,#36);
#34 = CARTESIAN_POINT('',(1.,50.029437251523,-160.3675323681));
#35 = DIRECTION('',(1.,0.,0.));
#36 = DIRECTION('',(0.,-0.707106781187,0.707106781187));
#37 = DEFINITIONAL_REPRESENTATION('',(#38),#42);
#38 = LINE('',#39,#40);
#39 = CARTESIAN_POINT('',(0.,0.));
#40 = VECTOR('',#41,1.);
#41 = DIRECTION('',(1.,0.));
#42 = ( GEOMETRIC_REPRESENTATION_CONTEXT(2) 
PARAMETRIC_REPRESENTATION_CONTEXT() REPRESENTATION_CONTEXT('2D SPACE',''
  ) );
#43 = PCURVE('',#44,#49);
#44 = PLANE('',#45);
#45 = AXIS2_PLACEMENT_3D('',#46,#47,#48);
#46 = CARTESIAN_POINT('',(1.,50.029437251523,-160.3675323681));
#47 = DIRECTION('',(0.,0.707106781187,0.707106781187));
#48 = DIRECTION('',(0.,-0.707106781187,0.707106781187));
#49 = DEFINITIONAL_REPRESENTATION('',(#50),#54);
#50 = LINE('',#51,#52);
#51 = CARTESIAN_POINT('',(0.,0.));
#52 = VECTOR('',#53,1.);
#53 = DIRECTION('',(1.,0.));
#54 = ( GEOMETRIC_REPRESENTATION_CONTEXT(2) 
PARAMETRIC_REPRESENTATION_CONTEXT() REPRESENTATION_CONTEXT('2D SPACE',''
  ) );
#55 = ORIENTED_EDGE('',*,*,#56,.F.);
#56 = EDGE_CURVE('',#57,#22,#59,.T.);
#57 = VERTEX_POINT('',#58);
#58 = CARTESIAN_POINT('',(1.,143.36753236814,-67.02943725152));
#59 = SURFACE_CURVE('',#60,(#64,#71),.PCURVE_S1.);
#60 = LINE('',#61,#62);
#61 = CARTESIAN_POINT('',(1.,143.36753236814,-67.02943725152));
#62 = VECTOR('',#63,1.);
#63 = DIRECTION('',(0.,-0.707106781187,-0.707106781187));
#64 = PCURVE('',#32,#65);
#65 = DEFINITIONAL_REPRESENTATION('',(#66),#70);
#66 = LINE('',#67,#68);
#67 = CARTESIAN_POINT('',(1.42108547152E-14,-132.));
#68 = VECTOR('',#69,1.);
#69 = DIRECTION('',(0.,1.));
#70 = ( GEOMETRIC_REPRESENTATION_CONTEXT(2) 
PARAMETRIC_REPRESENTATION_CONTEXT() REPRESENTATION_CONTEXT('2D SPACE',''
  ) );
#71 = PCURVE('',#72,#77);
#72 = PLANE('',#73);
#73 = AXIS2_PLACEMENT_3D('',#74,#75,#76);
#74 = CARTESIAN_POINT('',(1.,50.029437251523,-160.3675323681));
#75 = DIRECTION('',(0.,-0.707106781187,0.707106781187));
#76 = DIRECTION('',(1.,0.,0.));
#77 = DEFINITIONAL_REPRESENTATION('',(#78),#82);
#78 = LINE('',#79,#80);
#79 = CARTESIAN_POINT('',(0.,132.));
#80 = VECTOR('',#81,1.);
#81 = DIRECTION('',(0.,-1.));
#82 = ( GEOMETRIC_REPRESENTATION_CONTEXT(2) 
PARAMETRIC_REPRESENTATION_CONTEXT() REPRESENTATION_CONTEXT('2D SPACE',''
  ) );
#83 = ORIENTED_EDGE('',*,*,#84,.F.);
#84 = EDGE_CURVE('',#85,#57,#87,.T.);
#85 = VERTEX_POINT('',#86);
#86 = CARTESIAN_POINT('',(1.,117.91168824543,-41.5735931288));
#87 = SURFACE_CURVE('',#88,(#92,#99),.PCURVE_S1.);
#88 = LINE('',#89,#90);
#89 = CARTESIAN_POINT('',(1.,117.91168824543,-41.5735931288));
#90 = VECTOR('',#91,1.);
#91 = DIRECTION('',(0.,0.707106781187,-0.707106781187));
#92 = PCURVE('',#32,#93);
#93 = DEFINITIONAL_REPRESENTATION('',(#94),#98);
#94 = LINE('',#95,#96);
#95 = CARTESIAN_POINT('',(36.,-132.));
#96 = VECTOR('',#97,1.);
#97 = DIRECTION('',(-1.,0.));
#98 = ( GEOMETRIC_REPRESENTATION_CONTEXT(2) 
PARAMETRIC_REPRESENTATION_CONTEXT() REPRESENTATION_CONTEXT('2D SPACE',''
  ) );
#99 = PCURVE('',#100,#105);
#100 = PLANE('',#101);
#101 = AXIS2_PLACEMENT_3D('',#102,#103,#104);
#102 = CARTESIAN_POINT('',(1.,143.36753236814,-67.02943725152));
#103 = DIRECTION('',(0.,0.707106781187,0.707106781187));
#104 = DIRECTION('',(0.,-0.707106781187,0.707106781187));
#105 = DEFINITIONAL_REPRESENTATION('',(#106),#110);
#106 = LINE('',#107,#108);
#107 = CARTESIAN_POINT('',(36.,0.));
#108 = VECTOR('',#109,1.);
#109 = DIRECTION('',(-1.,0.));
#110 = ( GEOMETRIC_REPRESENTATION_CONTEXT(2) 
PARAMETRIC_REPRESENTATION_CONTEXT() REPRESENTATION_CONTEXT('2D SPACE',''
  ) );
#111 = ORIENTED_EDGE('',*,*,#112,.F.);
#112 = EDGE_CURVE('',#24,#85,#113,.T.);
#113 = SURFACE_CURVE('',#114,(#118,#125),.PCURVE_S1.);
#114 = LINE('',#115,#116);
#115 = CARTESIAN_POINT('',(1.,24.573593128807,-134.9116882454));
#116 = VECTOR('',#117,1.);
#117 = DIRECTION('',(0.,0.707106781187,0.707106781187));
#118 = PCURVE('',#32,#119);
#119 = DEFINITIONAL_REPRESENTATION('',(#120),#124);
#120 = LINE('',#121,#122);
#121 = CARTESIAN_POINT('',(36.,-3.552713678801E-15));
#122 = VECTOR('',#123,1.);
#123 = DIRECTION('',(0.,-1.));
#124 = ( GEOMETRIC_REPRESENTATION_CONTEXT(2) 
PARAMETRIC_REPRESENTATION_CONTEXT() REPRESENTATION_CONTEXT('2D SPACE',''
  ) );
#125 = PCURVE('',#126,#131);
#126 = PLANE('',#127);
#127 = AXIS2_PLACEMENT_3D('',#128,#129,#130);
#128 = CARTESIAN_POINT('',(1.,24.573593128807,-134.9116882454));
#129 = DIRECTION('',(0.,-0.707106781187,0.707106781187));
#130 = DIRECTION('',(1.,0.,0.));
#131 = DEFINITIONAL_REPRESENTATION('',(#132),#136);
#132 = LINE('',#133,#134);
#133 = CARTESIAN_POINT('',(0.,0.));
#134 = VECTOR('',#135,1.);
#135 = DIRECTION('',(0.,1.));
#136 = ( GEOMETRIC_REPRESENTATION_CONTEXT(2) 
PARAMETRIC_REPRESENTATION_CONTEXT() REPRESENTATION_CONTEXT('2D SPACE',''
  ) );
#137 = FACE_BOUND('',#138,.F.);
#138 = EDGE_LOOP('',(#139,#169,#197,#225,#253,#281));
#139 = ORIENTED_EDGE('',*,*,#140,.T.);
#140 = EDGE_CURVE('',#141,#143,#145,.T.);
#141 = VERTEX_POINT('',#142);
#142 = CARTESIAN_POINT('',(1.,110.84062043356,-68.44365081389));
#143 = VERTEX_POINT('',#144);
#144 = CARTESIAN_POINT('',(1.,119.3259018078,-76.92893218813));
#145 = SURFACE_CURVE('',#146,(#150,#157),.PCURVE_S1.);
#146 = LINE('',#147,#148);
#147 = CARTESIAN_POINT('',(1.,122.86143571373,-80.46446609406));
#148 = VECTOR('',#149,1.);
#149 = DIRECTION('',(0.,0.707106781187,-0.707106781187));
#150 = PCURVE('',#32,#151);
#151 = DEFINITIONAL_REPRESENTATION('',(#152),#156);
#152 = LINE('',#153,#154);
#153 = CARTESIAN_POINT('',(5.,-108.));
#154 = VECTOR('',#155,1.);
#155 = DIRECTION('',(-1.,0.));
#156 = ( GEOMETRIC_REPRESENTATION_CONTEXT(2) 
PARAMETRIC_REPRESENTATION_CONTEXT() REPRESENTATION_CONTEXT('2D SPACE',''
  ) );
#157 = PCURVE('',#158,#163);
#158 = PLANE('',#159);
#159 = AXIS2_PLACEMENT_3D('',#160,#161,#162);
#160 = CARTESIAN_POINT('',(0.,119.3259018078,-76.92893218813));
#161 = DIRECTION('',(0.,-0.707106781187,-0.707106781187));
#162 = DIRECTION('',(0.,-0.707106781187,0.707106781187));
#163 = DEFINITIONAL_REPRESENTATION('',(#164),#168);
#164 = LINE('',#165,#166);
#165 = CARTESIAN_POINT('',(-5.,-1.));
#166 = VECTOR('',#167,1.);
#167 = DIRECTION('',(-1.,0.));
#168 = ( GEOMETRIC_REPRESENTATION_CONTEXT(2) 
PARAMETRIC_REPRESENTATION_CONTEXT() REPRESENTATION_CONTEXT('2D SPACE',''
  ) );
#169 = ORIENTED_EDGE('',*,*,#170,.T.);
#170 = EDGE_CURVE('',#143,#171,#173,.T.);
#171 = VERTEX_POINT('',#172);
#172 = CARTESIAN_POINT('',(1.,108.01219330882,-88.24264068711));
#173 = SURFACE_CURVE('',#174,(#178,#185),.PCURVE_S1.);
#174 = LINE('',#175,#176);
#175 = CARTESIAN_POINT('',(1.,75.485281374239,-120.7695526217));
#176 = VECTOR('',#177,1.);
#177 = DIRECTION('',(0.,-0.707106781187,-0.707106781187));
#178 = PCURVE('',#32,#179);
#179 = DEFINITIONAL_REPRESENTATION('',(#180),#184);
#180 = LINE('',#181,#182);
#181 = CARTESIAN_POINT('',(10.,-46.));
#182 = VECTOR('',#183,1.);
#183 = DIRECTION('',(0.,1.));
#184 = ( GEOMETRIC_REPRESENTATION_CONTEXT(2) 
PARAMETRIC_REPRESENTATION_CONTEXT() REPRESENTATION_CONTEXT('2D SPACE',''
  ) );
#185 = PCURVE('',#186,#191);
#186 = PLANE('',#187);
#187 = AXIS2_PLACEMENT_3D('',#188,#189,#190);
#188 = CARTESIAN_POINT('',(0.,108.01219330882,-88.24264068711));
#189 = DIRECTION('',(0.,-0.707106781187,0.707106781187));
#190 = DIRECTION('',(0.,0.707106781187,0.707106781187));
#191 = DEFINITIONAL_REPRESENTATION('',(#192),#196);
#192 = LINE('',#193,#194);
#193 = CARTESIAN_POINT('',(-46.,-1.));
#194 = VECTOR('',#195,1.);
#195 = DIRECTION('',(-1.,-0.));
#196 = ( GEOMETRIC_REPRESENTATION_CONTEXT(2) 
PARAMETRIC_REPRESENTATION_CONTEXT() REPRESENTATION_CONTEXT('2D SPACE',''
  ) );
#197 = ORIENTED_EDGE('',*,*,#198,.T.);
#198 = EDGE_CURVE('',#171,#199,#201,.T.);
#199 = VERTEX_POINT('',#200);
#200 = CARTESIAN_POINT('',(1.,99.526911934581,-79.75735931288));
#201 = SURFACE_CURVE('',#202,(#206,#213),.PCURVE_S1.);
#202 = LINE('',#203,#204);
#203 = CARTESIAN_POINT('',(1.,107.30508652763,-87.53553390593));
#204 = VECTOR('',#205,1.);
#205 = DIRECTION('',(0.,-0.707106781187,0.707106781187));
#206 = PCURVE('',#32,#207);
#207 = DEFINITIONAL_REPRESENTATION('',(#208),#212);
#208 = LINE('',#209,#210);
#209 = CARTESIAN_POINT('',(11.,-92.));
#210 = VECTOR('',#211,1.);
#211 = DIRECTION('',(1.,0.));
#212 = ( GEOMETRIC_REPRESENTATION_CONTEXT(2) 
PARAMETRIC_REPRESENTATION_CONTEXT() REPRESENTATION_CONTEXT('2D SPACE',''
  ) );
#213 = PCURVE('',#214,#219);
#214 = PLANE('',#215);
#215 = AXIS2_PLACEMENT_3D('',#216,#217,#218);
#216 = CARTESIAN_POINT('',(0.,99.526911934581,-79.75735931288));
#217 = DIRECTION('',(0.,0.707106781187,0.707106781187));
#218 = DIRECTION('',(0.,0.707106781187,-0.707106781187));
#219 = DEFINITIONAL_REPRESENTATION('',(#220),#224);
#220 = LINE('',#221,#222);
#221 = CARTESIAN_POINT('',(11.,-1.));
#222 = VECTOR('',#223,1.);
#223 = DIRECTION('',(-1.,0.));
#224 = ( GEOMETRIC_REPRESENTATION_CONTEXT(2) 
PARAMETRIC_REPRESENTATION_CONTEXT() REPRESENTATION_CONTEXT('2D SPACE',''
  ) );
#225 = ORIENTED_EDGE('',*,*,#226,.T.);
#226 = EDGE_CURVE('',#199,#227,#229,.T.);
#227 = VERTEX_POINT('',#228);
#228 = CARTESIAN_POINT('',(1.,99.526911934581,-71.27207793864));
#229 = SURFACE_CURVE('',#230,(#234,#241),.PCURVE_S1.);
#230 = LINE('',#231,#232);
#231 = CARTESIAN_POINT('',(1.,99.526911934581,-115.8198051533));
#232 = VECTOR('',#233,1.);
#233 = DIRECTION('',(0.,1.110223024625E-16,1.));
#234 = PCURVE('',#32,#235);
#235 = DEFINITIONAL_REPRESENTATION('',(#236),#240);
#236 = LINE('',#237,#238);
#237 = CARTESIAN_POINT('',(-3.5,-66.5));
#238 = VECTOR('',#239,1.);
#239 = DIRECTION('',(0.707106781187,-0.707106781187));
#240 = ( GEOMETRIC_REPRESENTATION_CONTEXT(2) 
PARAMETRIC_REPRESENTATION_CONTEXT() REPRESENTATION_CONTEXT('2D SPACE',''
  ) );
#241 = PCURVE('',#242,#247);
#242 = PLANE('',#243);
#243 = AXIS2_PLACEMENT_3D('',#244,#245,#246);
#244 = CARTESIAN_POINT('',(0.,99.526911934581,-71.27207793864));
#245 = DIRECTION('',(0.,1.,-1.110223024625E-16));
#246 = DIRECTION('',(0.,-1.110223024625E-16,-1.));
#247 = DEFINITIONAL_REPRESENTATION('',(#248),#252);
#248 = LINE('',#249,#250);
#249 = CARTESIAN_POINT('',(44.547727214752,-1.));
#250 = VECTOR('',#251,1.);
#251 = DIRECTION('',(-1.,0.));
#252 = ( GEOMETRIC_REPRESENTATION_CONTEXT(2) 
PARAMETRIC_REPRESENTATION_CONTEXT() REPRESENTATION_CONTEXT('2D SPACE',''
  ) );
#253 = ORIENTED_EDGE('',*,*,#254,.T.);
#254 = EDGE_CURVE('',#227,#255,#257,.T.);
#255 = VERTEX_POINT('',#256);
#256 = CARTESIAN_POINT('',(1.,102.35533905932,-68.44365081389));
#257 = SURFACE_CURVE('',#258,(#262,#269),.PCURVE_S1.);
#258 = LINE('',#259,#260);
#259 = CARTESIAN_POINT('',(1.,66.292893218813,-104.5060966544));
#260 = VECTOR('',#261,1.);
#261 = DIRECTION('',(0.,0.707106781187,0.707106781187));
#262 = PCURVE('',#32,#263);
#263 = DEFINITIONAL_REPRESENTATION('',(#264),#268);
#264 = LINE('',#265,#266);
#265 = CARTESIAN_POINT('',(28.,-51.));
#266 = VECTOR('',#267,1.);
#267 = DIRECTION('',(0.,-1.));
#268 = ( GEOMETRIC_REPRESENTATION_CONTEXT(2) 
PARAMETRIC_REPRESENTATION_CONTEXT() REPRESENTATION_CONTEXT('2D SPACE',''
  ) );
#269 = PCURVE('',#270,#275);
#270 = PLANE('',#271);
#271 = AXIS2_PLACEMENT_3D('',#272,#273,#274);
#272 = CARTESIAN_POINT('',(0.,102.35533905932,-68.44365081389));
#273 = DIRECTION('',(0.,0.707106781187,-0.707106781187));
#274 = DIRECTION('',(0.,-0.707106781187,-0.707106781187));
#275 = DEFINITIONAL_REPRESENTATION('',(#276),#280);
#276 = LINE('',#277,#278);
#277 = CARTESIAN_POINT('',(51.,-1.));
#278 = VECTOR('',#279,1.);
#279 = DIRECTION('',(-1.,0.));
#280 = ( GEOMETRIC_REPRESENTATION_CONTEXT(2) 
PARAMETRIC_REPRESENTATION_CONTEXT() REPRESENTATION_CONTEXT('2D SPACE',''
  ) );
#281 = ORIENTED_EDGE('',*,*,#282,.T.);
#282 = EDGE_CURVE('',#255,#141,#283,.T.);
#283 = SURFACE_CURVE('',#284,(#288,#295),.PCURVE_S1.);
#284 = LINE('',#285,#286);
#285 = CARTESIAN_POINT('',(1.,80.435028842544,-68.44365081389));
#286 = VECTOR('',#287,1.);
#287 = DIRECTION('',(0.,1.,-1.110223024625E-16));
#288 = PCURVE('',#32,#289);
#289 = DEFINITIONAL_REPRESENTATION('',(#290),#294);
#290 = LINE('',#291,#292);
#291 = CARTESIAN_POINT('',(43.5,-86.5));
#292 = VECTOR('',#293,1.);
#293 = DIRECTION('',(-0.707106781187,-0.707106781187));
#294 = ( GEOMETRIC_REPRESENTATION_CONTEXT(2) 
PARAMETRIC_REPRESENTATION_CONTEXT() REPRESENTATION_CONTEXT('2D SPACE',''
  ) );
#295 = PCURVE('',#296,#301);
#296 = PLANE('',#297);
#297 = AXIS2_PLACEMENT_3D('',#298,#299,#300);
#298 = CARTESIAN_POINT('',(0.,110.84062043356,-68.44365081389));
#299 = DIRECTION('',(0.,-1.110223024625E-16,-1.));
#300 = DIRECTION('',(0.,-1.,1.110223024625E-16));
#301 = DEFINITIONAL_REPRESENTATION('',(#302),#306);
#302 = LINE('',#303,#304);
#303 = CARTESIAN_POINT('',(30.405591591022,-1.));
#304 = VECTOR('',#305,1.);
#305 = DIRECTION('',(-1.,-0.));
#306 = ( GEOMETRIC_REPRESENTATION_CONTEXT(2) 
PARAMETRIC_REPRESENTATION_CONTEXT() REPRESENTATION_CONTEXT('2D SPACE',''
  ) );
#307 = FACE_BOUND('',#308,.F.);
#308 = EDGE_LOOP('',(#309,#339,#367,#395,#423,#451));
#309 = ORIENTED_EDGE('',*,*,#310,.T.);
#310 = EDGE_CURVE('',#311,#313,#315,.T.);
#311 = VERTEX_POINT('',#312);
#312 = CARTESIAN_POINT('',(1.,96.698484809835,-82.58578643762));
#313 = VERTEX_POINT('',#314);
#314 = CARTESIAN_POINT('',(1.,105.18376618407,-91.07106781186));
#315 = SURFACE_CURVE('',#316,(#320,#327),.PCURVE_S1.);
#316 = LINE('',#317,#318);
#317 = CARTESIAN_POINT('',(1.,108.71930009,-94.60660171779));
#318 = VECTOR('',#319,1.);
#319 = DIRECTION('',(0.,0.707106781187,-0.707106781187));
#320 = PCURVE('',#32,#321);
#321 = DEFINITIONAL_REPRESENTATION('',(#322),#326);
#322 = LINE('',#323,#324);
#323 = CARTESIAN_POINT('',(5.,-88.));
#324 = VECTOR('',#325,1.);
#325 = DIRECTION('',(-1.,0.));
#326 = ( GEOMETRIC_REPRESENTATION_CONTEXT(2) 
PARAMETRIC_REPRESENTATION_CONTEXT() REPRESENTATION_CONTEXT('2D SPACE',''
  ) );
#327 = PCURVE('',#328,#333);
#328 = PLANE('',#329);
#329 = AXIS2_PLACEMENT_3D('',#330,#331,#332);
#330 = CARTESIAN_POINT('',(0.,105.18376618407,-91.07106781186));
#331 = DIRECTION('',(0.,-0.707106781187,-0.707106781187));
#332 = DIRECTION('',(0.,-0.707106781187,0.707106781187));
#333 = DEFINITIONAL_REPRESENTATION('',(#334),#338);
#334 = LINE('',#335,#336);
#335 = CARTESIAN_POINT('',(-5.,-1.));
#336 = VECTOR('',#337,1.);
#337 = DIRECTION('',(-1.,0.));
#338 = ( GEOMETRIC_REPRESENTATION_CONTEXT(2) 
PARAMETRIC_REPRESENTATION_CONTEXT() REPRESENTATION_CONTEXT('2D SPACE',''
  ) );
#339 = ORIENTED_EDGE('',*,*,#340,.T.);
#340 = EDGE_CURVE('',#313,#341,#343,.T.);
#341 = VERTEX_POINT('',#342);
#342 = CARTESIAN_POINT('',(1.,93.870057685089,-102.3847763108));
#343 = SURFACE_CURVE('',#344,(#348,#355),.PCURVE_S1.);
#344 = LINE('',#345,#346);
#345 = CARTESIAN_POINT('',(1.,68.414213562373,-127.8406204335));
#346 = VECTOR('',#347,1.);
#347 = DIRECTION('',(0.,-0.707106781187,-0.707106781187));
#348 = PCURVE('',#32,#349);
#349 = DEFINITIONAL_REPRESENTATION('',(#350),#354);
#350 = LINE('',#351,#352);
#351 = CARTESIAN_POINT('',(10.,-36.));
#352 = VECTOR('',#353,1.);
#353 = DIRECTION('',(0.,1.));
#354 = ( GEOMETRIC_REPRESENTATION_CONTEXT(2) 
PARAMETRIC_REPRESENTATION_CONTEXT() REPRESENTATION_CONTEXT('2D SPACE',''
  ) );
#355 = PCURVE('',#356,#361);
#356 = PLANE('',#357);
#357 = AXIS2_PLACEMENT_3D('',#358,#359,#360);
#358 = CARTESIAN_POINT('',(0.,93.870057685089,-102.3847763108));
#359 = DIRECTION('',(0.,-0.707106781187,0.707106781187));
#360 = DIRECTION('',(0.,0.707106781187,0.707106781187));
#361 = DEFINITIONAL_REPRESENTATION('',(#362),#366);
#362 = LINE('',#363,#364);
#363 = CARTESIAN_POINT('',(-36.,-1.));
#364 = VECTOR('',#365,1.);
#365 = DIRECTION('',(-1.,-0.));
#366 = ( GEOMETRIC_REPRESENTATION_CONTEXT(2) 
PARAMETRIC_REPRESENTATION_CONTEXT() REPRESENTATION_CONTEXT('2D SPACE',''
  ) );
#367 = ORIENTED_EDGE('',*,*,#368,.T.);
#368 = EDGE_CURVE('',#341,#369,#371,.T.);
#369 = VERTEX_POINT('',#370);
#370 = CARTESIAN_POINT('',(1.,85.38477631085,-93.89949493661));
#371 = SURFACE_CURVE('',#372,(#376,#383),.PCURVE_S1.);
#372 = LINE('',#373,#374);
#373 = CARTESIAN_POINT('',(1.,93.162950903902,-101.6776695296));
#374 = VECTOR('',#375,1.);
#375 = DIRECTION('',(0.,-0.707106781187,0.707106781187));
#376 = PCURVE('',#32,#377);
#377 = DEFINITIONAL_REPRESENTATION('',(#378),#382);
#378 = LINE('',#379,#380);
#379 = CARTESIAN_POINT('',(11.,-72.));
#380 = VECTOR('',#381,1.);
#381 = DIRECTION('',(1.,0.));
#382 = ( GEOMETRIC_REPRESENTATION_CONTEXT(2) 
PARAMETRIC_REPRESENTATION_CONTEXT() REPRESENTATION_CONTEXT('2D SPACE',''
  ) );
#383 = PCURVE('',#384,#389);
#384 = PLANE('',#385);
#385 = AXIS2_PLACEMENT_3D('',#386,#387,#388);
#386 = CARTESIAN_POINT('',(0.,85.38477631085,-93.89949493661));
#387 = DIRECTION('',(0.,0.707106781187,0.707106781187));
#388 = DIRECTION('',(0.,0.707106781187,-0.707106781187));
#389 = DEFINITIONAL_REPRESENTATION('',(#390),#394);
#390 = LINE('',#391,#392);
#391 = CARTESIAN_POINT('',(11.,-1.));
#392 = VECTOR('',#393,1.);
#393 = DIRECTION('',(-1.,0.));
#394 = ( GEOMETRIC_REPRESENTATION_CONTEXT(2) 
PARAMETRIC_REPRESENTATION_CONTEXT() REPRESENTATION_CONTEXT('2D SPACE',''
  ) );
#395 = ORIENTED_EDGE('',*,*,#396,.T.);
#396 = EDGE_CURVE('',#369,#397,#399,.T.);
#397 = VERTEX_POINT('',#398);
#398 = CARTESIAN_POINT('',(1.,85.38477631085,-85.41421356237));
#399 = SURFACE_CURVE('',#400,(#404,#411),.PCURVE_S1.);
#400 = LINE('',#401,#402);
#401 = CARTESIAN_POINT('',(1.,85.38477631085,-122.8908729652));
#402 = VECTOR('',#403,1.);
#403 = DIRECTION('',(0.,1.110223024625E-16,1.));
#404 = PCURVE('',#32,#405);
#405 = DEFINITIONAL_REPRESENTATION('',(#406),#410);
#406 = LINE('',#407,#408);
#407 = CARTESIAN_POINT('',(1.5,-51.5));
#408 = VECTOR('',#409,1.);
#409 = DIRECTION('',(0.707106781187,-0.707106781187));
#410 = ( GEOMETRIC_REPRESENTATION_CONTEXT(2) 
PARAMETRIC_REPRESENTATION_CONTEXT() REPRESENTATION_CONTEXT('2D SPACE',''
  ) );
#411 = PCURVE('',#412,#417);
#412 = PLANE('',#413);
#413 = AXIS2_PLACEMENT_3D('',#414,#415,#416);
#414 = CARTESIAN_POINT('',(0.,85.38477631085,-85.41421356237));
#415 = DIRECTION('',(0.,1.,-1.110223024625E-16));
#416 = DIRECTION('',(0.,-1.110223024625E-16,-1.));
#417 = DEFINITIONAL_REPRESENTATION('',(#418),#422);
#418 = LINE('',#419,#420);
#419 = CARTESIAN_POINT('',(37.476659402887,-1.));
#420 = VECTOR('',#421,1.);
#421 = DIRECTION('',(-1.,0.));
#422 = ( GEOMETRIC_REPRESENTATION_CONTEXT(2) 
PARAMETRIC_REPRESENTATION_CONTEXT() REPRESENTATION_CONTEXT('2D SPACE',''
  ) );
#423 = ORIENTED_EDGE('',*,*,#424,.T.);
#424 = EDGE_CURVE('',#397,#425,#427,.T.);
#425 = VERTEX_POINT('',#426);
#426 = CARTESIAN_POINT('',(1.,88.213203435596,-82.58578643762));
#427 = SURFACE_CURVE('',#428,(#432,#439),.PCURVE_S1.);
#428 = LINE('',#429,#430);
#429 = CARTESIAN_POINT('',(1.,59.221825406948,-111.5771644662));
#430 = VECTOR('',#431,1.);
#431 = DIRECTION('',(0.,0.707106781187,0.707106781187));
#432 = PCURVE('',#32,#433);
#433 = DEFINITIONAL_REPRESENTATION('',(#434),#438);
#434 = LINE('',#435,#436);
#435 = CARTESIAN_POINT('',(28.,-41.));
#436 = VECTOR('',#437,1.);
#437 = DIRECTION('',(0.,-1.));
#438 = ( GEOMETRIC_REPRESENTATION_CONTEXT(2) 
PARAMETRIC_REPRESENTATION_CONTEXT() REPRESENTATION_CONTEXT('2D SPACE',''
  ) );
#439 = PCURVE('',#440,#445);
#440 = PLANE('',#441);
#441 = AXIS2_PLACEMENT_3D('',#442,#443,#444);
#442 = CARTESIAN_POINT('',(0.,88.213203435596,-82.58578643762));
#443 = DIRECTION('',(0.,0.707106781187,-0.707106781187));
#444 = DIRECTION('',(0.,-0.707106781187,-0.707106781187));
#445 = DEFINITIONAL_REPRESENTATION('',(#446),#450);
#446 = LINE('',#447,#448);
#447 = CARTESIAN_POINT('',(41.,-1.));
#448 = VECTOR('',#449,1.);
#449 = DIRECTION('',(-1.,0.));
#450 = ( GEOMETRIC_REPRESENTATION_CONTEXT(2) 
PARAMETRIC_REPRESENTATION_CONTEXT() REPRESENTATION_CONTEXT('2D SPACE',''
  ) );
#451 = ORIENTED_EDGE('',*,*,#452,.T.);
#452 = EDGE_CURVE('',#425,#311,#453,.T.);
#453 = SURFACE_CURVE('',#454,(#458,#465),.PCURVE_S1.);
#454 = LINE('',#455,#456);
#455 = CARTESIAN_POINT('',(1.,73.363961030679,-82.58578643762));
#456 = VECTOR('',#457,1.);
#457 = DIRECTION('',(0.,1.,-1.110223024625E-16));
#458 = PCURVE('',#32,#459);
#459 = DEFINITIONAL_REPRESENTATION('',(#460),#464);
#460 = LINE('',#461,#462);
#461 = CARTESIAN_POINT('',(38.5,-71.5));
#462 = VECTOR('',#463,1.);
#463 = DIRECTION('',(-0.707106781187,-0.707106781187));
#464 = ( GEOMETRIC_REPRESENTATION_CONTEXT(2) 
PARAMETRIC_REPRESENTATION_CONTEXT() REPRESENTATION_CONTEXT('2D SPACE',''
  ) );
#465 = PCURVE('',#466,#471);
#466 = PLANE('',#467);
#467 = AXIS2_PLACEMENT_3D('',#468,#469,#470);
#468 = CARTESIAN_POINT('',(0.,96.698484809835,-82.58578643762));
#469 = DIRECTION('',(0.,-1.110223024625E-16,-1.));
#470 = DIRECTION('',(0.,-1.,1.110223024625E-16));
#471 = DEFINITIONAL_REPRESENTATION('',(#472),#476);
#472 = LINE('',#473,#474);
#473 = CARTESIAN_POINT('',(23.334523779156,-1.));
#474 = VECTOR('',#475,1.);
#475 = DIRECTION('',(-1.,-0.));
#476 = ( GEOMETRIC_REPRESENTATION_CONTEXT(2) 
PARAMETRIC_REPRESENTATION_CONTEXT() REPRESENTATION_CONTEXT('2D SPACE',''
  ) );
#477 = FACE_BOUND('',#478,.F.);
#478 = EDGE_LOOP('',(#479,#509,#537,#565,#593,#621));
#479 = ORIENTED_EDGE('',*,*,#480,.T.);
#480 = EDGE_CURVE('',#481,#483,#485,.T.);
#481 = VERTEX_POINT('',#482);
#482 = CARTESIAN_POINT('',(1.,124.98275605729,-54.30151519016));
#483 = VERTEX_POINT('',#484);
#484 = CARTESIAN_POINT('',(1.,133.46803743153,-62.7867965644));
#485 = SURFACE_CURVE('',#486,(#490,#497),.PCURVE_S1.);
#486 = LINE('',#487,#488);
#487 = CARTESIAN_POINT('',(1.,137.00357133746,-66.32233047033));
#488 = VECTOR('',#489,1.);
#489 = DIRECTION('',(0.,0.707106781187,-0.707106781187));
#490 = PCURVE('',#32,#491);
#491 = DEFINITIONAL_REPRESENTATION('',(#492),#496);
#492 = LINE('',#493,#494);
#493 = CARTESIAN_POINT('',(5.,-128.));
#494 = VECTOR('',#495,1.);
#495 = DIRECTION('',(-1.,0.));
#496 = ( GEOMETRIC_REPRESENTATION_CONTEXT(2) 
PARAMETRIC_REPRESENTATION_CONTEXT() REPRESENTATION_CONTEXT('2D SPACE',''
  ) );
#497 = PCURVE('',#498,#503);
#498 = PLANE('',#499);
#499 = AXIS2_PLACEMENT_3D('',#500,#501,#502);
#500 = CARTESIAN_POINT('',(0.,133.46803743153,-62.7867965644));
#501 = DIRECTION('',(0.,-0.707106781187,-0.707106781187));
#502 = DIRECTION('',(0.,-0.707106781187,0.707106781187));
#503 = DEFINITIONAL_REPRESENTATION('',(#504),#508);
#504 = LINE('',#505,#506);
#505 = CARTESIAN_POINT('',(-5.,-1.));
#506 = VECTOR('',#507,1.);
#507 = DIRECTION('',(-1.,0.));
#508 = ( GEOMETRIC_REPRESENTATION_CONTEXT(2) 
PARAMETRIC_REPRESENTATION_CONTEXT() REPRESENTATION_CONTEXT('2D SPACE',''
  ) );
#509 = ORIENTED_EDGE('',*,*,#510,.T.);
#510 = EDGE_CURVE('',#483,#511,#513,.T.);
#511 = VERTEX_POINT('',#512);
#512 = CARTESIAN_POINT('',(1.,122.15432893255,-74.10050506338));
#513 = SURFACE_CURVE('',#514,(#518,#525),.PCURVE_S1.);
#514 = LINE('',#515,#516);
#515 = CARTESIAN_POINT('',(1.,82.556349186104,-113.6984848098));
#516 = VECTOR('',#517,1.);
#517 = DIRECTION('',(0.,-0.707106781187,-0.707106781187));
#518 = PCURVE('',#32,#519);
#519 = DEFINITIONAL_REPRESENTATION('',(#520),#524);
#520 = LINE('',#521,#522);
#521 = CARTESIAN_POINT('',(10.,-56.));
#522 = VECTOR('',#523,1.);
#523 = DIRECTION('',(0.,1.));
#524 = ( GEOMETRIC_REPRESENTATION_CONTEXT(2) 
PARAMETRIC_REPRESENTATION_CONTEXT() REPRESENTATION_CONTEXT('2D SPACE',''
  ) );
#525 = PCURVE('',#526,#531);
#526 = PLANE('',#527);
#527 = AXIS2_PLACEMENT_3D('',#528,#529,#530);
#528 = CARTESIAN_POINT('',(0.,122.15432893255,-74.10050506338));
#529 = DIRECTION('',(0.,-0.707106781187,0.707106781187));
#530 = DIRECTION('',(0.,0.707106781187,0.707106781187));
#531 = DEFINITIONAL_REPRESENTATION('',(#532),#536);
#532 = LINE('',#533,#534);
#533 = CARTESIAN_POINT('',(-56.,-1.));
#534 = VECTOR('',#535,1.);
#535 = DIRECTION('',(-1.,-0.));
#536 = ( GEOMETRIC_REPRESENTATION_CONTEXT(2) 
PARAMETRIC_REPRESENTATION_CONTEXT() REPRESENTATION_CONTEXT('2D SPACE',''
  ) );
#537 = ORIENTED_EDGE('',*,*,#538,.T.);
#538 = EDGE_CURVE('',#511,#539,#541,.T.);
#539 = VERTEX_POINT('',#540);
#540 = CARTESIAN_POINT('',(1.,113.66904755831,-65.61522368915));
#541 = SURFACE_CURVE('',#542,(#546,#553),.PCURVE_S1.);
#542 = LINE('',#543,#544);
#543 = CARTESIAN_POINT('',(1.,121.44722215136,-73.3933982822));
#544 = VECTOR('',#545,1.);
#545 = DIRECTION('',(0.,-0.707106781187,0.707106781187));
#546 = PCURVE('',#32,#547);
#547 = DEFINITIONAL_REPRESENTATION('',(#548),#552);
#548 = LINE('',#549,#550);
#549 = CARTESIAN_POINT('',(11.,-112.));
#550 = VECTOR('',#551,1.);
#551 = DIRECTION('',(1.,0.));
#552 = ( GEOMETRIC_REPRESENTATION_CONTEXT(2) 
PARAMETRIC_REPRESENTATION_CONTEXT() REPRESENTATION_CONTEXT('2D SPACE',''
  ) );
#553 = PCURVE('',#554,#559);
#554 = PLANE('',#555);
#555 = AXIS2_PLACEMENT_3D('',#556,#557,#558);
#556 = CARTESIAN_POINT('',(0.,113.66904755831,-65.61522368915));
#557 = DIRECTION('',(0.,0.707106781187,0.707106781187));
#558 = DIRECTION('',(0.,0.707106781187,-0.707106781187));
#559 = DEFINITIONAL_REPRESENTATION('',(#560),#564);
#560 = LINE('',#561,#562);
#561 = CARTESIAN_POINT('',(11.,-1.));
#562 = VECTOR('',#563,1.);
#563 = DIRECTION('',(-1.,0.));
#564 = ( GEOMETRIC_REPRESENTATION_CONTEXT(2) 
PARAMETRIC_REPRESENTATION_CONTEXT() REPRESENTATION_CONTEXT('2D SPACE',''
  ) );
#565 = ORIENTED_EDGE('',*,*,#566,.T.);
#566 = EDGE_CURVE('',#539,#567,#569,.T.);
#567 = VERTEX_POINT('',#568);
#568 = CARTESIAN_POINT('',(1.,113.66904755831,-57.12994231491));
#569 = SURFACE_CURVE('',#570,(#574,#581),.PCURVE_S1.);
#570 = LINE('',#571,#572);
#571 = CARTESIAN_POINT('',(1.,113.66904755831,-108.7487373415));
#572 = VECTOR('',#573,1.);
#573 = DIRECTION('',(0.,1.110223024625E-16,1.));
#574 = PCURVE('',#32,#575);
#575 = DEFINITIONAL_REPRESENTATION('',(#576),#580);
#576 = LINE('',#577,#578);
#577 = CARTESIAN_POINT('',(-8.5,-81.5));
#578 = VECTOR('',#579,1.);
#579 = DIRECTION('',(0.707106781187,-0.707106781187));
#580 = ( GEOMETRIC_REPRESENTATION_CONTEXT(2) 
PARAMETRIC_REPRESENTATION_CONTEXT() REPRESENTATION_CONTEXT('2D SPACE',''
  ) );
#581 = PCURVE('',#582,#587);
#582 = PLANE('',#583);
#583 = AXIS2_PLACEMENT_3D('',#584,#585,#586);
#584 = CARTESIAN_POINT('',(0.,113.66904755831,-57.12994231491));
#585 = DIRECTION('',(0.,1.,-1.110223024625E-16));
#586 = DIRECTION('',(0.,-1.110223024625E-16,-1.));
#587 = DEFINITIONAL_REPRESENTATION('',(#588),#592);
#588 = LINE('',#589,#590);
#589 = CARTESIAN_POINT('',(51.618795026618,-1.));
#590 = VECTOR('',#591,1.);
#591 = DIRECTION('',(-1.,0.));
#592 = ( GEOMETRIC_REPRESENTATION_CONTEXT(2) 
PARAMETRIC_REPRESENTATION_CONTEXT() REPRESENTATION_CONTEXT('2D SPACE',''
  ) );
#593 = ORIENTED_EDGE('',*,*,#594,.T.);
#594 = EDGE_CURVE('',#567,#595,#597,.T.);
#595 = VERTEX_POINT('',#596);
#596 = CARTESIAN_POINT('',(1.,116.49747468305,-54.30151519016));
#597 = SURFACE_CURVE('',#598,(#602,#609),.PCURVE_S1.);
#598 = LINE('',#599,#600);
#599 = CARTESIAN_POINT('',(1.,73.363961030679,-97.43502884254));
#600 = VECTOR('',#601,1.);
#601 = DIRECTION('',(0.,0.707106781187,0.707106781187));
#602 = PCURVE('',#32,#603);
#603 = DEFINITIONAL_REPRESENTATION('',(#604),#608);
#604 = LINE('',#605,#606);
#605 = CARTESIAN_POINT('',(28.,-61.));
#606 = VECTOR('',#607,1.);
#607 = DIRECTION('',(0.,-1.));
#608 = ( GEOMETRIC_REPRESENTATION_CONTEXT(2) 
PARAMETRIC_REPRESENTATION_CONTEXT() REPRESENTATION_CONTEXT('2D SPACE',''
  ) );
#609 = PCURVE('',#610,#615);
#610 = PLANE('',#611);
#611 = AXIS2_PLACEMENT_3D('',#612,#613,#614);
#612 = CARTESIAN_POINT('',(0.,116.49747468305,-54.30151519016));
#613 = DIRECTION('',(0.,0.707106781187,-0.707106781187));
#614 = DIRECTION('',(0.,-0.707106781187,-0.707106781187));
#615 = DEFINITIONAL_REPRESENTATION('',(#616),#620);
#616 = LINE('',#617,#618);
#617 = CARTESIAN_POINT('',(61.,-1.));
#618 = VECTOR('',#619,1.);
#619 = DIRECTION('',(-1.,0.));
#620 = ( GEOMETRIC_REPRESENTATION_CONTEXT(2) 
PARAMETRIC_REPRESENTATION_CONTEXT() REPRESENTATION_CONTEXT('2D SPACE',''
  ) );
#621 = ORIENTED_EDGE('',*,*,#622,.T.);
#622 = EDGE_CURVE('',#595,#481,#623,.T.);
#623 = SURFACE_CURVE('',#624,(#628,#635),.PCURVE_S1.);
#624 = LINE('',#625,#626);
#625 = CARTESIAN_POINT('',(1.,87.50609665441,-54.30151519016));
#626 = VECTOR('',#627,1.);
#627 = DIRECTION('',(0.,1.,-1.110223024625E-16));
#628 = PCURVE('',#32,#629);
#629 = DEFINITIONAL_REPRESENTATION('',(#630),#634);
#630 = LINE('',#631,#632);
#631 = CARTESIAN_POINT('',(48.5,-101.5));
#632 = VECTOR('',#633,1.);
#633 = DIRECTION('',(-0.707106781187,-0.707106781187));
#634 = ( GEOMETRIC_REPRESENTATION_CONTEXT(2) 
PARAMETRIC_REPRESENTATION_CONTEXT() REPRESENTATION_CONTEXT('2D SPACE',''
  ) );
#635 = PCURVE('',#636,#641);
#636 = PLANE('',#637);
#637 = AXIS2_PLACEMENT_3D('',#638,#639,#640);
#638 = CARTESIAN_POINT('',(0.,124.98275605729,-54.30151519016));
#639 = DIRECTION('',(0.,-1.110223024625E-16,-1.));
#640 = DIRECTION('',(0.,-1.,1.110223024625E-16));
#641 = DEFINITIONAL_REPRESENTATION('',(#642),#646);
#642 = LINE('',#643,#644);
#643 = CARTESIAN_POINT('',(37.476659402887,-1.));
#644 = VECTOR('',#645,1.);
#645 = DIRECTION('',(-1.,-0.));
#646 = ( GEOMETRIC_REPRESENTATION_CONTEXT(2) 
PARAMETRIC_REPRESENTATION_CONTEXT() REPRESENTATION_CONTEXT('2D SPACE',''
  ) );
#647 = FACE_BOUND('',#648,.F.);
#648 = EDGE_LOOP('',(#649,#679,#707,#735,#763,#791));
#649 = ORIENTED_EDGE('',*,*,#650,.T.);
#650 = EDGE_CURVE('',#651,#653,#655,.T.);
#651 = VERTEX_POINT('',#652);
#652 = CARTESIAN_POINT('',(1.,82.556349186104,-96.72792206135));
#653 = VERTEX_POINT('',#654);
#654 = CARTESIAN_POINT('',(1.,91.041630560343,-105.2132034355));
#655 = SURFACE_CURVE('',#656,(#660,#667),.PCURVE_S1.);
#656 = LINE('',#657,#658);
#657 = CARTESIAN_POINT('',(1.,94.577164466275,-108.7487373415));
#658 = VECTOR('',#659,1.);
#659 = DIRECTION('',(0.,0.707106781187,-0.707106781187));
#660 = PCURVE('',#32,#661);
#661 = DEFINITIONAL_REPRESENTATION('',(#662),#666);
#662 = LINE('',#663,#664);
#663 = CARTESIAN_POINT('',(5.,-68.));
#664 = VECTOR('',#665,1.);
#665 = DIRECTION('',(-1.,0.));
#666 = ( GEOMETRIC_REPRESENTATION_CONTEXT(2) 
PARAMETRIC_REPRESENTATION_CONTEXT() REPRESENTATION_CONTEXT('2D SPACE',''
  ) );
#667 = PCURVE('',#668,#673);
#668 = PLANE('',#669);
#669 = AXIS2_PLACEMENT_3D('',#670,#671,#672);
#670 = CARTESIAN_POINT('',(0.,91.041630560343,-105.2132034355));
#671 = DIRECTION('',(0.,-0.707106781187,-0.707106781187));
#672 = DIRECTION('',(0.,-0.707106781187,0.707106781187));
#673 = DEFINITIONAL_REPRESENTATION('',(#674),#678);
#674 = LINE('',#675,#676);
#675 = CARTESIAN_POINT('',(-5.,-1.));
#676 = VECTOR('',#677,1.);
#677 = DIRECTION('',(-1.,0.));
#678 = ( GEOMETRIC_REPRESENTATION_CONTEXT(2) 
PARAMETRIC_REPRESENTATION_CONTEXT() REPRESENTATION_CONTEXT('2D SPACE',''
  ) );
#679 = ORIENTED_EDGE('',*,*,#680,.T.);
#680 = EDGE_CURVE('',#653,#681,#683,.T.);
#681 = VERTEX_POINT('',#682);
#682 = CARTESIAN_POINT('',(1.,79.727922061358,-116.5269119345));
#683 = SURFACE_CURVE('',#684,(#688,#695),.PCURVE_S1.);
#684 = LINE('',#685,#686);
#685 = CARTESIAN_POINT('',(1.,61.343145750508,-134.9116882454));
#686 = VECTOR('',#687,1.);
#687 = DIRECTION('',(0.,-0.707106781187,-0.707106781187));
#688 = PCURVE('',#32,#689);
#689 = DEFINITIONAL_REPRESENTATION('',(#690),#694);
#690 = LINE('',#691,#692);
#691 = CARTESIAN_POINT('',(10.,-26.));
#692 = VECTOR('',#693,1.);
#693 = DIRECTION('',(0.,1.));
#694 = ( GEOMETRIC_REPRESENTATION_CONTEXT(2) 
PARAMETRIC_REPRESENTATION_CONTEXT() REPRESENTATION_CONTEXT('2D SPACE',''
  ) );
#695 = PCURVE('',#696,#701);
#696 = PLANE('',#697);
#697 = AXIS2_PLACEMENT_3D('',#698,#699,#700);
#698 = CARTESIAN_POINT('',(0.,79.727922061358,-116.5269119345));
#699 = DIRECTION('',(0.,-0.707106781187,0.707106781187));
#700 = DIRECTION('',(0.,0.707106781187,0.707106781187));
#701 = DEFINITIONAL_REPRESENTATION('',(#702),#706);
#702 = LINE('',#703,#704);
#703 = CARTESIAN_POINT('',(-26.,-1.));
#704 = VECTOR('',#705,1.);
#705 = DIRECTION('',(-1.,-0.));
#706 = ( GEOMETRIC_REPRESENTATION_CONTEXT(2) 
PARAMETRIC_REPRESENTATION_CONTEXT() REPRESENTATION_CONTEXT('2D SPACE',''
  ) );
#707 = ORIENTED_EDGE('',*,*,#708,.T.);
#708 = EDGE_CURVE('',#681,#709,#711,.T.);
#709 = VERTEX_POINT('',#710);
#710 = CARTESIAN_POINT('',(1.,71.242640687119,-108.0416305603));
#711 = SURFACE_CURVE('',#712,(#716,#723),.PCURVE_S1.);
#712 = LINE('',#713,#714);
#713 = CARTESIAN_POINT('',(1.,79.020815280171,-115.8198051533));
#714 = VECTOR('',#715,1.);
#715 = DIRECTION('',(0.,-0.707106781187,0.707106781187));
#716 = PCURVE('',#32,#717);
#717 = DEFINITIONAL_REPRESENTATION('',(#718),#722);
#718 = LINE('',#719,#720);
#719 = CARTESIAN_POINT('',(11.,-52.));
#720 = VECTOR('',#721,1.);
#721 = DIRECTION('',(1.,0.));
#722 = ( GEOMETRIC_REPRESENTATION_CONTEXT(2) 
PARAMETRIC_REPRESENTATION_CONTEXT() REPRESENTATION_CONTEXT('2D SPACE',''
  ) );
#723 = PCURVE('',#724,#729);
#724 = PLANE('',#725);
#725 = AXIS2_PLACEMENT_3D('',#726,#727,#728);
#726 = CARTESIAN_POINT('',(0.,71.242640687119,-108.0416305603));
#727 = DIRECTION('',(0.,0.707106781187,0.707106781187));
#728 = DIRECTION('',(0.,0.707106781187,-0.707106781187));
#729 = DEFINITIONAL_REPRESENTATION('',(#730),#734);
#730 = LINE('',#731,#732);
#731 = CARTESIAN_POINT('',(11.,-1.));
#732 = VECTOR('',#733,1.);
#733 = DIRECTION('',(-1.,0.));
#734 = ( GEOMETRIC_REPRESENTATION_CONTEXT(2) 
PARAMETRIC_REPRESENTATION_CONTEXT() REPRESENTATION_CONTEXT('2D SPACE',''
  ) );
#735 = ORIENTED_EDGE('',*,*,#736,.T.);
#736 = EDGE_CURVE('',#709,#737,#739,.T.);
#737 = VERTEX_POINT('',#738);
#738 = CARTESIAN_POINT('',(1.,71.242640687119,-99.5563491861));
#739 = SURFACE_CURVE('',#740,(#744,#751),.PCURVE_S1.);
#740 = LINE('',#741,#742);
#741 = CARTESIAN_POINT('',(1.,71.242640687119,-129.9619407771));
#742 = VECTOR('',#743,1.);
#743 = DIRECTION('',(0.,1.110223024625E-16,1.));
#744 = PCURVE('',#32,#745);
#745 = DEFINITIONAL_REPRESENTATION('',(#746),#750);
#746 = LINE('',#747,#748);
#747 = CARTESIAN_POINT('',(6.5,-36.5));
#748 = VECTOR('',#749,1.);
#749 = DIRECTION('',(0.707106781187,-0.707106781187));
#750 = ( GEOMETRIC_REPRESENTATION_CONTEXT(2) 
PARAMETRIC_REPRESENTATION_CONTEXT() REPRESENTATION_CONTEXT('2D SPACE',''
  ) );
#751 = PCURVE('',#752,#757);
#752 = PLANE('',#753);
#753 = AXIS2_PLACEMENT_3D('',#754,#755,#756);
#754 = CARTESIAN_POINT('',(0.,71.242640687119,-99.5563491861));
#755 = DIRECTION('',(0.,1.,-1.110223024625E-16));
#756 = DIRECTION('',(0.,-1.110223024625E-16,-1.));
#757 = DEFINITIONAL_REPRESENTATION('',(#758),#762);
#758 = LINE('',#759,#760);
#759 = CARTESIAN_POINT('',(30.405591591022,-1.));
#760 = VECTOR('',#761,1.);
#761 = DIRECTION('',(-1.,0.));
#762 = ( GEOMETRIC_REPRESENTATION_CONTEXT(2) 
PARAMETRIC_REPRESENTATION_CONTEXT() REPRESENTATION_CONTEXT('2D SPACE',''
  ) );
#763 = ORIENTED_EDGE('',*,*,#764,.T.);
#764 = EDGE_CURVE('',#737,#765,#767,.T.);
#765 = VERTEX_POINT('',#766);
#766 = CARTESIAN_POINT('',(1.,74.071067811865,-96.72792206135));
#767 = SURFACE_CURVE('',#768,(#772,#779),.PCURVE_S1.);
#768 = LINE('',#769,#770);
#769 = CARTESIAN_POINT('',(1.,52.150757595082,-118.6482322781));
#770 = VECTOR('',#771,1.);
#771 = DIRECTION('',(0.,0.707106781187,0.707106781187));
#772 = PCURVE('',#32,#773);
#773 = DEFINITIONAL_REPRESENTATION('',(#774),#778);
#774 = LINE('',#775,#776);
#775 = CARTESIAN_POINT('',(28.,-31.));
#776 = VECTOR('',#777,1.);
#777 = DIRECTION('',(0.,-1.));
#778 = ( GEOMETRIC_REPRESENTATION_CONTEXT(2) 
PARAMETRIC_REPRESENTATION_CONTEXT() REPRESENTATION_CONTEXT('2D SPACE',''
  ) );
#779 = PCURVE('',#780,#785);
#780 = PLANE('',#781);
#781 = AXIS2_PLACEMENT_3D('',#782,#783,#784);
#782 = CARTESIAN_POINT('',(0.,74.071067811865,-96.72792206135));
#783 = DIRECTION('',(0.,0.707106781187,-0.707106781187));
#784 = DIRECTION('',(0.,-0.707106781187,-0.707106781187));
#785 = DEFINITIONAL_REPRESENTATION('',(#786),#790);
#786 = LINE('',#787,#788);
#787 = CARTESIAN_POINT('',(31.,-1.));
#788 = VECTOR('',#789,1.);
#789 = DIRECTION('',(-1.,0.));
#790 = ( GEOMETRIC_REPRESENTATION_CONTEXT(2) 
PARAMETRIC_REPRESENTATION_CONTEXT() REPRESENTATION_CONTEXT('2D SPACE',''
  ) );
#791 = ORIENTED_EDGE('',*,*,#792,.T.);
#792 = EDGE_CURVE('',#765,#651,#793,.T.);
#793 = SURFACE_CURVE('',#794,(#798,#805),.PCURVE_S1.);
#794 = LINE('',#795,#796);
#795 = CARTESIAN_POINT('',(1.,66.292893218813,-96.72792206135));
#796 = VECTOR('',#797,1.);
#797 = DIRECTION('',(0.,1.,-1.110223024625E-16));
#798 = PCURVE('',#32,#799);
#799 = DEFINITIONAL_REPRESENTATION('',(#800),#804);
#800 = LINE('',#801,#802);
#801 = CARTESIAN_POINT('',(33.5,-56.5));
#802 = VECTOR('',#803,1.);
#803 = DIRECTION('',(-0.707106781187,-0.707106781187));
#804 = ( GEOMETRIC_REPRESENTATION_CONTEXT(2) 
PARAMETRIC_REPRESENTATION_CONTEXT() REPRESENTATION_CONTEXT('2D SPACE',''
  ) );
#805 = PCURVE('',#806,#811);
#806 = PLANE('',#807);
#807 = AXIS2_PLACEMENT_3D('',#808,#809,#810);
#808 = CARTESIAN_POINT('',(0.,82.556349186104,-96.72792206135));
#809 = DIRECTION('',(0.,-1.110223024625E-16,-1.));
#810 = DIRECTION('',(0.,-1.,1.110223024625E-16));
#811 = DEFINITIONAL_REPRESENTATION('',(#812),#816);
#812 = LINE('',#813,#814);
#813 = CARTESIAN_POINT('',(16.263455967291,-1.));
#814 = VECTOR('',#815,1.);
#815 = DIRECTION('',(-1.,-0.));
#816 = ( GEOMETRIC_REPRESENTATION_CONTEXT(2) 
PARAMETRIC_REPRESENTATION_CONTEXT() REPRESENTATION_CONTEXT('2D SPACE',''
  ) );
#817 = FACE_BOUND('',#818,.F.);
#818 = EDGE_LOOP('',(#819,#849,#877,#905,#933,#961));
#819 = ORIENTED_EDGE('',*,*,#820,.T.);
#820 = EDGE_CURVE('',#821,#823,#825,.T.);
#821 = VERTEX_POINT('',#822);
#822 = CARTESIAN_POINT('',(1.,68.414213562373,-110.870057685));
#823 = VERTEX_POINT('',#824);
#824 = CARTESIAN_POINT('',(1.,76.899494936612,-119.3553390593));
#825 = SURFACE_CURVE('',#826,(#830,#837),.PCURVE_S1.);
#826 = LINE('',#827,#828);
#827 = CARTESIAN_POINT('',(1.,80.435028842544,-122.8908729652));
#828 = VECTOR('',#829,1.);
#829 = DIRECTION('',(0.,0.707106781187,-0.707106781187));
#830 = PCURVE('',#32,#831);
#831 = DEFINITIONAL_REPRESENTATION('',(#832),#836);
#832 = LINE('',#833,#834);
#833 = CARTESIAN_POINT('',(5.,-48.));
#834 = VECTOR('',#835,1.);
#835 = DIRECTION('',(-1.,0.));
#836 = ( GEOMETRIC_REPRESENTATION_CONTEXT(2) 
PARAMETRIC_REPRESENTATION_CONTEXT() REPRESENTATION_CONTEXT('2D SPACE',''
  ) );
#837 = PCURVE('',#838,#843);
#838 = PLANE('',#839);
#839 = AXIS2_PLACEMENT_3D('',#840,#841,#842);
#840 = CARTESIAN_POINT('',(0.,76.899494936612,-119.3553390593));
#841 = DIRECTION('',(0.,-0.707106781187,-0.707106781187));
#842 = DIRECTION('',(0.,-0.707106781187,0.707106781187));
#843 = DEFINITIONAL_REPRESENTATION('',(#844),#848);
#844 = LINE('',#845,#846);
#845 = CARTESIAN_POINT('',(-5.,-1.));
#846 = VECTOR('',#847,1.);
#847 = DIRECTION('',(-1.,0.));
#848 = ( GEOMETRIC_REPRESENTATION_CONTEXT(2) 
PARAMETRIC_REPRESENTATION_CONTEXT() REPRESENTATION_CONTEXT('2D SPACE',''
  ) );
#849 = ORIENTED_EDGE('',*,*,#850,.T.);
#850 = EDGE_CURVE('',#823,#851,#853,.T.);
#851 = VERTEX_POINT('',#852);
#852 = CARTESIAN_POINT('',(1.,65.585786437627,-130.6690475583));
#853 = SURFACE_CURVE('',#854,(#858,#865),.PCURVE_S1.);
#854 = LINE('',#855,#856);
#855 = CARTESIAN_POINT('',(1.,54.272077938642,-141.9827560572));
#856 = VECTOR('',#857,1.);
#857 = DIRECTION('',(0.,-0.707106781187,-0.707106781187));
#858 = PCURVE('',#32,#859);
#859 = DEFINITIONAL_REPRESENTATION('',(#860),#864);
#860 = LINE('',#861,#862);
#861 = CARTESIAN_POINT('',(10.,-16.));
#862 = VECTOR('',#863,1.);
#863 = DIRECTION('',(0.,1.));
#864 = ( GEOMETRIC_REPRESENTATION_CONTEXT(2) 
PARAMETRIC_REPRESENTATION_CONTEXT() REPRESENTATION_CONTEXT('2D SPACE',''
  ) );
#865 = PCURVE('',#866,#871);
#866 = PLANE('',#867);
#867 = AXIS2_PLACEMENT_3D('',#868,#869,#870);
#868 = CARTESIAN_POINT('',(0.,65.585786437627,-130.6690475583));
#869 = DIRECTION('',(0.,-0.707106781187,0.707106781187));
#870 = DIRECTION('',(0.,0.707106781187,0.707106781187));
#871 = DEFINITIONAL_REPRESENTATION('',(#872),#876);
#872 = LINE('',#873,#874);
#873 = CARTESIAN_POINT('',(-16.,-1.));
#874 = VECTOR('',#875,1.);
#875 = DIRECTION('',(-1.,-0.));
#876 = ( GEOMETRIC_REPRESENTATION_CONTEXT(2) 
PARAMETRIC_REPRESENTATION_CONTEXT() REPRESENTATION_CONTEXT('2D SPACE',''
  ) );
#877 = ORIENTED_EDGE('',*,*,#878,.T.);
#878 = EDGE_CURVE('',#851,#879,#881,.T.);
#879 = VERTEX_POINT('',#880);
#880 = CARTESIAN_POINT('',(1.,57.100505063388,-122.183766184));
#881 = SURFACE_CURVE('',#882,(#886,#893),.PCURVE_S1.);
#882 = LINE('',#883,#884);
#883 = CARTESIAN_POINT('',(1.,64.87867965644,-129.9619407771));
#884 = VECTOR('',#885,1.);
#885 = DIRECTION('',(0.,-0.707106781187,0.707106781187));
#886 = PCURVE('',#32,#887);
#887 = DEFINITIONAL_REPRESENTATION('',(#888),#892);
#888 = LINE('',#889,#890);
#889 = CARTESIAN_POINT('',(11.,-32.));
#890 = VECTOR('',#891,1.);
#891 = DIRECTION('',(1.,0.));
#892 = ( GEOMETRIC_REPRESENTATION_CONTEXT(2) 
PARAMETRIC_REPRESENTATION_CONTEXT() REPRESENTATION_CONTEXT('2D SPACE',''
  ) );
#893 = PCURVE('',#894,#899);
#894 = PLANE('',#895);
#895 = AXIS2_PLACEMENT_3D('',#896,#897,#898);
#896 = CARTESIAN_POINT('',(0.,57.100505063388,-122.183766184));
#897 = DIRECTION('',(0.,0.707106781187,0.707106781187));
#898 = DIRECTION('',(0.,0.707106781187,-0.707106781187));
#899 = DEFINITIONAL_REPRESENTATION('',(#900),#904);
#900 = LINE('',#901,#902);
#901 = CARTESIAN_POINT('',(11.,-1.));
#902 = VECTOR('',#903,1.);
#903 = DIRECTION('',(-1.,0.));
#904 = ( GEOMETRIC_REPRESENTATION_CONTEXT(2) 
PARAMETRIC_REPRESENTATION_CONTEXT() REPRESENTATION_CONTEXT('2D SPACE',''
  ) );
#905 = ORIENTED_EDGE('',*,*,#906,.T.);
#906 = EDGE_CURVE('',#879,#907,#909,.T.);
#907 = VERTEX_POINT('',#908);
#908 = CARTESIAN_POINT('',(1.,57.100505063388,-113.6984848098));
#909 = SURFACE_CURVE('',#910,(#914,#921),.PCURVE_S1.);
#910 = LINE('',#911,#912);
#911 = CARTESIAN_POINT('',(1.,57.100505063388,-137.0330085889));
#912 = VECTOR('',#913,1.);
#913 = DIRECTION('',(0.,1.110223024625E-16,1.));
#914 = PCURVE('',#32,#915);
#915 = DEFINITIONAL_REPRESENTATION('',(#916),#920);
#916 = LINE('',#917,#918);
#917 = CARTESIAN_POINT('',(11.5,-21.5));
#918 = VECTOR('',#919,1.);
#919 = DIRECTION('',(0.707106781187,-0.707106781187));
#920 = ( GEOMETRIC_REPRESENTATION_CONTEXT(2) 
PARAMETRIC_REPRESENTATION_CONTEXT() REPRESENTATION_CONTEXT('2D SPACE',''
  ) );
#921 = PCURVE('',#922,#927);
#922 = PLANE('',#923);
#923 = AXIS2_PLACEMENT_3D('',#924,#925,#926);
#924 = CARTESIAN_POINT('',(0.,57.100505063388,-113.6984848098));
#925 = DIRECTION('',(0.,1.,-1.110223024625E-16));
#926 = DIRECTION('',(0.,-1.110223024625E-16,-1.));
#927 = DEFINITIONAL_REPRESENTATION('',(#928),#932);
#928 = LINE('',#929,#930);
#929 = CARTESIAN_POINT('',(23.334523779156,-1.));
#930 = VECTOR('',#931,1.);
#931 = DIRECTION('',(-1.,0.));
#932 = ( GEOMETRIC_REPRESENTATION_CONTEXT(2) 
PARAMETRIC_REPRESENTATION_CONTEXT() REPRESENTATION_CONTEXT('2D SPACE',''
  ) );
#933 = ORIENTED_EDGE('',*,*,#934,.T.);
#934 = EDGE_CURVE('',#907,#935,#937,.T.);
#935 = VERTEX_POINT('',#936);
#936 = CARTESIAN_POINT('',(1.,59.928932188135,-110.870057685));
#937 = SURFACE_CURVE('',#938,(#942,#949),.PCURVE_S1.);
#938 = LINE('',#939,#940);
#939 = CARTESIAN_POINT('',(1.,45.079689783217,-125.71930009));
#940 = VECTOR('',#941,1.);
#941 = DIRECTION('',(0.,0.707106781187,0.707106781187));
#942 = PCURVE('',#32,#943);
#943 = DEFINITIONAL_REPRESENTATION('',(#944),#948);
#944 = LINE('',#945,#946);
#945 = CARTESIAN_POINT('',(28.,-21.));
#946 = VECTOR('',#947,1.);
#947 = DIRECTION('',(0.,-1.));
#948 = ( GEOMETRIC_REPRESENTATION_CONTEXT(2) 
PARAMETRIC_REPRESENTATION_CONTEXT() REPRESENTATION_CONTEXT('2D SPACE',''
  ) );
#949 = PCURVE('',#950,#955);
#950 = PLANE('',#951);
#951 = AXIS2_PLACEMENT_3D('',#952,#953,#954);
#952 = CARTESIAN_POINT('',(0.,59.928932188135,-110.870057685));
#953 = DIRECTION('',(0.,0.707106781187,-0.707106781187));
#954 = DIRECTION('',(0.,-0.707106781187,-0.707106781187));
#955 = DEFINITIONAL_REPRESENTATION('',(#956),#960);
#956 = LINE('',#957,#958);
#957 = CARTESIAN_POINT('',(21.,-1.));
#958 = VECTOR('',#959,1.);
#959 = DIRECTION('',(-1.,0.));
#960 = ( GEOMETRIC_REPRESENTATION_CONTEXT(2) 
PARAMETRIC_REPRESENTATION_CONTEXT() REPRESENTATION_CONTEXT('2D SPACE',''
  ) );
#961 = ORIENTED_EDGE('',*,*,#962,.T.);
#962 = EDGE_CURVE('',#935,#821,#963,.T.);
#963 = SURFACE_CURVE('',#964,(#968,#975),.PCURVE_S1.);
#964 = LINE('',#965,#966);
#965 = CARTESIAN_POINT('',(1.,59.221825406948,-110.870057685));
#966 = VECTOR('',#967,1.);
#967 = DIRECTION('',(0.,1.,-1.110223024625E-16));
#968 = PCURVE('',#32,#969);
#969 = DEFINITIONAL_REPRESENTATION('',(#970),#974);
#970 = LINE('',#971,#972);
#971 = CARTESIAN_POINT('',(28.5,-41.5));
#972 = VECTOR('',#973,1.);
#973 = DIRECTION('',(-0.707106781187,-0.707106781187));
#974 = ( GEOMETRIC_REPRESENTATION_CONTEXT(2) 
PARAMETRIC_REPRESENTATION_CONTEXT() REPRESENTATION_CONTEXT('2D SPACE',''
  ) );
#975 = PCURVE('',#976,#981);
#976 = PLANE('',#977);
#977 = AXIS2_PLACEMENT_3D('',#978,#979,#980);
#978 = CARTESIAN_POINT('',(0.,68.414213562373,-110.870057685));
#979 = DIRECTION('',(0.,-1.110223024625E-16,-1.));
#980 = DIRECTION('',(0.,-1.,1.110223024625E-16));
#981 = DEFINITIONAL_REPRESENTATION('',(#982),#986);
#982 = LINE('',#983,#984);
#983 = CARTESIAN_POINT('',(9.192388155425,-1.));
#984 = VECTOR('',#985,1.);
#985 = DIRECTION('',(-1.,-0.));
#986 = ( GEOMETRIC_REPRESENTATION_CONTEXT(2) 
PARAMETRIC_REPRESENTATION_CONTEXT() REPRESENTATION_CONTEXT('2D SPACE',''
  ) );
#987 = FACE_BOUND('',#988,.F.);
#988 = EDGE_LOOP('',(#989,#1019,#1047,#1075,#1103,#1131));
#989 = ORIENTED_EDGE('',*,*,#990,.T.);
#990 = EDGE_CURVE('',#991,#993,#995,.T.);
#991 = VERTEX_POINT('',#992);
#992 = CARTESIAN_POINT('',(1.,54.272077938642,-125.0121933088));
#993 = VERTEX_POINT('',#994);
#994 = CARTESIAN_POINT('',(1.,62.757359312881,-133.497474683));
#995 = SURFACE_CURVE('',#996,(#1000,#1007),.PCURVE_S1.);
#996 = LINE('',#997,#998);
#997 = CARTESIAN_POINT('',(1.,66.292893218813,-137.0330085889));
#998 = VECTOR('',#999,1.);
#999 = DIRECTION('',(0.,0.707106781187,-0.707106781187));
#1000 = PCURVE('',#32,#1001);
#1001 = DEFINITIONAL_REPRESENTATION('',(#1002),#1006);
#1002 = LINE('',#1003,#1004);
#1003 = CARTESIAN_POINT('',(5.,-28.));
#1004 = VECTOR('',#1005,1.);
#1005 = DIRECTION('',(-1.,0.));
#1006 = ( GEOMETRIC_REPRESENTATION_CONTEXT(2) 
PARAMETRIC_REPRESENTATION_CONTEXT() REPRESENTATION_CONTEXT('2D SPACE',''
  ) );
#1007 = PCURVE('',#1008,#1013);
#1008 = PLANE('',#1009);
#1009 = AXIS2_PLACEMENT_3D('',#1010,#1011,#1012);
#1010 = CARTESIAN_POINT('',(0.,62.757359312881,-133.497474683));
#1011 = DIRECTION('',(0.,-0.707106781187,-0.707106781187));
#1012 = DIRECTION('',(0.,-0.707106781187,0.707106781187));
#1013 = DEFINITIONAL_REPRESENTATION('',(#1014),#1018);
#1014 = LINE('',#1015,#1016);
#1015 = CARTESIAN_POINT('',(-5.,-1.));
#1016 = VECTOR('',#1017,1.);
#1017 = DIRECTION('',(-1.,0.));
#1018 = ( GEOMETRIC_REPRESENTATION_CONTEXT(2) 
PARAMETRIC_REPRESENTATION_CONTEXT() REPRESENTATION_CONTEXT('2D SPACE',''
  ) );
#1019 = ORIENTED_EDGE('',*,*,#1020,.T.);
#1020 = EDGE_CURVE('',#993,#1021,#1023,.T.);
#1021 = VERTEX_POINT('',#1022);
#1022 = CARTESIAN_POINT('',(1.,51.443650813896,-144.811183182));
#1023 = SURFACE_CURVE('',#1024,(#1028,#1035),.PCURVE_S1.);
#1024 = LINE('',#1025,#1026);
#1025 = CARTESIAN_POINT('',(1.,47.201010126777,-149.0538238691));
#1026 = VECTOR('',#1027,1.);
#1027 = DIRECTION('',(0.,-0.707106781187,-0.707106781187));
#1028 = PCURVE('',#32,#1029);
#1029 = DEFINITIONAL_REPRESENTATION('',(#1030),#1034);
#1030 = LINE('',#1031,#1032);
#1031 = CARTESIAN_POINT('',(10.,-6.));
#1032 = VECTOR('',#1033,1.);
#1033 = DIRECTION('',(0.,1.));
#1034 = ( GEOMETRIC_REPRESENTATION_CONTEXT(2) 
PARAMETRIC_REPRESENTATION_CONTEXT() REPRESENTATION_CONTEXT('2D SPACE',''
  ) );
#1035 = PCURVE('',#1036,#1041);
#1036 = PLANE('',#1037);
#1037 = AXIS2_PLACEMENT_3D('',#1038,#1039,#1040);
#1038 = CARTESIAN_POINT('',(0.,51.443650813896,-144.811183182));
#1039 = DIRECTION('',(0.,-0.707106781187,0.707106781187));
#1040 = DIRECTION('',(0.,0.707106781187,0.707106781187));
#1041 = DEFINITIONAL_REPRESENTATION('',(#1042),#1046);
#1042 = LINE('',#1043,#1044);
#1043 = CARTESIAN_POINT('',(-6.,-1.));
#1044 = VECTOR('',#1045,1.);
#1045 = DIRECTION('',(-1.,-0.));
#1046 = ( GEOMETRIC_REPRESENTATION_CONTEXT(2) 
PARAMETRIC_REPRESENTATION_CONTEXT() REPRESENTATION_CONTEXT('2D SPACE',''
  ) );
#1047 = ORIENTED_EDGE('',*,*,#1048,.T.);
#1048 = EDGE_CURVE('',#1021,#1049,#1051,.T.);
#1049 = VERTEX_POINT('',#1050);
#1050 = CARTESIAN_POINT('',(1.,42.958369439657,-136.3259018078));
#1051 = SURFACE_CURVE('',#1052,(#1056,#1063),.PCURVE_S1.);
#1052 = LINE('',#1053,#1054);
#1053 = CARTESIAN_POINT('',(1.,50.736544032709,-144.1040764008));
#1054 = VECTOR('',#1055,1.);
#1055 = DIRECTION('',(0.,-0.707106781187,0.707106781187));
#1056 = PCURVE('',#32,#1057);
#1057 = DEFINITIONAL_REPRESENTATION('',(#1058),#1062);
#1058 = LINE('',#1059,#1060);
#1059 = CARTESIAN_POINT('',(11.,-12.));
#1060 = VECTOR('',#1061,1.);
#1061 = DIRECTION('',(1.,0.));
#1062 = ( GEOMETRIC_REPRESENTATION_CONTEXT(2) 
PARAMETRIC_REPRESENTATION_CONTEXT() REPRESENTATION_CONTEXT('2D SPACE',''
  ) );
#1063 = PCURVE('',#1064,#1069);
#1064 = PLANE('',#1065);
#1065 = AXIS2_PLACEMENT_3D('',#1066,#1067,#1068);
#1066 = CARTESIAN_POINT('',(0.,42.958369439657,-136.3259018078));
#1067 = DIRECTION('',(0.,0.707106781187,0.707106781187));
#1068 = DIRECTION('',(0.,0.707106781187,-0.707106781187));
#1069 = DEFINITIONAL_REPRESENTATION('',(#1070),#1074);
#1070 = LINE('',#1071,#1072);
#1071 = CARTESIAN_POINT('',(11.,-1.));
#1072 = VECTOR('',#1073,1.);
#1073 = DIRECTION('',(-1.,0.));
#1074 = ( GEOMETRIC_REPRESENTATION_CONTEXT(2) 
PARAMETRIC_REPRESENTATION_CONTEXT() REPRESENTATION_CONTEXT('2D SPACE',''
  ) );
#1075 = ORIENTED_EDGE('',*,*,#1076,.T.);
#1076 = EDGE_CURVE('',#1049,#1077,#1079,.T.);
#1077 = VERTEX_POINT('',#1078);
#1078 = CARTESIAN_POINT('',(1.,42.958369439657,-127.8406204335));
#1079 = SURFACE_CURVE('',#1080,(#1084,#1091),.PCURVE_S1.);
#1080 = LINE('',#1081,#1082);
#1081 = CARTESIAN_POINT('',(1.,42.958369439657,-144.1040764008));
#1082 = VECTOR('',#1083,1.);
#1083 = DIRECTION('',(0.,1.110223024625E-16,1.));
#1084 = PCURVE('',#32,#1085);
#1085 = DEFINITIONAL_REPRESENTATION('',(#1086),#1090);
#1086 = LINE('',#1087,#1088);
#1087 = CARTESIAN_POINT('',(16.5,-6.5));
#1088 = VECTOR('',#1089,1.);
#1089 = DIRECTION('',(0.707106781187,-0.707106781187));
#1090 = ( GEOMETRIC_REPRESENTATION_CONTEXT(2) 
PARAMETRIC_REPRESENTATION_CONTEXT() REPRESENTATION_CONTEXT('2D SPACE',''
  ) );
#1091 = PCURVE('',#1092,#1097);
#1092 = PLANE('',#1093);
#1093 = AXIS2_PLACEMENT_3D('',#1094,#1095,#1096);
#1094 = CARTESIAN_POINT('',(0.,42.958369439657,-127.8406204335));
#1095 = DIRECTION('',(0.,1.,-1.110223024625E-16));
#1096 = DIRECTION('',(0.,-1.110223024625E-16,-1.));
#1097 = DEFINITIONAL_REPRESENTATION('',(#1098),#1102);
#1098 = LINE('',#1099,#1100);
#1099 = CARTESIAN_POINT('',(16.263455967291,-1.));
#1100 = VECTOR('',#1101,1.);
#1101 = DIRECTION('',(-1.,0.));
#1102 = ( GEOMETRIC_REPRESENTATION_CONTEXT(2) 
PARAMETRIC_REPRESENTATION_CONTEXT() REPRESENTATION_CONTEXT('2D SPACE',''
  ) );
#1103 = ORIENTED_EDGE('',*,*,#1104,.T.);
#1104 = EDGE_CURVE('',#1077,#1105,#1107,.T.);
#1105 = VERTEX_POINT('',#1106);
#1106 = CARTESIAN_POINT('',(1.,45.786796564404,-125.0121933088));
#1107 = SURFACE_CURVE('',#1108,(#1112,#1119),.PCURVE_S1.);
#1108 = LINE('',#1109,#1110);
#1109 = CARTESIAN_POINT('',(1.,38.008621971352,-132.7903679018));
#1110 = VECTOR('',#1111,1.);
#1111 = DIRECTION('',(0.,0.707106781187,0.707106781187));
#1112 = PCURVE('',#32,#1113);
#1113 = DEFINITIONAL_REPRESENTATION('',(#1114),#1118);
#1114 = LINE('',#1115,#1116);
#1115 = CARTESIAN_POINT('',(28.,-11.));
#1116 = VECTOR('',#1117,1.);
#1117 = DIRECTION('',(0.,-1.));
#1118 = ( GEOMETRIC_REPRESENTATION_CONTEXT(2) 
PARAMETRIC_REPRESENTATION_CONTEXT() REPRESENTATION_CONTEXT('2D SPACE',''
  ) );
#1119 = PCURVE('',#1120,#1125);
#1120 = PLANE('',#1121);
#1121 = AXIS2_PLACEMENT_3D('',#1122,#1123,#1124);
#1122 = CARTESIAN_POINT('',(0.,45.786796564404,-125.0121933088));
#1123 = DIRECTION('',(0.,0.707106781187,-0.707106781187));
#1124 = DIRECTION('',(0.,-0.707106781187,-0.707106781187));
#1125 = DEFINITIONAL_REPRESENTATION('',(#1126),#1130);
#1126 = LINE('',#1127,#1128);
#1127 = CARTESIAN_POINT('',(11.,-1.));
#1128 = VECTOR('',#1129,1.);
#1129 = DIRECTION('',(-1.,0.));
#1130 = ( GEOMETRIC_REPRESENTATION_CONTEXT(2) 
PARAMETRIC_REPRESENTATION_CONTEXT() REPRESENTATION_CONTEXT('2D SPACE',''
  ) );
#1131 = ORIENTED_EDGE('',*,*,#1132,.T.);
#1132 = EDGE_CURVE('',#1105,#991,#1133,.T.);
#1133 = SURFACE_CURVE('',#1134,(#1138,#1145),.PCURVE_S1.);
#1134 = LINE('',#1135,#1136);
#1135 = CARTESIAN_POINT('',(1.,52.150757595082,-125.0121933088));
#1136 = VECTOR('',#1137,1.);
#1137 = DIRECTION('',(0.,1.,-1.110223024625E-16));
#1138 = PCURVE('',#32,#1139);
#1139 = DEFINITIONAL_REPRESENTATION('',(#1140),#1144);
#1140 = LINE('',#1141,#1142);
#1141 = CARTESIAN_POINT('',(23.5,-26.5));
#1142 = VECTOR('',#1143,1.);
#1143 = DIRECTION('',(-0.707106781187,-0.707106781187));
#1144 = ( GEOMETRIC_REPRESENTATION_CONTEXT(2) 
PARAMETRIC_REPRESENTATION_CONTEXT() REPRESENTATION_CONTEXT('2D SPACE',''
  ) );
#1145 = PCURVE('',#1146,#1151);
#1146 = PLANE('',#1147);
#1147 = AXIS2_PLACEMENT_3D('',#1148,#1149,#1150);
#1148 = CARTESIAN_POINT('',(0.,54.272077938642,-125.0121933088));
#1149 = DIRECTION('',(0.,-1.110223024625E-16,-1.));
#1150 = DIRECTION('',(0.,-1.,1.110223024625E-16));
#1151 = DEFINITIONAL_REPRESENTATION('',(#1152),#1156);
#1152 = LINE('',#1153,#1154);
#1153 = CARTESIAN_POINT('',(2.12132034356,-1.));
#1154 = VECTOR('',#1155,1.);
#1155 = DIRECTION('',(-1.,-0.));
#1156 = ( GEOMETRIC_REPRESENTATION_CONTEXT(2) 
PARAMETRIC_REPRESENTATION_CONTEXT() REPRESENTATION_CONTEXT('2D SPACE',''
  ) );
#1157 = ADVANCED_FACE('',(#1158,#1233,#1403,#1573,#1743,#1913),#44,.F.);
#1158 = FACE_BOUND('',#1159,.F.);
#1159 = EDGE_LOOP('',(#1160,#1183,#1184,#1207));
#1160 = ORIENTED_EDGE('',*,*,#1161,.F.);
#1161 = EDGE_CURVE('',#22,#1162,#1164,.T.);
#1162 = VERTEX_POINT('',#1163);
#1163 = CARTESIAN_POINT('',(140.,50.029437251523,-160.3675323681));
#1164 = SURFACE_CURVE('',#1165,(#1169,#1176),.PCURVE_S1.);
#1165 = LINE('',#1166,#1167);
#1166 = CARTESIAN_POINT('',(1.,50.029437251523,-160.3675323681));
#1167 = VECTOR('',#1168,1.);
#1168 = DIRECTION('',(1.,0.,0.));
#1169 = PCURVE('',#44,#1170);
#1170 = DEFINITIONAL_REPRESENTATION('',(#1171),#1175);
#1171 = LINE('',#1172,#1173);
#1172 = CARTESIAN_POINT('',(0.,0.));
#1173 = VECTOR('',#1174,1.);
#1174 = DIRECTION('',(0.,1.));
#1175 = ( GEOMETRIC_REPRESENTATION_CONTEXT(2) 
PARAMETRIC_REPRESENTATION_CONTEXT() REPRESENTATION_CONTEXT('2D SPACE',''
  ) );
#1176 = PCURVE('',#72,#1177);
#1177 = DEFINITIONAL_REPRESENTATION('',(#1178),#1182);
#1178 = LINE('',#1179,#1180);
#1179 = CARTESIAN_POINT('',(0.,0.));
#1180 = VECTOR('',#1181,1.);
#1181 = DIRECTION('',(1.,0.));
#1182 = ( GEOMETRIC_REPRESENTATION_CONTEXT(2) 
PARAMETRIC_REPRESENTATION_CONTEXT() REPRESENTATION_CONTEXT('2D SPACE',''
  ) );
#1183 = ORIENTED_EDGE('',*,*,#21,.T.);
#1184 = ORIENTED_EDGE('',*,*,#1185,.F.);
#1185 = EDGE_CURVE('',#1186,#24,#1188,.T.);
#1186 = VERTEX_POINT('',#1187);
#1187 = CARTESIAN_POINT('',(140.,24.573593128807,-134.9116882454));
#1188 = SURFACE_CURVE('',#1189,(#1193,#1200),.PCURVE_S1.);
#1189 = LINE('',#1190,#1191);
#1190 = CARTESIAN_POINT('',(140.,24.573593128807,-134.9116882454));
#1191 = VECTOR('',#1192,1.);
#1192 = DIRECTION('',(-1.,0.,0.));
#1193 = PCURVE('',#44,#1194);
#1194 = DEFINITIONAL_REPRESENTATION('',(#1195),#1199);
#1195 = LINE('',#1196,#1197);
#1196 = CARTESIAN_POINT('',(36.,139.));
#1197 = VECTOR('',#1198,1.);
#1198 = DIRECTION('',(0.,-1.));
#1199 = ( GEOMETRIC_REPRESENTATION_CONTEXT(2) 
PARAMETRIC_REPRESENTATION_CONTEXT() REPRESENTATION_CONTEXT('2D SPACE',''
  ) );
#1200 = PCURVE('',#126,#1201);
#1201 = DEFINITIONAL_REPRESENTATION('',(#1202),#1206);
#1202 = LINE('',#1203,#1204);
#1203 = CARTESIAN_POINT('',(139.,0.));
#1204 = VECTOR('',#1205,1.);
#1205 = DIRECTION('',(-1.,0.));
#1206 = ( GEOMETRIC_REPRESENTATION_CONTEXT(2) 
PARAMETRIC_REPRESENTATION_CONTEXT() REPRESENTATION_CONTEXT('2D SPACE',''
  ) );
#1207 = ORIENTED_EDGE('',*,*,#1208,.F.);
#1208 = EDGE_CURVE('',#1162,#1186,#1209,.T.);
#1209 = SURFACE_CURVE('',#1210,(#1214,#1221),.PCURVE_S1.);
#1210 = LINE('',#1211,#1212);
#1211 = CARTESIAN_POINT('',(140.,50.029437251523,-160.3675323681));
#1212 = VECTOR('',#1213,1.);
#1213 = DIRECTION('',(0.,-0.707106781187,0.707106781187));
#1214 = PCURVE('',#44,#1215);
#1215 = DEFINITIONAL_REPRESENTATION('',(#1216),#1220);
#1216 = LINE('',#1217,#1218);
#1217 = CARTESIAN_POINT('',(0.,139.));
#1218 = VECTOR('',#1219,1.);
#1219 = DIRECTION('',(1.,0.));
#1220 = ( GEOMETRIC_REPRESENTATION_CONTEXT(2) 
PARAMETRIC_REPRESENTATION_CONTEXT() REPRESENTATION_CONTEXT('2D SPACE',''
  ) );
#1221 = PCURVE('',#1222,#1227);
#1222 = PLANE('',#1223);
#1223 = AXIS2_PLACEMENT_3D('',#1224,#1225,#1226);
#1224 = CARTESIAN_POINT('',(140.,50.029437251523,-160.3675323681));
#1225 = DIRECTION('',(1.,0.,0.));
#1226 = DIRECTION('',(0.,-0.707106781187,0.707106781187));
#1227 = DEFINITIONAL_REPRESENTATION('',(#1228),#1232);
#1228 = LINE('',#1229,#1230);
#1229 = CARTESIAN_POINT('',(0.,0.));
#1230 = VECTOR('',#1231,1.);
#1231 = DIRECTION('',(1.,0.));
#1232 = ( GEOMETRIC_REPRESENTATION_CONTEXT(2) 
PARAMETRIC_REPRESENTATION_CONTEXT() REPRESENTATION_CONTEXT('2D SPACE',''
  ) );
#1233 = FACE_BOUND('',#1234,.F.);
#1234 = EDGE_LOOP('',(#1235,#1265,#1293,#1321,#1349,#1377));
#1235 = ORIENTED_EDGE('',*,*,#1236,.T.);
#1236 = EDGE_CURVE('',#1237,#1239,#1241,.T.);
#1237 = VERTEX_POINT('',#1238);
#1238 = CARTESIAN_POINT('',(22.,34.473088065419,-144.811183182));
#1239 = VERTEX_POINT('',#1240);
#1240 = CARTESIAN_POINT('',(22.,42.958369439657,-153.2964645562));
#1241 = SURFACE_CURVE('',#1242,(#1246,#1253),.PCURVE_S1.);
#1242 = LINE('',#1243,#1244);
#1243 = CARTESIAN_POINT('',(22.,42.251262658471,-152.589357775));
#1244 = VECTOR('',#1245,1.);
#1245 = DIRECTION('',(0.,0.707106781187,-0.707106781187));
#1246 = PCURVE('',#44,#1247);
#1247 = DEFINITIONAL_REPRESENTATION('',(#1248),#1252);
#1248 = LINE('',#1249,#1250);
#1249 = CARTESIAN_POINT('',(11.,21.));
#1250 = VECTOR('',#1251,1.);
#1251 = DIRECTION('',(-1.,0.));
#1252 = ( GEOMETRIC_REPRESENTATION_CONTEXT(2) 
PARAMETRIC_REPRESENTATION_CONTEXT() REPRESENTATION_CONTEXT('2D SPACE',''
  ) );
#1253 = PCURVE('',#1254,#1259);
#1254 = PLANE('',#1255);
#1255 = AXIS2_PLACEMENT_3D('',#1256,#1257,#1258);
#1256 = CARTESIAN_POINT('',(22.,38.715728752538,-140.5685424949));
#1257 = DIRECTION('',(1.,0.,0.));
#1258 = DIRECTION('',(0.,0.707106781187,-0.707106781187));
#1259 = DEFINITIONAL_REPRESENTATION('',(#1260),#1264);
#1260 = LINE('',#1261,#1262);
#1261 = CARTESIAN_POINT('',(11.,-6.));
#1262 = VECTOR('',#1263,1.);
#1263 = DIRECTION('',(1.,0.));
#1264 = ( GEOMETRIC_REPRESENTATION_CONTEXT(2) 
PARAMETRIC_REPRESENTATION_CONTEXT() REPRESENTATION_CONTEXT('2D SPACE',''
  ) );
#1265 = ORIENTED_EDGE('',*,*,#1266,.T.);
#1266 = EDGE_CURVE('',#1239,#1267,#1269,.T.);
#1267 = VERTEX_POINT('',#1268);
#1268 = CARTESIAN_POINT('',(38.,42.958369439657,-153.2964645562));
#1269 = SURFACE_CURVE('',#1270,(#1274,#1281),.PCURVE_S1.);
#1270 = LINE('',#1271,#1272);
#1271 = CARTESIAN_POINT('',(11.5,42.958369439657,-153.2964645562));
#1272 = VECTOR('',#1273,1.);
#1273 = DIRECTION('',(1.,0.,0.));
#1274 = PCURVE('',#44,#1275);
#1275 = DEFINITIONAL_REPRESENTATION('',(#1276),#1280);
#1276 = LINE('',#1277,#1278);
#1277 = CARTESIAN_POINT('',(10.,10.5));
#1278 = VECTOR('',#1279,1.);
#1279 = DIRECTION('',(0.,1.));
#1280 = ( GEOMETRIC_REPRESENTATION_CONTEXT(2) 
PARAMETRIC_REPRESENTATION_CONTEXT() REPRESENTATION_CONTEXT('2D SPACE',''
  ) );
#1281 = PCURVE('',#1282,#1287);
#1282 = PLANE('',#1283);
#1283 = AXIS2_PLACEMENT_3D('',#1284,#1285,#1286);
#1284 = CARTESIAN_POINT('',(22.,47.201010126777,-149.0538238691));
#1285 = DIRECTION('',(0.,-0.707106781187,0.707106781187));
#1286 = DIRECTION('',(1.,0.,0.));
#1287 = DEFINITIONAL_REPRESENTATION('',(#1288),#1292);
#1288 = LINE('',#1289,#1290);
#1289 = CARTESIAN_POINT('',(-10.5,-6.));
#1290 = VECTOR('',#1291,1.);
#1291 = DIRECTION('',(1.,0.));
#1292 = ( GEOMETRIC_REPRESENTATION_CONTEXT(2) 
PARAMETRIC_REPRESENTATION_CONTEXT() REPRESENTATION_CONTEXT('2D SPACE',''
  ) );
#1293 = ORIENTED_EDGE('',*,*,#1294,.T.);
#1294 = EDGE_CURVE('',#1267,#1295,#1297,.T.);
#1295 = VERTEX_POINT('',#1296);
#1296 = CARTESIAN_POINT('',(38.,34.473088065419,-144.811183182));
#1297 = SURFACE_CURVE('',#1298,(#1302,#1309),.PCURVE_S1.);
#1298 = LINE('',#1299,#1300);
#1299 = CARTESIAN_POINT('',(38.,46.49390334559,-156.8319984622));
#1300 = VECTOR('',#1301,1.);
#1301 = DIRECTION('',(0.,-0.707106781187,0.707106781187));
#1302 = PCURVE('',#44,#1303);
#1303 = DEFINITIONAL_REPRESENTATION('',(#1304),#1308);
#1304 = LINE('',#1305,#1306);
#1305 = CARTESIAN_POINT('',(5.,37.));
#1306 = VECTOR('',#1307,1.);
#1307 = DIRECTION('',(1.,0.));
#1308 = ( GEOMETRIC_REPRESENTATION_CONTEXT(2) 
PARAMETRIC_REPRESENTATION_CONTEXT() REPRESENTATION_CONTEXT('2D SPACE',''
  ) );
#1309 = PCURVE('',#1310,#1315);
#1310 = PLANE('',#1311);
#1311 = AXIS2_PLACEMENT_3D('',#1312,#1313,#1314);
#1312 = CARTESIAN_POINT('',(38.,47.201010126777,-149.0538238691));
#1313 = DIRECTION('',(-1.,0.,0.));
#1314 = DIRECTION('',(0.,-0.707106781187,0.707106781187));
#1315 = DEFINITIONAL_REPRESENTATION('',(#1316),#1320);
#1316 = LINE('',#1317,#1318);
#1317 = CARTESIAN_POINT('',(-5.,-6.));
#1318 = VECTOR('',#1319,1.);
#1319 = DIRECTION('',(1.,0.));
#1320 = ( GEOMETRIC_REPRESENTATION_CONTEXT(2) 
PARAMETRIC_REPRESENTATION_CONTEXT() REPRESENTATION_CONTEXT('2D SPACE',''
  ) );
#1321 = ORIENTED_EDGE('',*,*,#1322,.T.);
#1322 = EDGE_CURVE('',#1295,#1323,#1325,.T.);
#1323 = VERTEX_POINT('',#1324);
#1324 = CARTESIAN_POINT('',(32.,30.2304473783,-140.5685424949));
#1325 = SURFACE_CURVE('',#1326,(#1330,#1337),.PCURVE_S1.);
#1326 = LINE('',#1327,#1328);
#1327 = CARTESIAN_POINT('',(34.25,31.821437635969,-142.1595327525));
#1328 = VECTOR('',#1329,1.);
#1329 = DIRECTION('',(-0.707106781187,-0.5,0.5));
#1330 = PCURVE('',#44,#1331);
#1331 = DEFINITIONAL_REPRESENTATION('',(#1332),#1336);
#1332 = LINE('',#1333,#1334);
#1333 = CARTESIAN_POINT('',(25.75,33.25));
#1334 = VECTOR('',#1335,1.);
#1335 = DIRECTION('',(0.707106781187,-0.707106781187));
#1336 = ( GEOMETRIC_REPRESENTATION_CONTEXT(2) 
PARAMETRIC_REPRESENTATION_CONTEXT() REPRESENTATION_CONTEXT('2D SPACE',''
  ) );
#1337 = PCURVE('',#1338,#1343);
#1338 = PLANE('',#1339);
#1339 = AXIS2_PLACEMENT_3D('',#1340,#1341,#1342);
#1340 = CARTESIAN_POINT('',(38.,38.715728752538,-140.5685424949));
#1341 = DIRECTION('',(-0.707106781187,0.5,-0.5));
#1342 = DIRECTION('',(-0.707106781187,-0.5,0.5));
#1343 = DEFINITIONAL_REPRESENTATION('',(#1344),#1348);
#1344 = LINE('',#1345,#1346);
#1345 = CARTESIAN_POINT('',(5.303300858899,-6.));
#1346 = VECTOR('',#1347,1.);
#1347 = DIRECTION('',(1.,0.));
#1348 = ( GEOMETRIC_REPRESENTATION_CONTEXT(2) 
PARAMETRIC_REPRESENTATION_CONTEXT() REPRESENTATION_CONTEXT('2D SPACE',''
  ) );
#1349 = ORIENTED_EDGE('',*,*,#1350,.T.);
#1350 = EDGE_CURVE('',#1323,#1351,#1353,.T.);
#1351 = VERTEX_POINT('',#1352);
#1352 = CARTESIAN_POINT('',(28.,30.2304473783,-140.5685424949));
#1353 = SURFACE_CURVE('',#1354,(#1358,#1365),.PCURVE_S1.);
#1354 = LINE('',#1355,#1356);
#1355 = CARTESIAN_POINT('',(16.5,30.2304473783,-140.5685424949));
#1356 = VECTOR('',#1357,1.);
#1357 = DIRECTION('',(-1.,0.,0.));
#1358 = PCURVE('',#44,#1359);
#1359 = DEFINITIONAL_REPRESENTATION('',(#1360),#1364);
#1360 = LINE('',#1361,#1362);
#1361 = CARTESIAN_POINT('',(28.,15.5));
#1362 = VECTOR('',#1363,1.);
#1363 = DIRECTION('',(0.,-1.));
#1364 = ( GEOMETRIC_REPRESENTATION_CONTEXT(2) 
PARAMETRIC_REPRESENTATION_CONTEXT() REPRESENTATION_CONTEXT('2D SPACE',''
  ) );
#1365 = PCURVE('',#1366,#1371);
#1366 = PLANE('',#1367);
#1367 = AXIS2_PLACEMENT_3D('',#1368,#1369,#1370);
#1368 = CARTESIAN_POINT('',(32.,34.473088065419,-136.3259018078));
#1369 = DIRECTION('',(-0.,0.707106781187,-0.707106781187));
#1370 = DIRECTION('',(-1.,0.,0.));
#1371 = DEFINITIONAL_REPRESENTATION('',(#1372),#1376);
#1372 = LINE('',#1373,#1374);
#1373 = CARTESIAN_POINT('',(15.5,-6.));
#1374 = VECTOR('',#1375,1.);
#1375 = DIRECTION('',(1.,0.));
#1376 = ( GEOMETRIC_REPRESENTATION_CONTEXT(2) 
PARAMETRIC_REPRESENTATION_CONTEXT() REPRESENTATION_CONTEXT('2D SPACE',''
  ) );
#1377 = ORIENTED_EDGE('',*,*,#1378,.T.);
#1378 = EDGE_CURVE('',#1351,#1237,#1379,.T.);
#1379 = SURFACE_CURVE('',#1380,(#1384,#1391),.PCURVE_S1.);
#1380 = LINE('',#1381,#1382);
#1381 = CARTESIAN_POINT('',(14.25,39.953165619615,-150.2912607362));
#1382 = VECTOR('',#1383,1.);
#1383 = DIRECTION('',(-0.707106781187,0.5,-0.5));
#1384 = PCURVE('',#44,#1385);
#1385 = DEFINITIONAL_REPRESENTATION('',(#1386),#1390);
#1386 = LINE('',#1387,#1388);
#1387 = CARTESIAN_POINT('',(14.25,13.25));
#1388 = VECTOR('',#1389,1.);
#1389 = DIRECTION('',(-0.707106781187,-0.707106781187));
#1390 = ( GEOMETRIC_REPRESENTATION_CONTEXT(2) 
PARAMETRIC_REPRESENTATION_CONTEXT() REPRESENTATION_CONTEXT('2D SPACE',''
  ) );
#1391 = PCURVE('',#1392,#1397);
#1392 = PLANE('',#1393);
#1393 = AXIS2_PLACEMENT_3D('',#1394,#1395,#1396);
#1394 = CARTESIAN_POINT('',(28.,34.473088065419,-136.3259018078));
#1395 = DIRECTION('',(0.707106781187,0.5,-0.5));
#1396 = DIRECTION('',(-0.707106781187,0.5,-0.5));
#1397 = DEFINITIONAL_REPRESENTATION('',(#1398),#1402);
#1398 = LINE('',#1399,#1400);
#1399 = CARTESIAN_POINT('',(19.44543648263,-6.));
#1400 = VECTOR('',#1401,1.);
#1401 = DIRECTION('',(1.,0.));
#1402 = ( GEOMETRIC_REPRESENTATION_CONTEXT(2) 
PARAMETRIC_REPRESENTATION_CONTEXT() REPRESENTATION_CONTEXT('2D SPACE',''
  ) );
#1403 = FACE_BOUND('',#1404,.F.);
#1404 = EDGE_LOOP('',(#1405,#1435,#1463,#1491,#1519,#1547));
#1405 = ORIENTED_EDGE('',*,*,#1406,.T.);
#1406 = EDGE_CURVE('',#1407,#1409,#1411,.T.);
#1407 = VERTEX_POINT('',#1408);
#1408 = CARTESIAN_POINT('',(44.,34.473088065419,-144.811183182));
#1409 = VERTEX_POINT('',#1410);
#1410 = CARTESIAN_POINT('',(44.,42.958369439657,-153.2964645562));
#1411 = SURFACE_CURVE('',#1412,(#1416,#1423),.PCURVE_S1.);
#1412 = LINE('',#1413,#1414);
#1413 = CARTESIAN_POINT('',(44.,42.251262658471,-152.589357775));
#1414 = VECTOR('',#1415,1.);
#1415 = DIRECTION('',(0.,0.707106781187,-0.707106781187));
#1416 = PCURVE('',#44,#1417);
#1417 = DEFINITIONAL_REPRESENTATION('',(#1418),#1422);
#1418 = LINE('',#1419,#1420);
#1419 = CARTESIAN_POINT('',(11.,43.));
#1420 = VECTOR('',#1421,1.);
#1421 = DIRECTION('',(-1.,0.));
#1422 = ( GEOMETRIC_REPRESENTATION_CONTEXT(2) 
PARAMETRIC_REPRESENTATION_CONTEXT() REPRESENTATION_CONTEXT('2D SPACE',''
  ) );
#1423 = PCURVE('',#1424,#1429);
#1424 = PLANE('',#1425);
#1425 = AXIS2_PLACEMENT_3D('',#1426,#1427,#1428);
#1426 = CARTESIAN_POINT('',(44.,38.715728752538,-140.5685424949));
#1427 = DIRECTION('',(1.,0.,0.));
#1428 = DIRECTION('',(0.,0.707106781187,-0.707106781187));
#1429 = DEFINITIONAL_REPRESENTATION('',(#1430),#1434);
#1430 = LINE('',#1431,#1432);
#1431 = CARTESIAN_POINT('',(11.,-6.));
#1432 = VECTOR('',#1433,1.);
#1433 = DIRECTION('',(1.,0.));
#1434 = ( GEOMETRIC_REPRESENTATION_CONTEXT(2) 
PARAMETRIC_REPRESENTATION_CONTEXT() REPRESENTATION_CONTEXT('2D SPACE',''
  ) );
#1435 = ORIENTED_EDGE('',*,*,#1436,.T.);
#1436 = EDGE_CURVE('',#1409,#1437,#1439,.T.);
#1437 = VERTEX_POINT('',#1438);
#1438 = CARTESIAN_POINT('',(60.,42.958369439657,-153.2964645562));
#1439 = SURFACE_CURVE('',#1440,(#1444,#1451),.PCURVE_S1.);
#1440 = LINE('',#1441,#1442);
#1441 = CARTESIAN_POINT('',(22.5,42.958369439657,-153.2964645562));
#1442 = VECTOR('',#1443,1.);
#1443 = DIRECTION('',(1.,0.,0.));
#1444 = PCURVE('',#44,#1445);
#1445 = DEFINITIONAL_REPRESENTATION('',(#1446),#1450);
#1446 = LINE('',#1447,#1448);
#1447 = CARTESIAN_POINT('',(10.,21.5));
#1448 = VECTOR('',#1449,1.);
#1449 = DIRECTION('',(0.,1.));
#1450 = ( GEOMETRIC_REPRESENTATION_CONTEXT(2) 
PARAMETRIC_REPRESENTATION_CONTEXT() REPRESENTATION_CONTEXT('2D SPACE',''
  ) );
#1451 = PCURVE('',#1452,#1457);
#1452 = PLANE('',#1453);
#1453 = AXIS2_PLACEMENT_3D('',#1454,#1455,#1456);
#1454 = CARTESIAN_POINT('',(44.,47.201010126777,-149.0538238691));
#1455 = DIRECTION('',(0.,-0.707106781187,0.707106781187));
#1456 = DIRECTION('',(1.,0.,0.));
#1457 = DEFINITIONAL_REPRESENTATION('',(#1458),#1462);
#1458 = LINE('',#1459,#1460);
#1459 = CARTESIAN_POINT('',(-21.5,-6.));
#1460 = VECTOR('',#1461,1.);
#1461 = DIRECTION('',(1.,0.));
#1462 = ( GEOMETRIC_REPRESENTATION_CONTEXT(2) 
PARAMETRIC_REPRESENTATION_CONTEXT() REPRESENTATION_CONTEXT('2D SPACE',''
  ) );
#1463 = ORIENTED_EDGE('',*,*,#1464,.T.);
#1464 = EDGE_CURVE('',#1437,#1465,#1467,.T.);
#1465 = VERTEX_POINT('',#1466);
#1466 = CARTESIAN_POINT('',(60.,34.473088065419,-144.811183182));
#1467 = SURFACE_CURVE('',#1468,(#1472,#1479),.PCURVE_S1.);
#1468 = LINE('',#1469,#1470);
#1469 = CARTESIAN_POINT('',(60.,46.49390334559,-156.8319984622));
#1470 = VECTOR('',#1471,1.);
#1471 = DIRECTION('',(0.,-0.707106781187,0.707106781187));
#1472 = PCURVE('',#44,#1473);
#1473 = DEFINITIONAL_REPRESENTATION('',(#1474),#1478);
#1474 = LINE('',#1475,#1476);
#1475 = CARTESIAN_POINT('',(5.,59.));
#1476 = VECTOR('',#1477,1.);
#1477 = DIRECTION('',(1.,0.));
#1478 = ( GEOMETRIC_REPRESENTATION_CONTEXT(2) 
PARAMETRIC_REPRESENTATION_CONTEXT() REPRESENTATION_CONTEXT('2D SPACE',''
  ) );
#1479 = PCURVE('',#1480,#1485);
#1480 = PLANE('',#1481);
#1481 = AXIS2_PLACEMENT_3D('',#1482,#1483,#1484);
#1482 = CARTESIAN_POINT('',(60.,47.201010126777,-149.0538238691));
#1483 = DIRECTION('',(-1.,0.,0.));
#1484 = DIRECTION('',(0.,-0.707106781187,0.707106781187));
#1485 = DEFINITIONAL_REPRESENTATION('',(#1486),#1490);
#1486 = LINE('',#1487,#1488);
#1487 = CARTESIAN_POINT('',(-5.,-6.));
#1488 = VECTOR('',#1489,1.);
#1489 = DIRECTION('',(1.,0.));
#1490 = ( GEOMETRIC_REPRESENTATION_CONTEXT(2) 
PARAMETRIC_REPRESENTATION_CONTEXT() REPRESENTATION_CONTEXT('2D SPACE',''
  ) );
#1491 = ORIENTED_EDGE('',*,*,#1492,.T.);
#1492 = EDGE_CURVE('',#1465,#1493,#1495,.T.);
#1493 = VERTEX_POINT('',#1494);
#1494 = CARTESIAN_POINT('',(54.,30.2304473783,-140.5685424949));
#1495 = SURFACE_CURVE('',#1496,(#1500,#1507),.PCURVE_S1.);
#1496 = LINE('',#1497,#1498);
#1497 = CARTESIAN_POINT('',(50.75,27.932350339443,-138.270445456));
#1498 = VECTOR('',#1499,1.);
#1499 = DIRECTION('',(-0.707106781187,-0.5,0.5));
#1500 = PCURVE('',#44,#1501);
#1501 = DEFINITIONAL_REPRESENTATION('',(#1502),#1506);
#1502 = LINE('',#1503,#1504);
#1503 = CARTESIAN_POINT('',(31.25,49.75));
#1504 = VECTOR('',#1505,1.);
#1505 = DIRECTION('',(0.707106781187,-0.707106781187));
#1506 = ( GEOMETRIC_REPRESENTATION_CONTEXT(2) 
PARAMETRIC_REPRESENTATION_CONTEXT() REPRESENTATION_CONTEXT('2D SPACE',''
  ) );
#1507 = PCURVE('',#1508,#1513);
#1508 = PLANE('',#1509);
#1509 = AXIS2_PLACEMENT_3D('',#1510,#1511,#1512);
#1510 = CARTESIAN_POINT('',(60.,38.715728752538,-140.5685424949));
#1511 = DIRECTION('',(-0.707106781187,0.5,-0.5));
#1512 = DIRECTION('',(-0.707106781187,-0.5,0.5));
#1513 = DEFINITIONAL_REPRESENTATION('',(#1514),#1518);
#1514 = LINE('',#1515,#1516);
#1515 = CARTESIAN_POINT('',(13.081475451951,-6.));
#1516 = VECTOR('',#1517,1.);
#1517 = DIRECTION('',(1.,0.));
#1518 = ( GEOMETRIC_REPRESENTATION_CONTEXT(2) 
PARAMETRIC_REPRESENTATION_CONTEXT() REPRESENTATION_CONTEXT('2D SPACE',''
  ) );
#1519 = ORIENTED_EDGE('',*,*,#1520,.T.);
#1520 = EDGE_CURVE('',#1493,#1521,#1523,.T.);
#1521 = VERTEX_POINT('',#1522);
#1522 = CARTESIAN_POINT('',(50.,30.2304473783,-140.5685424949));
#1523 = SURFACE_CURVE('',#1524,(#1528,#1535),.PCURVE_S1.);
#1524 = LINE('',#1525,#1526);
#1525 = CARTESIAN_POINT('',(27.5,30.2304473783,-140.5685424949));
#1526 = VECTOR('',#1527,1.);
#1527 = DIRECTION('',(-1.,0.,0.));
#1528 = PCURVE('',#44,#1529);
#1529 = DEFINITIONAL_REPRESENTATION('',(#1530),#1534);
#1530 = LINE('',#1531,#1532);
#1531 = CARTESIAN_POINT('',(28.,26.5));
#1532 = VECTOR('',#1533,1.);
#1533 = DIRECTION('',(0.,-1.));
#1534 = ( GEOMETRIC_REPRESENTATION_CONTEXT(2) 
PARAMETRIC_REPRESENTATION_CONTEXT() REPRESENTATION_CONTEXT('2D SPACE',''
  ) );
#1535 = PCURVE('',#1536,#1541);
#1536 = PLANE('',#1537);
#1537 = AXIS2_PLACEMENT_3D('',#1538,#1539,#1540);
#1538 = CARTESIAN_POINT('',(54.,34.473088065419,-136.3259018078));
#1539 = DIRECTION('',(-0.,0.707106781187,-0.707106781187));
#1540 = DIRECTION('',(-1.,0.,0.));
#1541 = DEFINITIONAL_REPRESENTATION('',(#1542),#1546);
#1542 = LINE('',#1543,#1544);
#1543 = CARTESIAN_POINT('',(26.5,-6.));
#1544 = VECTOR('',#1545,1.);
#1545 = DIRECTION('',(1.,0.));
#1546 = ( GEOMETRIC_REPRESENTATION_CONTEXT(2) 
PARAMETRIC_REPRESENTATION_CONTEXT() REPRESENTATION_CONTEXT('2D SPACE',''
  ) );
#1547 = ORIENTED_EDGE('',*,*,#1548,.T.);
#1548 = EDGE_CURVE('',#1521,#1407,#1549,.T.);
#1549 = SURFACE_CURVE('',#1550,(#1554,#1561),.PCURVE_S1.);
#1550 = LINE('',#1551,#1552);
#1551 = CARTESIAN_POINT('',(30.75,43.842252916141,-154.1803480327));
#1552 = VECTOR('',#1553,1.);
#1553 = DIRECTION('',(-0.707106781187,0.5,-0.5));
#1554 = PCURVE('',#44,#1555);
#1555 = DEFINITIONAL_REPRESENTATION('',(#1556),#1560);
#1556 = LINE('',#1557,#1558);
#1557 = CARTESIAN_POINT('',(8.75,29.75));
#1558 = VECTOR('',#1559,1.);
#1559 = DIRECTION('',(-0.707106781187,-0.707106781187));
#1560 = ( GEOMETRIC_REPRESENTATION_CONTEXT(2) 
PARAMETRIC_REPRESENTATION_CONTEXT() REPRESENTATION_CONTEXT('2D SPACE',''
  ) );
#1561 = PCURVE('',#1562,#1567);
#1562 = PLANE('',#1563);
#1563 = AXIS2_PLACEMENT_3D('',#1564,#1565,#1566);
#1564 = CARTESIAN_POINT('',(50.,34.473088065419,-136.3259018078));
#1565 = DIRECTION('',(0.707106781187,0.5,-0.5));
#1566 = DIRECTION('',(-0.707106781187,0.5,-0.5));
#1567 = DEFINITIONAL_REPRESENTATION('',(#1568),#1572);
#1568 = LINE('',#1569,#1570);
#1569 = CARTESIAN_POINT('',(27.223611075682,-6.));
#1570 = VECTOR('',#1571,1.);
#1571 = DIRECTION('',(1.,0.));
#1572 = ( GEOMETRIC_REPRESENTATION_CONTEXT(2) 
PARAMETRIC_REPRESENTATION_CONTEXT() REPRESENTATION_CONTEXT('2D SPACE',''
  ) );
#1573 = FACE_BOUND('',#1574,.F.);
#1574 = EDGE_LOOP('',(#1575,#1605,#1633,#1661,#1689,#1717));
#1575 = ORIENTED_EDGE('',*,*,#1576,.T.);
#1576 = EDGE_CURVE('',#1577,#1579,#1581,.T.);
#1577 = VERTEX_POINT('',#1578);
#1578 = CARTESIAN_POINT('',(88.,34.473088065419,-144.811183182));
#1579 = VERTEX_POINT('',#1580);
#1580 = CARTESIAN_POINT('',(88.,42.958369439657,-153.2964645562));
#1581 = SURFACE_CURVE('',#1582,(#1586,#1593),.PCURVE_S1.);
#1582 = LINE('',#1583,#1584);
#1583 = CARTESIAN_POINT('',(88.,42.251262658471,-152.589357775));
#1584 = VECTOR('',#1585,1.);
#1585 = DIRECTION('',(0.,0.707106781187,-0.707106781187));
#1586 = PCURVE('',#44,#1587);
#1587 = DEFINITIONAL_REPRESENTATION('',(#1588),#1592);
#1588 = LINE('',#1589,#1590);
#1589 = CARTESIAN_POINT('',(11.,87.));
#1590 = VECTOR('',#1591,1.);
#1591 = DIRECTION('',(-1.,0.));
#1592 = ( GEOMETRIC_REPRESENTATION_CONTEXT(2) 
PARAMETRIC_REPRESENTATION_CONTEXT() REPRESENTATION_CONTEXT('2D SPACE',''
  ) );
#1593 = PCURVE('',#1594,#1599);
#1594 = PLANE('',#1595);
#1595 = AXIS2_PLACEMENT_3D('',#1596,#1597,#1598);
#1596 = CARTESIAN_POINT('',(88.,38.715728752538,-140.5685424949));
#1597 = DIRECTION('',(1.,0.,0.));
#1598 = DIRECTION('',(0.,0.707106781187,-0.707106781187));
#1599 = DEFINITIONAL_REPRESENTATION('',(#1600),#1604);
#1600 = LINE('',#1601,#1602);
#1601 = CARTESIAN_POINT('',(11.,-6.));
#1602 = VECTOR('',#1603,1.);
#1603 = DIRECTION('',(1.,0.));
#1604 = ( GEOMETRIC_REPRESENTATION_CONTEXT(2) 
PARAMETRIC_REPRESENTATION_CONTEXT() REPRESENTATION_CONTEXT('2D SPACE',''
  ) );
#1605 = ORIENTED_EDGE('',*,*,#1606,.T.);
#1606 = EDGE_CURVE('',#1579,#1607,#1609,.T.);
#1607 = VERTEX_POINT('',#1608);
#1608 = CARTESIAN_POINT('',(104.,42.958369439657,-153.2964645562));
#1609 = SURFACE_CURVE('',#1610,(#1614,#1621),.PCURVE_S1.);
#1610 = LINE('',#1611,#1612);
#1611 = CARTESIAN_POINT('',(44.5,42.958369439657,-153.2964645562));
#1612 = VECTOR('',#1613,1.);
#1613 = DIRECTION('',(1.,0.,0.));
#1614 = PCURVE('',#44,#1615);
#1615 = DEFINITIONAL_REPRESENTATION('',(#1616),#1620);
#1616 = LINE('',#1617,#1618);
#1617 = CARTESIAN_POINT('',(10.,43.5));
#1618 = VECTOR('',#1619,1.);
#1619 = DIRECTION('',(0.,1.));
#1620 = ( GEOMETRIC_REPRESENTATION_CONTEXT(2) 
PARAMETRIC_REPRESENTATION_CONTEXT() REPRESENTATION_CONTEXT('2D SPACE',''
  ) );
#1621 = PCURVE('',#1622,#1627);
#1622 = PLANE('',#1623);
#1623 = AXIS2_PLACEMENT_3D('',#1624,#1625,#1626);
#1624 = CARTESIAN_POINT('',(88.,47.201010126777,-149.0538238691));
#1625 = DIRECTION('',(0.,-0.707106781187,0.707106781187));
#1626 = DIRECTION('',(1.,0.,0.));
#1627 = DEFINITIONAL_REPRESENTATION('',(#1628),#1632);
#1628 = LINE('',#1629,#1630);
#1629 = CARTESIAN_POINT('',(-43.5,-6.));
#1630 = VECTOR('',#1631,1.);
#1631 = DIRECTION('',(1.,0.));
#1632 = ( GEOMETRIC_REPRESENTATION_CONTEXT(2) 
PARAMETRIC_REPRESENTATION_CONTEXT() REPRESENTATION_CONTEXT('2D SPACE',''
  ) );
#1633 = ORIENTED_EDGE('',*,*,#1634,.T.);
#1634 = EDGE_CURVE('',#1607,#1635,#1637,.T.);
#1635 = VERTEX_POINT('',#1636);
#1636 = CARTESIAN_POINT('',(104.,34.473088065419,-144.811183182));
#1637 = SURFACE_CURVE('',#1638,(#1642,#1649),.PCURVE_S1.);
#1638 = LINE('',#1639,#1640);
#1639 = CARTESIAN_POINT('',(104.,46.49390334559,-156.8319984622));
#1640 = VECTOR('',#1641,1.);
#1641 = DIRECTION('',(0.,-0.707106781187,0.707106781187));
#1642 = PCURVE('',#44,#1643);
#1643 = DEFINITIONAL_REPRESENTATION('',(#1644),#1648);
#1644 = LINE('',#1645,#1646);
#1645 = CARTESIAN_POINT('',(5.,103.));
#1646 = VECTOR('',#1647,1.);
#1647 = DIRECTION('',(1.,0.));
#1648 = ( GEOMETRIC_REPRESENTATION_CONTEXT(2) 
PARAMETRIC_REPRESENTATION_CONTEXT() REPRESENTATION_CONTEXT('2D SPACE',''
  ) );
#1649 = PCURVE('',#1650,#1655);
#1650 = PLANE('',#1651);
#1651 = AXIS2_PLACEMENT_3D('',#1652,#1653,#1654);
#1652 = CARTESIAN_POINT('',(104.,47.201010126777,-149.0538238691));
#1653 = DIRECTION('',(-1.,0.,0.));
#1654 = DIRECTION('',(0.,-0.707106781187,0.707106781187));
#1655 = DEFINITIONAL_REPRESENTATION('',(#1656),#1660);
#1656 = LINE('',#1657,#1658);
#1657 = CARTESIAN_POINT('',(-5.,-6.));
#1658 = VECTOR('',#1659,1.);
#1659 = DIRECTION('',(1.,0.));
#1660 = ( GEOMETRIC_REPRESENTATION_CONTEXT(2) 
PARAMETRIC_REPRESENTATION_CONTEXT() REPRESENTATION_CONTEXT('2D SPACE',''
  ) );
#1661 = ORIENTED_EDGE('',*,*,#1662,.T.);
#1662 = EDGE_CURVE('',#1635,#1663,#1665,.T.);
#1663 = VERTEX_POINT('',#1664);
#1664 = CARTESIAN_POINT('',(98.,30.2304473783,-140.5685424949));
#1665 = SURFACE_CURVE('',#1666,(#1670,#1677),.PCURVE_S1.);
#1666 = LINE('',#1667,#1668);
#1667 = CARTESIAN_POINT('',(83.75,20.154175746391,-130.492270863));
#1668 = VECTOR('',#1669,1.);
#1669 = DIRECTION('',(-0.707106781187,-0.5,0.5));
#1670 = PCURVE('',#44,#1671);
#1671 = DEFINITIONAL_REPRESENTATION('',(#1672),#1676);
#1672 = LINE('',#1673,#1674);
#1673 = CARTESIAN_POINT('',(42.25,82.75));
#1674 = VECTOR('',#1675,1.);
#1675 = DIRECTION('',(0.707106781187,-0.707106781187));
#1676 = ( GEOMETRIC_REPRESENTATION_CONTEXT(2) 
PARAMETRIC_REPRESENTATION_CONTEXT() REPRESENTATION_CONTEXT('2D SPACE',''
  ) );
#1677 = PCURVE('',#1678,#1683);
#1678 = PLANE('',#1679);
#1679 = AXIS2_PLACEMENT_3D('',#1680,#1681,#1682);
#1680 = CARTESIAN_POINT('',(104.,38.715728752538,-140.5685424949));
#1681 = DIRECTION('',(-0.707106781187,0.5,-0.5));
#1682 = DIRECTION('',(-0.707106781187,-0.5,0.5));
#1683 = DEFINITIONAL_REPRESENTATION('',(#1684),#1688);
#1684 = LINE('',#1685,#1686);
#1685 = CARTESIAN_POINT('',(28.637824638055,-6.));
#1686 = VECTOR('',#1687,1.);
#1687 = DIRECTION('',(1.,0.));
#1688 = ( GEOMETRIC_REPRESENTATION_CONTEXT(2) 
PARAMETRIC_REPRESENTATION_CONTEXT() REPRESENTATION_CONTEXT('2D SPACE',''
  ) );
#1689 = ORIENTED_EDGE('',*,*,#1690,.T.);
#1690 = EDGE_CURVE('',#1663,#1691,#1693,.T.);
#1691 = VERTEX_POINT('',#1692);
#1692 = CARTESIAN_POINT('',(94.,30.2304473783,-140.5685424949));
#1693 = SURFACE_CURVE('',#1694,(#1698,#1705),.PCURVE_S1.);
#1694 = LINE('',#1695,#1696);
#1695 = CARTESIAN_POINT('',(49.5,30.2304473783,-140.5685424949));
#1696 = VECTOR('',#1697,1.);
#1697 = DIRECTION('',(-1.,0.,0.));
#1698 = PCURVE('',#44,#1699);
#1699 = DEFINITIONAL_REPRESENTATION('',(#1700),#1704);
#1700 = LINE('',#1701,#1702);
#1701 = CARTESIAN_POINT('',(28.,48.5));
#1702 = VECTOR('',#1703,1.);
#1703 = DIRECTION('',(0.,-1.));
#1704 = ( GEOMETRIC_REPRESENTATION_CONTEXT(2) 
PARAMETRIC_REPRESENTATION_CONTEXT() REPRESENTATION_CONTEXT('2D SPACE',''
  ) );
#1705 = PCURVE('',#1706,#1711);
#1706 = PLANE('',#1707);
#1707 = AXIS2_PLACEMENT_3D('',#1708,#1709,#1710);
#1708 = CARTESIAN_POINT('',(98.,34.473088065419,-136.3259018078));
#1709 = DIRECTION('',(-0.,0.707106781187,-0.707106781187));
#1710 = DIRECTION('',(-1.,0.,0.));
#1711 = DEFINITIONAL_REPRESENTATION('',(#1712),#1716);
#1712 = LINE('',#1713,#1714);
#1713 = CARTESIAN_POINT('',(48.5,-6.));
#1714 = VECTOR('',#1715,1.);
#1715 = DIRECTION('',(1.,0.));
#1716 = ( GEOMETRIC_REPRESENTATION_CONTEXT(2) 
PARAMETRIC_REPRESENTATION_CONTEXT() REPRESENTATION_CONTEXT('2D SPACE',''
  ) );
#1717 = ORIENTED_EDGE('',*,*,#1718,.T.);
#1718 = EDGE_CURVE('',#1691,#1577,#1719,.T.);
#1719 = SURFACE_CURVE('',#1720,(#1724,#1731),.PCURVE_S1.);
#1720 = LINE('',#1721,#1722);
#1721 = CARTESIAN_POINT('',(63.75,51.620427509193,-161.9585226258));
#1722 = VECTOR('',#1723,1.);
#1723 = DIRECTION('',(-0.707106781187,0.5,-0.5));
#1724 = PCURVE('',#44,#1725);
#1725 = DEFINITIONAL_REPRESENTATION('',(#1726),#1730);
#1726 = LINE('',#1727,#1728);
#1727 = CARTESIAN_POINT('',(-2.25,62.75));
#1728 = VECTOR('',#1729,1.);
#1729 = DIRECTION('',(-0.707106781187,-0.707106781187));
#1730 = ( GEOMETRIC_REPRESENTATION_CONTEXT(2) 
PARAMETRIC_REPRESENTATION_CONTEXT() REPRESENTATION_CONTEXT('2D SPACE',''
  ) );
#1731 = PCURVE('',#1732,#1737);
#1732 = PLANE('',#1733);
#1733 = AXIS2_PLACEMENT_3D('',#1734,#1735,#1736);
#1734 = CARTESIAN_POINT('',(94.,34.473088065419,-136.3259018078));
#1735 = DIRECTION('',(0.707106781187,0.5,-0.5));
#1736 = DIRECTION('',(-0.707106781187,0.5,-0.5));
#1737 = DEFINITIONAL_REPRESENTATION('',(#1738),#1742);
#1738 = LINE('',#1739,#1740);
#1739 = CARTESIAN_POINT('',(42.779960261786,-6.));
#1740 = VECTOR('',#1741,1.);
#1741 = DIRECTION('',(1.,0.));
#1742 = ( GEOMETRIC_REPRESENTATION_CONTEXT(2) 
PARAMETRIC_REPRESENTATION_CONTEXT() REPRESENTATION_CONTEXT('2D SPACE',''
  ) );
#1743 = FACE_BOUND('',#1744,.F.);
#1744 = EDGE_LOOP('',(#1745,#1775,#1803,#1831,#1859,#1887));
#1745 = ORIENTED_EDGE('',*,*,#1746,.T.);
#1746 = EDGE_CURVE('',#1747,#1749,#1751,.T.);
#1747 = VERTEX_POINT('',#1748);
#1748 = CARTESIAN_POINT('',(66.,34.473088065419,-144.811183182));
#1749 = VERTEX_POINT('',#1750);
#1750 = CARTESIAN_POINT('',(66.,42.958369439657,-153.2964645562));
#1751 = SURFACE_CURVE('',#1752,(#1756,#1763),.PCURVE_S1.);
#1752 = LINE('',#1753,#1754);
#1753 = CARTESIAN_POINT('',(66.,42.251262658471,-152.589357775));
#1754 = VECTOR('',#1755,1.);
#1755 = DIRECTION('',(0.,0.707106781187,-0.707106781187));
#1756 = PCURVE('',#44,#1757);
#1757 = DEFINITIONAL_REPRESENTATION('',(#1758),#1762);
#1758 = LINE('',#1759,#1760);
#1759 = CARTESIAN_POINT('',(11.,65.));
#1760 = VECTOR('',#1761,1.);
#1761 = DIRECTION('',(-1.,0.));
#1762 = ( GEOMETRIC_REPRESENTATION_CONTEXT(2) 
PARAMETRIC_REPRESENTATION_CONTEXT() REPRESENTATION_CONTEXT('2D SPACE',''
  ) );
#1763 = PCURVE('',#1764,#1769);
#1764 = PLANE('',#1765);
#1765 = AXIS2_PLACEMENT_3D('',#1766,#1767,#1768);
#1766 = CARTESIAN_POINT('',(66.,38.715728752538,-140.5685424949));
#1767 = DIRECTION('',(1.,0.,0.));
#1768 = DIRECTION('',(0.,0.707106781187,-0.707106781187));
#1769 = DEFINITIONAL_REPRESENTATION('',(#1770),#1774);
#1770 = LINE('',#1771,#1772);
#1771 = CARTESIAN_POINT('',(11.,-6.));
#1772 = VECTOR('',#1773,1.);
#1773 = DIRECTION('',(1.,0.));
#1774 = ( GEOMETRIC_REPRESENTATION_CONTEXT(2) 
PARAMETRIC_REPRESENTATION_CONTEXT() REPRESENTATION_CONTEXT('2D SPACE',''
  ) );
#1775 = ORIENTED_EDGE('',*,*,#1776,.T.);
#1776 = EDGE_CURVE('',#1749,#1777,#1779,.T.);
#1777 = VERTEX_POINT('',#1778);
#1778 = CARTESIAN_POINT('',(82.,42.958369439657,-153.2964645562));
#1779 = SURFACE_CURVE('',#1780,(#1784,#1791),.PCURVE_S1.);
#1780 = LINE('',#1781,#1782);
#1781 = CARTESIAN_POINT('',(33.5,42.958369439657,-153.2964645562));
#1782 = VECTOR('',#1783,1.);
#1783 = DIRECTION('',(1.,0.,0.));
#1784 = PCURVE('',#44,#1785);
#1785 = DEFINITIONAL_REPRESENTATION('',(#1786),#1790);
#1786 = LINE('',#1787,#1788);
#1787 = CARTESIAN_POINT('',(10.,32.5));
#1788 = VECTOR('',#1789,1.);
#1789 = DIRECTION('',(0.,1.));
#1790 = ( GEOMETRIC_REPRESENTATION_CONTEXT(2) 
PARAMETRIC_REPRESENTATION_CONTEXT() REPRESENTATION_CONTEXT('2D SPACE',''
  ) );
#1791 = PCURVE('',#1792,#1797);
#1792 = PLANE('',#1793);
#1793 = AXIS2_PLACEMENT_3D('',#1794,#1795,#1796);
#1794 = CARTESIAN_POINT('',(66.,47.201010126777,-149.0538238691));
#1795 = DIRECTION('',(0.,-0.707106781187,0.707106781187));
#1796 = DIRECTION('',(1.,0.,0.));
#1797 = DEFINITIONAL_REPRESENTATION('',(#1798),#1802);
#1798 = LINE('',#1799,#1800);
#1799 = CARTESIAN_POINT('',(-32.5,-6.));
#1800 = VECTOR('',#1801,1.);
#1801 = DIRECTION('',(1.,0.));
#1802 = ( GEOMETRIC_REPRESENTATION_CONTEXT(2) 
PARAMETRIC_REPRESENTATION_CONTEXT() REPRESENTATION_CONTEXT('2D SPACE',''
  ) );
#1803 = ORIENTED_EDGE('',*,*,#1804,.T.);
#1804 = EDGE_CURVE('',#1777,#1805,#1807,.T.);
#1805 = VERTEX_POINT('',#1806);
#1806 = CARTESIAN_POINT('',(82.,34.473088065419,-144.811183182));
#1807 = SURFACE_CURVE('',#1808,(#1812,#1819),.PCURVE_S1.);
#1808 = LINE('',#1809,#1810);
#1809 = CARTESIAN_POINT('',(82.,46.49390334559,-156.8319984622));
#1810 = VECTOR('',#1811,1.);
#1811 = DIRECTION('',(0.,-0.707106781187,0.707106781187));
#1812 = PCURVE('',#44,#1813);
#1813 = DEFINITIONAL_REPRESENTATION('',(#1814),#1818);
#1814 = LINE('',#1815,#1816);
#1815 = CARTESIAN_POINT('',(5.,81.));
#1816 = VECTOR('',#1817,1.);
#1817 = DIRECTION('',(1.,0.));
#1818 = ( GEOMETRIC_REPRESENTATION_CONTEXT(2) 
PARAMETRIC_REPRESENTATION_CONTEXT() REPRESENTATION_CONTEXT('2D SPACE',''
  ) );
#1819 = PCURVE('',#1820,#1825);
#1820 = PLANE('',#1821);
#1821 = AXIS2_PLACEMENT_3D('',#1822,#1823,#1824);
#1822 = CARTESIAN_POINT('',(82.,47.201010126777,-149.0538238691));
#1823 = DIRECTION('',(-1.,0.,0.));
#1824 = DIRECTION('',(0.,-0.707106781187,0.707106781187));
#1825 = DEFINITIONAL_REPRESENTATION('',(#1826),#1830);
#1826 = LINE('',#1827,#1828);
#1827 = CARTESIAN_POINT('',(-5.,-6.));
#1828 = VECTOR('',#1829,1.);
#1829 = DIRECTION('',(1.,0.));
#1830 = ( GEOMETRIC_REPRESENTATION_CONTEXT(2) 
PARAMETRIC_REPRESENTATION_CONTEXT() REPRESENTATION_CONTEXT('2D SPACE',''
  ) );
#1831 = ORIENTED_EDGE('',*,*,#1832,.T.);
#1832 = EDGE_CURVE('',#1805,#1833,#1835,.T.);
#1833 = VERTEX_POINT('',#1834);
#1834 = CARTESIAN_POINT('',(76.,30.2304473783,-140.5685424949));
#1835 = SURFACE_CURVE('',#1836,(#1840,#1847),.PCURVE_S1.);
#1836 = LINE('',#1837,#1838);
#1837 = CARTESIAN_POINT('',(67.25,24.043263042917,-134.3813581595));
#1838 = VECTOR('',#1839,1.);
#1839 = DIRECTION('',(-0.707106781187,-0.5,0.5));
#1840 = PCURVE('',#44,#1841);
#1841 = DEFINITIONAL_REPRESENTATION('',(#1842),#1846);
#1842 = LINE('',#1843,#1844);
#1843 = CARTESIAN_POINT('',(36.75,66.25));
#1844 = VECTOR('',#1845,1.);
#1845 = DIRECTION('',(0.707106781187,-0.707106781187));
#1846 = ( GEOMETRIC_REPRESENTATION_CONTEXT(2) 
PARAMETRIC_REPRESENTATION_CONTEXT() REPRESENTATION_CONTEXT('2D SPACE',''
  ) );
#1847 = PCURVE('',#1848,#1853);
#1848 = PLANE('',#1849);
#1849 = AXIS2_PLACEMENT_3D('',#1850,#1851,#1852);
#1850 = CARTESIAN_POINT('',(82.,38.715728752538,-140.5685424949));
#1851 = DIRECTION('',(-0.707106781187,0.5,-0.5));
#1852 = DIRECTION('',(-0.707106781187,-0.5,0.5));
#1853 = DEFINITIONAL_REPRESENTATION('',(#1854),#1858);
#1854 = LINE('',#1855,#1856);
#1855 = CARTESIAN_POINT('',(20.859650045003,-6.));
#1856 = VECTOR('',#1857,1.);
#1857 = DIRECTION('',(1.,0.));
#1858 = ( GEOMETRIC_REPRESENTATION_CONTEXT(2) 
PARAMETRIC_REPRESENTATION_CONTEXT() REPRESENTATION_CONTEXT('2D SPACE',''
  ) );
#1859 = ORIENTED_EDGE('',*,*,#1860,.T.);
#1860 = EDGE_CURVE('',#1833,#1861,#1863,.T.);
#1861 = VERTEX_POINT('',#1862);
#1862 = CARTESIAN_POINT('',(72.,30.2304473783,-140.5685424949));
#1863 = SURFACE_CURVE('',#1864,(#1868,#1875),.PCURVE_S1.);
#1864 = LINE('',#1865,#1866);
#1865 = CARTESIAN_POINT('',(38.5,30.2304473783,-140.5685424949));
#1866 = VECTOR('',#1867,1.);
#1867 = DIRECTION('',(-1.,0.,0.));
#1868 = PCURVE('',#44,#1869);
#1869 = DEFINITIONAL_REPRESENTATION('',(#1870),#1874);
#1870 = LINE('',#1871,#1872);
#1871 = CARTESIAN_POINT('',(28.,37.5));
#1872 = VECTOR('',#1873,1.);
#1873 = DIRECTION('',(0.,-1.));
#1874 = ( GEOMETRIC_REPRESENTATION_CONTEXT(2) 
PARAMETRIC_REPRESENTATION_CONTEXT() REPRESENTATION_CONTEXT('2D SPACE',''
  ) );
#1875 = PCURVE('',#1876,#1881);
#1876 = PLANE('',#1877);
#1877 = AXIS2_PLACEMENT_3D('',#1878,#1879,#1880);
#1878 = CARTESIAN_POINT('',(76.,34.473088065419,-136.3259018078));
#1879 = DIRECTION('',(-0.,0.707106781187,-0.707106781187));
#1880 = DIRECTION('',(-1.,0.,0.));
#1881 = DEFINITIONAL_REPRESENTATION('',(#1882),#1886);
#1882 = LINE('',#1883,#1884);
#1883 = CARTESIAN_POINT('',(37.5,-6.));
#1884 = VECTOR('',#1885,1.);
#1885 = DIRECTION('',(1.,0.));
#1886 = ( GEOMETRIC_REPRESENTATION_CONTEXT(2) 
PARAMETRIC_REPRESENTATION_CONTEXT() REPRESENTATION_CONTEXT('2D SPACE',''
  ) );
#1887 = ORIENTED_EDGE('',*,*,#1888,.T.);
#1888 = EDGE_CURVE('',#1861,#1747,#1889,.T.);
#1889 = SURFACE_CURVE('',#1890,(#1894,#1901),.PCURVE_S1.);
#1890 = LINE('',#1891,#1892);
#1891 = CARTESIAN_POINT('',(47.25,47.731340212667,-158.0694353292));
#1892 = VECTOR('',#1893,1.);
#1893 = DIRECTION('',(-0.707106781187,0.5,-0.5));
#1894 = PCURVE('',#44,#1895);
#1895 = DEFINITIONAL_REPRESENTATION('',(#1896),#1900);
#1896 = LINE('',#1897,#1898);
#1897 = CARTESIAN_POINT('',(3.25,46.25));
#1898 = VECTOR('',#1899,1.);
#1899 = DIRECTION('',(-0.707106781187,-0.707106781187));
#1900 = ( GEOMETRIC_REPRESENTATION_CONTEXT(2) 
PARAMETRIC_REPRESENTATION_CONTEXT() REPRESENTATION_CONTEXT('2D SPACE',''
  ) );
#1901 = PCURVE('',#1902,#1907);
#1902 = PLANE('',#1903);
#1903 = AXIS2_PLACEMENT_3D('',#1904,#1905,#1906);
#1904 = CARTESIAN_POINT('',(72.,34.473088065419,-136.3259018078));
#1905 = DIRECTION('',(0.707106781187,0.5,-0.5));
#1906 = DIRECTION('',(-0.707106781187,0.5,-0.5));
#1907 = DEFINITIONAL_REPRESENTATION('',(#1908),#1912);
#1908 = LINE('',#1909,#1910);
#1909 = CARTESIAN_POINT('',(35.001785668734,-6.));
#1910 = VECTOR('',#1911,1.);
#1911 = DIRECTION('',(1.,0.));
#1912 = ( GEOMETRIC_REPRESENTATION_CONTEXT(2) 
PARAMETRIC_REPRESENTATION_CONTEXT() REPRESENTATION_CONTEXT('2D SPACE',''
  ) );
#1913 = FACE_BOUND('',#1914,.F.);
#1914 = EDGE_LOOP('',(#1915,#1945,#1973,#2001,#2029,#2057));
#1915 = ORIENTED_EDGE('',*,*,#1916,.T.);
#1916 = EDGE_CURVE('',#1917,#1919,#1921,.T.);
#1917 = VERTEX_POINT('',#1918);
#1918 = CARTESIAN_POINT('',(110.,34.473088065419,-144.811183182));
#1919 = VERTEX_POINT('',#1920);
#1920 = CARTESIAN_POINT('',(110.,42.958369439657,-153.2964645562));
#1921 = SURFACE_CURVE('',#1922,(#1926,#1933),.PCURVE_S1.);
#1922 = LINE('',#1923,#1924);
#1923 = CARTESIAN_POINT('',(110.,42.251262658471,-152.589357775));
#1924 = VECTOR('',#1925,1.);
#1925 = DIRECTION('',(0.,0.707106781187,-0.707106781187));
#1926 = PCURVE('',#44,#1927);
#1927 = DEFINITIONAL_REPRESENTATION('',(#1928),#1932);
#1928 = LINE('',#1929,#1930);
#1929 = CARTESIAN_POINT('',(11.,109.));
#1930 = VECTOR('',#1931,1.);
#1931 = DIRECTION('',(-1.,0.));
#1932 = ( GEOMETRIC_REPRESENTATION_CONTEXT(2) 
PARAMETRIC_REPRESENTATION_CONTEXT() REPRESENTATION_CONTEXT('2D SPACE',''
  ) );
#1933 = PCURVE('',#1934,#1939);
#1934 = PLANE('',#1935);
#1935 = AXIS2_PLACEMENT_3D('',#1936,#1937,#1938);
#1936 = CARTESIAN_POINT('',(110.,38.715728752538,-140.5685424949));
#1937 = DIRECTION('',(1.,0.,0.));
#1938 = DIRECTION('',(0.,0.707106781187,-0.707106781187));
#1939 = DEFINITIONAL_REPRESENTATION('',(#1940),#1944);
#1940 = LINE('',#1941,#1942);
#1941 = CARTESIAN_POINT('',(11.,-6.));
#1942 = VECTOR('',#1943,1.);
#1943 = DIRECTION('',(1.,0.));
#1944 = ( GEOMETRIC_REPRESENTATION_CONTEXT(2) 
PARAMETRIC_REPRESENTATION_CONTEXT() REPRESENTATION_CONTEXT('2D SPACE',''
  ) );
#1945 = ORIENTED_EDGE('',*,*,#1946,.T.);
#1946 = EDGE_CURVE('',#1919,#1947,#1949,.T.);
#1947 = VERTEX_POINT('',#1948);
#1948 = CARTESIAN_POINT('',(126.,42.958369439657,-153.2964645562));
#1949 = SURFACE_CURVE('',#1950,(#1954,#1961),.PCURVE_S1.);
#1950 = LINE('',#1951,#1952);
#1951 = CARTESIAN_POINT('',(55.5,42.958369439657,-153.2964645562));
#1952 = VECTOR('',#1953,1.);
#1953 = DIRECTION('',(1.,0.,0.));
#1954 = PCURVE('',#44,#1955);
#1955 = DEFINITIONAL_REPRESENTATION('',(#1956),#1960);
#1956 = LINE('',#1957,#1958);
#1957 = CARTESIAN_POINT('',(10.,54.5));
#1958 = VECTOR('',#1959,1.);
#1959 = DIRECTION('',(0.,1.));
#1960 = ( GEOMETRIC_REPRESENTATION_CONTEXT(2) 
PARAMETRIC_REPRESENTATION_CONTEXT() REPRESENTATION_CONTEXT('2D SPACE',''
  ) );
#1961 = PCURVE('',#1962,#1967);
#1962 = PLANE('',#1963);
#1963 = AXIS2_PLACEMENT_3D('',#1964,#1965,#1966);
#1964 = CARTESIAN_POINT('',(110.,47.201010126777,-149.0538238691));
#1965 = DIRECTION('',(0.,-0.707106781187,0.707106781187));
#1966 = DIRECTION('',(1.,0.,0.));
#1967 = DEFINITIONAL_REPRESENTATION('',(#1968),#1972);
#1968 = LINE('',#1969,#1970);
#1969 = CARTESIAN_POINT('',(-54.5,-6.));
#1970 = VECTOR('',#1971,1.);
#1971 = DIRECTION('',(1.,0.));
#1972 = ( GEOMETRIC_REPRESENTATION_CONTEXT(2) 
PARAMETRIC_REPRESENTATION_CONTEXT() REPRESENTATION_CONTEXT('2D SPACE',''
  ) );
#1973 = ORIENTED_EDGE('',*,*,#1974,.T.);
#1974 = EDGE_CURVE('',#1947,#1975,#1977,.T.);
#1975 = VERTEX_POINT('',#1976);
#1976 = CARTESIAN_POINT('',(126.,34.473088065419,-144.811183182));
#1977 = SURFACE_CURVE('',#1978,(#1982,#1989),.PCURVE_S1.);
#1978 = LINE('',#1979,#1980);
#1979 = CARTESIAN_POINT('',(126.,46.49390334559,-156.8319984622));
#1980 = VECTOR('',#1981,1.);
#1981 = DIRECTION('',(0.,-0.707106781187,0.707106781187));
#1982 = PCURVE('',#44,#1983);
#1983 = DEFINITIONAL_REPRESENTATION('',(#1984),#1988);
#1984 = LINE('',#1985,#1986);
#1985 = CARTESIAN_POINT('',(5.,125.));
#1986 = VECTOR('',#1987,1.);
#1987 = DIRECTION('',(1.,0.));
#1988 = ( GEOMETRIC_REPRESENTATION_CONTEXT(2) 
PARAMETRIC_REPRESENTATION_CONTEXT() REPRESENTATION_CONTEXT('2D SPACE',''
  ) );
#1989 = PCURVE('',#1990,#1995);
#1990 = PLANE('',#1991);
#1991 = AXIS2_PLACEMENT_3D('',#1992,#1993,#1994);
#1992 = CARTESIAN_POINT('',(126.,47.201010126777,-149.0538238691));
#1993 = DIRECTION('',(-1.,0.,0.));
#1994 = DIRECTION('',(0.,-0.707106781187,0.707106781187));
#1995 = DEFINITIONAL_REPRESENTATION('',(#1996),#2000);
#1996 = LINE('',#1997,#1998);
#1997 = CARTESIAN_POINT('',(-5.,-6.));
#1998 = VECTOR('',#1999,1.);
#1999 = DIRECTION('',(1.,0.));
#2000 = ( GEOMETRIC_REPRESENTATION_CONTEXT(2) 
PARAMETRIC_REPRESENTATION_CONTEXT() REPRESENTATION_CONTEXT('2D SPACE',''
  ) );
#2001 = ORIENTED_EDGE('',*,*,#2002,.T.);
#2002 = EDGE_CURVE('',#1975,#2003,#2005,.T.);
#2003 = VERTEX_POINT('',#2004);
#2004 = CARTESIAN_POINT('',(120.,30.2304473783,-140.5685424949));
#2005 = SURFACE_CURVE('',#2006,(#2010,#2017),.PCURVE_S1.);
#2006 = LINE('',#2007,#2008);
#2007 = CARTESIAN_POINT('',(100.25,16.265088449865,-126.6031835664));
#2008 = VECTOR('',#2009,1.);
#2009 = DIRECTION('',(-0.707106781187,-0.5,0.5));
#2010 = PCURVE('',#44,#2011);
#2011 = DEFINITIONAL_REPRESENTATION('',(#2012),#2016);
#2012 = LINE('',#2013,#2014);
#2013 = CARTESIAN_POINT('',(47.75,99.25));
#2014 = VECTOR('',#2015,1.);
#2015 = DIRECTION('',(0.707106781187,-0.707106781187));
#2016 = ( GEOMETRIC_REPRESENTATION_CONTEXT(2) 
PARAMETRIC_REPRESENTATION_CONTEXT() REPRESENTATION_CONTEXT('2D SPACE',''
  ) );
#2017 = PCURVE('',#2018,#2023);
#2018 = PLANE('',#2019);
#2019 = AXIS2_PLACEMENT_3D('',#2020,#2021,#2022);
#2020 = CARTESIAN_POINT('',(126.,38.715728752538,-140.5685424949));
#2021 = DIRECTION('',(-0.707106781187,0.5,-0.5));
#2022 = DIRECTION('',(-0.707106781187,-0.5,0.5));
#2023 = DEFINITIONAL_REPRESENTATION('',(#2024),#2028);
#2024 = LINE('',#2025,#2026);
#2025 = CARTESIAN_POINT('',(36.415999231107,-6.));
#2026 = VECTOR('',#2027,1.);
#2027 = DIRECTION('',(1.,0.));
#2028 = ( GEOMETRIC_REPRESENTATION_CONTEXT(2) 
PARAMETRIC_REPRESENTATION_CONTEXT() REPRESENTATION_CONTEXT('2D SPACE',''
  ) );
#2029 = ORIENTED_EDGE('',*,*,#2030,.T.);
#2030 = EDGE_CURVE('',#2003,#2031,#2033,.T.);
#2031 = VERTEX_POINT('',#2032);
#2032 = CARTESIAN_POINT('',(116.,30.2304473783,-140.5685424949));
#2033 = SURFACE_CURVE('',#2034,(#2038,#2045),.PCURVE_S1.);
#2034 = LINE('',#2035,#2036);
#2035 = CARTESIAN_POINT('',(60.5,30.2304473783,-140.5685424949));
#2036 = VECTOR('',#2037,1.);
#2037 = DIRECTION('',(-1.,0.,0.));
#2038 = PCURVE('',#44,#2039);
#2039 = DEFINITIONAL_REPRESENTATION('',(#2040),#2044);
#2040 = LINE('',#2041,#2042);
#2041 = CARTESIAN_POINT('',(28.,59.5));
#2042 = VECTOR('',#2043,1.);
#2043 = DIRECTION('',(0.,-1.));
#2044 = ( GEOMETRIC_REPRESENTATION_CONTEXT(2) 
PARAMETRIC_REPRESENTATION_CONTEXT() REPRESENTATION_CONTEXT('2D SPACE',''
  ) );
#2045 = PCURVE('',#2046,#2051);
#2046 = PLANE('',#2047);
#2047 = AXIS2_PLACEMENT_3D('',#2048,#2049,#2050);
#2048 = CARTESIAN_POINT('',(120.,34.473088065419,-136.3259018078));
#2049 = DIRECTION('',(-0.,0.707106781187,-0.707106781187));
#2050 = DIRECTION('',(-1.,0.,0.));
#2051 = DEFINITIONAL_REPRESENTATION('',(#2052),#2056);
#2052 = LINE('',#2053,#2054);
#2053 = CARTESIAN_POINT('',(59.5,-6.));
#2054 = VECTOR('',#2055,1.);
#2055 = DIRECTION('',(1.,0.));
#2056 = ( GEOMETRIC_REPRESENTATION_CONTEXT(2) 
PARAMETRIC_REPRESENTATION_CONTEXT() REPRESENTATION_CONTEXT('2D SPACE',''
  ) );
#2057 = ORIENTED_EDGE('',*,*,#2058,.T.);
#2058 = EDGE_CURVE('',#2031,#1917,#2059,.T.);
#2059 = SURFACE_CURVE('',#2060,(#2064,#2071),.PCURVE_S1.);
#2060 = LINE('',#2061,#2062);
#2061 = CARTESIAN_POINT('',(80.25,55.509514805719,-165.8476099223));
#2062 = VECTOR('',#2063,1.);
#2063 = DIRECTION('',(-0.707106781187,0.5,-0.5));
#2064 = PCURVE('',#44,#2065);
#2065 = DEFINITIONAL_REPRESENTATION('',(#2066),#2070);
#2066 = LINE('',#2067,#2068);
#2067 = CARTESIAN_POINT('',(-7.75,79.25));
#2068 = VECTOR('',#2069,1.);
#2069 = DIRECTION('',(-0.707106781187,-0.707106781187));
#2070 = ( GEOMETRIC_REPRESENTATION_CONTEXT(2) 
PARAMETRIC_REPRESENTATION_CONTEXT() REPRESENTATION_CONTEXT('2D SPACE',''
  ) );
#2071 = PCURVE('',#2072,#2077);
#2072 = PLANE('',#2073);
#2073 = AXIS2_PLACEMENT_3D('',#2074,#2075,#2076);
#2074 = CARTESIAN_POINT('',(116.,34.473088065419,-136.3259018078));
#2075 = DIRECTION('',(0.707106781187,0.5,-0.5));
#2076 = DIRECTION('',(-0.707106781187,0.5,-0.5));
#2077 = DEFINITIONAL_REPRESENTATION('',(#2078),#2082);
#2078 = LINE('',#2079,#2080);
#2079 = CARTESIAN_POINT('',(50.558134854838,-6.));
#2080 = VECTOR('',#2081,1.);
#2081 = DIRECTION('',(1.,0.));
#2082 = ( GEOMETRIC_REPRESENTATION_CONTEXT(2) 
PARAMETRIC_REPRESENTATION_CONTEXT() REPRESENTATION_CONTEXT('2D SPACE',''
  ) );
#2083 = ADVANCED_FACE('',(#2084,#2198,#2312,#2426,#2540,#2654,#2768,
    #2882,#2991,#3100,#3367,#3476,#3585,#3699,#3808,#3917,#4031,#4140,
    #4249,#4363,#4477),#72,.F.);
#2084 = FACE_BOUND('',#2085,.F.);
#2085 = EDGE_LOOP('',(#2086,#2116,#2144,#2172));
#2086 = ORIENTED_EDGE('',*,*,#2087,.T.);
#2087 = EDGE_CURVE('',#2088,#2090,#2092,.T.);
#2088 = VERTEX_POINT('',#2089);
#2089 = CARTESIAN_POINT('',(19.,126.39696961967,-84.));
#2090 = VERTEX_POINT('',#2091);
#2091 = CARTESIAN_POINT('',(69.,126.39696961967,-84.));
#2092 = SURFACE_CURVE('',#2093,(#2097,#2104),.PCURVE_S1.);
#2093 = LINE('',#2094,#2095);
#2094 = CARTESIAN_POINT('',(8.,126.39696961967,-84.));
#2095 = VECTOR('',#2096,1.);
#2096 = DIRECTION('',(1.,0.,0.));
#2097 = PCURVE('',#72,#2098);
#2098 = DEFINITIONAL_REPRESENTATION('',(#2099),#2103);
#2099 = LINE('',#2100,#2101);
#2100 = CARTESIAN_POINT('',(7.,108.));
#2101 = VECTOR('',#2102,1.);
#2102 = DIRECTION('',(1.,0.));
#2103 = ( GEOMETRIC_REPRESENTATION_CONTEXT(2) 
PARAMETRIC_REPRESENTATION_CONTEXT() REPRESENTATION_CONTEXT('2D SPACE',''
  ) );
#2104 = PCURVE('',#2105,#2110);
#2105 = PLANE('',#2106);
#2106 = AXIS2_PLACEMENT_3D('',#2107,#2108,#2109);
#2107 = CARTESIAN_POINT('',(8.,126.39696961967,-84.));
#2108 = DIRECTION('',(0.,0.707106781187,0.707106781187));
#2109 = DIRECTION('',(0.,-0.707106781187,0.707106781187));
#2110 = DEFINITIONAL_REPRESENTATION('',(#2111),#2115);
#2111 = LINE('',#2112,#2113);
#2112 = CARTESIAN_POINT('',(0.,0.));
#2113 = VECTOR('',#2114,1.);
#2114 = DIRECTION('',(0.,1.));
#2115 = ( GEOMETRIC_REPRESENTATION_CONTEXT(2) 
PARAMETRIC_REPRESENTATION_CONTEXT() REPRESENTATION_CONTEXT('2D SPACE',''
  ) );
#2116 = ORIENTED_EDGE('',*,*,#2117,.F.);
#2117 = EDGE_CURVE('',#2118,#2090,#2120,.T.);
#2118 = VERTEX_POINT('',#2119);
#2119 = CARTESIAN_POINT('',(69.,119.60874452027,-90.78822509939));
#2120 = SURFACE_CURVE('',#2121,(#2125,#2132),.PCURVE_S1.);
#2121 = LINE('',#2122,#2123);
#2122 = CARTESIAN_POINT('',(69.,50.029437251523,-160.3675323681));
#2123 = VECTOR('',#2124,1.);
#2124 = DIRECTION('',(0.,0.707106781187,0.707106781187));
#2125 = PCURVE('',#72,#2126);
#2126 = DEFINITIONAL_REPRESENTATION('',(#2127),#2131);
#2127 = LINE('',#2128,#2129);
#2128 = CARTESIAN_POINT('',(68.,0.));
#2129 = VECTOR('',#2130,1.);
#2130 = DIRECTION('',(0.,1.));
#2131 = ( GEOMETRIC_REPRESENTATION_CONTEXT(2) 
PARAMETRIC_REPRESENTATION_CONTEXT() REPRESENTATION_CONTEXT('2D SPACE',''
  ) );
#2132 = PCURVE('',#2133,#2138);
#2133 = PLANE('',#2134);
#2134 = AXIS2_PLACEMENT_3D('',#2135,#2136,#2137);
#2135 = CARTESIAN_POINT('',(69.,50.029437251523,-160.3675323681));
#2136 = DIRECTION('',(1.,0.,0.));
#2137 = DIRECTION('',(0.,-0.707106781187,0.707106781187));
#2138 = DEFINITIONAL_REPRESENTATION('',(#2139),#2143);
#2139 = LINE('',#2140,#2141);
#2140 = CARTESIAN_POINT('',(0.,0.));
#2141 = VECTOR('',#2142,1.);
#2142 = DIRECTION('',(0.,-1.));
#2143 = ( GEOMETRIC_REPRESENTATION_CONTEXT(2) 
PARAMETRIC_REPRESENTATION_CONTEXT() REPRESENTATION_CONTEXT('2D SPACE',''
  ) );
#2144 = ORIENTED_EDGE('',*,*,#2145,.F.);
#2145 = EDGE_CURVE('',#2146,#2118,#2148,.T.);
#2146 = VERTEX_POINT('',#2147);
#2147 = CARTESIAN_POINT('',(19.,119.60874452027,-90.78822509939));
#2148 = SURFACE_CURVE('',#2149,(#2153,#2160),.PCURVE_S1.);
#2149 = LINE('',#2150,#2151);
#2150 = CARTESIAN_POINT('',(8.,119.60874452027,-90.78822509939));
#2151 = VECTOR('',#2152,1.);
#2152 = DIRECTION('',(1.,0.,0.));
#2153 = PCURVE('',#72,#2154);
#2154 = DEFINITIONAL_REPRESENTATION('',(#2155),#2159);
#2155 = LINE('',#2156,#2157);
#2156 = CARTESIAN_POINT('',(7.,98.4));
#2157 = VECTOR('',#2158,1.);
#2158 = DIRECTION('',(1.,0.));
#2159 = ( GEOMETRIC_REPRESENTATION_CONTEXT(2) 
PARAMETRIC_REPRESENTATION_CONTEXT() REPRESENTATION_CONTEXT('2D SPACE',''
  ) );
#2160 = PCURVE('',#2161,#2166);
#2161 = PLANE('',#2162);
#2162 = AXIS2_PLACEMENT_3D('',#2163,#2164,#2165);
#2163 = CARTESIAN_POINT('',(8.,119.60874452027,-90.78822509939));
#2164 = DIRECTION('',(0.,0.707106781187,0.707106781187));
#2165 = DIRECTION('',(0.,-0.707106781187,0.707106781187));
#2166 = DEFINITIONAL_REPRESENTATION('',(#2167),#2171);
#2167 = LINE('',#2168,#2169);
#2168 = CARTESIAN_POINT('',(0.,0.));
#2169 = VECTOR('',#2170,1.);
#2170 = DIRECTION('',(0.,1.));
#2171 = ( GEOMETRIC_REPRESENTATION_CONTEXT(2) 
PARAMETRIC_REPRESENTATION_CONTEXT() REPRESENTATION_CONTEXT('2D SPACE',''
  ) );
#2172 = ORIENTED_EDGE('',*,*,#2173,.T.);
#2173 = EDGE_CURVE('',#2146,#2088,#2174,.T.);
#2174 = SURFACE_CURVE('',#2175,(#2179,#2186),.PCURVE_S1.);
#2175 = LINE('',#2176,#2177);
#2176 = CARTESIAN_POINT('',(19.,50.029437251523,-160.3675323681));
#2177 = VECTOR('',#2178,1.);
#2178 = DIRECTION('',(0.,0.707106781187,0.707106781187));
#2179 = PCURVE('',#72,#2180);
#2180 = DEFINITIONAL_REPRESENTATION('',(#2181),#2185);
#2181 = LINE('',#2182,#2183);
#2182 = CARTESIAN_POINT('',(18.,0.));
#2183 = VECTOR('',#2184,1.);
#2184 = DIRECTION('',(0.,1.));
#2185 = ( GEOMETRIC_REPRESENTATION_CONTEXT(2) 
PARAMETRIC_REPRESENTATION_CONTEXT() REPRESENTATION_CONTEXT('2D SPACE',''
  ) );
#2186 = PCURVE('',#2187,#2192);
#2187 = PLANE('',#2188);
#2188 = AXIS2_PLACEMENT_3D('',#2189,#2190,#2191);
#2189 = CARTESIAN_POINT('',(19.,50.029437251523,-160.3675323681));
#2190 = DIRECTION('',(1.,0.,0.));
#2191 = DIRECTION('',(0.,-0.707106781187,0.707106781187));
#2192 = DEFINITIONAL_REPRESENTATION('',(#2193),#2197);
#2193 = LINE('',#2194,#2195);
#2194 = CARTESIAN_POINT('',(0.,0.));
#2195 = VECTOR('',#2196,1.);
#2196 = DIRECTION('',(0.,-1.));
#2197 = ( GEOMETRIC_REPRESENTATION_CONTEXT(2) 
PARAMETRIC_REPRESENTATION_CONTEXT() REPRESENTATION_CONTEXT('2D SPACE',''
  ) );
#2198 = FACE_BOUND('',#2199,.F.);
#2199 = EDGE_LOOP('',(#2200,#2230,#2258,#2286));
#2200 = ORIENTED_EDGE('',*,*,#2201,.T.);
#2201 = EDGE_CURVE('',#2202,#2204,#2206,.T.);
#2202 = VERTEX_POINT('',#2203);
#2203 = CARTESIAN_POINT('',(19.,117.91168824543,-92.48528137423));
#2204 = VERTEX_POINT('',#2205);
#2205 = CARTESIAN_POINT('',(69.,117.91168824543,-92.48528137423));
#2206 = SURFACE_CURVE('',#2207,(#2211,#2218),.PCURVE_S1.);
#2207 = LINE('',#2208,#2209);
#2208 = CARTESIAN_POINT('',(8.,117.91168824543,-92.48528137423));
#2209 = VECTOR('',#2210,1.);
#2210 = DIRECTION('',(1.,0.,0.));
#2211 = PCURVE('',#72,#2212);
#2212 = DEFINITIONAL_REPRESENTATION('',(#2213),#2217);
#2213 = LINE('',#2214,#2215);
#2214 = CARTESIAN_POINT('',(7.,96.));
#2215 = VECTOR('',#2216,1.);
#2216 = DIRECTION('',(1.,0.));
#2217 = ( GEOMETRIC_REPRESENTATION_CONTEXT(2) 
PARAMETRIC_REPRESENTATION_CONTEXT() REPRESENTATION_CONTEXT('2D SPACE',''
  ) );
#2218 = PCURVE('',#2219,#2224);
#2219 = PLANE('',#2220);
#2220 = AXIS2_PLACEMENT_3D('',#2221,#2222,#2223);
#2221 = CARTESIAN_POINT('',(8.,117.91168824543,-92.48528137423));
#2222 = DIRECTION('',(0.,0.707106781187,0.707106781187));
#2223 = DIRECTION('',(0.,-0.707106781187,0.707106781187));
#2224 = DEFINITIONAL_REPRESENTATION('',(#2225),#2229);
#2225 = LINE('',#2226,#2227);
#2226 = CARTESIAN_POINT('',(0.,0.));
#2227 = VECTOR('',#2228,1.);
#2228 = DIRECTION('',(0.,1.));
#2229 = ( GEOMETRIC_REPRESENTATION_CONTEXT(2) 
PARAMETRIC_REPRESENTATION_CONTEXT() REPRESENTATION_CONTEXT('2D SPACE',''
  ) );
#2230 = ORIENTED_EDGE('',*,*,#2231,.F.);
#2231 = EDGE_CURVE('',#2232,#2204,#2234,.T.);
#2232 = VERTEX_POINT('',#2233);
#2233 = CARTESIAN_POINT('',(69.,111.12346314604,-99.27350647362));
#2234 = SURFACE_CURVE('',#2235,(#2239,#2246),.PCURVE_S1.);
#2235 = LINE('',#2236,#2237);
#2236 = CARTESIAN_POINT('',(69.,50.029437251523,-160.3675323681));
#2237 = VECTOR('',#2238,1.);
#2238 = DIRECTION('',(0.,0.707106781187,0.707106781187));
#2239 = PCURVE('',#72,#2240);
#2240 = DEFINITIONAL_REPRESENTATION('',(#2241),#2245);
#2241 = LINE('',#2242,#2243);
#2242 = CARTESIAN_POINT('',(68.,0.));
#2243 = VECTOR('',#2244,1.);
#2244 = DIRECTION('',(0.,1.));
#2245 = ( GEOMETRIC_REPRESENTATION_CONTEXT(2) 
PARAMETRIC_REPRESENTATION_CONTEXT() REPRESENTATION_CONTEXT('2D SPACE',''
  ) );
#2246 = PCURVE('',#2247,#2252);
#2247 = PLANE('',#2248);
#2248 = AXIS2_PLACEMENT_3D('',#2249,#2250,#2251);
#2249 = CARTESIAN_POINT('',(69.,50.029437251523,-160.3675323681));
#2250 = DIRECTION('',(1.,0.,0.));
#2251 = DIRECTION('',(0.,-0.707106781187,0.707106781187));
#2252 = DEFINITIONAL_REPRESENTATION('',(#2253),#2257);
#2253 = LINE('',#2254,#2255);
#2254 = CARTESIAN_POINT('',(0.,0.));
#2255 = VECTOR('',#2256,1.);
#2256 = DIRECTION('',(0.,-1.));
#2257 = ( GEOMETRIC_REPRESENTATION_CONTEXT(2) 
PARAMETRIC_REPRESENTATION_CONTEXT() REPRESENTATION_CONTEXT('2D SPACE',''
  ) );
#2258 = ORIENTED_EDGE('',*,*,#2259,.F.);
#2259 = EDGE_CURVE('',#2260,#2232,#2262,.T.);
#2260 = VERTEX_POINT('',#2261);
#2261 = CARTESIAN_POINT('',(19.,111.12346314604,-99.27350647362));
#2262 = SURFACE_CURVE('',#2263,(#2267,#2274),.PCURVE_S1.);
#2263 = LINE('',#2264,#2265);
#2264 = CARTESIAN_POINT('',(8.,111.12346314604,-99.27350647362));
#2265 = VECTOR('',#2266,1.);
#2266 = DIRECTION('',(1.,0.,0.));
#2267 = PCURVE('',#72,#2268);
#2268 = DEFINITIONAL_REPRESENTATION('',(#2269),#2273);
#2269 = LINE('',#2270,#2271);
#2270 = CARTESIAN_POINT('',(7.,86.4));
#2271 = VECTOR('',#2272,1.);
#2272 = DIRECTION('',(1.,0.));
#2273 = ( GEOMETRIC_REPRESENTATION_CONTEXT(2) 
PARAMETRIC_REPRESENTATION_CONTEXT() REPRESENTATION_CONTEXT('2D SPACE',''
  ) );
#2274 = PCURVE('',#2275,#2280);
#2275 = PLANE('',#2276);
#2276 = AXIS2_PLACEMENT_3D('',#2277,#2278,#2279);
#2277 = CARTESIAN_POINT('',(8.,111.12346314604,-99.27350647362));
#2278 = DIRECTION('',(0.,0.707106781187,0.707106781187));
#2279 = DIRECTION('',(0.,-0.707106781187,0.707106781187));
#2280 = DEFINITIONAL_REPRESENTATION('',(#2281),#2285);
#2281 = LINE('',#2282,#2283);
#2282 = CARTESIAN_POINT('',(0.,0.));
#2283 = VECTOR('',#2284,1.);
#2284 = DIRECTION('',(0.,1.));
#2285 = ( GEOMETRIC_REPRESENTATION_CONTEXT(2) 
PARAMETRIC_REPRESENTATION_CONTEXT() REPRESENTATION_CONTEXT('2D SPACE',''
  ) );
#2286 = ORIENTED_EDGE('',*,*,#2287,.T.);
#2287 = EDGE_CURVE('',#2260,#2202,#2288,.T.);
#2288 = SURFACE_CURVE('',#2289,(#2293,#2300),.PCURVE_S1.);
#2289 = LINE('',#2290,#2291);
#2290 = CARTESIAN_POINT('',(19.,50.029437251523,-160.3675323681));
#2291 = VECTOR('',#2292,1.);
#2292 = DIRECTION('',(0.,0.707106781187,0.707106781187));
#2293 = PCURVE('',#72,#2294);
#2294 = DEFINITIONAL_REPRESENTATION('',(#2295),#2299);
#2295 = LINE('',#2296,#2297);
#2296 = CARTESIAN_POINT('',(18.,0.));
#2297 = VECTOR('',#2298,1.);
#2298 = DIRECTION('',(0.,1.));
#2299 = ( GEOMETRIC_REPRESENTATION_CONTEXT(2) 
PARAMETRIC_REPRESENTATION_CONTEXT() REPRESENTATION_CONTEXT('2D SPACE',''
  ) );
#2300 = PCURVE('',#2301,#2306);
#2301 = PLANE('',#2302);
#2302 = AXIS2_PLACEMENT_3D('',#2303,#2304,#2305);
#2303 = CARTESIAN_POINT('',(19.,50.029437251523,-160.3675323681));
#2304 = DIRECTION('',(1.,0.,0.));
#2305 = DIRECTION('',(0.,-0.707106781187,0.707106781187));
#2306 = DEFINITIONAL_REPRESENTATION('',(#2307),#2311);
#2307 = LINE('',#2308,#2309);
#2308 = CARTESIAN_POINT('',(0.,0.));
#2309 = VECTOR('',#2310,1.);
#2310 = DIRECTION('',(0.,-1.));
#2311 = ( GEOMETRIC_REPRESENTATION_CONTEXT(2) 
PARAMETRIC_REPRESENTATION_CONTEXT() REPRESENTATION_CONTEXT('2D SPACE',''
  ) );
#2312 = FACE_BOUND('',#2313,.F.);
#2313 = EDGE_LOOP('',(#2314,#2344,#2372,#2400));
#2314 = ORIENTED_EDGE('',*,*,#2315,.T.);
#2315 = EDGE_CURVE('',#2316,#2318,#2320,.T.);
#2316 = VERTEX_POINT('',#2317);
#2317 = CARTESIAN_POINT('',(19.,109.42640687119,-100.9705627484));
#2318 = VERTEX_POINT('',#2319);
#2319 = CARTESIAN_POINT('',(69.,109.42640687119,-100.9705627484));
#2320 = SURFACE_CURVE('',#2321,(#2325,#2332),.PCURVE_S1.);
#2321 = LINE('',#2322,#2323);
#2322 = CARTESIAN_POINT('',(8.,109.42640687119,-100.9705627484));
#2323 = VECTOR('',#2324,1.);
#2324 = DIRECTION('',(1.,0.,0.));
#2325 = PCURVE('',#72,#2326);
#2326 = DEFINITIONAL_REPRESENTATION('',(#2327),#2331);
#2327 = LINE('',#2328,#2329);
#2328 = CARTESIAN_POINT('',(7.,84.));
#2329 = VECTOR('',#2330,1.);
#2330 = DIRECTION('',(1.,0.));
#2331 = ( GEOMETRIC_REPRESENTATION_CONTEXT(2) 
PARAMETRIC_REPRESENTATION_CONTEXT() REPRESENTATION_CONTEXT('2D SPACE',''
  ) );
#2332 = PCURVE('',#2333,#2338);
#2333 = PLANE('',#2334);
#2334 = AXIS2_PLACEMENT_3D('',#2335,#2336,#2337);
#2335 = CARTESIAN_POINT('',(8.,109.42640687119,-100.9705627484));
#2336 = DIRECTION('',(0.,0.707106781187,0.707106781187));
#2337 = DIRECTION('',(0.,-0.707106781187,0.707106781187));
#2338 = DEFINITIONAL_REPRESENTATION('',(#2339),#2343);
#2339 = LINE('',#2340,#2341);
#2340 = CARTESIAN_POINT('',(0.,0.));
#2341 = VECTOR('',#2342,1.);
#2342 = DIRECTION('',(0.,1.));
#2343 = ( GEOMETRIC_REPRESENTATION_CONTEXT(2) 
PARAMETRIC_REPRESENTATION_CONTEXT() REPRESENTATION_CONTEXT('2D SPACE',''
  ) );
#2344 = ORIENTED_EDGE('',*,*,#2345,.F.);
#2345 = EDGE_CURVE('',#2346,#2318,#2348,.T.);
#2346 = VERTEX_POINT('',#2347);
#2347 = CARTESIAN_POINT('',(69.,102.6381817718,-107.7587878478));
#2348 = SURFACE_CURVE('',#2349,(#2353,#2360),.PCURVE_S1.);
#2349 = LINE('',#2350,#2351);
#2350 = CARTESIAN_POINT('',(69.,50.029437251523,-160.3675323681));
#2351 = VECTOR('',#2352,1.);
#2352 = DIRECTION('',(0.,0.707106781187,0.707106781187));
#2353 = PCURVE('',#72,#2354);
#2354 = DEFINITIONAL_REPRESENTATION('',(#2355),#2359);
#2355 = LINE('',#2356,#2357);
#2356 = CARTESIAN_POINT('',(68.,0.));
#2357 = VECTOR('',#2358,1.);
#2358 = DIRECTION('',(0.,1.));
#2359 = ( GEOMETRIC_REPRESENTATION_CONTEXT(2) 
PARAMETRIC_REPRESENTATION_CONTEXT() REPRESENTATION_CONTEXT('2D SPACE',''
  ) );
#2360 = PCURVE('',#2361,#2366);
#2361 = PLANE('',#2362);
#2362 = AXIS2_PLACEMENT_3D('',#2363,#2364,#2365);
#2363 = CARTESIAN_POINT('',(69.,50.029437251523,-160.3675323681));
#2364 = DIRECTION('',(1.,0.,0.));
#2365 = DIRECTION('',(0.,-0.707106781187,0.707106781187));
#2366 = DEFINITIONAL_REPRESENTATION('',(#2367),#2371);
#2367 = LINE('',#2368,#2369);
#2368 = CARTESIAN_POINT('',(0.,0.));
#2369 = VECTOR('',#2370,1.);
#2370 = DIRECTION('',(0.,-1.));
#2371 = ( GEOMETRIC_REPRESENTATION_CONTEXT(2) 
PARAMETRIC_REPRESENTATION_CONTEXT() REPRESENTATION_CONTEXT('2D SPACE',''
  ) );
#2372 = ORIENTED_EDGE('',*,*,#2373,.F.);
#2373 = EDGE_CURVE('',#2374,#2346,#2376,.T.);
#2374 = VERTEX_POINT('',#2375);
#2375 = CARTESIAN_POINT('',(19.,102.6381817718,-107.7587878478));
#2376 = SURFACE_CURVE('',#2377,(#2381,#2388),.PCURVE_S1.);
#2377 = LINE('',#2378,#2379);
#2378 = CARTESIAN_POINT('',(8.,102.6381817718,-107.7587878478));
#2379 = VECTOR('',#2380,1.);
#2380 = DIRECTION('',(1.,0.,0.));
#2381 = PCURVE('',#72,#2382);
#2382 = DEFINITIONAL_REPRESENTATION('',(#2383),#2387);
#2383 = LINE('',#2384,#2385);
#2384 = CARTESIAN_POINT('',(7.,74.4));
#2385 = VECTOR('',#2386,1.);
#2386 = DIRECTION('',(1.,0.));
#2387 = ( GEOMETRIC_REPRESENTATION_CONTEXT(2) 
PARAMETRIC_REPRESENTATION_CONTEXT() REPRESENTATION_CONTEXT('2D SPACE',''
  ) );
#2388 = PCURVE('',#2389,#2394);
#2389 = PLANE('',#2390);
#2390 = AXIS2_PLACEMENT_3D('',#2391,#2392,#2393);
#2391 = CARTESIAN_POINT('',(8.,102.6381817718,-107.7587878478));
#2392 = DIRECTION('',(0.,0.707106781187,0.707106781187));
#2393 = DIRECTION('',(0.,-0.707106781187,0.707106781187));
#2394 = DEFINITIONAL_REPRESENTATION('',(#2395),#2399);
#2395 = LINE('',#2396,#2397);
#2396 = CARTESIAN_POINT('',(0.,0.));
#2397 = VECTOR('',#2398,1.);
#2398 = DIRECTION('',(0.,1.));
#2399 = ( GEOMETRIC_REPRESENTATION_CONTEXT(2) 
PARAMETRIC_REPRESENTATION_CONTEXT() REPRESENTATION_CONTEXT('2D SPACE',''
  ) );
#2400 = ORIENTED_EDGE('',*,*,#2401,.T.);
#2401 = EDGE_CURVE('',#2374,#2316,#2402,.T.);
#2402 = SURFACE_CURVE('',#2403,(#2407,#2414),.PCURVE_S1.);
#2403 = LINE('',#2404,#2405);
#2404 = CARTESIAN_POINT('',(19.,50.029437251523,-160.3675323681));
#2405 = VECTOR('',#2406,1.);
#2406 = DIRECTION('',(0.,0.707106781187,0.707106781187));
#2407 = PCURVE('',#72,#2408);
#2408 = DEFINITIONAL_REPRESENTATION('',(#2409),#2413);
#2409 = LINE('',#2410,#2411);
#2410 = CARTESIAN_POINT('',(18.,0.));
#2411 = VECTOR('',#2412,1.);
#2412 = DIRECTION('',(0.,1.));
#2413 = ( GEOMETRIC_REPRESENTATION_CONTEXT(2) 
PARAMETRIC_REPRESENTATION_CONTEXT() REPRESENTATION_CONTEXT('2D SPACE',''
  ) );
#2414 = PCURVE('',#2415,#2420);
#2415 = PLANE('',#2416);
#2416 = AXIS2_PLACEMENT_3D('',#2417,#2418,#2419);
#2417 = CARTESIAN_POINT('',(19.,50.029437251523,-160.3675323681));
#2418 = DIRECTION('',(1.,0.,0.));
#2419 = DIRECTION('',(0.,-0.707106781187,0.707106781187));
#2420 = DEFINITIONAL_REPRESENTATION('',(#2421),#2425);
#2421 = LINE('',#2422,#2423);
#2422 = CARTESIAN_POINT('',(0.,0.));
#2423 = VECTOR('',#2424,1.);
#2424 = DIRECTION('',(0.,-1.));
#2425 = ( GEOMETRIC_REPRESENTATION_CONTEXT(2) 
PARAMETRIC_REPRESENTATION_CONTEXT() REPRESENTATION_CONTEXT('2D SPACE',''
  ) );
#2426 = FACE_BOUND('',#2427,.F.);
#2427 = EDGE_LOOP('',(#2428,#2458,#2486,#2514));
#2428 = ORIENTED_EDGE('',*,*,#2429,.T.);
#2429 = EDGE_CURVE('',#2430,#2432,#2434,.T.);
#2430 = VERTEX_POINT('',#2431);
#2431 = CARTESIAN_POINT('',(19.,100.94112549695,-109.4558441227));
#2432 = VERTEX_POINT('',#2433);
#2433 = CARTESIAN_POINT('',(69.,100.94112549695,-109.4558441227));
#2434 = SURFACE_CURVE('',#2435,(#2439,#2446),.PCURVE_S1.);
#2435 = LINE('',#2436,#2437);
#2436 = CARTESIAN_POINT('',(8.,100.94112549695,-109.4558441227));
#2437 = VECTOR('',#2438,1.);
#2438 = DIRECTION('',(1.,0.,0.));
#2439 = PCURVE('',#72,#2440);
#2440 = DEFINITIONAL_REPRESENTATION('',(#2441),#2445);
#2441 = LINE('',#2442,#2443);
#2442 = CARTESIAN_POINT('',(7.,72.));
#2443 = VECTOR('',#2444,1.);
#2444 = DIRECTION('',(1.,0.));
#2445 = ( GEOMETRIC_REPRESENTATION_CONTEXT(2) 
PARAMETRIC_REPRESENTATION_CONTEXT() REPRESENTATION_CONTEXT('2D SPACE',''
  ) );
#2446 = PCURVE('',#2447,#2452);
#2447 = PLANE('',#2448);
#2448 = AXIS2_PLACEMENT_3D('',#2449,#2450,#2451);
#2449 = CARTESIAN_POINT('',(8.,100.94112549695,-109.4558441227));
#2450 = DIRECTION('',(0.,0.707106781187,0.707106781187));
#2451 = DIRECTION('',(0.,-0.707106781187,0.707106781187));
#2452 = DEFINITIONAL_REPRESENTATION('',(#2453),#2457);
#2453 = LINE('',#2454,#2455);
#2454 = CARTESIAN_POINT('',(0.,0.));
#2455 = VECTOR('',#2456,1.);
#2456 = DIRECTION('',(0.,1.));
#2457 = ( GEOMETRIC_REPRESENTATION_CONTEXT(2) 
PARAMETRIC_REPRESENTATION_CONTEXT() REPRESENTATION_CONTEXT('2D SPACE',''
  ) );
#2458 = ORIENTED_EDGE('',*,*,#2459,.F.);
#2459 = EDGE_CURVE('',#2460,#2432,#2462,.T.);
#2460 = VERTEX_POINT('',#2461);
#2461 = CARTESIAN_POINT('',(69.,94.152900397563,-116.2440692221));
#2462 = SURFACE_CURVE('',#2463,(#2467,#2474),.PCURVE_S1.);
#2463 = LINE('',#2464,#2465);
#2464 = CARTESIAN_POINT('',(69.,50.029437251523,-160.3675323681));
#2465 = VECTOR('',#2466,1.);
#2466 = DIRECTION('',(0.,0.707106781187,0.707106781187));
#2467 = PCURVE('',#72,#2468);
#2468 = DEFINITIONAL_REPRESENTATION('',(#2469),#2473);
#2469 = LINE('',#2470,#2471);
#2470 = CARTESIAN_POINT('',(68.,0.));
#2471 = VECTOR('',#2472,1.);
#2472 = DIRECTION('',(0.,1.));
#2473 = ( GEOMETRIC_REPRESENTATION_CONTEXT(2) 
PARAMETRIC_REPRESENTATION_CONTEXT() REPRESENTATION_CONTEXT('2D SPACE',''
  ) );
#2474 = PCURVE('',#2475,#2480);
#2475 = PLANE('',#2476);
#2476 = AXIS2_PLACEMENT_3D('',#2477,#2478,#2479);
#2477 = CARTESIAN_POINT('',(69.,50.029437251523,-160.3675323681));
#2478 = DIRECTION('',(1.,0.,0.));
#2479 = DIRECTION('',(0.,-0.707106781187,0.707106781187));
#2480 = DEFINITIONAL_REPRESENTATION('',(#2481),#2485);
#2481 = LINE('',#2482,#2483);
#2482 = CARTESIAN_POINT('',(0.,0.));
#2483 = VECTOR('',#2484,1.);
#2484 = DIRECTION('',(0.,-1.));
#2485 = ( GEOMETRIC_REPRESENTATION_CONTEXT(2) 
PARAMETRIC_REPRESENTATION_CONTEXT() REPRESENTATION_CONTEXT('2D SPACE',''
  ) );
#2486 = ORIENTED_EDGE('',*,*,#2487,.F.);
#2487 = EDGE_CURVE('',#2488,#2460,#2490,.T.);
#2488 = VERTEX_POINT('',#2489);
#2489 = CARTESIAN_POINT('',(19.,94.152900397563,-116.2440692221));
#2490 = SURFACE_CURVE('',#2491,(#2495,#2502),.PCURVE_S1.);
#2491 = LINE('',#2492,#2493);
#2492 = CARTESIAN_POINT('',(8.,94.152900397563,-116.2440692221));
#2493 = VECTOR('',#2494,1.);
#2494 = DIRECTION('',(1.,0.,0.));
#2495 = PCURVE('',#72,#2496);
#2496 = DEFINITIONAL_REPRESENTATION('',(#2497),#2501);
#2497 = LINE('',#2498,#2499);
#2498 = CARTESIAN_POINT('',(7.,62.4));
#2499 = VECTOR('',#2500,1.);
#2500 = DIRECTION('',(1.,0.));
#2501 = ( GEOMETRIC_REPRESENTATION_CONTEXT(2) 
PARAMETRIC_REPRESENTATION_CONTEXT() REPRESENTATION_CONTEXT('2D SPACE',''
  ) );
#2502 = PCURVE('',#2503,#2508);
#2503 = PLANE('',#2504);
#2504 = AXIS2_PLACEMENT_3D('',#2505,#2506,#2507);
#2505 = CARTESIAN_POINT('',(8.,94.152900397563,-116.2440692221));
#2506 = DIRECTION('',(0.,0.707106781187,0.707106781187));
#2507 = DIRECTION('',(0.,-0.707106781187,0.707106781187));
#2508 = DEFINITIONAL_REPRESENTATION('',(#2509),#2513);
#2509 = LINE('',#2510,#2511);
#2510 = CARTESIAN_POINT('',(0.,0.));
#2511 = VECTOR('',#2512,1.);
#2512 = DIRECTION('',(0.,1.));
#2513 = ( GEOMETRIC_REPRESENTATION_CONTEXT(2) 
PARAMETRIC_REPRESENTATION_CONTEXT() REPRESENTATION_CONTEXT('2D SPACE',''
  ) );
#2514 = ORIENTED_EDGE('',*,*,#2515,.T.);
#2515 = EDGE_CURVE('',#2488,#2430,#2516,.T.);
#2516 = SURFACE_CURVE('',#2517,(#2521,#2528),.PCURVE_S1.);
#2517 = LINE('',#2518,#2519);
#2518 = CARTESIAN_POINT('',(19.,50.029437251523,-160.3675323681));
#2519 = VECTOR('',#2520,1.);
#2520 = DIRECTION('',(0.,0.707106781187,0.707106781187));
#2521 = PCURVE('',#72,#2522);
#2522 = DEFINITIONAL_REPRESENTATION('',(#2523),#2527);
#2523 = LINE('',#2524,#2525);
#2524 = CARTESIAN_POINT('',(18.,0.));
#2525 = VECTOR('',#2526,1.);
#2526 = DIRECTION('',(0.,1.));
#2527 = ( GEOMETRIC_REPRESENTATION_CONTEXT(2) 
PARAMETRIC_REPRESENTATION_CONTEXT() REPRESENTATION_CONTEXT('2D SPACE',''
  ) );
#2528 = PCURVE('',#2529,#2534);
#2529 = PLANE('',#2530);
#2530 = AXIS2_PLACEMENT_3D('',#2531,#2532,#2533);
#2531 = CARTESIAN_POINT('',(19.,50.029437251523,-160.3675323681));
#2532 = DIRECTION('',(1.,0.,0.));
#2533 = DIRECTION('',(0.,-0.707106781187,0.707106781187));
#2534 = DEFINITIONAL_REPRESENTATION('',(#2535),#2539);
#2535 = LINE('',#2536,#2537);
#2536 = CARTESIAN_POINT('',(0.,0.));
#2537 = VECTOR('',#2538,1.);
#2538 = DIRECTION('',(0.,-1.));
#2539 = ( GEOMETRIC_REPRESENTATION_CONTEXT(2) 
PARAMETRIC_REPRESENTATION_CONTEXT() REPRESENTATION_CONTEXT('2D SPACE',''
  ) );
#2540 = FACE_BOUND('',#2541,.F.);
#2541 = EDGE_LOOP('',(#2542,#2572,#2600,#2628));
#2542 = ORIENTED_EDGE('',*,*,#2543,.T.);
#2543 = EDGE_CURVE('',#2544,#2546,#2548,.T.);
#2544 = VERTEX_POINT('',#2545);
#2545 = CARTESIAN_POINT('',(19.,92.455844122716,-117.9411254969));
#2546 = VERTEX_POINT('',#2547);
#2547 = CARTESIAN_POINT('',(69.,92.455844122716,-117.9411254969));
#2548 = SURFACE_CURVE('',#2549,(#2553,#2560),.PCURVE_S1.);
#2549 = LINE('',#2550,#2551);
#2550 = CARTESIAN_POINT('',(8.,92.455844122716,-117.9411254969));
#2551 = VECTOR('',#2552,1.);
#2552 = DIRECTION('',(1.,0.,0.));
#2553 = PCURVE('',#72,#2554);
#2554 = DEFINITIONAL_REPRESENTATION('',(#2555),#2559);
#2555 = LINE('',#2556,#2557);
#2556 = CARTESIAN_POINT('',(7.,60.));
#2557 = VECTOR('',#2558,1.);
#2558 = DIRECTION('',(1.,0.));
#2559 = ( GEOMETRIC_REPRESENTATION_CONTEXT(2) 
PARAMETRIC_REPRESENTATION_CONTEXT() REPRESENTATION_CONTEXT('2D SPACE',''
  ) );
#2560 = PCURVE('',#2561,#2566);
#2561 = PLANE('',#2562);
#2562 = AXIS2_PLACEMENT_3D('',#2563,#2564,#2565);
#2563 = CARTESIAN_POINT('',(8.,92.455844122716,-117.9411254969));
#2564 = DIRECTION('',(0.,0.707106781187,0.707106781187));
#2565 = DIRECTION('',(0.,-0.707106781187,0.707106781187));
#2566 = DEFINITIONAL_REPRESENTATION('',(#2567),#2571);
#2567 = LINE('',#2568,#2569);
#2568 = CARTESIAN_POINT('',(0.,0.));
#2569 = VECTOR('',#2570,1.);
#2570 = DIRECTION('',(0.,1.));
#2571 = ( GEOMETRIC_REPRESENTATION_CONTEXT(2) 
PARAMETRIC_REPRESENTATION_CONTEXT() REPRESENTATION_CONTEXT('2D SPACE',''
  ) );
#2572 = ORIENTED_EDGE('',*,*,#2573,.F.);
#2573 = EDGE_CURVE('',#2574,#2546,#2576,.T.);
#2574 = VERTEX_POINT('',#2575);
#2575 = CARTESIAN_POINT('',(69.,85.667619023325,-124.7293505963));
#2576 = SURFACE_CURVE('',#2577,(#2581,#2588),.PCURVE_S1.);
#2577 = LINE('',#2578,#2579);
#2578 = CARTESIAN_POINT('',(69.,50.029437251523,-160.3675323681));
#2579 = VECTOR('',#2580,1.);
#2580 = DIRECTION('',(0.,0.707106781187,0.707106781187));
#2581 = PCURVE('',#72,#2582);
#2582 = DEFINITIONAL_REPRESENTATION('',(#2583),#2587);
#2583 = LINE('',#2584,#2585);
#2584 = CARTESIAN_POINT('',(68.,0.));
#2585 = VECTOR('',#2586,1.);
#2586 = DIRECTION('',(0.,1.));
#2587 = ( GEOMETRIC_REPRESENTATION_CONTEXT(2) 
PARAMETRIC_REPRESENTATION_CONTEXT() REPRESENTATION_CONTEXT('2D SPACE',''
  ) );
#2588 = PCURVE('',#2589,#2594);
#2589 = PLANE('',#2590);
#2590 = AXIS2_PLACEMENT_3D('',#2591,#2592,#2593);
#2591 = CARTESIAN_POINT('',(69.,50.029437251523,-160.3675323681));
#2592 = DIRECTION('',(1.,0.,0.));
#2593 = DIRECTION('',(0.,-0.707106781187,0.707106781187));
#2594 = DEFINITIONAL_REPRESENTATION('',(#2595),#2599);
#2595 = LINE('',#2596,#2597);
#2596 = CARTESIAN_POINT('',(0.,0.));
#2597 = VECTOR('',#2598,1.);
#2598 = DIRECTION('',(0.,-1.));
#2599 = ( GEOMETRIC_REPRESENTATION_CONTEXT(2) 
PARAMETRIC_REPRESENTATION_CONTEXT() REPRESENTATION_CONTEXT('2D SPACE',''
  ) );
#2600 = ORIENTED_EDGE('',*,*,#2601,.F.);
#2601 = EDGE_CURVE('',#2602,#2574,#2604,.T.);
#2602 = VERTEX_POINT('',#2603);
#2603 = CARTESIAN_POINT('',(19.,85.667619023325,-124.7293505963));
#2604 = SURFACE_CURVE('',#2605,(#2609,#2616),.PCURVE_S1.);
#2605 = LINE('',#2606,#2607);
#2606 = CARTESIAN_POINT('',(8.,85.667619023325,-124.7293505963));
#2607 = VECTOR('',#2608,1.);
#2608 = DIRECTION('',(1.,0.,0.));
#2609 = PCURVE('',#72,#2610);
#2610 = DEFINITIONAL_REPRESENTATION('',(#2611),#2615);
#2611 = LINE('',#2612,#2613);
#2612 = CARTESIAN_POINT('',(7.,50.4));
#2613 = VECTOR('',#2614,1.);
#2614 = DIRECTION('',(1.,0.));
#2615 = ( GEOMETRIC_REPRESENTATION_CONTEXT(2) 
PARAMETRIC_REPRESENTATION_CONTEXT() REPRESENTATION_CONTEXT('2D SPACE',''
  ) );
#2616 = PCURVE('',#2617,#2622);
#2617 = PLANE('',#2618);
#2618 = AXIS2_PLACEMENT_3D('',#2619,#2620,#2621);
#2619 = CARTESIAN_POINT('',(8.,85.667619023325,-124.7293505963));
#2620 = DIRECTION('',(0.,0.707106781187,0.707106781187));
#2621 = DIRECTION('',(0.,-0.707106781187,0.707106781187));
#2622 = DEFINITIONAL_REPRESENTATION('',(#2623),#2627);
#2623 = LINE('',#2624,#2625);
#2624 = CARTESIAN_POINT('',(0.,0.));
#2625 = VECTOR('',#2626,1.);
#2626 = DIRECTION('',(0.,1.));
#2627 = ( GEOMETRIC_REPRESENTATION_CONTEXT(2) 
PARAMETRIC_REPRESENTATION_CONTEXT() REPRESENTATION_CONTEXT('2D SPACE',''
  ) );
#2628 = ORIENTED_EDGE('',*,*,#2629,.T.);
#2629 = EDGE_CURVE('',#2602,#2544,#2630,.T.);
#2630 = SURFACE_CURVE('',#2631,(#2635,#2642),.PCURVE_S1.);
#2631 = LINE('',#2632,#2633);
#2632 = CARTESIAN_POINT('',(19.,50.029437251523,-160.3675323681));
#2633 = VECTOR('',#2634,1.);
#2634 = DIRECTION('',(0.,0.707106781187,0.707106781187));
#2635 = PCURVE('',#72,#2636);
#2636 = DEFINITIONAL_REPRESENTATION('',(#2637),#2641);
#2637 = LINE('',#2638,#2639);
#2638 = CARTESIAN_POINT('',(18.,0.));
#2639 = VECTOR('',#2640,1.);
#2640 = DIRECTION('',(0.,1.));
#2641 = ( GEOMETRIC_REPRESENTATION_CONTEXT(2) 
PARAMETRIC_REPRESENTATION_CONTEXT() REPRESENTATION_CONTEXT('2D SPACE',''
  ) );
#2642 = PCURVE('',#2643,#2648);
#2643 = PLANE('',#2644);
#2644 = AXIS2_PLACEMENT_3D('',#2645,#2646,#2647);
#2645 = CARTESIAN_POINT('',(19.,50.029437251523,-160.3675323681));
#2646 = DIRECTION('',(1.,0.,0.));
#2647 = DIRECTION('',(0.,-0.707106781187,0.707106781187));
#2648 = DEFINITIONAL_REPRESENTATION('',(#2649),#2653);
#2649 = LINE('',#2650,#2651);
#2650 = CARTESIAN_POINT('',(0.,0.));
#2651 = VECTOR('',#2652,1.);
#2652 = DIRECTION('',(0.,-1.));
#2653 = ( GEOMETRIC_REPRESENTATION_CONTEXT(2) 
PARAMETRIC_REPRESENTATION_CONTEXT() REPRESENTATION_CONTEXT('2D SPACE',''
  ) );
#2654 = FACE_BOUND('',#2655,.F.);
#2655 = EDGE_LOOP('',(#2656,#2686,#2714,#2742));
#2656 = ORIENTED_EDGE('',*,*,#2657,.T.);
#2657 = EDGE_CURVE('',#2658,#2660,#2662,.T.);
#2658 = VERTEX_POINT('',#2659);
#2659 = CARTESIAN_POINT('',(19.,83.970562748477,-126.4264068711));
#2660 = VERTEX_POINT('',#2661);
#2661 = CARTESIAN_POINT('',(69.,83.970562748477,-126.4264068711));
#2662 = SURFACE_CURVE('',#2663,(#2667,#2674),.PCURVE_S1.);
#2663 = LINE('',#2664,#2665);
#2664 = CARTESIAN_POINT('',(8.,83.970562748477,-126.4264068711));
#2665 = VECTOR('',#2666,1.);
#2666 = DIRECTION('',(1.,0.,0.));
#2667 = PCURVE('',#72,#2668);
#2668 = DEFINITIONAL_REPRESENTATION('',(#2669),#2673);
#2669 = LINE('',#2670,#2671);
#2670 = CARTESIAN_POINT('',(7.,48.));
#2671 = VECTOR('',#2672,1.);
#2672 = DIRECTION('',(1.,0.));
#2673 = ( GEOMETRIC_REPRESENTATION_CONTEXT(2) 
PARAMETRIC_REPRESENTATION_CONTEXT() REPRESENTATION_CONTEXT('2D SPACE',''
  ) );
#2674 = PCURVE('',#2675,#2680);
#2675 = PLANE('',#2676);
#2676 = AXIS2_PLACEMENT_3D('',#2677,#2678,#2679);
#2677 = CARTESIAN_POINT('',(8.,83.970562748477,-126.4264068711));
#2678 = DIRECTION('',(0.,0.707106781187,0.707106781187));
#2679 = DIRECTION('',(0.,-0.707106781187,0.707106781187));
#2680 = DEFINITIONAL_REPRESENTATION('',(#2681),#2685);
#2681 = LINE('',#2682,#2683);
#2682 = CARTESIAN_POINT('',(0.,0.));
#2683 = VECTOR('',#2684,1.);
#2684 = DIRECTION('',(0.,1.));
#2685 = ( GEOMETRIC_REPRESENTATION_CONTEXT(2) 
PARAMETRIC_REPRESENTATION_CONTEXT() REPRESENTATION_CONTEXT('2D SPACE',''
  ) );
#2686 = ORIENTED_EDGE('',*,*,#2687,.F.);
#2687 = EDGE_CURVE('',#2688,#2660,#2690,.T.);
#2688 = VERTEX_POINT('',#2689);
#2689 = CARTESIAN_POINT('',(69.,77.182337649086,-133.2146319705));
#2690 = SURFACE_CURVE('',#2691,(#2695,#2702),.PCURVE_S1.);
#2691 = LINE('',#2692,#2693);
#2692 = CARTESIAN_POINT('',(69.,50.029437251523,-160.3675323681));
#2693 = VECTOR('',#2694,1.);
#2694 = DIRECTION('',(0.,0.707106781187,0.707106781187));
#2695 = PCURVE('',#72,#2696);
#2696 = DEFINITIONAL_REPRESENTATION('',(#2697),#2701);
#2697 = LINE('',#2698,#2699);
#2698 = CARTESIAN_POINT('',(68.,0.));
#2699 = VECTOR('',#2700,1.);
#2700 = DIRECTION('',(0.,1.));
#2701 = ( GEOMETRIC_REPRESENTATION_CONTEXT(2) 
PARAMETRIC_REPRESENTATION_CONTEXT() REPRESENTATION_CONTEXT('2D SPACE',''
  ) );
#2702 = PCURVE('',#2703,#2708);
#2703 = PLANE('',#2704);
#2704 = AXIS2_PLACEMENT_3D('',#2705,#2706,#2707);
#2705 = CARTESIAN_POINT('',(69.,50.029437251523,-160.3675323681));
#2706 = DIRECTION('',(1.,0.,0.));
#2707 = DIRECTION('',(0.,-0.707106781187,0.707106781187));
#2708 = DEFINITIONAL_REPRESENTATION('',(#2709),#2713);
#2709 = LINE('',#2710,#2711);
#2710 = CARTESIAN_POINT('',(0.,0.));
#2711 = VECTOR('',#2712,1.);
#2712 = DIRECTION('',(0.,-1.));
#2713 = ( GEOMETRIC_REPRESENTATION_CONTEXT(2) 
PARAMETRIC_REPRESENTATION_CONTEXT() REPRESENTATION_CONTEXT('2D SPACE',''
  ) );
#2714 = ORIENTED_EDGE('',*,*,#2715,.F.);
#2715 = EDGE_CURVE('',#2716,#2688,#2718,.T.);
#2716 = VERTEX_POINT('',#2717);
#2717 = CARTESIAN_POINT('',(19.,77.182337649086,-133.2146319705));
#2718 = SURFACE_CURVE('',#2719,(#2723,#2730),.PCURVE_S1.);
#2719 = LINE('',#2720,#2721);
#2720 = CARTESIAN_POINT('',(8.,77.182337649086,-133.2146319705));
#2721 = VECTOR('',#2722,1.);
#2722 = DIRECTION('',(1.,0.,0.));
#2723 = PCURVE('',#72,#2724);
#2724 = DEFINITIONAL_REPRESENTATION('',(#2725),#2729);
#2725 = LINE('',#2726,#2727);
#2726 = CARTESIAN_POINT('',(7.,38.4));
#2727 = VECTOR('',#2728,1.);
#2728 = DIRECTION('',(1.,0.));
#2729 = ( GEOMETRIC_REPRESENTATION_CONTEXT(2) 
PARAMETRIC_REPRESENTATION_CONTEXT() REPRESENTATION_CONTEXT('2D SPACE',''
  ) );
#2730 = PCURVE('',#2731,#2736);
#2731 = PLANE('',#2732);
#2732 = AXIS2_PLACEMENT_3D('',#2733,#2734,#2735);
#2733 = CARTESIAN_POINT('',(8.,77.182337649086,-133.2146319705));
#2734 = DIRECTION('',(0.,0.707106781187,0.707106781187));
#2735 = DIRECTION('',(0.,-0.707106781187,0.707106781187));
#2736 = DEFINITIONAL_REPRESENTATION('',(#2737),#2741);
#2737 = LINE('',#2738,#2739);
#2738 = CARTESIAN_POINT('',(0.,0.));
#2739 = VECTOR('',#2740,1.);
#2740 = DIRECTION('',(0.,1.));
#2741 = ( GEOMETRIC_REPRESENTATION_CONTEXT(2) 
PARAMETRIC_REPRESENTATION_CONTEXT() REPRESENTATION_CONTEXT('2D SPACE',''
  ) );
#2742 = ORIENTED_EDGE('',*,*,#2743,.T.);
#2743 = EDGE_CURVE('',#2716,#2658,#2744,.T.);
#2744 = SURFACE_CURVE('',#2745,(#2749,#2756),.PCURVE_S1.);
#2745 = LINE('',#2746,#2747);
#2746 = CARTESIAN_POINT('',(19.,50.029437251523,-160.3675323681));
#2747 = VECTOR('',#2748,1.);
#2748 = DIRECTION('',(0.,0.707106781187,0.707106781187));
#2749 = PCURVE('',#72,#2750);
#2750 = DEFINITIONAL_REPRESENTATION('',(#2751),#2755);
#2751 = LINE('',#2752,#2753);
#2752 = CARTESIAN_POINT('',(18.,0.));
#2753 = VECTOR('',#2754,1.);
#2754 = DIRECTION('',(0.,1.));
#2755 = ( GEOMETRIC_REPRESENTATION_CONTEXT(2) 
PARAMETRIC_REPRESENTATION_CONTEXT() REPRESENTATION_CONTEXT('2D SPACE',''
  ) );
#2756 = PCURVE('',#2757,#2762);
#2757 = PLANE('',#2758);
#2758 = AXIS2_PLACEMENT_3D('',#2759,#2760,#2761);
#2759 = CARTESIAN_POINT('',(19.,50.029437251523,-160.3675323681));
#2760 = DIRECTION('',(1.,0.,0.));
#2761 = DIRECTION('',(0.,-0.707106781187,0.707106781187));
#2762 = DEFINITIONAL_REPRESENTATION('',(#2763),#2767);
#2763 = LINE('',#2764,#2765);
#2764 = CARTESIAN_POINT('',(0.,0.));
#2765 = VECTOR('',#2766,1.);
#2766 = DIRECTION('',(0.,-1.));
#2767 = ( GEOMETRIC_REPRESENTATION_CONTEXT(2) 
PARAMETRIC_REPRESENTATION_CONTEXT() REPRESENTATION_CONTEXT('2D SPACE',''
  ) );
#2768 = FACE_BOUND('',#2769,.F.);
#2769 = EDGE_LOOP('',(#2770,#2800,#2828,#2856));
#2770 = ORIENTED_EDGE('',*,*,#2771,.T.);
#2771 = EDGE_CURVE('',#2772,#2774,#2776,.T.);
#2772 = VERTEX_POINT('',#2773);
#2773 = CARTESIAN_POINT('',(19.,75.485281374239,-134.9116882454));
#2774 = VERTEX_POINT('',#2775);
#2775 = CARTESIAN_POINT('',(69.,75.485281374239,-134.9116882454));
#2776 = SURFACE_CURVE('',#2777,(#2781,#2788),.PCURVE_S1.);
#2777 = LINE('',#2778,#2779);
#2778 = CARTESIAN_POINT('',(8.,75.485281374239,-134.9116882454));
#2779 = VECTOR('',#2780,1.);
#2780 = DIRECTION('',(1.,0.,0.));
#2781 = PCURVE('',#72,#2782);
#2782 = DEFINITIONAL_REPRESENTATION('',(#2783),#2787);
#2783 = LINE('',#2784,#2785);
#2784 = CARTESIAN_POINT('',(7.,36.));
#2785 = VECTOR('',#2786,1.);
#2786 = DIRECTION('',(1.,0.));
#2787 = ( GEOMETRIC_REPRESENTATION_CONTEXT(2) 
PARAMETRIC_REPRESENTATION_CONTEXT() REPRESENTATION_CONTEXT('2D SPACE',''
  ) );
#2788 = PCURVE('',#2789,#2794);
#2789 = PLANE('',#2790);
#2790 = AXIS2_PLACEMENT_3D('',#2791,#2792,#2793);
#2791 = CARTESIAN_POINT('',(8.,75.485281374239,-134.9116882454));
#2792 = DIRECTION('',(0.,0.707106781187,0.707106781187));
#2793 = DIRECTION('',(0.,-0.707106781187,0.707106781187));
#2794 = DEFINITIONAL_REPRESENTATION('',(#2795),#2799);
#2795 = LINE('',#2796,#2797);
#2796 = CARTESIAN_POINT('',(0.,0.));
#2797 = VECTOR('',#2798,1.);
#2798 = DIRECTION('',(0.,1.));
#2799 = ( GEOMETRIC_REPRESENTATION_CONTEXT(2) 
PARAMETRIC_REPRESENTATION_CONTEXT() REPRESENTATION_CONTEXT('2D SPACE',''
  ) );
#2800 = ORIENTED_EDGE('',*,*,#2801,.F.);
#2801 = EDGE_CURVE('',#2802,#2774,#2804,.T.);
#2802 = VERTEX_POINT('',#2803);
#2803 = CARTESIAN_POINT('',(69.,68.697056274848,-141.6999133448));
#2804 = SURFACE_CURVE('',#2805,(#2809,#2816),.PCURVE_S1.);
#2805 = LINE('',#2806,#2807);
#2806 = CARTESIAN_POINT('',(69.,50.029437251523,-160.3675323681));
#2807 = VECTOR('',#2808,1.);
#2808 = DIRECTION('',(0.,0.707106781187,0.707106781187));
#2809 = PCURVE('',#72,#2810);
#2810 = DEFINITIONAL_REPRESENTATION('',(#2811),#2815);
#2811 = LINE('',#2812,#2813);
#2812 = CARTESIAN_POINT('',(68.,0.));
#2813 = VECTOR('',#2814,1.);
#2814 = DIRECTION('',(0.,1.));
#2815 = ( GEOMETRIC_REPRESENTATION_CONTEXT(2) 
PARAMETRIC_REPRESENTATION_CONTEXT() REPRESENTATION_CONTEXT('2D SPACE',''
  ) );
#2816 = PCURVE('',#2817,#2822);
#2817 = PLANE('',#2818);
#2818 = AXIS2_PLACEMENT_3D('',#2819,#2820,#2821);
#2819 = CARTESIAN_POINT('',(69.,50.029437251523,-160.3675323681));
#2820 = DIRECTION('',(1.,0.,0.));
#2821 = DIRECTION('',(0.,-0.707106781187,0.707106781187));
#2822 = DEFINITIONAL_REPRESENTATION('',(#2823),#2827);
#2823 = LINE('',#2824,#2825);
#2824 = CARTESIAN_POINT('',(0.,0.));
#2825 = VECTOR('',#2826,1.);
#2826 = DIRECTION('',(0.,-1.));
#2827 = ( GEOMETRIC_REPRESENTATION_CONTEXT(2) 
PARAMETRIC_REPRESENTATION_CONTEXT() REPRESENTATION_CONTEXT('2D SPACE',''
  ) );
#2828 = ORIENTED_EDGE('',*,*,#2829,.F.);
#2829 = EDGE_CURVE('',#2830,#2802,#2832,.T.);
#2830 = VERTEX_POINT('',#2831);
#2831 = CARTESIAN_POINT('',(19.,68.697056274848,-141.6999133448));
#2832 = SURFACE_CURVE('',#2833,(#2837,#2844),.PCURVE_S1.);
#2833 = LINE('',#2834,#2835);
#2834 = CARTESIAN_POINT('',(8.,68.697056274848,-141.6999133448));
#2835 = VECTOR('',#2836,1.);
#2836 = DIRECTION('',(1.,0.,0.));
#2837 = PCURVE('',#72,#2838);
#2838 = DEFINITIONAL_REPRESENTATION('',(#2839),#2843);
#2839 = LINE('',#2840,#2841);
#2840 = CARTESIAN_POINT('',(7.,26.4));
#2841 = VECTOR('',#2842,1.);
#2842 = DIRECTION('',(1.,0.));
#2843 = ( GEOMETRIC_REPRESENTATION_CONTEXT(2) 
PARAMETRIC_REPRESENTATION_CONTEXT() REPRESENTATION_CONTEXT('2D SPACE',''
  ) );
#2844 = PCURVE('',#2845,#2850);
#2845 = PLANE('',#2846);
#2846 = AXIS2_PLACEMENT_3D('',#2847,#2848,#2849);
#2847 = CARTESIAN_POINT('',(8.,68.697056274848,-141.6999133448));
#2848 = DIRECTION('',(0.,0.707106781187,0.707106781187));
#2849 = DIRECTION('',(0.,-0.707106781187,0.707106781187));
#2850 = DEFINITIONAL_REPRESENTATION('',(#2851),#2855);
#2851 = LINE('',#2852,#2853);
#2852 = CARTESIAN_POINT('',(0.,0.));
#2853 = VECTOR('',#2854,1.);
#2854 = DIRECTION('',(0.,1.));
#2855 = ( GEOMETRIC_REPRESENTATION_CONTEXT(2) 
PARAMETRIC_REPRESENTATION_CONTEXT() REPRESENTATION_CONTEXT('2D SPACE',''
  ) );
#2856 = ORIENTED_EDGE('',*,*,#2857,.T.);
#2857 = EDGE_CURVE('',#2830,#2772,#2858,.T.);
#2858 = SURFACE_CURVE('',#2859,(#2863,#2870),.PCURVE_S1.);
#2859 = LINE('',#2860,#2861);
#2860 = CARTESIAN_POINT('',(19.,50.029437251523,-160.3675323681));
#2861 = VECTOR('',#2862,1.);
#2862 = DIRECTION('',(0.,0.707106781187,0.707106781187));
#2863 = PCURVE('',#72,#2864);
#2864 = DEFINITIONAL_REPRESENTATION('',(#2865),#2869);
#2865 = LINE('',#2866,#2867);
#2866 = CARTESIAN_POINT('',(18.,0.));
#2867 = VECTOR('',#2868,1.);
#2868 = DIRECTION('',(0.,1.));
#2869 = ( GEOMETRIC_REPRESENTATION_CONTEXT(2) 
PARAMETRIC_REPRESENTATION_CONTEXT() REPRESENTATION_CONTEXT('2D SPACE',''
  ) );
#2870 = PCURVE('',#2871,#2876);
#2871 = PLANE('',#2872);
#2872 = AXIS2_PLACEMENT_3D('',#2873,#2874,#2875);
#2873 = CARTESIAN_POINT('',(19.,50.029437251523,-160.3675323681));
#2874 = DIRECTION('',(1.,0.,0.));
#2875 = DIRECTION('',(0.,-0.707106781187,0.707106781187));
#2876 = DEFINITIONAL_REPRESENTATION('',(#2877),#2881);
#2877 = LINE('',#2878,#2879);
#2878 = CARTESIAN_POINT('',(0.,0.));
#2879 = VECTOR('',#2880,1.);
#2880 = DIRECTION('',(0.,-1.));
#2881 = ( GEOMETRIC_REPRESENTATION_CONTEXT(2) 
PARAMETRIC_REPRESENTATION_CONTEXT() REPRESENTATION_CONTEXT('2D SPACE',''
  ) );
#2882 = FACE_BOUND('',#2883,.F.);
#2883 = EDGE_LOOP('',(#2884,#2914,#2942,#2970));
#2884 = ORIENTED_EDGE('',*,*,#2885,.T.);
#2885 = EDGE_CURVE('',#2886,#2888,#2890,.T.);
#2886 = VERTEX_POINT('',#2887);
#2887 = CARTESIAN_POINT('',(19.,67.,-143.3969696196));
#2888 = VERTEX_POINT('',#2889);
#2889 = CARTESIAN_POINT('',(69.,67.,-143.3969696196));
#2890 = SURFACE_CURVE('',#2891,(#2895,#2902),.PCURVE_S1.);
#2891 = LINE('',#2892,#2893);
#2892 = CARTESIAN_POINT('',(8.,67.,-143.3969696196));
#2893 = VECTOR('',#2894,1.);
#2894 = DIRECTION('',(1.,0.,0.));
#2895 = PCURVE('',#72,#2896);
#2896 = DEFINITIONAL_REPRESENTATION('',(#2897),#2901);
#2897 = LINE('',#2898,#2899);
#2898 = CARTESIAN_POINT('',(7.,24.));
#2899 = VECTOR('',#2900,1.);
#2900 = DIRECTION('',(1.,0.));
#2901 = ( GEOMETRIC_REPRESENTATION_CONTEXT(2) 
PARAMETRIC_REPRESENTATION_CONTEXT() REPRESENTATION_CONTEXT('2D SPACE',''
  ) );
#2902 = PCURVE('',#2903,#2908);
#2903 = PLANE('',#2904);
#2904 = AXIS2_PLACEMENT_3D('',#2905,#2906,#2907);
#2905 = CARTESIAN_POINT('',(8.,67.,-143.3969696196));
#2906 = DIRECTION('',(0.,0.707106781187,0.707106781187));
#2907 = DIRECTION('',(0.,-0.707106781187,0.707106781187));
#2908 = DEFINITIONAL_REPRESENTATION('',(#2909),#2913);
#2909 = LINE('',#2910,#2911);
#2910 = CARTESIAN_POINT('',(0.,0.));
#2911 = VECTOR('',#2912,1.);
#2912 = DIRECTION('',(0.,1.));
#2913 = ( GEOMETRIC_REPRESENTATION_CONTEXT(2) 
PARAMETRIC_REPRESENTATION_CONTEXT() REPRESENTATION_CONTEXT('2D SPACE',''
  ) );
#2914 = ORIENTED_EDGE('',*,*,#2915,.F.);
#2915 = EDGE_CURVE('',#2916,#2888,#2918,.T.);
#2916 = VERTEX_POINT('',#2917);
#2917 = CARTESIAN_POINT('',(69.,60.211774900609,-150.185194719));
#2918 = SURFACE_CURVE('',#2919,(#2923,#2930),.PCURVE_S1.);
#2919 = LINE('',#2920,#2921);
#2920 = CARTESIAN_POINT('',(69.,50.029437251523,-160.3675323681));
#2921 = VECTOR('',#2922,1.);
#2922 = DIRECTION('',(0.,0.707106781187,0.707106781187));
#2923 = PCURVE('',#72,#2924);
#2924 = DEFINITIONAL_REPRESENTATION('',(#2925),#2929);
#2925 = LINE('',#2926,#2927);
#2926 = CARTESIAN_POINT('',(68.,0.));
#2927 = VECTOR('',#2928,1.);
#2928 = DIRECTION('',(0.,1.));
#2929 = ( GEOMETRIC_REPRESENTATION_CONTEXT(2) 
PARAMETRIC_REPRESENTATION_CONTEXT() REPRESENTATION_CONTEXT('2D SPACE',''
  ) );
#2930 = PCURVE('',#2931,#2936);
#2931 = PLANE('',#2932);
#2932 = AXIS2_PLACEMENT_3D('',#2933,#2934,#2935);
#2933 = CARTESIAN_POINT('',(69.,50.029437251523,-160.3675323681));
#2934 = DIRECTION('',(1.,0.,0.));
#2935 = DIRECTION('',(0.,-0.707106781187,0.707106781187));
#2936 = DEFINITIONAL_REPRESENTATION('',(#2937),#2941);
#2937 = LINE('',#2938,#2939);
#2938 = CARTESIAN_POINT('',(0.,0.));
#2939 = VECTOR('',#2940,1.);
#2940 = DIRECTION('',(0.,-1.));
#2941 = ( GEOMETRIC_REPRESENTATION_CONTEXT(2) 
PARAMETRIC_REPRESENTATION_CONTEXT() REPRESENTATION_CONTEXT('2D SPACE',''
  ) );
#2942 = ORIENTED_EDGE('',*,*,#2943,.F.);
#2943 = EDGE_CURVE('',#2944,#2916,#2946,.T.);
#2944 = VERTEX_POINT('',#2945);
#2945 = CARTESIAN_POINT('',(19.,60.211774900609,-150.185194719));
#2946 = SURFACE_CURVE('',#2947,(#2951,#2958),.PCURVE_S1.);
#2947 = LINE('',#2948,#2949);
#2948 = CARTESIAN_POINT('',(8.,60.211774900609,-150.185194719));
#2949 = VECTOR('',#2950,1.);
#2950 = DIRECTION('',(1.,0.,0.));
#2951 = PCURVE('',#72,#2952);
#2952 = DEFINITIONAL_REPRESENTATION('',(#2953),#2957);
#2953 = LINE('',#2954,#2955);
#2954 = CARTESIAN_POINT('',(7.,14.4));
#2955 = VECTOR('',#2956,1.);
#2956 = DIRECTION('',(1.,0.));
#2957 = ( GEOMETRIC_REPRESENTATION_CONTEXT(2) 
PARAMETRIC_REPRESENTATION_CONTEXT() REPRESENTATION_CONTEXT('2D SPACE',''
  ) );
#2958 = PCURVE('',#2959,#2964);
#2959 = PLANE('',#2960);
#2960 = AXIS2_PLACEMENT_3D('',#2961,#2962,#2963);
#2961 = CARTESIAN_POINT('',(8.,60.211774900609,-150.185194719));
#2962 = DIRECTION('',(0.,0.707106781187,0.707106781187));
#2963 = DIRECTION('',(0.,-0.707106781187,0.707106781187));
#2964 = DEFINITIONAL_REPRESENTATION('',(#2965),#2969);
#2965 = LINE('',#2966,#2967);
#2966 = CARTESIAN_POINT('',(0.,0.));
#2967 = VECTOR('',#2968,1.);
#2968 = DIRECTION('',(0.,1.));
#2969 = ( GEOMETRIC_REPRESENTATION_CONTEXT(2) 
PARAMETRIC_REPRESENTATION_CONTEXT() REPRESENTATION_CONTEXT('2D SPACE',''
  ) );
#2970 = ORIENTED_EDGE('',*,*,#2971,.T.);
#2971 = EDGE_CURVE('',#2944,#2886,#2972,.T.);
#2972 = SURFACE_CURVE('',#2973,(#2977,#2984),.PCURVE_S1.);
#2973 = LINE('',#2974,#2975);
#2974 = CARTESIAN_POINT('',(19.,50.029437251523,-160.3675323681));
#2975 = VECTOR('',#2976,1.);
#2976 = DIRECTION('',(0.,0.707106781187,0.707106781187));
#2977 = PCURVE('',#72,#2978);
#2978 = DEFINITIONAL_REPRESENTATION('',(#2979),#2983);
#2979 = LINE('',#2980,#2981);
#2980 = CARTESIAN_POINT('',(18.,0.));
#2981 = VECTOR('',#2982,1.);
#2982 = DIRECTION('',(0.,1.));
#2983 = ( GEOMETRIC_REPRESENTATION_CONTEXT(2) 
PARAMETRIC_REPRESENTATION_CONTEXT() REPRESENTATION_CONTEXT('2D SPACE',''
  ) );
#2984 = PCURVE('',#2871,#2985);
#2985 = DEFINITIONAL_REPRESENTATION('',(#2986),#2990);
#2986 = LINE('',#2987,#2988);
#2987 = CARTESIAN_POINT('',(0.,0.));
#2988 = VECTOR('',#2989,1.);
#2989 = DIRECTION('',(0.,-1.));
#2990 = ( GEOMETRIC_REPRESENTATION_CONTEXT(2) 
PARAMETRIC_REPRESENTATION_CONTEXT() REPRESENTATION_CONTEXT('2D SPACE',''
  ) );
#2991 = FACE_BOUND('',#2992,.F.);
#2992 = EDGE_LOOP('',(#2993,#3023,#3051,#3079));
#2993 = ORIENTED_EDGE('',*,*,#2994,.T.);
#2994 = EDGE_CURVE('',#2995,#2997,#2999,.T.);
#2995 = VERTEX_POINT('',#2996);
#2996 = CARTESIAN_POINT('',(19.,58.514718625761,-151.8822509939));
#2997 = VERTEX_POINT('',#2998);
#2998 = CARTESIAN_POINT('',(69.,58.514718625761,-151.8822509939));
#2999 = SURFACE_CURVE('',#3000,(#3004,#3011),.PCURVE_S1.);
#3000 = LINE('',#3001,#3002);
#3001 = CARTESIAN_POINT('',(8.,58.514718625761,-151.8822509939));
#3002 = VECTOR('',#3003,1.);
#3003 = DIRECTION('',(1.,0.,0.));
#3004 = PCURVE('',#72,#3005);
#3005 = DEFINITIONAL_REPRESENTATION('',(#3006),#3010);
#3006 = LINE('',#3007,#3008);
#3007 = CARTESIAN_POINT('',(7.,12.));
#3008 = VECTOR('',#3009,1.);
#3009 = DIRECTION('',(1.,0.));
#3010 = ( GEOMETRIC_REPRESENTATION_CONTEXT(2) 
PARAMETRIC_REPRESENTATION_CONTEXT() REPRESENTATION_CONTEXT('2D SPACE',''
  ) );
#3011 = PCURVE('',#3012,#3017);
#3012 = PLANE('',#3013);
#3013 = AXIS2_PLACEMENT_3D('',#3014,#3015,#3016);
#3014 = CARTESIAN_POINT('',(8.,58.514718625761,-151.8822509939));
#3015 = DIRECTION('',(0.,0.707106781187,0.707106781187));
#3016 = DIRECTION('',(0.,-0.707106781187,0.707106781187));
#3017 = DEFINITIONAL_REPRESENTATION('',(#3018),#3022);
#3018 = LINE('',#3019,#3020);
#3019 = CARTESIAN_POINT('',(0.,0.));
#3020 = VECTOR('',#3021,1.);
#3021 = DIRECTION('',(0.,1.));
#3022 = ( GEOMETRIC_REPRESENTATION_CONTEXT(2) 
PARAMETRIC_REPRESENTATION_CONTEXT() REPRESENTATION_CONTEXT('2D SPACE',''
  ) );
#3023 = ORIENTED_EDGE('',*,*,#3024,.F.);
#3024 = EDGE_CURVE('',#3025,#2997,#3027,.T.);
#3025 = VERTEX_POINT('',#3026);
#3026 = CARTESIAN_POINT('',(69.,53.564971157456,-156.8319984622));
#3027 = SURFACE_CURVE('',#3028,(#3032,#3039),.PCURVE_S1.);
#3028 = LINE('',#3029,#3030);
#3029 = CARTESIAN_POINT('',(69.,50.029437251523,-160.3675323681));
#3030 = VECTOR('',#3031,1.);
#3031 = DIRECTION('',(0.,0.707106781187,0.707106781187));
#3032 = PCURVE('',#72,#3033);
#3033 = DEFINITIONAL_REPRESENTATION('',(#3034),#3038);
#3034 = LINE('',#3035,#3036);
#3035 = CARTESIAN_POINT('',(68.,0.));
#3036 = VECTOR('',#3037,1.);
#3037 = DIRECTION('',(0.,1.));
#3038 = ( GEOMETRIC_REPRESENTATION_CONTEXT(2) 
PARAMETRIC_REPRESENTATION_CONTEXT() REPRESENTATION_CONTEXT('2D SPACE',''
  ) );
#3039 = PCURVE('',#3040,#3045);
#3040 = PLANE('',#3041);
#3041 = AXIS2_PLACEMENT_3D('',#3042,#3043,#3044);
#3042 = CARTESIAN_POINT('',(69.,50.029437251523,-160.3675323681));
#3043 = DIRECTION('',(1.,0.,0.));
#3044 = DIRECTION('',(0.,-0.707106781187,0.707106781187));
#3045 = DEFINITIONAL_REPRESENTATION('',(#3046),#3050);
#3046 = LINE('',#3047,#3048);
#3047 = CARTESIAN_POINT('',(0.,0.));
#3048 = VECTOR('',#3049,1.);
#3049 = DIRECTION('',(0.,-1.));
#3050 = ( GEOMETRIC_REPRESENTATION_CONTEXT(2) 
PARAMETRIC_REPRESENTATION_CONTEXT() REPRESENTATION_CONTEXT('2D SPACE',''
  ) );
#3051 = ORIENTED_EDGE('',*,*,#3052,.F.);
#3052 = EDGE_CURVE('',#3053,#3025,#3055,.T.);
#3053 = VERTEX_POINT('',#3054);
#3054 = CARTESIAN_POINT('',(19.,53.564971157456,-156.8319984622));
#3055 = SURFACE_CURVE('',#3056,(#3060,#3067),.PCURVE_S1.);
#3056 = LINE('',#3057,#3058);
#3057 = CARTESIAN_POINT('',(1.,53.564971157456,-156.8319984622));
#3058 = VECTOR('',#3059,1.);
#3059 = DIRECTION('',(1.,0.,0.));
#3060 = PCURVE('',#72,#3061);
#3061 = DEFINITIONAL_REPRESENTATION('',(#3062),#3066);
#3062 = LINE('',#3063,#3064);
#3063 = CARTESIAN_POINT('',(0.,5.));
#3064 = VECTOR('',#3065,1.);
#3065 = DIRECTION('',(1.,0.));
#3066 = ( GEOMETRIC_REPRESENTATION_CONTEXT(2) 
PARAMETRIC_REPRESENTATION_CONTEXT() REPRESENTATION_CONTEXT('2D SPACE',''
  ) );
#3067 = PCURVE('',#3068,#3073);
#3068 = PLANE('',#3069);
#3069 = AXIS2_PLACEMENT_3D('',#3070,#3071,#3072);
#3070 = CARTESIAN_POINT('',(1.,53.564971157456,-156.8319984622));
#3071 = DIRECTION('',(0.,0.707106781187,0.707106781187));
#3072 = DIRECTION('',(0.,-0.707106781187,0.707106781187));
#3073 = DEFINITIONAL_REPRESENTATION('',(#3074),#3078);
#3074 = LINE('',#3075,#3076);
#3075 = CARTESIAN_POINT('',(0.,0.));
#3076 = VECTOR('',#3077,1.);
#3077 = DIRECTION('',(0.,1.));
#3078 = ( GEOMETRIC_REPRESENTATION_CONTEXT(2) 
PARAMETRIC_REPRESENTATION_CONTEXT() REPRESENTATION_CONTEXT('2D SPACE',''
  ) );
#3079 = ORIENTED_EDGE('',*,*,#3080,.T.);
#3080 = EDGE_CURVE('',#3053,#2995,#3081,.T.);
#3081 = SURFACE_CURVE('',#3082,(#3086,#3093),.PCURVE_S1.);
#3082 = LINE('',#3083,#3084);
#3083 = CARTESIAN_POINT('',(19.,50.029437251523,-160.3675323681));
#3084 = VECTOR('',#3085,1.);
#3085 = DIRECTION('',(0.,0.707106781187,0.707106781187));
#3086 = PCURVE('',#72,#3087);
#3087 = DEFINITIONAL_REPRESENTATION('',(#3088),#3092);
#3088 = LINE('',#3089,#3090);
#3089 = CARTESIAN_POINT('',(18.,0.));
#3090 = VECTOR('',#3091,1.);
#3091 = DIRECTION('',(0.,1.));
#3092 = ( GEOMETRIC_REPRESENTATION_CONTEXT(2) 
PARAMETRIC_REPRESENTATION_CONTEXT() REPRESENTATION_CONTEXT('2D SPACE',''
  ) );
#3093 = PCURVE('',#2871,#3094);
#3094 = DEFINITIONAL_REPRESENTATION('',(#3095),#3099);
#3095 = LINE('',#3096,#3097);
#3096 = CARTESIAN_POINT('',(0.,0.));
#3097 = VECTOR('',#3098,1.);
#3098 = DIRECTION('',(0.,-1.));
#3099 = ( GEOMETRIC_REPRESENTATION_CONTEXT(2) 
PARAMETRIC_REPRESENTATION_CONTEXT() REPRESENTATION_CONTEXT('2D SPACE',''
  ) );
#3100 = FACE_BOUND('',#3101,.F.);
#3101 = EDGE_LOOP('',(#3102,#3103,#3126,#3154,#3182,#3210,#3238,#3266,
    #3294,#3322,#3345,#3366));
#3102 = ORIENTED_EDGE('',*,*,#1161,.T.);
#3103 = ORIENTED_EDGE('',*,*,#3104,.F.);
#3104 = EDGE_CURVE('',#3105,#1162,#3107,.T.);
#3105 = VERTEX_POINT('',#3106);
#3106 = CARTESIAN_POINT('',(140.,143.36753236814,-67.02943725152));
#3107 = SURFACE_CURVE('',#3108,(#3112,#3119),.PCURVE_S1.);
#3108 = LINE('',#3109,#3110);
#3109 = CARTESIAN_POINT('',(140.,143.36753236814,-67.02943725152));
#3110 = VECTOR('',#3111,1.);
#3111 = DIRECTION('',(0.,-0.707106781187,-0.707106781187));
#3112 = PCURVE('',#72,#3113);
#3113 = DEFINITIONAL_REPRESENTATION('',(#3114),#3118);
#3114 = LINE('',#3115,#3116);
#3115 = CARTESIAN_POINT('',(139.,132.));
#3116 = VECTOR('',#3117,1.);
#3117 = DIRECTION('',(0.,-1.));
#3118 = ( GEOMETRIC_REPRESENTATION_CONTEXT(2) 
PARAMETRIC_REPRESENTATION_CONTEXT() REPRESENTATION_CONTEXT('2D SPACE',''
  ) );
#3119 = PCURVE('',#1222,#3120);
#3120 = DEFINITIONAL_REPRESENTATION('',(#3121),#3125);
#3121 = LINE('',#3122,#3123);
#3122 = CARTESIAN_POINT('',(1.42108547152E-14,-132.));
#3123 = VECTOR('',#3124,1.);
#3124 = DIRECTION('',(0.,1.));
#3125 = ( GEOMETRIC_REPRESENTATION_CONTEXT(2) 
PARAMETRIC_REPRESENTATION_CONTEXT() REPRESENTATION_CONTEXT('2D SPACE',''
  ) );
#3126 = ORIENTED_EDGE('',*,*,#3127,.F.);
#3127 = EDGE_CURVE('',#3128,#3105,#3130,.T.);
#3128 = VERTEX_POINT('',#3129);
#3129 = CARTESIAN_POINT('',(121.,143.36753236814,-67.02943725152));
#3130 = SURFACE_CURVE('',#3131,(#3135,#3142),.PCURVE_S1.);
#3131 = LINE('',#3132,#3133);
#3132 = CARTESIAN_POINT('',(121.,143.36753236814,-67.02943725152));
#3133 = VECTOR('',#3134,1.);
#3134 = DIRECTION('',(1.,0.,0.));
#3135 = PCURVE('',#72,#3136);
#3136 = DEFINITIONAL_REPRESENTATION('',(#3137),#3141);
#3137 = LINE('',#3138,#3139);
#3138 = CARTESIAN_POINT('',(120.,132.));
#3139 = VECTOR('',#3140,1.);
#3140 = DIRECTION('',(1.,0.));
#3141 = ( GEOMETRIC_REPRESENTATION_CONTEXT(2) 
PARAMETRIC_REPRESENTATION_CONTEXT() REPRESENTATION_CONTEXT('2D SPACE',''
  ) );
#3142 = PCURVE('',#3143,#3148);
#3143 = PLANE('',#3144);
#3144 = AXIS2_PLACEMENT_3D('',#3145,#3146,#3147);
#3145 = CARTESIAN_POINT('',(135.,143.36753236814,-67.02943725152));
#3146 = DIRECTION('',(0.,0.707106781187,0.707106781187));
#3147 = DIRECTION('',(0.,-0.707106781187,0.707106781187));
#3148 = DEFINITIONAL_REPRESENTATION('',(#3149),#3153);
#3149 = LINE('',#3150,#3151);
#3150 = CARTESIAN_POINT('',(0.,-14.));
#3151 = VECTOR('',#3152,1.);
#3152 = DIRECTION('',(0.,1.));
#3153 = ( GEOMETRIC_REPRESENTATION_CONTEXT(2) 
PARAMETRIC_REPRESENTATION_CONTEXT() REPRESENTATION_CONTEXT('2D SPACE',''
  ) );
#3154 = ORIENTED_EDGE('',*,*,#3155,.F.);
#3155 = EDGE_CURVE('',#3156,#3128,#3158,.T.);
#3156 = VERTEX_POINT('',#3157);
#3157 = CARTESIAN_POINT('',(121.,136.57930726875,-73.81766235091));
#3158 = SURFACE_CURVE('',#3159,(#3163,#3170),.PCURVE_S1.);
#3159 = LINE('',#3160,#3161);
#3160 = CARTESIAN_POINT('',(121.,50.029437251523,-160.3675323681));
#3161 = VECTOR('',#3162,1.);
#3162 = DIRECTION('',(0.,0.707106781187,0.707106781187));
#3163 = PCURVE('',#72,#3164);
#3164 = DEFINITIONAL_REPRESENTATION('',(#3165),#3169);
#3165 = LINE('',#3166,#3167);
#3166 = CARTESIAN_POINT('',(120.,0.));
#3167 = VECTOR('',#3168,1.);
#3168 = DIRECTION('',(0.,1.));
#3169 = ( GEOMETRIC_REPRESENTATION_CONTEXT(2) 
PARAMETRIC_REPRESENTATION_CONTEXT() REPRESENTATION_CONTEXT('2D SPACE',''
  ) );
#3170 = PCURVE('',#3171,#3176);
#3171 = PLANE('',#3172);
#3172 = AXIS2_PLACEMENT_3D('',#3173,#3174,#3175);
#3173 = CARTESIAN_POINT('',(121.,50.029437251523,-160.3675323681));
#3174 = DIRECTION('',(1.,0.,0.));
#3175 = DIRECTION('',(0.,-0.707106781187,0.707106781187));
#3176 = DEFINITIONAL_REPRESENTATION('',(#3177),#3181);
#3177 = LINE('',#3178,#3179);
#3178 = CARTESIAN_POINT('',(0.,0.));
#3179 = VECTOR('',#3180,1.);
#3180 = DIRECTION('',(0.,-1.));
#3181 = ( GEOMETRIC_REPRESENTATION_CONTEXT(2) 
PARAMETRIC_REPRESENTATION_CONTEXT() REPRESENTATION_CONTEXT('2D SPACE',''
  ) );
#3182 = ORIENTED_EDGE('',*,*,#3183,.F.);
#3183 = EDGE_CURVE('',#3184,#3156,#3186,.T.);
#3184 = VERTEX_POINT('',#3185);
#3185 = CARTESIAN_POINT('',(71.4,136.57930726875,-73.81766235091));
#3186 = SURFACE_CURVE('',#3187,(#3191,#3198),.PCURVE_S1.);
#3187 = LINE('',#3188,#3189);
#3188 = CARTESIAN_POINT('',(8.,136.57930726875,-73.81766235091));
#3189 = VECTOR('',#3190,1.);
#3190 = DIRECTION('',(1.,0.,0.));
#3191 = PCURVE('',#72,#3192);
#3192 = DEFINITIONAL_REPRESENTATION('',(#3193),#3197);
#3193 = LINE('',#3194,#3195);
#3194 = CARTESIAN_POINT('',(7.,122.4));
#3195 = VECTOR('',#3196,1.);
#3196 = DIRECTION('',(1.,0.));
#3197 = ( GEOMETRIC_REPRESENTATION_CONTEXT(2) 
PARAMETRIC_REPRESENTATION_CONTEXT() REPRESENTATION_CONTEXT('2D SPACE',''
  ) );
#3198 = PCURVE('',#3199,#3204);
#3199 = PLANE('',#3200);
#3200 = AXIS2_PLACEMENT_3D('',#3201,#3202,#3203);
#3201 = CARTESIAN_POINT('',(8.,136.57930726875,-73.81766235091));
#3202 = DIRECTION('',(0.,0.707106781187,0.707106781187));
#3203 = DIRECTION('',(0.,-0.707106781187,0.707106781187));
#3204 = DEFINITIONAL_REPRESENTATION('',(#3205),#3209);
#3205 = LINE('',#3206,#3207);
#3206 = CARTESIAN_POINT('',(0.,0.));
#3207 = VECTOR('',#3208,1.);
#3208 = DIRECTION('',(0.,1.));
#3209 = ( GEOMETRIC_REPRESENTATION_CONTEXT(2) 
PARAMETRIC_REPRESENTATION_CONTEXT() REPRESENTATION_CONTEXT('2D SPACE',''
  ) );
#3210 = ORIENTED_EDGE('',*,*,#3211,.T.);
#3211 = EDGE_CURVE('',#3184,#3212,#3214,.T.);
#3212 = VERTEX_POINT('',#3213);
#3213 = CARTESIAN_POINT('',(71.4,143.36753236814,-67.02943725152));
#3214 = SURFACE_CURVE('',#3215,(#3219,#3226),.PCURVE_S1.);
#3215 = LINE('',#3216,#3217);
#3216 = CARTESIAN_POINT('',(71.4,50.029437251523,-160.3675323681));
#3217 = VECTOR('',#3218,1.);
#3218 = DIRECTION('',(0.,0.707106781187,0.707106781187));
#3219 = PCURVE('',#72,#3220);
#3220 = DEFINITIONAL_REPRESENTATION('',(#3221),#3225);
#3221 = LINE('',#3222,#3223);
#3222 = CARTESIAN_POINT('',(70.4,0.));
#3223 = VECTOR('',#3224,1.);
#3224 = DIRECTION('',(0.,1.));
#3225 = ( GEOMETRIC_REPRESENTATION_CONTEXT(2) 
PARAMETRIC_REPRESENTATION_CONTEXT() REPRESENTATION_CONTEXT('2D SPACE',''
  ) );
#3226 = PCURVE('',#3227,#3232);
#3227 = PLANE('',#3228);
#3228 = AXIS2_PLACEMENT_3D('',#3229,#3230,#3231);
#3229 = CARTESIAN_POINT('',(71.4,50.029437251523,-160.3675323681));
#3230 = DIRECTION('',(1.,0.,0.));
#3231 = DIRECTION('',(0.,-0.707106781187,0.707106781187));
#3232 = DEFINITIONAL_REPRESENTATION('',(#3233),#3237);
#3233 = LINE('',#3234,#3235);
#3234 = CARTESIAN_POINT('',(0.,0.));
#3235 = VECTOR('',#3236,1.);
#3236 = DIRECTION('',(0.,-1.));
#3237 = ( GEOMETRIC_REPRESENTATION_CONTEXT(2) 
PARAMETRIC_REPRESENTATION_CONTEXT() REPRESENTATION_CONTEXT('2D SPACE',''
  ) );
#3238 = ORIENTED_EDGE('',*,*,#3239,.F.);
#3239 = EDGE_CURVE('',#3240,#3212,#3242,.T.);
#3240 = VERTEX_POINT('',#3241);
#3241 = CARTESIAN_POINT('',(69.,143.36753236814,-67.02943725152));
#3242 = SURFACE_CURVE('',#3243,(#3247,#3254),.PCURVE_S1.);
#3243 = LINE('',#3244,#3245);
#3244 = CARTESIAN_POINT('',(69.,143.36753236814,-67.02943725152));
#3245 = VECTOR('',#3246,1.);
#3246 = DIRECTION('',(1.,0.,0.));
#3247 = PCURVE('',#72,#3248);
#3248 = DEFINITIONAL_REPRESENTATION('',(#3249),#3253);
#3249 = LINE('',#3250,#3251);
#3250 = CARTESIAN_POINT('',(68.,132.));
#3251 = VECTOR('',#3252,1.);
#3252 = DIRECTION('',(1.,0.));
#3253 = ( GEOMETRIC_REPRESENTATION_CONTEXT(2) 
PARAMETRIC_REPRESENTATION_CONTEXT() REPRESENTATION_CONTEXT('2D SPACE',''
  ) );
#3254 = PCURVE('',#3255,#3260);
#3255 = PLANE('',#3256);
#3256 = AXIS2_PLACEMENT_3D('',#3257,#3258,#3259);
#3257 = CARTESIAN_POINT('',(69.,143.36753236814,-67.02943725152));
#3258 = DIRECTION('',(0.,0.707106781187,0.707106781187));
#3259 = DIRECTION('',(0.,-0.707106781187,0.707106781187));
#3260 = DEFINITIONAL_REPRESENTATION('',(#3261),#3265);
#3261 = LINE('',#3262,#3263);
#3262 = CARTESIAN_POINT('',(0.,0.));
#3263 = VECTOR('',#3264,1.);
#3264 = DIRECTION('',(0.,1.));
#3265 = ( GEOMETRIC_REPRESENTATION_CONTEXT(2) 
PARAMETRIC_REPRESENTATION_CONTEXT() REPRESENTATION_CONTEXT('2D SPACE',''
  ) );
#3266 = ORIENTED_EDGE('',*,*,#3267,.F.);
#3267 = EDGE_CURVE('',#3268,#3240,#3270,.T.);
#3268 = VERTEX_POINT('',#3269);
#3269 = CARTESIAN_POINT('',(69.,136.57930726875,-73.81766235091));
#3270 = SURFACE_CURVE('',#3271,(#3275,#3282),.PCURVE_S1.);
#3271 = LINE('',#3272,#3273);
#3272 = CARTESIAN_POINT('',(69.,50.029437251523,-160.3675323681));
#3273 = VECTOR('',#3274,1.);
#3274 = DIRECTION('',(0.,0.707106781187,0.707106781187));
#3275 = PCURVE('',#72,#3276);
#3276 = DEFINITIONAL_REPRESENTATION('',(#3277),#3281);
#3277 = LINE('',#3278,#3279);
#3278 = CARTESIAN_POINT('',(68.,0.));
#3279 = VECTOR('',#3280,1.);
#3280 = DIRECTION('',(0.,1.));
#3281 = ( GEOMETRIC_REPRESENTATION_CONTEXT(2) 
PARAMETRIC_REPRESENTATION_CONTEXT() REPRESENTATION_CONTEXT('2D SPACE',''
  ) );
#3282 = PCURVE('',#3283,#3288);
#3283 = PLANE('',#3284);
#3284 = AXIS2_PLACEMENT_3D('',#3285,#3286,#3287);
#3285 = CARTESIAN_POINT('',(69.,50.029437251523,-160.3675323681));
#3286 = DIRECTION('',(1.,0.,0.));
#3287 = DIRECTION('',(0.,-0.707106781187,0.707106781187));
#3288 = DEFINITIONAL_REPRESENTATION('',(#3289),#3293);
#3289 = LINE('',#3290,#3291);
#3290 = CARTESIAN_POINT('',(0.,0.));
#3291 = VECTOR('',#3292,1.);
#3292 = DIRECTION('',(0.,-1.));
#3293 = ( GEOMETRIC_REPRESENTATION_CONTEXT(2) 
PARAMETRIC_REPRESENTATION_CONTEXT() REPRESENTATION_CONTEXT('2D SPACE',''
  ) );
#3294 = ORIENTED_EDGE('',*,*,#3295,.F.);
#3295 = EDGE_CURVE('',#3296,#3268,#3298,.T.);
#3296 = VERTEX_POINT('',#3297);
#3297 = CARTESIAN_POINT('',(19.,136.57930726875,-73.81766235091));
#3298 = SURFACE_CURVE('',#3299,(#3303,#3310),.PCURVE_S1.);
#3299 = LINE('',#3300,#3301);
#3300 = CARTESIAN_POINT('',(8.,136.57930726875,-73.81766235091));
#3301 = VECTOR('',#3302,1.);
#3302 = DIRECTION('',(1.,0.,0.));
#3303 = PCURVE('',#72,#3304);
#3304 = DEFINITIONAL_REPRESENTATION('',(#3305),#3309);
#3305 = LINE('',#3306,#3307);
#3306 = CARTESIAN_POINT('',(7.,122.4));
#3307 = VECTOR('',#3308,1.);
#3308 = DIRECTION('',(1.,0.));
#3309 = ( GEOMETRIC_REPRESENTATION_CONTEXT(2) 
PARAMETRIC_REPRESENTATION_CONTEXT() REPRESENTATION_CONTEXT('2D SPACE',''
  ) );
#3310 = PCURVE('',#3311,#3316);
#3311 = PLANE('',#3312);
#3312 = AXIS2_PLACEMENT_3D('',#3313,#3314,#3315);
#3313 = CARTESIAN_POINT('',(8.,136.57930726875,-73.81766235091));
#3314 = DIRECTION('',(0.,0.707106781187,0.707106781187));
#3315 = DIRECTION('',(0.,-0.707106781187,0.707106781187));
#3316 = DEFINITIONAL_REPRESENTATION('',(#3317),#3321);
#3317 = LINE('',#3318,#3319);
#3318 = CARTESIAN_POINT('',(0.,0.));
#3319 = VECTOR('',#3320,1.);
#3320 = DIRECTION('',(0.,1.));
#3321 = ( GEOMETRIC_REPRESENTATION_CONTEXT(2) 
PARAMETRIC_REPRESENTATION_CONTEXT() REPRESENTATION_CONTEXT('2D SPACE',''
  ) );
#3322 = ORIENTED_EDGE('',*,*,#3323,.T.);
#3323 = EDGE_CURVE('',#3296,#3324,#3326,.T.);
#3324 = VERTEX_POINT('',#3325);
#3325 = CARTESIAN_POINT('',(19.,143.36753236814,-67.02943725152));
#3326 = SURFACE_CURVE('',#3327,(#3331,#3338),.PCURVE_S1.);
#3327 = LINE('',#3328,#3329);
#3328 = CARTESIAN_POINT('',(19.,50.029437251523,-160.3675323681));
#3329 = VECTOR('',#3330,1.);
#3330 = DIRECTION('',(0.,0.707106781187,0.707106781187));
#3331 = PCURVE('',#72,#3332);
#3332 = DEFINITIONAL_REPRESENTATION('',(#3333),#3337);
#3333 = LINE('',#3334,#3335);
#3334 = CARTESIAN_POINT('',(18.,0.));
#3335 = VECTOR('',#3336,1.);
#3336 = DIRECTION('',(0.,1.));
#3337 = ( GEOMETRIC_REPRESENTATION_CONTEXT(2) 
PARAMETRIC_REPRESENTATION_CONTEXT() REPRESENTATION_CONTEXT('2D SPACE',''
  ) );
#3338 = PCURVE('',#2187,#3339);
#3339 = DEFINITIONAL_REPRESENTATION('',(#3340),#3344);
#3340 = LINE('',#3341,#3342);
#3341 = CARTESIAN_POINT('',(0.,0.));
#3342 = VECTOR('',#3343,1.);
#3343 = DIRECTION('',(0.,-1.));
#3344 = ( GEOMETRIC_REPRESENTATION_CONTEXT(2) 
PARAMETRIC_REPRESENTATION_CONTEXT() REPRESENTATION_CONTEXT('2D SPACE',''
  ) );
#3345 = ORIENTED_EDGE('',*,*,#3346,.T.);
#3346 = EDGE_CURVE('',#3324,#57,#3347,.T.);
#3347 = SURFACE_CURVE('',#3348,(#3352,#3359),.PCURVE_S1.);
#3348 = LINE('',#3349,#3350);
#3349 = CARTESIAN_POINT('',(19.,143.36753236814,-67.02943725152));
#3350 = VECTOR('',#3351,1.);
#3351 = DIRECTION('',(-1.,0.,0.));
#3352 = PCURVE('',#72,#3353);
#3353 = DEFINITIONAL_REPRESENTATION('',(#3354),#3358);
#3354 = LINE('',#3355,#3356);
#3355 = CARTESIAN_POINT('',(18.,132.));
#3356 = VECTOR('',#3357,1.);
#3357 = DIRECTION('',(-1.,0.));
#3358 = ( GEOMETRIC_REPRESENTATION_CONTEXT(2) 
PARAMETRIC_REPRESENTATION_CONTEXT() REPRESENTATION_CONTEXT('2D SPACE',''
  ) );
#3359 = PCURVE('',#100,#3360);
#3360 = DEFINITIONAL_REPRESENTATION('',(#3361),#3365);
#3361 = LINE('',#3362,#3363);
#3362 = CARTESIAN_POINT('',(0.,18.));
#3363 = VECTOR('',#3364,1.);
#3364 = DIRECTION('',(0.,-1.));
#3365 = ( GEOMETRIC_REPRESENTATION_CONTEXT(2) 
PARAMETRIC_REPRESENTATION_CONTEXT() REPRESENTATION_CONTEXT('2D SPACE',''
  ) );
#3366 = ORIENTED_EDGE('',*,*,#56,.T.);
#3367 = FACE_BOUND('',#3368,.F.);
#3368 = EDGE_LOOP('',(#3369,#3399,#3427,#3455));
#3369 = ORIENTED_EDGE('',*,*,#3370,.T.);
#3370 = EDGE_CURVE('',#3371,#3373,#3375,.T.);
#3371 = VERTEX_POINT('',#3372);
#3372 = CARTESIAN_POINT('',(19.,134.8822509939,-75.51471862576));
#3373 = VERTEX_POINT('',#3374);
#3374 = CARTESIAN_POINT('',(69.,134.8822509939,-75.51471862576));
#3375 = SURFACE_CURVE('',#3376,(#3380,#3387),.PCURVE_S1.);
#3376 = LINE('',#3377,#3378);
#3377 = CARTESIAN_POINT('',(8.,134.8822509939,-75.51471862576));
#3378 = VECTOR('',#3379,1.);
#3379 = DIRECTION('',(1.,0.,0.));
#3380 = PCURVE('',#72,#3381);
#3381 = DEFINITIONAL_REPRESENTATION('',(#3382),#3386);
#3382 = LINE('',#3383,#3384);
#3383 = CARTESIAN_POINT('',(7.,120.));
#3384 = VECTOR('',#3385,1.);
#3385 = DIRECTION('',(1.,0.));
#3386 = ( GEOMETRIC_REPRESENTATION_CONTEXT(2) 
PARAMETRIC_REPRESENTATION_CONTEXT() REPRESENTATION_CONTEXT('2D SPACE',''
  ) );
#3387 = PCURVE('',#3388,#3393);
#3388 = PLANE('',#3389);
#3389 = AXIS2_PLACEMENT_3D('',#3390,#3391,#3392);
#3390 = CARTESIAN_POINT('',(8.,134.8822509939,-75.51471862576));
#3391 = DIRECTION('',(0.,0.707106781187,0.707106781187));
#3392 = DIRECTION('',(0.,-0.707106781187,0.707106781187));
#3393 = DEFINITIONAL_REPRESENTATION('',(#3394),#3398);
#3394 = LINE('',#3395,#3396);
#3395 = CARTESIAN_POINT('',(0.,0.));
#3396 = VECTOR('',#3397,1.);
#3397 = DIRECTION('',(0.,1.));
#3398 = ( GEOMETRIC_REPRESENTATION_CONTEXT(2) 
PARAMETRIC_REPRESENTATION_CONTEXT() REPRESENTATION_CONTEXT('2D SPACE',''
  ) );
#3399 = ORIENTED_EDGE('',*,*,#3400,.F.);
#3400 = EDGE_CURVE('',#3401,#3373,#3403,.T.);
#3401 = VERTEX_POINT('',#3402);
#3402 = CARTESIAN_POINT('',(69.,128.09402589451,-82.30294372515));
#3403 = SURFACE_CURVE('',#3404,(#3408,#3415),.PCURVE_S1.);
#3404 = LINE('',#3405,#3406);
#3405 = CARTESIAN_POINT('',(69.,50.029437251523,-160.3675323681));
#3406 = VECTOR('',#3407,1.);
#3407 = DIRECTION('',(0.,0.707106781187,0.707106781187));
#3408 = PCURVE('',#72,#3409);
#3409 = DEFINITIONAL_REPRESENTATION('',(#3410),#3414);
#3410 = LINE('',#3411,#3412);
#3411 = CARTESIAN_POINT('',(68.,0.));
#3412 = VECTOR('',#3413,1.);
#3413 = DIRECTION('',(0.,1.));
#3414 = ( GEOMETRIC_REPRESENTATION_CONTEXT(2) 
PARAMETRIC_REPRESENTATION_CONTEXT() REPRESENTATION_CONTEXT('2D SPACE',''
  ) );
#3415 = PCURVE('',#3416,#3421);
#3416 = PLANE('',#3417);
#3417 = AXIS2_PLACEMENT_3D('',#3418,#3419,#3420);
#3418 = CARTESIAN_POINT('',(69.,50.029437251523,-160.3675323681));
#3419 = DIRECTION('',(1.,0.,0.));
#3420 = DIRECTION('',(0.,-0.707106781187,0.707106781187));
#3421 = DEFINITIONAL_REPRESENTATION('',(#3422),#3426);
#3422 = LINE('',#3423,#3424);
#3423 = CARTESIAN_POINT('',(0.,0.));
#3424 = VECTOR('',#3425,1.);
#3425 = DIRECTION('',(0.,-1.));
#3426 = ( GEOMETRIC_REPRESENTATION_CONTEXT(2) 
PARAMETRIC_REPRESENTATION_CONTEXT() REPRESENTATION_CONTEXT('2D SPACE',''
  ) );
#3427 = ORIENTED_EDGE('',*,*,#3428,.F.);
#3428 = EDGE_CURVE('',#3429,#3401,#3431,.T.);
#3429 = VERTEX_POINT('',#3430);
#3430 = CARTESIAN_POINT('',(19.,128.09402589451,-82.30294372515));
#3431 = SURFACE_CURVE('',#3432,(#3436,#3443),.PCURVE_S1.);
#3432 = LINE('',#3433,#3434);
#3433 = CARTESIAN_POINT('',(8.,128.09402589451,-82.30294372515));
#3434 = VECTOR('',#3435,1.);
#3435 = DIRECTION('',(1.,0.,0.));
#3436 = PCURVE('',#72,#3437);
#3437 = DEFINITIONAL_REPRESENTATION('',(#3438),#3442);
#3438 = LINE('',#3439,#3440);
#3439 = CARTESIAN_POINT('',(7.,110.4));
#3440 = VECTOR('',#3441,1.);
#3441 = DIRECTION('',(1.,0.));
#3442 = ( GEOMETRIC_REPRESENTATION_CONTEXT(2) 
PARAMETRIC_REPRESENTATION_CONTEXT() REPRESENTATION_CONTEXT('2D SPACE',''
  ) );
#3443 = PCURVE('',#3444,#3449);
#3444 = PLANE('',#3445);
#3445 = AXIS2_PLACEMENT_3D('',#3446,#3447,#3448);
#3446 = CARTESIAN_POINT('',(8.,128.09402589451,-82.30294372515));
#3447 = DIRECTION('',(0.,0.707106781187,0.707106781187));
#3448 = DIRECTION('',(0.,-0.707106781187,0.707106781187));
#3449 = DEFINITIONAL_REPRESENTATION('',(#3450),#3454);
#3450 = LINE('',#3451,#3452);
#3451 = CARTESIAN_POINT('',(0.,0.));
#3452 = VECTOR('',#3453,1.);
#3453 = DIRECTION('',(0.,1.));
#3454 = ( GEOMETRIC_REPRESENTATION_CONTEXT(2) 
PARAMETRIC_REPRESENTATION_CONTEXT() REPRESENTATION_CONTEXT('2D SPACE',''
  ) );
#3455 = ORIENTED_EDGE('',*,*,#3456,.T.);
#3456 = EDGE_CURVE('',#3429,#3371,#3457,.T.);
#3457 = SURFACE_CURVE('',#3458,(#3462,#3469),.PCURVE_S1.);
#3458 = LINE('',#3459,#3460);
#3459 = CARTESIAN_POINT('',(19.,50.029437251523,-160.3675323681));
#3460 = VECTOR('',#3461,1.);
#3461 = DIRECTION('',(0.,0.707106781187,0.707106781187));
#3462 = PCURVE('',#72,#3463);
#3463 = DEFINITIONAL_REPRESENTATION('',(#3464),#3468);
#3464 = LINE('',#3465,#3466);
#3465 = CARTESIAN_POINT('',(18.,0.));
#3466 = VECTOR('',#3467,1.);
#3467 = DIRECTION('',(0.,1.));
#3468 = ( GEOMETRIC_REPRESENTATION_CONTEXT(2) 
PARAMETRIC_REPRESENTATION_CONTEXT() REPRESENTATION_CONTEXT('2D SPACE',''
  ) );
#3469 = PCURVE('',#2187,#3470);
#3470 = DEFINITIONAL_REPRESENTATION('',(#3471),#3475);
#3471 = LINE('',#3472,#3473);
#3472 = CARTESIAN_POINT('',(0.,0.));
#3473 = VECTOR('',#3474,1.);
#3474 = DIRECTION('',(0.,-1.));
#3475 = ( GEOMETRIC_REPRESENTATION_CONTEXT(2) 
PARAMETRIC_REPRESENTATION_CONTEXT() REPRESENTATION_CONTEXT('2D SPACE',''
  ) );
#3476 = FACE_BOUND('',#3477,.F.);
#3477 = EDGE_LOOP('',(#3478,#3503,#3531,#3559));
#3478 = ORIENTED_EDGE('',*,*,#3479,.F.);
#3479 = EDGE_CURVE('',#3480,#3482,#3484,.T.);
#3480 = VERTEX_POINT('',#3481);
#3481 = CARTESIAN_POINT('',(121.,128.09402589451,-82.30294372515));
#3482 = VERTEX_POINT('',#3483);
#3483 = CARTESIAN_POINT('',(121.,134.8822509939,-75.51471862576));
#3484 = SURFACE_CURVE('',#3485,(#3489,#3496),.PCURVE_S1.);
#3485 = LINE('',#3486,#3487);
#3486 = CARTESIAN_POINT('',(121.,50.029437251523,-160.3675323681));
#3487 = VECTOR('',#3488,1.);
#3488 = DIRECTION('',(0.,0.707106781187,0.707106781187));
#3489 = PCURVE('',#72,#3490);
#3490 = DEFINITIONAL_REPRESENTATION('',(#3491),#3495);
#3491 = LINE('',#3492,#3493);
#3492 = CARTESIAN_POINT('',(120.,0.));
#3493 = VECTOR('',#3494,1.);
#3494 = DIRECTION('',(0.,1.));
#3495 = ( GEOMETRIC_REPRESENTATION_CONTEXT(2) 
PARAMETRIC_REPRESENTATION_CONTEXT() REPRESENTATION_CONTEXT('2D SPACE',''
  ) );
#3496 = PCURVE('',#3171,#3497);
#3497 = DEFINITIONAL_REPRESENTATION('',(#3498),#3502);
#3498 = LINE('',#3499,#3500);
#3499 = CARTESIAN_POINT('',(0.,0.));
#3500 = VECTOR('',#3501,1.);
#3501 = DIRECTION('',(0.,-1.));
#3502 = ( GEOMETRIC_REPRESENTATION_CONTEXT(2) 
PARAMETRIC_REPRESENTATION_CONTEXT() REPRESENTATION_CONTEXT('2D SPACE',''
  ) );
#3503 = ORIENTED_EDGE('',*,*,#3504,.F.);
#3504 = EDGE_CURVE('',#3505,#3480,#3507,.T.);
#3505 = VERTEX_POINT('',#3506);
#3506 = CARTESIAN_POINT('',(71.4,128.09402589451,-82.30294372515));
#3507 = SURFACE_CURVE('',#3508,(#3512,#3519),.PCURVE_S1.);
#3508 = LINE('',#3509,#3510);
#3509 = CARTESIAN_POINT('',(8.,128.09402589451,-82.30294372515));
#3510 = VECTOR('',#3511,1.);
#3511 = DIRECTION('',(1.,0.,0.));
#3512 = PCURVE('',#72,#3513);
#3513 = DEFINITIONAL_REPRESENTATION('',(#3514),#3518);
#3514 = LINE('',#3515,#3516);
#3515 = CARTESIAN_POINT('',(7.,110.4));
#3516 = VECTOR('',#3517,1.);
#3517 = DIRECTION('',(1.,0.));
#3518 = ( GEOMETRIC_REPRESENTATION_CONTEXT(2) 
PARAMETRIC_REPRESENTATION_CONTEXT() REPRESENTATION_CONTEXT('2D SPACE',''
  ) );
#3519 = PCURVE('',#3520,#3525);
#3520 = PLANE('',#3521);
#3521 = AXIS2_PLACEMENT_3D('',#3522,#3523,#3524);
#3522 = CARTESIAN_POINT('',(8.,128.09402589451,-82.30294372515));
#3523 = DIRECTION('',(0.,0.707106781187,0.707106781187));
#3524 = DIRECTION('',(0.,-0.707106781187,0.707106781187));
#3525 = DEFINITIONAL_REPRESENTATION('',(#3526),#3530);
#3526 = LINE('',#3527,#3528);
#3527 = CARTESIAN_POINT('',(0.,0.));
#3528 = VECTOR('',#3529,1.);
#3529 = DIRECTION('',(0.,1.));
#3530 = ( GEOMETRIC_REPRESENTATION_CONTEXT(2) 
PARAMETRIC_REPRESENTATION_CONTEXT() REPRESENTATION_CONTEXT('2D SPACE',''
  ) );
#3531 = ORIENTED_EDGE('',*,*,#3532,.T.);
#3532 = EDGE_CURVE('',#3505,#3533,#3535,.T.);
#3533 = VERTEX_POINT('',#3534);
#3534 = CARTESIAN_POINT('',(71.4,134.8822509939,-75.51471862576));
#3535 = SURFACE_CURVE('',#3536,(#3540,#3547),.PCURVE_S1.);
#3536 = LINE('',#3537,#3538);
#3537 = CARTESIAN_POINT('',(71.4,50.029437251523,-160.3675323681));
#3538 = VECTOR('',#3539,1.);
#3539 = DIRECTION('',(0.,0.707106781187,0.707106781187));
#3540 = PCURVE('',#72,#3541);
#3541 = DEFINITIONAL_REPRESENTATION('',(#3542),#3546);
#3542 = LINE('',#3543,#3544);
#3543 = CARTESIAN_POINT('',(70.4,0.));
#3544 = VECTOR('',#3545,1.);
#3545 = DIRECTION('',(0.,1.));
#3546 = ( GEOMETRIC_REPRESENTATION_CONTEXT(2) 
PARAMETRIC_REPRESENTATION_CONTEXT() REPRESENTATION_CONTEXT('2D SPACE',''
  ) );
#3547 = PCURVE('',#3548,#3553);
#3548 = PLANE('',#3549);
#3549 = AXIS2_PLACEMENT_3D('',#3550,#3551,#3552);
#3550 = CARTESIAN_POINT('',(71.4,50.029437251523,-160.3675323681));
#3551 = DIRECTION('',(1.,0.,0.));
#3552 = DIRECTION('',(0.,-0.707106781187,0.707106781187));
#3553 = DEFINITIONAL_REPRESENTATION('',(#3554),#3558);
#3554 = LINE('',#3555,#3556);
#3555 = CARTESIAN_POINT('',(0.,0.));
#3556 = VECTOR('',#3557,1.);
#3557 = DIRECTION('',(0.,-1.));
#3558 = ( GEOMETRIC_REPRESENTATION_CONTEXT(2) 
PARAMETRIC_REPRESENTATION_CONTEXT() REPRESENTATION_CONTEXT('2D SPACE',''
  ) );
#3559 = ORIENTED_EDGE('',*,*,#3560,.T.);
#3560 = EDGE_CURVE('',#3533,#3482,#3561,.T.);
#3561 = SURFACE_CURVE('',#3562,(#3566,#3573),.PCURVE_S1.);
#3562 = LINE('',#3563,#3564);
#3563 = CARTESIAN_POINT('',(8.,134.8822509939,-75.51471862576));
#3564 = VECTOR('',#3565,1.);
#3565 = DIRECTION('',(1.,0.,0.));
#3566 = PCURVE('',#72,#3567);
#3567 = DEFINITIONAL_REPRESENTATION('',(#3568),#3572);
#3568 = LINE('',#3569,#3570);
#3569 = CARTESIAN_POINT('',(7.,120.));
#3570 = VECTOR('',#3571,1.);
#3571 = DIRECTION('',(1.,0.));
#3572 = ( GEOMETRIC_REPRESENTATION_CONTEXT(2) 
PARAMETRIC_REPRESENTATION_CONTEXT() REPRESENTATION_CONTEXT('2D SPACE',''
  ) );
#3573 = PCURVE('',#3574,#3579);
#3574 = PLANE('',#3575);
#3575 = AXIS2_PLACEMENT_3D('',#3576,#3577,#3578);
#3576 = CARTESIAN_POINT('',(8.,134.8822509939,-75.51471862576));
#3577 = DIRECTION('',(0.,0.707106781187,0.707106781187));
#3578 = DIRECTION('',(0.,-0.707106781187,0.707106781187));
#3579 = DEFINITIONAL_REPRESENTATION('',(#3580),#3584);
#3580 = LINE('',#3581,#3582);
#3581 = CARTESIAN_POINT('',(0.,0.));
#3582 = VECTOR('',#3583,1.);
#3583 = DIRECTION('',(0.,1.));
#3584 = ( GEOMETRIC_REPRESENTATION_CONTEXT(2) 
PARAMETRIC_REPRESENTATION_CONTEXT() REPRESENTATION_CONTEXT('2D SPACE',''
  ) );
#3585 = FACE_BOUND('',#3586,.F.);
#3586 = EDGE_LOOP('',(#3587,#3617,#3645,#3673));
#3587 = ORIENTED_EDGE('',*,*,#3588,.T.);
#3588 = EDGE_CURVE('',#3589,#3591,#3593,.T.);
#3589 = VERTEX_POINT('',#3590);
#3590 = CARTESIAN_POINT('',(71.4,109.42640687119,-100.9705627484));
#3591 = VERTEX_POINT('',#3592);
#3592 = CARTESIAN_POINT('',(121.,109.42640687119,-100.9705627484));
#3593 = SURFACE_CURVE('',#3594,(#3598,#3605),.PCURVE_S1.);
#3594 = LINE('',#3595,#3596);
#3595 = CARTESIAN_POINT('',(8.,109.42640687119,-100.9705627484));
#3596 = VECTOR('',#3597,1.);
#3597 = DIRECTION('',(1.,0.,0.));
#3598 = PCURVE('',#72,#3599);
#3599 = DEFINITIONAL_REPRESENTATION('',(#3600),#3604);
#3600 = LINE('',#3601,#3602);
#3601 = CARTESIAN_POINT('',(7.,84.));
#3602 = VECTOR('',#3603,1.);
#3603 = DIRECTION('',(1.,0.));
#3604 = ( GEOMETRIC_REPRESENTATION_CONTEXT(2) 
PARAMETRIC_REPRESENTATION_CONTEXT() REPRESENTATION_CONTEXT('2D SPACE',''
  ) );
#3605 = PCURVE('',#3606,#3611);
#3606 = PLANE('',#3607);
#3607 = AXIS2_PLACEMENT_3D('',#3608,#3609,#3610);
#3608 = CARTESIAN_POINT('',(8.,109.42640687119,-100.9705627484));
#3609 = DIRECTION('',(0.,0.707106781187,0.707106781187));
#3610 = DIRECTION('',(0.,-0.707106781187,0.707106781187));
#3611 = DEFINITIONAL_REPRESENTATION('',(#3612),#3616);
#3612 = LINE('',#3613,#3614);
#3613 = CARTESIAN_POINT('',(0.,0.));
#3614 = VECTOR('',#3615,1.);
#3615 = DIRECTION('',(0.,1.));
#3616 = ( GEOMETRIC_REPRESENTATION_CONTEXT(2) 
PARAMETRIC_REPRESENTATION_CONTEXT() REPRESENTATION_CONTEXT('2D SPACE',''
  ) );
#3617 = ORIENTED_EDGE('',*,*,#3618,.F.);
#3618 = EDGE_CURVE('',#3619,#3591,#3621,.T.);
#3619 = VERTEX_POINT('',#3620);
#3620 = CARTESIAN_POINT('',(121.,102.6381817718,-107.7587878478));
#3621 = SURFACE_CURVE('',#3622,(#3626,#3633),.PCURVE_S1.);
#3622 = LINE('',#3623,#3624);
#3623 = CARTESIAN_POINT('',(121.,50.029437251523,-160.3675323681));
#3624 = VECTOR('',#3625,1.);
#3625 = DIRECTION('',(0.,0.707106781187,0.707106781187));
#3626 = PCURVE('',#72,#3627);
#3627 = DEFINITIONAL_REPRESENTATION('',(#3628),#3632);
#3628 = LINE('',#3629,#3630);
#3629 = CARTESIAN_POINT('',(120.,0.));
#3630 = VECTOR('',#3631,1.);
#3631 = DIRECTION('',(0.,1.));
#3632 = ( GEOMETRIC_REPRESENTATION_CONTEXT(2) 
PARAMETRIC_REPRESENTATION_CONTEXT() REPRESENTATION_CONTEXT('2D SPACE',''
  ) );
#3633 = PCURVE('',#3634,#3639);
#3634 = PLANE('',#3635);
#3635 = AXIS2_PLACEMENT_3D('',#3636,#3637,#3638);
#3636 = CARTESIAN_POINT('',(121.,50.029437251523,-160.3675323681));
#3637 = DIRECTION('',(1.,0.,0.));
#3638 = DIRECTION('',(0.,-0.707106781187,0.707106781187));
#3639 = DEFINITIONAL_REPRESENTATION('',(#3640),#3644);
#3640 = LINE('',#3641,#3642);
#3641 = CARTESIAN_POINT('',(0.,0.));
#3642 = VECTOR('',#3643,1.);
#3643 = DIRECTION('',(0.,-1.));
#3644 = ( GEOMETRIC_REPRESENTATION_CONTEXT(2) 
PARAMETRIC_REPRESENTATION_CONTEXT() REPRESENTATION_CONTEXT('2D SPACE',''
  ) );
#3645 = ORIENTED_EDGE('',*,*,#3646,.F.);
#3646 = EDGE_CURVE('',#3647,#3619,#3649,.T.);
#3647 = VERTEX_POINT('',#3648);
#3648 = CARTESIAN_POINT('',(71.4,102.6381817718,-107.7587878478));
#3649 = SURFACE_CURVE('',#3650,(#3654,#3661),.PCURVE_S1.);
#3650 = LINE('',#3651,#3652);
#3651 = CARTESIAN_POINT('',(8.,102.6381817718,-107.7587878478));
#3652 = VECTOR('',#3653,1.);
#3653 = DIRECTION('',(1.,0.,0.));
#3654 = PCURVE('',#72,#3655);
#3655 = DEFINITIONAL_REPRESENTATION('',(#3656),#3660);
#3656 = LINE('',#3657,#3658);
#3657 = CARTESIAN_POINT('',(7.,74.4));
#3658 = VECTOR('',#3659,1.);
#3659 = DIRECTION('',(1.,0.));
#3660 = ( GEOMETRIC_REPRESENTATION_CONTEXT(2) 
PARAMETRIC_REPRESENTATION_CONTEXT() REPRESENTATION_CONTEXT('2D SPACE',''
  ) );
#3661 = PCURVE('',#3662,#3667);
#3662 = PLANE('',#3663);
#3663 = AXIS2_PLACEMENT_3D('',#3664,#3665,#3666);
#3664 = CARTESIAN_POINT('',(8.,102.6381817718,-107.7587878478));
#3665 = DIRECTION('',(0.,0.707106781187,0.707106781187));
#3666 = DIRECTION('',(0.,-0.707106781187,0.707106781187));
#3667 = DEFINITIONAL_REPRESENTATION('',(#3668),#3672);
#3668 = LINE('',#3669,#3670);
#3669 = CARTESIAN_POINT('',(0.,0.));
#3670 = VECTOR('',#3671,1.);
#3671 = DIRECTION('',(0.,1.));
#3672 = ( GEOMETRIC_REPRESENTATION_CONTEXT(2) 
PARAMETRIC_REPRESENTATION_CONTEXT() REPRESENTATION_CONTEXT('2D SPACE',''
  ) );
#3673 = ORIENTED_EDGE('',*,*,#3674,.T.);
#3674 = EDGE_CURVE('',#3647,#3589,#3675,.T.);
#3675 = SURFACE_CURVE('',#3676,(#3680,#3687),.PCURVE_S1.);
#3676 = LINE('',#3677,#3678);
#3677 = CARTESIAN_POINT('',(71.4,50.029437251523,-160.3675323681));
#3678 = VECTOR('',#3679,1.);
#3679 = DIRECTION('',(0.,0.707106781187,0.707106781187));
#3680 = PCURVE('',#72,#3681);
#3681 = DEFINITIONAL_REPRESENTATION('',(#3682),#3686);
#3682 = LINE('',#3683,#3684);
#3683 = CARTESIAN_POINT('',(70.4,0.));
#3684 = VECTOR('',#3685,1.);
#3685 = DIRECTION('',(0.,1.));
#3686 = ( GEOMETRIC_REPRESENTATION_CONTEXT(2) 
PARAMETRIC_REPRESENTATION_CONTEXT() REPRESENTATION_CONTEXT('2D SPACE',''
  ) );
#3687 = PCURVE('',#3688,#3693);
#3688 = PLANE('',#3689);
#3689 = AXIS2_PLACEMENT_3D('',#3690,#3691,#3692);
#3690 = CARTESIAN_POINT('',(71.4,50.029437251523,-160.3675323681));
#3691 = DIRECTION('',(1.,0.,0.));
#3692 = DIRECTION('',(0.,-0.707106781187,0.707106781187));
#3693 = DEFINITIONAL_REPRESENTATION('',(#3694),#3698);
#3694 = LINE('',#3695,#3696);
#3695 = CARTESIAN_POINT('',(0.,0.));
#3696 = VECTOR('',#3697,1.);
#3697 = DIRECTION('',(0.,-1.));
#3698 = ( GEOMETRIC_REPRESENTATION_CONTEXT(2) 
PARAMETRIC_REPRESENTATION_CONTEXT() REPRESENTATION_CONTEXT('2D SPACE',''
  ) );
#3699 = FACE_BOUND('',#3700,.F.);
#3700 = EDGE_LOOP('',(#3701,#3731,#3754,#3782));
#3701 = ORIENTED_EDGE('',*,*,#3702,.T.);
#3702 = EDGE_CURVE('',#3703,#3705,#3707,.T.);
#3703 = VERTEX_POINT('',#3704);
#3704 = CARTESIAN_POINT('',(71.4,126.39696961967,-84.));
#3705 = VERTEX_POINT('',#3706);
#3706 = CARTESIAN_POINT('',(121.,126.39696961967,-84.));
#3707 = SURFACE_CURVE('',#3708,(#3712,#3719),.PCURVE_S1.);
#3708 = LINE('',#3709,#3710);
#3709 = CARTESIAN_POINT('',(8.,126.39696961967,-84.));
#3710 = VECTOR('',#3711,1.);
#3711 = DIRECTION('',(1.,0.,0.));
#3712 = PCURVE('',#72,#3713);
#3713 = DEFINITIONAL_REPRESENTATION('',(#3714),#3718);
#3714 = LINE('',#3715,#3716);
#3715 = CARTESIAN_POINT('',(7.,108.));
#3716 = VECTOR('',#3717,1.);
#3717 = DIRECTION('',(1.,0.));
#3718 = ( GEOMETRIC_REPRESENTATION_CONTEXT(2) 
PARAMETRIC_REPRESENTATION_CONTEXT() REPRESENTATION_CONTEXT('2D SPACE',''
  ) );
#3719 = PCURVE('',#3720,#3725);
#3720 = PLANE('',#3721);
#3721 = AXIS2_PLACEMENT_3D('',#3722,#3723,#3724);
#3722 = CARTESIAN_POINT('',(8.,126.39696961967,-84.));
#3723 = DIRECTION('',(0.,0.707106781187,0.707106781187));
#3724 = DIRECTION('',(0.,-0.707106781187,0.707106781187));
#3725 = DEFINITIONAL_REPRESENTATION('',(#3726),#3730);
#3726 = LINE('',#3727,#3728);
#3727 = CARTESIAN_POINT('',(0.,0.));
#3728 = VECTOR('',#3729,1.);
#3729 = DIRECTION('',(0.,1.));
#3730 = ( GEOMETRIC_REPRESENTATION_CONTEXT(2) 
PARAMETRIC_REPRESENTATION_CONTEXT() REPRESENTATION_CONTEXT('2D SPACE',''
  ) );
#3731 = ORIENTED_EDGE('',*,*,#3732,.F.);
#3732 = EDGE_CURVE('',#3733,#3705,#3735,.T.);
#3733 = VERTEX_POINT('',#3734);
#3734 = CARTESIAN_POINT('',(121.,119.60874452027,-90.78822509939));
#3735 = SURFACE_CURVE('',#3736,(#3740,#3747),.PCURVE_S1.);
#3736 = LINE('',#3737,#3738);
#3737 = CARTESIAN_POINT('',(121.,50.029437251523,-160.3675323681));
#3738 = VECTOR('',#3739,1.);
#3739 = DIRECTION('',(0.,0.707106781187,0.707106781187));
#3740 = PCURVE('',#72,#3741);
#3741 = DEFINITIONAL_REPRESENTATION('',(#3742),#3746);
#3742 = LINE('',#3743,#3744);
#3743 = CARTESIAN_POINT('',(120.,0.));
#3744 = VECTOR('',#3745,1.);
#3745 = DIRECTION('',(0.,1.));
#3746 = ( GEOMETRIC_REPRESENTATION_CONTEXT(2) 
PARAMETRIC_REPRESENTATION_CONTEXT() REPRESENTATION_CONTEXT('2D SPACE',''
  ) );
#3747 = PCURVE('',#3171,#3748);
#3748 = DEFINITIONAL_REPRESENTATION('',(#3749),#3753);
#3749 = LINE('',#3750,#3751);
#3750 = CARTESIAN_POINT('',(0.,0.));
#3751 = VECTOR('',#3752,1.);
#3752 = DIRECTION('',(0.,-1.));
#3753 = ( GEOMETRIC_REPRESENTATION_CONTEXT(2) 
PARAMETRIC_REPRESENTATION_CONTEXT() REPRESENTATION_CONTEXT('2D SPACE',''
  ) );
#3754 = ORIENTED_EDGE('',*,*,#3755,.F.);
#3755 = EDGE_CURVE('',#3756,#3733,#3758,.T.);
#3756 = VERTEX_POINT('',#3757);
#3757 = CARTESIAN_POINT('',(71.4,119.60874452027,-90.78822509939));
#3758 = SURFACE_CURVE('',#3759,(#3763,#3770),.PCURVE_S1.);
#3759 = LINE('',#3760,#3761);
#3760 = CARTESIAN_POINT('',(8.,119.60874452027,-90.78822509939));
#3761 = VECTOR('',#3762,1.);
#3762 = DIRECTION('',(1.,0.,0.));
#3763 = PCURVE('',#72,#3764);
#3764 = DEFINITIONAL_REPRESENTATION('',(#3765),#3769);
#3765 = LINE('',#3766,#3767);
#3766 = CARTESIAN_POINT('',(7.,98.4));
#3767 = VECTOR('',#3768,1.);
#3768 = DIRECTION('',(1.,0.));
#3769 = ( GEOMETRIC_REPRESENTATION_CONTEXT(2) 
PARAMETRIC_REPRESENTATION_CONTEXT() REPRESENTATION_CONTEXT('2D SPACE',''
  ) );
#3770 = PCURVE('',#3771,#3776);
#3771 = PLANE('',#3772);
#3772 = AXIS2_PLACEMENT_3D('',#3773,#3774,#3775);
#3773 = CARTESIAN_POINT('',(8.,119.60874452027,-90.78822509939));
#3774 = DIRECTION('',(0.,0.707106781187,0.707106781187));
#3775 = DIRECTION('',(0.,-0.707106781187,0.707106781187));
#3776 = DEFINITIONAL_REPRESENTATION('',(#3777),#3781);
#3777 = LINE('',#3778,#3779);
#3778 = CARTESIAN_POINT('',(0.,0.));
#3779 = VECTOR('',#3780,1.);
#3780 = DIRECTION('',(0.,1.));
#3781 = ( GEOMETRIC_REPRESENTATION_CONTEXT(2) 
PARAMETRIC_REPRESENTATION_CONTEXT() REPRESENTATION_CONTEXT('2D SPACE',''
  ) );
#3782 = ORIENTED_EDGE('',*,*,#3783,.T.);
#3783 = EDGE_CURVE('',#3756,#3703,#3784,.T.);
#3784 = SURFACE_CURVE('',#3785,(#3789,#3796),.PCURVE_S1.);
#3785 = LINE('',#3786,#3787);
#3786 = CARTESIAN_POINT('',(71.4,50.029437251523,-160.3675323681));
#3787 = VECTOR('',#3788,1.);
#3788 = DIRECTION('',(0.,0.707106781187,0.707106781187));
#3789 = PCURVE('',#72,#3790);
#3790 = DEFINITIONAL_REPRESENTATION('',(#3791),#3795);
#3791 = LINE('',#3792,#3793);
#3792 = CARTESIAN_POINT('',(70.4,0.));
#3793 = VECTOR('',#3794,1.);
#3794 = DIRECTION('',(0.,1.));
#3795 = ( GEOMETRIC_REPRESENTATION_CONTEXT(2) 
PARAMETRIC_REPRESENTATION_CONTEXT() REPRESENTATION_CONTEXT('2D SPACE',''
  ) );
#3796 = PCURVE('',#3797,#3802);
#3797 = PLANE('',#3798);
#3798 = AXIS2_PLACEMENT_3D('',#3799,#3800,#3801);
#3799 = CARTESIAN_POINT('',(71.4,50.029437251523,-160.3675323681));
#3800 = DIRECTION('',(1.,0.,0.));
#3801 = DIRECTION('',(0.,-0.707106781187,0.707106781187));
#3802 = DEFINITIONAL_REPRESENTATION('',(#3803),#3807);
#3803 = LINE('',#3804,#3805);
#3804 = CARTESIAN_POINT('',(0.,0.));
#3805 = VECTOR('',#3806,1.);
#3806 = DIRECTION('',(0.,-1.));
#3807 = ( GEOMETRIC_REPRESENTATION_CONTEXT(2) 
PARAMETRIC_REPRESENTATION_CONTEXT() REPRESENTATION_CONTEXT('2D SPACE',''
  ) );
#3808 = FACE_BOUND('',#3809,.F.);
#3809 = EDGE_LOOP('',(#3810,#3835,#3863,#3891));
#3810 = ORIENTED_EDGE('',*,*,#3811,.F.);
#3811 = EDGE_CURVE('',#3812,#3814,#3816,.T.);
#3812 = VERTEX_POINT('',#3813);
#3813 = CARTESIAN_POINT('',(71.4,53.564971157456,-156.8319984622));
#3814 = VERTEX_POINT('',#3815);
#3815 = CARTESIAN_POINT('',(121.,53.564971157456,-156.8319984622));
#3816 = SURFACE_CURVE('',#3817,(#3821,#3828),.PCURVE_S1.);
#3817 = LINE('',#3818,#3819);
#3818 = CARTESIAN_POINT('',(1.,53.564971157456,-156.8319984622));
#3819 = VECTOR('',#3820,1.);
#3820 = DIRECTION('',(1.,0.,0.));
#3821 = PCURVE('',#72,#3822);
#3822 = DEFINITIONAL_REPRESENTATION('',(#3823),#3827);
#3823 = LINE('',#3824,#3825);
#3824 = CARTESIAN_POINT('',(0.,5.));
#3825 = VECTOR('',#3826,1.);
#3826 = DIRECTION('',(1.,0.));
#3827 = ( GEOMETRIC_REPRESENTATION_CONTEXT(2) 
PARAMETRIC_REPRESENTATION_CONTEXT() REPRESENTATION_CONTEXT('2D SPACE',''
  ) );
#3828 = PCURVE('',#3068,#3829);
#3829 = DEFINITIONAL_REPRESENTATION('',(#3830),#3834);
#3830 = LINE('',#3831,#3832);
#3831 = CARTESIAN_POINT('',(0.,0.));
#3832 = VECTOR('',#3833,1.);
#3833 = DIRECTION('',(0.,1.));
#3834 = ( GEOMETRIC_REPRESENTATION_CONTEXT(2) 
PARAMETRIC_REPRESENTATION_CONTEXT() REPRESENTATION_CONTEXT('2D SPACE',''
  ) );
#3835 = ORIENTED_EDGE('',*,*,#3836,.T.);
#3836 = EDGE_CURVE('',#3812,#3837,#3839,.T.);
#3837 = VERTEX_POINT('',#3838);
#3838 = CARTESIAN_POINT('',(71.4,58.514718625761,-151.8822509939));
#3839 = SURFACE_CURVE('',#3840,(#3844,#3851),.PCURVE_S1.);
#3840 = LINE('',#3841,#3842);
#3841 = CARTESIAN_POINT('',(71.4,50.029437251523,-160.3675323681));
#3842 = VECTOR('',#3843,1.);
#3843 = DIRECTION('',(0.,0.707106781187,0.707106781187));
#3844 = PCURVE('',#72,#3845);
#3845 = DEFINITIONAL_REPRESENTATION('',(#3846),#3850);
#3846 = LINE('',#3847,#3848);
#3847 = CARTESIAN_POINT('',(70.4,0.));
#3848 = VECTOR('',#3849,1.);
#3849 = DIRECTION('',(0.,1.));
#3850 = ( GEOMETRIC_REPRESENTATION_CONTEXT(2) 
PARAMETRIC_REPRESENTATION_CONTEXT() REPRESENTATION_CONTEXT('2D SPACE',''
  ) );
#3851 = PCURVE('',#3852,#3857);
#3852 = PLANE('',#3853);
#3853 = AXIS2_PLACEMENT_3D('',#3854,#3855,#3856);
#3854 = CARTESIAN_POINT('',(71.4,50.029437251523,-160.3675323681));
#3855 = DIRECTION('',(1.,0.,0.));
#3856 = DIRECTION('',(0.,-0.707106781187,0.707106781187));
#3857 = DEFINITIONAL_REPRESENTATION('',(#3858),#3862);
#3858 = LINE('',#3859,#3860);
#3859 = CARTESIAN_POINT('',(0.,0.));
#3860 = VECTOR('',#3861,1.);
#3861 = DIRECTION('',(0.,-1.));
#3862 = ( GEOMETRIC_REPRESENTATION_CONTEXT(2) 
PARAMETRIC_REPRESENTATION_CONTEXT() REPRESENTATION_CONTEXT('2D SPACE',''
  ) );
#3863 = ORIENTED_EDGE('',*,*,#3864,.T.);
#3864 = EDGE_CURVE('',#3837,#3865,#3867,.T.);
#3865 = VERTEX_POINT('',#3866);
#3866 = CARTESIAN_POINT('',(121.,58.514718625761,-151.8822509939));
#3867 = SURFACE_CURVE('',#3868,(#3872,#3879),.PCURVE_S1.);
#3868 = LINE('',#3869,#3870);
#3869 = CARTESIAN_POINT('',(8.,58.514718625761,-151.8822509939));
#3870 = VECTOR('',#3871,1.);
#3871 = DIRECTION('',(1.,0.,0.));
#3872 = PCURVE('',#72,#3873);
#3873 = DEFINITIONAL_REPRESENTATION('',(#3874),#3878);
#3874 = LINE('',#3875,#3876);
#3875 = CARTESIAN_POINT('',(7.,12.));
#3876 = VECTOR('',#3877,1.);
#3877 = DIRECTION('',(1.,0.));
#3878 = ( GEOMETRIC_REPRESENTATION_CONTEXT(2) 
PARAMETRIC_REPRESENTATION_CONTEXT() REPRESENTATION_CONTEXT('2D SPACE',''
  ) );
#3879 = PCURVE('',#3880,#3885);
#3880 = PLANE('',#3881);
#3881 = AXIS2_PLACEMENT_3D('',#3882,#3883,#3884);
#3882 = CARTESIAN_POINT('',(8.,58.514718625761,-151.8822509939));
#3883 = DIRECTION('',(0.,0.707106781187,0.707106781187));
#3884 = DIRECTION('',(0.,-0.707106781187,0.707106781187));
#3885 = DEFINITIONAL_REPRESENTATION('',(#3886),#3890);
#3886 = LINE('',#3887,#3888);
#3887 = CARTESIAN_POINT('',(0.,0.));
#3888 = VECTOR('',#3889,1.);
#3889 = DIRECTION('',(0.,1.));
#3890 = ( GEOMETRIC_REPRESENTATION_CONTEXT(2) 
PARAMETRIC_REPRESENTATION_CONTEXT() REPRESENTATION_CONTEXT('2D SPACE',''
  ) );
#3891 = ORIENTED_EDGE('',*,*,#3892,.F.);
#3892 = EDGE_CURVE('',#3814,#3865,#3893,.T.);
#3893 = SURFACE_CURVE('',#3894,(#3898,#3905),.PCURVE_S1.);
#3894 = LINE('',#3895,#3896);
#3895 = CARTESIAN_POINT('',(121.,50.029437251523,-160.3675323681));
#3896 = VECTOR('',#3897,1.);
#3897 = DIRECTION('',(0.,0.707106781187,0.707106781187));
#3898 = PCURVE('',#72,#3899);
#3899 = DEFINITIONAL_REPRESENTATION('',(#3900),#3904);
#3900 = LINE('',#3901,#3902);
#3901 = CARTESIAN_POINT('',(120.,0.));
#3902 = VECTOR('',#3903,1.);
#3903 = DIRECTION('',(0.,1.));
#3904 = ( GEOMETRIC_REPRESENTATION_CONTEXT(2) 
PARAMETRIC_REPRESENTATION_CONTEXT() REPRESENTATION_CONTEXT('2D SPACE',''
  ) );
#3905 = PCURVE('',#3906,#3911);
#3906 = PLANE('',#3907);
#3907 = AXIS2_PLACEMENT_3D('',#3908,#3909,#3910);
#3908 = CARTESIAN_POINT('',(121.,50.029437251523,-160.3675323681));
#3909 = DIRECTION('',(1.,0.,0.));
#3910 = DIRECTION('',(0.,-0.707106781187,0.707106781187));
#3911 = DEFINITIONAL_REPRESENTATION('',(#3912),#3916);
#3912 = LINE('',#3913,#3914);
#3913 = CARTESIAN_POINT('',(0.,0.));
#3914 = VECTOR('',#3915,1.);
#3915 = DIRECTION('',(0.,-1.));
#3916 = ( GEOMETRIC_REPRESENTATION_CONTEXT(2) 
PARAMETRIC_REPRESENTATION_CONTEXT() REPRESENTATION_CONTEXT('2D SPACE',''
  ) );
#3917 = FACE_BOUND('',#3918,.F.);
#3918 = EDGE_LOOP('',(#3919,#3949,#3977,#4005));
#3919 = ORIENTED_EDGE('',*,*,#3920,.F.);
#3920 = EDGE_CURVE('',#3921,#3923,#3925,.T.);
#3921 = VERTEX_POINT('',#3922);
#3922 = CARTESIAN_POINT('',(71.4,111.12346314604,-99.27350647362));
#3923 = VERTEX_POINT('',#3924);
#3924 = CARTESIAN_POINT('',(121.,111.12346314604,-99.27350647362));
#3925 = SURFACE_CURVE('',#3926,(#3930,#3937),.PCURVE_S1.);
#3926 = LINE('',#3927,#3928);
#3927 = CARTESIAN_POINT('',(8.,111.12346314604,-99.27350647362));
#3928 = VECTOR('',#3929,1.);
#3929 = DIRECTION('',(1.,0.,0.));
#3930 = PCURVE('',#72,#3931);
#3931 = DEFINITIONAL_REPRESENTATION('',(#3932),#3936);
#3932 = LINE('',#3933,#3934);
#3933 = CARTESIAN_POINT('',(7.,86.4));
#3934 = VECTOR('',#3935,1.);
#3935 = DIRECTION('',(1.,0.));
#3936 = ( GEOMETRIC_REPRESENTATION_CONTEXT(2) 
PARAMETRIC_REPRESENTATION_CONTEXT() REPRESENTATION_CONTEXT('2D SPACE',''
  ) );
#3937 = PCURVE('',#3938,#3943);
#3938 = PLANE('',#3939);
#3939 = AXIS2_PLACEMENT_3D('',#3940,#3941,#3942);
#3940 = CARTESIAN_POINT('',(8.,111.12346314604,-99.27350647362));
#3941 = DIRECTION('',(0.,0.707106781187,0.707106781187));
#3942 = DIRECTION('',(0.,-0.707106781187,0.707106781187));
#3943 = DEFINITIONAL_REPRESENTATION('',(#3944),#3948);
#3944 = LINE('',#3945,#3946);
#3945 = CARTESIAN_POINT('',(0.,0.));
#3946 = VECTOR('',#3947,1.);
#3947 = DIRECTION('',(0.,1.));
#3948 = ( GEOMETRIC_REPRESENTATION_CONTEXT(2) 
PARAMETRIC_REPRESENTATION_CONTEXT() REPRESENTATION_CONTEXT('2D SPACE',''
  ) );
#3949 = ORIENTED_EDGE('',*,*,#3950,.T.);
#3950 = EDGE_CURVE('',#3921,#3951,#3953,.T.);
#3951 = VERTEX_POINT('',#3952);
#3952 = CARTESIAN_POINT('',(71.4,117.91168824543,-92.48528137423));
#3953 = SURFACE_CURVE('',#3954,(#3958,#3965),.PCURVE_S1.);
#3954 = LINE('',#3955,#3956);
#3955 = CARTESIAN_POINT('',(71.4,50.029437251523,-160.3675323681));
#3956 = VECTOR('',#3957,1.);
#3957 = DIRECTION('',(0.,0.707106781187,0.707106781187));
#3958 = PCURVE('',#72,#3959);
#3959 = DEFINITIONAL_REPRESENTATION('',(#3960),#3964);
#3960 = LINE('',#3961,#3962);
#3961 = CARTESIAN_POINT('',(70.4,0.));
#3962 = VECTOR('',#3963,1.);
#3963 = DIRECTION('',(0.,1.));
#3964 = ( GEOMETRIC_REPRESENTATION_CONTEXT(2) 
PARAMETRIC_REPRESENTATION_CONTEXT() REPRESENTATION_CONTEXT('2D SPACE',''
  ) );
#3965 = PCURVE('',#3966,#3971);
#3966 = PLANE('',#3967);
#3967 = AXIS2_PLACEMENT_3D('',#3968,#3969,#3970);
#3968 = CARTESIAN_POINT('',(71.4,50.029437251523,-160.3675323681));
#3969 = DIRECTION('',(1.,0.,0.));
#3970 = DIRECTION('',(0.,-0.707106781187,0.707106781187));
#3971 = DEFINITIONAL_REPRESENTATION('',(#3972),#3976);
#3972 = LINE('',#3973,#3974);
#3973 = CARTESIAN_POINT('',(0.,0.));
#3974 = VECTOR('',#3975,1.);
#3975 = DIRECTION('',(0.,-1.));
#3976 = ( GEOMETRIC_REPRESENTATION_CONTEXT(2) 
PARAMETRIC_REPRESENTATION_CONTEXT() REPRESENTATION_CONTEXT('2D SPACE',''
  ) );
#3977 = ORIENTED_EDGE('',*,*,#3978,.T.);
#3978 = EDGE_CURVE('',#3951,#3979,#3981,.T.);
#3979 = VERTEX_POINT('',#3980);
#3980 = CARTESIAN_POINT('',(121.,117.91168824543,-92.48528137423));
#3981 = SURFACE_CURVE('',#3982,(#3986,#3993),.PCURVE_S1.);
#3982 = LINE('',#3983,#3984);
#3983 = CARTESIAN_POINT('',(8.,117.91168824543,-92.48528137423));
#3984 = VECTOR('',#3985,1.);
#3985 = DIRECTION('',(1.,0.,0.));
#3986 = PCURVE('',#72,#3987);
#3987 = DEFINITIONAL_REPRESENTATION('',(#3988),#3992);
#3988 = LINE('',#3989,#3990);
#3989 = CARTESIAN_POINT('',(7.,96.));
#3990 = VECTOR('',#3991,1.);
#3991 = DIRECTION('',(1.,0.));
#3992 = ( GEOMETRIC_REPRESENTATION_CONTEXT(2) 
PARAMETRIC_REPRESENTATION_CONTEXT() REPRESENTATION_CONTEXT('2D SPACE',''
  ) );
#3993 = PCURVE('',#3994,#3999);
#3994 = PLANE('',#3995);
#3995 = AXIS2_PLACEMENT_3D('',#3996,#3997,#3998);
#3996 = CARTESIAN_POINT('',(8.,117.91168824543,-92.48528137423));
#3997 = DIRECTION('',(0.,0.707106781187,0.707106781187));
#3998 = DIRECTION('',(0.,-0.707106781187,0.707106781187));
#3999 = DEFINITIONAL_REPRESENTATION('',(#4000),#4004);
#4000 = LINE('',#4001,#4002);
#4001 = CARTESIAN_POINT('',(0.,0.));
#4002 = VECTOR('',#4003,1.);
#4003 = DIRECTION('',(0.,1.));
#4004 = ( GEOMETRIC_REPRESENTATION_CONTEXT(2) 
PARAMETRIC_REPRESENTATION_CONTEXT() REPRESENTATION_CONTEXT('2D SPACE',''
  ) );
#4005 = ORIENTED_EDGE('',*,*,#4006,.F.);
#4006 = EDGE_CURVE('',#3923,#3979,#4007,.T.);
#4007 = SURFACE_CURVE('',#4008,(#4012,#4019),.PCURVE_S1.);
#4008 = LINE('',#4009,#4010);
#4009 = CARTESIAN_POINT('',(121.,50.029437251523,-160.3675323681));
#4010 = VECTOR('',#4011,1.);
#4011 = DIRECTION('',(0.,0.707106781187,0.707106781187));
#4012 = PCURVE('',#72,#4013);
#4013 = DEFINITIONAL_REPRESENTATION('',(#4014),#4018);
#4014 = LINE('',#4015,#4016);
#4015 = CARTESIAN_POINT('',(120.,0.));
#4016 = VECTOR('',#4017,1.);
#4017 = DIRECTION('',(0.,1.));
#4018 = ( GEOMETRIC_REPRESENTATION_CONTEXT(2) 
PARAMETRIC_REPRESENTATION_CONTEXT() REPRESENTATION_CONTEXT('2D SPACE',''
  ) );
#4019 = PCURVE('',#4020,#4025);
#4020 = PLANE('',#4021);
#4021 = AXIS2_PLACEMENT_3D('',#4022,#4023,#4024);
#4022 = CARTESIAN_POINT('',(121.,50.029437251523,-160.3675323681));
#4023 = DIRECTION('',(1.,0.,0.));
#4024 = DIRECTION('',(0.,-0.707106781187,0.707106781187));
#4025 = DEFINITIONAL_REPRESENTATION('',(#4026),#4030);
#4026 = LINE('',#4027,#4028);
#4027 = CARTESIAN_POINT('',(0.,0.));
#4028 = VECTOR('',#4029,1.);
#4029 = DIRECTION('',(0.,-1.));
#4030 = ( GEOMETRIC_REPRESENTATION_CONTEXT(2) 
PARAMETRIC_REPRESENTATION_CONTEXT() REPRESENTATION_CONTEXT('2D SPACE',''
  ) );
#4031 = FACE_BOUND('',#4032,.F.);
#4032 = EDGE_LOOP('',(#4033,#4063,#4091,#4119));
#4033 = ORIENTED_EDGE('',*,*,#4034,.F.);
#4034 = EDGE_CURVE('',#4035,#4037,#4039,.T.);
#4035 = VERTEX_POINT('',#4036);
#4036 = CARTESIAN_POINT('',(71.4,60.211774900609,-150.185194719));
#4037 = VERTEX_POINT('',#4038);
#4038 = CARTESIAN_POINT('',(121.,60.211774900609,-150.185194719));
#4039 = SURFACE_CURVE('',#4040,(#4044,#4051),.PCURVE_S1.);
#4040 = LINE('',#4041,#4042);
#4041 = CARTESIAN_POINT('',(8.,60.211774900609,-150.185194719));
#4042 = VECTOR('',#4043,1.);
#4043 = DIRECTION('',(1.,0.,0.));
#4044 = PCURVE('',#72,#4045);
#4045 = DEFINITIONAL_REPRESENTATION('',(#4046),#4050);
#4046 = LINE('',#4047,#4048);
#4047 = CARTESIAN_POINT('',(7.,14.4));
#4048 = VECTOR('',#4049,1.);
#4049 = DIRECTION('',(1.,0.));
#4050 = ( GEOMETRIC_REPRESENTATION_CONTEXT(2) 
PARAMETRIC_REPRESENTATION_CONTEXT() REPRESENTATION_CONTEXT('2D SPACE',''
  ) );
#4051 = PCURVE('',#4052,#4057);
#4052 = PLANE('',#4053);
#4053 = AXIS2_PLACEMENT_3D('',#4054,#4055,#4056);
#4054 = CARTESIAN_POINT('',(8.,60.211774900609,-150.185194719));
#4055 = DIRECTION('',(0.,0.707106781187,0.707106781187));
#4056 = DIRECTION('',(0.,-0.707106781187,0.707106781187));
#4057 = DEFINITIONAL_REPRESENTATION('',(#4058),#4062);
#4058 = LINE('',#4059,#4060);
#4059 = CARTESIAN_POINT('',(0.,0.));
#4060 = VECTOR('',#4061,1.);
#4061 = DIRECTION('',(0.,1.));
#4062 = ( GEOMETRIC_REPRESENTATION_CONTEXT(2) 
PARAMETRIC_REPRESENTATION_CONTEXT() REPRESENTATION_CONTEXT('2D SPACE',''
  ) );
#4063 = ORIENTED_EDGE('',*,*,#4064,.T.);
#4064 = EDGE_CURVE('',#4035,#4065,#4067,.T.);
#4065 = VERTEX_POINT('',#4066);
#4066 = CARTESIAN_POINT('',(71.4,67.,-143.3969696196));
#4067 = SURFACE_CURVE('',#4068,(#4072,#4079),.PCURVE_S1.);
#4068 = LINE('',#4069,#4070);
#4069 = CARTESIAN_POINT('',(71.4,50.029437251523,-160.3675323681));
#4070 = VECTOR('',#4071,1.);
#4071 = DIRECTION('',(0.,0.707106781187,0.707106781187));
#4072 = PCURVE('',#72,#4073);
#4073 = DEFINITIONAL_REPRESENTATION('',(#4074),#4078);
#4074 = LINE('',#4075,#4076);
#4075 = CARTESIAN_POINT('',(70.4,0.));
#4076 = VECTOR('',#4077,1.);
#4077 = DIRECTION('',(0.,1.));
#4078 = ( GEOMETRIC_REPRESENTATION_CONTEXT(2) 
PARAMETRIC_REPRESENTATION_CONTEXT() REPRESENTATION_CONTEXT('2D SPACE',''
  ) );
#4079 = PCURVE('',#4080,#4085);
#4080 = PLANE('',#4081);
#4081 = AXIS2_PLACEMENT_3D('',#4082,#4083,#4084);
#4082 = CARTESIAN_POINT('',(71.4,50.029437251523,-160.3675323681));
#4083 = DIRECTION('',(1.,0.,0.));
#4084 = DIRECTION('',(0.,-0.707106781187,0.707106781187));
#4085 = DEFINITIONAL_REPRESENTATION('',(#4086),#4090);
#4086 = LINE('',#4087,#4088);
#4087 = CARTESIAN_POINT('',(0.,0.));
#4088 = VECTOR('',#4089,1.);
#4089 = DIRECTION('',(0.,-1.));
#4090 = ( GEOMETRIC_REPRESENTATION_CONTEXT(2) 
PARAMETRIC_REPRESENTATION_CONTEXT() REPRESENTATION_CONTEXT('2D SPACE',''
  ) );
#4091 = ORIENTED_EDGE('',*,*,#4092,.T.);
#4092 = EDGE_CURVE('',#4065,#4093,#4095,.T.);
#4093 = VERTEX_POINT('',#4094);
#4094 = CARTESIAN_POINT('',(121.,67.,-143.3969696196));
#4095 = SURFACE_CURVE('',#4096,(#4100,#4107),.PCURVE_S1.);
#4096 = LINE('',#4097,#4098);
#4097 = CARTESIAN_POINT('',(8.,67.,-143.3969696196));
#4098 = VECTOR('',#4099,1.);
#4099 = DIRECTION('',(1.,0.,0.));
#4100 = PCURVE('',#72,#4101);
#4101 = DEFINITIONAL_REPRESENTATION('',(#4102),#4106);
#4102 = LINE('',#4103,#4104);
#4103 = CARTESIAN_POINT('',(7.,24.));
#4104 = VECTOR('',#4105,1.);
#4105 = DIRECTION('',(1.,0.));
#4106 = ( GEOMETRIC_REPRESENTATION_CONTEXT(2) 
PARAMETRIC_REPRESENTATION_CONTEXT() REPRESENTATION_CONTEXT('2D SPACE',''
  ) );
#4107 = PCURVE('',#4108,#4113);
#4108 = PLANE('',#4109);
#4109 = AXIS2_PLACEMENT_3D('',#4110,#4111,#4112);
#4110 = CARTESIAN_POINT('',(8.,67.,-143.3969696196));
#4111 = DIRECTION('',(0.,0.707106781187,0.707106781187));
#4112 = DIRECTION('',(0.,-0.707106781187,0.707106781187));
#4113 = DEFINITIONAL_REPRESENTATION('',(#4114),#4118);
#4114 = LINE('',#4115,#4116);
#4115 = CARTESIAN_POINT('',(0.,0.));
#4116 = VECTOR('',#4117,1.);
#4117 = DIRECTION('',(0.,1.));
#4118 = ( GEOMETRIC_REPRESENTATION_CONTEXT(2) 
PARAMETRIC_REPRESENTATION_CONTEXT() REPRESENTATION_CONTEXT('2D SPACE',''
  ) );
#4119 = ORIENTED_EDGE('',*,*,#4120,.F.);
#4120 = EDGE_CURVE('',#4037,#4093,#4121,.T.);
#4121 = SURFACE_CURVE('',#4122,(#4126,#4133),.PCURVE_S1.);
#4122 = LINE('',#4123,#4124);
#4123 = CARTESIAN_POINT('',(121.,50.029437251523,-160.3675323681));
#4124 = VECTOR('',#4125,1.);
#4125 = DIRECTION('',(0.,0.707106781187,0.707106781187));
#4126 = PCURVE('',#72,#4127);
#4127 = DEFINITIONAL_REPRESENTATION('',(#4128),#4132);
#4128 = LINE('',#4129,#4130);
#4129 = CARTESIAN_POINT('',(120.,0.));
#4130 = VECTOR('',#4131,1.);
#4131 = DIRECTION('',(0.,1.));
#4132 = ( GEOMETRIC_REPRESENTATION_CONTEXT(2) 
PARAMETRIC_REPRESENTATION_CONTEXT() REPRESENTATION_CONTEXT('2D SPACE',''
  ) );
#4133 = PCURVE('',#3906,#4134);
#4134 = DEFINITIONAL_REPRESENTATION('',(#4135),#4139);
#4135 = LINE('',#4136,#4137);
#4136 = CARTESIAN_POINT('',(0.,0.));
#4137 = VECTOR('',#4138,1.);
#4138 = DIRECTION('',(0.,-1.));
#4139 = ( GEOMETRIC_REPRESENTATION_CONTEXT(2) 
PARAMETRIC_REPRESENTATION_CONTEXT() REPRESENTATION_CONTEXT('2D SPACE',''
  ) );
#4140 = FACE_BOUND('',#4141,.F.);
#4141 = EDGE_LOOP('',(#4142,#4172,#4200,#4228));
#4142 = ORIENTED_EDGE('',*,*,#4143,.F.);
#4143 = EDGE_CURVE('',#4144,#4146,#4148,.T.);
#4144 = VERTEX_POINT('',#4145);
#4145 = CARTESIAN_POINT('',(71.4,68.697056274848,-141.6999133448));
#4146 = VERTEX_POINT('',#4147);
#4147 = CARTESIAN_POINT('',(121.,68.697056274848,-141.6999133448));
#4148 = SURFACE_CURVE('',#4149,(#4153,#4160),.PCURVE_S1.);
#4149 = LINE('',#4150,#4151);
#4150 = CARTESIAN_POINT('',(8.,68.697056274848,-141.6999133448));
#4151 = VECTOR('',#4152,1.);
#4152 = DIRECTION('',(1.,0.,0.));
#4153 = PCURVE('',#72,#4154);
#4154 = DEFINITIONAL_REPRESENTATION('',(#4155),#4159);
#4155 = LINE('',#4156,#4157);
#4156 = CARTESIAN_POINT('',(7.,26.4));
#4157 = VECTOR('',#4158,1.);
#4158 = DIRECTION('',(1.,0.));
#4159 = ( GEOMETRIC_REPRESENTATION_CONTEXT(2) 
PARAMETRIC_REPRESENTATION_CONTEXT() REPRESENTATION_CONTEXT('2D SPACE',''
  ) );
#4160 = PCURVE('',#4161,#4166);
#4161 = PLANE('',#4162);
#4162 = AXIS2_PLACEMENT_3D('',#4163,#4164,#4165);
#4163 = CARTESIAN_POINT('',(8.,68.697056274848,-141.6999133448));
#4164 = DIRECTION('',(0.,0.707106781187,0.707106781187));
#4165 = DIRECTION('',(0.,-0.707106781187,0.707106781187));
#4166 = DEFINITIONAL_REPRESENTATION('',(#4167),#4171);
#4167 = LINE('',#4168,#4169);
#4168 = CARTESIAN_POINT('',(0.,0.));
#4169 = VECTOR('',#4170,1.);
#4170 = DIRECTION('',(0.,1.));
#4171 = ( GEOMETRIC_REPRESENTATION_CONTEXT(2) 
PARAMETRIC_REPRESENTATION_CONTEXT() REPRESENTATION_CONTEXT('2D SPACE',''
  ) );
#4172 = ORIENTED_EDGE('',*,*,#4173,.T.);
#4173 = EDGE_CURVE('',#4144,#4174,#4176,.T.);
#4174 = VERTEX_POINT('',#4175);
#4175 = CARTESIAN_POINT('',(71.4,75.485281374239,-134.9116882454));
#4176 = SURFACE_CURVE('',#4177,(#4181,#4188),.PCURVE_S1.);
#4177 = LINE('',#4178,#4179);
#4178 = CARTESIAN_POINT('',(71.4,50.029437251523,-160.3675323681));
#4179 = VECTOR('',#4180,1.);
#4180 = DIRECTION('',(0.,0.707106781187,0.707106781187));
#4181 = PCURVE('',#72,#4182);
#4182 = DEFINITIONAL_REPRESENTATION('',(#4183),#4187);
#4183 = LINE('',#4184,#4185);
#4184 = CARTESIAN_POINT('',(70.4,0.));
#4185 = VECTOR('',#4186,1.);
#4186 = DIRECTION('',(0.,1.));
#4187 = ( GEOMETRIC_REPRESENTATION_CONTEXT(2) 
PARAMETRIC_REPRESENTATION_CONTEXT() REPRESENTATION_CONTEXT('2D SPACE',''
  ) );
#4188 = PCURVE('',#4189,#4194);
#4189 = PLANE('',#4190);
#4190 = AXIS2_PLACEMENT_3D('',#4191,#4192,#4193);
#4191 = CARTESIAN_POINT('',(71.4,50.029437251523,-160.3675323681));
#4192 = DIRECTION('',(1.,0.,0.));
#4193 = DIRECTION('',(0.,-0.707106781187,0.707106781187));
#4194 = DEFINITIONAL_REPRESENTATION('',(#4195),#4199);
#4195 = LINE('',#4196,#4197);
#4196 = CARTESIAN_POINT('',(0.,0.));
#4197 = VECTOR('',#4198,1.);
#4198 = DIRECTION('',(0.,-1.));
#4199 = ( GEOMETRIC_REPRESENTATION_CONTEXT(2) 
PARAMETRIC_REPRESENTATION_CONTEXT() REPRESENTATION_CONTEXT('2D SPACE',''
  ) );
#4200 = ORIENTED_EDGE('',*,*,#4201,.T.);
#4201 = EDGE_CURVE('',#4174,#4202,#4204,.T.);
#4202 = VERTEX_POINT('',#4203);
#4203 = CARTESIAN_POINT('',(121.,75.485281374239,-134.9116882454));
#4204 = SURFACE_CURVE('',#4205,(#4209,#4216),.PCURVE_S1.);
#4205 = LINE('',#4206,#4207);
#4206 = CARTESIAN_POINT('',(8.,75.485281374239,-134.9116882454));
#4207 = VECTOR('',#4208,1.);
#4208 = DIRECTION('',(1.,0.,0.));
#4209 = PCURVE('',#72,#4210);
#4210 = DEFINITIONAL_REPRESENTATION('',(#4211),#4215);
#4211 = LINE('',#4212,#4213);
#4212 = CARTESIAN_POINT('',(7.,36.));
#4213 = VECTOR('',#4214,1.);
#4214 = DIRECTION('',(1.,0.));
#4215 = ( GEOMETRIC_REPRESENTATION_CONTEXT(2) 
PARAMETRIC_REPRESENTATION_CONTEXT() REPRESENTATION_CONTEXT('2D SPACE',''
  ) );
#4216 = PCURVE('',#4217,#4222);
#4217 = PLANE('',#4218);
#4218 = AXIS2_PLACEMENT_3D('',#4219,#4220,#4221);
#4219 = CARTESIAN_POINT('',(8.,75.485281374239,-134.9116882454));
#4220 = DIRECTION('',(0.,0.707106781187,0.707106781187));
#4221 = DIRECTION('',(0.,-0.707106781187,0.707106781187));
#4222 = DEFINITIONAL_REPRESENTATION('',(#4223),#4227);
#4223 = LINE('',#4224,#4225);
#4224 = CARTESIAN_POINT('',(0.,0.));
#4225 = VECTOR('',#4226,1.);
#4226 = DIRECTION('',(0.,1.));
#4227 = ( GEOMETRIC_REPRESENTATION_CONTEXT(2) 
PARAMETRIC_REPRESENTATION_CONTEXT() REPRESENTATION_CONTEXT('2D SPACE',''
  ) );
#4228 = ORIENTED_EDGE('',*,*,#4229,.F.);
#4229 = EDGE_CURVE('',#4146,#4202,#4230,.T.);
#4230 = SURFACE_CURVE('',#4231,(#4235,#4242),.PCURVE_S1.);
#4231 = LINE('',#4232,#4233);
#4232 = CARTESIAN_POINT('',(121.,50.029437251523,-160.3675323681));
#4233 = VECTOR('',#4234,1.);
#4234 = DIRECTION('',(0.,0.707106781187,0.707106781187));
#4235 = PCURVE('',#72,#4236);
#4236 = DEFINITIONAL_REPRESENTATION('',(#4237),#4241);
#4237 = LINE('',#4238,#4239);
#4238 = CARTESIAN_POINT('',(120.,0.));
#4239 = VECTOR('',#4240,1.);
#4240 = DIRECTION('',(0.,1.));
#4241 = ( GEOMETRIC_REPRESENTATION_CONTEXT(2) 
PARAMETRIC_REPRESENTATION_CONTEXT() REPRESENTATION_CONTEXT('2D SPACE',''
  ) );
#4242 = PCURVE('',#3906,#4243);
#4243 = DEFINITIONAL_REPRESENTATION('',(#4244),#4248);
#4244 = LINE('',#4245,#4246);
#4245 = CARTESIAN_POINT('',(0.,0.));
#4246 = VECTOR('',#4247,1.);
#4247 = DIRECTION('',(0.,-1.));
#4248 = ( GEOMETRIC_REPRESENTATION_CONTEXT(2) 
PARAMETRIC_REPRESENTATION_CONTEXT() REPRESENTATION_CONTEXT('2D SPACE',''
  ) );
#4249 = FACE_BOUND('',#4250,.F.);
#4250 = EDGE_LOOP('',(#4251,#4281,#4309,#4337));
#4251 = ORIENTED_EDGE('',*,*,#4252,.F.);
#4252 = EDGE_CURVE('',#4253,#4255,#4257,.T.);
#4253 = VERTEX_POINT('',#4254);
#4254 = CARTESIAN_POINT('',(71.4,77.182337649086,-133.2146319705));
#4255 = VERTEX_POINT('',#4256);
#4256 = CARTESIAN_POINT('',(121.,77.182337649086,-133.2146319705));
#4257 = SURFACE_CURVE('',#4258,(#4262,#4269),.PCURVE_S1.);
#4258 = LINE('',#4259,#4260);
#4259 = CARTESIAN_POINT('',(8.,77.182337649086,-133.2146319705));
#4260 = VECTOR('',#4261,1.);
#4261 = DIRECTION('',(1.,0.,0.));
#4262 = PCURVE('',#72,#4263);
#4263 = DEFINITIONAL_REPRESENTATION('',(#4264),#4268);
#4264 = LINE('',#4265,#4266);
#4265 = CARTESIAN_POINT('',(7.,38.4));
#4266 = VECTOR('',#4267,1.);
#4267 = DIRECTION('',(1.,0.));
#4268 = ( GEOMETRIC_REPRESENTATION_CONTEXT(2) 
PARAMETRIC_REPRESENTATION_CONTEXT() REPRESENTATION_CONTEXT('2D SPACE',''
  ) );
#4269 = PCURVE('',#4270,#4275);
#4270 = PLANE('',#4271);
#4271 = AXIS2_PLACEMENT_3D('',#4272,#4273,#4274);
#4272 = CARTESIAN_POINT('',(8.,77.182337649086,-133.2146319705));
#4273 = DIRECTION('',(0.,0.707106781187,0.707106781187));
#4274 = DIRECTION('',(0.,-0.707106781187,0.707106781187));
#4275 = DEFINITIONAL_REPRESENTATION('',(#4276),#4280);
#4276 = LINE('',#4277,#4278);
#4277 = CARTESIAN_POINT('',(0.,0.));
#4278 = VECTOR('',#4279,1.);
#4279 = DIRECTION('',(0.,1.));
#4280 = ( GEOMETRIC_REPRESENTATION_CONTEXT(2) 
PARAMETRIC_REPRESENTATION_CONTEXT() REPRESENTATION_CONTEXT('2D SPACE',''
  ) );
#4281 = ORIENTED_EDGE('',*,*,#4282,.T.);
#4282 = EDGE_CURVE('',#4253,#4283,#4285,.T.);
#4283 = VERTEX_POINT('',#4284);
#4284 = CARTESIAN_POINT('',(71.4,83.970562748477,-126.4264068711));
#4285 = SURFACE_CURVE('',#4286,(#4290,#4297),.PCURVE_S1.);
#4286 = LINE('',#4287,#4288);
#4287 = CARTESIAN_POINT('',(71.4,50.029437251523,-160.3675323681));
#4288 = VECTOR('',#4289,1.);
#4289 = DIRECTION('',(0.,0.707106781187,0.707106781187));
#4290 = PCURVE('',#72,#4291);
#4291 = DEFINITIONAL_REPRESENTATION('',(#4292),#4296);
#4292 = LINE('',#4293,#4294);
#4293 = CARTESIAN_POINT('',(70.4,0.));
#4294 = VECTOR('',#4295,1.);
#4295 = DIRECTION('',(0.,1.));
#4296 = ( GEOMETRIC_REPRESENTATION_CONTEXT(2) 
PARAMETRIC_REPRESENTATION_CONTEXT() REPRESENTATION_CONTEXT('2D SPACE',''
  ) );
#4297 = PCURVE('',#4298,#4303);
#4298 = PLANE('',#4299);
#4299 = AXIS2_PLACEMENT_3D('',#4300,#4301,#4302);
#4300 = CARTESIAN_POINT('',(71.4,50.029437251523,-160.3675323681));
#4301 = DIRECTION('',(1.,0.,0.));
#4302 = DIRECTION('',(0.,-0.707106781187,0.707106781187));
#4303 = DEFINITIONAL_REPRESENTATION('',(#4304),#4308);
#4304 = LINE('',#4305,#4306);
#4305 = CARTESIAN_POINT('',(0.,0.));
#4306 = VECTOR('',#4307,1.);
#4307 = DIRECTION('',(0.,-1.));
#4308 = ( GEOMETRIC_REPRESENTATION_CONTEXT(2) 
PARAMETRIC_REPRESENTATION_CONTEXT() REPRESENTATION_CONTEXT('2D SPACE',''
  ) );
#4309 = ORIENTED_EDGE('',*,*,#4310,.T.);
#4310 = EDGE_CURVE('',#4283,#4311,#4313,.T.);
#4311 = VERTEX_POINT('',#4312);
#4312 = CARTESIAN_POINT('',(121.,83.970562748477,-126.4264068711));
#4313 = SURFACE_CURVE('',#4314,(#4318,#4325),.PCURVE_S1.);
#4314 = LINE('',#4315,#4316);
#4315 = CARTESIAN_POINT('',(8.,83.970562748477,-126.4264068711));
#4316 = VECTOR('',#4317,1.);
#4317 = DIRECTION('',(1.,0.,0.));
#4318 = PCURVE('',#72,#4319);
#4319 = DEFINITIONAL_REPRESENTATION('',(#4320),#4324);
#4320 = LINE('',#4321,#4322);
#4321 = CARTESIAN_POINT('',(7.,48.));
#4322 = VECTOR('',#4323,1.);
#4323 = DIRECTION('',(1.,0.));
#4324 = ( GEOMETRIC_REPRESENTATION_CONTEXT(2) 
PARAMETRIC_REPRESENTATION_CONTEXT() REPRESENTATION_CONTEXT('2D SPACE',''
  ) );
#4325 = PCURVE('',#4326,#4331);
#4326 = PLANE('',#4327);
#4327 = AXIS2_PLACEMENT_3D('',#4328,#4329,#4330);
#4328 = CARTESIAN_POINT('',(8.,83.970562748477,-126.4264068711));
#4329 = DIRECTION('',(0.,0.707106781187,0.707106781187));
#4330 = DIRECTION('',(0.,-0.707106781187,0.707106781187));
#4331 = DEFINITIONAL_REPRESENTATION('',(#4332),#4336);
#4332 = LINE('',#4333,#4334);
#4333 = CARTESIAN_POINT('',(0.,0.));
#4334 = VECTOR('',#4335,1.);
#4335 = DIRECTION('',(0.,1.));
#4336 = ( GEOMETRIC_REPRESENTATION_CONTEXT(2) 
PARAMETRIC_REPRESENTATION_CONTEXT() REPRESENTATION_CONTEXT('2D SPACE',''
  ) );
#4337 = ORIENTED_EDGE('',*,*,#4338,.F.);
#4338 = EDGE_CURVE('',#4255,#4311,#4339,.T.);
#4339 = SURFACE_CURVE('',#4340,(#4344,#4351),.PCURVE_S1.);
#4340 = LINE('',#4341,#4342);
#4341 = CARTESIAN_POINT('',(121.,50.029437251523,-160.3675323681));
#4342 = VECTOR('',#4343,1.);
#4343 = DIRECTION('',(0.,0.707106781187,0.707106781187));
#4344 = PCURVE('',#72,#4345);
#4345 = DEFINITIONAL_REPRESENTATION('',(#4346),#4350);
#4346 = LINE('',#4347,#4348);
#4347 = CARTESIAN_POINT('',(120.,0.));
#4348 = VECTOR('',#4349,1.);
#4349 = DIRECTION('',(0.,1.));
#4350 = ( GEOMETRIC_REPRESENTATION_CONTEXT(2) 
PARAMETRIC_REPRESENTATION_CONTEXT() REPRESENTATION_CONTEXT('2D SPACE',''
  ) );
#4351 = PCURVE('',#4352,#4357);
#4352 = PLANE('',#4353);
#4353 = AXIS2_PLACEMENT_3D('',#4354,#4355,#4356);
#4354 = CARTESIAN_POINT('',(121.,50.029437251523,-160.3675323681));
#4355 = DIRECTION('',(1.,0.,0.));
#4356 = DIRECTION('',(0.,-0.707106781187,0.707106781187));
#4357 = DEFINITIONAL_REPRESENTATION('',(#4358),#4362);
#4358 = LINE('',#4359,#4360);
#4359 = CARTESIAN_POINT('',(0.,0.));
#4360 = VECTOR('',#4361,1.);
#4361 = DIRECTION('',(0.,-1.));
#4362 = ( GEOMETRIC_REPRESENTATION_CONTEXT(2) 
PARAMETRIC_REPRESENTATION_CONTEXT() REPRESENTATION_CONTEXT('2D SPACE',''
  ) );
#4363 = FACE_BOUND('',#4364,.F.);
#4364 = EDGE_LOOP('',(#4365,#4395,#4423,#4451));
#4365 = ORIENTED_EDGE('',*,*,#4366,.F.);
#4366 = EDGE_CURVE('',#4367,#4369,#4371,.T.);
#4367 = VERTEX_POINT('',#4368);
#4368 = CARTESIAN_POINT('',(71.4,85.667619023325,-124.7293505963));
#4369 = VERTEX_POINT('',#4370);
#4370 = CARTESIAN_POINT('',(121.,85.667619023325,-124.7293505963));
#4371 = SURFACE_CURVE('',#4372,(#4376,#4383),.PCURVE_S1.);
#4372 = LINE('',#4373,#4374);
#4373 = CARTESIAN_POINT('',(8.,85.667619023325,-124.7293505963));
#4374 = VECTOR('',#4375,1.);
#4375 = DIRECTION('',(1.,0.,0.));
#4376 = PCURVE('',#72,#4377);
#4377 = DEFINITIONAL_REPRESENTATION('',(#4378),#4382);
#4378 = LINE('',#4379,#4380);
#4379 = CARTESIAN_POINT('',(7.,50.4));
#4380 = VECTOR('',#4381,1.);
#4381 = DIRECTION('',(1.,0.));
#4382 = ( GEOMETRIC_REPRESENTATION_CONTEXT(2) 
PARAMETRIC_REPRESENTATION_CONTEXT() REPRESENTATION_CONTEXT('2D SPACE',''
  ) );
#4383 = PCURVE('',#4384,#4389);
#4384 = PLANE('',#4385);
#4385 = AXIS2_PLACEMENT_3D('',#4386,#4387,#4388);
#4386 = CARTESIAN_POINT('',(8.,85.667619023325,-124.7293505963));
#4387 = DIRECTION('',(0.,0.707106781187,0.707106781187));
#4388 = DIRECTION('',(0.,-0.707106781187,0.707106781187));
#4389 = DEFINITIONAL_REPRESENTATION('',(#4390),#4394);
#4390 = LINE('',#4391,#4392);
#4391 = CARTESIAN_POINT('',(0.,0.));
#4392 = VECTOR('',#4393,1.);
#4393 = DIRECTION('',(0.,1.));
#4394 = ( GEOMETRIC_REPRESENTATION_CONTEXT(2) 
PARAMETRIC_REPRESENTATION_CONTEXT() REPRESENTATION_CONTEXT('2D SPACE',''
  ) );
#4395 = ORIENTED_EDGE('',*,*,#4396,.T.);
#4396 = EDGE_CURVE('',#4367,#4397,#4399,.T.);
#4397 = VERTEX_POINT('',#4398);
#4398 = CARTESIAN_POINT('',(71.4,92.455844122716,-117.9411254969));
#4399 = SURFACE_CURVE('',#4400,(#4404,#4411),.PCURVE_S1.);
#4400 = LINE('',#4401,#4402);
#4401 = CARTESIAN_POINT('',(71.4,50.029437251523,-160.3675323681));
#4402 = VECTOR('',#4403,1.);
#4403 = DIRECTION('',(0.,0.707106781187,0.707106781187));
#4404 = PCURVE('',#72,#4405);
#4405 = DEFINITIONAL_REPRESENTATION('',(#4406),#4410);
#4406 = LINE('',#4407,#4408);
#4407 = CARTESIAN_POINT('',(70.4,0.));
#4408 = VECTOR('',#4409,1.);
#4409 = DIRECTION('',(0.,1.));
#4410 = ( GEOMETRIC_REPRESENTATION_CONTEXT(2) 
PARAMETRIC_REPRESENTATION_CONTEXT() REPRESENTATION_CONTEXT('2D SPACE',''
  ) );
#4411 = PCURVE('',#4412,#4417);
#4412 = PLANE('',#4413);
#4413 = AXIS2_PLACEMENT_3D('',#4414,#4415,#4416);
#4414 = CARTESIAN_POINT('',(71.4,50.029437251523,-160.3675323681));
#4415 = DIRECTION('',(1.,0.,0.));
#4416 = DIRECTION('',(0.,-0.707106781187,0.707106781187));
#4417 = DEFINITIONAL_REPRESENTATION('',(#4418),#4422);
#4418 = LINE('',#4419,#4420);
#4419 = CARTESIAN_POINT('',(0.,0.));
#4420 = VECTOR('',#4421,1.);
#4421 = DIRECTION('',(0.,-1.));
#4422 = ( GEOMETRIC_REPRESENTATION_CONTEXT(2) 
PARAMETRIC_REPRESENTATION_CONTEXT() REPRESENTATION_CONTEXT('2D SPACE',''
  ) );
#4423 = ORIENTED_EDGE('',*,*,#4424,.T.);
#4424 = EDGE_CURVE('',#4397,#4425,#4427,.T.);
#4425 = VERTEX_POINT('',#4426);
#4426 = CARTESIAN_POINT('',(121.,92.455844122716,-117.9411254969));
#4427 = SURFACE_CURVE('',#4428,(#4432,#4439),.PCURVE_S1.);
#4428 = LINE('',#4429,#4430);
#4429 = CARTESIAN_POINT('',(8.,92.455844122716,-117.9411254969));
#4430 = VECTOR('',#4431,1.);
#4431 = DIRECTION('',(1.,0.,0.));
#4432 = PCURVE('',#72,#4433);
#4433 = DEFINITIONAL_REPRESENTATION('',(#4434),#4438);
#4434 = LINE('',#4435,#4436);
#4435 = CARTESIAN_POINT('',(7.,60.));
#4436 = VECTOR('',#4437,1.);
#4437 = DIRECTION('',(1.,0.));
#4438 = ( GEOMETRIC_REPRESENTATION_CONTEXT(2) 
PARAMETRIC_REPRESENTATION_CONTEXT() REPRESENTATION_CONTEXT('2D SPACE',''
  ) );
#4439 = PCURVE('',#4440,#4445);
#4440 = PLANE('',#4441);
#4441 = AXIS2_PLACEMENT_3D('',#4442,#4443,#4444);
#4442 = CARTESIAN_POINT('',(8.,92.455844122716,-117.9411254969));
#4443 = DIRECTION('',(0.,0.707106781187,0.707106781187));
#4444 = DIRECTION('',(0.,-0.707106781187,0.707106781187));
#4445 = DEFINITIONAL_REPRESENTATION('',(#4446),#4450);
#4446 = LINE('',#4447,#4448);
#4447 = CARTESIAN_POINT('',(0.,0.));
#4448 = VECTOR('',#4449,1.);
#4449 = DIRECTION('',(0.,1.));
#4450 = ( GEOMETRIC_REPRESENTATION_CONTEXT(2) 
PARAMETRIC_REPRESENTATION_CONTEXT() REPRESENTATION_CONTEXT('2D SPACE',''
  ) );
#4451 = ORIENTED_EDGE('',*,*,#4452,.F.);
#4452 = EDGE_CURVE('',#4369,#4425,#4453,.T.);
#4453 = SURFACE_CURVE('',#4454,(#4458,#4465),.PCURVE_S1.);
#4454 = LINE('',#4455,#4456);
#4455 = CARTESIAN_POINT('',(121.,50.029437251523,-160.3675323681));
#4456 = VECTOR('',#4457,1.);
#4457 = DIRECTION('',(0.,0.707106781187,0.707106781187));
#4458 = PCURVE('',#72,#4459);
#4459 = DEFINITIONAL_REPRESENTATION('',(#4460),#4464);
#4460 = LINE('',#4461,#4462);
#4461 = CARTESIAN_POINT('',(120.,0.));
#4462 = VECTOR('',#4463,1.);
#4463 = DIRECTION('',(0.,1.));
#4464 = ( GEOMETRIC_REPRESENTATION_CONTEXT(2) 
PARAMETRIC_REPRESENTATION_CONTEXT() REPRESENTATION_CONTEXT('2D SPACE',''
  ) );
#4465 = PCURVE('',#4466,#4471);
#4466 = PLANE('',#4467);
#4467 = AXIS2_PLACEMENT_3D('',#4468,#4469,#4470);
#4468 = CARTESIAN_POINT('',(121.,50.029437251523,-160.3675323681));
#4469 = DIRECTION('',(1.,0.,0.));
#4470 = DIRECTION('',(0.,-0.707106781187,0.707106781187));
#4471 = DEFINITIONAL_REPRESENTATION('',(#4472),#4476);
#4472 = LINE('',#4473,#4474);
#4473 = CARTESIAN_POINT('',(0.,0.));
#4474 = VECTOR('',#4475,1.);
#4475 = DIRECTION('',(0.,-1.));
#4476 = ( GEOMETRIC_REPRESENTATION_CONTEXT(2) 
PARAMETRIC_REPRESENTATION_CONTEXT() REPRESENTATION_CONTEXT('2D SPACE',''
  ) );
#4477 = FACE_BOUND('',#4478,.F.);
#4478 = EDGE_LOOP('',(#4479,#4509,#4537,#4565));
#4479 = ORIENTED_EDGE('',*,*,#4480,.F.);
#4480 = EDGE_CURVE('',#4481,#4483,#4485,.T.);
#4481 = VERTEX_POINT('',#4482);
#4482 = CARTESIAN_POINT('',(71.4,94.152900397563,-116.2440692221));
#4483 = VERTEX_POINT('',#4484);
#4484 = CARTESIAN_POINT('',(121.,94.152900397563,-116.2440692221));
#4485 = SURFACE_CURVE('',#4486,(#4490,#4497),.PCURVE_S1.);
#4486 = LINE('',#4487,#4488);
#4487 = CARTESIAN_POINT('',(8.,94.152900397563,-116.2440692221));
#4488 = VECTOR('',#4489,1.);
#4489 = DIRECTION('',(1.,0.,0.));
#4490 = PCURVE('',#72,#4491);
#4491 = DEFINITIONAL_REPRESENTATION('',(#4492),#4496);
#4492 = LINE('',#4493,#4494);
#4493 = CARTESIAN_POINT('',(7.,62.4));
#4494 = VECTOR('',#4495,1.);
#4495 = DIRECTION('',(1.,0.));
#4496 = ( GEOMETRIC_REPRESENTATION_CONTEXT(2) 
PARAMETRIC_REPRESENTATION_CONTEXT() REPRESENTATION_CONTEXT('2D SPACE',''
  ) );
#4497 = PCURVE('',#4498,#4503);
#4498 = PLANE('',#4499);
#4499 = AXIS2_PLACEMENT_3D('',#4500,#4501,#4502);
#4500 = CARTESIAN_POINT('',(8.,94.152900397563,-116.2440692221));
#4501 = DIRECTION('',(0.,0.707106781187,0.707106781187));
#4502 = DIRECTION('',(0.,-0.707106781187,0.707106781187));
#4503 = DEFINITIONAL_REPRESENTATION('',(#4504),#4508);
#4504 = LINE('',#4505,#4506);
#4505 = CARTESIAN_POINT('',(0.,0.));
#4506 = VECTOR('',#4507,1.);
#4507 = DIRECTION('',(0.,1.));
#4508 = ( GEOMETRIC_REPRESENTATION_CONTEXT(2) 
PARAMETRIC_REPRESENTATION_CONTEXT() REPRESENTATION_CONTEXT('2D SPACE',''
  ) );
#4509 = ORIENTED_EDGE('',*,*,#4510,.T.);
#4510 = EDGE_CURVE('',#4481,#4511,#4513,.T.);
#4511 = VERTEX_POINT('',#4512);
#4512 = CARTESIAN_POINT('',(71.4,100.94112549695,-109.4558441227));
#4513 = SURFACE_CURVE('',#4514,(#4518,#4525),.PCURVE_S1.);
#4514 = LINE('',#4515,#4516);
#4515 = CARTESIAN_POINT('',(71.4,50.029437251523,-160.3675323681));
#4516 = VECTOR('',#4517,1.);
#4517 = DIRECTION('',(0.,0.707106781187,0.707106781187));
#4518 = PCURVE('',#72,#4519);
#4519 = DEFINITIONAL_REPRESENTATION('',(#4520),#4524);
#4520 = LINE('',#4521,#4522);
#4521 = CARTESIAN_POINT('',(70.4,0.));
#4522 = VECTOR('',#4523,1.);
#4523 = DIRECTION('',(0.,1.));
#4524 = ( GEOMETRIC_REPRESENTATION_CONTEXT(2) 
PARAMETRIC_REPRESENTATION_CONTEXT() REPRESENTATION_CONTEXT('2D SPACE',''
  ) );
#4525 = PCURVE('',#4526,#4531);
#4526 = PLANE('',#4527);
#4527 = AXIS2_PLACEMENT_3D('',#4528,#4529,#4530);
#4528 = CARTESIAN_POINT('',(71.4,50.029437251523,-160.3675323681));
#4529 = DIRECTION('',(1.,0.,0.));
#4530 = DIRECTION('',(0.,-0.707106781187,0.707106781187));
#4531 = DEFINITIONAL_REPRESENTATION('',(#4532),#4536);
#4532 = LINE('',#4533,#4534);
#4533 = CARTESIAN_POINT('',(0.,0.));
#4534 = VECTOR('',#4535,1.);
#4535 = DIRECTION('',(0.,-1.));
#4536 = ( GEOMETRIC_REPRESENTATION_CONTEXT(2) 
PARAMETRIC_REPRESENTATION_CONTEXT() REPRESENTATION_CONTEXT('2D SPACE',''
  ) );
#4537 = ORIENTED_EDGE('',*,*,#4538,.T.);
#4538 = EDGE_CURVE('',#4511,#4539,#4541,.T.);
#4539 = VERTEX_POINT('',#4540);
#4540 = CARTESIAN_POINT('',(121.,100.94112549695,-109.4558441227));
#4541 = SURFACE_CURVE('',#4542,(#4546,#4553),.PCURVE_S1.);
#4542 = LINE('',#4543,#4544);
#4543 = CARTESIAN_POINT('',(8.,100.94112549695,-109.4558441227));
#4544 = VECTOR('',#4545,1.);
#4545 = DIRECTION('',(1.,0.,0.));
#4546 = PCURVE('',#72,#4547);
#4547 = DEFINITIONAL_REPRESENTATION('',(#4548),#4552);
#4548 = LINE('',#4549,#4550);
#4549 = CARTESIAN_POINT('',(7.,72.));
#4550 = VECTOR('',#4551,1.);
#4551 = DIRECTION('',(1.,0.));
#4552 = ( GEOMETRIC_REPRESENTATION_CONTEXT(2) 
PARAMETRIC_REPRESENTATION_CONTEXT() REPRESENTATION_CONTEXT('2D SPACE',''
  ) );
#4553 = PCURVE('',#4554,#4559);
#4554 = PLANE('',#4555);
#4555 = AXIS2_PLACEMENT_3D('',#4556,#4557,#4558);
#4556 = CARTESIAN_POINT('',(8.,100.94112549695,-109.4558441227));
#4557 = DIRECTION('',(0.,0.707106781187,0.707106781187));
#4558 = DIRECTION('',(0.,-0.707106781187,0.707106781187));
#4559 = DEFINITIONAL_REPRESENTATION('',(#4560),#4564);
#4560 = LINE('',#4561,#4562);
#4561 = CARTESIAN_POINT('',(0.,0.));
#4562 = VECTOR('',#4563,1.);
#4563 = DIRECTION('',(0.,1.));
#4564 = ( GEOMETRIC_REPRESENTATION_CONTEXT(2) 
PARAMETRIC_REPRESENTATION_CONTEXT() REPRESENTATION_CONTEXT('2D SPACE',''
  ) );
#4565 = ORIENTED_EDGE('',*,*,#4566,.F.);
#4566 = EDGE_CURVE('',#4483,#4539,#4567,.T.);
#4567 = SURFACE_CURVE('',#4568,(#4572,#4579),.PCURVE_S1.);
#4568 = LINE('',#4569,#4570);
#4569 = CARTESIAN_POINT('',(121.,50.029437251523,-160.3675323681));
#4570 = VECTOR('',#4571,1.);
#4571 = DIRECTION('',(0.,0.707106781187,0.707106781187));
#4572 = PCURVE('',#72,#4573);
#4573 = DEFINITIONAL_REPRESENTATION('',(#4574),#4578);
#4574 = LINE('',#4575,#4576);
#4575 = CARTESIAN_POINT('',(120.,0.));
#4576 = VECTOR('',#4577,1.);
#4577 = DIRECTION('',(0.,1.));
#4578 = ( GEOMETRIC_REPRESENTATION_CONTEXT(2) 
PARAMETRIC_REPRESENTATION_CONTEXT() REPRESENTATION_CONTEXT('2D SPACE',''
  ) );
#4579 = PCURVE('',#4580,#4585);
#4580 = PLANE('',#4581);
#4581 = AXIS2_PLACEMENT_3D('',#4582,#4583,#4584);
#4582 = CARTESIAN_POINT('',(121.,50.029437251523,-160.3675323681));
#4583 = DIRECTION('',(1.,0.,0.));
#4584 = DIRECTION('',(0.,-0.707106781187,0.707106781187));
#4585 = DEFINITIONAL_REPRESENTATION('',(#4586),#4590);
#4586 = LINE('',#4587,#4588);
#4587 = CARTESIAN_POINT('',(0.,0.));
#4588 = VECTOR('',#4589,1.);
#4589 = DIRECTION('',(0.,-1.));
#4590 = ( GEOMETRIC_REPRESENTATION_CONTEXT(2) 
PARAMETRIC_REPRESENTATION_CONTEXT() REPRESENTATION_CONTEXT('2D SPACE',''
  ) );
#4591 = ADVANCED_FACE('',(#4592,#4742,#4856),#126,.T.);
#4592 = FACE_BOUND('',#4593,.T.);
#4593 = EDGE_LOOP('',(#4594,#4619,#4647,#4668,#4669,#4670,#4693,#4716));
#4594 = ORIENTED_EDGE('',*,*,#4595,.F.);
#4595 = EDGE_CURVE('',#4596,#4598,#4600,.T.);
#4596 = VERTEX_POINT('',#4597);
#4597 = CARTESIAN_POINT('',(9.,28.10912703474,-131.3761543394));
#4598 = VERTEX_POINT('',#4599);
#4599 = CARTESIAN_POINT('',(131.,28.10912703474,-131.3761543394));
#4600 = SURFACE_CURVE('',#4601,(#4605,#4612),.PCURVE_S1.);
#4601 = LINE('',#4602,#4603);
#4602 = CARTESIAN_POINT('',(1.,28.10912703474,-131.3761543394));
#4603 = VECTOR('',#4604,1.);
#4604 = DIRECTION('',(1.,0.,0.));
#4605 = PCURVE('',#126,#4606);
#4606 = DEFINITIONAL_REPRESENTATION('',(#4607),#4611);
#4607 = LINE('',#4608,#4609);
#4608 = CARTESIAN_POINT('',(0.,5.));
#4609 = VECTOR('',#4610,1.);
#4610 = DIRECTION('',(1.,0.));
#4611 = ( GEOMETRIC_REPRESENTATION_CONTEXT(2) 
PARAMETRIC_REPRESENTATION_CONTEXT() REPRESENTATION_CONTEXT('2D SPACE',''
  ) );
#4612 = PCURVE('',#3068,#4613);
#4613 = DEFINITIONAL_REPRESENTATION('',(#4614),#4618);
#4614 = LINE('',#4615,#4616);
#4615 = CARTESIAN_POINT('',(36.,0.));
#4616 = VECTOR('',#4617,1.);
#4617 = DIRECTION('',(0.,1.));
#4618 = ( GEOMETRIC_REPRESENTATION_CONTEXT(2) 
PARAMETRIC_REPRESENTATION_CONTEXT() REPRESENTATION_CONTEXT('2D SPACE',''
  ) );
#4619 = ORIENTED_EDGE('',*,*,#4620,.T.);
#4620 = EDGE_CURVE('',#4596,#4621,#4623,.T.);
#4621 = VERTEX_POINT('',#4622);
#4622 = CARTESIAN_POINT('',(9.,117.91168824543,-41.5735931288));
#4623 = SURFACE_CURVE('',#4624,(#4628,#4635),.PCURVE_S1.);
#4624 = LINE('',#4625,#4626);
#4625 = CARTESIAN_POINT('',(9.,28.10912703474,-131.3761543394));
#4626 = VECTOR('',#4627,1.);
#4627 = DIRECTION('',(0.,0.707106781187,0.707106781187));
#4628 = PCURVE('',#126,#4629);
#4629 = DEFINITIONAL_REPRESENTATION('',(#4630),#4634);
#4630 = LINE('',#4631,#4632);
#4631 = CARTESIAN_POINT('',(8.,5.));
#4632 = VECTOR('',#4633,1.);
#4633 = DIRECTION('',(0.,1.));
#4634 = ( GEOMETRIC_REPRESENTATION_CONTEXT(2) 
PARAMETRIC_REPRESENTATION_CONTEXT() REPRESENTATION_CONTEXT('2D SPACE',''
  ) );
#4635 = PCURVE('',#4636,#4641);
#4636 = PLANE('',#4637);
#4637 = AXIS2_PLACEMENT_3D('',#4638,#4639,#4640);
#4638 = CARTESIAN_POINT('',(9.,121.44722215136,-45.10912703474));
#4639 = DIRECTION('',(-1.,0.,0.));
#4640 = DIRECTION('',(0.,-0.707106781187,0.707106781187));
#4641 = DEFINITIONAL_REPRESENTATION('',(#4642),#4646);
#4642 = LINE('',#4643,#4644);
#4643 = CARTESIAN_POINT('',(5.,-127.));
#4644 = VECTOR('',#4645,1.);
#4645 = DIRECTION('',(0.,1.));
#4646 = ( GEOMETRIC_REPRESENTATION_CONTEXT(2) 
PARAMETRIC_REPRESENTATION_CONTEXT() REPRESENTATION_CONTEXT('2D SPACE',''
  ) );
#4647 = ORIENTED_EDGE('',*,*,#4648,.F.);
#4648 = EDGE_CURVE('',#85,#4621,#4649,.T.);
#4649 = SURFACE_CURVE('',#4650,(#4654,#4661),.PCURVE_S1.);
#4650 = LINE('',#4651,#4652);
#4651 = CARTESIAN_POINT('',(1.,117.91168824543,-41.5735931288));
#4652 = VECTOR('',#4653,1.);
#4653 = DIRECTION('',(1.,0.,0.));
#4654 = PCURVE('',#126,#4655);
#4655 = DEFINITIONAL_REPRESENTATION('',(#4656),#4660);
#4656 = LINE('',#4657,#4658);
#4657 = CARTESIAN_POINT('',(0.,132.));
#4658 = VECTOR('',#4659,1.);
#4659 = DIRECTION('',(1.,0.));
#4660 = ( GEOMETRIC_REPRESENTATION_CONTEXT(2) 
PARAMETRIC_REPRESENTATION_CONTEXT() REPRESENTATION_CONTEXT('2D SPACE',''
  ) );
#4661 = PCURVE('',#100,#4662);
#4662 = DEFINITIONAL_REPRESENTATION('',(#4663),#4667);
#4663 = LINE('',#4664,#4665);
#4664 = CARTESIAN_POINT('',(36.,0.));
#4665 = VECTOR('',#4666,1.);
#4666 = DIRECTION('',(0.,1.));
#4667 = ( GEOMETRIC_REPRESENTATION_CONTEXT(2) 
PARAMETRIC_REPRESENTATION_CONTEXT() REPRESENTATION_CONTEXT('2D SPACE',''
  ) );
#4668 = ORIENTED_EDGE('',*,*,#112,.F.);
#4669 = ORIENTED_EDGE('',*,*,#1185,.F.);
#4670 = ORIENTED_EDGE('',*,*,#4671,.T.);
#4671 = EDGE_CURVE('',#1186,#4672,#4674,.T.);
#4672 = VERTEX_POINT('',#4673);
#4673 = CARTESIAN_POINT('',(140.,117.91168824543,-41.5735931288));
#4674 = SURFACE_CURVE('',#4675,(#4679,#4686),.PCURVE_S1.);
#4675 = LINE('',#4676,#4677);
#4676 = CARTESIAN_POINT('',(140.,24.573593128807,-134.9116882454));
#4677 = VECTOR('',#4678,1.);
#4678 = DIRECTION('',(0.,0.707106781187,0.707106781187));
#4679 = PCURVE('',#126,#4680);
#4680 = DEFINITIONAL_REPRESENTATION('',(#4681),#4685);
#4681 = LINE('',#4682,#4683);
#4682 = CARTESIAN_POINT('',(139.,0.));
#4683 = VECTOR('',#4684,1.);
#4684 = DIRECTION('',(0.,1.));
#4685 = ( GEOMETRIC_REPRESENTATION_CONTEXT(2) 
PARAMETRIC_REPRESENTATION_CONTEXT() REPRESENTATION_CONTEXT('2D SPACE',''
  ) );
#4686 = PCURVE('',#1222,#4687);
#4687 = DEFINITIONAL_REPRESENTATION('',(#4688),#4692);
#4688 = LINE('',#4689,#4690);
#4689 = CARTESIAN_POINT('',(36.,-3.552713678801E-15));
#4690 = VECTOR('',#4691,1.);
#4691 = DIRECTION('',(0.,-1.));
#4692 = ( GEOMETRIC_REPRESENTATION_CONTEXT(2) 
PARAMETRIC_REPRESENTATION_CONTEXT() REPRESENTATION_CONTEXT('2D SPACE',''
  ) );
#4693 = ORIENTED_EDGE('',*,*,#4694,.T.);
#4694 = EDGE_CURVE('',#4672,#4695,#4697,.T.);
#4695 = VERTEX_POINT('',#4696);
#4696 = CARTESIAN_POINT('',(131.,117.91168824543,-41.5735931288));
#4697 = SURFACE_CURVE('',#4698,(#4702,#4709),.PCURVE_S1.);
#4698 = LINE('',#4699,#4700);
#4699 = CARTESIAN_POINT('',(140.,117.91168824543,-41.5735931288));
#4700 = VECTOR('',#4701,1.);
#4701 = DIRECTION('',(-1.,0.,0.));
#4702 = PCURVE('',#126,#4703);
#4703 = DEFINITIONAL_REPRESENTATION('',(#4704),#4708);
#4704 = LINE('',#4705,#4706);
#4705 = CARTESIAN_POINT('',(139.,132.));
#4706 = VECTOR('',#4707,1.);
#4707 = DIRECTION('',(-1.,0.));
#4708 = ( GEOMETRIC_REPRESENTATION_CONTEXT(2) 
PARAMETRIC_REPRESENTATION_CONTEXT() REPRESENTATION_CONTEXT('2D SPACE',''
  ) );
#4709 = PCURVE('',#3143,#4710);
#4710 = DEFINITIONAL_REPRESENTATION('',(#4711),#4715);
#4711 = LINE('',#4712,#4713);
#4712 = CARTESIAN_POINT('',(36.,5.));
#4713 = VECTOR('',#4714,1.);
#4714 = DIRECTION('',(0.,-1.));
#4715 = ( GEOMETRIC_REPRESENTATION_CONTEXT(2) 
PARAMETRIC_REPRESENTATION_CONTEXT() REPRESENTATION_CONTEXT('2D SPACE',''
  ) );
#4716 = ORIENTED_EDGE('',*,*,#4717,.T.);
#4717 = EDGE_CURVE('',#4695,#4598,#4718,.T.);
#4718 = SURFACE_CURVE('',#4719,(#4723,#4730),.PCURVE_S1.);
#4719 = LINE('',#4720,#4721);
#4720 = CARTESIAN_POINT('',(131.,117.91168824543,-41.5735931288));
#4721 = VECTOR('',#4722,1.);
#4722 = DIRECTION('',(0.,-0.707106781187,-0.707106781187));
#4723 = PCURVE('',#126,#4724);
#4724 = DEFINITIONAL_REPRESENTATION('',(#4725),#4729);
#4725 = LINE('',#4726,#4727);
#4726 = CARTESIAN_POINT('',(130.,132.));
#4727 = VECTOR('',#4728,1.);
#4728 = DIRECTION('',(0.,-1.));
#4729 = ( GEOMETRIC_REPRESENTATION_CONTEXT(2) 
PARAMETRIC_REPRESENTATION_CONTEXT() REPRESENTATION_CONTEXT('2D SPACE',''
  ) );
#4730 = PCURVE('',#4731,#4736);
#4731 = PLANE('',#4732);
#4732 = AXIS2_PLACEMENT_3D('',#4733,#4734,#4735);
#4733 = CARTESIAN_POINT('',(131.,121.44722215136,-45.10912703474));
#4734 = DIRECTION('',(1.,0.,0.));
#4735 = DIRECTION('',(-0.,0.707106781187,-0.707106781187));
#4736 = DEFINITIONAL_REPRESENTATION('',(#4737),#4741);
#4737 = LINE('',#4738,#4739);
#4738 = CARTESIAN_POINT('',(-5.,-4.440892098501E-16));
#4739 = VECTOR('',#4740,1.);
#4740 = DIRECTION('',(-0.,-1.));
#4741 = ( GEOMETRIC_REPRESENTATION_CONTEXT(2) 
PARAMETRIC_REPRESENTATION_CONTEXT() REPRESENTATION_CONTEXT('2D SPACE',''
  ) );
#4742 = FACE_BOUND('',#4743,.T.);
#4743 = EDGE_LOOP('',(#4744,#4774,#4802,#4830));
#4744 = ORIENTED_EDGE('',*,*,#4745,.T.);
#4745 = EDGE_CURVE('',#4746,#4748,#4750,.T.);
#4746 = VERTEX_POINT('',#4747);
#4747 = CARTESIAN_POINT('',(3.428571428571,117.55813485483,
    -41.9271465194));
#4748 = VERTEX_POINT('',#4749);
#4749 = CARTESIAN_POINT('',(6.571428571429,117.55813485483,
    -41.9271465194));
#4750 = SURFACE_CURVE('',#4751,(#4755,#4762),.PCURVE_S1.);
#4751 = LINE('',#4752,#4753);
#4752 = CARTESIAN_POINT('',(3.,117.55813485483,-41.9271465194));
#4753 = VECTOR('',#4754,1.);
#4754 = DIRECTION('',(1.,0.,0.));
#4755 = PCURVE('',#126,#4756);
#4756 = DEFINITIONAL_REPRESENTATION('',(#4757),#4761);
#4757 = LINE('',#4758,#4759);
#4758 = CARTESIAN_POINT('',(2.,131.5));
#4759 = VECTOR('',#4760,1.);
#4760 = DIRECTION('',(1.,0.));
#4761 = ( GEOMETRIC_REPRESENTATION_CONTEXT(2) 
PARAMETRIC_REPRESENTATION_CONTEXT() REPRESENTATION_CONTEXT('2D SPACE',''
  ) );
#4762 = PCURVE('',#4763,#4768);
#4763 = PLANE('',#4764);
#4764 = AXIS2_PLACEMENT_3D('',#4765,#4766,#4767);
#4765 = CARTESIAN_POINT('',(5.,116.72909761314,-41.0981092777));
#4766 = DIRECTION('',(-0.,-0.707106781187,-0.707106781187));
#4767 = DIRECTION('',(0.,0.707106781187,-0.707106781187));
#4768 = DEFINITIONAL_REPRESENTATION('',(#4769),#4773);
#4769 = LINE('',#4770,#4771);
#4770 = CARTESIAN_POINT('',(1.172435710914,-2.));
#4771 = VECTOR('',#4772,1.);
#4772 = DIRECTION('',(0.,1.));
#4773 = ( GEOMETRIC_REPRESENTATION_CONTEXT(2) 
PARAMETRIC_REPRESENTATION_CONTEXT() REPRESENTATION_CONTEXT('2D SPACE',''
  ) );
#4774 = ORIENTED_EDGE('',*,*,#4775,.T.);
#4775 = EDGE_CURVE('',#4748,#4776,#4778,.T.);
#4776 = VERTEX_POINT('',#4777);
#4777 = CARTESIAN_POINT('',(6.571428571429,28.10912703474,
    -131.3761543394));
#4778 = SURFACE_CURVE('',#4779,(#4783,#4790),.PCURVE_S1.);
#4779 = LINE('',#4780,#4781);
#4780 = CARTESIAN_POINT('',(6.571428571429,71.065863991823,
    -88.41941738241));
#4781 = VECTOR('',#4782,1.);
#4782 = DIRECTION('',(0.,-0.707106781187,-0.707106781187));
#4783 = PCURVE('',#126,#4784);
#4784 = DEFINITIONAL_REPRESENTATION('',(#4785),#4789);
#4785 = LINE('',#4786,#4787);
#4786 = CARTESIAN_POINT('',(5.571428571429,65.75));
#4787 = VECTOR('',#4788,1.);
#4788 = DIRECTION('',(0.,-1.));
#4789 = ( GEOMETRIC_REPRESENTATION_CONTEXT(2) 
PARAMETRIC_REPRESENTATION_CONTEXT() REPRESENTATION_CONTEXT('2D SPACE',''
  ) );
#4790 = PCURVE('',#4791,#4796);
#4791 = PLANE('',#4792);
#4792 = AXIS2_PLACEMENT_3D('',#4793,#4794,#4795);
#4793 = CARTESIAN_POINT('',(6.5,117.62884553295,-41.99785719751));
#4794 = DIRECTION('',(-0.813733471207,-0.410997468263,0.410997468263));
#4795 = DIRECTION('',(0.581238193719,-0.575396455569,0.575396455569));
#4796 = DEFINITIONAL_REPRESENTATION('',(#4797),#4801);
#4797 = LINE('',#4798,#4799);
#4798 = CARTESIAN_POINT('',(0.122890360958,-65.75));
#4799 = VECTOR('',#4800,1.);
#4800 = DIRECTION('',(0.,-1.));
#4801 = ( GEOMETRIC_REPRESENTATION_CONTEXT(2) 
PARAMETRIC_REPRESENTATION_CONTEXT() REPRESENTATION_CONTEXT('2D SPACE',''
  ) );
#4802 = ORIENTED_EDGE('',*,*,#4803,.F.);
#4803 = EDGE_CURVE('',#4804,#4776,#4806,.T.);
#4804 = VERTEX_POINT('',#4805);
#4805 = CARTESIAN_POINT('',(3.428571428571,28.10912703474,
    -131.3761543394));
#4806 = SURFACE_CURVE('',#4807,(#4811,#4818),.PCURVE_S1.);
#4807 = LINE('',#4808,#4809);
#4808 = CARTESIAN_POINT('',(3.,28.10912703474,-131.3761543394));
#4809 = VECTOR('',#4810,1.);
#4810 = DIRECTION('',(1.,0.,0.));
#4811 = PCURVE('',#126,#4812);
#4812 = DEFINITIONAL_REPRESENTATION('',(#4813),#4817);
#4813 = LINE('',#4814,#4815);
#4814 = CARTESIAN_POINT('',(2.,5.));
#4815 = VECTOR('',#4816,1.);
#4816 = DIRECTION('',(1.,0.));
#4817 = ( GEOMETRIC_REPRESENTATION_CONTEXT(2) 
PARAMETRIC_REPRESENTATION_CONTEXT() REPRESENTATION_CONTEXT('2D SPACE',''
  ) );
#4818 = PCURVE('',#4819,#4824);
#4819 = PLANE('',#4820);
#4820 = AXIS2_PLACEMENT_3D('',#4821,#4822,#4823);
#4821 = CARTESIAN_POINT('',(5.,27.280089793047,-130.5471170978));
#4822 = DIRECTION('',(-0.,-0.707106781187,-0.707106781187));
#4823 = DIRECTION('',(0.,0.707106781187,-0.707106781187));
#4824 = DEFINITIONAL_REPRESENTATION('',(#4825),#4829);
#4825 = LINE('',#4826,#4827);
#4826 = CARTESIAN_POINT('',(1.172435710914,-2.));
#4827 = VECTOR('',#4828,1.);
#4828 = DIRECTION('',(0.,1.));
#4829 = ( GEOMETRIC_REPRESENTATION_CONTEXT(2) 
PARAMETRIC_REPRESENTATION_CONTEXT() REPRESENTATION_CONTEXT('2D SPACE',''
  ) );
#4830 = ORIENTED_EDGE('',*,*,#4831,.T.);
#4831 = EDGE_CURVE('',#4804,#4746,#4832,.T.);
#4832 = SURFACE_CURVE('',#4833,(#4837,#4844),.PCURVE_S1.);
#4833 = LINE('',#4834,#4835);
#4834 = CARTESIAN_POINT('',(3.428571428571,71.065863991823,
    -88.41941738241));
#4835 = VECTOR('',#4836,1.);
#4836 = DIRECTION('',(0.,0.707106781187,0.707106781187));
#4837 = PCURVE('',#126,#4838);
#4838 = DEFINITIONAL_REPRESENTATION('',(#4839),#4843);
#4839 = LINE('',#4840,#4841);
#4840 = CARTESIAN_POINT('',(2.428571428571,65.75));
#4841 = VECTOR('',#4842,1.);
#4842 = DIRECTION('',(0.,1.));
#4843 = ( GEOMETRIC_REPRESENTATION_CONTEXT(2) 
PARAMETRIC_REPRESENTATION_CONTEXT() REPRESENTATION_CONTEXT('2D SPACE',''
  ) );
#4844 = PCURVE('',#4845,#4850);
#4845 = PLANE('',#4846);
#4846 = AXIS2_PLACEMENT_3D('',#4847,#4848,#4849);
#4847 = CARTESIAN_POINT('',(2.,116.14392129246,-40.51293295702));
#4848 = DIRECTION('',(0.813733471207,-0.410997468263,0.410997468263));
#4849 = DIRECTION('',(0.581238193719,0.575396455569,-0.575396455569));
#4850 = DEFINITIONAL_REPRESENTATION('',(#4851),#4855);
#4851 = LINE('',#4852,#4853);
#4852 = CARTESIAN_POINT('',(2.457807219155,-65.75));
#4853 = VECTOR('',#4854,1.);
#4854 = DIRECTION('',(0.,1.));
#4855 = ( GEOMETRIC_REPRESENTATION_CONTEXT(2) 
PARAMETRIC_REPRESENTATION_CONTEXT() REPRESENTATION_CONTEXT('2D SPACE',''
  ) );
#4856 = FACE_BOUND('',#4857,.T.);
#4857 = EDGE_LOOP('',(#4858,#4888,#4916,#4944));
#4858 = ORIENTED_EDGE('',*,*,#4859,.T.);
#4859 = EDGE_CURVE('',#4860,#4862,#4864,.T.);
#4860 = VERTEX_POINT('',#4861);
#4861 = CARTESIAN_POINT('',(133.42857142857,117.55813485483,
    -41.9271465194));
#4862 = VERTEX_POINT('',#4863);
#4863 = CARTESIAN_POINT('',(136.57142857142,117.55813485483,
    -41.9271465194));
#4864 = SURFACE_CURVE('',#4865,(#4869,#4876),.PCURVE_S1.);
#4865 = LINE('',#4866,#4867);
#4866 = CARTESIAN_POINT('',(68.,117.55813485483,-41.9271465194));
#4867 = VECTOR('',#4868,1.);
#4868 = DIRECTION('',(1.,0.,0.));
#4869 = PCURVE('',#126,#4870);
#4870 = DEFINITIONAL_REPRESENTATION('',(#4871),#4875);
#4871 = LINE('',#4872,#4873);
#4872 = CARTESIAN_POINT('',(67.,131.5));
#4873 = VECTOR('',#4874,1.);
#4874 = DIRECTION('',(1.,0.));
#4875 = ( GEOMETRIC_REPRESENTATION_CONTEXT(2) 
PARAMETRIC_REPRESENTATION_CONTEXT() REPRESENTATION_CONTEXT('2D SPACE',''
  ) );
#4876 = PCURVE('',#4877,#4882);
#4877 = PLANE('',#4878);
#4878 = AXIS2_PLACEMENT_3D('',#4879,#4880,#4881);
#4879 = CARTESIAN_POINT('',(135.,116.72909761314,-41.0981092777));
#4880 = DIRECTION('',(-0.,-0.707106781187,-0.707106781187));
#4881 = DIRECTION('',(0.,0.707106781187,-0.707106781187));
#4882 = DEFINITIONAL_REPRESENTATION('',(#4883),#4887);
#4883 = LINE('',#4884,#4885);
#4884 = CARTESIAN_POINT('',(1.172435710914,-67.));
#4885 = VECTOR('',#4886,1.);
#4886 = DIRECTION('',(0.,1.));
#4887 = ( GEOMETRIC_REPRESENTATION_CONTEXT(2) 
PARAMETRIC_REPRESENTATION_CONTEXT() REPRESENTATION_CONTEXT('2D SPACE',''
  ) );
#4888 = ORIENTED_EDGE('',*,*,#4889,.T.);
#4889 = EDGE_CURVE('',#4862,#4890,#4892,.T.);
#4890 = VERTEX_POINT('',#4891);
#4891 = CARTESIAN_POINT('',(136.57142857142,28.10912703474,
    -131.3761543394));
#4892 = SURFACE_CURVE('',#4893,(#4897,#4904),.PCURVE_S1.);
#4893 = LINE('',#4894,#4895);
#4894 = CARTESIAN_POINT('',(136.57142857142,71.065863991823,
    -88.41941738241));
#4895 = VECTOR('',#4896,1.);
#4896 = DIRECTION('',(0.,-0.707106781187,-0.707106781187));
#4897 = PCURVE('',#126,#4898);
#4898 = DEFINITIONAL_REPRESENTATION('',(#4899),#4903);
#4899 = LINE('',#4900,#4901);
#4900 = CARTESIAN_POINT('',(135.57142857142,65.75));
#4901 = VECTOR('',#4902,1.);
#4902 = DIRECTION('',(0.,-1.));
#4903 = ( GEOMETRIC_REPRESENTATION_CONTEXT(2) 
PARAMETRIC_REPRESENTATION_CONTEXT() REPRESENTATION_CONTEXT('2D SPACE',''
  ) );
#4904 = PCURVE('',#4905,#4910);
#4905 = PLANE('',#4906);
#4906 = AXIS2_PLACEMENT_3D('',#4907,#4908,#4909);
#4907 = CARTESIAN_POINT('',(136.5,117.62884553295,-41.99785719751));
#4908 = DIRECTION('',(-0.813733471207,-0.410997468263,0.410997468263));
#4909 = DIRECTION('',(0.581238193719,-0.575396455569,0.575396455569));
#4910 = DEFINITIONAL_REPRESENTATION('',(#4911),#4915);
#4911 = LINE('',#4912,#4913);
#4912 = CARTESIAN_POINT('',(0.122890360958,-65.75));
#4913 = VECTOR('',#4914,1.);
#4914 = DIRECTION('',(0.,-1.));
#4915 = ( GEOMETRIC_REPRESENTATION_CONTEXT(2) 
PARAMETRIC_REPRESENTATION_CONTEXT() REPRESENTATION_CONTEXT('2D SPACE',''
  ) );
#4916 = ORIENTED_EDGE('',*,*,#4917,.F.);
#4917 = EDGE_CURVE('',#4918,#4890,#4920,.T.);
#4918 = VERTEX_POINT('',#4919);
#4919 = CARTESIAN_POINT('',(133.42857142857,28.10912703474,
    -131.3761543394));
#4920 = SURFACE_CURVE('',#4921,(#4925,#4932),.PCURVE_S1.);
#4921 = LINE('',#4922,#4923);
#4922 = CARTESIAN_POINT('',(68.,28.10912703474,-131.3761543394));
#4923 = VECTOR('',#4924,1.);
#4924 = DIRECTION('',(1.,0.,0.));
#4925 = PCURVE('',#126,#4926);
#4926 = DEFINITIONAL_REPRESENTATION('',(#4927),#4931);
#4927 = LINE('',#4928,#4929);
#4928 = CARTESIAN_POINT('',(67.,5.));
#4929 = VECTOR('',#4930,1.);
#4930 = DIRECTION('',(1.,0.));
#4931 = ( GEOMETRIC_REPRESENTATION_CONTEXT(2) 
PARAMETRIC_REPRESENTATION_CONTEXT() REPRESENTATION_CONTEXT('2D SPACE',''
  ) );
#4932 = PCURVE('',#4933,#4938);
#4933 = PLANE('',#4934);
#4934 = AXIS2_PLACEMENT_3D('',#4935,#4936,#4937);
#4935 = CARTESIAN_POINT('',(135.,27.280089793047,-130.5471170978));
#4936 = DIRECTION('',(-0.,-0.707106781187,-0.707106781187));
#4937 = DIRECTION('',(0.,0.707106781187,-0.707106781187));
#4938 = DEFINITIONAL_REPRESENTATION('',(#4939),#4943);
#4939 = LINE('',#4940,#4941);
#4940 = CARTESIAN_POINT('',(1.172435710914,-67.));
#4941 = VECTOR('',#4942,1.);
#4942 = DIRECTION('',(0.,1.));
#4943 = ( GEOMETRIC_REPRESENTATION_CONTEXT(2) 
PARAMETRIC_REPRESENTATION_CONTEXT() REPRESENTATION_CONTEXT('2D SPACE',''
  ) );
#4944 = ORIENTED_EDGE('',*,*,#4945,.T.);
#4945 = EDGE_CURVE('',#4918,#4860,#4946,.T.);
#4946 = SURFACE_CURVE('',#4947,(#4951,#4958),.PCURVE_S1.);
#4947 = LINE('',#4948,#4949);
#4948 = CARTESIAN_POINT('',(133.42857142857,71.065863991823,
    -88.41941738241));
#4949 = VECTOR('',#4950,1.);
#4950 = DIRECTION('',(0.,0.707106781187,0.707106781187));
#4951 = PCURVE('',#126,#4952);
#4952 = DEFINITIONAL_REPRESENTATION('',(#4953),#4957);
#4953 = LINE('',#4954,#4955);
#4954 = CARTESIAN_POINT('',(132.42857142857,65.75));
#4955 = VECTOR('',#4956,1.);
#4956 = DIRECTION('',(0.,1.));
#4957 = ( GEOMETRIC_REPRESENTATION_CONTEXT(2) 
PARAMETRIC_REPRESENTATION_CONTEXT() REPRESENTATION_CONTEXT('2D SPACE',''
  ) );
#4958 = PCURVE('',#4959,#4964);
#4959 = PLANE('',#4960);
#4960 = AXIS2_PLACEMENT_3D('',#4961,#4962,#4963);
#4961 = CARTESIAN_POINT('',(132.,116.14392129246,-40.51293295702));
#4962 = DIRECTION('',(0.813733471207,-0.410997468263,0.410997468263));
#4963 = DIRECTION('',(0.581238193719,0.575396455569,-0.575396455569));
#4964 = DEFINITIONAL_REPRESENTATION('',(#4965),#4969);
#4965 = LINE('',#4966,#4967);
#4966 = CARTESIAN_POINT('',(2.457807219155,-65.75));
#4967 = VECTOR('',#4968,1.);
#4968 = DIRECTION('',(0.,1.));
#4969 = ( GEOMETRIC_REPRESENTATION_CONTEXT(2) 
PARAMETRIC_REPRESENTATION_CONTEXT() REPRESENTATION_CONTEXT('2D SPACE',''
  ) );
#4970 = ADVANCED_FACE('',(#4971),#100,.T.);
#4971 = FACE_BOUND('',#4972,.T.);
#4972 = EDGE_LOOP('',(#4973,#4974,#4975,#4998,#5026,#5047));
#4973 = ORIENTED_EDGE('',*,*,#84,.F.);
#4974 = ORIENTED_EDGE('',*,*,#4648,.T.);
#4975 = ORIENTED_EDGE('',*,*,#4976,.T.);
#4976 = EDGE_CURVE('',#4621,#4977,#4979,.T.);
#4977 = VERTEX_POINT('',#4978);
#4978 = CARTESIAN_POINT('',(9.,138.41778489984,-62.07968978321));
#4979 = SURFACE_CURVE('',#4980,(#4984,#4991),.PCURVE_S1.);
#4980 = LINE('',#4981,#4982);
#4981 = CARTESIAN_POINT('',(9.,117.91168824543,-41.5735931288));
#4982 = VECTOR('',#4983,1.);
#4983 = DIRECTION('',(0.,0.707106781187,-0.707106781187));
#4984 = PCURVE('',#100,#4985);
#4985 = DEFINITIONAL_REPRESENTATION('',(#4986),#4990);
#4986 = LINE('',#4987,#4988);
#4987 = CARTESIAN_POINT('',(36.,8.));
#4988 = VECTOR('',#4989,1.);
#4989 = DIRECTION('',(-1.,0.));
#4990 = ( GEOMETRIC_REPRESENTATION_CONTEXT(2) 
PARAMETRIC_REPRESENTATION_CONTEXT() REPRESENTATION_CONTEXT('2D SPACE',''
  ) );
#4991 = PCURVE('',#4636,#4992);
#4992 = DEFINITIONAL_REPRESENTATION('',(#4993),#4997);
#4993 = LINE('',#4994,#4995);
#4994 = CARTESIAN_POINT('',(5.,-4.440892098501E-16));
#4995 = VECTOR('',#4996,1.);
#4996 = DIRECTION('',(-1.,0.));
#4997 = ( GEOMETRIC_REPRESENTATION_CONTEXT(2) 
PARAMETRIC_REPRESENTATION_CONTEXT() REPRESENTATION_CONTEXT('2D SPACE',''
  ) );
#4998 = ORIENTED_EDGE('',*,*,#4999,.T.);
#4999 = EDGE_CURVE('',#4977,#5000,#5002,.T.);
#5000 = VERTEX_POINT('',#5001);
#5001 = CARTESIAN_POINT('',(19.,138.41778489984,-62.07968978321));
#5002 = SURFACE_CURVE('',#5003,(#5007,#5014),.PCURVE_S1.);
#5003 = LINE('',#5004,#5005);
#5004 = CARTESIAN_POINT('',(1.,138.41778489984,-62.07968978321));
#5005 = VECTOR('',#5006,1.);
#5006 = DIRECTION('',(1.,0.,0.));
#5007 = PCURVE('',#100,#5008);
#5008 = DEFINITIONAL_REPRESENTATION('',(#5009),#5013);
#5009 = LINE('',#5010,#5011);
#5010 = CARTESIAN_POINT('',(7.,0.));
#5011 = VECTOR('',#5012,1.);
#5012 = DIRECTION('',(0.,1.));
#5013 = ( GEOMETRIC_REPRESENTATION_CONTEXT(2) 
PARAMETRIC_REPRESENTATION_CONTEXT() REPRESENTATION_CONTEXT('2D SPACE',''
  ) );
#5014 = PCURVE('',#5015,#5020);
#5015 = PLANE('',#5016);
#5016 = AXIS2_PLACEMENT_3D('',#5017,#5018,#5019);
#5017 = CARTESIAN_POINT('',(1.,45.079689783217,-155.4177848998));
#5018 = DIRECTION('',(0.,-0.707106781187,0.707106781187));
#5019 = DIRECTION('',(1.,0.,0.));
#5020 = DEFINITIONAL_REPRESENTATION('',(#5021),#5025);
#5021 = LINE('',#5022,#5023);
#5022 = CARTESIAN_POINT('',(0.,132.));
#5023 = VECTOR('',#5024,1.);
#5024 = DIRECTION('',(1.,0.));
#5025 = ( GEOMETRIC_REPRESENTATION_CONTEXT(2) 
PARAMETRIC_REPRESENTATION_CONTEXT() REPRESENTATION_CONTEXT('2D SPACE',''
  ) );
#5026 = ORIENTED_EDGE('',*,*,#5027,.F.);
#5027 = EDGE_CURVE('',#3324,#5000,#5028,.T.);
#5028 = SURFACE_CURVE('',#5029,(#5033,#5040),.PCURVE_S1.);
#5029 = LINE('',#5030,#5031);
#5030 = CARTESIAN_POINT('',(19.,143.36753236814,-67.02943725152));
#5031 = VECTOR('',#5032,1.);
#5032 = DIRECTION('',(0.,-0.707106781187,0.707106781187));
#5033 = PCURVE('',#100,#5034);
#5034 = DEFINITIONAL_REPRESENTATION('',(#5035),#5039);
#5035 = LINE('',#5036,#5037);
#5036 = CARTESIAN_POINT('',(0.,18.));
#5037 = VECTOR('',#5038,1.);
#5038 = DIRECTION('',(1.,0.));
#5039 = ( GEOMETRIC_REPRESENTATION_CONTEXT(2) 
PARAMETRIC_REPRESENTATION_CONTEXT() REPRESENTATION_CONTEXT('2D SPACE',''
  ) );
#5040 = PCURVE('',#2187,#5041);
#5041 = DEFINITIONAL_REPRESENTATION('',(#5042),#5046);
#5042 = LINE('',#5043,#5044);
#5043 = CARTESIAN_POINT('',(1.42108547152E-14,-132.));
#5044 = VECTOR('',#5045,1.);
#5045 = DIRECTION('',(1.,0.));
#5046 = ( GEOMETRIC_REPRESENTATION_CONTEXT(2) 
PARAMETRIC_REPRESENTATION_CONTEXT() REPRESENTATION_CONTEXT('2D SPACE',''
  ) );
#5047 = ORIENTED_EDGE('',*,*,#3346,.T.);
#5048 = ADVANCED_FACE('',(#5049),#158,.T.);
#5049 = FACE_BOUND('',#5050,.T.);
#5050 = EDGE_LOOP('',(#5051,#5052,#5075,#5098));
#5051 = ORIENTED_EDGE('',*,*,#140,.T.);
#5052 = ORIENTED_EDGE('',*,*,#5053,.T.);
#5053 = EDGE_CURVE('',#143,#5054,#5056,.T.);
#5054 = VERTEX_POINT('',#5055);
#5055 = CARTESIAN_POINT('',(9.,119.3259018078,-76.92893218813));
#5056 = SURFACE_CURVE('',#5057,(#5061,#5068),.PCURVE_S1.);
#5057 = LINE('',#5058,#5059);
#5058 = CARTESIAN_POINT('',(0.,119.3259018078,-76.92893218813));
#5059 = VECTOR('',#5060,1.);
#5060 = DIRECTION('',(1.,0.,0.));
#5061 = PCURVE('',#158,#5062);
#5062 = DEFINITIONAL_REPRESENTATION('',(#5063),#5067);
#5063 = LINE('',#5064,#5065);
#5064 = CARTESIAN_POINT('',(0.,0.));
#5065 = VECTOR('',#5066,1.);
#5066 = DIRECTION('',(0.,-1.));
#5067 = ( GEOMETRIC_REPRESENTATION_CONTEXT(2) 
PARAMETRIC_REPRESENTATION_CONTEXT() REPRESENTATION_CONTEXT('2D SPACE',''
  ) );
#5068 = PCURVE('',#186,#5069);
#5069 = DEFINITIONAL_REPRESENTATION('',(#5070),#5074);
#5070 = LINE('',#5071,#5072);
#5071 = CARTESIAN_POINT('',(16.,0.));
#5072 = VECTOR('',#5073,1.);
#5073 = DIRECTION('',(0.,-1.));
#5074 = ( GEOMETRIC_REPRESENTATION_CONTEXT(2) 
PARAMETRIC_REPRESENTATION_CONTEXT() REPRESENTATION_CONTEXT('2D SPACE',''
  ) );
#5075 = ORIENTED_EDGE('',*,*,#5076,.T.);
#5076 = EDGE_CURVE('',#5054,#5077,#5079,.T.);
#5077 = VERTEX_POINT('',#5078);
#5078 = CARTESIAN_POINT('',(9.,110.84062043356,-68.44365081389));
#5079 = SURFACE_CURVE('',#5080,(#5084,#5091),.PCURVE_S1.);
#5080 = LINE('',#5081,#5082);
#5081 = CARTESIAN_POINT('',(9.,111.90128060534,-69.50431098567));
#5082 = VECTOR('',#5083,1.);
#5083 = DIRECTION('',(0.,-0.707106781187,0.707106781187));
#5084 = PCURVE('',#158,#5085);
#5085 = DEFINITIONAL_REPRESENTATION('',(#5086),#5090);
#5086 = LINE('',#5087,#5088);
#5087 = CARTESIAN_POINT('',(10.5,-9.));
#5088 = VECTOR('',#5089,1.);
#5089 = DIRECTION('',(1.,0.));
#5090 = ( GEOMETRIC_REPRESENTATION_CONTEXT(2) 
PARAMETRIC_REPRESENTATION_CONTEXT() REPRESENTATION_CONTEXT('2D SPACE',''
  ) );
#5091 = PCURVE('',#4636,#5092);
#5092 = DEFINITIONAL_REPRESENTATION('',(#5093),#5097);
#5093 = LINE('',#5094,#5095);
#5094 = CARTESIAN_POINT('',(-10.5,-24.));
#5095 = VECTOR('',#5096,1.);
#5096 = DIRECTION('',(1.,0.));
#5097 = ( GEOMETRIC_REPRESENTATION_CONTEXT(2) 
PARAMETRIC_REPRESENTATION_CONTEXT() REPRESENTATION_CONTEXT('2D SPACE',''
  ) );
#5098 = ORIENTED_EDGE('',*,*,#5099,.F.);
#5099 = EDGE_CURVE('',#141,#5077,#5100,.T.);
#5100 = SURFACE_CURVE('',#5101,(#5105,#5112),.PCURVE_S1.);
#5101 = LINE('',#5102,#5103);
#5102 = CARTESIAN_POINT('',(0.,110.84062043356,-68.44365081389));
#5103 = VECTOR('',#5104,1.);
#5104 = DIRECTION('',(1.,0.,0.));
#5105 = PCURVE('',#158,#5106);
#5106 = DEFINITIONAL_REPRESENTATION('',(#5107),#5111);
#5107 = LINE('',#5108,#5109);
#5108 = CARTESIAN_POINT('',(12.,0.));
#5109 = VECTOR('',#5110,1.);
#5110 = DIRECTION('',(0.,-1.));
#5111 = ( GEOMETRIC_REPRESENTATION_CONTEXT(2) 
PARAMETRIC_REPRESENTATION_CONTEXT() REPRESENTATION_CONTEXT('2D SPACE',''
  ) );
#5112 = PCURVE('',#296,#5113);
#5113 = DEFINITIONAL_REPRESENTATION('',(#5114),#5118);
#5114 = LINE('',#5115,#5116);
#5115 = CARTESIAN_POINT('',(0.,0.));
#5116 = VECTOR('',#5117,1.);
#5117 = DIRECTION('',(0.,-1.));
#5118 = ( GEOMETRIC_REPRESENTATION_CONTEXT(2) 
PARAMETRIC_REPRESENTATION_CONTEXT() REPRESENTATION_CONTEXT('2D SPACE',''
  ) );
#5119 = ADVANCED_FACE('',(#5120),#296,.T.);
#5120 = FACE_BOUND('',#5121,.T.);
#5121 = EDGE_LOOP('',(#5122,#5123,#5124,#5147,#5175,#5203,#5231));
#5122 = ORIENTED_EDGE('',*,*,#282,.T.);
#5123 = ORIENTED_EDGE('',*,*,#5099,.T.);
#5124 = ORIENTED_EDGE('',*,*,#5125,.T.);
#5125 = EDGE_CURVE('',#5077,#5126,#5128,.T.);
#5126 = VERTEX_POINT('',#5127);
#5127 = CARTESIAN_POINT('',(9.,108.01219330882,-68.44365081389));
#5128 = SURFACE_CURVE('',#5129,(#5133,#5140),.PCURVE_S1.);
#5129 = LINE('',#5130,#5131);
#5130 = CARTESIAN_POINT('',(9.,116.14392129246,-68.44365081389));
#5131 = VECTOR('',#5132,1.);
#5132 = DIRECTION('',(0.,-1.,1.110223024625E-16));
#5133 = PCURVE('',#296,#5134);
#5134 = DEFINITIONAL_REPRESENTATION('',(#5135),#5139);
#5135 = LINE('',#5136,#5137);
#5136 = CARTESIAN_POINT('',(-5.303300858899,-9.));
#5137 = VECTOR('',#5138,1.);
#5138 = DIRECTION('',(1.,0.));
#5139 = ( GEOMETRIC_REPRESENTATION_CONTEXT(2) 
PARAMETRIC_REPRESENTATION_CONTEXT() REPRESENTATION_CONTEXT('2D SPACE',''
  ) );
#5140 = PCURVE('',#4636,#5141);
#5141 = DEFINITIONAL_REPRESENTATION('',(#5142),#5146);
#5142 = LINE('',#5143,#5144);
#5143 = CARTESIAN_POINT('',(-12.75,-20.25));
#5144 = VECTOR('',#5145,1.);
#5145 = DIRECTION('',(0.707106781187,-0.707106781187));
#5146 = ( GEOMETRIC_REPRESENTATION_CONTEXT(2) 
PARAMETRIC_REPRESENTATION_CONTEXT() REPRESENTATION_CONTEXT('2D SPACE',''
  ) );
#5147 = ORIENTED_EDGE('',*,*,#5148,.T.);
#5148 = EDGE_CURVE('',#5126,#5149,#5151,.T.);
#5149 = VERTEX_POINT('',#5150);
#5150 = CARTESIAN_POINT('',(5.,108.01219330882,-68.44365081389));
#5151 = SURFACE_CURVE('',#5152,(#5156,#5163),.PCURVE_S1.);
#5152 = LINE('',#5153,#5154);
#5153 = CARTESIAN_POINT('',(2.5,108.01219330882,-68.44365081389));
#5154 = VECTOR('',#5155,1.);
#5155 = DIRECTION('',(-1.,0.,0.));
#5156 = PCURVE('',#296,#5157);
#5157 = DEFINITIONAL_REPRESENTATION('',(#5158),#5162);
#5158 = LINE('',#5159,#5160);
#5159 = CARTESIAN_POINT('',(2.828427124746,-2.5));
#5160 = VECTOR('',#5161,1.);
#5161 = DIRECTION('',(0.,1.));
#5162 = ( GEOMETRIC_REPRESENTATION_CONTEXT(2) 
PARAMETRIC_REPRESENTATION_CONTEXT() REPRESENTATION_CONTEXT('2D SPACE',''
  ) );
#5163 = PCURVE('',#5164,#5169);
#5164 = PLANE('',#5165);
#5165 = AXIS2_PLACEMENT_3D('',#5166,#5167,#5168);
#5166 = CARTESIAN_POINT('',(5.,120.03300858899,-80.46446609406));
#5167 = DIRECTION('',(0.,0.707106781187,0.707106781187));
#5168 = DIRECTION('',(0.,-0.707106781187,0.707106781187));
#5169 = DEFINITIONAL_REPRESENTATION('',(#5170),#5174);
#5170 = LINE('',#5171,#5172);
#5171 = CARTESIAN_POINT('',(17.,-2.5));
#5172 = VECTOR('',#5173,1.);
#5173 = DIRECTION('',(0.,-1.));
#5174 = ( GEOMETRIC_REPRESENTATION_CONTEXT(2) 
PARAMETRIC_REPRESENTATION_CONTEXT() REPRESENTATION_CONTEXT('2D SPACE',''
  ) );
#5175 = ORIENTED_EDGE('',*,*,#5176,.F.);
#5176 = EDGE_CURVE('',#5177,#5149,#5179,.T.);
#5177 = VERTEX_POINT('',#5178);
#5178 = CARTESIAN_POINT('',(5.,103.7695526217,-68.44365081389));
#5179 = SURFACE_CURVE('',#5180,(#5184,#5191),.PCURVE_S1.);
#5180 = LINE('',#5181,#5182);
#5181 = CARTESIAN_POINT('',(5.,80.435028842544,-68.44365081389));
#5182 = VECTOR('',#5183,1.);
#5183 = DIRECTION('',(0.,1.,-1.110223024625E-16));
#5184 = PCURVE('',#296,#5185);
#5185 = DEFINITIONAL_REPRESENTATION('',(#5186),#5190);
#5186 = LINE('',#5187,#5188);
#5187 = CARTESIAN_POINT('',(30.405591591022,-5.));
#5188 = VECTOR('',#5189,1.);
#5189 = DIRECTION('',(-1.,-0.));
#5190 = ( GEOMETRIC_REPRESENTATION_CONTEXT(2) 
PARAMETRIC_REPRESENTATION_CONTEXT() REPRESENTATION_CONTEXT('2D SPACE',''
  ) );
#5191 = PCURVE('',#5192,#5197);
#5192 = PLANE('',#5193);
#5193 = AXIS2_PLACEMENT_3D('',#5194,#5195,#5196);
#5194 = CARTESIAN_POINT('',(5.,50.029437251523,-160.3675323681));
#5195 = DIRECTION('',(1.,0.,0.));
#5196 = DIRECTION('',(0.,-0.707106781187,0.707106781187));
#5197 = DEFINITIONAL_REPRESENTATION('',(#5198),#5202);
#5198 = LINE('',#5199,#5200);
#5199 = CARTESIAN_POINT('',(43.5,-86.5));
#5200 = VECTOR('',#5201,1.);
#5201 = DIRECTION('',(-0.707106781187,-0.707106781187));
#5202 = ( GEOMETRIC_REPRESENTATION_CONTEXT(2) 
PARAMETRIC_REPRESENTATION_CONTEXT() REPRESENTATION_CONTEXT('2D SPACE',''
  ) );
#5203 = ORIENTED_EDGE('',*,*,#5204,.T.);
#5204 = EDGE_CURVE('',#5177,#5205,#5207,.T.);
#5205 = VERTEX_POINT('',#5206);
#5206 = CARTESIAN_POINT('',(6.,102.35533905932,-68.44365081389));
#5207 = SURFACE_CURVE('',#5208,(#5212,#5219),.PCURVE_S1.);
#5208 = LINE('',#5209,#5210);
#5209 = CARTESIAN_POINT('',(-2.333333333333,114.1404520791,
    -68.44365081389));
#5210 = VECTOR('',#5211,1.);
#5211 = DIRECTION('',(0.57735026919,-0.816496580928,5.551115123126E-17)
  );
#5212 = PCURVE('',#296,#5213);
#5213 = DEFINITIONAL_REPRESENTATION('',(#5214),#5218);
#5214 = LINE('',#5215,#5216);
#5215 = CARTESIAN_POINT('',(-3.299831645537,2.333333333333));
#5216 = VECTOR('',#5217,1.);
#5217 = DIRECTION('',(0.816496580928,-0.57735026919));
#5218 = ( GEOMETRIC_REPRESENTATION_CONTEXT(2) 
PARAMETRIC_REPRESENTATION_CONTEXT() REPRESENTATION_CONTEXT('2D SPACE',''
  ) );
#5219 = PCURVE('',#5220,#5225);
#5220 = PLANE('',#5221);
#5221 = AXIS2_PLACEMENT_3D('',#5222,#5223,#5224);
#5222 = CARTESIAN_POINT('',(5.,124.27564927611,-47.93755415948));
#5223 = DIRECTION('',(-0.707106781187,-0.5,0.5));
#5224 = DIRECTION('',(0.707106781187,-0.5,0.5));
#5225 = DEFINITIONAL_REPRESENTATION('',(#5226),#5230);
#5226 = LINE('',#5227,#5228);
#5227 = CARTESIAN_POINT('',(-10.3708994574,-21.66666666666));
#5228 = VECTOR('',#5229,1.);
#5229 = DIRECTION('',(0.816496580928,-0.57735026919));
#5230 = ( GEOMETRIC_REPRESENTATION_CONTEXT(2) 
PARAMETRIC_REPRESENTATION_CONTEXT() REPRESENTATION_CONTEXT('2D SPACE',''
  ) );
#5231 = ORIENTED_EDGE('',*,*,#5232,.F.);
#5232 = EDGE_CURVE('',#255,#5205,#5233,.T.);
#5233 = SURFACE_CURVE('',#5234,(#5238,#5245),.PCURVE_S1.);
#5234 = LINE('',#5235,#5236);
#5235 = CARTESIAN_POINT('',(0.,102.35533905932,-68.44365081389));
#5236 = VECTOR('',#5237,1.);
#5237 = DIRECTION('',(1.,0.,0.));
#5238 = PCURVE('',#296,#5239);
#5239 = DEFINITIONAL_REPRESENTATION('',(#5240),#5244);
#5240 = LINE('',#5241,#5242);
#5241 = CARTESIAN_POINT('',(8.485281374239,0.));
#5242 = VECTOR('',#5243,1.);
#5243 = DIRECTION('',(0.,-1.));
#5244 = ( GEOMETRIC_REPRESENTATION_CONTEXT(2) 
PARAMETRIC_REPRESENTATION_CONTEXT() REPRESENTATION_CONTEXT('2D SPACE',''
  ) );
#5245 = PCURVE('',#270,#5246);
#5246 = DEFINITIONAL_REPRESENTATION('',(#5247),#5251);
#5247 = LINE('',#5248,#5249);
#5248 = CARTESIAN_POINT('',(0.,0.));
#5249 = VECTOR('',#5250,1.);
#5250 = DIRECTION('',(0.,-1.));
#5251 = ( GEOMETRIC_REPRESENTATION_CONTEXT(2) 
PARAMETRIC_REPRESENTATION_CONTEXT() REPRESENTATION_CONTEXT('2D SPACE',''
  ) );
#5252 = ADVANCED_FACE('',(#5253),#186,.T.);
#5253 = FACE_BOUND('',#5254,.T.);
#5254 = EDGE_LOOP('',(#5255,#5256,#5279,#5307,#5335,#5356));
#5255 = ORIENTED_EDGE('',*,*,#170,.T.);
#5256 = ORIENTED_EDGE('',*,*,#5257,.T.);
#5257 = EDGE_CURVE('',#171,#5258,#5260,.T.);
#5258 = VERTEX_POINT('',#5259);
#5259 = CARTESIAN_POINT('',(5.,108.01219330882,-88.24264068711));
#5260 = SURFACE_CURVE('',#5261,(#5265,#5272),.PCURVE_S1.);
#5261 = LINE('',#5262,#5263);
#5262 = CARTESIAN_POINT('',(0.,108.01219330882,-88.24264068711));
#5263 = VECTOR('',#5264,1.);
#5264 = DIRECTION('',(1.,0.,0.));
#5265 = PCURVE('',#186,#5266);
#5266 = DEFINITIONAL_REPRESENTATION('',(#5267),#5271);
#5267 = LINE('',#5268,#5269);
#5268 = CARTESIAN_POINT('',(0.,0.));
#5269 = VECTOR('',#5270,1.);
#5270 = DIRECTION('',(0.,-1.));
#5271 = ( GEOMETRIC_REPRESENTATION_CONTEXT(2) 
PARAMETRIC_REPRESENTATION_CONTEXT() REPRESENTATION_CONTEXT('2D SPACE',''
  ) );
#5272 = PCURVE('',#214,#5273);
#5273 = DEFINITIONAL_REPRESENTATION('',(#5274),#5278);
#5274 = LINE('',#5275,#5276);
#5275 = CARTESIAN_POINT('',(12.,0.));
#5276 = VECTOR('',#5277,1.);
#5277 = DIRECTION('',(0.,-1.));
#5278 = ( GEOMETRIC_REPRESENTATION_CONTEXT(2) 
PARAMETRIC_REPRESENTATION_CONTEXT() REPRESENTATION_CONTEXT('2D SPACE',''
  ) );
#5279 = ORIENTED_EDGE('',*,*,#5280,.F.);
#5280 = EDGE_CURVE('',#5281,#5258,#5283,.T.);
#5281 = VERTEX_POINT('',#5282);
#5282 = CARTESIAN_POINT('',(5.,117.91168824543,-78.3431457505));
#5283 = SURFACE_CURVE('',#5284,(#5288,#5295),.PCURVE_S1.);
#5284 = LINE('',#5285,#5286);
#5285 = CARTESIAN_POINT('',(5.,75.485281374239,-120.7695526217));
#5286 = VECTOR('',#5287,1.);
#5287 = DIRECTION('',(0.,-0.707106781187,-0.707106781187));
#5288 = PCURVE('',#186,#5289);
#5289 = DEFINITIONAL_REPRESENTATION('',(#5290),#5294);
#5290 = LINE('',#5291,#5292);
#5291 = CARTESIAN_POINT('',(-46.,-5.));
#5292 = VECTOR('',#5293,1.);
#5293 = DIRECTION('',(-1.,-0.));
#5294 = ( GEOMETRIC_REPRESENTATION_CONTEXT(2) 
PARAMETRIC_REPRESENTATION_CONTEXT() REPRESENTATION_CONTEXT('2D SPACE',''
  ) );
#5295 = PCURVE('',#5296,#5301);
#5296 = PLANE('',#5297);
#5297 = AXIS2_PLACEMENT_3D('',#5298,#5299,#5300);
#5298 = CARTESIAN_POINT('',(5.,50.029437251523,-160.3675323681));
#5299 = DIRECTION('',(1.,0.,0.));
#5300 = DIRECTION('',(0.,-0.707106781187,0.707106781187));
#5301 = DEFINITIONAL_REPRESENTATION('',(#5302),#5306);
#5302 = LINE('',#5303,#5304);
#5303 = CARTESIAN_POINT('',(10.,-46.));
#5304 = VECTOR('',#5305,1.);
#5305 = DIRECTION('',(0.,1.));
#5306 = ( GEOMETRIC_REPRESENTATION_CONTEXT(2) 
PARAMETRIC_REPRESENTATION_CONTEXT() REPRESENTATION_CONTEXT('2D SPACE',''
  ) );
#5307 = ORIENTED_EDGE('',*,*,#5308,.T.);
#5308 = EDGE_CURVE('',#5281,#5309,#5311,.T.);
#5309 = VERTEX_POINT('',#5310);
#5310 = CARTESIAN_POINT('',(9.,117.91168824543,-78.3431457505));
#5311 = SURFACE_CURVE('',#5312,(#5316,#5323),.PCURVE_S1.);
#5312 = LINE('',#5313,#5314);
#5313 = CARTESIAN_POINT('',(2.5,117.91168824543,-78.3431457505));
#5314 = VECTOR('',#5315,1.);
#5315 = DIRECTION('',(1.,0.,0.));
#5316 = PCURVE('',#186,#5317);
#5317 = DEFINITIONAL_REPRESENTATION('',(#5318),#5322);
#5318 = LINE('',#5319,#5320);
#5319 = CARTESIAN_POINT('',(14.,-2.5));
#5320 = VECTOR('',#5321,1.);
#5321 = DIRECTION('',(0.,-1.));
#5322 = ( GEOMETRIC_REPRESENTATION_CONTEXT(2) 
PARAMETRIC_REPRESENTATION_CONTEXT() REPRESENTATION_CONTEXT('2D SPACE',''
  ) );
#5323 = PCURVE('',#5324,#5329);
#5324 = PLANE('',#5325);
#5325 = AXIS2_PLACEMENT_3D('',#5326,#5327,#5328);
#5326 = CARTESIAN_POINT('',(5.,120.03300858899,-80.46446609406));
#5327 = DIRECTION('',(0.,0.707106781187,0.707106781187));
#5328 = DIRECTION('',(0.,-0.707106781187,0.707106781187));
#5329 = DEFINITIONAL_REPRESENTATION('',(#5330),#5334);
#5330 = LINE('',#5331,#5332);
#5331 = CARTESIAN_POINT('',(3.,-2.5));
#5332 = VECTOR('',#5333,1.);
#5333 = DIRECTION('',(0.,1.));
#5334 = ( GEOMETRIC_REPRESENTATION_CONTEXT(2) 
PARAMETRIC_REPRESENTATION_CONTEXT() REPRESENTATION_CONTEXT('2D SPACE',''
  ) );
#5335 = ORIENTED_EDGE('',*,*,#5336,.T.);
#5336 = EDGE_CURVE('',#5309,#5054,#5337,.T.);
#5337 = SURFACE_CURVE('',#5338,(#5342,#5349),.PCURVE_S1.);
#5338 = LINE('',#5339,#5340);
#5339 = CARTESIAN_POINT('',(9.,122.15432893255,-74.10050506338));
#5340 = VECTOR('',#5341,1.);
#5341 = DIRECTION('',(0.,0.707106781187,0.707106781187));
#5342 = PCURVE('',#186,#5343);
#5343 = DEFINITIONAL_REPRESENTATION('',(#5344),#5348);
#5344 = LINE('',#5345,#5346);
#5345 = CARTESIAN_POINT('',(20.,-9.));
#5346 = VECTOR('',#5347,1.);
#5347 = DIRECTION('',(1.,0.));
#5348 = ( GEOMETRIC_REPRESENTATION_CONTEXT(2) 
PARAMETRIC_REPRESENTATION_CONTEXT() REPRESENTATION_CONTEXT('2D SPACE',''
  ) );
#5349 = PCURVE('',#4636,#5350);
#5350 = DEFINITIONAL_REPRESENTATION('',(#5351),#5355);
#5351 = LINE('',#5352,#5353);
#5352 = CARTESIAN_POINT('',(-21.,-20.));
#5353 = VECTOR('',#5354,1.);
#5354 = DIRECTION('',(0.,1.));
#5355 = ( GEOMETRIC_REPRESENTATION_CONTEXT(2) 
PARAMETRIC_REPRESENTATION_CONTEXT() REPRESENTATION_CONTEXT('2D SPACE',''
  ) );
#5356 = ORIENTED_EDGE('',*,*,#5053,.F.);
#5357 = ADVANCED_FACE('',(#5358),#270,.T.);
#5358 = FACE_BOUND('',#5359,.T.);
#5359 = EDGE_LOOP('',(#5360,#5361,#5362,#5385));
#5360 = ORIENTED_EDGE('',*,*,#254,.T.);
#5361 = ORIENTED_EDGE('',*,*,#5232,.T.);
#5362 = ORIENTED_EDGE('',*,*,#5363,.T.);
#5363 = EDGE_CURVE('',#5205,#5364,#5366,.T.);
#5364 = VERTEX_POINT('',#5365);
#5365 = CARTESIAN_POINT('',(6.,99.526911934581,-71.27207793864));
#5366 = SURFACE_CURVE('',#5367,(#5371,#5378),.PCURVE_S1.);
#5367 = LINE('',#5368,#5369);
#5368 = CARTESIAN_POINT('',(6.,112.96194077712,-57.83704909609));
#5369 = VECTOR('',#5370,1.);
#5370 = DIRECTION('',(-0.,-0.707106781187,-0.707106781187));
#5371 = PCURVE('',#270,#5372);
#5372 = DEFINITIONAL_REPRESENTATION('',(#5373),#5377);
#5373 = LINE('',#5374,#5375);
#5374 = CARTESIAN_POINT('',(-15.,-6.));
#5375 = VECTOR('',#5376,1.);
#5376 = DIRECTION('',(1.,0.));
#5377 = ( GEOMETRIC_REPRESENTATION_CONTEXT(2) 
PARAMETRIC_REPRESENTATION_CONTEXT() REPRESENTATION_CONTEXT('2D SPACE',''
  ) );
#5378 = PCURVE('',#5220,#5379);
#5379 = DEFINITIONAL_REPRESENTATION('',(#5380),#5384);
#5380 = LINE('',#5381,#5382);
#5381 = CARTESIAN_POINT('',(1.414213562373,-15.));
#5382 = VECTOR('',#5383,1.);
#5383 = DIRECTION('',(0.,-1.));
#5384 = ( GEOMETRIC_REPRESENTATION_CONTEXT(2) 
PARAMETRIC_REPRESENTATION_CONTEXT() REPRESENTATION_CONTEXT('2D SPACE',''
  ) );
#5385 = ORIENTED_EDGE('',*,*,#5386,.F.);
#5386 = EDGE_CURVE('',#227,#5364,#5387,.T.);
#5387 = SURFACE_CURVE('',#5388,(#5392,#5399),.PCURVE_S1.);
#5388 = LINE('',#5389,#5390);
#5389 = CARTESIAN_POINT('',(0.,99.526911934581,-71.27207793864));
#5390 = VECTOR('',#5391,1.);
#5391 = DIRECTION('',(1.,0.,0.));
#5392 = PCURVE('',#270,#5393);
#5393 = DEFINITIONAL_REPRESENTATION('',(#5394),#5398);
#5394 = LINE('',#5395,#5396);
#5395 = CARTESIAN_POINT('',(4.,0.));
#5396 = VECTOR('',#5397,1.);
#5397 = DIRECTION('',(0.,-1.));
#5398 = ( GEOMETRIC_REPRESENTATION_CONTEXT(2) 
PARAMETRIC_REPRESENTATION_CONTEXT() REPRESENTATION_CONTEXT('2D SPACE',''
  ) );
#5399 = PCURVE('',#242,#5400);
#5400 = DEFINITIONAL_REPRESENTATION('',(#5401),#5405);
#5401 = LINE('',#5402,#5403);
#5402 = CARTESIAN_POINT('',(0.,0.));
#5403 = VECTOR('',#5404,1.);
#5404 = DIRECTION('',(0.,-1.));
#5405 = ( GEOMETRIC_REPRESENTATION_CONTEXT(2) 
PARAMETRIC_REPRESENTATION_CONTEXT() REPRESENTATION_CONTEXT('2D SPACE',''
  ) );
#5406 = ADVANCED_FACE('',(#5407),#214,.T.);
#5407 = FACE_BOUND('',#5408,.T.);
#5408 = EDGE_LOOP('',(#5409,#5410,#5433,#5454));
#5409 = ORIENTED_EDGE('',*,*,#198,.T.);
#5410 = ORIENTED_EDGE('',*,*,#5411,.T.);
#5411 = EDGE_CURVE('',#199,#5412,#5414,.T.);
#5412 = VERTEX_POINT('',#5413);
#5413 = CARTESIAN_POINT('',(5.,99.526911934581,-79.75735931288));
#5414 = SURFACE_CURVE('',#5415,(#5419,#5426),.PCURVE_S1.);
#5415 = LINE('',#5416,#5417);
#5416 = CARTESIAN_POINT('',(0.,99.526911934581,-79.75735931288));
#5417 = VECTOR('',#5418,1.);
#5418 = DIRECTION('',(1.,0.,0.));
#5419 = PCURVE('',#214,#5420);
#5420 = DEFINITIONAL_REPRESENTATION('',(#5421),#5425);
#5421 = LINE('',#5422,#5423);
#5422 = CARTESIAN_POINT('',(0.,0.));
#5423 = VECTOR('',#5424,1.);
#5424 = DIRECTION('',(0.,-1.));
#5425 = ( GEOMETRIC_REPRESENTATION_CONTEXT(2) 
PARAMETRIC_REPRESENTATION_CONTEXT() REPRESENTATION_CONTEXT('2D SPACE',''
  ) );
#5426 = PCURVE('',#242,#5427);
#5427 = DEFINITIONAL_REPRESENTATION('',(#5428),#5432);
#5428 = LINE('',#5429,#5430);
#5429 = CARTESIAN_POINT('',(8.485281374239,0.));
#5430 = VECTOR('',#5431,1.);
#5431 = DIRECTION('',(0.,-1.));
#5432 = ( GEOMETRIC_REPRESENTATION_CONTEXT(2) 
PARAMETRIC_REPRESENTATION_CONTEXT() REPRESENTATION_CONTEXT('2D SPACE',''
  ) );
#5433 = ORIENTED_EDGE('',*,*,#5434,.F.);
#5434 = EDGE_CURVE('',#5258,#5412,#5435,.T.);
#5435 = SURFACE_CURVE('',#5436,(#5440,#5447),.PCURVE_S1.);
#5436 = LINE('',#5437,#5438);
#5437 = CARTESIAN_POINT('',(5.,107.30508652763,-87.53553390593));
#5438 = VECTOR('',#5439,1.);
#5439 = DIRECTION('',(0.,-0.707106781187,0.707106781187));
#5440 = PCURVE('',#214,#5441);
#5441 = DEFINITIONAL_REPRESENTATION('',(#5442),#5446);
#5442 = LINE('',#5443,#5444);
#5443 = CARTESIAN_POINT('',(11.,-5.));
#5444 = VECTOR('',#5445,1.);
#5445 = DIRECTION('',(-1.,0.));
#5446 = ( GEOMETRIC_REPRESENTATION_CONTEXT(2) 
PARAMETRIC_REPRESENTATION_CONTEXT() REPRESENTATION_CONTEXT('2D SPACE',''
  ) );
#5447 = PCURVE('',#5296,#5448);
#5448 = DEFINITIONAL_REPRESENTATION('',(#5449),#5453);
#5449 = LINE('',#5450,#5451);
#5450 = CARTESIAN_POINT('',(11.,-92.));
#5451 = VECTOR('',#5452,1.);
#5452 = DIRECTION('',(1.,0.));
#5453 = ( GEOMETRIC_REPRESENTATION_CONTEXT(2) 
PARAMETRIC_REPRESENTATION_CONTEXT() REPRESENTATION_CONTEXT('2D SPACE',''
  ) );
#5454 = ORIENTED_EDGE('',*,*,#5257,.F.);
#5455 = ADVANCED_FACE('',(#5456),#242,.T.);
#5456 = FACE_BOUND('',#5457,.T.);
#5457 = EDGE_LOOP('',(#5458,#5459,#5460,#5483,#5504));
#5458 = ORIENTED_EDGE('',*,*,#226,.T.);
#5459 = ORIENTED_EDGE('',*,*,#5386,.T.);
#5460 = ORIENTED_EDGE('',*,*,#5461,.T.);
#5461 = EDGE_CURVE('',#5364,#5462,#5464,.T.);
#5462 = VERTEX_POINT('',#5463);
#5463 = CARTESIAN_POINT('',(5.,99.526911934581,-72.68629150101));
#5464 = SURFACE_CURVE('',#5465,(#5469,#5476),.PCURVE_S1.);
#5465 = LINE('',#5466,#5467);
#5466 = CARTESIAN_POINT('',(10.333333333333,99.526911934581,
    -65.14381916835));
#5467 = VECTOR('',#5468,1.);
#5468 = DIRECTION('',(-0.57735026919,-5.551115123126E-17,-0.816496580928
    ));
#5469 = PCURVE('',#242,#5470);
#5470 = DEFINITIONAL_REPRESENTATION('',(#5471),#5475);
#5471 = LINE('',#5472,#5473);
#5472 = CARTESIAN_POINT('',(-6.128258770283,-10.33333333333));
#5473 = VECTOR('',#5474,1.);
#5474 = DIRECTION('',(0.816496580928,0.57735026919));
#5475 = ( GEOMETRIC_REPRESENTATION_CONTEXT(2) 
PARAMETRIC_REPRESENTATION_CONTEXT() REPRESENTATION_CONTEXT('2D SPACE',''
  ) );
#5476 = PCURVE('',#5220,#5477);
#5477 = DEFINITIONAL_REPRESENTATION('',(#5478),#5482);
#5478 = LINE('',#5479,#5480);
#5479 = CARTESIAN_POINT('',(7.542472332657,-29.66666666666));
#5480 = VECTOR('',#5481,1.);
#5481 = DIRECTION('',(-0.816496580928,-0.57735026919));
#5482 = ( GEOMETRIC_REPRESENTATION_CONTEXT(2) 
PARAMETRIC_REPRESENTATION_CONTEXT() REPRESENTATION_CONTEXT('2D SPACE',''
  ) );
#5483 = ORIENTED_EDGE('',*,*,#5484,.F.);
#5484 = EDGE_CURVE('',#5412,#5462,#5485,.T.);
#5485 = SURFACE_CURVE('',#5486,(#5490,#5497),.PCURVE_S1.);
#5486 = LINE('',#5487,#5488);
#5487 = CARTESIAN_POINT('',(5.,99.526911934581,-115.8198051533));
#5488 = VECTOR('',#5489,1.);
#5489 = DIRECTION('',(0.,1.110223024625E-16,1.));
#5490 = PCURVE('',#242,#5491);
#5491 = DEFINITIONAL_REPRESENTATION('',(#5492),#5496);
#5492 = LINE('',#5493,#5494);
#5493 = CARTESIAN_POINT('',(44.547727214752,-5.));
#5494 = VECTOR('',#5495,1.);
#5495 = DIRECTION('',(-1.,0.));
#5496 = ( GEOMETRIC_REPRESENTATION_CONTEXT(2) 
PARAMETRIC_REPRESENTATION_CONTEXT() REPRESENTATION_CONTEXT('2D SPACE',''
  ) );
#5497 = PCURVE('',#5296,#5498);
#5498 = DEFINITIONAL_REPRESENTATION('',(#5499),#5503);
#5499 = LINE('',#5500,#5501);
#5500 = CARTESIAN_POINT('',(-3.5,-66.5));
#5501 = VECTOR('',#5502,1.);
#5502 = DIRECTION('',(0.707106781187,-0.707106781187));
#5503 = ( GEOMETRIC_REPRESENTATION_CONTEXT(2) 
PARAMETRIC_REPRESENTATION_CONTEXT() REPRESENTATION_CONTEXT('2D SPACE',''
  ) );
#5504 = ORIENTED_EDGE('',*,*,#5411,.F.);
#5505 = ADVANCED_FACE('',(#5506),#328,.T.);
#5506 = FACE_BOUND('',#5507,.T.);
#5507 = EDGE_LOOP('',(#5508,#5509,#5532,#5555));
#5508 = ORIENTED_EDGE('',*,*,#310,.T.);
#5509 = ORIENTED_EDGE('',*,*,#5510,.T.);
#5510 = EDGE_CURVE('',#313,#5511,#5513,.T.);
#5511 = VERTEX_POINT('',#5512);
#5512 = CARTESIAN_POINT('',(5.,105.18376618407,-91.07106781186));
#5513 = SURFACE_CURVE('',#5514,(#5518,#5525),.PCURVE_S1.);
#5514 = LINE('',#5515,#5516);
#5515 = CARTESIAN_POINT('',(0.,105.18376618407,-91.07106781186));
#5516 = VECTOR('',#5517,1.);
#5517 = DIRECTION('',(1.,0.,0.));
#5518 = PCURVE('',#328,#5519);
#5519 = DEFINITIONAL_REPRESENTATION('',(#5520),#5524);
#5520 = LINE('',#5521,#5522);
#5521 = CARTESIAN_POINT('',(0.,0.));
#5522 = VECTOR('',#5523,1.);
#5523 = DIRECTION('',(0.,-1.));
#5524 = ( GEOMETRIC_REPRESENTATION_CONTEXT(2) 
PARAMETRIC_REPRESENTATION_CONTEXT() REPRESENTATION_CONTEXT('2D SPACE',''
  ) );
#5525 = PCURVE('',#356,#5526);
#5526 = DEFINITIONAL_REPRESENTATION('',(#5527),#5531);
#5527 = LINE('',#5528,#5529);
#5528 = CARTESIAN_POINT('',(16.,0.));
#5529 = VECTOR('',#5530,1.);
#5530 = DIRECTION('',(0.,-1.));
#5531 = ( GEOMETRIC_REPRESENTATION_CONTEXT(2) 
PARAMETRIC_REPRESENTATION_CONTEXT() REPRESENTATION_CONTEXT('2D SPACE',''
  ) );
#5532 = ORIENTED_EDGE('',*,*,#5533,.F.);
#5533 = EDGE_CURVE('',#5534,#5511,#5536,.T.);
#5534 = VERTEX_POINT('',#5535);
#5535 = CARTESIAN_POINT('',(5.,96.698484809835,-82.58578643762));
#5536 = SURFACE_CURVE('',#5537,(#5541,#5548),.PCURVE_S1.);
#5537 = LINE('',#5538,#5539);
#5538 = CARTESIAN_POINT('',(5.,108.71930009,-94.60660171779));
#5539 = VECTOR('',#5540,1.);
#5540 = DIRECTION('',(0.,0.707106781187,-0.707106781187));
#5541 = PCURVE('',#328,#5542);
#5542 = DEFINITIONAL_REPRESENTATION('',(#5543),#5547);
#5543 = LINE('',#5544,#5545);
#5544 = CARTESIAN_POINT('',(-5.,-5.));
#5545 = VECTOR('',#5546,1.);
#5546 = DIRECTION('',(-1.,0.));
#5547 = ( GEOMETRIC_REPRESENTATION_CONTEXT(2) 
PARAMETRIC_REPRESENTATION_CONTEXT() REPRESENTATION_CONTEXT('2D SPACE',''
  ) );
#5548 = PCURVE('',#5296,#5549);
#5549 = DEFINITIONAL_REPRESENTATION('',(#5550),#5554);
#5550 = LINE('',#5551,#5552);
#5551 = CARTESIAN_POINT('',(5.,-88.));
#5552 = VECTOR('',#5553,1.);
#5553 = DIRECTION('',(-1.,0.));
#5554 = ( GEOMETRIC_REPRESENTATION_CONTEXT(2) 
PARAMETRIC_REPRESENTATION_CONTEXT() REPRESENTATION_CONTEXT('2D SPACE',''
  ) );
#5555 = ORIENTED_EDGE('',*,*,#5556,.F.);
#5556 = EDGE_CURVE('',#311,#5534,#5557,.T.);
#5557 = SURFACE_CURVE('',#5558,(#5562,#5569),.PCURVE_S1.);
#5558 = LINE('',#5559,#5560);
#5559 = CARTESIAN_POINT('',(0.,96.698484809835,-82.58578643762));
#5560 = VECTOR('',#5561,1.);
#5561 = DIRECTION('',(1.,0.,0.));
#5562 = PCURVE('',#328,#5563);
#5563 = DEFINITIONAL_REPRESENTATION('',(#5564),#5568);
#5564 = LINE('',#5565,#5566);
#5565 = CARTESIAN_POINT('',(12.,0.));
#5566 = VECTOR('',#5567,1.);
#5567 = DIRECTION('',(0.,-1.));
#5568 = ( GEOMETRIC_REPRESENTATION_CONTEXT(2) 
PARAMETRIC_REPRESENTATION_CONTEXT() REPRESENTATION_CONTEXT('2D SPACE',''
  ) );
#5569 = PCURVE('',#466,#5570);
#5570 = DEFINITIONAL_REPRESENTATION('',(#5571),#5575);
#5571 = LINE('',#5572,#5573);
#5572 = CARTESIAN_POINT('',(0.,0.));
#5573 = VECTOR('',#5574,1.);
#5574 = DIRECTION('',(0.,-1.));
#5575 = ( GEOMETRIC_REPRESENTATION_CONTEXT(2) 
PARAMETRIC_REPRESENTATION_CONTEXT() REPRESENTATION_CONTEXT('2D SPACE',''
  ) );
#5576 = ADVANCED_FACE('',(#5577),#466,.T.);
#5577 = FACE_BOUND('',#5578,.T.);
#5578 = EDGE_LOOP('',(#5579,#5580,#5581,#5604,#5627));
#5579 = ORIENTED_EDGE('',*,*,#452,.T.);
#5580 = ORIENTED_EDGE('',*,*,#5556,.T.);
#5581 = ORIENTED_EDGE('',*,*,#5582,.F.);
#5582 = EDGE_CURVE('',#5583,#5534,#5585,.T.);
#5583 = VERTEX_POINT('',#5584);
#5584 = CARTESIAN_POINT('',(5.,89.62741699797,-82.58578643762));
#5585 = SURFACE_CURVE('',#5586,(#5590,#5597),.PCURVE_S1.);
#5586 = LINE('',#5587,#5588);
#5587 = CARTESIAN_POINT('',(5.,73.363961030679,-82.58578643762));
#5588 = VECTOR('',#5589,1.);
#5589 = DIRECTION('',(0.,1.,-1.110223024625E-16));
#5590 = PCURVE('',#466,#5591);
#5591 = DEFINITIONAL_REPRESENTATION('',(#5592),#5596);
#5592 = LINE('',#5593,#5594);
#5593 = CARTESIAN_POINT('',(23.334523779156,-5.));
#5594 = VECTOR('',#5595,1.);
#5595 = DIRECTION('',(-1.,-0.));
#5596 = ( GEOMETRIC_REPRESENTATION_CONTEXT(2) 
PARAMETRIC_REPRESENTATION_CONTEXT() REPRESENTATION_CONTEXT('2D SPACE',''
  ) );
#5597 = PCURVE('',#5296,#5598);
#5598 = DEFINITIONAL_REPRESENTATION('',(#5599),#5603);
#5599 = LINE('',#5600,#5601);
#5600 = CARTESIAN_POINT('',(38.5,-71.5));
#5601 = VECTOR('',#5602,1.);
#5602 = DIRECTION('',(-0.707106781187,-0.707106781187));
#5603 = ( GEOMETRIC_REPRESENTATION_CONTEXT(2) 
PARAMETRIC_REPRESENTATION_CONTEXT() REPRESENTATION_CONTEXT('2D SPACE',''
  ) );
#5604 = ORIENTED_EDGE('',*,*,#5605,.T.);
#5605 = EDGE_CURVE('',#5583,#5606,#5608,.T.);
#5606 = VERTEX_POINT('',#5607);
#5607 = CARTESIAN_POINT('',(6.,88.213203435596,-82.58578643762));
#5608 = SURFACE_CURVE('',#5609,(#5613,#5620),.PCURVE_S1.);
#5609 = LINE('',#5610,#5611);
#5610 = CARTESIAN_POINT('',(-5.666666666667,104.71236166328,
    -82.58578643762));
#5611 = VECTOR('',#5612,1.);
#5612 = DIRECTION('',(0.57735026919,-0.816496580928,5.551115123126E-17)
  );
#5613 = PCURVE('',#466,#5614);
#5614 = DEFINITIONAL_REPRESENTATION('',(#5615),#5619);
#5615 = LINE('',#5616,#5617);
#5616 = CARTESIAN_POINT('',(-8.013876853448,5.666666666667));
#5617 = VECTOR('',#5618,1.);
#5618 = DIRECTION('',(0.816496580928,-0.57735026919));
#5619 = ( GEOMETRIC_REPRESENTATION_CONTEXT(2) 
PARAMETRIC_REPRESENTATION_CONTEXT() REPRESENTATION_CONTEXT('2D SPACE',''
  ) );
#5620 = PCURVE('',#5220,#5621);
#5621 = DEFINITIONAL_REPRESENTATION('',(#5622),#5626);
#5622 = LINE('',#5623,#5624);
#5623 = CARTESIAN_POINT('',(-15.08494466531,-38.33333333333));
#5624 = VECTOR('',#5625,1.);
#5625 = DIRECTION('',(0.816496580928,-0.57735026919));
#5626 = ( GEOMETRIC_REPRESENTATION_CONTEXT(2) 
PARAMETRIC_REPRESENTATION_CONTEXT() REPRESENTATION_CONTEXT('2D SPACE',''
  ) );
#5627 = ORIENTED_EDGE('',*,*,#5628,.F.);
#5628 = EDGE_CURVE('',#425,#5606,#5629,.T.);
#5629 = SURFACE_CURVE('',#5630,(#5634,#5641),.PCURVE_S1.);
#5630 = LINE('',#5631,#5632);
#5631 = CARTESIAN_POINT('',(0.,88.213203435596,-82.58578643762));
#5632 = VECTOR('',#5633,1.);
#5633 = DIRECTION('',(1.,0.,0.));
#5634 = PCURVE('',#466,#5635);
#5635 = DEFINITIONAL_REPRESENTATION('',(#5636),#5640);
#5636 = LINE('',#5637,#5638);
#5637 = CARTESIAN_POINT('',(8.485281374239,0.));
#5638 = VECTOR('',#5639,1.);
#5639 = DIRECTION('',(0.,-1.));
#5640 = ( GEOMETRIC_REPRESENTATION_CONTEXT(2) 
PARAMETRIC_REPRESENTATION_CONTEXT() REPRESENTATION_CONTEXT('2D SPACE',''
  ) );
#5641 = PCURVE('',#440,#5642);
#5642 = DEFINITIONAL_REPRESENTATION('',(#5643),#5647);
#5643 = LINE('',#5644,#5645);
#5644 = CARTESIAN_POINT('',(0.,0.));
#5645 = VECTOR('',#5646,1.);
#5646 = DIRECTION('',(0.,-1.));
#5647 = ( GEOMETRIC_REPRESENTATION_CONTEXT(2) 
PARAMETRIC_REPRESENTATION_CONTEXT() REPRESENTATION_CONTEXT('2D SPACE',''
  ) );
#5648 = ADVANCED_FACE('',(#5649),#356,.T.);
#5649 = FACE_BOUND('',#5650,.T.);
#5650 = EDGE_LOOP('',(#5651,#5652,#5675,#5696));
#5651 = ORIENTED_EDGE('',*,*,#340,.T.);
#5652 = ORIENTED_EDGE('',*,*,#5653,.T.);
#5653 = EDGE_CURVE('',#341,#5654,#5656,.T.);
#5654 = VERTEX_POINT('',#5655);
#5655 = CARTESIAN_POINT('',(5.,93.870057685089,-102.3847763108));
#5656 = SURFACE_CURVE('',#5657,(#5661,#5668),.PCURVE_S1.);
#5657 = LINE('',#5658,#5659);
#5658 = CARTESIAN_POINT('',(0.,93.870057685089,-102.3847763108));
#5659 = VECTOR('',#5660,1.);
#5660 = DIRECTION('',(1.,0.,0.));
#5661 = PCURVE('',#356,#5662);
#5662 = DEFINITIONAL_REPRESENTATION('',(#5663),#5667);
#5663 = LINE('',#5664,#5665);
#5664 = CARTESIAN_POINT('',(0.,0.));
#5665 = VECTOR('',#5666,1.);
#5666 = DIRECTION('',(0.,-1.));
#5667 = ( GEOMETRIC_REPRESENTATION_CONTEXT(2) 
PARAMETRIC_REPRESENTATION_CONTEXT() REPRESENTATION_CONTEXT('2D SPACE',''
  ) );
#5668 = PCURVE('',#384,#5669);
#5669 = DEFINITIONAL_REPRESENTATION('',(#5670),#5674);
#5670 = LINE('',#5671,#5672);
#5671 = CARTESIAN_POINT('',(12.,0.));
#5672 = VECTOR('',#5673,1.);
#5673 = DIRECTION('',(0.,-1.));
#5674 = ( GEOMETRIC_REPRESENTATION_CONTEXT(2) 
PARAMETRIC_REPRESENTATION_CONTEXT() REPRESENTATION_CONTEXT('2D SPACE',''
  ) );
#5675 = ORIENTED_EDGE('',*,*,#5676,.F.);
#5676 = EDGE_CURVE('',#5511,#5654,#5677,.T.);
#5677 = SURFACE_CURVE('',#5678,(#5682,#5689),.PCURVE_S1.);
#5678 = LINE('',#5679,#5680);
#5679 = CARTESIAN_POINT('',(5.,68.414213562373,-127.8406204335));
#5680 = VECTOR('',#5681,1.);
#5681 = DIRECTION('',(0.,-0.707106781187,-0.707106781187));
#5682 = PCURVE('',#356,#5683);
#5683 = DEFINITIONAL_REPRESENTATION('',(#5684),#5688);
#5684 = LINE('',#5685,#5686);
#5685 = CARTESIAN_POINT('',(-36.,-5.));
#5686 = VECTOR('',#5687,1.);
#5687 = DIRECTION('',(-1.,-0.));
#5688 = ( GEOMETRIC_REPRESENTATION_CONTEXT(2) 
PARAMETRIC_REPRESENTATION_CONTEXT() REPRESENTATION_CONTEXT('2D SPACE',''
  ) );
#5689 = PCURVE('',#5296,#5690);
#5690 = DEFINITIONAL_REPRESENTATION('',(#5691),#5695);
#5691 = LINE('',#5692,#5693);
#5692 = CARTESIAN_POINT('',(10.,-36.));
#5693 = VECTOR('',#5694,1.);
#5694 = DIRECTION('',(0.,1.));
#5695 = ( GEOMETRIC_REPRESENTATION_CONTEXT(2) 
PARAMETRIC_REPRESENTATION_CONTEXT() REPRESENTATION_CONTEXT('2D SPACE',''
  ) );
#5696 = ORIENTED_EDGE('',*,*,#5510,.F.);
#5697 = ADVANCED_FACE('',(#5698),#440,.T.);
#5698 = FACE_BOUND('',#5699,.T.);
#5699 = EDGE_LOOP('',(#5700,#5701,#5702,#5725));
#5700 = ORIENTED_EDGE('',*,*,#424,.T.);
#5701 = ORIENTED_EDGE('',*,*,#5628,.T.);
#5702 = ORIENTED_EDGE('',*,*,#5703,.T.);
#5703 = EDGE_CURVE('',#5606,#5704,#5706,.T.);
#5704 = VERTEX_POINT('',#5705);
#5705 = CARTESIAN_POINT('',(6.,85.38477631085,-85.41421356237));
#5706 = SURFACE_CURVE('',#5707,(#5711,#5718),.PCURVE_S1.);
#5707 = LINE('',#5708,#5709);
#5708 = CARTESIAN_POINT('',(6.,105.89087296526,-64.90811690796));
#5709 = VECTOR('',#5710,1.);
#5710 = DIRECTION('',(-0.,-0.707106781187,-0.707106781187));
#5711 = PCURVE('',#440,#5712);
#5712 = DEFINITIONAL_REPRESENTATION('',(#5713),#5717);
#5713 = LINE('',#5714,#5715);
#5714 = CARTESIAN_POINT('',(-25.,-6.));
#5715 = VECTOR('',#5716,1.);
#5716 = DIRECTION('',(1.,0.));
#5717 = ( GEOMETRIC_REPRESENTATION_CONTEXT(2) 
PARAMETRIC_REPRESENTATION_CONTEXT() REPRESENTATION_CONTEXT('2D SPACE',''
  ) );
#5718 = PCURVE('',#5220,#5719);
#5719 = DEFINITIONAL_REPRESENTATION('',(#5720),#5724);
#5720 = LINE('',#5721,#5722);
#5721 = CARTESIAN_POINT('',(1.414213562373,-25.));
#5722 = VECTOR('',#5723,1.);
#5723 = DIRECTION('',(0.,-1.));
#5724 = ( GEOMETRIC_REPRESENTATION_CONTEXT(2) 
PARAMETRIC_REPRESENTATION_CONTEXT() REPRESENTATION_CONTEXT('2D SPACE',''
  ) );
#5725 = ORIENTED_EDGE('',*,*,#5726,.F.);
#5726 = EDGE_CURVE('',#397,#5704,#5727,.T.);
#5727 = SURFACE_CURVE('',#5728,(#5732,#5739),.PCURVE_S1.);
#5728 = LINE('',#5729,#5730);
#5729 = CARTESIAN_POINT('',(0.,85.38477631085,-85.41421356237));
#5730 = VECTOR('',#5731,1.);
#5731 = DIRECTION('',(1.,0.,0.));
#5732 = PCURVE('',#440,#5733);
#5733 = DEFINITIONAL_REPRESENTATION('',(#5734),#5738);
#5734 = LINE('',#5735,#5736);
#5735 = CARTESIAN_POINT('',(4.,0.));
#5736 = VECTOR('',#5737,1.);
#5737 = DIRECTION('',(0.,-1.));
#5738 = ( GEOMETRIC_REPRESENTATION_CONTEXT(2) 
PARAMETRIC_REPRESENTATION_CONTEXT() REPRESENTATION_CONTEXT('2D SPACE',''
  ) );
#5739 = PCURVE('',#412,#5740);
#5740 = DEFINITIONAL_REPRESENTATION('',(#5741),#5745);
#5741 = LINE('',#5742,#5743);
#5742 = CARTESIAN_POINT('',(0.,0.));
#5743 = VECTOR('',#5744,1.);
#5744 = DIRECTION('',(0.,-1.));
#5745 = ( GEOMETRIC_REPRESENTATION_CONTEXT(2) 
PARAMETRIC_REPRESENTATION_CONTEXT() REPRESENTATION_CONTEXT('2D SPACE',''
  ) );
#5746 = ADVANCED_FACE('',(#5747),#384,.T.);
#5747 = FACE_BOUND('',#5748,.T.);
#5748 = EDGE_LOOP('',(#5749,#5750,#5773,#5794));
#5749 = ORIENTED_EDGE('',*,*,#368,.T.);
#5750 = ORIENTED_EDGE('',*,*,#5751,.T.);
#5751 = EDGE_CURVE('',#369,#5752,#5754,.T.);
#5752 = VERTEX_POINT('',#5753);
#5753 = CARTESIAN_POINT('',(5.,85.38477631085,-93.89949493661));
#5754 = SURFACE_CURVE('',#5755,(#5759,#5766),.PCURVE_S1.);
#5755 = LINE('',#5756,#5757);
#5756 = CARTESIAN_POINT('',(0.,85.38477631085,-93.89949493661));
#5757 = VECTOR('',#5758,1.);
#5758 = DIRECTION('',(1.,0.,0.));
#5759 = PCURVE('',#384,#5760);
#5760 = DEFINITIONAL_REPRESENTATION('',(#5761),#5765);
#5761 = LINE('',#5762,#5763);
#5762 = CARTESIAN_POINT('',(0.,0.));
#5763 = VECTOR('',#5764,1.);
#5764 = DIRECTION('',(0.,-1.));
#5765 = ( GEOMETRIC_REPRESENTATION_CONTEXT(2) 
PARAMETRIC_REPRESENTATION_CONTEXT() REPRESENTATION_CONTEXT('2D SPACE',''
  ) );
#5766 = PCURVE('',#412,#5767);
#5767 = DEFINITIONAL_REPRESENTATION('',(#5768),#5772);
#5768 = LINE('',#5769,#5770);
#5769 = CARTESIAN_POINT('',(8.485281374239,0.));
#5770 = VECTOR('',#5771,1.);
#5771 = DIRECTION('',(0.,-1.));
#5772 = ( GEOMETRIC_REPRESENTATION_CONTEXT(2) 
PARAMETRIC_REPRESENTATION_CONTEXT() REPRESENTATION_CONTEXT('2D SPACE',''
  ) );
#5773 = ORIENTED_EDGE('',*,*,#5774,.F.);
#5774 = EDGE_CURVE('',#5654,#5752,#5775,.T.);
#5775 = SURFACE_CURVE('',#5776,(#5780,#5787),.PCURVE_S1.);
#5776 = LINE('',#5777,#5778);
#5777 = CARTESIAN_POINT('',(5.,93.162950903902,-101.6776695296));
#5778 = VECTOR('',#5779,1.);
#5779 = DIRECTION('',(0.,-0.707106781187,0.707106781187));
#5780 = PCURVE('',#384,#5781);
#5781 = DEFINITIONAL_REPRESENTATION('',(#5782),#5786);
#5782 = LINE('',#5783,#5784);
#5783 = CARTESIAN_POINT('',(11.,-5.));
#5784 = VECTOR('',#5785,1.);
#5785 = DIRECTION('',(-1.,0.));
#5786 = ( GEOMETRIC_REPRESENTATION_CONTEXT(2) 
PARAMETRIC_REPRESENTATION_CONTEXT() REPRESENTATION_CONTEXT('2D SPACE',''
  ) );
#5787 = PCURVE('',#5296,#5788);
#5788 = DEFINITIONAL_REPRESENTATION('',(#5789),#5793);
#5789 = LINE('',#5790,#5791);
#5790 = CARTESIAN_POINT('',(11.,-72.));
#5791 = VECTOR('',#5792,1.);
#5792 = DIRECTION('',(1.,0.));
#5793 = ( GEOMETRIC_REPRESENTATION_CONTEXT(2) 
PARAMETRIC_REPRESENTATION_CONTEXT() REPRESENTATION_CONTEXT('2D SPACE',''
  ) );
#5794 = ORIENTED_EDGE('',*,*,#5653,.F.);
#5795 = ADVANCED_FACE('',(#5796),#412,.T.);
#5796 = FACE_BOUND('',#5797,.T.);
#5797 = EDGE_LOOP('',(#5798,#5799,#5800,#5823,#5844));
#5798 = ORIENTED_EDGE('',*,*,#396,.T.);
#5799 = ORIENTED_EDGE('',*,*,#5726,.T.);
#5800 = ORIENTED_EDGE('',*,*,#5801,.T.);
#5801 = EDGE_CURVE('',#5704,#5802,#5804,.T.);
#5802 = VERTEX_POINT('',#5803);
#5803 = CARTESIAN_POINT('',(5.,85.38477631085,-86.82842712474));
#5804 = SURFACE_CURVE('',#5805,(#5809,#5816),.PCURVE_S1.);
#5805 = LINE('',#5806,#5807);
#5806 = CARTESIAN_POINT('',(13.666666666667,85.38477631085,
    -74.57190958417));
#5807 = VECTOR('',#5808,1.);
#5808 = DIRECTION('',(-0.57735026919,-5.551115123126E-17,-0.816496580928
    ));
#5809 = PCURVE('',#412,#5810);
#5810 = DEFINITIONAL_REPRESENTATION('',(#5811),#5815);
#5811 = LINE('',#5812,#5813);
#5812 = CARTESIAN_POINT('',(-10.84230397819,-13.66666666666));
#5813 = VECTOR('',#5814,1.);
#5814 = DIRECTION('',(0.816496580928,0.57735026919));
#5815 = ( GEOMETRIC_REPRESENTATION_CONTEXT(2) 
PARAMETRIC_REPRESENTATION_CONTEXT() REPRESENTATION_CONTEXT('2D SPACE',''
  ) );
#5816 = PCURVE('',#5220,#5817);
#5817 = DEFINITIONAL_REPRESENTATION('',(#5818),#5822);
#5818 = LINE('',#5819,#5820);
#5819 = CARTESIAN_POINT('',(12.256517540567,-46.33333333333));
#5820 = VECTOR('',#5821,1.);
#5821 = DIRECTION('',(-0.816496580928,-0.57735026919));
#5822 = ( GEOMETRIC_REPRESENTATION_CONTEXT(2) 
PARAMETRIC_REPRESENTATION_CONTEXT() REPRESENTATION_CONTEXT('2D SPACE',''
  ) );
#5823 = ORIENTED_EDGE('',*,*,#5824,.F.);
#5824 = EDGE_CURVE('',#5752,#5802,#5825,.T.);
#5825 = SURFACE_CURVE('',#5826,(#5830,#5837),.PCURVE_S1.);
#5826 = LINE('',#5827,#5828);
#5827 = CARTESIAN_POINT('',(5.,85.38477631085,-122.8908729652));
#5828 = VECTOR('',#5829,1.);
#5829 = DIRECTION('',(0.,1.110223024625E-16,1.));
#5830 = PCURVE('',#412,#5831);
#5831 = DEFINITIONAL_REPRESENTATION('',(#5832),#5836);
#5832 = LINE('',#5833,#5834);
#5833 = CARTESIAN_POINT('',(37.476659402887,-5.));
#5834 = VECTOR('',#5835,1.);
#5835 = DIRECTION('',(-1.,0.));
#5836 = ( GEOMETRIC_REPRESENTATION_CONTEXT(2) 
PARAMETRIC_REPRESENTATION_CONTEXT() REPRESENTATION_CONTEXT('2D SPACE',''
  ) );
#5837 = PCURVE('',#5296,#5838);
#5838 = DEFINITIONAL_REPRESENTATION('',(#5839),#5843);
#5839 = LINE('',#5840,#5841);
#5840 = CARTESIAN_POINT('',(1.5,-51.5));
#5841 = VECTOR('',#5842,1.);
#5842 = DIRECTION('',(0.707106781187,-0.707106781187));
#5843 = ( GEOMETRIC_REPRESENTATION_CONTEXT(2) 
PARAMETRIC_REPRESENTATION_CONTEXT() REPRESENTATION_CONTEXT('2D SPACE',''
  ) );
#5844 = ORIENTED_EDGE('',*,*,#5751,.F.);
#5845 = ADVANCED_FACE('',(#5846),#498,.T.);
#5846 = FACE_BOUND('',#5847,.T.);
#5847 = EDGE_LOOP('',(#5848,#5849,#5872,#5895));
#5848 = ORIENTED_EDGE('',*,*,#480,.T.);
#5849 = ORIENTED_EDGE('',*,*,#5850,.T.);
#5850 = EDGE_CURVE('',#483,#5851,#5853,.T.);
#5851 = VERTEX_POINT('',#5852);
#5852 = CARTESIAN_POINT('',(9.,133.46803743153,-62.7867965644));
#5853 = SURFACE_CURVE('',#5854,(#5858,#5865),.PCURVE_S1.);
#5854 = LINE('',#5855,#5856);
#5855 = CARTESIAN_POINT('',(0.,133.46803743153,-62.7867965644));
#5856 = VECTOR('',#5857,1.);
#5857 = DIRECTION('',(1.,0.,0.));
#5858 = PCURVE('',#498,#5859);
#5859 = DEFINITIONAL_REPRESENTATION('',(#5860),#5864);
#5860 = LINE('',#5861,#5862);
#5861 = CARTESIAN_POINT('',(0.,0.));
#5862 = VECTOR('',#5863,1.);
#5863 = DIRECTION('',(0.,-1.));
#5864 = ( GEOMETRIC_REPRESENTATION_CONTEXT(2) 
PARAMETRIC_REPRESENTATION_CONTEXT() REPRESENTATION_CONTEXT('2D SPACE',''
  ) );
#5865 = PCURVE('',#526,#5866);
#5866 = DEFINITIONAL_REPRESENTATION('',(#5867),#5871);
#5867 = LINE('',#5868,#5869);
#5868 = CARTESIAN_POINT('',(16.,0.));
#5869 = VECTOR('',#5870,1.);
#5870 = DIRECTION('',(0.,-1.));
#5871 = ( GEOMETRIC_REPRESENTATION_CONTEXT(2) 
PARAMETRIC_REPRESENTATION_CONTEXT() REPRESENTATION_CONTEXT('2D SPACE',''
  ) );
#5872 = ORIENTED_EDGE('',*,*,#5873,.T.);
#5873 = EDGE_CURVE('',#5851,#5874,#5876,.T.);
#5874 = VERTEX_POINT('',#5875);
#5875 = CARTESIAN_POINT('',(9.,124.98275605729,-54.30151519016));
#5876 = SURFACE_CURVE('',#5877,(#5881,#5888),.PCURVE_S1.);
#5877 = LINE('',#5878,#5879);
#5878 = CARTESIAN_POINT('',(9.,126.04341622907,-55.36217536194));
#5879 = VECTOR('',#5880,1.);
#5880 = DIRECTION('',(0.,-0.707106781187,0.707106781187));
#5881 = PCURVE('',#498,#5882);
#5882 = DEFINITIONAL_REPRESENTATION('',(#5883),#5887);
#5883 = LINE('',#5884,#5885);
#5884 = CARTESIAN_POINT('',(10.5,-9.));
#5885 = VECTOR('',#5886,1.);
#5886 = DIRECTION('',(1.,0.));
#5887 = ( GEOMETRIC_REPRESENTATION_CONTEXT(2) 
PARAMETRIC_REPRESENTATION_CONTEXT() REPRESENTATION_CONTEXT('2D SPACE',''
  ) );
#5888 = PCURVE('',#4636,#5889);
#5889 = DEFINITIONAL_REPRESENTATION('',(#5890),#5894);
#5890 = LINE('',#5891,#5892);
#5891 = CARTESIAN_POINT('',(-10.5,-4.));
#5892 = VECTOR('',#5893,1.);
#5893 = DIRECTION('',(1.,0.));
#5894 = ( GEOMETRIC_REPRESENTATION_CONTEXT(2) 
PARAMETRIC_REPRESENTATION_CONTEXT() REPRESENTATION_CONTEXT('2D SPACE',''
  ) );
#5895 = ORIENTED_EDGE('',*,*,#5896,.F.);
#5896 = EDGE_CURVE('',#481,#5874,#5897,.T.);
#5897 = SURFACE_CURVE('',#5898,(#5902,#5909),.PCURVE_S1.);
#5898 = LINE('',#5899,#5900);
#5899 = CARTESIAN_POINT('',(0.,124.98275605729,-54.30151519016));
#5900 = VECTOR('',#5901,1.);
#5901 = DIRECTION('',(1.,0.,0.));
#5902 = PCURVE('',#498,#5903);
#5903 = DEFINITIONAL_REPRESENTATION('',(#5904),#5908);
#5904 = LINE('',#5905,#5906);
#5905 = CARTESIAN_POINT('',(12.,0.));
#5906 = VECTOR('',#5907,1.);
#5907 = DIRECTION('',(0.,-1.));
#5908 = ( GEOMETRIC_REPRESENTATION_CONTEXT(2) 
PARAMETRIC_REPRESENTATION_CONTEXT() REPRESENTATION_CONTEXT('2D SPACE',''
  ) );
#5909 = PCURVE('',#636,#5910);
#5910 = DEFINITIONAL_REPRESENTATION('',(#5911),#5915);
#5911 = LINE('',#5912,#5913);
#5912 = CARTESIAN_POINT('',(0.,0.));
#5913 = VECTOR('',#5914,1.);
#5914 = DIRECTION('',(0.,-1.));
#5915 = ( GEOMETRIC_REPRESENTATION_CONTEXT(2) 
PARAMETRIC_REPRESENTATION_CONTEXT() REPRESENTATION_CONTEXT('2D SPACE',''
  ) );
#5916 = ADVANCED_FACE('',(#5917),#636,.T.);
#5917 = FACE_BOUND('',#5918,.T.);
#5918 = EDGE_LOOP('',(#5919,#5920,#5921,#5944));
#5919 = ORIENTED_EDGE('',*,*,#622,.T.);
#5920 = ORIENTED_EDGE('',*,*,#5896,.T.);
#5921 = ORIENTED_EDGE('',*,*,#5922,.T.);
#5922 = EDGE_CURVE('',#5874,#5923,#5925,.T.);
#5923 = VERTEX_POINT('',#5924);
#5924 = CARTESIAN_POINT('',(9.,116.49747468305,-54.30151519016));
#5925 = SURFACE_CURVE('',#5926,(#5930,#5937),.PCURVE_S1.);
#5926 = LINE('',#5927,#5928);
#5927 = CARTESIAN_POINT('',(9.,123.21498910433,-54.30151519016));
#5928 = VECTOR('',#5929,1.);
#5929 = DIRECTION('',(0.,-1.,1.110223024625E-16));
#5930 = PCURVE('',#636,#5931);
#5931 = DEFINITIONAL_REPRESENTATION('',(#5932),#5936);
#5932 = LINE('',#5933,#5934);
#5933 = CARTESIAN_POINT('',(1.767766952966,-9.));
#5934 = VECTOR('',#5935,1.);
#5935 = DIRECTION('',(1.,0.));
#5936 = ( GEOMETRIC_REPRESENTATION_CONTEXT(2) 
PARAMETRIC_REPRESENTATION_CONTEXT() REPRESENTATION_CONTEXT('2D SPACE',''
  ) );
#5937 = PCURVE('',#4636,#5938);
#5938 = DEFINITIONAL_REPRESENTATION('',(#5939),#5943);
#5939 = LINE('',#5940,#5941);
#5940 = CARTESIAN_POINT('',(-7.75,-5.25));
#5941 = VECTOR('',#5942,1.);
#5942 = DIRECTION('',(0.707106781187,-0.707106781187));
#5943 = ( GEOMETRIC_REPRESENTATION_CONTEXT(2) 
PARAMETRIC_REPRESENTATION_CONTEXT() REPRESENTATION_CONTEXT('2D SPACE',''
  ) );
#5944 = ORIENTED_EDGE('',*,*,#5945,.F.);
#5945 = EDGE_CURVE('',#595,#5923,#5946,.T.);
#5946 = SURFACE_CURVE('',#5947,(#5951,#5958),.PCURVE_S1.);
#5947 = LINE('',#5948,#5949);
#5948 = CARTESIAN_POINT('',(0.,116.49747468305,-54.30151519016));
#5949 = VECTOR('',#5950,1.);
#5950 = DIRECTION('',(1.,0.,0.));
#5951 = PCURVE('',#636,#5952);
#5952 = DEFINITIONAL_REPRESENTATION('',(#5953),#5957);
#5953 = LINE('',#5954,#5955);
#5954 = CARTESIAN_POINT('',(8.485281374239,0.));
#5955 = VECTOR('',#5956,1.);
#5956 = DIRECTION('',(0.,-1.));
#5957 = ( GEOMETRIC_REPRESENTATION_CONTEXT(2) 
PARAMETRIC_REPRESENTATION_CONTEXT() REPRESENTATION_CONTEXT('2D SPACE',''
  ) );
#5958 = PCURVE('',#610,#5959);
#5959 = DEFINITIONAL_REPRESENTATION('',(#5960),#5964);
#5960 = LINE('',#5961,#5962);
#5961 = CARTESIAN_POINT('',(0.,0.));
#5962 = VECTOR('',#5963,1.);
#5963 = DIRECTION('',(0.,-1.));
#5964 = ( GEOMETRIC_REPRESENTATION_CONTEXT(2) 
PARAMETRIC_REPRESENTATION_CONTEXT() REPRESENTATION_CONTEXT('2D SPACE',''
  ) );
#5965 = ADVANCED_FACE('',(#5966),#610,.T.);
#5966 = FACE_BOUND('',#5967,.T.);
#5967 = EDGE_LOOP('',(#5968,#5969,#5970,#5993));
#5968 = ORIENTED_EDGE('',*,*,#594,.T.);
#5969 = ORIENTED_EDGE('',*,*,#5945,.T.);
#5970 = ORIENTED_EDGE('',*,*,#5971,.T.);
#5971 = EDGE_CURVE('',#5923,#5972,#5974,.T.);
#5972 = VERTEX_POINT('',#5973);
#5973 = CARTESIAN_POINT('',(9.,113.66904755831,-57.12994231491));
#5974 = SURFACE_CURVE('',#5975,(#5979,#5986),.PCURVE_S1.);
#5975 = LINE('',#5976,#5977);
#5976 = CARTESIAN_POINT('',(9.,120.03300858899,-50.76598128423));
#5977 = VECTOR('',#5978,1.);
#5978 = DIRECTION('',(-0.,-0.707106781187,-0.707106781187));
#5979 = PCURVE('',#610,#5980);
#5980 = DEFINITIONAL_REPRESENTATION('',(#5981),#5985);
#5981 = LINE('',#5982,#5983);
#5982 = CARTESIAN_POINT('',(-5.,-9.));
#5983 = VECTOR('',#5984,1.);
#5984 = DIRECTION('',(1.,0.));
#5985 = ( GEOMETRIC_REPRESENTATION_CONTEXT(2) 
PARAMETRIC_REPRESENTATION_CONTEXT() REPRESENTATION_CONTEXT('2D SPACE',''
  ) );
#5986 = PCURVE('',#4636,#5987);
#5987 = DEFINITIONAL_REPRESENTATION('',(#5988),#5992);
#5988 = LINE('',#5989,#5990);
#5989 = CARTESIAN_POINT('',(-3.,-5.));
#5990 = VECTOR('',#5991,1.);
#5991 = DIRECTION('',(0.,-1.));
#5992 = ( GEOMETRIC_REPRESENTATION_CONTEXT(2) 
PARAMETRIC_REPRESENTATION_CONTEXT() REPRESENTATION_CONTEXT('2D SPACE',''
  ) );
#5993 = ORIENTED_EDGE('',*,*,#5994,.F.);
#5994 = EDGE_CURVE('',#567,#5972,#5995,.T.);
#5995 = SURFACE_CURVE('',#5996,(#6000,#6007),.PCURVE_S1.);
#5996 = LINE('',#5997,#5998);
#5997 = CARTESIAN_POINT('',(0.,113.66904755831,-57.12994231491));
#5998 = VECTOR('',#5999,1.);
#5999 = DIRECTION('',(1.,0.,0.));
#6000 = PCURVE('',#610,#6001);
#6001 = DEFINITIONAL_REPRESENTATION('',(#6002),#6006);
#6002 = LINE('',#6003,#6004);
#6003 = CARTESIAN_POINT('',(4.,0.));
#6004 = VECTOR('',#6005,1.);
#6005 = DIRECTION('',(0.,-1.));
#6006 = ( GEOMETRIC_REPRESENTATION_CONTEXT(2) 
PARAMETRIC_REPRESENTATION_CONTEXT() REPRESENTATION_CONTEXT('2D SPACE',''
  ) );
#6007 = PCURVE('',#582,#6008);
#6008 = DEFINITIONAL_REPRESENTATION('',(#6009),#6013);
#6009 = LINE('',#6010,#6011);
#6010 = CARTESIAN_POINT('',(0.,0.));
#6011 = VECTOR('',#6012,1.);
#6012 = DIRECTION('',(0.,-1.));
#6013 = ( GEOMETRIC_REPRESENTATION_CONTEXT(2) 
PARAMETRIC_REPRESENTATION_CONTEXT() REPRESENTATION_CONTEXT('2D SPACE',''
  ) );
#6014 = ADVANCED_FACE('',(#6015),#582,.T.);
#6015 = FACE_BOUND('',#6016,.T.);
#6016 = EDGE_LOOP('',(#6017,#6018,#6019,#6042));
#6017 = ORIENTED_EDGE('',*,*,#566,.T.);
#6018 = ORIENTED_EDGE('',*,*,#5994,.T.);
#6019 = ORIENTED_EDGE('',*,*,#6020,.T.);
#6020 = EDGE_CURVE('',#5972,#6021,#6023,.T.);
#6021 = VERTEX_POINT('',#6022);
#6022 = CARTESIAN_POINT('',(9.,113.66904755831,-65.61522368915));
#6023 = SURFACE_CURVE('',#6024,(#6028,#6035),.PCURVE_S1.);
#6024 = LINE('',#6025,#6026);
#6025 = CARTESIAN_POINT('',(9.,113.66904755831,-51.11953467482));
#6026 = VECTOR('',#6027,1.);
#6027 = DIRECTION('',(-0.,-1.110223024625E-16,-1.));
#6028 = PCURVE('',#582,#6029);
#6029 = DEFINITIONAL_REPRESENTATION('',(#6030),#6034);
#6030 = LINE('',#6031,#6032);
#6031 = CARTESIAN_POINT('',(-6.010407640086,-9.));
#6032 = VECTOR('',#6033,1.);
#6033 = DIRECTION('',(1.,0.));
#6034 = ( GEOMETRIC_REPRESENTATION_CONTEXT(2) 
PARAMETRIC_REPRESENTATION_CONTEXT() REPRESENTATION_CONTEXT('2D SPACE',''
  ) );
#6035 = PCURVE('',#4636,#6036);
#6036 = DEFINITIONAL_REPRESENTATION('',(#6037),#6041);
#6037 = LINE('',#6038,#6039);
#6038 = CARTESIAN_POINT('',(1.25,-9.75));
#6039 = VECTOR('',#6040,1.);
#6040 = DIRECTION('',(-0.707106781187,-0.707106781187));
#6041 = ( GEOMETRIC_REPRESENTATION_CONTEXT(2) 
PARAMETRIC_REPRESENTATION_CONTEXT() REPRESENTATION_CONTEXT('2D SPACE',''
  ) );
#6042 = ORIENTED_EDGE('',*,*,#6043,.F.);
#6043 = EDGE_CURVE('',#539,#6021,#6044,.T.);
#6044 = SURFACE_CURVE('',#6045,(#6049,#6056),.PCURVE_S1.);
#6045 = LINE('',#6046,#6047);
#6046 = CARTESIAN_POINT('',(0.,113.66904755831,-65.61522368915));
#6047 = VECTOR('',#6048,1.);
#6048 = DIRECTION('',(1.,0.,0.));
#6049 = PCURVE('',#582,#6050);
#6050 = DEFINITIONAL_REPRESENTATION('',(#6051),#6055);
#6051 = LINE('',#6052,#6053);
#6052 = CARTESIAN_POINT('',(8.485281374239,0.));
#6053 = VECTOR('',#6054,1.);
#6054 = DIRECTION('',(0.,-1.));
#6055 = ( GEOMETRIC_REPRESENTATION_CONTEXT(2) 
PARAMETRIC_REPRESENTATION_CONTEXT() REPRESENTATION_CONTEXT('2D SPACE',''
  ) );
#6056 = PCURVE('',#554,#6057);
#6057 = DEFINITIONAL_REPRESENTATION('',(#6058),#6062);
#6058 = LINE('',#6059,#6060);
#6059 = CARTESIAN_POINT('',(0.,0.));
#6060 = VECTOR('',#6061,1.);
#6061 = DIRECTION('',(0.,-1.));
#6062 = ( GEOMETRIC_REPRESENTATION_CONTEXT(2) 
PARAMETRIC_REPRESENTATION_CONTEXT() REPRESENTATION_CONTEXT('2D SPACE',''
  ) );
#6063 = ADVANCED_FACE('',(#6064),#554,.T.);
#6064 = FACE_BOUND('',#6065,.T.);
#6065 = EDGE_LOOP('',(#6066,#6067,#6068,#6091));
#6066 = ORIENTED_EDGE('',*,*,#538,.T.);
#6067 = ORIENTED_EDGE('',*,*,#6043,.T.);
#6068 = ORIENTED_EDGE('',*,*,#6069,.T.);
#6069 = EDGE_CURVE('',#6021,#6070,#6072,.T.);
#6070 = VERTEX_POINT('',#6071);
#6071 = CARTESIAN_POINT('',(9.,122.15432893255,-74.10050506338));
#6072 = SURFACE_CURVE('',#6073,(#6077,#6084),.PCURVE_S1.);
#6073 = LINE('',#6074,#6075);
#6074 = CARTESIAN_POINT('',(9.,110.48706704297,-62.43324317381));
#6075 = VECTOR('',#6076,1.);
#6076 = DIRECTION('',(0.,0.707106781187,-0.707106781187));
#6077 = PCURVE('',#554,#6078);
#6078 = DEFINITIONAL_REPRESENTATION('',(#6079),#6083);
#6079 = LINE('',#6080,#6081);
#6080 = CARTESIAN_POINT('',(-4.5,-9.));
#6081 = VECTOR('',#6082,1.);
#6082 = DIRECTION('',(1.,0.));
#6083 = ( GEOMETRIC_REPRESENTATION_CONTEXT(2) 
PARAMETRIC_REPRESENTATION_CONTEXT() REPRESENTATION_CONTEXT('2D SPACE',''
  ) );
#6084 = PCURVE('',#4636,#6085);
#6085 = DEFINITIONAL_REPRESENTATION('',(#6086),#6090);
#6086 = LINE('',#6087,#6088);
#6087 = CARTESIAN_POINT('',(-4.5,-20.));
#6088 = VECTOR('',#6089,1.);
#6089 = DIRECTION('',(-1.,0.));
#6090 = ( GEOMETRIC_REPRESENTATION_CONTEXT(2) 
PARAMETRIC_REPRESENTATION_CONTEXT() REPRESENTATION_CONTEXT('2D SPACE',''
  ) );
#6091 = ORIENTED_EDGE('',*,*,#6092,.F.);
#6092 = EDGE_CURVE('',#511,#6070,#6093,.T.);
#6093 = SURFACE_CURVE('',#6094,(#6098,#6105),.PCURVE_S1.);
#6094 = LINE('',#6095,#6096);
#6095 = CARTESIAN_POINT('',(0.,122.15432893255,-74.10050506338));
#6096 = VECTOR('',#6097,1.);
#6097 = DIRECTION('',(1.,0.,0.));
#6098 = PCURVE('',#554,#6099);
#6099 = DEFINITIONAL_REPRESENTATION('',(#6100),#6104);
#6100 = LINE('',#6101,#6102);
#6101 = CARTESIAN_POINT('',(12.,0.));
#6102 = VECTOR('',#6103,1.);
#6103 = DIRECTION('',(0.,-1.));
#6104 = ( GEOMETRIC_REPRESENTATION_CONTEXT(2) 
PARAMETRIC_REPRESENTATION_CONTEXT() REPRESENTATION_CONTEXT('2D SPACE',''
  ) );
#6105 = PCURVE('',#526,#6106);
#6106 = DEFINITIONAL_REPRESENTATION('',(#6107),#6111);
#6107 = LINE('',#6108,#6109);
#6108 = CARTESIAN_POINT('',(0.,0.));
#6109 = VECTOR('',#6110,1.);
#6110 = DIRECTION('',(0.,-1.));
#6111 = ( GEOMETRIC_REPRESENTATION_CONTEXT(2) 
PARAMETRIC_REPRESENTATION_CONTEXT() REPRESENTATION_CONTEXT('2D SPACE',''
  ) );
#6112 = ADVANCED_FACE('',(#6113),#526,.T.);
#6113 = FACE_BOUND('',#6114,.T.);
#6114 = EDGE_LOOP('',(#6115,#6116,#6117,#6138));
#6115 = ORIENTED_EDGE('',*,*,#510,.T.);
#6116 = ORIENTED_EDGE('',*,*,#6092,.T.);
#6117 = ORIENTED_EDGE('',*,*,#6118,.T.);
#6118 = EDGE_CURVE('',#6070,#5851,#6119,.T.);
#6119 = SURFACE_CURVE('',#6120,(#6124,#6131),.PCURVE_S1.);
#6120 = LINE('',#6121,#6122);
#6121 = CARTESIAN_POINT('',(9.,129.22539674441,-67.02943725152));
#6122 = VECTOR('',#6123,1.);
#6123 = DIRECTION('',(0.,0.707106781187,0.707106781187));
#6124 = PCURVE('',#526,#6125);
#6125 = DEFINITIONAL_REPRESENTATION('',(#6126),#6130);
#6126 = LINE('',#6127,#6128);
#6127 = CARTESIAN_POINT('',(10.,-9.));
#6128 = VECTOR('',#6129,1.);
#6129 = DIRECTION('',(1.,0.));
#6130 = ( GEOMETRIC_REPRESENTATION_CONTEXT(2) 
PARAMETRIC_REPRESENTATION_CONTEXT() REPRESENTATION_CONTEXT('2D SPACE',''
  ) );
#6131 = PCURVE('',#4636,#6132);
#6132 = DEFINITIONAL_REPRESENTATION('',(#6133),#6137);
#6133 = LINE('',#6134,#6135);
#6134 = CARTESIAN_POINT('',(-21.,-10.));
#6135 = VECTOR('',#6136,1.);
#6136 = DIRECTION('',(0.,1.));
#6137 = ( GEOMETRIC_REPRESENTATION_CONTEXT(2) 
PARAMETRIC_REPRESENTATION_CONTEXT() REPRESENTATION_CONTEXT('2D SPACE',''
  ) );
#6138 = ORIENTED_EDGE('',*,*,#5850,.F.);
#6139 = ADVANCED_FACE('',(#6140),#668,.T.);
#6140 = FACE_BOUND('',#6141,.T.);
#6141 = EDGE_LOOP('',(#6142,#6143,#6166,#6189));
#6142 = ORIENTED_EDGE('',*,*,#650,.T.);
#6143 = ORIENTED_EDGE('',*,*,#6144,.T.);
#6144 = EDGE_CURVE('',#653,#6145,#6147,.T.);
#6145 = VERTEX_POINT('',#6146);
#6146 = CARTESIAN_POINT('',(5.,91.041630560343,-105.2132034355));
#6147 = SURFACE_CURVE('',#6148,(#6152,#6159),.PCURVE_S1.);
#6148 = LINE('',#6149,#6150);
#6149 = CARTESIAN_POINT('',(0.,91.041630560343,-105.2132034355));
#6150 = VECTOR('',#6151,1.);
#6151 = DIRECTION('',(1.,0.,0.));
#6152 = PCURVE('',#668,#6153);
#6153 = DEFINITIONAL_REPRESENTATION('',(#6154),#6158);
#6154 = LINE('',#6155,#6156);
#6155 = CARTESIAN_POINT('',(0.,0.));
#6156 = VECTOR('',#6157,1.);
#6157 = DIRECTION('',(0.,-1.));
#6158 = ( GEOMETRIC_REPRESENTATION_CONTEXT(2) 
PARAMETRIC_REPRESENTATION_CONTEXT() REPRESENTATION_CONTEXT('2D SPACE',''
  ) );
#6159 = PCURVE('',#696,#6160);
#6160 = DEFINITIONAL_REPRESENTATION('',(#6161),#6165);
#6161 = LINE('',#6162,#6163);
#6162 = CARTESIAN_POINT('',(16.,0.));
#6163 = VECTOR('',#6164,1.);
#6164 = DIRECTION('',(0.,-1.));
#6165 = ( GEOMETRIC_REPRESENTATION_CONTEXT(2) 
PARAMETRIC_REPRESENTATION_CONTEXT() REPRESENTATION_CONTEXT('2D SPACE',''
  ) );
#6166 = ORIENTED_EDGE('',*,*,#6167,.F.);
#6167 = EDGE_CURVE('',#6168,#6145,#6170,.T.);
#6168 = VERTEX_POINT('',#6169);
#6169 = CARTESIAN_POINT('',(5.,82.556349186104,-96.72792206135));
#6170 = SURFACE_CURVE('',#6171,(#6175,#6182),.PCURVE_S1.);
#6171 = LINE('',#6172,#6173);
#6172 = CARTESIAN_POINT('',(5.,94.577164466275,-108.7487373415));
#6173 = VECTOR('',#6174,1.);
#6174 = DIRECTION('',(0.,0.707106781187,-0.707106781187));
#6175 = PCURVE('',#668,#6176);
#6176 = DEFINITIONAL_REPRESENTATION('',(#6177),#6181);
#6177 = LINE('',#6178,#6179);
#6178 = CARTESIAN_POINT('',(-5.,-5.));
#6179 = VECTOR('',#6180,1.);
#6180 = DIRECTION('',(-1.,0.));
#6181 = ( GEOMETRIC_REPRESENTATION_CONTEXT(2) 
PARAMETRIC_REPRESENTATION_CONTEXT() REPRESENTATION_CONTEXT('2D SPACE',''
  ) );
#6182 = PCURVE('',#5296,#6183);
#6183 = DEFINITIONAL_REPRESENTATION('',(#6184),#6188);
#6184 = LINE('',#6185,#6186);
#6185 = CARTESIAN_POINT('',(5.,-68.));
#6186 = VECTOR('',#6187,1.);
#6187 = DIRECTION('',(-1.,0.));
#6188 = ( GEOMETRIC_REPRESENTATION_CONTEXT(2) 
PARAMETRIC_REPRESENTATION_CONTEXT() REPRESENTATION_CONTEXT('2D SPACE',''
  ) );
#6189 = ORIENTED_EDGE('',*,*,#6190,.F.);
#6190 = EDGE_CURVE('',#651,#6168,#6191,.T.);
#6191 = SURFACE_CURVE('',#6192,(#6196,#6203),.PCURVE_S1.);
#6192 = LINE('',#6193,#6194);
#6193 = CARTESIAN_POINT('',(0.,82.556349186104,-96.72792206135));
#6194 = VECTOR('',#6195,1.);
#6195 = DIRECTION('',(1.,0.,0.));
#6196 = PCURVE('',#668,#6197);
#6197 = DEFINITIONAL_REPRESENTATION('',(#6198),#6202);
#6198 = LINE('',#6199,#6200);
#6199 = CARTESIAN_POINT('',(12.,0.));
#6200 = VECTOR('',#6201,1.);
#6201 = DIRECTION('',(0.,-1.));
#6202 = ( GEOMETRIC_REPRESENTATION_CONTEXT(2) 
PARAMETRIC_REPRESENTATION_CONTEXT() REPRESENTATION_CONTEXT('2D SPACE',''
  ) );
#6203 = PCURVE('',#806,#6204);
#6204 = DEFINITIONAL_REPRESENTATION('',(#6205),#6209);
#6205 = LINE('',#6206,#6207);
#6206 = CARTESIAN_POINT('',(0.,0.));
#6207 = VECTOR('',#6208,1.);
#6208 = DIRECTION('',(0.,-1.));
#6209 = ( GEOMETRIC_REPRESENTATION_CONTEXT(2) 
PARAMETRIC_REPRESENTATION_CONTEXT() REPRESENTATION_CONTEXT('2D SPACE',''
  ) );
#6210 = ADVANCED_FACE('',(#6211),#806,.T.);
#6211 = FACE_BOUND('',#6212,.T.);
#6212 = EDGE_LOOP('',(#6213,#6214,#6215,#6238,#6261));
#6213 = ORIENTED_EDGE('',*,*,#792,.T.);
#6214 = ORIENTED_EDGE('',*,*,#6190,.T.);
#6215 = ORIENTED_EDGE('',*,*,#6216,.F.);
#6216 = EDGE_CURVE('',#6217,#6168,#6219,.T.);
#6217 = VERTEX_POINT('',#6218);
#6218 = CARTESIAN_POINT('',(5.,75.485281374239,-96.72792206135));
#6219 = SURFACE_CURVE('',#6220,(#6224,#6231),.PCURVE_S1.);
#6220 = LINE('',#6221,#6222);
#6221 = CARTESIAN_POINT('',(5.,66.292893218813,-96.72792206135));
#6222 = VECTOR('',#6223,1.);
#6223 = DIRECTION('',(0.,1.,-1.110223024625E-16));
#6224 = PCURVE('',#806,#6225);
#6225 = DEFINITIONAL_REPRESENTATION('',(#6226),#6230);
#6226 = LINE('',#6227,#6228);
#6227 = CARTESIAN_POINT('',(16.263455967291,-5.));
#6228 = VECTOR('',#6229,1.);
#6229 = DIRECTION('',(-1.,-0.));
#6230 = ( GEOMETRIC_REPRESENTATION_CONTEXT(2) 
PARAMETRIC_REPRESENTATION_CONTEXT() REPRESENTATION_CONTEXT('2D SPACE',''
  ) );
#6231 = PCURVE('',#5296,#6232);
#6232 = DEFINITIONAL_REPRESENTATION('',(#6233),#6237);
#6233 = LINE('',#6234,#6235);
#6234 = CARTESIAN_POINT('',(33.5,-56.5));
#6235 = VECTOR('',#6236,1.);
#6236 = DIRECTION('',(-0.707106781187,-0.707106781187));
#6237 = ( GEOMETRIC_REPRESENTATION_CONTEXT(2) 
PARAMETRIC_REPRESENTATION_CONTEXT() REPRESENTATION_CONTEXT('2D SPACE',''
  ) );
#6238 = ORIENTED_EDGE('',*,*,#6239,.T.);
#6239 = EDGE_CURVE('',#6217,#6240,#6242,.T.);
#6240 = VERTEX_POINT('',#6241);
#6241 = CARTESIAN_POINT('',(6.,74.071067811865,-96.72792206135));
#6242 = SURFACE_CURVE('',#6243,(#6247,#6254),.PCURVE_S1.);
#6243 = LINE('',#6244,#6245);
#6244 = CARTESIAN_POINT('',(-9.,95.284271247462,-96.72792206135));
#6245 = VECTOR('',#6246,1.);
#6246 = DIRECTION('',(0.57735026919,-0.816496580928,5.551115123126E-17)
  );
#6247 = PCURVE('',#806,#6248);
#6248 = DEFINITIONAL_REPRESENTATION('',(#6249),#6253);
#6249 = LINE('',#6250,#6251);
#6250 = CARTESIAN_POINT('',(-12.72792206135,9.));
#6251 = VECTOR('',#6252,1.);
#6252 = DIRECTION('',(0.816496580928,-0.57735026919));
#6253 = ( GEOMETRIC_REPRESENTATION_CONTEXT(2) 
PARAMETRIC_REPRESENTATION_CONTEXT() REPRESENTATION_CONTEXT('2D SPACE',''
  ) );
#6254 = PCURVE('',#5220,#6255);
#6255 = DEFINITIONAL_REPRESENTATION('',(#6256),#6260);
#6256 = LINE('',#6257,#6258);
#6257 = CARTESIAN_POINT('',(-19.79898987322,-55.));
#6258 = VECTOR('',#6259,1.);
#6259 = DIRECTION('',(0.816496580928,-0.57735026919));
#6260 = ( GEOMETRIC_REPRESENTATION_CONTEXT(2) 
PARAMETRIC_REPRESENTATION_CONTEXT() REPRESENTATION_CONTEXT('2D SPACE',''
  ) );
#6261 = ORIENTED_EDGE('',*,*,#6262,.F.);
#6262 = EDGE_CURVE('',#765,#6240,#6263,.T.);
#6263 = SURFACE_CURVE('',#6264,(#6268,#6275),.PCURVE_S1.);
#6264 = LINE('',#6265,#6266);
#6265 = CARTESIAN_POINT('',(0.,74.071067811865,-96.72792206135));
#6266 = VECTOR('',#6267,1.);
#6267 = DIRECTION('',(1.,0.,0.));
#6268 = PCURVE('',#806,#6269);
#6269 = DEFINITIONAL_REPRESENTATION('',(#6270),#6274);
#6270 = LINE('',#6271,#6272);
#6271 = CARTESIAN_POINT('',(8.485281374239,0.));
#6272 = VECTOR('',#6273,1.);
#6273 = DIRECTION('',(0.,-1.));
#6274 = ( GEOMETRIC_REPRESENTATION_CONTEXT(2) 
PARAMETRIC_REPRESENTATION_CONTEXT() REPRESENTATION_CONTEXT('2D SPACE',''
  ) );
#6275 = PCURVE('',#780,#6276);
#6276 = DEFINITIONAL_REPRESENTATION('',(#6277),#6281);
#6277 = LINE('',#6278,#6279);
#6278 = CARTESIAN_POINT('',(0.,0.));
#6279 = VECTOR('',#6280,1.);
#6280 = DIRECTION('',(0.,-1.));
#6281 = ( GEOMETRIC_REPRESENTATION_CONTEXT(2) 
PARAMETRIC_REPRESENTATION_CONTEXT() REPRESENTATION_CONTEXT('2D SPACE',''
  ) );
#6282 = ADVANCED_FACE('',(#6283),#696,.T.);
#6283 = FACE_BOUND('',#6284,.T.);
#6284 = EDGE_LOOP('',(#6285,#6286,#6309,#6330));
#6285 = ORIENTED_EDGE('',*,*,#680,.T.);
#6286 = ORIENTED_EDGE('',*,*,#6287,.T.);
#6287 = EDGE_CURVE('',#681,#6288,#6290,.T.);
#6288 = VERTEX_POINT('',#6289);
#6289 = CARTESIAN_POINT('',(5.,79.727922061358,-116.5269119345));
#6290 = SURFACE_CURVE('',#6291,(#6295,#6302),.PCURVE_S1.);
#6291 = LINE('',#6292,#6293);
#6292 = CARTESIAN_POINT('',(0.,79.727922061358,-116.5269119345));
#6293 = VECTOR('',#6294,1.);
#6294 = DIRECTION('',(1.,0.,0.));
#6295 = PCURVE('',#696,#6296);
#6296 = DEFINITIONAL_REPRESENTATION('',(#6297),#6301);
#6297 = LINE('',#6298,#6299);
#6298 = CARTESIAN_POINT('',(0.,0.));
#6299 = VECTOR('',#6300,1.);
#6300 = DIRECTION('',(0.,-1.));
#6301 = ( GEOMETRIC_REPRESENTATION_CONTEXT(2) 
PARAMETRIC_REPRESENTATION_CONTEXT() REPRESENTATION_CONTEXT('2D SPACE',''
  ) );
#6302 = PCURVE('',#724,#6303);
#6303 = DEFINITIONAL_REPRESENTATION('',(#6304),#6308);
#6304 = LINE('',#6305,#6306);
#6305 = CARTESIAN_POINT('',(12.,0.));
#6306 = VECTOR('',#6307,1.);
#6307 = DIRECTION('',(0.,-1.));
#6308 = ( GEOMETRIC_REPRESENTATION_CONTEXT(2) 
PARAMETRIC_REPRESENTATION_CONTEXT() REPRESENTATION_CONTEXT('2D SPACE',''
  ) );
#6309 = ORIENTED_EDGE('',*,*,#6310,.F.);
#6310 = EDGE_CURVE('',#6145,#6288,#6311,.T.);
#6311 = SURFACE_CURVE('',#6312,(#6316,#6323),.PCURVE_S1.);
#6312 = LINE('',#6313,#6314);
#6313 = CARTESIAN_POINT('',(5.,61.343145750508,-134.9116882454));
#6314 = VECTOR('',#6315,1.);
#6315 = DIRECTION('',(0.,-0.707106781187,-0.707106781187));
#6316 = PCURVE('',#696,#6317);
#6317 = DEFINITIONAL_REPRESENTATION('',(#6318),#6322);
#6318 = LINE('',#6319,#6320);
#6319 = CARTESIAN_POINT('',(-26.,-5.));
#6320 = VECTOR('',#6321,1.);
#6321 = DIRECTION('',(-1.,-0.));
#6322 = ( GEOMETRIC_REPRESENTATION_CONTEXT(2) 
PARAMETRIC_REPRESENTATION_CONTEXT() REPRESENTATION_CONTEXT('2D SPACE',''
  ) );
#6323 = PCURVE('',#5296,#6324);
#6324 = DEFINITIONAL_REPRESENTATION('',(#6325),#6329);
#6325 = LINE('',#6326,#6327);
#6326 = CARTESIAN_POINT('',(10.,-26.));
#6327 = VECTOR('',#6328,1.);
#6328 = DIRECTION('',(0.,1.));
#6329 = ( GEOMETRIC_REPRESENTATION_CONTEXT(2) 
PARAMETRIC_REPRESENTATION_CONTEXT() REPRESENTATION_CONTEXT('2D SPACE',''
  ) );
#6330 = ORIENTED_EDGE('',*,*,#6144,.F.);
#6331 = ADVANCED_FACE('',(#6332),#780,.T.);
#6332 = FACE_BOUND('',#6333,.T.);
#6333 = EDGE_LOOP('',(#6334,#6335,#6336,#6359));
#6334 = ORIENTED_EDGE('',*,*,#764,.T.);
#6335 = ORIENTED_EDGE('',*,*,#6262,.T.);
#6336 = ORIENTED_EDGE('',*,*,#6337,.T.);
#6337 = EDGE_CURVE('',#6240,#6338,#6340,.T.);
#6338 = VERTEX_POINT('',#6339);
#6339 = CARTESIAN_POINT('',(6.,71.242640687119,-99.5563491861));
#6340 = SURFACE_CURVE('',#6341,(#6345,#6352),.PCURVE_S1.);
#6341 = LINE('',#6342,#6343);
#6342 = CARTESIAN_POINT('',(6.,98.819805153395,-71.97918471982));
#6343 = VECTOR('',#6344,1.);
#6344 = DIRECTION('',(-0.,-0.707106781187,-0.707106781187));
#6345 = PCURVE('',#780,#6346);
#6346 = DEFINITIONAL_REPRESENTATION('',(#6347),#6351);
#6347 = LINE('',#6348,#6349);
#6348 = CARTESIAN_POINT('',(-35.,-6.));
#6349 = VECTOR('',#6350,1.);
#6350 = DIRECTION('',(1.,0.));
#6351 = ( GEOMETRIC_REPRESENTATION_CONTEXT(2) 
PARAMETRIC_REPRESENTATION_CONTEXT() REPRESENTATION_CONTEXT('2D SPACE',''
  ) );
#6352 = PCURVE('',#5220,#6353);
#6353 = DEFINITIONAL_REPRESENTATION('',(#6354),#6358);
#6354 = LINE('',#6355,#6356);
#6355 = CARTESIAN_POINT('',(1.414213562373,-35.));
#6356 = VECTOR('',#6357,1.);
#6357 = DIRECTION('',(0.,-1.));
#6358 = ( GEOMETRIC_REPRESENTATION_CONTEXT(2) 
PARAMETRIC_REPRESENTATION_CONTEXT() REPRESENTATION_CONTEXT('2D SPACE',''
  ) );
#6359 = ORIENTED_EDGE('',*,*,#6360,.F.);
#6360 = EDGE_CURVE('',#737,#6338,#6361,.T.);
#6361 = SURFACE_CURVE('',#6362,(#6366,#6373),.PCURVE_S1.);
#6362 = LINE('',#6363,#6364);
#6363 = CARTESIAN_POINT('',(0.,71.242640687119,-99.5563491861));
#6364 = VECTOR('',#6365,1.);
#6365 = DIRECTION('',(1.,0.,0.));
#6366 = PCURVE('',#780,#6367);
#6367 = DEFINITIONAL_REPRESENTATION('',(#6368),#6372);
#6368 = LINE('',#6369,#6370);
#6369 = CARTESIAN_POINT('',(4.,0.));
#6370 = VECTOR('',#6371,1.);
#6371 = DIRECTION('',(0.,-1.));
#6372 = ( GEOMETRIC_REPRESENTATION_CONTEXT(2) 
PARAMETRIC_REPRESENTATION_CONTEXT() REPRESENTATION_CONTEXT('2D SPACE',''
  ) );
#6373 = PCURVE('',#752,#6374);
#6374 = DEFINITIONAL_REPRESENTATION('',(#6375),#6379);
#6375 = LINE('',#6376,#6377);
#6376 = CARTESIAN_POINT('',(0.,0.));
#6377 = VECTOR('',#6378,1.);
#6378 = DIRECTION('',(0.,-1.));
#6379 = ( GEOMETRIC_REPRESENTATION_CONTEXT(2) 
PARAMETRIC_REPRESENTATION_CONTEXT() REPRESENTATION_CONTEXT('2D SPACE',''
  ) );
#6380 = ADVANCED_FACE('',(#6381),#724,.T.);
#6381 = FACE_BOUND('',#6382,.T.);
#6382 = EDGE_LOOP('',(#6383,#6384,#6407,#6428));
#6383 = ORIENTED_EDGE('',*,*,#708,.T.);
#6384 = ORIENTED_EDGE('',*,*,#6385,.T.);
#6385 = EDGE_CURVE('',#709,#6386,#6388,.T.);
#6386 = VERTEX_POINT('',#6387);
#6387 = CARTESIAN_POINT('',(5.,71.242640687119,-108.0416305603));
#6388 = SURFACE_CURVE('',#6389,(#6393,#6400),.PCURVE_S1.);
#6389 = LINE('',#6390,#6391);
#6390 = CARTESIAN_POINT('',(0.,71.242640687119,-108.0416305603));
#6391 = VECTOR('',#6392,1.);
#6392 = DIRECTION('',(1.,0.,0.));
#6393 = PCURVE('',#724,#6394);
#6394 = DEFINITIONAL_REPRESENTATION('',(#6395),#6399);
#6395 = LINE('',#6396,#6397);
#6396 = CARTESIAN_POINT('',(0.,0.));
#6397 = VECTOR('',#6398,1.);
#6398 = DIRECTION('',(0.,-1.));
#6399 = ( GEOMETRIC_REPRESENTATION_CONTEXT(2) 
PARAMETRIC_REPRESENTATION_CONTEXT() REPRESENTATION_CONTEXT('2D SPACE',''
  ) );
#6400 = PCURVE('',#752,#6401);
#6401 = DEFINITIONAL_REPRESENTATION('',(#6402),#6406);
#6402 = LINE('',#6403,#6404);
#6403 = CARTESIAN_POINT('',(8.485281374239,0.));
#6404 = VECTOR('',#6405,1.);
#6405 = DIRECTION('',(0.,-1.));
#6406 = ( GEOMETRIC_REPRESENTATION_CONTEXT(2) 
PARAMETRIC_REPRESENTATION_CONTEXT() REPRESENTATION_CONTEXT('2D SPACE',''
  ) );
#6407 = ORIENTED_EDGE('',*,*,#6408,.F.);
#6408 = EDGE_CURVE('',#6288,#6386,#6409,.T.);
#6409 = SURFACE_CURVE('',#6410,(#6414,#6421),.PCURVE_S1.);
#6410 = LINE('',#6411,#6412);
#6411 = CARTESIAN_POINT('',(5.,79.020815280171,-115.8198051533));
#6412 = VECTOR('',#6413,1.);
#6413 = DIRECTION('',(0.,-0.707106781187,0.707106781187));
#6414 = PCURVE('',#724,#6415);
#6415 = DEFINITIONAL_REPRESENTATION('',(#6416),#6420);
#6416 = LINE('',#6417,#6418);
#6417 = CARTESIAN_POINT('',(11.,-5.));
#6418 = VECTOR('',#6419,1.);
#6419 = DIRECTION('',(-1.,0.));
#6420 = ( GEOMETRIC_REPRESENTATION_CONTEXT(2) 
PARAMETRIC_REPRESENTATION_CONTEXT() REPRESENTATION_CONTEXT('2D SPACE',''
  ) );
#6421 = PCURVE('',#5296,#6422);
#6422 = DEFINITIONAL_REPRESENTATION('',(#6423),#6427);
#6423 = LINE('',#6424,#6425);
#6424 = CARTESIAN_POINT('',(11.,-52.));
#6425 = VECTOR('',#6426,1.);
#6426 = DIRECTION('',(1.,0.));
#6427 = ( GEOMETRIC_REPRESENTATION_CONTEXT(2) 
PARAMETRIC_REPRESENTATION_CONTEXT() REPRESENTATION_CONTEXT('2D SPACE',''
  ) );
#6428 = ORIENTED_EDGE('',*,*,#6287,.F.);
#6429 = ADVANCED_FACE('',(#6430),#752,.T.);
#6430 = FACE_BOUND('',#6431,.T.);
#6431 = EDGE_LOOP('',(#6432,#6433,#6434,#6457,#6478));
#6432 = ORIENTED_EDGE('',*,*,#736,.T.);
#6433 = ORIENTED_EDGE('',*,*,#6360,.T.);
#6434 = ORIENTED_EDGE('',*,*,#6435,.T.);
#6435 = EDGE_CURVE('',#6338,#6436,#6438,.T.);
#6436 = VERTEX_POINT('',#6437);
#6437 = CARTESIAN_POINT('',(5.,71.242640687119,-100.9705627484));
#6438 = SURFACE_CURVE('',#6439,(#6443,#6450),.PCURVE_S1.);
#6439 = LINE('',#6440,#6441);
#6440 = CARTESIAN_POINT('',(17.,71.242640687119,-84.));
#6441 = VECTOR('',#6442,1.);
#6442 = DIRECTION('',(-0.57735026919,-5.551115123126E-17,-0.816496580928
    ));
#6443 = PCURVE('',#752,#6444);
#6444 = DEFINITIONAL_REPRESENTATION('',(#6445),#6449);
#6445 = LINE('',#6446,#6447);
#6446 = CARTESIAN_POINT('',(-15.5563491861,-17.));
#6447 = VECTOR('',#6448,1.);
#6448 = DIRECTION('',(0.816496580928,0.57735026919));
#6449 = ( GEOMETRIC_REPRESENTATION_CONTEXT(2) 
PARAMETRIC_REPRESENTATION_CONTEXT() REPRESENTATION_CONTEXT('2D SPACE',''
  ) );
#6450 = PCURVE('',#5220,#6451);
#6451 = DEFINITIONAL_REPRESENTATION('',(#6452),#6456);
#6452 = LINE('',#6453,#6454);
#6453 = CARTESIAN_POINT('',(16.970562748477,-63.));
#6454 = VECTOR('',#6455,1.);
#6455 = DIRECTION('',(-0.816496580928,-0.57735026919));
#6456 = ( GEOMETRIC_REPRESENTATION_CONTEXT(2) 
PARAMETRIC_REPRESENTATION_CONTEXT() REPRESENTATION_CONTEXT('2D SPACE',''
  ) );
#6457 = ORIENTED_EDGE('',*,*,#6458,.F.);
#6458 = EDGE_CURVE('',#6386,#6436,#6459,.T.);
#6459 = SURFACE_CURVE('',#6460,(#6464,#6471),.PCURVE_S1.);
#6460 = LINE('',#6461,#6462);
#6461 = CARTESIAN_POINT('',(5.,71.242640687119,-129.9619407771));
#6462 = VECTOR('',#6463,1.);
#6463 = DIRECTION('',(0.,1.110223024625E-16,1.));
#6464 = PCURVE('',#752,#6465);
#6465 = DEFINITIONAL_REPRESENTATION('',(#6466),#6470);
#6466 = LINE('',#6467,#6468);
#6467 = CARTESIAN_POINT('',(30.405591591022,-5.));
#6468 = VECTOR('',#6469,1.);
#6469 = DIRECTION('',(-1.,0.));
#6470 = ( GEOMETRIC_REPRESENTATION_CONTEXT(2) 
PARAMETRIC_REPRESENTATION_CONTEXT() REPRESENTATION_CONTEXT('2D SPACE',''
  ) );
#6471 = PCURVE('',#5296,#6472);
#6472 = DEFINITIONAL_REPRESENTATION('',(#6473),#6477);
#6473 = LINE('',#6474,#6475);
#6474 = CARTESIAN_POINT('',(6.5,-36.5));
#6475 = VECTOR('',#6476,1.);
#6476 = DIRECTION('',(0.707106781187,-0.707106781187));
#6477 = ( GEOMETRIC_REPRESENTATION_CONTEXT(2) 
PARAMETRIC_REPRESENTATION_CONTEXT() REPRESENTATION_CONTEXT('2D SPACE',''
  ) );
#6478 = ORIENTED_EDGE('',*,*,#6385,.F.);
#6479 = ADVANCED_FACE('',(#6480),#838,.T.);
#6480 = FACE_BOUND('',#6481,.T.);
#6481 = EDGE_LOOP('',(#6482,#6483,#6506,#6529));
#6482 = ORIENTED_EDGE('',*,*,#820,.T.);
#6483 = ORIENTED_EDGE('',*,*,#6484,.T.);
#6484 = EDGE_CURVE('',#823,#6485,#6487,.T.);
#6485 = VERTEX_POINT('',#6486);
#6486 = CARTESIAN_POINT('',(5.,76.899494936612,-119.3553390593));
#6487 = SURFACE_CURVE('',#6488,(#6492,#6499),.PCURVE_S1.);
#6488 = LINE('',#6489,#6490);
#6489 = CARTESIAN_POINT('',(0.,76.899494936612,-119.3553390593));
#6490 = VECTOR('',#6491,1.);
#6491 = DIRECTION('',(1.,0.,0.));
#6492 = PCURVE('',#838,#6493);
#6493 = DEFINITIONAL_REPRESENTATION('',(#6494),#6498);
#6494 = LINE('',#6495,#6496);
#6495 = CARTESIAN_POINT('',(0.,0.));
#6496 = VECTOR('',#6497,1.);
#6497 = DIRECTION('',(0.,-1.));
#6498 = ( GEOMETRIC_REPRESENTATION_CONTEXT(2) 
PARAMETRIC_REPRESENTATION_CONTEXT() REPRESENTATION_CONTEXT('2D SPACE',''
  ) );
#6499 = PCURVE('',#866,#6500);
#6500 = DEFINITIONAL_REPRESENTATION('',(#6501),#6505);
#6501 = LINE('',#6502,#6503);
#6502 = CARTESIAN_POINT('',(16.,0.));
#6503 = VECTOR('',#6504,1.);
#6504 = DIRECTION('',(0.,-1.));
#6505 = ( GEOMETRIC_REPRESENTATION_CONTEXT(2) 
PARAMETRIC_REPRESENTATION_CONTEXT() REPRESENTATION_CONTEXT('2D SPACE',''
  ) );
#6506 = ORIENTED_EDGE('',*,*,#6507,.F.);
#6507 = EDGE_CURVE('',#6508,#6485,#6510,.T.);
#6508 = VERTEX_POINT('',#6509);
#6509 = CARTESIAN_POINT('',(5.,68.414213562373,-110.870057685));
#6510 = SURFACE_CURVE('',#6511,(#6515,#6522),.PCURVE_S1.);
#6511 = LINE('',#6512,#6513);
#6512 = CARTESIAN_POINT('',(5.,80.435028842544,-122.8908729652));
#6513 = VECTOR('',#6514,1.);
#6514 = DIRECTION('',(0.,0.707106781187,-0.707106781187));
#6515 = PCURVE('',#838,#6516);
#6516 = DEFINITIONAL_REPRESENTATION('',(#6517),#6521);
#6517 = LINE('',#6518,#6519);
#6518 = CARTESIAN_POINT('',(-5.,-5.));
#6519 = VECTOR('',#6520,1.);
#6520 = DIRECTION('',(-1.,0.));
#6521 = ( GEOMETRIC_REPRESENTATION_CONTEXT(2) 
PARAMETRIC_REPRESENTATION_CONTEXT() REPRESENTATION_CONTEXT('2D SPACE',''
  ) );
#6522 = PCURVE('',#5296,#6523);
#6523 = DEFINITIONAL_REPRESENTATION('',(#6524),#6528);
#6524 = LINE('',#6525,#6526);
#6525 = CARTESIAN_POINT('',(5.,-48.));
#6526 = VECTOR('',#6527,1.);
#6527 = DIRECTION('',(-1.,0.));
#6528 = ( GEOMETRIC_REPRESENTATION_CONTEXT(2) 
PARAMETRIC_REPRESENTATION_CONTEXT() REPRESENTATION_CONTEXT('2D SPACE',''
  ) );
#6529 = ORIENTED_EDGE('',*,*,#6530,.F.);
#6530 = EDGE_CURVE('',#821,#6508,#6531,.T.);
#6531 = SURFACE_CURVE('',#6532,(#6536,#6543),.PCURVE_S1.);
#6532 = LINE('',#6533,#6534);
#6533 = CARTESIAN_POINT('',(0.,68.414213562373,-110.870057685));
#6534 = VECTOR('',#6535,1.);
#6535 = DIRECTION('',(1.,0.,0.));
#6536 = PCURVE('',#838,#6537);
#6537 = DEFINITIONAL_REPRESENTATION('',(#6538),#6542);
#6538 = LINE('',#6539,#6540);
#6539 = CARTESIAN_POINT('',(12.,0.));
#6540 = VECTOR('',#6541,1.);
#6541 = DIRECTION('',(0.,-1.));
#6542 = ( GEOMETRIC_REPRESENTATION_CONTEXT(2) 
PARAMETRIC_REPRESENTATION_CONTEXT() REPRESENTATION_CONTEXT('2D SPACE',''
  ) );
#6543 = PCURVE('',#976,#6544);
#6544 = DEFINITIONAL_REPRESENTATION('',(#6545),#6549);
#6545 = LINE('',#6546,#6547);
#6546 = CARTESIAN_POINT('',(0.,0.));
#6547 = VECTOR('',#6548,1.);
#6548 = DIRECTION('',(0.,-1.));
#6549 = ( GEOMETRIC_REPRESENTATION_CONTEXT(2) 
PARAMETRIC_REPRESENTATION_CONTEXT() REPRESENTATION_CONTEXT('2D SPACE',''
  ) );
#6550 = ADVANCED_FACE('',(#6551),#976,.T.);
#6551 = FACE_BOUND('',#6552,.T.);
#6552 = EDGE_LOOP('',(#6553,#6554,#6555,#6578,#6601));
#6553 = ORIENTED_EDGE('',*,*,#962,.T.);
#6554 = ORIENTED_EDGE('',*,*,#6530,.T.);
#6555 = ORIENTED_EDGE('',*,*,#6556,.F.);
#6556 = EDGE_CURVE('',#6557,#6508,#6559,.T.);
#6557 = VERTEX_POINT('',#6558);
#6558 = CARTESIAN_POINT('',(5.,61.343145750508,-110.870057685));
#6559 = SURFACE_CURVE('',#6560,(#6564,#6571),.PCURVE_S1.);
#6560 = LINE('',#6561,#6562);
#6561 = CARTESIAN_POINT('',(5.,59.221825406948,-110.870057685));
#6562 = VECTOR('',#6563,1.);
#6563 = DIRECTION('',(0.,1.,-1.110223024625E-16));
#6564 = PCURVE('',#976,#6565);
#6565 = DEFINITIONAL_REPRESENTATION('',(#6566),#6570);
#6566 = LINE('',#6567,#6568);
#6567 = CARTESIAN_POINT('',(9.192388155425,-5.));
#6568 = VECTOR('',#6569,1.);
#6569 = DIRECTION('',(-1.,-0.));
#6570 = ( GEOMETRIC_REPRESENTATION_CONTEXT(2) 
PARAMETRIC_REPRESENTATION_CONTEXT() REPRESENTATION_CONTEXT('2D SPACE',''
  ) );
#6571 = PCURVE('',#5296,#6572);
#6572 = DEFINITIONAL_REPRESENTATION('',(#6573),#6577);
#6573 = LINE('',#6574,#6575);
#6574 = CARTESIAN_POINT('',(28.5,-41.5));
#6575 = VECTOR('',#6576,1.);
#6576 = DIRECTION('',(-0.707106781187,-0.707106781187));
#6577 = ( GEOMETRIC_REPRESENTATION_CONTEXT(2) 
PARAMETRIC_REPRESENTATION_CONTEXT() REPRESENTATION_CONTEXT('2D SPACE',''
  ) );
#6578 = ORIENTED_EDGE('',*,*,#6579,.T.);
#6579 = EDGE_CURVE('',#6557,#6580,#6582,.T.);
#6580 = VERTEX_POINT('',#6581);
#6581 = CARTESIAN_POINT('',(6.,59.928932188135,-110.870057685));
#6582 = SURFACE_CURVE('',#6583,(#6587,#6594),.PCURVE_S1.);
#6583 = LINE('',#6584,#6585);
#6584 = CARTESIAN_POINT('',(-12.33333333333,85.856180831641,
    -110.870057685));
#6585 = VECTOR('',#6586,1.);
#6586 = DIRECTION('',(0.57735026919,-0.816496580928,5.551115123126E-17)
  );
#6587 = PCURVE('',#976,#6588);
#6588 = DEFINITIONAL_REPRESENTATION('',(#6589),#6593);
#6589 = LINE('',#6590,#6591);
#6590 = CARTESIAN_POINT('',(-17.44196726926,12.333333333333));
#6591 = VECTOR('',#6592,1.);
#6592 = DIRECTION('',(0.816496580928,-0.57735026919));
#6593 = ( GEOMETRIC_REPRESENTATION_CONTEXT(2) 
PARAMETRIC_REPRESENTATION_CONTEXT() REPRESENTATION_CONTEXT('2D SPACE',''
  ) );
#6594 = PCURVE('',#5220,#6595);
#6595 = DEFINITIONAL_REPRESENTATION('',(#6596),#6600);
#6596 = LINE('',#6597,#6598);
#6597 = CARTESIAN_POINT('',(-24.51303508113,-71.66666666666));
#6598 = VECTOR('',#6599,1.);
#6599 = DIRECTION('',(0.816496580928,-0.57735026919));
#6600 = ( GEOMETRIC_REPRESENTATION_CONTEXT(2) 
PARAMETRIC_REPRESENTATION_CONTEXT() REPRESENTATION_CONTEXT('2D SPACE',''
  ) );
#6601 = ORIENTED_EDGE('',*,*,#6602,.F.);
#6602 = EDGE_CURVE('',#935,#6580,#6603,.T.);
#6603 = SURFACE_CURVE('',#6604,(#6608,#6615),.PCURVE_S1.);
#6604 = LINE('',#6605,#6606);
#6605 = CARTESIAN_POINT('',(0.,59.928932188135,-110.870057685));
#6606 = VECTOR('',#6607,1.);
#6607 = DIRECTION('',(1.,0.,0.));
#6608 = PCURVE('',#976,#6609);
#6609 = DEFINITIONAL_REPRESENTATION('',(#6610),#6614);
#6610 = LINE('',#6611,#6612);
#6611 = CARTESIAN_POINT('',(8.485281374239,0.));
#6612 = VECTOR('',#6613,1.);
#6613 = DIRECTION('',(0.,-1.));
#6614 = ( GEOMETRIC_REPRESENTATION_CONTEXT(2) 
PARAMETRIC_REPRESENTATION_CONTEXT() REPRESENTATION_CONTEXT('2D SPACE',''
  ) );
#6615 = PCURVE('',#950,#6616);
#6616 = DEFINITIONAL_REPRESENTATION('',(#6617),#6621);
#6617 = LINE('',#6618,#6619);
#6618 = CARTESIAN_POINT('',(0.,0.));
#6619 = VECTOR('',#6620,1.);
#6620 = DIRECTION('',(0.,-1.));
#6621 = ( GEOMETRIC_REPRESENTATION_CONTEXT(2) 
PARAMETRIC_REPRESENTATION_CONTEXT() REPRESENTATION_CONTEXT('2D SPACE',''
  ) );
#6622 = ADVANCED_FACE('',(#6623),#866,.T.);
#6623 = FACE_BOUND('',#6624,.T.);
#6624 = EDGE_LOOP('',(#6625,#6626,#6649,#6670));
#6625 = ORIENTED_EDGE('',*,*,#850,.T.);
#6626 = ORIENTED_EDGE('',*,*,#6627,.T.);
#6627 = EDGE_CURVE('',#851,#6628,#6630,.T.);
#6628 = VERTEX_POINT('',#6629);
#6629 = CARTESIAN_POINT('',(5.,65.585786437627,-130.6690475583));
#6630 = SURFACE_CURVE('',#6631,(#6635,#6642),.PCURVE_S1.);
#6631 = LINE('',#6632,#6633);
#6632 = CARTESIAN_POINT('',(0.,65.585786437627,-130.6690475583));
#6633 = VECTOR('',#6634,1.);
#6634 = DIRECTION('',(1.,0.,0.));
#6635 = PCURVE('',#866,#6636);
#6636 = DEFINITIONAL_REPRESENTATION('',(#6637),#6641);
#6637 = LINE('',#6638,#6639);
#6638 = CARTESIAN_POINT('',(0.,0.));
#6639 = VECTOR('',#6640,1.);
#6640 = DIRECTION('',(0.,-1.));
#6641 = ( GEOMETRIC_REPRESENTATION_CONTEXT(2) 
PARAMETRIC_REPRESENTATION_CONTEXT() REPRESENTATION_CONTEXT('2D SPACE',''
  ) );
#6642 = PCURVE('',#894,#6643);
#6643 = DEFINITIONAL_REPRESENTATION('',(#6644),#6648);
#6644 = LINE('',#6645,#6646);
#6645 = CARTESIAN_POINT('',(12.,0.));
#6646 = VECTOR('',#6647,1.);
#6647 = DIRECTION('',(0.,-1.));
#6648 = ( GEOMETRIC_REPRESENTATION_CONTEXT(2) 
PARAMETRIC_REPRESENTATION_CONTEXT() REPRESENTATION_CONTEXT('2D SPACE',''
  ) );
#6649 = ORIENTED_EDGE('',*,*,#6650,.F.);
#6650 = EDGE_CURVE('',#6485,#6628,#6651,.T.);
#6651 = SURFACE_CURVE('',#6652,(#6656,#6663),.PCURVE_S1.);
#6652 = LINE('',#6653,#6654);
#6653 = CARTESIAN_POINT('',(5.,54.272077938642,-141.9827560572));
#6654 = VECTOR('',#6655,1.);
#6655 = DIRECTION('',(0.,-0.707106781187,-0.707106781187));
#6656 = PCURVE('',#866,#6657);
#6657 = DEFINITIONAL_REPRESENTATION('',(#6658),#6662);
#6658 = LINE('',#6659,#6660);
#6659 = CARTESIAN_POINT('',(-16.,-5.));
#6660 = VECTOR('',#6661,1.);
#6661 = DIRECTION('',(-1.,-0.));
#6662 = ( GEOMETRIC_REPRESENTATION_CONTEXT(2) 
PARAMETRIC_REPRESENTATION_CONTEXT() REPRESENTATION_CONTEXT('2D SPACE',''
  ) );
#6663 = PCURVE('',#5296,#6664);
#6664 = DEFINITIONAL_REPRESENTATION('',(#6665),#6669);
#6665 = LINE('',#6666,#6667);
#6666 = CARTESIAN_POINT('',(10.,-16.));
#6667 = VECTOR('',#6668,1.);
#6668 = DIRECTION('',(0.,1.));
#6669 = ( GEOMETRIC_REPRESENTATION_CONTEXT(2) 
PARAMETRIC_REPRESENTATION_CONTEXT() REPRESENTATION_CONTEXT('2D SPACE',''
  ) );
#6670 = ORIENTED_EDGE('',*,*,#6484,.F.);
#6671 = ADVANCED_FACE('',(#6672),#950,.T.);
#6672 = FACE_BOUND('',#6673,.T.);
#6673 = EDGE_LOOP('',(#6674,#6675,#6676,#6699));
#6674 = ORIENTED_EDGE('',*,*,#934,.T.);
#6675 = ORIENTED_EDGE('',*,*,#6602,.T.);
#6676 = ORIENTED_EDGE('',*,*,#6677,.T.);
#6677 = EDGE_CURVE('',#6580,#6678,#6680,.T.);
#6678 = VERTEX_POINT('',#6679);
#6679 = CARTESIAN_POINT('',(6.,57.100505063388,-113.6984848098));
#6680 = SURFACE_CURVE('',#6681,(#6685,#6692),.PCURVE_S1.);
#6681 = LINE('',#6682,#6683);
#6682 = CARTESIAN_POINT('',(6.,91.748737341529,-79.05025253169));
#6683 = VECTOR('',#6684,1.);
#6684 = DIRECTION('',(-0.,-0.707106781187,-0.707106781187));
#6685 = PCURVE('',#950,#6686);
#6686 = DEFINITIONAL_REPRESENTATION('',(#6687),#6691);
#6687 = LINE('',#6688,#6689);
#6688 = CARTESIAN_POINT('',(-45.,-6.));
#6689 = VECTOR('',#6690,1.);
#6690 = DIRECTION('',(1.,0.));
#6691 = ( GEOMETRIC_REPRESENTATION_CONTEXT(2) 
PARAMETRIC_REPRESENTATION_CONTEXT() REPRESENTATION_CONTEXT('2D SPACE',''
  ) );
#6692 = PCURVE('',#5220,#6693);
#6693 = DEFINITIONAL_REPRESENTATION('',(#6694),#6698);
#6694 = LINE('',#6695,#6696);
#6695 = CARTESIAN_POINT('',(1.414213562373,-45.));
#6696 = VECTOR('',#6697,1.);
#6697 = DIRECTION('',(0.,-1.));
#6698 = ( GEOMETRIC_REPRESENTATION_CONTEXT(2) 
PARAMETRIC_REPRESENTATION_CONTEXT() REPRESENTATION_CONTEXT('2D SPACE',''
  ) );
#6699 = ORIENTED_EDGE('',*,*,#6700,.F.);
#6700 = EDGE_CURVE('',#907,#6678,#6701,.T.);
#6701 = SURFACE_CURVE('',#6702,(#6706,#6713),.PCURVE_S1.);
#6702 = LINE('',#6703,#6704);
#6703 = CARTESIAN_POINT('',(0.,57.100505063388,-113.6984848098));
#6704 = VECTOR('',#6705,1.);
#6705 = DIRECTION('',(1.,0.,0.));
#6706 = PCURVE('',#950,#6707);
#6707 = DEFINITIONAL_REPRESENTATION('',(#6708),#6712);
#6708 = LINE('',#6709,#6710);
#6709 = CARTESIAN_POINT('',(4.,0.));
#6710 = VECTOR('',#6711,1.);
#6711 = DIRECTION('',(0.,-1.));
#6712 = ( GEOMETRIC_REPRESENTATION_CONTEXT(2) 
PARAMETRIC_REPRESENTATION_CONTEXT() REPRESENTATION_CONTEXT('2D SPACE',''
  ) );
#6713 = PCURVE('',#922,#6714);
#6714 = DEFINITIONAL_REPRESENTATION('',(#6715),#6719);
#6715 = LINE('',#6716,#6717);
#6716 = CARTESIAN_POINT('',(0.,0.));
#6717 = VECTOR('',#6718,1.);
#6718 = DIRECTION('',(0.,-1.));
#6719 = ( GEOMETRIC_REPRESENTATION_CONTEXT(2) 
PARAMETRIC_REPRESENTATION_CONTEXT() REPRESENTATION_CONTEXT('2D SPACE',''
  ) );
#6720 = ADVANCED_FACE('',(#6721),#894,.T.);
#6721 = FACE_BOUND('',#6722,.T.);
#6722 = EDGE_LOOP('',(#6723,#6724,#6747,#6768));
#6723 = ORIENTED_EDGE('',*,*,#878,.T.);
#6724 = ORIENTED_EDGE('',*,*,#6725,.T.);
#6725 = EDGE_CURVE('',#879,#6726,#6728,.T.);
#6726 = VERTEX_POINT('',#6727);
#6727 = CARTESIAN_POINT('',(5.,57.100505063388,-122.183766184));
#6728 = SURFACE_CURVE('',#6729,(#6733,#6740),.PCURVE_S1.);
#6729 = LINE('',#6730,#6731);
#6730 = CARTESIAN_POINT('',(0.,57.100505063388,-122.183766184));
#6731 = VECTOR('',#6732,1.);
#6732 = DIRECTION('',(1.,0.,0.));
#6733 = PCURVE('',#894,#6734);
#6734 = DEFINITIONAL_REPRESENTATION('',(#6735),#6739);
#6735 = LINE('',#6736,#6737);
#6736 = CARTESIAN_POINT('',(0.,0.));
#6737 = VECTOR('',#6738,1.);
#6738 = DIRECTION('',(0.,-1.));
#6739 = ( GEOMETRIC_REPRESENTATION_CONTEXT(2) 
PARAMETRIC_REPRESENTATION_CONTEXT() REPRESENTATION_CONTEXT('2D SPACE',''
  ) );
#6740 = PCURVE('',#922,#6741);
#6741 = DEFINITIONAL_REPRESENTATION('',(#6742),#6746);
#6742 = LINE('',#6743,#6744);
#6743 = CARTESIAN_POINT('',(8.485281374239,0.));
#6744 = VECTOR('',#6745,1.);
#6745 = DIRECTION('',(0.,-1.));
#6746 = ( GEOMETRIC_REPRESENTATION_CONTEXT(2) 
PARAMETRIC_REPRESENTATION_CONTEXT() REPRESENTATION_CONTEXT('2D SPACE',''
  ) );
#6747 = ORIENTED_EDGE('',*,*,#6748,.F.);
#6748 = EDGE_CURVE('',#6628,#6726,#6749,.T.);
#6749 = SURFACE_CURVE('',#6750,(#6754,#6761),.PCURVE_S1.);
#6750 = LINE('',#6751,#6752);
#6751 = CARTESIAN_POINT('',(5.,64.87867965644,-129.9619407771));
#6752 = VECTOR('',#6753,1.);
#6753 = DIRECTION('',(0.,-0.707106781187,0.707106781187));
#6754 = PCURVE('',#894,#6755);
#6755 = DEFINITIONAL_REPRESENTATION('',(#6756),#6760);
#6756 = LINE('',#6757,#6758);
#6757 = CARTESIAN_POINT('',(11.,-5.));
#6758 = VECTOR('',#6759,1.);
#6759 = DIRECTION('',(-1.,0.));
#6760 = ( GEOMETRIC_REPRESENTATION_CONTEXT(2) 
PARAMETRIC_REPRESENTATION_CONTEXT() REPRESENTATION_CONTEXT('2D SPACE',''
  ) );
#6761 = PCURVE('',#5296,#6762);
#6762 = DEFINITIONAL_REPRESENTATION('',(#6763),#6767);
#6763 = LINE('',#6764,#6765);
#6764 = CARTESIAN_POINT('',(11.,-32.));
#6765 = VECTOR('',#6766,1.);
#6766 = DIRECTION('',(1.,0.));
#6767 = ( GEOMETRIC_REPRESENTATION_CONTEXT(2) 
PARAMETRIC_REPRESENTATION_CONTEXT() REPRESENTATION_CONTEXT('2D SPACE',''
  ) );
#6768 = ORIENTED_EDGE('',*,*,#6627,.F.);
#6769 = ADVANCED_FACE('',(#6770),#922,.T.);
#6770 = FACE_BOUND('',#6771,.T.);
#6771 = EDGE_LOOP('',(#6772,#6773,#6774,#6797,#6818));
#6772 = ORIENTED_EDGE('',*,*,#906,.T.);
#6773 = ORIENTED_EDGE('',*,*,#6700,.T.);
#6774 = ORIENTED_EDGE('',*,*,#6775,.T.);
#6775 = EDGE_CURVE('',#6678,#6776,#6778,.T.);
#6776 = VERTEX_POINT('',#6777);
#6777 = CARTESIAN_POINT('',(5.,57.100505063388,-115.1126983722));
#6778 = SURFACE_CURVE('',#6779,(#6783,#6790),.PCURVE_S1.);
#6779 = LINE('',#6780,#6781);
#6780 = CARTESIAN_POINT('',(20.333333333333,57.100505063388,
    -93.42809041582));
#6781 = VECTOR('',#6782,1.);
#6782 = DIRECTION('',(-0.57735026919,-5.551115123126E-17,-0.816496580928
    ));
#6783 = PCURVE('',#922,#6784);
#6784 = DEFINITIONAL_REPRESENTATION('',(#6785),#6789);
#6785 = LINE('',#6786,#6787);
#6786 = CARTESIAN_POINT('',(-20.27039439401,-20.33333333333));
#6787 = VECTOR('',#6788,1.);
#6788 = DIRECTION('',(0.816496580928,0.57735026919));
#6789 = ( GEOMETRIC_REPRESENTATION_CONTEXT(2) 
PARAMETRIC_REPRESENTATION_CONTEXT() REPRESENTATION_CONTEXT('2D SPACE',''
  ) );
#6790 = PCURVE('',#5220,#6791);
#6791 = DEFINITIONAL_REPRESENTATION('',(#6792),#6796);
#6792 = LINE('',#6793,#6794);
#6793 = CARTESIAN_POINT('',(21.684607956387,-79.66666666666));
#6794 = VECTOR('',#6795,1.);
#6795 = DIRECTION('',(-0.816496580928,-0.57735026919));
#6796 = ( GEOMETRIC_REPRESENTATION_CONTEXT(2) 
PARAMETRIC_REPRESENTATION_CONTEXT() REPRESENTATION_CONTEXT('2D SPACE',''
  ) );
#6797 = ORIENTED_EDGE('',*,*,#6798,.F.);
#6798 = EDGE_CURVE('',#6726,#6776,#6799,.T.);
#6799 = SURFACE_CURVE('',#6800,(#6804,#6811),.PCURVE_S1.);
#6800 = LINE('',#6801,#6802);
#6801 = CARTESIAN_POINT('',(5.,57.100505063388,-137.0330085889));
#6802 = VECTOR('',#6803,1.);
#6803 = DIRECTION('',(0.,1.110223024625E-16,1.));
#6804 = PCURVE('',#922,#6805);
#6805 = DEFINITIONAL_REPRESENTATION('',(#6806),#6810);
#6806 = LINE('',#6807,#6808);
#6807 = CARTESIAN_POINT('',(23.334523779156,-5.));
#6808 = VECTOR('',#6809,1.);
#6809 = DIRECTION('',(-1.,0.));
#6810 = ( GEOMETRIC_REPRESENTATION_CONTEXT(2) 
PARAMETRIC_REPRESENTATION_CONTEXT() REPRESENTATION_CONTEXT('2D SPACE',''
  ) );
#6811 = PCURVE('',#5296,#6812);
#6812 = DEFINITIONAL_REPRESENTATION('',(#6813),#6817);
#6813 = LINE('',#6814,#6815);
#6814 = CARTESIAN_POINT('',(11.5,-21.5));
#6815 = VECTOR('',#6816,1.);
#6816 = DIRECTION('',(0.707106781187,-0.707106781187));
#6817 = ( GEOMETRIC_REPRESENTATION_CONTEXT(2) 
PARAMETRIC_REPRESENTATION_CONTEXT() REPRESENTATION_CONTEXT('2D SPACE',''
  ) );
#6818 = ORIENTED_EDGE('',*,*,#6725,.F.);
#6819 = ADVANCED_FACE('',(#6820),#1008,.T.);
#6820 = FACE_BOUND('',#6821,.T.);
#6821 = EDGE_LOOP('',(#6822,#6823,#6846,#6869));
#6822 = ORIENTED_EDGE('',*,*,#990,.T.);
#6823 = ORIENTED_EDGE('',*,*,#6824,.T.);
#6824 = EDGE_CURVE('',#993,#6825,#6827,.T.);
#6825 = VERTEX_POINT('',#6826);
#6826 = CARTESIAN_POINT('',(5.,62.757359312881,-133.497474683));
#6827 = SURFACE_CURVE('',#6828,(#6832,#6839),.PCURVE_S1.);
#6828 = LINE('',#6829,#6830);
#6829 = CARTESIAN_POINT('',(0.,62.757359312881,-133.497474683));
#6830 = VECTOR('',#6831,1.);
#6831 = DIRECTION('',(1.,0.,0.));
#6832 = PCURVE('',#1008,#6833);
#6833 = DEFINITIONAL_REPRESENTATION('',(#6834),#6838);
#6834 = LINE('',#6835,#6836);
#6835 = CARTESIAN_POINT('',(0.,0.));
#6836 = VECTOR('',#6837,1.);
#6837 = DIRECTION('',(0.,-1.));
#6838 = ( GEOMETRIC_REPRESENTATION_CONTEXT(2) 
PARAMETRIC_REPRESENTATION_CONTEXT() REPRESENTATION_CONTEXT('2D SPACE',''
  ) );
#6839 = PCURVE('',#1036,#6840);
#6840 = DEFINITIONAL_REPRESENTATION('',(#6841),#6845);
#6841 = LINE('',#6842,#6843);
#6842 = CARTESIAN_POINT('',(16.,0.));
#6843 = VECTOR('',#6844,1.);
#6844 = DIRECTION('',(0.,-1.));
#6845 = ( GEOMETRIC_REPRESENTATION_CONTEXT(2) 
PARAMETRIC_REPRESENTATION_CONTEXT() REPRESENTATION_CONTEXT('2D SPACE',''
  ) );
#6846 = ORIENTED_EDGE('',*,*,#6847,.F.);
#6847 = EDGE_CURVE('',#6848,#6825,#6850,.T.);
#6848 = VERTEX_POINT('',#6849);
#6849 = CARTESIAN_POINT('',(5.,54.272077938642,-125.0121933088));
#6850 = SURFACE_CURVE('',#6851,(#6855,#6862),.PCURVE_S1.);
#6851 = LINE('',#6852,#6853);
#6852 = CARTESIAN_POINT('',(5.,66.292893218813,-137.0330085889));
#6853 = VECTOR('',#6854,1.);
#6854 = DIRECTION('',(0.,0.707106781187,-0.707106781187));
#6855 = PCURVE('',#1008,#6856);
#6856 = DEFINITIONAL_REPRESENTATION('',(#6857),#6861);
#6857 = LINE('',#6858,#6859);
#6858 = CARTESIAN_POINT('',(-5.,-5.));
#6859 = VECTOR('',#6860,1.);
#6860 = DIRECTION('',(-1.,0.));
#6861 = ( GEOMETRIC_REPRESENTATION_CONTEXT(2) 
PARAMETRIC_REPRESENTATION_CONTEXT() REPRESENTATION_CONTEXT('2D SPACE',''
  ) );
#6862 = PCURVE('',#5296,#6863);
#6863 = DEFINITIONAL_REPRESENTATION('',(#6864),#6868);
#6864 = LINE('',#6865,#6866);
#6865 = CARTESIAN_POINT('',(5.,-28.));
#6866 = VECTOR('',#6867,1.);
#6867 = DIRECTION('',(-1.,0.));
#6868 = ( GEOMETRIC_REPRESENTATION_CONTEXT(2) 
PARAMETRIC_REPRESENTATION_CONTEXT() REPRESENTATION_CONTEXT('2D SPACE',''
  ) );
#6869 = ORIENTED_EDGE('',*,*,#6870,.F.);
#6870 = EDGE_CURVE('',#991,#6848,#6871,.T.);
#6871 = SURFACE_CURVE('',#6872,(#6876,#6883),.PCURVE_S1.);
#6872 = LINE('',#6873,#6874);
#6873 = CARTESIAN_POINT('',(0.,54.272077938642,-125.0121933088));
#6874 = VECTOR('',#6875,1.);
#6875 = DIRECTION('',(1.,0.,0.));
#6876 = PCURVE('',#1008,#6877);
#6877 = DEFINITIONAL_REPRESENTATION('',(#6878),#6882);
#6878 = LINE('',#6879,#6880);
#6879 = CARTESIAN_POINT('',(12.,0.));
#6880 = VECTOR('',#6881,1.);
#6881 = DIRECTION('',(0.,-1.));
#6882 = ( GEOMETRIC_REPRESENTATION_CONTEXT(2) 
PARAMETRIC_REPRESENTATION_CONTEXT() REPRESENTATION_CONTEXT('2D SPACE',''
  ) );
#6883 = PCURVE('',#1146,#6884);
#6884 = DEFINITIONAL_REPRESENTATION('',(#6885),#6889);
#6885 = LINE('',#6886,#6887);
#6886 = CARTESIAN_POINT('',(0.,0.));
#6887 = VECTOR('',#6888,1.);
#6888 = DIRECTION('',(0.,-1.));
#6889 = ( GEOMETRIC_REPRESENTATION_CONTEXT(2) 
PARAMETRIC_REPRESENTATION_CONTEXT() REPRESENTATION_CONTEXT('2D SPACE',''
  ) );
#6890 = ADVANCED_FACE('',(#6891),#1146,.T.);
#6891 = FACE_BOUND('',#6892,.T.);
#6892 = EDGE_LOOP('',(#6893,#6894,#6895,#6918,#6946,#6969));
#6893 = ORIENTED_EDGE('',*,*,#1132,.T.);
#6894 = ORIENTED_EDGE('',*,*,#6870,.T.);
#6895 = ORIENTED_EDGE('',*,*,#6896,.F.);
#6896 = EDGE_CURVE('',#6897,#6848,#6899,.T.);
#6897 = VERTEX_POINT('',#6898);
#6898 = CARTESIAN_POINT('',(5.,51.443650813896,-125.0121933088));
#6899 = SURFACE_CURVE('',#6900,(#6904,#6911),.PCURVE_S1.);
#6900 = LINE('',#6901,#6902);
#6901 = CARTESIAN_POINT('',(5.,52.150757595082,-125.0121933088));
#6902 = VECTOR('',#6903,1.);
#6903 = DIRECTION('',(0.,1.,-1.110223024625E-16));
#6904 = PCURVE('',#1146,#6905);
#6905 = DEFINITIONAL_REPRESENTATION('',(#6906),#6910);
#6906 = LINE('',#6907,#6908);
#6907 = CARTESIAN_POINT('',(2.12132034356,-5.));
#6908 = VECTOR('',#6909,1.);
#6909 = DIRECTION('',(-1.,-0.));
#6910 = ( GEOMETRIC_REPRESENTATION_CONTEXT(2) 
PARAMETRIC_REPRESENTATION_CONTEXT() REPRESENTATION_CONTEXT('2D SPACE',''
  ) );
#6911 = PCURVE('',#5296,#6912);
#6912 = DEFINITIONAL_REPRESENTATION('',(#6913),#6917);
#6913 = LINE('',#6914,#6915);
#6914 = CARTESIAN_POINT('',(23.5,-26.5));
#6915 = VECTOR('',#6916,1.);
#6916 = DIRECTION('',(-0.707106781187,-0.707106781187));
#6917 = ( GEOMETRIC_REPRESENTATION_CONTEXT(2) 
PARAMETRIC_REPRESENTATION_CONTEXT() REPRESENTATION_CONTEXT('2D SPACE',''
  ) );
#6918 = ORIENTED_EDGE('',*,*,#6919,.F.);
#6919 = EDGE_CURVE('',#6920,#6897,#6922,.T.);
#6920 = VERTEX_POINT('',#6921);
#6921 = CARTESIAN_POINT('',(9.,51.443650813896,-125.0121933088));
#6922 = SURFACE_CURVE('',#6923,(#6927,#6934),.PCURVE_S1.);
#6923 = LINE('',#6924,#6925);
#6924 = CARTESIAN_POINT('',(2.5,51.443650813896,-125.0121933088));
#6925 = VECTOR('',#6926,1.);
#6926 = DIRECTION('',(-1.,0.,0.));
#6927 = PCURVE('',#1146,#6928);
#6928 = DEFINITIONAL_REPRESENTATION('',(#6929),#6933);
#6929 = LINE('',#6930,#6931);
#6930 = CARTESIAN_POINT('',(2.828427124746,-2.5));
#6931 = VECTOR('',#6932,1.);
#6932 = DIRECTION('',(0.,1.));
#6933 = ( GEOMETRIC_REPRESENTATION_CONTEXT(2) 
PARAMETRIC_REPRESENTATION_CONTEXT() REPRESENTATION_CONTEXT('2D SPACE',''
  ) );
#6934 = PCURVE('',#6935,#6940);
#6935 = PLANE('',#6936);
#6936 = AXIS2_PLACEMENT_3D('',#6937,#6938,#6939);
#6937 = CARTESIAN_POINT('',(5.,63.464466094067,-137.0330085889));
#6938 = DIRECTION('',(0.,0.707106781187,0.707106781187));
#6939 = DIRECTION('',(0.,-0.707106781187,0.707106781187));
#6940 = DEFINITIONAL_REPRESENTATION('',(#6941),#6945);
#6941 = LINE('',#6942,#6943);
#6942 = CARTESIAN_POINT('',(17.,-2.5));
#6943 = VECTOR('',#6944,1.);
#6944 = DIRECTION('',(0.,-1.));
#6945 = ( GEOMETRIC_REPRESENTATION_CONTEXT(2) 
PARAMETRIC_REPRESENTATION_CONTEXT() REPRESENTATION_CONTEXT('2D SPACE',''
  ) );
#6946 = ORIENTED_EDGE('',*,*,#6947,.T.);
#6947 = EDGE_CURVE('',#6920,#6948,#6950,.T.);
#6948 = VERTEX_POINT('',#6949);
#6949 = CARTESIAN_POINT('',(9.,45.786796564404,-125.0121933088));
#6950 = SURFACE_CURVE('',#6951,(#6955,#6962),.PCURVE_S1.);
#6951 = LINE('',#6952,#6953);
#6952 = CARTESIAN_POINT('',(9.,87.859650045003,-125.0121933088));
#6953 = VECTOR('',#6954,1.);
#6954 = DIRECTION('',(0.,-1.,1.110223024625E-16));
#6955 = PCURVE('',#1146,#6956);
#6956 = DEFINITIONAL_REPRESENTATION('',(#6957),#6961);
#6957 = LINE('',#6958,#6959);
#6958 = CARTESIAN_POINT('',(-33.58757210636,-9.));
#6959 = VECTOR('',#6960,1.);
#6960 = DIRECTION('',(1.,0.));
#6961 = ( GEOMETRIC_REPRESENTATION_CONTEXT(2) 
PARAMETRIC_REPRESENTATION_CONTEXT() REPRESENTATION_CONTEXT('2D SPACE',''
  ) );
#6962 = PCURVE('',#4636,#6963);
#6963 = DEFINITIONAL_REPRESENTATION('',(#6964),#6968);
#6964 = LINE('',#6965,#6966);
#6965 = CARTESIAN_POINT('',(-32.75,-80.25));
#6966 = VECTOR('',#6967,1.);
#6967 = DIRECTION('',(0.707106781187,-0.707106781187));
#6968 = ( GEOMETRIC_REPRESENTATION_CONTEXT(2) 
PARAMETRIC_REPRESENTATION_CONTEXT() REPRESENTATION_CONTEXT('2D SPACE',''
  ) );
#6969 = ORIENTED_EDGE('',*,*,#6970,.F.);
#6970 = EDGE_CURVE('',#1105,#6948,#6971,.T.);
#6971 = SURFACE_CURVE('',#6972,(#6976,#6983),.PCURVE_S1.);
#6972 = LINE('',#6973,#6974);
#6973 = CARTESIAN_POINT('',(0.,45.786796564404,-125.0121933088));
#6974 = VECTOR('',#6975,1.);
#6975 = DIRECTION('',(1.,0.,0.));
#6976 = PCURVE('',#1146,#6977);
#6977 = DEFINITIONAL_REPRESENTATION('',(#6978),#6982);
#6978 = LINE('',#6979,#6980);
#6979 = CARTESIAN_POINT('',(8.485281374239,0.));
#6980 = VECTOR('',#6981,1.);
#6981 = DIRECTION('',(0.,-1.));
#6982 = ( GEOMETRIC_REPRESENTATION_CONTEXT(2) 
PARAMETRIC_REPRESENTATION_CONTEXT() REPRESENTATION_CONTEXT('2D SPACE',''
  ) );
#6983 = PCURVE('',#1120,#6984);
#6984 = DEFINITIONAL_REPRESENTATION('',(#6985),#6989);
#6985 = LINE('',#6986,#6987);
#6986 = CARTESIAN_POINT('',(0.,0.));
#6987 = VECTOR('',#6988,1.);
#6988 = DIRECTION('',(0.,-1.));
#6989 = ( GEOMETRIC_REPRESENTATION_CONTEXT(2) 
PARAMETRIC_REPRESENTATION_CONTEXT() REPRESENTATION_CONTEXT('2D SPACE',''
  ) );
#6990 = ADVANCED_FACE('',(#6991),#1036,.T.);
#6991 = FACE_BOUND('',#6992,.T.);
#6992 = EDGE_LOOP('',(#6993,#6994,#7017,#7040,#7068,#7089));
#6993 = ORIENTED_EDGE('',*,*,#1020,.T.);
#6994 = ORIENTED_EDGE('',*,*,#6995,.T.);
#6995 = EDGE_CURVE('',#1021,#6996,#6998,.T.);
#6996 = VERTEX_POINT('',#6997);
#6997 = CARTESIAN_POINT('',(9.,51.443650813896,-144.811183182));
#6998 = SURFACE_CURVE('',#6999,(#7003,#7010),.PCURVE_S1.);
#6999 = LINE('',#7000,#7001);
#7000 = CARTESIAN_POINT('',(0.,51.443650813896,-144.811183182));
#7001 = VECTOR('',#7002,1.);
#7002 = DIRECTION('',(1.,0.,0.));
#7003 = PCURVE('',#1036,#7004);
#7004 = DEFINITIONAL_REPRESENTATION('',(#7005),#7009);
#7005 = LINE('',#7006,#7007);
#7006 = CARTESIAN_POINT('',(0.,0.));
#7007 = VECTOR('',#7008,1.);
#7008 = DIRECTION('',(0.,-1.));
#7009 = ( GEOMETRIC_REPRESENTATION_CONTEXT(2) 
PARAMETRIC_REPRESENTATION_CONTEXT() REPRESENTATION_CONTEXT('2D SPACE',''
  ) );
#7010 = PCURVE('',#1064,#7011);
#7011 = DEFINITIONAL_REPRESENTATION('',(#7012),#7016);
#7012 = LINE('',#7013,#7014);
#7013 = CARTESIAN_POINT('',(12.,0.));
#7014 = VECTOR('',#7015,1.);
#7015 = DIRECTION('',(0.,-1.));
#7016 = ( GEOMETRIC_REPRESENTATION_CONTEXT(2) 
PARAMETRIC_REPRESENTATION_CONTEXT() REPRESENTATION_CONTEXT('2D SPACE',''
  ) );
#7017 = ORIENTED_EDGE('',*,*,#7018,.T.);
#7018 = EDGE_CURVE('',#6996,#7019,#7021,.T.);
#7019 = VERTEX_POINT('',#7020);
#7020 = CARTESIAN_POINT('',(9.,61.343145750508,-134.9116882454));
#7021 = SURFACE_CURVE('',#7022,(#7026,#7033),.PCURVE_S1.);
#7022 = LINE('',#7023,#7024);
#7023 = CARTESIAN_POINT('',(9.,93.870057685089,-102.3847763108));
#7024 = VECTOR('',#7025,1.);
#7025 = DIRECTION('',(0.,0.707106781187,0.707106781187));
#7026 = PCURVE('',#1036,#7027);
#7027 = DEFINITIONAL_REPRESENTATION('',(#7028),#7032);
#7028 = LINE('',#7029,#7030);
#7029 = CARTESIAN_POINT('',(60.,-9.));
#7030 = VECTOR('',#7031,1.);
#7031 = DIRECTION('',(1.,0.));
#7032 = ( GEOMETRIC_REPRESENTATION_CONTEXT(2) 
PARAMETRIC_REPRESENTATION_CONTEXT() REPRESENTATION_CONTEXT('2D SPACE',''
  ) );
#7033 = PCURVE('',#4636,#7034);
#7034 = DEFINITIONAL_REPRESENTATION('',(#7035),#7039);
#7035 = LINE('',#7036,#7037);
#7036 = CARTESIAN_POINT('',(-21.,-60.));
#7037 = VECTOR('',#7038,1.);
#7038 = DIRECTION('',(0.,1.));
#7039 = ( GEOMETRIC_REPRESENTATION_CONTEXT(2) 
PARAMETRIC_REPRESENTATION_CONTEXT() REPRESENTATION_CONTEXT('2D SPACE',''
  ) );
#7040 = ORIENTED_EDGE('',*,*,#7041,.F.);
#7041 = EDGE_CURVE('',#7042,#7019,#7044,.T.);
#7042 = VERTEX_POINT('',#7043);
#7043 = CARTESIAN_POINT('',(5.,61.343145750508,-134.9116882454));
#7044 = SURFACE_CURVE('',#7045,(#7049,#7056),.PCURVE_S1.);
#7045 = LINE('',#7046,#7047);
#7046 = CARTESIAN_POINT('',(2.5,61.343145750508,-134.9116882454));
#7047 = VECTOR('',#7048,1.);
#7048 = DIRECTION('',(1.,0.,0.));
#7049 = PCURVE('',#1036,#7050);
#7050 = DEFINITIONAL_REPRESENTATION('',(#7051),#7055);
#7051 = LINE('',#7052,#7053);
#7052 = CARTESIAN_POINT('',(14.,-2.5));
#7053 = VECTOR('',#7054,1.);
#7054 = DIRECTION('',(0.,-1.));
#7055 = ( GEOMETRIC_REPRESENTATION_CONTEXT(2) 
PARAMETRIC_REPRESENTATION_CONTEXT() REPRESENTATION_CONTEXT('2D SPACE',''
  ) );
#7056 = PCURVE('',#7057,#7062);
#7057 = PLANE('',#7058);
#7058 = AXIS2_PLACEMENT_3D('',#7059,#7060,#7061);
#7059 = CARTESIAN_POINT('',(5.,63.464466094067,-137.0330085889));
#7060 = DIRECTION('',(0.,0.707106781187,0.707106781187));
#7061 = DIRECTION('',(0.,-0.707106781187,0.707106781187));
#7062 = DEFINITIONAL_REPRESENTATION('',(#7063),#7067);
#7063 = LINE('',#7064,#7065);
#7064 = CARTESIAN_POINT('',(3.,-2.5));
#7065 = VECTOR('',#7066,1.);
#7066 = DIRECTION('',(0.,1.));
#7067 = ( GEOMETRIC_REPRESENTATION_CONTEXT(2) 
PARAMETRIC_REPRESENTATION_CONTEXT() REPRESENTATION_CONTEXT('2D SPACE',''
  ) );
#7068 = ORIENTED_EDGE('',*,*,#7069,.F.);
#7069 = EDGE_CURVE('',#6825,#7042,#7070,.T.);
#7070 = SURFACE_CURVE('',#7071,(#7075,#7082),.PCURVE_S1.);
#7071 = LINE('',#7072,#7073);
#7072 = CARTESIAN_POINT('',(5.,47.201010126777,-149.0538238691));
#7073 = VECTOR('',#7074,1.);
#7074 = DIRECTION('',(0.,-0.707106781187,-0.707106781187));
#7075 = PCURVE('',#1036,#7076);
#7076 = DEFINITIONAL_REPRESENTATION('',(#7077),#7081);
#7077 = LINE('',#7078,#7079);
#7078 = CARTESIAN_POINT('',(-6.,-5.));
#7079 = VECTOR('',#7080,1.);
#7080 = DIRECTION('',(-1.,-0.));
#7081 = ( GEOMETRIC_REPRESENTATION_CONTEXT(2) 
PARAMETRIC_REPRESENTATION_CONTEXT() REPRESENTATION_CONTEXT('2D SPACE',''
  ) );
#7082 = PCURVE('',#5296,#7083);
#7083 = DEFINITIONAL_REPRESENTATION('',(#7084),#7088);
#7084 = LINE('',#7085,#7086);
#7085 = CARTESIAN_POINT('',(10.,-6.));
#7086 = VECTOR('',#7087,1.);
#7087 = DIRECTION('',(0.,1.));
#7088 = ( GEOMETRIC_REPRESENTATION_CONTEXT(2) 
PARAMETRIC_REPRESENTATION_CONTEXT() REPRESENTATION_CONTEXT('2D SPACE',''
  ) );
#7089 = ORIENTED_EDGE('',*,*,#6824,.F.);
#7090 = ADVANCED_FACE('',(#7091),#1120,.T.);
#7091 = FACE_BOUND('',#7092,.T.);
#7092 = EDGE_LOOP('',(#7093,#7094,#7095,#7118));
#7093 = ORIENTED_EDGE('',*,*,#1104,.T.);
#7094 = ORIENTED_EDGE('',*,*,#6970,.T.);
#7095 = ORIENTED_EDGE('',*,*,#7096,.T.);
#7096 = EDGE_CURVE('',#6948,#7097,#7099,.T.);
#7097 = VERTEX_POINT('',#7098);
#7098 = CARTESIAN_POINT('',(9.,42.958369439657,-127.8406204335));
#7099 = SURFACE_CURVE('',#7100,(#7104,#7111),.PCURVE_S1.);
#7100 = LINE('',#7101,#7102);
#7101 = CARTESIAN_POINT('',(9.,84.677669529664,-86.12132034356));
#7102 = VECTOR('',#7103,1.);
#7103 = DIRECTION('',(-0.,-0.707106781187,-0.707106781187));
#7104 = PCURVE('',#1120,#7105);
#7105 = DEFINITIONAL_REPRESENTATION('',(#7106),#7110);
#7106 = LINE('',#7107,#7108);
#7107 = CARTESIAN_POINT('',(-55.,-9.));
#7108 = VECTOR('',#7109,1.);
#7109 = DIRECTION('',(1.,0.));
#7110 = ( GEOMETRIC_REPRESENTATION_CONTEXT(2) 
PARAMETRIC_REPRESENTATION_CONTEXT() REPRESENTATION_CONTEXT('2D SPACE',''
  ) );
#7111 = PCURVE('',#4636,#7112);
#7112 = DEFINITIONAL_REPRESENTATION('',(#7113),#7117);
#7113 = LINE('',#7114,#7115);
#7114 = CARTESIAN_POINT('',(-3.,-55.));
#7115 = VECTOR('',#7116,1.);
#7116 = DIRECTION('',(0.,-1.));
#7117 = ( GEOMETRIC_REPRESENTATION_CONTEXT(2) 
PARAMETRIC_REPRESENTATION_CONTEXT() REPRESENTATION_CONTEXT('2D SPACE',''
  ) );
#7118 = ORIENTED_EDGE('',*,*,#7119,.F.);
#7119 = EDGE_CURVE('',#1077,#7097,#7120,.T.);
#7120 = SURFACE_CURVE('',#7121,(#7125,#7132),.PCURVE_S1.);
#7121 = LINE('',#7122,#7123);
#7122 = CARTESIAN_POINT('',(0.,42.958369439657,-127.8406204335));
#7123 = VECTOR('',#7124,1.);
#7124 = DIRECTION('',(1.,0.,0.));
#7125 = PCURVE('',#1120,#7126);
#7126 = DEFINITIONAL_REPRESENTATION('',(#7127),#7131);
#7127 = LINE('',#7128,#7129);
#7128 = CARTESIAN_POINT('',(4.,0.));
#7129 = VECTOR('',#7130,1.);
#7130 = DIRECTION('',(0.,-1.));
#7131 = ( GEOMETRIC_REPRESENTATION_CONTEXT(2) 
PARAMETRIC_REPRESENTATION_CONTEXT() REPRESENTATION_CONTEXT('2D SPACE',''
  ) );
#7132 = PCURVE('',#1092,#7133);
#7133 = DEFINITIONAL_REPRESENTATION('',(#7134),#7138);
#7134 = LINE('',#7135,#7136);
#7135 = CARTESIAN_POINT('',(0.,0.));
#7136 = VECTOR('',#7137,1.);
#7137 = DIRECTION('',(0.,-1.));
#7138 = ( GEOMETRIC_REPRESENTATION_CONTEXT(2) 
PARAMETRIC_REPRESENTATION_CONTEXT() REPRESENTATION_CONTEXT('2D SPACE',''
  ) );
#7139 = ADVANCED_FACE('',(#7140),#1064,.T.);
#7140 = FACE_BOUND('',#7141,.T.);
#7141 = EDGE_LOOP('',(#7142,#7143,#7166,#7187));
#7142 = ORIENTED_EDGE('',*,*,#1048,.T.);
#7143 = ORIENTED_EDGE('',*,*,#7144,.T.);
#7144 = EDGE_CURVE('',#1049,#7145,#7147,.T.);
#7145 = VERTEX_POINT('',#7146);
#7146 = CARTESIAN_POINT('',(9.,42.958369439657,-136.3259018078));
#7147 = SURFACE_CURVE('',#7148,(#7152,#7159),.PCURVE_S1.);
#7148 = LINE('',#7149,#7150);
#7149 = CARTESIAN_POINT('',(0.,42.958369439657,-136.3259018078));
#7150 = VECTOR('',#7151,1.);
#7151 = DIRECTION('',(1.,0.,0.));
#7152 = PCURVE('',#1064,#7153);
#7153 = DEFINITIONAL_REPRESENTATION('',(#7154),#7158);
#7154 = LINE('',#7155,#7156);
#7155 = CARTESIAN_POINT('',(0.,0.));
#7156 = VECTOR('',#7157,1.);
#7157 = DIRECTION('',(0.,-1.));
#7158 = ( GEOMETRIC_REPRESENTATION_CONTEXT(2) 
PARAMETRIC_REPRESENTATION_CONTEXT() REPRESENTATION_CONTEXT('2D SPACE',''
  ) );
#7159 = PCURVE('',#1092,#7160);
#7160 = DEFINITIONAL_REPRESENTATION('',(#7161),#7165);
#7161 = LINE('',#7162,#7163);
#7162 = CARTESIAN_POINT('',(8.485281374239,0.));
#7163 = VECTOR('',#7164,1.);
#7164 = DIRECTION('',(0.,-1.));
#7165 = ( GEOMETRIC_REPRESENTATION_CONTEXT(2) 
PARAMETRIC_REPRESENTATION_CONTEXT() REPRESENTATION_CONTEXT('2D SPACE',''
  ) );
#7166 = ORIENTED_EDGE('',*,*,#7167,.T.);
#7167 = EDGE_CURVE('',#7145,#6996,#7168,.T.);
#7168 = SURFACE_CURVE('',#7169,(#7173,#7180),.PCURVE_S1.);
#7169 = LINE('',#7170,#7171);
#7170 = CARTESIAN_POINT('',(9.,39.776388924318,-133.1439212924));
#7171 = VECTOR('',#7172,1.);
#7172 = DIRECTION('',(0.,0.707106781187,-0.707106781187));
#7173 = PCURVE('',#1064,#7174);
#7174 = DEFINITIONAL_REPRESENTATION('',(#7175),#7179);
#7175 = LINE('',#7176,#7177);
#7176 = CARTESIAN_POINT('',(-4.5,-9.));
#7177 = VECTOR('',#7178,1.);
#7178 = DIRECTION('',(1.,0.));
#7179 = ( GEOMETRIC_REPRESENTATION_CONTEXT(2) 
PARAMETRIC_REPRESENTATION_CONTEXT() REPRESENTATION_CONTEXT('2D SPACE',''
  ) );
#7180 = PCURVE('',#4636,#7181);
#7181 = DEFINITIONAL_REPRESENTATION('',(#7182),#7186);
#7182 = LINE('',#7183,#7184);
#7183 = CARTESIAN_POINT('',(-4.5,-120.));
#7184 = VECTOR('',#7185,1.);
#7185 = DIRECTION('',(-1.,0.));
#7186 = ( GEOMETRIC_REPRESENTATION_CONTEXT(2) 
PARAMETRIC_REPRESENTATION_CONTEXT() REPRESENTATION_CONTEXT('2D SPACE',''
  ) );
#7187 = ORIENTED_EDGE('',*,*,#6995,.F.);
#7188 = ADVANCED_FACE('',(#7189),#1092,.T.);
#7189 = FACE_BOUND('',#7190,.T.);
#7190 = EDGE_LOOP('',(#7191,#7192,#7193,#7214));
#7191 = ORIENTED_EDGE('',*,*,#1076,.T.);
#7192 = ORIENTED_EDGE('',*,*,#7119,.T.);
#7193 = ORIENTED_EDGE('',*,*,#7194,.T.);
#7194 = EDGE_CURVE('',#7097,#7145,#7195,.T.);
#7195 = SURFACE_CURVE('',#7196,(#7200,#7207),.PCURVE_S1.);
#7196 = LINE('',#7197,#7198);
#7197 = CARTESIAN_POINT('',(9.,42.958369439657,-86.47487373415));
#7198 = VECTOR('',#7199,1.);
#7199 = DIRECTION('',(-0.,-1.110223024625E-16,-1.));
#7200 = PCURVE('',#1092,#7201);
#7201 = DEFINITIONAL_REPRESENTATION('',(#7202),#7206);
#7202 = LINE('',#7203,#7204);
#7203 = CARTESIAN_POINT('',(-41.36574669941,-9.));
#7204 = VECTOR('',#7205,1.);
#7205 = DIRECTION('',(1.,0.));
#7206 = ( GEOMETRIC_REPRESENTATION_CONTEXT(2) 
PARAMETRIC_REPRESENTATION_CONTEXT() REPRESENTATION_CONTEXT('2D SPACE',''
  ) );
#7207 = PCURVE('',#4636,#7208);
#7208 = DEFINITIONAL_REPRESENTATION('',(#7209),#7213);
#7209 = LINE('',#7210,#7211);
#7210 = CARTESIAN_POINT('',(26.25,-84.75));
#7211 = VECTOR('',#7212,1.);
#7212 = DIRECTION('',(-0.707106781187,-0.707106781187));
#7213 = ( GEOMETRIC_REPRESENTATION_CONTEXT(2) 
PARAMETRIC_REPRESENTATION_CONTEXT() REPRESENTATION_CONTEXT('2D SPACE',''
  ) );
#7214 = ORIENTED_EDGE('',*,*,#7144,.F.);
#7215 = ADVANCED_FACE('',(#7216,#7242,#7412,#7582,#7752,#7922,#8092),
  #1222,.T.);
#7216 = FACE_BOUND('',#7217,.T.);
#7217 = EDGE_LOOP('',(#7218,#7219,#7220,#7241));
#7218 = ORIENTED_EDGE('',*,*,#1208,.F.);
#7219 = ORIENTED_EDGE('',*,*,#3104,.F.);
#7220 = ORIENTED_EDGE('',*,*,#7221,.T.);
#7221 = EDGE_CURVE('',#3105,#4672,#7222,.T.);
#7222 = SURFACE_CURVE('',#7223,(#7227,#7234),.PCURVE_S1.);
#7223 = LINE('',#7224,#7225);
#7224 = CARTESIAN_POINT('',(140.,143.36753236814,-67.02943725152));
#7225 = VECTOR('',#7226,1.);
#7226 = DIRECTION('',(0.,-0.707106781187,0.707106781187));
#7227 = PCURVE('',#1222,#7228);
#7228 = DEFINITIONAL_REPRESENTATION('',(#7229),#7233);
#7229 = LINE('',#7230,#7231);
#7230 = CARTESIAN_POINT('',(1.42108547152E-14,-132.));
#7231 = VECTOR('',#7232,1.);
#7232 = DIRECTION('',(1.,0.));
#7233 = ( GEOMETRIC_REPRESENTATION_CONTEXT(2) 
PARAMETRIC_REPRESENTATION_CONTEXT() REPRESENTATION_CONTEXT('2D SPACE',''
  ) );
#7234 = PCURVE('',#3143,#7235);
#7235 = DEFINITIONAL_REPRESENTATION('',(#7236),#7240);
#7236 = LINE('',#7237,#7238);
#7237 = CARTESIAN_POINT('',(0.,5.));
#7238 = VECTOR('',#7239,1.);
#7239 = DIRECTION('',(1.,0.));
#7240 = ( GEOMETRIC_REPRESENTATION_CONTEXT(2) 
PARAMETRIC_REPRESENTATION_CONTEXT() REPRESENTATION_CONTEXT('2D SPACE',''
  ) );
#7241 = ORIENTED_EDGE('',*,*,#4671,.F.);
#7242 = FACE_BOUND('',#7243,.T.);
#7243 = EDGE_LOOP('',(#7244,#7274,#7302,#7330,#7358,#7386));
#7244 = ORIENTED_EDGE('',*,*,#7245,.T.);
#7245 = EDGE_CURVE('',#7246,#7248,#7250,.T.);
#7246 = VERTEX_POINT('',#7247);
#7247 = CARTESIAN_POINT('',(140.,110.84062043356,-68.44365081389));
#7248 = VERTEX_POINT('',#7249);
#7249 = CARTESIAN_POINT('',(140.,119.3259018078,-76.92893218813));
#7250 = SURFACE_CURVE('',#7251,(#7255,#7262),.PCURVE_S1.);
#7251 = LINE('',#7252,#7253);
#7252 = CARTESIAN_POINT('',(140.,122.86143571373,-80.46446609406));
#7253 = VECTOR('',#7254,1.);
#7254 = DIRECTION('',(0.,0.707106781187,-0.707106781187));
#7255 = PCURVE('',#1222,#7256);
#7256 = DEFINITIONAL_REPRESENTATION('',(#7257),#7261);
#7257 = LINE('',#7258,#7259);
#7258 = CARTESIAN_POINT('',(5.,-108.));
#7259 = VECTOR('',#7260,1.);
#7260 = DIRECTION('',(-1.,0.));
#7261 = ( GEOMETRIC_REPRESENTATION_CONTEXT(2) 
PARAMETRIC_REPRESENTATION_CONTEXT() REPRESENTATION_CONTEXT('2D SPACE',''
  ) );
#7262 = PCURVE('',#7263,#7268);
#7263 = PLANE('',#7264);
#7264 = AXIS2_PLACEMENT_3D('',#7265,#7266,#7267);
#7265 = CARTESIAN_POINT('',(130.9,119.3259018078,-76.92893218813));
#7266 = DIRECTION('',(0.,-0.707106781187,-0.707106781187));
#7267 = DIRECTION('',(0.,-0.707106781187,0.707106781187));
#7268 = DEFINITIONAL_REPRESENTATION('',(#7269),#7273);
#7269 = LINE('',#7270,#7271);
#7270 = CARTESIAN_POINT('',(-5.,-9.1));
#7271 = VECTOR('',#7272,1.);
#7272 = DIRECTION('',(-1.,0.));
#7273 = ( GEOMETRIC_REPRESENTATION_CONTEXT(2) 
PARAMETRIC_REPRESENTATION_CONTEXT() REPRESENTATION_CONTEXT('2D SPACE',''
  ) );
#7274 = ORIENTED_EDGE('',*,*,#7275,.T.);
#7275 = EDGE_CURVE('',#7248,#7276,#7278,.T.);
#7276 = VERTEX_POINT('',#7277);
#7277 = CARTESIAN_POINT('',(140.,108.01219330882,-88.24264068711));
#7278 = SURFACE_CURVE('',#7279,(#7283,#7290),.PCURVE_S1.);
#7279 = LINE('',#7280,#7281);
#7280 = CARTESIAN_POINT('',(140.,75.485281374239,-120.7695526217));
#7281 = VECTOR('',#7282,1.);
#7282 = DIRECTION('',(0.,-0.707106781187,-0.707106781187));
#7283 = PCURVE('',#1222,#7284);
#7284 = DEFINITIONAL_REPRESENTATION('',(#7285),#7289);
#7285 = LINE('',#7286,#7287);
#7286 = CARTESIAN_POINT('',(10.,-46.));
#7287 = VECTOR('',#7288,1.);
#7288 = DIRECTION('',(0.,1.));
#7289 = ( GEOMETRIC_REPRESENTATION_CONTEXT(2) 
PARAMETRIC_REPRESENTATION_CONTEXT() REPRESENTATION_CONTEXT('2D SPACE',''
  ) );
#7290 = PCURVE('',#7291,#7296);
#7291 = PLANE('',#7292);
#7292 = AXIS2_PLACEMENT_3D('',#7293,#7294,#7295);
#7293 = CARTESIAN_POINT('',(130.9,108.01219330882,-88.24264068711));
#7294 = DIRECTION('',(0.,-0.707106781187,0.707106781187));
#7295 = DIRECTION('',(0.,0.707106781187,0.707106781187));
#7296 = DEFINITIONAL_REPRESENTATION('',(#7297),#7301);
#7297 = LINE('',#7298,#7299);
#7298 = CARTESIAN_POINT('',(-46.,-9.1));
#7299 = VECTOR('',#7300,1.);
#7300 = DIRECTION('',(-1.,-0.));
#7301 = ( GEOMETRIC_REPRESENTATION_CONTEXT(2) 
PARAMETRIC_REPRESENTATION_CONTEXT() REPRESENTATION_CONTEXT('2D SPACE',''
  ) );
#7302 = ORIENTED_EDGE('',*,*,#7303,.T.);
#7303 = EDGE_CURVE('',#7276,#7304,#7306,.T.);
#7304 = VERTEX_POINT('',#7305);
#7305 = CARTESIAN_POINT('',(140.,99.526911934581,-79.75735931288));
#7306 = SURFACE_CURVE('',#7307,(#7311,#7318),.PCURVE_S1.);
#7307 = LINE('',#7308,#7309);
#7308 = CARTESIAN_POINT('',(140.,107.30508652763,-87.53553390593));
#7309 = VECTOR('',#7310,1.);
#7310 = DIRECTION('',(0.,-0.707106781187,0.707106781187));
#7311 = PCURVE('',#1222,#7312);
#7312 = DEFINITIONAL_REPRESENTATION('',(#7313),#7317);
#7313 = LINE('',#7314,#7315);
#7314 = CARTESIAN_POINT('',(11.,-92.));
#7315 = VECTOR('',#7316,1.);
#7316 = DIRECTION('',(1.,0.));
#7317 = ( GEOMETRIC_REPRESENTATION_CONTEXT(2) 
PARAMETRIC_REPRESENTATION_CONTEXT() REPRESENTATION_CONTEXT('2D SPACE',''
  ) );
#7318 = PCURVE('',#7319,#7324);
#7319 = PLANE('',#7320);
#7320 = AXIS2_PLACEMENT_3D('',#7321,#7322,#7323);
#7321 = CARTESIAN_POINT('',(130.9,99.526911934581,-79.75735931288));
#7322 = DIRECTION('',(0.,0.707106781187,0.707106781187));
#7323 = DIRECTION('',(0.,0.707106781187,-0.707106781187));
#7324 = DEFINITIONAL_REPRESENTATION('',(#7325),#7329);
#7325 = LINE('',#7326,#7327);
#7326 = CARTESIAN_POINT('',(11.,-9.1));
#7327 = VECTOR('',#7328,1.);
#7328 = DIRECTION('',(-1.,0.));
#7329 = ( GEOMETRIC_REPRESENTATION_CONTEXT(2) 
PARAMETRIC_REPRESENTATION_CONTEXT() REPRESENTATION_CONTEXT('2D SPACE',''
  ) );
#7330 = ORIENTED_EDGE('',*,*,#7331,.T.);
#7331 = EDGE_CURVE('',#7304,#7332,#7334,.T.);
#7332 = VERTEX_POINT('',#7333);
#7333 = CARTESIAN_POINT('',(140.,99.526911934581,-71.27207793864));
#7334 = SURFACE_CURVE('',#7335,(#7339,#7346),.PCURVE_S1.);
#7335 = LINE('',#7336,#7337);
#7336 = CARTESIAN_POINT('',(140.,99.526911934581,-115.8198051533));
#7337 = VECTOR('',#7338,1.);
#7338 = DIRECTION('',(0.,1.110223024625E-16,1.));
#7339 = PCURVE('',#1222,#7340);
#7340 = DEFINITIONAL_REPRESENTATION('',(#7341),#7345);
#7341 = LINE('',#7342,#7343);
#7342 = CARTESIAN_POINT('',(-3.5,-66.5));
#7343 = VECTOR('',#7344,1.);
#7344 = DIRECTION('',(0.707106781187,-0.707106781187));
#7345 = ( GEOMETRIC_REPRESENTATION_CONTEXT(2) 
PARAMETRIC_REPRESENTATION_CONTEXT() REPRESENTATION_CONTEXT('2D SPACE',''
  ) );
#7346 = PCURVE('',#7347,#7352);
#7347 = PLANE('',#7348);
#7348 = AXIS2_PLACEMENT_3D('',#7349,#7350,#7351);
#7349 = CARTESIAN_POINT('',(130.9,99.526911934581,-71.27207793864));
#7350 = DIRECTION('',(0.,1.,-1.110223024625E-16));
#7351 = DIRECTION('',(0.,-1.110223024625E-16,-1.));
#7352 = DEFINITIONAL_REPRESENTATION('',(#7353),#7357);
#7353 = LINE('',#7354,#7355);
#7354 = CARTESIAN_POINT('',(44.547727214752,-9.1));
#7355 = VECTOR('',#7356,1.);
#7356 = DIRECTION('',(-1.,0.));
#7357 = ( GEOMETRIC_REPRESENTATION_CONTEXT(2) 
PARAMETRIC_REPRESENTATION_CONTEXT() REPRESENTATION_CONTEXT('2D SPACE',''
  ) );
#7358 = ORIENTED_EDGE('',*,*,#7359,.T.);
#7359 = EDGE_CURVE('',#7332,#7360,#7362,.T.);
#7360 = VERTEX_POINT('',#7361);
#7361 = CARTESIAN_POINT('',(140.,102.35533905932,-68.44365081389));
#7362 = SURFACE_CURVE('',#7363,(#7367,#7374),.PCURVE_S1.);
#7363 = LINE('',#7364,#7365);
#7364 = CARTESIAN_POINT('',(140.,66.292893218813,-104.5060966544));
#7365 = VECTOR('',#7366,1.);
#7366 = DIRECTION('',(0.,0.707106781187,0.707106781187));
#7367 = PCURVE('',#1222,#7368);
#7368 = DEFINITIONAL_REPRESENTATION('',(#7369),#7373);
#7369 = LINE('',#7370,#7371);
#7370 = CARTESIAN_POINT('',(28.,-51.));
#7371 = VECTOR('',#7372,1.);
#7372 = DIRECTION('',(0.,-1.));
#7373 = ( GEOMETRIC_REPRESENTATION_CONTEXT(2) 
PARAMETRIC_REPRESENTATION_CONTEXT() REPRESENTATION_CONTEXT('2D SPACE',''
  ) );
#7374 = PCURVE('',#7375,#7380);
#7375 = PLANE('',#7376);
#7376 = AXIS2_PLACEMENT_3D('',#7377,#7378,#7379);
#7377 = CARTESIAN_POINT('',(130.9,102.35533905932,-68.44365081389));
#7378 = DIRECTION('',(0.,0.707106781187,-0.707106781187));
#7379 = DIRECTION('',(0.,-0.707106781187,-0.707106781187));
#7380 = DEFINITIONAL_REPRESENTATION('',(#7381),#7385);
#7381 = LINE('',#7382,#7383);
#7382 = CARTESIAN_POINT('',(51.,-9.1));
#7383 = VECTOR('',#7384,1.);
#7384 = DIRECTION('',(-1.,0.));
#7385 = ( GEOMETRIC_REPRESENTATION_CONTEXT(2) 
PARAMETRIC_REPRESENTATION_CONTEXT() REPRESENTATION_CONTEXT('2D SPACE',''
  ) );
#7386 = ORIENTED_EDGE('',*,*,#7387,.T.);
#7387 = EDGE_CURVE('',#7360,#7246,#7388,.T.);
#7388 = SURFACE_CURVE('',#7389,(#7393,#7400),.PCURVE_S1.);
#7389 = LINE('',#7390,#7391);
#7390 = CARTESIAN_POINT('',(140.,80.435028842544,-68.44365081389));
#7391 = VECTOR('',#7392,1.);
#7392 = DIRECTION('',(0.,1.,-1.110223024625E-16));
#7393 = PCURVE('',#1222,#7394);
#7394 = DEFINITIONAL_REPRESENTATION('',(#7395),#7399);
#7395 = LINE('',#7396,#7397);
#7396 = CARTESIAN_POINT('',(43.5,-86.5));
#7397 = VECTOR('',#7398,1.);
#7398 = DIRECTION('',(-0.707106781187,-0.707106781187));
#7399 = ( GEOMETRIC_REPRESENTATION_CONTEXT(2) 
PARAMETRIC_REPRESENTATION_CONTEXT() REPRESENTATION_CONTEXT('2D SPACE',''
  ) );
#7400 = PCURVE('',#7401,#7406);
#7401 = PLANE('',#7402);
#7402 = AXIS2_PLACEMENT_3D('',#7403,#7404,#7405);
#7403 = CARTESIAN_POINT('',(130.9,110.84062043356,-68.44365081389));
#7404 = DIRECTION('',(0.,-1.110223024625E-16,-1.));
#7405 = DIRECTION('',(0.,-1.,1.110223024625E-16));
#7406 = DEFINITIONAL_REPRESENTATION('',(#7407),#7411);
#7407 = LINE('',#7408,#7409);
#7408 = CARTESIAN_POINT('',(30.405591591022,-9.1));
#7409 = VECTOR('',#7410,1.);
#7410 = DIRECTION('',(-1.,-0.));
#7411 = ( GEOMETRIC_REPRESENTATION_CONTEXT(2) 
PARAMETRIC_REPRESENTATION_CONTEXT() REPRESENTATION_CONTEXT('2D SPACE',''
  ) );
#7412 = FACE_BOUND('',#7413,.T.);
#7413 = EDGE_LOOP('',(#7414,#7444,#7472,#7500,#7528,#7556));
#7414 = ORIENTED_EDGE('',*,*,#7415,.T.);
#7415 = EDGE_CURVE('',#7416,#7418,#7420,.T.);
#7416 = VERTEX_POINT('',#7417);
#7417 = CARTESIAN_POINT('',(140.,96.698484809835,-82.58578643762));
#7418 = VERTEX_POINT('',#7419);
#7419 = CARTESIAN_POINT('',(140.,105.18376618407,-91.07106781186));
#7420 = SURFACE_CURVE('',#7421,(#7425,#7432),.PCURVE_S1.);
#7421 = LINE('',#7422,#7423);
#7422 = CARTESIAN_POINT('',(140.,108.71930009,-94.60660171779));
#7423 = VECTOR('',#7424,1.);
#7424 = DIRECTION('',(0.,0.707106781187,-0.707106781187));
#7425 = PCURVE('',#1222,#7426);
#7426 = DEFINITIONAL_REPRESENTATION('',(#7427),#7431);
#7427 = LINE('',#7428,#7429);
#7428 = CARTESIAN_POINT('',(5.,-88.));
#7429 = VECTOR('',#7430,1.);
#7430 = DIRECTION('',(-1.,0.));
#7431 = ( GEOMETRIC_REPRESENTATION_CONTEXT(2) 
PARAMETRIC_REPRESENTATION_CONTEXT() REPRESENTATION_CONTEXT('2D SPACE',''
  ) );
#7432 = PCURVE('',#7433,#7438);
#7433 = PLANE('',#7434);
#7434 = AXIS2_PLACEMENT_3D('',#7435,#7436,#7437);
#7435 = CARTESIAN_POINT('',(130.9,105.18376618407,-91.07106781186));
#7436 = DIRECTION('',(0.,-0.707106781187,-0.707106781187));
#7437 = DIRECTION('',(0.,-0.707106781187,0.707106781187));
#7438 = DEFINITIONAL_REPRESENTATION('',(#7439),#7443);
#7439 = LINE('',#7440,#7441);
#7440 = CARTESIAN_POINT('',(-5.,-9.1));
#7441 = VECTOR('',#7442,1.);
#7442 = DIRECTION('',(-1.,0.));
#7443 = ( GEOMETRIC_REPRESENTATION_CONTEXT(2) 
PARAMETRIC_REPRESENTATION_CONTEXT() REPRESENTATION_CONTEXT('2D SPACE',''
  ) );
#7444 = ORIENTED_EDGE('',*,*,#7445,.T.);
#7445 = EDGE_CURVE('',#7418,#7446,#7448,.T.);
#7446 = VERTEX_POINT('',#7447);
#7447 = CARTESIAN_POINT('',(140.,93.870057685089,-102.3847763108));
#7448 = SURFACE_CURVE('',#7449,(#7453,#7460),.PCURVE_S1.);
#7449 = LINE('',#7450,#7451);
#7450 = CARTESIAN_POINT('',(140.,68.414213562373,-127.8406204335));
#7451 = VECTOR('',#7452,1.);
#7452 = DIRECTION('',(0.,-0.707106781187,-0.707106781187));
#7453 = PCURVE('',#1222,#7454);
#7454 = DEFINITIONAL_REPRESENTATION('',(#7455),#7459);
#7455 = LINE('',#7456,#7457);
#7456 = CARTESIAN_POINT('',(10.,-36.));
#7457 = VECTOR('',#7458,1.);
#7458 = DIRECTION('',(0.,1.));
#7459 = ( GEOMETRIC_REPRESENTATION_CONTEXT(2) 
PARAMETRIC_REPRESENTATION_CONTEXT() REPRESENTATION_CONTEXT('2D SPACE',''
  ) );
#7460 = PCURVE('',#7461,#7466);
#7461 = PLANE('',#7462);
#7462 = AXIS2_PLACEMENT_3D('',#7463,#7464,#7465);
#7463 = CARTESIAN_POINT('',(130.9,93.870057685089,-102.3847763108));
#7464 = DIRECTION('',(0.,-0.707106781187,0.707106781187));
#7465 = DIRECTION('',(0.,0.707106781187,0.707106781187));
#7466 = DEFINITIONAL_REPRESENTATION('',(#7467),#7471);
#7467 = LINE('',#7468,#7469);
#7468 = CARTESIAN_POINT('',(-36.,-9.1));
#7469 = VECTOR('',#7470,1.);
#7470 = DIRECTION('',(-1.,-0.));
#7471 = ( GEOMETRIC_REPRESENTATION_CONTEXT(2) 
PARAMETRIC_REPRESENTATION_CONTEXT() REPRESENTATION_CONTEXT('2D SPACE',''
  ) );
#7472 = ORIENTED_EDGE('',*,*,#7473,.T.);
#7473 = EDGE_CURVE('',#7446,#7474,#7476,.T.);
#7474 = VERTEX_POINT('',#7475);
#7475 = CARTESIAN_POINT('',(140.,85.38477631085,-93.89949493661));
#7476 = SURFACE_CURVE('',#7477,(#7481,#7488),.PCURVE_S1.);
#7477 = LINE('',#7478,#7479);
#7478 = CARTESIAN_POINT('',(140.,93.162950903902,-101.6776695296));
#7479 = VECTOR('',#7480,1.);
#7480 = DIRECTION('',(0.,-0.707106781187,0.707106781187));
#7481 = PCURVE('',#1222,#7482);
#7482 = DEFINITIONAL_REPRESENTATION('',(#7483),#7487);
#7483 = LINE('',#7484,#7485);
#7484 = CARTESIAN_POINT('',(11.,-72.));
#7485 = VECTOR('',#7486,1.);
#7486 = DIRECTION('',(1.,0.));
#7487 = ( GEOMETRIC_REPRESENTATION_CONTEXT(2) 
PARAMETRIC_REPRESENTATION_CONTEXT() REPRESENTATION_CONTEXT('2D SPACE',''
  ) );
#7488 = PCURVE('',#7489,#7494);
#7489 = PLANE('',#7490);
#7490 = AXIS2_PLACEMENT_3D('',#7491,#7492,#7493);
#7491 = CARTESIAN_POINT('',(130.9,85.38477631085,-93.89949493661));
#7492 = DIRECTION('',(0.,0.707106781187,0.707106781187));
#7493 = DIRECTION('',(0.,0.707106781187,-0.707106781187));
#7494 = DEFINITIONAL_REPRESENTATION('',(#7495),#7499);
#7495 = LINE('',#7496,#7497);
#7496 = CARTESIAN_POINT('',(11.,-9.1));
#7497 = VECTOR('',#7498,1.);
#7498 = DIRECTION('',(-1.,0.));
#7499 = ( GEOMETRIC_REPRESENTATION_CONTEXT(2) 
PARAMETRIC_REPRESENTATION_CONTEXT() REPRESENTATION_CONTEXT('2D SPACE',''
  ) );
#7500 = ORIENTED_EDGE('',*,*,#7501,.T.);
#7501 = EDGE_CURVE('',#7474,#7502,#7504,.T.);
#7502 = VERTEX_POINT('',#7503);
#7503 = CARTESIAN_POINT('',(140.,85.38477631085,-85.41421356237));
#7504 = SURFACE_CURVE('',#7505,(#7509,#7516),.PCURVE_S1.);
#7505 = LINE('',#7506,#7507);
#7506 = CARTESIAN_POINT('',(140.,85.38477631085,-122.8908729652));
#7507 = VECTOR('',#7508,1.);
#7508 = DIRECTION('',(0.,1.110223024625E-16,1.));
#7509 = PCURVE('',#1222,#7510);
#7510 = DEFINITIONAL_REPRESENTATION('',(#7511),#7515);
#7511 = LINE('',#7512,#7513);
#7512 = CARTESIAN_POINT('',(1.5,-51.5));
#7513 = VECTOR('',#7514,1.);
#7514 = DIRECTION('',(0.707106781187,-0.707106781187));
#7515 = ( GEOMETRIC_REPRESENTATION_CONTEXT(2) 
PARAMETRIC_REPRESENTATION_CONTEXT() REPRESENTATION_CONTEXT('2D SPACE',''
  ) );
#7516 = PCURVE('',#7517,#7522);
#7517 = PLANE('',#7518);
#7518 = AXIS2_PLACEMENT_3D('',#7519,#7520,#7521);
#7519 = CARTESIAN_POINT('',(130.9,85.38477631085,-85.41421356237));
#7520 = DIRECTION('',(0.,1.,-1.110223024625E-16));
#7521 = DIRECTION('',(0.,-1.110223024625E-16,-1.));
#7522 = DEFINITIONAL_REPRESENTATION('',(#7523),#7527);
#7523 = LINE('',#7524,#7525);
#7524 = CARTESIAN_POINT('',(37.476659402887,-9.1));
#7525 = VECTOR('',#7526,1.);
#7526 = DIRECTION('',(-1.,0.));
#7527 = ( GEOMETRIC_REPRESENTATION_CONTEXT(2) 
PARAMETRIC_REPRESENTATION_CONTEXT() REPRESENTATION_CONTEXT('2D SPACE',''
  ) );
#7528 = ORIENTED_EDGE('',*,*,#7529,.T.);
#7529 = EDGE_CURVE('',#7502,#7530,#7532,.T.);
#7530 = VERTEX_POINT('',#7531);
#7531 = CARTESIAN_POINT('',(140.,88.213203435596,-82.58578643762));
#7532 = SURFACE_CURVE('',#7533,(#7537,#7544),.PCURVE_S1.);
#7533 = LINE('',#7534,#7535);
#7534 = CARTESIAN_POINT('',(140.,59.221825406948,-111.5771644662));
#7535 = VECTOR('',#7536,1.);
#7536 = DIRECTION('',(0.,0.707106781187,0.707106781187));
#7537 = PCURVE('',#1222,#7538);
#7538 = DEFINITIONAL_REPRESENTATION('',(#7539),#7543);
#7539 = LINE('',#7540,#7541);
#7540 = CARTESIAN_POINT('',(28.,-41.));
#7541 = VECTOR('',#7542,1.);
#7542 = DIRECTION('',(0.,-1.));
#7543 = ( GEOMETRIC_REPRESENTATION_CONTEXT(2) 
PARAMETRIC_REPRESENTATION_CONTEXT() REPRESENTATION_CONTEXT('2D SPACE',''
  ) );
#7544 = PCURVE('',#7545,#7550);
#7545 = PLANE('',#7546);
#7546 = AXIS2_PLACEMENT_3D('',#7547,#7548,#7549);
#7547 = CARTESIAN_POINT('',(130.9,88.213203435596,-82.58578643762));
#7548 = DIRECTION('',(0.,0.707106781187,-0.707106781187));
#7549 = DIRECTION('',(0.,-0.707106781187,-0.707106781187));
#7550 = DEFINITIONAL_REPRESENTATION('',(#7551),#7555);
#7551 = LINE('',#7552,#7553);
#7552 = CARTESIAN_POINT('',(41.,-9.1));
#7553 = VECTOR('',#7554,1.);
#7554 = DIRECTION('',(-1.,0.));
#7555 = ( GEOMETRIC_REPRESENTATION_CONTEXT(2) 
PARAMETRIC_REPRESENTATION_CONTEXT() REPRESENTATION_CONTEXT('2D SPACE',''
  ) );
#7556 = ORIENTED_EDGE('',*,*,#7557,.T.);
#7557 = EDGE_CURVE('',#7530,#7416,#7558,.T.);
#7558 = SURFACE_CURVE('',#7559,(#7563,#7570),.PCURVE_S1.);
#7559 = LINE('',#7560,#7561);
#7560 = CARTESIAN_POINT('',(140.,73.363961030679,-82.58578643762));
#7561 = VECTOR('',#7562,1.);
#7562 = DIRECTION('',(0.,1.,-1.110223024625E-16));
#7563 = PCURVE('',#1222,#7564);
#7564 = DEFINITIONAL_REPRESENTATION('',(#7565),#7569);
#7565 = LINE('',#7566,#7567);
#7566 = CARTESIAN_POINT('',(38.5,-71.5));
#7567 = VECTOR('',#7568,1.);
#7568 = DIRECTION('',(-0.707106781187,-0.707106781187));
#7569 = ( GEOMETRIC_REPRESENTATION_CONTEXT(2) 
PARAMETRIC_REPRESENTATION_CONTEXT() REPRESENTATION_CONTEXT('2D SPACE',''
  ) );
#7570 = PCURVE('',#7571,#7576);
#7571 = PLANE('',#7572);
#7572 = AXIS2_PLACEMENT_3D('',#7573,#7574,#7575);
#7573 = CARTESIAN_POINT('',(130.9,96.698484809835,-82.58578643762));
#7574 = DIRECTION('',(0.,-1.110223024625E-16,-1.));
#7575 = DIRECTION('',(0.,-1.,1.110223024625E-16));
#7576 = DEFINITIONAL_REPRESENTATION('',(#7577),#7581);
#7577 = LINE('',#7578,#7579);
#7578 = CARTESIAN_POINT('',(23.334523779156,-9.1));
#7579 = VECTOR('',#7580,1.);
#7580 = DIRECTION('',(-1.,-0.));
#7581 = ( GEOMETRIC_REPRESENTATION_CONTEXT(2) 
PARAMETRIC_REPRESENTATION_CONTEXT() REPRESENTATION_CONTEXT('2D SPACE',''
  ) );
#7582 = FACE_BOUND('',#7583,.T.);
#7583 = EDGE_LOOP('',(#7584,#7614,#7642,#7670,#7698,#7726));
#7584 = ORIENTED_EDGE('',*,*,#7585,.T.);
#7585 = EDGE_CURVE('',#7586,#7588,#7590,.T.);
#7586 = VERTEX_POINT('',#7587);
#7587 = CARTESIAN_POINT('',(140.,124.98275605729,-54.30151519016));
#7588 = VERTEX_POINT('',#7589);
#7589 = CARTESIAN_POINT('',(140.,133.46803743153,-62.7867965644));
#7590 = SURFACE_CURVE('',#7591,(#7595,#7602),.PCURVE_S1.);
#7591 = LINE('',#7592,#7593);
#7592 = CARTESIAN_POINT('',(140.,137.00357133746,-66.32233047033));
#7593 = VECTOR('',#7594,1.);
#7594 = DIRECTION('',(0.,0.707106781187,-0.707106781187));
#7595 = PCURVE('',#1222,#7596);
#7596 = DEFINITIONAL_REPRESENTATION('',(#7597),#7601);
#7597 = LINE('',#7598,#7599);
#7598 = CARTESIAN_POINT('',(5.,-128.));
#7599 = VECTOR('',#7600,1.);
#7600 = DIRECTION('',(-1.,0.));
#7601 = ( GEOMETRIC_REPRESENTATION_CONTEXT(2) 
PARAMETRIC_REPRESENTATION_CONTEXT() REPRESENTATION_CONTEXT('2D SPACE',''
  ) );
#7602 = PCURVE('',#7603,#7608);
#7603 = PLANE('',#7604);
#7604 = AXIS2_PLACEMENT_3D('',#7605,#7606,#7607);
#7605 = CARTESIAN_POINT('',(130.9,133.46803743153,-62.7867965644));
#7606 = DIRECTION('',(0.,-0.707106781187,-0.707106781187));
#7607 = DIRECTION('',(0.,-0.707106781187,0.707106781187));
#7608 = DEFINITIONAL_REPRESENTATION('',(#7609),#7613);
#7609 = LINE('',#7610,#7611);
#7610 = CARTESIAN_POINT('',(-5.,-9.1));
#7611 = VECTOR('',#7612,1.);
#7612 = DIRECTION('',(-1.,0.));
#7613 = ( GEOMETRIC_REPRESENTATION_CONTEXT(2) 
PARAMETRIC_REPRESENTATION_CONTEXT() REPRESENTATION_CONTEXT('2D SPACE',''
  ) );
#7614 = ORIENTED_EDGE('',*,*,#7615,.T.);
#7615 = EDGE_CURVE('',#7588,#7616,#7618,.T.);
#7616 = VERTEX_POINT('',#7617);
#7617 = CARTESIAN_POINT('',(140.,122.15432893255,-74.10050506338));
#7618 = SURFACE_CURVE('',#7619,(#7623,#7630),.PCURVE_S1.);
#7619 = LINE('',#7620,#7621);
#7620 = CARTESIAN_POINT('',(140.,82.556349186104,-113.6984848098));
#7621 = VECTOR('',#7622,1.);
#7622 = DIRECTION('',(0.,-0.707106781187,-0.707106781187));
#7623 = PCURVE('',#1222,#7624);
#7624 = DEFINITIONAL_REPRESENTATION('',(#7625),#7629);
#7625 = LINE('',#7626,#7627);
#7626 = CARTESIAN_POINT('',(10.,-56.));
#7627 = VECTOR('',#7628,1.);
#7628 = DIRECTION('',(0.,1.));
#7629 = ( GEOMETRIC_REPRESENTATION_CONTEXT(2) 
PARAMETRIC_REPRESENTATION_CONTEXT() REPRESENTATION_CONTEXT('2D SPACE',''
  ) );
#7630 = PCURVE('',#7631,#7636);
#7631 = PLANE('',#7632);
#7632 = AXIS2_PLACEMENT_3D('',#7633,#7634,#7635);
#7633 = CARTESIAN_POINT('',(130.9,122.15432893255,-74.10050506338));
#7634 = DIRECTION('',(0.,-0.707106781187,0.707106781187));
#7635 = DIRECTION('',(0.,0.707106781187,0.707106781187));
#7636 = DEFINITIONAL_REPRESENTATION('',(#7637),#7641);
#7637 = LINE('',#7638,#7639);
#7638 = CARTESIAN_POINT('',(-56.,-9.1));
#7639 = VECTOR('',#7640,1.);
#7640 = DIRECTION('',(-1.,-0.));
#7641 = ( GEOMETRIC_REPRESENTATION_CONTEXT(2) 
PARAMETRIC_REPRESENTATION_CONTEXT() REPRESENTATION_CONTEXT('2D SPACE',''
  ) );
#7642 = ORIENTED_EDGE('',*,*,#7643,.T.);
#7643 = EDGE_CURVE('',#7616,#7644,#7646,.T.);
#7644 = VERTEX_POINT('',#7645);
#7645 = CARTESIAN_POINT('',(140.,113.66904755831,-65.61522368915));
#7646 = SURFACE_CURVE('',#7647,(#7651,#7658),.PCURVE_S1.);
#7647 = LINE('',#7648,#7649);
#7648 = CARTESIAN_POINT('',(140.,121.44722215136,-73.3933982822));
#7649 = VECTOR('',#7650,1.);
#7650 = DIRECTION('',(0.,-0.707106781187,0.707106781187));
#7651 = PCURVE('',#1222,#7652);
#7652 = DEFINITIONAL_REPRESENTATION('',(#7653),#7657);
#7653 = LINE('',#7654,#7655);
#7654 = CARTESIAN_POINT('',(11.,-112.));
#7655 = VECTOR('',#7656,1.);
#7656 = DIRECTION('',(1.,0.));
#7657 = ( GEOMETRIC_REPRESENTATION_CONTEXT(2) 
PARAMETRIC_REPRESENTATION_CONTEXT() REPRESENTATION_CONTEXT('2D SPACE',''
  ) );
#7658 = PCURVE('',#7659,#7664);
#7659 = PLANE('',#7660);
#7660 = AXIS2_PLACEMENT_3D('',#7661,#7662,#7663);
#7661 = CARTESIAN_POINT('',(130.9,113.66904755831,-65.61522368915));
#7662 = DIRECTION('',(0.,0.707106781187,0.707106781187));
#7663 = DIRECTION('',(0.,0.707106781187,-0.707106781187));
#7664 = DEFINITIONAL_REPRESENTATION('',(#7665),#7669);
#7665 = LINE('',#7666,#7667);
#7666 = CARTESIAN_POINT('',(11.,-9.1));
#7667 = VECTOR('',#7668,1.);
#7668 = DIRECTION('',(-1.,0.));
#7669 = ( GEOMETRIC_REPRESENTATION_CONTEXT(2) 
PARAMETRIC_REPRESENTATION_CONTEXT() REPRESENTATION_CONTEXT('2D SPACE',''
  ) );
#7670 = ORIENTED_EDGE('',*,*,#7671,.T.);
#7671 = EDGE_CURVE('',#7644,#7672,#7674,.T.);
#7672 = VERTEX_POINT('',#7673);
#7673 = CARTESIAN_POINT('',(140.,113.66904755831,-57.12994231491));
#7674 = SURFACE_CURVE('',#7675,(#7679,#7686),.PCURVE_S1.);
#7675 = LINE('',#7676,#7677);
#7676 = CARTESIAN_POINT('',(140.,113.66904755831,-108.7487373415));
#7677 = VECTOR('',#7678,1.);
#7678 = DIRECTION('',(0.,1.110223024625E-16,1.));
#7679 = PCURVE('',#1222,#7680);
#7680 = DEFINITIONAL_REPRESENTATION('',(#7681),#7685);
#7681 = LINE('',#7682,#7683);
#7682 = CARTESIAN_POINT('',(-8.5,-81.5));
#7683 = VECTOR('',#7684,1.);
#7684 = DIRECTION('',(0.707106781187,-0.707106781187));
#7685 = ( GEOMETRIC_REPRESENTATION_CONTEXT(2) 
PARAMETRIC_REPRESENTATION_CONTEXT() REPRESENTATION_CONTEXT('2D SPACE',''
  ) );
#7686 = PCURVE('',#7687,#7692);
#7687 = PLANE('',#7688);
#7688 = AXIS2_PLACEMENT_3D('',#7689,#7690,#7691);
#7689 = CARTESIAN_POINT('',(130.9,113.66904755831,-57.12994231491));
#7690 = DIRECTION('',(0.,1.,-1.110223024625E-16));
#7691 = DIRECTION('',(0.,-1.110223024625E-16,-1.));
#7692 = DEFINITIONAL_REPRESENTATION('',(#7693),#7697);
#7693 = LINE('',#7694,#7695);
#7694 = CARTESIAN_POINT('',(51.618795026618,-9.1));
#7695 = VECTOR('',#7696,1.);
#7696 = DIRECTION('',(-1.,0.));
#7697 = ( GEOMETRIC_REPRESENTATION_CONTEXT(2) 
PARAMETRIC_REPRESENTATION_CONTEXT() REPRESENTATION_CONTEXT('2D SPACE',''
  ) );
#7698 = ORIENTED_EDGE('',*,*,#7699,.T.);
#7699 = EDGE_CURVE('',#7672,#7700,#7702,.T.);
#7700 = VERTEX_POINT('',#7701);
#7701 = CARTESIAN_POINT('',(140.,116.49747468305,-54.30151519016));
#7702 = SURFACE_CURVE('',#7703,(#7707,#7714),.PCURVE_S1.);
#7703 = LINE('',#7704,#7705);
#7704 = CARTESIAN_POINT('',(140.,73.363961030679,-97.43502884254));
#7705 = VECTOR('',#7706,1.);
#7706 = DIRECTION('',(0.,0.707106781187,0.707106781187));
#7707 = PCURVE('',#1222,#7708);
#7708 = DEFINITIONAL_REPRESENTATION('',(#7709),#7713);
#7709 = LINE('',#7710,#7711);
#7710 = CARTESIAN_POINT('',(28.,-61.));
#7711 = VECTOR('',#7712,1.);
#7712 = DIRECTION('',(0.,-1.));
#7713 = ( GEOMETRIC_REPRESENTATION_CONTEXT(2) 
PARAMETRIC_REPRESENTATION_CONTEXT() REPRESENTATION_CONTEXT('2D SPACE',''
  ) );
#7714 = PCURVE('',#7715,#7720);
#7715 = PLANE('',#7716);
#7716 = AXIS2_PLACEMENT_3D('',#7717,#7718,#7719);
#7717 = CARTESIAN_POINT('',(130.9,116.49747468305,-54.30151519016));
#7718 = DIRECTION('',(0.,0.707106781187,-0.707106781187));
#7719 = DIRECTION('',(0.,-0.707106781187,-0.707106781187));
#7720 = DEFINITIONAL_REPRESENTATION('',(#7721),#7725);
#7721 = LINE('',#7722,#7723);
#7722 = CARTESIAN_POINT('',(61.,-9.1));
#7723 = VECTOR('',#7724,1.);
#7724 = DIRECTION('',(-1.,0.));
#7725 = ( GEOMETRIC_REPRESENTATION_CONTEXT(2) 
PARAMETRIC_REPRESENTATION_CONTEXT() REPRESENTATION_CONTEXT('2D SPACE',''
  ) );
#7726 = ORIENTED_EDGE('',*,*,#7727,.T.);
#7727 = EDGE_CURVE('',#7700,#7586,#7728,.T.);
#7728 = SURFACE_CURVE('',#7729,(#7733,#7740),.PCURVE_S1.);
#7729 = LINE('',#7730,#7731);
#7730 = CARTESIAN_POINT('',(140.,87.50609665441,-54.30151519016));
#7731 = VECTOR('',#7732,1.);
#7732 = DIRECTION('',(0.,1.,-1.110223024625E-16));
#7733 = PCURVE('',#1222,#7734);
#7734 = DEFINITIONAL_REPRESENTATION('',(#7735),#7739);
#7735 = LINE('',#7736,#7737);
#7736 = CARTESIAN_POINT('',(48.5,-101.5));
#7737 = VECTOR('',#7738,1.);
#7738 = DIRECTION('',(-0.707106781187,-0.707106781187));
#7739 = ( GEOMETRIC_REPRESENTATION_CONTEXT(2) 
PARAMETRIC_REPRESENTATION_CONTEXT() REPRESENTATION_CONTEXT('2D SPACE',''
  ) );
#7740 = PCURVE('',#7741,#7746);
#7741 = PLANE('',#7742);
#7742 = AXIS2_PLACEMENT_3D('',#7743,#7744,#7745);
#7743 = CARTESIAN_POINT('',(130.9,124.98275605729,-54.30151519016));
#7744 = DIRECTION('',(0.,-1.110223024625E-16,-1.));
#7745 = DIRECTION('',(0.,-1.,1.110223024625E-16));
#7746 = DEFINITIONAL_REPRESENTATION('',(#7747),#7751);
#7747 = LINE('',#7748,#7749);
#7748 = CARTESIAN_POINT('',(37.476659402887,-9.1));
#7749 = VECTOR('',#7750,1.);
#7750 = DIRECTION('',(-1.,-0.));
#7751 = ( GEOMETRIC_REPRESENTATION_CONTEXT(2) 
PARAMETRIC_REPRESENTATION_CONTEXT() REPRESENTATION_CONTEXT('2D SPACE',''
  ) );
#7752 = FACE_BOUND('',#7753,.T.);
#7753 = EDGE_LOOP('',(#7754,#7784,#7812,#7840,#7868,#7896));
#7754 = ORIENTED_EDGE('',*,*,#7755,.T.);
#7755 = EDGE_CURVE('',#7756,#7758,#7760,.T.);
#7756 = VERTEX_POINT('',#7757);
#7757 = CARTESIAN_POINT('',(140.,82.556349186104,-96.72792206135));
#7758 = VERTEX_POINT('',#7759);
#7759 = CARTESIAN_POINT('',(140.,91.041630560343,-105.2132034355));
#7760 = SURFACE_CURVE('',#7761,(#7765,#7772),.PCURVE_S1.);
#7761 = LINE('',#7762,#7763);
#7762 = CARTESIAN_POINT('',(140.,94.577164466275,-108.7487373415));
#7763 = VECTOR('',#7764,1.);
#7764 = DIRECTION('',(0.,0.707106781187,-0.707106781187));
#7765 = PCURVE('',#1222,#7766);
#7766 = DEFINITIONAL_REPRESENTATION('',(#7767),#7771);
#7767 = LINE('',#7768,#7769);
#7768 = CARTESIAN_POINT('',(5.,-68.));
#7769 = VECTOR('',#7770,1.);
#7770 = DIRECTION('',(-1.,0.));
#7771 = ( GEOMETRIC_REPRESENTATION_CONTEXT(2) 
PARAMETRIC_REPRESENTATION_CONTEXT() REPRESENTATION_CONTEXT('2D SPACE',''
  ) );
#7772 = PCURVE('',#7773,#7778);
#7773 = PLANE('',#7774);
#7774 = AXIS2_PLACEMENT_3D('',#7775,#7776,#7777);
#7775 = CARTESIAN_POINT('',(130.9,91.041630560343,-105.2132034355));
#7776 = DIRECTION('',(0.,-0.707106781187,-0.707106781187));
#7777 = DIRECTION('',(0.,-0.707106781187,0.707106781187));
#7778 = DEFINITIONAL_REPRESENTATION('',(#7779),#7783);
#7779 = LINE('',#7780,#7781);
#7780 = CARTESIAN_POINT('',(-5.,-9.1));
#7781 = VECTOR('',#7782,1.);
#7782 = DIRECTION('',(-1.,0.));
#7783 = ( GEOMETRIC_REPRESENTATION_CONTEXT(2) 
PARAMETRIC_REPRESENTATION_CONTEXT() REPRESENTATION_CONTEXT('2D SPACE',''
  ) );
#7784 = ORIENTED_EDGE('',*,*,#7785,.T.);
#7785 = EDGE_CURVE('',#7758,#7786,#7788,.T.);
#7786 = VERTEX_POINT('',#7787);
#7787 = CARTESIAN_POINT('',(140.,79.727922061358,-116.5269119345));
#7788 = SURFACE_CURVE('',#7789,(#7793,#7800),.PCURVE_S1.);
#7789 = LINE('',#7790,#7791);
#7790 = CARTESIAN_POINT('',(140.,61.343145750508,-134.9116882454));
#7791 = VECTOR('',#7792,1.);
#7792 = DIRECTION('',(0.,-0.707106781187,-0.707106781187));
#7793 = PCURVE('',#1222,#7794);
#7794 = DEFINITIONAL_REPRESENTATION('',(#7795),#7799);
#7795 = LINE('',#7796,#7797);
#7796 = CARTESIAN_POINT('',(10.,-26.));
#7797 = VECTOR('',#7798,1.);
#7798 = DIRECTION('',(0.,1.));
#7799 = ( GEOMETRIC_REPRESENTATION_CONTEXT(2) 
PARAMETRIC_REPRESENTATION_CONTEXT() REPRESENTATION_CONTEXT('2D SPACE',''
  ) );
#7800 = PCURVE('',#7801,#7806);
#7801 = PLANE('',#7802);
#7802 = AXIS2_PLACEMENT_3D('',#7803,#7804,#7805);
#7803 = CARTESIAN_POINT('',(130.9,79.727922061358,-116.5269119345));
#7804 = DIRECTION('',(0.,-0.707106781187,0.707106781187));
#7805 = DIRECTION('',(0.,0.707106781187,0.707106781187));
#7806 = DEFINITIONAL_REPRESENTATION('',(#7807),#7811);
#7807 = LINE('',#7808,#7809);
#7808 = CARTESIAN_POINT('',(-26.,-9.1));
#7809 = VECTOR('',#7810,1.);
#7810 = DIRECTION('',(-1.,-0.));
#7811 = ( GEOMETRIC_REPRESENTATION_CONTEXT(2) 
PARAMETRIC_REPRESENTATION_CONTEXT() REPRESENTATION_CONTEXT('2D SPACE',''
  ) );
#7812 = ORIENTED_EDGE('',*,*,#7813,.T.);
#7813 = EDGE_CURVE('',#7786,#7814,#7816,.T.);
#7814 = VERTEX_POINT('',#7815);
#7815 = CARTESIAN_POINT('',(140.,71.242640687119,-108.0416305603));
#7816 = SURFACE_CURVE('',#7817,(#7821,#7828),.PCURVE_S1.);
#7817 = LINE('',#7818,#7819);
#7818 = CARTESIAN_POINT('',(140.,79.020815280171,-115.8198051533));
#7819 = VECTOR('',#7820,1.);
#7820 = DIRECTION('',(0.,-0.707106781187,0.707106781187));
#7821 = PCURVE('',#1222,#7822);
#7822 = DEFINITIONAL_REPRESENTATION('',(#7823),#7827);
#7823 = LINE('',#7824,#7825);
#7824 = CARTESIAN_POINT('',(11.,-52.));
#7825 = VECTOR('',#7826,1.);
#7826 = DIRECTION('',(1.,0.));
#7827 = ( GEOMETRIC_REPRESENTATION_CONTEXT(2) 
PARAMETRIC_REPRESENTATION_CONTEXT() REPRESENTATION_CONTEXT('2D SPACE',''
  ) );
#7828 = PCURVE('',#7829,#7834);
#7829 = PLANE('',#7830);
#7830 = AXIS2_PLACEMENT_3D('',#7831,#7832,#7833);
#7831 = CARTESIAN_POINT('',(130.9,71.242640687119,-108.0416305603));
#7832 = DIRECTION('',(0.,0.707106781187,0.707106781187));
#7833 = DIRECTION('',(0.,0.707106781187,-0.707106781187));
#7834 = DEFINITIONAL_REPRESENTATION('',(#7835),#7839);
#7835 = LINE('',#7836,#7837);
#7836 = CARTESIAN_POINT('',(11.,-9.1));
#7837 = VECTOR('',#7838,1.);
#7838 = DIRECTION('',(-1.,0.));
#7839 = ( GEOMETRIC_REPRESENTATION_CONTEXT(2) 
PARAMETRIC_REPRESENTATION_CONTEXT() REPRESENTATION_CONTEXT('2D SPACE',''
  ) );
#7840 = ORIENTED_EDGE('',*,*,#7841,.T.);
#7841 = EDGE_CURVE('',#7814,#7842,#7844,.T.);
#7842 = VERTEX_POINT('',#7843);
#7843 = CARTESIAN_POINT('',(140.,71.242640687119,-99.5563491861));
#7844 = SURFACE_CURVE('',#7845,(#7849,#7856),.PCURVE_S1.);
#7845 = LINE('',#7846,#7847);
#7846 = CARTESIAN_POINT('',(140.,71.242640687119,-129.9619407771));
#7847 = VECTOR('',#7848,1.);
#7848 = DIRECTION('',(0.,1.110223024625E-16,1.));
#7849 = PCURVE('',#1222,#7850);
#7850 = DEFINITIONAL_REPRESENTATION('',(#7851),#7855);
#7851 = LINE('',#7852,#7853);
#7852 = CARTESIAN_POINT('',(6.5,-36.5));
#7853 = VECTOR('',#7854,1.);
#7854 = DIRECTION('',(0.707106781187,-0.707106781187));
#7855 = ( GEOMETRIC_REPRESENTATION_CONTEXT(2) 
PARAMETRIC_REPRESENTATION_CONTEXT() REPRESENTATION_CONTEXT('2D SPACE',''
  ) );
#7856 = PCURVE('',#7857,#7862);
#7857 = PLANE('',#7858);
#7858 = AXIS2_PLACEMENT_3D('',#7859,#7860,#7861);
#7859 = CARTESIAN_POINT('',(130.9,71.242640687119,-99.5563491861));
#7860 = DIRECTION('',(0.,1.,-1.110223024625E-16));
#7861 = DIRECTION('',(0.,-1.110223024625E-16,-1.));
#7862 = DEFINITIONAL_REPRESENTATION('',(#7863),#7867);
#7863 = LINE('',#7864,#7865);
#7864 = CARTESIAN_POINT('',(30.405591591022,-9.1));
#7865 = VECTOR('',#7866,1.);
#7866 = DIRECTION('',(-1.,0.));
#7867 = ( GEOMETRIC_REPRESENTATION_CONTEXT(2) 
PARAMETRIC_REPRESENTATION_CONTEXT() REPRESENTATION_CONTEXT('2D SPACE',''
  ) );
#7868 = ORIENTED_EDGE('',*,*,#7869,.T.);
#7869 = EDGE_CURVE('',#7842,#7870,#7872,.T.);
#7870 = VERTEX_POINT('',#7871);
#7871 = CARTESIAN_POINT('',(140.,74.071067811865,-96.72792206135));
#7872 = SURFACE_CURVE('',#7873,(#7877,#7884),.PCURVE_S1.);
#7873 = LINE('',#7874,#7875);
#7874 = CARTESIAN_POINT('',(140.,52.150757595082,-118.6482322781));
#7875 = VECTOR('',#7876,1.);
#7876 = DIRECTION('',(0.,0.707106781187,0.707106781187));
#7877 = PCURVE('',#1222,#7878);
#7878 = DEFINITIONAL_REPRESENTATION('',(#7879),#7883);
#7879 = LINE('',#7880,#7881);
#7880 = CARTESIAN_POINT('',(28.,-31.));
#7881 = VECTOR('',#7882,1.);
#7882 = DIRECTION('',(0.,-1.));
#7883 = ( GEOMETRIC_REPRESENTATION_CONTEXT(2) 
PARAMETRIC_REPRESENTATION_CONTEXT() REPRESENTATION_CONTEXT('2D SPACE',''
  ) );
#7884 = PCURVE('',#7885,#7890);
#7885 = PLANE('',#7886);
#7886 = AXIS2_PLACEMENT_3D('',#7887,#7888,#7889);
#7887 = CARTESIAN_POINT('',(130.9,74.071067811865,-96.72792206135));
#7888 = DIRECTION('',(0.,0.707106781187,-0.707106781187));
#7889 = DIRECTION('',(0.,-0.707106781187,-0.707106781187));
#7890 = DEFINITIONAL_REPRESENTATION('',(#7891),#7895);
#7891 = LINE('',#7892,#7893);
#7892 = CARTESIAN_POINT('',(31.,-9.1));
#7893 = VECTOR('',#7894,1.);
#7894 = DIRECTION('',(-1.,0.));
#7895 = ( GEOMETRIC_REPRESENTATION_CONTEXT(2) 
PARAMETRIC_REPRESENTATION_CONTEXT() REPRESENTATION_CONTEXT('2D SPACE',''
  ) );
#7896 = ORIENTED_EDGE('',*,*,#7897,.T.);
#7897 = EDGE_CURVE('',#7870,#7756,#7898,.T.);
#7898 = SURFACE_CURVE('',#7899,(#7903,#7910),.PCURVE_S1.);
#7899 = LINE('',#7900,#7901);
#7900 = CARTESIAN_POINT('',(140.,66.292893218813,-96.72792206135));
#7901 = VECTOR('',#7902,1.);
#7902 = DIRECTION('',(0.,1.,-1.110223024625E-16));
#7903 = PCURVE('',#1222,#7904);
#7904 = DEFINITIONAL_REPRESENTATION('',(#7905),#7909);
#7905 = LINE('',#7906,#7907);
#7906 = CARTESIAN_POINT('',(33.5,-56.5));
#7907 = VECTOR('',#7908,1.);
#7908 = DIRECTION('',(-0.707106781187,-0.707106781187));
#7909 = ( GEOMETRIC_REPRESENTATION_CONTEXT(2) 
PARAMETRIC_REPRESENTATION_CONTEXT() REPRESENTATION_CONTEXT('2D SPACE',''
  ) );
#7910 = PCURVE('',#7911,#7916);
#7911 = PLANE('',#7912);
#7912 = AXIS2_PLACEMENT_3D('',#7913,#7914,#7915);
#7913 = CARTESIAN_POINT('',(130.9,82.556349186104,-96.72792206135));
#7914 = DIRECTION('',(0.,-1.110223024625E-16,-1.));
#7915 = DIRECTION('',(0.,-1.,1.110223024625E-16));
#7916 = DEFINITIONAL_REPRESENTATION('',(#7917),#7921);
#7917 = LINE('',#7918,#7919);
#7918 = CARTESIAN_POINT('',(16.263455967291,-9.1));
#7919 = VECTOR('',#7920,1.);
#7920 = DIRECTION('',(-1.,-0.));
#7921 = ( GEOMETRIC_REPRESENTATION_CONTEXT(2) 
PARAMETRIC_REPRESENTATION_CONTEXT() REPRESENTATION_CONTEXT('2D SPACE',''
  ) );
#7922 = FACE_BOUND('',#7923,.T.);
#7923 = EDGE_LOOP('',(#7924,#7954,#7982,#8010,#8038,#8066));
#7924 = ORIENTED_EDGE('',*,*,#7925,.T.);
#7925 = EDGE_CURVE('',#7926,#7928,#7930,.T.);
#7926 = VERTEX_POINT('',#7927);
#7927 = CARTESIAN_POINT('',(140.,68.414213562373,-110.870057685));
#7928 = VERTEX_POINT('',#7929);
#7929 = CARTESIAN_POINT('',(140.,76.899494936612,-119.3553390593));
#7930 = SURFACE_CURVE('',#7931,(#7935,#7942),.PCURVE_S1.);
#7931 = LINE('',#7932,#7933);
#7932 = CARTESIAN_POINT('',(140.,80.435028842544,-122.8908729652));
#7933 = VECTOR('',#7934,1.);
#7934 = DIRECTION('',(0.,0.707106781187,-0.707106781187));
#7935 = PCURVE('',#1222,#7936);
#7936 = DEFINITIONAL_REPRESENTATION('',(#7937),#7941);
#7937 = LINE('',#7938,#7939);
#7938 = CARTESIAN_POINT('',(5.,-48.));
#7939 = VECTOR('',#7940,1.);
#7940 = DIRECTION('',(-1.,0.));
#7941 = ( GEOMETRIC_REPRESENTATION_CONTEXT(2) 
PARAMETRIC_REPRESENTATION_CONTEXT() REPRESENTATION_CONTEXT('2D SPACE',''
  ) );
#7942 = PCURVE('',#7943,#7948);
#7943 = PLANE('',#7944);
#7944 = AXIS2_PLACEMENT_3D('',#7945,#7946,#7947);
#7945 = CARTESIAN_POINT('',(130.9,76.899494936612,-119.3553390593));
#7946 = DIRECTION('',(0.,-0.707106781187,-0.707106781187));
#7947 = DIRECTION('',(0.,-0.707106781187,0.707106781187));
#7948 = DEFINITIONAL_REPRESENTATION('',(#7949),#7953);
#7949 = LINE('',#7950,#7951);
#7950 = CARTESIAN_POINT('',(-5.,-9.1));
#7951 = VECTOR('',#7952,1.);
#7952 = DIRECTION('',(-1.,0.));
#7953 = ( GEOMETRIC_REPRESENTATION_CONTEXT(2) 
PARAMETRIC_REPRESENTATION_CONTEXT() REPRESENTATION_CONTEXT('2D SPACE',''
  ) );
#7954 = ORIENTED_EDGE('',*,*,#7955,.T.);
#7955 = EDGE_CURVE('',#7928,#7956,#7958,.T.);
#7956 = VERTEX_POINT('',#7957);
#7957 = CARTESIAN_POINT('',(140.,65.585786437627,-130.6690475583));
#7958 = SURFACE_CURVE('',#7959,(#7963,#7970),.PCURVE_S1.);
#7959 = LINE('',#7960,#7961);
#7960 = CARTESIAN_POINT('',(140.,54.272077938642,-141.9827560572));
#7961 = VECTOR('',#7962,1.);
#7962 = DIRECTION('',(0.,-0.707106781187,-0.707106781187));
#7963 = PCURVE('',#1222,#7964);
#7964 = DEFINITIONAL_REPRESENTATION('',(#7965),#7969);
#7965 = LINE('',#7966,#7967);
#7966 = CARTESIAN_POINT('',(10.,-16.));
#7967 = VECTOR('',#7968,1.);
#7968 = DIRECTION('',(0.,1.));
#7969 = ( GEOMETRIC_REPRESENTATION_CONTEXT(2) 
PARAMETRIC_REPRESENTATION_CONTEXT() REPRESENTATION_CONTEXT('2D SPACE',''
  ) );
#7970 = PCURVE('',#7971,#7976);
#7971 = PLANE('',#7972);
#7972 = AXIS2_PLACEMENT_3D('',#7973,#7974,#7975);
#7973 = CARTESIAN_POINT('',(130.9,65.585786437627,-130.6690475583));
#7974 = DIRECTION('',(0.,-0.707106781187,0.707106781187));
#7975 = DIRECTION('',(0.,0.707106781187,0.707106781187));
#7976 = DEFINITIONAL_REPRESENTATION('',(#7977),#7981);
#7977 = LINE('',#7978,#7979);
#7978 = CARTESIAN_POINT('',(-16.,-9.1));
#7979 = VECTOR('',#7980,1.);
#7980 = DIRECTION('',(-1.,-0.));
#7981 = ( GEOMETRIC_REPRESENTATION_CONTEXT(2) 
PARAMETRIC_REPRESENTATION_CONTEXT() REPRESENTATION_CONTEXT('2D SPACE',''
  ) );
#7982 = ORIENTED_EDGE('',*,*,#7983,.T.);
#7983 = EDGE_CURVE('',#7956,#7984,#7986,.T.);
#7984 = VERTEX_POINT('',#7985);
#7985 = CARTESIAN_POINT('',(140.,57.100505063388,-122.183766184));
#7986 = SURFACE_CURVE('',#7987,(#7991,#7998),.PCURVE_S1.);
#7987 = LINE('',#7988,#7989);
#7988 = CARTESIAN_POINT('',(140.,64.87867965644,-129.9619407771));
#7989 = VECTOR('',#7990,1.);
#7990 = DIRECTION('',(0.,-0.707106781187,0.707106781187));
#7991 = PCURVE('',#1222,#7992);
#7992 = DEFINITIONAL_REPRESENTATION('',(#7993),#7997);
#7993 = LINE('',#7994,#7995);
#7994 = CARTESIAN_POINT('',(11.,-32.));
#7995 = VECTOR('',#7996,1.);
#7996 = DIRECTION('',(1.,0.));
#7997 = ( GEOMETRIC_REPRESENTATION_CONTEXT(2) 
PARAMETRIC_REPRESENTATION_CONTEXT() REPRESENTATION_CONTEXT('2D SPACE',''
  ) );
#7998 = PCURVE('',#7999,#8004);
#7999 = PLANE('',#8000);
#8000 = AXIS2_PLACEMENT_3D('',#8001,#8002,#8003);
#8001 = CARTESIAN_POINT('',(130.9,57.100505063388,-122.183766184));
#8002 = DIRECTION('',(0.,0.707106781187,0.707106781187));
#8003 = DIRECTION('',(0.,0.707106781187,-0.707106781187));
#8004 = DEFINITIONAL_REPRESENTATION('',(#8005),#8009);
#8005 = LINE('',#8006,#8007);
#8006 = CARTESIAN_POINT('',(11.,-9.1));
#8007 = VECTOR('',#8008,1.);
#8008 = DIRECTION('',(-1.,0.));
#8009 = ( GEOMETRIC_REPRESENTATION_CONTEXT(2) 
PARAMETRIC_REPRESENTATION_CONTEXT() REPRESENTATION_CONTEXT('2D SPACE',''
  ) );
#8010 = ORIENTED_EDGE('',*,*,#8011,.T.);
#8011 = EDGE_CURVE('',#7984,#8012,#8014,.T.);
#8012 = VERTEX_POINT('',#8013);
#8013 = CARTESIAN_POINT('',(140.,57.100505063388,-113.6984848098));
#8014 = SURFACE_CURVE('',#8015,(#8019,#8026),.PCURVE_S1.);
#8015 = LINE('',#8016,#8017);
#8016 = CARTESIAN_POINT('',(140.,57.100505063388,-137.0330085889));
#8017 = VECTOR('',#8018,1.);
#8018 = DIRECTION('',(0.,1.110223024625E-16,1.));
#8019 = PCURVE('',#1222,#8020);
#8020 = DEFINITIONAL_REPRESENTATION('',(#8021),#8025);
#8021 = LINE('',#8022,#8023);
#8022 = CARTESIAN_POINT('',(11.5,-21.5));
#8023 = VECTOR('',#8024,1.);
#8024 = DIRECTION('',(0.707106781187,-0.707106781187));
#8025 = ( GEOMETRIC_REPRESENTATION_CONTEXT(2) 
PARAMETRIC_REPRESENTATION_CONTEXT() REPRESENTATION_CONTEXT('2D SPACE',''
  ) );
#8026 = PCURVE('',#8027,#8032);
#8027 = PLANE('',#8028);
#8028 = AXIS2_PLACEMENT_3D('',#8029,#8030,#8031);
#8029 = CARTESIAN_POINT('',(130.9,57.100505063388,-113.6984848098));
#8030 = DIRECTION('',(0.,1.,-1.110223024625E-16));
#8031 = DIRECTION('',(0.,-1.110223024625E-16,-1.));
#8032 = DEFINITIONAL_REPRESENTATION('',(#8033),#8037);
#8033 = LINE('',#8034,#8035);
#8034 = CARTESIAN_POINT('',(23.334523779156,-9.1));
#8035 = VECTOR('',#8036,1.);
#8036 = DIRECTION('',(-1.,0.));
#8037 = ( GEOMETRIC_REPRESENTATION_CONTEXT(2) 
PARAMETRIC_REPRESENTATION_CONTEXT() REPRESENTATION_CONTEXT('2D SPACE',''
  ) );
#8038 = ORIENTED_EDGE('',*,*,#8039,.T.);
#8039 = EDGE_CURVE('',#8012,#8040,#8042,.T.);
#8040 = VERTEX_POINT('',#8041);
#8041 = CARTESIAN_POINT('',(140.,59.928932188135,-110.870057685));
#8042 = SURFACE_CURVE('',#8043,(#8047,#8054),.PCURVE_S1.);
#8043 = LINE('',#8044,#8045);
#8044 = CARTESIAN_POINT('',(140.,45.079689783217,-125.71930009));
#8045 = VECTOR('',#8046,1.);
#8046 = DIRECTION('',(0.,0.707106781187,0.707106781187));
#8047 = PCURVE('',#1222,#8048);
#8048 = DEFINITIONAL_REPRESENTATION('',(#8049),#8053);
#8049 = LINE('',#8050,#8051);
#8050 = CARTESIAN_POINT('',(28.,-21.));
#8051 = VECTOR('',#8052,1.);
#8052 = DIRECTION('',(0.,-1.));
#8053 = ( GEOMETRIC_REPRESENTATION_CONTEXT(2) 
PARAMETRIC_REPRESENTATION_CONTEXT() REPRESENTATION_CONTEXT('2D SPACE',''
  ) );
#8054 = PCURVE('',#8055,#8060);
#8055 = PLANE('',#8056);
#8056 = AXIS2_PLACEMENT_3D('',#8057,#8058,#8059);
#8057 = CARTESIAN_POINT('',(130.9,59.928932188135,-110.870057685));
#8058 = DIRECTION('',(0.,0.707106781187,-0.707106781187));
#8059 = DIRECTION('',(0.,-0.707106781187,-0.707106781187));
#8060 = DEFINITIONAL_REPRESENTATION('',(#8061),#8065);
#8061 = LINE('',#8062,#8063);
#8062 = CARTESIAN_POINT('',(21.,-9.1));
#8063 = VECTOR('',#8064,1.);
#8064 = DIRECTION('',(-1.,0.));
#8065 = ( GEOMETRIC_REPRESENTATION_CONTEXT(2) 
PARAMETRIC_REPRESENTATION_CONTEXT() REPRESENTATION_CONTEXT('2D SPACE',''
  ) );
#8066 = ORIENTED_EDGE('',*,*,#8067,.T.);
#8067 = EDGE_CURVE('',#8040,#7926,#8068,.T.);
#8068 = SURFACE_CURVE('',#8069,(#8073,#8080),.PCURVE_S1.);
#8069 = LINE('',#8070,#8071);
#8070 = CARTESIAN_POINT('',(140.,59.221825406948,-110.870057685));
#8071 = VECTOR('',#8072,1.);
#8072 = DIRECTION('',(0.,1.,-1.110223024625E-16));
#8073 = PCURVE('',#1222,#8074);
#8074 = DEFINITIONAL_REPRESENTATION('',(#8075),#8079);
#8075 = LINE('',#8076,#8077);
#8076 = CARTESIAN_POINT('',(28.5,-41.5));
#8077 = VECTOR('',#8078,1.);
#8078 = DIRECTION('',(-0.707106781187,-0.707106781187));
#8079 = ( GEOMETRIC_REPRESENTATION_CONTEXT(2) 
PARAMETRIC_REPRESENTATION_CONTEXT() REPRESENTATION_CONTEXT('2D SPACE',''
  ) );
#8080 = PCURVE('',#8081,#8086);
#8081 = PLANE('',#8082);
#8082 = AXIS2_PLACEMENT_3D('',#8083,#8084,#8085);
#8083 = CARTESIAN_POINT('',(130.9,68.414213562373,-110.870057685));
#8084 = DIRECTION('',(0.,-1.110223024625E-16,-1.));
#8085 = DIRECTION('',(0.,-1.,1.110223024625E-16));
#8086 = DEFINITIONAL_REPRESENTATION('',(#8087),#8091);
#8087 = LINE('',#8088,#8089);
#8088 = CARTESIAN_POINT('',(9.192388155425,-9.1));
#8089 = VECTOR('',#8090,1.);
#8090 = DIRECTION('',(-1.,-0.));
#8091 = ( GEOMETRIC_REPRESENTATION_CONTEXT(2) 
PARAMETRIC_REPRESENTATION_CONTEXT() REPRESENTATION_CONTEXT('2D SPACE',''
  ) );
#8092 = FACE_BOUND('',#8093,.T.);
#8093 = EDGE_LOOP('',(#8094,#8124,#8152,#8180,#8208,#8236));
#8094 = ORIENTED_EDGE('',*,*,#8095,.T.);
#8095 = EDGE_CURVE('',#8096,#8098,#8100,.T.);
#8096 = VERTEX_POINT('',#8097);
#8097 = CARTESIAN_POINT('',(140.,54.272077938642,-125.0121933088));
#8098 = VERTEX_POINT('',#8099);
#8099 = CARTESIAN_POINT('',(140.,62.757359312881,-133.497474683));
#8100 = SURFACE_CURVE('',#8101,(#8105,#8112),.PCURVE_S1.);
#8101 = LINE('',#8102,#8103);
#8102 = CARTESIAN_POINT('',(140.,66.292893218813,-137.0330085889));
#8103 = VECTOR('',#8104,1.);
#8104 = DIRECTION('',(0.,0.707106781187,-0.707106781187));
#8105 = PCURVE('',#1222,#8106);
#8106 = DEFINITIONAL_REPRESENTATION('',(#8107),#8111);
#8107 = LINE('',#8108,#8109);
#8108 = CARTESIAN_POINT('',(5.,-28.));
#8109 = VECTOR('',#8110,1.);
#8110 = DIRECTION('',(-1.,0.));
#8111 = ( GEOMETRIC_REPRESENTATION_CONTEXT(2) 
PARAMETRIC_REPRESENTATION_CONTEXT() REPRESENTATION_CONTEXT('2D SPACE',''
  ) );
#8112 = PCURVE('',#8113,#8118);
#8113 = PLANE('',#8114);
#8114 = AXIS2_PLACEMENT_3D('',#8115,#8116,#8117);
#8115 = CARTESIAN_POINT('',(130.9,62.757359312881,-133.497474683));
#8116 = DIRECTION('',(0.,-0.707106781187,-0.707106781187));
#8117 = DIRECTION('',(0.,-0.707106781187,0.707106781187));
#8118 = DEFINITIONAL_REPRESENTATION('',(#8119),#8123);
#8119 = LINE('',#8120,#8121);
#8120 = CARTESIAN_POINT('',(-5.,-9.1));
#8121 = VECTOR('',#8122,1.);
#8122 = DIRECTION('',(-1.,0.));
#8123 = ( GEOMETRIC_REPRESENTATION_CONTEXT(2) 
PARAMETRIC_REPRESENTATION_CONTEXT() REPRESENTATION_CONTEXT('2D SPACE',''
  ) );
#8124 = ORIENTED_EDGE('',*,*,#8125,.T.);
#8125 = EDGE_CURVE('',#8098,#8126,#8128,.T.);
#8126 = VERTEX_POINT('',#8127);
#8127 = CARTESIAN_POINT('',(140.,51.443650813896,-144.811183182));
#8128 = SURFACE_CURVE('',#8129,(#8133,#8140),.PCURVE_S1.);
#8129 = LINE('',#8130,#8131);
#8130 = CARTESIAN_POINT('',(140.,47.201010126777,-149.0538238691));
#8131 = VECTOR('',#8132,1.);
#8132 = DIRECTION('',(0.,-0.707106781187,-0.707106781187));
#8133 = PCURVE('',#1222,#8134);
#8134 = DEFINITIONAL_REPRESENTATION('',(#8135),#8139);
#8135 = LINE('',#8136,#8137);
#8136 = CARTESIAN_POINT('',(10.,-6.));
#8137 = VECTOR('',#8138,1.);
#8138 = DIRECTION('',(0.,1.));
#8139 = ( GEOMETRIC_REPRESENTATION_CONTEXT(2) 
PARAMETRIC_REPRESENTATION_CONTEXT() REPRESENTATION_CONTEXT('2D SPACE',''
  ) );
#8140 = PCURVE('',#8141,#8146);
#8141 = PLANE('',#8142);
#8142 = AXIS2_PLACEMENT_3D('',#8143,#8144,#8145);
#8143 = CARTESIAN_POINT('',(130.9,51.443650813896,-144.811183182));
#8144 = DIRECTION('',(0.,-0.707106781187,0.707106781187));
#8145 = DIRECTION('',(0.,0.707106781187,0.707106781187));
#8146 = DEFINITIONAL_REPRESENTATION('',(#8147),#8151);
#8147 = LINE('',#8148,#8149);
#8148 = CARTESIAN_POINT('',(-6.,-9.1));
#8149 = VECTOR('',#8150,1.);
#8150 = DIRECTION('',(-1.,-0.));
#8151 = ( GEOMETRIC_REPRESENTATION_CONTEXT(2) 
PARAMETRIC_REPRESENTATION_CONTEXT() REPRESENTATION_CONTEXT('2D SPACE',''
  ) );
#8152 = ORIENTED_EDGE('',*,*,#8153,.T.);
#8153 = EDGE_CURVE('',#8126,#8154,#8156,.T.);
#8154 = VERTEX_POINT('',#8155);
#8155 = CARTESIAN_POINT('',(140.,42.958369439657,-136.3259018078));
#8156 = SURFACE_CURVE('',#8157,(#8161,#8168),.PCURVE_S1.);
#8157 = LINE('',#8158,#8159);
#8158 = CARTESIAN_POINT('',(140.,50.736544032709,-144.1040764008));
#8159 = VECTOR('',#8160,1.);
#8160 = DIRECTION('',(0.,-0.707106781187,0.707106781187));
#8161 = PCURVE('',#1222,#8162);
#8162 = DEFINITIONAL_REPRESENTATION('',(#8163),#8167);
#8163 = LINE('',#8164,#8165);
#8164 = CARTESIAN_POINT('',(11.,-12.));
#8165 = VECTOR('',#8166,1.);
#8166 = DIRECTION('',(1.,0.));
#8167 = ( GEOMETRIC_REPRESENTATION_CONTEXT(2) 
PARAMETRIC_REPRESENTATION_CONTEXT() REPRESENTATION_CONTEXT('2D SPACE',''
  ) );
#8168 = PCURVE('',#8169,#8174);
#8169 = PLANE('',#8170);
#8170 = AXIS2_PLACEMENT_3D('',#8171,#8172,#8173);
#8171 = CARTESIAN_POINT('',(130.9,42.958369439657,-136.3259018078));
#8172 = DIRECTION('',(0.,0.707106781187,0.707106781187));
#8173 = DIRECTION('',(0.,0.707106781187,-0.707106781187));
#8174 = DEFINITIONAL_REPRESENTATION('',(#8175),#8179);
#8175 = LINE('',#8176,#8177);
#8176 = CARTESIAN_POINT('',(11.,-9.1));
#8177 = VECTOR('',#8178,1.);
#8178 = DIRECTION('',(-1.,0.));
#8179 = ( GEOMETRIC_REPRESENTATION_CONTEXT(2) 
PARAMETRIC_REPRESENTATION_CONTEXT() REPRESENTATION_CONTEXT('2D SPACE',''
  ) );
#8180 = ORIENTED_EDGE('',*,*,#8181,.T.);
#8181 = EDGE_CURVE('',#8154,#8182,#8184,.T.);
#8182 = VERTEX_POINT('',#8183);
#8183 = CARTESIAN_POINT('',(140.,42.958369439657,-127.8406204335));
#8184 = SURFACE_CURVE('',#8185,(#8189,#8196),.PCURVE_S1.);
#8185 = LINE('',#8186,#8187);
#8186 = CARTESIAN_POINT('',(140.,42.958369439657,-144.1040764008));
#8187 = VECTOR('',#8188,1.);
#8188 = DIRECTION('',(0.,1.110223024625E-16,1.));
#8189 = PCURVE('',#1222,#8190);
#8190 = DEFINITIONAL_REPRESENTATION('',(#8191),#8195);
#8191 = LINE('',#8192,#8193);
#8192 = CARTESIAN_POINT('',(16.5,-6.5));
#8193 = VECTOR('',#8194,1.);
#8194 = DIRECTION('',(0.707106781187,-0.707106781187));
#8195 = ( GEOMETRIC_REPRESENTATION_CONTEXT(2) 
PARAMETRIC_REPRESENTATION_CONTEXT() REPRESENTATION_CONTEXT('2D SPACE',''
  ) );
#8196 = PCURVE('',#8197,#8202);
#8197 = PLANE('',#8198);
#8198 = AXIS2_PLACEMENT_3D('',#8199,#8200,#8201);
#8199 = CARTESIAN_POINT('',(130.9,42.958369439657,-127.8406204335));
#8200 = DIRECTION('',(0.,1.,-1.110223024625E-16));
#8201 = DIRECTION('',(0.,-1.110223024625E-16,-1.));
#8202 = DEFINITIONAL_REPRESENTATION('',(#8203),#8207);
#8203 = LINE('',#8204,#8205);
#8204 = CARTESIAN_POINT('',(16.263455967291,-9.1));
#8205 = VECTOR('',#8206,1.);
#8206 = DIRECTION('',(-1.,0.));
#8207 = ( GEOMETRIC_REPRESENTATION_CONTEXT(2) 
PARAMETRIC_REPRESENTATION_CONTEXT() REPRESENTATION_CONTEXT('2D SPACE',''
  ) );
#8208 = ORIENTED_EDGE('',*,*,#8209,.T.);
#8209 = EDGE_CURVE('',#8182,#8210,#8212,.T.);
#8210 = VERTEX_POINT('',#8211);
#8211 = CARTESIAN_POINT('',(140.,45.786796564404,-125.0121933088));
#8212 = SURFACE_CURVE('',#8213,(#8217,#8224),.PCURVE_S1.);
#8213 = LINE('',#8214,#8215);
#8214 = CARTESIAN_POINT('',(140.,38.008621971352,-132.7903679018));
#8215 = VECTOR('',#8216,1.);
#8216 = DIRECTION('',(0.,0.707106781187,0.707106781187));
#8217 = PCURVE('',#1222,#8218);
#8218 = DEFINITIONAL_REPRESENTATION('',(#8219),#8223);
#8219 = LINE('',#8220,#8221);
#8220 = CARTESIAN_POINT('',(28.,-11.));
#8221 = VECTOR('',#8222,1.);
#8222 = DIRECTION('',(0.,-1.));
#8223 = ( GEOMETRIC_REPRESENTATION_CONTEXT(2) 
PARAMETRIC_REPRESENTATION_CONTEXT() REPRESENTATION_CONTEXT('2D SPACE',''
  ) );
#8224 = PCURVE('',#8225,#8230);
#8225 = PLANE('',#8226);
#8226 = AXIS2_PLACEMENT_3D('',#8227,#8228,#8229);
#8227 = CARTESIAN_POINT('',(130.9,45.786796564404,-125.0121933088));
#8228 = DIRECTION('',(0.,0.707106781187,-0.707106781187));
#8229 = DIRECTION('',(0.,-0.707106781187,-0.707106781187));
#8230 = DEFINITIONAL_REPRESENTATION('',(#8231),#8235);
#8231 = LINE('',#8232,#8233);
#8232 = CARTESIAN_POINT('',(11.,-9.1));
#8233 = VECTOR('',#8234,1.);
#8234 = DIRECTION('',(-1.,0.));
#8235 = ( GEOMETRIC_REPRESENTATION_CONTEXT(2) 
PARAMETRIC_REPRESENTATION_CONTEXT() REPRESENTATION_CONTEXT('2D SPACE',''
  ) );
#8236 = ORIENTED_EDGE('',*,*,#8237,.T.);
#8237 = EDGE_CURVE('',#8210,#8096,#8238,.T.);
#8238 = SURFACE_CURVE('',#8239,(#8243,#8250),.PCURVE_S1.);
#8239 = LINE('',#8240,#8241);
#8240 = CARTESIAN_POINT('',(140.,52.150757595082,-125.0121933088));
#8241 = VECTOR('',#8242,1.);
#8242 = DIRECTION('',(0.,1.,-1.110223024625E-16));
#8243 = PCURVE('',#1222,#8244);
#8244 = DEFINITIONAL_REPRESENTATION('',(#8245),#8249);
#8245 = LINE('',#8246,#8247);
#8246 = CARTESIAN_POINT('',(23.5,-26.5));
#8247 = VECTOR('',#8248,1.);
#8248 = DIRECTION('',(-0.707106781187,-0.707106781187));
#8249 = ( GEOMETRIC_REPRESENTATION_CONTEXT(2) 
PARAMETRIC_REPRESENTATION_CONTEXT() REPRESENTATION_CONTEXT('2D SPACE',''
  ) );
#8250 = PCURVE('',#8251,#8256);
#8251 = PLANE('',#8252);
#8252 = AXIS2_PLACEMENT_3D('',#8253,#8254,#8255);
#8253 = CARTESIAN_POINT('',(130.9,54.272077938642,-125.0121933088));
#8254 = DIRECTION('',(0.,-1.110223024625E-16,-1.));
#8255 = DIRECTION('',(0.,-1.,1.110223024625E-16));
#8256 = DEFINITIONAL_REPRESENTATION('',(#8257),#8261);
#8257 = LINE('',#8258,#8259);
#8258 = CARTESIAN_POINT('',(2.12132034356,-9.1));
#8259 = VECTOR('',#8260,1.);
#8260 = DIRECTION('',(-1.,-0.));
#8261 = ( GEOMETRIC_REPRESENTATION_CONTEXT(2) 
PARAMETRIC_REPRESENTATION_CONTEXT() REPRESENTATION_CONTEXT('2D SPACE',''
  ) );
#8262 = ADVANCED_FACE('',(#8263),#1254,.T.);
#8263 = FACE_BOUND('',#8264,.T.);
#8264 = EDGE_LOOP('',(#8265,#8290,#8311,#8312));
#8265 = ORIENTED_EDGE('',*,*,#8266,.F.);
#8266 = EDGE_CURVE('',#8267,#8269,#8271,.T.);
#8267 = VERTEX_POINT('',#8268);
#8268 = CARTESIAN_POINT('',(22.,38.008621971352,-141.2756492761));
#8269 = VERTEX_POINT('',#8270);
#8270 = CARTESIAN_POINT('',(22.,46.49390334559,-149.7609306503));
#8271 = SURFACE_CURVE('',#8272,(#8276,#8283),.PCURVE_S1.);
#8272 = LINE('',#8273,#8274);
#8273 = CARTESIAN_POINT('',(22.,45.786796564404,-149.0538238691));
#8274 = VECTOR('',#8275,1.);
#8275 = DIRECTION('',(0.,0.707106781187,-0.707106781187));
#8276 = PCURVE('',#1254,#8277);
#8277 = DEFINITIONAL_REPRESENTATION('',(#8278),#8282);
#8278 = LINE('',#8279,#8280);
#8279 = CARTESIAN_POINT('',(11.,-1.));
#8280 = VECTOR('',#8281,1.);
#8281 = DIRECTION('',(1.,0.));
#8282 = ( GEOMETRIC_REPRESENTATION_CONTEXT(2) 
PARAMETRIC_REPRESENTATION_CONTEXT() REPRESENTATION_CONTEXT('2D SPACE',''
  ) );
#8283 = PCURVE('',#3068,#8284);
#8284 = DEFINITIONAL_REPRESENTATION('',(#8285),#8289);
#8285 = LINE('',#8286,#8287);
#8286 = CARTESIAN_POINT('',(11.,21.));
#8287 = VECTOR('',#8288,1.);
#8288 = DIRECTION('',(-1.,0.));
#8289 = ( GEOMETRIC_REPRESENTATION_CONTEXT(2) 
PARAMETRIC_REPRESENTATION_CONTEXT() REPRESENTATION_CONTEXT('2D SPACE',''
  ) );
#8290 = ORIENTED_EDGE('',*,*,#8291,.T.);
#8291 = EDGE_CURVE('',#8267,#1237,#8292,.T.);
#8292 = SURFACE_CURVE('',#8293,(#8297,#8304),.PCURVE_S1.);
#8293 = LINE('',#8294,#8295);
#8294 = CARTESIAN_POINT('',(22.,38.715728752538,-140.5685424949));
#8295 = VECTOR('',#8296,1.);
#8296 = DIRECTION('',(0.,-0.707106781187,-0.707106781187));
#8297 = PCURVE('',#1254,#8298);
#8298 = DEFINITIONAL_REPRESENTATION('',(#8299),#8303);
#8299 = LINE('',#8300,#8301);
#8300 = CARTESIAN_POINT('',(0.,0.));
#8301 = VECTOR('',#8302,1.);
#8302 = DIRECTION('',(0.,-1.));
#8303 = ( GEOMETRIC_REPRESENTATION_CONTEXT(2) 
PARAMETRIC_REPRESENTATION_CONTEXT() REPRESENTATION_CONTEXT('2D SPACE',''
  ) );
#8304 = PCURVE('',#1392,#8305);
#8305 = DEFINITIONAL_REPRESENTATION('',(#8306),#8310);
#8306 = LINE('',#8307,#8308);
#8307 = CARTESIAN_POINT('',(8.485281374239,4.440892098501E-16));
#8308 = VECTOR('',#8309,1.);
#8309 = DIRECTION('',(0.,-1.));
#8310 = ( GEOMETRIC_REPRESENTATION_CONTEXT(2) 
PARAMETRIC_REPRESENTATION_CONTEXT() REPRESENTATION_CONTEXT('2D SPACE',''
  ) );
#8311 = ORIENTED_EDGE('',*,*,#1236,.T.);
#8312 = ORIENTED_EDGE('',*,*,#8313,.F.);
#8313 = EDGE_CURVE('',#8269,#1239,#8314,.T.);
#8314 = SURFACE_CURVE('',#8315,(#8319,#8326),.PCURVE_S1.);
#8315 = LINE('',#8316,#8317);
#8316 = CARTESIAN_POINT('',(22.,47.201010126777,-149.0538238691));
#8317 = VECTOR('',#8318,1.);
#8318 = DIRECTION('',(0.,-0.707106781187,-0.707106781187));
#8319 = PCURVE('',#1254,#8320);
#8320 = DEFINITIONAL_REPRESENTATION('',(#8321),#8325);
#8321 = LINE('',#8322,#8323);
#8322 = CARTESIAN_POINT('',(12.,-9.769962616701E-15));
#8323 = VECTOR('',#8324,1.);
#8324 = DIRECTION('',(0.,-1.));
#8325 = ( GEOMETRIC_REPRESENTATION_CONTEXT(2) 
PARAMETRIC_REPRESENTATION_CONTEXT() REPRESENTATION_CONTEXT('2D SPACE',''
  ) );
#8326 = PCURVE('',#1282,#8327);
#8327 = DEFINITIONAL_REPRESENTATION('',(#8328),#8332);
#8328 = LINE('',#8329,#8330);
#8329 = CARTESIAN_POINT('',(0.,0.));
#8330 = VECTOR('',#8331,1.);
#8331 = DIRECTION('',(0.,-1.));
#8332 = ( GEOMETRIC_REPRESENTATION_CONTEXT(2) 
PARAMETRIC_REPRESENTATION_CONTEXT() REPRESENTATION_CONTEXT('2D SPACE',''
  ) );
#8333 = ADVANCED_FACE('',(#8334),#1392,.T.);
#8334 = FACE_BOUND('',#8335,.T.);
#8335 = EDGE_LOOP('',(#8336,#8359,#8380,#8381));
#8336 = ORIENTED_EDGE('',*,*,#8337,.F.);
#8337 = EDGE_CURVE('',#8338,#8267,#8340,.T.);
#8338 = VERTEX_POINT('',#8339);
#8339 = CARTESIAN_POINT('',(28.,33.765981284232,-137.0330085889));
#8340 = SURFACE_CURVE('',#8341,(#8345,#8352),.PCURVE_S1.);
#8341 = LINE('',#8342,#8343);
#8342 = CARTESIAN_POINT('',(14.25,43.488699525547,-146.7557268303));
#8343 = VECTOR('',#8344,1.);
#8344 = DIRECTION('',(-0.707106781187,0.5,-0.5));
#8345 = PCURVE('',#1392,#8346);
#8346 = DEFINITIONAL_REPRESENTATION('',(#8347),#8351);
#8347 = LINE('',#8348,#8349);
#8348 = CARTESIAN_POINT('',(19.44543648263,-1.));
#8349 = VECTOR('',#8350,1.);
#8350 = DIRECTION('',(1.,0.));
#8351 = ( GEOMETRIC_REPRESENTATION_CONTEXT(2) 
PARAMETRIC_REPRESENTATION_CONTEXT() REPRESENTATION_CONTEXT('2D SPACE',''
  ) );
#8352 = PCURVE('',#3068,#8353);
#8353 = DEFINITIONAL_REPRESENTATION('',(#8354),#8358);
#8354 = LINE('',#8355,#8356);
#8355 = CARTESIAN_POINT('',(14.25,13.25));
#8356 = VECTOR('',#8357,1.);
#8357 = DIRECTION('',(-0.707106781187,-0.707106781187));
#8358 = ( GEOMETRIC_REPRESENTATION_CONTEXT(2) 
PARAMETRIC_REPRESENTATION_CONTEXT() REPRESENTATION_CONTEXT('2D SPACE',''
  ) );
#8359 = ORIENTED_EDGE('',*,*,#8360,.T.);
#8360 = EDGE_CURVE('',#8338,#1351,#8361,.T.);
#8361 = SURFACE_CURVE('',#8362,(#8366,#8373),.PCURVE_S1.);
#8362 = LINE('',#8363,#8364);
#8363 = CARTESIAN_POINT('',(28.,34.473088065419,-136.3259018078));
#8364 = VECTOR('',#8365,1.);
#8365 = DIRECTION('',(0.,-0.707106781187,-0.707106781187));
#8366 = PCURVE('',#1392,#8367);
#8367 = DEFINITIONAL_REPRESENTATION('',(#8368),#8372);
#8368 = LINE('',#8369,#8370);
#8369 = CARTESIAN_POINT('',(0.,0.));
#8370 = VECTOR('',#8371,1.);
#8371 = DIRECTION('',(0.,-1.));
#8372 = ( GEOMETRIC_REPRESENTATION_CONTEXT(2) 
PARAMETRIC_REPRESENTATION_CONTEXT() REPRESENTATION_CONTEXT('2D SPACE',''
  ) );
#8373 = PCURVE('',#1366,#8374);
#8374 = DEFINITIONAL_REPRESENTATION('',(#8375),#8379);
#8375 = LINE('',#8376,#8377);
#8376 = CARTESIAN_POINT('',(4.,0.));
#8377 = VECTOR('',#8378,1.);
#8378 = DIRECTION('',(-0.,-1.));
#8379 = ( GEOMETRIC_REPRESENTATION_CONTEXT(2) 
PARAMETRIC_REPRESENTATION_CONTEXT() REPRESENTATION_CONTEXT('2D SPACE',''
  ) );
#8380 = ORIENTED_EDGE('',*,*,#1378,.T.);
#8381 = ORIENTED_EDGE('',*,*,#8291,.F.);
#8382 = ADVANCED_FACE('',(#8383),#1282,.T.);
#8383 = FACE_BOUND('',#8384,.T.);
#8384 = EDGE_LOOP('',(#8385,#8408,#8409,#8410));
#8385 = ORIENTED_EDGE('',*,*,#8386,.F.);
#8386 = EDGE_CURVE('',#8269,#8387,#8389,.T.);
#8387 = VERTEX_POINT('',#8388);
#8388 = CARTESIAN_POINT('',(38.,46.49390334559,-149.7609306503));
#8389 = SURFACE_CURVE('',#8390,(#8394,#8401),.PCURVE_S1.);
#8390 = LINE('',#8391,#8392);
#8391 = CARTESIAN_POINT('',(11.5,46.49390334559,-149.7609306503));
#8392 = VECTOR('',#8393,1.);
#8393 = DIRECTION('',(1.,0.,0.));
#8394 = PCURVE('',#1282,#8395);
#8395 = DEFINITIONAL_REPRESENTATION('',(#8396),#8400);
#8396 = LINE('',#8397,#8398);
#8397 = CARTESIAN_POINT('',(-10.5,-1.));
#8398 = VECTOR('',#8399,1.);
#8399 = DIRECTION('',(1.,0.));
#8400 = ( GEOMETRIC_REPRESENTATION_CONTEXT(2) 
PARAMETRIC_REPRESENTATION_CONTEXT() REPRESENTATION_CONTEXT('2D SPACE',''
  ) );
#8401 = PCURVE('',#3068,#8402);
#8402 = DEFINITIONAL_REPRESENTATION('',(#8403),#8407);
#8403 = LINE('',#8404,#8405);
#8404 = CARTESIAN_POINT('',(10.,10.5));
#8405 = VECTOR('',#8406,1.);
#8406 = DIRECTION('',(0.,1.));
#8407 = ( GEOMETRIC_REPRESENTATION_CONTEXT(2) 
PARAMETRIC_REPRESENTATION_CONTEXT() REPRESENTATION_CONTEXT('2D SPACE',''
  ) );
#8408 = ORIENTED_EDGE('',*,*,#8313,.T.);
#8409 = ORIENTED_EDGE('',*,*,#1266,.T.);
#8410 = ORIENTED_EDGE('',*,*,#8411,.F.);
#8411 = EDGE_CURVE('',#8387,#1267,#8412,.T.);
#8412 = SURFACE_CURVE('',#8413,(#8417,#8424),.PCURVE_S1.);
#8413 = LINE('',#8414,#8415);
#8414 = CARTESIAN_POINT('',(38.,47.201010126777,-149.0538238691));
#8415 = VECTOR('',#8416,1.);
#8416 = DIRECTION('',(0.,-0.707106781187,-0.707106781187));
#8417 = PCURVE('',#1282,#8418);
#8418 = DEFINITIONAL_REPRESENTATION('',(#8419),#8423);
#8419 = LINE('',#8420,#8421);
#8420 = CARTESIAN_POINT('',(16.,0.));
#8421 = VECTOR('',#8422,1.);
#8422 = DIRECTION('',(0.,-1.));
#8423 = ( GEOMETRIC_REPRESENTATION_CONTEXT(2) 
PARAMETRIC_REPRESENTATION_CONTEXT() REPRESENTATION_CONTEXT('2D SPACE',''
  ) );
#8424 = PCURVE('',#1310,#8425);
#8425 = DEFINITIONAL_REPRESENTATION('',(#8426),#8430);
#8426 = LINE('',#8427,#8428);
#8427 = CARTESIAN_POINT('',(0.,0.));
#8428 = VECTOR('',#8429,1.);
#8429 = DIRECTION('',(0.,-1.));
#8430 = ( GEOMETRIC_REPRESENTATION_CONTEXT(2) 
PARAMETRIC_REPRESENTATION_CONTEXT() REPRESENTATION_CONTEXT('2D SPACE',''
  ) );
#8431 = ADVANCED_FACE('',(#8432),#1366,.T.);
#8432 = FACE_BOUND('',#8433,.T.);
#8433 = EDGE_LOOP('',(#8434,#8457,#8478,#8479));
#8434 = ORIENTED_EDGE('',*,*,#8435,.F.);
#8435 = EDGE_CURVE('',#8436,#8338,#8438,.T.);
#8436 = VERTEX_POINT('',#8437);
#8437 = CARTESIAN_POINT('',(32.,33.765981284232,-137.0330085889));
#8438 = SURFACE_CURVE('',#8439,(#8443,#8450),.PCURVE_S1.);
#8439 = LINE('',#8440,#8441);
#8440 = CARTESIAN_POINT('',(16.5,33.765981284232,-137.0330085889));
#8441 = VECTOR('',#8442,1.);
#8442 = DIRECTION('',(-1.,0.,0.));
#8443 = PCURVE('',#1366,#8444);
#8444 = DEFINITIONAL_REPRESENTATION('',(#8445),#8449);
#8445 = LINE('',#8446,#8447);
#8446 = CARTESIAN_POINT('',(15.5,-1.));
#8447 = VECTOR('',#8448,1.);
#8448 = DIRECTION('',(1.,0.));
#8449 = ( GEOMETRIC_REPRESENTATION_CONTEXT(2) 
PARAMETRIC_REPRESENTATION_CONTEXT() REPRESENTATION_CONTEXT('2D SPACE',''
  ) );
#8450 = PCURVE('',#3068,#8451);
#8451 = DEFINITIONAL_REPRESENTATION('',(#8452),#8456);
#8452 = LINE('',#8453,#8454);
#8453 = CARTESIAN_POINT('',(28.,15.5));
#8454 = VECTOR('',#8455,1.);
#8455 = DIRECTION('',(0.,-1.));
#8456 = ( GEOMETRIC_REPRESENTATION_CONTEXT(2) 
PARAMETRIC_REPRESENTATION_CONTEXT() REPRESENTATION_CONTEXT('2D SPACE',''
  ) );
#8457 = ORIENTED_EDGE('',*,*,#8458,.T.);
#8458 = EDGE_CURVE('',#8436,#1323,#8459,.T.);
#8459 = SURFACE_CURVE('',#8460,(#8464,#8471),.PCURVE_S1.);
#8460 = LINE('',#8461,#8462);
#8461 = CARTESIAN_POINT('',(32.,34.473088065419,-136.3259018078));
#8462 = VECTOR('',#8463,1.);
#8463 = DIRECTION('',(0.,-0.707106781187,-0.707106781187));
#8464 = PCURVE('',#1366,#8465);
#8465 = DEFINITIONAL_REPRESENTATION('',(#8466),#8470);
#8466 = LINE('',#8467,#8468);
#8467 = CARTESIAN_POINT('',(0.,0.));
#8468 = VECTOR('',#8469,1.);
#8469 = DIRECTION('',(-0.,-1.));
#8470 = ( GEOMETRIC_REPRESENTATION_CONTEXT(2) 
PARAMETRIC_REPRESENTATION_CONTEXT() REPRESENTATION_CONTEXT('2D SPACE',''
  ) );
#8471 = PCURVE('',#1338,#8472);
#8472 = DEFINITIONAL_REPRESENTATION('',(#8473),#8477);
#8473 = LINE('',#8474,#8475);
#8474 = CARTESIAN_POINT('',(8.485281374239,-4.440892098501E-16));
#8475 = VECTOR('',#8476,1.);
#8476 = DIRECTION('',(0.,-1.));
#8477 = ( GEOMETRIC_REPRESENTATION_CONTEXT(2) 
PARAMETRIC_REPRESENTATION_CONTEXT() REPRESENTATION_CONTEXT('2D SPACE',''
  ) );
#8478 = ORIENTED_EDGE('',*,*,#1350,.T.);
#8479 = ORIENTED_EDGE('',*,*,#8360,.F.);
#8480 = ADVANCED_FACE('',(#8481),#1310,.T.);
#8481 = FACE_BOUND('',#8482,.T.);
#8482 = EDGE_LOOP('',(#8483,#8506,#8507,#8508));
#8483 = ORIENTED_EDGE('',*,*,#8484,.F.);
#8484 = EDGE_CURVE('',#8387,#8485,#8487,.T.);
#8485 = VERTEX_POINT('',#8486);
#8486 = CARTESIAN_POINT('',(38.,38.008621971352,-141.2756492761));
#8487 = SURFACE_CURVE('',#8488,(#8492,#8499),.PCURVE_S1.);
#8488 = LINE('',#8489,#8490);
#8489 = CARTESIAN_POINT('',(38.,50.029437251523,-153.2964645562));
#8490 = VECTOR('',#8491,1.);
#8491 = DIRECTION('',(0.,-0.707106781187,0.707106781187));
#8492 = PCURVE('',#1310,#8493);
#8493 = DEFINITIONAL_REPRESENTATION('',(#8494),#8498);
#8494 = LINE('',#8495,#8496);
#8495 = CARTESIAN_POINT('',(-5.,-1.));
#8496 = VECTOR('',#8497,1.);
#8497 = DIRECTION('',(1.,0.));
#8498 = ( GEOMETRIC_REPRESENTATION_CONTEXT(2) 
PARAMETRIC_REPRESENTATION_CONTEXT() REPRESENTATION_CONTEXT('2D SPACE',''
  ) );
#8499 = PCURVE('',#3068,#8500);
#8500 = DEFINITIONAL_REPRESENTATION('',(#8501),#8505);
#8501 = LINE('',#8502,#8503);
#8502 = CARTESIAN_POINT('',(5.,37.));
#8503 = VECTOR('',#8504,1.);
#8504 = DIRECTION('',(1.,0.));
#8505 = ( GEOMETRIC_REPRESENTATION_CONTEXT(2) 
PARAMETRIC_REPRESENTATION_CONTEXT() REPRESENTATION_CONTEXT('2D SPACE',''
  ) );
#8506 = ORIENTED_EDGE('',*,*,#8411,.T.);
#8507 = ORIENTED_EDGE('',*,*,#1294,.T.);
#8508 = ORIENTED_EDGE('',*,*,#8509,.F.);
#8509 = EDGE_CURVE('',#8485,#1295,#8510,.T.);
#8510 = SURFACE_CURVE('',#8511,(#8515,#8522),.PCURVE_S1.);
#8511 = LINE('',#8512,#8513);
#8512 = CARTESIAN_POINT('',(38.,38.715728752538,-140.5685424949));
#8513 = VECTOR('',#8514,1.);
#8514 = DIRECTION('',(0.,-0.707106781187,-0.707106781187));
#8515 = PCURVE('',#1310,#8516);
#8516 = DEFINITIONAL_REPRESENTATION('',(#8517),#8521);
#8517 = LINE('',#8518,#8519);
#8518 = CARTESIAN_POINT('',(12.,9.769962616701E-15));
#8519 = VECTOR('',#8520,1.);
#8520 = DIRECTION('',(0.,-1.));
#8521 = ( GEOMETRIC_REPRESENTATION_CONTEXT(2) 
PARAMETRIC_REPRESENTATION_CONTEXT() REPRESENTATION_CONTEXT('2D SPACE',''
  ) );
#8522 = PCURVE('',#1338,#8523);
#8523 = DEFINITIONAL_REPRESENTATION('',(#8524),#8528);
#8524 = LINE('',#8525,#8526);
#8525 = CARTESIAN_POINT('',(0.,0.));
#8526 = VECTOR('',#8527,1.);
#8527 = DIRECTION('',(0.,-1.));
#8528 = ( GEOMETRIC_REPRESENTATION_CONTEXT(2) 
PARAMETRIC_REPRESENTATION_CONTEXT() REPRESENTATION_CONTEXT('2D SPACE',''
  ) );
#8529 = ADVANCED_FACE('',(#8530),#1338,.T.);
#8530 = FACE_BOUND('',#8531,.T.);
#8531 = EDGE_LOOP('',(#8532,#8553,#8554,#8555));
#8532 = ORIENTED_EDGE('',*,*,#8533,.F.);
#8533 = EDGE_CURVE('',#8485,#8436,#8534,.T.);
#8534 = SURFACE_CURVE('',#8535,(#8539,#8546),.PCURVE_S1.);
#8535 = LINE('',#8536,#8537);
#8536 = CARTESIAN_POINT('',(34.25,35.356971541902,-138.6239988466));
#8537 = VECTOR('',#8538,1.);
#8538 = DIRECTION('',(-0.707106781187,-0.5,0.5));
#8539 = PCURVE('',#1338,#8540);
#8540 = DEFINITIONAL_REPRESENTATION('',(#8541),#8545);
#8541 = LINE('',#8542,#8543);
#8542 = CARTESIAN_POINT('',(5.303300858899,-1.));
#8543 = VECTOR('',#8544,1.);
#8544 = DIRECTION('',(1.,0.));
#8545 = ( GEOMETRIC_REPRESENTATION_CONTEXT(2) 
PARAMETRIC_REPRESENTATION_CONTEXT() REPRESENTATION_CONTEXT('2D SPACE',''
  ) );
#8546 = PCURVE('',#3068,#8547);
#8547 = DEFINITIONAL_REPRESENTATION('',(#8548),#8552);
#8548 = LINE('',#8549,#8550);
#8549 = CARTESIAN_POINT('',(25.75,33.25));
#8550 = VECTOR('',#8551,1.);
#8551 = DIRECTION('',(0.707106781187,-0.707106781187));
#8552 = ( GEOMETRIC_REPRESENTATION_CONTEXT(2) 
PARAMETRIC_REPRESENTATION_CONTEXT() REPRESENTATION_CONTEXT('2D SPACE',''
  ) );
#8553 = ORIENTED_EDGE('',*,*,#8509,.T.);
#8554 = ORIENTED_EDGE('',*,*,#1322,.T.);
#8555 = ORIENTED_EDGE('',*,*,#8458,.F.);
#8556 = ADVANCED_FACE('',(#8557),#1424,.T.);
#8557 = FACE_BOUND('',#8558,.T.);
#8558 = EDGE_LOOP('',(#8559,#8584,#8605,#8606));
#8559 = ORIENTED_EDGE('',*,*,#8560,.F.);
#8560 = EDGE_CURVE('',#8561,#8563,#8565,.T.);
#8561 = VERTEX_POINT('',#8562);
#8562 = CARTESIAN_POINT('',(44.,38.008621971352,-141.2756492761));
#8563 = VERTEX_POINT('',#8564);
#8564 = CARTESIAN_POINT('',(44.,46.49390334559,-149.7609306503));
#8565 = SURFACE_CURVE('',#8566,(#8570,#8577),.PCURVE_S1.);
#8566 = LINE('',#8567,#8568);
#8567 = CARTESIAN_POINT('',(44.,45.786796564404,-149.0538238691));
#8568 = VECTOR('',#8569,1.);
#8569 = DIRECTION('',(0.,0.707106781187,-0.707106781187));
#8570 = PCURVE('',#1424,#8571);
#8571 = DEFINITIONAL_REPRESENTATION('',(#8572),#8576);
#8572 = LINE('',#8573,#8574);
#8573 = CARTESIAN_POINT('',(11.,-1.));
#8574 = VECTOR('',#8575,1.);
#8575 = DIRECTION('',(1.,0.));
#8576 = ( GEOMETRIC_REPRESENTATION_CONTEXT(2) 
PARAMETRIC_REPRESENTATION_CONTEXT() REPRESENTATION_CONTEXT('2D SPACE',''
  ) );
#8577 = PCURVE('',#3068,#8578);
#8578 = DEFINITIONAL_REPRESENTATION('',(#8579),#8583);
#8579 = LINE('',#8580,#8581);
#8580 = CARTESIAN_POINT('',(11.,43.));
#8581 = VECTOR('',#8582,1.);
#8582 = DIRECTION('',(-1.,0.));
#8583 = ( GEOMETRIC_REPRESENTATION_CONTEXT(2) 
PARAMETRIC_REPRESENTATION_CONTEXT() REPRESENTATION_CONTEXT('2D SPACE',''
  ) );
#8584 = ORIENTED_EDGE('',*,*,#8585,.T.);
#8585 = EDGE_CURVE('',#8561,#1407,#8586,.T.);
#8586 = SURFACE_CURVE('',#8587,(#8591,#8598),.PCURVE_S1.);
#8587 = LINE('',#8588,#8589);
#8588 = CARTESIAN_POINT('',(44.,38.715728752538,-140.5685424949));
#8589 = VECTOR('',#8590,1.);
#8590 = DIRECTION('',(0.,-0.707106781187,-0.707106781187));
#8591 = PCURVE('',#1424,#8592);
#8592 = DEFINITIONAL_REPRESENTATION('',(#8593),#8597);
#8593 = LINE('',#8594,#8595);
#8594 = CARTESIAN_POINT('',(0.,0.));
#8595 = VECTOR('',#8596,1.);
#8596 = DIRECTION('',(0.,-1.));
#8597 = ( GEOMETRIC_REPRESENTATION_CONTEXT(2) 
PARAMETRIC_REPRESENTATION_CONTEXT() REPRESENTATION_CONTEXT('2D SPACE',''
  ) );
#8598 = PCURVE('',#1562,#8599);
#8599 = DEFINITIONAL_REPRESENTATION('',(#8600),#8604);
#8600 = LINE('',#8601,#8602);
#8601 = CARTESIAN_POINT('',(8.485281374239,4.440892098501E-16));
#8602 = VECTOR('',#8603,1.);
#8603 = DIRECTION('',(0.,-1.));
#8604 = ( GEOMETRIC_REPRESENTATION_CONTEXT(2) 
PARAMETRIC_REPRESENTATION_CONTEXT() REPRESENTATION_CONTEXT('2D SPACE',''
  ) );
#8605 = ORIENTED_EDGE('',*,*,#1406,.T.);
#8606 = ORIENTED_EDGE('',*,*,#8607,.F.);
#8607 = EDGE_CURVE('',#8563,#1409,#8608,.T.);
#8608 = SURFACE_CURVE('',#8609,(#8613,#8620),.PCURVE_S1.);
#8609 = LINE('',#8610,#8611);
#8610 = CARTESIAN_POINT('',(44.,47.201010126777,-149.0538238691));
#8611 = VECTOR('',#8612,1.);
#8612 = DIRECTION('',(0.,-0.707106781187,-0.707106781187));
#8613 = PCURVE('',#1424,#8614);
#8614 = DEFINITIONAL_REPRESENTATION('',(#8615),#8619);
#8615 = LINE('',#8616,#8617);
#8616 = CARTESIAN_POINT('',(12.,-9.769962616701E-15));
#8617 = VECTOR('',#8618,1.);
#8618 = DIRECTION('',(0.,-1.));
#8619 = ( GEOMETRIC_REPRESENTATION_CONTEXT(2) 
PARAMETRIC_REPRESENTATION_CONTEXT() REPRESENTATION_CONTEXT('2D SPACE',''
  ) );
#8620 = PCURVE('',#1452,#8621);
#8621 = DEFINITIONAL_REPRESENTATION('',(#8622),#8626);
#8622 = LINE('',#8623,#8624);
#8623 = CARTESIAN_POINT('',(0.,0.));
#8624 = VECTOR('',#8625,1.);
#8625 = DIRECTION('',(0.,-1.));
#8626 = ( GEOMETRIC_REPRESENTATION_CONTEXT(2) 
PARAMETRIC_REPRESENTATION_CONTEXT() REPRESENTATION_CONTEXT('2D SPACE',''
  ) );
#8627 = ADVANCED_FACE('',(#8628),#1562,.T.);
#8628 = FACE_BOUND('',#8629,.T.);
#8629 = EDGE_LOOP('',(#8630,#8653,#8674,#8675));
#8630 = ORIENTED_EDGE('',*,*,#8631,.F.);
#8631 = EDGE_CURVE('',#8632,#8561,#8634,.T.);
#8632 = VERTEX_POINT('',#8633);
#8633 = CARTESIAN_POINT('',(50.,33.765981284232,-137.0330085889));
#8634 = SURFACE_CURVE('',#8635,(#8639,#8646),.PCURVE_S1.);
#8635 = LINE('',#8636,#8637);
#8636 = CARTESIAN_POINT('',(30.75,47.377786822073,-150.6448141268));
#8637 = VECTOR('',#8638,1.);
#8638 = DIRECTION('',(-0.707106781187,0.5,-0.5));
#8639 = PCURVE('',#1562,#8640);
#8640 = DEFINITIONAL_REPRESENTATION('',(#8641),#8645);
#8641 = LINE('',#8642,#8643);
#8642 = CARTESIAN_POINT('',(27.223611075682,-1.));
#8643 = VECTOR('',#8644,1.);
#8644 = DIRECTION('',(1.,0.));
#8645 = ( GEOMETRIC_REPRESENTATION_CONTEXT(2) 
PARAMETRIC_REPRESENTATION_CONTEXT() REPRESENTATION_CONTEXT('2D SPACE',''
  ) );
#8646 = PCURVE('',#3068,#8647);
#8647 = DEFINITIONAL_REPRESENTATION('',(#8648),#8652);
#8648 = LINE('',#8649,#8650);
#8649 = CARTESIAN_POINT('',(8.75,29.75));
#8650 = VECTOR('',#8651,1.);
#8651 = DIRECTION('',(-0.707106781187,-0.707106781187));
#8652 = ( GEOMETRIC_REPRESENTATION_CONTEXT(2) 
PARAMETRIC_REPRESENTATION_CONTEXT() REPRESENTATION_CONTEXT('2D SPACE',''
  ) );
#8653 = ORIENTED_EDGE('',*,*,#8654,.T.);
#8654 = EDGE_CURVE('',#8632,#1521,#8655,.T.);
#8655 = SURFACE_CURVE('',#8656,(#8660,#8667),.PCURVE_S1.);
#8656 = LINE('',#8657,#8658);
#8657 = CARTESIAN_POINT('',(50.,34.473088065419,-136.3259018078));
#8658 = VECTOR('',#8659,1.);
#8659 = DIRECTION('',(0.,-0.707106781187,-0.707106781187));
#8660 = PCURVE('',#1562,#8661);
#8661 = DEFINITIONAL_REPRESENTATION('',(#8662),#8666);
#8662 = LINE('',#8663,#8664);
#8663 = CARTESIAN_POINT('',(0.,0.));
#8664 = VECTOR('',#8665,1.);
#8665 = DIRECTION('',(0.,-1.));
#8666 = ( GEOMETRIC_REPRESENTATION_CONTEXT(2) 
PARAMETRIC_REPRESENTATION_CONTEXT() REPRESENTATION_CONTEXT('2D SPACE',''
  ) );
#8667 = PCURVE('',#1536,#8668);
#8668 = DEFINITIONAL_REPRESENTATION('',(#8669),#8673);
#8669 = LINE('',#8670,#8671);
#8670 = CARTESIAN_POINT('',(4.,0.));
#8671 = VECTOR('',#8672,1.);
#8672 = DIRECTION('',(-0.,-1.));
#8673 = ( GEOMETRIC_REPRESENTATION_CONTEXT(2) 
PARAMETRIC_REPRESENTATION_CONTEXT() REPRESENTATION_CONTEXT('2D SPACE',''
  ) );
#8674 = ORIENTED_EDGE('',*,*,#1548,.T.);
#8675 = ORIENTED_EDGE('',*,*,#8585,.F.);
#8676 = ADVANCED_FACE('',(#8677),#1452,.T.);
#8677 = FACE_BOUND('',#8678,.T.);
#8678 = EDGE_LOOP('',(#8679,#8702,#8703,#8704));
#8679 = ORIENTED_EDGE('',*,*,#8680,.F.);
#8680 = EDGE_CURVE('',#8563,#8681,#8683,.T.);
#8681 = VERTEX_POINT('',#8682);
#8682 = CARTESIAN_POINT('',(60.,46.49390334559,-149.7609306503));
#8683 = SURFACE_CURVE('',#8684,(#8688,#8695),.PCURVE_S1.);
#8684 = LINE('',#8685,#8686);
#8685 = CARTESIAN_POINT('',(22.5,46.49390334559,-149.7609306503));
#8686 = VECTOR('',#8687,1.);
#8687 = DIRECTION('',(1.,0.,0.));
#8688 = PCURVE('',#1452,#8689);
#8689 = DEFINITIONAL_REPRESENTATION('',(#8690),#8694);
#8690 = LINE('',#8691,#8692);
#8691 = CARTESIAN_POINT('',(-21.5,-1.));
#8692 = VECTOR('',#8693,1.);
#8693 = DIRECTION('',(1.,0.));
#8694 = ( GEOMETRIC_REPRESENTATION_CONTEXT(2) 
PARAMETRIC_REPRESENTATION_CONTEXT() REPRESENTATION_CONTEXT('2D SPACE',''
  ) );
#8695 = PCURVE('',#3068,#8696);
#8696 = DEFINITIONAL_REPRESENTATION('',(#8697),#8701);
#8697 = LINE('',#8698,#8699);
#8698 = CARTESIAN_POINT('',(10.,21.5));
#8699 = VECTOR('',#8700,1.);
#8700 = DIRECTION('',(0.,1.));
#8701 = ( GEOMETRIC_REPRESENTATION_CONTEXT(2) 
PARAMETRIC_REPRESENTATION_CONTEXT() REPRESENTATION_CONTEXT('2D SPACE',''
  ) );
#8702 = ORIENTED_EDGE('',*,*,#8607,.T.);
#8703 = ORIENTED_EDGE('',*,*,#1436,.T.);
#8704 = ORIENTED_EDGE('',*,*,#8705,.F.);
#8705 = EDGE_CURVE('',#8681,#1437,#8706,.T.);
#8706 = SURFACE_CURVE('',#8707,(#8711,#8718),.PCURVE_S1.);
#8707 = LINE('',#8708,#8709);
#8708 = CARTESIAN_POINT('',(60.,47.201010126777,-149.0538238691));
#8709 = VECTOR('',#8710,1.);
#8710 = DIRECTION('',(0.,-0.707106781187,-0.707106781187));
#8711 = PCURVE('',#1452,#8712);
#8712 = DEFINITIONAL_REPRESENTATION('',(#8713),#8717);
#8713 = LINE('',#8714,#8715);
#8714 = CARTESIAN_POINT('',(16.,0.));
#8715 = VECTOR('',#8716,1.);
#8716 = DIRECTION('',(0.,-1.));
#8717 = ( GEOMETRIC_REPRESENTATION_CONTEXT(2) 
PARAMETRIC_REPRESENTATION_CONTEXT() REPRESENTATION_CONTEXT('2D SPACE',''
  ) );
#8718 = PCURVE('',#1480,#8719);
#8719 = DEFINITIONAL_REPRESENTATION('',(#8720),#8724);
#8720 = LINE('',#8721,#8722);
#8721 = CARTESIAN_POINT('',(0.,0.));
#8722 = VECTOR('',#8723,1.);
#8723 = DIRECTION('',(0.,-1.));
#8724 = ( GEOMETRIC_REPRESENTATION_CONTEXT(2) 
PARAMETRIC_REPRESENTATION_CONTEXT() REPRESENTATION_CONTEXT('2D SPACE',''
  ) );
#8725 = ADVANCED_FACE('',(#8726),#1536,.T.);
#8726 = FACE_BOUND('',#8727,.T.);
#8727 = EDGE_LOOP('',(#8728,#8751,#8772,#8773));
#8728 = ORIENTED_EDGE('',*,*,#8729,.F.);
#8729 = EDGE_CURVE('',#8730,#8632,#8732,.T.);
#8730 = VERTEX_POINT('',#8731);
#8731 = CARTESIAN_POINT('',(54.,33.765981284232,-137.0330085889));
#8732 = SURFACE_CURVE('',#8733,(#8737,#8744),.PCURVE_S1.);
#8733 = LINE('',#8734,#8735);
#8734 = CARTESIAN_POINT('',(27.5,33.765981284232,-137.0330085889));
#8735 = VECTOR('',#8736,1.);
#8736 = DIRECTION('',(-1.,0.,0.));
#8737 = PCURVE('',#1536,#8738);
#8738 = DEFINITIONAL_REPRESENTATION('',(#8739),#8743);
#8739 = LINE('',#8740,#8741);
#8740 = CARTESIAN_POINT('',(26.5,-1.));
#8741 = VECTOR('',#8742,1.);
#8742 = DIRECTION('',(1.,0.));
#8743 = ( GEOMETRIC_REPRESENTATION_CONTEXT(2) 
PARAMETRIC_REPRESENTATION_CONTEXT() REPRESENTATION_CONTEXT('2D SPACE',''
  ) );
#8744 = PCURVE('',#3068,#8745);
#8745 = DEFINITIONAL_REPRESENTATION('',(#8746),#8750);
#8746 = LINE('',#8747,#8748);
#8747 = CARTESIAN_POINT('',(28.,26.5));
#8748 = VECTOR('',#8749,1.);
#8749 = DIRECTION('',(0.,-1.));
#8750 = ( GEOMETRIC_REPRESENTATION_CONTEXT(2) 
PARAMETRIC_REPRESENTATION_CONTEXT() REPRESENTATION_CONTEXT('2D SPACE',''
  ) );
#8751 = ORIENTED_EDGE('',*,*,#8752,.T.);
#8752 = EDGE_CURVE('',#8730,#1493,#8753,.T.);
#8753 = SURFACE_CURVE('',#8754,(#8758,#8765),.PCURVE_S1.);
#8754 = LINE('',#8755,#8756);
#8755 = CARTESIAN_POINT('',(54.,34.473088065419,-136.3259018078));
#8756 = VECTOR('',#8757,1.);
#8757 = DIRECTION('',(0.,-0.707106781187,-0.707106781187));
#8758 = PCURVE('',#1536,#8759);
#8759 = DEFINITIONAL_REPRESENTATION('',(#8760),#8764);
#8760 = LINE('',#8761,#8762);
#8761 = CARTESIAN_POINT('',(0.,0.));
#8762 = VECTOR('',#8763,1.);
#8763 = DIRECTION('',(-0.,-1.));
#8764 = ( GEOMETRIC_REPRESENTATION_CONTEXT(2) 
PARAMETRIC_REPRESENTATION_CONTEXT() REPRESENTATION_CONTEXT('2D SPACE',''
  ) );
#8765 = PCURVE('',#1508,#8766);
#8766 = DEFINITIONAL_REPRESENTATION('',(#8767),#8771);
#8767 = LINE('',#8768,#8769);
#8768 = CARTESIAN_POINT('',(8.485281374239,-4.440892098501E-16));
#8769 = VECTOR('',#8770,1.);
#8770 = DIRECTION('',(0.,-1.));
#8771 = ( GEOMETRIC_REPRESENTATION_CONTEXT(2) 
PARAMETRIC_REPRESENTATION_CONTEXT() REPRESENTATION_CONTEXT('2D SPACE',''
  ) );
#8772 = ORIENTED_EDGE('',*,*,#1520,.T.);
#8773 = ORIENTED_EDGE('',*,*,#8654,.F.);
#8774 = ADVANCED_FACE('',(#8775),#1480,.T.);
#8775 = FACE_BOUND('',#8776,.T.);
#8776 = EDGE_LOOP('',(#8777,#8800,#8801,#8802));
#8777 = ORIENTED_EDGE('',*,*,#8778,.F.);
#8778 = EDGE_CURVE('',#8681,#8779,#8781,.T.);
#8779 = VERTEX_POINT('',#8780);
#8780 = CARTESIAN_POINT('',(60.,38.008621971352,-141.2756492761));
#8781 = SURFACE_CURVE('',#8782,(#8786,#8793),.PCURVE_S1.);
#8782 = LINE('',#8783,#8784);
#8783 = CARTESIAN_POINT('',(60.,50.029437251523,-153.2964645562));
#8784 = VECTOR('',#8785,1.);
#8785 = DIRECTION('',(0.,-0.707106781187,0.707106781187));
#8786 = PCURVE('',#1480,#8787);
#8787 = DEFINITIONAL_REPRESENTATION('',(#8788),#8792);
#8788 = LINE('',#8789,#8790);
#8789 = CARTESIAN_POINT('',(-5.,-1.));
#8790 = VECTOR('',#8791,1.);
#8791 = DIRECTION('',(1.,0.));
#8792 = ( GEOMETRIC_REPRESENTATION_CONTEXT(2) 
PARAMETRIC_REPRESENTATION_CONTEXT() REPRESENTATION_CONTEXT('2D SPACE',''
  ) );
#8793 = PCURVE('',#3068,#8794);
#8794 = DEFINITIONAL_REPRESENTATION('',(#8795),#8799);
#8795 = LINE('',#8796,#8797);
#8796 = CARTESIAN_POINT('',(5.,59.));
#8797 = VECTOR('',#8798,1.);
#8798 = DIRECTION('',(1.,0.));
#8799 = ( GEOMETRIC_REPRESENTATION_CONTEXT(2) 
PARAMETRIC_REPRESENTATION_CONTEXT() REPRESENTATION_CONTEXT('2D SPACE',''
  ) );
#8800 = ORIENTED_EDGE('',*,*,#8705,.T.);
#8801 = ORIENTED_EDGE('',*,*,#1464,.T.);
#8802 = ORIENTED_EDGE('',*,*,#8803,.F.);
#8803 = EDGE_CURVE('',#8779,#1465,#8804,.T.);
#8804 = SURFACE_CURVE('',#8805,(#8809,#8816),.PCURVE_S1.);
#8805 = LINE('',#8806,#8807);
#8806 = CARTESIAN_POINT('',(60.,38.715728752538,-140.5685424949));
#8807 = VECTOR('',#8808,1.);
#8808 = DIRECTION('',(0.,-0.707106781187,-0.707106781187));
#8809 = PCURVE('',#1480,#8810);
#8810 = DEFINITIONAL_REPRESENTATION('',(#8811),#8815);
#8811 = LINE('',#8812,#8813);
#8812 = CARTESIAN_POINT('',(12.,9.769962616701E-15));
#8813 = VECTOR('',#8814,1.);
#8814 = DIRECTION('',(0.,-1.));
#8815 = ( GEOMETRIC_REPRESENTATION_CONTEXT(2) 
PARAMETRIC_REPRESENTATION_CONTEXT() REPRESENTATION_CONTEXT('2D SPACE',''
  ) );
#8816 = PCURVE('',#1508,#8817);
#8817 = DEFINITIONAL_REPRESENTATION('',(#8818),#8822);
#8818 = LINE('',#8819,#8820);
#8819 = CARTESIAN_POINT('',(0.,0.));
#8820 = VECTOR('',#8821,1.);
#8821 = DIRECTION('',(0.,-1.));
#8822 = ( GEOMETRIC_REPRESENTATION_CONTEXT(2) 
PARAMETRIC_REPRESENTATION_CONTEXT() REPRESENTATION_CONTEXT('2D SPACE',''
  ) );
#8823 = ADVANCED_FACE('',(#8824),#1508,.T.);
#8824 = FACE_BOUND('',#8825,.T.);
#8825 = EDGE_LOOP('',(#8826,#8847,#8848,#8849));
#8826 = ORIENTED_EDGE('',*,*,#8827,.F.);
#8827 = EDGE_CURVE('',#8779,#8730,#8828,.T.);
#8828 = SURFACE_CURVE('',#8829,(#8833,#8840),.PCURVE_S1.);
#8829 = LINE('',#8830,#8831);
#8830 = CARTESIAN_POINT('',(50.75,31.467884245376,-134.7349115501));
#8831 = VECTOR('',#8832,1.);
#8832 = DIRECTION('',(-0.707106781187,-0.5,0.5));
#8833 = PCURVE('',#1508,#8834);
#8834 = DEFINITIONAL_REPRESENTATION('',(#8835),#8839);
#8835 = LINE('',#8836,#8837);
#8836 = CARTESIAN_POINT('',(13.081475451951,-1.));
#8837 = VECTOR('',#8838,1.);
#8838 = DIRECTION('',(1.,0.));
#8839 = ( GEOMETRIC_REPRESENTATION_CONTEXT(2) 
PARAMETRIC_REPRESENTATION_CONTEXT() REPRESENTATION_CONTEXT('2D SPACE',''
  ) );
#8840 = PCURVE('',#3068,#8841);
#8841 = DEFINITIONAL_REPRESENTATION('',(#8842),#8846);
#8842 = LINE('',#8843,#8844);
#8843 = CARTESIAN_POINT('',(31.25,49.75));
#8844 = VECTOR('',#8845,1.);
#8845 = DIRECTION('',(0.707106781187,-0.707106781187));
#8846 = ( GEOMETRIC_REPRESENTATION_CONTEXT(2) 
PARAMETRIC_REPRESENTATION_CONTEXT() REPRESENTATION_CONTEXT('2D SPACE',''
  ) );
#8847 = ORIENTED_EDGE('',*,*,#8803,.T.);
#8848 = ORIENTED_EDGE('',*,*,#1492,.T.);
#8849 = ORIENTED_EDGE('',*,*,#8752,.F.);
#8850 = ADVANCED_FACE('',(#8851),#1594,.T.);
#8851 = FACE_BOUND('',#8852,.T.);
#8852 = EDGE_LOOP('',(#8853,#8878,#8899,#8900));
#8853 = ORIENTED_EDGE('',*,*,#8854,.F.);
#8854 = EDGE_CURVE('',#8855,#8857,#8859,.T.);
#8855 = VERTEX_POINT('',#8856);
#8856 = CARTESIAN_POINT('',(88.,38.008621971352,-141.2756492761));
#8857 = VERTEX_POINT('',#8858);
#8858 = CARTESIAN_POINT('',(88.,46.49390334559,-149.7609306503));
#8859 = SURFACE_CURVE('',#8860,(#8864,#8871),.PCURVE_S1.);
#8860 = LINE('',#8861,#8862);
#8861 = CARTESIAN_POINT('',(88.,45.786796564404,-149.0538238691));
#8862 = VECTOR('',#8863,1.);
#8863 = DIRECTION('',(0.,0.707106781187,-0.707106781187));
#8864 = PCURVE('',#1594,#8865);
#8865 = DEFINITIONAL_REPRESENTATION('',(#8866),#8870);
#8866 = LINE('',#8867,#8868);
#8867 = CARTESIAN_POINT('',(11.,-1.));
#8868 = VECTOR('',#8869,1.);
#8869 = DIRECTION('',(1.,0.));
#8870 = ( GEOMETRIC_REPRESENTATION_CONTEXT(2) 
PARAMETRIC_REPRESENTATION_CONTEXT() REPRESENTATION_CONTEXT('2D SPACE',''
  ) );
#8871 = PCURVE('',#3068,#8872);
#8872 = DEFINITIONAL_REPRESENTATION('',(#8873),#8877);
#8873 = LINE('',#8874,#8875);
#8874 = CARTESIAN_POINT('',(11.,87.));
#8875 = VECTOR('',#8876,1.);
#8876 = DIRECTION('',(-1.,0.));
#8877 = ( GEOMETRIC_REPRESENTATION_CONTEXT(2) 
PARAMETRIC_REPRESENTATION_CONTEXT() REPRESENTATION_CONTEXT('2D SPACE',''
  ) );
#8878 = ORIENTED_EDGE('',*,*,#8879,.T.);
#8879 = EDGE_CURVE('',#8855,#1577,#8880,.T.);
#8880 = SURFACE_CURVE('',#8881,(#8885,#8892),.PCURVE_S1.);
#8881 = LINE('',#8882,#8883);
#8882 = CARTESIAN_POINT('',(88.,38.715728752538,-140.5685424949));
#8883 = VECTOR('',#8884,1.);
#8884 = DIRECTION('',(0.,-0.707106781187,-0.707106781187));
#8885 = PCURVE('',#1594,#8886);
#8886 = DEFINITIONAL_REPRESENTATION('',(#8887),#8891);
#8887 = LINE('',#8888,#8889);
#8888 = CARTESIAN_POINT('',(0.,0.));
#8889 = VECTOR('',#8890,1.);
#8890 = DIRECTION('',(0.,-1.));
#8891 = ( GEOMETRIC_REPRESENTATION_CONTEXT(2) 
PARAMETRIC_REPRESENTATION_CONTEXT() REPRESENTATION_CONTEXT('2D SPACE',''
  ) );
#8892 = PCURVE('',#1732,#8893);
#8893 = DEFINITIONAL_REPRESENTATION('',(#8894),#8898);
#8894 = LINE('',#8895,#8896);
#8895 = CARTESIAN_POINT('',(8.485281374239,4.440892098501E-16));
#8896 = VECTOR('',#8897,1.);
#8897 = DIRECTION('',(0.,-1.));
#8898 = ( GEOMETRIC_REPRESENTATION_CONTEXT(2) 
PARAMETRIC_REPRESENTATION_CONTEXT() REPRESENTATION_CONTEXT('2D SPACE',''
  ) );
#8899 = ORIENTED_EDGE('',*,*,#1576,.T.);
#8900 = ORIENTED_EDGE('',*,*,#8901,.F.);
#8901 = EDGE_CURVE('',#8857,#1579,#8902,.T.);
#8902 = SURFACE_CURVE('',#8903,(#8907,#8914),.PCURVE_S1.);
#8903 = LINE('',#8904,#8905);
#8904 = CARTESIAN_POINT('',(88.,47.201010126777,-149.0538238691));
#8905 = VECTOR('',#8906,1.);
#8906 = DIRECTION('',(0.,-0.707106781187,-0.707106781187));
#8907 = PCURVE('',#1594,#8908);
#8908 = DEFINITIONAL_REPRESENTATION('',(#8909),#8913);
#8909 = LINE('',#8910,#8911);
#8910 = CARTESIAN_POINT('',(12.,-9.769962616701E-15));
#8911 = VECTOR('',#8912,1.);
#8912 = DIRECTION('',(0.,-1.));
#8913 = ( GEOMETRIC_REPRESENTATION_CONTEXT(2) 
PARAMETRIC_REPRESENTATION_CONTEXT() REPRESENTATION_CONTEXT('2D SPACE',''
  ) );
#8914 = PCURVE('',#1622,#8915);
#8915 = DEFINITIONAL_REPRESENTATION('',(#8916),#8920);
#8916 = LINE('',#8917,#8918);
#8917 = CARTESIAN_POINT('',(0.,0.));
#8918 = VECTOR('',#8919,1.);
#8919 = DIRECTION('',(0.,-1.));
#8920 = ( GEOMETRIC_REPRESENTATION_CONTEXT(2) 
PARAMETRIC_REPRESENTATION_CONTEXT() REPRESENTATION_CONTEXT('2D SPACE',''
  ) );
#8921 = ADVANCED_FACE('',(#8922),#1732,.T.);
#8922 = FACE_BOUND('',#8923,.T.);
#8923 = EDGE_LOOP('',(#8924,#8947,#8968,#8969));
#8924 = ORIENTED_EDGE('',*,*,#8925,.F.);
#8925 = EDGE_CURVE('',#8926,#8855,#8928,.T.);
#8926 = VERTEX_POINT('',#8927);
#8927 = CARTESIAN_POINT('',(94.,33.765981284232,-137.0330085889));
#8928 = SURFACE_CURVE('',#8929,(#8933,#8940),.PCURVE_S1.);
#8929 = LINE('',#8930,#8931);
#8930 = CARTESIAN_POINT('',(63.75,55.155961415125,-158.4229887198));
#8931 = VECTOR('',#8932,1.);
#8932 = DIRECTION('',(-0.707106781187,0.5,-0.5));
#8933 = PCURVE('',#1732,#8934);
#8934 = DEFINITIONAL_REPRESENTATION('',(#8935),#8939);
#8935 = LINE('',#8936,#8937);
#8936 = CARTESIAN_POINT('',(42.779960261786,-1.));
#8937 = VECTOR('',#8938,1.);
#8938 = DIRECTION('',(1.,0.));
#8939 = ( GEOMETRIC_REPRESENTATION_CONTEXT(2) 
PARAMETRIC_REPRESENTATION_CONTEXT() REPRESENTATION_CONTEXT('2D SPACE',''
  ) );
#8940 = PCURVE('',#3068,#8941);
#8941 = DEFINITIONAL_REPRESENTATION('',(#8942),#8946);
#8942 = LINE('',#8943,#8944);
#8943 = CARTESIAN_POINT('',(-2.25,62.75));
#8944 = VECTOR('',#8945,1.);
#8945 = DIRECTION('',(-0.707106781187,-0.707106781187));
#8946 = ( GEOMETRIC_REPRESENTATION_CONTEXT(2) 
PARAMETRIC_REPRESENTATION_CONTEXT() REPRESENTATION_CONTEXT('2D SPACE',''
  ) );
#8947 = ORIENTED_EDGE('',*,*,#8948,.T.);
#8948 = EDGE_CURVE('',#8926,#1691,#8949,.T.);
#8949 = SURFACE_CURVE('',#8950,(#8954,#8961),.PCURVE_S1.);
#8950 = LINE('',#8951,#8952);
#8951 = CARTESIAN_POINT('',(94.,34.473088065419,-136.3259018078));
#8952 = VECTOR('',#8953,1.);
#8953 = DIRECTION('',(0.,-0.707106781187,-0.707106781187));
#8954 = PCURVE('',#1732,#8955);
#8955 = DEFINITIONAL_REPRESENTATION('',(#8956),#8960);
#8956 = LINE('',#8957,#8958);
#8957 = CARTESIAN_POINT('',(0.,0.));
#8958 = VECTOR('',#8959,1.);
#8959 = DIRECTION('',(0.,-1.));
#8960 = ( GEOMETRIC_REPRESENTATION_CONTEXT(2) 
PARAMETRIC_REPRESENTATION_CONTEXT() REPRESENTATION_CONTEXT('2D SPACE',''
  ) );
#8961 = PCURVE('',#1706,#8962);
#8962 = DEFINITIONAL_REPRESENTATION('',(#8963),#8967);
#8963 = LINE('',#8964,#8965);
#8964 = CARTESIAN_POINT('',(4.,0.));
#8965 = VECTOR('',#8966,1.);
#8966 = DIRECTION('',(-0.,-1.));
#8967 = ( GEOMETRIC_REPRESENTATION_CONTEXT(2) 
PARAMETRIC_REPRESENTATION_CONTEXT() REPRESENTATION_CONTEXT('2D SPACE',''
  ) );
#8968 = ORIENTED_EDGE('',*,*,#1718,.T.);
#8969 = ORIENTED_EDGE('',*,*,#8879,.F.);
#8970 = ADVANCED_FACE('',(#8971),#1622,.T.);
#8971 = FACE_BOUND('',#8972,.T.);
#8972 = EDGE_LOOP('',(#8973,#8996,#8997,#8998));
#8973 = ORIENTED_EDGE('',*,*,#8974,.F.);
#8974 = EDGE_CURVE('',#8857,#8975,#8977,.T.);
#8975 = VERTEX_POINT('',#8976);
#8976 = CARTESIAN_POINT('',(104.,46.49390334559,-149.7609306503));
#8977 = SURFACE_CURVE('',#8978,(#8982,#8989),.PCURVE_S1.);
#8978 = LINE('',#8979,#8980);
#8979 = CARTESIAN_POINT('',(44.5,46.49390334559,-149.7609306503));
#8980 = VECTOR('',#8981,1.);
#8981 = DIRECTION('',(1.,0.,0.));
#8982 = PCURVE('',#1622,#8983);
#8983 = DEFINITIONAL_REPRESENTATION('',(#8984),#8988);
#8984 = LINE('',#8985,#8986);
#8985 = CARTESIAN_POINT('',(-43.5,-1.));
#8986 = VECTOR('',#8987,1.);
#8987 = DIRECTION('',(1.,0.));
#8988 = ( GEOMETRIC_REPRESENTATION_CONTEXT(2) 
PARAMETRIC_REPRESENTATION_CONTEXT() REPRESENTATION_CONTEXT('2D SPACE',''
  ) );
#8989 = PCURVE('',#3068,#8990);
#8990 = DEFINITIONAL_REPRESENTATION('',(#8991),#8995);
#8991 = LINE('',#8992,#8993);
#8992 = CARTESIAN_POINT('',(10.,43.5));
#8993 = VECTOR('',#8994,1.);
#8994 = DIRECTION('',(0.,1.));
#8995 = ( GEOMETRIC_REPRESENTATION_CONTEXT(2) 
PARAMETRIC_REPRESENTATION_CONTEXT() REPRESENTATION_CONTEXT('2D SPACE',''
  ) );
#8996 = ORIENTED_EDGE('',*,*,#8901,.T.);
#8997 = ORIENTED_EDGE('',*,*,#1606,.T.);
#8998 = ORIENTED_EDGE('',*,*,#8999,.F.);
#8999 = EDGE_CURVE('',#8975,#1607,#9000,.T.);
#9000 = SURFACE_CURVE('',#9001,(#9005,#9012),.PCURVE_S1.);
#9001 = LINE('',#9002,#9003);
#9002 = CARTESIAN_POINT('',(104.,47.201010126777,-149.0538238691));
#9003 = VECTOR('',#9004,1.);
#9004 = DIRECTION('',(0.,-0.707106781187,-0.707106781187));
#9005 = PCURVE('',#1622,#9006);
#9006 = DEFINITIONAL_REPRESENTATION('',(#9007),#9011);
#9007 = LINE('',#9008,#9009);
#9008 = CARTESIAN_POINT('',(16.,0.));
#9009 = VECTOR('',#9010,1.);
#9010 = DIRECTION('',(0.,-1.));
#9011 = ( GEOMETRIC_REPRESENTATION_CONTEXT(2) 
PARAMETRIC_REPRESENTATION_CONTEXT() REPRESENTATION_CONTEXT('2D SPACE',''
  ) );
#9012 = PCURVE('',#1650,#9013);
#9013 = DEFINITIONAL_REPRESENTATION('',(#9014),#9018);
#9014 = LINE('',#9015,#9016);
#9015 = CARTESIAN_POINT('',(0.,0.));
#9016 = VECTOR('',#9017,1.);
#9017 = DIRECTION('',(0.,-1.));
#9018 = ( GEOMETRIC_REPRESENTATION_CONTEXT(2) 
PARAMETRIC_REPRESENTATION_CONTEXT() REPRESENTATION_CONTEXT('2D SPACE',''
  ) );
#9019 = ADVANCED_FACE('',(#9020),#1706,.T.);
#9020 = FACE_BOUND('',#9021,.T.);
#9021 = EDGE_LOOP('',(#9022,#9045,#9066,#9067));
#9022 = ORIENTED_EDGE('',*,*,#9023,.F.);
#9023 = EDGE_CURVE('',#9024,#8926,#9026,.T.);
#9024 = VERTEX_POINT('',#9025);
#9025 = CARTESIAN_POINT('',(98.,33.765981284232,-137.0330085889));
#9026 = SURFACE_CURVE('',#9027,(#9031,#9038),.PCURVE_S1.);
#9027 = LINE('',#9028,#9029);
#9028 = CARTESIAN_POINT('',(49.5,33.765981284232,-137.0330085889));
#9029 = VECTOR('',#9030,1.);
#9030 = DIRECTION('',(-1.,0.,0.));
#9031 = PCURVE('',#1706,#9032);
#9032 = DEFINITIONAL_REPRESENTATION('',(#9033),#9037);
#9033 = LINE('',#9034,#9035);
#9034 = CARTESIAN_POINT('',(48.5,-1.));
#9035 = VECTOR('',#9036,1.);
#9036 = DIRECTION('',(1.,0.));
#9037 = ( GEOMETRIC_REPRESENTATION_CONTEXT(2) 
PARAMETRIC_REPRESENTATION_CONTEXT() REPRESENTATION_CONTEXT('2D SPACE',''
  ) );
#9038 = PCURVE('',#3068,#9039);
#9039 = DEFINITIONAL_REPRESENTATION('',(#9040),#9044);
#9040 = LINE('',#9041,#9042);
#9041 = CARTESIAN_POINT('',(28.,48.5));
#9042 = VECTOR('',#9043,1.);
#9043 = DIRECTION('',(0.,-1.));
#9044 = ( GEOMETRIC_REPRESENTATION_CONTEXT(2) 
PARAMETRIC_REPRESENTATION_CONTEXT() REPRESENTATION_CONTEXT('2D SPACE',''
  ) );
#9045 = ORIENTED_EDGE('',*,*,#9046,.T.);
#9046 = EDGE_CURVE('',#9024,#1663,#9047,.T.);
#9047 = SURFACE_CURVE('',#9048,(#9052,#9059),.PCURVE_S1.);
#9048 = LINE('',#9049,#9050);
#9049 = CARTESIAN_POINT('',(98.,34.473088065419,-136.3259018078));
#9050 = VECTOR('',#9051,1.);
#9051 = DIRECTION('',(0.,-0.707106781187,-0.707106781187));
#9052 = PCURVE('',#1706,#9053);
#9053 = DEFINITIONAL_REPRESENTATION('',(#9054),#9058);
#9054 = LINE('',#9055,#9056);
#9055 = CARTESIAN_POINT('',(0.,0.));
#9056 = VECTOR('',#9057,1.);
#9057 = DIRECTION('',(-0.,-1.));
#9058 = ( GEOMETRIC_REPRESENTATION_CONTEXT(2) 
PARAMETRIC_REPRESENTATION_CONTEXT() REPRESENTATION_CONTEXT('2D SPACE',''
  ) );
#9059 = PCURVE('',#1678,#9060);
#9060 = DEFINITIONAL_REPRESENTATION('',(#9061),#9065);
#9061 = LINE('',#9062,#9063);
#9062 = CARTESIAN_POINT('',(8.485281374239,-4.440892098501E-16));
#9063 = VECTOR('',#9064,1.);
#9064 = DIRECTION('',(0.,-1.));
#9065 = ( GEOMETRIC_REPRESENTATION_CONTEXT(2) 
PARAMETRIC_REPRESENTATION_CONTEXT() REPRESENTATION_CONTEXT('2D SPACE',''
  ) );
#9066 = ORIENTED_EDGE('',*,*,#1690,.T.);
#9067 = ORIENTED_EDGE('',*,*,#8948,.F.);
#9068 = ADVANCED_FACE('',(#9069),#1650,.T.);
#9069 = FACE_BOUND('',#9070,.T.);
#9070 = EDGE_LOOP('',(#9071,#9094,#9095,#9096));
#9071 = ORIENTED_EDGE('',*,*,#9072,.F.);
#9072 = EDGE_CURVE('',#8975,#9073,#9075,.T.);
#9073 = VERTEX_POINT('',#9074);
#9074 = CARTESIAN_POINT('',(104.,38.008621971352,-141.2756492761));
#9075 = SURFACE_CURVE('',#9076,(#9080,#9087),.PCURVE_S1.);
#9076 = LINE('',#9077,#9078);
#9077 = CARTESIAN_POINT('',(104.,50.029437251523,-153.2964645562));
#9078 = VECTOR('',#9079,1.);
#9079 = DIRECTION('',(0.,-0.707106781187,0.707106781187));
#9080 = PCURVE('',#1650,#9081);
#9081 = DEFINITIONAL_REPRESENTATION('',(#9082),#9086);
#9082 = LINE('',#9083,#9084);
#9083 = CARTESIAN_POINT('',(-5.,-1.));
#9084 = VECTOR('',#9085,1.);
#9085 = DIRECTION('',(1.,0.));
#9086 = ( GEOMETRIC_REPRESENTATION_CONTEXT(2) 
PARAMETRIC_REPRESENTATION_CONTEXT() REPRESENTATION_CONTEXT('2D SPACE',''
  ) );
#9087 = PCURVE('',#3068,#9088);
#9088 = DEFINITIONAL_REPRESENTATION('',(#9089),#9093);
#9089 = LINE('',#9090,#9091);
#9090 = CARTESIAN_POINT('',(5.,103.));
#9091 = VECTOR('',#9092,1.);
#9092 = DIRECTION('',(1.,0.));
#9093 = ( GEOMETRIC_REPRESENTATION_CONTEXT(2) 
PARAMETRIC_REPRESENTATION_CONTEXT() REPRESENTATION_CONTEXT('2D SPACE',''
  ) );
#9094 = ORIENTED_EDGE('',*,*,#8999,.T.);
#9095 = ORIENTED_EDGE('',*,*,#1634,.T.);
#9096 = ORIENTED_EDGE('',*,*,#9097,.F.);
#9097 = EDGE_CURVE('',#9073,#1635,#9098,.T.);
#9098 = SURFACE_CURVE('',#9099,(#9103,#9110),.PCURVE_S1.);
#9099 = LINE('',#9100,#9101);
#9100 = CARTESIAN_POINT('',(104.,38.715728752538,-140.5685424949));
#9101 = VECTOR('',#9102,1.);
#9102 = DIRECTION('',(0.,-0.707106781187,-0.707106781187));
#9103 = PCURVE('',#1650,#9104);
#9104 = DEFINITIONAL_REPRESENTATION('',(#9105),#9109);
#9105 = LINE('',#9106,#9107);
#9106 = CARTESIAN_POINT('',(12.,9.769962616701E-15));
#9107 = VECTOR('',#9108,1.);
#9108 = DIRECTION('',(0.,-1.));
#9109 = ( GEOMETRIC_REPRESENTATION_CONTEXT(2) 
PARAMETRIC_REPRESENTATION_CONTEXT() REPRESENTATION_CONTEXT('2D SPACE',''
  ) );
#9110 = PCURVE('',#1678,#9111);
#9111 = DEFINITIONAL_REPRESENTATION('',(#9112),#9116);
#9112 = LINE('',#9113,#9114);
#9113 = CARTESIAN_POINT('',(0.,0.));
#9114 = VECTOR('',#9115,1.);
#9115 = DIRECTION('',(0.,-1.));
#9116 = ( GEOMETRIC_REPRESENTATION_CONTEXT(2) 
PARAMETRIC_REPRESENTATION_CONTEXT() REPRESENTATION_CONTEXT('2D SPACE',''
  ) );
#9117 = ADVANCED_FACE('',(#9118),#1678,.T.);
#9118 = FACE_BOUND('',#9119,.T.);
#9119 = EDGE_LOOP('',(#9120,#9141,#9142,#9143));
#9120 = ORIENTED_EDGE('',*,*,#9121,.F.);
#9121 = EDGE_CURVE('',#9073,#9024,#9122,.T.);
#9122 = SURFACE_CURVE('',#9123,(#9127,#9134),.PCURVE_S1.);
#9123 = LINE('',#9124,#9125);
#9124 = CARTESIAN_POINT('',(83.75,23.689709652324,-126.956736957));
#9125 = VECTOR('',#9126,1.);
#9126 = DIRECTION('',(-0.707106781187,-0.5,0.5));
#9127 = PCURVE('',#1678,#9128);
#9128 = DEFINITIONAL_REPRESENTATION('',(#9129),#9133);
#9129 = LINE('',#9130,#9131);
#9130 = CARTESIAN_POINT('',(28.637824638055,-1.));
#9131 = VECTOR('',#9132,1.);
#9132 = DIRECTION('',(1.,0.));
#9133 = ( GEOMETRIC_REPRESENTATION_CONTEXT(2) 
PARAMETRIC_REPRESENTATION_CONTEXT() REPRESENTATION_CONTEXT('2D SPACE',''
  ) );
#9134 = PCURVE('',#3068,#9135);
#9135 = DEFINITIONAL_REPRESENTATION('',(#9136),#9140);
#9136 = LINE('',#9137,#9138);
#9137 = CARTESIAN_POINT('',(42.25,82.75));
#9138 = VECTOR('',#9139,1.);
#9139 = DIRECTION('',(0.707106781187,-0.707106781187));
#9140 = ( GEOMETRIC_REPRESENTATION_CONTEXT(2) 
PARAMETRIC_REPRESENTATION_CONTEXT() REPRESENTATION_CONTEXT('2D SPACE',''
  ) );
#9141 = ORIENTED_EDGE('',*,*,#9097,.T.);
#9142 = ORIENTED_EDGE('',*,*,#1662,.T.);
#9143 = ORIENTED_EDGE('',*,*,#9046,.F.);
#9144 = ADVANCED_FACE('',(#9145),#1764,.T.);
#9145 = FACE_BOUND('',#9146,.T.);
#9146 = EDGE_LOOP('',(#9147,#9172,#9193,#9194));
#9147 = ORIENTED_EDGE('',*,*,#9148,.F.);
#9148 = EDGE_CURVE('',#9149,#9151,#9153,.T.);
#9149 = VERTEX_POINT('',#9150);
#9150 = CARTESIAN_POINT('',(66.,38.008621971352,-141.2756492761));
#9151 = VERTEX_POINT('',#9152);
#9152 = CARTESIAN_POINT('',(66.,46.49390334559,-149.7609306503));
#9153 = SURFACE_CURVE('',#9154,(#9158,#9165),.PCURVE_S1.);
#9154 = LINE('',#9155,#9156);
#9155 = CARTESIAN_POINT('',(66.,45.786796564404,-149.0538238691));
#9156 = VECTOR('',#9157,1.);
#9157 = DIRECTION('',(0.,0.707106781187,-0.707106781187));
#9158 = PCURVE('',#1764,#9159);
#9159 = DEFINITIONAL_REPRESENTATION('',(#9160),#9164);
#9160 = LINE('',#9161,#9162);
#9161 = CARTESIAN_POINT('',(11.,-1.));
#9162 = VECTOR('',#9163,1.);
#9163 = DIRECTION('',(1.,0.));
#9164 = ( GEOMETRIC_REPRESENTATION_CONTEXT(2) 
PARAMETRIC_REPRESENTATION_CONTEXT() REPRESENTATION_CONTEXT('2D SPACE',''
  ) );
#9165 = PCURVE('',#3068,#9166);
#9166 = DEFINITIONAL_REPRESENTATION('',(#9167),#9171);
#9167 = LINE('',#9168,#9169);
#9168 = CARTESIAN_POINT('',(11.,65.));
#9169 = VECTOR('',#9170,1.);
#9170 = DIRECTION('',(-1.,0.));
#9171 = ( GEOMETRIC_REPRESENTATION_CONTEXT(2) 
PARAMETRIC_REPRESENTATION_CONTEXT() REPRESENTATION_CONTEXT('2D SPACE',''
  ) );
#9172 = ORIENTED_EDGE('',*,*,#9173,.T.);
#9173 = EDGE_CURVE('',#9149,#1747,#9174,.T.);
#9174 = SURFACE_CURVE('',#9175,(#9179,#9186),.PCURVE_S1.);
#9175 = LINE('',#9176,#9177);
#9176 = CARTESIAN_POINT('',(66.,38.715728752538,-140.5685424949));
#9177 = VECTOR('',#9178,1.);
#9178 = DIRECTION('',(0.,-0.707106781187,-0.707106781187));
#9179 = PCURVE('',#1764,#9180);
#9180 = DEFINITIONAL_REPRESENTATION('',(#9181),#9185);
#9181 = LINE('',#9182,#9183);
#9182 = CARTESIAN_POINT('',(0.,0.));
#9183 = VECTOR('',#9184,1.);
#9184 = DIRECTION('',(0.,-1.));
#9185 = ( GEOMETRIC_REPRESENTATION_CONTEXT(2) 
PARAMETRIC_REPRESENTATION_CONTEXT() REPRESENTATION_CONTEXT('2D SPACE',''
  ) );
#9186 = PCURVE('',#1902,#9187);
#9187 = DEFINITIONAL_REPRESENTATION('',(#9188),#9192);
#9188 = LINE('',#9189,#9190);
#9189 = CARTESIAN_POINT('',(8.485281374239,4.440892098501E-16));
#9190 = VECTOR('',#9191,1.);
#9191 = DIRECTION('',(0.,-1.));
#9192 = ( GEOMETRIC_REPRESENTATION_CONTEXT(2) 
PARAMETRIC_REPRESENTATION_CONTEXT() REPRESENTATION_CONTEXT('2D SPACE',''
  ) );
#9193 = ORIENTED_EDGE('',*,*,#1746,.T.);
#9194 = ORIENTED_EDGE('',*,*,#9195,.F.);
#9195 = EDGE_CURVE('',#9151,#1749,#9196,.T.);
#9196 = SURFACE_CURVE('',#9197,(#9201,#9208),.PCURVE_S1.);
#9197 = LINE('',#9198,#9199);
#9198 = CARTESIAN_POINT('',(66.,47.201010126777,-149.0538238691));
#9199 = VECTOR('',#9200,1.);
#9200 = DIRECTION('',(0.,-0.707106781187,-0.707106781187));
#9201 = PCURVE('',#1764,#9202);
#9202 = DEFINITIONAL_REPRESENTATION('',(#9203),#9207);
#9203 = LINE('',#9204,#9205);
#9204 = CARTESIAN_POINT('',(12.,-9.769962616701E-15));
#9205 = VECTOR('',#9206,1.);
#9206 = DIRECTION('',(0.,-1.));
#9207 = ( GEOMETRIC_REPRESENTATION_CONTEXT(2) 
PARAMETRIC_REPRESENTATION_CONTEXT() REPRESENTATION_CONTEXT('2D SPACE',''
  ) );
#9208 = PCURVE('',#1792,#9209);
#9209 = DEFINITIONAL_REPRESENTATION('',(#9210),#9214);
#9210 = LINE('',#9211,#9212);
#9211 = CARTESIAN_POINT('',(0.,0.));
#9212 = VECTOR('',#9213,1.);
#9213 = DIRECTION('',(0.,-1.));
#9214 = ( GEOMETRIC_REPRESENTATION_CONTEXT(2) 
PARAMETRIC_REPRESENTATION_CONTEXT() REPRESENTATION_CONTEXT('2D SPACE',''
  ) );
#9215 = ADVANCED_FACE('',(#9216),#1902,.T.);
#9216 = FACE_BOUND('',#9217,.T.);
#9217 = EDGE_LOOP('',(#9218,#9241,#9262,#9263));
#9218 = ORIENTED_EDGE('',*,*,#9219,.F.);
#9219 = EDGE_CURVE('',#9220,#9149,#9222,.T.);
#9220 = VERTEX_POINT('',#9221);
#9221 = CARTESIAN_POINT('',(72.,33.765981284232,-137.0330085889));
#9222 = SURFACE_CURVE('',#9223,(#9227,#9234),.PCURVE_S1.);
#9223 = LINE('',#9224,#9225);
#9224 = CARTESIAN_POINT('',(47.25,51.266874118599,-154.5339014233));
#9225 = VECTOR('',#9226,1.);
#9226 = DIRECTION('',(-0.707106781187,0.5,-0.5));
#9227 = PCURVE('',#1902,#9228);
#9228 = DEFINITIONAL_REPRESENTATION('',(#9229),#9233);
#9229 = LINE('',#9230,#9231);
#9230 = CARTESIAN_POINT('',(35.001785668734,-1.));
#9231 = VECTOR('',#9232,1.);
#9232 = DIRECTION('',(1.,0.));
#9233 = ( GEOMETRIC_REPRESENTATION_CONTEXT(2) 
PARAMETRIC_REPRESENTATION_CONTEXT() REPRESENTATION_CONTEXT('2D SPACE',''
  ) );
#9234 = PCURVE('',#3068,#9235);
#9235 = DEFINITIONAL_REPRESENTATION('',(#9236),#9240);
#9236 = LINE('',#9237,#9238);
#9237 = CARTESIAN_POINT('',(3.25,46.25));
#9238 = VECTOR('',#9239,1.);
#9239 = DIRECTION('',(-0.707106781187,-0.707106781187));
#9240 = ( GEOMETRIC_REPRESENTATION_CONTEXT(2) 
PARAMETRIC_REPRESENTATION_CONTEXT() REPRESENTATION_CONTEXT('2D SPACE',''
  ) );
#9241 = ORIENTED_EDGE('',*,*,#9242,.T.);
#9242 = EDGE_CURVE('',#9220,#1861,#9243,.T.);
#9243 = SURFACE_CURVE('',#9244,(#9248,#9255),.PCURVE_S1.);
#9244 = LINE('',#9245,#9246);
#9245 = CARTESIAN_POINT('',(72.,34.473088065419,-136.3259018078));
#9246 = VECTOR('',#9247,1.);
#9247 = DIRECTION('',(0.,-0.707106781187,-0.707106781187));
#9248 = PCURVE('',#1902,#9249);
#9249 = DEFINITIONAL_REPRESENTATION('',(#9250),#9254);
#9250 = LINE('',#9251,#9252);
#9251 = CARTESIAN_POINT('',(0.,0.));
#9252 = VECTOR('',#9253,1.);
#9253 = DIRECTION('',(0.,-1.));
#9254 = ( GEOMETRIC_REPRESENTATION_CONTEXT(2) 
PARAMETRIC_REPRESENTATION_CONTEXT() REPRESENTATION_CONTEXT('2D SPACE',''
  ) );
#9255 = PCURVE('',#1876,#9256);
#9256 = DEFINITIONAL_REPRESENTATION('',(#9257),#9261);
#9257 = LINE('',#9258,#9259);
#9258 = CARTESIAN_POINT('',(4.,0.));
#9259 = VECTOR('',#9260,1.);
#9260 = DIRECTION('',(-0.,-1.));
#9261 = ( GEOMETRIC_REPRESENTATION_CONTEXT(2) 
PARAMETRIC_REPRESENTATION_CONTEXT() REPRESENTATION_CONTEXT('2D SPACE',''
  ) );
#9262 = ORIENTED_EDGE('',*,*,#1888,.T.);
#9263 = ORIENTED_EDGE('',*,*,#9173,.F.);
#9264 = ADVANCED_FACE('',(#9265),#1792,.T.);
#9265 = FACE_BOUND('',#9266,.T.);
#9266 = EDGE_LOOP('',(#9267,#9290,#9291,#9292));
#9267 = ORIENTED_EDGE('',*,*,#9268,.F.);
#9268 = EDGE_CURVE('',#9151,#9269,#9271,.T.);
#9269 = VERTEX_POINT('',#9270);
#9270 = CARTESIAN_POINT('',(82.,46.49390334559,-149.7609306503));
#9271 = SURFACE_CURVE('',#9272,(#9276,#9283),.PCURVE_S1.);
#9272 = LINE('',#9273,#9274);
#9273 = CARTESIAN_POINT('',(33.5,46.49390334559,-149.7609306503));
#9274 = VECTOR('',#9275,1.);
#9275 = DIRECTION('',(1.,0.,0.));
#9276 = PCURVE('',#1792,#9277);
#9277 = DEFINITIONAL_REPRESENTATION('',(#9278),#9282);
#9278 = LINE('',#9279,#9280);
#9279 = CARTESIAN_POINT('',(-32.5,-1.));
#9280 = VECTOR('',#9281,1.);
#9281 = DIRECTION('',(1.,0.));
#9282 = ( GEOMETRIC_REPRESENTATION_CONTEXT(2) 
PARAMETRIC_REPRESENTATION_CONTEXT() REPRESENTATION_CONTEXT('2D SPACE',''
  ) );
#9283 = PCURVE('',#3068,#9284);
#9284 = DEFINITIONAL_REPRESENTATION('',(#9285),#9289);
#9285 = LINE('',#9286,#9287);
#9286 = CARTESIAN_POINT('',(10.,32.5));
#9287 = VECTOR('',#9288,1.);
#9288 = DIRECTION('',(0.,1.));
#9289 = ( GEOMETRIC_REPRESENTATION_CONTEXT(2) 
PARAMETRIC_REPRESENTATION_CONTEXT() REPRESENTATION_CONTEXT('2D SPACE',''
  ) );
#9290 = ORIENTED_EDGE('',*,*,#9195,.T.);
#9291 = ORIENTED_EDGE('',*,*,#1776,.T.);
#9292 = ORIENTED_EDGE('',*,*,#9293,.F.);
#9293 = EDGE_CURVE('',#9269,#1777,#9294,.T.);
#9294 = SURFACE_CURVE('',#9295,(#9299,#9306),.PCURVE_S1.);
#9295 = LINE('',#9296,#9297);
#9296 = CARTESIAN_POINT('',(82.,47.201010126777,-149.0538238691));
#9297 = VECTOR('',#9298,1.);
#9298 = DIRECTION('',(0.,-0.707106781187,-0.707106781187));
#9299 = PCURVE('',#1792,#9300);
#9300 = DEFINITIONAL_REPRESENTATION('',(#9301),#9305);
#9301 = LINE('',#9302,#9303);
#9302 = CARTESIAN_POINT('',(16.,0.));
#9303 = VECTOR('',#9304,1.);
#9304 = DIRECTION('',(0.,-1.));
#9305 = ( GEOMETRIC_REPRESENTATION_CONTEXT(2) 
PARAMETRIC_REPRESENTATION_CONTEXT() REPRESENTATION_CONTEXT('2D SPACE',''
  ) );
#9306 = PCURVE('',#1820,#9307);
#9307 = DEFINITIONAL_REPRESENTATION('',(#9308),#9312);
#9308 = LINE('',#9309,#9310);
#9309 = CARTESIAN_POINT('',(0.,0.));
#9310 = VECTOR('',#9311,1.);
#9311 = DIRECTION('',(0.,-1.));
#9312 = ( GEOMETRIC_REPRESENTATION_CONTEXT(2) 
PARAMETRIC_REPRESENTATION_CONTEXT() REPRESENTATION_CONTEXT('2D SPACE',''
  ) );
#9313 = ADVANCED_FACE('',(#9314),#1876,.T.);
#9314 = FACE_BOUND('',#9315,.T.);
#9315 = EDGE_LOOP('',(#9316,#9339,#9360,#9361));
#9316 = ORIENTED_EDGE('',*,*,#9317,.F.);
#9317 = EDGE_CURVE('',#9318,#9220,#9320,.T.);
#9318 = VERTEX_POINT('',#9319);
#9319 = CARTESIAN_POINT('',(76.,33.765981284232,-137.0330085889));
#9320 = SURFACE_CURVE('',#9321,(#9325,#9332),.PCURVE_S1.);
#9321 = LINE('',#9322,#9323);
#9322 = CARTESIAN_POINT('',(38.5,33.765981284232,-137.0330085889));
#9323 = VECTOR('',#9324,1.);
#9324 = DIRECTION('',(-1.,0.,0.));
#9325 = PCURVE('',#1876,#9326);
#9326 = DEFINITIONAL_REPRESENTATION('',(#9327),#9331);
#9327 = LINE('',#9328,#9329);
#9328 = CARTESIAN_POINT('',(37.5,-1.));
#9329 = VECTOR('',#9330,1.);
#9330 = DIRECTION('',(1.,0.));
#9331 = ( GEOMETRIC_REPRESENTATION_CONTEXT(2) 
PARAMETRIC_REPRESENTATION_CONTEXT() REPRESENTATION_CONTEXT('2D SPACE',''
  ) );
#9332 = PCURVE('',#3068,#9333);
#9333 = DEFINITIONAL_REPRESENTATION('',(#9334),#9338);
#9334 = LINE('',#9335,#9336);
#9335 = CARTESIAN_POINT('',(28.,37.5));
#9336 = VECTOR('',#9337,1.);
#9337 = DIRECTION('',(0.,-1.));
#9338 = ( GEOMETRIC_REPRESENTATION_CONTEXT(2) 
PARAMETRIC_REPRESENTATION_CONTEXT() REPRESENTATION_CONTEXT('2D SPACE',''
  ) );
#9339 = ORIENTED_EDGE('',*,*,#9340,.T.);
#9340 = EDGE_CURVE('',#9318,#1833,#9341,.T.);
#9341 = SURFACE_CURVE('',#9342,(#9346,#9353),.PCURVE_S1.);
#9342 = LINE('',#9343,#9344);
#9343 = CARTESIAN_POINT('',(76.,34.473088065419,-136.3259018078));
#9344 = VECTOR('',#9345,1.);
#9345 = DIRECTION('',(0.,-0.707106781187,-0.707106781187));
#9346 = PCURVE('',#1876,#9347);
#9347 = DEFINITIONAL_REPRESENTATION('',(#9348),#9352);
#9348 = LINE('',#9349,#9350);
#9349 = CARTESIAN_POINT('',(0.,0.));
#9350 = VECTOR('',#9351,1.);
#9351 = DIRECTION('',(-0.,-1.));
#9352 = ( GEOMETRIC_REPRESENTATION_CONTEXT(2) 
PARAMETRIC_REPRESENTATION_CONTEXT() REPRESENTATION_CONTEXT('2D SPACE',''
  ) );
#9353 = PCURVE('',#1848,#9354);
#9354 = DEFINITIONAL_REPRESENTATION('',(#9355),#9359);
#9355 = LINE('',#9356,#9357);
#9356 = CARTESIAN_POINT('',(8.485281374239,-4.440892098501E-16));
#9357 = VECTOR('',#9358,1.);
#9358 = DIRECTION('',(0.,-1.));
#9359 = ( GEOMETRIC_REPRESENTATION_CONTEXT(2) 
PARAMETRIC_REPRESENTATION_CONTEXT() REPRESENTATION_CONTEXT('2D SPACE',''
  ) );
#9360 = ORIENTED_EDGE('',*,*,#1860,.T.);
#9361 = ORIENTED_EDGE('',*,*,#9242,.F.);
#9362 = ADVANCED_FACE('',(#9363),#1820,.T.);
#9363 = FACE_BOUND('',#9364,.T.);
#9364 = EDGE_LOOP('',(#9365,#9388,#9389,#9390));
#9365 = ORIENTED_EDGE('',*,*,#9366,.F.);
#9366 = EDGE_CURVE('',#9269,#9367,#9369,.T.);
#9367 = VERTEX_POINT('',#9368);
#9368 = CARTESIAN_POINT('',(82.,38.008621971352,-141.2756492761));
#9369 = SURFACE_CURVE('',#9370,(#9374,#9381),.PCURVE_S1.);
#9370 = LINE('',#9371,#9372);
#9371 = CARTESIAN_POINT('',(82.,50.029437251523,-153.2964645562));
#9372 = VECTOR('',#9373,1.);
#9373 = DIRECTION('',(0.,-0.707106781187,0.707106781187));
#9374 = PCURVE('',#1820,#9375);
#9375 = DEFINITIONAL_REPRESENTATION('',(#9376),#9380);
#9376 = LINE('',#9377,#9378);
#9377 = CARTESIAN_POINT('',(-5.,-1.));
#9378 = VECTOR('',#9379,1.);
#9379 = DIRECTION('',(1.,0.));
#9380 = ( GEOMETRIC_REPRESENTATION_CONTEXT(2) 
PARAMETRIC_REPRESENTATION_CONTEXT() REPRESENTATION_CONTEXT('2D SPACE',''
  ) );
#9381 = PCURVE('',#3068,#9382);
#9382 = DEFINITIONAL_REPRESENTATION('',(#9383),#9387);
#9383 = LINE('',#9384,#9385);
#9384 = CARTESIAN_POINT('',(5.,81.));
#9385 = VECTOR('',#9386,1.);
#9386 = DIRECTION('',(1.,0.));
#9387 = ( GEOMETRIC_REPRESENTATION_CONTEXT(2) 
PARAMETRIC_REPRESENTATION_CONTEXT() REPRESENTATION_CONTEXT('2D SPACE',''
  ) );
#9388 = ORIENTED_EDGE('',*,*,#9293,.T.);
#9389 = ORIENTED_EDGE('',*,*,#1804,.T.);
#9390 = ORIENTED_EDGE('',*,*,#9391,.F.);
#9391 = EDGE_CURVE('',#9367,#1805,#9392,.T.);
#9392 = SURFACE_CURVE('',#9393,(#9397,#9404),.PCURVE_S1.);
#9393 = LINE('',#9394,#9395);
#9394 = CARTESIAN_POINT('',(82.,38.715728752538,-140.5685424949));
#9395 = VECTOR('',#9396,1.);
#9396 = DIRECTION('',(0.,-0.707106781187,-0.707106781187));
#9397 = PCURVE('',#1820,#9398);
#9398 = DEFINITIONAL_REPRESENTATION('',(#9399),#9403);
#9399 = LINE('',#9400,#9401);
#9400 = CARTESIAN_POINT('',(12.,9.769962616701E-15));
#9401 = VECTOR('',#9402,1.);
#9402 = DIRECTION('',(0.,-1.));
#9403 = ( GEOMETRIC_REPRESENTATION_CONTEXT(2) 
PARAMETRIC_REPRESENTATION_CONTEXT() REPRESENTATION_CONTEXT('2D SPACE',''
  ) );
#9404 = PCURVE('',#1848,#9405);
#9405 = DEFINITIONAL_REPRESENTATION('',(#9406),#9410);
#9406 = LINE('',#9407,#9408);
#9407 = CARTESIAN_POINT('',(0.,0.));
#9408 = VECTOR('',#9409,1.);
#9409 = DIRECTION('',(0.,-1.));
#9410 = ( GEOMETRIC_REPRESENTATION_CONTEXT(2) 
PARAMETRIC_REPRESENTATION_CONTEXT() REPRESENTATION_CONTEXT('2D SPACE',''
  ) );
#9411 = ADVANCED_FACE('',(#9412),#1848,.T.);
#9412 = FACE_BOUND('',#9413,.T.);
#9413 = EDGE_LOOP('',(#9414,#9435,#9436,#9437));
#9414 = ORIENTED_EDGE('',*,*,#9415,.F.);
#9415 = EDGE_CURVE('',#9367,#9318,#9416,.T.);
#9416 = SURFACE_CURVE('',#9417,(#9421,#9428),.PCURVE_S1.);
#9417 = LINE('',#9418,#9419);
#9418 = CARTESIAN_POINT('',(67.25,27.57879694885,-130.8458242536));
#9419 = VECTOR('',#9420,1.);
#9420 = DIRECTION('',(-0.707106781187,-0.5,0.5));
#9421 = PCURVE('',#1848,#9422);
#9422 = DEFINITIONAL_REPRESENTATION('',(#9423),#9427);
#9423 = LINE('',#9424,#9425);
#9424 = CARTESIAN_POINT('',(20.859650045003,-1.));
#9425 = VECTOR('',#9426,1.);
#9426 = DIRECTION('',(1.,0.));
#9427 = ( GEOMETRIC_REPRESENTATION_CONTEXT(2) 
PARAMETRIC_REPRESENTATION_CONTEXT() REPRESENTATION_CONTEXT('2D SPACE',''
  ) );
#9428 = PCURVE('',#3068,#9429);
#9429 = DEFINITIONAL_REPRESENTATION('',(#9430),#9434);
#9430 = LINE('',#9431,#9432);
#9431 = CARTESIAN_POINT('',(36.75,66.25));
#9432 = VECTOR('',#9433,1.);
#9433 = DIRECTION('',(0.707106781187,-0.707106781187));
#9434 = ( GEOMETRIC_REPRESENTATION_CONTEXT(2) 
PARAMETRIC_REPRESENTATION_CONTEXT() REPRESENTATION_CONTEXT('2D SPACE',''
  ) );
#9435 = ORIENTED_EDGE('',*,*,#9391,.T.);
#9436 = ORIENTED_EDGE('',*,*,#1832,.T.);
#9437 = ORIENTED_EDGE('',*,*,#9340,.F.);
#9438 = ADVANCED_FACE('',(#9439),#1934,.T.);
#9439 = FACE_BOUND('',#9440,.T.);
#9440 = EDGE_LOOP('',(#9441,#9466,#9487,#9488));
#9441 = ORIENTED_EDGE('',*,*,#9442,.F.);
#9442 = EDGE_CURVE('',#9443,#9445,#9447,.T.);
#9443 = VERTEX_POINT('',#9444);
#9444 = CARTESIAN_POINT('',(110.,38.008621971352,-141.2756492761));
#9445 = VERTEX_POINT('',#9446);
#9446 = CARTESIAN_POINT('',(110.,46.49390334559,-149.7609306503));
#9447 = SURFACE_CURVE('',#9448,(#9452,#9459),.PCURVE_S1.);
#9448 = LINE('',#9449,#9450);
#9449 = CARTESIAN_POINT('',(110.,45.786796564404,-149.0538238691));
#9450 = VECTOR('',#9451,1.);
#9451 = DIRECTION('',(0.,0.707106781187,-0.707106781187));
#9452 = PCURVE('',#1934,#9453);
#9453 = DEFINITIONAL_REPRESENTATION('',(#9454),#9458);
#9454 = LINE('',#9455,#9456);
#9455 = CARTESIAN_POINT('',(11.,-1.));
#9456 = VECTOR('',#9457,1.);
#9457 = DIRECTION('',(1.,0.));
#9458 = ( GEOMETRIC_REPRESENTATION_CONTEXT(2) 
PARAMETRIC_REPRESENTATION_CONTEXT() REPRESENTATION_CONTEXT('2D SPACE',''
  ) );
#9459 = PCURVE('',#3068,#9460);
#9460 = DEFINITIONAL_REPRESENTATION('',(#9461),#9465);
#9461 = LINE('',#9462,#9463);
#9462 = CARTESIAN_POINT('',(11.,109.));
#9463 = VECTOR('',#9464,1.);
#9464 = DIRECTION('',(-1.,0.));
#9465 = ( GEOMETRIC_REPRESENTATION_CONTEXT(2) 
PARAMETRIC_REPRESENTATION_CONTEXT() REPRESENTATION_CONTEXT('2D SPACE',''
  ) );
#9466 = ORIENTED_EDGE('',*,*,#9467,.T.);
#9467 = EDGE_CURVE('',#9443,#1917,#9468,.T.);
#9468 = SURFACE_CURVE('',#9469,(#9473,#9480),.PCURVE_S1.);
#9469 = LINE('',#9470,#9471);
#9470 = CARTESIAN_POINT('',(110.,38.715728752538,-140.5685424949));
#9471 = VECTOR('',#9472,1.);
#9472 = DIRECTION('',(0.,-0.707106781187,-0.707106781187));
#9473 = PCURVE('',#1934,#9474);
#9474 = DEFINITIONAL_REPRESENTATION('',(#9475),#9479);
#9475 = LINE('',#9476,#9477);
#9476 = CARTESIAN_POINT('',(0.,0.));
#9477 = VECTOR('',#9478,1.);
#9478 = DIRECTION('',(0.,-1.));
#9479 = ( GEOMETRIC_REPRESENTATION_CONTEXT(2) 
PARAMETRIC_REPRESENTATION_CONTEXT() REPRESENTATION_CONTEXT('2D SPACE',''
  ) );
#9480 = PCURVE('',#2072,#9481);
#9481 = DEFINITIONAL_REPRESENTATION('',(#9482),#9486);
#9482 = LINE('',#9483,#9484);
#9483 = CARTESIAN_POINT('',(8.485281374239,4.440892098501E-16));
#9484 = VECTOR('',#9485,1.);
#9485 = DIRECTION('',(0.,-1.));
#9486 = ( GEOMETRIC_REPRESENTATION_CONTEXT(2) 
PARAMETRIC_REPRESENTATION_CONTEXT() REPRESENTATION_CONTEXT('2D SPACE',''
  ) );
#9487 = ORIENTED_EDGE('',*,*,#1916,.T.);
#9488 = ORIENTED_EDGE('',*,*,#9489,.F.);
#9489 = EDGE_CURVE('',#9445,#1919,#9490,.T.);
#9490 = SURFACE_CURVE('',#9491,(#9495,#9502),.PCURVE_S1.);
#9491 = LINE('',#9492,#9493);
#9492 = CARTESIAN_POINT('',(110.,47.201010126777,-149.0538238691));
#9493 = VECTOR('',#9494,1.);
#9494 = DIRECTION('',(0.,-0.707106781187,-0.707106781187));
#9495 = PCURVE('',#1934,#9496);
#9496 = DEFINITIONAL_REPRESENTATION('',(#9497),#9501);
#9497 = LINE('',#9498,#9499);
#9498 = CARTESIAN_POINT('',(12.,-9.769962616701E-15));
#9499 = VECTOR('',#9500,1.);
#9500 = DIRECTION('',(0.,-1.));
#9501 = ( GEOMETRIC_REPRESENTATION_CONTEXT(2) 
PARAMETRIC_REPRESENTATION_CONTEXT() REPRESENTATION_CONTEXT('2D SPACE',''
  ) );
#9502 = PCURVE('',#1962,#9503);
#9503 = DEFINITIONAL_REPRESENTATION('',(#9504),#9508);
#9504 = LINE('',#9505,#9506);
#9505 = CARTESIAN_POINT('',(0.,0.));
#9506 = VECTOR('',#9507,1.);
#9507 = DIRECTION('',(0.,-1.));
#9508 = ( GEOMETRIC_REPRESENTATION_CONTEXT(2) 
PARAMETRIC_REPRESENTATION_CONTEXT() REPRESENTATION_CONTEXT('2D SPACE',''
  ) );
#9509 = ADVANCED_FACE('',(#9510),#2072,.T.);
#9510 = FACE_BOUND('',#9511,.T.);
#9511 = EDGE_LOOP('',(#9512,#9535,#9556,#9557));
#9512 = ORIENTED_EDGE('',*,*,#9513,.F.);
#9513 = EDGE_CURVE('',#9514,#9443,#9516,.T.);
#9514 = VERTEX_POINT('',#9515);
#9515 = CARTESIAN_POINT('',(116.,33.765981284232,-137.0330085889));
#9516 = SURFACE_CURVE('',#9517,(#9521,#9528),.PCURVE_S1.);
#9517 = LINE('',#9518,#9519);
#9518 = CARTESIAN_POINT('',(80.25,59.045048711651,-162.3120760164));
#9519 = VECTOR('',#9520,1.);
#9520 = DIRECTION('',(-0.707106781187,0.5,-0.5));
#9521 = PCURVE('',#2072,#9522);
#9522 = DEFINITIONAL_REPRESENTATION('',(#9523),#9527);
#9523 = LINE('',#9524,#9525);
#9524 = CARTESIAN_POINT('',(50.558134854838,-1.));
#9525 = VECTOR('',#9526,1.);
#9526 = DIRECTION('',(1.,0.));
#9527 = ( GEOMETRIC_REPRESENTATION_CONTEXT(2) 
PARAMETRIC_REPRESENTATION_CONTEXT() REPRESENTATION_CONTEXT('2D SPACE',''
  ) );
#9528 = PCURVE('',#3068,#9529);
#9529 = DEFINITIONAL_REPRESENTATION('',(#9530),#9534);
#9530 = LINE('',#9531,#9532);
#9531 = CARTESIAN_POINT('',(-7.75,79.25));
#9532 = VECTOR('',#9533,1.);
#9533 = DIRECTION('',(-0.707106781187,-0.707106781187));
#9534 = ( GEOMETRIC_REPRESENTATION_CONTEXT(2) 
PARAMETRIC_REPRESENTATION_CONTEXT() REPRESENTATION_CONTEXT('2D SPACE',''
  ) );
#9535 = ORIENTED_EDGE('',*,*,#9536,.T.);
#9536 = EDGE_CURVE('',#9514,#2031,#9537,.T.);
#9537 = SURFACE_CURVE('',#9538,(#9542,#9549),.PCURVE_S1.);
#9538 = LINE('',#9539,#9540);
#9539 = CARTESIAN_POINT('',(116.,34.473088065419,-136.3259018078));
#9540 = VECTOR('',#9541,1.);
#9541 = DIRECTION('',(0.,-0.707106781187,-0.707106781187));
#9542 = PCURVE('',#2072,#9543);
#9543 = DEFINITIONAL_REPRESENTATION('',(#9544),#9548);
#9544 = LINE('',#9545,#9546);
#9545 = CARTESIAN_POINT('',(0.,0.));
#9546 = VECTOR('',#9547,1.);
#9547 = DIRECTION('',(0.,-1.));
#9548 = ( GEOMETRIC_REPRESENTATION_CONTEXT(2) 
PARAMETRIC_REPRESENTATION_CONTEXT() REPRESENTATION_CONTEXT('2D SPACE',''
  ) );
#9549 = PCURVE('',#2046,#9550);
#9550 = DEFINITIONAL_REPRESENTATION('',(#9551),#9555);
#9551 = LINE('',#9552,#9553);
#9552 = CARTESIAN_POINT('',(4.,0.));
#9553 = VECTOR('',#9554,1.);
#9554 = DIRECTION('',(-0.,-1.));
#9555 = ( GEOMETRIC_REPRESENTATION_CONTEXT(2) 
PARAMETRIC_REPRESENTATION_CONTEXT() REPRESENTATION_CONTEXT('2D SPACE',''
  ) );
#9556 = ORIENTED_EDGE('',*,*,#2058,.T.);
#9557 = ORIENTED_EDGE('',*,*,#9467,.F.);
#9558 = ADVANCED_FACE('',(#9559),#2046,.T.);
#9559 = FACE_BOUND('',#9560,.T.);
#9560 = EDGE_LOOP('',(#9561,#9584,#9605,#9606));
#9561 = ORIENTED_EDGE('',*,*,#9562,.F.);
#9562 = EDGE_CURVE('',#9563,#9514,#9565,.T.);
#9563 = VERTEX_POINT('',#9564);
#9564 = CARTESIAN_POINT('',(120.,33.765981284232,-137.0330085889));
#9565 = SURFACE_CURVE('',#9566,(#9570,#9577),.PCURVE_S1.);
#9566 = LINE('',#9567,#9568);
#9567 = CARTESIAN_POINT('',(60.5,33.765981284232,-137.0330085889));
#9568 = VECTOR('',#9569,1.);
#9569 = DIRECTION('',(-1.,0.,0.));
#9570 = PCURVE('',#2046,#9571);
#9571 = DEFINITIONAL_REPRESENTATION('',(#9572),#9576);
#9572 = LINE('',#9573,#9574);
#9573 = CARTESIAN_POINT('',(59.5,-1.));
#9574 = VECTOR('',#9575,1.);
#9575 = DIRECTION('',(1.,0.));
#9576 = ( GEOMETRIC_REPRESENTATION_CONTEXT(2) 
PARAMETRIC_REPRESENTATION_CONTEXT() REPRESENTATION_CONTEXT('2D SPACE',''
  ) );
#9577 = PCURVE('',#3068,#9578);
#9578 = DEFINITIONAL_REPRESENTATION('',(#9579),#9583);
#9579 = LINE('',#9580,#9581);
#9580 = CARTESIAN_POINT('',(28.,59.5));
#9581 = VECTOR('',#9582,1.);
#9582 = DIRECTION('',(0.,-1.));
#9583 = ( GEOMETRIC_REPRESENTATION_CONTEXT(2) 
PARAMETRIC_REPRESENTATION_CONTEXT() REPRESENTATION_CONTEXT('2D SPACE',''
  ) );
#9584 = ORIENTED_EDGE('',*,*,#9585,.T.);
#9585 = EDGE_CURVE('',#9563,#2003,#9586,.T.);
#9586 = SURFACE_CURVE('',#9587,(#9591,#9598),.PCURVE_S1.);
#9587 = LINE('',#9588,#9589);
#9588 = CARTESIAN_POINT('',(120.,34.473088065419,-136.3259018078));
#9589 = VECTOR('',#9590,1.);
#9590 = DIRECTION('',(0.,-0.707106781187,-0.707106781187));
#9591 = PCURVE('',#2046,#9592);
#9592 = DEFINITIONAL_REPRESENTATION('',(#9593),#9597);
#9593 = LINE('',#9594,#9595);
#9594 = CARTESIAN_POINT('',(0.,0.));
#9595 = VECTOR('',#9596,1.);
#9596 = DIRECTION('',(-0.,-1.));
#9597 = ( GEOMETRIC_REPRESENTATION_CONTEXT(2) 
PARAMETRIC_REPRESENTATION_CONTEXT() REPRESENTATION_CONTEXT('2D SPACE',''
  ) );
#9598 = PCURVE('',#2018,#9599);
#9599 = DEFINITIONAL_REPRESENTATION('',(#9600),#9604);
#9600 = LINE('',#9601,#9602);
#9601 = CARTESIAN_POINT('',(8.485281374239,-4.440892098501E-16));
#9602 = VECTOR('',#9603,1.);
#9603 = DIRECTION('',(0.,-1.));
#9604 = ( GEOMETRIC_REPRESENTATION_CONTEXT(2) 
PARAMETRIC_REPRESENTATION_CONTEXT() REPRESENTATION_CONTEXT('2D SPACE',''
  ) );
#9605 = ORIENTED_EDGE('',*,*,#2030,.T.);
#9606 = ORIENTED_EDGE('',*,*,#9536,.F.);
#9607 = ADVANCED_FACE('',(#9608),#2018,.T.);
#9608 = FACE_BOUND('',#9609,.T.);
#9609 = EDGE_LOOP('',(#9610,#9633,#9654,#9655));
#9610 = ORIENTED_EDGE('',*,*,#9611,.F.);
#9611 = EDGE_CURVE('',#9612,#9563,#9614,.T.);
#9612 = VERTEX_POINT('',#9613);
#9613 = CARTESIAN_POINT('',(126.,38.008621971352,-141.2756492761));
#9614 = SURFACE_CURVE('',#9615,(#9619,#9626),.PCURVE_S1.);
#9615 = LINE('',#9616,#9617);
#9616 = CARTESIAN_POINT('',(100.25,19.800622355798,-123.0676496605));
#9617 = VECTOR('',#9618,1.);
#9618 = DIRECTION('',(-0.707106781187,-0.5,0.5));
#9619 = PCURVE('',#2018,#9620);
#9620 = DEFINITIONAL_REPRESENTATION('',(#9621),#9625);
#9621 = LINE('',#9622,#9623);
#9622 = CARTESIAN_POINT('',(36.415999231107,-1.));
#9623 = VECTOR('',#9624,1.);
#9624 = DIRECTION('',(1.,0.));
#9625 = ( GEOMETRIC_REPRESENTATION_CONTEXT(2) 
PARAMETRIC_REPRESENTATION_CONTEXT() REPRESENTATION_CONTEXT('2D SPACE',''
  ) );
#9626 = PCURVE('',#3068,#9627);
#9627 = DEFINITIONAL_REPRESENTATION('',(#9628),#9632);
#9628 = LINE('',#9629,#9630);
#9629 = CARTESIAN_POINT('',(47.75,99.25));
#9630 = VECTOR('',#9631,1.);
#9631 = DIRECTION('',(0.707106781187,-0.707106781187));
#9632 = ( GEOMETRIC_REPRESENTATION_CONTEXT(2) 
PARAMETRIC_REPRESENTATION_CONTEXT() REPRESENTATION_CONTEXT('2D SPACE',''
  ) );
#9633 = ORIENTED_EDGE('',*,*,#9634,.T.);
#9634 = EDGE_CURVE('',#9612,#1975,#9635,.T.);
#9635 = SURFACE_CURVE('',#9636,(#9640,#9647),.PCURVE_S1.);
#9636 = LINE('',#9637,#9638);
#9637 = CARTESIAN_POINT('',(126.,38.715728752538,-140.5685424949));
#9638 = VECTOR('',#9639,1.);
#9639 = DIRECTION('',(0.,-0.707106781187,-0.707106781187));
#9640 = PCURVE('',#2018,#9641);
#9641 = DEFINITIONAL_REPRESENTATION('',(#9642),#9646);
#9642 = LINE('',#9643,#9644);
#9643 = CARTESIAN_POINT('',(0.,0.));
#9644 = VECTOR('',#9645,1.);
#9645 = DIRECTION('',(0.,-1.));
#9646 = ( GEOMETRIC_REPRESENTATION_CONTEXT(2) 
PARAMETRIC_REPRESENTATION_CONTEXT() REPRESENTATION_CONTEXT('2D SPACE',''
  ) );
#9647 = PCURVE('',#1990,#9648);
#9648 = DEFINITIONAL_REPRESENTATION('',(#9649),#9653);
#9649 = LINE('',#9650,#9651);
#9650 = CARTESIAN_POINT('',(12.,9.769962616701E-15));
#9651 = VECTOR('',#9652,1.);
#9652 = DIRECTION('',(0.,-1.));
#9653 = ( GEOMETRIC_REPRESENTATION_CONTEXT(2) 
PARAMETRIC_REPRESENTATION_CONTEXT() REPRESENTATION_CONTEXT('2D SPACE',''
  ) );
#9654 = ORIENTED_EDGE('',*,*,#2002,.T.);
#9655 = ORIENTED_EDGE('',*,*,#9585,.F.);
#9656 = ADVANCED_FACE('',(#9657),#1990,.T.);
#9657 = FACE_BOUND('',#9658,.T.);
#9658 = EDGE_LOOP('',(#9659,#9682,#9703,#9704));
#9659 = ORIENTED_EDGE('',*,*,#9660,.F.);
#9660 = EDGE_CURVE('',#9661,#9612,#9663,.T.);
#9661 = VERTEX_POINT('',#9662);
#9662 = CARTESIAN_POINT('',(126.,46.49390334559,-149.7609306503));
#9663 = SURFACE_CURVE('',#9664,(#9668,#9675),.PCURVE_S1.);
#9664 = LINE('',#9665,#9666);
#9665 = CARTESIAN_POINT('',(126.,50.029437251523,-153.2964645562));
#9666 = VECTOR('',#9667,1.);
#9667 = DIRECTION('',(0.,-0.707106781187,0.707106781187));
#9668 = PCURVE('',#1990,#9669);
#9669 = DEFINITIONAL_REPRESENTATION('',(#9670),#9674);
#9670 = LINE('',#9671,#9672);
#9671 = CARTESIAN_POINT('',(-5.,-1.));
#9672 = VECTOR('',#9673,1.);
#9673 = DIRECTION('',(1.,0.));
#9674 = ( GEOMETRIC_REPRESENTATION_CONTEXT(2) 
PARAMETRIC_REPRESENTATION_CONTEXT() REPRESENTATION_CONTEXT('2D SPACE',''
  ) );
#9675 = PCURVE('',#3068,#9676);
#9676 = DEFINITIONAL_REPRESENTATION('',(#9677),#9681);
#9677 = LINE('',#9678,#9679);
#9678 = CARTESIAN_POINT('',(5.,125.));
#9679 = VECTOR('',#9680,1.);
#9680 = DIRECTION('',(1.,0.));
#9681 = ( GEOMETRIC_REPRESENTATION_CONTEXT(2) 
PARAMETRIC_REPRESENTATION_CONTEXT() REPRESENTATION_CONTEXT('2D SPACE',''
  ) );
#9682 = ORIENTED_EDGE('',*,*,#9683,.T.);
#9683 = EDGE_CURVE('',#9661,#1947,#9684,.T.);
#9684 = SURFACE_CURVE('',#9685,(#9689,#9696),.PCURVE_S1.);
#9685 = LINE('',#9686,#9687);
#9686 = CARTESIAN_POINT('',(126.,47.201010126777,-149.0538238691));
#9687 = VECTOR('',#9688,1.);
#9688 = DIRECTION('',(0.,-0.707106781187,-0.707106781187));
#9689 = PCURVE('',#1990,#9690);
#9690 = DEFINITIONAL_REPRESENTATION('',(#9691),#9695);
#9691 = LINE('',#9692,#9693);
#9692 = CARTESIAN_POINT('',(0.,0.));
#9693 = VECTOR('',#9694,1.);
#9694 = DIRECTION('',(0.,-1.));
#9695 = ( GEOMETRIC_REPRESENTATION_CONTEXT(2) 
PARAMETRIC_REPRESENTATION_CONTEXT() REPRESENTATION_CONTEXT('2D SPACE',''
  ) );
#9696 = PCURVE('',#1962,#9697);
#9697 = DEFINITIONAL_REPRESENTATION('',(#9698),#9702);
#9698 = LINE('',#9699,#9700);
#9699 = CARTESIAN_POINT('',(16.,0.));
#9700 = VECTOR('',#9701,1.);
#9701 = DIRECTION('',(0.,-1.));
#9702 = ( GEOMETRIC_REPRESENTATION_CONTEXT(2) 
PARAMETRIC_REPRESENTATION_CONTEXT() REPRESENTATION_CONTEXT('2D SPACE',''
  ) );
#9703 = ORIENTED_EDGE('',*,*,#1974,.T.);
#9704 = ORIENTED_EDGE('',*,*,#9634,.F.);
#9705 = ADVANCED_FACE('',(#9706),#1962,.T.);
#9706 = FACE_BOUND('',#9707,.T.);
#9707 = EDGE_LOOP('',(#9708,#9729,#9730,#9731));
#9708 = ORIENTED_EDGE('',*,*,#9709,.F.);
#9709 = EDGE_CURVE('',#9445,#9661,#9710,.T.);
#9710 = SURFACE_CURVE('',#9711,(#9715,#9722),.PCURVE_S1.);
#9711 = LINE('',#9712,#9713);
#9712 = CARTESIAN_POINT('',(55.5,46.49390334559,-149.7609306503));
#9713 = VECTOR('',#9714,1.);
#9714 = DIRECTION('',(1.,0.,0.));
#9715 = PCURVE('',#1962,#9716);
#9716 = DEFINITIONAL_REPRESENTATION('',(#9717),#9721);
#9717 = LINE('',#9718,#9719);
#9718 = CARTESIAN_POINT('',(-54.5,-1.));
#9719 = VECTOR('',#9720,1.);
#9720 = DIRECTION('',(1.,0.));
#9721 = ( GEOMETRIC_REPRESENTATION_CONTEXT(2) 
PARAMETRIC_REPRESENTATION_CONTEXT() REPRESENTATION_CONTEXT('2D SPACE',''
  ) );
#9722 = PCURVE('',#3068,#9723);
#9723 = DEFINITIONAL_REPRESENTATION('',(#9724),#9728);
#9724 = LINE('',#9725,#9726);
#9725 = CARTESIAN_POINT('',(10.,54.5));
#9726 = VECTOR('',#9727,1.);
#9727 = DIRECTION('',(0.,1.));
#9728 = ( GEOMETRIC_REPRESENTATION_CONTEXT(2) 
PARAMETRIC_REPRESENTATION_CONTEXT() REPRESENTATION_CONTEXT('2D SPACE',''
  ) );
#9729 = ORIENTED_EDGE('',*,*,#9489,.T.);
#9730 = ORIENTED_EDGE('',*,*,#1946,.T.);
#9731 = ORIENTED_EDGE('',*,*,#9683,.F.);
#9732 = ADVANCED_FACE('',(#9733),#2105,.F.);
#9733 = FACE_BOUND('',#9734,.F.);
#9734 = EDGE_LOOP('',(#9735,#9736,#9759,#9787));
#9735 = ORIENTED_EDGE('',*,*,#2087,.F.);
#9736 = ORIENTED_EDGE('',*,*,#9737,.T.);
#9737 = EDGE_CURVE('',#2088,#9738,#9740,.T.);
#9738 = VERTEX_POINT('',#9739);
#9739 = CARTESIAN_POINT('',(19.,124.27564927611,-81.87867965644));
#9740 = SURFACE_CURVE('',#9741,(#9745,#9752),.PCURVE_S1.);
#9741 = LINE('',#9742,#9743);
#9742 = CARTESIAN_POINT('',(19.,126.39696961967,-84.));
#9743 = VECTOR('',#9744,1.);
#9744 = DIRECTION('',(0.,-0.707106781187,0.707106781187));
#9745 = PCURVE('',#2105,#9746);
#9746 = DEFINITIONAL_REPRESENTATION('',(#9747),#9751);
#9747 = LINE('',#9748,#9749);
#9748 = CARTESIAN_POINT('',(0.,11.));
#9749 = VECTOR('',#9750,1.);
#9750 = DIRECTION('',(1.,0.));
#9751 = ( GEOMETRIC_REPRESENTATION_CONTEXT(2) 
PARAMETRIC_REPRESENTATION_CONTEXT() REPRESENTATION_CONTEXT('2D SPACE',''
  ) );
#9752 = PCURVE('',#2187,#9753);
#9753 = DEFINITIONAL_REPRESENTATION('',(#9754),#9758);
#9754 = LINE('',#9755,#9756);
#9755 = CARTESIAN_POINT('',(1.42108547152E-14,-108.));
#9756 = VECTOR('',#9757,1.);
#9757 = DIRECTION('',(1.,0.));
#9758 = ( GEOMETRIC_REPRESENTATION_CONTEXT(2) 
PARAMETRIC_REPRESENTATION_CONTEXT() REPRESENTATION_CONTEXT('2D SPACE',''
  ) );
#9759 = ORIENTED_EDGE('',*,*,#9760,.T.);
#9760 = EDGE_CURVE('',#9738,#9761,#9763,.T.);
#9761 = VERTEX_POINT('',#9762);
#9762 = CARTESIAN_POINT('',(69.,124.27564927611,-81.87867965644));
#9763 = SURFACE_CURVE('',#9764,(#9768,#9775),.PCURVE_S1.);
#9764 = LINE('',#9765,#9766);
#9765 = CARTESIAN_POINT('',(8.,124.27564927611,-81.87867965644));
#9766 = VECTOR('',#9767,1.);
#9767 = DIRECTION('',(1.,0.,0.));
#9768 = PCURVE('',#2105,#9769);
#9769 = DEFINITIONAL_REPRESENTATION('',(#9770),#9774);
#9770 = LINE('',#9771,#9772);
#9771 = CARTESIAN_POINT('',(3.,0.));
#9772 = VECTOR('',#9773,1.);
#9773 = DIRECTION('',(0.,1.));
#9774 = ( GEOMETRIC_REPRESENTATION_CONTEXT(2) 
PARAMETRIC_REPRESENTATION_CONTEXT() REPRESENTATION_CONTEXT('2D SPACE',''
  ) );
#9775 = PCURVE('',#9776,#9781);
#9776 = PLANE('',#9777);
#9777 = AXIS2_PLACEMENT_3D('',#9778,#9779,#9780);
#9778 = CARTESIAN_POINT('',(8.,124.27564927611,-81.87867965644));
#9779 = DIRECTION('',(0.,-0.707106781187,0.707106781187));
#9780 = DIRECTION('',(1.,0.,0.));
#9781 = DEFINITIONAL_REPRESENTATION('',(#9782),#9786);
#9782 = LINE('',#9783,#9784);
#9783 = CARTESIAN_POINT('',(0.,0.));
#9784 = VECTOR('',#9785,1.);
#9785 = DIRECTION('',(1.,0.));
#9786 = ( GEOMETRIC_REPRESENTATION_CONTEXT(2) 
PARAMETRIC_REPRESENTATION_CONTEXT() REPRESENTATION_CONTEXT('2D SPACE',''
  ) );
#9787 = ORIENTED_EDGE('',*,*,#9788,.T.);
#9788 = EDGE_CURVE('',#9761,#2090,#9789,.T.);
#9789 = SURFACE_CURVE('',#9790,(#9794,#9801),.PCURVE_S1.);
#9790 = LINE('',#9791,#9792);
#9791 = CARTESIAN_POINT('',(69.,126.39696961967,-84.));
#9792 = VECTOR('',#9793,1.);
#9793 = DIRECTION('',(0.,0.707106781187,-0.707106781187));
#9794 = PCURVE('',#2105,#9795);
#9795 = DEFINITIONAL_REPRESENTATION('',(#9796),#9800);
#9796 = LINE('',#9797,#9798);
#9797 = CARTESIAN_POINT('',(0.,61.));
#9798 = VECTOR('',#9799,1.);
#9799 = DIRECTION('',(-1.,0.));
#9800 = ( GEOMETRIC_REPRESENTATION_CONTEXT(2) 
PARAMETRIC_REPRESENTATION_CONTEXT() REPRESENTATION_CONTEXT('2D SPACE',''
  ) );
#9801 = PCURVE('',#2133,#9802);
#9802 = DEFINITIONAL_REPRESENTATION('',(#9803),#9807);
#9803 = LINE('',#9804,#9805);
#9804 = CARTESIAN_POINT('',(1.42108547152E-14,-108.));
#9805 = VECTOR('',#9806,1.);
#9806 = DIRECTION('',(-1.,0.));
#9807 = ( GEOMETRIC_REPRESENTATION_CONTEXT(2) 
PARAMETRIC_REPRESENTATION_CONTEXT() REPRESENTATION_CONTEXT('2D SPACE',''
  ) );
#9808 = ADVANCED_FACE('',(#9809),#2133,.F.);
#9809 = FACE_BOUND('',#9810,.F.);
#9810 = EDGE_LOOP('',(#9811,#9834,#9855,#9856));
#9811 = ORIENTED_EDGE('',*,*,#9812,.F.);
#9812 = EDGE_CURVE('',#9813,#9761,#9815,.T.);
#9813 = VERTEX_POINT('',#9814);
#9814 = CARTESIAN_POINT('',(69.,117.48742417672,-88.66690475583));
#9815 = SURFACE_CURVE('',#9816,(#9820,#9827),.PCURVE_S1.);
#9816 = LINE('',#9817,#9818);
#9817 = CARTESIAN_POINT('',(69.,47.908116907963,-158.2462120245));
#9818 = VECTOR('',#9819,1.);
#9819 = DIRECTION('',(0.,0.707106781187,0.707106781187));
#9820 = PCURVE('',#2133,#9821);
#9821 = DEFINITIONAL_REPRESENTATION('',(#9822),#9826);
#9822 = LINE('',#9823,#9824);
#9823 = CARTESIAN_POINT('',(3.,5.329070518201E-15));
#9824 = VECTOR('',#9825,1.);
#9825 = DIRECTION('',(0.,-1.));
#9826 = ( GEOMETRIC_REPRESENTATION_CONTEXT(2) 
PARAMETRIC_REPRESENTATION_CONTEXT() REPRESENTATION_CONTEXT('2D SPACE',''
  ) );
#9827 = PCURVE('',#9776,#9828);
#9828 = DEFINITIONAL_REPRESENTATION('',(#9829),#9833);
#9829 = LINE('',#9830,#9831);
#9830 = CARTESIAN_POINT('',(61.,-108.));
#9831 = VECTOR('',#9832,1.);
#9832 = DIRECTION('',(0.,1.));
#9833 = ( GEOMETRIC_REPRESENTATION_CONTEXT(2) 
PARAMETRIC_REPRESENTATION_CONTEXT() REPRESENTATION_CONTEXT('2D SPACE',''
  ) );
#9834 = ORIENTED_EDGE('',*,*,#9835,.T.);
#9835 = EDGE_CURVE('',#9813,#2118,#9836,.T.);
#9836 = SURFACE_CURVE('',#9837,(#9841,#9848),.PCURVE_S1.);
#9837 = LINE('',#9838,#9839);
#9838 = CARTESIAN_POINT('',(69.,119.60874452027,-90.78822509939));
#9839 = VECTOR('',#9840,1.);
#9840 = DIRECTION('',(0.,0.707106781187,-0.707106781187));
#9841 = PCURVE('',#2133,#9842);
#9842 = DEFINITIONAL_REPRESENTATION('',(#9843),#9847);
#9843 = LINE('',#9844,#9845);
#9844 = CARTESIAN_POINT('',(0.,-98.4));
#9845 = VECTOR('',#9846,1.);
#9846 = DIRECTION('',(-1.,0.));
#9847 = ( GEOMETRIC_REPRESENTATION_CONTEXT(2) 
PARAMETRIC_REPRESENTATION_CONTEXT() REPRESENTATION_CONTEXT('2D SPACE',''
  ) );
#9848 = PCURVE('',#2161,#9849);
#9849 = DEFINITIONAL_REPRESENTATION('',(#9850),#9854);
#9850 = LINE('',#9851,#9852);
#9851 = CARTESIAN_POINT('',(0.,61.));
#9852 = VECTOR('',#9853,1.);
#9853 = DIRECTION('',(-1.,0.));
#9854 = ( GEOMETRIC_REPRESENTATION_CONTEXT(2) 
PARAMETRIC_REPRESENTATION_CONTEXT() REPRESENTATION_CONTEXT('2D SPACE',''
  ) );
#9855 = ORIENTED_EDGE('',*,*,#2117,.T.);
#9856 = ORIENTED_EDGE('',*,*,#9788,.F.);
#9857 = ADVANCED_FACE('',(#9858),#2161,.T.);
#9858 = FACE_BOUND('',#9859,.T.);
#9859 = EDGE_LOOP('',(#9860,#9861,#9884,#9905));
#9860 = ORIENTED_EDGE('',*,*,#2145,.F.);
#9861 = ORIENTED_EDGE('',*,*,#9862,.T.);
#9862 = EDGE_CURVE('',#2146,#9863,#9865,.T.);
#9863 = VERTEX_POINT('',#9864);
#9864 = CARTESIAN_POINT('',(19.,117.48742417672,-88.66690475583));
#9865 = SURFACE_CURVE('',#9866,(#9870,#9877),.PCURVE_S1.);
#9866 = LINE('',#9867,#9868);
#9867 = CARTESIAN_POINT('',(19.,119.60874452027,-90.78822509939));
#9868 = VECTOR('',#9869,1.);
#9869 = DIRECTION('',(0.,-0.707106781187,0.707106781187));
#9870 = PCURVE('',#2161,#9871);
#9871 = DEFINITIONAL_REPRESENTATION('',(#9872),#9876);
#9872 = LINE('',#9873,#9874);
#9873 = CARTESIAN_POINT('',(0.,11.));
#9874 = VECTOR('',#9875,1.);
#9875 = DIRECTION('',(1.,0.));
#9876 = ( GEOMETRIC_REPRESENTATION_CONTEXT(2) 
PARAMETRIC_REPRESENTATION_CONTEXT() REPRESENTATION_CONTEXT('2D SPACE',''
  ) );
#9877 = PCURVE('',#2187,#9878);
#9878 = DEFINITIONAL_REPRESENTATION('',(#9879),#9883);
#9879 = LINE('',#9880,#9881);
#9880 = CARTESIAN_POINT('',(0.,-98.4));
#9881 = VECTOR('',#9882,1.);
#9882 = DIRECTION('',(1.,0.));
#9883 = ( GEOMETRIC_REPRESENTATION_CONTEXT(2) 
PARAMETRIC_REPRESENTATION_CONTEXT() REPRESENTATION_CONTEXT('2D SPACE',''
  ) );
#9884 = ORIENTED_EDGE('',*,*,#9885,.T.);
#9885 = EDGE_CURVE('',#9863,#9813,#9886,.T.);
#9886 = SURFACE_CURVE('',#9887,(#9891,#9898),.PCURVE_S1.);
#9887 = LINE('',#9888,#9889);
#9888 = CARTESIAN_POINT('',(8.,117.48742417672,-88.66690475583));
#9889 = VECTOR('',#9890,1.);
#9890 = DIRECTION('',(1.,0.,0.));
#9891 = PCURVE('',#2161,#9892);
#9892 = DEFINITIONAL_REPRESENTATION('',(#9893),#9897);
#9893 = LINE('',#9894,#9895);
#9894 = CARTESIAN_POINT('',(3.,0.));
#9895 = VECTOR('',#9896,1.);
#9896 = DIRECTION('',(0.,1.));
#9897 = ( GEOMETRIC_REPRESENTATION_CONTEXT(2) 
PARAMETRIC_REPRESENTATION_CONTEXT() REPRESENTATION_CONTEXT('2D SPACE',''
  ) );
#9898 = PCURVE('',#9776,#9899);
#9899 = DEFINITIONAL_REPRESENTATION('',(#9900),#9904);
#9900 = LINE('',#9901,#9902);
#9901 = CARTESIAN_POINT('',(0.,-9.6));
#9902 = VECTOR('',#9903,1.);
#9903 = DIRECTION('',(1.,0.));
#9904 = ( GEOMETRIC_REPRESENTATION_CONTEXT(2) 
PARAMETRIC_REPRESENTATION_CONTEXT() REPRESENTATION_CONTEXT('2D SPACE',''
  ) );
#9905 = ORIENTED_EDGE('',*,*,#9835,.T.);
#9906 = ADVANCED_FACE('',(#9907),#2187,.T.);
#9907 = FACE_BOUND('',#9908,.T.);
#9908 = EDGE_LOOP('',(#9909,#9932,#9960,#9981,#9982,#9983,#9984,#10007,
    #10028,#10029,#10052,#10075,#10096,#10097));
#9909 = ORIENTED_EDGE('',*,*,#9910,.F.);
#9910 = EDGE_CURVE('',#9911,#5000,#9913,.T.);
#9911 = VERTEX_POINT('',#9912);
#9912 = CARTESIAN_POINT('',(19.,115.79036790187,-84.70710678118));
#9913 = SURFACE_CURVE('',#9914,(#9918,#9925),.PCURVE_S1.);
#9914 = LINE('',#9915,#9916);
#9915 = CARTESIAN_POINT('',(19.,45.079689783217,-155.4177848998));
#9916 = VECTOR('',#9917,1.);
#9917 = DIRECTION('',(0.,0.707106781187,0.707106781187));
#9918 = PCURVE('',#2187,#9919);
#9919 = DEFINITIONAL_REPRESENTATION('',(#9920),#9924);
#9920 = LINE('',#9921,#9922);
#9921 = CARTESIAN_POINT('',(7.,1.59872115546E-14));
#9922 = VECTOR('',#9923,1.);
#9923 = DIRECTION('',(0.,-1.));
#9924 = ( GEOMETRIC_REPRESENTATION_CONTEXT(2) 
PARAMETRIC_REPRESENTATION_CONTEXT() REPRESENTATION_CONTEXT('2D SPACE',''
  ) );
#9925 = PCURVE('',#5015,#9926);
#9926 = DEFINITIONAL_REPRESENTATION('',(#9927),#9931);
#9927 = LINE('',#9928,#9929);
#9928 = CARTESIAN_POINT('',(18.,0.));
#9929 = VECTOR('',#9930,1.);
#9930 = DIRECTION('',(0.,1.));
#9931 = ( GEOMETRIC_REPRESENTATION_CONTEXT(2) 
PARAMETRIC_REPRESENTATION_CONTEXT() REPRESENTATION_CONTEXT('2D SPACE',''
  ) );
#9932 = ORIENTED_EDGE('',*,*,#9933,.F.);
#9933 = EDGE_CURVE('',#9934,#9911,#9936,.T.);
#9934 = VERTEX_POINT('',#9935);
#9935 = CARTESIAN_POINT('',(19.,118.61879502661,-87.53553390593));
#9936 = SURFACE_CURVE('',#9937,(#9941,#9948),.PCURVE_S1.);
#9937 = LINE('',#9938,#9939);
#9938 = CARTESIAN_POINT('',(19.,118.61879502661,-87.53553390593));
#9939 = VECTOR('',#9940,1.);
#9940 = DIRECTION('',(0.,-0.707106781187,0.707106781187));
#9941 = PCURVE('',#2187,#9942);
#9942 = DEFINITIONAL_REPRESENTATION('',(#9943),#9947);
#9943 = LINE('',#9944,#9945);
#9944 = CARTESIAN_POINT('',(3.,-100.));
#9945 = VECTOR('',#9946,1.);
#9946 = DIRECTION('',(1.,0.));
#9947 = ( GEOMETRIC_REPRESENTATION_CONTEXT(2) 
PARAMETRIC_REPRESENTATION_CONTEXT() REPRESENTATION_CONTEXT('2D SPACE',''
  ) );
#9948 = PCURVE('',#9949,#9954);
#9949 = PLANE('',#9950);
#9950 = AXIS2_PLACEMENT_3D('',#9951,#9952,#9953);
#9951 = CARTESIAN_POINT('',(9.,118.61879502661,-87.53553390593));
#9952 = DIRECTION('',(0.,0.707106781187,0.707106781187));
#9953 = DIRECTION('',(0.,-0.707106781187,0.707106781187));
#9954 = DEFINITIONAL_REPRESENTATION('',(#9955),#9959);
#9955 = LINE('',#9956,#9957);
#9956 = CARTESIAN_POINT('',(0.,10.));
#9957 = VECTOR('',#9958,1.);
#9958 = DIRECTION('',(1.,0.));
#9959 = ( GEOMETRIC_REPRESENTATION_CONTEXT(2) 
PARAMETRIC_REPRESENTATION_CONTEXT() REPRESENTATION_CONTEXT('2D SPACE',''
  ) );
#9960 = ORIENTED_EDGE('',*,*,#9961,.F.);
#9961 = EDGE_CURVE('',#9863,#9934,#9962,.T.);
#9962 = SURFACE_CURVE('',#9963,(#9967,#9974),.PCURVE_S1.);
#9963 = LINE('',#9964,#9965);
#9964 = CARTESIAN_POINT('',(19.,70.535533905933,-135.6187950266));
#9965 = VECTOR('',#9966,1.);
#9966 = DIRECTION('',(0.,0.707106781187,0.707106781187));
#9967 = PCURVE('',#2187,#9968);
#9968 = DEFINITIONAL_REPRESENTATION('',(#9969),#9973);
#9969 = LINE('',#9970,#9971);
#9970 = CARTESIAN_POINT('',(3.,-32.));
#9971 = VECTOR('',#9972,1.);
#9972 = DIRECTION('',(0.,-1.));
#9973 = ( GEOMETRIC_REPRESENTATION_CONTEXT(2) 
PARAMETRIC_REPRESENTATION_CONTEXT() REPRESENTATION_CONTEXT('2D SPACE',''
  ) );
#9974 = PCURVE('',#9776,#9975);
#9975 = DEFINITIONAL_REPRESENTATION('',(#9976),#9980);
#9976 = LINE('',#9977,#9978);
#9977 = CARTESIAN_POINT('',(11.,-76.));
#9978 = VECTOR('',#9979,1.);
#9979 = DIRECTION('',(0.,1.));
#9980 = ( GEOMETRIC_REPRESENTATION_CONTEXT(2) 
PARAMETRIC_REPRESENTATION_CONTEXT() REPRESENTATION_CONTEXT('2D SPACE',''
  ) );
#9981 = ORIENTED_EDGE('',*,*,#9862,.F.);
#9982 = ORIENTED_EDGE('',*,*,#2173,.T.);
#9983 = ORIENTED_EDGE('',*,*,#9737,.T.);
#9984 = ORIENTED_EDGE('',*,*,#9985,.F.);
#9985 = EDGE_CURVE('',#9986,#9738,#9988,.T.);
#9986 = VERTEX_POINT('',#9987);
#9987 = CARTESIAN_POINT('',(19.,125.97270555095,-80.18162338159));
#9988 = SURFACE_CURVE('',#9989,(#9993,#10000),.PCURVE_S1.);
#9989 = LINE('',#9990,#9991);
#9990 = CARTESIAN_POINT('',(19.,86.091883092037,-120.0624458405));
#9991 = VECTOR('',#9992,1.);
#9992 = DIRECTION('',(0.,-0.707106781187,-0.707106781187));
#9993 = PCURVE('',#2187,#9994);
#9994 = DEFINITIONAL_REPRESENTATION('',(#9995),#9999);
#9995 = LINE('',#9996,#9997);
#9996 = CARTESIAN_POINT('',(3.,-54.));
#9997 = VECTOR('',#9998,1.);
#9998 = DIRECTION('',(0.,1.));
#9999 = ( GEOMETRIC_REPRESENTATION_CONTEXT(2) 
PARAMETRIC_REPRESENTATION_CONTEXT() REPRESENTATION_CONTEXT('2D SPACE',''
  ) );
#10000 = PCURVE('',#9776,#10001);
#10001 = DEFINITIONAL_REPRESENTATION('',(#10002),#10006);
#10002 = LINE('',#10003,#10004);
#10003 = CARTESIAN_POINT('',(11.,-54.));
#10004 = VECTOR('',#10005,1.);
#10005 = DIRECTION('',(0.,-1.));
#10006 = ( GEOMETRIC_REPRESENTATION_CONTEXT(2) 
PARAMETRIC_REPRESENTATION_CONTEXT() REPRESENTATION_CONTEXT('2D SPACE',''
  ) );
#10007 = ORIENTED_EDGE('',*,*,#10008,.F.);
#10008 = EDGE_CURVE('',#3429,#9986,#10009,.T.);
#10009 = SURFACE_CURVE('',#10010,(#10014,#10021),.PCURVE_S1.);
#10010 = LINE('',#10011,#10012);
#10011 = CARTESIAN_POINT('',(19.,128.09402589451,-82.30294372515));
#10012 = VECTOR('',#10013,1.);
#10013 = DIRECTION('',(0.,-0.707106781187,0.707106781187));
#10014 = PCURVE('',#2187,#10015);
#10015 = DEFINITIONAL_REPRESENTATION('',(#10016),#10020);
#10016 = LINE('',#10017,#10018);
#10017 = CARTESIAN_POINT('',(7.105427357601E-15,-110.4));
#10018 = VECTOR('',#10019,1.);
#10019 = DIRECTION('',(1.,0.));
#10020 = ( GEOMETRIC_REPRESENTATION_CONTEXT(2) 
PARAMETRIC_REPRESENTATION_CONTEXT() REPRESENTATION_CONTEXT('2D SPACE',''
  ) );
#10021 = PCURVE('',#3444,#10022);
#10022 = DEFINITIONAL_REPRESENTATION('',(#10023),#10027);
#10023 = LINE('',#10024,#10025);
#10024 = CARTESIAN_POINT('',(0.,11.));
#10025 = VECTOR('',#10026,1.);
#10026 = DIRECTION('',(1.,0.));
#10027 = ( GEOMETRIC_REPRESENTATION_CONTEXT(2) 
PARAMETRIC_REPRESENTATION_CONTEXT() REPRESENTATION_CONTEXT('2D SPACE',''
  ) );
#10028 = ORIENTED_EDGE('',*,*,#3456,.T.);
#10029 = ORIENTED_EDGE('',*,*,#10030,.T.);
#10030 = EDGE_CURVE('',#3371,#10031,#10033,.T.);
#10031 = VERTEX_POINT('',#10032);
#10032 = CARTESIAN_POINT('',(19.,132.76093065034,-73.3933982822));
#10033 = SURFACE_CURVE('',#10034,(#10038,#10045),.PCURVE_S1.);
#10034 = LINE('',#10035,#10036);
#10035 = CARTESIAN_POINT('',(19.,134.8822509939,-75.51471862576));
#10036 = VECTOR('',#10037,1.);
#10037 = DIRECTION('',(0.,-0.707106781187,0.707106781187));
#10038 = PCURVE('',#2187,#10039);
#10039 = DEFINITIONAL_REPRESENTATION('',(#10040),#10044);
#10040 = LINE('',#10041,#10042);
#10041 = CARTESIAN_POINT('',(-7.105427357601E-15,-120.));
#10042 = VECTOR('',#10043,1.);
#10043 = DIRECTION('',(1.,0.));
#10044 = ( GEOMETRIC_REPRESENTATION_CONTEXT(2) 
PARAMETRIC_REPRESENTATION_CONTEXT() REPRESENTATION_CONTEXT('2D SPACE',''
  ) );
#10045 = PCURVE('',#3388,#10046);
#10046 = DEFINITIONAL_REPRESENTATION('',(#10047),#10051);
#10047 = LINE('',#10048,#10049);
#10048 = CARTESIAN_POINT('',(0.,11.));
#10049 = VECTOR('',#10050,1.);
#10050 = DIRECTION('',(1.,0.));
#10051 = ( GEOMETRIC_REPRESENTATION_CONTEXT(2) 
PARAMETRIC_REPRESENTATION_CONTEXT() REPRESENTATION_CONTEXT('2D SPACE',''
  ) );
#10052 = ORIENTED_EDGE('',*,*,#10053,.F.);
#10053 = EDGE_CURVE('',#10054,#10031,#10056,.T.);
#10054 = VERTEX_POINT('',#10055);
#10055 = CARTESIAN_POINT('',(19.,134.45798692519,-71.69634200735));
#10056 = SURFACE_CURVE('',#10057,(#10061,#10068),.PCURVE_S1.);
#10057 = LINE('',#10058,#10059);
#10058 = CARTESIAN_POINT('',(19.,90.334523779156,-115.8198051533));
#10059 = VECTOR('',#10060,1.);
#10060 = DIRECTION('',(0.,-0.707106781187,-0.707106781187));
#10061 = PCURVE('',#2187,#10062);
#10062 = DEFINITIONAL_REPRESENTATION('',(#10063),#10067);
#10063 = LINE('',#10064,#10065);
#10064 = CARTESIAN_POINT('',(3.,-60.));
#10065 = VECTOR('',#10066,1.);
#10066 = DIRECTION('',(0.,1.));
#10067 = ( GEOMETRIC_REPRESENTATION_CONTEXT(2) 
PARAMETRIC_REPRESENTATION_CONTEXT() REPRESENTATION_CONTEXT('2D SPACE',''
  ) );
#10068 = PCURVE('',#9776,#10069);
#10069 = DEFINITIONAL_REPRESENTATION('',(#10070),#10074);
#10070 = LINE('',#10071,#10072);
#10071 = CARTESIAN_POINT('',(11.,-48.));
#10072 = VECTOR('',#10073,1.);
#10073 = DIRECTION('',(0.,-1.));
#10074 = ( GEOMETRIC_REPRESENTATION_CONTEXT(2) 
PARAMETRIC_REPRESENTATION_CONTEXT() REPRESENTATION_CONTEXT('2D SPACE',''
  ) );
#10075 = ORIENTED_EDGE('',*,*,#10076,.F.);
#10076 = EDGE_CURVE('',#3296,#10054,#10077,.T.);
#10077 = SURFACE_CURVE('',#10078,(#10082,#10089),.PCURVE_S1.);
#10078 = LINE('',#10079,#10080);
#10079 = CARTESIAN_POINT('',(19.,136.57930726875,-73.81766235091));
#10080 = VECTOR('',#10081,1.);
#10081 = DIRECTION('',(0.,-0.707106781187,0.707106781187));
#10082 = PCURVE('',#2187,#10083);
#10083 = DEFINITIONAL_REPRESENTATION('',(#10084),#10088);
#10084 = LINE('',#10085,#10086);
#10085 = CARTESIAN_POINT('',(0.,-122.4));
#10086 = VECTOR('',#10087,1.);
#10087 = DIRECTION('',(1.,0.));
#10088 = ( GEOMETRIC_REPRESENTATION_CONTEXT(2) 
PARAMETRIC_REPRESENTATION_CONTEXT() REPRESENTATION_CONTEXT('2D SPACE',''
  ) );
#10089 = PCURVE('',#3311,#10090);
#10090 = DEFINITIONAL_REPRESENTATION('',(#10091),#10095);
#10091 = LINE('',#10092,#10093);
#10092 = CARTESIAN_POINT('',(0.,11.));
#10093 = VECTOR('',#10094,1.);
#10094 = DIRECTION('',(1.,0.));
#10095 = ( GEOMETRIC_REPRESENTATION_CONTEXT(2) 
PARAMETRIC_REPRESENTATION_CONTEXT() REPRESENTATION_CONTEXT('2D SPACE',''
  ) );
#10096 = ORIENTED_EDGE('',*,*,#3323,.T.);
#10097 = ORIENTED_EDGE('',*,*,#5027,.T.);
#10098 = ADVANCED_FACE('',(#10099),#2219,.F.);
#10099 = FACE_BOUND('',#10100,.F.);
#10100 = EDGE_LOOP('',(#10101,#10102,#10125,#10148));
#10101 = ORIENTED_EDGE('',*,*,#2201,.F.);
#10102 = ORIENTED_EDGE('',*,*,#10103,.T.);
#10103 = EDGE_CURVE('',#2202,#10104,#10106,.T.);
#10104 = VERTEX_POINT('',#10105);
#10105 = CARTESIAN_POINT('',(19.,115.79036790187,-90.36396103067));
#10106 = SURFACE_CURVE('',#10107,(#10111,#10118),.PCURVE_S1.);
#10107 = LINE('',#10108,#10109);
#10108 = CARTESIAN_POINT('',(19.,117.91168824543,-92.48528137423));
#10109 = VECTOR('',#10110,1.);
#10110 = DIRECTION('',(0.,-0.707106781187,0.707106781187));
#10111 = PCURVE('',#2219,#10112);
#10112 = DEFINITIONAL_REPRESENTATION('',(#10113),#10117);
#10113 = LINE('',#10114,#10115);
#10114 = CARTESIAN_POINT('',(0.,11.));
#10115 = VECTOR('',#10116,1.);
#10116 = DIRECTION('',(1.,0.));
#10117 = ( GEOMETRIC_REPRESENTATION_CONTEXT(2) 
PARAMETRIC_REPRESENTATION_CONTEXT() REPRESENTATION_CONTEXT('2D SPACE',''
  ) );
#10118 = PCURVE('',#2301,#10119);
#10119 = DEFINITIONAL_REPRESENTATION('',(#10120),#10124);
#10120 = LINE('',#10121,#10122);
#10121 = CARTESIAN_POINT('',(-1.42108547152E-14,-96.));
#10122 = VECTOR('',#10123,1.);
#10123 = DIRECTION('',(1.,0.));
#10124 = ( GEOMETRIC_REPRESENTATION_CONTEXT(2) 
PARAMETRIC_REPRESENTATION_CONTEXT() REPRESENTATION_CONTEXT('2D SPACE',''
  ) );
#10125 = ORIENTED_EDGE('',*,*,#10126,.T.);
#10126 = EDGE_CURVE('',#10104,#10127,#10129,.T.);
#10127 = VERTEX_POINT('',#10128);
#10128 = CARTESIAN_POINT('',(69.,115.79036790187,-90.36396103067));
#10129 = SURFACE_CURVE('',#10130,(#10134,#10141),.PCURVE_S1.);
#10130 = LINE('',#10131,#10132);
#10131 = CARTESIAN_POINT('',(8.,115.79036790187,-90.36396103067));
#10132 = VECTOR('',#10133,1.);
#10133 = DIRECTION('',(1.,0.,0.));
#10134 = PCURVE('',#2219,#10135);
#10135 = DEFINITIONAL_REPRESENTATION('',(#10136),#10140);
#10136 = LINE('',#10137,#10138);
#10137 = CARTESIAN_POINT('',(3.,0.));
#10138 = VECTOR('',#10139,1.);
#10139 = DIRECTION('',(0.,1.));
#10140 = ( GEOMETRIC_REPRESENTATION_CONTEXT(2) 
PARAMETRIC_REPRESENTATION_CONTEXT() REPRESENTATION_CONTEXT('2D SPACE',''
  ) );
#10141 = PCURVE('',#9776,#10142);
#10142 = DEFINITIONAL_REPRESENTATION('',(#10143),#10147);
#10143 = LINE('',#10144,#10145);
#10144 = CARTESIAN_POINT('',(0.,-12.));
#10145 = VECTOR('',#10146,1.);
#10146 = DIRECTION('',(1.,0.));
#10147 = ( GEOMETRIC_REPRESENTATION_CONTEXT(2) 
PARAMETRIC_REPRESENTATION_CONTEXT() REPRESENTATION_CONTEXT('2D SPACE',''
  ) );
#10148 = ORIENTED_EDGE('',*,*,#10149,.T.);
#10149 = EDGE_CURVE('',#10127,#2204,#10150,.T.);
#10150 = SURFACE_CURVE('',#10151,(#10155,#10162),.PCURVE_S1.);
#10151 = LINE('',#10152,#10153);
#10152 = CARTESIAN_POINT('',(69.,117.91168824543,-92.48528137423));
#10153 = VECTOR('',#10154,1.);
#10154 = DIRECTION('',(0.,0.707106781187,-0.707106781187));
#10155 = PCURVE('',#2219,#10156);
#10156 = DEFINITIONAL_REPRESENTATION('',(#10157),#10161);
#10157 = LINE('',#10158,#10159);
#10158 = CARTESIAN_POINT('',(0.,61.));
#10159 = VECTOR('',#10160,1.);
#10160 = DIRECTION('',(-1.,0.));
#10161 = ( GEOMETRIC_REPRESENTATION_CONTEXT(2) 
PARAMETRIC_REPRESENTATION_CONTEXT() REPRESENTATION_CONTEXT('2D SPACE',''
  ) );
#10162 = PCURVE('',#2247,#10163);
#10163 = DEFINITIONAL_REPRESENTATION('',(#10164),#10168);
#10164 = LINE('',#10165,#10166);
#10165 = CARTESIAN_POINT('',(-1.42108547152E-14,-96.));
#10166 = VECTOR('',#10167,1.);
#10167 = DIRECTION('',(-1.,0.));
#10168 = ( GEOMETRIC_REPRESENTATION_CONTEXT(2) 
PARAMETRIC_REPRESENTATION_CONTEXT() REPRESENTATION_CONTEXT('2D SPACE',''
  ) );
#10169 = ADVANCED_FACE('',(#10170),#2247,.F.);
#10170 = FACE_BOUND('',#10171,.F.);
#10171 = EDGE_LOOP('',(#10172,#10195,#10216,#10217));
#10172 = ORIENTED_EDGE('',*,*,#10173,.F.);
#10173 = EDGE_CURVE('',#10174,#10127,#10176,.T.);
#10174 = VERTEX_POINT('',#10175);
#10175 = CARTESIAN_POINT('',(69.,109.00214280248,-97.15218613007));
#10176 = SURFACE_CURVE('',#10177,(#10181,#10188),.PCURVE_S1.);
#10177 = LINE('',#10178,#10179);
#10178 = CARTESIAN_POINT('',(69.,47.908116907963,-158.2462120245));
#10179 = VECTOR('',#10180,1.);
#10180 = DIRECTION('',(0.,0.707106781187,0.707106781187));
#10181 = PCURVE('',#2247,#10182);
#10182 = DEFINITIONAL_REPRESENTATION('',(#10183),#10187);
#10183 = LINE('',#10184,#10185);
#10184 = CARTESIAN_POINT('',(3.,5.329070518201E-15));
#10185 = VECTOR('',#10186,1.);
#10186 = DIRECTION('',(0.,-1.));
#10187 = ( GEOMETRIC_REPRESENTATION_CONTEXT(2) 
PARAMETRIC_REPRESENTATION_CONTEXT() REPRESENTATION_CONTEXT('2D SPACE',''
  ) );
#10188 = PCURVE('',#9776,#10189);
#10189 = DEFINITIONAL_REPRESENTATION('',(#10190),#10194);
#10190 = LINE('',#10191,#10192);
#10191 = CARTESIAN_POINT('',(61.,-108.));
#10192 = VECTOR('',#10193,1.);
#10193 = DIRECTION('',(0.,1.));
#10194 = ( GEOMETRIC_REPRESENTATION_CONTEXT(2) 
PARAMETRIC_REPRESENTATION_CONTEXT() REPRESENTATION_CONTEXT('2D SPACE',''
  ) );
#10195 = ORIENTED_EDGE('',*,*,#10196,.T.);
#10196 = EDGE_CURVE('',#10174,#2232,#10197,.T.);
#10197 = SURFACE_CURVE('',#10198,(#10202,#10209),.PCURVE_S1.);
#10198 = LINE('',#10199,#10200);
#10199 = CARTESIAN_POINT('',(69.,111.12346314604,-99.27350647362));
#10200 = VECTOR('',#10201,1.);
#10201 = DIRECTION('',(0.,0.707106781187,-0.707106781187));
#10202 = PCURVE('',#2247,#10203);
#10203 = DEFINITIONAL_REPRESENTATION('',(#10204),#10208);
#10204 = LINE('',#10205,#10206);
#10205 = CARTESIAN_POINT('',(0.,-86.4));
#10206 = VECTOR('',#10207,1.);
#10207 = DIRECTION('',(-1.,0.));
#10208 = ( GEOMETRIC_REPRESENTATION_CONTEXT(2) 
PARAMETRIC_REPRESENTATION_CONTEXT() REPRESENTATION_CONTEXT('2D SPACE',''
  ) );
#10209 = PCURVE('',#2275,#10210);
#10210 = DEFINITIONAL_REPRESENTATION('',(#10211),#10215);
#10211 = LINE('',#10212,#10213);
#10212 = CARTESIAN_POINT('',(0.,61.));
#10213 = VECTOR('',#10214,1.);
#10214 = DIRECTION('',(-1.,0.));
#10215 = ( GEOMETRIC_REPRESENTATION_CONTEXT(2) 
PARAMETRIC_REPRESENTATION_CONTEXT() REPRESENTATION_CONTEXT('2D SPACE',''
  ) );
#10216 = ORIENTED_EDGE('',*,*,#2231,.T.);
#10217 = ORIENTED_EDGE('',*,*,#10149,.F.);
#10218 = ADVANCED_FACE('',(#10219),#2275,.T.);
#10219 = FACE_BOUND('',#10220,.T.);
#10220 = EDGE_LOOP('',(#10221,#10222,#10245,#10266));
#10221 = ORIENTED_EDGE('',*,*,#2259,.F.);
#10222 = ORIENTED_EDGE('',*,*,#10223,.T.);
#10223 = EDGE_CURVE('',#2260,#10224,#10226,.T.);
#10224 = VERTEX_POINT('',#10225);
#10225 = CARTESIAN_POINT('',(19.,109.00214280248,-97.15218613007));
#10226 = SURFACE_CURVE('',#10227,(#10231,#10238),.PCURVE_S1.);
#10227 = LINE('',#10228,#10229);
#10228 = CARTESIAN_POINT('',(19.,111.12346314604,-99.27350647362));
#10229 = VECTOR('',#10230,1.);
#10230 = DIRECTION('',(0.,-0.707106781187,0.707106781187));
#10231 = PCURVE('',#2275,#10232);
#10232 = DEFINITIONAL_REPRESENTATION('',(#10233),#10237);
#10233 = LINE('',#10234,#10235);
#10234 = CARTESIAN_POINT('',(0.,11.));
#10235 = VECTOR('',#10236,1.);
#10236 = DIRECTION('',(1.,0.));
#10237 = ( GEOMETRIC_REPRESENTATION_CONTEXT(2) 
PARAMETRIC_REPRESENTATION_CONTEXT() REPRESENTATION_CONTEXT('2D SPACE',''
  ) );
#10238 = PCURVE('',#2301,#10239);
#10239 = DEFINITIONAL_REPRESENTATION('',(#10240),#10244);
#10240 = LINE('',#10241,#10242);
#10241 = CARTESIAN_POINT('',(0.,-86.4));
#10242 = VECTOR('',#10243,1.);
#10243 = DIRECTION('',(1.,0.));
#10244 = ( GEOMETRIC_REPRESENTATION_CONTEXT(2) 
PARAMETRIC_REPRESENTATION_CONTEXT() REPRESENTATION_CONTEXT('2D SPACE',''
  ) );
#10245 = ORIENTED_EDGE('',*,*,#10246,.T.);
#10246 = EDGE_CURVE('',#10224,#10174,#10247,.T.);
#10247 = SURFACE_CURVE('',#10248,(#10252,#10259),.PCURVE_S1.);
#10248 = LINE('',#10249,#10250);
#10249 = CARTESIAN_POINT('',(8.,109.00214280248,-97.15218613007));
#10250 = VECTOR('',#10251,1.);
#10251 = DIRECTION('',(1.,0.,0.));
#10252 = PCURVE('',#2275,#10253);
#10253 = DEFINITIONAL_REPRESENTATION('',(#10254),#10258);
#10254 = LINE('',#10255,#10256);
#10255 = CARTESIAN_POINT('',(3.,0.));
#10256 = VECTOR('',#10257,1.);
#10257 = DIRECTION('',(0.,1.));
#10258 = ( GEOMETRIC_REPRESENTATION_CONTEXT(2) 
PARAMETRIC_REPRESENTATION_CONTEXT() REPRESENTATION_CONTEXT('2D SPACE',''
  ) );
#10259 = PCURVE('',#9776,#10260);
#10260 = DEFINITIONAL_REPRESENTATION('',(#10261),#10265);
#10261 = LINE('',#10262,#10263);
#10262 = CARTESIAN_POINT('',(0.,-21.6));
#10263 = VECTOR('',#10264,1.);
#10264 = DIRECTION('',(1.,0.));
#10265 = ( GEOMETRIC_REPRESENTATION_CONTEXT(2) 
PARAMETRIC_REPRESENTATION_CONTEXT() REPRESENTATION_CONTEXT('2D SPACE',''
  ) );
#10266 = ORIENTED_EDGE('',*,*,#10196,.T.);
#10267 = ADVANCED_FACE('',(#10268),#2301,.T.);
#10268 = FACE_BOUND('',#10269,.T.);
#10269 = EDGE_LOOP('',(#10270,#10271,#10292,#10293));
#10270 = ORIENTED_EDGE('',*,*,#10103,.T.);
#10271 = ORIENTED_EDGE('',*,*,#10272,.F.);
#10272 = EDGE_CURVE('',#10224,#10104,#10273,.T.);
#10273 = SURFACE_CURVE('',#10274,(#10278,#10285),.PCURVE_S1.);
#10274 = LINE('',#10275,#10276);
#10275 = CARTESIAN_POINT('',(19.,70.535533905933,-135.6187950266));
#10276 = VECTOR('',#10277,1.);
#10277 = DIRECTION('',(0.,0.707106781187,0.707106781187));
#10278 = PCURVE('',#2301,#10279);
#10279 = DEFINITIONAL_REPRESENTATION('',(#10280),#10284);
#10280 = LINE('',#10281,#10282);
#10281 = CARTESIAN_POINT('',(3.,-32.));
#10282 = VECTOR('',#10283,1.);
#10283 = DIRECTION('',(0.,-1.));
#10284 = ( GEOMETRIC_REPRESENTATION_CONTEXT(2) 
PARAMETRIC_REPRESENTATION_CONTEXT() REPRESENTATION_CONTEXT('2D SPACE',''
  ) );
#10285 = PCURVE('',#9776,#10286);
#10286 = DEFINITIONAL_REPRESENTATION('',(#10287),#10291);
#10287 = LINE('',#10288,#10289);
#10288 = CARTESIAN_POINT('',(11.,-76.));
#10289 = VECTOR('',#10290,1.);
#10290 = DIRECTION('',(0.,1.));
#10291 = ( GEOMETRIC_REPRESENTATION_CONTEXT(2) 
PARAMETRIC_REPRESENTATION_CONTEXT() REPRESENTATION_CONTEXT('2D SPACE',''
  ) );
#10292 = ORIENTED_EDGE('',*,*,#10223,.F.);
#10293 = ORIENTED_EDGE('',*,*,#2287,.T.);
#10294 = ADVANCED_FACE('',(#10295),#2333,.F.);
#10295 = FACE_BOUND('',#10296,.F.);
#10296 = EDGE_LOOP('',(#10297,#10298,#10321,#10344));
#10297 = ORIENTED_EDGE('',*,*,#2315,.F.);
#10298 = ORIENTED_EDGE('',*,*,#10299,.T.);
#10299 = EDGE_CURVE('',#2316,#10300,#10302,.T.);
#10300 = VERTEX_POINT('',#10301);
#10301 = CARTESIAN_POINT('',(19.,107.30508652763,-98.84924240491));
#10302 = SURFACE_CURVE('',#10303,(#10307,#10314),.PCURVE_S1.);
#10303 = LINE('',#10304,#10305);
#10304 = CARTESIAN_POINT('',(19.,109.42640687119,-100.9705627484));
#10305 = VECTOR('',#10306,1.);
#10306 = DIRECTION('',(0.,-0.707106781187,0.707106781187));
#10307 = PCURVE('',#2333,#10308);
#10308 = DEFINITIONAL_REPRESENTATION('',(#10309),#10313);
#10309 = LINE('',#10310,#10311);
#10310 = CARTESIAN_POINT('',(0.,11.));
#10311 = VECTOR('',#10312,1.);
#10312 = DIRECTION('',(1.,0.));
#10313 = ( GEOMETRIC_REPRESENTATION_CONTEXT(2) 
PARAMETRIC_REPRESENTATION_CONTEXT() REPRESENTATION_CONTEXT('2D SPACE',''
  ) );
#10314 = PCURVE('',#2415,#10315);
#10315 = DEFINITIONAL_REPRESENTATION('',(#10316),#10320);
#10316 = LINE('',#10317,#10318);
#10317 = CARTESIAN_POINT('',(0.,-84.));
#10318 = VECTOR('',#10319,1.);
#10319 = DIRECTION('',(1.,0.));
#10320 = ( GEOMETRIC_REPRESENTATION_CONTEXT(2) 
PARAMETRIC_REPRESENTATION_CONTEXT() REPRESENTATION_CONTEXT('2D SPACE',''
  ) );
#10321 = ORIENTED_EDGE('',*,*,#10322,.T.);
#10322 = EDGE_CURVE('',#10300,#10323,#10325,.T.);
#10323 = VERTEX_POINT('',#10324);
#10324 = CARTESIAN_POINT('',(69.,107.30508652763,-98.84924240491));
#10325 = SURFACE_CURVE('',#10326,(#10330,#10337),.PCURVE_S1.);
#10326 = LINE('',#10327,#10328);
#10327 = CARTESIAN_POINT('',(8.,107.30508652763,-98.84924240491));
#10328 = VECTOR('',#10329,1.);
#10329 = DIRECTION('',(1.,0.,0.));
#10330 = PCURVE('',#2333,#10331);
#10331 = DEFINITIONAL_REPRESENTATION('',(#10332),#10336);
#10332 = LINE('',#10333,#10334);
#10333 = CARTESIAN_POINT('',(3.,0.));
#10334 = VECTOR('',#10335,1.);
#10335 = DIRECTION('',(0.,1.));
#10336 = ( GEOMETRIC_REPRESENTATION_CONTEXT(2) 
PARAMETRIC_REPRESENTATION_CONTEXT() REPRESENTATION_CONTEXT('2D SPACE',''
  ) );
#10337 = PCURVE('',#9776,#10338);
#10338 = DEFINITIONAL_REPRESENTATION('',(#10339),#10343);
#10339 = LINE('',#10340,#10341);
#10340 = CARTESIAN_POINT('',(0.,-24.));
#10341 = VECTOR('',#10342,1.);
#10342 = DIRECTION('',(1.,0.));
#10343 = ( GEOMETRIC_REPRESENTATION_CONTEXT(2) 
PARAMETRIC_REPRESENTATION_CONTEXT() REPRESENTATION_CONTEXT('2D SPACE',''
  ) );
#10344 = ORIENTED_EDGE('',*,*,#10345,.T.);
#10345 = EDGE_CURVE('',#10323,#2318,#10346,.T.);
#10346 = SURFACE_CURVE('',#10347,(#10351,#10358),.PCURVE_S1.);
#10347 = LINE('',#10348,#10349);
#10348 = CARTESIAN_POINT('',(69.,109.42640687119,-100.9705627484));
#10349 = VECTOR('',#10350,1.);
#10350 = DIRECTION('',(0.,0.707106781187,-0.707106781187));
#10351 = PCURVE('',#2333,#10352);
#10352 = DEFINITIONAL_REPRESENTATION('',(#10353),#10357);
#10353 = LINE('',#10354,#10355);
#10354 = CARTESIAN_POINT('',(0.,61.));
#10355 = VECTOR('',#10356,1.);
#10356 = DIRECTION('',(-1.,0.));
#10357 = ( GEOMETRIC_REPRESENTATION_CONTEXT(2) 
PARAMETRIC_REPRESENTATION_CONTEXT() REPRESENTATION_CONTEXT('2D SPACE',''
  ) );
#10358 = PCURVE('',#2361,#10359);
#10359 = DEFINITIONAL_REPRESENTATION('',(#10360),#10364);
#10360 = LINE('',#10361,#10362);
#10361 = CARTESIAN_POINT('',(0.,-84.));
#10362 = VECTOR('',#10363,1.);
#10363 = DIRECTION('',(-1.,0.));
#10364 = ( GEOMETRIC_REPRESENTATION_CONTEXT(2) 
PARAMETRIC_REPRESENTATION_CONTEXT() REPRESENTATION_CONTEXT('2D SPACE',''
  ) );
#10365 = ADVANCED_FACE('',(#10366),#2361,.F.);
#10366 = FACE_BOUND('',#10367,.F.);
#10367 = EDGE_LOOP('',(#10368,#10391,#10412,#10413));
#10368 = ORIENTED_EDGE('',*,*,#10369,.F.);
#10369 = EDGE_CURVE('',#10370,#10323,#10372,.T.);
#10370 = VERTEX_POINT('',#10371);
#10371 = CARTESIAN_POINT('',(69.,100.51686142824,-105.6374675043));
#10372 = SURFACE_CURVE('',#10373,(#10377,#10384),.PCURVE_S1.);
#10373 = LINE('',#10374,#10375);
#10374 = CARTESIAN_POINT('',(69.,47.908116907963,-158.2462120245));
#10375 = VECTOR('',#10376,1.);
#10376 = DIRECTION('',(0.,0.707106781187,0.707106781187));
#10377 = PCURVE('',#2361,#10378);
#10378 = DEFINITIONAL_REPRESENTATION('',(#10379),#10383);
#10379 = LINE('',#10380,#10381);
#10380 = CARTESIAN_POINT('',(3.,5.329070518201E-15));
#10381 = VECTOR('',#10382,1.);
#10382 = DIRECTION('',(0.,-1.));
#10383 = ( GEOMETRIC_REPRESENTATION_CONTEXT(2) 
PARAMETRIC_REPRESENTATION_CONTEXT() REPRESENTATION_CONTEXT('2D SPACE',''
  ) );
#10384 = PCURVE('',#9776,#10385);
#10385 = DEFINITIONAL_REPRESENTATION('',(#10386),#10390);
#10386 = LINE('',#10387,#10388);
#10387 = CARTESIAN_POINT('',(61.,-108.));
#10388 = VECTOR('',#10389,1.);
#10389 = DIRECTION('',(0.,1.));
#10390 = ( GEOMETRIC_REPRESENTATION_CONTEXT(2) 
PARAMETRIC_REPRESENTATION_CONTEXT() REPRESENTATION_CONTEXT('2D SPACE',''
  ) );
#10391 = ORIENTED_EDGE('',*,*,#10392,.T.);
#10392 = EDGE_CURVE('',#10370,#2346,#10393,.T.);
#10393 = SURFACE_CURVE('',#10394,(#10398,#10405),.PCURVE_S1.);
#10394 = LINE('',#10395,#10396);
#10395 = CARTESIAN_POINT('',(69.,102.6381817718,-107.7587878478));
#10396 = VECTOR('',#10397,1.);
#10397 = DIRECTION('',(0.,0.707106781187,-0.707106781187));
#10398 = PCURVE('',#2361,#10399);
#10399 = DEFINITIONAL_REPRESENTATION('',(#10400),#10404);
#10400 = LINE('',#10401,#10402);
#10401 = CARTESIAN_POINT('',(7.105427357601E-15,-74.4));
#10402 = VECTOR('',#10403,1.);
#10403 = DIRECTION('',(-1.,0.));
#10404 = ( GEOMETRIC_REPRESENTATION_CONTEXT(2) 
PARAMETRIC_REPRESENTATION_CONTEXT() REPRESENTATION_CONTEXT('2D SPACE',''
  ) );
#10405 = PCURVE('',#2389,#10406);
#10406 = DEFINITIONAL_REPRESENTATION('',(#10407),#10411);
#10407 = LINE('',#10408,#10409);
#10408 = CARTESIAN_POINT('',(0.,61.));
#10409 = VECTOR('',#10410,1.);
#10410 = DIRECTION('',(-1.,0.));
#10411 = ( GEOMETRIC_REPRESENTATION_CONTEXT(2) 
PARAMETRIC_REPRESENTATION_CONTEXT() REPRESENTATION_CONTEXT('2D SPACE',''
  ) );
#10412 = ORIENTED_EDGE('',*,*,#2345,.T.);
#10413 = ORIENTED_EDGE('',*,*,#10345,.F.);
#10414 = ADVANCED_FACE('',(#10415),#2389,.T.);
#10415 = FACE_BOUND('',#10416,.T.);
#10416 = EDGE_LOOP('',(#10417,#10418,#10441,#10462));
#10417 = ORIENTED_EDGE('',*,*,#2373,.F.);
#10418 = ORIENTED_EDGE('',*,*,#10419,.T.);
#10419 = EDGE_CURVE('',#2374,#10420,#10422,.T.);
#10420 = VERTEX_POINT('',#10421);
#10421 = CARTESIAN_POINT('',(19.,100.51686142824,-105.6374675043));
#10422 = SURFACE_CURVE('',#10423,(#10427,#10434),.PCURVE_S1.);
#10423 = LINE('',#10424,#10425);
#10424 = CARTESIAN_POINT('',(19.,102.6381817718,-107.7587878478));
#10425 = VECTOR('',#10426,1.);
#10426 = DIRECTION('',(0.,-0.707106781187,0.707106781187));
#10427 = PCURVE('',#2389,#10428);
#10428 = DEFINITIONAL_REPRESENTATION('',(#10429),#10433);
#10429 = LINE('',#10430,#10431);
#10430 = CARTESIAN_POINT('',(0.,11.));
#10431 = VECTOR('',#10432,1.);
#10432 = DIRECTION('',(1.,0.));
#10433 = ( GEOMETRIC_REPRESENTATION_CONTEXT(2) 
PARAMETRIC_REPRESENTATION_CONTEXT() REPRESENTATION_CONTEXT('2D SPACE',''
  ) );
#10434 = PCURVE('',#2415,#10435);
#10435 = DEFINITIONAL_REPRESENTATION('',(#10436),#10440);
#10436 = LINE('',#10437,#10438);
#10437 = CARTESIAN_POINT('',(7.105427357601E-15,-74.4));
#10438 = VECTOR('',#10439,1.);
#10439 = DIRECTION('',(1.,0.));
#10440 = ( GEOMETRIC_REPRESENTATION_CONTEXT(2) 
PARAMETRIC_REPRESENTATION_CONTEXT() REPRESENTATION_CONTEXT('2D SPACE',''
  ) );
#10441 = ORIENTED_EDGE('',*,*,#10442,.T.);
#10442 = EDGE_CURVE('',#10420,#10370,#10443,.T.);
#10443 = SURFACE_CURVE('',#10444,(#10448,#10455),.PCURVE_S1.);
#10444 = LINE('',#10445,#10446);
#10445 = CARTESIAN_POINT('',(8.,100.51686142824,-105.6374675043));
#10446 = VECTOR('',#10447,1.);
#10447 = DIRECTION('',(1.,0.,0.));
#10448 = PCURVE('',#2389,#10449);
#10449 = DEFINITIONAL_REPRESENTATION('',(#10450),#10454);
#10450 = LINE('',#10451,#10452);
#10451 = CARTESIAN_POINT('',(3.,0.));
#10452 = VECTOR('',#10453,1.);
#10453 = DIRECTION('',(0.,1.));
#10454 = ( GEOMETRIC_REPRESENTATION_CONTEXT(2) 
PARAMETRIC_REPRESENTATION_CONTEXT() REPRESENTATION_CONTEXT('2D SPACE',''
  ) );
#10455 = PCURVE('',#9776,#10456);
#10456 = DEFINITIONAL_REPRESENTATION('',(#10457),#10461);
#10457 = LINE('',#10458,#10459);
#10458 = CARTESIAN_POINT('',(0.,-33.6));
#10459 = VECTOR('',#10460,1.);
#10460 = DIRECTION('',(1.,0.));
#10461 = ( GEOMETRIC_REPRESENTATION_CONTEXT(2) 
PARAMETRIC_REPRESENTATION_CONTEXT() REPRESENTATION_CONTEXT('2D SPACE',''
  ) );
#10462 = ORIENTED_EDGE('',*,*,#10392,.T.);
#10463 = ADVANCED_FACE('',(#10464),#2415,.T.);
#10464 = FACE_BOUND('',#10465,.T.);
#10465 = EDGE_LOOP('',(#10466,#10467,#10488,#10489));
#10466 = ORIENTED_EDGE('',*,*,#10299,.T.);
#10467 = ORIENTED_EDGE('',*,*,#10468,.F.);
#10468 = EDGE_CURVE('',#10420,#10300,#10469,.T.);
#10469 = SURFACE_CURVE('',#10470,(#10474,#10481),.PCURVE_S1.);
#10470 = LINE('',#10471,#10472);
#10471 = CARTESIAN_POINT('',(19.,70.535533905933,-135.6187950266));
#10472 = VECTOR('',#10473,1.);
#10473 = DIRECTION('',(0.,0.707106781187,0.707106781187));
#10474 = PCURVE('',#2415,#10475);
#10475 = DEFINITIONAL_REPRESENTATION('',(#10476),#10480);
#10476 = LINE('',#10477,#10478);
#10477 = CARTESIAN_POINT('',(3.,-32.));
#10478 = VECTOR('',#10479,1.);
#10479 = DIRECTION('',(0.,-1.));
#10480 = ( GEOMETRIC_REPRESENTATION_CONTEXT(2) 
PARAMETRIC_REPRESENTATION_CONTEXT() REPRESENTATION_CONTEXT('2D SPACE',''
  ) );
#10481 = PCURVE('',#9776,#10482);
#10482 = DEFINITIONAL_REPRESENTATION('',(#10483),#10487);
#10483 = LINE('',#10484,#10485);
#10484 = CARTESIAN_POINT('',(11.,-76.));
#10485 = VECTOR('',#10486,1.);
#10486 = DIRECTION('',(0.,1.));
#10487 = ( GEOMETRIC_REPRESENTATION_CONTEXT(2) 
PARAMETRIC_REPRESENTATION_CONTEXT() REPRESENTATION_CONTEXT('2D SPACE',''
  ) );
#10488 = ORIENTED_EDGE('',*,*,#10419,.F.);
#10489 = ORIENTED_EDGE('',*,*,#2401,.T.);
#10490 = ADVANCED_FACE('',(#10491),#2447,.F.);
#10491 = FACE_BOUND('',#10492,.F.);
#10492 = EDGE_LOOP('',(#10493,#10494,#10517,#10540));
#10493 = ORIENTED_EDGE('',*,*,#2429,.F.);
#10494 = ORIENTED_EDGE('',*,*,#10495,.T.);
#10495 = EDGE_CURVE('',#2430,#10496,#10498,.T.);
#10496 = VERTEX_POINT('',#10497);
#10497 = CARTESIAN_POINT('',(19.,98.819805153395,-107.3345237791));
#10498 = SURFACE_CURVE('',#10499,(#10503,#10510),.PCURVE_S1.);
#10499 = LINE('',#10500,#10501);
#10500 = CARTESIAN_POINT('',(19.,100.94112549695,-109.4558441227));
#10501 = VECTOR('',#10502,1.);
#10502 = DIRECTION('',(0.,-0.707106781187,0.707106781187));
#10503 = PCURVE('',#2447,#10504);
#10504 = DEFINITIONAL_REPRESENTATION('',(#10505),#10509);
#10505 = LINE('',#10506,#10507);
#10506 = CARTESIAN_POINT('',(0.,11.));
#10507 = VECTOR('',#10508,1.);
#10508 = DIRECTION('',(1.,0.));
#10509 = ( GEOMETRIC_REPRESENTATION_CONTEXT(2) 
PARAMETRIC_REPRESENTATION_CONTEXT() REPRESENTATION_CONTEXT('2D SPACE',''
  ) );
#10510 = PCURVE('',#2529,#10511);
#10511 = DEFINITIONAL_REPRESENTATION('',(#10512),#10516);
#10512 = LINE('',#10513,#10514);
#10513 = CARTESIAN_POINT('',(0.,-72.));
#10514 = VECTOR('',#10515,1.);
#10515 = DIRECTION('',(1.,0.));
#10516 = ( GEOMETRIC_REPRESENTATION_CONTEXT(2) 
PARAMETRIC_REPRESENTATION_CONTEXT() REPRESENTATION_CONTEXT('2D SPACE',''
  ) );
#10517 = ORIENTED_EDGE('',*,*,#10518,.T.);
#10518 = EDGE_CURVE('',#10496,#10519,#10521,.T.);
#10519 = VERTEX_POINT('',#10520);
#10520 = CARTESIAN_POINT('',(69.,98.819805153395,-107.3345237791));
#10521 = SURFACE_CURVE('',#10522,(#10526,#10533),.PCURVE_S1.);
#10522 = LINE('',#10523,#10524);
#10523 = CARTESIAN_POINT('',(8.,98.819805153395,-107.3345237791));
#10524 = VECTOR('',#10525,1.);
#10525 = DIRECTION('',(1.,0.,0.));
#10526 = PCURVE('',#2447,#10527);
#10527 = DEFINITIONAL_REPRESENTATION('',(#10528),#10532);
#10528 = LINE('',#10529,#10530);
#10529 = CARTESIAN_POINT('',(3.,0.));
#10530 = VECTOR('',#10531,1.);
#10531 = DIRECTION('',(0.,1.));
#10532 = ( GEOMETRIC_REPRESENTATION_CONTEXT(2) 
PARAMETRIC_REPRESENTATION_CONTEXT() REPRESENTATION_CONTEXT('2D SPACE',''
  ) );
#10533 = PCURVE('',#9776,#10534);
#10534 = DEFINITIONAL_REPRESENTATION('',(#10535),#10539);
#10535 = LINE('',#10536,#10537);
#10536 = CARTESIAN_POINT('',(0.,-36.));
#10537 = VECTOR('',#10538,1.);
#10538 = DIRECTION('',(1.,0.));
#10539 = ( GEOMETRIC_REPRESENTATION_CONTEXT(2) 
PARAMETRIC_REPRESENTATION_CONTEXT() REPRESENTATION_CONTEXT('2D SPACE',''
  ) );
#10540 = ORIENTED_EDGE('',*,*,#10541,.T.);
#10541 = EDGE_CURVE('',#10519,#2432,#10542,.T.);
#10542 = SURFACE_CURVE('',#10543,(#10547,#10554),.PCURVE_S1.);
#10543 = LINE('',#10544,#10545);
#10544 = CARTESIAN_POINT('',(69.,100.94112549695,-109.4558441227));
#10545 = VECTOR('',#10546,1.);
#10546 = DIRECTION('',(0.,0.707106781187,-0.707106781187));
#10547 = PCURVE('',#2447,#10548);
#10548 = DEFINITIONAL_REPRESENTATION('',(#10549),#10553);
#10549 = LINE('',#10550,#10551);
#10550 = CARTESIAN_POINT('',(0.,61.));
#10551 = VECTOR('',#10552,1.);
#10552 = DIRECTION('',(-1.,0.));
#10553 = ( GEOMETRIC_REPRESENTATION_CONTEXT(2) 
PARAMETRIC_REPRESENTATION_CONTEXT() REPRESENTATION_CONTEXT('2D SPACE',''
  ) );
#10554 = PCURVE('',#2475,#10555);
#10555 = DEFINITIONAL_REPRESENTATION('',(#10556),#10560);
#10556 = LINE('',#10557,#10558);
#10557 = CARTESIAN_POINT('',(0.,-72.));
#10558 = VECTOR('',#10559,1.);
#10559 = DIRECTION('',(-1.,0.));
#10560 = ( GEOMETRIC_REPRESENTATION_CONTEXT(2) 
PARAMETRIC_REPRESENTATION_CONTEXT() REPRESENTATION_CONTEXT('2D SPACE',''
  ) );
#10561 = ADVANCED_FACE('',(#10562),#2475,.F.);
#10562 = FACE_BOUND('',#10563,.F.);
#10563 = EDGE_LOOP('',(#10564,#10587,#10608,#10609));
#10564 = ORIENTED_EDGE('',*,*,#10565,.F.);
#10565 = EDGE_CURVE('',#10566,#10519,#10568,.T.);
#10566 = VERTEX_POINT('',#10567);
#10567 = CARTESIAN_POINT('',(69.,92.031580054004,-114.1227488785));
#10568 = SURFACE_CURVE('',#10569,(#10573,#10580),.PCURVE_S1.);
#10569 = LINE('',#10570,#10571);
#10570 = CARTESIAN_POINT('',(69.,47.908116907963,-158.2462120245));
#10571 = VECTOR('',#10572,1.);
#10572 = DIRECTION('',(0.,0.707106781187,0.707106781187));
#10573 = PCURVE('',#2475,#10574);
#10574 = DEFINITIONAL_REPRESENTATION('',(#10575),#10579);
#10575 = LINE('',#10576,#10577);
#10576 = CARTESIAN_POINT('',(3.,5.329070518201E-15));
#10577 = VECTOR('',#10578,1.);
#10578 = DIRECTION('',(0.,-1.));
#10579 = ( GEOMETRIC_REPRESENTATION_CONTEXT(2) 
PARAMETRIC_REPRESENTATION_CONTEXT() REPRESENTATION_CONTEXT('2D SPACE',''
  ) );
#10580 = PCURVE('',#9776,#10581);
#10581 = DEFINITIONAL_REPRESENTATION('',(#10582),#10586);
#10582 = LINE('',#10583,#10584);
#10583 = CARTESIAN_POINT('',(61.,-108.));
#10584 = VECTOR('',#10585,1.);
#10585 = DIRECTION('',(0.,1.));
#10586 = ( GEOMETRIC_REPRESENTATION_CONTEXT(2) 
PARAMETRIC_REPRESENTATION_CONTEXT() REPRESENTATION_CONTEXT('2D SPACE',''
  ) );
#10587 = ORIENTED_EDGE('',*,*,#10588,.T.);
#10588 = EDGE_CURVE('',#10566,#2460,#10589,.T.);
#10589 = SURFACE_CURVE('',#10590,(#10594,#10601),.PCURVE_S1.);
#10590 = LINE('',#10591,#10592);
#10591 = CARTESIAN_POINT('',(69.,94.152900397563,-116.2440692221));
#10592 = VECTOR('',#10593,1.);
#10593 = DIRECTION('',(0.,0.707106781187,-0.707106781187));
#10594 = PCURVE('',#2475,#10595);
#10595 = DEFINITIONAL_REPRESENTATION('',(#10596),#10600);
#10596 = LINE('',#10597,#10598);
#10597 = CARTESIAN_POINT('',(0.,-62.4));
#10598 = VECTOR('',#10599,1.);
#10599 = DIRECTION('',(-1.,0.));
#10600 = ( GEOMETRIC_REPRESENTATION_CONTEXT(2) 
PARAMETRIC_REPRESENTATION_CONTEXT() REPRESENTATION_CONTEXT('2D SPACE',''
  ) );
#10601 = PCURVE('',#2503,#10602);
#10602 = DEFINITIONAL_REPRESENTATION('',(#10603),#10607);
#10603 = LINE('',#10604,#10605);
#10604 = CARTESIAN_POINT('',(0.,61.));
#10605 = VECTOR('',#10606,1.);
#10606 = DIRECTION('',(-1.,0.));
#10607 = ( GEOMETRIC_REPRESENTATION_CONTEXT(2) 
PARAMETRIC_REPRESENTATION_CONTEXT() REPRESENTATION_CONTEXT('2D SPACE',''
  ) );
#10608 = ORIENTED_EDGE('',*,*,#2459,.T.);
#10609 = ORIENTED_EDGE('',*,*,#10541,.F.);
#10610 = ADVANCED_FACE('',(#10611),#2503,.T.);
#10611 = FACE_BOUND('',#10612,.T.);
#10612 = EDGE_LOOP('',(#10613,#10614,#10637,#10658));
#10613 = ORIENTED_EDGE('',*,*,#2487,.F.);
#10614 = ORIENTED_EDGE('',*,*,#10615,.T.);
#10615 = EDGE_CURVE('',#2488,#10616,#10618,.T.);
#10616 = VERTEX_POINT('',#10617);
#10617 = CARTESIAN_POINT('',(19.,92.031580054004,-114.1227488785));
#10618 = SURFACE_CURVE('',#10619,(#10623,#10630),.PCURVE_S1.);
#10619 = LINE('',#10620,#10621);
#10620 = CARTESIAN_POINT('',(19.,94.152900397563,-116.2440692221));
#10621 = VECTOR('',#10622,1.);
#10622 = DIRECTION('',(0.,-0.707106781187,0.707106781187));
#10623 = PCURVE('',#2503,#10624);
#10624 = DEFINITIONAL_REPRESENTATION('',(#10625),#10629);
#10625 = LINE('',#10626,#10627);
#10626 = CARTESIAN_POINT('',(0.,11.));
#10627 = VECTOR('',#10628,1.);
#10628 = DIRECTION('',(1.,0.));
#10629 = ( GEOMETRIC_REPRESENTATION_CONTEXT(2) 
PARAMETRIC_REPRESENTATION_CONTEXT() REPRESENTATION_CONTEXT('2D SPACE',''
  ) );
#10630 = PCURVE('',#2529,#10631);
#10631 = DEFINITIONAL_REPRESENTATION('',(#10632),#10636);
#10632 = LINE('',#10633,#10634);
#10633 = CARTESIAN_POINT('',(0.,-62.4));
#10634 = VECTOR('',#10635,1.);
#10635 = DIRECTION('',(1.,0.));
#10636 = ( GEOMETRIC_REPRESENTATION_CONTEXT(2) 
PARAMETRIC_REPRESENTATION_CONTEXT() REPRESENTATION_CONTEXT('2D SPACE',''
  ) );
#10637 = ORIENTED_EDGE('',*,*,#10638,.T.);
#10638 = EDGE_CURVE('',#10616,#10566,#10639,.T.);
#10639 = SURFACE_CURVE('',#10640,(#10644,#10651),.PCURVE_S1.);
#10640 = LINE('',#10641,#10642);
#10641 = CARTESIAN_POINT('',(8.,92.031580054004,-114.1227488785));
#10642 = VECTOR('',#10643,1.);
#10643 = DIRECTION('',(1.,0.,0.));
#10644 = PCURVE('',#2503,#10645);
#10645 = DEFINITIONAL_REPRESENTATION('',(#10646),#10650);
#10646 = LINE('',#10647,#10648);
#10647 = CARTESIAN_POINT('',(3.,0.));
#10648 = VECTOR('',#10649,1.);
#10649 = DIRECTION('',(0.,1.));
#10650 = ( GEOMETRIC_REPRESENTATION_CONTEXT(2) 
PARAMETRIC_REPRESENTATION_CONTEXT() REPRESENTATION_CONTEXT('2D SPACE',''
  ) );
#10651 = PCURVE('',#9776,#10652);
#10652 = DEFINITIONAL_REPRESENTATION('',(#10653),#10657);
#10653 = LINE('',#10654,#10655);
#10654 = CARTESIAN_POINT('',(0.,-45.6));
#10655 = VECTOR('',#10656,1.);
#10656 = DIRECTION('',(1.,0.));
#10657 = ( GEOMETRIC_REPRESENTATION_CONTEXT(2) 
PARAMETRIC_REPRESENTATION_CONTEXT() REPRESENTATION_CONTEXT('2D SPACE',''
  ) );
#10658 = ORIENTED_EDGE('',*,*,#10588,.T.);
#10659 = ADVANCED_FACE('',(#10660),#2529,.T.);
#10660 = FACE_BOUND('',#10661,.T.);
#10661 = EDGE_LOOP('',(#10662,#10683,#10684,#10685));
#10662 = ORIENTED_EDGE('',*,*,#10663,.F.);
#10663 = EDGE_CURVE('',#10616,#10496,#10664,.T.);
#10664 = SURFACE_CURVE('',#10665,(#10669,#10676),.PCURVE_S1.);
#10665 = LINE('',#10666,#10667);
#10666 = CARTESIAN_POINT('',(19.,70.535533905933,-135.6187950266));
#10667 = VECTOR('',#10668,1.);
#10668 = DIRECTION('',(0.,0.707106781187,0.707106781187));
#10669 = PCURVE('',#2529,#10670);
#10670 = DEFINITIONAL_REPRESENTATION('',(#10671),#10675);
#10671 = LINE('',#10672,#10673);
#10672 = CARTESIAN_POINT('',(3.,-32.));
#10673 = VECTOR('',#10674,1.);
#10674 = DIRECTION('',(0.,-1.));
#10675 = ( GEOMETRIC_REPRESENTATION_CONTEXT(2) 
PARAMETRIC_REPRESENTATION_CONTEXT() REPRESENTATION_CONTEXT('2D SPACE',''
  ) );
#10676 = PCURVE('',#9776,#10677);
#10677 = DEFINITIONAL_REPRESENTATION('',(#10678),#10682);
#10678 = LINE('',#10679,#10680);
#10679 = CARTESIAN_POINT('',(11.,-76.));
#10680 = VECTOR('',#10681,1.);
#10681 = DIRECTION('',(0.,1.));
#10682 = ( GEOMETRIC_REPRESENTATION_CONTEXT(2) 
PARAMETRIC_REPRESENTATION_CONTEXT() REPRESENTATION_CONTEXT('2D SPACE',''
  ) );
#10683 = ORIENTED_EDGE('',*,*,#10615,.F.);
#10684 = ORIENTED_EDGE('',*,*,#2515,.T.);
#10685 = ORIENTED_EDGE('',*,*,#10495,.T.);
#10686 = ADVANCED_FACE('',(#10687),#2561,.F.);
#10687 = FACE_BOUND('',#10688,.F.);
#10688 = EDGE_LOOP('',(#10689,#10690,#10713,#10736));
#10689 = ORIENTED_EDGE('',*,*,#2543,.F.);
#10690 = ORIENTED_EDGE('',*,*,#10691,.T.);
#10691 = EDGE_CURVE('',#2544,#10692,#10694,.T.);
#10692 = VERTEX_POINT('',#10693);
#10693 = CARTESIAN_POINT('',(19.,90.334523779156,-115.8198051533));
#10694 = SURFACE_CURVE('',#10695,(#10699,#10706),.PCURVE_S1.);
#10695 = LINE('',#10696,#10697);
#10696 = CARTESIAN_POINT('',(19.,92.455844122716,-117.9411254969));
#10697 = VECTOR('',#10698,1.);
#10698 = DIRECTION('',(0.,-0.707106781187,0.707106781187));
#10699 = PCURVE('',#2561,#10700);
#10700 = DEFINITIONAL_REPRESENTATION('',(#10701),#10705);
#10701 = LINE('',#10702,#10703);
#10702 = CARTESIAN_POINT('',(0.,11.));
#10703 = VECTOR('',#10704,1.);
#10704 = DIRECTION('',(1.,0.));
#10705 = ( GEOMETRIC_REPRESENTATION_CONTEXT(2) 
PARAMETRIC_REPRESENTATION_CONTEXT() REPRESENTATION_CONTEXT('2D SPACE',''
  ) );
#10706 = PCURVE('',#2643,#10707);
#10707 = DEFINITIONAL_REPRESENTATION('',(#10708),#10712);
#10708 = LINE('',#10709,#10710);
#10709 = CARTESIAN_POINT('',(-1.06581410364E-14,-60.));
#10710 = VECTOR('',#10711,1.);
#10711 = DIRECTION('',(1.,0.));
#10712 = ( GEOMETRIC_REPRESENTATION_CONTEXT(2) 
PARAMETRIC_REPRESENTATION_CONTEXT() REPRESENTATION_CONTEXT('2D SPACE',''
  ) );
#10713 = ORIENTED_EDGE('',*,*,#10714,.T.);
#10714 = EDGE_CURVE('',#10692,#10715,#10717,.T.);
#10715 = VERTEX_POINT('',#10716);
#10716 = CARTESIAN_POINT('',(69.,90.334523779156,-115.8198051533));
#10717 = SURFACE_CURVE('',#10718,(#10722,#10729),.PCURVE_S1.);
#10718 = LINE('',#10719,#10720);
#10719 = CARTESIAN_POINT('',(8.,90.334523779156,-115.8198051533));
#10720 = VECTOR('',#10721,1.);
#10721 = DIRECTION('',(1.,0.,0.));
#10722 = PCURVE('',#2561,#10723);
#10723 = DEFINITIONAL_REPRESENTATION('',(#10724),#10728);
#10724 = LINE('',#10725,#10726);
#10725 = CARTESIAN_POINT('',(3.,0.));
#10726 = VECTOR('',#10727,1.);
#10727 = DIRECTION('',(0.,1.));
#10728 = ( GEOMETRIC_REPRESENTATION_CONTEXT(2) 
PARAMETRIC_REPRESENTATION_CONTEXT() REPRESENTATION_CONTEXT('2D SPACE',''
  ) );
#10729 = PCURVE('',#9776,#10730);
#10730 = DEFINITIONAL_REPRESENTATION('',(#10731),#10735);
#10731 = LINE('',#10732,#10733);
#10732 = CARTESIAN_POINT('',(0.,-48.));
#10733 = VECTOR('',#10734,1.);
#10734 = DIRECTION('',(1.,0.));
#10735 = ( GEOMETRIC_REPRESENTATION_CONTEXT(2) 
PARAMETRIC_REPRESENTATION_CONTEXT() REPRESENTATION_CONTEXT('2D SPACE',''
  ) );
#10736 = ORIENTED_EDGE('',*,*,#10737,.T.);
#10737 = EDGE_CURVE('',#10715,#2546,#10738,.T.);
#10738 = SURFACE_CURVE('',#10739,(#10743,#10750),.PCURVE_S1.);
#10739 = LINE('',#10740,#10741);
#10740 = CARTESIAN_POINT('',(69.,92.455844122716,-117.9411254969));
#10741 = VECTOR('',#10742,1.);
#10742 = DIRECTION('',(0.,0.707106781187,-0.707106781187));
#10743 = PCURVE('',#2561,#10744);
#10744 = DEFINITIONAL_REPRESENTATION('',(#10745),#10749);
#10745 = LINE('',#10746,#10747);
#10746 = CARTESIAN_POINT('',(0.,61.));
#10747 = VECTOR('',#10748,1.);
#10748 = DIRECTION('',(-1.,0.));
#10749 = ( GEOMETRIC_REPRESENTATION_CONTEXT(2) 
PARAMETRIC_REPRESENTATION_CONTEXT() REPRESENTATION_CONTEXT('2D SPACE',''
  ) );
#10750 = PCURVE('',#2589,#10751);
#10751 = DEFINITIONAL_REPRESENTATION('',(#10752),#10756);
#10752 = LINE('',#10753,#10754);
#10753 = CARTESIAN_POINT('',(-1.06581410364E-14,-60.));
#10754 = VECTOR('',#10755,1.);
#10755 = DIRECTION('',(-1.,0.));
#10756 = ( GEOMETRIC_REPRESENTATION_CONTEXT(2) 
PARAMETRIC_REPRESENTATION_CONTEXT() REPRESENTATION_CONTEXT('2D SPACE',''
  ) );
#10757 = ADVANCED_FACE('',(#10758),#2589,.F.);
#10758 = FACE_BOUND('',#10759,.F.);
#10759 = EDGE_LOOP('',(#10760,#10783,#10804,#10805));
#10760 = ORIENTED_EDGE('',*,*,#10761,.F.);
#10761 = EDGE_CURVE('',#10762,#10715,#10764,.T.);
#10762 = VERTEX_POINT('',#10763);
#10763 = CARTESIAN_POINT('',(69.,83.546298679765,-122.6080302527));
#10764 = SURFACE_CURVE('',#10765,(#10769,#10776),.PCURVE_S1.);
#10765 = LINE('',#10766,#10767);
#10766 = CARTESIAN_POINT('',(69.,47.908116907963,-158.2462120245));
#10767 = VECTOR('',#10768,1.);
#10768 = DIRECTION('',(0.,0.707106781187,0.707106781187));
#10769 = PCURVE('',#2589,#10770);
#10770 = DEFINITIONAL_REPRESENTATION('',(#10771),#10775);
#10771 = LINE('',#10772,#10773);
#10772 = CARTESIAN_POINT('',(3.,5.329070518201E-15));
#10773 = VECTOR('',#10774,1.);
#10774 = DIRECTION('',(0.,-1.));
#10775 = ( GEOMETRIC_REPRESENTATION_CONTEXT(2) 
PARAMETRIC_REPRESENTATION_CONTEXT() REPRESENTATION_CONTEXT('2D SPACE',''
  ) );
#10776 = PCURVE('',#9776,#10777);
#10777 = DEFINITIONAL_REPRESENTATION('',(#10778),#10782);
#10778 = LINE('',#10779,#10780);
#10779 = CARTESIAN_POINT('',(61.,-108.));
#10780 = VECTOR('',#10781,1.);
#10781 = DIRECTION('',(0.,1.));
#10782 = ( GEOMETRIC_REPRESENTATION_CONTEXT(2) 
PARAMETRIC_REPRESENTATION_CONTEXT() REPRESENTATION_CONTEXT('2D SPACE',''
  ) );
#10783 = ORIENTED_EDGE('',*,*,#10784,.T.);
#10784 = EDGE_CURVE('',#10762,#2574,#10785,.T.);
#10785 = SURFACE_CURVE('',#10786,(#10790,#10797),.PCURVE_S1.);
#10786 = LINE('',#10787,#10788);
#10787 = CARTESIAN_POINT('',(69.,85.667619023325,-124.7293505963));
#10788 = VECTOR('',#10789,1.);
#10789 = DIRECTION('',(0.,0.707106781187,-0.707106781187));
#10790 = PCURVE('',#2589,#10791);
#10791 = DEFINITIONAL_REPRESENTATION('',(#10792),#10796);
#10792 = LINE('',#10793,#10794);
#10793 = CARTESIAN_POINT('',(-1.06581410364E-14,-50.4));
#10794 = VECTOR('',#10795,1.);
#10795 = DIRECTION('',(-1.,0.));
#10796 = ( GEOMETRIC_REPRESENTATION_CONTEXT(2) 
PARAMETRIC_REPRESENTATION_CONTEXT() REPRESENTATION_CONTEXT('2D SPACE',''
  ) );
#10797 = PCURVE('',#2617,#10798);
#10798 = DEFINITIONAL_REPRESENTATION('',(#10799),#10803);
#10799 = LINE('',#10800,#10801);
#10800 = CARTESIAN_POINT('',(0.,61.));
#10801 = VECTOR('',#10802,1.);
#10802 = DIRECTION('',(-1.,0.));
#10803 = ( GEOMETRIC_REPRESENTATION_CONTEXT(2) 
PARAMETRIC_REPRESENTATION_CONTEXT() REPRESENTATION_CONTEXT('2D SPACE',''
  ) );
#10804 = ORIENTED_EDGE('',*,*,#2573,.T.);
#10805 = ORIENTED_EDGE('',*,*,#10737,.F.);
#10806 = ADVANCED_FACE('',(#10807),#2617,.T.);
#10807 = FACE_BOUND('',#10808,.T.);
#10808 = EDGE_LOOP('',(#10809,#10810,#10833,#10854));
#10809 = ORIENTED_EDGE('',*,*,#2601,.F.);
#10810 = ORIENTED_EDGE('',*,*,#10811,.T.);
#10811 = EDGE_CURVE('',#2602,#10812,#10814,.T.);
#10812 = VERTEX_POINT('',#10813);
#10813 = CARTESIAN_POINT('',(19.,83.546298679765,-122.6080302527));
#10814 = SURFACE_CURVE('',#10815,(#10819,#10826),.PCURVE_S1.);
#10815 = LINE('',#10816,#10817);
#10816 = CARTESIAN_POINT('',(19.,85.667619023325,-124.7293505963));
#10817 = VECTOR('',#10818,1.);
#10818 = DIRECTION('',(0.,-0.707106781187,0.707106781187));
#10819 = PCURVE('',#2617,#10820);
#10820 = DEFINITIONAL_REPRESENTATION('',(#10821),#10825);
#10821 = LINE('',#10822,#10823);
#10822 = CARTESIAN_POINT('',(0.,11.));
#10823 = VECTOR('',#10824,1.);
#10824 = DIRECTION('',(1.,0.));
#10825 = ( GEOMETRIC_REPRESENTATION_CONTEXT(2) 
PARAMETRIC_REPRESENTATION_CONTEXT() REPRESENTATION_CONTEXT('2D SPACE',''
  ) );
#10826 = PCURVE('',#2643,#10827);
#10827 = DEFINITIONAL_REPRESENTATION('',(#10828),#10832);
#10828 = LINE('',#10829,#10830);
#10829 = CARTESIAN_POINT('',(-1.06581410364E-14,-50.4));
#10830 = VECTOR('',#10831,1.);
#10831 = DIRECTION('',(1.,0.));
#10832 = ( GEOMETRIC_REPRESENTATION_CONTEXT(2) 
PARAMETRIC_REPRESENTATION_CONTEXT() REPRESENTATION_CONTEXT('2D SPACE',''
  ) );
#10833 = ORIENTED_EDGE('',*,*,#10834,.T.);
#10834 = EDGE_CURVE('',#10812,#10762,#10835,.T.);
#10835 = SURFACE_CURVE('',#10836,(#10840,#10847),.PCURVE_S1.);
#10836 = LINE('',#10837,#10838);
#10837 = CARTESIAN_POINT('',(8.,83.546298679765,-122.6080302527));
#10838 = VECTOR('',#10839,1.);
#10839 = DIRECTION('',(1.,0.,0.));
#10840 = PCURVE('',#2617,#10841);
#10841 = DEFINITIONAL_REPRESENTATION('',(#10842),#10846);
#10842 = LINE('',#10843,#10844);
#10843 = CARTESIAN_POINT('',(3.,0.));
#10844 = VECTOR('',#10845,1.);
#10845 = DIRECTION('',(0.,1.));
#10846 = ( GEOMETRIC_REPRESENTATION_CONTEXT(2) 
PARAMETRIC_REPRESENTATION_CONTEXT() REPRESENTATION_CONTEXT('2D SPACE',''
  ) );
#10847 = PCURVE('',#9776,#10848);
#10848 = DEFINITIONAL_REPRESENTATION('',(#10849),#10853);
#10849 = LINE('',#10850,#10851);
#10850 = CARTESIAN_POINT('',(0.,-57.6));
#10851 = VECTOR('',#10852,1.);
#10852 = DIRECTION('',(1.,0.));
#10853 = ( GEOMETRIC_REPRESENTATION_CONTEXT(2) 
PARAMETRIC_REPRESENTATION_CONTEXT() REPRESENTATION_CONTEXT('2D SPACE',''
  ) );
#10854 = ORIENTED_EDGE('',*,*,#10784,.T.);
#10855 = ADVANCED_FACE('',(#10856),#2643,.T.);
#10856 = FACE_BOUND('',#10857,.T.);
#10857 = EDGE_LOOP('',(#10858,#10879,#10880,#10881));
#10858 = ORIENTED_EDGE('',*,*,#10859,.F.);
#10859 = EDGE_CURVE('',#10812,#10692,#10860,.T.);
#10860 = SURFACE_CURVE('',#10861,(#10865,#10872),.PCURVE_S1.);
#10861 = LINE('',#10862,#10863);
#10862 = CARTESIAN_POINT('',(19.,70.535533905933,-135.6187950266));
#10863 = VECTOR('',#10864,1.);
#10864 = DIRECTION('',(0.,0.707106781187,0.707106781187));
#10865 = PCURVE('',#2643,#10866);
#10866 = DEFINITIONAL_REPRESENTATION('',(#10867),#10871);
#10867 = LINE('',#10868,#10869);
#10868 = CARTESIAN_POINT('',(3.,-32.));
#10869 = VECTOR('',#10870,1.);
#10870 = DIRECTION('',(0.,-1.));
#10871 = ( GEOMETRIC_REPRESENTATION_CONTEXT(2) 
PARAMETRIC_REPRESENTATION_CONTEXT() REPRESENTATION_CONTEXT('2D SPACE',''
  ) );
#10872 = PCURVE('',#9776,#10873);
#10873 = DEFINITIONAL_REPRESENTATION('',(#10874),#10878);
#10874 = LINE('',#10875,#10876);
#10875 = CARTESIAN_POINT('',(11.,-76.));
#10876 = VECTOR('',#10877,1.);
#10877 = DIRECTION('',(0.,1.));
#10878 = ( GEOMETRIC_REPRESENTATION_CONTEXT(2) 
PARAMETRIC_REPRESENTATION_CONTEXT() REPRESENTATION_CONTEXT('2D SPACE',''
  ) );
#10879 = ORIENTED_EDGE('',*,*,#10811,.F.);
#10880 = ORIENTED_EDGE('',*,*,#2629,.T.);
#10881 = ORIENTED_EDGE('',*,*,#10691,.T.);
#10882 = ADVANCED_FACE('',(#10883),#2675,.F.);
#10883 = FACE_BOUND('',#10884,.F.);
#10884 = EDGE_LOOP('',(#10885,#10886,#10909,#10932));
#10885 = ORIENTED_EDGE('',*,*,#2657,.F.);
#10886 = ORIENTED_EDGE('',*,*,#10887,.T.);
#10887 = EDGE_CURVE('',#2658,#10888,#10890,.T.);
#10888 = VERTEX_POINT('',#10889);
#10889 = CARTESIAN_POINT('',(19.,81.849242404917,-124.3050865276));
#10890 = SURFACE_CURVE('',#10891,(#10895,#10902),.PCURVE_S1.);
#10891 = LINE('',#10892,#10893);
#10892 = CARTESIAN_POINT('',(19.,83.970562748477,-126.4264068711));
#10893 = VECTOR('',#10894,1.);
#10894 = DIRECTION('',(0.,-0.707106781187,0.707106781187));
#10895 = PCURVE('',#2675,#10896);
#10896 = DEFINITIONAL_REPRESENTATION('',(#10897),#10901);
#10897 = LINE('',#10898,#10899);
#10898 = CARTESIAN_POINT('',(0.,11.));
#10899 = VECTOR('',#10900,1.);
#10900 = DIRECTION('',(1.,0.));
#10901 = ( GEOMETRIC_REPRESENTATION_CONTEXT(2) 
PARAMETRIC_REPRESENTATION_CONTEXT() REPRESENTATION_CONTEXT('2D SPACE',''
  ) );
#10902 = PCURVE('',#2757,#10903);
#10903 = DEFINITIONAL_REPRESENTATION('',(#10904),#10908);
#10904 = LINE('',#10905,#10906);
#10905 = CARTESIAN_POINT('',(-3.552713678801E-15,-48.));
#10906 = VECTOR('',#10907,1.);
#10907 = DIRECTION('',(1.,0.));
#10908 = ( GEOMETRIC_REPRESENTATION_CONTEXT(2) 
PARAMETRIC_REPRESENTATION_CONTEXT() REPRESENTATION_CONTEXT('2D SPACE',''
  ) );
#10909 = ORIENTED_EDGE('',*,*,#10910,.T.);
#10910 = EDGE_CURVE('',#10888,#10911,#10913,.T.);
#10911 = VERTEX_POINT('',#10912);
#10912 = CARTESIAN_POINT('',(69.,81.849242404917,-124.3050865276));
#10913 = SURFACE_CURVE('',#10914,(#10918,#10925),.PCURVE_S1.);
#10914 = LINE('',#10915,#10916);
#10915 = CARTESIAN_POINT('',(8.,81.849242404917,-124.3050865276));
#10916 = VECTOR('',#10917,1.);
#10917 = DIRECTION('',(1.,0.,0.));
#10918 = PCURVE('',#2675,#10919);
#10919 = DEFINITIONAL_REPRESENTATION('',(#10920),#10924);
#10920 = LINE('',#10921,#10922);
#10921 = CARTESIAN_POINT('',(3.,0.));
#10922 = VECTOR('',#10923,1.);
#10923 = DIRECTION('',(0.,1.));
#10924 = ( GEOMETRIC_REPRESENTATION_CONTEXT(2) 
PARAMETRIC_REPRESENTATION_CONTEXT() REPRESENTATION_CONTEXT('2D SPACE',''
  ) );
#10925 = PCURVE('',#9776,#10926);
#10926 = DEFINITIONAL_REPRESENTATION('',(#10927),#10931);
#10927 = LINE('',#10928,#10929);
#10928 = CARTESIAN_POINT('',(0.,-60.));
#10929 = VECTOR('',#10930,1.);
#10930 = DIRECTION('',(1.,0.));
#10931 = ( GEOMETRIC_REPRESENTATION_CONTEXT(2) 
PARAMETRIC_REPRESENTATION_CONTEXT() REPRESENTATION_CONTEXT('2D SPACE',''
  ) );
#10932 = ORIENTED_EDGE('',*,*,#10933,.T.);
#10933 = EDGE_CURVE('',#10911,#2660,#10934,.T.);
#10934 = SURFACE_CURVE('',#10935,(#10939,#10946),.PCURVE_S1.);
#10935 = LINE('',#10936,#10937);
#10936 = CARTESIAN_POINT('',(69.,83.970562748477,-126.4264068711));
#10937 = VECTOR('',#10938,1.);
#10938 = DIRECTION('',(0.,0.707106781187,-0.707106781187));
#10939 = PCURVE('',#2675,#10940);
#10940 = DEFINITIONAL_REPRESENTATION('',(#10941),#10945);
#10941 = LINE('',#10942,#10943);
#10942 = CARTESIAN_POINT('',(0.,61.));
#10943 = VECTOR('',#10944,1.);
#10944 = DIRECTION('',(-1.,0.));
#10945 = ( GEOMETRIC_REPRESENTATION_CONTEXT(2) 
PARAMETRIC_REPRESENTATION_CONTEXT() REPRESENTATION_CONTEXT('2D SPACE',''
  ) );
#10946 = PCURVE('',#2703,#10947);
#10947 = DEFINITIONAL_REPRESENTATION('',(#10948),#10952);
#10948 = LINE('',#10949,#10950);
#10949 = CARTESIAN_POINT('',(-3.552713678801E-15,-48.));
#10950 = VECTOR('',#10951,1.);
#10951 = DIRECTION('',(-1.,0.));
#10952 = ( GEOMETRIC_REPRESENTATION_CONTEXT(2) 
PARAMETRIC_REPRESENTATION_CONTEXT() REPRESENTATION_CONTEXT('2D SPACE',''
  ) );
#10953 = ADVANCED_FACE('',(#10954),#2703,.F.);
#10954 = FACE_BOUND('',#10955,.F.);
#10955 = EDGE_LOOP('',(#10956,#10979,#11000,#11001));
#10956 = ORIENTED_EDGE('',*,*,#10957,.F.);
#10957 = EDGE_CURVE('',#10958,#10911,#10960,.T.);
#10958 = VERTEX_POINT('',#10959);
#10959 = CARTESIAN_POINT('',(69.,75.061017305527,-131.093311627));
#10960 = SURFACE_CURVE('',#10961,(#10965,#10972),.PCURVE_S1.);
#10961 = LINE('',#10962,#10963);
#10962 = CARTESIAN_POINT('',(69.,47.908116907963,-158.2462120245));
#10963 = VECTOR('',#10964,1.);
#10964 = DIRECTION('',(0.,0.707106781187,0.707106781187));
#10965 = PCURVE('',#2703,#10966);
#10966 = DEFINITIONAL_REPRESENTATION('',(#10967),#10971);
#10967 = LINE('',#10968,#10969);
#10968 = CARTESIAN_POINT('',(3.,5.329070518201E-15));
#10969 = VECTOR('',#10970,1.);
#10970 = DIRECTION('',(0.,-1.));
#10971 = ( GEOMETRIC_REPRESENTATION_CONTEXT(2) 
PARAMETRIC_REPRESENTATION_CONTEXT() REPRESENTATION_CONTEXT('2D SPACE',''
  ) );
#10972 = PCURVE('',#9776,#10973);
#10973 = DEFINITIONAL_REPRESENTATION('',(#10974),#10978);
#10974 = LINE('',#10975,#10976);
#10975 = CARTESIAN_POINT('',(61.,-108.));
#10976 = VECTOR('',#10977,1.);
#10977 = DIRECTION('',(0.,1.));
#10978 = ( GEOMETRIC_REPRESENTATION_CONTEXT(2) 
PARAMETRIC_REPRESENTATION_CONTEXT() REPRESENTATION_CONTEXT('2D SPACE',''
  ) );
#10979 = ORIENTED_EDGE('',*,*,#10980,.T.);
#10980 = EDGE_CURVE('',#10958,#2688,#10981,.T.);
#10981 = SURFACE_CURVE('',#10982,(#10986,#10993),.PCURVE_S1.);
#10982 = LINE('',#10983,#10984);
#10983 = CARTESIAN_POINT('',(69.,77.182337649086,-133.2146319705));
#10984 = VECTOR('',#10985,1.);
#10985 = DIRECTION('',(0.,0.707106781187,-0.707106781187));
#10986 = PCURVE('',#2703,#10987);
#10987 = DEFINITIONAL_REPRESENTATION('',(#10988),#10992);
#10988 = LINE('',#10989,#10990);
#10989 = CARTESIAN_POINT('',(-3.552713678801E-15,-38.4));
#10990 = VECTOR('',#10991,1.);
#10991 = DIRECTION('',(-1.,0.));
#10992 = ( GEOMETRIC_REPRESENTATION_CONTEXT(2) 
PARAMETRIC_REPRESENTATION_CONTEXT() REPRESENTATION_CONTEXT('2D SPACE',''
  ) );
#10993 = PCURVE('',#2731,#10994);
#10994 = DEFINITIONAL_REPRESENTATION('',(#10995),#10999);
#10995 = LINE('',#10996,#10997);
#10996 = CARTESIAN_POINT('',(0.,61.));
#10997 = VECTOR('',#10998,1.);
#10998 = DIRECTION('',(-1.,0.));
#10999 = ( GEOMETRIC_REPRESENTATION_CONTEXT(2) 
PARAMETRIC_REPRESENTATION_CONTEXT() REPRESENTATION_CONTEXT('2D SPACE',''
  ) );
#11000 = ORIENTED_EDGE('',*,*,#2687,.T.);
#11001 = ORIENTED_EDGE('',*,*,#10933,.F.);
#11002 = ADVANCED_FACE('',(#11003),#2731,.T.);
#11003 = FACE_BOUND('',#11004,.T.);
#11004 = EDGE_LOOP('',(#11005,#11006,#11029,#11050));
#11005 = ORIENTED_EDGE('',*,*,#2715,.F.);
#11006 = ORIENTED_EDGE('',*,*,#11007,.T.);
#11007 = EDGE_CURVE('',#2716,#11008,#11010,.T.);
#11008 = VERTEX_POINT('',#11009);
#11009 = CARTESIAN_POINT('',(19.,75.061017305527,-131.093311627));
#11010 = SURFACE_CURVE('',#11011,(#11015,#11022),.PCURVE_S1.);
#11011 = LINE('',#11012,#11013);
#11012 = CARTESIAN_POINT('',(19.,77.182337649086,-133.2146319705));
#11013 = VECTOR('',#11014,1.);
#11014 = DIRECTION('',(0.,-0.707106781187,0.707106781187));
#11015 = PCURVE('',#2731,#11016);
#11016 = DEFINITIONAL_REPRESENTATION('',(#11017),#11021);
#11017 = LINE('',#11018,#11019);
#11018 = CARTESIAN_POINT('',(0.,11.));
#11019 = VECTOR('',#11020,1.);
#11020 = DIRECTION('',(1.,0.));
#11021 = ( GEOMETRIC_REPRESENTATION_CONTEXT(2) 
PARAMETRIC_REPRESENTATION_CONTEXT() REPRESENTATION_CONTEXT('2D SPACE',''
  ) );
#11022 = PCURVE('',#2757,#11023);
#11023 = DEFINITIONAL_REPRESENTATION('',(#11024),#11028);
#11024 = LINE('',#11025,#11026);
#11025 = CARTESIAN_POINT('',(-3.552713678801E-15,-38.4));
#11026 = VECTOR('',#11027,1.);
#11027 = DIRECTION('',(1.,0.));
#11028 = ( GEOMETRIC_REPRESENTATION_CONTEXT(2) 
PARAMETRIC_REPRESENTATION_CONTEXT() REPRESENTATION_CONTEXT('2D SPACE',''
  ) );
#11029 = ORIENTED_EDGE('',*,*,#11030,.T.);
#11030 = EDGE_CURVE('',#11008,#10958,#11031,.T.);
#11031 = SURFACE_CURVE('',#11032,(#11036,#11043),.PCURVE_S1.);
#11032 = LINE('',#11033,#11034);
#11033 = CARTESIAN_POINT('',(8.,75.061017305527,-131.093311627));
#11034 = VECTOR('',#11035,1.);
#11035 = DIRECTION('',(1.,0.,0.));
#11036 = PCURVE('',#2731,#11037);
#11037 = DEFINITIONAL_REPRESENTATION('',(#11038),#11042);
#11038 = LINE('',#11039,#11040);
#11039 = CARTESIAN_POINT('',(3.,0.));
#11040 = VECTOR('',#11041,1.);
#11041 = DIRECTION('',(0.,1.));
#11042 = ( GEOMETRIC_REPRESENTATION_CONTEXT(2) 
PARAMETRIC_REPRESENTATION_CONTEXT() REPRESENTATION_CONTEXT('2D SPACE',''
  ) );
#11043 = PCURVE('',#9776,#11044);
#11044 = DEFINITIONAL_REPRESENTATION('',(#11045),#11049);
#11045 = LINE('',#11046,#11047);
#11046 = CARTESIAN_POINT('',(0.,-69.6));
#11047 = VECTOR('',#11048,1.);
#11048 = DIRECTION('',(1.,0.));
#11049 = ( GEOMETRIC_REPRESENTATION_CONTEXT(2) 
PARAMETRIC_REPRESENTATION_CONTEXT() REPRESENTATION_CONTEXT('2D SPACE',''
  ) );
#11050 = ORIENTED_EDGE('',*,*,#10980,.T.);
#11051 = ADVANCED_FACE('',(#11052),#2757,.T.);
#11052 = FACE_BOUND('',#11053,.T.);
#11053 = EDGE_LOOP('',(#11054,#11075,#11076,#11077));
#11054 = ORIENTED_EDGE('',*,*,#11055,.F.);
#11055 = EDGE_CURVE('',#11008,#10888,#11056,.T.);
#11056 = SURFACE_CURVE('',#11057,(#11061,#11068),.PCURVE_S1.);
#11057 = LINE('',#11058,#11059);
#11058 = CARTESIAN_POINT('',(19.,70.535533905933,-135.6187950266));
#11059 = VECTOR('',#11060,1.);
#11060 = DIRECTION('',(0.,0.707106781187,0.707106781187));
#11061 = PCURVE('',#2757,#11062);
#11062 = DEFINITIONAL_REPRESENTATION('',(#11063),#11067);
#11063 = LINE('',#11064,#11065);
#11064 = CARTESIAN_POINT('',(3.,-32.));
#11065 = VECTOR('',#11066,1.);
#11066 = DIRECTION('',(0.,-1.));
#11067 = ( GEOMETRIC_REPRESENTATION_CONTEXT(2) 
PARAMETRIC_REPRESENTATION_CONTEXT() REPRESENTATION_CONTEXT('2D SPACE',''
  ) );
#11068 = PCURVE('',#9776,#11069);
#11069 = DEFINITIONAL_REPRESENTATION('',(#11070),#11074);
#11070 = LINE('',#11071,#11072);
#11071 = CARTESIAN_POINT('',(11.,-76.));
#11072 = VECTOR('',#11073,1.);
#11073 = DIRECTION('',(0.,1.));
#11074 = ( GEOMETRIC_REPRESENTATION_CONTEXT(2) 
PARAMETRIC_REPRESENTATION_CONTEXT() REPRESENTATION_CONTEXT('2D SPACE',''
  ) );
#11075 = ORIENTED_EDGE('',*,*,#11007,.F.);
#11076 = ORIENTED_EDGE('',*,*,#2743,.T.);
#11077 = ORIENTED_EDGE('',*,*,#10887,.T.);
#11078 = ADVANCED_FACE('',(#11079),#2789,.F.);
#11079 = FACE_BOUND('',#11080,.F.);
#11080 = EDGE_LOOP('',(#11081,#11082,#11105,#11128));
#11081 = ORIENTED_EDGE('',*,*,#2771,.F.);
#11082 = ORIENTED_EDGE('',*,*,#11083,.T.);
#11083 = EDGE_CURVE('',#2772,#11084,#11086,.T.);
#11084 = VERTEX_POINT('',#11085);
#11085 = CARTESIAN_POINT('',(19.,73.363961030679,-132.7903679018));
#11086 = SURFACE_CURVE('',#11087,(#11091,#11098),.PCURVE_S1.);
#11087 = LINE('',#11088,#11089);
#11088 = CARTESIAN_POINT('',(19.,75.485281374239,-134.9116882454));
#11089 = VECTOR('',#11090,1.);
#11090 = DIRECTION('',(0.,-0.707106781187,0.707106781187));
#11091 = PCURVE('',#2789,#11092);
#11092 = DEFINITIONAL_REPRESENTATION('',(#11093),#11097);
#11093 = LINE('',#11094,#11095);
#11094 = CARTESIAN_POINT('',(0.,11.));
#11095 = VECTOR('',#11096,1.);
#11096 = DIRECTION('',(1.,0.));
#11097 = ( GEOMETRIC_REPRESENTATION_CONTEXT(2) 
PARAMETRIC_REPRESENTATION_CONTEXT() REPRESENTATION_CONTEXT('2D SPACE',''
  ) );
#11098 = PCURVE('',#2871,#11099);
#11099 = DEFINITIONAL_REPRESENTATION('',(#11100),#11104);
#11100 = LINE('',#11101,#11102);
#11101 = CARTESIAN_POINT('',(-1.06581410364E-14,-36.));
#11102 = VECTOR('',#11103,1.);
#11103 = DIRECTION('',(1.,0.));
#11104 = ( GEOMETRIC_REPRESENTATION_CONTEXT(2) 
PARAMETRIC_REPRESENTATION_CONTEXT() REPRESENTATION_CONTEXT('2D SPACE',''
  ) );
#11105 = ORIENTED_EDGE('',*,*,#11106,.T.);
#11106 = EDGE_CURVE('',#11084,#11107,#11109,.T.);
#11107 = VERTEX_POINT('',#11108);
#11108 = CARTESIAN_POINT('',(69.,73.363961030679,-132.7903679018));
#11109 = SURFACE_CURVE('',#11110,(#11114,#11121),.PCURVE_S1.);
#11110 = LINE('',#11111,#11112);
#11111 = CARTESIAN_POINT('',(8.,73.363961030679,-132.7903679018));
#11112 = VECTOR('',#11113,1.);
#11113 = DIRECTION('',(1.,0.,0.));
#11114 = PCURVE('',#2789,#11115);
#11115 = DEFINITIONAL_REPRESENTATION('',(#11116),#11120);
#11116 = LINE('',#11117,#11118);
#11117 = CARTESIAN_POINT('',(3.,0.));
#11118 = VECTOR('',#11119,1.);
#11119 = DIRECTION('',(0.,1.));
#11120 = ( GEOMETRIC_REPRESENTATION_CONTEXT(2) 
PARAMETRIC_REPRESENTATION_CONTEXT() REPRESENTATION_CONTEXT('2D SPACE',''
  ) );
#11121 = PCURVE('',#9776,#11122);
#11122 = DEFINITIONAL_REPRESENTATION('',(#11123),#11127);
#11123 = LINE('',#11124,#11125);
#11124 = CARTESIAN_POINT('',(0.,-72.));
#11125 = VECTOR('',#11126,1.);
#11126 = DIRECTION('',(1.,0.));
#11127 = ( GEOMETRIC_REPRESENTATION_CONTEXT(2) 
PARAMETRIC_REPRESENTATION_CONTEXT() REPRESENTATION_CONTEXT('2D SPACE',''
  ) );
#11128 = ORIENTED_EDGE('',*,*,#11129,.T.);
#11129 = EDGE_CURVE('',#11107,#2774,#11130,.T.);
#11130 = SURFACE_CURVE('',#11131,(#11135,#11142),.PCURVE_S1.);
#11131 = LINE('',#11132,#11133);
#11132 = CARTESIAN_POINT('',(69.,75.485281374239,-134.9116882454));
#11133 = VECTOR('',#11134,1.);
#11134 = DIRECTION('',(0.,0.707106781187,-0.707106781187));
#11135 = PCURVE('',#2789,#11136);
#11136 = DEFINITIONAL_REPRESENTATION('',(#11137),#11141);
#11137 = LINE('',#11138,#11139);
#11138 = CARTESIAN_POINT('',(0.,61.));
#11139 = VECTOR('',#11140,1.);
#11140 = DIRECTION('',(-1.,0.));
#11141 = ( GEOMETRIC_REPRESENTATION_CONTEXT(2) 
PARAMETRIC_REPRESENTATION_CONTEXT() REPRESENTATION_CONTEXT('2D SPACE',''
  ) );
#11142 = PCURVE('',#2817,#11143);
#11143 = DEFINITIONAL_REPRESENTATION('',(#11144),#11148);
#11144 = LINE('',#11145,#11146);
#11145 = CARTESIAN_POINT('',(-1.06581410364E-14,-36.));
#11146 = VECTOR('',#11147,1.);
#11147 = DIRECTION('',(-1.,0.));
#11148 = ( GEOMETRIC_REPRESENTATION_CONTEXT(2) 
PARAMETRIC_REPRESENTATION_CONTEXT() REPRESENTATION_CONTEXT('2D SPACE',''
  ) );
#11149 = ADVANCED_FACE('',(#11150),#2817,.F.);
#11150 = FACE_BOUND('',#11151,.F.);
#11151 = EDGE_LOOP('',(#11152,#11175,#11196,#11197));
#11152 = ORIENTED_EDGE('',*,*,#11153,.F.);
#11153 = EDGE_CURVE('',#11154,#11107,#11156,.T.);
#11154 = VERTEX_POINT('',#11155);
#11155 = CARTESIAN_POINT('',(69.,66.575735931288,-139.5785930012));
#11156 = SURFACE_CURVE('',#11157,(#11161,#11168),.PCURVE_S1.);
#11157 = LINE('',#11158,#11159);
#11158 = CARTESIAN_POINT('',(69.,47.908116907963,-158.2462120245));
#11159 = VECTOR('',#11160,1.);
#11160 = DIRECTION('',(0.,0.707106781187,0.707106781187));
#11161 = PCURVE('',#2817,#11162);
#11162 = DEFINITIONAL_REPRESENTATION('',(#11163),#11167);
#11163 = LINE('',#11164,#11165);
#11164 = CARTESIAN_POINT('',(3.,5.329070518201E-15));
#11165 = VECTOR('',#11166,1.);
#11166 = DIRECTION('',(0.,-1.));
#11167 = ( GEOMETRIC_REPRESENTATION_CONTEXT(2) 
PARAMETRIC_REPRESENTATION_CONTEXT() REPRESENTATION_CONTEXT('2D SPACE',''
  ) );
#11168 = PCURVE('',#9776,#11169);
#11169 = DEFINITIONAL_REPRESENTATION('',(#11170),#11174);
#11170 = LINE('',#11171,#11172);
#11171 = CARTESIAN_POINT('',(61.,-108.));
#11172 = VECTOR('',#11173,1.);
#11173 = DIRECTION('',(0.,1.));
#11174 = ( GEOMETRIC_REPRESENTATION_CONTEXT(2) 
PARAMETRIC_REPRESENTATION_CONTEXT() REPRESENTATION_CONTEXT('2D SPACE',''
  ) );
#11175 = ORIENTED_EDGE('',*,*,#11176,.T.);
#11176 = EDGE_CURVE('',#11154,#2802,#11177,.T.);
#11177 = SURFACE_CURVE('',#11178,(#11182,#11189),.PCURVE_S1.);
#11178 = LINE('',#11179,#11180);
#11179 = CARTESIAN_POINT('',(69.,68.697056274848,-141.6999133448));
#11180 = VECTOR('',#11181,1.);
#11181 = DIRECTION('',(0.,0.707106781187,-0.707106781187));
#11182 = PCURVE('',#2817,#11183);
#11183 = DEFINITIONAL_REPRESENTATION('',(#11184),#11188);
#11184 = LINE('',#11185,#11186);
#11185 = CARTESIAN_POINT('',(-1.7763568394E-15,-26.4));
#11186 = VECTOR('',#11187,1.);
#11187 = DIRECTION('',(-1.,0.));
#11188 = ( GEOMETRIC_REPRESENTATION_CONTEXT(2) 
PARAMETRIC_REPRESENTATION_CONTEXT() REPRESENTATION_CONTEXT('2D SPACE',''
  ) );
#11189 = PCURVE('',#2845,#11190);
#11190 = DEFINITIONAL_REPRESENTATION('',(#11191),#11195);
#11191 = LINE('',#11192,#11193);
#11192 = CARTESIAN_POINT('',(0.,61.));
#11193 = VECTOR('',#11194,1.);
#11194 = DIRECTION('',(-1.,0.));
#11195 = ( GEOMETRIC_REPRESENTATION_CONTEXT(2) 
PARAMETRIC_REPRESENTATION_CONTEXT() REPRESENTATION_CONTEXT('2D SPACE',''
  ) );
#11196 = ORIENTED_EDGE('',*,*,#2801,.T.);
#11197 = ORIENTED_EDGE('',*,*,#11129,.F.);
#11198 = ADVANCED_FACE('',(#11199),#2845,.T.);
#11199 = FACE_BOUND('',#11200,.T.);
#11200 = EDGE_LOOP('',(#11201,#11202,#11225,#11246));
#11201 = ORIENTED_EDGE('',*,*,#2829,.F.);
#11202 = ORIENTED_EDGE('',*,*,#11203,.T.);
#11203 = EDGE_CURVE('',#2830,#11204,#11206,.T.);
#11204 = VERTEX_POINT('',#11205);
#11205 = CARTESIAN_POINT('',(19.,66.575735931288,-139.5785930012));
#11206 = SURFACE_CURVE('',#11207,(#11211,#11218),.PCURVE_S1.);
#11207 = LINE('',#11208,#11209);
#11208 = CARTESIAN_POINT('',(19.,68.697056274848,-141.6999133448));
#11209 = VECTOR('',#11210,1.);
#11210 = DIRECTION('',(0.,-0.707106781187,0.707106781187));
#11211 = PCURVE('',#2845,#11212);
#11212 = DEFINITIONAL_REPRESENTATION('',(#11213),#11217);
#11213 = LINE('',#11214,#11215);
#11214 = CARTESIAN_POINT('',(0.,11.));
#11215 = VECTOR('',#11216,1.);
#11216 = DIRECTION('',(1.,0.));
#11217 = ( GEOMETRIC_REPRESENTATION_CONTEXT(2) 
PARAMETRIC_REPRESENTATION_CONTEXT() REPRESENTATION_CONTEXT('2D SPACE',''
  ) );
#11218 = PCURVE('',#2871,#11219);
#11219 = DEFINITIONAL_REPRESENTATION('',(#11220),#11224);
#11220 = LINE('',#11221,#11222);
#11221 = CARTESIAN_POINT('',(-1.7763568394E-15,-26.4));
#11222 = VECTOR('',#11223,1.);
#11223 = DIRECTION('',(1.,0.));
#11224 = ( GEOMETRIC_REPRESENTATION_CONTEXT(2) 
PARAMETRIC_REPRESENTATION_CONTEXT() REPRESENTATION_CONTEXT('2D SPACE',''
  ) );
#11225 = ORIENTED_EDGE('',*,*,#11226,.T.);
#11226 = EDGE_CURVE('',#11204,#11154,#11227,.T.);
#11227 = SURFACE_CURVE('',#11228,(#11232,#11239),.PCURVE_S1.);
#11228 = LINE('',#11229,#11230);
#11229 = CARTESIAN_POINT('',(8.,66.575735931288,-139.5785930012));
#11230 = VECTOR('',#11231,1.);
#11231 = DIRECTION('',(1.,0.,0.));
#11232 = PCURVE('',#2845,#11233);
#11233 = DEFINITIONAL_REPRESENTATION('',(#11234),#11238);
#11234 = LINE('',#11235,#11236);
#11235 = CARTESIAN_POINT('',(3.,0.));
#11236 = VECTOR('',#11237,1.);
#11237 = DIRECTION('',(0.,1.));
#11238 = ( GEOMETRIC_REPRESENTATION_CONTEXT(2) 
PARAMETRIC_REPRESENTATION_CONTEXT() REPRESENTATION_CONTEXT('2D SPACE',''
  ) );
#11239 = PCURVE('',#9776,#11240);
#11240 = DEFINITIONAL_REPRESENTATION('',(#11241),#11245);
#11241 = LINE('',#11242,#11243);
#11242 = CARTESIAN_POINT('',(0.,-81.6));
#11243 = VECTOR('',#11244,1.);
#11244 = DIRECTION('',(1.,0.));
#11245 = ( GEOMETRIC_REPRESENTATION_CONTEXT(2) 
PARAMETRIC_REPRESENTATION_CONTEXT() REPRESENTATION_CONTEXT('2D SPACE',''
  ) );
#11246 = ORIENTED_EDGE('',*,*,#11176,.T.);
#11247 = ADVANCED_FACE('',(#11248),#2871,.T.);
#11248 = FACE_BOUND('',#11249,.T.);
#11249 = EDGE_LOOP('',(#11250,#11275,#11296,#11297,#11320,#11343,#11364,
    #11365,#11388,#11409,#11410,#11411,#11412,#11435));
#11250 = ORIENTED_EDGE('',*,*,#11251,.F.);
#11251 = EDGE_CURVE('',#11252,#11254,#11256,.T.);
#11252 = VERTEX_POINT('',#11253);
#11253 = CARTESIAN_POINT('',(19.,48.61522368915,-151.8822509939));
#11254 = VERTEX_POINT('',#11255);
#11255 = CARTESIAN_POINT('',(19.,67.707106781187,-132.7903679018));
#11256 = SURFACE_CURVE('',#11257,(#11261,#11268),.PCURVE_S1.);
#11257 = LINE('',#11258,#11259);
#11258 = CARTESIAN_POINT('',(19.,45.079689783217,-155.4177848998));
#11259 = VECTOR('',#11260,1.);
#11260 = DIRECTION('',(0.,0.707106781187,0.707106781187));
#11261 = PCURVE('',#2871,#11262);
#11262 = DEFINITIONAL_REPRESENTATION('',(#11263),#11267);
#11263 = LINE('',#11264,#11265);
#11264 = CARTESIAN_POINT('',(7.,1.59872115546E-14));
#11265 = VECTOR('',#11266,1.);
#11266 = DIRECTION('',(0.,-1.));
#11267 = ( GEOMETRIC_REPRESENTATION_CONTEXT(2) 
PARAMETRIC_REPRESENTATION_CONTEXT() REPRESENTATION_CONTEXT('2D SPACE',''
  ) );
#11268 = PCURVE('',#5015,#11269);
#11269 = DEFINITIONAL_REPRESENTATION('',(#11270),#11274);
#11270 = LINE('',#11271,#11272);
#11271 = CARTESIAN_POINT('',(18.,0.));
#11272 = VECTOR('',#11273,1.);
#11273 = DIRECTION('',(0.,1.));
#11274 = ( GEOMETRIC_REPRESENTATION_CONTEXT(2) 
PARAMETRIC_REPRESENTATION_CONTEXT() REPRESENTATION_CONTEXT('2D SPACE',''
  ) );
#11275 = ORIENTED_EDGE('',*,*,#11276,.T.);
#11276 = EDGE_CURVE('',#11252,#3053,#11277,.T.);
#11277 = SURFACE_CURVE('',#11278,(#11282,#11289),.PCURVE_S1.);
#11278 = LINE('',#11279,#11280);
#11279 = CARTESIAN_POINT('',(19.,53.564971157456,-156.8319984622));
#11280 = VECTOR('',#11281,1.);
#11281 = DIRECTION('',(0.,0.707106781187,-0.707106781187));
#11282 = PCURVE('',#2871,#11283);
#11283 = DEFINITIONAL_REPRESENTATION('',(#11284),#11288);
#11284 = LINE('',#11285,#11286);
#11285 = CARTESIAN_POINT('',(4.440892098501E-16,-5.));
#11286 = VECTOR('',#11287,1.);
#11287 = DIRECTION('',(-1.,0.));
#11288 = ( GEOMETRIC_REPRESENTATION_CONTEXT(2) 
PARAMETRIC_REPRESENTATION_CONTEXT() REPRESENTATION_CONTEXT('2D SPACE',''
  ) );
#11289 = PCURVE('',#3068,#11290);
#11290 = DEFINITIONAL_REPRESENTATION('',(#11291),#11295);
#11291 = LINE('',#11292,#11293);
#11292 = CARTESIAN_POINT('',(0.,18.));
#11293 = VECTOR('',#11294,1.);
#11294 = DIRECTION('',(-1.,0.));
#11295 = ( GEOMETRIC_REPRESENTATION_CONTEXT(2) 
PARAMETRIC_REPRESENTATION_CONTEXT() REPRESENTATION_CONTEXT('2D SPACE',''
  ) );
#11296 = ORIENTED_EDGE('',*,*,#3080,.T.);
#11297 = ORIENTED_EDGE('',*,*,#11298,.T.);
#11298 = EDGE_CURVE('',#2995,#11299,#11301,.T.);
#11299 = VERTEX_POINT('',#11300);
#11300 = CARTESIAN_POINT('',(19.,56.393398282202,-149.7609306503));
#11301 = SURFACE_CURVE('',#11302,(#11306,#11313),.PCURVE_S1.);
#11302 = LINE('',#11303,#11304);
#11303 = CARTESIAN_POINT('',(19.,58.514718625761,-151.8822509939));
#11304 = VECTOR('',#11305,1.);
#11305 = DIRECTION('',(0.,-0.707106781187,0.707106781187));
#11306 = PCURVE('',#2871,#11307);
#11307 = DEFINITIONAL_REPRESENTATION('',(#11308),#11312);
#11308 = LINE('',#11309,#11310);
#11309 = CARTESIAN_POINT('',(1.15463194561E-14,-12.));
#11310 = VECTOR('',#11311,1.);
#11311 = DIRECTION('',(1.,0.));
#11312 = ( GEOMETRIC_REPRESENTATION_CONTEXT(2) 
PARAMETRIC_REPRESENTATION_CONTEXT() REPRESENTATION_CONTEXT('2D SPACE',''
  ) );
#11313 = PCURVE('',#3012,#11314);
#11314 = DEFINITIONAL_REPRESENTATION('',(#11315),#11319);
#11315 = LINE('',#11316,#11317);
#11316 = CARTESIAN_POINT('',(0.,11.));
#11317 = VECTOR('',#11318,1.);
#11318 = DIRECTION('',(1.,0.));
#11319 = ( GEOMETRIC_REPRESENTATION_CONTEXT(2) 
PARAMETRIC_REPRESENTATION_CONTEXT() REPRESENTATION_CONTEXT('2D SPACE',''
  ) );
#11320 = ORIENTED_EDGE('',*,*,#11321,.F.);
#11321 = EDGE_CURVE('',#11322,#11299,#11324,.T.);
#11322 = VERTEX_POINT('',#11323);
#11323 = CARTESIAN_POINT('',(19.,58.090454557049,-148.0638743755));
#11324 = SURFACE_CURVE('',#11325,(#11329,#11336),.PCURVE_S1.);
#11325 = LINE('',#11326,#11327);
#11326 = CARTESIAN_POINT('',(19.,52.150757595082,-154.0035713374));
#11327 = VECTOR('',#11328,1.);
#11328 = DIRECTION('',(0.,-0.707106781187,-0.707106781187));
#11329 = PCURVE('',#2871,#11330);
#11330 = DEFINITIONAL_REPRESENTATION('',(#11331),#11335);
#11331 = LINE('',#11332,#11333);
#11332 = CARTESIAN_POINT('',(3.,-6.));
#11333 = VECTOR('',#11334,1.);
#11334 = DIRECTION('',(0.,1.));
#11335 = ( GEOMETRIC_REPRESENTATION_CONTEXT(2) 
PARAMETRIC_REPRESENTATION_CONTEXT() REPRESENTATION_CONTEXT('2D SPACE',''
  ) );
#11336 = PCURVE('',#9776,#11337);
#11337 = DEFINITIONAL_REPRESENTATION('',(#11338),#11342);
#11338 = LINE('',#11339,#11340);
#11339 = CARTESIAN_POINT('',(11.,-102.));
#11340 = VECTOR('',#11341,1.);
#11341 = DIRECTION('',(0.,-1.));
#11342 = ( GEOMETRIC_REPRESENTATION_CONTEXT(2) 
PARAMETRIC_REPRESENTATION_CONTEXT() REPRESENTATION_CONTEXT('2D SPACE',''
  ) );
#11343 = ORIENTED_EDGE('',*,*,#11344,.F.);
#11344 = EDGE_CURVE('',#2944,#11322,#11345,.T.);
#11345 = SURFACE_CURVE('',#11346,(#11350,#11357),.PCURVE_S1.);
#11346 = LINE('',#11347,#11348);
#11347 = CARTESIAN_POINT('',(19.,60.211774900609,-150.185194719));
#11348 = VECTOR('',#11349,1.);
#11349 = DIRECTION('',(0.,-0.707106781187,0.707106781187));
#11350 = PCURVE('',#2871,#11351);
#11351 = DEFINITIONAL_REPRESENTATION('',(#11352),#11356);
#11352 = LINE('',#11353,#11354);
#11353 = CARTESIAN_POINT('',(-8.881784197001E-15,-14.4));
#11354 = VECTOR('',#11355,1.);
#11355 = DIRECTION('',(1.,0.));
#11356 = ( GEOMETRIC_REPRESENTATION_CONTEXT(2) 
PARAMETRIC_REPRESENTATION_CONTEXT() REPRESENTATION_CONTEXT('2D SPACE',''
  ) );
#11357 = PCURVE('',#2959,#11358);
#11358 = DEFINITIONAL_REPRESENTATION('',(#11359),#11363);
#11359 = LINE('',#11360,#11361);
#11360 = CARTESIAN_POINT('',(0.,11.));
#11361 = VECTOR('',#11362,1.);
#11362 = DIRECTION('',(1.,0.));
#11363 = ( GEOMETRIC_REPRESENTATION_CONTEXT(2) 
PARAMETRIC_REPRESENTATION_CONTEXT() REPRESENTATION_CONTEXT('2D SPACE',''
  ) );
#11364 = ORIENTED_EDGE('',*,*,#2971,.T.);
#11365 = ORIENTED_EDGE('',*,*,#11366,.T.);
#11366 = EDGE_CURVE('',#2886,#11367,#11369,.T.);
#11367 = VERTEX_POINT('',#11368);
#11368 = CARTESIAN_POINT('',(19.,64.87867965644,-141.2756492761));
#11369 = SURFACE_CURVE('',#11370,(#11374,#11381),.PCURVE_S1.);
#11370 = LINE('',#11371,#11372);
#11371 = CARTESIAN_POINT('',(19.,67.,-143.3969696196));
#11372 = VECTOR('',#11373,1.);
#11373 = DIRECTION('',(0.,-0.707106781187,0.707106781187));
#11374 = PCURVE('',#2871,#11375);
#11375 = DEFINITIONAL_REPRESENTATION('',(#11376),#11380);
#11376 = LINE('',#11377,#11378);
#11377 = CARTESIAN_POINT('',(-3.552713678801E-15,-24.));
#11378 = VECTOR('',#11379,1.);
#11379 = DIRECTION('',(1.,0.));
#11380 = ( GEOMETRIC_REPRESENTATION_CONTEXT(2) 
PARAMETRIC_REPRESENTATION_CONTEXT() REPRESENTATION_CONTEXT('2D SPACE',''
  ) );
#11381 = PCURVE('',#2903,#11382);
#11382 = DEFINITIONAL_REPRESENTATION('',(#11383),#11387);
#11383 = LINE('',#11384,#11385);
#11384 = CARTESIAN_POINT('',(0.,11.));
#11385 = VECTOR('',#11386,1.);
#11386 = DIRECTION('',(1.,0.));
#11387 = ( GEOMETRIC_REPRESENTATION_CONTEXT(2) 
PARAMETRIC_REPRESENTATION_CONTEXT() REPRESENTATION_CONTEXT('2D SPACE',''
  ) );
#11388 = ORIENTED_EDGE('',*,*,#11389,.F.);
#11389 = EDGE_CURVE('',#11204,#11367,#11390,.T.);
#11390 = SURFACE_CURVE('',#11391,(#11395,#11402),.PCURVE_S1.);
#11391 = LINE('',#11392,#11393);
#11392 = CARTESIAN_POINT('',(19.,56.393398282202,-149.7609306503));
#11393 = VECTOR('',#11394,1.);
#11394 = DIRECTION('',(0.,-0.707106781187,-0.707106781187));
#11395 = PCURVE('',#2871,#11396);
#11396 = DEFINITIONAL_REPRESENTATION('',(#11397),#11401);
#11397 = LINE('',#11398,#11399);
#11398 = CARTESIAN_POINT('',(3.,-12.));
#11399 = VECTOR('',#11400,1.);
#11400 = DIRECTION('',(0.,1.));
#11401 = ( GEOMETRIC_REPRESENTATION_CONTEXT(2) 
PARAMETRIC_REPRESENTATION_CONTEXT() REPRESENTATION_CONTEXT('2D SPACE',''
  ) );
#11402 = PCURVE('',#9776,#11403);
#11403 = DEFINITIONAL_REPRESENTATION('',(#11404),#11408);
#11404 = LINE('',#11405,#11406);
#11405 = CARTESIAN_POINT('',(11.,-96.));
#11406 = VECTOR('',#11407,1.);
#11407 = DIRECTION('',(0.,-1.));
#11408 = ( GEOMETRIC_REPRESENTATION_CONTEXT(2) 
PARAMETRIC_REPRESENTATION_CONTEXT() REPRESENTATION_CONTEXT('2D SPACE',''
  ) );
#11409 = ORIENTED_EDGE('',*,*,#11203,.F.);
#11410 = ORIENTED_EDGE('',*,*,#2857,.T.);
#11411 = ORIENTED_EDGE('',*,*,#11083,.T.);
#11412 = ORIENTED_EDGE('',*,*,#11413,.F.);
#11413 = EDGE_CURVE('',#11414,#11084,#11416,.T.);
#11414 = VERTEX_POINT('',#11415);
#11415 = CARTESIAN_POINT('',(19.,70.535533905933,-135.6187950266));
#11416 = SURFACE_CURVE('',#11417,(#11421,#11428),.PCURVE_S1.);
#11417 = LINE('',#11418,#11419);
#11418 = CARTESIAN_POINT('',(19.,70.535533905933,-135.6187950266));
#11419 = VECTOR('',#11420,1.);
#11420 = DIRECTION('',(0.,0.707106781187,0.707106781187));
#11421 = PCURVE('',#2871,#11422);
#11422 = DEFINITIONAL_REPRESENTATION('',(#11423),#11427);
#11423 = LINE('',#11424,#11425);
#11424 = CARTESIAN_POINT('',(3.,-32.));
#11425 = VECTOR('',#11426,1.);
#11426 = DIRECTION('',(0.,-1.));
#11427 = ( GEOMETRIC_REPRESENTATION_CONTEXT(2) 
PARAMETRIC_REPRESENTATION_CONTEXT() REPRESENTATION_CONTEXT('2D SPACE',''
  ) );
#11428 = PCURVE('',#9776,#11429);
#11429 = DEFINITIONAL_REPRESENTATION('',(#11430),#11434);
#11430 = LINE('',#11431,#11432);
#11431 = CARTESIAN_POINT('',(11.,-76.));
#11432 = VECTOR('',#11433,1.);
#11433 = DIRECTION('',(0.,1.));
#11434 = ( GEOMETRIC_REPRESENTATION_CONTEXT(2) 
PARAMETRIC_REPRESENTATION_CONTEXT() REPRESENTATION_CONTEXT('2D SPACE',''
  ) );
#11435 = ORIENTED_EDGE('',*,*,#11436,.T.);
#11436 = EDGE_CURVE('',#11414,#11254,#11437,.T.);
#11437 = SURFACE_CURVE('',#11438,(#11442,#11449),.PCURVE_S1.);
#11438 = LINE('',#11439,#11440);
#11439 = CARTESIAN_POINT('',(19.,70.535533905933,-135.6187950266));
#11440 = VECTOR('',#11441,1.);
#11441 = DIRECTION('',(0.,-0.707106781187,0.707106781187));
#11442 = PCURVE('',#2871,#11443);
#11443 = DEFINITIONAL_REPRESENTATION('',(#11444),#11448);
#11444 = LINE('',#11445,#11446);
#11445 = CARTESIAN_POINT('',(3.,-32.));
#11446 = VECTOR('',#11447,1.);
#11447 = DIRECTION('',(1.,0.));
#11448 = ( GEOMETRIC_REPRESENTATION_CONTEXT(2) 
PARAMETRIC_REPRESENTATION_CONTEXT() REPRESENTATION_CONTEXT('2D SPACE',''
  ) );
#11449 = PCURVE('',#11450,#11455);
#11450 = PLANE('',#11451);
#11451 = AXIS2_PLACEMENT_3D('',#11452,#11453,#11454);
#11452 = CARTESIAN_POINT('',(9.,70.535533905933,-135.6187950266));
#11453 = DIRECTION('',(0.,0.707106781187,0.707106781187));
#11454 = DIRECTION('',(0.,-0.707106781187,0.707106781187));
#11455 = DEFINITIONAL_REPRESENTATION('',(#11456),#11460);
#11456 = LINE('',#11457,#11458);
#11457 = CARTESIAN_POINT('',(0.,10.));
#11458 = VECTOR('',#11459,1.);
#11459 = DIRECTION('',(1.,0.));
#11460 = ( GEOMETRIC_REPRESENTATION_CONTEXT(2) 
PARAMETRIC_REPRESENTATION_CONTEXT() REPRESENTATION_CONTEXT('2D SPACE',''
  ) );
#11461 = ADVANCED_FACE('',(#11462),#2903,.F.);
#11462 = FACE_BOUND('',#11463,.F.);
#11463 = EDGE_LOOP('',(#11464,#11465,#11466,#11489));
#11464 = ORIENTED_EDGE('',*,*,#2885,.F.);
#11465 = ORIENTED_EDGE('',*,*,#11366,.T.);
#11466 = ORIENTED_EDGE('',*,*,#11467,.T.);
#11467 = EDGE_CURVE('',#11367,#11468,#11470,.T.);
#11468 = VERTEX_POINT('',#11469);
#11469 = CARTESIAN_POINT('',(69.,64.87867965644,-141.2756492761));
#11470 = SURFACE_CURVE('',#11471,(#11475,#11482),.PCURVE_S1.);
#11471 = LINE('',#11472,#11473);
#11472 = CARTESIAN_POINT('',(8.,64.87867965644,-141.2756492761));
#11473 = VECTOR('',#11474,1.);
#11474 = DIRECTION('',(1.,0.,0.));
#11475 = PCURVE('',#2903,#11476);
#11476 = DEFINITIONAL_REPRESENTATION('',(#11477),#11481);
#11477 = LINE('',#11478,#11479);
#11478 = CARTESIAN_POINT('',(3.,0.));
#11479 = VECTOR('',#11480,1.);
#11480 = DIRECTION('',(0.,1.));
#11481 = ( GEOMETRIC_REPRESENTATION_CONTEXT(2) 
PARAMETRIC_REPRESENTATION_CONTEXT() REPRESENTATION_CONTEXT('2D SPACE',''
  ) );
#11482 = PCURVE('',#9776,#11483);
#11483 = DEFINITIONAL_REPRESENTATION('',(#11484),#11488);
#11484 = LINE('',#11485,#11486);
#11485 = CARTESIAN_POINT('',(0.,-84.));
#11486 = VECTOR('',#11487,1.);
#11487 = DIRECTION('',(1.,0.));
#11488 = ( GEOMETRIC_REPRESENTATION_CONTEXT(2) 
PARAMETRIC_REPRESENTATION_CONTEXT() REPRESENTATION_CONTEXT('2D SPACE',''
  ) );
#11489 = ORIENTED_EDGE('',*,*,#11490,.T.);
#11490 = EDGE_CURVE('',#11468,#2888,#11491,.T.);
#11491 = SURFACE_CURVE('',#11492,(#11496,#11503),.PCURVE_S1.);
#11492 = LINE('',#11493,#11494);
#11493 = CARTESIAN_POINT('',(69.,67.,-143.3969696196));
#11494 = VECTOR('',#11495,1.);
#11495 = DIRECTION('',(0.,0.707106781187,-0.707106781187));
#11496 = PCURVE('',#2903,#11497);
#11497 = DEFINITIONAL_REPRESENTATION('',(#11498),#11502);
#11498 = LINE('',#11499,#11500);
#11499 = CARTESIAN_POINT('',(0.,61.));
#11500 = VECTOR('',#11501,1.);
#11501 = DIRECTION('',(-1.,0.));
#11502 = ( GEOMETRIC_REPRESENTATION_CONTEXT(2) 
PARAMETRIC_REPRESENTATION_CONTEXT() REPRESENTATION_CONTEXT('2D SPACE',''
  ) );
#11503 = PCURVE('',#2931,#11504);
#11504 = DEFINITIONAL_REPRESENTATION('',(#11505),#11509);
#11505 = LINE('',#11506,#11507);
#11506 = CARTESIAN_POINT('',(-3.552713678801E-15,-24.));
#11507 = VECTOR('',#11508,1.);
#11508 = DIRECTION('',(-1.,0.));
#11509 = ( GEOMETRIC_REPRESENTATION_CONTEXT(2) 
PARAMETRIC_REPRESENTATION_CONTEXT() REPRESENTATION_CONTEXT('2D SPACE',''
  ) );
#11510 = ADVANCED_FACE('',(#11511),#2931,.F.);
#11511 = FACE_BOUND('',#11512,.F.);
#11512 = EDGE_LOOP('',(#11513,#11536,#11557,#11558));
#11513 = ORIENTED_EDGE('',*,*,#11514,.F.);
#11514 = EDGE_CURVE('',#11515,#11468,#11517,.T.);
#11515 = VERTEX_POINT('',#11516);
#11516 = CARTESIAN_POINT('',(69.,58.090454557049,-148.0638743755));
#11517 = SURFACE_CURVE('',#11518,(#11522,#11529),.PCURVE_S1.);
#11518 = LINE('',#11519,#11520);
#11519 = CARTESIAN_POINT('',(69.,47.908116907963,-158.2462120245));
#11520 = VECTOR('',#11521,1.);
#11521 = DIRECTION('',(0.,0.707106781187,0.707106781187));
#11522 = PCURVE('',#2931,#11523);
#11523 = DEFINITIONAL_REPRESENTATION('',(#11524),#11528);
#11524 = LINE('',#11525,#11526);
#11525 = CARTESIAN_POINT('',(3.,5.329070518201E-15));
#11526 = VECTOR('',#11527,1.);
#11527 = DIRECTION('',(0.,-1.));
#11528 = ( GEOMETRIC_REPRESENTATION_CONTEXT(2) 
PARAMETRIC_REPRESENTATION_CONTEXT() REPRESENTATION_CONTEXT('2D SPACE',''
  ) );
#11529 = PCURVE('',#9776,#11530);
#11530 = DEFINITIONAL_REPRESENTATION('',(#11531),#11535);
#11531 = LINE('',#11532,#11533);
#11532 = CARTESIAN_POINT('',(61.,-108.));
#11533 = VECTOR('',#11534,1.);
#11534 = DIRECTION('',(0.,1.));
#11535 = ( GEOMETRIC_REPRESENTATION_CONTEXT(2) 
PARAMETRIC_REPRESENTATION_CONTEXT() REPRESENTATION_CONTEXT('2D SPACE',''
  ) );
#11536 = ORIENTED_EDGE('',*,*,#11537,.T.);
#11537 = EDGE_CURVE('',#11515,#2916,#11538,.T.);
#11538 = SURFACE_CURVE('',#11539,(#11543,#11550),.PCURVE_S1.);
#11539 = LINE('',#11540,#11541);
#11540 = CARTESIAN_POINT('',(69.,60.211774900609,-150.185194719));
#11541 = VECTOR('',#11542,1.);
#11542 = DIRECTION('',(0.,0.707106781187,-0.707106781187));
#11543 = PCURVE('',#2931,#11544);
#11544 = DEFINITIONAL_REPRESENTATION('',(#11545),#11549);
#11545 = LINE('',#11546,#11547);
#11546 = CARTESIAN_POINT('',(-8.881784197001E-15,-14.4));
#11547 = VECTOR('',#11548,1.);
#11548 = DIRECTION('',(-1.,0.));
#11549 = ( GEOMETRIC_REPRESENTATION_CONTEXT(2) 
PARAMETRIC_REPRESENTATION_CONTEXT() REPRESENTATION_CONTEXT('2D SPACE',''
  ) );
#11550 = PCURVE('',#2959,#11551);
#11551 = DEFINITIONAL_REPRESENTATION('',(#11552),#11556);
#11552 = LINE('',#11553,#11554);
#11553 = CARTESIAN_POINT('',(0.,61.));
#11554 = VECTOR('',#11555,1.);
#11555 = DIRECTION('',(-1.,0.));
#11556 = ( GEOMETRIC_REPRESENTATION_CONTEXT(2) 
PARAMETRIC_REPRESENTATION_CONTEXT() REPRESENTATION_CONTEXT('2D SPACE',''
  ) );
#11557 = ORIENTED_EDGE('',*,*,#2915,.T.);
#11558 = ORIENTED_EDGE('',*,*,#11490,.F.);
#11559 = ADVANCED_FACE('',(#11560),#2959,.T.);
#11560 = FACE_BOUND('',#11561,.T.);
#11561 = EDGE_LOOP('',(#11562,#11563,#11564,#11585));
#11562 = ORIENTED_EDGE('',*,*,#2943,.F.);
#11563 = ORIENTED_EDGE('',*,*,#11344,.T.);
#11564 = ORIENTED_EDGE('',*,*,#11565,.T.);
#11565 = EDGE_CURVE('',#11322,#11515,#11566,.T.);
#11566 = SURFACE_CURVE('',#11567,(#11571,#11578),.PCURVE_S1.);
#11567 = LINE('',#11568,#11569);
#11568 = CARTESIAN_POINT('',(8.,58.090454557049,-148.0638743755));
#11569 = VECTOR('',#11570,1.);
#11570 = DIRECTION('',(1.,0.,0.));
#11571 = PCURVE('',#2959,#11572);
#11572 = DEFINITIONAL_REPRESENTATION('',(#11573),#11577);
#11573 = LINE('',#11574,#11575);
#11574 = CARTESIAN_POINT('',(3.,0.));
#11575 = VECTOR('',#11576,1.);
#11576 = DIRECTION('',(0.,1.));
#11577 = ( GEOMETRIC_REPRESENTATION_CONTEXT(2) 
PARAMETRIC_REPRESENTATION_CONTEXT() REPRESENTATION_CONTEXT('2D SPACE',''
  ) );
#11578 = PCURVE('',#9776,#11579);
#11579 = DEFINITIONAL_REPRESENTATION('',(#11580),#11584);
#11580 = LINE('',#11581,#11582);
#11581 = CARTESIAN_POINT('',(0.,-93.6));
#11582 = VECTOR('',#11583,1.);
#11583 = DIRECTION('',(1.,0.));
#11584 = ( GEOMETRIC_REPRESENTATION_CONTEXT(2) 
PARAMETRIC_REPRESENTATION_CONTEXT() REPRESENTATION_CONTEXT('2D SPACE',''
  ) );
#11585 = ORIENTED_EDGE('',*,*,#11537,.T.);
#11586 = ADVANCED_FACE('',(#11587),#3012,.F.);
#11587 = FACE_BOUND('',#11588,.F.);
#11588 = EDGE_LOOP('',(#11589,#11590,#11591,#11614));
#11589 = ORIENTED_EDGE('',*,*,#2994,.F.);
#11590 = ORIENTED_EDGE('',*,*,#11298,.T.);
#11591 = ORIENTED_EDGE('',*,*,#11592,.T.);
#11592 = EDGE_CURVE('',#11299,#11593,#11595,.T.);
#11593 = VERTEX_POINT('',#11594);
#11594 = CARTESIAN_POINT('',(69.,56.393398282202,-149.7609306503));
#11595 = SURFACE_CURVE('',#11596,(#11600,#11607),.PCURVE_S1.);
#11596 = LINE('',#11597,#11598);
#11597 = CARTESIAN_POINT('',(8.,56.393398282202,-149.7609306503));
#11598 = VECTOR('',#11599,1.);
#11599 = DIRECTION('',(1.,0.,0.));
#11600 = PCURVE('',#3012,#11601);
#11601 = DEFINITIONAL_REPRESENTATION('',(#11602),#11606);
#11602 = LINE('',#11603,#11604);
#11603 = CARTESIAN_POINT('',(3.,0.));
#11604 = VECTOR('',#11605,1.);
#11605 = DIRECTION('',(0.,1.));
#11606 = ( GEOMETRIC_REPRESENTATION_CONTEXT(2) 
PARAMETRIC_REPRESENTATION_CONTEXT() REPRESENTATION_CONTEXT('2D SPACE',''
  ) );
#11607 = PCURVE('',#9776,#11608);
#11608 = DEFINITIONAL_REPRESENTATION('',(#11609),#11613);
#11609 = LINE('',#11610,#11611);
#11610 = CARTESIAN_POINT('',(0.,-96.));
#11611 = VECTOR('',#11612,1.);
#11612 = DIRECTION('',(1.,0.));
#11613 = ( GEOMETRIC_REPRESENTATION_CONTEXT(2) 
PARAMETRIC_REPRESENTATION_CONTEXT() REPRESENTATION_CONTEXT('2D SPACE',''
  ) );
#11614 = ORIENTED_EDGE('',*,*,#11615,.T.);
#11615 = EDGE_CURVE('',#11593,#2997,#11616,.T.);
#11616 = SURFACE_CURVE('',#11617,(#11621,#11628),.PCURVE_S1.);
#11617 = LINE('',#11618,#11619);
#11618 = CARTESIAN_POINT('',(69.,58.514718625761,-151.8822509939));
#11619 = VECTOR('',#11620,1.);
#11620 = DIRECTION('',(0.,0.707106781187,-0.707106781187));
#11621 = PCURVE('',#3012,#11622);
#11622 = DEFINITIONAL_REPRESENTATION('',(#11623),#11627);
#11623 = LINE('',#11624,#11625);
#11624 = CARTESIAN_POINT('',(0.,61.));
#11625 = VECTOR('',#11626,1.);
#11626 = DIRECTION('',(-1.,0.));
#11627 = ( GEOMETRIC_REPRESENTATION_CONTEXT(2) 
PARAMETRIC_REPRESENTATION_CONTEXT() REPRESENTATION_CONTEXT('2D SPACE',''
  ) );
#11628 = PCURVE('',#3040,#11629);
#11629 = DEFINITIONAL_REPRESENTATION('',(#11630),#11634);
#11630 = LINE('',#11631,#11632);
#11631 = CARTESIAN_POINT('',(1.15463194561E-14,-12.));
#11632 = VECTOR('',#11633,1.);
#11633 = DIRECTION('',(-1.,0.));
#11634 = ( GEOMETRIC_REPRESENTATION_CONTEXT(2) 
PARAMETRIC_REPRESENTATION_CONTEXT() REPRESENTATION_CONTEXT('2D SPACE',''
  ) );
#11635 = ADVANCED_FACE('',(#11636),#3040,.F.);
#11636 = FACE_BOUND('',#11637,.F.);
#11637 = EDGE_LOOP('',(#11638,#11661,#11682,#11683));
#11638 = ORIENTED_EDGE('',*,*,#11639,.F.);
#11639 = EDGE_CURVE('',#11640,#11593,#11642,.T.);
#11640 = VERTEX_POINT('',#11641);
#11641 = CARTESIAN_POINT('',(69.,51.443650813896,-154.7106781186));
#11642 = SURFACE_CURVE('',#11643,(#11647,#11654),.PCURVE_S1.);
#11643 = LINE('',#11644,#11645);
#11644 = CARTESIAN_POINT('',(69.,47.908116907963,-158.2462120245));
#11645 = VECTOR('',#11646,1.);
#11646 = DIRECTION('',(0.,0.707106781187,0.707106781187));
#11647 = PCURVE('',#3040,#11648);
#11648 = DEFINITIONAL_REPRESENTATION('',(#11649),#11653);
#11649 = LINE('',#11650,#11651);
#11650 = CARTESIAN_POINT('',(3.,5.329070518201E-15));
#11651 = VECTOR('',#11652,1.);
#11652 = DIRECTION('',(0.,-1.));
#11653 = ( GEOMETRIC_REPRESENTATION_CONTEXT(2) 
PARAMETRIC_REPRESENTATION_CONTEXT() REPRESENTATION_CONTEXT('2D SPACE',''
  ) );
#11654 = PCURVE('',#9776,#11655);
#11655 = DEFINITIONAL_REPRESENTATION('',(#11656),#11660);
#11656 = LINE('',#11657,#11658);
#11657 = CARTESIAN_POINT('',(61.,-108.));
#11658 = VECTOR('',#11659,1.);
#11659 = DIRECTION('',(0.,1.));
#11660 = ( GEOMETRIC_REPRESENTATION_CONTEXT(2) 
PARAMETRIC_REPRESENTATION_CONTEXT() REPRESENTATION_CONTEXT('2D SPACE',''
  ) );
#11661 = ORIENTED_EDGE('',*,*,#11662,.T.);
#11662 = EDGE_CURVE('',#11640,#3025,#11663,.T.);
#11663 = SURFACE_CURVE('',#11664,(#11668,#11675),.PCURVE_S1.);
#11664 = LINE('',#11665,#11666);
#11665 = CARTESIAN_POINT('',(69.,53.564971157456,-156.8319984622));
#11666 = VECTOR('',#11667,1.);
#11667 = DIRECTION('',(0.,0.707106781187,-0.707106781187));
#11668 = PCURVE('',#3040,#11669);
#11669 = DEFINITIONAL_REPRESENTATION('',(#11670),#11674);
#11670 = LINE('',#11671,#11672);
#11671 = CARTESIAN_POINT('',(4.440892098501E-16,-5.));
#11672 = VECTOR('',#11673,1.);
#11673 = DIRECTION('',(-1.,0.));
#11674 = ( GEOMETRIC_REPRESENTATION_CONTEXT(2) 
PARAMETRIC_REPRESENTATION_CONTEXT() REPRESENTATION_CONTEXT('2D SPACE',''
  ) );
#11675 = PCURVE('',#3068,#11676);
#11676 = DEFINITIONAL_REPRESENTATION('',(#11677),#11681);
#11677 = LINE('',#11678,#11679);
#11678 = CARTESIAN_POINT('',(0.,68.));
#11679 = VECTOR('',#11680,1.);
#11680 = DIRECTION('',(-1.,0.));
#11681 = ( GEOMETRIC_REPRESENTATION_CONTEXT(2) 
PARAMETRIC_REPRESENTATION_CONTEXT() REPRESENTATION_CONTEXT('2D SPACE',''
  ) );
#11682 = ORIENTED_EDGE('',*,*,#3024,.T.);
#11683 = ORIENTED_EDGE('',*,*,#11615,.F.);
#11684 = ADVANCED_FACE('',(#11685,#11852,#11860,#11868,#11876,#11884),
  #3068,.T.);
#11685 = FACE_BOUND('',#11686,.T.);
#11686 = EDGE_LOOP('',(#11687,#11688,#11689,#11712,#11733,#11734,#11757,
    #11785,#11806,#11807,#11830,#11851));
#11687 = ORIENTED_EDGE('',*,*,#3052,.F.);
#11688 = ORIENTED_EDGE('',*,*,#11276,.F.);
#11689 = ORIENTED_EDGE('',*,*,#11690,.F.);
#11690 = EDGE_CURVE('',#11691,#11252,#11693,.T.);
#11691 = VERTEX_POINT('',#11692);
#11692 = CARTESIAN_POINT('',(9.,48.61522368915,-151.8822509939));
#11693 = SURFACE_CURVE('',#11694,(#11698,#11705),.PCURVE_S1.);
#11694 = LINE('',#11695,#11696);
#11695 = CARTESIAN_POINT('',(1.,48.61522368915,-151.8822509939));
#11696 = VECTOR('',#11697,1.);
#11697 = DIRECTION('',(1.,0.,0.));
#11698 = PCURVE('',#3068,#11699);
#11699 = DEFINITIONAL_REPRESENTATION('',(#11700),#11704);
#11700 = LINE('',#11701,#11702);
#11701 = CARTESIAN_POINT('',(7.,0.));
#11702 = VECTOR('',#11703,1.);
#11703 = DIRECTION('',(0.,1.));
#11704 = ( GEOMETRIC_REPRESENTATION_CONTEXT(2) 
PARAMETRIC_REPRESENTATION_CONTEXT() REPRESENTATION_CONTEXT('2D SPACE',''
  ) );
#11705 = PCURVE('',#5015,#11706);
#11706 = DEFINITIONAL_REPRESENTATION('',(#11707),#11711);
#11707 = LINE('',#11708,#11709);
#11708 = CARTESIAN_POINT('',(0.,5.));
#11709 = VECTOR('',#11710,1.);
#11710 = DIRECTION('',(1.,0.));
#11711 = ( GEOMETRIC_REPRESENTATION_CONTEXT(2) 
PARAMETRIC_REPRESENTATION_CONTEXT() REPRESENTATION_CONTEXT('2D SPACE',''
  ) );
#11712 = ORIENTED_EDGE('',*,*,#11713,.T.);
#11713 = EDGE_CURVE('',#11691,#4596,#11714,.T.);
#11714 = SURFACE_CURVE('',#11715,(#11719,#11726),.PCURVE_S1.);
#11715 = LINE('',#11716,#11717);
#11716 = CARTESIAN_POINT('',(9.,48.61522368915,-151.8822509939));
#11717 = VECTOR('',#11718,1.);
#11718 = DIRECTION('',(0.,-0.707106781187,0.707106781187));
#11719 = PCURVE('',#3068,#11720);
#11720 = DEFINITIONAL_REPRESENTATION('',(#11721),#11725);
#11721 = LINE('',#11722,#11723);
#11722 = CARTESIAN_POINT('',(7.,8.));
#11723 = VECTOR('',#11724,1.);
#11724 = DIRECTION('',(1.,0.));
#11725 = ( GEOMETRIC_REPRESENTATION_CONTEXT(2) 
PARAMETRIC_REPRESENTATION_CONTEXT() REPRESENTATION_CONTEXT('2D SPACE',''
  ) );
#11726 = PCURVE('',#4636,#11727);
#11727 = DEFINITIONAL_REPRESENTATION('',(#11728),#11732);
#11728 = LINE('',#11729,#11730);
#11729 = CARTESIAN_POINT('',(-24.,-127.));
#11730 = VECTOR('',#11731,1.);
#11731 = DIRECTION('',(1.,0.));
#11732 = ( GEOMETRIC_REPRESENTATION_CONTEXT(2) 
PARAMETRIC_REPRESENTATION_CONTEXT() REPRESENTATION_CONTEXT('2D SPACE',''
  ) );
#11733 = ORIENTED_EDGE('',*,*,#4595,.T.);
#11734 = ORIENTED_EDGE('',*,*,#11735,.T.);
#11735 = EDGE_CURVE('',#4598,#11736,#11738,.T.);
#11736 = VERTEX_POINT('',#11737);
#11737 = CARTESIAN_POINT('',(131.,48.61522368915,-151.8822509939));
#11738 = SURFACE_CURVE('',#11739,(#11743,#11750),.PCURVE_S1.);
#11739 = LINE('',#11740,#11741);
#11740 = CARTESIAN_POINT('',(131.,28.10912703474,-131.3761543394));
#11741 = VECTOR('',#11742,1.);
#11742 = DIRECTION('',(0.,0.707106781187,-0.707106781187));
#11743 = PCURVE('',#3068,#11744);
#11744 = DEFINITIONAL_REPRESENTATION('',(#11745),#11749);
#11745 = LINE('',#11746,#11747);
#11746 = CARTESIAN_POINT('',(36.,130.));
#11747 = VECTOR('',#11748,1.);
#11748 = DIRECTION('',(-1.,0.));
#11749 = ( GEOMETRIC_REPRESENTATION_CONTEXT(2) 
PARAMETRIC_REPRESENTATION_CONTEXT() REPRESENTATION_CONTEXT('2D SPACE',''
  ) );
#11750 = PCURVE('',#4731,#11751);
#11751 = DEFINITIONAL_REPRESENTATION('',(#11752),#11756);
#11752 = LINE('',#11753,#11754);
#11753 = CARTESIAN_POINT('',(-5.,-127.));
#11754 = VECTOR('',#11755,1.);
#11755 = DIRECTION('',(1.,-0.));
#11756 = ( GEOMETRIC_REPRESENTATION_CONTEXT(2) 
PARAMETRIC_REPRESENTATION_CONTEXT() REPRESENTATION_CONTEXT('2D SPACE',''
  ) );
#11757 = ORIENTED_EDGE('',*,*,#11758,.F.);
#11758 = EDGE_CURVE('',#11759,#11736,#11761,.T.);
#11759 = VERTEX_POINT('',#11760);
#11760 = CARTESIAN_POINT('',(121.,48.61522368915,-151.8822509939));
#11761 = SURFACE_CURVE('',#11762,(#11766,#11773),.PCURVE_S1.);
#11762 = LINE('',#11763,#11764);
#11763 = CARTESIAN_POINT('',(61.,48.61522368915,-151.8822509939));
#11764 = VECTOR('',#11765,1.);
#11765 = DIRECTION('',(1.,0.,0.));
#11766 = PCURVE('',#3068,#11767);
#11767 = DEFINITIONAL_REPRESENTATION('',(#11768),#11772);
#11768 = LINE('',#11769,#11770);
#11769 = CARTESIAN_POINT('',(7.,60.));
#11770 = VECTOR('',#11771,1.);
#11771 = DIRECTION('',(0.,1.));
#11772 = ( GEOMETRIC_REPRESENTATION_CONTEXT(2) 
PARAMETRIC_REPRESENTATION_CONTEXT() REPRESENTATION_CONTEXT('2D SPACE',''
  ) );
#11773 = PCURVE('',#11774,#11779);
#11774 = PLANE('',#11775);
#11775 = AXIS2_PLACEMENT_3D('',#11776,#11777,#11778);
#11776 = CARTESIAN_POINT('',(121.,45.079689783217,-155.4177848998));
#11777 = DIRECTION('',(0.,-0.707106781187,0.707106781187));
#11778 = DIRECTION('',(1.,0.,0.));
#11779 = DEFINITIONAL_REPRESENTATION('',(#11780),#11784);
#11780 = LINE('',#11781,#11782);
#11781 = CARTESIAN_POINT('',(-60.,5.));
#11782 = VECTOR('',#11783,1.);
#11783 = DIRECTION('',(1.,0.));
#11784 = ( GEOMETRIC_REPRESENTATION_CONTEXT(2) 
PARAMETRIC_REPRESENTATION_CONTEXT() REPRESENTATION_CONTEXT('2D SPACE',''
  ) );
#11785 = ORIENTED_EDGE('',*,*,#11786,.T.);
#11786 = EDGE_CURVE('',#11759,#3814,#11787,.T.);
#11787 = SURFACE_CURVE('',#11788,(#11792,#11799),.PCURVE_S1.);
#11788 = LINE('',#11789,#11790);
#11789 = CARTESIAN_POINT('',(121.,53.564971157456,-156.8319984622));
#11790 = VECTOR('',#11791,1.);
#11791 = DIRECTION('',(0.,0.707106781187,-0.707106781187));
#11792 = PCURVE('',#3068,#11793);
#11793 = DEFINITIONAL_REPRESENTATION('',(#11794),#11798);
#11794 = LINE('',#11795,#11796);
#11795 = CARTESIAN_POINT('',(0.,120.));
#11796 = VECTOR('',#11797,1.);
#11797 = DIRECTION('',(-1.,0.));
#11798 = ( GEOMETRIC_REPRESENTATION_CONTEXT(2) 
PARAMETRIC_REPRESENTATION_CONTEXT() REPRESENTATION_CONTEXT('2D SPACE',''
  ) );
#11799 = PCURVE('',#3906,#11800);
#11800 = DEFINITIONAL_REPRESENTATION('',(#11801),#11805);
#11801 = LINE('',#11802,#11803);
#11802 = CARTESIAN_POINT('',(4.440892098501E-16,-5.));
#11803 = VECTOR('',#11804,1.);
#11804 = DIRECTION('',(-1.,0.));
#11805 = ( GEOMETRIC_REPRESENTATION_CONTEXT(2) 
PARAMETRIC_REPRESENTATION_CONTEXT() REPRESENTATION_CONTEXT('2D SPACE',''
  ) );
#11806 = ORIENTED_EDGE('',*,*,#3811,.F.);
#11807 = ORIENTED_EDGE('',*,*,#11808,.F.);
#11808 = EDGE_CURVE('',#11809,#3812,#11811,.T.);
#11809 = VERTEX_POINT('',#11810);
#11810 = CARTESIAN_POINT('',(71.4,51.443650813896,-154.7106781186));
#11811 = SURFACE_CURVE('',#11812,(#11816,#11823),.PCURVE_S1.);
#11812 = LINE('',#11813,#11814);
#11813 = CARTESIAN_POINT('',(71.4,53.564971157456,-156.8319984622));
#11814 = VECTOR('',#11815,1.);
#11815 = DIRECTION('',(0.,0.707106781187,-0.707106781187));
#11816 = PCURVE('',#3068,#11817);
#11817 = DEFINITIONAL_REPRESENTATION('',(#11818),#11822);
#11818 = LINE('',#11819,#11820);
#11819 = CARTESIAN_POINT('',(0.,70.4));
#11820 = VECTOR('',#11821,1.);
#11821 = DIRECTION('',(-1.,0.));
#11822 = ( GEOMETRIC_REPRESENTATION_CONTEXT(2) 
PARAMETRIC_REPRESENTATION_CONTEXT() REPRESENTATION_CONTEXT('2D SPACE',''
  ) );
#11823 = PCURVE('',#3852,#11824);
#11824 = DEFINITIONAL_REPRESENTATION('',(#11825),#11829);
#11825 = LINE('',#11826,#11827);
#11826 = CARTESIAN_POINT('',(4.440892098501E-16,-5.));
#11827 = VECTOR('',#11828,1.);
#11828 = DIRECTION('',(-1.,0.));
#11829 = ( GEOMETRIC_REPRESENTATION_CONTEXT(2) 
PARAMETRIC_REPRESENTATION_CONTEXT() REPRESENTATION_CONTEXT('2D SPACE',''
  ) );
#11830 = ORIENTED_EDGE('',*,*,#11831,.F.);
#11831 = EDGE_CURVE('',#11640,#11809,#11832,.T.);
#11832 = SURFACE_CURVE('',#11833,(#11837,#11844),.PCURVE_S1.);
#11833 = LINE('',#11834,#11835);
#11834 = CARTESIAN_POINT('',(35.,51.443650813896,-154.7106781186));
#11835 = VECTOR('',#11836,1.);
#11836 = DIRECTION('',(1.,0.,0.));
#11837 = PCURVE('',#3068,#11838);
#11838 = DEFINITIONAL_REPRESENTATION('',(#11839),#11843);
#11839 = LINE('',#11840,#11841);
#11840 = CARTESIAN_POINT('',(3.,34.));
#11841 = VECTOR('',#11842,1.);
#11842 = DIRECTION('',(0.,1.));
#11843 = ( GEOMETRIC_REPRESENTATION_CONTEXT(2) 
PARAMETRIC_REPRESENTATION_CONTEXT() REPRESENTATION_CONTEXT('2D SPACE',''
  ) );
#11844 = PCURVE('',#9776,#11845);
#11845 = DEFINITIONAL_REPRESENTATION('',(#11846),#11850);
#11846 = LINE('',#11847,#11848);
#11847 = CARTESIAN_POINT('',(27.,-103.));
#11848 = VECTOR('',#11849,1.);
#11849 = DIRECTION('',(1.,0.));
#11850 = ( GEOMETRIC_REPRESENTATION_CONTEXT(2) 
PARAMETRIC_REPRESENTATION_CONTEXT() REPRESENTATION_CONTEXT('2D SPACE',''
  ) );
#11851 = ORIENTED_EDGE('',*,*,#11662,.T.);
#11852 = FACE_BOUND('',#11853,.T.);
#11853 = EDGE_LOOP('',(#11854,#11855,#11856,#11857,#11858,#11859));
#11854 = ORIENTED_EDGE('',*,*,#8266,.T.);
#11855 = ORIENTED_EDGE('',*,*,#8386,.T.);
#11856 = ORIENTED_EDGE('',*,*,#8484,.T.);
#11857 = ORIENTED_EDGE('',*,*,#8533,.T.);
#11858 = ORIENTED_EDGE('',*,*,#8435,.T.);
#11859 = ORIENTED_EDGE('',*,*,#8337,.T.);
#11860 = FACE_BOUND('',#11861,.T.);
#11861 = EDGE_LOOP('',(#11862,#11863,#11864,#11865,#11866,#11867));
#11862 = ORIENTED_EDGE('',*,*,#8560,.T.);
#11863 = ORIENTED_EDGE('',*,*,#8680,.T.);
#11864 = ORIENTED_EDGE('',*,*,#8778,.T.);
#11865 = ORIENTED_EDGE('',*,*,#8827,.T.);
#11866 = ORIENTED_EDGE('',*,*,#8729,.T.);
#11867 = ORIENTED_EDGE('',*,*,#8631,.T.);
#11868 = FACE_BOUND('',#11869,.T.);
#11869 = EDGE_LOOP('',(#11870,#11871,#11872,#11873,#11874,#11875));
#11870 = ORIENTED_EDGE('',*,*,#8854,.T.);
#11871 = ORIENTED_EDGE('',*,*,#8974,.T.);
#11872 = ORIENTED_EDGE('',*,*,#9072,.T.);
#11873 = ORIENTED_EDGE('',*,*,#9121,.T.);
#11874 = ORIENTED_EDGE('',*,*,#9023,.T.);
#11875 = ORIENTED_EDGE('',*,*,#8925,.T.);
#11876 = FACE_BOUND('',#11877,.T.);
#11877 = EDGE_LOOP('',(#11878,#11879,#11880,#11881,#11882,#11883));
#11878 = ORIENTED_EDGE('',*,*,#9148,.T.);
#11879 = ORIENTED_EDGE('',*,*,#9268,.T.);
#11880 = ORIENTED_EDGE('',*,*,#9366,.T.);
#11881 = ORIENTED_EDGE('',*,*,#9415,.T.);
#11882 = ORIENTED_EDGE('',*,*,#9317,.T.);
#11883 = ORIENTED_EDGE('',*,*,#9219,.T.);
#11884 = FACE_BOUND('',#11885,.T.);
#11885 = EDGE_LOOP('',(#11886,#11887,#11888,#11889,#11890,#11891));
#11886 = ORIENTED_EDGE('',*,*,#9442,.T.);
#11887 = ORIENTED_EDGE('',*,*,#9709,.T.);
#11888 = ORIENTED_EDGE('',*,*,#9660,.T.);
#11889 = ORIENTED_EDGE('',*,*,#9611,.T.);
#11890 = ORIENTED_EDGE('',*,*,#9562,.T.);
#11891 = ORIENTED_EDGE('',*,*,#9513,.T.);
#11892 = ADVANCED_FACE('',(#11893),#3143,.T.);
#11893 = FACE_BOUND('',#11894,.T.);
#11894 = EDGE_LOOP('',(#11895,#11896,#11897,#11920,#11943,#11964));
#11895 = ORIENTED_EDGE('',*,*,#7221,.F.);
#11896 = ORIENTED_EDGE('',*,*,#3127,.F.);
#11897 = ORIENTED_EDGE('',*,*,#11898,.T.);
#11898 = EDGE_CURVE('',#3128,#11899,#11901,.T.);
#11899 = VERTEX_POINT('',#11900);
#11900 = CARTESIAN_POINT('',(121.,138.41778489984,-62.07968978321));
#11901 = SURFACE_CURVE('',#11902,(#11906,#11913),.PCURVE_S1.);
#11902 = LINE('',#11903,#11904);
#11903 = CARTESIAN_POINT('',(121.,143.36753236814,-67.02943725152));
#11904 = VECTOR('',#11905,1.);
#11905 = DIRECTION('',(0.,-0.707106781187,0.707106781187));
#11906 = PCURVE('',#3143,#11907);
#11907 = DEFINITIONAL_REPRESENTATION('',(#11908),#11912);
#11908 = LINE('',#11909,#11910);
#11909 = CARTESIAN_POINT('',(0.,-14.));
#11910 = VECTOR('',#11911,1.);
#11911 = DIRECTION('',(1.,0.));
#11912 = ( GEOMETRIC_REPRESENTATION_CONTEXT(2) 
PARAMETRIC_REPRESENTATION_CONTEXT() REPRESENTATION_CONTEXT('2D SPACE',''
  ) );
#11913 = PCURVE('',#3171,#11914);
#11914 = DEFINITIONAL_REPRESENTATION('',(#11915),#11919);
#11915 = LINE('',#11916,#11917);
#11916 = CARTESIAN_POINT('',(1.42108547152E-14,-132.));
#11917 = VECTOR('',#11918,1.);
#11918 = DIRECTION('',(1.,0.));
#11919 = ( GEOMETRIC_REPRESENTATION_CONTEXT(2) 
PARAMETRIC_REPRESENTATION_CONTEXT() REPRESENTATION_CONTEXT('2D SPACE',''
  ) );
#11920 = ORIENTED_EDGE('',*,*,#11921,.T.);
#11921 = EDGE_CURVE('',#11899,#11922,#11924,.T.);
#11922 = VERTEX_POINT('',#11923);
#11923 = CARTESIAN_POINT('',(131.,138.41778489984,-62.07968978321));
#11924 = SURFACE_CURVE('',#11925,(#11929,#11936),.PCURVE_S1.);
#11925 = LINE('',#11926,#11927);
#11926 = CARTESIAN_POINT('',(121.,138.41778489984,-62.07968978321));
#11927 = VECTOR('',#11928,1.);
#11928 = DIRECTION('',(1.,0.,0.));
#11929 = PCURVE('',#3143,#11930);
#11930 = DEFINITIONAL_REPRESENTATION('',(#11931),#11935);
#11931 = LINE('',#11932,#11933);
#11932 = CARTESIAN_POINT('',(7.,-14.));
#11933 = VECTOR('',#11934,1.);
#11934 = DIRECTION('',(0.,1.));
#11935 = ( GEOMETRIC_REPRESENTATION_CONTEXT(2) 
PARAMETRIC_REPRESENTATION_CONTEXT() REPRESENTATION_CONTEXT('2D SPACE',''
  ) );
#11936 = PCURVE('',#11774,#11937);
#11937 = DEFINITIONAL_REPRESENTATION('',(#11938),#11942);
#11938 = LINE('',#11939,#11940);
#11939 = CARTESIAN_POINT('',(0.,132.));
#11940 = VECTOR('',#11941,1.);
#11941 = DIRECTION('',(1.,0.));
#11942 = ( GEOMETRIC_REPRESENTATION_CONTEXT(2) 
PARAMETRIC_REPRESENTATION_CONTEXT() REPRESENTATION_CONTEXT('2D SPACE',''
  ) );
#11943 = ORIENTED_EDGE('',*,*,#11944,.T.);
#11944 = EDGE_CURVE('',#11922,#4695,#11945,.T.);
#11945 = SURFACE_CURVE('',#11946,(#11950,#11957),.PCURVE_S1.);
#11946 = LINE('',#11947,#11948);
#11947 = CARTESIAN_POINT('',(131.,138.41778489984,-62.07968978321));
#11948 = VECTOR('',#11949,1.);
#11949 = DIRECTION('',(0.,-0.707106781187,0.707106781187));
#11950 = PCURVE('',#3143,#11951);
#11951 = DEFINITIONAL_REPRESENTATION('',(#11952),#11956);
#11952 = LINE('',#11953,#11954);
#11953 = CARTESIAN_POINT('',(7.,-4.));
#11954 = VECTOR('',#11955,1.);
#11955 = DIRECTION('',(1.,0.));
#11956 = ( GEOMETRIC_REPRESENTATION_CONTEXT(2) 
PARAMETRIC_REPRESENTATION_CONTEXT() REPRESENTATION_CONTEXT('2D SPACE',''
  ) );
#11957 = PCURVE('',#4731,#11958);
#11958 = DEFINITIONAL_REPRESENTATION('',(#11959),#11963);
#11959 = LINE('',#11960,#11961);
#11960 = CARTESIAN_POINT('',(24.,7.105427357601E-15));
#11961 = VECTOR('',#11962,1.);
#11962 = DIRECTION('',(-1.,0.));
#11963 = ( GEOMETRIC_REPRESENTATION_CONTEXT(2) 
PARAMETRIC_REPRESENTATION_CONTEXT() REPRESENTATION_CONTEXT('2D SPACE',''
  ) );
#11964 = ORIENTED_EDGE('',*,*,#4694,.F.);
#11965 = ADVANCED_FACE('',(#11966),#3171,.F.);
#11966 = FACE_BOUND('',#11967,.F.);
#11967 = EDGE_LOOP('',(#11968,#11991,#12019,#12042,#12063,#12064,#12087,
    #12110,#12131,#12132,#12155,#12178,#12199,#12200));
#11968 = ORIENTED_EDGE('',*,*,#11969,.F.);
#11969 = EDGE_CURVE('',#11970,#11899,#11972,.T.);
#11970 = VERTEX_POINT('',#11971);
#11971 = CARTESIAN_POINT('',(121.,115.79036790187,-84.70710678118));
#11972 = SURFACE_CURVE('',#11973,(#11977,#11984),.PCURVE_S1.);
#11973 = LINE('',#11974,#11975);
#11974 = CARTESIAN_POINT('',(121.,45.079689783217,-155.4177848998));
#11975 = VECTOR('',#11976,1.);
#11976 = DIRECTION('',(0.,0.707106781187,0.707106781187));
#11977 = PCURVE('',#3171,#11978);
#11978 = DEFINITIONAL_REPRESENTATION('',(#11979),#11983);
#11979 = LINE('',#11980,#11981);
#11980 = CARTESIAN_POINT('',(7.,1.59872115546E-14));
#11981 = VECTOR('',#11982,1.);
#11982 = DIRECTION('',(0.,-1.));
#11983 = ( GEOMETRIC_REPRESENTATION_CONTEXT(2) 
PARAMETRIC_REPRESENTATION_CONTEXT() REPRESENTATION_CONTEXT('2D SPACE',''
  ) );
#11984 = PCURVE('',#11774,#11985);
#11985 = DEFINITIONAL_REPRESENTATION('',(#11986),#11990);
#11986 = LINE('',#11987,#11988);
#11987 = CARTESIAN_POINT('',(0.,0.));
#11988 = VECTOR('',#11989,1.);
#11989 = DIRECTION('',(0.,1.));
#11990 = ( GEOMETRIC_REPRESENTATION_CONTEXT(2) 
PARAMETRIC_REPRESENTATION_CONTEXT() REPRESENTATION_CONTEXT('2D SPACE',''
  ) );
#11991 = ORIENTED_EDGE('',*,*,#11992,.F.);
#11992 = EDGE_CURVE('',#11993,#11970,#11995,.T.);
#11993 = VERTEX_POINT('',#11994);
#11994 = CARTESIAN_POINT('',(121.,118.61879502661,-87.53553390593));
#11995 = SURFACE_CURVE('',#11996,(#12000,#12007),.PCURVE_S1.);
#11996 = LINE('',#11997,#11998);
#11997 = CARTESIAN_POINT('',(121.,118.61879502661,-87.53553390593));
#11998 = VECTOR('',#11999,1.);
#11999 = DIRECTION('',(0.,-0.707106781187,0.707106781187));
#12000 = PCURVE('',#3171,#12001);
#12001 = DEFINITIONAL_REPRESENTATION('',(#12002),#12006);
#12002 = LINE('',#12003,#12004);
#12003 = CARTESIAN_POINT('',(3.,-100.));
#12004 = VECTOR('',#12005,1.);
#12005 = DIRECTION('',(1.,0.));
#12006 = ( GEOMETRIC_REPRESENTATION_CONTEXT(2) 
PARAMETRIC_REPRESENTATION_CONTEXT() REPRESENTATION_CONTEXT('2D SPACE',''
  ) );
#12007 = PCURVE('',#12008,#12013);
#12008 = PLANE('',#12009);
#12009 = AXIS2_PLACEMENT_3D('',#12010,#12011,#12012);
#12010 = CARTESIAN_POINT('',(121.,118.61879502661,-87.53553390593));
#12011 = DIRECTION('',(0.,0.707106781187,0.707106781187));
#12012 = DIRECTION('',(0.,-0.707106781187,0.707106781187));
#12013 = DEFINITIONAL_REPRESENTATION('',(#12014),#12018);
#12014 = LINE('',#12015,#12016);
#12015 = CARTESIAN_POINT('',(0.,0.));
#12016 = VECTOR('',#12017,1.);
#12017 = DIRECTION('',(1.,0.));
#12018 = ( GEOMETRIC_REPRESENTATION_CONTEXT(2) 
PARAMETRIC_REPRESENTATION_CONTEXT() REPRESENTATION_CONTEXT('2D SPACE',''
  ) );
#12019 = ORIENTED_EDGE('',*,*,#12020,.F.);
#12020 = EDGE_CURVE('',#12021,#11993,#12023,.T.);
#12021 = VERTEX_POINT('',#12022);
#12022 = CARTESIAN_POINT('',(121.,117.48742417672,-88.66690475583));
#12023 = SURFACE_CURVE('',#12024,(#12028,#12035),.PCURVE_S1.);
#12024 = LINE('',#12025,#12026);
#12025 = CARTESIAN_POINT('',(121.,70.535533905933,-135.6187950266));
#12026 = VECTOR('',#12027,1.);
#12027 = DIRECTION('',(0.,0.707106781187,0.707106781187));
#12028 = PCURVE('',#3171,#12029);
#12029 = DEFINITIONAL_REPRESENTATION('',(#12030),#12034);
#12030 = LINE('',#12031,#12032);
#12031 = CARTESIAN_POINT('',(3.,-32.));
#12032 = VECTOR('',#12033,1.);
#12033 = DIRECTION('',(0.,-1.));
#12034 = ( GEOMETRIC_REPRESENTATION_CONTEXT(2) 
PARAMETRIC_REPRESENTATION_CONTEXT() REPRESENTATION_CONTEXT('2D SPACE',''
  ) );
#12035 = PCURVE('',#9776,#12036);
#12036 = DEFINITIONAL_REPRESENTATION('',(#12037),#12041);
#12037 = LINE('',#12038,#12039);
#12038 = CARTESIAN_POINT('',(113.,-76.));
#12039 = VECTOR('',#12040,1.);
#12040 = DIRECTION('',(0.,1.));
#12041 = ( GEOMETRIC_REPRESENTATION_CONTEXT(2) 
PARAMETRIC_REPRESENTATION_CONTEXT() REPRESENTATION_CONTEXT('2D SPACE',''
  ) );
#12042 = ORIENTED_EDGE('',*,*,#12043,.F.);
#12043 = EDGE_CURVE('',#3733,#12021,#12044,.T.);
#12044 = SURFACE_CURVE('',#12045,(#12049,#12056),.PCURVE_S1.);
#12045 = LINE('',#12046,#12047);
#12046 = CARTESIAN_POINT('',(121.,119.60874452027,-90.78822509939));
#12047 = VECTOR('',#12048,1.);
#12048 = DIRECTION('',(0.,-0.707106781187,0.707106781187));
#12049 = PCURVE('',#3171,#12050);
#12050 = DEFINITIONAL_REPRESENTATION('',(#12051),#12055);
#12051 = LINE('',#12052,#12053);
#12052 = CARTESIAN_POINT('',(0.,-98.4));
#12053 = VECTOR('',#12054,1.);
#12054 = DIRECTION('',(1.,0.));
#12055 = ( GEOMETRIC_REPRESENTATION_CONTEXT(2) 
PARAMETRIC_REPRESENTATION_CONTEXT() REPRESENTATION_CONTEXT('2D SPACE',''
  ) );
#12056 = PCURVE('',#3771,#12057);
#12057 = DEFINITIONAL_REPRESENTATION('',(#12058),#12062);
#12058 = LINE('',#12059,#12060);
#12059 = CARTESIAN_POINT('',(0.,113.));
#12060 = VECTOR('',#12061,1.);
#12061 = DIRECTION('',(1.,0.));
#12062 = ( GEOMETRIC_REPRESENTATION_CONTEXT(2) 
PARAMETRIC_REPRESENTATION_CONTEXT() REPRESENTATION_CONTEXT('2D SPACE',''
  ) );
#12063 = ORIENTED_EDGE('',*,*,#3732,.T.);
#12064 = ORIENTED_EDGE('',*,*,#12065,.T.);
#12065 = EDGE_CURVE('',#3705,#12066,#12068,.T.);
#12066 = VERTEX_POINT('',#12067);
#12067 = CARTESIAN_POINT('',(121.,124.27564927611,-81.87867965644));
#12068 = SURFACE_CURVE('',#12069,(#12073,#12080),.PCURVE_S1.);
#12069 = LINE('',#12070,#12071);
#12070 = CARTESIAN_POINT('',(121.,126.39696961967,-84.));
#12071 = VECTOR('',#12072,1.);
#12072 = DIRECTION('',(0.,-0.707106781187,0.707106781187));
#12073 = PCURVE('',#3171,#12074);
#12074 = DEFINITIONAL_REPRESENTATION('',(#12075),#12079);
#12075 = LINE('',#12076,#12077);
#12076 = CARTESIAN_POINT('',(1.42108547152E-14,-108.));
#12077 = VECTOR('',#12078,1.);
#12078 = DIRECTION('',(1.,0.));
#12079 = ( GEOMETRIC_REPRESENTATION_CONTEXT(2) 
PARAMETRIC_REPRESENTATION_CONTEXT() REPRESENTATION_CONTEXT('2D SPACE',''
  ) );
#12080 = PCURVE('',#3720,#12081);
#12081 = DEFINITIONAL_REPRESENTATION('',(#12082),#12086);
#12082 = LINE('',#12083,#12084);
#12083 = CARTESIAN_POINT('',(0.,113.));
#12084 = VECTOR('',#12085,1.);
#12085 = DIRECTION('',(1.,0.));
#12086 = ( GEOMETRIC_REPRESENTATION_CONTEXT(2) 
PARAMETRIC_REPRESENTATION_CONTEXT() REPRESENTATION_CONTEXT('2D SPACE',''
  ) );
#12087 = ORIENTED_EDGE('',*,*,#12088,.F.);
#12088 = EDGE_CURVE('',#12089,#12066,#12091,.T.);
#12089 = VERTEX_POINT('',#12090);
#12090 = CARTESIAN_POINT('',(121.,125.97270555095,-80.18162338159));
#12091 = SURFACE_CURVE('',#12092,(#12096,#12103),.PCURVE_S1.);
#12092 = LINE('',#12093,#12094);
#12093 = CARTESIAN_POINT('',(121.,86.091883092037,-120.0624458405));
#12094 = VECTOR('',#12095,1.);
#12095 = DIRECTION('',(0.,-0.707106781187,-0.707106781187));
#12096 = PCURVE('',#3171,#12097);
#12097 = DEFINITIONAL_REPRESENTATION('',(#12098),#12102);
#12098 = LINE('',#12099,#12100);
#12099 = CARTESIAN_POINT('',(3.,-54.));
#12100 = VECTOR('',#12101,1.);
#12101 = DIRECTION('',(0.,1.));
#12102 = ( GEOMETRIC_REPRESENTATION_CONTEXT(2) 
PARAMETRIC_REPRESENTATION_CONTEXT() REPRESENTATION_CONTEXT('2D SPACE',''
  ) );
#12103 = PCURVE('',#9776,#12104);
#12104 = DEFINITIONAL_REPRESENTATION('',(#12105),#12109);
#12105 = LINE('',#12106,#12107);
#12106 = CARTESIAN_POINT('',(113.,-54.));
#12107 = VECTOR('',#12108,1.);
#12108 = DIRECTION('',(0.,-1.));
#12109 = ( GEOMETRIC_REPRESENTATION_CONTEXT(2) 
PARAMETRIC_REPRESENTATION_CONTEXT() REPRESENTATION_CONTEXT('2D SPACE',''
  ) );
#12110 = ORIENTED_EDGE('',*,*,#12111,.F.);
#12111 = EDGE_CURVE('',#3480,#12089,#12112,.T.);
#12112 = SURFACE_CURVE('',#12113,(#12117,#12124),.PCURVE_S1.);
#12113 = LINE('',#12114,#12115);
#12114 = CARTESIAN_POINT('',(121.,128.09402589451,-82.30294372515));
#12115 = VECTOR('',#12116,1.);
#12116 = DIRECTION('',(0.,-0.707106781187,0.707106781187));
#12117 = PCURVE('',#3171,#12118);
#12118 = DEFINITIONAL_REPRESENTATION('',(#12119),#12123);
#12119 = LINE('',#12120,#12121);
#12120 = CARTESIAN_POINT('',(7.105427357601E-15,-110.4));
#12121 = VECTOR('',#12122,1.);
#12122 = DIRECTION('',(1.,0.));
#12123 = ( GEOMETRIC_REPRESENTATION_CONTEXT(2) 
PARAMETRIC_REPRESENTATION_CONTEXT() REPRESENTATION_CONTEXT('2D SPACE',''
  ) );
#12124 = PCURVE('',#3520,#12125);
#12125 = DEFINITIONAL_REPRESENTATION('',(#12126),#12130);
#12126 = LINE('',#12127,#12128);
#12127 = CARTESIAN_POINT('',(0.,113.));
#12128 = VECTOR('',#12129,1.);
#12129 = DIRECTION('',(1.,0.));
#12130 = ( GEOMETRIC_REPRESENTATION_CONTEXT(2) 
PARAMETRIC_REPRESENTATION_CONTEXT() REPRESENTATION_CONTEXT('2D SPACE',''
  ) );
#12131 = ORIENTED_EDGE('',*,*,#3479,.T.);
#12132 = ORIENTED_EDGE('',*,*,#12133,.T.);
#12133 = EDGE_CURVE('',#3482,#12134,#12136,.T.);
#12134 = VERTEX_POINT('',#12135);
#12135 = CARTESIAN_POINT('',(121.,132.76093065034,-73.3933982822));
#12136 = SURFACE_CURVE('',#12137,(#12141,#12148),.PCURVE_S1.);
#12137 = LINE('',#12138,#12139);
#12138 = CARTESIAN_POINT('',(121.,134.8822509939,-75.51471862576));
#12139 = VECTOR('',#12140,1.);
#12140 = DIRECTION('',(0.,-0.707106781187,0.707106781187));
#12141 = PCURVE('',#3171,#12142);
#12142 = DEFINITIONAL_REPRESENTATION('',(#12143),#12147);
#12143 = LINE('',#12144,#12145);
#12144 = CARTESIAN_POINT('',(-7.105427357601E-15,-120.));
#12145 = VECTOR('',#12146,1.);
#12146 = DIRECTION('',(1.,0.));
#12147 = ( GEOMETRIC_REPRESENTATION_CONTEXT(2) 
PARAMETRIC_REPRESENTATION_CONTEXT() REPRESENTATION_CONTEXT('2D SPACE',''
  ) );
#12148 = PCURVE('',#3574,#12149);
#12149 = DEFINITIONAL_REPRESENTATION('',(#12150),#12154);
#12150 = LINE('',#12151,#12152);
#12151 = CARTESIAN_POINT('',(0.,113.));
#12152 = VECTOR('',#12153,1.);
#12153 = DIRECTION('',(1.,0.));
#12154 = ( GEOMETRIC_REPRESENTATION_CONTEXT(2) 
PARAMETRIC_REPRESENTATION_CONTEXT() REPRESENTATION_CONTEXT('2D SPACE',''
  ) );
#12155 = ORIENTED_EDGE('',*,*,#12156,.F.);
#12156 = EDGE_CURVE('',#12157,#12134,#12159,.T.);
#12157 = VERTEX_POINT('',#12158);
#12158 = CARTESIAN_POINT('',(121.,134.45798692519,-71.69634200735));
#12159 = SURFACE_CURVE('',#12160,(#12164,#12171),.PCURVE_S1.);
#12160 = LINE('',#12161,#12162);
#12161 = CARTESIAN_POINT('',(121.,90.334523779156,-115.8198051533));
#12162 = VECTOR('',#12163,1.);
#12163 = DIRECTION('',(0.,-0.707106781187,-0.707106781187));
#12164 = PCURVE('',#3171,#12165);
#12165 = DEFINITIONAL_REPRESENTATION('',(#12166),#12170);
#12166 = LINE('',#12167,#12168);
#12167 = CARTESIAN_POINT('',(3.,-60.));
#12168 = VECTOR('',#12169,1.);
#12169 = DIRECTION('',(0.,1.));
#12170 = ( GEOMETRIC_REPRESENTATION_CONTEXT(2) 
PARAMETRIC_REPRESENTATION_CONTEXT() REPRESENTATION_CONTEXT('2D SPACE',''
  ) );
#12171 = PCURVE('',#9776,#12172);
#12172 = DEFINITIONAL_REPRESENTATION('',(#12173),#12177);
#12173 = LINE('',#12174,#12175);
#12174 = CARTESIAN_POINT('',(113.,-48.));
#12175 = VECTOR('',#12176,1.);
#12176 = DIRECTION('',(0.,-1.));
#12177 = ( GEOMETRIC_REPRESENTATION_CONTEXT(2) 
PARAMETRIC_REPRESENTATION_CONTEXT() REPRESENTATION_CONTEXT('2D SPACE',''
  ) );
#12178 = ORIENTED_EDGE('',*,*,#12179,.F.);
#12179 = EDGE_CURVE('',#3156,#12157,#12180,.T.);
#12180 = SURFACE_CURVE('',#12181,(#12185,#12192),.PCURVE_S1.);
#12181 = LINE('',#12182,#12183);
#12182 = CARTESIAN_POINT('',(121.,136.57930726875,-73.81766235091));
#12183 = VECTOR('',#12184,1.);
#12184 = DIRECTION('',(0.,-0.707106781187,0.707106781187));
#12185 = PCURVE('',#3171,#12186);
#12186 = DEFINITIONAL_REPRESENTATION('',(#12187),#12191);
#12187 = LINE('',#12188,#12189);
#12188 = CARTESIAN_POINT('',(0.,-122.4));
#12189 = VECTOR('',#12190,1.);
#12190 = DIRECTION('',(1.,0.));
#12191 = ( GEOMETRIC_REPRESENTATION_CONTEXT(2) 
PARAMETRIC_REPRESENTATION_CONTEXT() REPRESENTATION_CONTEXT('2D SPACE',''
  ) );
#12192 = PCURVE('',#3199,#12193);
#12193 = DEFINITIONAL_REPRESENTATION('',(#12194),#12198);
#12194 = LINE('',#12195,#12196);
#12195 = CARTESIAN_POINT('',(0.,113.));
#12196 = VECTOR('',#12197,1.);
#12197 = DIRECTION('',(1.,0.));
#12198 = ( GEOMETRIC_REPRESENTATION_CONTEXT(2) 
PARAMETRIC_REPRESENTATION_CONTEXT() REPRESENTATION_CONTEXT('2D SPACE',''
  ) );
#12199 = ORIENTED_EDGE('',*,*,#3155,.T.);
#12200 = ORIENTED_EDGE('',*,*,#11898,.T.);
#12201 = ADVANCED_FACE('',(#12202),#3199,.T.);
#12202 = FACE_BOUND('',#12203,.T.);
#12203 = EDGE_LOOP('',(#12204,#12205,#12228,#12249));
#12204 = ORIENTED_EDGE('',*,*,#3183,.F.);
#12205 = ORIENTED_EDGE('',*,*,#12206,.F.);
#12206 = EDGE_CURVE('',#12207,#3184,#12209,.T.);
#12207 = VERTEX_POINT('',#12208);
#12208 = CARTESIAN_POINT('',(71.4,134.45798692519,-71.69634200735));
#12209 = SURFACE_CURVE('',#12210,(#12214,#12221),.PCURVE_S1.);
#12210 = LINE('',#12211,#12212);
#12211 = CARTESIAN_POINT('',(71.4,136.57930726875,-73.81766235091));
#12212 = VECTOR('',#12213,1.);
#12213 = DIRECTION('',(0.,0.707106781187,-0.707106781187));
#12214 = PCURVE('',#3199,#12215);
#12215 = DEFINITIONAL_REPRESENTATION('',(#12216),#12220);
#12216 = LINE('',#12217,#12218);
#12217 = CARTESIAN_POINT('',(0.,63.4));
#12218 = VECTOR('',#12219,1.);
#12219 = DIRECTION('',(-1.,0.));
#12220 = ( GEOMETRIC_REPRESENTATION_CONTEXT(2) 
PARAMETRIC_REPRESENTATION_CONTEXT() REPRESENTATION_CONTEXT('2D SPACE',''
  ) );
#12221 = PCURVE('',#3227,#12222);
#12222 = DEFINITIONAL_REPRESENTATION('',(#12223),#12227);
#12223 = LINE('',#12224,#12225);
#12224 = CARTESIAN_POINT('',(0.,-122.4));
#12225 = VECTOR('',#12226,1.);
#12226 = DIRECTION('',(-1.,0.));
#12227 = ( GEOMETRIC_REPRESENTATION_CONTEXT(2) 
PARAMETRIC_REPRESENTATION_CONTEXT() REPRESENTATION_CONTEXT('2D SPACE',''
  ) );
#12228 = ORIENTED_EDGE('',*,*,#12229,.T.);
#12229 = EDGE_CURVE('',#12207,#12157,#12230,.T.);
#12230 = SURFACE_CURVE('',#12231,(#12235,#12242),.PCURVE_S1.);
#12231 = LINE('',#12232,#12233);
#12232 = CARTESIAN_POINT('',(8.,134.45798692519,-71.69634200735));
#12233 = VECTOR('',#12234,1.);
#12234 = DIRECTION('',(1.,0.,0.));
#12235 = PCURVE('',#3199,#12236);
#12236 = DEFINITIONAL_REPRESENTATION('',(#12237),#12241);
#12237 = LINE('',#12238,#12239);
#12238 = CARTESIAN_POINT('',(3.,0.));
#12239 = VECTOR('',#12240,1.);
#12240 = DIRECTION('',(0.,1.));
#12241 = ( GEOMETRIC_REPRESENTATION_CONTEXT(2) 
PARAMETRIC_REPRESENTATION_CONTEXT() REPRESENTATION_CONTEXT('2D SPACE',''
  ) );
#12242 = PCURVE('',#9776,#12243);
#12243 = DEFINITIONAL_REPRESENTATION('',(#12244),#12248);
#12244 = LINE('',#12245,#12246);
#12245 = CARTESIAN_POINT('',(0.,14.4));
#12246 = VECTOR('',#12247,1.);
#12247 = DIRECTION('',(1.,0.));
#12248 = ( GEOMETRIC_REPRESENTATION_CONTEXT(2) 
PARAMETRIC_REPRESENTATION_CONTEXT() REPRESENTATION_CONTEXT('2D SPACE',''
  ) );
#12249 = ORIENTED_EDGE('',*,*,#12179,.F.);
#12250 = ADVANCED_FACE('',(#12251),#3227,.T.);
#12251 = FACE_BOUND('',#12252,.T.);
#12252 = EDGE_LOOP('',(#12253,#12276,#12277,#12278));
#12253 = ORIENTED_EDGE('',*,*,#12254,.F.);
#12254 = EDGE_CURVE('',#12207,#12255,#12257,.T.);
#12255 = VERTEX_POINT('',#12256);
#12256 = CARTESIAN_POINT('',(71.4,141.24621202458,-64.90811690796));
#12257 = SURFACE_CURVE('',#12258,(#12262,#12269),.PCURVE_S1.);
#12258 = LINE('',#12259,#12260);
#12259 = CARTESIAN_POINT('',(71.4,47.908116907963,-158.2462120245));
#12260 = VECTOR('',#12261,1.);
#12261 = DIRECTION('',(0.,0.707106781187,0.707106781187));
#12262 = PCURVE('',#3227,#12263);
#12263 = DEFINITIONAL_REPRESENTATION('',(#12264),#12268);
#12264 = LINE('',#12265,#12266);
#12265 = CARTESIAN_POINT('',(3.,5.329070518201E-15));
#12266 = VECTOR('',#12267,1.);
#12267 = DIRECTION('',(0.,-1.));
#12268 = ( GEOMETRIC_REPRESENTATION_CONTEXT(2) 
PARAMETRIC_REPRESENTATION_CONTEXT() REPRESENTATION_CONTEXT('2D SPACE',''
  ) );
#12269 = PCURVE('',#9776,#12270);
#12270 = DEFINITIONAL_REPRESENTATION('',(#12271),#12275);
#12271 = LINE('',#12272,#12273);
#12272 = CARTESIAN_POINT('',(63.4,-108.));
#12273 = VECTOR('',#12274,1.);
#12274 = DIRECTION('',(0.,1.));
#12275 = ( GEOMETRIC_REPRESENTATION_CONTEXT(2) 
PARAMETRIC_REPRESENTATION_CONTEXT() REPRESENTATION_CONTEXT('2D SPACE',''
  ) );
#12276 = ORIENTED_EDGE('',*,*,#12206,.T.);
#12277 = ORIENTED_EDGE('',*,*,#3211,.T.);
#12278 = ORIENTED_EDGE('',*,*,#12279,.T.);
#12279 = EDGE_CURVE('',#3212,#12255,#12280,.T.);
#12280 = SURFACE_CURVE('',#12281,(#12285,#12292),.PCURVE_S1.);
#12281 = LINE('',#12282,#12283);
#12282 = CARTESIAN_POINT('',(71.4,143.36753236814,-67.02943725152));
#12283 = VECTOR('',#12284,1.);
#12284 = DIRECTION('',(0.,-0.707106781187,0.707106781187));
#12285 = PCURVE('',#3227,#12286);
#12286 = DEFINITIONAL_REPRESENTATION('',(#12287),#12291);
#12287 = LINE('',#12288,#12289);
#12288 = CARTESIAN_POINT('',(1.42108547152E-14,-132.));
#12289 = VECTOR('',#12290,1.);
#12290 = DIRECTION('',(1.,0.));
#12291 = ( GEOMETRIC_REPRESENTATION_CONTEXT(2) 
PARAMETRIC_REPRESENTATION_CONTEXT() REPRESENTATION_CONTEXT('2D SPACE',''
  ) );
#12292 = PCURVE('',#3255,#12293);
#12293 = DEFINITIONAL_REPRESENTATION('',(#12294),#12298);
#12294 = LINE('',#12295,#12296);
#12295 = CARTESIAN_POINT('',(0.,2.4));
#12296 = VECTOR('',#12297,1.);
#12297 = DIRECTION('',(1.,0.));
#12298 = ( GEOMETRIC_REPRESENTATION_CONTEXT(2) 
PARAMETRIC_REPRESENTATION_CONTEXT() REPRESENTATION_CONTEXT('2D SPACE',''
  ) );
#12299 = ADVANCED_FACE('',(#12300),#3255,.T.);
#12300 = FACE_BOUND('',#12301,.T.);
#12301 = EDGE_LOOP('',(#12302,#12303,#12326,#12347));
#12302 = ORIENTED_EDGE('',*,*,#3239,.F.);
#12303 = ORIENTED_EDGE('',*,*,#12304,.T.);
#12304 = EDGE_CURVE('',#3240,#12305,#12307,.T.);
#12305 = VERTEX_POINT('',#12306);
#12306 = CARTESIAN_POINT('',(69.,141.24621202458,-64.90811690796));
#12307 = SURFACE_CURVE('',#12308,(#12312,#12319),.PCURVE_S1.);
#12308 = LINE('',#12309,#12310);
#12309 = CARTESIAN_POINT('',(69.,143.36753236814,-67.02943725152));
#12310 = VECTOR('',#12311,1.);
#12311 = DIRECTION('',(0.,-0.707106781187,0.707106781187));
#12312 = PCURVE('',#3255,#12313);
#12313 = DEFINITIONAL_REPRESENTATION('',(#12314),#12318);
#12314 = LINE('',#12315,#12316);
#12315 = CARTESIAN_POINT('',(0.,0.));
#12316 = VECTOR('',#12317,1.);
#12317 = DIRECTION('',(1.,0.));
#12318 = ( GEOMETRIC_REPRESENTATION_CONTEXT(2) 
PARAMETRIC_REPRESENTATION_CONTEXT() REPRESENTATION_CONTEXT('2D SPACE',''
  ) );
#12319 = PCURVE('',#3283,#12320);
#12320 = DEFINITIONAL_REPRESENTATION('',(#12321),#12325);
#12321 = LINE('',#12322,#12323);
#12322 = CARTESIAN_POINT('',(1.42108547152E-14,-132.));
#12323 = VECTOR('',#12324,1.);
#12324 = DIRECTION('',(1.,0.));
#12325 = ( GEOMETRIC_REPRESENTATION_CONTEXT(2) 
PARAMETRIC_REPRESENTATION_CONTEXT() REPRESENTATION_CONTEXT('2D SPACE',''
  ) );
#12326 = ORIENTED_EDGE('',*,*,#12327,.T.);
#12327 = EDGE_CURVE('',#12305,#12255,#12328,.T.);
#12328 = SURFACE_CURVE('',#12329,(#12333,#12340),.PCURVE_S1.);
#12329 = LINE('',#12330,#12331);
#12330 = CARTESIAN_POINT('',(69.,141.24621202458,-64.90811690796));
#12331 = VECTOR('',#12332,1.);
#12332 = DIRECTION('',(1.,0.,0.));
#12333 = PCURVE('',#3255,#12334);
#12334 = DEFINITIONAL_REPRESENTATION('',(#12335),#12339);
#12335 = LINE('',#12336,#12337);
#12336 = CARTESIAN_POINT('',(3.,0.));
#12337 = VECTOR('',#12338,1.);
#12338 = DIRECTION('',(0.,1.));
#12339 = ( GEOMETRIC_REPRESENTATION_CONTEXT(2) 
PARAMETRIC_REPRESENTATION_CONTEXT() REPRESENTATION_CONTEXT('2D SPACE',''
  ) );
#12340 = PCURVE('',#9776,#12341);
#12341 = DEFINITIONAL_REPRESENTATION('',(#12342),#12346);
#12342 = LINE('',#12343,#12344);
#12343 = CARTESIAN_POINT('',(61.,24.));
#12344 = VECTOR('',#12345,1.);
#12345 = DIRECTION('',(1.,0.));
#12346 = ( GEOMETRIC_REPRESENTATION_CONTEXT(2) 
PARAMETRIC_REPRESENTATION_CONTEXT() REPRESENTATION_CONTEXT('2D SPACE',''
  ) );
#12347 = ORIENTED_EDGE('',*,*,#12279,.F.);
#12348 = ADVANCED_FACE('',(#12349),#3283,.F.);
#12349 = FACE_BOUND('',#12350,.F.);
#12350 = EDGE_LOOP('',(#12351,#12374,#12395,#12396));
#12351 = ORIENTED_EDGE('',*,*,#12352,.F.);
#12352 = EDGE_CURVE('',#12353,#12305,#12355,.T.);
#12353 = VERTEX_POINT('',#12354);
#12354 = CARTESIAN_POINT('',(69.,134.45798692519,-71.69634200735));
#12355 = SURFACE_CURVE('',#12356,(#12360,#12367),.PCURVE_S1.);
#12356 = LINE('',#12357,#12358);
#12357 = CARTESIAN_POINT('',(69.,47.908116907963,-158.2462120245));
#12358 = VECTOR('',#12359,1.);
#12359 = DIRECTION('',(0.,0.707106781187,0.707106781187));
#12360 = PCURVE('',#3283,#12361);
#12361 = DEFINITIONAL_REPRESENTATION('',(#12362),#12366);
#12362 = LINE('',#12363,#12364);
#12363 = CARTESIAN_POINT('',(3.,5.329070518201E-15));
#12364 = VECTOR('',#12365,1.);
#12365 = DIRECTION('',(0.,-1.));
#12366 = ( GEOMETRIC_REPRESENTATION_CONTEXT(2) 
PARAMETRIC_REPRESENTATION_CONTEXT() REPRESENTATION_CONTEXT('2D SPACE',''
  ) );
#12367 = PCURVE('',#9776,#12368);
#12368 = DEFINITIONAL_REPRESENTATION('',(#12369),#12373);
#12369 = LINE('',#12370,#12371);
#12370 = CARTESIAN_POINT('',(61.,-108.));
#12371 = VECTOR('',#12372,1.);
#12372 = DIRECTION('',(0.,1.));
#12373 = ( GEOMETRIC_REPRESENTATION_CONTEXT(2) 
PARAMETRIC_REPRESENTATION_CONTEXT() REPRESENTATION_CONTEXT('2D SPACE',''
  ) );
#12374 = ORIENTED_EDGE('',*,*,#12375,.T.);
#12375 = EDGE_CURVE('',#12353,#3268,#12376,.T.);
#12376 = SURFACE_CURVE('',#12377,(#12381,#12388),.PCURVE_S1.);
#12377 = LINE('',#12378,#12379);
#12378 = CARTESIAN_POINT('',(69.,136.57930726875,-73.81766235091));
#12379 = VECTOR('',#12380,1.);
#12380 = DIRECTION('',(0.,0.707106781187,-0.707106781187));
#12381 = PCURVE('',#3283,#12382);
#12382 = DEFINITIONAL_REPRESENTATION('',(#12383),#12387);
#12383 = LINE('',#12384,#12385);
#12384 = CARTESIAN_POINT('',(0.,-122.4));
#12385 = VECTOR('',#12386,1.);
#12386 = DIRECTION('',(-1.,0.));
#12387 = ( GEOMETRIC_REPRESENTATION_CONTEXT(2) 
PARAMETRIC_REPRESENTATION_CONTEXT() REPRESENTATION_CONTEXT('2D SPACE',''
  ) );
#12388 = PCURVE('',#3311,#12389);
#12389 = DEFINITIONAL_REPRESENTATION('',(#12390),#12394);
#12390 = LINE('',#12391,#12392);
#12391 = CARTESIAN_POINT('',(0.,61.));
#12392 = VECTOR('',#12393,1.);
#12393 = DIRECTION('',(-1.,0.));
#12394 = ( GEOMETRIC_REPRESENTATION_CONTEXT(2) 
PARAMETRIC_REPRESENTATION_CONTEXT() REPRESENTATION_CONTEXT('2D SPACE',''
  ) );
#12395 = ORIENTED_EDGE('',*,*,#3267,.T.);
#12396 = ORIENTED_EDGE('',*,*,#12304,.T.);
#12397 = ADVANCED_FACE('',(#12398),#3311,.T.);
#12398 = FACE_BOUND('',#12399,.T.);
#12399 = EDGE_LOOP('',(#12400,#12401,#12402,#12423));
#12400 = ORIENTED_EDGE('',*,*,#3295,.F.);
#12401 = ORIENTED_EDGE('',*,*,#10076,.T.);
#12402 = ORIENTED_EDGE('',*,*,#12403,.T.);
#12403 = EDGE_CURVE('',#10054,#12353,#12404,.T.);
#12404 = SURFACE_CURVE('',#12405,(#12409,#12416),.PCURVE_S1.);
#12405 = LINE('',#12406,#12407);
#12406 = CARTESIAN_POINT('',(8.,134.45798692519,-71.69634200735));
#12407 = VECTOR('',#12408,1.);
#12408 = DIRECTION('',(1.,0.,0.));
#12409 = PCURVE('',#3311,#12410);
#12410 = DEFINITIONAL_REPRESENTATION('',(#12411),#12415);
#12411 = LINE('',#12412,#12413);
#12412 = CARTESIAN_POINT('',(3.,0.));
#12413 = VECTOR('',#12414,1.);
#12414 = DIRECTION('',(0.,1.));
#12415 = ( GEOMETRIC_REPRESENTATION_CONTEXT(2) 
PARAMETRIC_REPRESENTATION_CONTEXT() REPRESENTATION_CONTEXT('2D SPACE',''
  ) );
#12416 = PCURVE('',#9776,#12417);
#12417 = DEFINITIONAL_REPRESENTATION('',(#12418),#12422);
#12418 = LINE('',#12419,#12420);
#12419 = CARTESIAN_POINT('',(0.,14.4));
#12420 = VECTOR('',#12421,1.);
#12421 = DIRECTION('',(1.,0.));
#12422 = ( GEOMETRIC_REPRESENTATION_CONTEXT(2) 
PARAMETRIC_REPRESENTATION_CONTEXT() REPRESENTATION_CONTEXT('2D SPACE',''
  ) );
#12423 = ORIENTED_EDGE('',*,*,#12375,.T.);
#12424 = ADVANCED_FACE('',(#12425),#3388,.F.);
#12425 = FACE_BOUND('',#12426,.F.);
#12426 = EDGE_LOOP('',(#12427,#12428,#12429,#12452));
#12427 = ORIENTED_EDGE('',*,*,#3370,.F.);
#12428 = ORIENTED_EDGE('',*,*,#10030,.T.);
#12429 = ORIENTED_EDGE('',*,*,#12430,.T.);
#12430 = EDGE_CURVE('',#10031,#12431,#12433,.T.);
#12431 = VERTEX_POINT('',#12432);
#12432 = CARTESIAN_POINT('',(69.,132.76093065034,-73.3933982822));
#12433 = SURFACE_CURVE('',#12434,(#12438,#12445),.PCURVE_S1.);
#12434 = LINE('',#12435,#12436);
#12435 = CARTESIAN_POINT('',(8.,132.76093065034,-73.3933982822));
#12436 = VECTOR('',#12437,1.);
#12437 = DIRECTION('',(1.,0.,0.));
#12438 = PCURVE('',#3388,#12439);
#12439 = DEFINITIONAL_REPRESENTATION('',(#12440),#12444);
#12440 = LINE('',#12441,#12442);
#12441 = CARTESIAN_POINT('',(3.,0.));
#12442 = VECTOR('',#12443,1.);
#12443 = DIRECTION('',(0.,1.));
#12444 = ( GEOMETRIC_REPRESENTATION_CONTEXT(2) 
PARAMETRIC_REPRESENTATION_CONTEXT() REPRESENTATION_CONTEXT('2D SPACE',''
  ) );
#12445 = PCURVE('',#9776,#12446);
#12446 = DEFINITIONAL_REPRESENTATION('',(#12447),#12451);
#12447 = LINE('',#12448,#12449);
#12448 = CARTESIAN_POINT('',(0.,12.));
#12449 = VECTOR('',#12450,1.);
#12450 = DIRECTION('',(1.,0.));
#12451 = ( GEOMETRIC_REPRESENTATION_CONTEXT(2) 
PARAMETRIC_REPRESENTATION_CONTEXT() REPRESENTATION_CONTEXT('2D SPACE',''
  ) );
#12452 = ORIENTED_EDGE('',*,*,#12453,.T.);
#12453 = EDGE_CURVE('',#12431,#3373,#12454,.T.);
#12454 = SURFACE_CURVE('',#12455,(#12459,#12466),.PCURVE_S1.);
#12455 = LINE('',#12456,#12457);
#12456 = CARTESIAN_POINT('',(69.,134.8822509939,-75.51471862576));
#12457 = VECTOR('',#12458,1.);
#12458 = DIRECTION('',(0.,0.707106781187,-0.707106781187));
#12459 = PCURVE('',#3388,#12460);
#12460 = DEFINITIONAL_REPRESENTATION('',(#12461),#12465);
#12461 = LINE('',#12462,#12463);
#12462 = CARTESIAN_POINT('',(0.,61.));
#12463 = VECTOR('',#12464,1.);
#12464 = DIRECTION('',(-1.,0.));
#12465 = ( GEOMETRIC_REPRESENTATION_CONTEXT(2) 
PARAMETRIC_REPRESENTATION_CONTEXT() REPRESENTATION_CONTEXT('2D SPACE',''
  ) );
#12466 = PCURVE('',#3416,#12467);
#12467 = DEFINITIONAL_REPRESENTATION('',(#12468),#12472);
#12468 = LINE('',#12469,#12470);
#12469 = CARTESIAN_POINT('',(-7.105427357601E-15,-120.));
#12470 = VECTOR('',#12471,1.);
#12471 = DIRECTION('',(-1.,0.));
#12472 = ( GEOMETRIC_REPRESENTATION_CONTEXT(2) 
PARAMETRIC_REPRESENTATION_CONTEXT() REPRESENTATION_CONTEXT('2D SPACE',''
  ) );
#12473 = ADVANCED_FACE('',(#12474),#3416,.F.);
#12474 = FACE_BOUND('',#12475,.F.);
#12475 = EDGE_LOOP('',(#12476,#12499,#12520,#12521));
#12476 = ORIENTED_EDGE('',*,*,#12477,.F.);
#12477 = EDGE_CURVE('',#12478,#12431,#12480,.T.);
#12478 = VERTEX_POINT('',#12479);
#12479 = CARTESIAN_POINT('',(69.,125.97270555095,-80.18162338159));
#12480 = SURFACE_CURVE('',#12481,(#12485,#12492),.PCURVE_S1.);
#12481 = LINE('',#12482,#12483);
#12482 = CARTESIAN_POINT('',(69.,47.908116907963,-158.2462120245));
#12483 = VECTOR('',#12484,1.);
#12484 = DIRECTION('',(0.,0.707106781187,0.707106781187));
#12485 = PCURVE('',#3416,#12486);
#12486 = DEFINITIONAL_REPRESENTATION('',(#12487),#12491);
#12487 = LINE('',#12488,#12489);
#12488 = CARTESIAN_POINT('',(3.,5.329070518201E-15));
#12489 = VECTOR('',#12490,1.);
#12490 = DIRECTION('',(0.,-1.));
#12491 = ( GEOMETRIC_REPRESENTATION_CONTEXT(2) 
PARAMETRIC_REPRESENTATION_CONTEXT() REPRESENTATION_CONTEXT('2D SPACE',''
  ) );
#12492 = PCURVE('',#9776,#12493);
#12493 = DEFINITIONAL_REPRESENTATION('',(#12494),#12498);
#12494 = LINE('',#12495,#12496);
#12495 = CARTESIAN_POINT('',(61.,-108.));
#12496 = VECTOR('',#12497,1.);
#12497 = DIRECTION('',(0.,1.));
#12498 = ( GEOMETRIC_REPRESENTATION_CONTEXT(2) 
PARAMETRIC_REPRESENTATION_CONTEXT() REPRESENTATION_CONTEXT('2D SPACE',''
  ) );
#12499 = ORIENTED_EDGE('',*,*,#12500,.T.);
#12500 = EDGE_CURVE('',#12478,#3401,#12501,.T.);
#12501 = SURFACE_CURVE('',#12502,(#12506,#12513),.PCURVE_S1.);
#12502 = LINE('',#12503,#12504);
#12503 = CARTESIAN_POINT('',(69.,128.09402589451,-82.30294372515));
#12504 = VECTOR('',#12505,1.);
#12505 = DIRECTION('',(0.,0.707106781187,-0.707106781187));
#12506 = PCURVE('',#3416,#12507);
#12507 = DEFINITIONAL_REPRESENTATION('',(#12508),#12512);
#12508 = LINE('',#12509,#12510);
#12509 = CARTESIAN_POINT('',(7.105427357601E-15,-110.4));
#12510 = VECTOR('',#12511,1.);
#12511 = DIRECTION('',(-1.,0.));
#12512 = ( GEOMETRIC_REPRESENTATION_CONTEXT(2) 
PARAMETRIC_REPRESENTATION_CONTEXT() REPRESENTATION_CONTEXT('2D SPACE',''
  ) );
#12513 = PCURVE('',#3444,#12514);
#12514 = DEFINITIONAL_REPRESENTATION('',(#12515),#12519);
#12515 = LINE('',#12516,#12517);
#12516 = CARTESIAN_POINT('',(0.,61.));
#12517 = VECTOR('',#12518,1.);
#12518 = DIRECTION('',(-1.,0.));
#12519 = ( GEOMETRIC_REPRESENTATION_CONTEXT(2) 
PARAMETRIC_REPRESENTATION_CONTEXT() REPRESENTATION_CONTEXT('2D SPACE',''
  ) );
#12520 = ORIENTED_EDGE('',*,*,#3400,.T.);
#12521 = ORIENTED_EDGE('',*,*,#12453,.F.);
#12522 = ADVANCED_FACE('',(#12523),#3444,.T.);
#12523 = FACE_BOUND('',#12524,.T.);
#12524 = EDGE_LOOP('',(#12525,#12526,#12527,#12548));
#12525 = ORIENTED_EDGE('',*,*,#3428,.F.);
#12526 = ORIENTED_EDGE('',*,*,#10008,.T.);
#12527 = ORIENTED_EDGE('',*,*,#12528,.T.);
#12528 = EDGE_CURVE('',#9986,#12478,#12529,.T.);
#12529 = SURFACE_CURVE('',#12530,(#12534,#12541),.PCURVE_S1.);
#12530 = LINE('',#12531,#12532);
#12531 = CARTESIAN_POINT('',(8.,125.97270555095,-80.18162338159));
#12532 = VECTOR('',#12533,1.);
#12533 = DIRECTION('',(1.,0.,0.));
#12534 = PCURVE('',#3444,#12535);
#12535 = DEFINITIONAL_REPRESENTATION('',(#12536),#12540);
#12536 = LINE('',#12537,#12538);
#12537 = CARTESIAN_POINT('',(3.,0.));
#12538 = VECTOR('',#12539,1.);
#12539 = DIRECTION('',(0.,1.));
#12540 = ( GEOMETRIC_REPRESENTATION_CONTEXT(2) 
PARAMETRIC_REPRESENTATION_CONTEXT() REPRESENTATION_CONTEXT('2D SPACE',''
  ) );
#12541 = PCURVE('',#9776,#12542);
#12542 = DEFINITIONAL_REPRESENTATION('',(#12543),#12547);
#12543 = LINE('',#12544,#12545);
#12544 = CARTESIAN_POINT('',(0.,2.4));
#12545 = VECTOR('',#12546,1.);
#12546 = DIRECTION('',(1.,0.));
#12547 = ( GEOMETRIC_REPRESENTATION_CONTEXT(2) 
PARAMETRIC_REPRESENTATION_CONTEXT() REPRESENTATION_CONTEXT('2D SPACE',''
  ) );
#12548 = ORIENTED_EDGE('',*,*,#12500,.T.);
#12549 = ADVANCED_FACE('',(#12550),#3520,.T.);
#12550 = FACE_BOUND('',#12551,.T.);
#12551 = EDGE_LOOP('',(#12552,#12553,#12576,#12597));
#12552 = ORIENTED_EDGE('',*,*,#3504,.F.);
#12553 = ORIENTED_EDGE('',*,*,#12554,.F.);
#12554 = EDGE_CURVE('',#12555,#3505,#12557,.T.);
#12555 = VERTEX_POINT('',#12556);
#12556 = CARTESIAN_POINT('',(71.4,125.97270555095,-80.18162338159));
#12557 = SURFACE_CURVE('',#12558,(#12562,#12569),.PCURVE_S1.);
#12558 = LINE('',#12559,#12560);
#12559 = CARTESIAN_POINT('',(71.4,128.09402589451,-82.30294372515));
#12560 = VECTOR('',#12561,1.);
#12561 = DIRECTION('',(0.,0.707106781187,-0.707106781187));
#12562 = PCURVE('',#3520,#12563);
#12563 = DEFINITIONAL_REPRESENTATION('',(#12564),#12568);
#12564 = LINE('',#12565,#12566);
#12565 = CARTESIAN_POINT('',(0.,63.4));
#12566 = VECTOR('',#12567,1.);
#12567 = DIRECTION('',(-1.,0.));
#12568 = ( GEOMETRIC_REPRESENTATION_CONTEXT(2) 
PARAMETRIC_REPRESENTATION_CONTEXT() REPRESENTATION_CONTEXT('2D SPACE',''
  ) );
#12569 = PCURVE('',#3548,#12570);
#12570 = DEFINITIONAL_REPRESENTATION('',(#12571),#12575);
#12571 = LINE('',#12572,#12573);
#12572 = CARTESIAN_POINT('',(7.105427357601E-15,-110.4));
#12573 = VECTOR('',#12574,1.);
#12574 = DIRECTION('',(-1.,0.));
#12575 = ( GEOMETRIC_REPRESENTATION_CONTEXT(2) 
PARAMETRIC_REPRESENTATION_CONTEXT() REPRESENTATION_CONTEXT('2D SPACE',''
  ) );
#12576 = ORIENTED_EDGE('',*,*,#12577,.T.);
#12577 = EDGE_CURVE('',#12555,#12089,#12578,.T.);
#12578 = SURFACE_CURVE('',#12579,(#12583,#12590),.PCURVE_S1.);
#12579 = LINE('',#12580,#12581);
#12580 = CARTESIAN_POINT('',(8.,125.97270555095,-80.18162338159));
#12581 = VECTOR('',#12582,1.);
#12582 = DIRECTION('',(1.,0.,0.));
#12583 = PCURVE('',#3520,#12584);
#12584 = DEFINITIONAL_REPRESENTATION('',(#12585),#12589);
#12585 = LINE('',#12586,#12587);
#12586 = CARTESIAN_POINT('',(3.,0.));
#12587 = VECTOR('',#12588,1.);
#12588 = DIRECTION('',(0.,1.));
#12589 = ( GEOMETRIC_REPRESENTATION_CONTEXT(2) 
PARAMETRIC_REPRESENTATION_CONTEXT() REPRESENTATION_CONTEXT('2D SPACE',''
  ) );
#12590 = PCURVE('',#9776,#12591);
#12591 = DEFINITIONAL_REPRESENTATION('',(#12592),#12596);
#12592 = LINE('',#12593,#12594);
#12593 = CARTESIAN_POINT('',(0.,2.4));
#12594 = VECTOR('',#12595,1.);
#12595 = DIRECTION('',(1.,0.));
#12596 = ( GEOMETRIC_REPRESENTATION_CONTEXT(2) 
PARAMETRIC_REPRESENTATION_CONTEXT() REPRESENTATION_CONTEXT('2D SPACE',''
  ) );
#12597 = ORIENTED_EDGE('',*,*,#12111,.F.);
#12598 = ADVANCED_FACE('',(#12599),#3548,.T.);
#12599 = FACE_BOUND('',#12600,.T.);
#12600 = EDGE_LOOP('',(#12601,#12624,#12625,#12626));
#12601 = ORIENTED_EDGE('',*,*,#12602,.F.);
#12602 = EDGE_CURVE('',#12555,#12603,#12605,.T.);
#12603 = VERTEX_POINT('',#12604);
#12604 = CARTESIAN_POINT('',(71.4,132.76093065034,-73.3933982822));
#12605 = SURFACE_CURVE('',#12606,(#12610,#12617),.PCURVE_S1.);
#12606 = LINE('',#12607,#12608);
#12607 = CARTESIAN_POINT('',(71.4,47.908116907963,-158.2462120245));
#12608 = VECTOR('',#12609,1.);
#12609 = DIRECTION('',(0.,0.707106781187,0.707106781187));
#12610 = PCURVE('',#3548,#12611);
#12611 = DEFINITIONAL_REPRESENTATION('',(#12612),#12616);
#12612 = LINE('',#12613,#12614);
#12613 = CARTESIAN_POINT('',(3.,5.329070518201E-15));
#12614 = VECTOR('',#12615,1.);
#12615 = DIRECTION('',(0.,-1.));
#12616 = ( GEOMETRIC_REPRESENTATION_CONTEXT(2) 
PARAMETRIC_REPRESENTATION_CONTEXT() REPRESENTATION_CONTEXT('2D SPACE',''
  ) );
#12617 = PCURVE('',#9776,#12618);
#12618 = DEFINITIONAL_REPRESENTATION('',(#12619),#12623);
#12619 = LINE('',#12620,#12621);
#12620 = CARTESIAN_POINT('',(63.4,-108.));
#12621 = VECTOR('',#12622,1.);
#12622 = DIRECTION('',(0.,1.));
#12623 = ( GEOMETRIC_REPRESENTATION_CONTEXT(2) 
PARAMETRIC_REPRESENTATION_CONTEXT() REPRESENTATION_CONTEXT('2D SPACE',''
  ) );
#12624 = ORIENTED_EDGE('',*,*,#12554,.T.);
#12625 = ORIENTED_EDGE('',*,*,#3532,.T.);
#12626 = ORIENTED_EDGE('',*,*,#12627,.F.);
#12627 = EDGE_CURVE('',#12603,#3533,#12628,.T.);
#12628 = SURFACE_CURVE('',#12629,(#12633,#12640),.PCURVE_S1.);
#12629 = LINE('',#12630,#12631);
#12630 = CARTESIAN_POINT('',(71.4,134.8822509939,-75.51471862576));
#12631 = VECTOR('',#12632,1.);
#12632 = DIRECTION('',(0.,0.707106781187,-0.707106781187));
#12633 = PCURVE('',#3548,#12634);
#12634 = DEFINITIONAL_REPRESENTATION('',(#12635),#12639);
#12635 = LINE('',#12636,#12637);
#12636 = CARTESIAN_POINT('',(-7.105427357601E-15,-120.));
#12637 = VECTOR('',#12638,1.);
#12638 = DIRECTION('',(-1.,0.));
#12639 = ( GEOMETRIC_REPRESENTATION_CONTEXT(2) 
PARAMETRIC_REPRESENTATION_CONTEXT() REPRESENTATION_CONTEXT('2D SPACE',''
  ) );
#12640 = PCURVE('',#3574,#12641);
#12641 = DEFINITIONAL_REPRESENTATION('',(#12642),#12646);
#12642 = LINE('',#12643,#12644);
#12643 = CARTESIAN_POINT('',(0.,63.4));
#12644 = VECTOR('',#12645,1.);
#12645 = DIRECTION('',(-1.,0.));
#12646 = ( GEOMETRIC_REPRESENTATION_CONTEXT(2) 
PARAMETRIC_REPRESENTATION_CONTEXT() REPRESENTATION_CONTEXT('2D SPACE',''
  ) );
#12647 = ADVANCED_FACE('',(#12648),#3574,.F.);
#12648 = FACE_BOUND('',#12649,.F.);
#12649 = EDGE_LOOP('',(#12650,#12651,#12652,#12673));
#12650 = ORIENTED_EDGE('',*,*,#3560,.F.);
#12651 = ORIENTED_EDGE('',*,*,#12627,.F.);
#12652 = ORIENTED_EDGE('',*,*,#12653,.T.);
#12653 = EDGE_CURVE('',#12603,#12134,#12654,.T.);
#12654 = SURFACE_CURVE('',#12655,(#12659,#12666),.PCURVE_S1.);
#12655 = LINE('',#12656,#12657);
#12656 = CARTESIAN_POINT('',(8.,132.76093065034,-73.3933982822));
#12657 = VECTOR('',#12658,1.);
#12658 = DIRECTION('',(1.,0.,0.));
#12659 = PCURVE('',#3574,#12660);
#12660 = DEFINITIONAL_REPRESENTATION('',(#12661),#12665);
#12661 = LINE('',#12662,#12663);
#12662 = CARTESIAN_POINT('',(3.,0.));
#12663 = VECTOR('',#12664,1.);
#12664 = DIRECTION('',(0.,1.));
#12665 = ( GEOMETRIC_REPRESENTATION_CONTEXT(2) 
PARAMETRIC_REPRESENTATION_CONTEXT() REPRESENTATION_CONTEXT('2D SPACE',''
  ) );
#12666 = PCURVE('',#9776,#12667);
#12667 = DEFINITIONAL_REPRESENTATION('',(#12668),#12672);
#12668 = LINE('',#12669,#12670);
#12669 = CARTESIAN_POINT('',(0.,12.));
#12670 = VECTOR('',#12671,1.);
#12671 = DIRECTION('',(1.,0.));
#12672 = ( GEOMETRIC_REPRESENTATION_CONTEXT(2) 
PARAMETRIC_REPRESENTATION_CONTEXT() REPRESENTATION_CONTEXT('2D SPACE',''
  ) );
#12673 = ORIENTED_EDGE('',*,*,#12133,.F.);
#12674 = ADVANCED_FACE('',(#12675),#3606,.F.);
#12675 = FACE_BOUND('',#12676,.F.);
#12676 = EDGE_LOOP('',(#12677,#12678,#12701,#12724));
#12677 = ORIENTED_EDGE('',*,*,#3588,.F.);
#12678 = ORIENTED_EDGE('',*,*,#12679,.F.);
#12679 = EDGE_CURVE('',#12680,#3589,#12682,.T.);
#12680 = VERTEX_POINT('',#12681);
#12681 = CARTESIAN_POINT('',(71.4,107.30508652763,-98.84924240491));
#12682 = SURFACE_CURVE('',#12683,(#12687,#12694),.PCURVE_S1.);
#12683 = LINE('',#12684,#12685);
#12684 = CARTESIAN_POINT('',(71.4,109.42640687119,-100.9705627484));
#12685 = VECTOR('',#12686,1.);
#12686 = DIRECTION('',(0.,0.707106781187,-0.707106781187));
#12687 = PCURVE('',#3606,#12688);
#12688 = DEFINITIONAL_REPRESENTATION('',(#12689),#12693);
#12689 = LINE('',#12690,#12691);
#12690 = CARTESIAN_POINT('',(0.,63.4));
#12691 = VECTOR('',#12692,1.);
#12692 = DIRECTION('',(-1.,0.));
#12693 = ( GEOMETRIC_REPRESENTATION_CONTEXT(2) 
PARAMETRIC_REPRESENTATION_CONTEXT() REPRESENTATION_CONTEXT('2D SPACE',''
  ) );
#12694 = PCURVE('',#3688,#12695);
#12695 = DEFINITIONAL_REPRESENTATION('',(#12696),#12700);
#12696 = LINE('',#12697,#12698);
#12697 = CARTESIAN_POINT('',(0.,-84.));
#12698 = VECTOR('',#12699,1.);
#12699 = DIRECTION('',(-1.,0.));
#12700 = ( GEOMETRIC_REPRESENTATION_CONTEXT(2) 
PARAMETRIC_REPRESENTATION_CONTEXT() REPRESENTATION_CONTEXT('2D SPACE',''
  ) );
#12701 = ORIENTED_EDGE('',*,*,#12702,.T.);
#12702 = EDGE_CURVE('',#12680,#12703,#12705,.T.);
#12703 = VERTEX_POINT('',#12704);
#12704 = CARTESIAN_POINT('',(121.,107.30508652763,-98.84924240491));
#12705 = SURFACE_CURVE('',#12706,(#12710,#12717),.PCURVE_S1.);
#12706 = LINE('',#12707,#12708);
#12707 = CARTESIAN_POINT('',(8.,107.30508652763,-98.84924240491));
#12708 = VECTOR('',#12709,1.);
#12709 = DIRECTION('',(1.,0.,0.));
#12710 = PCURVE('',#3606,#12711);
#12711 = DEFINITIONAL_REPRESENTATION('',(#12712),#12716);
#12712 = LINE('',#12713,#12714);
#12713 = CARTESIAN_POINT('',(3.,0.));
#12714 = VECTOR('',#12715,1.);
#12715 = DIRECTION('',(0.,1.));
#12716 = ( GEOMETRIC_REPRESENTATION_CONTEXT(2) 
PARAMETRIC_REPRESENTATION_CONTEXT() REPRESENTATION_CONTEXT('2D SPACE',''
  ) );
#12717 = PCURVE('',#9776,#12718);
#12718 = DEFINITIONAL_REPRESENTATION('',(#12719),#12723);
#12719 = LINE('',#12720,#12721);
#12720 = CARTESIAN_POINT('',(0.,-24.));
#12721 = VECTOR('',#12722,1.);
#12722 = DIRECTION('',(1.,0.));
#12723 = ( GEOMETRIC_REPRESENTATION_CONTEXT(2) 
PARAMETRIC_REPRESENTATION_CONTEXT() REPRESENTATION_CONTEXT('2D SPACE',''
  ) );
#12724 = ORIENTED_EDGE('',*,*,#12725,.F.);
#12725 = EDGE_CURVE('',#3591,#12703,#12726,.T.);
#12726 = SURFACE_CURVE('',#12727,(#12731,#12738),.PCURVE_S1.);
#12727 = LINE('',#12728,#12729);
#12728 = CARTESIAN_POINT('',(121.,109.42640687119,-100.9705627484));
#12729 = VECTOR('',#12730,1.);
#12730 = DIRECTION('',(0.,-0.707106781187,0.707106781187));
#12731 = PCURVE('',#3606,#12732);
#12732 = DEFINITIONAL_REPRESENTATION('',(#12733),#12737);
#12733 = LINE('',#12734,#12735);
#12734 = CARTESIAN_POINT('',(0.,113.));
#12735 = VECTOR('',#12736,1.);
#12736 = DIRECTION('',(1.,0.));
#12737 = ( GEOMETRIC_REPRESENTATION_CONTEXT(2) 
PARAMETRIC_REPRESENTATION_CONTEXT() REPRESENTATION_CONTEXT('2D SPACE',''
  ) );
#12738 = PCURVE('',#3634,#12739);
#12739 = DEFINITIONAL_REPRESENTATION('',(#12740),#12744);
#12740 = LINE('',#12741,#12742);
#12741 = CARTESIAN_POINT('',(0.,-84.));
#12742 = VECTOR('',#12743,1.);
#12743 = DIRECTION('',(1.,0.));
#12744 = ( GEOMETRIC_REPRESENTATION_CONTEXT(2) 
PARAMETRIC_REPRESENTATION_CONTEXT() REPRESENTATION_CONTEXT('2D SPACE',''
  ) );
#12745 = ADVANCED_FACE('',(#12746),#3634,.F.);
#12746 = FACE_BOUND('',#12747,.F.);
#12747 = EDGE_LOOP('',(#12748,#12749,#12772,#12793));
#12748 = ORIENTED_EDGE('',*,*,#12725,.T.);
#12749 = ORIENTED_EDGE('',*,*,#12750,.F.);
#12750 = EDGE_CURVE('',#12751,#12703,#12753,.T.);
#12751 = VERTEX_POINT('',#12752);
#12752 = CARTESIAN_POINT('',(121.,100.51686142824,-105.6374675043));
#12753 = SURFACE_CURVE('',#12754,(#12758,#12765),.PCURVE_S1.);
#12754 = LINE('',#12755,#12756);
#12755 = CARTESIAN_POINT('',(121.,70.535533905933,-135.6187950266));
#12756 = VECTOR('',#12757,1.);
#12757 = DIRECTION('',(0.,0.707106781187,0.707106781187));
#12758 = PCURVE('',#3634,#12759);
#12759 = DEFINITIONAL_REPRESENTATION('',(#12760),#12764);
#12760 = LINE('',#12761,#12762);
#12761 = CARTESIAN_POINT('',(3.,-32.));
#12762 = VECTOR('',#12763,1.);
#12763 = DIRECTION('',(0.,-1.));
#12764 = ( GEOMETRIC_REPRESENTATION_CONTEXT(2) 
PARAMETRIC_REPRESENTATION_CONTEXT() REPRESENTATION_CONTEXT('2D SPACE',''
  ) );
#12765 = PCURVE('',#9776,#12766);
#12766 = DEFINITIONAL_REPRESENTATION('',(#12767),#12771);
#12767 = LINE('',#12768,#12769);
#12768 = CARTESIAN_POINT('',(113.,-76.));
#12769 = VECTOR('',#12770,1.);
#12770 = DIRECTION('',(0.,1.));
#12771 = ( GEOMETRIC_REPRESENTATION_CONTEXT(2) 
PARAMETRIC_REPRESENTATION_CONTEXT() REPRESENTATION_CONTEXT('2D SPACE',''
  ) );
#12772 = ORIENTED_EDGE('',*,*,#12773,.F.);
#12773 = EDGE_CURVE('',#3619,#12751,#12774,.T.);
#12774 = SURFACE_CURVE('',#12775,(#12779,#12786),.PCURVE_S1.);
#12775 = LINE('',#12776,#12777);
#12776 = CARTESIAN_POINT('',(121.,102.6381817718,-107.7587878478));
#12777 = VECTOR('',#12778,1.);
#12778 = DIRECTION('',(0.,-0.707106781187,0.707106781187));
#12779 = PCURVE('',#3634,#12780);
#12780 = DEFINITIONAL_REPRESENTATION('',(#12781),#12785);
#12781 = LINE('',#12782,#12783);
#12782 = CARTESIAN_POINT('',(7.105427357601E-15,-74.4));
#12783 = VECTOR('',#12784,1.);
#12784 = DIRECTION('',(1.,0.));
#12785 = ( GEOMETRIC_REPRESENTATION_CONTEXT(2) 
PARAMETRIC_REPRESENTATION_CONTEXT() REPRESENTATION_CONTEXT('2D SPACE',''
  ) );
#12786 = PCURVE('',#3662,#12787);
#12787 = DEFINITIONAL_REPRESENTATION('',(#12788),#12792);
#12788 = LINE('',#12789,#12790);
#12789 = CARTESIAN_POINT('',(0.,113.));
#12790 = VECTOR('',#12791,1.);
#12791 = DIRECTION('',(1.,0.));
#12792 = ( GEOMETRIC_REPRESENTATION_CONTEXT(2) 
PARAMETRIC_REPRESENTATION_CONTEXT() REPRESENTATION_CONTEXT('2D SPACE',''
  ) );
#12793 = ORIENTED_EDGE('',*,*,#3618,.T.);
#12794 = ADVANCED_FACE('',(#12795),#3662,.T.);
#12795 = FACE_BOUND('',#12796,.T.);
#12796 = EDGE_LOOP('',(#12797,#12798,#12821,#12842));
#12797 = ORIENTED_EDGE('',*,*,#3646,.F.);
#12798 = ORIENTED_EDGE('',*,*,#12799,.F.);
#12799 = EDGE_CURVE('',#12800,#3647,#12802,.T.);
#12800 = VERTEX_POINT('',#12801);
#12801 = CARTESIAN_POINT('',(71.4,100.51686142824,-105.6374675043));
#12802 = SURFACE_CURVE('',#12803,(#12807,#12814),.PCURVE_S1.);
#12803 = LINE('',#12804,#12805);
#12804 = CARTESIAN_POINT('',(71.4,102.6381817718,-107.7587878478));
#12805 = VECTOR('',#12806,1.);
#12806 = DIRECTION('',(0.,0.707106781187,-0.707106781187));
#12807 = PCURVE('',#3662,#12808);
#12808 = DEFINITIONAL_REPRESENTATION('',(#12809),#12813);
#12809 = LINE('',#12810,#12811);
#12810 = CARTESIAN_POINT('',(0.,63.4));
#12811 = VECTOR('',#12812,1.);
#12812 = DIRECTION('',(-1.,0.));
#12813 = ( GEOMETRIC_REPRESENTATION_CONTEXT(2) 
PARAMETRIC_REPRESENTATION_CONTEXT() REPRESENTATION_CONTEXT('2D SPACE',''
  ) );
#12814 = PCURVE('',#3688,#12815);
#12815 = DEFINITIONAL_REPRESENTATION('',(#12816),#12820);
#12816 = LINE('',#12817,#12818);
#12817 = CARTESIAN_POINT('',(7.105427357601E-15,-74.4));
#12818 = VECTOR('',#12819,1.);
#12819 = DIRECTION('',(-1.,0.));
#12820 = ( GEOMETRIC_REPRESENTATION_CONTEXT(2) 
PARAMETRIC_REPRESENTATION_CONTEXT() REPRESENTATION_CONTEXT('2D SPACE',''
  ) );
#12821 = ORIENTED_EDGE('',*,*,#12822,.T.);
#12822 = EDGE_CURVE('',#12800,#12751,#12823,.T.);
#12823 = SURFACE_CURVE('',#12824,(#12828,#12835),.PCURVE_S1.);
#12824 = LINE('',#12825,#12826);
#12825 = CARTESIAN_POINT('',(8.,100.51686142824,-105.6374675043));
#12826 = VECTOR('',#12827,1.);
#12827 = DIRECTION('',(1.,0.,0.));
#12828 = PCURVE('',#3662,#12829);
#12829 = DEFINITIONAL_REPRESENTATION('',(#12830),#12834);
#12830 = LINE('',#12831,#12832);
#12831 = CARTESIAN_POINT('',(3.,0.));
#12832 = VECTOR('',#12833,1.);
#12833 = DIRECTION('',(0.,1.));
#12834 = ( GEOMETRIC_REPRESENTATION_CONTEXT(2) 
PARAMETRIC_REPRESENTATION_CONTEXT() REPRESENTATION_CONTEXT('2D SPACE',''
  ) );
#12835 = PCURVE('',#9776,#12836);
#12836 = DEFINITIONAL_REPRESENTATION('',(#12837),#12841);
#12837 = LINE('',#12838,#12839);
#12838 = CARTESIAN_POINT('',(0.,-33.6));
#12839 = VECTOR('',#12840,1.);
#12840 = DIRECTION('',(1.,0.));
#12841 = ( GEOMETRIC_REPRESENTATION_CONTEXT(2) 
PARAMETRIC_REPRESENTATION_CONTEXT() REPRESENTATION_CONTEXT('2D SPACE',''
  ) );
#12842 = ORIENTED_EDGE('',*,*,#12773,.F.);
#12843 = ADVANCED_FACE('',(#12844),#3688,.T.);
#12844 = FACE_BOUND('',#12845,.T.);
#12845 = EDGE_LOOP('',(#12846,#12867,#12868,#12869));
#12846 = ORIENTED_EDGE('',*,*,#12847,.F.);
#12847 = EDGE_CURVE('',#12800,#12680,#12848,.T.);
#12848 = SURFACE_CURVE('',#12849,(#12853,#12860),.PCURVE_S1.);
#12849 = LINE('',#12850,#12851);
#12850 = CARTESIAN_POINT('',(71.4,47.908116907963,-158.2462120245));
#12851 = VECTOR('',#12852,1.);
#12852 = DIRECTION('',(0.,0.707106781187,0.707106781187));
#12853 = PCURVE('',#3688,#12854);
#12854 = DEFINITIONAL_REPRESENTATION('',(#12855),#12859);
#12855 = LINE('',#12856,#12857);
#12856 = CARTESIAN_POINT('',(3.,5.329070518201E-15));
#12857 = VECTOR('',#12858,1.);
#12858 = DIRECTION('',(0.,-1.));
#12859 = ( GEOMETRIC_REPRESENTATION_CONTEXT(2) 
PARAMETRIC_REPRESENTATION_CONTEXT() REPRESENTATION_CONTEXT('2D SPACE',''
  ) );
#12860 = PCURVE('',#9776,#12861);
#12861 = DEFINITIONAL_REPRESENTATION('',(#12862),#12866);
#12862 = LINE('',#12863,#12864);
#12863 = CARTESIAN_POINT('',(63.4,-108.));
#12864 = VECTOR('',#12865,1.);
#12865 = DIRECTION('',(0.,1.));
#12866 = ( GEOMETRIC_REPRESENTATION_CONTEXT(2) 
PARAMETRIC_REPRESENTATION_CONTEXT() REPRESENTATION_CONTEXT('2D SPACE',''
  ) );
#12867 = ORIENTED_EDGE('',*,*,#12799,.T.);
#12868 = ORIENTED_EDGE('',*,*,#3674,.T.);
#12869 = ORIENTED_EDGE('',*,*,#12679,.F.);
#12870 = ADVANCED_FACE('',(#12871),#3720,.F.);
#12871 = FACE_BOUND('',#12872,.F.);
#12872 = EDGE_LOOP('',(#12873,#12874,#12897,#12918));
#12873 = ORIENTED_EDGE('',*,*,#3702,.F.);
#12874 = ORIENTED_EDGE('',*,*,#12875,.F.);
#12875 = EDGE_CURVE('',#12876,#3703,#12878,.T.);
#12876 = VERTEX_POINT('',#12877);
#12877 = CARTESIAN_POINT('',(71.4,124.27564927611,-81.87867965644));
#12878 = SURFACE_CURVE('',#12879,(#12883,#12890),.PCURVE_S1.);
#12879 = LINE('',#12880,#12881);
#12880 = CARTESIAN_POINT('',(71.4,126.39696961967,-84.));
#12881 = VECTOR('',#12882,1.);
#12882 = DIRECTION('',(0.,0.707106781187,-0.707106781187));
#12883 = PCURVE('',#3720,#12884);
#12884 = DEFINITIONAL_REPRESENTATION('',(#12885),#12889);
#12885 = LINE('',#12886,#12887);
#12886 = CARTESIAN_POINT('',(0.,63.4));
#12887 = VECTOR('',#12888,1.);
#12888 = DIRECTION('',(-1.,0.));
#12889 = ( GEOMETRIC_REPRESENTATION_CONTEXT(2) 
PARAMETRIC_REPRESENTATION_CONTEXT() REPRESENTATION_CONTEXT('2D SPACE',''
  ) );
#12890 = PCURVE('',#3797,#12891);
#12891 = DEFINITIONAL_REPRESENTATION('',(#12892),#12896);
#12892 = LINE('',#12893,#12894);
#12893 = CARTESIAN_POINT('',(1.42108547152E-14,-108.));
#12894 = VECTOR('',#12895,1.);
#12895 = DIRECTION('',(-1.,0.));
#12896 = ( GEOMETRIC_REPRESENTATION_CONTEXT(2) 
PARAMETRIC_REPRESENTATION_CONTEXT() REPRESENTATION_CONTEXT('2D SPACE',''
  ) );
#12897 = ORIENTED_EDGE('',*,*,#12898,.T.);
#12898 = EDGE_CURVE('',#12876,#12066,#12899,.T.);
#12899 = SURFACE_CURVE('',#12900,(#12904,#12911),.PCURVE_S1.);
#12900 = LINE('',#12901,#12902);
#12901 = CARTESIAN_POINT('',(8.,124.27564927611,-81.87867965644));
#12902 = VECTOR('',#12903,1.);
#12903 = DIRECTION('',(1.,0.,0.));
#12904 = PCURVE('',#3720,#12905);
#12905 = DEFINITIONAL_REPRESENTATION('',(#12906),#12910);
#12906 = LINE('',#12907,#12908);
#12907 = CARTESIAN_POINT('',(3.,0.));
#12908 = VECTOR('',#12909,1.);
#12909 = DIRECTION('',(0.,1.));
#12910 = ( GEOMETRIC_REPRESENTATION_CONTEXT(2) 
PARAMETRIC_REPRESENTATION_CONTEXT() REPRESENTATION_CONTEXT('2D SPACE',''
  ) );
#12911 = PCURVE('',#9776,#12912);
#12912 = DEFINITIONAL_REPRESENTATION('',(#12913),#12917);
#12913 = LINE('',#12914,#12915);
#12914 = CARTESIAN_POINT('',(0.,0.));
#12915 = VECTOR('',#12916,1.);
#12916 = DIRECTION('',(1.,0.));
#12917 = ( GEOMETRIC_REPRESENTATION_CONTEXT(2) 
PARAMETRIC_REPRESENTATION_CONTEXT() REPRESENTATION_CONTEXT('2D SPACE',''
  ) );
#12918 = ORIENTED_EDGE('',*,*,#12065,.F.);
#12919 = ADVANCED_FACE('',(#12920),#3771,.T.);
#12920 = FACE_BOUND('',#12921,.T.);
#12921 = EDGE_LOOP('',(#12922,#12923,#12946,#12967));
#12922 = ORIENTED_EDGE('',*,*,#3755,.F.);
#12923 = ORIENTED_EDGE('',*,*,#12924,.F.);
#12924 = EDGE_CURVE('',#12925,#3756,#12927,.T.);
#12925 = VERTEX_POINT('',#12926);
#12926 = CARTESIAN_POINT('',(71.4,117.48742417672,-88.66690475583));
#12927 = SURFACE_CURVE('',#12928,(#12932,#12939),.PCURVE_S1.);
#12928 = LINE('',#12929,#12930);
#12929 = CARTESIAN_POINT('',(71.4,119.60874452027,-90.78822509939));
#12930 = VECTOR('',#12931,1.);
#12931 = DIRECTION('',(0.,0.707106781187,-0.707106781187));
#12932 = PCURVE('',#3771,#12933);
#12933 = DEFINITIONAL_REPRESENTATION('',(#12934),#12938);
#12934 = LINE('',#12935,#12936);
#12935 = CARTESIAN_POINT('',(0.,63.4));
#12936 = VECTOR('',#12937,1.);
#12937 = DIRECTION('',(-1.,0.));
#12938 = ( GEOMETRIC_REPRESENTATION_CONTEXT(2) 
PARAMETRIC_REPRESENTATION_CONTEXT() REPRESENTATION_CONTEXT('2D SPACE',''
  ) );
#12939 = PCURVE('',#3797,#12940);
#12940 = DEFINITIONAL_REPRESENTATION('',(#12941),#12945);
#12941 = LINE('',#12942,#12943);
#12942 = CARTESIAN_POINT('',(0.,-98.4));
#12943 = VECTOR('',#12944,1.);
#12944 = DIRECTION('',(-1.,0.));
#12945 = ( GEOMETRIC_REPRESENTATION_CONTEXT(2) 
PARAMETRIC_REPRESENTATION_CONTEXT() REPRESENTATION_CONTEXT('2D SPACE',''
  ) );
#12946 = ORIENTED_EDGE('',*,*,#12947,.T.);
#12947 = EDGE_CURVE('',#12925,#12021,#12948,.T.);
#12948 = SURFACE_CURVE('',#12949,(#12953,#12960),.PCURVE_S1.);
#12949 = LINE('',#12950,#12951);
#12950 = CARTESIAN_POINT('',(8.,117.48742417672,-88.66690475583));
#12951 = VECTOR('',#12952,1.);
#12952 = DIRECTION('',(1.,0.,0.));
#12953 = PCURVE('',#3771,#12954);
#12954 = DEFINITIONAL_REPRESENTATION('',(#12955),#12959);
#12955 = LINE('',#12956,#12957);
#12956 = CARTESIAN_POINT('',(3.,0.));
#12957 = VECTOR('',#12958,1.);
#12958 = DIRECTION('',(0.,1.));
#12959 = ( GEOMETRIC_REPRESENTATION_CONTEXT(2) 
PARAMETRIC_REPRESENTATION_CONTEXT() REPRESENTATION_CONTEXT('2D SPACE',''
  ) );
#12960 = PCURVE('',#9776,#12961);
#12961 = DEFINITIONAL_REPRESENTATION('',(#12962),#12966);
#12962 = LINE('',#12963,#12964);
#12963 = CARTESIAN_POINT('',(0.,-9.6));
#12964 = VECTOR('',#12965,1.);
#12965 = DIRECTION('',(1.,0.));
#12966 = ( GEOMETRIC_REPRESENTATION_CONTEXT(2) 
PARAMETRIC_REPRESENTATION_CONTEXT() REPRESENTATION_CONTEXT('2D SPACE',''
  ) );
#12967 = ORIENTED_EDGE('',*,*,#12043,.F.);
#12968 = ADVANCED_FACE('',(#12969),#3797,.T.);
#12969 = FACE_BOUND('',#12970,.T.);
#12970 = EDGE_LOOP('',(#12971,#12992,#12993,#12994));
#12971 = ORIENTED_EDGE('',*,*,#12972,.F.);
#12972 = EDGE_CURVE('',#12925,#12876,#12973,.T.);
#12973 = SURFACE_CURVE('',#12974,(#12978,#12985),.PCURVE_S1.);
#12974 = LINE('',#12975,#12976);
#12975 = CARTESIAN_POINT('',(71.4,47.908116907963,-158.2462120245));
#12976 = VECTOR('',#12977,1.);
#12977 = DIRECTION('',(0.,0.707106781187,0.707106781187));
#12978 = PCURVE('',#3797,#12979);
#12979 = DEFINITIONAL_REPRESENTATION('',(#12980),#12984);
#12980 = LINE('',#12981,#12982);
#12981 = CARTESIAN_POINT('',(3.,5.329070518201E-15));
#12982 = VECTOR('',#12983,1.);
#12983 = DIRECTION('',(0.,-1.));
#12984 = ( GEOMETRIC_REPRESENTATION_CONTEXT(2) 
PARAMETRIC_REPRESENTATION_CONTEXT() REPRESENTATION_CONTEXT('2D SPACE',''
  ) );
#12985 = PCURVE('',#9776,#12986);
#12986 = DEFINITIONAL_REPRESENTATION('',(#12987),#12991);
#12987 = LINE('',#12988,#12989);
#12988 = CARTESIAN_POINT('',(63.4,-108.));
#12989 = VECTOR('',#12990,1.);
#12990 = DIRECTION('',(0.,1.));
#12991 = ( GEOMETRIC_REPRESENTATION_CONTEXT(2) 
PARAMETRIC_REPRESENTATION_CONTEXT() REPRESENTATION_CONTEXT('2D SPACE',''
  ) );
#12992 = ORIENTED_EDGE('',*,*,#12924,.T.);
#12993 = ORIENTED_EDGE('',*,*,#3783,.T.);
#12994 = ORIENTED_EDGE('',*,*,#12875,.F.);
#12995 = ADVANCED_FACE('',(#12996),#3852,.T.);
#12996 = FACE_BOUND('',#12997,.T.);
#12997 = EDGE_LOOP('',(#12998,#13021,#13022,#13023));
#12998 = ORIENTED_EDGE('',*,*,#12999,.F.);
#12999 = EDGE_CURVE('',#11809,#13000,#13002,.T.);
#13000 = VERTEX_POINT('',#13001);
#13001 = CARTESIAN_POINT('',(71.4,56.393398282202,-149.7609306503));
#13002 = SURFACE_CURVE('',#13003,(#13007,#13014),.PCURVE_S1.);
#13003 = LINE('',#13004,#13005);
#13004 = CARTESIAN_POINT('',(71.4,47.908116907963,-158.2462120245));
#13005 = VECTOR('',#13006,1.);
#13006 = DIRECTION('',(0.,0.707106781187,0.707106781187));
#13007 = PCURVE('',#3852,#13008);
#13008 = DEFINITIONAL_REPRESENTATION('',(#13009),#13013);
#13009 = LINE('',#13010,#13011);
#13010 = CARTESIAN_POINT('',(3.,5.329070518201E-15));
#13011 = VECTOR('',#13012,1.);
#13012 = DIRECTION('',(0.,-1.));
#13013 = ( GEOMETRIC_REPRESENTATION_CONTEXT(2) 
PARAMETRIC_REPRESENTATION_CONTEXT() REPRESENTATION_CONTEXT('2D SPACE',''
  ) );
#13014 = PCURVE('',#9776,#13015);
#13015 = DEFINITIONAL_REPRESENTATION('',(#13016),#13020);
#13016 = LINE('',#13017,#13018);
#13017 = CARTESIAN_POINT('',(63.4,-108.));
#13018 = VECTOR('',#13019,1.);
#13019 = DIRECTION('',(0.,1.));
#13020 = ( GEOMETRIC_REPRESENTATION_CONTEXT(2) 
PARAMETRIC_REPRESENTATION_CONTEXT() REPRESENTATION_CONTEXT('2D SPACE',''
  ) );
#13021 = ORIENTED_EDGE('',*,*,#11808,.T.);
#13022 = ORIENTED_EDGE('',*,*,#3836,.T.);
#13023 = ORIENTED_EDGE('',*,*,#13024,.F.);
#13024 = EDGE_CURVE('',#13000,#3837,#13025,.T.);
#13025 = SURFACE_CURVE('',#13026,(#13030,#13037),.PCURVE_S1.);
#13026 = LINE('',#13027,#13028);
#13027 = CARTESIAN_POINT('',(71.4,58.514718625761,-151.8822509939));
#13028 = VECTOR('',#13029,1.);
#13029 = DIRECTION('',(0.,0.707106781187,-0.707106781187));
#13030 = PCURVE('',#3852,#13031);
#13031 = DEFINITIONAL_REPRESENTATION('',(#13032),#13036);
#13032 = LINE('',#13033,#13034);
#13033 = CARTESIAN_POINT('',(1.15463194561E-14,-12.));
#13034 = VECTOR('',#13035,1.);
#13035 = DIRECTION('',(-1.,0.));
#13036 = ( GEOMETRIC_REPRESENTATION_CONTEXT(2) 
PARAMETRIC_REPRESENTATION_CONTEXT() REPRESENTATION_CONTEXT('2D SPACE',''
  ) );
#13037 = PCURVE('',#3880,#13038);
#13038 = DEFINITIONAL_REPRESENTATION('',(#13039),#13043);
#13039 = LINE('',#13040,#13041);
#13040 = CARTESIAN_POINT('',(0.,63.4));
#13041 = VECTOR('',#13042,1.);
#13042 = DIRECTION('',(-1.,0.));
#13043 = ( GEOMETRIC_REPRESENTATION_CONTEXT(2) 
PARAMETRIC_REPRESENTATION_CONTEXT() REPRESENTATION_CONTEXT('2D SPACE',''
  ) );
#13044 = ADVANCED_FACE('',(#13045),#3880,.F.);
#13045 = FACE_BOUND('',#13046,.F.);
#13046 = EDGE_LOOP('',(#13047,#13048,#13049,#13072));
#13047 = ORIENTED_EDGE('',*,*,#3864,.F.);
#13048 = ORIENTED_EDGE('',*,*,#13024,.F.);
#13049 = ORIENTED_EDGE('',*,*,#13050,.T.);
#13050 = EDGE_CURVE('',#13000,#13051,#13053,.T.);
#13051 = VERTEX_POINT('',#13052);
#13052 = CARTESIAN_POINT('',(121.,56.393398282202,-149.7609306503));
#13053 = SURFACE_CURVE('',#13054,(#13058,#13065),.PCURVE_S1.);
#13054 = LINE('',#13055,#13056);
#13055 = CARTESIAN_POINT('',(8.,56.393398282202,-149.7609306503));
#13056 = VECTOR('',#13057,1.);
#13057 = DIRECTION('',(1.,0.,0.));
#13058 = PCURVE('',#3880,#13059);
#13059 = DEFINITIONAL_REPRESENTATION('',(#13060),#13064);
#13060 = LINE('',#13061,#13062);
#13061 = CARTESIAN_POINT('',(3.,0.));
#13062 = VECTOR('',#13063,1.);
#13063 = DIRECTION('',(0.,1.));
#13064 = ( GEOMETRIC_REPRESENTATION_CONTEXT(2) 
PARAMETRIC_REPRESENTATION_CONTEXT() REPRESENTATION_CONTEXT('2D SPACE',''
  ) );
#13065 = PCURVE('',#9776,#13066);
#13066 = DEFINITIONAL_REPRESENTATION('',(#13067),#13071);
#13067 = LINE('',#13068,#13069);
#13068 = CARTESIAN_POINT('',(0.,-96.));
#13069 = VECTOR('',#13070,1.);
#13070 = DIRECTION('',(1.,0.));
#13071 = ( GEOMETRIC_REPRESENTATION_CONTEXT(2) 
PARAMETRIC_REPRESENTATION_CONTEXT() REPRESENTATION_CONTEXT('2D SPACE',''
  ) );
#13072 = ORIENTED_EDGE('',*,*,#13073,.F.);
#13073 = EDGE_CURVE('',#3865,#13051,#13074,.T.);
#13074 = SURFACE_CURVE('',#13075,(#13079,#13086),.PCURVE_S1.);
#13075 = LINE('',#13076,#13077);
#13076 = CARTESIAN_POINT('',(121.,58.514718625761,-151.8822509939));
#13077 = VECTOR('',#13078,1.);
#13078 = DIRECTION('',(0.,-0.707106781187,0.707106781187));
#13079 = PCURVE('',#3880,#13080);
#13080 = DEFINITIONAL_REPRESENTATION('',(#13081),#13085);
#13081 = LINE('',#13082,#13083);
#13082 = CARTESIAN_POINT('',(0.,113.));
#13083 = VECTOR('',#13084,1.);
#13084 = DIRECTION('',(1.,0.));
#13085 = ( GEOMETRIC_REPRESENTATION_CONTEXT(2) 
PARAMETRIC_REPRESENTATION_CONTEXT() REPRESENTATION_CONTEXT('2D SPACE',''
  ) );
#13086 = PCURVE('',#3906,#13087);
#13087 = DEFINITIONAL_REPRESENTATION('',(#13088),#13092);
#13088 = LINE('',#13089,#13090);
#13089 = CARTESIAN_POINT('',(1.15463194561E-14,-12.));
#13090 = VECTOR('',#13091,1.);
#13091 = DIRECTION('',(1.,0.));
#13092 = ( GEOMETRIC_REPRESENTATION_CONTEXT(2) 
PARAMETRIC_REPRESENTATION_CONTEXT() REPRESENTATION_CONTEXT('2D SPACE',''
  ) );
#13093 = ADVANCED_FACE('',(#13094),#3906,.F.);
#13094 = FACE_BOUND('',#13095,.F.);
#13095 = EDGE_LOOP('',(#13096,#13119,#13120,#13121,#13122,#13145,#13166,
    #13167,#13190,#13213,#13234,#13235,#13258,#13281));
#13096 = ORIENTED_EDGE('',*,*,#13097,.F.);
#13097 = EDGE_CURVE('',#11759,#13098,#13100,.T.);
#13098 = VERTEX_POINT('',#13099);
#13099 = CARTESIAN_POINT('',(121.,67.707106781187,-132.7903679018));
#13100 = SURFACE_CURVE('',#13101,(#13105,#13112),.PCURVE_S1.);
#13101 = LINE('',#13102,#13103);
#13102 = CARTESIAN_POINT('',(121.,45.079689783217,-155.4177848998));
#13103 = VECTOR('',#13104,1.);
#13104 = DIRECTION('',(0.,0.707106781187,0.707106781187));
#13105 = PCURVE('',#3906,#13106);
#13106 = DEFINITIONAL_REPRESENTATION('',(#13107),#13111);
#13107 = LINE('',#13108,#13109);
#13108 = CARTESIAN_POINT('',(7.,1.59872115546E-14));
#13109 = VECTOR('',#13110,1.);
#13110 = DIRECTION('',(0.,-1.));
#13111 = ( GEOMETRIC_REPRESENTATION_CONTEXT(2) 
PARAMETRIC_REPRESENTATION_CONTEXT() REPRESENTATION_CONTEXT('2D SPACE',''
  ) );
#13112 = PCURVE('',#11774,#13113);
#13113 = DEFINITIONAL_REPRESENTATION('',(#13114),#13118);
#13114 = LINE('',#13115,#13116);
#13115 = CARTESIAN_POINT('',(0.,0.));
#13116 = VECTOR('',#13117,1.);
#13117 = DIRECTION('',(0.,1.));
#13118 = ( GEOMETRIC_REPRESENTATION_CONTEXT(2) 
PARAMETRIC_REPRESENTATION_CONTEXT() REPRESENTATION_CONTEXT('2D SPACE',''
  ) );
#13119 = ORIENTED_EDGE('',*,*,#11786,.T.);
#13120 = ORIENTED_EDGE('',*,*,#3892,.T.);
#13121 = ORIENTED_EDGE('',*,*,#13073,.T.);
#13122 = ORIENTED_EDGE('',*,*,#13123,.F.);
#13123 = EDGE_CURVE('',#13124,#13051,#13126,.T.);
#13124 = VERTEX_POINT('',#13125);
#13125 = CARTESIAN_POINT('',(121.,58.090454557049,-148.0638743755));
#13126 = SURFACE_CURVE('',#13127,(#13131,#13138),.PCURVE_S1.);
#13127 = LINE('',#13128,#13129);
#13128 = CARTESIAN_POINT('',(121.,52.150757595082,-154.0035713374));
#13129 = VECTOR('',#13130,1.);
#13130 = DIRECTION('',(0.,-0.707106781187,-0.707106781187));
#13131 = PCURVE('',#3906,#13132);
#13132 = DEFINITIONAL_REPRESENTATION('',(#13133),#13137);
#13133 = LINE('',#13134,#13135);
#13134 = CARTESIAN_POINT('',(3.,-6.));
#13135 = VECTOR('',#13136,1.);
#13136 = DIRECTION('',(0.,1.));
#13137 = ( GEOMETRIC_REPRESENTATION_CONTEXT(2) 
PARAMETRIC_REPRESENTATION_CONTEXT() REPRESENTATION_CONTEXT('2D SPACE',''
  ) );
#13138 = PCURVE('',#9776,#13139);
#13139 = DEFINITIONAL_REPRESENTATION('',(#13140),#13144);
#13140 = LINE('',#13141,#13142);
#13141 = CARTESIAN_POINT('',(113.,-102.));
#13142 = VECTOR('',#13143,1.);
#13143 = DIRECTION('',(0.,-1.));
#13144 = ( GEOMETRIC_REPRESENTATION_CONTEXT(2) 
PARAMETRIC_REPRESENTATION_CONTEXT() REPRESENTATION_CONTEXT('2D SPACE',''
  ) );
#13145 = ORIENTED_EDGE('',*,*,#13146,.F.);
#13146 = EDGE_CURVE('',#4037,#13124,#13147,.T.);
#13147 = SURFACE_CURVE('',#13148,(#13152,#13159),.PCURVE_S1.);
#13148 = LINE('',#13149,#13150);
#13149 = CARTESIAN_POINT('',(121.,60.211774900609,-150.185194719));
#13150 = VECTOR('',#13151,1.);
#13151 = DIRECTION('',(0.,-0.707106781187,0.707106781187));
#13152 = PCURVE('',#3906,#13153);
#13153 = DEFINITIONAL_REPRESENTATION('',(#13154),#13158);
#13154 = LINE('',#13155,#13156);
#13155 = CARTESIAN_POINT('',(-8.881784197001E-15,-14.4));
#13156 = VECTOR('',#13157,1.);
#13157 = DIRECTION('',(1.,0.));
#13158 = ( GEOMETRIC_REPRESENTATION_CONTEXT(2) 
PARAMETRIC_REPRESENTATION_CONTEXT() REPRESENTATION_CONTEXT('2D SPACE',''
  ) );
#13159 = PCURVE('',#4052,#13160);
#13160 = DEFINITIONAL_REPRESENTATION('',(#13161),#13165);
#13161 = LINE('',#13162,#13163);
#13162 = CARTESIAN_POINT('',(0.,113.));
#13163 = VECTOR('',#13164,1.);
#13164 = DIRECTION('',(1.,0.));
#13165 = ( GEOMETRIC_REPRESENTATION_CONTEXT(2) 
PARAMETRIC_REPRESENTATION_CONTEXT() REPRESENTATION_CONTEXT('2D SPACE',''
  ) );
#13166 = ORIENTED_EDGE('',*,*,#4120,.T.);
#13167 = ORIENTED_EDGE('',*,*,#13168,.T.);
#13168 = EDGE_CURVE('',#4093,#13169,#13171,.T.);
#13169 = VERTEX_POINT('',#13170);
#13170 = CARTESIAN_POINT('',(121.,64.87867965644,-141.2756492761));
#13171 = SURFACE_CURVE('',#13172,(#13176,#13183),.PCURVE_S1.);
#13172 = LINE('',#13173,#13174);
#13173 = CARTESIAN_POINT('',(121.,67.,-143.3969696196));
#13174 = VECTOR('',#13175,1.);
#13175 = DIRECTION('',(0.,-0.707106781187,0.707106781187));
#13176 = PCURVE('',#3906,#13177);
#13177 = DEFINITIONAL_REPRESENTATION('',(#13178),#13182);
#13178 = LINE('',#13179,#13180);
#13179 = CARTESIAN_POINT('',(-3.552713678801E-15,-24.));
#13180 = VECTOR('',#13181,1.);
#13181 = DIRECTION('',(1.,0.));
#13182 = ( GEOMETRIC_REPRESENTATION_CONTEXT(2) 
PARAMETRIC_REPRESENTATION_CONTEXT() REPRESENTATION_CONTEXT('2D SPACE',''
  ) );
#13183 = PCURVE('',#4108,#13184);
#13184 = DEFINITIONAL_REPRESENTATION('',(#13185),#13189);
#13185 = LINE('',#13186,#13187);
#13186 = CARTESIAN_POINT('',(0.,113.));
#13187 = VECTOR('',#13188,1.);
#13188 = DIRECTION('',(1.,0.));
#13189 = ( GEOMETRIC_REPRESENTATION_CONTEXT(2) 
PARAMETRIC_REPRESENTATION_CONTEXT() REPRESENTATION_CONTEXT('2D SPACE',''
  ) );
#13190 = ORIENTED_EDGE('',*,*,#13191,.F.);
#13191 = EDGE_CURVE('',#13192,#13169,#13194,.T.);
#13192 = VERTEX_POINT('',#13193);
#13193 = CARTESIAN_POINT('',(121.,66.575735931288,-139.5785930012));
#13194 = SURFACE_CURVE('',#13195,(#13199,#13206),.PCURVE_S1.);
#13195 = LINE('',#13196,#13197);
#13196 = CARTESIAN_POINT('',(121.,56.393398282202,-149.7609306503));
#13197 = VECTOR('',#13198,1.);
#13198 = DIRECTION('',(0.,-0.707106781187,-0.707106781187));
#13199 = PCURVE('',#3906,#13200);
#13200 = DEFINITIONAL_REPRESENTATION('',(#13201),#13205);
#13201 = LINE('',#13202,#13203);
#13202 = CARTESIAN_POINT('',(3.,-12.));
#13203 = VECTOR('',#13204,1.);
#13204 = DIRECTION('',(0.,1.));
#13205 = ( GEOMETRIC_REPRESENTATION_CONTEXT(2) 
PARAMETRIC_REPRESENTATION_CONTEXT() REPRESENTATION_CONTEXT('2D SPACE',''
  ) );
#13206 = PCURVE('',#9776,#13207);
#13207 = DEFINITIONAL_REPRESENTATION('',(#13208),#13212);
#13208 = LINE('',#13209,#13210);
#13209 = CARTESIAN_POINT('',(113.,-96.));
#13210 = VECTOR('',#13211,1.);
#13211 = DIRECTION('',(0.,-1.));
#13212 = ( GEOMETRIC_REPRESENTATION_CONTEXT(2) 
PARAMETRIC_REPRESENTATION_CONTEXT() REPRESENTATION_CONTEXT('2D SPACE',''
  ) );
#13213 = ORIENTED_EDGE('',*,*,#13214,.F.);
#13214 = EDGE_CURVE('',#4146,#13192,#13215,.T.);
#13215 = SURFACE_CURVE('',#13216,(#13220,#13227),.PCURVE_S1.);
#13216 = LINE('',#13217,#13218);
#13217 = CARTESIAN_POINT('',(121.,68.697056274848,-141.6999133448));
#13218 = VECTOR('',#13219,1.);
#13219 = DIRECTION('',(0.,-0.707106781187,0.707106781187));
#13220 = PCURVE('',#3906,#13221);
#13221 = DEFINITIONAL_REPRESENTATION('',(#13222),#13226);
#13222 = LINE('',#13223,#13224);
#13223 = CARTESIAN_POINT('',(-1.7763568394E-15,-26.4));
#13224 = VECTOR('',#13225,1.);
#13225 = DIRECTION('',(1.,0.));
#13226 = ( GEOMETRIC_REPRESENTATION_CONTEXT(2) 
PARAMETRIC_REPRESENTATION_CONTEXT() REPRESENTATION_CONTEXT('2D SPACE',''
  ) );
#13227 = PCURVE('',#4161,#13228);
#13228 = DEFINITIONAL_REPRESENTATION('',(#13229),#13233);
#13229 = LINE('',#13230,#13231);
#13230 = CARTESIAN_POINT('',(0.,113.));
#13231 = VECTOR('',#13232,1.);
#13232 = DIRECTION('',(1.,0.));
#13233 = ( GEOMETRIC_REPRESENTATION_CONTEXT(2) 
PARAMETRIC_REPRESENTATION_CONTEXT() REPRESENTATION_CONTEXT('2D SPACE',''
  ) );
#13234 = ORIENTED_EDGE('',*,*,#4229,.T.);
#13235 = ORIENTED_EDGE('',*,*,#13236,.T.);
#13236 = EDGE_CURVE('',#4202,#13237,#13239,.T.);
#13237 = VERTEX_POINT('',#13238);
#13238 = CARTESIAN_POINT('',(121.,73.363961030679,-132.7903679018));
#13239 = SURFACE_CURVE('',#13240,(#13244,#13251),.PCURVE_S1.);
#13240 = LINE('',#13241,#13242);
#13241 = CARTESIAN_POINT('',(121.,75.485281374239,-134.9116882454));
#13242 = VECTOR('',#13243,1.);
#13243 = DIRECTION('',(0.,-0.707106781187,0.707106781187));
#13244 = PCURVE('',#3906,#13245);
#13245 = DEFINITIONAL_REPRESENTATION('',(#13246),#13250);
#13246 = LINE('',#13247,#13248);
#13247 = CARTESIAN_POINT('',(-1.06581410364E-14,-36.));
#13248 = VECTOR('',#13249,1.);
#13249 = DIRECTION('',(1.,0.));
#13250 = ( GEOMETRIC_REPRESENTATION_CONTEXT(2) 
PARAMETRIC_REPRESENTATION_CONTEXT() REPRESENTATION_CONTEXT('2D SPACE',''
  ) );
#13251 = PCURVE('',#4217,#13252);
#13252 = DEFINITIONAL_REPRESENTATION('',(#13253),#13257);
#13253 = LINE('',#13254,#13255);
#13254 = CARTESIAN_POINT('',(0.,113.));
#13255 = VECTOR('',#13256,1.);
#13256 = DIRECTION('',(1.,0.));
#13257 = ( GEOMETRIC_REPRESENTATION_CONTEXT(2) 
PARAMETRIC_REPRESENTATION_CONTEXT() REPRESENTATION_CONTEXT('2D SPACE',''
  ) );
#13258 = ORIENTED_EDGE('',*,*,#13259,.F.);
#13259 = EDGE_CURVE('',#13260,#13237,#13262,.T.);
#13260 = VERTEX_POINT('',#13261);
#13261 = CARTESIAN_POINT('',(121.,70.535533905933,-135.6187950266));
#13262 = SURFACE_CURVE('',#13263,(#13267,#13274),.PCURVE_S1.);
#13263 = LINE('',#13264,#13265);
#13264 = CARTESIAN_POINT('',(121.,70.535533905933,-135.6187950266));
#13265 = VECTOR('',#13266,1.);
#13266 = DIRECTION('',(0.,0.707106781187,0.707106781187));
#13267 = PCURVE('',#3906,#13268);
#13268 = DEFINITIONAL_REPRESENTATION('',(#13269),#13273);
#13269 = LINE('',#13270,#13271);
#13270 = CARTESIAN_POINT('',(3.,-32.));
#13271 = VECTOR('',#13272,1.);
#13272 = DIRECTION('',(0.,-1.));
#13273 = ( GEOMETRIC_REPRESENTATION_CONTEXT(2) 
PARAMETRIC_REPRESENTATION_CONTEXT() REPRESENTATION_CONTEXT('2D SPACE',''
  ) );
#13274 = PCURVE('',#9776,#13275);
#13275 = DEFINITIONAL_REPRESENTATION('',(#13276),#13280);
#13276 = LINE('',#13277,#13278);
#13277 = CARTESIAN_POINT('',(113.,-76.));
#13278 = VECTOR('',#13279,1.);
#13279 = DIRECTION('',(0.,1.));
#13280 = ( GEOMETRIC_REPRESENTATION_CONTEXT(2) 
PARAMETRIC_REPRESENTATION_CONTEXT() REPRESENTATION_CONTEXT('2D SPACE',''
  ) );
#13281 = ORIENTED_EDGE('',*,*,#13282,.T.);
#13282 = EDGE_CURVE('',#13260,#13098,#13283,.T.);
#13283 = SURFACE_CURVE('',#13284,(#13288,#13295),.PCURVE_S1.);
#13284 = LINE('',#13285,#13286);
#13285 = CARTESIAN_POINT('',(121.,70.535533905933,-135.6187950266));
#13286 = VECTOR('',#13287,1.);
#13287 = DIRECTION('',(0.,-0.707106781187,0.707106781187));
#13288 = PCURVE('',#3906,#13289);
#13289 = DEFINITIONAL_REPRESENTATION('',(#13290),#13294);
#13290 = LINE('',#13291,#13292);
#13291 = CARTESIAN_POINT('',(3.,-32.));
#13292 = VECTOR('',#13293,1.);
#13293 = DIRECTION('',(1.,0.));
#13294 = ( GEOMETRIC_REPRESENTATION_CONTEXT(2) 
PARAMETRIC_REPRESENTATION_CONTEXT() REPRESENTATION_CONTEXT('2D SPACE',''
  ) );
#13295 = PCURVE('',#13296,#13301);
#13296 = PLANE('',#13297);
#13297 = AXIS2_PLACEMENT_3D('',#13298,#13299,#13300);
#13298 = CARTESIAN_POINT('',(121.,70.535533905933,-135.6187950266));
#13299 = DIRECTION('',(0.,0.707106781187,0.707106781187));
#13300 = DIRECTION('',(0.,-0.707106781187,0.707106781187));
#13301 = DEFINITIONAL_REPRESENTATION('',(#13302),#13306);
#13302 = LINE('',#13303,#13304);
#13303 = CARTESIAN_POINT('',(0.,0.));
#13304 = VECTOR('',#13305,1.);
#13305 = DIRECTION('',(1.,0.));
#13306 = ( GEOMETRIC_REPRESENTATION_CONTEXT(2) 
PARAMETRIC_REPRESENTATION_CONTEXT() REPRESENTATION_CONTEXT('2D SPACE',''
  ) );
#13307 = ADVANCED_FACE('',(#13308),#3938,.T.);
#13308 = FACE_BOUND('',#13309,.T.);
#13309 = EDGE_LOOP('',(#13310,#13311,#13334,#13357));
#13310 = ORIENTED_EDGE('',*,*,#3920,.F.);
#13311 = ORIENTED_EDGE('',*,*,#13312,.F.);
#13312 = EDGE_CURVE('',#13313,#3921,#13315,.T.);
#13313 = VERTEX_POINT('',#13314);
#13314 = CARTESIAN_POINT('',(71.4,109.00214280248,-97.15218613007));
#13315 = SURFACE_CURVE('',#13316,(#13320,#13327),.PCURVE_S1.);
#13316 = LINE('',#13317,#13318);
#13317 = CARTESIAN_POINT('',(71.4,111.12346314604,-99.27350647362));
#13318 = VECTOR('',#13319,1.);
#13319 = DIRECTION('',(0.,0.707106781187,-0.707106781187));
#13320 = PCURVE('',#3938,#13321);
#13321 = DEFINITIONAL_REPRESENTATION('',(#13322),#13326);
#13322 = LINE('',#13323,#13324);
#13323 = CARTESIAN_POINT('',(0.,63.4));
#13324 = VECTOR('',#13325,1.);
#13325 = DIRECTION('',(-1.,0.));
#13326 = ( GEOMETRIC_REPRESENTATION_CONTEXT(2) 
PARAMETRIC_REPRESENTATION_CONTEXT() REPRESENTATION_CONTEXT('2D SPACE',''
  ) );
#13327 = PCURVE('',#3966,#13328);
#13328 = DEFINITIONAL_REPRESENTATION('',(#13329),#13333);
#13329 = LINE('',#13330,#13331);
#13330 = CARTESIAN_POINT('',(0.,-86.4));
#13331 = VECTOR('',#13332,1.);
#13332 = DIRECTION('',(-1.,0.));
#13333 = ( GEOMETRIC_REPRESENTATION_CONTEXT(2) 
PARAMETRIC_REPRESENTATION_CONTEXT() REPRESENTATION_CONTEXT('2D SPACE',''
  ) );
#13334 = ORIENTED_EDGE('',*,*,#13335,.T.);
#13335 = EDGE_CURVE('',#13313,#13336,#13338,.T.);
#13336 = VERTEX_POINT('',#13337);
#13337 = CARTESIAN_POINT('',(121.,109.00214280248,-97.15218613007));
#13338 = SURFACE_CURVE('',#13339,(#13343,#13350),.PCURVE_S1.);
#13339 = LINE('',#13340,#13341);
#13340 = CARTESIAN_POINT('',(8.,109.00214280248,-97.15218613007));
#13341 = VECTOR('',#13342,1.);
#13342 = DIRECTION('',(1.,0.,0.));
#13343 = PCURVE('',#3938,#13344);
#13344 = DEFINITIONAL_REPRESENTATION('',(#13345),#13349);
#13345 = LINE('',#13346,#13347);
#13346 = CARTESIAN_POINT('',(3.,0.));
#13347 = VECTOR('',#13348,1.);
#13348 = DIRECTION('',(0.,1.));
#13349 = ( GEOMETRIC_REPRESENTATION_CONTEXT(2) 
PARAMETRIC_REPRESENTATION_CONTEXT() REPRESENTATION_CONTEXT('2D SPACE',''
  ) );
#13350 = PCURVE('',#9776,#13351);
#13351 = DEFINITIONAL_REPRESENTATION('',(#13352),#13356);
#13352 = LINE('',#13353,#13354);
#13353 = CARTESIAN_POINT('',(0.,-21.6));
#13354 = VECTOR('',#13355,1.);
#13355 = DIRECTION('',(1.,0.));
#13356 = ( GEOMETRIC_REPRESENTATION_CONTEXT(2) 
PARAMETRIC_REPRESENTATION_CONTEXT() REPRESENTATION_CONTEXT('2D SPACE',''
  ) );
#13357 = ORIENTED_EDGE('',*,*,#13358,.F.);
#13358 = EDGE_CURVE('',#3923,#13336,#13359,.T.);
#13359 = SURFACE_CURVE('',#13360,(#13364,#13371),.PCURVE_S1.);
#13360 = LINE('',#13361,#13362);
#13361 = CARTESIAN_POINT('',(121.,111.12346314604,-99.27350647362));
#13362 = VECTOR('',#13363,1.);
#13363 = DIRECTION('',(0.,-0.707106781187,0.707106781187));
#13364 = PCURVE('',#3938,#13365);
#13365 = DEFINITIONAL_REPRESENTATION('',(#13366),#13370);
#13366 = LINE('',#13367,#13368);
#13367 = CARTESIAN_POINT('',(0.,113.));
#13368 = VECTOR('',#13369,1.);
#13369 = DIRECTION('',(1.,0.));
#13370 = ( GEOMETRIC_REPRESENTATION_CONTEXT(2) 
PARAMETRIC_REPRESENTATION_CONTEXT() REPRESENTATION_CONTEXT('2D SPACE',''
  ) );
#13371 = PCURVE('',#4020,#13372);
#13372 = DEFINITIONAL_REPRESENTATION('',(#13373),#13377);
#13373 = LINE('',#13374,#13375);
#13374 = CARTESIAN_POINT('',(0.,-86.4));
#13375 = VECTOR('',#13376,1.);
#13376 = DIRECTION('',(1.,0.));
#13377 = ( GEOMETRIC_REPRESENTATION_CONTEXT(2) 
PARAMETRIC_REPRESENTATION_CONTEXT() REPRESENTATION_CONTEXT('2D SPACE',''
  ) );
#13378 = ADVANCED_FACE('',(#13379),#3966,.T.);
#13379 = FACE_BOUND('',#13380,.T.);
#13380 = EDGE_LOOP('',(#13381,#13404,#13405,#13406));
#13381 = ORIENTED_EDGE('',*,*,#13382,.F.);
#13382 = EDGE_CURVE('',#13313,#13383,#13385,.T.);
#13383 = VERTEX_POINT('',#13384);
#13384 = CARTESIAN_POINT('',(71.4,115.79036790187,-90.36396103067));
#13385 = SURFACE_CURVE('',#13386,(#13390,#13397),.PCURVE_S1.);
#13386 = LINE('',#13387,#13388);
#13387 = CARTESIAN_POINT('',(71.4,47.908116907963,-158.2462120245));
#13388 = VECTOR('',#13389,1.);
#13389 = DIRECTION('',(0.,0.707106781187,0.707106781187));
#13390 = PCURVE('',#3966,#13391);
#13391 = DEFINITIONAL_REPRESENTATION('',(#13392),#13396);
#13392 = LINE('',#13393,#13394);
#13393 = CARTESIAN_POINT('',(3.,5.329070518201E-15));
#13394 = VECTOR('',#13395,1.);
#13395 = DIRECTION('',(0.,-1.));
#13396 = ( GEOMETRIC_REPRESENTATION_CONTEXT(2) 
PARAMETRIC_REPRESENTATION_CONTEXT() REPRESENTATION_CONTEXT('2D SPACE',''
  ) );
#13397 = PCURVE('',#9776,#13398);
#13398 = DEFINITIONAL_REPRESENTATION('',(#13399),#13403);
#13399 = LINE('',#13400,#13401);
#13400 = CARTESIAN_POINT('',(63.4,-108.));
#13401 = VECTOR('',#13402,1.);
#13402 = DIRECTION('',(0.,1.));
#13403 = ( GEOMETRIC_REPRESENTATION_CONTEXT(2) 
PARAMETRIC_REPRESENTATION_CONTEXT() REPRESENTATION_CONTEXT('2D SPACE',''
  ) );
#13404 = ORIENTED_EDGE('',*,*,#13312,.T.);
#13405 = ORIENTED_EDGE('',*,*,#3950,.T.);
#13406 = ORIENTED_EDGE('',*,*,#13407,.F.);
#13407 = EDGE_CURVE('',#13383,#3951,#13408,.T.);
#13408 = SURFACE_CURVE('',#13409,(#13413,#13420),.PCURVE_S1.);
#13409 = LINE('',#13410,#13411);
#13410 = CARTESIAN_POINT('',(71.4,117.91168824543,-92.48528137423));
#13411 = VECTOR('',#13412,1.);
#13412 = DIRECTION('',(0.,0.707106781187,-0.707106781187));
#13413 = PCURVE('',#3966,#13414);
#13414 = DEFINITIONAL_REPRESENTATION('',(#13415),#13419);
#13415 = LINE('',#13416,#13417);
#13416 = CARTESIAN_POINT('',(-1.42108547152E-14,-96.));
#13417 = VECTOR('',#13418,1.);
#13418 = DIRECTION('',(-1.,0.));
#13419 = ( GEOMETRIC_REPRESENTATION_CONTEXT(2) 
PARAMETRIC_REPRESENTATION_CONTEXT() REPRESENTATION_CONTEXT('2D SPACE',''
  ) );
#13420 = PCURVE('',#3994,#13421);
#13421 = DEFINITIONAL_REPRESENTATION('',(#13422),#13426);
#13422 = LINE('',#13423,#13424);
#13423 = CARTESIAN_POINT('',(0.,63.4));
#13424 = VECTOR('',#13425,1.);
#13425 = DIRECTION('',(-1.,0.));
#13426 = ( GEOMETRIC_REPRESENTATION_CONTEXT(2) 
PARAMETRIC_REPRESENTATION_CONTEXT() REPRESENTATION_CONTEXT('2D SPACE',''
  ) );
#13427 = ADVANCED_FACE('',(#13428),#3994,.F.);
#13428 = FACE_BOUND('',#13429,.F.);
#13429 = EDGE_LOOP('',(#13430,#13431,#13432,#13455));
#13430 = ORIENTED_EDGE('',*,*,#3978,.F.);
#13431 = ORIENTED_EDGE('',*,*,#13407,.F.);
#13432 = ORIENTED_EDGE('',*,*,#13433,.T.);
#13433 = EDGE_CURVE('',#13383,#13434,#13436,.T.);
#13434 = VERTEX_POINT('',#13435);
#13435 = CARTESIAN_POINT('',(121.,115.79036790187,-90.36396103067));
#13436 = SURFACE_CURVE('',#13437,(#13441,#13448),.PCURVE_S1.);
#13437 = LINE('',#13438,#13439);
#13438 = CARTESIAN_POINT('',(8.,115.79036790187,-90.36396103067));
#13439 = VECTOR('',#13440,1.);
#13440 = DIRECTION('',(1.,0.,0.));
#13441 = PCURVE('',#3994,#13442);
#13442 = DEFINITIONAL_REPRESENTATION('',(#13443),#13447);
#13443 = LINE('',#13444,#13445);
#13444 = CARTESIAN_POINT('',(3.,0.));
#13445 = VECTOR('',#13446,1.);
#13446 = DIRECTION('',(0.,1.));
#13447 = ( GEOMETRIC_REPRESENTATION_CONTEXT(2) 
PARAMETRIC_REPRESENTATION_CONTEXT() REPRESENTATION_CONTEXT('2D SPACE',''
  ) );
#13448 = PCURVE('',#9776,#13449);
#13449 = DEFINITIONAL_REPRESENTATION('',(#13450),#13454);
#13450 = LINE('',#13451,#13452);
#13451 = CARTESIAN_POINT('',(0.,-12.));
#13452 = VECTOR('',#13453,1.);
#13453 = DIRECTION('',(1.,0.));
#13454 = ( GEOMETRIC_REPRESENTATION_CONTEXT(2) 
PARAMETRIC_REPRESENTATION_CONTEXT() REPRESENTATION_CONTEXT('2D SPACE',''
  ) );
#13455 = ORIENTED_EDGE('',*,*,#13456,.F.);
#13456 = EDGE_CURVE('',#3979,#13434,#13457,.T.);
#13457 = SURFACE_CURVE('',#13458,(#13462,#13469),.PCURVE_S1.);
#13458 = LINE('',#13459,#13460);
#13459 = CARTESIAN_POINT('',(121.,117.91168824543,-92.48528137423));
#13460 = VECTOR('',#13461,1.);
#13461 = DIRECTION('',(0.,-0.707106781187,0.707106781187));
#13462 = PCURVE('',#3994,#13463);
#13463 = DEFINITIONAL_REPRESENTATION('',(#13464),#13468);
#13464 = LINE('',#13465,#13466);
#13465 = CARTESIAN_POINT('',(0.,113.));
#13466 = VECTOR('',#13467,1.);
#13467 = DIRECTION('',(1.,0.));
#13468 = ( GEOMETRIC_REPRESENTATION_CONTEXT(2) 
PARAMETRIC_REPRESENTATION_CONTEXT() REPRESENTATION_CONTEXT('2D SPACE',''
  ) );
#13469 = PCURVE('',#4020,#13470);
#13470 = DEFINITIONAL_REPRESENTATION('',(#13471),#13475);
#13471 = LINE('',#13472,#13473);
#13472 = CARTESIAN_POINT('',(-1.42108547152E-14,-96.));
#13473 = VECTOR('',#13474,1.);
#13474 = DIRECTION('',(1.,0.));
#13475 = ( GEOMETRIC_REPRESENTATION_CONTEXT(2) 
PARAMETRIC_REPRESENTATION_CONTEXT() REPRESENTATION_CONTEXT('2D SPACE',''
  ) );
#13476 = ADVANCED_FACE('',(#13477),#4020,.F.);
#13477 = FACE_BOUND('',#13478,.F.);
#13478 = EDGE_LOOP('',(#13479,#13480,#13501,#13502));
#13479 = ORIENTED_EDGE('',*,*,#13456,.T.);
#13480 = ORIENTED_EDGE('',*,*,#13481,.F.);
#13481 = EDGE_CURVE('',#13336,#13434,#13482,.T.);
#13482 = SURFACE_CURVE('',#13483,(#13487,#13494),.PCURVE_S1.);
#13483 = LINE('',#13484,#13485);
#13484 = CARTESIAN_POINT('',(121.,70.535533905933,-135.6187950266));
#13485 = VECTOR('',#13486,1.);
#13486 = DIRECTION('',(0.,0.707106781187,0.707106781187));
#13487 = PCURVE('',#4020,#13488);
#13488 = DEFINITIONAL_REPRESENTATION('',(#13489),#13493);
#13489 = LINE('',#13490,#13491);
#13490 = CARTESIAN_POINT('',(3.,-32.));
#13491 = VECTOR('',#13492,1.);
#13492 = DIRECTION('',(0.,-1.));
#13493 = ( GEOMETRIC_REPRESENTATION_CONTEXT(2) 
PARAMETRIC_REPRESENTATION_CONTEXT() REPRESENTATION_CONTEXT('2D SPACE',''
  ) );
#13494 = PCURVE('',#9776,#13495);
#13495 = DEFINITIONAL_REPRESENTATION('',(#13496),#13500);
#13496 = LINE('',#13497,#13498);
#13497 = CARTESIAN_POINT('',(113.,-76.));
#13498 = VECTOR('',#13499,1.);
#13499 = DIRECTION('',(0.,1.));
#13500 = ( GEOMETRIC_REPRESENTATION_CONTEXT(2) 
PARAMETRIC_REPRESENTATION_CONTEXT() REPRESENTATION_CONTEXT('2D SPACE',''
  ) );
#13501 = ORIENTED_EDGE('',*,*,#13358,.F.);
#13502 = ORIENTED_EDGE('',*,*,#4006,.T.);
#13503 = ADVANCED_FACE('',(#13504),#4052,.T.);
#13504 = FACE_BOUND('',#13505,.T.);
#13505 = EDGE_LOOP('',(#13506,#13507,#13530,#13551));
#13506 = ORIENTED_EDGE('',*,*,#4034,.F.);
#13507 = ORIENTED_EDGE('',*,*,#13508,.F.);
#13508 = EDGE_CURVE('',#13509,#4035,#13511,.T.);
#13509 = VERTEX_POINT('',#13510);
#13510 = CARTESIAN_POINT('',(71.4,58.090454557049,-148.0638743755));
#13511 = SURFACE_CURVE('',#13512,(#13516,#13523),.PCURVE_S1.);
#13512 = LINE('',#13513,#13514);
#13513 = CARTESIAN_POINT('',(71.4,60.211774900609,-150.185194719));
#13514 = VECTOR('',#13515,1.);
#13515 = DIRECTION('',(0.,0.707106781187,-0.707106781187));
#13516 = PCURVE('',#4052,#13517);
#13517 = DEFINITIONAL_REPRESENTATION('',(#13518),#13522);
#13518 = LINE('',#13519,#13520);
#13519 = CARTESIAN_POINT('',(0.,63.4));
#13520 = VECTOR('',#13521,1.);
#13521 = DIRECTION('',(-1.,0.));
#13522 = ( GEOMETRIC_REPRESENTATION_CONTEXT(2) 
PARAMETRIC_REPRESENTATION_CONTEXT() REPRESENTATION_CONTEXT('2D SPACE',''
  ) );
#13523 = PCURVE('',#4080,#13524);
#13524 = DEFINITIONAL_REPRESENTATION('',(#13525),#13529);
#13525 = LINE('',#13526,#13527);
#13526 = CARTESIAN_POINT('',(-8.881784197001E-15,-14.4));
#13527 = VECTOR('',#13528,1.);
#13528 = DIRECTION('',(-1.,0.));
#13529 = ( GEOMETRIC_REPRESENTATION_CONTEXT(2) 
PARAMETRIC_REPRESENTATION_CONTEXT() REPRESENTATION_CONTEXT('2D SPACE',''
  ) );
#13530 = ORIENTED_EDGE('',*,*,#13531,.T.);
#13531 = EDGE_CURVE('',#13509,#13124,#13532,.T.);
#13532 = SURFACE_CURVE('',#13533,(#13537,#13544),.PCURVE_S1.);
#13533 = LINE('',#13534,#13535);
#13534 = CARTESIAN_POINT('',(8.,58.090454557049,-148.0638743755));
#13535 = VECTOR('',#13536,1.);
#13536 = DIRECTION('',(1.,0.,0.));
#13537 = PCURVE('',#4052,#13538);
#13538 = DEFINITIONAL_REPRESENTATION('',(#13539),#13543);
#13539 = LINE('',#13540,#13541);
#13540 = CARTESIAN_POINT('',(3.,0.));
#13541 = VECTOR('',#13542,1.);
#13542 = DIRECTION('',(0.,1.));
#13543 = ( GEOMETRIC_REPRESENTATION_CONTEXT(2) 
PARAMETRIC_REPRESENTATION_CONTEXT() REPRESENTATION_CONTEXT('2D SPACE',''
  ) );
#13544 = PCURVE('',#9776,#13545);
#13545 = DEFINITIONAL_REPRESENTATION('',(#13546),#13550);
#13546 = LINE('',#13547,#13548);
#13547 = CARTESIAN_POINT('',(0.,-93.6));
#13548 = VECTOR('',#13549,1.);
#13549 = DIRECTION('',(1.,0.));
#13550 = ( GEOMETRIC_REPRESENTATION_CONTEXT(2) 
PARAMETRIC_REPRESENTATION_CONTEXT() REPRESENTATION_CONTEXT('2D SPACE',''
  ) );
#13551 = ORIENTED_EDGE('',*,*,#13146,.F.);
#13552 = ADVANCED_FACE('',(#13553),#4080,.T.);
#13553 = FACE_BOUND('',#13554,.T.);
#13554 = EDGE_LOOP('',(#13555,#13578,#13579,#13580));
#13555 = ORIENTED_EDGE('',*,*,#13556,.F.);
#13556 = EDGE_CURVE('',#13509,#13557,#13559,.T.);
#13557 = VERTEX_POINT('',#13558);
#13558 = CARTESIAN_POINT('',(71.4,64.87867965644,-141.2756492761));
#13559 = SURFACE_CURVE('',#13560,(#13564,#13571),.PCURVE_S1.);
#13560 = LINE('',#13561,#13562);
#13561 = CARTESIAN_POINT('',(71.4,47.908116907963,-158.2462120245));
#13562 = VECTOR('',#13563,1.);
#13563 = DIRECTION('',(0.,0.707106781187,0.707106781187));
#13564 = PCURVE('',#4080,#13565);
#13565 = DEFINITIONAL_REPRESENTATION('',(#13566),#13570);
#13566 = LINE('',#13567,#13568);
#13567 = CARTESIAN_POINT('',(3.,5.329070518201E-15));
#13568 = VECTOR('',#13569,1.);
#13569 = DIRECTION('',(0.,-1.));
#13570 = ( GEOMETRIC_REPRESENTATION_CONTEXT(2) 
PARAMETRIC_REPRESENTATION_CONTEXT() REPRESENTATION_CONTEXT('2D SPACE',''
  ) );
#13571 = PCURVE('',#9776,#13572);
#13572 = DEFINITIONAL_REPRESENTATION('',(#13573),#13577);
#13573 = LINE('',#13574,#13575);
#13574 = CARTESIAN_POINT('',(63.4,-108.));
#13575 = VECTOR('',#13576,1.);
#13576 = DIRECTION('',(0.,1.));
#13577 = ( GEOMETRIC_REPRESENTATION_CONTEXT(2) 
PARAMETRIC_REPRESENTATION_CONTEXT() REPRESENTATION_CONTEXT('2D SPACE',''
  ) );
#13578 = ORIENTED_EDGE('',*,*,#13508,.T.);
#13579 = ORIENTED_EDGE('',*,*,#4064,.T.);
#13580 = ORIENTED_EDGE('',*,*,#13581,.F.);
#13581 = EDGE_CURVE('',#13557,#4065,#13582,.T.);
#13582 = SURFACE_CURVE('',#13583,(#13587,#13594),.PCURVE_S1.);
#13583 = LINE('',#13584,#13585);
#13584 = CARTESIAN_POINT('',(71.4,67.,-143.3969696196));
#13585 = VECTOR('',#13586,1.);
#13586 = DIRECTION('',(0.,0.707106781187,-0.707106781187));
#13587 = PCURVE('',#4080,#13588);
#13588 = DEFINITIONAL_REPRESENTATION('',(#13589),#13593);
#13589 = LINE('',#13590,#13591);
#13590 = CARTESIAN_POINT('',(-3.552713678801E-15,-24.));
#13591 = VECTOR('',#13592,1.);
#13592 = DIRECTION('',(-1.,0.));
#13593 = ( GEOMETRIC_REPRESENTATION_CONTEXT(2) 
PARAMETRIC_REPRESENTATION_CONTEXT() REPRESENTATION_CONTEXT('2D SPACE',''
  ) );
#13594 = PCURVE('',#4108,#13595);
#13595 = DEFINITIONAL_REPRESENTATION('',(#13596),#13600);
#13596 = LINE('',#13597,#13598);
#13597 = CARTESIAN_POINT('',(0.,63.4));
#13598 = VECTOR('',#13599,1.);
#13599 = DIRECTION('',(-1.,0.));
#13600 = ( GEOMETRIC_REPRESENTATION_CONTEXT(2) 
PARAMETRIC_REPRESENTATION_CONTEXT() REPRESENTATION_CONTEXT('2D SPACE',''
  ) );
#13601 = ADVANCED_FACE('',(#13602),#4108,.F.);
#13602 = FACE_BOUND('',#13603,.F.);
#13603 = EDGE_LOOP('',(#13604,#13605,#13606,#13627));
#13604 = ORIENTED_EDGE('',*,*,#4092,.F.);
#13605 = ORIENTED_EDGE('',*,*,#13581,.F.);
#13606 = ORIENTED_EDGE('',*,*,#13607,.T.);
#13607 = EDGE_CURVE('',#13557,#13169,#13608,.T.);
#13608 = SURFACE_CURVE('',#13609,(#13613,#13620),.PCURVE_S1.);
#13609 = LINE('',#13610,#13611);
#13610 = CARTESIAN_POINT('',(8.,64.87867965644,-141.2756492761));
#13611 = VECTOR('',#13612,1.);
#13612 = DIRECTION('',(1.,0.,0.));
#13613 = PCURVE('',#4108,#13614);
#13614 = DEFINITIONAL_REPRESENTATION('',(#13615),#13619);
#13615 = LINE('',#13616,#13617);
#13616 = CARTESIAN_POINT('',(3.,0.));
#13617 = VECTOR('',#13618,1.);
#13618 = DIRECTION('',(0.,1.));
#13619 = ( GEOMETRIC_REPRESENTATION_CONTEXT(2) 
PARAMETRIC_REPRESENTATION_CONTEXT() REPRESENTATION_CONTEXT('2D SPACE',''
  ) );
#13620 = PCURVE('',#9776,#13621);
#13621 = DEFINITIONAL_REPRESENTATION('',(#13622),#13626);
#13622 = LINE('',#13623,#13624);
#13623 = CARTESIAN_POINT('',(0.,-84.));
#13624 = VECTOR('',#13625,1.);
#13625 = DIRECTION('',(1.,0.));
#13626 = ( GEOMETRIC_REPRESENTATION_CONTEXT(2) 
PARAMETRIC_REPRESENTATION_CONTEXT() REPRESENTATION_CONTEXT('2D SPACE',''
  ) );
#13627 = ORIENTED_EDGE('',*,*,#13168,.F.);
#13628 = ADVANCED_FACE('',(#13629),#4161,.T.);
#13629 = FACE_BOUND('',#13630,.T.);
#13630 = EDGE_LOOP('',(#13631,#13632,#13655,#13676));
#13631 = ORIENTED_EDGE('',*,*,#4143,.F.);
#13632 = ORIENTED_EDGE('',*,*,#13633,.F.);
#13633 = EDGE_CURVE('',#13634,#4144,#13636,.T.);
#13634 = VERTEX_POINT('',#13635);
#13635 = CARTESIAN_POINT('',(71.4,66.575735931288,-139.5785930012));
#13636 = SURFACE_CURVE('',#13637,(#13641,#13648),.PCURVE_S1.);
#13637 = LINE('',#13638,#13639);
#13638 = CARTESIAN_POINT('',(71.4,68.697056274848,-141.6999133448));
#13639 = VECTOR('',#13640,1.);
#13640 = DIRECTION('',(0.,0.707106781187,-0.707106781187));
#13641 = PCURVE('',#4161,#13642);
#13642 = DEFINITIONAL_REPRESENTATION('',(#13643),#13647);
#13643 = LINE('',#13644,#13645);
#13644 = CARTESIAN_POINT('',(0.,63.4));
#13645 = VECTOR('',#13646,1.);
#13646 = DIRECTION('',(-1.,0.));
#13647 = ( GEOMETRIC_REPRESENTATION_CONTEXT(2) 
PARAMETRIC_REPRESENTATION_CONTEXT() REPRESENTATION_CONTEXT('2D SPACE',''
  ) );
#13648 = PCURVE('',#4189,#13649);
#13649 = DEFINITIONAL_REPRESENTATION('',(#13650),#13654);
#13650 = LINE('',#13651,#13652);
#13651 = CARTESIAN_POINT('',(-1.7763568394E-15,-26.4));
#13652 = VECTOR('',#13653,1.);
#13653 = DIRECTION('',(-1.,0.));
#13654 = ( GEOMETRIC_REPRESENTATION_CONTEXT(2) 
PARAMETRIC_REPRESENTATION_CONTEXT() REPRESENTATION_CONTEXT('2D SPACE',''
  ) );
#13655 = ORIENTED_EDGE('',*,*,#13656,.T.);
#13656 = EDGE_CURVE('',#13634,#13192,#13657,.T.);
#13657 = SURFACE_CURVE('',#13658,(#13662,#13669),.PCURVE_S1.);
#13658 = LINE('',#13659,#13660);
#13659 = CARTESIAN_POINT('',(8.,66.575735931288,-139.5785930012));
#13660 = VECTOR('',#13661,1.);
#13661 = DIRECTION('',(1.,0.,0.));
#13662 = PCURVE('',#4161,#13663);
#13663 = DEFINITIONAL_REPRESENTATION('',(#13664),#13668);
#13664 = LINE('',#13665,#13666);
#13665 = CARTESIAN_POINT('',(3.,0.));
#13666 = VECTOR('',#13667,1.);
#13667 = DIRECTION('',(0.,1.));
#13668 = ( GEOMETRIC_REPRESENTATION_CONTEXT(2) 
PARAMETRIC_REPRESENTATION_CONTEXT() REPRESENTATION_CONTEXT('2D SPACE',''
  ) );
#13669 = PCURVE('',#9776,#13670);
#13670 = DEFINITIONAL_REPRESENTATION('',(#13671),#13675);
#13671 = LINE('',#13672,#13673);
#13672 = CARTESIAN_POINT('',(0.,-81.6));
#13673 = VECTOR('',#13674,1.);
#13674 = DIRECTION('',(1.,0.));
#13675 = ( GEOMETRIC_REPRESENTATION_CONTEXT(2) 
PARAMETRIC_REPRESENTATION_CONTEXT() REPRESENTATION_CONTEXT('2D SPACE',''
  ) );
#13676 = ORIENTED_EDGE('',*,*,#13214,.F.);
#13677 = ADVANCED_FACE('',(#13678),#4189,.T.);
#13678 = FACE_BOUND('',#13679,.T.);
#13679 = EDGE_LOOP('',(#13680,#13703,#13704,#13705));
#13680 = ORIENTED_EDGE('',*,*,#13681,.F.);
#13681 = EDGE_CURVE('',#13634,#13682,#13684,.T.);
#13682 = VERTEX_POINT('',#13683);
#13683 = CARTESIAN_POINT('',(71.4,73.363961030679,-132.7903679018));
#13684 = SURFACE_CURVE('',#13685,(#13689,#13696),.PCURVE_S1.);
#13685 = LINE('',#13686,#13687);
#13686 = CARTESIAN_POINT('',(71.4,47.908116907963,-158.2462120245));
#13687 = VECTOR('',#13688,1.);
#13688 = DIRECTION('',(0.,0.707106781187,0.707106781187));
#13689 = PCURVE('',#4189,#13690);
#13690 = DEFINITIONAL_REPRESENTATION('',(#13691),#13695);
#13691 = LINE('',#13692,#13693);
#13692 = CARTESIAN_POINT('',(3.,5.329070518201E-15));
#13693 = VECTOR('',#13694,1.);
#13694 = DIRECTION('',(0.,-1.));
#13695 = ( GEOMETRIC_REPRESENTATION_CONTEXT(2) 
PARAMETRIC_REPRESENTATION_CONTEXT() REPRESENTATION_CONTEXT('2D SPACE',''
  ) );
#13696 = PCURVE('',#9776,#13697);
#13697 = DEFINITIONAL_REPRESENTATION('',(#13698),#13702);
#13698 = LINE('',#13699,#13700);
#13699 = CARTESIAN_POINT('',(63.4,-108.));
#13700 = VECTOR('',#13701,1.);
#13701 = DIRECTION('',(0.,1.));
#13702 = ( GEOMETRIC_REPRESENTATION_CONTEXT(2) 
PARAMETRIC_REPRESENTATION_CONTEXT() REPRESENTATION_CONTEXT('2D SPACE',''
  ) );
#13703 = ORIENTED_EDGE('',*,*,#13633,.T.);
#13704 = ORIENTED_EDGE('',*,*,#4173,.T.);
#13705 = ORIENTED_EDGE('',*,*,#13706,.F.);
#13706 = EDGE_CURVE('',#13682,#4174,#13707,.T.);
#13707 = SURFACE_CURVE('',#13708,(#13712,#13719),.PCURVE_S1.);
#13708 = LINE('',#13709,#13710);
#13709 = CARTESIAN_POINT('',(71.4,75.485281374239,-134.9116882454));
#13710 = VECTOR('',#13711,1.);
#13711 = DIRECTION('',(0.,0.707106781187,-0.707106781187));
#13712 = PCURVE('',#4189,#13713);
#13713 = DEFINITIONAL_REPRESENTATION('',(#13714),#13718);
#13714 = LINE('',#13715,#13716);
#13715 = CARTESIAN_POINT('',(-1.06581410364E-14,-36.));
#13716 = VECTOR('',#13717,1.);
#13717 = DIRECTION('',(-1.,0.));
#13718 = ( GEOMETRIC_REPRESENTATION_CONTEXT(2) 
PARAMETRIC_REPRESENTATION_CONTEXT() REPRESENTATION_CONTEXT('2D SPACE',''
  ) );
#13719 = PCURVE('',#4217,#13720);
#13720 = DEFINITIONAL_REPRESENTATION('',(#13721),#13725);
#13721 = LINE('',#13722,#13723);
#13722 = CARTESIAN_POINT('',(0.,63.4));
#13723 = VECTOR('',#13724,1.);
#13724 = DIRECTION('',(-1.,0.));
#13725 = ( GEOMETRIC_REPRESENTATION_CONTEXT(2) 
PARAMETRIC_REPRESENTATION_CONTEXT() REPRESENTATION_CONTEXT('2D SPACE',''
  ) );
#13726 = ADVANCED_FACE('',(#13727),#4217,.F.);
#13727 = FACE_BOUND('',#13728,.F.);
#13728 = EDGE_LOOP('',(#13729,#13730,#13731,#13752));
#13729 = ORIENTED_EDGE('',*,*,#4201,.F.);
#13730 = ORIENTED_EDGE('',*,*,#13706,.F.);
#13731 = ORIENTED_EDGE('',*,*,#13732,.T.);
#13732 = EDGE_CURVE('',#13682,#13237,#13733,.T.);
#13733 = SURFACE_CURVE('',#13734,(#13738,#13745),.PCURVE_S1.);
#13734 = LINE('',#13735,#13736);
#13735 = CARTESIAN_POINT('',(8.,73.363961030679,-132.7903679018));
#13736 = VECTOR('',#13737,1.);
#13737 = DIRECTION('',(1.,0.,0.));
#13738 = PCURVE('',#4217,#13739);
#13739 = DEFINITIONAL_REPRESENTATION('',(#13740),#13744);
#13740 = LINE('',#13741,#13742);
#13741 = CARTESIAN_POINT('',(3.,0.));
#13742 = VECTOR('',#13743,1.);
#13743 = DIRECTION('',(0.,1.));
#13744 = ( GEOMETRIC_REPRESENTATION_CONTEXT(2) 
PARAMETRIC_REPRESENTATION_CONTEXT() REPRESENTATION_CONTEXT('2D SPACE',''
  ) );
#13745 = PCURVE('',#9776,#13746);
#13746 = DEFINITIONAL_REPRESENTATION('',(#13747),#13751);
#13747 = LINE('',#13748,#13749);
#13748 = CARTESIAN_POINT('',(0.,-72.));
#13749 = VECTOR('',#13750,1.);
#13750 = DIRECTION('',(1.,0.));
#13751 = ( GEOMETRIC_REPRESENTATION_CONTEXT(2) 
PARAMETRIC_REPRESENTATION_CONTEXT() REPRESENTATION_CONTEXT('2D SPACE',''
  ) );
#13752 = ORIENTED_EDGE('',*,*,#13236,.F.);
#13753 = ADVANCED_FACE('',(#13754),#4270,.T.);
#13754 = FACE_BOUND('',#13755,.T.);
#13755 = EDGE_LOOP('',(#13756,#13757,#13780,#13803));
#13756 = ORIENTED_EDGE('',*,*,#4252,.F.);
#13757 = ORIENTED_EDGE('',*,*,#13758,.F.);
#13758 = EDGE_CURVE('',#13759,#4253,#13761,.T.);
#13759 = VERTEX_POINT('',#13760);
#13760 = CARTESIAN_POINT('',(71.4,75.061017305527,-131.093311627));
#13761 = SURFACE_CURVE('',#13762,(#13766,#13773),.PCURVE_S1.);
#13762 = LINE('',#13763,#13764);
#13763 = CARTESIAN_POINT('',(71.4,77.182337649086,-133.2146319705));
#13764 = VECTOR('',#13765,1.);
#13765 = DIRECTION('',(0.,0.707106781187,-0.707106781187));
#13766 = PCURVE('',#4270,#13767);
#13767 = DEFINITIONAL_REPRESENTATION('',(#13768),#13772);
#13768 = LINE('',#13769,#13770);
#13769 = CARTESIAN_POINT('',(0.,63.4));
#13770 = VECTOR('',#13771,1.);
#13771 = DIRECTION('',(-1.,0.));
#13772 = ( GEOMETRIC_REPRESENTATION_CONTEXT(2) 
PARAMETRIC_REPRESENTATION_CONTEXT() REPRESENTATION_CONTEXT('2D SPACE',''
  ) );
#13773 = PCURVE('',#4298,#13774);
#13774 = DEFINITIONAL_REPRESENTATION('',(#13775),#13779);
#13775 = LINE('',#13776,#13777);
#13776 = CARTESIAN_POINT('',(-3.552713678801E-15,-38.4));
#13777 = VECTOR('',#13778,1.);
#13778 = DIRECTION('',(-1.,0.));
#13779 = ( GEOMETRIC_REPRESENTATION_CONTEXT(2) 
PARAMETRIC_REPRESENTATION_CONTEXT() REPRESENTATION_CONTEXT('2D SPACE',''
  ) );
#13780 = ORIENTED_EDGE('',*,*,#13781,.T.);
#13781 = EDGE_CURVE('',#13759,#13782,#13784,.T.);
#13782 = VERTEX_POINT('',#13783);
#13783 = CARTESIAN_POINT('',(121.,75.061017305527,-131.093311627));
#13784 = SURFACE_CURVE('',#13785,(#13789,#13796),.PCURVE_S1.);
#13785 = LINE('',#13786,#13787);
#13786 = CARTESIAN_POINT('',(8.,75.061017305527,-131.093311627));
#13787 = VECTOR('',#13788,1.);
#13788 = DIRECTION('',(1.,0.,0.));
#13789 = PCURVE('',#4270,#13790);
#13790 = DEFINITIONAL_REPRESENTATION('',(#13791),#13795);
#13791 = LINE('',#13792,#13793);
#13792 = CARTESIAN_POINT('',(3.,0.));
#13793 = VECTOR('',#13794,1.);
#13794 = DIRECTION('',(0.,1.));
#13795 = ( GEOMETRIC_REPRESENTATION_CONTEXT(2) 
PARAMETRIC_REPRESENTATION_CONTEXT() REPRESENTATION_CONTEXT('2D SPACE',''
  ) );
#13796 = PCURVE('',#9776,#13797);
#13797 = DEFINITIONAL_REPRESENTATION('',(#13798),#13802);
#13798 = LINE('',#13799,#13800);
#13799 = CARTESIAN_POINT('',(0.,-69.6));
#13800 = VECTOR('',#13801,1.);
#13801 = DIRECTION('',(1.,0.));
#13802 = ( GEOMETRIC_REPRESENTATION_CONTEXT(2) 
PARAMETRIC_REPRESENTATION_CONTEXT() REPRESENTATION_CONTEXT('2D SPACE',''
  ) );
#13803 = ORIENTED_EDGE('',*,*,#13804,.F.);
#13804 = EDGE_CURVE('',#4255,#13782,#13805,.T.);
#13805 = SURFACE_CURVE('',#13806,(#13810,#13817),.PCURVE_S1.);
#13806 = LINE('',#13807,#13808);
#13807 = CARTESIAN_POINT('',(121.,77.182337649086,-133.2146319705));
#13808 = VECTOR('',#13809,1.);
#13809 = DIRECTION('',(0.,-0.707106781187,0.707106781187));
#13810 = PCURVE('',#4270,#13811);
#13811 = DEFINITIONAL_REPRESENTATION('',(#13812),#13816);
#13812 = LINE('',#13813,#13814);
#13813 = CARTESIAN_POINT('',(0.,113.));
#13814 = VECTOR('',#13815,1.);
#13815 = DIRECTION('',(1.,0.));
#13816 = ( GEOMETRIC_REPRESENTATION_CONTEXT(2) 
PARAMETRIC_REPRESENTATION_CONTEXT() REPRESENTATION_CONTEXT('2D SPACE',''
  ) );
#13817 = PCURVE('',#4352,#13818);
#13818 = DEFINITIONAL_REPRESENTATION('',(#13819),#13823);
#13819 = LINE('',#13820,#13821);
#13820 = CARTESIAN_POINT('',(-3.552713678801E-15,-38.4));
#13821 = VECTOR('',#13822,1.);
#13822 = DIRECTION('',(1.,0.));
#13823 = ( GEOMETRIC_REPRESENTATION_CONTEXT(2) 
PARAMETRIC_REPRESENTATION_CONTEXT() REPRESENTATION_CONTEXT('2D SPACE',''
  ) );
#13824 = ADVANCED_FACE('',(#13825),#4298,.T.);
#13825 = FACE_BOUND('',#13826,.T.);
#13826 = EDGE_LOOP('',(#13827,#13850,#13851,#13852));
#13827 = ORIENTED_EDGE('',*,*,#13828,.F.);
#13828 = EDGE_CURVE('',#13759,#13829,#13831,.T.);
#13829 = VERTEX_POINT('',#13830);
#13830 = CARTESIAN_POINT('',(71.4,81.849242404917,-124.3050865276));
#13831 = SURFACE_CURVE('',#13832,(#13836,#13843),.PCURVE_S1.);
#13832 = LINE('',#13833,#13834);
#13833 = CARTESIAN_POINT('',(71.4,47.908116907963,-158.2462120245));
#13834 = VECTOR('',#13835,1.);
#13835 = DIRECTION('',(0.,0.707106781187,0.707106781187));
#13836 = PCURVE('',#4298,#13837);
#13837 = DEFINITIONAL_REPRESENTATION('',(#13838),#13842);
#13838 = LINE('',#13839,#13840);
#13839 = CARTESIAN_POINT('',(3.,5.329070518201E-15));
#13840 = VECTOR('',#13841,1.);
#13841 = DIRECTION('',(0.,-1.));
#13842 = ( GEOMETRIC_REPRESENTATION_CONTEXT(2) 
PARAMETRIC_REPRESENTATION_CONTEXT() REPRESENTATION_CONTEXT('2D SPACE',''
  ) );
#13843 = PCURVE('',#9776,#13844);
#13844 = DEFINITIONAL_REPRESENTATION('',(#13845),#13849);
#13845 = LINE('',#13846,#13847);
#13846 = CARTESIAN_POINT('',(63.4,-108.));
#13847 = VECTOR('',#13848,1.);
#13848 = DIRECTION('',(0.,1.));
#13849 = ( GEOMETRIC_REPRESENTATION_CONTEXT(2) 
PARAMETRIC_REPRESENTATION_CONTEXT() REPRESENTATION_CONTEXT('2D SPACE',''
  ) );
#13850 = ORIENTED_EDGE('',*,*,#13758,.T.);
#13851 = ORIENTED_EDGE('',*,*,#4282,.T.);
#13852 = ORIENTED_EDGE('',*,*,#13853,.F.);
#13853 = EDGE_CURVE('',#13829,#4283,#13854,.T.);
#13854 = SURFACE_CURVE('',#13855,(#13859,#13866),.PCURVE_S1.);
#13855 = LINE('',#13856,#13857);
#13856 = CARTESIAN_POINT('',(71.4,83.970562748477,-126.4264068711));
#13857 = VECTOR('',#13858,1.);
#13858 = DIRECTION('',(0.,0.707106781187,-0.707106781187));
#13859 = PCURVE('',#4298,#13860);
#13860 = DEFINITIONAL_REPRESENTATION('',(#13861),#13865);
#13861 = LINE('',#13862,#13863);
#13862 = CARTESIAN_POINT('',(-3.552713678801E-15,-48.));
#13863 = VECTOR('',#13864,1.);
#13864 = DIRECTION('',(-1.,0.));
#13865 = ( GEOMETRIC_REPRESENTATION_CONTEXT(2) 
PARAMETRIC_REPRESENTATION_CONTEXT() REPRESENTATION_CONTEXT('2D SPACE',''
  ) );
#13866 = PCURVE('',#4326,#13867);
#13867 = DEFINITIONAL_REPRESENTATION('',(#13868),#13872);
#13868 = LINE('',#13869,#13870);
#13869 = CARTESIAN_POINT('',(0.,63.4));
#13870 = VECTOR('',#13871,1.);
#13871 = DIRECTION('',(-1.,0.));
#13872 = ( GEOMETRIC_REPRESENTATION_CONTEXT(2) 
PARAMETRIC_REPRESENTATION_CONTEXT() REPRESENTATION_CONTEXT('2D SPACE',''
  ) );
#13873 = ADVANCED_FACE('',(#13874),#4326,.F.);
#13874 = FACE_BOUND('',#13875,.F.);
#13875 = EDGE_LOOP('',(#13876,#13877,#13878,#13901));
#13876 = ORIENTED_EDGE('',*,*,#4310,.F.);
#13877 = ORIENTED_EDGE('',*,*,#13853,.F.);
#13878 = ORIENTED_EDGE('',*,*,#13879,.T.);
#13879 = EDGE_CURVE('',#13829,#13880,#13882,.T.);
#13880 = VERTEX_POINT('',#13881);
#13881 = CARTESIAN_POINT('',(121.,81.849242404917,-124.3050865276));
#13882 = SURFACE_CURVE('',#13883,(#13887,#13894),.PCURVE_S1.);
#13883 = LINE('',#13884,#13885);
#13884 = CARTESIAN_POINT('',(8.,81.849242404917,-124.3050865276));
#13885 = VECTOR('',#13886,1.);
#13886 = DIRECTION('',(1.,0.,0.));
#13887 = PCURVE('',#4326,#13888);
#13888 = DEFINITIONAL_REPRESENTATION('',(#13889),#13893);
#13889 = LINE('',#13890,#13891);
#13890 = CARTESIAN_POINT('',(3.,0.));
#13891 = VECTOR('',#13892,1.);
#13892 = DIRECTION('',(0.,1.));
#13893 = ( GEOMETRIC_REPRESENTATION_CONTEXT(2) 
PARAMETRIC_REPRESENTATION_CONTEXT() REPRESENTATION_CONTEXT('2D SPACE',''
  ) );
#13894 = PCURVE('',#9776,#13895);
#13895 = DEFINITIONAL_REPRESENTATION('',(#13896),#13900);
#13896 = LINE('',#13897,#13898);
#13897 = CARTESIAN_POINT('',(0.,-60.));
#13898 = VECTOR('',#13899,1.);
#13899 = DIRECTION('',(1.,0.));
#13900 = ( GEOMETRIC_REPRESENTATION_CONTEXT(2) 
PARAMETRIC_REPRESENTATION_CONTEXT() REPRESENTATION_CONTEXT('2D SPACE',''
  ) );
#13901 = ORIENTED_EDGE('',*,*,#13902,.F.);
#13902 = EDGE_CURVE('',#4311,#13880,#13903,.T.);
#13903 = SURFACE_CURVE('',#13904,(#13908,#13915),.PCURVE_S1.);
#13904 = LINE('',#13905,#13906);
#13905 = CARTESIAN_POINT('',(121.,83.970562748477,-126.4264068711));
#13906 = VECTOR('',#13907,1.);
#13907 = DIRECTION('',(0.,-0.707106781187,0.707106781187));
#13908 = PCURVE('',#4326,#13909);
#13909 = DEFINITIONAL_REPRESENTATION('',(#13910),#13914);
#13910 = LINE('',#13911,#13912);
#13911 = CARTESIAN_POINT('',(0.,113.));
#13912 = VECTOR('',#13913,1.);
#13913 = DIRECTION('',(1.,0.));
#13914 = ( GEOMETRIC_REPRESENTATION_CONTEXT(2) 
PARAMETRIC_REPRESENTATION_CONTEXT() REPRESENTATION_CONTEXT('2D SPACE',''
  ) );
#13915 = PCURVE('',#4352,#13916);
#13916 = DEFINITIONAL_REPRESENTATION('',(#13917),#13921);
#13917 = LINE('',#13918,#13919);
#13918 = CARTESIAN_POINT('',(-3.552713678801E-15,-48.));
#13919 = VECTOR('',#13920,1.);
#13920 = DIRECTION('',(1.,0.));
#13921 = ( GEOMETRIC_REPRESENTATION_CONTEXT(2) 
PARAMETRIC_REPRESENTATION_CONTEXT() REPRESENTATION_CONTEXT('2D SPACE',''
  ) );
#13922 = ADVANCED_FACE('',(#13923),#4352,.F.);
#13923 = FACE_BOUND('',#13924,.F.);
#13924 = EDGE_LOOP('',(#13925,#13946,#13947,#13948));
#13925 = ORIENTED_EDGE('',*,*,#13926,.F.);
#13926 = EDGE_CURVE('',#13782,#13880,#13927,.T.);
#13927 = SURFACE_CURVE('',#13928,(#13932,#13939),.PCURVE_S1.);
#13928 = LINE('',#13929,#13930);
#13929 = CARTESIAN_POINT('',(121.,70.535533905933,-135.6187950266));
#13930 = VECTOR('',#13931,1.);
#13931 = DIRECTION('',(0.,0.707106781187,0.707106781187));
#13932 = PCURVE('',#4352,#13933);
#13933 = DEFINITIONAL_REPRESENTATION('',(#13934),#13938);
#13934 = LINE('',#13935,#13936);
#13935 = CARTESIAN_POINT('',(3.,-32.));
#13936 = VECTOR('',#13937,1.);
#13937 = DIRECTION('',(0.,-1.));
#13938 = ( GEOMETRIC_REPRESENTATION_CONTEXT(2) 
PARAMETRIC_REPRESENTATION_CONTEXT() REPRESENTATION_CONTEXT('2D SPACE',''
  ) );
#13939 = PCURVE('',#9776,#13940);
#13940 = DEFINITIONAL_REPRESENTATION('',(#13941),#13945);
#13941 = LINE('',#13942,#13943);
#13942 = CARTESIAN_POINT('',(113.,-76.));
#13943 = VECTOR('',#13944,1.);
#13944 = DIRECTION('',(0.,1.));
#13945 = ( GEOMETRIC_REPRESENTATION_CONTEXT(2) 
PARAMETRIC_REPRESENTATION_CONTEXT() REPRESENTATION_CONTEXT('2D SPACE',''
  ) );
#13946 = ORIENTED_EDGE('',*,*,#13804,.F.);
#13947 = ORIENTED_EDGE('',*,*,#4338,.T.);
#13948 = ORIENTED_EDGE('',*,*,#13902,.T.);
#13949 = ADVANCED_FACE('',(#13950),#4384,.T.);
#13950 = FACE_BOUND('',#13951,.T.);
#13951 = EDGE_LOOP('',(#13952,#13953,#13976,#13999));
#13952 = ORIENTED_EDGE('',*,*,#4366,.F.);
#13953 = ORIENTED_EDGE('',*,*,#13954,.F.);
#13954 = EDGE_CURVE('',#13955,#4367,#13957,.T.);
#13955 = VERTEX_POINT('',#13956);
#13956 = CARTESIAN_POINT('',(71.4,83.546298679765,-122.6080302527));
#13957 = SURFACE_CURVE('',#13958,(#13962,#13969),.PCURVE_S1.);
#13958 = LINE('',#13959,#13960);
#13959 = CARTESIAN_POINT('',(71.4,85.667619023325,-124.7293505963));
#13960 = VECTOR('',#13961,1.);
#13961 = DIRECTION('',(0.,0.707106781187,-0.707106781187));
#13962 = PCURVE('',#4384,#13963);
#13963 = DEFINITIONAL_REPRESENTATION('',(#13964),#13968);
#13964 = LINE('',#13965,#13966);
#13965 = CARTESIAN_POINT('',(0.,63.4));
#13966 = VECTOR('',#13967,1.);
#13967 = DIRECTION('',(-1.,0.));
#13968 = ( GEOMETRIC_REPRESENTATION_CONTEXT(2) 
PARAMETRIC_REPRESENTATION_CONTEXT() REPRESENTATION_CONTEXT('2D SPACE',''
  ) );
#13969 = PCURVE('',#4412,#13970);
#13970 = DEFINITIONAL_REPRESENTATION('',(#13971),#13975);
#13971 = LINE('',#13972,#13973);
#13972 = CARTESIAN_POINT('',(-1.06581410364E-14,-50.4));
#13973 = VECTOR('',#13974,1.);
#13974 = DIRECTION('',(-1.,0.));
#13975 = ( GEOMETRIC_REPRESENTATION_CONTEXT(2) 
PARAMETRIC_REPRESENTATION_CONTEXT() REPRESENTATION_CONTEXT('2D SPACE',''
  ) );
#13976 = ORIENTED_EDGE('',*,*,#13977,.T.);
#13977 = EDGE_CURVE('',#13955,#13978,#13980,.T.);
#13978 = VERTEX_POINT('',#13979);
#13979 = CARTESIAN_POINT('',(121.,83.546298679765,-122.6080302527));
#13980 = SURFACE_CURVE('',#13981,(#13985,#13992),.PCURVE_S1.);
#13981 = LINE('',#13982,#13983);
#13982 = CARTESIAN_POINT('',(8.,83.546298679765,-122.6080302527));
#13983 = VECTOR('',#13984,1.);
#13984 = DIRECTION('',(1.,0.,0.));
#13985 = PCURVE('',#4384,#13986);
#13986 = DEFINITIONAL_REPRESENTATION('',(#13987),#13991);
#13987 = LINE('',#13988,#13989);
#13988 = CARTESIAN_POINT('',(3.,0.));
#13989 = VECTOR('',#13990,1.);
#13990 = DIRECTION('',(0.,1.));
#13991 = ( GEOMETRIC_REPRESENTATION_CONTEXT(2) 
PARAMETRIC_REPRESENTATION_CONTEXT() REPRESENTATION_CONTEXT('2D SPACE',''
  ) );
#13992 = PCURVE('',#9776,#13993);
#13993 = DEFINITIONAL_REPRESENTATION('',(#13994),#13998);
#13994 = LINE('',#13995,#13996);
#13995 = CARTESIAN_POINT('',(0.,-57.6));
#13996 = VECTOR('',#13997,1.);
#13997 = DIRECTION('',(1.,0.));
#13998 = ( GEOMETRIC_REPRESENTATION_CONTEXT(2) 
PARAMETRIC_REPRESENTATION_CONTEXT() REPRESENTATION_CONTEXT('2D SPACE',''
  ) );
#13999 = ORIENTED_EDGE('',*,*,#14000,.F.);
#14000 = EDGE_CURVE('',#4369,#13978,#14001,.T.);
#14001 = SURFACE_CURVE('',#14002,(#14006,#14013),.PCURVE_S1.);
#14002 = LINE('',#14003,#14004);
#14003 = CARTESIAN_POINT('',(121.,85.667619023325,-124.7293505963));
#14004 = VECTOR('',#14005,1.);
#14005 = DIRECTION('',(0.,-0.707106781187,0.707106781187));
#14006 = PCURVE('',#4384,#14007);
#14007 = DEFINITIONAL_REPRESENTATION('',(#14008),#14012);
#14008 = LINE('',#14009,#14010);
#14009 = CARTESIAN_POINT('',(0.,113.));
#14010 = VECTOR('',#14011,1.);
#14011 = DIRECTION('',(1.,0.));
#14012 = ( GEOMETRIC_REPRESENTATION_CONTEXT(2) 
PARAMETRIC_REPRESENTATION_CONTEXT() REPRESENTATION_CONTEXT('2D SPACE',''
  ) );
#14013 = PCURVE('',#4466,#14014);
#14014 = DEFINITIONAL_REPRESENTATION('',(#14015),#14019);
#14015 = LINE('',#14016,#14017);
#14016 = CARTESIAN_POINT('',(-1.06581410364E-14,-50.4));
#14017 = VECTOR('',#14018,1.);
#14018 = DIRECTION('',(1.,0.));
#14019 = ( GEOMETRIC_REPRESENTATION_CONTEXT(2) 
PARAMETRIC_REPRESENTATION_CONTEXT() REPRESENTATION_CONTEXT('2D SPACE',''
  ) );
#14020 = ADVANCED_FACE('',(#14021),#4412,.T.);
#14021 = FACE_BOUND('',#14022,.T.);
#14022 = EDGE_LOOP('',(#14023,#14046,#14047,#14048));
#14023 = ORIENTED_EDGE('',*,*,#14024,.F.);
#14024 = EDGE_CURVE('',#13955,#14025,#14027,.T.);
#14025 = VERTEX_POINT('',#14026);
#14026 = CARTESIAN_POINT('',(71.4,90.334523779156,-115.8198051533));
#14027 = SURFACE_CURVE('',#14028,(#14032,#14039),.PCURVE_S1.);
#14028 = LINE('',#14029,#14030);
#14029 = CARTESIAN_POINT('',(71.4,47.908116907963,-158.2462120245));
#14030 = VECTOR('',#14031,1.);
#14031 = DIRECTION('',(0.,0.707106781187,0.707106781187));
#14032 = PCURVE('',#4412,#14033);
#14033 = DEFINITIONAL_REPRESENTATION('',(#14034),#14038);
#14034 = LINE('',#14035,#14036);
#14035 = CARTESIAN_POINT('',(3.,5.329070518201E-15));
#14036 = VECTOR('',#14037,1.);
#14037 = DIRECTION('',(0.,-1.));
#14038 = ( GEOMETRIC_REPRESENTATION_CONTEXT(2) 
PARAMETRIC_REPRESENTATION_CONTEXT() REPRESENTATION_CONTEXT('2D SPACE',''
  ) );
#14039 = PCURVE('',#9776,#14040);
#14040 = DEFINITIONAL_REPRESENTATION('',(#14041),#14045);
#14041 = LINE('',#14042,#14043);
#14042 = CARTESIAN_POINT('',(63.4,-108.));
#14043 = VECTOR('',#14044,1.);
#14044 = DIRECTION('',(0.,1.));
#14045 = ( GEOMETRIC_REPRESENTATION_CONTEXT(2) 
PARAMETRIC_REPRESENTATION_CONTEXT() REPRESENTATION_CONTEXT('2D SPACE',''
  ) );
#14046 = ORIENTED_EDGE('',*,*,#13954,.T.);
#14047 = ORIENTED_EDGE('',*,*,#4396,.T.);
#14048 = ORIENTED_EDGE('',*,*,#14049,.F.);
#14049 = EDGE_CURVE('',#14025,#4397,#14050,.T.);
#14050 = SURFACE_CURVE('',#14051,(#14055,#14062),.PCURVE_S1.);
#14051 = LINE('',#14052,#14053);
#14052 = CARTESIAN_POINT('',(71.4,92.455844122716,-117.9411254969));
#14053 = VECTOR('',#14054,1.);
#14054 = DIRECTION('',(0.,0.707106781187,-0.707106781187));
#14055 = PCURVE('',#4412,#14056);
#14056 = DEFINITIONAL_REPRESENTATION('',(#14057),#14061);
#14057 = LINE('',#14058,#14059);
#14058 = CARTESIAN_POINT('',(-1.06581410364E-14,-60.));
#14059 = VECTOR('',#14060,1.);
#14060 = DIRECTION('',(-1.,0.));
#14061 = ( GEOMETRIC_REPRESENTATION_CONTEXT(2) 
PARAMETRIC_REPRESENTATION_CONTEXT() REPRESENTATION_CONTEXT('2D SPACE',''
  ) );
#14062 = PCURVE('',#4440,#14063);
#14063 = DEFINITIONAL_REPRESENTATION('',(#14064),#14068);
#14064 = LINE('',#14065,#14066);
#14065 = CARTESIAN_POINT('',(0.,63.4));
#14066 = VECTOR('',#14067,1.);
#14067 = DIRECTION('',(-1.,0.));
#14068 = ( GEOMETRIC_REPRESENTATION_CONTEXT(2) 
PARAMETRIC_REPRESENTATION_CONTEXT() REPRESENTATION_CONTEXT('2D SPACE',''
  ) );
#14069 = ADVANCED_FACE('',(#14070),#4440,.F.);
#14070 = FACE_BOUND('',#14071,.F.);
#14071 = EDGE_LOOP('',(#14072,#14073,#14074,#14097));
#14072 = ORIENTED_EDGE('',*,*,#4424,.F.);
#14073 = ORIENTED_EDGE('',*,*,#14049,.F.);
#14074 = ORIENTED_EDGE('',*,*,#14075,.T.);
#14075 = EDGE_CURVE('',#14025,#14076,#14078,.T.);
#14076 = VERTEX_POINT('',#14077);
#14077 = CARTESIAN_POINT('',(121.,90.334523779156,-115.8198051533));
#14078 = SURFACE_CURVE('',#14079,(#14083,#14090),.PCURVE_S1.);
#14079 = LINE('',#14080,#14081);
#14080 = CARTESIAN_POINT('',(8.,90.334523779156,-115.8198051533));
#14081 = VECTOR('',#14082,1.);
#14082 = DIRECTION('',(1.,0.,0.));
#14083 = PCURVE('',#4440,#14084);
#14084 = DEFINITIONAL_REPRESENTATION('',(#14085),#14089);
#14085 = LINE('',#14086,#14087);
#14086 = CARTESIAN_POINT('',(3.,0.));
#14087 = VECTOR('',#14088,1.);
#14088 = DIRECTION('',(0.,1.));
#14089 = ( GEOMETRIC_REPRESENTATION_CONTEXT(2) 
PARAMETRIC_REPRESENTATION_CONTEXT() REPRESENTATION_CONTEXT('2D SPACE',''
  ) );
#14090 = PCURVE('',#9776,#14091);
#14091 = DEFINITIONAL_REPRESENTATION('',(#14092),#14096);
#14092 = LINE('',#14093,#14094);
#14093 = CARTESIAN_POINT('',(0.,-48.));
#14094 = VECTOR('',#14095,1.);
#14095 = DIRECTION('',(1.,0.));
#14096 = ( GEOMETRIC_REPRESENTATION_CONTEXT(2) 
PARAMETRIC_REPRESENTATION_CONTEXT() REPRESENTATION_CONTEXT('2D SPACE',''
  ) );
#14097 = ORIENTED_EDGE('',*,*,#14098,.F.);
#14098 = EDGE_CURVE('',#4425,#14076,#14099,.T.);
#14099 = SURFACE_CURVE('',#14100,(#14104,#14111),.PCURVE_S1.);
#14100 = LINE('',#14101,#14102);
#14101 = CARTESIAN_POINT('',(121.,92.455844122716,-117.9411254969));
#14102 = VECTOR('',#14103,1.);
#14103 = DIRECTION('',(0.,-0.707106781187,0.707106781187));
#14104 = PCURVE('',#4440,#14105);
#14105 = DEFINITIONAL_REPRESENTATION('',(#14106),#14110);
#14106 = LINE('',#14107,#14108);
#14107 = CARTESIAN_POINT('',(0.,113.));
#14108 = VECTOR('',#14109,1.);
#14109 = DIRECTION('',(1.,0.));
#14110 = ( GEOMETRIC_REPRESENTATION_CONTEXT(2) 
PARAMETRIC_REPRESENTATION_CONTEXT() REPRESENTATION_CONTEXT('2D SPACE',''
  ) );
#14111 = PCURVE('',#4466,#14112);
#14112 = DEFINITIONAL_REPRESENTATION('',(#14113),#14117);
#14113 = LINE('',#14114,#14115);
#14114 = CARTESIAN_POINT('',(-1.06581410364E-14,-60.));
#14115 = VECTOR('',#14116,1.);
#14116 = DIRECTION('',(1.,0.));
#14117 = ( GEOMETRIC_REPRESENTATION_CONTEXT(2) 
PARAMETRIC_REPRESENTATION_CONTEXT() REPRESENTATION_CONTEXT('2D SPACE',''
  ) );
#14118 = ADVANCED_FACE('',(#14119),#4466,.F.);
#14119 = FACE_BOUND('',#14120,.F.);
#14120 = EDGE_LOOP('',(#14121,#14142,#14143,#14144));
#14121 = ORIENTED_EDGE('',*,*,#14122,.F.);
#14122 = EDGE_CURVE('',#13978,#14076,#14123,.T.);
#14123 = SURFACE_CURVE('',#14124,(#14128,#14135),.PCURVE_S1.);
#14124 = LINE('',#14125,#14126);
#14125 = CARTESIAN_POINT('',(121.,70.535533905933,-135.6187950266));
#14126 = VECTOR('',#14127,1.);
#14127 = DIRECTION('',(0.,0.707106781187,0.707106781187));
#14128 = PCURVE('',#4466,#14129);
#14129 = DEFINITIONAL_REPRESENTATION('',(#14130),#14134);
#14130 = LINE('',#14131,#14132);
#14131 = CARTESIAN_POINT('',(3.,-32.));
#14132 = VECTOR('',#14133,1.);
#14133 = DIRECTION('',(0.,-1.));
#14134 = ( GEOMETRIC_REPRESENTATION_CONTEXT(2) 
PARAMETRIC_REPRESENTATION_CONTEXT() REPRESENTATION_CONTEXT('2D SPACE',''
  ) );
#14135 = PCURVE('',#9776,#14136);
#14136 = DEFINITIONAL_REPRESENTATION('',(#14137),#14141);
#14137 = LINE('',#14138,#14139);
#14138 = CARTESIAN_POINT('',(113.,-76.));
#14139 = VECTOR('',#14140,1.);
#14140 = DIRECTION('',(0.,1.));
#14141 = ( GEOMETRIC_REPRESENTATION_CONTEXT(2) 
PARAMETRIC_REPRESENTATION_CONTEXT() REPRESENTATION_CONTEXT('2D SPACE',''
  ) );
#14142 = ORIENTED_EDGE('',*,*,#14000,.F.);
#14143 = ORIENTED_EDGE('',*,*,#4452,.T.);
#14144 = ORIENTED_EDGE('',*,*,#14098,.T.);
#14145 = ADVANCED_FACE('',(#14146),#4498,.T.);
#14146 = FACE_BOUND('',#14147,.T.);
#14147 = EDGE_LOOP('',(#14148,#14149,#14172,#14195));
#14148 = ORIENTED_EDGE('',*,*,#4480,.F.);
#14149 = ORIENTED_EDGE('',*,*,#14150,.F.);
#14150 = EDGE_CURVE('',#14151,#4481,#14153,.T.);
#14151 = VERTEX_POINT('',#14152);
#14152 = CARTESIAN_POINT('',(71.4,92.031580054004,-114.1227488785));
#14153 = SURFACE_CURVE('',#14154,(#14158,#14165),.PCURVE_S1.);
#14154 = LINE('',#14155,#14156);
#14155 = CARTESIAN_POINT('',(71.4,94.152900397563,-116.2440692221));
#14156 = VECTOR('',#14157,1.);
#14157 = DIRECTION('',(0.,0.707106781187,-0.707106781187));
#14158 = PCURVE('',#4498,#14159);
#14159 = DEFINITIONAL_REPRESENTATION('',(#14160),#14164);
#14160 = LINE('',#14161,#14162);
#14161 = CARTESIAN_POINT('',(0.,63.4));
#14162 = VECTOR('',#14163,1.);
#14163 = DIRECTION('',(-1.,0.));
#14164 = ( GEOMETRIC_REPRESENTATION_CONTEXT(2) 
PARAMETRIC_REPRESENTATION_CONTEXT() REPRESENTATION_CONTEXT('2D SPACE',''
  ) );
#14165 = PCURVE('',#4526,#14166);
#14166 = DEFINITIONAL_REPRESENTATION('',(#14167),#14171);
#14167 = LINE('',#14168,#14169);
#14168 = CARTESIAN_POINT('',(0.,-62.4));
#14169 = VECTOR('',#14170,1.);
#14170 = DIRECTION('',(-1.,0.));
#14171 = ( GEOMETRIC_REPRESENTATION_CONTEXT(2) 
PARAMETRIC_REPRESENTATION_CONTEXT() REPRESENTATION_CONTEXT('2D SPACE',''
  ) );
#14172 = ORIENTED_EDGE('',*,*,#14173,.T.);
#14173 = EDGE_CURVE('',#14151,#14174,#14176,.T.);
#14174 = VERTEX_POINT('',#14175);
#14175 = CARTESIAN_POINT('',(121.,92.031580054004,-114.1227488785));
#14176 = SURFACE_CURVE('',#14177,(#14181,#14188),.PCURVE_S1.);
#14177 = LINE('',#14178,#14179);
#14178 = CARTESIAN_POINT('',(8.,92.031580054004,-114.1227488785));
#14179 = VECTOR('',#14180,1.);
#14180 = DIRECTION('',(1.,0.,0.));
#14181 = PCURVE('',#4498,#14182);
#14182 = DEFINITIONAL_REPRESENTATION('',(#14183),#14187);
#14183 = LINE('',#14184,#14185);
#14184 = CARTESIAN_POINT('',(3.,0.));
#14185 = VECTOR('',#14186,1.);
#14186 = DIRECTION('',(0.,1.));
#14187 = ( GEOMETRIC_REPRESENTATION_CONTEXT(2) 
PARAMETRIC_REPRESENTATION_CONTEXT() REPRESENTATION_CONTEXT('2D SPACE',''
  ) );
#14188 = PCURVE('',#9776,#14189);
#14189 = DEFINITIONAL_REPRESENTATION('',(#14190),#14194);
#14190 = LINE('',#14191,#14192);
#14191 = CARTESIAN_POINT('',(0.,-45.6));
#14192 = VECTOR('',#14193,1.);
#14193 = DIRECTION('',(1.,0.));
#14194 = ( GEOMETRIC_REPRESENTATION_CONTEXT(2) 
PARAMETRIC_REPRESENTATION_CONTEXT() REPRESENTATION_CONTEXT('2D SPACE',''
  ) );
#14195 = ORIENTED_EDGE('',*,*,#14196,.F.);
#14196 = EDGE_CURVE('',#4483,#14174,#14197,.T.);
#14197 = SURFACE_CURVE('',#14198,(#14202,#14209),.PCURVE_S1.);
#14198 = LINE('',#14199,#14200);
#14199 = CARTESIAN_POINT('',(121.,94.152900397563,-116.2440692221));
#14200 = VECTOR('',#14201,1.);
#14201 = DIRECTION('',(0.,-0.707106781187,0.707106781187));
#14202 = PCURVE('',#4498,#14203);
#14203 = DEFINITIONAL_REPRESENTATION('',(#14204),#14208);
#14204 = LINE('',#14205,#14206);
#14205 = CARTESIAN_POINT('',(0.,113.));
#14206 = VECTOR('',#14207,1.);
#14207 = DIRECTION('',(1.,0.));
#14208 = ( GEOMETRIC_REPRESENTATION_CONTEXT(2) 
PARAMETRIC_REPRESENTATION_CONTEXT() REPRESENTATION_CONTEXT('2D SPACE',''
  ) );
#14209 = PCURVE('',#4580,#14210);
#14210 = DEFINITIONAL_REPRESENTATION('',(#14211),#14215);
#14211 = LINE('',#14212,#14213);
#14212 = CARTESIAN_POINT('',(0.,-62.4));
#14213 = VECTOR('',#14214,1.);
#14214 = DIRECTION('',(1.,0.));
#14215 = ( GEOMETRIC_REPRESENTATION_CONTEXT(2) 
PARAMETRIC_REPRESENTATION_CONTEXT() REPRESENTATION_CONTEXT('2D SPACE',''
  ) );
#14216 = ADVANCED_FACE('',(#14217),#4526,.T.);
#14217 = FACE_BOUND('',#14218,.T.);
#14218 = EDGE_LOOP('',(#14219,#14242,#14243,#14244));
#14219 = ORIENTED_EDGE('',*,*,#14220,.F.);
#14220 = EDGE_CURVE('',#14151,#14221,#14223,.T.);
#14221 = VERTEX_POINT('',#14222);
#14222 = CARTESIAN_POINT('',(71.4,98.819805153395,-107.3345237791));
#14223 = SURFACE_CURVE('',#14224,(#14228,#14235),.PCURVE_S1.);
#14224 = LINE('',#14225,#14226);
#14225 = CARTESIAN_POINT('',(71.4,47.908116907963,-158.2462120245));
#14226 = VECTOR('',#14227,1.);
#14227 = DIRECTION('',(0.,0.707106781187,0.707106781187));
#14228 = PCURVE('',#4526,#14229);
#14229 = DEFINITIONAL_REPRESENTATION('',(#14230),#14234);
#14230 = LINE('',#14231,#14232);
#14231 = CARTESIAN_POINT('',(3.,5.329070518201E-15));
#14232 = VECTOR('',#14233,1.);
#14233 = DIRECTION('',(0.,-1.));
#14234 = ( GEOMETRIC_REPRESENTATION_CONTEXT(2) 
PARAMETRIC_REPRESENTATION_CONTEXT() REPRESENTATION_CONTEXT('2D SPACE',''
  ) );
#14235 = PCURVE('',#9776,#14236);
#14236 = DEFINITIONAL_REPRESENTATION('',(#14237),#14241);
#14237 = LINE('',#14238,#14239);
#14238 = CARTESIAN_POINT('',(63.4,-108.));
#14239 = VECTOR('',#14240,1.);
#14240 = DIRECTION('',(0.,1.));
#14241 = ( GEOMETRIC_REPRESENTATION_CONTEXT(2) 
PARAMETRIC_REPRESENTATION_CONTEXT() REPRESENTATION_CONTEXT('2D SPACE',''
  ) );
#14242 = ORIENTED_EDGE('',*,*,#14150,.T.);
#14243 = ORIENTED_EDGE('',*,*,#4510,.T.);
#14244 = ORIENTED_EDGE('',*,*,#14245,.F.);
#14245 = EDGE_CURVE('',#14221,#4511,#14246,.T.);
#14246 = SURFACE_CURVE('',#14247,(#14251,#14258),.PCURVE_S1.);
#14247 = LINE('',#14248,#14249);
#14248 = CARTESIAN_POINT('',(71.4,100.94112549695,-109.4558441227));
#14249 = VECTOR('',#14250,1.);
#14250 = DIRECTION('',(0.,0.707106781187,-0.707106781187));
#14251 = PCURVE('',#4526,#14252);
#14252 = DEFINITIONAL_REPRESENTATION('',(#14253),#14257);
#14253 = LINE('',#14254,#14255);
#14254 = CARTESIAN_POINT('',(0.,-72.));
#14255 = VECTOR('',#14256,1.);
#14256 = DIRECTION('',(-1.,0.));
#14257 = ( GEOMETRIC_REPRESENTATION_CONTEXT(2) 
PARAMETRIC_REPRESENTATION_CONTEXT() REPRESENTATION_CONTEXT('2D SPACE',''
  ) );
#14258 = PCURVE('',#4554,#14259);
#14259 = DEFINITIONAL_REPRESENTATION('',(#14260),#14264);
#14260 = LINE('',#14261,#14262);
#14261 = CARTESIAN_POINT('',(0.,63.4));
#14262 = VECTOR('',#14263,1.);
#14263 = DIRECTION('',(-1.,0.));
#14264 = ( GEOMETRIC_REPRESENTATION_CONTEXT(2) 
PARAMETRIC_REPRESENTATION_CONTEXT() REPRESENTATION_CONTEXT('2D SPACE',''
  ) );
#14265 = ADVANCED_FACE('',(#14266),#4554,.F.);
#14266 = FACE_BOUND('',#14267,.F.);
#14267 = EDGE_LOOP('',(#14268,#14269,#14270,#14293));
#14268 = ORIENTED_EDGE('',*,*,#4538,.F.);
#14269 = ORIENTED_EDGE('',*,*,#14245,.F.);
#14270 = ORIENTED_EDGE('',*,*,#14271,.T.);
#14271 = EDGE_CURVE('',#14221,#14272,#14274,.T.);
#14272 = VERTEX_POINT('',#14273);
#14273 = CARTESIAN_POINT('',(121.,98.819805153395,-107.3345237791));
#14274 = SURFACE_CURVE('',#14275,(#14279,#14286),.PCURVE_S1.);
#14275 = LINE('',#14276,#14277);
#14276 = CARTESIAN_POINT('',(8.,98.819805153395,-107.3345237791));
#14277 = VECTOR('',#14278,1.);
#14278 = DIRECTION('',(1.,0.,0.));
#14279 = PCURVE('',#4554,#14280);
#14280 = DEFINITIONAL_REPRESENTATION('',(#14281),#14285);
#14281 = LINE('',#14282,#14283);
#14282 = CARTESIAN_POINT('',(3.,0.));
#14283 = VECTOR('',#14284,1.);
#14284 = DIRECTION('',(0.,1.));
#14285 = ( GEOMETRIC_REPRESENTATION_CONTEXT(2) 
PARAMETRIC_REPRESENTATION_CONTEXT() REPRESENTATION_CONTEXT('2D SPACE',''
  ) );
#14286 = PCURVE('',#9776,#14287);
#14287 = DEFINITIONAL_REPRESENTATION('',(#14288),#14292);
#14288 = LINE('',#14289,#14290);
#14289 = CARTESIAN_POINT('',(0.,-36.));
#14290 = VECTOR('',#14291,1.);
#14291 = DIRECTION('',(1.,0.));
#14292 = ( GEOMETRIC_REPRESENTATION_CONTEXT(2) 
PARAMETRIC_REPRESENTATION_CONTEXT() REPRESENTATION_CONTEXT('2D SPACE',''
  ) );
#14293 = ORIENTED_EDGE('',*,*,#14294,.F.);
#14294 = EDGE_CURVE('',#4539,#14272,#14295,.T.);
#14295 = SURFACE_CURVE('',#14296,(#14300,#14307),.PCURVE_S1.);
#14296 = LINE('',#14297,#14298);
#14297 = CARTESIAN_POINT('',(121.,100.94112549695,-109.4558441227));
#14298 = VECTOR('',#14299,1.);
#14299 = DIRECTION('',(0.,-0.707106781187,0.707106781187));
#14300 = PCURVE('',#4554,#14301);
#14301 = DEFINITIONAL_REPRESENTATION('',(#14302),#14306);
#14302 = LINE('',#14303,#14304);
#14303 = CARTESIAN_POINT('',(0.,113.));
#14304 = VECTOR('',#14305,1.);
#14305 = DIRECTION('',(1.,0.));
#14306 = ( GEOMETRIC_REPRESENTATION_CONTEXT(2) 
PARAMETRIC_REPRESENTATION_CONTEXT() REPRESENTATION_CONTEXT('2D SPACE',''
  ) );
#14307 = PCURVE('',#4580,#14308);
#14308 = DEFINITIONAL_REPRESENTATION('',(#14309),#14313);
#14309 = LINE('',#14310,#14311);
#14310 = CARTESIAN_POINT('',(0.,-72.));
#14311 = VECTOR('',#14312,1.);
#14312 = DIRECTION('',(1.,0.));
#14313 = ( GEOMETRIC_REPRESENTATION_CONTEXT(2) 
PARAMETRIC_REPRESENTATION_CONTEXT() REPRESENTATION_CONTEXT('2D SPACE',''
  ) );
#14314 = ADVANCED_FACE('',(#14315),#4580,.F.);
#14315 = FACE_BOUND('',#14316,.F.);
#14316 = EDGE_LOOP('',(#14317,#14338,#14339,#14340));
#14317 = ORIENTED_EDGE('',*,*,#14318,.F.);
#14318 = EDGE_CURVE('',#14174,#14272,#14319,.T.);
#14319 = SURFACE_CURVE('',#14320,(#14324,#14331),.PCURVE_S1.);
#14320 = LINE('',#14321,#14322);
#14321 = CARTESIAN_POINT('',(121.,70.535533905933,-135.6187950266));
#14322 = VECTOR('',#14323,1.);
#14323 = DIRECTION('',(0.,0.707106781187,0.707106781187));
#14324 = PCURVE('',#4580,#14325);
#14325 = DEFINITIONAL_REPRESENTATION('',(#14326),#14330);
#14326 = LINE('',#14327,#14328);
#14327 = CARTESIAN_POINT('',(3.,-32.));
#14328 = VECTOR('',#14329,1.);
#14329 = DIRECTION('',(0.,-1.));
#14330 = ( GEOMETRIC_REPRESENTATION_CONTEXT(2) 
PARAMETRIC_REPRESENTATION_CONTEXT() REPRESENTATION_CONTEXT('2D SPACE',''
  ) );
#14331 = PCURVE('',#9776,#14332);
#14332 = DEFINITIONAL_REPRESENTATION('',(#14333),#14337);
#14333 = LINE('',#14334,#14335);
#14334 = CARTESIAN_POINT('',(113.,-76.));
#14335 = VECTOR('',#14336,1.);
#14336 = DIRECTION('',(0.,1.));
#14337 = ( GEOMETRIC_REPRESENTATION_CONTEXT(2) 
PARAMETRIC_REPRESENTATION_CONTEXT() REPRESENTATION_CONTEXT('2D SPACE',''
  ) );
#14338 = ORIENTED_EDGE('',*,*,#14196,.F.);
#14339 = ORIENTED_EDGE('',*,*,#4566,.T.);
#14340 = ORIENTED_EDGE('',*,*,#14294,.T.);
#14341 = ADVANCED_FACE('',(#14342,#14510),#4636,.F.);
#14342 = FACE_BOUND('',#14343,.F.);
#14343 = EDGE_LOOP('',(#14344,#14367,#14368,#14369,#14370,#14393,#14414,
    #14415,#14416,#14417,#14440,#14463,#14484,#14485,#14486,#14487,
    #14488,#14489));
#14344 = ORIENTED_EDGE('',*,*,#14345,.F.);
#14345 = EDGE_CURVE('',#11691,#14346,#14348,.T.);
#14346 = VERTEX_POINT('',#14347);
#14347 = CARTESIAN_POINT('',(9.,63.464466094067,-137.0330085889));
#14348 = SURFACE_CURVE('',#14349,(#14353,#14360),.PCURVE_S1.);
#14349 = LINE('',#14350,#14351);
#14350 = CARTESIAN_POINT('',(9.,48.61522368915,-151.8822509939));
#14351 = VECTOR('',#14352,1.);
#14352 = DIRECTION('',(0.,0.707106781187,0.707106781187));
#14353 = PCURVE('',#4636,#14354);
#14354 = DEFINITIONAL_REPRESENTATION('',(#14355),#14359);
#14355 = LINE('',#14356,#14357);
#14356 = CARTESIAN_POINT('',(-24.,-127.));
#14357 = VECTOR('',#14358,1.);
#14358 = DIRECTION('',(0.,1.));
#14359 = ( GEOMETRIC_REPRESENTATION_CONTEXT(2) 
PARAMETRIC_REPRESENTATION_CONTEXT() REPRESENTATION_CONTEXT('2D SPACE',''
  ) );
#14360 = PCURVE('',#5015,#14361);
#14361 = DEFINITIONAL_REPRESENTATION('',(#14362),#14366);
#14362 = LINE('',#14363,#14364);
#14363 = CARTESIAN_POINT('',(8.,5.));
#14364 = VECTOR('',#14365,1.);
#14365 = DIRECTION('',(0.,1.));
#14366 = ( GEOMETRIC_REPRESENTATION_CONTEXT(2) 
PARAMETRIC_REPRESENTATION_CONTEXT() REPRESENTATION_CONTEXT('2D SPACE',''
  ) );
#14367 = ORIENTED_EDGE('',*,*,#11713,.T.);
#14368 = ORIENTED_EDGE('',*,*,#4620,.T.);
#14369 = ORIENTED_EDGE('',*,*,#4976,.T.);
#14370 = ORIENTED_EDGE('',*,*,#14371,.F.);
#14371 = EDGE_CURVE('',#14372,#4977,#14374,.T.);
#14372 = VERTEX_POINT('',#14373);
#14373 = CARTESIAN_POINT('',(9.,120.03300858899,-80.46446609406));
#14374 = SURFACE_CURVE('',#14375,(#14379,#14386),.PCURVE_S1.);
#14375 = LINE('',#14376,#14377);
#14376 = CARTESIAN_POINT('',(9.,120.03300858899,-80.46446609406));
#14377 = VECTOR('',#14378,1.);
#14378 = DIRECTION('',(0.,0.707106781187,0.707106781187));
#14379 = PCURVE('',#4636,#14380);
#14380 = DEFINITIONAL_REPRESENTATION('',(#14381),#14385);
#14381 = LINE('',#14382,#14383);
#14382 = CARTESIAN_POINT('',(-24.,-26.));
#14383 = VECTOR('',#14384,1.);
#14384 = DIRECTION('',(0.,1.));
#14385 = ( GEOMETRIC_REPRESENTATION_CONTEXT(2) 
PARAMETRIC_REPRESENTATION_CONTEXT() REPRESENTATION_CONTEXT('2D SPACE',''
  ) );
#14386 = PCURVE('',#5015,#14387);
#14387 = DEFINITIONAL_REPRESENTATION('',(#14388),#14392);
#14388 = LINE('',#14389,#14390);
#14389 = CARTESIAN_POINT('',(8.,106.));
#14390 = VECTOR('',#14391,1.);
#14391 = DIRECTION('',(0.,1.));
#14392 = ( GEOMETRIC_REPRESENTATION_CONTEXT(2) 
PARAMETRIC_REPRESENTATION_CONTEXT() REPRESENTATION_CONTEXT('2D SPACE',''
  ) );
#14393 = ORIENTED_EDGE('',*,*,#14394,.T.);
#14394 = EDGE_CURVE('',#14372,#5309,#14395,.T.);
#14395 = SURFACE_CURVE('',#14396,(#14400,#14407),.PCURVE_S1.);
#14396 = LINE('',#14397,#14398);
#14397 = CARTESIAN_POINT('',(9.,120.03300858899,-80.46446609406));
#14398 = VECTOR('',#14399,1.);
#14399 = DIRECTION('',(0.,-0.707106781187,0.707106781187));
#14400 = PCURVE('',#4636,#14401);
#14401 = DEFINITIONAL_REPRESENTATION('',(#14402),#14406);
#14402 = LINE('',#14403,#14404);
#14403 = CARTESIAN_POINT('',(-24.,-26.));
#14404 = VECTOR('',#14405,1.);
#14405 = DIRECTION('',(1.,0.));
#14406 = ( GEOMETRIC_REPRESENTATION_CONTEXT(2) 
PARAMETRIC_REPRESENTATION_CONTEXT() REPRESENTATION_CONTEXT('2D SPACE',''
  ) );
#14407 = PCURVE('',#5324,#14408);
#14408 = DEFINITIONAL_REPRESENTATION('',(#14409),#14413);
#14409 = LINE('',#14410,#14411);
#14410 = CARTESIAN_POINT('',(0.,4.));
#14411 = VECTOR('',#14412,1.);
#14412 = DIRECTION('',(1.,0.));
#14413 = ( GEOMETRIC_REPRESENTATION_CONTEXT(2) 
PARAMETRIC_REPRESENTATION_CONTEXT() REPRESENTATION_CONTEXT('2D SPACE',''
  ) );
#14414 = ORIENTED_EDGE('',*,*,#5336,.T.);
#14415 = ORIENTED_EDGE('',*,*,#5076,.T.);
#14416 = ORIENTED_EDGE('',*,*,#5125,.T.);
#14417 = ORIENTED_EDGE('',*,*,#14418,.T.);
#14418 = EDGE_CURVE('',#5126,#14419,#14421,.T.);
#14419 = VERTEX_POINT('',#14420);
#14420 = CARTESIAN_POINT('',(9.,103.06244584051,-63.49390334559));
#14421 = SURFACE_CURVE('',#14422,(#14426,#14433),.PCURVE_S1.);
#14422 = LINE('',#14423,#14424);
#14423 = CARTESIAN_POINT('',(9.,120.03300858899,-80.46446609406));
#14424 = VECTOR('',#14425,1.);
#14425 = DIRECTION('',(0.,-0.707106781187,0.707106781187));
#14426 = PCURVE('',#4636,#14427);
#14427 = DEFINITIONAL_REPRESENTATION('',(#14428),#14432);
#14428 = LINE('',#14429,#14430);
#14429 = CARTESIAN_POINT('',(-24.,-26.));
#14430 = VECTOR('',#14431,1.);
#14431 = DIRECTION('',(1.,0.));
#14432 = ( GEOMETRIC_REPRESENTATION_CONTEXT(2) 
PARAMETRIC_REPRESENTATION_CONTEXT() REPRESENTATION_CONTEXT('2D SPACE',''
  ) );
#14433 = PCURVE('',#5164,#14434);
#14434 = DEFINITIONAL_REPRESENTATION('',(#14435),#14439);
#14435 = LINE('',#14436,#14437);
#14436 = CARTESIAN_POINT('',(0.,4.));
#14437 = VECTOR('',#14438,1.);
#14438 = DIRECTION('',(1.,0.));
#14439 = ( GEOMETRIC_REPRESENTATION_CONTEXT(2) 
PARAMETRIC_REPRESENTATION_CONTEXT() REPRESENTATION_CONTEXT('2D SPACE',''
  ) );
#14440 = ORIENTED_EDGE('',*,*,#14441,.T.);
#14441 = EDGE_CURVE('',#14419,#14442,#14444,.T.);
#14442 = VERTEX_POINT('',#14443);
#14443 = CARTESIAN_POINT('',(9.,46.49390334559,-120.0624458405));
#14444 = SURFACE_CURVE('',#14445,(#14449,#14456),.PCURVE_S1.);
#14445 = LINE('',#14446,#14447);
#14446 = CARTESIAN_POINT('',(9.,121.44722215136,-45.10912703474));
#14447 = VECTOR('',#14448,1.);
#14448 = DIRECTION('',(0.,-0.707106781187,-0.707106781187));
#14449 = PCURVE('',#4636,#14450);
#14450 = DEFINITIONAL_REPRESENTATION('',(#14451),#14455);
#14451 = LINE('',#14452,#14453);
#14452 = CARTESIAN_POINT('',(0.,0.));
#14453 = VECTOR('',#14454,1.);
#14454 = DIRECTION('',(0.,-1.));
#14455 = ( GEOMETRIC_REPRESENTATION_CONTEXT(2) 
PARAMETRIC_REPRESENTATION_CONTEXT() REPRESENTATION_CONTEXT('2D SPACE',''
  ) );
#14456 = PCURVE('',#5220,#14457);
#14457 = DEFINITIONAL_REPRESENTATION('',(#14458),#14462);
#14458 = LINE('',#14459,#14460);
#14459 = CARTESIAN_POINT('',(5.656854249492,-5.329070518201E-15));
#14460 = VECTOR('',#14461,1.);
#14461 = DIRECTION('',(0.,-1.));
#14462 = ( GEOMETRIC_REPRESENTATION_CONTEXT(2) 
PARAMETRIC_REPRESENTATION_CONTEXT() REPRESENTATION_CONTEXT('2D SPACE',''
  ) );
#14463 = ORIENTED_EDGE('',*,*,#14464,.F.);
#14464 = EDGE_CURVE('',#6920,#14442,#14465,.T.);
#14465 = SURFACE_CURVE('',#14466,(#14470,#14477),.PCURVE_S1.);
#14466 = LINE('',#14467,#14468);
#14467 = CARTESIAN_POINT('',(9.,63.464466094067,-137.0330085889));
#14468 = VECTOR('',#14469,1.);
#14469 = DIRECTION('',(0.,-0.707106781187,0.707106781187));
#14470 = PCURVE('',#4636,#14471);
#14471 = DEFINITIONAL_REPRESENTATION('',(#14472),#14476);
#14472 = LINE('',#14473,#14474);
#14473 = CARTESIAN_POINT('',(-24.,-106.));
#14474 = VECTOR('',#14475,1.);
#14475 = DIRECTION('',(1.,0.));
#14476 = ( GEOMETRIC_REPRESENTATION_CONTEXT(2) 
PARAMETRIC_REPRESENTATION_CONTEXT() REPRESENTATION_CONTEXT('2D SPACE',''
  ) );
#14477 = PCURVE('',#6935,#14478);
#14478 = DEFINITIONAL_REPRESENTATION('',(#14479),#14483);
#14479 = LINE('',#14480,#14481);
#14480 = CARTESIAN_POINT('',(0.,4.));
#14481 = VECTOR('',#14482,1.);
#14482 = DIRECTION('',(1.,0.));
#14483 = ( GEOMETRIC_REPRESENTATION_CONTEXT(2) 
PARAMETRIC_REPRESENTATION_CONTEXT() REPRESENTATION_CONTEXT('2D SPACE',''
  ) );
#14484 = ORIENTED_EDGE('',*,*,#6947,.T.);
#14485 = ORIENTED_EDGE('',*,*,#7096,.T.);
#14486 = ORIENTED_EDGE('',*,*,#7194,.T.);
#14487 = ORIENTED_EDGE('',*,*,#7167,.T.);
#14488 = ORIENTED_EDGE('',*,*,#7018,.T.);
#14489 = ORIENTED_EDGE('',*,*,#14490,.F.);
#14490 = EDGE_CURVE('',#14346,#7019,#14491,.T.);
#14491 = SURFACE_CURVE('',#14492,(#14496,#14503),.PCURVE_S1.);
#14492 = LINE('',#14493,#14494);
#14493 = CARTESIAN_POINT('',(9.,63.464466094067,-137.0330085889));
#14494 = VECTOR('',#14495,1.);
#14495 = DIRECTION('',(0.,-0.707106781187,0.707106781187));
#14496 = PCURVE('',#4636,#14497);
#14497 = DEFINITIONAL_REPRESENTATION('',(#14498),#14502);
#14498 = LINE('',#14499,#14500);
#14499 = CARTESIAN_POINT('',(-24.,-106.));
#14500 = VECTOR('',#14501,1.);
#14501 = DIRECTION('',(1.,0.));
#14502 = ( GEOMETRIC_REPRESENTATION_CONTEXT(2) 
PARAMETRIC_REPRESENTATION_CONTEXT() REPRESENTATION_CONTEXT('2D SPACE',''
  ) );
#14503 = PCURVE('',#7057,#14504);
#14504 = DEFINITIONAL_REPRESENTATION('',(#14505),#14509);
#14505 = LINE('',#14506,#14507);
#14506 = CARTESIAN_POINT('',(0.,4.));
#14507 = VECTOR('',#14508,1.);
#14508 = DIRECTION('',(1.,0.));
#14509 = ( GEOMETRIC_REPRESENTATION_CONTEXT(2) 
PARAMETRIC_REPRESENTATION_CONTEXT() REPRESENTATION_CONTEXT('2D SPACE',''
  ) );
#14510 = FACE_BOUND('',#14511,.F.);
#14511 = EDGE_LOOP('',(#14512,#14513,#14514,#14515,#14516,#14517));
#14512 = ORIENTED_EDGE('',*,*,#6069,.T.);
#14513 = ORIENTED_EDGE('',*,*,#6118,.T.);
#14514 = ORIENTED_EDGE('',*,*,#5873,.T.);
#14515 = ORIENTED_EDGE('',*,*,#5922,.T.);
#14516 = ORIENTED_EDGE('',*,*,#5971,.T.);
#14517 = ORIENTED_EDGE('',*,*,#6020,.T.);
#14518 = ADVANCED_FACE('',(#14519,#14892),#4731,.F.);
#14519 = FACE_BOUND('',#14520,.T.);
#14520 = EDGE_LOOP('',(#14521,#14522,#14523,#14546,#14574,#14597,#14620,
    #14643,#14671,#14699,#14727,#14750,#14773,#14796,#14819,#14842,
    #14870,#14891));
#14521 = ORIENTED_EDGE('',*,*,#4717,.F.);
#14522 = ORIENTED_EDGE('',*,*,#11944,.F.);
#14523 = ORIENTED_EDGE('',*,*,#14524,.F.);
#14524 = EDGE_CURVE('',#14525,#11922,#14527,.T.);
#14525 = VERTEX_POINT('',#14526);
#14526 = CARTESIAN_POINT('',(131.,120.03300858899,-80.46446609406));
#14527 = SURFACE_CURVE('',#14528,(#14532,#14539),.PCURVE_S1.);
#14528 = LINE('',#14529,#14530);
#14529 = CARTESIAN_POINT('',(131.,120.03300858899,-80.46446609406));
#14530 = VECTOR('',#14531,1.);
#14531 = DIRECTION('',(0.,0.707106781187,0.707106781187));
#14532 = PCURVE('',#4731,#14533);
#14533 = DEFINITIONAL_REPRESENTATION('',(#14534),#14538);
#14534 = LINE('',#14535,#14536);
#14535 = CARTESIAN_POINT('',(24.,-26.));
#14536 = VECTOR('',#14537,1.);
#14537 = DIRECTION('',(-0.,1.));
#14538 = ( GEOMETRIC_REPRESENTATION_CONTEXT(2) 
PARAMETRIC_REPRESENTATION_CONTEXT() REPRESENTATION_CONTEXT('2D SPACE',''
  ) );
#14539 = PCURVE('',#11774,#14540);
#14540 = DEFINITIONAL_REPRESENTATION('',(#14541),#14545);
#14541 = LINE('',#14542,#14543);
#14542 = CARTESIAN_POINT('',(10.,106.));
#14543 = VECTOR('',#14544,1.);
#14544 = DIRECTION('',(0.,1.));
#14545 = ( GEOMETRIC_REPRESENTATION_CONTEXT(2) 
PARAMETRIC_REPRESENTATION_CONTEXT() REPRESENTATION_CONTEXT('2D SPACE',''
  ) );
#14546 = ORIENTED_EDGE('',*,*,#14547,.T.);
#14547 = EDGE_CURVE('',#14525,#14548,#14550,.T.);
#14548 = VERTEX_POINT('',#14549);
#14549 = CARTESIAN_POINT('',(131.,117.91168824543,-78.3431457505));
#14550 = SURFACE_CURVE('',#14551,(#14555,#14562),.PCURVE_S1.);
#14551 = LINE('',#14552,#14553);
#14552 = CARTESIAN_POINT('',(131.,120.03300858899,-80.46446609406));
#14553 = VECTOR('',#14554,1.);
#14554 = DIRECTION('',(0.,-0.707106781187,0.707106781187));
#14555 = PCURVE('',#4731,#14556);
#14556 = DEFINITIONAL_REPRESENTATION('',(#14557),#14561);
#14557 = LINE('',#14558,#14559);
#14558 = CARTESIAN_POINT('',(24.,-26.));
#14559 = VECTOR('',#14560,1.);
#14560 = DIRECTION('',(-1.,0.));
#14561 = ( GEOMETRIC_REPRESENTATION_CONTEXT(2) 
PARAMETRIC_REPRESENTATION_CONTEXT() REPRESENTATION_CONTEXT('2D SPACE',''
  ) );
#14562 = PCURVE('',#14563,#14568);
#14563 = PLANE('',#14564);
#14564 = AXIS2_PLACEMENT_3D('',#14565,#14566,#14567);
#14565 = CARTESIAN_POINT('',(131.,120.03300858899,-80.46446609406));
#14566 = DIRECTION('',(0.,0.707106781187,0.707106781187));
#14567 = DIRECTION('',(0.,-0.707106781187,0.707106781187));
#14568 = DEFINITIONAL_REPRESENTATION('',(#14569),#14573);
#14569 = LINE('',#14570,#14571);
#14570 = CARTESIAN_POINT('',(0.,0.));
#14571 = VECTOR('',#14572,1.);
#14572 = DIRECTION('',(1.,0.));
#14573 = ( GEOMETRIC_REPRESENTATION_CONTEXT(2) 
PARAMETRIC_REPRESENTATION_CONTEXT() REPRESENTATION_CONTEXT('2D SPACE',''
  ) );
#14574 = ORIENTED_EDGE('',*,*,#14575,.T.);
#14575 = EDGE_CURVE('',#14548,#14576,#14578,.T.);
#14576 = VERTEX_POINT('',#14577);
#14577 = CARTESIAN_POINT('',(131.,119.3259018078,-76.92893218813));
#14578 = SURFACE_CURVE('',#14579,(#14583,#14590),.PCURVE_S1.);
#14579 = LINE('',#14580,#14581);
#14580 = CARTESIAN_POINT('',(131.,122.15432893255,-74.10050506338));
#14581 = VECTOR('',#14582,1.);
#14582 = DIRECTION('',(0.,0.707106781187,0.707106781187));
#14583 = PCURVE('',#4731,#14584);
#14584 = DEFINITIONAL_REPRESENTATION('',(#14585),#14589);
#14585 = LINE('',#14586,#14587);
#14586 = CARTESIAN_POINT('',(21.,-20.));
#14587 = VECTOR('',#14588,1.);
#14588 = DIRECTION('',(-0.,1.));
#14589 = ( GEOMETRIC_REPRESENTATION_CONTEXT(2) 
PARAMETRIC_REPRESENTATION_CONTEXT() REPRESENTATION_CONTEXT('2D SPACE',''
  ) );
#14590 = PCURVE('',#7291,#14591);
#14591 = DEFINITIONAL_REPRESENTATION('',(#14592),#14596);
#14592 = LINE('',#14593,#14594);
#14593 = CARTESIAN_POINT('',(20.,-9.999999999999E-02));
#14594 = VECTOR('',#14595,1.);
#14595 = DIRECTION('',(1.,0.));
#14596 = ( GEOMETRIC_REPRESENTATION_CONTEXT(2) 
PARAMETRIC_REPRESENTATION_CONTEXT() REPRESENTATION_CONTEXT('2D SPACE',''
  ) );
#14597 = ORIENTED_EDGE('',*,*,#14598,.T.);
#14598 = EDGE_CURVE('',#14576,#14599,#14601,.T.);
#14599 = VERTEX_POINT('',#14600);
#14600 = CARTESIAN_POINT('',(131.,110.84062043356,-68.44365081389));
#14601 = SURFACE_CURVE('',#14602,(#14606,#14613),.PCURVE_S1.);
#14602 = LINE('',#14603,#14604);
#14603 = CARTESIAN_POINT('',(131.,111.90128060534,-69.50431098567));
#14604 = VECTOR('',#14605,1.);
#14605 = DIRECTION('',(0.,-0.707106781187,0.707106781187));
#14606 = PCURVE('',#4731,#14607);
#14607 = DEFINITIONAL_REPRESENTATION('',(#14608),#14612);
#14608 = LINE('',#14609,#14610);
#14609 = CARTESIAN_POINT('',(10.5,-24.));
#14610 = VECTOR('',#14611,1.);
#14611 = DIRECTION('',(-1.,0.));
#14612 = ( GEOMETRIC_REPRESENTATION_CONTEXT(2) 
PARAMETRIC_REPRESENTATION_CONTEXT() REPRESENTATION_CONTEXT('2D SPACE',''
  ) );
#14613 = PCURVE('',#7263,#14614);
#14614 = DEFINITIONAL_REPRESENTATION('',(#14615),#14619);
#14615 = LINE('',#14616,#14617);
#14616 = CARTESIAN_POINT('',(10.5,-9.999999999999E-02));
#14617 = VECTOR('',#14618,1.);
#14618 = DIRECTION('',(1.,0.));
#14619 = ( GEOMETRIC_REPRESENTATION_CONTEXT(2) 
PARAMETRIC_REPRESENTATION_CONTEXT() REPRESENTATION_CONTEXT('2D SPACE',''
  ) );
#14620 = ORIENTED_EDGE('',*,*,#14621,.T.);
#14621 = EDGE_CURVE('',#14599,#14622,#14624,.T.);
#14622 = VERTEX_POINT('',#14623);
#14623 = CARTESIAN_POINT('',(131.,108.01219330882,-68.44365081389));
#14624 = SURFACE_CURVE('',#14625,(#14629,#14636),.PCURVE_S1.);
#14625 = LINE('',#14626,#14627);
#14626 = CARTESIAN_POINT('',(131.,116.14392129246,-68.44365081389));
#14627 = VECTOR('',#14628,1.);
#14628 = DIRECTION('',(0.,-1.,1.110223024625E-16));
#14629 = PCURVE('',#4731,#14630);
#14630 = DEFINITIONAL_REPRESENTATION('',(#14631),#14635);
#14631 = LINE('',#14632,#14633);
#14632 = CARTESIAN_POINT('',(12.75,-20.25));
#14633 = VECTOR('',#14634,1.);
#14634 = DIRECTION('',(-0.707106781187,-0.707106781187));
#14635 = ( GEOMETRIC_REPRESENTATION_CONTEXT(2) 
PARAMETRIC_REPRESENTATION_CONTEXT() REPRESENTATION_CONTEXT('2D SPACE',''
  ) );
#14636 = PCURVE('',#7401,#14637);
#14637 = DEFINITIONAL_REPRESENTATION('',(#14638),#14642);
#14638 = LINE('',#14639,#14640);
#14639 = CARTESIAN_POINT('',(-5.303300858899,-9.999999999999E-02));
#14640 = VECTOR('',#14641,1.);
#14641 = DIRECTION('',(1.,0.));
#14642 = ( GEOMETRIC_REPRESENTATION_CONTEXT(2) 
PARAMETRIC_REPRESENTATION_CONTEXT() REPRESENTATION_CONTEXT('2D SPACE',''
  ) );
#14643 = ORIENTED_EDGE('',*,*,#14644,.T.);
#14644 = EDGE_CURVE('',#14622,#14645,#14647,.T.);
#14645 = VERTEX_POINT('',#14646);
#14646 = CARTESIAN_POINT('',(131.,103.06244584051,-63.49390334559));
#14647 = SURFACE_CURVE('',#14648,(#14652,#14659),.PCURVE_S1.);
#14648 = LINE('',#14649,#14650);
#14649 = CARTESIAN_POINT('',(131.,120.03300858899,-80.46446609406));
#14650 = VECTOR('',#14651,1.);
#14651 = DIRECTION('',(0.,-0.707106781187,0.707106781187));
#14652 = PCURVE('',#4731,#14653);
#14653 = DEFINITIONAL_REPRESENTATION('',(#14654),#14658);
#14654 = LINE('',#14655,#14656);
#14655 = CARTESIAN_POINT('',(24.,-26.));
#14656 = VECTOR('',#14657,1.);
#14657 = DIRECTION('',(-1.,0.));
#14658 = ( GEOMETRIC_REPRESENTATION_CONTEXT(2) 
PARAMETRIC_REPRESENTATION_CONTEXT() REPRESENTATION_CONTEXT('2D SPACE',''
  ) );
#14659 = PCURVE('',#14660,#14665);
#14660 = PLANE('',#14661);
#14661 = AXIS2_PLACEMENT_3D('',#14662,#14663,#14664);
#14662 = CARTESIAN_POINT('',(131.,120.03300858899,-80.46446609406));
#14663 = DIRECTION('',(0.,0.707106781187,0.707106781187));
#14664 = DIRECTION('',(0.,-0.707106781187,0.707106781187));
#14665 = DEFINITIONAL_REPRESENTATION('',(#14666),#14670);
#14666 = LINE('',#14667,#14668);
#14667 = CARTESIAN_POINT('',(0.,0.));
#14668 = VECTOR('',#14669,1.);
#14669 = DIRECTION('',(1.,0.));
#14670 = ( GEOMETRIC_REPRESENTATION_CONTEXT(2) 
PARAMETRIC_REPRESENTATION_CONTEXT() REPRESENTATION_CONTEXT('2D SPACE',''
  ) );
#14671 = ORIENTED_EDGE('',*,*,#14672,.T.);
#14672 = EDGE_CURVE('',#14645,#14673,#14675,.T.);
#14673 = VERTEX_POINT('',#14674);
#14674 = CARTESIAN_POINT('',(131.,46.49390334559,-120.0624458405));
#14675 = SURFACE_CURVE('',#14676,(#14680,#14687),.PCURVE_S1.);
#14676 = LINE('',#14677,#14678);
#14677 = CARTESIAN_POINT('',(131.,121.44722215136,-45.10912703474));
#14678 = VECTOR('',#14679,1.);
#14679 = DIRECTION('',(-0.,-0.707106781187,-0.707106781187));
#14680 = PCURVE('',#4731,#14681);
#14681 = DEFINITIONAL_REPRESENTATION('',(#14682),#14686);
#14682 = LINE('',#14683,#14684);
#14683 = CARTESIAN_POINT('',(-0.,0.));
#14684 = VECTOR('',#14685,1.);
#14685 = DIRECTION('',(-0.,-1.));
#14686 = ( GEOMETRIC_REPRESENTATION_CONTEXT(2) 
PARAMETRIC_REPRESENTATION_CONTEXT() REPRESENTATION_CONTEXT('2D SPACE',''
  ) );
#14687 = PCURVE('',#14688,#14693);
#14688 = PLANE('',#14689);
#14689 = AXIS2_PLACEMENT_3D('',#14690,#14691,#14692);
#14690 = CARTESIAN_POINT('',(135.,124.27564927611,-47.93755415948));
#14691 = DIRECTION('',(0.707106781187,-0.5,0.5));
#14692 = DIRECTION('',(0.707106781187,0.5,-0.5));
#14693 = DEFINITIONAL_REPRESENTATION('',(#14694),#14698);
#14694 = LINE('',#14695,#14696);
#14695 = CARTESIAN_POINT('',(-5.656854249492,-5.329070518201E-15));
#14696 = VECTOR('',#14697,1.);
#14697 = DIRECTION('',(-0.,-1.));
#14698 = ( GEOMETRIC_REPRESENTATION_CONTEXT(2) 
PARAMETRIC_REPRESENTATION_CONTEXT() REPRESENTATION_CONTEXT('2D SPACE',''
  ) );
#14699 = ORIENTED_EDGE('',*,*,#14700,.F.);
#14700 = EDGE_CURVE('',#14701,#14673,#14703,.T.);
#14701 = VERTEX_POINT('',#14702);
#14702 = CARTESIAN_POINT('',(131.,51.443650813896,-125.0121933088));
#14703 = SURFACE_CURVE('',#14704,(#14708,#14715),.PCURVE_S1.);
#14704 = LINE('',#14705,#14706);
#14705 = CARTESIAN_POINT('',(131.,63.464466094067,-137.0330085889));
#14706 = VECTOR('',#14707,1.);
#14707 = DIRECTION('',(0.,-0.707106781187,0.707106781187));
#14708 = PCURVE('',#4731,#14709);
#14709 = DEFINITIONAL_REPRESENTATION('',(#14710),#14714);
#14710 = LINE('',#14711,#14712);
#14711 = CARTESIAN_POINT('',(24.,-106.));
#14712 = VECTOR('',#14713,1.);
#14713 = DIRECTION('',(-1.,0.));
#14714 = ( GEOMETRIC_REPRESENTATION_CONTEXT(2) 
PARAMETRIC_REPRESENTATION_CONTEXT() REPRESENTATION_CONTEXT('2D SPACE',''
  ) );
#14715 = PCURVE('',#14716,#14721);
#14716 = PLANE('',#14717);
#14717 = AXIS2_PLACEMENT_3D('',#14718,#14719,#14720);
#14718 = CARTESIAN_POINT('',(131.,63.464466094067,-137.0330085889));
#14719 = DIRECTION('',(0.,0.707106781187,0.707106781187));
#14720 = DIRECTION('',(0.,-0.707106781187,0.707106781187));
#14721 = DEFINITIONAL_REPRESENTATION('',(#14722),#14726);
#14722 = LINE('',#14723,#14724);
#14723 = CARTESIAN_POINT('',(0.,0.));
#14724 = VECTOR('',#14725,1.);
#14725 = DIRECTION('',(1.,0.));
#14726 = ( GEOMETRIC_REPRESENTATION_CONTEXT(2) 
PARAMETRIC_REPRESENTATION_CONTEXT() REPRESENTATION_CONTEXT('2D SPACE',''
  ) );
#14727 = ORIENTED_EDGE('',*,*,#14728,.T.);
#14728 = EDGE_CURVE('',#14701,#14729,#14731,.T.);
#14729 = VERTEX_POINT('',#14730);
#14730 = CARTESIAN_POINT('',(131.,45.786796564404,-125.0121933088));
#14731 = SURFACE_CURVE('',#14732,(#14736,#14743),.PCURVE_S1.);
#14732 = LINE('',#14733,#14734);
#14733 = CARTESIAN_POINT('',(131.,87.859650045003,-125.0121933088));
#14734 = VECTOR('',#14735,1.);
#14735 = DIRECTION('',(0.,-1.,1.110223024625E-16));
#14736 = PCURVE('',#4731,#14737);
#14737 = DEFINITIONAL_REPRESENTATION('',(#14738),#14742);
#14738 = LINE('',#14739,#14740);
#14739 = CARTESIAN_POINT('',(32.75,-80.25));
#14740 = VECTOR('',#14741,1.);
#14741 = DIRECTION('',(-0.707106781187,-0.707106781187));
#14742 = ( GEOMETRIC_REPRESENTATION_CONTEXT(2) 
PARAMETRIC_REPRESENTATION_CONTEXT() REPRESENTATION_CONTEXT('2D SPACE',''
  ) );
#14743 = PCURVE('',#8251,#14744);
#14744 = DEFINITIONAL_REPRESENTATION('',(#14745),#14749);
#14745 = LINE('',#14746,#14747);
#14746 = CARTESIAN_POINT('',(-33.58757210636,-9.999999999999E-02));
#14747 = VECTOR('',#14748,1.);
#14748 = DIRECTION('',(1.,0.));
#14749 = ( GEOMETRIC_REPRESENTATION_CONTEXT(2) 
PARAMETRIC_REPRESENTATION_CONTEXT() REPRESENTATION_CONTEXT('2D SPACE',''
  ) );
#14750 = ORIENTED_EDGE('',*,*,#14751,.T.);
#14751 = EDGE_CURVE('',#14729,#14752,#14754,.T.);
#14752 = VERTEX_POINT('',#14753);
#14753 = CARTESIAN_POINT('',(131.,42.958369439657,-127.8406204335));
#14754 = SURFACE_CURVE('',#14755,(#14759,#14766),.PCURVE_S1.);
#14755 = LINE('',#14756,#14757);
#14756 = CARTESIAN_POINT('',(131.,84.677669529664,-86.12132034356));
#14757 = VECTOR('',#14758,1.);
#14758 = DIRECTION('',(-0.,-0.707106781187,-0.707106781187));
#14759 = PCURVE('',#4731,#14760);
#14760 = DEFINITIONAL_REPRESENTATION('',(#14761),#14765);
#14761 = LINE('',#14762,#14763);
#14762 = CARTESIAN_POINT('',(3.,-55.));
#14763 = VECTOR('',#14764,1.);
#14764 = DIRECTION('',(-0.,-1.));
#14765 = ( GEOMETRIC_REPRESENTATION_CONTEXT(2) 
PARAMETRIC_REPRESENTATION_CONTEXT() REPRESENTATION_CONTEXT('2D SPACE',''
  ) );
#14766 = PCURVE('',#8225,#14767);
#14767 = DEFINITIONAL_REPRESENTATION('',(#14768),#14772);
#14768 = LINE('',#14769,#14770);
#14769 = CARTESIAN_POINT('',(-55.,-9.999999999999E-02));
#14770 = VECTOR('',#14771,1.);
#14771 = DIRECTION('',(1.,0.));
#14772 = ( GEOMETRIC_REPRESENTATION_CONTEXT(2) 
PARAMETRIC_REPRESENTATION_CONTEXT() REPRESENTATION_CONTEXT('2D SPACE',''
  ) );
#14773 = ORIENTED_EDGE('',*,*,#14774,.T.);
#14774 = EDGE_CURVE('',#14752,#14775,#14777,.T.);
#14775 = VERTEX_POINT('',#14776);
#14776 = CARTESIAN_POINT('',(131.,42.958369439657,-136.3259018078));
#14777 = SURFACE_CURVE('',#14778,(#14782,#14789),.PCURVE_S1.);
#14778 = LINE('',#14779,#14780);
#14779 = CARTESIAN_POINT('',(131.,42.958369439657,-86.47487373415));
#14780 = VECTOR('',#14781,1.);
#14781 = DIRECTION('',(-0.,-1.110223024625E-16,-1.));
#14782 = PCURVE('',#4731,#14783);
#14783 = DEFINITIONAL_REPRESENTATION('',(#14784),#14788);
#14784 = LINE('',#14785,#14786);
#14785 = CARTESIAN_POINT('',(-26.25,-84.75));
#14786 = VECTOR('',#14787,1.);
#14787 = DIRECTION('',(0.707106781187,-0.707106781187));
#14788 = ( GEOMETRIC_REPRESENTATION_CONTEXT(2) 
PARAMETRIC_REPRESENTATION_CONTEXT() REPRESENTATION_CONTEXT('2D SPACE',''
  ) );
#14789 = PCURVE('',#8197,#14790);
#14790 = DEFINITIONAL_REPRESENTATION('',(#14791),#14795);
#14791 = LINE('',#14792,#14793);
#14792 = CARTESIAN_POINT('',(-41.36574669941,-9.999999999999E-02));
#14793 = VECTOR('',#14794,1.);
#14794 = DIRECTION('',(1.,0.));
#14795 = ( GEOMETRIC_REPRESENTATION_CONTEXT(2) 
PARAMETRIC_REPRESENTATION_CONTEXT() REPRESENTATION_CONTEXT('2D SPACE',''
  ) );
#14796 = ORIENTED_EDGE('',*,*,#14797,.T.);
#14797 = EDGE_CURVE('',#14775,#14798,#14800,.T.);
#14798 = VERTEX_POINT('',#14799);
#14799 = CARTESIAN_POINT('',(131.,51.443650813896,-144.811183182));
#14800 = SURFACE_CURVE('',#14801,(#14805,#14812),.PCURVE_S1.);
#14801 = LINE('',#14802,#14803);
#14802 = CARTESIAN_POINT('',(131.,39.776388924318,-133.1439212924));
#14803 = VECTOR('',#14804,1.);
#14804 = DIRECTION('',(0.,0.707106781187,-0.707106781187));
#14805 = PCURVE('',#4731,#14806);
#14806 = DEFINITIONAL_REPRESENTATION('',(#14807),#14811);
#14807 = LINE('',#14808,#14809);
#14808 = CARTESIAN_POINT('',(4.5,-120.));
#14809 = VECTOR('',#14810,1.);
#14810 = DIRECTION('',(1.,-0.));
#14811 = ( GEOMETRIC_REPRESENTATION_CONTEXT(2) 
PARAMETRIC_REPRESENTATION_CONTEXT() REPRESENTATION_CONTEXT('2D SPACE',''
  ) );
#14812 = PCURVE('',#8169,#14813);
#14813 = DEFINITIONAL_REPRESENTATION('',(#14814),#14818);
#14814 = LINE('',#14815,#14816);
#14815 = CARTESIAN_POINT('',(-4.5,-9.999999999999E-02));
#14816 = VECTOR('',#14817,1.);
#14817 = DIRECTION('',(1.,0.));
#14818 = ( GEOMETRIC_REPRESENTATION_CONTEXT(2) 
PARAMETRIC_REPRESENTATION_CONTEXT() REPRESENTATION_CONTEXT('2D SPACE',''
  ) );
#14819 = ORIENTED_EDGE('',*,*,#14820,.T.);
#14820 = EDGE_CURVE('',#14798,#14821,#14823,.T.);
#14821 = VERTEX_POINT('',#14822);
#14822 = CARTESIAN_POINT('',(131.,61.343145750508,-134.9116882454));
#14823 = SURFACE_CURVE('',#14824,(#14828,#14835),.PCURVE_S1.);
#14824 = LINE('',#14825,#14826);
#14825 = CARTESIAN_POINT('',(131.,93.870057685089,-102.3847763108));
#14826 = VECTOR('',#14827,1.);
#14827 = DIRECTION('',(0.,0.707106781187,0.707106781187));
#14828 = PCURVE('',#4731,#14829);
#14829 = DEFINITIONAL_REPRESENTATION('',(#14830),#14834);
#14830 = LINE('',#14831,#14832);
#14831 = CARTESIAN_POINT('',(21.,-60.));
#14832 = VECTOR('',#14833,1.);
#14833 = DIRECTION('',(-0.,1.));
#14834 = ( GEOMETRIC_REPRESENTATION_CONTEXT(2) 
PARAMETRIC_REPRESENTATION_CONTEXT() REPRESENTATION_CONTEXT('2D SPACE',''
  ) );
#14835 = PCURVE('',#8141,#14836);
#14836 = DEFINITIONAL_REPRESENTATION('',(#14837),#14841);
#14837 = LINE('',#14838,#14839);
#14838 = CARTESIAN_POINT('',(60.,-9.999999999999E-02));
#14839 = VECTOR('',#14840,1.);
#14840 = DIRECTION('',(1.,0.));
#14841 = ( GEOMETRIC_REPRESENTATION_CONTEXT(2) 
PARAMETRIC_REPRESENTATION_CONTEXT() REPRESENTATION_CONTEXT('2D SPACE',''
  ) );
#14842 = ORIENTED_EDGE('',*,*,#14843,.F.);
#14843 = EDGE_CURVE('',#14844,#14821,#14846,.T.);
#14844 = VERTEX_POINT('',#14845);
#14845 = CARTESIAN_POINT('',(131.,63.464466094067,-137.0330085889));
#14846 = SURFACE_CURVE('',#14847,(#14851,#14858),.PCURVE_S1.);
#14847 = LINE('',#14848,#14849);
#14848 = CARTESIAN_POINT('',(131.,63.464466094067,-137.0330085889));
#14849 = VECTOR('',#14850,1.);
#14850 = DIRECTION('',(0.,-0.707106781187,0.707106781187));
#14851 = PCURVE('',#4731,#14852);
#14852 = DEFINITIONAL_REPRESENTATION('',(#14853),#14857);
#14853 = LINE('',#14854,#14855);
#14854 = CARTESIAN_POINT('',(24.,-106.));
#14855 = VECTOR('',#14856,1.);
#14856 = DIRECTION('',(-1.,0.));
#14857 = ( GEOMETRIC_REPRESENTATION_CONTEXT(2) 
PARAMETRIC_REPRESENTATION_CONTEXT() REPRESENTATION_CONTEXT('2D SPACE',''
  ) );
#14858 = PCURVE('',#14859,#14864);
#14859 = PLANE('',#14860);
#14860 = AXIS2_PLACEMENT_3D('',#14861,#14862,#14863);
#14861 = CARTESIAN_POINT('',(131.,63.464466094067,-137.0330085889));
#14862 = DIRECTION('',(0.,0.707106781187,0.707106781187));
#14863 = DIRECTION('',(0.,-0.707106781187,0.707106781187));
#14864 = DEFINITIONAL_REPRESENTATION('',(#14865),#14869);
#14865 = LINE('',#14866,#14867);
#14866 = CARTESIAN_POINT('',(0.,0.));
#14867 = VECTOR('',#14868,1.);
#14868 = DIRECTION('',(1.,0.));
#14869 = ( GEOMETRIC_REPRESENTATION_CONTEXT(2) 
PARAMETRIC_REPRESENTATION_CONTEXT() REPRESENTATION_CONTEXT('2D SPACE',''
  ) );
#14870 = ORIENTED_EDGE('',*,*,#14871,.F.);
#14871 = EDGE_CURVE('',#11736,#14844,#14872,.T.);
#14872 = SURFACE_CURVE('',#14873,(#14877,#14884),.PCURVE_S1.);
#14873 = LINE('',#14874,#14875);
#14874 = CARTESIAN_POINT('',(131.,48.61522368915,-151.8822509939));
#14875 = VECTOR('',#14876,1.);
#14876 = DIRECTION('',(0.,0.707106781187,0.707106781187));
#14877 = PCURVE('',#4731,#14878);
#14878 = DEFINITIONAL_REPRESENTATION('',(#14879),#14883);
#14879 = LINE('',#14880,#14881);
#14880 = CARTESIAN_POINT('',(24.,-127.));
#14881 = VECTOR('',#14882,1.);
#14882 = DIRECTION('',(-0.,1.));
#14883 = ( GEOMETRIC_REPRESENTATION_CONTEXT(2) 
PARAMETRIC_REPRESENTATION_CONTEXT() REPRESENTATION_CONTEXT('2D SPACE',''
  ) );
#14884 = PCURVE('',#11774,#14885);
#14885 = DEFINITIONAL_REPRESENTATION('',(#14886),#14890);
#14886 = LINE('',#14887,#14888);
#14887 = CARTESIAN_POINT('',(10.,5.));
#14888 = VECTOR('',#14889,1.);
#14889 = DIRECTION('',(0.,1.));
#14890 = ( GEOMETRIC_REPRESENTATION_CONTEXT(2) 
PARAMETRIC_REPRESENTATION_CONTEXT() REPRESENTATION_CONTEXT('2D SPACE',''
  ) );
#14891 = ORIENTED_EDGE('',*,*,#11735,.F.);
#14892 = FACE_BOUND('',#14893,.T.);
#14893 = EDGE_LOOP('',(#14894,#14919,#14942,#14965,#14988,#15011));
#14894 = ORIENTED_EDGE('',*,*,#14895,.T.);
#14895 = EDGE_CURVE('',#14896,#14898,#14900,.T.);
#14896 = VERTEX_POINT('',#14897);
#14897 = CARTESIAN_POINT('',(131.,113.66904755831,-65.61522368915));
#14898 = VERTEX_POINT('',#14899);
#14899 = CARTESIAN_POINT('',(131.,122.15432893255,-74.10050506338));
#14900 = SURFACE_CURVE('',#14901,(#14905,#14912),.PCURVE_S1.);
#14901 = LINE('',#14902,#14903);
#14902 = CARTESIAN_POINT('',(131.,110.48706704297,-62.43324317381));
#14903 = VECTOR('',#14904,1.);
#14904 = DIRECTION('',(0.,0.707106781187,-0.707106781187));
#14905 = PCURVE('',#4731,#14906);
#14906 = DEFINITIONAL_REPRESENTATION('',(#14907),#14911);
#14907 = LINE('',#14908,#14909);
#14908 = CARTESIAN_POINT('',(4.5,-20.));
#14909 = VECTOR('',#14910,1.);
#14910 = DIRECTION('',(1.,-0.));
#14911 = ( GEOMETRIC_REPRESENTATION_CONTEXT(2) 
PARAMETRIC_REPRESENTATION_CONTEXT() REPRESENTATION_CONTEXT('2D SPACE',''
  ) );
#14912 = PCURVE('',#7659,#14913);
#14913 = DEFINITIONAL_REPRESENTATION('',(#14914),#14918);
#14914 = LINE('',#14915,#14916);
#14915 = CARTESIAN_POINT('',(-4.5,-9.999999999999E-02));
#14916 = VECTOR('',#14917,1.);
#14917 = DIRECTION('',(1.,0.));
#14918 = ( GEOMETRIC_REPRESENTATION_CONTEXT(2) 
PARAMETRIC_REPRESENTATION_CONTEXT() REPRESENTATION_CONTEXT('2D SPACE',''
  ) );
#14919 = ORIENTED_EDGE('',*,*,#14920,.T.);
#14920 = EDGE_CURVE('',#14898,#14921,#14923,.T.);
#14921 = VERTEX_POINT('',#14922);
#14922 = CARTESIAN_POINT('',(131.,133.46803743153,-62.7867965644));
#14923 = SURFACE_CURVE('',#14924,(#14928,#14935),.PCURVE_S1.);
#14924 = LINE('',#14925,#14926);
#14925 = CARTESIAN_POINT('',(131.,129.22539674441,-67.02943725152));
#14926 = VECTOR('',#14927,1.);
#14927 = DIRECTION('',(0.,0.707106781187,0.707106781187));
#14928 = PCURVE('',#4731,#14929);
#14929 = DEFINITIONAL_REPRESENTATION('',(#14930),#14934);
#14930 = LINE('',#14931,#14932);
#14931 = CARTESIAN_POINT('',(21.,-10.));
#14932 = VECTOR('',#14933,1.);
#14933 = DIRECTION('',(-0.,1.));
#14934 = ( GEOMETRIC_REPRESENTATION_CONTEXT(2) 
PARAMETRIC_REPRESENTATION_CONTEXT() REPRESENTATION_CONTEXT('2D SPACE',''
  ) );
#14935 = PCURVE('',#7631,#14936);
#14936 = DEFINITIONAL_REPRESENTATION('',(#14937),#14941);
#14937 = LINE('',#14938,#14939);
#14938 = CARTESIAN_POINT('',(10.,-9.999999999999E-02));
#14939 = VECTOR('',#14940,1.);
#14940 = DIRECTION('',(1.,0.));
#14941 = ( GEOMETRIC_REPRESENTATION_CONTEXT(2) 
PARAMETRIC_REPRESENTATION_CONTEXT() REPRESENTATION_CONTEXT('2D SPACE',''
  ) );
#14942 = ORIENTED_EDGE('',*,*,#14943,.T.);
#14943 = EDGE_CURVE('',#14921,#14944,#14946,.T.);
#14944 = VERTEX_POINT('',#14945);
#14945 = CARTESIAN_POINT('',(131.,124.98275605729,-54.30151519016));
#14946 = SURFACE_CURVE('',#14947,(#14951,#14958),.PCURVE_S1.);
#14947 = LINE('',#14948,#14949);
#14948 = CARTESIAN_POINT('',(131.,126.04341622907,-55.36217536194));
#14949 = VECTOR('',#14950,1.);
#14950 = DIRECTION('',(0.,-0.707106781187,0.707106781187));
#14951 = PCURVE('',#4731,#14952);
#14952 = DEFINITIONAL_REPRESENTATION('',(#14953),#14957);
#14953 = LINE('',#14954,#14955);
#14954 = CARTESIAN_POINT('',(10.5,-4.));
#14955 = VECTOR('',#14956,1.);
#14956 = DIRECTION('',(-1.,0.));
#14957 = ( GEOMETRIC_REPRESENTATION_CONTEXT(2) 
PARAMETRIC_REPRESENTATION_CONTEXT() REPRESENTATION_CONTEXT('2D SPACE',''
  ) );
#14958 = PCURVE('',#7603,#14959);
#14959 = DEFINITIONAL_REPRESENTATION('',(#14960),#14964);
#14960 = LINE('',#14961,#14962);
#14961 = CARTESIAN_POINT('',(10.5,-9.999999999999E-02));
#14962 = VECTOR('',#14963,1.);
#14963 = DIRECTION('',(1.,0.));
#14964 = ( GEOMETRIC_REPRESENTATION_CONTEXT(2) 
PARAMETRIC_REPRESENTATION_CONTEXT() REPRESENTATION_CONTEXT('2D SPACE',''
  ) );
#14965 = ORIENTED_EDGE('',*,*,#14966,.T.);
#14966 = EDGE_CURVE('',#14944,#14967,#14969,.T.);
#14967 = VERTEX_POINT('',#14968);
#14968 = CARTESIAN_POINT('',(131.,116.49747468305,-54.30151519016));
#14969 = SURFACE_CURVE('',#14970,(#14974,#14981),.PCURVE_S1.);
#14970 = LINE('',#14971,#14972);
#14971 = CARTESIAN_POINT('',(131.,123.21498910433,-54.30151519016));
#14972 = VECTOR('',#14973,1.);
#14973 = DIRECTION('',(0.,-1.,1.110223024625E-16));
#14974 = PCURVE('',#4731,#14975);
#14975 = DEFINITIONAL_REPRESENTATION('',(#14976),#14980);
#14976 = LINE('',#14977,#14978);
#14977 = CARTESIAN_POINT('',(7.75,-5.25));
#14978 = VECTOR('',#14979,1.);
#14979 = DIRECTION('',(-0.707106781187,-0.707106781187));
#14980 = ( GEOMETRIC_REPRESENTATION_CONTEXT(2) 
PARAMETRIC_REPRESENTATION_CONTEXT() REPRESENTATION_CONTEXT('2D SPACE',''
  ) );
#14981 = PCURVE('',#7741,#14982);
#14982 = DEFINITIONAL_REPRESENTATION('',(#14983),#14987);
#14983 = LINE('',#14984,#14985);
#14984 = CARTESIAN_POINT('',(1.767766952966,-9.999999999999E-02));
#14985 = VECTOR('',#14986,1.);
#14986 = DIRECTION('',(1.,0.));
#14987 = ( GEOMETRIC_REPRESENTATION_CONTEXT(2) 
PARAMETRIC_REPRESENTATION_CONTEXT() REPRESENTATION_CONTEXT('2D SPACE',''
  ) );
#14988 = ORIENTED_EDGE('',*,*,#14989,.T.);
#14989 = EDGE_CURVE('',#14967,#14990,#14992,.T.);
#14990 = VERTEX_POINT('',#14991);
#14991 = CARTESIAN_POINT('',(131.,113.66904755831,-57.12994231491));
#14992 = SURFACE_CURVE('',#14993,(#14997,#15004),.PCURVE_S1.);
#14993 = LINE('',#14994,#14995);
#14994 = CARTESIAN_POINT('',(131.,120.03300858899,-50.76598128423));
#14995 = VECTOR('',#14996,1.);
#14996 = DIRECTION('',(-0.,-0.707106781187,-0.707106781187));
#14997 = PCURVE('',#4731,#14998);
#14998 = DEFINITIONAL_REPRESENTATION('',(#14999),#15003);
#14999 = LINE('',#15000,#15001);
#15000 = CARTESIAN_POINT('',(3.,-5.));
#15001 = VECTOR('',#15002,1.);
#15002 = DIRECTION('',(-0.,-1.));
#15003 = ( GEOMETRIC_REPRESENTATION_CONTEXT(2) 
PARAMETRIC_REPRESENTATION_CONTEXT() REPRESENTATION_CONTEXT('2D SPACE',''
  ) );
#15004 = PCURVE('',#7715,#15005);
#15005 = DEFINITIONAL_REPRESENTATION('',(#15006),#15010);
#15006 = LINE('',#15007,#15008);
#15007 = CARTESIAN_POINT('',(-5.,-9.999999999999E-02));
#15008 = VECTOR('',#15009,1.);
#15009 = DIRECTION('',(1.,0.));
#15010 = ( GEOMETRIC_REPRESENTATION_CONTEXT(2) 
PARAMETRIC_REPRESENTATION_CONTEXT() REPRESENTATION_CONTEXT('2D SPACE',''
  ) );
#15011 = ORIENTED_EDGE('',*,*,#15012,.T.);
#15012 = EDGE_CURVE('',#14990,#14896,#15013,.T.);
#15013 = SURFACE_CURVE('',#15014,(#15018,#15025),.PCURVE_S1.);
#15014 = LINE('',#15015,#15016);
#15015 = CARTESIAN_POINT('',(131.,113.66904755831,-51.11953467482));
#15016 = VECTOR('',#15017,1.);
#15017 = DIRECTION('',(-0.,-1.110223024625E-16,-1.));
#15018 = PCURVE('',#4731,#15019);
#15019 = DEFINITIONAL_REPRESENTATION('',(#15020),#15024);
#15020 = LINE('',#15021,#15022);
#15021 = CARTESIAN_POINT('',(-1.25,-9.75));
#15022 = VECTOR('',#15023,1.);
#15023 = DIRECTION('',(0.707106781187,-0.707106781187));
#15024 = ( GEOMETRIC_REPRESENTATION_CONTEXT(2) 
PARAMETRIC_REPRESENTATION_CONTEXT() REPRESENTATION_CONTEXT('2D SPACE',''
  ) );
#15025 = PCURVE('',#7687,#15026);
#15026 = DEFINITIONAL_REPRESENTATION('',(#15027),#15031);
#15027 = LINE('',#15028,#15029);
#15028 = CARTESIAN_POINT('',(-6.010407640086,-9.999999999999E-02));
#15029 = VECTOR('',#15030,1.);
#15030 = DIRECTION('',(1.,0.));
#15031 = ( GEOMETRIC_REPRESENTATION_CONTEXT(2) 
PARAMETRIC_REPRESENTATION_CONTEXT() REPRESENTATION_CONTEXT('2D SPACE',''
  ) );
#15032 = ADVANCED_FACE('',(#15033),#4763,.F.);
#15033 = FACE_BOUND('',#15034,.F.);
#15034 = EDGE_LOOP('',(#15035,#15058,#15059,#15082));
#15035 = ORIENTED_EDGE('',*,*,#15036,.T.);
#15036 = EDGE_CURVE('',#15037,#4746,#15039,.T.);
#15037 = VERTEX_POINT('',#15038);
#15038 = CARTESIAN_POINT('',(2.,116.14392129246,-40.51293295702));
#15039 = SURFACE_CURVE('',#15040,(#15044,#15051),.PCURVE_S1.);
#15040 = LINE('',#15041,#15042);
#15041 = CARTESIAN_POINT('',(2.,116.14392129246,-40.51293295702));
#15042 = VECTOR('',#15043,1.);
#15043 = DIRECTION('',(0.581238193719,0.575396455569,-0.575396455569));
#15044 = PCURVE('',#4763,#15045);
#15045 = DEFINITIONAL_REPRESENTATION('',(#15046),#15050);
#15046 = LINE('',#15047,#15048);
#15047 = CARTESIAN_POINT('',(-0.827564289086,-3.));
#15048 = VECTOR('',#15049,1.);
#15049 = DIRECTION('',(0.813733471207,0.581238193719));
#15050 = ( GEOMETRIC_REPRESENTATION_CONTEXT(2) 
PARAMETRIC_REPRESENTATION_CONTEXT() REPRESENTATION_CONTEXT('2D SPACE',''
  ) );
#15051 = PCURVE('',#4845,#15052);
#15052 = DEFINITIONAL_REPRESENTATION('',(#15053),#15057);
#15053 = LINE('',#15054,#15055);
#15054 = CARTESIAN_POINT('',(0.,0.));
#15055 = VECTOR('',#15056,1.);
#15056 = DIRECTION('',(1.,0.));
#15057 = ( GEOMETRIC_REPRESENTATION_CONTEXT(2) 
PARAMETRIC_REPRESENTATION_CONTEXT() REPRESENTATION_CONTEXT('2D SPACE',''
  ) );
#15058 = ORIENTED_EDGE('',*,*,#4745,.T.);
#15059 = ORIENTED_EDGE('',*,*,#15060,.T.);
#15060 = EDGE_CURVE('',#4748,#15061,#15063,.T.);
#15061 = VERTEX_POINT('',#15062);
#15062 = CARTESIAN_POINT('',(8.,116.14392129246,-40.51293295702));
#15063 = SURFACE_CURVE('',#15064,(#15068,#15075),.PCURVE_S1.);
#15064 = LINE('',#15065,#15066);
#15065 = CARTESIAN_POINT('',(6.5,117.62884553295,-41.99785719751));
#15066 = VECTOR('',#15067,1.);
#15067 = DIRECTION('',(0.581238193719,-0.575396455569,0.575396455569));
#15068 = PCURVE('',#4763,#15069);
#15069 = DEFINITIONAL_REPRESENTATION('',(#15070),#15074);
#15070 = LINE('',#15071,#15072);
#15071 = CARTESIAN_POINT('',(1.272435710914,1.5));
#15072 = VECTOR('',#15073,1.);
#15073 = DIRECTION('',(-0.813733471207,0.581238193719));
#15074 = ( GEOMETRIC_REPRESENTATION_CONTEXT(2) 
PARAMETRIC_REPRESENTATION_CONTEXT() REPRESENTATION_CONTEXT('2D SPACE',''
  ) );
#15075 = PCURVE('',#4791,#15076);
#15076 = DEFINITIONAL_REPRESENTATION('',(#15077),#15081);
#15077 = LINE('',#15078,#15079);
#15078 = CARTESIAN_POINT('',(0.,0.));
#15079 = VECTOR('',#15080,1.);
#15080 = DIRECTION('',(1.,0.));
#15081 = ( GEOMETRIC_REPRESENTATION_CONTEXT(2) 
PARAMETRIC_REPRESENTATION_CONTEXT() REPRESENTATION_CONTEXT('2D SPACE',''
  ) );
#15082 = ORIENTED_EDGE('',*,*,#15083,.T.);
#15083 = EDGE_CURVE('',#15061,#15037,#15084,.T.);
#15084 = SURFACE_CURVE('',#15085,(#15089,#15096),.PCURVE_S1.);
#15085 = LINE('',#15086,#15087);
#15086 = CARTESIAN_POINT('',(8.,116.14392129246,-40.51293295702));
#15087 = VECTOR('',#15088,1.);
#15088 = DIRECTION('',(-1.,0.,0.));
#15089 = PCURVE('',#4763,#15090);
#15090 = DEFINITIONAL_REPRESENTATION('',(#15091),#15095);
#15091 = LINE('',#15092,#15093);
#15092 = CARTESIAN_POINT('',(-0.827564289086,3.));
#15093 = VECTOR('',#15094,1.);
#15094 = DIRECTION('',(0.,-1.));
#15095 = ( GEOMETRIC_REPRESENTATION_CONTEXT(2) 
PARAMETRIC_REPRESENTATION_CONTEXT() REPRESENTATION_CONTEXT('2D SPACE',''
  ) );
#15096 = PCURVE('',#15097,#15102);
#15097 = PLANE('',#15098);
#15098 = AXIS2_PLACEMENT_3D('',#15099,#15100,#15101);
#15099 = CARTESIAN_POINT('',(8.,116.14392129246,-40.51293295702));
#15100 = DIRECTION('',(-0.,0.707106781187,-0.707106781187));
#15101 = DIRECTION('',(-1.,0.,0.));
#15102 = DEFINITIONAL_REPRESENTATION('',(#15103),#15107);
#15103 = LINE('',#15104,#15105);
#15104 = CARTESIAN_POINT('',(0.,0.));
#15105 = VECTOR('',#15106,1.);
#15106 = DIRECTION('',(1.,0.));
#15107 = ( GEOMETRIC_REPRESENTATION_CONTEXT(2) 
PARAMETRIC_REPRESENTATION_CONTEXT() REPRESENTATION_CONTEXT('2D SPACE',''
  ) );
#15108 = ADVANCED_FACE('',(#15109),#4845,.F.);
#15109 = FACE_BOUND('',#15110,.F.);
#15110 = EDGE_LOOP('',(#15111,#15112,#15135,#15156));
#15111 = ORIENTED_EDGE('',*,*,#15036,.F.);
#15112 = ORIENTED_EDGE('',*,*,#15113,.T.);
#15113 = EDGE_CURVE('',#15037,#15114,#15116,.T.);
#15114 = VERTEX_POINT('',#15115);
#15115 = CARTESIAN_POINT('',(2.,26.694913472367,-129.9619407771));
#15116 = SURFACE_CURVE('',#15117,(#15121,#15128),.PCURVE_S1.);
#15117 = LINE('',#15118,#15119);
#15118 = CARTESIAN_POINT('',(2.,116.14392129246,-40.51293295702));
#15119 = VECTOR('',#15120,1.);
#15120 = DIRECTION('',(0.,-0.707106781187,-0.707106781187));
#15121 = PCURVE('',#4845,#15122);
#15122 = DEFINITIONAL_REPRESENTATION('',(#15123),#15127);
#15123 = LINE('',#15124,#15125);
#15124 = CARTESIAN_POINT('',(0.,0.));
#15125 = VECTOR('',#15126,1.);
#15126 = DIRECTION('',(0.,-1.));
#15127 = ( GEOMETRIC_REPRESENTATION_CONTEXT(2) 
PARAMETRIC_REPRESENTATION_CONTEXT() REPRESENTATION_CONTEXT('2D SPACE',''
  ) );
#15128 = PCURVE('',#15097,#15129);
#15129 = DEFINITIONAL_REPRESENTATION('',(#15130),#15134);
#15130 = LINE('',#15131,#15132);
#15131 = CARTESIAN_POINT('',(6.,0.));
#15132 = VECTOR('',#15133,1.);
#15133 = DIRECTION('',(-0.,-1.));
#15134 = ( GEOMETRIC_REPRESENTATION_CONTEXT(2) 
PARAMETRIC_REPRESENTATION_CONTEXT() REPRESENTATION_CONTEXT('2D SPACE',''
  ) );
#15135 = ORIENTED_EDGE('',*,*,#15136,.T.);
#15136 = EDGE_CURVE('',#15114,#4804,#15137,.T.);
#15137 = SURFACE_CURVE('',#15138,(#15142,#15149),.PCURVE_S1.);
#15138 = LINE('',#15139,#15140);
#15139 = CARTESIAN_POINT('',(2.,26.694913472367,-129.9619407771));
#15140 = VECTOR('',#15141,1.);
#15141 = DIRECTION('',(0.581238193719,0.575396455569,-0.575396455569));
#15142 = PCURVE('',#4845,#15143);
#15143 = DEFINITIONAL_REPRESENTATION('',(#15144),#15148);
#15144 = LINE('',#15145,#15146);
#15145 = CARTESIAN_POINT('',(7.105427357601E-15,-126.5));
#15146 = VECTOR('',#15147,1.);
#15147 = DIRECTION('',(1.,0.));
#15148 = ( GEOMETRIC_REPRESENTATION_CONTEXT(2) 
PARAMETRIC_REPRESENTATION_CONTEXT() REPRESENTATION_CONTEXT('2D SPACE',''
  ) );
#15149 = PCURVE('',#4819,#15150);
#15150 = DEFINITIONAL_REPRESENTATION('',(#15151),#15155);
#15151 = LINE('',#15152,#15153);
#15152 = CARTESIAN_POINT('',(-0.827564289086,-3.));
#15153 = VECTOR('',#15154,1.);
#15154 = DIRECTION('',(0.813733471207,0.581238193719));
#15155 = ( GEOMETRIC_REPRESENTATION_CONTEXT(2) 
PARAMETRIC_REPRESENTATION_CONTEXT() REPRESENTATION_CONTEXT('2D SPACE',''
  ) );
#15156 = ORIENTED_EDGE('',*,*,#4831,.T.);
#15157 = ADVANCED_FACE('',(#15158),#4791,.F.);
#15158 = FACE_BOUND('',#15159,.F.);
#15159 = EDGE_LOOP('',(#15160,#15161,#15162,#15185));
#15160 = ORIENTED_EDGE('',*,*,#15060,.F.);
#15161 = ORIENTED_EDGE('',*,*,#4775,.T.);
#15162 = ORIENTED_EDGE('',*,*,#15163,.T.);
#15163 = EDGE_CURVE('',#4776,#15164,#15166,.T.);
#15164 = VERTEX_POINT('',#15165);
#15165 = CARTESIAN_POINT('',(8.,26.694913472367,-129.9619407771));
#15166 = SURFACE_CURVE('',#15167,(#15171,#15178),.PCURVE_S1.);
#15167 = LINE('',#15168,#15169);
#15168 = CARTESIAN_POINT('',(6.5,28.179837712859,-131.4468650176));
#15169 = VECTOR('',#15170,1.);
#15170 = DIRECTION('',(0.581238193719,-0.575396455569,0.575396455569));
#15171 = PCURVE('',#4791,#15172);
#15172 = DEFINITIONAL_REPRESENTATION('',(#15173),#15177);
#15173 = LINE('',#15174,#15175);
#15174 = CARTESIAN_POINT('',(7.105427357601E-15,-126.5));
#15175 = VECTOR('',#15176,1.);
#15176 = DIRECTION('',(1.,0.));
#15177 = ( GEOMETRIC_REPRESENTATION_CONTEXT(2) 
PARAMETRIC_REPRESENTATION_CONTEXT() REPRESENTATION_CONTEXT('2D SPACE',''
  ) );
#15178 = PCURVE('',#4819,#15179);
#15179 = DEFINITIONAL_REPRESENTATION('',(#15180),#15184);
#15180 = LINE('',#15181,#15182);
#15181 = CARTESIAN_POINT('',(1.272435710914,1.5));
#15182 = VECTOR('',#15183,1.);
#15183 = DIRECTION('',(-0.813733471207,0.581238193719));
#15184 = ( GEOMETRIC_REPRESENTATION_CONTEXT(2) 
PARAMETRIC_REPRESENTATION_CONTEXT() REPRESENTATION_CONTEXT('2D SPACE',''
  ) );
#15185 = ORIENTED_EDGE('',*,*,#15186,.F.);
#15186 = EDGE_CURVE('',#15061,#15164,#15187,.T.);
#15187 = SURFACE_CURVE('',#15188,(#15192,#15199),.PCURVE_S1.);
#15188 = LINE('',#15189,#15190);
#15189 = CARTESIAN_POINT('',(8.,116.14392129246,-40.51293295702));
#15190 = VECTOR('',#15191,1.);
#15191 = DIRECTION('',(0.,-0.707106781187,-0.707106781187));
#15192 = PCURVE('',#4791,#15193);
#15193 = DEFINITIONAL_REPRESENTATION('',(#15194),#15198);
#15194 = LINE('',#15195,#15196);
#15195 = CARTESIAN_POINT('',(2.580697580113,-5.107025913276E-15));
#15196 = VECTOR('',#15197,1.);
#15197 = DIRECTION('',(0.,-1.));
#15198 = ( GEOMETRIC_REPRESENTATION_CONTEXT(2) 
PARAMETRIC_REPRESENTATION_CONTEXT() REPRESENTATION_CONTEXT('2D SPACE',''
  ) );
#15199 = PCURVE('',#15097,#15200);
#15200 = DEFINITIONAL_REPRESENTATION('',(#15201),#15205);
#15201 = LINE('',#15202,#15203);
#15202 = CARTESIAN_POINT('',(0.,0.));
#15203 = VECTOR('',#15204,1.);
#15204 = DIRECTION('',(-0.,-1.));
#15205 = ( GEOMETRIC_REPRESENTATION_CONTEXT(2) 
PARAMETRIC_REPRESENTATION_CONTEXT() REPRESENTATION_CONTEXT('2D SPACE',''
  ) );
#15206 = ADVANCED_FACE('',(#15207),#4819,.T.);
#15207 = FACE_BOUND('',#15208,.T.);
#15208 = EDGE_LOOP('',(#15209,#15210,#15211,#15212));
#15209 = ORIENTED_EDGE('',*,*,#15136,.T.);
#15210 = ORIENTED_EDGE('',*,*,#4803,.T.);
#15211 = ORIENTED_EDGE('',*,*,#15163,.T.);
#15212 = ORIENTED_EDGE('',*,*,#15213,.T.);
#15213 = EDGE_CURVE('',#15164,#15114,#15214,.T.);
#15214 = SURFACE_CURVE('',#15215,(#15219,#15226),.PCURVE_S1.);
#15215 = LINE('',#15216,#15217);
#15216 = CARTESIAN_POINT('',(8.,26.694913472367,-129.9619407771));
#15217 = VECTOR('',#15218,1.);
#15218 = DIRECTION('',(-1.,0.,0.));
#15219 = PCURVE('',#4819,#15220);
#15220 = DEFINITIONAL_REPRESENTATION('',(#15221),#15225);
#15221 = LINE('',#15222,#15223);
#15222 = CARTESIAN_POINT('',(-0.827564289086,3.));
#15223 = VECTOR('',#15224,1.);
#15224 = DIRECTION('',(0.,-1.));
#15225 = ( GEOMETRIC_REPRESENTATION_CONTEXT(2) 
PARAMETRIC_REPRESENTATION_CONTEXT() REPRESENTATION_CONTEXT('2D SPACE',''
  ) );
#15226 = PCURVE('',#15097,#15227);
#15227 = DEFINITIONAL_REPRESENTATION('',(#15228),#15232);
#15228 = LINE('',#15229,#15230);
#15229 = CARTESIAN_POINT('',(-0.,-126.5));
#15230 = VECTOR('',#15231,1.);
#15231 = DIRECTION('',(1.,0.));
#15232 = ( GEOMETRIC_REPRESENTATION_CONTEXT(2) 
PARAMETRIC_REPRESENTATION_CONTEXT() REPRESENTATION_CONTEXT('2D SPACE',''
  ) );
#15233 = ADVANCED_FACE('',(#15234),#4877,.F.);
#15234 = FACE_BOUND('',#15235,.F.);
#15235 = EDGE_LOOP('',(#15236,#15259,#15260,#15283));
#15236 = ORIENTED_EDGE('',*,*,#15237,.T.);
#15237 = EDGE_CURVE('',#15238,#4860,#15240,.T.);
#15238 = VERTEX_POINT('',#15239);
#15239 = CARTESIAN_POINT('',(132.,116.14392129246,-40.51293295702));
#15240 = SURFACE_CURVE('',#15241,(#15245,#15252),.PCURVE_S1.);
#15241 = LINE('',#15242,#15243);
#15242 = CARTESIAN_POINT('',(132.,116.14392129246,-40.51293295702));
#15243 = VECTOR('',#15244,1.);
#15244 = DIRECTION('',(0.581238193719,0.575396455569,-0.575396455569));
#15245 = PCURVE('',#4877,#15246);
#15246 = DEFINITIONAL_REPRESENTATION('',(#15247),#15251);
#15247 = LINE('',#15248,#15249);
#15248 = CARTESIAN_POINT('',(-0.827564289086,-3.));
#15249 = VECTOR('',#15250,1.);
#15250 = DIRECTION('',(0.813733471207,0.581238193719));
#15251 = ( GEOMETRIC_REPRESENTATION_CONTEXT(2) 
PARAMETRIC_REPRESENTATION_CONTEXT() REPRESENTATION_CONTEXT('2D SPACE',''
  ) );
#15252 = PCURVE('',#4959,#15253);
#15253 = DEFINITIONAL_REPRESENTATION('',(#15254),#15258);
#15254 = LINE('',#15255,#15256);
#15255 = CARTESIAN_POINT('',(0.,0.));
#15256 = VECTOR('',#15257,1.);
#15257 = DIRECTION('',(1.,0.));
#15258 = ( GEOMETRIC_REPRESENTATION_CONTEXT(2) 
PARAMETRIC_REPRESENTATION_CONTEXT() REPRESENTATION_CONTEXT('2D SPACE',''
  ) );
#15259 = ORIENTED_EDGE('',*,*,#4859,.T.);
#15260 = ORIENTED_EDGE('',*,*,#15261,.T.);
#15261 = EDGE_CURVE('',#4862,#15262,#15264,.T.);
#15262 = VERTEX_POINT('',#15263);
#15263 = CARTESIAN_POINT('',(138.,116.14392129246,-40.51293295702));
#15264 = SURFACE_CURVE('',#15265,(#15269,#15276),.PCURVE_S1.);
#15265 = LINE('',#15266,#15267);
#15266 = CARTESIAN_POINT('',(136.5,117.62884553295,-41.99785719751));
#15267 = VECTOR('',#15268,1.);
#15268 = DIRECTION('',(0.581238193719,-0.575396455569,0.575396455569));
#15269 = PCURVE('',#4877,#15270);
#15270 = DEFINITIONAL_REPRESENTATION('',(#15271),#15275);
#15271 = LINE('',#15272,#15273);
#15272 = CARTESIAN_POINT('',(1.272435710914,1.5));
#15273 = VECTOR('',#15274,1.);
#15274 = DIRECTION('',(-0.813733471207,0.581238193719));
#15275 = ( GEOMETRIC_REPRESENTATION_CONTEXT(2) 
PARAMETRIC_REPRESENTATION_CONTEXT() REPRESENTATION_CONTEXT('2D SPACE',''
  ) );
#15276 = PCURVE('',#4905,#15277);
#15277 = DEFINITIONAL_REPRESENTATION('',(#15278),#15282);
#15278 = LINE('',#15279,#15280);
#15279 = CARTESIAN_POINT('',(0.,0.));
#15280 = VECTOR('',#15281,1.);
#15281 = DIRECTION('',(1.,0.));
#15282 = ( GEOMETRIC_REPRESENTATION_CONTEXT(2) 
PARAMETRIC_REPRESENTATION_CONTEXT() REPRESENTATION_CONTEXT('2D SPACE',''
  ) );
#15283 = ORIENTED_EDGE('',*,*,#15284,.T.);
#15284 = EDGE_CURVE('',#15262,#15238,#15285,.T.);
#15285 = SURFACE_CURVE('',#15286,(#15290,#15297),.PCURVE_S1.);
#15286 = LINE('',#15287,#15288);
#15287 = CARTESIAN_POINT('',(138.,116.14392129246,-40.51293295702));
#15288 = VECTOR('',#15289,1.);
#15289 = DIRECTION('',(-1.,0.,0.));
#15290 = PCURVE('',#4877,#15291);
#15291 = DEFINITIONAL_REPRESENTATION('',(#15292),#15296);
#15292 = LINE('',#15293,#15294);
#15293 = CARTESIAN_POINT('',(-0.827564289086,3.));
#15294 = VECTOR('',#15295,1.);
#15295 = DIRECTION('',(0.,-1.));
#15296 = ( GEOMETRIC_REPRESENTATION_CONTEXT(2) 
PARAMETRIC_REPRESENTATION_CONTEXT() REPRESENTATION_CONTEXT('2D SPACE',''
  ) );
#15297 = PCURVE('',#15298,#15303);
#15298 = PLANE('',#15299);
#15299 = AXIS2_PLACEMENT_3D('',#15300,#15301,#15302);
#15300 = CARTESIAN_POINT('',(138.,116.14392129246,-40.51293295702));
#15301 = DIRECTION('',(-0.,0.707106781187,-0.707106781187));
#15302 = DIRECTION('',(-1.,0.,0.));
#15303 = DEFINITIONAL_REPRESENTATION('',(#15304),#15308);
#15304 = LINE('',#15305,#15306);
#15305 = CARTESIAN_POINT('',(0.,0.));
#15306 = VECTOR('',#15307,1.);
#15307 = DIRECTION('',(1.,0.));
#15308 = ( GEOMETRIC_REPRESENTATION_CONTEXT(2) 
PARAMETRIC_REPRESENTATION_CONTEXT() REPRESENTATION_CONTEXT('2D SPACE',''
  ) );
#15309 = ADVANCED_FACE('',(#15310),#4959,.F.);
#15310 = FACE_BOUND('',#15311,.F.);
#15311 = EDGE_LOOP('',(#15312,#15313,#15336,#15357));
#15312 = ORIENTED_EDGE('',*,*,#15237,.F.);
#15313 = ORIENTED_EDGE('',*,*,#15314,.T.);
#15314 = EDGE_CURVE('',#15238,#15315,#15317,.T.);
#15315 = VERTEX_POINT('',#15316);
#15316 = CARTESIAN_POINT('',(132.,26.694913472367,-129.9619407771));
#15317 = SURFACE_CURVE('',#15318,(#15322,#15329),.PCURVE_S1.);
#15318 = LINE('',#15319,#15320);
#15319 = CARTESIAN_POINT('',(132.,116.14392129246,-40.51293295702));
#15320 = VECTOR('',#15321,1.);
#15321 = DIRECTION('',(0.,-0.707106781187,-0.707106781187));
#15322 = PCURVE('',#4959,#15323);
#15323 = DEFINITIONAL_REPRESENTATION('',(#15324),#15328);
#15324 = LINE('',#15325,#15326);
#15325 = CARTESIAN_POINT('',(0.,0.));
#15326 = VECTOR('',#15327,1.);
#15327 = DIRECTION('',(0.,-1.));
#15328 = ( GEOMETRIC_REPRESENTATION_CONTEXT(2) 
PARAMETRIC_REPRESENTATION_CONTEXT() REPRESENTATION_CONTEXT('2D SPACE',''
  ) );
#15329 = PCURVE('',#15298,#15330);
#15330 = DEFINITIONAL_REPRESENTATION('',(#15331),#15335);
#15331 = LINE('',#15332,#15333);
#15332 = CARTESIAN_POINT('',(6.,0.));
#15333 = VECTOR('',#15334,1.);
#15334 = DIRECTION('',(-0.,-1.));
#15335 = ( GEOMETRIC_REPRESENTATION_CONTEXT(2) 
PARAMETRIC_REPRESENTATION_CONTEXT() REPRESENTATION_CONTEXT('2D SPACE',''
  ) );
#15336 = ORIENTED_EDGE('',*,*,#15337,.T.);
#15337 = EDGE_CURVE('',#15315,#4918,#15338,.T.);
#15338 = SURFACE_CURVE('',#15339,(#15343,#15350),.PCURVE_S1.);
#15339 = LINE('',#15340,#15341);
#15340 = CARTESIAN_POINT('',(132.,26.694913472367,-129.9619407771));
#15341 = VECTOR('',#15342,1.);
#15342 = DIRECTION('',(0.581238193719,0.575396455569,-0.575396455569));
#15343 = PCURVE('',#4959,#15344);
#15344 = DEFINITIONAL_REPRESENTATION('',(#15345),#15349);
#15345 = LINE('',#15346,#15347);
#15346 = CARTESIAN_POINT('',(7.105427357601E-15,-126.5));
#15347 = VECTOR('',#15348,1.);
#15348 = DIRECTION('',(1.,0.));
#15349 = ( GEOMETRIC_REPRESENTATION_CONTEXT(2) 
PARAMETRIC_REPRESENTATION_CONTEXT() REPRESENTATION_CONTEXT('2D SPACE',''
  ) );
#15350 = PCURVE('',#4933,#15351);
#15351 = DEFINITIONAL_REPRESENTATION('',(#15352),#15356);
#15352 = LINE('',#15353,#15354);
#15353 = CARTESIAN_POINT('',(-0.827564289086,-3.));
#15354 = VECTOR('',#15355,1.);
#15355 = DIRECTION('',(0.813733471207,0.581238193719));
#15356 = ( GEOMETRIC_REPRESENTATION_CONTEXT(2) 
PARAMETRIC_REPRESENTATION_CONTEXT() REPRESENTATION_CONTEXT('2D SPACE',''
  ) );
#15357 = ORIENTED_EDGE('',*,*,#4945,.T.);
#15358 = ADVANCED_FACE('',(#15359),#4933,.T.);
#15359 = FACE_BOUND('',#15360,.T.);
#15360 = EDGE_LOOP('',(#15361,#15362,#15363,#15386));
#15361 = ORIENTED_EDGE('',*,*,#15337,.T.);
#15362 = ORIENTED_EDGE('',*,*,#4917,.T.);
#15363 = ORIENTED_EDGE('',*,*,#15364,.T.);
#15364 = EDGE_CURVE('',#4890,#15365,#15367,.T.);
#15365 = VERTEX_POINT('',#15366);
#15366 = CARTESIAN_POINT('',(138.,26.694913472367,-129.9619407771));
#15367 = SURFACE_CURVE('',#15368,(#15372,#15379),.PCURVE_S1.);
#15368 = LINE('',#15369,#15370);
#15369 = CARTESIAN_POINT('',(136.5,28.179837712859,-131.4468650176));
#15370 = VECTOR('',#15371,1.);
#15371 = DIRECTION('',(0.581238193719,-0.575396455569,0.575396455569));
#15372 = PCURVE('',#4933,#15373);
#15373 = DEFINITIONAL_REPRESENTATION('',(#15374),#15378);
#15374 = LINE('',#15375,#15376);
#15375 = CARTESIAN_POINT('',(1.272435710914,1.5));
#15376 = VECTOR('',#15377,1.);
#15377 = DIRECTION('',(-0.813733471207,0.581238193719));
#15378 = ( GEOMETRIC_REPRESENTATION_CONTEXT(2) 
PARAMETRIC_REPRESENTATION_CONTEXT() REPRESENTATION_CONTEXT('2D SPACE',''
  ) );
#15379 = PCURVE('',#4905,#15380);
#15380 = DEFINITIONAL_REPRESENTATION('',(#15381),#15385);
#15381 = LINE('',#15382,#15383);
#15382 = CARTESIAN_POINT('',(0.,-126.5));
#15383 = VECTOR('',#15384,1.);
#15384 = DIRECTION('',(1.,0.));
#15385 = ( GEOMETRIC_REPRESENTATION_CONTEXT(2) 
PARAMETRIC_REPRESENTATION_CONTEXT() REPRESENTATION_CONTEXT('2D SPACE',''
  ) );
#15386 = ORIENTED_EDGE('',*,*,#15387,.T.);
#15387 = EDGE_CURVE('',#15365,#15315,#15388,.T.);
#15388 = SURFACE_CURVE('',#15389,(#15393,#15400),.PCURVE_S1.);
#15389 = LINE('',#15390,#15391);
#15390 = CARTESIAN_POINT('',(138.,26.694913472367,-129.9619407771));
#15391 = VECTOR('',#15392,1.);
#15392 = DIRECTION('',(-1.,0.,0.));
#15393 = PCURVE('',#4933,#15394);
#15394 = DEFINITIONAL_REPRESENTATION('',(#15395),#15399);
#15395 = LINE('',#15396,#15397);
#15396 = CARTESIAN_POINT('',(-0.827564289086,3.));
#15397 = VECTOR('',#15398,1.);
#15398 = DIRECTION('',(0.,-1.));
#15399 = ( GEOMETRIC_REPRESENTATION_CONTEXT(2) 
PARAMETRIC_REPRESENTATION_CONTEXT() REPRESENTATION_CONTEXT('2D SPACE',''
  ) );
#15400 = PCURVE('',#15298,#15401);
#15401 = DEFINITIONAL_REPRESENTATION('',(#15402),#15406);
#15402 = LINE('',#15403,#15404);
#15403 = CARTESIAN_POINT('',(-0.,-126.5));
#15404 = VECTOR('',#15405,1.);
#15405 = DIRECTION('',(1.,0.));
#15406 = ( GEOMETRIC_REPRESENTATION_CONTEXT(2) 
PARAMETRIC_REPRESENTATION_CONTEXT() REPRESENTATION_CONTEXT('2D SPACE',''
  ) );
#15407 = ADVANCED_FACE('',(#15408),#4905,.F.);
#15408 = FACE_BOUND('',#15409,.F.);
#15409 = EDGE_LOOP('',(#15410,#15411,#15412,#15413));
#15410 = ORIENTED_EDGE('',*,*,#15261,.F.);
#15411 = ORIENTED_EDGE('',*,*,#4889,.T.);
#15412 = ORIENTED_EDGE('',*,*,#15364,.T.);
#15413 = ORIENTED_EDGE('',*,*,#15414,.F.);
#15414 = EDGE_CURVE('',#15262,#15365,#15415,.T.);
#15415 = SURFACE_CURVE('',#15416,(#15420,#15427),.PCURVE_S1.);
#15416 = LINE('',#15417,#15418);
#15417 = CARTESIAN_POINT('',(138.,116.14392129246,-40.51293295702));
#15418 = VECTOR('',#15419,1.);
#15419 = DIRECTION('',(0.,-0.707106781187,-0.707106781187));
#15420 = PCURVE('',#4905,#15421);
#15421 = DEFINITIONAL_REPRESENTATION('',(#15422),#15426);
#15422 = LINE('',#15423,#15424);
#15423 = CARTESIAN_POINT('',(2.580697580113,-5.107025913276E-15));
#15424 = VECTOR('',#15425,1.);
#15425 = DIRECTION('',(0.,-1.));
#15426 = ( GEOMETRIC_REPRESENTATION_CONTEXT(2) 
PARAMETRIC_REPRESENTATION_CONTEXT() REPRESENTATION_CONTEXT('2D SPACE',''
  ) );
#15427 = PCURVE('',#15298,#15428);
#15428 = DEFINITIONAL_REPRESENTATION('',(#15429),#15433);
#15429 = LINE('',#15430,#15431);
#15430 = CARTESIAN_POINT('',(0.,0.));
#15431 = VECTOR('',#15432,1.);
#15432 = DIRECTION('',(-0.,-1.));
#15433 = ( GEOMETRIC_REPRESENTATION_CONTEXT(2) 
PARAMETRIC_REPRESENTATION_CONTEXT() REPRESENTATION_CONTEXT('2D SPACE',''
  ) );
#15434 = ADVANCED_FACE('',(#15435),#5015,.T.);
#15435 = FACE_BOUND('',#15436,.T.);
#15436 = EDGE_LOOP('',(#15437,#15438,#15439,#15462,#15485,#15506,#15507,
    #15508,#15509,#15532,#15560,#15581));
#15437 = ORIENTED_EDGE('',*,*,#4999,.F.);
#15438 = ORIENTED_EDGE('',*,*,#14371,.F.);
#15439 = ORIENTED_EDGE('',*,*,#15440,.F.);
#15440 = EDGE_CURVE('',#15441,#14372,#15443,.T.);
#15441 = VERTEX_POINT('',#15442);
#15442 = CARTESIAN_POINT('',(5.,120.03300858899,-80.46446609406));
#15443 = SURFACE_CURVE('',#15444,(#15448,#15455),.PCURVE_S1.);
#15444 = LINE('',#15445,#15446);
#15445 = CARTESIAN_POINT('',(5.,120.03300858899,-80.46446609406));
#15446 = VECTOR('',#15447,1.);
#15447 = DIRECTION('',(1.,0.,0.));
#15448 = PCURVE('',#5015,#15449);
#15449 = DEFINITIONAL_REPRESENTATION('',(#15450),#15454);
#15450 = LINE('',#15451,#15452);
#15451 = CARTESIAN_POINT('',(4.,106.));
#15452 = VECTOR('',#15453,1.);
#15453 = DIRECTION('',(1.,0.));
#15454 = ( GEOMETRIC_REPRESENTATION_CONTEXT(2) 
PARAMETRIC_REPRESENTATION_CONTEXT() REPRESENTATION_CONTEXT('2D SPACE',''
  ) );
#15455 = PCURVE('',#5324,#15456);
#15456 = DEFINITIONAL_REPRESENTATION('',(#15457),#15461);
#15457 = LINE('',#15458,#15459);
#15458 = CARTESIAN_POINT('',(0.,0.));
#15459 = VECTOR('',#15460,1.);
#15460 = DIRECTION('',(0.,1.));
#15461 = ( GEOMETRIC_REPRESENTATION_CONTEXT(2) 
PARAMETRIC_REPRESENTATION_CONTEXT() REPRESENTATION_CONTEXT('2D SPACE',''
  ) );
#15462 = ORIENTED_EDGE('',*,*,#15463,.T.);
#15463 = EDGE_CURVE('',#15441,#15464,#15466,.T.);
#15464 = VERTEX_POINT('',#15465);
#15465 = CARTESIAN_POINT('',(5.,63.464466094067,-137.0330085889));
#15466 = SURFACE_CURVE('',#15467,(#15471,#15478),.PCURVE_S1.);
#15467 = LINE('',#15468,#15469);
#15468 = CARTESIAN_POINT('',(5.,45.079689783217,-155.4177848998));
#15469 = VECTOR('',#15470,1.);
#15470 = DIRECTION('',(0.,-0.707106781187,-0.707106781187));
#15471 = PCURVE('',#5015,#15472);
#15472 = DEFINITIONAL_REPRESENTATION('',(#15473),#15477);
#15473 = LINE('',#15474,#15475);
#15474 = CARTESIAN_POINT('',(4.,0.));
#15475 = VECTOR('',#15476,1.);
#15476 = DIRECTION('',(0.,-1.));
#15477 = ( GEOMETRIC_REPRESENTATION_CONTEXT(2) 
PARAMETRIC_REPRESENTATION_CONTEXT() REPRESENTATION_CONTEXT('2D SPACE',''
  ) );
#15478 = PCURVE('',#5296,#15479);
#15479 = DEFINITIONAL_REPRESENTATION('',(#15480),#15484);
#15480 = LINE('',#15481,#15482);
#15481 = CARTESIAN_POINT('',(7.,1.59872115546E-14));
#15482 = VECTOR('',#15483,1.);
#15483 = DIRECTION('',(0.,1.));
#15484 = ( GEOMETRIC_REPRESENTATION_CONTEXT(2) 
PARAMETRIC_REPRESENTATION_CONTEXT() REPRESENTATION_CONTEXT('2D SPACE',''
  ) );
#15485 = ORIENTED_EDGE('',*,*,#15486,.T.);
#15486 = EDGE_CURVE('',#15464,#14346,#15487,.T.);
#15487 = SURFACE_CURVE('',#15488,(#15492,#15499),.PCURVE_S1.);
#15488 = LINE('',#15489,#15490);
#15489 = CARTESIAN_POINT('',(5.,63.464466094067,-137.0330085889));
#15490 = VECTOR('',#15491,1.);
#15491 = DIRECTION('',(1.,0.,0.));
#15492 = PCURVE('',#5015,#15493);
#15493 = DEFINITIONAL_REPRESENTATION('',(#15494),#15498);
#15494 = LINE('',#15495,#15496);
#15495 = CARTESIAN_POINT('',(4.,26.));
#15496 = VECTOR('',#15497,1.);
#15497 = DIRECTION('',(1.,0.));
#15498 = ( GEOMETRIC_REPRESENTATION_CONTEXT(2) 
PARAMETRIC_REPRESENTATION_CONTEXT() REPRESENTATION_CONTEXT('2D SPACE',''
  ) );
#15499 = PCURVE('',#7057,#15500);
#15500 = DEFINITIONAL_REPRESENTATION('',(#15501),#15505);
#15501 = LINE('',#15502,#15503);
#15502 = CARTESIAN_POINT('',(0.,0.));
#15503 = VECTOR('',#15504,1.);
#15504 = DIRECTION('',(0.,1.));
#15505 = ( GEOMETRIC_REPRESENTATION_CONTEXT(2) 
PARAMETRIC_REPRESENTATION_CONTEXT() REPRESENTATION_CONTEXT('2D SPACE',''
  ) );
#15506 = ORIENTED_EDGE('',*,*,#14345,.F.);
#15507 = ORIENTED_EDGE('',*,*,#11690,.T.);
#15508 = ORIENTED_EDGE('',*,*,#11251,.T.);
#15509 = ORIENTED_EDGE('',*,*,#15510,.F.);
#15510 = EDGE_CURVE('',#15511,#11254,#15513,.T.);
#15511 = VERTEX_POINT('',#15512);
#15512 = CARTESIAN_POINT('',(9.,67.707106781187,-132.7903679018));
#15513 = SURFACE_CURVE('',#15514,(#15518,#15525),.PCURVE_S1.);
#15514 = LINE('',#15515,#15516);
#15515 = CARTESIAN_POINT('',(9.,67.707106781187,-132.7903679018));
#15516 = VECTOR('',#15517,1.);
#15517 = DIRECTION('',(1.,0.,0.));
#15518 = PCURVE('',#5015,#15519);
#15519 = DEFINITIONAL_REPRESENTATION('',(#15520),#15524);
#15520 = LINE('',#15521,#15522);
#15521 = CARTESIAN_POINT('',(8.,32.));
#15522 = VECTOR('',#15523,1.);
#15523 = DIRECTION('',(1.,0.));
#15524 = ( GEOMETRIC_REPRESENTATION_CONTEXT(2) 
PARAMETRIC_REPRESENTATION_CONTEXT() REPRESENTATION_CONTEXT('2D SPACE',''
  ) );
#15525 = PCURVE('',#11450,#15526);
#15526 = DEFINITIONAL_REPRESENTATION('',(#15527),#15531);
#15527 = LINE('',#15528,#15529);
#15528 = CARTESIAN_POINT('',(4.,0.));
#15529 = VECTOR('',#15530,1.);
#15530 = DIRECTION('',(0.,1.));
#15531 = ( GEOMETRIC_REPRESENTATION_CONTEXT(2) 
PARAMETRIC_REPRESENTATION_CONTEXT() REPRESENTATION_CONTEXT('2D SPACE',''
  ) );
#15532 = ORIENTED_EDGE('',*,*,#15533,.T.);
#15533 = EDGE_CURVE('',#15511,#15534,#15536,.T.);
#15534 = VERTEX_POINT('',#15535);
#15535 = CARTESIAN_POINT('',(9.,115.79036790187,-84.70710678118));
#15536 = SURFACE_CURVE('',#15537,(#15541,#15548),.PCURVE_S1.);
#15537 = LINE('',#15538,#15539);
#15538 = CARTESIAN_POINT('',(9.,67.707106781187,-132.7903679018));
#15539 = VECTOR('',#15540,1.);
#15540 = DIRECTION('',(0.,0.707106781187,0.707106781187));
#15541 = PCURVE('',#5015,#15542);
#15542 = DEFINITIONAL_REPRESENTATION('',(#15543),#15547);
#15543 = LINE('',#15544,#15545);
#15544 = CARTESIAN_POINT('',(8.,32.));
#15545 = VECTOR('',#15546,1.);
#15546 = DIRECTION('',(0.,1.));
#15547 = ( GEOMETRIC_REPRESENTATION_CONTEXT(2) 
PARAMETRIC_REPRESENTATION_CONTEXT() REPRESENTATION_CONTEXT('2D SPACE',''
  ) );
#15548 = PCURVE('',#15549,#15554);
#15549 = PLANE('',#15550);
#15550 = AXIS2_PLACEMENT_3D('',#15551,#15552,#15553);
#15551 = CARTESIAN_POINT('',(9.,70.535533905933,-135.6187950266));
#15552 = DIRECTION('',(1.,0.,0.));
#15553 = DIRECTION('',(0.,-0.707106781187,0.707106781187));
#15554 = DEFINITIONAL_REPRESENTATION('',(#15555),#15559);
#15555 = LINE('',#15556,#15557);
#15556 = CARTESIAN_POINT('',(4.,-9.769962616701E-15));
#15557 = VECTOR('',#15558,1.);
#15558 = DIRECTION('',(0.,-1.));
#15559 = ( GEOMETRIC_REPRESENTATION_CONTEXT(2) 
PARAMETRIC_REPRESENTATION_CONTEXT() REPRESENTATION_CONTEXT('2D SPACE',''
  ) );
#15560 = ORIENTED_EDGE('',*,*,#15561,.T.);
#15561 = EDGE_CURVE('',#15534,#9911,#15562,.T.);
#15562 = SURFACE_CURVE('',#15563,(#15567,#15574),.PCURVE_S1.);
#15563 = LINE('',#15564,#15565);
#15564 = CARTESIAN_POINT('',(9.,115.79036790187,-84.70710678118));
#15565 = VECTOR('',#15566,1.);
#15566 = DIRECTION('',(1.,0.,0.));
#15567 = PCURVE('',#5015,#15568);
#15568 = DEFINITIONAL_REPRESENTATION('',(#15569),#15573);
#15569 = LINE('',#15570,#15571);
#15570 = CARTESIAN_POINT('',(8.,100.));
#15571 = VECTOR('',#15572,1.);
#15572 = DIRECTION('',(1.,0.));
#15573 = ( GEOMETRIC_REPRESENTATION_CONTEXT(2) 
PARAMETRIC_REPRESENTATION_CONTEXT() REPRESENTATION_CONTEXT('2D SPACE',''
  ) );
#15574 = PCURVE('',#9949,#15575);
#15575 = DEFINITIONAL_REPRESENTATION('',(#15576),#15580);
#15576 = LINE('',#15577,#15578);
#15577 = CARTESIAN_POINT('',(4.,0.));
#15578 = VECTOR('',#15579,1.);
#15579 = DIRECTION('',(0.,1.));
#15580 = ( GEOMETRIC_REPRESENTATION_CONTEXT(2) 
PARAMETRIC_REPRESENTATION_CONTEXT() REPRESENTATION_CONTEXT('2D SPACE',''
  ) );
#15581 = ORIENTED_EDGE('',*,*,#9910,.T.);
#15582 = ADVANCED_FACE('',(#15583),#5220,.F.);
#15583 = FACE_BOUND('',#15584,.F.);
#15584 = EDGE_LOOP('',(#15585,#15586,#15609,#15630,#15631,#15632,#15633,
    #15654,#15655,#15656,#15657,#15678,#15679,#15680,#15681,#15702,
    #15703,#15704,#15705,#15728));
#15585 = ORIENTED_EDGE('',*,*,#14441,.F.);
#15586 = ORIENTED_EDGE('',*,*,#15587,.T.);
#15587 = EDGE_CURVE('',#14419,#15588,#15590,.T.);
#15588 = VERTEX_POINT('',#15589);
#15589 = CARTESIAN_POINT('',(5.,105.89087296526,-66.32233047033));
#15590 = SURFACE_CURVE('',#15591,(#15595,#15602),.PCURVE_S1.);
#15591 = LINE('',#15592,#15593);
#15592 = CARTESIAN_POINT('',(-8.881784197001E-16,109.42640687119,
    -69.85786437626));
#15593 = VECTOR('',#15594,1.);
#15594 = DIRECTION('',(-0.707106781187,0.5,-0.5));
#15595 = PCURVE('',#5220,#15596);
#15596 = DEFINITIONAL_REPRESENTATION('',(#15597),#15601);
#15597 = LINE('',#15598,#15599);
#15598 = CARTESIAN_POINT('',(-7.071067811865,-26.));
#15599 = VECTOR('',#15600,1.);
#15600 = DIRECTION('',(-1.,0.));
#15601 = ( GEOMETRIC_REPRESENTATION_CONTEXT(2) 
PARAMETRIC_REPRESENTATION_CONTEXT() REPRESENTATION_CONTEXT('2D SPACE',''
  ) );
#15602 = PCURVE('',#5164,#15603);
#15603 = DEFINITIONAL_REPRESENTATION('',(#15604),#15608);
#15604 = LINE('',#15605,#15606);
#15605 = CARTESIAN_POINT('',(15.,-5.));
#15606 = VECTOR('',#15607,1.);
#15607 = DIRECTION('',(-0.707106781187,-0.707106781187));
#15608 = ( GEOMETRIC_REPRESENTATION_CONTEXT(2) 
PARAMETRIC_REPRESENTATION_CONTEXT() REPRESENTATION_CONTEXT('2D SPACE',''
  ) );
#15609 = ORIENTED_EDGE('',*,*,#15610,.T.);
#15610 = EDGE_CURVE('',#15588,#5177,#15611,.T.);
#15611 = SURFACE_CURVE('',#15612,(#15616,#15623),.PCURVE_S1.);
#15612 = LINE('',#15613,#15614);
#15613 = CARTESIAN_POINT('',(5.,124.27564927611,-47.93755415948));
#15614 = VECTOR('',#15615,1.);
#15615 = DIRECTION('',(0.,-0.707106781187,-0.707106781187));
#15616 = PCURVE('',#5220,#15617);
#15617 = DEFINITIONAL_REPRESENTATION('',(#15618),#15622);
#15618 = LINE('',#15619,#15620);
#15619 = CARTESIAN_POINT('',(0.,0.));
#15620 = VECTOR('',#15621,1.);
#15621 = DIRECTION('',(0.,-1.));
#15622 = ( GEOMETRIC_REPRESENTATION_CONTEXT(2) 
PARAMETRIC_REPRESENTATION_CONTEXT() REPRESENTATION_CONTEXT('2D SPACE',''
  ) );
#15623 = PCURVE('',#5192,#15624);
#15624 = DEFINITIONAL_REPRESENTATION('',(#15625),#15629);
#15625 = LINE('',#15626,#15627);
#15626 = CARTESIAN_POINT('',(27.,-132.));
#15627 = VECTOR('',#15628,1.);
#15628 = DIRECTION('',(0.,1.));
#15629 = ( GEOMETRIC_REPRESENTATION_CONTEXT(2) 
PARAMETRIC_REPRESENTATION_CONTEXT() REPRESENTATION_CONTEXT('2D SPACE',''
  ) );
#15630 = ORIENTED_EDGE('',*,*,#5204,.T.);
#15631 = ORIENTED_EDGE('',*,*,#5363,.T.);
#15632 = ORIENTED_EDGE('',*,*,#5461,.T.);
#15633 = ORIENTED_EDGE('',*,*,#15634,.T.);
#15634 = EDGE_CURVE('',#5462,#5583,#15635,.T.);
#15635 = SURFACE_CURVE('',#15636,(#15640,#15647),.PCURVE_S1.);
#15636 = LINE('',#15637,#15638);
#15637 = CARTESIAN_POINT('',(5.,124.27564927611,-47.93755415948));
#15638 = VECTOR('',#15639,1.);
#15639 = DIRECTION('',(0.,-0.707106781187,-0.707106781187));
#15640 = PCURVE('',#5220,#15641);
#15641 = DEFINITIONAL_REPRESENTATION('',(#15642),#15646);
#15642 = LINE('',#15643,#15644);
#15643 = CARTESIAN_POINT('',(0.,0.));
#15644 = VECTOR('',#15645,1.);
#15645 = DIRECTION('',(0.,-1.));
#15646 = ( GEOMETRIC_REPRESENTATION_CONTEXT(2) 
PARAMETRIC_REPRESENTATION_CONTEXT() REPRESENTATION_CONTEXT('2D SPACE',''
  ) );
#15647 = PCURVE('',#5296,#15648);
#15648 = DEFINITIONAL_REPRESENTATION('',(#15649),#15653);
#15649 = LINE('',#15650,#15651);
#15650 = CARTESIAN_POINT('',(27.,-132.));
#15651 = VECTOR('',#15652,1.);
#15652 = DIRECTION('',(0.,1.));
#15653 = ( GEOMETRIC_REPRESENTATION_CONTEXT(2) 
PARAMETRIC_REPRESENTATION_CONTEXT() REPRESENTATION_CONTEXT('2D SPACE',''
  ) );
#15654 = ORIENTED_EDGE('',*,*,#5605,.T.);
#15655 = ORIENTED_EDGE('',*,*,#5703,.T.);
#15656 = ORIENTED_EDGE('',*,*,#5801,.T.);
#15657 = ORIENTED_EDGE('',*,*,#15658,.T.);
#15658 = EDGE_CURVE('',#5802,#6217,#15659,.T.);
#15659 = SURFACE_CURVE('',#15660,(#15664,#15671),.PCURVE_S1.);
#15660 = LINE('',#15661,#15662);
#15661 = CARTESIAN_POINT('',(5.,124.27564927611,-47.93755415948));
#15662 = VECTOR('',#15663,1.);
#15663 = DIRECTION('',(0.,-0.707106781187,-0.707106781187));
#15664 = PCURVE('',#5220,#15665);
#15665 = DEFINITIONAL_REPRESENTATION('',(#15666),#15670);
#15666 = LINE('',#15667,#15668);
#15667 = CARTESIAN_POINT('',(0.,0.));
#15668 = VECTOR('',#15669,1.);
#15669 = DIRECTION('',(0.,-1.));
#15670 = ( GEOMETRIC_REPRESENTATION_CONTEXT(2) 
PARAMETRIC_REPRESENTATION_CONTEXT() REPRESENTATION_CONTEXT('2D SPACE',''
  ) );
#15671 = PCURVE('',#5296,#15672);
#15672 = DEFINITIONAL_REPRESENTATION('',(#15673),#15677);
#15673 = LINE('',#15674,#15675);
#15674 = CARTESIAN_POINT('',(27.,-132.));
#15675 = VECTOR('',#15676,1.);
#15676 = DIRECTION('',(0.,1.));
#15677 = ( GEOMETRIC_REPRESENTATION_CONTEXT(2) 
PARAMETRIC_REPRESENTATION_CONTEXT() REPRESENTATION_CONTEXT('2D SPACE',''
  ) );
#15678 = ORIENTED_EDGE('',*,*,#6239,.T.);
#15679 = ORIENTED_EDGE('',*,*,#6337,.T.);
#15680 = ORIENTED_EDGE('',*,*,#6435,.T.);
#15681 = ORIENTED_EDGE('',*,*,#15682,.T.);
#15682 = EDGE_CURVE('',#6436,#6557,#15683,.T.);
#15683 = SURFACE_CURVE('',#15684,(#15688,#15695),.PCURVE_S1.);
#15684 = LINE('',#15685,#15686);
#15685 = CARTESIAN_POINT('',(5.,124.27564927611,-47.93755415948));
#15686 = VECTOR('',#15687,1.);
#15687 = DIRECTION('',(0.,-0.707106781187,-0.707106781187));
#15688 = PCURVE('',#5220,#15689);
#15689 = DEFINITIONAL_REPRESENTATION('',(#15690),#15694);
#15690 = LINE('',#15691,#15692);
#15691 = CARTESIAN_POINT('',(0.,0.));
#15692 = VECTOR('',#15693,1.);
#15693 = DIRECTION('',(0.,-1.));
#15694 = ( GEOMETRIC_REPRESENTATION_CONTEXT(2) 
PARAMETRIC_REPRESENTATION_CONTEXT() REPRESENTATION_CONTEXT('2D SPACE',''
  ) );
#15695 = PCURVE('',#5296,#15696);
#15696 = DEFINITIONAL_REPRESENTATION('',(#15697),#15701);
#15697 = LINE('',#15698,#15699);
#15698 = CARTESIAN_POINT('',(27.,-132.));
#15699 = VECTOR('',#15700,1.);
#15700 = DIRECTION('',(0.,1.));
#15701 = ( GEOMETRIC_REPRESENTATION_CONTEXT(2) 
PARAMETRIC_REPRESENTATION_CONTEXT() REPRESENTATION_CONTEXT('2D SPACE',''
  ) );
#15702 = ORIENTED_EDGE('',*,*,#6579,.T.);
#15703 = ORIENTED_EDGE('',*,*,#6677,.T.);
#15704 = ORIENTED_EDGE('',*,*,#6775,.T.);
#15705 = ORIENTED_EDGE('',*,*,#15706,.T.);
#15706 = EDGE_CURVE('',#6776,#15707,#15709,.T.);
#15707 = VERTEX_POINT('',#15708);
#15708 = CARTESIAN_POINT('',(5.,49.322330470336,-122.8908729652));
#15709 = SURFACE_CURVE('',#15710,(#15714,#15721),.PCURVE_S1.);
#15710 = LINE('',#15711,#15712);
#15711 = CARTESIAN_POINT('',(5.,124.27564927611,-47.93755415948));
#15712 = VECTOR('',#15713,1.);
#15713 = DIRECTION('',(0.,-0.707106781187,-0.707106781187));
#15714 = PCURVE('',#5220,#15715);
#15715 = DEFINITIONAL_REPRESENTATION('',(#15716),#15720);
#15716 = LINE('',#15717,#15718);
#15717 = CARTESIAN_POINT('',(0.,0.));
#15718 = VECTOR('',#15719,1.);
#15719 = DIRECTION('',(0.,-1.));
#15720 = ( GEOMETRIC_REPRESENTATION_CONTEXT(2) 
PARAMETRIC_REPRESENTATION_CONTEXT() REPRESENTATION_CONTEXT('2D SPACE',''
  ) );
#15721 = PCURVE('',#5296,#15722);
#15722 = DEFINITIONAL_REPRESENTATION('',(#15723),#15727);
#15723 = LINE('',#15724,#15725);
#15724 = CARTESIAN_POINT('',(27.,-132.));
#15725 = VECTOR('',#15726,1.);
#15726 = DIRECTION('',(0.,1.));
#15727 = ( GEOMETRIC_REPRESENTATION_CONTEXT(2) 
PARAMETRIC_REPRESENTATION_CONTEXT() REPRESENTATION_CONTEXT('2D SPACE',''
  ) );
#15728 = ORIENTED_EDGE('',*,*,#15729,.F.);
#15729 = EDGE_CURVE('',#14442,#15707,#15730,.T.);
#15730 = SURFACE_CURVE('',#15731,(#15735,#15742),.PCURVE_S1.);
#15731 = LINE('',#15732,#15733);
#15732 = CARTESIAN_POINT('',(-8.881784197001E-16,52.857864376269,
    -126.4264068711));
#15733 = VECTOR('',#15734,1.);
#15734 = DIRECTION('',(-0.707106781187,0.5,-0.5));
#15735 = PCURVE('',#5220,#15736);
#15736 = DEFINITIONAL_REPRESENTATION('',(#15737),#15741);
#15737 = LINE('',#15738,#15739);
#15738 = CARTESIAN_POINT('',(-7.071067811865,-106.));
#15739 = VECTOR('',#15740,1.);
#15740 = DIRECTION('',(-1.,0.));
#15741 = ( GEOMETRIC_REPRESENTATION_CONTEXT(2) 
PARAMETRIC_REPRESENTATION_CONTEXT() REPRESENTATION_CONTEXT('2D SPACE',''
  ) );
#15742 = PCURVE('',#6935,#15743);
#15743 = DEFINITIONAL_REPRESENTATION('',(#15744),#15748);
#15744 = LINE('',#15745,#15746);
#15745 = CARTESIAN_POINT('',(15.,-5.));
#15746 = VECTOR('',#15747,1.);
#15747 = DIRECTION('',(-0.707106781187,-0.707106781187));
#15748 = ( GEOMETRIC_REPRESENTATION_CONTEXT(2) 
PARAMETRIC_REPRESENTATION_CONTEXT() REPRESENTATION_CONTEXT('2D SPACE',''
  ) );
#15749 = ADVANCED_FACE('',(#15750),#5192,.T.);
#15750 = FACE_BOUND('',#15751,.T.);
#15751 = EDGE_LOOP('',(#15752,#15753,#15774));
#15752 = ORIENTED_EDGE('',*,*,#5176,.T.);
#15753 = ORIENTED_EDGE('',*,*,#15754,.T.);
#15754 = EDGE_CURVE('',#5149,#15588,#15755,.T.);
#15755 = SURFACE_CURVE('',#15756,(#15760,#15767),.PCURVE_S1.);
#15756 = LINE('',#15757,#15758);
#15757 = CARTESIAN_POINT('',(5.,120.03300858899,-80.46446609406));
#15758 = VECTOR('',#15759,1.);
#15759 = DIRECTION('',(0.,-0.707106781187,0.707106781187));
#15760 = PCURVE('',#5192,#15761);
#15761 = DEFINITIONAL_REPRESENTATION('',(#15762),#15766);
#15762 = LINE('',#15763,#15764);
#15763 = CARTESIAN_POINT('',(7.,-106.));
#15764 = VECTOR('',#15765,1.);
#15765 = DIRECTION('',(1.,0.));
#15766 = ( GEOMETRIC_REPRESENTATION_CONTEXT(2) 
PARAMETRIC_REPRESENTATION_CONTEXT() REPRESENTATION_CONTEXT('2D SPACE',''
  ) );
#15767 = PCURVE('',#5164,#15768);
#15768 = DEFINITIONAL_REPRESENTATION('',(#15769),#15773);
#15769 = LINE('',#15770,#15771);
#15770 = CARTESIAN_POINT('',(0.,0.));
#15771 = VECTOR('',#15772,1.);
#15772 = DIRECTION('',(1.,0.));
#15773 = ( GEOMETRIC_REPRESENTATION_CONTEXT(2) 
PARAMETRIC_REPRESENTATION_CONTEXT() REPRESENTATION_CONTEXT('2D SPACE',''
  ) );
#15774 = ORIENTED_EDGE('',*,*,#15610,.T.);
#15775 = ADVANCED_FACE('',(#15776),#5164,.F.);
#15776 = FACE_BOUND('',#15777,.F.);
#15777 = EDGE_LOOP('',(#15778,#15779,#15780,#15781));
#15778 = ORIENTED_EDGE('',*,*,#14418,.F.);
#15779 = ORIENTED_EDGE('',*,*,#5148,.T.);
#15780 = ORIENTED_EDGE('',*,*,#15754,.T.);
#15781 = ORIENTED_EDGE('',*,*,#15587,.F.);
#15782 = ADVANCED_FACE('',(#15783),#5324,.F.);
#15783 = FACE_BOUND('',#15784,.F.);
#15784 = EDGE_LOOP('',(#15785,#15786,#15787,#15808));
#15785 = ORIENTED_EDGE('',*,*,#14394,.F.);
#15786 = ORIENTED_EDGE('',*,*,#15440,.F.);
#15787 = ORIENTED_EDGE('',*,*,#15788,.T.);
#15788 = EDGE_CURVE('',#15441,#5281,#15789,.T.);
#15789 = SURFACE_CURVE('',#15790,(#15794,#15801),.PCURVE_S1.);
#15790 = LINE('',#15791,#15792);
#15791 = CARTESIAN_POINT('',(5.,120.03300858899,-80.46446609406));
#15792 = VECTOR('',#15793,1.);
#15793 = DIRECTION('',(0.,-0.707106781187,0.707106781187));
#15794 = PCURVE('',#5324,#15795);
#15795 = DEFINITIONAL_REPRESENTATION('',(#15796),#15800);
#15796 = LINE('',#15797,#15798);
#15797 = CARTESIAN_POINT('',(0.,0.));
#15798 = VECTOR('',#15799,1.);
#15799 = DIRECTION('',(1.,0.));
#15800 = ( GEOMETRIC_REPRESENTATION_CONTEXT(2) 
PARAMETRIC_REPRESENTATION_CONTEXT() REPRESENTATION_CONTEXT('2D SPACE',''
  ) );
#15801 = PCURVE('',#5296,#15802);
#15802 = DEFINITIONAL_REPRESENTATION('',(#15803),#15807);
#15803 = LINE('',#15804,#15805);
#15804 = CARTESIAN_POINT('',(7.,-106.));
#15805 = VECTOR('',#15806,1.);
#15806 = DIRECTION('',(1.,0.));
#15807 = ( GEOMETRIC_REPRESENTATION_CONTEXT(2) 
PARAMETRIC_REPRESENTATION_CONTEXT() REPRESENTATION_CONTEXT('2D SPACE',''
  ) );
#15808 = ORIENTED_EDGE('',*,*,#5308,.T.);
#15809 = ADVANCED_FACE('',(#15810),#5296,.T.);
#15810 = FACE_BOUND('',#15811,.T.);
#15811 = EDGE_LOOP('',(#15812,#15813,#15814,#15815,#15816,#15817,#15818,
    #15819,#15820,#15821,#15822,#15823,#15824,#15825,#15826,#15827,
    #15828,#15829,#15830,#15831,#15832,#15833,#15834,#15835,#15836,
    #15857,#15858,#15859,#15860));
#15812 = ORIENTED_EDGE('',*,*,#15463,.F.);
#15813 = ORIENTED_EDGE('',*,*,#15788,.T.);
#15814 = ORIENTED_EDGE('',*,*,#5280,.T.);
#15815 = ORIENTED_EDGE('',*,*,#5434,.T.);
#15816 = ORIENTED_EDGE('',*,*,#5484,.T.);
#15817 = ORIENTED_EDGE('',*,*,#15634,.T.);
#15818 = ORIENTED_EDGE('',*,*,#5582,.T.);
#15819 = ORIENTED_EDGE('',*,*,#5533,.T.);
#15820 = ORIENTED_EDGE('',*,*,#5676,.T.);
#15821 = ORIENTED_EDGE('',*,*,#5774,.T.);
#15822 = ORIENTED_EDGE('',*,*,#5824,.T.);
#15823 = ORIENTED_EDGE('',*,*,#15658,.T.);
#15824 = ORIENTED_EDGE('',*,*,#6216,.T.);
#15825 = ORIENTED_EDGE('',*,*,#6167,.T.);
#15826 = ORIENTED_EDGE('',*,*,#6310,.T.);
#15827 = ORIENTED_EDGE('',*,*,#6408,.T.);
#15828 = ORIENTED_EDGE('',*,*,#6458,.T.);
#15829 = ORIENTED_EDGE('',*,*,#15682,.T.);
#15830 = ORIENTED_EDGE('',*,*,#6556,.T.);
#15831 = ORIENTED_EDGE('',*,*,#6507,.T.);
#15832 = ORIENTED_EDGE('',*,*,#6650,.T.);
#15833 = ORIENTED_EDGE('',*,*,#6748,.T.);
#15834 = ORIENTED_EDGE('',*,*,#6798,.T.);
#15835 = ORIENTED_EDGE('',*,*,#15706,.T.);
#15836 = ORIENTED_EDGE('',*,*,#15837,.F.);
#15837 = EDGE_CURVE('',#6897,#15707,#15838,.T.);
#15838 = SURFACE_CURVE('',#15839,(#15843,#15850),.PCURVE_S1.);
#15839 = LINE('',#15840,#15841);
#15840 = CARTESIAN_POINT('',(5.,63.464466094067,-137.0330085889));
#15841 = VECTOR('',#15842,1.);
#15842 = DIRECTION('',(0.,-0.707106781187,0.707106781187));
#15843 = PCURVE('',#5296,#15844);
#15844 = DEFINITIONAL_REPRESENTATION('',(#15845),#15849);
#15845 = LINE('',#15846,#15847);
#15846 = CARTESIAN_POINT('',(7.,-26.));
#15847 = VECTOR('',#15848,1.);
#15848 = DIRECTION('',(1.,0.));
#15849 = ( GEOMETRIC_REPRESENTATION_CONTEXT(2) 
PARAMETRIC_REPRESENTATION_CONTEXT() REPRESENTATION_CONTEXT('2D SPACE',''
  ) );
#15850 = PCURVE('',#6935,#15851);
#15851 = DEFINITIONAL_REPRESENTATION('',(#15852),#15856);
#15852 = LINE('',#15853,#15854);
#15853 = CARTESIAN_POINT('',(0.,0.));
#15854 = VECTOR('',#15855,1.);
#15855 = DIRECTION('',(1.,0.));
#15856 = ( GEOMETRIC_REPRESENTATION_CONTEXT(2) 
PARAMETRIC_REPRESENTATION_CONTEXT() REPRESENTATION_CONTEXT('2D SPACE',''
  ) );
#15857 = ORIENTED_EDGE('',*,*,#6896,.T.);
#15858 = ORIENTED_EDGE('',*,*,#6847,.T.);
#15859 = ORIENTED_EDGE('',*,*,#7069,.T.);
#15860 = ORIENTED_EDGE('',*,*,#15861,.F.);
#15861 = EDGE_CURVE('',#15464,#7042,#15862,.T.);
#15862 = SURFACE_CURVE('',#15863,(#15867,#15874),.PCURVE_S1.);
#15863 = LINE('',#15864,#15865);
#15864 = CARTESIAN_POINT('',(5.,63.464466094067,-137.0330085889));
#15865 = VECTOR('',#15866,1.);
#15866 = DIRECTION('',(0.,-0.707106781187,0.707106781187));
#15867 = PCURVE('',#5296,#15868);
#15868 = DEFINITIONAL_REPRESENTATION('',(#15869),#15873);
#15869 = LINE('',#15870,#15871);
#15870 = CARTESIAN_POINT('',(7.,-26.));
#15871 = VECTOR('',#15872,1.);
#15872 = DIRECTION('',(1.,0.));
#15873 = ( GEOMETRIC_REPRESENTATION_CONTEXT(2) 
PARAMETRIC_REPRESENTATION_CONTEXT() REPRESENTATION_CONTEXT('2D SPACE',''
  ) );
#15874 = PCURVE('',#7057,#15875);
#15875 = DEFINITIONAL_REPRESENTATION('',(#15876),#15880);
#15876 = LINE('',#15877,#15878);
#15877 = CARTESIAN_POINT('',(0.,0.));
#15878 = VECTOR('',#15879,1.);
#15879 = DIRECTION('',(1.,0.));
#15880 = ( GEOMETRIC_REPRESENTATION_CONTEXT(2) 
PARAMETRIC_REPRESENTATION_CONTEXT() REPRESENTATION_CONTEXT('2D SPACE',''
  ) );
#15881 = ADVANCED_FACE('',(#15882),#6935,.T.);
#15882 = FACE_BOUND('',#15883,.T.);
#15883 = EDGE_LOOP('',(#15884,#15885,#15886,#15887));
#15884 = ORIENTED_EDGE('',*,*,#14464,.F.);
#15885 = ORIENTED_EDGE('',*,*,#6919,.T.);
#15886 = ORIENTED_EDGE('',*,*,#15837,.T.);
#15887 = ORIENTED_EDGE('',*,*,#15729,.F.);
#15888 = ADVANCED_FACE('',(#15889),#7057,.T.);
#15889 = FACE_BOUND('',#15890,.T.);
#15890 = EDGE_LOOP('',(#15891,#15892,#15893,#15894));
#15891 = ORIENTED_EDGE('',*,*,#14490,.F.);
#15892 = ORIENTED_EDGE('',*,*,#15486,.F.);
#15893 = ORIENTED_EDGE('',*,*,#15861,.T.);
#15894 = ORIENTED_EDGE('',*,*,#7041,.T.);
#15895 = ADVANCED_FACE('',(#15896),#7263,.T.);
#15896 = FACE_BOUND('',#15897,.T.);
#15897 = EDGE_LOOP('',(#15898,#15899,#15920,#15921));
#15898 = ORIENTED_EDGE('',*,*,#14598,.F.);
#15899 = ORIENTED_EDGE('',*,*,#15900,.T.);
#15900 = EDGE_CURVE('',#14576,#7248,#15901,.T.);
#15901 = SURFACE_CURVE('',#15902,(#15906,#15913),.PCURVE_S1.);
#15902 = LINE('',#15903,#15904);
#15903 = CARTESIAN_POINT('',(130.9,119.3259018078,-76.92893218813));
#15904 = VECTOR('',#15905,1.);
#15905 = DIRECTION('',(1.,0.,0.));
#15906 = PCURVE('',#7263,#15907);
#15907 = DEFINITIONAL_REPRESENTATION('',(#15908),#15912);
#15908 = LINE('',#15909,#15910);
#15909 = CARTESIAN_POINT('',(0.,0.));
#15910 = VECTOR('',#15911,1.);
#15911 = DIRECTION('',(0.,-1.));
#15912 = ( GEOMETRIC_REPRESENTATION_CONTEXT(2) 
PARAMETRIC_REPRESENTATION_CONTEXT() REPRESENTATION_CONTEXT('2D SPACE',''
  ) );
#15913 = PCURVE('',#7291,#15914);
#15914 = DEFINITIONAL_REPRESENTATION('',(#15915),#15919);
#15915 = LINE('',#15916,#15917);
#15916 = CARTESIAN_POINT('',(16.,0.));
#15917 = VECTOR('',#15918,1.);
#15918 = DIRECTION('',(0.,-1.));
#15919 = ( GEOMETRIC_REPRESENTATION_CONTEXT(2) 
PARAMETRIC_REPRESENTATION_CONTEXT() REPRESENTATION_CONTEXT('2D SPACE',''
  ) );
#15920 = ORIENTED_EDGE('',*,*,#7245,.F.);
#15921 = ORIENTED_EDGE('',*,*,#15922,.F.);
#15922 = EDGE_CURVE('',#14599,#7246,#15923,.T.);
#15923 = SURFACE_CURVE('',#15924,(#15928,#15935),.PCURVE_S1.);
#15924 = LINE('',#15925,#15926);
#15925 = CARTESIAN_POINT('',(130.9,110.84062043356,-68.44365081389));
#15926 = VECTOR('',#15927,1.);
#15927 = DIRECTION('',(1.,0.,0.));
#15928 = PCURVE('',#7263,#15929);
#15929 = DEFINITIONAL_REPRESENTATION('',(#15930),#15934);
#15930 = LINE('',#15931,#15932);
#15931 = CARTESIAN_POINT('',(12.,0.));
#15932 = VECTOR('',#15933,1.);
#15933 = DIRECTION('',(0.,-1.));
#15934 = ( GEOMETRIC_REPRESENTATION_CONTEXT(2) 
PARAMETRIC_REPRESENTATION_CONTEXT() REPRESENTATION_CONTEXT('2D SPACE',''
  ) );
#15935 = PCURVE('',#7401,#15936);
#15936 = DEFINITIONAL_REPRESENTATION('',(#15937),#15941);
#15937 = LINE('',#15938,#15939);
#15938 = CARTESIAN_POINT('',(0.,0.));
#15939 = VECTOR('',#15940,1.);
#15940 = DIRECTION('',(0.,-1.));
#15941 = ( GEOMETRIC_REPRESENTATION_CONTEXT(2) 
PARAMETRIC_REPRESENTATION_CONTEXT() REPRESENTATION_CONTEXT('2D SPACE',''
  ) );
#15942 = ADVANCED_FACE('',(#15943),#7401,.T.);
#15943 = FACE_BOUND('',#15944,.T.);
#15944 = EDGE_LOOP('',(#15945,#15946,#15947,#15948,#15971,#15994,#16022)
  );
#15945 = ORIENTED_EDGE('',*,*,#14621,.F.);
#15946 = ORIENTED_EDGE('',*,*,#15922,.T.);
#15947 = ORIENTED_EDGE('',*,*,#7387,.F.);
#15948 = ORIENTED_EDGE('',*,*,#15949,.F.);
#15949 = EDGE_CURVE('',#15950,#7360,#15952,.T.);
#15950 = VERTEX_POINT('',#15951);
#15951 = CARTESIAN_POINT('',(134.,102.35533905932,-68.44365081389));
#15952 = SURFACE_CURVE('',#15953,(#15957,#15964),.PCURVE_S1.);
#15953 = LINE('',#15954,#15955);
#15954 = CARTESIAN_POINT('',(130.9,102.35533905932,-68.44365081389));
#15955 = VECTOR('',#15956,1.);
#15956 = DIRECTION('',(1.,0.,0.));
#15957 = PCURVE('',#7401,#15958);
#15958 = DEFINITIONAL_REPRESENTATION('',(#15959),#15963);
#15959 = LINE('',#15960,#15961);
#15960 = CARTESIAN_POINT('',(8.485281374239,0.));
#15961 = VECTOR('',#15962,1.);
#15962 = DIRECTION('',(0.,-1.));
#15963 = ( GEOMETRIC_REPRESENTATION_CONTEXT(2) 
PARAMETRIC_REPRESENTATION_CONTEXT() REPRESENTATION_CONTEXT('2D SPACE',''
  ) );
#15964 = PCURVE('',#7375,#15965);
#15965 = DEFINITIONAL_REPRESENTATION('',(#15966),#15970);
#15966 = LINE('',#15967,#15968);
#15967 = CARTESIAN_POINT('',(0.,0.));
#15968 = VECTOR('',#15969,1.);
#15969 = DIRECTION('',(0.,-1.));
#15970 = ( GEOMETRIC_REPRESENTATION_CONTEXT(2) 
PARAMETRIC_REPRESENTATION_CONTEXT() REPRESENTATION_CONTEXT('2D SPACE',''
  ) );
#15971 = ORIENTED_EDGE('',*,*,#15972,.F.);
#15972 = EDGE_CURVE('',#15973,#15950,#15975,.T.);
#15973 = VERTEX_POINT('',#15974);
#15974 = CARTESIAN_POINT('',(135.,103.7695526217,-68.44365081389));
#15975 = SURFACE_CURVE('',#15976,(#15980,#15987),.PCURVE_S1.);
#15976 = LINE('',#15977,#15978);
#15977 = CARTESIAN_POINT('',(140.81666666666,111.9955615095,
    -68.44365081389));
#15978 = VECTOR('',#15979,1.);
#15979 = DIRECTION('',(-0.57735026919,-0.816496580928,5.551115123126E-17
    ));
#15980 = PCURVE('',#7401,#15981);
#15981 = DEFINITIONAL_REPRESENTATION('',(#15982),#15986);
#15982 = LINE('',#15983,#15984);
#15983 = CARTESIAN_POINT('',(-1.154941075938,-9.916666666667));
#15984 = VECTOR('',#15985,1.);
#15985 = DIRECTION('',(0.816496580928,0.57735026919));
#15986 = ( GEOMETRIC_REPRESENTATION_CONTEXT(2) 
PARAMETRIC_REPRESENTATION_CONTEXT() REPRESENTATION_CONTEXT('2D SPACE',''
  ) );
#15987 = PCURVE('',#14688,#15988);
#15988 = DEFINITIONAL_REPRESENTATION('',(#15989),#15993);
#15989 = LINE('',#15990,#15991);
#15990 = CARTESIAN_POINT('',(8.226008887804,-23.18333333333));
#15991 = VECTOR('',#15992,1.);
#15992 = DIRECTION('',(-0.816496580928,-0.57735026919));
#15993 = ( GEOMETRIC_REPRESENTATION_CONTEXT(2) 
PARAMETRIC_REPRESENTATION_CONTEXT() REPRESENTATION_CONTEXT('2D SPACE',''
  ) );
#15994 = ORIENTED_EDGE('',*,*,#15995,.T.);
#15995 = EDGE_CURVE('',#15973,#15996,#15998,.T.);
#15996 = VERTEX_POINT('',#15997);
#15997 = CARTESIAN_POINT('',(135.,108.01219330882,-68.44365081389));
#15998 = SURFACE_CURVE('',#15999,(#16003,#16010),.PCURVE_S1.);
#15999 = LINE('',#16000,#16001);
#16000 = CARTESIAN_POINT('',(135.,80.435028842544,-68.44365081389));
#16001 = VECTOR('',#16002,1.);
#16002 = DIRECTION('',(0.,1.,-1.110223024625E-16));
#16003 = PCURVE('',#7401,#16004);
#16004 = DEFINITIONAL_REPRESENTATION('',(#16005),#16009);
#16005 = LINE('',#16006,#16007);
#16006 = CARTESIAN_POINT('',(30.405591591022,-4.1));
#16007 = VECTOR('',#16008,1.);
#16008 = DIRECTION('',(-1.,-0.));
#16009 = ( GEOMETRIC_REPRESENTATION_CONTEXT(2) 
PARAMETRIC_REPRESENTATION_CONTEXT() REPRESENTATION_CONTEXT('2D SPACE',''
  ) );
#16010 = PCURVE('',#16011,#16016);
#16011 = PLANE('',#16012);
#16012 = AXIS2_PLACEMENT_3D('',#16013,#16014,#16015);
#16013 = CARTESIAN_POINT('',(135.,50.029437251523,-160.3675323681));
#16014 = DIRECTION('',(1.,0.,0.));
#16015 = DIRECTION('',(0.,-0.707106781187,0.707106781187));
#16016 = DEFINITIONAL_REPRESENTATION('',(#16017),#16021);
#16017 = LINE('',#16018,#16019);
#16018 = CARTESIAN_POINT('',(43.5,-86.5));
#16019 = VECTOR('',#16020,1.);
#16020 = DIRECTION('',(-0.707106781187,-0.707106781187));
#16021 = ( GEOMETRIC_REPRESENTATION_CONTEXT(2) 
PARAMETRIC_REPRESENTATION_CONTEXT() REPRESENTATION_CONTEXT('2D SPACE',''
  ) );
#16022 = ORIENTED_EDGE('',*,*,#16023,.T.);
#16023 = EDGE_CURVE('',#15996,#14622,#16024,.T.);
#16024 = SURFACE_CURVE('',#16025,(#16029,#16036),.PCURVE_S1.);
#16025 = LINE('',#16026,#16027);
#16026 = CARTESIAN_POINT('',(130.95,108.01219330882,-68.44365081389));
#16027 = VECTOR('',#16028,1.);
#16028 = DIRECTION('',(-1.,0.,0.));
#16029 = PCURVE('',#7401,#16030);
#16030 = DEFINITIONAL_REPRESENTATION('',(#16031),#16035);
#16031 = LINE('',#16032,#16033);
#16032 = CARTESIAN_POINT('',(2.828427124746,-4.999999999998E-02));
#16033 = VECTOR('',#16034,1.);
#16034 = DIRECTION('',(0.,1.));
#16035 = ( GEOMETRIC_REPRESENTATION_CONTEXT(2) 
PARAMETRIC_REPRESENTATION_CONTEXT() REPRESENTATION_CONTEXT('2D SPACE',''
  ) );
#16036 = PCURVE('',#14660,#16037);
#16037 = DEFINITIONAL_REPRESENTATION('',(#16038),#16042);
#16038 = LINE('',#16039,#16040);
#16039 = CARTESIAN_POINT('',(17.,-5.000000000001E-02));
#16040 = VECTOR('',#16041,1.);
#16041 = DIRECTION('',(0.,-1.));
#16042 = ( GEOMETRIC_REPRESENTATION_CONTEXT(2) 
PARAMETRIC_REPRESENTATION_CONTEXT() REPRESENTATION_CONTEXT('2D SPACE',''
  ) );
#16043 = ADVANCED_FACE('',(#16044),#7291,.T.);
#16044 = FACE_BOUND('',#16045,.T.);
#16045 = EDGE_LOOP('',(#16046,#16076,#16097,#16098,#16099,#16100));
#16046 = ORIENTED_EDGE('',*,*,#16047,.T.);
#16047 = EDGE_CURVE('',#16048,#16050,#16052,.T.);
#16048 = VERTEX_POINT('',#16049);
#16049 = CARTESIAN_POINT('',(135.,117.91168824543,-78.3431457505));
#16050 = VERTEX_POINT('',#16051);
#16051 = CARTESIAN_POINT('',(135.,108.01219330882,-88.24264068711));
#16052 = SURFACE_CURVE('',#16053,(#16057,#16064),.PCURVE_S1.);
#16053 = LINE('',#16054,#16055);
#16054 = CARTESIAN_POINT('',(135.,75.485281374239,-120.7695526217));
#16055 = VECTOR('',#16056,1.);
#16056 = DIRECTION('',(0.,-0.707106781187,-0.707106781187));
#16057 = PCURVE('',#7291,#16058);
#16058 = DEFINITIONAL_REPRESENTATION('',(#16059),#16063);
#16059 = LINE('',#16060,#16061);
#16060 = CARTESIAN_POINT('',(-46.,-4.1));
#16061 = VECTOR('',#16062,1.);
#16062 = DIRECTION('',(-1.,-0.));
#16063 = ( GEOMETRIC_REPRESENTATION_CONTEXT(2) 
PARAMETRIC_REPRESENTATION_CONTEXT() REPRESENTATION_CONTEXT('2D SPACE',''
  ) );
#16064 = PCURVE('',#16065,#16070);
#16065 = PLANE('',#16066);
#16066 = AXIS2_PLACEMENT_3D('',#16067,#16068,#16069);
#16067 = CARTESIAN_POINT('',(135.,50.029437251523,-160.3675323681));
#16068 = DIRECTION('',(1.,0.,0.));
#16069 = DIRECTION('',(0.,-0.707106781187,0.707106781187));
#16070 = DEFINITIONAL_REPRESENTATION('',(#16071),#16075);
#16071 = LINE('',#16072,#16073);
#16072 = CARTESIAN_POINT('',(10.,-46.));
#16073 = VECTOR('',#16074,1.);
#16074 = DIRECTION('',(0.,1.));
#16075 = ( GEOMETRIC_REPRESENTATION_CONTEXT(2) 
PARAMETRIC_REPRESENTATION_CONTEXT() REPRESENTATION_CONTEXT('2D SPACE',''
  ) );
#16076 = ORIENTED_EDGE('',*,*,#16077,.T.);
#16077 = EDGE_CURVE('',#16050,#7276,#16078,.T.);
#16078 = SURFACE_CURVE('',#16079,(#16083,#16090),.PCURVE_S1.);
#16079 = LINE('',#16080,#16081);
#16080 = CARTESIAN_POINT('',(130.9,108.01219330882,-88.24264068711));
#16081 = VECTOR('',#16082,1.);
#16082 = DIRECTION('',(1.,0.,0.));
#16083 = PCURVE('',#7291,#16084);
#16084 = DEFINITIONAL_REPRESENTATION('',(#16085),#16089);
#16085 = LINE('',#16086,#16087);
#16086 = CARTESIAN_POINT('',(0.,0.));
#16087 = VECTOR('',#16088,1.);
#16088 = DIRECTION('',(0.,-1.));
#16089 = ( GEOMETRIC_REPRESENTATION_CONTEXT(2) 
PARAMETRIC_REPRESENTATION_CONTEXT() REPRESENTATION_CONTEXT('2D SPACE',''
  ) );
#16090 = PCURVE('',#7319,#16091);
#16091 = DEFINITIONAL_REPRESENTATION('',(#16092),#16096);
#16092 = LINE('',#16093,#16094);
#16093 = CARTESIAN_POINT('',(12.,0.));
#16094 = VECTOR('',#16095,1.);
#16095 = DIRECTION('',(0.,-1.));
#16096 = ( GEOMETRIC_REPRESENTATION_CONTEXT(2) 
PARAMETRIC_REPRESENTATION_CONTEXT() REPRESENTATION_CONTEXT('2D SPACE',''
  ) );
#16097 = ORIENTED_EDGE('',*,*,#7275,.F.);
#16098 = ORIENTED_EDGE('',*,*,#15900,.F.);
#16099 = ORIENTED_EDGE('',*,*,#14575,.F.);
#16100 = ORIENTED_EDGE('',*,*,#16101,.T.);
#16101 = EDGE_CURVE('',#14548,#16048,#16102,.T.);
#16102 = SURFACE_CURVE('',#16103,(#16107,#16114),.PCURVE_S1.);
#16103 = LINE('',#16104,#16105);
#16104 = CARTESIAN_POINT('',(130.95,117.91168824543,-78.3431457505));
#16105 = VECTOR('',#16106,1.);
#16106 = DIRECTION('',(1.,0.,0.));
#16107 = PCURVE('',#7291,#16108);
#16108 = DEFINITIONAL_REPRESENTATION('',(#16109),#16113);
#16109 = LINE('',#16110,#16111);
#16110 = CARTESIAN_POINT('',(14.,-4.999999999998E-02));
#16111 = VECTOR('',#16112,1.);
#16112 = DIRECTION('',(0.,-1.));
#16113 = ( GEOMETRIC_REPRESENTATION_CONTEXT(2) 
PARAMETRIC_REPRESENTATION_CONTEXT() REPRESENTATION_CONTEXT('2D SPACE',''
  ) );
#16114 = PCURVE('',#14563,#16115);
#16115 = DEFINITIONAL_REPRESENTATION('',(#16116),#16120);
#16116 = LINE('',#16117,#16118);
#16117 = CARTESIAN_POINT('',(3.,-5.000000000001E-02));
#16118 = VECTOR('',#16119,1.);
#16119 = DIRECTION('',(0.,1.));
#16120 = ( GEOMETRIC_REPRESENTATION_CONTEXT(2) 
PARAMETRIC_REPRESENTATION_CONTEXT() REPRESENTATION_CONTEXT('2D SPACE',''
  ) );
#16121 = ADVANCED_FACE('',(#16122),#7375,.T.);
#16122 = FACE_BOUND('',#16123,.T.);
#16123 = EDGE_LOOP('',(#16124,#16147,#16148,#16149));
#16124 = ORIENTED_EDGE('',*,*,#16125,.F.);
#16125 = EDGE_CURVE('',#15950,#16126,#16128,.T.);
#16126 = VERTEX_POINT('',#16127);
#16127 = CARTESIAN_POINT('',(134.,99.526911934581,-71.27207793864));
#16128 = SURFACE_CURVE('',#16129,(#16133,#16140),.PCURVE_S1.);
#16129 = LINE('',#16130,#16131);
#16130 = CARTESIAN_POINT('',(134.,112.96194077712,-57.83704909609));
#16131 = VECTOR('',#16132,1.);
#16132 = DIRECTION('',(0.,-0.707106781187,-0.707106781187));
#16133 = PCURVE('',#7375,#16134);
#16134 = DEFINITIONAL_REPRESENTATION('',(#16135),#16139);
#16135 = LINE('',#16136,#16137);
#16136 = CARTESIAN_POINT('',(-15.,-3.1));
#16137 = VECTOR('',#16138,1.);
#16138 = DIRECTION('',(1.,0.));
#16139 = ( GEOMETRIC_REPRESENTATION_CONTEXT(2) 
PARAMETRIC_REPRESENTATION_CONTEXT() REPRESENTATION_CONTEXT('2D SPACE',''
  ) );
#16140 = PCURVE('',#14688,#16141);
#16141 = DEFINITIONAL_REPRESENTATION('',(#16142),#16146);
#16142 = LINE('',#16143,#16144);
#16143 = CARTESIAN_POINT('',(-1.414213562373,-15.));
#16144 = VECTOR('',#16145,1.);
#16145 = DIRECTION('',(-0.,-1.));
#16146 = ( GEOMETRIC_REPRESENTATION_CONTEXT(2) 
PARAMETRIC_REPRESENTATION_CONTEXT() REPRESENTATION_CONTEXT('2D SPACE',''
  ) );
#16147 = ORIENTED_EDGE('',*,*,#15949,.T.);
#16148 = ORIENTED_EDGE('',*,*,#7359,.F.);
#16149 = ORIENTED_EDGE('',*,*,#16150,.F.);
#16150 = EDGE_CURVE('',#16126,#7332,#16151,.T.);
#16151 = SURFACE_CURVE('',#16152,(#16156,#16163),.PCURVE_S1.);
#16152 = LINE('',#16153,#16154);
#16153 = CARTESIAN_POINT('',(130.9,99.526911934581,-71.27207793864));
#16154 = VECTOR('',#16155,1.);
#16155 = DIRECTION('',(1.,0.,0.));
#16156 = PCURVE('',#7375,#16157);
#16157 = DEFINITIONAL_REPRESENTATION('',(#16158),#16162);
#16158 = LINE('',#16159,#16160);
#16159 = CARTESIAN_POINT('',(4.,0.));
#16160 = VECTOR('',#16161,1.);
#16161 = DIRECTION('',(0.,-1.));
#16162 = ( GEOMETRIC_REPRESENTATION_CONTEXT(2) 
PARAMETRIC_REPRESENTATION_CONTEXT() REPRESENTATION_CONTEXT('2D SPACE',''
  ) );
#16163 = PCURVE('',#7347,#16164);
#16164 = DEFINITIONAL_REPRESENTATION('',(#16165),#16169);
#16165 = LINE('',#16166,#16167);
#16166 = CARTESIAN_POINT('',(0.,0.));
#16167 = VECTOR('',#16168,1.);
#16168 = DIRECTION('',(0.,-1.));
#16169 = ( GEOMETRIC_REPRESENTATION_CONTEXT(2) 
PARAMETRIC_REPRESENTATION_CONTEXT() REPRESENTATION_CONTEXT('2D SPACE',''
  ) );
#16170 = ADVANCED_FACE('',(#16171),#7319,.T.);
#16171 = FACE_BOUND('',#16172,.T.);
#16172 = EDGE_LOOP('',(#16173,#16196,#16217,#16218));
#16173 = ORIENTED_EDGE('',*,*,#16174,.T.);
#16174 = EDGE_CURVE('',#16050,#16175,#16177,.T.);
#16175 = VERTEX_POINT('',#16176);
#16176 = CARTESIAN_POINT('',(135.,99.526911934581,-79.75735931288));
#16177 = SURFACE_CURVE('',#16178,(#16182,#16189),.PCURVE_S1.);
#16178 = LINE('',#16179,#16180);
#16179 = CARTESIAN_POINT('',(135.,107.30508652763,-87.53553390593));
#16180 = VECTOR('',#16181,1.);
#16181 = DIRECTION('',(0.,-0.707106781187,0.707106781187));
#16182 = PCURVE('',#7319,#16183);
#16183 = DEFINITIONAL_REPRESENTATION('',(#16184),#16188);
#16184 = LINE('',#16185,#16186);
#16185 = CARTESIAN_POINT('',(11.,-4.1));
#16186 = VECTOR('',#16187,1.);
#16187 = DIRECTION('',(-1.,0.));
#16188 = ( GEOMETRIC_REPRESENTATION_CONTEXT(2) 
PARAMETRIC_REPRESENTATION_CONTEXT() REPRESENTATION_CONTEXT('2D SPACE',''
  ) );
#16189 = PCURVE('',#16065,#16190);
#16190 = DEFINITIONAL_REPRESENTATION('',(#16191),#16195);
#16191 = LINE('',#16192,#16193);
#16192 = CARTESIAN_POINT('',(11.,-92.));
#16193 = VECTOR('',#16194,1.);
#16194 = DIRECTION('',(1.,0.));
#16195 = ( GEOMETRIC_REPRESENTATION_CONTEXT(2) 
PARAMETRIC_REPRESENTATION_CONTEXT() REPRESENTATION_CONTEXT('2D SPACE',''
  ) );
#16196 = ORIENTED_EDGE('',*,*,#16197,.T.);
#16197 = EDGE_CURVE('',#16175,#7304,#16198,.T.);
#16198 = SURFACE_CURVE('',#16199,(#16203,#16210),.PCURVE_S1.);
#16199 = LINE('',#16200,#16201);
#16200 = CARTESIAN_POINT('',(130.9,99.526911934581,-79.75735931288));
#16201 = VECTOR('',#16202,1.);
#16202 = DIRECTION('',(1.,0.,0.));
#16203 = PCURVE('',#7319,#16204);
#16204 = DEFINITIONAL_REPRESENTATION('',(#16205),#16209);
#16205 = LINE('',#16206,#16207);
#16206 = CARTESIAN_POINT('',(0.,0.));
#16207 = VECTOR('',#16208,1.);
#16208 = DIRECTION('',(0.,-1.));
#16209 = ( GEOMETRIC_REPRESENTATION_CONTEXT(2) 
PARAMETRIC_REPRESENTATION_CONTEXT() REPRESENTATION_CONTEXT('2D SPACE',''
  ) );
#16210 = PCURVE('',#7347,#16211);
#16211 = DEFINITIONAL_REPRESENTATION('',(#16212),#16216);
#16212 = LINE('',#16213,#16214);
#16213 = CARTESIAN_POINT('',(8.485281374239,0.));
#16214 = VECTOR('',#16215,1.);
#16215 = DIRECTION('',(0.,-1.));
#16216 = ( GEOMETRIC_REPRESENTATION_CONTEXT(2) 
PARAMETRIC_REPRESENTATION_CONTEXT() REPRESENTATION_CONTEXT('2D SPACE',''
  ) );
#16217 = ORIENTED_EDGE('',*,*,#7303,.F.);
#16218 = ORIENTED_EDGE('',*,*,#16077,.F.);
#16219 = ADVANCED_FACE('',(#16220),#7347,.T.);
#16220 = FACE_BOUND('',#16221,.T.);
#16221 = EDGE_LOOP('',(#16222,#16245,#16246,#16247,#16248));
#16222 = ORIENTED_EDGE('',*,*,#16223,.F.);
#16223 = EDGE_CURVE('',#16126,#16224,#16226,.T.);
#16224 = VERTEX_POINT('',#16225);
#16225 = CARTESIAN_POINT('',(135.,99.526911934581,-72.68629150101));
#16226 = SURFACE_CURVE('',#16227,(#16231,#16238),.PCURVE_S1.);
#16227 = LINE('',#16228,#16229);
#16228 = CARTESIAN_POINT('',(128.15,99.526911934581,-62.99892859876));
#16229 = VECTOR('',#16230,1.);
#16230 = DIRECTION('',(0.57735026919,-5.551115123126E-17,-0.816496580928
    ));
#16231 = PCURVE('',#7347,#16232);
#16232 = DEFINITIONAL_REPRESENTATION('',(#16233),#16237);
#16233 = LINE('',#16234,#16235);
#16234 = CARTESIAN_POINT('',(-8.273149339883,2.75));
#16235 = VECTOR('',#16236,1.);
#16236 = DIRECTION('',(0.816496580928,-0.57735026919));
#16237 = ( GEOMETRIC_REPRESENTATION_CONTEXT(2) 
PARAMETRIC_REPRESENTATION_CONTEXT() REPRESENTATION_CONTEXT('2D SPACE',''
  ) );
#16238 = PCURVE('',#14688,#16239);
#16239 = DEFINITIONAL_REPRESENTATION('',(#16240),#16244);
#16240 = LINE('',#16241,#16242);
#16241 = CARTESIAN_POINT('',(-9.687362902256,-28.15));
#16242 = VECTOR('',#16243,1.);
#16243 = DIRECTION('',(0.816496580928,-0.57735026919));
#16244 = ( GEOMETRIC_REPRESENTATION_CONTEXT(2) 
PARAMETRIC_REPRESENTATION_CONTEXT() REPRESENTATION_CONTEXT('2D SPACE',''
  ) );
#16245 = ORIENTED_EDGE('',*,*,#16150,.T.);
#16246 = ORIENTED_EDGE('',*,*,#7331,.F.);
#16247 = ORIENTED_EDGE('',*,*,#16197,.F.);
#16248 = ORIENTED_EDGE('',*,*,#16249,.T.);
#16249 = EDGE_CURVE('',#16175,#16224,#16250,.T.);
#16250 = SURFACE_CURVE('',#16251,(#16255,#16262),.PCURVE_S1.);
#16251 = LINE('',#16252,#16253);
#16252 = CARTESIAN_POINT('',(135.,99.526911934581,-115.8198051533));
#16253 = VECTOR('',#16254,1.);
#16254 = DIRECTION('',(0.,1.110223024625E-16,1.));
#16255 = PCURVE('',#7347,#16256);
#16256 = DEFINITIONAL_REPRESENTATION('',(#16257),#16261);
#16257 = LINE('',#16258,#16259);
#16258 = CARTESIAN_POINT('',(44.547727214752,-4.1));
#16259 = VECTOR('',#16260,1.);
#16260 = DIRECTION('',(-1.,0.));
#16261 = ( GEOMETRIC_REPRESENTATION_CONTEXT(2) 
PARAMETRIC_REPRESENTATION_CONTEXT() REPRESENTATION_CONTEXT('2D SPACE',''
  ) );
#16262 = PCURVE('',#16065,#16263);
#16263 = DEFINITIONAL_REPRESENTATION('',(#16264),#16268);
#16264 = LINE('',#16265,#16266);
#16265 = CARTESIAN_POINT('',(-3.5,-66.5));
#16266 = VECTOR('',#16267,1.);
#16267 = DIRECTION('',(0.707106781187,-0.707106781187));
#16268 = ( GEOMETRIC_REPRESENTATION_CONTEXT(2) 
PARAMETRIC_REPRESENTATION_CONTEXT() REPRESENTATION_CONTEXT('2D SPACE',''
  ) );
#16269 = ADVANCED_FACE('',(#16270),#7433,.T.);
#16270 = FACE_BOUND('',#16271,.T.);
#16271 = EDGE_LOOP('',(#16272,#16297,#16318,#16319));
#16272 = ORIENTED_EDGE('',*,*,#16273,.T.);
#16273 = EDGE_CURVE('',#16274,#16276,#16278,.T.);
#16274 = VERTEX_POINT('',#16275);
#16275 = CARTESIAN_POINT('',(135.,96.698484809835,-82.58578643762));
#16276 = VERTEX_POINT('',#16277);
#16277 = CARTESIAN_POINT('',(135.,105.18376618407,-91.07106781186));
#16278 = SURFACE_CURVE('',#16279,(#16283,#16290),.PCURVE_S1.);
#16279 = LINE('',#16280,#16281);
#16280 = CARTESIAN_POINT('',(135.,108.71930009,-94.60660171779));
#16281 = VECTOR('',#16282,1.);
#16282 = DIRECTION('',(0.,0.707106781187,-0.707106781187));
#16283 = PCURVE('',#7433,#16284);
#16284 = DEFINITIONAL_REPRESENTATION('',(#16285),#16289);
#16285 = LINE('',#16286,#16287);
#16286 = CARTESIAN_POINT('',(-5.,-4.1));
#16287 = VECTOR('',#16288,1.);
#16288 = DIRECTION('',(-1.,0.));
#16289 = ( GEOMETRIC_REPRESENTATION_CONTEXT(2) 
PARAMETRIC_REPRESENTATION_CONTEXT() REPRESENTATION_CONTEXT('2D SPACE',''
  ) );
#16290 = PCURVE('',#16065,#16291);
#16291 = DEFINITIONAL_REPRESENTATION('',(#16292),#16296);
#16292 = LINE('',#16293,#16294);
#16293 = CARTESIAN_POINT('',(5.,-88.));
#16294 = VECTOR('',#16295,1.);
#16295 = DIRECTION('',(-1.,0.));
#16296 = ( GEOMETRIC_REPRESENTATION_CONTEXT(2) 
PARAMETRIC_REPRESENTATION_CONTEXT() REPRESENTATION_CONTEXT('2D SPACE',''
  ) );
#16297 = ORIENTED_EDGE('',*,*,#16298,.T.);
#16298 = EDGE_CURVE('',#16276,#7418,#16299,.T.);
#16299 = SURFACE_CURVE('',#16300,(#16304,#16311),.PCURVE_S1.);
#16300 = LINE('',#16301,#16302);
#16301 = CARTESIAN_POINT('',(130.9,105.18376618407,-91.07106781186));
#16302 = VECTOR('',#16303,1.);
#16303 = DIRECTION('',(1.,0.,0.));
#16304 = PCURVE('',#7433,#16305);
#16305 = DEFINITIONAL_REPRESENTATION('',(#16306),#16310);
#16306 = LINE('',#16307,#16308);
#16307 = CARTESIAN_POINT('',(0.,0.));
#16308 = VECTOR('',#16309,1.);
#16309 = DIRECTION('',(0.,-1.));
#16310 = ( GEOMETRIC_REPRESENTATION_CONTEXT(2) 
PARAMETRIC_REPRESENTATION_CONTEXT() REPRESENTATION_CONTEXT('2D SPACE',''
  ) );
#16311 = PCURVE('',#7461,#16312);
#16312 = DEFINITIONAL_REPRESENTATION('',(#16313),#16317);
#16313 = LINE('',#16314,#16315);
#16314 = CARTESIAN_POINT('',(16.,0.));
#16315 = VECTOR('',#16316,1.);
#16316 = DIRECTION('',(0.,-1.));
#16317 = ( GEOMETRIC_REPRESENTATION_CONTEXT(2) 
PARAMETRIC_REPRESENTATION_CONTEXT() REPRESENTATION_CONTEXT('2D SPACE',''
  ) );
#16318 = ORIENTED_EDGE('',*,*,#7415,.F.);
#16319 = ORIENTED_EDGE('',*,*,#16320,.F.);
#16320 = EDGE_CURVE('',#16274,#7416,#16321,.T.);
#16321 = SURFACE_CURVE('',#16322,(#16326,#16333),.PCURVE_S1.);
#16322 = LINE('',#16323,#16324);
#16323 = CARTESIAN_POINT('',(130.9,96.698484809835,-82.58578643762));
#16324 = VECTOR('',#16325,1.);
#16325 = DIRECTION('',(1.,0.,0.));
#16326 = PCURVE('',#7433,#16327);
#16327 = DEFINITIONAL_REPRESENTATION('',(#16328),#16332);
#16328 = LINE('',#16329,#16330);
#16329 = CARTESIAN_POINT('',(12.,0.));
#16330 = VECTOR('',#16331,1.);
#16331 = DIRECTION('',(0.,-1.));
#16332 = ( GEOMETRIC_REPRESENTATION_CONTEXT(2) 
PARAMETRIC_REPRESENTATION_CONTEXT() REPRESENTATION_CONTEXT('2D SPACE',''
  ) );
#16333 = PCURVE('',#7571,#16334);
#16334 = DEFINITIONAL_REPRESENTATION('',(#16335),#16339);
#16335 = LINE('',#16336,#16337);
#16336 = CARTESIAN_POINT('',(0.,0.));
#16337 = VECTOR('',#16338,1.);
#16338 = DIRECTION('',(0.,-1.));
#16339 = ( GEOMETRIC_REPRESENTATION_CONTEXT(2) 
PARAMETRIC_REPRESENTATION_CONTEXT() REPRESENTATION_CONTEXT('2D SPACE',''
  ) );
#16340 = ADVANCED_FACE('',(#16341),#7571,.T.);
#16341 = FACE_BOUND('',#16342,.T.);
#16342 = EDGE_LOOP('',(#16343,#16366,#16367,#16368,#16391));
#16343 = ORIENTED_EDGE('',*,*,#16344,.T.);
#16344 = EDGE_CURVE('',#16345,#16274,#16347,.T.);
#16345 = VERTEX_POINT('',#16346);
#16346 = CARTESIAN_POINT('',(135.,89.62741699797,-82.58578643762));
#16347 = SURFACE_CURVE('',#16348,(#16352,#16359),.PCURVE_S1.);
#16348 = LINE('',#16349,#16350);
#16349 = CARTESIAN_POINT('',(135.,73.363961030679,-82.58578643762));
#16350 = VECTOR('',#16351,1.);
#16351 = DIRECTION('',(0.,1.,-1.110223024625E-16));
#16352 = PCURVE('',#7571,#16353);
#16353 = DEFINITIONAL_REPRESENTATION('',(#16354),#16358);
#16354 = LINE('',#16355,#16356);
#16355 = CARTESIAN_POINT('',(23.334523779156,-4.1));
#16356 = VECTOR('',#16357,1.);
#16357 = DIRECTION('',(-1.,-0.));
#16358 = ( GEOMETRIC_REPRESENTATION_CONTEXT(2) 
PARAMETRIC_REPRESENTATION_CONTEXT() REPRESENTATION_CONTEXT('2D SPACE',''
  ) );
#16359 = PCURVE('',#16065,#16360);
#16360 = DEFINITIONAL_REPRESENTATION('',(#16361),#16365);
#16361 = LINE('',#16362,#16363);
#16362 = CARTESIAN_POINT('',(38.5,-71.5));
#16363 = VECTOR('',#16364,1.);
#16364 = DIRECTION('',(-0.707106781187,-0.707106781187));
#16365 = ( GEOMETRIC_REPRESENTATION_CONTEXT(2) 
PARAMETRIC_REPRESENTATION_CONTEXT() REPRESENTATION_CONTEXT('2D SPACE',''
  ) );
#16366 = ORIENTED_EDGE('',*,*,#16320,.T.);
#16367 = ORIENTED_EDGE('',*,*,#7557,.F.);
#16368 = ORIENTED_EDGE('',*,*,#16369,.F.);
#16369 = EDGE_CURVE('',#16370,#7530,#16372,.T.);
#16370 = VERTEX_POINT('',#16371);
#16371 = CARTESIAN_POINT('',(134.,88.213203435596,-82.58578643762));
#16372 = SURFACE_CURVE('',#16373,(#16377,#16384),.PCURVE_S1.);
#16373 = LINE('',#16374,#16375);
#16374 = CARTESIAN_POINT('',(130.9,88.213203435596,-82.58578643762));
#16375 = VECTOR('',#16376,1.);
#16376 = DIRECTION('',(1.,0.,0.));
#16377 = PCURVE('',#7571,#16378);
#16378 = DEFINITIONAL_REPRESENTATION('',(#16379),#16383);
#16379 = LINE('',#16380,#16381);
#16380 = CARTESIAN_POINT('',(8.485281374239,0.));
#16381 = VECTOR('',#16382,1.);
#16382 = DIRECTION('',(0.,-1.));
#16383 = ( GEOMETRIC_REPRESENTATION_CONTEXT(2) 
PARAMETRIC_REPRESENTATION_CONTEXT() REPRESENTATION_CONTEXT('2D SPACE',''
  ) );
#16384 = PCURVE('',#7545,#16385);
#16385 = DEFINITIONAL_REPRESENTATION('',(#16386),#16390);
#16386 = LINE('',#16387,#16388);
#16387 = CARTESIAN_POINT('',(0.,0.));
#16388 = VECTOR('',#16389,1.);
#16389 = DIRECTION('',(0.,-1.));
#16390 = ( GEOMETRIC_REPRESENTATION_CONTEXT(2) 
PARAMETRIC_REPRESENTATION_CONTEXT() REPRESENTATION_CONTEXT('2D SPACE',''
  ) );
#16391 = ORIENTED_EDGE('',*,*,#16392,.F.);
#16392 = EDGE_CURVE('',#16345,#16370,#16393,.T.);
#16393 = SURFACE_CURVE('',#16394,(#16398,#16405),.PCURVE_S1.);
#16394 = LINE('',#16395,#16396);
#16395 = CARTESIAN_POINT('',(144.15,102.56747109368,-82.58578643762));
#16396 = VECTOR('',#16397,1.);
#16397 = DIRECTION('',(-0.57735026919,-0.816496580928,5.551115123126E-17
    ));
#16398 = PCURVE('',#7571,#16399);
#16399 = DEFINITIONAL_REPRESENTATION('',(#16400),#16404);
#16400 = LINE('',#16401,#16402);
#16401 = CARTESIAN_POINT('',(-5.868986283848,-13.25));
#16402 = VECTOR('',#16403,1.);
#16403 = DIRECTION('',(0.816496580928,0.57735026919));
#16404 = ( GEOMETRIC_REPRESENTATION_CONTEXT(2) 
PARAMETRIC_REPRESENTATION_CONTEXT() REPRESENTATION_CONTEXT('2D SPACE',''
  ) );
#16405 = PCURVE('',#14688,#16406);
#16406 = DEFINITIONAL_REPRESENTATION('',(#16407),#16411);
#16407 = LINE('',#16408,#16409);
#16408 = CARTESIAN_POINT('',(12.940054095714,-39.85));
#16409 = VECTOR('',#16410,1.);
#16410 = DIRECTION('',(-0.816496580928,-0.57735026919));
#16411 = ( GEOMETRIC_REPRESENTATION_CONTEXT(2) 
PARAMETRIC_REPRESENTATION_CONTEXT() REPRESENTATION_CONTEXT('2D SPACE',''
  ) );
#16412 = ADVANCED_FACE('',(#16413),#7461,.T.);
#16413 = FACE_BOUND('',#16414,.T.);
#16414 = EDGE_LOOP('',(#16415,#16438,#16459,#16460));
#16415 = ORIENTED_EDGE('',*,*,#16416,.T.);
#16416 = EDGE_CURVE('',#16276,#16417,#16419,.T.);
#16417 = VERTEX_POINT('',#16418);
#16418 = CARTESIAN_POINT('',(135.,93.870057685089,-102.3847763108));
#16419 = SURFACE_CURVE('',#16420,(#16424,#16431),.PCURVE_S1.);
#16420 = LINE('',#16421,#16422);
#16421 = CARTESIAN_POINT('',(135.,68.414213562373,-127.8406204335));
#16422 = VECTOR('',#16423,1.);
#16423 = DIRECTION('',(0.,-0.707106781187,-0.707106781187));
#16424 = PCURVE('',#7461,#16425);
#16425 = DEFINITIONAL_REPRESENTATION('',(#16426),#16430);
#16426 = LINE('',#16427,#16428);
#16427 = CARTESIAN_POINT('',(-36.,-4.1));
#16428 = VECTOR('',#16429,1.);
#16429 = DIRECTION('',(-1.,-0.));
#16430 = ( GEOMETRIC_REPRESENTATION_CONTEXT(2) 
PARAMETRIC_REPRESENTATION_CONTEXT() REPRESENTATION_CONTEXT('2D SPACE',''
  ) );
#16431 = PCURVE('',#16065,#16432);
#16432 = DEFINITIONAL_REPRESENTATION('',(#16433),#16437);
#16433 = LINE('',#16434,#16435);
#16434 = CARTESIAN_POINT('',(10.,-36.));
#16435 = VECTOR('',#16436,1.);
#16436 = DIRECTION('',(0.,1.));
#16437 = ( GEOMETRIC_REPRESENTATION_CONTEXT(2) 
PARAMETRIC_REPRESENTATION_CONTEXT() REPRESENTATION_CONTEXT('2D SPACE',''
  ) );
#16438 = ORIENTED_EDGE('',*,*,#16439,.T.);
#16439 = EDGE_CURVE('',#16417,#7446,#16440,.T.);
#16440 = SURFACE_CURVE('',#16441,(#16445,#16452),.PCURVE_S1.);
#16441 = LINE('',#16442,#16443);
#16442 = CARTESIAN_POINT('',(130.9,93.870057685089,-102.3847763108));
#16443 = VECTOR('',#16444,1.);
#16444 = DIRECTION('',(1.,0.,0.));
#16445 = PCURVE('',#7461,#16446);
#16446 = DEFINITIONAL_REPRESENTATION('',(#16447),#16451);
#16447 = LINE('',#16448,#16449);
#16448 = CARTESIAN_POINT('',(0.,0.));
#16449 = VECTOR('',#16450,1.);
#16450 = DIRECTION('',(0.,-1.));
#16451 = ( GEOMETRIC_REPRESENTATION_CONTEXT(2) 
PARAMETRIC_REPRESENTATION_CONTEXT() REPRESENTATION_CONTEXT('2D SPACE',''
  ) );
#16452 = PCURVE('',#7489,#16453);
#16453 = DEFINITIONAL_REPRESENTATION('',(#16454),#16458);
#16454 = LINE('',#16455,#16456);
#16455 = CARTESIAN_POINT('',(12.,0.));
#16456 = VECTOR('',#16457,1.);
#16457 = DIRECTION('',(0.,-1.));
#16458 = ( GEOMETRIC_REPRESENTATION_CONTEXT(2) 
PARAMETRIC_REPRESENTATION_CONTEXT() REPRESENTATION_CONTEXT('2D SPACE',''
  ) );
#16459 = ORIENTED_EDGE('',*,*,#7445,.F.);
#16460 = ORIENTED_EDGE('',*,*,#16298,.F.);
#16461 = ADVANCED_FACE('',(#16462),#7545,.T.);
#16462 = FACE_BOUND('',#16463,.T.);
#16463 = EDGE_LOOP('',(#16464,#16487,#16488,#16489));
#16464 = ORIENTED_EDGE('',*,*,#16465,.F.);
#16465 = EDGE_CURVE('',#16370,#16466,#16468,.T.);
#16466 = VERTEX_POINT('',#16467);
#16467 = CARTESIAN_POINT('',(134.,85.38477631085,-85.41421356237));
#16468 = SURFACE_CURVE('',#16469,(#16473,#16480),.PCURVE_S1.);
#16469 = LINE('',#16470,#16471);
#16470 = CARTESIAN_POINT('',(134.,105.89087296526,-64.90811690796));
#16471 = VECTOR('',#16472,1.);
#16472 = DIRECTION('',(0.,-0.707106781187,-0.707106781187));
#16473 = PCURVE('',#7545,#16474);
#16474 = DEFINITIONAL_REPRESENTATION('',(#16475),#16479);
#16475 = LINE('',#16476,#16477);
#16476 = CARTESIAN_POINT('',(-25.,-3.1));
#16477 = VECTOR('',#16478,1.);
#16478 = DIRECTION('',(1.,0.));
#16479 = ( GEOMETRIC_REPRESENTATION_CONTEXT(2) 
PARAMETRIC_REPRESENTATION_CONTEXT() REPRESENTATION_CONTEXT('2D SPACE',''
  ) );
#16480 = PCURVE('',#14688,#16481);
#16481 = DEFINITIONAL_REPRESENTATION('',(#16482),#16486);
#16482 = LINE('',#16483,#16484);
#16483 = CARTESIAN_POINT('',(-1.414213562373,-25.));
#16484 = VECTOR('',#16485,1.);
#16485 = DIRECTION('',(-0.,-1.));
#16486 = ( GEOMETRIC_REPRESENTATION_CONTEXT(2) 
PARAMETRIC_REPRESENTATION_CONTEXT() REPRESENTATION_CONTEXT('2D SPACE',''
  ) );
#16487 = ORIENTED_EDGE('',*,*,#16369,.T.);
#16488 = ORIENTED_EDGE('',*,*,#7529,.F.);
#16489 = ORIENTED_EDGE('',*,*,#16490,.F.);
#16490 = EDGE_CURVE('',#16466,#7502,#16491,.T.);
#16491 = SURFACE_CURVE('',#16492,(#16496,#16503),.PCURVE_S1.);
#16492 = LINE('',#16493,#16494);
#16493 = CARTESIAN_POINT('',(130.9,85.38477631085,-85.41421356237));
#16494 = VECTOR('',#16495,1.);
#16495 = DIRECTION('',(1.,0.,0.));
#16496 = PCURVE('',#7545,#16497);
#16497 = DEFINITIONAL_REPRESENTATION('',(#16498),#16502);
#16498 = LINE('',#16499,#16500);
#16499 = CARTESIAN_POINT('',(4.,0.));
#16500 = VECTOR('',#16501,1.);
#16501 = DIRECTION('',(0.,-1.));
#16502 = ( GEOMETRIC_REPRESENTATION_CONTEXT(2) 
PARAMETRIC_REPRESENTATION_CONTEXT() REPRESENTATION_CONTEXT('2D SPACE',''
  ) );
#16503 = PCURVE('',#7517,#16504);
#16504 = DEFINITIONAL_REPRESENTATION('',(#16505),#16509);
#16505 = LINE('',#16506,#16507);
#16506 = CARTESIAN_POINT('',(0.,0.));
#16507 = VECTOR('',#16508,1.);
#16508 = DIRECTION('',(0.,-1.));
#16509 = ( GEOMETRIC_REPRESENTATION_CONTEXT(2) 
PARAMETRIC_REPRESENTATION_CONTEXT() REPRESENTATION_CONTEXT('2D SPACE',''
  ) );
#16510 = ADVANCED_FACE('',(#16511),#7489,.T.);
#16511 = FACE_BOUND('',#16512,.T.);
#16512 = EDGE_LOOP('',(#16513,#16536,#16557,#16558));
#16513 = ORIENTED_EDGE('',*,*,#16514,.T.);
#16514 = EDGE_CURVE('',#16417,#16515,#16517,.T.);
#16515 = VERTEX_POINT('',#16516);
#16516 = CARTESIAN_POINT('',(135.,85.38477631085,-93.89949493661));
#16517 = SURFACE_CURVE('',#16518,(#16522,#16529),.PCURVE_S1.);
#16518 = LINE('',#16519,#16520);
#16519 = CARTESIAN_POINT('',(135.,93.162950903902,-101.6776695296));
#16520 = VECTOR('',#16521,1.);
#16521 = DIRECTION('',(0.,-0.707106781187,0.707106781187));
#16522 = PCURVE('',#7489,#16523);
#16523 = DEFINITIONAL_REPRESENTATION('',(#16524),#16528);
#16524 = LINE('',#16525,#16526);
#16525 = CARTESIAN_POINT('',(11.,-4.1));
#16526 = VECTOR('',#16527,1.);
#16527 = DIRECTION('',(-1.,0.));
#16528 = ( GEOMETRIC_REPRESENTATION_CONTEXT(2) 
PARAMETRIC_REPRESENTATION_CONTEXT() REPRESENTATION_CONTEXT('2D SPACE',''
  ) );
#16529 = PCURVE('',#16065,#16530);
#16530 = DEFINITIONAL_REPRESENTATION('',(#16531),#16535);
#16531 = LINE('',#16532,#16533);
#16532 = CARTESIAN_POINT('',(11.,-72.));
#16533 = VECTOR('',#16534,1.);
#16534 = DIRECTION('',(1.,0.));
#16535 = ( GEOMETRIC_REPRESENTATION_CONTEXT(2) 
PARAMETRIC_REPRESENTATION_CONTEXT() REPRESENTATION_CONTEXT('2D SPACE',''
  ) );
#16536 = ORIENTED_EDGE('',*,*,#16537,.T.);
#16537 = EDGE_CURVE('',#16515,#7474,#16538,.T.);
#16538 = SURFACE_CURVE('',#16539,(#16543,#16550),.PCURVE_S1.);
#16539 = LINE('',#16540,#16541);
#16540 = CARTESIAN_POINT('',(130.9,85.38477631085,-93.89949493661));
#16541 = VECTOR('',#16542,1.);
#16542 = DIRECTION('',(1.,0.,0.));
#16543 = PCURVE('',#7489,#16544);
#16544 = DEFINITIONAL_REPRESENTATION('',(#16545),#16549);
#16545 = LINE('',#16546,#16547);
#16546 = CARTESIAN_POINT('',(0.,0.));
#16547 = VECTOR('',#16548,1.);
#16548 = DIRECTION('',(0.,-1.));
#16549 = ( GEOMETRIC_REPRESENTATION_CONTEXT(2) 
PARAMETRIC_REPRESENTATION_CONTEXT() REPRESENTATION_CONTEXT('2D SPACE',''
  ) );
#16550 = PCURVE('',#7517,#16551);
#16551 = DEFINITIONAL_REPRESENTATION('',(#16552),#16556);
#16552 = LINE('',#16553,#16554);
#16553 = CARTESIAN_POINT('',(8.485281374239,0.));
#16554 = VECTOR('',#16555,1.);
#16555 = DIRECTION('',(0.,-1.));
#16556 = ( GEOMETRIC_REPRESENTATION_CONTEXT(2) 
PARAMETRIC_REPRESENTATION_CONTEXT() REPRESENTATION_CONTEXT('2D SPACE',''
  ) );
#16557 = ORIENTED_EDGE('',*,*,#7473,.F.);
#16558 = ORIENTED_EDGE('',*,*,#16439,.F.);
#16559 = ADVANCED_FACE('',(#16560),#7517,.T.);
#16560 = FACE_BOUND('',#16561,.T.);
#16561 = EDGE_LOOP('',(#16562,#16585,#16586,#16587,#16588));
#16562 = ORIENTED_EDGE('',*,*,#16563,.F.);
#16563 = EDGE_CURVE('',#16466,#16564,#16566,.T.);
#16564 = VERTEX_POINT('',#16565);
#16565 = CARTESIAN_POINT('',(135.,85.38477631085,-86.82842712474));
#16566 = SURFACE_CURVE('',#16567,(#16571,#16578),.PCURVE_S1.);
#16567 = LINE('',#16568,#16569);
#16568 = CARTESIAN_POINT('',(124.81666666666,85.38477631085,
    -72.42701901458));
#16569 = VECTOR('',#16570,1.);
#16570 = DIRECTION('',(0.57735026919,-5.551115123126E-17,-0.816496580928
    ));
#16571 = PCURVE('',#7517,#16572);
#16572 = DEFINITIONAL_REPRESENTATION('',(#16573),#16577);
#16573 = LINE('',#16574,#16575);
#16574 = CARTESIAN_POINT('',(-12.98719454779,6.083333333333));
#16575 = VECTOR('',#16576,1.);
#16576 = DIRECTION('',(0.816496580928,-0.57735026919));
#16577 = ( GEOMETRIC_REPRESENTATION_CONTEXT(2) 
PARAMETRIC_REPRESENTATION_CONTEXT() REPRESENTATION_CONTEXT('2D SPACE',''
  ) );
#16578 = PCURVE('',#14688,#16579);
#16579 = DEFINITIONAL_REPRESENTATION('',(#16580),#16584);
#16580 = LINE('',#16581,#16582);
#16581 = CARTESIAN_POINT('',(-14.40140811016,-44.81666666666));
#16582 = VECTOR('',#16583,1.);
#16583 = DIRECTION('',(0.816496580928,-0.57735026919));
#16584 = ( GEOMETRIC_REPRESENTATION_CONTEXT(2) 
PARAMETRIC_REPRESENTATION_CONTEXT() REPRESENTATION_CONTEXT('2D SPACE',''
  ) );
#16585 = ORIENTED_EDGE('',*,*,#16490,.T.);
#16586 = ORIENTED_EDGE('',*,*,#7501,.F.);
#16587 = ORIENTED_EDGE('',*,*,#16537,.F.);
#16588 = ORIENTED_EDGE('',*,*,#16589,.T.);
#16589 = EDGE_CURVE('',#16515,#16564,#16590,.T.);
#16590 = SURFACE_CURVE('',#16591,(#16595,#16602),.PCURVE_S1.);
#16591 = LINE('',#16592,#16593);
#16592 = CARTESIAN_POINT('',(135.,85.38477631085,-122.8908729652));
#16593 = VECTOR('',#16594,1.);
#16594 = DIRECTION('',(0.,1.110223024625E-16,1.));
#16595 = PCURVE('',#7517,#16596);
#16596 = DEFINITIONAL_REPRESENTATION('',(#16597),#16601);
#16597 = LINE('',#16598,#16599);
#16598 = CARTESIAN_POINT('',(37.476659402887,-4.1));
#16599 = VECTOR('',#16600,1.);
#16600 = DIRECTION('',(-1.,0.));
#16601 = ( GEOMETRIC_REPRESENTATION_CONTEXT(2) 
PARAMETRIC_REPRESENTATION_CONTEXT() REPRESENTATION_CONTEXT('2D SPACE',''
  ) );
#16602 = PCURVE('',#16065,#16603);
#16603 = DEFINITIONAL_REPRESENTATION('',(#16604),#16608);
#16604 = LINE('',#16605,#16606);
#16605 = CARTESIAN_POINT('',(1.5,-51.5));
#16606 = VECTOR('',#16607,1.);
#16607 = DIRECTION('',(0.707106781187,-0.707106781187));
#16608 = ( GEOMETRIC_REPRESENTATION_CONTEXT(2) 
PARAMETRIC_REPRESENTATION_CONTEXT() REPRESENTATION_CONTEXT('2D SPACE',''
  ) );
#16609 = ADVANCED_FACE('',(#16610),#7603,.T.);
#16610 = FACE_BOUND('',#16611,.T.);
#16611 = EDGE_LOOP('',(#16612,#16613,#16634,#16635));
#16612 = ORIENTED_EDGE('',*,*,#14943,.F.);
#16613 = ORIENTED_EDGE('',*,*,#16614,.T.);
#16614 = EDGE_CURVE('',#14921,#7588,#16615,.T.);
#16615 = SURFACE_CURVE('',#16616,(#16620,#16627),.PCURVE_S1.);
#16616 = LINE('',#16617,#16618);
#16617 = CARTESIAN_POINT('',(130.9,133.46803743153,-62.7867965644));
#16618 = VECTOR('',#16619,1.);
#16619 = DIRECTION('',(1.,0.,0.));
#16620 = PCURVE('',#7603,#16621);
#16621 = DEFINITIONAL_REPRESENTATION('',(#16622),#16626);
#16622 = LINE('',#16623,#16624);
#16623 = CARTESIAN_POINT('',(0.,0.));
#16624 = VECTOR('',#16625,1.);
#16625 = DIRECTION('',(0.,-1.));
#16626 = ( GEOMETRIC_REPRESENTATION_CONTEXT(2) 
PARAMETRIC_REPRESENTATION_CONTEXT() REPRESENTATION_CONTEXT('2D SPACE',''
  ) );
#16627 = PCURVE('',#7631,#16628);
#16628 = DEFINITIONAL_REPRESENTATION('',(#16629),#16633);
#16629 = LINE('',#16630,#16631);
#16630 = CARTESIAN_POINT('',(16.,0.));
#16631 = VECTOR('',#16632,1.);
#16632 = DIRECTION('',(0.,-1.));
#16633 = ( GEOMETRIC_REPRESENTATION_CONTEXT(2) 
PARAMETRIC_REPRESENTATION_CONTEXT() REPRESENTATION_CONTEXT('2D SPACE',''
  ) );
#16634 = ORIENTED_EDGE('',*,*,#7585,.F.);
#16635 = ORIENTED_EDGE('',*,*,#16636,.F.);
#16636 = EDGE_CURVE('',#14944,#7586,#16637,.T.);
#16637 = SURFACE_CURVE('',#16638,(#16642,#16649),.PCURVE_S1.);
#16638 = LINE('',#16639,#16640);
#16639 = CARTESIAN_POINT('',(130.9,124.98275605729,-54.30151519016));
#16640 = VECTOR('',#16641,1.);
#16641 = DIRECTION('',(1.,0.,0.));
#16642 = PCURVE('',#7603,#16643);
#16643 = DEFINITIONAL_REPRESENTATION('',(#16644),#16648);
#16644 = LINE('',#16645,#16646);
#16645 = CARTESIAN_POINT('',(12.,0.));
#16646 = VECTOR('',#16647,1.);
#16647 = DIRECTION('',(0.,-1.));
#16648 = ( GEOMETRIC_REPRESENTATION_CONTEXT(2) 
PARAMETRIC_REPRESENTATION_CONTEXT() REPRESENTATION_CONTEXT('2D SPACE',''
  ) );
#16649 = PCURVE('',#7741,#16650);
#16650 = DEFINITIONAL_REPRESENTATION('',(#16651),#16655);
#16651 = LINE('',#16652,#16653);
#16652 = CARTESIAN_POINT('',(0.,0.));
#16653 = VECTOR('',#16654,1.);
#16654 = DIRECTION('',(0.,-1.));
#16655 = ( GEOMETRIC_REPRESENTATION_CONTEXT(2) 
PARAMETRIC_REPRESENTATION_CONTEXT() REPRESENTATION_CONTEXT('2D SPACE',''
  ) );
#16656 = ADVANCED_FACE('',(#16657),#7741,.T.);
#16657 = FACE_BOUND('',#16658,.T.);
#16658 = EDGE_LOOP('',(#16659,#16660,#16661,#16662));
#16659 = ORIENTED_EDGE('',*,*,#14966,.F.);
#16660 = ORIENTED_EDGE('',*,*,#16636,.T.);
#16661 = ORIENTED_EDGE('',*,*,#7727,.F.);
#16662 = ORIENTED_EDGE('',*,*,#16663,.F.);
#16663 = EDGE_CURVE('',#14967,#7700,#16664,.T.);
#16664 = SURFACE_CURVE('',#16665,(#16669,#16676),.PCURVE_S1.);
#16665 = LINE('',#16666,#16667);
#16666 = CARTESIAN_POINT('',(130.9,116.49747468305,-54.30151519016));
#16667 = VECTOR('',#16668,1.);
#16668 = DIRECTION('',(1.,0.,0.));
#16669 = PCURVE('',#7741,#16670);
#16670 = DEFINITIONAL_REPRESENTATION('',(#16671),#16675);
#16671 = LINE('',#16672,#16673);
#16672 = CARTESIAN_POINT('',(8.485281374239,0.));
#16673 = VECTOR('',#16674,1.);
#16674 = DIRECTION('',(0.,-1.));
#16675 = ( GEOMETRIC_REPRESENTATION_CONTEXT(2) 
PARAMETRIC_REPRESENTATION_CONTEXT() REPRESENTATION_CONTEXT('2D SPACE',''
  ) );
#16676 = PCURVE('',#7715,#16677);
#16677 = DEFINITIONAL_REPRESENTATION('',(#16678),#16682);
#16678 = LINE('',#16679,#16680);
#16679 = CARTESIAN_POINT('',(0.,0.));
#16680 = VECTOR('',#16681,1.);
#16681 = DIRECTION('',(0.,-1.));
#16682 = ( GEOMETRIC_REPRESENTATION_CONTEXT(2) 
PARAMETRIC_REPRESENTATION_CONTEXT() REPRESENTATION_CONTEXT('2D SPACE',''
  ) );
#16683 = ADVANCED_FACE('',(#16684),#7715,.T.);
#16684 = FACE_BOUND('',#16685,.T.);
#16685 = EDGE_LOOP('',(#16686,#16687,#16688,#16689));
#16686 = ORIENTED_EDGE('',*,*,#14989,.F.);
#16687 = ORIENTED_EDGE('',*,*,#16663,.T.);
#16688 = ORIENTED_EDGE('',*,*,#7699,.F.);
#16689 = ORIENTED_EDGE('',*,*,#16690,.F.);
#16690 = EDGE_CURVE('',#14990,#7672,#16691,.T.);
#16691 = SURFACE_CURVE('',#16692,(#16696,#16703),.PCURVE_S1.);
#16692 = LINE('',#16693,#16694);
#16693 = CARTESIAN_POINT('',(130.9,113.66904755831,-57.12994231491));
#16694 = VECTOR('',#16695,1.);
#16695 = DIRECTION('',(1.,0.,0.));
#16696 = PCURVE('',#7715,#16697);
#16697 = DEFINITIONAL_REPRESENTATION('',(#16698),#16702);
#16698 = LINE('',#16699,#16700);
#16699 = CARTESIAN_POINT('',(4.,0.));
#16700 = VECTOR('',#16701,1.);
#16701 = DIRECTION('',(0.,-1.));
#16702 = ( GEOMETRIC_REPRESENTATION_CONTEXT(2) 
PARAMETRIC_REPRESENTATION_CONTEXT() REPRESENTATION_CONTEXT('2D SPACE',''
  ) );
#16703 = PCURVE('',#7687,#16704);
#16704 = DEFINITIONAL_REPRESENTATION('',(#16705),#16709);
#16705 = LINE('',#16706,#16707);
#16706 = CARTESIAN_POINT('',(0.,0.));
#16707 = VECTOR('',#16708,1.);
#16708 = DIRECTION('',(0.,-1.));
#16709 = ( GEOMETRIC_REPRESENTATION_CONTEXT(2) 
PARAMETRIC_REPRESENTATION_CONTEXT() REPRESENTATION_CONTEXT('2D SPACE',''
  ) );
#16710 = ADVANCED_FACE('',(#16711),#7687,.T.);
#16711 = FACE_BOUND('',#16712,.T.);
#16712 = EDGE_LOOP('',(#16713,#16714,#16715,#16716));
#16713 = ORIENTED_EDGE('',*,*,#15012,.F.);
#16714 = ORIENTED_EDGE('',*,*,#16690,.T.);
#16715 = ORIENTED_EDGE('',*,*,#7671,.F.);
#16716 = ORIENTED_EDGE('',*,*,#16717,.F.);
#16717 = EDGE_CURVE('',#14896,#7644,#16718,.T.);
#16718 = SURFACE_CURVE('',#16719,(#16723,#16730),.PCURVE_S1.);
#16719 = LINE('',#16720,#16721);
#16720 = CARTESIAN_POINT('',(130.9,113.66904755831,-65.61522368915));
#16721 = VECTOR('',#16722,1.);
#16722 = DIRECTION('',(1.,0.,0.));
#16723 = PCURVE('',#7687,#16724);
#16724 = DEFINITIONAL_REPRESENTATION('',(#16725),#16729);
#16725 = LINE('',#16726,#16727);
#16726 = CARTESIAN_POINT('',(8.485281374239,0.));
#16727 = VECTOR('',#16728,1.);
#16728 = DIRECTION('',(0.,-1.));
#16729 = ( GEOMETRIC_REPRESENTATION_CONTEXT(2) 
PARAMETRIC_REPRESENTATION_CONTEXT() REPRESENTATION_CONTEXT('2D SPACE',''
  ) );
#16730 = PCURVE('',#7659,#16731);
#16731 = DEFINITIONAL_REPRESENTATION('',(#16732),#16736);
#16732 = LINE('',#16733,#16734);
#16733 = CARTESIAN_POINT('',(0.,0.));
#16734 = VECTOR('',#16735,1.);
#16735 = DIRECTION('',(0.,-1.));
#16736 = ( GEOMETRIC_REPRESENTATION_CONTEXT(2) 
PARAMETRIC_REPRESENTATION_CONTEXT() REPRESENTATION_CONTEXT('2D SPACE',''
  ) );
#16737 = ADVANCED_FACE('',(#16738),#7659,.T.);
#16738 = FACE_BOUND('',#16739,.T.);
#16739 = EDGE_LOOP('',(#16740,#16741,#16742,#16743));
#16740 = ORIENTED_EDGE('',*,*,#14895,.F.);
#16741 = ORIENTED_EDGE('',*,*,#16717,.T.);
#16742 = ORIENTED_EDGE('',*,*,#7643,.F.);
#16743 = ORIENTED_EDGE('',*,*,#16744,.F.);
#16744 = EDGE_CURVE('',#14898,#7616,#16745,.T.);
#16745 = SURFACE_CURVE('',#16746,(#16750,#16757),.PCURVE_S1.);
#16746 = LINE('',#16747,#16748);
#16747 = CARTESIAN_POINT('',(130.9,122.15432893255,-74.10050506338));
#16748 = VECTOR('',#16749,1.);
#16749 = DIRECTION('',(1.,0.,0.));
#16750 = PCURVE('',#7659,#16751);
#16751 = DEFINITIONAL_REPRESENTATION('',(#16752),#16756);
#16752 = LINE('',#16753,#16754);
#16753 = CARTESIAN_POINT('',(12.,0.));
#16754 = VECTOR('',#16755,1.);
#16755 = DIRECTION('',(0.,-1.));
#16756 = ( GEOMETRIC_REPRESENTATION_CONTEXT(2) 
PARAMETRIC_REPRESENTATION_CONTEXT() REPRESENTATION_CONTEXT('2D SPACE',''
  ) );
#16757 = PCURVE('',#7631,#16758);
#16758 = DEFINITIONAL_REPRESENTATION('',(#16759),#16763);
#16759 = LINE('',#16760,#16761);
#16760 = CARTESIAN_POINT('',(0.,0.));
#16761 = VECTOR('',#16762,1.);
#16762 = DIRECTION('',(0.,-1.));
#16763 = ( GEOMETRIC_REPRESENTATION_CONTEXT(2) 
PARAMETRIC_REPRESENTATION_CONTEXT() REPRESENTATION_CONTEXT('2D SPACE',''
  ) );
#16764 = ADVANCED_FACE('',(#16765),#7631,.T.);
#16765 = FACE_BOUND('',#16766,.T.);
#16766 = EDGE_LOOP('',(#16767,#16768,#16769,#16770));
#16767 = ORIENTED_EDGE('',*,*,#14920,.F.);
#16768 = ORIENTED_EDGE('',*,*,#16744,.T.);
#16769 = ORIENTED_EDGE('',*,*,#7615,.F.);
#16770 = ORIENTED_EDGE('',*,*,#16614,.F.);
#16771 = ADVANCED_FACE('',(#16772),#7773,.T.);
#16772 = FACE_BOUND('',#16773,.T.);
#16773 = EDGE_LOOP('',(#16774,#16799,#16820,#16821));
#16774 = ORIENTED_EDGE('',*,*,#16775,.T.);
#16775 = EDGE_CURVE('',#16776,#16778,#16780,.T.);
#16776 = VERTEX_POINT('',#16777);
#16777 = CARTESIAN_POINT('',(135.,82.556349186104,-96.72792206135));
#16778 = VERTEX_POINT('',#16779);
#16779 = CARTESIAN_POINT('',(135.,91.041630560343,-105.2132034355));
#16780 = SURFACE_CURVE('',#16781,(#16785,#16792),.PCURVE_S1.);
#16781 = LINE('',#16782,#16783);
#16782 = CARTESIAN_POINT('',(135.,94.577164466275,-108.7487373415));
#16783 = VECTOR('',#16784,1.);
#16784 = DIRECTION('',(0.,0.707106781187,-0.707106781187));
#16785 = PCURVE('',#7773,#16786);
#16786 = DEFINITIONAL_REPRESENTATION('',(#16787),#16791);
#16787 = LINE('',#16788,#16789);
#16788 = CARTESIAN_POINT('',(-5.,-4.1));
#16789 = VECTOR('',#16790,1.);
#16790 = DIRECTION('',(-1.,0.));
#16791 = ( GEOMETRIC_REPRESENTATION_CONTEXT(2) 
PARAMETRIC_REPRESENTATION_CONTEXT() REPRESENTATION_CONTEXT('2D SPACE',''
  ) );
#16792 = PCURVE('',#16065,#16793);
#16793 = DEFINITIONAL_REPRESENTATION('',(#16794),#16798);
#16794 = LINE('',#16795,#16796);
#16795 = CARTESIAN_POINT('',(5.,-68.));
#16796 = VECTOR('',#16797,1.);
#16797 = DIRECTION('',(-1.,0.));
#16798 = ( GEOMETRIC_REPRESENTATION_CONTEXT(2) 
PARAMETRIC_REPRESENTATION_CONTEXT() REPRESENTATION_CONTEXT('2D SPACE',''
  ) );
#16799 = ORIENTED_EDGE('',*,*,#16800,.T.);
#16800 = EDGE_CURVE('',#16778,#7758,#16801,.T.);
#16801 = SURFACE_CURVE('',#16802,(#16806,#16813),.PCURVE_S1.);
#16802 = LINE('',#16803,#16804);
#16803 = CARTESIAN_POINT('',(130.9,91.041630560343,-105.2132034355));
#16804 = VECTOR('',#16805,1.);
#16805 = DIRECTION('',(1.,0.,0.));
#16806 = PCURVE('',#7773,#16807);
#16807 = DEFINITIONAL_REPRESENTATION('',(#16808),#16812);
#16808 = LINE('',#16809,#16810);
#16809 = CARTESIAN_POINT('',(0.,0.));
#16810 = VECTOR('',#16811,1.);
#16811 = DIRECTION('',(0.,-1.));
#16812 = ( GEOMETRIC_REPRESENTATION_CONTEXT(2) 
PARAMETRIC_REPRESENTATION_CONTEXT() REPRESENTATION_CONTEXT('2D SPACE',''
  ) );
#16813 = PCURVE('',#7801,#16814);
#16814 = DEFINITIONAL_REPRESENTATION('',(#16815),#16819);
#16815 = LINE('',#16816,#16817);
#16816 = CARTESIAN_POINT('',(16.,0.));
#16817 = VECTOR('',#16818,1.);
#16818 = DIRECTION('',(0.,-1.));
#16819 = ( GEOMETRIC_REPRESENTATION_CONTEXT(2) 
PARAMETRIC_REPRESENTATION_CONTEXT() REPRESENTATION_CONTEXT('2D SPACE',''
  ) );
#16820 = ORIENTED_EDGE('',*,*,#7755,.F.);
#16821 = ORIENTED_EDGE('',*,*,#16822,.F.);
#16822 = EDGE_CURVE('',#16776,#7756,#16823,.T.);
#16823 = SURFACE_CURVE('',#16824,(#16828,#16835),.PCURVE_S1.);
#16824 = LINE('',#16825,#16826);
#16825 = CARTESIAN_POINT('',(130.9,82.556349186104,-96.72792206135));
#16826 = VECTOR('',#16827,1.);
#16827 = DIRECTION('',(1.,0.,0.));
#16828 = PCURVE('',#7773,#16829);
#16829 = DEFINITIONAL_REPRESENTATION('',(#16830),#16834);
#16830 = LINE('',#16831,#16832);
#16831 = CARTESIAN_POINT('',(12.,0.));
#16832 = VECTOR('',#16833,1.);
#16833 = DIRECTION('',(0.,-1.));
#16834 = ( GEOMETRIC_REPRESENTATION_CONTEXT(2) 
PARAMETRIC_REPRESENTATION_CONTEXT() REPRESENTATION_CONTEXT('2D SPACE',''
  ) );
#16835 = PCURVE('',#7911,#16836);
#16836 = DEFINITIONAL_REPRESENTATION('',(#16837),#16841);
#16837 = LINE('',#16838,#16839);
#16838 = CARTESIAN_POINT('',(0.,0.));
#16839 = VECTOR('',#16840,1.);
#16840 = DIRECTION('',(0.,-1.));
#16841 = ( GEOMETRIC_REPRESENTATION_CONTEXT(2) 
PARAMETRIC_REPRESENTATION_CONTEXT() REPRESENTATION_CONTEXT('2D SPACE',''
  ) );
#16842 = ADVANCED_FACE('',(#16843),#7911,.T.);
#16843 = FACE_BOUND('',#16844,.T.);
#16844 = EDGE_LOOP('',(#16845,#16868,#16869,#16870,#16893));
#16845 = ORIENTED_EDGE('',*,*,#16846,.T.);
#16846 = EDGE_CURVE('',#16847,#16776,#16849,.T.);
#16847 = VERTEX_POINT('',#16848);
#16848 = CARTESIAN_POINT('',(135.,75.485281374239,-96.72792206135));
#16849 = SURFACE_CURVE('',#16850,(#16854,#16861),.PCURVE_S1.);
#16850 = LINE('',#16851,#16852);
#16851 = CARTESIAN_POINT('',(135.,66.292893218813,-96.72792206135));
#16852 = VECTOR('',#16853,1.);
#16853 = DIRECTION('',(0.,1.,-1.110223024625E-16));
#16854 = PCURVE('',#7911,#16855);
#16855 = DEFINITIONAL_REPRESENTATION('',(#16856),#16860);
#16856 = LINE('',#16857,#16858);
#16857 = CARTESIAN_POINT('',(16.263455967291,-4.1));
#16858 = VECTOR('',#16859,1.);
#16859 = DIRECTION('',(-1.,-0.));
#16860 = ( GEOMETRIC_REPRESENTATION_CONTEXT(2) 
PARAMETRIC_REPRESENTATION_CONTEXT() REPRESENTATION_CONTEXT('2D SPACE',''
  ) );
#16861 = PCURVE('',#16065,#16862);
#16862 = DEFINITIONAL_REPRESENTATION('',(#16863),#16867);
#16863 = LINE('',#16864,#16865);
#16864 = CARTESIAN_POINT('',(33.5,-56.5));
#16865 = VECTOR('',#16866,1.);
#16866 = DIRECTION('',(-0.707106781187,-0.707106781187));
#16867 = ( GEOMETRIC_REPRESENTATION_CONTEXT(2) 
PARAMETRIC_REPRESENTATION_CONTEXT() REPRESENTATION_CONTEXT('2D SPACE',''
  ) );
#16868 = ORIENTED_EDGE('',*,*,#16822,.T.);
#16869 = ORIENTED_EDGE('',*,*,#7897,.F.);
#16870 = ORIENTED_EDGE('',*,*,#16871,.F.);
#16871 = EDGE_CURVE('',#16872,#7870,#16874,.T.);
#16872 = VERTEX_POINT('',#16873);
#16873 = CARTESIAN_POINT('',(134.,74.071067811865,-96.72792206135));
#16874 = SURFACE_CURVE('',#16875,(#16879,#16886),.PCURVE_S1.);
#16875 = LINE('',#16876,#16877);
#16876 = CARTESIAN_POINT('',(130.9,74.071067811865,-96.72792206135));
#16877 = VECTOR('',#16878,1.);
#16878 = DIRECTION('',(1.,0.,0.));
#16879 = PCURVE('',#7911,#16880);
#16880 = DEFINITIONAL_REPRESENTATION('',(#16881),#16885);
#16881 = LINE('',#16882,#16883);
#16882 = CARTESIAN_POINT('',(8.485281374239,0.));
#16883 = VECTOR('',#16884,1.);
#16884 = DIRECTION('',(0.,-1.));
#16885 = ( GEOMETRIC_REPRESENTATION_CONTEXT(2) 
PARAMETRIC_REPRESENTATION_CONTEXT() REPRESENTATION_CONTEXT('2D SPACE',''
  ) );
#16886 = PCURVE('',#7885,#16887);
#16887 = DEFINITIONAL_REPRESENTATION('',(#16888),#16892);
#16888 = LINE('',#16889,#16890);
#16889 = CARTESIAN_POINT('',(0.,0.));
#16890 = VECTOR('',#16891,1.);
#16891 = DIRECTION('',(0.,-1.));
#16892 = ( GEOMETRIC_REPRESENTATION_CONTEXT(2) 
PARAMETRIC_REPRESENTATION_CONTEXT() REPRESENTATION_CONTEXT('2D SPACE',''
  ) );
#16893 = ORIENTED_EDGE('',*,*,#16894,.F.);
#16894 = EDGE_CURVE('',#16847,#16872,#16895,.T.);
#16895 = SURFACE_CURVE('',#16896,(#16900,#16907),.PCURVE_S1.);
#16896 = LINE('',#16897,#16898);
#16897 = CARTESIAN_POINT('',(147.48333333333,93.139380677863,
    -96.72792206135));
#16898 = VECTOR('',#16899,1.);
#16899 = DIRECTION('',(-0.57735026919,-0.816496580928,5.551115123126E-17
    ));
#16900 = PCURVE('',#7911,#16901);
#16901 = DEFINITIONAL_REPRESENTATION('',(#16902),#16906);
#16902 = LINE('',#16903,#16904);
#16903 = CARTESIAN_POINT('',(-10.58303149175,-16.58333333333));
#16904 = VECTOR('',#16905,1.);
#16905 = DIRECTION('',(0.816496580928,0.57735026919));
#16906 = ( GEOMETRIC_REPRESENTATION_CONTEXT(2) 
PARAMETRIC_REPRESENTATION_CONTEXT() REPRESENTATION_CONTEXT('2D SPACE',''
  ) );
#16907 = PCURVE('',#14688,#16908);
#16908 = DEFINITIONAL_REPRESENTATION('',(#16909),#16913);
#16909 = LINE('',#16910,#16911);
#16910 = CARTESIAN_POINT('',(17.654099303624,-56.51666666666));
#16911 = VECTOR('',#16912,1.);
#16912 = DIRECTION('',(-0.816496580928,-0.57735026919));
#16913 = ( GEOMETRIC_REPRESENTATION_CONTEXT(2) 
PARAMETRIC_REPRESENTATION_CONTEXT() REPRESENTATION_CONTEXT('2D SPACE',''
  ) );
#16914 = ADVANCED_FACE('',(#16915),#7801,.T.);
#16915 = FACE_BOUND('',#16916,.T.);
#16916 = EDGE_LOOP('',(#16917,#16940,#16961,#16962));
#16917 = ORIENTED_EDGE('',*,*,#16918,.T.);
#16918 = EDGE_CURVE('',#16778,#16919,#16921,.T.);
#16919 = VERTEX_POINT('',#16920);
#16920 = CARTESIAN_POINT('',(135.,79.727922061358,-116.5269119345));
#16921 = SURFACE_CURVE('',#16922,(#16926,#16933),.PCURVE_S1.);
#16922 = LINE('',#16923,#16924);
#16923 = CARTESIAN_POINT('',(135.,61.343145750508,-134.9116882454));
#16924 = VECTOR('',#16925,1.);
#16925 = DIRECTION('',(0.,-0.707106781187,-0.707106781187));
#16926 = PCURVE('',#7801,#16927);
#16927 = DEFINITIONAL_REPRESENTATION('',(#16928),#16932);
#16928 = LINE('',#16929,#16930);
#16929 = CARTESIAN_POINT('',(-26.,-4.1));
#16930 = VECTOR('',#16931,1.);
#16931 = DIRECTION('',(-1.,-0.));
#16932 = ( GEOMETRIC_REPRESENTATION_CONTEXT(2) 
PARAMETRIC_REPRESENTATION_CONTEXT() REPRESENTATION_CONTEXT('2D SPACE',''
  ) );
#16933 = PCURVE('',#16065,#16934);
#16934 = DEFINITIONAL_REPRESENTATION('',(#16935),#16939);
#16935 = LINE('',#16936,#16937);
#16936 = CARTESIAN_POINT('',(10.,-26.));
#16937 = VECTOR('',#16938,1.);
#16938 = DIRECTION('',(0.,1.));
#16939 = ( GEOMETRIC_REPRESENTATION_CONTEXT(2) 
PARAMETRIC_REPRESENTATION_CONTEXT() REPRESENTATION_CONTEXT('2D SPACE',''
  ) );
#16940 = ORIENTED_EDGE('',*,*,#16941,.T.);
#16941 = EDGE_CURVE('',#16919,#7786,#16942,.T.);
#16942 = SURFACE_CURVE('',#16943,(#16947,#16954),.PCURVE_S1.);
#16943 = LINE('',#16944,#16945);
#16944 = CARTESIAN_POINT('',(130.9,79.727922061358,-116.5269119345));
#16945 = VECTOR('',#16946,1.);
#16946 = DIRECTION('',(1.,0.,0.));
#16947 = PCURVE('',#7801,#16948);
#16948 = DEFINITIONAL_REPRESENTATION('',(#16949),#16953);
#16949 = LINE('',#16950,#16951);
#16950 = CARTESIAN_POINT('',(0.,0.));
#16951 = VECTOR('',#16952,1.);
#16952 = DIRECTION('',(0.,-1.));
#16953 = ( GEOMETRIC_REPRESENTATION_CONTEXT(2) 
PARAMETRIC_REPRESENTATION_CONTEXT() REPRESENTATION_CONTEXT('2D SPACE',''
  ) );
#16954 = PCURVE('',#7829,#16955);
#16955 = DEFINITIONAL_REPRESENTATION('',(#16956),#16960);
#16956 = LINE('',#16957,#16958);
#16957 = CARTESIAN_POINT('',(12.,0.));
#16958 = VECTOR('',#16959,1.);
#16959 = DIRECTION('',(0.,-1.));
#16960 = ( GEOMETRIC_REPRESENTATION_CONTEXT(2) 
PARAMETRIC_REPRESENTATION_CONTEXT() REPRESENTATION_CONTEXT('2D SPACE',''
  ) );
#16961 = ORIENTED_EDGE('',*,*,#7785,.F.);
#16962 = ORIENTED_EDGE('',*,*,#16800,.F.);
#16963 = ADVANCED_FACE('',(#16964),#7885,.T.);
#16964 = FACE_BOUND('',#16965,.T.);
#16965 = EDGE_LOOP('',(#16966,#16989,#16990,#16991));
#16966 = ORIENTED_EDGE('',*,*,#16967,.F.);
#16967 = EDGE_CURVE('',#16872,#16968,#16970,.T.);
#16968 = VERTEX_POINT('',#16969);
#16969 = CARTESIAN_POINT('',(134.,71.242640687119,-99.5563491861));
#16970 = SURFACE_CURVE('',#16971,(#16975,#16982),.PCURVE_S1.);
#16971 = LINE('',#16972,#16973);
#16972 = CARTESIAN_POINT('',(134.,98.819805153395,-71.97918471982));
#16973 = VECTOR('',#16974,1.);
#16974 = DIRECTION('',(0.,-0.707106781187,-0.707106781187));
#16975 = PCURVE('',#7885,#16976);
#16976 = DEFINITIONAL_REPRESENTATION('',(#16977),#16981);
#16977 = LINE('',#16978,#16979);
#16978 = CARTESIAN_POINT('',(-35.,-3.1));
#16979 = VECTOR('',#16980,1.);
#16980 = DIRECTION('',(1.,0.));
#16981 = ( GEOMETRIC_REPRESENTATION_CONTEXT(2) 
PARAMETRIC_REPRESENTATION_CONTEXT() REPRESENTATION_CONTEXT('2D SPACE',''
  ) );
#16982 = PCURVE('',#14688,#16983);
#16983 = DEFINITIONAL_REPRESENTATION('',(#16984),#16988);
#16984 = LINE('',#16985,#16986);
#16985 = CARTESIAN_POINT('',(-1.414213562373,-35.));
#16986 = VECTOR('',#16987,1.);
#16987 = DIRECTION('',(-0.,-1.));
#16988 = ( GEOMETRIC_REPRESENTATION_CONTEXT(2) 
PARAMETRIC_REPRESENTATION_CONTEXT() REPRESENTATION_CONTEXT('2D SPACE',''
  ) );
#16989 = ORIENTED_EDGE('',*,*,#16871,.T.);
#16990 = ORIENTED_EDGE('',*,*,#7869,.F.);
#16991 = ORIENTED_EDGE('',*,*,#16992,.F.);
#16992 = EDGE_CURVE('',#16968,#7842,#16993,.T.);
#16993 = SURFACE_CURVE('',#16994,(#16998,#17005),.PCURVE_S1.);
#16994 = LINE('',#16995,#16996);
#16995 = CARTESIAN_POINT('',(130.9,71.242640687119,-99.5563491861));
#16996 = VECTOR('',#16997,1.);
#16997 = DIRECTION('',(1.,0.,0.));
#16998 = PCURVE('',#7885,#16999);
#16999 = DEFINITIONAL_REPRESENTATION('',(#17000),#17004);
#17000 = LINE('',#17001,#17002);
#17001 = CARTESIAN_POINT('',(4.,0.));
#17002 = VECTOR('',#17003,1.);
#17003 = DIRECTION('',(0.,-1.));
#17004 = ( GEOMETRIC_REPRESENTATION_CONTEXT(2) 
PARAMETRIC_REPRESENTATION_CONTEXT() REPRESENTATION_CONTEXT('2D SPACE',''
  ) );
#17005 = PCURVE('',#7857,#17006);
#17006 = DEFINITIONAL_REPRESENTATION('',(#17007),#17011);
#17007 = LINE('',#17008,#17009);
#17008 = CARTESIAN_POINT('',(0.,0.));
#17009 = VECTOR('',#17010,1.);
#17010 = DIRECTION('',(0.,-1.));
#17011 = ( GEOMETRIC_REPRESENTATION_CONTEXT(2) 
PARAMETRIC_REPRESENTATION_CONTEXT() REPRESENTATION_CONTEXT('2D SPACE',''
  ) );
#17012 = ADVANCED_FACE('',(#17013),#7829,.T.);
#17013 = FACE_BOUND('',#17014,.T.);
#17014 = EDGE_LOOP('',(#17015,#17038,#17059,#17060));
#17015 = ORIENTED_EDGE('',*,*,#17016,.T.);
#17016 = EDGE_CURVE('',#16919,#17017,#17019,.T.);
#17017 = VERTEX_POINT('',#17018);
#17018 = CARTESIAN_POINT('',(135.,71.242640687119,-108.0416305603));
#17019 = SURFACE_CURVE('',#17020,(#17024,#17031),.PCURVE_S1.);
#17020 = LINE('',#17021,#17022);
#17021 = CARTESIAN_POINT('',(135.,79.020815280171,-115.8198051533));
#17022 = VECTOR('',#17023,1.);
#17023 = DIRECTION('',(0.,-0.707106781187,0.707106781187));
#17024 = PCURVE('',#7829,#17025);
#17025 = DEFINITIONAL_REPRESENTATION('',(#17026),#17030);
#17026 = LINE('',#17027,#17028);
#17027 = CARTESIAN_POINT('',(11.,-4.1));
#17028 = VECTOR('',#17029,1.);
#17029 = DIRECTION('',(-1.,0.));
#17030 = ( GEOMETRIC_REPRESENTATION_CONTEXT(2) 
PARAMETRIC_REPRESENTATION_CONTEXT() REPRESENTATION_CONTEXT('2D SPACE',''
  ) );
#17031 = PCURVE('',#16065,#17032);
#17032 = DEFINITIONAL_REPRESENTATION('',(#17033),#17037);
#17033 = LINE('',#17034,#17035);
#17034 = CARTESIAN_POINT('',(11.,-52.));
#17035 = VECTOR('',#17036,1.);
#17036 = DIRECTION('',(1.,0.));
#17037 = ( GEOMETRIC_REPRESENTATION_CONTEXT(2) 
PARAMETRIC_REPRESENTATION_CONTEXT() REPRESENTATION_CONTEXT('2D SPACE',''
  ) );
#17038 = ORIENTED_EDGE('',*,*,#17039,.T.);
#17039 = EDGE_CURVE('',#17017,#7814,#17040,.T.);
#17040 = SURFACE_CURVE('',#17041,(#17045,#17052),.PCURVE_S1.);
#17041 = LINE('',#17042,#17043);
#17042 = CARTESIAN_POINT('',(130.9,71.242640687119,-108.0416305603));
#17043 = VECTOR('',#17044,1.);
#17044 = DIRECTION('',(1.,0.,0.));
#17045 = PCURVE('',#7829,#17046);
#17046 = DEFINITIONAL_REPRESENTATION('',(#17047),#17051);
#17047 = LINE('',#17048,#17049);
#17048 = CARTESIAN_POINT('',(0.,0.));
#17049 = VECTOR('',#17050,1.);
#17050 = DIRECTION('',(0.,-1.));
#17051 = ( GEOMETRIC_REPRESENTATION_CONTEXT(2) 
PARAMETRIC_REPRESENTATION_CONTEXT() REPRESENTATION_CONTEXT('2D SPACE',''
  ) );
#17052 = PCURVE('',#7857,#17053);
#17053 = DEFINITIONAL_REPRESENTATION('',(#17054),#17058);
#17054 = LINE('',#17055,#17056);
#17055 = CARTESIAN_POINT('',(8.485281374239,0.));
#17056 = VECTOR('',#17057,1.);
#17057 = DIRECTION('',(0.,-1.));
#17058 = ( GEOMETRIC_REPRESENTATION_CONTEXT(2) 
PARAMETRIC_REPRESENTATION_CONTEXT() REPRESENTATION_CONTEXT('2D SPACE',''
  ) );
#17059 = ORIENTED_EDGE('',*,*,#7813,.F.);
#17060 = ORIENTED_EDGE('',*,*,#16941,.F.);
#17061 = ADVANCED_FACE('',(#17062),#7857,.T.);
#17062 = FACE_BOUND('',#17063,.T.);
#17063 = EDGE_LOOP('',(#17064,#17087,#17088,#17089,#17090));
#17064 = ORIENTED_EDGE('',*,*,#17065,.F.);
#17065 = EDGE_CURVE('',#16968,#17066,#17068,.T.);
#17066 = VERTEX_POINT('',#17067);
#17067 = CARTESIAN_POINT('',(135.,71.242640687119,-100.9705627484));
#17068 = SURFACE_CURVE('',#17069,(#17073,#17080),.PCURVE_S1.);
#17069 = LINE('',#17070,#17071);
#17070 = CARTESIAN_POINT('',(121.48333333333,71.242640687119,
    -81.8551094304));
#17071 = VECTOR('',#17072,1.);
#17072 = DIRECTION('',(0.57735026919,-5.551115123126E-17,-0.816496580928
    ));
#17073 = PCURVE('',#7857,#17074);
#17074 = DEFINITIONAL_REPRESENTATION('',(#17075),#17079);
#17075 = LINE('',#17076,#17077);
#17076 = CARTESIAN_POINT('',(-17.7012397557,9.416666666667));
#17077 = VECTOR('',#17078,1.);
#17078 = DIRECTION('',(0.816496580928,-0.57735026919));
#17079 = ( GEOMETRIC_REPRESENTATION_CONTEXT(2) 
PARAMETRIC_REPRESENTATION_CONTEXT() REPRESENTATION_CONTEXT('2D SPACE',''
  ) );
#17080 = PCURVE('',#14688,#17081);
#17081 = DEFINITIONAL_REPRESENTATION('',(#17082),#17086);
#17082 = LINE('',#17083,#17084);
#17083 = CARTESIAN_POINT('',(-19.11545331807,-61.48333333333));
#17084 = VECTOR('',#17085,1.);
#17085 = DIRECTION('',(0.816496580928,-0.57735026919));
#17086 = ( GEOMETRIC_REPRESENTATION_CONTEXT(2) 
PARAMETRIC_REPRESENTATION_CONTEXT() REPRESENTATION_CONTEXT('2D SPACE',''
  ) );
#17087 = ORIENTED_EDGE('',*,*,#16992,.T.);
#17088 = ORIENTED_EDGE('',*,*,#7841,.F.);
#17089 = ORIENTED_EDGE('',*,*,#17039,.F.);
#17090 = ORIENTED_EDGE('',*,*,#17091,.T.);
#17091 = EDGE_CURVE('',#17017,#17066,#17092,.T.);
#17092 = SURFACE_CURVE('',#17093,(#17097,#17104),.PCURVE_S1.);
#17093 = LINE('',#17094,#17095);
#17094 = CARTESIAN_POINT('',(135.,71.242640687119,-129.9619407771));
#17095 = VECTOR('',#17096,1.);
#17096 = DIRECTION('',(0.,1.110223024625E-16,1.));
#17097 = PCURVE('',#7857,#17098);
#17098 = DEFINITIONAL_REPRESENTATION('',(#17099),#17103);
#17099 = LINE('',#17100,#17101);
#17100 = CARTESIAN_POINT('',(30.405591591022,-4.1));
#17101 = VECTOR('',#17102,1.);
#17102 = DIRECTION('',(-1.,0.));
#17103 = ( GEOMETRIC_REPRESENTATION_CONTEXT(2) 
PARAMETRIC_REPRESENTATION_CONTEXT() REPRESENTATION_CONTEXT('2D SPACE',''
  ) );
#17104 = PCURVE('',#16065,#17105);
#17105 = DEFINITIONAL_REPRESENTATION('',(#17106),#17110);
#17106 = LINE('',#17107,#17108);
#17107 = CARTESIAN_POINT('',(6.5,-36.5));
#17108 = VECTOR('',#17109,1.);
#17109 = DIRECTION('',(0.707106781187,-0.707106781187));
#17110 = ( GEOMETRIC_REPRESENTATION_CONTEXT(2) 
PARAMETRIC_REPRESENTATION_CONTEXT() REPRESENTATION_CONTEXT('2D SPACE',''
  ) );
#17111 = ADVANCED_FACE('',(#17112),#7943,.T.);
#17112 = FACE_BOUND('',#17113,.T.);
#17113 = EDGE_LOOP('',(#17114,#17139,#17160,#17161));
#17114 = ORIENTED_EDGE('',*,*,#17115,.T.);
#17115 = EDGE_CURVE('',#17116,#17118,#17120,.T.);
#17116 = VERTEX_POINT('',#17117);
#17117 = CARTESIAN_POINT('',(135.,68.414213562373,-110.870057685));
#17118 = VERTEX_POINT('',#17119);
#17119 = CARTESIAN_POINT('',(135.,76.899494936612,-119.3553390593));
#17120 = SURFACE_CURVE('',#17121,(#17125,#17132),.PCURVE_S1.);
#17121 = LINE('',#17122,#17123);
#17122 = CARTESIAN_POINT('',(135.,80.435028842544,-122.8908729652));
#17123 = VECTOR('',#17124,1.);
#17124 = DIRECTION('',(0.,0.707106781187,-0.707106781187));
#17125 = PCURVE('',#7943,#17126);
#17126 = DEFINITIONAL_REPRESENTATION('',(#17127),#17131);
#17127 = LINE('',#17128,#17129);
#17128 = CARTESIAN_POINT('',(-5.,-4.1));
#17129 = VECTOR('',#17130,1.);
#17130 = DIRECTION('',(-1.,0.));
#17131 = ( GEOMETRIC_REPRESENTATION_CONTEXT(2) 
PARAMETRIC_REPRESENTATION_CONTEXT() REPRESENTATION_CONTEXT('2D SPACE',''
  ) );
#17132 = PCURVE('',#16065,#17133);
#17133 = DEFINITIONAL_REPRESENTATION('',(#17134),#17138);
#17134 = LINE('',#17135,#17136);
#17135 = CARTESIAN_POINT('',(5.,-48.));
#17136 = VECTOR('',#17137,1.);
#17137 = DIRECTION('',(-1.,0.));
#17138 = ( GEOMETRIC_REPRESENTATION_CONTEXT(2) 
PARAMETRIC_REPRESENTATION_CONTEXT() REPRESENTATION_CONTEXT('2D SPACE',''
  ) );
#17139 = ORIENTED_EDGE('',*,*,#17140,.T.);
#17140 = EDGE_CURVE('',#17118,#7928,#17141,.T.);
#17141 = SURFACE_CURVE('',#17142,(#17146,#17153),.PCURVE_S1.);
#17142 = LINE('',#17143,#17144);
#17143 = CARTESIAN_POINT('',(130.9,76.899494936612,-119.3553390593));
#17144 = VECTOR('',#17145,1.);
#17145 = DIRECTION('',(1.,0.,0.));
#17146 = PCURVE('',#7943,#17147);
#17147 = DEFINITIONAL_REPRESENTATION('',(#17148),#17152);
#17148 = LINE('',#17149,#17150);
#17149 = CARTESIAN_POINT('',(0.,0.));
#17150 = VECTOR('',#17151,1.);
#17151 = DIRECTION('',(0.,-1.));
#17152 = ( GEOMETRIC_REPRESENTATION_CONTEXT(2) 
PARAMETRIC_REPRESENTATION_CONTEXT() REPRESENTATION_CONTEXT('2D SPACE',''
  ) );
#17153 = PCURVE('',#7971,#17154);
#17154 = DEFINITIONAL_REPRESENTATION('',(#17155),#17159);
#17155 = LINE('',#17156,#17157);
#17156 = CARTESIAN_POINT('',(16.,0.));
#17157 = VECTOR('',#17158,1.);
#17158 = DIRECTION('',(0.,-1.));
#17159 = ( GEOMETRIC_REPRESENTATION_CONTEXT(2) 
PARAMETRIC_REPRESENTATION_CONTEXT() REPRESENTATION_CONTEXT('2D SPACE',''
  ) );
#17160 = ORIENTED_EDGE('',*,*,#7925,.F.);
#17161 = ORIENTED_EDGE('',*,*,#17162,.F.);
#17162 = EDGE_CURVE('',#17116,#7926,#17163,.T.);
#17163 = SURFACE_CURVE('',#17164,(#17168,#17175),.PCURVE_S1.);
#17164 = LINE('',#17165,#17166);
#17165 = CARTESIAN_POINT('',(130.9,68.414213562373,-110.870057685));
#17166 = VECTOR('',#17167,1.);
#17167 = DIRECTION('',(1.,0.,0.));
#17168 = PCURVE('',#7943,#17169);
#17169 = DEFINITIONAL_REPRESENTATION('',(#17170),#17174);
#17170 = LINE('',#17171,#17172);
#17171 = CARTESIAN_POINT('',(12.,0.));
#17172 = VECTOR('',#17173,1.);
#17173 = DIRECTION('',(0.,-1.));
#17174 = ( GEOMETRIC_REPRESENTATION_CONTEXT(2) 
PARAMETRIC_REPRESENTATION_CONTEXT() REPRESENTATION_CONTEXT('2D SPACE',''
  ) );
#17175 = PCURVE('',#8081,#17176);
#17176 = DEFINITIONAL_REPRESENTATION('',(#17177),#17181);
#17177 = LINE('',#17178,#17179);
#17178 = CARTESIAN_POINT('',(0.,0.));
#17179 = VECTOR('',#17180,1.);
#17180 = DIRECTION('',(0.,-1.));
#17181 = ( GEOMETRIC_REPRESENTATION_CONTEXT(2) 
PARAMETRIC_REPRESENTATION_CONTEXT() REPRESENTATION_CONTEXT('2D SPACE',''
  ) );
#17182 = ADVANCED_FACE('',(#17183),#8081,.T.);
#17183 = FACE_BOUND('',#17184,.T.);
#17184 = EDGE_LOOP('',(#17185,#17208,#17209,#17210,#17233));
#17185 = ORIENTED_EDGE('',*,*,#17186,.T.);
#17186 = EDGE_CURVE('',#17187,#17116,#17189,.T.);
#17187 = VERTEX_POINT('',#17188);
#17188 = CARTESIAN_POINT('',(135.,61.343145750508,-110.870057685));
#17189 = SURFACE_CURVE('',#17190,(#17194,#17201),.PCURVE_S1.);
#17190 = LINE('',#17191,#17192);
#17191 = CARTESIAN_POINT('',(135.,59.221825406948,-110.870057685));
#17192 = VECTOR('',#17193,1.);
#17193 = DIRECTION('',(0.,1.,-1.110223024625E-16));
#17194 = PCURVE('',#8081,#17195);
#17195 = DEFINITIONAL_REPRESENTATION('',(#17196),#17200);
#17196 = LINE('',#17197,#17198);
#17197 = CARTESIAN_POINT('',(9.192388155425,-4.1));
#17198 = VECTOR('',#17199,1.);
#17199 = DIRECTION('',(-1.,-0.));
#17200 = ( GEOMETRIC_REPRESENTATION_CONTEXT(2) 
PARAMETRIC_REPRESENTATION_CONTEXT() REPRESENTATION_CONTEXT('2D SPACE',''
  ) );
#17201 = PCURVE('',#16065,#17202);
#17202 = DEFINITIONAL_REPRESENTATION('',(#17203),#17207);
#17203 = LINE('',#17204,#17205);
#17204 = CARTESIAN_POINT('',(28.5,-41.5));
#17205 = VECTOR('',#17206,1.);
#17206 = DIRECTION('',(-0.707106781187,-0.707106781187));
#17207 = ( GEOMETRIC_REPRESENTATION_CONTEXT(2) 
PARAMETRIC_REPRESENTATION_CONTEXT() REPRESENTATION_CONTEXT('2D SPACE',''
  ) );
#17208 = ORIENTED_EDGE('',*,*,#17162,.T.);
#17209 = ORIENTED_EDGE('',*,*,#8067,.F.);
#17210 = ORIENTED_EDGE('',*,*,#17211,.F.);
#17211 = EDGE_CURVE('',#17212,#8040,#17214,.T.);
#17212 = VERTEX_POINT('',#17213);
#17213 = CARTESIAN_POINT('',(134.,59.928932188135,-110.870057685));
#17214 = SURFACE_CURVE('',#17215,(#17219,#17226),.PCURVE_S1.);
#17215 = LINE('',#17216,#17217);
#17216 = CARTESIAN_POINT('',(130.9,59.928932188135,-110.870057685));
#17217 = VECTOR('',#17218,1.);
#17218 = DIRECTION('',(1.,0.,0.));
#17219 = PCURVE('',#8081,#17220);
#17220 = DEFINITIONAL_REPRESENTATION('',(#17221),#17225);
#17221 = LINE('',#17222,#17223);
#17222 = CARTESIAN_POINT('',(8.485281374239,0.));
#17223 = VECTOR('',#17224,1.);
#17224 = DIRECTION('',(0.,-1.));
#17225 = ( GEOMETRIC_REPRESENTATION_CONTEXT(2) 
PARAMETRIC_REPRESENTATION_CONTEXT() REPRESENTATION_CONTEXT('2D SPACE',''
  ) );
#17226 = PCURVE('',#8055,#17227);
#17227 = DEFINITIONAL_REPRESENTATION('',(#17228),#17232);
#17228 = LINE('',#17229,#17230);
#17229 = CARTESIAN_POINT('',(0.,0.));
#17230 = VECTOR('',#17231,1.);
#17231 = DIRECTION('',(0.,-1.));
#17232 = ( GEOMETRIC_REPRESENTATION_CONTEXT(2) 
PARAMETRIC_REPRESENTATION_CONTEXT() REPRESENTATION_CONTEXT('2D SPACE',''
  ) );
#17233 = ORIENTED_EDGE('',*,*,#17234,.F.);
#17234 = EDGE_CURVE('',#17187,#17212,#17235,.T.);
#17235 = SURFACE_CURVE('',#17236,(#17240,#17247),.PCURVE_S1.);
#17236 = LINE('',#17237,#17238);
#17237 = CARTESIAN_POINT('',(150.81666666666,83.711290262042,
    -110.870057685));
#17238 = VECTOR('',#17239,1.);
#17239 = DIRECTION('',(-0.57735026919,-0.816496580928,5.551115123126E-17
    ));
#17240 = PCURVE('',#8081,#17241);
#17241 = DEFINITIONAL_REPRESENTATION('',(#17242),#17246);
#17242 = LINE('',#17243,#17244);
#17243 = CARTESIAN_POINT('',(-15.29707669966,-19.91666666666));
#17244 = VECTOR('',#17245,1.);
#17245 = DIRECTION('',(0.816496580928,0.57735026919));
#17246 = ( GEOMETRIC_REPRESENTATION_CONTEXT(2) 
PARAMETRIC_REPRESENTATION_CONTEXT() REPRESENTATION_CONTEXT('2D SPACE',''
  ) );
#17247 = PCURVE('',#14688,#17248);
#17248 = DEFINITIONAL_REPRESENTATION('',(#17249),#17253);
#17249 = LINE('',#17250,#17251);
#17250 = CARTESIAN_POINT('',(22.368144511534,-73.18333333333));
#17251 = VECTOR('',#17252,1.);
#17252 = DIRECTION('',(-0.816496580928,-0.57735026919));
#17253 = ( GEOMETRIC_REPRESENTATION_CONTEXT(2) 
PARAMETRIC_REPRESENTATION_CONTEXT() REPRESENTATION_CONTEXT('2D SPACE',''
  ) );
#17254 = ADVANCED_FACE('',(#17255),#7971,.T.);
#17255 = FACE_BOUND('',#17256,.T.);
#17256 = EDGE_LOOP('',(#17257,#17280,#17301,#17302));
#17257 = ORIENTED_EDGE('',*,*,#17258,.T.);
#17258 = EDGE_CURVE('',#17118,#17259,#17261,.T.);
#17259 = VERTEX_POINT('',#17260);
#17260 = CARTESIAN_POINT('',(135.,65.585786437627,-130.6690475583));
#17261 = SURFACE_CURVE('',#17262,(#17266,#17273),.PCURVE_S1.);
#17262 = LINE('',#17263,#17264);
#17263 = CARTESIAN_POINT('',(135.,54.272077938642,-141.9827560572));
#17264 = VECTOR('',#17265,1.);
#17265 = DIRECTION('',(0.,-0.707106781187,-0.707106781187));
#17266 = PCURVE('',#7971,#17267);
#17267 = DEFINITIONAL_REPRESENTATION('',(#17268),#17272);
#17268 = LINE('',#17269,#17270);
#17269 = CARTESIAN_POINT('',(-16.,-4.1));
#17270 = VECTOR('',#17271,1.);
#17271 = DIRECTION('',(-1.,-0.));
#17272 = ( GEOMETRIC_REPRESENTATION_CONTEXT(2) 
PARAMETRIC_REPRESENTATION_CONTEXT() REPRESENTATION_CONTEXT('2D SPACE',''
  ) );
#17273 = PCURVE('',#16065,#17274);
#17274 = DEFINITIONAL_REPRESENTATION('',(#17275),#17279);
#17275 = LINE('',#17276,#17277);
#17276 = CARTESIAN_POINT('',(10.,-16.));
#17277 = VECTOR('',#17278,1.);
#17278 = DIRECTION('',(0.,1.));
#17279 = ( GEOMETRIC_REPRESENTATION_CONTEXT(2) 
PARAMETRIC_REPRESENTATION_CONTEXT() REPRESENTATION_CONTEXT('2D SPACE',''
  ) );
#17280 = ORIENTED_EDGE('',*,*,#17281,.T.);
#17281 = EDGE_CURVE('',#17259,#7956,#17282,.T.);
#17282 = SURFACE_CURVE('',#17283,(#17287,#17294),.PCURVE_S1.);
#17283 = LINE('',#17284,#17285);
#17284 = CARTESIAN_POINT('',(130.9,65.585786437627,-130.6690475583));
#17285 = VECTOR('',#17286,1.);
#17286 = DIRECTION('',(1.,0.,0.));
#17287 = PCURVE('',#7971,#17288);
#17288 = DEFINITIONAL_REPRESENTATION('',(#17289),#17293);
#17289 = LINE('',#17290,#17291);
#17290 = CARTESIAN_POINT('',(0.,0.));
#17291 = VECTOR('',#17292,1.);
#17292 = DIRECTION('',(0.,-1.));
#17293 = ( GEOMETRIC_REPRESENTATION_CONTEXT(2) 
PARAMETRIC_REPRESENTATION_CONTEXT() REPRESENTATION_CONTEXT('2D SPACE',''
  ) );
#17294 = PCURVE('',#7999,#17295);
#17295 = DEFINITIONAL_REPRESENTATION('',(#17296),#17300);
#17296 = LINE('',#17297,#17298);
#17297 = CARTESIAN_POINT('',(12.,0.));
#17298 = VECTOR('',#17299,1.);
#17299 = DIRECTION('',(0.,-1.));
#17300 = ( GEOMETRIC_REPRESENTATION_CONTEXT(2) 
PARAMETRIC_REPRESENTATION_CONTEXT() REPRESENTATION_CONTEXT('2D SPACE',''
  ) );
#17301 = ORIENTED_EDGE('',*,*,#7955,.F.);
#17302 = ORIENTED_EDGE('',*,*,#17140,.F.);
#17303 = ADVANCED_FACE('',(#17304),#8055,.T.);
#17304 = FACE_BOUND('',#17305,.T.);
#17305 = EDGE_LOOP('',(#17306,#17329,#17330,#17331));
#17306 = ORIENTED_EDGE('',*,*,#17307,.F.);
#17307 = EDGE_CURVE('',#17212,#17308,#17310,.T.);
#17308 = VERTEX_POINT('',#17309);
#17309 = CARTESIAN_POINT('',(134.,57.100505063388,-113.6984848098));
#17310 = SURFACE_CURVE('',#17311,(#17315,#17322),.PCURVE_S1.);
#17311 = LINE('',#17312,#17313);
#17312 = CARTESIAN_POINT('',(134.,91.748737341529,-79.05025253169));
#17313 = VECTOR('',#17314,1.);
#17314 = DIRECTION('',(0.,-0.707106781187,-0.707106781187));
#17315 = PCURVE('',#8055,#17316);
#17316 = DEFINITIONAL_REPRESENTATION('',(#17317),#17321);
#17317 = LINE('',#17318,#17319);
#17318 = CARTESIAN_POINT('',(-45.,-3.1));
#17319 = VECTOR('',#17320,1.);
#17320 = DIRECTION('',(1.,0.));
#17321 = ( GEOMETRIC_REPRESENTATION_CONTEXT(2) 
PARAMETRIC_REPRESENTATION_CONTEXT() REPRESENTATION_CONTEXT('2D SPACE',''
  ) );
#17322 = PCURVE('',#14688,#17323);
#17323 = DEFINITIONAL_REPRESENTATION('',(#17324),#17328);
#17324 = LINE('',#17325,#17326);
#17325 = CARTESIAN_POINT('',(-1.414213562373,-45.));
#17326 = VECTOR('',#17327,1.);
#17327 = DIRECTION('',(-0.,-1.));
#17328 = ( GEOMETRIC_REPRESENTATION_CONTEXT(2) 
PARAMETRIC_REPRESENTATION_CONTEXT() REPRESENTATION_CONTEXT('2D SPACE',''
  ) );
#17329 = ORIENTED_EDGE('',*,*,#17211,.T.);
#17330 = ORIENTED_EDGE('',*,*,#8039,.F.);
#17331 = ORIENTED_EDGE('',*,*,#17332,.F.);
#17332 = EDGE_CURVE('',#17308,#8012,#17333,.T.);
#17333 = SURFACE_CURVE('',#17334,(#17338,#17345),.PCURVE_S1.);
#17334 = LINE('',#17335,#17336);
#17335 = CARTESIAN_POINT('',(130.9,57.100505063388,-113.6984848098));
#17336 = VECTOR('',#17337,1.);
#17337 = DIRECTION('',(1.,0.,0.));
#17338 = PCURVE('',#8055,#17339);
#17339 = DEFINITIONAL_REPRESENTATION('',(#17340),#17344);
#17340 = LINE('',#17341,#17342);
#17341 = CARTESIAN_POINT('',(4.,0.));
#17342 = VECTOR('',#17343,1.);
#17343 = DIRECTION('',(0.,-1.));
#17344 = ( GEOMETRIC_REPRESENTATION_CONTEXT(2) 
PARAMETRIC_REPRESENTATION_CONTEXT() REPRESENTATION_CONTEXT('2D SPACE',''
  ) );
#17345 = PCURVE('',#8027,#17346);
#17346 = DEFINITIONAL_REPRESENTATION('',(#17347),#17351);
#17347 = LINE('',#17348,#17349);
#17348 = CARTESIAN_POINT('',(0.,0.));
#17349 = VECTOR('',#17350,1.);
#17350 = DIRECTION('',(0.,-1.));
#17351 = ( GEOMETRIC_REPRESENTATION_CONTEXT(2) 
PARAMETRIC_REPRESENTATION_CONTEXT() REPRESENTATION_CONTEXT('2D SPACE',''
  ) );
#17352 = ADVANCED_FACE('',(#17353),#7999,.T.);
#17353 = FACE_BOUND('',#17354,.T.);
#17354 = EDGE_LOOP('',(#17355,#17378,#17399,#17400));
#17355 = ORIENTED_EDGE('',*,*,#17356,.T.);
#17356 = EDGE_CURVE('',#17259,#17357,#17359,.T.);
#17357 = VERTEX_POINT('',#17358);
#17358 = CARTESIAN_POINT('',(135.,57.100505063388,-122.183766184));
#17359 = SURFACE_CURVE('',#17360,(#17364,#17371),.PCURVE_S1.);
#17360 = LINE('',#17361,#17362);
#17361 = CARTESIAN_POINT('',(135.,64.87867965644,-129.9619407771));
#17362 = VECTOR('',#17363,1.);
#17363 = DIRECTION('',(0.,-0.707106781187,0.707106781187));
#17364 = PCURVE('',#7999,#17365);
#17365 = DEFINITIONAL_REPRESENTATION('',(#17366),#17370);
#17366 = LINE('',#17367,#17368);
#17367 = CARTESIAN_POINT('',(11.,-4.1));
#17368 = VECTOR('',#17369,1.);
#17369 = DIRECTION('',(-1.,0.));
#17370 = ( GEOMETRIC_REPRESENTATION_CONTEXT(2) 
PARAMETRIC_REPRESENTATION_CONTEXT() REPRESENTATION_CONTEXT('2D SPACE',''
  ) );
#17371 = PCURVE('',#16065,#17372);
#17372 = DEFINITIONAL_REPRESENTATION('',(#17373),#17377);
#17373 = LINE('',#17374,#17375);
#17374 = CARTESIAN_POINT('',(11.,-32.));
#17375 = VECTOR('',#17376,1.);
#17376 = DIRECTION('',(1.,0.));
#17377 = ( GEOMETRIC_REPRESENTATION_CONTEXT(2) 
PARAMETRIC_REPRESENTATION_CONTEXT() REPRESENTATION_CONTEXT('2D SPACE',''
  ) );
#17378 = ORIENTED_EDGE('',*,*,#17379,.T.);
#17379 = EDGE_CURVE('',#17357,#7984,#17380,.T.);
#17380 = SURFACE_CURVE('',#17381,(#17385,#17392),.PCURVE_S1.);
#17381 = LINE('',#17382,#17383);
#17382 = CARTESIAN_POINT('',(130.9,57.100505063388,-122.183766184));
#17383 = VECTOR('',#17384,1.);
#17384 = DIRECTION('',(1.,0.,0.));
#17385 = PCURVE('',#7999,#17386);
#17386 = DEFINITIONAL_REPRESENTATION('',(#17387),#17391);
#17387 = LINE('',#17388,#17389);
#17388 = CARTESIAN_POINT('',(0.,0.));
#17389 = VECTOR('',#17390,1.);
#17390 = DIRECTION('',(0.,-1.));
#17391 = ( GEOMETRIC_REPRESENTATION_CONTEXT(2) 
PARAMETRIC_REPRESENTATION_CONTEXT() REPRESENTATION_CONTEXT('2D SPACE',''
  ) );
#17392 = PCURVE('',#8027,#17393);
#17393 = DEFINITIONAL_REPRESENTATION('',(#17394),#17398);
#17394 = LINE('',#17395,#17396);
#17395 = CARTESIAN_POINT('',(8.485281374239,0.));
#17396 = VECTOR('',#17397,1.);
#17397 = DIRECTION('',(0.,-1.));
#17398 = ( GEOMETRIC_REPRESENTATION_CONTEXT(2) 
PARAMETRIC_REPRESENTATION_CONTEXT() REPRESENTATION_CONTEXT('2D SPACE',''
  ) );
#17399 = ORIENTED_EDGE('',*,*,#7983,.F.);
#17400 = ORIENTED_EDGE('',*,*,#17281,.F.);
#17401 = ADVANCED_FACE('',(#17402),#8027,.T.);
#17402 = FACE_BOUND('',#17403,.T.);
#17403 = EDGE_LOOP('',(#17404,#17427,#17428,#17429,#17430));
#17404 = ORIENTED_EDGE('',*,*,#17405,.F.);
#17405 = EDGE_CURVE('',#17308,#17406,#17408,.T.);
#17406 = VERTEX_POINT('',#17407);
#17407 = CARTESIAN_POINT('',(135.,57.100505063388,-115.1126983722));
#17408 = SURFACE_CURVE('',#17409,(#17413,#17420),.PCURVE_S1.);
#17409 = LINE('',#17410,#17411);
#17410 = CARTESIAN_POINT('',(118.15,57.100505063388,-91.28319984622));
#17411 = VECTOR('',#17412,1.);
#17412 = DIRECTION('',(0.57735026919,-5.551115123126E-17,-0.816496580928
    ));
#17413 = PCURVE('',#8027,#17414);
#17414 = DEFINITIONAL_REPRESENTATION('',(#17415),#17419);
#17415 = LINE('',#17416,#17417);
#17416 = CARTESIAN_POINT('',(-22.41528496361,12.75));
#17417 = VECTOR('',#17418,1.);
#17418 = DIRECTION('',(0.816496580928,-0.57735026919));
#17419 = ( GEOMETRIC_REPRESENTATION_CONTEXT(2) 
PARAMETRIC_REPRESENTATION_CONTEXT() REPRESENTATION_CONTEXT('2D SPACE',''
  ) );
#17420 = PCURVE('',#14688,#17421);
#17421 = DEFINITIONAL_REPRESENTATION('',(#17422),#17426);
#17422 = LINE('',#17423,#17424);
#17423 = CARTESIAN_POINT('',(-23.82949852598,-78.15));
#17424 = VECTOR('',#17425,1.);
#17425 = DIRECTION('',(0.816496580928,-0.57735026919));
#17426 = ( GEOMETRIC_REPRESENTATION_CONTEXT(2) 
PARAMETRIC_REPRESENTATION_CONTEXT() REPRESENTATION_CONTEXT('2D SPACE',''
  ) );
#17427 = ORIENTED_EDGE('',*,*,#17332,.T.);
#17428 = ORIENTED_EDGE('',*,*,#8011,.F.);
#17429 = ORIENTED_EDGE('',*,*,#17379,.F.);
#17430 = ORIENTED_EDGE('',*,*,#17431,.T.);
#17431 = EDGE_CURVE('',#17357,#17406,#17432,.T.);
#17432 = SURFACE_CURVE('',#17433,(#17437,#17444),.PCURVE_S1.);
#17433 = LINE('',#17434,#17435);
#17434 = CARTESIAN_POINT('',(135.,57.100505063388,-137.0330085889));
#17435 = VECTOR('',#17436,1.);
#17436 = DIRECTION('',(0.,1.110223024625E-16,1.));
#17437 = PCURVE('',#8027,#17438);
#17438 = DEFINITIONAL_REPRESENTATION('',(#17439),#17443);
#17439 = LINE('',#17440,#17441);
#17440 = CARTESIAN_POINT('',(23.334523779156,-4.1));
#17441 = VECTOR('',#17442,1.);
#17442 = DIRECTION('',(-1.,0.));
#17443 = ( GEOMETRIC_REPRESENTATION_CONTEXT(2) 
PARAMETRIC_REPRESENTATION_CONTEXT() REPRESENTATION_CONTEXT('2D SPACE',''
  ) );
#17444 = PCURVE('',#16065,#17445);
#17445 = DEFINITIONAL_REPRESENTATION('',(#17446),#17450);
#17446 = LINE('',#17447,#17448);
#17447 = CARTESIAN_POINT('',(11.5,-21.5));
#17448 = VECTOR('',#17449,1.);
#17449 = DIRECTION('',(0.707106781187,-0.707106781187));
#17450 = ( GEOMETRIC_REPRESENTATION_CONTEXT(2) 
PARAMETRIC_REPRESENTATION_CONTEXT() REPRESENTATION_CONTEXT('2D SPACE',''
  ) );
#17451 = ADVANCED_FACE('',(#17452),#8113,.T.);
#17452 = FACE_BOUND('',#17453,.T.);
#17453 = EDGE_LOOP('',(#17454,#17479,#17500,#17501));
#17454 = ORIENTED_EDGE('',*,*,#17455,.T.);
#17455 = EDGE_CURVE('',#17456,#17458,#17460,.T.);
#17456 = VERTEX_POINT('',#17457);
#17457 = CARTESIAN_POINT('',(135.,54.272077938642,-125.0121933088));
#17458 = VERTEX_POINT('',#17459);
#17459 = CARTESIAN_POINT('',(135.,62.757359312881,-133.497474683));
#17460 = SURFACE_CURVE('',#17461,(#17465,#17472),.PCURVE_S1.);
#17461 = LINE('',#17462,#17463);
#17462 = CARTESIAN_POINT('',(135.,66.292893218813,-137.0330085889));
#17463 = VECTOR('',#17464,1.);
#17464 = DIRECTION('',(0.,0.707106781187,-0.707106781187));
#17465 = PCURVE('',#8113,#17466);
#17466 = DEFINITIONAL_REPRESENTATION('',(#17467),#17471);
#17467 = LINE('',#17468,#17469);
#17468 = CARTESIAN_POINT('',(-5.,-4.1));
#17469 = VECTOR('',#17470,1.);
#17470 = DIRECTION('',(-1.,0.));
#17471 = ( GEOMETRIC_REPRESENTATION_CONTEXT(2) 
PARAMETRIC_REPRESENTATION_CONTEXT() REPRESENTATION_CONTEXT('2D SPACE',''
  ) );
#17472 = PCURVE('',#16065,#17473);
#17473 = DEFINITIONAL_REPRESENTATION('',(#17474),#17478);
#17474 = LINE('',#17475,#17476);
#17475 = CARTESIAN_POINT('',(5.,-28.));
#17476 = VECTOR('',#17477,1.);
#17477 = DIRECTION('',(-1.,0.));
#17478 = ( GEOMETRIC_REPRESENTATION_CONTEXT(2) 
PARAMETRIC_REPRESENTATION_CONTEXT() REPRESENTATION_CONTEXT('2D SPACE',''
  ) );
#17479 = ORIENTED_EDGE('',*,*,#17480,.T.);
#17480 = EDGE_CURVE('',#17458,#8098,#17481,.T.);
#17481 = SURFACE_CURVE('',#17482,(#17486,#17493),.PCURVE_S1.);
#17482 = LINE('',#17483,#17484);
#17483 = CARTESIAN_POINT('',(130.9,62.757359312881,-133.497474683));
#17484 = VECTOR('',#17485,1.);
#17485 = DIRECTION('',(1.,0.,0.));
#17486 = PCURVE('',#8113,#17487);
#17487 = DEFINITIONAL_REPRESENTATION('',(#17488),#17492);
#17488 = LINE('',#17489,#17490);
#17489 = CARTESIAN_POINT('',(0.,0.));
#17490 = VECTOR('',#17491,1.);
#17491 = DIRECTION('',(0.,-1.));
#17492 = ( GEOMETRIC_REPRESENTATION_CONTEXT(2) 
PARAMETRIC_REPRESENTATION_CONTEXT() REPRESENTATION_CONTEXT('2D SPACE',''
  ) );
#17493 = PCURVE('',#8141,#17494);
#17494 = DEFINITIONAL_REPRESENTATION('',(#17495),#17499);
#17495 = LINE('',#17496,#17497);
#17496 = CARTESIAN_POINT('',(16.,0.));
#17497 = VECTOR('',#17498,1.);
#17498 = DIRECTION('',(0.,-1.));
#17499 = ( GEOMETRIC_REPRESENTATION_CONTEXT(2) 
PARAMETRIC_REPRESENTATION_CONTEXT() REPRESENTATION_CONTEXT('2D SPACE',''
  ) );
#17500 = ORIENTED_EDGE('',*,*,#8095,.F.);
#17501 = ORIENTED_EDGE('',*,*,#17502,.F.);
#17502 = EDGE_CURVE('',#17456,#8096,#17503,.T.);
#17503 = SURFACE_CURVE('',#17504,(#17508,#17515),.PCURVE_S1.);
#17504 = LINE('',#17505,#17506);
#17505 = CARTESIAN_POINT('',(130.9,54.272077938642,-125.0121933088));
#17506 = VECTOR('',#17507,1.);
#17507 = DIRECTION('',(1.,0.,0.));
#17508 = PCURVE('',#8113,#17509);
#17509 = DEFINITIONAL_REPRESENTATION('',(#17510),#17514);
#17510 = LINE('',#17511,#17512);
#17511 = CARTESIAN_POINT('',(12.,0.));
#17512 = VECTOR('',#17513,1.);
#17513 = DIRECTION('',(0.,-1.));
#17514 = ( GEOMETRIC_REPRESENTATION_CONTEXT(2) 
PARAMETRIC_REPRESENTATION_CONTEXT() REPRESENTATION_CONTEXT('2D SPACE',''
  ) );
#17515 = PCURVE('',#8251,#17516);
#17516 = DEFINITIONAL_REPRESENTATION('',(#17517),#17521);
#17517 = LINE('',#17518,#17519);
#17518 = CARTESIAN_POINT('',(0.,0.));
#17519 = VECTOR('',#17520,1.);
#17520 = DIRECTION('',(0.,-1.));
#17521 = ( GEOMETRIC_REPRESENTATION_CONTEXT(2) 
PARAMETRIC_REPRESENTATION_CONTEXT() REPRESENTATION_CONTEXT('2D SPACE',''
  ) );
#17522 = ADVANCED_FACE('',(#17523),#8251,.T.);
#17523 = FACE_BOUND('',#17524,.T.);
#17524 = EDGE_LOOP('',(#17525,#17548,#17549,#17550,#17571,#17572));
#17525 = ORIENTED_EDGE('',*,*,#17526,.T.);
#17526 = EDGE_CURVE('',#17527,#17456,#17529,.T.);
#17527 = VERTEX_POINT('',#17528);
#17528 = CARTESIAN_POINT('',(135.,51.443650813896,-125.0121933088));
#17529 = SURFACE_CURVE('',#17530,(#17534,#17541),.PCURVE_S1.);
#17530 = LINE('',#17531,#17532);
#17531 = CARTESIAN_POINT('',(135.,52.150757595082,-125.0121933088));
#17532 = VECTOR('',#17533,1.);
#17533 = DIRECTION('',(0.,1.,-1.110223024625E-16));
#17534 = PCURVE('',#8251,#17535);
#17535 = DEFINITIONAL_REPRESENTATION('',(#17536),#17540);
#17536 = LINE('',#17537,#17538);
#17537 = CARTESIAN_POINT('',(2.12132034356,-4.1));
#17538 = VECTOR('',#17539,1.);
#17539 = DIRECTION('',(-1.,-0.));
#17540 = ( GEOMETRIC_REPRESENTATION_CONTEXT(2) 
PARAMETRIC_REPRESENTATION_CONTEXT() REPRESENTATION_CONTEXT('2D SPACE',''
  ) );
#17541 = PCURVE('',#16065,#17542);
#17542 = DEFINITIONAL_REPRESENTATION('',(#17543),#17547);
#17543 = LINE('',#17544,#17545);
#17544 = CARTESIAN_POINT('',(23.5,-26.5));
#17545 = VECTOR('',#17546,1.);
#17546 = DIRECTION('',(-0.707106781187,-0.707106781187));
#17547 = ( GEOMETRIC_REPRESENTATION_CONTEXT(2) 
PARAMETRIC_REPRESENTATION_CONTEXT() REPRESENTATION_CONTEXT('2D SPACE',''
  ) );
#17548 = ORIENTED_EDGE('',*,*,#17502,.T.);
#17549 = ORIENTED_EDGE('',*,*,#8237,.F.);
#17550 = ORIENTED_EDGE('',*,*,#17551,.F.);
#17551 = EDGE_CURVE('',#14729,#8210,#17552,.T.);
#17552 = SURFACE_CURVE('',#17553,(#17557,#17564),.PCURVE_S1.);
#17553 = LINE('',#17554,#17555);
#17554 = CARTESIAN_POINT('',(130.9,45.786796564404,-125.0121933088));
#17555 = VECTOR('',#17556,1.);
#17556 = DIRECTION('',(1.,0.,0.));
#17557 = PCURVE('',#8251,#17558);
#17558 = DEFINITIONAL_REPRESENTATION('',(#17559),#17563);
#17559 = LINE('',#17560,#17561);
#17560 = CARTESIAN_POINT('',(8.485281374239,0.));
#17561 = VECTOR('',#17562,1.);
#17562 = DIRECTION('',(0.,-1.));
#17563 = ( GEOMETRIC_REPRESENTATION_CONTEXT(2) 
PARAMETRIC_REPRESENTATION_CONTEXT() REPRESENTATION_CONTEXT('2D SPACE',''
  ) );
#17564 = PCURVE('',#8225,#17565);
#17565 = DEFINITIONAL_REPRESENTATION('',(#17566),#17570);
#17566 = LINE('',#17567,#17568);
#17567 = CARTESIAN_POINT('',(0.,0.));
#17568 = VECTOR('',#17569,1.);
#17569 = DIRECTION('',(0.,-1.));
#17570 = ( GEOMETRIC_REPRESENTATION_CONTEXT(2) 
PARAMETRIC_REPRESENTATION_CONTEXT() REPRESENTATION_CONTEXT('2D SPACE',''
  ) );
#17571 = ORIENTED_EDGE('',*,*,#14728,.F.);
#17572 = ORIENTED_EDGE('',*,*,#17573,.F.);
#17573 = EDGE_CURVE('',#17527,#14701,#17574,.T.);
#17574 = SURFACE_CURVE('',#17575,(#17579,#17586),.PCURVE_S1.);
#17575 = LINE('',#17576,#17577);
#17576 = CARTESIAN_POINT('',(130.95,51.443650813896,-125.0121933088));
#17577 = VECTOR('',#17578,1.);
#17578 = DIRECTION('',(-1.,0.,0.));
#17579 = PCURVE('',#8251,#17580);
#17580 = DEFINITIONAL_REPRESENTATION('',(#17581),#17585);
#17581 = LINE('',#17582,#17583);
#17582 = CARTESIAN_POINT('',(2.828427124746,-4.999999999998E-02));
#17583 = VECTOR('',#17584,1.);
#17584 = DIRECTION('',(0.,1.));
#17585 = ( GEOMETRIC_REPRESENTATION_CONTEXT(2) 
PARAMETRIC_REPRESENTATION_CONTEXT() REPRESENTATION_CONTEXT('2D SPACE',''
  ) );
#17586 = PCURVE('',#14716,#17587);
#17587 = DEFINITIONAL_REPRESENTATION('',(#17588),#17592);
#17588 = LINE('',#17589,#17590);
#17589 = CARTESIAN_POINT('',(17.,-5.000000000001E-02));
#17590 = VECTOR('',#17591,1.);
#17591 = DIRECTION('',(0.,-1.));
#17592 = ( GEOMETRIC_REPRESENTATION_CONTEXT(2) 
PARAMETRIC_REPRESENTATION_CONTEXT() REPRESENTATION_CONTEXT('2D SPACE',''
  ) );
#17593 = ADVANCED_FACE('',(#17594),#8141,.T.);
#17594 = FACE_BOUND('',#17595,.T.);
#17595 = EDGE_LOOP('',(#17596,#17597,#17618,#17619,#17620,#17643));
#17596 = ORIENTED_EDGE('',*,*,#14820,.F.);
#17597 = ORIENTED_EDGE('',*,*,#17598,.T.);
#17598 = EDGE_CURVE('',#14798,#8126,#17599,.T.);
#17599 = SURFACE_CURVE('',#17600,(#17604,#17611),.PCURVE_S1.);
#17600 = LINE('',#17601,#17602);
#17601 = CARTESIAN_POINT('',(130.9,51.443650813896,-144.811183182));
#17602 = VECTOR('',#17603,1.);
#17603 = DIRECTION('',(1.,0.,0.));
#17604 = PCURVE('',#8141,#17605);
#17605 = DEFINITIONAL_REPRESENTATION('',(#17606),#17610);
#17606 = LINE('',#17607,#17608);
#17607 = CARTESIAN_POINT('',(0.,0.));
#17608 = VECTOR('',#17609,1.);
#17609 = DIRECTION('',(0.,-1.));
#17610 = ( GEOMETRIC_REPRESENTATION_CONTEXT(2) 
PARAMETRIC_REPRESENTATION_CONTEXT() REPRESENTATION_CONTEXT('2D SPACE',''
  ) );
#17611 = PCURVE('',#8169,#17612);
#17612 = DEFINITIONAL_REPRESENTATION('',(#17613),#17617);
#17613 = LINE('',#17614,#17615);
#17614 = CARTESIAN_POINT('',(12.,0.));
#17615 = VECTOR('',#17616,1.);
#17616 = DIRECTION('',(0.,-1.));
#17617 = ( GEOMETRIC_REPRESENTATION_CONTEXT(2) 
PARAMETRIC_REPRESENTATION_CONTEXT() REPRESENTATION_CONTEXT('2D SPACE',''
  ) );
#17618 = ORIENTED_EDGE('',*,*,#8125,.F.);
#17619 = ORIENTED_EDGE('',*,*,#17480,.F.);
#17620 = ORIENTED_EDGE('',*,*,#17621,.T.);
#17621 = EDGE_CURVE('',#17458,#17622,#17624,.T.);
#17622 = VERTEX_POINT('',#17623);
#17623 = CARTESIAN_POINT('',(135.,61.343145750508,-134.9116882454));
#17624 = SURFACE_CURVE('',#17625,(#17629,#17636),.PCURVE_S1.);
#17625 = LINE('',#17626,#17627);
#17626 = CARTESIAN_POINT('',(135.,47.201010126777,-149.0538238691));
#17627 = VECTOR('',#17628,1.);
#17628 = DIRECTION('',(0.,-0.707106781187,-0.707106781187));
#17629 = PCURVE('',#8141,#17630);
#17630 = DEFINITIONAL_REPRESENTATION('',(#17631),#17635);
#17631 = LINE('',#17632,#17633);
#17632 = CARTESIAN_POINT('',(-6.,-4.1));
#17633 = VECTOR('',#17634,1.);
#17634 = DIRECTION('',(-1.,-0.));
#17635 = ( GEOMETRIC_REPRESENTATION_CONTEXT(2) 
PARAMETRIC_REPRESENTATION_CONTEXT() REPRESENTATION_CONTEXT('2D SPACE',''
  ) );
#17636 = PCURVE('',#16065,#17637);
#17637 = DEFINITIONAL_REPRESENTATION('',(#17638),#17642);
#17638 = LINE('',#17639,#17640);
#17639 = CARTESIAN_POINT('',(10.,-6.));
#17640 = VECTOR('',#17641,1.);
#17641 = DIRECTION('',(0.,1.));
#17642 = ( GEOMETRIC_REPRESENTATION_CONTEXT(2) 
PARAMETRIC_REPRESENTATION_CONTEXT() REPRESENTATION_CONTEXT('2D SPACE',''
  ) );
#17643 = ORIENTED_EDGE('',*,*,#17644,.F.);
#17644 = EDGE_CURVE('',#14821,#17622,#17645,.T.);
#17645 = SURFACE_CURVE('',#17646,(#17650,#17657),.PCURVE_S1.);
#17646 = LINE('',#17647,#17648);
#17647 = CARTESIAN_POINT('',(130.95,61.343145750508,-134.9116882454));
#17648 = VECTOR('',#17649,1.);
#17649 = DIRECTION('',(1.,0.,0.));
#17650 = PCURVE('',#8141,#17651);
#17651 = DEFINITIONAL_REPRESENTATION('',(#17652),#17656);
#17652 = LINE('',#17653,#17654);
#17653 = CARTESIAN_POINT('',(14.,-4.999999999998E-02));
#17654 = VECTOR('',#17655,1.);
#17655 = DIRECTION('',(0.,-1.));
#17656 = ( GEOMETRIC_REPRESENTATION_CONTEXT(2) 
PARAMETRIC_REPRESENTATION_CONTEXT() REPRESENTATION_CONTEXT('2D SPACE',''
  ) );
#17657 = PCURVE('',#14859,#17658);
#17658 = DEFINITIONAL_REPRESENTATION('',(#17659),#17663);
#17659 = LINE('',#17660,#17661);
#17660 = CARTESIAN_POINT('',(3.,-5.000000000001E-02));
#17661 = VECTOR('',#17662,1.);
#17662 = DIRECTION('',(0.,1.));
#17663 = ( GEOMETRIC_REPRESENTATION_CONTEXT(2) 
PARAMETRIC_REPRESENTATION_CONTEXT() REPRESENTATION_CONTEXT('2D SPACE',''
  ) );
#17664 = ADVANCED_FACE('',(#17665),#8225,.T.);
#17665 = FACE_BOUND('',#17666,.T.);
#17666 = EDGE_LOOP('',(#17667,#17668,#17669,#17670));
#17667 = ORIENTED_EDGE('',*,*,#14751,.F.);
#17668 = ORIENTED_EDGE('',*,*,#17551,.T.);
#17669 = ORIENTED_EDGE('',*,*,#8209,.F.);
#17670 = ORIENTED_EDGE('',*,*,#17671,.F.);
#17671 = EDGE_CURVE('',#14752,#8182,#17672,.T.);
#17672 = SURFACE_CURVE('',#17673,(#17677,#17684),.PCURVE_S1.);
#17673 = LINE('',#17674,#17675);
#17674 = CARTESIAN_POINT('',(130.9,42.958369439657,-127.8406204335));
#17675 = VECTOR('',#17676,1.);
#17676 = DIRECTION('',(1.,0.,0.));
#17677 = PCURVE('',#8225,#17678);
#17678 = DEFINITIONAL_REPRESENTATION('',(#17679),#17683);
#17679 = LINE('',#17680,#17681);
#17680 = CARTESIAN_POINT('',(4.,0.));
#17681 = VECTOR('',#17682,1.);
#17682 = DIRECTION('',(0.,-1.));
#17683 = ( GEOMETRIC_REPRESENTATION_CONTEXT(2) 
PARAMETRIC_REPRESENTATION_CONTEXT() REPRESENTATION_CONTEXT('2D SPACE',''
  ) );
#17684 = PCURVE('',#8197,#17685);
#17685 = DEFINITIONAL_REPRESENTATION('',(#17686),#17690);
#17686 = LINE('',#17687,#17688);
#17687 = CARTESIAN_POINT('',(0.,0.));
#17688 = VECTOR('',#17689,1.);
#17689 = DIRECTION('',(0.,-1.));
#17690 = ( GEOMETRIC_REPRESENTATION_CONTEXT(2) 
PARAMETRIC_REPRESENTATION_CONTEXT() REPRESENTATION_CONTEXT('2D SPACE',''
  ) );
#17691 = ADVANCED_FACE('',(#17692),#8169,.T.);
#17692 = FACE_BOUND('',#17693,.T.);
#17693 = EDGE_LOOP('',(#17694,#17695,#17716,#17717));
#17694 = ORIENTED_EDGE('',*,*,#14797,.F.);
#17695 = ORIENTED_EDGE('',*,*,#17696,.T.);
#17696 = EDGE_CURVE('',#14775,#8154,#17697,.T.);
#17697 = SURFACE_CURVE('',#17698,(#17702,#17709),.PCURVE_S1.);
#17698 = LINE('',#17699,#17700);
#17699 = CARTESIAN_POINT('',(130.9,42.958369439657,-136.3259018078));
#17700 = VECTOR('',#17701,1.);
#17701 = DIRECTION('',(1.,0.,0.));
#17702 = PCURVE('',#8169,#17703);
#17703 = DEFINITIONAL_REPRESENTATION('',(#17704),#17708);
#17704 = LINE('',#17705,#17706);
#17705 = CARTESIAN_POINT('',(0.,0.));
#17706 = VECTOR('',#17707,1.);
#17707 = DIRECTION('',(0.,-1.));
#17708 = ( GEOMETRIC_REPRESENTATION_CONTEXT(2) 
PARAMETRIC_REPRESENTATION_CONTEXT() REPRESENTATION_CONTEXT('2D SPACE',''
  ) );
#17709 = PCURVE('',#8197,#17710);
#17710 = DEFINITIONAL_REPRESENTATION('',(#17711),#17715);
#17711 = LINE('',#17712,#17713);
#17712 = CARTESIAN_POINT('',(8.485281374239,0.));
#17713 = VECTOR('',#17714,1.);
#17714 = DIRECTION('',(0.,-1.));
#17715 = ( GEOMETRIC_REPRESENTATION_CONTEXT(2) 
PARAMETRIC_REPRESENTATION_CONTEXT() REPRESENTATION_CONTEXT('2D SPACE',''
  ) );
#17716 = ORIENTED_EDGE('',*,*,#8153,.F.);
#17717 = ORIENTED_EDGE('',*,*,#17598,.F.);
#17718 = ADVANCED_FACE('',(#17719),#8197,.T.);
#17719 = FACE_BOUND('',#17720,.T.);
#17720 = EDGE_LOOP('',(#17721,#17722,#17723,#17724));
#17721 = ORIENTED_EDGE('',*,*,#14774,.F.);
#17722 = ORIENTED_EDGE('',*,*,#17671,.T.);
#17723 = ORIENTED_EDGE('',*,*,#8181,.F.);
#17724 = ORIENTED_EDGE('',*,*,#17696,.F.);
#17725 = ADVANCED_FACE('',(#17726,#17913,#17919,#17925,#17931,#17937,
    #17943,#17949,#17955,#17961,#17967),#9776,.T.);
#17726 = FACE_BOUND('',#17727,.T.);
#17727 = EDGE_LOOP('',(#17728,#17729,#17730,#17731,#17732,#17733,#17734,
    #17757,#17780,#17801,#17802,#17803,#17804,#17805,#17806,#17807,
    #17808,#17809,#17810,#17811,#17812,#17813,#17814,#17815,#17816,
    #17817,#17818,#17819,#17820,#17821,#17822,#17823,#17824,#17847,
    #17875,#17896,#17897,#17898,#17899,#17900,#17901,#17902,#17903,
    #17904,#17905,#17906,#17907,#17908,#17909,#17910,#17911,#17912));
#17728 = ORIENTED_EDGE('',*,*,#12528,.F.);
#17729 = ORIENTED_EDGE('',*,*,#9985,.T.);
#17730 = ORIENTED_EDGE('',*,*,#9760,.T.);
#17731 = ORIENTED_EDGE('',*,*,#9812,.F.);
#17732 = ORIENTED_EDGE('',*,*,#9885,.F.);
#17733 = ORIENTED_EDGE('',*,*,#9961,.T.);
#17734 = ORIENTED_EDGE('',*,*,#17735,.F.);
#17735 = EDGE_CURVE('',#17736,#9934,#17738,.T.);
#17736 = VERTEX_POINT('',#17737);
#17737 = CARTESIAN_POINT('',(9.,118.61879502661,-87.53553390593));
#17738 = SURFACE_CURVE('',#17739,(#17743,#17750),.PCURVE_S1.);
#17739 = LINE('',#17740,#17741);
#17740 = CARTESIAN_POINT('',(9.,118.61879502661,-87.53553390593));
#17741 = VECTOR('',#17742,1.);
#17742 = DIRECTION('',(1.,0.,0.));
#17743 = PCURVE('',#9776,#17744);
#17744 = DEFINITIONAL_REPRESENTATION('',(#17745),#17749);
#17745 = LINE('',#17746,#17747);
#17746 = CARTESIAN_POINT('',(1.,-8.));
#17747 = VECTOR('',#17748,1.);
#17748 = DIRECTION('',(1.,0.));
#17749 = ( GEOMETRIC_REPRESENTATION_CONTEXT(2) 
PARAMETRIC_REPRESENTATION_CONTEXT() REPRESENTATION_CONTEXT('2D SPACE',''
  ) );
#17750 = PCURVE('',#9949,#17751);
#17751 = DEFINITIONAL_REPRESENTATION('',(#17752),#17756);
#17752 = LINE('',#17753,#17754);
#17753 = CARTESIAN_POINT('',(0.,0.));
#17754 = VECTOR('',#17755,1.);
#17755 = DIRECTION('',(0.,1.));
#17756 = ( GEOMETRIC_REPRESENTATION_CONTEXT(2) 
PARAMETRIC_REPRESENTATION_CONTEXT() REPRESENTATION_CONTEXT('2D SPACE',''
  ) );
#17757 = ORIENTED_EDGE('',*,*,#17758,.F.);
#17758 = EDGE_CURVE('',#17759,#17736,#17761,.T.);
#17759 = VERTEX_POINT('',#17760);
#17760 = CARTESIAN_POINT('',(9.,70.535533905933,-135.6187950266));
#17761 = SURFACE_CURVE('',#17762,(#17766,#17773),.PCURVE_S1.);
#17762 = LINE('',#17763,#17764);
#17763 = CARTESIAN_POINT('',(9.,70.535533905933,-135.6187950266));
#17764 = VECTOR('',#17765,1.);
#17765 = DIRECTION('',(0.,0.707106781187,0.707106781187));
#17766 = PCURVE('',#9776,#17767);
#17767 = DEFINITIONAL_REPRESENTATION('',(#17768),#17772);
#17768 = LINE('',#17769,#17770);
#17769 = CARTESIAN_POINT('',(1.,-76.));
#17770 = VECTOR('',#17771,1.);
#17771 = DIRECTION('',(0.,1.));
#17772 = ( GEOMETRIC_REPRESENTATION_CONTEXT(2) 
PARAMETRIC_REPRESENTATION_CONTEXT() REPRESENTATION_CONTEXT('2D SPACE',''
  ) );
#17773 = PCURVE('',#15549,#17774);
#17774 = DEFINITIONAL_REPRESENTATION('',(#17775),#17779);
#17775 = LINE('',#17776,#17777);
#17776 = CARTESIAN_POINT('',(0.,0.));
#17777 = VECTOR('',#17778,1.);
#17778 = DIRECTION('',(0.,-1.));
#17779 = ( GEOMETRIC_REPRESENTATION_CONTEXT(2) 
PARAMETRIC_REPRESENTATION_CONTEXT() REPRESENTATION_CONTEXT('2D SPACE',''
  ) );
#17780 = ORIENTED_EDGE('',*,*,#17781,.T.);
#17781 = EDGE_CURVE('',#17759,#11414,#17782,.T.);
#17782 = SURFACE_CURVE('',#17783,(#17787,#17794),.PCURVE_S1.);
#17783 = LINE('',#17784,#17785);
#17784 = CARTESIAN_POINT('',(9.,70.535533905933,-135.6187950266));
#17785 = VECTOR('',#17786,1.);
#17786 = DIRECTION('',(1.,0.,0.));
#17787 = PCURVE('',#9776,#17788);
#17788 = DEFINITIONAL_REPRESENTATION('',(#17789),#17793);
#17789 = LINE('',#17790,#17791);
#17790 = CARTESIAN_POINT('',(1.,-76.));
#17791 = VECTOR('',#17792,1.);
#17792 = DIRECTION('',(1.,0.));
#17793 = ( GEOMETRIC_REPRESENTATION_CONTEXT(2) 
PARAMETRIC_REPRESENTATION_CONTEXT() REPRESENTATION_CONTEXT('2D SPACE',''
  ) );
#17794 = PCURVE('',#11450,#17795);
#17795 = DEFINITIONAL_REPRESENTATION('',(#17796),#17800);
#17796 = LINE('',#17797,#17798);
#17797 = CARTESIAN_POINT('',(0.,0.));
#17798 = VECTOR('',#17799,1.);
#17799 = DIRECTION('',(0.,1.));
#17800 = ( GEOMETRIC_REPRESENTATION_CONTEXT(2) 
PARAMETRIC_REPRESENTATION_CONTEXT() REPRESENTATION_CONTEXT('2D SPACE',''
  ) );
#17801 = ORIENTED_EDGE('',*,*,#11413,.T.);
#17802 = ORIENTED_EDGE('',*,*,#11106,.T.);
#17803 = ORIENTED_EDGE('',*,*,#11153,.F.);
#17804 = ORIENTED_EDGE('',*,*,#11226,.F.);
#17805 = ORIENTED_EDGE('',*,*,#11389,.T.);
#17806 = ORIENTED_EDGE('',*,*,#11467,.T.);
#17807 = ORIENTED_EDGE('',*,*,#11514,.F.);
#17808 = ORIENTED_EDGE('',*,*,#11565,.F.);
#17809 = ORIENTED_EDGE('',*,*,#11321,.T.);
#17810 = ORIENTED_EDGE('',*,*,#11592,.T.);
#17811 = ORIENTED_EDGE('',*,*,#11639,.F.);
#17812 = ORIENTED_EDGE('',*,*,#11831,.T.);
#17813 = ORIENTED_EDGE('',*,*,#12999,.T.);
#17814 = ORIENTED_EDGE('',*,*,#13050,.T.);
#17815 = ORIENTED_EDGE('',*,*,#13123,.F.);
#17816 = ORIENTED_EDGE('',*,*,#13531,.F.);
#17817 = ORIENTED_EDGE('',*,*,#13556,.T.);
#17818 = ORIENTED_EDGE('',*,*,#13607,.T.);
#17819 = ORIENTED_EDGE('',*,*,#13191,.F.);
#17820 = ORIENTED_EDGE('',*,*,#13656,.F.);
#17821 = ORIENTED_EDGE('',*,*,#13681,.T.);
#17822 = ORIENTED_EDGE('',*,*,#13732,.T.);
#17823 = ORIENTED_EDGE('',*,*,#13259,.F.);
#17824 = ORIENTED_EDGE('',*,*,#17825,.T.);
#17825 = EDGE_CURVE('',#13260,#17826,#17828,.T.);
#17826 = VERTEX_POINT('',#17827);
#17827 = CARTESIAN_POINT('',(131.,70.535533905933,-135.6187950266));
#17828 = SURFACE_CURVE('',#17829,(#17833,#17840),.PCURVE_S1.);
#17829 = LINE('',#17830,#17831);
#17830 = CARTESIAN_POINT('',(121.,70.535533905933,-135.6187950266));
#17831 = VECTOR('',#17832,1.);
#17832 = DIRECTION('',(1.,0.,0.));
#17833 = PCURVE('',#9776,#17834);
#17834 = DEFINITIONAL_REPRESENTATION('',(#17835),#17839);
#17835 = LINE('',#17836,#17837);
#17836 = CARTESIAN_POINT('',(113.,-76.));
#17837 = VECTOR('',#17838,1.);
#17838 = DIRECTION('',(1.,0.));
#17839 = ( GEOMETRIC_REPRESENTATION_CONTEXT(2) 
PARAMETRIC_REPRESENTATION_CONTEXT() REPRESENTATION_CONTEXT('2D SPACE',''
  ) );
#17840 = PCURVE('',#13296,#17841);
#17841 = DEFINITIONAL_REPRESENTATION('',(#17842),#17846);
#17842 = LINE('',#17843,#17844);
#17843 = CARTESIAN_POINT('',(0.,0.));
#17844 = VECTOR('',#17845,1.);
#17845 = DIRECTION('',(0.,1.));
#17846 = ( GEOMETRIC_REPRESENTATION_CONTEXT(2) 
PARAMETRIC_REPRESENTATION_CONTEXT() REPRESENTATION_CONTEXT('2D SPACE',''
  ) );
#17847 = ORIENTED_EDGE('',*,*,#17848,.T.);
#17848 = EDGE_CURVE('',#17826,#17849,#17851,.T.);
#17849 = VERTEX_POINT('',#17850);
#17850 = CARTESIAN_POINT('',(131.,118.61879502661,-87.53553390593));
#17851 = SURFACE_CURVE('',#17852,(#17856,#17863),.PCURVE_S1.);
#17852 = LINE('',#17853,#17854);
#17853 = CARTESIAN_POINT('',(131.,70.535533905933,-135.6187950266));
#17854 = VECTOR('',#17855,1.);
#17855 = DIRECTION('',(0.,0.707106781187,0.707106781187));
#17856 = PCURVE('',#9776,#17857);
#17857 = DEFINITIONAL_REPRESENTATION('',(#17858),#17862);
#17858 = LINE('',#17859,#17860);
#17859 = CARTESIAN_POINT('',(123.,-76.));
#17860 = VECTOR('',#17861,1.);
#17861 = DIRECTION('',(0.,1.));
#17862 = ( GEOMETRIC_REPRESENTATION_CONTEXT(2) 
PARAMETRIC_REPRESENTATION_CONTEXT() REPRESENTATION_CONTEXT('2D SPACE',''
  ) );
#17863 = PCURVE('',#17864,#17869);
#17864 = PLANE('',#17865);
#17865 = AXIS2_PLACEMENT_3D('',#17866,#17867,#17868);
#17866 = CARTESIAN_POINT('',(131.,70.535533905933,-135.6187950266));
#17867 = DIRECTION('',(1.,0.,0.));
#17868 = DIRECTION('',(0.,-0.707106781187,0.707106781187));
#17869 = DEFINITIONAL_REPRESENTATION('',(#17870),#17874);
#17870 = LINE('',#17871,#17872);
#17871 = CARTESIAN_POINT('',(0.,0.));
#17872 = VECTOR('',#17873,1.);
#17873 = DIRECTION('',(0.,-1.));
#17874 = ( GEOMETRIC_REPRESENTATION_CONTEXT(2) 
PARAMETRIC_REPRESENTATION_CONTEXT() REPRESENTATION_CONTEXT('2D SPACE',''
  ) );
#17875 = ORIENTED_EDGE('',*,*,#17876,.F.);
#17876 = EDGE_CURVE('',#11993,#17849,#17877,.T.);
#17877 = SURFACE_CURVE('',#17878,(#17882,#17889),.PCURVE_S1.);
#17878 = LINE('',#17879,#17880);
#17879 = CARTESIAN_POINT('',(121.,118.61879502661,-87.53553390593));
#17880 = VECTOR('',#17881,1.);
#17881 = DIRECTION('',(1.,0.,0.));
#17882 = PCURVE('',#9776,#17883);
#17883 = DEFINITIONAL_REPRESENTATION('',(#17884),#17888);
#17884 = LINE('',#17885,#17886);
#17885 = CARTESIAN_POINT('',(113.,-8.));
#17886 = VECTOR('',#17887,1.);
#17887 = DIRECTION('',(1.,0.));
#17888 = ( GEOMETRIC_REPRESENTATION_CONTEXT(2) 
PARAMETRIC_REPRESENTATION_CONTEXT() REPRESENTATION_CONTEXT('2D SPACE',''
  ) );
#17889 = PCURVE('',#12008,#17890);
#17890 = DEFINITIONAL_REPRESENTATION('',(#17891),#17895);
#17891 = LINE('',#17892,#17893);
#17892 = CARTESIAN_POINT('',(0.,0.));
#17893 = VECTOR('',#17894,1.);
#17894 = DIRECTION('',(0.,1.));
#17895 = ( GEOMETRIC_REPRESENTATION_CONTEXT(2) 
PARAMETRIC_REPRESENTATION_CONTEXT() REPRESENTATION_CONTEXT('2D SPACE',''
  ) );
#17896 = ORIENTED_EDGE('',*,*,#12020,.F.);
#17897 = ORIENTED_EDGE('',*,*,#12947,.F.);
#17898 = ORIENTED_EDGE('',*,*,#12972,.T.);
#17899 = ORIENTED_EDGE('',*,*,#12898,.T.);
#17900 = ORIENTED_EDGE('',*,*,#12088,.F.);
#17901 = ORIENTED_EDGE('',*,*,#12577,.F.);
#17902 = ORIENTED_EDGE('',*,*,#12602,.T.);
#17903 = ORIENTED_EDGE('',*,*,#12653,.T.);
#17904 = ORIENTED_EDGE('',*,*,#12156,.F.);
#17905 = ORIENTED_EDGE('',*,*,#12229,.F.);
#17906 = ORIENTED_EDGE('',*,*,#12254,.T.);
#17907 = ORIENTED_EDGE('',*,*,#12327,.F.);
#17908 = ORIENTED_EDGE('',*,*,#12352,.F.);
#17909 = ORIENTED_EDGE('',*,*,#12403,.F.);
#17910 = ORIENTED_EDGE('',*,*,#10053,.T.);
#17911 = ORIENTED_EDGE('',*,*,#12430,.T.);
#17912 = ORIENTED_EDGE('',*,*,#12477,.F.);
#17913 = FACE_BOUND('',#17914,.T.);
#17914 = EDGE_LOOP('',(#17915,#17916,#17917,#17918));
#17915 = ORIENTED_EDGE('',*,*,#13781,.F.);
#17916 = ORIENTED_EDGE('',*,*,#13828,.T.);
#17917 = ORIENTED_EDGE('',*,*,#13879,.T.);
#17918 = ORIENTED_EDGE('',*,*,#13926,.F.);
#17919 = FACE_BOUND('',#17920,.T.);
#17920 = EDGE_LOOP('',(#17921,#17922,#17923,#17924));
#17921 = ORIENTED_EDGE('',*,*,#13977,.F.);
#17922 = ORIENTED_EDGE('',*,*,#14024,.T.);
#17923 = ORIENTED_EDGE('',*,*,#14075,.T.);
#17924 = ORIENTED_EDGE('',*,*,#14122,.F.);
#17925 = FACE_BOUND('',#17926,.T.);
#17926 = EDGE_LOOP('',(#17927,#17928,#17929,#17930));
#17927 = ORIENTED_EDGE('',*,*,#14173,.F.);
#17928 = ORIENTED_EDGE('',*,*,#14220,.T.);
#17929 = ORIENTED_EDGE('',*,*,#14271,.T.);
#17930 = ORIENTED_EDGE('',*,*,#14318,.F.);
#17931 = FACE_BOUND('',#17932,.T.);
#17932 = EDGE_LOOP('',(#17933,#17934,#17935,#17936));
#17933 = ORIENTED_EDGE('',*,*,#12822,.F.);
#17934 = ORIENTED_EDGE('',*,*,#12847,.T.);
#17935 = ORIENTED_EDGE('',*,*,#12702,.T.);
#17936 = ORIENTED_EDGE('',*,*,#12750,.F.);
#17937 = FACE_BOUND('',#17938,.T.);
#17938 = EDGE_LOOP('',(#17939,#17940,#17941,#17942));
#17939 = ORIENTED_EDGE('',*,*,#13335,.F.);
#17940 = ORIENTED_EDGE('',*,*,#13382,.T.);
#17941 = ORIENTED_EDGE('',*,*,#13433,.T.);
#17942 = ORIENTED_EDGE('',*,*,#13481,.F.);
#17943 = FACE_BOUND('',#17944,.T.);
#17944 = EDGE_LOOP('',(#17945,#17946,#17947,#17948));
#17945 = ORIENTED_EDGE('',*,*,#10126,.T.);
#17946 = ORIENTED_EDGE('',*,*,#10173,.F.);
#17947 = ORIENTED_EDGE('',*,*,#10246,.F.);
#17948 = ORIENTED_EDGE('',*,*,#10272,.T.);
#17949 = FACE_BOUND('',#17950,.T.);
#17950 = EDGE_LOOP('',(#17951,#17952,#17953,#17954));
#17951 = ORIENTED_EDGE('',*,*,#10322,.T.);
#17952 = ORIENTED_EDGE('',*,*,#10369,.F.);
#17953 = ORIENTED_EDGE('',*,*,#10442,.F.);
#17954 = ORIENTED_EDGE('',*,*,#10468,.T.);
#17955 = FACE_BOUND('',#17956,.T.);
#17956 = EDGE_LOOP('',(#17957,#17958,#17959,#17960));
#17957 = ORIENTED_EDGE('',*,*,#10518,.T.);
#17958 = ORIENTED_EDGE('',*,*,#10565,.F.);
#17959 = ORIENTED_EDGE('',*,*,#10638,.F.);
#17960 = ORIENTED_EDGE('',*,*,#10663,.T.);
#17961 = FACE_BOUND('',#17962,.T.);
#17962 = EDGE_LOOP('',(#17963,#17964,#17965,#17966));
#17963 = ORIENTED_EDGE('',*,*,#10714,.T.);
#17964 = ORIENTED_EDGE('',*,*,#10761,.F.);
#17965 = ORIENTED_EDGE('',*,*,#10834,.F.);
#17966 = ORIENTED_EDGE('',*,*,#10859,.T.);
#17967 = FACE_BOUND('',#17968,.T.);
#17968 = EDGE_LOOP('',(#17969,#17970,#17971,#17972));
#17969 = ORIENTED_EDGE('',*,*,#10910,.T.);
#17970 = ORIENTED_EDGE('',*,*,#10957,.F.);
#17971 = ORIENTED_EDGE('',*,*,#11030,.F.);
#17972 = ORIENTED_EDGE('',*,*,#11055,.T.);
#17973 = ADVANCED_FACE('',(#17974),#9949,.F.);
#17974 = FACE_BOUND('',#17975,.F.);
#17975 = EDGE_LOOP('',(#17976,#17977,#17998,#17999));
#17976 = ORIENTED_EDGE('',*,*,#17735,.F.);
#17977 = ORIENTED_EDGE('',*,*,#17978,.T.);
#17978 = EDGE_CURVE('',#17736,#15534,#17979,.T.);
#17979 = SURFACE_CURVE('',#17980,(#17984,#17991),.PCURVE_S1.);
#17980 = LINE('',#17981,#17982);
#17981 = CARTESIAN_POINT('',(9.,118.61879502661,-87.53553390593));
#17982 = VECTOR('',#17983,1.);
#17983 = DIRECTION('',(0.,-0.707106781187,0.707106781187));
#17984 = PCURVE('',#9949,#17985);
#17985 = DEFINITIONAL_REPRESENTATION('',(#17986),#17990);
#17986 = LINE('',#17987,#17988);
#17987 = CARTESIAN_POINT('',(0.,0.));
#17988 = VECTOR('',#17989,1.);
#17989 = DIRECTION('',(1.,0.));
#17990 = ( GEOMETRIC_REPRESENTATION_CONTEXT(2) 
PARAMETRIC_REPRESENTATION_CONTEXT() REPRESENTATION_CONTEXT('2D SPACE',''
  ) );
#17991 = PCURVE('',#15549,#17992);
#17992 = DEFINITIONAL_REPRESENTATION('',(#17993),#17997);
#17993 = LINE('',#17994,#17995);
#17994 = CARTESIAN_POINT('',(1.42108547152E-14,-68.));
#17995 = VECTOR('',#17996,1.);
#17996 = DIRECTION('',(1.,0.));
#17997 = ( GEOMETRIC_REPRESENTATION_CONTEXT(2) 
PARAMETRIC_REPRESENTATION_CONTEXT() REPRESENTATION_CONTEXT('2D SPACE',''
  ) );
#17998 = ORIENTED_EDGE('',*,*,#15561,.T.);
#17999 = ORIENTED_EDGE('',*,*,#9933,.F.);
#18000 = ADVANCED_FACE('',(#18001),#11450,.T.);
#18001 = FACE_BOUND('',#18002,.T.);
#18002 = EDGE_LOOP('',(#18003,#18004,#18025,#18026));
#18003 = ORIENTED_EDGE('',*,*,#17781,.F.);
#18004 = ORIENTED_EDGE('',*,*,#18005,.T.);
#18005 = EDGE_CURVE('',#17759,#15511,#18006,.T.);
#18006 = SURFACE_CURVE('',#18007,(#18011,#18018),.PCURVE_S1.);
#18007 = LINE('',#18008,#18009);
#18008 = CARTESIAN_POINT('',(9.,70.535533905933,-135.6187950266));
#18009 = VECTOR('',#18010,1.);
#18010 = DIRECTION('',(0.,-0.707106781187,0.707106781187));
#18011 = PCURVE('',#11450,#18012);
#18012 = DEFINITIONAL_REPRESENTATION('',(#18013),#18017);
#18013 = LINE('',#18014,#18015);
#18014 = CARTESIAN_POINT('',(0.,0.));
#18015 = VECTOR('',#18016,1.);
#18016 = DIRECTION('',(1.,0.));
#18017 = ( GEOMETRIC_REPRESENTATION_CONTEXT(2) 
PARAMETRIC_REPRESENTATION_CONTEXT() REPRESENTATION_CONTEXT('2D SPACE',''
  ) );
#18018 = PCURVE('',#15549,#18019);
#18019 = DEFINITIONAL_REPRESENTATION('',(#18020),#18024);
#18020 = LINE('',#18021,#18022);
#18021 = CARTESIAN_POINT('',(0.,0.));
#18022 = VECTOR('',#18023,1.);
#18023 = DIRECTION('',(1.,0.));
#18024 = ( GEOMETRIC_REPRESENTATION_CONTEXT(2) 
PARAMETRIC_REPRESENTATION_CONTEXT() REPRESENTATION_CONTEXT('2D SPACE',''
  ) );
#18025 = ORIENTED_EDGE('',*,*,#15510,.T.);
#18026 = ORIENTED_EDGE('',*,*,#11436,.F.);
#18027 = ADVANCED_FACE('',(#18028),#11774,.T.);
#18028 = FACE_BOUND('',#18029,.T.);
#18029 = EDGE_LOOP('',(#18030,#18031,#18032,#18033,#18056,#18079,#18100,
    #18101,#18102,#18103,#18126,#18149));
#18030 = ORIENTED_EDGE('',*,*,#13097,.F.);
#18031 = ORIENTED_EDGE('',*,*,#11758,.T.);
#18032 = ORIENTED_EDGE('',*,*,#14871,.T.);
#18033 = ORIENTED_EDGE('',*,*,#18034,.T.);
#18034 = EDGE_CURVE('',#14844,#18035,#18037,.T.);
#18035 = VERTEX_POINT('',#18036);
#18036 = CARTESIAN_POINT('',(135.,63.464466094067,-137.0330085889));
#18037 = SURFACE_CURVE('',#18038,(#18042,#18049),.PCURVE_S1.);
#18038 = LINE('',#18039,#18040);
#18039 = CARTESIAN_POINT('',(131.,63.464466094067,-137.0330085889));
#18040 = VECTOR('',#18041,1.);
#18041 = DIRECTION('',(1.,0.,0.));
#18042 = PCURVE('',#11774,#18043);
#18043 = DEFINITIONAL_REPRESENTATION('',(#18044),#18048);
#18044 = LINE('',#18045,#18046);
#18045 = CARTESIAN_POINT('',(10.,26.));
#18046 = VECTOR('',#18047,1.);
#18047 = DIRECTION('',(1.,0.));
#18048 = ( GEOMETRIC_REPRESENTATION_CONTEXT(2) 
PARAMETRIC_REPRESENTATION_CONTEXT() REPRESENTATION_CONTEXT('2D SPACE',''
  ) );
#18049 = PCURVE('',#14859,#18050);
#18050 = DEFINITIONAL_REPRESENTATION('',(#18051),#18055);
#18051 = LINE('',#18052,#18053);
#18052 = CARTESIAN_POINT('',(0.,0.));
#18053 = VECTOR('',#18054,1.);
#18054 = DIRECTION('',(0.,1.));
#18055 = ( GEOMETRIC_REPRESENTATION_CONTEXT(2) 
PARAMETRIC_REPRESENTATION_CONTEXT() REPRESENTATION_CONTEXT('2D SPACE',''
  ) );
#18056 = ORIENTED_EDGE('',*,*,#18057,.F.);
#18057 = EDGE_CURVE('',#18058,#18035,#18060,.T.);
#18058 = VERTEX_POINT('',#18059);
#18059 = CARTESIAN_POINT('',(135.,120.03300858899,-80.46446609406));
#18060 = SURFACE_CURVE('',#18061,(#18065,#18072),.PCURVE_S1.);
#18061 = LINE('',#18062,#18063);
#18062 = CARTESIAN_POINT('',(135.,45.079689783217,-155.4177848998));
#18063 = VECTOR('',#18064,1.);
#18064 = DIRECTION('',(0.,-0.707106781187,-0.707106781187));
#18065 = PCURVE('',#11774,#18066);
#18066 = DEFINITIONAL_REPRESENTATION('',(#18067),#18071);
#18067 = LINE('',#18068,#18069);
#18068 = CARTESIAN_POINT('',(14.,0.));
#18069 = VECTOR('',#18070,1.);
#18070 = DIRECTION('',(0.,-1.));
#18071 = ( GEOMETRIC_REPRESENTATION_CONTEXT(2) 
PARAMETRIC_REPRESENTATION_CONTEXT() REPRESENTATION_CONTEXT('2D SPACE',''
  ) );
#18072 = PCURVE('',#16065,#18073);
#18073 = DEFINITIONAL_REPRESENTATION('',(#18074),#18078);
#18074 = LINE('',#18075,#18076);
#18075 = CARTESIAN_POINT('',(7.,1.59872115546E-14));
#18076 = VECTOR('',#18077,1.);
#18077 = DIRECTION('',(0.,1.));
#18078 = ( GEOMETRIC_REPRESENTATION_CONTEXT(2) 
PARAMETRIC_REPRESENTATION_CONTEXT() REPRESENTATION_CONTEXT('2D SPACE',''
  ) );
#18079 = ORIENTED_EDGE('',*,*,#18080,.F.);
#18080 = EDGE_CURVE('',#14525,#18058,#18081,.T.);
#18081 = SURFACE_CURVE('',#18082,(#18086,#18093),.PCURVE_S1.);
#18082 = LINE('',#18083,#18084);
#18083 = CARTESIAN_POINT('',(131.,120.03300858899,-80.46446609406));
#18084 = VECTOR('',#18085,1.);
#18085 = DIRECTION('',(1.,0.,0.));
#18086 = PCURVE('',#11774,#18087);
#18087 = DEFINITIONAL_REPRESENTATION('',(#18088),#18092);
#18088 = LINE('',#18089,#18090);
#18089 = CARTESIAN_POINT('',(10.,106.));
#18090 = VECTOR('',#18091,1.);
#18091 = DIRECTION('',(1.,0.));
#18092 = ( GEOMETRIC_REPRESENTATION_CONTEXT(2) 
PARAMETRIC_REPRESENTATION_CONTEXT() REPRESENTATION_CONTEXT('2D SPACE',''
  ) );
#18093 = PCURVE('',#14563,#18094);
#18094 = DEFINITIONAL_REPRESENTATION('',(#18095),#18099);
#18095 = LINE('',#18096,#18097);
#18096 = CARTESIAN_POINT('',(0.,0.));
#18097 = VECTOR('',#18098,1.);
#18098 = DIRECTION('',(0.,1.));
#18099 = ( GEOMETRIC_REPRESENTATION_CONTEXT(2) 
PARAMETRIC_REPRESENTATION_CONTEXT() REPRESENTATION_CONTEXT('2D SPACE',''
  ) );
#18100 = ORIENTED_EDGE('',*,*,#14524,.T.);
#18101 = ORIENTED_EDGE('',*,*,#11921,.F.);
#18102 = ORIENTED_EDGE('',*,*,#11969,.F.);
#18103 = ORIENTED_EDGE('',*,*,#18104,.T.);
#18104 = EDGE_CURVE('',#11970,#18105,#18107,.T.);
#18105 = VERTEX_POINT('',#18106);
#18106 = CARTESIAN_POINT('',(131.,115.79036790187,-84.70710678118));
#18107 = SURFACE_CURVE('',#18108,(#18112,#18119),.PCURVE_S1.);
#18108 = LINE('',#18109,#18110);
#18109 = CARTESIAN_POINT('',(121.,115.79036790187,-84.70710678118));
#18110 = VECTOR('',#18111,1.);
#18111 = DIRECTION('',(1.,0.,0.));
#18112 = PCURVE('',#11774,#18113);
#18113 = DEFINITIONAL_REPRESENTATION('',(#18114),#18118);
#18114 = LINE('',#18115,#18116);
#18115 = CARTESIAN_POINT('',(0.,100.));
#18116 = VECTOR('',#18117,1.);
#18117 = DIRECTION('',(1.,0.));
#18118 = ( GEOMETRIC_REPRESENTATION_CONTEXT(2) 
PARAMETRIC_REPRESENTATION_CONTEXT() REPRESENTATION_CONTEXT('2D SPACE',''
  ) );
#18119 = PCURVE('',#12008,#18120);
#18120 = DEFINITIONAL_REPRESENTATION('',(#18121),#18125);
#18121 = LINE('',#18122,#18123);
#18122 = CARTESIAN_POINT('',(4.,0.));
#18123 = VECTOR('',#18124,1.);
#18124 = DIRECTION('',(0.,1.));
#18125 = ( GEOMETRIC_REPRESENTATION_CONTEXT(2) 
PARAMETRIC_REPRESENTATION_CONTEXT() REPRESENTATION_CONTEXT('2D SPACE',''
  ) );
#18126 = ORIENTED_EDGE('',*,*,#18127,.F.);
#18127 = EDGE_CURVE('',#18128,#18105,#18130,.T.);
#18128 = VERTEX_POINT('',#18129);
#18129 = CARTESIAN_POINT('',(131.,67.707106781187,-132.7903679018));
#18130 = SURFACE_CURVE('',#18131,(#18135,#18142),.PCURVE_S1.);
#18131 = LINE('',#18132,#18133);
#18132 = CARTESIAN_POINT('',(131.,67.707106781187,-132.7903679018));
#18133 = VECTOR('',#18134,1.);
#18134 = DIRECTION('',(0.,0.707106781187,0.707106781187));
#18135 = PCURVE('',#11774,#18136);
#18136 = DEFINITIONAL_REPRESENTATION('',(#18137),#18141);
#18137 = LINE('',#18138,#18139);
#18138 = CARTESIAN_POINT('',(10.,32.));
#18139 = VECTOR('',#18140,1.);
#18140 = DIRECTION('',(0.,1.));
#18141 = ( GEOMETRIC_REPRESENTATION_CONTEXT(2) 
PARAMETRIC_REPRESENTATION_CONTEXT() REPRESENTATION_CONTEXT('2D SPACE',''
  ) );
#18142 = PCURVE('',#17864,#18143);
#18143 = DEFINITIONAL_REPRESENTATION('',(#18144),#18148);
#18144 = LINE('',#18145,#18146);
#18145 = CARTESIAN_POINT('',(4.,-9.769962616701E-15));
#18146 = VECTOR('',#18147,1.);
#18147 = DIRECTION('',(0.,-1.));
#18148 = ( GEOMETRIC_REPRESENTATION_CONTEXT(2) 
PARAMETRIC_REPRESENTATION_CONTEXT() REPRESENTATION_CONTEXT('2D SPACE',''
  ) );
#18149 = ORIENTED_EDGE('',*,*,#18150,.F.);
#18150 = EDGE_CURVE('',#13098,#18128,#18151,.T.);
#18151 = SURFACE_CURVE('',#18152,(#18156,#18163),.PCURVE_S1.);
#18152 = LINE('',#18153,#18154);
#18153 = CARTESIAN_POINT('',(121.,67.707106781187,-132.7903679018));
#18154 = VECTOR('',#18155,1.);
#18155 = DIRECTION('',(1.,0.,0.));
#18156 = PCURVE('',#11774,#18157);
#18157 = DEFINITIONAL_REPRESENTATION('',(#18158),#18162);
#18158 = LINE('',#18159,#18160);
#18159 = CARTESIAN_POINT('',(0.,32.));
#18160 = VECTOR('',#18161,1.);
#18161 = DIRECTION('',(1.,0.));
#18162 = ( GEOMETRIC_REPRESENTATION_CONTEXT(2) 
PARAMETRIC_REPRESENTATION_CONTEXT() REPRESENTATION_CONTEXT('2D SPACE',''
  ) );
#18163 = PCURVE('',#13296,#18164);
#18164 = DEFINITIONAL_REPRESENTATION('',(#18165),#18169);
#18165 = LINE('',#18166,#18167);
#18166 = CARTESIAN_POINT('',(4.,0.));
#18167 = VECTOR('',#18168,1.);
#18168 = DIRECTION('',(0.,1.));
#18169 = ( GEOMETRIC_REPRESENTATION_CONTEXT(2) 
PARAMETRIC_REPRESENTATION_CONTEXT() REPRESENTATION_CONTEXT('2D SPACE',''
  ) );
#18170 = ADVANCED_FACE('',(#18171),#12008,.F.);
#18171 = FACE_BOUND('',#18172,.F.);
#18172 = EDGE_LOOP('',(#18173,#18174,#18175,#18176));
#18173 = ORIENTED_EDGE('',*,*,#17876,.F.);
#18174 = ORIENTED_EDGE('',*,*,#11992,.T.);
#18175 = ORIENTED_EDGE('',*,*,#18104,.T.);
#18176 = ORIENTED_EDGE('',*,*,#18177,.F.);
#18177 = EDGE_CURVE('',#17849,#18105,#18178,.T.);
#18178 = SURFACE_CURVE('',#18179,(#18183,#18190),.PCURVE_S1.);
#18179 = LINE('',#18180,#18181);
#18180 = CARTESIAN_POINT('',(131.,118.61879502661,-87.53553390593));
#18181 = VECTOR('',#18182,1.);
#18182 = DIRECTION('',(0.,-0.707106781187,0.707106781187));
#18183 = PCURVE('',#12008,#18184);
#18184 = DEFINITIONAL_REPRESENTATION('',(#18185),#18189);
#18185 = LINE('',#18186,#18187);
#18186 = CARTESIAN_POINT('',(0.,10.));
#18187 = VECTOR('',#18188,1.);
#18188 = DIRECTION('',(1.,0.));
#18189 = ( GEOMETRIC_REPRESENTATION_CONTEXT(2) 
PARAMETRIC_REPRESENTATION_CONTEXT() REPRESENTATION_CONTEXT('2D SPACE',''
  ) );
#18190 = PCURVE('',#17864,#18191);
#18191 = DEFINITIONAL_REPRESENTATION('',(#18192),#18196);
#18192 = LINE('',#18193,#18194);
#18193 = CARTESIAN_POINT('',(1.42108547152E-14,-68.));
#18194 = VECTOR('',#18195,1.);
#18195 = DIRECTION('',(1.,0.));
#18196 = ( GEOMETRIC_REPRESENTATION_CONTEXT(2) 
PARAMETRIC_REPRESENTATION_CONTEXT() REPRESENTATION_CONTEXT('2D SPACE',''
  ) );
#18197 = ADVANCED_FACE('',(#18198),#13296,.T.);
#18198 = FACE_BOUND('',#18199,.T.);
#18199 = EDGE_LOOP('',(#18200,#18201,#18202,#18203));
#18200 = ORIENTED_EDGE('',*,*,#17825,.F.);
#18201 = ORIENTED_EDGE('',*,*,#13282,.T.);
#18202 = ORIENTED_EDGE('',*,*,#18150,.T.);
#18203 = ORIENTED_EDGE('',*,*,#18204,.F.);
#18204 = EDGE_CURVE('',#17826,#18128,#18205,.T.);
#18205 = SURFACE_CURVE('',#18206,(#18210,#18217),.PCURVE_S1.);
#18206 = LINE('',#18207,#18208);
#18207 = CARTESIAN_POINT('',(131.,70.535533905933,-135.6187950266));
#18208 = VECTOR('',#18209,1.);
#18209 = DIRECTION('',(0.,-0.707106781187,0.707106781187));
#18210 = PCURVE('',#13296,#18211);
#18211 = DEFINITIONAL_REPRESENTATION('',(#18212),#18216);
#18212 = LINE('',#18213,#18214);
#18213 = CARTESIAN_POINT('',(0.,10.));
#18214 = VECTOR('',#18215,1.);
#18215 = DIRECTION('',(1.,0.));
#18216 = ( GEOMETRIC_REPRESENTATION_CONTEXT(2) 
PARAMETRIC_REPRESENTATION_CONTEXT() REPRESENTATION_CONTEXT('2D SPACE',''
  ) );
#18217 = PCURVE('',#17864,#18218);
#18218 = DEFINITIONAL_REPRESENTATION('',(#18219),#18223);
#18219 = LINE('',#18220,#18221);
#18220 = CARTESIAN_POINT('',(0.,0.));
#18221 = VECTOR('',#18222,1.);
#18222 = DIRECTION('',(1.,0.));
#18223 = ( GEOMETRIC_REPRESENTATION_CONTEXT(2) 
PARAMETRIC_REPRESENTATION_CONTEXT() REPRESENTATION_CONTEXT('2D SPACE',''
  ) );
#18224 = ADVANCED_FACE('',(#18225),#14563,.F.);
#18225 = FACE_BOUND('',#18226,.F.);
#18226 = EDGE_LOOP('',(#18227,#18248,#18249,#18250));
#18227 = ORIENTED_EDGE('',*,*,#18228,.F.);
#18228 = EDGE_CURVE('',#18058,#16048,#18229,.T.);
#18229 = SURFACE_CURVE('',#18230,(#18234,#18241),.PCURVE_S1.);
#18230 = LINE('',#18231,#18232);
#18231 = CARTESIAN_POINT('',(135.,120.03300858899,-80.46446609406));
#18232 = VECTOR('',#18233,1.);
#18233 = DIRECTION('',(0.,-0.707106781187,0.707106781187));
#18234 = PCURVE('',#14563,#18235);
#18235 = DEFINITIONAL_REPRESENTATION('',(#18236),#18240);
#18236 = LINE('',#18237,#18238);
#18237 = CARTESIAN_POINT('',(0.,4.));
#18238 = VECTOR('',#18239,1.);
#18239 = DIRECTION('',(1.,0.));
#18240 = ( GEOMETRIC_REPRESENTATION_CONTEXT(2) 
PARAMETRIC_REPRESENTATION_CONTEXT() REPRESENTATION_CONTEXT('2D SPACE',''
  ) );
#18241 = PCURVE('',#16065,#18242);
#18242 = DEFINITIONAL_REPRESENTATION('',(#18243),#18247);
#18243 = LINE('',#18244,#18245);
#18244 = CARTESIAN_POINT('',(7.,-106.));
#18245 = VECTOR('',#18246,1.);
#18246 = DIRECTION('',(1.,0.));
#18247 = ( GEOMETRIC_REPRESENTATION_CONTEXT(2) 
PARAMETRIC_REPRESENTATION_CONTEXT() REPRESENTATION_CONTEXT('2D SPACE',''
  ) );
#18248 = ORIENTED_EDGE('',*,*,#18080,.F.);
#18249 = ORIENTED_EDGE('',*,*,#14547,.T.);
#18250 = ORIENTED_EDGE('',*,*,#16101,.T.);
#18251 = ADVANCED_FACE('',(#18252),#14859,.T.);
#18252 = FACE_BOUND('',#18253,.T.);
#18253 = EDGE_LOOP('',(#18254,#18275,#18276,#18277));
#18254 = ORIENTED_EDGE('',*,*,#18255,.F.);
#18255 = EDGE_CURVE('',#18035,#17622,#18256,.T.);
#18256 = SURFACE_CURVE('',#18257,(#18261,#18268),.PCURVE_S1.);
#18257 = LINE('',#18258,#18259);
#18258 = CARTESIAN_POINT('',(135.,63.464466094067,-137.0330085889));
#18259 = VECTOR('',#18260,1.);
#18260 = DIRECTION('',(0.,-0.707106781187,0.707106781187));
#18261 = PCURVE('',#14859,#18262);
#18262 = DEFINITIONAL_REPRESENTATION('',(#18263),#18267);
#18263 = LINE('',#18264,#18265);
#18264 = CARTESIAN_POINT('',(0.,4.));
#18265 = VECTOR('',#18266,1.);
#18266 = DIRECTION('',(1.,0.));
#18267 = ( GEOMETRIC_REPRESENTATION_CONTEXT(2) 
PARAMETRIC_REPRESENTATION_CONTEXT() REPRESENTATION_CONTEXT('2D SPACE',''
  ) );
#18268 = PCURVE('',#16065,#18269);
#18269 = DEFINITIONAL_REPRESENTATION('',(#18270),#18274);
#18270 = LINE('',#18271,#18272);
#18271 = CARTESIAN_POINT('',(7.,-26.));
#18272 = VECTOR('',#18273,1.);
#18273 = DIRECTION('',(1.,0.));
#18274 = ( GEOMETRIC_REPRESENTATION_CONTEXT(2) 
PARAMETRIC_REPRESENTATION_CONTEXT() REPRESENTATION_CONTEXT('2D SPACE',''
  ) );
#18275 = ORIENTED_EDGE('',*,*,#18034,.F.);
#18276 = ORIENTED_EDGE('',*,*,#14843,.T.);
#18277 = ORIENTED_EDGE('',*,*,#17644,.T.);
#18278 = ADVANCED_FACE('',(#18279),#14660,.F.);
#18279 = FACE_BOUND('',#18280,.F.);
#18280 = EDGE_LOOP('',(#18281,#18304,#18305,#18306));
#18281 = ORIENTED_EDGE('',*,*,#18282,.F.);
#18282 = EDGE_CURVE('',#15996,#18283,#18285,.T.);
#18283 = VERTEX_POINT('',#18284);
#18284 = CARTESIAN_POINT('',(135.,105.89087296526,-66.32233047033));
#18285 = SURFACE_CURVE('',#18286,(#18290,#18297),.PCURVE_S1.);
#18286 = LINE('',#18287,#18288);
#18287 = CARTESIAN_POINT('',(135.,120.03300858899,-80.46446609406));
#18288 = VECTOR('',#18289,1.);
#18289 = DIRECTION('',(0.,-0.707106781187,0.707106781187));
#18290 = PCURVE('',#14660,#18291);
#18291 = DEFINITIONAL_REPRESENTATION('',(#18292),#18296);
#18292 = LINE('',#18293,#18294);
#18293 = CARTESIAN_POINT('',(0.,4.));
#18294 = VECTOR('',#18295,1.);
#18295 = DIRECTION('',(1.,0.));
#18296 = ( GEOMETRIC_REPRESENTATION_CONTEXT(2) 
PARAMETRIC_REPRESENTATION_CONTEXT() REPRESENTATION_CONTEXT('2D SPACE',''
  ) );
#18297 = PCURVE('',#16011,#18298);
#18298 = DEFINITIONAL_REPRESENTATION('',(#18299),#18303);
#18299 = LINE('',#18300,#18301);
#18300 = CARTESIAN_POINT('',(7.,-106.));
#18301 = VECTOR('',#18302,1.);
#18302 = DIRECTION('',(1.,0.));
#18303 = ( GEOMETRIC_REPRESENTATION_CONTEXT(2) 
PARAMETRIC_REPRESENTATION_CONTEXT() REPRESENTATION_CONTEXT('2D SPACE',''
  ) );
#18304 = ORIENTED_EDGE('',*,*,#16023,.T.);
#18305 = ORIENTED_EDGE('',*,*,#14644,.T.);
#18306 = ORIENTED_EDGE('',*,*,#18307,.T.);
#18307 = EDGE_CURVE('',#14645,#18283,#18308,.T.);
#18308 = SURFACE_CURVE('',#18309,(#18313,#18320),.PCURVE_S1.);
#18309 = LINE('',#18310,#18311);
#18310 = CARTESIAN_POINT('',(139.,108.71930009,-69.15075759508));
#18311 = VECTOR('',#18312,1.);
#18312 = DIRECTION('',(0.707106781187,0.5,-0.5));
#18313 = PCURVE('',#14660,#18314);
#18314 = DEFINITIONAL_REPRESENTATION('',(#18315),#18319);
#18315 = LINE('',#18316,#18317);
#18316 = CARTESIAN_POINT('',(16.,8.));
#18317 = VECTOR('',#18318,1.);
#18318 = DIRECTION('',(-0.707106781187,0.707106781187));
#18319 = ( GEOMETRIC_REPRESENTATION_CONTEXT(2) 
PARAMETRIC_REPRESENTATION_CONTEXT() REPRESENTATION_CONTEXT('2D SPACE',''
  ) );
#18320 = PCURVE('',#14688,#18321);
#18321 = DEFINITIONAL_REPRESENTATION('',(#18322),#18326);
#18322 = LINE('',#18323,#18324);
#18323 = CARTESIAN_POINT('',(5.656854249492,-26.));
#18324 = VECTOR('',#18325,1.);
#18325 = DIRECTION('',(1.,-0.));
#18326 = ( GEOMETRIC_REPRESENTATION_CONTEXT(2) 
PARAMETRIC_REPRESENTATION_CONTEXT() REPRESENTATION_CONTEXT('2D SPACE',''
  ) );
#18327 = ADVANCED_FACE('',(#18328),#14688,.F.);
#18328 = FACE_BOUND('',#18329,.T.);
#18329 = EDGE_LOOP('',(#18330,#18331,#18332,#18353,#18354,#18355,#18356,
    #18377,#18378,#18379,#18380,#18401,#18402,#18403,#18404,#18425,
    #18426,#18427,#18428,#18451));
#18330 = ORIENTED_EDGE('',*,*,#14672,.F.);
#18331 = ORIENTED_EDGE('',*,*,#18307,.T.);
#18332 = ORIENTED_EDGE('',*,*,#18333,.T.);
#18333 = EDGE_CURVE('',#18283,#15973,#18334,.T.);
#18334 = SURFACE_CURVE('',#18335,(#18339,#18346),.PCURVE_S1.);
#18335 = LINE('',#18336,#18337);
#18336 = CARTESIAN_POINT('',(135.,124.27564927611,-47.93755415948));
#18337 = VECTOR('',#18338,1.);
#18338 = DIRECTION('',(-0.,-0.707106781187,-0.707106781187));
#18339 = PCURVE('',#14688,#18340);
#18340 = DEFINITIONAL_REPRESENTATION('',(#18341),#18345);
#18341 = LINE('',#18342,#18343);
#18342 = CARTESIAN_POINT('',(-0.,0.));
#18343 = VECTOR('',#18344,1.);
#18344 = DIRECTION('',(-0.,-1.));
#18345 = ( GEOMETRIC_REPRESENTATION_CONTEXT(2) 
PARAMETRIC_REPRESENTATION_CONTEXT() REPRESENTATION_CONTEXT('2D SPACE',''
  ) );
#18346 = PCURVE('',#16011,#18347);
#18347 = DEFINITIONAL_REPRESENTATION('',(#18348),#18352);
#18348 = LINE('',#18349,#18350);
#18349 = CARTESIAN_POINT('',(27.,-132.));
#18350 = VECTOR('',#18351,1.);
#18351 = DIRECTION('',(0.,1.));
#18352 = ( GEOMETRIC_REPRESENTATION_CONTEXT(2) 
PARAMETRIC_REPRESENTATION_CONTEXT() REPRESENTATION_CONTEXT('2D SPACE',''
  ) );
#18353 = ORIENTED_EDGE('',*,*,#15972,.T.);
#18354 = ORIENTED_EDGE('',*,*,#16125,.T.);
#18355 = ORIENTED_EDGE('',*,*,#16223,.T.);
#18356 = ORIENTED_EDGE('',*,*,#18357,.T.);
#18357 = EDGE_CURVE('',#16224,#16345,#18358,.T.);
#18358 = SURFACE_CURVE('',#18359,(#18363,#18370),.PCURVE_S1.);
#18359 = LINE('',#18360,#18361);
#18360 = CARTESIAN_POINT('',(135.,124.27564927611,-47.93755415948));
#18361 = VECTOR('',#18362,1.);
#18362 = DIRECTION('',(-0.,-0.707106781187,-0.707106781187));
#18363 = PCURVE('',#14688,#18364);
#18364 = DEFINITIONAL_REPRESENTATION('',(#18365),#18369);
#18365 = LINE('',#18366,#18367);
#18366 = CARTESIAN_POINT('',(-0.,0.));
#18367 = VECTOR('',#18368,1.);
#18368 = DIRECTION('',(-0.,-1.));
#18369 = ( GEOMETRIC_REPRESENTATION_CONTEXT(2) 
PARAMETRIC_REPRESENTATION_CONTEXT() REPRESENTATION_CONTEXT('2D SPACE',''
  ) );
#18370 = PCURVE('',#16065,#18371);
#18371 = DEFINITIONAL_REPRESENTATION('',(#18372),#18376);
#18372 = LINE('',#18373,#18374);
#18373 = CARTESIAN_POINT('',(27.,-132.));
#18374 = VECTOR('',#18375,1.);
#18375 = DIRECTION('',(0.,1.));
#18376 = ( GEOMETRIC_REPRESENTATION_CONTEXT(2) 
PARAMETRIC_REPRESENTATION_CONTEXT() REPRESENTATION_CONTEXT('2D SPACE',''
  ) );
#18377 = ORIENTED_EDGE('',*,*,#16392,.T.);
#18378 = ORIENTED_EDGE('',*,*,#16465,.T.);
#18379 = ORIENTED_EDGE('',*,*,#16563,.T.);
#18380 = ORIENTED_EDGE('',*,*,#18381,.T.);
#18381 = EDGE_CURVE('',#16564,#16847,#18382,.T.);
#18382 = SURFACE_CURVE('',#18383,(#18387,#18394),.PCURVE_S1.);
#18383 = LINE('',#18384,#18385);
#18384 = CARTESIAN_POINT('',(135.,124.27564927611,-47.93755415948));
#18385 = VECTOR('',#18386,1.);
#18386 = DIRECTION('',(-0.,-0.707106781187,-0.707106781187));
#18387 = PCURVE('',#14688,#18388);
#18388 = DEFINITIONAL_REPRESENTATION('',(#18389),#18393);
#18389 = LINE('',#18390,#18391);
#18390 = CARTESIAN_POINT('',(-0.,0.));
#18391 = VECTOR('',#18392,1.);
#18392 = DIRECTION('',(-0.,-1.));
#18393 = ( GEOMETRIC_REPRESENTATION_CONTEXT(2) 
PARAMETRIC_REPRESENTATION_CONTEXT() REPRESENTATION_CONTEXT('2D SPACE',''
  ) );
#18394 = PCURVE('',#16065,#18395);
#18395 = DEFINITIONAL_REPRESENTATION('',(#18396),#18400);
#18396 = LINE('',#18397,#18398);
#18397 = CARTESIAN_POINT('',(27.,-132.));
#18398 = VECTOR('',#18399,1.);
#18399 = DIRECTION('',(0.,1.));
#18400 = ( GEOMETRIC_REPRESENTATION_CONTEXT(2) 
PARAMETRIC_REPRESENTATION_CONTEXT() REPRESENTATION_CONTEXT('2D SPACE',''
  ) );
#18401 = ORIENTED_EDGE('',*,*,#16894,.T.);
#18402 = ORIENTED_EDGE('',*,*,#16967,.T.);
#18403 = ORIENTED_EDGE('',*,*,#17065,.T.);
#18404 = ORIENTED_EDGE('',*,*,#18405,.T.);
#18405 = EDGE_CURVE('',#17066,#17187,#18406,.T.);
#18406 = SURFACE_CURVE('',#18407,(#18411,#18418),.PCURVE_S1.);
#18407 = LINE('',#18408,#18409);
#18408 = CARTESIAN_POINT('',(135.,124.27564927611,-47.93755415948));
#18409 = VECTOR('',#18410,1.);
#18410 = DIRECTION('',(-0.,-0.707106781187,-0.707106781187));
#18411 = PCURVE('',#14688,#18412);
#18412 = DEFINITIONAL_REPRESENTATION('',(#18413),#18417);
#18413 = LINE('',#18414,#18415);
#18414 = CARTESIAN_POINT('',(-0.,0.));
#18415 = VECTOR('',#18416,1.);
#18416 = DIRECTION('',(-0.,-1.));
#18417 = ( GEOMETRIC_REPRESENTATION_CONTEXT(2) 
PARAMETRIC_REPRESENTATION_CONTEXT() REPRESENTATION_CONTEXT('2D SPACE',''
  ) );
#18418 = PCURVE('',#16065,#18419);
#18419 = DEFINITIONAL_REPRESENTATION('',(#18420),#18424);
#18420 = LINE('',#18421,#18422);
#18421 = CARTESIAN_POINT('',(27.,-132.));
#18422 = VECTOR('',#18423,1.);
#18423 = DIRECTION('',(0.,1.));
#18424 = ( GEOMETRIC_REPRESENTATION_CONTEXT(2) 
PARAMETRIC_REPRESENTATION_CONTEXT() REPRESENTATION_CONTEXT('2D SPACE',''
  ) );
#18425 = ORIENTED_EDGE('',*,*,#17234,.T.);
#18426 = ORIENTED_EDGE('',*,*,#17307,.T.);
#18427 = ORIENTED_EDGE('',*,*,#17405,.T.);
#18428 = ORIENTED_EDGE('',*,*,#18429,.T.);
#18429 = EDGE_CURVE('',#17406,#18430,#18432,.T.);
#18430 = VERTEX_POINT('',#18431);
#18431 = CARTESIAN_POINT('',(135.,49.322330470336,-122.8908729652));
#18432 = SURFACE_CURVE('',#18433,(#18437,#18444),.PCURVE_S1.);
#18433 = LINE('',#18434,#18435);
#18434 = CARTESIAN_POINT('',(135.,124.27564927611,-47.93755415948));
#18435 = VECTOR('',#18436,1.);
#18436 = DIRECTION('',(-0.,-0.707106781187,-0.707106781187));
#18437 = PCURVE('',#14688,#18438);
#18438 = DEFINITIONAL_REPRESENTATION('',(#18439),#18443);
#18439 = LINE('',#18440,#18441);
#18440 = CARTESIAN_POINT('',(-0.,0.));
#18441 = VECTOR('',#18442,1.);
#18442 = DIRECTION('',(-0.,-1.));
#18443 = ( GEOMETRIC_REPRESENTATION_CONTEXT(2) 
PARAMETRIC_REPRESENTATION_CONTEXT() REPRESENTATION_CONTEXT('2D SPACE',''
  ) );
#18444 = PCURVE('',#16065,#18445);
#18445 = DEFINITIONAL_REPRESENTATION('',(#18446),#18450);
#18446 = LINE('',#18447,#18448);
#18447 = CARTESIAN_POINT('',(27.,-132.));
#18448 = VECTOR('',#18449,1.);
#18449 = DIRECTION('',(0.,1.));
#18450 = ( GEOMETRIC_REPRESENTATION_CONTEXT(2) 
PARAMETRIC_REPRESENTATION_CONTEXT() REPRESENTATION_CONTEXT('2D SPACE',''
  ) );
#18451 = ORIENTED_EDGE('',*,*,#18452,.F.);
#18452 = EDGE_CURVE('',#14673,#18430,#18453,.T.);
#18453 = SURFACE_CURVE('',#18454,(#18458,#18465),.PCURVE_S1.);
#18454 = LINE('',#18455,#18456);
#18455 = CARTESIAN_POINT('',(139.,52.150757595082,-125.71930009));
#18456 = VECTOR('',#18457,1.);
#18457 = DIRECTION('',(0.707106781187,0.5,-0.5));
#18458 = PCURVE('',#14688,#18459);
#18459 = DEFINITIONAL_REPRESENTATION('',(#18460),#18464);
#18460 = LINE('',#18461,#18462);
#18461 = CARTESIAN_POINT('',(5.656854249492,-106.));
#18462 = VECTOR('',#18463,1.);
#18463 = DIRECTION('',(1.,-0.));
#18464 = ( GEOMETRIC_REPRESENTATION_CONTEXT(2) 
PARAMETRIC_REPRESENTATION_CONTEXT() REPRESENTATION_CONTEXT('2D SPACE',''
  ) );
#18465 = PCURVE('',#14716,#18466);
#18466 = DEFINITIONAL_REPRESENTATION('',(#18467),#18471);
#18467 = LINE('',#18468,#18469);
#18468 = CARTESIAN_POINT('',(16.,8.));
#18469 = VECTOR('',#18470,1.);
#18470 = DIRECTION('',(-0.707106781187,0.707106781187));
#18471 = ( GEOMETRIC_REPRESENTATION_CONTEXT(2) 
PARAMETRIC_REPRESENTATION_CONTEXT() REPRESENTATION_CONTEXT('2D SPACE',''
  ) );
#18472 = ADVANCED_FACE('',(#18473),#14716,.T.);
#18473 = FACE_BOUND('',#18474,.T.);
#18474 = EDGE_LOOP('',(#18475,#18496,#18497,#18498));
#18475 = ORIENTED_EDGE('',*,*,#18476,.F.);
#18476 = EDGE_CURVE('',#17527,#18430,#18477,.T.);
#18477 = SURFACE_CURVE('',#18478,(#18482,#18489),.PCURVE_S1.);
#18478 = LINE('',#18479,#18480);
#18479 = CARTESIAN_POINT('',(135.,63.464466094067,-137.0330085889));
#18480 = VECTOR('',#18481,1.);
#18481 = DIRECTION('',(0.,-0.707106781187,0.707106781187));
#18482 = PCURVE('',#14716,#18483);
#18483 = DEFINITIONAL_REPRESENTATION('',(#18484),#18488);
#18484 = LINE('',#18485,#18486);
#18485 = CARTESIAN_POINT('',(0.,4.));
#18486 = VECTOR('',#18487,1.);
#18487 = DIRECTION('',(1.,0.));
#18488 = ( GEOMETRIC_REPRESENTATION_CONTEXT(2) 
PARAMETRIC_REPRESENTATION_CONTEXT() REPRESENTATION_CONTEXT('2D SPACE',''
  ) );
#18489 = PCURVE('',#16065,#18490);
#18490 = DEFINITIONAL_REPRESENTATION('',(#18491),#18495);
#18491 = LINE('',#18492,#18493);
#18492 = CARTESIAN_POINT('',(7.,-26.));
#18493 = VECTOR('',#18494,1.);
#18494 = DIRECTION('',(1.,0.));
#18495 = ( GEOMETRIC_REPRESENTATION_CONTEXT(2) 
PARAMETRIC_REPRESENTATION_CONTEXT() REPRESENTATION_CONTEXT('2D SPACE',''
  ) );
#18496 = ORIENTED_EDGE('',*,*,#17573,.T.);
#18497 = ORIENTED_EDGE('',*,*,#14700,.T.);
#18498 = ORIENTED_EDGE('',*,*,#18452,.T.);
#18499 = ADVANCED_FACE('',(#18500),#15097,.F.);
#18500 = FACE_BOUND('',#18501,.F.);
#18501 = EDGE_LOOP('',(#18502,#18503,#18504,#18505));
#18502 = ORIENTED_EDGE('',*,*,#15186,.T.);
#18503 = ORIENTED_EDGE('',*,*,#15213,.T.);
#18504 = ORIENTED_EDGE('',*,*,#15113,.F.);
#18505 = ORIENTED_EDGE('',*,*,#15083,.F.);
#18506 = ADVANCED_FACE('',(#18507),#15298,.F.);
#18507 = FACE_BOUND('',#18508,.F.);
#18508 = EDGE_LOOP('',(#18509,#18510,#18511,#18512));
#18509 = ORIENTED_EDGE('',*,*,#15414,.T.);
#18510 = ORIENTED_EDGE('',*,*,#15387,.T.);
#18511 = ORIENTED_EDGE('',*,*,#15314,.F.);
#18512 = ORIENTED_EDGE('',*,*,#15284,.F.);
#18513 = ADVANCED_FACE('',(#18514),#15549,.T.);
#18514 = FACE_BOUND('',#18515,.T.);
#18515 = EDGE_LOOP('',(#18516,#18517,#18518,#18519));
#18516 = ORIENTED_EDGE('',*,*,#18005,.F.);
#18517 = ORIENTED_EDGE('',*,*,#17758,.T.);
#18518 = ORIENTED_EDGE('',*,*,#17978,.T.);
#18519 = ORIENTED_EDGE('',*,*,#15533,.F.);
#18520 = ADVANCED_FACE('',(#18521),#16011,.F.);
#18521 = FACE_BOUND('',#18522,.F.);
#18522 = EDGE_LOOP('',(#18523,#18524,#18525));
#18523 = ORIENTED_EDGE('',*,*,#15995,.T.);
#18524 = ORIENTED_EDGE('',*,*,#18282,.T.);
#18525 = ORIENTED_EDGE('',*,*,#18333,.T.);
#18526 = ADVANCED_FACE('',(#18527),#16065,.F.);
#18527 = FACE_BOUND('',#18528,.F.);
#18528 = EDGE_LOOP('',(#18529,#18530,#18531,#18532,#18533,#18534,#18535,
    #18536,#18537,#18538,#18539,#18540,#18541,#18542,#18543,#18544,
    #18545,#18546,#18547,#18548,#18549,#18550,#18551,#18552,#18553,
    #18554,#18555,#18556,#18557));
#18529 = ORIENTED_EDGE('',*,*,#18057,.F.);
#18530 = ORIENTED_EDGE('',*,*,#18228,.T.);
#18531 = ORIENTED_EDGE('',*,*,#16047,.T.);
#18532 = ORIENTED_EDGE('',*,*,#16174,.T.);
#18533 = ORIENTED_EDGE('',*,*,#16249,.T.);
#18534 = ORIENTED_EDGE('',*,*,#18357,.T.);
#18535 = ORIENTED_EDGE('',*,*,#16344,.T.);
#18536 = ORIENTED_EDGE('',*,*,#16273,.T.);
#18537 = ORIENTED_EDGE('',*,*,#16416,.T.);
#18538 = ORIENTED_EDGE('',*,*,#16514,.T.);
#18539 = ORIENTED_EDGE('',*,*,#16589,.T.);
#18540 = ORIENTED_EDGE('',*,*,#18381,.T.);
#18541 = ORIENTED_EDGE('',*,*,#16846,.T.);
#18542 = ORIENTED_EDGE('',*,*,#16775,.T.);
#18543 = ORIENTED_EDGE('',*,*,#16918,.T.);
#18544 = ORIENTED_EDGE('',*,*,#17016,.T.);
#18545 = ORIENTED_EDGE('',*,*,#17091,.T.);
#18546 = ORIENTED_EDGE('',*,*,#18405,.T.);
#18547 = ORIENTED_EDGE('',*,*,#17186,.T.);
#18548 = ORIENTED_EDGE('',*,*,#17115,.T.);
#18549 = ORIENTED_EDGE('',*,*,#17258,.T.);
#18550 = ORIENTED_EDGE('',*,*,#17356,.T.);
#18551 = ORIENTED_EDGE('',*,*,#17431,.T.);
#18552 = ORIENTED_EDGE('',*,*,#18429,.T.);
#18553 = ORIENTED_EDGE('',*,*,#18476,.F.);
#18554 = ORIENTED_EDGE('',*,*,#17526,.T.);
#18555 = ORIENTED_EDGE('',*,*,#17455,.T.);
#18556 = ORIENTED_EDGE('',*,*,#17621,.T.);
#18557 = ORIENTED_EDGE('',*,*,#18255,.F.);
#18558 = ADVANCED_FACE('',(#18559),#17864,.F.);
#18559 = FACE_BOUND('',#18560,.F.);
#18560 = EDGE_LOOP('',(#18561,#18562,#18563,#18564));
#18561 = ORIENTED_EDGE('',*,*,#18204,.F.);
#18562 = ORIENTED_EDGE('',*,*,#17848,.T.);
#18563 = ORIENTED_EDGE('',*,*,#18177,.T.);
#18564 = ORIENTED_EDGE('',*,*,#18127,.F.);
#18565 = ( GEOMETRIC_REPRESENTATION_CONTEXT(3) 
GLOBAL_UNCERTAINTY_ASSIGNED_CONTEXT((#18569)) 
GLOBAL_UNIT_ASSIGNED_CONTEXT((#18566,#18567,#18568)) 
REPRESENTATION_CONTEXT('Context #1',
  '3D Context with UNIT and UNCERTAINTY') );
#18566 = ( LENGTH_UNIT() NAMED_UNIT(*) SI_UNIT(.MILLI.,.METRE.) );
#18567 = ( NAMED_UNIT(*) PLANE_ANGLE_UNIT() SI_UNIT($,.RADIAN.) );
#18568 = ( NAMED_UNIT(*) SI_UNIT($,.STERADIAN.) SOLID_ANGLE_UNIT() );
#18569 = UNCERTAINTY_MEASURE_WITH_UNIT(LENGTH_MEASURE(2.E-07),#18566,
  'distance_accuracy_value','confusion accuracy');
#18570 = PRODUCT_RELATED_PRODUCT_CATEGORY('part',$,(#7));
ENDSEC;
END-ISO-10303-21;
