# Field minima and maxima
# Time            	field             	min               	location(min)     	processor         	max               	location(max)     	processor         
1.42361397e-05    	mag(U)            	0.0000000000e+00	(-1.4000000060e-01 4.9258069922e-03 5.3000562546e-02)	0	5.6715589038e+00	(9.6492786747e-02 4.7489527196e-02 2.0149992850e-01)	1
1.42361397e-05    	k                 	1.0000000000e-15	(-1.6106772650e-01 7.7951399919e-04 -3.3234951944e-02)	2	1.0457118400e+00	(9.6500009942e-02 4.2572289314e-02 1.4858471817e-01)	1
1.42361397e-05    	omega             	1.8671491467e+00	(2.9762516631e-01 3.4658714611e-01 8.8011490736e-02)	2	1.6962368395e+07	(1.0291314320e-01 4.7269903838e-02 6.1879950920e-03)	3
1.42361397e-05    	p                 	-5.8822648805e+01	(7.0030748335e-02 6.1936534069e-02 -1.2163279312e-01)	3	9.1376887984e+01	(6.5950672250e-02 4.9688488237e-02 -1.2207829452e-01)	3
3.021280672e-05   	mag(U)            	0.0000000000e+00	(-1.4000000060e-01 4.9258069922e-03 5.3000562546e-02)	0	5.6722746553e+00	(9.6492786747e-02 4.7489527196e-02 2.0149992850e-01)	1
3.021280672e-05   	k                 	1.0000000000e-15	(-1.6106772650e-01 7.7951399919e-04 -3.3234951944e-02)	2	1.0454223475e+00	(9.6500009942e-02 4.2572289314e-02 1.4858471817e-01)	1
3.021280672e-05   	omega             	1.8671492543e+00	(2.9762516631e-01 3.4658714611e-01 8.8011490736e-02)	2	1.6962368380e+07	(1.0291314320e-01 4.7269903838e-02 6.1879950920e-03)	3
3.021280672e-05   	p                 	-3.2406079225e+01	(-6.7971454953e-02 5.1633871159e-02 -1.0803401467e-01)	2	3.9763557608e+01	(1.7537244937e-01 4.0388112420e-02 1.8312121229e-01)	2
4.760630613e-05   	mag(U)            	0.0000000000e+00	(-1.4000000060e-01 4.9258069922e-03 5.3000562546e-02)	0	5.6729993476e+00	(9.6492786747e-02 4.7489527196e-02 2.0149992850e-01)	1
4.760630613e-05   	k                 	1.0000000000e-15	(-1.6106772650e-01 7.7951399919e-04 -3.3234951944e-02)	2	1.0450869681e+00	(9.6500009942e-02 4.2572289314e-02 1.4858471817e-01)	1
4.760630613e-05   	omega             	1.8671493715e+00	(2.9762516631e-01 3.4658714611e-01 8.8011490736e-02)	2	1.6962368368e+07	(1.0291314320e-01 4.7269903838e-02 6.1879950920e-03)	3
4.760630613e-05   	p                 	-1.9762119755e+01	(-1.7669613379e-01 3.9996774196e-02 5.9005914866e-02)	2	2.5103762897e+01	(6.7961913815e-02 8.3871462303e-02 -8.3648877016e-02)	3
6.498408032e-05   	mag(U)            	0.0000000000e+00	(-1.4000000060e-01 4.9258069922e-03 5.3000562546e-02)	0	5.6736806341e+00	(9.6492786747e-02 4.7489527196e-02 2.0149992850e-01)	1
6.498408032e-05   	k                 	1.0000000000e-15	(-1.6106772650e-01 7.7951399919e-04 -3.3234951944e-02)	2	1.0447199456e+00	(9.6500009942e-02 4.2572289314e-02 1.4858471817e-01)	1
6.498408032e-05   	omega             	1.8671494887e+00	(2.9762516631e-01 3.4658714611e-01 8.8011490736e-02)	2	1.6962368374e+07	(1.0291314320e-01 4.7269903838e-02 6.1879950920e-03)	3
6.498408032e-05   	p                 	-1.7128876453e+01	(-1.2088770055e-01 8.7207269197e-02 -1.2343153712e-01)	2	2.0872315036e+01	(6.7961913815e-02 8.3871462303e-02 -8.3648877016e-02)	3
8.235100186e-05   	mag(U)            	0.0000000000e+00	(-1.4000000060e-01 4.9258069922e-03 5.3000562546e-02)	0	5.6743329521e+00	(9.6492786747e-02 4.7489527196e-02 2.0149992850e-01)	1
8.235100186e-05   	k                 	1.0000000000e-15	(-1.6106772650e-01 7.7951399919e-04 -3.3234951944e-02)	2	1.0443184071e+00	(9.6500009942e-02 4.2572289314e-02 1.4858471817e-01)	1
8.235100186e-05   	omega             	1.8671496058e+00	(2.9762516631e-01 3.4658714611e-01 8.8011490736e-02)	2	1.6962368387e+07	(1.0291314320e-01 4.7269903838e-02 6.1879950920e-03)	3
8.235100186e-05   	p                 	-1.7363888953e+01	(-1.2088770055e-01 8.7207269197e-02 -1.2343153712e-01)	2	1.8077977520e+01	(6.7961913815e-02 8.3871462303e-02 -8.3648877016e-02)	3
9.971116817e-05   	mag(U)            	0.0000000000e+00	(-1.4000000060e-01 4.9258069922e-03 5.3000562546e-02)	0	5.6749352060e+00	(9.6492786747e-02 4.7489527196e-02 2.0149992850e-01)	1
9.971116817e-05   	k                 	1.0001696202e-15	(-1.6106772650e-01 7.7951399919e-04 -3.3234951944e-02)	2	1.0438842495e+00	(9.6500009942e-02 4.2572289314e-02 1.4858471817e-01)	1
9.971116817e-05   	omega             	1.8671497229e+00	(2.9762516631e-01 3.4658714611e-01 8.8011490736e-02)	2	1.6962368400e+07	(1.0291314320e-01 4.7269903838e-02 6.1879950920e-03)	3
9.971116817e-05   	p                 	-1.7488985234e+01	(-1.2088770055e-01 8.7207269197e-02 -1.2343153712e-01)	2	1.7736084435e+01	(-1.1849999990e-01 4.9071988420e-02 1.7149999995e-01)	1
0.0001170668082   	mag(U)            	0.0000000000e+00	(-1.4000000060e-01 4.9258069922e-03 5.3000562546e-02)	0	5.6754786098e+00	(9.6492786747e-02 4.7489527196e-02 2.0149992850e-01)	1
0.0001170668082   	k                 	1.0007499305e-15	(-1.6106772650e-01 7.7951399919e-04 -3.3234951944e-02)	2	1.0434209528e+00	(9.6500009942e-02 4.2572289314e-02 1.4858471817e-01)	1
0.0001170668082   	omega             	1.8671498400e+00	(2.9762516631e-01 3.4658714611e-01 8.8011490736e-02)	2	1.6962368411e+07	(1.0291314320e-01 4.7269903838e-02 6.1879950920e-03)	3
0.0001170668082   	p                 	-1.7524963554e+01	(-1.2088770055e-01 8.7207269197e-02 -1.2343153712e-01)	2	1.7699913928e+01	(-1.1849999990e-01 4.9071988420e-02 1.7149999995e-01)	1
0.000134418889    	mag(U)            	0.0000000000e+00	(-1.4000000060e-01 4.9258069922e-03 5.3000562546e-02)	0	5.6759668364e+00	(9.6492786747e-02 4.7489527196e-02 2.0149992850e-01)	1
0.000134418889    	k                 	1.0017865217e-15	(-1.6106772650e-01 7.7951399919e-04 -3.3234951944e-02)	2	1.0429317310e+00	(9.6500009942e-02 4.2572289314e-02 1.4858471817e-01)	1
0.000134418889    	omega             	1.8671499570e+00	(2.9762516631e-01 3.4658714611e-01 8.8011490736e-02)	2	1.6962368418e+07	(1.0291314320e-01 4.7269903838e-02 6.1879950920e-03)	3
0.000134418889    	p                 	-1.7544392903e+01	(-1.2088770055e-01 8.7207269197e-02 -1.2343153712e-01)	2	1.7671558578e+01	(-1.1849999990e-01 4.9071988420e-02 1.7149999995e-01)	1
0.0001517676584   	mag(U)            	0.0000000000e+00	(-1.4000000060e-01 4.9258069922e-03 5.3000562546e-02)	0	5.6764042015e+00	(9.6492786747e-02 4.7489527196e-02 2.0149992850e-01)	1
0.0001517676584   	k                 	1.0032633084e-15	(-1.6106772650e-01 7.7951399919e-04 -3.3234951944e-02)	2	1.0424191968e+00	(9.6500009942e-02 4.2572289314e-02 1.4858471817e-01)	1
0.0001517676584   	omega             	1.8671500740e+00	(2.9762516631e-01 3.4658714611e-01 8.8011490736e-02)	2	1.6962368424e+07	(1.0291314320e-01 4.7269903838e-02 6.1879950920e-03)	3
0.0001517676584   	p                 	-1.7571440662e+01	(-1.2088770055e-01 8.7207269197e-02 -1.2343153712e-01)	2	1.7649308235e+01	(-1.1849999990e-01 4.9071988420e-02 1.7149999995e-01)	1
0.0001691130021   	mag(U)            	0.0000000000e+00	(-1.4000000060e-01 4.9258069922e-03 5.3000562546e-02)	0	5.6767958368e+00	(9.6492786747e-02 4.7489527196e-02 2.0149992850e-01)	1
0.0001691130021   	k                 	1.0051432533e-15	(-1.6106772650e-01 7.7951399919e-04 -3.3234951944e-02)	2	1.0418854855e+00	(9.6500009942e-02 4.2572289314e-02 1.4858471817e-01)	1
0.0001691130021   	omega             	1.8671501910e+00	(2.9762516631e-01 3.4658714611e-01 8.8011490736e-02)	2	1.6962368430e+07	(1.0291314320e-01 4.7269903838e-02 6.1879950920e-03)	3
0.0001691130021   	p                 	-1.7605287545e+01	(-1.2088770055e-01 8.7207269197e-02 -1.2343153712e-01)	2	1.7632496902e+01	(-1.1849999990e-01 4.9071988420e-02 1.7149999995e-01)	1
0.0001864546559   	mag(U)            	0.0000000000e+00	(-1.4000000060e-01 4.9258069922e-03 5.3000562546e-02)	0	5.6771467370e+00	(9.6492786747e-02 4.7489527196e-02 2.0149992850e-01)	1
0.0001864546559   	k                 	1.0073665742e-15	(-1.6106772650e-01 7.7951399919e-04 -3.3234951944e-02)	2	1.0413322870e+00	(9.6500009942e-02 4.2572289314e-02 1.4858471817e-01)	1
0.0001864546559   	omega             	1.8671503080e+00	(2.9762516631e-01 3.4658714611e-01 8.8011490736e-02)	2	1.6962368435e+07	(1.0291314320e-01 4.7269903838e-02 6.1879950920e-03)	3
0.0001864546559   	p                 	-1.7640733152e+01	(-1.2088770055e-01 8.7207269197e-02 -1.2343153712e-01)	2	1.7617156559e+01	(-1.1849999990e-01 4.9071988420e-02 1.7149999995e-01)	1
0.000203792362    	mag(U)            	0.0000000000e+00	(-1.4000000060e-01 4.9258069922e-03 5.3000562546e-02)	0	5.6774617839e+00	(9.6492786747e-02 4.7489527196e-02 2.0149992850e-01)	1
0.000203792362    	k                 	1.0098724052e-15	(-1.6106772650e-01 7.7951399919e-04 -3.3234951944e-02)	2	1.0407612277e+00	(9.6500009942e-02 4.2572289314e-02 1.4858471817e-01)	1
0.000203792362    	omega             	1.8671504249e+00	(2.9762516631e-01 3.4658714611e-01 8.8011490736e-02)	2	1.6962368441e+07	(1.0291314320e-01 4.7269903838e-02 6.1879950920e-03)	3
0.000203792362    	p                 	-1.7675151913e+01	(-1.2088770055e-01 8.7207269197e-02 -1.2343153712e-01)	2	1.7602782098e+01	(-1.1849999990e-01 4.9071988420e-02 1.7149999995e-01)	1
0.0002211259607   	mag(U)            	0.0000000000e+00	(-1.4000000060e-01 4.9258069922e-03 5.3000562546e-02)	0	5.6777449577e+00	(9.6492786747e-02 4.7489527196e-02 2.0149992850e-01)	1
0.0002211259607   	k                 	1.0126047527e-15	(-1.6106772650e-01 7.7951399919e-04 -3.3234951944e-02)	2	1.0401735937e+00	(9.6500009942e-02 4.2572289314e-02 1.4858471817e-01)	1
0.0002211259607   	omega             	1.8671505418e+00	(2.9762516631e-01 3.4658714611e-01 8.8011490736e-02)	2	1.6962368448e+07	(1.0291314320e-01 4.7269903838e-02 6.1879950920e-03)	3
0.0002211259607   	p                 	-1.7708355993e+01	(-1.2088770055e-01 8.7207269197e-02 -1.2343153712e-01)	2	1.7591064110e+01	(-1.1849999990e-01 4.9071988420e-02 1.7149999995e-01)	1
0.0002384554205   	mag(U)            	0.0000000000e+00	(-1.4000000060e-01 4.9258069922e-03 5.3000562546e-02)	0	5.6779997167e+00	(9.6492786747e-02 4.7489527196e-02 2.0149992850e-01)	1
0.0002384554205   	k                 	1.0155076308e-15	(-1.6106772650e-01 7.7951399919e-04 -3.3234951944e-02)	2	1.0395702836e+00	(9.6500009942e-02 4.2572289314e-02 1.4858471817e-01)	1
0.0002384554205   	omega             	1.8671506587e+00	(2.9762516631e-01 3.4658714611e-01 8.8011490736e-02)	2	1.6962368454e+07	(1.0291314320e-01 4.7269903838e-02 6.1879950920e-03)	3
0.0002384554205   	p                 	-1.7740930126e+01	(-1.2088770055e-01 8.7207269197e-02 -1.2343153712e-01)	2	1.7580058742e+01	(-1.1849999990e-01 4.9071988420e-02 1.7149999995e-01)	1
0.0002557808549   	mag(U)            	0.0000000000e+00	(-1.4000000060e-01 4.9258069922e-03 5.3000562546e-02)	0	5.6782291632e+00	(9.6492786747e-02 4.7489527196e-02 2.0149992850e-01)	1
0.0002557808549   	k                 	1.0185290536e-15	(-1.6106772650e-01 7.7951399919e-04 -3.3234951944e-02)	2	1.0389516299e+00	(9.6500009942e-02 4.2572289314e-02 1.4858471817e-01)	1
0.0002557808549   	omega             	1.8671507755e+00	(2.9762516631e-01 3.4658714611e-01 8.8011490736e-02)	2	1.6962368462e+07	(1.0291314320e-01 4.7269903838e-02 6.1879950920e-03)	3
0.0002557808549   	p                 	-1.7771414782e+01	(-1.2088770055e-01 8.7207269197e-02 -1.2343153712e-01)	2	1.7570133510e+01	(-1.1849999990e-01 4.9071988420e-02 1.7149999995e-01)	1
0.0002731025371   	mag(U)            	0.0000000000e+00	(-1.4000000060e-01 4.9258069922e-03 5.3000562546e-02)	0	5.6784361791e+00	(9.6492786747e-02 4.7489527196e-02 2.0149992850e-01)	1
0.0002731025371   	k                 	1.0216335465e-15	(-1.6106772650e-01 7.7951399919e-04 -3.3234951944e-02)	2	1.0383179630e+00	(9.6500009942e-02 4.2572289314e-02 1.4858471817e-01)	1
0.0002731025371   	omega             	1.8671508923e+00	(2.9762516631e-01 3.4658714611e-01 8.8011490736e-02)	2	1.6962368469e+07	(1.0291314320e-01 4.7269903838e-02 6.1879950920e-03)	3
0.0002731025371   	p                 	-1.7799748954e+01	(-1.2088770055e-01 8.7207269197e-02 -1.2343153712e-01)	2	1.7561834379e+01	(-1.1849999990e-01 4.9071988420e-02 1.7149999995e-01)	1
0.0002904208275   	mag(U)            	0.0000000000e+00	(-1.4000000060e-01 4.9258069922e-03 5.3000562546e-02)	0	5.6786231135e+00	(9.6492786747e-02 4.7489527196e-02 2.0149992850e-01)	1
0.0002904208275   	k                 	1.0247890371e-15	(-1.6106772650e-01 7.7951399919e-04 -3.3234951944e-02)	2	1.0376695752e+00	(9.6500009942e-02 4.2572289314e-02 1.4858471817e-01)	1
0.0002904208275   	omega             	1.8671510090e+00	(2.9762516631e-01 3.4658714611e-01 8.8011490736e-02)	2	1.6962368477e+07	(1.0291314320e-01 4.7269903838e-02 6.1879950920e-03)	3
0.0002904208275   	p                 	-1.7825684940e+01	(-1.2088770055e-01 8.7207269197e-02 -1.2343153712e-01)	2	1.7553948223e+01	(-1.1849999990e-01 4.9071988420e-02 1.7149999995e-01)	1
0.0003077361327   	mag(U)            	0.0000000000e+00	(-1.4000000060e-01 4.9258069922e-03 5.3000562546e-02)	0	5.6787921832e+00	(9.6492786747e-02 4.7489527196e-02 2.0149992850e-01)	1
0.0003077361327   	k                 	1.0279771425e-15	(-1.6106772650e-01 7.7951399919e-04 -3.3234951944e-02)	2	1.0370065175e+00	(9.6500009942e-02 4.2572289314e-02 1.4858471817e-01)	1
0.0003077361327   	omega             	1.8671511257e+00	(2.9762516631e-01 3.4658714611e-01 8.8011490736e-02)	2	1.6962368486e+07	(1.0291314320e-01 4.7269903838e-02 6.1879950920e-03)	3
0.0003077361327   	p                 	-1.7849304626e+01	(-1.2088770055e-01 8.7207269197e-02 -1.2343153712e-01)	2	1.7546932815e+01	(-1.1849999990e-01 4.9071988420e-02 1.7149999995e-01)	1
0.0003250488946   	mag(U)            	0.0000000000e+00	(-1.4000000060e-01 4.9258069922e-03 5.3000562546e-02)	0	5.6789450096e+00	(9.6492786747e-02 4.7489527196e-02 2.0149992850e-01)	1
0.0003250488946   	k                 	1.0311940368e-15	(-1.6106772650e-01 7.7951399919e-04 -3.3234951944e-02)	2	1.0363284946e+00	(9.6500009942e-02 4.2572289314e-02 1.4858471817e-01)	1
0.0003250488946   	omega             	1.8671512424e+00	(2.9762516631e-01 3.4658714611e-01 8.8011490736e-02)	2	1.6962368494e+07	(1.0291314320e-01 4.7269903838e-02 6.1879950920e-03)	3
0.0003250488946   	p                 	-1.7870293886e+01	(-1.2088770055e-01 8.7207269197e-02 -1.2343153712e-01)	2	1.7540149208e+01	(-1.1849999990e-01 4.9071988420e-02 1.7149999995e-01)	1
0.0003423595694   	mag(U)            	0.0000000000e+00	(-1.4000000060e-01 4.9258069922e-03 5.3000562546e-02)	0	5.6790831814e+00	(9.6492786747e-02 4.7489527196e-02 2.0149992850e-01)	1
0.0003423595694   	k                 	1.0344455877e-15	(-1.6106772650e-01 7.7951399919e-04 -3.3234951944e-02)	2	1.0356356134e+00	(9.6500009942e-02 4.2572289314e-02 1.4858471817e-01)	1
0.0003423595694   	omega             	1.8671513590e+00	(2.9762516631e-01 3.4658714611e-01 8.8011490736e-02)	2	1.6962368502e+07	(1.0291314320e-01 4.7269903838e-02 6.1879950920e-03)	3
0.0003423595694   	p                 	-1.7889191197e+01	(-1.2088770055e-01 8.7207269197e-02 -1.2343153712e-01)	2	1.7534308213e+01	(-1.1849999990e-01 4.9071988420e-02 1.7149999995e-01)	1
0.0003596685799   	mag(U)            	0.0000000000e+00	(-1.4000000060e-01 4.9258069922e-03 5.3000562546e-02)	0	5.6792089203e+00	(9.6492786747e-02 4.7489527196e-02 2.0149992850e-01)	1
0.0003596685799   	k                 	1.0377419543e-15	(-1.6106772650e-01 7.7951399919e-04 -3.3234951944e-02)	2	1.0349282138e+00	(9.6500009942e-02 4.2572289314e-02 1.4858471817e-01)	1
0.0003596685799   	omega             	1.8671514757e+00	(2.9762516631e-01 3.4658714611e-01 8.8011490736e-02)	2	1.6962368511e+07	(1.0291314320e-01 4.7269903838e-02 6.1879950920e-03)	3
0.0003596685799   	p                 	-1.7905673492e+01	(-1.2088770055e-01 8.7207269197e-02 -1.2343153712e-01)	2	1.7528710389e+01	(-1.1849999990e-01 4.9071988420e-02 1.7149999995e-01)	1
0.0003769763083   	mag(U)            	0.0000000000e+00	(-1.4000000060e-01 4.9258069922e-03 5.3000562546e-02)	0	5.6793233114e+00	(9.6492786747e-02 4.7489527196e-02 2.0149992850e-01)	1
0.0003769763083   	k                 	1.0410934774e-15	(-1.6106772650e-01 7.7951399919e-04 -3.3234951944e-02)	2	1.0342066894e+00	(9.6500009942e-02 4.2572289314e-02 1.4858471817e-01)	1
0.0003769763083   	omega             	1.8671515923e+00	(2.9762516631e-01 3.4658714611e-01 8.8011490736e-02)	2	1.6962368519e+07	(1.0291314320e-01 4.7269903838e-02 6.1879950920e-03)	3
0.0003769763083   	p                 	-1.7920215567e+01	(-1.2088770055e-01 8.7207269197e-02 -1.2343153712e-01)	2	1.7524003615e+01	(-1.1849999990e-01 4.9071988420e-02 1.7149999995e-01)	1
0.0003942830905   	mag(U)            	0.0000000000e+00	(-1.4000000060e-01 4.9258069922e-03 5.3000562546e-02)	0	5.6794267799e+00	(9.6492786747e-02 4.7489527196e-02 2.0149992850e-01)	1
0.0003942830905   	k                 	1.0445091454e-15	(-1.6106772650e-01 7.7951399919e-04 -3.3234951944e-02)	2	1.0334714928e+00	(9.6500009942e-02 4.2572289314e-02 1.4858471817e-01)	1
0.0003942830905   	omega             	1.8671517088e+00	(2.9762516631e-01 3.4658714611e-01 8.8011490736e-02)	2	1.6962368527e+07	(1.0291314320e-01 4.7269903838e-02 6.1879950920e-03)	3
0.0003942830905   	p                 	-1.7932861357e+01	(-1.2088770055e-01 8.7207269197e-02 -1.2343153712e-01)	2	1.7518878032e+01	(-1.1849999990e-01 4.9071988420e-02 1.7149999995e-01)	1
0.0004115892761   	mag(U)            	0.0000000000e+00	(-1.4000000060e-01 4.9258069922e-03 5.3000562546e-02)	0	5.6795201256e+00	(9.6492786747e-02 4.7489527196e-02 2.0149992850e-01)	1
0.0004115892761   	k                 	1.0479960672e-15	(-1.6106772650e-01 7.7951399919e-04 -3.3234951944e-02)	2	1.0327227689e+00	(9.6500009942e-02 4.2572289314e-02 1.4858471817e-01)	1
0.0004115892761   	omega             	1.8671518254e+00	(2.9762516631e-01 3.4658714611e-01 8.8011490736e-02)	2	1.6962368534e+07	(1.0291314320e-01 4.7269903838e-02 6.1879950920e-03)	3
0.0004115892761   	p                 	-1.7943489287e+01	(-1.2088770055e-01 8.7207269197e-02 -1.2343153712e-01)	2	1.7515066847e+01	(-1.1849999990e-01 4.9071988420e-02 1.7149999995e-01)	1
0.0004288952128   	mag(U)            	0.0000000000e+00	(-1.4000000060e-01 4.9258069922e-03 5.3000562546e-02)	0	5.6796038751e+00	(9.6492786747e-02 4.7489527196e-02 2.0149992850e-01)	1
0.0004288952128   	k                 	1.0515602817e-15	(-1.6106772650e-01 7.7951399919e-04 -3.3234951944e-02)	2	1.0319608942e+00	(9.6500009942e-02 4.2572289314e-02 1.4858471817e-01)	1
0.0004288952128   	omega             	1.8671519420e+00	(2.9762516631e-01 3.4658714611e-01 8.8011490736e-02)	2	1.6962368542e+07	(1.0291314320e-01 4.7269903838e-02 6.1879950920e-03)	3
0.0004288952128   	p                 	-1.7952616855e+01	(-1.2088770055e-01 8.7207269197e-02 -1.2343153712e-01)	2	1.7511142025e+01	(-1.1849999990e-01 4.9071988420e-02 1.7149999995e-01)	1
0.0004462012165   	mag(U)            	0.0000000000e+00	(-1.4000000060e-01 4.9258069922e-03 5.3000562546e-02)	0	5.6796800965e+00	(9.6492786747e-02 4.7489527196e-02 2.0149992850e-01)	1
0.0004462012165   	k                 	1.0552079301e-15	(-1.6106772650e-01 7.7951399919e-04 -3.3234951944e-02)	2	1.0311861979e+00	(9.6500009942e-02 4.2572289314e-02 1.4858471817e-01)	1
0.0004462012165   	omega             	1.8671520585e+00	(2.9762516631e-01 3.4658714611e-01 8.8011490736e-02)	2	1.6962368549e+07	(1.0291314320e-01 4.7269903838e-02 6.1879950920e-03)	3
0.0004462012165   	p                 	-1.7960587517e+01	(-1.2088770055e-01 8.7207269197e-02 -1.2343153712e-01)	2	1.7507656193e+01	(-1.1849999990e-01 4.9071988420e-02 1.7149999995e-01)	1
0.0004635075574   	mag(U)            	0.0000000000e+00	(-1.4000000060e-01 4.9258069922e-03 5.3000562546e-02)	0	5.6797484456e+00	(9.6492786747e-02 4.7489527196e-02 2.0149992850e-01)	1
0.0004635075574   	k                 	1.0589451272e-15	(-1.6106772650e-01 7.7951399919e-04 -3.3234951944e-02)	2	1.0303989063e+00	(9.6500009942e-02 4.2572289314e-02 1.4858471817e-01)	1
0.0004635075574   	omega             	1.8671521750e+00	(2.9762516631e-01 3.4658714611e-01 8.8011490736e-02)	2	1.6962368556e+07	(1.0291314320e-01 4.7269903838e-02 6.1879950920e-03)	3
0.0004635075574   	p                 	-1.7966890887e+01	(-1.2088770055e-01 8.7207269197e-02 -1.2343153712e-01)	2	1.7504091454e+01	(-1.1849999990e-01 4.9071988420e-02 1.7149999995e-01)	1
0.0004808144664   	mag(U)            	0.0000000000e+00	(-1.4000000060e-01 4.9258069922e-03 5.3000562546e-02)	0	5.6798084958e+00	(9.6492786747e-02 4.7489527196e-02 2.0149992850e-01)	1
0.0004808144664   	k                 	1.0627775311e-15	(-1.6106772650e-01 7.7951399919e-04 -3.3234951944e-02)	2	1.0295991819e+00	(9.6500009942e-02 4.2572289314e-02 1.4858471817e-01)	1
0.0004808144664   	omega             	1.8671522915e+00	(2.9762516631e-01 3.4658714611e-01 8.8011490736e-02)	2	1.6962368563e+07	(1.0291314320e-01 4.7269903838e-02 6.1879950920e-03)	3
0.0004808144664   	p                 	-1.7971713919e+01	(-1.2088770055e-01 8.7207269197e-02 -1.2343153712e-01)	2	1.7501268930e+01	(-1.1849999990e-01 4.9071988420e-02 1.7149999995e-01)	1
0.0004981221232   	mag(U)            	0.0000000000e+00	(-1.4000000060e-01 4.9258069922e-03 5.3000562546e-02)	0	5.6798603620e+00	(9.6492786747e-02 4.7489527196e-02 2.0149992850e-01)	1
0.0004981221232   	k                 	1.0667100694e-15	(-1.6106772650e-01 7.7951399919e-04 -3.3234951944e-02)	2	1.0287870688e+00	(9.6500009942e-02 4.2572289314e-02 1.4858471817e-01)	1
0.0004981221232   	omega             	1.8671524081e+00	(2.9762516631e-01 3.4658714611e-01 8.8011490736e-02)	2	1.6962368570e+07	(1.0291314320e-01 4.7269903838e-02 6.1879950920e-03)	3
0.0004981221232   	p                 	-1.7975535502e+01	(-1.2088770055e-01 8.7207269197e-02 -1.2343153712e-01)	2	1.7498466428e+01	(-1.1849999990e-01 4.9071988420e-02 1.7149999995e-01)	1
0.0005154307046   	mag(U)            	0.0000000000e+00	(-1.4000000060e-01 4.9258069922e-03 5.3000562546e-02)	0	5.6799044274e+00	(9.6492786747e-02 4.7489527196e-02 2.0149992850e-01)	1
0.0005154307046   	k                 	1.0707470609e-15	(-1.6106772650e-01 7.7951399919e-04 -3.3234951944e-02)	2	1.0279628573e+00	(9.6500009942e-02 4.2572289314e-02 1.4858471817e-01)	1
0.0005154307046   	omega             	1.8671525246e+00	(2.9762516631e-01 3.4658714611e-01 8.8011490736e-02)	2	1.6962368576e+07	(1.0291314320e-01 4.7269903838e-02 6.1879950920e-03)	3
0.0005154307046   	p                 	-1.7978423283e+01	(-1.2088770055e-01 8.7207269197e-02 -1.2343153712e-01)	2	1.7495811138e+01	(-1.1849999990e-01 4.9071988420e-02 1.7149999995e-01)	1
0.0005327403474   	mag(U)            	0.0000000000e+00	(-1.4000000060e-01 4.9258069922e-03 5.3000562546e-02)	0	5.6799408588e+00	(9.6492786747e-02 4.7489527196e-02 2.0149992850e-01)	1
0.0005327403474   	k                 	1.0748916064e-15	(-1.6106772650e-01 7.7951399919e-04 -3.3234951944e-02)	2	1.0271273629e+00	(9.6500009942e-02 4.2572289314e-02 1.4858471817e-01)	1
0.0005327403474   	omega             	1.8671526411e+00	(2.9762516631e-01 3.4658714611e-01 8.8011490736e-02)	2	1.6962368582e+07	(1.0291314320e-01 4.7269903838e-02 6.1879950920e-03)	3
0.0005327403474   	p                 	-1.7980534461e+01	(-1.2088770055e-01 8.7207269197e-02 -1.2343153712e-01)	2	1.7493146132e+01	(-1.1849999990e-01 4.9071988420e-02 1.7149999995e-01)	1
0.0005500511544   	mag(U)            	0.0000000000e+00	(-1.4000000060e-01 4.9258069922e-03 5.3000562546e-02)	0	5.6799698809e+00	(9.6492786747e-02 4.7489527196e-02 2.0149992850e-01)	1
0.0005500511544   	k                 	1.0791456074e-15	(-1.6106772650e-01 7.7951399919e-04 -3.3234951944e-02)	2	1.0262812370e+00	(9.6500009942e-02 4.2572289314e-02 1.4858471817e-01)	1
0.0005500511544   	omega             	1.8671527575e+00	(2.9762516631e-01 3.4658714611e-01 8.8011490736e-02)	2	1.6962368587e+07	(1.0291314320e-01 4.7269903838e-02 6.1879950920e-03)	3
0.0005500511544   	p                 	-1.7981806239e+01	(-1.2088770055e-01 8.7207269197e-02 -1.2343153712e-01)	2	1.7490622665e+01	(-1.1849999990e-01 4.9071988420e-02 1.7149999995e-01)	1
0.0005673631974   	mag(U)            	0.0000000000e+00	(-1.4000000060e-01 4.9258069922e-03 5.3000562546e-02)	0	5.6799916959e+00	(9.6492786747e-02 4.7489527196e-02 2.0149992850e-01)	1
0.0005673631974   	k                 	1.0835104542e-15	(-1.6106772650e-01 7.7951399919e-04 -3.3234951944e-02)	2	1.0254245646e+00	(9.6500009942e-02 4.2572289314e-02 1.4858471817e-01)	1
0.0005673631974   	omega             	1.8671528740e+00	(2.9762516631e-01 3.4658714611e-01 8.8011490736e-02)	2	1.6962368592e+07	(1.0291314320e-01 4.7269903838e-02 6.1879950920e-03)	3
0.0005673631974   	p                 	-1.7982659125e+01	(-1.2088770055e-01 8.7207269197e-02 -1.2343153712e-01)	2	1.7488622731e+01	(-1.1849999990e-01 4.9071988420e-02 1.7149999995e-01)	1
0.0005846765113   	mag(U)            	0.0000000000e+00	(-1.4000000060e-01 4.9258069922e-03 5.3000562546e-02)	0	5.6800064446e+00	(9.6492786747e-02 4.7489527196e-02 2.0149992850e-01)	1
0.0005846765113   	k                 	1.0879877573e-15	(-1.6106772650e-01 7.7951399919e-04 -3.3234951944e-02)	2	1.0245574638e+00	(9.6500009942e-02 4.2572289314e-02 1.4858471817e-01)	1
0.0005846765113   	omega             	1.8671529905e+00	(2.9762516631e-01 3.4658714611e-01 8.8011490736e-02)	2	1.6962368597e+07	(1.0291314320e-01 4.7269903838e-02 6.1879950920e-03)	3
0.0005846765113   	p                 	-1.7983002050e+01	(-1.2088770055e-01 8.7207269197e-02 -1.2343153712e-01)	2	1.7486374544e+01	(-1.1849999990e-01 4.9071988420e-02 1.7149999995e-01)	1
0.0006019911017   	mag(U)            	0.0000000000e+00	(-1.4000000060e-01 4.9258069922e-03 5.3000562546e-02)	0	5.6800141859e+00	(9.6492786747e-02 4.7489527196e-02 2.0149992850e-01)	1
0.0006019911017   	k                 	1.0925796597e-15	(-1.6106772650e-01 7.7951399919e-04 -3.3234951944e-02)	2	1.0236802978e+00	(9.6500009942e-02 4.2572289314e-02 1.4858471817e-01)	1
0.0006019911017   	omega             	1.8671531070e+00	(2.9762516631e-01 3.4658714611e-01 8.8011490736e-02)	2	1.6962368602e+07	(1.0291314320e-01 4.7269903838e-02 6.1879950920e-03)	3
0.0006019911017   	p                 	-1.7982842158e+01	(-1.2088770055e-01 8.7207269197e-02 -1.2343153712e-01)	2	1.7484653440e+01	(-1.1849999990e-01 4.9071988420e-02 1.7149999995e-01)	1
0.0006193069512   	mag(U)            	0.0000000000e+00	(-1.4000000060e-01 4.9258069922e-03 5.3000562546e-02)	0	5.6800149852e+00	(9.6492786747e-02 4.7489527196e-02 2.0149992850e-01)	1
0.0006193069512   	k                 	1.0972888647e-15	(-1.6106772650e-01 7.7951399919e-04 -3.3234951944e-02)	2	1.0227934247e+00	(9.6500009942e-02 4.2572289314e-02 1.4858471817e-01)	1
0.0006193069512   	omega             	1.8671532235e+00	(2.9762516631e-01 3.4658714611e-01 8.8011490736e-02)	2	1.6962368606e+07	(1.0291314320e-01 4.7269903838e-02 6.1879950920e-03)	3
0.0006193069512   	p                 	-1.7982408495e+01	(-1.2088770055e-01 8.7207269197e-02 -1.2343153712e-01)	2	1.7482457473e+01	(-1.1849999990e-01 4.9071988420e-02 1.7149999995e-01)	1
0.0006366232668   	mag(U)            	0.0000000000e+00	(-1.4000000060e-01 4.9258069922e-03 5.3000562546e-02)	0	5.6800086768e+00	(9.6492786747e-02 4.7489527196e-02 2.0149992850e-01)	1
0.0006366232668   	k                 	1.1021181859e-15	(-1.6106772650e-01 7.7951399919e-04 -3.3234951944e-02)	2	1.0218975079e+00	(9.6500009942e-02 4.2572289314e-02 1.4858471817e-01)	1
0.0006366232668   	omega             	1.8671533400e+00	(2.9762516631e-01 3.4658714611e-01 8.8011490736e-02)	2	1.6962368610e+07	(1.0291314320e-01 4.7269903838e-02 6.1879950920e-03)	3
0.0006366232668   	p                 	-1.7982020374e+01	(-1.2088770055e-01 8.7207269197e-02 -1.2343153712e-01)	2	1.7480955803e+01	(-1.1849999990e-01 4.9071988420e-02 1.7149999995e-01)	1
0.0006539321231   	mag(U)            	0.0000000000e+00	(-1.4000000060e-01 4.9258069922e-03 5.3000562546e-02)	0	5.6799952135e+00	(9.6492786747e-02 4.7489527196e-02 2.0149992850e-01)	1
0.0006539321231   	k                 	1.1070686714e-15	(-1.6106772650e-01 7.7951399919e-04 -3.3234951944e-02)	2	1.0209935487e+00	(9.6500009942e-02 4.2572289314e-02 1.4858471817e-01)	1
0.0006539321231   	omega             	1.8671534564e+00	(2.9762516631e-01 3.4658714611e-01 8.8011490736e-02)	2	1.6962368614e+07	(1.0291314320e-01 4.7269903838e-02 6.1879950920e-03)	3
0.0006539321231   	p                 	-1.7984696188e+01	(-1.2088770055e-01 8.7207269197e-02 -1.2343153712e-01)	2	1.7479341165e+01	(-1.1849999990e-01 4.9071988420e-02 1.7149999995e-01)	1
0.0006712335908   	mag(U)            	0.0000000000e+00	(-1.4000000060e-01 4.9258069922e-03 5.3000562546e-02)	0	5.6799747306e+00	(9.6492786747e-02 4.7489527196e-02 2.0149992850e-01)	1
0.0006712335908   	k                 	1.1121434575e-15	(-1.6106772650e-01 7.7951399919e-04 -3.3234951944e-02)	2	1.0200811411e+00	(9.6500009942e-02 4.2572289314e-02 1.4858471817e-01)	1
0.0006712335908   	omega             	1.8671535727e+00	(2.9762516631e-01 3.4658714611e-01 8.8011490736e-02)	2	1.6962368617e+07	(1.0291314320e-01 4.7269903838e-02 6.1879950920e-03)	3
0.0006712335908   	p                 	-1.7987680102e+01	(-1.2088770055e-01 8.7207269197e-02 -1.2343153712e-01)	2	1.7477876508e+01	(-1.1849999990e-01 4.9071988420e-02 1.7149999995e-01)	1
0.0006885277376   	mag(U)            	0.0000000000e+00	(-1.4000000060e-01 4.9258069922e-03 5.3000562546e-02)	0	5.6799471855e+00	(9.6492786747e-02 4.7489527196e-02 2.0149992850e-01)	1
0.0006885277376   	k                 	1.1173454402e-15	(-1.6106772650e-01 7.7951399919e-04 -3.3234951944e-02)	2	1.0191603202e+00	(9.6500009942e-02 4.2572289314e-02 1.4858471817e-01)	1
0.0006885277376   	omega             	1.8671536890e+00	(2.9762516631e-01 3.4658714611e-01 8.8011490736e-02)	2	1.6962368621e+07	(1.0291314320e-01 4.7269903838e-02 6.1879950920e-03)	3
0.0006885277376   	p                 	-1.7990275478e+01	(-1.2088770055e-01 8.7207269197e-02 -1.2343153712e-01)	2	1.7476546991e+01	(-1.1849999990e-01 4.9071988420e-02 1.7149999995e-01)	1
0.0007058146424   	mag(U)            	0.0000000000e+00	(-1.4000000060e-01 4.9258069922e-03 5.3000562546e-02)	0	5.6799124418e+00	(9.6492786747e-02 4.7489527196e-02 2.0149992850e-01)	1
0.0007058146424   	k                 	1.1226771329e-15	(-1.6106772650e-01 7.7951399919e-04 -3.3234951944e-02)	2	1.0182312505e+00	(9.6500009942e-02 4.2572289314e-02 1.4858471817e-01)	1
0.0007058146424   	omega             	1.8671538052e+00	(2.9762516631e-01 3.4658714611e-01 8.8011490736e-02)	2	1.6962368624e+07	(1.0291314320e-01 4.7269903838e-02 6.1879950920e-03)	3
0.0007058146424   	p                 	-1.7992674762e+01	(-1.2088770055e-01 8.7207269197e-02 -1.2343153712e-01)	2	1.7474734488e+01	(-1.1849999990e-01 4.9071988420e-02 1.7149999995e-01)	1
0.0007230943975   	mag(U)            	0.0000000000e+00	(-1.4000000060e-01 4.9258069922e-03 5.3000562546e-02)	0	5.6798704111e+00	(9.6492786747e-02 4.7489527196e-02 2.0149992850e-01)	1
0.0007230943975   	k                 	1.1281408336e-15	(-1.6106772650e-01 7.7951399919e-04 -3.3234951944e-02)	2	1.0172941541e+00	(9.6500009942e-02 4.2572289314e-02 1.4858471817e-01)	1
0.0007230943975   	omega             	1.8671539214e+00	(2.9762516631e-01 3.4658714611e-01 8.8011490736e-02)	2	1.6962368627e+07	(1.0291314320e-01 4.7269903838e-02 6.1879950920e-03)	3
0.0007230943975   	p                 	-1.7994752057e+01	(-1.2088770055e-01 8.7207269197e-02 -1.2343153712e-01)	2	1.7473291067e+01	(-1.1849999990e-01 4.9071988420e-02 1.7149999995e-01)	1
0.0007403671081   	mag(U)            	0.0000000000e+00	(-1.4000000060e-01 4.9258069922e-03 5.3000562546e-02)	0	5.6798212474e+00	(9.6492786747e-02 4.7489527196e-02 2.0149992850e-01)	1
0.0007403671081   	k                 	1.1337385158e-15	(-1.6106772650e-01 7.7951399919e-04 -3.3234951944e-02)	2	1.0163492830e+00	(9.6500009942e-02 4.2572289314e-02 1.4858471817e-01)	1
0.0007403671081   	omega             	1.8671540375e+00	(2.9762516631e-01 3.4658714611e-01 8.8011490736e-02)	2	1.6962368629e+07	(1.0291314320e-01 4.7269903838e-02 6.1879950920e-03)	3
0.0007403671081   	p                 	-1.7996807371e+01	(-1.2088770055e-01 8.7207269197e-02 -1.2343153712e-01)	2	1.7472279721e+01	(-1.1849999990e-01 4.9071988420e-02 1.7149999995e-01)	1
0.0007576328948   	mag(U)            	0.0000000000e+00	(-1.4000000060e-01 4.9258069922e-03 5.3000562546e-02)	0	5.6797650290e+00	(9.6492786747e-02 4.7489527196e-02 2.0149992850e-01)	1
0.0007576328948   	k                 	1.1394716708e-15	(-1.6106772650e-01 7.7951399919e-04 -3.3234951944e-02)	2	1.0153968786e+00	(9.6500009942e-02 4.2572289314e-02 1.4858471817e-01)	1
0.0007576328948   	omega             	1.8671541536e+00	(2.9762516631e-01 3.4658714611e-01 8.8011490736e-02)	2	1.6962368632e+07	(1.0291314320e-01 4.7269903838e-02 6.1879950920e-03)	3
0.0007576328948   	p                 	-1.7998845494e+01	(-1.2088770055e-01 8.7207269197e-02 -1.2343153712e-01)	2	1.7470774064e+01	(-1.1849999990e-01 4.9071988420e-02 1.7149999995e-01)	1
0.0007748918905   	mag(U)            	0.0000000000e+00	(-1.4000000060e-01 4.9258069922e-03 5.3000562546e-02)	0	5.6797017127e+00	(9.6492786747e-02 4.7489527196e-02 2.0149992850e-01)	1
0.0007748918905   	k                 	1.1453415590e-15	(-1.6106772650e-01 7.7951399919e-04 -3.3234951944e-02)	2	1.0144371874e+00	(9.6500009942e-02 4.2572289314e-02 1.4858471817e-01)	1
0.0007748918905   	omega             	1.8671542696e+00	(2.9762516631e-01 3.4658714611e-01 8.8011490736e-02)	2	1.6962368635e+07	(1.0291314320e-01 4.7269903838e-02 6.1879950920e-03)	3
0.0007748918905   	p                 	-1.8000783493e+01	(-1.2088770055e-01 8.7207269197e-02 -1.2343153712e-01)	2	1.7469661671e+01	(-1.1849999990e-01 4.9071988420e-02 1.7149999995e-01)	1
0.0007921442381   	mag(U)            	0.0000000000e+00	(-1.4000000060e-01 4.9258069922e-03 5.3000562546e-02)	0	5.6796312862e+00	(9.6492786747e-02 4.7489527196e-02 2.0149992850e-01)	1
0.0007921442381   	k                 	1.1513490040e-15	(-1.6106772650e-01 7.7951399919e-04 -3.3234951944e-02)	2	1.0134704019e+00	(9.6500009942e-02 4.2572289314e-02 1.4858471817e-01)	1
0.0007921442381   	omega             	1.8671543855e+00	(2.9762516631e-01 3.4658714611e-01 8.8011490736e-02)	2	1.6962368638e+07	(1.0291314320e-01 4.7269903838e-02 6.1879950920e-03)	3
0.0007921442381   	p                 	-1.8002747695e+01	(-1.2088770055e-01 8.7207269197e-02 -1.2343153712e-01)	2	1.7468510641e+01	(-1.1849999990e-01 4.9071988420e-02 1.7149999995e-01)	1
0.0008093900883   	mag(U)            	0.0000000000e+00	(-1.4000000060e-01 4.9258069922e-03 5.3000562546e-02)	0	5.6795540754e+00	(9.6492786747e-02 4.7489527196e-02 2.0149992850e-01)	1
0.0008093900883   	k                 	1.1574944338e-15	(-1.6106772650e-01 7.7951399919e-04 -3.3234951944e-02)	2	1.0124967365e+00	(9.6500009942e-02 4.2572289314e-02 1.4858471817e-01)	1
0.0008093900883   	omega             	1.8671545014e+00	(2.9762516631e-01 3.4658714611e-01 8.8011490736e-02)	2	1.6962368640e+07	(1.0291314320e-01 4.7269903838e-02 6.1879950920e-03)	3
0.0008093900883   	p                 	-1.8004820063e+01	(-1.2088770055e-01 8.7207269197e-02 -1.2343153712e-01)	2	1.7467303952e+01	(-1.1849999990e-01 4.9071988420e-02 1.7149999995e-01)	1
0.0008266296009   	mag(U)            	0.0000000000e+00	(-1.4000000060e-01 4.9258069922e-03 5.3000562546e-02)	0	5.6794700948e+00	(9.6492786747e-02 4.7489527196e-02 2.0149992850e-01)	1
0.0008266296009   	k                 	1.1637778307e-15	(-1.6106772650e-01 7.7951399919e-04 -3.3234951944e-02)	2	1.0115165301e+00	(9.6500009942e-02 4.2572289314e-02 1.4858471817e-01)	1
0.0008266296009   	omega             	1.8671546173e+00	(2.9762516631e-01 3.4658714611e-01 8.8011490736e-02)	2	1.6962368643e+07	(1.0291314320e-01 4.7269903838e-02 6.1879950920e-03)	3
0.0008266296009   	p                 	-1.8006933290e+01	(-1.2088770055e-01 8.7207269197e-02 -1.2343153712e-01)	2	1.7466562885e+01	(-1.1849999990e-01 4.9071988420e-02 1.7149999995e-01)	1
0.0008438629421   	mag(U)            	0.0000000000e+00	(-1.4000000060e-01 4.9258069922e-03 5.3000562546e-02)	0	5.6793790963e+00	(9.6492786747e-02 4.7489527196e-02 2.0149992850e-01)	1
0.0008438629421   	k                 	1.1701991299e-15	(-1.6106772650e-01 7.7951399919e-04 -3.3234951944e-02)	2	1.0105300717e+00	(9.6500009942e-02 4.2572289314e-02 1.4858471817e-01)	1
0.0008438629421   	omega             	1.8671547331e+00	(2.9762516631e-01 3.4658714611e-01 8.8011490736e-02)	2	1.6962368645e+07	(1.0291314320e-01 4.7269903838e-02 6.1879950920e-03)	3
0.0008438629421   	p                 	-1.8008979577e+01	(-1.2088770055e-01 8.7207269197e-02 -1.2343153712e-01)	2	1.7465550859e+01	(-1.1849999990e-01 4.9071988420e-02 1.7149999995e-01)	1
0.0008610902814   	mag(U)            	0.0000000000e+00	(-1.4000000060e-01 4.9258069922e-03 5.3000562546e-02)	0	5.6792811268e+00	(9.6492786747e-02 4.7489527196e-02 2.0149992850e-01)	1
0.0008610902814   	k                 	1.1767581206e-15	(-1.6106772650e-01 7.7951399919e-04 -3.3234951944e-02)	2	1.0095376061e+00	(9.6500009942e-02 4.2572289314e-02 1.4858471817e-01)	1
0.0008610902814   	omega             	1.8671548488e+00	(2.9762516631e-01 3.4658714611e-01 8.8011490736e-02)	2	1.6962368648e+07	(1.0291314320e-01 4.7269903838e-02 6.1879950920e-03)	3
0.0008610902814   	p                 	-1.8011224654e+01	(-1.2088770055e-01 8.7207269197e-02 -1.2343153712e-01)	2	1.7464652346e+01	(-1.1849999990e-01 4.9071988420e-02 1.7149999995e-01)	1
0.0008783117946   	mag(U)            	0.0000000000e+00	(-1.4000000060e-01 4.9258069922e-03 5.3000562546e-02)	0	5.6791761605e+00	(9.6492786747e-02 4.7489527196e-02 2.0149992850e-01)	1
0.0008783117946   	k                 	1.1834545667e-15	(-1.6106772650e-01 7.7951399919e-04 -3.3234951944e-02)	2	1.0085393777e+00	(9.6500009942e-02 4.2572289314e-02 1.4858471817e-01)	1
0.0008783117946   	omega             	1.8671549645e+00	(2.9762516631e-01 3.4658714611e-01 8.8011490736e-02)	2	1.6962368651e+07	(1.0291314320e-01 4.7269903838e-02 6.1879950920e-03)	3
0.0008783117946   	p                 	-1.8013630235e+01	(-1.2088770055e-01 8.7207269197e-02 -1.2343153712e-01)	2	1.7463843788e+01	(-1.1849999990e-01 4.9071988420e-02 1.7149999995e-01)	1
0.0008955276611   	mag(U)            	0.0000000000e+00	(-1.4000000060e-01 4.9258069922e-03 5.3000562546e-02)	0	5.6790641251e+00	(9.6492786747e-02 4.7489527196e-02 2.0149992850e-01)	1
0.0008955276611   	k                 	1.1902882375e-15	(-1.6106772650e-01 7.7951399919e-04 -3.3234951944e-02)	2	1.0075356408e+00	(9.6500009942e-02 4.2572289314e-02 1.4858471817e-01)	1
0.0008955276611   	omega             	1.8671550802e+00	(2.9762516631e-01 3.4658714611e-01 8.8011490736e-02)	2	1.6962368653e+07	(1.0291314320e-01 4.7269903838e-02 6.1879950920e-03)	3
0.0008955276611   	p                 	-1.8016190376e+01	(-1.2088770055e-01 8.7207269197e-02 -1.2343153712e-01)	2	1.7462949511e+01	(-1.1849999990e-01 4.9071988420e-02 1.7149999995e-01)	1
0.0009127380584   	mag(U)            	0.0000000000e+00	(-1.4000000060e-01 4.9258069922e-03 5.3000562546e-02)	0	5.6789457527e+00	(9.6492786747e-02 4.7489527196e-02 2.0149992850e-01)	1
0.0009127380584   	k                 	1.1972589821e-15	(-1.6106772650e-01 7.7951399919e-04 -3.3234951944e-02)	2	1.0065266688e+00	(9.6500009942e-02 4.2572289314e-02 1.4858471817e-01)	1
0.0009127380584   	omega             	1.8671551958e+00	(2.9762516631e-01 3.4658714611e-01 8.8011490736e-02)	2	1.6962368656e+07	(1.0291314320e-01 4.7269903838e-02 6.1879950920e-03)	3
0.0009127380584   	p                 	-1.8018959666e+01	(-1.2088770055e-01 8.7207269197e-02 -1.2343153712e-01)	2	1.7461478102e+01	(-1.1849999990e-01 4.9071988420e-02 1.7149999995e-01)	1
0.0009299431599   	mag(U)            	0.0000000000e+00	(-1.4000000060e-01 4.9258069922e-03 5.3000562546e-02)	0	5.6788204622e+00	(9.6492786747e-02 4.7489527196e-02 2.0149992850e-01)	1
0.0009299431599   	k                 	1.2043676243e-15	(-1.6106772650e-01 7.7951399919e-04 -3.3234951944e-02)	2	1.0055128348e+00	(9.6500009942e-02 4.2572289314e-02 1.4858471817e-01)	1
0.0009299431599   	omega             	1.8671553113e+00	(2.9762516631e-01 3.4658714611e-01 8.8011490736e-02)	2	1.6962368658e+07	(1.0291314320e-01 4.7269903838e-02 6.1879950920e-03)	3
0.0009299431599   	p                 	-1.8021898181e+01	(-1.2088770055e-01 8.7207269197e-02 -1.2343153712e-01)	2	1.7460670368e+01	(-1.1849999990e-01 4.9071988420e-02 1.7149999995e-01)	1
0.0009471431335   	mag(U)            	0.0000000000e+00	(-1.4000000060e-01 4.9258069922e-03 5.3000562546e-02)	0	5.6786879981e+00	(9.6492786747e-02 4.7489527196e-02 2.0149992850e-01)	1
0.0009471431335   	k                 	1.2116136072e-15	(-1.6106772650e-01 7.7951399919e-04 -3.3234951944e-02)	2	1.0044945795e+00	(9.6500009942e-02 4.2572289314e-02 1.4858471817e-01)	1
0.0009471431335   	omega             	1.8671554268e+00	(2.9762516631e-01 3.4658714611e-01 8.8011490736e-02)	2	1.6962368661e+07	(1.0291314320e-01 4.7269903838e-02 6.1879950920e-03)	3
0.0009471431335   	p                 	-1.8025094816e+01	(-1.2088770055e-01 8.7207269197e-02 -1.2343153712e-01)	2	1.7459682694e+01	(-1.1849999990e-01 4.9071988420e-02 1.7149999995e-01)	1
0.0009643381412   	mag(U)            	0.0000000000e+00	(-1.4000000060e-01 4.9258069922e-03 5.3000562546e-02)	0	5.6785484174e+00	(9.6492786747e-02 4.7489527196e-02 2.0149992850e-01)	1
0.0009643381412   	k                 	1.2189962636e-15	(-1.6106772650e-01 7.7951399919e-04 -3.3234951944e-02)	2	1.0034717496e+00	(9.6500009942e-02 4.2572289314e-02 1.4858471817e-01)	1
0.0009643381412   	omega             	1.8671555423e+00	(2.9762516631e-01 3.4658714611e-01 8.8011490736e-02)	2	1.6962368663e+07	(1.0291314320e-01 4.7269903838e-02 6.1879950920e-03)	3
0.0009643381412   	p                 	-1.8028506431e+01	(-1.2088770055e-01 8.7207269197e-02 -1.2343153712e-01)	2	1.7459024991e+01	(-1.1849999990e-01 4.9071988420e-02 1.7149999995e-01)	1
0.0009815283419   	mag(U)            	0.0000000000e+00	(-1.4000000060e-01 4.9258069922e-03 5.3000562546e-02)	0	5.6784018977e+00	(9.6492786747e-02 4.7489527196e-02 2.0149992850e-01)	1
0.0009815283419   	k                 	1.2265151681e-15	(-1.6106772650e-01 7.7951399919e-04 -3.3234951944e-02)	2	1.0024428545e+00	(9.6500009942e-02 4.2572289314e-02 1.4858471817e-01)	1
0.0009815283419   	omega             	1.8671556577e+00	(2.9762516631e-01 3.4658714611e-01 8.8011490736e-02)	2	1.6962368666e+07	(1.0291314320e-01 4.7269903838e-02 6.1879950920e-03)	3
0.0009815283419   	p                 	-1.8032170189e+01	(-1.2088770055e-01 8.7207269197e-02 -1.2343153712e-01)	2	1.7458197204e+01	(-1.1849999990e-01 4.9071988420e-02 1.7149999995e-01)	1
0.000998713892    	mag(U)            	0.0000000000e+00	(-1.4000000060e-01 4.9258069922e-03 5.3000562546e-02)	0	5.6782484857e+00	(9.6492786747e-02 4.7489527196e-02 2.0149992850e-01)	1
0.000998713892    	k                 	1.2341703025e-15	(-1.6106772650e-01 7.7951399919e-04 -3.3234951944e-02)	2	1.0014066237e+00	(9.6500009942e-02 4.2572289314e-02 1.4858471817e-01)	1
0.000998713892    	omega             	1.8671557731e+00	(2.9762516631e-01 3.4658714611e-01 8.8011490736e-02)	2	1.6962368668e+07	(1.0291314320e-01 4.7269903838e-02 6.1879950920e-03)	3
0.000998713892    	p                 	-1.8036043777e+01	(-1.2088770055e-01 8.7207269197e-02 -1.2343153712e-01)	2	1.7457282802e+01	(-1.1849999990e-01 4.9071988420e-02 1.7149999995e-01)	1
0.001015894945    	mag(U)            	0.0000000000e+00	(-1.4000000060e-01 4.9258069922e-03 5.3000562546e-02)	0	5.6780885849e+00	(9.6492786747e-02 4.7489527196e-02 2.0149992850e-01)	1
0.001015894945    	k                 	1.2419618166e-15	(-1.6106772650e-01 7.7951399919e-04 -3.3234951944e-02)	2	1.0003632214e+00	(9.6500009942e-02 4.2572289314e-02 1.4858471817e-01)	1
0.001015894945    	omega             	1.8671558885e+00	(2.9762516631e-01 3.4658714611e-01 8.8011490736e-02)	2	1.6962368670e+07	(1.0291314320e-01 4.7269903838e-02 6.1879950920e-03)	3
0.001015894945    	p                 	-1.8040178172e+01	(-1.2088770055e-01 8.7207269197e-02 -1.2343153712e-01)	2	1.7456404802e+01	(-1.1849999990e-01 4.9071988420e-02 1.7149999995e-01)	1
0.001033071651    	mag(U)            	0.0000000000e+00	(-1.4000000060e-01 4.9258069922e-03 5.3000562546e-02)	0	5.6779222535e+00	(9.6492786747e-02 4.7489527196e-02 2.0149992850e-01)	1
0.001033071651    	k                 	1.2498899509e-15	(-1.6106772650e-01 7.7951399919e-04 -3.3234951944e-02)	2	9.9931239247e-01	(9.6500009942e-02 4.2572289314e-02 1.4858471817e-01)	1
0.001033071651    	omega             	1.8671560038e+00	(2.9762516631e-01 3.4658714611e-01 8.8011490736e-02)	2	1.6962368673e+07	(1.0291314320e-01 4.7269903838e-02 6.1879950920e-03)	3
0.001033071651    	p                 	-1.8044548988e+01	(-1.2088770055e-01 8.7207269197e-02 -1.2343153712e-01)	2	1.7455629382e+01	(-1.1849999990e-01 4.9071988420e-02 1.7149999995e-01)	1
0.001050244151    	mag(U)            	0.0000000000e+00	(-1.4000000060e-01 4.9258069922e-03 5.3000562546e-02)	0	5.6777497402e+00	(9.6492786747e-02 4.7489527196e-02 2.0149992850e-01)	1
0.001050244151    	k                 	1.2579550791e-15	(-1.6106772650e-01 7.7951399919e-04 -3.3234951944e-02)	2	9.9825357482e-01	(9.6500009942e-02 4.2572289314e-02 1.4858471817e-01)	1
0.001050244151    	omega             	1.8671561191e+00	(2.9762516631e-01 3.4658714611e-01 8.8011490736e-02)	2	1.6962368675e+07	(1.0291314320e-01 4.7269903838e-02 6.1879950920e-03)	3
0.001050244151    	p                 	-1.8049229133e+01	(-1.2088770055e-01 8.7207269197e-02 -1.2343153712e-01)	2	1.7454920382e+01	(-1.1849999990e-01 4.9071988420e-02 1.7149999995e-01)	1
0.001067412582    	mag(U)            	0.0000000000e+00	(-1.4000000060e-01 4.9258069922e-03 5.3000562546e-02)	0	5.6775711810e+00	(9.6492786747e-02 4.7489527196e-02 2.0149992850e-01)	1
0.001067412582    	k                 	1.2661574634e-15	(-1.6106772650e-01 7.7951399919e-04 -3.3234951944e-02)	2	9.9718639470e-01	(9.6500009942e-02 4.2572289314e-02 1.4858471817e-01)	1
0.001067412582    	omega             	1.8671562343e+00	(2.9762516631e-01 3.4658714611e-01 8.8011490736e-02)	2	1.6962368678e+07	(1.0291314320e-01 4.7269903838e-02 6.1879950920e-03)	3
0.001067412582    	p                 	-1.8054141232e+01	(-1.2088770055e-01 8.7207269197e-02 -1.2343153712e-01)	2	1.7454212212e+01	(-1.1849999990e-01 4.9071988420e-02 1.7149999995e-01)	1
0.001084577073    	mag(U)            	0.0000000000e+00	(-1.4000000060e-01 4.9258069922e-03 5.3000562546e-02)	0	5.6773868284e+00	(9.6492786747e-02 4.7489527196e-02 2.0149992850e-01)	1
0.001084577073    	k                 	1.2744973011e-15	(-1.6106772650e-01 7.7951399919e-04 -3.3234951944e-02)	2	9.9611063019e-01	(9.6500009942e-02 4.2572289314e-02 1.4858471817e-01)	1
0.001084577073    	omega             	1.8671563495e+00	(2.9762516631e-01 3.4658714611e-01 8.8011490736e-02)	2	1.6962368680e+07	(1.0291314320e-01 4.7269903838e-02 6.1879950920e-03)	3
0.001084577073    	p                 	-1.8059281456e+01	(-1.2088770055e-01 8.7207269197e-02 -1.2343153712e-01)	2	1.7453398358e+01	(-1.1849999990e-01 4.9071988420e-02 1.7149999995e-01)	1
0.001101737746    	mag(U)            	0.0000000000e+00	(-1.4000000060e-01 4.9258069922e-03 5.3000562546e-02)	0	5.6771967262e+00	(9.6492786747e-02 4.7489527196e-02 2.0149992850e-01)	1
0.001101737746    	k                 	1.2829748284e-15	(-1.6106772650e-01 7.7951399919e-04 -3.3234951944e-02)	2	9.9502611007e-01	(9.6500009942e-02 4.2572289314e-02 1.4858471817e-01)	1
0.001101737746    	omega             	1.8671564647e+00	(2.9762516631e-01 3.4658714611e-01 8.8011490736e-02)	2	1.6962368682e+07	(1.0291314320e-01 4.7269903838e-02 6.1879950920e-03)	3
0.001101737746    	p                 	-1.8064627677e+01	(-1.2088770055e-01 8.7207269197e-02 -1.2343153712e-01)	2	1.7452813170e+01	(-1.1849999990e-01 4.9071988420e-02 1.7149999995e-01)	1
0.001118894717    	mag(U)            	0.0000000000e+00	(-1.4000000060e-01 4.9258069922e-03 5.3000562546e-02)	0	5.6770009094e+00	(9.6492786747e-02 4.7489527196e-02 2.0149992850e-01)	1
0.001118894717    	k                 	1.2915900367e-15	(-1.6106772650e-01 7.7951399919e-04 -3.3234951944e-02)	2	9.9393273591e-01	(9.6500009942e-02 4.2572289314e-02 1.4858471817e-01)	1
0.001118894717    	omega             	1.8671565798e+00	(2.9762516631e-01 3.4658714611e-01 8.8011490736e-02)	2	1.6962368685e+07	(1.0291314320e-01 4.7269903838e-02 6.1879950920e-03)	3
0.001118894717    	p                 	-1.8070150129e+01	(-1.2088770055e-01 8.7207269197e-02 -1.2343153712e-01)	2	1.7451721716e+01	(-1.1849999990e-01 4.9071988420e-02 1.7149999995e-01)	1
0.001136048091    	mag(U)            	0.0000000000e+00	(-1.4000000060e-01 4.9258069922e-03 5.3000562546e-02)	0	5.6767996952e+00	(9.6492786747e-02 4.7489527196e-02 2.0149992850e-01)	1
0.001136048091    	k                 	1.3003429637e-15	(-1.6106772650e-01 7.7951399919e-04 -3.3234951944e-02)	2	9.9283046105e-01	(9.6500009942e-02 4.2572289314e-02 1.4858471817e-01)	1
0.001136048091    	omega             	1.8671566949e+00	(2.9762516631e-01 3.4658714611e-01 8.8011490736e-02)	2	1.6962368687e+07	(1.0291314320e-01 4.7269903838e-02 6.1879950920e-03)	3
0.001136048091    	p                 	-1.8075972875e+01	(-1.2088770055e-01 8.7207269197e-02 -1.2343153712e-01)	2	1.7450914106e+01	(-1.1849999990e-01 4.9071988420e-02 1.7149999995e-01)	1
0.001153197968    	mag(U)            	0.0000000000e+00	(-1.4000000060e-01 4.9258069922e-03 5.3000562546e-02)	0	5.6765932600e+00	(9.6492786747e-02 4.7489527196e-02 2.0149992850e-01)	1
0.001153197968    	k                 	1.3092335347e-15	(-1.6106772650e-01 7.7951399919e-04 -3.3234951944e-02)	2	9.9171940446e-01	(9.6500009942e-02 4.2572289314e-02 1.4858471817e-01)	1
0.001153197968    	omega             	1.8671568100e+00	(2.9762516631e-01 3.4658714611e-01 8.8011490736e-02)	2	1.6962368689e+07	(1.0291314320e-01 4.7269903838e-02 6.1879950920e-03)	3
0.001153197968    	p                 	-1.8082050125e+01	(-1.2088770055e-01 8.7207269197e-02 -1.2343153712e-01)	2	1.7450119359e+01	(-1.1849999990e-01 4.9071988420e-02 1.7149999995e-01)	1
0.001170344442    	mag(U)            	0.0000000000e+00	(-1.4000000060e-01 4.9258069922e-03 5.3000562546e-02)	0	5.6763817183e+00	(9.6492786747e-02 4.7489527196e-02 2.0149992850e-01)	1
0.001170344442    	k                 	1.3182615228e-15	(-1.6106772650e-01 7.7951399919e-04 -3.3234951944e-02)	2	9.9060017004e-01	(9.6500009942e-02 4.2572289314e-02 1.4858471817e-01)	1
0.001170344442    	omega             	1.8671569251e+00	(2.9762516631e-01 3.4658714611e-01 8.8011490736e-02)	2	1.6962368691e+07	(1.0291314320e-01 4.7269903838e-02 6.1879950920e-03)	3
0.001170344442    	p                 	-1.8088354716e+01	(-1.2088770055e-01 8.7207269197e-02 -1.2343153712e-01)	2	1.7449521157e+01	(-1.1849999990e-01 4.9071988420e-02 1.7149999995e-01)	1
0.001187487599    	mag(U)            	0.0000000000e+00	(-1.4000000060e-01 4.9258069922e-03 5.3000562546e-02)	0	5.6761651843e+00	(9.6492786747e-02 4.7489527196e-02 2.0149992850e-01)	1
0.001187487599    	k                 	1.3274264615e-15	(-1.6106772650e-01 7.7951399919e-04 -3.3234951944e-02)	2	9.8947289053e-01	(9.6500009942e-02 4.2572289314e-02 1.4858471817e-01)	1
0.001187487599    	omega             	1.8671570401e+00	(2.9762516631e-01 3.4658714611e-01 8.8011490736e-02)	2	1.6962368693e+07	(1.0291314320e-01 4.7269903838e-02 6.1879950920e-03)	3
0.001187487599    	p                 	-1.8094852862e+01	(-1.2088770055e-01 8.7207269197e-02 -1.2343153712e-01)	2	1.7448875435e+01	(-1.1849999990e-01 4.9071988420e-02 1.7149999995e-01)	1
0.001204627517    	mag(U)            	0.0000000000e+00	(-1.4000000060e-01 4.9258069922e-03 5.3000562546e-02)	0	5.6759437945e+00	(9.6492786747e-02 4.7489527196e-02 2.0149992850e-01)	1
0.001204627517    	k                 	1.3367277452e-15	(-1.6106772650e-01 7.7951399919e-04 -3.3234951944e-02)	2	9.8833762538e-01	(9.6500009942e-02 4.2572289314e-02 1.4858471817e-01)	1
0.001204627517    	omega             	1.8671571551e+00	(2.9762516631e-01 3.4658714611e-01 8.8011490736e-02)	2	1.6962368695e+07	(1.0291314320e-01 4.7269903838e-02 6.1879950920e-03)	3
0.001204627517    	p                 	-1.8101648985e+01	(-1.2088770055e-01 8.7207269197e-02 -1.2343153712e-01)	2	1.7448060551e+01	(-1.1849999990e-01 4.9071988420e-02 1.7149999995e-01)	1
0.001221764263    	mag(U)            	0.0000000000e+00	(-1.4000000060e-01 4.9258069922e-03 5.3000562546e-02)	0	5.6757176520e+00	(9.6492786747e-02 4.7489527196e-02 2.0149992850e-01)	1
0.001221764263    	k                 	1.3461645012e-15	(-1.6106772650e-01 7.7951399919e-04 -3.3234951944e-02)	2	9.8791117228e-01	(1.4249981635e-01 4.3474693924e-02 2.4948548405e-01)	0
0.001221764263    	omega             	1.8671572700e+00	(2.9762516631e-01 3.4658714611e-01 8.8011490736e-02)	2	1.6962368698e+07	(1.0291314320e-01 4.7269903838e-02 6.1879950920e-03)	3
0.001221764263    	p                 	-1.8108643262e+01	(-1.2088770055e-01 8.7207269197e-02 -1.2343153712e-01)	2	1.7447142464e+01	(-1.1849999990e-01 4.9071988420e-02 1.7149999995e-01)	1
0.001238897899    	mag(U)            	0.0000000000e+00	(-1.4000000060e-01 4.9258069922e-03 5.3000562546e-02)	0	5.6754868463e+00	(9.6492786747e-02 4.7489527196e-02 2.0149992850e-01)	1
0.001238897899    	k                 	1.3557358676e-15	(-1.6106772650e-01 7.7951399919e-04 -3.3234951944e-02)	2	9.8769056847e-01	(1.4249981635e-01 4.3474693924e-02 2.4948548405e-01)	0
0.001238897899    	omega             	1.8671573850e+00	(2.9762516631e-01 3.4658714611e-01 8.8011490736e-02)	2	1.6962368700e+07	(1.0291314320e-01 4.7269903838e-02 6.1879950920e-03)	3
0.001238897899    	p                 	-1.8115789595e+01	(-1.2088770055e-01 8.7207269197e-02 -1.2343153712e-01)	2	1.7446321218e+01	(-1.1849999990e-01 4.9071988420e-02 1.7149999995e-01)	1
0.001256028481    	mag(U)            	0.0000000000e+00	(-1.4000000060e-01 4.9258069922e-03 5.3000562546e-02)	0	5.6752516867e+00	(9.6492786747e-02 4.7489527196e-02 2.0149992850e-01)	1
0.001256028481    	k                 	1.3654409856e-15	(-1.6106772650e-01 7.7951399919e-04 -3.3234951944e-02)	2	9.8746763376e-01	(1.4249981635e-01 4.3474693924e-02 2.4948548405e-01)	0
0.001256028481    	omega             	1.8671574999e+00	(2.9762516631e-01 3.4658714611e-01 8.8011490736e-02)	2	1.6962368702e+07	(1.0291314320e-01 4.7269903838e-02 6.1879950920e-03)	3
0.001256028481    	p                 	-1.8123178476e+01	(-1.2088770055e-01 8.7207269197e-02 -1.2343153712e-01)	2	1.7445724005e+01	(-1.1849999990e-01 4.9071988420e-02 1.7149999995e-01)	1
0.001273156058    	mag(U)            	0.0000000000e+00	(-1.4000000060e-01 4.9258069922e-03 5.3000562546e-02)	0	5.6750170630e+00	(9.5490480730e-02 4.7734399257e-02 2.0349997784e-01)	1
0.001273156058    	k                 	1.3752790047e-15	(-1.6106772650e-01 7.7951399919e-04 -3.3234951944e-02)	2	9.8724241650e-01	(1.4249981635e-01 4.3474693924e-02 2.4948548405e-01)	0
0.001273156058    	omega             	1.8671576148e+00	(2.9762516631e-01 3.4658714611e-01 8.8011490736e-02)	2	1.6962368704e+07	(1.0291314320e-01 4.7269903838e-02 6.1879950920e-03)	3
0.001273156058    	p                 	-1.8130838569e+01	(-1.2088770055e-01 8.7207269197e-02 -1.2343153712e-01)	2	1.7445114181e+01	(-1.1849999990e-01 4.9071988420e-02 1.7149999995e-01)	1
0.001290280671    	mag(U)            	0.0000000000e+00	(-1.4000000060e-01 4.9258069922e-03 5.3000562546e-02)	0	5.6748394204e+00	(9.5490480730e-02 4.7734399257e-02 2.0349997784e-01)	1
0.001290280671    	k                 	1.3852490679e-15	(-1.6106772650e-01 7.7951399919e-04 -3.3234951944e-02)	2	9.8701496162e-01	(1.4249981635e-01 4.3474693924e-02 2.4948548405e-01)	0
0.001290280671    	omega             	1.8671577296e+00	(2.9762516631e-01 3.4658714611e-01 8.8011490736e-02)	2	1.6962368706e+07	(1.0291314320e-01 4.7269903838e-02 6.1879950920e-03)	3
0.001290280671    	p                 	-1.8138673108e+01	(-1.2088770055e-01 8.7207269197e-02 -1.2343153712e-01)	2	1.7444239985e+01	(-1.1849999990e-01 4.9071988420e-02 1.7149999995e-01)	1
0.001307402357    	mag(U)            	0.0000000000e+00	(-1.4000000060e-01 4.9258069922e-03 5.3000562546e-02)	0	5.6746547323e+00	(9.5490480730e-02 4.7734399257e-02 2.0349997784e-01)	1
0.001307402357    	k                 	1.3953503508e-15	(-1.6106772650e-01 7.7951399919e-04 -3.3234951944e-02)	2	9.8678531278e-01	(1.4249981635e-01 4.3474693924e-02 2.4948548405e-01)	0
0.001307402357    	omega             	1.8671578444e+00	(2.9762516631e-01 3.4658714611e-01 8.8011490736e-02)	2	1.6962368708e+07	(1.0291314320e-01 4.7269903838e-02 6.1879950920e-03)	3
0.001307402357    	p                 	-1.8146720942e+01	(-1.2088770055e-01 8.7207269197e-02 -1.2343153712e-01)	2	1.7443759640e+01	(-1.1849999990e-01 4.9071988420e-02 1.7149999995e-01)	1
0.001324521145    	mag(U)            	0.0000000000e+00	(-1.4000000060e-01 4.9258069922e-03 5.3000562546e-02)	0	5.6744630892e+00	(9.5490480730e-02 4.7734399257e-02 2.0349997784e-01)	1
0.001324521145    	k                 	1.4055819043e-15	(-1.6106772650e-01 7.7951399919e-04 -3.3234951944e-02)	2	9.8655351341e-01	(1.4249981635e-01 4.3474693924e-02 2.4948548405e-01)	0
0.001324521145    	omega             	1.8671579592e+00	(2.9762516631e-01 3.4658714611e-01 8.8011490736e-02)	2	1.6962368710e+07	(1.0291314320e-01 4.7269903838e-02 6.1879950920e-03)	3
0.001324521145    	p                 	-1.8154999377e+01	(-1.2088770055e-01 8.7207269197e-02 -1.2343153712e-01)	2	1.7443168653e+01	(-1.1849999990e-01 4.9071988420e-02 1.7149999995e-01)	1
0.001341637064    	mag(U)            	0.0000000000e+00	(-1.4000000060e-01 4.9258069922e-03 5.3000562546e-02)	0	5.6742646490e+00	(9.5490480730e-02 4.7734399257e-02 2.0349997784e-01)	1
0.001341637064    	k                 	1.4159428781e-15	(-1.6106772650e-01 7.7951399919e-04 -3.3234951944e-02)	2	9.8631960701e-01	(1.4249981635e-01 4.3474693924e-02 2.4948548405e-01)	0
0.001341637064    	omega             	1.8671580740e+00	(2.9762516631e-01 3.4658714611e-01 8.8011490736e-02)	2	1.6962368712e+07	(1.0291314320e-01 4.7269903838e-02 6.1879950920e-03)	3
0.001341637064    	p                 	-1.8163454267e+01	(-1.2088770055e-01 8.7207269197e-02 -1.2343153712e-01)	2	1.7442544805e+01	(-1.1849999990e-01 4.9071988420e-02 1.7149999995e-01)	1
0.001358750136    	mag(U)            	0.0000000000e+00	(-1.4000000060e-01 4.9258069922e-03 5.3000562546e-02)	0	5.6740597267e+00	(9.5490480730e-02 4.7734399257e-02 2.0349997784e-01)	1
0.001358750136    	k                 	1.4264323183e-15	(-1.6106772650e-01 7.7951399919e-04 -3.3234951944e-02)	2	9.8608363696e-01	(1.4249981635e-01 4.3474693924e-02 2.4948548405e-01)	0
0.001358750136    	omega             	1.8671581888e+00	(2.9762516631e-01 3.4658714611e-01 8.8011490736e-02)	2	1.6962368714e+07	(1.0291314320e-01 4.7269903838e-02 6.1879950920e-03)	3
0.001358750136    	p                 	-1.8172098927e+01	(-1.2088770055e-01 8.7207269197e-02 -1.2343153712e-01)	2	1.7441822551e+01	(-1.1849999990e-01 4.9071988420e-02 1.7149999995e-01)	1
0.001375860385    	mag(U)            	0.0000000000e+00	(-1.4000000060e-01 4.9258069922e-03 5.3000562546e-02)	0	5.6738484465e+00	(9.5490480730e-02 4.7734399257e-02 2.0349997784e-01)	1
0.001375860385    	k                 	1.4370490520e-15	(-1.6106772650e-01 7.7951399919e-04 -3.3234951944e-02)	2	9.8584564627e-01	(1.4249981635e-01 4.3474693924e-02 2.4948548405e-01)	0
0.001375860385    	omega             	1.8671583035e+00	(2.9762516631e-01 3.4658714611e-01 8.8011490736e-02)	2	1.6962368716e+07	(1.0291314320e-01 4.7269903838e-02 6.1879950920e-03)	3
0.001375860385    	p                 	-1.8180965467e+01	(-1.2088770055e-01 8.7207269197e-02 -1.2343153712e-01)	2	1.7441130149e+01	(-1.1849999990e-01 4.9071988420e-02 1.7149999995e-01)	1
0.001392967828    	mag(U)            	0.0000000000e+00	(-1.4000000060e-01 4.9258069922e-03 5.3000562546e-02)	0	5.6736309352e+00	(9.5490480730e-02 4.7734399257e-02 2.0349997784e-01)	1
0.001392967828    	k                 	1.4477918297e-15	(-1.6106772650e-01 7.7951399919e-04 -3.3234951944e-02)	2	9.8560567918e-01	(1.4249981635e-01 4.3474693924e-02 2.4948548405e-01)	0
0.001392967828    	omega             	1.8671584182e+00	(2.9762516631e-01 3.4658714611e-01 8.8011490736e-02)	2	1.6962368718e+07	(1.0291314320e-01 4.7269903838e-02 6.1879950920e-03)	3
0.001392967828    	p                 	-1.8189869457e+01	(-1.2088770055e-01 8.7207269197e-02 -1.2343153712e-01)	2	1.7440639482e+01	(-1.1849999990e-01 4.9071988420e-02 1.7149999995e-01)	1
0.001410072482    	mag(U)            	0.0000000000e+00	(-1.4000000060e-01 4.9258069922e-03 5.3000562546e-02)	0	5.6734072702e+00	(9.5490480730e-02 4.7734399257e-02 2.0349997784e-01)	1
0.001410072482    	k                 	1.4586595775e-15	(-1.6106772650e-01 7.7951399919e-04 -3.3234951944e-02)	2	9.8536377980e-01	(1.4249981635e-01 4.3474693924e-02 2.4948548405e-01)	0
0.001410072482    	omega             	1.8671585329e+00	(2.9762516631e-01 3.4658714611e-01 8.8011490736e-02)	2	1.6962368721e+07	(1.0291314320e-01 4.7269903838e-02 6.1879950920e-03)	3
0.001410072482    	p                 	-1.8198976610e+01	(-1.2088770055e-01 8.7207269197e-02 -1.2343153712e-01)	2	1.7440275399e+01	(-1.1849999990e-01 4.9071988420e-02 1.7149999995e-01)	1
0.001427174363    	mag(U)            	0.0000000000e+00	(-1.4000000060e-01 4.9258069922e-03 5.3000562546e-02)	0	5.6731778529e+00	(9.5490480730e-02 4.7734399257e-02 2.0349997784e-01)	1
0.001427174363    	k                 	1.4696511690e-15	(-1.6106772650e-01 7.7951399919e-04 -3.3234951944e-02)	2	9.8511999288e-01	(1.4249981635e-01 4.3474693924e-02 2.4948548405e-01)	0
0.001427174363    	omega             	1.8671586475e+00	(2.9762516631e-01 3.4658714611e-01 8.8011490736e-02)	2	1.6962368723e+07	(1.0291314320e-01 4.7269903838e-02 6.1879950920e-03)	3
0.001427174363    	p                 	-1.8208225363e+01	(-1.2088770055e-01 8.7207269197e-02 -1.2343153712e-01)	2	1.7439649125e+01	(-1.1849999990e-01 4.9071988420e-02 1.7149999995e-01)	1
0.001444273483    	mag(U)            	0.0000000000e+00	(-1.4000000060e-01 4.9258069922e-03 5.3000562546e-02)	0	5.6729427875e+00	(9.5490480730e-02 4.7734399257e-02 2.0349997784e-01)	1
0.001444273483    	k                 	1.4807658056e-15	(-1.6106772650e-01 7.7951399919e-04 -3.3234951944e-02)	2	9.8487436324e-01	(1.4249981635e-01 4.3474693924e-02 2.4948548405e-01)	0
0.001444273483    	omega             	1.8671587621e+00	(2.9762516631e-01 3.4658714611e-01 8.8011490736e-02)	2	1.6962368725e+07	(1.0291314320e-01 4.7269903838e-02 6.1879950920e-03)	3
0.001444273483    	p                 	-1.8217696426e+01	(-1.2088770055e-01 8.7207269197e-02 -1.2343153712e-01)	2	1.7439136172e+01	(-1.1849999990e-01 4.9071988420e-02 1.7149999995e-01)	1
0.001461369858    	mag(U)            	0.0000000000e+00	(-1.4000000060e-01 4.9258069922e-03 5.3000562546e-02)	0	5.6727021529e+00	(9.5490480730e-02 4.7734399257e-02 2.0349997784e-01)	1
0.001461369858    	k                 	1.4920025145e-15	(-1.6106772650e-01 7.7951399919e-04 -3.3234951944e-02)	2	9.8462693580e-01	(1.4249981635e-01 4.3474693924e-02 2.4948548405e-01)	0
0.001461369858    	omega             	1.8671588767e+00	(2.9762516631e-01 3.4658714611e-01 8.8011490736e-02)	2	1.6962368727e+07	(1.0291314320e-01 4.7269903838e-02 6.1879950920e-03)	3
0.001461369858    	p                 	-1.8227255753e+01	(-1.2088770055e-01 8.7207269197e-02 -1.2343153712e-01)	2	1.7438408874e+01	(-1.1849999990e-01 4.9071988420e-02 1.7149999995e-01)	1
0.001478463499    	mag(U)            	0.0000000000e+00	(-1.4000000060e-01 4.9258069922e-03 5.3000562546e-02)	0	5.6724561103e+00	(9.5490480730e-02 4.7734399257e-02 2.0349997784e-01)	1
0.001478463499    	k                 	1.5033600990e-15	(-1.6106772650e-01 7.7951399919e-04 -3.3234951944e-02)	2	9.8437775677e-01	(1.4249981635e-01 4.3474693924e-02 2.4948548405e-01)	0
0.001478463499    	omega             	1.8671589913e+00	(2.9762516631e-01 3.4658714611e-01 8.8011490736e-02)	2	1.6962368729e+07	(1.0291314320e-01 4.7269903838e-02 6.1879950920e-03)	3
0.001478463499    	p                 	-1.8236936915e+01	(-1.2088770055e-01 8.7207269197e-02 -1.2343153712e-01)	2	1.7437958764e+01	(-1.1849999990e-01 4.9071988420e-02 1.7149999995e-01)	1
0.001495554417    	mag(U)            	0.0000000000e+00	(-1.4000000060e-01 4.9258069922e-03 5.3000562546e-02)	0	5.6722049543e+00	(9.5490480730e-02 4.7734399257e-02 2.0349997784e-01)	1
0.001495554417    	k                 	1.5148367777e-15	(-1.6106772650e-01 7.7951399919e-04 -3.3234951944e-02)	2	9.8412687248e-01	(1.4249981635e-01 4.3474693924e-02 2.4948548405e-01)	0
0.001495554417    	omega             	1.8671591059e+00	(2.9762516631e-01 3.4658714611e-01 8.8011490736e-02)	2	1.6962368732e+07	(1.0291314320e-01 4.7269903838e-02 6.1879950920e-03)	3
0.001495554417    	p                 	-1.8246607593e+01	(-1.2088770055e-01 8.7207269197e-02 -1.2343153712e-01)	2	1.7437383962e+01	(-1.1849999990e-01 4.9071988420e-02 1.7149999995e-01)	1
0.001512642622    	mag(U)            	0.0000000000e+00	(-1.4000000060e-01 4.9258069922e-03 5.3000562546e-02)	0	5.6719488521e+00	(9.5490480730e-02 4.7734399257e-02 2.0349997784e-01)	1
0.001512642622    	k                 	1.5264308006e-15	(-1.6106772650e-01 7.7951399919e-04 -3.3234951944e-02)	2	9.8387432920e-01	(1.4249981635e-01 4.3474693924e-02 2.4948548405e-01)	0
0.001512642622    	omega             	1.8671592204e+00	(2.9762516631e-01 3.4658714611e-01 8.8011490736e-02)	2	1.6962368734e+07	(1.0291314320e-01 4.7269903838e-02 6.1879950920e-03)	3
0.001512642622    	p                 	-1.8256429376e+01	(-1.2088770055e-01 8.7207269197e-02 -1.2343153712e-01)	2	1.7437122641e+01	(-1.1849999990e-01 4.9071988420e-02 1.7149999995e-01)	1
0.001529728118    	mag(U)            	0.0000000000e+00	(-1.4000000060e-01 4.9258069922e-03 5.3000562546e-02)	0	5.6716879681e+00	(9.5490480730e-02 4.7734399257e-02 2.0349997784e-01)	1
0.001529728118    	k                 	1.5381404594e-15	(-1.6106772650e-01 7.7951399919e-04 -3.3234951944e-02)	2	9.8362017287e-01	(1.4249981635e-01 4.3474693924e-02 2.4948548405e-01)	0
0.001529728118    	omega             	1.8671593349e+00	(2.9762516631e-01 3.4658714611e-01 8.8011490736e-02)	2	1.6962368736e+07	(1.0291314320e-01 4.7269903838e-02 6.1879950920e-03)	3
0.001529728118    	p                 	-1.8266347802e+01	(-1.2088770055e-01 8.7207269197e-02 -1.2343153712e-01)	2	1.7436545327e+01	(-1.1849999990e-01 4.9071988420e-02 1.7149999995e-01)	1
0.001546810911    	mag(U)            	0.0000000000e+00	(-1.4000000060e-01 4.9258069922e-03 5.3000562546e-02)	0	5.6714228340e+00	(9.5490480730e-02 4.7734399257e-02 2.0349997784e-01)	1
0.001546810911    	k                 	1.5499640809e-15	(-1.6106772650e-01 7.7951399919e-04 -3.3234951944e-02)	2	9.8336444909e-01	(1.4249981635e-01 4.3474693924e-02 2.4948548405e-01)	0
0.001546810911    	omega             	1.8671594494e+00	(2.9762516631e-01 3.4658714611e-01 8.8011490736e-02)	2	1.6962368739e+07	(1.0291314320e-01 4.7269903838e-02 6.1879950920e-03)	3
0.001546810911    	p                 	-1.8276543659e+01	(-1.2088770055e-01 8.7207269197e-02 -1.2343153712e-01)	2	1.7436195746e+01	(-1.1849999990e-01 4.9071988420e-02 1.7149999995e-01)	1
0.001563891002    	mag(U)            	0.0000000000e+00	(-1.4000000060e-01 4.9258069922e-03 5.3000562546e-02)	0	5.6711534780e+00	(9.5490480730e-02 4.7734399257e-02 2.0349997784e-01)	1
0.001563891002    	k                 	1.5619000335e-15	(-1.6106772650e-01 7.7951399919e-04 -3.3234951944e-02)	2	9.8310720384e-01	(1.4249981635e-01 4.3474693924e-02 2.4948548405e-01)	0
0.001563891002    	omega             	1.8671595638e+00	(2.9762516631e-01 3.4658714611e-01 8.8011490736e-02)	2	1.6962368741e+07	(1.0291314320e-01 4.7269903838e-02 6.1879950920e-03)	3
0.001563891002    	p                 	-1.8286800329e+01	(-1.2088770055e-01 8.7207269197e-02 -1.2343153712e-01)	2	1.7435713700e+01	(-1.1849999990e-01 4.9071988420e-02 1.7149999995e-01)	1
0.001580968395    	mag(U)            	0.0000000000e+00	(-1.4000000060e-01 4.9258069922e-03 5.3000562546e-02)	0	5.6708798982e+00	(9.5490480730e-02 4.7734399257e-02 2.0349997784e-01)	1
0.001580968395    	k                 	1.5739467391e-15	(-1.6106772650e-01 7.7951399919e-04 -3.3234951944e-02)	2	9.8284848386e-01	(1.4249981635e-01 4.3474693924e-02 2.4948548405e-01)	0
0.001580968395    	omega             	1.8671596782e+00	(2.9762516631e-01 3.4658714611e-01 8.8011490736e-02)	2	1.6962368744e+07	(1.0291314320e-01 4.7269903838e-02 6.1879950920e-03)	3
0.001580968395    	p                 	-1.8297078510e+01	(-1.2088770055e-01 8.7207269197e-02 -1.2343153712e-01)	2	1.7435026856e+01	(-1.1849999990e-01 4.9071988420e-02 1.7149999995e-01)	1
0.00159804309     	mag(U)            	0.0000000000e+00	(-1.4000000060e-01 4.9258069922e-03 5.3000562546e-02)	0	5.6706022157e+00	(9.5490480730e-02 4.7734399257e-02 2.0349997784e-01)	1
0.00159804309     	k                 	1.5861025844e-15	(-1.6106772650e-01 7.7951399919e-04 -3.3234951944e-02)	2	9.8258833493e-01	(1.4249981635e-01 4.3474693924e-02 2.4948548405e-01)	0
0.00159804309     	omega             	1.8671597927e+00	(2.9762516631e-01 3.4658714611e-01 8.8011490736e-02)	2	1.6962368746e+07	(1.0291314320e-01 4.7269903838e-02 6.1879950920e-03)	3
0.00159804309     	p                 	-1.8307378327e+01	(-1.2088770055e-01 8.7207269197e-02 -1.2343153712e-01)	2	1.7434375641e+01	(-1.1849999990e-01 4.9071988420e-02 1.7149999995e-01)	1
0.001615115099    	mag(U)            	0.0000000000e+00	(-1.4000000060e-01 4.9258069922e-03 5.3000562546e-02)	0	5.6703202795e+00	(9.5490480730e-02 4.7734399257e-02 2.0349997784e-01)	1
0.001615115099    	k                 	1.5983660231e-15	(-1.6106772650e-01 7.7951399919e-04 -3.3234951944e-02)	2	9.8232680191e-01	(1.4249981635e-01 4.3474693924e-02 2.4948548405e-01)	0
0.001615115099    	omega             	1.8671599070e+00	(2.9762516631e-01 3.4658714611e-01 8.8011490736e-02)	2	1.6962368749e+07	(1.0291314320e-01 4.7269903838e-02 6.1879950920e-03)	3
0.001615115099    	p                 	-1.8317866773e+01	(-1.2088770055e-01 8.7207269197e-02 -1.2343153712e-01)	2	1.7434005483e+01	(-1.1849999990e-01 4.9071988420e-02 1.7149999995e-01)	1
0.001632157489    	mag(U)            	0.0000000000e+00	(-1.4000000060e-01 4.9258069922e-03 5.3000562546e-02)	0	5.6700345197e+00	(9.5490480730e-02 4.7734399257e-02 2.0349997784e-01)	1
0.001632157489    	k                 	1.6107161867e-15	(-1.6106772650e-01 7.7951399919e-04 -3.3234951944e-02)	2	9.8206434557e-01	(1.4249981635e-01 4.3474693924e-02 2.4948548405e-01)	0
0.001632157489    	omega             	1.8671600212e+00	(2.9762516631e-01 3.4658714611e-01 8.8011490736e-02)	2	1.6962368752e+07	(1.0291314320e-01 4.7269903838e-02 6.1879950920e-03)	3
0.001632157489    	p                 	-1.8339686883e+01	(-1.2088770055e-01 8.7207269197e-02 -1.2343153712e-01)	2	1.7433751769e+01	(-1.1849999990e-01 4.9071988420e-02 1.7149999995e-01)	1
0.001649167269    	mag(U)            	0.0000000000e+00	(-1.4000000060e-01 4.9258069922e-03 5.3000562546e-02)	0	5.6697451012e+00	(9.5490480730e-02 4.7734399257e-02 2.0349997784e-01)	1
0.001649167269    	k                 	1.6231491424e-15	(-1.6106772650e-01 7.7951399919e-04 -3.3234951944e-02)	2	9.8180106438e-01	(1.4249981635e-01 4.3474693924e-02 2.4948548405e-01)	0
0.001649167269    	omega             	1.8671601352e+00	(2.9762516631e-01 3.4658714611e-01 8.8011490736e-02)	2	1.6962368754e+07	(1.0291314320e-01 4.7269903838e-02 6.1879950920e-03)	3
0.001649167269    	p                 	-1.8364461004e+01	(-1.2088770055e-01 8.7207269197e-02 -1.2343153712e-01)	2	1.7433365160e+01	(-1.1849999990e-01 4.9071988420e-02 1.7149999995e-01)	1
0.001666153311    	mag(U)            	0.0000000000e+00	(-1.4000000060e-01 4.9258069922e-03 5.3000562546e-02)	0	5.6697362981e+00	(-9.9499680866e-02 4.7258296868e-02 2.0249996198e-01)	1
0.001666153311    	k                 	1.6356696381e-15	(-1.6106772650e-01 7.7951399919e-04 -3.3234951944e-02)	2	9.8153687204e-01	(1.4249981635e-01 4.3474693924e-02 2.4948548405e-01)	0
0.001666153311    	omega             	1.8671602490e+00	(2.9762516631e-01 3.4658714611e-01 8.8011490736e-02)	2	1.6962368757e+07	(1.0291314320e-01 4.7269903838e-02 6.1879950920e-03)	3
0.001666153311    	p                 	-1.8384788869e+01	(-1.2088770055e-01 8.7207269197e-02 -1.2343153712e-01)	2	1.7432879101e+01	(-1.1849999990e-01 4.9071988420e-02 1.7149999995e-01)	1
0.001683123428    	mag(U)            	0.0000000000e+00	(-1.4000000060e-01 4.9258069922e-03 5.3000562546e-02)	0	5.6697813112e+00	(-9.9499680866e-02 4.7258296868e-02 2.0249996198e-01)	1
0.001683123428    	k                 	1.6482816889e-15	(-1.6106772650e-01 7.7951399919e-04 -3.3234951944e-02)	2	9.8127169475e-01	(1.4249981635e-01 4.3474693924e-02 2.4948548405e-01)	0
0.001683123428    	omega             	1.8671603627e+00	(2.9762516631e-01 3.4658714611e-01 8.8011490736e-02)	2	1.6962368760e+07	(1.0291314320e-01 4.7269903838e-02 6.1879950920e-03)	3
0.001683123428    	p                 	-1.8401359104e+01	(-1.2088770055e-01 8.7207269197e-02 -1.2343153712e-01)	2	1.7432344090e+01	(-1.1849999990e-01 4.9071988420e-02 1.7149999995e-01)	1
0.001700066811    	mag(U)            	0.0000000000e+00	(-1.4000000060e-01 4.9258069922e-03 5.3000562546e-02)	0	5.6698201555e+00	(-9.9499680866e-02 4.7258296868e-02 2.0249996198e-01)	1
0.001700066811    	k                 	1.6609756694e-15	(-1.6106772650e-01 7.7951399919e-04 -3.3234951944e-02)	2	9.8123080631e-01	(-1.0949999997e-01 4.4652692924e-02 2.0549997527e-01)	1
0.001700066811    	omega             	1.8671604762e+00	(2.9762516631e-01 3.4658714611e-01 8.8011490736e-02)	2	1.6962368763e+07	(1.0291314320e-01 4.7269903838e-02 6.1879950920e-03)	3
0.001700066811    	p                 	-1.8422014358e+01	(-1.2088770055e-01 8.7207269197e-02 -1.2343153712e-01)	2	1.7431975462e+01	(-1.1849999990e-01 4.9071988420e-02 1.7149999995e-01)	1
0.001716975762    	mag(U)            	0.0000000000e+00	(-1.4000000060e-01 4.9258069922e-03 5.3000562546e-02)	0	5.6698529851e+00	(-9.9499680866e-02 4.7258296868e-02 2.0249996198e-01)	1
0.001716975762    	k                 	1.6737439896e-15	(-1.6106772650e-01 7.7951399919e-04 -3.3234951944e-02)	2	9.8237521126e-01	(-1.0949999997e-01 4.4652692924e-02 2.0549997527e-01)	1
0.001716975762    	omega             	1.8671605894e+00	(2.9762516631e-01 3.4658714611e-01 8.8011490736e-02)	2	1.6962368766e+07	(1.0291314320e-01 4.7269903838e-02 6.1879950920e-03)	3
0.001716975762    	p                 	-1.8447068427e+01	(-1.2088770055e-01 8.7207269197e-02 -1.2343153712e-01)	2	1.7431620228e+01	(-1.1849999990e-01 4.9071988420e-02 1.7149999995e-01)	1
0.001733857684    	mag(U)            	0.0000000000e+00	(-1.4000000060e-01 4.9258069922e-03 5.3000562546e-02)	0	5.6698801381e+00	(-9.9499680866e-02 4.7258296868e-02 2.0249996198e-01)	1
0.001733857684    	k                 	1.6865903558e-15	(-1.6106772650e-01 7.7951399919e-04 -3.3234951944e-02)	2	9.8349995828e-01	(-1.0949999997e-01 4.4652692924e-02 2.0549997527e-01)	1
0.001733857684    	omega             	1.8671607025e+00	(2.9762516631e-01 3.4658714611e-01 8.8011490736e-02)	2	1.6962368769e+07	(1.0291314320e-01 4.7269903838e-02 6.1879950920e-03)	3
0.001733857684    	p                 	-1.8469428309e+01	(-1.2088770055e-01 8.7207269197e-02 -1.2343153712e-01)	2	1.7431543690e+01	(-1.1849999990e-01 4.9071988420e-02 1.7149999995e-01)	1
0.001750719722    	mag(U)            	0.0000000000e+00	(-1.4000000060e-01 4.9258069922e-03 5.3000562546e-02)	0	5.6699021173e+00	(-9.9499680866e-02 4.7258296868e-02 2.0249996198e-01)	1
0.001750719722    	k                 	1.6995184339e-15	(-1.6106772650e-01 7.7951399919e-04 -3.3234951944e-02)	2	9.8460546775e-01	(-1.0949999997e-01 4.4652692924e-02 2.0549997527e-01)	1
0.001750719722    	omega             	1.8671608154e+00	(2.9762516631e-01 3.4658714611e-01 8.8011490736e-02)	2	1.6962368772e+07	(1.0291314320e-01 4.7269903838e-02 6.1879950920e-03)	3
0.001750719722    	p                 	-1.8488141382e+01	(-1.2088770055e-01 8.7207269197e-02 -1.2343153712e-01)	2	1.7431262635e+01	(-1.1849999990e-01 4.9071988420e-02 1.7149999995e-01)	1
0.001767541049    	mag(U)            	0.0000000000e+00	(-1.4000000060e-01 4.9258069922e-03 5.3000562546e-02)	0	5.6699192332e+00	(-9.9499680866e-02 4.7258296868e-02 2.0249996198e-01)	1
0.001767541049    	k                 	1.7125107178e-15	(-1.6106772650e-01 7.7951399919e-04 -3.3234951944e-02)	2	9.8569034694e-01	(-1.0949999997e-01 4.4652692924e-02 2.0549997527e-01)	1
0.001767541049    	omega             	1.8671609281e+00	(2.9762516631e-01 3.4658714611e-01 8.8011490736e-02)	2	1.6962368775e+07	(1.0291314320e-01 4.7269903838e-02 6.1879950920e-03)	3
0.001767541049    	p                 	-1.8515400391e+01	(-1.2088770055e-01 8.7207269197e-02 -1.2343153712e-01)	2	1.7430944981e+01	(-1.1849999990e-01 4.9071988420e-02 1.7149999995e-01)	1
0.001784321873    	mag(U)            	0.0000000000e+00	(-1.4000000060e-01 4.9258069922e-03 5.3000562546e-02)	0	5.6699315121e+00	(-9.9499680866e-02 4.7258296868e-02 2.0249996198e-01)	1
0.001784321873    	k                 	1.7255655901e-15	(-1.6106772650e-01 7.7951399919e-04 -3.3234951944e-02)	2	9.8675463091e-01	(-1.0949999997e-01 4.4652692924e-02 2.0549997527e-01)	1
0.001784321873    	omega             	1.8671610405e+00	(2.9762516631e-01 3.4658714611e-01 8.8011490736e-02)	2	1.6962368778e+07	(1.0291314320e-01 4.7269903838e-02 6.1879950920e-03)	3
0.001784321873    	p                 	-1.8544309100e+01	(-1.2088770055e-01 8.7207269197e-02 -1.2343153712e-01)	2	1.7430943647e+01	(-1.1849999990e-01 4.9071988420e-02 1.7149999995e-01)	1
0.001801069508    	mag(U)            	0.0000000000e+00	(-1.4000000060e-01 4.9258069922e-03 5.3000562546e-02)	0	5.6699386428e+00	(-9.9499680866e-02 4.7258296868e-02 2.0249996198e-01)	1
0.001801069508    	k                 	1.7386868969e-15	(-1.6106772650e-01 7.7951399919e-04 -3.3234951944e-02)	2	9.8779879940e-01	(-1.0949999997e-01 4.4652692924e-02 2.0549997527e-01)	1
0.001801069508    	omega             	1.8671611526e+00	(2.9762516631e-01 3.4658714611e-01 8.8011490736e-02)	2	1.6962368781e+07	(1.0291314320e-01 4.7269903838e-02 6.1879950920e-03)	3
0.001801069508    	p                 	-1.8569680552e+01	(-1.2088770055e-01 8.7207269197e-02 -1.2343153712e-01)	2	1.7430767839e+01	(-1.1849999990e-01 4.9071988420e-02 1.7149999995e-01)	1
0.001817791305    	mag(U)            	0.0000000000e+00	(-1.4000000060e-01 4.9258069922e-03 5.3000562546e-02)	0	5.6699406345e+00	(-9.9499680866e-02 4.7258296868e-02 2.0249996198e-01)	1
0.001817791305    	k                 	1.7518785883e-15	(-1.6106772650e-01 7.7951399919e-04 -3.3234951944e-02)	2	9.8882331040e-01	(-1.0949999997e-01 4.4652692924e-02 2.0549997527e-01)	1
0.001817791305    	omega             	1.8671612646e+00	(2.9762516631e-01 3.4658714611e-01 8.8011490736e-02)	2	1.6962368784e+07	(1.0291314320e-01 4.7269903838e-02 6.1879950920e-03)	3
0.001817791305    	p                 	-1.8591380745e+01	(-1.2088770055e-01 8.7207269197e-02 -1.2343153712e-01)	2	1.7430273044e+01	(-1.1849999990e-01 4.9071988420e-02 1.7149999995e-01)	1
0.00183447163     	mag(U)            	0.0000000000e+00	(-1.4000000060e-01 4.9258069922e-03 5.3000562546e-02)	0	5.6699382756e+00	(-9.9499680866e-02 4.7258296868e-02 2.0249996198e-01)	1
0.00183447163     	k                 	1.7651266090e-15	(-1.6106772650e-01 7.7951399919e-04 -3.3234951944e-02)	2	9.8982723327e-01	(-1.0949999997e-01 4.4652692924e-02 2.0549997527e-01)	1
0.00183447163     	omega             	1.8671613763e+00	(2.9762516631e-01 3.4658714611e-01 8.8011490736e-02)	2	1.6962368787e+07	(1.0291314320e-01 4.7269903838e-02 6.1879950920e-03)	3
0.00183447163     	p                 	-1.8619445621e+01	(-1.2088770055e-01 8.7207269197e-02 -1.2343153712e-01)	2	1.7430173126e+01	(-1.1849999990e-01 4.9071988420e-02 1.7149999995e-01)	1
0.001851113101    	mag(U)            	0.0000000000e+00	(-1.4000000060e-01 4.9258069922e-03 5.3000562546e-02)	0	5.6699323028e+00	(-9.9499680866e-02 4.7258296868e-02 2.0249996198e-01)	1
0.001851113101    	k                 	1.7784312551e-15	(-1.6106772650e-01 7.7951399919e-04 -3.3234951944e-02)	2	9.9081078769e-01	(-1.0949999997e-01 4.4652692924e-02 2.0549997527e-01)	1
0.001851113101    	omega             	1.8671614878e+00	(2.9762516631e-01 3.4658714611e-01 8.8011490736e-02)	2	1.6962368790e+07	(1.0291314320e-01 4.7269903838e-02 6.1879950920e-03)	3
0.001851113101    	p                 	-1.8647757465e+01	(-1.2088770055e-01 8.7207269197e-02 -1.2343153712e-01)	2	1.7430200919e+01	(-1.1849999990e-01 4.9071988420e-02 1.7149999995e-01)	1
0.001867722048    	mag(U)            	0.0000000000e+00	(-1.4000000060e-01 4.9258069922e-03 5.3000562546e-02)	0	5.6699230349e+00	(-9.9499680866e-02 4.7258296868e-02 2.0249996198e-01)	1
0.001867722048    	k                 	1.7917959011e-15	(-1.6106772650e-01 7.7951399919e-04 -3.3234951944e-02)	2	9.9177439609e-01	(-1.0949999997e-01 4.4652692924e-02 2.0549997527e-01)	1
0.001867722048    	omega             	1.8671615990e+00	(2.9762516631e-01 3.4658714611e-01 8.8011490736e-02)	2	1.6962368794e+07	(1.0291314320e-01 4.7269903838e-02 6.1879950920e-03)	3
0.001867722048    	p                 	-1.8672909459e+01	(-1.2088770055e-01 8.7207269197e-02 -1.2343153712e-01)	2	1.7430000015e+01	(-1.1849999990e-01 4.9071988420e-02 1.7149999995e-01)	1
0.001884304469    	mag(U)            	0.0000000000e+00	(-1.4000000060e-01 4.9258069922e-03 5.3000562546e-02)	0	5.6699118048e+00	(-9.9499680866e-02 4.7258296868e-02 2.0249996198e-01)	1
0.001884304469    	k                 	1.8052237928e-15	(-1.6106772650e-01 7.7951399919e-04 -3.3234951944e-02)	2	9.9271843921e-01	(-1.0949999997e-01 4.4652692924e-02 2.0549997527e-01)	1
0.001884304469    	omega             	1.8671617100e+00	(2.9762516631e-01 3.4658714611e-01 8.8011490736e-02)	2	1.6962368797e+07	(1.0291314320e-01 4.7269903838e-02 6.1879950920e-03)	3
0.001884304469    	p                 	-1.8695013773e+01	(-1.2088770055e-01 8.7207269197e-02 -1.2343153712e-01)	2	1.7429822090e+01	(-1.1849999990e-01 4.9071988420e-02 1.7149999995e-01)	1
0.001900866271    	mag(U)            	0.0000000000e+00	(-1.4000000060e-01 4.9258069922e-03 5.3000562546e-02)	0	5.6698973239e+00	(-9.9499680866e-02 4.7258296868e-02 2.0249996198e-01)	1
0.001900866271    	k                 	1.8187181275e-15	(-1.6106772650e-01 7.7951399919e-04 -3.3234951944e-02)	2	9.9364329002e-01	(-1.0949999997e-01 4.4652692924e-02 2.0549997527e-01)	1
0.001900866271    	omega             	1.8671618209e+00	(2.9762516631e-01 3.4658714611e-01 8.8011490736e-02)	2	1.6962368800e+07	(1.0291314320e-01 4.7269903838e-02 6.1879950920e-03)	3
0.001900866271    	p                 	-1.8714131949e+01	(-1.2088770055e-01 8.7207269197e-02 -1.2343153712e-01)	2	1.7429703153e+01	(-1.1849999990e-01 4.9071988420e-02 1.7149999995e-01)	1
0.001917413169    	mag(U)            	0.0000000000e+00	(-1.4000000060e-01 4.9258069922e-03 5.3000562546e-02)	0	5.6698791518e+00	(-9.9499680866e-02 4.7258296868e-02 2.0249996198e-01)	1
0.001917413169    	k                 	1.8322820137e-15	(-1.6106772650e-01 7.7951399919e-04 -3.3234951944e-02)	2	9.9454928784e-01	(-1.0949999997e-01 4.4652692924e-02 2.0549997527e-01)	1
0.001917413169    	omega             	1.8671619317e+00	(2.9762516631e-01 3.4658714611e-01 8.8011490736e-02)	2	1.6962368804e+07	(1.0291314320e-01 4.7269903838e-02 6.1879950920e-03)	3
0.001917413169    	p                 	-1.8730580227e+01	(-1.2088770055e-01 8.7207269197e-02 -1.2343153712e-01)	2	1.7429452699e+01	(-1.1849999990e-01 4.9071988420e-02 1.7149999995e-01)	1
0.00193394188     	mag(U)            	0.0000000000e+00	(-1.4000000060e-01 4.9258069922e-03 5.3000562546e-02)	0	5.6698589029e+00	(-9.9499680866e-02 4.7258296868e-02 2.0249996198e-01)	1
0.00193394188     	k                 	1.8459114623e-15	(-1.6106772650e-01 7.7951399919e-04 -3.3234951944e-02)	2	9.9543627883e-01	(-1.0949999997e-01 4.4652692924e-02 2.0549997527e-01)	1
0.00193394188     	omega             	1.8671620423e+00	(2.9762516631e-01 3.4658714611e-01 8.8011490736e-02)	2	1.6962368807e+07	(1.0291314320e-01 4.7269903838e-02 6.1879950920e-03)	3
0.00193394188     	p                 	-1.8748397799e+01	(-1.2088770055e-01 8.7207269197e-02 -1.2343153712e-01)	2	1.7429383503e+01	(-1.1849999990e-01 4.9071988420e-02 1.7149999995e-01)	1
0.001950442985    	mag(U)            	0.0000000000e+00	(-1.4000000060e-01 4.9258069922e-03 5.3000562546e-02)	0	5.6698372095e+00	(-9.9499680866e-02 4.7258296868e-02 2.0249996198e-01)	1
0.001950442985    	k                 	1.8595975594e-15	(-1.6106772650e-01 7.7951399919e-04 -3.3234951944e-02)	2	9.9630382307e-01	(-1.0949999997e-01 4.4652692924e-02 2.0549997527e-01)	1
0.001950442985    	omega             	1.8671621528e+00	(2.9762516631e-01 3.4658714611e-01 8.8011490736e-02)	2	1.6962368810e+07	(1.0291314320e-01 4.7269903838e-02 6.1879950920e-03)	3
0.001950442985    	p                 	-1.8770937430e+01	(-1.2088770055e-01 8.7207269197e-02 -1.2343153712e-01)	2	1.7429228696e+01	(-1.1849999990e-01 4.9071988420e-02 1.7149999995e-01)	1
0.001966921398    	mag(U)            	0.0000000000e+00	(-1.4000000060e-01 4.9258069922e-03 5.3000562546e-02)	0	5.6698144764e+00	(-9.9499680866e-02 4.7258296868e-02 2.0249996198e-01)	1
0.001966921398    	k                 	1.8733432315e-15	(-1.6106772650e-01 7.7951399919e-04 -3.3234951944e-02)	2	9.9715225193e-01	(-1.0949999997e-01 4.4652692924e-02 2.0549997527e-01)	1
0.001966921398    	omega             	1.8671622631e+00	(2.9762516631e-01 3.4658714611e-01 8.8011490736e-02)	2	1.6962368814e+07	(1.0291314320e-01 4.7269903838e-02 6.1879950920e-03)	3
0.001966921398    	p                 	-1.8792189313e+01	(-1.2088770055e-01 8.7207269197e-02 -1.2343153712e-01)	2	1.7428948878e+01	(-1.1849999990e-01 4.9071988420e-02 1.7149999995e-01)	1
0.001983381825    	mag(U)            	0.0000000000e+00	(-1.4000000060e-01 4.9258069922e-03 5.3000562546e-02)	0	5.6697912792e+00	(-9.9499680866e-02 4.7258296868e-02 2.0249996198e-01)	1
0.001983381825    	k                 	1.8871513088e-15	(-1.6106772650e-01 7.7951399919e-04 -3.3234951944e-02)	2	9.9798187477e-01	(-1.0949999997e-01 4.4652692924e-02 2.0549997527e-01)	1
0.001983381825    	omega             	1.8671623733e+00	(2.9762516631e-01 3.4658714611e-01 8.8011490736e-02)	2	1.6962368817e+07	(1.0291314320e-01 4.7269903838e-02 6.1879950920e-03)	3
0.001983381825    	p                 	-1.8810793159e+01	(-1.2088770055e-01 8.7207269197e-02 -1.2343153712e-01)	2	1.7428700803e+01	(-1.1849999990e-01 4.9071988420e-02 1.7149999995e-01)	1
0.00199982916     	mag(U)            	0.0000000000e+00	(-1.4000000060e-01 4.9258069922e-03 5.3000562546e-02)	0	5.6697680432e+00	(-9.9499680866e-02 4.7258296868e-02 2.0249996198e-01)	1
0.00199982916     	k                 	1.9010248232e-15	(-1.6106772650e-01 7.7951399919e-04 -3.3234951944e-02)	2	9.9879301031e-01	(-1.0949999997e-01 4.4652692924e-02 2.0549997527e-01)	1
0.00199982916     	omega             	1.8671624834e+00	(2.9762516631e-01 3.4658714611e-01 8.8011490736e-02)	2	1.6962368820e+07	(1.0291314320e-01 4.7269903838e-02 6.1879950920e-03)	3
0.00199982916     	p                 	-1.8826926172e+01	(-1.2088770055e-01 8.7207269197e-02 -1.2343153712e-01)	2	1.7428653701e+01	(-1.1849999990e-01 4.9071988420e-02 1.7149999995e-01)	1
0.002016269339    	mag(U)            	0.0000000000e+00	(-1.4000000060e-01 4.9258069922e-03 5.3000562546e-02)	0	5.6697450207e+00	(-9.9499680866e-02 4.7258296868e-02 2.0249996198e-01)	1
0.002016269339    	k                 	1.9149677458e-15	(-1.6106772650e-01 7.7951399919e-04 -3.3234951944e-02)	2	9.9958597586e-01	(-1.0949999997e-01 4.4652692924e-02 2.0549997527e-01)	1
0.002016269339    	omega             	1.8671625935e+00	(2.9762516631e-01 3.4658714611e-01 8.8011490736e-02)	2	1.6962368824e+07	(1.0291314320e-01 4.7269903838e-02 6.1879950920e-03)	3
0.002016269339    	p                 	-1.8840105970e+01	(-1.2088770055e-01 8.7207269197e-02 -1.2343153712e-01)	2	1.7428313725e+01	(-1.1849999990e-01 4.9071988420e-02 1.7149999995e-01)	1
0.002032708298    	mag(U)            	0.0000000000e+00	(-1.4000000060e-01 4.9258069922e-03 5.3000562546e-02)	0	5.6697225065e+00	(-9.9499680866e-02 4.7258296868e-02 2.0249996198e-01)	1
0.002032708298    	k                 	1.9289840940e-15	(-1.6106772650e-01 7.7951399919e-04 -3.3234951944e-02)	2	1.0003610243e+00	(-1.0949999997e-01 4.4652692924e-02 2.0549997527e-01)	1
0.002032708298    	omega             	1.8671627035e+00	(2.9762516631e-01 3.4658714611e-01 8.8011490736e-02)	2	1.6962368827e+07	(1.0291314320e-01 4.7269903838e-02 6.1879950920e-03)	3
0.002032708298    	p                 	-1.8850452058e+01	(-1.2088770055e-01 8.7207269197e-02 -1.2343153712e-01)	2	1.7427884278e+01	(-1.1849999990e-01 4.9071988420e-02 1.7149999995e-01)	1
0.002049151788    	mag(U)            	0.0000000000e+00	(-1.4000000060e-01 4.9258069922e-03 5.3000562546e-02)	0	5.6697011036e+00	(-9.9499680866e-02 4.7258296868e-02 2.0249996198e-01)	1
0.002049151788    	k                 	1.9430777762e-15	(-1.6106772650e-01 7.7951399919e-04 -3.3234951944e-02)	2	1.0011184261e+00	(-1.0949999997e-01 4.4652692924e-02 2.0549997527e-01)	1
0.002049151788    	omega             	1.8671628136e+00	(2.9762516631e-01 3.4658714611e-01 8.8011490736e-02)	2	1.6962368830e+07	(1.0291314320e-01 4.7269903838e-02 6.1879950920e-03)	3
0.002049151788    	p                 	-1.8857949859e+01	(-1.2088770055e-01 8.7207269197e-02 -1.2343153712e-01)	2	1.7427681580e+01	(-1.1849999990e-01 4.9071988420e-02 1.7149999995e-01)	1
0.002065605408    	mag(U)            	0.0000000000e+00	(-1.4000000060e-01 4.9258069922e-03 5.3000562546e-02)	0	5.6696806160e+00	(-9.9499680866e-02 4.7258296868e-02 2.0249996198e-01)	1
0.002065605408    	k                 	1.9572526232e-15	(-1.6106772650e-01 7.7951399919e-04 -3.3234951944e-02)	2	1.0018582952e+00	(-1.0949999997e-01 4.4652692924e-02 2.0549997527e-01)	1
0.002065605408    	omega             	1.8671629237e+00	(2.9762516631e-01 3.4658714611e-01 8.8011490736e-02)	2	1.6962368833e+07	(1.0291314320e-01 4.7269903838e-02 6.1879950920e-03)	3
0.002065605408    	p                 	-1.8862907226e+01	(-1.2088770055e-01 8.7207269197e-02 -1.2343153712e-01)	2	1.7427218092e+01	(-1.1849999990e-01 4.9071988420e-02 1.7149999995e-01)	1
0.002082074727    	mag(U)            	0.0000000000e+00	(-1.4000000060e-01 4.9258069922e-03 5.3000562546e-02)	0	5.6696612463e+00	(-9.9499680866e-02 4.7258296868e-02 2.0249996198e-01)	1
0.002082074727    	k                 	1.9715124678e-15	(-1.6106772650e-01 7.7951399919e-04 -3.3234951944e-02)	2	1.0025808342e+00	(-1.0949999997e-01 4.4652692924e-02 2.0549997527e-01)	1
0.002082074727    	omega             	1.8671630339e+00	(2.9762516631e-01 3.4658714611e-01 8.8011490736e-02)	2	1.6962368836e+07	(1.0291314320e-01 4.7269903838e-02 6.1879950920e-03)	3
0.002082074727    	p                 	-1.8865252962e+01	(-1.2088770055e-01 8.7207269197e-02 -1.2343153712e-01)	2	1.7426769174e+01	(-1.1849999990e-01 4.9071988420e-02 1.7149999995e-01)	1
0.002098520977    	mag(U)            	0.0000000000e+00	(-1.4000000060e-01 4.9258069922e-03 5.3000562546e-02)	0	5.6696436033e+00	(-9.9499680866e-02 4.7258296868e-02 2.0249996198e-01)	1
0.002098520977    	k                 	1.9858228636e-15	(-1.6106772650e-01 7.7951399919e-04 -3.3234951944e-02)	2	1.0032843053e+00	(-1.0949999997e-01 4.4652692924e-02 2.0549997527e-01)	1
0.002098520977    	omega             	1.8671631440e+00	(2.9762516631e-01 3.4658714611e-01 8.8011490736e-02)	2	1.6962368840e+07	(1.0291314320e-01 4.7269903838e-02 6.1879950920e-03)	3
0.002098520977    	p                 	-1.8885120551e+01	(-1.2088770055e-01 8.7207269197e-02 -1.2343153712e-01)	2	1.7426385483e+01	(-1.1849999990e-01 4.9071988420e-02 1.7149999995e-01)	1
0.002114936714    	mag(U)            	0.0000000000e+00	(-1.4000000060e-01 4.9258069922e-03 5.3000562546e-02)	0	5.6696282455e+00	(-9.9499680866e-02 4.7258296868e-02 2.0249996198e-01)	1
0.002114936714    	k                 	2.0001761923e-15	(-1.6106772650e-01 7.7951399919e-04 -3.3234951944e-02)	2	1.0039684588e+00	(-1.0949999997e-01 4.4652692924e-02 2.0549997527e-01)	1
0.002114936714    	omega             	1.8671632539e+00	(2.9762516631e-01 3.4658714611e-01 8.8011490736e-02)	2	1.6962368843e+07	(1.0291314320e-01 4.7269903838e-02 6.1879950920e-03)	3
0.002114936714    	p                 	-1.8911387999e+01	(-1.2088770055e-01 8.7207269197e-02 -1.2343153712e-01)	2	1.7426547165e+01	(-1.1849999990e-01 4.9071988420e-02 1.7149999995e-01)	1
0.002131324904    	mag(U)            	0.0000000000e+00	(-1.4000000060e-01 4.9258069922e-03 5.3000562546e-02)	0	5.6696151240e+00	(-9.9499680866e-02 4.7258296868e-02 2.0249996198e-01)	1
0.002131324904    	k                 	2.0145738610e-15	(-1.6106772650e-01 7.7951399919e-04 -3.3234951944e-02)	2	1.0050140810e+00	(-1.1049999997e-01 4.4652692806e-02 2.0549997527e-01)	1
0.002131324904    	omega             	1.8671633636e+00	(2.9762516631e-01 3.4658714611e-01 8.8011490736e-02)	2	1.6962368846e+07	(1.0291314320e-01 4.7269903838e-02 6.1879950920e-03)	3
0.002131324904    	p                 	-1.8936190994e+01	(-1.2088770055e-01 8.7207269197e-02 -1.2343153712e-01)	2	1.7426176989e+01	(-1.1849999990e-01 4.9071988420e-02 1.7149999995e-01)	1
0.002147688512    	mag(U)            	0.0000000000e+00	(-1.4000000060e-01 4.9258069922e-03 5.3000562546e-02)	0	5.6696046422e+00	(-9.9499680866e-02 4.7258296868e-02 2.0249996198e-01)	1
0.002147688512    	k                 	2.0290173302e-15	(-1.6106772650e-01 7.7951399919e-04 -3.3234951944e-02)	2	1.0060555537e+00	(-1.1049999997e-01 4.4652692806e-02 2.0549997527e-01)	1
0.002147688512    	omega             	1.8671634731e+00	(2.9762516631e-01 3.4658714611e-01 8.8011490736e-02)	2	1.6962368850e+07	(1.0291314320e-01 4.7269903838e-02 6.1879950920e-03)	3
0.002147688512    	p                 	-1.8958815786e+01	(-1.2088770055e-01 8.7207269197e-02 -1.2343153712e-01)	2	1.7425833646e+01	(-1.1849999990e-01 4.9071988420e-02 1.7149999995e-01)	1
0.002164030862    	mag(U)            	0.0000000000e+00	(-1.4000000060e-01 4.9258069922e-03 5.3000562546e-02)	0	5.6695984852e+00	(-1.0049994143e-01 4.7253692256e-02 2.0149992895e-01)	1
0.002164030862    	k                 	2.0435083974e-15	(-1.6106772650e-01 7.7951399919e-04 -3.3234951944e-02)	2	1.0070781937e+00	(-1.1049999997e-01 4.4652692806e-02 2.0549997527e-01)	1
0.002164030862    	omega             	1.8671635825e+00	(2.9762516631e-01 3.4658714611e-01 8.8011490736e-02)	2	1.6962368853e+07	(1.0291314320e-01 4.7269903838e-02 6.1879950920e-03)	3
0.002164030862    	p                 	-1.8979242250e+01	(-1.2088770055e-01 8.7207269197e-02 -1.2343153712e-01)	2	1.7425457321e+01	(-1.1849999990e-01 4.9071988420e-02 1.7149999995e-01)	1
0.002180355304    	mag(U)            	0.0000000000e+00	(-1.4000000060e-01 4.9258069922e-03 5.3000562546e-02)	0	5.6696893349e+00	(-1.0049994143e-01 4.7253692256e-02 2.0149992895e-01)	1
0.002180355304    	k                 	2.0580489165e-15	(-1.6106772650e-01 7.7951399919e-04 -3.3234951944e-02)	2	1.0080822027e+00	(-1.1049999997e-01 4.4652692806e-02 2.0549997527e-01)	1
0.002180355304    	omega             	1.8671636917e+00	(2.9762516631e-01 3.4658714611e-01 8.8011490736e-02)	2	1.6962368856e+07	(1.0291314320e-01 4.7269903838e-02 6.1879950920e-03)	3
0.002180355304    	p                 	-1.8997817546e+01	(-1.2088770055e-01 8.7207269197e-02 -1.2343153712e-01)	2	1.7425768637e+01	(-1.1849999990e-01 4.9071988420e-02 1.7149999995e-01)	1
0.002196663729    	mag(U)            	0.0000000000e+00	(-1.4000000060e-01 4.9258069922e-03 5.3000562546e-02)	0	5.6697837645e+00	(-1.0049994143e-01 4.7253692256e-02 2.0149992895e-01)	1
0.002196663729    	k                 	2.0726394491e-15	(-1.6106772650e-01 7.7951399919e-04 -3.3234951944e-02)	2	1.0090677704e+00	(-1.1049999997e-01 4.4652692806e-02 2.0549997527e-01)	1
0.002196663729    	omega             	1.8671638008e+00	(2.9762516631e-01 3.4658714611e-01 8.8011490736e-02)	2	1.6962368859e+07	(1.0291314320e-01 4.7269903838e-02 6.1879950920e-03)	3
0.002196663729    	p                 	-1.9015216099e+01	(-1.2088770055e-01 8.7207269197e-02 -1.2343153712e-01)	2	1.7426051127e+01	(-1.1849999990e-01 4.9071988420e-02 1.7149999995e-01)	1
0.002212950412    	mag(U)            	0.0000000000e+00	(-1.4000000060e-01 4.9258069922e-03 5.3000562546e-02)	0	5.6698815988e+00	(-1.0049994143e-01 4.7253692256e-02 2.0149992895e-01)	1
0.002212950412    	k                 	2.0872737959e-15	(-1.6106772650e-01 7.7951399919e-04 -3.3234951944e-02)	2	1.0100346316e+00	(-1.1049999997e-01 4.4652692806e-02 2.0549997527e-01)	1
0.002212950412    	omega             	1.8671639098e+00	(2.9762516631e-01 3.4658714611e-01 8.8011490736e-02)	2	1.6962368862e+07	(1.0291314320e-01 4.7269903838e-02 6.1879950920e-03)	3
0.002212950412    	p                 	-1.9035223914e+01	(-1.2088770055e-01 8.7207269197e-02 -1.2343153712e-01)	2	1.7425859964e+01	(-1.1849999990e-01 4.9071988420e-02 1.7149999995e-01)	1
0.002229216489    	mag(U)            	0.0000000000e+00	(-1.4000000060e-01 4.9258069922e-03 5.3000562546e-02)	0	5.6699827456e+00	(-1.0049994143e-01 4.7253692256e-02 2.0149992895e-01)	1
0.002229216489    	k                 	2.1019518415e-15	(-1.6106772650e-01 7.7951399919e-04 -3.3234951944e-02)	2	1.0109829429e+00	(-1.1049999997e-01 4.4652692806e-02 2.0549997527e-01)	1
0.002229216489    	omega             	1.8671640187e+00	(2.9762516631e-01 3.4658714611e-01 8.8011490736e-02)	2	1.6962368865e+07	(1.0291314320e-01 4.7269903838e-02 6.1879950920e-03)	3
0.002229216489    	p                 	-1.9055159734e+01	(-1.2088770055e-01 8.7207269197e-02 -1.2343153712e-01)	2	1.7425709171e+01	(-1.1849999990e-01 4.9071988420e-02 1.7149999995e-01)	1
0.002245463023    	mag(U)            	0.0000000000e+00	(-1.4000000060e-01 4.9258069922e-03 5.3000562546e-02)	0	5.6700868170e+00	(-1.0049994143e-01 4.7253692256e-02 2.0149992895e-01)	1
0.002245463023    	k                 	2.1166734462e-15	(-1.6106772650e-01 7.7951399919e-04 -3.3234951944e-02)	2	1.0119128457e+00	(-1.1049999997e-01 4.4652692806e-02 2.0549997527e-01)	1
0.002245463023    	omega             	1.8671641274e+00	(2.9762516631e-01 3.4658714611e-01 8.8011490736e-02)	2	1.6962368869e+07	(1.0291314320e-01 4.7269903838e-02 6.1879950920e-03)	3
0.002245463023    	p                 	-1.9074554266e+01	(-1.2088770055e-01 8.7207269197e-02 -1.2343153712e-01)	2	1.7425699431e+01	(-1.1849999990e-01 4.9071988420e-02 1.7149999995e-01)	1
0.002261691007    	mag(U)            	0.0000000000e+00	(-1.4000000060e-01 4.9258069922e-03 5.3000562546e-02)	0	5.6701935054e+00	(-1.0049994143e-01 4.7253692256e-02 2.0149992895e-01)	1
0.002261691007    	k                 	2.1314383837e-15	(-1.6106772650e-01 7.7951399919e-04 -3.3234951944e-02)	2	1.0128244718e+00	(-1.1049999997e-01 4.4652692806e-02 2.0549997527e-01)	1
0.002261691007    	omega             	1.8671642360e+00	(2.9762516631e-01 3.4658714611e-01 8.8011490736e-02)	2	1.6962368872e+07	(1.0291314320e-01 4.7269903838e-02 6.1879950920e-03)	3
0.002261691007    	p                 	-1.9093298900e+01	(-1.2088770055e-01 8.7207269197e-02 -1.2343153712e-01)	2	1.7425789316e+01	(-1.1849999990e-01 4.9071988420e-02 1.7149999995e-01)	1
0.002277901457    	mag(U)            	0.0000000000e+00	(-1.4000000060e-01 4.9258069922e-03 5.3000562546e-02)	0	5.6703025678e+00	(-1.0049994143e-01 4.7253692256e-02 2.0149992895e-01)	1
0.002277901457    	k                 	2.1462464625e-15	(-1.6106772650e-01 7.7951399919e-04 -3.3234951944e-02)	2	1.0137179659e+00	(-1.1049999997e-01 4.4652692806e-02 2.0549997527e-01)	1
0.002277901457    	omega             	1.8671643444e+00	(2.9762516631e-01 3.4658714611e-01 8.8011490736e-02)	2	1.6962368875e+07	(1.0291314320e-01 4.7269903838e-02 6.1879950920e-03)	3
0.002277901457    	p                 	-1.9111633835e+01	(-1.2088770055e-01 8.7207269197e-02 -1.2343153712e-01)	2	1.7425685318e+01	(-1.1849999990e-01 4.9071988420e-02 1.7149999995e-01)	1
0.002294095359    	mag(U)            	0.0000000000e+00	(-1.4000000060e-01 4.9258069922e-03 5.3000562546e-02)	0	5.6704134687e+00	(-1.0049994143e-01 4.7253692256e-02 2.0149992895e-01)	1
0.002294095359    	k                 	2.1610974627e-15	(-1.6106772650e-01 7.7951399919e-04 -3.3234951944e-02)	2	1.0145934604e+00	(-1.1049999997e-01 4.4652692806e-02 2.0549997527e-01)	1
0.002294095359    	omega             	1.8671644528e+00	(2.9762516631e-01 3.4658714611e-01 8.8011490736e-02)	2	1.6962368878e+07	(1.0291314320e-01 4.7269903838e-02 6.1879950920e-03)	3
0.002294095359    	p                 	-1.9129448946e+01	(-1.2088770055e-01 8.7207269197e-02 -1.2343153712e-01)	2	1.7425536521e+01	(-1.1849999990e-01 4.9071988420e-02 1.7149999995e-01)	1
0.002310273729    	mag(U)            	0.0000000000e+00	(-1.4000000060e-01 4.9258069922e-03 5.3000562546e-02)	0	5.6705260574e+00	(-1.0049994143e-01 4.7253692256e-02 2.0149992895e-01)	1
0.002310273729    	k                 	2.1759912041e-15	(-1.6106772650e-01 7.7951399919e-04 -3.3234951944e-02)	2	1.0154511019e+00	(-1.1049999997e-01 4.4652692806e-02 2.0549997527e-01)	1
0.002310273729    	omega             	1.8671645611e+00	(2.9762516631e-01 3.4658714611e-01 8.8011490736e-02)	2	1.6962368881e+07	(1.0291314320e-01 4.7269903838e-02 6.1879950920e-03)	3
0.002310273729    	p                 	-1.9146890502e+01	(-1.2088770055e-01 8.7207269197e-02 -1.2343153712e-01)	2	1.7425401695e+01	(-1.1849999990e-01 4.9071988420e-02 1.7149999995e-01)	1
0.0023264376      	mag(U)            	0.0000000000e+00	(-1.4000000060e-01 4.9258069922e-03 5.3000562546e-02)	0	5.6706400439e+00	(-1.0049994143e-01 4.7253692256e-02 2.0149992895e-01)	1
0.0023264376      	k                 	2.1909275236e-15	(-1.6106772650e-01 7.7951399919e-04 -3.3234951944e-02)	2	1.0162910108e+00	(-1.1049999997e-01 4.4652692806e-02 2.0549997527e-01)	1
0.0023264376      	omega             	1.8671646692e+00	(2.9762516631e-01 3.4658714611e-01 8.8011490736e-02)	2	1.6962368883e+07	(1.0291314320e-01 4.7269903838e-02 6.1879950920e-03)	3
0.0023264376      	p                 	-1.9163812439e+01	(-1.2088770055e-01 8.7207269197e-02 -1.2343153712e-01)	2	1.7426663835e+01	(-1.1849999990e-01 4.9071988420e-02 1.7149999995e-01)	1
0.002342588028    	mag(U)            	0.0000000000e+00	(-1.4000000060e-01 4.9258069922e-03 5.3000562546e-02)	0	5.6707552619e+00	(-1.0049994143e-01 4.7253692256e-02 2.0149992895e-01)	1
0.002342588028    	k                 	2.2059062923e-15	(-1.6106772650e-01 7.7951399919e-04 -3.3234951944e-02)	2	1.0171133276e+00	(-1.1049999997e-01 4.4652692806e-02 2.0549997527e-01)	1
0.002342588028    	omega             	1.8671647773e+00	(2.9762516631e-01 3.4658714611e-01 8.8011490736e-02)	2	1.6962368886e+07	(1.0291314320e-01 4.7269903838e-02 6.1879950920e-03)	3
0.002342588028    	p                 	-1.9180415528e+01	(-1.2088770055e-01 8.7207269197e-02 -1.2343153712e-01)	2	1.7424955604e+01	(-1.1849999990e-01 4.9071988420e-02 1.7149999995e-01)	1
0.002358726095    	mag(U)            	0.0000000000e+00	(-1.4000000060e-01 4.9258069922e-03 5.3000562546e-02)	0	5.6708714237e+00	(-1.0049994143e-01 4.7253692256e-02 2.0149992895e-01)	1
0.002358726095    	k                 	2.2209274019e-15	(-1.6106772650e-01 7.7951399919e-04 -3.3234951944e-02)	2	1.0179182184e+00	(-1.1049999997e-01 4.4652692806e-02 2.0549997527e-01)	1
0.002358726095    	omega             	1.8671648852e+00	(2.9762516631e-01 3.4658714611e-01 8.8011490736e-02)	2	1.6962368889e+07	(1.0291314320e-01 4.7269903838e-02 6.1879950920e-03)	3
0.002358726095    	p                 	-1.9196479431e+01	(-1.2088770055e-01 8.7207269197e-02 -1.2343153712e-01)	2	1.7426760915e+01	(-1.1849999990e-01 4.9071988420e-02 1.7149999995e-01)	1
0.002374852872    	mag(U)            	0.0000000000e+00	(-1.4000000060e-01 4.9258069922e-03 5.3000562546e-02)	0	5.6709882981e+00	(-1.0049994143e-01 4.7253692256e-02 2.0149992895e-01)	1
0.002374852872    	k                 	2.2359907510e-15	(-1.6106772650e-01 7.7951399919e-04 -3.3234951944e-02)	2	1.0187058735e+00	(-1.1049999997e-01 4.4652692806e-02 2.0549997527e-01)	1
0.002374852872    	omega             	1.8671649931e+00	(2.9762516631e-01 3.4658714611e-01 8.8011490736e-02)	2	1.6962368892e+07	(1.0291314320e-01 4.7269903838e-02 6.1879950920e-03)	3
0.002374852872    	p                 	-1.9212054690e+01	(-1.2088770055e-01 8.7207269197e-02 -1.2343153712e-01)	2	1.7425494305e+01	(-1.1849999990e-01 4.9071988420e-02 1.7149999995e-01)	1
0.002390969453    	mag(U)            	0.0000000000e+00	(-1.4000000060e-01 4.9258069922e-03 5.3000562546e-02)	0	5.6711054670e+00	(-1.0049994143e-01 4.7253692256e-02 2.0149992895e-01)	1
0.002390969453    	k                 	2.2510962560e-15	(-1.6106772650e-01 7.7951399919e-04 -3.3234951944e-02)	2	1.0194764080e+00	(-1.1049999997e-01 4.4652692806e-02 2.0549997527e-01)	1
0.002390969453    	omega             	1.8671651010e+00	(2.9762516631e-01 3.4658714611e-01 8.8011490736e-02)	2	1.6962368894e+07	(1.0291314320e-01 4.7269903838e-02 6.1879950920e-03)	3
0.002390969453    	p                 	-1.9227086464e+01	(-1.2088770055e-01 8.7207269197e-02 -1.2343153712e-01)	2	1.7426106372e+01	(-1.1849999990e-01 4.9071988420e-02 1.7149999995e-01)	1
0.002407076902    	mag(U)            	0.0000000000e+00	(-1.4000000060e-01 4.9258069922e-03 5.3000562546e-02)	0	5.6712227296e+00	(-1.0049994143e-01 4.7253692256e-02 2.0149992895e-01)	1
0.002407076902    	k                 	2.2662438240e-15	(-1.6106772650e-01 7.7951399919e-04 -3.3234951944e-02)	2	1.0202299309e+00	(-1.1049999997e-01 4.4652692806e-02 2.0549997527e-01)	1
0.002407076902    	omega             	1.8671652087e+00	(2.9762516631e-01 3.4658714611e-01 8.8011490736e-02)	2	1.6962368897e+07	(1.0291314320e-01 4.7269903838e-02 6.1879950920e-03)	3
0.002407076902    	p                 	-1.9241646117e+01	(-1.2088770055e-01 8.7207269197e-02 -1.2343153712e-01)	2	1.7425754112e+01	(-1.1849999990e-01 4.9071988420e-02 1.7149999995e-01)	1
0.002423176265    	mag(U)            	0.0000000000e+00	(-1.4000000060e-01 4.9258069922e-03 5.3000562546e-02)	0	5.6713398338e+00	(-1.0049994143e-01 4.7253692256e-02 2.0149992895e-01)	1
0.002423176265    	k                 	2.2814333386e-15	(-1.6106772650e-01 7.7951399919e-04 -3.3234951944e-02)	2	1.0209665752e+00	(-1.1049999997e-01 4.4652692806e-02 2.0549997527e-01)	1
0.002423176265    	omega             	1.8671653164e+00	(2.9762516631e-01 3.4658714611e-01 8.8011490736e-02)	2	1.6962368900e+07	(1.0291314320e-01 4.7269903838e-02 6.1879950920e-03)	3
0.002423176265    	p                 	-1.9255718301e+01	(-1.2088770055e-01 8.7207269197e-02 -1.2343153712e-01)	2	1.7425813726e+01	(-1.1849999990e-01 4.9071988420e-02 1.7149999995e-01)	1
0.002439268525    	mag(U)            	0.0000000000e+00	(-1.4000000060e-01 4.9258069922e-03 5.3000562546e-02)	0	5.6714563322e+00	(-1.0049994143e-01 4.7253692256e-02 2.0149992895e-01)	1
0.002439268525    	k                 	2.2966646385e-15	(-1.6106772650e-01 7.7951399919e-04 -3.3234951944e-02)	2	1.0216864780e+00	(-1.1049999997e-01 4.4652692806e-02 2.0549997527e-01)	1
0.002439268525    	omega             	1.8671654241e+00	(2.9762516631e-01 3.4658714611e-01 8.8011490736e-02)	2	1.6962368902e+07	(1.0291314320e-01 4.7269903838e-02 6.1879950920e-03)	3
0.002439268525    	p                 	-1.9269399304e+01	(-1.2088770055e-01 8.7207269197e-02 -1.2343153712e-01)	2	1.7425662073e+01	(-1.1849999990e-01 4.9071988420e-02 1.7149999995e-01)	1
0.002455354641    	mag(U)            	0.0000000000e+00	(-1.4000000060e-01 4.9258069922e-03 5.3000562546e-02)	0	5.6715721752e+00	(-1.0049994143e-01 4.7253692256e-02 2.0149992895e-01)	1
0.002455354641    	k                 	2.3119375367e-15	(-1.6106772650e-01 7.7951399919e-04 -3.3234951944e-02)	2	1.0223897827e+00	(-1.1049999997e-01 4.4652692806e-02 2.0549997527e-01)	1
0.002455354641    	omega             	1.8671655317e+00	(2.9762516631e-01 3.4658714611e-01 8.8011490736e-02)	2	1.6962368905e+07	(1.0291314320e-01 4.7269903838e-02 6.1879950920e-03)	3
0.002455354641    	p                 	-1.9282680895e+01	(-1.2088770055e-01 8.7207269197e-02 -1.2343153712e-01)	2	1.7425597832e+01	(-1.1849999990e-01 4.9071988420e-02 1.7149999995e-01)	1
0.002471435543    	mag(U)            	0.0000000000e+00	(-1.4000000060e-01 4.9258069922e-03 5.3000562546e-02)	0	5.6716871113e+00	(-1.0049994143e-01 4.7253692256e-02 2.0149992895e-01)	1
0.002471435543    	k                 	2.3272518287e-15	(-1.6106772650e-01 7.7951399919e-04 -3.3234951944e-02)	2	1.0230766289e+00	(-1.1049999997e-01 4.4652692806e-02 2.0549997527e-01)	1
0.002471435543    	omega             	1.8671656393e+00	(2.9762516631e-01 3.4658714611e-01 8.8011490736e-02)	2	1.6962368907e+07	(1.0291314320e-01 4.7269903838e-02 6.1879950920e-03)	3
0.002471435543    	p                 	-1.9295548898e+01	(-1.2088770055e-01 8.7207269197e-02 -1.2343153712e-01)	2	1.7425647198e+01	(-1.1849999990e-01 4.9071988420e-02 1.7149999995e-01)	1
0.002487512061    	mag(U)            	0.0000000000e+00	(-1.4000000060e-01 4.9258069922e-03 5.3000562546e-02)	0	5.6718007936e+00	(-1.0049994143e-01 4.7253692256e-02 2.0149992895e-01)	1
0.002487512061    	k                 	2.3426072181e-15	(-1.6106772650e-01 7.7951399919e-04 -3.3234951944e-02)	2	1.0237471443e+00	(-1.1049999997e-01 4.4652692806e-02 2.0549997527e-01)	1
0.002487512061    	omega             	1.8671657468e+00	(2.9762516631e-01 3.4658714611e-01 8.8011490736e-02)	2	1.6962368909e+07	(1.0291314320e-01 4.7269903838e-02 6.1879950920e-03)	3
0.002487512061    	p                 	-1.9307951444e+01	(-1.2088770055e-01 8.7207269197e-02 -1.2343153712e-01)	2	1.7425362948e+01	(-1.1849999990e-01 4.9071988420e-02 1.7149999995e-01)	1
0.002503584992    	mag(U)            	0.0000000000e+00	(-1.4000000060e-01 4.9258069922e-03 5.3000562546e-02)	0	5.6719130325e+00	(-1.0049994143e-01 4.7253692256e-02 2.0149992895e-01)	1
0.002503584992    	k                 	2.3580034193e-15	(-1.6106772650e-01 7.7951399919e-04 -3.3234951944e-02)	2	1.0244014589e+00	(-1.1049999997e-01 4.4652692806e-02 2.0549997527e-01)	1
0.002503584992    	omega             	1.8671658544e+00	(2.9762516631e-01 3.4658714611e-01 8.8011490736e-02)	2	1.6962368912e+07	(1.0291314320e-01 4.7269903838e-02 6.1879950920e-03)	3
0.002503584992    	p                 	-1.9320046860e+01	(-1.2088770055e-01 8.7207269197e-02 -1.2343153712e-01)	2	1.7425290386e+01	(-1.1849999990e-01 4.9071988420e-02 1.7149999995e-01)	1
0.002519655077    	mag(U)            	0.0000000000e+00	(-1.4000000060e-01 4.9258069922e-03 5.3000562546e-02)	0	5.6720235322e+00	(-1.0049994143e-01 4.7253692256e-02 2.0149992895e-01)	1
0.002519655077    	k                 	2.3734400926e-15	(-1.6106772650e-01 7.7951399919e-04 -3.3234951944e-02)	2	1.0250396987e+00	(-1.1049999997e-01 4.4652692806e-02 2.0549997527e-01)	1
0.002519655077    	omega             	1.8671659619e+00	(2.9762516631e-01 3.4658714611e-01 8.8011490736e-02)	2	1.6962368914e+07	(1.0291314320e-01 4.7269903838e-02 6.1879950920e-03)	3
0.002519655077    	p                 	-1.9331807518e+01	(-1.2088770055e-01 8.7207269197e-02 -1.2343153712e-01)	2	1.7425537134e+01	(-1.1849999990e-01 4.9071988420e-02 1.7149999995e-01)	1
0.002535723151    	mag(U)            	0.0000000000e+00	(-1.4000000060e-01 4.9258069922e-03 5.3000562546e-02)	0	5.6721318679e+00	(-1.0049994143e-01 4.7253692256e-02 2.0149992895e-01)	1
0.002535723151    	k                 	2.3889169892e-15	(-1.6106772650e-01 7.7951399919e-04 -3.3234951944e-02)	2	1.0256619842e+00	(-1.1049999997e-01 4.4652692806e-02 2.0549997527e-01)	1
0.002535723151    	omega             	1.8671660694e+00	(2.9762516631e-01 3.4658714611e-01 8.8011490736e-02)	2	1.6962368916e+07	(1.0291314320e-01 4.7269903838e-02 6.1879950920e-03)	3
0.002535723151    	p                 	-1.9343145490e+01	(-1.2088770055e-01 8.7207269197e-02 -1.2343153712e-01)	2	1.7425567651e+01	(-1.1849999990e-01 4.9071988420e-02 1.7149999995e-01)	1
0.002551790074    	mag(U)            	0.0000000000e+00	(-1.4000000060e-01 4.9258069922e-03 5.3000562546e-02)	0	5.6722378275e+00	(-1.0049994143e-01 4.7253692256e-02 2.0149992895e-01)	1
0.002551790074    	k                 	2.4044338933e-15	(-1.6106772650e-01 7.7951399919e-04 -3.3234951944e-02)	2	1.0262684399e+00	(-1.1049999997e-01 4.4652692806e-02 2.0549997527e-01)	1
0.002551790074    	omega             	1.8671661768e+00	(2.9762516631e-01 3.4658714611e-01 8.8011490736e-02)	2	1.6962368918e+07	(1.0291314320e-01 4.7269903838e-02 6.1879950920e-03)	3
0.002551790074    	p                 	-1.9354076551e+01	(-1.2088770055e-01 8.7207269197e-02 -1.2343153712e-01)	2	1.7425500931e+01	(-1.1849999990e-01 4.9071988420e-02 1.7149999995e-01)	1
0.002567856682    	mag(U)            	0.0000000000e+00	(-1.4000000060e-01 4.9258069922e-03 5.3000562546e-02)	0	5.6723415082e+00	(-1.0049994143e-01 4.7253692256e-02 2.0149992895e-01)	1
0.002567856682    	k                 	2.4199905897e-15	(-1.6106772650e-01 7.7951399919e-04 -3.3234951944e-02)	2	1.0268592075e+00	(-1.1049999997e-01 4.4652692806e-02 2.0549997527e-01)	1
0.002567856682    	omega             	1.8671662843e+00	(2.9762516631e-01 3.4658714611e-01 8.8011490736e-02)	2	1.6962368920e+07	(1.0291314320e-01 4.7269903838e-02 6.1879950920e-03)	3
0.002567856682    	p                 	-1.9364659090e+01	(-1.2088770055e-01 8.7207269197e-02 -1.2343153712e-01)	2	1.7425457039e+01	(-1.1849999990e-01 4.9071988420e-02 1.7149999995e-01)	1
0.002583923808    	mag(U)            	0.0000000000e+00	(-1.4000000060e-01 4.9258069922e-03 5.3000562546e-02)	0	5.6724424928e+00	(-1.0049994143e-01 4.7253692256e-02 2.0149992895e-01)	1
0.002583923808    	k                 	2.4355867822e-15	(-1.6106772650e-01 7.7951399919e-04 -3.3234951944e-02)	2	1.0274344063e+00	(-1.1049999997e-01 4.4652692806e-02 2.0549997527e-01)	1
0.002583923808    	omega             	1.8671663918e+00	(2.9762516631e-01 3.4658714611e-01 8.8011490736e-02)	2	1.6962368922e+07	(1.0291314320e-01 4.7269903838e-02 6.1879950920e-03)	3
0.002583923808    	p                 	-1.9374874920e+01	(-1.2088770055e-01 8.7207269197e-02 -1.2343153712e-01)	2	1.7425244455e+01	(-1.1849999990e-01 4.9071988420e-02 1.7149999995e-01)	1
0.002599992346    	mag(U)            	0.0000000000e+00	(-1.4000000060e-01 4.9258069922e-03 5.3000562546e-02)	0	5.6725406702e+00	(-1.0049994143e-01 4.7253692256e-02 2.0149992895e-01)	1
0.002599992346    	k                 	2.4512222379e-15	(-1.6106772650e-01 7.7951399919e-04 -3.3234951944e-02)	2	1.0279941232e+00	(-1.1049999997e-01 4.4652692806e-02 2.0549997527e-01)	1
0.002599992346    	omega             	1.8671664993e+00	(2.9762516631e-01 3.4658714611e-01 8.8011490736e-02)	2	1.6962368924e+07	(1.0291314320e-01 4.7269903838e-02 6.1879950920e-03)	3
0.002599992346    	p                 	-1.9384613500e+01	(-1.2088770055e-01 8.7207269197e-02 -1.2343153712e-01)	2	1.7425263239e+01	(-1.1849999990e-01 4.9071988420e-02 1.7149999995e-01)	1
0.002616057141    	mag(U)            	0.0000000000e+00	(-1.4000000060e-01 4.9258069922e-03 5.3000562546e-02)	0	5.6726357403e+00	(-1.0049994143e-01 4.7253692256e-02 2.0149992895e-01)	1
0.002616057141    	k                 	2.4668909084e-15	(-1.6106772650e-01 7.7951399919e-04 -3.3234951944e-02)	2	1.0285382551e+00	(-1.1049999997e-01 4.4652692806e-02 2.0549997527e-01)	1
0.002616057141    	omega             	1.8671666068e+00	(2.9762516631e-01 3.4658714611e-01 8.8011490736e-02)	2	1.6962368926e+07	(1.0291314320e-01 4.7269903838e-02 6.1879950920e-03)	3
0.002616057141    	p                 	-1.9396785842e+01	(-1.2088770055e-01 8.7207269197e-02 -1.2343153712e-01)	2	1.7425121882e+01	(-1.1849999990e-01 4.9071988420e-02 1.7149999995e-01)	1
0.002632112558    	mag(U)            	0.0000000000e+00	(-1.4000000060e-01 4.9258069922e-03 5.3000562546e-02)	0	5.6727276243e+00	(-1.0049994143e-01 4.7253692256e-02 2.0149992895e-01)	1
0.002632112558    	k                 	2.4825863079e-15	(-1.6106772650e-01 7.7951399919e-04 -3.3234951944e-02)	2	1.0290667119e+00	(-1.1049999997e-01 4.4652692806e-02 2.0549997527e-01)	1
0.002632112558    	omega             	1.8671667141e+00	(2.9762516631e-01 3.4658714611e-01 8.8011490736e-02)	2	1.6962368927e+07	(1.0291314320e-01 4.7269903838e-02 6.1879950920e-03)	3
0.002632112558    	p                 	-1.9412178735e+01	(-1.2088770055e-01 8.7207269197e-02 -1.2343153712e-01)	2	1.7425141549e+01	(-1.1849999990e-01 4.9071988420e-02 1.7149999995e-01)	1
0.002648159965    	mag(U)            	0.0000000000e+00	(-1.4000000060e-01 4.9258069922e-03 5.3000562546e-02)	0	5.6728162951e+00	(-1.0049994143e-01 4.7253692256e-02 2.0149992895e-01)	1
0.002648159965    	k                 	2.4983087665e-15	(-1.6106772650e-01 7.7951399919e-04 -3.3234951944e-02)	2	1.0295796485e+00	(-1.1049999997e-01 4.4652692806e-02 2.0549997527e-01)	1
0.002648159965    	omega             	1.8671668215e+00	(2.9762516631e-01 3.4658714611e-01 8.8011490736e-02)	2	1.6962368929e+07	(1.0291314320e-01 4.7269903838e-02 6.1879950920e-03)	3
0.002648159965    	p                 	-1.9427203842e+01	(-1.2088770055e-01 8.7207269197e-02 -1.2343153712e-01)	2	1.7425488058e+01	(-1.1849999990e-01 4.9071988420e-02 1.7149999995e-01)	1
0.002664200736    	mag(U)            	0.0000000000e+00	(-1.4000000060e-01 4.9258069922e-03 5.3000562546e-02)	0	5.6729015089e+00	(-1.0049994143e-01 4.7253692256e-02 2.0149992895e-01)	1
0.002664200736    	k                 	2.5140586388e-15	(-1.6106772650e-01 7.7951399919e-04 -3.3234951944e-02)	2	1.0300772233e+00	(-1.1049999997e-01 4.4652692806e-02 2.0549997527e-01)	1
0.002664200736    	omega             	1.8671669288e+00	(2.9762516631e-01 3.4658714611e-01 8.8011490736e-02)	2	1.6962368931e+07	(1.0291314320e-01 4.7269903838e-02 6.1879950920e-03)	3
0.002664200736    	p                 	-1.9441227944e+01	(-1.2088770055e-01 8.7207269197e-02 -1.2343153712e-01)	2	1.7425513175e+01	(-1.1849999990e-01 4.9071988420e-02 1.7149999995e-01)	1
0.002680236251    	mag(U)            	0.0000000000e+00	(-1.4000000060e-01 4.9258069922e-03 5.3000562546e-02)	0	5.6729834168e+00	(-1.0049994143e-01 4.7253692256e-02 2.0149992895e-01)	1
0.002680236251    	k                 	2.5298362772e-15	(-1.6106772650e-01 7.7951399919e-04 -3.3234951944e-02)	2	1.0305595946e+00	(-1.1049999997e-01 4.4652692806e-02 2.0549997527e-01)	1
0.002680236251    	omega             	1.8671670361e+00	(2.9762516631e-01 3.4658714611e-01 8.8011490736e-02)	2	1.6962368932e+07	(1.0291314320e-01 4.7269903838e-02 6.1879950920e-03)	3
0.002680236251    	p                 	-1.9454402604e+01	(-1.2088770055e-01 8.7207269197e-02 -1.2343153712e-01)	2	1.7425650583e+01	(-1.1849999990e-01 4.9071988420e-02 1.7149999995e-01)	1
0.002696267912    	mag(U)            	0.0000000000e+00	(-1.4000000060e-01 4.9258069922e-03 5.3000562546e-02)	0	5.6730617259e+00	(-1.0049994143e-01 4.7253692256e-02 2.0149992895e-01)	1
0.002696267912    	k                 	2.5456420554e-15	(-1.6106772650e-01 7.7951399919e-04 -3.3234951944e-02)	2	1.0310269136e+00	(-1.1049999997e-01 4.4652692806e-02 2.0549997527e-01)	1
0.002696267912    	omega             	1.8671671433e+00	(2.9762516631e-01 3.4658714611e-01 8.8011490736e-02)	2	1.6962368933e+07	(1.0291314320e-01 4.7269903838e-02 6.1879950920e-03)	3
0.002696267912    	p                 	-1.9466777306e+01	(-1.2088770055e-01 8.7207269197e-02 -1.2343153712e-01)	2	1.7425506789e+01	(-1.1849999990e-01 4.9071988420e-02 1.7149999995e-01)	1
0.002712297179    	mag(U)            	0.0000000000e+00	(-1.4000000060e-01 4.9258069922e-03 5.3000562546e-02)	0	5.6731363133e+00	(-1.0049994143e-01 4.7253692256e-02 2.0149992895e-01)	1
0.002712297179    	k                 	2.5614764061e-15	(-1.6106772650e-01 7.7951399919e-04 -3.3234951944e-02)	2	1.0314793325e+00	(-1.1049999997e-01 4.4652692806e-02 2.0549997527e-01)	1
0.002712297179    	omega             	1.8671672505e+00	(2.9762516631e-01 3.4658714611e-01 8.8011490736e-02)	2	1.6962368935e+07	(1.0291314320e-01 4.7269903838e-02 6.1879950920e-03)	3
0.002712297179    	p                 	-1.9478339287e+01	(-1.2088770055e-01 8.7207269197e-02 -1.2343153712e-01)	2	1.7425395387e+01	(-1.1849999990e-01 4.9071988420e-02 1.7149999995e-01)	1
0.00272832558     	mag(U)            	0.0000000000e+00	(-1.4000000060e-01 4.9258069922e-03 5.3000562546e-02)	0	5.6732071514e+00	(-1.0049994143e-01 4.7253692256e-02 2.0149992895e-01)	1
0.00272832558     	k                 	2.5773398330e-15	(-1.6106772650e-01 7.7951399919e-04 -3.3234951944e-02)	2	1.0319170043e+00	(-1.1049999997e-01 4.4652692806e-02 2.0549997527e-01)	1
0.00272832558     	omega             	1.8671673577e+00	(2.9762516631e-01 3.4658714611e-01 8.8011490736e-02)	2	1.6962368936e+07	(1.0291314320e-01 4.7269903838e-02 6.1879950920e-03)	3
0.00272832558     	p                 	-1.9489094543e+01	(-1.2088770055e-01 8.7207269197e-02 -1.2343153712e-01)	2	1.7425382866e+01	(-1.1849999990e-01 4.9071988420e-02 1.7149999995e-01)	1
0.002744354575    	mag(U)            	0.0000000000e+00	(-1.4000000060e-01 4.9258069922e-03 5.3000562546e-02)	0	5.6732739916e+00	(-1.0049994143e-01 4.7253692256e-02 2.0149992895e-01)	1
0.002744354575    	k                 	2.5932327811e-15	(-1.6106772650e-01 7.7951399919e-04 -3.3234951944e-02)	2	1.0323400597e+00	(-1.1049999997e-01 4.4652692806e-02 2.0549997527e-01)	1
0.002744354575    	omega             	1.8671674649e+00	(2.9762516631e-01 3.4658714611e-01 8.8011490736e-02)	2	1.6962368937e+07	(1.0291314320e-01 4.7269903838e-02 6.1879950920e-03)	3
0.002744354575    	p                 	-1.9499065293e+01	(-1.2088770055e-01 8.7207269197e-02 -1.2343153712e-01)	2	1.7425244127e+01	(-1.1849999990e-01 4.9071988420e-02 1.7149999995e-01)	1
0.002760385556    	mag(U)            	0.0000000000e+00	(-1.4000000060e-01 4.9258069922e-03 5.3000562546e-02)	0	5.6733368699e+00	(-1.0049994143e-01 4.7253692256e-02 2.0149992895e-01)	1
0.002760385556    	k                 	2.6091556381e-15	(-1.6106772650e-01 7.7951399919e-04 -3.3234951944e-02)	2	1.0327486144e+00	(-1.1049999997e-01 4.4652692806e-02 2.0549997527e-01)	1
0.002760385556    	omega             	1.8671675722e+00	(2.9762516631e-01 3.4658714611e-01 8.8011490736e-02)	2	1.6962368938e+07	(1.0291314320e-01 4.7269903838e-02 6.1879950920e-03)	3
0.002760385556    	p                 	-1.9508275956e+01	(-1.2088770055e-01 8.7207269197e-02 -1.2343153712e-01)	2	1.7425357380e+01	(-1.1849999990e-01 4.9071988420e-02 1.7149999995e-01)	1
0.002776419747    	mag(U)            	0.0000000000e+00	(-1.4000000060e-01 4.9258069922e-03 5.3000562546e-02)	0	5.6733956976e+00	(-1.0049994143e-01 4.7253692256e-02 2.0149992895e-01)	1
0.002776419747    	k                 	2.6251085991e-15	(-1.6106772650e-01 7.7951399919e-04 -3.3234951944e-02)	2	1.0331427933e+00	(-1.1049999997e-01 4.4652692806e-02 2.0549997527e-01)	1
0.002776419747    	omega             	1.8671676794e+00	(2.9762516631e-01 3.4658714611e-01 8.8011490736e-02)	2	1.6962368939e+07	(1.0291314320e-01 4.7269903838e-02 6.1879950920e-03)	3
0.002776419747    	p                 	-1.9516850268e+01	(-1.2088770055e-01 8.7207269197e-02 -1.2343153712e-01)	2	1.7425358671e+01	(-1.1849999990e-01 4.9071988420e-02 1.7149999995e-01)	1
0.002792458251    	mag(U)            	0.0000000000e+00	(-1.4000000060e-01 4.9258069922e-03 5.3000562546e-02)	0	5.6734503827e+00	(-1.0049994143e-01 4.7253692256e-02 2.0149992895e-01)	1
0.002792458251    	k                 	2.6410917530e-15	(-1.6106772650e-01 7.7951399919e-04 -3.3234951944e-02)	2	1.0340888789e+00	(-1.1049999997e-01 4.4652659743e-02 2.0649998721e-01)	1
0.002792458251    	omega             	1.8671677867e+00	(2.9762516631e-01 3.4658714611e-01 8.8011490736e-02)	2	1.6962368940e+07	(1.0291314320e-01 4.7269903838e-02 6.1879950920e-03)	3
0.002792458251    	p                 	-1.9524945291e+01	(-1.2088770055e-01 8.7207269197e-02 -1.2343153712e-01)	2	1.7425455890e+01	(-1.1849999990e-01 4.9071988420e-02 1.7149999995e-01)	1
0.00280850207     	mag(U)            	0.0000000000e+00	(-1.4000000060e-01 4.9258069922e-03 5.3000562546e-02)	0	5.6735010098e+00	(-1.0049994143e-01 4.7253692256e-02 2.0149992895e-01)	1
0.00280850207     	k                 	2.6571050698e-15	(-1.6106772650e-01 7.7951399919e-04 -3.3234951944e-02)	2	1.0355349002e+00	(-1.1049999997e-01 4.4652659743e-02 2.0649998721e-01)	1
0.00280850207     	omega             	1.8671678940e+00	(2.9762516631e-01 3.4658714611e-01 8.8011490736e-02)	2	1.6962368941e+07	(1.0291314320e-01 4.7269903838e-02 6.1879950920e-03)	3
0.00280850207     	p                 	-1.9532512484e+01	(-1.2088770055e-01 8.7207269197e-02 -1.2343153712e-01)	2	1.7425727521e+01	(-1.1849999990e-01 4.9071988420e-02 1.7149999995e-01)	1
0.002824552156    	mag(U)            	0.0000000000e+00	(-1.4000000060e-01 4.9258069922e-03 5.3000562546e-02)	0	5.6735475650e+00	(-1.0049994143e-01 4.7253692256e-02 2.0149992895e-01)	1
0.002824552156    	k                 	2.6731484811e-15	(-1.6106772650e-01 7.7951399919e-04 -3.3234951944e-02)	2	1.0369563988e+00	(-1.1049999997e-01 4.4652659743e-02 2.0649998721e-01)	1
0.002824552156    	omega             	1.8671680014e+00	(2.9762516631e-01 3.4658714611e-01 8.8011490736e-02)	2	1.6962368942e+07	(1.0291314320e-01 4.7269903838e-02 6.1879950920e-03)	3
0.002824552156    	p                 	-1.9539668294e+01	(-1.2088770055e-01 8.7207269197e-02 -1.2343153712e-01)	2	1.7425501869e+01	(-1.1849999990e-01 4.9071988420e-02 1.7149999995e-01)	1
0.002840609302    	mag(U)            	0.0000000000e+00	(-1.4000000060e-01 4.9258069922e-03 5.3000562546e-02)	0	5.6735900730e+00	(-1.0049994143e-01 4.7253692256e-02 2.0149992895e-01)	1
0.002840609302    	k                 	2.6892217849e-15	(-1.6106772650e-01 7.7951399919e-04 -3.3234951944e-02)	2	1.0383534963e+00	(-1.1049999997e-01 4.4652659743e-02 2.0649998721e-01)	1
0.002840609302    	omega             	1.8671681088e+00	(2.9762516631e-01 3.4658714611e-01 8.8011490736e-02)	2	1.6962368943e+07	(1.0291314320e-01 4.7269903838e-02 6.1879950920e-03)	3
0.002840609302    	p                 	-1.9546362771e+01	(-1.2088770055e-01 8.7207269197e-02 -1.2343153712e-01)	2	1.7425602105e+01	(-1.1849999990e-01 4.9071988420e-02 1.7149999995e-01)	1
0.002856674036    	mag(U)            	0.0000000000e+00	(-1.4000000060e-01 4.9258069922e-03 5.3000562546e-02)	0	5.6736282166e+00	(-1.0049994143e-01 4.7253692256e-02 2.0149992895e-01)	1
0.002856674036    	k                 	2.7053245142e-15	(-1.6106772650e-01 7.7951399919e-04 -3.3234951944e-02)	2	1.0397262977e+00	(-1.1049999997e-01 4.4652659743e-02 2.0649998721e-01)	1
0.002856674036    	omega             	1.8671682162e+00	(2.9762516631e-01 3.4658714611e-01 8.8011490736e-02)	2	1.6962368943e+07	(1.0291314320e-01 4.7269903838e-02 6.1879950920e-03)	3
0.002856674036    	p                 	-1.9552866698e+01	(-1.2088770055e-01 8.7207269197e-02 -1.2343153712e-01)	2	1.7425805627e+01	(-1.1849999990e-01 4.9071988420e-02 1.7149999995e-01)	1
0.00287274669     	mag(U)            	0.0000000000e+00	(-1.4000000060e-01 4.9258069922e-03 5.3000562546e-02)	0	5.6736619942e+00	(-1.0049994143e-01 4.7253692256e-02 2.0149992895e-01)	1
0.00287274669     	k                 	2.7214560085e-15	(-1.6106772650e-01 7.7951399919e-04 -3.3234951944e-02)	2	1.0410748879e+00	(-1.1049999997e-01 4.4652659743e-02 2.0649998721e-01)	1
0.00287274669     	omega             	1.8671683237e+00	(2.9762516631e-01 3.4658714611e-01 8.8011490736e-02)	2	1.6962368944e+07	(1.0291314320e-01 4.7269903838e-02 6.1879950920e-03)	3
0.00287274669     	p                 	-1.9559212361e+01	(-1.2088770055e-01 8.7207269197e-02 -1.2343153712e-01)	2	1.7425704527e+01	(-1.1849999990e-01 4.9071988420e-02 1.7149999995e-01)	1
0.00288882752     	mag(U)            	0.0000000000e+00	(-1.4000000060e-01 4.9258069922e-03 5.3000562546e-02)	0	5.6736916038e+00	(-1.0049994143e-01 4.7253692256e-02 2.0149992895e-01)	1
0.00288882752     	k                 	2.7376155622e-15	(-1.6106772650e-01 7.7951399919e-04 -3.3234951944e-02)	2	1.0423993431e+00	(-1.1049999997e-01 4.4652659743e-02 2.0649998721e-01)	1
0.00288882752     	omega             	1.8671684313e+00	(2.9762516631e-01 3.4658714611e-01 8.8011490736e-02)	2	1.6962368944e+07	(1.0291314320e-01 4.7269903838e-02 6.1879950920e-03)	3
0.00288882752     	p                 	-1.9565490686e+01	(-1.2088770055e-01 8.7207269197e-02 -1.2343153712e-01)	2	1.7425570213e+01	(-1.1849999990e-01 4.9071988420e-02 1.7149999995e-01)	1
