# Probe 0 (-0.111 0.039 0.008)
# Probe 1 (-0.111 0.039 0.02)
# Probe 2 (-0.111 0.046 0.004)
# Probe 3 (-0.111 0.06 0.004)
# Probe 4 (-0.111 0.037 0.219)
# Probe 5 (-0.111 0.046 0.239)
# Probe 6 (-0.111 0.046 0.25)
# Probe 7 (0.07 0.039 0.008)
# Probe 8 (0.07 0.039 0.02)
# Probe 9 (0.07 0.046 0.004)
# Probe 10 (0.07 0.06 0.004)
# Probe 11 (0.07 0.037 0.219)
# Probe 12 (0.07 0.046 0.239)
# Probe 13 (0.07 0.046 0.25)
# Probe 14 (0.111 0.039 0.008)
# Probe 15 (0.111 0.039 0.02)
# Probe 16 (0.111 0.046 0.004)
# Probe 17 (0.111 0.06 0.004)
# Probe 18 (0.111 0.037 0.219)
# Probe 19 (0.111 0.046 0.239)
# Probe 20 (0.111 0.046 0.25)
# Probe 21 (0 0.25 0.1)
# Time            0                 1                 2                 3                 4                 5                 6                 7                 8                 9                 10                11                12                13                14                15                16                17                18                19                20                21               
1.42361397e-05    (0.7398418198 1.579928227 0.9170608692) (0.3230949528 -0.228841959 0.8207851054) (0.6161981557 1.820638333 -2.511260019) (0.1264026777 -0.08682056185 -0.2077829857) (-0.5997882389 0.2011428976 3.602288621) (0.5989589355 0.8822582618 1.675134533) (0.4428380475 0.5142451453 2.253400941) (0.06659422517 1.102830134 1.324586695) (0.08481669388 -0.07182467933 1.043857926) (0.01187388451 1.561899041 -2.119246271) (-0.1979653268 -0.02012578877 -0.2529821001) (0.05341778364 0.1452100491 3.786901737) (-0.6817254011 0.9243976635 1.494237774) (-0.3921844481 0.8823717764 2.566778503) (-0.4214308418 2.120027587 1.605503026) (-0.001776070537 -0.150880152 1.043483266) (-0.1697295695 1.341441395 -2.043384381) (-0.09084811293 -0.122330507 -0.1942035097) (0.6284751714 0.2211565422 3.477158571) (-0.9073619954 0.6958741175 1.647838605) (-0.6751110633 0.3825996817 2.043307409) (-0.002802674796 -0.01343308569 0.1317618728)
3.021280672e-05   (0.7400939065 1.580228901 0.9167160621) (0.3230296271 -0.2287534347 0.8206903335) (0.615532632 1.820793441 -2.510253886) (0.1263437079 -0.08685323908 -0.2077698381) (-0.5997500195 0.2052857921 3.605157223) (0.5996388739 0.8813519152 1.675644389) (0.4428427698 0.5136723766 2.252976757) (0.06704051458 1.104357106 1.325343522) (0.08462925437 -0.07175806578 1.043679603) (0.01101433788 1.563019452 -2.119787197) (-0.1979738701 -0.02013771837 -0.2529501945) (0.05021735629 0.1514820317 3.788097975) (-0.6815673311 0.9244622148 1.494059388) (-0.3923096376 0.8820247149 2.566071123) (-0.4217438663 2.119962534 1.603180477) (-0.001926371389 -0.1504740809 1.043044687) (-0.1694148138 1.340195814 -2.040569959) (-0.09084819019 -0.1223833604 -0.1941192415) (0.6285634319 0.2250118998 3.480409833) (-0.9080621855 0.695614407 1.650073249) (-0.6758384061 0.3823087001 2.043135713) (-0.00280324578 -0.01341089069 0.1317615097)
4.760630613e-05   (0.7403294852 1.580567496 0.9163161505) (0.3229651036 -0.2286378855 0.820515093) (0.6148047102 1.821006386 -2.509174265) (0.1262805645 -0.08684440508 -0.2077092757) (-0.5995219102 0.2083103752 3.60686811) (0.6004743601 0.8804085007 1.676115523) (0.4429131128 0.513189651 2.252517357) (0.06752571379 1.105914869 1.326195673) (0.08438018436 -0.07159105294 1.043497537) (0.01019327335 1.564075413 -2.120157923) (-0.1979433088 -0.0201395737 -0.2529323545) (0.04824173964 0.1557950486 3.789727036) (-0.6813900358 0.924444222 1.493685039) (-0.3923986781 0.8816802007 2.565225912) (-0.4220855205 2.119821938 1.600647935) (-0.002098620657 -0.1500843825 1.042576299) (-0.1690792731 1.338759001 -2.037517153) (-0.09086697557 -0.1223893743 -0.194016556) (0.6285264361 0.22783477 3.482451955) (-0.9088940896 0.695310898 1.652344601) (-0.6767058893 0.382078419 2.042804422) (-0.002801364678 -0.01339720994 0.1317599436)
6.498408032e-05   (0.7405249996 1.580901781 0.9159373392) (0.3228977014 -0.2285236336 0.8203284457) (0.614096092 1.821248566 -2.508064361) (0.1262294002 -0.08682429389 -0.2076440579) (-0.5992953408 0.2100098598 3.607872979) (0.6013582892 0.879508243 1.676566134) (0.4430093074 0.5128275455 2.252071452) (0.06801101069 1.107398533 1.327081713) (0.08413085545 -0.07144838951 1.043322292) (0.009430196184 1.565009396 -2.120391257) (-0.1979033112 -0.02012976151 -0.2529151985) (0.04710693978 0.1586858602 3.791171554) (-0.6812349316 0.9244112882 1.493248917) (-0.3924810996 0.8813691602 2.564347031) (-0.4224232193 2.119652552 1.598112411) (-0.002268028386 -0.1497466781 1.042140135) (-0.1687483242 1.337322692 -2.03449063) (-0.0908937666 -0.1223748113 -0.1939194069) (0.6284768824 0.2294723325 3.483720971) (-0.9097403242 0.6950288228 1.654591156) (-0.6776013775 0.3819432105 2.04243402) (-0.002798332442 -0.01338840481 0.1317586743)
8.235100186e-05   (0.7406788216 1.581237226 0.915591634) (0.3228256761 -0.2284146977 0.8201508555) (0.6134135157 1.821520253 -2.506928238) (0.126188026 -0.08680082611 -0.2075812914) (-0.5991115327 0.2109315731 3.608512467) (0.6022672361 0.8786268424 1.677021709) (0.4431155124 0.5125384351 2.251632114) (0.06849948277 1.108829624 1.328001468) (0.08389471479 -0.07135479713 1.043155749) (0.008697675946 1.565854653 -2.120530732) (-0.1978649774 -0.02011083149 -0.252893823) (0.04634259281 0.1609254652 3.792384519) (-0.6811030297 0.9243776747 1.492796794) (-0.3925672153 0.8810784035 2.563447865) (-0.4227577233 2.119478399 1.595570097) (-0.002432269941 -0.1494487568 1.041738241) (-0.1684216776 1.335915168 -2.031496871) (-0.09092321075 -0.122353709 -0.1938283054) (0.6284476215 0.230398915 3.48461126) (-0.9105788929 0.694761474 1.656864335) (-0.6785036079 0.3818714743 2.04205894) (-0.002795078626 -0.01338206575 0.1317579908)
9.971116817e-05   (0.7407873248 1.58157487 0.9152851374) (0.322745681 -0.2283131968 0.8199943188) (0.6127556021 1.821813931 -2.505768771) (0.1261526868 -0.08677793825 -0.2075234074) (-0.5989781738 0.2114589347 3.608889083) (0.6031948516 0.8777457341 1.67749126) (0.4432274417 0.5122887421 2.251195483) (0.06899371327 1.110218401 1.328956086) (0.08367124888 -0.07130699005 1.043004626) (0.00798824214 1.566633709 -2.120603851) (-0.1978304942 -0.02008685699 -0.252871461) (0.04584777364 0.16278724 3.793323527) (-0.6809887161 0.9243421599 1.49234513) (-0.3926585686 0.8807989062 2.562542173) (-0.4230878095 2.11930731 1.593023446) (-0.002588843943 -0.1491832675 1.041376316) (-0.1680961361 1.33453563 -2.028536232) (-0.09095238513 -0.1223326717 -0.1937441525) (0.6284362538 0.2309543681 3.485228544) (-0.9114054082 0.694493055 1.659174689) (-0.6794068317 0.3818374983 2.041691554) (-0.002791965036 -0.01337696432 0.1317577244)
0.0001170668082   (0.7408485579 1.581917589 0.915013679) (0.3226579976 -0.2282183443 0.8198567226) (0.6121214142 1.822126505 -2.504591193) (0.1261204393 -0.08675633279 -0.2074700397) (-0.5988714955 0.2117650209 3.609101616) (0.6041390079 0.8768577014 1.677979765) (0.4433413853 0.5120644802 2.250759927) (0.06949417305 1.111571504 1.329941942) (0.08345502825 -0.07129366557 1.04286981) (0.00729935964 1.567358954 -2.120625456) (-0.1977987921 -0.0200601328 -0.2528501606) (0.04557812476 0.1643557657 3.79401071) (-0.6808862944 0.9243026352 1.491896826) (-0.3927541914 0.8805240694 2.561632347) (-0.4234143933 2.119145264 1.590468696) (-0.00273923169 -0.148943333 1.041049265) (-0.1677706663 1.333181586 -2.025611914) (-0.09098028787 -0.1223129366 -0.1936658822) (0.6284425938 0.2312962517 3.485660375) (-0.912218804 0.6942135355 1.661521277) (-0.6803064746 0.3818250891 2.041327718) (-0.00278907864 -0.01337256737 0.1317576474)
0.000134418889    (0.7408619894 1.58226795 0.9147701874) (0.3225647591 -0.2281278198 0.8197311847) (0.6115108348 1.822455514 -2.503401378) (0.126090152 -0.08673521883 -0.2074191799) (-0.5987723373 0.2119254921 3.609220993) (0.6051019146 0.8759593549 1.678489111) (0.4434572096 0.5118596492 2.250324638) (0.07000077252 1.112894215 1.330952058) (0.08324296683 -0.07130291245 1.042748339) (0.006620344182 1.568039927 -2.120606903) (-0.197768982 -0.02003135141 -0.2528297745) (0.04543975946 0.1656991771 3.794573103) (-0.6807912678 0.9242605574 1.491452467) (-0.3928518611 0.8802517338 2.560717939) (-0.4237386946 2.118996215 1.587900129) (-0.002886055439 -0.1487228505 1.040747942) (-0.1674447984 1.331850558 -2.022727227) (-0.09100673524 -0.1222939448 -0.1935915594) (0.6284565013 0.2314904333 3.485991788) (-0.9130200348 0.6939200925 1.663903349) (-0.68120133 0.3818282702 2.040965915) (-0.002786448321 -0.0133686504 0.1317576644)
0.0001517676584   (0.7408271466 1.582627467 0.9145494345) (0.3224675094 -0.2280400589 0.8196130201) (0.6109241144 1.822798613 -2.502202548) (0.1260610308 -0.0867140669 -0.2073696908) (-0.598672876 0.2119846486 3.609289551) (0.6060857472 0.875047859 1.679019968) (0.4435738015 0.5116702473 2.249889848) (0.07051314505 1.114189706 1.3319806) (0.08303628974 -0.0713217032 1.042638229) (0.005950645037 1.568688677 -2.120560576) (-0.1977405917 -0.02000072614 -0.2528094209) (0.04539188596 0.1668567028 3.795040418) (-0.6807011705 0.9242180042 1.49101262) (-0.392950367 0.8799823642 2.559800367) (-0.4240615383 2.118861744 1.585314494) (-0.003030822476 -0.1485178529 1.040466386) (-0.1671183684 1.330539296 -2.019882616) (-0.09103208234 -0.1222753087 -0.193519809) (0.6284709997 0.2315782852 3.486275025) (-0.9138096487 0.693612313 1.666320024) (-0.6820913006 0.3818456907 2.040605444) (-0.002784072574 -0.01336508624 0.1317577405)
0.0001691130021   (0.7407434375 1.582997167 0.9143475667) (0.3223673658 -0.2279541282 0.8194993465) (0.6103614411 1.823153584 -2.500997511) (0.1260326297 -0.08669251668 -0.2073207923) (-0.598571768 0.2119754988 3.609331333) (0.6070932711 0.8741210517 1.679572538) (0.4436912292 0.5114938584 2.249457156) (0.07103075399 1.115460282 1.333023387) (0.08283402828 -0.07133988847 1.042537584) (0.005293244283 1.569313271 -2.120492388) (-0.1977132785 -0.01996822502 -0.2527882569) (0.04540356106 0.167856704 3.79544345) (-0.6806146481 0.9241758561 1.49057677) (-0.3930492897 0.8797158092 2.55887957) (-0.4243836039 2.11874281 1.58270969) (-0.00317414311 -0.1483254284 1.040200118) (-0.1667912729 1.329245862 -2.017078437) (-0.09105683242 -0.1222566363 -0.193449707) (0.6284843706 0.2315965592 3.486538683) (-0.9145871686 0.6932897249 1.668770792) (-0.6829761152 0.3818761843 2.040245233) (-0.002781910763 -0.01336178628 0.1317578721)
0.0001864546559   (0.7406101575 1.583377437 0.9141621441) (0.3222650332 -0.2278695544 0.8193889504) (0.6098234369 1.823518323 -2.499787847) (0.1260047079 -0.0866705798 -0.2072722518) (-0.5984685157 0.2119220573 3.609359883) (0.608126905 0.8731755196 1.680146596) (0.4438091831 0.5113285291 2.249027298) (0.07155316952 1.116707477 1.334077899) (0.08263440204 -0.07135469887 1.042444877) (0.004649167547 1.569916239 -2.12040383) (-0.1976866884 -0.01993396954 -0.2527660515) (0.04546019671 0.1687258765 3.795794331) (-0.68053117 0.9241339375 1.490144689) (-0.3931487213 0.879451363 2.557955782) (-0.4247052368 2.118639701 1.580084967) (-0.0033162343 -0.1481434074 1.039946236) (-0.1664634705 1.327968715 -2.014314282) (-0.09108127182 -0.1222377762 -0.1933807928) (0.6284959565 0.2315470962 3.486784505) (-0.9153542427 0.6929510642 1.671255449) (-0.6838556311 0.3819184601 2.039884903) (-0.00277992421 -0.01335870121 0.1317580547)
0.000203792362    (0.7404266924 1.583768589 0.9139912588) (0.3221610138 -0.2277860385 0.8192810535) (0.6093105112 1.823889841 -2.498574937) (0.1259771342 -0.08664834712 -0.2072239741) (-0.5983624418 0.2118353135 3.609380253) (0.6091886484 0.8722078326 1.680741713) (0.4439277338 0.5111731219 2.248600086) (0.07208009209 1.117932596 1.335142447) (0.0824360702 -0.07136791579 1.0423587) (0.004017906719 1.570500064 -2.120296869) (-0.197660499 -0.0198981637 -0.2527429132) (0.04555191645 0.1694850423 3.796101789) (-0.6804502865 0.9240916672 1.489716146) (-0.3932486476 0.8791880495 2.557029235) (-0.4250267205 2.118552525 1.577439967) (-0.003457310832 -0.147969933 1.039702436) (-0.166134865 1.326706828 -2.011590156) (-0.09110551193 -0.1222190644 -0.1933128911) (0.6285058721 0.2314517687 3.487020252) (-0.9161117899 0.6925944904 1.673774327) (-0.6847301151 0.3819705552 2.039524802) (-0.002778093514 -0.01335579294 0.131758279)
0.0002211259607   (0.7401923625 1.584170896 0.9138333485) (0.3220557007 -0.2277032978 0.8191750136) (0.6088226435 1.824265108 -2.497359798) (0.1259496184 -0.08662582847 -0.2071757049) (-0.59825077 0.2117264256 3.609390209) (0.6102814848 0.8712173733 1.681358768) (0.4440468534 0.5110269581 2.248174648) (0.07261140418 1.119136494 1.336215594) (0.08223818674 -0.07138275 1.04227799) (0.003397980575 1.571067947 -2.120174204) (-0.1976344195 -0.01986092203 -0.2527189519) (0.04567022251 0.1701528283 3.796369515) (-0.6803716924 0.9240490475 1.489290727) (-0.3933491868 0.878925563 2.556099653) (-0.4253481977 2.118481262 1.574774693) (-0.003597335151 -0.1478039667 1.039467292) (-0.1658054258 1.325459545 -2.008906047) (-0.09112961949 -0.1222005424 -0.1932458119) (0.6285142869 0.2313386324 3.487257132) (-0.9168609763 0.6922186656 1.6763272) (-0.6855992746 0.3820316249 2.039165008) (-0.002776399974 -0.01335303292 0.1317585383)
0.0002384554205   (0.7399066175 1.584584434 0.9136871359) (0.3219494521 -0.2276210888 0.8190704519) (0.6083599806 1.824641731 -2.496143424) (0.1259221691 -0.08660316982 -0.2071274882) (-0.5981362994 0.2116115214 3.609393457) (0.6114085181 0.8702024919 1.681997628) (0.4441666536 0.510888994 2.247750363) (0.07314683695 1.120320209 1.337296068) (0.0820405143 -0.07140168026 1.042201744) (0.002786806215 1.571622672 -2.120037517) (-0.1976082733 -0.01982250001 -0.2526943608) (0.04580395583 0.1707420257 3.796611242) (-0.680295314 0.9240061313 1.488868284) (-0.3934505859 0.8786637159 2.555167086) (-0.4256698053 2.118425902 1.572089549) (-0.00373647787 -0.1476446536 1.039239704) (-0.1654752787 1.324226318 -2.006261273) (-0.09115370954 -0.1221821534 -0.193179444) (0.6285217381 0.2312282055 3.487502831) (-0.917602646 0.691822663 1.678914317) (-0.6864628107 0.3821011734 2.038805411) (-0.002774829882 -0.01335040869 0.1317588256)
0.0002557808549   (0.7395689804 1.585009343 0.9135515791) (0.3218425627 -0.2275392396 0.8189671209) (0.6079227814 1.825017727 -2.494926803) (0.1258948414 -0.08658031828 -0.2070791365) (-0.5980210151 0.2115032429 3.609399032) (0.6125730625 0.8691624378 1.682659323) (0.4442868304 0.5107582948 2.247326878) (0.07368622668 1.121484734 1.338382571) (0.08184319334 -0.07142597306 1.042129202) (0.002186763298 1.572166735 -2.119888093) (-0.1975820649 -0.01978298005 -0.2526693501) (0.04594792106 0.1712630141 3.796834184) (-0.6802210672 0.9239629526 1.488448471) (-0.3935529976 0.8784022065 2.554231051) (-0.4259916314 2.118385861 1.569384958) (-0.003874786358 -0.1474910126 1.039018543) (-0.1651445418 1.323007093 -2.003655413) (-0.09117781393 -0.1221638632 -0.1931136709) (0.6285284921 0.2311314947 3.487758407) (-0.9183411404 0.6914025973 1.681534424) (-0.6873208703 0.3821782008 2.038445557) (-0.002773374346 -0.01334789785 0.1317591352)
0.0002731025371   (0.7391789565 1.585445717 0.9134257208) (0.3217352818 -0.2274575652 0.8188648469) (0.6075111507 1.825391095 -2.493710742) (0.1258676487 -0.08655740988 -0.2070307538) (-0.5979060037 0.211408946 3.609413698) (0.6137753527 0.8680892176 1.683343377) (0.444407265 0.5106338785 2.246903952) (0.07422915029 1.12263084 1.339473999) (0.08164647999 -0.07145572049 1.042059883) (0.001603872186 1.572701911 -2.119726791) (-0.1975556848 -0.01974245296 -0.2526440205) (0.04609957464 0.171723756 3.797042419) (-0.6801487852 0.9239193704 1.488031151) (-0.3936564957 0.8781405777 2.553291389) (-0.4263137877 2.118360914 1.566661439) (-0.004012425328 -0.1473423619 1.038803107) (-0.1648136538 1.321802181 -2.00108823) (-0.09120198294 -0.1221456971 -0.1930483087) (0.6285347048 0.2310481418 3.488023959) (-0.9190765391 0.6909582256 1.684187964) (-0.6881733907 0.3822615996 2.038085385) (-0.002772021574 -0.01334548781 0.1317594579)
0.0002904208275   (0.7387360285 1.585893679 0.9133087188) (0.3216276285 -0.2273762176 0.8187634803) (0.6071248991 1.825760335 -2.49249654) (0.1258405194 -0.08653448696 -0.2069823555) (-0.5977917347 0.2113293567 3.609440727) (0.6150186726 0.8669841504 1.68405058) (0.4445279374 0.5105150735 2.246481165) (0.07477612269 1.123759176 1.34056951) (0.08145046524 -0.07149030697 1.041993264) (0.001032674831 1.573229938 -2.11955563) (-0.1975290919 -0.01970098302 -0.2526184424) (0.04625642544 0.1721315436 3.797239195) (-0.6800783531 0.9238752698 1.487616432) (-0.393761323 0.8778783679 2.55234832) (-0.426636395 2.118350374 1.563919514) (-0.004149591996 -0.1471979483 1.038592506) (-0.1644830768 1.320612013 -1.998559794) (-0.09122623549 -0.1221276701 -0.1929832789) (0.6285405835 0.2309759042 3.48829737) (-0.9198098171 0.690488973 1.686875507) (-0.6890209221 0.3823533802 2.037725544) (-0.002770763673 -0.01334316942 0.131759791)
0.0003077361327   (0.7382398022 1.586353247 0.9131997959) (0.3215195043 -0.2272955549 0.81866297) (0.6067638279 1.826124334 -2.49128477) (0.1258135021 -0.08651162448 -0.2069339888) (-0.5976781761 0.2112619725 3.609480301) (0.6163060341 0.8658465085 1.684781958) (0.4446489523 0.5104010678 2.246058673) (0.07532650289 1.124870552 1.341667928) (0.08125520834 -0.07152877059 1.041929099) (0.000471410393 1.573751904 -2.11937434) (-0.1975022914 -0.01965858395 -0.2525926705) (0.04641656887 0.172492293 3.797426618) (-0.6800097053 0.9238305552 1.487204274) (-0.3938676311 0.8776152305 2.551401679) (-0.4269594449 2.1183537 1.561159947) (-0.004286298473 -0.14705722 1.038386009) (-0.164153232 1.319436766 -1.996070021) (-0.09125058178 -0.1221098496 -0.1929186041) (0.6285469825 0.2309107966 3.488577789) (-0.9205438727 0.6899894956 1.689596544) (-0.6898631208 0.3824517236 2.037365829) (-0.002769593025 -0.01334093515 0.1317601321)
0.0003250488946   (0.7376899308 1.58682447 0.913098236) (0.3214111569 -0.2272152774 0.8185631718) (0.606427607 1.826482351 -2.490076275) (0.1257865411 -0.08648890757 -0.2068857691) (-0.5975650862 0.211204019 3.609530584) (0.6176419308 0.8646746261 1.685537095) (0.4447702796 0.5102912819 2.245636494) (0.07587993219 1.12596587 1.342768393) (0.08106080064 -0.07157010262 1.041867194) (-7.684205398e-05 1.574267378 -2.119180623) (-0.1974753091 -0.0196152817 -0.2525666857) (0.04657811462 0.1728111106 3.797606406) (-0.6799429797 0.9237851546 1.486794658) (-0.3939755103 0.8773509432 2.55045147) (-0.4272829793 2.118370379 1.558383553) (-0.004422693524 -0.14691961 1.038183335) (-0.1638248068 1.318276556 -1.993619474) (-0.09127504409 -0.1220922076 -0.1928542555) (0.6285539514 0.2308500065 3.488865137) (-0.9212802958 0.6894590306 1.692351004) (-0.6906999616 0.3825555088 2.037006054) (-0.002768501739 -0.01333877603 0.1317604775)
0.0003423595694   (0.737086216 1.587307495 0.9130034219) (0.3213027675 -0.2271352294 0.8184640058) (0.6061158667 1.82683385 -2.488871635) (0.1257596715 -0.08646630885 -0.2068376274) (-0.5974520191 0.2111542014 3.609589266) (0.619028065 0.8634661894 1.686315876) (0.4448919255 0.510185246 2.24521468) (0.07643615845 1.127045705 1.343870419) (0.08086727521 -0.07161359401 1.041807407) (-0.0006220842679 1.574780155 -2.118979705) (-0.1974482037 -0.01957116536 -0.2525405695) (0.04673977388 0.1730924906 3.797780159) (-0.6798781864 0.9237391103 1.486387561) (-0.3940851244 0.8770853588 2.549497713) (-0.4276069747 2.118399717 1.555591276) (-0.00455890246 -0.1467847027 1.037984125) (-0.1634981458 1.317131315 -1.991208561) (-0.09129969897 -0.1220747455 -0.1927901339) (0.6285616255 0.2307928623 3.489159321) (-0.9220210145 0.6888965227 1.695138456) (-0.6915314948 0.3826643203 2.036646254) (-0.002767480096 -0.01333669059 0.1317608279)
0.0003596685799   (0.736428428 1.587802369 0.9129148087) (0.321194398 -0.2270553651 0.8183654694) (0.6058279705 1.827178231 -2.48767153) (0.1257328137 -0.08644390303 -0.2067895311) (-0.5973382075 0.2111123056 3.60965443) (0.6204658226 0.862219526 1.687118987) (0.4450140708 0.5100822748 2.244793118) (0.07699499914 1.128110673 1.344973487) (0.08067443943 -0.07165890528 1.041749539) (-0.001159657834 1.575290578 -2.118770108) (-0.197420958 -0.01952631284 -0.2525143931) (0.04690035943 0.1733403302 3.797949364) (-0.6798153481 0.9236923183 1.485982832) (-0.3941965946 0.8768183069 2.548540317) (-0.4279313718 2.118440942 1.552784193) (-0.004694992746 -0.1466522057 1.037788059) (-0.163173778 1.316001543 -1.98883788) (-0.09132448626 -0.1220574496 -0.1927262238) (0.6285696956 0.230739889 3.489459963) (-0.9227674493 0.688301484 1.697958533) (-0.6923577379 0.3827779292 2.036286316) (-0.002766524564 -0.01333467107 0.131761183)
0.0003769763083   (0.7357164164 1.588309149 0.9128317783) (0.321086103 -0.2269756412 0.8182674931) (0.6055633917 1.827515222 -2.486476402) (0.1257059245 -0.08642167146 -0.2067414397) (-0.597223503 0.2110792648 3.609724692) (0.6219554505 0.8609332409 1.687947262) (0.4451366004 0.5099820247 2.244371746) (0.07755619454 1.129161433 1.346077111) (0.08048201819 -0.07170601833 1.041693268) (-0.001688804372 1.575799097 -2.118551363) (-0.1973935081 -0.01948074337 -0.2524881815) (0.04705937952 0.1735606372 3.798113651) (-0.679754238 0.9236449735 1.485580455) (-0.3943099748 0.876549756 2.547579261) (-0.4282561378 2.118493225 1.549963441) (-0.004831042918 -0.1465218023 1.037594831) (-0.1628520183 1.314887563 -1.986507815) (-0.09134951001 -0.1220404063 -0.1926625671) (0.6285778473 0.2306917159 3.489766612) (-0.9235202754 0.6876726512 1.700811276) (-0.6931786912 0.3828959031 2.035926086) (-0.00276563044 -0.01333271226 0.1317615438)
0.0003942830905   (0.7349501555 1.588827818 0.9127539432) (0.3209778979 -0.2268960879 0.818170199) (0.6053217068 1.82784434 -2.485287001) (0.1256790755 -0.08639961484 -0.2066934102) (-0.5971081624 0.2110561528 3.60979865) (0.6235012087 0.8596050464 1.688801452) (0.4452594585 0.5098842218 2.243950446) (0.07811962968 1.130198389 1.347180953) (0.08029005721 -0.07175467964 1.041638562) (-0.002210254088 1.576306108 -2.118323409) (-0.1973658599 -0.01943447137 -0.2524619987) (0.0472157077 0.1737566083 3.79827386) (-0.6796948067 0.9235971571 1.48518037) (-0.3944254668 0.876279667 2.546614517) (-0.4285813292 2.11855551 1.547130329) (-0.004967070612 -0.1463932306 1.037404217) (-0.1625338271 1.313789412 -1.984218598) (-0.09137473965 -0.1220236819 -0.1925992066) (0.6285862243 0.2306487597 3.490078697) (-0.9242816418 0.6870087493 1.703695989) (-0.6939944603 0.3830181604 2.035565555) (-0.002764792518 -0.01333080818 0.1317619088)
0.0004115892761   (0.7341297748 1.58935867 0.9126806999) (0.3208698422 -0.226816659 0.8180734385) (0.6051026801 1.82816515 -2.484104154) (0.1256523262 -0.08637774229 -0.2066452435) (-0.5969924821 0.211043912 3.609875398) (0.6251027258 0.8582341596 1.689685278) (0.4453825805 0.5097886667 2.243529199) (0.078685019 1.131221913 1.348284363) (0.08009866303 -0.07180465057 1.041585397) (-0.002724186476 1.576811247 -2.118086411) (-0.1973379814 -0.01938755185 -0.2524358617) (0.04736816875 0.1739309192 3.798431167) (-0.6796370372 0.9235487431 1.484782424) (-0.3945430684 0.8760079247 2.545645929) (-0.4289068717 2.118626753 1.544286206) (-0.005103155414 -0.1462662015 1.037215959) (-0.1622199715 1.312707157 -1.98197068) (-0.09140015606 -0.122007242 -0.1925361098) (0.6285952045 0.2306116657 3.490394934) (-0.9250532546 0.6863085954 1.7066117) (-0.6948049263 0.3831444327 2.035204459) (-0.0027640044 -0.01332895448 0.1317622771)
0.0004288952128   (0.7332554665 1.589901513 0.9126116591) (0.3207619592 -0.2267373811 0.8179772356) (0.6049052112 1.828476608 -2.482928505) (0.1256256577 -0.08635602926 -0.206596983) (-0.5968766999 0.2110429886 3.609953972) (0.6267638784 0.8568161628 1.690597926) (0.4455058231 0.5096952119 2.243107831) (0.07925204225 1.132232822 1.349386999) (0.07990787145 -0.07185582289 1.041533661) (-0.003230947754 1.577313902 -2.11784122) (-0.1973098382 -0.01933997686 -0.2524097771) (0.04751581845 0.1740864949 3.798586747) (-0.67958082 0.9234997562 1.484386528) (-0.3946628869 0.8757344192 2.544673451) (-0.4292326469 2.118705747 1.541432509) (-0.005239327064 -0.1461404328 1.037029761) (-0.1619110636 1.311640436 -1.979764615) (-0.09142575954 -0.121991161 -0.1924732765) (0.6286047958 0.2305811116 3.490714301) (-0.9258351267 0.6855710467 1.709558792) (-0.6956101576 0.383274726 2.034842876) (-0.002763262443 -0.0133271505 0.1317626488)
0.0004462012165   (0.7323275622 1.590456412 0.9125465279) (0.3206543028 -0.2266582873 0.8178816418) (0.6047291242 1.828778634 -2.481760454) (0.1255990402 -0.08633455579 -0.2065487655) (-0.5967609208 0.2110535478 3.610033399) (0.6284847355 0.8553498879 1.691539685) (0.4456290552 0.5096032244 2.242686113) (0.0798204848 1.1332316 1.350488542) (0.07971764881 -0.07190816684 1.041483297) (-0.003729721634 1.577814028 -2.117586209) (-0.1972814329 -0.01929171099 -0.2523838115) (0.04765790704 0.1742257802 3.798740338) (-0.6795260134 0.9234502636 1.483992552) (-0.3947849999 0.8754590427 2.54369701) (-0.4295584678 2.118791526 1.538570895) (-0.005375616845 -0.1460157588 1.036845521) (-0.1616079221 1.310589104 -1.977600753) (-0.09145163784 -0.1219754226 -0.1924106382) (0.6286150725 0.2305576543 3.491035443) (-0.9266293186 0.6847948877 1.71253612) (-0.6964104373 0.3834088797 2.034480733) (-0.002762560254 -0.01332539357 0.1317630224)
0.0004635075574   (0.7313464943 1.591023692 0.9124849656) (0.3205469058 -0.2265792798 0.817786506) (0.604574088 1.829071302 -2.480600833) (0.1255724463 -0.08631331073 -0.2065005487) (-0.5966452802 0.2110755875 3.610113144) (0.630264346 0.8538354307 1.692512404) (0.445752226 0.509512537 2.242264153) (0.08039028546 1.13421855 1.351588756) (0.07952792248 -0.07196164243 1.041434279) (-0.004220424464 1.578313901 -2.117323376) (-0.1972527913 -0.01924277909 -0.2523580428) (0.04779408388 0.1743512383 3.798892161) (-0.6794726752 0.9234003668 1.483600376) (-0.3949094621 0.8751817461 2.54271653) (-0.4298842266 2.118882659 1.535703009) (-0.00551207493 -0.1458919763 1.036663034) (-0.1613113054 1.309553007 -1.975479521) (-0.09147773866 -0.1219599796 -0.1923480785) (0.6286260282 0.2305416837 3.491357429) (-0.9274360402 0.6839791994 1.715543353) (-0.6972056721 0.3835467834 2.03411786) (-0.002761894138 -0.01332368013 0.1317633957)
0.0004808144664   (0.7303127954 1.59160332 0.9124266234) (0.3204397704 -0.2265003628 0.8176918499) (0.6044397863 1.82935501 -2.479449977) (0.1255458397 -0.08629233261 -0.2064523431) (-0.5965297637 0.2111089321 3.610192486) (0.6321039863 0.8522703271 1.693516436) (0.4458754322 0.509422758 2.241841706) (0.08096124567 1.135194144 1.352687334) (0.07933863634 -0.07201612609 1.041386539) (-0.004702694068 1.578814036 -2.117053009) (-0.1972239632 -0.01919327231 -0.2523326005) (0.04792399754 0.1744651225 3.799042783) (-0.6794207927 0.9233500508 1.483210007) (-0.3950362844 0.8749023998 2.541732079) (-0.4302097328 2.118977834 1.532830606) (-0.005648735675 -0.1457689421 1.036482204) (-0.1610222232 1.30853186 -1.973400986) (-0.09150404646 -0.1219448256 -0.1922857117) (0.6286377174 0.230533596 3.491679663) (-0.9282556606 0.6831228704 1.718579367) (-0.697995897 0.3836881298 2.033754424) (-0.002761260193 -0.01332200679 0.1317637676)
0.0004981221232   (0.7292271643 1.592195288 0.9123711715) (0.320332938 -0.2264215321 0.817597619) (0.6043256739 1.829631458 -2.478308743) (0.1255192738 -0.08627155895 -0.2064041346) (-0.5964144119 0.2111534958 3.610271065) (0.6340042806 0.8506528208 1.694552631) (0.4459986991 0.509334075 2.241419017) (0.08153302669 1.136158876 1.353784) (0.07914980181 -0.07207156137 1.041339946) (-0.00517595233 1.579313904 -2.116774521) (-0.1971947858 -0.01914315458 -0.2523074052) (0.04804730555 0.1745695171 3.799191952) (-0.6793703761 0.9232993395 1.482821351) (-0.3951654914 0.8746208899 2.540743557) (-0.4305348541 2.119075716 1.529955455) (-0.005785650487 -0.1456464867 1.03630284) (-0.1607414385 1.307525469 -1.971365329) (-0.09153060575 -0.1219300174 -0.1922235298) (0.6286500401 0.2305336482 3.492001644) (-0.929088096 0.6822246953 1.721644313) (-0.6987813829 0.3838326178 2.033390427) (-0.002760657009 -0.01332037217 0.1317641386)
0.0005154307046   (0.7280903885 1.592799448 0.9123183541) (0.3202264427 -0.2263427998 0.8175038472) (0.6042312339 1.829901519 -2.477177387) (0.1254927606 -0.08625102534 -0.2063559323) (-0.5962992927 0.2112092122 3.610348377) (0.6359671076 0.8489836361 1.695622516) (0.4461220936 0.5092464186 2.240996144) (0.08210529426 1.137113206 1.354878634) (0.07896143718 -0.07212795745 1.04129443) (-0.005640684405 1.579813933 -2.116488958) (-0.1971652482 -0.01909244873 -0.2522824337) (0.04816402132 0.1746664762 3.799339583) (-0.6793213012 0.923248256 1.482434343) (-0.3952970571 0.8743371073 2.539750903) (-0.4308593922 2.119174894 1.527079488) (-0.005922930266 -0.1455244759 1.036124763) (-0.1604693692 1.30653381 -1.969372819) (-0.0915574862 -0.1219155289 -0.1921613537) (0.6286631241 0.2305420016 3.492322745) (-0.9299353735 0.6812814152 1.724736578) (-0.6995625284 0.3839800919 2.033026261) (-0.002760082145 -0.01331877678 0.1317645092)
0.0005327403474   (0.7269033766 1.593415838 0.9122679087) (0.320120345 -0.2262641704 0.81741049) (0.6041559686 1.830165342 -2.476056099) (0.1254663067 -0.08623073248 -0.2063077645) (-0.5961844455 0.2112759917 3.610424112) (0.6379915918 0.8472618112 1.696727627) (0.4462459875 0.509160126 2.240572818) (0.08267781201 1.138057326 1.355971053) (0.07877316818 -0.07218504677 1.041250083) (-0.006097271792 1.580314015 -2.116196299) (-0.1971353818 -0.01904115067 -0.2522576749) (0.04827419742 0.1747576497 3.799485867) (-0.6792735312 0.9231968782 1.482048922) (-0.3954309846 0.8740510098 2.538754076) (-0.4311831669 2.119273886 1.524204743) (-0.006060339906 -0.1454027918 1.035947913) (-0.1602064743 1.3055568 -1.967423449) (-0.09158467637 -0.1219013524 -0.1920992325) (0.6286769335 0.2305586828 3.492642556) (-0.9307956046 0.680294345 1.727855551) (-0.7003390332 0.3841305183 2.032661762) (-0.002759534135 -0.01331721767 0.1317648788)
0.0005500511544   (0.7256671735 1.59404447 0.9122197267) (0.3200146559 -0.2261856516 0.8173175469) (0.6040992555 1.830422745 -2.474944804) (0.1254398303 -0.08621064561 -0.206259562) (-0.5960699521 0.2113535454 3.610498082) (0.6400755182 0.8454889265 1.697868157) (0.446370121 0.5090748315 2.240149051) (0.08325063386 1.138991754 1.357061256) (0.07858500049 -0.07224286221 1.041206881) (-0.006545635239 1.580813971 -2.115897077) (-0.1971052361 -0.01898928506 -0.2522331275) (0.04837834755 0.1748443733 3.799631193) (-0.6792270127 0.9231452129 1.481665049) (-0.3955674087 0.8737625459 2.537753048) (-0.4315060013 2.119371051 1.521333318) (-0.006197842735 -0.145281366 1.035771996) (-0.1599532731 1.304594423 -1.965517339) (-0.09161212496 -0.121887536 -0.1920372403) (0.628691583 0.2305836593 3.492960668) (-0.9316711613 0.6792609769 1.731000271) (-0.7011107111 0.3842837991 2.032296711) (-0.002759012885 -0.01331569237 0.1317652474)
0.0005673631974   (0.7243830484 1.594685541 0.9121736401) (0.3199093826 -0.2261072423 0.8172249925) (0.6040607894 1.830674501 -2.47384392) (0.1254132807 -0.08619081042 -0.2062113687) (-0.5959557615 0.2114415773 3.610570119) (0.6422188826 0.8436643161 1.699045163) (0.4464945397 0.5089906609 2.239724884) (0.08382354013 1.139916863 1.358149014) (0.07839706819 -0.07230146692 1.041164638) (-0.006985460544 1.581314513 -2.11559237) (-0.1970747916 -0.0189368821 -0.2522088292) (0.04847692164 0.1749279257 3.799775581) (-0.6791817779 0.9230932423 1.481282622) (-0.3957064186 0.87347165 2.536747731) (-0.4318276222 2.119464976 1.518467341) (-0.006335894253 -0.1451602159 1.035597636) (-0.1597103273 1.303646531 -1.963654557) (-0.09163988917 -0.121874058 -0.1919754021) (0.6287069714 0.2306169177 3.493276807) (-0.9325621079 0.6781810831 1.734169265) (-0.7018776489 0.3844398842 2.031931213) (-0.002758516501 -0.01331419818 0.1317656144)
0.0005846765113   (0.7230523307 1.59533883 0.9121295881) (0.3198045148 -0.2260289474 0.8171328244) (0.6040402861 1.830921237 -2.472753294) (0.1253866952 -0.08617123164 -0.206163223) (-0.5958419704 0.2115397864 3.610640022) (0.6444217305 0.8417867496 1.700258338) (0.4466190904 0.5089073773 2.239300223) (0.08439623921 1.140832857 1.359234134) (0.07820940756 -0.07236090318 1.041123368) (-0.007421142366 1.581815954 -2.115282213) (-0.1970440374 -0.0188839023 -0.2521845941) (0.04856976478 0.1750094317 3.799918209) (-0.6791377452 0.9230409531 1.480901582) (-0.3958479356 0.8731782653 2.535738012) (-0.4321478405 2.119554057 1.515609112) (-0.006474451631 -0.1450392243 1.035424493) (-0.1594781663 1.302712823 -1.961835022) (-0.09166793965 -0.121860929 -0.191913837) (0.6287231054 0.2306583742 3.493590725) (-0.9334675295 0.6770546959 1.73736099) (-0.702639917 0.3845987067 2.031565376) (-0.002758044848 -0.01331273406 0.1317659788)
0.0006019911017   (0.7216764766 1.596004354 0.9120874612) (0.3197000433 -0.2259507585 0.8170409836) (0.604037114 1.831162736 -2.471673169) (0.125360093 -0.08615197683 -0.2061150996) (-0.595728581 0.2116478457 3.610707714) (0.646681737 0.83985882 1.701509381) (0.4467436853 0.5088248043 2.23887492) (0.08496847383 1.14174014 1.360316387) (0.07802193922 -0.07242119839 1.041083027) (-0.007850136382 1.582317911 -2.114967163) (-0.1970129272 -0.01883036668 -0.2521605252) (0.0486560521 0.1750886075 3.800059941) (-0.6790949958 0.9229883618 1.480521885) (-0.3959920831 0.8728823747 2.534723852) (-0.4324663403 2.119636724 1.512760821) (-0.006613459829 -0.1449182868 1.035252301) (-0.1592571587 1.301793266 -1.960058771) (-0.09169634233 -0.12184815 -0.1918523528) (0.6287399864 0.2307078704 3.493902248) (-0.9343860419 0.6758814422 1.740574613) (-0.7033975286 0.384760093 2.031198951) (-0.002757595638 -0.01331129737 0.1317663424)
0.0006193069512   (0.7202571163 1.596682072 0.9120473141) (0.3195959972 -0.2258726948 0.8169495059) (0.6040509297 1.831399429 -2.470603319) (0.1253334943 -0.08613300472 -0.2060669621) (-0.5956157038 0.2117653991 3.610772982) (0.6489942851 0.8378877917 1.702800943) (0.4468683287 0.5087430275 2.238449) (0.08553993072 1.142638793 1.361395766) (0.07783466154 -0.07248234048 1.041043663) (-0.008271891151 1.58281982 -2.114648087) (-0.1969815121 -0.01877627989 -0.2521367195) (0.04873748672 0.1751678369 3.800199515) (-0.6790534601 0.9229354441 1.480143425) (-0.3961389275 0.8725839142 2.533705299) (-0.4327827351 2.119711276 1.509924931) (-0.006752814845 -0.144797395 1.035081125) (-0.1590473333 1.300887731 -1.958325849) (-0.09172500625 -0.1218356861 -0.191790767) (0.6287576349 0.2307652265 3.494211084) (-0.9353163711 0.674660152 1.743808289) (-0.7041504441 0.3849239427 2.030831916) (-0.002757169283 -0.01330988674 0.1317667044)
0.0006366232668   (0.718796042 1.597371806 0.9120092221) (0.3194924271 -0.2257947609 0.8168583848) (0.6040811927 1.831630871 -2.469543621) (0.1253068562 -0.08611431293 -0.2060188579) (-0.5955033756 0.2118921793 3.610835793) (0.6513639148 0.8358620598 1.704131172) (0.4469927709 0.5086614434 2.238022488) (0.08611097312 1.143529167 1.362472308) (0.07764729647 -0.07254423178 1.041005242) (-0.008685748629 1.583321176 -2.114325117) (-0.1969497496 -0.01872161065 -0.2521131001) (0.04881372323 0.1752468314 3.800338344) (-0.6790128484 0.9228824098 1.479766245) (-0.3962884098 0.8722828149 2.532682541) (-0.4330967696 2.119776115 1.507103892) (-0.006892549891 -0.1446764675 1.034910799) (-0.1588489273 1.299996141 -1.956636426) (-0.09175397433 -0.1218235438 -0.1917291605) (0.6287760527 0.2308303309 3.494517056) (-0.9362590371 0.6733931508 1.747061638) (-0.7048987816 0.385090241 2.030464197) (-0.002756765809 -0.01330850027 0.1317670632)
0.0006539321231   (0.7172957683 1.598073172 0.9119732903) (0.319389343 -0.2257170127 0.8167676973) (0.6041273253 1.831856405 -2.468494113) (0.1252802012 -0.0860959219 -0.2059708715) (-0.5953916157 0.2120277721 3.610895971) (0.6537878297 0.8337840713 1.705499749) (0.4471170082 0.5085803224 2.237595461) (0.08668092964 1.144411199 1.363545473) (0.07745999834 -0.07260679827 1.040967746) (-0.009090648641 1.583821206 -2.113999551) (-0.1969176007 -0.01866636231 -0.2520897186) (0.04888503619 0.1753283054 3.800476235) (-0.6789732873 0.9228292011 1.479390495) (-0.3964405054 0.8719792221 2.531656006) (-0.4334080319 2.119829613 1.504301404) (-0.007032624662 -0.1445554895 1.034741377) (-0.1586624593 1.299118836 -1.954991131) (-0.0917832697 -0.1218117704 -0.1916676291) (0.6287951887 0.2309028584 3.494820175) (-0.9372109666 0.6720808193 1.750332178) (-0.7056421046 0.385258694 2.030096107) (-0.002756384932 -0.01330713726 0.1317674178)
0.0006712335908   (0.7157583135 1.598786093 0.9119395919) (0.3192867736 -0.2256394339 0.8166774046) (0.6041884672 1.832075868 -2.467454773) (0.1252535616 -0.08607782171 -0.2059228887) (-0.5952804162 0.212171403 3.61095329) (0.6562610044 0.8316570094 1.706908568) (0.4472410774 0.5084995122 2.237167977) (0.08724940179 1.145285227 1.36461505) (0.0772729045 -0.0726700212 1.04093114) (-0.009488423104 1.584320057 -2.113671778) (-0.1968850884 -0.01861048767 -0.252066523) (0.04895168609 0.1754115664 3.800613763) (-0.6789347981 0.922775857 1.479016138) (-0.3965951972 0.8716730518 2.530625761) (-0.4337162333 2.119870201 1.501519941) (-0.007173002862 -0.1444343836 1.034572827) (-0.1584881144 1.298255342 -1.9533896) (-0.09181285645 -0.1218002884 -0.191606219) (0.6288150494 0.2309821379 3.495119891) (-0.9381710245 0.6707227477 1.753618722) (-0.7063806722 0.3854295343 2.029727368) (-0.002756025346 -0.0133057965 0.1317677687)
0.0006885277376   (0.7141858875 1.599510435 0.9119082996) (0.3191847359 -0.225562029 0.8165874863) (0.6042642512 1.832289163 -2.466424885) (0.1252269011 -0.08606001877 -0.2058749628) (-0.5951697827 0.2123224646 3.611007659) (0.6587804355 0.8294824159 1.708358044) (0.4473648997 0.5084187633 2.236740122) (0.08781633602 1.146151522 1.365680974) (0.07708605983 -0.07273388796 1.04089542) (-0.009879555452 1.584817297 -2.113341994) (-0.1968520814 -0.01855402561 -0.2520435097) (0.04901541836 0.1754976531 3.800749398) (-0.678897449 0.9227223372 1.478643091) (-0.396752529 0.8713644428 2.529591662) (-0.4340211835 2.119896277 1.49876189) (-0.007313737936 -0.1443131102 1.034405114) (-0.15832603 1.297405674 -1.951831718) (-0.09184285079 -0.1217893064 -0.1915449022) (0.628835625 0.2310678009 3.49541585) (-0.9391386597 0.669318267 1.756919668) (-0.7071145138 0.3856026676 2.029358072) (-0.002755686431 -0.0133044761 0.1317681157)
0.0007058146424   (0.7125807796 1.600246173 0.9118796351) (0.3190832338 -0.2254847339 0.816497947) (0.6043539963 1.832496213 -2.465403966) (0.1252002291 -0.08604252058 -0.2058271005) (-0.5950597156 0.2124806527 3.611059024) (0.6613440298 0.8272612371 1.709848524) (0.447488472 0.5083384082 2.236311657) (0.08838156347 1.147010187 1.366743327) (0.0768994536 -0.07279841439 1.040860584) (-0.01026483055 1.585313038 -2.113010842) (-0.1968186244 -0.01849700102 -0.2520206671) (0.04907595475 0.1755859044 3.800884156) (-0.6788611436 0.9226686818 1.478271339) (-0.3969124325 0.8710533476 2.528553559) (-0.4343226292 2.1199062 1.496029728) (-0.007454812049 -0.1441916464 1.034238206) (-0.1581763401 1.296569473 -1.950317074) (-0.09187329752 -0.1217787509 -0.1914836695) (0.6288569182 0.2311598534 3.495707982) (-0.9401112492 0.6678682458 1.760233556) (-0.7078437485 0.3857780255 2.02898839) (-0.002755367611 -0.01330317604 0.1317684591)
0.0007230943975   (0.7109453647 1.600993253 0.9118538738) (0.3189822691 -0.225407589 0.8164087837) (0.6044571485 1.832696863 -2.464391135) (0.1251735544 -0.08602532363 -0.2057792609) (-0.5949502571 0.2126458716 3.611107566) (0.6639495037 0.8249946666 1.711380009) (0.4476117981 0.5082584963 2.235882519) (0.08894565293 1.147861169 1.367802026) (0.07671303876 -0.07286354502 1.040826567) (-0.01064188607 1.585807006 -2.112677669) (-0.1967847734 -0.01843938955 -0.2519979778) (0.04913253478 0.1756767803 3.8010169) (-0.6788258504 0.9226149076 1.477900826) (-0.3970751401 0.8707397744 2.52751178) (-0.4346203273 2.119898317 1.493326023) (-0.007596211813 -0.1440699834 1.034072104) (-0.1580393185 1.295746357 -1.948844783) (-0.0919040008 -0.1217685795 -0.1914226162) (0.6288789418 0.2312583584 3.495996274) (-0.9410884251 0.6663693596 1.76355914) (-0.7085684044 0.3859555538 2.028618184) (-0.0027550684 -0.01330189545 0.1317687992)
0.0007403671081   (0.7092821676 1.601751647 0.9118313395) (0.3188818634 -0.2253306231 0.8163200436) (0.604573152 1.832890868 -2.463385855) (0.1251467556 -0.0860084681 -0.2057314938) (-0.5948414531 0.2128180671 3.611153589) (0.6665940903 0.8226816509 1.712952228) (0.4477348211 0.5081789826 2.235452632) (0.0895069511 1.148705199 1.368856692) (0.07652679126 -0.07292926413 1.040793367) (-0.01101075953 1.586298867 -2.112341306) (-0.1967505805 -0.01838121145 -0.2519754313) (0.04918602665 0.1757700794 3.801148888) (-0.6787915778 0.922561019 1.477531537) (-0.3972406496 0.8704237159 2.526466249) (-0.4349140353 2.119870902 1.490653202) (-0.00773806662 -0.1439481138 1.033906799) (-0.157915027 1.294935923 -1.947414345) (-0.0919349596 -0.1217587974 -0.1913617384) (0.6289016286 0.2313632611 3.496280772) (-0.9420682596 0.6648230518 1.766895136) (-0.709288413 0.386135181 2.028247488) (-0.002754788276 -0.01330063296 0.1317691359)
0.0007576328948   (0.707593717 1.602521002 0.9118123373) (0.3187820166 -0.2252538439 0.8162316921) (0.6047015316 1.833078214 -2.462387076) (0.1251198751 -0.08599194916 -0.2056838158) (-0.5947333548 0.2129969619 3.61119728) (0.6692752545 0.8203233043 1.714565446) (0.447857537 0.5080997351 2.23502188) (0.09006575344 1.149542465 1.369907499) (0.07634079045 -0.07299550887 1.040760787) (-0.01137143896 1.586788672 -2.112003063) (-0.1967159868 -0.01832242662 -0.2519530334) (0.04923826821 0.1758662644 3.801278344) (-0.6787582351 0.9225069083 1.477163439) (-0.3974089203 0.8701051489 2.525416918) (-0.4352035212 2.119822502 1.488013661) (-0.00788032834 -0.1438260026 1.033742329) (-0.1578035073 1.294137808 -1.946025335) (-0.09196619785 -0.1217494073 -0.1913010306) (0.6289248833 0.2314744669 3.496561633) (-0.9430476107 0.6632313362 1.770239782) (-0.7100037509 0.3863167731 2.027876203) (-0.002754526959 -0.01329938753 0.1317694692)
0.0007748918905   (0.7058826933 1.603301057 0.9117972126) (0.3186827296 -0.2251772596 0.8161437333) (0.604841808 1.833259245 -2.461394019) (0.1250929304 -0.08597576739 -0.205636184) (-0.5946259677 0.2131821926 3.611238929) (0.6719911036 0.8179211651 1.716219531) (0.4479799838 0.5080208067 2.234590269) (0.09062203821 1.150373151 1.370954514) (0.07615498325 -0.07306229531 1.040728899) (-0.01172744438 1.58727604 -2.111663236) (-0.1966809758 -0.0182630673 -0.2519307978) (0.0492891382 0.1759648548 3.801406914) (-0.6787257812 0.9224525633 1.476796536) (-0.3975799629 0.8697840438 2.524363785) (-0.4354885661 2.119751522 1.485410153) (-0.008022790838 -0.1437036004 1.033578616) (-0.1577046174 1.29335189 -1.94467718) (-0.09199779189 -0.121740439 -0.191240484) (0.628948679 0.2315917165 3.496838788) (-0.9440238549 0.6615961429 1.77359346) (-0.7107144547 0.3865001912 2.027504447) (-0.002754283876 -0.01329815953 0.1317697988)
0.0007921442381   (0.7041518095 1.604091683 0.9117864136) (0.3185840258 -0.2251008561 0.8160561209) (0.6049936221 1.83343427 -2.460405689) (0.1250658944 -0.08595990075 -0.2055885748) (-0.594519217 0.2133733452 3.611278799) (0.6747372268 0.8154769365 1.717916414) (0.448102214 0.5079422087 2.234157857) (0.09117587766 1.151197246 1.371997773) (0.07596937137 -0.07312965073 1.040697764) (-0.01207835203 1.587761047 -2.111322092) (-0.1966455102 -0.01820315345 -0.2519086898) (0.04933988552 0.1760662255 3.801532761) (-0.6786942177 0.9223979997 1.476430744) (-0.3977538431 0.8694603926 2.523306801) (-0.4357689908 2.119657089 1.482845031) (-0.008165587139 -0.1435810211 1.033415751) (-0.1576182979 1.292577706 -1.943368771) (-0.09202967048 -0.1217319029 -0.1911801647) (0.6289728894 0.231714763 3.497112255) (-0.9450037792 0.6599185575 1.776952051) (-0.7114205545 0.386685502 2.027132243) (-0.00275405864 -0.01329694804 0.1317701247)
0.0008093900883   (0.7024038607 1.60489289 0.9117804098) (0.3184858934 -0.2250246335 0.8159688683) (0.6051564124 1.833603527 -2.459421467) (0.1250388112 -0.08594431718 -0.2055409962) (-0.5944131682 0.2135699716 3.611317028) (0.6775103588 0.8129912152 1.719656329) (0.4482242269 0.5078638674 2.233724404) (0.09172712265 1.152014969 1.373037363) (0.07578391003 -0.07319757942 1.04066738) (-0.01242313627 1.588243485 -2.11097955) (-0.1966097223 -0.01814268396 -0.2518867025) (0.04939000483 0.1761699867 3.80165783) (-0.6786634744 0.9223433101 1.476065968) (-0.3979307286 0.8691341963 2.522245969) (-0.4360446377 2.119537916 1.480320644) (-0.008308762547 -0.1434582542 1.033253686) (-0.1575445041 1.29181502 -1.942099197) (-0.0920618521 -0.1217238371 -0.1911200075) (0.6289976217 0.231843393 3.49738208) (-0.9459769046 0.6581987718 1.780316042) (-0.7121220986 0.3868724769 2.026759699) (-0.002753850343 -0.01329575222 0.1317704466)
0.0008266296009   (0.7006417209 1.60570441 0.9117797028) (0.3183883176 -0.2249485932 0.8158819821) (0.6053299728 1.833767248 -2.458440307) (0.1250116847 -0.08592903209 -0.2054934842) (-0.5943078471 0.2137716609 3.611353862) (0.6803074897 0.810465776 1.721439567) (0.4483458452 0.5077858232 2.233290671) (0.09227554286 1.152826589 1.37407323) (0.07559840794 -0.07326610322 1.040637793) (-0.01276219183 1.588724382 -2.110637044) (-0.1965736162 -0.01808161618 -0.2518648397) (0.0494408045 0.1762764106 3.801779708) (-0.6786335576 0.9222884532 1.475702202) (-0.3981105015 0.868805169 2.521181324) (-0.4363153314 2.119392475 1.477839366) (-0.008451938439 -0.1433352632 1.03309244) (-0.1574831028 1.291063481 -1.940867521) (-0.09209430561 -0.12171622 -0.1910600287) (0.6290227461 0.231977269 3.497648267) (-0.9469537443 0.6564324416 1.783681232) (-0.7128192023 0.3870611226 2.02638671) (-0.002753658227 -0.01329457147 0.1317707645)
0.0008438629421   (0.6988683151 1.606526074 0.9117848514) (0.3182912791 -0.2248727225 0.815795427) (0.6055139614 1.833925918 -2.457461608) (0.1249844715 -0.08591413771 -0.205446146) (-0.5942032282 0.213978008 3.611389493) (0.6831248742 0.8079022609 1.723266348) (0.448467094 0.5077079429 2.23285674) (0.09282116057 1.153632237 1.375104733) (0.07541221731 -0.07333518854 1.040609025) (-0.01309635513 1.589203435 -2.110294303) (-0.1965370841 -0.01801991492 -0.2518431665) (0.04949156355 0.1763851537 3.801900991) (-0.6786044625 0.922233432 1.475339438) (-0.3982931015 0.8684732295 2.520112883) (-0.4365808983 2.119219499 1.47540343) (-0.008595425667 -0.1432119645 1.032931859) (-0.1574338738 1.290323004 -1.939672905) (-0.09212716276 -0.1217090765 -0.1910002365) (0.6290482887 0.2321161064 3.497910902) (-0.9479277932 0.6546230012 1.787046744) (-0.7135119195 0.3872513041 2.026013402) (-0.002753481443 -0.01329340533 0.1317710781)
0.0008610902814   (0.6970866217 1.607357728 0.9117964796) (0.3181947676 -0.2247970212 0.8157091977) (0.6057082925 1.834080187 -2.456484394) (0.1249571394 -0.08589968567 -0.2053989743) (-0.5940992729 0.2141885684 3.611424079) (0.6859590615 0.8053016266 1.725136685) (0.4485879892 0.5076301001 2.232422542) (0.09336389252 1.15443223 1.376132581) (0.07522635792 -0.07340461866 1.040580694) (-0.01342555197 1.589680176 -2.109951276) (-0.1965000489 -0.01795763083 -0.2518216767) (0.04954402736 0.1764961653 3.802018908) (-0.6785761652 0.9221782024 1.474977554) (-0.3984783676 0.8681384009 2.519040595) (-0.4368412999 2.119017706 1.473015231) (-0.008739392527 -0.1430883649 1.032771947) (-0.157396855 1.289593165 -1.938514165) (-0.09216029928 -0.1217024371 -0.1909407299) (0.6290741504 0.2322595717 3.49817004) (-0.9488939077 0.6527719435 1.790411924) (-0.7142000873 0.3874427392 2.025639611) (-0.002753319821 -0.01329225347 0.1317713875)
0.0008783117946   (0.6952996204 1.608199056 0.9118151878) (0.3180987906 -0.2247215052 0.8156233544) (0.6059127044 1.834229884 -2.455508103) (0.124929692 -0.08588565227 -0.2053519772) (-0.5939959537 0.2144029172 3.611457815) (0.6888058677 0.8026665171 1.727050455) (0.4487086013 0.5075521489 2.231987816) (0.09390380679 1.155226738 1.377156945) (0.07504075756 -0.07347466567 1.040552937) (-0.01374955928 1.590154331 -2.109606972) (-0.1964625239 -0.01789469966 -0.2518002366) (0.04959884313 0.1766079574 3.802138213) (-0.6785486004 0.9221228784 1.474616636) (-0.3986663357 0.8678006775 2.517964474) (-0.4370965174 2.118786 1.470677057) (-0.008883853851 -0.1429644494 1.032612674) (-0.1573719283 1.288873828 -1.93739014) (-0.09219376094 -0.1216961431 -0.1908815151) (0.6291003868 0.2324073433 3.498425678) (-0.9498491738 0.6508805738 1.793775043) (-0.7148836911 0.3876353148 2.025265271) (-0.0027531728 -0.01329111543 0.1317716925)
0.0008955276611   (0.693510311 1.60904986 0.9118416077) (0.3180033243 -0.2246461727 0.8155378247) (0.6061270959 1.834375362 -2.454531938) (0.1249021996 -0.08587193015 -0.2053050862) (-0.5938932724 0.2146206419 3.611490866) (0.6916624661 0.7999990195 1.729008207) (0.4488289658 0.507474098 2.231552373) (0.09444074215 1.156015845 1.378177959) (0.07485546539 -0.07354532687 1.040525822) (-0.01406868479 1.590626113 -2.109260074) (-0.1964245479 -0.01783118684 -0.2517789769) (0.04965690337 0.1767212069 3.802254362) (-0.678521845 0.9220674227 1.474256593) (-0.3988571116 0.8674600973 2.516884475) (-0.4373466167 2.118523405 1.468390954) (-0.009028806041 -0.1428402251 1.032454041) (-0.1573591556 1.288165046 -1.936300012) (-0.09222760306 -0.1216904546 -0.1908224673) (0.6291269135 0.2325592017 3.498678043) (-0.9507890291 0.6489476401 1.797134888) (-0.715562652 0.3878285665 2.024890399) (-0.00275304005 -0.01328999089 0.1317719938)
0.0009127380584   (0.6917216915 1.609909977 0.9118764208) (0.3179083752 -0.2245710301 0.8154526589) (0.6063511561 1.834516808 -2.453555368) (0.1248746128 -0.08585854782 -0.2052583093) (-0.5937912622 0.2148413027 3.611523339) (0.6945236306 0.7973009512 1.731009029) (0.4489490158 0.5073959101 2.231116208) (0.09497456385 1.156799748 1.379195504) (0.07467042638 -0.07361659139 1.040499334) (-0.01438211935 1.591095437 -2.108911755) (-0.1963860573 -0.0177671003 -0.2517579801) (0.04971652686 0.1768357171 3.802371749) (-0.6784958534 0.9220117993 1.473897411) (-0.3990507504 0.8671166061 2.515800568) (-0.4375915749 2.118228907 1.466159157) (-0.009174218367 -0.1427157353 1.032296112) (-0.1573586059 1.287466033 -1.935242391) (-0.09226178058 -0.1216852922 -0.1907636855) (0.6291536938 0.2327147899 3.498927106) (-0.9517145057 0.6469789973 1.80048891) (-0.7162371076 0.3880223769 2.024514876) (-0.002752921054 -0.01328887987 0.1317722915)
0.0009299431599   (0.6899367483 1.610779191 0.911920323) (0.3178139477 -0.224496074 0.8153678263) (0.6065848276 1.834654423 -2.452577639) (0.1248469104 -0.08584549231 -0.2052116575) (-0.5936899043 0.2150644925 3.611555419) (0.6973913941 0.7945715063 1.733053494) (0.4490686406 0.5073175928 2.230679228) (0.0955051614 1.157578738 1.380209318) (0.07448547378 -0.07368847481 1.040473461) (-0.01468941114 1.591561839 -2.108562616) (-0.1963471998 -0.01770228117 -0.2517369617) (0.049780154 0.1769516746 3.802484665) (-0.6784706254 0.9219560353 1.473539074) (-0.3992472747 0.8667702706 2.51471275) (-0.4378314042 2.117901661 1.463983692) (-0.009320075804 -0.1425909664 1.03213888) (-0.1573702129 1.28677636 -1.934216236) (-0.09229628248 -0.1216806383 -0.1907051419) (0.6291806174 0.2328738303 3.499173078) (-0.9526209283 0.6449715283 1.803835968) (-0.7169071123 0.3882166465 2.024138904) (-0.002752815427 -0.01328778167 0.1317725852)
0.0009471431335   (0.6881584457 1.611657228 0.9119739836) (0.3177200315 -0.2244212939 0.8152833066) (0.6068279962 1.834788224 -2.451598285) (0.1248191366 -0.08583280715 -0.2051651145) (-0.5935891089 0.2152898261 3.611587295) (0.7002614798 0.7918148121 1.735142203) (0.4491880053 0.5072391042 2.230241474) (0.09603230946 1.158352925 1.381220123) (0.07430054299 -0.07376098342 1.040448174) (-0.01499012436 1.592025616 -2.108213382) (-0.1963079417 -0.01763680497 -0.2517160365) (0.04984539384 0.1770679158 3.802599898) (-0.6784461078 0.9219000885 1.473181485) (-0.3994465603 0.8664211737 2.513621027) (-0.4380662482 2.117540843 1.461866536) (-0.009466397346 -0.142465908 1.03198232) (-0.1573941339 1.286095674 -1.933220376) (-0.09233105394 -0.1216765008 -0.1906470395) (0.6292076926 0.2330359616 3.499415985) (-0.9535104736 0.6429327129 1.807173785) (-0.7175726482 0.3884116814 2.023762487) (-0.00275272232 -0.01328669604 0.1317728753)
0.0009643381412   (0.6863896961 1.612543964 0.9120381931) (0.317626631 -0.2243466879 0.8151990931) (0.6070806575 1.834918542 -2.450616486) (0.1247913319 -0.08582044385 -0.2051186043) (-0.5934888704 0.2155169099 3.611619087) (0.7031290549 0.7890308845 1.737274599) (0.4493073105 0.5071604375 2.229802838) (0.09655543007 1.159121736 1.382229819) (0.07411562161 -0.07383412861 1.040423455) (-0.01528421002 1.59248643 -2.107862579) (-0.1962683191 -0.017570709 -0.2516951364) (0.04991650323 0.1771855977 3.802709679) (-0.6784223212 0.9218441103 1.472824742) (-0.3996486401 0.8660693518 2.512525455) (-0.4382961875 2.117145957 1.45980965) (-0.009613204204 -0.1423405454 1.031826394) (-0.1574302152 1.285424201 -1.932253831) (-0.09236622022 -0.1216728805 -0.1905891605) (0.6292349411 0.2332008628 3.499655936) (-0.954377616 0.6408622066 1.810500672) (-0.7182336916 0.3886075252 2.023385587) (-0.002752641172 -0.01328562262 0.1317731615)
0.0009815283419   (0.6846333444 1.613439012 0.9121137098) (0.3175337204 -0.2242722691 0.8151152173) (0.607342716 1.835045384 -2.449631795) (0.1247634842 -0.08580839041 -0.205072137) (-0.5933891726 0.2157453903 3.611650987) (0.7059899711 0.786223693 1.739449841) (0.4494264997 0.507081398 2.229363428) (0.09707474324 1.159885437 1.383237145) (0.07393061243 -0.07390798518 1.040399378) (-0.0155707648 1.592944429 -2.10751123) (-0.1962282429 -0.01750400317 -0.2516741637) (0.04999012454 0.1773014001 3.802823684) (-0.6783992866 0.9217881529 1.472468802) (-0.3998535208 0.8657148398 2.511426011) (-0.4385213822 2.116716429 1.457814896) (-0.009760504545 -0.1422148941 1.031671145) (-0.1574779488 1.284761392 -1.931315547) (-0.09240169526 -0.1216696932 -0.1905314618) (0.6292622631 0.2333682032 3.499892982) (-0.9552253038 0.638761366 1.813815129) (-0.7188901874 0.3888039991 2.023008374) (-0.002752571226 -0.01328456088 0.1317734438)
0.000998713892    (0.6828922432 1.614342113 0.912201349) (0.3174413102 -0.224198023 0.8150316631) (0.6076143086 1.835169278 -2.448643268) (0.1247355997 -0.08579662584 -0.2050256843) (-0.5932899634 0.2159749093 3.611683141) (0.7088404093 0.7833936378 1.741668222) (0.4495456634 0.5070020125 2.228923253) (0.09759028866 1.160644224 1.384241746) (0.0737463861 -0.07398237404 1.040376291) (-0.01584869386 1.593399759 -2.107159933) (-0.1961876752 -0.01743662139 -0.2516532435) (0.05007000498 0.1774197012 3.802931101) (-0.6783769643 0.9217321981 1.472113672) (-0.4000612201 0.8653576884 2.510322691) (-0.4387420925 2.116251782 1.45588404) (-0.009908301726 -0.1420889504 1.031516519) (-0.1575373534 1.28410703 -1.930404308) (-0.09243741615 -0.1216669944 -0.1904740083) (0.6292897085 0.2335376466 3.500127163) (-0.9560515943 0.6366343903 1.817114935) (-0.7195422179 0.3890011768 2.022630795) (-0.002752512033 -0.01328351051 0.1317737226)
0.001015894945    (0.6811691184 1.615253149 0.9123018232) (0.3173493891 -0.2241239863 0.814948509) (0.607895532 1.835290358 -2.447650448) (0.1247076714 -0.08578518886 -0.2049792597) (-0.5931912882 0.2162051568 3.611715801) (0.7116782906 0.7805409733 1.743930086) (0.4496648301 0.506922355 2.228481957) (0.09810199365 1.161398191 1.385243482) (0.07356250734 -0.0740573849 1.040354032) (-0.01611787224 1.593852945 -2.106808849) (-0.196146605 -0.01736861907 -0.251632396) (0.05015217943 0.1775361665 3.803042694) (-0.6783553286 0.9216762301 1.471759305) (-0.4002717843 0.864997781 2.509215569) (-0.4389586881 2.115751743 1.454018682) (-0.01005685853 -0.1419627644 1.031362466) (-0.1576084681 1.283460951 -1.929519015) (-0.09247335998 -0.1216647631 -0.1904167324) (0.6293171945 0.2337088505 3.500358538) (-0.9568514273 0.6344823682 1.820399092) (-0.7201898361 0.3891986785 2.022252731) (-0.002752463255 -0.01328247131 0.131773998)
0.001033071651    (0.679466771 1.616171893 0.9124158885) (0.3172580014 -0.224050113 0.814865655) (0.6081865173 1.835408791 -2.446652724) (0.1246795909 -0.08577413665 -0.2049330602) (-0.5930930671 0.2164357961 3.611749117) (0.7144975878 0.7776719663 1.74623451) (0.449784027 0.506842444 2.228039532) (0.09860964785 1.162147385 1.386242302) (0.07337885494 -0.07413277527 1.04033211) (-0.01637838848 1.594304194 -2.106457651) (-0.1961050244 -0.01730000043 -0.2516115751) (0.05024131982 0.1776537684 3.803147646) (-0.6783343828 0.9216201675 1.471405634) (-0.4004852102 0.8646351579 2.508104596) (-0.4391714654 2.115215888 1.45222039) (-0.01020549187 -0.1418362964 1.031209178) (-0.1576917032 1.282823069 -1.928658424) (-0.09250967049 -0.1216629805 -0.190359753) (0.6293446807 0.2338814946 3.500587175) (-0.9576205256 0.632307 1.823663853) (-0.7208330455 0.3893966096 2.021874436) (-0.002752424357 -0.01328144274 0.1317742701)
0.001050244151    (0.6777877493 1.617098007 0.9125443467) (0.3171671276 -0.2239764465 0.8147831768) (0.608487333 1.835524461 -2.445650076) (0.1246513816 -0.08576339513 -0.2048869963) (-0.592995241 0.216666503 3.611783225) (0.7172958982 0.7747893916 1.748579895) (0.4499031893 0.5067622556 2.227596106) (0.09911321095 1.162891936 1.387238394) (0.07319537208 -0.07420865575 1.040310667) (-0.01663000274 1.594753287 -2.106106219) (-0.196062985 -0.01723073869 -0.2515908161) (0.05033242444 0.1777687139 3.803256047) (-0.6783141281 0.9215640406 1.471052647) (-0.4007014878 0.8642698715 2.506989756) (-0.4393807954 2.114644096 1.450490663) (-0.01035439256 -0.1417095627 1.031056582) (-0.1577872194 1.282193678 -1.927821509) (-0.09254635128 -0.1216616982 -0.1903029862) (0.6293721157 0.2340552532 3.500813141) (-0.9583594611 0.630107389 1.826908725) (-0.7214717602 0.3895951205 2.021495892) (-0.002752395087 -0.01328042467 0.1317745389)
0.001067412582    (0.6761345766 1.618031258 0.9126879552) (0.3170768044 -0.2239029455 0.8147009636) (0.6087981732 1.835637501 -2.444642114) (0.124623047 -0.08575298472 -0.2048410821) (-0.5928978491 0.2168969447 3.611818217) (0.7200699559 0.7719047806 1.750965023) (0.4500222281 0.5066817659 2.227152097) (0.09961262065 1.163631969 1.388231947) (0.07301208898 -0.07428506862 1.040289761) (-0.01687247769 1.595200171 -2.105754616) (-0.1960205105 -0.01716076012 -0.2515701167) (0.05043085437 0.1778848566 3.80335832) (-0.6782945719 0.9215079355 1.470700423) (-0.4009207113 0.8639019308 2.505871091) (-0.4395871245 2.11403638 1.448830799) (-0.01050375709 -0.1415825591 1.030904664) (-0.1578955602 1.281573037 -1.927007532) (-0.09258338929 -0.121660795 -0.1902464459) (0.6293994876 0.2342298516 3.50103663) (-0.959064961 0.6278843002 1.83013383) (-0.7221059837 0.3897941735 2.021117097) (-0.002752375015 -0.01327941664 0.1317748042)
0.001084577073    (0.6745095746 1.618971456 0.9128474656) (0.3169869732 -0.2238296698 0.8146191329) (0.6091191468 1.835747609 -2.443628924) (0.1245946014 -0.08574292489 -0.2047952697) (-0.5928008867 0.217126815 3.61185421) (0.7228173545 0.7690021209 1.753386232) (0.4501409984 0.5066010333 2.226707501) (0.1001078688 1.164367556 1.389223088) (0.07282921859 -0.07436208543 1.040269268) (-0.01710625744 1.595644444 -2.105402416) (-0.1959774542 -0.01709009964 -0.2515494039) (0.0505318445 0.1779977367 3.803464038) (-0.6782757136 0.9214517962 1.470348909) (-0.4011427962 0.863531368 2.504748678) (-0.4397909602 2.11339286 1.44724208) (-0.01065362817 -0.1414553429 1.03075349) (-0.1580171224 1.280961398 -1.926215562) (-0.09262073383 -0.1216603436 -0.1901901755) (0.6294267337 0.2344049548 3.501257736) (-0.9597480089 0.625635391 1.833339693) (-0.7227357864 0.3899938296 2.020737996) (-0.002752363769 -0.01327841878 0.1317750665)
0.001101737746    (0.6729150781 1.619918546 0.9130236976) (0.3168976264 -0.223756623 0.8145375978) (0.6094504064 1.835854726 -2.442610227) (0.1245660296 -0.08573316696 -0.204749406) (-0.5927043595 0.2173558456 3.611891378) (0.7255415434 0.7660754931 1.75584823) (0.4502594412 0.5065200888 2.226262228) (0.1005989065 1.165098703 1.390211931) (0.07264604946 -0.07443969627 1.04024936) (-0.017330879 1.596086114 -2.105049876) (-0.1959339032 -0.01701871706 -0.251528613) (0.05064084032 0.1781115939 3.803564456) (-0.6782575357 0.9213956647 1.469998087) (-0.4013677318 0.8631582166 2.503622577) (-0.4399928308 2.112713613 1.445725709) (-0.01080391566 -0.1413279045 1.030602994) (-0.1581522322 1.280358916 -1.925444798) (-0.09265846752 -0.1216602791 -0.1901340514) (0.6294538174 0.2345802766 3.501476617) (-0.9603981854 0.6233635075 1.836524183) (-0.7233611977 0.3901940163 2.02035866) (-0.002752360972 -0.01327743138 0.1317753264)
0.001118894717    (0.6713531498 1.6208722 0.9132173827) (0.3168087798 -0.2236837789 0.8144564575) (0.6097918635 1.835958213 -2.441586228) (0.1245373232 -0.08572372756 -0.2047035804) (-0.5926082559 0.2175837253 3.61192973) (0.7282368596 0.7631355441 1.758347563) (0.4503776405 0.5064389223 2.225816248) (0.1010856011 1.165825518 1.391198613) (0.0724625827 -0.0745178228 1.040230096) (-0.0175465798 1.596525105 -2.104697006) (-0.1958899112 -0.01694658694 -0.2515076983) (0.05075275977 0.178222122 3.803668525) (-0.6782400122 0.9213395623 1.469647915) (-0.4015955512 0.8627824962 2.502492703) (-0.4401933743 2.111998792 1.444282765) (-0.01095461593 -0.1412002761 1.030453222) (-0.1583016769 1.279765743 -1.924694147) (-0.09269644308 -0.1216606565 -0.1900782676) (0.6294807338 0.2347555157 3.501693288) (-0.9610227153 0.6210744069 1.839681916) (-0.7239821096 0.3903951042 2.019979207) (-0.00275236707 -0.01327645423 0.131775583)
0.001136048091    (0.6698257857 1.621832387 0.9134294459) (0.3167204335 -0.2236111367 0.8143756804) (0.6101438429 1.83605804 -2.440556733) (0.1245085174 -0.08571464399 -0.2046579952) (-0.5925125392 0.2178102447 3.611969473) (0.7308994422 0.7601868922 1.76088379) (0.4504956633 0.5063575561 2.225369532) (0.1015678231 1.166548145 1.392183213) (0.07227914779 -0.07459641774 1.040211441) (-0.01775319885 1.596961189 -2.104343599) (-0.1958453596 -0.0168737626 -0.2514866895) (0.05087260038 0.1783332476 3.803767019) (-0.6782231471 0.9212834801 1.469298374) (-0.4018262896 0.8624042065 2.501359043) (-0.4403931942 2.111248732 1.442914151) (-0.01110576735 -0.1410724608 1.030304168) (-0.1584657249 1.279182456 -1.923962742) (-0.09273459892 -0.1216614116 -0.1900228418) (0.6295074594 0.2349303718 3.501907837) (-0.9616161084 0.6187697931 1.842811266) (-0.7245985783 0.3905970844 2.019599538) (-0.002752382873 -0.01327548686 0.1317758345)
0.001153197968    (0.6683347541 1.622798769 0.9136605099) (0.3166325929 -0.2235387355 0.8142953558) (0.6105063543 1.836153986 -2.43952182) (0.1244795672 -0.08570592848 -0.2046126009) (-0.5924171992 0.2180351969 3.612010747) (0.7335246727 0.7572360324 1.763454104) (0.4506134906 0.5062759021 2.224922125) (0.1020455369 1.167266457 1.3931658) (0.07209557544 -0.07467582878 1.040193221) (-0.01795045644 1.597394378 -2.10398981) (-0.1958003022 -0.01680024393 -0.2514655483) (0.05099526128 0.1784403649 3.803869376) (-0.6782069189 0.9212274072 1.468949462) (-0.4020599257 0.8620233795 2.500221637) (-0.4405927989 2.110464055 1.441620551) (-0.01125733016 -0.1409444214 1.030155748) (-0.1586444028 1.278610114 -1.923250413) (-0.09277329638 -0.1216627219 -0.1899676954) (0.629533935 0.2351045991 3.502120397) (-0.962175572 0.6164515436 1.845910907) (-0.7252106739 0.3907998756 2.019219588) (-0.00275240684 -0.01327452902 0.1317760835)
0.001170344442    (0.6668818048 1.623771181 0.9139112431) (0.316545304 -0.2234665138 0.8142153209) (0.6108797818 1.836245851 -2.438481475) (0.1244505092 -0.08569756801 -0.2045673367) (-0.5923222359 0.2182583403 3.612053646) (0.7361105184 0.7542801494 1.766056416) (0.4507311849 0.5061941869 2.224474079) (0.1025186586 1.167980371 1.39414629) (0.07191213545 -0.0747561352 1.04017556) (-0.01813844574 1.597824735 -2.103635967) (-0.195754808 -0.01672608915 -0.2514442374) (0.05112534035 0.1785477396 3.803966354) (-0.6781913347 0.9211712826 1.468601146) (-0.4022964528 0.8616400066 2.499080528) (-0.440792868 2.109645464 1.44040266) (-0.01140931852 -0.1408161445 1.030007948) (-0.1588380188 1.278048656 -1.922555869) (-0.09281250035 -0.1216645054 -0.1899127848) (0.6295601488 0.2352779331 3.502331092) (-0.9626949666 0.6141181992 1.848980613) (-0.7258183068 0.3910033422 2.018839578) (-0.002752438418 -0.01327358017 0.1317763306)
0.001187487599    (0.6654682612 1.62474945 0.9141823133) (0.3164585337 -0.2233945117 0.8141356509) (0.611264094 1.836333757 -2.437435895) (0.1244213736 -0.0856894595 -0.2045220622) (-0.5922276631 0.2184794186 3.61209819) (0.7386562484 0.7513173275 1.768689407) (0.4508486873 0.5061124069 2.224025255) (0.1029871173 1.168690157 1.395124925) (0.07172882714 -0.07483712966 1.040158389) (-0.01831728832 1.598252052 -2.103282012) (-0.1957087169 -0.01665141225 -0.2514230539) (0.05125762597 0.1786505233 3.80406734) (-0.6781764069 0.9211151485 1.468253432) (-0.4025358625 0.8612541496 2.497935708) (-0.4409941719 2.10879353 1.439261119) (-0.01156178924 -0.1406876443 1.029860798) (-0.1590469709 1.277498121 -1.921878045) (-0.09285228594 -0.1216667486 -0.1898582705) (0.6295860883 0.2354500939 3.50253992) (-0.963176885 0.6117788402 1.852018244) (-0.7264216956 0.3912078668 2.018459354) (-0.002752477207 -0.0132726415 0.1317765761)
0.001204627517    (0.6640953482 1.625733272 0.9144743902) (0.3163722651 -0.2233227574 0.8140564035) (0.6116593894 1.83641781 -2.43638495) (0.1243920775 -0.0856815979 -0.2044767806) (-0.5921334177 0.2186982301 3.612144462) (0.7411562111 0.7483559653 1.77135287) (0.450965943 0.5060305102 2.223575721) (0.103450915 1.169395579 1.396101682) (0.0715456353 -0.07491865462 1.040141705) (-0.01848691376 1.598676344 -2.102928081) (-0.1956619938 -0.01657621334 -0.251401789) (0.0513945882 0.1787521287 3.804164429) (-0.6781621385 0.9210590007 1.467906249) (-0.4027781769 0.860865473 2.496787223) (-0.4411974841 2.107909115 1.438196387) (-0.01171470602 -0.1405589612 1.02971436) (-0.1592712747 1.276958821 -1.921215925) (-0.09289246863 -0.1216693959 -0.1898040046) (0.6296117216 0.2356208562 3.502747064) (-0.9636197714 0.609431606 1.855021751) (-0.7270207766 0.3914131482 2.018079007) (-0.002752522673 -0.01327171191 0.1317768199)
0.001221764263    (0.6627642835 1.626722548 0.9147882675) (0.3162865311 -0.2232511938 0.8139774274) (0.6120661646 1.836496979 -2.435328812) (0.1243625371 -0.08567404047 -0.2044315435) (-0.5920394785 0.2189145474 3.612192523) (0.7436067697 0.7453986586 1.774045713) (0.4510830431 0.5059483658 2.223125504) (0.1039099435 1.170096723 1.397076619) (0.07136257869 -0.07500083094 1.040125664) (-0.01864807789 1.599097846 -2.102574344) (-0.1956146852 -0.01650042666 -0.251380436) (0.05154274854 0.1788518146 3.804262335) (-0.6781484694 0.9210028492 1.467559616) (-0.4030234215 0.8604737901 2.495635096) (-0.4414035321 2.10699312 1.437208876) (-0.01186802434 -0.1404301468 1.029568691) (-0.1595108164 1.276430763 -1.920568578) (-0.09293300927 -0.1216723841 -0.1897498856) (0.6296370193 0.2357899557 3.50295258) (-0.9640209833 0.6070730955 1.857990174) (-0.7276155432 0.3916190954 2.017698657) (-0.002752574532 -0.01327079064 0.1317770626)
0.001238897899    (0.6614759934 1.627717137 0.9151244536) (0.3162013113 -0.2231798661 0.8138988139) (0.612484753 1.836571262 -2.434267781) (0.1243328628 -0.08566685514 -0.2043863062) (-0.5919458312 0.2191281953 3.612242447) (0.7460068868 0.7424457171 1.776767341) (0.4511999633 0.5058659736 2.222674589) (0.1043641018 1.170793579 1.398049778) (0.07117959114 -0.07508354568 1.040110211) (-0.0188000756 1.599516929 -2.10221878) (-0.1955667705 -0.01642383752 -0.251358962) (0.05169963071 0.1789514105 3.804354896) (-0.6781354166 0.9209466921 1.467213504) (-0.4032715492 0.860079063 2.494479307) (-0.44161308 2.106046536 1.436298834) (-0.01202174561 -0.1403012182 1.029423782) (-0.159765838 1.275914069 -1.91993513) (-0.09297389195 -0.1216756455 -0.1896958297) (0.6296619834 0.2359571752 3.503156553) (-0.9643868693 0.6047087762 1.860922245) (-0.7282060062 0.3918257235 2.017318178) (-0.002752631909 -0.01326987665 0.1317773046)
0.001256028481    (0.6602312097 1.628716917 0.9154835656) (0.3161166181 -0.2231087717 0.8138207087) (0.6129153791 1.836639825 -2.433202437) (0.1243030773 -0.08566001853 -0.2043413022) (-0.5918524955 0.2193390942 3.612294474) (0.748353713 0.7395037521 1.779515993) (0.4513167486 0.5057833058 2.22222297) (0.104813506 1.171485888 1.399021235) (0.07099658901 -0.07516687296 1.040095356) (-0.01894299701 1.59993325 -2.101861358) (-0.1955183771 -0.0163465554 -0.2513374217) (0.0518682935 0.1790499407 3.804447668) (-0.6781229196 0.9208905527 1.466867927) (-0.4035225187 0.8596813024 2.493319966) (-0.4418269384 2.105070545 1.435466305) (-0.01217587611 -0.1401721527 1.02927957) (-0.1600366001 1.275409123 -1.919314844) (-0.09301512522 -0.1216791625 -0.1896418802) (0.6296865209 0.2361222953 3.503359056) (-0.9647147814 0.6023362017 1.863817499) (-0.7287922304 0.3920329744 2.01693771) (-0.002752695134 -0.01326897101 0.1317775458)
0.001273156058    (0.6590305391 1.629721709 0.9158660852) (0.3160324637 -0.2230378957 0.8137429875) (0.6133580661 1.836702451 -2.432133141) (0.1242731223 -0.08565360028 -0.2042964864) (-0.5917594716 0.2195471038 3.612348706) (0.7506456999 0.7365710925 1.782289493) (0.4514334186 0.5057004025 2.221770564) (0.1052581355 1.172174018 1.399991288) (0.07081365471 -0.07525073134 1.040081024) (-0.01907728829 1.60034629 -2.101503419) (-0.1954695414 -0.01626864966 -0.2513157645) (0.05204136716 0.1791479006 3.804535162) (-0.6781110334 0.9208343337 1.466522882) (-0.4037763739 0.8592805235 2.492157052) (-0.4420458573 2.104066243 1.434711357) (-0.01233032619 -0.1400429653 1.029136106) (-0.1603232411 1.27491611 -1.918707019) (-0.09305655668 -0.1216829035 -0.1895880705) (0.6297106186 0.2362851304 3.503560242) (-0.9650041689 0.5999569358 1.866674132) (-0.7293742277 0.3922408455 2.016557124) (-0.002752763937 -0.01326807257 0.1317777865)
0.001290280671    (0.6578743205 1.630731367 0.916272537) (0.3159488337 -0.2229672532 0.813665666) (0.6138126056 1.836757925 -2.431060458) (0.1242429801 -0.08564756874 -0.2042518386) (-0.5916668053 0.2197520719 3.612405223) (0.7528822517 0.7336482064 1.785086439) (0.4515500114 0.5056173273 2.221317393) (0.1056977635 1.172857892 1.400960034) (0.07063081154 -0.07533514451 1.040067159) (-0.01920362053 1.600755821 -2.101145634) (-0.1954201898 -0.01619014137 -0.2512939745) (0.05222004415 0.1792428726 3.804624623) (-0.6780997172 0.9207780811 1.46617836) (-0.4040331843 0.8588767729 2.490990479) (-0.442270783 2.103034855 1.434033893) (-0.01248526915 -0.1399136832 1.028993405) (-0.160626108 1.274435262 -1.918111178) (-0.093098334 -0.1216871231 -0.1895346937) (0.629734298 0.2364454794 3.503760166) (-0.965253064 0.5975745716 1.869489376) (-0.7299519419 0.39244939 2.016176564) (-0.002752838072 -0.01326718244 0.1317780266)
0.001307402357    (0.6567626859 1.631745805 0.9167034734) (0.3158657507 -0.2228968336 0.8135886792) (0.6142789231 1.836805828 -2.429984851) (0.1242126739 -0.08564186114 -0.2042072906) (-0.5915743923 0.2199538327 3.612464004) (0.7550611238 0.7307358913 1.787906186) (0.4516665855 0.505534107 2.220863499) (0.1061323989 1.173537448 1.401927643) (0.07044809956 -0.07542013038 1.040053774) (-0.01932218543 1.601161907 -2.10078817) (-0.1953702897 -0.01611100692 -0.2512720778) (0.05240277679 0.1793373217 3.804709449) (-0.6780889536 0.9207218169 1.465834333) (-0.4042928343 0.8584702044 2.489820469) (-0.4425024855 2.101977888 1.433433656) (-0.01264070414 -0.1397842895 1.028851454) (-0.16094487 1.273966574 -1.917526506) (-0.09314048647 -0.1216916149 -0.1894816428) (0.6297575132 0.2366031922 3.503958984) (-0.9654610531 0.5951943533 1.872260781) (-0.7305252089 0.3926586125 2.015796167) (-0.002752918503 -0.01326629988 0.1317782657)
0.001324521145    (0.6556955457 1.632764881 0.9171593781) (0.3157831716 -0.2228266779 0.8135121104) (0.6147571144 1.836845378 -2.428907031) (0.1241821921 -0.08563642177 -0.2041627354) (-0.5914822372 0.2201523142 3.612525191) (0.7571807818 0.7278379583 1.790747613) (0.4517829904 0.5054507397 2.220408889) (0.1065619671 1.174212724 1.402894269) (0.07026553186 -0.0755056932 1.040040853) (-0.01943162133 1.601564839 -2.100431282) (-0.1953198387 -0.01603122846 -0.2512500365) (0.052592325 0.1794289131 3.804796023) (-0.6780787127 0.9206654567 1.465490815) (-0.4045553072 0.8580609778 2.488647058) (-0.4427417612 2.100896873 1.432910405) (-0.01279649815 -0.1396548069 1.028710288) (-0.161279735 1.273510384 -1.916952128) (-0.09318291862 -0.1216963685 -0.1894289278) (0.6297802335 0.2367580586 3.504156695) (-0.9656269301 0.5928153505 1.874987563) (-0.7310948202 0.3928684089 2.015415873) (-0.002753003833 -0.01326542499 0.1317785049)
0.001341637064    (0.6546727616 1.633788522 0.9176406445) (0.3157011493 -0.2227567426 0.8134358558) (0.6152470728 1.836876068 -2.427827373) (0.1241515724 -0.08563131383 -0.2041183436) (-0.5913903607 0.2203474172 3.61258884) (0.7592400482 0.7249570974 1.793607903) (0.4518991889 0.5053672293 2.219953468) (0.1069864627 1.174883771 1.403860063) (0.07008308822 -0.07559186091 1.040028414) (-0.01953155924 1.601964537 -2.10007528) (-0.1952688568 -0.01595098008 -0.2512278239) (0.05278582867 0.1795195375 3.804878711) (-0.6780689671 0.920608996 1.465147765) (-0.4048205697 0.8576491666 2.487470327) (-0.442989405 2.099793399 1.432463729) (-0.01295253177 -0.1395252423 1.028569922) (-0.1616305932 1.273067036 -1.916387513) (-0.09322568017 -0.1217014374 -0.1893763898) (0.6298024307 0.2369099626 3.504353475) (-0.9657543046 0.5904385488 1.87766888) (-0.7316604476 0.3930787888 2.01503567) (-0.002753093206 -0.01326455745 0.1317787451)
0.001358750136    (0.65369385 1.634816653 0.9181476437) (0.3156196752 -0.2226870728 0.8133600103) (0.615748775 1.8368973 -2.426746672) (0.1241208172 -0.08562664793 -0.2040742518) (-0.5912987981 0.2205390727 3.612655013) (0.7612378167 0.7220923009 1.796484926) (0.4520152088 0.5052835848 2.219497138) (0.1074058817 1.175550523 1.404825208) (0.06990079563 -0.07567866055 1.040016522) (-0.01962204929 1.602360919 -2.099720098) (-0.1952172715 -0.01586998862 -0.2512052383) (0.05298604108 0.17960732 3.804962972) (-0.6780596989 0.920552623 1.46480521) (-0.4050886519 0.8572348302 2.486290174) (-0.4432462896 2.098668921 1.432093062) (-0.01310896494 -0.1393955639 1.028430325) (-0.1619974473 1.272636666 -1.91583192) (-0.09326876907 -0.1217067316 -0.1893240441) (0.6298241204 0.2370587759 3.504549432) (-0.9658469947 0.5880639035 1.880306803) (-0.7322219389 0.3932897387 2.014655622) (-0.002753187359 -0.01326369738 0.1317789856)
0.001375860385    (0.6527582425 1.635849078 0.9186807368) (0.3155387328 -0.2226176573 0.8132845332) (0.6162620595 1.836908628 -2.425665648) (0.124089914 -0.08562235073 -0.2040302911) (-0.5912075295 0.2207271773 3.6127237) (0.7631755727 0.7192459718 1.79937762) (0.4521310761 0.5051997883 2.219039985) (0.1078202301 1.176212966 1.405789613) (0.06971865652 -0.0757659957 1.040004996) (-0.01970397198 1.602754087 -2.099365493) (-0.1951651255 -0.01578823547 -0.2511823752) (0.0531902228 0.1796939371 3.805043681) (-0.6780509156 0.9204963323 1.464463094) (-0.4053596607 0.8568179793 2.485106571) (-0.4435131657 2.097525169 1.431797929) (-0.0132658521 -0.1392658106 1.028291533) (-0.1623804356 1.272219403 -1.915284586) (-0.09331209928 -0.1217121584 -0.1892718681) (0.6298452785 0.2372043653 3.504744659) (-0.9659020708 0.5856952924 1.882899204) (-0.7327793271 0.3935011602 2.014275774) (-0.002753285476 -0.01326284465 0.1317792272)
0.001392967828    (0.6518651457 1.636885653 0.9192402861) (0.3154583318 -0.2225484997 0.8132094656) (0.6167869132 1.836909201 -2.424585006) (0.1240587722 -0.08561842048 -0.2039864628) (-0.5911164812 0.2209116874 3.612794985) (0.7650516315 0.7164185571 1.802283334) (0.4522468254 0.5051159682 2.21858195) (0.1082295115 1.176871009 1.406753284) (0.06953665831 -0.07585390414 1.039993892) (-0.01977766196 1.603143931 -2.099011947) (-0.1951124503 -0.01570584182 -0.2511592954) (0.05340046208 0.1797777203 3.805125573) (-0.678042569 0.9204401054 1.464121404) (-0.405633525 0.8563986267 2.483919605) (-0.4437908569 2.096363828 1.431577554) (-0.01342317997 -0.1391360014 1.028153549) (-0.1627795052 1.271815656 -1.914744935) (-0.09335572085 -0.1217177634 -0.1892198463) (0.6298658445 0.2373466142 3.504939236) (-0.9659140763 0.5833298408 1.885443216) (-0.7333325915 0.3937129935 2.013896152) (-0.00275338747 -0.01326199948 0.1317794695)
0.001410072482    (0.6510135978 1.637926335 0.9198265914) (0.3153784718 -0.22247959 0.8131347306) (0.6173230976 1.836899406 -2.423505399) (0.124027496 -0.08561484229 -0.2039427832) (-0.5910256364 0.2210925975 3.612869036) (0.7668651359 0.7136059074 1.805201406) (0.452362445 0.5050321529 2.218123038) (0.1086336954 1.177525122 1.407716161) (0.06935483863 -0.07594239641 1.039983263) (-0.01984314551 1.603530157 -2.098659658) (-0.1950592666 -0.01562284792 -0.2511359422) (0.05361489043 0.1798603982 3.805204656) (-0.6780345691 0.9203838918 1.463780085) (-0.405910195 0.8559768427 2.482729327) (-0.4440802004 2.095186626 1.431431295) (-0.01358099302 -0.1390060897 1.028016334) (-0.1631945638 1.27142502 -1.914212423) (-0.09339956368 -0.1217234805 -0.1891680545) (0.6298858113 0.2374854262 3.505133245) (-0.9658971186 0.5809787758 1.88794054) (-0.7338818223 0.3939255202 2.013516909) (-0.002753492655 -0.01326116145 0.1317797129)
0.001427174363    (0.6502024123 1.638971007 0.9204399018) (0.3152991268 -0.2224109801 0.8130604189) (0.617870499 1.836878775 -2.422427603) (0.1239961124 -0.08561160622 -0.2038992348) (-0.5909350891 0.2212698525 3.612945819) (0.7686126492 0.7108155289 1.808133081) (0.4524779854 0.5049483098 2.217663416) (0.109032849 1.178174868 1.408678915) (0.06917321396 -0.07603150645 1.039973115) (-0.01990095385 1.60391208 -2.098308354) (-0.1950055359 -0.01553922278 -0.2511122269) (0.05383451143 0.1799403918 3.805284731) (-0.6780269675 0.9203276867 1.463439148) (-0.4061896715 0.8555526842 2.481535761) (-0.4443819001 2.093995336 1.431358255) (-0.01373931705 -0.1388760664 1.027879874) (-0.1636255523 1.271048719 -1.913686077) (-0.09344363981 -0.1217293871 -0.1891164722) (0.6299051773 0.2376206523 3.505326646) (-0.9658489496 0.5786371488 1.890390487) (-0.7344269113 0.3941387183 2.013138295) (-0.002753603265 -0.01326032958 0.131779957)
0.001444273483    (0.6494304649 1.640019559 0.9210804656) (0.3152203165 -0.2223426408 0.8129864446) (0.6184288679 1.836847046 -2.421352229) (0.1239645166 -0.08560868205 -0.2038557959) (-0.5908448137 0.2214434294 3.613025418) (0.7702939169 0.7080481045 1.811074366) (0.4525932951 0.5048644399 2.217202875) (0.1094265575 1.178820518 1.409641445) (0.06899184789 -0.07612127222 1.039963451) (-0.01995176488 1.604289602 -2.097957805) (-0.1949513548 -0.01545494305 -0.2510881218) (0.05405839146 0.1800195099 3.805362186) (-0.6780198029 0.9202714624 1.463098565) (-0.4064718771 0.8551261886 2.48033886) (-0.4446967745 2.092791682 1.431357465) (-0.01389811338 -0.1387459195 1.027744127) (-0.1640723857 1.270686783 -1.913165829) (-0.09348800863 -0.121735638 -0.1890651008) (0.6299239126 0.2377522443 3.505519615) (-0.9657693473 0.5763041226 1.892790171) (-0.7349679668 0.3943522491 2.012760301) (-0.002753718795 -0.01325950353 0.1317802023)
0.001461369858    (0.6486962489 1.641071947 0.9217484598) (0.315141998 -0.2222746093 0.8129128974) (0.6189980742 1.836803657 -2.420279927) (0.1239327203 -0.08560609268 -0.2038124892) (-0.5907547989 0.2216132637 3.613107752) (0.7719080122 0.7053023467 1.814023392) (0.4527085562 0.504780572 2.216741676) (0.1098152131 1.179462084 1.410603769) (0.068810397 -0.07621178223 1.039954231) (-0.01999594213 1.604663028 -2.097608232) (-0.194896825 -0.01537020236 -0.2510639037) (0.05428651481 0.1800960551 3.805440804) (-0.6780131012 0.9202152336 1.462758323) (-0.4067567709 0.8546974499 2.479138579) (-0.4450256318 2.091577655 1.431427922) (-0.01405731647 -0.1386158118 1.027609273) (-0.1645350867 1.270339533 -1.912650953) (-0.09353259994 -0.12174227 -0.1890139136) (0.629942017 0.2378801382 3.50571218) (-0.9656582824 0.5739814449 1.895140452) (-0.7355049966 0.3945663496 2.012382897) (-0.002753837937 -0.01325868427 0.1317804485)
0.001478463499    (0.647998137 1.642128039 0.9224439619) (0.3150641929 -0.2222068703 0.8128397309) (0.6195778276 1.836747884 -2.419211133) (0.1239007187 -0.0856038651 -0.2037693453) (-0.5906650338 0.2217793659 3.613192884) (0.7734505929 0.7025814581 1.816978816) (0.4528240534 0.5046970122 2.216279785) (0.110198891 1.180099604 1.411565919) (0.06862895431 -0.07630297699 1.039945426) (-0.0200335324 1.605031881 -2.097259346) (-0.1948418423 -0.01528497618 -0.2510394946) (0.05451884902 0.1801717743 3.805516955) (-0.67800682 0.9201590481 1.462418459) (-0.4070443437 0.8542665237 2.477934944) (-0.445369242 2.090355281 1.431568636) (-0.0142169038 -0.1384858433 1.027475412) (-0.1650139827 1.270007426 -1.912140722) (-0.09357753728 -0.1217492147 -0.1889630731) (0.6299594946 0.2380043135 3.505904507) (-0.9655173067 0.571670367 1.897439159) (-0.7360379714 0.3947809425 2.012006126) (-0.002753959936 -0.01325787174 0.131780696)
0.001495554417    (0.6473343919 1.643187926 0.9231670428) (0.3149869002 -0.22213944 0.8127669727) (0.620167926 1.836679579 -2.41814628) (0.1238685996 -0.08560199154 -0.2037262472) (-0.590575522 0.2219417475 3.6132808) (0.7749415536 0.699882576 1.819937845) (0.452939763 0.5046135149 2.215817134) (0.1105775319 1.180733212 1.412527869) (0.06844729915 -0.07639430953 1.039937052) (-0.02006497121 1.6053965 -2.096911206) (-0.1947863073 -0.01519928118 -0.2510147565) (0.05475500151 0.1802450774 3.805593871) (-0.6780009189 0.9201028977 1.462078929) (-0.4073345753 0.8538334745 2.476727952) (-0.4457281826 2.089125998 1.431778578) (-0.01437690646 -0.1383559484 1.027342493) (-0.1655087766 1.269690199 -1.911634148) (-0.0936228155 -0.1217558344 -0.1889123163) (0.6299762892 0.238124704 3.506096602) (-0.965348248 0.5693730374 1.89968392) (-0.7365669969 0.3949960461 2.011630095) (-0.002754084805 -0.01325706562 0.1317809446)
0.001512642622    (0.6467032237 1.644251452 0.9239178621) (0.3149101176 -0.222072304 0.8126945108) (0.6207680697 1.836598487 -2.417085904) (0.1238362989 -0.08560049581 -0.2036833318) (-0.5904862429 0.2221004171 3.613371525) (0.7763720443 0.6972091554 1.822899138) (0.453055607 0.5045299907 2.215353725) (0.1109511328 1.181363011 1.413489733) (0.06826567774 -0.07648579316 1.039929057) (-0.02009025277 1.605756982 -2.096563914) (-0.1947301923 -0.01511314803 -0.2509897164) (0.05499531719 0.1803176221 3.805668626) (-0.6779953695 0.9200467766 1.461739738) (-0.4076273962 0.8533983455 2.475517663) (-0.4461030411 2.087891684 1.432056474) (-0.01453734568 -0.138226096 1.027210474) (-0.1660196316 1.269388761 -1.911131114) (-0.0936685057 -0.1217624527 -0.1888618865) (0.6299924096 0.2382412942 3.506288596) (-0.9651533508 0.5670885528 1.901872024) (-0.7370920527 0.395211363 2.011254707) (-0.002754212793 -0.01325626593 0.1317811949)
0.001529728118    (0.6461025631 1.645318393 0.9246964232) (0.3148338532 -0.2220054772 0.8126226224) (0.6213780576 1.836504232 -2.416030732) (0.1238038124 -0.0855994005 -0.2036405608) (-0.5903973208 0.2222553971 3.613465042) (0.7777398562 0.6945648221 1.825859067) (0.4531715112 0.504446557 2.214889552) (0.1113196839 1.181989228 1.414451609) (0.06808414867 -0.07657768705 1.039921618) (-0.02010999752 1.606113344 -2.096217508) (-0.1946735928 -0.01502649572 -0.2509642126) (0.05523902277 0.1803880585 3.805743967) (-0.6779902264 0.9199906666 1.461400865) (-0.407922872 0.85296118 2.474304122) (-0.446494384 2.086654106 1.43240096) (-0.0146981962 -0.1380962699 1.027079322) (-0.1665460549 1.269103145 -1.910631109) (-0.09371454911 -0.1217692218 -0.1888117552) (0.6300078431 0.2383540559 3.506480518) (-0.9649329542 0.5648185681 1.904006573) (-0.7376130797 0.395427335 2.010880186) (-0.002754343982 -0.01325547219 0.1317814463)
0.001546810911    (0.6455304562 1.646388691 0.9255027692) (0.3147581089 -0.221938927 0.8125511215) (0.6219975442 1.836396784 -2.414981335) (0.1237711991 -0.0855987039 -0.2035978988) (-0.5903086844 0.2224067332 3.613561429) (0.7790451336 0.6919513493 1.828815029) (0.4532872531 0.5043631634 2.214424265) (0.1116831365 1.182611883 1.415413462) (0.06790274035 -0.07667015539 1.03991463) (-0.0201233546 1.606465265 -2.095872003) (-0.1946164586 -0.01493944831 -0.2509385466) (0.05548655247 0.1804577925 3.805817499) (-0.6779854639 0.9199345577 1.461062312) (-0.4082210076 0.8525220102 2.473087381) (-0.4469027448 2.085414987 1.432810706) (-0.01485951906 -0.1379665209 1.026949089) (-0.1670878662 1.268833376 -1.910133517) (-0.0937608047 -0.1217761601 -0.1887619476) (0.6300225604 0.2384629438 3.506672379) (-0.9646968952 0.5625620974 1.906086356) (-0.7381302854 0.3956437335 2.010506522) (-0.002754477868 -0.01325468439 0.1317816991)
0.001563891002    (0.6449847015 1.647462279 0.9263369257) (0.31468287 -0.2218727114 0.8124800938) (0.6226262431 1.836275181 -2.413938031) (0.1237384528 -0.08559844965 -0.2035553973) (-0.5902203773 0.2225544916 3.613660753) (0.7802896497 0.6893686297 1.831766574) (0.4534028454 0.50427976 2.213958028) (0.1120415548 1.183231006 1.416375332) (0.067721462 -0.07676328811 1.0399081) (-0.02013057575 1.606812991 -2.095527505) (-0.194558799 -0.01485190559 -0.2509125382) (0.05573674082 0.1805257378 3.805891762) (-0.6779810912 0.9198784692 1.460724071) (-0.4085218455 0.852080927 2.471867496) (-0.447328698 2.084176339 1.433284413) (-0.01502126491 -0.1378368742 1.026819792) (-0.1676448294 1.268579894 -1.909638266) (-0.09380719141 -0.1217832877 -0.1887125214) (0.6300365878 0.238567967 3.506864223) (-0.9644416334 0.5603144564 1.908112831) (-0.7386434069 0.3958605974 2.010133897) (-0.002754614336 -0.01325390329 0.131781953)
0.001580968395    (0.6444631182 1.648539046 0.9271988409) (0.3146081801 -0.2218068167 0.8124094893) (0.6232636556 1.836137913 -2.412901057) (0.1237055345 -0.08559869487 -0.2035131923) (-0.5901324163 0.2226986767 3.613762955) (0.781474043 0.6868119504 1.834717146) (0.4535181881 0.5041963612 2.213490796) (0.1123949869 1.183846672 1.417337294) (0.06754042148 -0.07685705783 1.039901801) (-0.02013196017 1.607156643 -2.095184044) (-0.194500637 -0.01476388412 -0.2508860894) (0.05599002512 0.1805931076 3.805964998) (-0.6779770752 0.9198223774 1.460386126) (-0.4088253657 0.8516379492 2.4706445) (-0.44777256 2.082940012 1.433820782) (-0.01518330663 -0.1377072925 1.026691388) (-0.1682164715 1.268343225 -1.909145342) (-0.09385390112 -0.1217905617 -0.1886632562) (0.6300499165 0.238669152 3.507056155) (-0.9641687878 0.558077745 1.910085547) (-0.7391526831 0.396077745 2.009762651) (-0.002754753074 -0.0132531285 0.1317822084)
0.00159804309     (0.6439634401 1.64961894 0.9280884884) (0.3145340371 -0.2217412703 0.8123393715) (0.6239096033 1.835984495 -2.411870506) (0.1236724462 -0.08559939674 -0.2034712991) (-0.5900448156 0.2228393457 3.613868053) (0.7825983789 0.6842859293 1.837661061) (0.4536335341 0.5041129343 2.213022639) (0.1127433955 1.184458951 1.418299388) (0.06735908051 -0.07695066888 1.039896325) (-0.02012756106 1.607496026 -2.094841655) (-0.1944418777 -0.01467533397 -0.2508591463) (0.05624589194 0.1806588981 3.806038448) (-0.6779734041 0.9197662799 1.46004844) (-0.4091315012 0.8511931017 2.46941845) (-0.4482348413 2.081707499 1.434418288) (-0.01534569617 -0.1375778516 1.02656399) (-0.1688026589 1.268123565 -1.908654304) (-0.0939008401 -0.1217979177 -0.1886142225) (0.6300625686 0.238766504 3.507248207) (-0.9638778514 0.5558552067 1.912005451) (-0.7396580745 0.3962949812 2.009392678) (-0.002754894342 -0.01325236016 0.1317824647)
0.001615115099    (0.6434833427 1.650701913 0.9290057914) (0.3144604485 -0.2216760362 0.8122696396) (0.6245636936 1.835815116 -2.410846499) (0.1236391825 -0.08560051404 -0.2034296189) (-0.5899575674 0.2229765636 3.613976082) (0.7836661871 0.6817935706 1.840593621) (0.4537488988 0.504029414 2.212553731) (0.1130868533 1.185067777 1.419261593) (0.06717747682 -0.07704436259 1.039891376) (-0.02011730426 1.607830869 -2.094500295) (-0.194382405 -0.01458619793 -0.2508315357) (0.05650473025 0.1807240394 3.806110571) (-0.6779700959 0.919710141 1.459711007) (-0.4094403053 0.850746388 2.468189408) (-0.4487158554 2.0804805 1.43507535) (-0.01550848416 -0.1374485388 1.026437572) (-0.1694033015 1.267921234 -1.908164406) (-0.09394800704 -0.1218053217 -0.1885653485) (0.630074536 0.2388600647 3.507440443) (-0.963571104 0.5536471469 1.913872083) (-0.7401596125 0.3965124024 2.009023736) (-0.002755038045 -0.01325159726 0.1317827223)
0.001632157489    (0.6430210914 1.651786019 0.9299490968) (0.3143874859 -0.2216112448 0.8122005042) (0.6252245548 1.835630093 -2.409830944) (0.1236058576 -0.08560200145 -0.203388168) (-0.5898708204 0.2231103016 3.61408654) (0.784674632 0.6793331877 1.843511804) (0.4538639836 0.5039459793 2.212084748) (0.1134248799 1.185672828 1.420222459) (0.06699610075 -0.07713868186 1.039886925) (-0.02010138205 1.608160797 -2.094160493) (-0.1943225934 -0.01449682632 -0.2508036795) (0.05676490731 0.1807901336 3.806183303) (-0.6779671043 0.9196540807 1.459374363) (-0.4097512499 0.850298528 2.466959361) (-0.4492150843 2.079262682 1.435789254) (-0.01567144338 -0.137319415 1.026312334) (-0.1700171177 1.267736608 -1.907675549) (-0.09399529602 -0.1218127826 -0.1885166965) (0.6300857738 0.2389493405 3.507632345) (-0.96327105 0.5514608567 1.915679703) (-0.7406565091 0.3967298018 2.008656589) (-0.002755183733 -0.01325083989 0.1317829806)
0.001649167269    (0.6425743663 1.652870919 0.9309179195) (0.3143151845 -0.2215468388 0.8121318832) (0.6258916536 1.835429664 -2.408824434) (0.123572498 -0.08560388803 -0.2033470026) (-0.5897845823 0.2232392759 3.614198451) (0.7856298839 0.6769101886 1.846411363) (0.4539786812 0.5038625784 2.21161575) (0.1137575169 1.186274242 1.421181674) (0.06681505722 -0.07723386111 1.039882932) (-0.02007996011 1.608485914 -2.093822321) (-0.1942624149 -0.01440722915 -0.2507754404) (0.05702652495 0.1808590422 3.806256272) (-0.6779644199 0.9195981209 1.459038562) (-0.4100641832 0.8498497179 2.465728636) (-0.4497326287 2.078055708 1.436558185) (-0.01583455464 -0.1371903625 1.026188218) (-0.1706444722 1.267569992 -1.907186892) (-0.09404245391 -0.1218203228 -0.1884685869) (0.6300962723 0.2390330599 3.507823184) (-0.9629718367 0.5492965399 1.917433024) (-0.7411487322 0.3969473181 2.008291076) (-0.002755331305 -0.01325008782 0.1317832399)
0.001666153311    (0.6421404722 1.653957062 0.9319125017) (0.3142434843 -0.2214828297 0.8120638132) (0.6265649255 1.835213615 -2.40782676) (0.1235389366 -0.08560622306 -0.2033059516) (-0.5896987222 0.2233625874 3.614311289) (0.786529737 0.6745227202 1.849292041) (0.4540933154 0.5037792231 2.211146698) (0.1140849742 1.186872415 1.422139855) (0.06663433027 -0.07732985395 1.039879319) (-0.02005282805 1.608806328 -2.093485677) (-0.1942018715 -0.01431746371 -0.2507469059) (0.05728882561 0.180929152 3.806330025) (-0.6779620401 0.9195422149 1.458703369) (-0.410379207 0.8493996837 2.464496661) (-0.4502688246 2.076860622 1.437380553) (-0.01599789967 -0.1370613749 1.026065138) (-0.1712853779 1.267421791 -1.90669784) (-0.09408974044 -0.1218279544 -0.1884207917) (0.6301059662 0.2391106476 3.5080125) (-0.9626723895 0.5471592782 1.919133546) (-0.7416366962 0.397164787 2.007927089) (-0.002755481015 -0.01324934083 0.1317835002)
0.001683123428    (0.641716836 1.65504485 0.9329331381) (0.3141724015 -0.2214191662 0.8119961954) (0.6272441653 1.834981814 -2.406838031) (0.1235052043 -0.08560905658 -0.203265121) (-0.5896132947 0.2234808744 3.614425284) (0.7873794588 0.6721687649 1.852153104) (0.4542078339 0.503695919 2.210677294) (0.1144075115 1.187467634 1.423097414) (0.06645387335 -0.07742653978 1.039876107) (-0.02001986249 1.609122626 -2.093150824) (-0.1941408588 -0.01422740793 -0.2507180337) (0.05755243698 0.1809996597 3.806403407) (-0.6779599614 0.9194863182 1.45836861) (-0.4106964939 0.8489482216 2.463262871) (-0.4508239777 2.075678456 1.438255071) (-0.01616149148 -0.1369324873 1.025943048) (-0.171939715 1.267292392 -1.906208084) (-0.0941371685 -0.1218356902 -0.1883732732) (0.6301148836 0.2391830263 3.508200584) (-0.9623687483 0.545044773 1.920781439) (-0.742120537 0.3973821744 2.00756473) (-0.002755632694 -0.01324859853 0.1317837622)
0.001700066811    (0.6413013226 1.656133531 0.933978907) (0.314101903 -0.2213559273 0.8119292797) (0.6279285489 1.834734393 -2.405859253) (0.1234713955 -0.08561231499 -0.2032245345) (-0.5895283847 0.2235957042 3.614540933) (0.7881817934 0.6698528871 1.854988874) (0.4543222437 0.503612617 2.210207953) (0.1147251112 1.188059524 1.424053649) (0.06627380229 -0.07752376181 1.039873316) (-0.01998097209 1.609434513 -2.092817815) (-0.19407955 -0.0141373211 -0.2506889102) (0.05781676999 0.1810706704 3.806477049) (-0.6779581791 0.9194304372 1.458034492) (-0.4110157016 0.8484954769 2.462028216) (-0.4513976398 2.074511341 1.439179284) (-0.01632526832 -0.1368037965 1.02582206) (-0.1726065259 1.267181577 -1.905717859) (-0.0941846507 -0.1218435237 -0.1883261114) (0.6301230468 0.239251593 3.508387947) (-0.9620659112 0.5429530733 1.922375296) (-0.7425999447 0.3975993069 2.007204207) (-0.00275578582 -0.01324786092 0.1317840247)
0.001716975762    (0.6408917562 1.657222411 0.9350490201) (0.31403201 -0.2212930972 0.8118630563) (0.6286172135 1.834471474 -2.404891155) (0.1234375358 -0.08561591745 -0.2031841083) (-0.5894440727 0.2237077153 3.614658316) (0.7889384441 0.6675735974 1.857797046) (0.4544364234 0.5035293476 2.209738704) (0.1150377236 1.188647901 1.42500802) (0.0660941775 -0.07762147772 1.039871005) (-0.01993626319 1.609741717 -2.092486898) (-0.194017878 -0.01404707445 -0.2506593874) (0.05808146387 0.1811432881 3.806550901) (-0.6779566976 0.9193746015 1.45770115) (-0.4113366422 0.8480417174 2.46079322) (-0.4519894608 2.073360948 1.440150744) (-0.01648905622 -0.1366752971 1.025702424) (-0.173285085 1.267089777 -1.905226836) (-0.09423210175 -0.1218513431 -0.1882793039) (0.6301304619 0.2393167508 3.508574688) (-0.9617708748 0.540885381 1.923918359) (-0.7430748088 0.3978160766 2.006845558) (-0.002755940479 -0.01324712797 0.1317842883)
0.001733857684    (0.6404856196 1.658311834 0.9361436203) (0.3139626843 -0.2212306619 0.8117974191) (0.6293100255 1.83419286 -2.403933683) (0.1234035181 -0.08561985815 -0.2031437897) (-0.5893603307 0.2238165596 3.614777299) (0.7896520782 0.6653304408 1.860579138) (0.4545505814 0.5034460193 2.209269374) (0.1153455849 1.189233091 1.425960892) (0.06591493757 -0.07771970412 1.03986916) (-0.01988554061 1.610044276 -2.092158108) (-0.1939558964 -0.01395639598 -0.250629489) (0.05834647953 0.1812168299 3.806625104) (-0.6779554928 0.9193187744 1.457368412) (-0.4116594153 0.8475867964 2.459557328) (-0.4525994709 2.072228071 1.441168075) (-0.01665284627 -0.1365469074 1.025584093) (-0.1739752453 1.26701726 -1.904734246) (-0.09427965198 -0.1218590429 -0.18823267) (0.6301371457 0.2393781893 3.508760608) (-0.9614840957 0.5388438503 1.925407961) (-0.7435453533 0.3980325444 2.0064886) (-0.002756096879 -0.01324639979 0.131784553)
0.001750719722    (0.6400805637 1.659402103 0.9372629092) (0.3138939222 -0.2211685799 0.8117322311) (0.6300068596 1.833897189 -2.402986603) (0.1233693196 -0.08562415986 -0.2031037091) (-0.5892771465 0.2239222714 3.614898017) (0.7903245726 0.6631226111 1.863333488) (0.4546647108 0.5033625143 2.208799817) (0.115648895 1.189815429 1.426912668) (0.06573593861 -0.07781844881 1.039867741) (-0.01982896807 1.610342564 -2.09183148) (-0.1938934933 -0.01386568435 -0.2505988933) (0.05861208155 0.1812904794 3.806699061) (-0.6779545475 0.9192629201 1.457036105) (-0.4119841952 0.8471305511 2.458320145) (-0.4532277476 2.071113342 1.442229894) (-0.01681678613 -0.1364186973 1.025466942) (-0.1746772368 1.266964269 -1.904239703) (-0.09432738189 -0.1218667542 -0.1881862323) (0.6301430843 0.2394361071 3.508945756) (-0.9612020367 0.5368255744 1.926845273) (-0.7440117776 0.3982487667 2.006133462) (-0.002756254893 -0.0132456759 0.1317848195)
0.001767541049    (0.6396749907 1.660491853 0.9384052316) (0.3138257876 -0.2211069607 0.8116676889) (0.6307065187 1.833584168 -2.402051561) (0.1233351313 -0.08562893916 -0.2030639999) (-0.5891946527 0.224025492 3.6150204) (0.7909581472 0.6609608965 1.866049133) (0.4547785568 0.5032789188 2.208330572) (0.1159474466 1.190394371 1.427862147) (0.06555738424 -0.07791761641 1.039866744) (-0.01976755608 1.610635961 -2.091507813) (-0.1938307276 -0.01377509296 -0.2505678983) (0.05887723273 0.1813654919 3.80677324) (-0.6779538457 0.919207099 1.456704644) (-0.4123105715 0.8466735566 2.457083271) (-0.4538732903 2.070018988 1.443332971) (-0.01698070325 -0.1362907086 1.025351019) (-0.175389844 1.26693103 -1.903743474) (-0.09437516849 -0.121874546 -0.1881401432) (0.6301483086 0.2394909044 3.509130192) (-0.9609288471 0.5348292632 1.928228165) (-0.7444735612 0.3984642843 2.005780741) (-0.002756414442 -0.0132449571 0.1317850867)
0.001784321873    (0.6392667756 1.661580801 0.9395700274) (0.3137583251 -0.2210457499 0.8116037254) (0.6314086036 1.833253832 -2.401128961) (0.1233009071 -0.08563419779 -0.2030247401) (-0.5891128267 0.2241257444 3.615144049) (0.7915581151 0.6588414085 1.868726599) (0.4548922332 0.5031952903 2.207861819) (0.1162411595 1.190970034 1.428809186) (0.06537935784 -0.0780172272 1.039866169) (-0.01970039133 1.610925168 -2.091185939) (-0.1937676568 -0.01368446718 -0.2505365871) (0.05914167514 0.1814425118 3.806847916) (-0.6779534018 0.9191513301 1.456373997) (-0.4126385029 0.8462158135 2.455846758) (-0.4545357668 2.068946065 1.444475446) (-0.01714435735 -0.1361626846 1.025236548) (-0.1761127584 1.26691736 -1.903245768) (-0.09442305795 -0.121882333 -0.1880944762) (0.6301528091 0.239542034 3.509313539) (-0.9606668178 0.5328568838 1.929556248) (-0.7449306558 0.3986792658 2.005430462) (-0.002756575409 -0.01324424279 0.131785355)
0.001801069508    (0.6388537593 1.662669308 0.9407574678) (0.3136914753 -0.2209849639 0.811540385) (0.6321130598 1.83290621 -2.400218746) (0.123266593 -0.08563983276 -0.2029857744) (-0.589031617 0.2242224754 3.61526864) (0.7921259919 0.6567579147 1.871366455) (0.4550057253 0.5031114492 2.207393258) (0.1165304647 1.191542868 1.429754389) (0.06520178268 -0.07811734041 1.039866043) (-0.01962716519 1.611210265 -2.090866261) (-0.1937042936 -0.01359372262 -0.2505048862) (0.05940555161 0.1815208224 3.806922898) (-0.6779531894 0.9190956091 1.456043966) (-0.4129681031 0.8457571542 2.454610109) (-0.4552150668 2.067895076 1.445656162) (-0.01730804649 -0.1360348947 1.025123345) (-0.1768457482 1.266923879 -1.902745484) (-0.09447108441 -0.1218900069 -0.1880490977) (0.6301565486 0.2395891806 3.509495577) (-0.9604163993 0.5309063661 1.930831528) (-0.7453832616 0.3988937317 2.005082426) (-0.00275673769 -0.01324353288 0.1317856243)
0.001817791305    (0.6384339219 1.663757662 0.9419678228) (0.3136252098 -0.2209245847 0.8114776185) (0.6328196755 1.832541405 -2.399320744) (0.1232321838 -0.08564586714 -0.2029471172) (-0.5889510018 0.2243161007 3.615394441) (0.7926659694 0.6547118989 1.873967607) (0.4551192412 0.5030272141 2.206924907) (0.1168154805 1.192113232 1.430697932) (0.06502461689 -0.07821796796 1.039866353) (-0.01954807747 1.611491114 -2.090549047) (-0.1936406632 -0.01350285516 -0.250472838) (0.05966924923 0.181599359 3.806997578) (-0.6779531816 0.9190399067 1.455714388) (-0.4132995325 0.8452974393 2.453372807) (-0.4559111373 2.066866315 1.446873686) (-0.01747189655 -0.1359074429 1.025011283) (-0.1775888108 1.266950885 -1.902242793) (-0.09451917262 -0.1218977348 -0.1880040558) (0.6301595348 0.2396329684 3.509676628) (-0.9601819164 0.528982244 1.932055164) (-0.7458316926 0.3991077454 2.004736345) (-0.00275690132 -0.01324282711 0.1317858949)
0.00183447163     (0.6380058882 1.664844706 0.9431995889) (0.313559564 -0.2208646746 0.8114155255) (0.6335274484 1.832160195 -2.39843622) (0.1231977577 -0.08565234338 -0.2029087518) (-0.5888710459 0.2244076927 3.615521752) (0.7931810617 0.6527139831 1.876526469) (0.4552327506 0.5029425209 2.206457258) (0.1170960953 1.192680651 1.431638798) (0.06484790885 -0.07831887328 1.03986722) (-0.0194631747 1.611767672 -2.090234605) (-0.1935768423 -0.01341209634 -0.250440267) (0.0599322208 0.1816790068 3.807072128) (-0.6779533865 0.9189842715 1.455385578) (-0.4136321631 0.8448371098 2.452136187) (-0.4566226738 2.065861584 1.448125173) (-0.01763573266 -0.1357804436 1.024900515) (-0.1783408905 1.266998629 -1.901737991) (-0.09456727808 -0.1219054833 -0.1879593948) (0.6301618138 0.239674147 3.509856858) (-0.9599667216 0.5270826918 1.933227241) (-0.7462754851 0.3993211321 2.004392575) (-0.002757065932 -0.01324212592 0.1317861665)
0.001851113101    (0.6375679518 1.665930472 0.944452497) (0.3134945356 -0.220805182 0.8113540163) (0.6342359789 1.831762369 -2.397565555) (0.1231633043 -0.08565928913 -0.2028706227) (-0.5887917226 0.2244971573 3.615650429) (0.7936732831 0.6507601585 1.879039371) (0.4553461379 0.5028572051 2.205990018) (0.11737251 1.19324555 1.432577154) (0.06467137059 -0.07842052522 1.039868527) (-0.01937265229 1.612040198 -2.089922153) (-0.1935127875 -0.01332146095 -0.2504071412) (0.06019415356 0.1817600325 3.80714678) (-0.6779538065 0.9189286832 1.455057483) (-0.4139660576 0.8443761871 2.450900192) (-0.4573492186 2.064881511 1.44940916) (-0.01779954542 -0.1356539396 1.024791123) (-0.1791017129 1.26706731 -1.901230809) (-0.09461542666 -0.1219132241 -0.1879150898) (0.6301633695 0.2397126322 3.510036294) (-0.9597746522 0.5252039579 1.934351783) (-0.7467146111 0.3995337879 2.00405105) (-0.002757231361 -0.01324142855 0.1317864391)
0.001867722048    (0.6371184471 1.667015231 0.9457266037) (0.3134300882 -0.2207460967 0.8112930877) (0.6349452137 1.83134776 -2.396709202) (0.1231287637 -0.08566673133 -0.2028327253) (-0.5887130259 0.224584203 3.615780294) (0.7941517946 0.6488493005 1.881503026) (0.4554594052 0.5027712916 2.205523207) (0.1176449218 1.193808202 1.43351342) (0.06449521182 -0.07852242101 1.03987025) (-0.01927706726 1.61230893 -2.089611321) (-0.1934485046 -0.01323088731 -0.2503734572) (0.0604551319 0.1818418181 3.807221263) (-0.677954448 0.9188731104 1.454729927) (-0.4143013493 0.8439145879 2.449664039) (-0.4580905226 2.063925981 1.450724352) (-0.01796329694 -0.1355280373 1.024683115) (-0.1798711536 1.267157118 -1.900720988) (-0.09466360777 -0.1219209569 -0.1878711162) (0.6301642066 0.239748287 3.510214789) (-0.9596035923 0.5233475401 1.935431829) (-0.747149545 0.3997462112 2.003712059) (-0.002757397974 -0.01324073508 0.1317867128)
0.001884304469    (0.6366557725 1.668099184 0.9470220393) (0.3133661835 -0.2206874245 0.8112327168) (0.6356549997 1.830916237 -2.39586718) (0.1230941024 -0.08567460648 -0.2027950599) (-0.5886349313 0.2246691554 3.615911618) (0.7946128967 0.6469958194 1.883914292) (0.4555725636 0.5026843939 2.20505672) (0.1179134083 1.194368876 1.434447704) (0.06431951029 -0.078623649 1.039872334) (-0.01917626955 1.612573855 -2.089302946) (-0.1933838013 -0.01314032892 -0.2503392247) (0.06071536124 0.1819236234 3.807295264) (-0.6779552665 0.9188175211 1.454402765) (-0.4146381364 0.8434521892 2.448427551) (-0.4588463965 2.062994922 1.452069331) (-0.01812747026 -0.135402012 1.024575976) (-0.1806490795 1.26726831 -1.900208665) (-0.09471183264 -0.1219286773 -0.1878274381) (0.6301643459 0.239781539 3.510392611) (-0.9594555511 0.5215146627 1.936466495) (-0.7475803003 0.3999582001 2.003375449) (-0.002757565892 -0.01324004533 0.1317869881)
0.001900866271    (0.6361784044 1.66918254 0.9483389069) (0.3133027544 -0.2206291558 0.8111729175) (0.6363650727 1.830467547 -2.39503965) (0.1230594354 -0.08568289039 -0.2027575291) (-0.5885574847 0.2247527466 3.616044932) (0.7950722477 0.6451528547 1.886282016) (0.4556858726 0.5025967071 2.204590227) (0.1181781231 1.19492762 1.435380222) (0.064144104 -0.07872486565 1.039874769) (-0.01907017993 1.612834887 -2.088997416) (-0.1933187529 -0.0130496172 -0.2503045016) (0.06097507889 0.1820047883 3.807368419) (-0.6779562515 0.918761844 1.454075837) (-0.4149766085 0.8429888643 2.44719033) (-0.4596163413 2.062088557 1.453443332) (-0.0182918694 -0.135276252 1.024469932) (-0.1814352735 1.267401006 -1.899693325) (-0.09476010628 -0.1219363385 -0.1877841324) (0.630163818 0.2398131663 3.510570264) (-0.959333293 0.5197068209 1.937456257) (-0.7480069638 0.400169638 2.003040886) (-0.002757734204 -0.01323935951 0.1317872638)
0.001917413169    (0.6356850033 1.670265589 0.9496775133) (0.3132398164 -0.2205713428 0.8111137435) (0.6370752594 1.829999467 -2.394226206) (0.123024614 -0.08569164808 -0.2027204805) (-0.5884806467 0.2248357006 3.61618077) (0.795528159 0.6433340485 1.88860283) (0.4557992675 0.502508395 2.204123468) (0.1184391909 1.195484735 1.436311206) (0.06396866467 -0.07882636468 1.039877571) (-0.01895817672 1.613091958 -2.088694342) (-0.1932533661 -0.01295888274 -0.2502692942) (0.06123332606 0.1820847127 3.807442953) (-0.6779574295 0.918706076 1.453748997) (-0.4153168445 0.8425244647 2.445951986) (-0.4604001219 2.061206937 1.454845298) (-0.01845672553 -0.1351505349 1.024364797) (-0.1822297626 1.267555479 -1.899174821) (-0.09480843799 -0.1219439591 -0.1877411557) (0.6301626027 0.2398438808 3.510748221) (-0.9592316921 0.5179241321 1.938402988) (-0.7484297358 0.4003809202 2.00270854) (-0.002757903285 -0.0132386773 0.1317875407)
0.00193394188     (0.6351745794 1.671347976 0.9510372416) (0.313177353 -0.220513989 0.8110552334) (0.6377849515 1.829511973 -2.393427346) (0.122989702 -0.08570092049 -0.202683832) (-0.5884044127 0.2249184786 3.61631941) (0.7959822157 0.6415469752 1.890873331) (0.4559128698 0.5024193999 2.203656774) (0.1186966932 1.196040151 1.437240285) (0.06379354372 -0.07892815503 1.039880863) (-0.01883961993 1.613344986 -2.088393758) (-0.1931876176 -0.01286807654 -0.2502334194) (0.06149027696 0.1821636232 3.807518402) (-0.6779587922 0.9186502224 1.45342231) (-0.415658733 0.8420591164 2.444712845) (-0.461197161 2.060350571 1.45627363) (-0.01862173626 -0.1350254188 1.024260976) (-0.1830322801 1.267731546 -1.898653046) (-0.09485676005 -0.1219515974 -0.1876986871) (0.6301607006 0.2398739783 3.510926717) (-0.9591529443 0.5161629435 1.939305681) (-0.7488485583 0.4005919113 2.002378515) (-0.002758073073 -0.01323799854 0.1317878183)
0.001950442985    (0.634646447 1.672428912 0.952416986) (0.3131154017 -0.2204570616 0.8109973838) (0.6384932695 1.82900509 -2.392643604) (0.122954824 -0.08571058498 -0.2026474666) (-0.5883288052 0.2250008047 3.616460538) (0.7964387065 0.6397906149 1.89309046) (0.4560266049 0.5023297781 2.203190557) (0.1189506533 1.196593799 1.438167011) (0.0636187247 -0.07903048867 1.039884584) (-0.01871492807 1.61359419 -2.088095972) (-0.1931215996 -0.01277731862 -0.2501971066) (0.06174586405 0.1822426426 3.807594082) (-0.6779603319 0.9185942929 1.453095929) (-0.4160020121 0.8415930779 2.443473618) (-0.4620061831 2.059520336 1.457726211) (-0.01878669492 -0.1349010078 1.024158675) (-0.1838422411 1.267929227 -1.898128481) (-0.0949050237 -0.1219592364 -0.1876566106) (0.6301581578 0.2399030196 3.511105688) (-0.9590973997 0.5144242238 1.940163546) (-0.7492632473 0.4008021274 2.002050775) (-0.002758243511 -0.01323732342 0.131788097)
0.001966921398    (0.6340995537 1.673508561 0.9538168136) (0.313053965 -0.2204005097 0.8109402135) (0.6391998974 1.828478182 -2.391874935) (0.1229199939 -0.08572058071 -0.2026114428) (-0.5882538494 0.2250816109 3.616603567) (0.7969001862 0.6380631742 1.895252577) (0.456140474 0.5022394534 2.202724762) (0.1192012683 1.197146012 1.439091686) (0.06344424513 -0.07913333712 1.039888656) (-0.01858452845 1.61383963 -2.087800911) (-0.1930552236 -0.01268657564 -0.2501601816) (0.06200005714 0.1823219354 3.807669623) (-0.6779620626 0.918538234 1.452769728) (-0.4163467348 0.8411262425 2.442234008) (-0.4628266575 2.058715962 1.459201907) (-0.01895175484 -0.1347771922 1.024057776) (-0.1846594228 1.26814872 -1.897601107) (-0.09495332376 -0.1219668008 -0.1876147846) (0.6301549463 0.2399300306 3.511284704) (-0.9590812406 0.5127088008 1.940981474) (-0.7496740669 0.4010117193 2.001725275) (-0.002758415152 -0.01323665168 0.1317883764)
0.001983381825    (0.6335330257 1.674587041 0.9552367887) (0.3129930245 -0.2203445266 0.8108835139) (0.6399047187 1.827931387 -2.391121409) (0.1228851344 -0.08573099691 -0.2025757405) (-0.5881794459 0.2251604263 3.616748377) (0.7973690992 0.6363674672 1.897361727) (0.4562547115 0.5021483553 2.202259155) (0.1194487648 1.197697235 1.440014689) (0.0632697384 -0.07923425675 1.039893013) (-0.01844866642 1.614081389 -2.087508469) (-0.1929885107 -0.01259590056 -0.2501226166) (0.06225302425 0.1824010753 3.807744692) (-0.6779639701 0.9184819879 1.452443614) (-0.4166929892 0.8406585102 2.440993783) (-0.4636581862 2.057937006 1.460699695) (-0.01911695984 -0.1346540013 1.023958301) (-0.1854837325 1.268389652 -1.897071268) (-0.09500168795 -0.1219742521 -0.187573263) (0.6301509976 0.2399546824 3.511463674) (-0.9591132973 0.5110175957 1.941762472) (-0.7500816773 0.4012209543 2.001401881) (-0.002758587932 -0.01323598367 0.131788657)
0.00199982916     (0.6329460094 1.67566451 0.9566770164) (0.3129325407 -0.220289235 0.8108273131) (0.6406076644 1.827365254 -2.390382961) (0.1228502148 -0.0857417551 -0.2025402679) (-0.5881055718 0.2252375672 3.616895224) (0.7978498251 0.6347030623 1.899414609) (0.4563694475 0.5020563613 2.201793485) (0.1196933134 1.198247826 1.44093615) (0.06309543367 -0.0793350756 1.039897671) (-0.01830710583 1.614319582 -2.087218188) (-0.1929214862 -0.01250543893 -0.2500845698) (0.06250504452 0.1824795275 3.807818958) (-0.6779660758 0.918425604 1.45211743) (-0.417040713 0.8401897736 2.439752452) (-0.4645003394 2.057183241 1.462218589) (-0.01928229689 -0.1345315582 1.023860359) (-0.1863148624 1.268652162 -1.896538657) (-0.09505008355 -0.1219815404 -0.18753203) (0.6301463857 0.2399773228 3.511642683) (-0.9591804313 0.5093478435 1.942509438) (-0.7504859305 0.4014301622 2.001080843) (-0.002758761611 -0.01323531921 0.1317889384)
0.002016269339    (0.6323376847 1.676741145 0.958137762) (0.3128724732 -0.2202344492 0.8107716151) (0.6413084556 1.82678005 -2.389659427) (0.1228152636 -0.0857528533 -0.2025050099) (-0.588032263 0.2253137305 3.61704457) (0.7983482164 0.6330678792 1.901409654) (0.456484755 0.5019634334 2.201327569) (0.1199349902 1.198797866 1.441856308) (0.06292138008 -0.07943678487 1.039902689) (-0.01816062234 1.614554748 -2.086932002) (-0.1928541689 -0.01241519265 -0.2500459282) (0.0627561376 0.1825567757 3.807892106) (-0.6779683584 0.9183689666 1.451791011) (-0.4173900649 0.8397198833 2.438509613) (-0.4653528617 2.056454598 1.463757947) (-0.01944792261 -0.1344093673 1.02376334) (-0.1871526156 1.26893683 -1.896003201) (-0.09509860953 -0.1219887746 -0.1874910988) (0.6301411157 0.2399986893 3.511822202) (-0.9592822927 0.5077005192 1.943222946) (-0.7508870339 0.4016394246 2.000761845) (-0.002758936199 -0.01323465791 0.1317892208)
0.002032708298    (0.6317073263 1.677817119 0.9596192689) (0.3128127705 -0.220180131 0.8107164958) (0.6420069118 1.826176377 -2.388950706) (0.1227800869 -0.08576434536 -0.2024700595) (-0.5879594996 0.2253896424 3.617196954) (0.7988750044 0.6314624269 1.903343274) (0.4566006835 0.5018696854 2.20086108) (0.1201740336 1.19934775 1.442775581) (0.06274750408 -0.07953952155 1.039908066) (-0.0180087525 1.614786836 -2.086649289) (-0.1927864967 -0.01232504264 -0.2500066681) (0.06300662688 0.1826323756 3.807963904) (-0.6779707038 0.9183121155 1.451464225) (-0.417741223 0.8392486387 2.437264848) (-0.4662153009 2.055750763 1.465317161) (-0.01961399934 -0.1342870415 1.023666739) (-0.187996791 1.269243572 -1.895464961) (-0.09514733152 -0.121995999 -0.1874503868) (0.6301352153 0.2400195235 3.512002831) (-0.9594217745 0.5060708564 1.943902242) (-0.7512852322 0.4018484102 2.000444643) (-0.002759112269 -0.01323399936 0.1317895039)
0.002049151788    (0.6310543495 1.678892737 0.9611218101) (0.312753506 -0.2201262243 0.8106618507) (0.6427029184 1.82555464 -2.388256789) (0.1227447484 -0.0857762596 -0.2024353751) (-0.5878872594 0.2254657846 3.617352786) (0.7994363561 0.6298877064 1.905215418) (0.4567172177 0.501775049 2.2003941) (0.1204104718 1.19989775 1.443694107) (0.06257363829 -0.07964312248 1.039913526) (-0.01785123763 1.615015814 -2.086369476) (-0.1927184857 -0.01223516957 -0.2499669377) (0.06325663193 0.1827058484 3.808034132) (-0.6779731271 0.9182549895 1.451136926) (-0.4180942845 0.8387759222 2.436017775) (-0.4670870678 2.055071446 1.466895625) (-0.01978052203 -0.1341645304 1.023570513) (-0.1888472963 1.269572076 -1.894924334) (-0.09519631664 -0.1220032067 -0.1874098669) (0.630128711 0.2400403086 3.512184961) (-0.9595986002 0.5044587897 1.944549062) (-0.7516806762 0.4020573421 2.000129262) (-0.002759289333 -0.01323334379 0.1317897882)
0.002065605408    (0.6303782105 1.679968188 0.9626456647) (0.3126946748 -0.2200727702 0.8106077558) (0.6433965571 1.824915456 -2.387577616) (0.1227093151 -0.08578869822 -0.20240111) (-0.5878155684 0.2255424209 3.617512404) (0.800031532 0.6283353432 1.90703422) (0.4568339671 0.5016794063 2.199926158) (0.120644564 1.200448287 1.444612241) (0.06239978152 -0.07974751499 1.039919206) (-0.01768809807 1.615241625 -2.086092486) (-0.1926501046 -0.01214539083 -0.2499267198) (0.06350652216 0.1827769919 3.808102515) (-0.6779756626 0.9181974799 1.450808959) (-0.4184493443 0.8383015984 2.434768021) (-0.4679680737 2.054416658 1.468492982) (-0.01994731594 -0.1340425198 1.023475487) (-0.1897042292 1.269922708 -1.894380578) (-0.09524548165 -0.1220103545 -0.1873696738) (0.6301215671 0.2400612822 3.512368922) (-0.9598146413 0.5028665699 1.945162563) (-0.7520735585 0.4022664258 1.999815487) (-0.002759467781 -0.01323269144 0.1317900729)
0.002082074727    (0.6296784117 1.681043704 0.9641911485) (0.3126362572 -0.2200197374 0.8105541385) (0.6440874897 1.824258953 -2.38691306) (0.1226738124 -0.08580161202 -0.2023671086) (-0.5877443373 0.2256195984 3.617676013) (0.8006587801 0.6268071288 1.908797149) (0.4569512133 0.5015828244 2.19945773) (0.1208765499 1.200999614 1.445530291) (0.06222585066 -0.0798526536 1.039925112) (-0.01751983936 1.615463996 -2.085818134) (-0.1925812805 -0.0120556914 -0.2498858169) (0.06375538394 0.1828454903 3.808170979) (-0.6779783464 0.9181395246 1.450480212) (-0.4188065198 0.8378255291 2.433515182) (-0.4688580677 2.053786017 1.470108687) (-0.0201144537 -0.1339212841 1.023381932) (-0.1905676792 1.270295818 -1.893833846) (-0.09529478666 -0.122017506 -0.1873298044) (0.6301137733 0.2400825021 3.512554994) (-0.9600699299 0.5012909038 1.945746339) (-0.7524640021 0.4024753233 1.99950315) (-0.00275964716 -0.01323204215 0.1317903586)
0.002098520977    (0.6289564775 1.682116607 0.9657543145) (0.3125783662 -0.2199672393 0.8105012092) (0.6447738202 1.823587471 -2.386264708) (0.1226383311 -0.08581492847 -0.2023334125) (-0.5876737043 0.2256972431 3.617842807) (0.8013278705 0.6253065071 1.910494649) (0.4570687362 0.5014855658 2.198989854) (0.1211059841 1.201550586 1.446446) (0.06205227062 -0.07995837244 1.039931332) (-0.01734612903 1.615682883 -2.085545942) (-0.1925122255 -0.01196634333 -0.2498441827) (0.06400063094 0.1829147388 3.808243337) (-0.6779811304 0.9180813083 1.450151466) (-0.419164855 0.8373489063 2.432262276) (-0.4697540121 2.053180653 1.471737865) (-0.02028163493 -0.1338007881 1.023289847) (-0.1914351206 1.270690479 -1.893285438) (-0.09534404012 -0.1220244207 -0.1872902161) (0.6301054206 0.2401032738 3.512742452) (-0.9603632221 0.499731664 1.946301922) (-0.7528509187 0.4026838766 1.999193291) (-0.002759827009 -0.01323139657 0.1317906441)
0.002114936714    (0.6282129076 1.683186334 0.9673340616) (0.3125210558 -0.2199152267 0.8104489058) (0.6454549968 1.822901805 -2.385632915) (0.1226029074 -0.08582870408 -0.2023000112) (-0.5876036619 0.2257730505 3.618011141) (0.8020537045 0.623833574 1.912122602) (0.4571865661 0.5013878437 2.198522641) (0.1213328026 1.202101063 1.44735874) (0.06187912521 -0.08006470668 1.039937936) (-0.01716684428 1.615898405 -2.08527596) (-0.1924429767 -0.01187745888 -0.2498020126) (0.06424312882 0.1829866158 3.808317481) (-0.6779839891 0.9180228437 1.449822827) (-0.4195240722 0.8368719837 2.431009875) (-0.4706547514 2.052600546 1.473378681) (-0.02044879816 -0.1336808574 1.023199118) (-0.1923057959 1.271106558 -1.892736016) (-0.09539329168 -0.1220311902 -0.1872508865) (0.6300964681 0.2401212279 3.512929994) (-0.9606978129 0.4981884425 1.946830195) (-0.7532343734 0.402891601 1.998885975) (-0.002760007142 -0.01323075416 0.13179093)
0.002131324904    (0.6274477119 1.684252934 0.9689302577) (0.3124642941 -0.2198637166 0.8103972868) (0.646130932 1.82220141 -2.385017433) (0.1225674693 -0.08584289018 -0.2022669586) (-0.5875341896 0.2258448401 3.618179635) (0.8028327285 0.6223906883 1.913683206) (0.4573047212 0.5012893438 2.198055974) (0.1215572303 1.202651496 1.448268616) (0.06170642093 -0.08017156769 1.039944891) (-0.01698221094 1.616110473 -2.08500867) (-0.1923732566 -0.01178899053 -0.2497592127) (0.06448324803 0.1830616682 3.808391002) (-0.6779869122 0.9179640998 1.449494204) (-0.419884064 0.8363947442 2.429757683) (-0.4715596969 2.052044958 1.475030242) (-0.0206159838 -0.1335614253 1.023109693) (-0.1931795601 1.271543761 -1.89218597) (-0.0954425444 -0.1220377479 -0.1872117494) (0.6300869172 0.2401345314 3.513116436) (-0.9610729013 0.4966645672 1.947332146) (-0.7536142782 0.403098614 1.998581125) (-0.002760187703 -0.01323011443 0.1317912158)
0.002147688512    (0.6266609972 1.685316391 0.9705428295) (0.3124080597 -0.2198126958 0.810346308) (0.6468013952 1.821484647 -2.384417889) (0.1225319772 -0.08585748037 -0.2022341867) (-0.5874652372 0.2259123957 3.618347905) (0.8036670437 0.6209776746 1.915177548) (0.45742329 0.5011902963 2.197589723) (0.1217794548 1.203202115 1.449175876) (0.0615338399 -0.08027910098 1.039952136) (-0.01679256546 1.616319109 -2.084744249) (-0.1923032191 -0.0117009879 -0.2497157068) (0.06472065755 0.1831386734 3.808464614) (-0.6779898992 0.9179050202 1.449165508) (-0.4202452713 0.835917045 2.428505921) (-0.4724684837 2.051513739 1.476692202) (-0.02078314976 -0.1334425747 1.023021671) (-0.1940559813 1.272001992 -1.891635545) (-0.09549171611 -0.1220441205 -0.1871729254) (0.6300767853 0.2401432704 3.513301437) (-0.9614815863 0.4951545562 1.947808371) (-0.7539907315 0.4033048781 1.998279005) (-0.002760368718 -0.01322947752 0.1317915019)
0.002164030862    (0.6258529325 1.686376834 0.9721717249) (0.3123523528 -0.2197621585 0.8102959711) (0.6474662976 1.820751606 -2.383833915) (0.1224964521 -0.08587248163 -0.2022017092) (-0.5873968553 0.2259770215 3.618516418) (0.80455622 0.6195906438 1.916611963) (0.457542393 0.5010906013 2.19712373) (0.1219995725 1.203753062 1.450080518) (0.06136219515 -0.08038725105 1.039959806) (-0.01659784278 1.616524127 -2.084482974) (-0.1922329295 -0.01161317999 -0.2496716948) (0.0649560507 0.1832175967 3.808537118) (-0.6779928988 0.9178455404 1.448836661) (-0.4206075667 0.835438842 2.427254223) (-0.4733805141 2.051006183 1.478363843) (-0.02095034551 -0.1333242842 1.02293498) (-0.1949345305 1.272481165 -1.891084985) (-0.09554087017 -0.1220503206 -0.1871343128) (0.6300660351 0.2401488912 3.513485445) (-0.9619294195 0.4936617472 1.948260543) (-0.7543639333 0.4035105072 1.997979466) (-0.002760550188 -0.01322884326 0.1317917879)
0.002180355304    (0.625023783 1.687434422 0.9738169222) (0.3122971855 -0.2197120708 0.8102461876) (0.6481256121 1.820002463 -2.38326531) (0.1224608 -0.0858879736 -0.2021694826) (-0.5873290367 0.2260403906 3.618685906) (0.8055016324 0.6182255727 1.917986869) (0.4576618949 0.500990218 2.196658066) (0.1222177923 1.204304475 1.450982708) (0.06119007998 -0.08049583093 1.039967553) (-0.01639803942 1.616725563 -2.084224283) (-0.192162419 -0.01152571149 -0.2496271405) (0.06518940254 0.1832967461 3.808609) (-0.6779958926 0.9177856477 1.448507563) (-0.4209709452 0.834960074 2.426002312) (-0.4742952062 2.05052177 1.480044498) (-0.0211176505 -0.1332065529 1.022849571) (-0.1958146917 1.272981498 -1.890534688) (-0.0955901653 -0.1220565159 -0.1870961081) (0.6300546958 0.2401530197 3.513669002) (-0.9624187972 0.4921877312 1.948691963) (-0.7547340041 0.4037154943 1.997682483) (-0.002760731978 -0.0132282115 0.1317920743)
0.002196663729    (0.624173873 1.688489065 0.9754783127) (0.3122425275 -0.2196624687 0.8101970331) (0.6487791637 1.819237718 -2.382711881) (0.1224251417 -0.08590393328 -0.2021375226) (-0.5872617914 0.2261037038 3.618856848) (0.8065196649 0.6168817409 1.919300695) (0.457782105 0.5008892382 2.196192669) (0.1224344142 1.204856543 1.451882439) (0.06101801063 -0.08060482135 1.039975524) (-0.01619296823 1.616923584 -2.083968625) (-0.1920916714 -0.01143862235 -0.2495821318) (0.0654217569 0.1833766454 3.808677137) (-0.6779990597 0.9177253237 1.44817808) (-0.4213354236 0.8344807184 2.42475007) (-0.4752119001 2.050060114 1.481733526) (-0.02128502615 -0.1330893751 1.022765373) (-0.1966986265 1.27350373 -1.889985237) (-0.09563946706 -0.1220626984 -0.1870582201) (0.6300428287 0.240156893 3.513852693) (-0.962949623 0.4907362131 1.949103783) (-0.755100837 0.4039195075 1.997387784) (-0.002760914451 -0.01322758228 0.1317923609)
0.002212950412    (0.6233040404 1.68954022 0.9771549865) (0.3121884183 -0.2196133478 0.8101484889) (0.6494265977 1.818458278 -2.38217389) (0.1223894922 -0.08592035525 -0.2021059805) (-0.5871951147 0.2261675034 3.619029336) (0.8076110389 0.6155573301 1.920551937) (0.4579027824 0.5007874255 2.195727901) (0.1226493362 1.205409168 1.452779129) (0.06084636127 -0.08071418938 1.039983813) (-0.01598297871 1.617118403 -2.083716845) (-0.1920206664 -0.01135221814 -0.2495366281) (0.06565165244 0.183456493 3.808744893) (-0.6780023259 0.9176646001 1.447848313) (-0.4217008368 0.8340009639 2.42349787) (-0.4761296012 2.049620655 1.48342955) (-0.02145238251 -0.1329728797 1.02268251) (-0.197584405 1.274046526 -1.889436907) (-0.09568867293 -0.122068546 -0.1870206009) (0.6300304406 0.2401608462 3.514036358) (-0.9635188181 0.4892896554 1.94950045) (-0.7554646019 0.4041230386 1.99709596) (-0.002761097705 -0.01322695592 0.1317926495)
0.002229216489    (0.6224146952 1.690587831 0.9788467039) (0.3121348129 -0.2195647407 0.8101006432) (0.6500676679 1.817665031 -2.381651242) (0.1223538331 -0.08593719703 -0.2020748079) (-0.5871289894 0.226231442 3.619203116) (0.8087783281 0.6142477254 1.921741732) (0.4580237958 0.5006848815 2.195263518) (0.1228625717 1.20596241 1.453672617) (0.06067514369 -0.080823982 1.039992305) (-0.01576804381 1.617309926 -2.083468562) (-0.1919492592 -0.01126658575 -0.2494904593) (0.06587984343 0.1835376467 3.808810158) (-0.6780056726 0.9176033961 1.447518225) (-0.4220670793 0.8335207848 2.422245669) (-0.4770482496 2.049203109 1.485132045) (-0.02161988938 -0.1328570018 1.022601031) (-0.1984712248 1.274609314 -1.88888969) (-0.09573780121 -0.1220738517 -0.18698324) (0.6300175579 0.240164594 3.514219931) (-0.9641253945 0.4878539028 1.94988194) (-0.7558252089 0.4043257075 1.996807026) (-0.002761281711 -0.01322633244 0.1317929387)
0.002245463023    (0.6215065388 1.691631957 0.9805532531) (0.3120816995 -0.2195166348 0.8100534486) (0.6507022569 1.816858438 -2.381143852) (0.1223181604 -0.0859543904 -0.2020440018) (-0.5870633693 0.2262951035 3.619377922) (0.8100255651 0.61295558 1.922871878) (0.4581454281 0.5005816305 2.194799624) (0.1230741174 1.20651622 1.454562902) (0.06050418851 -0.08093422337 1.040001057) (-0.01554814814 1.617498175 -2.083223546) (-0.1918773995 -0.01118139613 -0.2494435072) (0.0661056161 0.1836188096 3.808875217) (-0.6780091217 0.9175416721 1.447187758) (-0.4224341965 0.8330402069 2.420993433) (-0.477967111 2.048806963 1.486840278) (-0.02178756222 -0.1327415809 1.02252076) (-0.1993585531 1.275191617 -1.888344005) (-0.09578683215 -0.1220788232 -0.1869460328) (0.6300041843 0.2401677798 3.514403205) (-0.9647694568 0.4864362937 1.950247736) (-0.75618298 0.4045273705 1.996520923) (-0.002761466157 -0.01322571162 0.1317932282)
0.002261691007    (0.6205801176 1.692672509 0.9822744139) (0.3120290705 -0.2194690444 0.8100069476) (0.6513301422 1.816038993 -2.380651622) (0.122282503 -0.08597194191 -0.2020135766) (-0.5869982061 0.2263583763 3.619553695) (0.8113533608 0.6116805569 1.923946915) (0.4582676622 0.5004775054 2.194336157) (0.1232844831 1.207070963 1.455450103) (0.06033323625 -0.08104488874 1.040010004) (-0.0153230584 1.617683227 -2.082981797) (-0.1918050913 -0.01109656756 -0.2493957894) (0.06632962615 0.1837009311 3.808938005) (-0.6780125943 0.9174794244 1.446856883) (-0.4228022105 0.8325592413 2.419741183) (-0.4788854545 2.04843153 1.488553622) (-0.02195547071 -0.1326266159 1.022441674) (-0.2002461154 1.275793277 -1.887800575) (-0.09583578863 -0.1220835784 -0.1869091456) (0.6299903422 0.2401703601 3.514586115) (-0.9654496967 0.4850375691 1.950597566) (-0.7565381189 0.404727904 1.996237498) (-0.00276165102 -0.01322509307 0.1317935177)
0.002277901457    (0.619636007 1.693709332 0.984009917) (0.311976947 -0.219421944 0.8099610696) (0.6519512204 1.815207103 -2.380174552) (0.1222468023 -0.08598988183 -0.2019835829) (-0.5869335392 0.2264214144 3.619730448) (0.8127662465 0.6104241858 1.924962165) (0.4583905706 0.5003724283 2.193873155) (0.1234937421 1.20762676 1.456334187) (0.06016219862 -0.08115592268 1.040019088) (-0.01509288494 1.617865168 -2.082743327) (-0.1917325123 -0.01101221656 -0.2493476379) (0.06655132932 0.1837829492 3.809000263) (-0.6780161175 0.9174166302 1.446525583) (-0.4231711402 0.8320778783 2.418488903) (-0.4798027938 2.048076398 1.490271535) (-0.02212357446 -0.1325121696 1.02236377) (-0.2011333822 1.276414717 -1.887259597) (-0.09588477634 -0.1220881772 -0.1868724828) (0.6299760286 0.2401724494 3.514768577) (-0.9661656046 0.4836482291 1.950934138) (-0.7568908084 0.4049276253 1.995957143) (-0.002761836223 -0.01322447674 0.1317938077)
0.002294095359    (0.6186747188 1.694742431 0.9857594746) (0.3119253056 -0.2193753421 0.8099158482) (0.6525653369 1.814363457 -2.379712898) (0.122211106 -0.08600818116 -0.2019538766) (-0.5868693898 0.2264844495 3.619908249) (0.8142685352 0.609184163 1.925917312) (0.4585140341 0.5002665286 2.193410688) (0.1237019989 1.208183772 1.457215091) (0.05999143346 -0.08126744011 1.040028394) (-0.01485755327 1.618043977 -2.082508103) (-0.1916597388 -0.01092831128 -0.2492989815) (0.06677126648 0.1838655375 3.809060498) (-0.67801973 0.9173532014 1.446193728) (-0.4235409606 0.8315960785 2.417236539) (-0.4807185127 2.047740686 1.491993585) (-0.02229176985 -0.1323984282 1.022287196) (-0.2020200349 1.277055609 -1.886721223) (-0.09593381582 -0.1220924253 -0.1868358192) (0.6299612591 0.2401743447 3.514950772) (-0.9669209399 0.4822730843 1.95125971) (-0.7572411061 0.4051263106 1.995679916) (-0.002762022256 -0.01322386269 0.1317940972)
0.002310273729    (0.6176969518 1.695771719 0.9875228727) (0.3118741463 -0.2193292181 0.8098712325) (0.6531723485 1.813508536 -2.379266834) (0.1221754737 -0.08602684933 -0.2019245324) (-0.5868057336 0.2265476329 3.620087063) (0.8158600681 0.6079602546 1.926816022) (0.4586382432 0.5001596229 2.192948587) (0.1239094241 1.208742086 1.458092966) (0.05982100679 -0.08137945335 1.040037972) (-0.0146172334 1.618219458 -2.082275814) (-0.1915867673 -0.01084486715 -0.2492496413) (0.06698905892 0.1839480032 3.809119836) (-0.6780233482 0.9172891688 1.445861318) (-0.4239116746 0.831113834 2.415984034) (-0.4816321179 2.047424026 1.49371924) (-0.02246003795 -0.1322853562 1.022211913) (-0.2029056298 1.277715918 -1.88618589) (-0.09598282417 -0.1220963651 -0.1867991846) (0.6299460671 0.2401762288 3.515132709) (-0.9677179571 0.4809146878 1.951577685) (-0.7575889488 0.4053240231 1.995405283) (-0.002762208967 -0.01322325051 0.131794387)
0.0023264376      (0.6167033177 1.696797126 0.9892998798) (0.3118234106 -0.2192835947 0.8098273284) (0.6537723778 1.812642916 -2.37883633) (0.1221398404 -0.08604585775 -0.2018955631) (-0.5867425409 0.2266110796 3.620266927) (0.8175449604 0.6067533645 1.92765772) (0.4587631924 0.5000517342 2.192487074) (0.1241160789 1.209301791 1.458967521) (0.05965090511 -0.08149198901 1.040047897) (-0.01437171914 1.618390983 -2.082045937) (-0.1915135327 -0.01076197763 -0.2491995559) (0.06720494491 0.1840306736 3.809177257) (-0.6780269226 0.9172245122 1.445528317) (-0.424283254 0.8306311558 2.414731308) (-0.4825431467 2.047125836 1.495447903) (-0.02262850706 -0.132172978 1.022137922) (-0.2037899636 1.278395634 -1.885654316) (-0.09603191682 -0.122100181 -0.1867628387) (0.6299304612 0.240178235 3.515314428) (-0.9685531112 0.4795734078 1.951887774) (-0.7579347594 0.4055211073 1.995132902) (-0.00276239618 -0.01322264044 0.1317946769)
0.002342588028    (0.6156947255 1.697818687 0.9910904055) (0.3117731177 -0.219238484 0.8097840984) (0.6543655811 1.811766981 -2.378421275) (0.1221042724 -0.08606521523 -0.2018669551) (-0.5866798088 0.226674838 3.62044779) (0.819327445 0.6055656089 1.928444512) (0.4588888526 0.4999431432 2.192026021) (0.1243221167 1.209863092 1.459838831) (0.05948104906 -0.08160494295 1.040058028) (-0.01412102928 1.618558666 -2.081818534) (-0.1914399777 -0.01067950376 -0.2491485937) (0.06741870958 0.1841131848 3.809233393) (-0.6780304747 0.9171591875 1.445194693) (-0.4246557522 0.8301480385 2.413478359) (-0.4834512348 2.046845668 1.497179153) (-0.0227972226 -0.1320613427 1.022065274) (-0.2046727576 1.279094504 -1.885126891) (-0.09608111689 -0.1221038374 -0.1867268718) (0.6299143689 0.2401804682 3.515496071) (-0.9694212766 0.4782445871 1.95219172) (-0.7582782368 0.4057171925 1.994863119) (-0.002762584 -0.01322203319 0.1317949681)
0.002358726095    (0.6146717884 1.698836363 0.9928941979) (0.3117232469 -0.2191939 0.8097416273) (0.6549518961 1.810880962 -2.378021505) (0.122068701 -0.08608490744 -0.2018386293) (-0.586617493 0.2267389408 3.620629668) (0.8212073343 0.6043917511 1.929181308) (0.4590152601 0.4998338026 2.191565296) (0.1245276354 1.210426129 1.46070686) (0.05931145646 -0.08171833643 1.040068345) (-0.01386513228 1.618722679 -2.081593751) (-0.1913661836 -0.01059751826 -0.2490967465) (0.06763177883 0.1841954242 3.809285653) (-0.6780340082 0.9170931624 1.444860383) (-0.4250291281 0.8296644615 2.412225116) (-0.4843558841 2.046582818 1.498912564) (-0.02296610206 -0.1319503994 1.021993895) (-0.2055537555 1.279812059 -1.884603913) (-0.09613021115 -0.1221073225 -0.1866911619) (0.6298977781 0.2401829812 3.515677731) (-0.9703221165 0.4769297408 1.952488801) (-0.7586195025 0.4059119207 1.994595911) (-0.002762772485 -0.01322142792 0.1317952596)
0.002374852872    (0.6136351532 1.699850151 0.9947109526) (0.3116738206 -0.2191497902 0.809699818) (0.6555313545 1.809984963 -2.377637018) (0.1220331565 -0.08610492869 -0.2018105758) (-0.5865555677 0.2268034193 3.620812598) (0.8231881411 0.6032337903 1.929865889) (0.4591424253 0.4997236464 2.191104861) (0.1247328126 1.210991052 1.461571586) (0.05914212981 -0.08183218256 1.040078838) (-0.01360398913 1.618882702 -2.081371504) (-0.1912922159 -0.01051609065 -0.2490441306) (0.06784288767 0.1842776895 3.809337903) (-0.6780376176 0.9170264626 1.444525315) (-0.4254034289 0.8291804361 2.410971592) (-0.4852566798 2.046336819 1.500647653) (-0.02313505385 -0.1318401536 1.021923771) (-0.2064323748 1.280547973 -1.884085818) (-0.09617919495 -0.1221106617 -0.1866554641) (0.6298807955 0.2401857882 3.515859404) (-0.9712578078 0.4756326915 1.952778603) (-0.7589582349 0.4061054035 1.99433115) (-0.002762961238 -0.01322082433 0.1317955513)
0.002390969453    (0.6125854291 1.70086 0.9965404231) (0.3116247665 -0.219106204 0.8096585357) (0.6561038599 1.809079033 -2.377267563) (0.121997471 -0.08612520057 -0.2017826667) (-0.5864940199 0.2268682892 3.620996576) (0.8252734654 0.6020881401 1.930502304) (0.459270482 0.4996126536 2.190644711) (0.1249377622 1.211558033 1.462433017) (0.05897299726 -0.0819465145 1.040089571) (-0.01333741026 1.61903749 -2.081150988) (-0.1912179922 -0.01043538965 -0.2489908167) (0.06805302947 0.184359837 3.809387597) (-0.6780412798 0.9169590751 1.444189414) (-0.4257786779 0.8286959636 2.409717666) (-0.4861533617 2.046106942 1.50238429) (-0.02330410032 -0.1317306503 1.021854973) (-0.2073086813 1.281301781 -1.88357251) (-0.09622792523 -0.1221136954 -0.1866199214) (0.6298634251 0.2401889231 3.516041071) (-0.9722255647 0.4743542259 1.953065379) (-0.7592953131 0.406297979 1.994068956) (-0.002763150459 -0.01322022274 0.1317958432)
0.002407076902    (0.6115233309 1.701865879 0.9983824254) (0.3115761087 -0.2190630911 0.8096178187) (0.6566695116 1.808163403 -2.376913028) (0.1219617699 -0.08614577191 -0.2017549038) (-0.5864328261 0.2269335459 3.621181547) (0.8274631582 0.6009563861 1.931089715) (0.459399227 0.499500852 2.190184972) (0.1251426308 1.212127218 1.463291166) (0.05880405414 -0.08206133182 1.040100536) (-0.01306525921 1.619191798 -2.080935314) (-0.1911435651 -0.01035560869 -0.2489368414) (0.06826110105 0.1844418449 3.809436649) (-0.678045017 0.9168909585 1.443852597) (-0.4261548767 0.8282110145 2.408463269) (-0.4870454665 2.045892595 1.504122) (-0.02347331671 -0.1316218558 1.021787441) (-0.2081824079 1.28207335 -1.883064681) (-0.09627660855 -0.1221164985 -0.186584447) (0.629845627 0.2401924032 3.516222731) (-0.9732249106 0.4730941773 1.953349935) (-0.75963046 0.4064895122 1.993809341) (-0.002763339836 -0.0132196231 0.1317961354)
0.002423176265    (0.6104495388 1.702867619 1.000236856) (0.3115278245 -0.2190204617 0.809577732) (0.6572284089 1.807238462 -2.376573585) (0.1219261205 -0.0861667111 -0.2017274949) (-0.5863719775 0.2269992012 3.621367469) (0.8297602677 0.599837075 1.931631989) (0.4595288127 0.4993884138 2.189725705) (0.1253475657 1.212698753 1.464146019) (0.05863528662 -0.08217663858 1.040111733) (-0.01278700739 1.619348537 -2.080725977) (-0.1910688567 -0.01027653266 -0.2488821228) (0.06846794978 0.1845236093 3.809483561) (-0.6780488522 0.9168220424 1.443514837) (-0.4265320827 0.8277256058 2.407208407) (-0.4879327127 2.045693446 1.505860429) (-0.02364273011 -0.1315137418 1.021721117) (-0.2090532158 1.282862526 -1.882562555) (-0.0963254148 -0.1221191708 -0.1865491967) (0.6298274497 0.2401962511 3.516404399) (-0.9742518128 0.4718491267 1.953634882) (-0.759963687 0.4066795844 1.993552258) (-0.002763529408 -0.01321902545 0.1317964276)
0.002439268525    (0.6093647576 1.703865101 1.00210358) (0.3114799377 -0.2189783127 0.8095382912) (0.6577804742 1.806304652 -2.376249234) (0.1218904744 -0.08618791305 -0.2017004162) (-0.5863114834 0.2270652844 3.621554361) (0.8321754623 0.5987255967 1.93213556) (0.4596590138 0.4992752126 2.189266391) (0.1255527342 1.21327259 1.464997199) (0.05846672261 -0.08229243286 1.040123188) (-0.01250469804 1.61950366 -2.080520411) (-0.1909939898 -0.01019830463 -0.2488267297) (0.06867304209 0.1846050763 3.809529082) (-0.6780527523 0.9167523047 1.443176073) (-0.4269102816 0.8272397855 2.405953067) (-0.4888146485 2.045508984 1.507599159) (-0.02381231887 -0.1314062921 1.021655995) (-0.2099207955 1.283668927 -1.882066669) (-0.09637426213 -0.1221216055 -0.1865139672) (0.6298088444 0.2402004894 3.516586081) (-0.9752988284 0.4706206625 1.953920506) (-0.7602951781 0.4068684958 1.993298304) (-0.002763719655 -0.01321842935 0.1317967205)
0.002455354641    (0.6082697065 1.704858192 1.003982393) (0.3114324257 -0.2189366631 0.809499576) (0.6583259313 1.805362656 -2.375940186) (0.1218548672 -0.0862093827 -0.2016737686) (-0.5862513031 0.2271318262 3.621742261) (0.8347071611 0.597625098 1.932598299) (0.4597900518 0.4991611548 2.18880706) (0.1257582151 1.213849003 1.465844722) (0.05829830759 -0.08240868438 1.040134872) (-0.01221988143 1.619655248 -2.080317574) (-0.1909189496 -0.01012100271 -0.2487706682) (0.06887680176 0.1846862234 3.809572844) (-0.6780567165 0.9166817001 1.442836243) (-0.4272894824 0.8267535492 2.404697227) (-0.4896910034 2.045339372 1.509338461) (-0.02398212519 -0.1312997183 1.021592326) (-0.2107846471 1.284492109 -1.881576812) (-0.09642311279 -0.1221237331 -0.1864787997) (0.6297898547 0.2402051742 3.516767858) (-0.9763852162 0.469416119 1.954206954) (-0.7606247777 0.4070561128 1.993047059) (-0.002763910762 -0.01321783532 0.1317970132)
0.002471435543    (0.6071650379 1.705847006 1.005873034) (0.3113852902 -0.218895474 0.8094615037) (0.6588645752 1.804412255 -2.37564619) (0.1218193505 -0.08623114947 -0.2016474168) (-0.5861914565 0.2271988191 3.621931103) (0.8373515841 0.5965377465 1.933021344) (0.4599218552 0.4990464352 2.188347978) (0.1259640484 1.214428269 1.466688567) (0.05812999902 -0.0825254295 1.040146681) (-0.01193087545 1.619803274 -2.080117025) (-0.1908437517 -0.01004443971 -0.2487139235) (0.0690790081 0.1847670964 3.809615067) (-0.6780608079 0.9166102294 1.442495309) (-0.4276697022 0.826266906 2.403440859) (-0.4905613942 2.04518379 1.511077778) (-0.02415212435 -0.1311939735 1.021530044) (-0.2116442348 1.285331677 -1.881093567) (-0.09647177301 -0.1221256164 -0.1864439221) (0.6297705041 0.2402102859 3.516949645) (-0.9775072918 0.4682381982 1.95449599) (-0.7609522858 0.4072427638 1.992798554) (-0.002764102483 -0.01321724348 0.1317973062)
0.002487512061    (0.6060513495 1.706831424 1.007775342) (0.3113384986 -0.2188547756 0.809424137) (0.6593964496 1.803453533 -2.37536701) (0.1217838803 -0.08625321144 -0.2016214016) (-0.5861318853 0.2272662555 3.622120842) (0.8401097395 0.5954646082 1.933406159) (0.4600542561 0.4989307829 2.187889431) (0.1261704821 1.215010504 1.467528799) (0.05796191306 -0.08264241488 1.040158508) (-0.01163589612 1.61994806 -2.079918932) (-0.1907684999 -0.009968706286 -0.248656378) (0.06927982438 0.1848477591 3.809655831) (-0.6780650082 0.9165378484 1.442153223) (-0.4280509341 0.8257798477 2.402183931) (-0.4914257418 2.045041918 1.51281682) (-0.02432230097 -0.1310890735 1.021469148) (-0.2124990629 1.286187508 -1.88061741) (-0.09652056331 -0.1221272136 -0.1864093396) (0.6297508327 0.2402158504 3.517131475) (-0.9786573664 0.4670811031 1.954791004) (-0.7612777486 0.4074281579 1.992553139) (-0.002764294582 -0.01321665377 0.1317975992)
0.002503584992    (0.6049292745 1.707811352 1.009689107) (0.3112920454 -0.2188145391 0.8093874025) (0.6599215307 1.802486924 -2.375102344) (0.1217483523 -0.08627553932 -0.2015954538) (-0.5860725828 0.2273341361 3.622311484) (0.8429862565 0.594398229 1.933760971) (0.4601873398 0.4988141153 2.187431202) (0.1263775711 1.215595942 1.468365279) (0.05779369175 -0.08276051125 1.040170816) (-0.01133512298 1.620089709 -2.079723283) (-0.1906931565 -0.009893587218 -0.2485981008) (0.06947919499 0.1849281636 3.809695033) (-0.6780693712 0.9164645359 1.441809923) (-0.4284331815 0.8252923758 2.400926397) (-0.4922836049 2.044913187 1.514555093) (-0.02449270181 -0.1309849313 1.021409558) (-0.2133482808 1.287059374 -1.880149363) (-0.09656950368 -0.1221285355 -0.1863748273) (0.6297308491 0.2402218589 3.517313321) (-0.9798303281 0.4659393124 1.955093178) (-0.7616011729 0.4076123323 1.992310982) (-0.002764486784 -0.0132160654 0.131797893)
0.002519655077    (0.6037994482 1.70878669 1.011614141) (0.3112459101 -0.2187748022 0.809351387) (0.6604400633 1.801512656 -2.37485207) (0.1217127405 -0.0862981036 -0.2015696185) (-0.5860135841 0.227402429 3.622502927) (0.8459785334 0.5933368476 1.934083196) (0.4603212006 0.4986964122 2.186973462) (0.1265854908 1.216184686 1.46919789) (0.05762548782 -0.08287942191 1.04018352) (-0.01102857226 1.620228027 -2.079529844) (-0.1906175628 -0.00981946 -0.2485392104) (0.06967721016 0.185008363 3.80973273) (-0.6780738863 0.9163902165 1.441465354) (-0.4288163722 0.8248044481 2.399668231) (-0.4931346925 2.044797321 1.516292431) (-0.02466336616 -0.1308815366 1.021351256) (-0.2141913546 1.287946522 -1.879689525) (-0.09661824078 -0.1221293643 -0.1863403827) (0.6297105451 0.2402283751 3.517495349) (-0.9810265596 0.4648294098 1.955402773) (-0.7619231945 0.4077951398 1.992071138) (-0.00276467933 -0.01321547878 0.1317981869)
0.002535723151    (0.6026626207 1.709757348 1.013550234) (0.3112001325 -0.2187355506 0.809316024) (0.6609523934 1.800530981 -2.374616264) (0.1216771497 -0.08632104029 -0.2015442251) (-0.5859549133 0.2274712094 3.622695283) (0.8490844535 0.5922835526 1.934377149) (0.4604559273 0.4985776458 2.186515806) (0.1267943003 1.216776875 1.470026557) (0.05745735336 -0.0829988758 1.040196514) (-0.01071644384 1.62036315 -2.079338609) (-0.1905417889 -0.009746249362 -0.248479706) (0.06987417745 0.1850883361 3.809768975) (-0.6780785408 0.916314886 1.441119437) (-0.4292004716 0.824316065 2.398409422) (-0.4939789659 2.044694095 1.518028663) (-0.0248341778 -0.1307790462 1.021294485) (-0.2150284359 1.288848184 -1.879237715) (-0.09666654619 -0.1221297902 -0.1863061748) (0.6296898706 0.2402353953 3.517677537) (-0.9822471307 0.4637446548 1.955722656) (-0.7622437449 0.4079764518 1.991834123) (-0.002764872004 -0.01321489378 0.1317984813)
0.002551790074    (0.6015193284 1.710723201 1.015497296) (0.3111546663 -0.2186968274 0.8092813963) (0.6614584733 1.799542263 -2.374394484) (0.1216416407 -0.08634433072 -0.2015192306) (-0.5858964622 0.2275405224 3.62288859) (0.8523068602 0.5912388927 1.934652533) (0.4605913498 0.4984580499 2.186057866) (0.1270041833 1.21737258 1.470851249) (0.05728935451 -0.08311868856 1.040209622) (-0.01039872793 1.620495151 -2.079149583) (-0.190465705 -0.00967398313 -0.2484195232) (0.07006788268 0.1851673599 3.809803317) (-0.6780832693 0.916238532 1.44077212) (-0.4295854652 0.8238272487 2.397149942) (-0.4948159872 2.04460325 1.51976334) (-0.02500529507 -0.1306772391 1.021238904) (-0.2158589045 1.289764159 -1.87879486) (-0.09671474695 -0.1221299268 -0.1862719188) (0.6296689077 0.240242886 3.517859788) (-0.98348372 0.4626826476 1.956053816) (-0.7625626064 0.4081562275 1.991600178) (-0.002765065203 -0.01321431039 0.131798776)
0.002567856682    (0.6003702153 1.711684252 1.017455085) (0.3111095205 -0.2186585731 0.8092473369) (0.6619585523 1.798546501 -2.374186768) (0.1216060579 -0.08636808495 -0.2014945668) (-0.5858381599 0.2276103507 3.623082805) (0.8556453113 0.5902037901 1.934904455) (0.4607275842 0.4983375578 2.185600282) (0.127215263 1.217971958 1.471671865) (0.05712145097 -0.08323898036 1.040222808) (-0.01007541481 1.620624064 -2.078962754) (-0.1903893437 -0.009602570839 -0.2483585927) (0.07025919982 0.1852456752 3.80983592) (-0.6780880233 0.916161086 1.440423354) (-0.429971308 0.8233380182 2.395889774) (-0.4956457269 2.044524426 1.521496237) (-0.02517666711 -0.1305762031 1.021184621) (-0.2166826864 1.290693835 -1.878361766) (-0.09676285715 -0.1221297469 -0.1862378702) (0.6296476313 0.2402509162 3.518042237) (-0.9847375871 0.4616452027 1.956398587) (-0.7628799459 0.4083346648 1.991368907) (-0.002765258485 -0.0132137284 0.1317990712)
0.002583923808    (0.5992158206 1.71264026 1.01942354) (0.311064687 -0.2186208477 0.8092139642) (0.6624526401 1.797543562 -2.373992971) (0.121570456 -0.08639213067 -0.2014702233) (-0.5857800632 0.2276807218 3.623277914) (0.8591004721 0.5891783398 1.935135658) (0.4608644159 0.4982160172 2.185142742) (0.1274276047 1.218575088 1.472488224) (0.05695364208 -0.0833597745 1.04023612) (-0.009745512384 1.620750029 -2.078778233) (-0.1903127179 -0.009532284644 -0.2482970587) (0.07044898327 0.1853233395 3.809866804) (-0.6780928792 0.9160825258 1.4400731) (-0.4303579861 0.8228484109 2.394628895) (-0.4964679206 2.044457281 1.523227168) (-0.0253482952 -0.1304759208 1.021131593) (-0.2174999487 1.291637016 -1.877939225) (-0.0968109573 -0.1221292585 -0.1862040878) (0.6296260835 0.2402594894 3.518224826) (-0.9860062995 0.4606318539 1.956760109) (-0.7631956829 0.4085118318 1.991140307) (-0.002765452612 -0.01321314831 0.1317993665)
0.002599992346    (0.5980566375 1.71359089 1.021402743) (0.3110201489 -0.2185836427 0.8091812906) (0.6629403708 1.796533251 -2.373812725) (0.1215347939 -0.08641618167 -0.2014459792) (-0.5857221114 0.2277515668 3.623473785) (0.8626674871 0.5881629926 1.935349106) (0.4610019654 0.4980934372 2.184685633) (0.127641372 1.219182046 1.473300381) (0.05678600781 -0.08348098084 1.040249475) (-0.009409395891 1.620872876 -2.078595917) (-0.1902358863 -0.00946266352 -0.2482348391) (0.07063722742 0.1854003483 3.809896078) (-0.6780978387 0.9160028517 1.439721308) (-0.4307454634 0.8223584288 2.393367259) (-0.4972821992 2.044401636 1.52495591) (-0.02552001059 -0.1303762735 1.021079794) (-0.218309984 1.292592769 -1.877527534) (-0.09685903086 -0.1221284976 -0.1861704011) (0.6296042522 0.2402686395 3.518407584) (-0.9872903575 0.4596433705 1.957140513) (-0.7635098637 0.4086879943 1.99091442) (-0.002765647388 -0.01321256985 0.1317996617)
0.002616057141    (0.5968936801 1.714535711 1.023391752) (0.3109759219 -0.218546976 0.8091493639) (0.663421697 1.795516238 -2.373646412) (0.1214991654 -0.08644043326 -0.2014220934) (-0.5856643971 0.2278228716 3.623670156) (0.8663358165 0.5871548514 1.935549946) (0.461139939 0.4979700551 2.184229412) (0.1278564992 1.219792718 1.474107912) (0.05661844237 -0.0836028612 1.040263151) (-0.009071967583 1.620992614 -2.078415813) (-0.190158822 -0.00939369763 -0.2481718585) (0.07082370466 0.1854771795 3.809923882) (-0.6781029642 0.9159220555 1.439368044) (-0.431133546 0.8218682438 2.392105289) (-0.4980877738 2.044357187 1.526681692) (-0.02569185871 -0.1302773362 1.021029434) (-0.2191120884 1.293559794 -1.877126988) (-0.09690710586 -0.1221274475 -0.1861367644) (0.6295822004 0.2402783145 3.51859042) (-0.9885861296 0.4586806324 1.957540568) (-0.7638224999 0.4088629469 1.990691419) (-0.002765843034 -0.01321199333 0.1317999562)
0.002632112558    (0.5957280154 1.715474171 1.025389662) (0.3109320419 -0.2185108334 0.8091181563) (0.6638966144 1.794492009 -2.373494198) (0.1214635855 -0.08646483769 -0.2013985693) (-0.5856068696 0.227894386 3.623866799) (0.8701137843 0.5861556728 1.935737217) (0.4612783835 0.4978455328 2.183773705) (0.1280730465 1.220407116 1.474910466) (0.056451022 -0.08372533352 1.040277121) (-0.008734511038 1.621109371 -2.078238137) (-0.1900814181 -0.009325823082 -0.2481080073) (0.07100810983 0.1855545456 3.809950507) (-0.6781082607 0.9158400695 1.439013393) (-0.431522082 0.8213780445 2.390843467) (-0.4988844418 2.044323883 1.528403699) (-0.02586380069 -0.1301792027 1.020980589) (-0.2199056117 1.294536644 -1.876738015) (-0.09695515347 -0.1221260597 -0.1861031467) (0.6295599143 0.2402881409 3.518773051) (-0.9898898815 0.4577360446 1.957963448) (-0.7641334826 0.4090362847 1.99047161) (-0.002766038715 -0.01321141903 0.1318002506)
0.002648159965    (0.5945601259 1.716406092 1.027396407) (0.3108884811 -0.2184752387 0.8090877308) (0.6643652085 1.793460168 -2.373356178) (0.1214280798 -0.08648946998 -0.201375483) (-0.5855495045 0.2279655389 3.624063265) (0.873989231 0.5851906617 1.935910351) (0.4614171994 0.4977198776 2.183318832) (0.1282911508 1.221025508 1.475708006) (0.05628382477 -0.08384803141 1.040291441) (-0.008393086167 1.621223562 -2.078063369) (-0.1900036063 -0.009259321628 -0.2480432866) (0.07119046301 0.1856325357 3.809976038) (-0.6781136994 0.9157568462 1.438657315) (-0.4319110449 0.8208878263 2.389581698) (-0.4996720954 2.044301339 1.530121775) (-0.02603586763 -0.130081822 1.020933145) (-0.2206896466 1.295521994 -1.876360738) (-0.09700299919 -0.1221241497 -0.1860694434) (0.6295374005 0.2402976082 3.518955118) (-0.9911945272 0.4568246846 1.958408984) (-0.7644427749 0.4092075904 1.990254843) (-0.00276623474 -0.01321084662 0.1318005448)
0.002664200736    (0.5933905108 1.717331433 1.029411962) (0.3108452358 -0.2184401456 0.8090580038) (0.6648276676 1.79242065 -2.373232566) (0.1213926249 -0.08651441004 -0.2013529538) (-0.5854923002 0.2280361728 3.624259381) (0.8779704849 0.5842119305 1.936083536) (0.4615566474 0.4975932355 2.182864453) (0.1285109889 1.221647917 1.476500536) (0.05611646789 -0.08397171257 1.040305796) (-0.008046108348 1.621335023 -2.077891135) (-0.1899254962 -0.009194411123 -0.2479778939) (0.07137087236 0.1857109222 3.810000489) (-0.6781192831 0.915672369 1.438299687) (-0.4323005385 0.820397545 2.388319921) (-0.5004504792 2.044289141 1.531835628) (-0.02620809009 -0.1299851856 1.020887033) (-0.2214633886 1.296515171 -1.87599562) (-0.09705054037 -0.1221217171 -0.1860356328) (0.6295146709 0.2403066426 3.519136446) (-0.9924977019 0.455938432 1.958880017) (-0.7647504741 0.4093771491 1.990041159) (-0.002766430824 -0.01321027567 0.1318008394)
0.002680236251    (0.5922196024 1.718250187 1.031436237) (0.3108022707 -0.218405559 0.8090289825) (0.665284061 1.79137371 -2.37312384) (0.1213572522 -0.08653971551 -0.2013308963) (-0.5854352455 0.2281065572 3.624455151) (0.8820551661 0.5832418917 1.936257853) (0.4616965799 0.4974658071 2.182410894) (0.1287327497 1.222274423 1.477287987) (0.0559490355 -0.08409618756 1.040320306) (-0.007693265417 1.621442741 -2.077721017) (-0.1898472189 -0.009130733911 -0.2479116599) (0.0715494825 0.1857894563 3.81002384) (-0.6781250337 0.9155866042 1.437940423) (-0.4326904309 0.8199071702 2.387058067) (-0.5012195307 2.044287171 1.533545172) (-0.0263804744 -0.1298892824 1.020842234) (-0.2222263095 1.297515401 -1.87564294) (-0.09709787946 -0.122118847 -0.1860018365) (0.6294917192 0.240315598 3.519317181) (-0.9938061628 0.4550814544 1.959375303) (-0.7650566743 0.4095447925 1.989830418) (-0.002766627275 -0.01320970642 0.1318011341)
0.002696267912    (0.5910479406 1.719162109 1.0334693) (0.3107595843 -0.2183714588 0.8090006211) (0.6657344808 1.790319308 -2.373030052) (0.1213219118 -0.08656531368 -0.2013093223) (-0.5853783099 0.2281771255 3.624650763) (0.8862279011 0.5822817023 1.936437517) (0.4618369203 0.4973375522 2.181958) (0.1289565578 1.222905099 1.478070366) (0.05578166686 -0.08422128042 1.040334968) (-0.007334969874 1.621547225 -2.077553392) (-0.1897688404 -0.009067818863 -0.2478446005) (0.0717264417 0.1858679087 3.810046061) (-0.6781309727 0.9154995163 1.437579435) (-0.4330809383 0.8194167162 2.385796025) (-0.5019789506 2.044295311 1.53525031) (-0.02655309634 -0.1297940335 1.020798652) (-0.222978384 1.298522099 -1.87530343) (-0.09714512062 -0.1221156947 -0.1859679827) (0.629468521 0.2403249337 3.519497507) (-0.995116629 0.4542490642 1.959899834) (-0.7653618434 0.4097105362 1.989622121) (-0.002766824072 -0.01320913873 0.1318014295)
0.002712297179    (0.5898760397 1.720066893 1.035511217) (0.3107171562 -0.2183378921 0.8089730067) (0.6661790687 1.789257449 -2.37295114) (0.1212865401 -0.08659125295 -0.2012883928) (-0.5853214761 0.2282482834 3.624846528) (0.8904852224 0.581328112 1.936623429) (0.4619773283 0.4972080499 2.181505906) (0.1291824404 1.223540239 1.478847723) (0.05561442039 -0.08434688152 1.040349769) (-0.006971434203 1.621648677 -2.077388181) (-0.1896901921 -0.009005709556 -0.2477769156) (0.07190185671 0.1859460711 3.810067065) (-0.6781370799 0.9154111374 1.437216663) (-0.4334720058 0.8189261941 2.384533731) (-0.5027286023 2.044313268 1.53695085) (-0.0267259358 -0.1296994794 1.020756323) (-0.2237188209 1.299534325 -1.874976953) (-0.09719234367 -0.1221120854 -0.1859340435) (0.6294452001 0.2403350327 3.519677599) (-0.9964181871 0.4534398996 1.96045508) (-0.7656658531 0.4098743459 1.98941706) (-0.002767021302 -0.01320857211 0.1318017245)
0.00272832558     (0.5887044291 1.720964366 1.03756209) (0.3106749958 -0.2183048299 0.8089460809) (0.6666180697 1.788188297 -2.372887345) (0.1212513098 -0.08661750782 -0.2012679701) (-0.5852647408 0.228320232 3.625042542) (0.8948477326 0.5803880743 1.93681911) (0.4621181216 0.4970773713 2.18105418) (0.1294105428 1.224180032 1.479619937) (0.05544727166 -0.08447294079 1.040364681) (-0.006602695912 1.621747542 -2.077225333) (-0.189611316 -0.008944790184 -0.2477085645) (0.07207585043 0.1860237688 3.810086801) (-0.6781433814 0.9153214293 1.436852026) (-0.4338636056 0.8184355469 2.383271073) (-0.5034684671 2.044340713 1.538646826) (-0.02689898521 -0.1296057041 1.020715323) (-0.2244476602 1.300551285 -1.874663579) (-0.09723940461 -0.1221080015 -0.1859001952) (0.6294216673 0.2403460571 3.519857505) (-0.9977132163 0.4526467338 1.961041639) (-0.7659685317 0.4100361686 1.989215444) (-0.002767218754 -0.01320800687 0.1318020201)
0.002744354575    (0.5875335218 1.721854231 1.039622051) (0.3106330468 -0.2182723255 0.8089199608) (0.6670513961 1.787111865 -2.372838731) (0.1212160287 -0.08664397798 -0.201247937) (-0.5852080904 0.2283929917 3.625238748) (0.8992948537 0.5794610268 1.937026488) (0.4622591809 0.496945588 2.1806032) (0.1296410433 1.224824597 1.480386965) (0.05528023546 -0.08459944984 1.040379651) (-0.006229094203 1.621843475 -2.077064523) (-0.18953233 -0.00888501005 -0.2476395598) (0.07224852703 0.186100865 3.810105239) (-0.6781498569 0.9152304275 1.436485428) (-0.4342557274 0.8179447516 2.382007978) (-0.504198429 2.044377671 1.540338097) (-0.02707224507 -0.1295127399 1.020675619) (-0.225164899 1.301572589 -1.874364067) (-0.09728620531 -0.1221036424 -0.185866478) (0.629397976 0.2403580785 3.520037312) (-0.9990023676 0.4518726339 1.961660675) (-0.7662698793 0.4101957681 1.989017102) (-0.002767416776 -0.0132074435 0.1318023158)
0.002760385556    (0.5863638348 1.722736234 1.041691174) (0.3105913608 -0.218240271 0.8088944626) (0.6674791139 1.786028329 -2.372805622) (0.1211806182 -0.08667061306 -0.2012280394) (-0.5851515241 0.2284665649 3.625435197) (0.9038265985 0.5785442837 1.937248967) (0.4624004244 0.4968125479 2.180152943) (0.1298739697 1.225474067 1.481148849) (0.05511325238 -0.08472635679 1.040394597) (-0.005850778957 1.621936518 -2.0769057) (-0.189453349 -0.008826631867 -0.2475699183) (0.07242001174 0.186177212 3.810122263) (-0.678156476 0.915137693 1.436116809) (-0.4346483919 0.8174537669 2.380744369) (-0.5049181712 2.044423956 1.542024655) (-0.02724566419 -0.1294205297 1.020637149) (-0.2258705085 1.302598146 -1.874079052) (-0.09733290711 -0.1220990234 -0.1858328565) (0.6293741207 0.240371135 3.520217144) (-1.000280812 0.4511157291 1.962317158) (-0.7665697728 0.4103529991 1.988821757) (-0.002767615196 -0.01320688134 0.1318026122)
0.002776419747    (0.58519594 1.72361035 1.043769412) (0.3105499226 -0.2182086751 0.8088695964) (0.6679015948 1.784938061 -2.372788568) (0.1211451405 -0.0866976127 -0.2012083959) (-0.5850950695 0.2285409588 3.625631953) (0.9084339312 0.5776442709 1.937490233) (0.4625417047 0.4966783888 2.179703009) (0.1301093473 1.226128436 1.481905448) (0.05494628777 -0.0848538519 1.040409935) (-0.005467638183 1.622026624 -2.076749104) (-0.1893741559 -0.008769572306 -0.2474996567) (0.07259020382 0.1862528142 3.810137517) (-0.6781634491 0.9150433858 1.435746068) (-0.4350416062 0.8169625894 2.379480186) (-0.5056275021 2.044479519 1.543706437) (-0.02741928978 -0.1293291052 1.020599971) (-0.2265633543 1.303626852 -1.873808452) (-0.09737948448 -0.122094018 -0.185799268) (0.6293501122 0.2403851917 3.520397015) (-1.001545688 0.4503767712 1.963010468) (-0.7668689288 0.4105080002 1.988629031) (-0.00276781384 -0.01320632067 0.1318029088)
0.002792458251    (0.5840305712 1.724476481 1.045857012) (0.3105086268 -0.2181776287 0.80884547) (0.668318943 1.783841281 -2.372787639) (0.1211096648 -0.08672495048 -0.2011890534) (-0.5850386482 0.2286161742 3.625827857) (0.9131208656 0.5767472444 1.937753841) (0.462683155 0.49654305 2.179253611) (0.1303476122 1.22678776 1.48265669) (0.05477924757 -0.08498217224 1.040425738) (-0.005079503762 1.622113893 -2.07659489) (-0.1892948703 -0.008714006894 -0.2474287615) (0.07275871692 0.1863278318 3.810149723) (-0.6781708257 0.9149474992 1.435373136) (-0.4354353912 0.8164712154 2.378215402) (-0.5063263821 2.044544309 1.54538328) (-0.02759318616 -0.1292384776 1.020564103) (-0.2272438774 1.304660503 -1.873552635) (-0.0974258856 -0.1220888356 -0.1857656759) (0.6293259198 0.2404001989 3.520576952) (-1.002811628 0.4496602001 1.96374358) (-0.7671674486 0.4106605916 1.988438849) (-0.002768012864 -0.01320576122 0.1318032062)
0.00280850207     (0.5828681814 1.725334301 1.047954028) (0.3104674699 -0.2181471342 0.8088221066) (0.6687312764 1.782738392 -2.372802971) (0.1210743238 -0.08675263662 -0.2011701444) (-0.5849822324 0.2286921527 3.626022537) (0.9178763524 0.5758577966 1.938038832) (0.4628248615 0.4964066289 2.178805155) (0.1305885507 1.227451828 1.48340231) (0.05461216049 -0.08511126084 1.040441801) (-0.0046864221 1.622198303 -2.076443006) (-0.1892155863 -0.008659901607 -0.2473570057) (0.07292604748 0.1864020512 3.810159903) (-0.6781785618 0.9148500204 1.434997964) (-0.4358297033 0.8159796768 2.37694986) (-0.5070144755 2.044618008 1.547055012) (-0.02776733591 -0.1291486456 1.020529494) (-0.2279116778 1.305700511 -1.873312065) (-0.09747218816 -0.1220832945 -0.1857320766) (0.6293016122 0.2404160873 3.52075693) (-1.00406649 0.4489636419 1.964516103) (-0.7674647783 0.4108106263 1.988252104) (-0.002768212201 -0.01320520366 0.1318035037)
0.002824552156    (0.5817094071 1.726183402 1.050060548) (0.3104264886 -0.2181171538 0.8087994438) (0.6691387807 1.781629523 -2.372834513) (0.1210391013 -0.08678063556 -0.2011516932) (-0.5849257617 0.2287689024 3.62621618) (0.9227072734 0.5749821242 1.938344335) (0.4629670654 0.4962684821 2.178357042) (0.1308323726 1.228120928 1.48414235) (0.0544450303 -0.08524105826 1.040458028) (-0.00428891006 1.622279551 -2.076293439) (-0.1891362638 -0.008607401507 -0.24728437) (0.0730923508 0.1864754222 3.810168313) (-0.6781866119 0.9147508987 1.434620496) (-0.4362246237 0.8154881952 2.375683503) (-0.5076917657 2.044700626 1.548721441) (-0.0279416853 -0.1290596158 1.020496181) (-0.2285658349 1.306744632 -1.873086799) (-0.09751843882 -0.122077327 -0.185698464) (0.6292771673 0.2404328288 3.520937016) (-1.005304452 0.4482826735 1.965331508) (-0.7677612564 0.4109580652 1.988068191) (-0.002768411748 -0.0132046474 0.1318038016)
0.002840609302    (0.5805548094 1.727023344 1.052176659) (0.3103856459 -0.2180877286 0.8087775823) (0.6695414522 1.780514838 -2.372882266) (0.1210039912 -0.0868087989 -0.2011336513) (-0.5848692426 0.228846344 3.626408765) (0.9276052952 0.5741214494 1.938675219) (0.4631096881 0.4961289532 2.177909995) (0.1310793063 1.228795184 1.484876858) (0.05427788245 -0.08537153181 1.040474373) (-0.00388657333 1.622357757 -2.076145821) (-0.1890567981 -0.008556643881 -0.247210936) (0.07325766393 0.1865479746 3.81017505) (-0.6781949507 0.9146500982 1.434240684) (-0.4366201828 0.8149968337 2.374416319) (-0.5083579528 2.044792039 1.550382304) (-0.02811627669 -0.1289713049 1.020464077) (-0.2292058961 1.307792236 -1.872877234) (-0.0975645583 -0.1220711294 -0.1856647731) (0.6292526007 0.240450374 3.521117217) (-1.006516008 0.4476173388 1.966192207) (-0.7680568758 0.4111029537 1.987887188) (-0.002768611581 -0.01320409273 0.1318040995)
0.002856674036    (0.5794051716 1.727853847 1.054302397) (0.3103449574 -0.2180588148 0.8087564171) (0.669939332 1.779394615 -2.372946661) (0.1209690263 -0.08683720223 -0.2011159626) (-0.584812621 0.2289244427 3.626600418) (0.9325626139 0.5732776792 1.939034699) (0.4632526492 0.495988185 2.177463578) (0.1313294293 1.229474542 1.485605742) (0.05411073203 -0.08550272548 1.04049087) (-0.003479761895 1.62243314 -2.076000204) (-0.1889771269 -0.00850753604 -0.2471365491) (0.07342200432 0.1866197513 3.810180192) (-0.6782036528 0.9145476258 1.433858505) (-0.437016397 0.8145056424 2.373148389) (-0.5090130574 2.04489243 1.552037486) (-0.02829097953 -0.1288838466 1.020433368) (-0.2298316307 1.308842951 -1.872683222) (-0.09761046325 -0.1220646284 -0.1856311692) (0.6292279481 0.2404686749 3.521297524) (-1.007691395 0.4469686737 1.967100483) (-0.7683517238 0.4112461186 1.987709011) (-0.002768811687 -0.01320353941 0.1318043981)
0.00287274669     (0.578261242 1.728674392 1.056437815) (0.3103043835 -0.2180304531 0.8087359991) (0.670332391 1.778269185 -2.373027923) (0.1209342198 -0.08686586135 -0.2010986647) (-0.5847559056 0.2290031496 3.626791254) (0.9375783379 0.5724467865 1.939422802) (0.463395687 0.4958461048 2.177017896) (0.1315828586 1.230159047 1.486328922) (0.05394355739 -0.0856346363 1.04050748) (-0.003067365301 1.62250522 -2.075855453) (-0.1888971911 -0.008459979136 -0.2470612372) (0.07358535262 0.1866908073 3.810183794) (-0.6782127142 0.9144434535 1.433473864) (-0.4374131894 0.8140145432 2.371879469) (-0.5096566876 2.045001439 1.553686789) (-0.02846587687 -0.1287971585 1.02040396) (-0.2304423471 1.309896904 -1.872505361) (-0.09765633008 -0.1220577493 -0.1855976782) (0.6292031928 0.2404876732 3.521477951) (-1.008831792 0.4463324086 1.968052674) (-0.7686458586 0.4113871883 1.987534) (-0.002769012191 -0.01320298799 0.1318046968)
0.00288882752     (0.5771239905 1.729484666 1.058583045) (0.3102639829 -0.2180026101 0.808716262) (0.6707208725 1.777138675 -2.3731261) (0.120899573 -0.08689477659 -0.2010817969) (-0.5846990788 0.2290824072 3.626981442) (0.9426539021 0.5716285371 1.93983866) (0.4635387776 0.4957022044 2.176573096) (0.1318396182 1.230848903 1.487046379) (0.05377634078 -0.08576732483 1.040524172) (-0.002649494611 1.622574014 -2.075711425) (-0.1888172198 -0.008413995138 -0.2469850634) (0.0737477582 0.1867612571 3.81018599) (-0.6782221413 0.9143374848 1.43308665) (-0.437810401 0.8135234561 2.370609315) (-0.5102885329 2.045118862 1.555330059) (-0.0286409463 -0.1287112067 1.02037583) (-0.2310377199 1.310954458 -1.872344312) (-0.09770213734 -0.1220504714 -0.1855641446) (0.629178337 0.2405073202 3.521658564) (-1.009940061 0.4457111783 1.969051688) (-0.7689393615 0.4115256533 1.987361481) (-0.00276921302 -0.01320243781 0.1318049959)
