# Field minima and maxima
# Time            	field             	min               	location(min)     	processor         	max               	location(max)     	processor         
0.000112          	mag(U)            	0.0000000000e+00	(-1.4000000060e-01 4.9258069922e-03 5.3000562546e-02)	0	2.3460323692e-01	(1.0050000507e-01 4.3628034963e-02 1.4857531256e-01)	1
0.000112          	k                 	1.5690683119e-06	(1.0291314320e-01 4.7269903838e-02 6.1879950920e-03)	3	1.0017058384e-02	(-1.2349981135e-01 4.3727081362e-02 1.5067922078e-01)	1
0.000112          	omega             	1.9996291280e+01	(-3.7825125598e-01 4.4374162605e-01 3.2800234923e-01)	2	1.6962361631e+07	(1.0291314320e-01 4.7269903838e-02 6.1879950920e-03)	3
0.000112          	p                 	-1.9427949490e+00	(-2.1207398807e-02 9.0162452914e-02 -9.7979873685e-02)	2	9.8283242758e+00	(1.1549973211e-01 4.6107355928e-02 1.6950080735e-01)	1
0.0001264         	mag(U)            	0.0000000000e+00	(-1.4000000060e-01 4.9258069922e-03 5.3000562546e-02)	0	2.6393528869e-01	(1.0050000507e-01 4.3628034963e-02 1.4857531256e-01)	1
0.0001264         	k                 	1.5076364601e-06	(1.0291314320e-01 4.7269903838e-02 6.1879950920e-03)	3	1.0019444023e-02	(-1.2349981135e-01 4.3727081362e-02 1.5067922078e-01)	1
0.0001264         	omega             	1.9995814540e+01	(-3.7825125598e-01 4.4374162605e-01 3.2800234923e-01)	2	1.6962361631e+07	(1.0291314320e-01 4.7269903838e-02 6.1879950920e-03)	3
0.0001264         	p                 	-1.9200120804e+00	(-2.1207398807e-02 9.0162452914e-02 -9.7979873685e-02)	2	9.7942900017e+00	(1.1549973211e-01 4.6107355928e-02 1.6950080735e-01)	1
0.00014368        	mag(U)            	0.0000000000e+00	(-1.4000000060e-01 4.9258069922e-03 5.3000562546e-02)	0	2.9917070014e-01	(1.0050000507e-01 4.3628034963e-02 1.4857531256e-01)	1
0.00014368        	k                 	1.4278378304e-06	(1.0291314320e-01 4.7269903838e-02 6.1879950920e-03)	3	1.0022332388e-02	(-1.2349981135e-01 4.3727081362e-02 1.5067922078e-01)	1
0.00014368        	omega             	1.9995242481e+01	(-3.7825125598e-01 4.4374162605e-01 3.2800234923e-01)	2	1.6962361630e+07	(1.0291314320e-01 4.7269903838e-02 6.1879950920e-03)	3
0.00014368        	p                 	-1.9152329236e+00	(-2.1207398807e-02 9.0162452914e-02 -9.7979873685e-02)	2	9.7780744723e+00	(1.1549973211e-01 4.6107355928e-02 1.6950080735e-01)	1
0.000164416       	mag(U)            	0.0000000000e+00	(-1.4000000060e-01 4.9258069922e-03 5.3000562546e-02)	0	3.4127665189e-01	(1.0050000507e-01 4.3628034963e-02 1.4857531256e-01)	1
0.000164416       	k                 	1.3270393797e-06	(1.0291314320e-01 4.7269903838e-02 6.1879950920e-03)	3	1.0029718900e-02	(1.2749980757e-01 4.2723282965e-02 1.9140171572e-01)	0
0.000164416       	omega             	1.9994556049e+01	(-3.7825125598e-01 4.4374162605e-01 3.2800234923e-01)	2	1.6962361629e+07	(1.0291314320e-01 4.7269903838e-02 6.1879950920e-03)	3
0.000164416       	p                 	-1.9037937202e+00	(-2.1207398807e-02 9.0162452914e-02 -9.7979873685e-02)	2	9.7780207500e+00	(1.1549973211e-01 4.6107355928e-02 1.6950080735e-01)	1
0.0001892992      	mag(U)            	0.0000000000e+00	(-1.4000000060e-01 4.9258069922e-03 5.3000562546e-02)	0	3.9133887568e-01	(1.0050000507e-01 4.3628034963e-02 1.4857531256e-01)	1
0.0001892992      	k                 	1.2011496735e-06	(-1.1858665520e-01 5.5360531035e-02 9.6616182517e-03)	0	1.0040511990e-02	(9.6500022334e-02 4.2634083700e-02 1.9244572556e-01)	1
0.0001892992      	omega             	1.9993732388e+01	(-3.7825125598e-01 4.4374162605e-01 3.2800234923e-01)	2	1.6962361629e+07	(1.0291314320e-01 4.7269903838e-02 6.1879950920e-03)	3
0.0001892992      	p                 	-1.9002189028e+00	(-2.1207398807e-02 9.0162452914e-02 -9.7979873685e-02)	2	9.7807007660e+00	(1.1549973211e-01 4.6107355928e-02 1.6950080735e-01)	1
0.0002142992      	mag(U)            	0.0000000000e+00	(-1.4000000060e-01 4.9258069922e-03 5.3000562546e-02)	0	4.4045930583e-01	(1.0050000507e-01 4.3628034963e-02 1.4857531256e-01)	1
0.0002142992      	k                 	1.0627044053e-06	(-1.1858665520e-01 5.5360531035e-02 9.6616182517e-03)	0	1.0053025845e-02	(9.6500022334e-02 4.2634083700e-02 1.9244572556e-01)	1
0.0002142992      	omega             	1.9992904927e+01	(-3.7825125598e-01 4.4374162605e-01 3.2800234923e-01)	2	1.6962361628e+07	(1.0291314320e-01 4.7269903838e-02 6.1879950920e-03)	3
0.0002142992      	p                 	-1.9381429544e+00	(-2.1207398807e-02 9.0162452914e-02 -9.7979873685e-02)	2	9.8415692379e+00	(1.1549973211e-01 4.6107355928e-02 1.6950080735e-01)	1
0.0002392992      	mag(U)            	0.0000000000e+00	(-1.4000000060e-01 4.9258069922e-03 5.3000562546e-02)	0	4.8833510344e-01	(1.0050000507e-01 4.3628034963e-02 1.4857531256e-01)	1
0.0002392992      	k                 	9.6337905157e-07	(-1.1858665520e-01 5.5360531035e-02 9.6616182517e-03)	0	1.0067040084e-02	(9.6500022334e-02 4.2634083700e-02 1.9244572556e-01)	1
0.0002392992      	omega             	1.9992077534e+01	(-3.7825125598e-01 4.4374162605e-01 3.2800234923e-01)	2	1.6962361627e+07	(1.0291314320e-01 4.7269903838e-02 6.1879950920e-03)	3
0.0002392992      	p                 	-1.9632732702e+00	(-2.1207398807e-02 9.0162452914e-02 -9.7979873685e-02)	2	9.8888173162e+00	(1.1549973211e-01 4.6107355928e-02 1.6950080735e-01)	1
0.0002642992      	mag(U)            	0.0000000000e+00	(-1.4000000060e-01 4.9258069922e-03 5.3000562546e-02)	0	5.3503247173e-01	(1.0050000507e-01 4.3628034963e-02 1.4857531256e-01)	1
0.0002642992      	k                 	8.7886294688e-07	(-1.1858665520e-01 5.5360531035e-02 9.6616182517e-03)	0	1.0082123776e-02	(9.6500022334e-02 4.2634083700e-02 1.9244572556e-01)	1
0.0002642992      	omega             	1.9991250209e+01	(-3.7825125598e-01 4.4374162605e-01 3.2800234923e-01)	2	1.6962361626e+07	(1.0291314320e-01 4.7269903838e-02 6.1879950920e-03)	3
0.0002642992      	p                 	-1.9658515535e+00	(-2.1207398807e-02 9.0162452914e-02 -9.7979873685e-02)	2	9.9115820412e+00	(1.1549973211e-01 4.6107355928e-02 1.6950080735e-01)	1
0.0002892992      	mag(U)            	0.0000000000e+00	(-1.4000000060e-01 4.9258069922e-03 5.3000562546e-02)	0	5.8061922580e-01	(1.0050000507e-01 4.3628034963e-02 1.4857531256e-01)	1
0.0002892992      	k                 	8.1137018542e-07	(-1.1858665520e-01 5.5360531035e-02 9.6616182517e-03)	0	1.0097896304e-02	(9.6500022334e-02 4.2634083700e-02 1.9244572556e-01)	1
0.0002892992      	omega             	1.9990422953e+01	(-3.7825125598e-01 4.4374162605e-01 3.2800234923e-01)	2	1.6962361626e+07	(1.0291314320e-01 4.7269903838e-02 6.1879950920e-03)	3
0.0002892992      	p                 	-1.9681972550e+00	(-2.1207398807e-02 9.0162452914e-02 -9.7979873685e-02)	2	9.9140304755e+00	(1.1549973211e-01 4.6107355928e-02 1.6950080735e-01)	1
0.0003142992      	mag(U)            	0.0000000000e+00	(-1.4000000060e-01 4.9258069922e-03 5.3000562546e-02)	0	6.2514057399e-01	(1.0050000507e-01 4.3628034963e-02 1.4857531256e-01)	1
0.0003142992      	k                 	7.5753001011e-07	(-1.1858665520e-01 5.5360531035e-02 9.6616182517e-03)	0	1.0114230606e-02	(9.6500022334e-02 4.2634083700e-02 1.9244572556e-01)	1
0.0003142992      	omega             	1.9989595765e+01	(-3.7825125598e-01 4.4374162605e-01 3.2800234923e-01)	2	1.6962361625e+07	(1.0291314320e-01 4.7269903838e-02 6.1879950920e-03)	3
0.0003142992      	p                 	-1.9731127409e+00	(-2.1207398807e-02 9.0162452914e-02 -9.7979873685e-02)	2	9.9161992938e+00	(1.1549973211e-01 4.6107355928e-02 1.6950080735e-01)	1
0.0003392992      	mag(U)            	0.0000000000e+00	(-1.4000000060e-01 4.9258069922e-03 5.3000562546e-02)	0	6.6863874174e-01	(1.0050000507e-01 4.3628034963e-02 1.4857531256e-01)	1
0.0003392992      	k                 	7.1397182835e-07	(-1.1858665520e-01 5.5360531035e-02 9.6616182517e-03)	0	1.0131869580e-02	(9.8500005452e-02 4.2572300185e-02 1.4858472062e-01)	1
0.0003392992      	omega             	1.9988768645e+01	(-3.7825125598e-01 4.4374162605e-01 3.2800234923e-01)	2	1.6962361625e+07	(1.0291314320e-01 4.7269903838e-02 6.1879950920e-03)	3
0.0003392992      	p                 	-1.9719863747e+00	(-2.1207398807e-02 9.0162452914e-02 -9.7979873685e-02)	2	9.9208031635e+00	(1.1549973211e-01 4.6107355928e-02 1.6950080735e-01)	1
0.0003642992      	mag(U)            	0.0000000000e+00	(-1.4000000060e-01 4.9258069922e-03 5.3000562546e-02)	0	7.1112804964e-01	(1.0050000507e-01 4.3628034963e-02 1.4857531256e-01)	1
0.0003642992      	k                 	6.7852692698e-07	(-1.1858665520e-01 5.5360531035e-02 9.6616182517e-03)	0	1.0151593589e-02	(9.8500005452e-02 4.2572300185e-02 1.4858472062e-01)	1
0.0003642992      	omega             	1.9987941594e+01	(-3.7825125598e-01 4.4374162605e-01 3.2800234923e-01)	2	1.6962361625e+07	(1.0291314320e-01 4.7269903838e-02 6.1879950920e-03)	3
0.0003642992      	p                 	-1.9771501367e+00	(-2.1207398807e-02 9.0162452914e-02 -9.7979873685e-02)	2	9.9291102082e+00	(1.1549973211e-01 4.6107355928e-02 1.6950080735e-01)	1
0.0003892992      	mag(U)            	0.0000000000e+00	(-1.4000000060e-01 4.9258069922e-03 5.3000562546e-02)	0	7.5260232909e-01	(1.0050000507e-01 4.3628034963e-02 1.4857531256e-01)	1
0.0003892992      	k                 	6.4927408348e-07	(-1.1858665520e-01 5.5360531035e-02 9.6616182517e-03)	0	1.0171973578e-02	(9.8500005452e-02 4.2572300185e-02 1.4858472062e-01)	1
0.0003892992      	omega             	1.9987114611e+01	(-3.7825125598e-01 4.4374162605e-01 3.2800234923e-01)	2	1.6962361624e+07	(1.0291314320e-01 4.7269903838e-02 6.1879950920e-03)	3
0.0003892992      	p                 	-1.9844312360e+00	(-2.1207398807e-02 9.0162452914e-02 -9.7979873685e-02)	2	9.9371640790e+00	(1.1549973211e-01 4.6107355928e-02 1.6950080735e-01)	1
0.0004142992      	mag(U)            	0.0000000000e+00	(-1.4000000060e-01 4.9258069922e-03 5.3000562546e-02)	0	7.9396501217e-01	(1.3350462904e-01 4.4838721827e-02 1.8248397230e-01)	1
0.0004142992      	k                 	6.2459337715e-07	(-1.1858665520e-01 5.5360531035e-02 9.6616182517e-03)	0	1.0192970816e-02	(9.8500005452e-02 4.2572300185e-02 1.4858472062e-01)	1
0.0004142992      	omega             	1.9986287697e+01	(-3.7825125598e-01 4.4374162605e-01 3.2800234923e-01)	2	1.6962361624e+07	(1.0291314320e-01 4.7269903838e-02 6.1879950920e-03)	3
0.0004142992      	p                 	-1.9860269296e+00	(-2.1207398807e-02 9.0162452914e-02 -9.7979873685e-02)	2	9.9443410595e+00	(1.1549973211e-01 4.6107355928e-02 1.6950080735e-01)	1
0.0004392992      	mag(U)            	0.0000000000e+00	(-1.4000000060e-01 4.9258069922e-03 5.3000562546e-02)	0	8.3442671569e-01	(1.3350462904e-01 4.4838721827e-02 1.8248397230e-01)	1
0.0004392992      	k                 	6.0332386000e-07	(-1.1858665520e-01 5.5360531035e-02 9.6616182517e-03)	0	1.0214575595e-02	(9.8500005452e-02 4.2572300185e-02 1.4858472062e-01)	1
0.0004392992      	omega             	1.9985460851e+01	(-3.7825125598e-01 4.4374162605e-01 3.2800234923e-01)	2	1.6962361624e+07	(1.0291314320e-01 4.7269903838e-02 6.1879950920e-03)	3
0.0004392992      	p                 	-1.9927567885e+00	(-2.1207398807e-02 9.0162452914e-02 -9.7979873685e-02)	2	9.9512083632e+00	(1.1549973211e-01 4.6107355928e-02 1.6950080735e-01)	1
0.0004642992      	mag(U)            	0.0000000000e+00	(-1.4000000060e-01 4.9258069922e-03 5.3000562546e-02)	0	8.7390369435e-01	(1.3350462904e-01 4.4838721827e-02 1.8248397230e-01)	1
0.0004642992      	k                 	5.8467482185e-07	(-1.1858665520e-01 5.5360531035e-02 9.6616182517e-03)	0	1.0236788335e-02	(9.8500005452e-02 4.2572300185e-02 1.4858472062e-01)	1
0.0004642992      	omega             	1.9984634074e+01	(-3.7825125598e-01 4.4374162605e-01 3.2800234923e-01)	2	1.6962361624e+07	(1.0291314320e-01 4.7269903838e-02 6.1879950920e-03)	3
0.0004642992      	p                 	-1.9916741370e+00	(-2.1207398807e-02 9.0162452914e-02 -9.7979873685e-02)	2	9.9566601738e+00	(1.1549973211e-01 4.6107355928e-02 1.6950080735e-01)	1
0.0004892992      	mag(U)            	0.0000000000e+00	(-1.4000000060e-01 4.9258069922e-03 5.3000562546e-02)	0	9.1238797003e-01	(1.3350462904e-01 4.4838721827e-02 1.8248397230e-01)	1
0.0004892992      	k                 	5.6809264168e-07	(-1.1858665520e-01 5.5360531035e-02 9.6616182517e-03)	0	1.0259613475e-02	(9.8500005452e-02 4.2572300185e-02 1.4858472062e-01)	1
0.0004892992      	omega             	1.9983807365e+01	(-3.7825125598e-01 4.4374162605e-01 3.2800234923e-01)	2	1.6962361624e+07	(1.0291314320e-01 4.7269903838e-02 6.1879950920e-03)	3
0.0004892992      	p                 	-1.9915358952e+00	(-2.1207398807e-02 9.0162452914e-02 -9.7979873685e-02)	2	9.9626645114e+00	(1.1549973211e-01 4.6107355928e-02 1.6950080735e-01)	1
0.0005142992      	mag(U)            	0.0000000000e+00	(-1.4000000060e-01 4.9258069922e-03 5.3000562546e-02)	0	9.4987213155e-01	(1.3350462904e-01 4.4838721827e-02 1.8248397230e-01)	1
0.0005142992      	k                 	5.5319638593e-07	(-1.1858665520e-01 5.5360531035e-02 9.6616182517e-03)	0	1.0284142114e-02	(1.2149999031e-01 4.2542478763e-02 1.4753856982e-01)	1
0.0005142992      	omega             	1.9982980724e+01	(-3.7825125598e-01 4.4374162605e-01 3.2800234923e-01)	2	1.6962361624e+07	(1.0291314320e-01 4.7269903838e-02 6.1879950920e-03)	3
0.0005142992      	p                 	-1.9933522835e+00	(-2.1207398807e-02 9.0162452914e-02 -9.7979873685e-02)	2	9.9675983583e+00	(1.1549973211e-01 4.6107355928e-02 1.6950080735e-01)	1
0.0005392992      	mag(U)            	0.0000000000e+00	(-1.4000000060e-01 4.9258069922e-03 5.3000562546e-02)	0	9.8635228694e-01	(1.3350462904e-01 4.4838721827e-02 1.8248397230e-01)	1
0.0005392992      	k                 	5.3970415012e-07	(-1.1858665520e-01 5.5360531035e-02 9.6616182517e-03)	0	1.0310251434e-02	(1.2149999031e-01 4.2542478763e-02 1.4753856982e-01)	1
0.0005392992      	omega             	1.9982154152e+01	(-3.7825109201e-01 4.4374127905e-01 3.4400427963e-01)	2	1.6962361624e+07	(1.0291314320e-01 4.7269903838e-02 6.1879950920e-03)	3
0.0005392992      	p                 	-1.9927837387e+00	(-2.1207398807e-02 9.0162452914e-02 -9.7979873685e-02)	2	9.9719640971e+00	(1.1549973211e-01 4.6107355928e-02 1.6950080735e-01)	1
0.0005642992      	mag(U)            	0.0000000000e+00	(-1.4000000060e-01 4.9258069922e-03 5.3000562546e-02)	0	1.0218299380e+00	(1.3350462904e-01 4.4838721827e-02 1.8248397230e-01)	1
0.0005642992      	k                 	5.2740614429e-07	(-1.1858665520e-01 5.5360531035e-02 9.6616182517e-03)	0	1.0337068109e-02	(1.2149999031e-01 4.2542478763e-02 1.4753856982e-01)	1
0.0005642992      	omega             	1.9981327648e+01	(-3.7825109201e-01 4.4374127905e-01 3.4400427963e-01)	2	1.6962361624e+07	(1.0291314320e-01 4.7269903838e-02 6.1879950920e-03)	3
0.0005642992      	p                 	-1.9983453650e+00	(-2.1207398807e-02 9.0162452914e-02 -9.7979873685e-02)	2	9.9754291493e+00	(1.1549973211e-01 4.6107355928e-02 1.6950080735e-01)	1
0.0005892992      	mag(U)            	0.0000000000e+00	(-1.4000000060e-01 4.9258069922e-03 5.3000562546e-02)	0	1.0563081232e+00	(1.3350462904e-01 4.4838721827e-02 1.8248397230e-01)	1
0.0005892992      	k                 	5.1613780774e-07	(-1.1858665520e-01 5.5360531035e-02 9.6616182517e-03)	0	1.0364600530e-02	(1.2149999031e-01 4.2542478763e-02 1.4753856982e-01)	1
0.0005892992      	omega             	1.9980501212e+01	(-3.7825109201e-01 4.4374127905e-01 3.4400427963e-01)	2	1.6962361624e+07	(1.0291314320e-01 4.7269903838e-02 6.1879950920e-03)	3
0.0005892992      	p                 	-1.9949350477e+00	(-2.1207398807e-02 9.0162452914e-02 -9.7979873685e-02)	2	9.9785461597e+00	(1.1549973211e-01 4.6107355928e-02 1.6950080735e-01)	1
0.0006142992      	mag(U)            	0.0000000000e+00	(-1.4000000060e-01 4.9258069922e-03 5.3000562546e-02)	0	1.0897935502e+00	(1.3350462904e-01 4.4838721827e-02 1.8248397230e-01)	1
0.0006142992      	k                 	5.0575840714e-07	(-1.1858665520e-01 5.5360531035e-02 9.6616182517e-03)	0	1.0392858713e-02	(1.2149999031e-01 4.2542478763e-02 1.4753856982e-01)	1
0.0006142992      	omega             	1.9979674845e+01	(-3.7825109201e-01 4.4374127905e-01 3.4400427963e-01)	2	1.6962361624e+07	(1.0291314320e-01 4.7269903838e-02 6.1879950920e-03)	3
0.0006142992      	p                 	-2.0007223012e+00	(-2.1207398807e-02 9.0162452914e-02 -9.7979873685e-02)	2	9.9816578228e+00	(1.1549973211e-01 4.6107355928e-02 1.6950080735e-01)	1
0.0006392992      	mag(U)            	0.0000000000e+00	(-1.4000000060e-01 4.9258069922e-03 5.3000562546e-02)	0	1.1222924682e+00	(1.3350462904e-01 4.4838721827e-02 1.8248397230e-01)	1
0.0006392992      	k                 	4.9615527513e-07	(-1.1858665520e-01 5.5360531035e-02 9.6616182517e-03)	0	1.0421853702e-02	(1.2149999031e-01 4.2542478763e-02 1.4753856982e-01)	1
0.0006392992      	omega             	1.9978848547e+01	(-3.7825109201e-01 4.4374127905e-01 3.4400427963e-01)	2	1.6962361624e+07	(1.0291314320e-01 4.7269903838e-02 6.1879950920e-03)	3
0.0006392992      	p                 	-1.9987158186e+00	(-2.1207398807e-02 9.0162452914e-02 -9.7979873685e-02)	2	9.9847136677e+00	(1.1549973211e-01 4.6107355928e-02 1.6950080735e-01)	1
0.0006642992      	mag(U)            	0.0000000000e+00	(-1.4000000060e-01 4.9258069922e-03 5.3000562546e-02)	0	1.1538249883e+00	(1.3350462904e-01 4.4838721827e-02 1.8248397230e-01)	1
0.0006642992      	k                 	4.8724550591e-07	(-1.1858665520e-01 5.5360531035e-02 9.6616182517e-03)	0	1.0451597233e-02	(1.2149999031e-01 4.2542478763e-02 1.4753856982e-01)	1
0.0006642992      	omega             	1.9978022316e+01	(-3.7825109201e-01 4.4374127905e-01 3.4400427963e-01)	2	1.6962361624e+07	(1.0291314320e-01 4.7269903838e-02 6.1879950920e-03)	3
0.0006642992      	p                 	-2.0006490726e+00	(-2.1207398807e-02 9.0162452914e-02 -9.7979873685e-02)	2	9.9879014114e+00	(1.1549973211e-01 4.6107355928e-02 1.6950080735e-01)	1
0.0006892992      	mag(U)            	0.0000000000e+00	(-1.4000000060e-01 4.9258069922e-03 5.3000562546e-02)	0	1.1844129251e+00	(1.3350462904e-01 4.4838721827e-02 1.8248397230e-01)	1
0.0006892992      	k                 	4.7896084228e-07	(-1.1858665520e-01 5.5360531035e-02 9.6616182517e-03)	0	1.0482101487e-02	(1.2149999031e-01 4.2542478763e-02 1.4753856982e-01)	1
0.0006892992      	omega             	1.9977196154e+01	(-3.7825109201e-01 4.4374127905e-01 3.4400427963e-01)	2	1.6962361624e+07	(1.0291314320e-01 4.7269903838e-02 6.1879950920e-03)	3
0.0006892992      	p                 	-1.9976214799e+00	(-2.1207398807e-02 9.0162452914e-02 -9.7979873685e-02)	2	9.9903992537e+00	(1.1549973211e-01 4.6107355928e-02 1.6950080735e-01)	1
0.0007142992      	mag(U)            	0.0000000000e+00	(-1.4000000060e-01 4.9258069922e-03 5.3000562546e-02)	0	1.2140745888e+00	(1.3350462904e-01 4.4838721827e-02 1.8248397230e-01)	1
0.0007142992      	k                 	4.7124049319e-07	(-1.1858665520e-01 5.5360531035e-02 9.6616182517e-03)	0	1.0513426022e-02	(1.0649999393e-01 4.2517385589e-02 1.4546320639e-01)	1
0.0007142992      	omega             	1.9976370060e+01	(-3.7825109201e-01 4.4374127905e-01 3.4400427963e-01)	2	1.6962361624e+07	(1.0291314320e-01 4.7269903838e-02 6.1879950920e-03)	3
0.0007142992      	p                 	-2.0021069361e+00	(-2.1207398807e-02 9.0162452914e-02 -9.7979873685e-02)	2	9.9932672117e+00	(1.1549973211e-01 4.6107355928e-02 1.6950080735e-01)	1
0.0007392992      	mag(U)            	0.0000000000e+00	(-1.4000000060e-01 4.9258069922e-03 5.3000562546e-02)	0	1.2428346884e+00	(1.3350462904e-01 4.4838721827e-02 1.8248397230e-01)	1
0.0007392992      	k                 	4.6403666908e-07	(-1.1858665520e-01 5.5360531035e-02 9.6616182517e-03)	0	1.0546511415e-02	(1.0649999393e-01 4.2517385589e-02 1.4546320639e-01)	1
0.0007392992      	omega             	1.9975544035e+01	(-3.7825109201e-01 4.4374127905e-01 3.4400427963e-01)	2	1.6962361624e+07	(1.0291314320e-01 4.7269903838e-02 6.1879950920e-03)	3
0.0007392992      	p                 	-2.0035152829e+00	(-2.1207398807e-02 9.0162452914e-02 -9.7979873685e-02)	2	9.9954816406e+00	(1.1549973211e-01 4.6107355928e-02 1.6950080735e-01)	1
0.0007642992      	mag(U)            	0.0000000000e+00	(-1.4000000060e-01 4.9258069922e-03 5.3000562546e-02)	0	1.2707265945e+00	(1.3350462904e-01 4.4838721827e-02 1.8248397230e-01)	1
0.0007642992      	k                 	4.5730252261e-07	(-1.1858665520e-01 5.5360531035e-02 9.6616182517e-03)	0	1.0580326715e-02	(1.0649999393e-01 4.2517385589e-02 1.4546320639e-01)	1
0.0007642992      	omega             	1.9974718078e+01	(-3.7825082436e-01 4.4374061634e-01 3.6000896966e-01)	2	1.6962361624e+07	(1.0291314320e-01 4.7269903838e-02 6.1879950920e-03)	3
0.0007642992      	p                 	-2.0033424488e+00	(-2.1207398807e-02 9.0162452914e-02 -9.7979873685e-02)	2	9.9982137997e+00	(1.1549973211e-01 4.6107355928e-02 1.6950080735e-01)	1
0.0007892992      	mag(U)            	0.0000000000e+00	(-1.4000000060e-01 4.9258069922e-03 5.3000562546e-02)	0	1.2977793352e+00	(1.3350462904e-01 4.4838721827e-02 1.8248397230e-01)	1
0.0007892992      	k                 	4.5100753625e-07	(-1.1858665520e-01 5.5360531035e-02 9.6616182517e-03)	0	1.0614786509e-02	(1.0649999393e-01 4.2517385589e-02 1.4546320639e-01)	1
0.0007892992      	omega             	1.9973892189e+01	(-3.7825082436e-01 4.4374061634e-01 3.6000896966e-01)	2	1.6962361624e+07	(1.0291314320e-01 4.7269903838e-02 6.1879950920e-03)	3
0.0007892992      	p                 	-2.0081265396e+00	(-2.1207398807e-02 9.0162452914e-02 -9.7979873685e-02)	2	9.9994940728e+00	(1.1549973211e-01 4.6107355928e-02 1.6950080735e-01)	1
0.0008142992      	mag(U)            	0.0000000000e+00	(-1.4000000060e-01 4.9258069922e-03 5.3000562546e-02)	0	1.3240209949e+00	(1.3350462904e-01 4.4838721827e-02 1.8248397230e-01)	1
0.0008142992      	k                 	4.4511849055e-07	(-1.1858665520e-01 5.5360531035e-02 9.6616182517e-03)	0	1.0649833551e-02	(1.0649999393e-01 4.2517385589e-02 1.4546320639e-01)	1
0.0008142992      	omega             	1.9973066369e+01	(-3.7825082436e-01 4.4374061634e-01 3.6000896966e-01)	2	1.6962361625e+07	(1.0291314320e-01 4.7269903838e-02 6.1879950920e-03)	3
0.0008142992      	p                 	-2.0057320604e+00	(-2.1207398807e-02 9.0162452914e-02 -9.7979873685e-02)	2	1.0001467166e+01	(1.1549973211e-01 4.6107355928e-02 1.6950080735e-01)	1
0.0008392992      	mag(U)            	0.0000000000e+00	(-1.4000000060e-01 4.9258069922e-03 5.3000562546e-02)	0	1.3494853475e+00	(1.3350462904e-01 4.4838721827e-02 1.8248397230e-01)	1
0.0008392992      	k                 	4.3961385988e-07	(-1.1858665520e-01 5.5360531035e-02 9.6616182517e-03)	0	1.0685421111e-02	(1.0649999393e-01 4.2517385589e-02 1.4546320639e-01)	1
0.0008392992      	omega             	1.9972240616e+01	(-3.7825082436e-01 4.4374061634e-01 3.6000896966e-01)	2	1.6962361625e+07	(1.0291314320e-01 4.7269903838e-02 6.1879950920e-03)	3
0.0008392992      	p                 	-2.0114431143e+00	(-2.1207398807e-02 9.0162452914e-02 -9.7979873685e-02)	2	1.0002229189e+01	(1.1549973211e-01 4.6107355928e-02 1.6950080735e-01)	1
0.0008642992      	mag(U)            	0.0000000000e+00	(-1.4000000060e-01 4.9258069922e-03 5.3000562546e-02)	0	1.3742013808e+00	(1.3350462904e-01 4.4838721827e-02 1.8248397230e-01)	1
0.0008642992      	k                 	4.3446343297e-07	(-1.1858665520e-01 5.5360531035e-02 9.6616182517e-03)	0	1.0721515228e-02	(1.0649999393e-01 4.2517385589e-02 1.4546320639e-01)	1
0.0008642992      	omega             	1.9971414932e+01	(-3.7825082436e-01 4.4374061634e-01 3.6000896966e-01)	2	1.6962361625e+07	(1.0291314320e-01 4.7269903838e-02 6.1879950920e-03)	3
0.0008642992      	p                 	-2.0090039062e+00	(-2.1207398807e-02 9.0162452914e-02 -9.7979873685e-02)	2	1.0004056585e+01	(1.1549973211e-01 4.6107355928e-02 1.6950080735e-01)	1
0.0008892992      	mag(U)            	0.0000000000e+00	(-1.4000000060e-01 4.9258069922e-03 5.3000562546e-02)	0	1.3981940697e+00	(1.3350462904e-01 4.4838721827e-02 1.8248397230e-01)	1
0.0008892992      	k                 	4.2965633303e-07	(-1.1858665520e-01 5.5360531035e-02 9.6616182517e-03)	0	1.0758084950e-02	(1.0649999393e-01 4.2517385589e-02 1.4546320639e-01)	1
0.0008892992      	omega             	1.9970589317e+01	(-3.7825082436e-01 4.4374061634e-01 3.6000896966e-01)	2	1.6962361625e+07	(1.0291314320e-01 4.7269903838e-02 6.1879950920e-03)	3
0.0008892992      	p                 	-2.0125661818e+00	(-2.1207398807e-02 9.0162452914e-02 -9.7979873685e-02)	2	1.0006491327e+01	(1.1549973211e-01 4.6107355928e-02 1.6950080735e-01)	1
0.0009142992      	mag(U)            	0.0000000000e+00	(-1.4000000060e-01 4.9258069922e-03 5.3000562546e-02)	0	1.4214917184e+00	(1.3350462904e-01 4.4838721827e-02 1.8248397230e-01)	1
0.0009142992      	k                 	4.2516535236e-07	(-1.1858665520e-01 5.5360531035e-02 9.6616182517e-03)	0	1.0795099930e-02	(1.0649999393e-01 4.2517385589e-02 1.4546320639e-01)	1
0.0009142992      	omega             	1.9969763769e+01	(-3.7825082436e-01 4.4374061634e-01 3.6000896966e-01)	2	1.6962361625e+07	(1.0291314320e-01 4.7269903838e-02 6.1879950920e-03)	3
0.0009142992      	p                 	-2.0122186819e+00	(-2.1207398807e-02 9.0162452914e-02 -9.7979873685e-02)	2	1.0008649413e+01	(1.1549973211e-01 4.6107355928e-02 1.6950080735e-01)	1
0.0009392992      	mag(U)            	0.0000000000e+00	(-1.4000000060e-01 4.9258069922e-03 5.3000562546e-02)	0	1.4440823247e+00	(1.3350462904e-01 4.4838721827e-02 1.8248397230e-01)	1
0.0009392992      	k                 	4.2098394695e-07	(-1.1858665520e-01 5.5360531035e-02 9.6616182517e-03)	0	1.0832530794e-02	(1.0649999393e-01 4.2517385589e-02 1.4546320639e-01)	1
0.0009392992      	omega             	1.9968938290e+01	(-3.7825082436e-01 4.4374061634e-01 3.6000896966e-01)	2	1.6962361625e+07	(1.0291314320e-01 4.7269903838e-02 6.1879950920e-03)	3
0.0009392992      	p                 	-2.0146536955e+00	(-2.1207398807e-02 9.0162452914e-02 -9.7979873685e-02)	2	1.0011726881e+01	(1.1549973211e-01 4.6107355928e-02 1.6950080735e-01)	1
0.0009642992      	mag(U)            	0.0000000000e+00	(-1.4000000060e-01 4.9258069922e-03 5.3000562546e-02)	0	1.4657889962e+00	(1.3350462904e-01 4.4838721827e-02 1.8248397230e-01)	1
0.0009642992      	k                 	4.1708607706e-07	(-1.1858665520e-01 5.5360531035e-02 9.6616182517e-03)	0	1.0872263657e-02	(1.0050000149e-01 4.2545189902e-02 1.9448290442e-01)	1
0.0009642992      	omega             	1.9968112879e+01	(-3.7825082436e-01 4.4374061634e-01 3.6000896966e-01)	2	1.6962361625e+07	(1.0291314320e-01 4.7269903838e-02 6.1879950920e-03)	3
0.0009642992      	p                 	-2.0148125170e+00	(-2.1207398807e-02 9.0162452914e-02 -9.7979873685e-02)	2	1.0013234549e+01	(1.1549973211e-01 4.6107355928e-02 1.6950080735e-01)	1
0.0009892992      	mag(U)            	0.0000000000e+00	(-1.4000000060e-01 4.9258069922e-03 5.3000562546e-02)	0	1.4865630149e+00	(1.3350462904e-01 4.4838721827e-02 1.8248397230e-01)	1
0.0009892992      	k                 	4.1346911179e-07	(-1.1858665520e-01 5.5360531035e-02 9.6616182517e-03)	0	1.0912671502e-02	(1.2149999031e-01 4.2542478763e-02 1.4753856982e-01)	1
0.0009892992      	omega             	1.9967287536e+01	(-3.7825082436e-01 4.4374061634e-01 3.6000896966e-01)	2	1.6962361626e+07	(1.0291314320e-01 4.7269903838e-02 6.1879950920e-03)	3
0.0009892992      	p                 	-2.0166052477e+00	(-2.1207398807e-02 9.0162452914e-02 -9.7979873685e-02)	2	1.0015582992e+01	(1.1549973211e-01 4.6107355928e-02 1.6950080735e-01)	1
0.0010142992      	mag(U)            	0.0000000000e+00	(-1.4000000060e-01 4.9258069922e-03 5.3000562546e-02)	0	1.5064004652e+00	(1.3350462904e-01 4.4838721827e-02 1.8248397230e-01)	1
0.0010142992      	k                 	4.1010678162e-07	(-1.1858665520e-01 5.5360531035e-02 9.6616182517e-03)	0	1.0954346530e-02	(1.2149999031e-01 4.2542478763e-02 1.4753856982e-01)	1
0.0010142992      	omega             	1.9966462262e+01	(-3.7825082436e-01 4.4374061634e-01 3.6000896966e-01)	2	1.6962361626e+07	(1.0291314320e-01 4.7269903838e-02 6.1879950920e-03)	3
0.0010142992      	p                 	-2.0182498589e+00	(-2.1207398807e-02 9.0162452914e-02 -9.7979873685e-02)	2	1.0016748355e+01	(1.1549973211e-01 4.6107355928e-02 1.6950080735e-01)	1
0.0010392992      	mag(U)            	0.0000000000e+00	(-1.4000000060e-01 4.9258069922e-03 5.3000562546e-02)	0	1.5253216880e+00	(1.3350462904e-01 4.4838721827e-02 1.8248397230e-01)	1
0.0010392992      	k                 	4.0699960819e-07	(-1.1858665520e-01 5.5360531035e-02 9.6616182517e-03)	0	1.0996724776e-02	(1.2149999031e-01 4.2542478763e-02 1.4753856982e-01)	1
0.0010392992      	omega             	1.9965637056e+01	(-3.7825082436e-01 4.4374061634e-01 3.6000896966e-01)	2	1.6962361626e+07	(1.0291314320e-01 4.7269903838e-02 6.1879950920e-03)	3
0.0010392992      	p                 	-2.0186726312e+00	(-2.1207398807e-02 9.0162452914e-02 -9.7979873685e-02)	2	1.0018571026e+01	(1.1549973211e-01 4.6107355928e-02 1.6950080735e-01)	1
0.0010642992      	mag(U)            	0.0000000000e+00	(-1.4000000060e-01 4.9258069922e-03 5.3000562546e-02)	0	1.5433512167e+00	(1.3350462904e-01 4.4838721827e-02 1.8248397230e-01)	1
0.0010642992      	k                 	4.0412352160e-07	(-1.1858665520e-01 5.5360531035e-02 9.6616182517e-03)	0	1.1039726702e-02	(1.2149999031e-01 4.2542478763e-02 1.4753856982e-01)	1
0.0010642992      	omega             	1.9964811918e+01	(-3.7825082436e-01 4.4374061634e-01 3.6000896966e-01)	2	1.6962361626e+07	(1.0291314320e-01 4.7269903838e-02 6.1879950920e-03)	3
0.0010642992      	p                 	-2.0213381502e+00	(-2.1207398807e-02 9.0162452914e-02 -9.7979873685e-02)	2	1.0019561489e+01	(1.1549973211e-01 4.6107355928e-02 1.6950080735e-01)	1
0.0010892992      	mag(U)            	0.0000000000e+00	(-1.4000000060e-01 4.9258069922e-03 5.3000562546e-02)	0	1.5605203080e+00	(1.3350462904e-01 4.4838721827e-02 1.8248397230e-01)	1
0.0010892992      	k                 	4.0148181424e-07	(-1.1858665520e-01 5.5360531035e-02 9.6616182517e-03)	0	1.1083309956e-02	(1.2149999031e-01 4.2542478763e-02 1.4753856982e-01)	1
0.0010892992      	omega             	1.9963986848e+01	(-3.7825011554e-01 4.4373928079e-01 3.7602167041e-01)	2	1.6962361626e+07	(1.0291314320e-01 4.7269903838e-02 6.1879950920e-03)	3
0.0010892992      	p                 	-2.0205289804e+00	(-2.1207398807e-02 9.0162452914e-02 -9.7979873685e-02)	2	1.0021186596e+01	(1.1549973211e-01 4.6107355928e-02 1.6950080735e-01)	1
0.0011142992      	mag(U)            	0.0000000000e+00	(-1.4000000060e-01 4.9258069922e-03 5.3000562546e-02)	0	1.5768595307e+00	(1.3350462904e-01 4.4838721827e-02 1.8248397230e-01)	1
0.0011142992      	k                 	3.9904868396e-07	(-1.1858665520e-01 5.5360531035e-02 9.6616182517e-03)	0	1.1127443834e-02	(1.2149999031e-01 4.2542478763e-02 1.4753856982e-01)	1
0.0011142992      	omega             	1.9963161846e+01	(-3.7825011554e-01 4.4373928079e-01 3.7602167041e-01)	2	1.6962361626e+07	(1.0291314320e-01 4.7269903838e-02 6.1879950920e-03)	3
0.0011142992      	p                 	-2.0240159412e+00	(-2.1207398807e-02 9.0162452914e-02 -9.7979873685e-02)	2	1.0021020946e+01	(1.1549973211e-01 4.6107355928e-02 1.6950080735e-01)	1
0.0011392992      	mag(U)            	0.0000000000e+00	(-1.4000000060e-01 4.9258069922e-03 5.3000562546e-02)	0	1.5923995612e+00	(1.3350462904e-01 4.4838721827e-02 1.8248397230e-01)	1
0.0011392992      	k                 	3.9682612613e-07	(-1.1858665520e-01 5.5360531035e-02 9.6616182517e-03)	0	1.1172102037e-02	(1.2149999031e-01 4.2542478763e-02 1.4753856982e-01)	1
0.0011392992      	omega             	1.9962336913e+01	(-3.7825011554e-01 4.4373928079e-01 3.7602167041e-01)	2	1.6962361627e+07	(1.0291314320e-01 4.7269903838e-02 6.1879950920e-03)	3
0.0011392992      	p                 	-2.0223639708e+00	(-2.1207398807e-02 9.0162452914e-02 -9.7979873685e-02)	2	1.0024697684e+01	(1.1549973211e-01 4.6107355928e-02 1.6950080735e-01)	1
0.0011642992      	mag(U)            	0.0000000000e+00	(-1.4000000060e-01 4.9258069922e-03 5.3000562546e-02)	0	1.6071698322e+00	(1.3350462904e-01 4.4838721827e-02 1.8248397230e-01)	1
0.0011642992      	k                 	3.9479197408e-07	(-1.1858665520e-01 5.5360531035e-02 9.6616182517e-03)	0	1.1217260592e-02	(1.2149999031e-01 4.2542478763e-02 1.4753856982e-01)	1
0.0011642992      	omega             	1.9961512048e+01	(-3.7825011554e-01 4.4373928079e-01 3.7602167041e-01)	2	1.6962361627e+07	(1.0291314320e-01 4.7269903838e-02 6.1879950920e-03)	3
0.0011642992      	p                 	-2.0259481281e+00	(-2.1207398807e-02 9.0162452914e-02 -9.7979873685e-02)	2	1.0024190619e+01	(1.1549973211e-01 4.6107355928e-02 1.6950080735e-01)	1
0.0011892992      	mag(U)            	0.0000000000e+00	(-1.4000000060e-01 4.9258069922e-03 5.3000562546e-02)	0	1.6218746500e+00	(9.8500036936e-02 4.3726870328e-02 1.5067929966e-01)	1
0.0011892992      	k                 	3.9294789575e-07	(-1.1858665520e-01 5.5360531035e-02 9.6616182517e-03)	0	1.1262897084e-02	(1.2149999031e-01 4.2542478763e-02 1.4753856982e-01)	1
0.0011892992      	omega             	1.9960687251e+01	(-3.7825011554e-01 4.4373928079e-01 3.7602167041e-01)	2	1.6962361627e+07	(1.0291314320e-01 4.7269903838e-02 6.1879950920e-03)	3
0.0011892992      	p                 	-2.0240612803e+00	(-2.1207398807e-02 9.0162452914e-02 -9.7979873685e-02)	2	1.0026144935e+01	(1.1549973211e-01 4.6107355928e-02 1.6950080735e-01)	1
0.0012142992      	mag(U)            	0.0000000000e+00	(-1.4000000060e-01 4.9258069922e-03 5.3000562546e-02)	0	1.6485151347e+00	(9.8500036936e-02 4.3726870328e-02 1.5067929966e-01)	1
0.0012142992      	k                 	3.9127719958e-07	(-1.1858665520e-01 5.5360531035e-02 9.6616182517e-03)	0	1.1308990296e-02	(1.2149999031e-01 4.2542478763e-02 1.4753856982e-01)	1
0.0012142992      	omega             	1.9959862522e+01	(-3.7825011554e-01 4.4373928079e-01 3.7602167041e-01)	2	1.6962361627e+07	(1.0291314320e-01 4.7269903838e-02 6.1879950920e-03)	3
0.0012142992      	p                 	-2.0276953556e+00	(-2.1207398807e-02 9.0162452914e-02 -9.7979873685e-02)	2	1.0026684488e+01	(1.1549973211e-01 4.6107355928e-02 1.6950080735e-01)	1
0.0012392992      	mag(U)            	0.0000000000e+00	(-1.4000000060e-01 4.9258069922e-03 5.3000562546e-02)	0	1.6747840503e+00	(9.8500036936e-02 4.3726870328e-02 1.5067929966e-01)	1
0.0012392992      	k                 	3.8978034460e-07	(-1.1858665520e-01 5.5360531035e-02 9.6616182517e-03)	0	1.1355520050e-02	(1.2149999031e-01 4.2542478763e-02 1.4753856982e-01)	1
0.0012392992      	omega             	1.9959037861e+01	(-3.7825011554e-01 4.4373928079e-01 3.7602167041e-01)	2	1.6962361627e+07	(1.0291314320e-01 4.7269903838e-02 6.1879950920e-03)	3
0.0012392992      	p                 	-2.0265454740e+00	(-2.1207398807e-02 9.0162452914e-02 -9.7979873685e-02)	2	1.0029663221e+01	(1.1549973211e-01 4.6107355928e-02 1.6950080735e-01)	1
0.0012642992      	mag(U)            	0.0000000000e+00	(-1.4000000060e-01 4.9258069922e-03 5.3000562546e-02)	0	1.7006852539e+00	(9.8500036936e-02 4.3726870328e-02 1.5067929966e-01)	1
0.0012642992      	k                 	3.8844506871e-07	(-1.1858665520e-01 5.5360531035e-02 9.6616182517e-03)	0	1.1402244852e-02	(1.2149999031e-01 4.2542478763e-02 1.4753856982e-01)	1
0.0012642992      	omega             	1.9958213268e+01	(-3.7825011554e-01 4.4373928079e-01 3.7602167041e-01)	2	1.6962361628e+07	(1.0291314320e-01 4.7269903838e-02 6.1879950920e-03)	3
0.0012642992      	p                 	-2.0293626223e+00	(-2.1207398807e-02 9.0162452914e-02 -9.7979873685e-02)	2	1.0030789112e+01	(1.1549973211e-01 4.6107355928e-02 1.6950080735e-01)	1
0.0012892992      	mag(U)            	0.0000000000e+00	(-1.4000000060e-01 4.9258069922e-03 5.3000562546e-02)	0	1.7262210160e+00	(9.8500036936e-02 4.3726870328e-02 1.5067929966e-01)	1
0.0012892992      	k                 	3.8726817178e-07	(-1.1858665520e-01 5.5360531035e-02 9.6616182517e-03)	0	1.1448567687e-02	(1.2149999031e-01 4.2542478763e-02 1.4753856982e-01)	1
0.0012892992      	omega             	1.9957388744e+01	(-3.7825011554e-01 4.4373928079e-01 3.7602167041e-01)	2	1.6962361628e+07	(1.0291314320e-01 4.7269903838e-02 6.1879950920e-03)	3
0.0012892992      	p                 	-2.0291870045e+00	(-2.1207398807e-02 9.0162452914e-02 -9.7979873685e-02)	2	1.0032884109e+01	(1.1549973211e-01 4.6107355928e-02 1.6950080735e-01)	1
0.0013142992      	mag(U)            	0.0000000000e+00	(-1.4000000060e-01 4.9258069922e-03 5.3000562546e-02)	0	1.7514001567e+00	(9.8500036936e-02 4.3726870328e-02 1.5067929966e-01)	1
0.0013142992      	k                 	3.8624180539e-07	(-1.1858665520e-01 5.5360531035e-02 9.6616182517e-03)	0	1.1494569182e-02	(1.2149999031e-01 4.2542478763e-02 1.4753856982e-01)	1
0.0013142992      	omega             	1.9956564287e+01	(-3.7825011554e-01 4.4373928079e-01 3.7602167041e-01)	2	1.6962361628e+07	(1.0291314320e-01 4.7269903838e-02 6.1879950920e-03)	3
0.0013142992      	p                 	-2.0305949015e+00	(-2.1207398807e-02 9.0162452914e-02 -9.7979873685e-02)	2	1.0034205588e+01	(1.1549973211e-01 4.6107355928e-02 1.6950080735e-01)	1
0.0013392992      	mag(U)            	0.0000000000e+00	(-1.4000000060e-01 4.9258069922e-03 5.3000562546e-02)	0	1.7762160951e+00	(9.8500036936e-02 4.3726870328e-02 1.5067929966e-01)	1
0.0013392992      	k                 	3.8536145325e-07	(-1.1858665520e-01 5.5360531035e-02 9.6616182517e-03)	0	1.1540271400e-02	(1.2149999031e-01 4.2542478763e-02 1.4753856982e-01)	1
0.0013392992      	omega             	1.9955739899e+01	(-3.7825011554e-01 4.4373928079e-01 3.7602167041e-01)	2	1.6962361628e+07	(1.0291314320e-01 4.7269903838e-02 6.1879950920e-03)	3
0.0013392992      	p                 	-2.0316518635e+00	(-2.1207398807e-02 9.0162452914e-02 -9.7979873685e-02)	2	1.0035103628e+01	(1.1549973211e-01 4.6107355928e-02 1.6950080735e-01)	1
0.0013642992      	mag(U)            	0.0000000000e+00	(-1.4000000060e-01 4.9258069922e-03 5.3000562546e-02)	0	1.8006593248e+00	(9.8500036936e-02 4.3726870328e-02 1.5067929966e-01)	1
0.0013642992      	k                 	3.8463692557e-07	(-1.1858665520e-01 5.5360531035e-02 9.6616182517e-03)	0	1.1585678940e-02	(1.2149999031e-01 4.2542478763e-02 1.4753856982e-01)	1
0.0013642992      	omega             	1.9954915579e+01	(-3.7825011554e-01 4.4373928079e-01 3.7602167041e-01)	2	1.6962361628e+07	(1.0291314320e-01 4.7269903838e-02 6.1879950920e-03)	3
0.0013642992      	p                 	-2.0319998826e+00	(-2.1207398807e-02 9.0162452914e-02 -9.7979873685e-02)	2	1.0037428046e+01	(1.1549973211e-01 4.6107355928e-02 1.6950080735e-01)	1
0.0013892992      	mag(U)            	0.0000000000e+00	(-1.4000000060e-01 4.9258069922e-03 5.3000562546e-02)	0	1.8247263560e+00	(9.8500036936e-02 4.3726870328e-02 1.5067929966e-01)	1
0.0013892992      	k                 	3.8406336768e-07	(-1.1858665520e-01 5.5360531035e-02 9.6616182517e-03)	0	1.1630791575e-02	(1.2149999031e-01 4.2542478763e-02 1.4753856982e-01)	1
0.0013892992      	omega             	1.9954091327e+01	(-3.7825011554e-01 4.4373928079e-01 3.7602167041e-01)	2	1.6962361629e+07	(1.0291314320e-01 4.7269903838e-02 6.1879950920e-03)	3
0.0013892992      	p                 	-2.0337910504e+00	(-2.1207398807e-02 9.0162452914e-02 -9.7979873685e-02)	2	1.0039462807e+01	(1.1549973211e-01 4.6107355928e-02 1.6950080735e-01)	1
0.0014142992      	mag(U)            	0.0000000000e+00	(-1.4000000060e-01 4.9258069922e-03 5.3000562546e-02)	0	1.8480842009e+00	(9.8500036936e-02 4.3726870328e-02 1.5067929966e-01)	1
0.0014142992      	k                 	3.8362932098e-07	(-1.1858665520e-01 5.5360531035e-02 9.6616182517e-03)	0	1.1675608600e-02	(1.2149999031e-01 4.2542478763e-02 1.4753856982e-01)	1
0.0014142992      	omega             	1.9953267143e+01	(-3.7825011554e-01 4.4373928079e-01 3.7602167041e-01)	2	1.6962361629e+07	(1.0291314320e-01 4.7269903838e-02 6.1879950920e-03)	3
0.0014142992      	p                 	-2.0337712577e+00	(-1.1549769904e-01 4.2224948850e-02 1.7150029859e-01)	1	1.0040746330e+01	(1.1549973211e-01 4.6107355928e-02 1.6950080735e-01)	1
0.0014392992      	mag(U)            	0.0000000000e+00	(-1.4000000060e-01 4.9258069922e-03 5.3000562546e-02)	0	1.8706341250e+00	(9.8500036936e-02 4.3726870328e-02 1.5067929966e-01)	1
0.0014392992      	k                 	3.8332099577e-07	(-1.1858665520e-01 5.5360531035e-02 9.6616182517e-03)	0	1.1720129047e-02	(1.2149999031e-01 4.2542478763e-02 1.4753856982e-01)	1
0.0014392992      	omega             	1.9952443027e+01	(-3.7825011554e-01 4.4373928079e-01 3.7602167041e-01)	2	1.6962361629e+07	(1.0291314320e-01 4.7269903838e-02 6.1879950920e-03)	3
0.0014392992      	p                 	-2.0399596630e+00	(-1.1549769904e-01 4.2224948850e-02 1.7150029859e-01)	1	1.0043207295e+01	(1.1549973211e-01 4.6107355928e-02 1.6950080735e-01)	1
0.0014642992      	mag(U)            	0.0000000000e+00	(-1.4000000060e-01 4.9258069922e-03 5.3000562546e-02)	0	1.8923643471e+00	(9.8500036936e-02 4.3726870328e-02 1.5067929966e-01)	1
0.0014642992      	k                 	3.8313434513e-07	(-1.1858665520e-01 5.5360531035e-02 9.6616182517e-03)	0	1.1764360264e-02	(1.2149999031e-01 4.2542478763e-02 1.4753856982e-01)	1
0.0014642992      	omega             	1.9951618979e+01	(-3.7825011554e-01 4.4373928079e-01 3.7602167041e-01)	2	1.6962361629e+07	(1.0291314320e-01 4.7269903838e-02 6.1879950920e-03)	3
0.0014642992      	p                 	-2.0566370966e+00	(-1.1149999825e-01 4.3589475065e-02 1.9548925619e-01)	1	1.0044746131e+01	(1.1549973211e-01 4.6107355928e-02 1.6950080735e-01)	1
0.0014892992      	mag(U)            	0.0000000000e+00	(-1.4000000060e-01 4.9258069922e-03 5.3000562546e-02)	0	1.9132971737e+00	(9.8500036936e-02 4.3726870328e-02 1.5067929966e-01)	1
0.0014892992      	k                 	3.8306148902e-07	(-1.1858665520e-01 5.5360531035e-02 9.6616182517e-03)	0	1.1808311925e-02	(1.2149999031e-01 4.2542478763e-02 1.4753856982e-01)	1
0.0014892992      	omega             	1.9950795000e+01	(-3.7825011554e-01 4.4373928079e-01 3.7602167041e-01)	2	1.6962361629e+07	(1.0291314320e-01 4.7269903838e-02 6.1879950920e-03)	3
0.0014892992      	p                 	-2.1015723449e+00	(-1.1149999825e-01 4.3589475065e-02 1.9548925619e-01)	1	1.0047166940e+01	(1.1549973211e-01 4.6107355928e-02 1.6950080735e-01)	1
0.0015142992      	mag(U)            	0.0000000000e+00	(-1.4000000060e-01 4.9258069922e-03 5.3000562546e-02)	0	1.9335017862e+00	(9.8500036936e-02 4.3726870328e-02 1.5067929966e-01)	1
0.0015142992      	k                 	3.8310025627e-07	(-1.1858665520e-01 5.5360531035e-02 9.6616182517e-03)	0	1.1851997616e-02	(1.2149999031e-01 4.2542478763e-02 1.4753856982e-01)	1
0.0015142992      	omega             	1.9949971088e+01	(-3.7825011554e-01 4.4373928079e-01 3.7602167041e-01)	2	1.6962361630e+07	(1.0291314320e-01 4.7269903838e-02 6.1879950920e-03)	3
0.0015142992      	p                 	-2.1456379205e+00	(-1.1149999825e-01 4.3589475065e-02 1.9548925619e-01)	1	1.0048463133e+01	(1.1549973211e-01 4.6107355928e-02 1.6950080735e-01)	1
0.0015392992      	mag(U)            	0.0000000000e+00	(-1.4000000060e-01 4.9258069922e-03 5.3000562546e-02)	0	1.9529981810e+00	(9.8500036936e-02 4.3726870328e-02 1.5067929966e-01)	1
0.0015392992      	k                 	3.8324285418e-07	(-1.1858665520e-01 5.5360531035e-02 9.6616182517e-03)	0	1.1895429923e-02	(1.2149999031e-01 4.2542478763e-02 1.4753856982e-01)	1
0.0015392992      	omega             	1.9949147244e+01	(-3.7825011554e-01 4.4373928079e-01 3.7602167041e-01)	2	1.6962361630e+07	(1.0291314320e-01 4.7269903838e-02 6.1879950920e-03)	3
0.0015392992      	p                 	-2.1896770089e+00	(-1.1149999825e-01 4.3589475065e-02 1.9548925619e-01)	1	1.0050423618e+01	(1.1549973211e-01 4.6107355928e-02 1.6950080735e-01)	1
0.0015642992      	mag(U)            	0.0000000000e+00	(-1.4000000060e-01 4.9258069922e-03 5.3000562546e-02)	0	1.9717851267e+00	(9.8500036936e-02 4.3726870328e-02 1.5067929966e-01)	1
0.0015642992      	k                 	3.8348899397e-07	(-1.1858665520e-01 5.5360531035e-02 9.6616182517e-03)	0	1.1938621418e-02	(1.2149999031e-01 4.2542478763e-02 1.4753856982e-01)	1
0.0015642992      	omega             	1.9948323469e+01	(-3.7825011554e-01 4.4373928079e-01 3.7602167041e-01)	2	1.6962361630e+07	(1.0291314320e-01 4.7269903838e-02 6.1879950920e-03)	3
0.0015642992      	p                 	-2.2339650103e+00	(-1.1149999825e-01 4.3589475065e-02 1.9548925619e-01)	1	1.0051782986e+01	(1.1549973211e-01 4.6107355928e-02 1.6950080735e-01)	1
0.0015892992      	mag(U)            	0.0000000000e+00	(-1.4000000060e-01 4.9258069922e-03 5.3000562546e-02)	0	1.9898294234e+00	(9.8500036936e-02 4.3726870328e-02 1.5067929966e-01)	1
0.0015892992      	k                 	3.8383042320e-07	(-1.1858665520e-01 5.5360531035e-02 9.6616182517e-03)	0	1.1982088033e-02	(1.0050000215e-01 4.2542472299e-02 1.4753857884e-01)	1
0.0015892992      	omega             	1.9947499761e+01	(-3.7825011554e-01 4.4373928079e-01 3.7602167041e-01)	2	1.6962361630e+07	(1.0291314320e-01 4.7269903838e-02 6.1879950920e-03)	3
0.0015892992      	p                 	-2.2782714066e+00	(-1.1149999825e-01 4.3589475065e-02 1.9548925619e-01)	1	1.0054202854e+01	(1.1549973211e-01 4.6107355928e-02 1.6950080735e-01)	1
0.0016142992      	mag(U)            	0.0000000000e+00	(-1.4000000060e-01 4.9258069922e-03 5.3000562546e-02)	0	2.0075968319e+00	(9.3500840197e-02 4.4812202032e-02 1.8744802799e-01)	1
0.0016142992      	k                 	3.8426630772e-07	(-1.1858665520e-01 5.5360531035e-02 9.6616182517e-03)	0	1.2026018618e-02	(1.0050000215e-01 4.2542472299e-02 1.4753857884e-01)	1
0.0016142992      	omega             	1.9946676122e+01	(-3.7824763686e-01 4.4373656505e-01 3.9205729824e-01)	2	1.6962361631e+07	(1.0291314320e-01 4.7269903838e-02 6.1879950920e-03)	3
0.0016142992      	p                 	-2.3220240723e+00	(-1.1149999825e-01 4.3589475065e-02 1.9548925619e-01)	1	1.0056513954e+01	(1.1549973211e-01 4.6107355928e-02 1.6950080735e-01)	1
0.0016392992      	mag(U)            	0.0000000000e+00	(-1.4000000060e-01 4.9258069922e-03 5.3000562546e-02)	0	2.0280440255e+00	(9.3500840197e-02 4.4812202032e-02 1.8744802799e-01)	1
0.0016392992      	k                 	3.8479209893e-07	(-1.1858665520e-01 5.5360531035e-02 9.6616182517e-03)	0	1.2114152989e-02	(1.1149999970e-01 4.1604620038e-02 1.4650568240e-01)	1
0.0016392992      	omega             	1.9945852550e+01	(-3.7824763686e-01 4.4373656505e-01 3.9205729824e-01)	2	1.6962361631e+07	(1.0291314320e-01 4.7269903838e-02 6.1879950920e-03)	3
0.0016392992      	p                 	-2.3659802950e+00	(-1.1149999825e-01 4.3589475065e-02 1.9548925619e-01)	1	1.0057875466e+01	(1.1549973211e-01 4.6107355928e-02 1.6950080735e-01)	1
0.0016642992      	mag(U)            	0.0000000000e+00	(-1.4000000060e-01 4.9258069922e-03 5.3000562546e-02)	0	2.0481067586e+00	(9.3500840197e-02 4.4812202032e-02 1.8744802799e-01)	1
0.0016642992      	k                 	3.8540897861e-07	(-1.1858665520e-01 5.5360531035e-02 9.6616182517e-03)	0	1.2300068040e-02	(1.1149999970e-01 4.1604620038e-02 1.4650568240e-01)	1
0.0016642992      	omega             	1.9945029047e+01	(-3.7824763686e-01 4.4373656505e-01 3.9205729824e-01)	2	1.6962361631e+07	(1.0291314320e-01 4.7269903838e-02 6.1879950920e-03)	3
0.0016642992      	p                 	-2.4143900567e+00	(-1.3049476252e-01 4.3778927520e-02 1.8643708365e-01)	1	1.0060628595e+01	(1.1549973211e-01 4.6107355928e-02 1.6950080735e-01)	1
0.0016892992      	mag(U)            	0.0000000000e+00	(-1.4000000060e-01 4.9258069922e-03 5.3000562546e-02)	0	2.0677935663e+00	(9.3500840197e-02 4.4812202032e-02 1.8744802799e-01)	1
0.0016892992      	k                 	3.8610968992e-07	(-1.1858665520e-01 5.5360531035e-02 9.6616182517e-03)	0	1.2489982013e-02	(1.1149999970e-01 4.1604620038e-02 1.4650568240e-01)	1
0.0016892992      	omega             	1.9944205611e+01	(-3.7824763686e-01 4.4373656505e-01 3.9205729824e-01)	2	1.6962361631e+07	(1.0291314320e-01 4.7269903838e-02 6.1879950920e-03)	3
0.0016892992      	p                 	-2.4638366764e+00	(-1.3049476252e-01 4.3778927520e-02 1.8643708365e-01)	1	1.0062654607e+01	(1.1549973211e-01 4.6107355928e-02 1.6950080735e-01)	1
0.0017142992      	mag(U)            	0.0000000000e+00	(-1.4000000060e-01 4.9258069922e-03 5.3000562546e-02)	0	2.0871107342e+00	(9.3500840197e-02 4.4812202032e-02 1.8744802799e-01)	1
0.0017142992      	k                 	3.8689399409e-07	(-1.1858665520e-01 5.5360531035e-02 9.6616182517e-03)	0	1.2683869082e-02	(1.1149999970e-01 4.1604620038e-02 1.4650568240e-01)	1
0.0017142992      	omega             	1.9943382244e+01	(-3.7824763686e-01 4.4373656505e-01 3.9205729824e-01)	2	1.6962361632e+07	(1.0291314320e-01 4.7269903838e-02 6.1879950920e-03)	3
0.0017142992      	p                 	-2.5122853916e+00	(-1.3049476252e-01 4.3778927520e-02 1.8643708365e-01)	1	1.0065605117e+01	(1.1549973211e-01 4.6107355928e-02 1.6950080735e-01)	1
0.0017392992      	mag(U)            	0.0000000000e+00	(-1.4000000060e-01 4.9258069922e-03 5.3000562546e-02)	0	2.1060743664e+00	(9.3500840197e-02 4.4812202032e-02 1.8744802799e-01)	1
0.0017392992      	k                 	3.8775488661e-07	(-1.1858665520e-01 5.5360531035e-02 9.6616182517e-03)	0	1.2881702504e-02	(1.1149999970e-01 4.1604620038e-02 1.4650568240e-01)	1
0.0017392992      	omega             	1.9942558944e+01	(-3.7824763686e-01 4.4373656505e-01 3.9205729824e-01)	2	1.6962361632e+07	(1.0291314320e-01 4.7269903838e-02 6.1879950920e-03)	3
0.0017392992      	p                 	-2.5603278870e+00	(-1.3049476252e-01 4.3778927520e-02 1.8643708365e-01)	1	1.0068317439e+01	(1.1549973211e-01 4.6107355928e-02 1.6950080735e-01)	1
0.0017642992      	mag(U)            	0.0000000000e+00	(-1.4000000060e-01 4.9258069922e-03 5.3000562546e-02)	0	2.1246881616e+00	(9.3500840197e-02 4.4812202032e-02 1.8744802799e-01)	1
0.0017642992      	k                 	3.8869326134e-07	(-1.1858665520e-01 5.5360531035e-02 9.6616182517e-03)	0	1.3083454568e-02	(1.1149999970e-01 4.1604620038e-02 1.4650568240e-01)	1
0.0017642992      	omega             	1.9941735713e+01	(-3.7824763686e-01 4.4373656505e-01 3.9205729824e-01)	2	1.6962361632e+07	(1.0291314320e-01 4.7269903838e-02 6.1879950920e-03)	3
0.0017642992      	p                 	-2.6080438343e+00	(-1.3049476252e-01 4.3778927520e-02 1.8643708365e-01)	1	1.0071196030e+01	(1.1549973211e-01 4.6107355928e-02 1.6950080735e-01)	1
0.0017892992      	mag(U)            	0.0000000000e+00	(-1.4000000060e-01 4.9258069922e-03 5.3000562546e-02)	0	2.1429321103e+00	(9.3500840197e-02 4.4812202032e-02 1.8744802799e-01)	1
0.0017892992      	k                 	3.8970486409e-07	(-1.1858665520e-01 5.5360531035e-02 9.6616182517e-03)	0	1.3289095778e-02	(1.1149999970e-01 4.1604620038e-02 1.4650568240e-01)	1
0.0017892992      	omega             	1.9940912549e+01	(-3.7824763686e-01 4.4373656505e-01 3.9205729824e-01)	2	1.6962361632e+07	(1.0291314320e-01 4.7269903838e-02 6.1879950920e-03)	3
0.0017892992      	p                 	-2.6526231265e+00	(-1.3049476252e-01 4.3778927520e-02 1.8643708365e-01)	1	1.0073892921e+01	(1.1549973211e-01 4.6107355928e-02 1.6950080735e-01)	1
0.0018142992      	mag(U)            	0.0000000000e+00	(-1.4000000060e-01 4.9258069922e-03 5.3000562546e-02)	0	2.1608079252e+00	(9.3500840197e-02 4.4812202032e-02 1.8744802799e-01)	1
0.0018142992      	k                 	3.9079048900e-07	(-1.1858665520e-01 5.5360531035e-02 9.6616182517e-03)	0	1.3498595586e-02	(1.1149999970e-01 4.1604620038e-02 1.4650568240e-01)	1
0.0018142992      	omega             	1.9940089454e+01	(-3.7824763686e-01 4.4373656505e-01 3.9205729824e-01)	2	1.6962361633e+07	(1.0291314320e-01 4.7269903838e-02 6.1879950920e-03)	3
0.0018142992      	p                 	-2.6943304621e+00	(-1.3049476252e-01 4.3778927520e-02 1.8643708365e-01)	1	1.0076949534e+01	(1.1549973211e-01 4.6107355928e-02 1.6950080735e-01)	1
0.0018392992      	mag(U)            	0.0000000000e+00	(-1.4000000060e-01 4.9258069922e-03 5.3000562546e-02)	0	2.1782735215e+00	(9.3500840197e-02 4.4812202032e-02 1.8744802799e-01)	1
0.0018392992      	k                 	3.9194567027e-07	(-1.1858665520e-01 5.5360531035e-02 9.6616182517e-03)	0	1.3711920500e-02	(1.1149999970e-01 4.1604620038e-02 1.4650568240e-01)	1
0.0018392992      	omega             	1.9939266426e+01	(-3.7824763686e-01 4.4373656505e-01 3.9205729824e-01)	2	1.6962361633e+07	(1.0291314320e-01 4.7269903838e-02 6.1879950920e-03)	3
0.0018392992      	p                 	-2.7407409750e+00	(-1.3049476252e-01 4.3778927520e-02 1.8643708365e-01)	1	1.0080035251e+01	(1.1549973211e-01 4.6107355928e-02 1.6950080735e-01)	1
0.0018642992      	mag(U)            	0.0000000000e+00	(-1.4000000060e-01 4.9258069922e-03 5.3000562546e-02)	0	2.1951200417e+00	(9.3500840197e-02 4.4812202032e-02 1.8744802799e-01)	1
0.0018642992      	k                 	3.9317010074e-07	(-1.1858665520e-01 5.5360531035e-02 9.6616182517e-03)	0	1.3929035411e-02	(1.1149999970e-01 4.1604620038e-02 1.4650568240e-01)	1
0.0018642992      	omega             	1.9938443466e+01	(-3.7824763686e-01 4.4373656505e-01 3.9205729824e-01)	2	1.6962361633e+07	(1.0291314320e-01 4.7269903838e-02 6.1879950920e-03)	3
0.0018642992      	p                 	-2.7873461624e+00	(-1.3049476252e-01 4.3778927520e-02 1.8643708365e-01)	1	1.0084265703e+01	(1.1549973211e-01 4.6107355928e-02 1.6950080735e-01)	1
0.0018892992      	mag(U)            	0.0000000000e+00	(-1.4000000060e-01 4.9258069922e-03 5.3000562546e-02)	0	2.2113056194e+00	(9.3500840197e-02 4.4812202032e-02 1.8744802799e-01)	1
0.0018892992      	k                 	3.9445960525e-07	(-1.1858665520e-01 5.5360531035e-02 9.6616182517e-03)	0	1.4149904297e-02	(1.1149999970e-01 4.1604620038e-02 1.4650568240e-01)	1
0.0018892992      	omega             	1.9937620574e+01	(-3.7824763686e-01 4.4373656505e-01 3.9205729824e-01)	2	1.6962361633e+07	(1.0291314320e-01 4.7269903838e-02 6.1879950920e-03)	3
0.0018892992      	p                 	-2.8324501262e+00	(-1.3049476252e-01 4.3778927520e-02 1.8643708365e-01)	1	1.0087864346e+01	(1.1549973211e-01 4.6107355928e-02 1.6950080735e-01)	1
0.0019142992      	mag(U)            	0.0000000000e+00	(-1.4000000060e-01 4.9258069922e-03 5.3000562546e-02)	0	2.2268350261e+00	(9.3500840197e-02 4.4812202032e-02 1.8744802799e-01)	1
0.0019142992      	k                 	3.9581282867e-07	(-1.1858665520e-01 5.5360531035e-02 9.6616182517e-03)	0	1.4374489599e-02	(1.1149999970e-01 4.1604620038e-02 1.4650568240e-01)	1
0.0019142992      	omega             	1.9936797751e+01	(-3.7824763686e-01 4.4373656505e-01 3.9205729824e-01)	2	1.6962361634e+07	(1.0291314320e-01 4.7269903838e-02 6.1879950920e-03)	3
0.0019142992      	p                 	-2.8775138704e+00	(-1.3049476252e-01 4.3778927520e-02 1.8643708365e-01)	1	1.0091355117e+01	(1.1549973211e-01 4.6107355928e-02 1.6950080735e-01)	1
0.0019392992      	mag(U)            	0.0000000000e+00	(-1.4000000060e-01 4.9258069922e-03 5.3000562546e-02)	0	2.2417398719e+00	(9.3500840197e-02 4.4812202032e-02 1.8744802799e-01)	1
0.0019392992      	k                 	3.9286358466e-07	(7.6296438098e-02 4.8626669468e-02 2.2887366007e-01)	1	1.4602752026e-02	(1.1149999970e-01 4.1604620038e-02 1.4650568240e-01)	1
0.0019392992      	omega             	1.9935974995e+01	(-3.7824763686e-01 4.4373656505e-01 3.9205729824e-01)	2	1.6962361634e+07	(1.0291314320e-01 4.7269903838e-02 6.1879950920e-03)	3
0.0019392992      	p                 	-2.9223109090e+00	(-1.3049476252e-01 4.3778927520e-02 1.8643708365e-01)	1	1.0095209064e+01	(1.1549973211e-01 4.6107355928e-02 1.6950080735e-01)	1
0.0019642992      	mag(U)            	0.0000000000e+00	(-1.4000000060e-01 4.9258069922e-03 5.3000562546e-02)	0	2.2560481693e+00	(9.3500840197e-02 4.4812202032e-02 1.8744802799e-01)	1
0.0019642992      	k                 	3.8742884312e-07	(7.6296438098e-02 4.8626669468e-02 2.2887366007e-01)	1	1.4834650225e-02	(1.1149999970e-01 4.1604620038e-02 1.4650568240e-01)	1
0.0019642992      	omega             	1.9935152307e+01	(-3.7824763686e-01 4.4373656505e-01 3.9205729824e-01)	2	1.6962361634e+07	(1.0291314320e-01 4.7269903838e-02 6.1879950920e-03)	3
0.0019642992      	p                 	-2.9670303436e+00	(-1.3049476252e-01 4.3778927520e-02 1.8643708365e-01)	1	1.0098804114e+01	(1.1549973211e-01 4.6107355928e-02 1.6950080735e-01)	1
0.0019892992      	mag(U)            	0.0000000000e+00	(-1.4000000060e-01 4.9258069922e-03 5.3000562546e-02)	0	2.2697921769e+00	(9.3500840197e-02 4.4812202032e-02 1.8744802799e-01)	1
0.0019892992      	k                 	3.8218074168e-07	(7.6296438098e-02 4.8626669468e-02 2.2887366007e-01)	1	1.5070141082e-02	(1.1149999970e-01 4.1604620038e-02 1.4650568240e-01)	1
0.0019892992      	omega             	1.9934329686e+01	(-3.7824763686e-01 4.4373656505e-01 3.9205729824e-01)	2	1.6962361634e+07	(1.0291314320e-01 4.7269903838e-02 6.1879950920e-03)	3
0.0019892992      	p                 	-3.0107767602e+00	(-1.3049476252e-01 4.3778927520e-02 1.8643708365e-01)	1	1.0103026727e+01	(1.1549973211e-01 4.6107355928e-02 1.6950080735e-01)	1
0.0020142992      	mag(U)            	0.0000000000e+00	(-1.4000000060e-01 4.9258069922e-03 5.3000562546e-02)	0	2.2830707889e+00	(9.3500840197e-02 4.4812202032e-02 1.8744802799e-01)	1
0.0020142992      	k                 	3.7710887913e-07	(7.6296438098e-02 4.8626669468e-02 2.2887366007e-01)	1	1.5309181387e-02	(1.1149999970e-01 4.1604620038e-02 1.4650568240e-01)	1
0.0020142992      	omega             	1.9933507134e+01	(-3.7824763686e-01 4.4373656505e-01 3.9205729824e-01)	2	1.6962361635e+07	(1.0291314320e-01 4.7269903838e-02 6.1879950920e-03)	3
0.0020142992      	p                 	-3.0547318319e+00	(-1.3049476252e-01 4.3778927520e-02 1.8643708365e-01)	1	1.0106455815e+01	(1.1549973211e-01 4.6107355928e-02 1.6950080735e-01)	1
0.0020392992      	mag(U)            	0.0000000000e+00	(-1.4000000060e-01 4.9258069922e-03 5.3000562546e-02)	0	2.2959157626e+00	(9.3500840197e-02 4.4812202032e-02 1.8744802799e-01)	1
0.0020392992      	k                 	3.7220376061e-07	(7.6296438098e-02 4.8626669468e-02 2.2887366007e-01)	1	1.5551726305e-02	(1.1149999970e-01 4.1604620038e-02 1.4650568240e-01)	1
0.0020392992      	omega             	1.9932684650e+01	(-3.7824763686e-01 4.4373656505e-01 3.9205729824e-01)	2	1.6962361635e+07	(1.0291314320e-01 4.7269903838e-02 6.1879950920e-03)	3
0.0020392992      	p                 	-3.0983106213e+00	(-1.3049476252e-01 4.3778927520e-02 1.8643708365e-01)	1	1.0111111370e+01	(1.1549973211e-01 4.6107355928e-02 1.6950080735e-01)	1
0.0020642992      	mag(U)            	0.0000000000e+00	(-1.4000000060e-01 4.9258069922e-03 5.3000562546e-02)	0	2.3083505839e+00	(9.3500840197e-02 4.4812202032e-02 1.8744802799e-01)	1
0.0020642992      	k                 	3.6745799952e-07	(7.6296438098e-02 4.8626669468e-02 2.2887366007e-01)	1	1.5797730197e-02	(1.1149999970e-01 4.1604620038e-02 1.4650568240e-01)	1
0.0020642992      	omega             	1.9931862233e+01	(-3.7824763686e-01 4.4373656505e-01 3.9205729824e-01)	2	1.6962361635e+07	(1.0291314320e-01 4.7269903838e-02 6.1879950920e-03)	3
0.0020642992      	p                 	-3.1408076616e+00	(-1.3049476252e-01 4.3778927520e-02 1.8643708365e-01)	1	1.0115687165e+01	(1.1549973211e-01 4.6107355928e-02 1.6950080735e-01)	1
0.0020892992      	mag(U)            	0.0000000000e+00	(-1.4000000060e-01 4.9258069922e-03 5.3000562546e-02)	0	2.3204195945e+00	(9.3500840197e-02 4.4812202032e-02 1.8744802799e-01)	1
0.0020892992      	k                 	3.6286367575e-07	(7.6296438098e-02 4.8626669468e-02 2.2887366007e-01)	1	1.6047145680e-02	(1.1149999970e-01 4.1604620038e-02 1.4650568240e-01)	1
0.0020892992      	omega             	1.9931039885e+01	(-3.7824763686e-01 4.4373656505e-01 3.9205729824e-01)	2	1.6962361635e+07	(1.0291314320e-01 4.7269903838e-02 6.1879950920e-03)	3
0.0020892992      	p                 	-3.1834685495e+00	(-1.3049476252e-01 4.3778927520e-02 1.8643708365e-01)	1	1.0120371137e+01	(1.1549973211e-01 4.6107355928e-02 1.6950080735e-01)	1
0.0021142992      	mag(U)            	0.0000000000e+00	(-1.4000000060e-01 4.9258069922e-03 5.3000562546e-02)	0	2.3321154569e+00	(9.3500840197e-02 4.4812202032e-02 1.8744802799e-01)	1
0.0021142992      	k                 	3.5841427658e-07	(7.6296438098e-02 4.8626669468e-02 2.2887366007e-01)	1	1.6299923920e-02	(1.1149999970e-01 4.1604620038e-02 1.4650568240e-01)	1
0.0021142992      	omega             	1.9930217604e+01	(-3.7824763686e-01 4.4373656505e-01 3.9205729824e-01)	2	1.6962361636e+07	(1.0291314320e-01 4.7269903838e-02 6.1879950920e-03)	3
0.0021142992      	p                 	-3.2267789274e+00	(-1.1149999825e-01 4.3589475065e-02 1.9548925619e-01)	1	1.0123645635e+01	(1.1549973211e-01 4.6107355928e-02 1.6950080735e-01)	1
0.0021392992      	mag(U)            	0.0000000000e+00	(-1.4000000060e-01 4.9258069922e-03 5.3000562546e-02)	0	2.3434642888e+00	(9.3500840197e-02 4.4812202032e-02 1.8744802799e-01)	1
0.0021392992      	k                 	3.5410073538e-07	(7.6296438098e-02 4.8626669468e-02 2.2887366007e-01)	1	1.6556014161e-02	(1.1149999970e-01 4.1604620038e-02 1.4650568240e-01)	1
0.0021392992      	omega             	1.9929395391e+01	(-3.7824763686e-01 4.4373656505e-01 3.9205729824e-01)	2	1.6962361636e+07	(1.0291314320e-01 4.7269903838e-02 6.1879950920e-03)	3
0.0021392992      	p                 	-3.2744616216e+00	(-1.1149999825e-01 4.3589475065e-02 1.9548925619e-01)	1	1.0127568606e+01	(1.1549973211e-01 4.6107355928e-02 1.6950080735e-01)	1
0.0021642992      	mag(U)            	0.0000000000e+00	(-1.4000000060e-01 4.9258069922e-03 5.3000562546e-02)	0	2.3553385657e+00	(9.4500466869e-02 4.4806836834e-02 1.8843961473e-01)	1
0.0021642992      	k                 	3.4991477547e-07	(7.6296438098e-02 4.8626669468e-02 2.2887366007e-01)	1	1.6815363505e-02	(1.1149999970e-01 4.1604620038e-02 1.4650568240e-01)	1
0.0021642992      	omega             	1.9928573246e+01	(-3.7824763686e-01 4.4373656505e-01 3.9205729824e-01)	2	1.6962361636e+07	(1.0291314320e-01 4.7269903838e-02 6.1879950920e-03)	3
0.0021642992      	p                 	-3.3215531072e+00	(-1.1149999825e-01 4.3589475065e-02 1.9548925619e-01)	1	1.0132478593e+01	(1.1549973211e-01 4.6107355928e-02 1.6950080735e-01)	1
0.0021892992      	mag(U)            	0.0000000000e+00	(-1.4000000060e-01 4.9258069922e-03 5.3000562546e-02)	0	2.3680423755e+00	(9.4500466869e-02 4.4806836834e-02 1.8843961473e-01)	1
0.0021892992      	k                 	3.4584815896e-07	(7.6296438098e-02 4.8626669468e-02 2.2887366007e-01)	1	1.7077917080e-02	(1.1149999970e-01 4.1604620038e-02 1.4650568240e-01)	1
0.0021892992      	omega             	1.9927751169e+01	(-3.7824763686e-01 4.4373656505e-01 3.9205729824e-01)	2	1.6962361637e+07	(1.0291314320e-01 4.7269903838e-02 6.1879950920e-03)	3
0.0021892992      	p                 	-3.3808174567e+00	(1.3249996406e-01 4.3796914475e-02 1.8446127852e-01)	1	1.0137441351e+01	(1.1549973211e-01 4.6107355928e-02 1.6950080735e-01)	1
0.0022142992      	mag(U)            	0.0000000000e+00	(-1.4000000060e-01 4.9258069922e-03 5.3000562546e-02)	0	2.3804097695e+00	(9.4500466869e-02 4.4806836834e-02 1.8843961473e-01)	1
0.0022142992      	k                 	3.4189416114e-07	(7.6296438098e-02 4.8626669468e-02 2.2887366007e-01)	1	1.7343618138e-02	(1.1149999970e-01 4.1604620038e-02 1.4650568240e-01)	1
0.0022142992      	omega             	1.9926929159e+01	(-3.7824763686e-01 4.4373656505e-01 3.9205729824e-01)	2	1.6962361637e+07	(1.0291314320e-01 4.7269903838e-02 6.1879950920e-03)	3
0.0022142992      	p                 	-3.4409533572e+00	(1.3249996406e-01 4.3796914475e-02 1.8446127852e-01)	1	1.0139966951e+01	(1.1549973211e-01 4.6107355928e-02 1.6950080735e-01)	1
0.0022392992      	mag(U)            	0.0000000000e+00	(-1.4000000060e-01 4.9258069922e-03 5.3000562546e-02)	0	2.3924485472e+00	(9.4500466869e-02 4.4806836834e-02 1.8843961473e-01)	1
0.0022392992      	k                 	3.3804640149e-07	(7.6296438098e-02 4.8626669468e-02 2.2887366007e-01)	1	1.7612408091e-02	(1.1149999970e-01 4.1604620038e-02 1.4650568240e-01)	1
0.0022392992      	omega             	1.9926107218e+01	(-3.7824763686e-01 4.4373656505e-01 3.9205729824e-01)	2	1.6962361637e+07	(1.0291314320e-01 4.7269903838e-02 6.1879950920e-03)	3
0.0022392992      	p                 	-3.5008821221e+00	(1.3249996406e-01 4.3796914475e-02 1.8446127852e-01)	1	1.0145571752e+01	(1.1549973211e-01 4.6107355928e-02 1.6950080735e-01)	1
0.0022642992      	mag(U)            	0.0000000000e+00	(-1.4000000060e-01 4.9258069922e-03 5.3000562546e-02)	0	2.4041518422e+00	(9.4500466869e-02 4.4806836834e-02 1.8843961473e-01)	1
0.0022642992      	k                 	3.3429965534e-07	(7.6296438098e-02 4.8626669468e-02 2.2887366007e-01)	1	1.7884226466e-02	(1.1149999970e-01 4.1604620038e-02 1.4650568240e-01)	1
0.0022642992      	omega             	1.9925285344e+01	(-3.7824763686e-01 4.4373656505e-01 3.9205729824e-01)	2	1.6962361637e+07	(1.0291314320e-01 4.7269903838e-02 6.1879950920e-03)	3
0.0022642992      	p                 	-3.5601801779e+00	(1.3249996406e-01 4.3796914475e-02 1.8446127852e-01)	1	1.0150406736e+01	(1.1549973211e-01 4.6107355928e-02 1.6950080735e-01)	1
0.0022892992      	mag(U)            	0.0000000000e+00	(-1.4000000060e-01 4.9258069922e-03 5.3000562546e-02)	0	2.4155423919e+00	(9.4500466869e-02 4.4806836834e-02 1.8843961473e-01)	1
0.0022892992      	k                 	3.3064839854e-07	(7.6296438098e-02 4.8626669468e-02 2.2887366007e-01)	1	1.8159011015e-02	(1.1149999970e-01 4.1604620038e-02 1.4650568240e-01)	1
0.0022892992      	omega             	1.9924463538e+01	(-3.7824763686e-01 4.4373656505e-01 3.9205729824e-01)	2	1.6962361638e+07	(1.0291314320e-01 4.7269903838e-02 6.1879950920e-03)	3
0.0022892992      	p                 	-3.6202932097e+00	(1.3249996406e-01 4.3796914475e-02 1.8446127852e-01)	1	1.0155542895e+01	(1.1549973211e-01 4.6107355928e-02 1.6950080735e-01)	1
0.0023142992      	mag(U)            	0.0000000000e+00	(-1.4000000060e-01 4.9258069922e-03 5.3000562546e-02)	0	2.4266388826e+00	(9.4500466869e-02 4.4806836834e-02 1.8843961473e-01)	1
0.0023142992      	k                 	3.2708757030e-07	(7.6296438098e-02 4.8626669468e-02 2.2887366007e-01)	1	1.8436697706e-02	(1.1149999970e-01 4.1604620038e-02 1.4650568240e-01)	1
0.0023142992      	omega             	1.9923641800e+01	(-3.7823930337e-01 4.4373129307e-01 4.0815378159e-01)	2	1.6962361638e+07	(1.0291314320e-01 4.7269903838e-02 6.1879950920e-03)	3
0.0023142992      	p                 	-3.6796446644e+00	(1.3249996406e-01 4.3796914475e-02 1.8446127852e-01)	1	1.0160077738e+01	(1.1549973211e-01 4.6107355928e-02 1.6950080735e-01)	1
0.0023392992      	mag(U)            	0.0000000000e+00	(-1.4000000060e-01 4.9258069922e-03 5.3000562546e-02)	0	2.4374694092e+00	(9.4500466869e-02 4.4806836834e-02 1.8843961473e-01)	1
0.0023392992      	k                 	3.2361203862e-07	(7.6296438098e-02 4.8626669468e-02 2.2887366007e-01)	1	1.8717220975e-02	(1.1149999970e-01 4.1604620038e-02 1.4650568240e-01)	1
0.0023392992      	omega             	1.9922820129e+01	(-3.7823930337e-01 4.4373129307e-01 4.0815378159e-01)	2	1.6962361638e+07	(1.0291314320e-01 4.7269903838e-02 6.1879950920e-03)	3
0.0023392992      	p                 	-3.7350328310e+00	(1.3249996406e-01 4.3796914475e-02 1.8446127852e-01)	1	1.0165919662e+01	(1.1549973211e-01 4.6107355928e-02 1.6950080735e-01)	1
0.0023642992      	mag(U)            	0.0000000000e+00	(-1.4000000060e-01 4.9258069922e-03 5.3000562546e-02)	0	2.4480178691e+00	(9.4500466869e-02 4.4806836834e-02 1.8843961473e-01)	1
0.0023642992      	k                 	3.2021744134e-07	(7.6296438098e-02 4.8626669468e-02 2.2887366007e-01)	1	1.9000513552e-02	(1.1149999970e-01 4.1604620038e-02 1.4650568240e-01)	1
0.0023642992      	omega             	1.9921998527e+01	(-3.7823930337e-01 4.4373129307e-01 4.0815378159e-01)	2	1.6962361638e+07	(1.0291314320e-01 4.7269903838e-02 6.1879950920e-03)	3
0.0023642992      	p                 	-3.7907203096e+00	(1.3249996406e-01 4.3796914475e-02 1.8446127852e-01)	1	1.0170584625e+01	(1.1549973211e-01 4.6107355928e-02 1.6950080735e-01)	1
0.0023892992      	mag(U)            	0.0000000000e+00	(-1.4000000060e-01 4.9258069922e-03 5.3000562546e-02)	0	2.4583112624e+00	(9.4500466869e-02 4.4806836834e-02 1.8843961473e-01)	1
0.0023892992      	k                 	3.1689960068e-07	(7.6296438098e-02 4.8626669468e-02 2.2887366007e-01)	1	1.9286506055e-02	(1.1149999970e-01 4.1604620038e-02 1.4650568240e-01)	1
0.0023892992      	omega             	1.9921176992e+01	(-3.7823930337e-01 4.4373129307e-01 4.0815378159e-01)	2	1.6962361639e+07	(1.0291314320e-01 4.7269903838e-02 6.1879950920e-03)	3
0.0023892992      	p                 	-3.8494388039e+00	(1.3249996406e-01 4.3796914475e-02 1.8446127852e-01)	1	1.0175658514e+01	(1.1549973211e-01 4.6107355928e-02 1.6950080735e-01)	1
0.0024142992      	mag(U)            	0.0000000000e+00	(-1.4000000060e-01 4.9258069922e-03 5.3000562546e-02)	0	2.4683587338e+00	(9.4500466869e-02 4.4806836834e-02 1.8843961473e-01)	1
0.0024142992      	k                 	3.1365516771e-07	(7.6296438098e-02 4.8626669468e-02 2.2887366007e-01)	1	1.9575129738e-02	(1.1149999970e-01 4.1604620038e-02 1.4650568240e-01)	1
0.0024142992      	omega             	1.9920355525e+01	(-3.7823930337e-01 4.4373129307e-01 4.0815378159e-01)	2	1.6962361639e+07	(1.0291314320e-01 4.7269903838e-02 6.1879950920e-03)	3
0.0024142992      	p                 	-3.9042330145e+00	(1.3249996406e-01 4.3796914475e-02 1.8446127852e-01)	1	1.0181605191e+01	(1.1549973211e-01 4.6107355928e-02 1.6950080735e-01)	1
0.0024392992      	mag(U)            	0.0000000000e+00	(-1.4000000060e-01 4.9258069922e-03 5.3000562546e-02)	0	2.4781736849e+00	(9.4500466869e-02 4.4806836834e-02 1.8843961473e-01)	1
0.0024392992      	k                 	3.1048095155e-07	(7.6296438098e-02 4.8626669468e-02 2.2887366007e-01)	1	1.9866317392e-02	(1.1149999970e-01 4.1604620038e-02 1.4650568240e-01)	1
0.0024392992      	omega             	1.9919534125e+01	(-3.7823930337e-01 4.4373129307e-01 4.0815378159e-01)	2	1.6962361639e+07	(1.0291314320e-01 4.7269903838e-02 6.1879950920e-03)	3
0.0024392992      	p                 	-3.9587655416e+00	(1.3249996406e-01 4.3796914475e-02 1.8446127852e-01)	1	1.0187845931e+01	(1.1549973211e-01 4.6107355928e-02 1.6950080735e-01)	1
0.0024642992      	mag(U)            	0.0000000000e+00	(-1.4000000060e-01 4.9258069922e-03 5.3000562546e-02)	0	2.4877610492e+00	(9.4500466869e-02 4.4806836834e-02 1.8843961473e-01)	1
0.0024642992      	k                 	3.0737434285e-07	(7.6296438098e-02 4.8626669468e-02 2.2887366007e-01)	1	2.0160003101e-02	(1.1149999970e-01 4.1604620038e-02 1.4650568240e-01)	1
0.0024642992      	omega             	1.9918712794e+01	(-3.7823930337e-01 4.4373129307e-01 4.0815378159e-01)	2	1.6962361640e+07	(1.0291314320e-01 4.7269903838e-02 6.1879950920e-03)	3
0.0024642992      	p                 	-4.0190616757e+00	(1.3249996406e-01 4.3796914475e-02 1.8446127852e-01)	1	1.0193930927e+01	(1.1549973211e-01 4.6107355928e-02 1.6950080735e-01)	1
0.0024892992      	mag(U)            	0.0000000000e+00	(-1.4000000060e-01 4.9258069922e-03 5.3000562546e-02)	0	2.5000416583e+00	(-1.3049614480e-01 4.4827543935e-02 1.8546567213e-01)	1
0.0024892992      	k                 	3.0433294786e-07	(7.6296438098e-02 4.8626669468e-02 2.2887366007e-01)	1	2.0456120235e-02	(1.1149999970e-01 4.1604620038e-02 1.4650568240e-01)	1
0.0024892992      	omega             	1.9917891530e+01	(-3.7823930337e-01 4.4373129307e-01 4.0815378159e-01)	2	1.6962361640e+07	(1.0291314320e-01 4.7269903838e-02 6.1879950920e-03)	3
0.0024892992      	p                 	-4.0801197142e+00	(1.3249996406e-01 4.3796914475e-02 1.8446127852e-01)	1	1.0199959946e+01	(1.1549973211e-01 4.6107355928e-02 1.6950080735e-01)	1
0.0025142992      	mag(U)            	0.0000000000e+00	(-1.4000000060e-01 4.9258069922e-03 5.3000562546e-02)	0	2.5130559343e+00	(-1.3049614480e-01 4.4827543935e-02 1.8546567213e-01)	1
0.0025142992      	k                 	3.0135469225e-07	(7.6296438098e-02 4.8626669468e-02 2.2887366007e-01)	1	2.0754600931e-02	(1.1149999970e-01 4.1604620038e-02 1.4650568240e-01)	1
0.0025142992      	omega             	1.9917070334e+01	(-3.7823930337e-01 4.4373129307e-01 4.0815378159e-01)	2	1.6962361640e+07	(1.0291314320e-01 4.7269903838e-02 6.1879950920e-03)	3
0.0025142992      	p                 	-4.1324591681e+00	(1.3249996406e-01 4.3796914475e-02 1.8446127852e-01)	1	1.0205628690e+01	(1.1549973211e-01 4.6107355928e-02 1.6950080735e-01)	1
0.0025392992      	mag(U)            	0.0000000000e+00	(-1.4000000060e-01 4.9258069922e-03 5.3000562546e-02)	0	2.5257025889e+00	(-1.3049614480e-01 4.4827543935e-02 1.8546567213e-01)	1
0.0025392992      	k                 	2.9843785441e-07	(7.6296438098e-02 4.8626669468e-02 2.2887366007e-01)	1	2.1055376815e-02	(1.1149999970e-01 4.1604620038e-02 1.4650568240e-01)	1
0.0025392992      	omega             	1.9916249205e+01	(-3.7823930337e-01 4.4373129307e-01 4.0815378159e-01)	2	1.6962361641e+07	(1.0291314320e-01 4.7269903838e-02 6.1879950920e-03)	3
0.0025392992      	p                 	-4.1904585365e+00	(1.3249996406e-01 4.3796914475e-02 1.8446127852e-01)	1	1.0212250815e+01	(1.1549973211e-01 4.6107355928e-02 1.6950080735e-01)	1
0.0025642992      	mag(U)            	0.0000000000e+00	(-1.4000000060e-01 4.9258069922e-03 5.3000562546e-02)	0	2.5380130907e+00	(-1.3049614480e-01 4.4827543935e-02 1.8546567213e-01)	1
0.0025642992      	k                 	2.9558065542e-07	(7.6296438098e-02 4.8626669468e-02 2.2887366007e-01)	1	2.1358381027e-02	(1.1149999970e-01 4.1604620038e-02 1.4650568240e-01)	1
0.0025642992      	omega             	1.9915428144e+01	(-3.7823930337e-01 4.4373129307e-01 4.0815378159e-01)	2	1.6962361641e+07	(1.0291314320e-01 4.7269903838e-02 6.1879950920e-03)	3
0.0025642992      	p                 	-4.2372429753e+00	(1.3249996406e-01 4.3796914475e-02 1.8446127852e-01)	1	1.0217882076e+01	(1.1549973211e-01 4.6107355928e-02 1.6950080735e-01)	1
0.0025892992      	mag(U)            	0.0000000000e+00	(-1.4000000060e-01 4.9258069922e-03 5.3000562546e-02)	0	2.5500173184e+00	(-1.3049614480e-01 4.4827543935e-02 1.8546567213e-01)	1
0.0025892992      	k                 	2.9278102877e-07	(7.6296438098e-02 4.8626669468e-02 2.2887366007e-01)	1	2.1663546073e-02	(1.1149999970e-01 4.1604620038e-02 1.4650568240e-01)	1
0.0025892992      	omega             	1.9914607151e+01	(-3.7823930337e-01 4.4373129307e-01 4.0815378159e-01)	2	1.6962361641e+07	(1.0291314320e-01 4.7269903838e-02 6.1879950920e-03)	3
0.0025892992      	p                 	-4.2932990707e+00	(1.3249996406e-01 4.3796914475e-02 1.8446127852e-01)	1	1.0224792859e+01	(1.1549973211e-01 4.6107355928e-02 1.6950080735e-01)	1
0.0026142992      	mag(U)            	0.0000000000e+00	(-1.4000000060e-01 4.9258069922e-03 5.3000562546e-02)	0	2.5617355084e+00	(-1.3049614480e-01 4.4827543935e-02 1.8546567213e-01)	1
0.0026142992      	k                 	2.9003692961e-07	(7.6296438098e-02 4.8626669468e-02 2.2887366007e-01)	1	2.1970803928e-02	(1.1149999970e-01 4.1604620038e-02 1.4650568240e-01)	1
0.0026142992      	omega             	1.9913786226e+01	(-3.7823930337e-01 4.4373129307e-01 4.0815378159e-01)	2	1.6962361641e+07	(1.0291314320e-01 4.7269903838e-02 6.1879950920e-03)	3
0.0026142992      	p                 	-4.3530708782e+00	(1.3249996406e-01 4.3796914475e-02 1.8446127852e-01)	1	1.0230396629e+01	(1.1549973211e-01 4.6107355928e-02 1.6950080735e-01)	1
0.0026392992      	mag(U)            	0.0000000000e+00	(-1.4000000060e-01 4.9258069922e-03 5.3000562546e-02)	0	2.5731991123e+00	(-1.3049614480e-01 4.4827543935e-02 1.8546567213e-01)	1
0.0026392992      	k                 	2.8734425621e-07	(7.6296438098e-02 4.8626669468e-02 2.2887366007e-01)	1	2.2280086159e-02	(1.1149999970e-01 4.1604620038e-02 1.4650568240e-01)	1
0.0026392992      	omega             	1.9912965368e+01	(-3.7823930337e-01 4.4373129307e-01 4.0815378159e-01)	2	1.6962361642e+07	(1.0291314320e-01 4.7269903838e-02 6.1879950920e-03)	3
0.0026392992      	p                 	-4.4243023164e+00	(1.3249996406e-01 4.3796914475e-02 1.8446127852e-01)	1	1.0236817368e+01	(1.1549973211e-01 4.6107355928e-02 1.6950080735e-01)	1
0.0026642992      	mag(U)            	0.0000000000e+00	(-1.4000000060e-01 4.9258069922e-03 5.3000562546e-02)	0	2.5844286266e+00	(-1.3049614480e-01 4.4827543935e-02 1.8546567213e-01)	1
0.0026642992      	k                 	2.8469722083e-07	(7.6296438098e-02 4.8626669468e-02 2.2887366007e-01)	1	2.2591327935e-02	(1.1149999970e-01 4.1604620038e-02 1.4650568240e-01)	1
0.0026642992      	omega             	1.9912144578e+01	(-3.7823930337e-01 4.4373129307e-01 4.0815378159e-01)	2	1.6962361642e+07	(1.0291314320e-01 4.7269903838e-02 6.1879950920e-03)	3
0.0026642992      	p                 	-4.4383779056e+00	(1.3249996406e-01 4.3796914475e-02 1.8446127852e-01)	1	1.0242978757e+01	(1.1449974036e-01 4.6107927289e-02 1.6950081284e-01)	1
0.0026892992      	mag(U)            	0.0000000000e+00	(-1.4000000060e-01 4.9258069922e-03 5.3000562546e-02)	0	2.5954503294e+00	(-1.3049614480e-01 4.4827543935e-02 1.8546567213e-01)	1
0.0026892992      	k                 	2.8209039750e-07	(7.6296438098e-02 4.8626669468e-02 2.2887366007e-01)	1	2.2904468224e-02	(1.1149999970e-01 4.1604620038e-02 1.4650568240e-01)	1
0.0026892992      	omega             	1.9911323856e+01	(-3.7823930337e-01 4.4373129307e-01 4.0815378159e-01)	2	1.6962361642e+07	(1.0291314320e-01 4.7269903838e-02 6.1879950920e-03)	3
0.0026892992      	p                 	-4.4820553049e+00	(-9.0499180119e-02 4.3782312993e-02 1.8544848328e-01)	1	1.0251316281e+01	(1.1449974036e-01 4.6107927289e-02 1.6950081284e-01)	1
0.0027142992      	mag(U)            	0.0000000000e+00	(-1.4000000060e-01 4.9258069922e-03 5.3000562546e-02)	0	2.6062819212e+00	(-1.3049614480e-01 4.4827543935e-02 1.8546567213e-01)	1
0.0027142992      	k                 	2.7951985298e-07	(7.6296438098e-02 4.8626669468e-02 2.2887366007e-01)	1	2.3219444199e-02	(1.1149999970e-01 4.1604620038e-02 1.4650568240e-01)	1
0.0027142992      	omega             	1.9910503201e+01	(-3.7823930337e-01 4.4373129307e-01 4.0815378159e-01)	2	1.6962361643e+07	(1.0291314320e-01 4.7269903838e-02 6.1879950920e-03)	3
0.0027142992      	p                 	-4.5578262262e+00	(-9.0499180119e-02 4.3782312993e-02 1.8544848328e-01)	1	1.0258873702e+01	(1.1449974036e-01 4.6107927289e-02 1.6950081284e-01)	1
0.0027392992      	mag(U)            	0.0000000000e+00	(-1.4000000060e-01 4.9258069922e-03 5.3000562546e-02)	0	2.6169390568e+00	(-1.3049614480e-01 4.4827543935e-02 1.8546567213e-01)	1
0.0027392992      	k                 	2.7698346058e-07	(7.6296438098e-02 4.8626669468e-02 2.2887366007e-01)	1	2.3536189180e-02	(1.1149999970e-01 4.1604620038e-02 1.4650568240e-01)	1
0.0027392992      	omega             	1.9909682614e+01	(-3.7823930337e-01 4.4373129307e-01 4.0815378159e-01)	2	1.6962361643e+07	(1.0291314320e-01 4.7269903838e-02 6.1879950920e-03)	3
0.0027392992      	p                 	-4.5962992060e+00	(8.6523300343e-02 4.3796504927e-02 1.6750441036e-01)	1	1.0265854674e+01	(1.1449974036e-01 4.6107927289e-02 1.6950081284e-01)	1
0.0027642992      	mag(U)            	0.0000000000e+00	(-1.4000000060e-01 4.9258069922e-03 5.3000562546e-02)	0	2.6274372975e+00	(-1.3049614480e-01 4.4827543935e-02 1.8546567213e-01)	1
0.0027642992      	k                 	2.7448075066e-07	(7.6296438098e-02 4.8626669468e-02 2.2887366007e-01)	1	2.3854635342e-02	(1.1149999970e-01 4.1604620038e-02 1.4650568240e-01)	1
0.0027642992      	omega             	1.9908862095e+01	(-3.7823930337e-01 4.4373129307e-01 4.0815378159e-01)	2	1.6962361643e+07	(1.0291314320e-01 4.7269903838e-02 6.1879950920e-03)	3
0.0027642992      	p                 	-4.6492209156e+00	(8.6523300343e-02 4.3796504927e-02 1.6750441036e-01)	1	1.0272666340e+01	(1.1449974036e-01 4.6107927289e-02 1.6950081284e-01)	1
0.0027892992      	mag(U)            	0.0000000000e+00	(-1.4000000060e-01 4.9258069922e-03 5.3000562546e-02)	0	2.6377923041e+00	(-1.3049614480e-01 4.4827543935e-02 1.8546567213e-01)	1
0.0027892992      	k                 	2.7201213248e-07	(7.6296438098e-02 4.8626669468e-02 2.2887366007e-01)	1	2.4174719525e-02	(1.1149999970e-01 4.1604620038e-02 1.4650568240e-01)	1
0.0027892992      	omega             	1.9908041643e+01	(-3.7823930337e-01 4.4373129307e-01 4.0815378159e-01)	2	1.6962361644e+07	(1.0291314320e-01 4.7269903838e-02 6.1879950920e-03)	3
0.0027892992      	p                 	-4.7076492139e+00	(8.6523300343e-02 4.3796504927e-02 1.6750441036e-01)	1	1.0280131923e+01	(1.1449974036e-01 4.6107927289e-02 1.6950081284e-01)	1
0.0028142992      	mag(U)            	0.0000000000e+00	(-1.4000000060e-01 4.9258069922e-03 5.3000562546e-02)	0	2.6480168513e+00	(-1.3049614480e-01 4.4827543935e-02 1.8546567213e-01)	1
0.0028142992      	k                 	2.6957829162e-07	(7.6296438098e-02 4.8626669468e-02 2.2887366007e-01)	1	2.4496376405e-02	(1.1149999970e-01 4.1604620038e-02 1.4650568240e-01)	1
0.0028142992      	omega             	1.9907221259e+01	(-3.7823930337e-01 4.4373129307e-01 4.0815378159e-01)	2	1.6962361644e+07	(1.0291314320e-01 4.7269903838e-02 6.1879950920e-03)	3
0.0028142992      	p                 	-4.7686548791e+00	(8.6523300343e-02 4.3796504927e-02 1.6750441036e-01)	1	1.0287186732e+01	(1.1449974036e-01 4.6107927289e-02 1.6950081284e-01)	1
0.0028392992      	mag(U)            	0.0000000000e+00	(-1.4000000060e-01 4.9258069922e-03 5.3000562546e-02)	0	2.6581346178e+00	(-1.3049614480e-01 4.4827543935e-02 1.8546567213e-01)	1
0.0028392992      	k                 	2.6718019496e-07	(7.6296438098e-02 4.8626669468e-02 2.2887366007e-01)	1	2.4819536937e-02	(1.1149999970e-01 4.1604620038e-02 1.4650568240e-01)	1
0.0028392992      	omega             	1.9906400942e+01	(-3.7823930337e-01 4.4373129307e-01 4.0815378159e-01)	2	1.6962361644e+07	(1.0291314320e-01 4.7269903838e-02 6.1879950920e-03)	3
0.0028392992      	p                 	-4.8321704896e+00	(8.6523300343e-02 4.3796504927e-02 1.6750441036e-01)	1	1.0294229099e+01	(1.1449974036e-01 4.6107927289e-02 1.6950081284e-01)	1
0.0028642992      	mag(U)            	0.0000000000e+00	(-1.4000000060e-01 4.9258069922e-03 5.3000562546e-02)	0	2.6681640692e+00	(-1.3049614480e-01 4.4827543935e-02 1.8546567213e-01)	1
0.0028642992      	k                 	2.6481932743e-07	(7.6296438098e-02 4.8626669468e-02 2.2887366007e-01)	1	2.5144132805e-02	(1.1149999970e-01 4.1604620038e-02 1.4650568240e-01)	1
0.0028642992      	omega             	1.9905580693e+01	(-3.7823930337e-01 4.4373129307e-01 4.0815378159e-01)	2	1.6962361645e+07	(1.0291314320e-01 4.7269903838e-02 6.1879950920e-03)	3
0.0028642992      	p                 	-4.8899371846e+00	(8.6523300343e-02 4.3796504927e-02 1.6750441036e-01)	1	1.0301401702e+01	(1.1449974036e-01 4.6107927289e-02 1.6950081284e-01)	1
0.0028892992      	mag(U)            	0.0000000000e+00	(-1.4000000060e-01 4.9258069922e-03 5.3000562546e-02)	0	2.6781201813e+00	(-1.3049614480e-01 4.4827543935e-02 1.8546567213e-01)	1
0.0028892992      	k                 	2.6249550045e-07	(7.6296438098e-02 4.8626669468e-02 2.2887366007e-01)	1	2.5470095282e-02	(1.1149999970e-01 4.1604620038e-02 1.4650568240e-01)	1
0.0028892992      	omega             	1.9904760512e+01	(-3.7823930337e-01 4.4373129307e-01 4.0815378159e-01)	2	1.6962361645e+07	(1.0291314320e-01 4.7269903838e-02 6.1879950920e-03)	3
0.0028892992      	p                 	-4.9486255153e+00	(8.6523300343e-02 4.3796504927e-02 1.6750441036e-01)	1	1.0309413301e+01	(1.1449974036e-01 4.6107927289e-02 1.6950081284e-01)	1
0.0029142992      	mag(U)            	0.0000000000e+00	(-1.4000000060e-01 4.9258069922e-03 5.3000562546e-02)	0	2.6880204545e+00	(-1.3049614480e-01 4.4827543935e-02 1.8546567213e-01)	1
0.0029142992      	k                 	2.6020787694e-07	(7.6296438098e-02 4.8626669468e-02 2.2887366007e-01)	1	2.5797357770e-02	(1.1149999970e-01 4.1604620038e-02 1.4650568240e-01)	1
0.0029142992      	omega             	1.9903940398e+01	(-3.7823930337e-01 4.4373129307e-01 4.0815378159e-01)	2	1.6962361645e+07	(1.0291314320e-01 4.7269903838e-02 6.1879950920e-03)	3
0.0029142992      	p                 	-5.0082302777e+00	(8.6523300343e-02 4.3796504927e-02 1.6750441036e-01)	1	1.0316469009e+01	(1.1449974036e-01 4.6107927289e-02 1.6950081284e-01)	1
0.0029392992      	mag(U)            	0.0000000000e+00	(-1.4000000060e-01 4.9258069922e-03 5.3000562546e-02)	0	2.6978771410e+00	(-1.3049614480e-01 4.4827543935e-02 1.8546567213e-01)	1
0.0029392992      	k                 	2.5795564053e-07	(7.6296438098e-02 4.8626669468e-02 2.2887366007e-01)	1	2.6125855193e-02	(1.1149999970e-01 4.1604620038e-02 1.4650568240e-01)	1
0.0029392992      	omega             	1.9903120352e+01	(-3.7823930337e-01 4.4373129307e-01 4.0815378159e-01)	2	1.6962361646e+07	(1.0291314320e-01 4.7269903838e-02 6.1879950920e-03)	3
0.0029392992      	p                 	-5.0670485336e+00	(8.6523300343e-02 4.3796504927e-02 1.6750441036e-01)	1	1.0323792651e+01	(1.1449974036e-01 4.6107927289e-02 1.6950081284e-01)	1
0.0029642992      	mag(U)            	0.0000000000e+00	(-1.4000000060e-01 4.9258069922e-03 5.3000562546e-02)	0	2.7076762964e+00	(-1.3049614480e-01 4.4827543935e-02 1.8546567213e-01)	1
0.0029642992      	k                 	2.5573844447e-07	(7.6296438098e-02 4.8626669468e-02 2.2887366007e-01)	1	2.6455522143e-02	(1.1149999970e-01 4.1604620038e-02 1.4650568240e-01)	1
0.0029642992      	omega             	1.9902300373e+01	(-3.7823930337e-01 4.4373129307e-01 4.0815378159e-01)	2	1.6962361646e+07	(1.0291314320e-01 4.7269903838e-02 6.1879950920e-03)	3
0.0029642992      	p                 	-5.1267021642e+00	(8.6523300343e-02 4.3796504927e-02 1.6750441036e-01)	1	1.0331139437e+01	(1.1449974036e-01 4.6107927289e-02 1.6950081284e-01)	1
0.0029892992      	mag(U)            	0.0000000000e+00	(-1.4000000060e-01 4.9258069922e-03 5.3000562546e-02)	0	2.7174308219e+00	(-1.3049614480e-01 4.4827543935e-02 1.8546567213e-01)	1
0.0029892992      	k                 	2.5355600065e-07	(7.6296438098e-02 4.8626669468e-02 2.2887366007e-01)	1	2.6786296100e-02	(1.1149999970e-01 4.1604620038e-02 1.4650568240e-01)	1
0.0029892992      	omega             	1.9901480462e+01	(-3.7823930337e-01 4.4373129307e-01 4.0815378159e-01)	2	1.6962361646e+07	(1.0291314320e-01 4.7269903838e-02 6.1879950920e-03)	3
0.0029892992      	p                 	-5.1868655207e+00	(8.6523300343e-02 4.3796504927e-02 1.6750441036e-01)	1	1.0339251805e+01	(1.1449974036e-01 4.6107927289e-02 1.6950081284e-01)	1
0.0030142992      	mag(U)            	0.0000000000e+00	(-1.4000000060e-01 4.9258069922e-03 5.3000562546e-02)	0	2.7290674526e+00	(1.3250159125e-01 4.5860163640e-02 1.8448363969e-01)	1
0.0030142992      	k                 	2.5140794446e-07	(7.6296438098e-02 4.8626669468e-02 2.2887366007e-01)	1	2.7118114388e-02	(1.1149999970e-01 4.1604620038e-02 1.4650568240e-01)	1
0.0030142992      	omega             	1.9900660619e+01	(-3.7823930337e-01 4.4373129307e-01 4.0815378159e-01)	2	1.6962361647e+07	(1.0291314320e-01 4.7269903838e-02 6.1879950920e-03)	3
0.0030142992      	p                 	-5.2512747280e+00	(8.6523300343e-02 4.3796504927e-02 1.6750441036e-01)	1	1.0347641356e+01	(1.1449974036e-01 4.6107927289e-02 1.6950081284e-01)	1
0.0030392992      	mag(U)            	0.0000000000e+00	(-1.4000000060e-01 4.9258069922e-03 5.3000562546e-02)	0	2.7442249495e+00	(1.3250159125e-01 4.5860163640e-02 1.8448363969e-01)	1
0.0030392992      	k                 	2.4929408052e-07	(7.6296438098e-02 4.8626669468e-02 2.2887366007e-01)	1	2.7450916395e-02	(1.1149999970e-01 4.1604620038e-02 1.4650568240e-01)	1
0.0030392992      	omega             	1.9899840843e+01	(-3.7823930337e-01 4.4373129307e-01 4.0815378159e-01)	2	1.6962361647e+07	(1.0291314320e-01 4.7269903838e-02 6.1879950920e-03)	3
0.0030392992      	p                 	-5.3268450803e+00	(8.6523300343e-02 4.3796504927e-02 1.6750441036e-01)	1	1.0354970016e+01	(1.1449974036e-01 4.6107927289e-02 1.6950081284e-01)	1
0.0030642992      	mag(U)            	0.0000000000e+00	(-1.4000000060e-01 4.9258069922e-03 5.3000562546e-02)	0	2.7592569035e+00	(1.3250159125e-01 4.5860163640e-02 1.8448363969e-01)	1
0.0030642992      	k                 	2.4721444989e-07	(7.6296438098e-02 4.8626669468e-02 2.2887366007e-01)	1	2.7788254427e-02	(1.0649999991e-01 4.1610147690e-02 1.4753667828e-01)	1
0.0030642992      	omega             	1.9899021134e+01	(-3.7823930337e-01 4.4373129307e-01 4.0815378159e-01)	2	1.6962361647e+07	(1.0291314320e-01 4.7269903838e-02 6.1879950920e-03)	3
0.0030642992      	p                 	-5.3598738435e+00	(8.6523300343e-02 4.3796504927e-02 1.6750441036e-01)	1	1.0362927111e+01	(1.1449974036e-01 4.6107927289e-02 1.6950081284e-01)	1
0.0030892992      	mag(U)            	0.0000000000e+00	(-1.4000000060e-01 4.9258069922e-03 5.3000562546e-02)	0	2.7741541415e+00	(1.3250159125e-01 4.5860163640e-02 1.8448363969e-01)	1
0.0030892992      	k                 	2.4516936837e-07	(7.6296438098e-02 4.8626669468e-02 2.2887366007e-01)	1	2.8145585725e-02	(1.0649999991e-01 4.1610147690e-02 1.4753667828e-01)	1
0.0030892992      	omega             	1.9898201494e+01	(-3.7823930337e-01 4.4373129307e-01 4.0815378159e-01)	2	1.6962361648e+07	(1.0291314320e-01 4.7269903838e-02 6.1879950920e-03)	3
0.0030892992      	p                 	-5.3543530175e+00	(8.6523300343e-02 4.3796504927e-02 1.6750441036e-01)	1	1.0371120437e+01	(1.1449974036e-01 4.6107927289e-02 1.6950081284e-01)	1
0.0031142992      	mag(U)            	0.0000000000e+00	(-1.4000000060e-01 4.9258069922e-03 5.3000562546e-02)	0	2.7889233226e+00	(1.3250159125e-01 4.5860163640e-02 1.8448363969e-01)	1
0.0031142992      	k                 	2.4315919698e-07	(7.6296438098e-02 4.8626669468e-02 2.2887366007e-01)	1	2.8504199586e-02	(1.0649999991e-01 4.1610147690e-02 1.4753667828e-01)	1
0.0031142992      	omega             	1.9897381920e+01	(-3.7823930337e-01 4.4373129307e-01 4.0815378159e-01)	2	1.6962361648e+07	(1.0291314320e-01 4.7269903838e-02 6.1879950920e-03)	3
0.0031142992      	p                 	-5.3785788610e+00	(8.6523300343e-02 4.3796504927e-02 1.6750441036e-01)	1	1.0379085694e+01	(1.1449974036e-01 4.6107927289e-02 1.6950081284e-01)	1
0.0031392992      	mag(U)            	0.0000000000e+00	(-1.4000000060e-01 4.9258069922e-03 5.3000562546e-02)	0	2.8035680626e+00	(1.3250159125e-01 4.5860163640e-02 1.8448363969e-01)	1
0.0031392992      	k                 	2.4118393197e-07	(7.6296438098e-02 4.8626669468e-02 2.2887366007e-01)	1	2.8864038590e-02	(1.0649999991e-01 4.1610147690e-02 1.4753667828e-01)	1
0.0031392992      	omega             	1.9896562414e+01	(-3.7823930337e-01 4.4373129307e-01 4.0815378159e-01)	2	1.6962361648e+07	(1.0291314320e-01 4.7269903838e-02 6.1879950920e-03)	3
0.0031392992      	p                 	-5.4336502977e+00	(8.6523300343e-02 4.3796504927e-02 1.6750441036e-01)	1	1.0385814364e+01	(1.1449974036e-01 4.6107927289e-02 1.6950081284e-01)	1
0.0031642992      	mag(U)            	0.0000000000e+00	(-1.4000000060e-01 4.9258069922e-03 5.3000562546e-02)	0	2.8180929668e+00	(1.3250159125e-01 4.5860163640e-02 1.8448363969e-01)	1
0.0031642992      	k                 	2.3924377234e-07	(7.6296438098e-02 4.8626669468e-02 2.2887366007e-01)	1	2.9225041669e-02	(1.0649999991e-01 4.1610147690e-02 1.4753667828e-01)	1
0.0031642992      	omega             	1.9895742976e+01	(-3.7823930337e-01 4.4373129307e-01 4.0815378159e-01)	2	1.6962361649e+07	(1.0291314320e-01 4.7269903838e-02 6.1879950920e-03)	3
0.0031642992      	p                 	-5.4704329074e+00	(8.6523300343e-02 4.3796504927e-02 1.6750441036e-01)	1	1.0395022605e+01	(1.1449974036e-01 4.6107927289e-02 1.6950081284e-01)	1
0.0031892992      	mag(U)            	0.0000000000e+00	(-1.4000000060e-01 4.9258069922e-03 5.3000562546e-02)	0	2.8324906748e+00	(1.3250159125e-01 4.5860163640e-02 1.8448363969e-01)	1
0.0031892992      	k                 	2.3733855368e-07	(7.6296438098e-02 4.8626669468e-02 2.2887366007e-01)	1	2.9587148902e-02	(1.0649999991e-01 4.1610147690e-02 1.4753667828e-01)	1
0.0031892992      	omega             	1.9894923605e+01	(-3.7823930337e-01 4.4373129307e-01 4.0815378159e-01)	2	1.6962361649e+07	(1.0291314320e-01 4.7269903838e-02 6.1879950920e-03)	3
0.0031892992      	p                 	-5.5123439060e+00	(8.6523300343e-02 4.3796504927e-02 1.6750441036e-01)	1	1.0401752636e+01	(1.1449974036e-01 4.6107927289e-02 1.6950081284e-01)	1
0.0032142992      	mag(U)            	0.0000000000e+00	(-1.4000000060e-01 4.9258069922e-03 5.3000562546e-02)	0	2.8467746512e+00	(1.3250159125e-01 4.5860163640e-02 1.8448363969e-01)	1
0.0032142992      	k                 	2.3546792482e-07	(7.6296438098e-02 4.8626669468e-02 2.2887366007e-01)	1	2.9950299983e-02	(1.0649999991e-01 4.1610147690e-02 1.4753667828e-01)	1
0.0032142992      	omega             	1.9894104302e+01	(-3.7823930337e-01 4.4373129307e-01 4.0815378159e-01)	2	1.6962361649e+07	(1.0291314320e-01 4.7269903838e-02 6.1879950920e-03)	3
0.0032142992      	p                 	-5.5515550195e+00	(8.6523300343e-02 4.3796504927e-02 1.6750441036e-01)	1	1.0410743912e+01	(1.1449974036e-01 4.6107927289e-02 1.6950081284e-01)	1
0.0032392992      	mag(U)            	0.0000000000e+00	(-1.4000000060e-01 4.9258069922e-03 5.3000562546e-02)	0	2.8609429631e+00	(1.3250159125e-01 4.5860163640e-02 1.8448363969e-01)	1
0.0032392992      	k                 	2.3363152367e-07	(7.6296438098e-02 4.8626669468e-02 2.2887366007e-01)	1	3.0314440142e-02	(1.0649999991e-01 4.1610147690e-02 1.4753667828e-01)	1
0.0032392992      	omega             	1.9893285066e+01	(-3.7823930337e-01 4.4373129307e-01 4.0815378159e-01)	2	1.6962361650e+07	(1.0291314320e-01 4.7269903838e-02 6.1879950920e-03)	3
0.0032392992      	p                 	-5.5902054038e+00	(8.6523300343e-02 4.3796504927e-02 1.6750441036e-01)	1	1.0417473578e+01	(1.1449974036e-01 4.6107927289e-02 1.6950081284e-01)	1
0.0032642992      	mag(U)            	0.0000000000e+00	(-1.4000000060e-01 4.9258069922e-03 5.3000562546e-02)	0	2.8749943379e+00	(1.3250159125e-01 4.5860163640e-02 1.8448363969e-01)	1
0.0032642992      	k                 	2.3182842911e-07	(7.6296438098e-02 4.8626669468e-02 2.2887366007e-01)	1	3.0679518036e-02	(1.0649999991e-01 4.1610147690e-02 1.4753667828e-01)	1
0.0032642992      	omega             	1.9892465898e+01	(-3.7821475480e-01 4.4372197042e-01 4.2439345975e-01)	2	1.6962361650e+07	(1.0291314320e-01 4.7269903838e-02 6.1879950920e-03)	3
0.0032642992      	p                 	-5.6440035944e+00	(1.3149983563e-01 4.4819879811e-02 1.8645798054e-01)	1	1.0426596173e+01	(1.1449974036e-01 4.6107927289e-02 1.6950081284e-01)	1
0.0032892992      	mag(U)            	0.0000000000e+00	(-1.4000000060e-01 4.9258069922e-03 5.3000562546e-02)	0	2.8889313346e+00	(1.3250159125e-01 4.5860163640e-02 1.8448363969e-01)	1
0.0032892992      	k                 	2.3005824582e-07	(7.6296438098e-02 4.8626669468e-02 2.2887366007e-01)	1	3.1083222640e-02	(9.9501066557e-02 4.8990079471e-02 1.9350000002e-01)	1
0.0032892992      	omega             	1.9891646797e+01	(-3.7821475480e-01 4.4372197042e-01 4.2439345975e-01)	2	1.6962361650e+07	(1.0291314320e-01 4.7269903838e-02 6.1879950920e-03)	3
0.0032892992      	p                 	-5.7289485408e+00	(1.3149983563e-01 4.4819879811e-02 1.8645798054e-01)	1	1.0434970625e+01	(1.1449974036e-01 4.6107927289e-02 1.6950081284e-01)	1
0.0033142992      	mag(U)            	0.0000000000e+00	(-1.4000000060e-01 4.9258069922e-03 5.3000562546e-02)	0	2.9027626641e+00	(1.3250159125e-01 4.5860163640e-02 1.8448363969e-01)	1
0.0033142992      	k                 	2.2832182669e-07	(7.6296438098e-02 4.8626669468e-02 2.2887366007e-01)	1	3.1613922848e-02	(9.9501066557e-02 4.8990079471e-02 1.9350000002e-01)	1
0.0033142992      	omega             	1.9890827763e+01	(-3.7821475480e-01 4.4372197042e-01 4.2439345975e-01)	2	1.6962361651e+07	(1.0291314320e-01 4.7269903838e-02 6.1879950920e-03)	3
0.0033142992      	p                 	-5.8089581152e+00	(1.3149983563e-01 4.4819879811e-02 1.8645798054e-01)	1	1.0443398190e+01	(1.1449974036e-01 4.6107927289e-02 1.6950081284e-01)	1
0.0033392992      	mag(U)            	0.0000000000e+00	(-1.4000000060e-01 4.9258069922e-03 5.3000562546e-02)	0	2.9164867451e+00	(1.3250159125e-01 4.5860163640e-02 1.8448363969e-01)	1
0.0033392992      	k                 	2.2661900762e-07	(7.6296438098e-02 4.8626669468e-02 2.2887366007e-01)	1	3.2150522886e-02	(9.9501066557e-02 4.8990079471e-02 1.9350000002e-01)	1
0.0033392992      	omega             	1.9890008797e+01	(-3.7821475480e-01 4.4372197042e-01 4.2439345975e-01)	2	1.6962361651e+07	(1.0291314320e-01 4.7269903838e-02 6.1879950920e-03)	3
0.0033392992      	p                 	-5.8927752830e+00	(1.3149983563e-01 4.4819879811e-02 1.8645798054e-01)	1	1.0450967580e+01	(1.1449974036e-01 4.6107927289e-02 1.6950081284e-01)	1
0.0033642992      	mag(U)            	0.0000000000e+00	(-1.4000000060e-01 4.9258069922e-03 5.3000562546e-02)	0	2.9300847547e+00	(1.3250159125e-01 4.5860163640e-02 1.8448363969e-01)	1
0.0033642992      	k                 	2.2494882223e-07	(7.6296438098e-02 4.8626669468e-02 2.2887366007e-01)	1	3.2693068418e-02	(9.9501066557e-02 4.8990079471e-02 1.9350000002e-01)	1
0.0033642992      	omega             	1.9889189899e+01	(-3.7821475480e-01 4.4372197042e-01 4.2439345975e-01)	2	1.6962361651e+07	(1.0291314320e-01 4.7269903838e-02 6.1879950920e-03)	3
0.0033642992      	p                 	-5.9773109411e+00	(1.3149983563e-01 4.4819879811e-02 1.8645798054e-01)	1	1.0459530009e+01	(1.1449974036e-01 4.6107927289e-02 1.6950081284e-01)	1
0.0033892992      	mag(U)            	0.0000000000e+00	(-1.4000000060e-01 4.9258069922e-03 5.3000562546e-02)	0	2.9435454592e+00	(1.3250159125e-01 4.5860163640e-02 1.8448363969e-01)	1
0.0033892992      	k                 	2.2331010580e-07	(7.6296438098e-02 4.8626669468e-02 2.2887366007e-01)	1	3.3241608067e-02	(9.9501066557e-02 4.8990079471e-02 1.9350000002e-01)	1
0.0033892992      	omega             	1.9888371067e+01	(-3.7821475480e-01 4.4372197042e-01 4.2439345975e-01)	2	1.6962361652e+07	(1.0291314320e-01 4.7269903838e-02 6.1879950920e-03)	3
0.0033892992      	p                 	-6.0613282066e+00	(1.3149983563e-01 4.4819879811e-02 1.8645798054e-01)	1	1.0467310447e+01	(1.1449974036e-01 4.6107927289e-02 1.6950081284e-01)	1
0.0034142992      	mag(U)            	0.0000000000e+00	(-1.4000000060e-01 4.9258069922e-03 5.3000562546e-02)	0	2.9568751909e+00	(1.3250159125e-01 4.5860163640e-02 1.8448363969e-01)	1
0.0034142992      	k                 	2.2170206458e-07	(7.6296438098e-02 4.8626669468e-02 2.2887366007e-01)	1	3.3796190550e-02	(9.9501066557e-02 4.8990079471e-02 1.9350000002e-01)	1
0.0034142992      	omega             	1.9887552304e+01	(-3.7821475480e-01 4.4372197042e-01 4.2439345975e-01)	2	1.6962361652e+07	(1.0291314320e-01 4.7269903838e-02 6.1879950920e-03)	3
0.0034142992      	p                 	-6.1479366253e+00	(9.4500205942e-02 4.4789616326e-02 1.9043579971e-01)	1	1.0476084069e+01	(1.1449974036e-01 4.6107927289e-02 1.6950081284e-01)	1
0.0034392992      	mag(U)            	0.0000000000e+00	(-1.4000000060e-01 4.9258069922e-03 5.3000562546e-02)	0	2.9700725257e+00	(1.3250159125e-01 4.5860163640e-02 1.8448363969e-01)	1
0.0034392992      	k                 	2.2012400198e-07	(7.6296438098e-02 4.8626669468e-02 2.2887366007e-01)	1	3.4356862144e-02	(9.9501066557e-02 4.8990079471e-02 1.9350000002e-01)	1
0.0034392992      	omega             	1.9886733607e+01	(-3.7821475480e-01 4.4372197042e-01 4.2439345975e-01)	2	1.6962361652e+07	(1.0291314320e-01 4.7269903838e-02 6.1879950920e-03)	3
0.0034392992      	p                 	-6.2415340245e+00	(9.4500205942e-02 4.4789616326e-02 1.9043579971e-01)	1	1.0483588248e+01	(1.1449974036e-01 4.6107927289e-02 1.6950081284e-01)	1
0.0034642992      	mag(U)            	0.0000000000e+00	(-1.4000000060e-01 4.9258069922e-03 5.3000562546e-02)	0	2.9831273249e+00	(1.3250159125e-01 4.5860163640e-02 1.8448363969e-01)	1
0.0034642992      	k                 	2.1857545461e-07	(7.6296438098e-02 4.8626669468e-02 2.2887366007e-01)	1	3.4923668532e-02	(9.9501066557e-02 4.8990079471e-02 1.9350000002e-01)	1
0.0034642992      	omega             	1.9885914979e+01	(-3.7821475480e-01 4.4372197042e-01 4.2439345975e-01)	2	1.6962361653e+07	(1.0291314320e-01 4.7269903838e-02 6.1879950920e-03)	3
0.0034642992      	p                 	-6.3344877754e+00	(9.4500205942e-02 4.4789616326e-02 1.9043579971e-01)	1	1.0492518271e+01	(1.1449974036e-01 4.6107927289e-02 1.6950081284e-01)	1
0.0034892992      	mag(U)            	0.0000000000e+00	(-1.4000000060e-01 4.9258069922e-03 5.3000562546e-02)	0	2.9960419409e+00	(1.3250159125e-01 4.5860163640e-02 1.8448363969e-01)	1
0.0034892992      	k                 	2.1705553274e-07	(7.6296438098e-02 4.8626669468e-02 2.2887366007e-01)	1	3.5496656075e-02	(9.9501066557e-02 4.8990079471e-02 1.9350000002e-01)	1
0.0034892992      	omega             	1.9885096417e+01	(-3.7821475480e-01 4.4372197042e-01 4.2439345975e-01)	2	1.6962361653e+07	(1.0291314320e-01 4.7269903838e-02 6.1879950920e-03)	3
0.0034892992      	p                 	-6.4275344224e+00	(9.4500205942e-02 4.4789616326e-02 1.9043579971e-01)	1	1.0500528400e+01	(1.1449974036e-01 4.6107927289e-02 1.6950081284e-01)	1
0.0035142992      	mag(U)            	0.0000000000e+00	(-1.4000000060e-01 4.9258069922e-03 5.3000562546e-02)	0	3.0088195570e+00	(1.3250159125e-01 4.5860163640e-02 1.8448363969e-01)	1
0.0035142992      	k                 	2.1556356576e-07	(7.6296438098e-02 4.8626669468e-02 2.2887366007e-01)	1	3.6075872486e-02	(9.9501066557e-02 4.8990079471e-02 1.9350000002e-01)	1
0.0035142992      	omega             	1.9884277923e+01	(-3.7821475480e-01 4.4372197042e-01 4.2439345975e-01)	2	1.6962361654e+07	(1.0291314320e-01 4.7269903838e-02 6.1879950920e-03)	3
0.0035142992      	p                 	-6.5204633408e+00	(9.4500205942e-02 4.4789616326e-02 1.9043579971e-01)	1	1.0509179044e+01	(1.1449974036e-01 4.6107927289e-02 1.6950081284e-01)	1
0.0035392992      	mag(U)            	0.0000000000e+00	(-1.4000000060e-01 4.9258069922e-03 5.3000562546e-02)	0	3.0214543142e+00	(1.3250159125e-01 4.5860163640e-02 1.8448363969e-01)	1
0.0035392992      	k                 	2.1409875200e-07	(7.6296438098e-02 4.8626669468e-02 2.2887366007e-01)	1	3.6661365444e-02	(9.9501066557e-02 4.8990079471e-02 1.9350000002e-01)	1
0.0035392992      	omega             	1.9883459496e+01	(-3.7821475480e-01 4.4372197042e-01 4.2439345975e-01)	2	1.6962361654e+07	(1.0291314320e-01 4.7269903838e-02 6.1879950920e-03)	3
0.0035392992      	p                 	-6.6136211436e+00	(9.4500205942e-02 4.4789616326e-02 1.9043579971e-01)	1	1.0516810974e+01	(1.1449974036e-01 4.6107927289e-02 1.6950081284e-01)	1
0.0035642992      	mag(U)            	0.0000000000e+00	(-1.4000000060e-01 4.9258069922e-03 5.3000562546e-02)	0	3.0339373016e+00	(1.3250159125e-01 4.5860163640e-02 1.8448363969e-01)	1
0.0035642992      	k                 	2.1266036505e-07	(7.6296438098e-02 4.8626669468e-02 2.2887366007e-01)	1	3.7253182671e-02	(9.9501066557e-02 4.8990079471e-02 1.9350000002e-01)	1
0.0035642992      	omega             	1.9882641137e+01	(-3.7821475480e-01 4.4372197042e-01 4.2439345975e-01)	2	1.6962361654e+07	(1.0291314320e-01 4.7269903838e-02 6.1879950920e-03)	3
0.0035642992      	p                 	-6.7046520475e+00	(9.4500205942e-02 4.4789616326e-02 1.9043579971e-01)	1	1.0525322805e+01	(1.1449974036e-01 4.6107927289e-02 1.6950081284e-01)	1
0.0035892992      	mag(U)            	0.0000000000e+00	(-1.4000000060e-01 4.9258069922e-03 5.3000562546e-02)	0	3.0465818470e+00	(9.1501147485e-02 4.5852029985e-02 1.8647439012e-01)	1
0.0035892992      	k                 	2.1124807256e-07	(7.6296438098e-02 4.8626669468e-02 2.2887366007e-01)	1	3.7851365152e-02	(9.9501066557e-02 4.8990079471e-02 1.9350000002e-01)	1
0.0035892992      	omega             	1.9881822845e+01	(-3.7821475480e-01 4.4372197042e-01 4.2439345975e-01)	2	1.6962361655e+07	(1.0291314320e-01 4.7269903838e-02 6.1879950920e-03)	3
0.0035892992      	p                 	-6.7970000675e+00	(9.4500205942e-02 4.4789616326e-02 1.9043579971e-01)	1	1.0533488959e+01	(1.1449974036e-01 4.6107927289e-02 1.6950081284e-01)	1
0.0036142992      	mag(U)            	0.0000000000e+00	(-1.4000000060e-01 4.9258069922e-03 5.3000562546e-02)	0	3.0599489369e+00	(9.1501147485e-02 4.5852029985e-02 1.8647439012e-01)	1
0.0036142992      	k                 	2.0986162569e-07	(7.6296438098e-02 4.8626669468e-02 2.2887366007e-01)	1	3.8455940415e-02	(9.9501066557e-02 4.8990079471e-02 1.9350000002e-01)	1
0.0036142992      	omega             	1.9881004620e+01	(-3.7821475480e-01 4.4372197042e-01 4.2439345975e-01)	2	1.6962361655e+07	(1.0291314320e-01 4.7269903838e-02 6.1879950920e-03)	3
0.0036142992      	p                 	-6.8876109728e+00	(9.4500205942e-02 4.4789616326e-02 1.9043579971e-01)	1	1.0541794793e+01	(1.1449974036e-01 4.6107927289e-02 1.6950081284e-01)	1
0.0036392992      	mag(U)            	0.0000000000e+00	(-1.4000000060e-01 4.9258069922e-03 5.3000562546e-02)	0	3.0731289153e+00	(9.1501147485e-02 4.5852029985e-02 1.8647439012e-01)	1
0.0036392992      	k                 	2.0850067209e-07	(7.6296438098e-02 4.8626669468e-02 2.2887366007e-01)	1	3.9066919829e-02	(9.9501066557e-02 4.8990079471e-02 1.9350000002e-01)	1
0.0036392992      	omega             	1.9880186463e+01	(-3.7821475480e-01 4.4372197042e-01 4.2439345975e-01)	2	1.6962361655e+07	(1.0291314320e-01 4.7269903838e-02 6.1879950920e-03)	3
0.0036392992      	p                 	-6.9789947251e+00	(9.4500205942e-02 4.4789616326e-02 1.9043579971e-01)	1	1.0550367073e+01	(1.1449974036e-01 4.6107927289e-02 1.6950081284e-01)	1
0.0036642992      	mag(U)            	0.0000000000e+00	(-1.4000000060e-01 4.9258069922e-03 5.3000562546e-02)	0	3.0865219329e+00	(9.1501147485e-02 4.5852029985e-02 1.8647439012e-01)	1
0.0036642992      	k                 	2.0716462118e-07	(7.6296438098e-02 4.8626669468e-02 2.2887366007e-01)	1	3.9684324632e-02	(9.9501066557e-02 4.8990079471e-02 1.9350000002e-01)	1
0.0036642992      	omega             	1.9879368373e+01	(-3.7821475480e-01 4.4372197042e-01 4.2439345975e-01)	2	1.6962361656e+07	(1.0291314320e-01 4.7269903838e-02 6.1879950920e-03)	3
0.0036642992      	p                 	-7.0694030437e+00	(9.4500205942e-02 4.4789616326e-02 1.9043579971e-01)	1	1.0558694978e+01	(1.1449974036e-01 4.6107927289e-02 1.6950081284e-01)	1
0.0036892992      	mag(U)            	0.0000000000e+00	(-1.4000000060e-01 4.9258069922e-03 5.3000562546e-02)	0	3.1000719942e+00	(9.1501147485e-02 4.5852029985e-02 1.8647439012e-01)	1
0.0036892992      	k                 	2.0585268796e-07	(7.6296438098e-02 4.8626669468e-02 2.2887366007e-01)	1	4.0308185242e-02	(9.9501066557e-02 4.8990079471e-02 1.9350000002e-01)	1
0.0036892992      	omega             	1.9878550350e+01	(-3.7821475480e-01 4.4372197042e-01 4.2439345975e-01)	2	1.6962361656e+07	(1.0291314320e-01 4.7269903838e-02 6.1879950920e-03)	3
0.0036892992      	p                 	-7.1597233745e+00	(9.4500205942e-02 4.4789616326e-02 1.9043579971e-01)	1	1.0566709348e+01	(1.1449974036e-01 4.6107927289e-02 1.6950081284e-01)	1
0.0037142992      	mag(U)            	0.0000000000e+00	(-1.4000000060e-01 4.9258069922e-03 5.3000562546e-02)	0	3.1136012036e+00	(9.1501147485e-02 4.5852029985e-02 1.8647439012e-01)	1
0.0037142992      	k                 	2.0456375057e-07	(7.6296438098e-02 4.8626669468e-02 2.2887366007e-01)	1	4.0944967076e-02	(1.0050018877e-01 4.8988499136e-02 1.9450000002e-01)	1
0.0037142992      	omega             	1.9877732395e+01	(-3.7821475480e-01 4.4372197042e-01 4.2439345975e-01)	2	1.6962361657e+07	(1.0291314320e-01 4.7269903838e-02 6.1879950920e-03)	3
0.0037142992      	p                 	-7.2427506956e+00	(9.4500205942e-02 4.4789616326e-02 1.9043579971e-01)	1	1.0574355801e+01	(1.1449974036e-01 4.6107927289e-02 1.6950081284e-01)	1
0.0037392992      	mag(U)            	0.0000000000e+00	(-1.4000000060e-01 4.9258069922e-03 5.3000562546e-02)	0	3.1269992684e+00	(9.1501147485e-02 4.5852029985e-02 1.8647439012e-01)	1
0.0037392992      	k                 	2.0329621514e-07	(7.6296438098e-02 4.8626669468e-02 2.2887366007e-01)	1	4.1596626949e-02	(1.0050018877e-01 4.8988499136e-02 1.9450000002e-01)	1
0.0037392992      	omega             	1.9876914507e+01	(-3.7821475480e-01 4.4372197042e-01 4.2439345975e-01)	2	1.6962361657e+07	(1.0291314320e-01 4.7269903838e-02 6.1879950920e-03)	3
0.0037392992      	p                 	-7.3174702236e+00	(9.4500205942e-02 4.4789616326e-02 1.9043579971e-01)	1	1.0581722422e+01	(1.1449974036e-01 4.6107927289e-02 1.6950081284e-01)	1
0.0037642992      	mag(U)            	0.0000000000e+00	(-1.4000000060e-01 4.9258069922e-03 5.3000562546e-02)	0	3.1402778818e+00	(9.1501147485e-02 4.5852029985e-02 1.8647439012e-01)	1
0.0037642992      	k                 	2.0204883028e-07	(7.6296438098e-02 4.8626669468e-02 2.2887366007e-01)	1	4.2255494493e-02	(1.0050018877e-01 4.8988499136e-02 1.9450000002e-01)	1
0.0037642992      	omega             	1.9876096686e+01	(-3.7821475480e-01 4.4372197042e-01 4.2439345975e-01)	2	1.6962361657e+07	(1.0291314320e-01 4.7269903838e-02 6.1879950920e-03)	3
0.0037642992      	p                 	-7.4141338631e+00	(9.4500205942e-02 4.4789616326e-02 1.9043579971e-01)	1	1.0590245157e+01	(1.1449974036e-01 4.6107927289e-02 1.6950081284e-01)	1
0.0037892992      	mag(U)            	0.0000000000e+00	(-1.4000000060e-01 4.9258069922e-03 5.3000562546e-02)	0	3.1539020245e+00	(9.1501147485e-02 4.5852029985e-02 1.8647439012e-01)	1
0.0037892992      	k                 	2.0081976164e-07	(7.6296438098e-02 4.8626669468e-02 2.2887366007e-01)	1	4.2921629225e-02	(1.0050018877e-01 4.8988499136e-02 1.9450000002e-01)	1
0.0037892992      	omega             	1.9875278933e+01	(-3.7821475480e-01 4.4372197042e-01 4.2439345975e-01)	2	1.6962361658e+07	(1.0291314320e-01 4.7269903838e-02 6.1879950920e-03)	3
0.0037892992      	p                 	-7.4894834931e+00	(9.4500205942e-02 4.4789616326e-02 1.9043579971e-01)	1	1.0597493111e+01	(1.1449974036e-01 4.6107927289e-02 1.6950081284e-01)	1
0.0038142992      	mag(U)            	0.0000000000e+00	(-1.4000000060e-01 4.9258069922e-03 5.3000562546e-02)	0	3.1672049905e+00	(9.1501147485e-02 4.5852029985e-02 1.8647439012e-01)	1
0.0038142992      	k                 	1.9960816883e-07	(7.6296438098e-02 4.8626669468e-02 2.2887366007e-01)	1	4.3595090363e-02	(1.0050018877e-01 4.8988499136e-02 1.9450000002e-01)	1
0.0038142992      	omega             	1.9874461247e+01	(-3.7821475480e-01 4.4372197042e-01 4.2439345975e-01)	2	1.6962361658e+07	(1.0291314320e-01 4.7269903838e-02 6.1879950920e-03)	3
0.0038142992      	p                 	-7.5826835838e+00	(9.4500205942e-02 4.4789616326e-02 1.9043579971e-01)	1	1.0605965342e+01	(1.1449974036e-01 4.6107927289e-02 1.6950081284e-01)	1
0.0038392992      	mag(U)            	0.0000000000e+00	(-1.4000000060e-01 4.9258069922e-03 5.3000562546e-02)	0	3.1804660436e+00	(9.1501147485e-02 4.5852029985e-02 1.8647439012e-01)	1
0.0038392992      	k                 	1.9841355274e-07	(7.6296438098e-02 4.8626669468e-02 2.2887366007e-01)	1	4.4275937244e-02	(1.0050018877e-01 4.8988499136e-02 1.9450000002e-01)	1
0.0038392992      	omega             	1.9873643628e+01	(-3.7821475480e-01 4.4372197042e-01 4.2439345975e-01)	2	1.6962361658e+07	(1.0291314320e-01 4.7269903838e-02 6.1879950920e-03)	3
0.0038392992      	p                 	-7.6621556304e+00	(9.4500205942e-02 4.4789616326e-02 1.9043579971e-01)	1	1.0614075839e+01	(1.1449974036e-01 4.6107927289e-02 1.6950081284e-01)	1
0.0038642992      	mag(U)            	0.0000000000e+00	(-1.4000000060e-01 4.9258069922e-03 5.3000562546e-02)	0	3.1936344262e+00	(9.1501147485e-02 4.5852029985e-02 1.8647439012e-01)	1
0.0038642992      	k                 	1.9723552872e-07	(7.6296438098e-02 4.8626669468e-02 2.2887366007e-01)	1	4.4964233105e-02	(1.0050018877e-01 4.8988499136e-02 1.9450000002e-01)	1
0.0038642992      	omega             	1.9872826076e+01	(-3.7821475480e-01 4.4372197042e-01 4.2439345975e-01)	2	1.6962361659e+07	(1.0291314320e-01 4.7269903838e-02 6.1879950920e-03)	3
0.0038642992      	p                 	-7.7494048964e+00	(9.4500205942e-02 4.4789616326e-02 1.9043579971e-01)	1	1.0621848770e+01	(1.1449974036e-01 4.6107927289e-02 1.6950081284e-01)	1
0.0038892992      	mag(U)            	0.0000000000e+00	(-1.4000000060e-01 4.9258069922e-03 5.3000562546e-02)	0	3.2066980991e+00	(9.1501147485e-02 4.5852029985e-02 1.8647439012e-01)	1
0.0038892992      	k                 	1.9607314810e-07	(7.6296438098e-02 4.8626669468e-02 2.2887366007e-01)	1	4.5660041686e-02	(1.0050018877e-01 4.8988499136e-02 1.9450000002e-01)	1
0.0038892992      	omega             	1.9872008592e+01	(-3.7821475480e-01 4.4372197042e-01 4.2439345975e-01)	2	1.6962361659e+07	(1.0291314320e-01 4.7269903838e-02 6.1879950920e-03)	3
0.0038892992      	p                 	-7.8348627653e+00	(9.4500205942e-02 4.4789616326e-02 1.9043579971e-01)	1	1.0629706006e+01	(1.1449974036e-01 4.6107927289e-02 1.6950081284e-01)	1
0.0039142992      	mag(U)            	0.0000000000e+00	(-1.4000000060e-01 4.9258069922e-03 5.3000562546e-02)	0	3.2196572491e+00	(9.1501147485e-02 4.5852029985e-02 1.8647439012e-01)	1
0.0039142992      	k                 	1.9492601683e-07	(7.6296438098e-02 4.8626669468e-02 2.2887366007e-01)	1	4.6363422913e-02	(1.0050018877e-01 4.8988499136e-02 1.9450000002e-01)	1
0.0039142992      	omega             	1.9871191175e+01	(-3.7821475480e-01 4.4372197042e-01 4.2439345975e-01)	2	1.6962361660e+07	(1.0291314320e-01 4.7269903838e-02 6.1879950920e-03)	3
0.0039142992      	p                 	-7.9137523273e+00	(9.4500205942e-02 4.4789616326e-02 1.9043579971e-01)	1	1.0637561210e+01	(1.1449974036e-01 4.6107927289e-02 1.6950081284e-01)	1
0.0039392992      	mag(U)            	0.0000000000e+00	(-1.4000000060e-01 4.9258069922e-03 5.3000562546e-02)	0	3.2325054577e+00	(9.1501147485e-02 4.5852029985e-02 1.8647439012e-01)	1
0.0039392992      	k                 	1.9379395971e-07	(7.6296438098e-02 4.8626669468e-02 2.2887366007e-01)	1	4.7074425301e-02	(1.0050018877e-01 4.8988499136e-02 1.9450000002e-01)	1
0.0039392992      	omega             	1.9870373825e+01	(-3.7821475480e-01 4.4372197042e-01 4.2439345975e-01)	2	1.6962361660e+07	(1.0291314320e-01 4.7269903838e-02 6.1879950920e-03)	3
0.0039392992      	p                 	-7.9788202786e+00	(9.4500205942e-02 4.4789616326e-02 1.9043579971e-01)	1	1.0645682111e+01	(1.1449974036e-01 4.6107927289e-02 1.6950081284e-01)	1
0.0039642992      	mag(U)            	0.0000000000e+00	(-1.4000000060e-01 4.9258069922e-03 5.3000562546e-02)	0	3.2452393035e+00	(9.1501147485e-02 4.5852029985e-02 1.8647439012e-01)	1
0.0039642992      	k                 	1.9267726669e-07	(7.6296438098e-02 4.8626669468e-02 2.2887366007e-01)	1	4.7793095554e-02	(1.0050018877e-01 4.8988499136e-02 1.9450000002e-01)	1
0.0039642992      	omega             	1.9869556543e+01	(-3.7821475480e-01 4.4372197042e-01 4.2439345975e-01)	2	1.6962361660e+07	(1.0291314320e-01 4.7269903838e-02 6.1879950920e-03)	3
0.0039642992      	p                 	-8.0505447929e+00	(9.4500205942e-02 4.4789616326e-02 1.9043579971e-01)	1	1.0653611871e+01	(1.1449974036e-01 4.6107927289e-02 1.6950081284e-01)	1
0.0039892992      	mag(U)            	0.0000000000e+00	(-1.4000000060e-01 4.9258069922e-03 5.3000562546e-02)	0	3.2578677040e+00	(9.1501147485e-02 4.5852029985e-02 1.8647439012e-01)	1
0.0039892992      	k                 	1.9157567244e-07	(7.6296438098e-02 4.8626669468e-02 2.2887366007e-01)	1	4.8519478159e-02	(1.0050018877e-01 4.8988499136e-02 1.9450000002e-01)	1
0.0039892992      	omega             	1.9868739328e+01	(-3.7821475480e-01 4.4372197042e-01 4.2439345975e-01)	2	1.6962361661e+07	(1.0291314320e-01 4.7269903838e-02 6.1879950920e-03)	3
0.0039892992      	p                 	-8.1283494147e+00	(9.4500205942e-02 4.4789616326e-02 1.9043579971e-01)	1	1.0661307116e+01	(1.1449974036e-01 4.6107927289e-02 1.6950081284e-01)	1
0.0040142992      	mag(U)            	0.0000000000e+00	(-1.4000000060e-01 4.9258069922e-03 5.3000562546e-02)	0	3.2704047256e+00	(9.1501147485e-02 4.5852029985e-02 1.8647439012e-01)	1
0.0040142992      	k                 	1.9048872183e-07	(7.6296438098e-02 4.8626669468e-02 2.2887366007e-01)	1	4.9253617205e-02	(1.0050018877e-01 4.8988499136e-02 1.9450000002e-01)	1
0.0040142992      	omega             	1.9867922179e+01	(-3.7821475480e-01 4.4372197042e-01 4.2439345975e-01)	2	1.6962361661e+07	(1.0291314320e-01 4.7269903838e-02 6.1879950920e-03)	3
0.0040142992      	p                 	-8.2052427754e+00	(9.4500205942e-02 4.4789616326e-02 1.9043579971e-01)	1	1.0669165551e+01	(1.1449974036e-01 4.6107927289e-02 1.6950081284e-01)	1
0.0040392992      	mag(U)            	0.0000000000e+00	(-1.4000000060e-01 4.9258069922e-03 5.3000562546e-02)	0	3.2828399226e+00	(9.1501147485e-02 4.5852029985e-02 1.8647439012e-01)	1
0.0040392992      	k                 	1.8941645421e-07	(7.6296438098e-02 4.8626669468e-02 2.2887366007e-01)	1	4.9995549599e-02	(1.0050018877e-01 4.8988499136e-02 1.9450000002e-01)	1
0.0040392992      	omega             	1.9867105099e+01	(-3.7821475480e-01 4.4372197042e-01 4.2439345975e-01)	2	1.6962361662e+07	(1.0291314320e-01 4.7269903838e-02 6.1879950920e-03)	3
0.0040392992      	p                 	-8.2813664086e+00	(9.4500205942e-02 4.4789616326e-02 1.9043579971e-01)	1	1.0677307637e+01	(1.1449974036e-01 4.6107927289e-02 1.6950081284e-01)	1
0.0040642992      	mag(U)            	0.0000000000e+00	(-1.4000000060e-01 4.9258069922e-03 5.3000562546e-02)	0	3.2951846394e+00	(9.1501147485e-02 4.5852029985e-02 1.8647439012e-01)	1
0.0040642992      	k                 	1.8835888927e-07	(7.6296438098e-02 4.8626669468e-02 2.2887366007e-01)	1	5.0745308865e-02	(1.0050018877e-01 4.8988499136e-02 1.9450000002e-01)	1
0.0040642992      	omega             	1.9866288085e+01	(-3.7821475480e-01 4.4372197042e-01 4.2439345975e-01)	2	1.6962361662e+07	(1.0291314320e-01 4.7269903838e-02 6.1879950920e-03)	3
0.0040642992      	p                 	-8.3588008576e+00	(9.4500205942e-02 4.4789616326e-02 1.9043579971e-01)	1	1.0685012925e+01	(1.1449974036e-01 4.6107927289e-02 1.6950081284e-01)	1
0.0040892992      	mag(U)            	0.0000000000e+00	(-1.4000000060e-01 4.9258069922e-03 5.3000562546e-02)	0	3.3074442158e+00	(9.1501147485e-02 4.5852029985e-02 1.8647439012e-01)	1
0.0040892992      	k                 	1.8731564502e-07	(7.6296438098e-02 4.8626669468e-02 2.2887366007e-01)	1	5.1502925453e-02	(1.0050018877e-01 4.8988499136e-02 1.9450000002e-01)	1
0.0040892992      	omega             	1.9865471138e+01	(-3.7821475480e-01 4.4372197042e-01 4.2439345975e-01)	2	1.6962361662e+07	(1.0291314320e-01 4.7269903838e-02 6.1879950920e-03)	3
0.0040892992      	p                 	-8.4354197277e+00	(9.4500205942e-02 4.4789616326e-02 1.9043579971e-01)	1	1.0693147203e+01	(1.1449974036e-01 4.6107927289e-02 1.6950081284e-01)	1
0.0041142992      	mag(U)            	0.0000000000e+00	(-1.4000000060e-01 4.9258069922e-03 5.3000562546e-02)	0	3.3196185372e+00	(9.1501147485e-02 4.5852029985e-02 1.8647439012e-01)	1
0.0041142992      	k                 	1.8628659147e-07	(7.6296438098e-02 4.8626669468e-02 2.2887366007e-01)	1	5.2268426261e-02	(1.0050018877e-01 4.8988499136e-02 1.9450000002e-01)	1
0.0041142992      	omega             	1.9864654259e+01	(-3.7821475480e-01 4.4372197042e-01 4.2439345975e-01)	2	1.6962361663e+07	(1.0291314320e-01 4.7269903838e-02 6.1879950920e-03)	3
0.0041142992      	p                 	-8.5123460587e+00	(9.4500205942e-02 4.4789616326e-02 1.9043579971e-01)	1	1.0701006905e+01	(1.1449974036e-01 4.6107927289e-02 1.6950081284e-01)	1
