# Probe 0 (-0.111 0.039 0.008)
# Probe 1 (-0.111 0.039 0.02)
# Probe 2 (-0.111 0.046 0.004)
# Probe 3 (-0.111 0.06 0.004)
# Probe 4 (-0.111 0.037 0.219)
# Probe 5 (-0.111 0.046 0.239)
# Probe 6 (-0.111 0.046 0.25)
# Probe 7 (0.07 0.039 0.008)
# Probe 8 (0.07 0.039 0.02)
# Probe 9 (0.07 0.046 0.004)
# Probe 10 (0.07 0.06 0.004)
# Probe 11 (0.07 0.037 0.219)
# Probe 12 (0.07 0.046 0.239)
# Probe 13 (0.07 0.046 0.25)
# Probe 14 (0.111 0.039 0.008)
# Probe 15 (0.111 0.039 0.02)
# Probe 16 (0.111 0.046 0.004)
# Probe 17 (0.111 0.06 0.004)
# Probe 18 (0.111 0.037 0.219)
# Probe 19 (0.111 0.046 0.239)
# Probe 20 (0.111 0.046 0.25)
# Probe 21 (0 0.25 0.1)
# Time            0                 1                 2                 3                 4                 5                 6                 7                 8                 9                 10                11                12                13                14                15                16                17                18                19                20                21               
0.000112          (-0.0006068939251 0.004896534312 -0.0005011278383) (-0.0005881575829 0.000335878819 0.0004646050515) (-0.0006460388087 0.006938318509 -0.006104071237) (-0.0004576472366 0.002259241796 0.002677862376) (-0.0002074565629 -0.0002980123921 -0.0008322196107) (-0.0001081788138 0.0006000413743 0.001373054568) (-9.677926747e-05 0.0002677887167 0.0006555254384) (0.0002010790886 0.004798701142 -0.0005799843341) (0.0002209879117 0.0003244472349 0.0003805982088) (0.0002065796581 0.007284400011 -0.006600980463) (0.0001955363422 0.002313954377 0.00295739495) (3.746787285e-05 0.0002122018847 0.001669697937) (-0.0002668176012 0.0006633545195 0.000570675234) (-9.508137033e-05 0.0002920289068 0.0004352297356) (0.0006047227475 0.004911614314 -0.00051872197) (0.0005820158941 0.0003427948424 0.0004417698008) (0.0006458366741 0.006962920516 -0.006130324299) (0.0004606033752 0.002266213275 0.002685911752) (0.0002026318048 -0.0002910472263 -0.000795440152) (0.0001053091338 0.0006085758294 0.001382118364) (9.523752886e-05 0.0002716218785 0.0006606930862) (1.74654257e-07 7.727642278e-05 -1.473154461e-05)
0.0001264         (-0.0006848406002 0.005526789352 -0.0005667660697) (-0.000663602749 0.0003793132115 0.0005240207174) (-0.0007290272305 0.007839895616 -0.006904261745) (-0.0005163282567 0.002547813371 0.003021986439) (-0.0002341097215 -0.0003350361946 -0.0009364367883) (-0.0001220847751 0.0006775381288 0.001549968476) (-0.0001092175333 0.0003023147937 0.0007399296404) (0.0002268108644 0.005416152156 -0.0006553005765) (0.0002492744157 0.0003662346425 0.0004295517345) (0.0002330438544 0.008208242597 -0.007436707346) (0.0002206292938 0.002609565721 0.003338087082) (4.255759968e-05 0.0002399509624 0.001884897028) (-0.0003011417193 0.0007489798339 0.0006440654448) (-0.0001073339931 0.0003296437882 0.0004912388594) (0.0006823813338 0.005543896143 -0.0005866958901) (0.0006566565715 0.0003871581971 0.0004981959056) (0.0007286921352 0.007867892196 -0.006934149905) (0.0005196600155 0.002555703682 0.003031107207) (0.000228650976 -0.0003271986308 -0.0008949424263) (0.0001188475779 0.0006871807267 0.001560215394) (0.0001074793018 0.0003066460208 0.0007457693533) (1.976222967e-07 8.718812174e-05 -1.661800709e-05)
0.00014368        (-0.0007784100051 0.006282917615 -0.0006456154973) (-0.0007541830388 0.000431318354 0.0005954249004) (-0.0008286413071 0.008922841152 -0.007867284717) (-0.000586732948 0.002893558151 0.003434806429) (-0.0002661014375 -0.0003792787734 -0.001060293182) (-0.0001387684626 0.0007704901318 0.001761915896) (-0.0001241421078 0.0003437269097 0.0008410670689) (0.0002577432557 0.00615690139 -0.0007454204958) (0.0002832623991 0.0004163639748 0.0004883578575) (0.0002648305804 0.009314080318 -0.008437148002) (0.0002507434362 0.002963928342 0.003794960224) (4.861967868e-05 0.000273712233 0.00214309011) (-0.0003422024833 0.0008516882246 0.0007320208084) (-0.0001219867644 0.0003747633273 0.0005583852958) (0.0007756130454 0.006302390321 -0.0006683105802) (0.0007462862614 0.0004402641182 0.0005660590364) (0.0008281581249 0.008954820981 -0.007901480681) (0.000590516163 0.002902523822 0.003445182917) (0.00025987918 -0.0003703986865 -0.001013206774) (0.000135087844 0.000781451883 0.001773573552) (0.0001221651273 0.0003486515565 0.0008477061773) (2.247808754e-07 9.908031933e-05 -1.888023696e-05)
0.000164416       (-0.0008907734363 0.007190704658 -0.0007405296758) (-0.0008629498046 0.0004936836927 0.0006812286148) (-0.000948269324 0.01022454249 -0.009027350522) (-0.0006712476784 0.003307978114 0.003930303004) (-0.0003045233855 -0.000432066428 -0.001207451403) (-0.0001588039891 0.0008820899317 0.002016058811) (-0.0001420617032 0.0003934390393 0.0009623532784) (0.0002949034049 0.007046317545 -0.0008538970941) (0.0003240870263 0.0004764985266 0.0005589575516) (0.0003030002174 0.01063908881 -0.009635074442) (0.0002868903998 0.003388934098 0.004343587855) (5.585879585e-05 0.0003144085724 0.002453066977) (-0.0003913576879 0.0009750164879 0.0008375279575) (-0.0001395226176 0.0004289355492 0.0006389484926) (0.00088757958 0.007212979917 -0.0007665290922) (0.0008539280891 0.000503937036 0.0006476478803) (0.0009475927651 0.01026125848 -0.009066702721) (0.000675563613 0.003318215191 0.003942160299) (0.0002973927934 -0.0004219156538 -0.001153639136) (0.0001545888598 0.0008946301269 0.002029397394) (0.0001397965349 0.0003990742767 0.0009699457215) (2.575761159e-07 0.0001133527669 -2.159881929e-05)
0.0001892992      (-0.001025712785 0.008280811709 -0.0008549098521) (-0.0009935431149 0.0005685235259 0.0007843293656) (-0.001091944476 0.01178935609 -0.01042528099) (-0.0007727052637 0.003804650161 0.004525030198) (-0.0003506762971 -0.0004950454131 -0.001382551577) (-0.0001828649656 0.001016179932 0.002321054258) (-0.000163580633 0.0004531470031 0.00110790502) (0.0003395377631 0.008114335724 -0.000984446931) (0.00037312581 0.000548636137 0.0006437396867) (0.0003488435593 0.01222604805 -0.0110699858) (0.0003302915278 0.003898614942 0.005002450988) (6.447045426e-05 0.000363388419 0.002825139245) (-0.0004502772392 0.001123173971 0.0009641422035) (-0.0001605434696 0.0004940011841 0.0007356498423) (0.001022035979 0.008306392108 -0.0008848598846) (0.0009831758671 0.0005803306536 0.0007457135449) (0.001091023737 0.01183166817 -0.01047077212) (0.0007776601775 0.003816380824 0.004538628397) (0.0003424465525 -0.0004833359945 -0.001320692476) (0.0001780054759 0.001030613149 0.002336411715) (0.0001609678037 0.0004596348833 0.001116641503) (2.965113175e-07 0.0001304856596 -2.486254735e-05)
0.0002142992      (-0.001161103715 0.009376161748 -0.000970489091) (-0.001124482926 0.0006438302425 0.0008878893442) (-0.001236157158 0.01336317686 -0.01183426794) (-0.0008745417686 0.00430256825 0.005122124273) (-0.0003970542566 -0.000558424516 -0.001559370948) (-0.0002070399091 0.001151162112 0.002628220903) (-0.0001851962287 0.0005131956069 0.001254378743) (0.0003842908352 0.009187552981 -0.00111707895) (0.0004222763465 0.0006208931531 0.0007286602521) (0.0003948065585 0.01381726944 -0.01250794863) (0.0003738472228 0.004409957931 0.00566430615) (7.273104496e-05 0.0004099439009 0.003197997943) (-0.0005096491365 0.001272206334 0.001091413195) (-0.0001817548012 0.0005594257765 0.0008328524956) (0.001156954849 0.009405168254 -0.001004478114) (0.001112779871 0.0006572050818 0.0008441810104) (0.001234960894 0.0134112955 -0.01188611902) (0.0008801310094 0.004315842531 0.005137520675) (0.0003877448529 -0.0005451034623 -0.001489377894) (0.0002015369315 0.00116751252 0.002645623622) (0.0001822379044 0.0005205477263 0.001264275961) (3.358008469e-07 0.0001476837389 -2.814309052e-05)
0.0002392992      (-0.001296410074 0.01047237622 -0.001086864739) (-0.001255244601 0.0007193629607 0.0009913056555) (-0.001380319691 0.01493914852 -0.01324792436) (-0.0009763258522 0.004799692724 0.005719201295) (-0.0004434611532 -0.0006216261807 -0.001736702346) (-0.0002312259812 0.001286522349 0.002936294716) (-0.0002068209953 0.000573351224 0.001401181171) (0.0004289115107 0.01026164065 -0.001250955536) (0.0004713413206 0.0006924880538 0.0008134664687) (0.0004407263311 0.01540595092 -0.01394448451) (0.0004173951201 0.004920759468 0.00632647762) (8.093500312e-05 0.0004549879196 0.003570499794) (-0.0005692232024 0.001421555319 0.001218853835) (-0.000203063906 0.0006249536143 0.0009301827449) (0.001291776381 0.01050491462 -0.00112497104) (0.001242193263 0.0007343248175 0.000942433336) (0.001378818452 0.01499321323 -0.01330627122) (0.0009825564259 0.004814543904 0.005736440745) (0.0004330787119 -0.0006066807814 -0.001658495401) (0.000225087392 0.001304811595 0.002955768351) (0.0002035241635 0.0005815772853 0.00141225505) (3.749181475e-07 0.0001648761674 -3.142404469e-05)
0.0002642992      (-0.0014317679 0.01157033641 -0.001204112045) (-0.001385985148 0.0007951634511 0.001094651443) (-0.001524556952 0.01651812198 -0.01466664989) (-0.001078143482 0.005296445144 0.006316785686) (-0.0004899200882 -0.000684447674 -0.001914010032) (-0.0002554418977 0.001422334668 0.003245310569) (-0.000228472422 0.0006336562067 0.001548354569) (0.0004734912587 0.01133737825 -0.001385885437) (0.0005203527464 0.0007636924301 0.0008982720966) (0.0004866189295 0.01699451223 -0.01538088392) (0.0004609607022 0.005431536836 0.006989464328) (8.917752989e-05 0.0004994856793 0.003943330039) (-0.000628992205 0.001571319065 0.001346528658) (-0.0002244608849 0.0006906246844 0.001027698746) (0.001426637646 0.01160657625 -0.001246403754) (0.00137157277 0.0008117372577 0.001040554893) (0.001522696006 0.01657837779 -0.01473171348) (0.001085010693 0.005312933686 0.006335936384) (0.0004784533602 -0.0006678866913 -0.001827526329) (0.0002486723028 0.001442582305 0.003266878574) (0.0002248414865 0.0006427641024 0.001560618827) (4.149294072e-07 0.0001820748229 -3.470956457e-05)
0.0002892992      (-0.00156705401 0.01266890308 -0.001322061623) (-0.001516602802 0.0008711068688 0.001197840554) (-0.001668734996 0.01809797762 -0.01608837069) (-0.001179892014 0.005792275382 0.006914342796) (-0.0005363801362 -0.000746652474 -0.002090745327) (-0.0002796569108 0.001558426537 0.003554814113) (-0.0002501255993 0.0006940365936 0.00169569741) (0.0005180278981 0.01241368208 -0.001521628931) (0.0005692959767 0.0008348884384 0.0009829905933) (0.0005324560463 0.01858097473 -0.01681590861) (0.0005045117374 0.005941771934 0.00765249125) (9.755975968e-05 0.0005435299166 0.004316218619) (-0.0006888622268 0.001721304506 0.001474269648) (-0.000245909507 0.0007563543996 0.001125280567) (0.001561407116 0.01270893159 -0.001368584256) (0.001500806536 0.0008893166533 0.001138464108) (0.001666494417 0.01816454836 -0.01616028639) (0.001187400272 0.005810432002 0.006935444503) (0.0005238344637 -0.0007285081476 -0.001996000094) (0.0002722589991 0.001580648135 0.003578507933) (0.0002461635634 0.000704032721 0.001709166667) (4.551951158e-07 0.0001992657113 -3.799054027e-05)
0.0003142992      (-0.001702212459 0.01376796357 -0.001440638636) (-0.001647063503 0.0009471469742 0.001300882442) (-0.001812784644 0.01967824299 -0.01751236114) (-0.001281551141 0.006287121549 0.007511922647) (-0.0005828350601 -0.0008080677477 -0.002266166079) (-0.0003038725612 0.001694743441 0.003864544045) (-0.0002717794712 0.0007544719206 0.001843108238) (0.0005624663524 0.01349048655 -0.001658129337) (0.0006181333944 0.0009061283579 0.001067605838) (0.0005782267768 0.02016549306 -0.01824950573) (0.0005480354541 0.006451383028 0.00831544538) (0.0001061081682 0.0005872172654 0.004689287417) (-0.0007487483145 0.001871469149 0.001602021586) (-0.0002673714496 0.0008221257244 0.001222888258) (0.001696053732 0.013811891 -0.001491436736) (0.001629876118 0.0009670162749 0.001236185322) (0.001810153524 0.01975129085 -0.01759130096) (0.001289699826 0.006306986841 0.007535030344) (0.0005692051132 -0.0007883679928 -0.002163149684) (0.0002958459962 0.001718946823 0.003890371374) (0.0002674870251 0.0007653598445 0.001857787183) (4.953783922e-07 0.0002164442108 -4.126914632e-05)
0.0003392992      (-0.001837304689 0.01486758623 -0.001559828765) (-0.001777426732 0.001023254944 0.001403767711) (-0.00195676388 0.02125858018 -0.01893804377) (-0.001383139448 0.0067810221 0.008109628215) (-0.0006292766195 -0.0008687320722 -0.002439973127) (-0.0003280896592 0.001831267208 0.004174386612) (-0.0002934357562 0.0008149561751 0.001990548762) (0.0006068600873 0.01456793035 -0.001795348235) (0.0006669208125 0.0009773494458 0.001152117844) (0.0006239633419 0.02174805865 -0.01968204866) (0.0005915448699 0.00696039497 0.008978298436) (0.0001148050118 0.000630662323 0.00506263548) (-0.0008086180517 0.002021809279 0.00172977839) (-0.0002888309915 0.0008879387279 0.001320519696) (0.001830622707 0.01491547216 -0.001614946119) (0.001758831702 0.001044806137 0.001333724592) (0.00195371978 0.02133818367 -0.01902410747) (0.001391932366 0.006802612992 0.008134765543) (0.0006145569047 -0.0008475104886 -0.002328704604) (0.0003194399128 0.001857463767 0.00420237115) (0.0002888160442 0.0008267407704 0.0020064477) (5.360741516e-07 0.0002336150969 -4.454227646e-05)
0.0003642992      (-0.0019723368 0.01596793448 -0.001679601043) (-0.001907704099 0.001099421849 0.001506539016) (-0.00210068498 0.02283863635 -0.02036484661) (-0.001484673241 0.007274044063 0.008707615136) (-0.0006757206753 -0.0009287517296 -0.00261228508) (-0.000352314362 0.001968003093 0.004484367035) (-0.0003150978546 0.0008754936292 0.002138031214) (0.0006511879808 0.01564622413 -0.001933187781) (0.0007156417294 0.00104851862 0.001236578322) (0.0006696506583 0.0233292247 -0.02111380501) (0.0006350307166 0.007468915106 0.009641120869) (0.0001236393171 0.000673901312 0.005436304276) (-0.00086846917 0.002172328921 0.001857543483) (-0.0003102873278 0.0009537974332 0.001418179037) (0.001965123908 0.01601990213 -0.001739049539) (0.001887687117 0.001122668714 0.00143114424) (0.002097223116 0.02292497287 -0.02045820106) (0.001494107714 0.007297408473 0.008734848464) (0.0006599139272 -0.0009060135006 -0.002492710347) (0.0003430381462 0.001996197865 0.004514506288) (0.000310149931 0.0008881774957 0.002155150769) (5.765327193e-07 0.0002507776995 -4.781422881e-05)
0.0003892992      (-0.002107345828 0.01706932058 -0.001799871425) (-0.00203793274 0.001175634521 0.001609259152) (-0.002244591168 0.02441859328 -0.02179222422) (-0.001586181926 0.00776633191 0.009306113061) (-0.0007221641486 -0.000988152941 -0.002783075919) (-0.0003765418694 0.002104967097 0.004794503996) (-0.0003367661302 0.0009360910591 0.002285571595) (0.0006954946355 0.0167255316 -0.002071574285) (0.0007643463179 0.0011197429 0.001320985219) (0.000715338556 0.02490924666 -0.02254500849) (0.0006785166917 0.007976986478 0.01030402228) (0.0001326060933 0.000717001619 0.005810323795) (-0.0009283097239 0.002323043015 0.001985337651) (-0.0003317421541 0.001019710516 0.001515882229) (0.00209960506 0.01712532073 -0.001863698749) (0.002016490114 0.001200595888 0.001528463151) (0.002240665199 0.02451155825 -0.02189277139) (0.001596255028 0.007791445255 0.009335412127) (0.000705274364 -0.0009639181827 -0.002655197668) (0.0003666431671 0.002135167082 0.004826811332) (0.0003314926361 0.0009496778004 0.002303917196) (6.178411323e-07 0.0002679397006 -5.108154259e-05)
0.0004142992      (-0.002242312656 0.01817160958 -0.001920555308) (-0.002168095751 0.001251883874 0.001711911777) (-0.002388451755 0.02599736397 -0.02321923701) (-0.001687648736 0.008257840352 0.009905063637) (-0.0007686189066 -0.001046984712 -0.002952470721) (-0.0004007743699 0.002242147211 0.005104783457) (-0.0003584397668 0.0009967440253 0.002433157555) (0.0007397416009 0.01780584585 -0.002210417728) (0.0008130070208 0.001191093852 0.00140535458) (0.0007609814797 0.02648809394 -0.02397563593) (0.0007219862488 0.008484551032 0.01096701183) (0.0001416778963 0.0007599744429 0.00618462397) (-0.0009881394032 0.002473933936 0.002113147751) (-0.0003531959208 0.001085672307 0.001613617991) (0.002234044877 0.01823171708 -0.001988766735) (0.002145224215 0.001278565994 0.001625718529) (0.002384049544 0.02609704753 -0.02332701269) (0.001698361521 0.008284734098 0.009936476901) (0.0007506486377 -0.001021272235 -0.002816314859) (0.0003902558078 0.00227435555 0.005139266617) (0.0003528421627 0.001011234868 0.002452732513) (6.584321433e-07 0.0002850953343 -5.434887493e-05)
0.0004392992      (-0.00237725388 0.01927485994 -0.002041513936) (-0.002298213235 0.001328156744 0.001814527555) (-0.002532286078 0.02757505663 -0.02464542346) (-0.001789088469 0.008748639466 0.01050454354) (-0.0008150686862 -0.001105247513 -0.003120565491) (-0.0004250117177 0.002379543715 0.005415205878) (-0.0003801198868 0.001057452507 0.002580790815) (0.0007839347363 0.0188869767 -0.002349510196) (0.0008616347406 0.001262553899 0.001489701135) (0.0008065997229 0.02806614677 -0.02540568397) (0.0007654509161 0.008991678693 0.01163009123) (0.0001508411469 0.0008028275795 0.006559194786) (-0.001047960921 0.002625002092 0.002240979231) (-0.0003746492892 0.001151684357 0.001711390925) (0.002368457968 0.01933913023 -0.00211413625) (0.002273903976 0.001356575312 0.001722921936) (0.002527368355 0.02768153392 -0.02476042888) (0.001800448379 0.00877733139 0.01053808942) (0.0007960070949 -0.001078083292 -0.002976144297) (0.0004138723218 0.002413771859 0.005451888444) (0.0003741978198 0.001072851997 0.002601605414) (6.997383777e-07 0.0003022503183 -5.761179563e-05)
0.0004642992      (-0.002512154323 0.02037889331 -0.002162696222) (-0.002428273851 0.001404452686 0.001917100777) (-0.002676072386 0.02915193879 -0.026070299) (-0.001890496904 0.009238743434 0.01110453971) (-0.0008615148106 -0.001162800475 -0.003287360925) (-0.0004492536485 0.002517148991 0.005725755615) (-0.0004018055194 0.001118214282 0.002728461105) (0.0008281261239 0.01996852505 -0.002488970274) (0.000910239056 0.001334080649 0.00157400407) (0.0008522123067 0.02964375246 -0.0268354209) (0.0008089075964 0.009498409771 0.01229313767) (0.0001601344477 0.0008455920056 0.006934025321) (-0.001107761247 0.002776235377 0.002368820873) (-0.0003960959473 0.001217742705 0.001809190982) (0.002502823893 0.02044730423 -0.002239727944) (0.00240252511 0.001434612447 0.001820056872) (0.002670605555 0.02926519984 -0.02619247665) (0.001902496943 0.009269221767 0.01114021283) (0.0008413641885 -0.001134204011 -0.00313467602) (0.0004374955032 0.002553396097 0.005764631703) (0.0003955602604 0.00113452158 0.002750513004) (7.409239158e-07 0.0003193997221 -6.087523458e-05)
0.0004892992      (-0.00264699792 0.02148250898 -0.002284382348) (-0.002558266069 0.001480750942 0.002019646924) (-0.002819811642 0.03072799404 -0.02749355974) (-0.001991865566 0.009728121851 0.01170500253) (-0.000907967131 -0.001219780868 -0.003452934286) (-0.0004734979833 0.002654947457 0.006036403589) (-0.0004234949034 0.001179021917 0.002876155315) (0.0008722994855 0.0210493362 -0.002629149096) (0.0009588037612 0.001405628273 0.001658289285) (0.0008977946622 0.03122139114 -0.02826507467) (0.0008523520317 0.01000474154 0.01295607453) (0.000169518809 0.0008882452789 0.007309090872) (-0.001167536557 0.002927617817 0.002496662827) (-0.0004175345666 0.001283840991 0.001907011813) (0.002637143401 0.02155494349 -0.002365907318) (0.002531077352 0.001512660894 0.001917149109) (0.002813749891 0.03084806165 -0.02762292293) (0.002004510782 0.009760393157 0.01174281912) (0.00088673211 -0.001189748491 -0.003291971625) (0.0004611239012 0.002693216432 0.006077472505) (0.0004169286208 0.001196238598 0.002899444424) (7.822480873e-07 0.0003365459804 -6.41343792e-05)
0.0005142992      (-0.002781836164 0.02258282098 -0.002407184177) (-0.002688222977 0.001557071737 0.002122155884) (-0.002963524087 0.03230362007 -0.02891560379) (-0.002093220947 0.01021691128 0.01230595681) (-0.0009544431247 -0.001276288905 -0.003617274445) (-0.0004977500736 0.002792949867 0.006347152271) (-0.0004451924346 0.001239881784 0.003023878118) (0.0009164722246 0.02212867867 -0.002770213103) (0.001007359304 0.001477194722 0.001742552694) (0.0009433751061 0.03279957239 -0.02969492163) (0.0008957977703 0.0105108186 0.01361900776) (0.0001790044215 0.0009308100824 0.007684489659) (-0.001227280077 0.003079170994 0.002624519314) (-0.0004389608314 0.001349989486 0.002004863725) (0.002771449901 0.02265924415 -0.002493204115) (0.002659591942 0.00159073876 0.002014187548) (0.00295683544 0.03243053192 -0.02905214539) (0.002106505393 0.01025097929 0.01234591674) (0.0009321182934 -0.001244813251 -0.00344800739) (0.0004847608305 0.00283324485 0.006390414607) (0.0004383056429 0.001258009604 0.003048405299) (8.238552004e-07 0.0003536896826 -6.739343741e-05)
0.0005392992      (-0.002916613335 0.02368055577 -0.002531003019) (-0.002818102603 0.001633380199 0.002224642444) (-0.003107185932 0.03387857968 -0.0303361245) (-0.002194529106 0.01070509442 0.01290715115) (-0.00100091869 -0.001332411494 -0.003780598537) (-0.0005220037231 0.002931136519 0.006657998984) (-0.0004668923987 0.001300783522 0.003171621977) (0.0009605968109 0.02320598488 -0.002911769149) (0.001055870093 0.001548735691 0.001826798219) (0.0009889068642 0.03437796464 -0.03112466167) (0.0009392251253 0.01101649339 0.01428164032) (0.0001885500385 0.0009732530642 0.008060011756) (-0.001287009668 0.003230852054 0.002752365049) (-0.0004603850771 0.001416170263 0.002102728196) (0.002905689657 0.02376107865 -0.002621527882) (0.002788020828 0.001668810115 0.002111189464) (0.003099862317 0.03401235282 -0.03047981298) (0.002208453097 0.01074095755 0.01294925044) (0.0009775165699 -0.001299513326 -0.003603067288) (0.0005084002618 0.002973458448 0.006703459915) (0.0004596857974 0.001319822427 0.003197388632) (8.652996941e-07 0.0003708284252 -7.064873344e-05)
0.0005642992      (-0.003051369987 0.02477785213 -0.00265518487) (-0.002947943675 0.001709701546 0.00232710202) (-0.003250817882 0.03545339445 -0.03175550064) (-0.002295818469 0.01119287402 0.01350870792) (-0.001047415633 -0.001388068899 -0.003942757369) (-0.0005462655905 0.003069523357 0.006968950284) (-0.000488600307 0.001361735359 0.003319394838) (0.001004714297 0.02428233163 -0.003053975499) (0.001104366416 0.001620271518 0.001911039805) (0.001034427156 0.03595788979 -0.0325555997) (0.0009826532016 0.0115219199 0.0149441247) (0.0001981850212 0.001015633987 0.008435801698) (-0.001346717918 0.003382694008 0.002880224545) (-0.0004818020288 0.001482398166 0.002200623083) (0.00303991622 0.0248625709 -0.002750202136) (0.00291641452 0.001746899047 0.002208161538) (0.00324292152 0.03559414058 -0.03190641238) (0.002310381998 0.01123055934 0.01355297364) (0.001022924388 -0.001353746069 -0.003756941519) (0.0005320483697 0.003113880913 0.007016624136) (0.0004810740843 0.001381688822 0.003346407659) (9.071523625e-07 0.0003879654665 -7.39030424e-05)
0.0005892992      (-0.003186076984 0.02587515524 -0.002779309563) (-0.003077720076 0.001786011056 0.002429542599) (-0.003394420565 0.03702800185 -0.03317367694) (-0.002397057862 0.0116802184 0.01411034305) (-0.001093912802 -0.001443319353 -0.004103923178) (-0.0005705293559 0.00320809639 0.007280006221) (-0.0005103108679 0.001422729789 0.003467191968) (0.001048792828 0.02535835545 -0.003196445644) (0.001152824267 0.001691776482 0.001995269078) (0.001079906032 0.03753903089 -0.03398743583) (0.001026066512 0.01202699644 0.01560630298) (0.0002078742403 0.001057924883 0.008811751553) (-0.001406409752 0.00353466277 0.003008075734) (-0.0005032150561 0.001548659376 0.002298531123) (0.003174081054 0.0259640796 -0.002878803332) (0.00304473171 0.001824980912 0.002305102341) (0.003385955617 0.03717571578 -0.03333179887) (0.002412260776 0.01171971553 0.01415675961) (0.001068345169 -0.00140756743 -0.003909790107) (0.0005556978588 0.003254488928 0.007329883466) (0.0005024654755 0.001443597445 0.003495447677) (9.487872709e-07 0.000405097636 -7.715506749e-05)
0.0006142992      (-0.003320751523 0.02697274997 -0.00290327828) (-0.00320744843 0.001862321101 0.002531967894) (-0.003537988271 0.03860276294 -0.0345909082) (-0.002498268243 0.01216721035 0.01471204465) (-0.001140415804 -0.001498113269 -0.004263952965) (-0.0005947965039 0.003346857485 0.007591150269) (-0.000532026187 0.001483768949 0.003615010211) (0.001092864053 0.0264346308 -0.003338811717) (0.001201267674 0.001763260854 0.002079499598) (0.001125390529 0.03912149616 -0.03542024732) (0.00106947849 0.01253181598 0.01626827296) (0.0002176453639 0.001100165701 0.009187951674) (-0.001466073079 0.003686774161 0.003135928303) (-0.00052461791 0.001614961111 0.002396459819) (0.00330822012 0.02706590062 -0.003007269484) (0.003173004407 0.001903068162 0.002402011638) (0.003529046797 0.03875749558 -0.03475627338) (0.002514110361 0.01220853286 0.01476061918) (0.001113772548 -0.001460924293 -0.004061465259) (0.000579350473 0.003395288116 0.007643226191) (0.0005238621624 0.001505552179 0.003644507893) (9.908796352e-07 0.0004222278796 -8.040477094e-05)
0.0006392992      (-0.003455375571 0.02807053314 -0.003027009418) (-0.003337115056 0.001938621361 0.002634382375) (-0.003681526029 0.04017737221 -0.03600728494) (-0.002599433977 0.0126538551 0.01531368581) (-0.001186922574 -0.001552409961 -0.00442270786) (-0.0006190666491 0.003485789814 0.007902305532) (-0.000553745528 0.001544846021 0.003762820642) (0.001136894846 0.02751081108 -0.003480909035) (0.001249674888 0.001834719119 0.002163704243) (0.00117084215 0.04070506172 -0.03685378906) (0.001112872876 0.013036315 0.01692997041) (0.0002275051791 0.001142366658 0.009564386283) (-0.001525695044 0.003839013982 0.003263770191) (-0.0005460043615 0.001681296955 0.002494398725) (0.003442298761 0.028167881 -0.003135510369) (0.003301206381 0.001981147455 0.002498890111) (0.003672095442 0.04033910869 -0.03617990397) (0.002615916245 0.01269699864 0.01536441006) (0.001159203069 -0.001513800699 -0.004211882876) (0.0006030083929 0.00353625792 0.007956579364) (0.0005452639198 0.001567544358 0.003793559552) (1.032585264e-06 0.0004393529544 -8.365353014e-05)
0.0006642992      (-0.00358996563 0.02916844425 -0.003150547344) (-0.003466735883 0.002014914378 0.002736777925) (-0.003825025744 0.04175149359 -0.0374231267) (-0.002700574804 0.01314021825 0.01591518049) (-0.001233437644 -0.001606204152 -0.004580124467) (-0.0006433411128 0.003624887949 0.008213453094) (-0.0005754701169 0.001605959516 0.003910617554) (0.001180911243 0.02858707861 -0.003622971919) (0.001298065323 0.001906150378 0.002247908494) (0.00121632107 0.04228955653 -0.03828838398) (0.00115626515 0.01354056876 0.01759141669) (0.0002374522605 0.001184512473 0.00994110174) (-0.001585273128 0.003991389043 0.003391610934) (-0.0005673733528 0.001747670334 0.00259235407) (0.003576344071 0.029270036 -0.003263579983) (0.003429357675 0.002059226023 0.002595738639) (0.003815127007 0.04192026241 -0.03760307676) (0.002717695984 0.01318521266 0.01596806948) (0.001204637672 -0.001566203321 -0.004361008152) (0.0006266751328 0.003677403519 0.008269954432) (0.0005666726602 0.001629576783 0.003942609369) (1.075064397e-06 0.0004564765366 -8.689842778e-05)
0.0006892992      (-0.003724513934 0.03026650746 -0.003273996124) (-0.003596309995 0.002091203038 0.002839156633) (-0.003968511121 0.04332502219 -0.03883862888) (-0.002801674077 0.01362634091 0.01651647101) (-0.001279961421 -0.001659567454 -0.00473637239) (-0.0006676212603 0.00376416199 0.008524640526) (-0.0005971998678 0.001667113474 0.00405841836) (0.001224890727 0.02966348637 -0.003765116368) (0.001346428196 0.001977556473 0.002332101579) (0.001261756944 0.04387483707 -0.03972405485) (0.001199640784 0.01404450289 0.01825243011) (0.0002474791075 0.001226580644 0.01031804334) (-0.001644813427 0.00414389455 0.003519447401) (-0.0005887284797 0.001814080185 0.002690323353) (0.003710341613 0.03037234801 -0.003391573995) (0.003557448092 0.002137300565 0.002692565576) (0.003958101436 0.04350084548 -0.03902594863) (0.002819431029 0.01367317782 0.01657152234) (0.001250079714 -0.001618159604 -0.004508906225) (0.0006503480531 0.003818724466 0.008583359924) (0.0005880872031 0.001691649201 0.00409165958) (1.116689848e-06 0.0004735952695 -9.014370271e-05)
0.0007142992      (-0.003859018979 0.03136466221 -0.003397426087) (-0.003725830625 0.002167483666 0.002941519605) (-0.00411193406 0.0448982325 -0.0402538598) (-0.002902734277 0.01411220334 0.01711749371) (-0.001326489973 -0.00171251843 -0.004891519543) (-0.0006919034222 0.003903602368 0.008835865204) (-0.0006189332762 0.001728304059 0.004206221762) (0.001268851943 0.03073997728 -0.00390732238) (0.001394776836 0.002048940133 0.002416286071) (0.001307178598 0.04546092931 -0.04116074727) (0.001243015119 0.01454806976 0.01891292977) (0.0002575682616 0.001268572067 0.01069518438) (-0.001704325951 0.004296525198 0.003647280293) (-0.0006100741202 0.00188052465 0.002788308157) (0.003844304756 0.03147478779 -0.003519573514) (0.003685485222 0.002215374197 0.002789363603) (0.004101044683 0.04508117759 -0.04044855165) (0.002921133691 0.01416089929 0.01717472409) (0.001295533944 -0.001669724519 -0.004655728123) (0.0006740262809 0.003960219276 0.008896823335) (0.0006095069226 0.001753761203 0.004240720928) (1.159267146e-06 0.0004907129448 -9.33842918e-05)
0.0007392992      (-0.003993486749 0.03246300866 -0.003520931011) (-0.003855304365 0.002243772502 0.003043856593) (-0.004255346146 0.04647155274 -0.04166885453) (-0.003003748068 0.01459786581 0.01771827768) (-0.001373026928 -0.00176506961 -0.005045607884) (-0.0007161911357 0.004043215681 0.009147157894) (-0.0006406723224 0.001789536104 0.004354040372) (0.001312788132 0.03181672408 -0.00404976481) (0.001443098389 0.002120303982 0.002500461577) (0.001352564102 0.04704773841 -0.04259849361) (0.001286373803 0.01505129859 0.01957293863) (0.0002677319324 0.001310519549 0.01107254389) (-0.001763810015 0.004449284635 0.003775110987) (-0.0006314096664 0.001947006161 0.002886309838) (0.003978231371 0.03257743319 -0.003647654812) (0.003813467866 0.00229345534 0.00288613218) (0.004243939845 0.04666169825 -0.04187096549) (0.003022790919 0.0146484286 0.01777769969) (0.001340995823 -0.001720875852 -0.004801445714) (0.0006977107134 0.004101886662 0.009210342239) (0.0006309327934 0.001815914191 0.004389792981) (1.200781569e-06 0.0005078256579 -9.662654364e-05)
0.0007642992      (-0.00412791283 0.03356144844 -0.0036445422) (-0.003984725869 0.002320058717 0.003146171125) (-0.004398707912 0.04804518573 -0.04308367238) (-0.003104712863 0.01508319457 0.01831869967) (-0.001419562019 -0.001817226027 -0.005198651729) (-0.0007404797129 0.004182971738 0.009458478556) (-0.0006624140872 0.001850798403 0.00450185895) (0.001356715602 0.03289366691 -0.004192428524) (0.001491400363 0.00219164063 0.002584626677) (0.001397955382 0.04863504595 -0.04403701381) (0.001329731734 0.01555414557 0.02023240812) (0.0002779711363 0.001352421091 0.01145006713) (-0.001823268144 0.004602153944 0.003902929742) (-0.000652736679 0.002013516049 0.002984322913) (0.004112115959 0.03368019606 -0.003775859023) (0.003941392262 0.002371539833 0.00298286154) (0.004386816555 0.04824250673 -0.043293204) (0.003124394655 0.01513561908 0.01838030364) (0.001386464906 -0.001771652098 -0.004946174267) (0.0007213985793 0.004243702627 0.009523907068) (0.0006523624888 0.001878099817 0.004538871854) (1.243632329e-06 0.000524937478 -9.986323103e-05)
0.0007892992      (-0.004262304825 0.03466010827 -0.003768303306) (-0.004114103151 0.002396357509 0.003248450119) (-0.004542060213 0.04961940026 -0.04449839757) (-0.003205613739 0.01556820437 0.01891872865) (-0.001466102213 -0.001868993768 -0.005350672061) (-0.0007647738093 0.0043228854 0.009769857969) (-0.0006841613427 0.00191210009 0.004649690801) (0.001400617053 0.03397091774 -0.004335251295) (0.001539675269 0.002262966655 0.002668775386) (0.001443325706 0.05022311151 -0.0454763683) (0.001373072053 0.01605670648 0.02089145857) (0.0002882782998 0.00139431002 0.01182780592) (-0.001882698989 0.004755149597 0.004030747745) (-0.0006740541105 0.002080061914 0.003082352376) (0.004245961169 0.03478320509 -0.003904203384) (0.004069262105 0.002449635373 0.003079568294) (0.004529637995 0.04982399552 -0.04471543435) (0.003225937024 0.01562250097 0.01898252179) (0.00143193893 -0.001822022348 -0.005089801239) (0.0007450916068 0.00438567768 0.009837520461) (0.0006737977505 0.001940325127 0.004687960866) (1.28512775e-06 0.0005420440831 -0.0001031023788)
0.0008142992      (-0.004396651577 0.03575881275 -0.003892191177) (-0.004243420427 0.002472648304 0.003350711929) (-0.004685382929 0.05119438658 -0.04591296011) (-0.003306455494 0.01605284876 0.01951816047) (-0.001512645923 -0.001920396546 -0.005501716236) (-0.00078906819 0.004462934101 0.01008126388) (-0.0007059103444 0.001973431797 0.004797520959) (0.001444477607 0.03504830127 -0.004478151441) (0.001587924697 0.002334255114 0.002752937254) (0.00148866206 0.05181155173 -0.04691632381) (0.001416409319 0.0165589647 0.0215500308) (0.0002986410936 0.001436166834 0.01220567669) (-0.001942103652 0.004908250836 0.004158553142) (-0.0006953626695 0.002146634248 0.003180389162) (0.004379762286 0.03588630636 -0.004032689217) (0.004197072318 0.002527729772 0.003176246532) (0.004672461276 0.05140624545 -0.04613751844) (0.003327417968 0.01610903655 0.01958414876) (0.001477413975 -0.001872038529 -0.00523248241) (0.0007687856169 0.004527794346 0.01015117459) (0.0006952351255 0.002002583276 0.004837054043) (1.32819069e-06 0.0005591496619 -0.0001063355926)
0.0008392992      (-0.004530980618 0.0368577963 -0.0040162617) (-0.004372704787 0.002548952243 0.003452954203) (-0.004828680316 0.05277024274 -0.04732756192) (-0.003407250745 0.0165372494 0.02011706532) (-0.001559196687 -0.001971432189 -0.005651771582) (-0.0008133700114 0.004603144449 0.01039274593) (-0.0007276653433 0.00203480716 0.004945373879) (0.001488321347 0.0361259521 -0.00462107027) (0.001636165357 0.002405515306 0.002837130917) (0.001533990883 0.05340064325 -0.04835722987) (0.001459734743 0.01706103232 0.02220822345) (0.0003090662094 0.001478019151 0.01258376359) (-0.002001485318 0.00506148225 0.004286362384) (-0.0007166629027 0.002213244767 0.003278445403) (0.00451354247 0.03698968155 -0.004161355708) (0.004324849853 0.002605835115 0.003272909177) (0.004815220723 0.05298943226 -0.04755970424) (0.003428854791 0.01659532792 0.02018525996) (0.001522895015 -0.001921670762 -0.005374131476) (0.000792484077 0.004670069258 0.01046488671) (0.000716677786 0.002064883226 0.004986163029) (1.369711483e-06 0.000576250739 -0.0001095717237)
0.0008642992      (-0.004665274156 0.03795683087 -0.004140467561) (-0.004501937597 0.002625249635 0.003555171572) (-0.004971950258 0.05434666878 -0.04874236312) (-0.003507995308 0.01702133064 0.02071534637) (-0.001605739777 -0.002022095101 -0.005800822335) (-0.0008376691345 0.004743479729 0.01070423883) (-0.0007494200916 0.002096209986 0.005093220011) (0.001532146338 0.03720366004 -0.004763990733) (0.001684393326 0.00247673888 0.002921337071) (0.00157931634 0.05499007997 -0.0497987651) (0.001503058066 0.01756280731 0.02286589996) (0.0003195521656 0.001519839939 0.01296197308) (-0.00206083947 0.005214810294 0.004414154496) (-0.0007379541896 0.002279879051 0.003376505595) (0.004647274392 0.03809314799 -0.004290178367) (0.004452571641 0.002683939323 0.003369540944) (0.004957974617 0.05457316052 -0.04898216479) (0.00353023969 0.01708132808 0.02078575666) (0.001568369534 -0.001970947194 -0.00551481976) (0.0008161796705 0.004812474868 0.0107786248) (0.0007381205765 0.002127212867 0.005135271343) (1.412951576e-06 0.0005933502758 -0.0001128020434)
0.0008892992      (-0.00479955233 0.03905627149 -0.00426485748) (-0.004631143296 0.002701575403 0.003657367038) (-0.005115205624 0.05592371139 -0.05015783064) (-0.003608705658 0.01750535313 0.02131316792) (-0.00165228986 -0.002072368463 -0.005948800594) (-0.0008619769132 0.004883969199 0.01101578791) (-0.0007711822899 0.002157654731 0.005241084976) (0.001575959458 0.0382817428 -0.004907088064) (0.001732625336 0.002547953902 0.003005559577) (0.001624628139 0.05658007925 -0.05124131866) (0.001546370991 0.01806436025 0.02352330184) (0.0003301214703 0.001561667135 0.01334043567) (-0.002120167838 0.005368270584 0.00454195685) (-0.0007592353029 0.002346553041 0.003474588945) (0.004780994286 0.03919698682 -0.004419198027) (0.004580272176 0.002762070046 0.003466143892) (0.005100697764 0.05615747677 -0.05040529908) (0.003631592348 0.01756725418 0.0213857945) (0.001613840014 -0.00201982231 -0.005654403248) (0.0008398837826 0.00495503177 0.01109240586) (0.0007595711107 0.00218958302 0.005284393334) (1.454582356e-06 0.0006104464702 -0.0001160351933)
0.0009142992      (-0.004933782652 0.04015574032 -0.004389379038) (-0.004760284576 0.002777901814 0.003759518663) (-0.005258429895 0.0575011044 -0.05157372066) (-0.003709350958 0.01798910179 0.02191038302) (-0.001698839193 -0.002122264633 -0.006095746148) (-0.0008862806719 0.005024560238 0.01132730453) (-0.0007929434089 0.002219118568 0.005388925509) (0.00161974085 0.03935987596 -0.005050346434) (0.001780841329 0.002619143278 0.00308978288) (0.001669922029 0.05817007046 -0.05268433588) (0.001589675354 0.01856548441 0.02418027936) (0.0003407544776 0.001603457444 0.01371899658) (-0.002179467485 0.005521816033 0.004669735346) (-0.0007805068771 0.002413246292 0.003572670835) (0.004914667344 0.0403008919 -0.004548375877) (0.004707912837 0.002840206601 0.003562697305) (0.005243401112 0.0577421912 -0.05182890158) (0.003732878704 0.01805292043 0.02198523272) (0.001659304316 -0.002068349209 -0.005793016186) (0.0008635863737 0.005097700794 0.01140618853) (0.0007810215935 0.002251976473 0.005433504584) (1.498031688e-06 0.0006275397219 -0.0001192628948)
0.0009392992      (-0.005068006788 0.04125567662 -0.004514095114) (-0.004889406307 0.002854269618 0.003861639585) (-0.005401653995 0.05907916593 -0.05299042737) (-0.003809950892 0.01847275199 0.02250723005) (-0.001745403973 -0.002171775359 -0.006241577125) (-0.0009105971772 0.005165299776 0.0116388763) (-0.0008147139921 0.002280624911 0.005536786271) (0.001663504725 0.04043844216 -0.005193813108) (0.001829051192 0.002690348463 0.003174011953) (0.00171521315 0.05976074184 -0.0541283157) (0.001632968075 0.01906635072 0.02483709085) (0.0003514783673 0.001645267946 0.01409785458) (-0.00223873617 0.005675498472 0.00479752739) (-0.0008017652025 0.002479981316 0.003670778329) (0.00504833072 0.04140525721 -0.004677754696) (0.004835535656 0.002918383526 0.003659216461) (0.0053861007 0.05932753214 -0.05325331893) (0.003834117445 0.01853847802 0.02258430655) (0.001704773158 -0.002116463102 -0.005930451187) (0.0008872987183 0.005240512771 0.01172000291) (0.0008024809354 0.002314409361 0.005582627295) (1.539653936e-06 0.0006446306771 -0.0001224930648)
0.0009642992      (-0.005202176749 0.04235560447 -0.004638942957) (-0.00501845818 0.002930643567 0.003963707457) (-0.00554483242 0.06065757374 -0.05440759428) (-0.003910478067 0.01895600854 0.02310357215) (-0.001791963883 -0.002220933604 -0.006386413147) (-0.0009349067748 0.005306132167 0.01195041417) (-0.0008364816412 0.002342147501 0.00568462158) (0.001707243241 0.0415170376 -0.005337484543) (0.001877236225 0.002761536613 0.003258231437) (0.0017604858 0.06135129815 -0.05557268684) (0.001676250498 0.01956675191 0.02549349083) (0.00036225933 0.001687036786 0.01447679416) (-0.002297974942 0.005829258159 0.004925290417) (-0.0008230136041 0.002546732581 0.003768879999) (0.005181942055 0.04250965591 -0.004807299108) (0.004963096589 0.002996574212 0.003755665689) (0.00552875334 0.06091325797 -0.05467825419) (0.003935282688 0.01902364586 0.02318290093) (0.001750233939 -0.002164244486 -0.006066923237) (0.0009110068216 0.005383427317 0.01203380725) (0.0008239385566 0.002376862963 0.005731734377) (1.583222995e-06 0.0006617173144 -0.0001257186077)
0.0009892992      (-0.00533634309 0.04345605776 -0.004763992236) (-0.005147494074 0.003007068009 0.004065748267) (-0.005688018332 0.06223674623 -0.05582567197) (-0.004010962525 0.01943906619 0.02369977236) (-0.001838535312 -0.002269714064 -0.006530136496) (-0.000959229316 0.00544712 0.01226202157) (-0.0008582592357 0.002403715539 0.005832485094) (0.001750958253 0.04259613034 -0.005481421188) (0.001925395754 0.002832748281 0.003342458217) (0.001805748919 0.06294243983 -0.05701813735) (0.001719523591 0.02006698882 0.0261498083) (0.0003731332649 0.001728830074 0.01485605313) (-0.002357186113 0.005983159029 0.005053073977) (-0.0008442495725 0.00261352771 0.003867012041) (0.005315544234 0.04361458976 -0.004937050214) (0.005090643144 0.003074814468 0.00385208284) (0.005671417334 0.06249974987 -0.05610410658) (0.004036408102 0.01950860983 0.02378136929) (0.001795702289 -0.002211637511 -0.00620224935) (0.0009347249688 0.005526491413 0.01234765882) (0.000845405718 0.002439359338 0.005880860946) (1.624906835e-06 0.0006788033933 -0.0001289457629)
0.0010142992      (-0.005470438548 0.04455645661 -0.004889169912) (-0.005276449423 0.00308349794 0.004167731703) (-0.005831155794 0.06381621555 -0.05724419118) (-0.004111359986 0.01992162822 0.02429554902) (-0.001885096378 -0.002318166381 -0.006672917713) (-0.0009835452128 0.005588197541 0.01257359455) (-0.000880033169 0.002465298768 0.005980321591) (0.001794664665 0.04367517551 -0.005625526312) (0.001973527038 0.002903951662 0.003426653022) (0.001851010676 0.06453347419 -0.05846397705) (0.001762787164 0.02056691221 0.02680579839) (0.000384058365 0.001770569977 0.0152353557) (-0.002416368911 0.006137125719 0.005180822072) (-0.0008654763192 0.002680334954 0.003965132731) (0.005449086685 0.04471950512 -0.00506696664) (0.005218124042 0.003153069227 0.0039484121) (0.005814029751 0.06408659066 -0.05753045) (0.004137447401 0.01999308883 0.02437941636) (0.001841157551 -0.002258722218 -0.006336671636) (0.0009584365938 0.005669650755 0.01266149334) (0.0008668694323 0.002501873163 0.006029967065) (1.668708237e-06 0.0006958835752 -0.0001321692784)
0.0010392992      (-0.005604536543 0.04565742998 -0.005014563221) (-0.005405396299 0.003159987554 0.004269685347) (-0.005974299536 0.06539650729 -0.05866370562) (-0.00421172867 0.02040399107 0.02489122949) (-0.001931664518 -0.002366253858 -0.006814606736) (-0.001007872408 0.005729432342 0.01288523742) (-0.0009018170503 0.002526927842 0.006128188388) (0.001838350135 0.04475475355 -0.005769873278) (0.002021622416 0.002975189113 0.003510845739) (0.001896251964 0.06612518844 -0.05991106526) (0.001806044 0.02106679819 0.02746186215) (0.000395071196 0.001812339767 0.01561498414) (-0.002475528559 0.006291236924 0.00530859602) (-0.0008866923813 0.002747188233 0.004063287572) (0.005582621779 0.04582500178 -0.005197094437) (0.005345591003 0.003231380755 0.00404470735) (0.005956654479 0.06567426094 -0.05895778178) (0.00423845478 0.02047737336 0.02497738595) (0.001886621316 -0.002305428984 -0.006469955059) (0.0009821593628 0.005812966025 0.01297538486) (0.0008883433824 0.002564431968 0.006179099018) (1.710390457e-06 0.0007129646519 -0.0001353935683)
0.0010642992      (-0.005738566819 0.04675833305 -0.005140116578) (-0.005534263951 0.003236492403 0.004371574468) (-0.006117378331 0.06697697761 -0.06008376774) (-0.004312021542 0.02088592488 0.02548654933) (-0.001978231259 -0.002414007137 -0.006955352573) (-0.001032193749 0.005870753677 0.01319683793) (-0.0009235972735 0.00258857092 0.006276024895) (0.001882042747 0.04583430617 -0.005914399306) (0.002069696016 0.003046418788 0.003595003484) (0.001941496433 0.0677166308 -0.06135861983) (0.001849293009 0.02156634295 0.02811764752) (0.000406138541 0.001854061931 0.01599464443) (-0.002534660681 0.006445410937 0.005436333283) (-0.0009078993979 0.002814052793 0.004161429446) (0.005716103087 0.04693044013 -0.005327428904) (0.005472995331 0.00330971847 0.004140888059) (0.006099221754 0.06726211106 -0.06038570206) (0.004339391391 0.02096124672 0.02557500831) (0.001932068764 -0.002351828156 -0.006602317693) (0.001005876201 0.00595637558 0.01328925165) (0.0009098136342 0.002627007776 0.006328207794) (1.75442424e-06 0.000730038932 -0.0001386154018)
0.0010892992      (-0.00587260603 0.04785978115 -0.005265923102) (-0.005663126537 0.003313065751 0.004473432478) (-0.006260480803 0.06855802408 -0.06150495665) (-0.004412301006 0.02136780418 0.02608196355) (-0.002024816672 -0.00246138287 -0.007094963396) (-0.001056526093 0.006012235627 0.01350850901) (-0.0009453878493 0.002650260919 0.006423892685) (0.001925698516 0.04691438792 -0.00605913901) (0.00211772194 0.003117687306 0.003679150776) (0.001986718467 0.06930880433 -0.06280738566) (0.001892532244 0.02206580416 0.02877352304) (0.0004172701293 0.001895830202 0.01637464991) (-0.00259377348 0.006599732106 0.005564100163) (-0.0009290979385 0.002880964953 0.004259607714) (0.005849572611 0.04803645239 -0.005457999623) (0.00560037708 0.003388120156 0.004237040892) (0.006241808448 0.0688505644 -0.06181478062) (0.004440314344 0.02144507362 0.02617275505) (0.001977526288 -0.002397847861 -0.006733502865) (0.001029603037 0.006099948862 0.01360318162) (0.0009312939063 0.002689631318 0.00647734683) (1.796158297e-06 0.0007471149787 -0.0001418371982)
0.0011142992      (-0.006006576423 0.04896118874 -0.005391886859) (-0.005791907777 0.003389663067 0.004575226739) (-0.006403527062 0.07013918583 -0.062926854) (-0.004512525352 0.02184934642 0.0266771927) (-0.002071387192 -0.002508423586 -0.007233567173) (-0.001080854086 0.006153808634 0.01382013242) (-0.0009671752362 0.002711966724 0.006571730692) (0.001969359502 0.04799444712 -0.006204032824) (0.002165733871 0.003188959041 0.003763235269) (0.00203194214 0.07090081555 -0.06425658876) (0.001935765122 0.02256490504 0.0294291646) (0.0004284514591 0.001937559245 0.01675472452) (-0.002652855618 0.006754121135 0.005691833471) (-0.0009502854463 0.002947890303 0.004357774732) (0.005982997085 0.04914241691 -0.005588764403) (0.005727694029 0.003466556217 0.004333074738) (0.006384342999 0.0704391357 -0.0632445894) (0.004541182029 0.02192855738 0.02677030599) (0.002022982809 -0.002443536325 -0.006863670569) (0.001053327321 0.006243617401 0.01391707102) (0.0009527722468 0.002752272355 0.006626458689) (1.840238021e-06 0.0007641840042 -0.0001450571526)
0.0011392992      (-0.006140554062 0.05006312522 -0.005518087708) (-0.005920682042 0.003466335243 0.004676982601) (-0.006546583055 0.07172082997 -0.0643499219) (-0.004612738946 0.0223307868 0.02727253623) (-0.002117970918 -0.002555087209 -0.007370984305) (-0.001105191923 0.006295529347 0.01413178595) (-0.0009889718367 0.002773714751 0.006719584962) (0.002012970335 0.04907500969 -0.006349146345) (0.002213698984 0.003260274849 0.003847298497) (0.002077134196 0.07249334952 -0.06570698119) (0.001978987528 0.02306389615 0.03008496414) (0.0004397204748 0.001979326446 0.01713509918) (-0.002711915214 0.006908648089 0.005819590343) (-0.000971462763 0.003014859097 0.004455973386) (0.006116401454 0.0502489394 -0.005719735932) (0.005854979387 0.003545062936 0.004429069895) (0.006526879303 0.07202822159 -0.06467557384) (0.004642037294 0.02241194032 0.02736799327) (0.002068454289 -0.002488868706 -0.006992712729) (0.001077061833 0.006387437006 0.01423100534) (0.0009742600416 0.002814956181 0.006775592523) (1.882000804e-06 0.0007812544964 -0.0001482764103)
0.0011642992      (-0.00627447735 0.0511651201 -0.005644463838) (-0.006049388701 0.003543045348 0.004778677661) (-0.006689594096 0.07330272381 -0.06577381325) (-0.004712898007 0.0228118897 0.02786774804) (-0.002164547576 -0.002601420101 -0.007507371124) (-0.00112953024 0.006437343227 0.01444338871) (-0.001010768057 0.002835480211 0.006867410455) (0.002056597746 0.05015561409 -0.006494415332) (0.002261671011 0.003331611426 0.003931296615) (0.002122344238 0.07408581361 -0.06715788611) (0.002022210458 0.02356262571 0.03074067275) (0.0004510581828 0.002021071952 0.0175155861) (-0.002770938747 0.007063252027 0.005947321323) (-0.000992625462 0.003081844984 0.004554165586) (0.006249772906 0.0513554891 -0.005850914342) (0.00598221246 0.003623620771 0.004524933078) (0.00666937298 0.07361753385 -0.0661073768) (0.004742839552 0.02289497423 0.02796552208) (0.002113941025 -0.002533856416 -0.007120678401) (0.001100800329 0.006531351811 0.01454488653) (0.0009957494961 0.002877658513 0.006924696315) (1.926258036e-06 0.0007983189258 -0.0001514942309)
0.0011892992      (-0.006408404789 0.0522675645 -0.005771074662) (-0.00617808503 0.003619834642 0.004880322814) (-0.00683260984 0.07488498835 -0.06719874764) (-0.004813046111 0.02329283421 0.02846304914) (-0.002211144137 -0.002647434643 -0.007642740826) (-0.001153879278 0.006579294745 0.01475503533) (-0.001032573335 0.002897283406 0.007015253265) (0.002100169486 0.05123662731 -0.006639853073) (0.002309595021 0.00340300062 0.004015263801) (0.002167519119 0.07567883043 -0.06860982431) (0.002065421926 0.02406124543 0.03139653682) (0.0004624826366 0.002062840512 0.01789632986) (-0.002829942558 0.007217979827 0.006075067697) (-0.001013779704 0.003148868944 0.004652383506) (0.006383112469 0.0524625292 -0.005982287155) (0.006109403501 0.003702253082 0.00462075605) (0.006811861258 0.07520726298 -0.06754025524) (0.004843626147 0.02337786618 0.02856317951) (0.002159443836 -0.002578546384 -0.007247673638) (0.001124543228 0.006675406654 0.01485882213) (0.001017245462 0.002940399108 0.007073821948) (1.968050409e-06 0.0008153837513 -0.0001547110342)
0.0012142992      (-0.006542284927 0.05337013793 -0.005897871717) (-0.006306727694 0.003696679206 0.004981905789) (-0.00697559187 0.07646760042 -0.06862458503) (-0.004913147646 0.02377346133 0.0290583237) (-0.002257738722 -0.002693161909 -0.007777196933) (-0.001178229295 0.006721349307 0.01506667955) (-0.001054379402 0.0029591088 0.007163086853) (0.002143754516 0.05231777666 -0.006785472701) (0.002357523833 0.003474426888 0.004099170163) (0.002212704062 0.07727179973 -0.07006241151) (0.002108636047 0.02455959626 0.03205235563) (0.0004739687129 0.002104602871 0.01827719725) (-0.002888919561 0.007372791821 0.00620279686) (-0.001034923361 0.003215914019 0.004750601811) (0.006516427402 0.05356968217 -0.006113878162) (0.006236550705 0.003780954862 0.004716449133) (0.006954316506 0.07679734467 -0.06897405432) (0.004944366814 0.02386043691 0.02916079546) (0.00220495514 -0.002622925448 -0.007373682023) (0.001148289789 0.006819566663 0.01517274577) (0.00103874384 0.003003162779 0.007222934913) (2.012435772e-06 0.0008324432867 -0.0001579271615)
0.0012392992      (-0.006676157914 0.05447309446 -0.006024892423) (-0.006435360642 0.003773608576 0.005083423299) (-0.007118567804 0.07805046575 -0.07005137363) (-0.005013221898 0.02425392029 0.02965371985) (-0.00230434663 -0.00273859469 -0.007910720915) (-0.001202586938 0.006863534582 0.0153783699) (-0.001076192486 0.003020968634 0.007310936025) (0.002187282841 0.05339929443 -0.006931277205) (0.002405400582 0.003545906268 0.004183042547) (0.002257848209 0.07886513687 -0.0715159614) (0.002151832932 0.02505779777 0.03270834998) (0.000485527269 0.002146371383 0.01865826111) (-0.00294788306 0.007527717176 0.006330536144) (-0.001056061863 0.003282993378 0.004848842139) (0.006649703755 0.05467727264 -0.00624565744) (0.00636365017 0.003859737915 0.004812088478) (0.007096765289 0.07838775349 -0.07040885135) (0.005045082713 0.02434286745 0.02975857994) (0.00225048048 -0.002667038217 -0.007498844689) (0.001172041153 0.006963861026 0.0154867348) (0.001060248467 0.003065961687 0.007372071167) (2.05430758e-06 0.0008495024344 -0.0001611417959)
0.0012642992      (-0.006809995799 0.05557629525 -0.006152105237) (-0.006563959574 0.003850611008 0.005184875642) (-0.007261526092 0.07963382252 -0.07147918931) (-0.005113263009 0.02473416116 0.03024918331) (-0.002350949328 -0.002783726933 -0.008043308853) (-0.001226948521 0.007005832236 0.0156900733) (-0.001098008475 0.003082854795 0.007458784281) (0.002230837317 0.05448101255 -0.007077241294) (0.002453292983 0.003617437478 0.004266843136) (0.00230299593 0.08045870284 -0.0729702396) (0.00219503632 0.02555577669 0.03336442669) (0.0004971524409 0.002188143937 0.01903948093) (-0.003006818608 0.007682734898 0.006458265236) (-0.001077188786 0.003350097887 0.00494708798) (0.006782966412 0.05578505374 -0.006377672054) (0.006490717047 0.003938607907 0.004907585227) (0.007239189075 0.0799786091 -0.07184465638) (0.005145768934 0.02482505893 0.03035640571) (0.002296009632 -0.00271082554 -0.007622991185) (0.001195798854 0.007108266374 0.01580071835) (0.001081757256 0.003128786567 0.007521199204) (2.098724505e-06 0.0008665571841 -0.0001643563936)
0.0012892992      (-0.006943814266 0.05667979283 -0.006279532279) (-0.006692538807 0.00392769676 0.005286236047) (-0.007404460067 0.0812173005 -0.07290784551) (-0.005213278727 0.02521419576 0.03084472701) (-0.00239756469 -0.002828580935 -0.00817502965) (-0.001251315963 0.007148248979 0.0160018116) (-0.001119829817 0.003144770712 0.007606641846) (0.002274328877 0.05556302736 -0.007223373984) (0.002501130013 0.003689028848 0.004350609367) (0.002348096749 0.08205249495 -0.07442535927) (0.002238220798 0.02605356271 0.03402066198) (0.0005088380585 0.002229928679 0.01942083355) (-0.003065742064 0.007837852105 0.006585996076) (-0.001098311838 0.003417230806 0.005045349043) (0.006916179281 0.0568931994 -0.006509873157) (0.00661772299 0.004017557357 0.0050030194) (0.007381594059 0.08156967106 -0.07328135796) (0.005246429966 0.02530706628 0.03095436014) (0.002341550297 -0.002754357793 -0.007746315771) (0.00121955837 0.007252795679 0.01611475424) (0.00110326963 0.003191642323 0.00767034431) (2.140717664e-06 0.0008836105172 -0.0001675687554)
0.0013142992      (-0.007077600689 0.05778362414 -0.006407167574) (-0.006821086524 0.004004865667 0.005387513169) (-0.007547375706 0.08280136601 -0.07433760263) (-0.005313268155 0.02569403104 0.03144041979) (-0.002444169599 -0.002873140542 -0.008305808743) (-0.001275687096 0.007290785442 0.01631357471) (-0.001141654329 0.003206716749 0.007754505595) (0.002317845213 0.05664535115 -0.007369709548) (0.002548988979 0.003760698375 0.004434295318) (0.002393214526 0.08364652171 -0.075881337) (0.002281420049 0.02655120495 0.03467707746) (0.000520585963 0.002271732802 0.01980235684) (-0.003124643646 0.007993067808 0.006713724541) (-0.001119425533 0.00348439185 0.005143620988) (0.007049381906 0.05800161516 -0.006642335594) (0.006744701382 0.004096601159 0.005098311908) (0.007523973588 0.08316125758 -0.07471913611) (0.005347064027 0.02578885449 0.03155243766) (0.00238708603 -0.002797579691 -0.007868638258) (0.001243325504 0.007397444273 0.01642880245) (0.001124786929 0.003254528351 0.007819490367) (2.185103022e-06 0.0009006602052 -0.0001707818995)
0.0013392992      (-0.007211342815 0.05888767257 -0.006534986209) (-0.006949591863 0.004082115232 0.005488684003) (-0.007690228103 0.08438548738 -0.0757681256) (-0.005413236099 0.02617362838 0.03203624649) (-0.002490783103 -0.002917493759 -0.008435844977) (-0.001300061834 0.007433433913 0.01662534718) (-0.001163482615 0.003268688829 0.007902368751) (0.002361298099 0.05772792084 -0.007516198396) (0.002596792654 0.003832448126 0.004517925036) (0.002438290608 0.08524083162 -0.07733805282) (0.002324599389 0.02704864247 0.03533367659) (0.0005323919317 0.00231354694 0.02018402033) (-0.003183528707 0.008148374418 0.006841447992) (-0.001140533635 0.003551577905 0.005241903167) (0.007182513765 0.05911031096 -0.006774963879) (0.006871610987 0.00417572033 0.005193535574) (0.007666294249 0.08475297261 -0.07615773) (0.005447678109 0.02627042527 0.0321506945) (0.002432632793 -0.002840613623 -0.007990254848) (0.001267091866 0.007542210936 0.01674287797) (0.00114630661 0.003317442676 0.007968643737) (2.227414827e-06 0.0009177082476 -0.0001739920651)
0.0013642992      (-0.007345062794 0.05999206417 -0.006662994821) (-0.007078063724 0.004159458367 0.005589757891) (-0.00783308202 0.08597025244 -0.07719975005) (-0.005513194277 0.02665303291 0.03263229022) (-0.002537403627 -0.002961528774 -0.008564876807) (-0.001324442591 0.007576207149 0.01693715171) (-0.001185315945 0.003330693446 0.008050242645) (0.002404782296 0.05881085578 -0.007662872651) (0.002644623383 0.003904294119 0.004601479957) (0.002483389028 0.08683552401 -0.0787956621) (0.002367784447 0.02754587784 0.03599048306) (0.0005442605144 0.002355392271 0.0205658704) (-0.003242395097 0.008303785075 0.006969174025) (-0.001161633934 0.003618794891 0.005340200062) (0.007315647049 0.06021931376 -0.006907830081) (0.006998503032 0.004254942568 0.00528861861) (0.007808599107 0.08634529394 -0.07759742271) (0.005548280714 0.02675178522 0.0327491404) (0.002478175534 -0.002883323695 -0.008110845048) (0.0012908662 0.007687100787 0.01705697563) (0.001167831767 0.003380389226 0.008117803751) (2.271733581e-06 0.0009347529545 -0.0001772037151)
0.0013892992      (-0.007478743592 0.06109668118 -0.00679119398) (-0.007206482955 0.004236896119 0.005690709283) (-0.007975901336 0.08755501284 -0.07863217128) (-0.005613126924 0.02713213026 0.03322843661) (-0.002584021945 -0.003005260049 -0.008692990312) (-0.001348823893 0.007719079657 0.0172489592) (-0.001207150634 0.003392719654 0.008198110827) (0.002448206011 0.05989401347 -0.007809708139) (0.00269239933 0.003976217277 0.004684986894) (0.002528451298 0.0884302737 -0.08025396361) (0.002410948551 0.02804281771 0.03664742072) (0.0005561846242 0.002397246042 0.02094783665) (-0.00330124328 0.008459278138 0.007096888511) (-0.001182728337 0.003686033476 0.005438502756) (0.0074487188 0.06132861109 -0.007040865934) (0.00712532438 0.00433425316 0.005383624959) (0.007950899512 0.08793768246 -0.07903796275) (0.005648860554 0.02723285469 0.03334772479) (0.002523726199 -0.002925739898 -0.008230523703) (0.001314638685 0.007832097742 0.0173710943) (0.001189357972 0.003443359997 0.00826696615) (2.314273685e-06 0.0009517956317 -0.0001804117686)
0.0014142992      (-0.007612403248 0.06220171507 -0.006919604679) (-0.007334874013 0.004314452782 0.005791554641) (-0.008118711332 0.08914032901 -0.08006572703) (-0.005713038822 0.02761097455 0.03382477354) (-0.002630646249 -0.003048662059 -0.008820047535) (-0.001373212694 0.007862075569 0.01756080403) (-0.001228990866 0.003454778737 0.008345990784) (0.002491662292 0.06097756057 -0.007956740565) (0.002740204867 0.004048238962 0.004768417048) (0.002573539269 0.09002543361 -0.08171316605) (0.002454119382 0.02853951373 0.03730455945) (0.0005681736694 0.002439130452 0.02133000084) (-0.003360073887 0.008614877936 0.007224610117) (-0.001203814747 0.003753304624 0.005536822976) (0.007581790753 0.06243829956 -0.007174156035) (0.007252132727 0.004413689829 0.005478491628) (0.008093176983 0.08953060489 -0.08047963904) (0.005749417464 0.0277136529 0.03394647479) (0.002569279907 -0.002967825631 -0.00834915775) (0.001338422134 0.007977216744 0.01768524494) (0.001210891083 0.003506363691 0.008416137345) (2.358524626e-06 0.0009688350011 -0.0001836218216)
0.0014392992      (-0.007746021029 0.06330695685 -0.007048165046) (-0.007463210236 0.004392113004 0.005892294829) (-0.008261488156 0.09072572708 -0.08150012447) (-0.005812914533 0.02808943965 0.03442118376) (-0.002677267925 -0.003091801255 -0.008946261202) (-0.001397600627 0.008005169629 0.01787266336) (-0.001250831961 0.003516859004 0.008493868132) (0.002535050952 0.06206128157 -0.008103891817) (0.002787953653 0.00412034182 0.0048517833) (0.002618589048 0.09162070919 -0.08317297967) (0.002497269288 0.02903582118 0.037961775) (0.0005802169261 0.00248101847 0.02171226499) (-0.003418885337 0.008770554789 0.007352318213) (-0.001224894656 0.003820595536 0.005635146426) (0.007714799399 0.06354825548 -0.007307582858) (0.007378868734 0.004493226745 0.00557328262) (0.008235421742 0.09112367634 -0.08192220985) (0.00584993982 0.02819408556 0.03454533222) (0.002614850265 -0.003009642253 -0.008466912781) (0.001362203211 0.00812243832 0.0179994118) (0.001232425138 0.003569389889 0.008565307996) (2.401413763e-06 0.0009858720761 -0.0001868280366)
0.0014642992      (-0.007879636692 0.06441260528 -0.007176896396) (-0.007591528551 0.004469895743 0.005992941096) (-0.008404266632 0.09231168991 -0.08293566061) (-0.005912761395 0.02856762582 0.03501780743) (-0.002723894831 -0.003134629644 -0.009071441761) (-0.001421995496 0.008148390656 0.01818456376) (-0.001272678806 0.003578973473 0.00864176065) (0.0025784534 0.0631453959 -0.008251242834) (0.002835724802 0.00419255153 0.004935063318) (0.002663689937 0.0932162991 -0.08463369329) (0.002540430998 0.02953182491 0.03861917437) (0.0005923226245 0.002522937037 0.02209470247) (-0.00347768156 0.008926335788 0.007480032778) (-0.001245967976 0.003887918687 0.005733487068) (0.007847819123 0.06465859897 -0.007441217651) (0.00750559582 0.004572895063 0.005667939325) (0.00837766722 0.09271728487 -0.08336591448) (0.005950431702 0.02867423111 0.03514438946) (0.002660411113 -0.003051165602 -0.008583693208) (0.001385991162 0.008267784736 0.01831362072) (0.001253964122 0.003632449915 0.008714492824) (2.445670018e-06 0.001002906021 -0.0001900366254)
0.0014892992      (-0.008013223348 0.06551842114 -0.007305769457) (-0.007719795643 0.004547778822 0.006093494704) (-0.008547010011 0.09389772193 -0.08437199108) (-0.006012566786 0.02904542283 0.03561451838) (-0.002770511916 -0.003177203364 -0.009195783025) (-0.001446388984 0.008291704593 0.018496462) (-0.001294525898 0.00364110686 0.008789644152) (0.002621778308 0.06422961878 -0.00839874529) (0.002883434616 0.004264854264 0.005018258893) (0.002708806414 0.09481181478 -0.08609490108) (0.002583585853 0.03002740513 0.03927661983) (0.0006044686286 0.002564863134 0.02247722654) (-0.003536461044 0.009082190367 0.007607733141) (-0.001267036387 0.003955260007 0.005831829873) (0.007980785155 0.06576914566 -0.007574990944) (0.007632249155 0.004652665064 0.00576250125) (0.008519868774 0.09431100592 -0.08481045223) (0.006050882844 0.02915399603 0.03574356059) (0.002705974595 -0.003092426817 -0.008699589709) (0.001409775628 0.00841323528 0.01862784372) (0.001275503001 0.00369553275 0.008863676669) (2.48883231e-06 0.001019937579 -0.0001932412567)
0.0015142992      (-0.008146817471 0.06662461619 -0.00743483666) (-0.007848052449 0.004625783982 0.006193948527) (-0.008689752741 0.09548420528 -0.08580938816) (-0.006112348975 0.02952293135 0.03621145589) (-0.002817131898 -0.00321948313 -0.00931911741) (-0.001470790215 0.008435150723 0.01880840313) (-0.001316378825 0.003703274984 0.008937545112) (0.002665127845 0.0653142214 -0.008546425596) (0.002931165633 0.004337278037 0.005101365323) (0.00275396 0.09640775688 -0.08755694274) (0.002626749967 0.03052268798 0.03993425142) (0.0006166746132 0.002606823685 0.02285992549) (-0.003595227319 0.009238148297 0.007735441419) (-0.001288099511 0.004022633325 0.005930191055) (0.008113767721 0.06688006851 -0.007708965606) (0.007758903207 0.00473256135 0.00585694968) (0.008662074926 0.09590518069 -0.08625607137) (0.006151308133 0.02963347222 0.03634295918) (0.002751530986 -0.003133410839 -0.008814542934) (0.001433568332 0.008558814288 0.01894210776) (0.001297047664 0.003758649261 0.009012875788) (2.533042455e-06 0.001036966566 -0.0001964480639)
0.0015392992      (-0.008280359415 0.06773096903 -0.007564049867) (-0.007976245695 0.00470389419 0.006294294045) (-0.008832466672 0.09707080163 -0.0872475649) (-0.006212115593 0.03000006539 0.03680849094) (-0.002863735133 -0.003261536068 -0.009441668207) (-0.00149519017 0.008578692211 0.01912033716) (-0.001338231512 0.003765461366 0.009085436683) (0.00270844054 0.06639888547 -0.008694287022) (0.002978846926 0.004409809882 0.005184364576) (0.0027990358 0.09800359343 -0.08901936102) (0.002669888155 0.0310175345 0.04059193856) (0.0006289321206 0.002648795977 0.0232427292) (-0.003653969589 0.009394177597 0.007863133081) (-0.001309153683 0.004090024569 0.006028552328) (0.008246676781 0.06799115593 -0.00784305787) (0.007885485714 0.004812560363 0.005951302579) (0.008804246553 0.09749948103 -0.08770248077) (0.00625172166 0.03011258212 0.03694245697) (0.002797100674 -0.003174142716 -0.008928618192) (0.001457360043 0.008704493486 0.01925635487) (0.0013185937 0.003821785718 0.009162064282) (2.576392475e-06 0.001053992697 -0.0001996511853)
0.0015642992      (-0.008413894681 0.0688377396 -0.007693485393) (-0.008104415081 0.004782150277 0.00639448681) (-0.008975196005 0.09865785388 -0.08868685275) (-0.00631185658 0.03047697331 0.03740573873) (-0.002910348099 -0.003303297313 -0.009563204428) (-0.001519600013 0.008722364389 0.01943229197) (-0.001360091564 0.003827682973 0.009233339744) (0.002751796117 0.06748396882 -0.008842386087) (0.003026548355 0.004482486193 0.005267244597) (0.002844091698 0.09959979488 -0.09048265725) (0.002713025269 0.03151209214 0.04124988735) (0.0006412574576 0.002690809599 0.0236257542) (-0.003712693393 0.009550317081 0.007990838229) (-0.001330199598 0.00415745069 0.006126935767) (0.008379589948 0.06910266534 -0.007977378146) (0.008012056497 0.004892711129 0.006045485839) (0.008946438406 0.09909425636 -0.08915002908) (0.006352107257 0.03059146349 0.03754217153) (0.002842672343 -0.003214600886 -0.009041736408) (0.001481163233 0.008850302359 0.01957063311) (0.001340147509 0.003884957277 0.009311266514) (2.620578433e-06 0.001071016841 -0.0002028560752)
0.0015892992      (-0.008547380773 0.06994471734 -0.007823094974) (-0.008232518417 0.00486053151 0.006494528616) (-0.009117886769 0.1002450423 -0.09012695863) (-0.006411557833 0.03095346923 0.03800307693) (-0.002956962957 -0.003344806495 -0.009683931714) (-0.001544007791 0.008866131362 0.01974424081) (-0.001381951487 0.003889925041 0.009381233315) (0.00279509888 0.06856918611 -0.008990657554) (0.003074192631 0.004555288355 0.005349974259) (0.002889098879 0.1011959912 -0.09194645705) (0.002756142644 0.03200620053 0.04190792288) (0.0006536384648 0.002732831392 0.02400889137) (-0.003771391336 0.009706528974 0.00811852821) (-0.001351235936 0.004224895584 0.006225319655) (0.00851242956 0.0702143739 -0.008111869958) (0.008138552449 0.00497298795 0.00613951254) (0.00908858622 0.1006891659 -0.0905983993) (0.006452456129 0.03106992552 0.03814197613) (0.002888253115 -0.003254814469 -0.009153987616) (0.001504963206 0.00899620792 0.01988489794) (0.001361701686 0.003948149756 0.009460457481) (2.664180913e-06 0.00108803744 -0.0002060578855)
0.0016142992      (-0.00868086638 0.07105215236 -0.007952932053) (-0.008360608101 0.004939063884 0.006594402396) (-0.009260584669 0.1018327103 -0.09156818663) (-0.006511250315 0.03142964222 0.03860064053) (-0.003003589569 -0.003386026615 -0.009803690228) (-0.001568423952 0.009010029426 0.02005623421) (-0.00140381857 0.003952204155 0.009529146835) (0.002838430627 0.06965490368 -0.009139130488) (0.00312185256 0.004628245178 0.005432566593) (0.002934120146 0.1027927094 -0.09341126657) (0.002799263824 0.03250002014 0.042566236) (0.0006660800326 0.002774890922 0.02439222367) (-0.003830079918 0.009862852194 0.008246235631) (-0.001372268967 0.004292376896 0.006323728918) (0.008645275927 0.07132655335 -0.008246611602) (0.008265037146 0.005053422543 0.006233356021) (0.009230753947 0.1022845922 -0.09204793513) (0.006552793832 0.03154807492 0.03874202111) (0.002933833832 -0.003294761113 -0.009265319122) (0.00152877199 0.009142247629 0.0201992235) (0.001383262652 0.004011380864 0.009609674302) (2.708349268e-06 0.001105056686 -0.0002092609964)
0.0016392992      (-0.008814289799 0.07215980808 -0.008082935173) (-0.008488627216 0.005017719387 0.00669410704) (-0.009403229985 0.1034205094 -0.09301022521) (-0.006610906193 0.03190537185 0.03919828898) (-0.003050199405 -0.003426993093 -0.009922605998) (-0.001592832632 0.009154022415 0.02036822318) (-0.001425682901 0.004014504369 0.009677053954) (0.002881707392 0.07074078687 -0.009287791635) (0.003169461123 0.004701330048 0.005514996846) (0.00297910784 0.1043893292 -0.09487663217) (0.002842367911 0.03299337798 0.04322462552) (0.0006785742535 0.002816954349 0.02477564209) (-0.003888745362 0.01001924262 0.008373925248) (-0.001393294364 0.00435987551 0.006422136673) (0.008778047142 0.07243893432 -0.008381529716) (0.008391443973 0.005133982072 0.00632702149) (0.009372865513 0.1038801334 -0.09349827554) (0.006653097291 0.03202577268 0.03934214847) (0.002979413471 -0.003334451346 -0.009375779691) (0.00155257431 0.009288382582 0.02051353469) (0.001404822189 0.004074633218 0.009758882416) (2.7522094e-06 0.001122071556 -0.0002124617149)
0.0016642992      (-0.008947700589 0.07326792943 -0.008213158424) (-0.008616627062 0.005096522923 0.006793632778) (-0.009545872179 0.1050087899 -0.0944533881) (-0.006710551196 0.03238078922 0.03979616384) (-0.003096824513 -0.003467700141 -0.01004061665) (-0.00161724802 0.009298140177 0.0206802562) (-0.001447553687 0.004076840267 0.009824983913) (0.002925008455 0.07182718598 -0.009436678571) (0.003217084787 0.004774564314 0.005597291247) (0.00302411192 0.1059864154 -0.09634301436) (0.002885475618 0.0334864191 0.043883287) (0.0006911213881 0.002859046903 0.02515924172) (-0.003947405762 0.01017574158 0.008501633304) (-0.001414318609 0.004427410026 0.006520570416) (0.008910826415 0.07355179981 -0.008516685953) (0.008517840121 0.005214692819 0.006420499431) (0.009514985463 0.1054761866 -0.09494977503) (0.006753388486 0.03250316898 0.03994251967) (0.003025010053 -0.00337389947 -0.009485386307) (0.001576387944 0.009434645716 0.02082790587) (0.001426389601 0.004137922871 0.009908119743) (2.796360735e-06 0.001139085595 -0.0002156630508)
0.0016892992      (-0.009081046952 0.07437625166 -0.008343556099) (-0.008744556682 0.005175445657 0.006892987121) (-0.009688458956 0.1065971981 -0.0958973359) (-0.006810152131 0.03285578801 0.04039412427) (-0.003143441641 -0.00350815443 -0.01015776933) (-0.001641658812 0.009442344889 0.02099226348) (-0.001469423075 0.004139195206 0.009972902302) (0.002968265258 0.07291375681 -0.009585742761) (0.003264658511 0.004847922556 0.005679423168) (0.003069080529 0.1075835184 -0.09780993758) (0.002928563692 0.03397897027 0.04454200811) (0.0007037336556 0.002901146852 0.0255429334) (-0.00400603612 0.01033230349 0.008629319699) (-0.001435332237 0.004494960265 0.00661899967) (0.009043531167 0.07466487561 -0.008652028135) (0.00864415707 0.005295524362 0.006513796662) (0.009657045491 0.1070723657 -0.0964020634) (0.006853633588 0.03298014221 0.0405429766) (0.003070611206 -0.003413079633 -0.009594104972) (0.001600193889 0.009580994264 0.02114223882) (0.001447954865 0.004201230905 0.01005734027) (2.840418317e-06 0.001156094494 -0.000218862879)
0.0017142992      (-0.009214376489 0.07548500722 -0.008474178392) (-0.008872464192 0.005254508559 0.006992168985) (-0.009831033408 0.1081860699 -0.09734237254) (-0.006909740036 0.03333049338 0.04099230689) (-0.003190069437 -0.003548345882 -0.01027400485) (-0.001666078393 0.009586667283 0.02130430834) (-0.001491299609 0.004201584467 0.01012084047) (0.003011547646 0.07400083247 -0.00973499802) (0.003312241227 0.004921420358 0.005761416639) (0.003114057606 0.1091810626 -0.0992778592) (0.002971651888 0.03447117539 0.04520096693) (0.000716400262 0.002943276048 0.02592678769) (-0.004064662582 0.01048897017 0.008757023334) (-0.001456345305 0.004562545193 0.00671745411) (0.009176219875 0.07577841434 -0.008787612649) (0.008770451506 0.005376499494 0.00660690936) (0.009799095372 0.1086690317 -0.09785546921) (0.00695386484 0.03345682986 0.04114366833) (0.003116207951 -0.003452019829 -0.009701979547) (0.001624009401 0.009727467828 0.02145664359) (0.00146952681 0.004264576467 0.01020659185) (2.884578101e-06 0.00117310299 -0.0002220626005)
0.0017392992      (-0.009347650545 0.07659396826 -0.00860496364) (-0.009000308242 0.005333684782 0.007091180851) (-0.009973564073 0.1097750852 -0.09878821849) (-0.007009289198 0.03380478818 0.04159056865) (-0.003236699932 -0.003588278397 -0.0103893598) (-0.001690494277 0.009731073174 0.02161634304) (-0.001513175094 0.00426399371 0.01026876601) (0.003054766273 0.07508812475 -0.009884371753) (0.003359770568 0.004995030091 0.005843248144) (0.003158991482 0.1107786093 -0.1007464084) (0.003014719186 0.03496290395 0.04585999966) (0.0007291402282 0.002985422484 0.02631075613) (-0.004123255705 0.01064570543 0.008884709857) (-0.001477345252 0.004630148653 0.006815906349) (0.009308842832 0.07689218436 -0.008923374394) (0.008896677178 0.005457592474 0.006699834358) (0.009941099777 0.1102658571 -0.09930971045) (0.007054059022 0.03393310804 0.04174444339) (0.003161815487 -0.003490688557 -0.009808958606) (0.00164782008 0.00987402474 0.02177103035) (0.0014910983 0.004327941082 0.01035582567) (2.928816826e-06 0.001190106121 -0.0002252615395)
0.0017642992      (-0.009480929616 0.07770336046 -0.008735948495) (-0.009128142073 0.005412990019 0.00719002448) (-0.01011611 0.1113645495 -0.100235165) (-0.007108832362 0.0342787719 0.04218904154) (-0.003283338328 -0.003627970305 -0.01050385742) (-0.001714916944 0.009875606504 0.02192846808) (-0.001535056941 0.004326438826 0.01041671851) (0.00309799043 0.07617587387 -0.01003383317) (0.003407306076 0.005068754424 0.005924956381) (0.003203930926 0.1123766265 -0.1022158989) (0.003057788846 0.03545427863 0.04651928044) (0.0007419233902 0.003027595109 0.0266948782) (-0.004181848801 0.0108025452 0.009012415385) (-0.001498346396 0.004697787169 0.00691438521) (0.009441472201 0.07800640594 -0.009059346727) (0.009022892958 0.005538816947 0.006792575727) (0.01008312502 0.1118631414 -0.1007650702) (0.00715424725 0.03440907651 0.04234543709) (0.003207414277 -0.00352912938 -0.009915121656) (0.00167164383 0.0100207153 0.02208552982) (0.001512678053 0.004391344065 0.0105050929) (2.973052167e-06 0.001207109286 -0.0002284596516)
0.0017892992      (-0.009614163912 0.07881298398 -0.008867093687) (-0.009255917334 0.005492402748 0.007288687678) (-0.01025861715 0.112954159 -0.1016829504) (-0.0072083388 0.03475232818 0.04278759287) (-0.003329973609 -0.003667398115 -0.01061745473) (-0.001739336691 0.01002023113 0.02224061832) (-0.00155693843 0.004388906016 0.01056466204) (0.003141174045 0.07726386045 -0.01018340011) (0.00345479946 0.005142579652 0.006006497794) (0.003248850648 0.1139747386 -0.1036860209) (0.003100844211 0.03594518323 0.04717865718) (0.0007547673194 0.003069793173 0.02707912597) (-0.004240411176 0.01095945527 0.009140105748) (-0.001519336369 0.004765445541 0.007012863938) (0.009574043469 0.07912089753 -0.009195491537) (0.009149043519 0.005620155109 0.00688512032) (0.01022511073 0.1134606088 -0.1022213111) (0.007254398332 0.03488462688 0.04294652315) (0.003253021076 -0.003567289786 -0.01002035868) (0.001695462534 0.01016749451 0.02240004656) (0.001534257748 0.004454768789 0.01065434796) (3.017524522e-06 0.00122410696 -0.0002316576084)
0.0018142992      (-0.009747390784 0.07992305501 -0.008998436806) (-0.009383676117 0.005571935608 0.007387180079) (-0.01040112494 0.1145441974 -0.1031318271) (-0.007307831037 0.0352255574 0.04338634545) (-0.003376614826 -0.003706571714 -0.01073017256) (-0.001763767703 0.01016497172 0.02255287635) (-0.00157882849 0.004451408271 0.01071263033) (0.003184356844 0.07835230802 -0.01033313884) (0.003502295998 0.005216518582 0.006087882361) (0.0032937782 0.1155731687 -0.105157047) (0.00314390166 0.03643571046 0.04783824549) (0.0007676486489 0.003112019197 0.02746352045) (-0.004298973572 0.01111646566 0.009267812507) (-0.001540328283 0.004833137631 0.007111367642) (0.009706601037 0.08023581653 -0.009331845465) (0.00927517532 0.005701615938 0.006977465924) (0.01036709749 0.1150584874 -0.1036786356) (0.007354534986 0.0353598443 0.04354780637) (0.003298619886 -0.003605217292 -0.01012478067) (0.001719290689 0.0103143968 0.02271470403) (0.001555844437 0.004518231395 0.0108036378) (3.06192593e-06 0.00124110468 -0.0002348540632)
0.0018392992      (-0.009880572885 0.08103340687 -0.009129952579) (-0.009511382796 0.005651563085 0.007485484159) (-0.0105436001 0.1161344235 -0.1045815807) (-0.007407281446 0.0356983784 0.04398518822) (-0.003423246963 -0.003745478588 -0.01084201252) (-0.001788194897 0.01030980079 0.0228652024) (-0.001600718101 0.004513934964 0.01086059664) (0.003227500529 0.07944105109 -0.01048307297) (0.003549755433 0.005290560023 0.006169081899) (0.003338686819 0.1171716923 -0.1066287415) (0.003186942321 0.03692577599 0.04849793385) (0.0007805875349 0.003154274296 0.02784804837) (-0.004357507343 0.01127355064 0.009395507964) (-0.001561310017 0.004900852184 0.007209873968) (0.009839106622 0.08135102675 -0.009468386096) (0.009401247176 0.005783177507 0.007069601912) (0.0105090504 0.1166565826 -0.1051368706) (0.007454630907 0.03583466136 0.04414918948) (0.0033442263 -0.00364286697 -0.01022829258) (0.00174311308 0.0104613861 0.02302941402) (0.001577430941 0.004581718252 0.01095292022) (3.106547782e-06 0.001258096775 -0.000238051131)
0.0018642992      (-0.01001373772 0.08214419675 -0.009261660423) (-0.009639064635 0.005731293309 0.00758360733) (-0.0106860673 0.1177250497 -0.1060324153) (-0.00750671429 0.0361708688 0.04458421873) (-0.003469879634 -0.003784147524 -0.01095304735) (-0.001812632989 0.01045473475 0.0231776577) (-0.001622615273 0.004576495821 0.01100858939) (0.003270646522 0.08053023661 -0.0106332105) (0.003597212747 0.00536470786 0.006250115198) (0.003383592959 0.1187705688 -0.1081012787) (0.003229982076 0.03741544252 0.04915781998) (0.0007935653877 0.003196545305 0.02823270078) (-0.004416042609 0.01143073159 0.009523218564) (-0.001582294361 0.004968599005 0.007308404049) (0.009971593491 0.08246665341 -0.009605128134) (0.009527290601 0.005864844611 0.007161535946) (0.01065099939 0.1182550641 -0.106596177) (0.007554709961 0.03630914178 0.04475075937) (0.003389815774 -0.003680300461 -0.0103310391) (0.001766947169 0.0106084824 0.02334427142) (0.001599024886 0.004645241336 0.01110223588) (3.151068439e-06 0.001275088766 -0.0002412463484)
0.0018892992      (-0.01014684988 0.08325528837 -0.009393531093) (-0.009766696065 0.005811108941 0.007681534543) (-0.01082849165 0.1193158949 -0.1074841725) (-0.007606105351 0.03664296004 0.04518335527) (-0.003516511742 -0.00382255021 -0.01106319901) (-0.001837066409 0.01059974764 0.02349018342) (-0.001644512142 0.004639082218 0.01115658159) (0.003313766498 0.08161974956 -0.01078354411) (0.003644636865 0.005438953766 0.006330958609) (0.003428479555 0.1203695747 -0.1095745256) (0.003273006002 0.03790466784 0.04981781825) (0.000806610647 0.003238834363 0.02861746964) (-0.004474553612 0.01158798629 0.009650920071) (-0.001603270607 0.005036368413 0.007406938905) (0.01010402269 0.08358259023 -0.009742050626) (0.009653276944 0.005946602043 0.00725325048) (0.01079290653 0.119853788 -0.1080564347) (0.007654747076 0.03678322699 0.04535244538) (0.003435404925 -0.003717478308 -0.01043294241) (0.00179078285 0.01075564753 0.02365919359) (0.001620621304 0.004708789044 0.01125154775) (3.195796015e-06 0.001292075204 -0.0002444426351)
0.0019142992      (-0.01027994004 0.08436678829 -0.009525575691) (-0.009894299571 0.00589100871 0.007779279618) (-0.0109708929 0.1209071123 -0.108936988) (-0.00770547478 0.0371147039 0.04578268191) (-0.003563148164 -0.00386071587 -0.01117253626) (-0.001861512828 0.01074483253 0.02380284424) (-0.001666416572 0.004701701914 0.01130459857) (0.003356883138 0.08270971852 -0.01093406781) (0.003692052194 0.005513290074 0.006411638122) (0.0034733589 0.121968864 -0.1110486442) (0.00331602684 0.03839351333 0.05047801072) (0.0008196901734 0.003281138172 0.02900234597) (-0.004533070407 0.01174533395 0.009778636541) (-0.001624252068 0.005104169362 0.0075054981) (0.01023642858 0.08469893945 -0.009879164853) (0.009779231716 0.006028445419 0.007344770022) (0.01093479169 0.1214528965 -0.1095177684) (0.007754765606 0.03725696784 0.04595433083) (0.003480969509 -0.003754447476 -0.01053408785) (0.001814631571 0.01090287821 0.02397428489) (0.001642225301 0.004772373453 0.01140089676) (3.240470526e-06 0.001309061532 -0.0002476368289)
0.0019392992      (-0.01041298103 0.08547858522 -0.009657795424) (-0.01002185537 0.005970983018 0.007876823958) (-0.01111324702 0.1224985382 -0.1103907311) (-0.00780480533 0.03758604551 0.04638212523) (-0.003609794711 -0.003898621978 -0.01128100697) (-0.001885957125 0.01088992534 0.02411557332) (-0.001688321297 0.004764346018 0.01145261506) (0.003399976142 0.08380002277 -0.01108477618) (0.00373943937 0.005587706296 0.006492130258) (0.00351822606 0.1235683163 -0.1125234805) (0.003359034129 0.03888192444 0.05113831442) (0.0008328340826 0.003323477605 0.02938736966) (-0.004591557353 0.01190275418 0.00990634188) (-0.001645223717 0.005171992958 0.007604061097) (0.01036878521 0.08581561297 -0.010016476) (0.009905132819 0.006110367349 0.007436070901) (0.01107662741 0.1230522367 -0.1109800593) (0.007854744124 0.03773031176 0.04655634285) (0.00352655744 -0.003791150326 -0.01063437229) (0.001838474677 0.01105009856 0.02428941881) (0.001663829046 0.004835981707 0.01155024029) (3.285283729e-06 0.001326042389 -0.0002508321607)
0.0019642992      (-0.01054600639 0.08659080268 -0.009790207265) (-0.01014938405 0.006051030133 0.007974180773) (-0.01125561379 0.1240903388 -0.1118455507) (-0.007904123951 0.03805704698 0.04698176239) (-0.003656434036 -0.003936297768 -0.01138867221) (-0.001910409129 0.01103500764 0.02442838881) (-0.001710231296 0.004827022144 0.01160065402) (0.003443057537 0.08489077658 -0.0112356622) (0.003786816073 0.00566219985 0.006572453441) (0.003563080587 0.1251680936 -0.1139991816) (0.003402037184 0.03936995576 0.05179880765) (0.0008460204594 0.003365840178 0.02977252289) (-0.004650038844 0.01206026239 0.01003405603) (-0.001666196223 0.005239846468 0.007702643844) (0.0105011303 0.08693272443 -0.01015399463) (0.01003100462 0.006192362813 0.007527168454) (0.01121847868 0.1246519571 -0.1124434391) (0.007954712071 0.03820331441 0.04715855287) (0.003572126906 -0.003827635344 -0.0107338718) (0.00186232135 0.01119729989 0.02460463474) (0.001685436637 0.004899624146 0.01169961306) (3.330113259e-06 0.001343022968 -0.000254025389)
0.0019892992      (-0.01067901243 0.08770329349 -0.009922788676) (-0.01027686861 0.006131130553 0.00807134355) (-0.01139801746 0.1256823315 -0.113301285) (-0.008003432541 0.03852766426 0.04758153315) (-0.003703076641 -0.003973748574 -0.01149554723) (-0.001934854568 0.01118003732 0.02474121724) (-0.001732140156 0.004889723362 0.01174869624) (0.003486098535 0.08598168831 -0.0113866548) (0.003834163348 0.005736724627 0.00665260538) (0.003607871005 0.1267680296 -0.1154755236) (0.00344501674 0.03985758488 0.05245945566) (0.000859267046 0.003408229387 0.03015781485) (-0.004708491166 0.01221784105 0.0101617595) (-0.001687159156 0.005307722068 0.007801230642) (0.01063345311 0.08805014982 -0.01029169619) (0.01015682703 0.006274416591 0.007618051716) (0.01136036322 0.1262519008 -0.1139077598) (0.00805467091 0.03867594186 0.04776090745) (0.003617710161 -0.003863889744 -0.0108325323) (0.001886162828 0.01134443534 0.02491983351) (0.001707044545 0.004963290044 0.01184898122) (3.375041526e-06 0.001359998588 -0.0002572195544)
0.0020142992      (-0.01081200372 0.0888162178 -0.01005554635) (-0.01040432049 0.006211291771 0.008168326027) (-0.01154043129 0.1272746966 -0.1147580994) (-0.008102728936 0.03899795319 0.04818150532) (-0.003749712729 -0.004010973727 -0.01160163979) (-0.001959308438 0.01132500795 0.02505407269) (-0.001754055178 0.004952455472 0.01189676243) (0.003529148673 0.08707287838 -0.01153776191) (0.003881502302 0.005811238582 0.006732596293) (0.003652724909 0.1283682611 -0.1169526435) (0.003488015352 0.04034484983 0.05312032707) (0.0008725510056 0.003450639516 0.03054324211) (-0.004766934974 0.01237550593 0.01028947084) (-0.001708121757 0.005375627175 0.007899836619) (0.01076575724 0.08916801826 -0.0104295879) (0.01028261343 0.006356534439 0.00770873187) (0.011502258 0.1278522114 -0.11537315) (0.008154616769 0.0391482363 0.04836345683) (0.003663281254 -0.003899920069 -0.01093036608) (0.001910010364 0.01149150928 0.02523504643) (0.001728657578 0.005026989656 0.01199837548) (3.420188019e-06 0.001376974228 -0.0002604115955)
0.0020392992      (-0.01094495819 0.08992947883 -0.01018850211) (-0.01053172433 0.006291512837 0.008265090721) (-0.01168280296 0.1288672724 -0.1162158447) (-0.008201979048 0.03946784778 0.04878159379) (-0.003796381613 -0.004047943501 -0.0117068986) (-0.001983762171 0.01146988129 0.02536687784) (-0.001775972996 0.005015210166 0.01204482752) (0.003572184712 0.08816448661 -0.01168905618) (0.003928815465 0.00588574433 0.006812373868) (0.003697589657 0.1299687071 -0.1184306053) (0.003531006322 0.04083168483 0.05378133756) (0.0008859249288 0.003493085556 0.03092880668) (-0.004825344862 0.01253323916 0.01041716946) (-0.001729072716 0.005443554245 0.007998445593) (0.0108980096 0.09028626466 -0.01056769692) (0.01040834616 0.006438717993 0.007799178696) (0.01164411091 0.1294527779 -0.1168395107) (0.008254518442 0.03962015148 0.04896614427) (0.003708866693 -0.003935695024 -0.01102732824) (0.001933850984 0.01163847393 0.02555017719) (0.001750270523 0.00509071145 0.01214776173) (3.465232612e-06 0.001393944794 -0.0002636044867)
0.0020642992      (-0.01107788777 0.0910432177 -0.01032164844) (-0.01065909591 0.006371798021 0.008361661845) (-0.01182514055 0.1304602745 -0.1176746805) (-0.008301201057 0.03993742014 0.04938188697) (-0.003843045989 -0.004084658548 -0.01181131994) (-0.002008223684 0.0116146484 0.02567963219) (-0.001797897298 0.005077993664 0.01219290593) (0.003615223487 0.08925667667 -0.01184056744) (0.00397612135 0.005960245328 0.006891939718) (0.003742448185 0.1315694724 -0.1199095772) (0.003573992355 0.04131812641 0.05444254815) (0.000899372421 0.00353557552 0.03131450032) (-0.004883751435 0.01269106 0.01054487987) (-0.001750025171 0.005511512098 0.008097076282) (0.01103023046 0.09140495683 -0.01070601206) (0.0105340461 0.006520967471 0.007889410754) (0.01178593259 0.1310537436 -0.1183069417) (0.008354390416 0.0400917336 0.04956902342) (0.003754444018 -0.003971257145 -0.01112353385) (0.00195769927 0.01178533664 0.02586528637) (0.001771889595 0.005154467493 0.01229717693) (3.510588544e-06 0.001410914343 -0.0002667957302)
0.0020892992      (-0.01121076985 0.0921572733 -0.01045497761) (-0.01078642528 0.006452126412 0.008458008753) (-0.01196741906 0.132053486 -0.1191344228) (-0.008400372346 0.04040659565 0.04998228969) (-0.003889718709 -0.004121104676 -0.01191486997) (-0.002032682801 0.0117592813 0.0259922834) (-0.001819823141 0.00514079955 0.01234097842) (0.003658241504 0.09034938857 -0.01199230203) (0.004023395379 0.006034734081 0.006971284135) (0.003787292238 0.1331704193 -0.1213894709) (0.003616957364 0.04180413 0.05510391341) (0.0009129140201 0.003578101683 0.03170037056) (-0.004942120622 0.01284895196 0.01067258076) (-0.001770964401 0.005579493078 0.008195711286) (0.0111623983 0.09252402976 -0.01084452292) (0.01065969417 0.006603263655 0.007979412938) (0.01192769713 0.1326550184 -0.1197753724) (0.008454214762 0.0405629469 0.0501720556) (0.003800041071 -0.004006530259 -0.01121880523) (0.001981542913 0.01193205911 0.02618027234) (0.001793510093 0.005218245483 0.01244658007) (3.555713677e-06 0.001427878736 -0.000269987618)
0.0021142992      (-0.01134361978 0.09327184235 -0.01058847974) (-0.01091372318 0.00653249416 0.008554177028) (-0.01210966202 0.133647161 -0.1205953093) (-0.008499514227 0.04087545844 0.05058291336) (-0.003936396314 -0.004157280933 -0.01201753499) (-0.002057146934 0.01190379633 0.0263048761) (-0.001841754916 0.005203636705 0.01248906612) (0.003701253799 0.0914426703 -0.01214426384) (0.004070664221 0.00610921237 0.007050403608) (0.003832129104 0.1347716538 -0.1228703359) (0.003659917243 0.04228973461 0.05576545024) (0.0009265184059 0.003620635479 0.0320863708) (-0.005000482069 0.01300692991 0.01080029161) (-0.001791903632 0.005647504572 0.00829436692) (0.01129453226 0.09364353683 -0.01098323267) (0.01078530837 0.006685603446 0.008069186844) (0.01206942179 0.134256664 -0.121244882) (0.008554004052 0.04103381187 0.05077527308) (0.0038456417 -0.00404156259 -0.01131327318) (0.002005392232 0.01207866638 0.02649523561) (0.001815136548 0.005282056794 0.01259600964) (3.6013346e-06 0.001444841928 -0.000273178127)
0.0021392992      (-0.01147642176 0.09438671145 -0.01072218099) (-0.01104097363 0.006612889925 0.008650117078) (-0.01225185601 0.1352409957 -0.1220570889) (-0.008598614194 0.04134390734 0.05118363432) (-0.003983076039 -0.004193201732 -0.01211937288) (-0.002081607799 0.01204817235 0.02661738518) (-0.00186368771 0.005266496595 0.01263715062) (0.0037442234 0.09253644385 -0.01229641739) (0.004117894313 0.006183658149 0.007129317701) (0.00387693535 0.1363731141 -0.1243520946) (0.003702852586 0.04277497931 0.05642704115) (0.000940202955 0.003663197861 0.03247254276) (-0.005058809733 0.01316497941 0.0109279945) (-0.00181283191 0.00571553994 0.00839302879) (0.01142661558 0.09476343769 -0.01112214162) (0.01091086625 0.006767974763 0.008158744146) (0.01221109876 0.1358586004 -0.1227154045) (0.008653755708 0.04150430374 0.05137864612) (0.003891270708 -0.00407631355 -0.01140683156) (0.002029238879 0.01222513264 0.02681010302) (0.001836765104 0.005345891019 0.012745432) (3.646629257e-06 0.001461800198 -0.0002763691486)
0.0021642992      (-0.01160919701 0.09550209236 -0.01085606157) (-0.01116819579 0.006693315399 0.008745884456) (-0.01239403901 0.1368352923 -0.1235200304) (-0.008697690512 0.04181204579 0.05178460121) (-0.004029746579 -0.004228869521 -0.01222036563) (-0.002106074561 0.01219242777 0.02692985395) (-0.001885626574 0.005329387335 0.0127852509) (0.003787184131 0.09363066678 -0.01244875516) (0.004165125555 0.006258064436 0.007208029141) (0.003921734554 0.1379748277 -0.125834754) (0.003745784723 0.0432597564 0.05708885166) (0.0009539615496 0.003705799375 0.03285886312) (-0.005117129479 0.01332311642 0.01105570822) (-0.001833760825 0.005783607269 0.008491712467) (0.01155867845 0.09588375878 -0.0112612467) (0.0110363958 0.006850378493 0.008248080057) (0.01235276273 0.137460868 -0.1241869927) (0.008753478958 0.04197444081 0.05198221062) (0.003936906928 -0.004110842075 -0.0114995861) (0.002053092047 0.01237148528 0.02712496791) (0.001858399852 0.005409759891 0.01289488297) (3.692426489e-06 0.0014787573 -0.000279559023)
0.0021892992      (-0.01174193991 0.09661773641 -0.0109901207) (-0.01129537939 0.006773758338 0.008841424991) (-0.01253619993 0.1384297183 -0.1249838567) (-0.008796718063 0.04227975884 0.05238568421) (-0.004076416785 -0.004264296545 -0.01232056591) (-0.002130540044 0.0123365417 0.02724226224) (-0.001907567175 0.00539230027 0.01293334933) (0.003830106171 0.09472526356 -0.01260124234) (0.004212317825 0.00633241943 0.007286561537) (0.00396651461 0.1395767321 -0.1273182471) (0.003788696034 0.04374397755 0.05775089565) (0.0009678406822 0.003748454087 0.03324533662) (-0.005175415847 0.01348132033 0.01118341181) (-0.001854679009 0.005851697079 0.008590401395) (0.01169070855 0.09700448956 -0.01140052348) (0.01116187831 0.006932800819 0.008337212673) (0.01249440927 0.1390634345 -0.125659618) (0.008853159232 0.04244420705 0.05258595874) (0.003982564797 -0.004145109404 -0.01159149396) (0.002076944376 0.01251769212 0.02743975841) (0.001880037201 0.005473650201 0.01304432586) (3.73791046e-06 0.00149570971 -0.0002827491869)
0.0022142992      (-0.01187466761 0.09773390183 -0.01112435095) (-0.01142253589 0.006854219074 0.008936806108) (-0.01267836589 0.1400246209 -0.1264488615) (-0.008895721973 0.04274716229 0.05298702756) (-0.004123070261 -0.004299472407 -0.01241993513) (-0.002155005796 0.01248053693 0.02755466688) (-0.001929511297 0.005455245268 0.01308146924) (0.003873030046 0.09582025801 -0.01275390327) (0.004259511938 0.006406730167 0.007364901006) (0.004011302528 0.1411788926 -0.1288026089) (0.003831609849 0.04422765561 0.05841319821) (0.0009817762545 0.003791122135 0.03363196151) (-0.005233687576 0.01363960788 0.01131112188) (-0.001875595297 0.005919817541 0.008689109281) (0.01182272018 0.09812564406 -0.01154000196) (0.01128733321 0.007015244449 0.008426125016) (0.01263605806 0.1406663188 -0.1271333019) (0.008952810335 0.04291360818 0.0531899065) (0.00402822428 -0.004179136066 -0.01168258465) (0.002100799873 0.01266378176 0.02775455411) (0.001901679414 0.005537573639 0.01319379223) (3.783833597e-06 0.001512660891 -0.0002859383839)
0.0022392992      (-0.01200735858 0.09885030125 -0.01125875611) (-0.01154964696 0.006934685722 0.0090319641) (-0.01282050259 0.1416196012 -0.1279147122) (-0.008994683396 0.04321412211 0.053588474) (-0.004169714805 -0.004334394137 -0.0125184877) (-0.002179470883 0.01262437952 0.02786703362) (-0.001951456527 0.005518212758 0.01322958839) (0.003915917176 0.0969156294 -0.01290670521) (0.004306662158 0.006480986287 0.007443076465) (0.004056065631 0.1427812674 -0.1302878077) (0.003874504562 0.04471083447 0.05907569167) (0.0009957754117 0.003833798528 0.03401873134) (-0.005291929306 0.01379796283 0.01143882335) (-0.001896503459 0.005987961253 0.008787823905) (0.01195468653 0.09924720988 -0.01167965196) (0.01141273435 0.007097696016 0.008514851334) (0.01277767881 0.1422694974 -0.1286080182) (0.009052425349 0.04338263136 0.05379404633) (0.00407390069 -0.004212897592 -0.0117728068) (0.002124659177 0.01280968826 0.02806931085) (0.001923324808 0.005601520311 0.01334325478) (3.829451545e-06 0.001529607452 -0.0002891277009)
0.0022642992      (-0.0121400295 0.09996724491 -0.01139332238) (-0.01167672603 0.00701516401 0.009126974099) (-0.01296263378 0.1432150943 -0.1293817623) (-0.009093628528 0.04368077696 0.05419019468) (-0.004216370149 -0.004369068741 -0.01261620585) (-0.002203944781 0.01276804673 0.02817942372) (-0.001973407957 0.005581211409 0.01337772829) (0.00395881298 0.09801141172 -0.0130596879) (0.004353815867 0.006555198183 0.007521053769) (0.004100842393 0.144383879 -0.1317739077) (0.003917401973 0.04519354973 0.0597383811) (0.001009821164 0.003876476449 0.0344056181) (-0.00535016103 0.01395639771 0.01156653084) (-0.001917411912 0.006056134822 0.008886557938) (0.01208662809 0.1003691696 -0.01181949989) (0.01153810277 0.007180162451 0.008603359794) (0.01291928985 0.1438729836 -0.1300837729) (0.009152015894 0.04385127715 0.05439838794) (0.004119571333 -0.004246443805 -0.01186226961) (0.002148524164 0.01295537785 0.0283841046) (0.001944974465 0.00566550042 0.01349274588) (3.87545349e-06 0.001546552748 -0.0002923161986)
0.0022892992      (-0.012272668 0.1010844225 -0.01152805958) (-0.01180375974 0.007095641108 0.009221764866) (-0.01310474168 0.1448106401 -0.1308496395) (-0.009192535836 0.04414697682 0.0547920151) (-0.004263020097 -0.004403489606 -0.01271308879) (-0.002228423079 0.012911441 0.0284917789) (-0.001995361681 0.005644232663 0.01352586794) (0.004001661849 0.09910760019 -0.01321279566) (0.004400915487 0.006629355502 0.007598878584) (0.004145587383 0.14598672 -0.1332608865) (0.003960279695 0.04567579681 0.06040125038) (0.001023923778 0.003919165255 0.03479260619) (-0.005408369125 0.01411489539 0.01169422863) (-0.001938315243 0.006124330504 0.008985298966) (0.01221852481 0.1014915483 -0.01195951302) (0.01166341521 0.007262630492 0.008691693215) (0.01306087825 0.1454767777 -0.1315605775) (0.009251573453 0.04431954367 0.05500293211) (0.004165245754 -0.004279740632 -0.01195090702) (0.002172394059 0.01310077855 0.02869885773) (0.001966627268 0.005729504009 0.01364223709) (3.921227238e-06 0.001563493467 -0.0002955047394)
0.0023142992      (-0.01240528896 0.1022022156 -0.01166296244) (-0.01193076322 0.007176126176 0.009316418487) (-0.01324684327 0.1464067227 -0.1323187713) (-0.009291427886 0.04461287632 0.0553941259) (-0.004309683037 -0.004437691585 -0.01280920426) (-0.002252908981 0.01305455923 0.02880414651) (-0.002017321034 0.005707285713 0.01367403234) (0.0040445196 0.1002042057 -0.01336608067) (0.004448026845 0.006703465988 0.007676502838) (0.004190349754 0.1475898124 -0.1347487768) (0.00400316051 0.04615758373 0.06106430968) (0.001038077341 0.003961868851 0.03517970962) (-0.005466564872 0.01427347017 0.01182193022) (-0.001959218185 0.006192555461 0.00908405843) (0.01235040162 0.1026143319 -0.0120997277) (0.01178869529 0.007345109967 0.008779805236) (0.01320245283 0.1470808445 -0.1330384286) (0.009351108006 0.04478742142 0.05560766661) (0.004210917805 -0.004312815101 -0.01203877831) (0.002196268643 0.01324589708 0.02901362787) (0.001988284256 0.005793540107 0.01379175473) (3.967389924e-06 0.001580432814 -0.0002986927412)
0.0023392992      (-0.01253786926 0.1033202495 -0.01179804087) (-0.01205771929 0.007256605913 0.009410852328) (-0.01338891003 0.1480028274 -0.133788723) (-0.009390281211 0.04507830215 0.05599632805) (-0.004356343245 -0.004471672692 -0.01290456821) (-0.002277400446 0.0131973771 0.02911648567) (-0.002039283376 0.005770361568 0.01382220221) (0.004087334916 0.1013012442 -0.01351948962) (0.004495090147 0.006777512608 0.007753987964) (0.00423507706 0.1491931513 -0.1362375759) (0.004046019369 0.04663891093 0.06172756456) (0.001052282177 0.004004598066 0.03556693394) (-0.005524736555 0.01443210866 0.01194962254) (-0.001980116414 0.006260803364 0.009182825581) (0.01248223889 0.1037375695 -0.01224009131) (0.01191392101 0.007427585873 0.008867755897) (0.01334399883 0.1486852294 -0.1345173533) (0.00945061134 0.04525492037 0.05621260755) (0.004256600101 -0.004345631863 -0.01212581134) (0.002220145785 0.01339074133 0.02932832456) (0.002009943647 0.005857600916 0.01394127491) (4.013256638e-06 0.001597367823 -0.0003018805196)
0.0023642992      (-0.0126704202 0.104438907 -0.01193328293) (-0.01218464191 0.007337088945 0.009505156525) (-0.01353096928 0.1495994902 -0.1352599495) (-0.009489118185 0.04554342859 0.0565988255) (-0.004403020019 -0.004505382522 -0.01299905256) (-0.002301897435 0.0133399601 0.02942875629) (-0.002061251155 0.005833468547 0.01397038847) (0.004130168436 0.1023986927 -0.01367308672) (0.004542168125 0.006851501213 0.007831263421) (0.004279823968 0.1507966892 -0.1377272832) (0.00408888216 0.04711976479 0.06239100904) (0.001066544462 0.004047351162 0.03595429369) (-0.005582890967 0.01459082428 0.01207731728) (-0.002001012127 0.006329081021 0.009281610381) (0.0126140455 0.1048612079 -0.01238064552) (0.01203911251 0.007510068281 0.008955479652) (0.01348553375 0.1502898645 -0.1359973123) (0.009550089818 0.04572202091 0.05681772944) (0.00430228384 -0.004378214946 -0.01221206564) (0.002244024572 0.01353535965 0.02964296588) (0.002031606951 0.005921693776 0.01409081833) (4.059482042e-06 0.001614301097 -0.000305068018)
0.0023892992      (-0.01280293374 0.1055577904 -0.0120686943) (-0.01231152141 0.007417561139 0.009599242713) (-0.01367299439 0.1511961778 -0.1367320066) (-0.009587916564 0.04600808046 0.05720141321) (-0.00444970033 -0.004538875867 -0.01309281936) (-0.002326394388 0.01348231169 0.02974094419) (-0.002083221076 0.005896599346 0.01411858552) (0.004172961165 0.1034966193 -0.01382680182) (0.004589188321 0.006925422239 0.007908403423) (0.004324537483 0.1524005151 -0.1392179614) (0.004131723139 0.04760015821 0.06305467484) (0.001080861973 0.004090131177 0.03634176243) (-0.005641021407 0.01474960166 0.01220500185) (-0.002021903764 0.006397381446 0.00938040322) (0.01274581305 0.1059853383 -0.01252134541) (0.01216424818 0.007592543731 0.009043046855) (0.01362704103 0.1518948634 -0.1374783942) (0.009649538912 0.04618875358 0.05742307341) (0.004347964353 -0.004410549138 -0.0122975106) (0.002267903128 0.0136797512 0.02995750223) (0.002053272485 0.005985811925 0.01424036716) (4.105432917e-06 0.001631230335 -0.0003082551848)
0.0024142992      (-0.01293542369 0.1066772824 -0.01220425699) (-0.01243836773 0.007498030632 0.009693204821) (-0.01381500118 0.1527934103 -0.138205329) (-0.009686694895 0.04647242702 0.05780429369) (-0.004496394091 -0.004572104916 -0.01318572598) (-0.00235089575 0.01362445703 0.0300530565) (-0.00210519635 0.005959761353 0.01426680191) (0.0042157755 0.1045949743 -0.01398068186) (0.004636225998 0.006999277431 0.007985339313) (0.004369271248 0.1540045426 -0.1407095714) (0.004174566896 0.04808006313 0.06371852838) (0.001095220257 0.004132940613 0.03672935106) (-0.005699139734 0.01490845531 0.01233268967) (-0.002042796289 0.006465711953 0.009479214881) (0.01287754923 0.107109862 -0.01266224334) (0.01228935352 0.007675021288 0.009130386313) (0.0137685251 0.1535000923 -0.1389604945) (0.009748958412 0.04665507864 0.05802859474) (0.004393634316 -0.004442653739 -0.01238217499) (0.002291781521 0.01382394377 0.03027199324) (0.002074941445 0.006049964254 0.01438994592) (4.151812856e-06 0.001648157375 -0.0003114424064)
0.0024392992      (-0.0130678791 0.1077970148 -0.01233998172) (-0.01256517423 0.007578487103 0.00978695333) (-0.01395696748 0.1543906901 -0.1396794982) (-0.009785433244 0.0469363051 0.05840727961) (-0.00454310859 -0.004605092996 -0.0132778496) (-0.002375395394 0.01376638532 0.03036507679) (-0.002127173637 0.006022947008 0.01441502557) (0.004258546681 0.1056938465 -0.01413466565) (0.004683211519 0.007073060771 0.008062143241) (0.004413961023 0.1556088715 -0.1422022081) (0.004217386487 0.04855951319 0.06438261627) (0.001109627523 0.004175781185 0.03711705318) (-0.005757239036 0.01506737395 0.0124603721) (-0.0020636875 0.006534067346 0.009578038147) (0.01300924695 0.1082348895 -0.01280328015) (0.01241440374 0.007757488366 0.009217576972) (0.01390997619 0.1551057013 -0.1404437282) (0.009848347628 0.04712103722 0.05863434738) (0.004439290059 -0.004474513256 -0.01246601658) (0.002315660988 0.01396794451 0.03058639987) (0.002096612728 0.006114144869 0.01453953844) (4.197945498e-06 0.001665080837 -0.0003146290145)
0.0024642992      (-0.01320030666 0.1089173301 -0.01247584698) (-0.01269194239 0.007658935967 0.009880579224) (-0.01409891859 0.1559884703 -0.1411549013) (-0.009884153717 0.04739986291 0.05901054658) (-0.004589832276 -0.004637831376 -0.01336916661) (-0.002399891377 0.01390815268 0.03067703121) (-0.002149152381 0.006086162532 0.0145632702) (0.004301334239 0.1067931215 -0.01428881744) (0.004730209538 0.007146781031 0.008138758096) (0.004458649561 0.1572133675 -0.1436957458) (0.00426020984 0.04903850821 0.0650469163) (0.001124084129 0.004218647158 0.03750486014) (-0.005815324678 0.01522636206 0.0125880543) (-0.002084579042 0.006602450532 0.009676877056) (0.01314091027 0.1093602798 -0.01294450029) (0.01253941644 0.007839952664 0.009304548169) (0.01405141181 0.156711506 -0.1419279583) (0.00994771106 0.0475865769 0.05924027107) (0.004484942692 -0.00450612278 -0.01254909301) (0.002339535955 0.01411180444 0.03090075929) (0.002118285449 0.006178356425 0.01468915829) (4.244440083e-06 0.001682001572 -0.0003178159045)
0.0024892992      (-0.01333270001 0.1100379112 -0.01261185814) (-0.0128186655 0.007739369347 0.009974005405) (-0.01424084257 0.1575863061 -0.1426311669) (-0.009982848198 0.0478629537 0.05961392901) (-0.004636554268 -0.004670323771 -0.01345970114) (-0.002424391996 0.01404977659 0.03098890449) (-0.002171135588 0.006149402054 0.01471152696) (0.004344075046 0.1078928738 -0.01444310808) (0.004777151201 0.007220433363 0.00821525546) (0.004503277374 0.1588182115 -0.1451902421) (0.004303013235 0.04951716284 0.0657115423) (0.001138592758 0.004261541305 0.03789276416) (-0.005873392671 0.01538541023 0.01271573019) (-0.002105469558 0.006670856999 0.009775727119) (0.01327252864 0.1104861771 -0.01308585557) (0.0126643709 0.007922406066 0.009391382029) (0.0141928246 0.1583176927 -0.1434133336) (0.01004705947 0.04805175091 0.05984643344) (0.00453058626 -0.004537443245 -0.01263133333) (0.00236340909 0.01425552915 0.03121503857) (0.00213996025 0.006242593766 0.01483879221) (4.290706858e-06 0.00169891958 -0.0003210017874)
0.0025142992      (-0.01346505577 0.1111590654 -0.0127479937) (-0.01294534242 0.007819795691 0.01006731189) (-0.0143827403 0.1591846004 -0.1441086365) (-0.01008153077 0.04832570217 0.06021757237) (-0.004683276566 -0.004702536354 -0.01354935871) (-0.002448888855 0.01419127488 0.03130069274) (-0.002193120462 0.006212668677 0.01485979514) (0.004386825337 0.1089930245 -0.01459758444) (0.004824093873 0.007294020478 0.008291552776) (0.00454792099 0.1604232519 -0.146685634) (0.004345816038 0.04999541948 0.06637642337) (0.001153165324 0.004304464102 0.03828076523) (-0.005931440077 0.01554452057 0.01284340071) (-0.002126356536 0.00673928822 0.00987458911) (0.01340410478 0.1116124383 -0.01322738818) (0.01278928211 0.008004859582 0.009478000388) (0.01433421125 0.1599240669 -0.1448997052) (0.01014638986 0.04851649474 0.06045275816) (0.004576212783 -0.004568492809 -0.01271272878) (0.002387286214 0.01439912851 0.03152923976) (0.002161639428 0.006306858046 0.01498843828) (4.337375148e-06 0.001715834563 -0.0003241879709)
0.0025392992      (-0.01359737546 0.1122805389 -0.01288427318) (-0.01307198169 0.007900211399 0.01016043475) (-0.01452460278 0.1607830102 -0.1455870249) (-0.01018019305 0.04878800587 0.06082135672) (-0.00472999745 -0.004734514689 -0.01363825563) (-0.002473389459 0.0143326531 0.03161242251) (-0.002215110053 0.00627596174 0.01500808181) (0.004429528448 0.1100937262 -0.01475218531) (0.004870981866 0.007367538435 0.008367730327) (0.004592521827 0.1620286674 -0.1481821063) (0.004388598393 0.0504733032 0.0670416246) (0.001167786147 0.004347420868 0.03866887056) (-0.005989470945 0.01570369498 0.01297106779) (-0.002147242655 0.00680774518 0.009973465061) (0.01353564165 0.1127392389 -0.01336907451) (0.0129141391 0.008087307513 0.009564482569) (0.01447556834 0.1615308557 -0.1463872526) (0.01024570693 0.0489808891 0.06105934164) (0.00462183371 -0.004599285155 -0.01279330061) (0.002411166899 0.01454261088 0.03184337345) (0.002183322979 0.006371150576 0.01513810131) (4.383884943e-06 0.001732747145 -0.0003273730818)
0.0025642992      (-0.01372965061 0.1134025578 -0.01302072687) (-0.01319857305 0.007980618531 0.01025343439) (-0.01466643408 0.1623818329 -0.1470665765) (-0.01027883535 0.0492499636 0.06142540166) (-0.004776731376 -0.004766217094 -0.0137262913) (-0.00249788368 0.01447391846 0.03192408224) (-0.002237100588 0.006339283375 0.01515638281) (0.00447224944 0.1111948332 -0.01490695003) (0.004917878944 0.007440990642 0.008443722039) (0.004637143808 0.1636342276 -0.1496794952) (0.004431377757 0.05095071862 0.06770704478) (0.001182461959 0.004390414173 0.03905707667) (-0.006047482968 0.01586293254 0.01309872809) (-0.002168127496 0.006876227983 0.01007235337) (0.01366713728 0.1138663891 -0.01351096052) (0.01303895006 0.008169752309 0.009650756873) (0.01461689299 0.1631377938 -0.1478757583) (0.01034499839 0.0494448526 0.06166609025) (0.00466745353 -0.004629833223 -0.01287309732) (0.002435046322 0.01468598037 0.03215745445) (0.002205009426 0.006435471979 0.01528778378) (4.430719414e-06 0.001749656063 -0.0003305587851)
0.0025892992      (-0.01386188708 0.1145249223 -0.01315736357) (-0.01332513065 0.008061014213 0.01034625643) (-0.01480823241 0.1639808056 -0.1485470872) (-0.01037745368 0.04971148754 0.06202961199) (-0.004823470926 -0.004797629956 -0.01381344732) (-0.002522381601 0.01461507548 0.03223567349) (-0.002259095939 0.0064026338 0.01530469794) (0.004514925437 0.1122965268 -0.01506183716) (0.004964728553 0.007514368489 0.008519594908) (0.004681727511 0.1652401855 -0.1511780177) (0.004474137813 0.05142772256 0.06837278177) (0.001197191358 0.004433475203 0.03944546346) (-0.006105471311 0.01602224246 0.01322638809) (-0.002189009101 0.006944740352 0.01017125888) (0.01379858915 0.1149941176 -0.01365300028) (0.01316371229 0.008252186556 0.009736903278) (0.0147581896 0.1647451869 -0.1493654794) (0.01044427495 0.04990847582 0.06227311711) (0.004713066861 -0.004660087927 -0.0129519871) (0.002458931171 0.01482924816 0.03247147431) (0.002226701598 0.006499824629 0.01543748371) (4.477431658e-06 0.001766562838 -0.0003337434577)
0.0026142992      (-0.01399408251 0.1156478097 -0.01329415238) (-0.01345164539 0.008141377671 0.01043895757) (-0.01494999364 0.1655801629 -0.1500287531) (-0.01047605054 0.05017266098 0.06263407961) (-0.004870208028 -0.004828777116 -0.01389975987) (-0.002546875438 0.01475612852 0.03254721082) (-0.002281092631 0.00646601269 0.01545302903) (0.0045576101 0.1133986217 -0.01521689936) (0.005011581291 0.007587660915 0.008595269739) (0.004726333537 0.1668462385 -0.1526774349) (0.004516893605 0.05190421407 0.06903871719) (0.00121195523 0.004476540218 0.03983392655) (-0.006163438641 0.01618161151 0.01335403807) (-0.002209889086 0.007013277752 0.0102701749) (0.01392999688 0.1161221889 -0.01379522574) (0.01328842797 0.00833459215 0.00982283379) (0.01489944686 0.1663527198 -0.1508561562) (0.01054352099 0.05037167033 0.0628803131) (0.004758672338 -0.004690094708 -0.01303010334) (0.002482813771 0.01497241136 0.03278545141) (0.002248395752 0.006564205321 0.01558720196) (4.524419566e-06 0.001783465458 -0.00033692889)
0.0026392992      (-0.01412624755 0.1167710856 -0.01343111436) (-0.01357813049 0.008221704766 0.01053147437) (-0.01509173181 0.1671797266 -0.1515114335) (-0.01057461863 0.05063344259 0.06323874691) (-0.004916934131 -0.004859624692 -0.01398510823) (-0.002571378602 0.01489708458 0.03285868557) (-0.002303096747 0.006529421306 0.01560137418) (0.004600242138 0.1145013239 -0.01537209958) (0.005058379526 0.007660867756 0.008670817335) (0.004770900943 0.168452586 -0.1541780099) (0.004559628185 0.05238025568 0.06970496512) (0.001226696321 0.004519545895 0.04022247147) (-0.006221381909 0.01634105204 0.01348168953) (-0.002230765571 0.007081845143 0.01036910938) (0.01406135753 0.1172508658 -0.01393762701) (0.01341309885 0.008416966336 0.009908619319) (0.01504068374 0.1679607444 -0.152348091) (0.01064273966 0.05083455693 0.06348781395) (0.00480426887 -0.004719787723 -0.01310728955) (0.002506702818 0.01511548137 0.0330993751) (0.002270096336 0.006628617773 0.01573693837) (4.57132974e-06 0.001800366321 -0.0003401132172)
0.0026642992      (-0.0142583771 0.1178948759 -0.0135682147) (-0.01370457154 0.00830198829 0.01062386163) (-0.01523345118 0.168779646 -0.1529952627) (-0.0106731388 0.05109386627 0.06384366607) (-0.004963673086 -0.004890243772 -0.01406972447) (-0.002595874924 0.01503794141 0.03317013146) (-0.002325100883 0.006592857488 0.01574974185) (0.004642879474 0.1156044149 -0.01552745596) (0.005105184358 0.007733983976 0.008746177688) (0.004815492065 0.1700588178 -0.1556794805) (0.004602357774 0.05285571974 0.07037138362) (0.001241463702 0.004562522662 0.04061105652) (-0.006279302657 0.01650054632 0.01360932924) (-0.002251640197 0.007150436365 0.01046805338) (0.01419269873 0.1183798737 -0.01408020398) (0.01353772278 0.00849930272 0.009994195295) (0.01518190379 0.169568888 -0.1538409959) (0.01074190419 0.05129700293 0.06409547901) (0.004849864728 -0.004749209005 -0.01318371895) (0.002530591823 0.01525843225 0.03341325778) (0.002291799735 0.006693056219 0.01588668952) (4.618480312e-06 0.001817262713 -0.0003432983046)
0.0026892992      (-0.01439048848 0.1190190858 -0.01370546541) (-0.01383098871 0.008382231561 0.01071607427) (-0.01537516241 0.1703797835 -0.1544801609) (-0.01077162557 0.05155387986 0.06444878879) (-0.005010421745 -0.004920581764 -0.01415349757) (-0.002620375884 0.01517868293 0.03348155097) (-0.002347111077 0.006656323658 0.01589813223) (0.004685448976 0.1167081192 -0.01568293115) (0.005151940112 0.00780701419 0.008821426495) (0.004860033946 0.1716652433 -0.1571821344) (0.004645070126 0.0533307021 0.07103811247) (0.001256262343 0.004605540836 0.04099980765) (-0.006337199022 0.01666011452 0.0137369705) (-0.002272512924 0.007219059148 0.01056701825) (0.01432400297 0.1195095127 -0.01422295035) (0.01366230577 0.008581604603 0.01007963652) (0.01532311795 0.1711775263 -0.1553352104) (0.01084104464 0.05175912241 0.06470345055) (0.004895466211 -0.00477834571 -0.01325918554) (0.002554483213 0.01540125574 0.03372714361) (0.00231350755 0.006757528889 0.01603646501) (4.665579942e-06 0.001834157535 -0.0003464823194)
0.0027142992      (-0.01452256664 0.1201438002 -0.01384283831) (-0.01395736501 0.008462428553 0.01080816201) (-0.01551685442 0.1719802453 -0.1559662237) (-0.01087007768 0.05201351955 0.06505415526) (-0.005057185542 -0.004950628302 -0.01423644057) (-0.002644875452 0.01531927692 0.03379298114) (-0.002369122458 0.006719816937 0.01604653745) (0.004728018378 0.1178122025 -0.01583850032) (0.005198697468 0.007879948054 0.008896504008) (0.004904597316 0.1732715289 -0.1586857193) (0.004687778354 0.05380509527 0.07170501564) (0.001271096486 0.004648587068 0.04138866978) (-0.006395065082 0.01681973876 0.01386459594) (-0.002293381266 0.007287706041 0.01066599146) (0.01445528754 0.120639482 -0.01436586061) (0.01378684494 0.008663866959 0.01016487359) (0.01546432205 0.172786267 -0.1568304081) (0.0109401406 0.05222079409 0.06531158761) (0.004941067968 -0.004807224542 -0.01333374692) (0.002578370341 0.01554392125 0.03404104694) (0.002335215479 0.00682202845 0.01618625057) (4.712874479e-06 0.001851047676 -0.0003496671592)
0.0027392992      (-0.01465462499 0.121268959 -0.0139803677) (-0.01408371568 0.008542586435 0.01090007918) (-0.01565853592 0.1735809461 -0.1574533954) (-0.01096849743 0.05247275759 0.06565974135) (-0.00510396767 -0.004980437998 -0.01431850528) (-0.002669376093 0.0154597256 0.03410445804) (-0.002391137409 0.006783341778 0.01619496557) (0.004770553085 0.1189169067 -0.01599415861) (0.005245408649 0.007952795158 0.008971469679) (0.004949124898 0.1748780164 -0.1601905194) (0.004730473006 0.0542790079 0.0723722457) (0.001285874768 0.004691517352 0.04177760162) (-0.006452904878 0.01697943749 0.01399222076) (-0.002314246304 0.007356384856 0.01076498508) (0.01458653939 0.1217700874 -0.01450892168) (0.01391134206 0.008746097183 0.01024997495) (0.0156055203 0.1743955004 -0.1583269185) (0.01103921005 0.05268213781 0.065920038) (0.004986692503 -0.004835825853 -0.01340738109) (0.002602260487 0.01568644721 0.03435500292) (0.002356927844 0.006886561716 0.01633605962) (4.760223395e-06 0.001867936469 -0.0003528508771)
0.0027642992      (-0.01478664501 0.1223946237 -0.01411803261) (-0.01421002047 0.008622699439 0.01099186581) (-0.01580019723 0.1751819637 -0.1589417184) (-0.01106687312 0.05293160822 0.06626556997) (-0.005150750428 -0.005010003238 -0.01439972722) (-0.002693874786 0.01560003593 0.03441597596) (-0.002413152466 0.006846891262 0.01634340164) (0.004813098717 0.1200219957 -0.01614995131) (0.00529212755 0.00802555281 0.009046257029) (0.004993679215 0.1764843378 -0.1616962335) (0.004773164509 0.05475232488 0.0730396582) (0.001300640006 0.004734373545 0.04216654662) (-0.006510721679 0.0171391885 0.01411982791) (-0.002335110131 0.007425086878 0.0108639872) (0.01471775902 0.1229010297 -0.01465213545) (0.0140357916 0.008828289224 0.01033487015) (0.01574669912 0.1760048183 -0.1598243988) (0.01113822968 0.05314302008 0.0665286521) (0.005032323871 -0.004864163934 -0.01348018583) (0.002626148744 0.01582887835 0.03466903623) (0.002378640638 0.006951122195 0.01648588317) (4.807669842e-06 0.001884820527 -0.0003560352851)
0.0027892992      (-0.01491864496 0.1235207443 -0.01425585724) (-0.01433630002 0.008702773863 0.01108348293) (-0.01594184838 0.1767832309 -0.1604311393) (-0.01116521482 0.05339004583 0.06687162189) (-0.005197535874 -0.005039276029 -0.01448005726) (-0.002718379457 0.01574026916 0.03472758476) (-0.002435172751 0.006910472186 0.0164918606) (0.00485558927 0.1211277138 -0.01630586874) (0.005338799374 0.008098230532 0.00912092871) (0.005038192327 0.178090865 -0.1632031686) (0.004815841596 0.05522515753 0.07370740855) (0.001315439642 0.004777268905 0.04255565659) (-0.006568513886 0.01729901293 0.0142474341) (-0.002355971676 0.007493821296 0.01096301047) (0.01484894417 0.1240326068 -0.01479548607) (0.01416019488 0.008910448225 0.01041963674) (0.01588786874 0.1776146292 -0.1613231925) (0.01123722286 0.05360356239 0.0671375812) (0.00507795391 -0.004892186246 -0.01355200489) (0.002650038446 0.01597125205 0.03498316489) (0.002400357269 0.007015717891 0.01663573183) (4.855273913e-06 0.001901703194 -0.0003592187237)
0.0028142992      (-0.01505060508 0.1246473659 -0.01439380041) (-0.01446253119 0.00878280133 0.01117497752) (-0.0160834694 0.1783848022 -0.1619216953) (-0.01126351601 0.05384808285 0.06747791575) (-0.005244335081 -0.005068283895 -0.01455957811) (-0.002742886949 0.01588042751 0.03503927339) (-0.002457195586 0.00697407885 0.01664033219) (0.004898087215 0.1222338054 -0.01646194123) (0.005385475884 0.008170824804 0.009195426743) (0.00508272809 0.1796972384 -0.1647110275) (0.004858513205 0.05569738937 0.07437535046) (0.001330286122 0.004820211822 0.04294488062) (-0.006626277559 0.01745888756 0.01437502035) (-0.00237682915 0.007562579196 0.01106204223) (0.0149800958 0.1251645216 -0.01493898761) (0.01428455134 0.008992569073 0.01050420279) (0.01602901239 0.1792245224 -0.1628229546) (0.01133616943 0.05406363294 0.06774667698) (0.005123598938 -0.004919927203 -0.01362295845) (0.002673930016 0.01611355328 0.03529736121) (0.002422076411 0.007080339392 0.01678558813) (4.902925808e-06 0.001918580948 -0.0003624029777)
0.0028392992      (-0.01518254807 0.1257744478 -0.01453188117) (-0.01458873503 0.008862789662 0.01126631233) (-0.01622507763 0.1799866249 -0.1634133558) (-0.01136178693 0.05430570285 0.06808444066) (-0.005291148286 -0.005097006126 -0.01463820919) (-0.002767402584 0.01602052958 0.03535106143) (-0.002479224872 0.007037717598 0.01678882776) (0.004940537173 0.1233405385 -0.01661814464) (0.005432100857 0.008243349414 0.009269820953) (0.005127215554 0.181303858 -0.1662201354) (0.004901168458 0.05616913902 0.07504364369) (0.00134518914 0.004863217917 0.04333427019) (-0.006684019419 0.01761882876 0.01450260255) (-0.002397685111 0.007631368439 0.01116109532) (0.01511121152 0.1262971005 -0.0150826346) (0.01440886395 0.009074657951 0.01058864912) (0.01617014582 0.180834933 -0.1643240554) (0.01143509419 0.05452336438 0.06835610026) (0.005169235723 -0.004947382061 -0.01369301705) (0.002697826194 0.01625581077 0.03561165381) (0.002443800655 0.007144994812 0.01693547031) (4.950704646e-06 0.001935457413 -0.0003655862409)
0.0028642992      (-0.01531445195 0.1269020332 -0.01467007359) (-0.01471488968 0.008942732893 0.01135753052) (-0.01636665691 0.1815887642 -0.1649061464) (-0.01146001953 0.05476291882 0.06869121335) (-0.005337952926 -0.005125442221 -0.01471597392) (-0.002791924576 0.01616058647 0.03566291656) (-0.002501258067 0.007101382966 0.01693733524) (0.004983001909 0.1244476497 -0.01677449031) (0.005478734831 0.008315797625 0.009344054352) (0.005171727553 0.1829103411 -0.1677301614) (0.004943816736 0.05664028146 0.07571212646) (0.001360128098 0.004906260785 0.04372375351) (-0.006741740369 0.01777881823 0.01463016337) (-0.002418540625 0.007700181178 0.0112601586) (0.01524229221 0.1274300083 -0.01522644291) (0.01453313024 0.009156708372 0.0106729046) (0.01631125232 0.1824454202 -0.1658261017) (0.01153397343 0.05498261469 0.06896568977) (0.005214885635 -0.004974567737 -0.01376224171) (0.002721726376 0.01639804656 0.03592601379) (0.002465528596 0.007209677325 0.01708536653) (4.99845336e-06 0.001952329038 -0.0003687702712)
0.0028892992      (-0.01544633442 0.1280300625 -0.01480842102) (-0.01484101622 0.009022641606 0.01144858949) (-0.0165082134 0.1831911622 -0.1664000048) (-0.01155822313 0.05521970991 0.06929821849) (-0.005384755565 -0.00515360737 -0.01479289153) (-0.002816450901 0.01630063874 0.03597485299) (-0.002523296444 0.007165080121 0.01708586747) (0.005025415994 0.1255554063 -0.01693095637) (0.005525317836 0.008388176317 0.009418193742) (0.00521619124 0.1845170961 -0.1692414095) (0.004986445689 0.05711093677 0.07638096133) (0.001375119611 0.004949376345 0.04411343161) (-0.006799435493 0.01793887907 0.01475771658) (-0.002439392883 0.007769026544 0.01135924365) (0.01537333721 0.1285635627 -0.01537040193) (0.01465734769 0.009238732079 0.01075704056) (0.01645233761 0.184056432 -0.1673294479) (0.01163283151 0.05544151821 0.06957560861) (0.005260544028 -0.005001451898 -0.01383050781) (0.002745629041 0.01654028866 0.03624044043) (0.002487261887 0.00727439409 0.01723528645) (5.046398455e-06 0.001969199245 -0.0003719534127)
0.0029142992      (-0.01557818057 0.1291586019 -0.01494689989) (-0.01496709364 0.009102512815 0.01153953387) (-0.01664973867 0.1847938958 -0.1678949812) (-0.01165639587 0.05567610394 0.06990548879) (-0.005431561155 -0.005181500465 -0.01486896189) (-0.002840978463 0.01644068157 0.03628682769) (-0.002545337707 0.007228803084 0.01723440838) (0.005067834775 0.1266635484 -0.01708757095) (0.005571909356 0.008460479669 0.009492183957) (0.005260690661 0.1861237575 -0.1707535591) (0.005029067977 0.05758099356 0.07705000577) (0.001390162179 0.004992528379 0.04450320879) (-0.006857105471 0.01809899097 0.01488524706) (-0.002460242507 0.007837896173 0.01145833913) (0.01550433914 0.1296974489 -0.01551452215) (0.01478152367 0.009320725741 0.01084098937) (0.01659339538 0.1856675486 -0.1688337349) (0.01173165189 0.05589995192 0.07018571534) (0.005306205393 -0.005028087403 -0.01389796709) (0.002769532764 0.01668252477 0.03655491651) (0.002508998156 0.007339137601 0.01738521929) (5.094344622e-06 0.001986064921 -0.0003751372602)
0.0029392992      (-0.01571000151 0.1302875873 -0.01508554217) (-0.0150931409 0.009182352827 0.01163032492) (-0.01679125023 0.1863968689 -0.1693910186) (-0.01175454173 0.05613207529 0.07051300065) (-0.005478368765 -0.005209091702 -0.0149441058) (-0.002865507313 0.01658073152 0.03659886109) (-0.002567383087 0.007292557525 0.01738297059) (0.005110214029 0.1277723083 -0.01724431816) (0.00561845088 0.008532715344 0.009566090204) (0.005305134918 0.1877306817 -0.1722668711) (0.005071673583 0.05805056379 0.07771941434) (0.001405256659 0.005035742057 0.04489317152) (-0.006914748476 0.01825917102 0.015012769) (-0.002481088572 0.007906798135 0.0115574559) (0.0156352989 0.1308319666 -0.01565878611) (0.01490565539 0.009402695259 0.01092483425) (0.01673444057 0.187279169 -0.170339317) (0.01183045328 0.05635803973 0.07079615955) (0.005351857523 -0.005054429151 -0.01396447692) (0.002793436001 0.01682477646 0.03686944585) (0.002530738386 0.007403915736 0.01753517476) (5.142452383e-06 0.002002929178 -0.0003783203104)
0.0029642992      (-0.01584178118 0.1314170978 -0.0152243031) (-0.01521913812 0.00926215555 0.01172101321) (-0.01693273621 0.1880001685 -0.1708882058) (-0.01185265677 0.05658764527 0.07112078093) (-0.005525187747 -0.005236401451 -0.01501838305) (-0.002890038566 0.0167207853 0.0369109425) (-0.002589432028 0.007356340099 0.01753154886) (0.005152612941 0.1288814517 -0.01740120358) (0.005664999242 0.008604879672 0.009639857537) (0.005349591754 0.1893375289 -0.1737810745) (0.005114273953 0.05851953469 0.07838904783) (0.001420391192 0.005078983001 0.04528323325) (-0.00697236758 0.01841939862 0.01514026648) (-0.002501932441 0.007975724891 0.01165658329) (0.01576621828 0.1319668274 -0.01580320402) (0.01502974737 0.009484638444 0.01100850478) (0.01687546246 0.1888908928 -0.1718458804) (0.0119292173 0.05681565237 0.07140679412) (0.005397510997 -0.005080492304 -0.01403011467) (0.002817338814 0.01696703269 0.03718401696) (0.002552480658 0.007468722214 0.01768514425) (5.190574732e-06 0.002019789158 -0.0003815039785)
0.0029892992      (-0.0159735281 0.1325470615 -0.01536320425) (-0.01534510167 0.009341927556 0.01181155819) (-0.01707420441 0.1896036925 -0.1723864925) (-0.01195074558 0.05704278041 0.07172879615) (-0.005572000411 -0.005263427948 -0.01509176826) (-0.002914574398 0.01686085116 0.0372230786) (-0.002611485909 0.007420153439 0.01768014873) (0.005194970703 0.129991213 -0.01755820906) (0.005711497238 0.00867698325 0.009713542607) (0.005393983898 0.1909446256 -0.1752964364) (0.005156855939 0.05898800212 0.07905903878) (0.001435565919 0.005122272376 0.04567346947) (-0.007029964495 0.01857969152 0.01526775115) (-0.002522774174 0.008044683941 0.01175573145) (0.01589709073 0.1331023207 -0.01594775229) (0.01515379116 0.009566557652 0.01109207369) (0.01701646467 0.1905030838 -0.1733537598) (0.01202796158 0.05727290048 0.07201775199) (0.005443183233 -0.005106246949 -0.01409478626) (0.002841243735 0.01710931073 0.03749863847) (0.002574227626 0.007533563135 0.01783513788) (5.238832839e-06 0.002036647316 -0.0003846870176)
0.0030142992      (-0.01610522623 0.1336775507 -0.01550221004) (-0.01547101283 0.00942166511 0.01190200567) (-0.01721564149 0.1912075382 -0.1738859711) (-0.01204880184 0.05749750497 0.07233707696) (-0.005618833196 -0.00529016081 -0.01516424189) (-0.002939112759 0.01700092708 0.03753525107) (-0.002633543744 0.007483995367 0.01782876414) (0.005237342735 0.1311013813 -0.01771535338) (0.005758000484 0.008749023259 0.009787095864) (0.005438393022 0.1925516615 -0.1768127735) (0.005199432858 0.05945586661 0.0797292659) (0.001450786014 0.005165592293 0.04606383523) (-0.007087532749 0.01874003329 0.01539520858) (-0.002543610711 0.008113668383 0.01185488991) (0.0160279183 0.134238196 -0.01609245202) (0.01527779367 0.009648447493 0.0111754697) (0.01715743934 0.1921153857 -0.1748626758) (0.01212666664 0.05772967049 0.07262890499) (0.005488864259 -0.005131691958 -0.01415850646) (0.002865147812 0.01725159494 0.03781327363) (0.00259597725 0.007598431605 0.01798513895) (5.287132442e-06 0.002053501331 -0.0003878705697)
0.0030392992      (-0.01623689362 0.1348084796 -0.01564134428) (-0.01559688894 0.009501373617 0.01199231176) (-0.01735705421 0.1928115911 -0.1753865663) (-0.01214682715 0.05795178058 0.07294558274) (-0.005665658452 -0.005316590719 -0.01523576936) (-0.002963649637 0.0171410204 0.03784746885) (-0.002655604199 0.00754786876 0.0179774014) (0.005279665555 0.1322121716 -0.01787259966) (0.005804451867 0.008821005595 0.009860573248) (0.005482751572 0.1941589204 -0.1783303707) (0.005241994226 0.05992320946 0.0803998457) (0.001466040373 0.005208960079 0.04645436577) (-0.007145081285 0.01890043896 0.01552265319) (-0.002564447808 0.00818268499 0.01195407043) (0.01615869732 0.1353747031 -0.01623726819) (0.0154017498 0.009730312473 0.01125876844) (0.01729839461 0.1937281343 -0.176372921) (0.01222534712 0.05818606266 0.07324037082) (0.005534555827 -0.005156848382 -0.01422128596) (0.002889053628 0.01739390356 0.03812796834) (0.002617731624 0.007663334889 0.01813516912) (5.33557724e-06 0.002070353268 -0.0003910535668)
0.0030642992      (-0.01636852961 0.1359399548 -0.0157805835) (-0.01572272128 0.009581050591 0.01208252515) (-0.0174984399 0.1944159868 -0.1768883862) (-0.01224482102 0.05840564923 0.07355436443) (-0.005712471743 -0.00534274514 -0.0153064482) (-0.002988186015 0.01728112424 0.03815973023) (-0.002677666752 0.007611770368 0.0181260582) (0.005322002872 0.1333234064 -0.01802995617) (0.005850905818 0.00889292811 0.009933932541) (0.005527147615 0.1957661505 -0.1798490661) (0.005284552269 0.06038994587 0.08107067606) (0.001481328376 0.005252356399 0.04684501693) (-0.007202608445 0.0190608956 0.01565007549) (-0.002585284679 0.008251729057 0.01205326606) (0.01628944217 0.1365116088 -0.01638222999) (0.01552567399 0.009812154349 0.01134190394) (0.01743933031 0.1953410213 -0.1778842362) (0.01232399039 0.05864198357 0.07385204638) (0.005580249853 -0.005181726141 -0.01428317046) (0.002912961331 0.01753622759 0.03844270945) (0.002639489652 0.007728268587 0.01828522091) (5.384139281e-06 0.002087201369 -0.0003942370858)
0.0030892992      (-0.01650014866 0.1370718689 -0.01591995662) (-0.0158485236 0.009660697541 0.01217260273) (-0.01763980702 0.1960205753 -0.1783912996) (-0.01234278306 0.05885906703 0.07416337496) (-0.00575927324 -0.005368613016 -0.01537624275) (-0.003012722852 0.01742124386 0.03847204224) (-0.002699732369 0.00767570222 0.01827473882) (0.005364287618 0.1344352641 -0.01818738274) (0.005897307741 0.008964793371 0.01000722292) (0.005571501715 0.1973735824 -0.1813690544) (0.005327094448 0.06085614279 0.08174185862) (0.001496652208 0.005295795211 0.04723582794) (-0.00726011541 0.01922141158 0.01577748229) (-0.00260612201 0.008320804805 0.01215248177) (0.01642015503 0.1376491184 -0.01652732925) (0.01564955342 0.009893974048 0.01142493998) (0.01758025442 0.196954332 -0.1793968496) (0.01242260893 0.05909752636 0.07446403863) (0.005625953117 -0.005206306084 -0.01434410751) (0.002936867002 0.01767857622 0.03875750559) (0.002661250795 0.007793236397 0.01843530165) (5.4328639e-06 0.002104047045 -0.0003974202183)
0.0031142992      (-0.01663174243 0.1382043526 -0.01605945882) (-0.01597428933 0.009740314899 0.01226258571) (-0.01778115673 0.1976255245 -0.1798954419) (-0.01244071456 0.05931209146 0.07477268045) (-0.005806100881 -0.005394198677 -0.01544516695) (-0.003037262784 0.01756137532 0.03878439021) (-0.002721802529 0.007739662439 0.01842343819) (0.005406564678 0.1355475839 -0.01834488001) (0.005943708722 0.009036598596 0.01008040024) (0.005615896635 0.1989810197 -0.1828901967) (0.005369634415 0.06132173394 0.08241331052) (0.001512024002 0.005339252295 0.04762675486) (-0.007317598846 0.01938197541 0.01590486742) (-0.002626956509 0.008389907288 0.01225171126) (0.01655084714 0.1387870397 -0.01667257617) (0.01577340374 0.009975774371 0.01150780948) (0.01772116939 0.1985678156 -0.1809105561) (0.01252119067 0.05955261114 0.0750762622) (0.005671667827 -0.005230592464 -0.01440414016) (0.002960773944 0.01782093484 0.03907232994) (0.002683015572 0.00785823215 0.01858539851) (5.481720358e-06 0.002120889223 -0.0004006037561)
0.0031392992      (-0.0167633094 0.1393372826 -0.0161990818) (-0.01610002022 0.009819904833 0.01235241918) (-0.0179224885 0.1992306781 -0.1814006965) (-0.01253861442 0.05976466735 0.07538222228) (-0.005852926474 -0.005419438763 -0.01551304844) (-0.003061806926 0.01770151498 0.0390967324) (-0.002743877867 0.007803649197 0.01857214229) (0.00544878714 0.1366605093 -0.01850240868) (0.005990059695 0.00910834279 0.01015350983) (0.005660256304 0.200588664 -0.1844126308) (0.005412161905 0.06178677961 0.08308511608) (0.001527440085 0.005382745689 0.0480178346) (-0.007375060823 0.01954259624 0.01603224065) (-0.002647789025 0.008459040401 0.01235096004) (0.01668150523 0.1399255725 -0.01681793943) (0.01589721128 0.01005755048 0.01159056989) (0.01786207154 0.2001817161 -0.1824255621) (0.0126197486 0.06000731447 0.07568880166) (0.00571738407 -0.005254561208 -0.01446317924) (0.002984681047 0.01796333314 0.03938719592) (0.002704784588 0.007923260681 0.01873551732) (5.530668669e-06 0.002137728925 -0.0004037868196)
0.0031642992      (-0.01689484127 0.1404707876 -0.01633881327) (-0.01622570904 0.009899467949 0.01244215718) (-0.01806379683 0.2008361965 -0.1829072017) (-0.01263648384 0.06021684769 0.07599206183) (-0.005899794021 -0.00544436274 -0.01557996432) (-0.003086354045 0.0178416859 0.03940909512) (-0.002765959263 0.007867662725 0.0187208563) (0.005491028476 0.1377739004 -0.01866003236) (0.00603641145 0.009180029557 0.01022650035) (0.005704669112 0.2021963191 -0.1859362125) (0.005454688951 0.0622512143 0.08375719629) (0.001542894605 0.005426248495 0.04840900135) (-0.007432506982 0.01970326287 0.01615959866) (-0.002668622262 0.008528200628 0.01245022498) (0.01681212571 0.1410645549 -0.01696345294) (0.01602098771 0.01013930628 0.01167315818) (0.01800295498 0.2017957952 -0.1839416813) (0.01271826912 0.06046155943 0.07630158139) (0.005763120084 -0.005278272466 -0.01452136976) (0.003008593814 0.01810579022 0.03970213726) (0.002726559042 0.007988318699 0.01888565895) (5.579744643e-06 0.002154565289 -0.0004069701678)
0.0031892992      (-0.01702634318 0.141604743 -0.01647866991) (-0.01635136052 0.009979005533 0.01253175639) (-0.01820507572 0.2024419047 -0.1844148195) (-0.01273431588 0.06066857072 0.07660213985) (-0.005946647941 -0.005468954878 -0.01564586455) (-0.003110901308 0.01798190831 0.03972148075) (-0.00278804407 0.00793170181 0.01886957417) (0.005533229046 0.1388878919 -0.01881775607) (0.006082713268 0.009251663955 0.01029940636) (0.00574904398 0.20380414 -0.1874610352) (0.00549720229 0.06271507667 0.08442961573) (0.001558377945 0.005469787943 0.04880031753) (-0.007489931957 0.01986398482 0.01628694863) (-0.002689455418 0.008597391856 0.01254951087) (0.01694270198 0.1422041388 -0.01710908785) (0.01614471494 0.01022104089 0.01175563455) (0.01814381409 0.2034102547 -0.1854590819) (0.0128167576 0.06091540697 0.07691467208) (0.005808856824 -0.005301661967 -0.01457850577) (0.003032517685 0.01824832793 0.04001715026) (0.002748341065 0.008053409755 0.01903581969) (5.628913884e-06 0.002171398936 -0.0004101530746)
0.0032142992      (-0.01715781272 0.1427392703 -0.01661863811) (-0.01647697132 0.01005851695 0.0126212645) (-0.0183463256 0.2040479562 -0.1859236755) (-0.01283211348 0.06111989127 0.07721252295) (-0.005993503236 -0.005493229944 -0.01571084148) (-0.003135453133 0.01812220296 0.04003394188) (-0.002810133828 0.007995769576 0.01901830845) (0.005575421194 0.1400023783 -0.01897561275) (0.006129009369 0.00932324933 0.01037219391) (0.005793451572 0.2054119786 -0.1889870039) (0.00553971126 0.06317831686 0.08510231797) (0.001573894446 0.005513339248 0.04919174301) (-0.007547330851 0.0200247504 0.01641428153) (-0.002710287192 0.008666610078 0.01264881144) (0.01707324736 0.1433441746 -0.01725487195) (0.01626840563 0.01030275821 0.01183794463) (0.01828465043 0.2050248883 -0.1869775964) (0.01291520619 0.06136879595 0.07752801695) (0.005854587496 -0.00532474267 -0.01463467585) (0.00305644509 0.01839094578 0.04033226428) (0.002770126718 0.008118530754 0.01918599736) (5.678166364e-06 0.002188229337 -0.000413336275)
0.0032392992      (-0.01728925046 0.1438742302 -0.01675872846) (-0.01660254212 0.01013799973 0.01271064477) (-0.01848753784 0.2056541573 -0.1874336151) (-0.01292987404 0.06157074483 0.07782314262) (-0.006040362225 -0.005517232013 -0.01577496788) (-0.003160007475 0.01826257344 0.04034651188) (-0.002832226992 0.008059865322 0.01916706003) (0.005617558386 0.1411174482 -0.01913359908) (0.006175253177 0.009394787026 0.01044489829) (0.005837813628 0.207019939 -0.1905141795) (0.005582201446 0.06364096513 0.08577535487) (0.001589450581 0.005556892689 0.04958323974) (-0.00760471385 0.02018555874 0.01654160021) (-0.002731122604 0.008735855568 0.01274812876) (0.01720374113 0.1444847909 -0.01740076825) (0.01639204188 0.01038445445 0.01192014688) (0.01842545464 0.2066398738 -0.1884973756) (0.01301362621 0.06182177866 0.07814166749) (0.005900295708 -0.005347550351 -0.01468997773) (0.003080373471 0.0185336518 0.0406475202) (0.002791914786 0.008183683851 0.0193362041) (5.727511543e-06 0.002205056613 -0.000416519284)
0.0032642992      (-0.01742064806 0.1450097697 -0.01689891487) (-0.01672806647 0.01021745514 0.01279994365) (-0.0186287202 0.2072607102 -0.1889448054) (-0.01302760957 0.06202120312 0.07843407135) (-0.006087223766 -0.005541014385 -0.01583834631) (-0.003184567768 0.01840303658 0.04065925189) (-0.002854324956 0.008123994559 0.01931584987) (0.005659712367 0.1422330073 -0.01929173317) (0.006221496187 0.009466283603 0.010517482) (0.00588220991 0.2086278738 -0.1920424698) (0.00562468278 0.06410298634 0.08644869385) (0.00160504676 0.005600448173 0.04997482317) (-0.007662075581 0.02034640742 0.0166689057) (-0.00275195843 0.008805127871 0.0128474614) (0.01733419061 0.145625867 -0.01754680403) (0.01651563796 0.0104661336 0.01200218256) (0.01856623513 0.2082550545 -0.1900182922) (0.01311201638 0.06227431523 0.07875557826) (0.005946009317 -0.005370101758 -0.01474445191) (0.003104304206 0.01867644477 0.04096291433) (0.002813707001 0.008248867121 0.01948643696) (5.77700198e-06 0.00222188076 -0.000419702633)
0.0032892992      (-0.01755199462 0.1461457457 -0.0170392051) (-0.01685354215 0.0102968824 0.01288911921) (-0.01876987093 0.2088674266 -0.1904570956) (-0.01312531333 0.06247120467 0.07904524419) (-0.006134079395 -0.005564468163 -0.01590074182) (-0.003209127282 0.01854358178 0.04097209826) (-0.002876424801 0.00818815191 0.0194646556) (0.00570185034 0.1433491401 -0.01944999662) (0.006267698535 0.0095377387 0.01058997646) (0.00592657471 0.2102358471 -0.1935719067) (0.005667141568 0.06456441187 0.08712238589) (0.001620691846 0.005644003337 0.05036647131) (-0.007719420681 0.02050729337 0.01679620352) (-0.002772797453 0.008874427122 0.01294681066) (0.01746458182 0.1467675181 -0.01769294183) (0.01663917232 0.01054779058 0.01208410559) (0.01870698671 0.2098705772 -0.1915404683) (0.01321037759 0.06272644538 0.07936979832) (0.005991717472 -0.005392396641 -0.01479810398) (0.003128234721 0.01881932106 0.04127843908) (0.00283550104 0.008314081735 0.01963669865) (5.826579246e-06 0.002238701937 -0.0004228856792)
0.0033142992      (-0.01768329624 0.1472822892 -0.01717958327) (-0.0169789703 0.01037628385 0.01297821285) (-0.01891099205 0.2104745032 -0.1919706573) (-0.01322298195 0.06292079974 0.07965673149) (-0.006180935905 -0.005587655 -0.01596231435) (-0.003233683322 0.01868420835 0.04128507852) (-0.002898525632 0.008252339411 0.01961349059) (0.005743997826 0.144465774 -0.01960838809) (0.006313897936 0.009609151188 0.01066236444) (0.005970958737 0.2118437885 -0.1951024651) (0.005709592978 0.06502520579 0.08779639121) (0.001636361065 0.005687543072 0.05075813906) (-0.007776764364 0.02066821149 0.01692349823) (-0.002793648726 0.00894375507 0.01304618114) (0.01759493256 0.1479096458 -0.01783919318) (0.01676266364 0.01062942658 0.01216588525) (0.01884771534 0.211486314 -0.1930638062) (0.01330869829 0.06317811575 0.07998428649) (0.006037433252 -0.005414493606 -0.01485110717) (0.00315216545 0.01896229307 0.04159415333) (0.002857297675 0.008379332646 0.01978701291) (5.876280144e-06 0.00225552005 -0.0004260690819)
0.0033392992      (-0.01781456297 0.1484192438 -0.01732005076) (-0.01710435492 0.01045565517 0.01306719242) (-0.0190520803 0.2120817511 -0.193485321) (-0.01332060855 0.06336991257 0.08026846568) (-0.006227792078 -0.005610651306 -0.01602329575) (-0.003258241095 0.01882492385 0.04159825185) (-0.002920629085 0.008316559499 0.01976237712) (0.005786097973 0.1455829838 -0.0197668567) (0.006360050673 0.009680517254 0.01073467961) (0.006015283336 0.213451809 -0.1966342124) (0.005752025916 0.065485389 0.08847074658) (0.001652056264 0.00573110303 0.05114990774) (-0.00783407967 0.02082914995 0.01705077946) (-0.00281450249 0.009013110578 0.01314556574) (0.01772523461 0.1490523207 -0.01798554203) (0.01688610299 0.01071103997 0.01224756149) (0.0189884141 0.2131023967 -0.1945883977) (0.01340698359 0.06362935236 0.08059908807) (0.006083154102 -0.005436295086 -0.01490318665) (0.003176080343 0.01910535418 0.04190999709) (0.002879090675 0.008444617333 0.01993735994) (5.926107634e-06 0.002272334863 -0.0004292525105)
0.0033642992      (-0.01794579824 0.149556754 -0.01746061293) (-0.01722969812 0.01053500314 0.01315608903) (-0.01919314944 0.2136893772 -0.1950012467) (-0.01341820684 0.06381860799 0.08088053147) (-0.006274667832 -0.005633330108 -0.01608336499) (-0.003282805304 0.01896572299 0.04191154074) (-0.002942738204 0.008380810979 0.01991129038) (0.005828196401 0.146700723 -0.01992542376) (0.00640619523 0.009751841226 0.01080689037) (0.006059623911 0.2150598571 -0.19816712) (0.005794453024 0.06594494271 0.08914543556) (0.00166780533 0.005774676398 0.05154179924) (-0.007891360467 0.02099011378 0.01717805209) (-0.00283535394 0.00908249603 0.0132449677) (0.01785550239 0.1501954626 -0.01813201605) (0.01700950386 0.01079263922 0.01232908614) (0.01912909692 0.2147187372 -0.1961141505) (0.01350523686 0.06408013103 0.08121418477) (0.006128915199 -0.005457740747 -0.01495421681) (0.003199998667 0.01924850014 0.04222593578) (0.002900888237 0.008509934418 0.02008772833) (5.976032239e-06 0.002289146828 -0.000432436117)
0.0033892992      (-0.01807700393 0.1506946913 -0.01760126972) (-0.01735499975 0.01061432504 0.01324486864) (-0.01933420681 0.2152971884 -0.1965182509) (-0.01351576943 0.06426681896 0.081492857) (-0.006321550766 -0.005655792572 -0.01614272821) (-0.003307372507 0.01910660678 0.04222497136) (-0.002964851131 0.008445094046 0.02006023966) (0.005870254507 0.1478190607 -0.02008405519) (0.006452296897 0.009823117609 0.01087902888) (0.006103926368 0.2166679685 -0.1997011902) (0.005836868296 0.06640388896 0.0898204864) (0.001683615476 0.005818229769 0.05193379153) (-0.007948614463 0.02115109639 0.01730531448) (-0.002856207743 0.009151910344 0.01334438552) (0.01798572568 0.1513391439 -0.01827858174) (0.01713285045 0.01087421898 0.01241050416) (0.01926976769 0.2163354173 -0.1976411162) (0.01360345705 0.06453046645 0.08182959762) (0.006174709743 -0.005478951551 -0.01500440507) (0.003223906153 0.01939173836 0.04254198439) (0.002922684724 0.008575287031 0.02023812712) (6.026061895e-06 0.002305955553 -0.0004356196257)
0.0034142992      (-0.01820817481 0.1518332357 -0.01774203033) (-0.01748025874 0.01069363034 0.0133335618) (-0.01947525539 0.2169053783 -0.1980365303) (-0.0136133036 0.06471460169 0.08210551797) (-0.006368431026 -0.005678020149 -0.01620130048) (-0.003331949666 0.01924757542 0.04253850804) (-0.00298697058 0.008509409418 0.02020921724) (0.0059123089 0.1489379958 -0.02024276452) (0.006498390002 0.009894354146 0.01095106942) (0.006148231963 0.2182761353 -0.2012364585) (0.005879279872 0.06686222575 0.09049589947) (0.001699493364 0.005861764876 0.05232586792) (-0.008005845578 0.02131209652 0.0174325739) (-0.002877061746 0.009221353975 0.01344382284) (0.0181159218 0.1524833543 -0.01842527663) (0.01725615583 0.01095578929 0.01249177784) (0.0194104326 0.2179523682 -0.1991692819) (0.01370164594 0.06498033667 0.08244531327) (0.006220524423 -0.005499910451 -0.01505372232) (0.003247824895 0.01953505995 0.04285810324) (0.002944488632 0.008640672295 0.02038854555) (6.076146892e-06 0.002322761725 -0.000438803166)
0.0034392992      (-0.01833930998 0.1529722548 -0.01788289971) (-0.01760547537 0.0107729158 0.01342214099) (-0.01961627493 0.2185137415 -0.1995559337) (-0.01371080159 0.06516188645 0.08271843967) (-0.006415308066 -0.005699992666 -0.01625901174) (-0.003356528743 0.01938861882 0.04285210714) (-0.003009093143 0.008573753412 0.02035820984) (0.00595432561 0.1500575638 -0.02040152275) (0.006544445541 0.009965549099 0.01102303443) (0.006192492139 0.219884381 -0.2027729351) (0.005921677065 0.06731994389 0.09117169235) (0.001715259098 0.005905516886 0.05271817432) (-0.008063059138 0.02147309983 0.01755982635) (-0.002897919591 0.009290826171 0.01354327841) (0.01824607132 0.1536281552 -0.01857208474) (0.01737940567 0.01103734955 0.01257293566) (0.01955106821 0.2195696344 -0.2006987041) (0.01379980382 0.06542974837 0.08306134325) (0.006266347814 -0.005520614959 -0.01510223667) (0.003271755831 0.01967846786 0.04317432116) (0.002966299594 0.008706090279 0.02053899265) (6.126356375e-06 0.002339564439 -0.0004419867426)
0.0034642992      (-0.01847040972 0.1541118871 -0.01802386257) (-0.01773064995 0.01085218569 0.01351064949) (-0.01975726764 0.2201224571 -0.2010766121) (-0.01380827642 0.06560873763 0.08333169565) (-0.006462181448 -0.005721696089 -0.01631589446) (-0.003381104027 0.01952975476 0.0431658311) (-0.003031217062 0.008638132309 0.02050724168) (0.005996334535 0.1511777424 -0.02056033066) (0.006590492201 0.01003670705 0.01109490671) (0.006236761162 0.2214927653 -0.2043103476) (0.00596407068 0.06777702864 0.09184786059) (0.001731046046 0.005949282917 0.05311056619) (-0.008120264892 0.02163410921 0.01768707832) (-0.002918786319 0.009360330203 0.01364275775) (0.018376182 0.1547734935 -0.01871902579) (0.01750260989 0.01111890635 0.01265395105) (0.01969167994 0.2211871504 -0.2022293295) (0.01389793556 0.06587869476 0.08367767648) (0.006312196771 -0.005541049276 -0.01514992992) (0.003295694806 0.01982197416 0.04349068103) (0.002988117046 0.00877154551 0.02068948624) (6.176664555e-06 0.002356364481 -0.0004451705513)
0.0034892992      (-0.01860147338 0.1552519891 -0.01816492703) (-0.01785578186 0.01093144102 0.01359904958) (-0.01989822673 0.221731329 -0.2025984018) (-0.01390571776 0.06605509911 0.08394521815) (-0.006509086011 -0.005743090238 -0.01637184359) (-0.003405686376 0.01967097194 0.04347963549) (-0.003053346529 0.008702541109 0.02065629588) (0.006038308421 0.1522985445 -0.02071915976) (0.006636503734 0.01010782824 0.01116669288) (0.006280994813 0.2231013555 -0.2058484984) (0.006006455356 0.0682335039 0.09252442138) (0.001746722568 0.005993395875 0.05350331308) (-0.008177443368 0.02179511406 0.01781431957) (-0.002939651538 0.0094298619 0.01374225165) (0.01850624705 0.1559193875 -0.01886607858) (0.017625759 0.01120045877 0.01273484715) (0.01983226007 0.2228049421 -0.2037611795) (0.01399603579 0.06632718356 0.08429432091) (0.006358071319 -0.005561151995 -0.01519664249) (0.003319637308 0.01996556172 0.04380711067) (0.003009938583 0.008837031181 0.020839999) (6.227095001e-06 0.002373160953 -0.0004483543365)
0.0035142992      (-0.01873250565 0.1563927051 -0.01830607755) (-0.01798087444 0.01101068929 0.01368737058) (-0.02003916047 0.2233405434 -0.2041214694) (-0.01400313195 0.06650103262 0.08455908106) (-0.006556009133 -0.005764089256 -0.01642662273) (-0.003430284669 0.01981227124 0.04379348642) (-0.003075485272 0.008766981152 0.02080536377) (0.006080269878 0.1534199607 -0.02087800704) (0.00668250265 0.01017891843 0.0112383798) (0.00632523229 0.2247101823 -0.2073873982) (0.006048833407 0.06868937854 0.09320138615) (0.001762520184 0.006037529024 0.05389623884) (-0.008234596705 0.02195612068 0.01794155933) (-0.002960512991 0.009499424304 0.01384176466) (0.01863627748 0.1570658317 -0.01901324658) (0.01774886524 0.01128201319 0.01281560483) (0.01997281609 0.2244230022 -0.2052942584) (0.01409410576 0.06677521923 0.08491128526) (0.006403949322 -0.005580872237 -0.015242239) (0.003343596261 0.02010923201 0.04412358509) (0.003031769602 0.008902548216 0.02099052528) (6.277607241e-06 0.002389954901 -0.0004515380771)
0.0035392992      (-0.01886350072 0.1575338881 -0.01844731683) (-0.01810592459 0.01108992684 0.01377558025) (-0.02018006101 0.2249499001 -0.2056456561) (-0.01410050945 0.06694647529 0.08517321465) (-0.006602936293 -0.005784751178 -0.01648040826) (-0.003454880827 0.0199536439 0.04410739433) (-0.003097625574 0.008831447754 0.02095444535) (0.006122196792 0.1545419701 -0.0210368491) (0.006728467257 0.0102499721 0.01130998401) (0.006369439042 0.2263192385 -0.2089271091) (0.006091196858 0.06914463041 0.09387874407) (0.001778448772 0.006081625784 0.05428925526) (-0.008291723602 0.02211710886 0.01806879104) (-0.002981372608 0.009569013088 0.01394128971) (0.01876626602 0.1582128209 -0.019160504) (0.01787191826 0.01136356377 0.01289624442) (0.02011334243 0.2260413155 -0.2068285613) (0.01419214114 0.06722279319 0.08552856199) (0.00644981717 -0.005600262332 -0.01528688175) (0.0033675472 0.02025298278 0.04444013207) (0.00305360036 0.008968094663 0.02114107246) (6.328235058e-06 0.002406745158 -0.0004547217758)
0.0035642992      (-0.01899446178 0.1586756724 -0.01858864293) (-0.01823093627 0.01116916005 0.01386370857) (-0.02032093812 0.2265595868 -0.2071711312) (-0.01419786137 0.06739148867 0.08578769622) (-0.006649883648 -0.00580504534 -0.01653310473) (-0.003479477874 0.02009509603 0.04442135326) (-0.003119769284 0.00889594346 0.02110354138) (0.006164112563 0.1556645942 -0.02119569975) (0.006774418351 0.01032099456 0.01138149388) (0.006413647581 0.2279285883 -0.2104678362) (0.006133554101 0.06959925674 0.09455651284) (0.00179445876 0.00612572543 0.0546823845) (-0.008348825521 0.02227808372 0.01819602432) (-0.003002229222 0.009638631263 0.01404083215) (0.01889622154 0.1593603621 -0.01930786976) (0.01799493016 0.01144511638 0.01297674867) (0.02025385106 0.2276598964 -0.2083641177) (0.0142901496 0.06766991676 0.08614616998) (0.006495671768 -0.005619297831 -0.01533048404) (0.003391498112 0.02039681627 0.0447567337) (0.003075434924 0.009033671918 0.0212916385) (6.378961868e-06 0.002423533031 -0.0004579052848)
0.0035892992      (-0.01912538986 0.1598179228 -0.01873005439) (-0.01835590946 0.01124838198 0.01395173883) (-0.02046178283 0.2281694285 -0.2086977465) (-0.01429517525 0.06783602331 0.08640246196) (-0.006696836327 -0.005824984296 -0.01658475817) (-0.003504080738 0.02023662515 0.04473537261) (-0.003141917845 0.008960466599 0.02125265544) (0.006205991608 0.1567877993 -0.02135454257) (0.00682033717 0.01039197781 0.01145293358) (0.006457832429 0.2295380914 -0.2120098185) (0.006175899091 0.07005323175 0.09523467139) (0.001810493367 0.006169830877 0.05507557922) (-0.008405919445 0.02243903897 0.01832326165) (-0.003023091918 0.009708277634 0.0141403925) (0.01902613452 0.1605084318 -0.01945533195) (0.01811789034 0.01152666295 0.01305714259) (0.02039433189 0.2292787127 -0.2099009138) (0.01438812038 0.0681165821 0.08676409372) (0.006541519473 -0.00563801764 -0.0153731459) (0.003415457783 0.02054074143 0.04507343205) (0.003097275233 0.009099282285 0.02144223812) (6.429827695e-06 0.00244031731 -0.0004610888855)
0.0036142992      (-0.01925628642 0.1609607735 -0.01887154928) (-0.01848084667 0.01132759787 0.01403969766) (-0.02060260545 0.2297795946 -0.2102256945) (-0.01439245715 0.06828013301 0.08701757588) (-0.006743806361 -0.005844590956 -0.01663540817) (-0.003528686803 0.02037824274 0.04504947441) (-0.003164070794 0.009025022069 0.02140179923) (0.00624785832 0.1579116108 -0.02151340043) (0.006866241701 0.01046292845 0.01152429252) (0.006502016633 0.2311477753 -0.2135532388) (0.006218235815 0.07050655316 0.09591322393) (0.001826560717 0.00621396089 0.05546893282) (-0.008462990814 0.02259998162 0.0184505108) (-0.003043953107 0.00977795529 0.01423997323) (0.01915601392 0.1616570526 -0.01960290752) (0.01824080702 0.01160821074 0.01313741217) (0.02053480047 0.2308977913 -0.2114390197) (0.0144860596 0.06856280094 0.08738234928) (0.006587379465 -0.005656374121 -0.0154147095) (0.003439428088 0.02068475395 0.04539018329) (0.003119123591 0.009164924648 0.0215928594) (6.48077817e-06 0.002457099348 -0.000464272361)
0.0036392992      (-0.01938714768 0.162104087 -0.01901312057) (-0.01860574214 0.01140680246 0.01412755501) (-0.02074339638 0.2313898892 -0.2117548396) (-0.01448970346 0.06872375998 0.08763296492) (-0.006790782074 -0.005863887977 -0.01668512919) (-0.00355329404 0.02051993835 0.04536364503) (-0.003186226462 0.009089605264 0.02155096692) (0.006289702168 0.159036 -0.02167225795) (0.006912118555 0.01053384164 0.01159558632) (0.006546187547 0.2327575792 -0.2150980915) (0.006260556488 0.07095919817 0.09659214733) (0.001842658759 0.006258100051 0.05586240998) (-0.008520041106 0.02276090077 0.01857776458) (-0.003064815105 0.009847660145 0.01433956832) (0.01928585492 0.1628062019 -0.01975057711) (0.01836367026 0.01168975413 0.01321757211) (0.02067524772 0.232517091 -0.2129784212) (0.01458396801 0.06900856414 0.08800091397) (0.006633244649 -0.005674400491 -0.01545527724) (0.003463392634 0.02082885361 0.04570700457) (0.003140972876 0.009230597928 0.02174350541) (6.531851998e-06 0.002473877577 -0.0004674561039)
0.0036642992      (-0.01951797744 0.1632479898 -0.01915476874) (-0.01873060164 0.01148600186 0.01421533836) (-0.0208841639 0.2330004833 -0.2132853374) (-0.01458692834 0.06916697456 0.08824869238) (-0.006837772238 -0.005882849968 -0.01673385456) (-0.003577901792 0.02066171644 0.04567787547) (-0.003208386228 0.009154217786 0.0217001554) (0.006331534554 0.1601610019 -0.02183113182) (0.006957980653 0.0106047247 0.01166680507) (0.006590352942 0.2343675489 -0.2166444347) (0.006302867668 0.07141118538 0.09727146866) (0.001858788166 0.006302254838 0.05625606273) (-0.008577068378 0.02292179883 0.01870503711) (-0.003085677281 0.009917396971 0.01443918475) (0.01941566124 0.1639559136 -0.01989834552) (0.01848648806 0.01177129982 0.01329761163) (0.02081568039 0.2341366585 -0.2145191635) (0.0146818524 0.0694539073 0.08861980957) (0.006679097749 -0.005692074383 -0.0154947836) (0.003487352888 0.0209730536 0.04602391453) (0.003162824319 0.009296306602 0.02189418372) (6.583045379e-06 0.002490653498 -0.0004706397884)
0.0036892992      (-0.01964877371 0.1643923628 -0.01929649229) (-0.01885542351 0.01156518933 0.01430303448) (-0.0210249044 0.2346112123 -0.2148170442) (-0.01468411317 0.06960972998 0.08886470032) (-0.00688477922 -0.005901474726 -0.01678159822) (-0.003602507717 0.02080358037 0.04599217651) (-0.003230548156 0.009218859331 0.02184936569) (0.006373344262 0.1612865735 -0.02199000917) (0.007003816495 0.01067557271 0.01173795478) (0.006634503506 0.2359775968 -0.21819219) (0.006345164592 0.07186249846 0.09795116344) (0.001874932501 0.006346414671 0.05664983287) (-0.008634079796 0.02308266415 0.01883232571) (-0.003106542881 0.009987162938 0.01453881842) (0.01954542608 0.1651061459 -0.02004620354) (0.01860925075 0.01185284207 0.01337753912) (0.02095609671 0.2357564366 -0.2160611771) (0.01477969419 0.06989880393 0.08923901836) (0.006724958539 -0.005709406645 -0.01553327293) (0.00351131161 0.02111735104 0.04634091998) (0.003184678553 0.009362050047 0.02204489368) (6.634338324e-06 0.002507425593 -0.0004738238333)
0.0037142992      (-0.01977953726 0.1655373235 -0.01943828453) (-0.01898020969 0.01164436935 0.01439066729) (-0.02116563043 0.2362222503 -0.2163500299) (-0.01478125796 0.0700520585 0.08948106432) (-0.00693181796 -0.005919796021 -0.01682841849) (-0.00362711646 0.02094554235 0.04630657887) (-0.003252715517 0.009283535627 0.02199861188) (0.006415137567 0.1624127501 -0.02214890523) (0.007049634143 0.01074639028 0.01180902322) (0.006678645444 0.2375877666 -0.2197413993) (0.006387457616 0.07231316025 0.09863126541) (0.001891100289 0.006390572304 0.05704369826) (-0.008691084777 0.02324350044 0.01895963871) (-0.003127415087 0.01005696046 0.01463847496) (0.01967515608 0.1662569358 -0.02019415955) (0.01873196572 0.01193438541 0.01345735165) (0.02109650989 0.2373764922 -0.217604455) (0.01487749464 0.07034325431 0.0898585789) (0.006770826505 -0.005726441111 -0.01557085953) (0.003535278782 0.02126175514 0.04665804975) (0.003206539631 0.009427831427 0.0221956474) (6.685749688e-06 0.002524195479 -0.0004770077609)
0.0037392992      (-0.01991026227 0.166682762 -0.01958014915) (-0.01910495445 0.01172354137 0.01447820436) (-0.02130632975 0.2378334642 -0.2178841374) (-0.01487835989 0.07049389694 0.09009773789) (-0.006978879143 -0.005937732594 -0.01687409485) (-0.003651724269 0.02108758287 0.04662100558) (-0.003274885395 0.009348238493 0.02214786095) (0.006456905798 0.1635395106 -0.02230781051) (0.007095425113 0.01081717559 0.0118800091) (0.006722770149 0.2391980427 -0.2212920312) (0.006429739919 0.07276320244 0.09931181638) (0.001907302669 0.006434721533 0.05743765653) (-0.008748073748 0.02340429811 0.01908696851) (-0.003148291269 0.0101267857 0.01473814673) (0.01980484536 0.1674082552 -0.02034220551) (0.0188546255 0.01201592815 0.01353704804) (0.02123690386 0.2389967873 -0.2191489139) (0.01497525666 0.07078722554 0.09047847468) (0.006816710918 -0.005743185566 -0.01560755109) (0.003559236201 0.02140625706 0.0469752937) (0.00322839938 0.009493647066 0.02234643857) (6.737224344e-06 0.002540961725 -0.000480191895)
0.0037642992      (-0.02004095012 0.1678287735 -0.01972207992) (-0.01922965709 0.01180270898 0.01456566377) (-0.0214470089 0.2394450009 -0.2194194744) (-0.01497543683 0.07093528644 0.09071478039) (-0.007025978288 -0.005955339376 -0.01691882317) (-0.003676347653 0.02122971691 0.04693552442) (-0.003297065055 0.009412974774 0.02229714019) (0.006498648144 0.1646668882 -0.0224667354) (0.007141193346 0.01088793363 0.01195090615) (0.00676688146 0.2408084813 -0.2228441374) (0.006472013291 0.07321263588 0.09999284363) (0.001923540437 0.006478860672 0.05783171316) (-0.008805042918 0.02356506752 0.01921432337) (-0.003169171174 0.0101966423 0.01483784) (0.0199344927 0.1685601343 -0.0204903443) (0.01897723494 0.01209747494 0.01361662651) (0.02137727878 0.2406173876 -0.2206945864) (0.01507299719 0.07123074039 0.09109873667) (0.00686262503 -0.005759637322 -0.01564327905) (0.003583201417 0.02155085203 0.04729263732) (0.003250265815 0.009559497716 0.02249726531) (6.788825785e-06 0.002557725928 -0.0004833758046)
0.0037892992      (-0.02017159885 0.1689752599 -0.01986407761) (-0.01935431765 0.01188187191 0.01465302522) (-0.02158765859 0.2410567311 -0.2209559388) (-0.01507249147 0.07137620974 0.09133213884) (-0.007073092071 -0.005972591095 -0.01696254694) (-0.003700976388 0.0213719266 0.04725009309) (-0.003319249281 0.009477739165 0.02244643393) (0.006540360951 0.1657948393 -0.02262567416) (0.007186933032 0.01095866015 0.01202170739) (0.00681098329 0.2424190365 -0.2243976573) (0.006514270398 0.07366142094 0.100674308) (0.001939821859 0.006523018522 0.05822597212) (-0.008861960921 0.02372580876 0.01934169592) (-0.003190041417 0.01026652869 0.01493754691) (0.02006409535 0.1697125353 -0.02063857104) (0.01909978837 0.01217902465 0.01369608175) (0.02151762726 0.2422382477 -0.2222414459) (0.01517071226 0.07167381261 0.09171933582) (0.006908563072 -0.005775701634 -0.01567770132) (0.003607176155 0.02169552131 0.04760997744) (0.003272138768 0.009625377492 0.02264809067) (6.84055669e-06 0.002574486522 -0.0004865599171)
0.0038142992      (-0.02030221061 0.1701223275 -0.02000613779) (-0.01947893949 0.011961034 0.01474030785) (-0.02172828677 0.2426687871 -0.2224936618) (-0.01516951118 0.07181672053 0.09194985086) (-0.007120223271 -0.005989467707 -0.01700518548) (-0.003725608036 0.02151421642 0.04756470881) (-0.003341438072 0.009542534749 0.02259574612) (0.006582044679 0.1669233782 -0.02278463489) (0.007232647649 0.01102935781 0.01209240988) (0.0068550903 0.2440297349 -0.2259526107) (0.006556520977 0.07410953359 0.1013561957) (0.001956145059 0.006567166422 0.05862033812) (-0.008918853289 0.0238865237 0.01946909509) (-0.003210913512 0.01033644653 0.01503727517) (0.0201936612 0.1708654971 -0.02078688353) (0.01922229169 0.01226058093 0.0137754132) (0.02165795501 0.2438594133 -0.2237895464) (0.01526839062 0.07211645665 0.09234027782) (0.006954528199 -0.005791489491 -0.01571116957) (0.003631157836 0.02184027706 0.04792739942) (0.003294018361 0.009691290972 0.02279894732) (6.89239779e-06 0.002591244948 -0.0004897437588)
0.0038392992      (-0.02043278503 0.1712698874 -0.02014826224) (-0.0196035179 0.01204019058 0.01482749674) (-0.02186888526 0.2442810418 -0.2240325476) (-0.01526649269 0.07225676896 0.09256785979) (-0.007167351997 -0.006006008443 -0.01704681871) (-0.003750241012 0.02165658348 0.04787937733) (-0.00336363025 0.009607360006 0.02274507786) (0.006623692989 0.1680524696 -0.02294360461) (0.007278329575 0.01110002281 0.01216302103) (0.00689919619 0.2456405223 -0.2275089414) (0.006598763186 0.07455694469 0.1020384791) (0.00197250827 0.006611303359 0.05901479795) (-0.008975718998 0.02404720874 0.01959651639) (-0.003231787075 0.01040639333 0.01513702146) (0.02032318441 0.1720189925 -0.02093527779) (0.0193447388 0.0123421393 0.01385462796) (0.02179825614 0.2454808307 -0.2253388582) (0.01536603473 0.07255864878 0.09296153679) (0.007000520949 -0.005807015878 -0.01574370512) (0.003655149338 0.02198511396 0.0482448908) (0.003315905098 0.009757235682 0.02294982879) (6.944299391e-06 0.00260799992 -0.0004929277428)
0.0038642992      (-0.02056332191 0.1724180104 -0.02029043924) (-0.01972804678 0.01211934194 0.01491460408) (-0.02200945697 0.2458935887 -0.2255726829) (-0.01536344314 0.07269638223 0.09318620727) (-0.007214456648 -0.006022272597 -0.01708754462) (-0.003774865899 0.02179904189 0.04819415952) (-0.003385822547 0.00967222019 0.02289445154) (0.006665315853 0.1691821476 -0.02310258639) (0.007323985424 0.01117065714 0.01223354212) (0.006943302517 0.2472514483 -0.2290666994) (0.006640997324 0.07500366336 0.1027211784) (0.001988898244 0.006655435242 0.05940936715) (-0.009032562948 0.02420787497 0.01972395604) (-0.003252665784 0.0104763716 0.01523678898) (0.02045266982 0.1731730491 -0.0210837522) (0.01946713621 0.01242370153 0.01393373137) (0.02193853844 0.247102541 -0.2268894232) (0.01546364864 0.07300039833 0.09358313875) (0.007046535469 -0.005822304358 -0.01577532547) (0.003679136684 0.02213004481 0.04856248506) (0.003337794224 0.009823216919 0.02310075101) (6.996391962e-06 0.002624752558 -0.0004961115866)
0.0038892992      (-0.02069382113 0.1735666236 -0.02043266497) (-0.01985253515 0.01219848769 0.01500162812) (-0.02215000052 0.2475063385 -0.2271139897) (-0.01546036213 0.07313552902 0.09380486659) (-0.007261559825 -0.006038303055 -0.01712745573) (-0.003799507221 0.02194159327 0.04850906996) (-0.00340802422 0.009737115707 0.02304387313) (0.006706911072 0.1703123932 -0.02326157834) (0.0073696107 0.01124125931 0.01230397161) (0.006987403624 0.2488624782 -0.2306258524) (0.00668321891 0.07544969044 0.1034042783) (0.002005326273 0.006699581304 0.05980409749) (-0.00908936347 0.02436851815 0.01985139794) (-0.00327354097 0.01054637928 0.01533657098) (0.02058211019 0.1743276415 -0.02123230172) (0.01958947843 0.01250526679 0.01401272191) (0.0220787986 0.2487245112 -0.2284412203) (0.01556123425 0.07344169517 0.09420507637) (0.00709257101 -0.005837298283 -0.01580585858) (0.003703119304 0.02227505913 0.04888012683) (0.003359685302 0.009889230478 0.02325169227) (7.048564131e-06 0.002641501835 -0.0004992956547)
0.0039142992      (-0.02082428387 0.1747157884 -0.02057493789) (-0.01997698243 0.01227763193 0.01508857557) (-0.02229051771 0.2491193646 -0.2286565506) (-0.01555725419 0.07357423795 0.09442388011) (-0.007308660642 -0.006054044022 -0.01716639007) (-0.003824157882 0.02208423005 0.04882405614) (-0.003430233085 0.009802043681 0.02319332384) (0.006748483751 0.1714432249 -0.02342058685) (0.007415209383 0.01131183397 0.01237430852) (0.00703150058 0.2504736399 -0.2321864259) (0.006725431896 0.07589503779 0.104087793) (0.00202180084 0.006743719901 0.06019891898) (-0.009146128009 0.02452913233 0.01997883622) (-0.003294418144 0.01061641625 0.01543637064) (0.02071151025 0.1754827894 -0.02138092245) (0.01971176984 0.01258683719 0.01409159938) (0.02221903778 0.2503467656 -0.2299942863) (0.01565879043 0.07388255235 0.09482737629) (0.007138596726 -0.00585203124 -0.01583542222) (0.003727096315 0.02242016321 0.04919783936) (0.003381577569 0.009955278041 0.02340266385) (7.100925568e-06 0.002658248612 -0.0005024795359)
0.0039392992      (-0.02095471017 0.1758654663 -0.02071726548) (-0.02010138833 0.01235677484 0.01517542809) (-0.02243100136 0.2507326038 -0.2302003202) (-0.01565411157 0.07401248727 0.09504322895) (-0.007355753966 -0.006069440274 -0.0172042232) (-0.003848803495 0.02222694472 0.04913906652) (-0.003452443071 0.009867000672 0.02334278598) (0.006790029109 0.1725746279 -0.02357960767) (0.007460775296 0.01138238163 0.01244455217) (0.007075588122 0.252084907 -0.2337484012) (0.006767633735 0.07633969616 0.1047717197) (0.002038318382 0.006787850955 0.06059383908) (-0.009202849915 0.02468971423 0.02010626558) (-0.003315295392 0.01068648102 0.0155361859) (0.02084087109 0.1766384844 -0.02152961209) (0.01983400724 0.01266841143 0.01417036555) (0.02235925159 0.2519692796 -0.2315486081) (0.01575631205 0.07432295811 0.0954500312) (0.007184618952 -0.005866497111 -0.01586400007) (0.003751079952 0.02256535197 0.04951560617) (0.003403474838 0.01002135654 0.02355365761) (7.153239166e-06 0.002674991977 -0.0005056636028)
0.0039642992      (-0.02108510039 0.1770157059 -0.02085964176) (-0.02022575265 0.01243591753 0.01526220718) (-0.02257145818 0.2523461147 -0.2317453507) (-0.01575093433 0.07445029678 0.09566294557) (-0.007402843683 -0.00608447296 -0.01724089641) (-0.003873452022 0.02236974446 0.04945410234) (-0.00347465649 0.009931989386 0.02349226356) (0.006831551616 0.1737066149 -0.0237386364) (0.007506315661 0.01145290239 0.01251470969) (0.007119671016 0.2536962973 -0.2353117943) (0.006809828134 0.0767836693 0.1054560741) (0.002054852041 0.006831972157 0.06098884) (-0.009259549586 0.02485027761 0.02023368822) (-0.003336182765 0.01075657717 0.01563602437) (0.02097019444 0.1777947438 -0.02167836695) (0.01995619558 0.01274998846 0.01424903022) (0.02249944755 0.253592063 -0.233104191) (0.01585379207 0.07476291506 0.09607305963) (0.007230637186 -0.005880755469 -0.01589172889) (0.003775062476 0.02271064385 0.04983349335) (0.003425374776 0.01008747302 0.023704701) (7.205788627e-06 0.002691732923 -0.0005088475923)
0.0039892992      (-0.02121545188 0.1781664502 -0.02100206249) (-0.02035007268 0.01251505883 0.01534890801) (-0.0227118862 0.2539598255 -0.2332915843) (-0.01584770842 0.07488761472 0.09628302112) (-0.007449950136 -0.006099264347 -0.01727672059) (-0.003898098524 0.02251263728 0.04976923923) (-0.003496871717 0.009997011753 0.02364178166) (0.006873040108 0.1748391479 -0.023897672) (0.007551824353 0.01152339149 0.01258477636) (0.00716374542 0.2553077678 -0.2368765669) (0.006852014369 0.07722695117 0.1061408595) (0.002071400464 0.006876096247 0.06138395244) (-0.009316215083 0.025010822 0.0203610933) (-0.003357075449 0.01082670275 0.01573587957) (0.02109947478 0.1789515369 -0.02182718116) (0.02007832984 0.01283156717 0.01432758928) (0.0226396236 0.2552150714 -0.2346610109) (0.01595122642 0.07520237188 0.09669646149) (0.007276645831 -0.005894757537 -0.01591846266) (0.003799036677 0.0228560377 0.050151475) (0.003447273992 0.01015362658 0.02385578379) (7.258283543e-06 0.002708470422 -0.0005120320448)
0.0040142992      (-0.02134576701 0.1793177367 -0.0211445247) (-0.02047434896 0.01259419945 0.01543553414) (-0.02285228793 0.2555737767 -0.2348390849) (-0.01594444804 0.07532444226 0.0969034909) (-0.007497069639 -0.006113796766 -0.01731160853) (-0.003922744507 0.02265562831 0.0500844741) (-0.003519089978 0.01006206956 0.02379133939) (0.006914501541 0.1759722336 -0.02405673526) (0.007597306465 0.01159385336 0.01265474737) (0.0072078145 0.256919357 -0.2384427641) (0.006894193799 0.07766956604 0.106826124) (0.002087975233 0.006920236681 0.06177922036) (-0.00937284535 0.02517135085 0.02048847796) (-0.003377970205 0.0108968602 0.01583575516) (0.02122871639 0.1801088794 -0.02197606275) (0.02020041377 0.01291315204 0.01440604051) (0.02277978 0.2568383334 -0.2362191172) (0.01604862719 0.07564134014 0.09732026802) (0.007322676843 -0.005908495017 -0.01594420694) (0.003823009352 0.02300152953 0.05046953625) (0.003469176724 0.01021981597 0.02400690175) (7.31103333e-06 0.00272520541 -0.0005152164932)
0.0040392992      (-0.02147604762 0.180469538 -0.02128703274) (-0.02059857942 0.01267333691 0.0155220743) (-0.02299265526 0.2571879203 -0.2363878345) (-0.01604115065 0.07576077187 0.09752434262) (-0.007544203327 -0.006128113178 -0.01734564228) (-0.003947389754 0.02279870751 0.0503997958) (-0.003541310483 0.01012715853 0.02394093153) (0.006955944167 0.1771058555 -0.024215816) (0.007642758545 0.01166428761 0.01272462886) (0.007251874427 0.2585310356 -0.2400103875) (0.006936362954 0.07811150708 0.1075118695) (0.002104568762 0.006964371112 0.06217456792) (-0.009429456116 0.0253318569 0.02061584501) (-0.0033988725 0.01096704732 0.01593565172) (0.02135791803 0.181266759 -0.02212500472) (0.02032244153 0.01299474164 0.01448438753) (0.02291990722 0.2584618241 -0.2377785091) (0.01614599002 0.07607981274 0.09794447136) (0.007368738477 -0.005922008076 -0.01596909226) (0.00384698703 0.02314711558 0.0507876944) (0.003491084857 0.01028603955 0.02415805976) (7.363751803e-06 0.002741937091 -0.0005184013422)
0.0040642992      (-0.02160629072 0.1816218756 -0.02142957988) (-0.02072276397 0.01275247133 0.01560854348) (-0.0231329868 0.2588022843 -0.2379379069) (-0.01613781672 0.07619661208 0.09814559009) (-0.007591350971 -0.00614228617 -0.01737902721) (-0.003972037179 0.02294187743 0.05071524711) (-0.003563534136 0.01019227982 0.02409057408) (0.006997370462 0.1782400295 -0.02437489452) (0.007688184086 0.01173469394 0.01279442876) (0.007295929564 0.2601428043 -0.2415794506) (0.0069785222 0.07855277315 0.1081981039) (0.002121163071 0.007008502259 0.06257001911) (-0.009486052689 0.02549234304 0.02074320014) (-0.003419784154 0.01103726551 0.01603557131) (0.02148707902 0.1824251836 -0.02227399808) (0.02044441627 0.01307633443 0.01456263631) (0.02305999817 0.2600855444 -0.2393392505) (0.01624331358 0.07651779662 0.09856907697) (0.007414835243 -0.005935294114 -0.01599311514) (0.003870968258 0.02329280149 0.05110596468) (0.003512997918 0.01035229972 0.02430926471) (7.416754844e-06 0.00275866619 -0.0005215861443)
0.0040892992      (-0.02173649314 0.1827747213 -0.02157216212) (-0.02084690256 0.0128316025 0.01569493899) (-0.02327327515 0.2604168292 -0.2394893345) (-0.01623444301 0.07663195844 0.09876722317) (-0.007638502551 -0.006156276725 -0.01741165234) (-0.003996688125 0.02308513869 0.05103081578) (-0.00358576146 0.01025743391 0.02424026336) (0.007038778934 0.1793747459 -0.02453396568) (0.00773358126 0.0118050732 0.01286414993) (0.007339964803 0.2617546333 -0.2431499241) (0.007020666795 0.07899333897 0.1088848032) (0.0021377815 0.007052633426 0.06296556501) (-0.009542622913 0.02565278866 0.02087054743) (-0.003440700857 0.01110751212 0.01613550863) (0.02161619261 0.1835841374 -0.02242303984) (0.02056633406 0.01315793092 0.01464077964) (0.02320005461 0.2617094763 -0.2409013782) (0.01634059807 0.07695528473 0.09919407769) (0.007460979673 -0.005948333283 -0.01601625204) (0.0038949472 0.02343857997 0.0514243251) (0.003534913289 0.01041859338 0.02446050695) (7.469797387e-06 0.002775392019 -0.0005247713462)
0.0041142992      (-0.02186665222 0.1839280911 -0.02171476977) (-0.02097099428 0.01291073115 0.01578126828) (-0.02341352521 0.2620315624 -0.2410421662) (-0.01633102882 0.07706681758 0.09938925325) (-0.007685686773 -0.006170050946 -0.01744345776) (-0.004021341358 0.02322848245 0.05134646793) (-0.003607992851 0.0103226178 0.02438998685) (0.007080175469 0.1805100037 -0.02469302565) (0.007778953731 0.01187542633 0.01293380011) (0.007383974173 0.2633665167 -0.2447217924) (0.007062801696 0.07943322338 0.1095719803) (0.002154412122 0.007096757494 0.06336117225) (-0.009599183288 0.02581319069 0.02099790205) (-0.003461630587 0.01117778907 0.01623546901) (0.02174525849 0.1847436167 -0.02257211694) (0.02068820099 0.01323952948 0.01471882619) (0.02334008682 0.2633336022 -0.2424649193) (0.01643784004 0.0773922814 0.09981947699) (0.007507130877 -0.005961147112 -0.01603857449) (0.003918929091 0.02358446604 0.05174282459) (0.00355683264 0.01048492606 0.02461180623) (7.52304329e-06 0.002792115245 -0.0005279565169)
