ISO-10303-21;
HEADER;
FILE_DESCRIPTION(('FreeCAD Model'),'2;1');
FILE_NAME('Open CASCADE Shape Model','2026-09-08T10:22:32',('FreeCAD'),(
    'FreeCAD'),'Open CASCADE STEP processor 7.8','FreeCAD','Unknown');
FILE_SCHEMA(('AUTOMOTIVE_DESIGN { 1 0 10303 214 1 1 1 1 }'));
ENDSEC;
DATA;
#1 = APPLICATION_PROTOCOL_DEFINITION('international standard',
  'automotive_design',2000,#2);
#2 = APPLICATION_CONTEXT(
  'core data for automotive mechanical design processes');
#3 = SHAPE_DEFINITION_REPRESENTATION(#4,#10);
#4 = PRODUCT_DEFINITION_SHAPE('','',#5);
#5 = PRODUCT_DEFINITION('design','',#6,#9);
#6 = PRODUCT_DEFINITION_FORMATION('','',#7);
#7 = PRODUCT('Open CASCADE STEP translator 7.8 8',
  'Open CASCADE STEP translator 7.8 8','',(#8));
#8 = PRODUCT_CONTEXT('',#2,'mechanical');
#9 = PRODUCT_DEFINITION_CONTEXT('part definition',#2,'design');
#10 = ADVANCED_BREP_SHAPE_REPRESENTATION('',(#11,#15),#2601);
#11 = AXIS2_PLACEMENT_3D('',#12,#13,#14);
#12 = CARTESIAN_POINT('',(0.,0.,0.));
#13 = DIRECTION('',(0.,0.,1.));
#14 = DIRECTION('',(1.,0.,-0.));
#15 = MANIFOLD_SOLID_BREP('',#16);
#16 = CLOSED_SHELL('',(#17,#137,#285,#414,#446,#486,#510,#534,#558,#582,
    #606,#630,#654,#678,#702,#719,#753,#942,#967,#991,#1009,#1049,#1209,
    #1249,#1265,#1363,#1387,#1405,#1448,#1470,#1487,#1499,#1537,#1554,
    #1566,#1588,#1605,#1617,#1639,#1656,#1668,#1700,#1735,#1760,#1779,
    #1790,#1828,#1839,#1863,#1906,#1937,#1987,#2030,#2061,#2111,#2161,
    #2178,#2209,#2259,#2309,#2326,#2357,#2388,#2412,#2459,#2477,#2490,
    #2535,#2548,#2559,#2573,#2587));
#17 = ADVANCED_FACE('',(#18),#132,.T.);
#18 = FACE_BOUND('',#19,.T.);
#19 = EDGE_LOOP('',(#20,#30,#38,#46,#54,#62,#70,#78,#86,#94,#102,#110,
    #118,#126));
#20 = ORIENTED_EDGE('',*,*,#21,.T.);
#21 = EDGE_CURVE('',#22,#24,#26,.T.);
#22 = VERTEX_POINT('',#23);
#23 = CARTESIAN_POINT('',(192.2,207.67691163458,3.));
#24 = VERTEX_POINT('',#25);
#25 = CARTESIAN_POINT('',(183.5,207.67691163458,3.));
#26 = LINE('',#27,#28);
#27 = CARTESIAN_POINT('',(195.2,207.67691163458,3.));
#28 = VECTOR('',#29,1.);
#29 = DIRECTION('',(-1.,0.,0.));
#30 = ORIENTED_EDGE('',*,*,#31,.F.);
#31 = EDGE_CURVE('',#32,#24,#34,.T.);
#32 = VERTEX_POINT('',#33);
#33 = CARTESIAN_POINT('',(183.5,203.37691163458,3.));
#34 = LINE('',#35,#36);
#35 = CARTESIAN_POINT('',(183.5,21.865457973969,3.));
#36 = VECTOR('',#37,1.);
#37 = DIRECTION('',(0.,1.,6.661338147751E-16));
#38 = ORIENTED_EDGE('',*,*,#39,.T.);
#39 = EDGE_CURVE('',#32,#40,#42,.T.);
#40 = VERTEX_POINT('',#41);
#41 = CARTESIAN_POINT('',(186.20294372515,203.37691163458,3.));
#42 = LINE('',#43,#44);
#43 = CARTESIAN_POINT('',(75.9,203.37691163458,3.));
#44 = VECTOR('',#45,1.);
#45 = DIRECTION('',(1.,0.,0.));
#46 = ORIENTED_EDGE('',*,*,#47,.T.);
#47 = EDGE_CURVE('',#40,#48,#50,.T.);
#48 = VERTEX_POINT('',#49);
#49 = CARTESIAN_POINT('',(183.5,200.67396790942,3.));
#50 = LINE('',#51,#52);
#51 = CARTESIAN_POINT('',(187.20294372515,204.37691163458,3.));
#52 = VECTOR('',#53,1.);
#53 = DIRECTION('',(-0.707106781187,-0.707106781187,-4.710277376051E-16)
  );
#54 = ORIENTED_EDGE('',*,*,#55,.F.);
#55 = EDGE_CURVE('',#56,#48,#58,.T.);
#56 = VERTEX_POINT('',#57);
#57 = CARTESIAN_POINT('',(183.5,197.27985535973,3.));
#58 = LINE('',#59,#60);
#59 = CARTESIAN_POINT('',(183.5,21.865457973969,3.));
#60 = VECTOR('',#61,1.);
#61 = DIRECTION('',(0.,1.,6.661338147751E-16));
#62 = ORIENTED_EDGE('',*,*,#63,.T.);
#63 = EDGE_CURVE('',#56,#64,#66,.T.);
#64 = VERTEX_POINT('',#65);
#65 = CARTESIAN_POINT('',(187.9,201.67985535973,3.));
#66 = LINE('',#67,#68);
#67 = CARTESIAN_POINT('',(76.597056274848,90.376911634581,3.));
#68 = VECTOR('',#69,1.);
#69 = DIRECTION('',(0.707106781187,0.707106781187,4.710277376051E-16));
#70 = ORIENTED_EDGE('',*,*,#71,.T.);
#71 = EDGE_CURVE('',#64,#72,#74,.T.);
#72 = VERTEX_POINT('',#73);
#73 = CARTESIAN_POINT('',(187.9,93.073967909429,3.));
#74 = LINE('',#75,#76);
#75 = CARTESIAN_POINT('',(187.9,203.37691163458,3.));
#76 = VECTOR('',#77,1.);
#77 = DIRECTION('',(0.,-1.,-6.661338147751E-16));
#78 = ORIENTED_EDGE('',*,*,#79,.F.);
#79 = EDGE_CURVE('',#80,#72,#82,.T.);
#80 = VERTEX_POINT('',#81);
#81 = CARTESIAN_POINT('',(183.5,97.473967909429,3.));
#82 = LINE('',#83,#84);
#83 = CARTESIAN_POINT('',(76.597056274848,204.37691163458,3.));
#84 = VECTOR('',#85,1.);
#85 = DIRECTION('',(0.707106781187,-0.707106781187,-4.710277376051E-16)
  );
#86 = ORIENTED_EDGE('',*,*,#87,.F.);
#87 = EDGE_CURVE('',#88,#80,#90,.T.);
#88 = VERTEX_POINT('',#89);
#89 = CARTESIAN_POINT('',(183.5,94.079855359734,3.));
#90 = LINE('',#91,#92);
#91 = CARTESIAN_POINT('',(183.5,21.865457973969,3.));
#92 = VECTOR('',#93,1.);
#93 = DIRECTION('',(0.,1.,6.661338147751E-16));
#94 = ORIENTED_EDGE('',*,*,#95,.F.);
#95 = EDGE_CURVE('',#96,#88,#98,.T.);
#96 = VERTEX_POINT('',#97);
#97 = CARTESIAN_POINT('',(186.20294372515,91.376911634581,3.));
#98 = LINE('',#99,#100);
#99 = CARTESIAN_POINT('',(187.20294372515,90.376911634581,3.));
#100 = VECTOR('',#101,1.);
#101 = DIRECTION('',(-0.707106781187,0.707106781187,4.710277376051E-16)
  );
#102 = ORIENTED_EDGE('',*,*,#103,.T.);
#103 = EDGE_CURVE('',#96,#104,#106,.T.);
#104 = VERTEX_POINT('',#105);
#105 = CARTESIAN_POINT('',(183.5,91.376911634581,3.));
#106 = LINE('',#107,#108);
#107 = CARTESIAN_POINT('',(187.9,91.376911634581,3.));
#108 = VECTOR('',#109,1.);
#109 = DIRECTION('',(-1.,0.,0.));
#110 = ORIENTED_EDGE('',*,*,#111,.F.);
#111 = EDGE_CURVE('',#112,#104,#114,.T.);
#112 = VERTEX_POINT('',#113);
#113 = CARTESIAN_POINT('',(183.5,87.076911634581,3.));
#114 = LINE('',#115,#116);
#115 = CARTESIAN_POINT('',(183.5,21.865457973969,3.));
#116 = VECTOR('',#117,1.);
#117 = DIRECTION('',(0.,1.,6.661338147751E-16));
#118 = ORIENTED_EDGE('',*,*,#119,.T.);
#119 = EDGE_CURVE('',#112,#120,#122,.T.);
#120 = VERTEX_POINT('',#121);
#121 = CARTESIAN_POINT('',(192.2,87.076911634581,3.));
#122 = LINE('',#123,#124);
#123 = CARTESIAN_POINT('',(163.55,87.076911634581,3.));
#124 = VECTOR('',#125,1.);
#125 = DIRECTION('',(1.,0.,0.));
#126 = ORIENTED_EDGE('',*,*,#127,.T.);
#127 = EDGE_CURVE('',#120,#22,#128,.T.);
#128 = LINE('',#129,#130);
#129 = CARTESIAN_POINT('',(192.2,177.13119252871,3.));
#130 = VECTOR('',#131,1.);
#131 = DIRECTION('',(0.,1.,6.661338147751E-16));
#132 = PLANE('',#133);
#133 = AXIS2_PLACEMENT_3D('',#134,#135,#136);
#134 = CARTESIAN_POINT('',(131.9,147.37691163458,3.));
#135 = DIRECTION('',(0.,-6.661338147751E-16,1.));
#136 = DIRECTION('',(1.,0.,0.));
#137 = ADVANCED_FACE('',(#138,#269),#280,.T.);
#138 = FACE_BOUND('',#139,.T.);
#139 = EDGE_LOOP('',(#140,#150,#158,#166,#174,#182,#190,#198,#206,#214,
    #223,#231,#240,#248,#256,#262,#263));
#140 = ORIENTED_EDGE('',*,*,#141,.F.);
#141 = EDGE_CURVE('',#142,#144,#146,.T.);
#142 = VERTEX_POINT('',#143);
#143 = CARTESIAN_POINT('',(192.2,207.67691163458,30.3));
#144 = VERTEX_POINT('',#145);
#145 = CARTESIAN_POINT('',(192.2,207.67691163458,16.));
#146 = LINE('',#147,#148);
#147 = CARTESIAN_POINT('',(192.2,207.67691163458,30.3));
#148 = VECTOR('',#149,1.);
#149 = DIRECTION('',(0.,2.22044604925E-16,-1.));
#150 = ORIENTED_EDGE('',*,*,#151,.F.);
#151 = EDGE_CURVE('',#152,#142,#154,.T.);
#152 = VERTEX_POINT('',#153);
#153 = CARTESIAN_POINT('',(188.2,207.67691163458,34.3));
#154 = LINE('',#155,#156);
#155 = CARTESIAN_POINT('',(188.2,207.67691163458,34.3));
#156 = VECTOR('',#157,1.);
#157 = DIRECTION('',(0.707106781187,4.710277376051E-16,-0.707106781187)
  );
#158 = ORIENTED_EDGE('',*,*,#159,.F.);
#159 = EDGE_CURVE('',#160,#152,#162,.T.);
#160 = VERTEX_POINT('',#161);
#161 = CARTESIAN_POINT('',(188.2,207.67691163458,35.1));
#162 = LINE('',#163,#164);
#163 = CARTESIAN_POINT('',(188.2,207.67691163458,35.1));
#164 = VECTOR('',#165,1.);
#165 = DIRECTION('',(0.,6.661338147751E-16,-1.));
#166 = ORIENTED_EDGE('',*,*,#167,.F.);
#167 = EDGE_CURVE('',#168,#160,#170,.T.);
#168 = VERTEX_POINT('',#169);
#169 = CARTESIAN_POINT('',(195.2,207.67691163458,35.1));
#170 = LINE('',#171,#172);
#171 = CARTESIAN_POINT('',(195.2,207.67691163458,35.1));
#172 = VECTOR('',#173,1.);
#173 = DIRECTION('',(-1.,1.665334536938E-31,-2.5E-16));
#174 = ORIENTED_EDGE('',*,*,#175,.F.);
#175 = EDGE_CURVE('',#176,#168,#178,.T.);
#176 = VERTEX_POINT('',#177);
#177 = CARTESIAN_POINT('',(195.2,207.67691163458,31.783099256546));
#178 = LINE('',#179,#180);
#179 = CARTESIAN_POINT('',(195.2,207.67691163458,9.592326932761E-14));
#180 = VECTOR('',#181,1.);
#181 = DIRECTION('',(0.,-6.661338147751E-16,1.));
#182 = ORIENTED_EDGE('',*,*,#183,.T.);
#183 = EDGE_CURVE('',#176,#184,#186,.T.);
#184 = VERTEX_POINT('',#185);
#185 = CARTESIAN_POINT('',(196.2,207.67691163458,31.783099256546));
#186 = LINE('',#187,#188);
#187 = CARTESIAN_POINT('',(120.4,207.67691163458,31.783099256546));
#188 = VECTOR('',#189,1.);
#189 = DIRECTION('',(1.,0.,0.));
#190 = ORIENTED_EDGE('',*,*,#191,.F.);
#191 = EDGE_CURVE('',#192,#184,#194,.T.);
#192 = VERTEX_POINT('',#193);
#193 = CARTESIAN_POINT('',(196.2,207.67691163458,29.249260563693));
#194 = LINE('',#195,#196);
#195 = CARTESIAN_POINT('',(196.2,207.67691163458,-27.23201110321));
#196 = VECTOR('',#197,1.);
#197 = DIRECTION('',(3.2E-16,-1.110223024625E-16,1.));
#198 = ORIENTED_EDGE('',*,*,#199,.T.);
#199 = EDGE_CURVE('',#192,#200,#202,.T.);
#200 = VERTEX_POINT('',#201);
#201 = CARTESIAN_POINT('',(195.2,207.67691163458,29.249260563693));
#202 = LINE('',#203,#204);
#203 = CARTESIAN_POINT('',(120.4,207.67691163458,29.249260563693));
#204 = VECTOR('',#205,1.);
#205 = DIRECTION('',(-1.,0.,0.));
#206 = ORIENTED_EDGE('',*,*,#207,.F.);
#207 = EDGE_CURVE('',#208,#200,#210,.T.);
#208 = VERTEX_POINT('',#209);
#209 = CARTESIAN_POINT('',(195.2,207.67691163458,19.633180424917));
#210 = LINE('',#211,#212);
#211 = CARTESIAN_POINT('',(195.2,207.67691163458,9.592326932761E-14));
#212 = VECTOR('',#213,1.);
#213 = DIRECTION('',(0.,-6.661338147751E-16,1.));
#214 = ORIENTED_EDGE('',*,*,#215,.F.);
#215 = EDGE_CURVE('',#216,#208,#218,.T.);
#216 = VERTEX_POINT('',#217);
#217 = CARTESIAN_POINT('',(198.5,207.67691163458,18.632489316218));
#218 = CIRCLE('',#219,3.7);
#219 = AXIS2_PLACEMENT_3D('',#220,#221,#222);
#220 = CARTESIAN_POINT('',(195.9,207.67691163458,16.));
#221 = DIRECTION('',(0.,-1.,-6.661338147751E-16));
#222 = DIRECTION('',(1.,0.,0.));
#223 = ORIENTED_EDGE('',*,*,#224,.T.);
#224 = EDGE_CURVE('',#216,#225,#227,.T.);
#225 = VERTEX_POINT('',#226);
#226 = CARTESIAN_POINT('',(198.5,207.67691163458,13.367510683782));
#227 = LINE('',#228,#229);
#228 = CARTESIAN_POINT('',(198.5,207.67691163458,10.591098221647));
#229 = VECTOR('',#230,1.);
#230 = DIRECTION('',(0.,0.,-1.));
#231 = ORIENTED_EDGE('',*,*,#232,.F.);
#232 = EDGE_CURVE('',#233,#225,#235,.T.);
#233 = VERTEX_POINT('',#234);
#234 = CARTESIAN_POINT('',(195.2,207.67691163458,12.366819575083));
#235 = CIRCLE('',#236,3.7);
#236 = AXIS2_PLACEMENT_3D('',#237,#238,#239);
#237 = CARTESIAN_POINT('',(195.9,207.67691163458,16.));
#238 = DIRECTION('',(0.,-1.,-6.661338147751E-16));
#239 = DIRECTION('',(1.,0.,0.));
#240 = ORIENTED_EDGE('',*,*,#241,.F.);
#241 = EDGE_CURVE('',#242,#233,#244,.T.);
#242 = VERTEX_POINT('',#243);
#243 = CARTESIAN_POINT('',(195.2,207.67691163458,1.136868377216E-13));
#244 = LINE('',#245,#246);
#245 = CARTESIAN_POINT('',(195.2,207.67691163458,9.592326932761E-14));
#246 = VECTOR('',#247,1.);
#247 = DIRECTION('',(0.,-6.661338147751E-16,1.));
#248 = ORIENTED_EDGE('',*,*,#249,.T.);
#249 = EDGE_CURVE('',#242,#250,#252,.T.);
#250 = VERTEX_POINT('',#251);
#251 = CARTESIAN_POINT('',(183.5,207.67691163458,1.136868377216E-13));
#252 = LINE('',#253,#254);
#253 = CARTESIAN_POINT('',(195.2,207.67691163458,9.592326932761E-14));
#254 = VECTOR('',#255,1.);
#255 = DIRECTION('',(-1.,0.,0.));
#256 = ORIENTED_EDGE('',*,*,#257,.F.);
#257 = EDGE_CURVE('',#24,#250,#258,.T.);
#258 = LINE('',#259,#260);
#259 = CARTESIAN_POINT('',(183.5,207.67691163458,10.591098221647));
#260 = VECTOR('',#261,1.);
#261 = DIRECTION('',(0.,0.,-1.));
#262 = ORIENTED_EDGE('',*,*,#21,.F.);
#263 = ORIENTED_EDGE('',*,*,#264,.F.);
#264 = EDGE_CURVE('',#144,#22,#265,.T.);
#265 = LINE('',#266,#267);
#266 = CARTESIAN_POINT('',(192.2,207.67691163458,30.3));
#267 = VECTOR('',#268,1.);
#268 = DIRECTION('',(0.,6.661338147751E-16,-1.));
#269 = FACE_BOUND('',#270,.T.);
#270 = EDGE_LOOP('',(#271));
#271 = ORIENTED_EDGE('',*,*,#272,.F.);
#272 = EDGE_CURVE('',#273,#273,#275,.T.);
#273 = VERTEX_POINT('',#274);
#274 = CARTESIAN_POINT('',(198.2,207.67691163458,16.));
#275 = CIRCLE('',#276,2.3);
#276 = AXIS2_PLACEMENT_3D('',#277,#278,#279);
#277 = CARTESIAN_POINT('',(195.9,207.67691163458,16.));
#278 = DIRECTION('',(-0.,1.,8.861338147751E-16));
#279 = DIRECTION('',(1.,0.,0.));
#280 = PLANE('',#281);
#281 = AXIS2_PLACEMENT_3D('',#282,#283,#284);
#282 = CARTESIAN_POINT('',(132.30981287867,207.67691163458,
    8.859865972958));
#283 = DIRECTION('',(0.,1.,0.));
#284 = DIRECTION('',(0.,0.,-1.));
#285 = ADVANCED_FACE('',(#286,#305,#331,#357,#383),#409,.T.);
#286 = FACE_BOUND('',#287,.T.);
#287 = EDGE_LOOP('',(#288,#289,#290,#291,#299));
#288 = ORIENTED_EDGE('',*,*,#141,.T.);
#289 = ORIENTED_EDGE('',*,*,#264,.T.);
#290 = ORIENTED_EDGE('',*,*,#127,.F.);
#291 = ORIENTED_EDGE('',*,*,#292,.F.);
#292 = EDGE_CURVE('',#293,#120,#295,.T.);
#293 = VERTEX_POINT('',#294);
#294 = CARTESIAN_POINT('',(192.2,87.076911634581,30.3));
#295 = LINE('',#296,#297);
#296 = CARTESIAN_POINT('',(192.2,87.076911634581,30.3));
#297 = VECTOR('',#298,1.);
#298 = DIRECTION('',(0.,2.22044604925E-16,-1.));
#299 = ORIENTED_EDGE('',*,*,#300,.F.);
#300 = EDGE_CURVE('',#142,#293,#301,.T.);
#301 = LINE('',#302,#303);
#302 = CARTESIAN_POINT('',(192.2,207.67691163458,30.3));
#303 = VECTOR('',#304,1.);
#304 = DIRECTION('',(0.,-1.,1.110223024625E-16));
#305 = FACE_BOUND('',#306,.T.);
#306 = EDGE_LOOP('',(#307,#317,#325));
#307 = ORIENTED_EDGE('',*,*,#308,.F.);
#308 = EDGE_CURVE('',#309,#311,#313,.T.);
#309 = VERTEX_POINT('',#310);
#310 = CARTESIAN_POINT('',(192.2,133.3769116346,22.));
#311 = VERTEX_POINT('',#312);
#312 = CARTESIAN_POINT('',(192.2,143.3769116346,6.));
#313 = LINE('',#314,#315);
#314 = CARTESIAN_POINT('',(192.2,146.9471363537,0.287640449443));
#315 = VECTOR('',#316,1.);
#316 = DIRECTION('',(0.,0.529998940003,-0.847998304005));
#317 = ORIENTED_EDGE('',*,*,#318,.F.);
#318 = EDGE_CURVE('',#319,#309,#321,.T.);
#319 = VERTEX_POINT('',#320);
#320 = CARTESIAN_POINT('',(192.2,123.3769116346,6.));
#321 = LINE('',#322,#323);
#322 = CARTESIAN_POINT('',(192.2,145.67747343235,41.6808988764));
#323 = VECTOR('',#324,1.);
#324 = DIRECTION('',(0.,0.529998940003,0.847998304005));
#325 = ORIENTED_EDGE('',*,*,#326,.F.);
#326 = EDGE_CURVE('',#311,#319,#327,.T.);
#327 = LINE('',#328,#329);
#328 = CARTESIAN_POINT('',(192.2,165.52691163459,6.));
#329 = VECTOR('',#330,1.);
#330 = DIRECTION('',(0.,-1.,-8.861338147751E-16));
#331 = FACE_BOUND('',#332,.T.);
#332 = EDGE_LOOP('',(#333,#343,#351));
#333 = ORIENTED_EDGE('',*,*,#334,.F.);
#334 = EDGE_CURVE('',#335,#337,#339,.T.);
#335 = VERTEX_POINT('',#336);
#336 = CARTESIAN_POINT('',(192.2,189.37691163458,22.));
#337 = VERTEX_POINT('',#338);
#338 = CARTESIAN_POINT('',(192.2,199.37691163458,6.));
#339 = LINE('',#340,#341);
#340 = CARTESIAN_POINT('',(192.2,195.08196781435,12.87191011236));
#341 = VECTOR('',#342,1.);
#342 = DIRECTION('',(0.,0.529998940003,-0.847998304005));
#343 = ORIENTED_EDGE('',*,*,#344,.F.);
#344 = EDGE_CURVE('',#345,#335,#347,.T.);
#345 = VERTEX_POINT('',#346);
#346 = CARTESIAN_POINT('',(192.2,179.37691163458,6.));
#347 = LINE('',#348,#349);
#348 = CARTESIAN_POINT('',(192.2,193.812304893,29.096629213483));
#349 = VECTOR('',#350,1.);
#350 = DIRECTION('',(0.,0.529998940003,0.847998304005));
#351 = ORIENTED_EDGE('',*,*,#352,.F.);
#352 = EDGE_CURVE('',#337,#345,#353,.T.);
#353 = LINE('',#354,#355);
#354 = CARTESIAN_POINT('',(192.2,193.52691163458,6.));
#355 = VECTOR('',#356,1.);
#356 = DIRECTION('',(0.,-1.,-8.861338147751E-16));
#357 = FACE_BOUND('',#358,.T.);
#358 = EDGE_LOOP('',(#359,#369,#377));
#359 = ORIENTED_EDGE('',*,*,#360,.F.);
#360 = EDGE_CURVE('',#361,#363,#365,.T.);
#361 = VERTEX_POINT('',#362);
#362 = CARTESIAN_POINT('',(192.2,105.37691163458,22.));
#363 = VERTEX_POINT('',#364);
#364 = CARTESIAN_POINT('',(192.2,115.37691163458,6.));
#365 = LINE('',#366,#367);
#366 = CARTESIAN_POINT('',(192.2,122.87972062334,-6.004494382022));
#367 = VECTOR('',#368,1.);
#368 = DIRECTION('',(0.,0.529998940003,-0.847998304005));
#369 = ORIENTED_EDGE('',*,*,#370,.F.);
#370 = EDGE_CURVE('',#371,#361,#373,.T.);
#371 = VERTEX_POINT('',#372);
#372 = CARTESIAN_POINT('',(192.2,95.376911634581,6.));
#373 = LINE('',#374,#375);
#374 = CARTESIAN_POINT('',(192.2,121.61005770199,47.973033707865));
#375 = VECTOR('',#376,1.);
#376 = DIRECTION('',(0.,0.529998940003,0.847998304005));
#377 = ORIENTED_EDGE('',*,*,#378,.F.);
#378 = EDGE_CURVE('',#363,#371,#379,.T.);
#379 = LINE('',#380,#381);
#380 = CARTESIAN_POINT('',(192.2,151.52691163458,6.));
#381 = VECTOR('',#382,1.);
#382 = DIRECTION('',(0.,-1.,-8.861338147751E-16));
#383 = FACE_BOUND('',#384,.T.);
#384 = EDGE_LOOP('',(#385,#395,#403));
#385 = ORIENTED_EDGE('',*,*,#386,.F.);
#386 = EDGE_CURVE('',#387,#389,#391,.T.);
#387 = VERTEX_POINT('',#388);
#388 = CARTESIAN_POINT('',(192.2,161.37691163456,22.));
#389 = VERTEX_POINT('',#390);
#390 = CARTESIAN_POINT('',(192.2,171.37691163456,6.));
#391 = LINE('',#392,#393);
#392 = CARTESIAN_POINT('',(192.2,171.014552084,6.579775280894));
#393 = VECTOR('',#394,1.);
#394 = DIRECTION('',(0.,0.529998940003,-0.847998304005));
#395 = ORIENTED_EDGE('',*,*,#396,.F.);
#396 = EDGE_CURVE('',#397,#387,#399,.T.);
#397 = VERTEX_POINT('',#398);
#398 = CARTESIAN_POINT('',(192.2,151.37691163456,6.));
#399 = LINE('',#400,#401);
#400 = CARTESIAN_POINT('',(192.2,169.74488916265,35.388764044948));
#401 = VECTOR('',#402,1.);
#402 = DIRECTION('',(0.,0.529998940003,0.847998304005));
#403 = ORIENTED_EDGE('',*,*,#404,.F.);
#404 = EDGE_CURVE('',#389,#397,#405,.T.);
#405 = LINE('',#406,#407);
#406 = CARTESIAN_POINT('',(192.2,179.52691163457,6.));
#407 = VECTOR('',#408,1.);
#408 = DIRECTION('',(0.,-1.,-8.861338147751E-16));
#409 = PLANE('',#410);
#410 = AXIS2_PLACEMENT_3D('',#411,#412,#413);
#411 = CARTESIAN_POINT('',(192.2,147.37691163458,16.65));
#412 = DIRECTION('',(-1.,-0.,0.));
#413 = DIRECTION('',(0.,-0.707106781187,-0.707106781187));
#414 = ADVANCED_FACE('',(#415),#441,.F.);
#415 = FACE_BOUND('',#416,.F.);
#416 = EDGE_LOOP('',(#417,#425,#426,#427,#435));
#417 = ORIENTED_EDGE('',*,*,#418,.F.);
#418 = EDGE_CURVE('',#112,#419,#421,.T.);
#419 = VERTEX_POINT('',#420);
#420 = CARTESIAN_POINT('',(183.5,87.076911634581,32.7));
#421 = LINE('',#422,#423);
#422 = CARTESIAN_POINT('',(183.5,87.076911634581,6.161165235168));
#423 = VECTOR('',#424,1.);
#424 = DIRECTION('',(0.,-6.661338147751E-16,1.));
#425 = ORIENTED_EDGE('',*,*,#119,.T.);
#426 = ORIENTED_EDGE('',*,*,#292,.F.);
#427 = ORIENTED_EDGE('',*,*,#428,.F.);
#428 = EDGE_CURVE('',#429,#293,#431,.T.);
#429 = VERTEX_POINT('',#430);
#430 = CARTESIAN_POINT('',(189.8,87.076911634581,32.7));
#431 = LINE('',#432,#433);
#432 = CARTESIAN_POINT('',(188.2,87.076911634581,34.3));
#433 = VECTOR('',#434,1.);
#434 = DIRECTION('',(0.707106781187,4.710277376051E-16,-0.707106781187)
  );
#435 = ORIENTED_EDGE('',*,*,#436,.T.);
#436 = EDGE_CURVE('',#429,#419,#437,.T.);
#437 = LINE('',#438,#439);
#438 = CARTESIAN_POINT('',(195.2,87.076911634581,32.7));
#439 = VECTOR('',#440,1.);
#440 = DIRECTION('',(-1.,0.,0.));
#441 = PLANE('',#442);
#442 = AXIS2_PLACEMENT_3D('',#443,#444,#445);
#443 = CARTESIAN_POINT('',(195.2,87.076911634581,1.7763568394E-14));
#444 = DIRECTION('',(0.,-1.,-6.661338147751E-16));
#445 = DIRECTION('',(-1.,0.,0.));
#446 = ADVANCED_FACE('',(#447),#481,.F.);
#447 = FACE_BOUND('',#448,.F.);
#448 = EDGE_LOOP('',(#449,#450,#451,#459,#467,#475));
#449 = ORIENTED_EDGE('',*,*,#111,.F.);
#450 = ORIENTED_EDGE('',*,*,#418,.T.);
#451 = ORIENTED_EDGE('',*,*,#452,.F.);
#452 = EDGE_CURVE('',#453,#419,#455,.T.);
#453 = VERTEX_POINT('',#454);
#454 = CARTESIAN_POINT('',(183.5,84.076911634581,32.7));
#455 = LINE('',#456,#457);
#456 = CARTESIAN_POINT('',(183.5,-9.034542026031,32.7));
#457 = VECTOR('',#458,1.);
#458 = DIRECTION('',(0.,1.,6.661338147751E-16));
#459 = ORIENTED_EDGE('',*,*,#460,.F.);
#460 = EDGE_CURVE('',#461,#453,#463,.T.);
#461 = VERTEX_POINT('',#462);
#462 = CARTESIAN_POINT('',(183.5,84.076911634581,0.));
#463 = LINE('',#464,#465);
#464 = CARTESIAN_POINT('',(183.5,84.076911634581,14.336165235168));
#465 = VECTOR('',#466,1.);
#466 = DIRECTION('',(0.,-6.661338147751E-16,1.));
#467 = ORIENTED_EDGE('',*,*,#468,.F.);
#468 = EDGE_CURVE('',#469,#461,#471,.T.);
#469 = VERTEX_POINT('',#470);
#470 = CARTESIAN_POINT('',(183.5,91.376911634581,1.42108547152E-14));
#471 = LINE('',#472,#473);
#472 = CARTESIAN_POINT('',(183.5,21.115457973969,-2.84217094304E-14));
#473 = VECTOR('',#474,1.);
#474 = DIRECTION('',(0.,-1.,-6.661338147751E-16));
#475 = ORIENTED_EDGE('',*,*,#476,.T.);
#476 = EDGE_CURVE('',#469,#104,#477,.T.);
#477 = LINE('',#478,#479);
#478 = CARTESIAN_POINT('',(183.5,91.376911634581,6.161165235168));
#479 = VECTOR('',#480,1.);
#480 = DIRECTION('',(0.,-6.661338147751E-16,1.));
#481 = PLANE('',#482);
#482 = AXIS2_PLACEMENT_3D('',#483,#484,#485);
#483 = CARTESIAN_POINT('',(183.5,-103.6459956866,12.322330470336));
#484 = DIRECTION('',(1.,0.,0.));
#485 = DIRECTION('',(0.,0.707106781187,0.707106781187));
#486 = ADVANCED_FACE('',(#487),#505,.F.);
#487 = FACE_BOUND('',#488,.F.);
#488 = EDGE_LOOP('',(#489,#497,#503,#504));
#489 = ORIENTED_EDGE('',*,*,#490,.F.);
#490 = EDGE_CURVE('',#491,#469,#493,.T.);
#491 = VERTEX_POINT('',#492);
#492 = CARTESIAN_POINT('',(186.20294372515,91.376911634581,
    1.42108547152E-14));
#493 = LINE('',#494,#495);
#494 = CARTESIAN_POINT('',(187.9,91.376911634581,1.95399252334E-14));
#495 = VECTOR('',#496,1.);
#496 = DIRECTION('',(-1.,0.,0.));
#497 = ORIENTED_EDGE('',*,*,#498,.F.);
#498 = EDGE_CURVE('',#96,#491,#499,.T.);
#499 = LINE('',#500,#501);
#500 = CARTESIAN_POINT('',(186.20294372515,91.376911634581,
    2.13162820728E-14));
#501 = VECTOR('',#502,1.);
#502 = DIRECTION('',(0.,6.661338147751E-16,-1.));
#503 = ORIENTED_EDGE('',*,*,#103,.T.);
#504 = ORIENTED_EDGE('',*,*,#476,.F.);
#505 = PLANE('',#506);
#506 = AXIS2_PLACEMENT_3D('',#507,#508,#509);
#507 = CARTESIAN_POINT('',(187.9,91.376911634581,2.13162820728E-14));
#508 = DIRECTION('',(0.,-1.,-6.661338147751E-16));
#509 = DIRECTION('',(-1.,0.,0.));
#510 = ADVANCED_FACE('',(#511),#529,.T.);
#511 = FACE_BOUND('',#512,.T.);
#512 = EDGE_LOOP('',(#513,#521,#522,#523));
#513 = ORIENTED_EDGE('',*,*,#514,.F.);
#514 = EDGE_CURVE('',#491,#515,#517,.T.);
#515 = VERTEX_POINT('',#516);
#516 = CARTESIAN_POINT('',(183.5,94.079855359733,1.42108547152E-14));
#517 = LINE('',#518,#519);
#518 = CARTESIAN_POINT('',(187.20294372515,90.376911634581,
    1.887379141863E-14));
#519 = VECTOR('',#520,1.);
#520 = DIRECTION('',(-0.707106781187,0.707106781187,4.710277376051E-16)
  );
#521 = ORIENTED_EDGE('',*,*,#498,.F.);
#522 = ORIENTED_EDGE('',*,*,#95,.T.);
#523 = ORIENTED_EDGE('',*,*,#524,.F.);
#524 = EDGE_CURVE('',#515,#88,#525,.T.);
#525 = LINE('',#526,#527);
#526 = CARTESIAN_POINT('',(183.5,94.079855359734,6.161165235168));
#527 = VECTOR('',#528,1.);
#528 = DIRECTION('',(0.,-6.661338147751E-16,1.));
#529 = PLANE('',#530);
#530 = AXIS2_PLACEMENT_3D('',#531,#532,#533);
#531 = CARTESIAN_POINT('',(187.20294372515,90.376911634581,
    1.7763568394E-14));
#532 = DIRECTION('',(-0.707106781187,-0.707106781187,-4.710277376051E-16
    ));
#533 = DIRECTION('',(-0.707106781187,0.707106781187,4.710277376051E-16)
  );
#534 = ADVANCED_FACE('',(#535),#553,.F.);
#535 = FACE_BOUND('',#536,.F.);
#536 = EDGE_LOOP('',(#537,#538,#539,#547));
#537 = ORIENTED_EDGE('',*,*,#87,.F.);
#538 = ORIENTED_EDGE('',*,*,#524,.F.);
#539 = ORIENTED_EDGE('',*,*,#540,.F.);
#540 = EDGE_CURVE('',#541,#515,#543,.T.);
#541 = VERTEX_POINT('',#542);
#542 = CARTESIAN_POINT('',(183.5,97.473967909429,0.));
#543 = LINE('',#544,#545);
#544 = CARTESIAN_POINT('',(183.5,21.115457973969,-2.84217094304E-14));
#545 = VECTOR('',#546,1.);
#546 = DIRECTION('',(0.,-1.,-6.661338147751E-16));
#547 = ORIENTED_EDGE('',*,*,#548,.F.);
#548 = EDGE_CURVE('',#80,#541,#549,.T.);
#549 = LINE('',#550,#551);
#550 = CARTESIAN_POINT('',(183.5,97.473967909429,6.161165235168));
#551 = VECTOR('',#552,1.);
#552 = DIRECTION('',(0.,6.661338147751E-16,-1.));
#553 = PLANE('',#554);
#554 = AXIS2_PLACEMENT_3D('',#555,#556,#557);
#555 = CARTESIAN_POINT('',(183.5,-103.6459956866,12.322330470336));
#556 = DIRECTION('',(1.,0.,0.));
#557 = DIRECTION('',(0.,0.707106781187,0.707106781187));
#558 = ADVANCED_FACE('',(#559),#577,.T.);
#559 = FACE_BOUND('',#560,.T.);
#560 = EDGE_LOOP('',(#561,#569,#570,#571));
#561 = ORIENTED_EDGE('',*,*,#562,.F.);
#562 = EDGE_CURVE('',#541,#563,#565,.T.);
#563 = VERTEX_POINT('',#564);
#564 = CARTESIAN_POINT('',(187.9,93.073967909429,1.42108547152E-14));
#565 = LINE('',#566,#567);
#566 = CARTESIAN_POINT('',(76.597056274848,204.37691163458,
    9.481304630299E-14));
#567 = VECTOR('',#568,1.);
#568 = DIRECTION('',(0.707106781187,-0.707106781187,-4.710277376051E-16)
  );
#569 = ORIENTED_EDGE('',*,*,#548,.F.);
#570 = ORIENTED_EDGE('',*,*,#79,.T.);
#571 = ORIENTED_EDGE('',*,*,#572,.F.);
#572 = EDGE_CURVE('',#563,#72,#573,.T.);
#573 = LINE('',#574,#575);
#574 = CARTESIAN_POINT('',(187.9,93.073967909429,2.13162820728E-14));
#575 = VECTOR('',#576,1.);
#576 = DIRECTION('',(0.,-6.661338147751E-16,1.));
#577 = PLANE('',#578);
#578 = AXIS2_PLACEMENT_3D('',#579,#580,#581);
#579 = CARTESIAN_POINT('',(76.597056274848,204.37691163458,
    9.592326932761E-14));
#580 = DIRECTION('',(0.707106781187,0.707106781187,4.710277376051E-16));
#581 = DIRECTION('',(0.707106781187,-0.707106781187,-4.710277376051E-16)
  );
#582 = ADVANCED_FACE('',(#583),#601,.F.);
#583 = FACE_BOUND('',#584,.F.);
#584 = EDGE_LOOP('',(#585,#593,#599,#600));
#585 = ORIENTED_EDGE('',*,*,#586,.F.);
#586 = EDGE_CURVE('',#587,#563,#589,.T.);
#587 = VERTEX_POINT('',#588);
#588 = CARTESIAN_POINT('',(187.9,201.67985535973,8.526512829121E-14));
#589 = LINE('',#590,#591);
#590 = CARTESIAN_POINT('',(187.9,203.37691163458,9.414691248821E-14));
#591 = VECTOR('',#592,1.);
#592 = DIRECTION('',(0.,-1.,-6.661338147751E-16));
#593 = ORIENTED_EDGE('',*,*,#594,.T.);
#594 = EDGE_CURVE('',#587,#64,#595,.T.);
#595 = LINE('',#596,#597);
#596 = CARTESIAN_POINT('',(187.9,201.67985535973,9.237055564881E-14));
#597 = VECTOR('',#598,1.);
#598 = DIRECTION('',(0.,-6.661338147751E-16,1.));
#599 = ORIENTED_EDGE('',*,*,#71,.T.);
#600 = ORIENTED_EDGE('',*,*,#572,.F.);
#601 = PLANE('',#602);
#602 = AXIS2_PLACEMENT_3D('',#603,#604,#605);
#603 = CARTESIAN_POINT('',(187.9,203.37691163458,9.237055564881E-14));
#604 = DIRECTION('',(1.,0.,0.));
#605 = DIRECTION('',(0.,-1.,-6.661338147751E-16));
#606 = ADVANCED_FACE('',(#607),#625,.F.);
#607 = FACE_BOUND('',#608,.F.);
#608 = EDGE_LOOP('',(#609,#617,#623,#624));
#609 = ORIENTED_EDGE('',*,*,#610,.F.);
#610 = EDGE_CURVE('',#611,#587,#613,.T.);
#611 = VERTEX_POINT('',#612);
#612 = CARTESIAN_POINT('',(183.5,197.27985535973,8.526512829121E-14));
#613 = LINE('',#614,#615);
#614 = CARTESIAN_POINT('',(76.597056274848,90.376911634581,
    1.887379141863E-14));
#615 = VECTOR('',#616,1.);
#616 = DIRECTION('',(0.707106781187,0.707106781187,4.710277376051E-16));
#617 = ORIENTED_EDGE('',*,*,#618,.F.);
#618 = EDGE_CURVE('',#56,#611,#619,.T.);
#619 = LINE('',#620,#621);
#620 = CARTESIAN_POINT('',(183.5,197.27985535973,6.161165235168));
#621 = VECTOR('',#622,1.);
#622 = DIRECTION('',(0.,6.661338147751E-16,-1.));
#623 = ORIENTED_EDGE('',*,*,#63,.T.);
#624 = ORIENTED_EDGE('',*,*,#594,.F.);
#625 = PLANE('',#626);
#626 = AXIS2_PLACEMENT_3D('',#627,#628,#629);
#627 = CARTESIAN_POINT('',(76.597056274848,90.376911634581,
    1.7763568394E-14));
#628 = DIRECTION('',(-0.707106781187,0.707106781187,4.710277376051E-16)
  );
#629 = DIRECTION('',(0.707106781187,0.707106781187,4.710277376051E-16));
#630 = ADVANCED_FACE('',(#631),#649,.F.);
#631 = FACE_BOUND('',#632,.F.);
#632 = EDGE_LOOP('',(#633,#634,#635,#643));
#633 = ORIENTED_EDGE('',*,*,#55,.F.);
#634 = ORIENTED_EDGE('',*,*,#618,.T.);
#635 = ORIENTED_EDGE('',*,*,#636,.F.);
#636 = EDGE_CURVE('',#637,#611,#639,.T.);
#637 = VERTEX_POINT('',#638);
#638 = CARTESIAN_POINT('',(183.5,200.67396790942,9.947598300641E-14));
#639 = LINE('',#640,#641);
#640 = CARTESIAN_POINT('',(183.5,21.115457973969,-2.84217094304E-14));
#641 = VECTOR('',#642,1.);
#642 = DIRECTION('',(0.,-1.,-6.661338147751E-16));
#643 = ORIENTED_EDGE('',*,*,#644,.T.);
#644 = EDGE_CURVE('',#637,#48,#645,.T.);
#645 = LINE('',#646,#647);
#646 = CARTESIAN_POINT('',(183.5,200.67396790942,6.161165235168));
#647 = VECTOR('',#648,1.);
#648 = DIRECTION('',(0.,-6.661338147751E-16,1.));
#649 = PLANE('',#650);
#650 = AXIS2_PLACEMENT_3D('',#651,#652,#653);
#651 = CARTESIAN_POINT('',(183.5,-103.6459956866,12.322330470336));
#652 = DIRECTION('',(1.,0.,0.));
#653 = DIRECTION('',(0.,0.707106781187,0.707106781187));
#654 = ADVANCED_FACE('',(#655),#673,.F.);
#655 = FACE_BOUND('',#656,.F.);
#656 = EDGE_LOOP('',(#657,#665,#671,#672));
#657 = ORIENTED_EDGE('',*,*,#658,.F.);
#658 = EDGE_CURVE('',#659,#637,#661,.T.);
#659 = VERTEX_POINT('',#660);
#660 = CARTESIAN_POINT('',(186.20294372515,203.37691163458,
    9.947598300641E-14));
#661 = LINE('',#662,#663);
#662 = CARTESIAN_POINT('',(187.20294372515,204.37691163458,
    9.481304630299E-14));
#663 = VECTOR('',#664,1.);
#664 = DIRECTION('',(-0.707106781187,-0.707106781187,-4.710277376051E-16
    ));
#665 = ORIENTED_EDGE('',*,*,#666,.F.);
#666 = EDGE_CURVE('',#40,#659,#667,.T.);
#667 = LINE('',#668,#669);
#668 = CARTESIAN_POINT('',(186.20294372515,203.37691163458,
    9.237055564881E-14));
#669 = VECTOR('',#670,1.);
#670 = DIRECTION('',(0.,6.661338147751E-16,-1.));
#671 = ORIENTED_EDGE('',*,*,#47,.T.);
#672 = ORIENTED_EDGE('',*,*,#644,.F.);
#673 = PLANE('',#674);
#674 = AXIS2_PLACEMENT_3D('',#675,#676,#677);
#675 = CARTESIAN_POINT('',(187.20294372515,204.37691163458,
    9.592326932761E-14));
#676 = DIRECTION('',(0.707106781187,-0.707106781187,-4.710277376051E-16)
  );
#677 = DIRECTION('',(-0.707106781187,-0.707106781187,-4.710277376051E-16
    ));
#678 = ADVANCED_FACE('',(#679),#697,.F.);
#679 = FACE_BOUND('',#680,.F.);
#680 = EDGE_LOOP('',(#681,#689,#695,#696));
#681 = ORIENTED_EDGE('',*,*,#682,.F.);
#682 = EDGE_CURVE('',#683,#659,#685,.T.);
#683 = VERTEX_POINT('',#684);
#684 = CARTESIAN_POINT('',(183.5,203.37691163458,9.947598300641E-14));
#685 = LINE('',#686,#687);
#686 = CARTESIAN_POINT('',(75.9,203.37691163458,9.414691248821E-14));
#687 = VECTOR('',#688,1.);
#688 = DIRECTION('',(1.,0.,0.));
#689 = ORIENTED_EDGE('',*,*,#690,.F.);
#690 = EDGE_CURVE('',#32,#683,#691,.T.);
#691 = LINE('',#692,#693);
#692 = CARTESIAN_POINT('',(183.5,203.37691163458,6.161165235168));
#693 = VECTOR('',#694,1.);
#694 = DIRECTION('',(0.,6.661338147751E-16,-1.));
#695 = ORIENTED_EDGE('',*,*,#39,.T.);
#696 = ORIENTED_EDGE('',*,*,#666,.T.);
#697 = PLANE('',#698);
#698 = AXIS2_PLACEMENT_3D('',#699,#700,#701);
#699 = CARTESIAN_POINT('',(75.9,203.37691163458,9.237055564881E-14));
#700 = DIRECTION('',(0.,1.,6.661338147751E-16));
#701 = DIRECTION('',(1.,0.,0.));
#702 = ADVANCED_FACE('',(#703),#714,.F.);
#703 = FACE_BOUND('',#704,.F.);
#704 = EDGE_LOOP('',(#705,#706,#707,#713));
#705 = ORIENTED_EDGE('',*,*,#31,.F.);
#706 = ORIENTED_EDGE('',*,*,#690,.T.);
#707 = ORIENTED_EDGE('',*,*,#708,.F.);
#708 = EDGE_CURVE('',#250,#683,#709,.T.);
#709 = LINE('',#710,#711);
#710 = CARTESIAN_POINT('',(183.5,21.115457973969,-2.84217094304E-14));
#711 = VECTOR('',#712,1.);
#712 = DIRECTION('',(0.,-1.,-6.661338147751E-16));
#713 = ORIENTED_EDGE('',*,*,#257,.F.);
#714 = PLANE('',#715);
#715 = AXIS2_PLACEMENT_3D('',#716,#717,#718);
#716 = CARTESIAN_POINT('',(183.5,-103.6459956866,12.322330470336));
#717 = DIRECTION('',(1.,0.,0.));
#718 = DIRECTION('',(0.,0.707106781187,0.707106781187));
#719 = ADVANCED_FACE('',(#720),#748,.T.);
#720 = FACE_BOUND('',#721,.T.);
#721 = EDGE_LOOP('',(#722,#723,#724,#732,#738,#739,#740,#741,#742,#743,
    #744,#745,#746,#747));
#722 = ORIENTED_EDGE('',*,*,#708,.F.);
#723 = ORIENTED_EDGE('',*,*,#249,.F.);
#724 = ORIENTED_EDGE('',*,*,#725,.F.);
#725 = EDGE_CURVE('',#726,#242,#728,.T.);
#726 = VERTEX_POINT('',#727);
#727 = CARTESIAN_POINT('',(195.2,84.076911634581,0.));
#728 = LINE('',#729,#730);
#729 = CARTESIAN_POINT('',(195.2,84.076911634581,1.42108547152E-14));
#730 = VECTOR('',#731,1.);
#731 = DIRECTION('',(0.,1.,6.661338147751E-16));
#732 = ORIENTED_EDGE('',*,*,#733,.F.);
#733 = EDGE_CURVE('',#461,#726,#734,.T.);
#734 = LINE('',#735,#736);
#735 = CARTESIAN_POINT('',(68.6,84.076911634581,1.467714838554E-14));
#736 = VECTOR('',#737,1.);
#737 = DIRECTION('',(1.,0.,0.));
#738 = ORIENTED_EDGE('',*,*,#468,.F.);
#739 = ORIENTED_EDGE('',*,*,#490,.F.);
#740 = ORIENTED_EDGE('',*,*,#514,.T.);
#741 = ORIENTED_EDGE('',*,*,#540,.F.);
#742 = ORIENTED_EDGE('',*,*,#562,.T.);
#743 = ORIENTED_EDGE('',*,*,#586,.F.);
#744 = ORIENTED_EDGE('',*,*,#610,.F.);
#745 = ORIENTED_EDGE('',*,*,#636,.F.);
#746 = ORIENTED_EDGE('',*,*,#658,.F.);
#747 = ORIENTED_EDGE('',*,*,#682,.F.);
#748 = PLANE('',#749);
#749 = AXIS2_PLACEMENT_3D('',#750,#751,#752);
#750 = CARTESIAN_POINT('',(131.9,145.87691163458,6.039613253961E-14));
#751 = DIRECTION('',(-0.,6.661338147751E-16,-1.));
#752 = DIRECTION('',(-1.,0.,0.));
#753 = ADVANCED_FACE('',(#754,#859,#885,#911),#937,.T.);
#754 = FACE_BOUND('',#755,.T.);
#755 = EDGE_LOOP('',(#756,#764,#765,#766,#774,#782,#790,#798,#806,#814,
    #822,#830,#838,#846,#852,#853));
#756 = ORIENTED_EDGE('',*,*,#757,.F.);
#757 = EDGE_CURVE('',#726,#758,#760,.T.);
#758 = VERTEX_POINT('',#759);
#759 = CARTESIAN_POINT('',(195.2,84.076911634581,27.200641779163));
#760 = LINE('',#761,#762);
#761 = CARTESIAN_POINT('',(195.2,84.076911634581,1.42108547152E-14));
#762 = VECTOR('',#763,1.);
#763 = DIRECTION('',(0.,-6.661338147751E-16,1.));
#764 = ORIENTED_EDGE('',*,*,#725,.T.);
#765 = ORIENTED_EDGE('',*,*,#241,.T.);
#766 = ORIENTED_EDGE('',*,*,#767,.F.);
#767 = EDGE_CURVE('',#768,#233,#770,.T.);
#768 = VERTEX_POINT('',#769);
#769 = CARTESIAN_POINT('',(195.2,199.67691163458,12.366819575083));
#770 = LINE('',#771,#772);
#771 = CARTESIAN_POINT('',(195.2,207.67691163458,12.366819575083));
#772 = VECTOR('',#773,1.);
#773 = DIRECTION('',(0.,1.,8.861338147751E-16));
#774 = ORIENTED_EDGE('',*,*,#775,.T.);
#775 = EDGE_CURVE('',#768,#776,#778,.T.);
#776 = VERTEX_POINT('',#777);
#777 = CARTESIAN_POINT('',(195.2,199.67691163458,13.392319037919));
#778 = LINE('',#779,#780);
#779 = CARTESIAN_POINT('',(195.2,199.67691163458,16.763657844991));
#780 = VECTOR('',#781,1.);
#781 = DIRECTION('',(3.4E-16,-1.776133814775E-15,1.));
#782 = ORIENTED_EDGE('',*,*,#783,.F.);
#783 = EDGE_CURVE('',#784,#776,#786,.T.);
#784 = VERTEX_POINT('',#785);
#785 = CARTESIAN_POINT('',(195.2,194.75671223588,13.392319037919));
#786 = LINE('',#787,#788);
#787 = CARTESIAN_POINT('',(195.2,199.67691163458,13.392319037919));
#788 = VECTOR('',#789,1.);
#789 = DIRECTION('',(0.,1.,8.861338147751E-16));
#790 = ORIENTED_EDGE('',*,*,#791,.T.);
#791 = EDGE_CURVE('',#784,#792,#794,.T.);
#792 = VERTEX_POINT('',#793);
#793 = CARTESIAN_POINT('',(195.2,199.37691163458,6.));
#794 = LINE('',#795,#796);
#795 = CARTESIAN_POINT('',(195.2,189.27564466913,22.162027144708));
#796 = VECTOR('',#797,1.);
#797 = DIRECTION('',(-2.9E-16,0.529998940003,-0.847998304005));
#798 = ORIENTED_EDGE('',*,*,#799,.T.);
#799 = EDGE_CURVE('',#792,#800,#802,.T.);
#800 = VERTEX_POINT('',#801);
#801 = CARTESIAN_POINT('',(195.2,179.37691163458,6.));
#802 = LINE('',#803,#804);
#803 = CARTESIAN_POINT('',(195.2,162.63825378959,6.));
#804 = VECTOR('',#805,1.);
#805 = DIRECTION('',(-0.,-1.,-8.861338147751E-16));
#806 = ORIENTED_EDGE('',*,*,#807,.T.);
#807 = EDGE_CURVE('',#800,#808,#810,.T.);
#808 = VERTEX_POINT('',#809);
#809 = CARTESIAN_POINT('',(195.2,189.37691163458,22.));
#810 = LINE('',#811,#812);
#811 = CARTESIAN_POINT('',(195.2,182.26544947362,10.621660542469));
#812 = VECTOR('',#813,1.);
#813 = DIRECTION('',(2.9E-16,0.529998940003,0.847998304005));
#814 = ORIENTED_EDGE('',*,*,#815,.T.);
#815 = EDGE_CURVE('',#808,#816,#818,.T.);
#816 = VERTEX_POINT('',#817);
#817 = CARTESIAN_POINT('',(195.2,193.67691163458,15.12));
#818 = LINE('',#819,#820);
#819 = CARTESIAN_POINT('',(195.2,189.27564466913,22.162027144708));
#820 = VECTOR('',#821,1.);
#821 = DIRECTION('',(-2.9E-16,0.529998940003,-0.847998304005));
#822 = ORIENTED_EDGE('',*,*,#823,.T.);
#823 = EDGE_CURVE('',#816,#824,#826,.T.);
#824 = VERTEX_POINT('',#825);
#825 = CARTESIAN_POINT('',(195.2,193.67691163458,18.607680962081));
#826 = LINE('',#827,#828);
#827 = CARTESIAN_POINT('',(195.2,193.67691163458,16.763657844991));
#828 = VECTOR('',#829,1.);
#829 = DIRECTION('',(3.4E-16,-2.186133814775E-15,1.));
#830 = ORIENTED_EDGE('',*,*,#831,.T.);
#831 = EDGE_CURVE('',#824,#832,#834,.T.);
#832 = VERTEX_POINT('',#833);
#833 = CARTESIAN_POINT('',(195.2,199.67691163458,18.607680962081));
#834 = LINE('',#835,#836);
#835 = CARTESIAN_POINT('',(195.2,199.67691163458,18.607680962081));
#836 = VECTOR('',#837,1.);
#837 = DIRECTION('',(0.,1.,8.861338147751E-16));
#838 = ORIENTED_EDGE('',*,*,#839,.T.);
#839 = EDGE_CURVE('',#832,#840,#842,.T.);
#840 = VERTEX_POINT('',#841);
#841 = CARTESIAN_POINT('',(195.2,199.67691163458,19.633180424917));
#842 = LINE('',#843,#844);
#843 = CARTESIAN_POINT('',(195.2,199.67691163458,16.763657844991));
#844 = VECTOR('',#845,1.);
#845 = DIRECTION('',(3.4E-16,-1.776133814775E-15,1.));
#846 = ORIENTED_EDGE('',*,*,#847,.T.);
#847 = EDGE_CURVE('',#840,#208,#848,.T.);
#848 = LINE('',#849,#850);
#849 = CARTESIAN_POINT('',(195.2,207.67691163458,19.633180424917));
#850 = VECTOR('',#851,1.);
#851 = DIRECTION('',(0.,1.,8.861338147751E-16));
#852 = ORIENTED_EDGE('',*,*,#207,.T.);
#853 = ORIENTED_EDGE('',*,*,#854,.T.);
#854 = EDGE_CURVE('',#200,#758,#855,.T.);
#855 = LINE('',#856,#857);
#856 = CARTESIAN_POINT('',(195.2,114.02270865047,27.696980956222));
#857 = VECTOR('',#858,1.);
#858 = DIRECTION('',(-1.E-17,-0.99986266985,-1.657230944503E-02));
#859 = FACE_BOUND('',#860,.T.);
#860 = EDGE_LOOP('',(#861,#871,#879));
#861 = ORIENTED_EDGE('',*,*,#862,.T.);
#862 = EDGE_CURVE('',#863,#865,#867,.T.);
#863 = VERTEX_POINT('',#864);
#864 = CARTESIAN_POINT('',(195.2,161.37691163456,22.));
#865 = VERTEX_POINT('',#866);
#866 = CARTESIAN_POINT('',(195.2,171.37691163456,6.));
#867 = LINE('',#868,#869);
#868 = CARTESIAN_POINT('',(195.2,165.20822893878,15.869892313243));
#869 = VECTOR('',#870,1.);
#870 = DIRECTION('',(-2.9E-16,0.529998940003,-0.847998304005));
#871 = ORIENTED_EDGE('',*,*,#872,.T.);
#872 = EDGE_CURVE('',#865,#873,#875,.T.);
#873 = VERTEX_POINT('',#874);
#874 = CARTESIAN_POINT('',(195.2,151.37691163456,6.));
#875 = LINE('',#876,#877);
#876 = CARTESIAN_POINT('',(195.2,148.63825378958,6.));
#877 = VECTOR('',#878,1.);
#878 = DIRECTION('',(-0.,-1.,-8.861338147751E-16));
#879 = ORIENTED_EDGE('',*,*,#880,.T.);
#880 = EDGE_CURVE('',#873,#863,#881,.T.);
#881 = LINE('',#882,#883);
#882 = CARTESIAN_POINT('',(195.2,158.19803374327,16.913795373935));
#883 = VECTOR('',#884,1.);
#884 = DIRECTION('',(2.9E-16,0.529998940003,0.847998304005));
#885 = FACE_BOUND('',#886,.T.);
#886 = EDGE_LOOP('',(#887,#897,#905));
#887 = ORIENTED_EDGE('',*,*,#888,.T.);
#888 = EDGE_CURVE('',#889,#891,#893,.T.);
#889 = VERTEX_POINT('',#890);
#890 = CARTESIAN_POINT('',(195.2,133.3769116346,22.));
#891 = VERTEX_POINT('',#892);
#892 = CARTESIAN_POINT('',(195.2,143.3769116346,6.));
#893 = LINE('',#894,#895);
#894 = CARTESIAN_POINT('',(195.2,141.14081320848,9.577757481791));
#895 = VECTOR('',#896,1.);
#896 = DIRECTION('',(-2.9E-16,0.529998940003,-0.847998304005));
#897 = ORIENTED_EDGE('',*,*,#898,.T.);
#898 = EDGE_CURVE('',#891,#899,#901,.T.);
#899 = VERTEX_POINT('',#900);
#900 = CARTESIAN_POINT('',(195.2,123.3769116346,6.));
#901 = LINE('',#902,#903);
#902 = CARTESIAN_POINT('',(195.2,134.6382537896,6.));
#903 = VECTOR('',#904,1.);
#904 = DIRECTION('',(-0.,-1.,-8.861338147751E-16));
#905 = ORIENTED_EDGE('',*,*,#906,.T.);
#906 = EDGE_CURVE('',#899,#889,#907,.T.);
#907 = LINE('',#908,#909);
#908 = CARTESIAN_POINT('',(195.2,134.13061801296,23.205930205386));
#909 = VECTOR('',#910,1.);
#910 = DIRECTION('',(2.9E-16,0.529998940003,0.847998304005));
#911 = FACE_BOUND('',#912,.T.);
#912 = EDGE_LOOP('',(#913,#923,#931));
#913 = ORIENTED_EDGE('',*,*,#914,.T.);
#914 = EDGE_CURVE('',#915,#917,#919,.T.);
#915 = VERTEX_POINT('',#916);
#916 = CARTESIAN_POINT('',(195.2,105.37691163458,22.));
#917 = VERTEX_POINT('',#918);
#918 = CARTESIAN_POINT('',(195.2,115.37691163458,6.));
#919 = LINE('',#920,#921);
#920 = CARTESIAN_POINT('',(195.2,117.07339747812,3.285622650326));
#921 = VECTOR('',#922,1.);
#922 = DIRECTION('',(-2.9E-16,0.529998940003,-0.847998304005));
#923 = ORIENTED_EDGE('',*,*,#924,.T.);
#924 = EDGE_CURVE('',#917,#925,#927,.T.);
#925 = VERTEX_POINT('',#926);
#926 = CARTESIAN_POINT('',(195.2,95.376911634581,6.));
#927 = LINE('',#928,#929);
#928 = CARTESIAN_POINT('',(195.2,120.63825378959,6.));
#929 = VECTOR('',#930,1.);
#930 = DIRECTION('',(-0.,-1.,-8.861338147751E-16));
#931 = ORIENTED_EDGE('',*,*,#932,.T.);
#932 = EDGE_CURVE('',#925,#915,#933,.T.);
#933 = LINE('',#934,#935);
#934 = CARTESIAN_POINT('',(195.2,110.06320228261,29.498065036851));
#935 = VECTOR('',#936,1.);
#936 = DIRECTION('',(2.9E-16,0.529998940003,0.847998304005));
#937 = PLANE('',#938);
#938 = AXIS2_PLACEMENT_3D('',#939,#940,#941);
#939 = CARTESIAN_POINT('',(195.2,145.8995959446,17.527315689981));
#940 = DIRECTION('',(1.,2.264854970235E-31,-3.4E-16));
#941 = DIRECTION('',(3.4E-16,-6.661338147751E-16,1.));
#942 = ADVANCED_FACE('',(#943),#962,.T.);
#943 = FACE_BOUND('',#944,.F.);
#944 = EDGE_LOOP('',(#945,#946,#955,#961));
#945 = ORIENTED_EDGE('',*,*,#767,.F.);
#946 = ORIENTED_EDGE('',*,*,#947,.T.);
#947 = EDGE_CURVE('',#768,#948,#950,.T.);
#948 = VERTEX_POINT('',#949);
#949 = CARTESIAN_POINT('',(198.5,199.67691163458,13.367510683782));
#950 = CIRCLE('',#951,3.7);
#951 = AXIS2_PLACEMENT_3D('',#952,#953,#954);
#952 = CARTESIAN_POINT('',(195.9,199.67691163458,16.));
#953 = DIRECTION('',(0.,-1.,-6.661338147751E-16));
#954 = DIRECTION('',(1.,0.,0.));
#955 = ORIENTED_EDGE('',*,*,#956,.T.);
#956 = EDGE_CURVE('',#948,#225,#957,.T.);
#957 = LINE('',#958,#959);
#958 = CARTESIAN_POINT('',(198.5,207.67691163458,13.367510683782));
#959 = VECTOR('',#960,1.);
#960 = DIRECTION('',(0.,1.,8.326672684689E-16));
#961 = ORIENTED_EDGE('',*,*,#232,.F.);
#962 = CYLINDRICAL_SURFACE('',#963,3.7);
#963 = AXIS2_PLACEMENT_3D('',#964,#965,#966);
#964 = CARTESIAN_POINT('',(195.9,207.67691163458,16.));
#965 = DIRECTION('',(0.,1.,8.861338147751E-16));
#966 = DIRECTION('',(1.,0.,0.));
#967 = ADVANCED_FACE('',(#968),#986,.T.);
#968 = FACE_BOUND('',#969,.T.);
#969 = EDGE_LOOP('',(#970,#978,#984,#985));
#970 = ORIENTED_EDGE('',*,*,#971,.F.);
#971 = EDGE_CURVE('',#972,#216,#974,.T.);
#972 = VERTEX_POINT('',#973);
#973 = CARTESIAN_POINT('',(198.5,199.67691163458,18.632489316218));
#974 = LINE('',#975,#976);
#975 = CARTESIAN_POINT('',(198.5,207.67691163458,18.632489316218));
#976 = VECTOR('',#977,1.);
#977 = DIRECTION('',(0.,1.,8.326672684689E-16));
#978 = ORIENTED_EDGE('',*,*,#979,.F.);
#979 = EDGE_CURVE('',#948,#972,#980,.T.);
#980 = LINE('',#981,#982);
#981 = CARTESIAN_POINT('',(198.5,199.67691163458,14.161165235169));
#982 = VECTOR('',#983,1.);
#983 = DIRECTION('',(0.,-1.7763568394E-15,1.));
#984 = ORIENTED_EDGE('',*,*,#956,.T.);
#985 = ORIENTED_EDGE('',*,*,#224,.F.);
#986 = PLANE('',#987);
#987 = AXIS2_PLACEMENT_3D('',#988,#989,#990);
#988 = CARTESIAN_POINT('',(198.5,-103.6459956866,12.322330470336));
#989 = DIRECTION('',(1.,0.,0.));
#990 = DIRECTION('',(0.,0.707106781187,0.707106781187));
#991 = ADVANCED_FACE('',(#992),#1004,.T.);
#992 = FACE_BOUND('',#993,.F.);
#993 = EDGE_LOOP('',(#994,#995,#1002,#1003));
#994 = ORIENTED_EDGE('',*,*,#971,.F.);
#995 = ORIENTED_EDGE('',*,*,#996,.T.);
#996 = EDGE_CURVE('',#972,#840,#997,.T.);
#997 = CIRCLE('',#998,3.7);
#998 = AXIS2_PLACEMENT_3D('',#999,#1000,#1001);
#999 = CARTESIAN_POINT('',(195.9,199.67691163458,16.));
#1000 = DIRECTION('',(0.,-1.,-6.661338147751E-16));
#1001 = DIRECTION('',(1.,0.,0.));
#1002 = ORIENTED_EDGE('',*,*,#847,.T.);
#1003 = ORIENTED_EDGE('',*,*,#215,.F.);
#1004 = CYLINDRICAL_SURFACE('',#1005,3.7);
#1005 = AXIS2_PLACEMENT_3D('',#1006,#1007,#1008);
#1006 = CARTESIAN_POINT('',(195.9,207.67691163458,16.));
#1007 = DIRECTION('',(0.,1.,8.861338147751E-16));
#1008 = DIRECTION('',(1.,0.,0.));
#1009 = ADVANCED_FACE('',(#1010),#1044,.F.);
#1010 = FACE_BOUND('',#1011,.F.);
#1011 = EDGE_LOOP('',(#1012,#1020,#1028,#1036,#1042,#1043));
#1012 = ORIENTED_EDGE('',*,*,#1013,.T.);
#1013 = EDGE_CURVE('',#758,#1014,#1016,.T.);
#1014 = VERTEX_POINT('',#1015);
#1015 = CARTESIAN_POINT('',(192.2,84.076911634581,27.200641779163));
#1016 = LINE('',#1017,#1018);
#1017 = CARTESIAN_POINT('',(162.05,84.076911634581,27.200641779163));
#1018 = VECTOR('',#1019,1.);
#1019 = DIRECTION('',(-1.,0.,0.));
#1020 = ORIENTED_EDGE('',*,*,#1021,.F.);
#1021 = EDGE_CURVE('',#1022,#1014,#1024,.T.);
#1022 = VERTEX_POINT('',#1023);
#1023 = CARTESIAN_POINT('',(192.2,82.323087765419,27.171572875254));
#1024 = LINE('',#1025,#1026);
#1025 = CARTESIAN_POINT('',(192.2,82.323087765419,27.171572875254));
#1026 = VECTOR('',#1027,1.);
#1027 = DIRECTION('',(0.,0.99986266985,1.657230944503E-02));
#1028 = ORIENTED_EDGE('',*,*,#1029,.T.);
#1029 = EDGE_CURVE('',#1022,#1030,#1032,.T.);
#1030 = VERTEX_POINT('',#1031);
#1031 = CARTESIAN_POINT('',(196.2,82.323087765419,27.171572875254));
#1032 = LINE('',#1033,#1034);
#1033 = CARTESIAN_POINT('',(192.2,82.323087765419,27.171572875254));
#1034 = VECTOR('',#1035,1.);
#1035 = DIRECTION('',(1.,0.,0.));
#1036 = ORIENTED_EDGE('',*,*,#1037,.T.);
#1037 = EDGE_CURVE('',#1030,#192,#1038,.T.);
#1038 = LINE('',#1039,#1040);
#1039 = CARTESIAN_POINT('',(196.2,82.323087765419,27.171572875254));
#1040 = VECTOR('',#1041,1.);
#1041 = DIRECTION('',(0.,0.99986266985,1.657230944503E-02));
#1042 = ORIENTED_EDGE('',*,*,#199,.T.);
#1043 = ORIENTED_EDGE('',*,*,#854,.T.);
#1044 = PLANE('',#1045);
#1045 = AXIS2_PLACEMENT_3D('',#1046,#1047,#1048);
#1046 = CARTESIAN_POINT('',(192.2,82.323087765419,27.171572875254));
#1047 = DIRECTION('',(0.,-1.657230944503E-02,0.99986266985));
#1048 = DIRECTION('',(-1.5E-16,0.99986266985,1.657230944503E-02));
#1049 = ADVANCED_FACE('',(#1050,#1084,#1110,#1144,#1178),#1204,.T.);
#1050 = FACE_BOUND('',#1051,.T.);
#1051 = EDGE_LOOP('',(#1052,#1062,#1068,#1069,#1070,#1078));
#1052 = ORIENTED_EDGE('',*,*,#1053,.T.);
#1053 = EDGE_CURVE('',#1054,#1056,#1058,.T.);
#1054 = VERTEX_POINT('',#1055);
#1055 = CARTESIAN_POINT('',(196.2,148.08401841576,88.689862838483));
#1056 = VERTEX_POINT('',#1057);
#1057 = CARTESIAN_POINT('',(196.2,116.26421326237,56.870057685089));
#1058 = LINE('',#1059,#1060);
#1059 = CARTESIAN_POINT('',(196.2,148.08401841576,88.689862838483));
#1060 = VECTOR('',#1061,1.);
#1061 = DIRECTION('',(0.,-0.707106781187,-0.707106781187));
#1062 = ORIENTED_EDGE('',*,*,#1063,.T.);
#1063 = EDGE_CURVE('',#1056,#1030,#1064,.T.);
#1064 = LINE('',#1065,#1066);
#1065 = CARTESIAN_POINT('',(196.2,116.26421326237,56.870057685089));
#1066 = VECTOR('',#1067,1.);
#1067 = DIRECTION('',(0.,-0.752576694707,-0.658504607869));
#1068 = ORIENTED_EDGE('',*,*,#1037,.T.);
#1069 = ORIENTED_EDGE('',*,*,#191,.T.);
#1070 = ORIENTED_EDGE('',*,*,#1071,.T.);
#1071 = EDGE_CURVE('',#184,#1072,#1074,.T.);
#1072 = VERTEX_POINT('',#1073);
#1073 = CARTESIAN_POINT('',(196.2,157.98351335237,78.790367901872));
#1074 = LINE('',#1075,#1076);
#1075 = CARTESIAN_POINT('',(196.2,210.30941516018,29.292893218814));
#1076 = VECTOR('',#1077,1.);
#1077 = DIRECTION('',(0.,-0.726468416955,0.687199853876));
#1078 = ORIENTED_EDGE('',*,*,#1079,.T.);
#1079 = EDGE_CURVE('',#1072,#1054,#1080,.T.);
#1080 = LINE('',#1081,#1082);
#1081 = CARTESIAN_POINT('',(196.2,157.98351335237,78.790367901872));
#1082 = VECTOR('',#1083,1.);
#1083 = DIRECTION('',(0.,-0.707106781187,0.707106781187));
#1084 = FACE_BOUND('',#1085,.T.);
#1085 = EDGE_LOOP('',(#1086,#1096,#1104));
#1086 = ORIENTED_EDGE('',*,*,#1087,.F.);
#1087 = EDGE_CURVE('',#1088,#1090,#1092,.T.);
#1088 = VERTEX_POINT('',#1089);
#1089 = CARTESIAN_POINT('',(196.2,115.55710648118,50.50609665441));
#1090 = VERTEX_POINT('',#1091);
#1091 = CARTESIAN_POINT('',(196.2,100.70786407626,38.485281374239));
#1092 = LINE('',#1093,#1094);
#1093 = CARTESIAN_POINT('',(196.2,116.26947553854,51.08277636751));
#1094 = VECTOR('',#1095,1.);
#1095 = DIRECTION('',(5.E-17,-0.777244870707,-0.629198228668));
#1096 = ORIENTED_EDGE('',*,*,#1097,.F.);
#1097 = EDGE_CURVE('',#1098,#1088,#1100,.T.);
#1098 = VERTEX_POINT('',#1099);
#1099 = CARTESIAN_POINT('',(196.2,128.99213532373,39.899494936612));
#1100 = LINE('',#1101,#1102);
#1101 = CARTESIAN_POINT('',(196.2,126.30270770512,42.022727267092));
#1102 = VECTOR('',#1103,1.);
#1103 = DIRECTION('',(4.5E-16,-0.784882765533,0.619644288579));
#1104 = ORIENTED_EDGE('',*,*,#1105,.F.);
#1105 = EDGE_CURVE('',#1090,#1098,#1106,.T.);
#1106 = LINE('',#1107,#1108);
#1107 = CARTESIAN_POINT('',(196.2,137.87443630607,40.343609985729));
#1108 = VECTOR('',#1109,1.);
#1109 = DIRECTION('',(-3.E-16,0.998752338878,4.993761694389E-02));
#1110 = FACE_BOUND('',#1111,.T.);
#1111 = EDGE_LOOP('',(#1112,#1122,#1130,#1138));
#1112 = ORIENTED_EDGE('',*,*,#1113,.T.);
#1113 = EDGE_CURVE('',#1114,#1116,#1118,.T.);
#1114 = VERTEX_POINT('',#1115);
#1115 = CARTESIAN_POINT('',(196.2,132.59837990778,57.223611075682));
#1116 = VERTEX_POINT('',#1117);
#1117 = CARTESIAN_POINT('',(196.2,128.63858193313,53.263813101037));
#1118 = LINE('',#1119,#1120);
#1119 = CARTESIAN_POINT('',(196.2,131.1768087856,55.802039953504));
#1120 = VECTOR('',#1121,1.);
#1121 = DIRECTION('',(0.,-0.707106781187,-0.707106781187));
#1122 = ORIENTED_EDGE('',*,*,#1123,.T.);
#1123 = EDGE_CURVE('',#1116,#1124,#1126,.T.);
#1124 = VERTEX_POINT('',#1125);
#1125 = CARTESIAN_POINT('',(196.2,122.55746361493,59.344931419242));
#1126 = LINE('',#1127,#1128);
#1127 = CARTESIAN_POINT('',(196.2,132.00016728023,49.902227753938));
#1128 = VECTOR('',#1129,1.);
#1129 = DIRECTION('',(4.5E-16,-0.707106781187,0.707106781187));
#1130 = ORIENTED_EDGE('',*,*,#1131,.T.);
#1131 = EDGE_CURVE('',#1124,#1132,#1134,.T.);
#1132 = VERTEX_POINT('',#1133);
#1133 = CARTESIAN_POINT('',(196.2,126.51726158957,63.304729393886));
#1134 = LINE('',#1135,#1136);
#1135 = CARTESIAN_POINT('',(196.2,127.07558945472,63.86305725903));
#1136 = VECTOR('',#1137,1.);
#1137 = DIRECTION('',(0.,0.707106781187,0.707106781187));
#1138 = ORIENTED_EDGE('',*,*,#1139,.T.);
#1139 = EDGE_CURVE('',#1132,#1114,#1140,.T.);
#1140 = LINE('',#1141,#1142);
#1141 = CARTESIAN_POINT('',(196.2,139.00052441398,50.82146656948));
#1142 = VECTOR('',#1143,1.);
#1143 = DIRECTION('',(-4.5E-16,0.707106781187,-0.707106781187));
#1144 = FACE_BOUND('',#1145,.T.);
#1145 = EDGE_LOOP('',(#1146,#1156,#1164,#1172));
#1146 = ORIENTED_EDGE('',*,*,#1147,.T.);
#1147 = EDGE_CURVE('',#1148,#1150,#1152,.T.);
#1148 = VERTEX_POINT('',#1149);
#1149 = CARTESIAN_POINT('',(196.2,149.56894265625,74.194173824159));
#1150 = VERTEX_POINT('',#1151);
#1151 = CARTESIAN_POINT('',(196.2,145.60914468161,70.234375849515));
#1152 = LINE('',#1153,#1154);
#1153 = CARTESIAN_POINT('',(196.2,139.66209015984,64.287321327742));
#1154 = VECTOR('',#1155,1.);
#1155 = DIRECTION('',(0.,-0.707106781187,-0.707106781187));
#1156 = ORIENTED_EDGE('',*,*,#1157,.T.);
#1157 = EDGE_CURVE('',#1150,#1158,#1160,.T.);
#1158 = VERTEX_POINT('',#1159);
#1159 = CARTESIAN_POINT('',(196.2,139.52802636341,76.315494167719));
#1160 = LINE('',#1161,#1162);
#1161 = CARTESIAN_POINT('',(196.2,148.97073002871,66.872790502415));
#1162 = VECTOR('',#1163,1.);
#1163 = DIRECTION('',(4.5E-16,-0.707106781187,0.707106781187));
#1164 = ORIENTED_EDGE('',*,*,#1165,.T.);
#1165 = EDGE_CURVE('',#1158,#1166,#1168,.T.);
#1166 = VERTEX_POINT('',#1167);
#1167 = CARTESIAN_POINT('',(196.2,143.48782433805,80.275292142364));
#1168 = LINE('',#1169,#1170);
#1169 = CARTESIAN_POINT('',(196.2,135.56087082896,72.348338633269));
#1170 = VECTOR('',#1171,1.);
#1171 = DIRECTION('',(0.,0.707106781187,0.707106781187));
#1172 = ORIENTED_EDGE('',*,*,#1173,.T.);
#1173 = EDGE_CURVE('',#1166,#1148,#1174,.T.);
#1174 = LINE('',#1175,#1176);
#1175 = CARTESIAN_POINT('',(196.2,155.97108716246,67.792029317958));
#1176 = VECTOR('',#1177,1.);
#1177 = DIRECTION('',(-4.5E-16,0.707106781187,-0.707106781187));
#1178 = FACE_BOUND('',#1179,.T.);
#1179 = EDGE_LOOP('',(#1180,#1190,#1198));
#1180 = ORIENTED_EDGE('',*,*,#1181,.F.);
#1181 = EDGE_CURVE('',#1182,#1184,#1186,.T.);
#1182 = VERTEX_POINT('',#1183);
#1183 = CARTESIAN_POINT('',(196.2,153.74087266526,68.89087296526));
#1184 = VERTEX_POINT('',#1185);
#1185 = CARTESIAN_POINT('',(196.2,133.23477601085,48.38477631085));
#1186 = LINE('',#1187,#1188);
#1187 = CARTESIAN_POINT('',(196.2,135.84371354143,50.993713841435));
#1188 = VECTOR('',#1189,1.);
#1189 = DIRECTION('',(0.,-0.707106781187,-0.707106781187));
#1190 = ORIENTED_EDGE('',*,*,#1191,.F.);
#1191 = EDGE_CURVE('',#1192,#1182,#1194,.T.);
#1192 = VERTEX_POINT('',#1193);
#1193 = CARTESIAN_POINT('',(196.2,193.3388524117,34.949747468306));
#1194 = LINE('',#1195,#1196);
#1195 = CARTESIAN_POINT('',(196.2,157.429400574,65.729277614908));
#1196 = VECTOR('',#1197,1.);
#1197 = DIRECTION('',(4.5E-16,-0.759256602365,0.650791373456));
#1198 = ORIENTED_EDGE('',*,*,#1199,.F.);
#1199 = EDGE_CURVE('',#1184,#1192,#1200,.T.);
#1200 = LINE('',#1201,#1202);
#1201 = CARTESIAN_POINT('',(196.2,169.9162416781,40.185389867582));
#1202 = VECTOR('',#1203,1.);
#1203 = DIRECTION('',(-3.8E-16,0.975916153426,-0.218145963707));
#1204 = PLANE('',#1205);
#1205 = AXIS2_PLACEMENT_3D('',#1206,#1207,#1208);
#1206 = CARTESIAN_POINT('',(196.2,146.51932465047,45.535977793567));
#1207 = DIRECTION('',(1.,3.181980515339E-16,-3.181980515339E-16));
#1208 = DIRECTION('',(-4.5E-16,0.707106781187,-0.707106781187));
#1209 = ADVANCED_FACE('',(#1210),#1244,.F.);
#1210 = FACE_BOUND('',#1211,.F.);
#1211 = EDGE_LOOP('',(#1212,#1222,#1230,#1236,#1237,#1238));
#1212 = ORIENTED_EDGE('',*,*,#1213,.F.);
#1213 = EDGE_CURVE('',#1214,#1216,#1218,.T.);
#1214 = VERTEX_POINT('',#1215);
#1215 = CARTESIAN_POINT('',(192.2,204.17047370578,35.1));
#1216 = VERTEX_POINT('',#1217);
#1217 = CARTESIAN_POINT('',(192.2,157.98351335237,78.790367901872));
#1218 = LINE('',#1219,#1220);
#1219 = CARTESIAN_POINT('',(192.2,210.30941516018,29.292893218814));
#1220 = VECTOR('',#1221,1.);
#1221 = DIRECTION('',(0.,-0.726468416955,0.687199853876));
#1222 = ORIENTED_EDGE('',*,*,#1223,.F.);
#1223 = EDGE_CURVE('',#1224,#1214,#1226,.T.);
#1224 = VERTEX_POINT('',#1225);
#1225 = CARTESIAN_POINT('',(195.2,204.17047370578,35.1));
#1226 = LINE('',#1227,#1228);
#1227 = CARTESIAN_POINT('',(193.7,204.17047370578,35.1));
#1228 = VECTOR('',#1229,1.);
#1229 = DIRECTION('',(-1.,2.687005768509E-16,-2.545584412272E-16));
#1230 = ORIENTED_EDGE('',*,*,#1231,.T.);
#1231 = EDGE_CURVE('',#1224,#176,#1232,.T.);
#1232 = LINE('',#1233,#1234);
#1233 = CARTESIAN_POINT('',(195.2,196.24992795773,42.592408140047));
#1234 = VECTOR('',#1235,1.);
#1235 = DIRECTION('',(-2.3E-16,0.726468416955,-0.687199853876));
#1236 = ORIENTED_EDGE('',*,*,#183,.T.);
#1237 = ORIENTED_EDGE('',*,*,#1071,.T.);
#1238 = ORIENTED_EDGE('',*,*,#1239,.F.);
#1239 = EDGE_CURVE('',#1216,#1072,#1240,.T.);
#1240 = LINE('',#1241,#1242);
#1241 = CARTESIAN_POINT('',(192.2,157.98351335237,78.790367901872));
#1242 = VECTOR('',#1243,1.);
#1243 = DIRECTION('',(1.,0.,0.));
#1244 = PLANE('',#1245);
#1245 = AXIS2_PLACEMENT_3D('',#1246,#1247,#1248);
#1246 = CARTESIAN_POINT('',(192.2,210.30941516018,29.292893218813));
#1247 = DIRECTION('',(0.,-0.687199853876,-0.726468416955));
#1248 = DIRECTION('',(4.4E-16,-0.726468416955,0.687199853876));
#1249 = ADVANCED_FACE('',(#1250),#1260,.T.);
#1250 = FACE_BOUND('',#1251,.T.);
#1251 = EDGE_LOOP('',(#1252,#1253,#1254));
#1252 = ORIENTED_EDGE('',*,*,#1231,.T.);
#1253 = ORIENTED_EDGE('',*,*,#175,.T.);
#1254 = ORIENTED_EDGE('',*,*,#1255,.T.);
#1255 = EDGE_CURVE('',#168,#1224,#1256,.T.);
#1256 = LINE('',#1257,#1258);
#1257 = CARTESIAN_POINT('',(195.2,207.67691163458,35.1));
#1258 = VECTOR('',#1259,1.);
#1259 = DIRECTION('',(0.,-1.,-4.461338147751E-16));
#1260 = PLANE('',#1261);
#1261 = AXIS2_PLACEMENT_3D('',#1262,#1263,#1264);
#1262 = CARTESIAN_POINT('',(195.2,145.8995959446,17.527315689981));
#1263 = DIRECTION('',(1.,2.264854970235E-31,-3.4E-16));
#1264 = DIRECTION('',(3.4E-16,-6.661338147751E-16,1.));
#1265 = ADVANCED_FACE('',(#1266),#1358,.F.);
#1266 = FACE_BOUND('',#1267,.F.);
#1267 = EDGE_LOOP('',(#1268,#1269,#1270,#1271,#1279,#1287,#1295,#1303,
    #1311,#1320,#1328,#1336,#1344,#1352));
#1268 = ORIENTED_EDGE('',*,*,#167,.F.);
#1269 = ORIENTED_EDGE('',*,*,#1255,.T.);
#1270 = ORIENTED_EDGE('',*,*,#1223,.T.);
#1271 = ORIENTED_EDGE('',*,*,#1272,.T.);
#1272 = EDGE_CURVE('',#1214,#1273,#1275,.T.);
#1273 = VERTEX_POINT('',#1274);
#1274 = CARTESIAN_POINT('',(192.2,193.16355779139,35.1));
#1275 = LINE('',#1276,#1277);
#1276 = CARTESIAN_POINT('',(192.2,177.09811814252,35.1));
#1277 = VECTOR('',#1278,1.);
#1278 = DIRECTION('',(3.2E-16,-1.,1.110223024625E-16));
#1279 = ORIENTED_EDGE('',*,*,#1280,.T.);
#1280 = EDGE_CURVE('',#1273,#1281,#1283,.T.);
#1281 = VERTEX_POINT('',#1282);
#1282 = CARTESIAN_POINT('',(195.2,193.16355779139,35.1));
#1283 = LINE('',#1284,#1285);
#1284 = CARTESIAN_POINT('',(193.2,193.16355779139,35.1));
#1285 = VECTOR('',#1286,1.);
#1286 = DIRECTION('',(1.,-2.969848480983E-16,2.545584412272E-16));
#1287 = ORIENTED_EDGE('',*,*,#1288,.T.);
#1288 = EDGE_CURVE('',#1281,#1289,#1291,.T.);
#1289 = VERTEX_POINT('',#1290);
#1290 = CARTESIAN_POINT('',(195.2,192.66667003307,35.1));
#1291 = LINE('',#1292,#1293);
#1292 = CARTESIAN_POINT('',(195.2,207.67691163458,35.1));
#1293 = VECTOR('',#1294,1.);
#1294 = DIRECTION('',(0.,-1.,-4.461338147751E-16));
#1295 = ORIENTED_EDGE('',*,*,#1296,.T.);
#1296 = EDGE_CURVE('',#1289,#1297,#1299,.T.);
#1297 = VERTEX_POINT('',#1298);
#1298 = CARTESIAN_POINT('',(192.2,192.66667003307,35.1));
#1299 = LINE('',#1300,#1301);
#1300 = CARTESIAN_POINT('',(193.2,192.66667003307,35.1));
#1301 = VECTOR('',#1302,1.);
#1302 = DIRECTION('',(-1.,1.131370849898E-15,-2.545584412272E-16));
#1303 = ORIENTED_EDGE('',*,*,#1304,.T.);
#1304 = EDGE_CURVE('',#1297,#1305,#1307,.T.);
#1305 = VERTEX_POINT('',#1306);
#1306 = CARTESIAN_POINT('',(192.2,106.18250489589,35.1));
#1307 = LINE('',#1308,#1309);
#1308 = CARTESIAN_POINT('',(192.2,177.09811814252,35.1));
#1309 = VECTOR('',#1310,1.);
#1310 = DIRECTION('',(3.2E-16,-1.,1.110223024625E-16));
#1311 = ORIENTED_EDGE('',*,*,#1312,.T.);
#1312 = EDGE_CURVE('',#1305,#1313,#1315,.T.);
#1313 = VERTEX_POINT('',#1314);
#1314 = CARTESIAN_POINT('',(192.2,102.60479613189,35.1));
#1315 = ELLIPSE('',#1316,3.111269837221,2.2);
#1316 = AXIS2_PLACEMENT_3D('',#1317,#1318,#1319);
#1317 = CARTESIAN_POINT('',(190.4,104.39365051389,35.1));
#1318 = DIRECTION('',(2.5E-16,-1.110223024625E-16,-1.));
#1319 = DIRECTION('',(-2.5E-16,-1.,1.110223024625E-16));
#1320 = ORIENTED_EDGE('',*,*,#1321,.T.);
#1321 = EDGE_CURVE('',#1313,#1322,#1324,.T.);
#1322 = VERTEX_POINT('',#1323);
#1323 = CARTESIAN_POINT('',(192.2,91.384147336557,35.1));
#1324 = LINE('',#1325,#1326);
#1325 = CARTESIAN_POINT('',(192.2,177.09811814252,35.1));
#1326 = VECTOR('',#1327,1.);
#1327 = DIRECTION('',(3.2E-16,-1.,1.110223024625E-16));
#1328 = ORIENTED_EDGE('',*,*,#1329,.T.);
#1329 = EDGE_CURVE('',#1322,#1330,#1332,.T.);
#1330 = VERTEX_POINT('',#1331);
#1331 = CARTESIAN_POINT('',(195.2,91.384147336557,35.1));
#1332 = LINE('',#1333,#1334);
#1333 = CARTESIAN_POINT('',(193.7,91.384147336557,35.1));
#1334 = VECTOR('',#1335,1.);
#1335 = DIRECTION('',(1.,2.899137802865E-16,2.474873734153E-16));
#1336 = ORIENTED_EDGE('',*,*,#1337,.T.);
#1337 = EDGE_CURVE('',#1330,#1338,#1340,.T.);
#1338 = VERTEX_POINT('',#1339);
#1339 = CARTESIAN_POINT('',(195.2,87.076911634581,35.1));
#1340 = LINE('',#1341,#1342);
#1341 = CARTESIAN_POINT('',(195.2,207.67691163458,35.1));
#1342 = VECTOR('',#1343,1.);
#1343 = DIRECTION('',(0.,-1.,-4.461338147751E-16));
#1344 = ORIENTED_EDGE('',*,*,#1345,.T.);
#1345 = EDGE_CURVE('',#1338,#1346,#1348,.T.);
#1346 = VERTEX_POINT('',#1347);
#1347 = CARTESIAN_POINT('',(188.2,87.076911634581,35.1));
#1348 = LINE('',#1349,#1350);
#1349 = CARTESIAN_POINT('',(195.2,87.076911634581,35.1));
#1350 = VECTOR('',#1351,1.);
#1351 = DIRECTION('',(-1.,1.665334536938E-31,-2.5E-16));
#1352 = ORIENTED_EDGE('',*,*,#1353,.F.);
#1353 = EDGE_CURVE('',#160,#1346,#1354,.T.);
#1354 = LINE('',#1355,#1356);
#1355 = CARTESIAN_POINT('',(188.2,207.67691163458,35.1));
#1356 = VECTOR('',#1357,1.);
#1357 = DIRECTION('',(0.,-1.,-4.461338147751E-16));
#1358 = PLANE('',#1359);
#1359 = AXIS2_PLACEMENT_3D('',#1360,#1361,#1362);
#1360 = CARTESIAN_POINT('',(195.2,207.67691163458,35.1));
#1361 = DIRECTION('',(2.5E-16,4.461338147751E-16,-1.));
#1362 = DIRECTION('',(-1.,1.665334536938E-31,-2.5E-16));
#1363 = ADVANCED_FACE('',(#1364),#1382,.F.);
#1364 = FACE_BOUND('',#1365,.F.);
#1365 = EDGE_LOOP('',(#1366,#1367,#1375,#1381));
#1366 = ORIENTED_EDGE('',*,*,#1353,.T.);
#1367 = ORIENTED_EDGE('',*,*,#1368,.T.);
#1368 = EDGE_CURVE('',#1346,#1369,#1371,.T.);
#1369 = VERTEX_POINT('',#1370);
#1370 = CARTESIAN_POINT('',(188.2,87.076911634581,34.3));
#1371 = LINE('',#1372,#1373);
#1372 = CARTESIAN_POINT('',(188.2,87.076911634581,35.1));
#1373 = VECTOR('',#1374,1.);
#1374 = DIRECTION('',(0.,6.661338147751E-16,-1.));
#1375 = ORIENTED_EDGE('',*,*,#1376,.F.);
#1376 = EDGE_CURVE('',#152,#1369,#1377,.T.);
#1377 = LINE('',#1378,#1379);
#1378 = CARTESIAN_POINT('',(188.2,207.67691163458,34.3));
#1379 = VECTOR('',#1380,1.);
#1380 = DIRECTION('',(0.,-1.,-4.461338147751E-16));
#1381 = ORIENTED_EDGE('',*,*,#159,.F.);
#1382 = PLANE('',#1383);
#1383 = AXIS2_PLACEMENT_3D('',#1384,#1385,#1386);
#1384 = CARTESIAN_POINT('',(188.2,207.67691163458,35.1));
#1385 = DIRECTION('',(1.,0.,0.));
#1386 = DIRECTION('',(0.,8.861338147751E-16,-1.));
#1387 = ADVANCED_FACE('',(#1388),#1400,.F.);
#1388 = FACE_BOUND('',#1389,.F.);
#1389 = EDGE_LOOP('',(#1390,#1391,#1397,#1398,#1399));
#1390 = ORIENTED_EDGE('',*,*,#1376,.T.);
#1391 = ORIENTED_EDGE('',*,*,#1392,.T.);
#1392 = EDGE_CURVE('',#1369,#429,#1393,.T.);
#1393 = LINE('',#1394,#1395);
#1394 = CARTESIAN_POINT('',(188.2,87.076911634581,34.3));
#1395 = VECTOR('',#1396,1.);
#1396 = DIRECTION('',(0.707106781187,4.710277376051E-16,-0.707106781187)
  );
#1397 = ORIENTED_EDGE('',*,*,#428,.T.);
#1398 = ORIENTED_EDGE('',*,*,#300,.F.);
#1399 = ORIENTED_EDGE('',*,*,#151,.F.);
#1400 = PLANE('',#1401);
#1401 = AXIS2_PLACEMENT_3D('',#1402,#1403,#1404);
#1402 = CARTESIAN_POINT('',(188.2,207.67691163458,34.3));
#1403 = DIRECTION('',(0.707106781187,-3.110277376051E-16,0.707106781187)
  );
#1404 = DIRECTION('',(0.707106781187,6.310277376051E-16,-0.707106781187)
  );
#1405 = ADVANCED_FACE('',(#1406),#1443,.F.);
#1406 = FACE_BOUND('',#1407,.T.);
#1407 = EDGE_LOOP('',(#1408,#1416,#1417,#1418,#1427,#1436));
#1408 = ORIENTED_EDGE('',*,*,#1409,.F.);
#1409 = EDGE_CURVE('',#273,#1410,#1412,.T.);
#1410 = VERTEX_POINT('',#1411);
#1411 = CARTESIAN_POINT('',(198.2,199.67691163458,16.));
#1412 = LINE('',#1413,#1414);
#1413 = CARTESIAN_POINT('',(198.2,208.67691163458,16.));
#1414 = VECTOR('',#1415,1.);
#1415 = DIRECTION('',(0.,-1.,-4.461338147751E-16));
#1416 = ORIENTED_EDGE('',*,*,#272,.T.);
#1417 = ORIENTED_EDGE('',*,*,#1409,.T.);
#1418 = ORIENTED_EDGE('',*,*,#1419,.F.);
#1419 = EDGE_CURVE('',#1420,#1410,#1422,.T.);
#1420 = VERTEX_POINT('',#1421);
#1421 = CARTESIAN_POINT('',(195.2,199.67691163458,18.190890230021));
#1422 = CIRCLE('',#1423,2.3);
#1423 = AXIS2_PLACEMENT_3D('',#1424,#1425,#1426);
#1424 = CARTESIAN_POINT('',(195.9,199.67691163458,16.));
#1425 = DIRECTION('',(-0.,1.,8.861338147751E-16));
#1426 = DIRECTION('',(1.,0.,0.));
#1427 = ORIENTED_EDGE('',*,*,#1428,.F.);
#1428 = EDGE_CURVE('',#1429,#1420,#1431,.T.);
#1429 = VERTEX_POINT('',#1430);
#1430 = CARTESIAN_POINT('',(195.2,199.67691163458,13.80910976998));
#1431 = CIRCLE('',#1432,2.3);
#1432 = AXIS2_PLACEMENT_3D('',#1433,#1434,#1435);
#1433 = CARTESIAN_POINT('',(195.9,199.67691163458,16.));
#1434 = DIRECTION('',(-0.,1.,8.861338147751E-16));
#1435 = DIRECTION('',(1.,0.,0.));
#1436 = ORIENTED_EDGE('',*,*,#1437,.F.);
#1437 = EDGE_CURVE('',#1410,#1429,#1438,.T.);
#1438 = CIRCLE('',#1439,2.3);
#1439 = AXIS2_PLACEMENT_3D('',#1440,#1441,#1442);
#1440 = CARTESIAN_POINT('',(195.9,199.67691163458,16.));
#1441 = DIRECTION('',(-0.,1.,8.861338147751E-16));
#1442 = DIRECTION('',(1.,0.,0.));
#1443 = CYLINDRICAL_SURFACE('',#1444,2.3);
#1444 = AXIS2_PLACEMENT_3D('',#1445,#1446,#1447);
#1445 = CARTESIAN_POINT('',(195.9,208.67691163458,16.));
#1446 = DIRECTION('',(0.,1.,8.861338147751E-16));
#1447 = DIRECTION('',(1.,0.,0.));
#1448 = ADVANCED_FACE('',(#1449),#1465,.T.);
#1449 = FACE_BOUND('',#1450,.T.);
#1450 = EDGE_LOOP('',(#1451,#1452,#1458,#1459));
#1451 = ORIENTED_EDGE('',*,*,#308,.T.);
#1452 = ORIENTED_EDGE('',*,*,#1453,.T.);
#1453 = EDGE_CURVE('',#311,#891,#1454,.T.);
#1454 = LINE('',#1455,#1456);
#1455 = CARTESIAN_POINT('',(67.6,143.3769116346,6.));
#1456 = VECTOR('',#1457,1.);
#1457 = DIRECTION('',(1.,0.,0.));
#1458 = ORIENTED_EDGE('',*,*,#888,.F.);
#1459 = ORIENTED_EDGE('',*,*,#1460,.F.);
#1460 = EDGE_CURVE('',#309,#889,#1461,.T.);
#1461 = LINE('',#1462,#1463);
#1462 = CARTESIAN_POINT('',(67.6,133.3769116346,22.));
#1463 = VECTOR('',#1464,1.);
#1464 = DIRECTION('',(1.,0.,0.));
#1465 = PLANE('',#1466);
#1466 = AXIS2_PLACEMENT_3D('',#1467,#1468,#1469);
#1467 = CARTESIAN_POINT('',(67.6,143.3769116346,6.));
#1468 = DIRECTION('',(0.,-0.847998304005,-0.529998940003));
#1469 = DIRECTION('',(4.2E-16,-0.529998940003,0.847998304005));
#1470 = ADVANCED_FACE('',(#1471),#1482,.T.);
#1471 = FACE_BOUND('',#1472,.T.);
#1472 = EDGE_LOOP('',(#1473,#1474,#1475,#1476));
#1473 = ORIENTED_EDGE('',*,*,#318,.T.);
#1474 = ORIENTED_EDGE('',*,*,#1460,.T.);
#1475 = ORIENTED_EDGE('',*,*,#906,.F.);
#1476 = ORIENTED_EDGE('',*,*,#1477,.F.);
#1477 = EDGE_CURVE('',#319,#899,#1478,.T.);
#1478 = LINE('',#1479,#1480);
#1479 = CARTESIAN_POINT('',(67.6,123.3769116346,6.));
#1480 = VECTOR('',#1481,1.);
#1481 = DIRECTION('',(1.,0.,0.));
#1482 = PLANE('',#1483);
#1483 = AXIS2_PLACEMENT_3D('',#1484,#1485,#1486);
#1484 = CARTESIAN_POINT('',(67.6,133.3769116346,22.));
#1485 = DIRECTION('',(0.,0.847998304005,-0.529998940003));
#1486 = DIRECTION('',(5.E-17,-0.529998940003,-0.847998304005));
#1487 = ADVANCED_FACE('',(#1488),#1494,.T.);
#1488 = FACE_BOUND('',#1489,.T.);
#1489 = EDGE_LOOP('',(#1490,#1491,#1492,#1493));
#1490 = ORIENTED_EDGE('',*,*,#326,.T.);
#1491 = ORIENTED_EDGE('',*,*,#1477,.T.);
#1492 = ORIENTED_EDGE('',*,*,#898,.F.);
#1493 = ORIENTED_EDGE('',*,*,#1453,.F.);
#1494 = PLANE('',#1495);
#1495 = AXIS2_PLACEMENT_3D('',#1496,#1497,#1498);
#1496 = CARTESIAN_POINT('',(67.6,123.3769116346,6.));
#1497 = DIRECTION('',(0.,-8.861338147751E-16,1.));
#1498 = DIRECTION('',(-4.4E-16,1.,8.861338147751E-16));
#1499 = ADVANCED_FACE('',(#1500),#1532,.T.);
#1500 = FACE_BOUND('',#1501,.T.);
#1501 = EDGE_LOOP('',(#1502,#1508,#1509,#1515,#1516,#1525,#1531));
#1502 = ORIENTED_EDGE('',*,*,#1503,.F.);
#1503 = EDGE_CURVE('',#335,#808,#1504,.T.);
#1504 = LINE('',#1505,#1506);
#1505 = CARTESIAN_POINT('',(67.6,189.37691163458,22.));
#1506 = VECTOR('',#1507,1.);
#1507 = DIRECTION('',(1.,0.,0.));
#1508 = ORIENTED_EDGE('',*,*,#334,.T.);
#1509 = ORIENTED_EDGE('',*,*,#1510,.T.);
#1510 = EDGE_CURVE('',#337,#792,#1511,.T.);
#1511 = LINE('',#1512,#1513);
#1512 = CARTESIAN_POINT('',(67.6,199.37691163458,6.));
#1513 = VECTOR('',#1514,1.);
#1514 = DIRECTION('',(1.,0.,0.));
#1515 = ORIENTED_EDGE('',*,*,#791,.F.);
#1516 = ORIENTED_EDGE('',*,*,#1517,.F.);
#1517 = EDGE_CURVE('',#1518,#784,#1520,.T.);
#1518 = VERTEX_POINT('',#1519);
#1519 = CARTESIAN_POINT('',(193.34743266494,193.67691163458,15.12));
#1520 = ELLIPSE('',#1521,3.183968632069,2.7);
#1521 = AXIS2_PLACEMENT_3D('',#1522,#1523,#1524);
#1522 = CARTESIAN_POINT('',(195.9,193.12691163458,16.));
#1523 = DIRECTION('',(0.,-0.847998304005,-0.529998940003));
#1524 = DIRECTION('',(0.,0.529998940003,-0.847998304005));
#1525 = ORIENTED_EDGE('',*,*,#1526,.T.);
#1526 = EDGE_CURVE('',#1518,#816,#1527,.T.);
#1527 = LINE('',#1528,#1529);
#1528 = CARTESIAN_POINT('',(99.75,193.67691163458,15.12));
#1529 = VECTOR('',#1530,1.);
#1530 = DIRECTION('',(1.,0.,0.));
#1531 = ORIENTED_EDGE('',*,*,#815,.F.);
#1532 = PLANE('',#1533);
#1533 = AXIS2_PLACEMENT_3D('',#1534,#1535,#1536);
#1534 = CARTESIAN_POINT('',(67.6,199.37691163458,6.));
#1535 = DIRECTION('',(0.,-0.847998304005,-0.529998940003));
#1536 = DIRECTION('',(4.2E-16,-0.529998940003,0.847998304005));
#1537 = ADVANCED_FACE('',(#1538),#1549,.T.);
#1538 = FACE_BOUND('',#1539,.T.);
#1539 = EDGE_LOOP('',(#1540,#1541,#1542,#1543));
#1540 = ORIENTED_EDGE('',*,*,#344,.T.);
#1541 = ORIENTED_EDGE('',*,*,#1503,.T.);
#1542 = ORIENTED_EDGE('',*,*,#807,.F.);
#1543 = ORIENTED_EDGE('',*,*,#1544,.F.);
#1544 = EDGE_CURVE('',#345,#800,#1545,.T.);
#1545 = LINE('',#1546,#1547);
#1546 = CARTESIAN_POINT('',(67.6,179.37691163458,6.));
#1547 = VECTOR('',#1548,1.);
#1548 = DIRECTION('',(1.,0.,0.));
#1549 = PLANE('',#1550);
#1550 = AXIS2_PLACEMENT_3D('',#1551,#1552,#1553);
#1551 = CARTESIAN_POINT('',(67.6,189.37691163458,22.));
#1552 = DIRECTION('',(0.,0.847998304005,-0.529998940003));
#1553 = DIRECTION('',(5.E-17,-0.529998940003,-0.847998304005));
#1554 = ADVANCED_FACE('',(#1555),#1561,.T.);
#1555 = FACE_BOUND('',#1556,.T.);
#1556 = EDGE_LOOP('',(#1557,#1558,#1559,#1560));
#1557 = ORIENTED_EDGE('',*,*,#352,.T.);
#1558 = ORIENTED_EDGE('',*,*,#1544,.T.);
#1559 = ORIENTED_EDGE('',*,*,#799,.F.);
#1560 = ORIENTED_EDGE('',*,*,#1510,.F.);
#1561 = PLANE('',#1562);
#1562 = AXIS2_PLACEMENT_3D('',#1563,#1564,#1565);
#1563 = CARTESIAN_POINT('',(67.6,179.37691163458,6.));
#1564 = DIRECTION('',(0.,-8.861338147751E-16,1.));
#1565 = DIRECTION('',(-4.4E-16,1.,8.861338147751E-16));
#1566 = ADVANCED_FACE('',(#1567),#1583,.T.);
#1567 = FACE_BOUND('',#1568,.T.);
#1568 = EDGE_LOOP('',(#1569,#1570,#1576,#1577));
#1569 = ORIENTED_EDGE('',*,*,#360,.T.);
#1570 = ORIENTED_EDGE('',*,*,#1571,.T.);
#1571 = EDGE_CURVE('',#363,#917,#1572,.T.);
#1572 = LINE('',#1573,#1574);
#1573 = CARTESIAN_POINT('',(67.6,115.37691163458,6.));
#1574 = VECTOR('',#1575,1.);
#1575 = DIRECTION('',(1.,0.,0.));
#1576 = ORIENTED_EDGE('',*,*,#914,.F.);
#1577 = ORIENTED_EDGE('',*,*,#1578,.F.);
#1578 = EDGE_CURVE('',#361,#915,#1579,.T.);
#1579 = LINE('',#1580,#1581);
#1580 = CARTESIAN_POINT('',(67.6,105.37691163458,22.));
#1581 = VECTOR('',#1582,1.);
#1582 = DIRECTION('',(1.,0.,0.));
#1583 = PLANE('',#1584);
#1584 = AXIS2_PLACEMENT_3D('',#1585,#1586,#1587);
#1585 = CARTESIAN_POINT('',(67.6,115.37691163458,6.));
#1586 = DIRECTION('',(0.,-0.847998304005,-0.529998940003));
#1587 = DIRECTION('',(4.2E-16,-0.529998940003,0.847998304005));
#1588 = ADVANCED_FACE('',(#1589),#1600,.T.);
#1589 = FACE_BOUND('',#1590,.T.);
#1590 = EDGE_LOOP('',(#1591,#1592,#1593,#1594));
#1591 = ORIENTED_EDGE('',*,*,#370,.T.);
#1592 = ORIENTED_EDGE('',*,*,#1578,.T.);
#1593 = ORIENTED_EDGE('',*,*,#932,.F.);
#1594 = ORIENTED_EDGE('',*,*,#1595,.F.);
#1595 = EDGE_CURVE('',#371,#925,#1596,.T.);
#1596 = LINE('',#1597,#1598);
#1597 = CARTESIAN_POINT('',(67.6,95.376911634581,6.));
#1598 = VECTOR('',#1599,1.);
#1599 = DIRECTION('',(1.,0.,0.));
#1600 = PLANE('',#1601);
#1601 = AXIS2_PLACEMENT_3D('',#1602,#1603,#1604);
#1602 = CARTESIAN_POINT('',(67.6,105.37691163458,22.));
#1603 = DIRECTION('',(0.,0.847998304005,-0.529998940003));
#1604 = DIRECTION('',(5.E-17,-0.529998940003,-0.847998304005));
#1605 = ADVANCED_FACE('',(#1606),#1612,.T.);
#1606 = FACE_BOUND('',#1607,.T.);
#1607 = EDGE_LOOP('',(#1608,#1609,#1610,#1611));
#1608 = ORIENTED_EDGE('',*,*,#378,.T.);
#1609 = ORIENTED_EDGE('',*,*,#1595,.T.);
#1610 = ORIENTED_EDGE('',*,*,#924,.F.);
#1611 = ORIENTED_EDGE('',*,*,#1571,.F.);
#1612 = PLANE('',#1613);
#1613 = AXIS2_PLACEMENT_3D('',#1614,#1615,#1616);
#1614 = CARTESIAN_POINT('',(67.6,95.376911634581,6.));
#1615 = DIRECTION('',(0.,-8.861338147751E-16,1.));
#1616 = DIRECTION('',(-4.4E-16,1.,8.861338147751E-16));
#1617 = ADVANCED_FACE('',(#1618),#1634,.T.);
#1618 = FACE_BOUND('',#1619,.T.);
#1619 = EDGE_LOOP('',(#1620,#1621,#1627,#1628));
#1620 = ORIENTED_EDGE('',*,*,#386,.T.);
#1621 = ORIENTED_EDGE('',*,*,#1622,.T.);
#1622 = EDGE_CURVE('',#389,#865,#1623,.T.);
#1623 = LINE('',#1624,#1625);
#1624 = CARTESIAN_POINT('',(67.6,171.37691163456,6.));
#1625 = VECTOR('',#1626,1.);
#1626 = DIRECTION('',(1.,0.,0.));
#1627 = ORIENTED_EDGE('',*,*,#862,.F.);
#1628 = ORIENTED_EDGE('',*,*,#1629,.F.);
#1629 = EDGE_CURVE('',#387,#863,#1630,.T.);
#1630 = LINE('',#1631,#1632);
#1631 = CARTESIAN_POINT('',(67.6,161.37691163456,22.));
#1632 = VECTOR('',#1633,1.);
#1633 = DIRECTION('',(1.,0.,0.));
#1634 = PLANE('',#1635);
#1635 = AXIS2_PLACEMENT_3D('',#1636,#1637,#1638);
#1636 = CARTESIAN_POINT('',(67.6,171.37691163456,6.));
#1637 = DIRECTION('',(0.,-0.847998304005,-0.529998940003));
#1638 = DIRECTION('',(4.2E-16,-0.529998940003,0.847998304005));
#1639 = ADVANCED_FACE('',(#1640),#1651,.T.);
#1640 = FACE_BOUND('',#1641,.T.);
#1641 = EDGE_LOOP('',(#1642,#1643,#1644,#1645));
#1642 = ORIENTED_EDGE('',*,*,#396,.T.);
#1643 = ORIENTED_EDGE('',*,*,#1629,.T.);
#1644 = ORIENTED_EDGE('',*,*,#880,.F.);
#1645 = ORIENTED_EDGE('',*,*,#1646,.F.);
#1646 = EDGE_CURVE('',#397,#873,#1647,.T.);
#1647 = LINE('',#1648,#1649);
#1648 = CARTESIAN_POINT('',(67.6,151.37691163456,6.));
#1649 = VECTOR('',#1650,1.);
#1650 = DIRECTION('',(1.,0.,0.));
#1651 = PLANE('',#1652);
#1652 = AXIS2_PLACEMENT_3D('',#1653,#1654,#1655);
#1653 = CARTESIAN_POINT('',(67.6,161.37691163456,22.));
#1654 = DIRECTION('',(0.,0.847998304005,-0.529998940003));
#1655 = DIRECTION('',(5.E-17,-0.529998940003,-0.847998304005));
#1656 = ADVANCED_FACE('',(#1657),#1663,.T.);
#1657 = FACE_BOUND('',#1658,.T.);
#1658 = EDGE_LOOP('',(#1659,#1660,#1661,#1662));
#1659 = ORIENTED_EDGE('',*,*,#404,.T.);
#1660 = ORIENTED_EDGE('',*,*,#1646,.T.);
#1661 = ORIENTED_EDGE('',*,*,#872,.F.);
#1662 = ORIENTED_EDGE('',*,*,#1622,.F.);
#1663 = PLANE('',#1664);
#1664 = AXIS2_PLACEMENT_3D('',#1665,#1666,#1667);
#1665 = CARTESIAN_POINT('',(67.6,151.37691163456,6.));
#1666 = DIRECTION('',(0.,-8.861338147751E-16,1.));
#1667 = DIRECTION('',(-4.4E-16,1.,8.861338147751E-16));
#1668 = ADVANCED_FACE('',(#1669),#1695,.T.);
#1669 = FACE_BOUND('',#1670,.T.);
#1670 = EDGE_LOOP('',(#1671,#1672,#1680,#1688,#1694));
#1671 = ORIENTED_EDGE('',*,*,#452,.F.);
#1672 = ORIENTED_EDGE('',*,*,#1673,.T.);
#1673 = EDGE_CURVE('',#453,#1674,#1676,.T.);
#1674 = VERTEX_POINT('',#1675);
#1675 = CARTESIAN_POINT('',(195.2,84.076911634581,32.7));
#1676 = LINE('',#1677,#1678);
#1677 = CARTESIAN_POINT('',(68.6,84.076911634581,32.7));
#1678 = VECTOR('',#1679,1.);
#1679 = DIRECTION('',(1.,0.,0.));
#1680 = ORIENTED_EDGE('',*,*,#1681,.T.);
#1681 = EDGE_CURVE('',#1674,#1682,#1684,.T.);
#1682 = VERTEX_POINT('',#1683);
#1683 = CARTESIAN_POINT('',(195.2,87.076911634581,32.7));
#1684 = LINE('',#1685,#1686);
#1685 = CARTESIAN_POINT('',(195.2,84.076911634581,32.7));
#1686 = VECTOR('',#1687,1.);
#1687 = DIRECTION('',(0.,1.,6.661338147751E-16));
#1688 = ORIENTED_EDGE('',*,*,#1689,.T.);
#1689 = EDGE_CURVE('',#1682,#429,#1690,.T.);
#1690 = LINE('',#1691,#1692);
#1691 = CARTESIAN_POINT('',(195.2,87.076911634581,32.7));
#1692 = VECTOR('',#1693,1.);
#1693 = DIRECTION('',(-1.,0.,0.));
#1694 = ORIENTED_EDGE('',*,*,#436,.T.);
#1695 = PLANE('',#1696);
#1696 = AXIS2_PLACEMENT_3D('',#1697,#1698,#1699);
#1697 = CARTESIAN_POINT('',(131.9,85.576911634581,32.7));
#1698 = DIRECTION('',(0.,-6.661338147751E-16,1.));
#1699 = DIRECTION('',(1.,0.,0.));
#1700 = ADVANCED_FACE('',(#1701),#1730,.T.);
#1701 = FACE_BOUND('',#1702,.T.);
#1702 = EDGE_LOOP('',(#1703,#1704,#1705,#1706,#1707,#1715,#1723,#1729));
#1703 = ORIENTED_EDGE('',*,*,#460,.F.);
#1704 = ORIENTED_EDGE('',*,*,#733,.T.);
#1705 = ORIENTED_EDGE('',*,*,#757,.T.);
#1706 = ORIENTED_EDGE('',*,*,#1013,.T.);
#1707 = ORIENTED_EDGE('',*,*,#1708,.T.);
#1708 = EDGE_CURVE('',#1014,#1709,#1711,.T.);
#1709 = VERTEX_POINT('',#1710);
#1710 = CARTESIAN_POINT('',(192.2,84.076911634581,28.706168760771));
#1711 = LINE('',#1712,#1713);
#1712 = CARTESIAN_POINT('',(192.2,84.076911634581,30.942988896783));
#1713 = VECTOR('',#1714,1.);
#1714 = DIRECTION('',(3.2E-16,-1.110223024625E-16,1.));
#1715 = ORIENTED_EDGE('',*,*,#1716,.T.);
#1716 = EDGE_CURVE('',#1709,#1717,#1719,.T.);
#1717 = VERTEX_POINT('',#1718);
#1718 = CARTESIAN_POINT('',(195.2,84.076911634581,28.706168760771));
#1719 = LINE('',#1720,#1721);
#1720 = CARTESIAN_POINT('',(162.05,84.076911634581,28.706168760771));
#1721 = VECTOR('',#1722,1.);
#1722 = DIRECTION('',(1.,0.,0.));
#1723 = ORIENTED_EDGE('',*,*,#1724,.T.);
#1724 = EDGE_CURVE('',#1717,#1674,#1725,.T.);
#1725 = LINE('',#1726,#1727);
#1726 = CARTESIAN_POINT('',(195.2,84.076911634581,1.42108547152E-14));
#1727 = VECTOR('',#1728,1.);
#1728 = DIRECTION('',(0.,-6.661338147751E-16,1.));
#1729 = ORIENTED_EDGE('',*,*,#1673,.F.);
#1730 = PLANE('',#1731);
#1731 = AXIS2_PLACEMENT_3D('',#1732,#1733,#1734);
#1732 = CARTESIAN_POINT('',(131.9,84.076911634581,16.35));
#1733 = DIRECTION('',(-0.,-1.,-6.661338147751E-16));
#1734 = DIRECTION('',(0.,6.661338147751E-16,-1.));
#1735 = ADVANCED_FACE('',(#1736,#1750),#1755,.T.);
#1736 = FACE_BOUND('',#1737,.T.);
#1737 = EDGE_LOOP('',(#1738,#1739,#1740,#1741,#1748,#1749));
#1738 = ORIENTED_EDGE('',*,*,#979,.T.);
#1739 = ORIENTED_EDGE('',*,*,#996,.T.);
#1740 = ORIENTED_EDGE('',*,*,#839,.F.);
#1741 = ORIENTED_EDGE('',*,*,#1742,.T.);
#1742 = EDGE_CURVE('',#832,#776,#1743,.T.);
#1743 = CIRCLE('',#1744,2.7);
#1744 = AXIS2_PLACEMENT_3D('',#1745,#1746,#1747);
#1745 = CARTESIAN_POINT('',(195.9,199.67691163458,16.));
#1746 = DIRECTION('',(0.,-1.,-6.661338147751E-16));
#1747 = DIRECTION('',(1.,0.,0.));
#1748 = ORIENTED_EDGE('',*,*,#775,.F.);
#1749 = ORIENTED_EDGE('',*,*,#947,.T.);
#1750 = FACE_BOUND('',#1751,.T.);
#1751 = EDGE_LOOP('',(#1752,#1753,#1754));
#1752 = ORIENTED_EDGE('',*,*,#1419,.T.);
#1753 = ORIENTED_EDGE('',*,*,#1437,.T.);
#1754 = ORIENTED_EDGE('',*,*,#1428,.T.);
#1755 = PLANE('',#1756);
#1756 = AXIS2_PLACEMENT_3D('',#1757,#1758,#1759);
#1757 = CARTESIAN_POINT('',(196.43064628721,199.67691163458,16.));
#1758 = DIRECTION('',(2.3E-16,-1.,-1.786133814775E-15));
#1759 = DIRECTION('',(0.,1.786133814775E-15,-1.));
#1760 = ADVANCED_FACE('',(#1761),#1774,.F.);
#1761 = FACE_BOUND('',#1762,.T.);
#1762 = EDGE_LOOP('',(#1763,#1764,#1765,#1772,#1773));
#1763 = ORIENTED_EDGE('',*,*,#1742,.F.);
#1764 = ORIENTED_EDGE('',*,*,#831,.F.);
#1765 = ORIENTED_EDGE('',*,*,#1766,.T.);
#1766 = EDGE_CURVE('',#824,#1518,#1767,.T.);
#1767 = CIRCLE('',#1768,2.7);
#1768 = AXIS2_PLACEMENT_3D('',#1769,#1770,#1771);
#1769 = CARTESIAN_POINT('',(195.9,193.67691163458,16.));
#1770 = DIRECTION('',(0.,-1.,-6.661338147751E-16));
#1771 = DIRECTION('',(1.,0.,0.));
#1772 = ORIENTED_EDGE('',*,*,#1517,.T.);
#1773 = ORIENTED_EDGE('',*,*,#783,.T.);
#1774 = CYLINDRICAL_SURFACE('',#1775,2.7);
#1775 = AXIS2_PLACEMENT_3D('',#1776,#1777,#1778);
#1776 = CARTESIAN_POINT('',(195.9,199.67691163458,16.));
#1777 = DIRECTION('',(0.,1.,8.861338147751E-16));
#1778 = DIRECTION('',(1.,0.,0.));
#1779 = ADVANCED_FACE('',(#1780),#1785,.T.);
#1780 = FACE_BOUND('',#1781,.T.);
#1781 = EDGE_LOOP('',(#1782,#1783,#1784));
#1782 = ORIENTED_EDGE('',*,*,#1766,.F.);
#1783 = ORIENTED_EDGE('',*,*,#823,.F.);
#1784 = ORIENTED_EDGE('',*,*,#1526,.F.);
#1785 = PLANE('',#1786);
#1786 = AXIS2_PLACEMENT_3D('',#1787,#1788,#1789);
#1787 = CARTESIAN_POINT('',(131.9,193.67691163458,16.));
#1788 = DIRECTION('',(0.,1.,2.186133814775E-15));
#1789 = DIRECTION('',(0.,-2.186133814775E-15,1.));
#1790 = ADVANCED_FACE('',(#1791),#1823,.F.);
#1791 = FACE_BOUND('',#1792,.F.);
#1792 = EDGE_LOOP('',(#1793,#1801,#1807,#1808,#1809,#1815,#1816,#1822));
#1793 = ORIENTED_EDGE('',*,*,#1794,.F.);
#1794 = EDGE_CURVE('',#1795,#1322,#1797,.T.);
#1795 = VERTEX_POINT('',#1796);
#1796 = CARTESIAN_POINT('',(192.2,116.26421326237,56.870057685089));
#1797 = LINE('',#1798,#1799);
#1798 = CARTESIAN_POINT('',(192.2,116.26421326237,56.870057685089));
#1799 = VECTOR('',#1800,1.);
#1800 = DIRECTION('',(0.,-0.752576694707,-0.658504607869));
#1801 = ORIENTED_EDGE('',*,*,#1802,.T.);
#1802 = EDGE_CURVE('',#1795,#1056,#1803,.T.);
#1803 = LINE('',#1804,#1805);
#1804 = CARTESIAN_POINT('',(192.2,116.26421326237,56.870057685089));
#1805 = VECTOR('',#1806,1.);
#1806 = DIRECTION('',(1.,0.,0.));
#1807 = ORIENTED_EDGE('',*,*,#1063,.T.);
#1808 = ORIENTED_EDGE('',*,*,#1029,.F.);
#1809 = ORIENTED_EDGE('',*,*,#1810,.F.);
#1810 = EDGE_CURVE('',#1709,#1022,#1811,.T.);
#1811 = LINE('',#1812,#1813);
#1812 = CARTESIAN_POINT('',(192.2,116.26421326237,56.870057685089));
#1813 = VECTOR('',#1814,1.);
#1814 = DIRECTION('',(0.,-0.752576694707,-0.658504607869));
#1815 = ORIENTED_EDGE('',*,*,#1716,.T.);
#1816 = ORIENTED_EDGE('',*,*,#1817,.T.);
#1817 = EDGE_CURVE('',#1717,#1330,#1818,.T.);
#1818 = LINE('',#1819,#1820);
#1819 = CARTESIAN_POINT('',(195.2,114.90788998775,55.683274819799));
#1820 = VECTOR('',#1821,1.);
#1821 = DIRECTION('',(2.2E-16,0.752576694707,0.658504607869));
#1822 = ORIENTED_EDGE('',*,*,#1329,.F.);
#1823 = PLANE('',#1824);
#1824 = AXIS2_PLACEMENT_3D('',#1825,#1826,#1827);
#1825 = CARTESIAN_POINT('',(192.2,116.26421326237,56.870057685089));
#1826 = DIRECTION('',(0.,0.658504607869,-0.752576694707));
#1827 = DIRECTION('',(-1.9E-16,-0.752576694707,-0.658504607869));
#1828 = ADVANCED_FACE('',(#1829),#1834,.F.);
#1829 = FACE_BOUND('',#1830,.F.);
#1830 = EDGE_LOOP('',(#1831,#1832,#1833));
#1831 = ORIENTED_EDGE('',*,*,#1708,.T.);
#1832 = ORIENTED_EDGE('',*,*,#1810,.T.);
#1833 = ORIENTED_EDGE('',*,*,#1021,.T.);
#1834 = PLANE('',#1835);
#1835 = AXIS2_PLACEMENT_3D('',#1836,#1837,#1838);
#1836 = CARTESIAN_POINT('',(192.2,146.51932465047,45.535977793567));
#1837 = DIRECTION('',(1.,3.181980515339E-16,-3.181980515339E-16));
#1838 = DIRECTION('',(-4.5E-16,0.707106781187,-0.707106781187));
#1839 = ADVANCED_FACE('',(#1840),#1858,.F.);
#1840 = FACE_BOUND('',#1841,.F.);
#1841 = EDGE_LOOP('',(#1842,#1850,#1851,#1852));
#1842 = ORIENTED_EDGE('',*,*,#1843,.T.);
#1843 = EDGE_CURVE('',#1844,#1054,#1846,.T.);
#1844 = VERTEX_POINT('',#1845);
#1845 = CARTESIAN_POINT('',(192.2,148.08401841576,88.689862838483));
#1846 = LINE('',#1847,#1848);
#1847 = CARTESIAN_POINT('',(192.2,148.08401841576,88.689862838483));
#1848 = VECTOR('',#1849,1.);
#1849 = DIRECTION('',(1.,0.,0.));
#1850 = ORIENTED_EDGE('',*,*,#1053,.T.);
#1851 = ORIENTED_EDGE('',*,*,#1802,.F.);
#1852 = ORIENTED_EDGE('',*,*,#1853,.F.);
#1853 = EDGE_CURVE('',#1844,#1795,#1854,.T.);
#1854 = LINE('',#1855,#1856);
#1855 = CARTESIAN_POINT('',(192.2,148.08401841576,88.689862838483));
#1856 = VECTOR('',#1857,1.);
#1857 = DIRECTION('',(0.,-0.707106781187,-0.707106781187));
#1858 = PLANE('',#1859);
#1859 = AXIS2_PLACEMENT_3D('',#1860,#1861,#1862);
#1860 = CARTESIAN_POINT('',(192.2,148.08401841576,88.689862838483));
#1861 = DIRECTION('',(0.,0.707106781187,-0.707106781187));
#1862 = DIRECTION('',(-2.2E-16,-0.707106781187,-0.707106781187));
#1863 = ADVANCED_FACE('',(#1864),#1901,.F.);
#1864 = FACE_BOUND('',#1865,.F.);
#1865 = EDGE_LOOP('',(#1866,#1874,#1875,#1876,#1877,#1885,#1894));
#1866 = ORIENTED_EDGE('',*,*,#1867,.F.);
#1867 = EDGE_CURVE('',#1216,#1868,#1870,.T.);
#1868 = VERTEX_POINT('',#1869);
#1869 = CARTESIAN_POINT('',(192.2,153.92819307507,82.845688179178));
#1870 = LINE('',#1871,#1872);
#1871 = CARTESIAN_POINT('',(192.2,157.98351335237,78.790367901872));
#1872 = VECTOR('',#1873,1.);
#1873 = DIRECTION('',(0.,-0.707106781187,0.707106781187));
#1874 = ORIENTED_EDGE('',*,*,#1239,.T.);
#1875 = ORIENTED_EDGE('',*,*,#1079,.T.);
#1876 = ORIENTED_EDGE('',*,*,#1843,.F.);
#1877 = ORIENTED_EDGE('',*,*,#1878,.F.);
#1878 = EDGE_CURVE('',#1879,#1844,#1881,.T.);
#1879 = VERTEX_POINT('',#1880);
#1880 = CARTESIAN_POINT('',(192.2,152.13933869307,84.634542561178));
#1881 = LINE('',#1882,#1883);
#1882 = CARTESIAN_POINT('',(192.2,157.98351335237,78.790367901872));
#1883 = VECTOR('',#1884,1.);
#1884 = DIRECTION('',(0.,-0.707106781187,0.707106781187));
#1885 = ORIENTED_EDGE('',*,*,#1886,.F.);
#1886 = EDGE_CURVE('',#1887,#1879,#1889,.T.);
#1887 = VERTEX_POINT('',#1888);
#1888 = CARTESIAN_POINT('',(192.6,153.03376588407,83.740115370178));
#1889 = CIRCLE('',#1890,2.2);
#1890 = AXIS2_PLACEMENT_3D('',#1891,#1892,#1893);
#1891 = CARTESIAN_POINT('',(190.4,153.03376588407,83.740115370178));
#1892 = DIRECTION('',(0.,-0.707106781187,-0.707106781187));
#1893 = DIRECTION('',(1.,0.,0.));
#1894 = ORIENTED_EDGE('',*,*,#1895,.F.);
#1895 = EDGE_CURVE('',#1868,#1887,#1896,.T.);
#1896 = CIRCLE('',#1897,2.2);
#1897 = AXIS2_PLACEMENT_3D('',#1898,#1899,#1900);
#1898 = CARTESIAN_POINT('',(190.4,153.03376588407,83.740115370178));
#1899 = DIRECTION('',(0.,-0.707106781187,-0.707106781187));
#1900 = DIRECTION('',(1.,0.,0.));
#1901 = PLANE('',#1902);
#1902 = AXIS2_PLACEMENT_3D('',#1903,#1904,#1905);
#1903 = CARTESIAN_POINT('',(192.2,157.98351335237,78.790367901872));
#1904 = DIRECTION('',(0.,-0.707106781187,-0.707106781187));
#1905 = DIRECTION('',(4.4E-16,-0.707106781187,0.707106781187));
#1906 = ADVANCED_FACE('',(#1907),#1932,.F.);
#1907 = FACE_BOUND('',#1908,.F.);
#1908 = EDGE_LOOP('',(#1909,#1919,#1925,#1926));
#1909 = ORIENTED_EDGE('',*,*,#1910,.T.);
#1910 = EDGE_CURVE('',#1911,#1913,#1915,.T.);
#1911 = VERTEX_POINT('',#1912);
#1912 = CARTESIAN_POINT('',(192.2,115.55710648118,50.50609665441));
#1913 = VERTEX_POINT('',#1914);
#1914 = CARTESIAN_POINT('',(192.2,100.70786407626,38.485281374239));
#1915 = LINE('',#1916,#1917);
#1916 = CARTESIAN_POINT('',(192.2,116.26947553854,51.08277636751));
#1917 = VECTOR('',#1918,1.);
#1918 = DIRECTION('',(5.E-17,-0.777244870707,-0.629198228668));
#1919 = ORIENTED_EDGE('',*,*,#1920,.T.);
#1920 = EDGE_CURVE('',#1913,#1090,#1921,.T.);
#1921 = LINE('',#1922,#1923);
#1922 = CARTESIAN_POINT('',(191.2,100.70786407626,38.485281374239));
#1923 = VECTOR('',#1924,1.);
#1924 = DIRECTION('',(1.,0.,0.));
#1925 = ORIENTED_EDGE('',*,*,#1087,.F.);
#1926 = ORIENTED_EDGE('',*,*,#1927,.F.);
#1927 = EDGE_CURVE('',#1911,#1088,#1928,.T.);
#1928 = LINE('',#1929,#1930);
#1929 = CARTESIAN_POINT('',(191.2,115.55710648118,50.50609665441));
#1930 = VECTOR('',#1931,1.);
#1931 = DIRECTION('',(1.,0.,0.));
#1932 = PLANE('',#1933);
#1933 = AXIS2_PLACEMENT_3D('',#1934,#1935,#1936);
#1934 = CARTESIAN_POINT('',(191.2,100.70786407626,38.485281374239));
#1935 = DIRECTION('',(0.,-0.629198228668,0.777244870707));
#1936 = DIRECTION('',(1.7E-16,0.777244870707,0.629198228668));
#1937 = ADVANCED_FACE('',(#1938),#1982,.F.);
#1938 = FACE_BOUND('',#1939,.F.);
#1939 = EDGE_LOOP('',(#1940,#1948,#1956,#1965,#1974,#1980,#1981));
#1940 = ORIENTED_EDGE('',*,*,#1941,.F.);
#1941 = EDGE_CURVE('',#1942,#1098,#1944,.T.);
#1942 = VERTEX_POINT('',#1943);
#1943 = CARTESIAN_POINT('',(192.2,128.99213532373,39.899494936612));
#1944 = LINE('',#1945,#1946);
#1945 = CARTESIAN_POINT('',(191.2,128.99213532373,39.899494936612));
#1946 = VECTOR('',#1947,1.);
#1947 = DIRECTION('',(1.,0.,0.));
#1948 = ORIENTED_EDGE('',*,*,#1949,.T.);
#1949 = EDGE_CURVE('',#1942,#1950,#1952,.T.);
#1950 = VERTEX_POINT('',#1951);
#1951 = CARTESIAN_POINT('',(192.2,118.92764784334,47.845142947446));
#1952 = LINE('',#1953,#1954);
#1953 = CARTESIAN_POINT('',(192.2,126.30270770512,42.022727267092));
#1954 = VECTOR('',#1955,1.);
#1955 = DIRECTION('',(4.5E-16,-0.784882765533,0.619644288579));
#1956 = ORIENTED_EDGE('',*,*,#1957,.F.);
#1957 = EDGE_CURVE('',#1958,#1950,#1960,.T.);
#1958 = VERTEX_POINT('',#1959);
#1959 = CARTESIAN_POINT('',(192.6,117.92799392398,48.634343410093));
#1960 = ELLIPSE('',#1961,2.215172593587,2.2);
#1961 = AXIS2_PLACEMENT_3D('',#1962,#1963,#1964);
#1962 = CARTESIAN_POINT('',(190.4,117.92799392398,48.634343410093));
#1963 = DIRECTION('',(-0.,0.619644288579,0.784882765533));
#1964 = DIRECTION('',(0.,-0.784882765533,0.619644288579));
#1965 = ORIENTED_EDGE('',*,*,#1966,.F.);
#1966 = EDGE_CURVE('',#1967,#1958,#1969,.T.);
#1967 = VERTEX_POINT('',#1968);
#1968 = CARTESIAN_POINT('',(192.2,116.92834000463,49.42354387274));
#1969 = ELLIPSE('',#1970,2.215172593587,2.2);
#1970 = AXIS2_PLACEMENT_3D('',#1971,#1972,#1973);
#1971 = CARTESIAN_POINT('',(190.4,117.92799392398,48.634343410093));
#1972 = DIRECTION('',(-0.,0.619644288579,0.784882765533));
#1973 = DIRECTION('',(0.,-0.784882765533,0.619644288579));
#1974 = ORIENTED_EDGE('',*,*,#1975,.T.);
#1975 = EDGE_CURVE('',#1967,#1911,#1976,.T.);
#1976 = LINE('',#1977,#1978);
#1977 = CARTESIAN_POINT('',(192.2,126.30270770512,42.022727267092));
#1978 = VECTOR('',#1979,1.);
#1979 = DIRECTION('',(4.5E-16,-0.784882765533,0.619644288579));
#1980 = ORIENTED_EDGE('',*,*,#1927,.T.);
#1981 = ORIENTED_EDGE('',*,*,#1097,.F.);
#1982 = PLANE('',#1983);
#1983 = AXIS2_PLACEMENT_3D('',#1984,#1985,#1986);
#1984 = CARTESIAN_POINT('',(191.2,115.55710648118,50.50609665441));
#1985 = DIRECTION('',(0.,0.619644288579,0.784882765533));
#1986 = DIRECTION('',(-4.2E-16,0.784882765533,-0.619644288579));
#1987 = ADVANCED_FACE('',(#1988),#2025,.F.);
#1988 = FACE_BOUND('',#1989,.F.);
#1989 = EDGE_LOOP('',(#1990,#1991,#1999,#2008,#2017,#2023,#2024));
#1990 = ORIENTED_EDGE('',*,*,#1920,.F.);
#1991 = ORIENTED_EDGE('',*,*,#1992,.T.);
#1992 = EDGE_CURVE('',#1913,#1993,#1995,.T.);
#1993 = VERTEX_POINT('',#1994);
#1994 = CARTESIAN_POINT('',(192.2,106.26808873928,38.763292607389));
#1995 = LINE('',#1996,#1997);
#1996 = CARTESIAN_POINT('',(192.2,137.87443630607,40.343609985729));
#1997 = VECTOR('',#1998,1.);
#1998 = DIRECTION('',(-3.E-16,0.998752338878,4.993761694389E-02));
#1999 = ORIENTED_EDGE('',*,*,#2000,.F.);
#2000 = EDGE_CURVE('',#2001,#1993,#2003,.T.);
#2001 = VERTEX_POINT('',#2002);
#2002 = CARTESIAN_POINT('',(192.6,108.15109335191,38.857442838021));
#2003 = ELLIPSE('',#2004,3.27911210197,2.2);
#2004 = AXIS2_PLACEMENT_3D('',#2005,#2006,#2007);
#2005 = CARTESIAN_POINT('',(190.4,108.15109335191,38.857442838021));
#2006 = DIRECTION('',(0.,4.993761694389E-02,-0.998752338878));
#2007 = DIRECTION('',(0.,-0.998752338878,-4.993761694389E-02));
#2008 = ORIENTED_EDGE('',*,*,#2009,.F.);
#2009 = EDGE_CURVE('',#2010,#2001,#2012,.T.);
#2010 = VERTEX_POINT('',#2011);
#2011 = CARTESIAN_POINT('',(192.2,110.03409796454,38.951593068653));
#2012 = ELLIPSE('',#2013,3.27911210197,2.2);
#2013 = AXIS2_PLACEMENT_3D('',#2014,#2015,#2016);
#2014 = CARTESIAN_POINT('',(190.4,108.15109335191,38.857442838021));
#2015 = DIRECTION('',(0.,4.993761694389E-02,-0.998752338878));
#2016 = DIRECTION('',(0.,-0.998752338878,-4.993761694389E-02));
#2017 = ORIENTED_EDGE('',*,*,#2018,.T.);
#2018 = EDGE_CURVE('',#2010,#1942,#2019,.T.);
#2019 = LINE('',#2020,#2021);
#2020 = CARTESIAN_POINT('',(192.2,137.87443630607,40.343609985729));
#2021 = VECTOR('',#2022,1.);
#2022 = DIRECTION('',(-3.E-16,0.998752338878,4.993761694389E-02));
#2023 = ORIENTED_EDGE('',*,*,#1941,.T.);
#2024 = ORIENTED_EDGE('',*,*,#1105,.F.);
#2025 = PLANE('',#2026);
#2026 = AXIS2_PLACEMENT_3D('',#2027,#2028,#2029);
#2027 = CARTESIAN_POINT('',(191.2,128.99213532373,39.899494936612));
#2028 = DIRECTION('',(0.,4.993761694389E-02,-0.998752338878));
#2029 = DIRECTION('',(1.3E-16,-0.998752338878,-4.993761694389E-02));
#2030 = ADVANCED_FACE('',(#2031),#2056,.T.);
#2031 = FACE_BOUND('',#2032,.T.);
#2032 = EDGE_LOOP('',(#2033,#2043,#2049,#2050));
#2033 = ORIENTED_EDGE('',*,*,#2034,.T.);
#2034 = EDGE_CURVE('',#2035,#2037,#2039,.T.);
#2035 = VERTEX_POINT('',#2036);
#2036 = CARTESIAN_POINT('',(192.2,132.59837990778,57.223611075682));
#2037 = VERTEX_POINT('',#2038);
#2038 = CARTESIAN_POINT('',(192.2,128.63858193313,53.263813101037));
#2039 = LINE('',#2040,#2041);
#2040 = CARTESIAN_POINT('',(192.2,131.1768087856,55.802039953504));
#2041 = VECTOR('',#2042,1.);
#2042 = DIRECTION('',(0.,-0.707106781187,-0.707106781187));
#2043 = ORIENTED_EDGE('',*,*,#2044,.T.);
#2044 = EDGE_CURVE('',#2037,#1116,#2045,.T.);
#2045 = LINE('',#2046,#2047);
#2046 = CARTESIAN_POINT('',(191.2,128.63858193313,53.263813101037));
#2047 = VECTOR('',#2048,1.);
#2048 = DIRECTION('',(1.,0.,0.));
#2049 = ORIENTED_EDGE('',*,*,#1113,.F.);
#2050 = ORIENTED_EDGE('',*,*,#2051,.F.);
#2051 = EDGE_CURVE('',#2035,#1114,#2052,.T.);
#2052 = LINE('',#2053,#2054);
#2053 = CARTESIAN_POINT('',(191.2,132.59837990778,57.223611075682));
#2054 = VECTOR('',#2055,1.);
#2055 = DIRECTION('',(1.,0.,0.));
#2056 = PLANE('',#2057);
#2057 = AXIS2_PLACEMENT_3D('',#2058,#2059,#2060);
#2058 = CARTESIAN_POINT('',(191.2,128.63858193313,53.263813101037));
#2059 = DIRECTION('',(0.,-0.707106781187,0.707106781187));
#2060 = DIRECTION('',(2.2E-16,0.707106781187,0.707106781187));
#2061 = ADVANCED_FACE('',(#2062),#2106,.T.);
#2062 = FACE_BOUND('',#2063,.T.);
#2063 = EDGE_LOOP('',(#2064,#2072,#2080,#2089,#2098,#2104,#2105));
#2064 = ORIENTED_EDGE('',*,*,#2065,.F.);
#2065 = EDGE_CURVE('',#2066,#1132,#2068,.T.);
#2066 = VERTEX_POINT('',#2067);
#2067 = CARTESIAN_POINT('',(192.2,126.51726158957,63.304729393886));
#2068 = LINE('',#2069,#2070);
#2069 = CARTESIAN_POINT('',(191.2,126.51726158957,63.304729393886));
#2070 = VECTOR('',#2071,1.);
#2071 = DIRECTION('',(1.,0.,0.));
#2072 = ORIENTED_EDGE('',*,*,#2073,.T.);
#2073 = EDGE_CURVE('',#2066,#2074,#2076,.T.);
#2074 = VERTEX_POINT('',#2075);
#2075 = CARTESIAN_POINT('',(192.2,128.66339355768,61.158597425784));
#2076 = LINE('',#2077,#2078);
#2077 = CARTESIAN_POINT('',(192.2,139.00052441398,50.82146656948));
#2078 = VECTOR('',#2079,1.);
#2079 = DIRECTION('',(-4.5E-16,0.707106781187,-0.707106781187));
#2080 = ORIENTED_EDGE('',*,*,#2081,.F.);
#2081 = EDGE_CURVE('',#2082,#2074,#2084,.T.);
#2082 = VERTEX_POINT('',#2083);
#2083 = CARTESIAN_POINT('',(192.6,129.55782074868,60.264170234784));
#2084 = CIRCLE('',#2085,2.2);
#2085 = AXIS2_PLACEMENT_3D('',#2086,#2087,#2088);
#2086 = CARTESIAN_POINT('',(190.4,129.55782074868,60.264170234784));
#2087 = DIRECTION('',(0.,-0.707106781187,-0.707106781187));
#2088 = DIRECTION('',(1.,0.,0.));
#2089 = ORIENTED_EDGE('',*,*,#2090,.F.);
#2090 = EDGE_CURVE('',#2091,#2082,#2093,.T.);
#2091 = VERTEX_POINT('',#2092);
#2092 = CARTESIAN_POINT('',(192.2,130.45224793968,59.369743043784));
#2093 = CIRCLE('',#2094,2.2);
#2094 = AXIS2_PLACEMENT_3D('',#2095,#2096,#2097);
#2095 = CARTESIAN_POINT('',(190.4,129.55782074868,60.264170234784));
#2096 = DIRECTION('',(0.,-0.707106781187,-0.707106781187));
#2097 = DIRECTION('',(1.,0.,0.));
#2098 = ORIENTED_EDGE('',*,*,#2099,.T.);
#2099 = EDGE_CURVE('',#2091,#2035,#2100,.T.);
#2100 = LINE('',#2101,#2102);
#2101 = CARTESIAN_POINT('',(192.2,139.00052441398,50.82146656948));
#2102 = VECTOR('',#2103,1.);
#2103 = DIRECTION('',(-4.5E-16,0.707106781187,-0.707106781187));
#2104 = ORIENTED_EDGE('',*,*,#2051,.T.);
#2105 = ORIENTED_EDGE('',*,*,#1139,.F.);
#2106 = PLANE('',#2107);
#2107 = AXIS2_PLACEMENT_3D('',#2108,#2109,#2110);
#2108 = CARTESIAN_POINT('',(191.2,132.59837990778,57.223611075682));
#2109 = DIRECTION('',(0.,-0.707106781187,-0.707106781187));
#2110 = DIRECTION('',(4.4E-16,-0.707106781187,0.707106781187));
#2111 = ADVANCED_FACE('',(#2112),#2156,.T.);
#2112 = FACE_BOUND('',#2113,.T.);
#2113 = EDGE_LOOP('',(#2114,#2115,#2123,#2132,#2141,#2149,#2155));
#2114 = ORIENTED_EDGE('',*,*,#2044,.F.);
#2115 = ORIENTED_EDGE('',*,*,#2116,.T.);
#2116 = EDGE_CURVE('',#2037,#2117,#2119,.T.);
#2117 = VERTEX_POINT('',#2118);
#2118 = CARTESIAN_POINT('',(192.2,126.49244996503,55.40994506914));
#2119 = LINE('',#2120,#2121);
#2120 = CARTESIAN_POINT('',(192.2,132.00016728023,49.902227753938));
#2121 = VECTOR('',#2122,1.);
#2122 = DIRECTION('',(4.5E-16,-0.707106781187,0.707106781187));
#2123 = ORIENTED_EDGE('',*,*,#2124,.T.);
#2124 = EDGE_CURVE('',#2117,#2125,#2127,.T.);
#2125 = VERTEX_POINT('',#2126);
#2126 = CARTESIAN_POINT('',(192.6,125.59802277403,56.30437226014));
#2127 = CIRCLE('',#2128,2.2);
#2128 = AXIS2_PLACEMENT_3D('',#2129,#2130,#2131);
#2129 = CARTESIAN_POINT('',(190.4,125.59802277403,56.30437226014));
#2130 = DIRECTION('',(0.,-0.707106781187,-0.707106781187));
#2131 = DIRECTION('',(1.,0.,0.));
#2132 = ORIENTED_EDGE('',*,*,#2133,.T.);
#2133 = EDGE_CURVE('',#2125,#2134,#2136,.T.);
#2134 = VERTEX_POINT('',#2135);
#2135 = CARTESIAN_POINT('',(192.2,124.70359558303,57.19879945114));
#2136 = CIRCLE('',#2137,2.2);
#2137 = AXIS2_PLACEMENT_3D('',#2138,#2139,#2140);
#2138 = CARTESIAN_POINT('',(190.4,125.59802277403,56.30437226014));
#2139 = DIRECTION('',(0.,-0.707106781187,-0.707106781187));
#2140 = DIRECTION('',(1.,0.,0.));
#2141 = ORIENTED_EDGE('',*,*,#2142,.T.);
#2142 = EDGE_CURVE('',#2134,#2143,#2145,.T.);
#2143 = VERTEX_POINT('',#2144);
#2144 = CARTESIAN_POINT('',(192.2,122.55746361493,59.344931419242));
#2145 = LINE('',#2146,#2147);
#2146 = CARTESIAN_POINT('',(192.2,132.00016728023,49.902227753938));
#2147 = VECTOR('',#2148,1.);
#2148 = DIRECTION('',(4.5E-16,-0.707106781187,0.707106781187));
#2149 = ORIENTED_EDGE('',*,*,#2150,.T.);
#2150 = EDGE_CURVE('',#2143,#1124,#2151,.T.);
#2151 = LINE('',#2152,#2153);
#2152 = CARTESIAN_POINT('',(191.2,122.55746361493,59.344931419242));
#2153 = VECTOR('',#2154,1.);
#2154 = DIRECTION('',(1.,0.,0.));
#2155 = ORIENTED_EDGE('',*,*,#1123,.F.);
#2156 = PLANE('',#2157);
#2157 = AXIS2_PLACEMENT_3D('',#2158,#2159,#2160);
#2158 = CARTESIAN_POINT('',(191.2,122.55746361493,59.344931419242));
#2159 = DIRECTION('',(0.,0.707106781187,0.707106781187));
#2160 = DIRECTION('',(-4.4E-16,0.707106781187,-0.707106781187));
#2161 = ADVANCED_FACE('',(#2162),#2173,.T.);
#2162 = FACE_BOUND('',#2163,.T.);
#2163 = EDGE_LOOP('',(#2164,#2170,#2171,#2172));
#2164 = ORIENTED_EDGE('',*,*,#2165,.T.);
#2165 = EDGE_CURVE('',#2143,#2066,#2166,.T.);
#2166 = LINE('',#2167,#2168);
#2167 = CARTESIAN_POINT('',(192.2,127.07558945472,63.86305725903));
#2168 = VECTOR('',#2169,1.);
#2169 = DIRECTION('',(0.,0.707106781187,0.707106781187));
#2170 = ORIENTED_EDGE('',*,*,#2065,.T.);
#2171 = ORIENTED_EDGE('',*,*,#1131,.F.);
#2172 = ORIENTED_EDGE('',*,*,#2150,.F.);
#2173 = PLANE('',#2174);
#2174 = AXIS2_PLACEMENT_3D('',#2175,#2176,#2177);
#2175 = CARTESIAN_POINT('',(191.2,126.51726158957,63.304729393886));
#2176 = DIRECTION('',(0.,0.707106781187,-0.707106781187));
#2177 = DIRECTION('',(-2.2E-16,-0.707106781187,-0.707106781187));
#2178 = ADVANCED_FACE('',(#2179),#2204,.T.);
#2179 = FACE_BOUND('',#2180,.T.);
#2180 = EDGE_LOOP('',(#2181,#2191,#2197,#2198));
#2181 = ORIENTED_EDGE('',*,*,#2182,.T.);
#2182 = EDGE_CURVE('',#2183,#2185,#2187,.T.);
#2183 = VERTEX_POINT('',#2184);
#2184 = CARTESIAN_POINT('',(192.2,149.56894265625,74.194173824159));
#2185 = VERTEX_POINT('',#2186);
#2186 = CARTESIAN_POINT('',(192.2,145.60914468161,70.234375849515));
#2187 = LINE('',#2188,#2189);
#2188 = CARTESIAN_POINT('',(192.2,139.66209015984,64.287321327742));
#2189 = VECTOR('',#2190,1.);
#2190 = DIRECTION('',(0.,-0.707106781187,-0.707106781187));
#2191 = ORIENTED_EDGE('',*,*,#2192,.T.);
#2192 = EDGE_CURVE('',#2185,#1150,#2193,.T.);
#2193 = LINE('',#2194,#2195);
#2194 = CARTESIAN_POINT('',(191.2,145.60914468161,70.234375849515));
#2195 = VECTOR('',#2196,1.);
#2196 = DIRECTION('',(1.,0.,0.));
#2197 = ORIENTED_EDGE('',*,*,#1147,.F.);
#2198 = ORIENTED_EDGE('',*,*,#2199,.F.);
#2199 = EDGE_CURVE('',#2183,#1148,#2200,.T.);
#2200 = LINE('',#2201,#2202);
#2201 = CARTESIAN_POINT('',(191.2,149.56894265625,74.194173824159));
#2202 = VECTOR('',#2203,1.);
#2203 = DIRECTION('',(1.,0.,0.));
#2204 = PLANE('',#2205);
#2205 = AXIS2_PLACEMENT_3D('',#2206,#2207,#2208);
#2206 = CARTESIAN_POINT('',(191.2,145.60914468161,70.234375849515));
#2207 = DIRECTION('',(0.,-0.707106781187,0.707106781187));
#2208 = DIRECTION('',(2.2E-16,0.707106781187,0.707106781187));
#2209 = ADVANCED_FACE('',(#2210),#2254,.T.);
#2210 = FACE_BOUND('',#2211,.T.);
#2211 = EDGE_LOOP('',(#2212,#2220,#2228,#2237,#2246,#2252,#2253));
#2212 = ORIENTED_EDGE('',*,*,#2213,.F.);
#2213 = EDGE_CURVE('',#2214,#1166,#2216,.T.);
#2214 = VERTEX_POINT('',#2215);
#2215 = CARTESIAN_POINT('',(192.2,143.48782433805,80.275292142364));
#2216 = LINE('',#2217,#2218);
#2217 = CARTESIAN_POINT('',(191.2,143.48782433805,80.275292142364));
#2218 = VECTOR('',#2219,1.);
#2219 = DIRECTION('',(1.,0.,0.));
#2220 = ORIENTED_EDGE('',*,*,#2221,.T.);
#2221 = EDGE_CURVE('',#2214,#2222,#2224,.T.);
#2222 = VERTEX_POINT('',#2223);
#2223 = CARTESIAN_POINT('',(192.2,145.63395630615,78.129160174261));
#2224 = LINE('',#2225,#2226);
#2225 = CARTESIAN_POINT('',(192.2,155.97108716246,67.792029317958));
#2226 = VECTOR('',#2227,1.);
#2227 = DIRECTION('',(-4.5E-16,0.707106781187,-0.707106781187));
#2228 = ORIENTED_EDGE('',*,*,#2229,.F.);
#2229 = EDGE_CURVE('',#2230,#2222,#2232,.T.);
#2230 = VERTEX_POINT('',#2231);
#2231 = CARTESIAN_POINT('',(192.6,146.52838349715,77.234732983261));
#2232 = CIRCLE('',#2233,2.2);
#2233 = AXIS2_PLACEMENT_3D('',#2234,#2235,#2236);
#2234 = CARTESIAN_POINT('',(190.4,146.52838349715,77.234732983261));
#2235 = DIRECTION('',(0.,-0.707106781187,-0.707106781187));
#2236 = DIRECTION('',(1.,0.,0.));
#2237 = ORIENTED_EDGE('',*,*,#2238,.F.);
#2238 = EDGE_CURVE('',#2239,#2230,#2241,.T.);
#2239 = VERTEX_POINT('',#2240);
#2240 = CARTESIAN_POINT('',(192.2,147.42281068815,76.340305792261));
#2241 = CIRCLE('',#2242,2.2);
#2242 = AXIS2_PLACEMENT_3D('',#2243,#2244,#2245);
#2243 = CARTESIAN_POINT('',(190.4,146.52838349715,77.234732983261));
#2244 = DIRECTION('',(0.,-0.707106781187,-0.707106781187));
#2245 = DIRECTION('',(1.,0.,0.));
#2246 = ORIENTED_EDGE('',*,*,#2247,.T.);
#2247 = EDGE_CURVE('',#2239,#2183,#2248,.T.);
#2248 = LINE('',#2249,#2250);
#2249 = CARTESIAN_POINT('',(192.2,155.97108716246,67.792029317958));
#2250 = VECTOR('',#2251,1.);
#2251 = DIRECTION('',(-4.5E-16,0.707106781187,-0.707106781187));
#2252 = ORIENTED_EDGE('',*,*,#2199,.T.);
#2253 = ORIENTED_EDGE('',*,*,#1173,.F.);
#2254 = PLANE('',#2255);
#2255 = AXIS2_PLACEMENT_3D('',#2256,#2257,#2258);
#2256 = CARTESIAN_POINT('',(191.2,149.56894265625,74.194173824159));
#2257 = DIRECTION('',(0.,-0.707106781187,-0.707106781187));
#2258 = DIRECTION('',(4.4E-16,-0.707106781187,0.707106781187));
#2259 = ADVANCED_FACE('',(#2260),#2304,.T.);
#2260 = FACE_BOUND('',#2261,.T.);
#2261 = EDGE_LOOP('',(#2262,#2263,#2271,#2280,#2289,#2297,#2303));
#2262 = ORIENTED_EDGE('',*,*,#2192,.F.);
#2263 = ORIENTED_EDGE('',*,*,#2264,.T.);
#2264 = EDGE_CURVE('',#2185,#2265,#2267,.T.);
#2265 = VERTEX_POINT('',#2266);
#2266 = CARTESIAN_POINT('',(192.2,143.46301271351,72.380507817617));
#2267 = LINE('',#2268,#2269);
#2268 = CARTESIAN_POINT('',(192.2,148.97073002871,66.872790502415));
#2269 = VECTOR('',#2270,1.);
#2270 = DIRECTION('',(4.5E-16,-0.707106781187,0.707106781187));
#2271 = ORIENTED_EDGE('',*,*,#2272,.T.);
#2272 = EDGE_CURVE('',#2265,#2273,#2275,.T.);
#2273 = VERTEX_POINT('',#2274);
#2274 = CARTESIAN_POINT('',(192.6,142.56858552251,73.274935008617));
#2275 = CIRCLE('',#2276,2.2);
#2276 = AXIS2_PLACEMENT_3D('',#2277,#2278,#2279);
#2277 = CARTESIAN_POINT('',(190.4,142.56858552251,73.274935008617));
#2278 = DIRECTION('',(0.,-0.707106781187,-0.707106781187));
#2279 = DIRECTION('',(1.,0.,0.));
#2280 = ORIENTED_EDGE('',*,*,#2281,.T.);
#2281 = EDGE_CURVE('',#2273,#2282,#2284,.T.);
#2282 = VERTEX_POINT('',#2283);
#2283 = CARTESIAN_POINT('',(192.2,141.67415833151,74.169362199617));
#2284 = CIRCLE('',#2285,2.2);
#2285 = AXIS2_PLACEMENT_3D('',#2286,#2287,#2288);
#2286 = CARTESIAN_POINT('',(190.4,142.56858552251,73.274935008617));
#2287 = DIRECTION('',(0.,-0.707106781187,-0.707106781187));
#2288 = DIRECTION('',(1.,0.,0.));
#2289 = ORIENTED_EDGE('',*,*,#2290,.T.);
#2290 = EDGE_CURVE('',#2282,#2291,#2293,.T.);
#2291 = VERTEX_POINT('',#2292);
#2292 = CARTESIAN_POINT('',(192.2,139.52802636341,76.315494167719));
#2293 = LINE('',#2294,#2295);
#2294 = CARTESIAN_POINT('',(192.2,148.97073002871,66.872790502415));
#2295 = VECTOR('',#2296,1.);
#2296 = DIRECTION('',(4.5E-16,-0.707106781187,0.707106781187));
#2297 = ORIENTED_EDGE('',*,*,#2298,.T.);
#2298 = EDGE_CURVE('',#2291,#1158,#2299,.T.);
#2299 = LINE('',#2300,#2301);
#2300 = CARTESIAN_POINT('',(191.2,139.52802636341,76.315494167719));
#2301 = VECTOR('',#2302,1.);
#2302 = DIRECTION('',(1.,0.,0.));
#2303 = ORIENTED_EDGE('',*,*,#1157,.F.);
#2304 = PLANE('',#2305);
#2305 = AXIS2_PLACEMENT_3D('',#2306,#2307,#2308);
#2306 = CARTESIAN_POINT('',(191.2,139.52802636341,76.315494167719));
#2307 = DIRECTION('',(0.,0.707106781187,0.707106781187));
#2308 = DIRECTION('',(-4.4E-16,0.707106781187,-0.707106781187));
#2309 = ADVANCED_FACE('',(#2310),#2321,.T.);
#2310 = FACE_BOUND('',#2311,.T.);
#2311 = EDGE_LOOP('',(#2312,#2318,#2319,#2320));
#2312 = ORIENTED_EDGE('',*,*,#2313,.T.);
#2313 = EDGE_CURVE('',#2291,#2214,#2314,.T.);
#2314 = LINE('',#2315,#2316);
#2315 = CARTESIAN_POINT('',(192.2,135.56087082896,72.348338633269));
#2316 = VECTOR('',#2317,1.);
#2317 = DIRECTION('',(0.,0.707106781187,0.707106781187));
#2318 = ORIENTED_EDGE('',*,*,#2213,.T.);
#2319 = ORIENTED_EDGE('',*,*,#1165,.F.);
#2320 = ORIENTED_EDGE('',*,*,#2298,.F.);
#2321 = PLANE('',#2322);
#2322 = AXIS2_PLACEMENT_3D('',#2323,#2324,#2325);
#2323 = CARTESIAN_POINT('',(191.2,143.48782433805,80.275292142364));
#2324 = DIRECTION('',(0.,0.707106781187,-0.707106781187));
#2325 = DIRECTION('',(-2.2E-16,-0.707106781187,-0.707106781187));
#2326 = ADVANCED_FACE('',(#2327),#2352,.F.);
#2327 = FACE_BOUND('',#2328,.F.);
#2328 = EDGE_LOOP('',(#2329,#2339,#2345,#2346));
#2329 = ORIENTED_EDGE('',*,*,#2330,.T.);
#2330 = EDGE_CURVE('',#2331,#2333,#2335,.T.);
#2331 = VERTEX_POINT('',#2332);
#2332 = CARTESIAN_POINT('',(192.2,153.74087266526,68.89087296526));
#2333 = VERTEX_POINT('',#2334);
#2334 = CARTESIAN_POINT('',(192.2,133.23477601085,48.38477631085));
#2335 = LINE('',#2336,#2337);
#2336 = CARTESIAN_POINT('',(192.2,135.84371354143,50.993713841435));
#2337 = VECTOR('',#2338,1.);
#2338 = DIRECTION('',(0.,-0.707106781187,-0.707106781187));
#2339 = ORIENTED_EDGE('',*,*,#2340,.T.);
#2340 = EDGE_CURVE('',#2333,#1184,#2341,.T.);
#2341 = LINE('',#2342,#2343);
#2342 = CARTESIAN_POINT('',(191.2,133.23477601085,48.38477631085));
#2343 = VECTOR('',#2344,1.);
#2344 = DIRECTION('',(1.,0.,0.));
#2345 = ORIENTED_EDGE('',*,*,#1181,.F.);
#2346 = ORIENTED_EDGE('',*,*,#2347,.F.);
#2347 = EDGE_CURVE('',#2331,#1182,#2348,.T.);
#2348 = LINE('',#2349,#2350);
#2349 = CARTESIAN_POINT('',(191.2,153.74087266526,68.89087296526));
#2350 = VECTOR('',#2351,1.);
#2351 = DIRECTION('',(1.,0.,0.));
#2352 = PLANE('',#2353);
#2353 = AXIS2_PLACEMENT_3D('',#2354,#2355,#2356);
#2354 = CARTESIAN_POINT('',(191.2,133.23477601085,48.38477631085));
#2355 = DIRECTION('',(0.,-0.707106781187,0.707106781187));
#2356 = DIRECTION('',(2.2E-16,0.707106781187,0.707106781187));
#2357 = ADVANCED_FACE('',(#2358),#2383,.F.);
#2358 = FACE_BOUND('',#2359,.F.);
#2359 = EDGE_LOOP('',(#2360,#2361,#2367,#2368,#2369,#2377));
#2360 = ORIENTED_EDGE('',*,*,#1280,.F.);
#2361 = ORIENTED_EDGE('',*,*,#2362,.T.);
#2362 = EDGE_CURVE('',#1273,#2331,#2363,.T.);
#2363 = LINE('',#2364,#2365);
#2364 = CARTESIAN_POINT('',(192.2,157.429400574,65.729277614908));
#2365 = VECTOR('',#2366,1.);
#2366 = DIRECTION('',(4.5E-16,-0.759256602365,0.650791373456));
#2367 = ORIENTED_EDGE('',*,*,#2347,.T.);
#2368 = ORIENTED_EDGE('',*,*,#1191,.F.);
#2369 = ORIENTED_EDGE('',*,*,#2370,.F.);
#2370 = EDGE_CURVE('',#2371,#1192,#2373,.T.);
#2371 = VERTEX_POINT('',#2372);
#2372 = CARTESIAN_POINT('',(195.2,193.3388524117,34.949747468306));
#2373 = LINE('',#2374,#2375);
#2374 = CARTESIAN_POINT('',(191.2,193.3388524117,34.949747468306));
#2375 = VECTOR('',#2376,1.);
#2376 = DIRECTION('',(1.,0.,0.));
#2377 = ORIENTED_EDGE('',*,*,#2378,.T.);
#2378 = EDGE_CURVE('',#2371,#1281,#2379,.T.);
#2379 = LINE('',#2380,#2381);
#2380 = CARTESIAN_POINT('',(195.2,164.17055999613,59.951140967364));
#2381 = VECTOR('',#2382,1.);
#2382 = DIRECTION('',(2.2E-16,-0.759256602365,0.650791373456));
#2383 = PLANE('',#2384);
#2384 = AXIS2_PLACEMENT_3D('',#2385,#2386,#2387);
#2385 = CARTESIAN_POINT('',(191.2,153.74087266526,68.89087296526));
#2386 = DIRECTION('',(0.,0.650791373456,0.759256602365));
#2387 = DIRECTION('',(-4.3E-16,0.759256602365,-0.650791373456));
#2388 = ADVANCED_FACE('',(#2389),#2407,.F.);
#2389 = FACE_BOUND('',#2390,.F.);
#2390 = EDGE_LOOP('',(#2391,#2392,#2398,#2399,#2405,#2406));
#2391 = ORIENTED_EDGE('',*,*,#2340,.F.);
#2392 = ORIENTED_EDGE('',*,*,#2393,.T.);
#2393 = EDGE_CURVE('',#2333,#1297,#2394,.T.);
#2394 = LINE('',#2395,#2396);
#2395 = CARTESIAN_POINT('',(192.2,169.9162416781,40.185389867582));
#2396 = VECTOR('',#2397,1.);
#2397 = DIRECTION('',(-3.8E-16,0.975916153426,-0.218145963707));
#2398 = ORIENTED_EDGE('',*,*,#1296,.F.);
#2399 = ORIENTED_EDGE('',*,*,#2400,.T.);
#2400 = EDGE_CURVE('',#1289,#2371,#2401,.T.);
#2401 = LINE('',#2402,#2403);
#2402 = CARTESIAN_POINT('',(195.2,172.60253546912,39.584924196648));
#2403 = VECTOR('',#2404,1.);
#2404 = DIRECTION('',(-7.E-17,0.975916153426,-0.218145963707));
#2405 = ORIENTED_EDGE('',*,*,#2370,.T.);
#2406 = ORIENTED_EDGE('',*,*,#1199,.F.);
#2407 = PLANE('',#2408);
#2408 = AXIS2_PLACEMENT_3D('',#2409,#2410,#2411);
#2409 = CARTESIAN_POINT('',(191.2,193.3388524117,34.949747468306));
#2410 = DIRECTION('',(0.,-0.218145963707,-0.975916153426));
#2411 = DIRECTION('',(2.6E-16,-0.975916153426,0.218145963707));
#2412 = ADVANCED_FACE('',(#2413),#2454,.F.);
#2413 = FACE_BOUND('',#2414,.F.);
#2414 = EDGE_LOOP('',(#2415,#2416,#2422,#2423,#2424,#2425,#2426,#2427,
    #2428,#2429,#2435,#2436,#2437,#2438,#2444,#2445,#2446,#2447,#2453));
#2415 = ORIENTED_EDGE('',*,*,#2018,.F.);
#2416 = ORIENTED_EDGE('',*,*,#2417,.T.);
#2417 = EDGE_CURVE('',#2010,#1305,#2418,.T.);
#2418 = LINE('',#2419,#2420);
#2419 = CARTESIAN_POINT('',(192.2,81.803301394046,10.72079649815));
#2420 = VECTOR('',#2421,1.);
#2421 = DIRECTION('',(-0.,-0.707106781187,-0.707106781187));
#2422 = ORIENTED_EDGE('',*,*,#1304,.F.);
#2423 = ORIENTED_EDGE('',*,*,#2393,.F.);
#2424 = ORIENTED_EDGE('',*,*,#2330,.F.);
#2425 = ORIENTED_EDGE('',*,*,#2362,.F.);
#2426 = ORIENTED_EDGE('',*,*,#1272,.F.);
#2427 = ORIENTED_EDGE('',*,*,#1213,.T.);
#2428 = ORIENTED_EDGE('',*,*,#1867,.T.);
#2429 = ORIENTED_EDGE('',*,*,#2430,.T.);
#2430 = EDGE_CURVE('',#1868,#2239,#2431,.T.);
#2431 = LINE('',#2432,#2433);
#2432 = CARTESIAN_POINT('',(192.2,81.803301394046,10.72079649815));
#2433 = VECTOR('',#2434,1.);
#2434 = DIRECTION('',(-0.,-0.707106781187,-0.707106781187));
#2435 = ORIENTED_EDGE('',*,*,#2247,.T.);
#2436 = ORIENTED_EDGE('',*,*,#2182,.T.);
#2437 = ORIENTED_EDGE('',*,*,#2264,.T.);
#2438 = ORIENTED_EDGE('',*,*,#2439,.T.);
#2439 = EDGE_CURVE('',#2265,#2091,#2440,.T.);
#2440 = LINE('',#2441,#2442);
#2441 = CARTESIAN_POINT('',(192.2,81.803301394046,10.72079649815));
#2442 = VECTOR('',#2443,1.);
#2443 = DIRECTION('',(-0.,-0.707106781187,-0.707106781187));
#2444 = ORIENTED_EDGE('',*,*,#2099,.T.);
#2445 = ORIENTED_EDGE('',*,*,#2034,.T.);
#2446 = ORIENTED_EDGE('',*,*,#2116,.T.);
#2447 = ORIENTED_EDGE('',*,*,#2448,.T.);
#2448 = EDGE_CURVE('',#2117,#1950,#2449,.T.);
#2449 = LINE('',#2450,#2451);
#2450 = CARTESIAN_POINT('',(192.2,81.803301394046,10.72079649815));
#2451 = VECTOR('',#2452,1.);
#2452 = DIRECTION('',(-0.,-0.707106781187,-0.707106781187));
#2453 = ORIENTED_EDGE('',*,*,#1949,.F.);
#2454 = PLANE('',#2455);
#2455 = AXIS2_PLACEMENT_3D('',#2456,#2457,#2458);
#2456 = CARTESIAN_POINT('',(192.2,146.51932465047,45.535977793567));
#2457 = DIRECTION('',(1.,3.181980515339E-16,-3.181980515339E-16));
#2458 = DIRECTION('',(-4.5E-16,0.707106781187,-0.707106781187));
#2459 = ADVANCED_FACE('',(#2460),#2472,.F.);
#2460 = FACE_BOUND('',#2461,.F.);
#2461 = EDGE_LOOP('',(#2462,#2468,#2469,#2470,#2471));
#2462 = ORIENTED_EDGE('',*,*,#2463,.F.);
#2463 = EDGE_CURVE('',#1682,#1338,#2464,.T.);
#2464 = LINE('',#2465,#2466);
#2465 = CARTESIAN_POINT('',(195.2,87.076911634581,4.263256414561E-14));
#2466 = VECTOR('',#2467,1.);
#2467 = DIRECTION('',(0.,-6.661338147751E-16,1.));
#2468 = ORIENTED_EDGE('',*,*,#1689,.T.);
#2469 = ORIENTED_EDGE('',*,*,#1392,.F.);
#2470 = ORIENTED_EDGE('',*,*,#1368,.F.);
#2471 = ORIENTED_EDGE('',*,*,#1345,.F.);
#2472 = PLANE('',#2473);
#2473 = AXIS2_PLACEMENT_3D('',#2474,#2475,#2476);
#2474 = CARTESIAN_POINT('',(193.32130245344,87.076911634581,
    18.706147533981));
#2475 = DIRECTION('',(0.,1.,6.661338147751E-16));
#2476 = DIRECTION('',(0.,-6.661338147751E-16,1.));
#2477 = ADVANCED_FACE('',(#2478),#2485,.T.);
#2478 = FACE_BOUND('',#2479,.T.);
#2479 = EDGE_LOOP('',(#2480,#2481,#2482,#2483,#2484));
#2480 = ORIENTED_EDGE('',*,*,#1724,.F.);
#2481 = ORIENTED_EDGE('',*,*,#1817,.T.);
#2482 = ORIENTED_EDGE('',*,*,#1337,.T.);
#2483 = ORIENTED_EDGE('',*,*,#2463,.F.);
#2484 = ORIENTED_EDGE('',*,*,#1681,.F.);
#2485 = PLANE('',#2486);
#2486 = AXIS2_PLACEMENT_3D('',#2487,#2488,#2489);
#2487 = CARTESIAN_POINT('',(195.2,145.8995959446,17.527315689981));
#2488 = DIRECTION('',(1.,2.264854970235E-31,-3.4E-16));
#2489 = DIRECTION('',(3.4E-16,-6.661338147751E-16,1.));
#2490 = ADVANCED_FACE('',(#2491),#2530,.F.);
#2491 = FACE_BOUND('',#2492,.F.);
#2492 = EDGE_LOOP('',(#2493,#2494,#2495,#2496,#2497,#2503,#2504,#2505,
    #2506,#2512,#2513,#2514,#2515,#2521,#2522,#2523,#2524));
#2493 = ORIENTED_EDGE('',*,*,#1878,.T.);
#2494 = ORIENTED_EDGE('',*,*,#1853,.T.);
#2495 = ORIENTED_EDGE('',*,*,#1794,.T.);
#2496 = ORIENTED_EDGE('',*,*,#1321,.F.);
#2497 = ORIENTED_EDGE('',*,*,#2498,.F.);
#2498 = EDGE_CURVE('',#1993,#1313,#2499,.T.);
#2499 = LINE('',#2500,#2501);
#2500 = CARTESIAN_POINT('',(192.2,80.014447012046,12.50965088015));
#2501 = VECTOR('',#2502,1.);
#2502 = DIRECTION('',(-0.,-0.707106781187,-0.707106781187));
#2503 = ORIENTED_EDGE('',*,*,#1992,.F.);
#2504 = ORIENTED_EDGE('',*,*,#1910,.F.);
#2505 = ORIENTED_EDGE('',*,*,#1975,.F.);
#2506 = ORIENTED_EDGE('',*,*,#2507,.F.);
#2507 = EDGE_CURVE('',#2134,#1967,#2508,.T.);
#2508 = LINE('',#2509,#2510);
#2509 = CARTESIAN_POINT('',(192.2,80.014447012046,12.50965088015));
#2510 = VECTOR('',#2511,1.);
#2511 = DIRECTION('',(-0.,-0.707106781187,-0.707106781187));
#2512 = ORIENTED_EDGE('',*,*,#2142,.T.);
#2513 = ORIENTED_EDGE('',*,*,#2165,.T.);
#2514 = ORIENTED_EDGE('',*,*,#2073,.T.);
#2515 = ORIENTED_EDGE('',*,*,#2516,.F.);
#2516 = EDGE_CURVE('',#2282,#2074,#2517,.T.);
#2517 = LINE('',#2518,#2519);
#2518 = CARTESIAN_POINT('',(192.2,80.014447012046,12.50965088015));
#2519 = VECTOR('',#2520,1.);
#2520 = DIRECTION('',(-0.,-0.707106781187,-0.707106781187));
#2521 = ORIENTED_EDGE('',*,*,#2290,.T.);
#2522 = ORIENTED_EDGE('',*,*,#2313,.T.);
#2523 = ORIENTED_EDGE('',*,*,#2221,.T.);
#2524 = ORIENTED_EDGE('',*,*,#2525,.F.);
#2525 = EDGE_CURVE('',#1879,#2222,#2526,.T.);
#2526 = LINE('',#2527,#2528);
#2527 = CARTESIAN_POINT('',(192.2,80.014447012046,12.50965088015));
#2528 = VECTOR('',#2529,1.);
#2529 = DIRECTION('',(-0.,-0.707106781187,-0.707106781187));
#2530 = PLANE('',#2531);
#2531 = AXIS2_PLACEMENT_3D('',#2532,#2533,#2534);
#2532 = CARTESIAN_POINT('',(192.2,146.51932465047,45.535977793567));
#2533 = DIRECTION('',(1.,3.181980515339E-16,-3.181980515339E-16));
#2534 = DIRECTION('',(-4.5E-16,0.707106781187,-0.707106781187));
#2535 = ADVANCED_FACE('',(#2536),#2543,.F.);
#2536 = FACE_BOUND('',#2537,.T.);
#2537 = EDGE_LOOP('',(#2538,#2539,#2540,#2541,#2542));
#2538 = ORIENTED_EDGE('',*,*,#2009,.F.);
#2539 = ORIENTED_EDGE('',*,*,#2417,.T.);
#2540 = ORIENTED_EDGE('',*,*,#1312,.T.);
#2541 = ORIENTED_EDGE('',*,*,#2498,.F.);
#2542 = ORIENTED_EDGE('',*,*,#2000,.F.);
#2543 = CYLINDRICAL_SURFACE('',#2544,2.2);
#2544 = AXIS2_PLACEMENT_3D('',#2545,#2546,#2547);
#2545 = CARTESIAN_POINT('',(190.4,80.908874203046,11.61522368915));
#2546 = DIRECTION('',(-0.,-0.707106781187,-0.707106781187));
#2547 = DIRECTION('',(1.,0.,0.));
#2548 = ADVANCED_FACE('',(#2549),#2554,.T.);
#2549 = FACE_BOUND('',#2550,.T.);
#2550 = EDGE_LOOP('',(#2551,#2552,#2553));
#2551 = ORIENTED_EDGE('',*,*,#1288,.T.);
#2552 = ORIENTED_EDGE('',*,*,#2400,.T.);
#2553 = ORIENTED_EDGE('',*,*,#2378,.T.);
#2554 = PLANE('',#2555);
#2555 = AXIS2_PLACEMENT_3D('',#2556,#2557,#2558);
#2556 = CARTESIAN_POINT('',(195.2,145.8995959446,17.527315689981));
#2557 = DIRECTION('',(1.,2.264854970235E-31,-3.4E-16));
#2558 = DIRECTION('',(3.4E-16,-6.661338147751E-16,1.));
#2559 = ADVANCED_FACE('',(#2560),#2568,.F.);
#2560 = FACE_BOUND('',#2561,.T.);
#2561 = EDGE_LOOP('',(#2562,#2563,#2564,#2565,#2566,#2567));
#2562 = ORIENTED_EDGE('',*,*,#1895,.F.);
#2563 = ORIENTED_EDGE('',*,*,#2430,.T.);
#2564 = ORIENTED_EDGE('',*,*,#2238,.T.);
#2565 = ORIENTED_EDGE('',*,*,#2229,.T.);
#2566 = ORIENTED_EDGE('',*,*,#2525,.F.);
#2567 = ORIENTED_EDGE('',*,*,#1886,.F.);
#2568 = CYLINDRICAL_SURFACE('',#2569,2.2);
#2569 = AXIS2_PLACEMENT_3D('',#2570,#2571,#2572);
#2570 = CARTESIAN_POINT('',(190.4,80.908874203046,11.61522368915));
#2571 = DIRECTION('',(-0.,-0.707106781187,-0.707106781187));
#2572 = DIRECTION('',(1.,0.,0.));
#2573 = ADVANCED_FACE('',(#2574),#2582,.F.);
#2574 = FACE_BOUND('',#2575,.T.);
#2575 = EDGE_LOOP('',(#2576,#2577,#2578,#2579,#2580,#2581));
#2576 = ORIENTED_EDGE('',*,*,#2124,.F.);
#2577 = ORIENTED_EDGE('',*,*,#2448,.T.);
#2578 = ORIENTED_EDGE('',*,*,#1957,.F.);
#2579 = ORIENTED_EDGE('',*,*,#1966,.F.);
#2580 = ORIENTED_EDGE('',*,*,#2507,.F.);
#2581 = ORIENTED_EDGE('',*,*,#2133,.F.);
#2582 = CYLINDRICAL_SURFACE('',#2583,2.2);
#2583 = AXIS2_PLACEMENT_3D('',#2584,#2585,#2586);
#2584 = CARTESIAN_POINT('',(190.4,80.908874203046,11.61522368915));
#2585 = DIRECTION('',(-0.,-0.707106781187,-0.707106781187));
#2586 = DIRECTION('',(1.,0.,0.));
#2587 = ADVANCED_FACE('',(#2588),#2596,.F.);
#2588 = FACE_BOUND('',#2589,.T.);
#2589 = EDGE_LOOP('',(#2590,#2591,#2592,#2593,#2594,#2595));
#2590 = ORIENTED_EDGE('',*,*,#2272,.F.);
#2591 = ORIENTED_EDGE('',*,*,#2439,.T.);
#2592 = ORIENTED_EDGE('',*,*,#2090,.T.);
#2593 = ORIENTED_EDGE('',*,*,#2081,.T.);
#2594 = ORIENTED_EDGE('',*,*,#2516,.F.);
#2595 = ORIENTED_EDGE('',*,*,#2281,.F.);
#2596 = CYLINDRICAL_SURFACE('',#2597,2.2);
#2597 = AXIS2_PLACEMENT_3D('',#2598,#2599,#2600);
#2598 = CARTESIAN_POINT('',(190.4,80.908874203046,11.61522368915));
#2599 = DIRECTION('',(-0.,-0.707106781187,-0.707106781187));
#2600 = DIRECTION('',(1.,0.,0.));
#2601 = ( GEOMETRIC_REPRESENTATION_CONTEXT(3) 
GLOBAL_UNCERTAINTY_ASSIGNED_CONTEXT((#2605)) 
GLOBAL_UNIT_ASSIGNED_CONTEXT((#2602,#2603,#2604)) REPRESENTATION_CONTEXT
('Context #1','3D Context with UNIT and UNCERTAINTY') );
#2602 = ( LENGTH_UNIT() NAMED_UNIT(*) SI_UNIT(.MILLI.,.METRE.) );
#2603 = ( NAMED_UNIT(*) PLANE_ANGLE_UNIT() SI_UNIT($,.RADIAN.) );
#2604 = ( NAMED_UNIT(*) SI_UNIT($,.STERADIAN.) SOLID_ANGLE_UNIT() );
#2605 = UNCERTAINTY_MEASURE_WITH_UNIT(LENGTH_MEASURE(1.E-04),#2602,
  'distance_accuracy_value','confusion accuracy');
#2606 = PRODUCT_RELATED_PRODUCT_CATEGORY('part',$,(#7));
ENDSEC;
END-ISO-10303-21;
