element_number, cg_x, cg_y, cg_z, element_state, sensitivity_number, FI_max
1, 1.0000000000000002, 1.0000000000000002, 1.0000000000000002, 0, 1.1313581182772829e-09, 0
2, 3.0, 1.0000000000000002, 1.0000000000000002, 0, 1.19702140681479e-09, 0
19, 1.0000000000000002, 3.0000000000000004, 1.0000000000000002, 0, 1.705376701294799e-09, 0
20, 3.0, 3.0000000000000004, 1.0000000000000002, 0, 1.7756996812189882e-09, 0
37, 1.0000000000000002, 5.000000000000001, 1.0000000000000002, 0, 2.3029745954327638e-09, 0
38, 3.0, 5.000000000000001, 1.0000000000000002, 0, 2.3728732101407546e-09, 0
60, 11.000000000000002, 7.000000000000001, 1.0000000000000002, 1, 0.00048134943415865976, 0
61, 13.0, 7.000000000000001, 1.0000000000000002, 1, 0.0005188305485002907, 0
62, 15.0, 7.000000000000001, 1.0000000000000002, 1, 0.0005726495837473993, 0
63, 17.000000000000004, 7.000000000000001, 1.0000000000000002, 1, 0.0005592582399670842, 0
64, 19.000000000000004, 7.000000000000001, 1.0000000000000002, 1, 0.000472402274236731, 0
65, 21.000000000000004, 7.000000000000001, 1.0000000000000002, 1, 0.00034852213612628167, 0
66, 23.0, 7.000000000000001, 1.0000000000000002, 1, 0.0002521532237298058, 0
67, 25.000000000000004, 7.000000000000001, 1.0000000000000002, 1, 0.00021820906304792303, 0
68, 26.999999999999996, 7.000000000000001, 1.0000000000000002, 1, 0.0002248790294150187, 0
70, 31.000000000000004, 7.000000000000001, 1.0000000000000002, 0, 1.0374895099883057e-09, 0
71, 33.0, 7.000000000000001, 1.0000000000000002, 0, 9.422343600298823e-10, 0
72, 35.00000000000001, 7.000000000000001, 1.0000000000000002, 0, 8.156684911795689e-10, 0
78, 11.000000000000002, 9.000000000000002, 1.0000000000000002, 1, 0.0004392725224573494, 0
79, 13.0, 9.000000000000002, 1.0000000000000002, 1, 0.00047611006247512785, 0
80, 15.0, 9.000000000000002, 1.0000000000000002, 1, 0.0005187824486588956, 0
81, 17.000000000000004, 9.000000000000002, 1.0000000000000002, 1, 0.0005078264687120788, 0
82, 19.000000000000004, 9.000000000000002, 1.0000000000000002, 1, 0.0004300078870111343, 0
83, 21.000000000000004, 9.000000000000002, 1.0000000000000002, 1, 0.0003305247946025848, 0
84, 23.0, 9.000000000000002, 1.0000000000000002, 1, 0.00025909034068326536, 0
85, 25.000000000000004, 9.000000000000002, 1.0000000000000002, 1, 0.0002228091097203316, 0
86, 26.999999999999996, 9.000000000000002, 1.0000000000000002, 1, 0.00021512530539281885, 0
88, 31.000000000000004, 9.000000000000002, 1.0000000000000002, 0, 1.047050118497973e-09, 0
89, 33.0, 9.000000000000002, 1.0000000000000002, 0, 9.2184319017816e-10, 0
90, 35.00000000000001, 9.000000000000002, 1.0000000000000002, 0, 7.942543349217506e-10, 0
96, 11.000000000000002, 11.0, 1.0000000000000002, 1, 0.0003689706179775281, 0
97, 13.0, 11.0, 1.0000000000000002, 1, 0.000389685758999721, 0
98, 15.0, 11.0, 1.0000000000000002, 1, 0.00041538910018606496, 0
99, 17.000000000000004, 11.0, 1.0000000000000002, 1, 0.0004077166297086342, 0
100, 19.000000000000004, 11.0, 1.0000000000000002, 1, 0.0003450454720194412, 0
101, 21.000000000000004, 11.0, 1.0000000000000002, 1, 0.00026642244450478226, 0
102, 23.0, 11.0, 1.0000000000000002, 1, 0.0001765470173316963, 0
103, 25.000000000000004, 11.0, 1.0000000000000002, 1, 0.00015992265882997018, 0
104, 26.999999999999996, 11.0, 1.0000000000000002, 1, 0.00015425460001664666, 0
106, 31.000000000000004, 11.0, 1.0000000000000002, 0, 1.020407897172989e-09, 0
107, 33.0, 11.0, 1.0000000000000002, 0, 8.925210815889565e-10, 0
108, 35.00000000000001, 11.0, 1.0000000000000002, 0, 7.634166808755228e-10, 0
114, 11.000000000000002, 13.0, 1.0000000000000002, 1, 0.0002908825067720198, 0
115, 13.0, 13.0, 1.0000000000000002, 1, 0.00030185271493011025, 0
116, 15.0, 13.0, 1.0000000000000002, 1, 0.0003190408061534887, 0
117, 17.000000000000004, 13.0, 1.0000000000000002, 1, 0.00031616296760354453, 0
118, 19.000000000000004, 13.0, 1.0000000000000002, 1, 0.0002622318736322894, 0
119, 21.000000000000004, 13.0, 1.0000000000000002, 1, 0.00016919011524757374, 0
120, 23.0, 13.0, 1.0000000000000002, 0, 0.00012079871448205377, 0
121, 25.000000000000004, 13.0, 1.0000000000000002, 0, 7.756504474984116e-05, 0
122, 26.999999999999996, 13.0, 1.0000000000000002, 0, 7.225743095394989e-05, 0
124, 31.000000000000004, 13.0, 1.0000000000000002, 0, 9.601957279884633e-10, 0
125, 33.0, 13.0, 1.0000000000000002, 0, 8.669648387729447e-10, 0
126, 35.00000000000001, 13.0, 1.0000000000000002, 0, 7.735198199383453e-10, 0
132, 11.000000000000002, 14.999999999999998, 1.0000000000000002, 1, 0.00021795119610354286, 0
133, 13.0, 14.999999999999998, 1.0000000000000002, 1, 0.00022784433636425724, 0
134, 15.0, 14.999999999999998, 1.0000000000000002, 1, 0.00026012918253132686, 0
135, 17.000000000000004, 14.999999999999998, 1.0000000000000002, 1, 0.00025713874737542345, 0
136, 19.000000000000004, 14.999999999999998, 1.0000000000000002, 1, 0.00016608039268726984, 0
137, 21.000000000000004, 14.999999999999998, 1.0000000000000002, 0, 7.848923629548188e-05, 0
138, 23.0, 14.999999999999998, 1.0000000000000002, 0, 1.4282750921919508e-05, 0
139, 25.000000000000004, 14.999999999999998, 1.0000000000000002, 0, 1.7317391526816151e-09, 0
140, 26.999999999999996, 14.999999999999998, 1.0000000000000002, 0, 1.3957849557578002e-09, 0
142, 31.000000000000004, 14.999999999999998, 1.0000000000000002, 0, 8.986326546983961e-10, 0
143, 33.0, 14.999999999999998, 1.0000000000000002, 0, 8.474832203767391e-10, 0
144, 35.00000000000001, 14.999999999999998, 1.0000000000000002, 0, 7.94967109102668e-10, 0
150, 11.000000000000002, 17.0, 1.0000000000000002, 1, 0.00016702184942736623, 0
151, 13.0, 17.0, 1.0000000000000002, 1, 0.0001875044923026645, 0
152, 15.0, 17.0, 1.0000000000000002, 1, 0.00023269822043226873, 0
153, 17.000000000000004, 17.0, 1.0000000000000002, 1, 0.0001803050144545421, 0
154, 19.000000000000004, 17.0, 1.0000000000000002, 0, 0.00012078538104750522, 0
155, 21.000000000000004, 17.0, 1.0000000000000002, 0, 1.7608267860983426e-05, 0
156, 23.0, 17.0, 1.0000000000000002, 0, 2.1400147524600643e-09, 0
157, 25.000000000000004, 17.0, 1.0000000000000002, 0, 1.7803838170264326e-09, 0
158, 26.999999999999996, 17.0, 1.0000000000000002, 0, 1.5448687017792567e-09, 0
160, 31.000000000000004, 17.0, 1.0000000000000002, 0, 8.567205436761894e-10, 0
161, 33.0, 17.0, 1.0000000000000002, 0, 8.356034964529949e-10, 0
162, 35.00000000000001, 17.0, 1.0000000000000002, 0, 8.126333579054664e-10, 0
168, 11.000000000000002, 19.000000000000004, 1.0000000000000002, 1, 0.00014364744047606193, 0
169, 13.0, 19.000000000000004, 1.0000000000000002, 1, 0.00018526572420672453, 0
170, 15.0, 19.000000000000004, 1.0000000000000002, 1, 0.00020887008164580906, 0
171, 17.000000000000004, 19.000000000000004, 1.0000000000000002, 1, 0.00015063750052602038, 0
172, 19.000000000000004, 19.000000000000004, 1.0000000000000002, 0, 5.190080375473589e-05, 0
173, 21.000000000000004, 19.000000000000004, 1.0000000000000002, 0, 2.3586477381148944e-09, 0
174, 23.0, 19.000000000000004, 1.0000000000000002, 0, 2.11556440913121e-09, 0
175, 25.000000000000004, 19.000000000000004, 1.0000000000000002, 0, 1.78890451560631e-09, 0
176, 26.999999999999996, 19.000000000000004, 1.0000000000000002, 0, 1.6393206017618336e-09, 0
178, 31.000000000000004, 19.000000000000004, 1.0000000000000002, 0, 8.317009884396766e-10, 0
179, 33.0, 19.000000000000004, 1.0000000000000002, 0, 8.265669407537189e-10, 0
180, 35.00000000000001, 19.000000000000004, 1.0000000000000002, 0, 8.203930710695755e-10, 0
186, 11.000000000000002, 21.0, 1.0000000000000002, 1, 0.0001700819630452558, 0
187, 13.0, 21.0, 1.0000000000000002, 1, 0.00020412434034759828, 0
188, 15.0, 21.0, 1.0000000000000002, 1, 0.00015389956849450948, 0
189, 17.000000000000004, 21.0, 1.0000000000000002, 0, 8.978221315983412e-05, 0
190, 19.000000000000004, 21.0, 1.0000000000000002, 0, 1.1359967305426877e-05, 0
191, 21.000000000000004, 21.0, 1.0000000000000002, 0, 2.3067367828131622e-09, 0
192, 23.0, 21.0, 1.0000000000000002, 0, 2.0873985647453667e-09, 0
193, 25.000000000000004, 21.0, 1.0000000000000002, 0, 1.845662719675086e-09, 0
194, 26.999999999999996, 21.0, 1.0000000000000002, 0, 1.7256736682260803e-09, 0
196, 31.000000000000004, 21.0, 1.0000000000000002, 0, 8.129213123392143e-10, 0
197, 33.0, 21.0, 1.0000000000000002, 0, 8.167986825409847e-10, 0
198, 35.00000000000001, 21.0, 1.0000000000000002, 0, 8.193621187101555e-10, 0
204, 11.000000000000002, 23.000000000000004, 1.0000000000000002, 1, 0.00020369762683740866, 0
205, 13.0, 23.000000000000004, 1.0000000000000002, 1, 0.00015687100010041696, 0
206, 15.0, 23.000000000000004, 1.0000000000000002, 0, 0.00013537761170444415, 0
207, 17.000000000000004, 23.000000000000004, 1.0000000000000002, 0, 2.730081381770829e-05, 0
208, 19.000000000000004, 23.000000000000004, 1.0000000000000002, 0, 2.2020485839397526e-09, 0
209, 21.000000000000004, 23.000000000000004, 1.0000000000000002, 0, 2.144221914339625e-09, 0
210, 23.0, 23.000000000000004, 1.0000000000000002, 0, 1.998552372731156e-09, 0
211, 25.000000000000004, 23.000000000000004, 1.0000000000000002, 0, 1.8653996780064985e-09, 0
212, 26.999999999999996, 23.000000000000004, 1.0000000000000002, 0, 1.7923205033313208e-09, 0
214, 31.000000000000004, 23.000000000000004, 1.0000000000000002, 0, 7.958619048680499e-10, 0
215, 33.0, 23.000000000000004, 1.0000000000000002, 0, 8.04449555686727e-10, 0
216, 35.00000000000001, 23.000000000000004, 1.0000000000000002, 0, 8.114513577793801e-10, 0
217, 1.0000000000000002, 25.000000000000004, 1.0000000000000002, 0, 1.5795336920415983e-09, 0
218, 3.0, 25.000000000000004, 1.0000000000000002, 0, 1.633483076165421e-09, 0
219, 5.0, 25.000000000000004, 1.0000000000000002, 0, 1.3315194031079994e-09, 0
221, 9.0, 25.000000000000004, 1.0000000000000002, 1, 0.00024864208621181284, 0
222, 11.000000000000002, 25.000000000000004, 1.0000000000000002, 1, 0.00021228971178935025, 0
223, 13.0, 25.000000000000004, 1.0000000000000002, 1, 0.00013801932089801348, 0
224, 15.0, 25.000000000000004, 1.0000000000000002, 0, 5.535866654928016e-05, 0
225, 17.000000000000004, 25.000000000000004, 1.0000000000000002, 0, 8.510107498094946e-07, 0
226, 19.000000000000004, 25.000000000000004, 1.0000000000000002, 0, 1.8354696788804382e-09, 0
227, 21.000000000000004, 25.000000000000004, 1.0000000000000002, 0, 1.8306198422052192e-09, 0
228, 23.0, 25.000000000000004, 1.0000000000000002, 0, 1.853243236998148e-09, 0
229, 25.000000000000004, 25.000000000000004, 1.0000000000000002, 0, 1.8432504674130698e-09, 0
230, 26.999999999999996, 25.000000000000004, 1.0000000000000002, 0, 1.8291828888591814e-09, 0
232, 31.000000000000004, 25.000000000000004, 1.0000000000000002, 0, 7.773454555511583e-10, 0
233, 33.0, 25.000000000000004, 1.0000000000000002, 0, 7.888351354957114e-10, 0
234, 35.00000000000001, 25.000000000000004, 1.0000000000000002, 0, 7.995373387343875e-10, 0
235, 1.0000000000000002, 27.0, 1.0000000000000002, 0, 1.3707828020744434e-09, 0
236, 3.0, 27.0, 1.0000000000000002, 0, 1.2154851856400867e-09, 0
237, 5.0, 27.0, 1.0000000000000002, 0, 1.1017070276272987e-09, 0
239, 9.0, 27.0, 1.0000000000000002, 1, 0.00026487114715670654, 0
240, 11.000000000000002, 27.0, 1.0000000000000002, 1, 0.00020534526749157227, 0
241, 13.0, 27.0, 1.0000000000000002, 0, 0.00012585043663925827, 0
242, 15.0, 27.0, 1.0000000000000002, 0, 2.630344876490799e-05, 0
243, 17.000000000000004, 27.0, 1.0000000000000002, 0, 1.4846078549058354e-09, 0
244, 19.000000000000004, 27.0, 1.0000000000000002, 0, 1.5282230765640398e-09, 0
245, 21.000000000000004, 27.0, 1.0000000000000002, 0, 1.6196310536727754e-09, 0
246, 23.0, 27.0, 1.0000000000000002, 0, 1.728888970436594e-09, 0
247, 25.000000000000004, 27.0, 1.0000000000000002, 0, 1.8108066394006326e-09, 0
248, 26.999999999999996, 27.0, 1.0000000000000002, 0, 1.8521613724627947e-09, 0
250, 31.000000000000004, 27.0, 1.0000000000000002, 0, 7.582383574802598e-10, 0
251, 33.0, 27.0, 1.0000000000000002, 0, 7.711970248070445e-10, 0
252, 35.00000000000001, 27.0, 1.0000000000000002, 0, 7.837239215790199e-10, 0
253, 1.0000000000000002, 28.999999999999996, 1.0000000000000002, 0, 7.244852281067148e-10, 0
254, 3.0, 28.999999999999996, 1.0000000000000002, 0, 7.067988287417243e-10, 0
255, 5.0, 28.999999999999996, 1.0000000000000002, 0, 6.903690072473331e-10, 0
257, 9.0, 28.999999999999996, 1.0000000000000002, 1, 0.00027453607360637406, 0
258, 11.000000000000002, 28.999999999999996, 1.0000000000000002, 1, 0.00023950045044205445, 0
259, 13.0, 28.999999999999996, 1.0000000000000002, 1, 0.0001513120826652833, 0
260, 15.0, 28.999999999999996, 1.0000000000000002, 0, 8.939823747581995e-05, 0
261, 17.000000000000004, 28.999999999999996, 1.0000000000000002, 0, 2.3189612023272117e-05, 0
262, 19.000000000000004, 28.999999999999996, 1.0000000000000002, 0, 1.2825834063096255e-09, 0
263, 21.000000000000004, 28.999999999999996, 1.0000000000000002, 0, 1.4298243701051195e-09, 0
264, 23.0, 28.999999999999996, 1.0000000000000002, 0, 1.6391887073509829e-09, 0
265, 25.000000000000004, 28.999999999999996, 1.0000000000000002, 0, 1.7940719945861372e-09, 0
266, 26.999999999999996, 28.999999999999996, 1.0000000000000002, 0, 1.8957881588349262e-09, 0
268, 31.000000000000004, 28.999999999999996, 1.0000000000000002, 0, 7.407261822293449e-10, 0
269, 33.0, 28.999999999999996, 1.0000000000000002, 0, 7.536112678309529e-10, 0
270, 35.00000000000001, 28.999999999999996, 1.0000000000000002, 0, 7.669997093840014e-10, 0
271, 1.0000000000000002, 31.000000000000004, 1.0000000000000002, 0, 4.5907159839960615e-10, 0
272, 3.0, 31.000000000000004, 1.0000000000000002, 0, 4.0505959272469786e-10, 0
273, 5.0, 31.000000000000004, 1.0000000000000002, 0, 3.5437430828390376e-10, 0
275, 9.0, 31.000000000000004, 1.0000000000000002, 1, 0.00018729933642924328, 0
276, 11.000000000000002, 31.000000000000004, 1.0000000000000002, 1, 0.00020414613076084344, 0
277, 13.0, 31.000000000000004, 1.0000000000000002, 1, 0.0002246285184137439, 0
278, 15.0, 31.000000000000004, 1.0000000000000002, 1, 0.00017414237952214002, 0
279, 17.000000000000004, 31.000000000000004, 1.0000000000000002, 0, 0.00013014307144506454, 0
280, 19.000000000000004, 31.000000000000004, 1.0000000000000002, 0, 4.591680815442633e-05, 0
281, 21.000000000000004, 31.000000000000004, 1.0000000000000002, 0, 7.945544744059725e-06, 0
282, 23.0, 31.000000000000004, 1.0000000000000002, 0, 1.5511932739325858e-09, 0
283, 25.000000000000004, 31.000000000000004, 1.0000000000000002, 0, 1.8588165433920062e-09, 0
284, 26.999999999999996, 31.000000000000004, 1.0000000000000002, 0, 2.03666505010184e-09, 0
286, 31.000000000000004, 31.000000000000004, 1.0000000000000002, 0, 7.253721378674312e-10, 0
287, 33.0, 31.000000000000004, 1.0000000000000002, 0, 7.388746821510101e-10, 0
288, 35.00000000000001, 31.000000000000004, 1.0000000000000002, 0, 7.531115747088128e-10, 0
289, 1.0000000000000002, 33.00000000000001, 1.0000000000000002, 0, 3.148675389304224e-10, 0
290, 3.0, 33.00000000000001, 1.0000000000000002, 0, 2.671454603875006e-10, 0
291, 5.0, 33.00000000000001, 1.0000000000000002, 0, 2.1987897232330811e-10, 0
293, 9.0, 33.00000000000001, 1.0000000000000002, 0, 0.00010241852328899884, 0
294, 11.000000000000002, 33.00000000000001, 1.0000000000000002, 0, 0.00013409183679085354, 0
295, 13.0, 33.00000000000001, 1.0000000000000002, 1, 0.0001804427492039541, 0
296, 15.0, 33.00000000000001, 1.0000000000000002, 1, 0.0002447468892004553, 0
297, 17.000000000000004, 33.00000000000001, 1.0000000000000002, 1, 0.00018991888089831316, 0
298, 19.000000000000004, 33.00000000000001, 1.0000000000000002, 1, 0.00014236653978139064, 0
299, 21.000000000000004, 33.00000000000001, 1.0000000000000002, 0, 6.442377697374752e-05, 0
300, 23.0, 33.00000000000001, 1.0000000000000002, 0, 1.5538285176370995e-05, 0
301, 25.000000000000004, 33.00000000000001, 1.0000000000000002, 0, 1.9834839019633664e-09, 0
302, 26.999999999999996, 33.00000000000001, 1.0000000000000002, 0, 2.406415411454499e-09, 0
304, 31.000000000000004, 33.00000000000001, 1.0000000000000002, 0, 7.134970292157162e-10, 0
305, 33.0, 33.00000000000001, 1.0000000000000002, 0, 7.303843739154724e-10, 0
306, 35.00000000000001, 33.00000000000001, 1.0000000000000002, 0, 7.478569350298877e-10, 0
307, 1.0000000000000002, 35.0, 1.0000000000000002, 0, 2.1912968656164197e-10, 0
308, 3.0, 35.0, 1.0000000000000002, 0, 1.8847301007718018e-10, 0
309, 5.0, 35.0, 1.0000000000000002, 0, 1.5673381697879456e-10, 0
311, 9.0, 35.0, 1.0000000000000002, 0, 1.1824063588197612e-05, 0
312, 11.000000000000002, 35.0, 1.0000000000000002, 0, 4.1479558018643636e-05, 0
313, 13.0, 35.0, 1.0000000000000002, 0, 0.00010828061875113113, 0
314, 15.0, 35.0, 1.0000000000000002, 1, 0.00016274919453718463, 0
315, 17.000000000000004, 35.0, 1.0000000000000002, 1, 0.00022644681200337846, 0
316, 19.000000000000004, 35.0, 1.0000000000000002, 1, 0.00022461115346550847, 0
317, 21.000000000000004, 35.0, 1.0000000000000002, 1, 0.00015794896424942904, 0
318, 23.0, 35.0, 1.0000000000000002, 0, 0.00010056634779057524, 0
319, 25.000000000000004, 35.0, 1.0000000000000002, 0, 3.6915794278482404e-05, 0
320, 26.999999999999996, 35.0, 1.0000000000000002, 0, 1.2076133630800497e-05, 0
322, 31.000000000000004, 35.0, 1.0000000000000002, 0, 7.140094177406465e-10, 0
323, 33.0, 35.0, 1.0000000000000002, 0, 7.319370994455379e-10, 0
324, 35.00000000000001, 35.0, 1.0000000000000002, 0, 7.551959890591026e-10, 0
325, 1.0000000000000002, 37.00000000000001, 1.0000000000000002, 0, 1.5349810478932545e-10, 0
326, 3.0, 37.00000000000001, 1.0000000000000002, 0, 1.3846068254464066e-10, 0
327, 5.0, 37.00000000000001, 1.0000000000000002, 0, 1.2418495044974136e-10, 0
329, 9.0, 37.00000000000001, 1.0000000000000002, 0, 1.151053926887054e-09, 0
330, 11.000000000000002, 37.00000000000001, 1.0000000000000002, 0, 1.0041937523941382e-09, 0
331, 13.0, 37.00000000000001, 1.0000000000000002, 0, 1.6198608358851904e-05, 0
332, 15.0, 37.00000000000001, 1.0000000000000002, 0, 6.576895067743764e-05, 0
333, 17.000000000000004, 37.00000000000001, 1.0000000000000002, 1, 0.00014352087133952542, 0
334, 19.000000000000004, 37.00000000000001, 1.0000000000000002, 1, 0.0001872165038637081, 0
335, 21.000000000000004, 37.00000000000001, 1.0000000000000002, 1, 0.00023637729281250595, 0
336, 23.0, 37.00000000000001, 1.0000000000000002, 1, 0.00016812880774023359, 0
337, 25.000000000000004, 37.00000000000001, 1.0000000000000002, 1, 0.00013664649530513768, 0
338, 26.999999999999996, 37.00000000000001, 1.0000000000000002, 0, 0.00012910478066178188, 0
340, 31.000000000000004, 37.00000000000001, 1.0000000000000002, 0, 7.8988940205186e-10, 0
341, 33.0, 37.00000000000001, 1.0000000000000002, 0, 7.664307751814471e-10, 0
342, 35.00000000000001, 37.00000000000001, 1.0000000000000002, 0, 7.684370354474373e-10, 0
343, 1.0000000000000002, 39.00000000000001, 1.0000000000000002, 0, 1.1344099780171726e-10, 0
344, 3.0, 39.00000000000001, 1.0000000000000002, 0, 1.0879692047035887e-10, 0
345, 5.0, 39.00000000000001, 1.0000000000000002, 0, 1.0458593411214178e-10, 0
347, 9.0, 39.00000000000001, 1.0000000000000002, 0, 1.3058288275712292e-09, 0
348, 11.000000000000002, 39.00000000000001, 1.0000000000000002, 0, 1.1815136364103733e-09, 0
349, 13.0, 39.00000000000001, 1.0000000000000002, 0, 9.812828250418088e-10, 0
350, 15.0, 39.00000000000001, 1.0000000000000002, 0, 7.90605742757414e-06, 0
351, 17.000000000000004, 39.00000000000001, 1.0000000000000002, 0, 4.604637387797039e-05, 0
352, 19.000000000000004, 39.00000000000001, 1.0000000000000002, 0, 0.00012900332291245886, 0
353, 21.000000000000004, 39.00000000000001, 1.0000000000000002, 1, 0.00016820073758622904, 0
354, 23.0, 39.00000000000001, 1.0000000000000002, 1, 0.00021286283381361646, 0
355, 25.000000000000004, 39.00000000000001, 1.0000000000000002, 1, 0.0002206783231104242, 0
356, 26.999999999999996, 39.00000000000001, 1.0000000000000002, 1, 0.00021265259415414783, 0
358, 31.000000000000004, 39.00000000000001, 1.0000000000000002, 0, 8.510911175730782e-10, 0
359, 33.0, 39.00000000000001, 1.0000000000000002, 0, 8.212636040872384e-10, 0
360, 35.00000000000001, 39.00000000000001, 1.0000000000000002, 0, 7.697072245449135e-10, 0
361, 1.0000000000000002, 41.0, 1.0000000000000002, 0, 9.565657877232154e-11, 0
362, 3.0, 41.0, 1.0000000000000002, 0, 9.451968898985413e-11, 0
363, 5.0, 41.0, 1.0000000000000002, 0, 9.395936605215813e-11, 0
365, 9.0, 41.0, 1.0000000000000002, 0, 1.4635430636460385e-09, 0
366, 11.000000000000002, 41.0, 1.0000000000000002, 0, 1.367242548312063e-09, 0
367, 13.0, 41.0, 1.0000000000000002, 0, 1.1926413374908422e-09, 0
368, 15.0, 41.0, 1.0000000000000002, 0, 1.0141978820414172e-09, 0
369, 17.000000000000004, 41.0, 1.0000000000000002, 0, 9.52594733892377e-10, 0
370, 19.000000000000004, 41.0, 1.0000000000000002, 0, 2.290364431465327e-05, 0
371, 21.000000000000004, 41.0, 1.0000000000000002, 0, 8.946838140882482e-05, 0
372, 23.0, 41.0, 1.0000000000000002, 1, 0.00014383603382380877, 0
373, 25.000000000000004, 41.0, 1.0000000000000002, 1, 0.00026535889203596033, 0
374, 26.999999999999996, 41.0, 1.0000000000000002, 1, 0.0003229202475398449, 0
376, 31.000000000000004, 41.0, 1.0000000000000002, 0, 9.134341034000778e-10, 0
377, 33.0, 41.0, 1.0000000000000002, 0, 8.26977240987726e-10, 0
378, 35.00000000000001, 41.0, 1.0000000000000002, 0, 7.460312965292425e-10, 0
379, 1.0000000000000002, 43.00000000000001, 1.0000000000000002, 0, 9.167818155347789e-11, 0
380, 3.0, 43.00000000000001, 1.0000000000000002, 0, 8.929569217145648e-11, 0
381, 5.0, 43.00000000000001, 1.0000000000000002, 0, 9.295240459893309e-11, 0
383, 9.0, 43.00000000000001, 1.0000000000000002, 0, 1.5830694112851604e-09, 0
384, 11.000000000000002, 43.00000000000001, 1.0000000000000002, 0, 1.4885193808258558e-09, 0
385, 13.0, 43.00000000000001, 1.0000000000000002, 0, 1.304678897988107e-09, 0
386, 15.0, 43.00000000000001, 1.0000000000000002, 0, 1.103590625001322e-09, 0
387, 17.000000000000004, 43.00000000000001, 1.0000000000000002, 0, 9.445706237806824e-10, 0
388, 19.000000000000004, 43.00000000000001, 1.0000000000000002, 0, 9.248228788645347e-10, 0
389, 21.000000000000004, 43.00000000000001, 1.0000000000000002, 0, 2.271486996168472e-05, 0
390, 23.0, 43.00000000000001, 1.0000000000000002, 0, 0.00012237147972595893, 0
391, 25.000000000000004, 43.00000000000001, 1.0000000000000002, 1, 0.00022898477600562158, 0
392, 26.999999999999996, 43.00000000000001, 1.0000000000000002, 1, 0.000319770627292132, 0
394, 31.000000000000004, 43.00000000000001, 1.0000000000000002, 0, 8.818477434516579e-10, 0
395, 33.0, 43.00000000000001, 1.0000000000000002, 0, 7.951517925599557e-10, 0
396, 35.00000000000001, 43.00000000000001, 1.0000000000000002, 0, 7.194869461619833e-10, 0
397, 1.0000000000000002, 45.00000000000001, 1.0000000000000002, 0, 8.874663838463334e-11, 0
398, 3.0, 45.00000000000001, 1.0000000000000002, 0, 8.824195702956081e-11, 0
399, 5.0, 45.00000000000001, 1.0000000000000002, 0, 9.48092733231655e-11, 0
401, 9.0, 45.00000000000001, 1.0000000000000002, 0, 1.6469024718736582e-09, 0
402, 11.000000000000002, 45.00000000000001, 1.0000000000000002, 0, 1.5484858502932583e-09, 0
403, 13.0, 45.00000000000001, 1.0000000000000002, 0, 1.3700336866635715e-09, 0
404, 15.0, 45.00000000000001, 1.0000000000000002, 0, 1.1892641564671443e-09, 0
405, 17.000000000000004, 45.00000000000001, 1.0000000000000002, 0, 1.0320815990040209e-09, 0
406, 19.000000000000004, 45.00000000000001, 1.0000000000000002, 0, 1.0425074879739172e-09, 0
407, 21.000000000000004, 45.00000000000001, 1.0000000000000002, 0, 3.988193223881878e-05, 0
408, 23.0, 45.00000000000001, 1.0000000000000002, 1, 0.00013784276941005804, 0
409, 25.000000000000004, 45.00000000000001, 1.0000000000000002, 1, 0.00024608994219703015, 0
410, 26.999999999999996, 45.00000000000001, 1.0000000000000002, 1, 0.00029701431961159615, 0
412, 31.000000000000004, 45.00000000000001, 1.0000000000000002, 0, 8.576326287775075e-10, 0
413, 33.0, 45.00000000000001, 1.0000000000000002, 0, 7.483032620912644e-10, 0
414, 35.00000000000001, 45.00000000000001, 1.0000000000000002, 0, 7.246976053978277e-10, 0
415, 1.0000000000000002, 47.0, 1.0000000000000002, 0, 8.713902550778407e-11, 0
416, 3.0, 47.0, 1.0000000000000002, 0, 8.897695086306662e-11, 0
417, 5.0, 47.0, 1.0000000000000002, 0, 9.8465745942727e-11, 0
419, 9.0, 47.0, 1.0000000000000002, 0, 1.6716409114583336e-09, 0
420, 11.000000000000002, 47.0, 1.0000000000000002, 0, 1.5655218502012712e-09, 0
421, 13.0, 47.0, 1.0000000000000002, 0, 1.3881600556418132e-09, 0
422, 15.0, 47.0, 1.0000000000000002, 0, 1.2645543117365413e-09, 0
423, 17.000000000000004, 47.0, 1.0000000000000002, 0, 1.1693930037570973e-09, 0
424, 19.000000000000004, 47.0, 1.0000000000000002, 0, 1.7023765621238645e-05, 0
425, 21.000000000000004, 47.0, 1.0000000000000002, 0, 0.00010738440831550885, 0
426, 23.0, 47.0, 1.0000000000000002, 1, 0.00016714024246040565, 0
427, 25.000000000000004, 47.0, 1.0000000000000002, 1, 0.00024013751788330858, 0
428, 26.999999999999996, 47.0, 1.0000000000000002, 1, 0.000244893341609891, 0
430, 31.000000000000004, 47.0, 1.0000000000000002, 0, 8.230184772087334e-10, 0
431, 33.0, 47.0, 1.0000000000000002, 0, 7.267238707062702e-10, 0
432, 35.00000000000001, 47.0, 1.0000000000000002, 0, 7.841649525228412e-10, 0
433, 1.0000000000000002, 49.0, 1.0000000000000002, 0, 9.42557711708385e-11, 0
434, 3.0, 49.0, 1.0000000000000002, 0, 9.554222613935782e-11, 0
435, 5.0, 49.0, 1.0000000000000002, 0, 1.0311581378724758e-10, 0
437, 9.0, 49.0, 1.0000000000000002, 0, 1.6748513951419785e-09, 0
438, 11.000000000000002, 49.0, 1.0000000000000002, 0, 1.5612005269556784e-09, 0
439, 13.0, 49.0, 1.0000000000000002, 0, 1.3677206227619964e-09, 0
440, 15.0, 49.0, 1.0000000000000002, 0, 1.3157210260461471e-09, 0
441, 17.000000000000004, 49.0, 1.0000000000000002, 0, 6.591196928378274e-06, 0
442, 19.000000000000004, 49.0, 1.0000000000000002, 0, 6.333747306918602e-05, 0
443, 21.000000000000004, 49.0, 1.0000000000000002, 1, 0.00014406839143243816, 0
444, 23.0, 49.0, 1.0000000000000002, 1, 0.00023323034998329795, 0
445, 25.000000000000004, 49.0, 1.0000000000000002, 1, 0.00022882771579251616, 0
446, 26.999999999999996, 49.0, 1.0000000000000002, 1, 0.00019529634593041262, 0
448, 31.000000000000004, 49.0, 1.0000000000000002, 0, 8.373100139036524e-10, 0
449, 33.0, 49.0, 1.0000000000000002, 0, 7.71992336377462e-10, 0
450, 35.00000000000001, 49.0, 1.0000000000000002, 0, 8.893644695554084e-10, 0
451, 1.0000000000000002, 50.99999999999999, 1.0000000000000002, 0, 1.1708371401938194e-10, 0
452, 3.0, 50.99999999999999, 1.0000000000000002, 0, 1.119387336651922e-10, 0
453, 5.0, 50.99999999999999, 1.0000000000000002, 0, 1.0870019792857367e-10, 0
455, 9.0, 50.99999999999999, 1.0000000000000002, 0, 1.6587858473278093e-09, 0
456, 11.000000000000002, 50.99999999999999, 1.0000000000000002, 0, 1.5538004508806342e-09, 0
457, 13.0, 50.99999999999999, 1.0000000000000002, 0, 1.3989857500102155e-09, 0
458, 15.0, 50.99999999999999, 1.0000000000000002, 0, 1.4194888334585182e-09, 0
459, 17.000000000000004, 50.99999999999999, 1.0000000000000002, 0, 4.4061003401421164e-05, 0
460, 19.000000000000004, 50.99999999999999, 1.0000000000000002, 1, 0.00014286370036989608, 0
461, 21.000000000000004, 50.99999999999999, 1.0000000000000002, 1, 0.00022600303966882087, 0
462, 23.0, 50.99999999999999, 1.0000000000000002, 1, 0.0002484218833366716, 0
463, 25.000000000000004, 50.99999999999999, 1.0000000000000002, 1, 0.0001722560373818314, 0
464, 26.999999999999996, 50.99999999999999, 1.0000000000000002, 1, 0.0001350295166449112, 0
466, 31.000000000000004, 50.99999999999999, 1.0000000000000002, 0, 9.595297650620009e-10, 0
467, 33.0, 50.99999999999999, 1.0000000000000002, 0, 8.900440843850474e-10, 0
468, 35.00000000000001, 50.99999999999999, 1.0000000000000002, 0, 1.0397131390621741e-09, 0
469, 1.0000000000000002, 53.0, 1.0000000000000002, 0, 1.5603386496956966e-10, 0
470, 3.0, 53.0, 1.0000000000000002, 0, 1.3490751031881068e-10, 0
471, 5.0, 53.0, 1.0000000000000002, 0, 1.1553536315986321e-10, 0
473, 9.0, 53.0, 1.0000000000000002, 0, 1.5982585995895995e-09, 0
474, 11.000000000000002, 53.0, 1.0000000000000002, 0, 1.6235896307026213e-09, 0
475, 13.0, 53.0, 1.0000000000000002, 0, 1.6635273792399474e-09, 0
476, 15.0, 53.0, 1.0000000000000002, 0, 2.7463056555509866e-05, 0
477, 17.000000000000004, 53.0, 1.0000000000000002, 0, 0.00013691094689520297, 0
478, 19.000000000000004, 53.0, 1.0000000000000002, 1, 0.00019325794900129723, 0
479, 21.000000000000004, 53.0, 1.0000000000000002, 1, 0.0002644083159046921, 0
480, 23.0, 53.0, 1.0000000000000002, 1, 0.00019619807959731726, 0
481, 25.000000000000004, 53.0, 1.0000000000000002, 0, 0.00013204621657773044, 0
482, 26.999999999999996, 53.0, 1.0000000000000002, 0, 5.3751115664080114e-05, 0
484, 31.000000000000004, 53.0, 1.0000000000000002, 0, 1.1171705359452025e-09, 0
485, 33.0, 53.0, 1.0000000000000002, 0, 1.0559436889799464e-09, 0
486, 35.00000000000001, 53.0, 1.0000000000000002, 0, 1.2192132678458977e-09, 0
487, 1.0000000000000002, 55.0, 1.0000000000000002, 0, 2.0340091855582051e-10, 0
488, 3.0, 55.0, 1.0000000000000002, 0, 1.6567181658415254e-10, 0
489, 5.0, 55.0, 1.0000000000000002, 0, 1.2823688385304736e-10, 0
491, 9.0, 55.0, 1.0000000000000002, 0, 1.7295040058995827e-09, 0
492, 11.000000000000002, 55.0, 1.0000000000000002, 0, 2.0078255101321154e-09, 0
493, 13.0, 55.0, 1.0000000000000002, 0, 1.66001307480802e-05, 0
494, 15.0, 55.0, 1.0000000000000002, 0, 0.00010217007258411987, 0
495, 17.000000000000004, 55.0, 1.0000000000000002, 1, 0.00017394401683527676, 0
496, 19.000000000000004, 55.0, 1.0000000000000002, 1, 0.0002551493193755903, 0
497, 21.000000000000004, 55.0, 1.0000000000000002, 1, 0.00022204796909953755, 0
498, 23.0, 55.0, 1.0000000000000002, 1, 0.00013720191160041155, 0
499, 25.000000000000004, 55.0, 1.0000000000000002, 0, 5.2743371956214384e-05, 0
500, 26.999999999999996, 55.0, 1.0000000000000002, 0, 5.54599196733473e-06, 0
502, 31.000000000000004, 55.0, 1.0000000000000002, 0, 1.2219387928402208e-09, 0
503, 33.0, 55.0, 1.0000000000000002, 0, 1.1974809651170084e-09, 0
504, 35.00000000000001, 55.0, 1.0000000000000002, 0, 1.394559733073491e-09, 0
505, 1.0000000000000002, 56.99999999999999, 1.0000000000000002, 0, 2.481523227818138e-10, 0
506, 3.0, 56.99999999999999, 1.0000000000000002, 0, 1.9893716170142904e-10, 0
507, 5.0, 56.99999999999999, 1.0000000000000002, 0, 1.6282136983850003e-10, 0
509, 9.0, 56.99999999999999, 1.0000000000000002, 0, 1.99812832462287e-09, 0
510, 11.000000000000002, 56.99999999999999, 1.0000000000000002, 0, 8.172864757649561e-06, 0
511, 13.0, 56.99999999999999, 1.0000000000000002, 0, 6.707825787486259e-05, 0
512, 15.0, 56.99999999999999, 1.0000000000000002, 1, 0.00015334814272424273, 0
513, 17.000000000000004, 56.99999999999999, 1.0000000000000002, 1, 0.0002246614351781657, 0
514, 19.000000000000004, 56.99999999999999, 1.0000000000000002, 1, 0.0002186157927952243, 0
515, 21.000000000000004, 56.99999999999999, 1.0000000000000002, 1, 0.00014069260291913296, 0
516, 23.0, 56.99999999999999, 1.0000000000000002, 0, 7.072759492763109e-05, 0
517, 25.000000000000004, 56.99999999999999, 1.0000000000000002, 0, 9.588266083176682e-06, 0
518, 26.999999999999996, 56.99999999999999, 1.0000000000000002, 0, 1.0966566821419225e-09, 0
520, 31.000000000000004, 56.99999999999999, 1.0000000000000002, 0, 1.1728807329579535e-09, 0
521, 33.0, 56.99999999999999, 1.0000000000000002, 0, 1.281888330060305e-09, 0
522, 35.00000000000001, 56.99999999999999, 1.0000000000000002, 0, 1.5425433873577787e-09, 0
523, 1.0000000000000002, 59.0, 1.0000000000000002, 0, 2.858437903807581e-10, 0
524, 3.0, 59.0, 1.0000000000000002, 0, 2.49979234590974e-10, 0
525, 5.0, 59.0, 1.0000000000000002, 0, 2.4086152294867713e-10, 0
527, 9.0, 59.0, 1.0000000000000002, 0, 2.0056893843171438e-09, 0
528, 11.000000000000002, 59.0, 1.0000000000000002, 0, 4.0441968194510026e-05, 0
529, 13.0, 59.0, 1.0000000000000002, 1, 0.00012909573378076314, 0
530, 15.0, 59.0, 1.0000000000000002, 1, 0.00019211804562761913, 0
531, 17.000000000000004, 59.0, 1.0000000000000002, 1, 0.00020556031113259308, 0
532, 19.000000000000004, 59.0, 1.0000000000000002, 1, 0.00017888491737683745, 0
533, 21.000000000000004, 59.0, 1.0000000000000002, 1, 0.00014595704752118837, 0
534, 23.0, 59.0, 1.0000000000000002, 0, 0.0001264186591345373, 0
535, 25.000000000000004, 59.0, 1.0000000000000002, 0, 8.1331290457994e-05, 0
536, 26.999999999999996, 59.0, 1.0000000000000002, 0, 6.218257941776788e-05, 0
538, 31.000000000000004, 59.0, 1.0000000000000002, 0, 1.1241048741180135e-09, 0
539, 33.0, 59.0, 1.0000000000000002, 0, 1.354813389569929e-09, 0
540, 35.00000000000001, 59.0, 1.0000000000000002, 0, 1.6804836000865424e-09, 0
541, 1.0000000000000002, 61.0, 1.0000000000000002, 0, 3.166797576324191e-10, 0
542, 3.0, 61.0, 1.0000000000000002, 0, 3.4383208511009554e-10, 0
543, 5.0, 61.0, 1.0000000000000002, 0, 3.7930655744203447e-10, 0
545, 9.0, 61.0, 1.0000000000000002, 0, 6.587158790196152e-05, 0
546, 11.000000000000002, 61.0, 1.0000000000000002, 0, 0.00012500915796127517, 0
547, 13.0, 61.0, 1.0000000000000002, 1, 0.00015421371798011654, 0
548, 15.0, 61.0, 1.0000000000000002, 1, 0.00020683421578583118, 0
549, 17.000000000000004, 61.0, 1.0000000000000002, 1, 0.0001814432885180303, 0
550, 19.000000000000004, 61.0, 1.0000000000000002, 1, 0.0001661317257535755, 0
551, 21.000000000000004, 61.0, 1.0000000000000002, 1, 0.0001912108153796535, 0
552, 23.0, 61.0, 1.0000000000000002, 1, 0.00018131147925349136, 0
553, 25.000000000000004, 61.0, 1.0000000000000002, 1, 0.00019496910613701874, 0
554, 26.999999999999996, 61.0, 1.0000000000000002, 1, 0.0001825154596470254, 0
556, 31.000000000000004, 61.0, 1.0000000000000002, 0, 1.2211291968135523e-09, 0
557, 33.0, 61.0, 1.0000000000000002, 0, 1.475449884589848e-09, 0
558, 35.00000000000001, 61.0, 1.0000000000000002, 0, 1.8520473575246023e-09, 0
559, 1.0000000000000002, 62.99999999999999, 1.0000000000000002, 0, 3.5110977716951015e-10, 0
560, 3.0, 62.99999999999999, 1.0000000000000002, 0, 4.589509610786548e-10, 0
561, 5.0, 62.99999999999999, 1.0000000000000002, 0, 5.617213234791799e-10, 0
563, 9.0, 62.99999999999999, 1.0000000000000002, 1, 0.00013510831733226517, 0
564, 11.000000000000002, 62.99999999999999, 1.0000000000000002, 1, 0.00015834953282236044, 0
565, 13.0, 62.99999999999999, 1.0000000000000002, 1, 0.0002082077241002571, 0
566, 15.0, 62.99999999999999, 1.0000000000000002, 1, 0.00019873481430454708, 0
567, 17.000000000000004, 62.99999999999999, 1.0000000000000002, 1, 0.00018209940040411087, 0
568, 19.000000000000004, 62.99999999999999, 1.0000000000000002, 1, 0.00019202458378695967, 0
569, 21.000000000000004, 62.99999999999999, 1.0000000000000002, 1, 0.00023709119001950703, 0
570, 23.0, 62.99999999999999, 1.0000000000000002, 1, 0.00029162964067368257, 0
571, 25.000000000000004, 62.99999999999999, 1.0000000000000002, 1, 0.00031148750053230164, 0
572, 26.999999999999996, 62.99999999999999, 1.0000000000000002, 1, 0.00030325051435708706, 0
574, 31.000000000000004, 62.99999999999999, 1.0000000000000002, 0, 9.562751859417732e-05, 0
575, 33.0, 62.99999999999999, 1.0000000000000002, 0, 4.157729079660964e-05, 0
576, 35.00000000000001, 62.99999999999999, 1.0000000000000002, 0, 6.627608289549281e-06, 0
577, 1.0000000000000002, 65.0, 1.0000000000000002, 0, 4.109548469056856e-10, 0
578, 3.0, 65.0, 1.0000000000000002, 0, 5.799243523829518e-10, 0
579, 5.0, 65.0, 1.0000000000000002, 0, 7.483556958060911e-10, 0
581, 9.0, 65.0, 1.0000000000000002, 1, 0.0001795826505274956, 0
582, 11.000000000000002, 65.0, 1.0000000000000002, 1, 0.00019413672091922837, 0
583, 13.0, 65.0, 1.0000000000000002, 1, 0.00020743641470342337, 0
584, 15.0, 65.0, 1.0000000000000002, 1, 0.00021253905752468687, 0
585, 17.000000000000004, 65.0, 1.0000000000000002, 1, 0.00021903853950835136, 0
586, 19.000000000000004, 65.0, 1.0000000000000002, 1, 0.00023449454842220562, 0
587, 21.000000000000004, 65.0, 1.0000000000000002, 1, 0.00026459561482957957, 0
588, 23.0, 65.0, 1.0000000000000002, 1, 0.00031107901460293916, 0
589, 25.000000000000004, 65.0, 1.0000000000000002, 1, 0.00036755563267737944, 0
590, 26.999999999999996, 65.0, 1.0000000000000002, 1, 0.0003929976048177503, 0
592, 31.000000000000004, 65.0, 1.0000000000000002, 1, 0.00015247414960737243, 0
593, 33.0, 65.0, 1.0000000000000002, 1, 0.00013306434129440323, 0
594, 35.00000000000001, 65.0, 1.0000000000000002, 0, 4.840605337111311e-05, 0
595, 1.0000000000000002, 67.00000000000001, 1.0000000000000002, 0, 5.009785818271629e-10, 0
596, 3.0, 67.00000000000001, 1.0000000000000002, 0, 6.952125040552394e-10, 0
597, 5.0, 67.00000000000001, 1.0000000000000002, 0, 8.939485311620695e-10, 0
599, 9.0, 67.00000000000001, 1.0000000000000002, 1, 0.00017825872338537215, 0
600, 11.000000000000002, 67.00000000000001, 1.0000000000000002, 1, 0.000191951426108847, 0
601, 13.0, 67.00000000000001, 1.0000000000000002, 1, 0.00022483343003108016, 0
602, 15.0, 67.00000000000001, 1.0000000000000002, 1, 0.00024595958217041335, 0
603, 17.000000000000004, 67.00000000000001, 1.0000000000000002, 1, 0.0002592529685009021, 0
604, 19.000000000000004, 67.00000000000001, 1.0000000000000002, 1, 0.00027772243394191847, 0
605, 21.000000000000004, 67.00000000000001, 1.0000000000000002, 1, 0.00030745652337897753, 0
606, 23.0, 67.00000000000001, 1.0000000000000002, 1, 0.0003511486988263953, 0
607, 25.000000000000004, 67.00000000000001, 1.0000000000000002, 1, 0.0004082611782878974, 0
608, 26.999999999999996, 67.00000000000001, 1.0000000000000002, 1, 0.00044533465167880004, 0
610, 31.000000000000004, 67.00000000000001, 1.0000000000000002, 1, 0.0002611528118260591, 0
611, 33.0, 67.00000000000001, 1.0000000000000002, 1, 0.00018143767351125347, 0
612, 35.00000000000001, 67.00000000000001, 1.0000000000000002, 0, 0.0001320051499762945, 0
613, 1.0000000000000002, 69.0, 1.0000000000000002, 0, 6.356127092054828e-10, 0
614, 3.0, 69.0, 1.0000000000000002, 0, 7.924240823845107e-10, 0
615, 5.0, 69.0, 1.0000000000000002, 0, 9.48921856523587e-10, 0
617, 9.0, 69.0, 1.0000000000000002, 1, 0.00021918272370926328, 0
618, 11.000000000000002, 69.0, 1.0000000000000002, 1, 0.0002345443673500426, 0
619, 13.0, 69.0, 1.0000000000000002, 1, 0.0002605524211665432, 0
620, 15.0, 69.0, 1.0000000000000002, 1, 0.0002811156636183361, 0
621, 17.000000000000004, 69.0, 1.0000000000000002, 1, 0.0002987165954962739, 0
622, 19.000000000000004, 69.0, 1.0000000000000002, 1, 0.00032091622931105927, 0
623, 21.000000000000004, 69.0, 1.0000000000000002, 1, 0.000352094993003464, 0
624, 23.0, 69.0, 1.0000000000000002, 1, 0.00039437529998179546, 0
625, 25.000000000000004, 69.0, 1.0000000000000002, 1, 0.00044824648377399777, 0
626, 26.999999999999996, 69.0, 1.0000000000000002, 1, 0.0004818046895295085, 0
628, 31.000000000000004, 69.0, 1.0000000000000002, 1, 0.00020937589996120948, 0
629, 33.0, 69.0, 1.0000000000000002, 1, 0.0001936502242577881, 0
630, 35.00000000000001, 69.0, 1.0000000000000002, 1, 0.00015338878093364817, 0
631, 1.0000000000000002, 71.0, 1.0000000000000002, 0, 6.978959114153238e-10, 0
632, 3.0, 71.0, 1.0000000000000002, 0, 8.42971304940874e-10, 0
633, 5.0, 71.0, 1.0000000000000002, 0, 9.725821199676017e-10, 0
635, 9.0, 71.0, 1.0000000000000002, 1, 0.0002765640907963716, 0
636, 11.000000000000002, 71.0, 1.0000000000000002, 1, 0.0003004571980761305, 0
637, 13.0, 71.0, 1.0000000000000002, 1, 0.00031407954486987306, 0
638, 15.0, 71.0, 1.0000000000000002, 1, 0.00032461910816436045, 0
639, 17.000000000000004, 71.0, 1.0000000000000002, 1, 0.0003410154354193364, 0
640, 19.000000000000004, 71.0, 1.0000000000000002, 1, 0.0003644962146313735, 0
641, 21.000000000000004, 71.0, 1.0000000000000002, 1, 0.0003966973318180558, 0
642, 23.0, 71.0, 1.0000000000000002, 1, 0.00043901407684284946, 0
643, 25.000000000000004, 71.0, 1.0000000000000002, 1, 0.0004934334527950002, 0
644, 26.999999999999996, 71.0, 1.0000000000000002, 1, 0.0005292746400604567, 0
646, 31.000000000000004, 71.0, 1.0000000000000002, 1, 0.00017255800396152388, 0
647, 33.0, 71.0, 1.0000000000000002, 1, 0.0001613745754120456, 0
648, 35.00000000000001, 71.0, 1.0000000000000002, 1, 0.00016981348213096752, 0
654, 11.000000000000002, 73.00000000000001, 1.0000000000000002, 1, 0.0003406831036658364, 0
655, 13.0, 73.00000000000001, 1.0000000000000002, 1, 0.00034933242134971515, 0
656, 15.0, 73.00000000000001, 1.0000000000000002, 1, 0.00035173051004754453, 0
657, 17.000000000000004, 73.00000000000001, 1.0000000000000002, 1, 0.0003659666595067286, 0
658, 19.000000000000004, 73.00000000000001, 1.0000000000000002, 1, 0.00038943087573462334, 0
659, 21.000000000000004, 73.00000000000001, 1.0000000000000002, 1, 0.00042211272520131023, 0
660, 23.0, 73.00000000000001, 1.0000000000000002, 1, 0.0004653240398635219, 0
661, 25.000000000000004, 73.00000000000001, 1.0000000000000002, 1, 0.0005451900715542681, 0
662, 26.999999999999996, 73.00000000000001, 1.0000000000000002, 1, 0.0005953830789345245, 0
664, 31.000000000000004, 73.00000000000001, 1.0000000000000002, 1, 0.00015651300723822206, 0
665, 33.0, 73.00000000000001, 1.0000000000000002, 1, 0.00014344855157307298, 0
666, 35.00000000000001, 73.00000000000001, 1.0000000000000002, 1, 0.00016156454359128277, 0
680, 26.999999999999996, 75.0, 1.0000000000000002, 1, 0.0007103997951548042, 0
682, 31.000000000000004, 75.0, 1.0000000000000002, 1, 0.00014787126568914028, 0
683, 33.0, 75.0, 1.0000000000000002, 1, 0.000147605501367454, 0
684, 35.00000000000001, 75.0, 1.0000000000000002, 1, 0.0001626459176832624, 0
698, 26.999999999999996, 77.00000000000001, 1.0000000000000002, 1, 0.0008668694907338083, 0
700, 31.000000000000004, 77.00000000000001, 1.0000000000000002, 1, 0.0001684580333427188, 0
701, 33.0, 77.00000000000001, 1.0000000000000002, 1, 0.00016319926239375903, 0
702, 35.00000000000001, 77.00000000000001, 1.0000000000000002, 1, 0.00014036322058058668, 0
716, 26.999999999999996, 79.00000000000001, 1.0000000000000002, 1, 0.000959327897891418, 0
718, 31.000000000000004, 79.00000000000001, 1.0000000000000002, 1, 0.00020292434727684042, 0
719, 33.0, 79.00000000000001, 1.0000000000000002, 1, 0.00015267149532309022, 0
720, 35.00000000000001, 79.00000000000001, 1.0000000000000002, 0, 0.00012315544622211864, 0
734, 26.999999999999996, 81.0, 1.0000000000000002, 1, 0.0010357294405558507, 0
736, 31.000000000000004, 81.0, 1.0000000000000002, 1, 0.0002118524195702189, 0
737, 33.0, 81.0, 1.0000000000000002, 1, 0.0001533345377194725, 0
738, 35.00000000000001, 81.0, 1.0000000000000002, 0, 9.090711995873437e-05, 0
752, 26.999999999999996, 83.00000000000001, 1.0000000000000002, 1, 0.00109532641279282, 0
754, 31.000000000000004, 83.00000000000001, 1.0000000000000002, 1, 0.00021326238129670242, 0
755, 33.0, 83.00000000000001, 1.0000000000000002, 1, 0.000150489712688135, 0
756, 35.00000000000001, 83.00000000000001, 1.0000000000000002, 0, 8.491921107323545e-05, 0
770, 26.999999999999996, 85.00000000000001, 1.0000000000000002, 1, 0.001056216722728967, 0
772, 31.000000000000004, 85.00000000000001, 1.0000000000000002, 1, 0.00021262707635186755, 0
773, 33.0, 85.00000000000001, 1.0000000000000002, 1, 0.00014778875187772866, 0
774, 35.00000000000001, 85.00000000000001, 1.0000000000000002, 0, 7.917379052093823e-05, 0
780, 11.000000000000002, 87.0, 1.0000000000000002, 1, 0.0007237163698712247, 0
781, 13.0, 87.0, 1.0000000000000002, 1, 0.0006991770729744447, 0
782, 15.0, 87.0, 1.0000000000000002, 1, 0.00065567023076937, 0
783, 17.000000000000004, 87.0, 1.0000000000000002, 1, 0.0006598791514353943, 0
784, 19.000000000000004, 87.0, 1.0000000000000002, 1, 0.0006764639675457089, 0
785, 21.000000000000004, 87.0, 1.0000000000000002, 1, 0.0007079643399989604, 0
786, 23.0, 87.0, 1.0000000000000002, 1, 0.000767024300152307, 0
787, 25.000000000000004, 87.0, 1.0000000000000002, 1, 0.0009078958017371482, 0
788, 26.999999999999996, 87.0, 1.0000000000000002, 1, 0.0009883247704001224, 0
790, 31.000000000000004, 87.0, 1.0000000000000002, 1, 0.0002215365340830516, 0
791, 33.0, 87.0, 1.0000000000000002, 1, 0.0001565995017826687, 0
792, 35.00000000000001, 87.0, 1.0000000000000002, 0, 8.19584586789623e-05, 0
798, 11.000000000000002, 89.00000000000001, 1.0000000000000002, 1, 0.0007302117568805339, 0
799, 13.0, 89.00000000000001, 1.0000000000000002, 1, 0.0007005404887512766, 0
800, 15.0, 89.00000000000001, 1.0000000000000002, 1, 0.0006647956795326422, 0
801, 17.000000000000004, 89.00000000000001, 1.0000000000000002, 1, 0.0006681624842904379, 0
802, 19.000000000000004, 89.00000000000001, 1.0000000000000002, 1, 0.0006804953572324289, 0
803, 21.000000000000004, 89.00000000000001, 1.0000000000000002, 1, 0.0007030048525848351, 0
804, 23.0, 89.00000000000001, 1.0000000000000002, 1, 0.0007452569241615645, 0
805, 25.000000000000004, 89.00000000000001, 1.0000000000000002, 1, 0.0008348046864059157, 0
806, 26.999999999999996, 89.00000000000001, 1.0000000000000002, 1, 0.0008951374761316018, 0
808, 31.000000000000004, 89.00000000000001, 1.0000000000000002, 1, 0.00024944338515722997, 0
809, 33.0, 89.00000000000001, 1.0000000000000002, 1, 0.00014411410088082, 0
810, 35.00000000000001, 89.00000000000001, 1.0000000000000002, 0, 6.852034039365689e-05, 0
816, 11.000000000000002, 91.00000000000001, 1.0000000000000002, 1, 0.0007291022077783801, 0
817, 13.0, 91.00000000000001, 1.0000000000000002, 1, 0.0007075100259816844, 0
818, 15.0, 91.00000000000001, 1.0000000000000002, 1, 0.0006816953772651418, 0
819, 17.000000000000004, 91.00000000000001, 1.0000000000000002, 1, 0.0006833608577377433, 0
820, 19.000000000000004, 91.00000000000001, 1.0000000000000002, 1, 0.0006873685763732135, 0
821, 21.000000000000004, 91.00000000000001, 1.0000000000000002, 1, 0.0006921400452186979, 0
822, 23.0, 91.00000000000001, 1.0000000000000002, 1, 0.0007010267611752441, 0
823, 25.000000000000004, 91.00000000000001, 1.0000000000000002, 1, 0.0007309024124564548, 0
824, 26.999999999999996, 91.00000000000001, 1.0000000000000002, 1, 0.0007512142652233179, 0
826, 31.000000000000004, 91.00000000000001, 1.0000000000000002, 1, 0.00015219692152292433, 0
827, 33.0, 91.00000000000001, 1.0000000000000002, 0, 0.00011685557428406891, 0
828, 35.00000000000001, 91.00000000000001, 1.0000000000000002, 0, 2.5904628652107006e-05, 0
834, 11.000000000000002, 93.0, 1.0000000000000002, 1, 0.0007165970488588782, 0
835, 13.0, 93.0, 1.0000000000000002, 1, 0.000705936942656839, 0
836, 15.0, 93.0, 1.0000000000000002, 1, 0.000692233714467808, 0
837, 17.000000000000004, 93.0, 1.0000000000000002, 1, 0.0006926741364524781, 0
838, 19.000000000000004, 93.0, 1.0000000000000002, 1, 0.0006883364898293142, 0
839, 21.000000000000004, 93.0, 1.0000000000000002, 1, 0.0006749132497018435, 0
840, 23.0, 93.0, 1.0000000000000002, 1, 0.0006483516998525336, 0
841, 25.000000000000004, 93.0, 1.0000000000000002, 1, 0.0006124527411242109, 0
842, 26.999999999999996, 93.0, 1.0000000000000002, 1, 0.0005960102339966122, 0
844, 31.000000000000004, 93.0, 1.0000000000000002, 0, 8.844351478831726e-05, 0
845, 33.0, 93.0, 1.0000000000000002, 0, 3.259194069664741e-05, 0
846, 35.00000000000001, 93.0, 1.0000000000000002, 0, 5.847214043112145e-10, 0
852, 11.000000000000002, 95.00000000000001, 1.0000000000000002, 1, 0.0007108189506482565, 0
853, 13.0, 95.00000000000001, 1.0000000000000002, 1, 0.0007026644712286678, 0
854, 15.0, 95.00000000000001, 1.0000000000000002, 1, 0.0006960400600194884, 0
855, 17.000000000000004, 95.00000000000001, 1.0000000000000002, 1, 0.0006960553188348469, 0
856, 19.000000000000004, 95.00000000000001, 1.0000000000000002, 1, 0.0006870689734792486, 0
857, 21.000000000000004, 95.00000000000001, 1.0000000000000002, 1, 0.000663345667649633, 0
858, 23.0, 95.00000000000001, 1.0000000000000002, 1, 0.000616863206111632, 0
859, 25.000000000000004, 95.00000000000001, 1.0000000000000002, 1, 0.0005457131796223369, 0
860, 26.999999999999996, 95.00000000000001, 1.0000000000000002, 1, 0.000512792072148906, 0
862, 31.000000000000004, 95.00000000000001, 1.0000000000000002, 0, 1.4472023287289853e-09, 0
863, 33.0, 95.00000000000001, 1.0000000000000002, 0, 1.1962538012956232e-09, 0
864, 35.00000000000001, 95.00000000000001, 1.0000000000000002, 0, 5.890802550012417e-10, 0
865, 1.0000000000000002, 1.0000000000000002, 3.0000000000000004, 0, 1.1313581182772829e-09, 0
866, 3.0, 1.0000000000000002, 3.0000000000000004, 0, 1.19702140681479e-09, 0
883, 1.0000000000000002, 3.0000000000000004, 3.0000000000000004, 0, 1.6881258349495885e-09, 0
884, 3.0, 3.0000000000000004, 3.0000000000000004, 0, 1.7756996757184606e-09, 0
901, 1.0000000000000002, 5.000000000000001, 3.0000000000000004, 0, 2.302974584461375e-09, 0
902, 3.0, 5.000000000000001, 3.0000000000000004, 0, 2.3728732101407546e-09, 0
924, 11.000000000000002, 7.000000000000001, 3.0000000000000004, 1, 0.00048134943415865976, 0
925, 13.0, 7.000000000000001, 3.0000000000000004, 1, 0.0005188305485002907, 0
926, 15.0, 7.000000000000001, 3.0000000000000004, 1, 0.0005726495837473993, 0
927, 17.000000000000004, 7.000000000000001, 3.0000000000000004, 1, 0.0005592582399670842, 0
928, 19.000000000000004, 7.000000000000001, 3.0000000000000004, 1, 0.000472402274236731, 0
929, 21.000000000000004, 7.000000000000001, 3.0000000000000004, 1, 0.00034852213612628167, 0
930, 23.0, 7.000000000000001, 3.0000000000000004, 1, 0.0002521532237298058, 0
931, 25.000000000000004, 7.000000000000001, 3.0000000000000004, 1, 0.00021820906304792303, 0
932, 26.999999999999996, 7.000000000000001, 3.0000000000000004, 1, 0.00021818889449652884, 0
934, 31.000000000000004, 7.000000000000001, 3.0000000000000004, 0, 1.0374895099883057e-09, 0
935, 33.0, 7.000000000000001, 3.0000000000000004, 0, 9.422343600298823e-10, 0
936, 35.00000000000001, 7.000000000000001, 3.0000000000000004, 0, 8.156684663826267e-10, 0
942, 11.000000000000002, 9.000000000000002, 3.0000000000000004, 1, 0.0004392725224573494, 0
943, 13.0, 9.000000000000002, 3.0000000000000004, 1, 0.00047611006247512785, 0
944, 15.0, 9.000000000000002, 3.0000000000000004, 1, 0.0005187824486588956, 0
945, 17.000000000000004, 9.000000000000002, 3.0000000000000004, 1, 0.0005078264687120788, 0
946, 19.000000000000004, 9.000000000000002, 3.0000000000000004, 1, 0.0004300078870111343, 0
947, 21.000000000000004, 9.000000000000002, 3.0000000000000004, 1, 0.0003305247946025848, 0
948, 23.0, 9.000000000000002, 3.0000000000000004, 1, 0.00025909034068326536, 0
949, 25.000000000000004, 9.000000000000002, 3.0000000000000004, 1, 0.0002228091097203316, 0
950, 26.999999999999996, 9.000000000000002, 3.0000000000000004, 1, 0.00021512530539281885, 0
952, 31.000000000000004, 9.000000000000002, 3.0000000000000004, 0, 1.047050118497973e-09, 0
953, 33.0, 9.000000000000002, 3.0000000000000004, 0, 9.2184319017816e-10, 0
954, 35.00000000000001, 9.000000000000002, 3.0000000000000004, 0, 7.942543335967665e-10, 0
960, 11.000000000000002, 11.0, 3.0000000000000004, 1, 0.0003689706179775281, 0
961, 13.0, 11.0, 3.0000000000000004, 1, 0.000389685758999721, 0
962, 15.0, 11.0, 3.0000000000000004, 1, 0.00041538910018606496, 0
963, 17.000000000000004, 11.0, 3.0000000000000004, 1, 0.0004077166297086342, 0
964, 19.000000000000004, 11.0, 3.0000000000000004, 1, 0.0003450454720194412, 0
965, 21.000000000000004, 11.0, 3.0000000000000004, 1, 0.00026642244450478226, 0
966, 23.0, 11.0, 3.0000000000000004, 1, 0.0001765470173316963, 0
967, 25.000000000000004, 11.0, 3.0000000000000004, 1, 0.00015992265882997018, 0
968, 26.999999999999996, 11.0, 3.0000000000000004, 1, 0.0001403764138871966, 0
970, 31.000000000000004, 11.0, 3.0000000000000004, 0, 1.020407897172989e-09, 0
971, 33.0, 11.0, 3.0000000000000004, 0, 8.925210815889565e-10, 0
972, 35.00000000000001, 11.0, 3.0000000000000004, 0, 7.634166808700204e-10, 0
978, 11.000000000000002, 13.0, 3.0000000000000004, 1, 0.0002908825067720198, 0
979, 13.0, 13.0, 3.0000000000000004, 1, 0.00030185271493011025, 0
980, 15.0, 13.0, 3.0000000000000004, 1, 0.0003190408061534887, 0
981, 17.000000000000004, 13.0, 3.0000000000000004, 1, 0.00031616296760354453, 0
982, 19.000000000000004, 13.0, 3.0000000000000004, 1, 0.0002622318736322894, 0
983, 21.000000000000004, 13.0, 3.0000000000000004, 1, 0.00016919011524757374, 0
984, 23.0, 13.0, 3.0000000000000004, 0, 0.00011437893174595976, 0
985, 25.000000000000004, 13.0, 3.0000000000000004, 0, 7.666819427672504e-05, 0
986, 26.999999999999996, 13.0, 3.0000000000000004, 0, 7.225743092809136e-05, 0
988, 31.000000000000004, 13.0, 3.0000000000000004, 0, 9.601957279884633e-10, 0
989, 33.0, 13.0, 3.0000000000000004, 0, 8.669648387729447e-10, 0
990, 35.00000000000001, 13.0, 3.0000000000000004, 0, 7.735198199383453e-10, 0
996, 11.000000000000002, 14.999999999999998, 3.0000000000000004, 1, 0.00021795119610354286, 0
997, 13.0, 14.999999999999998, 3.0000000000000004, 1, 0.00022784433636425724, 0
998, 15.0, 14.999999999999998, 3.0000000000000004, 1, 0.00026012918253132686, 0
999, 17.000000000000004, 14.999999999999998, 3.0000000000000004, 1, 0.00025713874737542345, 0
1000, 19.000000000000004, 14.999999999999998, 3.0000000000000004, 1, 0.00016608039268726984, 0
1001, 21.000000000000004, 14.999999999999998, 3.0000000000000004, 0, 7.848923629548188e-05, 0
1002, 23.0, 14.999999999999998, 3.0000000000000004, 0, 1.3462865823617139e-05, 0
1003, 25.000000000000004, 14.999999999999998, 3.0000000000000004, 0, 1.7317379714326749e-09, 0
1004, 26.999999999999996, 14.999999999999998, 3.0000000000000004, 0, 1.39578060103756e-09, 0
1006, 31.000000000000004, 14.999999999999998, 3.0000000000000004, 0, 8.986326546983961e-10, 0
1007, 33.0, 14.999999999999998, 3.0000000000000004, 0, 8.474832203767391e-10, 0
1008, 35.00000000000001, 14.999999999999998, 3.0000000000000004, 0, 7.94967109102668e-10, 0
1014, 11.000000000000002, 17.0, 3.0000000000000004, 1, 0.00016702184942736623, 0
1015, 13.0, 17.0, 3.0000000000000004, 1, 0.0001875044923026645, 0
1016, 15.0, 17.0, 3.0000000000000004, 1, 0.00023269822043226873, 0
1017, 17.000000000000004, 17.0, 3.0000000000000004, 1, 0.0001803050144545421, 0
1018, 19.000000000000004, 17.0, 3.0000000000000004, 0, 0.00012078538104750522, 0
1019, 21.000000000000004, 17.0, 3.0000000000000004, 0, 1.7608267860983426e-05, 0
1020, 23.0, 17.0, 3.0000000000000004, 0, 2.1400108569234267e-09, 0
1021, 25.000000000000004, 17.0, 3.0000000000000004, 0, 1.7803838170264326e-09, 0
1022, 26.999999999999996, 17.0, 3.0000000000000004, 0, 1.5448678709375973e-09, 0
1024, 31.000000000000004, 17.0, 3.0000000000000004, 0, 8.567205436761894e-10, 0
1025, 33.0, 17.0, 3.0000000000000004, 0, 8.356034964529949e-10, 0
1026, 35.00000000000001, 17.0, 3.0000000000000004, 0, 8.126333579054664e-10, 0
1032, 11.000000000000002, 19.000000000000004, 3.0000000000000004, 1, 0.00014364744047606193, 0
1033, 13.0, 19.000000000000004, 3.0000000000000004, 1, 0.00018526572420672453, 0
1034, 15.0, 19.000000000000004, 3.0000000000000004, 1, 0.00020887008164580906, 0
1035, 17.000000000000004, 19.000000000000004, 3.0000000000000004, 1, 0.00015063750052602038, 0
1036, 19.000000000000004, 19.000000000000004, 3.0000000000000004, 0, 5.190080375473589e-05, 0
1037, 21.000000000000004, 19.000000000000004, 3.0000000000000004, 0, 2.3586471800098213e-09, 0
1038, 23.0, 19.000000000000004, 3.0000000000000004, 0, 2.115563969489031e-09, 0
1039, 25.000000000000004, 19.000000000000004, 3.0000000000000004, 0, 1.78890451560631e-09, 0
1040, 26.999999999999996, 19.000000000000004, 3.0000000000000004, 0, 1.639319560127192e-09, 0
1042, 31.000000000000004, 19.000000000000004, 3.0000000000000004, 0, 8.317009884396766e-10, 0
1043, 33.0, 19.000000000000004, 3.0000000000000004, 0, 8.265669407537189e-10, 0
1044, 35.00000000000001, 19.000000000000004, 3.0000000000000004, 0, 8.203930710695755e-10, 0
1050, 11.000000000000002, 21.0, 3.0000000000000004, 1, 0.0001700819630452558, 0
1051, 13.0, 21.0, 3.0000000000000004, 1, 0.00020412434034759828, 0
1052, 15.0, 21.0, 3.0000000000000004, 1, 0.00015389956849450948, 0
1053, 17.000000000000004, 21.0, 3.0000000000000004, 0, 8.978221315983412e-05, 0
1054, 19.000000000000004, 21.0, 3.0000000000000004, 0, 1.1359967305365697e-05, 0
1055, 21.000000000000004, 21.0, 3.0000000000000004, 0, 2.3067367695956023e-09, 0
1056, 23.0, 21.0, 3.0000000000000004, 0, 2.087398563066643e-09, 0
1057, 25.000000000000004, 21.0, 3.0000000000000004, 0, 1.845662719675086e-09, 0
1058, 26.999999999999996, 21.0, 3.0000000000000004, 0, 1.725673603068073e-09, 0
1060, 31.000000000000004, 21.0, 3.0000000000000004, 0, 8.12921296159739e-10, 0
1061, 33.0, 21.0, 3.0000000000000004, 0, 8.167986748879407e-10, 0
1062, 35.00000000000001, 21.0, 3.0000000000000004, 0, 8.193621187101555e-10, 0
1068, 11.000000000000002, 23.000000000000004, 3.0000000000000004, 1, 0.00020369762683740866, 0
1069, 13.0, 23.000000000000004, 3.0000000000000004, 1, 0.00015591251158147913, 0
1070, 15.0, 23.000000000000004, 3.0000000000000004, 0, 0.00013523562960576416, 0
1071, 17.000000000000004, 23.000000000000004, 3.0000000000000004, 0, 2.710341924295482e-05, 0
1072, 19.000000000000004, 23.000000000000004, 3.0000000000000004, 0, 2.2020485818984595e-09, 0
1073, 21.000000000000004, 23.000000000000004, 3.0000000000000004, 0, 2.1442219123475885e-09, 0
1074, 23.0, 23.000000000000004, 3.0000000000000004, 0, 1.998552372731156e-09, 0
1075, 25.000000000000004, 23.000000000000004, 3.0000000000000004, 0, 1.8653996780064985e-09, 0
1076, 26.999999999999996, 23.000000000000004, 3.0000000000000004, 0, 1.7923204915072763e-09, 0
1078, 31.000000000000004, 23.000000000000004, 3.0000000000000004, 0, 7.958619048680499e-10, 0
1079, 33.0, 23.000000000000004, 3.0000000000000004, 0, 8.04449555686727e-10, 0
1080, 35.00000000000001, 23.000000000000004, 3.0000000000000004, 0, 8.114513577793801e-10, 0
1081, 1.0000000000000002, 25.000000000000004, 3.0000000000000004, 0, 1.5795334207676964e-09, 0
1082, 3.0, 25.000000000000004, 3.0000000000000004, 0, 1.5900244646705242e-09, 0
1083, 5.0, 25.000000000000004, 3.0000000000000004, 0, 1.2905039563700865e-09, 0
1085, 9.0, 25.000000000000004, 3.0000000000000004, 1, 0.00024783879590574117, 0
1086, 11.000000000000002, 25.000000000000004, 3.0000000000000004, 1, 0.00021008590214409548, 0
1087, 13.0, 25.000000000000004, 3.0000000000000004, 1, 0.00013801930271959572, 0
1088, 15.0, 25.000000000000004, 3.0000000000000004, 0, 5.325612832469051e-05, 0
1089, 17.000000000000004, 25.000000000000004, 3.0000000000000004, 0, 6.212689010560604e-07, 0
1090, 19.000000000000004, 25.000000000000004, 3.0000000000000004, 0, 1.8354696788804382e-09, 0
1091, 21.000000000000004, 25.000000000000004, 3.0000000000000004, 0, 1.8306198422052192e-09, 0
1092, 23.0, 25.000000000000004, 3.0000000000000004, 0, 1.853243236998148e-09, 0
1093, 25.000000000000004, 25.000000000000004, 3.0000000000000004, 0, 1.8432504674130698e-09, 0
1094, 26.999999999999996, 25.000000000000004, 3.0000000000000004, 0, 1.8291828886876202e-09, 0
1096, 31.000000000000004, 25.000000000000004, 3.0000000000000004, 0, 7.773454555511583e-10, 0
1097, 33.0, 25.000000000000004, 3.0000000000000004, 0, 7.888351354957114e-10, 0
1098, 35.00000000000001, 25.000000000000004, 3.0000000000000004, 0, 7.995373387343875e-10, 0
1099, 1.0000000000000002, 27.0, 3.0000000000000004, 0, 1.3434676877037598e-09, 0
1100, 3.0, 27.0, 3.0000000000000004, 0, 1.1874078422222009e-09, 0
1101, 5.0, 27.0, 3.0000000000000004, 0, 1.0770085263667937e-09, 0
1103, 9.0, 27.0, 3.0000000000000004, 1, 0.000264356224202761, 0
1104, 11.000000000000002, 27.0, 3.0000000000000004, 1, 0.00020534526749157227, 0
1105, 13.0, 27.0, 3.0000000000000004, 0, 0.00012556767325452232, 0
1106, 15.0, 27.0, 3.0000000000000004, 0, 2.5245135159881496e-05, 0
1107, 17.000000000000004, 27.0, 3.0000000000000004, 0, 1.4834924496881425e-09, 0
1108, 19.000000000000004, 27.0, 3.0000000000000004, 0, 1.5282230765632411e-09, 0
1109, 21.000000000000004, 27.0, 3.0000000000000004, 0, 1.6196310536727754e-09, 0
1110, 23.0, 27.0, 3.0000000000000004, 0, 1.728888970436594e-09, 0
1111, 25.000000000000004, 27.0, 3.0000000000000004, 0, 1.8108066394006326e-09, 0
1112, 26.999999999999996, 27.0, 3.0000000000000004, 0, 1.8521613724627947e-09, 0
1114, 31.000000000000004, 27.0, 3.0000000000000004, 0, 7.582383574802598e-10, 0
1115, 33.0, 27.0, 3.0000000000000004, 0, 7.711970248070445e-10, 0
1116, 35.00000000000001, 27.0, 3.0000000000000004, 0, 7.837239215790199e-10, 0
1117, 1.0000000000000002, 28.999999999999996, 3.0000000000000004, 0, 7.244852214275587e-10, 0
1118, 3.0, 28.999999999999996, 3.0000000000000004, 0, 7.024699579365652e-10, 0
1119, 5.0, 28.999999999999996, 3.0000000000000004, 0, 6.802296694135299e-10, 0
1121, 9.0, 28.999999999999996, 3.0000000000000004, 1, 0.00027453607360637406, 0
1122, 11.000000000000002, 28.999999999999996, 3.0000000000000004, 1, 0.00023950045044205445, 0
1123, 13.0, 28.999999999999996, 3.0000000000000004, 1, 0.0001513120826652833, 0
1124, 15.0, 28.999999999999996, 3.0000000000000004, 0, 8.939823747581995e-05, 0
1125, 17.000000000000004, 28.999999999999996, 3.0000000000000004, 0, 2.3189612023272117e-05, 0
1126, 19.000000000000004, 28.999999999999996, 3.0000000000000004, 0, 1.2825834063096255e-09, 0
1127, 21.000000000000004, 28.999999999999996, 3.0000000000000004, 0, 1.4298243701036546e-09, 0
1128, 23.0, 28.999999999999996, 3.0000000000000004, 0, 1.6391887073395732e-09, 0
1129, 25.000000000000004, 28.999999999999996, 3.0000000000000004, 0, 1.7940719945861372e-09, 0
1130, 26.999999999999996, 28.999999999999996, 3.0000000000000004, 0, 1.8957881588349262e-09, 0
1132, 31.000000000000004, 28.999999999999996, 3.0000000000000004, 0, 7.407261822293449e-10, 0
1133, 33.0, 28.999999999999996, 3.0000000000000004, 0, 7.536112678309529e-10, 0
1134, 35.00000000000001, 28.999999999999996, 3.0000000000000004, 0, 7.669997093840014e-10, 0
1135, 1.0000000000000002, 31.000000000000004, 3.0000000000000004, 0, 4.5907159838197066e-10, 0
1136, 3.0, 31.000000000000004, 3.0000000000000004, 0, 4.0505959019269025e-10, 0
1137, 5.0, 31.000000000000004, 3.0000000000000004, 0, 3.543743000500009e-10, 0
1139, 9.0, 31.000000000000004, 3.0000000000000004, 1, 0.00018323684089701384, 0
1140, 11.000000000000002, 31.000000000000004, 3.0000000000000004, 1, 0.00020414613076084344, 0
1141, 13.0, 31.000000000000004, 3.0000000000000004, 1, 0.0002246285184137439, 0
1142, 15.0, 31.000000000000004, 3.0000000000000004, 1, 0.00017414237952214002, 0
1143, 17.000000000000004, 31.000000000000004, 3.0000000000000004, 0, 0.00013014307144506454, 0
1144, 19.000000000000004, 31.000000000000004, 3.0000000000000004, 0, 4.591680815442633e-05, 0
1145, 21.000000000000004, 31.000000000000004, 3.0000000000000004, 0, 7.945544744038126e-06, 0
1146, 23.0, 31.000000000000004, 3.0000000000000004, 0, 1.551193273226884e-09, 0
1147, 25.000000000000004, 31.000000000000004, 3.0000000000000004, 0, 1.8588165433920062e-09, 0
1148, 26.999999999999996, 31.000000000000004, 3.0000000000000004, 0, 2.0366650500973797e-09, 0
1150, 31.000000000000004, 31.000000000000004, 3.0000000000000004, 0, 7.253721378674312e-10, 0
1151, 33.0, 31.000000000000004, 3.0000000000000004, 0, 7.388745161924251e-10, 0
1152, 35.00000000000001, 31.000000000000004, 3.0000000000000004, 0, 7.531115747088128e-10, 0
1153, 1.0000000000000002, 33.00000000000001, 3.0000000000000004, 0, 3.148675389281652e-10, 0
1154, 3.0, 33.00000000000001, 3.0000000000000004, 0, 2.671454603860095e-10, 0
1155, 5.0, 33.00000000000001, 3.0000000000000004, 0, 2.1987897231328434e-10, 0
1157, 9.0, 33.00000000000001, 3.0000000000000004, 0, 0.00010241852328899884, 0
1158, 11.000000000000002, 33.00000000000001, 3.0000000000000004, 1, 0.00013409183679085354, 0
1159, 13.0, 33.00000000000001, 3.0000000000000004, 1, 0.0001804427491973674, 0
1160, 15.0, 33.00000000000001, 3.0000000000000004, 1, 0.0002447468892004553, 0
1161, 17.000000000000004, 33.00000000000001, 3.0000000000000004, 1, 0.00018991888089831316, 0
1162, 19.000000000000004, 33.00000000000001, 3.0000000000000004, 1, 0.00014236653978139064, 0
1163, 21.000000000000004, 33.00000000000001, 3.0000000000000004, 0, 6.442377697293996e-05, 0
1164, 23.0, 33.00000000000001, 3.0000000000000004, 0, 1.5538285175282517e-05, 0
1165, 25.000000000000004, 33.00000000000001, 3.0000000000000004, 0, 1.98348322889849e-09, 0
1166, 26.999999999999996, 33.00000000000001, 3.0000000000000004, 0, 2.3954553573487926e-09, 0
1168, 31.000000000000004, 33.00000000000001, 3.0000000000000004, 0, 7.134970292157162e-10, 0
1169, 33.0, 33.00000000000001, 3.0000000000000004, 0, 7.303841256674868e-10, 0
1170, 35.00000000000001, 33.00000000000001, 3.0000000000000004, 0, 7.478569350298877e-10, 0
1171, 1.0000000000000002, 35.0, 3.0000000000000004, 0, 2.1912968656160387e-10, 0
1172, 3.0, 35.0, 3.0000000000000004, 0, 1.8847301007713613e-10, 0
1173, 5.0, 35.0, 3.0000000000000004, 0, 1.5673381697868202e-10, 0
1175, 9.0, 35.0, 3.0000000000000004, 0, 1.1824063588197612e-05, 0
1176, 11.000000000000002, 35.0, 3.0000000000000004, 0, 4.1479558018643636e-05, 0
1177, 13.0, 35.0, 3.0000000000000004, 0, 0.00010828061875113113, 0
1178, 15.0, 35.0, 3.0000000000000004, 1, 0.00016274919453718463, 0
1179, 17.000000000000004, 35.0, 3.0000000000000004, 1, 0.00022644681200337846, 0
1180, 19.000000000000004, 35.0, 3.0000000000000004, 1, 0.00022461115346550847, 0
1181, 21.000000000000004, 35.0, 3.0000000000000004, 1, 0.00015794896424930322, 0
1182, 23.0, 35.0, 3.0000000000000004, 0, 0.00010056634779021661, 0
1183, 25.000000000000004, 35.0, 3.0000000000000004, 0, 3.6473082006961715e-05, 0
1184, 26.999999999999996, 35.0, 3.0000000000000004, 0, 9.613882375192158e-06, 0
1186, 31.000000000000004, 35.0, 3.0000000000000004, 0, 7.106123046661128e-10, 0
1187, 33.0, 35.0, 3.0000000000000004, 0, 7.319367459651195e-10, 0
1188, 35.00000000000001, 35.0, 3.0000000000000004, 0, 7.551959890481108e-10, 0
1189, 1.0000000000000002, 37.00000000000001, 3.0000000000000004, 0, 1.5349810478868609e-10, 0
1190, 3.0, 37.00000000000001, 3.0000000000000004, 0, 1.3846068254464066e-10, 0
1191, 5.0, 37.00000000000001, 3.0000000000000004, 0, 1.241849504496053e-10, 0
1193, 9.0, 37.00000000000001, 3.0000000000000004, 0, 1.1510539268847774e-09, 0
1194, 11.000000000000002, 37.00000000000001, 3.0000000000000004, 0, 1.0041937523941382e-09, 0
1195, 13.0, 37.00000000000001, 3.0000000000000004, 0, 1.6198608358851904e-05, 0
1196, 15.0, 37.00000000000001, 3.0000000000000004, 0, 6.576895067743764e-05, 0
1197, 17.000000000000004, 37.00000000000001, 3.0000000000000004, 1, 0.00014352087133952542, 0
1198, 19.000000000000004, 37.00000000000001, 3.0000000000000004, 1, 0.0001872165037452125, 0
1199, 21.000000000000004, 37.00000000000001, 3.0000000000000004, 1, 0.00023637729281194945, 0
1200, 23.0, 37.00000000000001, 3.0000000000000004, 1, 0.00016812880773608307, 0
1201, 25.000000000000004, 37.00000000000001, 3.0000000000000004, 0, 0.00013664649530485015, 0
1202, 26.999999999999996, 37.00000000000001, 3.0000000000000004, 0, 0.00012910478064726466, 0
1204, 31.000000000000004, 37.00000000000001, 3.0000000000000004, 0, 7.793954340844693e-10, 0
1205, 33.0, 37.00000000000001, 3.0000000000000004, 0, 7.595792389196464e-10, 0
1206, 35.00000000000001, 37.00000000000001, 3.0000000000000004, 0, 7.684370354414603e-10, 0
1207, 1.0000000000000002, 39.00000000000001, 3.0000000000000004, 0, 1.1344099780147654e-10, 0
1208, 3.0, 39.00000000000001, 3.0000000000000004, 0, 1.0879692047035887e-10, 0
1209, 5.0, 39.00000000000001, 3.0000000000000004, 0, 1.045859341119774e-10, 0
1211, 9.0, 39.00000000000001, 3.0000000000000004, 0, 1.3058288275712292e-09, 0
1212, 11.000000000000002, 39.00000000000001, 3.0000000000000004, 0, 1.1815136364103733e-09, 0
1213, 13.0, 39.00000000000001, 3.0000000000000004, 0, 9.812828250418088e-10, 0
1214, 15.0, 39.00000000000001, 3.0000000000000004, 0, 7.90605742757414e-06, 0
1215, 17.000000000000004, 39.00000000000001, 3.0000000000000004, 0, 4.604637387797039e-05, 0
1216, 19.000000000000004, 39.00000000000001, 3.0000000000000004, 0, 0.00012900332291224543, 0
1217, 21.000000000000004, 39.00000000000001, 3.0000000000000004, 1, 0.00016820073758561384, 0
1218, 23.0, 39.00000000000001, 3.0000000000000004, 1, 0.00021286283381296482, 0
1219, 25.000000000000004, 39.00000000000001, 3.0000000000000004, 1, 0.00021904644150971779, 0
1220, 26.999999999999996, 39.00000000000001, 3.0000000000000004, 1, 0.00021075562479678646, 0
1222, 31.000000000000004, 39.00000000000001, 3.0000000000000004, 0, 8.35045188143429e-10, 0
1223, 33.0, 39.00000000000001, 3.0000000000000004, 0, 8.073177009595737e-10, 0
1224, 35.00000000000001, 39.00000000000001, 3.0000000000000004, 0, 7.697072145907118e-10, 0
1225, 1.0000000000000002, 41.0, 3.0000000000000004, 0, 9.565657877200654e-11, 0
1226, 3.0, 41.0, 3.0000000000000004, 0, 9.451968898940438e-11, 0
1227, 5.0, 41.0, 3.0000000000000004, 0, 9.395457996084907e-11, 0
1229, 9.0, 41.0, 3.0000000000000004, 0, 1.4635430636460263e-09, 0
1230, 11.000000000000002, 41.0, 3.0000000000000004, 0, 1.367242548312063e-09, 0
1231, 13.0, 41.0, 3.0000000000000004, 0, 1.1926413374908422e-09, 0
1232, 15.0, 41.0, 3.0000000000000004, 0, 1.0141978820414172e-09, 0
1233, 17.000000000000004, 41.0, 3.0000000000000004, 0, 9.524838807998178e-10, 0
1234, 19.000000000000004, 41.0, 3.0000000000000004, 0, 2.2903644314263127e-05, 0
1235, 21.000000000000004, 41.0, 3.0000000000000004, 0, 8.946838140722392e-05, 0
1236, 23.0, 41.0, 3.0000000000000004, 1, 0.000143836033822624, 0
1237, 25.000000000000004, 41.0, 3.0000000000000004, 1, 0.00026535889203596033, 0
1238, 26.999999999999996, 41.0, 3.0000000000000004, 1, 0.00032292024753664513, 0
1240, 31.000000000000004, 41.0, 3.0000000000000004, 0, 8.796890821553851e-10, 0
1241, 33.0, 41.0, 3.0000000000000004, 0, 8.069708786448283e-10, 0
1242, 35.00000000000001, 41.0, 3.0000000000000004, 0, 7.460311925616285e-10, 0
1243, 1.0000000000000002, 43.00000000000001, 3.0000000000000004, 0, 9.167818155328298e-11, 0
1244, 3.0, 43.00000000000001, 3.0000000000000004, 0, 8.929569217082504e-11, 0
1245, 5.0, 43.00000000000001, 3.0000000000000004, 0, 9.155114623020551e-11, 0
1247, 9.0, 43.00000000000001, 3.0000000000000004, 0, 1.5830694112851604e-09, 0
1248, 11.000000000000002, 43.00000000000001, 3.0000000000000004, 0, 1.4885193808258558e-09, 0
1249, 13.0, 43.00000000000001, 3.0000000000000004, 0, 1.304678897988107e-09, 0
1250, 15.0, 43.00000000000001, 3.0000000000000004, 0, 1.103590625001322e-09, 0
1251, 17.000000000000004, 43.00000000000001, 3.0000000000000004, 0, 9.445706097808234e-10, 0
1252, 19.000000000000004, 43.00000000000001, 3.0000000000000004, 0, 9.248073271453712e-10, 0
1253, 21.000000000000004, 43.00000000000001, 3.0000000000000004, 0, 2.27148699589142e-05, 0
1254, 23.0, 43.00000000000001, 3.0000000000000004, 0, 0.00012237147972552512, 0
1255, 25.000000000000004, 43.00000000000001, 3.0000000000000004, 1, 0.00022898477600562158, 0
1256, 26.999999999999996, 43.00000000000001, 3.0000000000000004, 1, 0.00031977062729045096, 0
1258, 31.000000000000004, 43.00000000000001, 3.0000000000000004, 0, 8.524132796281637e-10, 0
1259, 33.0, 43.00000000000001, 3.0000000000000004, 0, 7.732898459522102e-10, 0
1260, 35.00000000000001, 43.00000000000001, 3.0000000000000004, 0, 7.194865434668757e-10, 0
1261, 1.0000000000000002, 45.00000000000001, 3.0000000000000004, 0, 8.874663838439992e-11, 0
1262, 3.0, 45.00000000000001, 3.0000000000000004, 0, 8.824195702887705e-11, 0
1263, 5.0, 45.00000000000001, 3.0000000000000004, 0, 9.314584942953132e-11, 0
1265, 9.0, 45.00000000000001, 3.0000000000000004, 0, 1.6469024718462756e-09, 0
1266, 11.000000000000002, 45.00000000000001, 3.0000000000000004, 0, 1.5484858502932583e-09, 0
1267, 13.0, 45.00000000000001, 3.0000000000000004, 0, 1.3700336866635715e-09, 0
1268, 15.0, 45.00000000000001, 3.0000000000000004, 0, 1.1892641564671443e-09, 0
1269, 17.000000000000004, 45.00000000000001, 3.0000000000000004, 0, 1.0320815954973636e-09, 0
1270, 19.000000000000004, 45.00000000000001, 3.0000000000000004, 0, 1.0418522195303492e-09, 0
1271, 21.000000000000004, 45.00000000000001, 3.0000000000000004, 0, 3.9881932238165955e-05, 0
1272, 23.0, 45.00000000000001, 3.0000000000000004, 1, 0.00013784276941005804, 0
1273, 25.000000000000004, 45.00000000000001, 3.0000000000000004, 1, 0.00024608994219703015, 0
1274, 26.999999999999996, 45.00000000000001, 3.0000000000000004, 1, 0.00029701431961154444, 0
1276, 31.000000000000004, 45.00000000000001, 3.0000000000000004, 0, 8.199463619822958e-10, 0
1277, 33.0, 45.00000000000001, 3.0000000000000004, 0, 7.335942094881374e-10, 0
1278, 35.00000000000001, 45.00000000000001, 3.0000000000000004, 0, 7.246964299702478e-10, 0
1279, 1.0000000000000002, 47.0, 3.0000000000000004, 0, 8.713902550764544e-11, 0
1280, 3.0, 47.0, 3.0000000000000004, 0, 8.897695086055047e-11, 0
1281, 5.0, 47.0, 3.0000000000000004, 0, 9.652296702712913e-11, 0
1283, 9.0, 47.0, 3.0000000000000004, 0, 1.6716409114583336e-09, 0
1284, 11.000000000000002, 47.0, 3.0000000000000004, 0, 1.5655218502012712e-09, 0
1285, 13.0, 47.0, 3.0000000000000004, 0, 1.3881600556418113e-09, 0
1286, 15.0, 47.0, 3.0000000000000004, 0, 1.26449089750582e-09, 0
1287, 17.000000000000004, 47.0, 3.0000000000000004, 0, 1.1483410745049226e-09, 0
1288, 19.000000000000004, 47.0, 3.0000000000000004, 0, 1.7023765621238645e-05, 0
1289, 21.000000000000004, 47.0, 3.0000000000000004, 0, 0.00010738440831544019, 0
1290, 23.0, 47.0, 3.0000000000000004, 1, 0.00016714024246040565, 0
1291, 25.000000000000004, 47.0, 3.0000000000000004, 1, 0.00024013751788330858, 0
1292, 26.999999999999996, 47.0, 3.0000000000000004, 1, 0.000244893341609891, 0
1294, 31.000000000000004, 47.0, 3.0000000000000004, 0, 7.766756228564457e-10, 0
1295, 33.0, 47.0, 3.0000000000000004, 0, 7.233664177579014e-10, 0
1296, 35.00000000000001, 47.0, 3.0000000000000004, 0, 7.841610693346087e-10, 0
1297, 1.0000000000000002, 49.0, 3.0000000000000004, 0, 9.425577117075576e-11, 0
1298, 3.0, 49.0, 3.0000000000000004, 0, 9.554141452230639e-11, 0
1299, 5.0, 49.0, 3.0000000000000004, 0, 1.0137369414729851e-10, 0
1301, 9.0, 49.0, 3.0000000000000004, 0, 1.674851395141964e-09, 0
1302, 11.000000000000002, 49.0, 3.0000000000000004, 0, 1.5612005269556424e-09, 0
1303, 13.0, 49.0, 3.0000000000000004, 0, 1.367694639702621e-09, 0
1304, 15.0, 49.0, 3.0000000000000004, 0, 1.305289971261832e-09, 0
1305, 17.000000000000004, 49.0, 3.0000000000000004, 0, 6.591196928376336e-06, 0
1306, 19.000000000000004, 49.0, 3.0000000000000004, 0, 6.333747306858621e-05, 0
1307, 21.000000000000004, 49.0, 3.0000000000000004, 1, 0.0001440683914322229, 0
1308, 23.0, 49.0, 3.0000000000000004, 1, 0.00023323034998329795, 0
1309, 25.000000000000004, 49.0, 3.0000000000000004, 1, 0.00022882771579251616, 0
1310, 26.999999999999996, 49.0, 3.0000000000000004, 1, 0.00019306394564191378, 0
1312, 31.000000000000004, 49.0, 3.0000000000000004, 0, 7.859143456163315e-10, 0
1313, 33.0, 49.0, 3.0000000000000004, 0, 7.71982998394618e-10, 0
1314, 35.00000000000001, 49.0, 3.0000000000000004, 0, 8.893565268749759e-10, 0
1315, 1.0000000000000002, 50.99999999999999, 3.0000000000000004, 0, 1.170837140157856e-10, 0
1316, 3.0, 50.99999999999999, 3.0000000000000004, 0, 1.111616254485768e-10, 0
1317, 5.0, 50.99999999999999, 3.0000000000000004, 0, 1.072568048136439e-10, 0
1319, 9.0, 50.99999999999999, 3.0000000000000004, 0, 1.6587858473072737e-09, 0
1320, 11.000000000000002, 50.99999999999999, 3.0000000000000004, 0, 1.5537961019309613e-09, 0
1321, 13.0, 50.99999999999999, 3.0000000000000004, 0, 1.3955783753597625e-09, 0
1322, 15.0, 50.99999999999999, 3.0000000000000004, 0, 1.3948300841639017e-09, 0
1323, 17.000000000000004, 50.99999999999999, 3.0000000000000004, 0, 4.406100340126417e-05, 0
1324, 19.000000000000004, 50.99999999999999, 3.0000000000000004, 1, 0.00014286370036951875, 0
1325, 21.000000000000004, 50.99999999999999, 3.0000000000000004, 1, 0.00022600303966881534, 0
1326, 23.0, 50.99999999999999, 3.0000000000000004, 1, 0.0002484218833342562, 0
1327, 25.000000000000004, 50.99999999999999, 3.0000000000000004, 1, 0.00017157879433494323, 0
1328, 26.999999999999996, 50.99999999999999, 3.0000000000000004, 0, 0.00013502951664491115, 0
1330, 31.000000000000004, 50.99999999999999, 3.0000000000000004, 0, 8.987039369771913e-10, 0
1331, 33.0, 50.99999999999999, 3.0000000000000004, 0, 8.900293271018668e-10, 0
1332, 35.00000000000001, 50.99999999999999, 3.0000000000000004, 0, 1.0397067640229809e-09, 0
1333, 1.0000000000000002, 53.0, 3.0000000000000004, 0, 1.5603386496861385e-10, 0
1334, 3.0, 53.0, 3.0000000000000004, 0, 1.3490384829100965e-10, 0
1335, 5.0, 53.0, 3.0000000000000004, 0, 1.1445957015069137e-10, 0
1337, 9.0, 53.0, 3.0000000000000004, 0, 1.5980890117655971e-09, 0
1338, 11.000000000000002, 53.0, 3.0000000000000004, 0, 1.6109553973663404e-09, 0
1339, 13.0, 53.0, 3.0000000000000004, 0, 1.6121882426396876e-09, 0
1340, 15.0, 53.0, 3.0000000000000004, 0, 2.7463056555467697e-05, 0
1341, 17.000000000000004, 53.0, 3.0000000000000004, 0, 0.00013691094689495157, 0
1342, 19.000000000000004, 53.0, 3.0000000000000004, 1, 0.00019325794900129723, 0
1343, 21.000000000000004, 53.0, 3.0000000000000004, 1, 0.00026440831590256967, 0
1344, 23.0, 53.0, 3.0000000000000004, 1, 0.00019451099068217676, 0
1345, 25.000000000000004, 53.0, 3.0000000000000004, 0, 0.00013204621657773033, 0
1346, 26.999999999999996, 53.0, 3.0000000000000004, 0, 5.102710968189811e-05, 0
1348, 31.000000000000004, 53.0, 3.0000000000000004, 0, 1.0593204027272916e-09, 0
1349, 33.0, 53.0, 3.0000000000000004, 0, 1.0559291411965831e-09, 0
1350, 35.00000000000001, 53.0, 3.0000000000000004, 0, 1.2192008532612919e-09, 0
1351, 1.0000000000000002, 55.0, 3.0000000000000004, 0, 2.0340091855567043e-10, 0
1352, 3.0, 55.0, 3.0000000000000004, 0, 1.6567181657746484e-10, 0
1353, 5.0, 55.0, 3.0000000000000004, 0, 1.2697483900418255e-10, 0
1355, 9.0, 55.0, 3.0000000000000004, 0, 1.6727230963441232e-09, 0
1356, 11.000000000000002, 55.0, 3.0000000000000004, 0, 1.9383630882136892e-09, 0
1357, 13.0, 55.0, 3.0000000000000004, 0, 1.55768428620677e-05, 0
1358, 15.0, 55.0, 3.0000000000000004, 0, 0.00010145404279944473, 0
1359, 17.000000000000004, 55.0, 3.0000000000000004, 1, 0.00017394401683516552, 0
1360, 19.000000000000004, 55.0, 3.0000000000000004, 1, 0.0002551493193755764, 0
1361, 21.000000000000004, 55.0, 3.0000000000000004, 1, 0.00022204796909953753, 0
1362, 23.0, 55.0, 3.0000000000000004, 1, 0.00013720191159973178, 0
1363, 25.000000000000004, 55.0, 3.0000000000000004, 0, 5.218997394495372e-05, 0
1364, 26.999999999999996, 55.0, 3.0000000000000004, 0, 4.041727593955095e-06, 0
1366, 31.000000000000004, 55.0, 3.0000000000000004, 0, 1.1696308206071567e-09, 0
1367, 33.0, 55.0, 3.0000000000000004, 0, 1.1974766893072816e-09, 0
1368, 35.00000000000001, 55.0, 3.0000000000000004, 0, 1.3945550748721984e-09, 0
1369, 1.0000000000000002, 56.99999999999999, 3.0000000000000004, 0, 2.48152322781805e-10, 0
1370, 3.0, 56.99999999999999, 3.0000000000000004, 0, 1.9893716168633496e-10, 0
1371, 5.0, 56.99999999999999, 3.0000000000000004, 0, 1.583479974190201e-10, 0
1373, 9.0, 56.99999999999999, 3.0000000000000004, 0, 1.9055991564538e-09, 0
1374, 11.000000000000002, 56.99999999999999, 3.0000000000000004, 0, 5.956228945082199e-06, 0
1375, 13.0, 56.99999999999999, 3.0000000000000004, 0, 6.436394965949475e-05, 0
1376, 15.0, 56.99999999999999, 3.0000000000000004, 1, 0.00015334814272399146, 0
1377, 17.000000000000004, 56.99999999999999, 3.0000000000000004, 1, 0.00022466143517816485, 0
1378, 19.000000000000004, 56.99999999999999, 3.0000000000000004, 1, 0.00021861579279493476, 0
1379, 21.000000000000004, 56.99999999999999, 3.0000000000000004, 1, 0.00014016837672570627, 0
1380, 23.0, 56.99999999999999, 3.0000000000000004, 0, 7.066842511331748e-05, 0
1381, 25.000000000000004, 56.99999999999999, 3.0000000000000004, 0, 9.371886380675262e-06, 0
1382, 26.999999999999996, 56.99999999999999, 3.0000000000000004, 0, 1.077291630103632e-09, 0
1384, 31.000000000000004, 56.99999999999999, 3.0000000000000004, 0, 1.1371491542902948e-09, 0
1385, 33.0, 56.99999999999999, 3.0000000000000004, 0, 1.2818858706381018e-09, 0
1386, 35.00000000000001, 56.99999999999999, 3.0000000000000004, 0, 1.5425421864035533e-09, 0
1387, 1.0000000000000002, 59.0, 3.0000000000000004, 0, 2.8584379038075015e-10, 0
1388, 3.0, 59.0, 3.0000000000000004, 0, 2.3986231646009384e-10, 0
1389, 5.0, 59.0, 3.0000000000000004, 0, 2.2985560085779665e-10, 0
1391, 9.0, 59.0, 3.0000000000000004, 0, 1.9590972922293602e-09, 0
1392, 11.000000000000002, 59.0, 3.0000000000000004, 0, 3.620399210340074e-05, 0
1393, 13.0, 59.0, 3.0000000000000004, 0, 0.00012904063975843487, 0
1394, 15.0, 59.0, 3.0000000000000004, 1, 0.00018308738981992462, 0
1395, 17.000000000000004, 59.0, 3.0000000000000004, 1, 0.0002055598722368739, 0
1396, 19.000000000000004, 59.0, 3.0000000000000004, 1, 0.00017532386221968745, 0
1397, 21.000000000000004, 59.0, 3.0000000000000004, 1, 0.00014400917224991188, 0
1398, 23.0, 59.0, 3.0000000000000004, 0, 0.00011695776834071879, 0
1399, 25.000000000000004, 59.0, 3.0000000000000004, 0, 7.331792722912908e-05, 0
1400, 26.999999999999996, 59.0, 3.0000000000000004, 0, 5.686075931743558e-05, 0
1402, 31.000000000000004, 59.0, 3.0000000000000004, 0, 1.1241002035623628e-09, 0
1403, 33.0, 59.0, 3.0000000000000004, 0, 1.3548120572253123e-09, 0
1404, 35.00000000000001, 59.0, 3.0000000000000004, 0, 1.680482836642853e-09, 0
1405, 1.0000000000000002, 61.0, 3.0000000000000004, 0, 3.166797576324191e-10, 0
1406, 3.0, 61.0, 3.0000000000000004, 0, 3.2308128478987226e-10, 0
1407, 5.0, 61.0, 3.0000000000000004, 0, 3.607039105830242e-10, 0
1409, 9.0, 61.0, 3.0000000000000004, 0, 5.892431076305283e-05, 0
1410, 11.000000000000002, 61.0, 3.0000000000000004, 0, 0.00011749579126513614, 0
1411, 13.0, 61.0, 3.0000000000000004, 1, 0.00015421371798011654, 0
1412, 15.0, 61.0, 3.0000000000000004, 1, 0.00020439589974637873, 0
1413, 17.000000000000004, 61.0, 3.0000000000000004, 1, 0.00018026021855761023, 0
1414, 19.000000000000004, 61.0, 3.0000000000000004, 1, 0.00016552200895579501, 0
1415, 21.000000000000004, 61.0, 3.0000000000000004, 1, 0.0001856834227111106, 0
1416, 23.0, 61.0, 3.0000000000000004, 1, 0.00018131147911641497, 0
1417, 25.000000000000004, 61.0, 3.0000000000000004, 1, 0.0001874672498268447, 0
1418, 26.999999999999996, 61.0, 3.0000000000000004, 1, 0.00017382256357283178, 0
1420, 31.000000000000004, 61.0, 3.0000000000000004, 0, 1.2210072758511044e-09, 0
1421, 33.0, 61.0, 3.0000000000000004, 0, 1.4753925581525412e-09, 0
1422, 35.00000000000001, 61.0, 3.0000000000000004, 0, 1.8520406444588986e-09, 0
1423, 1.0000000000000002, 62.99999999999999, 3.0000000000000004, 0, 3.5110977716951015e-10, 0
1424, 3.0, 62.99999999999999, 3.0000000000000004, 0, 4.2931884766278207e-10, 0
1425, 5.0, 62.99999999999999, 3.0000000000000004, 0, 5.34858584729664e-10, 0
1427, 9.0, 62.99999999999999, 3.0000000000000004, 0, 0.00013510328088256788, 0
1428, 11.000000000000002, 62.99999999999999, 3.0000000000000004, 1, 0.00015424413639136657, 0
1429, 13.0, 62.99999999999999, 3.0000000000000004, 1, 0.00020654118636219897, 0
1430, 15.0, 62.99999999999999, 3.0000000000000004, 1, 0.00019719636087755092, 0
1431, 17.000000000000004, 62.99999999999999, 3.0000000000000004, 1, 0.00018050683686772056, 0
1432, 19.000000000000004, 62.99999999999999, 3.0000000000000004, 1, 0.0001889468869427735, 0
1433, 21.000000000000004, 62.99999999999999, 3.0000000000000004, 1, 0.0002286785974336646, 0
1434, 23.0, 62.99999999999999, 3.0000000000000004, 1, 0.0002791972915485401, 0
1435, 25.000000000000004, 62.99999999999999, 3.0000000000000004, 1, 0.00029985259428419166, 0
1436, 26.999999999999996, 62.99999999999999, 3.0000000000000004, 1, 0.0003014189743361998, 0
1438, 31.000000000000004, 62.99999999999999, 3.0000000000000004, 0, 7.764741766411546e-05, 0
1439, 33.0, 62.99999999999999, 3.0000000000000004, 0, 3.323557942713423e-05, 0
1440, 35.00000000000001, 62.99999999999999, 3.0000000000000004, 0, 4.366217351308613e-06, 0
1441, 1.0000000000000002, 65.0, 3.0000000000000004, 0, 4.109548469044614e-10, 0
1442, 3.0, 65.0, 3.0000000000000004, 0, 5.482698388381726e-10, 0
1443, 5.0, 65.0, 3.0000000000000004, 0, 7.160489252265586e-10, 0
1445, 9.0, 65.0, 3.0000000000000004, 1, 0.00016508273846134908, 0
1446, 11.000000000000002, 65.0, 3.0000000000000004, 1, 0.00019413672091922837, 0
1447, 13.0, 65.0, 3.0000000000000004, 1, 0.00020743641470342337, 0
1448, 15.0, 65.0, 3.0000000000000004, 1, 0.00021253905752468687, 0
1449, 17.000000000000004, 65.0, 3.0000000000000004, 1, 0.00021884585175662696, 0
1450, 19.000000000000004, 65.0, 3.0000000000000004, 1, 0.00023350346411602773, 0
1451, 21.000000000000004, 65.0, 3.0000000000000004, 1, 0.000262187975898917, 0
1452, 23.0, 65.0, 3.0000000000000004, 1, 0.0003057674207705679, 0
1453, 25.000000000000004, 65.0, 3.0000000000000004, 1, 0.0003601531137578162, 0
1454, 26.999999999999996, 65.0, 3.0000000000000004, 1, 0.00038957203187504387, 0
1456, 31.000000000000004, 65.0, 3.0000000000000004, 1, 0.00013671753093561927, 0
1457, 33.0, 65.0, 3.0000000000000004, 0, 0.00011737730107367806, 0
1458, 35.00000000000001, 65.0, 3.0000000000000004, 0, 4.210895726242003e-05, 0
1459, 1.0000000000000002, 67.00000000000001, 3.0000000000000004, 0, 5.009785818142014e-10, 0
1460, 3.0, 67.00000000000001, 3.0000000000000004, 0, 6.675539124702065e-10, 0
1461, 5.0, 67.00000000000001, 3.0000000000000004, 0, 8.647840095799515e-10, 0
1463, 9.0, 67.00000000000001, 3.0000000000000004, 1, 0.00017825872338537215, 0
1464, 11.000000000000002, 67.00000000000001, 3.0000000000000004, 1, 0.000191951426108847, 0
1465, 13.0, 67.00000000000001, 3.0000000000000004, 1, 0.00022483343003108016, 0
1466, 15.0, 67.00000000000001, 3.0000000000000004, 1, 0.00024595958217041335, 0
1467, 17.000000000000004, 67.00000000000001, 3.0000000000000004, 1, 0.0002592529685009021, 0
1468, 19.000000000000004, 67.00000000000001, 3.0000000000000004, 1, 0.00027772243394191847, 0
1469, 21.000000000000004, 67.00000000000001, 3.0000000000000004, 1, 0.00030745652337897753, 0
1470, 23.0, 67.00000000000001, 3.0000000000000004, 1, 0.0003511486988263953, 0
1471, 25.000000000000004, 67.00000000000001, 3.0000000000000004, 1, 0.0004080778237969342, 0
1472, 26.999999999999996, 67.00000000000001, 3.0000000000000004, 1, 0.0004429427531246362, 0
1474, 31.000000000000004, 67.00000000000001, 3.0000000000000004, 1, 0.00023744277186164001, 0
1475, 33.0, 67.00000000000001, 3.0000000000000004, 1, 0.00015478445834141868, 0
1476, 35.00000000000001, 67.00000000000001, 3.0000000000000004, 0, 0.0001273023002367658, 0
1477, 1.0000000000000002, 69.0, 3.0000000000000004, 0, 6.356127090957496e-10, 0
1478, 3.0, 69.0, 3.0000000000000004, 0, 7.715440468660358e-10, 0
1479, 5.0, 69.0, 3.0000000000000004, 0, 9.360238590987285e-10, 0
1481, 9.0, 69.0, 3.0000000000000004, 1, 0.00021918272370926328, 0
1482, 11.000000000000002, 69.0, 3.0000000000000004, 1, 0.0002345443673500426, 0
1483, 13.0, 69.0, 3.0000000000000004, 1, 0.0002605524211665432, 0
1484, 15.0, 69.0, 3.0000000000000004, 1, 0.0002811156636183361, 0
1485, 17.000000000000004, 69.0, 3.0000000000000004, 1, 0.0002987165954962739, 0
1486, 19.000000000000004, 69.0, 3.0000000000000004, 1, 0.00032091622931105927, 0
1487, 21.000000000000004, 69.0, 3.0000000000000004, 1, 0.000352094993003464, 0
1488, 23.0, 69.0, 3.0000000000000004, 1, 0.00039437529998179546, 0
1489, 25.000000000000004, 69.0, 3.0000000000000004, 1, 0.00044824648377399777, 0
1490, 26.999999999999996, 69.0, 3.0000000000000004, 1, 0.0004818046895295085, 0
1492, 31.000000000000004, 69.0, 3.0000000000000004, 1, 0.000198266883290647, 0
1493, 33.0, 69.0, 3.0000000000000004, 1, 0.00018340994569928756, 0
1494, 35.00000000000001, 69.0, 3.0000000000000004, 1, 0.00015338877943142851, 0
1495, 1.0000000000000002, 71.0, 3.0000000000000004, 0, 6.978959111656849e-10, 0
1496, 3.0, 71.0, 3.0000000000000004, 0, 8.333239927123225e-10, 0
1497, 5.0, 71.0, 3.0000000000000004, 0, 9.63263742366371e-10, 0
1499, 9.0, 71.0, 3.0000000000000004, 1, 0.00027644803438216725, 0
1500, 11.000000000000002, 71.0, 3.0000000000000004, 1, 0.0003004571980761305, 0
1501, 13.0, 71.0, 3.0000000000000004, 1, 0.00031407954486987306, 0
1502, 15.0, 71.0, 3.0000000000000004, 1, 0.00032461910816436045, 0
1503, 17.000000000000004, 71.0, 3.0000000000000004, 1, 0.0003410154354193364, 0
1504, 19.000000000000004, 71.0, 3.0000000000000004, 1, 0.0003644962146313735, 0
1505, 21.000000000000004, 71.0, 3.0000000000000004, 1, 0.0003966973318180558, 0
1506, 23.0, 71.0, 3.0000000000000004, 1, 0.00043901407684284946, 0
1507, 25.000000000000004, 71.0, 3.0000000000000004, 1, 0.0004934334527950002, 0
1508, 26.999999999999996, 71.0, 3.0000000000000004, 1, 0.0005292746400604567, 0
1510, 31.000000000000004, 71.0, 3.0000000000000004, 1, 0.0001544236413468162, 0
1511, 33.0, 71.0, 3.0000000000000004, 1, 0.0001596424127137114, 0
1512, 35.00000000000001, 71.0, 3.0000000000000004, 1, 0.00016981348213096752, 0
1518, 11.000000000000002, 73.00000000000001, 3.0000000000000004, 1, 0.0003406831036658364, 0
1519, 13.0, 73.00000000000001, 3.0000000000000004, 1, 0.00034933242134971515, 0
1520, 15.0, 73.00000000000001, 3.0000000000000004, 1, 0.00035173051004754453, 0
1521, 17.000000000000004, 73.00000000000001, 3.0000000000000004, 1, 0.0003659666595067286, 0
1522, 19.000000000000004, 73.00000000000001, 3.0000000000000004, 1, 0.00038943087573462334, 0
1523, 21.000000000000004, 73.00000000000001, 3.0000000000000004, 1, 0.00042211272520131023, 0
1524, 23.0, 73.00000000000001, 3.0000000000000004, 1, 0.0004653240398635219, 0
1525, 25.000000000000004, 73.00000000000001, 3.0000000000000004, 1, 0.0005451900715542681, 0
1526, 26.999999999999996, 73.00000000000001, 3.0000000000000004, 1, 0.0005953830789345245, 0
1528, 31.000000000000004, 73.00000000000001, 3.0000000000000004, 1, 0.00014133338277253627, 0
1529, 33.0, 73.00000000000001, 3.0000000000000004, 1, 0.00014344855155676458, 0
1530, 35.00000000000001, 73.00000000000001, 3.0000000000000004, 1, 0.00016156454359128277, 0
1544, 26.999999999999996, 75.0, 3.0000000000000004, 1, 0.0007070635106180287, 0
1546, 31.000000000000004, 75.0, 3.0000000000000004, 1, 0.00014529296079510124, 0
1547, 33.0, 75.0, 3.0000000000000004, 1, 0.00014760550136236025, 0
1548, 35.00000000000001, 75.0, 3.0000000000000004, 1, 0.0001626459176832624, 0
1562, 26.999999999999996, 77.00000000000001, 3.0000000000000004, 1, 0.0008441908412917977, 0
1564, 31.000000000000004, 77.00000000000001, 3.0000000000000004, 1, 0.0001684580333323039, 0
1565, 33.0, 77.00000000000001, 3.0000000000000004, 1, 0.00016319926239183476, 0
1566, 35.00000000000001, 77.00000000000001, 3.0000000000000004, 1, 0.00014036322058058668, 0
1580, 26.999999999999996, 79.00000000000001, 3.0000000000000004, 1, 0.0009363802720011908, 0
1582, 31.000000000000004, 79.00000000000001, 3.0000000000000004, 1, 0.0002029243472754599, 0
1583, 33.0, 79.00000000000001, 3.0000000000000004, 1, 0.00015267149532308762, 0
1584, 35.00000000000001, 79.00000000000001, 3.0000000000000004, 0, 0.00012315544622211864, 0
1598, 26.999999999999996, 81.0, 3.0000000000000004, 1, 0.001011012774378527, 0
1600, 31.000000000000004, 81.0, 3.0000000000000004, 1, 0.0002118524195702189, 0
1601, 33.0, 81.0, 3.0000000000000004, 1, 0.0001533345377194725, 0
1602, 35.00000000000001, 81.0, 3.0000000000000004, 0, 9.090711995873437e-05, 0
1616, 26.999999999999996, 83.00000000000001, 3.0000000000000004, 1, 0.0010671682950711163, 0
1618, 31.000000000000004, 83.00000000000001, 3.0000000000000004, 1, 0.00021326238129670242, 0
1619, 33.0, 83.00000000000001, 3.0000000000000004, 1, 0.000150489712688135, 0
1620, 35.00000000000001, 83.00000000000001, 3.0000000000000004, 0, 8.491921107323545e-05, 0
1634, 26.999999999999996, 85.00000000000001, 3.0000000000000004, 1, 0.001056216722728967, 0
1636, 31.000000000000004, 85.00000000000001, 3.0000000000000004, 1, 0.00021262707635186755, 0
1637, 33.0, 85.00000000000001, 3.0000000000000004, 1, 0.00014778875187772866, 0
1638, 35.00000000000001, 85.00000000000001, 3.0000000000000004, 0, 7.917379052093823e-05, 0
1644, 11.000000000000002, 87.0, 3.0000000000000004, 1, 0.0007237163698712247, 0
1645, 13.0, 87.0, 3.0000000000000004, 1, 0.0006991770729744447, 0
1646, 15.0, 87.0, 3.0000000000000004, 1, 0.00065567023076937, 0
1647, 17.000000000000004, 87.0, 3.0000000000000004, 1, 0.0006598791514353943, 0
1648, 19.000000000000004, 87.0, 3.0000000000000004, 1, 0.0006764639675457089, 0
1649, 21.000000000000004, 87.0, 3.0000000000000004, 1, 0.0007079643399989604, 0
1650, 23.0, 87.0, 3.0000000000000004, 1, 0.000767024300152307, 0
1651, 25.000000000000004, 87.0, 3.0000000000000004, 1, 0.0009078958017371482, 0
1652, 26.999999999999996, 87.0, 3.0000000000000004, 1, 0.0009883247704001224, 0
1654, 31.000000000000004, 87.0, 3.0000000000000004, 1, 0.0002215365340830516, 0
1655, 33.0, 87.0, 3.0000000000000004, 1, 0.0001565995017826687, 0
1656, 35.00000000000001, 87.0, 3.0000000000000004, 0, 8.19584586789623e-05, 0
1662, 11.000000000000002, 89.00000000000001, 3.0000000000000004, 1, 0.0007302117568805339, 0
1663, 13.0, 89.00000000000001, 3.0000000000000004, 1, 0.0007005404887512766, 0
1664, 15.0, 89.00000000000001, 3.0000000000000004, 1, 0.0006647956795326422, 0
1665, 17.000000000000004, 89.00000000000001, 3.0000000000000004, 1, 0.0006681624842904379, 0
1666, 19.000000000000004, 89.00000000000001, 3.0000000000000004, 1, 0.0006804953572324289, 0
1667, 21.000000000000004, 89.00000000000001, 3.0000000000000004, 1, 0.0007030048525848351, 0
1668, 23.0, 89.00000000000001, 3.0000000000000004, 1, 0.0007452569241615645, 0
1669, 25.000000000000004, 89.00000000000001, 3.0000000000000004, 1, 0.0008348046864059157, 0
1670, 26.999999999999996, 89.00000000000001, 3.0000000000000004, 1, 0.0008951374761316018, 0
1672, 31.000000000000004, 89.00000000000001, 3.0000000000000004, 1, 0.00024944338515722997, 0
1673, 33.0, 89.00000000000001, 3.0000000000000004, 1, 0.00014411410088082, 0
1674, 35.00000000000001, 89.00000000000001, 3.0000000000000004, 0, 6.852034039365689e-05, 0
1680, 11.000000000000002, 91.00000000000001, 3.0000000000000004, 1, 0.0007291022077783801, 0
1681, 13.0, 91.00000000000001, 3.0000000000000004, 1, 0.0007075100259816844, 0
1682, 15.0, 91.00000000000001, 3.0000000000000004, 1, 0.0006816953772651418, 0
1683, 17.000000000000004, 91.00000000000001, 3.0000000000000004, 1, 0.0006833608577377433, 0
1684, 19.000000000000004, 91.00000000000001, 3.0000000000000004, 1, 0.0006873685763732135, 0
1685, 21.000000000000004, 91.00000000000001, 3.0000000000000004, 1, 0.0006921400452186979, 0
1686, 23.0, 91.00000000000001, 3.0000000000000004, 1, 0.0007010267611752441, 0
1687, 25.000000000000004, 91.00000000000001, 3.0000000000000004, 1, 0.0007309024124564548, 0
1688, 26.999999999999996, 91.00000000000001, 3.0000000000000004, 1, 0.0007512142652233179, 0
1690, 31.000000000000004, 91.00000000000001, 3.0000000000000004, 1, 0.00015219692152292433, 0
1691, 33.0, 91.00000000000001, 3.0000000000000004, 0, 0.00011685557428406891, 0
1692, 35.00000000000001, 91.00000000000001, 3.0000000000000004, 0, 2.5904628652107006e-05, 0
1698, 11.000000000000002, 93.0, 3.0000000000000004, 1, 0.0007165970488588782, 0
1699, 13.0, 93.0, 3.0000000000000004, 1, 0.000705936942656839, 0
1700, 15.0, 93.0, 3.0000000000000004, 1, 0.000692233714467808, 0
1701, 17.000000000000004, 93.0, 3.0000000000000004, 1, 0.0006926741364524781, 0
1702, 19.000000000000004, 93.0, 3.0000000000000004, 1, 0.0006883364898293142, 0
1703, 21.000000000000004, 93.0, 3.0000000000000004, 1, 0.0006749132497018435, 0
1704, 23.0, 93.0, 3.0000000000000004, 1, 0.0006483516998525336, 0
1705, 25.000000000000004, 93.0, 3.0000000000000004, 1, 0.0006124527411242109, 0
1706, 26.999999999999996, 93.0, 3.0000000000000004, 1, 0.0005960102339966122, 0
1708, 31.000000000000004, 93.0, 3.0000000000000004, 0, 8.844351478831726e-05, 0
1709, 33.0, 93.0, 3.0000000000000004, 0, 3.259194069664741e-05, 0
1710, 35.00000000000001, 93.0, 3.0000000000000004, 0, 5.847214043112145e-10, 0
1716, 11.000000000000002, 95.00000000000001, 3.0000000000000004, 1, 0.0007108189506482565, 0
1717, 13.0, 95.00000000000001, 3.0000000000000004, 1, 0.0007026644712286678, 0
1718, 15.0, 95.00000000000001, 3.0000000000000004, 1, 0.0006960400600194884, 0
1719, 17.000000000000004, 95.00000000000001, 3.0000000000000004, 1, 0.0006960553188348469, 0
1720, 19.000000000000004, 95.00000000000001, 3.0000000000000004, 1, 0.0006870689734792486, 0
1721, 21.000000000000004, 95.00000000000001, 3.0000000000000004, 1, 0.000663345667649633, 0
1722, 23.0, 95.00000000000001, 3.0000000000000004, 1, 0.000616863206111632, 0
1723, 25.000000000000004, 95.00000000000001, 3.0000000000000004, 1, 0.0005457131796223369, 0
1724, 26.999999999999996, 95.00000000000001, 3.0000000000000004, 1, 0.000512792072148906, 0
1726, 31.000000000000004, 95.00000000000001, 3.0000000000000004, 0, 1.4472023287289853e-09, 0
1727, 33.0, 95.00000000000001, 3.0000000000000004, 0, 1.1520584357016742e-09, 0
1728, 35.00000000000001, 95.00000000000001, 3.0000000000000004, 0, 5.890802550012417e-10, 0
1729, 1.0000000000000002, 1.0000000000000002, 5.000000000000001, 0, 1.1313581182772829e-09, 0
1730, 3.0, 1.0000000000000002, 5.000000000000001, 0, 1.19702140681479e-09, 0
1747, 1.0000000000000002, 3.0000000000000004, 5.000000000000001, 0, 1.6881258348363076e-09, 0
1748, 3.0, 3.0000000000000004, 5.000000000000001, 0, 1.7756996742264094e-09, 0
1765, 1.0000000000000002, 5.000000000000001, 5.000000000000001, 0, 2.267131330115572e-09, 0
1766, 3.0, 5.000000000000001, 5.000000000000001, 0, 2.3609383635142806e-09, 0
1798, 31.000000000000004, 7.000000000000001, 5.000000000000001, 0, 1.0374895099883057e-09, 0
1799, 33.0, 7.000000000000001, 5.000000000000001, 0, 9.422343600298823e-10, 0
1800, 35.00000000000001, 7.000000000000001, 5.000000000000001, 0, 8.156684644243179e-10, 0
1816, 31.000000000000004, 9.000000000000002, 5.000000000000001, 0, 1.047050118497973e-09, 0
1817, 33.0, 9.000000000000002, 5.000000000000001, 0, 9.2184319017816e-10, 0
1818, 35.00000000000001, 9.000000000000002, 5.000000000000001, 0, 7.942543335929361e-10, 0
1834, 31.000000000000004, 11.0, 5.000000000000001, 0, 1.020407897172989e-09, 0
1835, 33.0, 11.0, 5.000000000000001, 0, 8.925210815889565e-10, 0
1836, 35.00000000000001, 11.0, 5.000000000000001, 0, 7.634166808663792e-10, 0
1852, 31.000000000000004, 13.0, 5.000000000000001, 0, 9.601957279884633e-10, 0
1853, 33.0, 13.0, 5.000000000000001, 0, 8.669648387729447e-10, 0
1854, 35.00000000000001, 13.0, 5.000000000000001, 0, 7.735198199383453e-10, 0
1870, 31.000000000000004, 14.999999999999998, 5.000000000000001, 0, 8.986326546983961e-10, 0
1871, 33.0, 14.999999999999998, 5.000000000000001, 0, 8.474832203767391e-10, 0
1872, 35.00000000000001, 14.999999999999998, 5.000000000000001, 0, 7.94967109102668e-10, 0
1888, 31.000000000000004, 17.0, 5.000000000000001, 0, 8.567205436761894e-10, 0
1889, 33.0, 17.0, 5.000000000000001, 0, 8.356034964529949e-10, 0
1890, 35.00000000000001, 17.0, 5.000000000000001, 0, 8.126333579054664e-10, 0
1906, 31.000000000000004, 19.000000000000004, 5.000000000000001, 0, 8.317009884396766e-10, 0
1907, 33.0, 19.000000000000004, 5.000000000000001, 0, 8.265669407537189e-10, 0
1908, 35.00000000000001, 19.000000000000004, 5.000000000000001, 0, 8.203930710695755e-10, 0
1924, 31.000000000000004, 21.0, 5.000000000000001, 0, 8.129212778129926e-10, 0
1925, 33.0, 21.0, 5.000000000000001, 0, 8.167986635986697e-10, 0
1926, 35.00000000000001, 21.0, 5.000000000000001, 0, 8.193621187101555e-10, 0
1942, 31.000000000000004, 23.000000000000004, 5.000000000000001, 0, 7.958619048680499e-10, 0
1943, 33.0, 23.000000000000004, 5.000000000000001, 0, 8.04449555686727e-10, 0
1944, 35.00000000000001, 23.000000000000004, 5.000000000000001, 0, 8.114513577793801e-10, 0
1945, 1.0000000000000002, 25.000000000000004, 5.000000000000001, 0, 1.5423715876887262e-09, 0
1946, 3.0, 25.000000000000004, 5.000000000000001, 0, 1.5129404139439235e-09, 0
1947, 5.0, 25.000000000000004, 5.000000000000001, 0, 1.2173739634146206e-09, 0
1960, 31.000000000000004, 25.000000000000004, 5.000000000000001, 0, 7.773454555511583e-10, 0
1961, 33.0, 25.000000000000004, 5.000000000000001, 0, 7.888351354957114e-10, 0
1962, 35.00000000000001, 25.000000000000004, 5.000000000000001, 0, 7.995373387343875e-10, 0
1963, 1.0000000000000002, 27.0, 5.000000000000001, 0, 1.3073869897901836e-09, 0
1964, 3.0, 27.0, 5.000000000000001, 0, 1.1411872674533817e-09, 0
1965, 5.0, 27.0, 5.000000000000001, 0, 1.023584187765564e-09, 0
1978, 31.000000000000004, 27.0, 5.000000000000001, 0, 7.582383574802598e-10, 0
1979, 33.0, 27.0, 5.000000000000001, 0, 7.711970248070445e-10, 0
1980, 35.00000000000001, 27.0, 5.000000000000001, 0, 7.837239215790199e-10, 0
1981, 1.0000000000000002, 28.999999999999996, 5.000000000000001, 0, 7.244852148725629e-10, 0
1982, 3.0, 28.999999999999996, 5.000000000000001, 0, 6.924190981181136e-10, 0
1983, 5.0, 28.999999999999996, 5.000000000000001, 0, 6.595273449076564e-10, 0
1996, 31.000000000000004, 28.999999999999996, 5.000000000000001, 0, 7.407261822293449e-10, 0
1997, 33.0, 28.999999999999996, 5.000000000000001, 0, 7.536112678309529e-10, 0
1998, 35.00000000000001, 28.999999999999996, 5.000000000000001, 0, 7.669997093840014e-10, 0
1999, 1.0000000000000002, 31.000000000000004, 5.000000000000001, 0, 4.5907159832607667e-10, 0
2000, 3.0, 31.000000000000004, 5.000000000000001, 0, 4.0505958824905146e-10, 0
2001, 5.0, 31.000000000000004, 5.000000000000001, 0, 3.541973551865165e-10, 0
2014, 31.000000000000004, 31.000000000000004, 5.000000000000001, 0, 7.253721378674312e-10, 0
2015, 33.0, 31.000000000000004, 5.000000000000001, 0, 7.388744404303946e-10, 0
2016, 35.00000000000001, 31.000000000000004, 5.000000000000001, 0, 7.531115747088128e-10, 0
2017, 1.0000000000000002, 33.00000000000001, 5.000000000000001, 0, 3.148675389153227e-10, 0
2018, 3.0, 33.00000000000001, 5.000000000000001, 0, 2.6714546036349603e-10, 0
2019, 5.0, 33.00000000000001, 5.000000000000001, 0, 2.1987897228186223e-10, 0
2032, 31.000000000000004, 33.00000000000001, 5.000000000000001, 0, 7.134970292157162e-10, 0
2033, 33.0, 33.00000000000001, 5.000000000000001, 0, 7.303839483206541e-10, 0
2034, 35.00000000000001, 33.00000000000001, 5.000000000000001, 0, 7.478568042969756e-10, 0
2035, 1.0000000000000002, 35.0, 5.000000000000001, 0, 2.1912968656080667e-10, 0
2036, 3.0, 35.0, 5.000000000000001, 0, 1.8847301007392225e-10, 0
2037, 5.0, 35.0, 5.000000000000001, 0, 1.5673381697058025e-10, 0
2050, 31.000000000000004, 35.0, 5.000000000000001, 0, 7.08902999930086e-10, 0
2051, 33.0, 35.0, 5.000000000000001, 0, 7.319364624179191e-10, 0
2052, 35.00000000000001, 35.0, 5.000000000000001, 0, 7.551956899260379e-10, 0
2053, 1.0000000000000002, 37.00000000000001, 5.000000000000001, 0, 1.5349810478737345e-10, 0
2054, 3.0, 37.00000000000001, 5.000000000000001, 0, 1.3846068254441505e-10, 0
2055, 5.0, 37.00000000000001, 5.000000000000001, 0, 1.2418495044804006e-10, 0
2068, 31.000000000000004, 37.00000000000001, 5.000000000000001, 0, 7.589281136644377e-10, 0
2069, 33.0, 37.00000000000001, 5.000000000000001, 0, 7.522077212006103e-10, 0
2070, 35.00000000000001, 37.00000000000001, 5.000000000000001, 0, 7.684365815316241e-10, 0
2071, 1.0000000000000002, 39.00000000000001, 5.000000000000001, 0, 1.1344099780007326e-10, 0
2072, 3.0, 39.00000000000001, 5.000000000000001, 0, 1.0879692046871515e-10, 0
2073, 5.0, 39.00000000000001, 5.000000000000001, 0, 1.0458593411104904e-10, 0
2086, 31.000000000000004, 39.00000000000001, 5.000000000000001, 0, 8.027050837791603e-10, 0
2087, 33.0, 39.00000000000001, 5.000000000000001, 0, 7.903092351386335e-10, 0
2088, 35.00000000000001, 39.00000000000001, 5.000000000000001, 0, 7.697066346665193e-10, 0
2089, 1.0000000000000002, 41.0, 5.000000000000001, 0, 9.56565787713321e-11, 0
2090, 3.0, 41.0, 5.000000000000001, 0, 9.451968898852541e-11, 0
2091, 5.0, 41.0, 5.000000000000001, 0, 9.395457995793364e-11, 0
2104, 31.000000000000004, 41.0, 5.000000000000001, 0, 8.27431670265774e-10, 0
2105, 33.0, 41.0, 5.000000000000001, 0, 7.874885609771786e-10, 0
2106, 35.00000000000001, 41.0, 5.000000000000001, 0, 7.460305829676625e-10, 0
2107, 1.0000000000000002, 43.00000000000001, 5.000000000000001, 0, 9.167818155272908e-11, 0
2108, 3.0, 43.00000000000001, 5.000000000000001, 0, 8.929569216934989e-11, 0
2109, 5.0, 43.00000000000001, 5.000000000000001, 0, 8.923306604172696e-11, 0
2122, 31.000000000000004, 43.00000000000001, 5.000000000000001, 0, 7.861124963679484e-10, 0
2123, 33.0, 43.00000000000001, 5.000000000000001, 0, 7.554534192579354e-10, 0
2124, 35.00000000000001, 43.00000000000001, 5.000000000000001, 0, 7.194857502342657e-10, 0
2125, 1.0000000000000002, 45.00000000000001, 5.000000000000001, 0, 8.874663838409766e-11, 0
2126, 3.0, 45.00000000000001, 5.000000000000001, 0, 8.824195702806295e-11, 0
2127, 5.0, 45.00000000000001, 5.000000000000001, 0, 9.019194296258493e-11, 0
2140, 31.000000000000004, 45.00000000000001, 5.000000000000001, 0, 7.377833416381537e-10, 0
2141, 33.0, 45.00000000000001, 5.000000000000001, 0, 7.211161892729805e-10, 0
2142, 35.00000000000001, 45.00000000000001, 5.000000000000001, 0, 7.246950537254463e-10, 0
2143, 1.0000000000000002, 47.0, 5.000000000000001, 0, 8.713902550745527e-11, 0
2144, 3.0, 47.0, 5.000000000000001, 0, 8.897695085288594e-11, 0
2145, 5.0, 47.0, 5.000000000000001, 0, 9.316724862341706e-11, 0
2158, 31.000000000000004, 47.0, 5.000000000000001, 0, 6.975856505115557e-10, 0
2159, 33.0, 47.0, 5.000000000000001, 0, 7.217701210252306e-10, 0
2160, 35.00000000000001, 47.0, 5.000000000000001, 0, 7.84157617423367e-10, 0
2161, 1.0000000000000002, 49.0, 5.000000000000001, 0, 9.425577117069173e-11, 0
2162, 3.0, 49.0, 5.000000000000001, 0, 9.545720952834816e-11, 0
2163, 5.0, 49.0, 5.000000000000001, 0, 9.841857709055798e-11, 0
2176, 31.000000000000004, 49.0, 5.000000000000001, 0, 7.060251179415878e-10, 0
2177, 33.0, 49.0, 5.000000000000001, 0, 7.71967953099277e-10, 0
2178, 35.00000000000001, 49.0, 5.000000000000001, 0, 8.893486912125902e-10, 0
2179, 1.0000000000000002, 50.99999999999999, 5.000000000000001, 0, 1.1708371401147453e-10, 0
2180, 3.0, 50.99999999999999, 5.000000000000001, 0, 1.1041836493301657e-10, 0
2181, 5.0, 50.99999999999999, 5.000000000000001, 0, 1.0528242913797941e-10, 0
2194, 31.000000000000004, 50.99999999999999, 5.000000000000001, 0, 8.058753159368455e-10, 0
2195, 33.0, 50.99999999999999, 5.000000000000001, 0, 8.90010300399122e-10, 0
2196, 35.00000000000001, 50.99999999999999, 5.000000000000001, 0, 1.0396958153142e-09, 0
2197, 1.0000000000000002, 53.0, 5.000000000000001, 0, 1.5603386496621492e-10, 0
2198, 3.0, 53.0, 5.000000000000001, 0, 1.349038482805209e-10, 0
2199, 5.0, 53.0, 5.000000000000001, 0, 1.1350776499352377e-10, 0
2212, 31.000000000000004, 53.0, 5.000000000000001, 0, 9.492695706321801e-10, 0
2213, 33.0, 53.0, 5.000000000000001, 0, 1.055911351622315e-09, 0
2214, 35.00000000000001, 53.0, 5.000000000000001, 0, 1.2191928878956385e-09, 0
2215, 1.0000000000000002, 55.0, 5.000000000000001, 0, 2.0340091855543657e-10, 0
2216, 3.0, 55.0, 5.000000000000001, 0, 1.6567181657500387e-10, 0
2217, 5.0, 55.0, 5.000000000000001, 0, 1.2694338978076434e-10, 0
2230, 31.000000000000004, 55.0, 5.000000000000001, 0, 1.0571580768479783e-09, 0
2231, 33.0, 55.0, 5.000000000000001, 0, 1.1974666237806075e-09, 0
2232, 35.00000000000001, 55.0, 5.000000000000001, 0, 1.3945482556228321e-09, 0
2233, 1.0000000000000002, 56.99999999999999, 5.000000000000001, 0, 2.4815232278114077e-10, 0
2234, 3.0, 56.99999999999999, 5.000000000000001, 0, 1.989371616836943e-10, 0
2235, 5.0, 56.99999999999999, 5.000000000000001, 0, 1.5080730030283753e-10, 0
2248, 31.000000000000004, 56.99999999999999, 5.000000000000001, 0, 1.0681084239926285e-09, 0
2249, 33.0, 56.99999999999999, 5.000000000000001, 0, 1.2818832977845654e-09, 0
2250, 35.00000000000001, 56.99999999999999, 5.000000000000001, 0, 1.5425419443288412e-09, 0
2251, 1.0000000000000002, 59.0, 5.000000000000001, 0, 2.85843790380165e-10, 0
2252, 3.0, 59.0, 5.000000000000001, 0, 2.397438616653834e-10, 0
2253, 5.0, 59.0, 5.000000000000001, 0, 2.1133610783713022e-10, 0
2266, 31.000000000000004, 59.0, 5.000000000000001, 0, 1.1240958932526185e-09, 0
2267, 33.0, 59.0, 5.000000000000001, 0, 1.3548104072718837e-09, 0
2268, 35.00000000000001, 59.0, 5.000000000000001, 0, 1.6804826563836138e-09, 0
2269, 1.0000000000000002, 61.0, 5.000000000000001, 0, 3.1667975763125567e-10, 0
2270, 3.0, 61.0, 5.000000000000001, 0, 3.066488646783268e-10, 0
2271, 5.0, 61.0, 5.000000000000001, 0, 3.2221538098843776e-10, 0
2284, 31.000000000000004, 61.0, 5.000000000000001, 0, 1.2208963841566953e-09, 0
2285, 33.0, 61.0, 5.000000000000001, 0, 1.475347153028983e-09, 0
2286, 35.00000000000001, 61.0, 5.000000000000001, 0, 1.8520364059111276e-09, 0
2287, 1.0000000000000002, 62.99999999999999, 5.000000000000001, 0, 3.5110977716659755e-10, 0
2288, 3.0, 62.99999999999999, 5.000000000000001, 0, 4.03577982667181e-10, 0
2289, 5.0, 62.99999999999999, 5.000000000000001, 0, 4.760552070947794e-10, 0
2302, 31.000000000000004, 62.99999999999999, 5.000000000000001, 0, 5.8123127568453873e-05, 0
2303, 33.0, 62.99999999999999, 5.000000000000001, 0, 2.4219559199386164e-05, 0
2304, 35.00000000000001, 62.99999999999999, 5.000000000000001, 0, 2.9114999828746523e-06, 0
2305, 1.0000000000000002, 65.0, 5.000000000000001, 0, 4.1095484689615096e-10, 0
2306, 3.0, 65.0, 5.000000000000001, 0, 5.188405153247728e-10, 0
2307, 5.0, 65.0, 5.000000000000001, 0, 6.448297969293993e-10, 0
2320, 31.000000000000004, 65.0, 5.000000000000001, 0, 0.00011593823738220688, 0
2321, 33.0, 65.0, 5.000000000000001, 0, 9.230875241684126e-05, 0
2322, 35.00000000000001, 65.0, 5.000000000000001, 0, 3.182151792895656e-05, 0
2323, 1.0000000000000002, 67.00000000000001, 5.000000000000001, 0, 5.009785817749993e-10, 0
2324, 3.0, 67.00000000000001, 5.000000000000001, 0, 6.438276221290942e-10, 0
2325, 5.0, 67.00000000000001, 5.000000000000001, 0, 7.939684977339755e-10, 0
2338, 31.000000000000004, 67.00000000000001, 5.000000000000001, 1, 0.00019436112577585446, 0
2339, 33.0, 67.00000000000001, 5.000000000000001, 0, 0.00013805881667797656, 0
2340, 35.00000000000001, 67.00000000000001, 5.000000000000001, 0, 0.0001132437615044371, 0
2341, 1.0000000000000002, 69.0, 5.000000000000001, 0, 6.356127089399458e-10, 0
2342, 3.0, 69.0, 5.000000000000001, 0, 7.582579238680031e-10, 0
2343, 5.0, 69.0, 5.000000000000001, 0, 8.820707513144103e-10, 0
2356, 31.000000000000004, 69.0, 5.000000000000001, 1, 0.00016846679054082468, 0
2357, 33.0, 69.0, 5.000000000000001, 1, 0.00016496090775185954, 0
2358, 35.00000000000001, 69.0, 5.000000000000001, 1, 0.00014978415320141328, 0
2359, 1.0000000000000002, 71.0, 5.000000000000001, 0, 6.978959108460712e-10, 0
2360, 3.0, 71.0, 5.000000000000001, 0, 8.252823444760689e-10, 0
2361, 5.0, 71.0, 5.000000000000001, 0, 9.145886743241651e-10, 0
2374, 31.000000000000004, 71.0, 5.000000000000001, 0, 0.00012979793038982398, 0
2375, 33.0, 71.0, 5.000000000000001, 1, 0.00015164173848265986, 0
2376, 35.00000000000001, 71.0, 5.000000000000001, 1, 0.0001698134821135586, 0
2392, 31.000000000000004, 73.00000000000001, 5.000000000000001, 0, 0.00012260228221626043, 0
2393, 33.0, 73.00000000000001, 5.000000000000001, 1, 0.00014174475533154556, 0
2394, 35.00000000000001, 73.00000000000001, 5.000000000000001, 1, 0.00016156454359128277, 0
2410, 31.000000000000004, 75.0, 5.000000000000001, 1, 0.00013330784462313775, 0
2411, 33.0, 75.0, 5.000000000000001, 1, 0.00014760550134983885, 0
2412, 35.00000000000001, 75.0, 5.000000000000001, 1, 0.0001626459176832624, 0
2428, 31.000000000000004, 77.00000000000001, 5.000000000000001, 1, 0.00016845803329205452, 0
2429, 33.0, 77.00000000000001, 5.000000000000001, 1, 0.000163199262389844, 0
2430, 35.00000000000001, 77.00000000000001, 5.000000000000001, 1, 0.00014036322058058668, 0
2446, 31.000000000000004, 79.00000000000001, 5.000000000000001, 1, 0.00020292434726905045, 0
2447, 33.0, 79.00000000000001, 5.000000000000001, 1, 0.00015267149532308762, 0
2448, 35.00000000000001, 79.00000000000001, 5.000000000000001, 0, 0.00012315544622211864, 0
2464, 31.000000000000004, 81.0, 5.000000000000001, 1, 0.0002118524195702189, 0
2465, 33.0, 81.0, 5.000000000000001, 1, 0.0001533345377194725, 0
2466, 35.00000000000001, 81.0, 5.000000000000001, 0, 9.090711995873437e-05, 0
2482, 31.000000000000004, 83.00000000000001, 5.000000000000001, 1, 0.00021326238129670242, 0
2483, 33.0, 83.00000000000001, 5.000000000000001, 1, 0.000150489712688135, 0
2484, 35.00000000000001, 83.00000000000001, 5.000000000000001, 0, 8.491921107323545e-05, 0
2500, 31.000000000000004, 85.00000000000001, 5.000000000000001, 1, 0.00021262707635186755, 0
2501, 33.0, 85.00000000000001, 5.000000000000001, 1, 0.00014778875187772866, 0
2502, 35.00000000000001, 85.00000000000001, 5.000000000000001, 0, 7.917379052093823e-05, 0
2518, 31.000000000000004, 87.0, 5.000000000000001, 1, 0.0002215365340830516, 0
2519, 33.0, 87.0, 5.000000000000001, 1, 0.0001565995017826687, 0
2520, 35.00000000000001, 87.0, 5.000000000000001, 0, 8.19584586789623e-05, 0
2536, 31.000000000000004, 89.00000000000001, 5.000000000000001, 1, 0.00024944338515722997, 0
2537, 33.0, 89.00000000000001, 5.000000000000001, 1, 0.00014411410088082, 0
2538, 35.00000000000001, 89.00000000000001, 5.000000000000001, 0, 6.852034039365689e-05, 0
2554, 31.000000000000004, 91.00000000000001, 5.000000000000001, 1, 0.00015219692152292433, 0
2555, 33.0, 91.00000000000001, 5.000000000000001, 0, 0.00011685557428406891, 0
2556, 35.00000000000001, 91.00000000000001, 5.000000000000001, 0, 2.5904628652107006e-05, 0
2572, 31.000000000000004, 93.0, 5.000000000000001, 0, 8.844351478831726e-05, 0
2573, 33.0, 93.0, 5.000000000000001, 0, 3.259194069664741e-05, 0
2574, 35.00000000000001, 93.0, 5.000000000000001, 0, 5.847214043112145e-10, 0
2590, 31.000000000000004, 95.00000000000001, 5.000000000000001, 0, 1.4242017734261862e-09, 0
2591, 33.0, 95.00000000000001, 5.000000000000001, 0, 1.1393983239663598e-09, 0
2592, 35.00000000000001, 95.00000000000001, 5.000000000000001, 0, 5.890802550012417e-10, 0
2593, 1.0000000000000002, 1.0000000000000002, 7.000000000000001, 0, 1.1313581182772829e-09, 0
2594, 3.0, 1.0000000000000002, 7.000000000000001, 0, 1.19702140681479e-09, 0
2611, 1.0000000000000002, 3.0000000000000004, 7.000000000000001, 0, 1.688125834438114e-09, 0
2612, 3.0, 3.0000000000000004, 7.000000000000001, 0, 1.7756996737883114e-09, 0
2629, 1.0000000000000002, 5.000000000000001, 7.000000000000001, 0, 2.2349425937981957e-09, 0
2630, 3.0, 5.000000000000001, 7.000000000000001, 0, 2.3449634802200473e-09, 0
2662, 31.000000000000004, 7.000000000000001, 7.000000000000001, 0, 1.0374895099883057e-09, 0
2663, 33.0, 7.000000000000001, 7.000000000000001, 0, 9.422343600298823e-10, 0
2664, 35.00000000000001, 7.000000000000001, 7.000000000000001, 0, 8.156684630839054e-10, 0
2680, 31.000000000000004, 9.000000000000002, 7.000000000000001, 0, 1.047050118497973e-09, 0
2681, 33.0, 9.000000000000002, 7.000000000000001, 0, 9.2184319017816e-10, 0
2682, 35.00000000000001, 9.000000000000002, 7.000000000000001, 0, 7.942543335855869e-10, 0
2698, 31.000000000000004, 11.0, 7.000000000000001, 0, 1.020407897172989e-09, 0
2699, 33.0, 11.0, 7.000000000000001, 0, 8.925210815889565e-10, 0
2700, 35.00000000000001, 11.0, 7.000000000000001, 0, 7.634166808645653e-10, 0
2716, 31.000000000000004, 13.0, 7.000000000000001, 0, 9.601957279884633e-10, 0
2717, 33.0, 13.0, 7.000000000000001, 0, 8.669648387729447e-10, 0
2718, 35.00000000000001, 13.0, 7.000000000000001, 0, 7.735198199383453e-10, 0
2734, 31.000000000000004, 14.999999999999998, 7.000000000000001, 0, 8.986326546983961e-10, 0
2735, 33.0, 14.999999999999998, 7.000000000000001, 0, 8.474832203767391e-10, 0
2736, 35.00000000000001, 14.999999999999998, 7.000000000000001, 0, 7.94967109102668e-10, 0
2752, 31.000000000000004, 17.0, 7.000000000000001, 0, 8.567205436761894e-10, 0
2753, 33.0, 17.0, 7.000000000000001, 0, 8.356034964529949e-10, 0
2754, 35.00000000000001, 17.0, 7.000000000000001, 0, 8.126333579054664e-10, 0
2770, 31.000000000000004, 19.000000000000004, 7.000000000000001, 0, 8.317009884396766e-10, 0
2771, 33.0, 19.000000000000004, 7.000000000000001, 0, 8.265669407537189e-10, 0
2772, 35.00000000000001, 19.000000000000004, 7.000000000000001, 0, 8.203930710695755e-10, 0
2788, 31.000000000000004, 21.0, 7.000000000000001, 0, 8.129212640869939e-10, 0
2789, 33.0, 21.0, 7.000000000000001, 0, 8.167986531032209e-10, 0
2790, 35.00000000000001, 21.0, 7.000000000000001, 0, 8.193621187101555e-10, 0
2806, 31.000000000000004, 23.000000000000004, 7.000000000000001, 0, 7.958619048680499e-10, 0
2807, 33.0, 23.000000000000004, 7.000000000000001, 0, 8.04449555686727e-10, 0
2808, 35.00000000000001, 23.000000000000004, 7.000000000000001, 0, 8.114513577793801e-10, 0
2809, 1.0000000000000002, 25.000000000000004, 7.000000000000001, 0, 1.4874329126600898e-09, 0
2810, 3.0, 25.000000000000004, 7.000000000000001, 0, 1.4196228366548e-09, 0
2811, 5.0, 25.000000000000004, 7.000000000000001, 0, 1.1181513004482979e-09, 0
2824, 31.000000000000004, 25.000000000000004, 7.000000000000001, 0, 7.773454555511583e-10, 0
2825, 33.0, 25.000000000000004, 7.000000000000001, 0, 7.888351354957114e-10, 0
2826, 35.00000000000001, 25.000000000000004, 7.000000000000001, 0, 7.995373387343875e-10, 0
2827, 1.0000000000000002, 27.0, 7.000000000000001, 0, 1.2653034346504433e-09, 0
2828, 3.0, 27.0, 7.000000000000001, 0, 1.081533838243425e-09, 0
2829, 5.0, 27.0, 7.000000000000001, 0, 9.480929549169724e-10, 0
2842, 31.000000000000004, 27.0, 7.000000000000001, 0, 7.582383574802598e-10, 0
2843, 33.0, 27.0, 7.000000000000001, 0, 7.711970248070445e-10, 0
2844, 35.00000000000001, 27.0, 7.000000000000001, 0, 7.837239215790199e-10, 0
2845, 1.0000000000000002, 28.999999999999996, 7.000000000000001, 0, 7.22824731107576e-10, 0
2846, 3.0, 28.999999999999996, 7.000000000000001, 0, 6.752429894915138e-10, 0
2847, 5.0, 28.999999999999996, 7.000000000000001, 0, 6.286984193577527e-10, 0
2860, 31.000000000000004, 28.999999999999996, 7.000000000000001, 0, 7.407261822293449e-10, 0
2861, 33.0, 28.999999999999996, 7.000000000000001, 0, 7.536112678309529e-10, 0
2862, 35.00000000000001, 28.999999999999996, 7.000000000000001, 0, 7.669997093840014e-10, 0
2863, 1.0000000000000002, 31.000000000000004, 7.000000000000001, 0, 4.590715982602859e-10, 0
2864, 3.0, 31.000000000000004, 7.000000000000001, 0, 4.050595867691779e-10, 0
2865, 5.0, 31.000000000000004, 7.000000000000001, 0, 3.541973084788006e-10, 0
2878, 31.000000000000004, 31.000000000000004, 7.000000000000001, 0, 7.253721378674312e-10, 0
2879, 33.0, 31.000000000000004, 7.000000000000001, 0, 7.388743561629758e-10, 0
2880, 35.00000000000001, 31.000000000000004, 7.000000000000001, 0, 7.531115092871763e-10, 0
2881, 1.0000000000000002, 33.00000000000001, 7.000000000000001, 0, 3.1486753889925465e-10, 0
2882, 3.0, 33.00000000000001, 7.000000000000001, 0, 2.671454603030652e-10, 0
2883, 5.0, 33.00000000000001, 7.000000000000001, 0, 2.1987897218359537e-10, 0
2896, 31.000000000000004, 33.00000000000001, 7.000000000000001, 0, 7.134970292157162e-10, 0
2897, 33.0, 33.00000000000001, 7.000000000000001, 0, 7.303837576238876e-10, 0
2898, 35.00000000000001, 33.00000000000001, 7.000000000000001, 0, 7.478565327528407e-10, 0
2899, 1.0000000000000002, 35.0, 7.000000000000001, 0, 2.1912968655735935e-10, 0
2900, 3.0, 35.0, 7.000000000000001, 0, 1.884730100573432e-10, 0
2901, 5.0, 35.0, 7.000000000000001, 0, 1.5673381693990048e-10, 0
2914, 31.000000000000004, 35.0, 7.000000000000001, 0, 7.089029970001131e-10, 0
2915, 33.0, 35.0, 7.000000000000001, 0, 7.319361528583343e-10, 0
2916, 35.00000000000001, 35.0, 7.000000000000001, 0, 7.55195212746908e-10, 0
2917, 1.0000000000000002, 37.00000000000001, 7.000000000000001, 0, 1.534981047846163e-10, 0
2918, 3.0, 37.00000000000001, 7.000000000000001, 0, 1.3846068253838237e-10, 0
2919, 5.0, 37.00000000000001, 7.000000000000001, 0, 1.241849504367538e-10, 0
2932, 31.000000000000004, 37.00000000000001, 7.000000000000001, 0, 7.41248528756993e-10, 0
2933, 33.0, 37.00000000000001, 7.000000000000001, 0, 7.468603943461491e-10, 0
2934, 35.00000000000001, 37.00000000000001, 7.000000000000001, 0, 7.684358705860215e-10, 0
2935, 1.0000000000000002, 39.00000000000001, 7.000000000000001, 0, 1.1344099779776577e-10, 0
2936, 3.0, 39.00000000000001, 7.000000000000001, 0, 1.0879692046427034e-10, 0
2937, 5.0, 39.00000000000001, 7.000000000000001, 0, 1.0458593410319608e-10, 0
2950, 31.000000000000004, 39.00000000000001, 7.000000000000001, 0, 7.71478271105298e-10, 0
2951, 33.0, 39.00000000000001, 7.000000000000001, 0, 7.736226865564242e-10, 0
2952, 35.00000000000001, 39.00000000000001, 7.000000000000001, 0, 7.697057210078627e-10, 0
2953, 1.0000000000000002, 41.0, 7.000000000000001, 0, 9.565657877004082e-11, 0
2954, 3.0, 41.0, 7.000000000000001, 0, 9.451968898496358e-11, 0
2955, 5.0, 41.0, 7.000000000000001, 0, 9.395457995322272e-11, 0
2968, 31.000000000000004, 41.0, 7.000000000000001, 0, 7.822656423322887e-10, 0
2969, 33.0, 41.0, 7.000000000000001, 0, 7.670905917912834e-10, 0
2970, 35.00000000000001, 41.0, 7.000000000000001, 0, 7.460295539709986e-10, 0
2971, 1.0000000000000002, 43.00000000000001, 7.000000000000001, 0, 9.167818155191497e-11, 0
2972, 3.0, 43.00000000000001, 7.000000000000001, 0, 8.929569216523731e-11, 0
2973, 5.0, 43.00000000000001, 7.000000000000001, 0, 8.886012118224247e-11, 0
2986, 31.000000000000004, 43.00000000000001, 7.000000000000001, 0, 7.363103382872289e-10, 0
2987, 33.0, 43.00000000000001, 7.000000000000001, 0, 7.369274947092309e-10, 0
2988, 35.00000000000001, 43.00000000000001, 7.000000000000001, 0, 7.194845410884688e-10, 0
2989, 1.0000000000000002, 45.00000000000001, 7.000000000000001, 0, 8.874663838366029e-11, 0
2990, 3.0, 45.00000000000001, 7.000000000000001, 0, 8.824195701927173e-11, 0
2991, 5.0, 45.00000000000001, 7.000000000000001, 0, 8.767584000707279e-11, 0
3004, 31.000000000000004, 45.00000000000001, 7.000000000000001, 0, 6.833474904375985e-10, 0
3005, 33.0, 45.00000000000001, 7.000000000000001, 0, 7.082969830370934e-10, 0
3006, 35.00000000000001, 45.00000000000001, 7.000000000000001, 0, 7.246936015853336e-10, 0
3007, 1.0000000000000002, 47.0, 7.000000000000001, 0, 8.713902550723338e-11, 0
3008, 3.0, 47.0, 7.000000000000001, 0, 8.884944215403854e-11, 0
3009, 5.0, 47.0, 7.000000000000001, 0, 9.024487306847266e-11, 0
3022, 31.000000000000004, 47.0, 7.000000000000001, 0, 6.430497984919836e-10, 0
3023, 33.0, 47.0, 7.000000000000001, 0, 7.14169522439953e-10, 0
3024, 35.00000000000001, 47.0, 7.000000000000001, 0, 7.841552788523222e-10, 0
3025, 1.0000000000000002, 49.0, 7.000000000000001, 0, 9.42557711566796e-11, 0
3026, 3.0, 49.0, 7.000000000000001, 0, 9.447799277648137e-11, 0
3027, 5.0, 49.0, 7.000000000000001, 0, 9.583604669917685e-11, 0
3040, 31.000000000000004, 49.0, 7.000000000000001, 0, 6.524423515526197e-10, 0
3041, 33.0, 49.0, 7.000000000000001, 0, 7.702728004458536e-10, 0
3042, 35.00000000000001, 49.0, 7.000000000000001, 0, 8.893432805631577e-10, 0
3043, 1.0000000000000002, 50.99999999999999, 7.000000000000001, 0, 1.1708371398193356e-10, 0
3044, 3.0, 50.99999999999999, 7.000000000000001, 0, 1.0964089946992576e-10, 0
3045, 5.0, 50.99999999999999, 7.000000000000001, 0, 1.0371905663399912e-10, 0
3058, 31.000000000000004, 50.99999999999999, 7.000000000000001, 0, 7.430789178425242e-10, 0
3059, 33.0, 50.99999999999999, 7.000000000000001, 0, 8.894673253190976e-10, 0
3060, 35.00000000000001, 50.99999999999999, 7.000000000000001, 0, 1.03968616823576e-09, 0
3061, 1.0000000000000002, 53.0, 7.000000000000001, 0, 1.5603386496294146e-10, 0
3062, 3.0, 53.0, 7.000000000000001, 0, 1.349038482691394e-10, 0
3063, 5.0, 53.0, 7.000000000000001, 0, 1.1342824204455908e-10, 0
3076, 31.000000000000004, 53.0, 7.000000000000001, 0, 8.759964573858378e-10, 0
3077, 33.0, 53.0, 7.000000000000001, 0, 1.0530344641477194e-09, 0
3078, 35.00000000000001, 53.0, 7.000000000000001, 0, 1.2191807407496772e-09, 0
3079, 1.0000000000000002, 55.0, 7.000000000000001, 0, 2.034009185548609e-10, 0
3080, 3.0, 55.0, 7.000000000000001, 0, 1.656718165715262e-10, 0
3081, 5.0, 55.0, 7.000000000000001, 0, 1.2694338976763427e-10, 0
3094, 31.000000000000004, 55.0, 7.000000000000001, 0, 9.888611169598332e-10, 0
3095, 33.0, 55.0, 7.000000000000001, 0, 1.1974556928226814e-09, 0
3096, 35.00000000000001, 55.0, 7.000000000000001, 0, 1.3945387488763875e-09, 0
3097, 1.0000000000000002, 56.99999999999999, 7.000000000000001, 0, 2.4815232277909846e-10, 0
3098, 3.0, 56.99999999999999, 7.000000000000001, 0, 1.989371616763086e-10, 0
3099, 5.0, 56.99999999999999, 7.000000000000001, 0, 1.4854520121095446e-10, 0
3112, 31.000000000000004, 56.99999999999999, 7.000000000000001, 0, 1.0680822656845149e-09, 0
3113, 33.0, 56.99999999999999, 7.000000000000001, 0, 1.2818797365986695e-09, 0
3114, 35.00000000000001, 56.99999999999999, 7.000000000000001, 0, 1.5425382362430196e-09, 0
3115, 1.0000000000000002, 59.0, 7.000000000000001, 0, 2.858437903771735e-10, 0
3116, 3.0, 59.0, 7.000000000000001, 0, 2.397438616516406e-10, 0
3117, 5.0, 59.0, 7.000000000000001, 0, 1.9863238574507248e-10, 0
3130, 31.000000000000004, 59.0, 7.000000000000001, 0, 1.1240934770550478e-09, 0
3131, 33.0, 59.0, 7.000000000000001, 0, 1.3548092349906587e-09, 0
3132, 35.00000000000001, 59.0, 7.000000000000001, 0, 1.6804805155890331e-09, 0
3133, 1.0000000000000002, 61.0, 7.000000000000001, 0, 3.166797576249657e-10, 0
3134, 3.0, 61.0, 7.000000000000001, 0, 2.973206481962704e-10, 0
3135, 5.0, 61.0, 7.000000000000001, 0, 2.9162280283019385e-10, 0
3148, 31.000000000000004, 61.0, 7.000000000000001, 0, 1.2208295699257801e-09, 0
3149, 33.0, 61.0, 7.000000000000001, 0, 1.4753217303154448e-09, 0
3150, 35.00000000000001, 61.0, 7.000000000000001, 0, 1.8520340966999558e-09, 0
3151, 1.0000000000000002, 62.99999999999999, 7.000000000000001, 0, 3.511097771575114e-10, 0
3152, 3.0, 62.99999999999999, 7.000000000000001, 0, 3.819259399632239e-10, 0
3153, 5.0, 62.99999999999999, 7.000000000000001, 0, 4.2569183225944187e-10, 0
3166, 31.000000000000004, 62.99999999999999, 7.000000000000001, 0, 4.359263261222529e-05, 0
3167, 33.0, 62.99999999999999, 7.000000000000001, 0, 1.8165056342886946e-05, 0
3168, 35.00000000000001, 62.99999999999999, 7.000000000000001, 0, 2.1841090091290395e-06, 0
3169, 1.0000000000000002, 65.0, 7.000000000000001, 0, 4.109548468724399e-10, 0
3170, 3.0, 65.0, 7.000000000000001, 0, 4.92131128726087e-10, 0
3171, 5.0, 65.0, 7.000000000000001, 0, 5.827597065760435e-10, 0
3184, 31.000000000000004, 65.0, 7.000000000000001, 0, 9.185876886780043e-05, 0
3185, 33.0, 65.0, 7.000000000000001, 0, 7.107857849121313e-05, 0
3186, 35.00000000000001, 65.0, 7.000000000000001, 0, 2.3866622999490478e-05, 0
3187, 1.0000000000000002, 67.00000000000001, 7.000000000000001, 0, 5.009785817109213e-10, 0
3188, 3.0, 67.00000000000001, 7.000000000000001, 0, 6.183778640914873e-10, 0
3189, 5.0, 67.00000000000001, 7.000000000000001, 0, 7.326508407365985e-10, 0
3202, 31.000000000000004, 67.00000000000001, 7.000000000000001, 1, 0.0001547484795381806, 0
3203, 33.0, 67.00000000000001, 7.000000000000001, 0, 0.00011353238950803841, 0
3204, 35.00000000000001, 67.00000000000001, 7.000000000000001, 0, 9.305681345343635e-05, 0
3205, 1.0000000000000002, 69.0, 7.000000000000001, 0, 6.356127087639824e-10, 0
3206, 3.0, 69.0, 7.000000000000001, 0, 7.388522281061145e-10, 0
3207, 5.0, 69.0, 7.000000000000001, 0, 8.305678315448347e-10, 0
3220, 31.000000000000004, 69.0, 7.000000000000001, 1, 0.0001387171643263402, 0
3221, 33.0, 69.0, 7.000000000000001, 1, 0.00013948678883418588, 0
3222, 35.00000000000001, 69.0, 7.000000000000001, 1, 0.00013529476532343998, 0
3223, 1.0000000000000002, 71.0, 7.000000000000001, 0, 6.978959105096446e-10, 0
3224, 3.0, 71.0, 7.000000000000001, 0, 8.106125942548891e-10, 0
3225, 5.0, 71.0, 7.000000000000001, 0, 8.699082415350152e-10, 0
3238, 31.000000000000004, 71.0, 7.000000000000001, 0, 0.00010533616179898462, 0
3239, 33.0, 71.0, 7.000000000000001, 0, 0.00013646028153640804, 0
3240, 35.00000000000001, 71.0, 7.000000000000001, 1, 0.00016092957374606675, 0
3256, 31.000000000000004, 73.00000000000001, 7.000000000000001, 0, 0.0001022833188377241, 0
3257, 33.0, 73.00000000000001, 7.000000000000001, 1, 0.00013207491877736965, 0
3258, 35.00000000000001, 73.00000000000001, 7.000000000000001, 1, 0.00016156454355649625, 0
3274, 31.000000000000004, 75.0, 7.000000000000001, 0, 0.0001312141052164118, 0
3275, 33.0, 75.0, 7.000000000000001, 1, 0.00014760550129978188, 0
3276, 35.00000000000001, 75.0, 7.000000000000001, 1, 0.00016264591768325545, 0
3292, 31.000000000000004, 77.00000000000001, 7.000000000000001, 1, 0.00016845803326887796, 0
3293, 33.0, 77.00000000000001, 7.000000000000001, 1, 0.00016319926238475557, 0
3294, 35.00000000000001, 77.00000000000001, 7.000000000000001, 1, 0.00014036322058051494, 0
3310, 31.000000000000004, 79.00000000000001, 7.000000000000001, 1, 0.00020292434726527545, 0
3311, 33.0, 79.00000000000001, 7.000000000000001, 1, 0.00015267149532257452, 0
3312, 35.00000000000001, 79.00000000000001, 7.000000000000001, 0, 0.00012315544622209856, 0
3328, 31.000000000000004, 81.0, 7.000000000000001, 1, 0.00020895915587202963, 0
3329, 33.0, 81.0, 7.000000000000001, 1, 0.00015333451497732972, 0
3330, 35.00000000000001, 81.0, 7.000000000000001, 0, 9.061118231905241e-05, 0
3346, 31.000000000000004, 83.00000000000001, 7.000000000000001, 1, 0.00020902136190476082, 0
3347, 33.0, 83.00000000000001, 7.000000000000001, 1, 0.00014797732029417064, 0
3348, 35.00000000000001, 83.00000000000001, 7.000000000000001, 0, 8.373984061477181e-05, 0
3364, 31.000000000000004, 85.00000000000001, 7.000000000000001, 1, 0.00020982334230397167, 0
3365, 33.0, 85.00000000000001, 7.000000000000001, 1, 0.00014631235138935856, 0
3366, 35.00000000000001, 85.00000000000001, 7.000000000000001, 0, 7.88506036451838e-05, 0
3382, 31.000000000000004, 87.0, 7.000000000000001, 1, 0.00022046740632153953, 0
3383, 33.0, 87.0, 7.000000000000001, 1, 0.00015559544731977672, 0
3384, 35.00000000000001, 87.0, 7.000000000000001, 0, 8.145301165241817e-05, 0
3400, 31.000000000000004, 89.00000000000001, 7.000000000000001, 1, 0.0002416948073470365, 0
3401, 33.0, 89.00000000000001, 7.000000000000001, 1, 0.00014013911227786648, 0
3402, 35.00000000000001, 89.00000000000001, 7.000000000000001, 0, 6.731402118145303e-05, 0
3418, 31.000000000000004, 91.00000000000001, 7.000000000000001, 1, 0.00014625454869893247, 0
3419, 33.0, 91.00000000000001, 7.000000000000001, 0, 0.00011097202330339386, 0
3420, 35.00000000000001, 91.00000000000001, 7.000000000000001, 0, 2.5368633238965298e-05, 0
3436, 31.000000000000004, 93.0, 7.000000000000001, 0, 8.073721101867439e-05, 0
3437, 33.0, 93.0, 7.000000000000001, 0, 2.978124425423802e-05, 0
3438, 35.00000000000001, 93.0, 7.000000000000001, 0, 5.847214042101846e-10, 0
3454, 31.000000000000004, 95.00000000000001, 7.000000000000001, 0, 1.3606139284565284e-09, 0
3455, 33.0, 95.00000000000001, 7.000000000000001, 0, 1.0961243680441666e-09, 0
3456, 35.00000000000001, 95.00000000000001, 7.000000000000001, 0, 5.890802545234978e-10, 0
3457, 1.0000000000000002, 1.0000000000000002, 9.000000000000002, 0, 1.1313581182772829e-09, 0
3458, 3.0, 1.0000000000000002, 9.000000000000002, 0, 1.1970214066513892e-09, 0
3475, 1.0000000000000002, 3.0000000000000004, 9.000000000000002, 0, 1.6727075956296981e-09, 0
3476, 3.0, 3.0000000000000004, 9.000000000000002, 0, 1.764264438518566e-09, 0
3493, 1.0000000000000002, 5.000000000000001, 9.000000000000002, 0, 2.150603994754396e-09, 0
3494, 3.0, 5.000000000000001, 9.000000000000002, 0, 2.2773395118810575e-09, 0
3526, 31.000000000000004, 7.000000000000001, 9.000000000000002, 0, 1.0374895099883057e-09, 0
3527, 33.0, 7.000000000000001, 9.000000000000002, 0, 9.422343600298823e-10, 0
3528, 35.00000000000001, 7.000000000000001, 9.000000000000002, 0, 8.156684541836492e-10, 0
3544, 31.000000000000004, 9.000000000000002, 9.000000000000002, 0, 1.047050118497973e-09, 0
3545, 33.0, 9.000000000000002, 9.000000000000002, 0, 9.2184319017816e-10, 0
3546, 35.00000000000001, 9.000000000000002, 9.000000000000002, 0, 7.942543335703058e-10, 0
3562, 31.000000000000004, 11.0, 9.000000000000002, 0, 1.020407897172989e-09, 0
3563, 33.0, 11.0, 9.000000000000002, 0, 8.925210815889565e-10, 0
3564, 35.00000000000001, 11.0, 9.000000000000002, 0, 7.63416680859647e-10, 0
3580, 31.000000000000004, 13.0, 9.000000000000002, 0, 9.601957279884633e-10, 0
3581, 33.0, 13.0, 9.000000000000002, 0, 8.669648387729447e-10, 0
3582, 35.00000000000001, 13.0, 9.000000000000002, 0, 7.735197989248427e-10, 0
3598, 31.000000000000004, 14.999999999999998, 9.000000000000002, 0, 8.986326546983961e-10, 0
3599, 33.0, 14.999999999999998, 9.000000000000002, 0, 8.474832203767391e-10, 0
3600, 35.00000000000001, 14.999999999999998, 9.000000000000002, 0, 7.949670696293805e-10, 0
3616, 31.000000000000004, 17.0, 9.000000000000002, 0, 8.567205436761894e-10, 0
3617, 33.0, 17.0, 9.000000000000002, 0, 8.356034964529949e-10, 0
3618, 35.00000000000001, 17.0, 9.000000000000002, 0, 8.126333370023075e-10, 0
3634, 31.000000000000004, 19.000000000000004, 9.000000000000002, 0, 8.317009884396766e-10, 0
3635, 33.0, 19.000000000000004, 9.000000000000002, 0, 8.265669407537189e-10, 0
3636, 35.00000000000001, 19.000000000000004, 9.000000000000002, 0, 8.203930710695755e-10, 0
3652, 31.000000000000004, 21.0, 9.000000000000002, 0, 8.129212553509453e-10, 0
3653, 33.0, 21.0, 9.000000000000002, 0, 8.16798641734609e-10, 0
3654, 35.00000000000001, 21.0, 9.000000000000002, 0, 8.193621122516332e-10, 0
3670, 31.000000000000004, 23.000000000000004, 9.000000000000002, 0, 7.958619048680499e-10, 0
3671, 33.0, 23.000000000000004, 9.000000000000002, 0, 8.04449555686727e-10, 0
3672, 35.00000000000001, 23.000000000000004, 9.000000000000002, 0, 8.114513577793801e-10, 0
3673, 1.0000000000000002, 25.000000000000004, 9.000000000000002, 0, 1.4246487548346968e-09, 0
3674, 3.0, 25.000000000000004, 9.000000000000002, 0, 1.3259400523982283e-09, 0
3675, 5.0, 25.000000000000004, 9.000000000000002, 0, 1.0154439266246342e-09, 0
3688, 31.000000000000004, 25.000000000000004, 9.000000000000002, 0, 7.773454555511583e-10, 0
3689, 33.0, 25.000000000000004, 9.000000000000002, 0, 7.888351354957114e-10, 0
3690, 35.00000000000001, 25.000000000000004, 9.000000000000002, 0, 7.995373387343875e-10, 0
3691, 1.0000000000000002, 27.0, 9.000000000000002, 0, 1.2189186447701243e-09, 0
3692, 3.0, 27.0, 9.000000000000002, 0, 1.0209052178227834e-09, 0
3693, 5.0, 27.0, 9.000000000000002, 0, 8.716855888265658e-10, 0
3706, 31.000000000000004, 27.0, 9.000000000000002, 0, 7.582383574802598e-10, 0
3707, 33.0, 27.0, 9.000000000000002, 0, 7.711970248070445e-10, 0
3708, 35.00000000000001, 27.0, 9.000000000000002, 0, 7.837239215790199e-10, 0
3709, 1.0000000000000002, 28.999999999999996, 9.000000000000002, 0, 7.16383336904192e-10, 0
3710, 3.0, 28.999999999999996, 9.000000000000002, 0, 6.570306598618226e-10, 0
3711, 5.0, 28.999999999999996, 9.000000000000002, 0, 5.990789050782355e-10, 0
3724, 31.000000000000004, 28.999999999999996, 9.000000000000002, 0, 7.407261822293449e-10, 0
3725, 33.0, 28.999999999999996, 9.000000000000002, 0, 7.536112678309529e-10, 0
3726, 35.00000000000001, 28.999999999999996, 9.000000000000002, 0, 7.669997093840014e-10, 0
3727, 1.0000000000000002, 31.000000000000004, 9.000000000000002, 0, 4.590715982031778e-10, 0
3728, 3.0, 31.000000000000004, 9.000000000000002, 0, 4.050595857160222e-10, 0
3729, 5.0, 31.000000000000004, 9.000000000000002, 0, 3.541973022026659e-10, 0
3742, 31.000000000000004, 31.000000000000004, 9.000000000000002, 0, 7.253721378674312e-10, 0
3743, 33.0, 31.000000000000004, 9.000000000000002, 0, 7.388742465700915e-10, 0
3744, 35.00000000000001, 31.000000000000004, 9.000000000000002, 0, 7.531113572879946e-10, 0
3745, 1.0000000000000002, 33.00000000000001, 9.000000000000002, 0, 3.14867538880591e-10, 0
3746, 3.0, 33.00000000000001, 9.000000000000002, 0, 2.6714546022591294e-10, 0
3747, 5.0, 33.00000000000001, 9.000000000000002, 0, 2.1987897204202638e-10, 0
3760, 31.000000000000004, 33.00000000000001, 9.000000000000002, 0, 7.134970292157162e-10, 0
3761, 33.0, 33.00000000000001, 9.000000000000002, 0, 7.303835373357079e-10, 0
3762, 35.00000000000001, 33.00000000000001, 9.000000000000002, 0, 7.478561615470709e-10, 0
3763, 1.0000000000000002, 35.0, 9.000000000000002, 0, 2.1912968654967877e-10, 0
3764, 3.0, 35.0, 9.000000000000002, 0, 1.884730100309946e-10, 0
3765, 5.0, 35.0, 9.000000000000002, 0, 1.5673381688979192e-10, 0
3778, 31.000000000000004, 35.0, 9.000000000000002, 0, 7.089029942707369e-10, 0
3779, 33.0, 35.0, 9.000000000000002, 0, 7.319358050295501e-10, 0
3780, 35.00000000000001, 35.0, 9.000000000000002, 0, 7.551946062094802e-10, 0
3781, 1.0000000000000002, 37.00000000000001, 9.000000000000002, 0, 1.5349810478107835e-10, 0
3782, 3.0, 37.00000000000001, 9.000000000000002, 0, 1.3846068252582403e-10, 0
3783, 5.0, 37.00000000000001, 9.000000000000002, 0, 1.2418495041856828e-10, 0
3796, 31.000000000000004, 37.00000000000001, 9.000000000000002, 0, 7.29439890534859e-10, 0
3797, 33.0, 37.00000000000001, 9.000000000000002, 0, 7.44448245297889e-10, 0
3798, 35.00000000000001, 37.00000000000001, 9.000000000000002, 0, 7.684349983943661e-10, 0
3799, 1.0000000000000002, 39.00000000000001, 9.000000000000002, 0, 1.1344099779536825e-10, 0
3800, 3.0, 39.00000000000001, 9.000000000000002, 0, 1.0879692045685998e-10, 0
3801, 5.0, 39.00000000000001, 9.000000000000002, 0, 1.0458593409027789e-10, 0
3814, 31.000000000000004, 39.00000000000001, 9.000000000000002, 0, 7.482652888370311e-10, 0
3815, 33.0, 39.00000000000001, 9.000000000000002, 0, 7.615544013442257e-10, 0
3816, 35.00000000000001, 39.00000000000001, 9.000000000000002, 0, 7.696448364937165e-10, 0
3817, 1.0000000000000002, 41.0, 9.000000000000002, 0, 9.565657876875556e-11, 0
3818, 3.0, 41.0, 9.000000000000002, 0, 9.451968898057482e-11, 0
3819, 5.0, 41.0, 9.000000000000002, 0, 9.395457994678528e-11, 0
3832, 31.000000000000004, 41.0, 9.000000000000002, 0, 7.501140241935076e-10, 0
3833, 33.0, 41.0, 9.000000000000002, 0, 7.503145317634188e-10, 0
3834, 35.00000000000001, 41.0, 9.000000000000002, 0, 7.460282099740572e-10, 0
3835, 1.0000000000000002, 43.00000000000001, 9.000000000000002, 0, 9.073918512808838e-11, 0
3836, 3.0, 43.00000000000001, 9.000000000000002, 0, 8.918999786041075e-11, 0
3837, 5.0, 43.00000000000001, 9.000000000000002, 0, 8.886012117500792e-11, 0
3850, 31.000000000000004, 43.00000000000001, 9.000000000000002, 0, 7.046459325190761e-10, 0
3851, 33.0, 43.00000000000001, 9.000000000000002, 0, 7.190419174226264e-10, 0
3852, 35.00000000000001, 43.00000000000001, 9.000000000000002, 0, 7.194829500926641e-10, 0
3853, 1.0000000000000002, 45.00000000000001, 9.000000000000002, 0, 8.685763393129941e-11, 0
3854, 3.0, 45.00000000000001, 9.000000000000002, 0, 8.703816066635429e-11, 0
3855, 5.0, 45.00000000000001, 9.000000000000002, 0, 8.692797394100862e-11, 0
3868, 31.000000000000004, 45.00000000000001, 9.000000000000002, 0, 6.540504011351759e-10, 0
3869, 33.0, 45.00000000000001, 9.000000000000002, 0, 6.914198051047968e-10, 0
3870, 35.00000000000001, 45.00000000000001, 9.000000000000002, 0, 7.243399217507181e-10, 0
3871, 1.0000000000000002, 47.0, 9.000000000000002, 0, 8.476032273705677e-11, 0
3872, 3.0, 47.0, 9.000000000000002, 0, 8.707094807332249e-11, 0
3873, 5.0, 47.0, 9.000000000000002, 0, 8.883879752254284e-11, 0
3886, 31.000000000000004, 47.0, 9.000000000000002, 0, 6.182687228898775e-10, 0
3887, 33.0, 47.0, 9.000000000000002, 0, 6.979022555780301e-10, 0
3888, 35.00000000000001, 47.0, 9.000000000000002, 0, 7.767871325980912e-10, 0
3889, 1.0000000000000002, 49.0, 9.000000000000002, 0, 9.255179488616073e-11, 0
3890, 3.0, 49.0, 9.000000000000002, 0, 9.279210298937458e-11, 0
3891, 5.0, 49.0, 9.000000000000002, 0, 9.4444361627965e-11, 0
3904, 31.000000000000004, 49.0, 9.000000000000002, 0, 6.319080061209825e-10, 0
3905, 33.0, 49.0, 9.000000000000002, 0, 7.515616102463416e-10, 0
3906, 35.00000000000001, 49.0, 9.000000000000002, 0, 8.731434254756704e-10, 0
3907, 1.0000000000000002, 50.99999999999999, 9.000000000000002, 0, 1.1644381460890776e-10, 0
3908, 3.0, 50.99999999999999, 9.000000000000002, 0, 1.0890298689556721e-10, 0
3909, 5.0, 50.99999999999999, 9.000000000000002, 0, 1.0292037602524649e-10, 0
3922, 31.000000000000004, 50.99999999999999, 9.000000000000002, 0, 7.223218364073508e-10, 0
3923, 33.0, 50.99999999999999, 9.000000000000002, 0, 8.668001342356372e-10, 0
3924, 35.00000000000001, 50.99999999999999, 9.000000000000002, 0, 1.0158507216479728e-09, 0
3925, 1.0000000000000002, 53.0, 9.000000000000002, 0, 1.5603386495718532e-10, 0
3926, 3.0, 53.0, 9.000000000000002, 0, 1.3490384825625633e-10, 0
3927, 5.0, 53.0, 9.000000000000002, 0, 1.1341754843871124e-10, 0
3940, 31.000000000000004, 53.0, 9.000000000000002, 0, 8.55575139007415e-10, 0
3941, 33.0, 53.0, 9.000000000000002, 0, 1.0272579081992266e-09, 0
3942, 35.00000000000001, 53.0, 9.000000000000002, 0, 1.1906787179079206e-09, 0
3943, 1.0000000000000002, 55.0, 9.000000000000002, 0, 2.0340091855409421e-10, 0
3944, 3.0, 55.0, 9.000000000000002, 0, 1.6567181656527323e-10, 0
3945, 5.0, 55.0, 9.000000000000002, 0, 1.269433897507867e-10, 0
3958, 31.000000000000004, 55.0, 9.000000000000002, 0, 9.855496475465526e-10, 0
3959, 33.0, 55.0, 9.000000000000002, 0, 1.1768280021270306e-09, 0
3960, 35.00000000000001, 55.0, 9.000000000000002, 0, 1.365918512670974e-09, 0
3961, 1.0000000000000002, 56.99999999999999, 9.000000000000002, 0, 2.4815232277675475e-10, 0
3962, 3.0, 56.99999999999999, 9.000000000000002, 0, 1.9893716166858837e-10, 0
3963, 5.0, 56.99999999999999, 9.000000000000002, 0, 1.4854301898522744e-10, 0
3976, 31.000000000000004, 56.99999999999999, 9.000000000000002, 0, 1.0680800605090192e-09, 0
3977, 33.0, 56.99999999999999, 9.000000000000002, 0, 1.277764257964718e-09, 0
3978, 35.00000000000001, 56.99999999999999, 9.000000000000002, 0, 1.5163244921151864e-09, 0
3979, 1.0000000000000002, 59.0, 9.000000000000002, 0, 2.8584379037311444e-10, 0
3980, 3.0, 59.0, 9.000000000000002, 0, 2.397438616379953e-10, 0
3981, 5.0, 59.0, 9.000000000000002, 0, 1.9297864096596452e-10, 0
3994, 31.000000000000004, 59.0, 9.000000000000002, 0, 1.1240919943392666e-09, 0
3995, 33.0, 59.0, 9.000000000000002, 0, 1.354805781561445e-09, 0
3996, 35.00000000000001, 59.0, 9.000000000000002, 0, 1.649578112822591e-09, 0
3997, 1.0000000000000002, 61.0, 9.000000000000002, 0, 3.166797576167154e-10, 0
3998, 3.0, 61.0, 9.000000000000002, 0, 2.9732064817036035e-10, 0
3999, 5.0, 61.0, 9.000000000000002, 0, 2.767735154641601e-10, 0
4012, 31.000000000000004, 61.0, 9.000000000000002, 0, 1.2207894268200162e-09, 0
4013, 33.0, 61.0, 9.000000000000002, 0, 1.4743760875642999e-09, 0
4014, 35.00000000000001, 61.0, 9.000000000000002, 0, 1.7944207926133035e-09, 0
4015, 1.0000000000000002, 62.99999999999999, 9.000000000000002, 0, 3.511097771444325e-10, 0
4016, 3.0, 62.99999999999999, 9.000000000000002, 0, 3.7858005351619803e-10, 0
4017, 5.0, 62.99999999999999, 9.000000000000002, 0, 4.0284124268731767e-10, 0
4030, 31.000000000000004, 62.99999999999999, 9.000000000000002, 0, 3.4874398701068646e-05, 0
4031, 33.0, 62.99999999999999, 9.000000000000002, 0, 1.4532345736510018e-05, 0
4032, 35.00000000000001, 62.99999999999999, 9.000000000000002, 0, 1.7475941012951799e-06, 0
4033, 1.0000000000000002, 65.0, 9.000000000000002, 0, 4.1095484684390887e-10, 0
4034, 3.0, 65.0, 9.000000000000002, 0, 4.869800594961417e-10, 0
4035, 5.0, 65.0, 9.000000000000002, 0, 5.581579196765039e-10, 0
4048, 31.000000000000004, 65.0, 9.000000000000002, 0, 7.480485732778905e-05, 0
4049, 33.0, 65.0, 9.000000000000002, 0, 5.729046510285091e-05, 0
4050, 35.00000000000001, 65.0, 9.000000000000002, 0, 1.9093598630237105e-05, 0
4051, 1.0000000000000002, 67.00000000000001, 9.000000000000002, 0, 5.009785816435625e-10, 0
4052, 3.0, 67.00000000000001, 9.000000000000002, 0, 6.091303238685086e-10, 0
4053, 5.0, 67.00000000000001, 9.000000000000002, 0, 7.100148037946465e-10, 0
4066, 31.000000000000004, 67.00000000000001, 9.000000000000002, 0, 0.0001273424528283622, 0
4067, 33.0, 67.00000000000001, 9.000000000000002, 0, 9.316828999633115e-05, 0
4068, 35.00000000000001, 67.00000000000001, 9.000000000000002, 0, 7.600159691700333e-05, 0
4069, 1.0000000000000002, 69.0, 9.000000000000002, 0, 6.356127086090283e-10, 0
4070, 3.0, 69.0, 9.000000000000002, 0, 7.249603751931264e-10, 0
4071, 5.0, 69.0, 9.000000000000002, 0, 8.046945982485398e-10, 0
4084, 31.000000000000004, 69.0, 9.000000000000002, 0, 0.00011475786333585486, 0
4085, 33.0, 69.0, 9.000000000000002, 0, 0.00011644319251871317, 0
4086, 35.00000000000001, 69.0, 9.000000000000002, 0, 0.00011593948109903697, 0
4087, 1.0000000000000002, 71.0, 9.000000000000002, 0, 6.978899283446185e-10, 0
4088, 3.0, 71.0, 9.000000000000002, 0, 7.937849153165421e-10, 0
4089, 5.0, 71.0, 9.000000000000002, 0, 8.401135126810212e-10, 0
4102, 31.000000000000004, 71.0, 9.000000000000002, 0, 8.59785273635898e-05, 0
4103, 33.0, 71.0, 9.000000000000002, 0, 0.00011681010584271511, 0
4104, 35.00000000000001, 71.0, 9.000000000000002, 1, 0.00014129068986716448, 0
4120, 31.000000000000004, 73.00000000000001, 9.000000000000002, 0, 8.580170506863739e-05, 0
4121, 33.0, 73.00000000000001, 9.000000000000002, 0, 0.000119000159782556, 0
4122, 35.00000000000001, 73.00000000000001, 9.000000000000002, 1, 0.00014997130304986736, 0
4138, 31.000000000000004, 75.0, 9.000000000000002, 0, 0.00012281782183305744, 0
4139, 33.0, 75.0, 9.000000000000002, 1, 0.00013821939291306775, 0
4140, 35.00000000000001, 75.0, 9.000000000000002, 1, 0.00015911597324430127, 0
4156, 31.000000000000004, 77.00000000000001, 9.000000000000002, 1, 0.00016604729373151053, 0
4157, 33.0, 77.00000000000001, 9.000000000000002, 1, 0.00016285824691715615, 0
4158, 35.00000000000001, 77.00000000000001, 9.000000000000002, 1, 0.0001403632205658984, 0
4174, 31.000000000000004, 79.00000000000001, 9.000000000000002, 1, 0.00020277019863091614, 0
4175, 33.0, 79.00000000000001, 9.000000000000002, 1, 0.00015258219016761664, 0
4176, 35.00000000000001, 79.00000000000001, 9.000000000000002, 0, 0.00012315544621331267, 0
4192, 31.000000000000004, 81.0, 9.000000000000002, 1, 0.00020225468792057713, 0
4193, 33.0, 81.0, 9.000000000000002, 1, 0.00014819672367206028, 0
4194, 35.00000000000001, 81.0, 9.000000000000002, 0, 8.711449082050125e-05, 0
4210, 31.000000000000004, 83.00000000000001, 9.000000000000002, 1, 0.0001964254811500727, 0
4211, 33.0, 83.00000000000001, 9.000000000000002, 1, 0.00013635578353490106, 0
4212, 35.00000000000001, 83.00000000000001, 9.000000000000002, 0, 7.746122193899544e-05, 0
4228, 31.000000000000004, 85.00000000000001, 9.000000000000002, 1, 0.00019399749011348808, 0
4229, 33.0, 85.00000000000001, 9.000000000000002, 1, 0.00013368036312605224, 0
4230, 35.00000000000001, 85.00000000000001, 9.000000000000002, 0, 7.223893848885918e-05, 0
4246, 31.000000000000004, 87.0, 9.000000000000002, 1, 0.00020155372494485131, 0
4247, 33.0, 87.0, 9.000000000000002, 1, 0.000140036258472763, 0
4248, 35.00000000000001, 87.0, 9.000000000000002, 0, 7.280032211240943e-05, 0
4264, 31.000000000000004, 89.00000000000001, 9.000000000000002, 1, 0.00021320350006394018, 0
4265, 33.0, 89.00000000000001, 9.000000000000002, 0, 0.00012646060735862024, 0
4266, 35.00000000000001, 89.00000000000001, 9.000000000000002, 0, 5.899254524520342e-05, 0
4282, 31.000000000000004, 91.00000000000001, 9.000000000000002, 0, 0.0001310038949187424, 0
4283, 33.0, 91.00000000000001, 9.000000000000002, 0, 9.584221175123873e-05, 0
4284, 35.00000000000001, 91.00000000000001, 9.000000000000002, 0, 2.167568314755664e-05, 0
4300, 31.000000000000004, 93.0, 9.000000000000002, 0, 6.801628102566137e-05, 0
4301, 33.0, 93.0, 9.000000000000002, 0, 2.493636363137153e-05, 0
4302, 35.00000000000001, 93.0, 9.000000000000002, 0, 5.646392569233162e-10, 0
4318, 31.000000000000004, 95.00000000000001, 9.000000000000002, 0, 1.2819401014337752e-09, 0
4319, 33.0, 95.00000000000001, 9.000000000000002, 0, 1.023658577243551e-09, 0
4320, 35.00000000000001, 95.00000000000001, 9.000000000000002, 0, 5.627667809424551e-10, 0
4321, 1.0000000000000002, 1.0000000000000002, 11.000000000000002, 0, 1.1313581143411667e-09, 0
4322, 3.0, 1.0000000000000002, 11.000000000000002, 0, 1.197021403863169e-09, 0
4339, 1.0000000000000002, 3.0000000000000004, 11.000000000000002, 0, 1.6388356851182932e-09, 0
4340, 3.0, 3.0000000000000004, 11.000000000000002, 0, 1.7242698347125705e-09, 0
4357, 1.0000000000000002, 5.000000000000001, 11.000000000000002, 0, 2.0628812965910723e-09, 0
4358, 3.0, 5.000000000000001, 11.000000000000002, 0, 2.2038534994297358e-09, 0
4390, 31.000000000000004, 7.000000000000001, 11.000000000000002, 0, 1.0374895099883057e-09, 0
4391, 33.0, 7.000000000000001, 11.000000000000002, 0, 9.422343600298823e-10, 0
4392, 35.00000000000001, 7.000000000000001, 11.000000000000002, 0, 8.156684512052862e-10, 0
4408, 31.000000000000004, 9.000000000000002, 11.000000000000002, 0, 1.047050118497973e-09, 0
4409, 33.0, 9.000000000000002, 11.000000000000002, 0, 9.2184319017816e-10, 0
4410, 35.00000000000001, 9.000000000000002, 11.000000000000002, 0, 7.942543335556868e-10, 0
4426, 31.000000000000004, 11.0, 11.000000000000002, 0, 1.020407897172989e-09, 0
4427, 33.0, 11.0, 11.000000000000002, 0, 8.925210815889565e-10, 0
4428, 35.00000000000001, 11.0, 11.000000000000002, 0, 7.634166808537719e-10, 0
4444, 31.000000000000004, 13.0, 11.000000000000002, 0, 9.601957279884633e-10, 0
4445, 33.0, 13.0, 11.000000000000002, 0, 8.669648387729447e-10, 0
4446, 35.00000000000001, 13.0, 11.000000000000002, 0, 7.735197493468685e-10, 0
4462, 31.000000000000004, 14.999999999999998, 11.000000000000002, 0, 8.986326546983961e-10, 0
4463, 33.0, 14.999999999999998, 11.000000000000002, 0, 8.474832203767391e-10, 0
4464, 35.00000000000001, 14.999999999999998, 11.000000000000002, 0, 7.94966976940079e-10, 0
4480, 31.000000000000004, 17.0, 11.000000000000002, 0, 8.567205436761894e-10, 0
4481, 33.0, 17.0, 11.000000000000002, 0, 8.356034964529949e-10, 0
4482, 35.00000000000001, 17.0, 11.000000000000002, 0, 8.126332875171346e-10, 0
4498, 31.000000000000004, 19.000000000000004, 11.000000000000002, 0, 8.317009884396766e-10, 0
4499, 33.0, 19.000000000000004, 11.000000000000002, 0, 8.265669407537189e-10, 0
4500, 35.00000000000001, 19.000000000000004, 11.000000000000002, 0, 8.203930710695755e-10, 0
4516, 31.000000000000004, 21.0, 11.000000000000002, 0, 8.129212481861636e-10, 0
4517, 33.0, 21.0, 11.000000000000002, 0, 8.167986290035394e-10, 0
4518, 35.00000000000001, 21.0, 11.000000000000002, 0, 8.193620986678001e-10, 0
4534, 31.000000000000004, 23.000000000000004, 11.000000000000002, 0, 7.958619048680499e-10, 0
4535, 33.0, 23.000000000000004, 11.000000000000002, 0, 8.04449555686727e-10, 0
4536, 35.00000000000001, 23.000000000000004, 11.000000000000002, 0, 8.114513570144019e-10, 0
4537, 1.0000000000000002, 25.000000000000004, 11.000000000000002, 0, 1.3600781144642964e-09, 0
4538, 3.0, 25.000000000000004, 11.000000000000002, 0, 1.250253450726373e-09, 0
4539, 5.0, 25.000000000000004, 11.000000000000002, 0, 9.355266245166959e-10, 0
4552, 31.000000000000004, 25.000000000000004, 11.000000000000002, 0, 7.773454555511583e-10, 0
4553, 33.0, 25.000000000000004, 11.000000000000002, 0, 7.888351354957114e-10, 0
4554, 35.00000000000001, 25.000000000000004, 11.000000000000002, 0, 7.995373387343875e-10, 0
4555, 1.0000000000000002, 27.0, 11.000000000000002, 0, 1.1776543579981985e-09, 0
4556, 3.0, 27.0, 11.000000000000002, 0, 9.705834035026014e-10, 0
4557, 5.0, 27.0, 11.000000000000002, 0, 8.104730303025842e-10, 0
4570, 31.000000000000004, 27.0, 11.000000000000002, 0, 7.582383574802598e-10, 0
4571, 33.0, 27.0, 11.000000000000002, 0, 7.711970248070445e-10, 0
4572, 35.00000000000001, 27.0, 11.000000000000002, 0, 7.837239215790199e-10, 0
4573, 1.0000000000000002, 28.999999999999996, 11.000000000000002, 0, 7.084933900088425e-10, 0
4574, 3.0, 28.999999999999996, 11.000000000000002, 0, 6.417052248546579e-10, 0
4575, 5.0, 28.999999999999996, 11.000000000000002, 0, 5.759192956708835e-10, 0
4588, 31.000000000000004, 28.999999999999996, 11.000000000000002, 0, 7.407261822293449e-10, 0
4589, 33.0, 28.999999999999996, 11.000000000000002, 0, 7.536112678309529e-10, 0
4590, 35.00000000000001, 28.999999999999996, 11.000000000000002, 0, 7.669996576348301e-10, 0
4591, 1.0000000000000002, 31.000000000000004, 11.000000000000002, 0, 4.5907159815559505e-10, 0
4592, 3.0, 31.000000000000004, 11.000000000000002, 0, 4.0505958495871423e-10, 0
4593, 5.0, 31.000000000000004, 11.000000000000002, 0, 3.541972986874753e-10, 0
4606, 31.000000000000004, 31.000000000000004, 11.000000000000002, 0, 7.253721378674312e-10, 0
4607, 33.0, 31.000000000000004, 11.000000000000002, 0, 7.388741855077219e-10, 0
4608, 35.00000000000001, 31.000000000000004, 11.000000000000002, 0, 7.531111120340684e-10, 0
4609, 1.0000000000000002, 33.00000000000001, 11.000000000000002, 0, 3.1486753886319924e-10, 0
4610, 3.0, 33.00000000000001, 11.000000000000002, 0, 2.6714546015404067e-10, 0
4611, 5.0, 33.00000000000001, 11.000000000000002, 0, 2.1987897190767907e-10, 0
4624, 31.000000000000004, 33.00000000000001, 11.000000000000002, 0, 7.134970292157162e-10, 0
4625, 33.0, 33.00000000000001, 11.000000000000002, 0, 7.303833689014316e-10, 0
4626, 35.00000000000001, 33.00000000000001, 11.000000000000002, 0, 7.478557298679987e-10, 0
4627, 1.0000000000000002, 35.0, 11.000000000000002, 0, 2.1912968654203495e-10, 0
4628, 3.0, 35.0, 11.000000000000002, 0, 1.8847301000457326e-10, 0
4629, 5.0, 35.0, 11.000000000000002, 0, 1.5673381684290794e-10, 0
4642, 31.000000000000004, 35.0, 11.000000000000002, 0, 7.089029925248824e-10, 0
4643, 33.0, 35.0, 11.000000000000002, 0, 7.319355271285999e-10, 0
4644, 35.00000000000001, 35.0, 11.000000000000002, 0, 7.551939686834704e-10, 0
4645, 1.0000000000000002, 37.00000000000001, 11.000000000000002, 0, 1.534981047778419e-10, 0
4646, 3.0, 37.00000000000001, 11.000000000000002, 0, 1.3846068251339957e-10, 0
4647, 5.0, 37.00000000000001, 11.000000000000002, 0, 1.2418495039877447e-10, 0
4660, 31.000000000000004, 37.00000000000001, 11.000000000000002, 0, 7.225375639233993e-10, 0
4661, 33.0, 37.00000000000001, 11.000000000000002, 0, 7.439704406007341e-10, 0
4662, 35.00000000000001, 37.00000000000001, 11.000000000000002, 0, 7.684341433486573e-10, 0
4663, 1.0000000000000002, 39.00000000000001, 11.000000000000002, 0, 1.1344099779347272e-10, 0
4664, 3.0, 39.00000000000001, 11.000000000000002, 0, 1.0879692044994834e-10, 0
4665, 5.0, 39.00000000000001, 11.000000000000002, 0, 1.0458593407775119e-10, 0
4678, 31.000000000000004, 39.00000000000001, 11.000000000000002, 0, 7.334932943972213e-10, 0
4679, 33.0, 39.00000000000001, 11.000000000000002, 0, 7.542722787692193e-10, 0
4680, 35.00000000000001, 39.00000000000001, 11.000000000000002, 0, 7.694499857957117e-10, 0
4681, 1.0000000000000002, 41.0, 11.000000000000002, 0, 9.562887221595383e-11, 0
4682, 3.0, 41.0, 11.000000000000002, 0, 9.45196889769698e-11, 0
4683, 5.0, 41.0, 11.000000000000002, 0, 9.395457994090663e-11, 0
4696, 31.000000000000004, 41.0, 11.000000000000002, 0, 7.300771395073843e-10, 0
4697, 33.0, 41.0, 11.000000000000002, 0, 7.396518744404704e-10, 0
4698, 35.00000000000001, 41.0, 11.000000000000002, 0, 7.447051372976105e-10, 0
4699, 1.0000000000000002, 43.00000000000001, 11.000000000000002, 0, 8.843388301081669e-11, 0
4700, 3.0, 43.00000000000001, 11.000000000000002, 0, 8.836332889438227e-11, 0
4701, 5.0, 43.00000000000001, 11.000000000000002, 0, 8.886012117141191e-11, 0
4714, 31.000000000000004, 43.00000000000001, 11.000000000000002, 0, 6.872938812663478e-10, 0
4715, 33.0, 43.00000000000001, 11.000000000000002, 0, 7.071779849667668e-10, 0
4716, 35.00000000000001, 43.00000000000001, 11.000000000000002, 0, 7.154024295155831e-10, 0
4717, 1.0000000000000002, 45.00000000000001, 11.000000000000002, 0, 8.349685769413255e-11, 0
4718, 3.0, 45.00000000000001, 11.000000000000002, 0, 8.510355175978899e-11, 0
4719, 5.0, 45.00000000000001, 11.000000000000002, 0, 8.677984189219162e-11, 0
4732, 31.000000000000004, 45.00000000000001, 11.000000000000002, 0, 6.402214782263781e-10, 0
4733, 33.0, 45.00000000000001, 11.000000000000002, 0, 6.784260674783344e-10, 0
4734, 35.00000000000001, 45.00000000000001, 11.000000000000002, 0, 7.130630729650841e-10, 0
4735, 1.0000000000000002, 47.0, 11.000000000000002, 0, 8.16846307979625e-11, 0
4736, 3.0, 47.0, 11.000000000000002, 0, 8.487684072506794e-11, 0
4737, 5.0, 47.0, 11.000000000000002, 0, 8.809654537193334e-11, 0
4750, 31.000000000000004, 47.0, 11.000000000000002, 0, 6.077319754685233e-10, 0
4751, 33.0, 47.0, 11.000000000000002, 0, 6.813249348139613e-10, 0
4752, 35.00000000000001, 47.0, 11.000000000000002, 0, 7.533615598361852e-10, 0
4753, 1.0000000000000002, 49.0, 11.000000000000002, 0, 9.02829878816823e-11, 0
4754, 3.0, 49.0, 11.000000000000002, 0, 9.117417123586442e-11, 0
4755, 5.0, 49.0, 11.000000000000002, 0, 9.362560551342807e-11, 0
4768, 31.000000000000004, 49.0, 11.000000000000002, 0, 6.240950989783441e-10, 0
4769, 33.0, 49.0, 11.000000000000002, 0, 7.308492551391479e-10, 0
4770, 35.00000000000001, 49.0, 11.000000000000002, 0, 8.362767766493782e-10, 0
4771, 1.0000000000000002, 50.99999999999999, 11.000000000000002, 0, 1.1557327217391935e-10, 0
4772, 3.0, 50.99999999999999, 11.000000000000002, 0, 1.0842773252107283e-10, 0
4773, 5.0, 50.99999999999999, 11.000000000000002, 0, 1.0250217448381229e-10, 0
4786, 31.000000000000004, 50.99999999999999, 11.000000000000002, 0, 7.15527524668645e-10, 0
4787, 33.0, 50.99999999999999, 11.000000000000002, 0, 8.395082597365786e-10, 0
4788, 35.00000000000001, 50.99999999999999, 11.000000000000002, 0, 9.693229096124188e-10, 0
4789, 1.0000000000000002, 53.0, 11.000000000000002, 0, 1.5603386495002783e-10, 0
4790, 3.0, 53.0, 11.000000000000002, 0, 1.349038482447992e-10, 0
4791, 5.0, 53.0, 11.000000000000002, 0, 1.1341500099015617e-10, 0
4804, 31.000000000000004, 53.0, 11.000000000000002, 0, 8.525714141443711e-10, 0
4805, 33.0, 53.0, 11.000000000000002, 0, 9.965658503879712e-10, 0
4806, 35.00000000000001, 53.0, 11.000000000000002, 0, 1.1348022329564118e-09, 0
4807, 1.0000000000000002, 55.0, 11.000000000000002, 0, 2.034009185534173e-10, 0
4808, 3.0, 55.0, 11.000000000000002, 0, 1.6567181655877697e-10, 0
4809, 5.0, 55.0, 11.000000000000002, 0, 1.269433897363172e-10, 0
4822, 31.000000000000004, 55.0, 11.000000000000002, 0, 9.855444445222686e-10, 0
4823, 33.0, 55.0, 11.000000000000002, 0, 1.1501600542080315e-09, 0
4824, 35.00000000000001, 55.0, 11.000000000000002, 0, 1.3064246246884664e-09, 0
4825, 1.0000000000000002, 56.99999999999999, 11.000000000000002, 0, 2.4815232277485627e-10, 0
4826, 3.0, 56.99999999999999, 11.000000000000002, 0, 1.9893716166247468e-10, 0
4827, 5.0, 56.99999999999999, 11.000000000000002, 0, 1.485429118649378e-10, 0
4840, 31.000000000000004, 56.99999999999999, 11.000000000000002, 0, 1.068078584853414e-09, 0
4841, 33.0, 56.99999999999999, 11.000000000000002, 0, 1.2639895756269278e-09, 0
4842, 35.00000000000001, 56.99999999999999, 11.000000000000002, 0, 1.4562462242628057e-09, 0
4843, 1.0000000000000002, 59.0, 11.000000000000002, 0, 2.858437903696041e-10, 0
4844, 3.0, 59.0, 11.000000000000002, 0, 2.3974386162683604e-10, 0
4845, 5.0, 59.0, 11.000000000000002, 0, 1.9168579268612175e-10, 0
4858, 31.000000000000004, 59.0, 11.000000000000002, 0, 1.1240910016454724e-09, 0
4859, 33.0, 59.0, 11.000000000000002, 0, 1.3537867661676882e-09, 0
4860, 35.00000000000001, 59.0, 11.000000000000002, 0, 1.586238520956151e-09, 0
4861, 1.0000000000000002, 61.0, 11.000000000000002, 0, 3.16679757609652e-10, 0
4862, 3.0, 61.0, 11.000000000000002, 0, 2.9732064814981034e-10, 0
4863, 5.0, 61.0, 11.000000000000002, 0, 2.7059144030919494e-10, 0
4876, 31.000000000000004, 61.0, 11.000000000000002, 0, 1.2207626695241936e-09, 0
4877, 33.0, 61.0, 11.000000000000002, 0, 1.47080659624409e-09, 0
4878, 35.00000000000001, 61.0, 11.000000000000002, 0, 1.7168472773046953e-09, 0
4879, 1.0000000000000002, 62.99999999999999, 11.000000000000002, 0, 3.5110977713329474e-10, 0
4880, 3.0, 62.99999999999999, 11.000000000000002, 0, 3.7858005347337613e-10, 0
4881, 5.0, 62.99999999999999, 11.000000000000002, 0, 3.932965345925629e-10, 0
4894, 31.000000000000004, 62.99999999999999, 11.000000000000002, 0, 2.906227360889913e-05, 0
4895, 33.0, 62.99999999999999, 11.000000000000002, 0, 1.211053910498591e-05, 0
4896, 35.00000000000001, 62.99999999999999, 11.000000000000002, 0, 1.456552415637541e-06, 0
4897, 1.0000000000000002, 65.0, 11.000000000000002, 0, 4.10954846819731e-10, 0
4898, 3.0, 65.0, 11.000000000000002, 0, 4.869800593924126e-10, 0
4899, 5.0, 65.0, 11.000000000000002, 0, 5.500215053020127e-10, 0
4912, 31.000000000000004, 65.0, 11.000000000000002, 0, 6.23376537386243e-05, 0
4913, 33.0, 65.0, 11.000000000000002, 0, 4.774230380266635e-05, 0
4914, 35.00000000000001, 65.0, 11.000000000000002, 0, 1.5911556576381782e-05, 0
4915, 1.0000000000000002, 67.00000000000001, 11.000000000000002, 0, 5.009785815879754e-10, 0
4916, 3.0, 67.00000000000001, 11.000000000000002, 0, 6.09122385699661e-10, 0
4917, 5.0, 67.00000000000001, 11.000000000000002, 0, 7.016189654957191e-10, 0
4930, 31.000000000000004, 67.00000000000001, 11.000000000000002, 0, 0.00010611896143839186, 0
4931, 33.0, 67.00000000000001, 11.000000000000002, 0, 7.764047574421257e-05, 0
4932, 35.00000000000001, 67.00000000000001, 11.000000000000002, 0, 6.333487883018651e-05, 0
4933, 1.0000000000000002, 69.0, 11.000000000000002, 0, 6.35612708480466e-10, 0
4934, 3.0, 69.0, 11.000000000000002, 0, 7.165749734206052e-10, 0
4935, 5.0, 69.0, 11.000000000000002, 0, 7.889718212623647e-10, 0
4948, 31.000000000000004, 69.0, 11.000000000000002, 0, 9.563179494080732e-05, 0
4949, 33.0, 69.0, 11.000000000000002, 0, 9.750970180210771e-05, 0
4950, 35.00000000000001, 69.0, 11.000000000000002, 0, 9.810823781628686e-05, 0
4951, 1.0000000000000002, 71.0, 11.000000000000002, 0, 6.941428824001206e-10, 0
4952, 3.0, 71.0, 11.000000000000002, 0, 7.787561962243644e-10, 0
4953, 5.0, 71.0, 11.000000000000002, 0, 8.221505224565955e-10, 0
4966, 31.000000000000004, 71.0, 11.000000000000002, 0, 7.164901479160746e-05, 0
4967, 33.0, 71.0, 11.000000000000002, 0, 9.936820779044592e-05, 0
4968, 35.00000000000001, 71.0, 11.000000000000002, 0, 0.00012313725650007953, 0
4984, 31.000000000000004, 73.00000000000001, 11.000000000000002, 0, 7.276033442729752e-05, 0
4985, 33.0, 73.00000000000001, 11.000000000000002, 0, 0.00010486173021496592, 0
4986, 35.00000000000001, 73.00000000000001, 11.000000000000002, 1, 0.0001346029182785484, 0
5002, 31.000000000000004, 75.0, 11.000000000000002, 0, 0.00011380216514401258, 0
5003, 33.0, 75.0, 11.000000000000002, 0, 0.00012951658416979114, 0
5004, 35.00000000000001, 75.0, 11.000000000000002, 1, 0.0001481860362549995, 0
5020, 31.000000000000004, 77.00000000000001, 11.000000000000002, 1, 0.0001617387743008412, 0
5021, 33.0, 77.00000000000001, 11.000000000000002, 1, 0.000157961978866126, 0
5022, 35.00000000000001, 77.00000000000001, 11.000000000000002, 1, 0.0001373062416522316, 0
5038, 31.000000000000004, 79.00000000000001, 11.000000000000002, 1, 0.00019963314560590416, 0
5039, 33.0, 79.00000000000001, 11.000000000000002, 1, 0.0001486517884921357, 0
5040, 35.00000000000001, 79.00000000000001, 11.000000000000002, 0, 0.0001225592734283449, 0
5056, 31.000000000000004, 81.0, 11.000000000000002, 1, 0.0001942260862728042, 0
5057, 33.0, 81.0, 11.000000000000002, 1, 0.00014273475755354238, 0
5058, 35.00000000000001, 81.0, 11.000000000000002, 0, 8.412177380176281e-05, 0
5074, 31.000000000000004, 83.00000000000001, 11.000000000000002, 1, 0.00017975497764983241, 0
5075, 33.0, 83.00000000000001, 11.000000000000002, 0, 0.00012743222275689574, 0
5076, 35.00000000000001, 83.00000000000001, 11.000000000000002, 0, 7.008340686654813e-05, 0
5092, 31.000000000000004, 85.00000000000001, 11.000000000000002, 1, 0.00017400211613232555, 0
5093, 33.0, 85.00000000000001, 11.000000000000002, 0, 0.00012025212909408528, 0
5094, 35.00000000000001, 85.00000000000001, 11.000000000000002, 0, 6.334251877157911e-05, 0
5110, 31.000000000000004, 87.0, 11.000000000000002, 1, 0.00017762380537662852, 0
5111, 33.0, 87.0, 11.000000000000002, 0, 0.00012283018324618557, 0
5112, 35.00000000000001, 87.0, 11.000000000000002, 0, 6.276150121550746e-05, 0
5128, 31.000000000000004, 89.00000000000001, 11.000000000000002, 1, 0.00018450880400213907, 0
5129, 33.0, 89.00000000000001, 11.000000000000002, 0, 0.00010909961797703037, 0
5130, 35.00000000000001, 89.00000000000001, 11.000000000000002, 0, 4.981365981961174e-05, 0
5146, 31.000000000000004, 91.00000000000001, 11.000000000000002, 0, 0.00011195239512755168, 0
5147, 33.0, 91.00000000000001, 11.000000000000002, 0, 8.079353372121545e-05, 0
5148, 35.00000000000001, 91.00000000000001, 11.000000000000002, 0, 1.806313971817916e-05, 0
5164, 31.000000000000004, 93.0, 11.000000000000002, 0, 5.6680357305558004e-05, 0
5165, 33.0, 93.0, 11.000000000000002, 0, 2.0780398348400524e-05, 0
5166, 35.00000000000001, 93.0, 11.000000000000002, 0, 5.303738031790082e-10, 0
5182, 31.000000000000004, 95.00000000000001, 11.000000000000002, 0, 1.2048743491882806e-09, 0
5183, 33.0, 95.00000000000001, 11.000000000000002, 0, 9.519987892274323e-10, 0
5184, 35.00000000000001, 95.00000000000001, 11.000000000000002, 0, 5.248947964025978e-10, 0
3, 5.0, 1.0000000000000002, 1.0000000000000002, 1, 1.1460831625e-05, 0
4, 7.000000000000001, 1.0000000000000002, 1.0000000000000002, 1, 6.93438225e-05, 0
5, 9.0, 1.0000000000000002, 1.0000000000000002, 1, 0.0001322482725, 0
6, 11.000000000000002, 1.0000000000000002, 1.0000000000000002, 1, 0.00014845738125, 0
7, 13.0, 1.0000000000000002, 1.0000000000000002, 1, 0.00014259920625, 0
8, 15.0, 1.0000000000000002, 1.0000000000000002, 1, 0.00013716907375, 0
9, 17.000000000000004, 1.0000000000000002, 1.0000000000000002, 1, 0.000141602285, 0
10, 19.000000000000004, 1.0000000000000002, 1.0000000000000002, 1, 0.00015318797375, 0
11, 21.000000000000004, 1.0000000000000002, 1.0000000000000002, 1, 0.000160801275, 0
12, 23.0, 1.0000000000000002, 1.0000000000000002, 1, 0.00015328839875, 0
13, 25.000000000000004, 1.0000000000000002, 1.0000000000000002, 1, 0.0001295750125, 0
14, 26.999999999999996, 1.0000000000000002, 1.0000000000000002, 1, 9.791540875e-05, 0
15, 29.0, 1.0000000000000002, 1.0000000000000002, 1, 6.40240675e-05, 0
16, 31.000000000000004, 1.0000000000000002, 1.0000000000000002, 1, 3.2188831249999996e-05, 0
17, 33.0, 1.0000000000000002, 1.0000000000000002, 1, 1.058285175e-05, 0
18, 35.00000000000001, 1.0000000000000002, 1.0000000000000002, 1, 1.29160455e-06, 0
21, 5.0, 3.0000000000000004, 1.0000000000000002, 1, 0.0001105244675, 0
22, 7.000000000000001, 3.0000000000000004, 1.0000000000000002, 1, 0.00016283110625, 0
23, 9.0, 3.0000000000000004, 1.0000000000000002, 1, 0.00014356270625000002, 0
24, 11.000000000000002, 3.0000000000000004, 1.0000000000000002, 1, 0.00012061290625, 0
25, 13.0, 3.0000000000000004, 1.0000000000000002, 1, 9.352192375e-05, 0
26, 15.0, 3.0000000000000004, 1.0000000000000002, 1, 7.247715750000001e-05, 0
27, 17.000000000000004, 3.0000000000000004, 1.0000000000000002, 1, 6.142388250000001e-05, 0
28, 19.000000000000004, 3.0000000000000004, 1.0000000000000002, 1, 5.913866375e-05, 0
29, 21.000000000000004, 3.0000000000000004, 1.0000000000000002, 1, 5.8877249999999996e-05, 0
30, 23.0, 3.0000000000000004, 1.0000000000000002, 1, 5.2694265e-05, 0
31, 25.000000000000004, 3.0000000000000004, 1.0000000000000002, 1, 3.849754375e-05, 0
32, 26.999999999999996, 3.0000000000000004, 1.0000000000000002, 1, 2.347051125e-05, 0
33, 29.0, 3.0000000000000004, 1.0000000000000002, 1, 1.52852935e-05, 0
34, 31.000000000000004, 3.0000000000000004, 1.0000000000000002, 1, 9.542940625e-06, 0
35, 33.0, 3.0000000000000004, 1.0000000000000002, 1, 5.77452e-06, 0
36, 35.00000000000001, 3.0000000000000004, 1.0000000000000002, 1, 2.03423125e-06, 0
39, 5.0, 5.000000000000001, 1.0000000000000002, 1, 0.000752062925, 0
40, 7.000000000000001, 5.000000000000001, 1.0000000000000002, 1, 0.00022616941875, 0
41, 9.0, 5.000000000000001, 1.0000000000000002, 1, 0.00015836144625, 0
42, 11.000000000000002, 5.000000000000001, 1.0000000000000002, 1, 0.00013139212124999998, 0
43, 13.0, 5.000000000000001, 1.0000000000000002, 1, 0.00011256660125, 0
44, 15.0, 5.000000000000001, 1.0000000000000002, 1, 9.485370875000001e-05, 0
45, 17.000000000000004, 5.000000000000001, 1.0000000000000002, 1, 7.835146375e-05, 0
46, 19.000000000000004, 5.000000000000001, 1.0000000000000002, 1, 6.43945325e-05, 0
47, 21.000000000000004, 5.000000000000001, 1.0000000000000002, 1, 5.3459803750000005e-05, 0
48, 23.0, 5.000000000000001, 1.0000000000000002, 1, 4.5277538749999996e-05, 0
49, 25.000000000000004, 5.000000000000001, 1.0000000000000002, 1, 3.896393875e-05, 0
50, 26.999999999999996, 5.000000000000001, 1.0000000000000002, 1, 3.185456e-05, 0
51, 29.0, 5.000000000000001, 1.0000000000000002, 1, 3.880009375e-05, 0
52, 31.000000000000004, 5.000000000000001, 1.0000000000000002, 1, 8.478451000000002e-05, 0
53, 33.0, 5.000000000000001, 1.0000000000000002, 1, 1.1006032125e-05, 0
54, 35.00000000000001, 5.000000000000001, 1.0000000000000002, 1, 9.674182875e-07, 0
55, 1.0000000000000002, 7.000000000000001, 1.0000000000000002, 1, 4.8865965e-05, 0
56, 3.0, 7.000000000000001, 1.0000000000000002, 1, 0.0010383060124999999, 0
57, 5.0, 7.000000000000001, 1.0000000000000002, 1, 0.0004143135625, 0
58, 7.000000000000001, 7.000000000000001, 1.0000000000000002, 1, 0.0001854402125, 0
59, 9.0, 7.000000000000001, 1.0000000000000002, 1, 0.000135750875, 0
69, 29.0, 7.000000000000001, 1.0000000000000002, 1, 0.0001395687925, 0
73, 1.0000000000000002, 9.000000000000002, 1.0000000000000002, 1, 0.0028358701750000005, 0
74, 3.0, 9.000000000000002, 1.0000000000000002, 1, 0.00086121085, 0
75, 5.0, 9.000000000000002, 1.0000000000000002, 1, 0.0002632142125, 0
76, 7.000000000000001, 9.000000000000002, 1.0000000000000002, 1, 0.000140204825, 0
77, 9.0, 9.000000000000002, 1.0000000000000002, 1, 0.00012790374375000002, 0
87, 29.0, 9.000000000000002, 1.0000000000000002, 1, 4.539362875e-05, 0
91, 1.0000000000000002, 11.0, 1.0000000000000002, 1, 0.00143401875, 0
92, 3.0, 11.0, 1.0000000000000002, 1, 0.0004829531625, 0
93, 5.0, 11.0, 1.0000000000000002, 1, 0.000182154075, 0
94, 7.000000000000001, 11.0, 1.0000000000000002, 1, 0.00012350795874999999, 0
95, 9.0, 11.0, 1.0000000000000002, 1, 0.00011867770750000002, 0
105, 29.0, 11.0, 1.0000000000000002, 1, 5.560980124999999e-05, 0
109, 1.0000000000000002, 13.0, 1.0000000000000002, 1, 0.0003088630625, 0
110, 3.0, 13.0, 1.0000000000000002, 1, 0.000331391175, 0
111, 5.0, 13.0, 1.0000000000000002, 1, 0.0002060513, 0
112, 7.000000000000001, 13.0, 1.0000000000000002, 1, 0.00014296806999999998, 0
113, 9.0, 13.0, 1.0000000000000002, 1, 0.00011210144625, 0
123, 29.0, 13.0, 1.0000000000000002, 1, 0.000132277525, 0
127, 1.0000000000000002, 14.999999999999998, 1.0000000000000002, 1, 0.00020264427500000002, 0
128, 3.0, 14.999999999999998, 1.0000000000000002, 1, 0.00030012987499999997, 0
129, 5.0, 14.999999999999998, 1.0000000000000002, 1, 0.00026873691250000004, 0
130, 7.000000000000001, 14.999999999999998, 1.0000000000000002, 1, 0.00018359973749999998, 0
131, 9.0, 14.999999999999998, 1.0000000000000002, 1, 0.00011524563875, 0
141, 29.0, 14.999999999999998, 1.0000000000000002, 1, 0.00015992912749999998, 0
145, 1.0000000000000002, 17.0, 1.0000000000000002, 1, 0.0003454157875, 0
146, 3.0, 17.0, 1.0000000000000002, 1, 0.0004453603125, 0
147, 5.0, 17.0, 1.0000000000000002, 1, 0.0003491156875, 0
148, 7.000000000000001, 17.0, 1.0000000000000002, 1, 0.000232426525, 0
149, 9.0, 17.0, 1.0000000000000002, 1, 0.00012889900875, 0
159, 29.0, 17.0, 1.0000000000000002, 1, 0.00020036565000000002, 0
163, 1.0000000000000002, 19.000000000000004, 1.0000000000000002, 1, 0.0009259888500000001, 0
164, 3.0, 19.000000000000004, 1.0000000000000002, 1, 0.0005093533, 0
165, 5.0, 19.000000000000004, 1.0000000000000002, 1, 0.0003712743625, 0
166, 7.000000000000001, 19.000000000000004, 1.0000000000000002, 1, 0.0002639566625, 0
167, 9.0, 19.000000000000004, 1.0000000000000002, 1, 0.000143722725, 0
177, 29.0, 19.000000000000004, 1.0000000000000002, 1, 0.0002502803, 0
181, 1.0000000000000002, 21.0, 1.0000000000000002, 1, 0.00052323223375, 0
182, 3.0, 21.0, 1.0000000000000002, 1, 0.0002292582625, 0
183, 5.0, 21.0, 1.0000000000000002, 1, 0.00027967455, 0
184, 7.000000000000001, 21.0, 1.0000000000000002, 1, 0.00024225543750000002, 0
185, 9.0, 21.0, 1.0000000000000002, 1, 0.0001294875525, 0
195, 29.0, 21.0, 1.0000000000000002, 1, 0.0003077998, 0
199, 1.0000000000000002, 23.000000000000004, 1.0000000000000002, 1, 3.6322467499999997e-06, 0
200, 3.0, 23.000000000000004, 1.0000000000000002, 1, 2.4587189000000004e-05, 0
201, 5.0, 23.000000000000004, 1.0000000000000002, 1, 0.0001705812175, 0
202, 7.000000000000001, 23.000000000000004, 1.0000000000000002, 1, 0.0001608634125, 0
203, 9.0, 23.000000000000004, 1.0000000000000002, 1, 8.154913625e-05, 0
213, 29.0, 23.000000000000004, 1.0000000000000002, 1, 0.000372796075, 0
220, 7.000000000000001, 25.000000000000004, 1.0000000000000002, 1, 0.00030031666499999996, 0
231, 29.0, 25.000000000000004, 1.0000000000000002, 1, 0.00044537639999999996, 0
238, 7.000000000000001, 27.0, 1.0000000000000002, 1, 0.00011503306375, 0
249, 29.0, 27.0, 1.0000000000000002, 1, 0.0005257446500000001, 0
256, 7.000000000000001, 28.999999999999996, 1.0000000000000002, 1, 4.5214127499999996e-05, 0
267, 29.0, 28.999999999999996, 1.0000000000000002, 1, 0.00061428255, 0
274, 7.000000000000001, 31.000000000000004, 1.0000000000000002, 1, 3.776355375e-05, 0
285, 29.0, 31.000000000000004, 1.0000000000000002, 1, 0.0007116844, 0
292, 7.000000000000001, 33.00000000000001, 1.0000000000000002, 1, 0.0001091580975, 0
303, 29.0, 33.00000000000001, 1.0000000000000002, 1, 0.0008188401125, 0
310, 7.000000000000001, 35.0, 1.0000000000000002, 1, 8.610966875e-05, 0
321, 29.0, 35.0, 1.0000000000000002, 1, 0.0009372145875, 0
328, 7.000000000000001, 37.00000000000001, 1.0000000000000002, 1, 6.698741125e-05, 0
339, 29.0, 37.00000000000001, 1.0000000000000002, 1, 0.00106129815, 0
346, 7.000000000000001, 39.00000000000001, 1.0000000000000002, 1, 5.2591103750000004e-05, 0
357, 29.0, 39.00000000000001, 1.0000000000000002, 1, 0.0007417033375, 0
364, 7.000000000000001, 41.0, 1.0000000000000002, 1, 4.091650000000001e-05, 0
375, 29.0, 41.0, 1.0000000000000002, 1, 0.0005207519875, 0
382, 7.000000000000001, 43.00000000000001, 1.0000000000000002, 1, 3.13886375e-05, 0
393, 29.0, 43.00000000000001, 1.0000000000000002, 1, 0.0002642403125, 0
400, 7.000000000000001, 45.00000000000001, 1.0000000000000002, 1, 2.3611465e-05, 0
411, 29.0, 45.00000000000001, 1.0000000000000002, 1, 0.00010364767499999999, 0
418, 7.000000000000001, 47.0, 1.0000000000000002, 1, 1.73891125e-05, 0
429, 29.0, 47.0, 1.0000000000000002, 1, 5.757131e-05, 0
436, 7.000000000000001, 49.0, 1.0000000000000002, 1, 1.2630653375e-05, 0
447, 29.0, 49.0, 1.0000000000000002, 1, 3.924244875e-05, 0
454, 7.000000000000001, 50.99999999999999, 1.0000000000000002, 1, 9.3218885e-06, 0
465, 29.0, 50.99999999999999, 1.0000000000000002, 1, 3.9617454999999995e-05, 0
472, 7.000000000000001, 53.0, 1.0000000000000002, 1, 7.526658125e-06, 0
483, 29.0, 53.0, 1.0000000000000002, 1, 9.78634925e-05, 0
490, 7.000000000000001, 55.0, 1.0000000000000002, 1, 7.424345250000001e-06, 0
501, 29.0, 55.0, 1.0000000000000002, 1, 5.319811525e-05, 0
508, 7.000000000000001, 56.99999999999999, 1.0000000000000002, 1, 9.442551375000001e-06, 0
519, 29.0, 56.99999999999999, 1.0000000000000002, 1, 4.839266125e-05, 0
526, 7.000000000000001, 59.0, 1.0000000000000002, 1, 1.83656735e-05, 0
537, 29.0, 59.0, 1.0000000000000002, 1, 6.772581375000001e-05, 0
544, 7.000000000000001, 61.0, 1.0000000000000002, 1, 5.556683e-05, 0
555, 29.0, 61.0, 1.0000000000000002, 1, 4.298250625e-05, 0
562, 7.000000000000001, 62.99999999999999, 1.0000000000000002, 1, 4.11021375e-05, 0
573, 29.0, 62.99999999999999, 1.0000000000000002, 1, 0.0004006600325, 0
580, 7.000000000000001, 65.0, 1.0000000000000002, 1, 4.37779775e-05, 0
591, 29.0, 65.0, 1.0000000000000002, 1, 0.0004634459125, 0
598, 7.000000000000001, 67.00000000000001, 1.0000000000000002, 1, 4.5758921249999996e-05, 0
609, 29.0, 67.00000000000001, 1.0000000000000002, 1, 0.0004428055, 0
616, 7.000000000000001, 69.0, 1.0000000000000002, 1, 6.4223265e-05, 0
627, 29.0, 69.0, 1.0000000000000002, 1, 0.00042141342749999996, 0
634, 7.000000000000001, 71.0, 1.0000000000000002, 1, 0.00025441959625, 0
645, 29.0, 71.0, 1.0000000000000002, 1, 0.00038696217749999997, 0
649, 1.0000000000000002, 73.00000000000001, 1.0000000000000002, 1, 2.1060602499999996e-05, 0
650, 3.0, 73.00000000000001, 1.0000000000000002, 1, 0.00013074689375, 0
651, 5.0, 73.00000000000001, 1.0000000000000002, 1, 0.00040389924125, 0
652, 7.000000000000001, 73.00000000000001, 1.0000000000000002, 1, 0.00032882601875, 0
653, 9.0, 73.00000000000001, 1.0000000000000002, 1, 0.00029829052499999995, 0
663, 29.0, 73.00000000000001, 1.0000000000000002, 1, 0.00036252567625, 0
667, 1.0000000000000002, 75.0, 1.0000000000000002, 1, 1.893690875e-05, 0
668, 3.0, 75.0, 1.0000000000000002, 1, 9.82151875e-05, 0
669, 5.0, 75.0, 1.0000000000000002, 1, 0.00026725315125, 0
670, 7.000000000000001, 75.0, 1.0000000000000002, 1, 0.000446446575, 0
671, 9.0, 75.0, 1.0000000000000002, 1, 0.00044502813750000003, 0
672, 11.000000000000002, 75.0, 1.0000000000000002, 1, 0.00030417811, 0
673, 13.0, 75.0, 1.0000000000000002, 1, 0.00026095449249999997, 0
674, 15.0, 75.0, 1.0000000000000002, 1, 0.000254450665, 0
675, 17.000000000000004, 75.0, 1.0000000000000002, 1, 0.00025952931, 0
676, 19.000000000000004, 75.0, 1.0000000000000002, 1, 0.000274468705, 0
677, 21.000000000000004, 75.0, 1.0000000000000002, 1, 0.00029920304249999994, 0
678, 23.0, 75.0, 1.0000000000000002, 1, 0.00033390644749999997, 0
679, 25.000000000000004, 75.0, 1.0000000000000002, 1, 0.00038719226, 0
681, 29.0, 75.0, 1.0000000000000002, 1, 0.00035323653125, 0
685, 1.0000000000000002, 77.00000000000001, 1.0000000000000002, 1, 3.0478898750000002e-05, 0
686, 3.0, 77.00000000000001, 1.0000000000000002, 1, 0.00020983336125, 0
687, 5.0, 77.00000000000001, 1.0000000000000002, 1, 0.00038629018749999997, 0
688, 7.000000000000001, 77.00000000000001, 1.0000000000000002, 1, 0.000553352575, 0
689, 9.0, 77.00000000000001, 1.0000000000000002, 1, 0.0005673844875, 0
690, 11.000000000000002, 77.00000000000001, 1.0000000000000002, 1, 0.000398938475, 0
691, 13.0, 77.00000000000001, 1.0000000000000002, 1, 0.000271717945, 0
692, 15.0, 77.00000000000001, 1.0000000000000002, 1, 0.00026264058249999997, 0
693, 17.000000000000004, 77.00000000000001, 1.0000000000000002, 1, 0.0002650759, 0
694, 19.000000000000004, 77.00000000000001, 1.0000000000000002, 1, 0.00027798816374999995, 0
695, 21.000000000000004, 77.00000000000001, 1.0000000000000002, 1, 0.00030144072, 0
696, 23.0, 77.00000000000001, 1.0000000000000002, 1, 0.00033606621625, 0
697, 25.000000000000004, 77.00000000000001, 1.0000000000000002, 1, 0.00039319613124999997, 0
699, 29.0, 77.00000000000001, 1.0000000000000002, 1, 0.00035992790375, 0
703, 1.0000000000000002, 79.00000000000001, 1.0000000000000002, 1, 0.00093346925, 0
704, 3.0, 79.00000000000001, 1.0000000000000002, 1, 0.0005417952375, 0
705, 5.0, 79.00000000000001, 1.0000000000000002, 1, 0.0005650755875, 0
706, 7.000000000000001, 79.00000000000001, 1.0000000000000002, 1, 0.0006973817375, 0
707, 9.0, 79.00000000000001, 1.0000000000000002, 1, 0.00068342145, 0
708, 11.000000000000002, 79.00000000000001, 1.0000000000000002, 1, 0.00047344255, 0
709, 13.0, 79.00000000000001, 1.0000000000000002, 1, 0.0002786678675, 0
710, 15.0, 79.00000000000001, 1.0000000000000002, 1, 0.0002699753425, 0
711, 17.000000000000004, 79.00000000000001, 1.0000000000000002, 1, 0.00027153562500000005, 0
712, 19.000000000000004, 79.00000000000001, 1.0000000000000002, 1, 0.0002835753375, 0
713, 21.000000000000004, 79.00000000000001, 1.0000000000000002, 1, 0.00030692855375, 0
714, 23.0, 79.00000000000001, 1.0000000000000002, 1, 0.000343197365, 0
715, 25.000000000000004, 79.00000000000001, 1.0000000000000002, 1, 0.0004059337375, 0
717, 29.0, 79.00000000000001, 1.0000000000000002, 1, 0.00038441365375, 0
721, 1.0000000000000002, 81.0, 1.0000000000000002, 1, 0.0010189545125, 0
722, 3.0, 81.0, 1.0000000000000002, 1, 0.0006921565125, 0
723, 5.0, 81.0, 1.0000000000000002, 1, 0.0006933093375, 0
724, 7.000000000000001, 81.0, 1.0000000000000002, 1, 0.0008101923625, 0
725, 9.0, 81.0, 1.0000000000000002, 1, 0.0007741718625, 0
726, 11.000000000000002, 81.0, 1.0000000000000002, 1, 0.0005262532875, 0
727, 13.0, 81.0, 1.0000000000000002, 1, 0.00028406771125, 0
728, 15.0, 81.0, 1.0000000000000002, 1, 0.00027681151125, 0
729, 17.000000000000004, 81.0, 1.0000000000000002, 1, 0.00027862489875000003, 0
730, 19.000000000000004, 81.0, 1.0000000000000002, 1, 0.00029057805, 0
731, 21.000000000000004, 81.0, 1.0000000000000002, 1, 0.000314326875, 0
732, 23.0, 81.0, 1.0000000000000002, 1, 0.00035263032125, 0
733, 25.000000000000004, 81.0, 1.0000000000000002, 1, 0.00042157933375, 0
735, 29.0, 81.0, 1.0000000000000002, 1, 0.000415178275, 0
739, 1.0000000000000002, 83.00000000000001, 1.0000000000000002, 1, 0.0006188015250000001, 0
740, 3.0, 83.00000000000001, 1.0000000000000002, 1, 0.000621516625, 0
741, 5.0, 83.00000000000001, 1.0000000000000002, 1, 0.0007097323875, 0
742, 7.000000000000001, 83.00000000000001, 1.0000000000000002, 1, 0.0008524573750000001, 0
743, 9.0, 83.00000000000001, 1.0000000000000002, 1, 0.0008146483124999999, 0
744, 11.000000000000002, 83.00000000000001, 1.0000000000000002, 1, 0.0005514178625, 0
745, 13.0, 83.00000000000001, 1.0000000000000002, 1, 0.00028872481, 0
746, 15.0, 83.00000000000001, 1.0000000000000002, 1, 0.00028338611625, 0
747, 17.000000000000004, 83.00000000000001, 1.0000000000000002, 1, 0.0002861372675, 0
748, 19.000000000000004, 83.00000000000001, 1.0000000000000002, 1, 0.00029832590374999997, 0
749, 21.000000000000004, 83.00000000000001, 1.0000000000000002, 1, 0.00032211503625, 0
750, 23.0, 83.00000000000001, 1.0000000000000002, 1, 0.0003613375375, 0
751, 25.000000000000004, 83.00000000000001, 1.0000000000000002, 1, 0.00043503498250000003, 0
753, 29.0, 83.00000000000001, 1.0000000000000002, 1, 0.00043653141249999996, 0
757, 1.0000000000000002, 85.00000000000001, 1.0000000000000002, 1, 0.0005178554875, 0
758, 3.0, 85.00000000000001, 1.0000000000000002, 1, 0.0005182919, 0
759, 5.0, 85.00000000000001, 1.0000000000000002, 1, 0.0006597236125, 0
760, 7.000000000000001, 85.00000000000001, 1.0000000000000002, 1, 0.0008286278125, 0
761, 9.0, 85.00000000000001, 1.0000000000000002, 1, 0.0007998809875, 0
762, 11.000000000000002, 85.00000000000001, 1.0000000000000002, 1, 0.00054472015, 0
763, 13.0, 85.00000000000001, 1.0000000000000002, 1, 0.00029296242, 0
764, 15.0, 85.00000000000001, 1.0000000000000002, 1, 0.00029028939125, 0
765, 17.000000000000004, 85.00000000000001, 1.0000000000000002, 1, 0.00029460248625000005, 0
766, 19.000000000000004, 85.00000000000001, 1.0000000000000002, 1, 0.00030708166875, 0
767, 21.000000000000004, 85.00000000000001, 1.0000000000000002, 1, 0.00032981902625, 0
768, 23.0, 85.00000000000001, 1.0000000000000002, 1, 0.0003672128375, 0
769, 25.000000000000004, 85.00000000000001, 1.0000000000000002, 1, 0.000441033895, 0
771, 29.0, 85.00000000000001, 1.0000000000000002, 1, 0.000444094225, 0
775, 1.0000000000000002, 87.0, 1.0000000000000002, 1, 0.0004520700625, 0
776, 3.0, 87.0, 1.0000000000000002, 1, 0.00047196135, 0
777, 5.0, 87.0, 1.0000000000000002, 1, 0.0005912109875, 0
778, 7.000000000000001, 87.0, 1.0000000000000002, 1, 0.0007635374125, 0
779, 9.0, 87.0, 1.0000000000000002, 1, 0.0007488374125, 0
789, 29.0, 87.0, 1.0000000000000002, 1, 0.00043543133749999996, 0
793, 1.0000000000000002, 89.00000000000001, 1.0000000000000002, 1, 0.0005866413125, 0
794, 3.0, 89.00000000000001, 1.0000000000000002, 1, 0.00040397368750000003, 0
795, 5.0, 89.00000000000001, 1.0000000000000002, 1, 0.0004994083375, 0
796, 7.000000000000001, 89.00000000000001, 1.0000000000000002, 1, 0.000673430825, 0
797, 9.0, 89.00000000000001, 1.0000000000000002, 1, 0.0006816535875, 0
807, 29.0, 89.00000000000001, 1.0000000000000002, 1, 0.0004127290625, 0
811, 1.0000000000000002, 91.00000000000001, 1.0000000000000002, 1, 0.00038962278374999996, 0
812, 3.0, 91.00000000000001, 1.0000000000000002, 1, 0.000253048375, 0
813, 5.0, 91.00000000000001, 1.0000000000000002, 1, 0.0003785863625, 0
814, 7.000000000000001, 91.00000000000001, 1.0000000000000002, 1, 0.000570021125, 0
815, 9.0, 91.00000000000001, 1.0000000000000002, 1, 0.0006090993750000001, 0
825, 29.0, 91.00000000000001, 1.0000000000000002, 1, 0.000342453025, 0
829, 1.0000000000000002, 93.0, 1.0000000000000002, 1, 1.4975086249999999e-05, 0
830, 3.0, 93.0, 1.0000000000000002, 1, 9.878461625e-05, 0
831, 5.0, 93.0, 1.0000000000000002, 1, 0.0002702495075, 0
832, 7.000000000000001, 93.0, 1.0000000000000002, 1, 0.000476269525, 0
833, 9.0, 93.0, 1.0000000000000002, 1, 0.0005436401375000001, 0
843, 29.0, 93.0, 1.0000000000000002, 1, 0.000221039025, 0
847, 1.0000000000000002, 95.00000000000001, 1.0000000000000002, 1, 1.6933790000000003e-05, 0
848, 3.0, 95.00000000000001, 1.0000000000000002, 1, 8.52078875e-05, 0
849, 5.0, 95.00000000000001, 1.0000000000000002, 1, 0.00023640682875, 0
850, 7.000000000000001, 95.00000000000001, 1.0000000000000002, 1, 0.00042913503624999994, 0
851, 9.0, 95.00000000000001, 1.0000000000000002, 1, 0.0004875580375, 0
861, 29.0, 95.00000000000001, 1.0000000000000002, 1, 0.0001796333375, 0
867, 5.0, 1.0000000000000002, 3.0000000000000004, 1, 9.6488965e-05, 0
868, 7.000000000000001, 1.0000000000000002, 3.0000000000000004, 1, 0.0002495383125, 0
869, 9.0, 1.0000000000000002, 3.0000000000000004, 1, 0.0003978625875, 0
870, 11.000000000000002, 1.0000000000000002, 3.0000000000000004, 1, 0.0004522540625, 0
871, 13.0, 1.0000000000000002, 3.0000000000000004, 1, 0.000416075475, 0
872, 15.0, 1.0000000000000002, 3.0000000000000004, 1, 0.000342279825, 0
873, 17.000000000000004, 1.0000000000000002, 3.0000000000000004, 1, 0.0002732645, 0
874, 19.000000000000004, 1.0000000000000002, 3.0000000000000004, 1, 0.00022778585, 0
875, 21.000000000000004, 1.0000000000000002, 3.0000000000000004, 1, 0.00020435645, 0
876, 23.0, 1.0000000000000002, 3.0000000000000004, 1, 0.00019022308749999997, 0
877, 25.000000000000004, 1.0000000000000002, 3.0000000000000004, 1, 0.00017141510875, 0
878, 26.999999999999996, 1.0000000000000002, 3.0000000000000004, 1, 0.00013916062875, 0
879, 29.0, 1.0000000000000002, 3.0000000000000004, 1, 9.5857855e-05, 0
880, 31.000000000000004, 1.0000000000000002, 3.0000000000000004, 1, 5.4846310000000004e-05, 0
881, 33.0, 1.0000000000000002, 3.0000000000000004, 1, 2.5860638750000002e-05, 0
882, 35.00000000000001, 1.0000000000000002, 3.0000000000000004, 1, 8.869963125e-06, 0
885, 5.0, 3.0000000000000004, 3.0000000000000004, 1, 0.000217323375, 0
886, 7.000000000000001, 3.0000000000000004, 3.0000000000000004, 1, 0.0001281368625, 0
887, 9.0, 3.0000000000000004, 3.0000000000000004, 1, 8.974564e-05, 0
888, 11.000000000000002, 3.0000000000000004, 3.0000000000000004, 1, 8.486451e-05, 0
889, 13.0, 3.0000000000000004, 3.0000000000000004, 1, 9.776555749999999e-05, 0
890, 15.0, 3.0000000000000004, 3.0000000000000004, 1, 0.00011161508625, 0
891, 17.000000000000004, 3.0000000000000004, 3.0000000000000004, 1, 0.00011651732749999999, 0
892, 19.000000000000004, 3.0000000000000004, 3.0000000000000004, 1, 0.0001097804, 0
893, 21.000000000000004, 3.0000000000000004, 3.0000000000000004, 1, 9.3582275e-05, 0
894, 23.0, 3.0000000000000004, 3.0000000000000004, 1, 7.294856625e-05, 0
895, 25.000000000000004, 3.0000000000000004, 3.0000000000000004, 1, 5.22095875e-05, 0
896, 26.999999999999996, 3.0000000000000004, 3.0000000000000004, 1, 3.0327310875e-05, 0
897, 29.0, 3.0000000000000004, 3.0000000000000004, 1, 1.8150438750000003e-05, 0
898, 31.000000000000004, 3.0000000000000004, 3.0000000000000004, 1, 1.6775368749999998e-05, 0
899, 33.0, 3.0000000000000004, 3.0000000000000004, 1, 1.2429501500000001e-05, 0
900, 35.00000000000001, 3.0000000000000004, 3.0000000000000004, 1, 1.2523459e-05, 0
903, 5.0, 5.000000000000001, 3.0000000000000004, 1, 0.0005846230874999999, 0
904, 7.000000000000001, 5.000000000000001, 3.0000000000000004, 1, 0.00015722661625, 0
905, 9.0, 5.000000000000001, 3.0000000000000004, 1, 0.00013368322625, 0
906, 11.000000000000002, 5.000000000000001, 3.0000000000000004, 1, 0.00019241023875, 0
907, 13.0, 5.000000000000001, 3.0000000000000004, 1, 0.00026304741249999996, 0
908, 15.0, 5.000000000000001, 3.0000000000000004, 1, 0.00030677700000000005, 0
909, 17.000000000000004, 5.000000000000001, 3.0000000000000004, 1, 0.0003054486125, 0
910, 19.000000000000004, 5.000000000000001, 3.0000000000000004, 1, 0.00026250668750000004, 0
911, 21.000000000000004, 5.000000000000001, 3.0000000000000004, 1, 0.00020249134, 0
912, 23.0, 5.000000000000001, 3.0000000000000004, 1, 0.00015781978625, 0
913, 25.000000000000004, 5.000000000000001, 3.0000000000000004, 1, 0.00013810452625000002, 0
914, 26.999999999999996, 5.000000000000001, 3.0000000000000004, 1, 0.00011097677, 0
915, 29.0, 5.000000000000001, 3.0000000000000004, 1, 6.7106695e-05, 0
916, 31.000000000000004, 5.000000000000001, 3.0000000000000004, 1, 0.00011694044500000001, 0
917, 33.0, 5.000000000000001, 3.0000000000000004, 1, 2.942399625e-05, 0
918, 35.00000000000001, 5.000000000000001, 3.0000000000000004, 1, 8.308259499999999e-06, 0
919, 1.0000000000000002, 7.000000000000001, 3.0000000000000004, 1, 3.627634e-05, 0
920, 3.0, 7.000000000000001, 3.0000000000000004, 1, 0.0006033969625, 0
921, 5.0, 7.000000000000001, 3.0000000000000004, 1, 0.00023526602500000002, 0
922, 7.000000000000001, 7.000000000000001, 3.0000000000000004, 1, 0.000223894825, 0
923, 9.0, 7.000000000000001, 3.0000000000000004, 1, 0.0005020585875, 0
933, 29.0, 7.000000000000001, 3.0000000000000004, 1, 0.00018369825375, 0
937, 1.0000000000000002, 9.000000000000002, 3.0000000000000004, 1, 0.0017684100125, 0
938, 3.0, 9.000000000000002, 3.0000000000000004, 1, 0.00051490705, 0
939, 5.0, 9.000000000000002, 3.0000000000000004, 1, 0.00019568012499999999, 0
940, 7.000000000000001, 9.000000000000002, 3.0000000000000004, 1, 0.0002944102625, 0
941, 9.0, 9.000000000000002, 3.0000000000000004, 1, 0.0006503505, 0
951, 29.0, 9.000000000000002, 3.0000000000000004, 1, 0.00019175125, 0
955, 1.0000000000000002, 11.0, 3.0000000000000004, 1, 0.0011747291999999999, 0
956, 3.0, 11.0, 3.0000000000000004, 1, 0.0004754422, 0
957, 5.0, 11.0, 3.0000000000000004, 1, 0.00027034033750000005, 0
958, 7.000000000000001, 11.0, 3.0000000000000004, 1, 0.00032088710000000004, 0
959, 9.0, 11.0, 3.0000000000000004, 1, 0.0006557577999999999, 0
969, 29.0, 11.0, 3.0000000000000004, 1, 0.0002868683125, 0
973, 1.0000000000000002, 13.0, 3.0000000000000004, 1, 0.0003674866875, 0
974, 3.0, 13.0, 3.0000000000000004, 1, 0.0004376001125, 0
975, 5.0, 13.0, 3.0000000000000004, 1, 0.00031997468749999996, 0
976, 7.000000000000001, 13.0, 3.0000000000000004, 1, 0.0003032733625, 0
977, 9.0, 13.0, 3.0000000000000004, 1, 0.0005646325375, 0
987, 29.0, 13.0, 3.0000000000000004, 1, 0.000391303075, 0
991, 1.0000000000000002, 14.999999999999998, 3.0000000000000004, 1, 0.0002977469125, 0
992, 3.0, 14.999999999999998, 3.0000000000000004, 1, 0.000373517175, 0
993, 5.0, 14.999999999999998, 3.0000000000000004, 1, 0.00031284191249999994, 0
994, 7.000000000000001, 14.999999999999998, 3.0000000000000004, 1, 0.000254381025, 0
995, 9.0, 14.999999999999998, 3.0000000000000004, 1, 0.0004265567375, 0
1005, 29.0, 14.999999999999998, 3.0000000000000004, 1, 0.0003774987875, 0
1009, 1.0000000000000002, 17.0, 3.0000000000000004, 1, 0.0003853736625, 0
1010, 3.0, 17.0, 3.0000000000000004, 1, 0.0004281744, 0
1011, 5.0, 17.0, 3.0000000000000004, 1, 0.0002904638875, 0
1012, 7.000000000000001, 17.0, 3.0000000000000004, 1, 0.0002073033375, 0
1013, 9.0, 17.0, 3.0000000000000004, 1, 0.000287498175, 0
1023, 29.0, 17.0, 3.0000000000000004, 1, 0.0003991065375, 0
1027, 1.0000000000000002, 19.000000000000004, 3.0000000000000004, 1, 0.0008028224375, 0
1028, 3.0, 19.000000000000004, 3.0000000000000004, 1, 0.00039333418749999997, 0
1029, 5.0, 19.000000000000004, 3.0000000000000004, 1, 0.00024154692500000003, 0
1030, 7.000000000000001, 19.000000000000004, 3.0000000000000004, 1, 0.0001730640375, 0
1031, 9.0, 19.000000000000004, 3.0000000000000004, 1, 0.000181221925, 0
1041, 29.0, 19.000000000000004, 3.0000000000000004, 1, 0.000433846075, 0
1045, 1.0000000000000002, 21.0, 3.0000000000000004, 1, 0.00039341927375, 0
1046, 3.0, 21.0, 3.0000000000000004, 1, 0.00014530993125, 0
1047, 5.0, 21.0, 3.0000000000000004, 1, 0.000162275075, 0
1048, 7.000000000000001, 21.0, 3.0000000000000004, 1, 0.00013684335, 0
1049, 9.0, 21.0, 3.0000000000000004, 1, 0.00011754286000000001, 0
1059, 29.0, 21.0, 3.0000000000000004, 1, 0.0004764778875, 0
1063, 1.0000000000000002, 23.000000000000004, 3.0000000000000004, 1, 7.114026e-06, 0
1064, 3.0, 23.000000000000004, 3.0000000000000004, 1, 1.848796625e-05, 0
1065, 5.0, 23.000000000000004, 3.0000000000000004, 1, 0.0001374459975, 0
1066, 7.000000000000001, 23.000000000000004, 3.0000000000000004, 1, 0.00011453603, 0
1067, 9.0, 23.000000000000004, 3.0000000000000004, 1, 0.00010521104, 0
1077, 29.0, 23.000000000000004, 3.0000000000000004, 1, 0.0005234747750000001, 0
1084, 7.000000000000001, 25.000000000000004, 3.0000000000000004, 1, 0.000320129375, 0
1095, 29.0, 25.000000000000004, 3.0000000000000004, 1, 0.00057380215, 0
1102, 7.000000000000001, 27.0, 3.0000000000000004, 1, 0.000135841075, 0
1113, 29.0, 27.0, 3.0000000000000004, 1, 0.000627361325, 0
1120, 7.000000000000001, 28.999999999999996, 3.0000000000000004, 1, 7.169141125e-05, 0
1131, 29.0, 28.999999999999996, 3.0000000000000004, 1, 0.000684807975, 0
1138, 7.000000000000001, 31.000000000000004, 3.0000000000000004, 1, 4.334542e-05, 0
1149, 29.0, 31.000000000000004, 3.0000000000000004, 1, 0.0007480639, 0
1156, 7.000000000000001, 33.00000000000001, 3.0000000000000004, 1, 8.533394125e-05, 0
1167, 29.0, 33.00000000000001, 3.0000000000000004, 1, 0.0008213565625, 0
1174, 7.000000000000001, 35.0, 3.0000000000000004, 1, 6.172459000000001e-05, 0
1185, 29.0, 35.0, 3.0000000000000004, 1, 0.0009167441000000001, 0
1192, 7.000000000000001, 37.00000000000001, 3.0000000000000004, 1, 4.5828255e-05, 0
1203, 29.0, 37.00000000000001, 3.0000000000000004, 1, 0.0010188513249999999, 0
1210, 7.000000000000001, 39.00000000000001, 3.0000000000000004, 1, 3.625953375e-05, 0
1221, 29.0, 39.00000000000001, 3.0000000000000004, 1, 0.000730355275, 0
1228, 7.000000000000001, 41.0, 3.0000000000000004, 1, 2.938882375e-05, 0
1239, 29.0, 41.0, 3.0000000000000004, 1, 0.000586290525, 0
1246, 7.000000000000001, 43.00000000000001, 3.0000000000000004, 1, 2.4137903750000003e-05, 0
1257, 29.0, 43.00000000000001, 3.0000000000000004, 1, 0.00036353005, 0
1264, 7.000000000000001, 45.00000000000001, 3.0000000000000004, 1, 2.002745375e-05, 0
1275, 29.0, 45.00000000000001, 3.0000000000000004, 1, 0.00019508705, 0
1282, 7.000000000000001, 47.0, 3.0000000000000004, 1, 1.684543375e-05, 0
1293, 29.0, 47.0, 3.0000000000000004, 1, 9.50060525e-05, 0
1300, 7.000000000000001, 49.0, 3.0000000000000004, 1, 1.4492945e-05, 0
1311, 29.0, 49.0, 3.0000000000000004, 1, 6.255647000000001e-05, 0
1318, 7.000000000000001, 50.99999999999999, 3.0000000000000004, 1, 1.2927857875000001e-05, 0
1329, 29.0, 50.99999999999999, 3.0000000000000004, 1, 7.479807249999999e-05, 0
1336, 7.000000000000001, 53.0, 3.0000000000000004, 1, 1.2142934875000001e-05, 0
1347, 29.0, 53.0, 3.0000000000000004, 1, 8.7484864e-05, 0
1354, 7.000000000000001, 55.0, 3.0000000000000004, 1, 1.21702645e-05, 0
1365, 29.0, 55.0, 3.0000000000000004, 1, 8.178689876249999e-05, 0
1372, 7.000000000000001, 56.99999999999999, 3.0000000000000004, 1, 1.31577965e-05, 0
1383, 29.0, 56.99999999999999, 3.0000000000000004, 1, 7.66858425e-05, 0
1390, 7.000000000000001, 59.0, 3.0000000000000004, 1, 1.66158875e-05, 0
1401, 29.0, 59.0, 3.0000000000000004, 1, 0.00010431920375, 0
1408, 7.000000000000001, 61.0, 3.0000000000000004, 1, 3.7653757499999996e-05, 0
1419, 29.0, 61.0, 3.0000000000000004, 1, 8.030887375e-05, 0
1426, 7.000000000000001, 62.99999999999999, 3.0000000000000004, 1, 8.57333825e-05, 0
1437, 29.0, 62.99999999999999, 3.0000000000000004, 1, 0.0001607515675, 0
1444, 7.000000000000001, 65.0, 3.0000000000000004, 1, 0.00011927395000000001, 0
1455, 29.0, 65.0, 3.0000000000000004, 1, 0.00013469281375, 0
1462, 7.000000000000001, 67.00000000000001, 3.0000000000000004, 1, 0.00015081838875, 0
1473, 29.0, 67.00000000000001, 3.0000000000000004, 1, 0.00013063787624999998, 0
1480, 7.000000000000001, 69.0, 3.0000000000000004, 1, 0.00017070556125, 0
1491, 29.0, 69.0, 3.0000000000000004, 1, 0.00014732085375, 0
1498, 7.000000000000001, 71.0, 3.0000000000000004, 1, 0.0002517488675, 0
1509, 29.0, 71.0, 3.0000000000000004, 1, 0.000183355765, 0
1513, 1.0000000000000002, 73.00000000000001, 3.0000000000000004, 1, 8.77677875e-05, 0
1514, 3.0, 73.00000000000001, 3.0000000000000004, 1, 0.0001624393, 0
1515, 5.0, 73.00000000000001, 3.0000000000000004, 1, 0.0003108939125, 0
1516, 7.000000000000001, 73.00000000000001, 3.0000000000000004, 1, 0.00019974435125, 0
1517, 9.0, 73.00000000000001, 3.0000000000000004, 1, 0.0006448578225, 0
1527, 29.0, 73.00000000000001, 3.0000000000000004, 1, 0.00024940931875, 0
1531, 1.0000000000000002, 75.0, 3.0000000000000004, 1, 6.280315625e-05, 0
1532, 3.0, 75.0, 3.0000000000000004, 1, 8.3643e-05, 0
1533, 5.0, 75.0, 3.0000000000000004, 1, 0.00012302501, 0
1534, 7.000000000000001, 75.0, 3.0000000000000004, 1, 0.0001966006425, 0
1535, 9.0, 75.0, 3.0000000000000004, 1, 0.00086213415, 0
1536, 11.000000000000002, 75.0, 3.0000000000000004, 1, 0.0006442112125, 0
1537, 13.0, 75.0, 3.0000000000000004, 1, 0.0005987877375, 0
1538, 15.0, 75.0, 3.0000000000000004, 1, 0.0005899323, 0
1539, 17.000000000000004, 75.0, 3.0000000000000004, 1, 0.0006023377999999999, 0
1540, 19.000000000000004, 75.0, 3.0000000000000004, 1, 0.00063296975, 0
1541, 21.000000000000004, 75.0, 3.0000000000000004, 1, 0.0006801955875, 0
1542, 23.0, 75.0, 3.0000000000000004, 1, 0.0007429294125, 0
1543, 25.000000000000004, 75.0, 3.0000000000000004, 1, 0.000838247775, 0
1545, 29.0, 75.0, 3.0000000000000004, 1, 0.00028722789625, 0
1549, 1.0000000000000002, 77.00000000000001, 3.0000000000000004, 1, 5.447928125e-05, 0
1550, 3.0, 77.00000000000001, 3.0000000000000004, 1, 7.176941375000001e-05, 0
1551, 5.0, 77.00000000000001, 3.0000000000000004, 1, 0.00011044484250000001, 0
1552, 7.000000000000001, 77.00000000000001, 3.0000000000000004, 1, 0.00022160530500000002, 0
1553, 9.0, 77.00000000000001, 3.0000000000000004, 1, 0.00103698069625, 0
1554, 11.000000000000002, 77.00000000000001, 3.0000000000000004, 1, 0.00074053815, 0
1555, 13.0, 77.00000000000001, 3.0000000000000004, 1, 0.0006944410375, 0
1556, 15.0, 77.00000000000001, 3.0000000000000004, 1, 0.0006821238125000001, 0
1557, 17.000000000000004, 77.00000000000001, 3.0000000000000004, 1, 0.0006928226, 0
1558, 19.000000000000004, 77.00000000000001, 3.0000000000000004, 1, 0.0007254591624999999, 0
1559, 21.000000000000004, 77.00000000000001, 3.0000000000000004, 1, 0.0007798282875, 0
1560, 23.0, 77.00000000000001, 3.0000000000000004, 1, 0.000856750225, 0
1561, 25.000000000000004, 77.00000000000001, 3.0000000000000004, 1, 0.00098059075, 0
1563, 29.0, 77.00000000000001, 3.0000000000000004, 1, 0.0003072675375, 0
1567, 1.0000000000000002, 79.00000000000001, 3.0000000000000004, 1, 0.00014948459125, 0
1568, 3.0, 79.00000000000001, 3.0000000000000004, 1, 8.053264e-05, 0
1569, 5.0, 79.00000000000001, 3.0000000000000004, 1, 0.0001161984475, 0
1570, 7.000000000000001, 79.00000000000001, 3.0000000000000004, 1, 0.00023753420375, 0
1571, 9.0, 79.00000000000001, 3.0000000000000004, 1, 0.00117771575, 0
1572, 11.000000000000002, 79.00000000000001, 3.0000000000000004, 1, 0.0008266595250000001, 0
1573, 13.0, 79.00000000000001, 3.0000000000000004, 1, 0.0007807534875, 0
1574, 15.0, 79.00000000000001, 3.0000000000000004, 1, 0.0007675913875, 0
1575, 17.000000000000004, 79.00000000000001, 3.0000000000000004, 1, 0.000777687, 0
1576, 19.000000000000004, 79.00000000000001, 3.0000000000000004, 1, 0.0008122438374999999, 0
1577, 21.000000000000004, 79.00000000000001, 3.0000000000000004, 1, 0.000872815075, 0
1578, 23.0, 79.00000000000001, 3.0000000000000004, 1, 0.0009616138999999999, 0
1579, 25.000000000000004, 79.00000000000001, 3.0000000000000004, 1, 0.0011047839624999999, 0
1581, 29.0, 79.00000000000001, 3.0000000000000004, 1, 0.00034460669125, 0
1585, 1.0000000000000002, 81.0, 3.0000000000000004, 1, 0.0001940339625, 0
1586, 3.0, 81.0, 3.0000000000000004, 1, 0.00010403344375, 0
1587, 5.0, 81.0, 3.0000000000000004, 1, 0.00012343713375, 0
1588, 7.000000000000001, 81.0, 3.0000000000000004, 1, 0.00024043210125, 0
1589, 9.0, 81.0, 3.0000000000000004, 1, 0.0012673562500000002, 0
1590, 11.000000000000002, 81.0, 3.0000000000000004, 1, 0.0009052843250000001, 0
1591, 13.0, 81.0, 3.0000000000000004, 1, 0.0008571339375000001, 0
1592, 15.0, 81.0, 3.0000000000000004, 1, 0.0008430465125, 0
1593, 17.000000000000004, 81.0, 3.0000000000000004, 1, 0.0008525510625, 0
1594, 19.000000000000004, 81.0, 3.0000000000000004, 1, 0.000888065025, 0
1595, 21.000000000000004, 81.0, 3.0000000000000004, 1, 0.0009526580375000001, 0
1596, 23.0, 81.0, 3.0000000000000004, 1, 0.0010497899125, 0
1597, 25.000000000000004, 81.0, 3.0000000000000004, 1, 0.0012083222375, 0
1599, 29.0, 81.0, 3.0000000000000004, 1, 0.0003849500125, 0
1603, 1.0000000000000002, 83.00000000000001, 3.0000000000000004, 1, 0.00013434088750000002, 0
1604, 3.0, 83.00000000000001, 3.0000000000000004, 1, 0.000130991, 0
1605, 5.0, 83.00000000000001, 3.0000000000000004, 1, 0.000131387905, 0
1606, 7.000000000000001, 83.00000000000001, 3.0000000000000004, 1, 0.00025659446249999996, 0
1607, 9.0, 83.00000000000001, 3.0000000000000004, 1, 0.0012959421375000001, 0
1608, 11.000000000000002, 83.00000000000001, 3.0000000000000004, 1, 0.0009732923875, 0
1609, 13.0, 83.00000000000001, 3.0000000000000004, 1, 0.0009217348624999999, 0
1610, 15.0, 83.00000000000001, 3.0000000000000004, 1, 0.000905984, 0
1611, 17.000000000000004, 83.00000000000001, 3.0000000000000004, 1, 0.0009140276375, 0
1612, 19.000000000000004, 83.00000000000001, 3.0000000000000004, 1, 0.0009485762875, 0
1613, 21.000000000000004, 83.00000000000001, 3.0000000000000004, 1, 0.0010137713625, 0
1614, 23.0, 83.00000000000001, 3.0000000000000004, 1, 0.0011147138875, 0
1615, 25.000000000000004, 83.00000000000001, 3.0000000000000004, 1, 0.0012851924, 0
1617, 29.0, 83.00000000000001, 3.0000000000000004, 1, 0.00039915802874999993, 0
1621, 1.0000000000000002, 85.00000000000001, 3.0000000000000004, 1, 0.00012941441249999998, 0
1622, 3.0, 85.00000000000001, 3.0000000000000004, 1, 0.0001296694375, 0
1623, 5.0, 85.00000000000001, 3.0000000000000004, 1, 0.000144338745, 0
1624, 7.000000000000001, 85.00000000000001, 3.0000000000000004, 1, 0.00027438523875, 0
1625, 9.0, 85.00000000000001, 3.0000000000000004, 1, 0.0012684237725, 0
1626, 11.000000000000002, 85.00000000000001, 3.0000000000000004, 1, 0.001026543075, 0
1627, 13.0, 85.00000000000001, 3.0000000000000004, 1, 0.0009721279625000001, 0
1628, 15.0, 85.00000000000001, 3.0000000000000004, 1, 0.0009546092124999999, 0
1629, 17.000000000000004, 85.00000000000001, 3.0000000000000004, 1, 0.0009600488625, 0
1630, 19.000000000000004, 85.00000000000001, 3.0000000000000004, 1, 0.000990862575, 0
1631, 21.000000000000004, 85.00000000000001, 3.0000000000000004, 1, 0.0010517739125, 0
1632, 23.0, 85.00000000000001, 3.0000000000000004, 1, 0.00114953675, 0
1633, 25.000000000000004, 85.00000000000001, 3.0000000000000004, 1, 0.0013227577374999998, 0
1635, 29.0, 85.00000000000001, 3.0000000000000004, 1, 0.00040810555625, 0
1639, 1.0000000000000002, 87.0, 3.0000000000000004, 1, 0.0001594005, 0
1640, 3.0, 87.0, 3.0000000000000004, 1, 0.00014758148125, 0
1641, 5.0, 87.0, 3.0000000000000004, 1, 0.00015982749000000002, 0
1642, 7.000000000000001, 87.0, 3.0000000000000004, 1, 0.000287157325, 0
1643, 9.0, 87.0, 3.0000000000000004, 1, 0.0012077294875, 0
1653, 29.0, 87.0, 3.0000000000000004, 1, 0.0004086340025, 0
1657, 1.0000000000000002, 89.00000000000001, 3.0000000000000004, 1, 0.00034204645, 0
1658, 3.0, 89.00000000000001, 3.0000000000000004, 1, 0.00013287099125, 0
1659, 5.0, 89.00000000000001, 3.0000000000000004, 1, 0.00016341171, 0
1660, 7.000000000000001, 89.00000000000001, 3.0000000000000004, 1, 0.0002864461, 0
1661, 9.0, 89.00000000000001, 3.0000000000000004, 1, 0.0012044933375, 0
1671, 29.0, 89.00000000000001, 3.0000000000000004, 1, 0.00040503841875, 0
1675, 1.0000000000000002, 91.00000000000001, 3.0000000000000004, 1, 0.0002550221675, 0
1676, 3.0, 91.00000000000001, 3.0000000000000004, 1, 9.478752625e-05, 0
1677, 5.0, 91.00000000000001, 3.0000000000000004, 1, 0.00014402048125, 0
1678, 7.000000000000001, 91.00000000000001, 3.0000000000000004, 1, 0.00026809962375, 0
1679, 9.0, 91.00000000000001, 3.0000000000000004, 1, 0.0011552901374999999, 0
1689, 29.0, 91.00000000000001, 3.0000000000000004, 1, 0.00037874475, 0
1693, 1.0000000000000002, 93.0, 3.0000000000000004, 1, 3.4116973749999995e-05, 0
1694, 3.0, 93.0, 3.0000000000000004, 1, 5.563709125e-05, 0
1695, 5.0, 93.0, 3.0000000000000004, 1, 0.0001166237, 0
1696, 7.000000000000001, 93.0, 3.0000000000000004, 1, 0.0002446758125, 0
1697, 9.0, 93.0, 3.0000000000000004, 1, 0.0010700496875, 0
1707, 29.0, 93.0, 3.0000000000000004, 1, 0.00039379894625, 0
1711, 1.0000000000000002, 95.00000000000001, 3.0000000000000004, 1, 6.208197e-05, 0
1712, 3.0, 95.00000000000001, 3.0000000000000004, 1, 0.0001055495575, 0
1713, 5.0, 95.00000000000001, 3.0000000000000004, 1, 0.00016237383124999998, 0
1714, 7.000000000000001, 95.00000000000001, 3.0000000000000004, 1, 0.00027956523375, 0
1715, 9.0, 95.00000000000001, 3.0000000000000004, 1, 0.0009432799500000001, 0
1725, 29.0, 95.00000000000001, 3.0000000000000004, 1, 0.0006444207049999999, 0
1731, 5.0, 1.0000000000000002, 5.000000000000001, 1, 0.000185810175, 0
1732, 7.000000000000001, 1.0000000000000002, 5.000000000000001, 1, 0.00041394358750000004, 0
1733, 9.0, 1.0000000000000002, 5.000000000000001, 1, 0.0006181980499999999, 0
1734, 11.000000000000002, 1.0000000000000002, 5.000000000000001, 1, 0.0007253196375000001, 0
1735, 13.0, 1.0000000000000002, 5.000000000000001, 1, 0.0007213426125, 0
1736, 15.0, 1.0000000000000002, 5.000000000000001, 1, 0.0006492716374999999, 0
1737, 17.000000000000004, 1.0000000000000002, 5.000000000000001, 1, 0.000561255475, 0
1738, 19.000000000000004, 1.0000000000000002, 5.000000000000001, 1, 0.000487642775, 0
1739, 21.000000000000004, 1.0000000000000002, 5.000000000000001, 1, 0.00043125795, 0
1740, 23.0, 1.0000000000000002, 5.000000000000001, 1, 0.0003740014125, 0
1741, 25.000000000000004, 1.0000000000000002, 5.000000000000001, 1, 0.00029509021250000004, 0
1742, 26.999999999999996, 1.0000000000000002, 5.000000000000001, 1, 0.00020238715, 0
1743, 29.0, 1.0000000000000002, 5.000000000000001, 1, 0.00012090674125, 0
1744, 31.000000000000004, 1.0000000000000002, 5.000000000000001, 1, 6.739776624999999e-05, 0
1745, 33.0, 1.0000000000000002, 5.000000000000001, 1, 3.6166556250000006e-05, 0
1746, 35.00000000000001, 1.0000000000000002, 5.000000000000001, 1, 1.72497725e-05, 0
1749, 5.0, 3.0000000000000004, 5.000000000000001, 1, 0.00034840503750000005, 0
1750, 7.000000000000001, 3.0000000000000004, 5.000000000000001, 1, 0.00017784671249999998, 0
1751, 9.0, 3.0000000000000004, 5.000000000000001, 1, 0.0002157535975, 0
1752, 11.000000000000002, 3.0000000000000004, 5.000000000000001, 1, 0.00028835199999999997, 0
1753, 13.0, 3.0000000000000004, 5.000000000000001, 1, 0.00039676394999999995, 0
1754, 15.0, 3.0000000000000004, 5.000000000000001, 1, 0.0005019405750000001, 0
1755, 17.000000000000004, 3.0000000000000004, 5.000000000000001, 1, 0.0005541376375000001, 0
1756, 19.000000000000004, 3.0000000000000004, 5.000000000000001, 1, 0.0005415019875, 0
1757, 21.000000000000004, 3.0000000000000004, 5.000000000000001, 1, 0.00047295575, 0
1758, 23.0, 3.0000000000000004, 5.000000000000001, 1, 0.0003696243625, 0
1759, 25.000000000000004, 3.0000000000000004, 5.000000000000001, 1, 0.0002603666375, 0
1760, 26.999999999999996, 3.0000000000000004, 5.000000000000001, 1, 0.00014936731375000002, 0
1761, 29.0, 3.0000000000000004, 5.000000000000001, 1, 3.954053125e-05, 0
1762, 31.000000000000004, 3.0000000000000004, 5.000000000000001, 1, 1.8044525e-05, 0
1763, 33.0, 3.0000000000000004, 5.000000000000001, 1, 1.46512625e-05, 0
1764, 35.00000000000001, 3.0000000000000004, 5.000000000000001, 1, 2.6646335e-05, 0
1767, 5.0, 5.000000000000001, 5.000000000000001, 1, 0.0005671633624999999, 0
1768, 7.000000000000001, 5.000000000000001, 5.000000000000001, 1, 0.0002794486, 0
1769, 9.0, 5.000000000000001, 5.000000000000001, 1, 0.0005147903000000001, 0
1770, 11.000000000000002, 5.000000000000001, 5.000000000000001, 1, 0.0006397566125, 0
1771, 13.0, 5.000000000000001, 5.000000000000001, 1, 0.0009144157874999999, 0
1772, 15.0, 5.000000000000001, 5.000000000000001, 1, 0.0010750515374999998, 0
1773, 17.000000000000004, 5.000000000000001, 5.000000000000001, 1, 0.0011056036, 0
1774, 19.000000000000004, 5.000000000000001, 5.000000000000001, 1, 0.0010290235375, 0
1775, 21.000000000000004, 5.000000000000001, 5.000000000000001, 1, 0.00089038665, 0
1776, 23.0, 5.000000000000001, 5.000000000000001, 1, 0.0007327606, 0
1777, 25.000000000000004, 5.000000000000001, 5.000000000000001, 1, 0.0005644089000000001, 0
1778, 26.999999999999996, 5.000000000000001, 5.000000000000001, 1, 0.00044781479999999994, 0
1779, 29.0, 5.000000000000001, 5.000000000000001, 1, 0.00013353237375, 0
1780, 31.000000000000004, 5.000000000000001, 5.000000000000001, 1, 0.000119595085, 0
1781, 33.0, 5.000000000000001, 5.000000000000001, 1, 3.838233125e-05, 0
1782, 35.00000000000001, 5.000000000000001, 5.000000000000001, 1, 1.614698275e-05, 0
1783, 1.0000000000000002, 7.000000000000001, 5.000000000000001, 1, 2.0264285e-05, 0
1784, 3.0, 7.000000000000001, 5.000000000000001, 1, 0.0003303215625, 0
1785, 5.0, 7.000000000000001, 5.000000000000001, 1, 0.0001509517125, 0
1786, 7.000000000000001, 7.000000000000001, 5.000000000000001, 1, 0.0007494229, 0
1797, 29.0, 7.000000000000001, 5.000000000000001, 1, 0.000478289575, 0
1801, 1.0000000000000002, 9.000000000000002, 5.000000000000001, 1, 0.0010687119125, 0
1802, 3.0, 9.000000000000002, 5.000000000000001, 1, 0.00024677330375, 0
1803, 5.0, 9.000000000000002, 5.000000000000001, 1, 0.00020026502500000002, 0
1804, 7.000000000000001, 9.000000000000002, 5.000000000000001, 1, 0.00063928835, 0
1815, 29.0, 9.000000000000002, 5.000000000000001, 1, 0.0005191773875, 0
1819, 1.0000000000000002, 11.0, 5.000000000000001, 1, 0.0010101434124999999, 0
1820, 3.0, 11.0, 5.000000000000001, 1, 0.00042033885, 0
1821, 5.0, 11.0, 5.000000000000001, 1, 0.0003402718, 0
1822, 7.000000000000001, 11.0, 5.000000000000001, 1, 0.0005406331375000001, 0
1833, 29.0, 11.0, 5.000000000000001, 1, 0.0006267529, 0
1837, 1.0000000000000002, 13.0, 5.000000000000001, 1, 0.0004458249625, 0
1838, 3.0, 13.0, 5.000000000000001, 1, 0.0005187171624999999, 0
1839, 5.0, 13.0, 5.000000000000001, 1, 0.000400727975, 0
1840, 7.000000000000001, 13.0, 5.000000000000001, 1, 0.0004101100125, 0
1851, 29.0, 13.0, 5.000000000000001, 1, 0.000645575775, 0
1855, 1.0000000000000002, 14.999999999999998, 5.000000000000001, 1, 0.0003955784625, 0
1856, 3.0, 14.999999999999998, 5.000000000000001, 1, 0.00045598895, 0
1857, 5.0, 14.999999999999998, 5.000000000000001, 1, 0.000355927625, 0
1858, 7.000000000000001, 14.999999999999998, 5.000000000000001, 1, 0.00027552839999999996, 0
1869, 29.0, 14.999999999999998, 5.000000000000001, 1, 0.0006164672125, 0
1873, 1.0000000000000002, 17.0, 5.000000000000001, 1, 0.0004417670125, 0
1874, 3.0, 17.0, 5.000000000000001, 1, 0.0004396145125, 0
1875, 5.0, 17.0, 5.000000000000001, 1, 0.0002604723, 0
1876, 7.000000000000001, 17.0, 5.000000000000001, 1, 0.00018428109625, 0
1887, 29.0, 17.0, 5.000000000000001, 1, 0.000632248125, 0
1891, 1.0000000000000002, 19.000000000000004, 5.000000000000001, 1, 0.0007435361250000001, 0
1892, 3.0, 19.000000000000004, 5.000000000000001, 1, 0.000318204975, 0
1893, 5.0, 19.000000000000004, 5.000000000000001, 1, 0.00015549486250000002, 0
1894, 7.000000000000001, 19.000000000000004, 5.000000000000001, 1, 0.00013698976625, 0
1905, 29.0, 19.000000000000004, 5.000000000000001, 1, 0.0006489833, 0
1909, 1.0000000000000002, 21.0, 5.000000000000001, 1, 0.00029703032875, 0
1910, 3.0, 21.0, 5.000000000000001, 1, 9.183008375e-05, 0
1911, 5.0, 21.0, 5.000000000000001, 1, 8.437807375e-05, 0
1912, 7.000000000000001, 21.0, 5.000000000000001, 1, 0.00010877854999999999, 0
1923, 29.0, 21.0, 5.000000000000001, 1, 0.00066786985, 0
1927, 1.0000000000000002, 23.000000000000004, 5.000000000000001, 1, 6.799201249999999e-06, 0
1928, 3.0, 23.000000000000004, 5.000000000000001, 1, 9.992046624999999e-06, 0
1929, 5.0, 23.000000000000004, 5.000000000000001, 1, 8.320833175e-05, 0
1930, 7.000000000000001, 23.000000000000004, 5.000000000000001, 1, 9.869857749999999e-05, 0
1941, 29.0, 23.000000000000004, 5.000000000000001, 1, 0.0006873102125, 0
1948, 7.000000000000001, 25.000000000000004, 5.000000000000001, 1, 0.00022681050625000002, 0
1959, 29.0, 25.000000000000004, 5.000000000000001, 1, 0.000706700325, 0
1966, 7.000000000000001, 27.0, 5.000000000000001, 1, 0.00012718676750000002, 0
1977, 29.0, 27.0, 5.000000000000001, 1, 0.000725795275, 0
1984, 7.000000000000001, 28.999999999999996, 5.000000000000001, 1, 8.877174875e-05, 0
1995, 29.0, 28.999999999999996, 5.000000000000001, 1, 0.00074457195, 0
2002, 7.000000000000001, 31.000000000000004, 5.000000000000001, 1, 5.2569413750000005e-05, 0
2013, 29.0, 31.000000000000004, 5.000000000000001, 1, 0.0007632183625, 0
2020, 7.000000000000001, 33.00000000000001, 5.000000000000001, 1, 4.48200925e-05, 0
2031, 29.0, 33.00000000000001, 5.000000000000001, 1, 0.000781881, 0
2038, 7.000000000000001, 35.0, 5.000000000000001, 1, 3.4538738e-05, 0
2049, 29.0, 35.0, 5.000000000000001, 1, 0.0008018860875, 0
2056, 7.000000000000001, 37.00000000000001, 5.000000000000001, 1, 2.745854e-05, 0
2067, 29.0, 37.00000000000001, 5.000000000000001, 1, 0.0008166950125, 0
2074, 7.000000000000001, 39.00000000000001, 5.000000000000001, 1, 2.3146363125e-05, 0
2085, 29.0, 39.00000000000001, 5.000000000000001, 1, 0.000699228975, 0
2092, 7.000000000000001, 41.0, 5.000000000000001, 1, 2.03155575e-05, 0
2103, 29.0, 41.0, 5.000000000000001, 1, 0.0006155353125, 0
2110, 7.000000000000001, 43.00000000000001, 5.000000000000001, 1, 1.836123125e-05, 0
2121, 29.0, 43.00000000000001, 5.000000000000001, 1, 0.000472743225, 0
2128, 7.000000000000001, 45.00000000000001, 5.000000000000001, 1, 1.7026386249999997e-05, 0
2139, 29.0, 45.00000000000001, 5.000000000000001, 1, 0.00033861756249999996, 0
2146, 7.000000000000001, 47.0, 5.000000000000001, 1, 1.6194433750000003e-05, 0
2157, 29.0, 47.0, 5.000000000000001, 1, 0.0002289474875, 0
2164, 7.000000000000001, 49.0, 5.000000000000001, 1, 1.580773875e-05, 0
2175, 29.0, 49.0, 5.000000000000001, 1, 0.00014449491374999998, 0
2182, 7.000000000000001, 50.99999999999999, 5.000000000000001, 1, 1.583097875e-05, 0
2193, 29.0, 50.99999999999999, 5.000000000000001, 1, 0.00011379906624999999, 0
2200, 7.000000000000001, 53.0, 5.000000000000001, 1, 1.6238214e-05, 0
2211, 29.0, 53.0, 5.000000000000001, 1, 9.67131e-05, 0
2218, 7.000000000000001, 55.0, 5.000000000000001, 1, 1.7037124875000002e-05, 0
2229, 29.0, 55.0, 5.000000000000001, 1, 9.494721750000001e-05, 0
2236, 7.000000000000001, 56.99999999999999, 5.000000000000001, 1, 1.838918125e-05, 0
2247, 29.0, 56.99999999999999, 5.000000000000001, 1, 0.00010551893375, 0
2254, 7.000000000000001, 59.0, 5.000000000000001, 1, 2.090668125e-05, 0
2265, 29.0, 59.0, 5.000000000000001, 1, 0.00013658364875, 0
2272, 7.000000000000001, 61.0, 5.000000000000001, 1, 3.353993625e-05, 0
2283, 29.0, 61.0, 5.000000000000001, 1, 0.00012922206625, 0
2290, 7.000000000000001, 62.99999999999999, 5.000000000000001, 1, 8.145594875e-05, 0
2301, 29.0, 62.99999999999999, 5.000000000000001, 1, 0.00016641575125, 0
2308, 7.000000000000001, 65.0, 5.000000000000001, 1, 0.00013735455875, 0
2319, 29.0, 65.0, 5.000000000000001, 1, 0.00017210589374999999, 0
2326, 7.000000000000001, 67.00000000000001, 5.000000000000001, 1, 0.00020128535375, 0
2337, 29.0, 67.00000000000001, 5.000000000000001, 1, 0.00022643498562499999, 0
2344, 7.000000000000001, 69.0, 5.000000000000001, 1, 0.00026331909999999996, 0
2355, 29.0, 69.0, 5.000000000000001, 1, 0.00030182148625, 0
2362, 7.000000000000001, 71.0, 5.000000000000001, 1, 0.00039672042750000006, 0
2373, 29.0, 71.0, 5.000000000000001, 1, 0.00036232548624999994, 0
2377, 1.0000000000000002, 73.00000000000001, 5.000000000000001, 1, 8.936874125e-05, 0
2378, 3.0, 73.00000000000001, 5.000000000000001, 1, 5.485294875e-05, 0
2379, 5.0, 73.00000000000001, 5.000000000000001, 1, 0.00015964324375, 0
2380, 7.000000000000001, 73.00000000000001, 5.000000000000001, 1, 0.00052417159, 0
2391, 29.0, 73.00000000000001, 5.000000000000001, 1, 0.0005394219875, 0
2395, 1.0000000000000002, 75.0, 5.000000000000001, 1, 7.371780125e-05, 0
2396, 3.0, 75.0, 5.000000000000001, 1, 4.473233375e-05, 0
2397, 5.0, 75.0, 5.000000000000001, 1, 0.00011999638125, 0
2398, 7.000000000000001, 75.0, 5.000000000000001, 1, 0.0007061039375, 0
2409, 29.0, 75.0, 5.000000000000001, 1, 0.0007363579875, 0
2413, 1.0000000000000002, 77.00000000000001, 5.000000000000001, 1, 5.5108475e-05, 0
2414, 3.0, 77.00000000000001, 5.000000000000001, 1, 6.29025375e-05, 0
2415, 5.0, 77.00000000000001, 5.000000000000001, 1, 0.000194413925, 0
2416, 7.000000000000001, 77.00000000000001, 5.000000000000001, 1, 0.0008809625625, 0
2427, 29.0, 77.00000000000001, 5.000000000000001, 1, 0.0008484636625, 0
2431, 1.0000000000000002, 79.00000000000001, 5.000000000000001, 1, 0.00015203022, 0
2432, 3.0, 79.00000000000001, 5.000000000000001, 1, 0.00012429257999999998, 0
2433, 5.0, 79.00000000000001, 5.000000000000001, 1, 0.0002750468125, 0
2434, 7.000000000000001, 79.00000000000001, 5.000000000000001, 1, 0.001022715025, 0
2445, 29.0, 79.00000000000001, 5.000000000000001, 1, 0.0009808826375, 0
2449, 1.0000000000000002, 81.0, 5.000000000000001, 1, 0.000197988125, 0
2450, 3.0, 81.0, 5.000000000000001, 1, 0.000167741925, 0
2451, 5.0, 81.0, 5.000000000000001, 1, 0.0003315950375, 0
2452, 7.000000000000001, 81.0, 5.000000000000001, 1, 0.00110098455, 0
2463, 29.0, 81.0, 5.000000000000001, 1, 0.0011126954125, 0
2467, 1.0000000000000002, 83.00000000000001, 5.000000000000001, 1, 0.000108999245, 0
2468, 3.0, 83.00000000000001, 5.000000000000001, 1, 0.0001730112125, 0
2469, 5.0, 83.00000000000001, 5.000000000000001, 1, 0.0003498424625, 0
2470, 7.000000000000001, 83.00000000000001, 5.000000000000001, 1, 0.0011073005250000002, 0
2481, 29.0, 83.00000000000001, 5.000000000000001, 1, 0.0011908332000000002, 0
2485, 1.0000000000000002, 85.00000000000001, 5.000000000000001, 1, 9.035191499999999e-05, 0
2486, 3.0, 85.00000000000001, 5.000000000000001, 1, 0.0001665496625, 0
2487, 5.0, 85.00000000000001, 5.000000000000001, 1, 0.0003406744875, 0
2488, 7.000000000000001, 85.00000000000001, 5.000000000000001, 1, 0.0010539801, 0
2499, 29.0, 85.00000000000001, 5.000000000000001, 1, 0.0012547683375, 0
2503, 1.0000000000000002, 87.0, 5.000000000000001, 1, 9.547166125e-05, 0
2504, 3.0, 87.0, 5.000000000000001, 1, 0.0001582599375, 0
2505, 5.0, 87.0, 5.000000000000001, 1, 0.0003135562875, 0
2506, 7.000000000000001, 87.0, 5.000000000000001, 1, 0.000961915325, 0
2517, 29.0, 87.0, 5.000000000000001, 1, 0.001281046125, 0
2521, 1.0000000000000002, 89.00000000000001, 5.000000000000001, 1, 0.00018766037375, 0
2522, 3.0, 89.00000000000001, 5.000000000000001, 1, 0.0001376659, 0
2523, 5.0, 89.00000000000001, 5.000000000000001, 1, 0.00026438867499999996, 0
2524, 7.000000000000001, 89.00000000000001, 5.000000000000001, 1, 0.0008464502374999999, 0
2535, 29.0, 89.00000000000001, 5.000000000000001, 1, 0.0012185983124999998, 0
2539, 1.0000000000000002, 91.00000000000001, 5.000000000000001, 1, 0.00015990384625, 0
2540, 3.0, 91.00000000000001, 5.000000000000001, 1, 0.00010617097874999999, 0
2541, 5.0, 91.00000000000001, 5.000000000000001, 1, 0.0001943768, 0
2542, 7.000000000000001, 91.00000000000001, 5.000000000000001, 1, 0.0007122997875, 0
2553, 29.0, 91.00000000000001, 5.000000000000001, 1, 0.00092811575, 0
2557, 1.0000000000000002, 93.0, 5.000000000000001, 1, 3.933364375e-05, 0
2558, 3.0, 93.0, 5.000000000000001, 1, 4.8966122500000004e-05, 0
2559, 5.0, 93.0, 5.000000000000001, 1, 0.000127032615, 0
2560, 7.000000000000001, 93.0, 5.000000000000001, 1, 0.000561491995, 0
2571, 29.0, 93.0, 5.000000000000001, 1, 0.0006406284625, 0
2575, 1.0000000000000002, 95.00000000000001, 5.000000000000001, 1, 6.079933000000001e-05, 0
2576, 3.0, 95.00000000000001, 5.000000000000001, 1, 4.1483801250000006e-05, 0
2577, 5.0, 95.00000000000001, 5.000000000000001, 1, 0.00011443174875, 0
2578, 7.000000000000001, 95.00000000000001, 5.000000000000001, 1, 0.00041071825125, 0
2589, 29.0, 95.00000000000001, 5.000000000000001, 1, 0.0005756750712499999, 0
2595, 5.0, 1.0000000000000002, 7.000000000000001, 1, 0.00018980340375, 0
2596, 7.000000000000001, 1.0000000000000002, 7.000000000000001, 1, 0.0004155795125, 0
2597, 9.0, 1.0000000000000002, 7.000000000000001, 1, 0.0006435242875, 0
2598, 11.000000000000002, 1.0000000000000002, 7.000000000000001, 1, 0.000813051625, 0
2599, 13.0, 1.0000000000000002, 7.000000000000001, 1, 0.0008942010500000001, 0
2600, 15.0, 1.0000000000000002, 7.000000000000001, 1, 0.000885376875, 0
2601, 17.000000000000004, 1.0000000000000002, 7.000000000000001, 1, 0.0008236341375000001, 0
2602, 19.000000000000004, 1.0000000000000002, 7.000000000000001, 1, 0.0007446200000000001, 0
2603, 21.000000000000004, 1.0000000000000002, 7.000000000000001, 1, 0.0006567918625000001, 0
2604, 23.0, 1.0000000000000002, 7.000000000000001, 1, 0.0005419180624999999, 0
2605, 25.000000000000004, 1.0000000000000002, 7.000000000000001, 1, 0.0003854505625, 0
2606, 26.999999999999996, 1.0000000000000002, 7.000000000000001, 1, 0.000230885325, 0
2607, 29.0, 1.0000000000000002, 7.000000000000001, 1, 0.00012448748125, 0
2608, 31.000000000000004, 1.0000000000000002, 7.000000000000001, 1, 7.1233985e-05, 0
2609, 33.0, 1.0000000000000002, 7.000000000000001, 1, 3.9275695e-05, 0
2610, 35.00000000000001, 1.0000000000000002, 7.000000000000001, 1, 1.805122325e-05, 0
2613, 5.0, 3.0000000000000004, 7.000000000000001, 1, 0.00035650792500000004, 0
2614, 7.000000000000001, 3.0000000000000004, 7.000000000000001, 1, 0.0002384222125, 0
2615, 9.0, 3.0000000000000004, 7.000000000000001, 1, 0.00047743533749999996, 0
2616, 11.000000000000002, 3.0000000000000004, 7.000000000000001, 1, 0.000474511875, 0
2617, 13.0, 3.0000000000000004, 7.000000000000001, 1, 0.0003741299375, 0
2618, 15.0, 3.0000000000000004, 7.000000000000001, 1, 0.00036008887499999997, 0
2619, 17.000000000000004, 3.0000000000000004, 7.000000000000001, 1, 0.00036128401249999997, 0
2620, 19.000000000000004, 3.0000000000000004, 7.000000000000001, 1, 0.0003478719125, 0
2621, 21.000000000000004, 3.0000000000000004, 7.000000000000001, 1, 0.0003202305, 0
2622, 23.0, 3.0000000000000004, 7.000000000000001, 1, 0.000302696175, 0
2623, 25.000000000000004, 3.0000000000000004, 7.000000000000001, 1, 0.0003370184125, 0
2624, 26.999999999999996, 3.0000000000000004, 7.000000000000001, 1, 0.00032585938750000004, 0
2625, 29.0, 3.0000000000000004, 7.000000000000001, 1, 9.600866499999999e-05, 0
2626, 31.000000000000004, 3.0000000000000004, 7.000000000000001, 1, 2.427576625e-05, 0
2627, 33.0, 3.0000000000000004, 7.000000000000001, 1, 1.498319625e-05, 0
2628, 35.00000000000001, 3.0000000000000004, 7.000000000000001, 1, 2.749779e-05, 0
2631, 5.0, 5.000000000000001, 7.000000000000001, 1, 0.000491741375, 0
2632, 7.000000000000001, 5.000000000000001, 7.000000000000001, 1, 0.0005037651749999999, 0
2633, 9.0, 5.000000000000001, 7.000000000000001, 1, 0.0012515497125, 0
2634, 11.000000000000002, 5.000000000000001, 7.000000000000001, 1, 0.0005005072625, 0
2635, 13.0, 5.000000000000001, 7.000000000000001, 1, 0.000537333925, 0
2636, 15.0, 5.000000000000001, 7.000000000000001, 1, 0.0006091860625, 0
2637, 17.000000000000004, 5.000000000000001, 7.000000000000001, 1, 0.0006461769625, 0
2638, 19.000000000000004, 5.000000000000001, 7.000000000000001, 1, 0.0006526481375, 0
2639, 21.000000000000004, 5.000000000000001, 7.000000000000001, 1, 0.0006253223875000001, 0
2640, 23.0, 5.000000000000001, 7.000000000000001, 1, 0.00055733645, 0
2641, 25.000000000000004, 5.000000000000001, 7.000000000000001, 1, 0.0004868289125, 0
2642, 26.999999999999996, 5.000000000000001, 7.000000000000001, 1, 0.0006991520750000001, 0
2643, 29.0, 5.000000000000001, 7.000000000000001, 1, 0.00022061722500000001, 0
2644, 31.000000000000004, 5.000000000000001, 7.000000000000001, 1, 0.00011998440000000001, 0
2645, 33.0, 5.000000000000001, 7.000000000000001, 1, 3.296506125e-05, 0
2646, 35.00000000000001, 5.000000000000001, 7.000000000000001, 1, 1.5515968125e-05, 0
2647, 1.0000000000000002, 7.000000000000001, 7.000000000000001, 1, 1.0981342e-05, 0
2648, 3.0, 7.000000000000001, 7.000000000000001, 1, 0.00016517601125000001, 0
2649, 5.0, 7.000000000000001, 7.000000000000001, 1, 0.00015860866124999998, 0
2650, 7.000000000000001, 7.000000000000001, 7.000000000000001, 1, 0.001829909775, 0
2661, 29.0, 7.000000000000001, 7.000000000000001, 1, 0.0009351927375, 0
2665, 1.0000000000000002, 9.000000000000002, 7.000000000000001, 1, 0.0005673917525, 0
2666, 3.0, 9.000000000000002, 7.000000000000001, 1, 0.00010628639625, 0
2667, 5.0, 9.000000000000002, 7.000000000000001, 1, 0.000328045125, 0
2668, 7.000000000000001, 9.000000000000002, 7.000000000000001, 1, 0.0010084645500000001, 0
2679, 29.0, 9.000000000000002, 7.000000000000001, 1, 0.0009203704749999999, 0
2683, 1.0000000000000002, 11.0, 7.000000000000001, 1, 0.0008998004, 0
2684, 3.0, 11.0, 7.000000000000001, 1, 0.0004419979875, 0
2685, 5.0, 11.0, 7.000000000000001, 1, 0.0004398053125, 0
2686, 7.000000000000001, 11.0, 7.000000000000001, 1, 0.0006277487625, 0
2697, 29.0, 11.0, 7.000000000000001, 1, 0.0009340941375, 0
2701, 1.0000000000000002, 13.0, 7.000000000000001, 1, 0.0005520035, 0
2702, 3.0, 13.0, 7.000000000000001, 1, 0.0006098211875, 0
2703, 5.0, 13.0, 7.000000000000001, 1, 0.000462952, 0
2704, 7.000000000000001, 13.0, 7.000000000000001, 1, 0.0003466326875, 0
2715, 29.0, 13.0, 7.000000000000001, 1, 0.0009367423625, 0
2719, 1.0000000000000002, 14.999999999999998, 7.000000000000001, 1, 0.0005069547375000001, 0
2720, 3.0, 14.999999999999998, 7.000000000000001, 1, 0.0005357975875, 0
2721, 5.0, 14.999999999999998, 7.000000000000001, 1, 0.00037930722500000003, 0
2722, 7.000000000000001, 14.999999999999998, 7.000000000000001, 1, 0.00014730418750000002, 0
2733, 29.0, 14.999999999999998, 7.000000000000001, 1, 0.000918921025, 0
2737, 1.0000000000000002, 17.0, 7.000000000000001, 1, 0.000516119875, 0
2738, 3.0, 17.0, 7.000000000000001, 1, 0.000466885675, 0
2739, 5.0, 17.0, 7.000000000000001, 1, 0.0002415755, 0
2740, 7.000000000000001, 17.0, 7.000000000000001, 1, 5.6256146249999996e-05, 0
2751, 29.0, 17.0, 7.000000000000001, 1, 0.0009035050250000001, 0
2755, 1.0000000000000002, 19.000000000000004, 7.000000000000001, 1, 0.0007394151125, 0
2756, 3.0, 19.000000000000004, 7.000000000000001, 1, 0.00028521795, 0
2757, 5.0, 19.000000000000004, 7.000000000000001, 1, 0.00010874020374999999, 0
2758, 7.000000000000001, 19.000000000000004, 7.000000000000001, 1, 3.75319025e-05, 0
2769, 29.0, 19.000000000000004, 7.000000000000001, 1, 0.0008881187625, 0
2773, 1.0000000000000002, 21.0, 7.000000000000001, 1, 0.00024832456375, 0
2774, 3.0, 21.0, 7.000000000000001, 1, 6.894889375e-05, 0
2775, 5.0, 21.0, 7.000000000000001, 1, 4.1209415e-05, 0
2776, 7.000000000000001, 21.0, 7.000000000000001, 1, 3.548628e-05, 0
2787, 29.0, 21.0, 7.000000000000001, 1, 0.000870705, 0
2791, 1.0000000000000002, 23.000000000000004, 7.000000000000001, 1, 6.481540375e-06, 0
2792, 3.0, 23.000000000000004, 7.000000000000001, 1, 7.415091125e-06, 0
2793, 5.0, 23.000000000000004, 7.000000000000001, 1, 3.5660202125e-05, 0
2794, 7.000000000000001, 23.000000000000004, 7.000000000000001, 1, 3.0442412500000003e-05, 0
2805, 29.0, 23.000000000000004, 7.000000000000001, 1, 0.000851723775, 0
2812, 7.000000000000001, 25.000000000000004, 7.000000000000001, 1, 7.560598699999999e-05, 0
2823, 29.0, 25.000000000000004, 7.000000000000001, 1, 0.0008313355375, 0
2830, 7.000000000000001, 27.0, 7.000000000000001, 1, 2.9761334375e-05, 0
2841, 29.0, 27.0, 7.000000000000001, 1, 0.0008093776125, 0
2848, 7.000000000000001, 28.999999999999996, 7.000000000000001, 1, 1.2192480875e-05, 0
2859, 29.0, 28.999999999999996, 7.000000000000001, 1, 0.0007850694499999999, 0
2866, 7.000000000000001, 31.000000000000004, 7.000000000000001, 1, 8.825465e-06, 0
2877, 29.0, 31.000000000000004, 7.000000000000001, 1, 0.000756549975, 0
2884, 7.000000000000001, 33.00000000000001, 7.000000000000001, 1, 1.0561215875e-05, 0
2895, 29.0, 33.00000000000001, 7.000000000000001, 1, 0.0007199854375, 0
2902, 7.000000000000001, 35.0, 7.000000000000001, 1, 1.264905525e-05, 0
2913, 29.0, 35.0, 7.000000000000001, 1, 0.000667549475, 0
2920, 7.000000000000001, 37.00000000000001, 7.000000000000001, 1, 1.2650174875e-05, 0
2931, 29.0, 37.00000000000001, 7.000000000000001, 1, 0.0005926040500000001, 0
2938, 7.000000000000001, 39.00000000000001, 7.000000000000001, 1, 1.2145874625e-05, 0
2949, 29.0, 39.00000000000001, 7.000000000000001, 1, 0.0005273974125000001, 0
2956, 7.000000000000001, 41.0, 7.000000000000001, 1, 1.1873927625e-05, 0
2967, 29.0, 41.0, 7.000000000000001, 1, 0.0004535903625, 0
2974, 7.000000000000001, 43.00000000000001, 7.000000000000001, 1, 1.1923683999999999e-05, 0
2985, 29.0, 43.00000000000001, 7.000000000000001, 1, 0.00037586837500000003, 0
2992, 7.000000000000001, 45.00000000000001, 7.000000000000001, 1, 1.231026e-05, 0
3003, 29.0, 45.00000000000001, 7.000000000000001, 1, 0.00030313112500000004, 0
3010, 7.000000000000001, 47.0, 7.000000000000001, 1, 1.3040512499999999e-05, 0
3021, 29.0, 47.0, 7.000000000000001, 1, 0.0002449996375, 0
3028, 7.000000000000001, 49.0, 7.000000000000001, 1, 1.411440375e-05, 0
3039, 29.0, 49.0, 7.000000000000001, 1, 0.00020434956250000002, 0
3046, 7.000000000000001, 50.99999999999999, 7.000000000000001, 1, 1.552156375e-05, 0
3057, 29.0, 50.99999999999999, 7.000000000000001, 1, 0.0001778975625, 0
3064, 7.000000000000001, 53.0, 7.000000000000001, 1, 1.7249033749999998e-05, 0
3075, 29.0, 53.0, 7.000000000000001, 1, 0.00015770033750000002, 0
3082, 7.000000000000001, 55.0, 7.000000000000001, 1, 1.9316402000000002e-05, 0
3093, 29.0, 55.0, 7.000000000000001, 1, 0.00014451335, 0
3100, 7.000000000000001, 56.99999999999999, 7.000000000000001, 1, 2.1847798375e-05, 0
3111, 29.0, 56.99999999999999, 7.000000000000001, 1, 0.00013456177625, 0
3118, 7.000000000000001, 59.0, 7.000000000000001, 1, 2.5056211875e-05, 0
3129, 29.0, 59.0, 7.000000000000001, 1, 0.00011949963374999999, 0
3136, 7.000000000000001, 61.0, 7.000000000000001, 1, 3.3083471249999996e-05, 0
3147, 29.0, 61.0, 7.000000000000001, 1, 0.00010456314125, 0
3154, 7.000000000000001, 62.99999999999999, 7.000000000000001, 1, 5.067060125e-05, 0
3165, 29.0, 62.99999999999999, 7.000000000000001, 1, 8.886124125e-05, 0
3172, 7.000000000000001, 65.0, 7.000000000000001, 1, 7.275971875e-05, 0
3183, 29.0, 65.0, 7.000000000000001, 1, 7.48819725e-05, 0
3190, 7.000000000000001, 67.00000000000001, 7.000000000000001, 1, 8.455977375e-05, 0
3201, 29.0, 67.00000000000001, 7.000000000000001, 1, 4.524866e-05, 0
3208, 7.000000000000001, 69.0, 7.000000000000001, 1, 7.774795625e-05, 0
3219, 29.0, 69.0, 7.000000000000001, 1, 7.3820805e-05, 0
3226, 7.000000000000001, 71.0, 7.000000000000001, 1, 8.628760750000001e-05, 0
3237, 29.0, 71.0, 7.000000000000001, 1, 0.0001232954175, 0
3241, 1.0000000000000002, 73.00000000000001, 7.000000000000001, 1, 5.554111875e-05, 0
3242, 3.0, 73.00000000000001, 7.000000000000001, 1, 3.95147575e-05, 0
3243, 5.0, 73.00000000000001, 7.000000000000001, 1, 0.0001219335775, 0
3244, 7.000000000000001, 73.00000000000001, 7.000000000000001, 1, 8.151375e-05, 0
3255, 29.0, 73.00000000000001, 7.000000000000001, 1, 0.00018113532249999998, 0
3259, 1.0000000000000002, 75.0, 7.000000000000001, 1, 5.750208375e-05, 0
3260, 3.0, 75.0, 7.000000000000001, 1, 6.799045875e-05, 0
3261, 5.0, 75.0, 7.000000000000001, 1, 0.000116899375, 0
3262, 7.000000000000001, 75.0, 7.000000000000001, 1, 0.0001196006825, 0
3273, 29.0, 75.0, 7.000000000000001, 1, 0.0002646232625, 0
3277, 1.0000000000000002, 77.00000000000001, 7.000000000000001, 1, 5.7121755e-05, 0
3278, 3.0, 77.00000000000001, 7.000000000000001, 1, 0.00012325078000000001, 0
3279, 5.0, 77.00000000000001, 7.000000000000001, 1, 0.00017870196250000003, 0
3280, 7.000000000000001, 77.00000000000001, 7.000000000000001, 1, 0.000155555025, 0
3291, 29.0, 77.00000000000001, 7.000000000000001, 1, 0.00024172011250000002, 0
3295, 1.0000000000000002, 79.00000000000001, 7.000000000000001, 1, 0.0002122944, 0
3296, 3.0, 79.00000000000001, 7.000000000000001, 1, 0.00019769795, 0
3297, 5.0, 79.00000000000001, 7.000000000000001, 1, 0.00024553103749999996, 0
3298, 7.000000000000001, 79.00000000000001, 7.000000000000001, 1, 0.0001762780625, 0
3309, 29.0, 79.00000000000001, 7.000000000000001, 1, 0.00028403501250000003, 0
3313, 1.0000000000000002, 81.0, 7.000000000000001, 1, 0.00018152896250000003, 0
3314, 3.0, 81.0, 7.000000000000001, 1, 0.00022469186249999998, 0
3315, 5.0, 81.0, 7.000000000000001, 1, 0.00028397675, 0
3316, 7.000000000000001, 81.0, 7.000000000000001, 1, 0.00017689085000000001, 0
3327, 29.0, 81.0, 7.000000000000001, 1, 0.00033408525, 0
3331, 1.0000000000000002, 83.00000000000001, 7.000000000000001, 1, 0.00014165646249999998, 0
3332, 3.0, 83.00000000000001, 7.000000000000001, 1, 0.00021381785, 0
3333, 5.0, 83.00000000000001, 7.000000000000001, 1, 0.0002861478, 0
3334, 7.000000000000001, 83.00000000000001, 7.000000000000001, 1, 0.00016334658750000002, 0
3345, 29.0, 83.00000000000001, 7.000000000000001, 1, 0.0003538133, 0
3349, 1.0000000000000002, 85.00000000000001, 7.000000000000001, 1, 0.0001286192, 0
3350, 3.0, 85.00000000000001, 7.000000000000001, 1, 0.00019664412499999998, 0
3351, 5.0, 85.00000000000001, 7.000000000000001, 1, 0.0002680470625, 0
3352, 7.000000000000001, 85.00000000000001, 7.000000000000001, 1, 0.0001446666375, 0
3363, 29.0, 85.00000000000001, 7.000000000000001, 1, 0.00038442052499999997, 0
3367, 1.0000000000000002, 87.0, 7.000000000000001, 1, 0.00012443654999999998, 0
3368, 3.0, 87.0, 7.000000000000001, 1, 0.000185850175, 0
3369, 5.0, 87.0, 7.000000000000001, 1, 0.00023986598749999998, 0
3370, 7.000000000000001, 87.0, 7.000000000000001, 1, 0.0001263931375, 0
3381, 29.0, 87.0, 7.000000000000001, 1, 0.000408156775, 0
3385, 1.0000000000000002, 89.00000000000001, 7.000000000000001, 1, 0.00016112977499999997, 0
3386, 3.0, 89.00000000000001, 7.000000000000001, 1, 0.000165721325, 0
3387, 5.0, 89.00000000000001, 7.000000000000001, 1, 0.0001996063, 0
3388, 7.000000000000001, 89.00000000000001, 7.000000000000001, 1, 0.000108127645, 0
3399, 29.0, 89.00000000000001, 7.000000000000001, 1, 0.00040735163749999997, 0
3403, 1.0000000000000002, 91.00000000000001, 7.000000000000001, 1, 0.00012613480125, 0
3404, 3.0, 91.00000000000001, 7.000000000000001, 1, 0.00011860384499999999, 0
3405, 5.0, 91.00000000000001, 7.000000000000001, 1, 0.00014637917125, 0
3406, 7.000000000000001, 91.00000000000001, 7.000000000000001, 1, 8.660054375000001e-05, 0
3417, 29.0, 91.00000000000001, 7.000000000000001, 1, 0.000271306705, 0
3421, 1.0000000000000002, 93.0, 7.000000000000001, 1, 2.931737125e-05, 0
3422, 3.0, 93.0, 7.000000000000001, 1, 6.140082e-05, 0
3423, 5.0, 93.0, 7.000000000000001, 1, 9.41779e-05, 0
3424, 7.000000000000001, 93.0, 7.000000000000001, 1, 5.8855385000000005e-05, 0
3435, 29.0, 93.0, 7.000000000000001, 1, 0.00015431844125, 0
3439, 1.0000000000000002, 95.00000000000001, 7.000000000000001, 1, 3.598776875e-05, 0
3440, 3.0, 95.00000000000001, 7.000000000000001, 1, 3.877651625e-05, 0
3441, 5.0, 95.00000000000001, 7.000000000000001, 1, 6.498908875e-05, 0
3442, 7.000000000000001, 95.00000000000001, 7.000000000000001, 1, 3.4505705e-05, 0
3453, 29.0, 95.00000000000001, 7.000000000000001, 1, 0.0001337247875, 0
3459, 5.0, 1.0000000000000002, 9.000000000000002, 1, 0.00011706221, 0
3460, 7.000000000000001, 1.0000000000000002, 9.000000000000002, 1, 0.00028277501250000003, 0
3461, 9.0, 1.0000000000000002, 9.000000000000002, 1, 0.000511423025, 0
3462, 11.000000000000002, 1.0000000000000002, 9.000000000000002, 1, 0.000750363875, 0
3463, 13.0, 1.0000000000000002, 9.000000000000002, 1, 0.0009569091875, 0
3464, 15.0, 1.0000000000000002, 9.000000000000002, 1, 0.0010643078375, 0
3465, 17.000000000000004, 1.0000000000000002, 9.000000000000002, 1, 0.001070972175, 0
3466, 19.000000000000004, 1.0000000000000002, 9.000000000000002, 1, 0.0010032175, 0
3467, 21.000000000000004, 1.0000000000000002, 9.000000000000002, 1, 0.000873877025, 0
3468, 23.0, 1.0000000000000002, 9.000000000000002, 1, 0.0006770627875, 0
3469, 25.000000000000004, 1.0000000000000002, 9.000000000000002, 1, 0.0004302003, 0
3470, 26.999999999999996, 1.0000000000000002, 9.000000000000002, 1, 0.000225490725, 0
3471, 29.0, 1.0000000000000002, 9.000000000000002, 1, 0.00011562886500000001, 0
3472, 31.000000000000004, 1.0000000000000002, 9.000000000000002, 1, 6.94957075e-05, 0
3473, 33.0, 1.0000000000000002, 9.000000000000002, 1, 3.3576711249999996e-05, 0
3474, 35.00000000000001, 1.0000000000000002, 9.000000000000002, 1, 1.0238047499999999e-05, 0
3477, 5.0, 3.0000000000000004, 9.000000000000002, 1, 0.0002526897, 0
3478, 7.000000000000001, 3.0000000000000004, 9.000000000000002, 1, 0.0002833659375, 0
3479, 9.0, 3.0000000000000004, 9.000000000000002, 1, 0.0007848298000000001, 0
3480, 11.000000000000002, 3.0000000000000004, 9.000000000000002, 1, 0.0007573538750000001, 0
3481, 13.0, 3.0000000000000004, 9.000000000000002, 1, 0.00043124875, 0
3482, 15.0, 3.0000000000000004, 9.000000000000002, 1, 0.00027351153749999996, 0
3483, 17.000000000000004, 3.0000000000000004, 9.000000000000002, 1, 0.000199597975, 0
3484, 19.000000000000004, 3.0000000000000004, 9.000000000000002, 1, 0.0001726448625, 0
3485, 21.000000000000004, 3.0000000000000004, 9.000000000000002, 1, 0.00018589067499999998, 0
3486, 23.0, 3.0000000000000004, 9.000000000000002, 1, 0.00025766881249999997, 0
3487, 25.000000000000004, 3.0000000000000004, 9.000000000000002, 1, 0.0004211118, 0
3488, 26.999999999999996, 3.0000000000000004, 9.000000000000002, 1, 0.000492723925, 0
3489, 29.0, 3.0000000000000004, 9.000000000000002, 1, 0.0001645567, 0
3490, 31.000000000000004, 3.0000000000000004, 9.000000000000002, 1, 3.635299875e-05, 0
3491, 33.0, 3.0000000000000004, 9.000000000000002, 1, 1.47545255e-05, 0
3492, 35.00000000000001, 3.0000000000000004, 9.000000000000002, 1, 1.4405215e-05, 0
3495, 5.0, 5.000000000000001, 9.000000000000002, 1, 0.00035284502499999997, 0
3496, 7.000000000000001, 5.000000000000001, 9.000000000000002, 1, 0.000836564625, 0
3497, 9.0, 5.000000000000001, 9.000000000000002, 1, 0.0022451937375, 0
3498, 11.000000000000002, 5.000000000000001, 9.000000000000002, 1, 0.0006046274875, 0
3499, 13.0, 5.000000000000001, 9.000000000000002, 1, 0.0006096343750000001, 0
3500, 15.0, 5.000000000000001, 9.000000000000002, 1, 0.00073817385, 0
3501, 17.000000000000004, 5.000000000000001, 9.000000000000002, 1, 0.0008354604499999999, 0
3502, 19.000000000000004, 5.000000000000001, 9.000000000000002, 1, 0.0008705485125, 0
3503, 21.000000000000004, 5.000000000000001, 9.000000000000002, 1, 0.0008273510875, 0
3504, 23.0, 5.000000000000001, 9.000000000000002, 1, 0.000709628725, 0
3505, 25.000000000000004, 5.000000000000001, 9.000000000000002, 1, 0.0005881808875, 0
3506, 26.999999999999996, 5.000000000000001, 9.000000000000002, 1, 0.0009262237375, 0
3507, 29.0, 5.000000000000001, 9.000000000000002, 1, 0.00033767031250000004, 0
3508, 31.000000000000004, 5.000000000000001, 9.000000000000002, 1, 0.00015066819375, 0
3509, 33.0, 5.000000000000001, 9.000000000000002, 1, 1.94437725e-05, 0
3510, 35.00000000000001, 5.000000000000001, 9.000000000000002, 1, 7.973874125e-06, 0
3511, 1.0000000000000002, 7.000000000000001, 9.000000000000002, 1, 9.593729250000001e-06, 0
3512, 3.0, 7.000000000000001, 9.000000000000002, 1, 8.479829999999999e-05, 0
3513, 5.0, 7.000000000000001, 9.000000000000002, 1, 0.00031876412499999996, 0
3514, 7.000000000000001, 7.000000000000001, 9.000000000000002, 1, 0.003349112125, 0
3525, 29.0, 7.000000000000001, 9.000000000000002, 1, 0.0014948988125000002, 0
3529, 1.0000000000000002, 9.000000000000002, 9.000000000000002, 1, 0.00025454225500000003, 0
3530, 3.0, 9.000000000000002, 9.000000000000002, 1, 0.0001249673625, 0
3531, 5.0, 9.000000000000002, 9.000000000000002, 1, 0.00065689875, 0
3532, 7.000000000000001, 9.000000000000002, 9.000000000000002, 1, 0.0016357501499999999, 0
3543, 29.0, 9.000000000000002, 9.000000000000002, 1, 0.001534504875, 0
3547, 1.0000000000000002, 11.0, 9.000000000000002, 1, 0.0009290505249999999, 0
3548, 3.0, 11.0, 9.000000000000002, 1, 0.0005897061625, 0
3549, 5.0, 11.0, 9.000000000000002, 1, 0.0006726846, 0
3550, 7.000000000000001, 11.0, 9.000000000000002, 1, 0.0009352894875, 0
3561, 29.0, 11.0, 9.000000000000002, 1, 0.001443182625, 0
3565, 1.0000000000000002, 13.0, 9.000000000000002, 1, 0.0007244545250000001, 0
3566, 3.0, 13.0, 9.000000000000002, 1, 0.0007583967874999999, 0
3567, 5.0, 13.0, 9.000000000000002, 1, 0.0006003173250000001, 0
3568, 7.000000000000001, 13.0, 9.000000000000002, 1, 0.0004949146, 0
3579, 29.0, 13.0, 9.000000000000002, 1, 0.00137922725, 0
3583, 1.0000000000000002, 14.999999999999998, 9.000000000000002, 1, 0.0006511519874999999, 0
3584, 3.0, 14.999999999999998, 9.000000000000002, 1, 0.0006397097, 0
3585, 5.0, 14.999999999999998, 9.000000000000002, 1, 0.00043981084999999997, 0
3586, 7.000000000000001, 14.999999999999998, 9.000000000000002, 1, 0.000203176325, 0
3597, 29.0, 14.999999999999998, 9.000000000000002, 1, 0.00130624875, 0
3601, 1.0000000000000002, 17.0, 9.000000000000002, 1, 0.0006136828625, 0
3602, 3.0, 17.0, 9.000000000000002, 1, 0.0005158635875, 0
3603, 5.0, 17.0, 9.000000000000002, 1, 0.0002511336875, 0
3604, 7.000000000000001, 17.0, 9.000000000000002, 1, 6.0331802499999994e-05, 0
3615, 29.0, 17.0, 9.000000000000002, 1, 0.0012338948750000001, 0
3619, 1.0000000000000002, 19.000000000000004, 9.000000000000002, 1, 0.000775780775, 0
3620, 3.0, 19.000000000000004, 9.000000000000002, 1, 0.000283037725, 0
3621, 5.0, 19.000000000000004, 9.000000000000002, 1, 9.47537025e-05, 0
3622, 7.000000000000001, 19.000000000000004, 9.000000000000002, 1, 1.76166e-05, 0
3633, 29.0, 19.000000000000004, 9.000000000000002, 1, 0.001161861875, 0
3637, 1.0000000000000002, 21.0, 9.000000000000002, 1, 0.00022452606124999998, 0
3638, 3.0, 21.0, 9.000000000000002, 1, 6.068132625000001e-05, 0
3639, 5.0, 21.0, 9.000000000000002, 1, 2.4515026250000002e-05, 0
3640, 7.000000000000001, 21.0, 9.000000000000002, 1, 1.1143743750000001e-05, 0
3651, 29.0, 21.0, 9.000000000000002, 1, 0.0010902225875, 0
3655, 1.0000000000000002, 23.000000000000004, 9.000000000000002, 1, 6.695776375e-06, 0
3656, 3.0, 23.000000000000004, 9.000000000000002, 1, 7.462663625e-06, 0
3657, 5.0, 23.000000000000004, 9.000000000000002, 1, 1.8049004749999997e-05, 0
3658, 7.000000000000001, 23.000000000000004, 9.000000000000002, 1, 1.138295075e-05, 0
3669, 29.0, 23.000000000000004, 9.000000000000002, 1, 0.0010197473, 0
3676, 7.000000000000001, 25.000000000000004, 9.000000000000002, 1, 4.0912795749999996e-05, 0
3687, 29.0, 25.000000000000004, 9.000000000000002, 1, 0.00095098115, 0
3694, 7.000000000000001, 27.0, 9.000000000000002, 1, 2.245505925e-05, 0
3705, 29.0, 27.0, 9.000000000000002, 1, 0.0008839847875, 0
3712, 7.000000000000001, 28.999999999999996, 9.000000000000002, 1, 1.24244285e-05, 0
3723, 29.0, 28.999999999999996, 9.000000000000002, 1, 0.000818352825, 0
3730, 7.000000000000001, 31.000000000000004, 9.000000000000002, 1, 8.2406785e-06, 0
3741, 29.0, 31.000000000000004, 9.000000000000002, 1, 0.0007531238, 0
3748, 7.000000000000001, 33.00000000000001, 9.000000000000002, 1, 6.60705625e-06, 0
3759, 29.0, 33.00000000000001, 9.000000000000002, 1, 0.000686858525, 0
3766, 7.000000000000001, 35.0, 9.000000000000002, 1, 5.9397765e-06, 0
3777, 29.0, 35.0, 9.000000000000002, 1, 0.000619527825, 0
3784, 7.000000000000001, 37.00000000000001, 9.000000000000002, 1, 5.55949875e-06, 0
3795, 29.0, 37.00000000000001, 9.000000000000002, 1, 0.0005570863875, 0
3802, 7.000000000000001, 39.00000000000001, 9.000000000000002, 1, 6.2174425e-06, 0
3813, 29.0, 39.00000000000001, 9.000000000000002, 1, 0.000500019325, 0
3820, 7.000000000000001, 41.0, 9.000000000000002, 1, 7.251445e-06, 0
3831, 29.0, 41.0, 9.000000000000002, 1, 0.0004505103375, 0
3838, 7.000000000000001, 43.00000000000001, 9.000000000000002, 1, 8.507158e-06, 0
3849, 29.0, 43.00000000000001, 9.000000000000002, 1, 0.0004029332125, 0
3856, 7.000000000000001, 45.00000000000001, 9.000000000000002, 1, 9.98272025e-06, 0
3867, 29.0, 45.00000000000001, 9.000000000000002, 1, 0.0003586556375, 0
3874, 7.000000000000001, 47.0, 9.000000000000002, 1, 1.1676700999999999e-05, 0
3885, 29.0, 47.0, 9.000000000000002, 1, 0.000318799925, 0
3892, 7.000000000000001, 49.0, 9.000000000000002, 1, 1.358564875e-05, 0
3903, 29.0, 49.0, 9.000000000000002, 1, 0.000283755025, 0
3910, 7.000000000000001, 50.99999999999999, 9.000000000000002, 1, 1.5720527499999998e-05, 0
3921, 29.0, 50.99999999999999, 9.000000000000002, 1, 0.000252758075, 0
3928, 7.000000000000001, 53.0, 9.000000000000002, 1, 1.8166065e-05, 0
3939, 29.0, 53.0, 9.000000000000002, 1, 0.0002245371625, 0
3946, 7.000000000000001, 55.0, 9.000000000000002, 1, 2.1217815e-05, 0
3957, 29.0, 55.0, 9.000000000000002, 1, 0.00019797591250000001, 0
3964, 7.000000000000001, 56.99999999999999, 9.000000000000002, 1, 2.554648625e-05, 0
3975, 29.0, 56.99999999999999, 9.000000000000002, 1, 0.00017271173750000001, 0
3982, 7.000000000000001, 59.0, 9.000000000000002, 1, 3.1969707500000004e-05, 0
3993, 29.0, 59.0, 9.000000000000002, 1, 0.000148666355, 0
4000, 7.000000000000001, 61.0, 9.000000000000002, 1, 4.0317448749999996e-05, 0
4011, 29.0, 61.0, 9.000000000000002, 1, 0.000125232345, 0
4018, 7.000000000000001, 62.99999999999999, 9.000000000000002, 1, 4.8638053750000006e-05, 0
4029, 29.0, 62.99999999999999, 9.000000000000002, 1, 0.00010519659375, 0
4036, 7.000000000000001, 65.0, 9.000000000000002, 1, 5.2536357499999994e-05, 0
4047, 29.0, 65.0, 9.000000000000002, 1, 8.626361625e-05, 0
4054, 7.000000000000001, 67.00000000000001, 9.000000000000002, 1, 4.9709672500000004e-05, 0
4065, 29.0, 67.00000000000001, 9.000000000000002, 1, 6.159571375e-05, 0
4072, 7.000000000000001, 69.0, 9.000000000000002, 1, 4.6415652500000004e-05, 0
4083, 29.0, 69.0, 9.000000000000002, 1, 5.6544948749999996e-05, 0
4090, 7.000000000000001, 71.0, 9.000000000000002, 1, 6.752209999999999e-05, 0
4101, 29.0, 71.0, 9.000000000000002, 1, 6.418749787499999e-05, 0
4105, 1.0000000000000002, 73.00000000000001, 9.000000000000002, 1, 1.7976398749999998e-05, 0
4106, 3.0, 73.00000000000001, 9.000000000000002, 1, 2.87736375e-05, 0
4107, 5.0, 73.00000000000001, 9.000000000000002, 1, 6.543555375e-05, 0
4108, 7.000000000000001, 73.00000000000001, 9.000000000000002, 1, 4.308720375e-05, 0
4119, 29.0, 73.00000000000001, 9.000000000000002, 1, 9.344365875e-05, 0
4123, 1.0000000000000002, 75.0, 9.000000000000002, 1, 2.6639877499999997e-05, 0
4124, 3.0, 75.0, 9.000000000000002, 1, 6.059166875e-05, 0
4125, 5.0, 75.0, 9.000000000000002, 1, 6.12354375e-05, 0
4126, 7.000000000000001, 75.0, 9.000000000000002, 1, 4.537724125e-05, 0
4137, 29.0, 75.0, 9.000000000000002, 1, 0.00017234055, 0
4141, 1.0000000000000002, 77.00000000000001, 9.000000000000002, 1, 5.06018925e-05, 0
4142, 3.0, 77.00000000000001, 9.000000000000002, 1, 0.00012510471875, 0
4143, 5.0, 77.00000000000001, 9.000000000000002, 1, 8.968481875e-05, 0
4144, 7.000000000000001, 77.00000000000001, 9.000000000000002, 1, 5.438128375e-05, 0
4155, 29.0, 77.00000000000001, 9.000000000000002, 1, 0.00012836276125000002, 0
4159, 1.0000000000000002, 79.00000000000001, 9.000000000000002, 1, 0.00038189464375, 0
4160, 3.0, 79.00000000000001, 9.000000000000002, 1, 0.00019354491250000002, 0
4161, 5.0, 79.00000000000001, 9.000000000000002, 1, 0.00011728013750000001, 0
4162, 7.000000000000001, 79.00000000000001, 9.000000000000002, 1, 6.612135375000001e-05, 0
4173, 29.0, 79.00000000000001, 9.000000000000002, 1, 0.00017423563375, 0
4177, 1.0000000000000002, 81.0, 9.000000000000002, 1, 0.0002355974375, 0
4178, 3.0, 81.0, 9.000000000000002, 1, 0.00019251050000000002, 0
4179, 5.0, 81.0, 9.000000000000002, 1, 0.00012372775, 0
4180, 7.000000000000001, 81.0, 9.000000000000002, 1, 7.042541125e-05, 0
4191, 29.0, 81.0, 9.000000000000002, 1, 0.0002145239625, 0
4195, 1.0000000000000002, 83.00000000000001, 9.000000000000002, 1, 0.0001538745, 0
4196, 3.0, 83.00000000000001, 9.000000000000002, 1, 0.000166499125, 0
4197, 5.0, 83.00000000000001, 9.000000000000002, 1, 0.0001153572875, 0
4198, 7.000000000000001, 83.00000000000001, 9.000000000000002, 1, 6.583091125e-05, 0
4209, 29.0, 83.00000000000001, 9.000000000000002, 1, 0.000247602275, 0
4213, 1.0000000000000002, 85.00000000000001, 9.000000000000002, 1, 0.00013201576250000002, 0
4214, 3.0, 85.00000000000001, 9.000000000000002, 1, 0.000145665425, 0
4215, 5.0, 85.00000000000001, 9.000000000000002, 1, 0.0001034736975, 0
4216, 7.000000000000001, 85.00000000000001, 9.000000000000002, 1, 5.830446000000001e-05, 0
4227, 29.0, 85.00000000000001, 9.000000000000002, 1, 0.00027807579999999997, 0
4231, 1.0000000000000002, 87.0, 9.000000000000002, 1, 0.0001276161625, 0
4232, 3.0, 87.0, 9.000000000000002, 1, 0.00013861467499999997, 0
4233, 5.0, 87.0, 9.000000000000002, 1, 9.184672249999999e-05, 0
4234, 7.000000000000001, 87.0, 9.000000000000002, 1, 5.1176065e-05, 0
4245, 29.0, 87.0, 9.000000000000002, 1, 0.0002915299125, 0
4249, 1.0000000000000002, 89.00000000000001, 9.000000000000002, 1, 0.000180929375, 0
4250, 3.0, 89.00000000000001, 9.000000000000002, 1, 0.0001282581, 0
4251, 5.0, 89.00000000000001, 9.000000000000002, 1, 7.765207624999999e-05, 0
4252, 7.000000000000001, 89.00000000000001, 9.000000000000002, 1, 4.202148125e-05, 0
4263, 29.0, 89.00000000000001, 9.000000000000002, 1, 0.00028866371249999996, 0
4267, 1.0000000000000002, 91.00000000000001, 9.000000000000002, 1, 0.0001674897825, 0
4268, 3.0, 91.00000000000001, 9.000000000000002, 1, 9.848300625e-05, 0
4269, 5.0, 91.00000000000001, 9.000000000000002, 1, 5.9496845e-05, 0
4270, 7.000000000000001, 91.00000000000001, 9.000000000000002, 1, 2.864730875e-05, 0
4281, 29.0, 91.00000000000001, 9.000000000000002, 1, 0.0001858916875, 0
4285, 1.0000000000000002, 93.0, 9.000000000000002, 1, 1.1803511249999999e-05, 0
4286, 3.0, 93.0, 9.000000000000002, 1, 4.605939125e-05, 0
4287, 5.0, 93.0, 9.000000000000002, 1, 3.7935747499999997e-05, 0
4288, 7.000000000000001, 93.0, 9.000000000000002, 1, 1.4636706249999999e-05, 0
4299, 29.0, 93.0, 9.000000000000002, 1, 6.60646185e-05, 0
4303, 1.0000000000000002, 95.00000000000001, 9.000000000000002, 1, 9.792094499999999e-06, 0
4304, 3.0, 95.00000000000001, 9.000000000000002, 1, 2.167002875e-05, 0
4305, 5.0, 95.00000000000001, 9.000000000000002, 1, 2.211995625e-05, 0
4306, 7.000000000000001, 95.00000000000001, 9.000000000000002, 1, 6.897386500000001e-06, 0
4317, 29.0, 95.00000000000001, 9.000000000000002, 1, 2.835809525e-05, 0
4323, 5.0, 1.0000000000000002, 11.000000000000002, 1, 2.5706592499999998e-05, 0
4324, 7.000000000000001, 1.0000000000000002, 11.000000000000002, 1, 0.00011105579125, 0
4325, 9.0, 1.0000000000000002, 11.000000000000002, 1, 0.00036618672500000004, 0
4326, 11.000000000000002, 1.0000000000000002, 11.000000000000002, 1, 0.0006654916750000001, 0
4327, 13.0, 1.0000000000000002, 11.000000000000002, 1, 0.0009071837375, 0
4328, 15.0, 1.0000000000000002, 11.000000000000002, 1, 0.0010585413, 0
4329, 17.000000000000004, 1.0000000000000002, 11.000000000000002, 1, 0.0011164015125, 0
4330, 19.000000000000004, 1.0000000000000002, 11.000000000000002, 1, 0.0010742463625000001, 0
4331, 21.000000000000004, 1.0000000000000002, 11.000000000000002, 1, 0.0009360589375, 0
4332, 23.0, 1.0000000000000002, 11.000000000000002, 1, 0.000715279825, 0
4333, 25.000000000000004, 1.0000000000000002, 11.000000000000002, 1, 0.0004569816625, 0
4334, 26.999999999999996, 1.0000000000000002, 11.000000000000002, 1, 0.00024421816250000004, 0
4335, 29.0, 1.0000000000000002, 11.000000000000002, 1, 0.00011146842125, 0
4336, 31.000000000000004, 1.0000000000000002, 11.000000000000002, 1, 5.154124625e-05, 0
4337, 33.0, 1.0000000000000002, 11.000000000000002, 1, 1.7868178249999998e-05, 0
4338, 35.00000000000001, 1.0000000000000002, 11.000000000000002, 1, 2.31343e-06, 0
4341, 5.0, 3.0000000000000004, 11.000000000000002, 1, 0.00012526561, 0
4342, 7.000000000000001, 3.0000000000000004, 11.000000000000002, 1, 0.0003987571625, 0
4343, 9.0, 3.0000000000000004, 11.000000000000002, 1, 0.0014012853375000001, 0
4344, 11.000000000000002, 3.0000000000000004, 11.000000000000002, 1, 0.001496801625, 0
4345, 13.0, 3.0000000000000004, 11.000000000000002, 1, 0.0008742994500000001, 0
4346, 15.0, 3.0000000000000004, 11.000000000000002, 1, 0.00047566590000000004, 0
4347, 17.000000000000004, 3.0000000000000004, 11.000000000000002, 1, 0.0002364163375, 0
4348, 19.000000000000004, 3.0000000000000004, 11.000000000000002, 1, 0.00014022105000000002, 0
4349, 21.000000000000004, 3.0000000000000004, 11.000000000000002, 1, 0.000179411425, 0
4350, 23.0, 3.0000000000000004, 11.000000000000002, 1, 0.00035632542500000004, 0
4351, 25.000000000000004, 3.0000000000000004, 11.000000000000002, 1, 0.00068405235, 0
4352, 26.999999999999996, 3.0000000000000004, 11.000000000000002, 1, 0.0008196611875000001, 0
4353, 29.0, 3.0000000000000004, 11.000000000000002, 1, 0.00031415656250000003, 0
4354, 31.000000000000004, 3.0000000000000004, 11.000000000000002, 1, 5.413247875e-05, 0
4355, 33.0, 3.0000000000000004, 11.000000000000002, 1, 1.20169385e-05, 0
4356, 35.00000000000001, 3.0000000000000004, 11.000000000000002, 1, 3.320612125e-06, 0
4359, 5.0, 5.000000000000001, 11.000000000000002, 1, 0.00024715757375, 0
4360, 7.000000000000001, 5.000000000000001, 11.000000000000002, 1, 0.0012390891125, 0
4361, 9.0, 5.000000000000001, 11.000000000000002, 1, 0.0030819750125, 0
4362, 11.000000000000002, 5.000000000000001, 11.000000000000002, 1, 0.0006425582875, 0
4363, 13.0, 5.000000000000001, 11.000000000000002, 1, 0.0005861491125, 0
4364, 15.0, 5.000000000000001, 11.000000000000002, 1, 0.0007387590375, 0
4365, 17.000000000000004, 5.000000000000001, 11.000000000000002, 1, 0.0008830061, 0
4366, 19.000000000000004, 5.000000000000001, 11.000000000000002, 1, 0.000939703225, 0
4367, 21.000000000000004, 5.000000000000001, 11.000000000000002, 1, 0.000880180725, 0
4368, 23.0, 5.000000000000001, 11.000000000000002, 1, 0.000723874675, 0
4369, 25.000000000000004, 5.000000000000001, 11.000000000000002, 1, 0.0005594176624999999, 0
4370, 26.999999999999996, 5.000000000000001, 11.000000000000002, 1, 0.0010544851499999998, 0
4371, 29.0, 5.000000000000001, 11.000000000000002, 1, 0.0005234535125, 0
4372, 31.000000000000004, 5.000000000000001, 11.000000000000002, 1, 0.00022146961874999998, 0
4373, 33.0, 5.000000000000001, 11.000000000000002, 1, 7.88413575e-06, 0
4374, 35.00000000000001, 5.000000000000001, 11.000000000000002, 1, 1.1733763625e-06, 0
4375, 1.0000000000000002, 7.000000000000001, 11.000000000000002, 1, 6.793807249999999e-06, 0
4376, 3.0, 7.000000000000001, 11.000000000000002, 1, 7.613556750000001e-05, 0
4377, 5.0, 7.000000000000001, 11.000000000000002, 1, 0.0005984662125, 0
4378, 7.000000000000001, 7.000000000000001, 11.000000000000002, 1, 0.0048298235, 0
4389, 29.0, 7.000000000000001, 11.000000000000002, 1, 0.002231424625, 0
4393, 1.0000000000000002, 9.000000000000002, 11.000000000000002, 1, 0.0001740251675, 0
4394, 3.0, 9.000000000000002, 11.000000000000002, 1, 0.0003474253625, 0
4395, 5.0, 9.000000000000002, 11.000000000000002, 1, 0.0011860076499999998, 0
4396, 7.000000000000001, 9.000000000000002, 11.000000000000002, 1, 0.0023646957499999996, 0
4407, 29.0, 9.000000000000002, 11.000000000000002, 1, 0.00226922775, 0
4411, 1.0000000000000002, 11.0, 11.000000000000002, 1, 0.0011318701875, 0
4412, 3.0, 11.0, 11.000000000000002, 1, 0.0009205713875, 0
4413, 5.0, 11.0, 11.000000000000002, 1, 0.0010891210625000002, 0
4414, 7.000000000000001, 11.0, 11.000000000000002, 1, 0.0013358711875, 0
4425, 29.0, 11.0, 11.000000000000002, 1, 0.0021072845, 0
4429, 1.0000000000000002, 13.0, 11.000000000000002, 1, 0.0009916973999999999, 0
4430, 3.0, 13.0, 11.000000000000002, 1, 0.0010351665, 0
4431, 5.0, 13.0, 11.000000000000002, 1, 0.00088646035, 0
4432, 7.000000000000001, 13.0, 11.000000000000002, 1, 0.0007131793125, 0
4443, 29.0, 13.0, 11.000000000000002, 1, 0.00196513025, 0
4447, 1.0000000000000002, 14.999999999999998, 11.000000000000002, 1, 0.000836036025, 0
4448, 3.0, 14.999999999999998, 11.000000000000002, 1, 0.0008212374624999999, 0
4449, 5.0, 14.999999999999998, 11.000000000000002, 1, 0.0006064949125, 0
4450, 7.000000000000001, 14.999999999999998, 11.000000000000002, 1, 0.000306347075, 0
4461, 29.0, 14.999999999999998, 11.000000000000002, 1, 0.0018023095, 0
4465, 1.0000000000000002, 17.0, 11.000000000000002, 1, 0.00072655105, 0
4466, 3.0, 17.0, 11.000000000000002, 1, 0.0006092946, 0
4467, 5.0, 17.0, 11.000000000000002, 1, 0.0003234299625, 0
4468, 7.000000000000001, 17.0, 11.000000000000002, 1, 9.340560999999999e-05, 0
4479, 29.0, 17.0, 11.000000000000002, 1, 0.001639850125, 0
4483, 1.0000000000000002, 19.000000000000004, 11.000000000000002, 1, 0.0008169101125000001, 0
4484, 3.0, 19.000000000000004, 11.000000000000002, 1, 0.00030136385, 0
4485, 5.0, 19.000000000000004, 11.000000000000002, 1, 0.0001080581775, 0
4486, 7.000000000000001, 19.000000000000004, 11.000000000000002, 1, 1.599213375e-05, 0
4497, 29.0, 19.000000000000004, 11.000000000000002, 1, 0.001484689125, 0
4501, 1.0000000000000002, 21.0, 11.000000000000002, 1, 0.0001987258075, 0
4502, 3.0, 21.0, 11.000000000000002, 1, 5.4246191250000004e-05, 0
4503, 5.0, 21.0, 11.000000000000002, 1, 1.7144345e-05, 0
4504, 7.000000000000001, 21.0, 11.000000000000002, 1, 5.657326125e-06, 0
4515, 29.0, 21.0, 11.000000000000002, 1, 0.0013395009999999999, 0
4519, 1.0000000000000002, 23.000000000000004, 11.000000000000002, 1, 7.933626e-06, 0
4520, 3.0, 23.000000000000004, 11.000000000000002, 1, 7.16465475e-06, 0
4521, 5.0, 23.000000000000004, 11.000000000000002, 1, 9.22104075e-06, 0
4522, 7.000000000000001, 23.000000000000004, 11.000000000000002, 1, 8.697817e-06, 0
4533, 29.0, 23.000000000000004, 11.000000000000002, 1, 0.0012041780000000002, 0
4540, 7.000000000000001, 25.000000000000004, 11.000000000000002, 1, 2.50768475e-05, 0
4551, 29.0, 25.000000000000004, 11.000000000000002, 1, 0.0010781438750000001, 0
4558, 7.000000000000001, 27.0, 11.000000000000002, 1, 1.890392125e-05, 0
4569, 29.0, 27.0, 11.000000000000002, 1, 0.0009610117125000001, 0
4576, 7.000000000000001, 28.999999999999996, 11.000000000000002, 1, 1.3721756875000001e-05, 0
4587, 29.0, 28.999999999999996, 11.000000000000002, 1, 0.0008528915375, 0
4594, 7.000000000000001, 31.000000000000004, 11.000000000000002, 1, 1.11099428875e-05, 0
4605, 29.0, 31.000000000000004, 11.000000000000002, 1, 0.0007545860625, 0
4612, 7.000000000000001, 33.00000000000001, 11.000000000000002, 1, 9.782453375e-06, 0
4623, 29.0, 33.00000000000001, 11.000000000000002, 1, 0.0006678937375, 0
4630, 7.000000000000001, 35.0, 11.000000000000002, 1, 8.2800445e-06, 0
4641, 29.0, 35.0, 11.000000000000002, 1, 0.000595747725, 0
4648, 7.000000000000001, 37.00000000000001, 11.000000000000002, 1, 6.168603625e-06, 0
4659, 29.0, 37.00000000000001, 11.000000000000002, 1, 0.0005405156, 0
4666, 7.000000000000001, 39.00000000000001, 11.000000000000002, 1, 3.921474750000001e-06, 0
4677, 29.0, 39.00000000000001, 11.000000000000002, 1, 0.0005026827, 0
4684, 7.000000000000001, 41.0, 11.000000000000002, 1, 4.3253465000000004e-06, 0
4695, 29.0, 41.0, 11.000000000000002, 1, 0.0004773905375, 0
4702, 7.000000000000001, 43.00000000000001, 11.000000000000002, 1, 5.379146125e-06, 0
4713, 29.0, 43.00000000000001, 11.000000000000002, 1, 0.00045886676250000004, 0
4720, 7.000000000000001, 45.00000000000001, 11.000000000000002, 1, 7.785293e-06, 0
4731, 29.0, 45.00000000000001, 11.000000000000002, 1, 0.0004413842375, 0
4738, 7.000000000000001, 47.0, 11.000000000000002, 1, 1.1035547624999999e-05, 0
4749, 29.0, 47.0, 11.000000000000002, 1, 0.0004210927, 0
4756, 7.000000000000001, 49.0, 11.000000000000002, 1, 1.517422575e-05, 0
4767, 29.0, 49.0, 11.000000000000002, 1, 0.000395167025, 0
4774, 7.000000000000001, 50.99999999999999, 11.000000000000002, 1, 2.031107625e-05, 0
4785, 29.0, 50.99999999999999, 11.000000000000002, 1, 0.000362080125, 0
4792, 7.000000000000001, 53.0, 11.000000000000002, 1, 2.668117375e-05, 0
4803, 29.0, 53.0, 11.000000000000002, 1, 0.0003223611375, 0
4810, 7.000000000000001, 55.0, 11.000000000000002, 1, 3.466891875e-05, 0
4821, 29.0, 55.0, 11.000000000000002, 1, 0.0002786111375, 0
4828, 7.000000000000001, 56.99999999999999, 11.000000000000002, 1, 4.4555506250000006e-05, 0
4839, 29.0, 56.99999999999999, 11.000000000000002, 1, 0.00023425096249999998, 0
4846, 7.000000000000001, 59.0, 11.000000000000002, 1, 5.5601381250000006e-05, 0
4857, 29.0, 59.0, 11.000000000000002, 1, 0.00019240593749999998, 0
4864, 7.000000000000001, 61.0, 11.000000000000002, 1, 6.47122875e-05, 0
4875, 29.0, 61.0, 11.000000000000002, 1, 0.0001554001375, 0
4882, 7.000000000000001, 62.99999999999999, 11.000000000000002, 1, 6.645164375e-05, 0
4893, 29.0, 62.99999999999999, 11.000000000000002, 1, 0.000123309935, 0
4900, 7.000000000000001, 65.0, 11.000000000000002, 1, 5.6818264999999995e-05, 0
4911, 29.0, 65.0, 11.000000000000002, 1, 9.639630625e-05, 0
4918, 7.000000000000001, 67.00000000000001, 11.000000000000002, 1, 5.3057544999999994e-05, 0
4929, 29.0, 67.00000000000001, 11.000000000000002, 1, 7.991656499999999e-05, 0
4936, 7.000000000000001, 69.0, 11.000000000000002, 1, 5.3005295e-05, 0
4947, 29.0, 69.0, 11.000000000000002, 1, 7.23254825e-05, 0
4954, 7.000000000000001, 71.0, 11.000000000000002, 1, 5.609068e-05, 0
4965, 29.0, 71.0, 11.000000000000002, 1, 5.43628975e-05, 0
4969, 1.0000000000000002, 73.00000000000001, 11.000000000000002, 1, 1.94043125e-06, 0
4970, 3.0, 73.00000000000001, 11.000000000000002, 1, 1.2022933249999999e-05, 0
4971, 5.0, 73.00000000000001, 11.000000000000002, 1, 3.8495285e-05, 0
4972, 7.000000000000001, 73.00000000000001, 11.000000000000002, 1, 4.828037625e-05, 0
4983, 29.0, 73.00000000000001, 11.000000000000002, 1, 4.418076625e-05, 0
4987, 1.0000000000000002, 75.0, 11.000000000000002, 1, 1.0435796375e-05, 0
4988, 3.0, 75.0, 11.000000000000002, 1, 4.498514e-05, 0
4989, 5.0, 75.0, 11.000000000000002, 1, 3.993883e-05, 0
4990, 7.000000000000001, 75.0, 11.000000000000002, 1, 4.460960125e-05, 0
5001, 29.0, 75.0, 11.000000000000002, 1, 6.958182750000001e-05, 0
5005, 1.0000000000000002, 77.00000000000001, 11.000000000000002, 1, 4.728075e-05, 0
5006, 3.0, 77.00000000000001, 11.000000000000002, 1, 0.0001265261525, 0
5007, 5.0, 77.00000000000001, 11.000000000000002, 1, 6.25942625e-05, 0
5008, 7.000000000000001, 77.00000000000001, 11.000000000000002, 1, 5.190793e-05, 0
5019, 29.0, 77.00000000000001, 11.000000000000002, 1, 3.447682625e-05, 0
5023, 1.0000000000000002, 79.00000000000001, 11.000000000000002, 1, 0.000704302075, 0
5024, 3.0, 79.00000000000001, 11.000000000000002, 1, 0.000183206475, 0
5025, 5.0, 79.00000000000001, 11.000000000000002, 1, 7.265458874999999e-05, 0
5026, 7.000000000000001, 79.00000000000001, 11.000000000000002, 1, 5.9559835e-05, 0
5037, 29.0, 79.00000000000001, 11.000000000000002, 1, 7.529561625e-05, 0
5041, 1.0000000000000002, 81.0, 11.000000000000002, 1, 0.0004308571625, 0
5042, 3.0, 81.0, 11.000000000000002, 1, 0.0001375062625, 0
5043, 5.0, 81.0, 11.000000000000002, 1, 5.703422375e-05, 0
5044, 7.000000000000001, 81.0, 11.000000000000002, 1, 5.493024875e-05, 0
5055, 29.0, 81.0, 11.000000000000002, 1, 0.00012514910125, 0
5059, 1.0000000000000002, 83.00000000000001, 11.000000000000002, 1, 0.00024632785000000003, 0
5060, 3.0, 83.00000000000001, 11.000000000000002, 1, 9.496650875e-05, 0
5061, 5.0, 83.00000000000001, 11.000000000000002, 1, 4.2370847500000004e-05, 0
5062, 7.000000000000001, 83.00000000000001, 11.000000000000002, 1, 4.08856775e-05, 0
5073, 29.0, 83.00000000000001, 11.000000000000002, 1, 0.0001597838125, 0
5077, 1.0000000000000002, 85.00000000000001, 11.000000000000002, 1, 0.0001987219625, 0
5078, 3.0, 85.00000000000001, 11.000000000000002, 1, 7.555886875e-05, 0
5079, 5.0, 85.00000000000001, 11.000000000000002, 1, 4.080438875e-05, 0
5080, 7.000000000000001, 85.00000000000001, 11.000000000000002, 1, 3.780530125e-05, 0
5091, 29.0, 85.00000000000001, 11.000000000000002, 1, 0.00016351494125, 0
5095, 1.0000000000000002, 87.0, 11.000000000000002, 1, 0.00019370007500000002, 0
5096, 3.0, 87.0, 11.000000000000002, 1, 7.829391125e-05, 0
5097, 5.0, 87.0, 11.000000000000002, 1, 2.9058967500000002e-05, 0
5098, 7.000000000000001, 87.0, 11.000000000000002, 1, 3.444177125e-05, 0
5109, 29.0, 87.0, 11.000000000000002, 1, 0.0001389392375, 0
5113, 1.0000000000000002, 89.00000000000001, 11.000000000000002, 1, 0.0002940937875, 0
5114, 3.0, 89.00000000000001, 11.000000000000002, 1, 8.109182125e-05, 0
5115, 5.0, 89.00000000000001, 11.000000000000002, 1, 2.790103125e-05, 0
5116, 7.000000000000001, 89.00000000000001, 11.000000000000002, 1, 2.77594975e-05, 0
5127, 29.0, 89.00000000000001, 11.000000000000002, 1, 0.00012607466875, 0
5131, 1.0000000000000002, 91.00000000000001, 11.000000000000002, 1, 0.0002637886825, 0
5132, 3.0, 91.00000000000001, 11.000000000000002, 1, 6.919121625e-05, 0
5133, 5.0, 91.00000000000001, 11.000000000000002, 1, 2.5682135e-05, 0
5134, 7.000000000000001, 91.00000000000001, 11.000000000000002, 1, 1.67362075e-05, 0
5145, 29.0, 91.00000000000001, 11.000000000000002, 1, 0.00010582964875, 0
5149, 1.0000000000000002, 93.0, 11.000000000000002, 1, 3.72710175e-06, 0
5150, 3.0, 93.0, 11.000000000000002, 1, 2.623426375e-05, 0
5151, 5.0, 93.0, 11.000000000000002, 1, 1.654010875e-05, 0
5152, 7.000000000000001, 93.0, 11.000000000000002, 1, 6.2291295e-06, 0
5163, 29.0, 93.0, 11.000000000000002, 1, 3.250294925e-05, 0
5167, 1.0000000000000002, 95.00000000000001, 11.000000000000002, 1, 7.623567749999999e-07, 0
5168, 3.0, 95.00000000000001, 11.000000000000002, 1, 4.64577225e-06, 0
5169, 5.0, 95.00000000000001, 11.000000000000002, 1, 5.80722975e-06, 0
5170, 7.000000000000001, 95.00000000000001, 11.000000000000002, 1, 9.4806685e-07, 0
5181, 29.0, 95.00000000000001, 11.000000000000002, 1, 6.073635e-06, 0
