element_number, cg_x, cg_y, cg_z, element_state, sensitivity_number, FI_max
1, 1.0000000000000002, 1.0000000000000002, 1.0000000000000002, 0, 9.500679251780564e-10, 0
2, 3.0, 1.0000000000000002, 1.0000000000000002, 0, 9.869513276245971e-10, 0
19, 1.0000000000000002, 3.0000000000000004, 1.0000000000000002, 0, 1.3648925421288713e-09, 0
20, 3.0, 3.0000000000000004, 1.0000000000000002, 0, 1.4273473083424581e-09, 0
37, 1.0000000000000002, 5.000000000000001, 1.0000000000000002, 0, 1.7983098573256338e-09, 0
38, 3.0, 5.000000000000001, 1.0000000000000002, 0, 1.8601408071643401e-09, 0
60, 11.000000000000002, 7.000000000000001, 1.0000000000000002, 1, 0.00037196078731318937, 0
61, 13.0, 7.000000000000001, 1.0000000000000002, 1, 0.00040703316903453637, 0
62, 15.0, 7.000000000000001, 1.0000000000000002, 1, 0.0004662229682861002, 0
63, 17.000000000000004, 7.000000000000001, 1.0000000000000002, 1, 0.0004886262469257501, 0
64, 19.000000000000004, 7.000000000000001, 1.0000000000000002, 1, 0.00046960197718706726, 0
65, 21.000000000000004, 7.000000000000001, 1.0000000000000002, 1, 0.0004155892019558191, 0
66, 23.0, 7.000000000000001, 1.0000000000000002, 1, 0.00033926268056738804, 0
67, 25.000000000000004, 7.000000000000001, 1.0000000000000002, 1, 0.00025644324813003396, 0
68, 26.999999999999996, 7.000000000000001, 1.0000000000000002, 1, 0.00021624993159322038, 0
70, 31.000000000000004, 7.000000000000001, 1.0000000000000002, 1, 7.354018119128054e-05, 0
71, 33.0, 7.000000000000001, 1.0000000000000002, 0, 4.517123342719984e-05, 0
72, 35.00000000000001, 7.000000000000001, 1.0000000000000002, 0, 8.023670985897966e-10, 0
78, 11.000000000000002, 9.000000000000002, 1.0000000000000002, 1, 0.00033542752730907906, 0
79, 13.0, 9.000000000000002, 1.0000000000000002, 1, 0.0003653575562904804, 0
80, 15.0, 9.000000000000002, 1.0000000000000002, 1, 0.000406146982629412, 0
81, 17.000000000000004, 9.000000000000002, 1.0000000000000002, 1, 0.00041901119979940185, 0
82, 19.000000000000004, 9.000000000000002, 1.0000000000000002, 1, 0.0003970440729801633, 0
83, 21.000000000000004, 9.000000000000002, 1.0000000000000002, 1, 0.00034701000896301265, 0
84, 23.0, 9.000000000000002, 1.0000000000000002, 1, 0.000284085701260417, 0
85, 25.000000000000004, 9.000000000000002, 1.0000000000000002, 1, 0.00022313438741802062, 0
86, 26.999999999999996, 9.000000000000002, 1.0000000000000002, 1, 0.0001890891276018716, 0
88, 31.000000000000004, 9.000000000000002, 1.0000000000000002, 1, 7.575803353774826e-05, 0
89, 33.0, 9.000000000000002, 1.0000000000000002, 0, 3.9323499850617375e-05, 0
90, 35.00000000000001, 9.000000000000002, 1.0000000000000002, 0, 6.816844176008143e-10, 0
96, 11.000000000000002, 11.0, 1.0000000000000002, 1, 0.0002816689558317834, 0
97, 13.0, 11.0, 1.0000000000000002, 1, 0.0002947041224455587, 0
98, 15.0, 11.0, 1.0000000000000002, 1, 0.0003119489207589881, 0
99, 17.000000000000004, 11.0, 1.0000000000000002, 1, 0.00031405339718010885, 0
100, 19.000000000000004, 11.0, 1.0000000000000002, 1, 0.0002889360702860223, 0
101, 21.000000000000004, 11.0, 1.0000000000000002, 1, 0.00024286535084758505, 0
102, 23.0, 11.0, 1.0000000000000002, 1, 0.00019671158337200274, 0
103, 25.000000000000004, 11.0, 1.0000000000000002, 1, 0.0001670372573150366, 0
104, 26.999999999999996, 11.0, 1.0000000000000002, 1, 0.0001561265077486669, 0
106, 31.000000000000004, 11.0, 1.0000000000000002, 1, 6.789973232256772e-05, 0
107, 33.0, 11.0, 1.0000000000000002, 0, 3.697306560111971e-05, 0
108, 35.00000000000001, 11.0, 1.0000000000000002, 0, 1.3879851532108974e-06, 0
114, 11.000000000000002, 13.0, 1.0000000000000002, 1, 0.00022969606508659257, 0
115, 13.0, 13.0, 1.0000000000000002, 1, 0.00023648226352885804, 0
116, 15.0, 13.0, 1.0000000000000002, 1, 0.0002478102663460276, 0
117, 17.000000000000004, 13.0, 1.0000000000000002, 1, 0.00025169122774249333, 0
118, 19.000000000000004, 13.0, 1.0000000000000002, 1, 0.00022905563809020674, 0
119, 21.000000000000004, 13.0, 1.0000000000000002, 1, 0.00018185501422181077, 0
120, 23.0, 13.0, 1.0000000000000002, 1, 0.00013801668800680187, 0
121, 25.000000000000004, 13.0, 1.0000000000000002, 1, 0.00012221958697555715, 0
122, 26.999999999999996, 13.0, 1.0000000000000002, 1, 0.00012441004038412392, 0
124, 31.000000000000004, 13.0, 1.0000000000000002, 1, 6.761381524087725e-05, 0
125, 33.0, 13.0, 1.0000000000000002, 1, 3.604239301888384e-05, 0
126, 35.00000000000001, 13.0, 1.0000000000000002, 0, 4.451120460121884e-06, 0
132, 11.000000000000002, 14.999999999999998, 1.0000000000000002, 1, 0.0001712857336088605, 0
133, 13.0, 14.999999999999998, 1.0000000000000002, 1, 0.00017706115645795608, 0
134, 15.0, 14.999999999999998, 1.0000000000000002, 1, 0.00019052432986758894, 0
135, 17.000000000000004, 14.999999999999998, 1.0000000000000002, 1, 0.0002026455789802008, 0
136, 19.000000000000004, 14.999999999999998, 1.0000000000000002, 1, 0.00018872857020665027, 0
137, 21.000000000000004, 14.999999999999998, 1.0000000000000002, 1, 0.00014567382976062954, 0
138, 23.0, 14.999999999999998, 1.0000000000000002, 1, 0.00010214573659567739, 0
139, 25.000000000000004, 14.999999999999998, 1.0000000000000002, 1, 8.864449751199411e-05, 0
140, 26.999999999999996, 14.999999999999998, 1.0000000000000002, 1, 9.421671149576605e-05, 0
142, 31.000000000000004, 14.999999999999998, 1.0000000000000002, 1, 7.627436757662077e-05, 0
143, 33.0, 14.999999999999998, 1.0000000000000002, 1, 3.9634446756242495e-05, 0
144, 35.00000000000001, 14.999999999999998, 1.0000000000000002, 0, 5.11997647963908e-06, 0
150, 11.000000000000002, 17.0, 1.0000000000000002, 1, 0.0001163342959779913, 0
151, 13.0, 17.0, 1.0000000000000002, 1, 0.0001229826882008323, 0
152, 15.0, 17.0, 1.0000000000000002, 1, 0.0001400019844313857, 0
153, 17.000000000000004, 17.0, 1.0000000000000002, 1, 0.00016431193188313331, 0
154, 19.000000000000004, 17.0, 1.0000000000000002, 1, 0.00015814839816116115, 0
155, 21.000000000000004, 17.0, 1.0000000000000002, 1, 0.00011024988064079337, 0
156, 23.0, 17.0, 1.0000000000000002, 1, 6.193188735182945e-05, 0
157, 25.000000000000004, 17.0, 1.0000000000000002, 1, 5.188107949611271e-05, 0
158, 26.999999999999996, 17.0, 1.0000000000000002, 1, 5.6344185523575074e-05, 0
160, 31.000000000000004, 17.0, 1.0000000000000002, 1, 5.097615949965604e-05, 0
161, 33.0, 17.0, 1.0000000000000002, 0, 3.3755603280095575e-05, 0
162, 35.00000000000001, 17.0, 1.0000000000000002, 0, 2.446657359195045e-06, 0
168, 11.000000000000002, 19.000000000000004, 1.0000000000000002, 1, 7.630918282906771e-05, 0
169, 13.0, 19.000000000000004, 1.0000000000000002, 1, 8.452123752176883e-05, 0
170, 15.0, 19.000000000000004, 1.0000000000000002, 1, 0.0001058788906730457, 0
171, 17.000000000000004, 19.000000000000004, 1.0000000000000002, 1, 0.00013806902307920122, 0
172, 19.000000000000004, 19.000000000000004, 1.0000000000000002, 1, 0.00011859184566756452, 0
173, 21.000000000000004, 19.000000000000004, 1.0000000000000002, 1, 7.946559781491943e-05, 0
174, 23.0, 19.000000000000004, 1.0000000000000002, 0, 2.965595331458561e-05, 0
175, 25.000000000000004, 19.000000000000004, 1.0000000000000002, 0, 1.932267382051785e-05, 0
176, 26.999999999999996, 19.000000000000004, 1.0000000000000002, 0, 2.347248434593264e-05, 0
178, 31.000000000000004, 19.000000000000004, 1.0000000000000002, 0, 3.3059796563519447e-05, 0
179, 33.0, 19.000000000000004, 1.0000000000000002, 0, 1.2542032541753007e-05, 0
180, 35.00000000000001, 19.000000000000004, 1.0000000000000002, 0, 3.513833091505062e-07, 0
186, 11.000000000000002, 21.0, 1.0000000000000002, 1, 5.695749234197046e-05, 0
187, 13.0, 21.0, 1.0000000000000002, 1, 6.718178879374502e-05, 0
188, 15.0, 21.0, 1.0000000000000002, 1, 0.00010034434499940722, 0
189, 17.000000000000004, 21.0, 1.0000000000000002, 1, 0.0001267136094977228, 0
190, 19.000000000000004, 21.0, 1.0000000000000002, 1, 9.334124931423735e-05, 0
191, 21.000000000000004, 21.0, 1.0000000000000002, 0, 4.0719004443689334e-05, 0
192, 23.0, 21.0, 1.0000000000000002, 0, 3.24322780674499e-06, 0
193, 25.000000000000004, 21.0, 1.0000000000000002, 0, 6.574965543104899e-10, 0
194, 26.999999999999996, 21.0, 1.0000000000000002, 0, 6.141206103106268e-10, 0
196, 31.000000000000004, 21.0, 1.0000000000000002, 0, 2.670010025034986e-09, 0
197, 33.0, 21.0, 1.0000000000000002, 0, 2.6734448827634616e-09, 0
198, 35.00000000000001, 21.0, 1.0000000000000002, 0, 2.6778045764070402e-09, 0
204, 11.000000000000002, 23.000000000000004, 1.0000000000000002, 1, 6.835893013297292e-05, 0
205, 13.0, 23.000000000000004, 1.0000000000000002, 1, 7.182403846872866e-05, 0
206, 15.0, 23.000000000000004, 1.0000000000000002, 1, 0.00011154978887666789, 0
207, 17.000000000000004, 23.000000000000004, 1.0000000000000002, 1, 0.0001117631803976422, 0
208, 19.000000000000004, 23.000000000000004, 1.0000000000000002, 1, 7.63892858710922e-05, 0
209, 21.000000000000004, 23.000000000000004, 1.0000000000000002, 0, 1.559891040131273e-05, 0
210, 23.0, 23.000000000000004, 1.0000000000000002, 0, 8.621956970403989e-10, 0
211, 25.000000000000004, 23.000000000000004, 1.0000000000000002, 0, 8.529363069144051e-10, 0
212, 26.999999999999996, 23.000000000000004, 1.0000000000000002, 0, 8.462394621846165e-10, 0
214, 31.000000000000004, 23.000000000000004, 1.0000000000000002, 0, 2.067266606044153e-09, 0
215, 33.0, 23.000000000000004, 1.0000000000000002, 0, 2.2261933649656924e-09, 0
216, 35.00000000000001, 23.000000000000004, 1.0000000000000002, 0, 2.369907289104561e-09, 0
217, 1.0000000000000002, 25.000000000000004, 1.0000000000000002, 0, 1.2517943104452046e-09, 0
218, 3.0, 25.000000000000004, 1.0000000000000002, 0, 1.2384472671452087e-09, 0
219, 5.0, 25.000000000000004, 1.0000000000000002, 0, 1.0260066489198833e-09, 0
221, 9.0, 25.000000000000004, 1.0000000000000002, 1, 0.00012723318244313122, 0
222, 11.000000000000002, 25.000000000000004, 1.0000000000000002, 1, 0.0001061958369268829, 0
223, 13.0, 25.000000000000004, 1.0000000000000002, 1, 0.00010858461779307813, 0
224, 15.0, 25.000000000000004, 1.0000000000000002, 1, 0.00012910737853663674, 0
225, 17.000000000000004, 25.000000000000004, 1.0000000000000002, 1, 9.578365827288848e-05, 0
226, 19.000000000000004, 25.000000000000004, 1.0000000000000002, 0, 4.546243234432483e-05, 0
227, 21.000000000000004, 25.000000000000004, 1.0000000000000002, 0, 3.6306273901078617e-06, 0
228, 23.0, 25.000000000000004, 1.0000000000000002, 0, 1.0727767241418699e-09, 0
229, 25.000000000000004, 25.000000000000004, 1.0000000000000002, 0, 1.1155728878175923e-09, 0
230, 26.999999999999996, 25.000000000000004, 1.0000000000000002, 0, 1.1573921717947915e-09, 0
232, 31.000000000000004, 25.000000000000004, 1.0000000000000002, 0, 1.7066024519963498e-09, 0
233, 33.0, 25.000000000000004, 1.0000000000000002, 0, 1.8784920094133104e-09, 0
234, 35.00000000000001, 25.000000000000004, 1.0000000000000002, 0, 2.041220034388929e-09, 0
235, 1.0000000000000002, 27.0, 1.0000000000000002, 0, 1.0645117078562966e-09, 0
236, 3.0, 27.0, 1.0000000000000002, 0, 9.488490641599013e-10, 0
237, 5.0, 27.0, 1.0000000000000002, 0, 8.805513921702014e-10, 0
239, 9.0, 27.0, 1.0000000000000002, 1, 0.0001560799265978534, 0
240, 11.000000000000002, 27.0, 1.0000000000000002, 1, 0.00014621462523458498, 0
241, 13.0, 27.0, 1.0000000000000002, 1, 0.00014822113476843968, 0
242, 15.0, 27.0, 1.0000000000000002, 1, 0.00011043378854151625, 0
243, 17.000000000000004, 27.0, 1.0000000000000002, 0, 8.025987070219595e-05, 0
244, 19.000000000000004, 27.0, 1.0000000000000002, 0, 1.2993905834470684e-05, 0
245, 21.000000000000004, 27.0, 1.0000000000000002, 0, 1.1265495697012405e-09, 0
246, 23.0, 27.0, 1.0000000000000002, 0, 1.2063932959947462e-09, 0
247, 25.000000000000004, 27.0, 1.0000000000000002, 0, 1.3646856519882465e-09, 0
248, 26.999999999999996, 27.0, 1.0000000000000002, 0, 1.4733752305650243e-09, 0
250, 31.000000000000004, 27.0, 1.0000000000000002, 0, 1.436304064134903e-09, 0
251, 33.0, 27.0, 1.0000000000000002, 0, 1.5612482706568287e-09, 0
252, 35.00000000000001, 27.0, 1.0000000000000002, 0, 1.6826296329935334e-09, 0
253, 1.0000000000000002, 28.999999999999996, 1.0000000000000002, 0, 6.322329547937511e-10, 0
254, 3.0, 28.999999999999996, 1.0000000000000002, 0, 6.133586410745786e-10, 0
255, 5.0, 28.999999999999996, 1.0000000000000002, 0, 6.120821900352158e-10, 0
257, 9.0, 28.999999999999996, 1.0000000000000002, 1, 0.000173379554427148, 0
258, 11.000000000000002, 28.999999999999996, 1.0000000000000002, 1, 0.00016642956299874867, 0
259, 13.0, 28.999999999999996, 1.0000000000000002, 1, 0.00015552656262528644, 0
260, 15.0, 28.999999999999996, 1.0000000000000002, 1, 0.00012001634351184817, 0
261, 17.000000000000004, 28.999999999999996, 1.0000000000000002, 0, 6.13039830000284e-05, 0
262, 19.000000000000004, 28.999999999999996, 1.0000000000000002, 0, 9.106887226753746e-06, 0
263, 21.000000000000004, 28.999999999999996, 1.0000000000000002, 0, 1.1188274568751792e-09, 0
264, 23.0, 28.999999999999996, 1.0000000000000002, 0, 1.2704354136813872e-09, 0
265, 25.000000000000004, 28.999999999999996, 1.0000000000000002, 0, 1.5478462928625468e-09, 0
266, 26.999999999999996, 28.999999999999996, 1.0000000000000002, 0, 1.7142702992452306e-09, 0
268, 31.000000000000004, 28.999999999999996, 1.0000000000000002, 0, 1.2076317097478148e-09, 0
269, 33.0, 28.999999999999996, 1.0000000000000002, 0, 1.2847336586374447e-09, 0
270, 35.00000000000001, 28.999999999999996, 1.0000000000000002, 0, 1.3611441672504532e-09, 0
271, 1.0000000000000002, 31.000000000000004, 1.0000000000000002, 0, 4.0258444292503286e-10, 0
272, 3.0, 31.000000000000004, 1.0000000000000002, 0, 3.976326027905033e-10, 0
273, 5.0, 31.000000000000004, 1.0000000000000002, 0, 3.9088547891462965e-10, 0
275, 9.0, 31.000000000000004, 1.0000000000000002, 1, 0.00016122098014574482, 0
276, 11.000000000000002, 31.000000000000004, 1.0000000000000002, 1, 0.00015704104122781033, 0
277, 13.0, 31.000000000000004, 1.0000000000000002, 1, 0.0001427485331720246, 0
278, 15.0, 31.000000000000004, 1.0000000000000002, 1, 0.00011274013873580128, 0
279, 17.000000000000004, 31.000000000000004, 1.0000000000000002, 1, 7.364687056752412e-05, 0
280, 19.000000000000004, 31.000000000000004, 1.0000000000000002, 0, 5.681869149161591e-05, 0
281, 21.000000000000004, 31.000000000000004, 1.0000000000000002, 0, 2.266392740529232e-05, 0
282, 23.0, 31.000000000000004, 1.0000000000000002, 0, 4.8642676435508965e-06, 0
283, 25.000000000000004, 31.000000000000004, 1.0000000000000002, 0, 1.6355440102736001e-09, 0
284, 26.999999999999996, 31.000000000000004, 1.0000000000000002, 0, 1.8471801638673267e-09, 0
286, 31.000000000000004, 31.000000000000004, 1.0000000000000002, 0, 1.0029801201911169e-09, 0
287, 33.0, 31.000000000000004, 1.0000000000000002, 0, 1.0643722915757859e-09, 0
288, 35.00000000000001, 31.000000000000004, 1.0000000000000002, 0, 1.1224744541405195e-09, 0
289, 1.0000000000000002, 33.00000000000001, 1.0000000000000002, 0, 2.681604355053725e-10, 0
290, 3.0, 33.00000000000001, 1.0000000000000002, 0, 2.558376276756264e-10, 0
291, 5.0, 33.00000000000001, 1.0000000000000002, 0, 2.4128508752696473e-10, 0
293, 9.0, 33.00000000000001, 1.0000000000000002, 1, 0.00013806922393304902, 0
294, 11.000000000000002, 33.00000000000001, 1.0000000000000002, 1, 0.00014348296809254708, 0
295, 13.0, 33.00000000000001, 1.0000000000000002, 1, 0.00013888267984838893, 0
296, 15.0, 33.00000000000001, 1.0000000000000002, 1, 0.00012210128822674946, 0
297, 17.000000000000004, 33.00000000000001, 1.0000000000000002, 1, 0.00011669695342568804, 0
298, 19.000000000000004, 33.00000000000001, 1.0000000000000002, 1, 9.003065263616246e-05, 0
299, 21.000000000000004, 33.00000000000001, 1.0000000000000002, 1, 7.776599892735889e-05, 0
300, 23.0, 33.00000000000001, 1.0000000000000002, 0, 5.29185079548936e-05, 0
301, 25.000000000000004, 33.00000000000001, 1.0000000000000002, 0, 4.881891275916524e-05, 0
302, 26.999999999999996, 33.00000000000001, 1.0000000000000002, 0, 7.238151532229454e-05, 0
304, 31.000000000000004, 33.00000000000001, 1.0000000000000002, 0, 8.635138189879901e-10, 0
305, 33.0, 33.00000000000001, 1.0000000000000002, 0, 9.170516752521097e-10, 0
306, 35.00000000000001, 33.00000000000001, 1.0000000000000002, 0, 9.791415141831019e-10, 0
307, 1.0000000000000002, 35.0, 1.0000000000000002, 0, 1.8969662406898642e-10, 0
308, 3.0, 35.0, 1.0000000000000002, 0, 1.7170446734124583e-10, 0
309, 5.0, 35.0, 1.0000000000000002, 0, 1.530367091217931e-10, 0
311, 9.0, 35.0, 1.0000000000000002, 1, 9.287316227900655e-05, 0
312, 11.000000000000002, 35.0, 1.0000000000000002, 1, 9.7613426717954e-05, 0
313, 13.0, 35.0, 1.0000000000000002, 1, 0.000130285997336355, 0
314, 15.0, 35.0, 1.0000000000000002, 1, 0.00014025698249722706, 0
315, 17.000000000000004, 35.0, 1.0000000000000002, 1, 0.00013857877717994696, 0
316, 19.000000000000004, 35.0, 1.0000000000000002, 1, 0.00013100087777912807, 0
317, 21.000000000000004, 35.0, 1.0000000000000002, 1, 0.00011908467607258426, 0
318, 23.0, 35.0, 1.0000000000000002, 1, 8.736112708942144e-05, 0
319, 25.000000000000004, 35.0, 1.0000000000000002, 1, 0.00012099008865297227, 0
320, 26.999999999999996, 35.0, 1.0000000000000002, 1, 0.00013443203147989384, 0
322, 31.000000000000004, 35.0, 1.0000000000000002, 0, 7.737234519739732e-10, 0
323, 33.0, 35.0, 1.0000000000000002, 0, 8.415154009749872e-10, 0
324, 35.00000000000001, 35.0, 1.0000000000000002, 0, 9.086331595191088e-10, 0
325, 1.0000000000000002, 37.00000000000001, 1.0000000000000002, 0, 1.442939981282017e-10, 0
326, 3.0, 37.00000000000001, 1.0000000000000002, 0, 1.269996327670418e-10, 0
327, 5.0, 37.00000000000001, 1.0000000000000002, 0, 1.1033686238093804e-10, 0
329, 9.0, 37.00000000000001, 1.0000000000000002, 0, 3.75116385987499e-05, 0
330, 11.000000000000002, 37.00000000000001, 1.0000000000000002, 0, 5.75719867993665e-05, 0
331, 13.0, 37.00000000000001, 1.0000000000000002, 1, 8.884245907122716e-05, 0
332, 15.0, 37.00000000000001, 1.0000000000000002, 1, 0.00011077523888211192, 0
333, 17.000000000000004, 37.00000000000001, 1.0000000000000002, 1, 0.000137045800259727, 0
334, 19.000000000000004, 37.00000000000001, 1.0000000000000002, 1, 0.00012616010611710257, 0
335, 21.000000000000004, 37.00000000000001, 1.0000000000000002, 1, 0.00012288686040420573, 0
336, 23.0, 37.00000000000001, 1.0000000000000002, 1, 0.00012231803562654517, 0
337, 25.000000000000004, 37.00000000000001, 1.0000000000000002, 1, 0.00016476323560207475, 0
338, 26.999999999999996, 37.00000000000001, 1.0000000000000002, 1, 0.00020668566783740356, 0
340, 31.000000000000004, 37.00000000000001, 1.0000000000000002, 0, 7.57566205017493e-10, 0
341, 33.0, 37.00000000000001, 1.0000000000000002, 0, 8.093757244050079e-10, 0
342, 35.00000000000001, 37.00000000000001, 1.0000000000000002, 0, 8.880517530711138e-10, 0
343, 1.0000000000000002, 39.00000000000001, 1.0000000000000002, 0, 1.1879420426523146e-10, 0
344, 3.0, 39.00000000000001, 1.0000000000000002, 0, 1.0582631006861359e-10, 0
345, 5.0, 39.00000000000001, 1.0000000000000002, 0, 9.243272257059453e-11, 0
347, 9.0, 39.00000000000001, 1.0000000000000002, 0, 7.945526861600505e-10, 0
348, 11.000000000000002, 39.00000000000001, 1.0000000000000002, 0, 7.352917973411864e-06, 0
349, 13.0, 39.00000000000001, 1.0000000000000002, 0, 3.213254478479579e-05, 0
350, 15.0, 39.00000000000001, 1.0000000000000002, 0, 7.67237720648685e-05, 0
351, 17.000000000000004, 39.00000000000001, 1.0000000000000002, 1, 9.180067456903256e-05, 0
352, 19.000000000000004, 39.00000000000001, 1.0000000000000002, 1, 0.00011568614991430565, 0
353, 21.000000000000004, 39.00000000000001, 1.0000000000000002, 1, 0.00011626327314781309, 0
354, 23.0, 39.00000000000001, 1.0000000000000002, 1, 0.000128981780587561, 0
355, 25.000000000000004, 39.00000000000001, 1.0000000000000002, 1, 0.0001777459771123234, 0
356, 26.999999999999996, 39.00000000000001, 1.0000000000000002, 1, 0.00021396884736404296, 0
358, 31.000000000000004, 39.00000000000001, 1.0000000000000002, 0, 7.13662246250484e-10, 0
359, 33.0, 39.00000000000001, 1.0000000000000002, 0, 8.100252702258062e-10, 0
360, 35.00000000000001, 39.00000000000001, 1.0000000000000002, 0, 9.187093261844029e-10, 0
361, 1.0000000000000002, 41.0, 1.0000000000000002, 0, 1.0774030381121645e-10, 0
362, 3.0, 41.0, 1.0000000000000002, 0, 9.661581174940396e-11, 0
363, 5.0, 41.0, 1.0000000000000002, 0, 8.75649150231152e-11, 0
365, 9.0, 41.0, 1.0000000000000002, 0, 9.266257504361495e-10, 0
366, 11.000000000000002, 41.0, 1.0000000000000002, 0, 8.031267002810766e-10, 0
367, 13.0, 41.0, 1.0000000000000002, 0, 6.431959958946207e-10, 0
368, 15.0, 41.0, 1.0000000000000002, 0, 1.296095859190895e-05, 0
369, 17.000000000000004, 41.0, 1.0000000000000002, 0, 5.3326515670710265e-05, 0
370, 19.000000000000004, 41.0, 1.0000000000000002, 1, 8.13587251204935e-05, 0
371, 21.000000000000004, 41.0, 1.0000000000000002, 1, 0.0001292154169540994, 0
372, 23.0, 41.0, 1.0000000000000002, 1, 0.0001638845557501024, 0
373, 25.000000000000004, 41.0, 1.0000000000000002, 1, 0.00020556437166541458, 0
374, 26.999999999999996, 41.0, 1.0000000000000002, 1, 0.0002321766723330073, 0
376, 31.000000000000004, 41.0, 1.0000000000000002, 0, 7.342990567737812e-10, 0
377, 33.0, 41.0, 1.0000000000000002, 0, 8.633368594777222e-10, 0
378, 35.00000000000001, 41.0, 1.0000000000000002, 0, 1.0174002659470414e-09, 0
379, 1.0000000000000002, 43.00000000000001, 1.0000000000000002, 0, 1.029703444907845e-10, 0
380, 3.0, 43.00000000000001, 1.0000000000000002, 0, 9.277566840016906e-11, 0
381, 5.0, 43.00000000000001, 1.0000000000000002, 0, 9.076139638251286e-11, 0
383, 9.0, 43.00000000000001, 1.0000000000000002, 0, 1.033199026098259e-09, 0
384, 11.000000000000002, 43.00000000000001, 1.0000000000000002, 0, 9.290378175913019e-10, 0
385, 13.0, 43.00000000000001, 1.0000000000000002, 0, 7.595565231035573e-10, 0
386, 15.0, 43.00000000000001, 1.0000000000000002, 0, 6.897352164323141e-10, 0
387, 17.000000000000004, 43.00000000000001, 1.0000000000000002, 0, 1.0911644139418685e-05, 0
388, 19.000000000000004, 43.00000000000001, 1.0000000000000002, 0, 6.841060271530478e-05, 0
389, 21.000000000000004, 43.00000000000001, 1.0000000000000002, 1, 0.00013099000789874906, 0
390, 23.0, 43.00000000000001, 1.0000000000000002, 1, 0.00018989446864046467, 0
391, 25.000000000000004, 43.00000000000001, 1.0000000000000002, 1, 0.00022327526938836464, 0
392, 26.999999999999996, 43.00000000000001, 1.0000000000000002, 1, 0.00023895344206152966, 0
394, 31.000000000000004, 43.00000000000001, 1.0000000000000002, 0, 9.005099832842463e-10, 0
395, 33.0, 43.00000000000001, 1.0000000000000002, 0, 1.082943582574125e-09, 0
396, 35.00000000000001, 43.00000000000001, 1.0000000000000002, 0, 1.2518116651596073e-09, 0
397, 1.0000000000000002, 45.00000000000001, 1.0000000000000002, 0, 9.628856678237671e-11, 0
398, 3.0, 45.00000000000001, 1.0000000000000002, 0, 9.046763975427647e-11, 0
399, 5.0, 45.00000000000001, 1.0000000000000002, 0, 9.400927550237801e-11, 0
401, 9.0, 45.00000000000001, 1.0000000000000002, 0, 1.081086373697325e-09, 0
402, 11.000000000000002, 45.00000000000001, 1.0000000000000002, 0, 1.0079391142356628e-09, 0
403, 13.0, 45.00000000000001, 1.0000000000000002, 0, 9.865106466124778e-10, 0
404, 15.0, 45.00000000000001, 1.0000000000000002, 0, 1.0922245133822247e-09, 0
405, 17.000000000000004, 45.00000000000001, 1.0000000000000002, 0, 1.1386030050716837e-05, 0
406, 19.000000000000004, 45.00000000000001, 1.0000000000000002, 0, 7.156558420527439e-05, 0
407, 21.000000000000004, 45.00000000000001, 1.0000000000000002, 1, 0.0001294599701772818, 0
408, 23.0, 45.00000000000001, 1.0000000000000002, 1, 0.00018604210974198693, 0
409, 25.000000000000004, 45.00000000000001, 1.0000000000000002, 1, 0.00020979637138520318, 0
410, 26.999999999999996, 45.00000000000001, 1.0000000000000002, 1, 0.00022132071139823915, 0
412, 31.000000000000004, 45.00000000000001, 1.0000000000000002, 0, 3.652377582566035e-05, 0
413, 33.0, 45.00000000000001, 1.0000000000000002, 0, 1.5853329970287455e-05, 0
414, 35.00000000000001, 45.00000000000001, 1.0000000000000002, 0, 1.9517973421177443e-06, 0
415, 1.0000000000000002, 47.0, 1.0000000000000002, 0, 8.644449284092911e-11, 0
416, 3.0, 47.0, 1.0000000000000002, 0, 8.62868144866956e-11, 0
417, 5.0, 47.0, 1.0000000000000002, 0, 9.482839935344442e-11, 0
419, 9.0, 47.0, 1.0000000000000002, 0, 1.076959115558075e-09, 0
420, 11.000000000000002, 47.0, 1.0000000000000002, 0, 1.0300566989241598e-09, 0
421, 13.0, 47.0, 1.0000000000000002, 0, 1.1993727507725503e-09, 0
422, 15.0, 47.0, 1.0000000000000002, 0, 4.6827381160115635e-06, 0
423, 17.000000000000004, 47.0, 1.0000000000000002, 0, 4.120593118380423e-05, 0
424, 19.000000000000004, 47.0, 1.0000000000000002, 1, 8.253519492527803e-05, 0
425, 21.000000000000004, 47.0, 1.0000000000000002, 1, 0.0001349822072495631, 0
426, 23.0, 47.0, 1.0000000000000002, 1, 0.00015411514024470043, 0
427, 25.000000000000004, 47.0, 1.0000000000000002, 1, 0.0001710044863077637, 0
428, 26.999999999999996, 47.0, 1.0000000000000002, 1, 0.0001836285060570644, 0
430, 31.000000000000004, 47.0, 1.0000000000000002, 1, 4.567468522403959e-05, 0
431, 33.0, 47.0, 1.0000000000000002, 1, 4.5774031859555805e-05, 0
432, 35.00000000000001, 47.0, 1.0000000000000002, 0, 1.4120472770485302e-05, 0
433, 1.0000000000000002, 49.0, 1.0000000000000002, 0, 8.098062806330674e-11, 0
434, 3.0, 49.0, 1.0000000000000002, 0, 8.468830996812784e-11, 0
435, 5.0, 49.0, 1.0000000000000002, 0, 9.571578827218532e-11, 0
437, 9.0, 49.0, 1.0000000000000002, 0, 1.0511519740319074e-09, 0
438, 11.000000000000002, 49.0, 1.0000000000000002, 0, 1.0815602142387878e-09, 0
439, 13.0, 49.0, 1.0000000000000002, 0, 1.3198507909638029e-09, 0
440, 15.0, 49.0, 1.0000000000000002, 0, 2.719153060077959e-05, 0
441, 17.000000000000004, 49.0, 1.0000000000000002, 1, 8.338694247044293e-05, 0
442, 19.000000000000004, 49.0, 1.0000000000000002, 1, 0.00011934591504643556, 0
443, 21.000000000000004, 49.0, 1.0000000000000002, 1, 0.00012618695347611393, 0
444, 23.0, 49.0, 1.0000000000000002, 1, 0.00012437682262582986, 0
445, 25.000000000000004, 49.0, 1.0000000000000002, 1, 0.00013373941285826113, 0
446, 26.999999999999996, 49.0, 1.0000000000000002, 1, 0.00014120277776715498, 0
448, 31.000000000000004, 49.0, 1.0000000000000002, 1, 8.437345942416085e-05, 0
449, 33.0, 49.0, 1.0000000000000002, 1, 5.452530816763315e-05, 0
450, 35.00000000000001, 49.0, 1.0000000000000002, 0, 3.966083760330769e-05, 0
451, 1.0000000000000002, 50.99999999999999, 1.0000000000000002, 0, 9.18027630694915e-11, 0
452, 3.0, 50.99999999999999, 1.0000000000000002, 0, 9.249649337990922e-11, 0
453, 5.0, 50.99999999999999, 1.0000000000000002, 0, 9.88600800992067e-11, 0
455, 9.0, 50.99999999999999, 1.0000000000000002, 0, 1.2031243084639943e-09, 0
456, 11.000000000000002, 50.99999999999999, 1.0000000000000002, 0, 1.3277862299122125e-09, 0
457, 13.0, 50.99999999999999, 1.0000000000000002, 0, 1.4817387629911256e-05, 0
458, 15.0, 50.99999999999999, 1.0000000000000002, 0, 7.797735323285287e-05, 0
459, 17.000000000000004, 50.99999999999999, 1.0000000000000002, 1, 0.00010710616553909276, 0
460, 19.000000000000004, 50.99999999999999, 1.0000000000000002, 1, 0.00013480013167437341, 0
461, 21.000000000000004, 50.99999999999999, 1.0000000000000002, 1, 0.00011493814979378361, 0
462, 23.0, 50.99999999999999, 1.0000000000000002, 1, 0.00011064169086588407, 0
463, 25.000000000000004, 50.99999999999999, 1.0000000000000002, 1, 0.00011443603613037065, 0
464, 26.999999999999996, 50.99999999999999, 1.0000000000000002, 1, 0.00012313998672861416, 0
466, 31.000000000000004, 50.99999999999999, 1.0000000000000002, 1, 8.052697586925973e-05, 0
467, 33.0, 50.99999999999999, 1.0000000000000002, 1, 7.04341237546167e-05, 0
468, 35.00000000000001, 50.99999999999999, 1.0000000000000002, 1, 5.614313994487381e-05, 0
469, 1.0000000000000002, 53.0, 1.0000000000000002, 0, 1.1918368269356462e-10, 0
470, 3.0, 53.0, 1.0000000000000002, 0, 1.1226171910129897e-10, 0
471, 5.0, 53.0, 1.0000000000000002, 0, 1.1341778752999683e-10, 0
473, 9.0, 53.0, 1.0000000000000002, 0, 1.6387069100644486e-09, 0
474, 11.000000000000002, 53.0, 1.0000000000000002, 0, 9.543773357049125e-06, 0
475, 13.0, 53.0, 1.0000000000000002, 0, 5.608550025882937e-05, 0
476, 15.0, 53.0, 1.0000000000000002, 1, 9.697395126689614e-05, 0
477, 17.000000000000004, 53.0, 1.0000000000000002, 1, 0.00014035185443114805, 0
478, 19.000000000000004, 53.0, 1.0000000000000002, 1, 0.0001257233328368609, 0
479, 21.000000000000004, 53.0, 1.0000000000000002, 1, 0.00010758259399387018, 0
480, 23.0, 53.0, 1.0000000000000002, 1, 0.0001009048431335618, 0
481, 25.000000000000004, 53.0, 1.0000000000000002, 1, 8.748517384176181e-05, 0
482, 26.999999999999996, 53.0, 1.0000000000000002, 1, 7.649392317485805e-05, 0
484, 31.000000000000004, 53.0, 1.0000000000000002, 1, 8.976278266177548e-05, 0
485, 33.0, 53.0, 1.0000000000000002, 1, 8.560702849306599e-05, 0
486, 35.00000000000001, 53.0, 1.0000000000000002, 1, 8.07742784076657e-05, 0
487, 1.0000000000000002, 55.0, 1.0000000000000002, 0, 1.5358764408976915e-10, 0
488, 3.0, 55.0, 1.0000000000000002, 0, 1.4586794089661566e-10, 0
489, 5.0, 55.0, 1.0000000000000002, 0, 1.4950489675365422e-10, 0
491, 9.0, 55.0, 1.0000000000000002, 0, 1.1470137454957386e-05, 0
492, 11.000000000000002, 55.0, 1.0000000000000002, 0, 4.194973784157636e-05, 0
493, 13.0, 55.0, 1.0000000000000002, 1, 8.386572324214002e-05, 0
494, 15.0, 55.0, 1.0000000000000002, 1, 0.00012431479297614936, 0
495, 17.000000000000004, 55.0, 1.0000000000000002, 1, 0.000124605979534179, 0
496, 19.000000000000004, 55.0, 1.0000000000000002, 1, 0.0001060856214972407, 0
497, 21.000000000000004, 55.0, 1.0000000000000002, 1, 0.00010188466374790863, 0
498, 23.0, 55.0, 1.0000000000000002, 1, 8.226710662694015e-05, 0
499, 25.000000000000004, 55.0, 1.0000000000000002, 0, 6.777104014686465e-05, 0
500, 26.999999999999996, 55.0, 1.0000000000000002, 0, 4.6197735472548096e-05, 0
502, 31.000000000000004, 55.0, 1.0000000000000002, 1, 5.755153064519088e-05, 0
503, 33.0, 55.0, 1.0000000000000002, 1, 7.454685734299783e-05, 0
504, 35.00000000000001, 55.0, 1.0000000000000002, 1, 9.815669728728919e-05, 0
505, 1.0000000000000002, 56.99999999999999, 1.0000000000000002, 0, 1.868408682211358e-10, 0
506, 3.0, 56.99999999999999, 1.0000000000000002, 0, 2.0221161120788675e-10, 0
507, 5.0, 56.99999999999999, 1.0000000000000002, 0, 2.2336233182542996e-10, 0
509, 9.0, 56.99999999999999, 1.0000000000000002, 0, 6.128319081847168e-05, 0
510, 11.000000000000002, 56.99999999999999, 1.0000000000000002, 1, 7.144629418606382e-05, 0
511, 13.0, 56.99999999999999, 1.0000000000000002, 1, 0.00010679665327576957, 0
512, 15.0, 56.99999999999999, 1.0000000000000002, 1, 0.00011863436519828134, 0
513, 17.000000000000004, 56.99999999999999, 1.0000000000000002, 1, 0.00010785082520662126, 0
514, 19.000000000000004, 56.99999999999999, 1.0000000000000002, 1, 0.00010054060167114155, 0
515, 21.000000000000004, 56.99999999999999, 1.0000000000000002, 1, 0.00010161269158991736, 0
516, 23.0, 56.99999999999999, 1.0000000000000002, 1, 9.752909161237026e-05, 0
517, 25.000000000000004, 56.99999999999999, 1.0000000000000002, 1, 7.810150993372571e-05, 0
518, 26.999999999999996, 56.99999999999999, 1.0000000000000002, 0, 7.24569804001179e-05, 0
520, 31.000000000000004, 56.99999999999999, 1.0000000000000002, 0, 3.778933616552839e-05, 0
521, 33.0, 56.99999999999999, 1.0000000000000002, 0, 6.287437378268488e-05, 0
522, 35.00000000000001, 56.99999999999999, 1.0000000000000002, 1, 9.070402793268534e-05, 0
523, 1.0000000000000002, 59.0, 1.0000000000000002, 0, 2.2486093492557713e-10, 0
524, 3.0, 59.0, 1.0000000000000002, 0, 2.7118697475659046e-10, 0
525, 5.0, 59.0, 1.0000000000000002, 0, 3.255521425593882e-10, 0
527, 9.0, 59.0, 1.0000000000000002, 1, 7.787036456841343e-05, 0
528, 11.000000000000002, 59.0, 1.0000000000000002, 1, 0.00010030200617670878, 0
529, 13.0, 59.0, 1.0000000000000002, 1, 0.00011053512036392199, 0
530, 15.0, 59.0, 1.0000000000000002, 1, 0.00011016742783948307, 0
531, 17.000000000000004, 59.0, 1.0000000000000002, 1, 0.00010541614099561352, 0
532, 19.000000000000004, 59.0, 1.0000000000000002, 1, 0.00010664091186795806, 0
533, 21.000000000000004, 59.0, 1.0000000000000002, 1, 0.00011437146929078244, 0
534, 23.0, 59.0, 1.0000000000000002, 1, 0.00012826245302016015, 0
535, 25.000000000000004, 59.0, 1.0000000000000002, 1, 0.00014252679645629566, 0
536, 26.999999999999996, 59.0, 1.0000000000000002, 1, 0.0001394638612381029, 0
538, 31.000000000000004, 59.0, 1.0000000000000002, 0, 1.1909622311074799e-09, 0
539, 33.0, 59.0, 1.0000000000000002, 0, 4.3684203496712994e-05, 0
540, 35.00000000000001, 59.0, 1.0000000000000002, 1, 8.953562249477558e-05, 0
541, 1.0000000000000002, 61.0, 1.0000000000000002, 0, 2.8615547756957255e-10, 0
542, 3.0, 61.0, 1.0000000000000002, 0, 3.4934498392921225e-10, 0
543, 5.0, 61.0, 1.0000000000000002, 0, 4.3849526987153503e-10, 0
545, 9.0, 61.0, 1.0000000000000002, 1, 0.00010237308734286511, 0
546, 11.000000000000002, 61.0, 1.0000000000000002, 1, 9.970337810354708e-05, 0
547, 13.0, 61.0, 1.0000000000000002, 1, 0.00010491351304546005, 0
548, 15.0, 61.0, 1.0000000000000002, 1, 0.00011126012437407125, 0
549, 17.000000000000004, 61.0, 1.0000000000000002, 1, 0.00011720934380179774, 0
550, 19.000000000000004, 61.0, 1.0000000000000002, 1, 0.00012640019640788327, 0
551, 21.000000000000004, 61.0, 1.0000000000000002, 1, 0.00014174192087403566, 0
552, 23.0, 61.0, 1.0000000000000002, 1, 0.00016579881213036587, 0
553, 25.000000000000004, 61.0, 1.0000000000000002, 1, 0.0002031214623566906, 0
554, 26.999999999999996, 61.0, 1.0000000000000002, 1, 0.00022167697468995377, 0
556, 31.000000000000004, 61.0, 1.0000000000000002, 0, 7.258143519956668e-05, 0
557, 33.0, 61.0, 1.0000000000000002, 0, 6.878522167279145e-05, 0
558, 35.00000000000001, 61.0, 1.0000000000000002, 1, 8.028557139225203e-05, 0
559, 1.0000000000000002, 62.99999999999999, 1.0000000000000002, 0, 3.8183683405436677e-10, 0
560, 3.0, 62.99999999999999, 1.0000000000000002, 0, 4.3717486926617e-10, 0
561, 5.0, 62.99999999999999, 1.0000000000000002, 0, 5.462702992212538e-10, 0
563, 9.0, 62.99999999999999, 1.0000000000000002, 1, 8.607860607811856e-05, 0
564, 11.000000000000002, 62.99999999999999, 1.0000000000000002, 1, 9.368330460589421e-05, 0
565, 13.0, 62.99999999999999, 1.0000000000000002, 1, 0.00011053991835673715, 0
566, 15.0, 62.99999999999999, 1.0000000000000002, 1, 0.00012474793097825318, 0
567, 17.000000000000004, 62.99999999999999, 1.0000000000000002, 1, 0.00013699451752698235, 0
568, 19.000000000000004, 62.99999999999999, 1.0000000000000002, 1, 0.00015044631976396448, 0
569, 21.000000000000004, 62.99999999999999, 1.0000000000000002, 1, 0.00016902242832674892, 0
570, 23.0, 62.99999999999999, 1.0000000000000002, 1, 0.00019629409392647116, 0
571, 25.000000000000004, 62.99999999999999, 1.0000000000000002, 1, 0.0002389346187227345, 0
572, 26.999999999999996, 62.99999999999999, 1.0000000000000002, 1, 0.0002672037075973348, 0
574, 31.000000000000004, 62.99999999999999, 1.0000000000000002, 1, 8.699226812095953e-05, 0
575, 33.0, 62.99999999999999, 1.0000000000000002, 1, 0.00010228916803011251, 0
576, 35.00000000000001, 62.99999999999999, 1.0000000000000002, 1, 8.884560485049653e-05, 0
577, 1.0000000000000002, 65.0, 1.0000000000000002, 0, 5.090390499088837e-10, 0
578, 3.0, 65.0, 1.0000000000000002, 0, 5.920398420917763e-10, 0
579, 5.0, 65.0, 1.0000000000000002, 0, 6.650969775654705e-10, 0
581, 9.0, 65.0, 1.0000000000000002, 1, 9.43342450034059e-05, 0
582, 11.000000000000002, 65.0, 1.0000000000000002, 1, 0.00010514458092408382, 0
583, 13.0, 65.0, 1.0000000000000002, 1, 0.0001248526531012918, 0
584, 15.0, 65.0, 1.0000000000000002, 1, 0.00014201629433029147, 0
585, 17.000000000000004, 65.0, 1.0000000000000002, 1, 0.00015876360302665416, 0
586, 19.000000000000004, 65.0, 1.0000000000000002, 1, 0.00017591094972251443, 0
587, 21.000000000000004, 65.0, 1.0000000000000002, 1, 0.00019756654320370664, 0
588, 23.0, 65.0, 1.0000000000000002, 1, 0.0002282493985537203, 0
589, 25.000000000000004, 65.0, 1.0000000000000002, 1, 0.0002767304235038391, 0
590, 26.999999999999996, 65.0, 1.0000000000000002, 1, 0.0003094187364246461, 0
592, 31.000000000000004, 65.0, 1.0000000000000002, 1, 0.0001560142796511713, 0
593, 33.0, 65.0, 1.0000000000000002, 1, 0.0001195128920889304, 0
594, 35.00000000000001, 65.0, 1.0000000000000002, 1, 9.508665792513701e-05, 0
595, 1.0000000000000002, 67.00000000000001, 1.0000000000000002, 0, 6.58792500954657e-10, 0
596, 3.0, 67.00000000000001, 1.0000000000000002, 0, 7.541075833059321e-10, 0
597, 5.0, 67.00000000000001, 1.0000000000000002, 0, 8.405095151709365e-10, 0
599, 9.0, 67.00000000000001, 1.0000000000000002, 1, 0.00013331004562285059, 0
600, 11.000000000000002, 67.00000000000001, 1.0000000000000002, 1, 0.00013690231099267868, 0
601, 13.0, 67.00000000000001, 1.0000000000000002, 1, 0.00015101326347554555, 0
602, 15.0, 67.00000000000001, 1.0000000000000002, 1, 0.00016651757929217242, 0
603, 17.000000000000004, 67.00000000000001, 1.0000000000000002, 1, 0.0001843018560191739, 0
604, 19.000000000000004, 67.00000000000001, 1.0000000000000002, 1, 0.0002033892076767982, 0
605, 21.000000000000004, 67.00000000000001, 1.0000000000000002, 1, 0.00022707782192019302, 0
606, 23.0, 67.00000000000001, 1.0000000000000002, 1, 0.00025941652236941796, 0
607, 25.000000000000004, 67.00000000000001, 1.0000000000000002, 1, 0.0003081940624835283, 0
608, 26.999999999999996, 67.00000000000001, 1.0000000000000002, 1, 0.0003404362605162104, 0
610, 31.000000000000004, 67.00000000000001, 1.0000000000000002, 1, 0.0001293140510614313, 0
611, 33.0, 67.00000000000001, 1.0000000000000002, 1, 0.00011488719119229435, 0
612, 35.00000000000001, 67.00000000000001, 1.0000000000000002, 1, 0.00010096321441673724, 0
613, 1.0000000000000002, 69.0, 1.0000000000000002, 0, 8.532710541616015e-10, 0
614, 3.0, 69.0, 1.0000000000000002, 0, 9.073596655550112e-10, 0
615, 5.0, 69.0, 1.0000000000000002, 0, 1.0292125835408826e-09, 0
617, 9.0, 69.0, 1.0000000000000002, 1, 0.00019491219538947198, 0
618, 11.000000000000002, 69.0, 1.0000000000000002, 1, 0.00019071121845783395, 0
619, 13.0, 69.0, 1.0000000000000002, 1, 0.0001898634369776585, 0
620, 15.0, 69.0, 1.0000000000000002, 1, 0.00019957638957025906, 0
621, 17.000000000000004, 69.0, 1.0000000000000002, 1, 0.00021491280087231616, 0
622, 19.000000000000004, 69.0, 1.0000000000000002, 1, 0.00023390633493468332, 0
623, 21.000000000000004, 69.0, 1.0000000000000002, 1, 0.0002582632057194658, 0
624, 23.0, 69.0, 1.0000000000000002, 1, 0.0002909028323461172, 0
625, 25.000000000000004, 69.0, 1.0000000000000002, 1, 0.0003389024787042948, 0
626, 26.999999999999996, 69.0, 1.0000000000000002, 1, 0.0003703103227535376, 0
628, 31.000000000000004, 69.0, 1.0000000000000002, 1, 0.00012750011089409342, 0
629, 33.0, 69.0, 1.0000000000000002, 1, 0.00011502058143264711, 0
630, 35.00000000000001, 69.0, 1.0000000000000002, 1, 0.00010686641759169427, 0
631, 1.0000000000000002, 71.0, 1.0000000000000002, 0, 9.37349067050949e-10, 0
632, 3.0, 71.0, 1.0000000000000002, 0, 1.0190667980800088e-09, 0
633, 5.0, 71.0, 1.0000000000000002, 0, 1.0517243376256246e-09, 0
635, 9.0, 71.0, 1.0000000000000002, 1, 0.00024197182779735337, 0
636, 11.000000000000002, 71.0, 1.0000000000000002, 1, 0.0002466455816976357, 0
637, 13.0, 71.0, 1.0000000000000002, 1, 0.00023851442236566523, 0
638, 15.0, 71.0, 1.0000000000000002, 1, 0.00023953903893370038, 0
639, 17.000000000000004, 71.0, 1.0000000000000002, 1, 0.00025020392460726483, 0
640, 19.000000000000004, 71.0, 1.0000000000000002, 1, 0.0002675515563895017, 0
641, 21.000000000000004, 71.0, 1.0000000000000002, 1, 0.0002915896187318336, 0
642, 23.0, 71.0, 1.0000000000000002, 1, 0.0003242146062602357, 0
643, 25.000000000000004, 71.0, 1.0000000000000002, 1, 0.00037216074633872245, 0
644, 26.999999999999996, 71.0, 1.0000000000000002, 1, 0.00040354143510797465, 0
646, 31.000000000000004, 71.0, 1.0000000000000002, 1, 0.00012725063127263413, 0
647, 33.0, 71.0, 1.0000000000000002, 1, 0.0001162218972963468, 0
648, 35.00000000000001, 71.0, 1.0000000000000002, 1, 0.00011157226285211371, 0
654, 11.000000000000002, 73.00000000000001, 1.0000000000000002, 1, 0.0002734961074502111, 0
655, 13.0, 73.00000000000001, 1.0000000000000002, 1, 0.00026883628896424516, 0
656, 15.0, 73.00000000000001, 1.0000000000000002, 1, 0.0002637657996239594, 0
657, 17.000000000000004, 73.00000000000001, 1.0000000000000002, 1, 0.0002712971407149435, 0
658, 19.000000000000004, 73.00000000000001, 1.0000000000000002, 1, 0.0002873496323645839, 0
659, 21.000000000000004, 73.00000000000001, 1.0000000000000002, 1, 0.0003109710144840846, 0
660, 23.0, 73.00000000000001, 1.0000000000000002, 1, 0.000343699222926148, 0
661, 25.000000000000004, 73.00000000000001, 1.0000000000000002, 1, 0.0004051290688000516, 0
662, 26.999999999999996, 73.00000000000001, 1.0000000000000002, 1, 0.0004420249985091343, 0
664, 31.000000000000004, 73.00000000000001, 1.0000000000000002, 1, 0.00012555034059391084, 0
665, 33.0, 73.00000000000001, 1.0000000000000002, 1, 0.000115796006114018, 0
666, 35.00000000000001, 73.00000000000001, 1.0000000000000002, 1, 0.0001151597195730213, 0
680, 26.999999999999996, 75.0, 1.0000000000000002, 1, 0.0005022772641125494, 0
682, 31.000000000000004, 75.0, 1.0000000000000002, 1, 0.00012195511875092402, 0
683, 33.0, 75.0, 1.0000000000000002, 1, 0.00011361115349919589, 0
684, 35.00000000000001, 75.0, 1.0000000000000002, 1, 0.0001179295161756581, 0
698, 26.999999999999996, 77.00000000000001, 1.0000000000000002, 1, 0.0005893157240575634, 0
700, 31.000000000000004, 77.00000000000001, 1.0000000000000002, 1, 0.00011648146431539466, 0
701, 33.0, 77.00000000000001, 1.0000000000000002, 1, 0.00010932603738304125, 0
702, 35.00000000000001, 77.00000000000001, 1.0000000000000002, 1, 0.00011824364785403065, 0
716, 26.999999999999996, 79.00000000000001, 1.0000000000000002, 1, 0.0006505251722960148, 0
718, 31.000000000000004, 79.00000000000001, 1.0000000000000002, 1, 0.00010876221116887675, 0
719, 33.0, 79.00000000000001, 1.0000000000000002, 1, 0.00010864086918061088, 0
720, 35.00000000000001, 79.00000000000001, 1.0000000000000002, 1, 0.00011411041481570615, 0
734, 26.999999999999996, 81.0, 1.0000000000000002, 1, 0.00071041987656006, 0
736, 31.000000000000004, 81.0, 1.0000000000000002, 1, 0.00011325499248659044, 0
737, 33.0, 81.0, 1.0000000000000002, 1, 0.0001114163052345118, 0
738, 35.00000000000001, 81.0, 1.0000000000000002, 1, 0.00010841018356358702, 0
752, 26.999999999999996, 83.00000000000001, 1.0000000000000002, 1, 0.0007610318978683432, 0
754, 31.000000000000004, 83.00000000000001, 1.0000000000000002, 1, 0.0001312208146919443, 0
755, 33.0, 83.00000000000001, 1.0000000000000002, 1, 0.00011615497191676022, 0
756, 35.00000000000001, 83.00000000000001, 1.0000000000000002, 1, 9.305207868284525e-05, 0
770, 26.999999999999996, 85.00000000000001, 1.0000000000000002, 1, 0.0007410559023777922, 0
772, 31.000000000000004, 85.00000000000001, 1.0000000000000002, 1, 0.0001494609072933176, 0
773, 33.0, 85.00000000000001, 1.0000000000000002, 1, 0.00010986204434589578, 0
774, 35.00000000000001, 85.00000000000001, 1.0000000000000002, 0, 7.92809772071205e-05, 0
780, 11.000000000000002, 87.0, 1.0000000000000002, 1, 0.0005844628063627731, 0
781, 13.0, 87.0, 1.0000000000000002, 1, 0.000553487430857187, 0
782, 15.0, 87.0, 1.0000000000000002, 1, 0.0005014492780715816, 0
783, 17.000000000000004, 87.0, 1.0000000000000002, 1, 0.0004956394207343943, 0
784, 19.000000000000004, 87.0, 1.0000000000000002, 1, 0.0005032633914326802, 0
785, 21.000000000000004, 87.0, 1.0000000000000002, 1, 0.0005213890021515856, 0
786, 23.0, 87.0, 1.0000000000000002, 1, 0.0005583440974229108, 0
787, 25.000000000000004, 87.0, 1.0000000000000002, 1, 0.0006493150415306082, 0
788, 26.999999999999996, 87.0, 1.0000000000000002, 1, 0.0007011131017706226, 0
790, 31.000000000000004, 87.0, 1.0000000000000002, 1, 0.00015904171674382758, 0
791, 33.0, 87.0, 1.0000000000000002, 1, 0.00011398212190450738, 0
792, 35.00000000000001, 87.0, 1.0000000000000002, 0, 6.207615733869498e-05, 0
798, 11.000000000000002, 89.00000000000001, 1.0000000000000002, 1, 0.0005881883435480645, 0
799, 13.0, 89.00000000000001, 1.0000000000000002, 1, 0.0005514668503320059, 0
800, 15.0, 89.00000000000001, 1.0000000000000002, 1, 0.0005057675601072583, 0
801, 17.000000000000004, 89.00000000000001, 1.0000000000000002, 1, 0.0005003470278936123, 0
802, 19.000000000000004, 89.00000000000001, 1.0000000000000002, 1, 0.0005052556213014055, 0
803, 21.000000000000004, 89.00000000000001, 1.0000000000000002, 1, 0.0005174719646244565, 0
804, 23.0, 89.00000000000001, 1.0000000000000002, 1, 0.0005433335503673667, 0
805, 25.000000000000004, 89.00000000000001, 1.0000000000000002, 1, 0.0006012634206681473, 0
806, 26.999999999999996, 89.00000000000001, 1.0000000000000002, 1, 0.0006405708227970488, 0
808, 31.000000000000004, 89.00000000000001, 1.0000000000000002, 1, 0.00017201081647020828, 0
809, 33.0, 89.00000000000001, 1.0000000000000002, 1, 9.952182511917742e-05, 0
810, 35.00000000000001, 89.00000000000001, 1.0000000000000002, 0, 4.5754033844188475e-05, 0
816, 11.000000000000002, 91.00000000000001, 1.0000000000000002, 1, 0.0005817594953757604, 0
817, 13.0, 91.00000000000001, 1.0000000000000002, 1, 0.0005516357694405612, 0
818, 15.0, 91.00000000000001, 1.0000000000000002, 1, 0.0005142180173150793, 0
819, 17.000000000000004, 91.00000000000001, 1.0000000000000002, 1, 0.0005089641361603176, 0
820, 19.000000000000004, 91.00000000000001, 1.0000000000000002, 1, 0.0005083806922165709, 0
821, 21.000000000000004, 91.00000000000001, 1.0000000000000002, 1, 0.0005086542138372088, 0
822, 23.0, 91.00000000000001, 1.0000000000000002, 1, 0.0005120739848537815, 0
823, 25.000000000000004, 91.00000000000001, 1.0000000000000002, 1, 0.0005300844557925585, 0
824, 26.999999999999996, 91.00000000000001, 1.0000000000000002, 1, 0.000542407026146138, 0
826, 31.000000000000004, 91.00000000000001, 1.0000000000000002, 1, 0.00010455178464957289, 0
827, 33.0, 91.00000000000001, 1.0000000000000002, 0, 7.928662576954856e-05, 0
828, 35.00000000000001, 91.00000000000001, 1.0000000000000002, 0, 1.6946439406739598e-05, 0
834, 11.000000000000002, 93.0, 1.0000000000000002, 1, 0.0005666592408161736, 0
835, 13.0, 93.0, 1.0000000000000002, 1, 0.000545645395721392, 0
836, 15.0, 93.0, 1.0000000000000002, 1, 0.0005179950118590702, 0
837, 17.000000000000004, 93.0, 1.0000000000000002, 1, 0.0005133037033143051, 0
838, 19.000000000000004, 93.0, 1.0000000000000002, 1, 0.0005070887851579509, 0
839, 21.000000000000004, 93.0, 1.0000000000000002, 1, 0.000494768555065493, 0
840, 23.0, 93.0, 1.0000000000000002, 1, 0.00047386510138958864, 0
841, 25.000000000000004, 93.0, 1.0000000000000002, 1, 0.00044732962906163004, 0
842, 26.999999999999996, 93.0, 1.0000000000000002, 1, 0.00043543152688630435, 0
844, 31.000000000000004, 93.0, 1.0000000000000002, 0, 6.0759901175793553e-05, 0
845, 33.0, 93.0, 1.0000000000000002, 0, 2.240246639066216e-05, 0
846, 35.00000000000001, 93.0, 1.0000000000000002, 0, 3.942565929861079e-10, 0
852, 11.000000000000002, 95.00000000000001, 1.0000000000000002, 1, 0.0005577959895929798, 0
853, 13.0, 95.00000000000001, 1.0000000000000002, 1, 0.0005410762367652462, 0
854, 15.0, 95.00000000000001, 1.0000000000000002, 1, 0.000518809845129807, 0
855, 17.000000000000004, 95.00000000000001, 1.0000000000000002, 1, 0.0005144262613812052, 0
856, 19.000000000000004, 95.00000000000001, 1.0000000000000002, 1, 0.0005050487777254351, 0
857, 21.000000000000004, 95.00000000000001, 1.0000000000000002, 1, 0.00048552503686654584, 0
858, 23.0, 95.00000000000001, 1.0000000000000002, 1, 0.0004509044696050816, 0
859, 25.000000000000004, 95.00000000000001, 1.0000000000000002, 1, 0.0004004874444837285, 0
860, 26.999999999999996, 95.00000000000001, 1.0000000000000002, 1, 0.00037702716862395973, 0
862, 31.000000000000004, 95.00000000000001, 1.0000000000000002, 0, 9.490516064552834e-10, 0
863, 33.0, 95.00000000000001, 1.0000000000000002, 0, 7.496475873827561e-10, 0
864, 35.00000000000001, 95.00000000000001, 1.0000000000000002, 0, 3.850652079311581e-10, 0
865, 1.0000000000000002, 1.0000000000000002, 3.0000000000000004, 0, 9.500679251780564e-10, 0
866, 3.0, 1.0000000000000002, 3.0000000000000004, 0, 9.869513276245971e-10, 0
883, 1.0000000000000002, 3.0000000000000004, 3.0000000000000004, 0, 1.364892538176034e-09, 0
884, 3.0, 3.0000000000000004, 3.0000000000000004, 0, 1.4273473028419306e-09, 0
901, 1.0000000000000002, 5.000000000000001, 3.0000000000000004, 0, 1.798309846354245e-09, 0
902, 3.0, 5.000000000000001, 3.0000000000000004, 0, 1.8601408071643401e-09, 0
924, 11.000000000000002, 7.000000000000001, 3.0000000000000004, 1, 0.00037196078731318937, 0
925, 13.0, 7.000000000000001, 3.0000000000000004, 1, 0.00040703316903453637, 0
926, 15.0, 7.000000000000001, 3.0000000000000004, 1, 0.0004662229682861002, 0
927, 17.000000000000004, 7.000000000000001, 3.0000000000000004, 1, 0.0004886262469257501, 0
928, 19.000000000000004, 7.000000000000001, 3.0000000000000004, 1, 0.00046960197718706726, 0
929, 21.000000000000004, 7.000000000000001, 3.0000000000000004, 1, 0.0004155892019558191, 0
930, 23.0, 7.000000000000001, 3.0000000000000004, 1, 0.00033926268056738804, 0
931, 25.000000000000004, 7.000000000000001, 3.0000000000000004, 1, 0.00025644324813003396, 0
932, 26.999999999999996, 7.000000000000001, 3.0000000000000004, 1, 0.00021624993159322038, 0
934, 31.000000000000004, 7.000000000000001, 3.0000000000000004, 1, 7.354018119128054e-05, 0
935, 33.0, 7.000000000000001, 3.0000000000000004, 0, 4.517123342719984e-05, 0
936, 35.00000000000001, 7.000000000000001, 3.0000000000000004, 0, 7.871684656747703e-10, 0
942, 11.000000000000002, 9.000000000000002, 3.0000000000000004, 1, 0.00033542752730907906, 0
943, 13.0, 9.000000000000002, 3.0000000000000004, 1, 0.0003653575562904804, 0
944, 15.0, 9.000000000000002, 3.0000000000000004, 1, 0.000406146982629412, 0
945, 17.000000000000004, 9.000000000000002, 3.0000000000000004, 1, 0.00041901119979940185, 0
946, 19.000000000000004, 9.000000000000002, 3.0000000000000004, 1, 0.0003970440729801633, 0
947, 21.000000000000004, 9.000000000000002, 3.0000000000000004, 1, 0.00034701000896301265, 0
948, 23.0, 9.000000000000002, 3.0000000000000004, 1, 0.000284085701260417, 0
949, 25.000000000000004, 9.000000000000002, 3.0000000000000004, 1, 0.00022313438741802062, 0
950, 26.999999999999996, 9.000000000000002, 3.0000000000000004, 1, 0.0001890891276018716, 0
952, 31.000000000000004, 9.000000000000002, 3.0000000000000004, 1, 7.575803353774826e-05, 0
953, 33.0, 9.000000000000002, 3.0000000000000004, 0, 3.9323499850617375e-05, 0
954, 35.00000000000001, 9.000000000000002, 3.0000000000000004, 0, 6.600656106091773e-10, 0
960, 11.000000000000002, 11.0, 3.0000000000000004, 1, 0.0002816689558317834, 0
961, 13.0, 11.0, 3.0000000000000004, 1, 0.0002947041224455587, 0
962, 15.0, 11.0, 3.0000000000000004, 1, 0.0003119489207589881, 0
963, 17.000000000000004, 11.0, 3.0000000000000004, 1, 0.00031405339718010885, 0
964, 19.000000000000004, 11.0, 3.0000000000000004, 1, 0.0002889360702860223, 0
965, 21.000000000000004, 11.0, 3.0000000000000004, 1, 0.00024286535084758505, 0
966, 23.0, 11.0, 3.0000000000000004, 1, 0.00019671158337200274, 0
967, 25.000000000000004, 11.0, 3.0000000000000004, 1, 0.0001670372573150366, 0
968, 26.999999999999996, 11.0, 3.0000000000000004, 1, 0.0001561265077486669, 0
970, 31.000000000000004, 11.0, 3.0000000000000004, 1, 6.789973232256772e-05, 0
971, 33.0, 11.0, 3.0000000000000004, 0, 3.697306560111971e-05, 0
972, 35.00000000000001, 11.0, 3.0000000000000004, 0, 1.3879851532108844e-06, 0
978, 11.000000000000002, 13.0, 3.0000000000000004, 1, 0.00022969606508659257, 0
979, 13.0, 13.0, 3.0000000000000004, 1, 0.00023648226352885804, 0
980, 15.0, 13.0, 3.0000000000000004, 1, 0.0002478102663460276, 0
981, 17.000000000000004, 13.0, 3.0000000000000004, 1, 0.00025169122774249333, 0
982, 19.000000000000004, 13.0, 3.0000000000000004, 1, 0.00022905563809020674, 0
983, 21.000000000000004, 13.0, 3.0000000000000004, 1, 0.00018185501422181077, 0
984, 23.0, 13.0, 3.0000000000000004, 1, 0.00013801668800680187, 0
985, 25.000000000000004, 13.0, 3.0000000000000004, 1, 0.00012221958697555715, 0
986, 26.999999999999996, 13.0, 3.0000000000000004, 1, 0.00012441004038412392, 0
988, 31.000000000000004, 13.0, 3.0000000000000004, 1, 6.761381524087725e-05, 0
989, 33.0, 13.0, 3.0000000000000004, 1, 3.604239301888384e-05, 0
990, 35.00000000000001, 13.0, 3.0000000000000004, 0, 4.45112045876251e-06, 0
996, 11.000000000000002, 14.999999999999998, 3.0000000000000004, 1, 0.0001712857336088605, 0
997, 13.0, 14.999999999999998, 3.0000000000000004, 1, 0.00017706115645795608, 0
998, 15.0, 14.999999999999998, 3.0000000000000004, 1, 0.00019052432986758894, 0
999, 17.000000000000004, 14.999999999999998, 3.0000000000000004, 1, 0.0002026455789802008, 0
1000, 19.000000000000004, 14.999999999999998, 3.0000000000000004, 1, 0.00018872857020665027, 0
1001, 21.000000000000004, 14.999999999999998, 3.0000000000000004, 1, 0.00014567382976062954, 0
1002, 23.0, 14.999999999999998, 3.0000000000000004, 1, 0.00010214573659567739, 0
1003, 25.000000000000004, 14.999999999999998, 3.0000000000000004, 1, 8.864449751199411e-05, 0
1004, 26.999999999999996, 14.999999999999998, 3.0000000000000004, 1, 9.385773295666715e-05, 0
1006, 31.000000000000004, 14.999999999999998, 3.0000000000000004, 1, 7.627436757662077e-05, 0
1007, 33.0, 14.999999999999998, 3.0000000000000004, 1, 3.9634446756242495e-05, 0
1008, 35.00000000000001, 14.999999999999998, 3.0000000000000004, 0, 5.119976477762797e-06, 0
1014, 11.000000000000002, 17.0, 3.0000000000000004, 1, 0.0001163342959779913, 0
1015, 13.0, 17.0, 3.0000000000000004, 1, 0.0001229826882008323, 0
1016, 15.0, 17.0, 3.0000000000000004, 1, 0.0001400019844313857, 0
1017, 17.000000000000004, 17.0, 3.0000000000000004, 1, 0.00016431193188313331, 0
1018, 19.000000000000004, 17.0, 3.0000000000000004, 1, 0.00015814839816116115, 0
1019, 21.000000000000004, 17.0, 3.0000000000000004, 1, 0.00011024988064079337, 0
1020, 23.0, 17.0, 3.0000000000000004, 1, 6.193188735170908e-05, 0
1021, 25.000000000000004, 17.0, 3.0000000000000004, 1, 5.188107949611271e-05, 0
1022, 26.999999999999996, 17.0, 3.0000000000000004, 1, 5.3097603869444334e-05, 0
1024, 31.000000000000004, 17.0, 3.0000000000000004, 1, 5.097615949965604e-05, 0
1025, 33.0, 17.0, 3.0000000000000004, 0, 3.3755603280095575e-05, 0
1026, 35.00000000000001, 17.0, 3.0000000000000004, 0, 2.4466573585084827e-06, 0
1032, 11.000000000000002, 19.000000000000004, 3.0000000000000004, 1, 7.630918282906771e-05, 0
1033, 13.0, 19.000000000000004, 3.0000000000000004, 1, 8.452123752176883e-05, 0
1034, 15.0, 19.000000000000004, 3.0000000000000004, 1, 0.0001058788906730457, 0
1035, 17.000000000000004, 19.000000000000004, 3.0000000000000004, 1, 0.00013806902307920122, 0
1036, 19.000000000000004, 19.000000000000004, 3.0000000000000004, 1, 0.00011854049370364917, 0
1037, 21.000000000000004, 19.000000000000004, 3.0000000000000004, 0, 7.946559781041399e-05, 0
1038, 23.0, 19.000000000000004, 3.0000000000000004, 0, 2.8937332904351517e-05, 0
1039, 25.000000000000004, 19.000000000000004, 3.0000000000000004, 0, 1.916593287869285e-05, 0
1040, 26.999999999999996, 19.000000000000004, 3.0000000000000004, 0, 2.3472484344891005e-05, 0
1042, 31.000000000000004, 19.000000000000004, 3.0000000000000004, 0, 3.3059796563519447e-05, 0
1043, 33.0, 19.000000000000004, 3.0000000000000004, 0, 1.2542032541615991e-05, 0
1044, 35.00000000000001, 19.000000000000004, 3.0000000000000004, 0, 3.513833087159076e-07, 0
1050, 11.000000000000002, 21.0, 3.0000000000000004, 1, 5.695749234197046e-05, 0
1051, 13.0, 21.0, 3.0000000000000004, 1, 6.718178879374502e-05, 0
1052, 15.0, 21.0, 3.0000000000000004, 1, 0.00010034434498884996, 0
1053, 17.000000000000004, 21.0, 3.0000000000000004, 1, 0.0001267136094977228, 0
1054, 19.000000000000004, 21.0, 3.0000000000000004, 1, 9.334124931417617e-05, 0
1055, 21.000000000000004, 21.0, 3.0000000000000004, 0, 4.0719004443676114e-05, 0
1056, 23.0, 21.0, 3.0000000000000004, 0, 2.363564975504323e-06, 0
1057, 25.000000000000004, 21.0, 3.0000000000000004, 0, 6.574965543104899e-10, 0
1058, 26.999999999999996, 21.0, 3.0000000000000004, 0, 6.141205451526196e-10, 0
1060, 31.000000000000004, 21.0, 3.0000000000000004, 0, 2.6700099588478456e-09, 0
1061, 33.0, 21.0, 3.0000000000000004, 0, 2.673444502788955e-09, 0
1062, 35.00000000000001, 21.0, 3.0000000000000004, 0, 2.6778045764070402e-09, 0
1068, 11.000000000000002, 23.000000000000004, 3.0000000000000004, 1, 6.835893013297292e-05, 0
1069, 13.0, 23.000000000000004, 3.0000000000000004, 1, 7.182403846872866e-05, 0
1070, 15.0, 23.000000000000004, 3.0000000000000004, 1, 0.00011154978887666789, 0
1071, 17.000000000000004, 23.000000000000004, 3.0000000000000004, 1, 0.00010914784485367062, 0
1072, 19.000000000000004, 23.000000000000004, 3.0000000000000004, 0, 7.638928587109015e-05, 0
1073, 21.000000000000004, 23.000000000000004, 3.0000000000000004, 0, 1.4986158303078882e-05, 0
1074, 23.0, 23.000000000000004, 3.0000000000000004, 0, 8.621956970403989e-10, 0
1075, 25.000000000000004, 23.000000000000004, 3.0000000000000004, 0, 8.529363069144051e-10, 0
1076, 26.999999999999996, 23.000000000000004, 3.0000000000000004, 0, 8.46239450360572e-10, 0
1078, 31.000000000000004, 23.000000000000004, 3.0000000000000004, 0, 2.067266606044153e-09, 0
1079, 33.0, 23.000000000000004, 3.0000000000000004, 0, 2.226193325721315e-09, 0
1080, 35.00000000000001, 23.000000000000004, 3.0000000000000004, 0, 2.3699072094227205e-09, 0
1081, 1.0000000000000002, 25.000000000000004, 3.0000000000000004, 0, 1.2517940391713024e-09, 0
1082, 3.0, 25.000000000000004, 3.0000000000000004, 0, 1.2384414496995713e-09, 0
1083, 5.0, 25.000000000000004, 3.0000000000000004, 0, 1.0242089346800296e-09, 0
1085, 9.0, 25.000000000000004, 3.0000000000000004, 1, 0.0001272331822282295, 0
1086, 11.000000000000002, 25.000000000000004, 3.0000000000000004, 1, 0.0001061958369268829, 0
1087, 13.0, 25.000000000000004, 3.0000000000000004, 1, 0.00010858461779307813, 0
1088, 15.0, 25.000000000000004, 3.0000000000000004, 1, 0.00012910737853663674, 0
1089, 17.000000000000004, 25.000000000000004, 3.0000000000000004, 1, 9.578348155896843e-05, 0
1090, 19.000000000000004, 25.000000000000004, 3.0000000000000004, 0, 4.546243234432483e-05, 0
1091, 21.000000000000004, 25.000000000000004, 3.0000000000000004, 0, 2.6459540004903937e-06, 0
1092, 23.0, 25.000000000000004, 3.0000000000000004, 0, 1.0727767241418699e-09, 0
1093, 25.000000000000004, 25.000000000000004, 3.0000000000000004, 0, 1.1155728878175923e-09, 0
1094, 26.999999999999996, 25.000000000000004, 3.0000000000000004, 0, 1.1573921716232305e-09, 0
1096, 31.000000000000004, 25.000000000000004, 3.0000000000000004, 0, 1.7066024519963498e-09, 0
1097, 33.0, 25.000000000000004, 3.0000000000000004, 0, 1.8784920094133104e-09, 0
1098, 35.00000000000001, 25.000000000000004, 3.0000000000000004, 0, 2.041220034388929e-09, 0
1099, 1.0000000000000002, 27.0, 3.0000000000000004, 0, 1.0645114911677777e-09, 0
1100, 3.0, 27.0, 3.0000000000000004, 0, 9.488463320433695e-10, 0
1101, 5.0, 27.0, 3.0000000000000004, 0, 8.805457692182682e-10, 0
1103, 9.0, 27.0, 3.0000000000000004, 1, 0.0001560799265978534, 0
1104, 11.000000000000002, 27.0, 3.0000000000000004, 1, 0.00014621462523458498, 0
1105, 13.0, 27.0, 3.0000000000000004, 1, 0.00014822113476843968, 0
1106, 15.0, 27.0, 3.0000000000000004, 1, 0.00011043378854151625, 0
1107, 17.000000000000004, 27.0, 3.0000000000000004, 0, 8.025987070219595e-05, 0
1108, 19.000000000000004, 27.0, 3.0000000000000004, 0, 1.273333888465545e-05, 0
1109, 21.000000000000004, 27.0, 3.0000000000000004, 0, 1.124149751152928e-09, 0
1110, 23.0, 27.0, 3.0000000000000004, 0, 1.2063932959947462e-09, 0
1111, 25.000000000000004, 27.0, 3.0000000000000004, 0, 1.3646856519882465e-09, 0
1112, 26.999999999999996, 27.0, 3.0000000000000004, 0, 1.4733752305650243e-09, 0
1114, 31.000000000000004, 27.0, 3.0000000000000004, 0, 1.436304064134903e-09, 0
1115, 33.0, 27.0, 3.0000000000000004, 0, 1.5612482706568287e-09, 0
1116, 35.00000000000001, 27.0, 3.0000000000000004, 0, 1.6826296329935334e-09, 0
1117, 1.0000000000000002, 28.999999999999996, 3.0000000000000004, 0, 6.322329505500915e-10, 0
1118, 3.0, 28.999999999999996, 3.0000000000000004, 0, 6.133584952418873e-10, 0
1119, 5.0, 28.999999999999996, 3.0000000000000004, 0, 6.120818572934287e-10, 0
1121, 9.0, 28.999999999999996, 3.0000000000000004, 1, 0.000173379554427148, 0
1122, 11.000000000000002, 28.999999999999996, 3.0000000000000004, 1, 0.00016642956299874867, 0
1123, 13.0, 28.999999999999996, 3.0000000000000004, 1, 0.00015552656262528644, 0
1124, 15.0, 28.999999999999996, 3.0000000000000004, 1, 0.00012001634351184817, 0
1125, 17.000000000000004, 28.999999999999996, 3.0000000000000004, 0, 6.042197916740057e-05, 0
1126, 19.000000000000004, 28.999999999999996, 3.0000000000000004, 0, 8.26253147015147e-06, 0
1127, 21.000000000000004, 28.999999999999996, 3.0000000000000004, 0, 1.1152136455510757e-09, 0
1128, 23.0, 28.999999999999996, 3.0000000000000004, 0, 1.27043541355311e-09, 0
1129, 25.000000000000004, 28.999999999999996, 3.0000000000000004, 0, 1.5478462928625468e-09, 0
1130, 26.999999999999996, 28.999999999999996, 3.0000000000000004, 0, 1.7142702992452306e-09, 0
1132, 31.000000000000004, 28.999999999999996, 3.0000000000000004, 0, 1.2076317097478148e-09, 0
1133, 33.0, 28.999999999999996, 3.0000000000000004, 0, 1.2847336586374447e-09, 0
1134, 35.00000000000001, 28.999999999999996, 3.0000000000000004, 0, 1.3611441672504532e-09, 0
1135, 1.0000000000000002, 31.000000000000004, 3.0000000000000004, 0, 4.0258444290739737e-10, 0
1136, 3.0, 31.000000000000004, 3.0000000000000004, 0, 3.976326007369111e-10, 0
1137, 5.0, 31.000000000000004, 3.0000000000000004, 0, 3.9088547411484787e-10, 0
1139, 9.0, 31.000000000000004, 3.0000000000000004, 1, 0.00016122098014574482, 0
1140, 11.000000000000002, 31.000000000000004, 3.0000000000000004, 1, 0.00015704104122781033, 0
1141, 13.0, 31.000000000000004, 3.0000000000000004, 1, 0.0001427485331720246, 0
1142, 15.0, 31.000000000000004, 3.0000000000000004, 1, 0.00011274013873580128, 0
1143, 17.000000000000004, 31.000000000000004, 3.0000000000000004, 1, 7.364687056752412e-05, 0
1144, 19.000000000000004, 31.000000000000004, 3.0000000000000004, 0, 5.272157020054683e-05, 0
1145, 21.000000000000004, 31.000000000000004, 3.0000000000000004, 0, 1.9863931219708006e-05, 0
1146, 23.0, 31.000000000000004, 3.0000000000000004, 0, 3.544980420536145e-06, 0
1147, 25.000000000000004, 31.000000000000004, 3.0000000000000004, 0, 1.635544010233665e-09, 0
1148, 26.999999999999996, 31.000000000000004, 3.0000000000000004, 0, 1.8471801638673168e-09, 0
1150, 31.000000000000004, 31.000000000000004, 3.0000000000000004, 0, 1.002980119612188e-09, 0
1151, 33.0, 31.000000000000004, 3.0000000000000004, 0, 1.0643721256172008e-09, 0
1152, 35.00000000000001, 31.000000000000004, 3.0000000000000004, 0, 1.1224744541405195e-09, 0
1153, 1.0000000000000002, 33.00000000000001, 3.0000000000000004, 0, 2.6816043550311535e-10, 0
1154, 3.0, 33.00000000000001, 3.0000000000000004, 0, 2.558376276741353e-10, 0
1155, 5.0, 33.00000000000001, 3.0000000000000004, 0, 2.4128508751694096e-10, 0
1157, 9.0, 33.00000000000001, 3.0000000000000004, 1, 0.00013806921676654953, 0
1158, 11.000000000000002, 33.00000000000001, 3.0000000000000004, 1, 0.00014348296809254708, 0
1159, 13.0, 33.00000000000001, 3.0000000000000004, 1, 0.00013888267984838893, 0
1160, 15.0, 33.00000000000001, 3.0000000000000004, 1, 0.00012210128822674946, 0
1161, 17.000000000000004, 33.00000000000001, 3.0000000000000004, 1, 0.0001156757201659535, 0
1162, 19.000000000000004, 33.00000000000001, 3.0000000000000004, 1, 9.00306526359105e-05, 0
1163, 21.000000000000004, 33.00000000000001, 3.0000000000000004, 0, 7.776599892018821e-05, 0
1164, 23.0, 33.00000000000001, 3.0000000000000004, 0, 5.122715345017296e-05, 0
1165, 25.000000000000004, 33.00000000000001, 3.0000000000000004, 0, 4.881891273837264e-05, 0
1166, 26.999999999999996, 33.00000000000001, 3.0000000000000004, 0, 7.238151532229454e-05, 0
1168, 31.000000000000004, 33.00000000000001, 3.0000000000000004, 0, 8.635138189879901e-10, 0
1169, 33.0, 33.00000000000001, 3.0000000000000004, 0, 9.170514270041239e-10, 0
1170, 35.00000000000001, 33.00000000000001, 3.0000000000000004, 0, 9.791415141831019e-10, 0
1171, 1.0000000000000002, 35.0, 3.0000000000000004, 0, 1.8969662406894831e-10, 0
1172, 3.0, 35.0, 3.0000000000000004, 0, 1.717044673412018e-10, 0
1173, 5.0, 35.0, 3.0000000000000004, 0, 1.5303670912168052e-10, 0
1175, 9.0, 35.0, 3.0000000000000004, 1, 9.287316227900655e-05, 0
1176, 11.000000000000002, 35.0, 3.0000000000000004, 1, 9.7613426717954e-05, 0
1177, 13.0, 35.0, 3.0000000000000004, 1, 0.00013028599684362536, 0
1178, 15.0, 35.0, 3.0000000000000004, 1, 0.00014025698249722706, 0
1179, 17.000000000000004, 35.0, 3.0000000000000004, 1, 0.00013857877717994696, 0
1180, 19.000000000000004, 35.0, 3.0000000000000004, 1, 0.0001290408494840803, 0
1181, 21.000000000000004, 35.0, 3.0000000000000004, 1, 0.00011031896685674473, 0
1182, 23.0, 35.0, 3.0000000000000004, 1, 8.736112708071527e-05, 0
1183, 25.000000000000004, 35.0, 3.0000000000000004, 1, 0.00012099008863490301, 0
1184, 26.999999999999996, 35.0, 3.0000000000000004, 1, 0.00012628322949419777, 0
1186, 31.000000000000004, 35.0, 3.0000000000000004, 0, 7.737234487780857e-10, 0
1187, 33.0, 35.0, 3.0000000000000004, 0, 8.415150475116907e-10, 0
1188, 35.00000000000001, 35.0, 3.0000000000000004, 0, 9.086331595191088e-10, 0
1189, 1.0000000000000002, 37.00000000000001, 3.0000000000000004, 0, 1.4429399812756233e-10, 0
1190, 3.0, 37.00000000000001, 3.0000000000000004, 0, 1.269996327670418e-10, 0
1191, 5.0, 37.00000000000001, 3.0000000000000004, 0, 1.1033686238080197e-10, 0
1193, 9.0, 37.00000000000001, 3.0000000000000004, 0, 3.75116385987499e-05, 0
1194, 11.000000000000002, 37.00000000000001, 3.0000000000000004, 0, 5.75719867993665e-05, 0
1195, 13.0, 37.00000000000001, 3.0000000000000004, 1, 8.884245907122716e-05, 0
1196, 15.0, 37.00000000000001, 3.0000000000000004, 1, 0.00010987838156247551, 0
1197, 17.000000000000004, 37.00000000000001, 3.0000000000000004, 1, 0.000137045800259727, 0
1198, 19.000000000000004, 37.00000000000001, 3.0000000000000004, 1, 0.00012616010611146673, 0
1199, 21.000000000000004, 37.00000000000001, 3.0000000000000004, 1, 0.0001214340417326217, 0
1200, 23.0, 37.00000000000001, 3.0000000000000004, 1, 0.00012210515998929125, 0
1201, 25.000000000000004, 37.00000000000001, 3.0000000000000004, 1, 0.00016476323559160052, 0
1202, 26.999999999999996, 37.00000000000001, 3.0000000000000004, 1, 0.0002049921112365378, 0
1204, 31.000000000000004, 37.00000000000001, 3.0000000000000004, 0, 7.387610789559245e-10, 0
1205, 33.0, 37.00000000000001, 3.0000000000000004, 0, 8.093753012099691e-10, 0
1206, 35.00000000000001, 37.00000000000001, 3.0000000000000004, 0, 8.880517530711138e-10, 0
1207, 1.0000000000000002, 39.00000000000001, 3.0000000000000004, 0, 1.187942042649907e-10, 0
1208, 3.0, 39.00000000000001, 3.0000000000000004, 0, 1.0582631006861359e-10, 0
1209, 5.0, 39.00000000000001, 3.0000000000000004, 0, 9.243272257043015e-11, 0
1211, 9.0, 39.00000000000001, 3.0000000000000004, 0, 7.945526861597069e-10, 0
1212, 11.000000000000002, 39.00000000000001, 3.0000000000000004, 0, 7.352917973411864e-06, 0
1213, 13.0, 39.00000000000001, 3.0000000000000004, 0, 3.213254478479579e-05, 0
1214, 15.0, 39.00000000000001, 3.0000000000000004, 0, 7.67237720648685e-05, 0
1215, 17.000000000000004, 39.00000000000001, 3.0000000000000004, 1, 9.115895668843795e-05, 0
1216, 19.000000000000004, 39.00000000000001, 3.0000000000000004, 1, 0.00011382557900680737, 0
1217, 21.000000000000004, 39.00000000000001, 3.0000000000000004, 1, 0.00011363597789450876, 0
1218, 23.0, 39.00000000000001, 3.0000000000000004, 1, 0.00012828051173526363, 0
1219, 25.000000000000004, 39.00000000000001, 3.0000000000000004, 1, 0.0001777459771123234, 0
1220, 26.999999999999996, 39.00000000000001, 3.0000000000000004, 1, 0.00021393512048666348, 0
1222, 31.000000000000004, 39.00000000000001, 3.0000000000000004, 0, 7.09674283088459e-10, 0
1223, 33.0, 39.00000000000001, 3.0000000000000004, 0, 8.100247511416936e-10, 0
1224, 35.00000000000001, 39.00000000000001, 3.0000000000000004, 0, 9.187093162340372e-10, 0
1225, 1.0000000000000002, 41.0, 3.0000000000000004, 0, 1.0774030381090145e-10, 0
1226, 3.0, 41.0, 3.0000000000000004, 0, 9.661581174895418e-11, 0
1227, 5.0, 41.0, 3.0000000000000004, 0, 8.756491502295013e-11, 0
1229, 9.0, 41.0, 3.0000000000000004, 0, 9.266257504361372e-10, 0
1230, 11.000000000000002, 41.0, 3.0000000000000004, 0, 8.031267002810766e-10, 0
1231, 13.0, 41.0, 3.0000000000000004, 0, 6.431959958946207e-10, 0
1232, 15.0, 41.0, 3.0000000000000004, 0, 1.296095859190895e-05, 0
1233, 17.000000000000004, 41.0, 3.0000000000000004, 0, 5.304593755166296e-05, 0
1234, 19.000000000000004, 41.0, 3.0000000000000004, 1, 7.951136461543239e-05, 0
1235, 21.000000000000004, 41.0, 3.0000000000000004, 1, 0.00012783954744404402, 0
1236, 23.0, 41.0, 3.0000000000000004, 1, 0.00016388161078752014, 0
1237, 25.000000000000004, 41.0, 3.0000000000000004, 1, 0.00020556437166541458, 0
1238, 26.999999999999996, 41.0, 3.0000000000000004, 1, 0.00023114192528585648, 0
1240, 31.000000000000004, 41.0, 3.0000000000000004, 0, 7.342747867357706e-10, 0
1241, 33.0, 41.0, 3.0000000000000004, 0, 8.633193390061597e-10, 0
1242, 35.00000000000001, 41.0, 3.0000000000000004, 0, 1.0173948870168128e-09, 0
1243, 1.0000000000000002, 43.00000000000001, 3.0000000000000004, 0, 1.029703444905896e-10, 0
1244, 3.0, 43.00000000000001, 3.0000000000000004, 0, 9.277566839953761e-11, 0
1245, 5.0, 43.00000000000001, 3.0000000000000004, 0, 8.873196157280178e-11, 0
1247, 9.0, 43.00000000000001, 3.0000000000000004, 0, 1.033199026098259e-09, 0
1248, 11.000000000000002, 43.00000000000001, 3.0000000000000004, 0, 9.290378175913019e-10, 0
1249, 13.0, 43.00000000000001, 3.0000000000000004, 0, 7.595565231035573e-10, 0
1250, 15.0, 43.00000000000001, 3.0000000000000004, 0, 6.834081341366035e-10, 0
1251, 17.000000000000004, 43.00000000000001, 3.0000000000000004, 0, 1.061186937618943e-05, 0
1252, 19.000000000000004, 43.00000000000001, 3.0000000000000004, 0, 6.709272177441004e-05, 0
1253, 21.000000000000004, 43.00000000000001, 3.0000000000000004, 1, 0.00013099000784649536, 0
1254, 23.0, 43.00000000000001, 3.0000000000000004, 1, 0.00018989446861872973, 0
1255, 25.000000000000004, 43.00000000000001, 3.0000000000000004, 1, 0.00022327526938836464, 0
1256, 26.999999999999996, 43.00000000000001, 3.0000000000000004, 1, 0.00023895344201599632, 0
1258, 31.000000000000004, 43.00000000000001, 3.0000000000000004, 0, 8.88005418133293e-10, 0
1259, 33.0, 43.00000000000001, 3.0000000000000004, 0, 1.0702525459567801e-09, 0
1260, 35.00000000000001, 43.00000000000001, 3.0000000000000004, 0, 1.239315566382499e-09, 0
1261, 1.0000000000000002, 45.00000000000001, 3.0000000000000004, 0, 9.628856678214329e-11, 0
1262, 3.0, 45.00000000000001, 3.0000000000000004, 0, 9.046763975359272e-11, 0
1263, 5.0, 45.00000000000001, 3.0000000000000004, 0, 9.172041399728722e-11, 0
1265, 9.0, 45.00000000000001, 3.0000000000000004, 0, 1.0810863736699425e-09, 0
1266, 11.000000000000002, 45.00000000000001, 3.0000000000000004, 0, 1.0079391142356628e-09, 0
1267, 13.0, 45.00000000000001, 3.0000000000000004, 0, 9.796928296724379e-10, 0
1268, 15.0, 45.00000000000001, 3.0000000000000004, 0, 1.060356757746194e-09, 0
1269, 17.000000000000004, 45.00000000000001, 3.0000000000000004, 0, 1.1385996766026523e-05, 0
1270, 19.000000000000004, 45.00000000000001, 3.0000000000000004, 0, 7.156558412067147e-05, 0
1271, 21.000000000000004, 45.00000000000001, 3.0000000000000004, 1, 0.00012886416393761773, 0
1272, 23.0, 45.00000000000001, 3.0000000000000004, 1, 0.00018604210974198693, 0
1273, 25.000000000000004, 45.00000000000001, 3.0000000000000004, 1, 0.00020979637138520318, 0
1274, 26.999999999999996, 45.00000000000001, 3.0000000000000004, 1, 0.00022132071139818746, 0
1276, 31.000000000000004, 45.00000000000001, 3.0000000000000004, 0, 2.915375833437864e-05, 0
1277, 33.0, 45.00000000000001, 3.0000000000000004, 0, 1.2586493748515383e-05, 0
1278, 35.00000000000001, 45.00000000000001, 3.0000000000000004, 0, 1.6735334391025134e-06, 0
1279, 1.0000000000000002, 47.0, 3.0000000000000004, 0, 8.644449284079047e-11, 0
1280, 3.0, 47.0, 3.0000000000000004, 0, 8.628681448627362e-11, 0
1281, 5.0, 47.0, 3.0000000000000004, 0, 9.261956498095974e-11, 0
1283, 9.0, 47.0, 3.0000000000000004, 0, 1.076959115558023e-09, 0
1284, 11.000000000000002, 47.0, 3.0000000000000004, 0, 1.0300566989241598e-09, 0
1285, 13.0, 47.0, 3.0000000000000004, 0, 1.1790038989239935e-09, 0
1286, 15.0, 47.0, 3.0000000000000004, 0, 4.676031450073887e-06, 0
1287, 17.000000000000004, 47.0, 3.0000000000000004, 0, 4.120593117466097e-05, 0
1288, 19.000000000000004, 47.0, 3.0000000000000004, 1, 8.253519492523758e-05, 0
1289, 21.000000000000004, 47.0, 3.0000000000000004, 1, 0.00013498220724949444, 0
1290, 23.0, 47.0, 3.0000000000000004, 1, 0.00015411514024470043, 0
1291, 25.000000000000004, 47.0, 3.0000000000000004, 1, 0.0001710044863077637, 0
1292, 26.999999999999996, 47.0, 3.0000000000000004, 1, 0.00018362850605706436, 0
1294, 31.000000000000004, 47.0, 3.0000000000000004, 1, 4.4642289015919755e-05, 0
1295, 33.0, 47.0, 3.0000000000000004, 1, 3.79355735519521e-05, 0
1296, 35.00000000000001, 47.0, 3.0000000000000004, 0, 1.1655623530507448e-05, 0
1297, 1.0000000000000002, 49.0, 3.0000000000000004, 0, 8.0980628063224e-11, 0
1298, 3.0, 49.0, 3.0000000000000004, 0, 8.468830996665264e-11, 0
1299, 5.0, 49.0, 3.0000000000000004, 0, 9.380782091035483e-11, 0
1301, 9.0, 49.0, 3.0000000000000004, 0, 1.0511504457521754e-09, 0
1302, 11.000000000000002, 49.0, 3.0000000000000004, 0, 1.073059848666036e-09, 0
1303, 13.0, 49.0, 3.0000000000000004, 0, 1.2973701521903425e-09, 0
1304, 15.0, 49.0, 3.0000000000000004, 0, 2.718577958084459e-05, 0
1305, 17.000000000000004, 49.0, 3.0000000000000004, 1, 8.33869424704428e-05, 0
1306, 19.000000000000004, 49.0, 3.0000000000000004, 1, 0.00011932712724224156, 0
1307, 21.000000000000004, 49.0, 3.0000000000000004, 1, 0.0001261869534758987, 0
1308, 23.0, 49.0, 3.0000000000000004, 1, 0.00012437682262582986, 0
1309, 25.000000000000004, 49.0, 3.0000000000000004, 1, 0.0001337394128582611, 0
1310, 26.999999999999996, 49.0, 3.0000000000000004, 1, 0.00014120277776715493, 0
1312, 31.000000000000004, 49.0, 3.0000000000000004, 1, 8.14939319749929e-05, 0
1313, 33.0, 49.0, 3.0000000000000004, 1, 5.057755617485202e-05, 0
1314, 35.00000000000001, 49.0, 3.0000000000000004, 0, 3.524674839964927e-05, 0
1315, 1.0000000000000002, 50.99999999999999, 3.0000000000000004, 0, 9.180276306939157e-11, 0
1316, 3.0, 50.99999999999999, 3.0000000000000004, 0, 9.121302828931821e-11, 0
1317, 5.0, 50.99999999999999, 3.0000000000000004, 0, 9.727579268103881e-11, 0
1319, 9.0, 50.99999999999999, 3.0000000000000004, 0, 1.1786371627701908e-09, 0
1320, 11.000000000000002, 50.99999999999999, 3.0000000000000004, 0, 1.3007792359128957e-09, 0
1321, 13.0, 50.99999999999999, 3.0000000000000004, 0, 1.4817035415005246e-05, 0
1322, 15.0, 50.99999999999999, 3.0000000000000004, 0, 7.797735283495222e-05, 0
1323, 17.000000000000004, 50.99999999999999, 3.0000000000000004, 1, 0.00010710616553893576, 0
1324, 19.000000000000004, 50.99999999999999, 3.0000000000000004, 1, 0.00013480013061969716, 0
1325, 21.000000000000004, 50.99999999999999, 3.0000000000000004, 1, 0.00011493814979377805, 0
1326, 23.0, 50.99999999999999, 3.0000000000000004, 1, 0.00011064169086346865, 0
1327, 25.000000000000004, 50.99999999999999, 3.0000000000000004, 1, 0.0001144360361303706, 0
1328, 26.999999999999996, 50.99999999999999, 3.0000000000000004, 1, 0.0001231399867286141, 0
1330, 31.000000000000004, 50.99999999999999, 3.0000000000000004, 1, 7.923556048419222e-05, 0
1331, 33.0, 50.99999999999999, 3.0000000000000004, 1, 6.620962438236598e-05, 0
1332, 35.00000000000001, 50.99999999999999, 3.0000000000000004, 1, 5.191214806362092e-05, 0
1333, 1.0000000000000002, 53.0, 3.0000000000000004, 0, 1.1918368269352564e-10, 0
1334, 3.0, 53.0, 3.0000000000000004, 0, 1.1018871151637848e-10, 0
1335, 5.0, 53.0, 3.0000000000000004, 0, 1.1064960636007388e-10, 0
1337, 9.0, 53.0, 3.0000000000000004, 0, 1.6022263870369766e-09, 0
1338, 11.000000000000002, 53.0, 3.0000000000000004, 0, 8.722543061470225e-06, 0
1339, 13.0, 53.0, 3.0000000000000004, 0, 5.5300529911393014e-05, 0
1340, 15.0, 53.0, 3.0000000000000004, 1, 9.697395092873881e-05, 0
1341, 17.000000000000004, 53.0, 3.0000000000000004, 1, 0.00014035185443064203, 0
1342, 19.000000000000004, 53.0, 3.0000000000000004, 1, 0.00012572333283686088, 0
1343, 21.000000000000004, 53.0, 3.0000000000000004, 1, 0.00010758259399174774, 0
1344, 23.0, 53.0, 3.0000000000000004, 1, 0.00010090484313356174, 0
1345, 25.000000000000004, 53.0, 3.0000000000000004, 1, 8.748517384176173e-05, 0
1346, 26.999999999999996, 53.0, 3.0000000000000004, 1, 7.649392317470372e-05, 0
1348, 31.000000000000004, 53.0, 3.0000000000000004, 1, 7.701031938227851e-05, 0
1349, 33.0, 53.0, 3.0000000000000004, 1, 7.88420535921206e-05, 0
1350, 35.00000000000001, 53.0, 3.0000000000000004, 1, 7.724448924161287e-05, 0
1351, 1.0000000000000002, 55.0, 3.0000000000000004, 0, 1.5358764408961912e-10, 0
1352, 3.0, 55.0, 3.0000000000000004, 0, 1.4008934903899933e-10, 0
1353, 5.0, 55.0, 3.0000000000000004, 0, 1.4466591126502438e-10, 0
1355, 9.0, 55.0, 3.0000000000000004, 0, 8.35889181897897e-06, 0
1356, 11.000000000000002, 55.0, 3.0000000000000004, 0, 3.889059981830602e-05, 0
1357, 13.0, 55.0, 3.0000000000000004, 1, 8.386572210237523e-05, 0
1358, 15.0, 55.0, 3.0000000000000004, 1, 0.00012431075126622705, 0
1359, 17.000000000000004, 55.0, 3.0000000000000004, 1, 0.0001246059794472971, 0
1360, 19.000000000000004, 55.0, 3.0000000000000004, 1, 0.00010608562149722688, 0
1361, 21.000000000000004, 55.0, 3.0000000000000004, 1, 0.00010188466374779847, 0
1362, 23.0, 55.0, 3.0000000000000004, 1, 8.02146050693761e-05, 0
1363, 25.000000000000004, 55.0, 3.0000000000000004, 0, 6.777104014535964e-05, 0
1364, 26.999999999999996, 55.0, 3.0000000000000004, 0, 4.538903588513928e-05, 0
1366, 31.000000000000004, 55.0, 3.0000000000000004, 0, 5.494465455365182e-05, 0
1367, 33.0, 55.0, 3.0000000000000004, 1, 7.180606175619072e-05, 0
1368, 35.00000000000001, 55.0, 3.0000000000000004, 1, 9.491901429360362e-05, 0
1369, 1.0000000000000002, 56.99999999999999, 3.0000000000000004, 0, 1.8684086822112697e-10, 0
1370, 3.0, 56.99999999999999, 3.0000000000000004, 0, 1.910929760659873e-10, 0
1371, 5.0, 56.99999999999999, 3.0000000000000004, 0, 2.1357178978106952e-10, 0
1373, 9.0, 56.99999999999999, 3.0000000000000004, 0, 5.1956838196689684e-05, 0
1374, 11.000000000000002, 56.99999999999999, 3.0000000000000004, 0, 7.1405654153614e-05, 0
1375, 13.0, 56.99999999999999, 3.0000000000000004, 1, 0.00010185243823795901, 0
1376, 15.0, 56.99999999999999, 3.0000000000000004, 1, 0.00011863436519111517, 0
1377, 17.000000000000004, 56.99999999999999, 3.0000000000000004, 1, 0.00010785082520328822, 0
1378, 19.000000000000004, 56.99999999999999, 3.0000000000000004, 1, 0.00010032170767757612, 0
1379, 21.000000000000004, 56.99999999999999, 3.0000000000000004, 1, 0.00010100779337970716, 0
1380, 23.0, 56.99999999999999, 3.0000000000000004, 1, 9.752909161021934e-05, 0
1381, 25.000000000000004, 56.99999999999999, 3.0000000000000004, 0, 7.782435325902345e-05, 0
1382, 26.999999999999996, 56.99999999999999, 3.0000000000000004, 0, 6.789041720228292e-05, 0
1384, 31.000000000000004, 56.99999999999999, 3.0000000000000004, 0, 2.731224484615412e-05, 0
1385, 33.0, 56.99999999999999, 3.0000000000000004, 0, 6.029031457783578e-05, 0
1386, 35.00000000000001, 56.99999999999999, 3.0000000000000004, 1, 9.070402792291194e-05, 0
1387, 1.0000000000000002, 59.0, 3.0000000000000004, 0, 2.2486093492556914e-10, 0
1388, 3.0, 59.0, 3.0000000000000004, 0, 2.5610542309164733e-10, 0
1389, 5.0, 59.0, 3.0000000000000004, 0, 3.106415944100697e-10, 0
1391, 9.0, 59.0, 3.0000000000000004, 0, 7.786944829460521e-05, 0
1392, 11.000000000000002, 59.0, 3.0000000000000004, 1, 9.366352553343074e-05, 0
1393, 13.0, 59.0, 3.0000000000000004, 1, 0.00010993024116844657, 0
1394, 15.0, 59.0, 3.0000000000000004, 1, 0.00011016321883899804, 0
1395, 17.000000000000004, 59.0, 3.0000000000000004, 1, 0.00010541267137857178, 0
1396, 19.000000000000004, 59.0, 3.0000000000000004, 1, 0.0001066409118639453, 0
1397, 21.000000000000004, 59.0, 3.0000000000000004, 1, 0.00011376235936398552, 0
1398, 23.0, 59.0, 3.0000000000000004, 1, 0.0001264047507642576, 0
1399, 25.000000000000004, 59.0, 3.0000000000000004, 1, 0.00013389374882319367, 0
1400, 26.999999999999996, 59.0, 3.0000000000000004, 1, 0.00013888972392046562, 0
1402, 31.000000000000004, 59.0, 3.0000000000000004, 0, 1.190941820629255e-09, 0
1403, 33.0, 59.0, 3.0000000000000004, 0, 4.368420348276728e-05, 0
1404, 35.00000000000001, 59.0, 3.0000000000000004, 1, 8.953562249341063e-05, 0
1405, 1.0000000000000002, 61.0, 3.0000000000000004, 0, 2.8615547756957255e-10, 0
1406, 3.0, 61.0, 3.0000000000000004, 0, 3.341121190237628e-10, 0
1407, 5.0, 61.0, 3.0000000000000004, 0, 4.206281358957397e-10, 0
1409, 9.0, 61.0, 3.0000000000000004, 1, 9.25500871759877e-05, 0
1410, 11.000000000000002, 61.0, 3.0000000000000004, 1, 9.890930017398327e-05, 0
1411, 13.0, 61.0, 3.0000000000000004, 1, 0.00010491342680902062, 0
1412, 15.0, 61.0, 3.0000000000000004, 1, 0.00011126012432823013, 0
1413, 17.000000000000004, 61.0, 3.0000000000000004, 1, 0.00011707414273513415, 0
1414, 19.000000000000004, 61.0, 3.0000000000000004, 1, 0.00012545652472609523, 0
1415, 21.000000000000004, 61.0, 3.0000000000000004, 1, 0.00014012010924361188, 0
1416, 23.0, 61.0, 3.0000000000000004, 1, 0.0001642061199153575, 0
1417, 25.000000000000004, 61.0, 3.0000000000000004, 1, 0.0002006474418329786, 0
1418, 26.999999999999996, 61.0, 3.0000000000000004, 1, 0.00022167697468995318, 0
1420, 31.000000000000004, 61.0, 3.0000000000000004, 0, 5.522348910392914e-05, 0
1421, 33.0, 61.0, 3.0000000000000004, 0, 6.091114771299784e-05, 0
1422, 35.00000000000001, 61.0, 3.0000000000000004, 1, 8.028557138081864e-05, 0
1423, 1.0000000000000002, 62.99999999999999, 3.0000000000000004, 0, 3.8183683405436677e-10, 0
1424, 3.0, 62.99999999999999, 3.0000000000000004, 0, 4.366636421083655e-10, 0
1425, 5.0, 62.99999999999999, 3.0000000000000004, 0, 5.311987953473271e-10, 0
1427, 9.0, 62.99999999999999, 3.0000000000000004, 1, 8.607755871806996e-05, 0
1428, 11.000000000000002, 62.99999999999999, 3.0000000000000004, 1, 9.368322722396273e-05, 0
1429, 13.0, 62.99999999999999, 3.0000000000000004, 1, 0.00011053991835588908, 0
1430, 15.0, 62.99999999999999, 3.0000000000000004, 1, 0.00012474793097825318, 0
1431, 17.000000000000004, 62.99999999999999, 3.0000000000000004, 1, 0.00013699451752698235, 0
1432, 19.000000000000004, 62.99999999999999, 3.0000000000000004, 1, 0.00015044631976396448, 0
1433, 21.000000000000004, 62.99999999999999, 3.0000000000000004, 1, 0.00016899447775327894, 0
1434, 23.0, 62.99999999999999, 3.0000000000000004, 1, 0.00019576980034630482, 0
1435, 25.000000000000004, 62.99999999999999, 3.0000000000000004, 1, 0.00023893461872234457, 0
1436, 26.999999999999996, 62.99999999999999, 3.0000000000000004, 1, 0.000266737681152292, 0
1438, 31.000000000000004, 62.99999999999999, 3.0000000000000004, 1, 8.313496787767257e-05, 0
1439, 33.0, 62.99999999999999, 3.0000000000000004, 1, 8.997837589056536e-05, 0
1440, 35.00000000000001, 62.99999999999999, 3.0000000000000004, 1, 8.884560484800696e-05, 0
1441, 1.0000000000000002, 65.0, 3.0000000000000004, 0, 5.090390499076595e-10, 0
1442, 3.0, 65.0, 3.0000000000000004, 0, 5.920398416675956e-10, 0
1443, 5.0, 65.0, 3.0000000000000004, 0, 6.650851243596445e-10, 0
1445, 9.0, 65.0, 3.0000000000000004, 1, 9.433424500340439e-05, 0
1446, 11.000000000000002, 65.0, 3.0000000000000004, 1, 0.00010514458092408382, 0
1447, 13.0, 65.0, 3.0000000000000004, 1, 0.0001248526531012918, 0
1448, 15.0, 65.0, 3.0000000000000004, 1, 0.00014201629433029147, 0
1449, 17.000000000000004, 65.0, 3.0000000000000004, 1, 0.00015876360302665416, 0
1450, 19.000000000000004, 65.0, 3.0000000000000004, 1, 0.00017591094972251443, 0
1451, 21.000000000000004, 65.0, 3.0000000000000004, 1, 0.00019756654320370664, 0
1452, 23.0, 65.0, 3.0000000000000004, 1, 0.0002282493985537203, 0
1453, 25.000000000000004, 65.0, 3.0000000000000004, 1, 0.0002767304235038391, 0
1454, 26.999999999999996, 65.0, 3.0000000000000004, 1, 0.0003086503145317517, 0
1456, 31.000000000000004, 65.0, 3.0000000000000004, 1, 0.00013233940501582533, 0
1457, 33.0, 65.0, 3.0000000000000004, 1, 0.00010680341518426982, 0
1458, 35.00000000000001, 65.0, 3.0000000000000004, 1, 9.508665792511215e-05, 0
1459, 1.0000000000000002, 67.00000000000001, 3.0000000000000004, 0, 6.587925009416955e-10, 0
1460, 3.0, 67.00000000000001, 3.0000000000000004, 0, 7.541075825549985e-10, 0
1461, 5.0, 67.00000000000001, 3.0000000000000004, 0, 8.405094956739147e-10, 0
1463, 9.0, 67.00000000000001, 3.0000000000000004, 1, 0.00013331004562285059, 0
1464, 11.000000000000002, 67.00000000000001, 3.0000000000000004, 1, 0.00013690231099267868, 0
1465, 13.0, 67.00000000000001, 3.0000000000000004, 1, 0.00015101326347554555, 0
1466, 15.0, 67.00000000000001, 3.0000000000000004, 1, 0.00016651757929217242, 0
1467, 17.000000000000004, 67.00000000000001, 3.0000000000000004, 1, 0.0001843018560191739, 0
1468, 19.000000000000004, 67.00000000000001, 3.0000000000000004, 1, 0.0002033892076767982, 0
1469, 21.000000000000004, 67.00000000000001, 3.0000000000000004, 1, 0.00022707782192019302, 0
1470, 23.0, 67.00000000000001, 3.0000000000000004, 1, 0.00025941652236941796, 0
1471, 25.000000000000004, 67.00000000000001, 3.0000000000000004, 1, 0.0003081940624835283, 0
1472, 26.999999999999996, 67.00000000000001, 3.0000000000000004, 1, 0.0003404362605162104, 0
1474, 31.000000000000004, 67.00000000000001, 3.0000000000000004, 1, 0.00011394722284145404, 0
1475, 33.0, 67.00000000000001, 3.0000000000000004, 1, 0.00010537365713175023, 0
1476, 35.00000000000001, 67.00000000000001, 3.0000000000000004, 1, 0.00010096321441673724, 0
1477, 1.0000000000000002, 69.0, 3.0000000000000004, 0, 8.532710540518684e-10, 0
1478, 3.0, 69.0, 3.0000000000000004, 0, 9.07359663489424e-10, 0
1479, 5.0, 69.0, 3.0000000000000004, 0, 9.989027475848381e-10, 0
1481, 9.0, 69.0, 3.0000000000000004, 1, 0.00019491219538947198, 0
1482, 11.000000000000002, 69.0, 3.0000000000000004, 1, 0.00019071121845783395, 0
1483, 13.0, 69.0, 3.0000000000000004, 1, 0.0001898634369776585, 0
1484, 15.0, 69.0, 3.0000000000000004, 1, 0.00019957638957025906, 0
1485, 17.000000000000004, 69.0, 3.0000000000000004, 1, 0.00021491280087231616, 0
1486, 19.000000000000004, 69.0, 3.0000000000000004, 1, 0.00023390633493468332, 0
1487, 21.000000000000004, 69.0, 3.0000000000000004, 1, 0.0002582632057194658, 0
1488, 23.0, 69.0, 3.0000000000000004, 1, 0.0002909028323461172, 0
1489, 25.000000000000004, 69.0, 3.0000000000000004, 1, 0.0003389024787042948, 0
1490, 26.999999999999996, 69.0, 3.0000000000000004, 1, 0.0003703103227535376, 0
1492, 31.000000000000004, 69.0, 3.0000000000000004, 1, 0.00011260022006268476, 0
1493, 33.0, 69.0, 3.0000000000000004, 1, 0.00010733885860418082, 0
1494, 35.00000000000001, 69.0, 3.0000000000000004, 1, 0.00010686641759169427, 0
1495, 1.0000000000000002, 71.0, 3.0000000000000004, 0, 9.3734906680131e-10, 0
1496, 3.0, 71.0, 3.0000000000000004, 0, 1.0163158646744926e-09, 0
1497, 5.0, 71.0, 3.0000000000000004, 0, 1.051724333316904e-09, 0
1499, 9.0, 71.0, 3.0000000000000004, 1, 0.00024197182779735324, 0
1500, 11.000000000000002, 71.0, 3.0000000000000004, 1, 0.0002466455816976357, 0
1501, 13.0, 71.0, 3.0000000000000004, 1, 0.00023851442236566523, 0
1502, 15.0, 71.0, 3.0000000000000004, 1, 0.00023953903893370038, 0
1503, 17.000000000000004, 71.0, 3.0000000000000004, 1, 0.00025020392460726483, 0
1504, 19.000000000000004, 71.0, 3.0000000000000004, 1, 0.0002675515563895017, 0
1505, 21.000000000000004, 71.0, 3.0000000000000004, 1, 0.0002915896187318336, 0
1506, 23.0, 71.0, 3.0000000000000004, 1, 0.0003242146062602357, 0
1507, 25.000000000000004, 71.0, 3.0000000000000004, 1, 0.00037216074633872245, 0
1508, 26.999999999999996, 71.0, 3.0000000000000004, 1, 0.00040354143510797465, 0
1510, 31.000000000000004, 71.0, 3.0000000000000004, 1, 0.00011336413562278242, 0
1511, 33.0, 71.0, 3.0000000000000004, 1, 0.000110005920451625, 0
1512, 35.00000000000001, 71.0, 3.0000000000000004, 1, 0.00011157226285211371, 0
1518, 11.000000000000002, 73.00000000000001, 3.0000000000000004, 1, 0.0002734961074502111, 0
1519, 13.0, 73.00000000000001, 3.0000000000000004, 1, 0.00026883628896424516, 0
1520, 15.0, 73.00000000000001, 3.0000000000000004, 1, 0.0002637657996239594, 0
1521, 17.000000000000004, 73.00000000000001, 3.0000000000000004, 1, 0.0002712971407149435, 0
1522, 19.000000000000004, 73.00000000000001, 3.0000000000000004, 1, 0.0002873496323645839, 0
1523, 21.000000000000004, 73.00000000000001, 3.0000000000000004, 1, 0.0003109710144840846, 0
1524, 23.0, 73.00000000000001, 3.0000000000000004, 1, 0.000343699222926148, 0
1525, 25.000000000000004, 73.00000000000001, 3.0000000000000004, 1, 0.0004051290688000516, 0
1526, 26.999999999999996, 73.00000000000001, 3.0000000000000004, 1, 0.0004420249985091343, 0
1528, 31.000000000000004, 73.00000000000001, 3.0000000000000004, 1, 0.00011319037099321326, 0
1529, 33.0, 73.00000000000001, 3.0000000000000004, 1, 0.00011114202916177941, 0
1530, 35.00000000000001, 73.00000000000001, 3.0000000000000004, 1, 0.0001151597195730213, 0
1544, 26.999999999999996, 75.0, 3.0000000000000004, 1, 0.0005022772641125494, 0
1546, 31.000000000000004, 75.0, 3.0000000000000004, 1, 0.00011196442422933597, 0
1547, 33.0, 75.0, 3.0000000000000004, 1, 0.00011082472908114536, 0
1548, 35.00000000000001, 75.0, 3.0000000000000004, 1, 0.0001179295161756581, 0
1562, 26.999999999999996, 77.00000000000001, 3.0000000000000004, 1, 0.0005770723127772381, 0
1564, 31.000000000000004, 77.00000000000001, 3.0000000000000004, 1, 0.00011014113596049601, 0
1565, 33.0, 77.00000000000001, 3.0000000000000004, 1, 0.00010882219471587088, 0
1566, 35.00000000000001, 77.00000000000001, 3.0000000000000004, 1, 0.00011824364785403065, 0
1580, 26.999999999999996, 79.00000000000001, 3.0000000000000004, 1, 0.000636264475878465, 0
1582, 31.000000000000004, 79.00000000000001, 3.0000000000000004, 1, 0.00010806081130368314, 0
1583, 33.0, 79.00000000000001, 3.0000000000000004, 1, 0.0001086408691806083, 0
1584, 35.00000000000001, 79.00000000000001, 3.0000000000000004, 1, 0.00011411041481570615, 0
1598, 26.999999999999996, 81.0, 3.0000000000000004, 1, 0.0006923265148933195, 0
1600, 31.000000000000004, 81.0, 3.0000000000000004, 1, 0.00011325499248659044, 0
1601, 33.0, 81.0, 3.0000000000000004, 1, 0.0001114163052345118, 0
1602, 35.00000000000001, 81.0, 3.0000000000000004, 1, 0.00010841018356358702, 0
1616, 26.999999999999996, 83.00000000000001, 3.0000000000000004, 1, 0.0007387635590912595, 0
1618, 31.000000000000004, 83.00000000000001, 3.0000000000000004, 1, 0.0001312208146919443, 0
1619, 33.0, 83.00000000000001, 3.0000000000000004, 1, 0.00011615497191676022, 0
1620, 35.00000000000001, 83.00000000000001, 3.0000000000000004, 1, 9.305207868284525e-05, 0
1634, 26.999999999999996, 85.00000000000001, 3.0000000000000004, 1, 0.0007410559023777922, 0
1636, 31.000000000000004, 85.00000000000001, 3.0000000000000004, 1, 0.0001494609072933176, 0
1637, 33.0, 85.00000000000001, 3.0000000000000004, 1, 0.00010986204434589578, 0
1638, 35.00000000000001, 85.00000000000001, 3.0000000000000004, 0, 7.92809772071205e-05, 0
1644, 11.000000000000002, 87.0, 3.0000000000000004, 1, 0.0005844628063627731, 0
1645, 13.0, 87.0, 3.0000000000000004, 1, 0.000553487430857187, 0
1646, 15.0, 87.0, 3.0000000000000004, 1, 0.0005014492780715816, 0
1647, 17.000000000000004, 87.0, 3.0000000000000004, 1, 0.0004956394207343943, 0
1648, 19.000000000000004, 87.0, 3.0000000000000004, 1, 0.0005032633914326802, 0
1649, 21.000000000000004, 87.0, 3.0000000000000004, 1, 0.0005213890021515856, 0
1650, 23.0, 87.0, 3.0000000000000004, 1, 0.0005583440974229108, 0
1651, 25.000000000000004, 87.0, 3.0000000000000004, 1, 0.0006493150415306082, 0
1652, 26.999999999999996, 87.0, 3.0000000000000004, 1, 0.0007011131017706226, 0
1654, 31.000000000000004, 87.0, 3.0000000000000004, 1, 0.00015904171674382758, 0
1655, 33.0, 87.0, 3.0000000000000004, 1, 0.00011398212190450738, 0
1656, 35.00000000000001, 87.0, 3.0000000000000004, 0, 6.207615733869498e-05, 0
1662, 11.000000000000002, 89.00000000000001, 3.0000000000000004, 1, 0.0005881883435480645, 0
1663, 13.0, 89.00000000000001, 3.0000000000000004, 1, 0.0005514668503320059, 0
1664, 15.0, 89.00000000000001, 3.0000000000000004, 1, 0.0005057675601072583, 0
1665, 17.000000000000004, 89.00000000000001, 3.0000000000000004, 1, 0.0005003470278936123, 0
1666, 19.000000000000004, 89.00000000000001, 3.0000000000000004, 1, 0.0005052556213014055, 0
1667, 21.000000000000004, 89.00000000000001, 3.0000000000000004, 1, 0.0005174719646244565, 0
1668, 23.0, 89.00000000000001, 3.0000000000000004, 1, 0.0005433335503673667, 0
1669, 25.000000000000004, 89.00000000000001, 3.0000000000000004, 1, 0.0006012634206681473, 0
1670, 26.999999999999996, 89.00000000000001, 3.0000000000000004, 1, 0.0006405708227970488, 0
1672, 31.000000000000004, 89.00000000000001, 3.0000000000000004, 1, 0.00017201081647020828, 0
1673, 33.0, 89.00000000000001, 3.0000000000000004, 1, 9.952182511917742e-05, 0
1674, 35.00000000000001, 89.00000000000001, 3.0000000000000004, 0, 4.5754033844188475e-05, 0
1680, 11.000000000000002, 91.00000000000001, 3.0000000000000004, 1, 0.0005817594953757604, 0
1681, 13.0, 91.00000000000001, 3.0000000000000004, 1, 0.0005516357694405612, 0
1682, 15.0, 91.00000000000001, 3.0000000000000004, 1, 0.0005142180173150793, 0
1683, 17.000000000000004, 91.00000000000001, 3.0000000000000004, 1, 0.0005089641361603176, 0
1684, 19.000000000000004, 91.00000000000001, 3.0000000000000004, 1, 0.0005083806922165709, 0
1685, 21.000000000000004, 91.00000000000001, 3.0000000000000004, 1, 0.0005086542138372088, 0
1686, 23.0, 91.00000000000001, 3.0000000000000004, 1, 0.0005120739848537815, 0
1687, 25.000000000000004, 91.00000000000001, 3.0000000000000004, 1, 0.0005300844557925585, 0
1688, 26.999999999999996, 91.00000000000001, 3.0000000000000004, 1, 0.000542407026146138, 0
1690, 31.000000000000004, 91.00000000000001, 3.0000000000000004, 1, 0.00010455178464957289, 0
1691, 33.0, 91.00000000000001, 3.0000000000000004, 0, 7.928662576954856e-05, 0
1692, 35.00000000000001, 91.00000000000001, 3.0000000000000004, 0, 1.6946439406739598e-05, 0
1698, 11.000000000000002, 93.0, 3.0000000000000004, 1, 0.0005666592408161736, 0
1699, 13.0, 93.0, 3.0000000000000004, 1, 0.000545645395721392, 0
1700, 15.0, 93.0, 3.0000000000000004, 1, 0.0005179950118590702, 0
1701, 17.000000000000004, 93.0, 3.0000000000000004, 1, 0.0005133037033143051, 0
1702, 19.000000000000004, 93.0, 3.0000000000000004, 1, 0.0005070887851579509, 0
1703, 21.000000000000004, 93.0, 3.0000000000000004, 1, 0.000494768555065493, 0
1704, 23.0, 93.0, 3.0000000000000004, 1, 0.00047386510138958864, 0
1705, 25.000000000000004, 93.0, 3.0000000000000004, 1, 0.00044732962906163004, 0
1706, 26.999999999999996, 93.0, 3.0000000000000004, 1, 0.00043543152688630435, 0
1708, 31.000000000000004, 93.0, 3.0000000000000004, 0, 6.0759901175793553e-05, 0
1709, 33.0, 93.0, 3.0000000000000004, 0, 2.240246639066216e-05, 0
1710, 35.00000000000001, 93.0, 3.0000000000000004, 0, 3.942565929861079e-10, 0
1716, 11.000000000000002, 95.00000000000001, 3.0000000000000004, 1, 0.0005577959895929798, 0
1717, 13.0, 95.00000000000001, 3.0000000000000004, 1, 0.0005410762367652462, 0
1718, 15.0, 95.00000000000001, 3.0000000000000004, 1, 0.000518809845129807, 0
1719, 17.000000000000004, 95.00000000000001, 3.0000000000000004, 1, 0.0005144262613812052, 0
1720, 19.000000000000004, 95.00000000000001, 3.0000000000000004, 1, 0.0005050487777254351, 0
1721, 21.000000000000004, 95.00000000000001, 3.0000000000000004, 1, 0.00048552503686654584, 0
1722, 23.0, 95.00000000000001, 3.0000000000000004, 1, 0.0004509044696050816, 0
1723, 25.000000000000004, 95.00000000000001, 3.0000000000000004, 1, 0.0004004874444837285, 0
1724, 26.999999999999996, 95.00000000000001, 3.0000000000000004, 1, 0.00037702716862395973, 0
1726, 31.000000000000004, 95.00000000000001, 3.0000000000000004, 0, 9.490516064552834e-10, 0
1727, 33.0, 95.00000000000001, 3.0000000000000004, 0, 7.496475873822742e-10, 0
1728, 35.00000000000001, 95.00000000000001, 3.0000000000000004, 0, 3.850652079311581e-10, 0
1729, 1.0000000000000002, 1.0000000000000002, 5.000000000000001, 0, 9.500679251780564e-10, 0
1730, 3.0, 1.0000000000000002, 5.000000000000001, 0, 9.869513276245971e-10, 0
1747, 1.0000000000000002, 3.0000000000000004, 5.000000000000001, 0, 1.364892538062753e-09, 0
1748, 3.0, 3.0000000000000004, 5.000000000000001, 0, 1.4273473013498791e-09, 0
1765, 1.0000000000000002, 5.000000000000001, 5.000000000000001, 0, 1.7882420540848336e-09, 0
1766, 3.0, 5.000000000000001, 5.000000000000001, 0, 1.8601408071643401e-09, 0
1798, 31.000000000000004, 7.000000000000001, 5.000000000000001, 1, 7.354018119128054e-05, 0
1799, 33.0, 7.000000000000001, 5.000000000000001, 0, 4.517123342719984e-05, 0
1800, 35.00000000000001, 7.000000000000001, 5.000000000000001, 0, 7.684390555914117e-10, 0
1816, 31.000000000000004, 9.000000000000002, 5.000000000000001, 1, 7.575803353774826e-05, 0
1817, 33.0, 9.000000000000002, 5.000000000000001, 0, 3.9323499850617375e-05, 0
1818, 35.00000000000001, 9.000000000000002, 5.000000000000001, 0, 6.344970540704463e-10, 0
1834, 31.000000000000004, 11.0, 5.000000000000001, 1, 6.789973232256772e-05, 0
1835, 33.0, 11.0, 5.000000000000001, 0, 3.697306560111971e-05, 0
1836, 35.00000000000001, 11.0, 5.000000000000001, 0, 1.3879851532108804e-06, 0
1852, 31.000000000000004, 13.0, 5.000000000000001, 1, 6.761381524087725e-05, 0
1853, 33.0, 13.0, 5.000000000000001, 1, 3.604239301888384e-05, 0
1854, 35.00000000000001, 13.0, 5.000000000000001, 0, 4.451120457992201e-06, 0
1870, 31.000000000000004, 14.999999999999998, 5.000000000000001, 1, 7.627436757662077e-05, 0
1871, 33.0, 14.999999999999998, 5.000000000000001, 1, 3.9634446756242495e-05, 0
1872, 35.00000000000001, 14.999999999999998, 5.000000000000001, 0, 5.119976476602853e-06, 0
1888, 31.000000000000004, 17.0, 5.000000000000001, 1, 5.097615949965604e-05, 0
1889, 33.0, 17.0, 5.000000000000001, 0, 3.3755603280095575e-05, 0
1890, 35.00000000000001, 17.0, 5.000000000000001, 0, 2.446657357584791e-06, 0
1906, 31.000000000000004, 19.000000000000004, 5.000000000000001, 0, 3.3059796563519447e-05, 0
1907, 33.0, 19.000000000000004, 5.000000000000001, 0, 1.254203254134033e-05, 0
1908, 35.00000000000001, 19.000000000000004, 5.000000000000001, 0, 3.513833079334971e-07, 0
1924, 31.000000000000004, 21.0, 5.000000000000001, 0, 2.670009903711426e-09, 0
1925, 33.0, 21.0, 5.000000000000001, 0, 2.6734441138120446e-09, 0
1926, 35.00000000000001, 21.0, 5.000000000000001, 0, 2.677803517396818e-09, 0
1942, 31.000000000000004, 23.000000000000004, 5.000000000000001, 0, 2.067266606044153e-09, 0
1943, 33.0, 23.000000000000004, 5.000000000000001, 0, 2.226193140135109e-09, 0
1944, 35.00000000000001, 23.000000000000004, 5.000000000000001, 0, 2.36990698665669e-09, 0
1945, 1.0000000000000002, 25.000000000000004, 5.000000000000001, 0, 1.251793781125819e-09, 0
1946, 3.0, 25.000000000000004, 5.000000000000001, 0, 1.2300415228141493e-09, 0
1947, 5.0, 25.000000000000004, 5.000000000000001, 0, 1.0157076963160673e-09, 0
1960, 31.000000000000004, 25.000000000000004, 5.000000000000001, 0, 1.7066024505809466e-09, 0
1961, 33.0, 25.000000000000004, 5.000000000000001, 0, 1.8784920094133104e-09, 0
1962, 35.00000000000001, 25.000000000000004, 5.000000000000001, 0, 2.041220034388929e-09, 0
1963, 1.0000000000000002, 27.0, 5.000000000000001, 0, 1.0645113649772636e-09, 0
1964, 3.0, 27.0, 5.000000000000001, 0, 9.488436441729679e-10, 0
1965, 5.0, 27.0, 5.000000000000001, 0, 8.805347030422663e-10, 0
1978, 31.000000000000004, 27.0, 5.000000000000001, 0, 1.436304064134903e-09, 0
1979, 33.0, 27.0, 5.000000000000001, 0, 1.5612482706568287e-09, 0
1980, 35.00000000000001, 27.0, 5.000000000000001, 0, 1.6826296329935334e-09, 0
1981, 1.0000000000000002, 28.999999999999996, 5.000000000000001, 0, 6.322329472845132e-10, 0
1982, 3.0, 28.999999999999996, 5.000000000000001, 0, 6.133583499593863e-10, 0
1983, 5.0, 28.999999999999996, 5.000000000000001, 0, 6.120814934463298e-10, 0
1996, 31.000000000000004, 28.999999999999996, 5.000000000000001, 0, 1.2076317097478148e-09, 0
1997, 33.0, 28.999999999999996, 5.000000000000001, 0, 1.2847336586374447e-09, 0
1998, 35.00000000000001, 28.999999999999996, 5.000000000000001, 0, 1.3611441672504532e-09, 0
1999, 1.0000000000000002, 31.000000000000004, 5.000000000000001, 0, 4.0258444285150343e-10, 0
2000, 3.0, 31.000000000000004, 5.000000000000001, 0, 3.9763259880564084e-10, 0
2001, 5.0, 31.000000000000004, 5.000000000000001, 0, 3.9088546925334145e-10, 0
2014, 31.000000000000004, 31.000000000000004, 5.000000000000001, 0, 1.002980119127639e-09, 0
2015, 33.0, 31.000000000000004, 5.000000000000001, 0, 1.0643720498551701e-09, 0
2016, 35.00000000000001, 31.000000000000004, 5.000000000000001, 0, 1.1224744541405195e-09, 0
2017, 1.0000000000000002, 33.00000000000001, 5.000000000000001, 0, 2.6816043549027285e-10, 0
2018, 3.0, 33.00000000000001, 5.000000000000001, 0, 2.558376276516218e-10, 0
2019, 5.0, 33.00000000000001, 5.000000000000001, 0, 2.4128508748551885e-10, 0
2032, 31.000000000000004, 33.00000000000001, 5.000000000000001, 0, 8.635138189879901e-10, 0
2033, 33.0, 33.00000000000001, 5.000000000000001, 0, 9.170512496572915e-10, 0
2034, 35.00000000000001, 33.00000000000001, 5.000000000000001, 0, 9.791413834501893e-10, 0
2035, 1.0000000000000002, 35.0, 5.000000000000001, 0, 1.896966240681511e-10, 0
2036, 3.0, 35.0, 5.000000000000001, 0, 1.717044673379879e-10, 0
2037, 5.0, 35.0, 5.000000000000001, 0, 1.5303670911357875e-10, 0
2050, 31.000000000000004, 35.0, 5.000000000000001, 0, 7.737234468216652e-10, 0
2051, 33.0, 35.0, 5.000000000000001, 0, 8.415147639854743e-10, 0
2052, 35.00000000000001, 35.0, 5.000000000000001, 0, 9.086328604145382e-10, 0
2053, 1.0000000000000002, 37.00000000000001, 5.000000000000001, 0, 1.4429399812624975e-10, 0
2054, 3.0, 37.00000000000001, 5.000000000000001, 0, 1.2699963276681615e-10, 0
2055, 5.0, 37.00000000000001, 5.000000000000001, 0, 1.1033686237923673e-10, 0
2068, 31.000000000000004, 37.00000000000001, 5.000000000000001, 0, 7.357080245571566e-10, 0
2069, 33.0, 37.00000000000001, 5.000000000000001, 0, 8.093749181910144e-10, 0
2070, 35.00000000000001, 37.00000000000001, 5.000000000000001, 0, 8.880512992039731e-10, 0
2071, 1.0000000000000002, 39.00000000000001, 5.000000000000001, 0, 1.1879420426358744e-10, 0
2072, 3.0, 39.00000000000001, 5.000000000000001, 0, 1.0582631006696985e-10, 0
2073, 5.0, 39.00000000000001, 5.000000000000001, 0, 9.24327225695018e-11, 0
2086, 31.000000000000004, 39.00000000000001, 5.000000000000001, 0, 7.083818886729247e-10, 0
2087, 33.0, 39.00000000000001, 5.000000000000001, 0, 8.100242311004076e-10, 0
2088, 35.00000000000001, 39.00000000000001, 5.000000000000001, 0, 9.187087364802724e-10, 0
2089, 1.0000000000000002, 41.0, 5.000000000000001, 0, 1.0774030381022701e-10, 0
2090, 3.0, 41.0, 5.000000000000001, 0, 9.661581174807523e-11, 0
2091, 5.0, 41.0, 5.000000000000001, 0, 8.756491502003471e-11, 0
2104, 31.000000000000004, 41.0, 5.000000000000001, 0, 7.342561656261475e-10, 0
2105, 33.0, 41.0, 5.000000000000001, 0, 8.633066343433937e-10, 0
2106, 35.00000000000001, 41.0, 5.000000000000001, 0, 1.0173931563828363e-09, 0
2107, 1.0000000000000002, 43.00000000000001, 5.000000000000001, 0, 1.029703444900357e-10, 0
2108, 3.0, 43.00000000000001, 5.000000000000001, 0, 9.277566839806247e-11, 0
2109, 5.0, 43.00000000000001, 5.000000000000001, 0, 8.587188726808917e-11, 0
2122, 31.000000000000004, 43.00000000000001, 5.000000000000001, 0, 8.77346419594913e-10, 0
2123, 33.0, 43.00000000000001, 5.000000000000001, 0, 1.0600168295734105e-09, 0
2124, 35.00000000000001, 43.00000000000001, 5.000000000000001, 0, 1.2312783422536316e-09, 0
2125, 1.0000000000000002, 45.00000000000001, 5.000000000000001, 0, 9.628856678184102e-11, 0
2126, 3.0, 45.00000000000001, 5.000000000000001, 0, 9.046763975277861e-11, 0
2127, 5.0, 45.00000000000001, 5.000000000000001, 0, 8.757109839275493e-11, 0
2140, 31.000000000000004, 45.00000000000001, 5.000000000000001, 0, 2.1469236269159216e-05, 0
2141, 33.0, 45.00000000000001, 5.000000000000001, 0, 9.233954178505012e-06, 0
2142, 35.00000000000001, 45.00000000000001, 5.000000000000001, 0, 1.2656390658901287e-06, 0
2143, 1.0000000000000002, 47.0, 5.000000000000001, 0, 8.64444928406003e-11, 0
2144, 3.0, 47.0, 5.000000000000001, 0, 8.62868144856205e-11, 0
2145, 5.0, 47.0, 5.000000000000001, 0, 8.858559047574816e-11, 0
2158, 31.000000000000004, 47.0, 5.000000000000001, 0, 3.88681156089111e-05, 0
2159, 33.0, 47.0, 5.000000000000001, 0, 3.022428731762694e-05, 0
2160, 35.00000000000001, 47.0, 5.000000000000001, 0, 9.060754840502437e-06, 0
2161, 1.0000000000000002, 49.0, 5.000000000000001, 0, 8.098062806315996e-11, 0
2162, 3.0, 49.0, 5.000000000000001, 0, 8.468830996386398e-11, 0
2163, 5.0, 49.0, 5.000000000000001, 0, 9.02033193231044e-11, 0
2176, 31.000000000000004, 49.0, 5.000000000000001, 1, 6.463403523623184e-05, 0
2177, 33.0, 49.0, 5.000000000000001, 1, 4.3517240479917104e-05, 0
2178, 35.00000000000001, 49.0, 5.000000000000001, 0, 2.9334836790256255e-05, 0
2179, 1.0000000000000002, 50.99999999999999, 5.000000000000001, 0, 9.180276306924208e-11, 0
2180, 3.0, 50.99999999999999, 5.000000000000001, 0, 9.061321405663873e-11, 0
2181, 5.0, 50.99999999999999, 5.000000000000001, 0, 9.407569998897482e-11, 0
2194, 31.000000000000004, 50.99999999999999, 5.000000000000001, 1, 6.463326866513422e-05, 0
2195, 33.0, 50.99999999999999, 5.000000000000001, 1, 5.7366634817623076e-05, 0
2196, 35.00000000000001, 50.99999999999999, 5.000000000000001, 1, 4.641196316676054e-05, 0
2197, 1.0000000000000002, 53.0, 5.000000000000001, 0, 1.191836826934193e-10, 0
2198, 3.0, 53.0, 5.000000000000001, 0, 1.1017187674266916e-10, 0
2199, 5.0, 53.0, 5.000000000000001, 0, 1.0547192113435131e-10, 0
2212, 31.000000000000004, 53.0, 5.000000000000001, 0, 6.26729827222801e-05, 0
2213, 33.0, 53.0, 5.000000000000001, 1, 6.636820480910895e-05, 0
2214, 35.00000000000001, 53.0, 5.000000000000001, 1, 7.113241188976024e-05, 0
2215, 1.0000000000000002, 55.0, 5.000000000000001, 0, 1.5358764408938523e-10, 0
2216, 3.0, 55.0, 5.000000000000001, 0, 1.3821138294378345e-10, 0
2217, 5.0, 55.0, 5.000000000000001, 0, 1.3477347156628757e-10, 0
2230, 31.000000000000004, 55.0, 5.000000000000001, 0, 4.073619605387531e-05, 0
2231, 33.0, 55.0, 5.000000000000001, 0, 6.495169298203904e-05, 0
2232, 35.00000000000001, 55.0, 5.000000000000001, 1, 9.192404717614652e-05, 0
2233, 1.0000000000000002, 56.99999999999999, 5.000000000000001, 0, 1.8684086822046274e-10, 0
2234, 3.0, 56.99999999999999, 5.000000000000001, 0, 1.8245610864514694e-10, 0
2235, 5.0, 56.99999999999999, 5.000000000000001, 0, 1.9307624264198057e-10, 0
2248, 31.000000000000004, 56.99999999999999, 5.000000000000001, 0, 1.8709964209670033e-05, 0
2249, 33.0, 56.99999999999999, 5.000000000000001, 0, 5.8470671752747314e-05, 0
2250, 35.00000000000001, 56.99999999999999, 5.000000000000001, 1, 9.070402792109904e-05, 0
2251, 1.0000000000000002, 59.0, 5.000000000000001, 0, 2.248609349249841e-10, 0
2252, 3.0, 59.0, 5.000000000000001, 0, 2.4309512220703466e-10, 0
2253, 5.0, 59.0, 5.000000000000001, 0, 2.780480237560111e-10, 0
2266, 31.000000000000004, 59.0, 5.000000000000001, 0, 1.1909262560464438e-09, 0
2267, 33.0, 59.0, 5.000000000000001, 0, 4.368420347355841e-05, 0
2268, 35.00000000000001, 59.0, 5.000000000000001, 1, 8.953562249323037e-05, 0
2269, 1.0000000000000002, 61.0, 5.000000000000001, 0, 2.86155477568409e-10, 0
2270, 3.0, 61.0, 5.000000000000001, 0, 3.209058931277083e-10, 0
2271, 5.0, 61.0, 5.000000000000001, 0, 3.8030402551656257e-10, 0
2284, 31.000000000000004, 61.0, 5.000000000000001, 0, 3.9347737151378066e-05, 0
2285, 33.0, 61.0, 5.000000000000001, 0, 5.5771412005247077e-05, 0
2286, 35.00000000000001, 61.0, 5.000000000000001, 1, 8.02855713794086e-05, 0
2287, 1.0000000000000002, 62.99999999999999, 5.000000000000001, 0, 3.8183683405145417e-10, 0
2288, 3.0, 62.99999999999999, 5.000000000000001, 0, 4.366594874504474e-10, 0
2289, 5.0, 62.99999999999999, 5.000000000000001, 0, 4.924354610513294e-10, 0
2302, 31.000000000000004, 62.99999999999999, 5.000000000000001, 0, 6.71788260716608e-05, 0
2303, 33.0, 62.99999999999999, 5.000000000000001, 0, 7.951060105190778e-05, 0
2304, 35.00000000000001, 62.99999999999999, 5.000000000000001, 1, 8.884560484800696e-05, 0
2305, 1.0000000000000002, 65.0, 5.000000000000001, 0, 5.090390498993491e-10, 0
2306, 3.0, 65.0, 5.000000000000001, 0, 5.920398412548229e-10, 0
2307, 5.0, 65.0, 5.000000000000001, 0, 6.650747819604644e-10, 0
2320, 31.000000000000004, 65.0, 5.000000000000001, 1, 0.00010573785239005251, 0
2321, 33.0, 65.0, 5.000000000000001, 1, 9.513631015202988e-05, 0
2322, 35.00000000000001, 65.0, 5.000000000000001, 1, 9.508665792511215e-05, 0
2323, 1.0000000000000002, 67.00000000000001, 5.000000000000001, 0, 6.587925009024935e-10, 0
2324, 3.0, 67.00000000000001, 5.000000000000001, 0, 7.541075819770353e-10, 0
2325, 5.0, 67.00000000000001, 5.000000000000001, 0, 8.405094909627593e-10, 0
2338, 31.000000000000004, 67.00000000000001, 5.000000000000001, 1, 9.633242215401816e-05, 0
2339, 33.0, 67.00000000000001, 5.000000000000001, 1, 9.714737146481096e-05, 0
2340, 35.00000000000001, 67.00000000000001, 5.000000000000001, 1, 0.00010096321441673724, 0
2341, 1.0000000000000002, 69.0, 5.000000000000001, 0, 8.532710538960645e-10, 0
2342, 3.0, 69.0, 5.000000000000001, 0, 9.073596609668298e-10, 0
2343, 5.0, 69.0, 5.000000000000001, 0, 9.745465741056466e-10, 0
2356, 31.000000000000004, 69.0, 5.000000000000001, 1, 9.374882076739749e-05, 0
2357, 33.0, 69.0, 5.000000000000001, 1, 9.972661485488929e-05, 0
2358, 35.00000000000001, 69.0, 5.000000000000001, 1, 0.00010686641759169427, 0
2359, 1.0000000000000002, 71.0, 5.000000000000001, 0, 9.373490664816961e-10, 0
2360, 3.0, 71.0, 5.000000000000001, 0, 1.0163148762692035e-09, 0
2361, 5.0, 71.0, 5.000000000000001, 0, 1.0213752698701048e-09, 0
2374, 31.000000000000004, 71.0, 5.000000000000001, 1, 9.458516028122519e-05, 0
2375, 33.0, 71.0, 5.000000000000001, 1, 0.00010296627755360398, 0
2376, 35.00000000000001, 71.0, 5.000000000000001, 1, 0.00011157226285211371, 0
2392, 31.000000000000004, 73.00000000000001, 5.000000000000001, 1, 9.548918878443335e-05, 0
2393, 33.0, 73.00000000000001, 5.000000000000001, 1, 0.0001052814270145158, 0
2394, 35.00000000000001, 73.00000000000001, 5.000000000000001, 1, 0.0001151597195730213, 0
2410, 31.000000000000004, 75.0, 5.000000000000001, 1, 9.696797077715111e-05, 0
2411, 33.0, 75.0, 5.000000000000001, 1, 0.00010706655874346829, 0
2412, 35.00000000000001, 75.0, 5.000000000000001, 1, 0.0001179295161756581, 0
2428, 31.000000000000004, 77.00000000000001, 5.000000000000001, 1, 9.97971343425705e-05, 0
2429, 33.0, 77.00000000000001, 5.000000000000001, 1, 0.00010813546712052266, 0
2430, 35.00000000000001, 77.00000000000001, 5.000000000000001, 1, 0.00011824364785403065, 0
2446, 31.000000000000004, 79.00000000000001, 5.000000000000001, 1, 0.00010560727136767483, 0
2447, 33.0, 79.00000000000001, 5.000000000000001, 1, 0.0001086408691806083, 0
2448, 35.00000000000001, 79.00000000000001, 5.000000000000001, 1, 0.00011411041481570615, 0
2464, 31.000000000000004, 81.0, 5.000000000000001, 1, 0.00011325499248659044, 0
2465, 33.0, 81.0, 5.000000000000001, 1, 0.0001114163052345118, 0
2466, 35.00000000000001, 81.0, 5.000000000000001, 1, 0.00010841018356358702, 0
2482, 31.000000000000004, 83.00000000000001, 5.000000000000001, 1, 0.0001312208146919443, 0
2483, 33.0, 83.00000000000001, 5.000000000000001, 1, 0.00011615497191676022, 0
2484, 35.00000000000001, 83.00000000000001, 5.000000000000001, 1, 9.305207868284525e-05, 0
2500, 31.000000000000004, 85.00000000000001, 5.000000000000001, 1, 0.0001494609072933176, 0
2501, 33.0, 85.00000000000001, 5.000000000000001, 1, 0.00010986204434589578, 0
2502, 35.00000000000001, 85.00000000000001, 5.000000000000001, 0, 7.92809772071205e-05, 0
2518, 31.000000000000004, 87.0, 5.000000000000001, 1, 0.00015904171674382758, 0
2519, 33.0, 87.0, 5.000000000000001, 1, 0.00011398212190450738, 0
2520, 35.00000000000001, 87.0, 5.000000000000001, 0, 6.207615733869498e-05, 0
2536, 31.000000000000004, 89.00000000000001, 5.000000000000001, 1, 0.00017201081647020828, 0
2537, 33.0, 89.00000000000001, 5.000000000000001, 1, 9.952182511917742e-05, 0
2538, 35.00000000000001, 89.00000000000001, 5.000000000000001, 0, 4.5754033844188475e-05, 0
2554, 31.000000000000004, 91.00000000000001, 5.000000000000001, 1, 0.00010455178464957289, 0
2555, 33.0, 91.00000000000001, 5.000000000000001, 0, 7.928662576954856e-05, 0
2556, 35.00000000000001, 91.00000000000001, 5.000000000000001, 0, 1.6946439406739598e-05, 0
2572, 31.000000000000004, 93.0, 5.000000000000001, 0, 6.0759901175793553e-05, 0
2573, 33.0, 93.0, 5.000000000000001, 0, 2.240246639066216e-05, 0
2574, 35.00000000000001, 93.0, 5.000000000000001, 0, 3.942565929861079e-10, 0
2590, 31.000000000000004, 95.00000000000001, 5.000000000000001, 0, 9.490515892568258e-10, 0
2591, 33.0, 95.00000000000001, 5.000000000000001, 0, 7.496475873822742e-10, 0
2592, 35.00000000000001, 95.00000000000001, 5.000000000000001, 0, 3.850652079311581e-10, 0
2593, 1.0000000000000002, 1.0000000000000002, 7.000000000000001, 0, 9.500679251780564e-10, 0
2594, 3.0, 1.0000000000000002, 7.000000000000001, 0, 9.869513276245971e-10, 0
2611, 1.0000000000000002, 3.0000000000000004, 7.000000000000001, 0, 1.3648925376645593e-09, 0
2612, 3.0, 3.0000000000000004, 7.000000000000001, 0, 1.4273473009117811e-09, 0
2629, 1.0000000000000002, 5.000000000000001, 7.000000000000001, 0, 1.7711643839286085e-09, 0
2630, 3.0, 5.000000000000001, 7.000000000000001, 0, 1.8539084228873102e-09, 0
2662, 31.000000000000004, 7.000000000000001, 7.000000000000001, 1, 7.354018119128054e-05, 0
2663, 33.0, 7.000000000000001, 7.000000000000001, 0, 4.517123342719984e-05, 0
2664, 35.00000000000001, 7.000000000000001, 7.000000000000001, 0, 7.375948765747286e-10, 0
2680, 31.000000000000004, 9.000000000000002, 7.000000000000001, 1, 7.575803353774826e-05, 0
2681, 33.0, 9.000000000000002, 7.000000000000001, 0, 3.9323499850617375e-05, 0
2682, 35.00000000000001, 9.000000000000002, 7.000000000000001, 0, 6.086634481599188e-10, 0
2698, 31.000000000000004, 11.0, 7.000000000000001, 1, 6.789973232256772e-05, 0
2699, 33.0, 11.0, 7.000000000000001, 0, 3.697306560111971e-05, 0
2700, 35.00000000000001, 11.0, 7.000000000000001, 0, 1.3879851532108726e-06, 0
2716, 31.000000000000004, 13.0, 7.000000000000001, 1, 6.761381524087725e-05, 0
2717, 33.0, 13.0, 7.000000000000001, 1, 3.604239301888384e-05, 0
2718, 35.00000000000001, 13.0, 7.000000000000001, 0, 4.451120457511314e-06, 0
2734, 31.000000000000004, 14.999999999999998, 7.000000000000001, 1, 7.627436757662077e-05, 0
2735, 33.0, 14.999999999999998, 7.000000000000001, 1, 3.9634446756242495e-05, 0
2736, 35.00000000000001, 14.999999999999998, 7.000000000000001, 0, 5.119976475773163e-06, 0
2752, 31.000000000000004, 17.0, 7.000000000000001, 1, 5.097615949965604e-05, 0
2753, 33.0, 17.0, 7.000000000000001, 0, 3.3755603280095575e-05, 0
2754, 35.00000000000001, 17.0, 7.000000000000001, 0, 2.416282984122108e-06, 0
2770, 31.000000000000004, 19.000000000000004, 7.000000000000001, 0, 3.3059796563519447e-05, 0
2771, 33.0, 19.000000000000004, 7.000000000000001, 0, 1.2542032541009956e-05, 0
2772, 35.00000000000001, 19.000000000000004, 7.000000000000001, 0, 3.513833072013372e-07, 0
2788, 31.000000000000004, 21.0, 7.000000000000001, 0, 2.6700098828121314e-09, 0
2789, 33.0, 21.0, 7.000000000000001, 0, 2.673438279057334e-09, 0
2790, 35.00000000000001, 21.0, 7.000000000000001, 0, 2.6777894811037537e-09, 0
2806, 31.000000000000004, 23.000000000000004, 7.000000000000001, 0, 2.067266606044153e-09, 0
2807, 33.0, 23.000000000000004, 7.000000000000001, 0, 2.2261927177539245e-09, 0
2808, 35.00000000000001, 23.000000000000004, 7.000000000000001, 0, 2.369906257273086e-09, 0
2809, 1.0000000000000002, 25.000000000000004, 7.000000000000001, 0, 1.2495532099437829e-09, 0
2810, 3.0, 25.000000000000004, 7.000000000000001, 0, 1.20419903981188e-09, 0
2811, 5.0, 25.000000000000004, 7.000000000000001, 0, 9.808403974873717e-10, 0
2824, 31.000000000000004, 25.000000000000004, 7.000000000000001, 0, 1.7066024505809466e-09, 0
2825, 33.0, 25.000000000000004, 7.000000000000001, 0, 1.8784917780217048e-09, 0
2826, 35.00000000000001, 25.000000000000004, 7.000000000000001, 0, 2.0412196976775205e-09, 0
2827, 1.0000000000000002, 27.0, 7.000000000000001, 0, 1.064484051288984e-09, 0
2828, 3.0, 27.0, 7.000000000000001, 0, 9.364667095201345e-10, 0
2829, 5.0, 27.0, 7.000000000000001, 0, 8.561612763790359e-10, 0
2842, 31.000000000000004, 27.0, 7.000000000000001, 0, 1.4363040637825044e-09, 0
2843, 33.0, 27.0, 7.000000000000001, 0, 1.5612482644854666e-09, 0
2844, 35.00000000000001, 27.0, 7.000000000000001, 0, 1.6826296329935334e-09, 0
2845, 1.0000000000000002, 28.999999999999996, 7.000000000000001, 0, 6.322329451146545e-10, 0
2846, 3.0, 28.999999999999996, 7.000000000000001, 0, 6.133582343705411e-10, 0
2847, 5.0, 28.999999999999996, 7.000000000000001, 0, 6.077474962485533e-10, 0
2860, 31.000000000000004, 28.999999999999996, 7.000000000000001, 0, 1.2076317097478148e-09, 0
2861, 33.0, 28.999999999999996, 7.000000000000001, 0, 1.2847336586374447e-09, 0
2862, 35.00000000000001, 28.999999999999996, 7.000000000000001, 0, 1.3611441672504532e-09, 0
2863, 1.0000000000000002, 31.000000000000004, 7.000000000000001, 0, 4.025844427857126e-10, 0
2864, 3.0, 31.000000000000004, 7.000000000000001, 0, 3.9763259732856914e-10, 0
2865, 5.0, 31.000000000000004, 7.000000000000001, 0, 3.908854654973179e-10, 0
2878, 31.000000000000004, 31.000000000000004, 7.000000000000001, 0, 1.0029801186663933e-09, 0
2879, 33.0, 31.000000000000004, 7.000000000000001, 0, 1.0643717895516152e-09, 0
2880, 35.00000000000001, 31.000000000000004, 7.000000000000001, 0, 1.1224735467674593e-09, 0
2881, 1.0000000000000002, 33.00000000000001, 7.000000000000001, 0, 2.681604354742048e-10, 0
2882, 3.0, 33.00000000000001, 7.000000000000001, 0, 2.55837627591191e-10, 0
2883, 5.0, 33.00000000000001, 7.000000000000001, 0, 2.4128508738725196e-10, 0
2896, 31.000000000000004, 33.00000000000001, 7.000000000000001, 0, 8.635138189879901e-10, 0
2897, 33.0, 33.00000000000001, 7.000000000000001, 0, 9.170493950320015e-10, 0
2898, 35.00000000000001, 33.00000000000001, 7.000000000000001, 0, 9.791388955887918e-10, 0
2899, 1.0000000000000002, 35.0, 7.000000000000001, 0, 1.896966240647038e-10, 0
2900, 3.0, 35.0, 7.000000000000001, 0, 1.7170446732140885e-10, 0
2901, 5.0, 35.0, 7.000000000000001, 0, 1.5303670908289898e-10, 0
2914, 31.000000000000004, 35.0, 7.000000000000001, 0, 7.73723443954787e-10, 0
2915, 33.0, 35.0, 7.000000000000001, 0, 8.415124313352959e-10, 0
2916, 35.00000000000001, 35.0, 7.000000000000001, 0, 9.086306028544509e-10, 0
2917, 1.0000000000000002, 37.00000000000001, 7.000000000000001, 0, 1.442939981234926e-10, 0
2918, 3.0, 37.00000000000001, 7.000000000000001, 0, 1.2699963276078347e-10, 0
2919, 5.0, 37.00000000000001, 7.000000000000001, 0, 1.1033686236795048e-10, 0
2932, 31.000000000000004, 37.00000000000001, 7.000000000000001, 0, 7.357079938890238e-10, 0
2933, 33.0, 37.00000000000001, 7.000000000000001, 0, 8.093732371555551e-10, 0
2934, 35.00000000000001, 37.00000000000001, 7.000000000000001, 0, 8.880484618781454e-10, 0
2935, 1.0000000000000002, 39.00000000000001, 7.000000000000001, 0, 1.1879420426127997e-10, 0
2936, 3.0, 39.00000000000001, 7.000000000000001, 0, 1.0582631006252504e-10, 0
2937, 5.0, 39.00000000000001, 7.000000000000001, 0, 9.243272256164883e-11, 0
2950, 31.000000000000004, 39.00000000000001, 7.000000000000001, 0, 7.083817587953804e-10, 0
2951, 33.0, 39.00000000000001, 7.000000000000001, 0, 8.10022334311703e-10, 0
2952, 35.00000000000001, 39.00000000000001, 7.000000000000001, 0, 9.186979449283951e-10, 0
2953, 1.0000000000000002, 41.0, 7.000000000000001, 0, 1.0774030380893573e-10, 0
2954, 3.0, 41.0, 7.000000000000001, 0, 9.661581174451341e-11, 0
2955, 5.0, 41.0, 7.000000000000001, 0, 8.756491501532376e-11, 0
2968, 31.000000000000004, 41.0, 7.000000000000001, 0, 7.342500017679203e-10, 0
2969, 33.0, 41.0, 7.000000000000001, 0, 8.63297817715124e-10, 0
2970, 35.00000000000001, 41.0, 7.000000000000001, 0, 1.0173842176095171e-09, 0
2971, 1.0000000000000002, 43.00000000000001, 7.000000000000001, 0, 1.0297034448922159e-10, 0
2972, 3.0, 43.00000000000001, 7.000000000000001, 0, 9.277566839550756e-11, 0
2973, 5.0, 43.00000000000001, 7.000000000000001, 0, 8.58716302044478e-11, 0
2986, 31.000000000000004, 43.00000000000001, 7.000000000000001, 0, 8.733291992336096e-10, 0
2987, 33.0, 43.00000000000001, 7.000000000000001, 0, 1.0548950333077771e-09, 0
2988, 35.00000000000001, 43.00000000000001, 7.000000000000001, 0, 1.2272396399403266e-09, 0
2989, 1.0000000000000002, 45.00000000000001, 7.000000000000001, 0, 9.628856678140366e-11, 0
2990, 3.0, 45.00000000000001, 7.000000000000001, 0, 9.046763975136523e-11, 0
2991, 5.0, 45.00000000000001, 7.000000000000001, 0, 8.47070045536067e-11, 0
3004, 31.000000000000004, 45.00000000000001, 7.000000000000001, 0, 1.6102227521738076e-05, 0
3005, 33.0, 45.00000000000001, 7.000000000000001, 0, 6.925834064969333e-06, 0
3006, 35.00000000000001, 45.00000000000001, 7.000000000000001, 0, 9.496209557561856e-07, 0
3007, 1.0000000000000002, 47.0, 7.000000000000001, 0, 8.64444928403784e-11, 0
3008, 3.0, 47.0, 7.000000000000001, 0, 8.624350523817737e-11, 0
3009, 5.0, 47.0, 7.000000000000001, 0, 8.54366841386794e-11, 0
3022, 31.000000000000004, 47.0, 7.000000000000001, 0, 3.110073857033183e-05, 0
3023, 33.0, 47.0, 7.000000000000001, 0, 2.3489185110978444e-05, 0
3024, 35.00000000000001, 47.0, 7.000000000000001, 0, 6.9498181593782335e-06, 0
3025, 1.0000000000000002, 49.0, 7.000000000000001, 0, 8.098062806306663e-11, 0
3026, 3.0, 49.0, 7.000000000000001, 0, 8.419301708248402e-11, 0
3027, 5.0, 49.0, 7.000000000000001, 0, 8.738010870747625e-11, 0
3040, 31.000000000000004, 49.0, 7.000000000000001, 0, 5.381861401287927e-05, 0
3041, 33.0, 49.0, 7.000000000000001, 0, 3.552262396471705e-05, 0
3042, 35.00000000000001, 49.0, 7.000000000000001, 0, 2.3238600298180454e-05, 0
3043, 1.0000000000000002, 50.99999999999999, 7.000000000000001, 0, 9.180276306878929e-11, 0
3044, 3.0, 50.99999999999999, 7.000000000000001, 0, 9.040735596726534e-11, 0
3045, 5.0, 50.99999999999999, 7.000000000000001, 0, 9.202540034891327e-11, 0
3058, 31.000000000000004, 50.99999999999999, 7.000000000000001, 0, 5.42717291445821e-05, 0
3059, 33.0, 50.99999999999999, 7.000000000000001, 0, 4.737310114956088e-05, 0
3060, 35.00000000000001, 50.99999999999999, 7.000000000000001, 1, 3.842107950798806e-05, 0
3061, 1.0000000000000002, 53.0, 7.000000000000001, 0, 1.1918368269323007e-10, 0
3062, 3.0, 53.0, 7.000000000000001, 0, 1.1017187674108141e-10, 0
3063, 5.0, 53.0, 7.000000000000001, 0, 1.0280882445887428e-10, 0
3076, 31.000000000000004, 53.0, 7.000000000000001, 0, 4.9792070684472686e-05, 0
3077, 33.0, 53.0, 7.000000000000001, 0, 5.4413083352888064e-05, 0
3078, 35.00000000000001, 53.0, 7.000000000000001, 1, 6.05997600218049e-05, 0
3079, 1.0000000000000002, 55.0, 7.000000000000001, 0, 1.5358764408880957e-10, 0
3080, 3.0, 55.0, 7.000000000000001, 0, 1.382113829403058e-10, 0
3081, 5.0, 55.0, 7.000000000000001, 0, 1.277839182801472e-10, 0
3094, 31.000000000000004, 55.0, 7.000000000000001, 0, 3.093918500686647e-05, 0
3095, 33.0, 55.0, 7.000000000000001, 0, 5.5743761265046875e-05, 0
3096, 35.00000000000001, 55.0, 7.000000000000001, 1, 8.305554399637129e-05, 0
3097, 1.0000000000000002, 56.99999999999999, 7.000000000000001, 0, 1.8684086821842043e-10, 0
3098, 3.0, 56.99999999999999, 7.000000000000001, 0, 1.7717421664139298e-10, 0
3099, 5.0, 56.99999999999999, 7.000000000000001, 0, 1.7621588360642482e-10, 0
3112, 31.000000000000004, 56.99999999999999, 7.000000000000001, 0, 1.403274900239016e-05, 0
3113, 33.0, 56.99999999999999, 7.000000000000001, 0, 5.424893493652041e-05, 0
3114, 35.00000000000001, 56.99999999999999, 7.000000000000001, 1, 8.445606241684013e-05, 0
3115, 1.0000000000000002, 59.0, 7.000000000000001, 0, 2.2486093492199257e-10, 0
3116, 3.0, 59.0, 7.000000000000001, 0, 2.3185871691207237e-10, 0
3117, 5.0, 59.0, 7.000000000000001, 0, 2.495752472913179e-10, 0
3130, 31.000000000000004, 59.0, 7.000000000000001, 0, 1.1909182131455732e-09, 0
3131, 33.0, 59.0, 7.000000000000001, 0, 4.368420346999015e-05, 0
3132, 35.00000000000001, 59.0, 7.000000000000001, 1, 8.95356224904864e-05, 0
3133, 1.0000000000000002, 61.0, 7.000000000000001, 0, 2.8615547756211903e-10, 0
3134, 3.0, 61.0, 7.000000000000001, 0, 3.143862858796333e-10, 0
3135, 5.0, 61.0, 7.000000000000001, 0, 3.4496720104444775e-10, 0
3148, 31.000000000000004, 61.0, 7.000000000000001, 0, 2.9511020194406483e-05, 0
3149, 33.0, 61.0, 7.000000000000001, 0, 5.459731907604474e-05, 0
3150, 35.00000000000001, 61.0, 7.000000000000001, 1, 8.02855713791531e-05, 0
3151, 1.0000000000000002, 62.99999999999999, 7.000000000000001, 0, 3.818368340423679e-10, 0
3152, 3.0, 62.99999999999999, 7.000000000000001, 0, 4.3665948726052564e-10, 0
3153, 5.0, 62.99999999999999, 7.000000000000001, 0, 4.839547746737203e-10, 0
3166, 31.000000000000004, 62.99999999999999, 7.000000000000001, 0, 5.550466150346712e-05, 0
3167, 33.0, 62.99999999999999, 7.000000000000001, 0, 7.492641064528948e-05, 0
3168, 35.00000000000001, 62.99999999999999, 7.000000000000001, 1, 8.884560484785631e-05, 0
3169, 1.0000000000000002, 65.0, 7.000000000000001, 0, 5.09039049875638e-10, 0
3170, 3.0, 65.0, 7.000000000000001, 0, 5.920398410505366e-10, 0
3171, 5.0, 65.0, 7.000000000000001, 0, 6.650747810706311e-10, 0
3184, 31.000000000000004, 65.0, 7.000000000000001, 1, 8.640262417980274e-05, 0
3185, 33.0, 65.0, 7.000000000000001, 1, 8.947567973666698e-05, 0
3186, 35.00000000000001, 65.0, 7.000000000000001, 1, 9.508665792503515e-05, 0
3187, 1.0000000000000002, 67.00000000000001, 7.000000000000001, 0, 6.587925008384154e-10, 0
3188, 3.0, 67.00000000000001, 7.000000000000001, 0, 7.541075814186974e-10, 0
3189, 5.0, 67.00000000000001, 7.000000000000001, 0, 8.405094894963943e-10, 0
3202, 31.000000000000004, 67.00000000000001, 7.000000000000001, 1, 8.38370389076225e-05, 0
3203, 33.0, 67.00000000000001, 7.000000000000001, 1, 9.278512685751038e-05, 0
3204, 35.00000000000001, 67.00000000000001, 7.000000000000001, 1, 0.00010096321441669672, 0
3205, 1.0000000000000002, 69.0, 7.000000000000001, 0, 8.532710537201013e-10, 0
3206, 3.0, 69.0, 7.000000000000001, 0, 9.073596586460282e-10, 0
3207, 5.0, 69.0, 7.000000000000001, 0, 9.745425985845817e-10, 0
3220, 31.000000000000004, 69.0, 7.000000000000001, 1, 8.096390976440448e-05, 0
3221, 33.0, 69.0, 7.000000000000001, 1, 9.444945767742894e-05, 0
3222, 35.00000000000001, 69.0, 7.000000000000001, 1, 0.00010686641759169022, 0
3223, 1.0000000000000002, 71.0, 7.000000000000001, 0, 9.373490661452698e-10, 0
3224, 3.0, 71.0, 7.000000000000001, 0, 1.0163148716733522e-09, 0
3225, 5.0, 71.0, 7.000000000000001, 0, 1.015370460141441e-09, 0
3238, 31.000000000000004, 71.0, 7.000000000000001, 1, 8.26954177912679e-05, 0
3239, 33.0, 71.0, 7.000000000000001, 1, 9.738101819564338e-05, 0
3240, 35.00000000000001, 71.0, 7.000000000000001, 1, 0.00011157226285178932, 0
3256, 31.000000000000004, 73.00000000000001, 7.000000000000001, 1, 8.416085565791402e-05, 0
3257, 33.0, 73.00000000000001, 7.000000000000001, 1, 9.972046042858243e-05, 0
3258, 35.00000000000001, 73.00000000000001, 7.000000000000001, 1, 0.00011515971957226683, 0
3274, 31.000000000000004, 75.0, 7.000000000000001, 1, 8.743327290317505e-05, 0
3275, 33.0, 75.0, 7.000000000000001, 1, 0.00010271326367378878, 0
3276, 35.00000000000001, 75.0, 7.000000000000001, 1, 0.00011792951617557749, 0
3292, 31.000000000000004, 77.00000000000001, 7.000000000000001, 1, 9.70780078049121e-05, 0
3293, 33.0, 77.00000000000001, 7.000000000000001, 1, 0.00010616852083991408, 0
3294, 35.00000000000001, 77.00000000000001, 7.000000000000001, 1, 0.0001182436478539589, 0
3310, 31.000000000000004, 79.00000000000001, 7.000000000000001, 1, 0.00010560727136318154, 0
3311, 33.0, 79.00000000000001, 7.000000000000001, 1, 0.00010864086918010204, 0
3312, 35.00000000000001, 79.00000000000001, 7.000000000000001, 1, 0.00011411041481568606, 0
3328, 31.000000000000004, 81.0, 7.000000000000001, 1, 0.00011325499248659044, 0
3329, 33.0, 81.0, 7.000000000000001, 1, 0.0001114163052345118, 0
3330, 35.00000000000001, 81.0, 7.000000000000001, 1, 0.00010841018356358702, 0
3346, 31.000000000000004, 83.00000000000001, 7.000000000000001, 1, 0.0001312208146919443, 0
3347, 33.0, 83.00000000000001, 7.000000000000001, 1, 0.00011615497191676022, 0
3348, 35.00000000000001, 83.00000000000001, 7.000000000000001, 1, 9.305207868284525e-05, 0
3364, 31.000000000000004, 85.00000000000001, 7.000000000000001, 1, 0.0001494609072933176, 0
3365, 33.0, 85.00000000000001, 7.000000000000001, 1, 0.00010986204434589578, 0
3366, 35.00000000000001, 85.00000000000001, 7.000000000000001, 1, 7.92809772071205e-05, 0
3382, 31.000000000000004, 87.0, 7.000000000000001, 1, 0.00015904171674382758, 0
3383, 33.0, 87.0, 7.000000000000001, 1, 0.00011398212190447621, 0
3384, 35.00000000000001, 87.0, 7.000000000000001, 0, 6.207615733869498e-05, 0
3400, 31.000000000000004, 89.00000000000001, 7.000000000000001, 1, 0.00016983403101421884, 0
3401, 33.0, 89.00000000000001, 7.000000000000001, 1, 9.882033792026732e-05, 0
3402, 35.00000000000001, 89.00000000000001, 7.000000000000001, 0, 4.575403383944716e-05, 0
3418, 31.000000000000004, 91.00000000000001, 7.000000000000001, 1, 0.00010323465230162323, 0
3419, 33.0, 91.00000000000001, 7.000000000000001, 0, 7.728716079423461e-05, 0
3420, 35.00000000000001, 91.00000000000001, 7.000000000000001, 0, 1.6946439405018197e-05, 0
3436, 31.000000000000004, 93.0, 7.000000000000001, 0, 5.734575400021219e-05, 0
3437, 33.0, 93.0, 7.000000000000001, 0, 2.1105617387707187e-05, 0
3438, 35.00000000000001, 93.0, 7.000000000000001, 0, 3.9425659288507787e-10, 0
3454, 31.000000000000004, 95.00000000000001, 7.000000000000001, 0, 9.288853889581913e-10, 0
3455, 33.0, 95.00000000000001, 7.000000000000001, 0, 7.391786400257562e-10, 0
3456, 35.00000000000001, 95.00000000000001, 7.000000000000001, 0, 3.850652074534143e-10, 0
3457, 1.0000000000000002, 1.0000000000000002, 9.000000000000002, 0, 9.500679251780564e-10, 0
3458, 3.0, 1.0000000000000002, 9.000000000000002, 0, 9.869513274611963e-10, 0
3475, 1.0000000000000002, 3.0000000000000004, 9.000000000000002, 0, 1.3489808714690328e-09, 0
3476, 3.0, 3.0000000000000004, 9.000000000000002, 0, 1.417247821390489e-09, 0
3493, 1.0000000000000002, 5.000000000000001, 9.000000000000002, 0, 1.7013678135187226e-09, 0
3494, 3.0, 5.000000000000001, 9.000000000000002, 0, 1.7961508553079308e-09, 0
3526, 31.000000000000004, 7.000000000000001, 9.000000000000002, 1, 7.354018119128054e-05, 0
3527, 33.0, 7.000000000000001, 9.000000000000002, 0, 4.517123342719984e-05, 0
3528, 35.00000000000001, 7.000000000000001, 9.000000000000002, 0, 6.996836674793338e-10, 0
3544, 31.000000000000004, 9.000000000000002, 9.000000000000002, 1, 7.575803353774826e-05, 0
3545, 33.0, 9.000000000000002, 9.000000000000002, 0, 3.9323499850617375e-05, 0
3546, 35.00000000000001, 9.000000000000002, 9.000000000000002, 0, 5.745322615681047e-10, 0
3562, 31.000000000000004, 11.0, 9.000000000000002, 1, 6.789973232256772e-05, 0
3563, 33.0, 11.0, 9.000000000000002, 0, 3.697306560111971e-05, 0
3564, 35.00000000000001, 11.0, 9.000000000000002, 0, 1.3873183011720557e-06, 0
3580, 31.000000000000004, 13.0, 9.000000000000002, 1, 6.761381524087725e-05, 0
3581, 33.0, 13.0, 9.000000000000002, 1, 3.604239301888384e-05, 0
3582, 35.00000000000001, 13.0, 9.000000000000002, 0, 4.374443439733421e-06, 0
3598, 31.000000000000004, 14.999999999999998, 9.000000000000002, 1, 7.627436757662077e-05, 0
3599, 33.0, 14.999999999999998, 9.000000000000002, 1, 3.9634446756242495e-05, 0
3600, 35.00000000000001, 14.999999999999998, 9.000000000000002, 0, 4.9832679577786045e-06, 0
3616, 31.000000000000004, 17.0, 9.000000000000002, 1, 5.097615949965604e-05, 0
3617, 33.0, 17.0, 9.000000000000002, 0, 3.3755603280095575e-05, 0
3618, 35.00000000000001, 17.0, 9.000000000000002, 0, 2.343112980315484e-06, 0
3634, 31.000000000000004, 19.000000000000004, 9.000000000000002, 0, 3.3059796563519447e-05, 0
3635, 33.0, 19.000000000000004, 9.000000000000002, 0, 1.2542032540917651e-05, 0
3636, 35.00000000000001, 19.000000000000004, 9.000000000000002, 0, 3.5138322752339057e-07, 0
3652, 31.000000000000004, 21.0, 9.000000000000002, 0, 2.6700095460398065e-09, 0
3653, 33.0, 21.0, 9.000000000000002, 0, 2.673429610405337e-09, 0
3654, 35.00000000000001, 21.0, 9.000000000000002, 0, 2.677766650429259e-09, 0
3670, 31.000000000000004, 23.000000000000004, 9.000000000000002, 0, 2.067266606044153e-09, 0
3671, 33.0, 23.000000000000004, 9.000000000000002, 0, 2.226191538392202e-09, 0
3672, 35.00000000000001, 23.000000000000004, 9.000000000000002, 0, 2.369904942764332e-09, 0
3673, 1.0000000000000002, 25.000000000000004, 9.000000000000002, 0, 1.2348616190153687e-09, 0
3674, 3.0, 25.000000000000004, 9.000000000000002, 0, 1.1659377783630059e-09, 0
3675, 5.0, 25.000000000000004, 9.000000000000002, 0, 9.287423688233034e-10, 0
3688, 31.000000000000004, 25.000000000000004, 9.000000000000002, 0, 1.7066024474558264e-09, 0
3689, 33.0, 25.000000000000004, 9.000000000000002, 0, 1.878489901017459e-09, 0
3690, 35.00000000000001, 25.000000000000004, 9.000000000000002, 0, 2.0412183960085454e-09, 0
3691, 1.0000000000000002, 27.0, 9.000000000000002, 0, 1.056029050039757e-09, 0
3692, 3.0, 27.0, 9.000000000000002, 0, 9.147598716762853e-10, 0
3693, 5.0, 27.0, 9.000000000000002, 0, 8.204138008068926e-10, 0
3706, 31.000000000000004, 27.0, 9.000000000000002, 0, 1.4363040604625623e-09, 0
3707, 33.0, 27.0, 9.000000000000002, 0, 1.5612459135996464e-09, 0
3708, 35.00000000000001, 27.0, 9.000000000000002, 0, 1.6826238223000073e-09, 0
3709, 1.0000000000000002, 28.999999999999996, 9.000000000000002, 0, 6.322329436238785e-10, 0
3710, 3.0, 28.999999999999996, 9.000000000000002, 0, 6.132983327164771e-10, 0
3711, 5.0, 28.999999999999996, 9.000000000000002, 0, 6.010956121891602e-10, 0
3724, 31.000000000000004, 28.999999999999996, 9.000000000000002, 0, 1.2076317084886925e-09, 0
3725, 33.0, 28.999999999999996, 9.000000000000002, 0, 1.2847293426707978e-09, 0
3726, 35.00000000000001, 28.999999999999996, 9.000000000000002, 0, 1.3611348143499277e-09, 0
3727, 1.0000000000000002, 31.000000000000004, 9.000000000000002, 0, 4.0258444272860455e-10, 0
3728, 3.0, 31.000000000000004, 9.000000000000002, 0, 3.9763259627541353e-10, 0
3729, 5.0, 31.000000000000004, 9.000000000000002, 0, 3.908854629095495e-10, 0
3742, 31.000000000000004, 31.000000000000004, 9.000000000000002, 0, 1.0029801178845678e-09, 0
3743, 33.0, 31.000000000000004, 9.000000000000002, 0, 1.0643645925770889e-09, 0
3744, 35.00000000000001, 31.000000000000004, 9.000000000000002, 0, 1.1224606039055499e-09, 0
3745, 1.0000000000000002, 33.00000000000001, 9.000000000000002, 0, 2.681604354555411e-10, 0
3746, 3.0, 33.00000000000001, 9.000000000000002, 0, 2.5583762751403875e-10, 0
3747, 5.0, 33.00000000000001, 9.000000000000002, 0, 2.41285087245683e-10, 0
3760, 31.000000000000004, 33.00000000000001, 9.000000000000002, 0, 8.63513817643669e-10, 0
3761, 33.0, 33.00000000000001, 9.000000000000002, 0, 9.170394670534126e-10, 0
3762, 35.00000000000001, 33.00000000000001, 9.000000000000002, 0, 9.791208365057271e-10, 0
3763, 1.0000000000000002, 35.0, 9.000000000000002, 0, 1.8969662405702319e-10, 0
3764, 3.0, 35.0, 9.000000000000002, 0, 1.7170446729506025e-10, 0
3765, 5.0, 35.0, 9.000000000000002, 0, 1.5303670903279042e-10, 0
3778, 31.000000000000004, 35.0, 9.000000000000002, 0, 7.737234409793795e-10, 0
3779, 33.0, 35.0, 9.000000000000002, 0, 8.415023664364257e-10, 0
3780, 35.00000000000001, 35.0, 9.000000000000002, 0, 9.086118782872972e-10, 0
3781, 1.0000000000000002, 37.00000000000001, 9.000000000000002, 0, 1.4429399811995465e-10, 0
3782, 3.0, 37.00000000000001, 9.000000000000002, 0, 1.2699963274822516e-10, 0
3783, 5.0, 37.00000000000001, 9.000000000000002, 0, 1.1033686234976494e-10, 0
3796, 31.000000000000004, 37.00000000000001, 9.000000000000002, 0, 7.357079719816121e-10, 0
3797, 33.0, 37.00000000000001, 9.000000000000002, 0, 8.093639788512925e-10, 0
3798, 35.00000000000001, 37.00000000000001, 9.000000000000002, 0, 8.88030945654004e-10, 0
3799, 1.0000000000000002, 39.00000000000001, 9.000000000000002, 0, 1.1879420425888244e-10, 0
3800, 3.0, 39.00000000000001, 9.000000000000002, 0, 1.058263100551147e-10, 0
3801, 5.0, 39.00000000000001, 9.000000000000002, 0, 9.243272254873065e-11, 0
3814, 31.000000000000004, 39.00000000000001, 9.000000000000002, 0, 7.083816690104122e-10, 0
3815, 33.0, 39.00000000000001, 9.000000000000002, 0, 8.100124690451486e-10, 0
3816, 35.00000000000001, 39.00000000000001, 9.000000000000002, 0, 9.170840579589647e-10, 0
3817, 1.0000000000000002, 41.0, 9.000000000000002, 0, 1.0773871410730438e-10, 0
3818, 3.0, 41.0, 9.000000000000002, 0, 9.661581174012463e-11, 0
3819, 5.0, 41.0, 9.000000000000002, 0, 8.756491500888633e-11, 0
3832, 31.000000000000004, 41.0, 9.000000000000002, 0, 7.342487527485583e-10, 0
3833, 33.0, 41.0, 9.000000000000002, 0, 8.628096168749715e-10, 0
3834, 35.00000000000001, 41.0, 9.000000000000002, 0, 1.0049326345984059e-09, 0
3835, 1.0000000000000002, 43.00000000000001, 9.000000000000002, 0, 1.0173267370810471e-10, 0
3836, 3.0, 43.00000000000001, 9.000000000000002, 0, 9.277301270073511e-11, 0
3837, 5.0, 43.00000000000001, 9.000000000000002, 0, 8.587163019977543e-11, 0
3850, 31.000000000000004, 43.00000000000001, 9.000000000000002, 0, 8.709243561586606e-10, 0
3851, 33.0, 43.00000000000001, 9.000000000000002, 0, 1.0330906894098254e-09, 0
3852, 35.00000000000001, 43.00000000000001, 9.000000000000002, 0, 1.1856847677899832e-09, 0
3853, 1.0000000000000002, 45.00000000000001, 9.000000000000002, 0, 9.439781520349017e-11, 0
3854, 3.0, 45.00000000000001, 9.000000000000002, 0, 8.936795016065753e-11, 0
3855, 5.0, 45.00000000000001, 9.000000000000002, 0, 8.46326332029175e-11, 0
3868, 31.000000000000004, 45.00000000000001, 9.000000000000002, 0, 1.2881985915021955e-05, 0
3869, 33.0, 45.00000000000001, 9.000000000000002, 0, 5.540880456147329e-06, 0
3870, 35.00000000000001, 45.00000000000001, 9.000000000000002, 0, 7.599175673866173e-07, 0
3871, 1.0000000000000002, 47.0, 9.000000000000002, 0, 8.447740083986867e-11, 0
3872, 3.0, 47.0, 9.000000000000002, 0, 8.469652955447815e-11, 0
3873, 5.0, 47.0, 9.000000000000002, 0, 8.412170348187316e-11, 0
3886, 31.000000000000004, 47.0, 9.000000000000002, 0, 2.4880821828840033e-05, 0
3887, 33.0, 47.0, 9.000000000000002, 0, 1.8791606617299575e-05, 0
3888, 35.00000000000001, 47.0, 9.000000000000002, 0, 5.560142004766061e-06, 0
3889, 1.0000000000000002, 49.0, 9.000000000000002, 0, 8.018816954404491e-11, 0
3890, 3.0, 49.0, 9.000000000000002, 0, 8.295828864792366e-11, 0
3891, 5.0, 49.0, 9.000000000000002, 0, 8.59452847936197e-11, 0
3904, 31.000000000000004, 49.0, 9.000000000000002, 0, 4.30551215163738e-05, 0
3905, 33.0, 49.0, 9.000000000000002, 0, 2.8431379756775145e-05, 0
3906, 35.00000000000001, 49.0, 9.000000000000002, 0, 1.8631305540089403e-05, 0
3907, 1.0000000000000002, 50.99999999999999, 9.000000000000002, 0, 9.180276306669051e-11, 0
3908, 3.0, 50.99999999999999, 9.000000000000002, 0, 9.036659890193054e-11, 0
3909, 5.0, 50.99999999999999, 9.000000000000002, 0, 9.098770677619632e-11, 0
3922, 31.000000000000004, 50.99999999999999, 9.000000000000002, 0, 4.341760112048632e-05, 0
3923, 33.0, 50.99999999999999, 9.000000000000002, 0, 3.799501860098671e-05, 0
3924, 35.00000000000001, 50.99999999999999, 9.000000000000002, 0, 3.101482582877098e-05, 0
3925, 1.0000000000000002, 53.0, 9.000000000000002, 0, 1.191836826930193e-10, 0
3926, 3.0, 53.0, 9.000000000000002, 0, 1.1017187673891728e-10, 0
3927, 5.0, 53.0, 9.000000000000002, 0, 1.0150542346916195e-10, 0
3940, 31.000000000000004, 53.0, 9.000000000000002, 0, 3.983388899609209e-05, 0
3941, 33.0, 53.0, 9.000000000000002, 0, 4.392310855090618e-05, 0
3942, 35.00000000000001, 53.0, 9.000000000000002, 0, 4.958979266190733e-05, 0
3943, 1.0000000000000002, 55.0, 9.000000000000002, 0, 1.5358764408804287e-10, 0
3944, 3.0, 55.0, 9.000000000000002, 0, 1.382113829365297e-10, 0
3945, 5.0, 55.0, 9.000000000000002, 0, 1.2379240442029761e-10, 0
3958, 31.000000000000004, 55.0, 9.000000000000002, 0, 2.4751635299037377e-05, 0
3959, 33.0, 55.0, 9.000000000000002, 0, 4.605243941397061e-05, 0
3960, 35.00000000000001, 55.0, 9.000000000000002, 0, 7.059626813045488e-05, 0
3961, 1.0000000000000002, 56.99999999999999, 9.000000000000002, 0, 1.8684086821607675e-10, 0
3962, 3.0, 56.99999999999999, 9.000000000000002, 0, 1.76548668359435e-10, 0
3963, 5.0, 56.99999999999999, 9.000000000000002, 0, 1.6658221748860433e-10, 0
3976, 31.000000000000004, 56.99999999999999, 9.000000000000002, 0, 1.1226542678977307e-05, 0
3977, 33.0, 56.99999999999999, 9.000000000000002, 0, 4.7218289190016796e-05, 0
3978, 35.00000000000001, 56.99999999999999, 9.000000000000002, 0, 7.734316466663931e-05, 0
3979, 1.0000000000000002, 59.0, 9.000000000000002, 0, 2.2486093491793346e-10, 0
3980, 3.0, 59.0, 9.000000000000002, 0, 2.3032338916217292e-10, 0
3981, 5.0, 59.0, 9.000000000000002, 0, 2.3594775392378666e-10, 0
3994, 31.000000000000004, 59.0, 9.000000000000002, 0, 1.1909133549444155e-09, 0
3995, 33.0, 59.0, 9.000000000000002, 0, 4.153671170101592e-05, 0
3996, 35.00000000000001, 59.0, 9.000000000000002, 1, 8.430858606575119e-05, 0
3997, 1.0000000000000002, 61.0, 9.000000000000002, 0, 2.8615547755386873e-10, 0
3998, 3.0, 61.0, 9.000000000000002, 0, 3.1438628585419197e-10, 0
3999, 5.0, 61.0, 9.000000000000002, 0, 3.359022822768669e-10, 0
4012, 31.000000000000004, 61.0, 9.000000000000002, 0, 2.360913703541562e-05, 0
4013, 33.0, 61.0, 9.000000000000002, 0, 5.243283670328666e-05, 0
4014, 35.00000000000001, 61.0, 9.000000000000002, 1, 7.833182936823927e-05, 0
4015, 1.0000000000000002, 62.99999999999999, 9.000000000000002, 0, 3.818368340292891e-10, 0
4016, 3.0, 62.99999999999999, 9.000000000000002, 0, 4.3665948720428455e-10, 0
4017, 5.0, 62.99999999999999, 9.000000000000002, 0, 4.839547744111337e-10, 0
4030, 31.000000000000004, 62.99999999999999, 9.000000000000002, 0, 4.68706080768389e-05, 0
4031, 33.0, 62.99999999999999, 9.000000000000002, 0, 7.095240363792726e-05, 0
4032, 35.00000000000001, 62.99999999999999, 9.000000000000002, 1, 8.884560482618219e-05, 0
4033, 1.0000000000000002, 65.0, 9.000000000000002, 0, 5.090390498471069e-10, 0
4034, 3.0, 65.0, 9.000000000000002, 0, 5.920398409062089e-10, 0
4035, 5.0, 65.0, 9.000000000000002, 0, 6.650747807981011e-10, 0
4048, 31.000000000000004, 65.0, 9.000000000000002, 0, 7.53194414691566e-05, 0
4049, 33.0, 65.0, 9.000000000000002, 1, 8.335165755622935e-05, 0
4050, 35.00000000000001, 65.0, 9.000000000000002, 1, 9.50865987790312e-05, 0
4051, 1.0000000000000002, 67.00000000000001, 9.000000000000002, 0, 6.587925007710567e-10, 0
4052, 3.0, 67.00000000000001, 9.000000000000002, 0, 7.541075809566621e-10, 0
4053, 5.0, 67.00000000000001, 9.000000000000002, 0, 8.405094885461428e-10, 0
4066, 31.000000000000004, 67.00000000000001, 9.000000000000002, 0, 7.529305097941027e-05, 0
4067, 33.0, 67.00000000000001, 9.000000000000002, 1, 8.80401775707032e-05, 0
4068, 35.00000000000001, 67.00000000000001, 9.000000000000002, 1, 0.00010096321441638951, 0
4069, 1.0000000000000002, 69.0, 9.000000000000002, 0, 8.532710535651472e-10, 0
4070, 3.0, 69.0, 9.000000000000002, 0, 9.073596567924256e-10, 0
4071, 5.0, 69.0, 9.000000000000002, 0, 9.745425947181416e-10, 0
4084, 31.000000000000004, 69.0, 9.000000000000002, 0, 7.581537712016376e-05, 0
4085, 33.0, 69.0, 9.000000000000002, 1, 9.043245092892922e-05, 0
4086, 35.00000000000001, 69.0, 9.000000000000002, 1, 0.00010607706879792937, 0
4087, 1.0000000000000002, 71.0, 9.000000000000002, 0, 9.37349065853409e-10, 0
4088, 3.0, 71.0, 9.000000000000002, 0, 1.0163134682229093e-09, 0
4089, 5.0, 71.0, 9.000000000000002, 0, 1.01536760558729e-09, 0
4102, 31.000000000000004, 71.0, 9.000000000000002, 1, 7.865709926137094e-05, 0
4103, 33.0, 71.0, 9.000000000000002, 1, 9.470227920740546e-05, 0
4104, 35.00000000000001, 71.0, 9.000000000000002, 1, 0.0001096459973546371, 0
4120, 31.000000000000004, 73.00000000000001, 9.000000000000002, 1, 8.394059458775071e-05, 0
4121, 33.0, 73.00000000000001, 9.000000000000002, 1, 9.728744415214875e-05, 0
4122, 35.00000000000001, 73.00000000000001, 9.000000000000002, 1, 0.00011286084146946155, 0
4138, 31.000000000000004, 75.0, 9.000000000000002, 1, 8.743135490849183e-05, 0
4139, 33.0, 75.0, 9.000000000000002, 1, 0.00010089735098814139, 0
4140, 35.00000000000001, 75.0, 9.000000000000002, 1, 0.00011613453083571096, 0
4156, 31.000000000000004, 77.00000000000001, 9.000000000000002, 1, 9.70780078049121e-05, 0
4157, 33.0, 77.00000000000001, 9.000000000000002, 1, 0.00010564675208085138, 0
4158, 35.00000000000001, 77.00000000000001, 9.000000000000002, 1, 0.00011678125240088087, 0
4174, 31.000000000000004, 79.00000000000001, 9.000000000000002, 1, 0.00010560727136318154, 0
4175, 33.0, 79.00000000000001, 9.000000000000002, 1, 0.00010858331639949459, 0
4176, 35.00000000000001, 79.00000000000001, 9.000000000000002, 1, 0.00011251493721747866, 0
4192, 31.000000000000004, 81.0, 9.000000000000002, 1, 0.00011325499247874919, 0
4193, 33.0, 81.0, 9.000000000000002, 1, 0.00011068861955690813, 0
4194, 35.00000000000001, 81.0, 9.000000000000002, 1, 0.0001065151028614875, 0
4210, 31.000000000000004, 83.00000000000001, 9.000000000000002, 1, 0.00012854109791006024, 0
4211, 33.0, 83.00000000000001, 9.000000000000002, 1, 0.00011371244926059267, 0
4212, 35.00000000000001, 83.00000000000001, 9.000000000000002, 1, 9.113548489641671e-05, 0
4228, 31.000000000000004, 85.00000000000001, 9.000000000000002, 1, 0.0001430499065648086, 0
4229, 33.0, 85.00000000000001, 9.000000000000002, 1, 0.00010527543442696403, 0
4230, 35.00000000000001, 85.00000000000001, 9.000000000000002, 0, 7.817687424582893e-05, 0
4246, 31.000000000000004, 87.0, 9.000000000000002, 1, 0.00014824205278938328, 0
4247, 33.0, 87.0, 9.000000000000002, 1, 0.00010577173232762901, 0
4248, 35.00000000000001, 87.0, 9.000000000000002, 0, 5.8577185454429806e-05, 0
4264, 31.000000000000004, 89.00000000000001, 9.000000000000002, 1, 0.0001538511162054439, 0
4265, 33.0, 89.00000000000001, 9.000000000000002, 1, 8.928606263564325e-05, 0
4266, 35.00000000000001, 89.00000000000001, 9.000000000000002, 0, 4.179486174358104e-05, 0
4282, 31.000000000000004, 91.00000000000001, 9.000000000000002, 1, 9.267411659846867e-05, 0
4283, 33.0, 91.00000000000001, 9.000000000000002, 0, 6.855091403933447e-05, 0
4284, 35.00000000000001, 91.00000000000001, 9.000000000000002, 0, 1.5339530852467497e-05, 0
4300, 31.000000000000004, 93.0, 9.000000000000002, 0, 5.0090407145260557e-05, 0
4301, 33.0, 93.0, 9.000000000000002, 0, 1.838667920762789e-05, 0
4302, 35.00000000000001, 93.0, 9.000000000000002, 0, 3.8163819177888343e-10, 0
4318, 31.000000000000004, 95.00000000000001, 9.000000000000002, 0, 8.764936744422334e-10, 0
4319, 33.0, 95.00000000000001, 9.000000000000002, 0, 6.933047682441852e-10, 0
4320, 35.00000000000001, 95.00000000000001, 9.000000000000002, 0, 3.721394592558712e-10, 0
4321, 1.0000000000000002, 1.0000000000000002, 11.000000000000002, 0, 9.500679212419402e-10, 0
4322, 3.0, 1.0000000000000002, 11.000000000000002, 0, 9.86951324672976e-10, 0
4339, 1.0000000000000002, 3.0000000000000004, 11.000000000000002, 0, 1.3148419980666225e-09, 0
4340, 3.0, 3.0000000000000004, 11.000000000000002, 0, 1.3806761469684946e-09, 0
4357, 1.0000000000000002, 5.000000000000001, 11.000000000000002, 0, 1.6265783838235826e-09, 0
4358, 3.0, 5.000000000000001, 11.000000000000002, 0, 1.7292801291236725e-09, 0
4390, 31.000000000000004, 7.000000000000001, 11.000000000000002, 1, 7.354018119128054e-05, 0
4391, 33.0, 7.000000000000001, 11.000000000000002, 0, 4.517123342719984e-05, 0
4392, 35.00000000000001, 7.000000000000001, 11.000000000000002, 0, 6.590903745060995e-10, 0
4408, 31.000000000000004, 9.000000000000002, 11.000000000000002, 1, 7.575803353774826e-05, 0
4409, 33.0, 9.000000000000002, 11.000000000000002, 0, 3.9323499850617375e-05, 0
4410, 35.00000000000001, 9.000000000000002, 11.000000000000002, 0, 5.44920696470711e-10, 0
4426, 31.000000000000004, 11.0, 11.000000000000002, 1, 6.789973232256772e-05, 0
4427, 33.0, 11.0, 11.000000000000002, 0, 3.697306560111971e-05, 0
4428, 35.00000000000001, 11.0, 11.000000000000002, 0, 1.3829462140207604e-06, 0
4444, 31.000000000000004, 13.0, 11.000000000000002, 1, 6.761381524087725e-05, 0
4445, 33.0, 13.0, 11.000000000000002, 1, 3.604239301888384e-05, 0
4446, 35.00000000000001, 13.0, 11.000000000000002, 0, 4.243813235861564e-06, 0
4462, 31.000000000000004, 14.999999999999998, 11.000000000000002, 1, 7.627436757662077e-05, 0
4463, 33.0, 14.999999999999998, 11.000000000000002, 1, 3.9634446756242495e-05, 0
4464, 35.00000000000001, 14.999999999999998, 11.000000000000002, 0, 4.790819418627835e-06, 0
4480, 31.000000000000004, 17.0, 11.000000000000002, 1, 5.097615949965604e-05, 0
4481, 33.0, 17.0, 11.000000000000002, 0, 3.3755603279418755e-05, 0
4482, 35.00000000000001, 17.0, 11.000000000000002, 0, 2.2636780906378048e-06, 0
4498, 31.000000000000004, 19.000000000000004, 11.000000000000002, 0, 3.3059796563519447e-05, 0
4499, 33.0, 19.000000000000004, 11.000000000000002, 0, 1.2542032540029823e-05, 0
4500, 35.00000000000001, 19.000000000000004, 11.000000000000002, 0, 3.462512606544534e-07, 0
4516, 31.000000000000004, 21.0, 11.000000000000002, 0, 2.6700091724103764e-09, 0
4517, 33.0, 21.0, 11.000000000000002, 0, 2.673419601479481e-09, 0
4518, 35.00000000000001, 21.0, 11.000000000000002, 0, 2.6777437245135316e-09, 0
4534, 31.000000000000004, 23.000000000000004, 11.000000000000002, 0, 2.0672666047231866e-09, 0
4535, 33.0, 23.000000000000004, 11.000000000000002, 0, 2.2261857568584494e-09, 0
4536, 35.00000000000001, 23.000000000000004, 11.000000000000002, 0, 2.369896238205781e-09, 0
4537, 1.0000000000000002, 25.000000000000004, 11.000000000000002, 0, 1.207265737910894e-09, 0
4538, 3.0, 25.000000000000004, 11.000000000000002, 0, 1.131406399908034e-09, 0
4539, 5.0, 25.000000000000004, 11.000000000000002, 0, 8.849570645234099e-10, 0
4552, 31.000000000000004, 25.000000000000004, 11.000000000000002, 0, 1.7066024390920894e-09, 0
4553, 33.0, 25.000000000000004, 11.000000000000002, 0, 1.8784828331442085e-09, 0
4554, 35.00000000000001, 25.000000000000004, 11.000000000000002, 0, 2.041207845751734e-09, 0
4555, 1.0000000000000002, 27.0, 11.000000000000002, 0, 1.045423130502228e-09, 0
4556, 3.0, 27.0, 11.000000000000002, 0, 8.937195068427149e-10, 0
4557, 5.0, 27.0, 11.000000000000002, 0, 7.880601767561409e-10, 0
4570, 31.000000000000004, 27.0, 11.000000000000002, 0, 1.4363040524430282e-09, 0
4571, 33.0, 27.0, 11.000000000000002, 0, 1.5612390410495215e-09, 0
4572, 35.00000000000001, 27.0, 11.000000000000002, 0, 1.6826130794443732e-09, 0
4573, 1.0000000000000002, 28.999999999999996, 11.000000000000002, 0, 6.322329425360434e-10, 0
4574, 3.0, 28.999999999999996, 11.000000000000002, 0, 6.123980275066977e-10, 0
4575, 5.0, 28.999999999999996, 11.000000000000002, 0, 5.947412209444831e-10, 0
4588, 31.000000000000004, 28.999999999999996, 11.000000000000002, 0, 1.2076317031894108e-09, 0
4589, 33.0, 28.999999999999996, 11.000000000000002, 0, 1.2847220326068297e-09, 0
4590, 35.00000000000001, 28.999999999999996, 11.000000000000002, 0, 1.3611227639719582e-09, 0
4591, 1.0000000000000002, 31.000000000000004, 11.000000000000002, 0, 4.025844426810218e-10, 0
4592, 3.0, 31.000000000000004, 11.000000000000002, 0, 3.976325955181055e-10, 0
4593, 5.0, 31.000000000000004, 11.000000000000002, 0, 3.908854610642988e-10, 0
4606, 31.000000000000004, 31.000000000000004, 11.000000000000002, 0, 1.0029801142166897e-09, 0
4607, 33.0, 31.000000000000004, 11.000000000000002, 0, 1.0643559305723222e-09, 0
4608, 35.00000000000001, 31.000000000000004, 11.000000000000002, 0, 1.1224444068177664e-09, 0
4609, 1.0000000000000002, 33.00000000000001, 11.000000000000002, 0, 2.681604354381494e-10, 0
4610, 3.0, 33.00000000000001, 11.000000000000002, 0, 2.558376274421664e-10, 0
4611, 5.0, 33.00000000000001, 11.000000000000002, 0, 2.4128508711133563e-10, 0
4624, 31.000000000000004, 33.00000000000001, 11.000000000000002, 0, 8.635138148520828e-10, 0
4625, 33.0, 33.00000000000001, 11.000000000000002, 0, 9.17029690019527e-10, 0
4626, 35.00000000000001, 33.00000000000001, 11.000000000000002, 0, 9.791025513373187e-10, 0
4627, 1.0000000000000002, 35.0, 11.000000000000002, 0, 1.8969662404937937e-10, 0
4628, 3.0, 35.0, 11.000000000000002, 0, 1.717044672686389e-10, 0
4629, 5.0, 35.0, 11.000000000000002, 0, 1.5303670898590647e-10, 0
4642, 31.000000000000004, 35.0, 11.000000000000002, 0, 7.737234351286475e-10, 0
4643, 33.0, 35.0, 11.000000000000002, 0, 8.414922567674922e-10, 0
4644, 35.00000000000001, 35.0, 11.000000000000002, 0, 9.085930135642574e-10, 0
4645, 1.0000000000000002, 37.00000000000001, 11.000000000000002, 0, 1.442939981167182e-10, 0
4646, 3.0, 37.00000000000001, 11.000000000000002, 0, 1.269996327358007e-10, 0
4647, 5.0, 37.00000000000001, 11.000000000000002, 0, 1.1033686232997112e-10, 0
4660, 31.000000000000004, 37.00000000000001, 11.000000000000002, 0, 7.35707954193629e-10, 0
4661, 33.0, 37.00000000000001, 11.000000000000002, 0, 8.093532284553278e-10, 0
4662, 35.00000000000001, 37.00000000000001, 11.000000000000002, 0, 8.841660377891129e-10, 0
4663, 1.0000000000000002, 39.00000000000001, 11.000000000000002, 0, 1.187942042569869e-10, 0
4664, 3.0, 39.00000000000001, 11.000000000000002, 0, 1.0582631004820306e-10, 0
4665, 5.0, 39.00000000000001, 11.000000000000002, 0, 9.243272253620394e-11, 0
4678, 31.000000000000004, 39.00000000000001, 11.000000000000002, 0, 7.083816048339363e-10, 0
4679, 33.0, 39.00000000000001, 11.000000000000002, 0, 8.100000477594959e-10, 0
4680, 35.00000000000001, 39.00000000000001, 11.000000000000002, 0, 8.994615247612877e-10, 0
4681, 1.0000000000000002, 41.0, 11.000000000000002, 0, 1.0628559419613401e-10, 0
4682, 3.0, 41.0, 11.000000000000002, 0, 9.661581173651962e-11, 0
4683, 5.0, 41.0, 11.000000000000002, 0, 8.756491500300769e-11, 0
4696, 31.000000000000004, 41.0, 11.000000000000002, 0, 7.342479707523612e-10, 0
4697, 33.0, 41.0, 11.000000000000002, 0, 8.572898781465856e-10, 0
4698, 35.00000000000001, 41.0, 11.000000000000002, 0, 9.731967009447884e-10, 0
4699, 1.0000000000000002, 43.00000000000001, 11.000000000000002, 0, 9.862949988214378e-11, 0
4700, 3.0, 43.00000000000001, 11.000000000000002, 0, 9.216414218799006e-11, 0
4701, 5.0, 43.00000000000001, 11.000000000000002, 0, 8.587163019617943e-11, 0
4714, 31.000000000000004, 43.00000000000001, 11.000000000000002, 0, 8.692927662779803e-10, 0
4715, 33.0, 43.00000000000001, 11.000000000000002, 0, 1.0065254491426422e-09, 0
4716, 35.00000000000001, 43.00000000000001, 11.000000000000002, 0, 1.1295944848856465e-09, 0
4717, 1.0000000000000002, 45.00000000000001, 11.000000000000002, 0, 9.091930735589388e-11, 0
4718, 3.0, 45.00000000000001, 11.000000000000002, 0, 8.764311335665424e-11, 0
4719, 5.0, 45.00000000000001, 11.000000000000002, 0, 8.463251570247579e-11, 0
4732, 31.000000000000004, 45.00000000000001, 11.000000000000002, 0, 1.0735147588686489e-05, 0
4733, 33.0, 45.00000000000001, 11.000000000000002, 0, 4.617555331819858e-06, 0
4734, 35.00000000000001, 45.00000000000001, 11.000000000000002, 0, 6.334151405681115e-07, 0
4735, 1.0000000000000002, 47.0, 11.000000000000002, 0, 8.1566372662563e-11, 0
4736, 3.0, 47.0, 11.000000000000002, 0, 8.281452496309336e-11, 0
4737, 5.0, 47.0, 11.000000000000002, 0, 8.36222514868277e-11, 0
4750, 31.000000000000004, 47.0, 11.000000000000002, 0, 2.0734187639397972e-05, 0
4751, 33.0, 47.0, 11.000000000000002, 0, 1.565984628323178e-05, 0
4752, 35.00000000000001, 47.0, 11.000000000000002, 0, 4.6336351315876575e-06, 0
4753, 1.0000000000000002, 49.0, 11.000000000000002, 0, 7.884895671680523e-11, 0
4754, 3.0, 49.0, 11.000000000000002, 0, 8.171663876393855e-11, 0
4755, 5.0, 49.0, 11.000000000000002, 0, 8.517471429088943e-11, 0
4768, 31.000000000000004, 49.0, 11.000000000000002, 0, 3.587944304999077e-05, 0
4769, 33.0, 49.0, 11.000000000000002, 0, 2.3693010320803062e-05, 0
4770, 35.00000000000001, 49.0, 11.000000000000002, 0, 1.5526301629331958e-05, 0
4771, 1.0000000000000002, 50.99999999999999, 11.000000000000002, 0, 9.179868845264419e-11, 0
4772, 3.0, 50.99999999999999, 11.000000000000002, 0, 9.035781106182413e-11, 0
4773, 5.0, 50.99999999999999, 11.000000000000002, 0, 9.043330311758695e-11, 0
4786, 31.000000000000004, 50.99999999999999, 11.000000000000002, 0, 3.618150907154299e-05, 0
4787, 33.0, 50.99999999999999, 11.000000000000002, 0, 3.166270471421663e-05, 0
4788, 35.00000000000001, 50.99999999999999, 11.000000000000002, 0, 2.5845888979297386e-05, 0
4789, 1.0000000000000002, 53.0, 11.000000000000002, 0, 1.1918368269284233e-10, 0
4790, 3.0, 53.0, 11.000000000000002, 0, 1.1017187673699468e-10, 0
4791, 5.0, 53.0, 11.000000000000002, 0, 1.0080740047206897e-10, 0
4804, 31.000000000000004, 53.0, 11.000000000000002, 0, 3.3195102915411656e-05, 0
4805, 33.0, 53.0, 11.000000000000002, 0, 3.6602783675020534e-05, 0
4806, 35.00000000000001, 53.0, 11.000000000000002, 0, 4.132501250329851e-05, 0
4807, 1.0000000000000002, 55.0, 11.000000000000002, 0, 1.5358764408736598e-10, 0
4808, 3.0, 55.0, 11.000000000000002, 0, 1.3821138293349316e-10, 0
4809, 5.0, 55.0, 11.000000000000002, 0, 1.2158776003638167e-10, 0
4822, 31.000000000000004, 55.0, 11.000000000000002, 0, 2.062662326282329e-05, 0
4823, 33.0, 55.0, 11.000000000000002, 0, 3.8377284815175224e-05, 0
4824, 35.00000000000001, 55.0, 11.000000000000002, 0, 5.883045488802939e-05, 0
4825, 1.0000000000000002, 56.99999999999999, 11.000000000000002, 0, 1.868408682141783e-10, 0
4826, 3.0, 56.99999999999999, 11.000000000000002, 0, 1.7654866835332137e-10, 0
4827, 5.0, 56.99999999999999, 11.000000000000002, 0, 1.6238615540794199e-10, 0
4840, 31.000000000000004, 56.99999999999999, 11.000000000000002, 0, 9.355781797825474e-06, 0
4841, 33.0, 56.99999999999999, 11.000000000000002, 0, 3.989855538563813e-05, 0
4842, 35.00000000000001, 56.99999999999999, 11.000000000000002, 0, 6.618476533372088e-05, 0
4843, 1.0000000000000002, 59.0, 11.000000000000002, 0, 2.2486093491442314e-10, 0
4844, 3.0, 59.0, 11.000000000000002, 0, 2.303233891510136e-10, 0
4845, 5.0, 59.0, 11.000000000000002, 0, 2.3043627030006968e-10, 0
4858, 31.000000000000004, 59.0, 11.000000000000002, 0, 1.1909101121693666e-09, 0
4859, 33.0, 59.0, 11.000000000000002, 0, 3.6866596702924683e-05, 0
4860, 35.00000000000001, 59.0, 11.000000000000002, 0, 7.652412469831029e-05, 0
4861, 1.0000000000000002, 61.0, 11.000000000000002, 0, 2.8615547754680533e-10, 0
4862, 3.0, 61.0, 11.000000000000002, 0, 3.14386285833642e-10, 0
4863, 5.0, 61.0, 11.000000000000002, 0, 3.3590216995126205e-10, 0
4876, 31.000000000000004, 61.0, 11.000000000000002, 0, 1.967461690024042e-05, 0
4877, 33.0, 61.0, 11.000000000000002, 0, 4.8135242400370995e-05, 0
4878, 35.00000000000001, 61.0, 11.000000000000002, 0, 7.712799253249063e-05, 0
4879, 1.0000000000000002, 62.99999999999999, 11.000000000000002, 0, 3.818368340181513e-10, 0
4880, 3.0, 62.99999999999999, 11.000000000000002, 0, 4.3665948716146265e-10, 0
4881, 5.0, 62.99999999999999, 11.000000000000002, 0, 4.839547743310823e-10, 0
4894, 31.000000000000004, 62.99999999999999, 11.000000000000002, 0, 3.951004847277054e-05, 0
4895, 33.0, 62.99999999999999, 11.000000000000002, 0, 6.565981681931092e-05, 0
4896, 35.00000000000001, 62.99999999999999, 11.000000000000002, 1, 8.66795453393735e-05, 0
4897, 1.0000000000000002, 65.0, 11.000000000000002, 0, 5.09039049822929e-10, 0
4898, 3.0, 65.0, 11.000000000000002, 0, 5.920398408024798e-10, 0
4899, 5.0, 65.0, 11.000000000000002, 0, 6.650747806103071e-10, 0
4912, 31.000000000000004, 65.0, 11.000000000000002, 0, 6.477237533434078e-05, 0
4913, 33.0, 65.0, 11.000000000000002, 0, 7.822986719702259e-05, 0
4914, 35.00000000000001, 65.0, 11.000000000000002, 1, 9.323999364724027e-05, 0
4915, 1.0000000000000002, 67.00000000000001, 11.000000000000002, 0, 6.587925007154696e-10, 0
4916, 3.0, 67.00000000000001, 11.000000000000002, 0, 7.541075806243757e-10, 0
4917, 5.0, 67.00000000000001, 11.000000000000002, 0, 8.405094878583837e-10, 0
4930, 31.000000000000004, 67.00000000000001, 11.000000000000002, 0, 6.719608973447752e-05, 0
4931, 33.0, 67.00000000000001, 11.000000000000002, 1, 8.340546444677476e-05, 0
4932, 35.00000000000001, 67.00000000000001, 11.000000000000002, 1, 9.99369358742234e-05, 0
4933, 1.0000000000000002, 69.0, 11.000000000000002, 0, 8.532710534365849e-10, 0
4934, 3.0, 69.0, 11.000000000000002, 0, 9.073596553853924e-10, 0
4935, 5.0, 69.0, 11.000000000000002, 0, 9.745425917479646e-10, 0
4948, 31.000000000000004, 69.0, 11.000000000000002, 0, 7.404375869948001e-05, 0
4949, 33.0, 69.0, 11.000000000000002, 1, 8.669189468304754e-05, 0
4950, 35.00000000000001, 69.0, 11.000000000000002, 1, 0.00010492349806120099, 0
4951, 1.0000000000000002, 71.0, 11.000000000000002, 0, 9.373490654357523e-10, 0
4952, 3.0, 71.0, 11.000000000000002, 0, 1.013059695255131e-09, 0
4953, 5.0, 71.0, 11.000000000000002, 0, 1.0153676012341494e-09, 0
4966, 31.000000000000004, 71.0, 11.000000000000002, 1, 7.679695294300149e-05, 0
4967, 33.0, 71.0, 11.000000000000002, 1, 9.39984581359563e-05, 0
4968, 35.00000000000001, 71.0, 11.000000000000002, 1, 0.00010795732369506199, 0
4984, 31.000000000000004, 73.00000000000001, 11.000000000000002, 1, 8.394059458733099e-05, 0
4985, 33.0, 73.00000000000001, 11.000000000000002, 1, 9.677939484438558e-05, 0
4986, 35.00000000000001, 73.00000000000001, 11.000000000000002, 1, 0.0001108962121426095, 0
5002, 31.000000000000004, 75.0, 11.000000000000002, 1, 8.743135490849183e-05, 0
5003, 33.0, 75.0, 11.000000000000002, 1, 0.00010056884990050027, 0
5004, 35.00000000000001, 75.0, 11.000000000000002, 1, 0.00011489685601592968, 0
5020, 31.000000000000004, 77.00000000000001, 11.000000000000002, 1, 9.70780078049121e-05, 0
5021, 33.0, 77.00000000000001, 11.000000000000002, 1, 0.00010560926584033209, 0
5022, 35.00000000000001, 77.00000000000001, 11.000000000000002, 1, 0.00011575618399367976, 0
5038, 31.000000000000004, 79.00000000000001, 11.000000000000002, 1, 0.00010560727136318154, 0
5039, 33.0, 79.00000000000001, 11.000000000000002, 1, 0.00010798756409099072, 0
5040, 35.00000000000001, 79.00000000000001, 11.000000000000002, 1, 0.00011083770676917064, 0
5056, 31.000000000000004, 81.0, 11.000000000000002, 1, 0.00011296157914574361, 0
5057, 33.0, 81.0, 11.000000000000002, 1, 0.00010833864005099676, 0
5058, 35.00000000000001, 81.0, 11.000000000000002, 1, 0.00010353283077229906, 0
5074, 31.000000000000004, 83.00000000000001, 11.000000000000002, 1, 0.0001240716044870342, 0
5075, 33.0, 83.00000000000001, 11.000000000000002, 1, 0.00010931216302472298, 0
5076, 35.00000000000001, 83.00000000000001, 11.000000000000002, 1, 8.777710476146973e-05, 0
5092, 31.000000000000004, 85.00000000000001, 11.000000000000002, 1, 0.00013409838379410715, 0
5093, 33.0, 85.00000000000001, 11.000000000000002, 1, 9.870200688088577e-05, 0
5094, 35.00000000000001, 85.00000000000001, 11.000000000000002, 0, 7.391258066102369e-05, 0
5110, 31.000000000000004, 87.0, 11.000000000000002, 1, 0.0001349202448474441, 0
5111, 33.0, 87.0, 11.000000000000002, 1, 9.65365726328151e-05, 0
5112, 35.00000000000001, 87.0, 11.000000000000002, 0, 5.354651163030174e-05, 0
5128, 31.000000000000004, 89.00000000000001, 11.000000000000002, 1, 0.00013550034985620755, 0
5129, 33.0, 89.00000000000001, 11.000000000000002, 0, 7.962399893532238e-05, 0
5130, 35.00000000000001, 89.00000000000001, 11.000000000000002, 0, 3.70022016938386e-05, 0
5146, 31.000000000000004, 91.00000000000001, 11.000000000000002, 1, 8.108285035744435e-05, 0
5147, 33.0, 91.00000000000001, 11.000000000000002, 0, 5.950998339224939e-05, 0
5148, 35.00000000000001, 91.00000000000001, 11.000000000000002, 0, 1.328386066898728e-05, 0
5164, 31.000000000000004, 93.0, 11.000000000000002, 0, 4.326125870634762e-05, 0
5165, 33.0, 93.0, 11.000000000000002, 0, 1.5846485214764388e-05, 0
5166, 35.00000000000001, 93.0, 11.000000000000002, 0, 3.560172446843521e-10, 0
5182, 31.000000000000004, 95.00000000000001, 11.000000000000002, 0, 8.101401018511991e-10, 0
5183, 33.0, 95.00000000000001, 11.000000000000002, 0, 6.385021240949156e-10, 0
5184, 35.00000000000001, 95.00000000000001, 11.000000000000002, 0, 3.4741661958105273e-10, 0
3, 5.0, 1.0000000000000002, 1.0000000000000002, 1, 1.0729020125e-05, 0
4, 7.000000000000001, 1.0000000000000002, 1.0000000000000002, 1, 6.0793665e-05, 0
5, 9.0, 1.0000000000000002, 1.0000000000000002, 1, 0.00012011594000000001, 0
6, 11.000000000000002, 1.0000000000000002, 1.0000000000000002, 1, 0.00014513894000000002, 0
7, 13.0, 1.0000000000000002, 1.0000000000000002, 1, 0.00015072978125, 0
8, 15.0, 1.0000000000000002, 1.0000000000000002, 1, 0.00014947732375, 0
9, 17.000000000000004, 1.0000000000000002, 1.0000000000000002, 1, 0.00014618595, 0
10, 19.000000000000004, 1.0000000000000002, 1.0000000000000002, 1, 0.00014150358875, 0
11, 21.000000000000004, 1.0000000000000002, 1.0000000000000002, 1, 0.000134598625, 0
12, 23.0, 1.0000000000000002, 1.0000000000000002, 1, 0.00012426973249999999, 0
13, 25.000000000000004, 1.0000000000000002, 1.0000000000000002, 1, 0.00010983522375, 0
14, 26.999999999999996, 1.0000000000000002, 1.0000000000000002, 1, 9.092802375000001e-05, 0
15, 29.0, 1.0000000000000002, 1.0000000000000002, 1, 6.680346625e-05, 0
16, 31.000000000000004, 1.0000000000000002, 1.0000000000000002, 1, 3.888391875e-05, 0
17, 33.0, 1.0000000000000002, 1.0000000000000002, 1, 1.4256363375000002e-05, 0
18, 35.00000000000001, 1.0000000000000002, 1.0000000000000002, 1, 1.990532375e-06, 0
21, 5.0, 3.0000000000000004, 1.0000000000000002, 1, 9.71498525e-05, 0
22, 7.000000000000001, 3.0000000000000004, 1.0000000000000002, 1, 0.00011827471, 0
23, 9.0, 3.0000000000000004, 1.0000000000000002, 1, 0.00010730935875, 0
24, 11.000000000000002, 3.0000000000000004, 1.0000000000000002, 1, 0.000102739785, 0
25, 13.0, 3.0000000000000004, 1.0000000000000002, 1, 9.557366375e-05, 0
26, 15.0, 3.0000000000000004, 1.0000000000000002, 1, 8.81257975e-05, 0
27, 17.000000000000004, 3.0000000000000004, 1.0000000000000002, 1, 8.0452375e-05, 0
28, 19.000000000000004, 3.0000000000000004, 1.0000000000000002, 1, 7.27258775e-05, 0
29, 21.000000000000004, 3.0000000000000004, 1.0000000000000002, 1, 6.480395375e-05, 0
30, 23.0, 3.0000000000000004, 1.0000000000000002, 1, 5.598891624999999e-05, 0
31, 25.000000000000004, 3.0000000000000004, 1.0000000000000002, 1, 4.5604827500000006e-05, 0
32, 26.999999999999996, 3.0000000000000004, 1.0000000000000002, 1, 3.416012125e-05, 0
33, 29.0, 3.0000000000000004, 1.0000000000000002, 1, 2.4512867499999998e-05, 0
34, 31.000000000000004, 3.0000000000000004, 1.0000000000000002, 1, 1.550688875e-05, 0
35, 33.0, 3.0000000000000004, 1.0000000000000002, 1, 8.656682375e-06, 0
36, 35.00000000000001, 3.0000000000000004, 1.0000000000000002, 1, 4.615789625e-06, 0
39, 5.0, 5.000000000000001, 1.0000000000000002, 1, 0.0005752903625000001, 0
40, 7.000000000000001, 5.000000000000001, 1.0000000000000002, 1, 0.00015388485375000002, 0
41, 9.0, 5.000000000000001, 1.0000000000000002, 1, 0.00010961065625, 0
42, 11.000000000000002, 5.000000000000001, 1.0000000000000002, 1, 9.877302125e-05, 0
43, 13.0, 5.000000000000001, 1.0000000000000002, 1, 9.520403e-05, 0
44, 15.0, 5.000000000000001, 1.0000000000000002, 1, 9.024649750000001e-05, 0
45, 17.000000000000004, 5.000000000000001, 1.0000000000000002, 1, 8.227275125e-05, 0
46, 19.000000000000004, 5.000000000000001, 1.0000000000000002, 1, 7.206672e-05, 0
47, 21.000000000000004, 5.000000000000001, 1.0000000000000002, 1, 6.068700625e-05, 0
48, 23.0, 5.000000000000001, 1.0000000000000002, 1, 4.873879e-05, 0
49, 25.000000000000004, 5.000000000000001, 1.0000000000000002, 1, 3.5969743750000004e-05, 0
50, 26.999999999999996, 5.000000000000001, 1.0000000000000002, 1, 2.254305325e-05, 0
51, 29.0, 5.000000000000001, 1.0000000000000002, 1, 1.6071311874999996e-05, 0
52, 31.000000000000004, 5.000000000000001, 1.0000000000000002, 1, 3.351823375e-05, 0
53, 33.0, 5.000000000000001, 1.0000000000000002, 1, 5.61444055e-05, 0
54, 35.00000000000001, 5.000000000000001, 1.0000000000000002, 1, 1.7233911250000002e-06, 0
55, 1.0000000000000002, 7.000000000000001, 1.0000000000000002, 1, 3.4236532499999995e-05, 0
56, 3.0, 7.000000000000001, 1.0000000000000002, 1, 0.0007559257749999999, 0
57, 5.0, 7.000000000000001, 1.0000000000000002, 1, 0.00030409278749999994, 0
58, 7.000000000000001, 7.000000000000001, 1.0000000000000002, 1, 0.00012914849625, 0
59, 9.0, 7.000000000000001, 1.0000000000000002, 1, 9.15943e-05, 0
69, 29.0, 7.000000000000001, 1.0000000000000002, 1, 4.8732365000000006e-05, 0
73, 1.0000000000000002, 9.000000000000002, 1.0000000000000002, 1, 0.0021085920375, 0
74, 3.0, 9.000000000000002, 1.0000000000000002, 1, 0.0006236201125000001, 0
75, 5.0, 9.000000000000002, 1.0000000000000002, 1, 0.00019095515000000003, 0
76, 7.000000000000001, 9.000000000000002, 1.0000000000000002, 1, 0.0001026497425, 0
77, 9.0, 9.000000000000002, 1.0000000000000002, 1, 9.353561875e-05, 0
87, 29.0, 9.000000000000002, 1.0000000000000002, 1, 8.151735124999999e-05, 0
91, 1.0000000000000002, 11.0, 1.0000000000000002, 1, 0.0011003012375, 0
92, 3.0, 11.0, 1.0000000000000002, 1, 0.000366077675, 0
93, 5.0, 11.0, 1.0000000000000002, 1, 0.0001422584, 0
94, 7.000000000000001, 11.0, 1.0000000000000002, 1, 0.00010234568375, 0
95, 9.0, 11.0, 1.0000000000000002, 1, 9.863237e-05, 0
105, 29.0, 11.0, 1.0000000000000002, 1, 6.654894375e-05, 0
109, 1.0000000000000002, 13.0, 1.0000000000000002, 1, 0.0002569704125, 0
110, 3.0, 13.0, 1.0000000000000002, 1, 0.00026757353750000003, 0
111, 5.0, 13.0, 1.0000000000000002, 1, 0.0001746166375, 0
112, 7.000000000000001, 13.0, 1.0000000000000002, 1, 0.00012812376375, 0
113, 9.0, 13.0, 1.0000000000000002, 1, 0.00010247929, 0
123, 29.0, 13.0, 1.0000000000000002, 1, 4.9410481250000004e-05, 0
127, 1.0000000000000002, 14.999999999999998, 1.0000000000000002, 1, 0.00015668241249999998, 0
128, 3.0, 14.999999999999998, 1.0000000000000002, 1, 0.0002280503375, 0
129, 5.0, 14.999999999999998, 1.0000000000000002, 1, 0.0002110118125, 0
130, 7.000000000000001, 14.999999999999998, 1.0000000000000002, 1, 0.000151959925, 0
131, 9.0, 14.999999999999998, 1.0000000000000002, 1, 9.856559e-05, 0
141, 29.0, 14.999999999999998, 1.0000000000000002, 1, 4.3812186249999994e-05, 0
145, 1.0000000000000002, 17.0, 1.0000000000000002, 1, 0.00022654532499999998, 0
146, 3.0, 17.0, 1.0000000000000002, 1, 0.00029508825, 0
147, 5.0, 17.0, 1.0000000000000002, 1, 0.0002384587, 0
148, 7.000000000000001, 17.0, 1.0000000000000002, 1, 0.000163315075, 0
149, 9.0, 17.0, 1.0000000000000002, 1, 9.0055195e-05, 0
159, 29.0, 17.0, 1.0000000000000002, 1, 6.0210411250000005e-05, 0
163, 1.0000000000000002, 19.000000000000004, 1.0000000000000002, 1, 0.00056282275, 0
164, 3.0, 19.000000000000004, 1.0000000000000002, 1, 0.00030598068750000004, 0
165, 5.0, 19.000000000000004, 1.0000000000000002, 1, 0.00022811622500000002, 0
166, 7.000000000000001, 19.000000000000004, 1.0000000000000002, 1, 0.000161906925, 0
167, 9.0, 19.000000000000004, 1.0000000000000002, 1, 8.15112925e-05, 0
177, 29.0, 19.000000000000004, 1.0000000000000002, 1, 0.0002760495, 0
181, 1.0000000000000002, 21.0, 1.0000000000000002, 1, 0.00030142529, 0
182, 3.0, 21.0, 1.0000000000000002, 1, 0.00012476816374999998, 0
183, 5.0, 21.0, 1.0000000000000002, 1, 0.0001668153875, 0
184, 7.000000000000001, 21.0, 1.0000000000000002, 1, 0.00014545445, 0
185, 9.0, 21.0, 1.0000000000000002, 1, 6.89614925e-05, 0
195, 29.0, 21.0, 1.0000000000000002, 1, 0.00035899385, 0
199, 1.0000000000000002, 23.000000000000004, 1.0000000000000002, 1, 2.1097149125e-06, 0
200, 3.0, 23.000000000000004, 1.0000000000000002, 1, 1.3153906124999999e-05, 0
201, 5.0, 23.000000000000004, 1.0000000000000002, 1, 0.00011629891625, 0
202, 7.000000000000001, 23.000000000000004, 1.0000000000000002, 1, 0.00011299297625, 0
203, 9.0, 23.000000000000004, 1.0000000000000002, 1, 5.143375875e-05, 0
213, 29.0, 23.000000000000004, 1.0000000000000002, 1, 0.000420659925, 0
220, 7.000000000000001, 25.000000000000004, 1.0000000000000002, 1, 0.0002288558125, 0
231, 29.0, 25.000000000000004, 1.0000000000000002, 1, 0.000496812975, 0
238, 7.000000000000001, 27.0, 1.0000000000000002, 1, 0.0001130000725, 0
249, 29.0, 27.0, 1.0000000000000002, 1, 0.0005835746375, 0
256, 7.000000000000001, 28.999999999999996, 1.0000000000000002, 1, 4.7660582500000005e-05, 0
267, 29.0, 28.999999999999996, 1.0000000000000002, 1, 0.00068522315, 0
274, 7.000000000000001, 31.000000000000004, 1.0000000000000002, 1, 2.52179925e-05, 0
285, 29.0, 31.000000000000004, 1.0000000000000002, 1, 0.0008044663500000001, 0
292, 7.000000000000001, 33.00000000000001, 1.0000000000000002, 1, 2.58319375e-05, 0
303, 29.0, 33.00000000000001, 1.0000000000000002, 1, 0.0009179136, 0
310, 7.000000000000001, 35.0, 1.0000000000000002, 1, 2.109220875e-05, 0
321, 29.0, 35.0, 1.0000000000000002, 1, 0.0005702093125, 0
328, 7.000000000000001, 37.00000000000001, 1.0000000000000002, 1, 6.918071749999999e-05, 0
339, 29.0, 37.00000000000001, 1.0000000000000002, 1, 0.0004600323375, 0
346, 7.000000000000001, 39.00000000000001, 1.0000000000000002, 1, 5.1706676250000004e-05, 0
357, 29.0, 39.00000000000001, 1.0000000000000002, 1, 0.00031917877500000003, 0
364, 7.000000000000001, 41.0, 1.0000000000000002, 1, 3.6132486249999994e-05, 0
375, 29.0, 41.0, 1.0000000000000002, 1, 0.00020197958749999998, 0
382, 7.000000000000001, 43.00000000000001, 1.0000000000000002, 1, 2.478674875e-05, 0
393, 29.0, 43.00000000000001, 1.0000000000000002, 1, 0.00011097848625, 0
400, 7.000000000000001, 45.00000000000001, 1.0000000000000002, 1, 1.628655e-05, 0
411, 29.0, 45.00000000000001, 1.0000000000000002, 1, 0.0002491800725, 0
418, 7.000000000000001, 47.0, 1.0000000000000002, 1, 1.020678525e-05, 0
429, 29.0, 47.0, 1.0000000000000002, 1, 0.0001691078125, 0
436, 7.000000000000001, 49.0, 1.0000000000000002, 1, 6.327359500000001e-06, 0
447, 29.0, 49.0, 1.0000000000000002, 1, 0.00013001394375, 0
454, 7.000000000000001, 50.99999999999999, 1.0000000000000002, 1, 4.683279875e-06, 0
465, 29.0, 50.99999999999999, 1.0000000000000002, 1, 0.00011906869875, 0
472, 7.000000000000001, 53.0, 1.0000000000000002, 1, 5.95761275e-06, 0
483, 29.0, 53.0, 1.0000000000000002, 1, 0.00011215109375000001, 0
490, 7.000000000000001, 55.0, 1.0000000000000002, 1, 1.3644830875e-05, 0
501, 29.0, 55.0, 1.0000000000000002, 1, 7.439471875000001e-05, 0
508, 7.000000000000001, 56.99999999999999, 1.0000000000000002, 1, 4.1817448e-05, 0
519, 29.0, 56.99999999999999, 1.0000000000000002, 1, 0.00011399183875000001, 0
526, 7.000000000000001, 59.0, 1.0000000000000002, 1, 2.6400698749999998e-05, 0
537, 29.0, 59.0, 1.0000000000000002, 1, 4.682539375e-05, 0
544, 7.000000000000001, 61.0, 1.0000000000000002, 1, 2.3748925e-05, 0
555, 29.0, 61.0, 1.0000000000000002, 1, 0.00030403303000000004, 0
562, 7.000000000000001, 62.99999999999999, 1.0000000000000002, 1, 1.996752375e-05, 0
573, 29.0, 62.99999999999999, 1.0000000000000002, 1, 0.00029617733, 0
580, 7.000000000000001, 65.0, 1.0000000000000002, 1, 3.42666225e-05, 0
591, 29.0, 65.0, 1.0000000000000002, 1, 0.00025825078375000003, 0
598, 7.000000000000001, 67.00000000000001, 1.0000000000000002, 1, 6.25198e-05, 0
609, 29.0, 67.00000000000001, 1.0000000000000002, 1, 0.00026339608375, 0
616, 7.000000000000001, 69.0, 1.0000000000000002, 1, 0.00012506903750000002, 0
627, 29.0, 69.0, 1.0000000000000002, 1, 0.00027339973125, 0
634, 7.000000000000001, 71.0, 1.0000000000000002, 1, 0.0004025895875, 0
645, 29.0, 71.0, 1.0000000000000002, 1, 0.00027828860625, 0
649, 1.0000000000000002, 73.00000000000001, 1.0000000000000002, 1, 1.86866925e-05, 0
650, 3.0, 73.00000000000001, 1.0000000000000002, 1, 0.00011204759875, 0
651, 5.0, 73.00000000000001, 1.0000000000000002, 1, 0.000331169035, 0
652, 7.000000000000001, 73.00000000000001, 1.0000000000000002, 1, 0.000269830485, 0
653, 9.0, 73.00000000000001, 1.0000000000000002, 1, 0.00024011386375, 0
663, 29.0, 73.00000000000001, 1.0000000000000002, 1, 0.00027926703625, 0
667, 1.0000000000000002, 75.0, 1.0000000000000002, 1, 1.676777e-05, 0
668, 3.0, 75.0, 1.0000000000000002, 1, 8.0565415e-05, 0
669, 5.0, 75.0, 1.0000000000000002, 1, 0.00022447979874999998, 0
670, 7.000000000000001, 75.0, 1.0000000000000002, 1, 0.000377504185, 0
671, 9.0, 75.0, 1.0000000000000002, 1, 0.0003718558, 0
672, 11.000000000000002, 75.0, 1.0000000000000002, 1, 0.00025337614625, 0
673, 13.0, 75.0, 1.0000000000000002, 1, 0.00017042724875000002, 0
674, 15.0, 75.0, 1.0000000000000002, 1, 0.0001660825975, 0
675, 17.000000000000004, 75.0, 1.0000000000000002, 1, 0.00017106155625, 0
676, 19.000000000000004, 75.0, 1.0000000000000002, 1, 0.000183376815, 0
677, 21.000000000000004, 75.0, 1.0000000000000002, 1, 0.0002027676875, 0
678, 23.0, 75.0, 1.0000000000000002, 1, 0.00022967024750000003, 0
679, 25.000000000000004, 75.0, 1.0000000000000002, 1, 0.00027036895125, 0
681, 29.0, 75.0, 1.0000000000000002, 1, 0.00027696391, 0
685, 1.0000000000000002, 77.00000000000001, 1.0000000000000002, 1, 4.4418823749999996e-05, 0
686, 3.0, 77.00000000000001, 1.0000000000000002, 1, 0.00016310300125, 0
687, 5.0, 77.00000000000001, 1.0000000000000002, 1, 0.0003216215775, 0
688, 7.000000000000001, 77.00000000000001, 1.0000000000000002, 1, 0.0004703312375, 0
689, 9.0, 77.00000000000001, 1.0000000000000002, 1, 0.000483706, 0
690, 11.000000000000002, 77.00000000000001, 1.0000000000000002, 1, 0.00034101036875000003, 0
691, 13.0, 77.00000000000001, 1.0000000000000002, 1, 0.00018077144, 0
692, 15.0, 77.00000000000001, 1.0000000000000002, 1, 0.00017470008625, 0
693, 17.000000000000004, 77.00000000000001, 1.0000000000000002, 1, 0.00017734812625, 0
694, 19.000000000000004, 77.00000000000001, 1.0000000000000002, 1, 0.00018753341250000001, 0
695, 21.000000000000004, 77.00000000000001, 1.0000000000000002, 1, 0.00020514384375000001, 0
696, 23.0, 77.00000000000001, 1.0000000000000002, 1, 0.00023076131124999998, 0
697, 25.000000000000004, 77.00000000000001, 1.0000000000000002, 1, 0.00027127846125, 0
699, 29.0, 77.00000000000001, 1.0000000000000002, 1, 0.00027270427375, 0
703, 1.0000000000000002, 79.00000000000001, 1.0000000000000002, 1, 0.00073891116125, 0
704, 3.0, 79.00000000000001, 1.0000000000000002, 1, 0.0004393893375, 0
705, 5.0, 79.00000000000001, 1.0000000000000002, 1, 0.00047550671249999997, 0
706, 7.000000000000001, 79.00000000000001, 1.0000000000000002, 1, 0.0005974351875, 0
707, 9.0, 79.00000000000001, 1.0000000000000002, 1, 0.0005897112375000001, 0
708, 11.000000000000002, 79.00000000000001, 1.0000000000000002, 1, 0.000410192325, 0
709, 13.0, 79.00000000000001, 1.0000000000000002, 1, 0.00019286977875, 0
710, 15.0, 79.00000000000001, 1.0000000000000002, 1, 0.00018161987374999998, 0
711, 17.000000000000004, 79.00000000000001, 1.0000000000000002, 1, 0.00018304073125000001, 0
712, 19.000000000000004, 79.00000000000001, 1.0000000000000002, 1, 0.00019158288375, 0
713, 21.000000000000004, 79.00000000000001, 1.0000000000000002, 1, 0.00020752960124999998, 0
714, 23.0, 79.00000000000001, 1.0000000000000002, 1, 0.00023173377875, 0
715, 25.000000000000004, 79.00000000000001, 1.0000000000000002, 1, 0.00027185927999999997, 0
717, 29.0, 79.00000000000001, 1.0000000000000002, 1, 0.00026505817375, 0
721, 1.0000000000000002, 81.0, 1.0000000000000002, 1, 0.000864287325, 0
722, 3.0, 81.0, 1.0000000000000002, 1, 0.0005870499250000001, 0
723, 5.0, 81.0, 1.0000000000000002, 1, 0.0005963239375, 0
724, 7.000000000000001, 81.0, 1.0000000000000002, 1, 0.0007038035250000001, 0
725, 9.0, 81.0, 1.0000000000000002, 1, 0.0006760584, 0
726, 11.000000000000002, 81.0, 1.0000000000000002, 1, 0.0004602261375, 0
727, 13.0, 81.0, 1.0000000000000002, 1, 0.0002132507925, 0
728, 15.0, 81.0, 1.0000000000000002, 1, 0.00018731353375, 0
729, 17.000000000000004, 81.0, 1.0000000000000002, 1, 0.00018823032374999999, 0
730, 19.000000000000004, 81.0, 1.0000000000000002, 1, 0.000195601255, 0
731, 21.000000000000004, 81.0, 1.0000000000000002, 1, 0.00021008852875000004, 0
732, 23.0, 81.0, 1.0000000000000002, 1, 0.00023292811375, 0
733, 25.000000000000004, 81.0, 1.0000000000000002, 1, 0.00027281369375000005, 0
735, 29.0, 81.0, 1.0000000000000002, 1, 0.00025558480375, 0
739, 1.0000000000000002, 83.00000000000001, 1.0000000000000002, 1, 0.0005517961375, 0
740, 3.0, 83.00000000000001, 1.0000000000000002, 1, 0.00054816665, 0
741, 5.0, 83.00000000000001, 1.0000000000000002, 1, 0.0006267215625, 0
742, 7.000000000000001, 83.00000000000001, 1.0000000000000002, 1, 0.0007539936875000001, 0
743, 9.0, 83.00000000000001, 1.0000000000000002, 1, 0.000721082275, 0
744, 11.000000000000002, 83.00000000000001, 1.0000000000000002, 1, 0.00048641078750000005, 0
745, 13.0, 83.00000000000001, 1.0000000000000002, 1, 0.00022725094125, 0
746, 15.0, 83.00000000000001, 1.0000000000000002, 1, 0.00019235504125, 0
747, 17.000000000000004, 83.00000000000001, 1.0000000000000002, 1, 0.00019324227625, 0
748, 19.000000000000004, 83.00000000000001, 1.0000000000000002, 1, 0.0001998131975, 0
749, 21.000000000000004, 83.00000000000001, 1.0000000000000002, 1, 0.0002129480475, 0
750, 23.0, 83.00000000000001, 1.0000000000000002, 1, 0.00023434625, 0
751, 25.000000000000004, 83.00000000000001, 1.0000000000000002, 1, 0.00027408414250000004, 0
753, 29.0, 83.00000000000001, 1.0000000000000002, 1, 0.000250945965, 0
757, 1.0000000000000002, 85.00000000000001, 1.0000000000000002, 1, 0.00047961185, 0
758, 3.0, 85.00000000000001, 1.0000000000000002, 1, 0.0004752879, 0
759, 5.0, 85.00000000000001, 1.0000000000000002, 1, 0.000599885125, 0
760, 7.000000000000001, 85.00000000000001, 1.0000000000000002, 1, 0.0007478594750000001, 0
761, 9.0, 85.00000000000001, 1.0000000000000002, 1, 0.0007182494624999999, 0
762, 11.000000000000002, 85.00000000000001, 1.0000000000000002, 1, 0.0004843949, 0
763, 13.0, 85.00000000000001, 1.0000000000000002, 1, 0.00023405371999999999, 0
764, 15.0, 85.00000000000001, 1.0000000000000002, 1, 0.00019755256000000002, 0
765, 17.000000000000004, 85.00000000000001, 1.0000000000000002, 1, 0.00019886272624999998, 0
766, 19.000000000000004, 85.00000000000001, 1.0000000000000002, 1, 0.000204921005, 0
767, 21.000000000000004, 85.00000000000001, 1.0000000000000002, 1, 0.000216540045, 0
768, 23.0, 85.00000000000001, 1.0000000000000002, 1, 0.00023575285125, 0
769, 25.000000000000004, 85.00000000000001, 1.0000000000000002, 1, 0.00027423853749999997, 0
771, 29.0, 85.00000000000001, 1.0000000000000002, 1, 0.00025461706125000003, 0
775, 1.0000000000000002, 87.0, 1.0000000000000002, 1, 0.000436445525, 0
776, 3.0, 87.0, 1.0000000000000002, 1, 0.0004511591875, 0
777, 5.0, 87.0, 1.0000000000000002, 1, 0.0005539807625, 0
778, 7.000000000000001, 87.0, 1.0000000000000002, 1, 0.0007032420125, 0
779, 9.0, 87.0, 1.0000000000000002, 1, 0.000682359775, 0
789, 29.0, 87.0, 1.0000000000000002, 1, 0.0002573593425, 0
793, 1.0000000000000002, 89.00000000000001, 1.0000000000000002, 1, 0.00051152545, 0
794, 3.0, 89.00000000000001, 1.0000000000000002, 1, 0.00040368551250000005, 0
795, 5.0, 89.00000000000001, 1.0000000000000002, 1, 0.00048070320000000004, 0
796, 7.000000000000001, 89.00000000000001, 1.0000000000000002, 1, 0.0006315720000000001, 0
797, 9.0, 89.00000000000001, 1.0000000000000002, 1, 0.0006301110625, 0
807, 29.0, 89.00000000000001, 1.0000000000000002, 1, 0.000251634585, 0
811, 1.0000000000000002, 91.00000000000001, 1.0000000000000002, 1, 0.0003398918275, 0
812, 3.0, 91.00000000000001, 1.0000000000000002, 1, 0.00026235405000000003, 0
813, 5.0, 91.00000000000001, 1.0000000000000002, 1, 0.00037086747500000004, 0
814, 7.000000000000001, 91.00000000000001, 1.0000000000000002, 1, 0.0005417614625, 0
815, 9.0, 91.00000000000001, 1.0000000000000002, 1, 0.00057027355, 0
825, 29.0, 91.00000000000001, 1.0000000000000002, 1, 0.000213656375, 0
829, 1.0000000000000002, 93.0, 1.0000000000000002, 1, 1.4004500000000001e-05, 0
830, 3.0, 93.0, 1.0000000000000002, 1, 0.00010056346625, 0
831, 5.0, 93.0, 1.0000000000000002, 1, 0.0002644162625, 0
832, 7.000000000000001, 93.0, 1.0000000000000002, 1, 0.000455535075, 0
833, 9.0, 93.0, 1.0000000000000002, 1, 0.000514568, 0
843, 29.0, 93.0, 1.0000000000000002, 1, 0.00014602573125, 0
847, 1.0000000000000002, 95.00000000000001, 1.0000000000000002, 1, 1.5872183749999997e-05, 0
848, 3.0, 95.00000000000001, 1.0000000000000002, 1, 8.057857499999999e-05, 0
849, 5.0, 95.00000000000001, 1.0000000000000002, 1, 0.0002255242375, 0
850, 7.000000000000001, 95.00000000000001, 1.0000000000000002, 1, 0.00040774880749999996, 0
851, 9.0, 95.00000000000001, 1.0000000000000002, 1, 0.00046550555, 0
861, 29.0, 95.00000000000001, 1.0000000000000002, 1, 0.00013621067625, 0
867, 5.0, 1.0000000000000002, 3.0000000000000004, 1, 9.452662125000001e-05, 0
868, 7.000000000000001, 1.0000000000000002, 3.0000000000000004, 1, 0.0002383516, 0
869, 9.0, 1.0000000000000002, 3.0000000000000004, 1, 0.00038093401250000004, 0
870, 11.000000000000002, 1.0000000000000002, 3.0000000000000004, 1, 0.0004375248625, 0
871, 13.0, 1.0000000000000002, 3.0000000000000004, 1, 0.0004078307875, 0
872, 15.0, 1.0000000000000002, 3.0000000000000004, 1, 0.0003361397375, 0
873, 17.000000000000004, 1.0000000000000002, 3.0000000000000004, 1, 0.0002603369, 0
874, 19.000000000000004, 1.0000000000000002, 3.0000000000000004, 1, 0.0002024572375, 0
875, 21.000000000000004, 1.0000000000000002, 3.0000000000000004, 1, 0.0001703302975, 0
876, 23.0, 1.0000000000000002, 3.0000000000000004, 1, 0.000160084995, 0
877, 25.000000000000004, 1.0000000000000002, 3.0000000000000004, 1, 0.0001587031775, 0
878, 26.999999999999996, 1.0000000000000002, 3.0000000000000004, 1, 0.00014813493875, 0
879, 29.0, 1.0000000000000002, 3.0000000000000004, 1, 0.00011875143875, 0
880, 31.000000000000004, 1.0000000000000002, 3.0000000000000004, 1, 7.911803874999999e-05, 0
881, 33.0, 1.0000000000000002, 3.0000000000000004, 1, 4.128094375e-05, 0
882, 35.00000000000001, 1.0000000000000002, 3.0000000000000004, 1, 1.4684186625e-05, 0
885, 5.0, 3.0000000000000004, 3.0000000000000004, 1, 0.0002129920625, 0
886, 7.000000000000001, 3.0000000000000004, 3.0000000000000004, 1, 0.00011245893750000001, 0
887, 9.0, 3.0000000000000004, 3.0000000000000004, 1, 8.0790935e-05, 0
888, 11.000000000000002, 3.0000000000000004, 3.0000000000000004, 1, 7.918099e-05, 0
889, 13.0, 3.0000000000000004, 3.0000000000000004, 1, 9.253765124999998e-05, 0
890, 15.0, 3.0000000000000004, 3.0000000000000004, 1, 0.00010739549999999999, 0
891, 17.000000000000004, 3.0000000000000004, 3.0000000000000004, 1, 0.0001152622475, 0
892, 19.000000000000004, 3.0000000000000004, 3.0000000000000004, 1, 0.00011293536375, 0
893, 21.000000000000004, 3.0000000000000004, 3.0000000000000004, 1, 9.9968835e-05, 0
894, 23.0, 3.0000000000000004, 3.0000000000000004, 1, 7.803865374999999e-05, 0
895, 25.000000000000004, 3.0000000000000004, 3.0000000000000004, 1, 5.268618625e-05, 0
896, 26.999999999999996, 3.0000000000000004, 3.0000000000000004, 1, 2.9938527499999997e-05, 0
897, 29.0, 3.0000000000000004, 3.0000000000000004, 1, 1.8836462124999997e-05, 0
898, 31.000000000000004, 3.0000000000000004, 3.0000000000000004, 1, 1.818297375e-05, 0
899, 33.0, 3.0000000000000004, 3.0000000000000004, 1, 1.85974275e-05, 0
900, 35.00000000000001, 3.0000000000000004, 3.0000000000000004, 1, 2.267705625e-05, 0
903, 5.0, 5.000000000000001, 3.0000000000000004, 1, 0.0004786350625, 0
904, 7.000000000000001, 5.000000000000001, 3.0000000000000004, 1, 0.0001166836575, 0
905, 9.0, 5.000000000000001, 3.0000000000000004, 1, 9.729852499999999e-05, 0
906, 11.000000000000002, 5.000000000000001, 3.0000000000000004, 1, 0.0001480646325, 0
907, 13.0, 5.000000000000001, 3.0000000000000004, 1, 0.00021075518625, 0
908, 15.0, 5.000000000000001, 3.0000000000000004, 1, 0.0002590646, 0
909, 17.000000000000004, 5.000000000000001, 3.0000000000000004, 1, 0.00028251450000000005, 0
910, 19.000000000000004, 5.000000000000001, 3.0000000000000004, 1, 0.000281463425, 0
911, 21.000000000000004, 5.000000000000001, 3.0000000000000004, 1, 0.00025872410000000003, 0
912, 23.0, 5.000000000000001, 3.0000000000000004, 1, 0.0002168599525, 0
913, 25.000000000000004, 5.000000000000001, 3.0000000000000004, 1, 0.00016043306375, 0
914, 26.999999999999996, 5.000000000000001, 3.0000000000000004, 1, 9.09665775e-05, 0
915, 29.0, 5.000000000000001, 3.0000000000000004, 1, 3.24740925e-05, 0
916, 31.000000000000004, 5.000000000000001, 3.0000000000000004, 1, 4.485956625e-05, 0
917, 33.0, 5.000000000000001, 3.0000000000000004, 1, 8.758095375000001e-05, 0
918, 35.00000000000001, 5.000000000000001, 3.0000000000000004, 1, 1.2751305375e-05, 0
919, 1.0000000000000002, 7.000000000000001, 3.0000000000000004, 1, 3.0140892499999997e-05, 0
920, 3.0, 7.000000000000001, 3.0000000000000004, 1, 0.00042893772500000003, 0
921, 5.0, 7.000000000000001, 3.0000000000000004, 1, 0.0001682054, 0
922, 7.000000000000001, 7.000000000000001, 3.0000000000000004, 1, 0.0001598366, 0
923, 9.0, 7.000000000000001, 3.0000000000000004, 1, 0.0003804314875, 0
933, 29.0, 7.000000000000001, 3.0000000000000004, 1, 9.756971875e-05, 0
937, 1.0000000000000002, 9.000000000000002, 3.0000000000000004, 1, 0.0012548914375, 0
938, 3.0, 9.000000000000002, 3.0000000000000004, 1, 0.0003607678625, 0
939, 5.0, 9.000000000000002, 3.0000000000000004, 1, 0.0001385425425, 0
940, 7.000000000000001, 9.000000000000002, 3.0000000000000004, 1, 0.0002161765125, 0
941, 9.0, 9.000000000000002, 3.0000000000000004, 1, 0.000485648275, 0
951, 29.0, 9.000000000000002, 3.0000000000000004, 1, 9.468192125e-05, 0
955, 1.0000000000000002, 11.0, 3.0000000000000004, 1, 0.0008909899875, 0
956, 3.0, 11.0, 3.0000000000000004, 1, 0.00036626381250000003, 0
957, 5.0, 11.0, 3.0000000000000004, 1, 0.00021368566249999998, 0
958, 7.000000000000001, 11.0, 3.0000000000000004, 1, 0.0002502815, 0
959, 9.0, 11.0, 3.0000000000000004, 1, 0.0005092180625, 0
969, 29.0, 11.0, 3.0000000000000004, 1, 7.690113375e-05, 0
973, 1.0000000000000002, 13.0, 3.0000000000000004, 1, 0.00030231975, 0
974, 3.0, 13.0, 3.0000000000000004, 1, 0.0003560344, 0
975, 5.0, 13.0, 3.0000000000000004, 1, 0.0002671659, 0
976, 7.000000000000001, 13.0, 3.0000000000000004, 1, 0.0002510872625, 0
977, 9.0, 13.0, 3.0000000000000004, 1, 0.0004641232625, 0
987, 29.0, 13.0, 3.0000000000000004, 1, 7.864724750000001e-05, 0
991, 1.0000000000000002, 14.999999999999998, 3.0000000000000004, 1, 0.00024092865, 0
992, 3.0, 14.999999999999998, 3.0000000000000004, 1, 0.0002991565375, 0
993, 5.0, 14.999999999999998, 3.0000000000000004, 1, 0.00025892699999999994, 0
994, 7.000000000000001, 14.999999999999998, 3.0000000000000004, 1, 0.0002164388625, 0
995, 9.0, 14.999999999999998, 3.0000000000000004, 1, 0.0003708401125, 0
1005, 29.0, 14.999999999999998, 3.0000000000000004, 1, 9.626078125e-05, 0
1009, 1.0000000000000002, 17.0, 3.0000000000000004, 1, 0.0002825521, 0
1010, 3.0, 17.0, 3.0000000000000004, 1, 0.0003115409875, 0
1011, 5.0, 17.0, 3.0000000000000004, 1, 0.00022122660000000003, 0
1012, 7.000000000000001, 17.0, 3.0000000000000004, 1, 0.00016922222499999998, 0
1013, 9.0, 17.0, 3.0000000000000004, 1, 0.00026251493750000004, 0
1023, 29.0, 17.0, 3.0000000000000004, 1, 0.00013922272875, 0
1027, 1.0000000000000002, 19.000000000000004, 3.0000000000000004, 1, 0.0005186232749999999, 0
1028, 3.0, 19.000000000000004, 3.0000000000000004, 1, 0.0002549246, 0
1029, 5.0, 19.000000000000004, 3.0000000000000004, 1, 0.0001632998375, 0
1030, 7.000000000000001, 19.000000000000004, 3.0000000000000004, 1, 0.0001277481375, 0
1031, 9.0, 19.000000000000004, 3.0000000000000004, 1, 0.00017190999875, 0
1041, 29.0, 19.000000000000004, 3.0000000000000004, 1, 0.0005053871875000001, 0
1045, 1.0000000000000002, 21.0, 3.0000000000000004, 1, 0.0002167160525, 0
1046, 3.0, 21.0, 3.0000000000000004, 1, 7.880847875e-05, 0
1047, 5.0, 21.0, 3.0000000000000004, 1, 0.00010463369625000001, 0
1048, 7.000000000000001, 21.0, 3.0000000000000004, 1, 9.85221025e-05, 0
1049, 9.0, 21.0, 3.0000000000000004, 1, 0.00011997085624999999, 0
1059, 29.0, 21.0, 3.0000000000000004, 1, 0.0005604857, 0
1063, 1.0000000000000002, 23.000000000000004, 3.0000000000000004, 1, 3.8778525e-06, 0
1064, 3.0, 23.000000000000004, 3.0000000000000004, 1, 9.5768535e-06, 0
1065, 5.0, 23.000000000000004, 3.0000000000000004, 1, 0.00011967979874999998, 0
1066, 7.000000000000001, 23.000000000000004, 3.0000000000000004, 1, 0.000104962135, 0
1067, 9.0, 23.000000000000004, 3.0000000000000004, 1, 0.00012542182249999998, 0
1077, 29.0, 23.000000000000004, 3.0000000000000004, 1, 0.0005881661875, 0
1084, 7.000000000000001, 25.000000000000004, 3.0000000000000004, 1, 0.0002896592125, 0
1095, 29.0, 25.000000000000004, 3.0000000000000004, 1, 0.0006345269125000001, 0
1102, 7.000000000000001, 27.0, 3.0000000000000004, 1, 0.000137848225, 0
1113, 29.0, 27.0, 3.0000000000000004, 1, 0.0006921963500000001, 0
1120, 7.000000000000001, 28.999999999999996, 3.0000000000000004, 1, 7.478041e-05, 0
1131, 29.0, 28.999999999999996, 3.0000000000000004, 1, 0.0007670621375, 0
1138, 7.000000000000001, 31.000000000000004, 3.0000000000000004, 1, 4.476549e-05, 0
1149, 29.0, 31.000000000000004, 3.0000000000000004, 1, 0.0008802356, 0
1156, 7.000000000000001, 33.00000000000001, 3.0000000000000004, 1, 3.0898455e-05, 0
1167, 29.0, 33.00000000000001, 3.0000000000000004, 1, 0.001022001875, 0
1174, 7.000000000000001, 35.0, 3.0000000000000004, 1, 2.59832825e-05, 0
1185, 29.0, 35.0, 3.0000000000000004, 1, 0.000608277975, 0
1192, 7.000000000000001, 37.00000000000001, 3.0000000000000004, 1, 6.5003708625e-05, 0
1203, 29.0, 37.00000000000001, 3.0000000000000004, 1, 0.0005249826, 0
1210, 7.000000000000001, 39.00000000000001, 3.0000000000000004, 1, 4.297122125e-05, 0
1221, 29.0, 39.00000000000001, 3.0000000000000004, 1, 0.00040428869999999996, 0
1228, 7.000000000000001, 41.0, 3.0000000000000004, 1, 2.976793125e-05, 0
1239, 29.0, 41.0, 3.0000000000000004, 1, 0.00029363625, 0
1246, 7.000000000000001, 43.00000000000001, 3.0000000000000004, 1, 2.222405e-05, 0
1257, 29.0, 43.00000000000001, 3.0000000000000004, 1, 0.00020004769999999999, 0
1264, 7.000000000000001, 45.00000000000001, 3.0000000000000004, 1, 1.71540525e-05, 0
1275, 29.0, 45.00000000000001, 3.0000000000000004, 1, 0.00012676022374999999, 0
1282, 7.000000000000001, 47.0, 3.0000000000000004, 1, 1.37940225e-05, 0
1293, 29.0, 47.0, 3.0000000000000004, 1, 6.1606425e-05, 0
1300, 7.000000000000001, 49.0, 3.0000000000000004, 1, 1.1818042375000001e-05, 0
1311, 29.0, 49.0, 3.0000000000000004, 1, 3.7541805e-05, 0
1318, 7.000000000000001, 50.99999999999999, 3.0000000000000004, 1, 1.1154477875e-05, 0
1329, 29.0, 50.99999999999999, 3.0000000000000004, 1, 2.253307375e-05, 0
1336, 7.000000000000001, 53.0, 3.0000000000000004, 1, 1.1915168125e-05, 0
1347, 29.0, 53.0, 3.0000000000000004, 1, 3.225452375e-05, 0
1354, 7.000000000000001, 55.0, 3.0000000000000004, 1, 1.492234e-05, 0
1365, 29.0, 55.0, 3.0000000000000004, 1, 5.6257415e-05, 0
1372, 7.000000000000001, 56.99999999999999, 3.0000000000000004, 1, 2.690876775e-05, 0
1383, 29.0, 56.99999999999999, 3.0000000000000004, 1, 9.177626625e-05, 0
1390, 7.000000000000001, 59.0, 3.0000000000000004, 1, 4.712915375e-05, 0
1401, 29.0, 59.0, 3.0000000000000004, 1, 5.3034296249999996e-05, 0
1408, 7.000000000000001, 61.0, 3.0000000000000004, 1, 5.408093e-05, 0
1419, 29.0, 61.0, 3.0000000000000004, 1, 6.570042874999999e-05, 0
1426, 7.000000000000001, 62.99999999999999, 3.0000000000000004, 1, 6.490719375e-05, 0
1437, 29.0, 62.99999999999999, 3.0000000000000004, 1, 7.7184640125e-05, 0
1444, 7.000000000000001, 65.0, 3.0000000000000004, 1, 8.669129125e-05, 0
1455, 29.0, 65.0, 3.0000000000000004, 1, 9.468126000000002e-05, 0
1462, 7.000000000000001, 67.00000000000001, 3.0000000000000004, 1, 0.0001220473025, 0
1473, 29.0, 67.00000000000001, 3.0000000000000004, 1, 0.00011103177999999999, 0
1480, 7.000000000000001, 69.0, 3.0000000000000004, 1, 0.00015490093125, 0
1491, 29.0, 69.0, 3.0000000000000004, 1, 0.00012806194375, 0
1498, 7.000000000000001, 71.0, 3.0000000000000004, 1, 0.0002525395425, 0
1509, 29.0, 71.0, 3.0000000000000004, 1, 0.00014494804125, 0
1513, 1.0000000000000002, 73.00000000000001, 3.0000000000000004, 1, 7.711437125e-05, 0
1514, 3.0, 73.00000000000001, 3.0000000000000004, 1, 0.00014078819, 0
1515, 5.0, 73.00000000000001, 3.0000000000000004, 1, 0.000284946975, 0
1516, 7.000000000000001, 73.00000000000001, 3.0000000000000004, 1, 0.00018315906, 0
1517, 9.0, 73.00000000000001, 3.0000000000000004, 1, 0.00059638086625, 0
1527, 29.0, 73.00000000000001, 3.0000000000000004, 1, 0.00016238875874999997, 0
1531, 1.0000000000000002, 75.0, 3.0000000000000004, 1, 5.490230250000001e-05, 0
1532, 3.0, 75.0, 3.0000000000000004, 1, 7.3894045e-05, 0
1533, 5.0, 75.0, 3.0000000000000004, 1, 0.00011200379875000001, 0
1534, 7.000000000000001, 75.0, 3.0000000000000004, 1, 0.0001799560425, 0
1535, 9.0, 75.0, 3.0000000000000004, 1, 0.0007933989162499999, 0
1536, 11.000000000000002, 75.0, 3.0000000000000004, 1, 0.0005497403125, 0
1537, 13.0, 75.0, 3.0000000000000004, 1, 0.000499044225, 0
1538, 15.0, 75.0, 3.0000000000000004, 1, 0.0004793329125, 0
1539, 17.000000000000004, 75.0, 3.0000000000000004, 1, 0.00047814963750000003, 0
1540, 19.000000000000004, 75.0, 3.0000000000000004, 1, 0.0004921354125, 0
1541, 21.000000000000004, 75.0, 3.0000000000000004, 1, 0.000518761925, 0
1542, 23.0, 75.0, 3.0000000000000004, 1, 0.0005553099, 0
1543, 25.000000000000004, 75.0, 3.0000000000000004, 1, 0.0006092912, 0
1545, 29.0, 75.0, 3.0000000000000004, 1, 0.0001825927675, 0
1549, 1.0000000000000002, 77.00000000000001, 3.0000000000000004, 1, 5.311714625e-05, 0
1550, 3.0, 77.00000000000001, 3.0000000000000004, 1, 7.927710500000001e-05, 0
1551, 5.0, 77.00000000000001, 3.0000000000000004, 1, 0.00010608213, 0
1552, 7.000000000000001, 77.00000000000001, 3.0000000000000004, 1, 0.00020370252625, 0
1553, 9.0, 77.00000000000001, 3.0000000000000004, 1, 0.00095486996, 0
1554, 11.000000000000002, 77.00000000000001, 3.0000000000000004, 1, 0.0006224618875000001, 0
1555, 13.0, 77.00000000000001, 3.0000000000000004, 1, 0.0005736270625, 0
1556, 15.0, 77.00000000000001, 3.0000000000000004, 1, 0.0005517251625000001, 0
1557, 17.000000000000004, 77.00000000000001, 3.0000000000000004, 1, 0.0005482423875, 0
1558, 19.000000000000004, 77.00000000000001, 3.0000000000000004, 1, 0.0005615965875, 0
1559, 21.000000000000004, 77.00000000000001, 3.0000000000000004, 1, 0.0005900066625, 0
1560, 23.0, 77.00000000000001, 3.0000000000000004, 1, 0.0006314473125, 0
1561, 25.000000000000004, 77.00000000000001, 3.0000000000000004, 1, 0.0006967570875000001, 0
1563, 29.0, 77.00000000000001, 3.0000000000000004, 1, 0.000204734835, 0
1567, 1.0000000000000002, 79.00000000000001, 3.0000000000000004, 1, 0.000192702935, 0
1568, 3.0, 79.00000000000001, 3.0000000000000004, 1, 8.753606874999999e-05, 0
1569, 5.0, 79.00000000000001, 3.0000000000000004, 1, 0.000115346565, 0
1570, 7.000000000000001, 79.00000000000001, 3.0000000000000004, 1, 0.0002193892575, 0
1571, 9.0, 79.00000000000001, 3.0000000000000004, 1, 0.0010861333875, 0
1572, 11.000000000000002, 79.00000000000001, 3.0000000000000004, 1, 0.0006874821625, 0
1573, 13.0, 79.00000000000001, 3.0000000000000004, 1, 0.0006394282000000001, 0
1574, 15.0, 79.00000000000001, 3.0000000000000004, 1, 0.0006173724500000001, 0
1575, 17.000000000000004, 79.00000000000001, 3.0000000000000004, 1, 0.0006132243625000001, 0
1576, 19.000000000000004, 79.00000000000001, 3.0000000000000004, 1, 0.0006270827, 0
1577, 21.000000000000004, 79.00000000000001, 3.0000000000000004, 1, 0.0006584693624999999, 0
1578, 23.0, 79.00000000000001, 3.0000000000000004, 1, 0.000706636575, 0
1579, 25.000000000000004, 79.00000000000001, 3.0000000000000004, 1, 0.0007852426, 0
1581, 29.0, 79.00000000000001, 3.0000000000000004, 1, 0.00024004191250000001, 0
1585, 1.0000000000000002, 81.0, 3.0000000000000004, 1, 0.00015315102875000002, 0
1586, 3.0, 81.0, 3.0000000000000004, 1, 8.923978e-05, 0
1587, 5.0, 81.0, 3.0000000000000004, 1, 0.00012028135375, 0
1588, 7.000000000000001, 81.0, 3.0000000000000004, 1, 0.00022207549249999997, 0
1589, 9.0, 81.0, 3.0000000000000004, 1, 0.0011670629125, 0
1590, 11.000000000000002, 81.0, 3.0000000000000004, 1, 0.0007454456000000001, 0
1591, 13.0, 81.0, 3.0000000000000004, 1, 0.0006962381625000001, 0
1592, 15.0, 81.0, 3.0000000000000004, 1, 0.0006741413749999999, 0
1593, 17.000000000000004, 81.0, 3.0000000000000004, 1, 0.000670048775, 0
1594, 19.000000000000004, 81.0, 3.0000000000000004, 1, 0.0006849366999999999, 0
1595, 21.000000000000004, 81.0, 3.0000000000000004, 1, 0.000719722625, 0
1596, 23.0, 81.0, 3.0000000000000004, 1, 0.0007754005, 0
1597, 25.000000000000004, 81.0, 3.0000000000000004, 1, 0.0008702464375000001, 0
1599, 29.0, 81.0, 3.0000000000000004, 1, 0.00027914394875000004, 0
1603, 1.0000000000000002, 83.00000000000001, 3.0000000000000004, 1, 0.0001198501625, 0
1604, 3.0, 83.00000000000001, 3.0000000000000004, 1, 0.00010752275624999999, 0
1605, 5.0, 83.00000000000001, 3.0000000000000004, 1, 0.0001212526, 0
1606, 7.000000000000001, 83.00000000000001, 3.0000000000000004, 1, 0.00022084680999999998, 0
1607, 9.0, 83.00000000000001, 3.0000000000000004, 1, 0.0011871418125, 0
1608, 11.000000000000002, 83.00000000000001, 3.0000000000000004, 1, 0.0007924550374999999, 0
1609, 13.0, 83.00000000000001, 3.0000000000000004, 1, 0.000742163975, 0
1610, 15.0, 83.00000000000001, 3.0000000000000004, 1, 0.0007200234999999999, 0
1611, 17.000000000000004, 83.00000000000001, 3.0000000000000004, 1, 0.0007160179125, 0
1612, 19.000000000000004, 83.00000000000001, 3.0000000000000004, 1, 0.000731531175, 0
1613, 21.000000000000004, 83.00000000000001, 3.0000000000000004, 1, 0.0007686980750000001, 0
1614, 23.0, 83.00000000000001, 3.0000000000000004, 1, 0.00083057195, 0
1615, 25.000000000000004, 83.00000000000001, 3.0000000000000004, 1, 0.0009408909000000001, 0
1617, 29.0, 83.00000000000001, 3.0000000000000004, 1, 0.000296642025, 0
1621, 1.0000000000000002, 85.00000000000001, 3.0000000000000004, 1, 0.00011234935750000001, 0
1622, 3.0, 85.00000000000001, 3.0000000000000004, 1, 0.000105103665, 0
1623, 5.0, 85.00000000000001, 3.0000000000000004, 1, 0.00012543667125, 0
1624, 7.000000000000001, 85.00000000000001, 3.0000000000000004, 1, 0.00022922358375000002, 0
1625, 9.0, 85.00000000000001, 3.0000000000000004, 1, 0.00115311022375, 0
1626, 11.000000000000002, 85.00000000000001, 3.0000000000000004, 1, 0.000825310825, 0
1627, 13.0, 85.00000000000001, 3.0000000000000004, 1, 0.0007751118625, 0
1628, 15.0, 85.00000000000001, 3.0000000000000004, 1, 0.0007533972499999999, 0
1629, 17.000000000000004, 85.00000000000001, 3.0000000000000004, 1, 0.00074913425, 0
1630, 19.000000000000004, 85.00000000000001, 3.0000000000000004, 1, 0.0007638114375000001, 0
1631, 21.000000000000004, 85.00000000000001, 3.0000000000000004, 1, 0.00080041975, 0
1632, 23.0, 85.00000000000001, 3.0000000000000004, 1, 0.0008637394749999999, 0
1633, 25.000000000000004, 85.00000000000001, 3.0000000000000004, 1, 0.0009816650125, 0
1635, 29.0, 85.00000000000001, 3.0000000000000004, 1, 0.00030482923750000003, 0
1639, 1.0000000000000002, 87.0, 3.0000000000000004, 1, 0.000128468805, 0
1640, 3.0, 87.0, 3.0000000000000004, 1, 0.00011239526624999999, 0
1641, 5.0, 87.0, 3.0000000000000004, 1, 0.0001327299775, 0
1642, 7.000000000000001, 87.0, 3.0000000000000004, 1, 0.000233455795, 0
1643, 9.0, 87.0, 3.0000000000000004, 1, 0.00108386970625, 0
1653, 29.0, 87.0, 3.0000000000000004, 1, 0.000300756745, 0
1657, 1.0000000000000002, 89.00000000000001, 3.0000000000000004, 1, 0.00024446571874999997, 0
1658, 3.0, 89.00000000000001, 3.0000000000000004, 1, 9.157099375e-05, 0
1659, 5.0, 89.00000000000001, 3.0000000000000004, 1, 0.00013124430125, 0
1660, 7.000000000000001, 89.00000000000001, 3.0000000000000004, 1, 0.000227735165, 0
1661, 9.0, 89.00000000000001, 3.0000000000000004, 1, 0.00099748032875, 0
1671, 29.0, 89.00000000000001, 3.0000000000000004, 1, 0.00029270282125, 0
1675, 1.0000000000000002, 91.00000000000001, 3.0000000000000004, 1, 0.00015712325875, 0
1676, 3.0, 91.00000000000001, 3.0000000000000004, 1, 7.347585374999999e-05, 0
1677, 5.0, 91.00000000000001, 3.0000000000000004, 1, 0.0001122884175, 0
1678, 7.000000000000001, 91.00000000000001, 3.0000000000000004, 1, 0.00020897878875, 0
1679, 9.0, 91.00000000000001, 3.0000000000000004, 1, 0.0009063426662499999, 0
1689, 29.0, 91.00000000000001, 3.0000000000000004, 1, 0.000268637015, 0
1693, 1.0000000000000002, 93.0, 3.0000000000000004, 1, 3.171087e-05, 0
1694, 3.0, 93.0, 3.0000000000000004, 1, 5.227635375e-05, 0
1695, 5.0, 93.0, 3.0000000000000004, 1, 9.265998e-05, 0
1696, 7.000000000000001, 93.0, 3.0000000000000004, 1, 0.00018659609625, 0
1697, 9.0, 93.0, 3.0000000000000004, 1, 0.0008199347625000001, 0
1707, 29.0, 93.0, 3.0000000000000004, 1, 0.000280460885, 0
1711, 1.0000000000000002, 95.00000000000001, 3.0000000000000004, 1, 5.8045537500000004e-05, 0
1712, 3.0, 95.00000000000001, 3.0000000000000004, 1, 9.806269374999999e-05, 0
1713, 5.0, 95.00000000000001, 3.0000000000000004, 1, 0.0001453135225, 0
1714, 7.000000000000001, 95.00000000000001, 3.0000000000000004, 1, 0.00020583570875, 0
1715, 9.0, 95.00000000000001, 3.0000000000000004, 1, 0.0007076773375, 0
1725, 29.0, 95.00000000000001, 3.0000000000000004, 1, 0.0004833527475, 0
1731, 5.0, 1.0000000000000002, 5.000000000000001, 1, 0.0001809784525, 0
1732, 7.000000000000001, 1.0000000000000002, 5.000000000000001, 1, 0.000403518475, 0
1733, 9.0, 1.0000000000000002, 5.000000000000001, 1, 0.0006030861499999999, 0
1734, 11.000000000000002, 1.0000000000000002, 5.000000000000001, 1, 0.000710680825, 0
1735, 13.0, 1.0000000000000002, 5.000000000000001, 1, 0.000709397825, 0
1736, 15.0, 1.0000000000000002, 5.000000000000001, 1, 0.0006345071625000001, 0
1737, 17.000000000000004, 1.0000000000000002, 5.000000000000001, 1, 0.0005358521625, 0
1738, 19.000000000000004, 1.0000000000000002, 5.000000000000001, 1, 0.00044892460000000006, 0
1739, 21.000000000000004, 1.0000000000000002, 5.000000000000001, 1, 0.0003868408, 0
1740, 23.0, 1.0000000000000002, 5.000000000000001, 1, 0.0003409334125, 0
1741, 25.000000000000004, 1.0000000000000002, 5.000000000000001, 1, 0.0002907763125, 0
1742, 26.999999999999996, 1.0000000000000002, 5.000000000000001, 1, 0.00022940712499999998, 0
1743, 29.0, 1.0000000000000002, 5.000000000000001, 1, 0.00016409505, 0
1744, 31.000000000000004, 1.0000000000000002, 5.000000000000001, 1, 0.00010747740500000001, 0
1745, 33.0, 1.0000000000000002, 5.000000000000001, 1, 6.218360875e-05, 0
1746, 35.00000000000001, 1.0000000000000002, 5.000000000000001, 1, 2.91318925e-05, 0
1749, 5.0, 3.0000000000000004, 5.000000000000001, 1, 0.0003351311375, 0
1750, 7.000000000000001, 3.0000000000000004, 5.000000000000001, 1, 0.00016739819000000003, 0
1751, 9.0, 3.0000000000000004, 5.000000000000001, 1, 0.0002138503775, 0
1752, 11.000000000000002, 3.0000000000000004, 5.000000000000001, 1, 0.00028746225, 0
1753, 13.0, 3.0000000000000004, 5.000000000000001, 1, 0.00039173874999999997, 0
1754, 15.0, 3.0000000000000004, 5.000000000000001, 1, 0.0004990160625, 0
1755, 17.000000000000004, 3.0000000000000004, 5.000000000000001, 1, 0.000562886175, 0
1756, 19.000000000000004, 3.0000000000000004, 5.000000000000001, 1, 0.0005668398875, 0
1757, 21.000000000000004, 3.0000000000000004, 5.000000000000001, 1, 0.0005102175, 0
1758, 23.0, 3.0000000000000004, 5.000000000000001, 1, 0.00040434895, 0
1759, 25.000000000000004, 3.0000000000000004, 5.000000000000001, 1, 0.000279011225, 0
1760, 26.999999999999996, 3.0000000000000004, 5.000000000000001, 1, 0.00015237445875, 0
1761, 29.0, 3.0000000000000004, 5.000000000000001, 1, 4.0914266e-05, 0
1762, 31.000000000000004, 3.0000000000000004, 5.000000000000001, 1, 2.238670875e-05, 0
1763, 33.0, 3.0000000000000004, 5.000000000000001, 1, 2.4413635000000002e-05, 0
1764, 35.00000000000001, 3.0000000000000004, 5.000000000000001, 1, 4.6085016250000006e-05, 0
1767, 5.0, 5.000000000000001, 5.000000000000001, 1, 0.0004913662625, 0
1768, 7.000000000000001, 5.000000000000001, 5.000000000000001, 1, 0.0002340499, 0
1769, 9.0, 5.000000000000001, 5.000000000000001, 1, 0.00046140138750000003, 0
1770, 11.000000000000002, 5.000000000000001, 5.000000000000001, 1, 0.0005757758, 0
1771, 13.0, 5.000000000000001, 5.000000000000001, 1, 0.000837107425, 0
1772, 15.0, 5.000000000000001, 5.000000000000001, 1, 0.0010162042000000002, 0
1773, 17.000000000000004, 5.000000000000001, 5.000000000000001, 1, 0.0010981411, 0
1774, 19.000000000000004, 5.000000000000001, 5.000000000000001, 1, 0.001092028425, 0
1775, 21.000000000000004, 5.000000000000001, 5.000000000000001, 1, 0.0010076014875, 0
1776, 23.0, 5.000000000000001, 5.000000000000001, 1, 0.0008500555000000001, 0
1777, 25.000000000000004, 5.000000000000001, 5.000000000000001, 1, 0.0006245869375, 0
1778, 26.999999999999996, 5.000000000000001, 5.000000000000001, 1, 0.0004281947875, 0
1779, 29.0, 5.000000000000001, 5.000000000000001, 1, 9.894481749999999e-05, 0
1780, 31.000000000000004, 5.000000000000001, 5.000000000000001, 1, 5.721254250000001e-05, 0
1781, 33.0, 5.000000000000001, 5.000000000000001, 1, 9.612665750000001e-05, 0
1782, 35.00000000000001, 5.000000000000001, 5.000000000000001, 1, 2.423381125e-05, 0
1783, 1.0000000000000002, 7.000000000000001, 5.000000000000001, 1, 1.86366925e-05, 0
1784, 3.0, 7.000000000000001, 5.000000000000001, 1, 0.0002349147625, 0
1785, 5.0, 7.000000000000001, 5.000000000000001, 1, 0.00012369177, 0
1786, 7.000000000000001, 7.000000000000001, 5.000000000000001, 1, 0.0006200279375, 0
1797, 29.0, 7.000000000000001, 5.000000000000001, 1, 0.0003550706125, 0
1801, 1.0000000000000002, 9.000000000000002, 5.000000000000001, 1, 0.0007445138050000001, 0
1802, 3.0, 9.000000000000002, 5.000000000000001, 1, 0.00017162427750000002, 0
1803, 5.0, 9.000000000000002, 5.000000000000001, 1, 0.0001627775875, 0
1804, 7.000000000000001, 9.000000000000002, 5.000000000000001, 1, 0.0004980483375, 0
1815, 29.0, 9.000000000000002, 5.000000000000001, 1, 0.00027738700000000003, 0
1819, 1.0000000000000002, 11.0, 5.000000000000001, 1, 0.000786665275, 0
1820, 3.0, 11.0, 5.000000000000001, 1, 0.0003365177, 0
1821, 5.0, 11.0, 5.000000000000001, 1, 0.0002763324875, 0
1822, 7.000000000000001, 11.0, 5.000000000000001, 1, 0.00041697128749999997, 0
1833, 29.0, 11.0, 5.000000000000001, 1, 0.000243224075, 0
1837, 1.0000000000000002, 13.0, 5.000000000000001, 1, 0.000373418525, 0
1838, 3.0, 13.0, 5.000000000000001, 1, 0.0004240231375, 0
1839, 5.0, 13.0, 5.000000000000001, 1, 0.00032720071249999996, 0
1840, 7.000000000000001, 13.0, 5.000000000000001, 1, 0.000319945425, 0
1851, 29.0, 13.0, 5.000000000000001, 1, 0.00023378785, 0
1855, 1.0000000000000002, 14.999999999999998, 5.000000000000001, 1, 0.0003291891375, 0
1856, 3.0, 14.999999999999998, 5.000000000000001, 1, 0.000371550275, 0
1857, 5.0, 14.999999999999998, 5.000000000000001, 1, 0.000292392225, 0
1858, 7.000000000000001, 14.999999999999998, 5.000000000000001, 1, 0.000221105425, 0
1869, 29.0, 14.999999999999998, 5.000000000000001, 1, 0.00023969146250000001, 0
1873, 1.0000000000000002, 17.0, 5.000000000000001, 1, 0.000349218075, 0
1874, 3.0, 17.0, 5.000000000000001, 1, 0.000343991375, 0
1875, 5.0, 17.0, 5.000000000000001, 1, 0.00021262813750000002, 0
1876, 7.000000000000001, 17.0, 5.000000000000001, 1, 0.00015388217625, 0
1887, 29.0, 17.0, 5.000000000000001, 1, 0.00026620409999999995, 0
1891, 1.0000000000000002, 19.000000000000004, 5.000000000000001, 1, 0.0005273923, 0
1892, 3.0, 19.000000000000004, 5.000000000000001, 1, 0.0002329253625, 0
1893, 5.0, 19.000000000000004, 5.000000000000001, 1, 0.00012410305, 0
1894, 7.000000000000001, 19.000000000000004, 5.000000000000001, 1, 0.00011979914749999999, 0
1905, 29.0, 19.000000000000004, 5.000000000000001, 1, 0.0006914256875, 0
1909, 1.0000000000000002, 21.0, 5.000000000000001, 1, 0.00017503673750000003, 0
1910, 3.0, 21.0, 5.000000000000001, 1, 5.945486750000001e-05, 0
1911, 5.0, 21.0, 5.000000000000001, 1, 7.011278625e-05, 0
1912, 7.000000000000001, 21.0, 5.000000000000001, 1, 0.00010490678375, 0
1923, 29.0, 21.0, 5.000000000000001, 1, 0.0007235929375, 0
1927, 1.0000000000000002, 23.000000000000004, 5.000000000000001, 1, 4.83335e-06, 0
1928, 3.0, 23.000000000000004, 5.000000000000001, 1, 6.513006375e-06, 0
1929, 5.0, 23.000000000000004, 5.000000000000001, 1, 9.937725875e-05, 0
1930, 7.000000000000001, 23.000000000000004, 5.000000000000001, 1, 0.00011677540125, 0
1941, 29.0, 23.000000000000004, 5.000000000000001, 1, 0.0007381598125000001, 0
1948, 7.000000000000001, 25.000000000000004, 5.000000000000001, 1, 0.0002577454, 0
1959, 29.0, 25.000000000000004, 5.000000000000001, 1, 0.0007581465999999999, 0
1966, 7.000000000000001, 27.0, 5.000000000000001, 1, 0.00015257382500000001, 0
1977, 29.0, 27.0, 5.000000000000001, 1, 0.00077916395, 0
1984, 7.000000000000001, 28.999999999999996, 5.000000000000001, 1, 0.0001111889825, 0
1995, 29.0, 28.999999999999996, 5.000000000000001, 1, 0.0008055212625, 0
2002, 7.000000000000001, 31.000000000000004, 5.000000000000001, 1, 8.60983925e-05, 0
2013, 29.0, 31.000000000000004, 5.000000000000001, 1, 0.000846294925, 0
2020, 7.000000000000001, 33.00000000000001, 5.000000000000001, 1, 6.430234875e-05, 0
2031, 29.0, 33.00000000000001, 5.000000000000001, 1, 0.0009018084375, 0
2038, 7.000000000000001, 35.0, 5.000000000000001, 1, 4.2872651375000005e-05, 0
2049, 29.0, 35.0, 5.000000000000001, 1, 0.00072102685, 0
2056, 7.000000000000001, 37.00000000000001, 5.000000000000001, 1, 4.359801125000001e-05, 0
2067, 29.0, 37.00000000000001, 5.000000000000001, 1, 0.000631217025, 0
2074, 7.000000000000001, 39.00000000000001, 5.000000000000001, 1, 3.10835295e-05, 0
2085, 29.0, 39.00000000000001, 5.000000000000001, 1, 0.0005339505125, 0
2092, 7.000000000000001, 41.0, 5.000000000000001, 1, 2.3703092500000003e-05, 0
2103, 29.0, 41.0, 5.000000000000001, 1, 0.00044121507500000004, 0
2110, 7.000000000000001, 43.00000000000001, 5.000000000000001, 1, 1.976863875e-05, 0
2121, 29.0, 43.00000000000001, 5.000000000000001, 1, 0.0003584949375, 0
2128, 7.000000000000001, 45.00000000000001, 5.000000000000001, 1, 1.752417625e-05, 0
2139, 29.0, 45.00000000000001, 5.000000000000001, 1, 0.000288259275, 0
2146, 7.000000000000001, 47.0, 5.000000000000001, 1, 1.6367701249999998e-05, 0
2157, 29.0, 47.0, 5.000000000000001, 1, 0.00021528836250000002, 0
2164, 7.000000000000001, 49.0, 5.000000000000001, 1, 1.60410575e-05, 0
2175, 29.0, 49.0, 5.000000000000001, 1, 0.00013510055375, 0
2182, 7.000000000000001, 50.99999999999999, 5.000000000000001, 1, 1.6455450000000002e-05, 0
2193, 29.0, 50.99999999999999, 5.000000000000001, 1, 9.45991775e-05, 0
2200, 7.000000000000001, 53.0, 5.000000000000001, 1, 1.765687e-05, 0
2211, 29.0, 53.0, 5.000000000000001, 1, 8.749554499999999e-05, 0
2218, 7.000000000000001, 55.0, 5.000000000000001, 1, 1.9785285e-05, 0
2229, 29.0, 55.0, 5.000000000000001, 1, 0.00010201795374999999, 0
2236, 7.000000000000001, 56.99999999999999, 5.000000000000001, 1, 2.220274125e-05, 0
2247, 29.0, 56.99999999999999, 5.000000000000001, 1, 0.0001128208425, 0
2254, 7.000000000000001, 59.0, 5.000000000000001, 1, 3.81281175e-05, 0
2265, 29.0, 59.0, 5.000000000000001, 1, 9.39696175e-05, 0
2272, 7.000000000000001, 61.0, 5.000000000000001, 1, 5.8237939999999996e-05, 0
2283, 29.0, 61.0, 5.000000000000001, 1, 0.00014663022749999998, 0
2290, 7.000000000000001, 62.99999999999999, 5.000000000000001, 1, 9.101203875e-05, 0
2301, 29.0, 62.99999999999999, 5.000000000000001, 1, 0.0002313605375, 0
2308, 7.000000000000001, 65.0, 5.000000000000001, 1, 0.00013158886624999998, 0
2319, 29.0, 65.0, 5.000000000000001, 1, 0.00028750205875, 0
2326, 7.000000000000001, 67.00000000000001, 5.000000000000001, 1, 0.0001773596775, 0
2337, 29.0, 67.00000000000001, 5.000000000000001, 1, 0.00032415504249999995, 0
2344, 7.000000000000001, 69.0, 5.000000000000001, 1, 0.00023751327125, 0
2355, 29.0, 69.0, 5.000000000000001, 1, 0.00036062451625, 0
2362, 7.000000000000001, 71.0, 5.000000000000001, 1, 0.00037675099874999994, 0
2373, 29.0, 71.0, 5.000000000000001, 1, 0.00039191460000000003, 0
2377, 1.0000000000000002, 73.00000000000001, 5.000000000000001, 1, 7.928542499999999e-05, 0
2378, 3.0, 73.00000000000001, 5.000000000000001, 1, 4.9914015e-05, 0
2379, 5.0, 73.00000000000001, 5.000000000000001, 1, 0.00016439842125, 0
2380, 7.000000000000001, 73.00000000000001, 5.000000000000001, 1, 0.00048407985, 0
2391, 29.0, 73.00000000000001, 5.000000000000001, 1, 0.0004265055, 0
2395, 1.0000000000000002, 75.0, 5.000000000000001, 1, 6.522147625e-05, 0
2396, 3.0, 75.0, 5.000000000000001, 1, 4.67240775e-05, 0
2397, 5.0, 75.0, 5.000000000000001, 1, 0.00011740198875, 0
2398, 7.000000000000001, 75.0, 5.000000000000001, 1, 0.0006461731, 0
2409, 29.0, 75.0, 5.000000000000001, 1, 0.00047433797500000003, 0
2413, 1.0000000000000002, 77.00000000000001, 5.000000000000001, 1, 5.061738375e-05, 0
2414, 3.0, 77.00000000000001, 5.000000000000001, 1, 6.64619025e-05, 0
2415, 5.0, 77.00000000000001, 5.000000000000001, 1, 0.0001869641125, 0
2416, 7.000000000000001, 77.00000000000001, 5.000000000000001, 1, 0.0008068998875, 0
2427, 29.0, 77.00000000000001, 5.000000000000001, 1, 0.000539988625, 0
2431, 1.0000000000000002, 79.00000000000001, 5.000000000000001, 1, 0.00018964399, 0
2432, 3.0, 79.00000000000001, 5.000000000000001, 1, 0.00012592413750000002, 0
2433, 5.0, 79.00000000000001, 5.000000000000001, 1, 0.0002630519, 0
2434, 7.000000000000001, 79.00000000000001, 5.000000000000001, 1, 0.0009393455749999999, 0
2445, 29.0, 79.00000000000001, 5.000000000000001, 1, 0.0006707056125, 0
2449, 1.0000000000000002, 81.0, 5.000000000000001, 1, 0.0001431414825, 0
2450, 3.0, 81.0, 5.000000000000001, 1, 0.00016497585, 0
2451, 5.0, 81.0, 5.000000000000001, 1, 0.00031478385, 0
2452, 7.000000000000001, 81.0, 5.000000000000001, 1, 0.0010128992500000001, 0
2463, 29.0, 81.0, 5.000000000000001, 1, 0.0007972444375, 0
2467, 1.0000000000000002, 83.00000000000001, 5.000000000000001, 1, 8.956116375e-05, 0
2468, 3.0, 83.00000000000001, 5.000000000000001, 1, 0.000165712975, 0
2469, 5.0, 83.00000000000001, 5.000000000000001, 1, 0.0003282799625, 0
2470, 7.000000000000001, 83.00000000000001, 5.000000000000001, 1, 0.001018530775, 0
2481, 29.0, 83.00000000000001, 5.000000000000001, 1, 0.0008660044125000001, 0
2485, 1.0000000000000002, 85.00000000000001, 5.000000000000001, 1, 7.50787175e-05, 0
2486, 3.0, 85.00000000000001, 5.000000000000001, 1, 0.00015577925000000002, 0
2487, 5.0, 85.00000000000001, 5.000000000000001, 1, 0.00031533787500000003, 0
2488, 7.000000000000001, 85.00000000000001, 5.000000000000001, 1, 0.00096819645, 0
2499, 29.0, 85.00000000000001, 5.000000000000001, 1, 0.0009159546125, 0
2503, 1.0000000000000002, 87.0, 5.000000000000001, 1, 7.368466624999999e-05, 0
2504, 3.0, 87.0, 5.000000000000001, 1, 0.0001445403375, 0
2505, 5.0, 87.0, 5.000000000000001, 1, 0.000286589325, 0
2506, 7.000000000000001, 87.0, 5.000000000000001, 1, 0.00088259905, 0
2517, 29.0, 87.0, 5.000000000000001, 1, 0.0009397308625, 0
2521, 1.0000000000000002, 89.00000000000001, 5.000000000000001, 1, 0.0001273076175, 0
2522, 3.0, 89.00000000000001, 5.000000000000001, 1, 0.0001230566875, 0
2523, 5.0, 89.00000000000001, 5.000000000000001, 1, 0.00023939576249999998, 0
2524, 7.000000000000001, 89.00000000000001, 5.000000000000001, 1, 0.000776853525, 0
2535, 29.0, 89.00000000000001, 5.000000000000001, 1, 0.000918710775, 0
2539, 1.0000000000000002, 91.00000000000001, 5.000000000000001, 1, 0.0001205979625, 0
2540, 3.0, 91.00000000000001, 5.000000000000001, 1, 8.193595125e-05, 0
2541, 5.0, 91.00000000000001, 5.000000000000001, 1, 0.0001749735875, 0
2542, 7.000000000000001, 91.00000000000001, 5.000000000000001, 1, 0.0006551348625000001, 0
2553, 29.0, 91.00000000000001, 5.000000000000001, 1, 0.0007212747500000001, 0
2557, 1.0000000000000002, 93.0, 5.000000000000001, 1, 3.66720875e-05, 0
2558, 3.0, 93.0, 5.000000000000001, 1, 3.7458041250000004e-05, 0
2559, 5.0, 93.0, 5.000000000000001, 1, 0.00011340719125, 0
2560, 7.000000000000001, 93.0, 5.000000000000001, 1, 0.00051799197125, 0
2571, 29.0, 93.0, 5.000000000000001, 1, 0.00048080114999999994, 0
2575, 1.0000000000000002, 95.00000000000001, 5.000000000000001, 1, 5.63612025e-05, 0
2576, 3.0, 95.00000000000001, 5.000000000000001, 1, 3.6953642500000004e-05, 0
2577, 5.0, 95.00000000000001, 5.000000000000001, 1, 9.52166625e-05, 0
2578, 7.000000000000001, 95.00000000000001, 5.000000000000001, 1, 0.00037578411625, 0
2589, 29.0, 95.00000000000001, 5.000000000000001, 1, 0.00042836084125, 0
2595, 5.0, 1.0000000000000002, 7.000000000000001, 1, 0.00018438165375, 0
2596, 7.000000000000001, 1.0000000000000002, 7.000000000000001, 1, 0.0004074971875, 0
2597, 9.0, 1.0000000000000002, 7.000000000000001, 1, 0.00063095735, 0
2598, 11.000000000000002, 1.0000000000000002, 7.000000000000001, 1, 0.000796781625, 0
2599, 13.0, 1.0000000000000002, 7.000000000000001, 1, 0.0008725019125, 0
2600, 15.0, 1.0000000000000002, 7.000000000000001, 1, 0.000852298175, 0
2601, 17.000000000000004, 1.0000000000000002, 7.000000000000001, 1, 0.0007747976875, 0
2602, 19.000000000000004, 1.0000000000000002, 7.000000000000001, 1, 0.0006821908625000001, 0
2603, 21.000000000000004, 1.0000000000000002, 7.000000000000001, 1, 0.0005922206000000001, 0
2604, 23.0, 1.0000000000000002, 7.000000000000001, 1, 0.0004943354624999999, 0
2605, 25.000000000000004, 1.0000000000000002, 7.000000000000001, 1, 0.0003733731, 0
2606, 26.999999999999996, 1.0000000000000002, 7.000000000000001, 1, 0.000256566325, 0
2607, 29.0, 1.0000000000000002, 7.000000000000001, 1, 0.00017022966624999998, 0
2608, 31.000000000000004, 1.0000000000000002, 7.000000000000001, 1, 0.00011357214625, 0
2609, 33.0, 1.0000000000000002, 7.000000000000001, 1, 6.61967675e-05, 0
2610, 35.00000000000001, 1.0000000000000002, 7.000000000000001, 1, 3.0616606249999996e-05, 0
2613, 5.0, 3.0000000000000004, 7.000000000000001, 1, 0.00033933258750000006, 0
2614, 7.000000000000001, 3.0000000000000004, 7.000000000000001, 1, 0.0002264071, 0
2615, 9.0, 3.0000000000000004, 7.000000000000001, 1, 0.000462619275, 0
2616, 11.000000000000002, 3.0000000000000004, 7.000000000000001, 1, 0.00046307403749999996, 0
2617, 13.0, 3.0000000000000004, 7.000000000000001, 1, 0.00036894538749999994, 0
2618, 15.0, 3.0000000000000004, 7.000000000000001, 1, 0.00035950265000000005, 0
2619, 17.000000000000004, 3.0000000000000004, 7.000000000000001, 1, 0.0003677703375, 0
2620, 19.000000000000004, 3.0000000000000004, 7.000000000000001, 1, 0.0003619518, 0
2621, 21.000000000000004, 3.0000000000000004, 7.000000000000001, 1, 0.000338609175, 0
2622, 23.0, 3.0000000000000004, 7.000000000000001, 1, 0.00031813958750000004, 0
2623, 25.000000000000004, 3.0000000000000004, 7.000000000000001, 1, 0.0003425623, 0
2624, 26.999999999999996, 3.0000000000000004, 7.000000000000001, 1, 0.00031848193749999996, 0
2625, 29.0, 3.0000000000000004, 7.000000000000001, 1, 9.491004874999999e-05, 0
2626, 31.000000000000004, 3.0000000000000004, 7.000000000000001, 1, 2.919401375e-05, 0
2627, 33.0, 3.0000000000000004, 7.000000000000001, 1, 2.4899515000000002e-05, 0
2628, 35.00000000000001, 3.0000000000000004, 7.000000000000001, 1, 4.837284875e-05, 0
2631, 5.0, 5.000000000000001, 7.000000000000001, 1, 0.0004397259625, 0
2632, 7.000000000000001, 5.000000000000001, 7.000000000000001, 1, 0.0004458575875, 0
2633, 9.0, 5.000000000000001, 7.000000000000001, 1, 0.0011575888125000002, 0
2634, 11.000000000000002, 5.000000000000001, 7.000000000000001, 1, 0.00046718777500000003, 0
2635, 13.0, 5.000000000000001, 7.000000000000001, 1, 0.0004990626, 0
2636, 15.0, 5.000000000000001, 7.000000000000001, 1, 0.0005686237625000001, 0
2637, 17.000000000000004, 5.000000000000001, 7.000000000000001, 1, 0.000604339275, 0
2638, 19.000000000000004, 5.000000000000001, 7.000000000000001, 1, 0.0006096733375, 0
2639, 21.000000000000004, 5.000000000000001, 7.000000000000001, 1, 0.000583652425, 0
2640, 23.0, 5.000000000000001, 7.000000000000001, 1, 0.000522707025, 0
2641, 25.000000000000004, 5.000000000000001, 7.000000000000001, 1, 0.0004664370375, 0
2642, 26.999999999999996, 5.000000000000001, 7.000000000000001, 1, 0.0006954911625, 0
2643, 29.0, 5.000000000000001, 7.000000000000001, 1, 0.0001940892625, 0
2644, 31.000000000000004, 5.000000000000001, 7.000000000000001, 1, 7.019466374999999e-05, 0
2645, 33.0, 5.000000000000001, 7.000000000000001, 1, 8.488343e-05, 0
2646, 35.00000000000001, 5.000000000000001, 7.000000000000001, 1, 2.5005355e-05, 0
2647, 1.0000000000000002, 7.000000000000001, 7.000000000000001, 1, 1.3569280000000001e-05, 0
2648, 3.0, 7.000000000000001, 7.000000000000001, 1, 0.00013020267375, 0
2649, 5.0, 7.000000000000001, 7.000000000000001, 1, 0.0001614842825, 0
2650, 7.000000000000001, 7.000000000000001, 7.000000000000001, 1, 0.00158263325, 0
2661, 29.0, 7.000000000000001, 7.000000000000001, 1, 0.0007093761125, 0
2665, 1.0000000000000002, 9.000000000000002, 7.000000000000001, 1, 0.00039449928, 0
2666, 3.0, 9.000000000000002, 7.000000000000001, 1, 8.887249e-05, 0
2667, 5.0, 9.000000000000002, 7.000000000000001, 1, 0.000298590525, 0
2668, 7.000000000000001, 9.000000000000002, 7.000000000000001, 1, 0.0008285630375, 0
2679, 29.0, 9.000000000000002, 7.000000000000001, 1, 0.0004816557625, 0
2683, 1.0000000000000002, 11.0, 7.000000000000001, 1, 0.0007339112125000001, 0
2684, 3.0, 11.0, 7.000000000000001, 1, 0.00037523502500000003, 0
2685, 5.0, 11.0, 7.000000000000001, 1, 0.000371007825, 0
2686, 7.000000000000001, 11.0, 7.000000000000001, 1, 0.0005033924625, 0
2697, 29.0, 11.0, 7.000000000000001, 1, 0.000409473075, 0
2701, 1.0000000000000002, 13.0, 7.000000000000001, 1, 0.0004739846, 0
2702, 3.0, 13.0, 7.000000000000001, 1, 0.000507595925, 0
2703, 5.0, 13.0, 7.000000000000001, 1, 0.00037815915000000003, 0
2704, 7.000000000000001, 13.0, 7.000000000000001, 1, 0.00027289925000000004, 0
2715, 29.0, 13.0, 7.000000000000001, 1, 0.00039535181249999996, 0
2719, 1.0000000000000002, 14.999999999999998, 7.000000000000001, 1, 0.0004315490375, 0
2720, 3.0, 14.999999999999998, 7.000000000000001, 1, 0.00044328728750000004, 0
2721, 5.0, 14.999999999999998, 7.000000000000001, 1, 0.000307458375, 0
2722, 7.000000000000001, 14.999999999999998, 7.000000000000001, 1, 0.0001130614725, 0
2733, 29.0, 14.999999999999998, 7.000000000000001, 1, 0.0004170458, 0
2737, 1.0000000000000002, 17.0, 7.000000000000001, 1, 0.000428713675, 0
2738, 3.0, 17.0, 7.000000000000001, 1, 0.000381395425, 0
2739, 5.0, 17.0, 7.000000000000001, 1, 0.0001982372, 0
2740, 7.000000000000001, 17.0, 7.000000000000001, 1, 4.1387176249999996e-05, 0
2751, 29.0, 17.0, 7.000000000000001, 1, 0.0004448805, 0
2755, 1.0000000000000002, 19.000000000000004, 7.000000000000001, 1, 0.0005742367999999999, 0
2756, 3.0, 19.000000000000004, 7.000000000000001, 1, 0.00022935000000000002, 0
2757, 5.0, 19.000000000000004, 7.000000000000001, 1, 9.414784875000002e-05, 0
2758, 7.000000000000001, 19.000000000000004, 7.000000000000001, 1, 2.88827375e-05, 0
2769, 29.0, 19.000000000000004, 7.000000000000001, 1, 0.0009390220000000001, 0
2773, 1.0000000000000002, 21.0, 7.000000000000001, 1, 0.00016844111, 0
2774, 3.0, 21.0, 7.000000000000001, 1, 5.4443491249999996e-05, 0
2775, 5.0, 21.0, 7.000000000000001, 1, 4.2733981249999995e-05, 0
2776, 7.000000000000001, 21.0, 7.000000000000001, 1, 3.153780875e-05, 0
2787, 29.0, 21.0, 7.000000000000001, 1, 0.0009210684499999999, 0
2791, 1.0000000000000002, 23.000000000000004, 7.000000000000001, 1, 5.790842375e-06, 0
2792, 3.0, 23.000000000000004, 7.000000000000001, 1, 8.996327125e-06, 0
2793, 5.0, 23.000000000000004, 7.000000000000001, 1, 5.447957e-05, 0
2794, 7.000000000000001, 23.000000000000004, 7.000000000000001, 1, 3.4775321249999995e-05, 0
2805, 29.0, 23.000000000000004, 7.000000000000001, 1, 0.0008932944875, 0
2812, 7.000000000000001, 25.000000000000004, 7.000000000000001, 1, 0.00010384086375, 0
2823, 29.0, 25.000000000000004, 7.000000000000001, 1, 0.000869321675, 0
2830, 7.000000000000001, 27.0, 7.000000000000001, 1, 5.000080625e-05, 0
2841, 29.0, 27.0, 7.000000000000001, 1, 0.0008404762625, 0
2848, 7.000000000000001, 28.999999999999996, 7.000000000000001, 1, 2.8604541249999998e-05, 0
2859, 29.0, 28.999999999999996, 7.000000000000001, 1, 0.0008061386625, 0
2866, 7.000000000000001, 31.000000000000004, 7.000000000000001, 1, 1.979372875e-05, 0
2877, 29.0, 31.000000000000004, 7.000000000000001, 1, 0.000757940575, 0
2884, 7.000000000000001, 33.00000000000001, 7.000000000000001, 1, 1.5370894625e-05, 0
2895, 29.0, 33.00000000000001, 7.000000000000001, 1, 0.0006820772250000001, 0
2902, 7.000000000000001, 35.0, 7.000000000000001, 1, 1.39889405e-05, 0
2913, 29.0, 35.0, 7.000000000000001, 1, 0.0006241470375, 0
2920, 7.000000000000001, 37.00000000000001, 7.000000000000001, 1, 1.4689804e-05, 0
2931, 29.0, 37.00000000000001, 7.000000000000001, 1, 0.0005561049500000001, 0
2938, 7.000000000000001, 39.00000000000001, 7.000000000000001, 1, 1.5335739000000003e-05, 0
2949, 29.0, 39.00000000000001, 7.000000000000001, 1, 0.00048436842500000003, 0
2956, 7.000000000000001, 41.0, 7.000000000000001, 1, 1.4473173625e-05, 0
2967, 29.0, 41.0, 7.000000000000001, 1, 0.000415332875, 0
2974, 7.000000000000001, 43.00000000000001, 7.000000000000001, 1, 1.504508375e-05, 0
2985, 29.0, 43.00000000000001, 7.000000000000001, 1, 0.000353538575, 0
2992, 7.000000000000001, 45.00000000000001, 7.000000000000001, 1, 1.588312125e-05, 0
3003, 29.0, 45.00000000000001, 7.000000000000001, 1, 0.00030100609999999996, 0
3010, 7.000000000000001, 47.0, 7.000000000000001, 1, 1.65311225e-05, 0
3021, 29.0, 47.0, 7.000000000000001, 1, 0.000263508775, 0
3028, 7.000000000000001, 49.0, 7.000000000000001, 1, 1.6996023749999998e-05, 0
3039, 29.0, 49.0, 7.000000000000001, 1, 0.0002025486625, 0
3046, 7.000000000000001, 50.99999999999999, 7.000000000000001, 1, 1.7377238749999998e-05, 0
3057, 29.0, 50.99999999999999, 7.000000000000001, 1, 0.00016376172499999998, 0
3064, 7.000000000000001, 53.0, 7.000000000000001, 1, 1.889131625e-05, 0
3075, 29.0, 53.0, 7.000000000000001, 1, 0.00014878580000000002, 0
3082, 7.000000000000001, 55.0, 7.000000000000001, 1, 2.132152e-05, 0
3093, 29.0, 55.0, 7.000000000000001, 1, 0.00013455031250000002, 0
3100, 7.000000000000001, 56.99999999999999, 7.000000000000001, 1, 2.480058e-05, 0
3111, 29.0, 56.99999999999999, 7.000000000000001, 1, 0.00011720308125, 0
3118, 7.000000000000001, 59.0, 7.000000000000001, 1, 3.3271495e-05, 0
3129, 29.0, 59.0, 7.000000000000001, 1, 0.0001027579575, 0
3136, 7.000000000000001, 61.0, 7.000000000000001, 1, 4.796026125e-05, 0
3147, 29.0, 61.0, 7.000000000000001, 1, 8.99544875e-05, 0
3154, 7.000000000000001, 62.99999999999999, 7.000000000000001, 1, 6.55388725e-05, 0
3165, 29.0, 62.99999999999999, 7.000000000000001, 1, 7.906127875e-05, 0
3172, 7.000000000000001, 65.0, 7.000000000000001, 1, 8.098182125e-05, 0
3183, 29.0, 65.0, 7.000000000000001, 1, 6.738684375e-05, 0
3190, 7.000000000000001, 67.00000000000001, 7.000000000000001, 1, 8.467513625000001e-05, 0
3201, 29.0, 67.00000000000001, 7.000000000000001, 1, 9.421286375e-05, 0
3208, 7.000000000000001, 69.0, 7.000000000000001, 1, 7.733676625000001e-05, 0
3219, 29.0, 69.0, 7.000000000000001, 1, 0.00012891469125, 0
3226, 7.000000000000001, 71.0, 7.000000000000001, 1, 0.00010312953374999999, 0
3237, 29.0, 71.0, 7.000000000000001, 1, 0.00013736434749999997, 0
3241, 1.0000000000000002, 73.00000000000001, 7.000000000000001, 1, 4.9696895e-05, 0
3242, 3.0, 73.00000000000001, 7.000000000000001, 1, 3.813205125e-05, 0
3243, 5.0, 73.00000000000001, 7.000000000000001, 1, 0.0001234900475, 0
3244, 7.000000000000001, 73.00000000000001, 7.000000000000001, 1, 7.6908425e-05, 0
3255, 29.0, 73.00000000000001, 7.000000000000001, 1, 0.00014655933875, 0
3259, 1.0000000000000002, 75.0, 7.000000000000001, 1, 5.11724075e-05, 0
3260, 3.0, 75.0, 7.000000000000001, 1, 6.7368015e-05, 0
3261, 5.0, 75.0, 7.000000000000001, 1, 0.000112682535, 0
3262, 7.000000000000001, 75.0, 7.000000000000001, 1, 0.0001086179825, 0
3273, 29.0, 75.0, 7.000000000000001, 1, 0.00016392065, 0
3277, 1.0000000000000002, 77.00000000000001, 7.000000000000001, 1, 5.405283875e-05, 0
3278, 3.0, 77.00000000000001, 7.000000000000001, 1, 0.00012238383375000003, 0
3279, 5.0, 77.00000000000001, 7.000000000000001, 1, 0.00016895398750000002, 0
3280, 7.000000000000001, 77.00000000000001, 7.000000000000001, 1, 0.0001405676875, 0
3291, 29.0, 77.00000000000001, 7.000000000000001, 1, 0.00018336973750000002, 0
3295, 1.0000000000000002, 79.00000000000001, 7.000000000000001, 1, 0.00022964322375, 0
3296, 3.0, 79.00000000000001, 7.000000000000001, 1, 0.000192687825, 0
3297, 5.0, 79.00000000000001, 7.000000000000001, 1, 0.000230216275, 0
3298, 7.000000000000001, 79.00000000000001, 7.000000000000001, 1, 0.0001596903125, 0
3309, 29.0, 79.00000000000001, 7.000000000000001, 1, 0.0002626979875, 0
3313, 1.0000000000000002, 81.0, 7.000000000000001, 1, 0.0001843055375, 0
3314, 3.0, 81.0, 7.000000000000001, 1, 0.00021517251249999998, 0
3315, 5.0, 81.0, 7.000000000000001, 1, 0.0002649345625, 0
3316, 7.000000000000001, 81.0, 7.000000000000001, 1, 0.0001610360375, 0
3327, 29.0, 81.0, 7.000000000000001, 1, 0.0003072326875, 0
3331, 1.0000000000000002, 83.00000000000001, 7.000000000000001, 1, 0.00013661453749999998, 0
3332, 3.0, 83.00000000000001, 7.000000000000001, 1, 0.000202230525, 0
3333, 5.0, 83.00000000000001, 7.000000000000001, 1, 0.000266347925, 0
3334, 7.000000000000001, 83.00000000000001, 7.000000000000001, 1, 0.00014948705, 0
3345, 29.0, 83.00000000000001, 7.000000000000001, 1, 0.000309113375, 0
3349, 1.0000000000000002, 85.00000000000001, 7.000000000000001, 1, 0.00012125728750000001, 0
3350, 3.0, 85.00000000000001, 7.000000000000001, 1, 0.00018391545, 0
3351, 5.0, 85.00000000000001, 7.000000000000001, 1, 0.00024910892500000005, 0
3352, 7.000000000000001, 85.00000000000001, 7.000000000000001, 1, 0.0001329937875, 0
3363, 29.0, 85.00000000000001, 7.000000000000001, 1, 0.000317216025, 0
3367, 1.0000000000000002, 87.0, 7.000000000000001, 1, 0.0001148688375, 0
3368, 3.0, 87.0, 7.000000000000001, 1, 0.000172029175, 0
3369, 5.0, 87.0, 7.000000000000001, 1, 0.00022286021250000004, 0
3370, 7.000000000000001, 87.0, 7.000000000000001, 1, 0.00011674415, 0
3381, 29.0, 87.0, 7.000000000000001, 1, 0.0003202470375, 0
3385, 1.0000000000000002, 89.00000000000001, 7.000000000000001, 1, 0.000142037175, 0
3386, 3.0, 89.00000000000001, 7.000000000000001, 1, 0.0001522849375, 0
3387, 5.0, 89.00000000000001, 7.000000000000001, 1, 0.0001857154875, 0
3388, 7.000000000000001, 89.00000000000001, 7.000000000000001, 1, 0.00010054071250000001, 0
3399, 29.0, 89.00000000000001, 7.000000000000001, 1, 0.00032074130000000003, 0
3403, 1.0000000000000002, 91.00000000000001, 7.000000000000001, 1, 0.00010824855, 0
3404, 3.0, 91.00000000000001, 7.000000000000001, 1, 0.0001084246525, 0
3405, 5.0, 91.00000000000001, 7.000000000000001, 1, 0.00013621652625, 0
3406, 7.000000000000001, 91.00000000000001, 7.000000000000001, 1, 8.128738625e-05, 0
3417, 29.0, 91.00000000000001, 7.000000000000001, 1, 0.0002370406225, 0
3421, 1.0000000000000002, 93.0, 7.000000000000001, 1, 2.7505652499999997e-05, 0
3422, 3.0, 93.0, 7.000000000000001, 1, 5.5923365000000005e-05, 0
3423, 5.0, 93.0, 7.000000000000001, 1, 8.718507500000001e-05, 0
3424, 7.000000000000001, 93.0, 7.000000000000001, 1, 5.595208625e-05, 0
3435, 29.0, 93.0, 7.000000000000001, 1, 0.00013310779250000002, 0
3439, 1.0000000000000002, 95.00000000000001, 7.000000000000001, 1, 3.3326096249999994e-05, 0
3440, 3.0, 95.00000000000001, 7.000000000000001, 1, 3.457253e-05, 0
3441, 5.0, 95.00000000000001, 7.000000000000001, 1, 5.9053634999999996e-05, 0
3442, 7.000000000000001, 95.00000000000001, 7.000000000000001, 1, 3.370099e-05, 0
3453, 29.0, 95.00000000000001, 7.000000000000001, 1, 9.308510375e-05, 0
3459, 5.0, 1.0000000000000002, 9.000000000000002, 1, 0.00011265673, 0
3460, 7.000000000000001, 1.0000000000000002, 9.000000000000002, 1, 0.0002742502625, 0
3461, 9.0, 1.0000000000000002, 9.000000000000002, 1, 0.0004970761375, 0
3462, 11.000000000000002, 1.0000000000000002, 9.000000000000002, 1, 0.000726899275, 0
3463, 13.0, 1.0000000000000002, 9.000000000000002, 1, 0.0009183628375, 0
3464, 15.0, 1.0000000000000002, 9.000000000000002, 1, 0.0010059081625, 0
3465, 17.000000000000004, 1.0000000000000002, 9.000000000000002, 1, 0.0009934529125, 0
3466, 19.000000000000004, 1.0000000000000002, 9.000000000000002, 1, 0.0009140052625, 0
3467, 21.000000000000004, 1.0000000000000002, 9.000000000000002, 1, 0.0007870491, 0
3468, 23.0, 1.0000000000000002, 9.000000000000002, 1, 0.0006115689875, 0
3469, 25.000000000000004, 1.0000000000000002, 9.000000000000002, 1, 0.0004032477625, 0
3470, 26.999999999999996, 1.0000000000000002, 9.000000000000002, 1, 0.00023851629999999997, 0
3471, 29.0, 1.0000000000000002, 9.000000000000002, 1, 0.00015063830875, 0
3472, 31.000000000000004, 1.0000000000000002, 9.000000000000002, 1, 0.00010183682624999998, 0
3473, 33.0, 1.0000000000000002, 9.000000000000002, 1, 5.16687175e-05, 0
3474, 35.00000000000001, 1.0000000000000002, 9.000000000000002, 1, 1.721796375e-05, 0
3477, 5.0, 3.0000000000000004, 9.000000000000002, 1, 0.0002388081, 0
3478, 7.000000000000001, 3.0000000000000004, 9.000000000000002, 1, 0.0002700585375, 0
3479, 9.0, 3.0000000000000004, 9.000000000000002, 1, 0.0007439539875, 0
3480, 11.000000000000002, 3.0000000000000004, 9.000000000000002, 1, 0.000713030175, 0
3481, 13.0, 3.0000000000000004, 9.000000000000002, 1, 0.00040590445, 0
3482, 15.0, 3.0000000000000004, 9.000000000000002, 1, 0.0002573716875, 0
3483, 17.000000000000004, 3.0000000000000004, 9.000000000000002, 1, 0.00018970868749999998, 0
3484, 19.000000000000004, 3.0000000000000004, 9.000000000000002, 1, 0.00016716515, 0
3485, 21.000000000000004, 3.0000000000000004, 9.000000000000002, 1, 0.000182916025, 0
3486, 23.0, 3.0000000000000004, 9.000000000000002, 1, 0.000254302375, 0
3487, 25.000000000000004, 3.0000000000000004, 9.000000000000002, 1, 0.0004141396125, 0
3488, 26.999999999999996, 3.0000000000000004, 9.000000000000002, 1, 0.0004780020625, 0
3489, 29.0, 3.0000000000000004, 9.000000000000002, 1, 0.000162793025, 0
3490, 31.000000000000004, 3.0000000000000004, 9.000000000000002, 1, 3.974668e-05, 0
3491, 33.0, 3.0000000000000004, 9.000000000000002, 1, 2.13107125e-05, 0
3492, 35.00000000000001, 3.0000000000000004, 9.000000000000002, 1, 2.6983485e-05, 0
3495, 5.0, 5.000000000000001, 9.000000000000002, 1, 0.000328425175, 0
3496, 7.000000000000001, 5.000000000000001, 9.000000000000002, 1, 0.0007557654250000001, 0
3497, 9.0, 5.000000000000001, 9.000000000000002, 1, 0.00204927615, 0
3498, 11.000000000000002, 5.000000000000001, 9.000000000000002, 1, 0.0005691806875, 0
3499, 13.0, 5.000000000000001, 9.000000000000002, 1, 0.000576314, 0
3500, 15.0, 5.000000000000001, 9.000000000000002, 1, 0.0006976706375, 0
3501, 17.000000000000004, 5.000000000000001, 9.000000000000002, 1, 0.0007850070375, 0
3502, 19.000000000000004, 5.000000000000001, 9.000000000000002, 1, 0.0008114411625, 0
3503, 21.000000000000004, 5.000000000000001, 9.000000000000002, 1, 0.0007664886375, 0
3504, 23.0, 5.000000000000001, 9.000000000000002, 1, 0.000657804475, 0
3505, 25.000000000000004, 5.000000000000001, 9.000000000000002, 1, 0.0005586141875, 0
3506, 26.999999999999996, 5.000000000000001, 9.000000000000002, 1, 0.0009381979875, 0
3507, 29.0, 5.000000000000001, 9.000000000000002, 1, 0.00030357681249999996, 0
3508, 31.000000000000004, 5.000000000000001, 9.000000000000002, 1, 9.290854875e-05, 0
3509, 33.0, 5.000000000000001, 9.000000000000002, 1, 6.616799000000001e-05, 0
3510, 35.00000000000001, 5.000000000000001, 9.000000000000002, 1, 1.5166661249999999e-05, 0
3511, 1.0000000000000002, 7.000000000000001, 9.000000000000002, 1, 1.412471525e-05, 0
3512, 3.0, 7.000000000000001, 9.000000000000002, 1, 9.1355275e-05, 0
3513, 5.0, 7.000000000000001, 9.000000000000002, 1, 0.00032367988750000003, 0
3514, 7.000000000000001, 7.000000000000001, 9.000000000000002, 1, 0.0029309140875, 0
3525, 29.0, 7.000000000000001, 9.000000000000002, 1, 0.001070617825, 0
3529, 1.0000000000000002, 9.000000000000002, 9.000000000000002, 1, 0.00019320098375, 0
3530, 3.0, 9.000000000000002, 9.000000000000002, 1, 0.00013773367875, 0
3531, 5.0, 9.000000000000002, 9.000000000000002, 1, 0.000604303425, 0
3532, 7.000000000000001, 9.000000000000002, 9.000000000000002, 1, 0.001387919775, 0
3543, 29.0, 9.000000000000002, 9.000000000000002, 1, 0.0008040540125, 0
3547, 1.0000000000000002, 11.0, 9.000000000000002, 1, 0.000804848575, 0
3548, 3.0, 11.0, 9.000000000000002, 1, 0.0005246611875000001, 0
3549, 5.0, 11.0, 9.000000000000002, 1, 0.0005855837749999999, 0
3550, 7.000000000000001, 11.0, 9.000000000000002, 1, 0.0007795563124999999, 0
3561, 29.0, 11.0, 9.000000000000002, 1, 0.000699953675, 0
3565, 1.0000000000000002, 13.0, 9.000000000000002, 1, 0.0006418271875000001, 0
3566, 3.0, 13.0, 9.000000000000002, 1, 0.0006513380625, 0
3567, 5.0, 13.0, 9.000000000000002, 1, 0.0005062726, 0
3568, 7.000000000000001, 13.0, 9.000000000000002, 1, 0.0004065784625, 0
3579, 29.0, 13.0, 9.000000000000002, 1, 0.0006628685, 0
3583, 1.0000000000000002, 14.999999999999998, 9.000000000000002, 1, 0.0005704822125, 0
3584, 3.0, 14.999999999999998, 9.000000000000002, 1, 0.000544763125, 0
3585, 5.0, 14.999999999999998, 9.000000000000002, 1, 0.00036625647499999997, 0
3586, 7.000000000000001, 14.999999999999998, 9.000000000000002, 1, 0.00016413102499999999, 0
3597, 29.0, 14.999999999999998, 9.000000000000002, 1, 0.0006698024625, 0
3601, 1.0000000000000002, 17.0, 9.000000000000002, 1, 0.00053055295, 0
3602, 3.0, 17.0, 9.000000000000002, 1, 0.00043701735, 0
3603, 5.0, 17.0, 9.000000000000002, 1, 0.0002101308, 0
3604, 7.000000000000001, 17.0, 9.000000000000002, 1, 4.716306375e-05, 0
3615, 29.0, 17.0, 9.000000000000002, 1, 0.0006740698000000001, 0
3619, 1.0000000000000002, 19.000000000000004, 9.000000000000002, 1, 0.0006445720624999999, 0
3620, 3.0, 19.000000000000004, 9.000000000000002, 1, 0.00024014235, 0
3621, 5.0, 19.000000000000004, 9.000000000000002, 1, 8.288041875e-05, 0
3622, 7.000000000000001, 19.000000000000004, 9.000000000000002, 1, 1.3791541875e-05, 0
3633, 29.0, 19.000000000000004, 9.000000000000002, 1, 0.0012510260375, 0
3637, 1.0000000000000002, 21.0, 9.000000000000002, 1, 0.00017038325, 0
3638, 3.0, 21.0, 9.000000000000002, 1, 5.227348625e-05, 0
3639, 5.0, 21.0, 9.000000000000002, 1, 2.61223475e-05, 0
3640, 7.000000000000001, 21.0, 9.000000000000002, 1, 1.1375840875e-05, 0
3651, 29.0, 21.0, 9.000000000000002, 1, 0.00118300385, 0
3655, 1.0000000000000002, 23.000000000000004, 9.000000000000002, 1, 6.6422511249999995e-06, 0
3656, 3.0, 23.000000000000004, 9.000000000000002, 1, 9.354061999999998e-06, 0
3657, 5.0, 23.000000000000004, 9.000000000000002, 1, 2.9730925625e-05, 0
3658, 7.000000000000001, 23.000000000000004, 9.000000000000002, 1, 1.5460515125e-05, 0
3669, 29.0, 23.000000000000004, 9.000000000000002, 1, 0.00107857695, 0
3676, 7.000000000000001, 25.000000000000004, 9.000000000000002, 1, 6.155045425e-05, 0
3687, 29.0, 25.000000000000004, 9.000000000000002, 1, 0.0009901477499999999, 0
3694, 7.000000000000001, 27.0, 9.000000000000002, 1, 3.079814075e-05, 0
3705, 29.0, 27.0, 9.000000000000002, 1, 0.000906859575, 0
3712, 7.000000000000001, 28.999999999999996, 9.000000000000002, 1, 1.5783943375e-05, 0
3723, 29.0, 28.999999999999996, 9.000000000000002, 1, 0.0008276083124999999, 0
3730, 7.000000000000001, 31.000000000000004, 9.000000000000002, 1, 1.065262125e-05, 0
3741, 29.0, 31.000000000000004, 9.000000000000002, 1, 0.000750468, 0
3748, 7.000000000000001, 33.00000000000001, 9.000000000000002, 1, 8.98468225e-06, 0
3759, 29.0, 33.00000000000001, 9.000000000000002, 1, 0.0006801830999999999, 0
3766, 7.000000000000001, 35.0, 9.000000000000002, 1, 8.337152875e-06, 0
3777, 29.0, 35.0, 9.000000000000002, 1, 0.0006142711125, 0
3784, 7.000000000000001, 37.00000000000001, 9.000000000000002, 1, 8.505855e-06, 0
3795, 29.0, 37.00000000000001, 9.000000000000002, 1, 0.0005572971125, 0
3802, 7.000000000000001, 39.00000000000001, 9.000000000000002, 1, 9.448571499999998e-06, 0
3813, 29.0, 39.00000000000001, 9.000000000000002, 1, 0.00050128825, 0
3820, 7.000000000000001, 41.0, 9.000000000000002, 1, 1.1042699125e-05, 0
3831, 29.0, 41.0, 9.000000000000002, 1, 0.000447255325, 0
3838, 7.000000000000001, 43.00000000000001, 9.000000000000002, 1, 1.3079007500000002e-05, 0
3849, 29.0, 43.00000000000001, 9.000000000000002, 1, 0.0003965934875, 0
3856, 7.000000000000001, 45.00000000000001, 9.000000000000002, 1, 1.5454495e-05, 0
3867, 29.0, 45.00000000000001, 9.000000000000002, 1, 0.00034922070000000004, 0
3874, 7.000000000000001, 47.0, 9.000000000000002, 1, 1.8122148750000002e-05, 0
3885, 29.0, 47.0, 9.000000000000002, 1, 0.00030253287499999997, 0
3892, 7.000000000000001, 49.0, 9.000000000000002, 1, 2.10712825e-05, 0
3903, 29.0, 49.0, 9.000000000000002, 1, 0.00026690442500000003, 0
3910, 7.000000000000001, 50.99999999999999, 9.000000000000002, 1, 2.4373945000000004e-05, 0
3921, 29.0, 50.99999999999999, 9.000000000000002, 1, 0.00023567131249999999, 0
3928, 7.000000000000001, 53.0, 9.000000000000002, 1, 2.8295539999999996e-05, 0
3939, 29.0, 53.0, 9.000000000000002, 1, 0.00020517965, 0
3946, 7.000000000000001, 55.0, 9.000000000000002, 1, 3.3287433749999996e-05, 0
3957, 29.0, 55.0, 9.000000000000002, 1, 0.00017774565, 0
3964, 7.000000000000001, 56.99999999999999, 9.000000000000002, 1, 3.967577e-05, 0
3975, 29.0, 56.99999999999999, 9.000000000000002, 1, 0.0001526239875, 0
3982, 7.000000000000001, 59.0, 9.000000000000002, 1, 4.74884775e-05, 0
3993, 29.0, 59.0, 9.000000000000002, 1, 0.00012978609250000002, 0
4000, 7.000000000000001, 61.0, 9.000000000000002, 1, 5.548312125e-05, 0
4011, 29.0, 61.0, 9.000000000000002, 1, 0.000111385865, 0
4018, 7.000000000000001, 62.99999999999999, 9.000000000000002, 1, 6.16090175e-05, 0
4029, 29.0, 62.99999999999999, 9.000000000000002, 1, 9.485569875e-05, 0
4036, 7.000000000000001, 65.0, 9.000000000000002, 1, 6.107026874999999e-05, 0
4047, 29.0, 65.0, 9.000000000000002, 1, 6.997627375000001e-05, 0
4054, 7.000000000000001, 67.00000000000001, 9.000000000000002, 1, 5.3548959999999996e-05, 0
4065, 29.0, 67.00000000000001, 9.000000000000002, 1, 6.656308000000001e-05, 0
4072, 7.000000000000001, 69.0, 9.000000000000002, 1, 5.572150375e-05, 0
4083, 29.0, 69.0, 9.000000000000002, 1, 9.803406874999999e-05, 0
4090, 7.000000000000001, 71.0, 9.000000000000002, 1, 8.862382874999999e-05, 0
4101, 29.0, 71.0, 9.000000000000002, 1, 8.1714845e-05, 0
4105, 1.0000000000000002, 73.00000000000001, 9.000000000000002, 1, 1.61526525e-05, 0
4106, 3.0, 73.00000000000001, 9.000000000000002, 1, 2.7411938750000002e-05, 0
4107, 5.0, 73.00000000000001, 9.000000000000002, 1, 6.754185625e-05, 0
4108, 7.000000000000001, 73.00000000000001, 9.000000000000002, 1, 4.5845888750000005e-05, 0
4119, 29.0, 73.00000000000001, 9.000000000000002, 1, 8.981039375000001e-05, 0
4123, 1.0000000000000002, 75.0, 9.000000000000002, 1, 2.402691125e-05, 0
4124, 3.0, 75.0, 9.000000000000002, 1, 5.923927625e-05, 0
4125, 5.0, 75.0, 9.000000000000002, 1, 5.8990741249999995e-05, 0
4126, 7.000000000000001, 75.0, 9.000000000000002, 1, 4.60239475e-05, 0
4137, 29.0, 75.0, 9.000000000000002, 1, 0.0001087478275, 0
4141, 1.0000000000000002, 77.00000000000001, 9.000000000000002, 1, 4.9662848749999997e-05, 0
4142, 3.0, 77.00000000000001, 9.000000000000002, 1, 0.00012201889250000001, 0
4143, 5.0, 77.00000000000001, 9.000000000000002, 1, 8.45162175e-05, 0
4144, 7.000000000000001, 77.00000000000001, 9.000000000000002, 1, 5.0136057499999996e-05, 0
4155, 29.0, 77.00000000000001, 9.000000000000002, 1, 0.0001266816875, 0
4159, 1.0000000000000002, 79.00000000000001, 9.000000000000002, 1, 0.0003898229875, 0
4160, 3.0, 79.00000000000001, 9.000000000000002, 1, 0.0001859684625, 0
4161, 5.0, 79.00000000000001, 9.000000000000002, 1, 0.0001094108, 0
4162, 7.000000000000001, 79.00000000000001, 9.000000000000002, 1, 6.0993655e-05, 0
4173, 29.0, 79.00000000000001, 9.000000000000002, 1, 0.00021069055, 0
4177, 1.0000000000000002, 81.0, 9.000000000000002, 1, 0.000233169075, 0
4178, 3.0, 81.0, 9.000000000000002, 1, 0.0001830492, 0
4179, 5.0, 81.0, 9.000000000000002, 1, 0.0001147253875, 0
4180, 7.000000000000001, 81.0, 9.000000000000002, 1, 6.51770175e-05, 0
4191, 29.0, 81.0, 9.000000000000002, 1, 0.000237748175, 0
4195, 1.0000000000000002, 83.00000000000001, 9.000000000000002, 1, 0.000146944925, 0
4196, 3.0, 83.00000000000001, 9.000000000000002, 1, 0.00015710811250000003, 0
4197, 5.0, 83.00000000000001, 9.000000000000002, 1, 0.00010703710875, 0
4198, 7.000000000000001, 83.00000000000001, 9.000000000000002, 1, 6.07229775e-05, 0
4209, 29.0, 83.00000000000001, 9.000000000000002, 1, 0.0002415649625, 0
4213, 1.0000000000000002, 85.00000000000001, 9.000000000000002, 1, 0.000124113475, 0
4214, 3.0, 85.00000000000001, 9.000000000000002, 1, 0.000136466075, 0
4215, 5.0, 85.00000000000001, 9.000000000000002, 1, 9.624697874999999e-05, 0
4216, 7.000000000000001, 85.00000000000001, 9.000000000000002, 1, 5.3211632499999996e-05, 0
4227, 29.0, 85.00000000000001, 9.000000000000002, 1, 0.00024671485, 0
4231, 1.0000000000000002, 87.0, 9.000000000000002, 1, 0.000118399175, 0
4232, 3.0, 87.0, 9.000000000000002, 1, 0.00012916695, 0
4233, 5.0, 87.0, 9.000000000000002, 1, 8.587430125000001e-05, 0
4234, 7.000000000000001, 87.0, 9.000000000000002, 1, 4.616962625e-05, 0
4245, 29.0, 87.0, 9.000000000000002, 1, 0.0002401253125, 0
4249, 1.0000000000000002, 89.00000000000001, 9.000000000000002, 1, 0.000162861625, 0
4250, 3.0, 89.00000000000001, 9.000000000000002, 1, 0.0001194451, 0
4251, 5.0, 89.00000000000001, 9.000000000000002, 1, 7.31603725e-05, 0
4252, 7.000000000000001, 89.00000000000001, 9.000000000000002, 1, 3.7732468749999994e-05, 0
4263, 29.0, 89.00000000000001, 9.000000000000002, 1, 0.0002274991625, 0
4267, 1.0000000000000002, 91.00000000000001, 9.000000000000002, 1, 0.00014948138625, 0
4268, 3.0, 91.00000000000001, 9.000000000000002, 1, 9.159112875e-05, 0
4269, 5.0, 91.00000000000001, 9.000000000000002, 1, 5.6133283750000004e-05, 0
4270, 7.000000000000001, 91.00000000000001, 9.000000000000002, 1, 2.589033625e-05, 0
4281, 29.0, 91.00000000000001, 9.000000000000002, 1, 0.0001514524475, 0
4285, 1.0000000000000002, 93.0, 9.000000000000002, 1, 1.1176395e-05, 0
4286, 3.0, 93.0, 9.000000000000002, 1, 4.276831e-05, 0
4287, 5.0, 93.0, 9.000000000000002, 1, 3.5606675e-05, 0
4288, 7.000000000000001, 93.0, 9.000000000000002, 1, 1.359965125e-05, 0
4299, 29.0, 93.0, 9.000000000000002, 1, 8.230580724999999e-05, 0
4303, 1.0000000000000002, 95.00000000000001, 9.000000000000002, 1, 9.141047625e-06, 0
4304, 3.0, 95.00000000000001, 9.000000000000002, 1, 1.980657375e-05, 0
4305, 5.0, 95.00000000000001, 9.000000000000002, 1, 2.052235375e-05, 0
4306, 7.000000000000001, 95.00000000000001, 9.000000000000002, 1, 6.687180375e-06, 0
4317, 29.0, 95.00000000000001, 9.000000000000002, 1, 2.8227685e-05, 0
4323, 5.0, 1.0000000000000002, 11.000000000000002, 1, 2.31015075e-05, 0
4324, 7.000000000000001, 1.0000000000000002, 11.000000000000002, 1, 0.00010522960875, 0
4325, 9.0, 1.0000000000000002, 11.000000000000002, 1, 0.00034943165, 0
4326, 11.000000000000002, 1.0000000000000002, 11.000000000000002, 1, 0.0006302182874999999, 0
4327, 13.0, 1.0000000000000002, 11.000000000000002, 1, 0.00085100185, 0
4328, 15.0, 1.0000000000000002, 11.000000000000002, 1, 0.0009804571625, 0
4329, 17.000000000000004, 1.0000000000000002, 11.000000000000002, 1, 0.0010191282625, 0
4330, 19.000000000000004, 1.0000000000000002, 11.000000000000002, 1, 0.0009669200374999999, 0
4331, 21.000000000000004, 1.0000000000000002, 11.000000000000002, 1, 0.0008329076125, 0
4332, 23.0, 1.0000000000000002, 11.000000000000002, 1, 0.0006343340000000001, 0
4333, 25.000000000000004, 1.0000000000000002, 11.000000000000002, 1, 0.0004147210375, 0
4334, 26.999999999999996, 1.0000000000000002, 11.000000000000002, 1, 0.00024132516250000003, 0
4335, 29.0, 1.0000000000000002, 11.000000000000002, 1, 0.00012925419375, 0
4336, 31.000000000000004, 1.0000000000000002, 11.000000000000002, 1, 6.604409125000001e-05, 0
4337, 33.0, 1.0000000000000002, 11.000000000000002, 1, 2.3017261625e-05, 0
4338, 35.00000000000001, 1.0000000000000002, 11.000000000000002, 1, 3.1999992500000003e-06, 0
4341, 5.0, 3.0000000000000004, 11.000000000000002, 1, 0.0001144582725, 0
4342, 7.000000000000001, 3.0000000000000004, 11.000000000000002, 1, 0.0003778665375, 0
4343, 9.0, 3.0000000000000004, 11.000000000000002, 1, 0.0013044530875, 0
4344, 11.000000000000002, 3.0000000000000004, 11.000000000000002, 1, 0.0013780291125, 0
4345, 13.0, 3.0000000000000004, 11.000000000000002, 1, 0.0007977006249999999, 0
4346, 15.0, 3.0000000000000004, 11.000000000000002, 1, 0.00042658474999999996, 0
4347, 17.000000000000004, 3.0000000000000004, 11.000000000000002, 1, 0.0002087073375, 0
4348, 19.000000000000004, 3.0000000000000004, 11.000000000000002, 1, 0.0001287234, 0
4349, 21.000000000000004, 3.0000000000000004, 11.000000000000002, 1, 0.00017958883750000002, 0
4350, 23.0, 3.0000000000000004, 11.000000000000002, 1, 0.0003630241375, 0
4351, 25.000000000000004, 3.0000000000000004, 11.000000000000002, 1, 0.0006876867374999999, 0
4352, 26.999999999999996, 3.0000000000000004, 11.000000000000002, 1, 0.0008056702125, 0
4353, 29.0, 3.0000000000000004, 11.000000000000002, 1, 0.000309171975, 0
4354, 31.000000000000004, 3.0000000000000004, 11.000000000000002, 1, 5.575068125e-05, 0
4355, 33.0, 3.0000000000000004, 11.000000000000002, 1, 1.277814625e-05, 0
4356, 35.00000000000001, 3.0000000000000004, 11.000000000000002, 1, 6.572522125e-06, 0
4359, 5.0, 5.000000000000001, 11.000000000000002, 1, 0.0002424763875, 0
4360, 7.000000000000001, 5.000000000000001, 11.000000000000002, 1, 0.0011204979125, 0
4361, 9.0, 5.000000000000001, 11.000000000000002, 1, 0.0027690827624999997, 0
4362, 11.000000000000002, 5.000000000000001, 11.000000000000002, 1, 0.00059944575, 0
4363, 13.0, 5.000000000000001, 11.000000000000002, 1, 0.0005606329125, 0
4364, 15.0, 5.000000000000001, 11.000000000000002, 1, 0.0007087595250000001, 0
4365, 17.000000000000004, 5.000000000000001, 11.000000000000002, 1, 0.00084173085, 0
4366, 19.000000000000004, 5.000000000000001, 11.000000000000002, 1, 0.0008880121875, 0
4367, 21.000000000000004, 5.000000000000001, 11.000000000000002, 1, 0.0008257782, 0
4368, 23.0, 5.000000000000001, 11.000000000000002, 1, 0.0006787382625, 0
4369, 25.000000000000004, 5.000000000000001, 11.000000000000002, 1, 0.0005388461375, 0
4370, 26.999999999999996, 5.000000000000001, 11.000000000000002, 1, 0.001041421675, 0
4371, 29.0, 5.000000000000001, 11.000000000000002, 1, 0.00044187235, 0
4372, 31.000000000000004, 5.000000000000001, 11.000000000000002, 1, 0.000139160335, 0
4373, 33.0, 5.000000000000001, 11.000000000000002, 1, 4.7972321375e-05, 0
4374, 35.00000000000001, 5.000000000000001, 11.000000000000002, 1, 2.733829875e-06, 0
4375, 1.0000000000000002, 7.000000000000001, 11.000000000000002, 1, 8.885147375e-06, 0
4376, 3.0, 7.000000000000001, 11.000000000000002, 1, 0.00010983263125, 0
4377, 5.0, 7.000000000000001, 11.000000000000002, 1, 0.000578265, 0
4378, 7.000000000000001, 7.000000000000001, 11.000000000000002, 1, 0.004252859125, 0
4389, 29.0, 7.000000000000001, 11.000000000000002, 1, 0.0013882448125, 0
4393, 1.0000000000000002, 9.000000000000002, 11.000000000000002, 1, 0.00020824073, 0
4394, 3.0, 9.000000000000002, 11.000000000000002, 1, 0.000365373625, 0
4395, 5.0, 9.000000000000002, 11.000000000000002, 1, 0.0010880429250000002, 0
4396, 7.000000000000001, 9.000000000000002, 11.000000000000002, 1, 0.002060525, 0
4407, 29.0, 9.000000000000002, 11.000000000000002, 1, 0.0011448650000000001, 0
4411, 1.0000000000000002, 11.0, 11.000000000000002, 1, 0.001050469175, 0
4412, 3.0, 11.0, 11.000000000000002, 1, 0.0008398771, 0
4413, 5.0, 11.0, 11.000000000000002, 1, 0.0009646343999999999, 0
4414, 7.000000000000001, 11.0, 11.000000000000002, 1, 0.0011508749375, 0
4425, 29.0, 11.0, 11.000000000000002, 1, 0.001046346325, 0
4429, 1.0000000000000002, 13.0, 11.000000000000002, 1, 0.0009135616125000001, 0
4430, 3.0, 13.0, 11.000000000000002, 1, 0.0009149183499999999, 0
4431, 5.0, 13.0, 11.000000000000002, 1, 0.000764526575, 0
4432, 7.000000000000001, 13.0, 11.000000000000002, 1, 0.0006054362625, 0
4443, 29.0, 13.0, 11.000000000000002, 1, 0.0010051418625, 0
4447, 1.0000000000000002, 14.999999999999998, 11.000000000000002, 1, 0.000758227275, 0
4448, 3.0, 14.999999999999998, 11.000000000000002, 1, 0.0007191295625, 0
4449, 5.0, 14.999999999999998, 11.000000000000002, 1, 0.0005155668, 0
4450, 7.000000000000001, 14.999999999999998, 11.000000000000002, 1, 0.00025498125, 0
4461, 29.0, 14.999999999999998, 11.000000000000002, 1, 0.001033018125, 0
4465, 1.0000000000000002, 17.0, 11.000000000000002, 1, 0.0006535858125, 0
4466, 3.0, 17.0, 11.000000000000002, 1, 0.000532670225, 0
4467, 5.0, 17.0, 11.000000000000002, 1, 0.0002746240125, 0
4468, 7.000000000000001, 17.0, 11.000000000000002, 1, 7.518469375e-05, 0
4479, 29.0, 17.0, 11.000000000000002, 1, 0.0010544137875, 0
4483, 1.0000000000000002, 19.000000000000004, 11.000000000000002, 1, 0.000712787175, 0
4484, 3.0, 19.000000000000004, 11.000000000000002, 1, 0.0002658736625, 0
4485, 5.0, 19.000000000000004, 11.000000000000002, 1, 9.5221105e-05, 0
4486, 7.000000000000001, 19.000000000000004, 11.000000000000002, 1, 1.2676814625e-05, 0
4497, 29.0, 19.000000000000004, 11.000000000000002, 1, 0.0016800494, 0
4501, 1.0000000000000002, 21.0, 11.000000000000002, 1, 0.00015964872, 0
4502, 3.0, 21.0, 11.000000000000002, 1, 4.8923451250000005e-05, 0
4503, 5.0, 21.0, 11.000000000000002, 1, 1.8876577500000003e-05, 0
4504, 7.000000000000001, 21.0, 11.000000000000002, 1, 1.5532490499999998e-05, 0
4515, 29.0, 21.0, 11.000000000000002, 1, 0.0014818349375, 0
4519, 1.0000000000000002, 23.000000000000004, 11.000000000000002, 1, 7.114590750000001e-06, 0
4520, 3.0, 23.000000000000004, 11.000000000000002, 1, 7.13780325e-06, 0
4521, 5.0, 23.000000000000004, 11.000000000000002, 1, 1.6300247249999998e-05, 0
4522, 7.000000000000001, 23.000000000000004, 11.000000000000002, 1, 2.4274965875e-05, 0
4533, 29.0, 23.000000000000004, 11.000000000000002, 1, 0.001282269725, 0
4540, 7.000000000000001, 25.000000000000004, 11.000000000000002, 1, 3.863105125e-05, 0
4551, 29.0, 25.000000000000004, 11.000000000000002, 1, 0.00112094415, 0
4558, 7.000000000000001, 27.0, 11.000000000000002, 1, 2.3521218375000002e-05, 0
4569, 29.0, 27.0, 11.000000000000002, 1, 0.000982654775, 0
4576, 7.000000000000001, 28.999999999999996, 11.000000000000002, 1, 1.3626269625e-05, 0
4587, 29.0, 28.999999999999996, 11.000000000000002, 1, 0.000865079475, 0
4594, 7.000000000000001, 31.000000000000004, 11.000000000000002, 1, 9.814024875e-06, 0
4605, 29.0, 31.000000000000004, 11.000000000000002, 1, 0.00076709695, 0
4612, 7.000000000000001, 33.00000000000001, 11.000000000000002, 1, 8.891802750000001e-06, 0
4623, 29.0, 33.00000000000001, 11.000000000000002, 1, 0.0006885856625, 0
4630, 7.000000000000001, 35.0, 11.000000000000002, 1, 8.151585375e-06, 0
4641, 29.0, 35.0, 11.000000000000002, 1, 0.0006289621625000001, 0
4648, 7.000000000000001, 37.00000000000001, 11.000000000000002, 1, 6.570120875000001e-06, 0
4659, 29.0, 37.00000000000001, 11.000000000000002, 1, 0.000582003025, 0
4666, 7.000000000000001, 39.00000000000001, 11.000000000000002, 1, 6.269793e-06, 0
4677, 29.0, 39.00000000000001, 11.000000000000002, 1, 0.00054197955, 0
4684, 7.000000000000001, 41.0, 11.000000000000002, 1, 8.001599e-06, 0
4695, 29.0, 41.0, 11.000000000000002, 1, 0.0005043206750000001, 0
4702, 7.000000000000001, 43.00000000000001, 11.000000000000002, 1, 1.0869044499999999e-05, 0
4713, 29.0, 43.00000000000001, 11.000000000000002, 1, 0.0004673562, 0
4720, 7.000000000000001, 45.00000000000001, 11.000000000000002, 1, 1.5005662625000001e-05, 0
4731, 29.0, 45.00000000000001, 11.000000000000002, 1, 0.00043068543750000003, 0
4738, 7.000000000000001, 47.0, 11.000000000000002, 1, 2.052352125e-05, 0
4749, 29.0, 47.0, 11.000000000000002, 1, 0.00039534858750000005, 0
4756, 7.000000000000001, 49.0, 11.000000000000002, 1, 2.7578285e-05, 0
4767, 29.0, 49.0, 11.000000000000002, 1, 0.00035956418750000005, 0
4774, 7.000000000000001, 50.99999999999999, 11.000000000000002, 1, 3.6408288750000006e-05, 0
4785, 29.0, 50.99999999999999, 11.000000000000002, 1, 0.000322417925, 0
4792, 7.000000000000001, 53.0, 11.000000000000002, 1, 4.7221695e-05, 0
4803, 29.0, 53.0, 11.000000000000002, 1, 0.00028226156250000004, 0
4810, 7.000000000000001, 55.0, 11.000000000000002, 1, 5.972629375e-05, 0
4821, 29.0, 55.0, 11.000000000000002, 1, 0.00023995725, 0
4828, 7.000000000000001, 56.99999999999999, 11.000000000000002, 1, 7.236627375e-05, 0
4839, 29.0, 56.99999999999999, 11.000000000000002, 1, 0.0001992471375, 0
4846, 7.000000000000001, 59.0, 11.000000000000002, 1, 8.193381999999999e-05, 0
4857, 29.0, 59.0, 11.000000000000002, 1, 0.00016284981250000002, 0
4864, 7.000000000000001, 61.0, 11.000000000000002, 1, 8.428915125e-05, 0
4875, 29.0, 61.0, 11.000000000000002, 1, 0.00013098832500000002, 0
4882, 7.000000000000001, 62.99999999999999, 11.000000000000002, 1, 7.567095375e-05, 0
4893, 29.0, 62.99999999999999, 11.000000000000002, 1, 0.000103668125, 0
4900, 7.000000000000001, 65.0, 11.000000000000002, 1, 5.669041375e-05, 0
4911, 29.0, 65.0, 11.000000000000002, 1, 8.317188625e-05, 0
4918, 7.000000000000001, 67.00000000000001, 11.000000000000002, 1, 5.145895125e-05, 0
4929, 29.0, 67.00000000000001, 11.000000000000002, 1, 6.667274375e-05, 0
4936, 7.000000000000001, 69.0, 11.000000000000002, 1, 5.367051375e-05, 0
4947, 29.0, 69.0, 11.000000000000002, 1, 9.1689095e-05, 0
4954, 7.000000000000001, 71.0, 11.000000000000002, 1, 6.980044625e-05, 0
4965, 29.0, 71.0, 11.000000000000002, 1, 4.837444e-05, 0
4969, 1.0000000000000002, 73.00000000000001, 11.000000000000002, 1, 1.797027875e-06, 0
4970, 3.0, 73.00000000000001, 11.000000000000002, 1, 1.1710789e-05, 0
4971, 5.0, 73.00000000000001, 11.000000000000002, 1, 4.0917230000000004e-05, 0
4972, 7.000000000000001, 73.00000000000001, 11.000000000000002, 1, 5.01672525e-05, 0
4983, 29.0, 73.00000000000001, 11.000000000000002, 1, 5.7400153749999995e-05, 0
4987, 1.0000000000000002, 75.0, 11.000000000000002, 1, 9.9125905e-06, 0
4988, 3.0, 75.0, 11.000000000000002, 1, 4.378972375e-05, 0
4989, 5.0, 75.0, 11.000000000000002, 1, 3.7813578750000004e-05, 0
4990, 7.000000000000001, 75.0, 11.000000000000002, 1, 4.3902055e-05, 0
5001, 29.0, 75.0, 11.000000000000002, 1, 5.870015500000001e-05, 0
5005, 1.0000000000000002, 77.00000000000001, 11.000000000000002, 1, 4.634887375e-05, 0
5006, 3.0, 77.00000000000001, 11.000000000000002, 1, 0.0001202170275, 0
5007, 5.0, 77.00000000000001, 11.000000000000002, 1, 5.7446275e-05, 0
5008, 7.000000000000001, 77.00000000000001, 11.000000000000002, 1, 4.7090370000000004e-05, 0
5019, 29.0, 77.00000000000001, 11.000000000000002, 1, 6.356512e-05, 0
5023, 1.0000000000000002, 79.00000000000001, 11.000000000000002, 1, 0.000693197975, 0
5024, 3.0, 79.00000000000001, 11.000000000000002, 1, 0.0001708897875, 0
5025, 5.0, 79.00000000000001, 11.000000000000002, 1, 6.592681875e-05, 0
5026, 7.000000000000001, 79.00000000000001, 11.000000000000002, 1, 5.1258845e-05, 0
5037, 29.0, 79.00000000000001, 11.000000000000002, 1, 0.00010196715625, 0
5041, 1.0000000000000002, 81.0, 11.000000000000002, 1, 0.0004172732375, 0
5042, 3.0, 81.0, 11.000000000000002, 1, 0.00012783198749999997, 0
5043, 5.0, 81.0, 11.000000000000002, 1, 5.1097875e-05, 0
5044, 7.000000000000001, 81.0, 11.000000000000002, 1, 4.604507625e-05, 0
5055, 29.0, 81.0, 11.000000000000002, 1, 0.00011737304125, 0
5059, 1.0000000000000002, 83.00000000000001, 11.000000000000002, 1, 0.0002339258125, 0
5060, 3.0, 83.00000000000001, 11.000000000000002, 1, 8.79102725e-05, 0
5061, 5.0, 83.00000000000001, 11.000000000000002, 1, 3.4679787499999995e-05, 0
5062, 7.000000000000001, 83.00000000000001, 11.000000000000002, 1, 3.841891625e-05, 0
5073, 29.0, 83.00000000000001, 11.000000000000002, 1, 0.00011946096125, 0
5077, 1.0000000000000002, 85.00000000000001, 11.000000000000002, 1, 0.00018685225375, 0
5078, 3.0, 85.00000000000001, 11.000000000000002, 1, 6.934955875e-05, 0
5079, 5.0, 85.00000000000001, 11.000000000000002, 1, 2.9236883750000002e-05, 0
5080, 7.000000000000001, 85.00000000000001, 11.000000000000002, 1, 3.464024e-05, 0
5091, 29.0, 85.00000000000001, 11.000000000000002, 1, 0.0001241648225, 0
5095, 1.0000000000000002, 87.0, 11.000000000000002, 1, 0.00018086081625000002, 0
5096, 3.0, 87.0, 11.000000000000002, 1, 7.17496775e-05, 0
5097, 5.0, 87.0, 11.000000000000002, 1, 2.5971958750000004e-05, 0
5098, 7.000000000000001, 87.0, 11.000000000000002, 1, 3.085777e-05, 0
5109, 29.0, 87.0, 11.000000000000002, 1, 0.00012170616375, 0
5113, 1.0000000000000002, 89.00000000000001, 11.000000000000002, 1, 0.0002704640375, 0
5114, 3.0, 89.00000000000001, 11.000000000000002, 1, 7.52986025e-05, 0
5115, 5.0, 89.00000000000001, 11.000000000000002, 1, 2.614322625e-05, 0
5116, 7.000000000000001, 89.00000000000001, 11.000000000000002, 1, 2.462605875e-05, 0
5127, 29.0, 89.00000000000001, 11.000000000000002, 1, 0.00011260434250000001, 0
5131, 1.0000000000000002, 91.00000000000001, 11.000000000000002, 1, 0.00024329978625, 0
5132, 3.0, 91.00000000000001, 11.000000000000002, 1, 6.516766249999999e-05, 0
5133, 5.0, 91.00000000000001, 11.000000000000002, 1, 2.443135875e-05, 0
5134, 7.000000000000001, 91.00000000000001, 11.000000000000002, 1, 1.4900203750000002e-05, 0
5145, 29.0, 91.00000000000001, 11.000000000000002, 1, 6.716996250000001e-05, 0
5149, 1.0000000000000002, 93.0, 11.000000000000002, 1, 3.54411625e-06, 0
5150, 3.0, 93.0, 11.000000000000002, 1, 2.4744090000000005e-05, 0
5151, 5.0, 93.0, 11.000000000000002, 1, 1.563042e-05, 0
5152, 7.000000000000001, 93.0, 11.000000000000002, 1, 5.63033875e-06, 0
5163, 29.0, 93.0, 11.000000000000002, 1, 3.525903575e-05, 0
5167, 1.0000000000000002, 95.00000000000001, 11.000000000000002, 1, 7.15527825e-07, 0
5168, 3.0, 95.00000000000001, 11.000000000000002, 1, 4.315063625e-06, 0
5169, 5.0, 95.00000000000001, 11.000000000000002, 1, 5.423075000000001e-06, 0
5170, 7.000000000000001, 95.00000000000001, 11.000000000000002, 1, 8.833179125e-07, 0
5181, 29.0, 95.00000000000001, 11.000000000000002, 1, 8.638463e-06, 0
