cell_id,x_m,y_m,z_m,span_x_m,span_y_m,span_z_m
16515081,0.1400256097,0.1247159675,-0.05011848584,0.0001280456781,0.001252271235,0.001296676695
16515086,0.1395227313,0.1259238397,-0.05527199991,0.000986546278,0.001019716263,0.001110218465
16515116,0.09602292776,0.1374259621,-0.05932902545,0.0001148432493,0.001115992665,0.001103818417
16515118,0.09397706389,0.1374241173,-0.05933064148,0.0001151263714,0.001118063927,0.001105662435
16515124,0.09602206498,0.1385976613,-0.05818193629,0.0001104548573,0.001227527857,0.001202598214
8650840,0.1429764241,0.0256449949,0.1684185266,0.0001179128885,0.001101359725,0.001042470336
8650841,0.1429767609,0.0245226182,0.1694909245,0.0001162290573,0.00115785934,0.001105770469
8650843,0.1455899715,0.02558851466,0.1756229699,0.001022219658,0.001249426976,0.001160889864
4456624,-0.1799731731,0.03165581487,0.1555928558,0.0001341402531,0.0009026415646,0.001021131873
16515251,0.09648416489,0.1425484121,-0.05831647813,0.0008988976479,0.001276895404,0.00127690658
4456665,-0.1604269177,0.007458250131,0.171016264,0.001511260867,0.001025650185,0.0008668154478
4456673,-0.1399760574,0.007431365456,0.1683956236,0.000119715929,0.001010555774,0.00100658834
4456745,-0.1799746215,0.003619449306,0.1845498323,0.0001197606325,0.001052432228,0.000986173749
8651183,0.1374172479,0.002025808487,0.1853984386,0.0009690225124,0.0001291024964,0.001001298428
16515735,0.1384617388,0.1317375422,-0.06109628975,0.001003593206,0.00113517046,0.001037582755
16515737,0.1374216676,0.1328005195,-0.06215298176,0.001059010625,0.001170784235,0.001086320728
4457115,-0.1754250914,0.0235304717,0.2207315981,0.001017019153,0.001244032755,0.001559183002
8651523,0.139975363,0.01349896137,0.1575643241,0.0001231878996,0.001071204431,0.001040384173
16516013,0.1384644508,0.1472898126,-0.05960592479,0.001146450639,0.001066088676,0.001161202788
16516021,0.1394937535,0.1462722967,-0.05859205437,0.001002803445,0.001055896282,0.001136142761
8651720,0.1399754226,0.01354219113,0.1624180049,0.0001232177019,0.001101804897,0.001015856862
4457511,-0.166806373,0.0146329077,0.1585701466,0.001986414194,0.002057815902,0.001115009189
4457531,-0.1429747045,0.02564325593,0.1585758746,0.0001239031553,0.001114854589,0.001096725464
4457553,-0.152792719,0.01463148296,0.1660244286,0.0008399933577,0.002048032358,0.0001131296158
4457579,-0.1686225563,0.02541036941,0.1665115237,0.001070410013,0.001037957147,0.00115890801
16516226,0.1254042834,0.11052403,-0.03985289633,0.001014813781,0.0007995069027,0.0003092139959
4457615,-0.1455356002,0.0180537954,0.1680835575,0.001028478146,0.001063102856,0.001135647297
8652076,0.1479761541,0.02344959565,0.1504564315,0.0001200288534,0.00102128461,0.001050531864
8652077,0.1479752779,0.02244217284,0.1515024424,0.0001247525215,0.001039125025,0.001063644886
16516429,0.1394754276,0.1022780525,-0.03765037842,0.00117084384,0.001669354737,0.0005266480148
16516442,0.1284897447,0.1064735606,-0.03876965865,0.0009637922049,0.0008541718125,0.0003334321082
16516455,0.1400098354,0.1048651397,-0.03889147639,0.000237211585,0.002348013222,0.001162931323
16516480,0.09397532791,0.1215518355,-0.04456762522,0.0001236051321,0.001119218767,0.00107902661
16516482,0.09602325857,0.1226257578,-0.04452922344,0.0001162514091,0.001134604216,0.00111740455
4458005,-0.1454928994,0.02627252154,0.1914941818,0.00104367733,0.0001373551786,0.001035764813
8652338,0.1446056575,0.01544890329,0.1654768616,0.001021519303,0.001199503429,0.001227170229
16778810,0.003023355315,0.009695864655,-0.07541053146,0.0001167445444,0.0008409693837,0.0009819492698
16516913,0.1224012434,0.117521137,-0.03329133838,0.001002363861,0.001071341336,0.001001775265
16517002,0.1400175869,0.1182204366,-0.03797984943,0.0001284182072,0.001370869577,0.001371443272
16517009,0.1295912683,0.1233873054,-0.03916683868,0.001046463847,0.001388974488,0.001468800008
8652692,0.1354045391,0.002022763668,0.1964426756,0.001012057066,0.0001138627995,0.0009328573942
16517044,0.1371800214,0.1221047506,-0.03440504819,0.001393273473,0.001720994711,0.001718014479
8652919,0.1499730259,0.03642676175,0.1365994662,0.0001349002123,0.0009639598429,0.001000732183
16517241,0.0624017112,0.05312631354,-0.1563653529,0.001001719385,0.0007566921413,0.0008201450109
16517272,0.1296432376,0.1185290664,-0.03081574254,0.0008116960526,0.001553267241,0.001505998895
16517349,0.1287566721,0.1173795283,-0.02966828607,0.001199945807,0.0009893327951,0.0008982643485
8653068,0.1374575496,0.002024154458,0.156578964,0.001019969583,0.0001207527239,0.001015722752
8653126,0.147976312,0.01057800688,0.151399073,0.0001183152199,0.0009789289907,0.001029103994
8653136,0.1429705709,0.02452874146,0.1574582905,0.0001399964094,0.001105649397,0.001111105084
8653163,0.1545897841,0.03158974908,0.1520225108,0.001010656357,0.001005604863,0.0001125484705
8653164,0.155596596,0.03057843521,0.1520210296,0.001004248857,0.001020021737,0.0001051723957
8653196,0.1596000046,0.03716371283,0.1503908157,0.001000016928,0.0007993429899,0.001230418682
16517555,0.1326004207,0.1094818279,-0.03157217391,0.0009992569685,0.00125387311,0.001370340586
4459041,-0.1799777448,0.03079231568,0.156601733,0.0001112371683,0.0008264314383,0.001003608108
4459116,-0.1581937999,0.001394393155,0.1728638887,0.0008617192507,0.001064279932,0.0008269846439
4459119,-0.1580573291,0.003592650359,0.1746980548,0.0007555931807,0.001030624378,0.001408338547
16517893,0.1304781164,0.1075981495,-0.03348323579,0.0009537786245,0.001310385764,0.001310136169
17828671,-0.1840259552,0.07143831104,-0.01646942981,0.0001297742128,0.001015417278,0.00101958774
17828686,-0.17242423,0.08038392514,-0.01202410031,0.001028776169,0.0009817779064,0.0001204200089
17828724,-0.1754296601,0.03960102499,-0.01202373616,0.000955671072,0.00100088492,0.0001187268645
8653815,0.1399756402,0.002733966988,0.167399928,0.0001217275858,0.0009969389066,0.001000076532
17828990,-0.1764863233,0.07929291079,-0.01450307279,0.0009860694408,0.001354120672,0.0008110553026
17829033,-0.1835146571,0.07930611695,-0.0144962791,0.0009839236736,0.001368761063,0.0008189398795
8654122,0.1434924478,0.0233996259,0.1734289279,0.0009899288416,0.00110360235,0.001021757722
17829174,-0.1734559,0.07939510942,-0.01202502605,0.001033931971,0.0009938627481,0.0001252787188
17829177,-0.1744727612,0.07740043402,-0.01202436108,0.0009704232216,0.001000404358,0.0001217918471
8654242,0.1494101763,0.02556895912,0.1756033331,0.00102686882,0.00127392821,0.001196309924
17829364,-0.1754368097,0.06939995438,-0.01202341635,0.0009455382824,0.001000091434,0.000117062591
17829373,-0.1840230972,0.0636191383,-0.01843005084,0.0001154839993,0.001020848751,0.001049933955
17829380,-0.1775979906,0.05957015231,-0.01758221351,0.001037210226,0.001217138022,0.00106071122
17829389,-0.182402125,0.05957860649,-0.01758849211,0.001037329435,0.001226242632,0.001041952521
17829395,-0.1840243727,0.06644097567,-0.01847463585,0.0001218616962,0.001028418541,0.001045985147
17829398,-0.1840259939,0.06944060922,-0.01747148596,0.0001299679279,0.001022480428,0.00102974847
16518886,0.04540033042,0.02755537592,-0.1285057336,0.00100075826,0.00111208111,0.001186534762
16518887,0.04541677162,0.02945655249,-0.1266036391,0.001036006957,0.001142943278,0.001065149903
16518891,0.04440000728,0.02640828304,-0.1296491534,0.001000020653,0.001198461279,0.001288354397
4460461,-0.1694614768,0.03716641217,0.150386861,0.001069173217,0.0007971785963,0.0012229532
4460463,-0.1704624772,0.03618814275,0.1513124526,0.001119285822,0.001127433032,0.0009214282036
8654801,0.1384170234,0.002021678584,0.1824355185,0.00100260973,0.0001438665204,0.001094430685
8654803,0.1425543308,0.005563282873,0.1840247363,0.001014739275,0.0009910087101,0.0001237541437
17829858,-0.1840261281,0.07848577946,-0.012557563,0.0001308619976,0.001057714224,0.001099437475
17829859,-0.1840273261,0.07648644298,-0.01356174704,0.0001366734505,0.00106485188,0.001111507416
17829864,-0.1840274006,0.07447954416,-0.01455546692,0.0001370310783,0.00107203424,0.001134454273
4460542,-0.1696569175,0.02048855387,0.1676478475,0.00101351738,0.001136295497,0.001198932528
4460545,-0.1714108706,0.01659391895,0.1666275173,0.001181453466,0.001266954467,0.001266926527
4460547,-0.1534743875,0.02151108831,0.166019246,0.001022741199,0.001184284687,0.0001210421324
4460549,-0.1544686049,0.02276332304,0.1659982026,0.001143485308,0.001326546073,0.0001784414053
17829938,-0.1804204166,0.0838221103,-0.01069441251,0.001027807593,0.0005020350218,0.0009680259973
17829941,-0.181445998,0.08401004076,-0.009595854022,0.001020804048,0.0001546740532,0.001172304153
8655077,0.1364192158,0.002023111191,0.1954754204,0.001014456153,0.0001155992504,0.0009973496199
17830143,-0.1445892572,0.08039601594,-0.01202457398,0.001011192799,0.0009828656912,0.0001228554174
4460996,-0.1611311212,0.02029809542,0.1562485372,0.001000240445,0.001087918878,0.0011023283
4461023,-0.1582538361,0.02317197714,0.1562581211,0.001297399402,0.001283507794,0.001144170761
4461029,-0.1800250828,0.03361521065,0.1535767436,0.0001379102468,0.001028861851,0.001049667597
4461031,-0.180019471,0.03260832578,0.1545845956,0.0002690553665,0.001017402858,0.0009822398424
4461044,-0.179976964,0.01260180809,0.1665750325,0.0001151561737,0.001028614119,0.0009752213955
4461077,-0.1784870923,0.0100219572,0.1705859035,0.0009637326002,0.0001097777858,0.001022160053
4461079,-0.166815117,0.01462292112,0.1632416725,0.001858428121,0.001946400851,0.0009127259254
16519749,0.0164051827,0.0714734897,-0.1346473396,0.001017618924,0.001462742686,0.001547425985
4461211,-0.1536257863,0.01166330054,0.1660265416,0.001008361578,0.00113805104,0.0001395493746
4461234,-0.1526774555,0.01290383935,0.166016385,0.001025825739,0.001387846656,0.0001124739647
4461244,-0.1590592295,0.005405239575,0.1720293522,0.001327797771,0.001022068318,0.001245081425
8655549,0.1499755055,0.03341979384,0.1295600355,0.0001225024462,0.001023154706,0.001039087772
8655716,0.1499761403,0.02853393666,0.1295812935,0.0001193284988,0.001032961532,0.00101929903
16520192,0.04440453053,0.1236057833,-0.03937402666,0.001068785787,0.001344561577,0.001368671656
8655889,0.1425683469,0.0100209536,0.09740000069,0.001016974449,0.0001047812402,0.000999994576
8655904,0.1525923848,0.02602427155,0.1113999784,0.001014992595,0.0001213662326,0.0009955093265
16520261,0.01157567948,0.07147048414,-0.1346516997,0.001078208908,0.001456640661,0.001537740231
4461684,-0.1695980281,0.02645522878,0.1675787508,0.0009129196405,0.00105330348,0.001132458448
16782508,0.1379699469,0.03040519916,-0.09060800374,0.0001759529114,0.001018697396,0.002690404654
4461740,-0.1724038199,0.02247223103,0.1724933336,0.001121029258,0.0009702537209,0.0009062737226
4461745,-0.171578458,0.02640802674,0.1713238865,0.0005092173815,0.00115461275,0.001522779465
4461781,-0.1484329879,0.01807470322,0.1681049556,0.001042664051,0.00102895312,0.001104384661
4461782,-0.1494618505,0.01908071339,0.1691184372,0.001024231315,0.001001924276,0.001099288464
17831142,-0.1425614864,0.07840183228,-0.01202431582,0.001010656357,0.001002050936,0.000121569261
17831153,-0.1475997567,0.08136246204,-0.01202529613,0.001000419259,0.0009399279952,0.0001264642924
16520484,0.0470313251,0.1255999595,-0.0554001078,0.000153966248,0.00155352056,0.001553669572
16520557,0.009514901787,0.1036354862,-0.03743979583,0.001017673872,0.0008358880877,0.0009149387479
8656272,0.1474349231,0.01001762543,0.09439999759,0.0009474605322,8.814688772e-05,0.001000002027
8656315,0.1435961485,0.01001695506,0.09839999825,0.001035019755,8.479319513e-05,0.001000002027
8656325,0.1464793533,0.01001851447,0.09740000069,0.0009693950415,9.259209037e-05,0.000999994576
8656327,0.145468992,0.01001653392,0.09839999825,0.001037672162,8.268933743e-05,0.001000002027
8656363,0.1505620539,0.02602430917,0.1094003215,0.001010447741,0.0001215152442,0.001000374556
17831415,-0.1694004625,0.08136190176,-0.01202529669,0.001001060009,0.0009405091405,0.0001264596358
8656411,0.1564691514,0.03606688231,0.1237623294,0.0009418278933,0.0009345971048,0.001144975424
16520778,0.006522188615,0.126706934,-0.04248934239,0.001037557609,0.001004204154,0.001104418188
16520779,0.00755657386,0.1256888628,-0.04147412479,0.001039770897,0.001035451889,0.00114280358
4462442,-0.1774533451,0.02627639025,0.1816029996,0.00102776289,0.0001180227846,0.0009965598583
4462443,-0.1764236808,0.02627662346,0.1806077003,0.001031771302,0.0001168511808,0.0009941905737
16521106,0.007543527056,0.1416184694,-0.05739894211,0.00106571475,0.001265823841,0.001174140722
8657087,0.1425683469,0.01002486851,0.07860000283,0.001016974449,0.0001243511215,0.001000002027
16521463,0.01357032117,0.1154770568,-0.02779142521,0.001067169011,0.001014567912,0.000945430249
16521464,0.01562677361,0.1146492198,-0.0304240834,0.001099959016,0.0009676069021,0.001055408269
8657233,0.1429708153,0.01480221357,0.1624334216,0.0001535415649,0.002335148863,0.001083537936
8657235,0.1393962502,0.002081016032,0.1585996091,0.001018702984,0.0001406918745,0.001001432538
16521617,0.01839155592,0.1101878777,-0.1002456993,0.001011937857,0.001276820898,0.001186288893
17832394,-0.1425944,0.03632327169,-0.01255926155,0.001045197248,0.0001163780689,0.0009459601715
17832419,-0.1734409034,0.03765180185,-0.01202267725,0.001041948795,0.0009001009166,0.0001136101782
17832732,-0.1755286574,0.03242458701,-0.06043651402,0.0001433193684,0.001034621149,0.001053135842
16522057,0.04703217149,0.124593915,-0.05440622345,0.0001587420702,0.001583106816,0.001583341509
16522059,0.04496854022,0.1216338262,-0.05136562511,0.000154606998,0.001594625413,0.001594696194
16522060,0.04703426734,0.1218320951,-0.05016630441,0.000171110034,0.001773260534,0.001773562282
16522061,0.04496777654,0.1206224591,-0.05037350059,0.0001587793231,0.001455403864,0.001456938684
16522066,0.04703194201,0.1295632362,-0.05943698287,0.0001570172608,0.001549035311,0.001549124718
16522088,0.0474841252,0.1425484568,-0.05831649229,0.000898912549,0.001276984811,0.001276925206
16522094,0.04451279566,0.1425449908,-0.0583160907,0.0009014122188,0.001273244619,0.001273341477
16522095,0.04497793317,0.138596952,-0.05818228945,0.000110603869,0.001227915287,0.001202810556
8657777,0.1464793384,0.01002068166,0.07659999877,0.0009693950415,0.0001034373417,0.001000002027
17832819,-0.1725490928,0.03142245561,-0.06402448565,0.001092761755,0.001022066921,0.0001223757863
17832821,-0.1635727197,0.03140619583,-0.06402336955,0.000958070159,0.001016540453,0.0001168325543
16522101,0.04702206627,0.138597548,-0.05818206444,0.0001105107367,0.001227900386,0.001202981919
16522418,0.01354256682,0.1093301609,-0.03952937797,0.001070347615,0.001433841884,0.0005005821586
17833141,-0.1840243876,0.02344185151,-0.06041036621,0.0001218616962,0.00101351738,0.001010686159
16522423,0.01060111206,0.1094392404,-0.03162367754,0.001008220948,0.001214310527,0.001300217584
16522430,0.01251025703,0.106473206,-0.03876958564,0.0009637949988,0.0008535832167,0.0003332383931
16522433,0.01052415495,0.1076196954,-0.03345711033,0.0009690746665,0.00131213665,0.00131155923
8658280,0.1435961396,0.01001850031,0.07659999877,0.001035004854,9.251758456e-05,0.001000002027
8658319,0.14357557,0.03239351511,0.04202381149,0.001019477844,0.0009930320084,0.000119023025
16522640,0.03459973559,0.110520114,-0.03985131606,0.00100011006,0.0008079335093,0.000313360244
8658323,0.1445888132,0.03337623775,0.04202487618,0.001011922956,0.0009714886546,0.0001243427396
8658326,0.1435776651,0.02760038748,0.04202340096,0.001019999385,0.0009999871254,0.0001169703901
8658340,0.144596833,0.02660136893,0.0420227766,0.00102224946,0.00100008212,0.0001138597727
4464315,-0.1794225425,0.02627486698,0.2006000042,0.0009702444077,0.0001256819814,0.001000002027
17833662,-0.1713059664,0.03632290512,-0.02753488459,0.001225814223,0.0001191757619,0.001140478998
16522988,0.01450509466,0.1205635816,-0.03634439781,0.00104479678,0.001199431717,0.001108910888
15736693,0.0009876246913,0.005790201854,-0.001280357537,6.186420796e-05,0.0005091265775,0.0005069596809
15736694,0.0009876241558,0.005282227509,-0.001789341657,6.186618702e-05,0.0005059605464,0.0005101406714
16523371,0.04497510344,0.1227298975,-0.04240447953,0.0001207739115,0.001168362796,0.001179192215
16523372,0.0470251821,0.1227370054,-0.04241026118,0.0001207254827,0.001172430813,0.001174874604
8659084,0.1554005861,0.03744033128,0.2299728811,0.0009994208813,0.0009672641754,0.000135615468
15737184,-0.0009876222583,0.005790172797,-0.001280605677,6.186531391e-05,0.0005091479979,0.0005070765037
15737185,-0.0009876226075,0.005282165296,-0.0017896045,6.18629856e-05,0.0005059852265,0.0005100452108
8921532,0.1495000049,0.03980968473,0.1294999942,0.001000002027,3.761425614e-05,0.001000002027
16785915,0.1379764825,0.09549612701,-0.0383758828,0.0001175999641,0.001114934683,0.001365050673
16523871,0.0112569537,0.1173693553,-0.02966492325,0.001162930392,0.0009872540832,0.0009044408798
16523932,0.01748227794,0.1177665107,-0.08835644027,0.001004431397,0.001490645111,0.001399002969
16523933,0.01840188131,0.1165077761,-0.08960702121,0.001014290377,0.001693286002,0.001693271101
16523991,0.01052748356,0.07261411846,-0.1335070193,0.0009804731235,0.00109488517,0.001170620322
16524006,0.01838524975,0.07367374301,-0.1324749857,0.001027403399,0.0008904114366,0.0009623467922
16524007,0.0173968453,0.07262778729,-0.1334803015,0.001014159992,0.001143403351,0.001201689243
16524011,0.01051529441,0.08346291333,-0.1226629138,0.0009608063847,0.001071259379,0.001000002027
16524012,0.01051535215,0.08566089869,-0.1204608977,0.0009608520195,0.001000002027,0.001081340015
16524016,0.01051530316,0.08166292757,-0.1244628996,0.0009608194232,0.001000009477,0.001071274281
16524059,0.0105152877,0.09046092182,-0.1156609029,0.0009607924148,0.001081250608,0.001000002027
16524068,0.01051530428,0.1006629288,-0.1054629132,0.0009608110413,0.000999994576,0.001071222126
16524072,0.01051534899,0.1024629369,-0.1036629394,0.0009608510882,0.00107114017,0.001000002027
16524075,0.01051534954,0.09666294158,-0.1094629347,0.0009608510882,0.001000002027,0.00107114017
16524078,0.01051530726,0.09846294075,-0.1076629028,0.0009608147666,0.001071222126,0.001000024378
16524122,0.01051535625,0.1116600856,-0.09446008652,0.0009608501568,0.001000002027,0.00108538568
16524123,0.01052747443,0.1165069565,-0.08961395621,0.0009804237634,0.001171313226,0.001094952226
4465604,-0.1784598529,0.02627637424,0.2154017717,0.0009728074074,0.0001181531698,0.001003757119
4465621,-0.1774769694,0.02627552785,0.2184962213,0.001056179404,0.0001241154969,0.001140072942
4465622,-0.1764560014,0.02627471052,0.2197199196,0.001064479351,0.000126214698,0.001349821687
16524366,0.008583849855,0.1429032475,-0.05868303031,0.001042919233,0.001546144485,0.001448687166
8922197,0.1515003294,0.0398096852,0.1354996562,0.001000523567,3.761053085e-05,0.0009994655848
16524376,0.005516121257,0.1345125347,-0.05028746203,0.0009613027796,0.001081526279,0.001000002027
16524411,0.005516121723,0.1367143929,-0.05248560384,0.000961302314,0.001000002027,0.001072250307
16524412,0.005516069103,0.1385149062,-0.05428520441,0.00096141221,0.001070156693,0.00100017339
8922277,0.1604999974,0.03980968334,0.1444999948,0.001000002027,3.761425614e-05,0.001000002027
18097479,-0.1715598464,0.05685693845,0.1693999916,0.001071229577,0.0001322478056,0.001002848148
18097486,-0.1705216289,0.05688421801,0.1724017203,0.001009687781,0.0001294910908,0.001001238823
17835387,-0.1400230825,0.03678582311,-0.01959992647,0.0001154839993,0.0008177980781,0.001000275835
4466059,-0.1525444001,0.02627045363,0.1795077085,0.001136302948,0.0001487452537,0.001079767942
4466074,-0.1425464332,0.02627617195,0.1786577851,0.001017808914,0.0001211743802,0.0009568333626
4466088,-0.143541801,0.02627391219,0.1884404898,0.001024097204,0.000130392611,0.001021593809
4466091,-0.1425379902,0.02627439611,0.1864148468,0.001019150019,0.0001279823482,0.001011639833
17835552,-0.1840266645,0.001375328575,-0.06256456673,0.0001285970211,0.001070432889,0.001166813076
8922685,0.1525002234,0.0398096852,0.1354997829,0.001000240445,3.761053085e-05,0.0009997487068
8922690,0.1515025012,0.0398096852,0.1364972778,0.001003146172,3.761053085e-05,0.0009969323874
8922710,0.1525015533,0.0398096852,0.1364984438,0.001000985503,3.761053085e-05,0.0009990036488
8922715,0.1595000029,0.03980968334,0.1435000002,0.0009999871254,3.761425614e-05,0.0009999871254
8922720,0.1525250636,0.0398096852,0.1434999928,0.0009688287973,3.761053085e-05,0.001000002027
8922725,0.1604999974,0.03980968334,0.1435000002,0.001000002027,3.761425614e-05,0.0009999871254
8922807,0.1595000029,0.03980968334,0.1444999948,0.0009999871254,3.761425614e-05,0.001000002027
8922812,0.1525250673,0.03980968567,0.1444999948,0.0009688138962,3.761425614e-05,0.001000002027
17835833,-0.1455952942,0.009317776188,-0.06447417289,0.001013711095,0.001086138189,0.0008186101913
17835888,-0.1455801725,0.0228794314,-0.06499730498,0.001018226147,0.001420104876,0.0002450793982
17836031,-0.1459562456,0.01464850161,-0.05649947996,0.0001309514046,0.002153209411,0.001081701368
17836081,-0.145948267,0.01626951732,-0.05751681104,0.000132188201,0.001264629886,0.00111085549
17836088,-0.1459741443,0.02565013431,-0.05642198697,0.0001237243414,0.001096971333,0.001090422273
17836089,-0.1459690541,0.02454400733,-0.05753105953,0.0001399964094,0.001113174483,0.001107532531
17836091,-0.1583146393,0.0221275229,-0.04857880175,0.00112824142,0.001026375219,0.001032177359
8923244,0.1515000015,0.0398096852,0.1325000003,0.0009999871254,3.761053085e-05,0.001000002027
8923269,0.1514999978,0.0398096852,0.1314999983,0.001000002027,3.761053085e-05,0.001000002027
17836383,-0.1669753671,0.01736428179,-0.04661890194,0.0001197904348,0.001222377643,0.0009918510914
8923506,0.163500078,0.03980968148,0.1444999948,0.001000121236,3.761053085e-05,0.001000002027
8923511,0.1604999974,0.03980968334,0.1475000009,0.001000002027,3.761425614e-05,0.001000002027
8923516,0.1604999974,0.03980968334,0.1485000029,0.001000002027,3.761425614e-05,0.001000002027
8661474,0.1590614617,0.008424437419,0.1759780169,0.001307442784,0.0009717196226,0.001236349344
17836696,-0.1669754952,0.02563570105,-0.0254274603,0.0001225024462,0.001124627888,0.001079680398
17836705,-0.1669748843,0.01740178466,-0.02253917269,0.0001212209463,0.001172499731,0.001079821959
16788199,0.1379758805,0.08149525523,-0.03449851871,0.0001205801964,0.001053921878,0.001122254878
8661868,0.1799732506,0.03165028505,0.2113999963,0.0001337081194,0.0009032282978,0.001000002027
17836979,-0.1400269359,0.06642965674,-0.02951789424,0.0001346766949,0.001003399491,0.001008912921
17837106,-0.1755240649,0.03139710091,-0.06142896041,0.0001203715801,0.001021606848,0.001029949635
8662160,0.1799773335,0.03643766493,0.2113999963,0.0001132935286,0.0009444653988,0.001000002027
8662168,0.179978624,0.03548817486,0.2123999983,0.0001068413258,0.0009636990726,0.001000002027
8662169,0.1799777329,0.03261489868,0.2123999983,0.000111296773,0.001005537808,0.001000002027
8662178,0.1799731612,0.03165491819,0.1555928022,0.0001341849566,0.0009029489011,0.001021370292
8662221,0.1590613157,0.008425805345,0.1720217347,0.001307457685,0.0009723436087,0.001236885786
16788723,0.1379756451,0.008581317589,-0.06143789887,0.0001217573881,0.0009866291657,0.00101897493
8662306,0.1834055454,0.03902610168,0.1714000046,0.0009947270155,0.0001305155456,0.001000002027
17837353,-0.158219346,0.0006005520377,-0.03486834892,0.001034036279,0.001216860197,0.0009326077998
8662363,0.1799750865,0.003743006382,0.1845560163,0.0001210719347,0.0009535134304,0.0009952038527
11283981,-0.1399751574,0.03838298172,0.03475040346,0.0001212209463,0.001380108297,0.001062821597
8924687,0.1524999961,0.0398096852,0.1325000003,0.001000002027,3.761053085e-05,0.001000002027
8924692,0.1555000022,0.03980968334,0.1354999989,0.001000002027,3.761425614e-05,0.0009999871254
8924697,0.1524999961,0.0398096852,0.1314999983,0.001000002027,3.761053085e-05,0.001000002027
8924702,0.1565000042,0.03980968334,0.1354999989,0.001000002027,3.761425614e-05,0.0009999871254
8924767,0.1555000059,0.03980968334,0.1364999898,0.001000002027,3.761425614e-05,0.001000002027
8924772,0.1525176093,0.0398096852,0.1394884437,0.0009818375111,3.761053085e-05,0.001020357013
8924777,0.1555000097,0.03980968427,0.139499981,0.0009999573231,3.761425614e-05,0.00100004673
8924782,0.1595000029,0.03980968334,0.1405000016,0.0009999871254,3.761425614e-05,0.001000002027
8924787,0.1564999968,0.03980968427,0.1434999965,0.001000016928,3.761425614e-05,0.001000002027
8924792,0.1564999968,0.03980968334,0.1405000016,0.001000016928,3.761425614e-05,0.001000002027
8924797,0.1565000042,0.03980968334,0.1364999935,0.001000002027,3.761425614e-05,0.001000002027
8924802,0.1595000029,0.03980968334,0.1394999996,0.0009999871254,3.761425614e-05,0.001000002027
8924807,0.1564999968,0.03980968334,0.1394999996,0.001000016928,3.761425614e-05,0.001000002027
8924812,0.1525217853,0.0398096852,0.1404946707,0.0009762793779,3.761053085e-05,0.001012593508
8924817,0.1555000171,0.0398096852,0.1434999928,0.0009999424219,3.761053085e-05,0.001000002027
8924822,0.1555000097,0.03980968427,0.1404999904,0.0009999573231,3.761425614e-05,0.001000031829
8924827,0.1604999974,0.03980968334,0.1405000016,0.001000002027,3.761425614e-05,0.001000002027
16789149,0.1379758149,0.009595074132,-0.07343656272,0.0001209080219,0.0009687850252,0.001015543938
8924832,0.163500078,0.03980968148,0.1435000002,0.001000121236,3.761053085e-05,0.0009999871254
8924837,0.163500078,0.03980968148,0.1405000016,0.001000121236,3.761053085e-05,0.001000002027
8924842,0.1604999974,0.03980968287,0.1394999996,0.001000002027,3.761425614e-05,0.001000002027
11284146,-0.1479762882,0.02140212953,0.04256223515,0.0001185685396,0.001006277278,0.000944327563
11284147,-0.1479722291,0.02241311818,0.04351393804,0.0001388639212,0.001017279923,0.0009691268206
8662745,0.167463395,0.02696525007,0.2247568637,0.0011177212,0.0008828807622,0.001107931137
11284198,-0.1445888102,0.03337622657,0.04202487245,0.001011937857,0.0009714588523,0.0001243427396
11284199,-0.14357557,0.03239351138,0.04202380702,0.001019477844,0.0009930208325,0.0001190192997
11284220,-0.1445969105,0.02660159878,0.04202276766,0.00102236867,0.001000149176,0.0001138597727
11284250,-0.1435776651,0.02760048099,0.04202339202,0.001020029187,0.001000000164,0.0001169703901
8925126,0.1525250673,0.0398096866,0.1485000029,0.0009688138962,3.761425614e-05,0.001000002027
8925136,0.1555000171,0.0398096852,0.1485000029,0.0009999424219,3.761053085e-05,0.001000002027
8925141,0.1564999968,0.03980968427,0.1444999948,0.001000016928,3.761425614e-05,0.001000002027
8925146,0.1595000029,0.03980968334,0.1475000009,0.0009999871254,3.761425614e-05,0.001000002027
8925151,0.1564999968,0.0398096852,0.1475000009,0.001000016928,3.761053085e-05,0.001000002027
8925156,0.1525250673,0.03980968613,0.1475000009,0.0009688138962,3.761425614e-05,0.001000002027
8925161,0.1555000171,0.0398096852,0.1444999948,0.0009999424219,3.761053085e-05,0.001000002027
8925166,0.1555000171,0.0398096852,0.1475000009,0.0009999424219,3.761053085e-05,0.001000002027
8925176,0.1595000029,0.03980968334,0.1485000029,0.0009999871254,3.761425614e-05,0.001000002027
8925181,0.1564999968,0.0398096852,0.1485000029,0.001000016928,3.761053085e-05,0.001000002027
17838198,-0.1840287417,0.02242678069,-0.0614245981,0.0001436322927,0.001020381227,0.001019097865
17838200,-0.1840244025,0.02141182721,-0.06244090125,0.000121936202,0.001012241468,0.001012023538
17838272,-0.1755246133,0.03346454501,-0.05942553952,0.0001230835915,0.001046612859,0.001035608351
8663324,0.1454928994,0.02627253383,0.1914941847,0.00104367733,0.0001373570412,0.001035779715
4469059,-0.08039999902,0.00202612849,0.154595691,0.001000002027,0.0001306349877,0.0009967833757
11285047,-0.1794441968,0.02828700356,0.1148637772,0.0009384304285,0.001029573381,0.001075677574
8925792,0.1515000165,0.0398096852,0.1344999894,0.00100004673,3.761053085e-05,0.0009999722242
8925797,0.1505003199,0.0398096852,0.1354995631,0.001000642776,3.761053085e-05,0.0009992569685
8925802,0.1505000181,0.0398096852,0.1344999932,0.001000031829,3.761053085e-05,0.0009999722242
8926030,0.1614999995,0.03980968334,0.1444999948,0.001000002027,3.761425614e-05,0.001000002027
8926035,0.1604999974,0.03980968334,0.1454999968,0.001000002027,3.761425614e-05,0.001000002027
8926040,0.1614999995,0.03980968334,0.1454999968,0.001000002027,3.761425614e-05,0.001000002027
11285402,-0.1795309658,0.03145410866,0.118485221,0.0009418129921,0.0008785929531,0.001091934741
11285603,-0.1784897357,0.0323316291,0.1194767326,0.0009726881981,0.0009268000722,0.001157008111
11285609,-0.179978767,0.0353602685,0.1185128167,0.0001062899828,0.001084584743,0.001102350652
11285617,-0.1704850674,0.03626841605,0.1239629239,0.001147702336,0.0008708424866,0.001072213054
11285624,-0.1754089057,0.03559792191,0.123217538,0.001019269228,0.001344580203,0.001540742815
8664576,0.1765740722,0.03902294785,0.2223989308,0.001041546464,0.0001147054136,0.001002117991
17839657,-0.1576007843,0.02055682652,-0.02821482718,0.00142031908,0.001105839387,0.0008241254836
17839697,-0.1688918049,0.03556445179,-0.03027141343,0.0009365975857,0.001090254635,0.001159766689
17839828,-0.140027526,0.06843312532,-0.03050488234,0.000137552619,0.0010163486,0.001071667299
11286229,-0.1799755991,0.02749624699,0.1104413882,0.0001220405102,0.0009617488831,0.00104329735
11286232,-0.1799760133,0.02656377405,0.1084008023,0.0001199692488,0.0009472221136,0.001008786261
17839911,-0.1814239353,0.01042968612,-0.06491618454,0.001020818949,0.001118429005,0.0003833547235
8664896,0.1799777359,0.03079228364,0.1566017479,0.0001112818718,0.000826427713,0.001003623009
8664919,0.1581938505,0.001394392282,0.1728639483,0.0008619725704,0.001064279873,0.0008269995451
17840017,-0.1400273651,0.01053292956,-0.06656423062,0.0001368969679,0.001061808318,0.001045070589
17840018,-0.1400241226,0.00952828601,-0.0675749898,0.0001206845045,0.001053128392,0.001034252346
17840019,-0.1400216609,0.01153833736,-0.06556966305,0.0001083314419,0.001068801619,0.001032873988
8927237,0.152500011,0.0398096852,0.1344999932,0.001000016928,3.761053085e-05,0.0009999871254
8927242,0.1535000913,0.0398096852,0.1354999095,0.001000061631,3.761053085e-05,0.0009999424219
8927247,0.1535000019,0.0398096852,0.1344999969,0.001000002027,3.761053085e-05,0.0009999871254
17840147,-0.152462855,0.02627580501,-0.06859519631,0.001075088978,0.0001209508628,0.001144066453
8927252,0.1585000008,0.03980968334,0.1354999989,0.0009999871254,3.761425614e-05,0.0009999871254
8927257,0.1505024172,0.03980968567,0.1364963576,0.00100441277,3.761425614e-05,0.0009952038527
8927262,0.1515120007,0.0398096852,0.1374874413,0.001010432839,3.761053085e-05,0.0009903609753
17840161,-0.1594249929,0.0267204127,-0.06760435551,0.0009983628988,0.0008585434407,0.001076519489
8927267,0.1505115516,0.03980968613,0.1374823824,0.001020342112,3.761425614e-05,0.0009818375111
17840194,-0.1514154971,0.02627569214,-0.06745862663,0.001024872065,0.000121511519,0.001144580543
8927317,0.153500542,0.0398096852,0.1364994571,0.0009999871254,3.761053085e-05,0.001000002027
8927322,0.1525061466,0.0398096852,0.1374938563,0.001000016928,3.761053085e-05,0.001000016928
8927327,0.1535015516,0.0398096852,0.1374984458,0.0009990036488,3.761053085e-05,0.001000985503
8927332,0.1595000029,0.03980968334,0.1425000057,0.0009999871254,3.761425614e-05,0.001000002027
8927337,0.1585000083,0.03980968334,0.1435000002,0.001000002027,3.761425614e-05,0.0009999871254
8927342,0.1585000083,0.03980968334,0.1425000057,0.001000002027,3.761425614e-05,0.001000002027
8927347,0.1585000008,0.03980968334,0.1364999935,0.0009999871254,3.761425614e-05,0.001000002027
17840244,-0.1435568899,0.02627451643,-0.06719003469,0.001042440534,0.0001243744045,0.001417040825
8927352,0.1585000008,0.03980968334,0.1374999955,0.0009999871254,3.761425614e-05,0.001000002027
8927357,0.1525249891,0.0398096852,0.142499879,0.000968977809,3.761053085e-05,0.001000270247
17840254,-0.1425374508,0.02627519779,-0.06841074228,0.001034751534,0.0001238398254,0.001202717423
8927362,0.1535053812,0.0398096852,0.1434999928,0.0009918212891,3.761053085e-05,0.001000002027
8927367,0.1535053328,0.0398096852,0.1424999349,0.0009919404984,3.761053085e-05,0.00100018084
8927372,0.1604999974,0.03980968334,0.1425000057,0.001000002027,3.761425614e-05,0.001000002027
8927377,0.1614999995,0.03980968287,0.1435000002,0.001000002027,3.761425614e-05,0.0009999871254
8927382,0.1614999995,0.03980968241,0.1425000057,0.001000002027,3.761425614e-05,0.001000002027
8927612,0.1585000083,0.03980968334,0.1444999948,0.001000002027,3.761425614e-05,0.001000002027
8927617,0.1595000029,0.03980968334,0.1454999968,0.0009999871254,3.761425614e-05,0.001000002027
8927622,0.1585000083,0.03980968334,0.1454999968,0.001000002027,3.761425614e-05,0.001000002027
8927627,0.1525250673,0.03980968613,0.1454999968,0.0009688138962,3.761425614e-05,0.001000002027
8927632,0.1535053849,0.0398096852,0.1444999948,0.0009918212891,3.761053085e-05,0.001000002027
8927637,0.1535053849,0.0398096852,0.1454999968,0.0009918212891,3.761053085e-05,0.001000002027
3947242,-0.1694783717,0.0485093765,0.2314623237,0.001057043672,0.001555811614,0.0004540532827
8665952,0.1799774349,0.03078738004,0.2103999943,0.0001127868891,0.000820197165,0.001000002027
8666037,0.165308845,0.01613415051,0.1644077927,0.001362457871,0.001441379078,0.001095533371
3947466,-0.1722265363,0.05243950188,0.2274861336,0.000131547451,0.001017294824,0.00106562674
11287534,-0.1804051906,0.06397677809,0.02457019947,0.001017659903,0.0001160874963,0.0009567514062
3947515,-0.1716702158,0.04061811231,0.2234943385,0.001069635153,0.0006905198097,0.001381039619
3947704,-0.1722274065,0.04531169832,0.2275900126,0.0001547187567,0.001249771565,0.00115917623
3947705,-0.1722278774,0.04430981725,0.2265743732,0.0001577436924,0.001232188195,0.001144379377
17841430,-0.1459681898,0.01752113551,-0.05864102542,0.0001266747713,0.00125098601,0.001116089523
17841437,-0.145974949,0.02342476845,-0.05864494741,0.0001234710217,0.001098660752,0.001111380756
3947805,-0.1722292572,0.05345972702,0.226444149,0.0001462548971,0.001043166965,0.001034855843
3947807,-0.1722247362,0.05450749695,0.2254193097,0.0001237094402,0.00106107071,0.001020774245
3947811,-0.1722244918,0.05045960471,0.2286109328,0.000128865242,0.001065798104,0.001186788082
11287865,-0.1475132853,0.06397456974,0.05540634617,0.001098707318,0.0001298189163,0.001009069383
17841512,-0.1400227904,0.01860093884,-0.05539999902,0.0001139491796,0.001001365483,0.0009999983013
16530920,0.007412189338,0.0468884252,-0.1040884256,0.00105052162,0.001058608294,0.001000247896
3948016,-0.1715666528,0.04365836767,0.2292175591,0.0009914040565,0.0009238831699,0.001315414906
3948022,-0.1722297788,0.04237142354,0.2245248646,0.0001491308212,0.001318246126,0.001173093915
3948023,-0.1722240657,0.04641633928,0.228568083,0.0001244843006,0.001141496003,0.001083090901
3948031,-0.170503372,0.04477807879,0.2310159415,0.001038566232,0.0007951706648,0.001112356782
16531025,0.01146942036,0.02861181522,-0.1274494429,0.0009435731918,0.001015519723,0.001102000475
8666820,0.1582536946,0.02317184148,0.1562581137,0.001296550035,0.001283505931,0.001144170761
8666823,0.1652889192,0.01616811026,0.1574550211,0.001349821687,0.001380036585,0.001108065248
8666824,0.161130555,0.02029753135,0.1562484701,0.001000240445,0.001084502786,0.001102000475
16531148,0.02777107526,0.04063885597,-0.1154242667,0.001248905435,0.001103065908,0.0009992867708
8666850,0.1694614768,0.03716641143,0.150386861,0.001069173217,0.0007971897721,0.001222923398
8666853,0.1704624802,0.03618813306,0.1513124555,0.001119285822,0.001127433032,0.0009214282036
8666884,0.1800351977,0.03361237049,0.1535766095,0.0001282095909,0.001025084406,0.001050055027
8666888,0.1800224334,0.03260642886,0.1545842111,0.0002736598253,0.001016113907,0.0009820759296
16531265,0.008453962766,0.04588239193,-0.1050823927,0.001028614119,0.001092042774,0.001000918448
8666968,0.1580553293,0.007415820565,0.1732625514,0.0007344782352,0.001024774276,0.001251608133
8666994,0.1668876797,0.01455354299,0.1632944584,0.001876741648,0.001970389858,0.000979706645
8667136,0.1799770325,0.01260278039,0.1665724486,0.0001146942377,0.001023510471,0.0009676218033
8929291,0.1514999978,0.0398096852,0.1335000023,0.001000002027,3.761053085e-05,0.001000002027
8929296,0.150500007,0.0398096852,0.1325000003,0.001000002027,3.761053085e-05,0.001000002027
8929301,0.1505000032,0.0398096852,0.133500006,0.001000002027,3.761053085e-05,0.001000016928
8929306,0.1495002061,0.0398096852,0.1354994737,0.001000508666,3.761053085e-05,0.0009991079569
8929316,0.1495000161,0.0398096852,0.1344999932,0.001000031829,3.761053085e-05,0.0009999573231
8667173,0.1794337362,0.01002324317,0.1705948085,0.0009505599737,0.0001162504777,0.001015469432
8929321,0.1495000049,0.0398096852,0.1325000003,0.001000002027,3.761053085e-05,0.001000002027
8929331,0.1495000049,0.0398096852,0.1335000098,0.001000002027,3.761053085e-05,0.001000016928
8929366,0.1514999941,0.0398096852,0.1304999962,0.001000002027,3.761053085e-05,0.001000002027
8929371,0.1505000032,0.0398096852,0.1314999983,0.001000002027,3.761053085e-05,0.001000002027
8929376,0.1504999995,0.0398096852,0.1304999962,0.0009999871254,3.761053085e-05,0.001000002027
8929381,0.1495000049,0.0398096852,0.1314999983,0.001000002027,3.761053085e-05,0.001000002027
8929391,0.1495000049,0.0398096852,0.1304999962,0.001000002027,3.761053085e-05,0.001000002027
16531592,0.01262446605,0.0264339719,-0.1296273977,0.001091943122,0.001266986132,0.001296147704
4473001,-0.1429633141,0.01473925561,0.1634698272,0.0001523196697,0.002217857167,0.001259148121
16531635,0.01166976541,0.02432593927,-0.12624605,0.001176616177,0.0001957565546,0.0006700307131
16531649,0.00337429489,0.02590266764,-0.1250558868,0.00091343862,0.002068430185,0.00207349658
16531686,0.003020496015,0.02245692201,-0.1184856087,0.0001024506055,0.001014212146,0.0009842216969
3948848,-0.1526376039,0.03878484368,0.2164785296,0.0009640008211,0.0005879700184,0.001286670566
11288917,-0.1464793086,0.01002068352,0.06959998012,0.0009693950415,0.0001034419984,0.001000009477
4473280,-0.1649723232,0.008453076333,0.1724065393,0.0008729845285,0.0009669838473,0.001514643431
4473291,-0.139977327,0.003673608508,0.1683998764,0.0001133680344,0.0009116106667,0.00100018084
4473311,-0.1566448867,0.02479197644,0.1605809689,0.001910984516,0.00180536136,0.001021981239
4473359,-0.144585979,0.003550416604,0.1839648187,0.001017078757,0.001039763447,0.0002725124359
16532099,0.004484244529,0.0458825849,-0.1050825834,0.0009860729333,0.001087076962,0.001000002027
16532106,0.009446671791,0.04488508999,-0.1060850888,0.0009391633794,0.001082476228,0.001000694931
16532117,0.005511220451,0.04688840806,-0.1040884092,0.001054245979,0.001057956368,0.001000002027
16532118,0.02155722007,0.04549046606,-0.1105555236,0.001167712733,0.001140285283,0.001015797257
16532124,0.01251795813,0.05042860731,-0.1056238919,0.0009710500017,0.001097943634,0.001003421843
16532125,0.01146953243,0.04944824862,-0.1066144121,0.0009441189468,0.00108537823,0.001000851393
17842894,-0.1649714649,0.008452909626,-0.03440407962,0.0008774697781,0.0009668348357,0.001515030861
17842895,-0.1595794737,0.01054987051,-0.0446128577,0.001423224807,0.000926963985,0.0004187822342
8930093,0.1625000089,0.03980968241,0.1444999948,0.001000016928,3.761425614e-05,0.001000002027
8930098,0.163500078,0.03980968148,0.1454999968,0.001000121236,3.761053085e-05,0.001000002027
8930103,0.1625000089,0.03980968241,0.1454999968,0.001000016928,3.761425614e-05,0.001000002027
8930108,0.1604999974,0.03980968334,0.1464999989,0.001000002027,3.761425614e-05,0.001000002027
8930113,0.1614999995,0.03980968334,0.1475000009,0.001000002027,3.761425614e-05,0.001000002027
8930118,0.1614999995,0.03980968334,0.1464999989,0.001000002027,3.761425614e-05,0.001000002027
8930123,0.163500078,0.03980968148,0.1464999989,0.001000121236,3.761053085e-05,0.001000002027
8930128,0.1625000089,0.03980968287,0.1475000009,0.001000016928,3.761425614e-05,0.001000002027
8930133,0.1625000089,0.03980968241,0.1464999989,0.001000016928,3.761425614e-05,0.001000002027
8930148,0.1604999974,0.03980968334,0.1495000049,0.001000002027,3.761425614e-05,0.001000002027
8930153,0.1614999995,0.03980968334,0.1485000029,0.001000002027,3.761425614e-05,0.001000002027
8930158,0.1614999995,0.03980968334,0.1495000049,0.001000002027,3.761425614e-05,0.001000002027
8930163,0.1625000089,0.03980968334,0.1485000029,0.001000016928,3.761425614e-05,0.001000002027
8930168,0.1625000089,0.03980968334,0.1495000049,0.001000016928,3.761425614e-05,0.001000002027
4473781,-0.1799764633,0.02455751002,0.2154503524,0.0001176446676,0.001119919121,0.001068711281
4473837,-0.1429857314,0.01658587158,0.1564691454,0.0001367777586,0.001257168129,0.001131147146
8668308,0.1764214694,0.02627730072,0.1796215028,0.001032561064,0.0001139435917,0.0009865611792
8668331,0.1794225872,0.02627507597,0.1836000919,0.0009700804949,0.0001246351749,0.001000091434
8668336,0.1774522394,0.02627224289,0.1806091934,0.001028642058,0.0001388210803,0.0009906888008
4474173,-0.1693999678,0.0305786252,0.1520209998,0.001000002027,0.001020692289,0.0001050233841
4474186,-0.1764268845,0.0100273069,0.1674726844,0.001036971807,0.0001363279298,0.0009966939688
4474195,-0.1774681687,0.01002488825,0.1685108513,0.001044541597,0.0001243818551,0.001063808799
4474203,-0.1754044354,0.01002380736,0.1664753973,0.001012995839,0.0001189000905,0.001015037298
4474266,-0.1580553442,0.007415272295,0.1747370154,0.000734642148,0.001023356803,0.001252293587
4474304,-0.1445912331,0.0100250043,0.1684957951,0.001010879874,0.0001246538013,0.001057192683
17843666,-0.1840245605,0.0294324901,-0.03745632321,0.0001228004694,0.001024968922,0.001049730927
17843687,-0.1669758856,0.01847045533,-0.0456724681,0.0001181066036,0.001132499427,0.0009411051869
4474428,-0.1435765684,0.01002896521,0.1695481479,0.001019895077,0.0001447927207,0.001048490405
17843906,-0.1549422741,0.02473503761,-0.04155091569,0.0005512833595,0.001098655164,0.000593431294
4474567,-0.1429764062,0.02563313842,0.168429482,0.0001178830862,0.001129772514,0.001068383455
4474568,-0.1429774016,0.02446684837,0.1695430368,0.0001172274351,0.001218162477,0.001162365079
4474741,-0.1374162227,0.002025848255,0.1854020953,0.0009695738554,0.0001291502267,0.0009985566139
11290494,-0.1766070038,0.03902257755,0.02555047274,0.001003310084,0.000112876296,0.0009892992675
4474897,-0.1744379491,0.02484804839,0.2222830951,0.0009927451611,0.001438518986,0.001730889082
11290681,-0.1454400808,0.06397445351,0.03841654211,0.001088827848,0.0001317933202,0.001018047333
4475021,-0.139975363,0.01349895392,0.1575643092,0.0001231878996,0.00107118953,0.001040384173
4475026,-0.1784971803,0.03032287918,0.1565899283,0.0009879916906,0.0001144390553,0.001004502177
4475027,-0.1794513911,0.03032260239,0.157597366,0.0009201616049,0.0001130606979,0.001007273793
4475046,-0.1429744154,0.02342137508,0.1563514084,0.000123411417,0.001088609919,0.001101255417
4475048,-0.1582193566,0.0006005519324,0.172868337,0.001034021378,0.001216860309,0.0009325891733
4475078,-0.1399754196,0.01354030892,0.1624178886,0.0001231729984,0.001099268906,0.001015722752
11291116,-0.1464604229,0.06397447288,0.0474143818,0.001075789332,0.0001313984394,0.001016363502
11291226,-0.1730583847,0.03904080167,0.03291301131,0.001198813319,0.0001516640186,0.002010200173
11291259,-0.1804151714,0.03902253583,0.02552454658,0.001022309065,0.0001126565039,0.0009665712714
11291282,-0.1746583104,0.03902402297,0.02859575935,0.0009402632713,0.0001196078956,0.001005049795
11291283,-0.1756465077,0.03902441934,0.02657160982,0.0009420067072,0.0001220628619,0.001031711698
11291305,-0.1814277828,0.06397698075,0.02553238757,0.001022845507,0.0001150742173,0.0009790565819
4475639,-0.1399756551,0.002733990224,0.1673999399,0.0001217275858,0.0009969084058,0.001000076532
11291421,-0.1799763381,0.0286005456,0.0425759092,0.0001183450222,0.001031709835,0.0009721852839
11291423,-0.1784703135,0.02855615281,0.04202220663,0.000982105732,0.00104838796,0.0001110285521
11291429,-0.1794281751,0.0260229148,0.04460327476,0.0009647160769,0.0001145526767,0.001023579389
11291430,-0.1799763232,0.02657603025,0.04460159093,0.000118419528,0.0009714737535,0.001028750092
4475759,-0.1686289817,0.02157789432,0.1665212363,0.001089498401,0.001057397574,0.001152098179
11291539,-0.1555999607,0.02602392063,0.04256206602,0.001000151038,0.0001196097583,0.0009444244206
17845156,-0.1574847937,0.01149578542,-0.02828116901,0.001285240054,0.000968657434,0.000742174685
17845165,-0.1595796347,0.01055009738,-0.02738481686,0.001421973109,0.0009269081056,0.0004189349711
11291587,-0.1799690098,0.03521565646,0.04250548109,0.0001225471497,0.0009967572987,0.001150529832
4475927,-0.1384159923,0.002022014186,0.1824767053,0.001005753875,0.0001440909691,0.001214295626
4475929,-0.1425538182,0.005566133279,0.1840247214,0.001015692949,0.0009881048463,0.0001236498356
16796715,0.09458329231,0.1096035689,-0.04645663053,0.001035906374,0.001065410674,0.001143202186
16796733,0.1284873813,0.1104393244,-0.04561997205,0.0009638518095,0.001102566719,0.001024194062
17845321,-0.1669753134,0.01741780527,-0.02655290253,0.0001204013824,0.001181447878,0.001084620133
17845360,-0.1669733047,0.01849806495,-0.02145166583,0.0001289993525,0.001106126234,0.001096488908
17845361,-0.1669757545,0.02564473003,-0.02157566026,0.0001180917025,0.00111041218,0.00109859556
4476241,-0.1364192158,0.00202311133,0.1954754204,0.001014456153,0.0001155992504,0.0009973496199
8670577,0.178458634,0.02627631463,0.206400001,0.0009715259075,0.0001184362918,0.001000002027
4476359,-0.1374572515,0.002024156274,0.1565791696,0.001020133495,0.0001207522582,0.001015648246
4476426,-0.1703996718,0.03159220219,0.1520224512,0.0009999871254,0.001010522246,0.0001122802496
4476434,-0.165258345,0.01617685575,0.1574509233,0.001274138689,0.00134881679,0.001094803214
4476447,-0.1429685742,0.02452839799,0.1574584752,0.0001399964094,0.001105451956,0.00111104548
4476449,-0.1799789399,0.03636276051,0.1536500365,8.819997311e-05,0.001151196659,0.001097589731
4476487,-0.1799764156,0.01057485845,0.1686014265,0.0001180619001,0.000969287008,0.001028046012
4476509,-0.1644182682,0.0115550885,0.1660225183,0.001021668315,0.000985420309,0.0001160055399
4476510,-0.1655907333,0.01002411675,0.1664827138,0.001016527414,0.0001205718145,0.001028344035
4476522,-0.163403514,0.01058029719,0.1659710377,0.001008108258,0.0009687785059,0.0002460479736
4476528,-0.1653080463,0.01613621004,0.1643266737,0.00135846436,0.001436755061,0.001191928983
11292295,-0.1794385344,0.02601782419,0.05139999464,0.0009414851665,8.910894394e-05,0.001000013202
4476670,-0.1546046913,0.01059868746,0.1659721822,0.001005962491,0.001018828712,0.0002502650023
16797463,0.1122282421,0.0984238113,-0.0576392108,0.00124976784,0.0009999424219,0.001103732735
17846040,-0.1755180746,0.03346571475,-0.04061845317,9.034574032e-05,0.001048687845,0.0009579360485
4476697,-0.1475997657,0.01002550311,0.1674657077,0.00100030005,0.0001253504306,0.0009869039059
8671122,0.1704376906,0.02340507694,0.2206081539,0.001050621271,0.001070018858,0.001405924559
8671218,0.1774770439,0.02627579458,0.2184962153,0.001056089997,0.0001227725297,0.001140072942
8671219,0.1764562607,0.02627501115,0.2197198838,0.001064106822,0.0001241136342,0.00134947896
8671232,0.1742944717,0.03902965635,0.2203786612,0.001286014915,0.0001491941512,0.001029282808
8671236,0.172994709,0.03902420178,0.2193938464,0.001297548413,0.0001161545515,0.001022696495
8671243,0.1794078857,0.0390227817,0.2224000096,0.001013621688,0.0001138858497,0.001000240445
8671258,0.1814376235,0.03902426362,0.2203999877,0.001010850072,0.0001212954521,0.001000002027
8671259,0.1804221988,0.0390282616,0.2213999718,0.001019030809,0.0001412853599,0.001000061631
8671265,0.1724079669,0.02856534496,0.2299749821,0.00102481246,0.0009494796395,0.0001250505447
8671293,0.1668676615,0.01458637472,0.1585679919,0.001884445548,0.001985554583,0.001117706299
8671310,0.1794173717,0.03032194525,0.224432689,0.0009839236736,0.0001096967608,0.001069530845
8671312,0.1783570439,0.03032094203,0.2255383164,0.001118093729,0.0001051556319,0.001130089164
4477052,-0.142559278,0.0100244686,0.1705818236,0.00101312995,0.0001223571599,0.001023307443
11293021,-0.1444989383,0.06397422403,0.02940779701,0.001111194491,0.0001318156719,0.001009406522
8933725,0.1524999961,0.0398096852,0.1335000023,0.001000002027,3.761053085e-05,0.001000002027
8933730,0.1534999982,0.03980968427,0.1325000003,0.001000002027,3.761425614e-05,0.001000002027
8933735,0.1534999982,0.03980968473,0.1335000023,0.001000002027,3.761425614e-05,0.001000002027
8933740,0.1545000188,0.03980968427,0.1354999803,0.001000002027,3.761425614e-05,0.001000002027
8933745,0.1545000002,0.03980968427,0.1345000006,0.001000002027,3.761425614e-05,0.001000002027
8933750,0.1545000002,0.03980968334,0.1325000003,0.001000002027,3.761425614e-05,0.001000002027
8933755,0.1545000002,0.0398096838,0.1335000023,0.001000002027,3.761425614e-05,0.001000002027
8933760,0.1534999982,0.03980968427,0.1314999983,0.001000002027,3.761425614e-05,0.001000002027
8933765,0.1575000063,0.03980968334,0.1354999989,0.001000002027,3.761425614e-05,0.0009999871254
8933770,0.1495013945,0.03980968567,0.1364955604,0.001003280282,3.761425614e-05,0.0009939670563
8933780,0.1495053247,0.0398096866,0.13747821,0.001012593508,3.761425614e-05,0.0009762793779
4477344,-0.1799724698,0.02339019328,0.166533792,0.0001190006733,0.001040581614,0.001004636288
4477376,-0.1799737126,0.02563110739,0.1685839206,0.0001243948936,0.001148959622,0.001078620553
4477397,-0.1641421517,0.01728682096,0.1655206506,0.001054421067,0.001135641709,0.0009876042604
4477424,-0.1707427591,0.02056384087,0.1692541093,0.0008068531752,0.0009983573109,0.001353666186
4477450,-0.1504481643,0.02008477114,0.1701150507,0.0009371042252,0.001000724733,0.001083850861
4477451,-0.1445520908,0.01908290796,0.1691119552,0.000937089324,0.001007569954,0.001085966825
4477475,-0.177453503,0.003558958741,0.1839625835,0.001041799784,0.001051414991,0.0002758949995
4477482,-0.1794338524,0.005586093199,0.1840285778,0.0009495913982,0.001011155546,0.0001208484173
4477494,-0.1794352949,0.01002195254,0.1765978307,0.0009483546019,0.0001097628847,0.001000985503
8933950,0.1545000896,0.03980968427,0.1364999078,0.0009999424219,3.761425614e-05,0.00100004673
8933955,0.1555000097,0.0398096838,0.1374999844,0.0009999871254,3.761425614e-05,0.001000016928
8933960,0.1545002162,0.03980968473,0.1374997757,0.000999763608,3.761425614e-05,0.001000240445
8933965,0.1525125578,0.0398096852,0.1384879984,0.0009903460741,3.761053085e-05,0.001010417938
8933970,0.1535036378,0.0398096852,0.1394975819,0.0009952038527,3.761053085e-05,0.001004427671
8933975,0.1535027213,0.0398096852,0.1384974942,0.0009969323874,3.761053085e-05,0.00100313127
8933980,0.1555000097,0.03980968427,0.1384999789,0.0009999573231,3.761425614e-05,0.001000031829
8933985,0.1545004398,0.0398096852,0.1394996792,0.0009992569685,3.761053085e-05,0.001000657678
8933990,0.1545003466,0.0398096852,0.138499666,0.0009994804859,3.761053085e-05,0.001000523567
8933995,0.1595000029,0.03980968334,0.1415000036,0.0009999871254,3.761425614e-05,0.001000002027
8934000,0.1585000083,0.03980968334,0.1405000016,0.001000002027,3.761425614e-05,0.001000002027
8934005,0.1585000083,0.03980968334,0.1415000036,0.001000002027,3.761425614e-05,0.001000002027
8934010,0.1575000063,0.03980968334,0.1435000002,0.001000002027,3.761425614e-05,0.0009999871254
8934015,0.1564999968,0.03980968427,0.1425000019,0.001000016928,3.761425614e-05,0.001000002027
8934020,0.1575000063,0.03980968334,0.1425000057,0.001000002027,3.761425614e-05,0.001000002027
8934025,0.1575000063,0.03980968334,0.1405000016,0.001000002027,3.761425614e-05,0.001000002027
8934030,0.1564999968,0.0398096838,0.1415000036,0.001000016928,3.761425614e-05,0.001000002027
8934035,0.1575000063,0.03980968334,0.1415000036,0.001000002027,3.761425614e-05,0.001000002027
8934040,0.1575000063,0.03980968334,0.1364999935,0.001000002027,3.761425614e-05,0.001000002027
8934045,0.1565000005,0.03980968334,0.1374999955,0.001000016928,3.761425614e-05,0.001000002027
8934050,0.1575000063,0.03980968334,0.1374999955,0.001000002027,3.761425614e-05,0.001000002027
8934055,0.1594999991,0.03980968334,0.1384999976,0.001000002027,3.761425614e-05,0.001000002027
8934060,0.1585000083,0.03980968334,0.1394999996,0.001000002027,3.761425614e-05,0.001000002027
8934065,0.1585000046,0.03980968334,0.1384999976,0.001000002027,3.761425614e-05,0.001000002027
8934070,0.1564999968,0.03980968334,0.1384999976,0.001000016928,3.761425614e-05,0.001000002027
8934075,0.1575000063,0.03980968334,0.1394999996,0.001000002027,3.761425614e-05,0.001000002027
8934080,0.1575000063,0.03980968334,0.1384999976,0.001000002027,3.761425614e-05,0.001000002027
8934085,0.1525243893,0.0398096852,0.1414989047,0.000970184803,3.761053085e-05,0.001002430916
8934090,0.1535044312,0.0398096852,0.1404986046,0.0009939670563,3.761053085e-05,0.001003265381
8934095,0.1535050608,0.0398096852,0.1414995529,0.0009926706553,3.761053085e-05,0.001001238823
8934100,0.154500667,0.0398096852,0.1434999928,0.0009987652302,3.761053085e-05,0.001000002027
8934105,0.1555000171,0.0398096852,0.1424999945,0.0009999424219,3.761053085e-05,0.001000002027
8934110,0.1545006521,0.0398096852,0.1424999796,0.0009988099337,3.761053085e-05,0.00100004673
8934115,0.1545005217,0.0398096852,0.1404997967,0.0009991079569,3.761053085e-05,0.001000508666
8934120,0.1555000134,0.03980968473,0.1414999962,0.0009999573231,3.761425614e-05,0.001000016928
8934125,0.1545006037,0.0398096852,0.141499918,0.0009989440441,3.761053085e-05,0.001000240445
8934144,0.1604999974,0.03980968334,0.1415000036,0.001000002027,3.761425614e-05,0.001000002027
8934149,0.1614999995,0.03980968241,0.1405000016,0.001000002027,3.761425614e-05,0.001000002027
8934154,0.1614999995,0.03980968241,0.1415000036,0.001000002027,3.761425614e-05,0.001000002027
8934159,0.1625000089,0.03980968194,0.1435000002,0.001000016928,3.761425614e-05,0.0009999871254
8934164,0.163500078,0.03980968148,0.1425000057,0.001000121236,3.761053085e-05,0.001000002027
8934169,0.1625000089,0.03980968148,0.1425000057,0.001000016928,3.761053085e-05,0.001000002027
8934174,0.1625000089,0.03980968148,0.1405000016,0.001000016928,3.761053085e-05,0.001000002027
8934179,0.163500078,0.03980968148,0.1415000036,0.001000121236,3.761053085e-05,0.001000002027
8934184,0.1625000089,0.03980968148,0.1415000036,0.001000016928,3.761053085e-05,0.001000002027
8934189,0.1614999995,0.03980968194,0.1394999996,0.001000002027,3.761425614e-05,0.001000002027
16536711,0.1400262982,0.01150996014,-0.08442969471,0.0001314878464,0.001067832112,0.001026570797
11293834,-0.156471995,0.02829998235,0.1148836799,0.0009538084269,0.001020677388,0.001069352031
4478213,-0.1784586221,0.02627665512,0.1886000007,0.0009715408087,0.0001167170703,0.0009999871254
11293961,-0.1564691439,0.03606688231,0.1237623269,0.0009418278933,0.0009345971048,0.001144982874
4478224,-0.1725104511,0.02627446949,0.1805467367,0.001049816608,0.0001276619732,0.001024797559
11294122,-0.1585829049,0.0265085157,0.1128316611,0.001037374139,0.0009143669158,0.0009419620037
11294125,-0.1774892002,0.0332822755,0.1205615059,0.001045942307,0.0009843558073,0.00122345984
11294126,-0.1764407486,0.03435058743,0.1217810035,0.001052215695,0.001192379743,0.001454368234
11294150,-0.1499754936,0.03341980726,0.129560253,0.000122487545,0.001023158431,0.001039072871
11294238,-0.1774016231,0.02602287158,0.1116455525,0.001031279564,0.0001143887639,0.00107909739
8935038,0.1525250673,0.03980968706,0.1495000049,0.0009688138962,3.761425614e-05,0.001000002027
8935043,0.1535053849,0.03980968567,0.1485000029,0.0009918212891,3.761425614e-05,0.001000002027
8935048,0.1535053849,0.03980968613,0.1495000049,0.0009918212891,3.761425614e-05,0.001000002027
8935068,0.1545006707,0.0398096852,0.1485000029,0.000998750329,3.761053085e-05,0.001000002027
8935073,0.1555000171,0.0398096852,0.1495000049,0.0009999424219,3.761053085e-05,0.001000002027
8935078,0.1545006707,0.0398096852,0.1495000049,0.000998750329,3.761053085e-05,0.001000002027
16799401,0.1284865677,0.08962907642,-0.06642984003,0.0009634941816,0.001000739634,0.001081056893
8935083,0.1575000063,0.03980968334,0.1444999948,0.001000002027,3.761425614e-05,0.001000002027
8935088,0.1564999968,0.03980968473,0.1454999968,0.001000016928,3.761425614e-05,0.001000002027
8935093,0.1575000063,0.0398096838,0.1454999968,0.001000002027,3.761425614e-05,0.001000002027
8935098,0.1595000029,0.03980968334,0.1464999989,0.0009999871254,3.761425614e-05,0.001000002027
16799420,0.09933905428,0.105393899,-0.05067826932,0.001090340316,0.001098223031,0.001192491502
16799421,0.09639830142,0.1064672917,-0.04960704098,0.001053437591,0.0009816363454,0.00105984509
8935103,0.1585000083,0.03980968334,0.1475000009,0.001000002027,3.761425614e-05,0.001000002027
8935108,0.1585000083,0.03980968334,0.1464999989,0.001000002027,3.761425614e-05,0.001000002027
8935113,0.1564999968,0.0398096852,0.1464999989,0.001000016928,3.761053085e-05,0.001000002027
8935118,0.1575000063,0.03980968427,0.1475000009,0.001000002027,3.761425614e-05,0.001000002027
8935123,0.1575000063,0.03980968427,0.1464999989,0.001000002027,3.761425614e-05,0.001000002027
8935128,0.1525250673,0.03980968613,0.1464999989,0.0009688138962,3.761425614e-05,0.001000002027
8935133,0.1535053849,0.0398096852,0.1475000009,0.0009918212891,3.761053085e-05,0.001000002027
8935138,0.1535053849,0.0398096852,0.1464999989,0.0009918212891,3.761053085e-05,0.001000002027
8935143,0.1545006707,0.0398096852,0.1444999948,0.000998750329,3.761053085e-05,0.001000002027
8935148,0.1555000171,0.0398096852,0.1454999968,0.0009999424219,3.761053085e-05,0.001000002027
8935153,0.1545006707,0.0398096852,0.1454999968,0.000998750329,3.761053085e-05,0.001000002027
8935158,0.1545006707,0.0398096852,0.1475000009,0.000998750329,3.761053085e-05,0.001000002027
8935163,0.1555000171,0.0398096852,0.1464999989,0.0009999424219,3.761053085e-05,0.001000002027
8935168,0.1545006707,0.0398096852,0.1464999989,0.000998750329,3.761053085e-05,0.001000002027
8935188,0.1595000029,0.03980968334,0.1495000049,0.0009999871254,3.761425614e-05,0.001000002027
8935193,0.1585000083,0.03980968334,0.1485000029,0.001000002027,3.761425614e-05,0.001000002027
8935198,0.1585000083,0.0398096838,0.1495000049,0.001000002027,3.761425614e-05,0.001000002027
8935203,0.1564999968,0.0398096852,0.1495000049,0.001000016928,3.761053085e-05,0.001000002027
8673059,0.1425716668,0.02952562384,0.2299755692,0.00102519989,0.0009784959257,0.0001220703125
8673060,0.143594569,0.02856716886,0.229976657,0.001016810536,0.0009526871145,0.000116661191
8673062,0.1415635765,0.03157213181,0.2299730986,0.0009668916464,0.001035887748,0.0001345276833
8935208,0.1575000063,0.03980968427,0.1485000029,0.001000002027,3.761425614e-05,0.001000002027
8935213,0.1575000063,0.03980968473,0.1495000049,0.001000002027,3.761425614e-05,0.001000002027
11294550,-0.1525920004,0.02602427527,0.1113999903,0.001015633345,0.0001213923097,0.000995516777
16537506,0.1405710846,0.03632250205,-0.07942374796,0.000966116786,0.0001125261188,0.001057058573
16537527,0.1400177181,0.03678528219,-0.07259999961,8.85874033e-05,0.0008150041103,0.001000002027
16799765,0.1274059206,0.1091028422,-0.04130403921,0.001040115952,0.0008247420192,0.0002162195742
16537685,0.1416135132,0.03632216528,-0.08052023947,0.001118287444,0.0001145601273,0.001140423119
11294950,-0.1774280041,0.0265205685,0.1128450856,0.001096308231,0.0009302422404,0.0009588748217
11294951,-0.178489694,0.02738695554,0.1138294235,0.0009933561087,0.001006880775,0.001033522189
11295063,-0.1575524241,0.02737777606,0.1138179183,0.001008719206,0.001039331779,0.001073181629
11295089,-0.1799775511,0.03640706241,0.1174281076,0.0001122057438,0.0009982138872,0.001058660448
11295102,-0.169462359,0.03701635376,0.1248380154,0.001083314419,0.0008652955294,0.001067146659
11295136,-0.1575752527,0.03697892129,0.1248009995,0.001049175858,0.0009084194899,0.00110322237
11295152,-0.1499761313,0.02853391059,0.1295819432,0.0001192986965,0.001032862812,0.001018404961
16800274,0.04440000728,0.1126491487,-0.0434082754,0.001000020653,0.001288361847,0.001198455691
11295387,-0.1474348843,0.01001741588,0.09539999962,0.0009474158287,8.711311966e-05,0.001000002027
11295451,-0.1464792877,0.01001895014,0.09740000069,0.0009693801403,9.478256106e-05,0.000999994576
11295453,-0.1454688698,0.01001657341,0.09839999825,0.00103777647,8.28942284e-05,0.001000002027
16800536,0.01251262501,0.1104382724,-0.04561891854,0.0009638471529,0.001107819378,0.001024194062
16800568,0.0454167679,0.1096036449,-0.04645654932,0.001036006957,0.001065142453,0.00114293769
11295573,-0.1784319848,0.02602210827,0.1105358198,0.001010239124,0.0001105740666,0.00112708658
16800659,0.0436011292,0.1064678878,-0.04960598176,0.001051284373,0.0009830072522,0.001061409712
16800667,0.003569096327,0.09842708111,-0.03844583556,0.0009839416016,0.001520082355,0.0003994479775
16800964,0.01146953631,0.08961440995,-0.06644824768,0.0009441161528,0.001000858843,0.00108537823
16800982,0.02155734524,0.09355544597,-0.06249052733,0.001167247072,0.001015760005,0.001140080392
4480222,-0.1799762934,0.02565213591,0.2144083023,0.0001184940338,0.001085938886,0.001021638513
4480235,-0.179422617,0.02627490088,0.2124000281,0.0009701997042,0.000125516206,0.001000091434
4480243,-0.1795340503,0.02245044056,0.2194960018,0.0009345859289,0.0009078662843,0.001131817698
16801015,0.01146898139,0.1054472749,-0.05061392238,0.0009437762201,0.001089714468,0.001000005752
16801021,0.02777109388,0.0984244595,-0.05763858619,0.001248471439,0.000998698175,0.001102596521
4480449,-0.1704190969,0.02626959905,0.2186998576,0.001154974103,0.0001537296921,0.001188740134
4480450,-0.1715209872,0.02627071291,0.2199337631,0.001116365194,0.0001289285719,0.001311913133
11296250,-0.1505588531,0.02602431402,0.1094003156,0.001012444496,0.0001215487719,0.001000382006
11296264,-0.1425652027,0.0100209754,0.09740000069,0.001019060612,0.0001048948616,0.000999994576
11296297,-0.1435947955,0.01001697686,0.09839999825,0.00103661418,8.490402251e-05,0.001000002027
4480590,-0.1570590834,0.0243943762,0.1652648275,0.001738607883,0.001809976995,0.001259669662
11296832,-0.1799712837,0.03636345491,0.04363210127,0.0001204311848,0.001147136092,0.001106400043
17851012,-0.04443659494,0.03540587053,-0.1433060039,0.0009228587151,0.001491326839,0.001355871558
16540456,0.1400259674,0.09044328034,-0.03645752296,0.000131726265,0.001029126346,0.001091796905
17851288,-0.04643851938,0.03349451628,-0.1423984841,0.001302368939,0.001491509378,0.001547276974
16540629,0.1593929023,0.02430052832,-0.06467352659,0.001015290618,0.00163096562,0.0008491650224
16540911,0.1840243727,0.02344182581,-0.06041036621,0.0001218616962,0.001013500616,0.001010626554
17851818,-0.03541626347,0.03187326094,-0.1422471354,0.001231003553,0.001147530973,0.001038134098
16541143,0.1636342883,0.02383808307,-0.06483434588,0.001006364822,0.001280747354,0.0005583241582
17851957,-0.02517699776,0.0334546417,-0.1413854286,0.001071486622,0.001586005092,0.001508846879
17851959,-0.02518200572,0.03444093047,-0.1404019948,0.001065840945,0.00146599859,0.001575246453
4482653,-0.1354045391,0.00202276404,0.1964426756,0.001012057066,0.0001138627995,0.0009328573942
17852134,-0.03340709582,0.04359933212,-0.1526225269,0.001020997763,0.001098711044,0.001173764467
17852167,-0.03443552926,0.04467323124,-0.1515521169,0.001036655158,0.001056775451,0.001120463014
17852172,-0.02659290396,0.04359932914,-0.1526225269,0.001020997763,0.001098711044,0.001173764467
16541466,0.1714647889,0.03632897213,-0.06041919738,0.001058876514,0.0001449212432,0.001021511853
16541467,0.1714658082,0.03245343044,-0.06402916759,0.001058250666,0.001046713442,0.0001459568739
16541469,0.1725344121,0.03632479012,-0.05941018835,0.001085445285,0.0001240447164,0.001013059169
17852246,-0.02556446977,0.04467322901,-0.1515521169,0.00103665702,0.001056779176,0.001120463014
16541559,0.1840271473,0.02441589013,-0.04441248029,0.0001356601715,0.0009695980698,0.0009903088212
11298753,-0.1474344075,0.01002232712,0.07059998959,0.0009497255087,0.0001116627827,0.001000016928
17852571,-0.0231823395,0.03440175438,-0.1432632282,0.001098591834,0.001425825059,0.001438826323
17852573,-0.02243658458,0.03540587192,-0.1433060057,0.0009228531271,0.001491345465,0.001355871558
4483485,-0.1429710299,0.01479354631,0.1585642785,0.0001546293497,0.00230955705,0.001121923327
4483494,-0.1393962711,0.002080217376,0.1585995972,0.001018643379,0.0001384220086,0.001001551747
8677935,0.144586274,0.003543378506,0.1839635909,0.001016318798,0.00104930182,0.0002760589123
16542820,0.1840287238,0.0224268157,-0.06142442003,0.0001436173916,0.00102039054,0.001018725336
16542822,0.1840243816,0.02141214386,-0.06243999153,0.0001219063997,0.001011770219,0.001011107117
16542907,0.1644099444,0.0363279663,-0.06240077391,0.0009921342134,0.0001368671656,0.0009716264904
16542909,0.1653449982,0.03453590274,-0.06402525604,0.001050457358,0.00105124712,0.00012678653
16543086,0.1713205129,0.0363232851,-0.0444660157,0.001222059131,0.0001202449203,0.001144897193
16543131,0.1445793808,0.01042653378,-0.06491563469,0.001016259193,0.001114016399,0.0003836229444
8678938,0.1566448838,0.02479197308,0.1605809629,0.001910969615,0.001805357635,0.001021966338
16543262,0.1804048121,0.009318697639,-0.06447465271,0.001015216112,0.001086982898,0.0008179917932
17853988,-0.04859290421,0.04359932989,-0.1526225239,0.001020994037,0.001098707318,0.001173764467
16543327,0.1445603281,0.02158401459,-0.0650252685,0.001015946269,0.001207727939,0.0001273453236
16543329,0.1465903729,0.02438310757,-0.0646334216,0.001005724072,0.001597812399,0.000874042511
16543486,0.1705974996,0.02495903336,-0.06424632519,0.0009980201721,0.001132449135,0.0009999349713
16543622,0.1399765044,0.00454983674,-0.06141452342,0.0001174211502,0.00111301057,0.001064062119
16543623,0.1399769634,0.005604884867,-0.06035283953,0.0001151710749,0.001152618788,0.001058060676
11301139,-0.1774803996,0.03361259252,0.0420200862,0.001047030091,0.001196768135,0.0001419782639
16544143,0.1723995388,0.0267935764,-0.06401717663,0.0009990334511,0.0008264072239,8.581578732e-05
16544149,0.1814541578,0.02498528883,-0.06417984664,0.001036733389,0.0009496603161,0.001048095524
16544492,0.1704236537,0.03632447422,-0.0614232637,0.001028880477,0.0001224018633,0.001009486616
16544494,0.1704250783,0.0335051924,-0.06402477473,0.001030579209,0.001059722155,0.0001238957047
16544824,0.1724945396,0.03632398024,-0.04556248561,0.001144304872,0.0001202151179,0.001053854823
11301996,-0.1814358562,0.03902353942,0.02653646693,0.001017168164,0.0001176744699,0.001041963696
11302172,-0.1774452507,0.02753013223,0.04202729091,0.001047626138,0.0009827539325,0.0001364387572
11302173,-0.1764086187,0.02656582817,0.0420237653,0.001027241349,0.0009484030306,0.0001188069582
11302174,-0.1774011135,0.02602364905,0.04257636368,0.001035109162,0.0001182239503,0.0009741783142
11302363,-0.1535981685,0.02602410093,0.04351033866,0.001003354788,0.0001205112785,0.0009625442326
11302457,-0.1505625457,0.02602392435,0.04556208998,0.001015052199,0.0001196376979,0.001039125025
11302458,-0.1515808612,0.02602482624,0.04452142343,0.001019731164,0.0001241434366,0.001041352749
11302460,-0.1784911454,0.03247020766,0.04202174246,0.0009649246931,0.001101411879,0.0001087263227
11302468,-0.1754001111,0.0348147437,0.04189094082,0.001033306122,0.001263875514,0.0004393532872
16545374,0.1400254518,0.009439587407,-0.07441039085,0.0001316219568,0.001090668142,0.001013875008
16545504,0.1484159231,0.02627572194,-0.07541583776,0.001002848148,0.0001214183867,0.001002945006
11302966,-0.1425655454,0.01002487633,0.07160006016,0.001019209623,0.000124390237,0.0009999871254
11303007,-0.1435955226,0.01001850907,0.06960006207,0.001036122441,9.255856276e-05,0.001000188291
8681620,0.1693999678,0.03057862483,0.1520209998,0.001000002027,0.001020690426,0.0001050233841
8681812,0.1580554008,0.007415449619,0.1747370929,0.0007347166538,0.001023799181,0.001252368093
8681838,0.1744031698,0.01002297699,0.1674661487,0.001005575061,0.0001143496484,0.0009886324406
11303336,-0.138106966,0.02932568528,-0.09113654494,0.0002420842648,0.00122439675,0.001156941056
11303337,-0.1393801779,0.03905619532,0.03570974246,0.001060634851,0.0002389661968,0.001065254211
8682045,0.1774592191,0.01002416126,0.1685113132,0.00103969872,0.0001207655296,0.001064449549
8682272,0.182428655,0.03902566656,0.1743999958,0.0009610056877,0.0001283288002,0.001000002027
8682442,0.1840278804,0.001426329487,0.1852117091,0.0001427829266,0.0009393371874,0.001513928175
17857667,-0.1400272816,0.04454303682,-0.1524704158,0.0001364052296,0.001022148877,0.001021042466
17857882,-0.1353879005,0.02086823285,-0.1312373936,0.0009813308716,0.0009380877018,0.001010149717
17857892,-0.1399464935,0.02471624576,-0.1314750284,0.0004527568817,0.00121505931,0.001213431358
17858085,-0.1035627266,0.0354019166,-0.1433089133,0.0009249672294,0.001494664699,0.00135011971
16547391,0.1306035906,0.1266634852,-0.0694766745,0.001019075513,0.001095667481,0.00109859556
16547609,0.1459866464,0.01635935735,-0.05754146278,0.0001492202282,0.001295852475,0.001057550311
16547638,0.1669753671,0.01736428551,-0.04661890119,0.0001197904348,0.001222373918,0.0009918510914
8683319,0.1686147779,0.02611885667,0.2237905204,0.001161023974,0.0008254479617,0.001033574343
8683320,0.1695295483,0.02438970469,0.2217682749,0.001141786575,0.001034460962,0.001372605562
16547665,0.1459706455,0.01475410555,-0.05542627126,0.0001449733973,0.002280948684,0.001075338572
16547670,0.1459741443,0.02565014176,-0.05642198399,0.0001237243414,0.001096973196,0.001090414822
16547671,0.1459690571,0.02454402186,-0.05753104165,0.0001399815083,0.00111316517,0.001107513905
17858396,-0.1400271893,0.04739356786,-0.123434861,0.0001358687878,0.00101017952,0.0009668022394
17858481,-0.1400273025,0.05546980798,-0.1153871313,0.0001365095377,0.0009862855077,0.001017071307
16547833,0.1459706664,0.014753934,-0.02257362045,0.0001450031996,0.002280818298,0.001075340435
16547857,0.1669755101,0.02563570216,-0.02542746067,0.0001225024462,0.001124629751,0.001079682261
16547869,0.1669748873,0.01740178466,-0.02253917381,0.0001212209463,0.001172499731,0.001079820096
16547954,0.1582193502,0.0006005521709,-0.03486834839,0.001034036279,0.001216860895,0.0009326040745
8683648,0.1756598532,0.03060209118,0.2299716741,0.001282840967,0.001065243036,0.0001405626535
16548037,0.156283468,0.01251220573,-0.02912953235,0.001269847155,0.001048745587,0.001024067402
17858758,-0.1400263011,0.01650995985,-0.1004297331,0.0001315027475,0.001067822799,0.001026540995
16548077,0.1459749997,0.02342480421,-0.05864491537,0.0001232177019,0.001098677516,0.001111399382
16548085,0.1642861754,0.01616595779,-0.0575449124,0.001349121332,0.00136723835,0.00110828504
16548144,0.1642492145,0.01620402131,-0.04648431689,0.001277148724,0.001346157864,0.001023750752
16548146,0.1669758856,0.0184704572,-0.04567246735,0.0001181066036,0.001132499427,0.0009411014616
8683838,0.1840245515,0.03644054532,0.2274321556,0.0001228749752,0.001012954861,0.001045703888
8683841,0.1804881126,0.03660442308,0.2320259422,0.001105442643,0.001133240759,0.0001313090324
8683844,0.1840292543,0.03542332426,0.2285010636,0.0001466274261,0.001019980758,0.00110065937
8683863,0.1784972221,0.0303228911,0.1565899163,0.000988021493,0.000114440918,0.001004487276
8683864,0.1794514209,0.03032261468,0.157597363,0.0009201169014,0.0001130569726,0.001007288694
8683865,0.1582194162,0.0006005514889,0.1728684029,0.00103418529,0.001216859145,0.0009325891733
8683866,0.158057332,0.003592655249,0.1746980458,0.0007556080818,0.001030619722,0.001408308744
8683867,0.1580594033,0.003590534348,0.1732215255,0.0007551014423,0.001035526395,0.001220136881
16548207,0.1680299878,0.01653737016,-0.02934836112,0.000934407115,0.001145729795,0.0009907539934
16548216,0.1669753283,0.01741780527,-0.02655290477,0.0001204013824,0.001181447878,0.001084623858
16548357,0.1400227904,0.01860093884,-0.05539999902,0.0001139491796,0.001001365483,0.0009999983013
17859156,-0.1400260478,0.01247887779,-0.08844154626,0.0001302361488,0.00106028188,0.001016512513
16548487,0.158055377,0.007415432762,-0.03673706204,0.0007346868515,0.0010237596,0.001252416521
16548522,0.1658341795,0.01461105831,-0.04754855409,0.001995548606,0.002063412219,0.00111008063
16548722,0.1594980905,0.02672416282,-0.04459125424,0.001464381814,0.0008614305407,0.0004442632198
10519465,-0.1399690539,0.03661479726,0.03142840415,0.0001266896725,0.001225162297,0.001026645303
8684536,0.1641428719,0.017286061,0.165526328,0.001058027148,0.001138955355,0.0009592920542
16549029,0.1539717972,0.015590447,-0.03174167871,0.0001145601273,0.00101086963,0.000878252089
16549036,0.1595796347,0.01055010334,-0.0273848027,0.001421973109,0.0009268997237,0.0004189424217
16549043,0.167947185,0.01425365638,-0.02931542881,0.001138359308,0.001117290929,0.001044506207
16549155,0.1459866375,0.01635930818,-0.02045854218,0.0001491904259,0.0012958562,0.001057554036
16549166,0.1459750086,0.02342480309,-0.01935508102,0.0001232177019,0.001098673791,0.00111140497
16549192,0.1649395327,0.0267043657,-0.02624113361,0.001020416617,0.000817026943,0.001111187041
16549238,0.1669733077,0.01849806495,-0.02145166658,0.0001289993525,0.001106126234,0.001096490771
16549239,0.1669757575,0.02564473227,-0.02157565989,0.0001180917025,0.001110414043,0.001098593697
8684953,0.1774243563,0.003685924457,0.1839783549,0.001068875194,0.001069942489,0.0002528578043
8684977,0.1840338379,0.002238610014,0.1824427545,0.0001642256975,0.001297987532,0.001129776239
8684979,0.1840312988,0.001073354982,0.1813874751,0.0001589357853,0.001621789188,0.001039087772
16549301,0.1595794797,0.01054988131,-0.0446128577,0.001423209906,0.0009269481525,0.0004187859595
8684990,0.1794344783,0.005604802351,0.1840283513,0.0009483546019,0.001001779456,0.0001193881035
16549332,0.145969069,0.02454401553,-0.02046895735,0.0001399964094,0.001113159582,0.001107515767
16549334,0.1459741563,0.02565013357,-0.0215780165,0.0001237243414,0.001096975058,0.001090414822
17860059,-0.1400251925,0.0323710762,-0.08757640868,0.0001259744167,0.00103308633,0.0009715482593
16549352,0.1400241643,0.01960401237,-0.02159997448,0.000120818615,0.001004219055,0.001000056043
16549354,0.1400226653,0.01860093847,-0.02359999903,0.0001133233309,0.00100136362,0.001000003889
10520049,-0.1399665922,0.03704204857,0.03368598297,0.000160112977,0.001414004713,0.001064945012
16549386,0.1604270041,0.007457791548,-0.03301624358,0.001511245966,0.001026070211,0.0008668750525
16549408,0.1562336355,0.01944446415,-0.02917933986,0.00138668716,0.001062996686,0.001152271405
16549426,0.1669757009,0.02343196496,-0.02762769461,0.0001215487719,0.001086426899,0.001083299518
16549439,0.1658661187,0.01458755434,-0.05643152893,0.001885473728,0.001987813972,0.001117400825
16549499,0.1563240826,0.01251193043,-0.04290810823,0.001191794872,0.001048038714,0.0009353868663
16549500,0.1574884474,0.01149557382,-0.04372141138,0.001276090741,0.0009689908475,0.0007359795272
16549549,0.1572211534,0.02321043573,-0.04757426307,0.001278564334,0.001199409366,0.001032717526
16549665,0.1574847907,0.01149578448,-0.02828116529,0.001285240054,0.0009686583653,0.0007421728224
16549671,0.1575986713,0.02055324242,-0.02821605429,0.001418828964,0.001106437296,0.0008233487606
16549679,0.1669754326,0.02059803121,-0.02038039789,0.0001227557659,0.001025415957,0.001039223745
16549681,0.1669728994,0.02453118451,-0.02045578435,0.0001133680344,0.001108223572,0.001114020124
16549698,0.1669743121,0.02454379499,-0.05753303915,0.0001137703657,0.001113267615,0.001109760255
16549699,0.1669748932,0.02565011419,-0.05642237216,0.0001200437546,0.001097144559,0.001091495156
16549705,0.1669744343,0.01741141155,-0.0554686822,0.0001237690449,0.001178076491,0.001073181629
16549733,0.1590614736,0.008424430154,-0.03797809407,0.001307427883,0.0009716358036,0.001236468554
16549832,0.1669718057,0.02459464371,-0.04660616145,0.0001399070024,0.001053588465,0.001008871943
16549833,0.166975528,0.02565599158,-0.04760017693,0.0001221597195,0.00107691437,0.001000676304
16549873,0.1539024174,0.02341295369,-0.03192689382,0.0003370195627,0.001022113487,0.001226997003
16549881,0.1540661722,0.02568677217,-0.03187816963,0.0008586198092,0.001114578918,0.00171540305
16549922,0.1603363961,0.02010471299,-0.04649438858,0.001096591353,0.00100220181,0.00102089718
16549925,0.1631208683,0.01730342892,-0.04540996067,0.001036763191,0.001101132482,0.001074630767
16549926,0.1613161713,0.01910777359,-0.04543319717,0.001062616706,0.0009959880263,0.001024767756
16549986,0.1581937939,0.001394393656,-0.03486390039,0.0008617341518,0.001064280921,0.0008270032704
16550066,0.145973289,0.01857634336,-0.01934014149,0.0001285970211,0.001074098051,0.001071516424
16550070,0.1459732741,0.01857634336,-0.05865985081,0.0001285970211,0.001074099913,0.001071508974
16550075,0.1669754297,0.02059836611,-0.05761968195,0.0001229047775,0.001025553793,0.001038901508
16550077,0.1623201013,0.01811064854,-0.05758917257,0.001084893942,0.001008225605,0.001037038863
16550078,0.1601198584,0.02032021768,-0.05758583546,0.001000344753,0.001100519672,0.001033112407
16550080,0.1669732183,0.01849991791,-0.05655080751,0.0001296699047,0.001107031479,0.001093711704
16550119,0.1669759333,0.02351305634,-0.04565179273,0.0001198798418,0.001097030938,0.0009747222066
16550180,0.1669761062,0.01856427193,-0.02763251178,0.0001192688942,0.001104762778,0.001069450751
16550357,0.1591273397,0.0212970823,-0.05875166443,0.001004189253,0.001077432185,0.001101072878
16550358,0.1572566132,0.02316911798,-0.05874191287,0.00129686296,0.001271236688,0.001146312803
16550359,0.1554866552,0.0249543421,-0.05742021725,0.002321630716,0.002324772999,0.001214727759
16550396,0.1560488194,0.02438922562,-0.04959748611,0.001378253102,0.00128313899,0.001004047692
16550481,0.1552417815,0.0135584211,-0.04193176404,0.001146689057,0.001047281548,0.00106183067
16550482,0.1580573171,0.003592659626,-0.03669803515,0.0007555782795,0.001030612504,0.001408293843
16550489,0.1590592295,0.005405088142,-0.03402936012,0.001327812672,0.001021891832,0.001245096326
16550621,0.1649727017,0.008453246392,-0.03440750241,0.0008733570576,0.0009666699916,0.001516252756
17861724,-0.07941648116,0.03187308957,-0.1422469939,0.001231610775,0.001147866249,0.001038447022
16551119,0.1549994737,0.01356295999,-0.03031026237,0.001571387053,0.001061460935,0.001541122794
16551162,0.154874298,0.01840571351,-0.03043463342,0.00151617825,0.001015845686,0.001429624856
8686875,0.1703996718,0.03159219921,0.1520224512,0.0009999871254,0.001010520384,0.0001122802496
16551199,0.1669715345,0.02453350686,-0.02652731091,0.0001423805952,0.001091063023,0.001110674813
16551212,0.1672793627,0.02570110597,-0.02859081998,0.0005066841841,0.00133882463,0.0005905237049
16551286,0.1400220633,0.02061338015,-0.0205998987,0.0001103132963,0.001012833789,0.001000214368
16551289,0.1400229514,0.02355303392,-0.02060016878,0.0001147538424,0.001090271398,0.001000467688
16551312,0.1400243431,0.02566261664,-0.02260029241,0.0001217126846,0.001069627702,0.0009997989982
16551313,0.1400277793,0.02461992651,-0.02160057351,0.0001388937235,0.001037688926,0.001000171527
16551325,0.1334234089,0.02410533912,-0.1255055562,0.001046746969,0.0005023945123,0.001659177244
8687381,0.1800088227,0.03636347726,0.1536507815,8.718669415e-05,0.001153010875,0.001094788313
17862524,-0.1373760154,0.02412958878,-0.1344486525,0.001091912389,0.001057602465,0.00106690824
8687544,0.164406693,0.01058238819,0.1659710348,0.001014947891,0.0009721526876,0.0002457648516
8687545,0.1654319972,0.01156191099,0.1660222024,0.001035928726,0.0009890468791,0.0001145005226
8687571,0.1714000106,0.01002459433,0.1664747596,0.001000240445,0.0001229457557,0.001015216112
8688099,0.1799763322,0.01057712398,0.1685997754,0.0001183450222,0.0009795762599,0.001031965017
8688173,0.1784746081,0.0100271346,0.1695668757,0.0009757131338,0.00013573654,0.001046776772
8688288,0.1570590784,0.02439437713,0.1652648374,0.001738607883,0.001809988171,0.001259684563
8688332,0.1799658209,0.02425148226,0.166469121,0.0001292228699,0.001105269417,0.001230180264
8688333,0.1799684882,0.02556660324,0.1676227868,0.0001273602247,0.001334138215,0.001140773296
8688890,0.1840260714,0.03840737417,0.1713999957,0.0001303553581,0.000991679728,0.001000016928
8688952,0.1840256244,0.03743248954,0.1743999958,0.0001281201839,0.0009597502649,0.001000002027
17864643,-0.1248176591,0.03440176323,-0.143263232,0.00109859556,0.001425843686,0.001438841224
17864644,-0.1255634148,0.03540588217,-0.1433060057,0.0009228289127,0.001491334289,0.001355886459
17864719,-0.140026319,0.01946761049,-0.1104490325,0.0001329630613,0.001107051969,0.001027435064
8689821,0.1735353649,0.02627610713,0.1795784503,0.001054540277,0.000120382756,0.001013815403
17865020,-0.1400243014,0.06642183214,-0.108409676,0.0001214742661,0.001024909317,0.0009916201234
8690121,0.1784582227,0.02627576068,0.1816023916,0.0009722411633,0.0001212209463,0.0009986609221
16817301,0.1379646182,0.02761210501,-0.0906154111,0.0001742988825,0.001039654016,0.002680107951
16817347,0.1379698217,0.03472057655,-0.09003212899,0.0001675188541,0.0009885765612,0.001498475671
16817700,0.1379756331,0.03679403067,-0.08539879769,0.0001219958067,0.0008299089968,0.001001141965
17866391,-0.1400262058,0.01552461479,-0.0974260211,0.0001310259104,0.001045840792,0.001018531621
4497501,-0.1715485781,0.03983472213,0.213368696,0.001090437174,0.000125721097,0.0009942352772
17867304,-0.140026927,0.06140193567,-0.1093788967,0.0001346319914,0.00099953264,0.0009366050363
17867446,-0.1400263131,0.01446761042,-0.09444903433,0.0001329779625,0.001107051969,0.001027435064
8693088,0.1794225574,0.02627489902,0.203399995,0.0009702593088,0.0001255106181,0.001000002027
17868855,-0.1228230055,0.03345464589,-0.141385423,0.001071467996,0.001585960388,0.001508831978
17868860,-0.1384474009,0.04930834994,-0.1426348835,0.0009939223528,0.001147799194,0.00123809278
17868862,-0.1374176651,0.05059378222,-0.1439251155,0.001047775149,0.001460973173,0.001532614231
17868868,-0.1384257585,0.05267470255,-0.1435474336,0.001025393605,0.001048564911,0.001123994589
17868938,-0.1395165448,0.02149477477,-0.1232658798,0.0009862035513,0.0005924291909,0.001465111971
17868951,-0.1384281665,0.02245737575,-0.1263552845,0.001016512513,0.0005587656051,0.001452222466
8694228,0.1704182506,0.0262721993,0.2186994225,0.001152023673,0.0001361723989,0.001184046268
8694241,0.1725737244,0.02626777329,0.2199579746,0.001064762473,0.0001327432692,0.001346662641
8694263,0.1799766034,0.02458792664,0.2144256145,0.000116944313,0.00108253397,0.001038506627
8694281,0.1799763232,0.02565783933,0.2134036809,0.0001183450222,0.001074910164,0.001009941101
16820812,0.1379798859,0.09344737381,-0.03758848906,0.0001006275415,0.0009610801935,0.0009043365717
17869469,-0.1400262862,0.01845645308,-0.1074485734,0.0001322925091,0.001074431464,0.001021951437
17869472,-0.1400260568,0.0174788788,-0.1044415459,0.00013025105,0.001060282812,0.001016505063
8694465,0.1795340528,0.02245031421,0.2194960415,0.0009345412254,0.0009077265859,0.00113119185
8695261,0.174518916,0.02954952121,0.2299748421,0.001148745418,0.001010110602,0.0001250207424
8957530,0.1456653446,0.04121232182,0.1506796271,0.0004478693008,6.162375212e-05,0.0004945099354
8695473,0.1754088372,0.03642159253,0.2299767822,0.001014709473,0.0009747743607,0.000116109848
8695579,0.18402538,0.03240042627,0.2307419986,0.0001271367073,0.001001093537,0.001099705696
8695581,0.182741338,0.03340634406,0.2320254356,0.001101568341,0.001017306,0.0001274943352
8695638,0.1766646326,0.03164386824,0.2299767137,0.001262351871,0.00101612322,0.0001159757376
8695800,0.1804519892,0.001258785068,0.2320243806,0.001115098596,0.001115034218,0.0001219660044
8695802,0.182730794,0.003559317114,0.2320246577,0.001126646996,0.001102936221,0.000123411417
8695810,0.1815883875,0.002416106639,0.2320293963,0.00115416944,0.001178849954,0.0001471787691
8695970,0.17643314,0.03546712548,0.2299771786,0.001040011644,0.0009676143527,0.0001141279936
8695991,0.1784062952,0.03770370409,0.2320251375,0.00101749599,0.001178126782,0.0001261532307
8695999,0.1840260834,0.03440839052,0.2296174318,0.0001318305731,0.001011226326,0.00113324821
8696001,0.1816101313,0.03548684567,0.2320259392,0.001138672233,0.001103460789,0.0001311600208
8696330,0.1722168505,0.0396666266,0.03560908362,0.0001039803028,0.001107510179,0.000999584794
8696332,0.1722157478,0.03962421715,0.0374077782,9.116530418e-05,0.001081045717,0.001013368368
8696971,0.1604999974,0.03980968148,0.1314999983,0.001000002027,3.761053085e-05,0.001000002027
8696976,0.163500078,0.03980968148,0.1355000064,0.001000121236,3.761053085e-05,0.001000002027
8696981,0.1604999974,0.03980968148,0.1325000003,0.001000002027,3.761053085e-05,0.001000002027
8696986,0.163500078,0.03980968148,0.1325000003,0.001000121236,3.761053085e-05,0.001000002027
8696991,0.1594999954,0.03980968241,0.1314999983,0.001000002027,3.761425614e-05,0.001000002027
8697007,0.163500078,0.03980968148,0.136500001,0.001000121236,3.761053085e-05,0.0009999871254
8697012,0.163500078,0.03980968148,0.1394999996,0.001000121236,3.761053085e-05,0.001000002027
8697043,0.1614999995,0.03980968148,0.1355000064,0.001000002027,3.761053085e-05,0.001000002027
8697048,0.1614999995,0.03980968148,0.1345000044,0.001000002027,3.761053085e-05,0.001000002027
17872108,-0.1400253743,0.04662502483,-0.1535173267,0.0001268684864,0.001089718193,0.001073896885
8697088,0.1614999995,0.03980968148,0.1314999983,0.001000002027,3.761053085e-05,0.001000002027
8697093,0.1625000089,0.03980968148,0.1355000064,0.001000016928,3.761053085e-05,0.001000002027
8697098,0.163500078,0.03980968148,0.1345000044,0.001000121236,3.761053085e-05,0.001000002027
8697103,0.1625000089,0.03980968148,0.1345000044,0.001000016928,3.761053085e-05,0.001000002027
8697108,0.1604999974,0.03980968148,0.1335000023,0.001000002027,3.761053085e-05,0.001000002027
8697113,0.1614999995,0.03980968148,0.1325000003,0.001000002027,3.761053085e-05,0.001000002027
8697118,0.1614999995,0.03980968148,0.1335000023,0.001000002027,3.761053085e-05,0.001000002027
8697123,0.163500078,0.03980968148,0.1335000023,0.001000121236,3.761053085e-05,0.001000002027
8697128,0.1625000089,0.03980968148,0.1325000003,0.001000016928,3.761053085e-05,0.001000002027
8697133,0.1625000089,0.03980968148,0.1335000023,0.001000016928,3.761053085e-05,0.001000002027
8697138,0.1594999954,0.03980968194,0.1304999962,0.001000002027,3.761425614e-05,0.001000002027
8697176,0.1625000089,0.03980968148,0.136500001,0.001000016928,3.761053085e-05,0.0009999871254
8697181,0.163500078,0.03980968148,0.1374999955,0.001000121236,3.761053085e-05,0.001000002027
8697186,0.1625000089,0.03980968148,0.1374999955,0.001000016928,3.761053085e-05,0.001000002027
8697191,0.163500078,0.03980968148,0.1384999976,0.001000121236,3.761053085e-05,0.001000002027
17872618,-0.07740709633,0.0435993284,-0.1526225358,0.001020997763,0.001098714769,0.001173764467
17872624,-0.07059290409,0.04359932765,-0.1526225269,0.001020997763,0.001098714769,0.001173764467
17872631,-0.07843552828,0.04467323199,-0.1515521199,0.001036651433,0.001056782901,0.001120463014
17872640,-0.1344274789,0.05129308403,-0.1591373622,0.0010266155,0.001109179109,0.001034110785
17872866,-0.1395134429,0.02588718602,-0.1362528826,0.001017898321,0.001083163545,0.001147568226
8697865,0.1604999974,0.03980968148,0.1284999996,0.001000002027,3.761053085e-05,0.0009999871254
8697873,0.1594999954,0.03980968148,0.1275000051,0.001000002027,3.761053085e-05,0.001000002027
8697883,0.1594999954,0.03980968148,0.1284999996,0.001000002027,3.761053085e-05,0.0009999871254
8697890,0.163500078,0.03980968008,0.1284999996,0.001000121236,3.761425614e-05,0.0009999871254
17872960,-0.1363613933,0.02185951881,-0.1322348446,0.000960290432,0.001145225018,0.001220986247
17872962,-0.139937833,0.02350775935,-0.1302751362,0.0004309266806,0.001220270991,0.001203835011
17872986,-0.1383794904,0.02496231608,-0.1353235811,0.001007989049,0.0006693731993,0.0007737129927
8697959,0.1604999974,0.03980968148,0.1275000051,0.001000002027,3.761053085e-05,0.001000002027
8698073,0.163500078,0.03980967961,0.1275000051,0.001000121236,3.761425614e-05,0.001000002027
8698113,0.1614999995,0.03980968148,0.1284999996,0.001000002027,3.761053085e-05,0.0009999871254
8698118,0.1604999974,0.03980968148,0.1294999942,0.001000002027,3.761053085e-05,0.001000002027
8698123,0.1614999995,0.03980968148,0.1294999942,0.001000002027,3.761053085e-05,0.001000002027
8698137,0.1594999954,0.03980968148,0.126500003,0.001000002027,3.761053085e-05,0.001000002027
8698142,0.1585000008,0.03980968194,0.1275000051,0.0009999871254,3.761425614e-05,0.001000002027
8698147,0.1585000008,0.03980968148,0.126500003,0.0009999871254,3.761053085e-05,0.001000002027
8698167,0.1585000008,0.03980968241,0.1284999996,0.0009999871254,3.761425614e-05,0.0009999871254
8698172,0.1594999954,0.03980968148,0.1294999942,0.001000002027,3.761053085e-05,0.001000002027
8698186,0.1625000089,0.03980968101,0.1284999996,0.001000016928,3.761425614e-05,0.0009999871254
8698191,0.163500078,0.03980968054,0.1294999942,0.001000121236,3.761425614e-05,0.001000002027
8698196,0.1625000089,0.03980968148,0.1294999942,0.001000016928,3.761053085e-05,0.001000002027
17873246,-0.1014164786,0.03187308957,-0.1422469939,0.001231566072,0.001147862524,0.001038432121
8698239,0.1594999954,0.03980968148,0.125500001,0.001000002027,3.761053085e-05,0.001000002027
8698244,0.1585000008,0.03980968148,0.124499999,0.0009999871254,3.761053085e-05,0.001000002027
8698249,0.1585000008,0.03980968148,0.125500001,0.0009999871254,3.761053085e-05,0.001000002027
8698254,0.1575000063,0.03980968148,0.124499999,0.001000002027,3.761053085e-05,0.001000002027
8698259,0.1575000063,0.03980968148,0.125500001,0.001000002027,3.761053085e-05,0.001000002027
8698401,0.1604999974,0.03980968148,0.126500003,0.001000002027,3.761053085e-05,0.001000002027
8698406,0.1614999995,0.03980968148,0.1275000051,0.001000002027,3.761053085e-05,0.001000002027
8698411,0.1614999995,0.03980968148,0.126500003,0.001000002027,3.761053085e-05,0.001000002027
17873622,-0.1374139637,0.04351763055,-0.1368534952,0.001046910882,0.0009892433882,0.0009066611528
17873656,-0.1335603118,0.04351469725,-0.1368565351,0.001105874777,0.0009734146297,0.0009064078331
17873747,-0.1008177986,0.03443960426,-0.1404028796,0.00106523931,0.001468833536,0.001579105854
17873749,-0.101561036,0.03349260148,-0.1423998568,0.001301594079,0.001487657428,0.001545846462
17873754,-0.06918200571,0.03444060218,-0.1404023189,0.001065820456,0.001466359943,0.001575365663
17873755,-0.06917699985,0.03345461795,-0.1413854528,0.001071467996,0.001585625112,0.001508414745
17873765,-0.1374369651,0.05952247083,-0.1367014706,0.001025363803,0.001098267734,0.001023486257
8698728,0.1604999974,0.03980968148,0.125500001,0.001000002027,3.761053085e-05,0.001000002027
8698738,0.1614999995,0.03980968148,0.125500001,0.001000002027,3.761053085e-05,0.001000002027
8698743,0.1625000089,0.03980968054,0.1275000051,0.001000016928,3.761425614e-05,0.001000002027
8698748,0.163500078,0.03980967961,0.126500003,0.001000121236,3.761425614e-05,0.001000002027
8698753,0.1625000089,0.03980968054,0.126500003,0.001000016928,3.761425614e-05,0.001000002027
17873800,-0.1344994545,0.05954320058,-0.1366801023,0.001153871417,0.001132339239,0.001053512096
17873802,-0.133490032,0.05851269439,-0.1377012342,0.001166597009,0.001113582402,0.001011535525
8698763,0.163500078,0.03980967961,0.125500001,0.001000121236,3.761425614e-05,0.001000002027
8698768,0.1625000089,0.03980968054,0.125500001,0.001000016928,3.761425614e-05,0.001000002027
8698865,0.163500078,0.03980968148,0.1314999983,0.001000121236,3.761053085e-05,0.001000002027
8698874,0.1604999974,0.03980968148,0.1304999962,0.001000002027,3.761053085e-05,0.001000002027
8698879,0.1614999995,0.03980968148,0.1304999962,0.001000002027,3.761053085e-05,0.001000002027
8698884,0.163500078,0.03980968101,0.1304999962,0.001000121236,3.761425614e-05,0.001000002027
8698889,0.1625000089,0.03980968148,0.1314999983,0.001000016928,3.761053085e-05,0.001000002027
8698894,0.1625000089,0.03980968148,0.1304999962,0.001000016928,3.761053085e-05,0.001000002027
17873953,-0.128477782,0.07365196943,-0.1324686378,0.001037493348,0.00101750344,0.001101747155
17874165,-0.1400262177,0.02052461505,-0.1134260207,0.0001310110092,0.001045841724,0.00101852417
8962699,0.1460793018,0.04770000502,0.1409851164,0.0003720968962,0.0005089193583,5.769729614e-05
8962730,0.07660312206,0.04918620735,0.1427773088,0.0006235837936,6.933882833e-05,0.0005676746368
17875703,-0.1214770476,0.09113014614,-0.1192969469,0.000966116786,0.001023240387,0.001107528806
17875739,-0.1216089889,0.09320549369,-0.117228128,0.001012839377,0.001260280609,0.00116969645
17878237,-0.1400262833,0.01345645282,-0.09144857526,0.0001323074102,0.001074430533,0.001021951437
17878384,-0.1400258243,0.01052518375,-0.08142347038,0.0001291185617,0.001046137884,0.001019969583
17354243,-0.04050000012,0.04813769025,-0.1513337145,0.001000002027,0.0005006752908,0.000287681818
17354245,-0.04149999966,0.04813768715,-0.1513337145,0.001000005752,0.0005006603897,0.000287681818
17354248,-0.0324999659,0.04813767162,-0.1513336971,0.001000072807,0.0005006603897,0.0002876520157
17354251,-0.03349998159,0.0481376679,-0.1513336996,0.00100004673,0.0005006454885,0.0002876520157
17354257,-0.0395000012,0.04813768901,-0.1513337145,0.001000002027,0.0005006752908,0.000287681818
17354258,-0.03850000165,0.04813768218,-0.1513337096,0.001000005752,0.0005006603897,0.000287681818
17354352,-0.03149995084,0.04813769025,-0.1513337046,0.001000080258,0.0005006752908,0.0002876371145
17354356,-0.03049995719,0.04813777966,-0.1513337617,0.001000078395,0.0005008094013,0.0002876073122
16831868,0.1399762362,0.004317426961,-0.04457281753,0.0001188218594,0.0009328951128,0.001011192799
16832267,0.1379755527,0.007564641442,-0.04943945333,0.0001222193241,0.0009971410036,0.001019772142
17880906,-0.1400261551,0.02565564699,-0.08140199035,0.0001307725906,0.001079268754,0.00100684166
17880909,-0.1416068127,0.02668847019,-0.08541488275,0.001075685024,0.0007822550833,0.001059360802
17357249,-0.04350000123,0.04813768528,-0.1513337096,0.001000009477,0.0005006454885,0.0002876520157
17357251,-0.04250000045,0.04813768404,-0.151333712,0.001000009477,0.0005006492138,0.0002876669168
17357255,-0.03549999744,0.0481376679,-0.1513337046,0.001000013202,0.000500626862,0.0002876520157
17357257,-0.03449999231,0.04813766666,-0.1513337021,0.001000028104,0.0005006343126,0.0002876520157
17357262,-0.03650000008,0.04813767038,-0.1513337046,0.001000009477,0.0005006231368,0.0002876520157
17357264,-0.03750000149,0.04813767473,-0.1513337046,0.001000002027,0.0005006454885,0.0002876520157
17357679,-0.02850031294,0.0481389612,-0.1513346558,0.001000320539,0.0005026347935,0.0002881139517
17357681,-0.02950004054,0.04813809072,-0.1513339902,0.0009999983013,0.0005012750626,0.0002877116203
17883112,-0.143634814,0.02627612986,-0.07746263742,0.001101151109,0.0001193322241,0.001074783504
17883113,-0.1425614446,0.02627630793,-0.07641560882,0.001050874591,0.0001184418797,0.001024514437
8708769,0.1722268224,0.05548684672,0.09359712452,0.0001340657473,0.001078601927,0.001002304256
17360100,-0.04850002999,0.0481377362,-0.1513337319,0.001000057906,0.0005007535219,0.000287681818
17360103,-0.04950005064,0.04813774178,-0.1513337294,0.001000087708,0.0005007646978,0.0002876669168
17360218,-0.04750001617,0.04813772688,-0.1513337319,0.001000039279,0.0005007497966,0.000287681818
17360223,-0.04650000855,0.0481377126,-0.1513337245,0.001000024378,0.0005007125437,0.000287681818
17360711,-0.04450000202,0.04813769025,-0.151333712,0.001000016928,0.0005006492138,0.0002876520157
17360713,-0.04550000466,0.04813769894,-0.151333717,0.001000020653,0.0005006827414,0.0002876669168
16836441,0.1379755408,0.006547500473,-0.0374405399,0.0001222789288,0.001009410713,0.00102153793
8972957,0.07829604149,0.04141443372,0.140985328,0.000509493053,0.0003706030548,5.841255188e-05
8972978,0.07624048293,0.0414079085,0.1418525219,4.331767559e-05,0.0003548189998,0.000446125865
8710877,0.1722091824,0.04044886902,0.03160449266,0.0001324862242,0.001052547246,0.001154948026
17886404,-0.05643552989,0.04467322603,-0.1515521079,0.001036655158,0.001056779176,0.001120477915
17886430,-0.05540709645,0.04359932765,-0.1526225239,0.001020997763,0.001098707318,0.001173764467
4517510,-0.07627170384,0.04918624088,0.1432999462,0.0004862248898,6.88508153e-05,0.000500023365
18151814,-0.1722159982,0.03962504044,0.03740729243,9.159743786e-05,0.001083802432,0.001013170928
18152072,-0.1722208321,0.04046262503,0.03842075989,0.0001365691423,0.001158859581,0.00103456527
18152093,-0.1722236156,0.04048258513,0.04263472334,0.0001211464405,0.001051388681,0.0009903162718
17890061,0.007448991947,0.05269995257,-0.1435220569,0.001054862514,0.001019988209,0.001086190343
17890362,0.003560426296,0.02484359841,-0.1351962835,0.001055192202,0.0007727816701,0.0009024143219
17890406,-0.007421568874,0.04351406768,-0.1368497491,0.001073901076,0.000984787941,0.0009017139673
17890411,-0.003586872388,0.04351780787,-0.1368531674,0.001046273625,0.0009903535247,0.0009064674377
17890418,0.007471752819,0.04723305032,-0.140569362,0.00101621449,0.001003190875,0.001081123948
17890420,0.003586870991,0.04351586103,-0.1368549556,0.001046274556,0.0009806528687,0.0009064525366
17890435,-0.008680349061,0.06061376631,-0.1356123686,0.001578935422,0.001246571541,0.001217663288
17890439,0.007467796654,0.05953305885,-0.1366804272,0.00103081204,0.00115231052,0.00105316937
17891102,-0.01640518643,0.0714735195,-0.1346473157,0.001017624512,0.001462697983,0.001547366381
17891278,-0.001546333874,0.04683069388,-0.1571981783,0.001084952732,0.001118525863,0.001088097692
17891310,0.001546345088,0.04683069388,-0.1571981634,0.00108495052,0.001118522137,0.00108808279
17891545,0.002549524279,0.04723286033,-0.1405695051,0.0009838012047,0.001003138721,0.001080259681
17891546,-0.002553361654,0.04930835217,-0.1426349074,0.0009944471531,0.001147802919,0.001238033175
17891760,0.006572525389,0.05129308477,-0.1591373622,0.001026612241,0.001109179109,0.001034110785
17891786,0.02243723301,0.03540344629,-0.1433074232,0.0009247716516,0.001493871212,0.001353681087
17891790,0.001480411292,0.05369193542,-0.1425349241,0.0009643377271,0.001017421484,0.00109949708
17891794,0.002574912086,0.05267422944,-0.1435479373,0.001025599195,0.001048546284,0.001123532653
17891932,0.002575112507,0.02245396487,-0.1263332993,0.00102275121,0.0005582701415,0.001443237066
17892616,-0.006572523527,0.05129308626,-0.1591373652,0.001026612706,0.001109175384,0.001034095883
17892919,-0.00179833053,0.02248585899,-0.1314234603,0.0009397030808,0.001581484452,0.001682847738
17892961,0.002568915347,0.02584726661,-0.1362249315,0.00104354904,0.001096857712,0.001174390316
17892962,0.001471249969,0.02689563669,-0.1372621208,0.0009529694216,0.001023363322,0.001105099916
17893051,0.004634607397,0.02187241353,-0.1322543114,0.0009616557509,0.001128092408,0.001168265939
17893059,0.005607769545,0.0209322121,-0.131371218,0.0009859972633,0.0008653365076,0.0007881224155
17893252,-0.001478243813,0.04541425904,-0.1387544001,0.0009591937996,0.001082953066,0.001000806689
17893262,0.006417959463,0.04351608679,-0.1368550509,0.00105261011,0.0009807497263,0.0009062439203
17893267,0.002554557845,0.04444971681,-0.1377867877,0.0009980129544,0.001059081405,0.0009828954935
17893271,0.02517709392,0.03344919998,-0.1413905565,0.00107106939,0.001584444195,0.0014988482
17893298,-0.001481647487,0.05953280876,-0.1366940116,0.0009662016528,0.001093890518,0.001011967659
17893300,-0.002556245541,0.06054734737,-0.1356739134,0.0009872827213,0.001135982573,0.001065894961
17893312,0.001481430799,0.05953284788,-0.1366940488,0.0009657660266,0.001093626022,0.001011952758
17893315,0.006418773066,0.06063534319,-0.135585019,0.001049019396,0.001231327653,0.001155033708
8980439,0.1460781455,0.04121090323,0.1501965225,0.0003659129143,5.453079939e-05,0.000498354435
8980441,0.1462788582,0.0402461268,0.1512880802,8.563697338e-05,0.0006815753877,0.000537365675
16058417,0.06450002144,0.04813821552,-0.1513340125,0.001000128686,0.0005025193095,0.0002882480621
16058421,0.06550005202,0.04813879356,-0.1513342063,0.001000277698,0.0005046278238,0.0002883672714
16058426,0.07150054102,0.04814170673,-0.1513361583,0.001001410186,0.0005125887692,0.0002924203873
16058431,0.07949996988,0.04813785913,-0.151333866,0.001000031829,0.0005011111498,0.0002880096436
16058434,0.07850000014,0.0481378908,-0.1513338611,0.001000002027,0.0005011819303,0.0002879798412
16058440,0.07250044371,0.04814020296,-0.1513354108,0.001001000404,0.0005090497434,0.0002911686897
16058441,0.0735002843,0.04813900838,-0.1513347303,0.001000605524,0.000504873693,0.000290453434
17893541,-0.00257547386,0.02245235033,-0.1263284594,0.001018797979,0.0005577523261,0.001442447305
16058533,0.08049993962,0.04813782498,-0.1513338735,0.001000091434,0.0005010254681,0.0002880245447
16058537,0.08149991681,0.04813779704,-0.1513338784,0.001000136137,0.0005009099841,0.0002880245447
16058542,0.0874998942,0.04813779208,-0.1513337642,0.00100017339,0.0005008503795,0.0002877116203
16058544,0.0864998959,0.04813779766,-0.1513337841,0.001000158489,0.0005008466542,0.0002877414227
16058547,0.09549999858,0.04813770329,-0.1513337269,0.001000009477,0.0005006939173,0.0002876967192
16058550,0.09449999531,0.04813770453,-0.1513337245,0.001000024378,0.0005006864667,0.000287681818
16058556,0.08849990368,0.04813777655,-0.1513337493,0.001000165939,0.0005008503795,0.000287681818
16058557,0.08949992557,0.04813775544,-0.1513337369,0.001000128686,0.0005008094013,0.0002876669168
16058656,0.09649999936,0.04813769894,-0.1513337245,0.001000009477,0.0005006939173,0.0002876967192
16058660,0.09750000015,0.04813768963,-0.151333717,0.001000009477,0.0005006715655,0.000287681818
16058665,0.1035000011,0.04813768839,-0.1513337145,0.001000002027,0.0005006715655,0.000287681818
16058667,0.1024999991,0.04813768342,-0.151333712,0.001000002027,0.0005006566644,0.000287681818
16058670,0.1114999379,0.0481381348,-0.1513340051,0.001000039279,0.0005014240742,0.000287681818
16058673,0.1105000265,0.04813780201,-0.1513337766,0.001000054181,0.0005008392036,0.0002876222134
16058679,0.1045000019,0.04813768777,-0.1513337145,0.001000002027,0.0005006715655,0.000287681818
16058680,0.1055000039,0.04813768156,-0.151333712,0.001000016928,0.0005006566644,0.000287681818
17893842,-0.006179666962,0.05139824888,-0.1191992052,0.001269089524,0.001574020833,0.001482777297
17893858,0.006170932378,0.05140494648,-0.1192041729,0.001257344615,0.001564748585,0.001481428742
11341780,-0.1423878253,0.0388982676,0.04246606752,0.001018792391,0.0002135485411,0.001046534628
4003200,-0.1124166672,0.05739783806,0.2283584724,0.000999994576,0.0001246295869,0.000877648592
17374641,-0.05150010064,0.04813775855,-0.1513337344,0.001000169665,0.0005007833242,0.0002876520157
17374643,-0.05050007689,0.04813774923,-0.1513337294,0.001000136137,0.0005007721484,0.0002876520157
16589047,0.1306044072,0.0444857493,-0.1377359927,0.001021981239,0.001092657447,0.001076430082
4530459,-0.07668892294,0.04918682873,0.1423024595,0.0005715638399,6.65448606e-05,0.0005096197128
16852024,0.1379798412,0.0784510076,-0.03357370943,0.0001007765532,0.0009609460831,0.0009110271931
16065988,0.06350000824,0.0481379771,-0.1513339331,0.001000054181,0.0005015097558,0.0002881884575
16065992,0.06250000435,0.04813786534,-0.1513339306,0.001000020653,0.0005012117326,0.000288233161
17903047,-0.1459681988,0.01752113514,-0.0193589773,0.0001266747713,0.001250989735,0.001116089523
17903096,-0.1459482789,0.01626951303,-0.02048319131,0.000132188201,0.00126463268,0.001110857353
17903107,-0.145974949,0.02342476845,-0.01935505643,0.0001234710217,0.00109865889,0.001111382619
17903122,-0.1400241792,0.01960401237,-0.02159997448,0.000120818615,0.001004219055,0.001000056043
17903124,-0.1400226712,0.01860093847,-0.02359999903,0.0001133233309,0.00100136362,0.001000003889
17903139,-0.1459690541,0.02454400435,-0.02046894319,0.0001399964094,0.001113170758,0.001107528806
17903141,-0.1459741443,0.02565013058,-0.0215780139,0.0001237243414,0.001096975058,0.00109042041
8990676,0.1462846369,0.0402465187,0.1910715848,5.678832531e-05,0.000681579113,0.0003468394279
8994774,0.1514999941,0.0398096852,0.1294999942,0.001000002027,3.761053085e-05,0.001000002027
8994779,0.1504999995,0.0398096852,0.1294999942,0.0009999871254,3.761053085e-05,0.001000002027
8994784,0.1524999961,0.03980968473,0.1294999942,0.001000002027,3.761425614e-05,0.001000002027
8994789,0.1534999982,0.0398096838,0.1294999942,0.001000002027,3.761425614e-05,0.001000002027
8994794,0.1604999974,0.03980968241,0.1355000027,0.001000002027,3.761425614e-05,0.001000002027
8994799,0.1594999954,0.03980968334,0.1354999989,0.001000002027,3.761425614e-05,0.0009999871254
8994804,0.1594999954,0.03980968334,0.1364999935,0.001000002027,3.761425614e-05,0.001000002027
8994809,0.1604999974,0.03980968241,0.1364999972,0.001000002027,3.761425614e-05,0.001000002027
8994814,0.1555000022,0.03980968334,0.1325000003,0.001000002027,3.761425614e-05,0.001000002027
8994819,0.1565000042,0.03980968334,0.1314999983,0.001000002027,3.761425614e-05,0.001000002027
8994824,0.1555000022,0.03980968334,0.1314999983,0.001000002027,3.761425614e-05,0.001000002027
8994829,0.1594999954,0.03980968241,0.1325000003,0.001000002027,3.761425614e-05,0.001000002027
8994834,0.1565000042,0.03980968334,0.1325000003,0.001000002027,3.761425614e-05,0.001000002027
8994839,0.1604999974,0.03980968194,0.1345000044,0.001000002027,3.761425614e-05,0.001000002027
8994844,0.1594999954,0.03980968287,0.1345000044,0.001000002027,3.761425614e-05,0.001000002027
8994849,0.1585000008,0.03980968334,0.1345000044,0.0009999871254,3.761425614e-05,0.001000002027
8994854,0.1594999954,0.03980968334,0.1374999955,0.001000002027,3.761425614e-05,0.001000002027
8994859,0.1614999995,0.03980968148,0.136500001,0.001000002027,3.761053085e-05,0.0009999871254
8994864,0.1604999974,0.03980968241,0.1374999955,0.001000002027,3.761425614e-05,0.001000002027
8994869,0.1614999995,0.03980968148,0.1374999955,0.001000002027,3.761053085e-05,0.001000002027
8994874,0.1555000022,0.03980968334,0.1345000044,0.001000002027,3.761425614e-05,0.001000002027
8994879,0.1555000022,0.03980968334,0.1335000023,0.001000002027,3.761425614e-05,0.001000002027
8994884,0.1585000008,0.03980968334,0.1314999983,0.0009999871254,3.761425614e-05,0.001000002027
8994889,0.1585000008,0.03980968287,0.1304999962,0.0009999871254,3.761425614e-05,0.001000002027
1917002,0.1399690509,0.03661480322,0.03142839521,0.0001266896725,0.001225154847,0.001026650891
8994894,0.1565000042,0.03980968334,0.1304999962,0.001000002027,3.761425614e-05,0.001000002027
8994899,0.1575000063,0.03980968334,0.1314999983,0.001000002027,3.761425614e-05,0.001000002027
8994904,0.1575000063,0.03980968334,0.1304999962,0.001000002027,3.761425614e-05,0.001000002027
8994909,0.1524999961,0.0398096852,0.1304999962,0.001000002027,3.761053085e-05,0.001000002027
8994914,0.1534999982,0.03980968427,0.1304999962,0.001000002027,3.761425614e-05,0.001000002027
8994919,0.1545000002,0.03980968334,0.1314999983,0.001000002027,3.761425614e-05,0.001000002027
8994924,0.1555000022,0.03980968334,0.1304999962,0.001000002027,3.761425614e-05,0.001000002027
8994929,0.1545000002,0.03980968334,0.1304999962,0.001000002027,3.761425614e-05,0.001000002027
8994934,0.1565000042,0.03980968334,0.1345000044,0.001000002027,3.761425614e-05,0.001000002027
8994939,0.1575000063,0.03980968334,0.1345000044,0.001000002027,3.761425614e-05,0.001000002027
8994944,0.1594999954,0.03980968241,0.1335000023,0.001000002027,3.761425614e-05,0.001000002027
8994949,0.1585000008,0.03980968334,0.1325000003,0.0009999871254,3.761425614e-05,0.001000002027
8994954,0.1585000008,0.03980968334,0.1335000023,0.0009999871254,3.761425614e-05,0.001000002027
8994959,0.1565000042,0.03980968334,0.1335000023,0.001000002027,3.761425614e-05,0.001000002027
8994964,0.1575000063,0.03980968334,0.1325000003,0.001000002027,3.761425614e-05,0.001000002027
8994969,0.1575000063,0.03980968334,0.1335000023,0.001000002027,3.761425614e-05,0.001000002027
8994974,0.1604999974,0.03980968241,0.1384999976,0.001000002027,3.761425614e-05,0.001000002027
8994979,0.1614999995,0.03980968148,0.1384999976,0.001000002027,3.761053085e-05,0.001000002027
8994984,0.1625000089,0.03980968148,0.1394999996,0.001000016928,3.761053085e-05,0.001000002027
8994989,0.1625000089,0.03980968148,0.1384999976,0.001000016928,3.761053085e-05,0.001000002027
17908748,-0.1416370511,0.08238424659,0.01751039885,0.001049935818,0.0002167522907,0.0009647551924
16862149,0.1381083935,0.03267967477,-0.09114902616,0.0002412945032,0.001224089414,0.00116275996
17911139,-0.1840254486,0.08054614067,0.01641028374,0.0001313686371,0.001079231501,0.001013649628
1920359,0.1399751574,0.03838297427,0.03475040495,0.0001212209463,0.001380108297,0.001062821597
1920360,0.1399665922,0.03704204336,0.03368598223,0.000160112977,0.001414000988,0.001064945012
17912990,0.06359999925,0.04964440018,-0.1600105405,0.001000002027,0.0006832890213,0.0006209313869
17913320,0.06560001671,0.05040877461,-0.1600120395,0.00100004673,0.0006675422192,0.0006146430969
17914619,0.07540002912,0.0504088074,-0.1600120127,0.001000016928,0.0006676241755,0.0006146430969
17914824,0.07669906504,0.03352947626,-0.1383262873,0.001201890409,0.001721717417,0.001700699329
16080852,0.06650011241,0.04813977641,-0.151334616,0.001000441611,0.0005077086389,0.0002890229225
16080863,0.07650004576,0.04813797461,-0.1513338933,0.001000083983,0.0005014501512,0.0002880841494
16080865,0.07750002295,0.04813792308,-0.1513338635,0.001000024378,0.0005012713373,0.0002879649401
16080870,0.07550008471,0.04813809693,-0.1513339877,0.00100017339,0.0005018860102,0.0002884119749
16080872,0.07450015719,0.04813840178,-0.1513342286,0.001000329852,0.0005029737949,0.0002890974283
16081365,0.08349990348,0.04813778276,-0.1513338536,0.001000158489,0.0005007833242,0.0002879500389
16081367,0.08249990518,0.04813778276,-0.151333871,0.001000158489,0.0005008205771,0.0002880096436
16081372,0.08449990427,0.04813778959,-0.1513338313,0.001000151038,0.0005007982254,0.0002878755331
16081374,0.08549990132,0.0481377958,-0.1513338064,0.001000151038,0.000500831753,0.0002878010273
16081378,0.09249998505,0.04813771136,-0.1513337269,0.001000039279,0.0005006976426,0.0002876669168
16081380,0.0934999908,0.04813770577,-0.1513337269,0.001000024378,0.0005006827414,0.0002876669168
16081385,0.09149997185,0.0481377213,-0.1513337269,0.001000061631,0.000500716269,0.0002876520157
16081387,0.09049995119,0.04813773558,-0.1513337294,0.001000091434,0.0005007646978,0.0002876520157
16081836,0.09949999924,0.04813767659,-0.151333712,0.001000002027,0.000500626862,0.0002876669168
16081838,0.09849999969,0.04813768094,-0.1513337145,0.001000002027,0.0005006492138,0.0002876669168
16081843,0.1005,0.04813767535,-0.1513337096,0.001000009477,0.000500626862,0.0002876669168
16081845,0.1014999996,0.04813767783,-0.1513337096,0.001000002027,0.0005006417632,0.0002876669168
16081849,0.1085000311,0.0481376679,-0.1513336947,0.001000054181,0.0005006082356,0.0002876371145
16081851,0.1095000406,0.04813769336,-0.1513337071,0.001000061631,0.0005006603897,0.0002876222134
16081856,0.1075000192,0.04813766728,-0.1513336996,0.001000039279,0.0005006082356,0.0002876520157
16081858,0.1065000097,0.04813767349,-0.1513337071,0.001000024378,0.0005006343126,0.0002876669168
17392618,-0.1104997123,0.04813849491,-0.1513343304,0.0010003075,0.0005018524826,0.000288054347
17392623,-0.1045000069,0.04813767845,-0.151333712,0.001000016928,0.0005006715655,0.000287681818
17392625,-0.1055000139,0.04813766914,-0.1513337021,0.001000039279,0.0005006529391,0.0002876669168
17392628,-0.09649999936,0.04813769336,-0.1513337195,0.001000009477,0.0005006976426,0.000287681818
17392631,-0.09750000015,0.04813768404,-0.151333717,0.001000009477,0.0005006752908,0.000287681818
17392637,-0.1035000024,0.04813768094,-0.1513337145,0.001000009477,0.0005006715655,0.000287681818
17392638,-0.1024999991,0.04813767659,-0.151333712,0.001000002027,0.0005006603897,0.000287681818
17392737,-0.09549999858,0.04813769832,-0.151333722,0.001000009477,0.0005006976426,0.000287681818
17392741,-0.09449999531,0.04813769956,-0.1513337245,0.001000024378,0.000500690192,0.000287681818
17392746,-0.08849990368,0.04813777159,-0.1513337443,0.001000165939,0.0005008541048,0.0002876669168
17392748,-0.08949992557,0.04813775048,-0.1513337344,0.001000128686,0.0005008131266,0.0002876669168
17392751,-0.0804999421,0.04813782498,-0.1513338685,0.001000083983,0.0005010291934,0.0002880394459
17392754,-0.08149991681,0.04813779518,-0.1513338735,0.001000136137,0.0005009137094,0.0002880245447
17392760,-0.08749989296,0.04813778711,-0.1513337592,0.00100017339,0.0005008541048,0.0002876967192
17392761,-0.08649989466,0.04813779332,-0.1513337791,0.001000158489,0.0005008503795,0.0002877265215
17917096,0.03541647953,0.03187308771,-0.1422469964,0.001231580973,0.001147866249,0.001038447022
17392836,-0.07949997236,0.04813785727,-0.1513338586,0.001000039279,0.0005011111498,0.0002880245447
17392840,-0.07850000014,0.04813788707,-0.1513338536,0.001000002027,0.0005011893809,0.0002879947424
17917130,0.03681779141,0.03440997656,-0.1432550512,0.001098759472,0.00143256411,0.001456871629
17392845,-0.07250044619,0.04814011169,-0.1513354257,0.001001007855,0.0005088821054,0.0002912431955
17392847,-0.07350028555,0.0481389525,-0.1513347626,0.001000605524,0.0005047768354,0.000290542841
17392852,-0.07150054475,0.04814158256,-0.151336131,0.001001410186,0.0005123279989,0.0002925246954
17917397,0.0235789232,0.0494906269,-0.1527257502,0.001024309546,0.00106651336,0.0009875893593
17917545,0.0235920608,0.05312675014,-0.1563656777,0.001023281366,0.000756368041,0.0008200258017
17917577,-0.01152230855,0.1154679298,-0.0906511575,0.00103741698,0.001105673611,0.001017592847
17917585,0.003584254114,0.1186620772,-0.07629940361,0.00104790763,0.0011651963,0.001080721617
17917600,0.007461724244,0.1317377687,-0.06109582558,0.001005548052,0.001133203506,0.001037307084
17917602,0.004564596619,0.1483503491,-0.0606683068,0.001068229787,0.001110553741,0.001191947609
17917760,-0.004595280904,0.1086769372,-0.06846696436,0.001023360528,0.001084826887,0.0001136735082
17917761,-0.007405012008,0.1086213067,-0.06846539676,0.001032586209,0.001026459038,0.0001085475087
17917767,0.004595280252,0.1086769402,-0.06846697181,0.001023363322,0.001084834337,0.0001136735082
17917768,0.00740501238,0.1086213097,-0.06846540421,0.001032587141,0.001026466489,0.0001085475087
17917774,-0.003584254486,0.1186620831,-0.07629940212,0.001047906699,0.00116520375,0.001080721617
17917783,0.008511373308,0.1186301261,-0.0762607567,0.001060472801,0.001193881035,0.001151829958
17917814,-0.007461722381,0.1317377627,-0.06109582409,0.001005547121,0.001133188605,0.001037303358
17917957,0.001523434495,0.1022777682,-0.0376485729,0.001165126567,0.001666672528,0.000519733876
17917977,0.006423071306,0.1143891007,-0.0564412497,0.001063535456,0.0012498945,0.001179415733
11102244,-0.1379702806,0.0315971341,-0.09058087319,0.0001732558012,0.001014890149,0.002636857331
17918268,-0.01748227763,0.117766949,-0.08835685377,0.001004429534,0.001488015056,0.001399002969
17918336,-0.007476307172,0.1257049114,-0.07050905079,0.001017994713,0.001005977392,0.001107990742
17918371,-0.006422962435,0.1143891022,-0.05644123331,0.001063275617,0.001249909401,0.001179434359
17918374,-0.008523274368,0.1259238472,-0.0552719819,0.000985827297,0.001019716263,0.00111015141
17918386,0.008532537613,0.1307438885,-0.0600907517,0.0009382069111,0.001087710261,0.001003492624
17918403,-0.001523433486,0.1022777731,-0.03764857103,0.001165124006,0.001666679978,0.0005197301507
17918532,0.001468543681,0.1307438637,-0.06009077902,0.0009403321892,0.001087874174,0.00100351125
6908528,0.1476988383,0.03792032413,0.0004511954558,0.0007001161575,0.0006512105465,0.0004563163529
17918750,-0.01839155331,0.1101878762,-0.1002456963,0.001011941582,0.001276820898,0.001186296344
17918876,-0.003594140755,0.1096413016,-0.06846843511,0.001003555721,0.0009440854192,0.0001229345798
17918878,-0.002597498847,0.1107499868,-0.06872755885,0.001005904051,0.001284509897,0.0005609989166
17918879,0.003594141128,0.1096413031,-0.06846844554,0.001003555721,0.0009440854192,0.0001229271293
17918889,-0.002445024122,0.1405407424,-0.06632047253,0.001425113645,0.001461774111,0.001720584929
17918903,-0.002539840923,0.1317378551,-0.06109591052,0.001004502526,0.001133367419,0.001037463546
17918964,0.001574511271,0.1223456835,-0.03465412805,0.001151852543,0.001175515354,0.001280911267
17919303,-0.0135906741,0.117496103,-0.08862611353,0.001021040604,0.001062601805,0.0009800866246
4025692,-0.1705296457,0.05252250358,0.2302675039,0.001014217734,0.001463592052,0.0004188865423
4025694,-0.1704924226,0.05537562296,0.2294167519,0.001113772392,0.001599613577,0.0005734860897
17919328,-0.008511376722,0.1186301336,-0.07626075546,0.001060476527,0.001193881035,0.001151829958
17919429,0.00358052142,0.1328018278,-0.06215151101,0.001057260204,0.001163750887,0.001086436212
4025870,-0.1696782589,0.03878339678,0.216472435,0.001469761133,0.0005879178643,0.001275464892
4025879,-0.1694578439,0.05736478269,0.2243951708,0.00103251636,0.0001222081482,0.0009987056255
4025882,-0.1705339342,0.03963827565,0.2144499034,0.001078233123,0.0004733502865,0.00144778192
4025920,-0.1694307655,0.03878818005,0.2202387899,0.001077100635,0.0008224397898,0.00143250823
4025922,-0.1705041587,0.03956566229,0.2215397835,0.001042515039,0.0007549524307,0.00131906569
4025991,-0.1674102515,0.05738284141,0.2263710588,0.00101301074,0.0001209154725,0.000970184803
4026031,-0.1514082015,0.05739300475,0.2273437679,0.001019209623,0.0001267232001,0.0009446293116
8482503,0.1506082714,0.03807644248,2.3437965e-05,0.001008972526,0.002117343247,0.0002090570415
8482511,0.1704204381,0.03807135522,3.003219602e-05,0.001084119081,0.002182532102,0.0001502007317
8482770,0.1564719975,0.02829998235,0.1148836787,0.0009538084269,0.001020677388,0.001069352031
4026507,-0.1544260412,0.04624120146,0.2321363866,0.000979334116,0.001029472798,0.0003039836884
17920178,-0.01852282913,0.1081293275,-0.102297727,0.0009666793048,0.001019261777,0.00110398978
17920224,-0.01051534377,0.1054605454,-0.1006605402,0.0009608538821,0.001083143055,0.001000009477
17920479,-0.01840188093,0.1165078387,-0.08960707635,0.00101429224,0.001693286002,0.001693278551
17920701,-0.008416273631,0.1095347688,-0.06846376508,0.0009746346623,0.000984326005,0.0001001805067
17920702,-0.001484521296,0.1117814643,-0.06941263874,0.0009954629932,0.001018479466,0.001105099916
17920717,0.00259750071,0.1107499838,-0.06872757226,0.001005901722,0.001284502447,0.0005609989166
17920730,0.008416274376,0.1095347688,-0.06846377105,0.0009746337309,0.000984326005,0.0001001805067
17920751,-0.002552513918,0.1175985754,-0.07524173856,0.0009975475259,0.001138456166,0.001041457057
17920754,-0.001477079699,0.1166019489,-0.07423353568,0.0009569694521,0.001090615988,0.001005344093
17920755,-0.001480508867,0.1246891667,-0.07153809071,0.0009642916266,0.001032069325,0.001111395657
17920756,-0.006453062408,0.1246822312,-0.07153142989,0.001052348409,0.001050159335,0.00115172565
17920768,0.001480501068,0.1246891494,-0.07153807705,0.0009642995428,0.001032069325,0.00111143291
17920769,0.002572980151,0.1236212522,-0.07260358632,0.001020483905,0.001143336296,0.00120332092
17920790,0.008451671898,0.1257129878,-0.07051425427,0.0009150411934,0.001003459096,0.001072071493
17920837,-0.006409773417,0.1327189744,-0.06350430101,0.001034542453,0.00129802525,0.001232914627
17920876,-0.001677955253,0.1394884381,-0.06627817824,0.00118884712,0.001733794808,0.001627147198
17920897,0.0085188287,0.1305633237,-0.06566739455,0.0009795324877,0.001094833016,0.001011513174
17920902,0.001677262728,0.1394860297,-0.066279619,0.001187966554,0.001726895571,0.00162936002
17920909,-0.003591496125,0.1143878594,-0.05644166917,0.001037239097,0.001247517765,0.00117675215
17920930,-0.001477617111,0.1259238596,-0.05527197632,0.0009869979694,0.001019716263,0.001110095531
17920970,0.001477599377,0.1259238571,-0.05527197942,0.0009869632777,0.001019701362,0.001110091805
17920991,-0.006419946905,0.1328017443,-0.06215144321,0.001058353577,0.001163870096,0.001086629927
8483900,0.1835199495,0.07546856999,0.09120666857,0.0009761154652,0.0002726837993,0.001432284713
17921149,0.001477079311,0.1166019427,-0.07423354064,0.0009569682879,0.001090623438,0.001005336642
17921154,0.001484526399,0.1117814568,-0.06941264495,0.0009954596171,0.001018479466,0.001105099916
17921155,-0.00845240131,0.1267111182,-0.06951124221,0.0009145354852,0.001000195742,0.001081228256
8484330,0.1525534332,0.07159581184,0.09402472973,0.001016795635,0.0009951218963,0.0001236647367
11105915,-0.01873563944,0.08947322269,-0.06658928717,0.001391170546,0.0009934827685,0.001088686287
17921699,-0.01254767422,0.1204943672,-0.03626499176,0.0009280396625,0.001208096743,0.001181840897
17921869,-0.008583856374,0.14290286,-0.05868336856,0.001042901538,0.001548036933,0.001448709518
17921872,-0.007543542236,0.1416157037,-0.05740168765,0.001065678895,0.001279607415,0.001174122095
17922054,-0.01559573151,0.1105240047,-0.0398528561,0.001014780253,0.0007995590568,0.0003094114363
17922055,-0.008411987312,0.1036769733,-0.03739225715,0.001024632715,0.0008497983217,0.000932648778
9009319,0.1514999941,0.0398096852,0.1284999996,0.001000002027,3.761053085e-05,0.0009999871254
9009354,0.1524999961,0.03980968427,0.1284999996,0.001000002027,3.761425614e-05,0.0009999871254
9009414,0.1565000042,0.03980968241,0.1275000051,0.001000002027,3.761425614e-05,0.001000002027
9009419,0.1565000042,0.03980968194,0.124499999,0.001000002027,3.761425614e-05,0.001000002027
17922318,-0.0156278519,0.1146469906,-0.03042424656,0.001096980646,0.0009663403034,0.001060623676
9009439,0.1555000022,0.03980968287,0.124499999,0.001000002027,3.761425614e-05,0.001000002027
9009444,0.1565000042,0.03980968334,0.1284999996,0.001000002027,3.761425614e-05,0.0009999871254
9009449,0.1555000022,0.03980968334,0.1284999996,0.001000002027,3.761425614e-05,0.0009999871254
17922430,-0.008532530939,0.1307438836,-0.0600907517,0.0009381994605,0.001087710261,0.001003492624
8485260,0.1484834477,0.06448497251,0.08122876162,0.000310972333,0.0009960383177,0.001466356218
8485263,0.1487369597,0.06558237821,0.08343719393,0.0002464056015,0.000964216888,0.0009752064943
17922687,-0.01125693861,0.1173693553,-0.02966493592,0.001162883826,0.0009872764349,0.0009044464678
17922723,-0.008386154845,0.1234206125,-0.05432784259,0.001031649299,0.001054473221,0.0001316331327
9009874,0.1504999995,0.03980968473,0.1284999996,0.0009999871254,3.761425614e-05,0.0009999871254
9009969,0.1585000008,0.03980968241,0.1294999942,0.0009999871254,3.761425614e-05,0.001000002027
9009974,0.1534999982,0.03980968334,0.1284999996,0.001000002027,3.761425614e-05,0.0009999871254
9009979,0.1495000049,0.0398096838,0.1284999996,0.001000002027,3.761425614e-05,0.0009999871254
9010194,0.1575000063,0.03980968241,0.1275000051,0.001000002027,3.761425614e-05,0.001000002027
9010199,0.1565000042,0.03980968101,0.126500003,0.001000002027,3.761425614e-05,0.001000002027
9010204,0.1575000063,0.03980968148,0.126500003,0.001000002027,3.761053085e-05,0.001000002027
9010209,0.1565000042,0.03980968101,0.125500001,0.001000002027,3.761425614e-05,0.001000002027
9010249,0.1555000022,0.03980968148,0.125500001,0.001000002027,3.761798143e-05,0.001000002027
9010259,0.1575000063,0.03980968334,0.1284999996,0.001000002027,3.761425614e-05,0.0009999871254
9010264,0.1565000042,0.03980968334,0.1294999942,0.001000002027,3.761425614e-05,0.001000002027
9010269,0.1575000063,0.03980968334,0.1294999942,0.001000002027,3.761425614e-05,0.001000002027
9010274,0.1545000002,0.03980968334,0.1284999996,0.001000002027,3.761425614e-05,0.0009999871254
9010279,0.1555000022,0.03980968334,0.1294999942,0.001000002027,3.761425614e-05,0.001000002027
9010284,0.1545000002,0.03980968334,0.1294999942,0.001000002027,3.761425614e-05,0.001000002027
11107546,-0.003027764941,0.09650811553,-0.03956617415,0.000138795469,0.001073881984,0.001149144024
17923498,-0.01156139895,0.1064395174,-0.03876215667,0.0009428374469,0.0008982494473,0.0003239661455
17923499,-0.01051270155,0.1056250632,-0.03545099745,0.0009814267978,0.001014620066,0.001087907702
17923502,-0.01354266554,0.1093389958,-0.03952893168,0.001070971601,0.001441448927,0.0005147866905
17923505,-0.0105239884,0.1076214177,-0.03345869109,0.0009690951556,0.001312144101,0.00131187588
17923506,-0.01060111318,0.1094391912,-0.03162370212,0.001008220017,0.001214593649,0.001300495118
8486911,0.148853007,0.07445096672,0.0844228372,0.0002471357584,0.001007266343,0.00100518018
8486913,0.1491966933,0.07343004942,0.08735788763,0.0002424567938,0.0009984746575,0.0009735971689
8486918,0.1493645966,0.07629215568,0.08250730187,0.001250714064,0.0002332553267,0.001049563289
8486929,0.1484891996,0.07569213832,0.08128021657,0.0003058463335,0.001238316298,0.00148409605
17924133,-0.008518608442,0.1305633436,-0.06566759571,0.000979620032,0.001094445586,0.001011446118
8487005,0.1495503932,0.06850585639,0.09036329538,0.0002898275852,0.001075789332,0.001470327377
17924334,-0.04753454179,0.1236440569,-0.0394128792,0.0009640306234,0.001281231642,0.001306906343
17924335,-0.04440468624,0.1236051545,-0.03937334642,0.001068700105,0.001345083117,0.001368112862
17924501,-0.04703125507,0.1255980775,-0.05540186167,0.0001536607742,0.001558341086,0.001558262855
17924502,-0.04702655971,0.1206080034,-0.05038791224,0.0001300759614,0.00145008415,0.001352537423
17924506,-0.04748442918,0.1425471455,-0.05831761137,0.0009003579617,0.001276940107,0.001276925206
17924786,-0.04496750981,0.1286086887,-0.05839123651,0.0001604557037,0.001666381955,0.001666318625
17924865,-0.04496766105,0.1246205613,-0.05437947512,0.0001591481268,0.001582950354,0.001582987607
17924869,-0.04703124315,0.1245926291,-0.05440739915,0.0001539178193,0.001573644578,0.001573741436
17924875,-0.04703052714,0.12160099,-0.05139845535,0.0001498833299,0.001551814377,0.001551810652
17924880,-0.0444786571,0.1425784588,-0.05835094973,0.0009142756462,0.001366257668,0.001366332173
17924882,-0.0449779354,0.1385971874,-0.0581825234,0.0001105926931,0.00122782588,0.001202579588
8487791,0.1824607909,0.06668500304,0.09312046617,0.0009863525629,0.00101429224,0.001062758267
8487794,0.1774011195,0.06866450459,0.09402319193,0.001001566648,0.000927194953,0.0001293420792
8487801,0.1794110179,0.06961803585,0.09402559698,0.001011550426,0.0009730383754,0.0001280009747
8487805,0.1835214247,0.06559241191,0.0912382255,0.0009718686342,0.0008094757795,0.001372545958
8487812,0.1814406276,0.07159668058,0.0940247044,0.001012697816,0.0009962245822,0.0001235380769
8487882,0.150343741,0.07546553761,0.09126384929,0.001201033592,0.0002609491348,0.0014423877
8488185,0.183407405,0.03902606815,0.08359999806,0.000991627574,0.0001303553581,0.001000002027
17925420,-0.04497514591,0.1227300361,-0.04240413457,0.000120755285,0.001167692244,0.001178655773
8488343,0.1824325383,0.03902562484,0.08059999943,0.0009597241879,0.0001281313598,0.001000002027
6653409,0.001442905306,0.02443637811,0.2320243835,0.001078179688,0.001098401845,0.0001219660044
8488575,0.1784897357,0.03233163208,0.1194767296,0.0009726881981,0.0009268000722,0.001157015562
8488581,0.1799787611,0.03535914198,0.118512328,0.0001063197851,0.001083936542,0.001103311777
8488583,0.1799775422,0.03640629128,0.1174262196,0.0001122504473,0.0009995400906,0.001057565212
8488637,0.1795309583,0.0314541099,0.1184852173,0.0009417980909,0.0008785892278,0.001091942191
8488780,0.1794254035,0.02602405809,0.109430705,0.0009668916464,0.0001202505082,0.001079902053
6653808,-0.001442692138,0.02443637475,0.2320243686,0.001077801513,0.001098394394,0.000121936202
6653833,0.003579937294,0.001262124605,0.2320241988,0.001041937852,0.001121761859,0.0001210272312
6653834,0.001442986482,0.003563666297,0.2320248872,0.001078643894,0.001101302914,0.0001244693995
6653837,0.002520999056,0.002422162262,0.232029286,0.001075255685,0.001177388593,0.0001464635134
11372723,-0.1403341502,0.03868294805,0.04143280238,0.001065447927,0.0002050697803,0.001059677452
11110588,-0.003023411427,0.09549598694,-0.03837569207,0.0001170353498,0.001115106046,0.001364540309
11110634,-0.003025601432,0.09763556421,-0.04077299088,0.0001263353042,0.001211456954,0.001324784011
6654374,0.004589257576,0.02673938498,0.2320254922,0.001019338612,0.001108175144,0.0001274943352
6654378,0.002519039693,0.02557242066,0.2320257753,0.001071622013,0.001169255003,0.0001295357943
17926861,-0.1274817824,0.1154951751,-0.02781321965,0.001166447997,0.001013472676,0.0009797737002
17927156,-0.139531826,0.1307438314,-0.06009080944,0.0009395629168,0.001088067889,0.001003507525
17927161,-0.1363982439,0.1483565122,-0.06067487001,0.001075714827,0.00108756125,0.001169282943
8490078,0.1794346929,0.02602412626,0.09060000032,0.000949844718,0.0001206099987,0.000999994576
6655088,-0.00144287087,0.003563682269,0.2320248842,0.001078526257,0.001101262867,0.0001244544983
6655089,-0.003580009285,0.001262132137,0.2320241988,0.001041922718,0.001121765818,0.0001210272312
6655092,-0.002521011536,0.002422192134,0.232029286,0.001075452892,0.001177416649,0.0001464635134
17927437,-0.1395155787,0.1117819287,-0.06941215694,0.0009953081608,0.001018486917,0.001102149487
17927445,-0.1395197312,0.1246888364,-0.07153773556,0.000963896513,0.00103200227,0.001113347709
8490614,0.1704852313,0.03626839891,0.1239628613,0.001147866249,0.0008708499372,0.001072138548
6655657,-0.002518756757,0.02557240203,0.2320257634,0.001071824692,0.001169240102,0.0001295357943
6655669,-0.004589246307,0.02673936449,0.2320254833,0.001019425225,0.001108216122,0.0001275092363
8490857,0.1443434238,0.08032301664,0.03951229602,0.001267358661,0.0002339631319,0.001052346081
4820895,-0.04659999907,0.02802467979,0.2307388723,0.0009999983013,0.0001234095544,0.001103773713
17928259,-0.1400234282,0.1195531949,-0.03664640486,0.0001190006733,0.001233510673,0.001234073192
17928262,-0.1395182858,0.1244206863,-0.0367399808,0.0009764134884,0.001099549234,0.001014664769
17928531,-0.1314670742,0.1307438488,-0.06009078585,0.0009374767542,0.001087918878,0.001003496349
17928672,-0.1374102414,0.1143892333,-0.05644325763,0.001038432121,0.001254759729,0.00117668137
17928677,-0.09396839589,0.1287016094,-0.05829839781,0.0001544356346,0.001610144973,0.001610219479
17928679,-0.09396859556,0.1276567906,-0.05734328851,0.0001542270184,0.001630067825,0.00163026154
6656539,0.09740000069,0.0280166883,0.2266003668,0.000999994576,8.342415094e-05,0.001001849771
6656564,0.09640000165,0.02802247293,0.230738771,0.001000002027,0.000112336129,0.001103773713
6656567,0.09740000069,0.02802118845,0.2296193779,0.000999994576,0.00010590069,0.001128077507
17928790,-0.1284244329,0.1176514938,-0.08847042918,0.001078173518,0.001538477838,0.001456744969
17928911,-0.09396871626,0.1255951315,-0.05540482551,0.0001541748643,0.001597419381,0.001597262919
17928912,-0.09396879822,0.1266061604,-0.05639386624,0.000154286623,0.001651763916,0.001651797444
6656729,0.04659999907,0.02802468576,0.2307388723,0.0009999983013,0.0001234095544,0.001103773713
17928929,-0.1354356021,0.1426104844,-0.05838347226,0.0009353160858,0.001507788897,0.001507945359
11113492,-0.01458298396,0.1126476303,-0.04340764955,0.001050484367,0.001292817295,0.00120196864
17929315,-0.1264110327,0.1107253611,-0.03966758177,0.001032024622,0.00126259774,0.0002792365849
17929409,-0.1036100402,0.1107170179,-0.03965909779,0.001023858786,0.001269668341,0.0002704560757
11114016,-0.01156286728,0.1054227427,-0.04032426998,0.0009530913085,0.001399882138,0.000366602093
11114018,-0.0135940725,0.1091028422,-0.04130403847,0.001040143892,0.0008247420192,0.0002162195742
11114388,-0.04541679323,0.1096036121,-0.04645659029,0.00103604421,0.001065187156,0.001143008471
11114415,-0.04065912217,0.1053950116,-0.05067482963,0.001092512161,0.001088112593,0.001182164997
17930227,-0.1314803188,0.1305647666,-0.06566906969,0.0009785443544,0.001095101237,0.00101069361
8493088,0.1804051906,0.06397677511,0.0245701991,0.001017659903,0.0001161023974,0.0009567588568
17930624,-0.1304780518,0.1075981644,-0.03348315507,0.0009537488222,0.001310445368,0.00131020695
11114905,-0.1364917189,0.08738381565,-0.06358384937,0.0009638518095,0.001080878079,0.001000009477
17930800,-0.1303988457,0.1094379365,-0.03162491173,0.001008138061,0.001218810678,0.001305067912
11115163,-0.09559999257,0.1126491591,-0.04340828434,0.001000024378,0.001288369298,0.001198451966
17930920,-0.1215981185,0.1165077835,-0.08960700631,0.00101429224,0.001693308353,0.00169326365
17930922,-0.1225177211,0.1177664697,-0.08835644647,0.001004427671,0.001490525901,0.00139888376
11115204,-0.1284837842,0.08762791306,-0.06843051314,0.0009681582451,0.001002065837,0.001082874835
17931071,-0.1374167174,0.1186623037,-0.07629977614,0.001048609614,0.001165054739,0.001080349088
17931319,-0.09602908641,0.129620114,-0.05937992856,0.0001444816589,0.001823529601,0.001823395491
17931340,-0.1384644449,0.1472898036,-0.05960592702,0.001146450639,0.001066058874,0.001161191612
17931352,-0.1394937585,0.1462722967,-0.05859206431,0.001002818346,0.001055881381,0.001136180013
8494337,0.1446593851,0.07870967388,0.04856057614,0.0002344101667,0.001284219325,0.000995054841
8494559,0.151615563,0.03733618036,0.0008320899278,0.001018360257,0.001015324146,0.001415105734
17931905,-0.1294847012,0.0986594677,-0.1074594289,0.0009608119726,0.001000024378,0.001088611782
17932009,-0.1214771705,0.1081293325,-0.1022977283,0.0009666755795,0.001019261777,0.00110398978
8494940,0.1694150418,0.03734805956,0.0008711238953,0.001042693853,0.00102955848,0.001473001552
11116468,-0.1379722416,0.09763668478,-0.04077498019,0.0001352578402,0.001210398972,0.001324534416
10592422,-0.1379755408,0.006547493767,-0.0374405399,0.0001222789288,0.001009414904,0.00102153793
8495297,0.1766069829,0.03902257383,0.02555047907,0.001003280282,0.0001128651202,0.0009893216193
17932676,-0.1384025931,0.1107514724,-0.06872252375,0.001006498933,0.001287773252,0.0005359053612
17932677,-0.1345934153,0.1107665166,-0.06873227805,0.001014366746,0.001278586686,0.0005490034819
17932679,-0.1335658371,0.1118264928,-0.06947011054,0.001046285033,0.00094152987,0.001045644283
17932698,-0.1400300175,0.1234115243,-0.07443563193,0.0001501739025,0.001312628388,0.001257382333
17932699,-0.1400252759,0.121602048,-0.0755994603,0.000126183033,0.0009965598583,0.00100941956
17932787,-0.1395186558,0.1305323367,-0.06569358831,0.0009654909372,0.001098498702,0.001013204455
17408499,-0.1085000286,0.04813771012,-0.1513337195,0.00100004673,0.0005006939173,0.000287592411
17408501,-0.1094999512,0.0481379088,-0.151333866,0.001000009477,0.0005010068417,0.000287681818
17408506,-0.1075000366,0.04813765983,-0.1513336897,0.001000061631,0.0005006156862,0.0002876222134
17408508,-0.1065000258,0.04813765797,-0.1513336922,0.001000061631,0.0005006305873,0.0002876371145
17932797,-0.133588773,0.132717678,-0.0635025382,0.001035571098,0.001305222511,0.001232869923
17408512,-0.09949999924,0.04813767038,-0.1513337046,0.001000002027,0.0005006305873,0.0002876520157
17408514,-0.09849999969,0.04813767473,-0.1513337096,0.001000002027,0.0005006529391,0.0002876669168
17408519,-0.1005,0.04813766914,-0.1513337046,0.001000009477,0.0005006305873,0.0002876520157
17408521,-0.1014999996,0.04813767038,-0.1513337071,0.001000002027,0.0005006417632,0.0002876669168
8495818,0.1434581876,0.07971272121,0.03828608493,0.0003066658974,0.001254707575,0.001485221088
11117342,-0.1379798412,0.07845101207,-0.03357369229,0.0001007765532,0.0009609535336,0.000911001116
17408970,-0.09249998505,0.04813770639,-0.1513337245,0.001000039279,0.0005007013679,0.0002876669168
17408972,-0.0934999908,0.04813770081,-0.1513337245,0.001000024378,0.0005006864667,0.0002876669168
17408977,-0.09149997185,0.04813771633,-0.1513337245,0.001000061631,0.0005007199943,0.0002876520157
17408979,-0.09049995119,0.04813773061,-0.1513337269,0.001000091434,0.0005007684231,0.0002876520157
17408983,-0.08349990224,0.04813777966,-0.1513338536,0.001000165939,0.0005007870495,0.0002879500389
17408985,-0.08249990394,0.04813777966,-0.1513338685,0.001000158489,0.0005008243024,0.0002880096436
17408990,-0.08449990302,0.04813778649,-0.1513338313,0.001000151038,0.0005007982254,0.0002878755331
17408992,-0.08549990008,0.04813779208,-0.1513338039,0.001000151038,0.0005008354783,0.0002878010273
11117617,-0.1379764825,0.0954961285,-0.03837587535,0.0001175999641,0.001114942133,0.001365050673
17933419,-0.1335798085,0.1143896714,-0.05644314811,0.001055195928,0.001255132258,0.001177996397
17933458,-0.1316140234,0.1234205738,-0.05432759821,0.001031816006,0.001054346561,0.0001304335892
17933479,-0.1335778952,0.132800436,-0.062152908,0.001060068607,0.001170888543,0.001086499542
11117756,-0.1294371337,0.1054227397,-0.04032426924,0.0009530931711,0.001399874687,0.000366602093
11117758,-0.1379714787,0.09650888294,-0.03956718892,0.0001424700022,0.00107485801,0.001150459051
17409291,-0.07650004576,0.04813797151,-0.1513338859,0.001000083983,0.0005014538765,0.0002880841494
17409293,-0.07750002295,0.04813791998,-0.1513338586,0.001000024378,0.0005012713373,0.0002879798412
17409298,-0.07550008471,0.04813808824,-0.1513339827,0.00100017339,0.0005018748343,0.0002884268761
17409300,-0.07450015719,0.04813837943,-0.1513342361,0.001000329852,0.0005029477179,0.0002891421318
17933991,-0.09655376226,0.1425997972,-0.05837348029,0.0009283348918,0.001457884908,0.001458551735
17934162,-0.09343793392,0.1426097006,-0.0583821997,0.0009341165423,0.001503527164,0.001503758132
17934171,-0.09397700131,0.1374254197,-0.05932933688,0.000115416944,0.001116633415,0.001104239374
6662100,0.1395628124,0.0266992759,0.2320266336,0.001532420516,0.001182474196,0.0001345574856
8497210,0.1444989383,0.06397422403,0.02940779701,0.001111194491,0.0001318156719,0.001009406522
11118693,-0.09458332658,0.1096036255,-0.0464565739,0.001035824418,0.001065276563,0.001143068075
17934556,-0.1400259703,0.09044328034,-0.03645752147,0.0001317113638,0.001029126346,0.00109179318
8497613,0.1464953333,0.06397456229,0.04640820399,0.001113831997,0.00013025105,0.001009404659
17935325,-0.1394754276,0.10227806,-0.03765036476,0.00117084384,0.001669354737,0.0005266442895
17935359,-0.1400098056,0.104865022,-0.03889152184,0.0002373307943,0.002347819507,0.001163072884
17935387,-0.1284901738,0.1064755023,-0.0387718454,0.0009642392397,0.0008581578732,0.0003264807165
17935624,-0.1013762638,0.1105235234,-0.03985227123,0.001054771245,0.000808313489,0.0003109574318
8498637,0.1804204971,0.08381501734,-0.01071117297,0.001033857465,0.0005166754127,0.0009809536859
8498640,0.1814511567,0.08400773108,-0.009605774283,0.001027837396,0.0001579672098,0.001171254553
11120114,-0.1364919305,0.08238372952,-0.0685837388,0.0009641647339,0.001081369817,0.001000009477
11120119,-0.1364918083,0.08458381593,-0.06638379395,0.000964179635,0.001000002027,0.001081012189
11120134,-0.1295307378,0.08961415788,-0.06644762183,0.0009440630674,0.001000225544,0.001088127494
17936212,-0.1400216311,0.1182629198,-0.03793700114,0.00012396276,0.001354791224,0.001354996115
17936216,-0.1383834213,0.1233920634,-0.03569743037,0.001123309135,0.001208126545,0.001123376191
17936245,-0.1295912892,0.1233873904,-0.03916689754,0.001046434045,0.00138913095,0.001468896866
8499148,0.1835079119,0.08350627124,0.005462616061,0.000998929143,0.0001402720809,0.001475540921
17936681,-0.09340641499,0.1236312777,-0.03939875513,0.001031979918,0.001332007349,0.001346133649
11121060,-0.1344506532,0.1014017269,-0.04956769422,0.001025959849,0.001104205847,0.001027867198
11121061,-0.1295309638,0.1054473321,-0.05061398074,0.0009438693523,0.0010894835,0.001000009477
17937231,-0.1326004207,0.1094818383,-0.03157216609,0.0009992569685,0.00125387311,0.001370349899
17937255,-0.128753829,0.1173789203,-0.02966781631,0.001199871302,0.0009887963533,0.0008977279067
11122143,-0.1379758805,0.08149525821,-0.03449850976,0.0001205801964,0.001053914428,0.001122254878
18200194,0.009396193922,0.05467961356,-0.1414800912,0.001019050367,0.001092106104,0.001083746552
18200197,-0.00939459186,0.1127416253,-0.07045373172,0.001024156809,0.001088753343,0.001095466316
18200201,0.009394585155,0.1127416164,-0.07045375556,0.001024145633,0.001088783145,0.001095496118
18200216,0.009395620413,0.05746336728,-0.1386641532,0.00102167204,0.001112990081,0.001121893525
11384785,-0.1604999974,0.03980967775,0.1275000051,0.001000002027,3.761053085e-05,0.001000002027
11384820,-0.1594999954,0.03980967775,0.1275000051,0.001000002027,3.761053085e-05,0.001000002027
11385463,-0.163500078,0.03980967775,0.1275000051,0.001000121236,3.761053085e-05,0.001000002027
11385579,-0.1565000042,0.03980967542,0.1275000051,0.001000002027,3.761425614e-05,0.001000002027
11385614,-0.1555000022,0.03980967589,0.124499999,0.001000002027,3.761425614e-05,0.001000002027
8502040,0.1727175444,0.03802619949,0.0163999971,0.001144856215,0.0001310221851,0.001000002027
8502050,0.1746605337,0.03902403861,0.02859659679,0.0009358078241,0.0001193657517,0.001006199047
8502051,0.1756464511,0.03902440816,0.02657167055,0.0009418874979,0.0001220032573,0.001031771302
8502066,0.180415225,0.03902253285,0.02552454323,0.001022398472,0.0001126602292,0.0009665191174
11123510,-0.1374367148,0.09842770547,-0.03844580129,0.0009610652924,0.001521870494,0.0003995001316
8502765,0.1814277828,0.06397698075,0.02553238757,0.001022845507,0.0001150742173,0.0009790565819
9027381,0.07642229646,0.04769855142,0.1409843922,0.0003328099847,0.0005055703223,5.412101746e-05
11386954,-0.1604999974,0.03980967775,0.126500003,0.001000002027,3.761053085e-05,0.001000002027
8503370,0.1784761637,0.02957734317,0.04202248901,0.0009754002094,0.001039274037,0.0001124665141
8503371,0.1799763411,0.02860131785,0.04257471338,0.000118330121,0.00103036128,0.0009731538594
11386959,-0.1614999995,0.03980967775,0.1275000051,0.001000002027,3.761053085e-05,0.001000002027
8503377,0.179976353,0.02657525614,0.04460106418,0.0001182705164,0.0009695570916,0.001029547304
11386964,-0.1614999995,0.03980967775,0.126500003,0.001000002027,3.761053085e-05,0.001000002027
8503383,0.1465987653,0.03432550207,0.04198605418,0.001001760364,0.0009181722999,0.000221516937
8503391,0.1730679661,0.03904478922,0.03305635527,0.001165151596,0.000157546252,0.002285569906
8503422,0.1799788415,0.03521426618,0.04250485823,0.0001129508018,0.001015603542,0.00112695992
11387059,-0.1594999954,0.03980967728,0.126500003,0.001000002027,3.761425614e-05,0.001000002027
11387064,-0.1585000008,0.03980967682,0.1275000051,0.0009999871254,3.761425614e-05,0.001000002027
11387069,-0.1585000008,0.03980967635,0.126500003,0.0009999871254,3.761425614e-05,0.001000002027
17941188,-0.1840254575,0.08155812472,0.005411245394,0.0001316219568,0.001087479293,0.001014458016
17941257,-0.1840222776,0.08156561702,-0.00956343431,0.0001298040152,0.001130528748,0.001159787178
17941261,-0.1840282857,0.08052662909,-0.01055734064,0.0001518577337,0.00108474493,0.001119468361
17941613,-0.1445892781,0.08402457833,-0.008396593109,0.001011133194,0.000122860074,0.0009837290272
17941749,-0.1399712294,0.08043058068,-0.008438167907,0.0001438558102,0.001025974751,0.001037584618
9028908,0.07624536306,0.04024688974,0.1512874365,6.780773401e-05,0.0006815902889,0.0005373805761
7193908,0.1093999982,0.02770289592,0.2256233662,0.001000002027,0.0005210582167,0.0006673634052
17942347,-0.1399756014,0.07941416353,-0.009451653436,0.0001219958067,0.001013964415,0.00102599524
17942536,-0.1475997567,0.08402529955,-0.009362487495,0.001000419259,0.0001264661551,0.0009399112314
11388973,-0.1604999974,0.03980967682,0.125500001,0.001000002027,3.761425614e-05,0.001000002027
11388983,-0.1614999995,0.03980967728,0.125500001,0.001000002027,3.761425614e-05,0.001000002027
11388988,-0.1625000089,0.03980967775,0.1275000051,0.001000016928,3.761053085e-05,0.001000002027
11388993,-0.163500078,0.03980967775,0.126500003,0.001000121236,3.761053085e-05,0.001000002027
11388998,-0.1625000089,0.03980967775,0.126500003,0.001000016928,3.761053085e-05,0.001000002027
11389008,-0.163500078,0.03980967775,0.125500001,0.001000121236,3.761053085e-05,0.001000002027
11389013,-0.1625000089,0.03980967775,0.125500001,0.001000016928,3.761053085e-05,0.001000002027
11389321,-0.1594999954,0.03980967635,0.125500001,0.001000002027,3.761425614e-05,0.001000002027
11389326,-0.1585000008,0.03980967589,0.124499999,0.0009999871254,3.761425614e-05,0.001000002027
11389331,-0.1585000008,0.03980967589,0.125500001,0.0009999871254,3.761425614e-05,0.001000002027
11389336,-0.1575000063,0.03980967589,0.1275000051,0.001000002027,3.761425614e-05,0.001000002027
11389341,-0.1565000042,0.03980967496,0.126500003,0.001000002027,3.761425614e-05,0.001000002027
11389346,-0.1575000063,0.03980967589,0.126500003,0.001000002027,3.761425614e-05,0.001000002027
11389356,-0.1565000042,0.03980967542,0.125500001,0.001000002027,3.761425614e-05,0.001000002027
11389361,-0.1575000063,0.03980967589,0.125500001,0.001000002027,3.761425614e-05,0.001000002027
17943037,-0.1415673822,0.08350624442,0.005580638722,0.001014217734,0.0001434087753,0.001473745797
17943040,-0.1399755746,0.08144607097,-0.007419865765,0.0001221299171,0.001017928123,0.001021343749
17943043,-0.1425617278,0.08402432352,-0.006402139831,0.001010805368,0.0001215860248,0.001002122648
11389446,-0.1555000022,0.03980967542,0.125500001,0.001000002027,3.761425614e-05,0.001000002027
17943335,-0.1764779091,0.05759356295,-0.01878206929,0.0009652078152,0.001395549625,0.000717708841
17943349,-0.1835221027,0.05759306625,-0.01878232074,0.000965192914,0.00139329955,0.000716554001
17943682,-0.1765343636,0.08380800188,-0.01066461634,0.001120001078,0.0006832778454,0.001149196178
11390281,-0.1495000049,0.03980967775,0.1284999996,0.001000002027,3.761053085e-05,0.0009999871254
11390291,-0.1495000049,0.03980967775,0.1294999942,0.001000002027,3.761053085e-05,0.001000002027
17943950,-0.1415714025,0.04839809686,-0.01202562563,0.0009634047747,0.001004062593,0.0001281555742
17944585,-0.1425545007,0.03765227869,-0.01202115975,0.001047745347,0.0009034946561,0.0001058354974
17944587,-0.1415302426,0.03860769868,-0.01202658936,0.0009807795286,0.0009862557054,0.0001329835504
17944767,-0.172428146,0.03632289246,-0.01254881844,0.001077324152,0.0001143887639,0.0009200442582
17944822,-0.1735510141,0.03632341623,-0.01350699216,0.001198634505,0.0001169070601,0.0009976811707
17944827,-0.1736101508,0.03632583618,-0.01839665398,0.00107806921,0.0001291744411,0.00100424327
17945064,-0.1756399333,0.02549505383,-0.06365103424,0.001043751836,0.0009809155017,0.00155698508
17945072,-0.1593535304,0.02424040586,-0.06469574422,0.0009766072035,0.001485712826,0.0008006393909
17945095,-0.16042642,0.007457799278,-0.03301646262,0.001510411501,0.001026109327,0.0008666217327
17945096,-0.16042642,0.007457806543,-0.03898353279,0.001510411501,0.00102607999,0.0008666440845
17945141,-0.1562339246,0.01944752447,-0.02917923667,0.001387760043,0.001064421609,0.00115345791
17945381,-0.156283468,0.01251220722,-0.02912953049,0.001269847155,0.001048746519,0.001024054363
17945483,-0.1714647919,0.03632897288,-0.06041920632,0.001058876514,0.0001449212432,0.001021511853
17945484,-0.1714726746,0.03245400265,-0.06402920038,0.001065328717,0.001045681536,0.0001459866762
17945486,-0.1725344151,0.03632479012,-0.05941019729,0.001085445285,0.0001240447164,0.001013062894
17945591,-0.1593299598,0.02111245766,-0.04753237367,0.001106485724,0.001008478925,0.001061104238
8508624,0.1747003675,0.06398710459,0.0008328380063,0.0005237162113,6.445497274e-05,0.0005073025241
17945928,-0.165842551,0.01460206062,-0.05643072575,0.001965597272,0.002049572766,0.0011161156
17945955,-0.1601315762,0.02029853594,-0.05875143595,0.001000210643,0.001090561971,0.001102529466
17945956,-0.1725012273,0.02767879069,-0.06402122825,0.00111374259,0.0009376127273,0.0001150816679
17945959,-0.1635821819,0.02764329351,-0.06402195543,0.0009823590517,0.0009905342013,0.0001094862819
17946013,-0.1645575345,0.03243446499,-0.06402852833,0.001008033752,0.001045990735,0.0001426115632
17946229,-0.1658341527,0.01461107954,-0.04754860476,0.001995623112,0.002063469961,0.001109987497
17946248,-0.1563240826,0.01251192968,-0.042908106,0.001191794872,0.001048040576,0.0009353794158
17946249,-0.1574884474,0.01149557047,-0.04372141287,0.001276090741,0.0009689945728,0.0007359907031
17946379,-0.1761948884,0.02846684381,-0.0412949428,0.001182153821,0.001375185326,0.0007009468973
17946381,-0.1840271324,0.0244158864,-0.04441247955,0.0001356601715,0.0009695943445,0.0009903088212
17946382,-0.1835164552,0.02843935136,-0.04130449084,0.0009741336107,0.001434680074,0.0007561147213
17946680,-0.166975686,0.02343196496,-0.02762769014,0.0001215487719,0.001086426899,0.001083297655
17946702,-0.1669754326,0.02059803158,-0.02038039602,0.0001227557659,0.001025415957,0.001039223745
17946704,-0.1669728994,0.02453118339,-0.02045578398,0.0001133680344,0.001108223572,0.001114020124
16111699,0.06050004127,0.0481375549,-0.1513340945,0.001000057906,0.0005004070699,0.0002890080214
16111701,0.06150001536,0.0481377275,-0.1513339877,0.001000024378,0.0005008801818,0.0002885460854
16111704,0.05950007277,0.04813737112,-0.1513342286,0.001000113785,0.0004998259246,0.000289440155
11131218,-0.1379755527,0.007564635295,-0.04943945408,0.0001222193241,0.0009971447289,0.001019772142
17947001,-0.177376318,0.03269759268,-0.03156888038,0.00122974813,0.001362551004,0.0007739812136
17947193,-0.1616705775,0.02411628738,-0.06474794447,0.001139640808,0.001289932057,0.0006825700402
17947199,-0.1637767881,0.02501681224,-0.06418783069,0.0009669363499,0.001044034958,0.001073032618
9034345,0.1456685722,0.0412131615,0.1916457593,0.0004567354918,6.582215428e-05,0.0006542801857
17947442,-0.1669730932,0.02453200482,-0.05754444748,0.0001124888659,0.001109102741,0.001113969833
17947443,-0.1669754535,0.02564618886,-0.05642479658,0.0001196563244,0.001109171659,0.001098688692
17947449,-0.1669754177,0.0174690675,-0.0554746896,0.0001235157251,0.001099124551,0.001069974154
17947541,-0.1669718057,0.0245946411,-0.04660616145,0.0001399070024,0.001053590328,0.001008871943
17947542,-0.166975528,0.02565598749,-0.04760017693,0.0001221597195,0.001076912507,0.001000676304
17947586,-0.1824336231,0.03270141631,-0.03156845383,0.001011133194,0.00137289986,0.0007721316069
17947622,-0.1539722204,0.01559044495,-0.0317407988,0.0001139044762,0.001010839827,0.000876840204
4578441,-0.07632512003,0.04164867848,0.1409867346,0.0006350129843,0.0008315257728,6.496906281e-05
17947791,-0.171321249,0.03632329777,-0.04446658492,0.001221641898,0.0001202188432,0.001144222915
17948028,-0.1624197513,0.02862549238,-0.06461410522,0.0009962618351,0.00102414377,0.001077674329
17948074,-0.1604318346,0.03574795028,-0.06659790874,0.001001298428,0.001107532531,0.001090444624
17948387,-0.1581937909,0.001394393796,-0.03486390114,0.0008617341518,0.001064280514,0.0008270032704
17948395,-0.1613161067,0.01910770716,-0.04543319593,0.001062273979,0.0009959917516,0.001024778932
17948396,-0.163120841,0.01730341588,-0.04540996564,0.001036718488,0.00110101141,0.001074649394
17948571,-0.1762025148,0.03473762944,-0.03053178862,0.001188367605,0.001281160861,0.000780435279
17948805,-0.1399761677,0.005656330008,-0.06136520132,0.0001191496849,0.001212131232,0.001099415123
17948806,-0.1399766028,0.004529399332,-0.06244608313,0.0001177787781,0.001158621628,0.001054145396
17949002,-0.1554865986,0.02495427765,-0.05742021874,0.002321600914,0.002324765548,0.001214720309
17949006,-0.1572588434,0.02317134726,-0.05874170301,0.001310244203,0.001271236688,0.001146312803
17949030,-0.1704236537,0.03632447794,-0.0614233017,0.001028880477,0.0001224018633,0.001009456813
17949032,-0.1704266489,0.03350528926,-0.06402472705,0.001032620668,0.001059532166,0.0001236200333
9036181,0.07879823297,0.04918628857,0.1412583649,0.0005045309663,6.897747517e-05,0.0004827529192
9036191,0.07720383257,0.04918382615,0.1421959132,0.0005851686001,8.216500282e-05,0.0006039738655
9036192,0.07777071744,0.0491866231,0.1416772664,0.0005481615663,7.193163037e-05,0.0005966126919
9036193,0.07729425281,0.04884724766,0.1409889162,0.0005206763744,0.0006129592657,7.277727127e-05
8512001,0.1414660811,0.08152094608,0.02125626119,0.0003174543381,0.001082807779,0.001429595053
4579900,-0.07630430013,0.04121034667,0.1506846339,0.0005915015936,5.174800754e-05,0.0004872828722
9036390,0.1458690941,0.04917726964,0.1415285349,0.0007778406143,0.0001124702394,0.001053780317
9036392,0.1452024966,0.04884793684,0.1409887403,0.0005146563053,0.0006114803255,7.240474224e-05
17949438,-0.1603355378,0.02010385469,-0.04649441093,0.001092329621,0.001002199948,0.001020763069
17949653,-0.1680299819,0.01653737128,-0.02934836261,0.0009344220161,0.00114573352,0.0009907595813
17949660,-0.1548741907,0.01840640977,-0.03043476827,0.001516103745,0.001017991453,0.001429287717
17949663,-0.1538888425,0.02240601406,-0.0319408454,0.0002647042274,0.001012917608,0.001156207174
17949669,-0.1724869728,0.03632373884,-0.02643956989,0.001149609685,0.0001193769276,0.001054286957
17949671,-0.1551093211,0.03556514221,-0.03026774215,0.0009367316961,0.001089733094,0.001157956198
6677604,0.1124166672,0.05739784179,0.2283584724,0.000999994576,0.0001246295869,0.000877648592
17949861,-0.1804049313,0.009318389185,-0.06447451264,0.001015543938,0.001086107455,0.0008178129792
11134193,-0.1379756451,0.008581312001,-0.06143789887,0.0001217573881,0.0009866319597,0.00101897493
17949957,-0.1445793897,0.0104266353,-0.06491564214,0.001016274095,0.001114073209,0.0003835856915
17950206,-0.1445629925,0.02158417404,-0.06502528936,0.001013249159,0.001207537949,0.0001271888614
17950208,-0.146590066,0.02438312545,-0.06463341713,0.00100556016,0.0015981365,0.0008740350604
17950325,-0.1642662108,0.01617298722,-0.05754962489,0.001292899251,0.001357221045,0.001093667001
17950990,-0.1814615518,0.02500334792,-0.06416217983,0.001024097204,0.00096247904,0.001072332263
17950992,-0.166976276,0.02060402855,-0.05761905611,0.000118508935,0.001017322764,0.001036964357
17950997,-0.166974315,0.01854315363,-0.05655286014,0.0001275837421,0.001062335446,0.001089759171
17950998,-0.1755224854,0.0265856266,-0.06140274033,9.359419346e-05,0.001005042344,0.001010771841
17951008,-0.1714194506,0.02679348178,-0.064019005,0.001053869724,0.0008266679943,9.751319885e-05
17951016,-0.1645984143,0.02678514086,-0.0640199855,0.001024246216,0.0008181892335,9.96440649e-05
17951090,-0.1572424829,0.02319388203,-0.04959574565,0.001234382391,0.001143475994,0.001007091254
17951100,-0.1559298694,0.02450911291,-0.05360487998,0.001491352916,0.001452390105,0.001010596752
17951172,-0.1655745804,0.03349072188,-0.06402458102,0.001022323966,0.001067951322,0.0001228526235
17951173,-0.164406389,0.03632719964,-0.06240541264,0.0009944736958,0.0001359991729,0.0009649544954
17951870,-0.1642491311,0.01620409004,-0.04648435116,0.001277118921,0.001346011646,0.001023754478
9301128,-0.1476988383,0.03792032413,0.0004511946991,0.0007001161575,0.0006512105465,0.0004563216207
17951973,-0.1649725467,0.00845329091,-0.03759301752,0.0008779466152,0.0009669344872,0.001517534256
17952012,-0.1552417785,0.01355842147,-0.04193176925,0.001146689057,0.001047280617,0.001061819494
17952014,-0.1590591669,0.005405089818,-0.03402941376,0.001327753067,0.001021888573,0.001245032996
17952015,-0.1590587616,0.005405395944,-0.03797034919,0.001327008009,0.001021632459,0.001244574785
10612126,-0.1393765986,0.03962147906,0.02978266664,0.001043796539,0.0001824423671,0.001358762383
17952426,-0.1669759333,0.02351305373,-0.04565179348,0.0001198798418,0.001097029075,0.0009747222066
9040051,0.07668391466,0.04278622568,0.140987438,0.000695258379,0.0005355514586,6.96927309e-05
17953390,-0.1679471731,0.01425365992,-0.02931543216,0.001138359308,0.001117294654,0.00104450807
17953435,-0.1549995005,0.01356296074,-0.03031023629,0.001571372151,0.001061456278,0.001541147009
17953456,-0.1669760942,0.01856427193,-0.02763250731,0.000119253993,0.001104762778,0.001069448888
17953463,-0.1649395352,0.02670437129,-0.02624113206,0.001020401716,0.0008170250803,0.001111190766
17953464,-0.1669715196,0.02453350686,-0.02652730867,0.0001423805952,0.001091063023,0.001110672951
17953482,-0.1672793478,0.02570110522,-0.028590817,0.0005066841841,0.001338822767,0.0005905274302
17953545,-0.1590539863,0.0267016928,-0.02624622422,0.001019492745,0.0008097495884,0.001105943695
17953548,-0.1835173145,0.03472892071,-0.03054107415,0.0009792149067,0.001374360174,0.0008286908269
17954295,-0.1624199033,0.03343919963,-0.06461429894,0.0009947568178,0.001112438738,0.001082874835
17954302,-0.1724948019,0.03632398024,-0.0455626525,0.001143932343,0.0001202113926,0.001053590328
17954305,-0.1614233583,0.0345480077,-0.0656172201,0.001004010439,0.001083351672,0.001105010509
17954327,-0.1614148557,0.02770096958,-0.06563206017,0.001009613276,0.0009942241013,0.001089841127
4585440,-0.07626149207,0.04121344239,0.1927811056,0.0004632100463,6.734952331e-05,0.0005488395691
9042170,0.146282581,0.04140047108,0.1413196847,7.43418932e-05,0.0004217848182,0.0006581395864
9042478,0.07683854252,0.04121226147,0.1506797075,0.0004388466477,6.13220036e-05,0.0004943460226
9042481,0.07644021064,0.04121073708,0.1501963496,0.0003513246775,5.370005965e-05,0.000498354435
11141413,-0.02777206649,0.04063962338,-0.1154241761,0.001247633249,0.001101568341,0.0009977295995
11141641,-0.04065906132,0.03367486348,-0.1223952112,0.001092247665,0.001181904227,0.001087836921
11142649,-0.04640575722,0.02862481959,-0.1274335772,0.001010816544,0.001047657803,0.001121819019
11142650,-0.04658173397,0.03161318135,-0.1244687823,0.001068819314,0.001010805368,0.0009525120258
17434190,-0.0645000202,0.04813821241,-0.1513340026,0.001000128686,0.0005025193095,0.0002882629633
17434193,-0.06550005202,0.04813878735,-0.1513341988,0.001000277698,0.0005046278238,0.0002883821726
17434256,-0.06350000699,0.04813797461,-0.1513339207,0.001000054181,0.0005015097558,0.0002882033587
17434260,-0.06250000373,0.0481378641,-0.1513339157,0.001000024378,0.0005012154579,0.000288233161
17434265,-0.05650011512,0.04813733449,-0.1513342236,0.00100018084,0.0004996284842,0.000289440155
17434267,-0.05750011404,0.04813721776,-0.1513343205,0.001000188291,0.0004991330206,0.0002896636724
17958745,-0.04658352211,0.03187309826,-0.1422469889,0.001231573522,0.001147858799,0.001038432121
17958751,-0.02443851437,0.03349450277,-0.1423984934,0.001302368939,0.001491505653,0.001547276974
17958752,-0.02458350112,0.03187308833,-0.1422469889,0.001231616363,0.001147858799,0.001038432121
17958778,-0.02559035234,0.04649709389,-0.149701941,0.001030603424,0.001183573157,0.001162856817
17958810,-0.04717699625,0.03345465939,-0.14138541,0.001071460545,0.00158591941,0.001508817077
17958811,-0.04718200071,0.0344409165,-0.1404019985,0.001065805554,0.001466024667,0.001575231552
17958814,-0.04518234637,0.03440176183,-0.1432632171,0.001098588109,0.001425817609,0.001438841224
8783827,0.1716603736,0.03953215542,0.04548385429,0.001088321209,0.0003222972155,0.001483466476
4589954,-0.1456601173,0.04121041298,0.1916779041,0.0006242394447,5.695596337e-05,0.0006948411465
2230691,-0.1499749511,0.02657008804,0.1325997859,0.0001251995564,0.0009580943733,0.00100068748
2230693,-0.1499712348,0.0344344452,0.1305732965,0.0001437813044,0.001031707972,0.001032277942
2230694,-0.1499755979,0.03544655666,0.1315852791,0.0001219660044,0.001019608229,0.001017019153
2230784,-0.1479765594,0.01255407073,0.1524591953,0.000117212534,0.001049680635,0.0009891837835
2230823,-0.142582497,0.03032431193,0.1585957915,0.001001000404,0.0001216083765,0.001005426049
17959673,-0.04756447077,0.04467322677,-0.1515521079,0.001036658883,0.001056775451,0.001120477915
17959676,-0.04759037048,0.04649706706,-0.1497019082,0.001030638814,0.001183532178,0.001162916422
2231087,-0.1445956379,0.03032431193,0.1565827489,0.001005455852,0.0001216065139,0.001000896096
11144142,-0.1354857445,0.02350552045,-0.1235669464,0.001042857766,0.0005146805197,0.001676276326
2231320,-0.1479776621,0.01459574588,0.1534339517,0.0001116991043,0.001012743451,0.0009496808052
2231361,-0.149975577,0.02752850614,0.1484126031,0.0001220703125,0.0009723324329,0.001017600298
2231367,-0.1499749452,0.02657003887,0.1464007586,0.0001252293587,0.0009580459446,0.001002341509
2231372,-0.1499762028,0.02853945605,0.1494314581,0.0001189410686,0.001036422327,0.001016288996
2231376,-0.1479775667,0.01739990339,0.1534350753,0.0001121461391,0.001000473276,0.0009487867355
11144274,-0.1122290318,0.04063857595,-0.1154241587,0.001249648631,0.00110366568,0.0009997487068
11144278,-0.09639872238,0.03260636143,-0.1234678179,0.001052416861,0.001060340554,0.0009820833802
2231410,-0.1502360056,0.03761479196,0.1497086609,0.0004760026932,0.0003340914845,0.0007032006979
2231575,-0.1499755979,0.02752667591,0.1305946678,0.0001219660044,0.000968568027,0.001008570194
2231599,-0.1525574178,0.03258755058,0.1520244241,0.001016542315,0.0009934864938,0.0001221448183
2231623,-0.1479728311,0.01152691841,0.1514354438,0.0001358538866,0.0009835092351,0.001039981842
2231630,-0.1479766846,0.0204070121,0.1524878442,0.000116661191,0.001010330394,0.0009741336107
2231708,-0.1535756588,0.03158967607,0.1520275325,0.001019388437,0.001004882157,0.0001376420259
2231736,-0.1499719799,0.03359612748,0.1504154921,0.000135794282,0.00099780038,0.000970646739
2231908,-0.149973011,0.03642630726,0.1365998,0.0001349002123,0.0009636580944,0.0009997040033
2231963,-0.1479763478,0.01056433879,0.1504063189,0.0001182705164,0.0009462898597,0.001021102071
2231969,-0.1479761392,0.02344957702,0.1504552811,0.0001200586557,0.00102131255,0.00104907155
2231970,-0.1479752272,0.02244193889,0.1514986873,0.0001251399517,0.001039160416,0.001064121723
2231983,-0.1545899391,0.03057868183,0.1520217836,0.001010790467,0.001020004973,0.0001089423895
2232155,-0.1524999961,0.03980967635,0.1314999983,0.001000002027,3.761425614e-05,0.001000002027
2232180,-0.1514999978,0.03980967589,0.1314999983,0.001000002027,3.761425614e-05,0.001000002027
2232190,-0.1534999982,0.03980967728,0.1314999983,0.001000002027,3.761425614e-05,0.001000002027
2232255,-0.1514999941,0.03980967589,0.1304999962,0.001000002027,3.761425614e-05,0.001000002027
2232260,-0.1505000032,0.03980967682,0.1314999983,0.001000002027,3.761425614e-05,0.001000002027
2232265,-0.1504999995,0.03980967682,0.1304999962,0.0009999871254,3.761425614e-05,0.001000002027
2232270,-0.1495000049,0.03980967775,0.1314999983,0.001000002027,3.761053085e-05,0.001000002027
2232280,-0.1495000049,0.03980967775,0.1304999962,0.001000002027,3.761053085e-05,0.001000002027
2232287,-0.1525002234,0.03980967775,0.1354997829,0.001000240445,3.761053085e-05,0.0009997487068
2232292,-0.1594999954,0.03980967775,0.1354999989,0.001000002027,3.761053085e-05,0.0009999871254
2232324,-0.1595000029,0.03980967775,0.1444999948,0.0009999871254,3.761053085e-05,0.001000002027
2232329,-0.1525250785,0.03980967775,0.1444999985,0.0009688436985,3.761053085e-05,0.0009999871254
2232362,-0.1604999974,0.03980967775,0.1355000027,0.001000002027,3.761053085e-05,0.001000002027
2232374,-0.1604999974,0.03980967775,0.1435000002,0.001000002027,3.761053085e-05,0.0009999871254
2232379,-0.1604999974,0.03980967775,0.1364999972,0.001000002027,3.761053085e-05,0.001000002027
2232387,-0.1515003294,0.03980967775,0.1354996562,0.001000523567,3.761053085e-05,0.0009994655848
2232397,-0.1525015533,0.03980967775,0.1364984438,0.001000985503,3.761053085e-05,0.0009990036488
2232402,-0.1595000029,0.03980967775,0.1435000002,0.0009999871254,3.761053085e-05,0.0009999871254
2232407,-0.1594999954,0.03980967775,0.1364999935,0.001000002027,3.761053085e-05,0.001000002027
2232412,-0.1525250636,0.03980967775,0.1435000002,0.0009688287973,3.761053085e-05,0.001000016928
2232417,-0.1515025012,0.03980967775,0.1364972778,0.001003146172,3.761053085e-05,0.0009969323874
17961070,-0.1364044935,0.022838258,-0.1275469452,0.001012116671,0.0003307443112,0.0007665157318
17436824,-0.06650011241,0.04813976586,-0.1513346136,0.001000441611,0.0005077011883,0.0002890527248
2232472,-0.1604999974,0.03980967775,0.1444999948,0.001000002027,3.761053085e-05,0.001000002027
2232572,-0.1524999961,0.03980967728,0.1325000003,0.001000002027,3.761425614e-05,0.001000002027
2232577,-0.1555000022,0.03980967775,0.1354999989,0.001000002027,3.761053085e-05,0.0009999871254
2232582,-0.1555000022,0.03980967775,0.1325000003,0.001000002027,3.761053085e-05,0.001000002027
2232587,-0.1565000042,0.03980967775,0.1354999989,0.001000002027,3.761053085e-05,0.0009999871254
2232592,-0.1594999954,0.03980967775,0.1325000003,0.001000002027,3.761053085e-05,0.001000002027
2232597,-0.1565000042,0.03980967775,0.1325000003,0.001000002027,3.761053085e-05,0.001000002027
2232661,-0.1555002108,0.03980967775,0.1484998763,0.0009995996952,3.761053085e-05,0.00100030005
2232666,-0.1564999968,0.03980967775,0.1444999948,0.001000016928,3.761053085e-05,0.001000002027
2232671,-0.1595000029,0.03980967775,0.1475000009,0.0009999871254,3.761053085e-05,0.001000002027
2232676,-0.1564999968,0.03980967775,0.1474999934,0.0009999871254,3.761053085e-05,0.001000016928
2232686,-0.1555000171,0.03980967775,0.1444999948,0.0009999424219,3.761053085e-05,0.001000002027
2232691,-0.1555001661,0.03980967775,0.1474998631,0.0009997487068,3.761053085e-05,0.001000195742
2232701,-0.1595000029,0.03980967775,0.1485000029,0.0009999871254,3.761053085e-05,0.001000002027
2232706,-0.1564999968,0.03980967775,0.1484999955,0.0009999871254,3.761053085e-05,0.001000016928
17437068,-0.06050004065,0.04813754683,-0.1513340821,0.001000061631,0.0005003921688,0.0002889931202
17437070,-0.06150001412,0.0481377244,-0.1513339753,0.001000024378,0.0005008801818,0.0002885609865
17437075,-0.05950007339,0.04813735808,-0.1513342137,0.001000117511,0.0004998035729,0.000289440155
17437077,-0.05850010055,0.04813722397,-0.1513343131,0.001000165939,0.0004992112517,0.0002896636724
2232786,-0.163500078,0.03980967775,0.1355000064,0.001000121236,3.761053085e-05,0.001000002027
2232791,-0.1604999974,0.03980967775,0.1325000003,0.001000002027,3.761053085e-05,0.001000002027
2232796,-0.163500078,0.03980967775,0.1325000003,0.001000121236,3.761053085e-05,0.001000002027
2232816,-0.1604999974,0.03980967775,0.1405000016,0.001000002027,3.761053085e-05,0.001000002027
2232821,-0.163500078,0.03980967775,0.1435000002,0.001000121236,3.761053085e-05,0.0009999871254
2232826,-0.163500078,0.03980967775,0.1405000016,0.001000121236,3.761053085e-05,0.001000002027
2232831,-0.163500078,0.03980967775,0.136500001,0.001000121236,3.761053085e-05,0.0009999871254
2232836,-0.1604999974,0.03980967775,0.1394999996,0.001000002027,3.761053085e-05,0.001000002027
2232841,-0.163500078,0.03980967775,0.1394999996,0.001000121236,3.761053085e-05,0.001000002027
11145749,-0.137970385,0.02331602052,-0.1205456883,0.0001480579376,0.001457132399,0.001126676798
2232857,-0.1515000015,0.03980967682,0.1325000003,0.0009999871254,3.761425614e-05,0.001000002027
2232887,-0.1555000059,0.03980967775,0.1364999898,0.001000002027,3.761053085e-05,0.001000002027
2232892,-0.1525176093,0.03980967775,0.1394884437,0.0009818375111,3.761053085e-05,0.001020357013
2232897,-0.1555000097,0.03980967775,0.139499981,0.0009999573231,3.761053085e-05,0.00100004673
2232902,-0.1595000029,0.03980967775,0.1405000016,0.0009999871254,3.761053085e-05,0.001000002027
2232907,-0.1564999968,0.03980967775,0.1434999928,0.001000016928,3.761053085e-05,0.001000002027
2232912,-0.1564999968,0.03980967775,0.1405000016,0.001000016928,3.761053085e-05,0.001000002027
2232917,-0.1565000042,0.03980967775,0.1364999935,0.001000002027,3.761053085e-05,0.001000002027
2232922,-0.1595000029,0.03980967775,0.1394999996,0.0009999871254,3.761053085e-05,0.001000002027
2232927,-0.1564999968,0.03980967775,0.1394999996,0.001000016928,3.761053085e-05,0.001000002027
2232932,-0.1525217853,0.03980967775,0.1404946707,0.0009762793779,3.761053085e-05,0.001012593508
2232937,-0.1555000171,0.03980967775,0.1434999928,0.0009999424219,3.761053085e-05,0.001000002027
2232942,-0.1555000097,0.03980967775,0.1404999904,0.0009999573231,3.761053085e-05,0.001000031829
2233098,-0.163500078,0.03980967775,0.1444999948,0.001000121236,3.761053085e-05,0.001000002027
2233103,-0.1604999974,0.03980967775,0.1475000009,0.001000002027,3.761053085e-05,0.001000002027
2233108,-0.163500078,0.03980967775,0.1475000009,0.001000121236,3.761053085e-05,0.001000002027
2233129,-0.1604999974,0.03980967775,0.1485000029,0.001000002027,3.761053085e-05,0.001000002027
2233134,-0.163500078,0.03980967775,0.1485000029,0.001000121236,3.761053085e-05,0.001000002027
8524592,0.1575752586,0.03697891831,0.1248009995,0.001049160957,0.0009084157646,0.00110322237
8524597,0.1585829049,0.02650851794,0.1128316611,0.001037374139,0.0009143669158,0.0009419620037
17961782,-0.1405899733,0.03632220551,-0.08044158071,0.001008078456,0.0001113861799,0.001095101237
17961783,-0.1431030432,0.03557787525,-0.08392612264,0.001094892621,0.00104573369,0.001022212207
8524620,0.15755243,0.02737777717,0.1138179183,0.001008719206,0.001039329916,0.001073181629
8524675,0.1694633812,0.03701614514,0.1248376966,0.001082852483,0.0008647479117,0.001066289842
2233369,-0.152500011,0.03980967775,0.1344999932,0.001000016928,3.761053085e-05,0.0009999871254
2233374,-0.1535000913,0.03980967775,0.1354999095,0.001000061631,3.761053085e-05,0.0009999424219
2233379,-0.1535000019,0.03980967775,0.1344999969,0.001000002027,3.761053085e-05,0.0009999871254
2233384,-0.1585000008,0.03980967775,0.1354999989,0.0009999871254,3.761053085e-05,0.0009999871254
2233389,-0.1594999954,0.03980967775,0.1345000044,0.001000002027,3.761053085e-05,0.001000002027
2233394,-0.1585000008,0.03980967775,0.1345000044,0.0009999871254,3.761053085e-05,0.001000002027
11146313,-0.1379758954,0.02456945591,-0.1215558976,0.0001205056906,0.001184795052,0.001073941588
11146318,-0.1374401242,0.02222831249,-0.1194718182,0.000947445631,0.0004273671657,0.001414418221
2233471,-0.1585000083,0.03980967775,0.1444999948,0.001000002027,3.761053085e-05,0.001000002027
2233476,-0.1595000029,0.03980967775,0.1454999968,0.0009999871254,3.761053085e-05,0.001000002027
2233481,-0.1585000083,0.03980967775,0.1454999968,0.001000002027,3.761053085e-05,0.001000002027
2233486,-0.1525252499,0.03980967775,0.1454998367,0.000969171524,3.761053085e-05,0.0009997338057
2233491,-0.1535053924,0.03980967775,0.1444999948,0.0009918361902,3.761053085e-05,0.0009999722242
2233496,-0.1535055451,0.03980967775,0.1454998478,0.0009920150042,3.761053085e-05,0.0009997934103
2233580,-0.1614999995,0.03980967775,0.1355000064,0.001000002027,3.761053085e-05,0.001000002027
2233585,-0.1604999974,0.03980967775,0.1345000044,0.001000002027,3.761053085e-05,0.001000002027
17962228,-0.1312317967,0.05651110411,-0.1397110969,0.001848429441,0.0010814704,0.001000002027
2233590,-0.1614999995,0.03980967775,0.1345000044,0.001000002027,3.761053085e-05,0.001000002027
2233616,-0.1604999974,0.03980967775,0.1425000057,0.001000002027,3.761053085e-05,0.001000002027
2233621,-0.1614999995,0.03980967775,0.1435000002,0.001000002027,3.761053085e-05,0.0009999871254
2233626,-0.1614999995,0.03980967775,0.1425000057,0.001000002027,3.761053085e-05,0.001000002027
2233631,-0.1614999995,0.03980967775,0.136500001,0.001000002027,3.761053085e-05,0.0009999871254
2233636,-0.1604999974,0.03980967775,0.1374999955,0.001000002027,3.761053085e-05,0.001000002027
2233641,-0.1614999995,0.03980967775,0.1374999955,0.001000002027,3.761053085e-05,0.001000002027
2233655,-0.1515000165,0.03980967775,0.1344999894,0.00100004673,3.761053085e-05,0.0009999722242
2233660,-0.1505003199,0.03980967775,0.1354995631,0.001000642776,3.761053085e-05,0.0009992569685
2233665,-0.1505000181,0.03980967775,0.1344999932,0.001000031829,3.761053085e-05,0.0009999722242
2233685,-0.153500542,0.03980967775,0.1364994571,0.0009999871254,3.761053085e-05,0.001000002027
2233690,-0.1525061466,0.03980967775,0.1374938563,0.001000016928,3.761053085e-05,0.001000016928
2233695,-0.1535015516,0.03980967775,0.1374984458,0.0009990036488,3.761053085e-05,0.001000985503
2233700,-0.1595000029,0.03980967775,0.1425000057,0.0009999871254,3.761053085e-05,0.001000002027
2233705,-0.1585000083,0.03980967775,0.1435000002,0.001000002027,3.761053085e-05,0.0009999871254
2233710,-0.1585000083,0.03980967775,0.1425000057,0.001000002027,3.761053085e-05,0.001000002027
2233715,-0.1585000008,0.03980967775,0.1364999935,0.0009999871254,3.761053085e-05,0.001000002027
2233720,-0.1594999954,0.03980967775,0.1374999955,0.001000002027,3.761053085e-05,0.001000002027
2233725,-0.1585000008,0.03980967775,0.1374999955,0.0009999871254,3.761053085e-05,0.001000002027
2233730,-0.1525249891,0.03980967775,0.142499879,0.000968977809,3.761053085e-05,0.001000270247
2233735,-0.1535053775,0.03980967775,0.1435000002,0.0009918063879,3.761053085e-05,0.001000016928
2233740,-0.1535053328,0.03980967775,0.1424999349,0.0009919404984,3.761053085e-05,0.00100018084
2233745,-0.1505024172,0.03980967775,0.1364963576,0.00100441277,3.761053085e-05,0.0009952038527
2233750,-0.1515120007,0.03980967775,0.1374874413,0.001010432839,3.761053085e-05,0.0009903609753
2233755,-0.1505115516,0.03980967775,0.1374823824,0.001020342112,3.761053085e-05,0.0009818375111
2233902,-0.1614999995,0.03980967775,0.1444999948,0.001000002027,3.761053085e-05,0.001000002027
2233907,-0.1604999974,0.03980967775,0.1454999968,0.001000002027,3.761053085e-05,0.001000002027
2233912,-0.1614999995,0.03980967775,0.1454999968,0.001000002027,3.761053085e-05,0.001000002027
11409190,-0.1722107261,0.04046645984,0.03158790022,0.000137090683,0.001092236489,0.001154934987
2234206,-0.1524999961,0.03980967775,0.1335000023,0.001000002027,3.761053085e-05,0.001000002027
2234211,-0.1534999982,0.03980967775,0.1325000003,0.001000002027,3.761053085e-05,0.001000002027
2234216,-0.1534999982,0.03980967775,0.1335000023,0.001000002027,3.761053085e-05,0.001000002027
2234221,-0.1545000188,0.03980967775,0.1354999803,0.001000002027,3.761053085e-05,0.001000002027
2234226,-0.1555000022,0.03980967775,0.1345000044,0.001000002027,3.761053085e-05,0.001000002027
2234231,-0.1545000002,0.03980967775,0.1345000006,0.001000002027,3.761053085e-05,0.001000002027
2234236,-0.1545000002,0.03980967775,0.1325000003,0.001000002027,3.761053085e-05,0.001000002027
2234241,-0.1555000022,0.03980967775,0.1335000023,0.001000002027,3.761053085e-05,0.001000002027
2234246,-0.1545000002,0.03980967775,0.1335000023,0.001000002027,3.761053085e-05,0.001000002027
2234251,-0.1575000063,0.03980967775,0.1354999989,0.001000002027,3.761053085e-05,0.0009999871254
2234256,-0.1565000042,0.03980967775,0.1345000044,0.001000002027,3.761053085e-05,0.001000002027
2234261,-0.1575000063,0.03980967775,0.1345000044,0.001000002027,3.761053085e-05,0.001000002027
2234266,-0.1594999954,0.03980967775,0.1335000023,0.001000002027,3.761053085e-05,0.001000002027
2234271,-0.1585000008,0.03980967775,0.1325000003,0.0009999871254,3.761053085e-05,0.001000002027
2234276,-0.1585000008,0.03980967775,0.1335000023,0.0009999871254,3.761053085e-05,0.001000002027
2234281,-0.1565000042,0.03980967775,0.1335000023,0.001000002027,3.761053085e-05,0.001000002027
2234286,-0.1575000063,0.03980967775,0.1325000003,0.001000002027,3.761053085e-05,0.001000002027
2234291,-0.1575000063,0.03980967775,0.1335000023,0.001000002027,3.761053085e-05,0.001000002027
17438649,-0.05550011185,0.04813749654,-0.1513340796,0.001000169665,0.0005001276731,0.0002889484167
17438653,-0.05450011231,0.04813763499,-0.1513339405,0.001000162214,0.0005005076528,0.0002884417772
2234452,-0.1535124518,0.03980967775,0.1484942921,0.0009838938713,3.761053085e-05,0.00100928545
2234457,-0.1535129026,0.03980967775,0.1494999975,0.000982388854,3.761053085e-05,0.001017391682
17963104,-0.1400262982,0.01150996163,-0.08442969471,0.0001314878464,0.001067831181,0.001026570797
2234477,-0.1545021832,0.03980967775,0.1484989934,0.0009966343641,3.761053085e-05,0.00100210309
2234482,-0.1555002183,0.03980967775,0.1494999975,0.0009995698929,3.761053085e-05,0.001000314951
2234487,-0.1545022652,0.03980967775,0.1494999975,0.0009963363409,3.761053085e-05,0.001002579927
2234492,-0.1575000063,0.03980967775,0.1444999948,0.001000002027,3.761053085e-05,0.001000002027
2234497,-0.1564999968,0.03980967775,0.1454999968,0.001000016928,3.761053085e-05,0.001000002027
2234502,-0.1575000063,0.03980967775,0.1454999968,0.001000002027,3.761053085e-05,0.001000002027
2234507,-0.1595000029,0.03980967775,0.1464999989,0.0009999871254,3.761053085e-05,0.001000002027
2234512,-0.1585000083,0.03980967775,0.1475000009,0.001000002027,3.761053085e-05,0.001000002027
2234517,-0.1585000083,0.03980967775,0.1464999989,0.001000002027,3.761053085e-05,0.001000002027
17438872,-0.05250011322,0.04813775544,-0.1513337642,0.00100018084,0.0005007833242,0.000287771225
17438874,-0.05350011525,0.04813772005,-0.1513338313,0.001000177115,0.0005007050931,0.0002880394459
2234522,-0.1564999968,0.03980967775,0.1464999951,0.001000016928,3.761053085e-05,0.001000002027
2234527,-0.1574999988,0.03980967775,0.1475000009,0.001000016928,3.761053085e-05,0.001000002027
2234532,-0.1575000025,0.03980967775,0.1464999989,0.001000016928,3.761053085e-05,0.001000002027
2234542,-0.1535096392,0.03980967775,0.1474958658,0.0009917467833,3.761053085e-05,0.001000240445
2234547,-0.1535064802,0.03980967775,0.1464989334,0.0009926557541,3.761053085e-05,0.0009991526604
2234552,-0.1545006707,0.03980967775,0.1444999948,0.0009987652302,3.761053085e-05,0.001000002027
2234557,-0.155500032,0.03980967775,0.1454999819,0.0009999424219,3.761053085e-05,0.001000002027
2234562,-0.1545007452,0.03980967775,0.1454999223,0.0009987950325,3.761053085e-05,0.0009999573231
2234567,-0.1545017399,0.03980967775,0.1474990062,0.0009979009628,3.761053085e-05,0.001000881195
2234572,-0.1555000879,0.03980967775,0.1464999281,0.0009998977184,3.761053085e-05,0.00100004673
2234577,-0.1545010954,0.03980967775,0.1464995779,0.0009987354279,3.761053085e-05,0.001000016928
2234597,-0.1595000029,0.03980967775,0.1495000049,0.0009999871254,3.761053085e-05,0.001000002027
2234602,-0.1585000083,0.03980967775,0.1485000029,0.001000002027,3.761053085e-05,0.001000002027
2234607,-0.1585000083,0.03980967775,0.1495000049,0.001000002027,3.761053085e-05,0.001000002027
2234612,-0.1564999968,0.03980967775,0.1495000012,0.0009999871254,3.761053085e-05,0.001000016928
2234617,-0.1574999988,0.03980967775,0.1485000029,0.001000016928,3.761053085e-05,0.001000002027
2234622,-0.1574999988,0.03980967775,0.1495000049,0.001000016928,3.761053085e-05,0.001000002027
11147557,-0.1379758149,0.009595068917,-0.07343656272,0.0001209080219,0.0009687878191,0.001015543938
2234837,-0.1625000089,0.03980967775,0.1355000064,0.001000016928,3.761053085e-05,0.001000002027
2234842,-0.163500078,0.03980967775,0.1345000044,0.001000121236,3.761053085e-05,0.001000002027
2234847,-0.1625000089,0.03980967775,0.1345000044,0.001000016928,3.761053085e-05,0.001000002027
2234852,-0.1604999974,0.03980967775,0.1335000023,0.001000002027,3.761053085e-05,0.001000002027
2234857,-0.1614999995,0.03980967775,0.1325000003,0.001000002027,3.761053085e-05,0.001000002027
2234862,-0.1614999995,0.03980967775,0.1335000023,0.001000002027,3.761053085e-05,0.001000002027
2234867,-0.163500078,0.03980967775,0.1335000023,0.001000121236,3.761053085e-05,0.001000002027
2234872,-0.1625000089,0.03980967775,0.1325000003,0.001000016928,3.761053085e-05,0.001000002027
2234877,-0.1625000089,0.03980967775,0.1335000023,0.001000016928,3.761053085e-05,0.001000002027
2234935,-0.1604999974,0.03980967775,0.1415000036,0.001000002027,3.761053085e-05,0.001000002027
2234940,-0.1614999995,0.03980967775,0.1405000016,0.001000002027,3.761053085e-05,0.001000002027
2234945,-0.1614999995,0.03980967775,0.1415000036,0.001000002027,3.761053085e-05,0.001000002027
2234950,-0.1625000089,0.03980967775,0.1435000002,0.001000016928,3.761053085e-05,0.0009999871254
2234955,-0.163500078,0.03980967775,0.1425000057,0.001000121236,3.761053085e-05,0.001000002027
2234960,-0.1625000089,0.03980967775,0.1425000057,0.001000016928,3.761053085e-05,0.001000002027
2234965,-0.1625000089,0.03980967775,0.1405000016,0.001000016928,3.761053085e-05,0.001000002027
2234970,-0.163500078,0.03980967775,0.1415000036,0.001000121236,3.761053085e-05,0.001000002027
2234975,-0.1625000089,0.03980967775,0.1415000036,0.001000016928,3.761053085e-05,0.001000002027
2234980,-0.1625000089,0.03980967775,0.136500001,0.001000016928,3.761053085e-05,0.0009999871254
2234985,-0.163500078,0.03980967775,0.1374999955,0.001000121236,3.761053085e-05,0.001000002027
2234990,-0.1625000089,0.03980967775,0.1374999955,0.001000016928,3.761053085e-05,0.001000002027
2234995,-0.1604999974,0.03980967775,0.1384999976,0.001000002027,3.761053085e-05,0.001000002027
2235000,-0.1614999995,0.03980967775,0.1394999996,0.001000002027,3.761053085e-05,0.001000002027
2235005,-0.1614999995,0.03980967775,0.1384999976,0.001000002027,3.761053085e-05,0.001000002027
2235010,-0.163500078,0.03980967775,0.1384999976,0.001000121236,3.761053085e-05,0.001000002027
2235015,-0.1625000089,0.03980967775,0.1394999996,0.001000016928,3.761053085e-05,0.001000002027
2235020,-0.1625000089,0.03980967775,0.1384999976,0.001000016928,3.761053085e-05,0.001000002027
2235058,-0.1514999978,0.03980967775,0.1335000023,0.001000002027,3.761053085e-05,0.001000002027
2235063,-0.150500007,0.03980967728,0.1325000003,0.001000002027,3.761425614e-05,0.001000002027
2235068,-0.1505000032,0.03980967775,0.133500006,0.001000002027,3.761053085e-05,0.001000016928
2235073,-0.1495002061,0.03980967775,0.1354994737,0.001000508666,3.761053085e-05,0.0009991079569
2235083,-0.1495000161,0.03980967775,0.1344999932,0.001000031829,3.761053085e-05,0.0009999573231
2235088,-0.1495000049,0.03980967775,0.1325000003,0.001000002027,3.761053085e-05,0.001000002027
2235098,-0.1495000049,0.03980967775,0.1335000098,0.001000002027,3.761053085e-05,0.001000016928
2235148,-0.1545000896,0.03980967775,0.1364999078,0.0009999424219,3.761053085e-05,0.00100004673
2235153,-0.1555000097,0.03980967775,0.1374999844,0.0009999871254,3.761053085e-05,0.001000016928
2235158,-0.1545002162,0.03980967775,0.1374997757,0.000999763608,3.761053085e-05,0.001000240445
2235163,-0.1525125578,0.03980967775,0.1384879984,0.0009903460741,3.761053085e-05,0.001010417938
2235168,-0.1535036378,0.03980967775,0.1394975819,0.0009952038527,3.761053085e-05,0.001004427671
2235173,-0.1535027213,0.03980967775,0.1384974942,0.0009969323874,3.761053085e-05,0.00100313127
2235178,-0.1555000097,0.03980967775,0.1384999789,0.0009999573231,3.761053085e-05,0.001000031829
2235183,-0.1545004398,0.03980967775,0.1394996792,0.0009992569685,3.761053085e-05,0.001000657678
2235188,-0.1545003466,0.03980967775,0.138499666,0.0009994804859,3.761053085e-05,0.001000523567
2235193,-0.1595000029,0.03980967775,0.1415000036,0.0009999871254,3.761053085e-05,0.001000002027
2235198,-0.1585000083,0.03980967775,0.1405000016,0.001000002027,3.761053085e-05,0.001000002027
2235203,-0.1585000083,0.03980967775,0.1415000036,0.001000002027,3.761053085e-05,0.001000002027
2235208,-0.1575000063,0.03980967775,0.1434999965,0.001000002027,3.761053085e-05,0.001000002027
2235213,-0.1564999968,0.03980967775,0.1424999982,0.001000016928,3.761053085e-05,0.0009999871254
2235218,-0.1575000063,0.03980967775,0.1425000019,0.001000002027,3.761053085e-05,0.001000002027
2235223,-0.1575000063,0.03980967775,0.1405000016,0.001000002027,3.761053085e-05,0.001000002027
2235228,-0.1564999968,0.03980967775,0.1415000036,0.001000016928,3.761053085e-05,0.001000002027
2235233,-0.1575000063,0.03980967775,0.1415000036,0.001000002027,3.761053085e-05,0.001000002027
2235238,-0.1575000063,0.03980967775,0.1364999935,0.001000002027,3.761053085e-05,0.001000002027
2235243,-0.1565000005,0.03980967775,0.1374999955,0.001000016928,3.761053085e-05,0.001000002027
2235248,-0.1575000063,0.03980967775,0.1374999955,0.001000002027,3.761053085e-05,0.001000002027
2235253,-0.1594999991,0.03980967775,0.1384999976,0.001000002027,3.761053085e-05,0.001000002027
2235258,-0.1585000083,0.03980967775,0.1394999996,0.001000002027,3.761053085e-05,0.001000002027
2235263,-0.1585000046,0.03980967775,0.1384999976,0.001000002027,3.761053085e-05,0.001000002027
2235268,-0.1564999968,0.03980967775,0.1384999976,0.001000016928,3.761053085e-05,0.001000002027
2235273,-0.1575000063,0.03980967775,0.1394999996,0.001000002027,3.761053085e-05,0.001000002027
2235278,-0.1575000063,0.03980967775,0.1384999976,0.001000002027,3.761053085e-05,0.001000002027
2235283,-0.1525243893,0.03980967775,0.1414989047,0.000970184803,3.761053085e-05,0.001002430916
2235288,-0.1535044312,0.03980967775,0.1404986046,0.0009939670563,3.761053085e-05,0.001003265381
2235293,-0.1535050608,0.03980967775,0.1414995529,0.0009926706553,3.761053085e-05,0.001001238823
2235298,-0.1545006633,0.03980967775,0.1434999965,0.0009987652302,3.761053085e-05,0.001000016928
2235303,-0.1555000171,0.03980967775,0.1424999945,0.0009999424219,3.761053085e-05,0.001000002027
2235308,-0.1545006521,0.03980967775,0.1424999796,0.0009988099337,3.761053085e-05,0.00100004673
2235313,-0.1545005217,0.03980967775,0.1404997967,0.0009991079569,3.761053085e-05,0.001000508666
2235318,-0.1555000134,0.03980967775,0.1414999962,0.0009999573231,3.761053085e-05,0.001000016928
2235323,-0.1545006037,0.03980967775,0.141499918,0.0009989440441,3.761053085e-05,0.001000240445
2235328,-0.1495013945,0.03980967775,0.1364955604,0.001003280282,3.761053085e-05,0.0009939670563
2235338,-0.1495053247,0.03980967775,0.13747821,0.001012593508,3.761053085e-05,0.0009762793779
9051195,0.1460811257,0.04121121541,0.1922662258,0.0003630965948,5.609169602e-05,0.0005829334259
2235784,-0.1625000089,0.03980967775,0.1444999948,0.001000016928,3.761053085e-05,0.001000002027
2235789,-0.163500078,0.03980967775,0.1454999968,0.001000121236,3.761053085e-05,0.001000002027
2235794,-0.1625000089,0.03980967775,0.1454999968,0.001000016928,3.761053085e-05,0.001000002027
2235799,-0.1604999974,0.03980967775,0.1464999989,0.001000002027,3.761053085e-05,0.001000002027
2235804,-0.1614999995,0.03980967775,0.1475000009,0.001000002027,3.761053085e-05,0.001000002027
2235809,-0.1614999995,0.03980967775,0.1464999989,0.001000002027,3.761053085e-05,0.001000002027
2235814,-0.163500078,0.03980967775,0.1464999989,0.001000121236,3.761053085e-05,0.001000002027
2235819,-0.1625000089,0.03980967775,0.1475000009,0.001000016928,3.761053085e-05,0.001000002027
2235824,-0.1625000089,0.03980967775,0.1464999989,0.001000016928,3.761053085e-05,0.001000002027
8789442,0.1722207218,0.04046326503,0.03842085972,0.000136628747,0.001156616956,0.001034427434
8789467,0.1722236186,0.04048259109,0.04263472185,0.0001211315393,0.00105137378,0.0009903199971
2235877,-0.1604999974,0.03980967775,0.1495000049,0.001000002027,3.761053085e-05,0.001000002027
2235882,-0.1614999995,0.03980967775,0.1485000029,0.001000002027,3.761053085e-05,0.001000002027
2235887,-0.1614999995,0.03980967775,0.1495000049,0.001000002027,3.761053085e-05,0.001000002027
2235892,-0.163500078,0.03980967775,0.1495000049,0.001000121236,3.761053085e-05,0.001000002027
2235897,-0.1625000089,0.03980967775,0.1485000029,0.001000016928,3.761053085e-05,0.001000002027
2235902,-0.1625000089,0.03980967775,0.1495000049,0.001000016928,3.761053085e-05,0.001000002027
11148912,-0.1295305341,0.02861181895,-0.1274494454,0.0009437054396,0.001015512273,0.001101985574
17964660,-0.1294846445,0.07866054028,-0.1274605364,0.0009608417749,0.001000002027,0.001083135605
11148957,-0.09458332807,0.02945657074,-0.1266036242,0.001035824418,0.001143062487,0.001065269113
11149509,-0.1364955008,0.02313466072,-0.1224049717,0.0009721964598,0.0002669803798,0.0008891299367
17965517,-0.1274384499,0.07262574583,-0.1334978759,0.00104033947,0.001070827246,0.001147583127
11150046,-0.1264136642,0.05143907145,-0.1046192944,0.001073271036,0.001086682081,0.001011624932
11150047,-0.1274734735,0.05042861998,-0.1056237549,0.001048222184,0.001098576933,0.00100351125
2237168,-0.1460380048,0.04141137078,0.1428010076,5.891919136e-05,0.0003654696047,0.0004982799292
2237705,-0.1457469106,0.04230214506,0.1409869194,0.0005118995905,0.000513844192,6.51627779e-05
11150967,-0.1283755481,0.02643403895,-0.1296273261,0.00109192729,0.001267084852,0.001296237111
17967141,-0.07740000039,0.04964439869,-0.1600105375,0.001000002027,0.0006832890213,0.0006209313869
17967408,-0.06718234066,0.03440175625,-0.1432632264,0.00109860301,0.00142583251,0.001438841224
17967409,-0.06843851879,0.03349451208,-0.1423984803,0.001302368939,0.001491505653,0.001547276974
8530373,0.1840227783,0.07140562981,0.08740209788,0.000113889575,0.001008145511,0.001001983881
11152066,-0.1364918023,0.03458514959,-0.1163851485,0.0009637176991,0.001000002027,0.001074284315
11152081,-0.1295309365,0.04344743987,-0.1126141064,0.0009438544512,0.001088686287,0.001000016928
8530886,0.1840228498,0.06857470721,0.08740979135,0.0001142472029,0.001032739878,0.001014530659
8530890,0.1834065795,0.06397387832,0.08359904736,0.0009935945272,0.0001305490732,0.001000344753
2239500,-0.1594999954,0.03980967775,0.1314999983,0.001000002027,3.761053085e-05,0.001000002027
2239505,-0.1565000042,0.03980967775,0.1314999983,0.001000002027,3.761053085e-05,0.001000002027
2239510,-0.1555000022,0.03980967775,0.1314999983,0.001000002027,3.761053085e-05,0.001000002027
2239515,-0.163500078,0.03980967775,0.1284999996,0.001000121236,3.761053085e-05,0.0009999871254
2239520,-0.1604999974,0.03980967775,0.1314999983,0.001000002027,3.761053085e-05,0.001000002027
2239525,-0.163500078,0.03980967775,0.1314999983,0.001000121236,3.761053085e-05,0.001000002027
2239566,-0.1594999954,0.03980967775,0.1304999962,0.001000002027,3.761053085e-05,0.001000002027
2239571,-0.1585000008,0.03980967775,0.1314999983,0.0009999871254,3.761053085e-05,0.001000002027
2239576,-0.1585000008,0.03980967775,0.1304999962,0.0009999871254,3.761053085e-05,0.001000002027
2239581,-0.1565000042,0.03980967775,0.1304999962,0.001000002027,3.761053085e-05,0.001000002027
2239586,-0.1575000063,0.03980967775,0.1314999983,0.001000002027,3.761053085e-05,0.001000002027
2239591,-0.1575000063,0.03980967775,0.1304999962,0.001000002027,3.761053085e-05,0.001000002027
2239596,-0.1524999961,0.03980967589,0.1304999962,0.001000002027,3.761425614e-05,0.001000002027
2239601,-0.1534999982,0.03980967635,0.1304999962,0.001000002027,3.761425614e-05,0.001000002027
2239606,-0.1545000002,0.03980967775,0.1314999983,0.001000002027,3.761053085e-05,0.001000002027
2239611,-0.1555000022,0.03980967775,0.1304999962,0.001000002027,3.761053085e-05,0.001000002027
2239616,-0.1545000002,0.03980967728,0.1304999962,0.001000002027,3.761425614e-05,0.001000002027
2239621,-0.1625000089,0.03980967775,0.1284999996,0.001000016928,3.761053085e-05,0.0009999871254
2239626,-0.163500078,0.03980967775,0.1294999942,0.001000121236,3.761053085e-05,0.001000002027
2239631,-0.1625000089,0.03980967775,0.1294999942,0.001000016928,3.761053085e-05,0.001000002027
2239636,-0.1604999974,0.03980967775,0.1304999962,0.001000002027,3.761053085e-05,0.001000002027
2239641,-0.1614999995,0.03980967775,0.1314999983,0.001000002027,3.761053085e-05,0.001000002027
2239646,-0.1614999995,0.03980967775,0.1304999962,0.001000002027,3.761053085e-05,0.001000002027
2239651,-0.163500078,0.03980967775,0.1304999962,0.001000121236,3.761053085e-05,0.001000002027
2239656,-0.1625000089,0.03980967775,0.1314999983,0.001000016928,3.761053085e-05,0.001000002027
2239661,-0.1625000089,0.03980967775,0.1304999962,0.001000016928,3.761053085e-05,0.001000002027
2239699,-0.1594999954,0.03980967775,0.1284999996,0.001000002027,3.761053085e-05,0.0009999871254
2239704,-0.1524999961,0.03980967589,0.1284999996,0.001000002027,3.761425614e-05,0.0009999871254
2239709,-0.1604999974,0.03980967775,0.1284999996,0.001000002027,3.761053085e-05,0.0009999871254
2239714,-0.1514999941,0.03980967589,0.1284999996,0.001000002027,3.761425614e-05,0.0009999871254
2239719,-0.1565000042,0.03980967635,0.1284999996,0.001000002027,3.761425614e-05,0.0009999871254
2239724,-0.1555000022,0.03980967589,0.1284999996,0.001000002027,3.761425614e-05,0.0009999871254
2239729,-0.1585000008,0.03980967728,0.1284999996,0.0009999871254,3.761425614e-05,0.0009999871254
2239734,-0.1594999954,0.03980967775,0.1294999942,0.001000002027,3.761053085e-05,0.001000002027
2239739,-0.1585000008,0.03980967775,0.1294999942,0.0009999871254,3.761053085e-05,0.001000002027
2239744,-0.1524999961,0.03980967589,0.1294999942,0.001000002027,3.761425614e-05,0.001000002027
2239749,-0.1534999982,0.03980967589,0.1284999996,0.001000002027,3.761425614e-05,0.0009999871254
2239754,-0.1534999982,0.03980967589,0.1294999942,0.001000002027,3.761425614e-05,0.001000002027
2239759,-0.1614999995,0.03980967775,0.1284999996,0.001000002027,3.761053085e-05,0.0009999871254
2239764,-0.1604999974,0.03980967775,0.1294999942,0.001000002027,3.761053085e-05,0.001000002027
2239769,-0.1614999995,0.03980967775,0.1294999942,0.001000002027,3.761053085e-05,0.001000002027
2239774,-0.1514999941,0.03980967589,0.1294999942,0.001000002027,3.761425614e-05,0.001000002027
2239779,-0.1504999995,0.03980967682,0.1284999996,0.0009999871254,3.761425614e-05,0.0009999871254
2239784,-0.1504999995,0.03980967682,0.1294999942,0.0009999871254,3.761425614e-05,0.001000002027
2239789,-0.1575000063,0.03980967682,0.1284999996,0.001000002027,3.761425614e-05,0.0009999871254
2239794,-0.1565000042,0.03980967728,0.1294999942,0.001000002027,3.761425614e-05,0.001000002027
2239799,-0.1575000063,0.03980967775,0.1294999942,0.001000002027,3.761053085e-05,0.001000002027
2239804,-0.1545000002,0.03980967589,0.1284999996,0.001000002027,3.761425614e-05,0.0009999871254
2239809,-0.1555000022,0.03980967682,0.1294999942,0.001000002027,3.761425614e-05,0.001000002027
2239814,-0.1545000002,0.03980967635,0.1294999942,0.001000002027,3.761425614e-05,0.001000002027
17968498,-0.1416855782,0.03632001206,-0.08158148974,0.001176208258,0.0001101382077,0.001180909574
17968603,-0.07540002912,0.0504088074,-0.1600120097,0.001000016928,0.0006676241755,0.0006146579981
17968647,-0.1228179941,0.03444092488,-0.1404019967,0.001065857708,0.001466009766,0.001575246453
17968648,-0.123561481,0.03349450929,-0.1423984934,0.001302368939,0.001491509378,0.001547276974
17968653,-0.1395218993,0.04825054606,-0.1415903941,0.000958904624,0.001018643379,0.001099810004
17968659,-0.139519756,0.05369210492,-0.1425349464,0.0009639710188,0.001017138362,0.001098722219
17968708,-0.1400261283,0.02247883789,-0.1204415619,0.0001305639744,0.001060271636,0.001016512513
17969038,-0.1400244296,0.05241759792,-0.1224379569,0.0001221448183,0.00101936236,0.001014336944
17969039,-0.1400244653,0.05445959195,-0.1204105109,0.0001223236322,0.001026447862,0.001010343432
17969042,-0.1400287628,0.05343456641,-0.1214217842,0.0001438111067,0.001026593149,0.001016408205
8531908,0.1824324369,0.06397435963,0.08060000688,0.0009597986937,0.0001281425357,0.0009999871254
11153458,-0.1184411988,0.04549090192,-0.1105541483,0.001196652651,0.001152381301,0.001030504704
11153461,-0.1284865618,0.0494302839,-0.1066295207,0.0009634941816,0.001078855246,0.001000747085
17969642,-0.1400245547,0.0684773013,-0.1064087972,0.0001228302717,0.001049622893,0.001011535525
8532691,0.1840282857,0.07241624594,0.08640212417,0.0001414716244,0.001016758382,0.001001119614
8533561,0.1490847558,0.06652446389,0.08639260828,0.000241830945,0.00105535984,0.001011140645
8533760,0.1840283543,0.06756189018,0.08640853018,0.0001417696476,0.001038067043,0.001012474298
8533777,0.1840243131,0.06655137688,0.08540548235,0.0001215338707,0.00102289021,0.001006372273
17971040,-0.1394536545,0.04683069016,-0.1571981534,0.001085087657,0.001118738204,0.001088216901
17971273,-0.1355225369,0.05229415745,-0.1581303428,0.0009588897228,0.001090139151,0.001009389758
17971319,-0.1335668981,0.05267648473,-0.1435444087,0.001051366329,0.001043785363,0.00112003088
17971474,-0.1400253177,0.02638121918,-0.1342030019,0.0001383125782,0.001150427386,0.001347109675
17971784,-0.1395219291,0.04541423793,-0.13875442,0.000958815217,0.001082889736,0.001000806689
17971787,-0.1384461105,0.04445381537,-0.1377827197,0.0009977072477,0.00107947737,0.0009829103947
17971796,-0.1325267375,0.04643410593,-0.1397666872,0.001015886664,0.001087106764,0.0009997487068
17971852,-0.1028165314,0.03439774457,-0.1432657447,0.00109899044,0.00142025575,0.001434892416
17971854,-0.1008228278,0.03345335322,-0.1413862556,0.001071147621,0.001584004611,0.001508265734
17971857,-0.1325280845,0.04930363446,-0.1426368356,0.001023694873,0.001147847623,0.001218676567
17971859,-0.1335775137,0.05059437081,-0.1439264268,0.001061484218,0.001460559666,0.001528009772
17971860,-0.1311955824,0.0546961911,-0.1415300493,0.00166015327,0.001001521945,0.001086622477
17971863,-0.1325238168,0.0537007235,-0.1425145656,0.001025542617,0.001019395888,0.0011164397
17971865,-0.1384448946,0.05850869566,-0.1377070904,0.0009833425283,0.00109981373,0.001002371311
17971870,-0.1395186037,0.05752987104,-0.1386965066,0.0009655356407,0.001085445285,0.001000091434
17971874,-0.1324945748,0.05750768855,-0.138706854,0.00102211535,0.001101948321,0.001001387835
17971990,-0.1226140067,0.073640652,-0.1324752897,0.0009927526116,0.0009703412652,0.001055419445
17972020,-0.1245985806,0.07262765616,-0.1334935755,0.001014411449,0.001066274941,0.001147508621
17972029,-0.1216200992,0.07461249977,-0.1315036058,0.001035019755,0.001086637378,0.001153692603
17972118,-0.140026316,0.02150996029,-0.1164297312,0.0001315027475,0.001067822799,0.001026540995
8535567,0.1476919651,0.07640531957,0.07451298982,0.0002484768629,0.001077719033,0.0009686201811
8535877,0.1840254456,0.07555815428,0.06941125989,0.0001316219568,0.001087449491,0.001014448702
8536093,0.1514918536,0.06669480354,0.09313379079,0.001054555178,0.001016698778,0.001047469676
8536097,0.1503512214,0.06562057262,0.09128887579,0.001111149788,0.0008208528161,0.00140248239
8536116,0.1565987855,0.06866443008,0.09402320236,0.001001864672,0.0009272769094,0.0001292973757
8536131,0.1545878798,0.0696183145,0.09402560294,0.001013100147,0.0009723231196,0.0001280531287
11419885,-0.1716603736,0.03953215604,0.04548385491,0.001088321209,0.0003222972155,0.001483466476
8536527,0.1840243638,0.07343755215,0.08540563881,0.0001218914986,0.00102788955,0.001001887023
8536543,0.1840254396,0.07454615384,0.08041028529,0.0001313686371,0.00107922405,0.00101365149
8536600,0.1495462507,0.0724744752,0.09032572806,0.0002869516611,0.001076027751,0.001453638077
8537084,0.1794441938,0.02828701027,0.1148637727,0.0009384006262,0.001029575244,0.001075685024
17974974,-0.1400274605,0.06951721013,-0.1014132887,0.0001372992992,0.001025378704,0.0009894073009
11159749,-0.01146941989,0.02861183447,-0.127449428,0.0009434344247,0.001015430316,0.001101896167
11160084,-0.01354808602,0.05143898204,-0.1046193823,0.001075001433,0.001086354256,0.001011505723
11160189,-0.005446720496,0.02348574474,-0.1235147938,0.001167294104,0.0004897024482,0.001587867737
11160190,-0.004480026802,0.023131736,-0.1223953336,0.0009916906711,0.0002630855888,0.000876173377
11160312,-0.003024747176,0.02749699987,-0.1185178265,0.0001236968674,0.001136302948,0.001122131944
8539018,0.1774015367,0.02602389567,0.1116455153,0.001031115651,0.0001194383949,0.00107908994
11160545,-0.009451486357,0.05808994845,-0.09288295954,0.0009362921119,0.001002848148,0.001078411937
11160553,-0.00353048807,0.05809370354,-0.09287046939,0.0009299665689,0.001013785601,0.001103341579
17976572,-0.1405633514,0.02753886053,-0.08648146813,0.001029729843,0.00104422681,0.000944301486
2248256,-0.1457547098,0.04918680191,0.1432916403,0.0005006492138,6.598234177e-05,0.0005258768797
17976957,-0.1400254399,0.009439588711,-0.07441039085,0.0001316070557,0.001090664417,0.001013875008
8541389,0.178489694,0.02738696523,0.1138294205,0.0009933561087,0.001006878912,0.001033514738
8541391,0.1774280041,0.02652057968,0.1128450811,0.001096308231,0.0009302366525,0.0009588673711
8542635,0.1784316421,0.02602810822,0.1105358064,0.001009956002,0.0001405011863,0.001127146184
11164447,-0.003023352381,0.009695864469,-0.07541052997,0.0001167447772,0.0008409693837,0.0009819418192
2252617,-0.1446979344,0.04918736815,0.1416774273,0.0005111992359,6.379932165e-05,0.0005938261747
2252624,-0.1437000692,0.04918695837,0.1412584305,0.0005001872778,6.522610784e-05,0.0004824995995
17981684,-0.06360000223,0.04964439943,-0.1600105405,0.001000002027,0.0006832964718,0.0006209313869
17981693,-0.05741648562,0.03187308585,-0.1422469914,0.001231577247,0.001147855073,0.001038432121
17981696,-0.05640964806,0.04649708569,-0.1497019261,0.001030601561,0.001183550805,0.001162856817
17981727,-0.06560002267,0.05040876642,-0.1600120485,0.001000054181,0.000667527318,0.0006146132946
17981740,-0.06643658131,0.03540587425,-0.143306002,0.0009228438139,0.001491338015,0.001355871558
17981798,-0.06956447065,0.04467323199,-0.1515521169,0.001036658883,0.001056782901,0.001120463014
17981801,-0.06959035397,0.04649709687,-0.149701941,0.001030601561,0.001183561981,0.001162856817
17983843,-0.008599976078,0.02283020206,-0.1275244415,0.001000121236,0.0003487467766,0.0007999390364
17983849,0.008599972166,0.02283021137,-0.1275244713,0.001000130549,0.0003487356007,0.0007998496294
17983974,-0.01157568842,0.07147027403,-0.1346518427,0.001078218222,0.001456558704,0.001537814736
17984218,-0.001478280697,0.04825055289,-0.1415903891,0.0009592829738,0.001018647105,0.001099780202
17984243,0.02318336652,0.03439910477,-0.1432645191,0.001098951325,0.001422338188,0.001437142491
17984245,0.02443889924,0.03349228762,-0.1424002685,0.001301622018,0.001488428563,0.001544028521
17984246,-0.008537192053,0.04926726595,-0.1426059653,0.0009354883805,0.001104474068,0.001171395183
17984248,0.006443112623,0.0482473582,-0.1415851802,0.001036901958,0.001034688205,0.00110822916
17984286,-0.001486493527,0.02588566796,-0.1362504015,0.001016895403,0.001086512581,0.001155629754
17984287,-0.007420083415,0.05057113469,-0.1439030856,0.001072899904,0.001523632556,0.001555413008
17984292,-0.001480481102,0.05369198881,-0.1425349762,0.0009643976809,0.001017425209,0.001099184155
17984296,-0.00750840921,0.0537001662,-0.142514351,0.001097803004,0.001019626856,0.001117512584
17984297,0.00854055242,0.05369724457,-0.1425265248,0.0009237723425,0.001006387174,0.001096829772
17984306,-0.01739686131,0.07262771577,-0.1334803373,0.001014150679,0.001143179834,0.001201614738
17984348,0.003557089856,0.04824693576,-0.1415849268,0.001023609424,0.001034129411,0.001107230783
17984513,-0.003583552269,0.05059360117,-0.1439249218,0.001046935562,0.001460958272,0.001533076167
17984651,0.00547746825,0.05229415807,-0.1581303428,0.0009588892572,0.001090135425,0.001009389758
17984684,-0.008543905492,0.05469682502,-0.1415304964,0.0009161541238,0.001001745462,0.001084044576
17985219,-0.005477466776,0.05229415807,-0.1581303452,0.0009588892572,0.001090135425,0.001009404659
17985253,-0.002575711207,0.05267460644,-0.1435483098,0.001026488841,0.001048542559,0.001121670008
17985255,-0.006481077522,0.05267599449,-0.1435452491,0.001076263841,0.001044418663,0.001119345427
8548279,0.1754089028,0.03559792712,0.123217538,0.001019269228,0.001344580203,0.001540742815
17985622,-0.008537465551,0.04442595132,-0.1377624497,0.0009340364486,0.001082092524,0.0009887814522
17985632,-0.002554554678,0.04445392042,-0.1377825856,0.0009980173782,0.001080051064,0.0009829103947
8548456,0.1774892002,0.03328227922,0.1205615029,0.001045942307,0.0009843558073,0.00122345984
17985641,0.007465126459,0.04445141181,-0.1377882123,0.001027776394,0.001051142812,0.0009741783142
8548457,0.1764407486,0.03435059115,0.1217810005,0.001052215695,0.001192379743,0.001454360783
17985653,0.02518091258,0.03444697941,-0.1403940562,0.001064810902,0.001507803798,0.001648709178
17985690,0.002555404603,0.06054780856,-0.1356743813,0.0009870703798,0.001133680344,0.001065894961
17985704,-0.01838525981,0.0736737147,-0.1324750006,0.001027354971,0.0008906722069,0.0009625852108
17985756,-0.01052749269,0.07261384279,-0.1335070074,0.0009804731235,0.001095108688,0.001171723008
17985895,-0.001483594126,0.02149455063,-0.1232652205,0.0009868909838,0.0005921497941,0.001465253532
17986327,0.001483588732,0.02149455963,-0.1232652577,0.0009867970366,0.0005921516567,0.001465268433
17986330,0.008541828332,0.05852907772,-0.1376928315,0.0009171422571,0.001105330884,0.001007273793
8549727,0.1749712199,0.0396513164,0.0006731031518,0.0001438856125,0.001208730042,0.001250271928
8549934,0.1749779671,0.03955526799,0.01639969535,0.0001102238894,0.0009326338768,0.001000488177
16414428,0.1400258094,0.07544318289,-0.03245788291,0.0001320391893,0.001029096544,0.001091398299
16414532,0.1400259018,0.07943701744,-0.03348089755,0.0001315325499,0.001022189856,0.001082256436
8550402,0.1840254486,0.08054614514,0.01641028374,0.0001313686371,0.001079231501,0.001013649628
16414863,0.175519529,0.03243835121,-0.04063205197,9.772181511e-05,0.001048021019,0.0009410008788
8551014,0.1445892632,0.08402457237,-0.008396643773,0.001011133194,0.0001228675246,0.0009837504476
16415598,0.1551093484,0.0355651329,-0.03026772259,0.0009367763996,0.001089725643,0.001157993451
16415601,0.1688918024,0.03556445303,-0.03027141343,0.0009366124868,0.001090254635,0.001159766689
16415799,0.1400262088,0.07142403871,-0.0315132007,0.0001312047243,0.001020245254,0.001066703349
16415916,0.1400269359,0.06642965525,-0.02951789573,0.0001346766949,0.001003399491,0.001008911058
16416445,0.1400275111,0.06843312085,-0.03050488383,0.000137552619,0.0010163486,0.001071667299
8552177,0.1475132853,0.06397456974,0.05540634617,0.001098707318,0.0001298189163,0.001009069383
16416536,0.1445892513,0.08039599508,-0.01202457063,0.0010112077,0.0009828880429,0.0001228554174
8552257,0.1484564006,0.06397446543,0.06441480517,0.001078352332,0.0001314729452,0.001016698778
16416740,0.1724227607,0.08038091213,-0.01202426441,0.001029029489,0.0009812116623,0.0001203361899
16416986,0.1754296601,0.03960102499,-0.01202373169,0.000955671072,0.00100088492,0.0001187259331
16417337,0.1754343748,0.07139989436,-0.01202409789,0.0009502768517,0.001000158489,0.0001205308363
16417385,0.1764861122,0.07929288348,-0.01450298401,0.0009849667549,0.001353956759,0.0008113933727
16417397,0.1835146546,0.07930611695,-0.01449628345,0.0009839385748,0.001368753612,0.0008189398795
16417579,0.1475997567,0.08136246651,-0.01202529203,0.001000419259,0.0009399354458,0.0001264642924
11174868,-0.01251544729,0.08962820321,-0.06643086225,0.0009677782655,0.001002341509,0.00108153373
11174871,-0.0114692507,0.09061497077,-0.06544852133,0.0009435927495,0.001000411808,0.001082912087
11174928,-0.003525668988,0.1008808523,-0.05008293018,0.0008986529429,0.001090183854,0.0009997822344
11174946,-0.003569086827,0.09842712134,-0.03844567239,0.0009839583654,0.001519858837,0.0003994479775
16418017,0.1425617039,0.0784018591,-0.01202431396,0.001010835171,0.001001901925,0.000121569261
16418182,0.1744726241,0.07740023732,-0.01202361472,0.0009705424309,0.001000158489,0.0001185135916
16418184,0.1734548777,0.07939310074,-0.01202509068,0.001034498215,0.0009925588965,0.0001248922199
16418699,0.1775979906,0.05957017019,-0.01758220345,0.001037210226,0.001217227429,0.001060748473
16418709,0.1835221027,0.05759306687,-0.01878232354,0.000965192914,0.00139329955,0.0007165521383
16418949,0.1734409034,0.03765180185,-0.01202267408,0.001041948795,0.0009001009166,0.0001136111096
8554736,0.1840254456,0.07953416109,0.02740930803,0.0001311302185,0.001071028411,0.001012835652
11176546,-0.003020123485,0.09344737679,-0.03758846596,0.0001006233506,0.0009610727429,0.0009043440223
8555182,0.1799821734,0.03636728972,0.04362906665,0.0001000463963,0.00113363564,0.001097749919
8555673,0.1840254396,0.07653415948,0.05940930843,0.0001311153173,0.001071020961,0.001012835652
8555716,0.1482336044,0.077230905,0.07246353477,0.001284301281,0.0002283900976,0.001039929688
16420132,0.1694003493,0.08136149943,-0.01202528309,0.001000955701,0.0009407103062,0.0001264521852
16420196,0.1400229394,0.03960002512,-0.01256715786,0.0001147687435,0.001001521945,0.0009500058368
16420197,0.1405685991,0.03960207328,-0.01202316415,0.0009546279907,0.000999584794,0.0001158295199
16420225,0.1405940741,0.04535330012,-0.01202507615,0.0009977221489,0.00110534206,0.0001253755763
16420272,0.1425944,0.03632326797,-0.01255926471,0.001045197248,0.0001163780689,0.0009459573776
16420274,0.1435732007,0.03764528334,-0.01202173457,0.001036852598,0.0008979626,0.0001086890697
16420278,0.1400236517,0.03860553876,-0.01353489161,0.000118330121,0.0009869225323,0.0009847469628
16420279,0.1415302426,0.03860769942,-0.01202365514,0.0009807795286,0.0009862594306,0.0001182882115
8556111,0.1453285292,0.07949611545,0.04828048249,0.001240000129,0.0002712458372,0.001472435892
16420527,0.1713059485,0.03632290363,-0.02753487676,0.001225814223,0.0001191832125,0.001140484586
16420647,0.1773738533,0.03269692585,-0.03156917132,0.001225218177,0.001363124698,0.0007742960006
16420654,0.182433638,0.03270143345,-0.03156844825,0.001011148095,0.001372866333,0.0007721334696
8557224,0.1840256274,0.06556758881,0.032399977,0.0001281350851,0.0009598135948,0.001000005752
16421724,0.1400217056,0.03764517978,-0.01557502244,0.0001085996628,0.0008965618908,0.001034112647
11178920,-0.01352895051,0.1114939436,-0.0445553571,0.001051589847,0.001212067902,0.001112736762
17994682,-0.1400220752,0.02061338015,-0.0205998987,0.0001102983952,0.001012833789,0.001000214368
17994685,-0.1400229663,0.02355303355,-0.02060016878,0.0001147538424,0.001090269536,0.001000467688
11178980,-0.01251262724,0.1104382813,-0.04561892897,0.0009638462216,0.001107819378,0.001024190336
11178989,-0.02777024607,0.0984248966,-0.05763826954,0.001248147339,0.0009996816516,0.00110372901
11178995,-0.0215572305,0.09355552197,-0.06249047741,0.001167695969,0.001015789807,0.001140277833
17994775,-0.140024358,0.0256626118,-0.02260029241,0.0001217126846,0.001069622114,0.0009997989982
17994776,-0.1400277942,0.02461992465,-0.02160057351,0.0001388937235,0.001037688926,0.001000171527
11179162,-0.0114690396,0.1054472849,-0.05061393355,0.0009438935667,0.001089714468,0.001000005752
11179331,-0.04440000728,0.1126491562,-0.04340828508,0.001000020653,0.001288361847,0.001198455691
11179333,-0.0445245862,0.1074238136,-0.04863239452,0.001169580966,0.001300193369,0.001390796155
11179438,-0.04540033042,0.1115057364,-0.04455537647,0.00100075826,0.001186542213,0.00111208111
11179447,-0.04360184136,0.1064683224,-0.04960843983,0.001053836197,0.0009808987379,0.00105907768
2266608,-0.1452196121,0.04918688908,0.1421956927,0.000523775816,6.59301877e-05,0.0006022751331
16422631,0.1835164651,0.02843934701,-0.04130448836,0.0009741485119,0.001434687525,0.0007561184466
11179806,-0.1274710536,0.1114940837,-0.04455549568,0.001051589847,0.001211367548,0.001112740487
11179835,-0.09547585398,0.1074244663,-0.04863190204,0.001169897616,0.001300595701,0.00139117986
11180014,-0.1354827672,0.1003855959,-0.0505808793,0.00103905797,0.001089423895,0.001005638391
16423163,0.1840245783,0.0294324927,-0.03745632395,0.0001228153706,0.001024968922,0.001049730927
11180812,-0.1284873724,0.1104387298,-0.04561937749,0.0009638369083,0.001105576754,0.001024190336
11180854,-0.1364919364,0.07358375788,-0.07738375813,0.0009641349316,0.001000002027,0.001081250608
11180878,-0.1184415743,0.09355446398,-0.06249078363,0.001190558076,0.001027077436,0.001149956137
11181195,-0.126417017,0.1126476467,-0.04340765625,0.001050487161,0.001292765141,0.001201972365
11181201,-0.09459967166,0.1115057379,-0.04455537423,0.001000739634,0.001186534762,0.00111208111
16424235,0.1840259552,0.07143831104,-0.01646942645,0.0001297742128,0.001015417278,0.001019589603
16424249,0.172428146,0.03632289171,-0.01254881639,0.001077324152,0.0001143887639,0.0009200461209
16424693,0.1840222597,0.08156560957,-0.009563346766,0.0001298487186,0.001129940152,0.001159808598
16424763,0.1735510141,0.03632341474,-0.01350699272,0.001198634505,0.0001169033349,0.0009976839647
16425106,0.1840282828,0.0805266127,-0.01055738349,0.0001518577337,0.001084700227,0.001119473018
16425165,0.1764779091,0.05759356357,-0.01878206898,0.0009652078152,0.0013955459,0.0007177107036
16425170,0.1840230972,0.06361913532,-0.01843005009,0.0001154839993,0.001020848751,0.001049933955
16425172,0.182402125,0.05957861468,-0.01758852899,0.001037329435,0.001226276159,0.00104187429
16425193,0.1840243757,0.06644097567,-0.01847463474,0.0001218765974,0.001028418541,0.00104598701
16425216,0.1840259939,0.06944060922,-0.01747148335,0.0001299679279,0.001022480428,0.001029752195
16425422,0.1415725917,0.04839848801,-0.0120256329,0.000964358449,0.001002706587,0.0001281620935
11182551,-0.1274595708,0.08662344813,-0.06943615675,0.001067921519,0.001008629799,0.001083225012
11183089,-0.1122288344,0.09842415899,-0.0576388184,0.001248776913,0.0009995698929,0.001103404909
16426043,0.184026134,0.07848576903,-0.01255757771,0.0001308768988,0.001057721674,0.001099438407
16426046,0.1840273321,0.07648644298,-0.01356174834,0.0001366585493,0.00106485188,0.001111508347
16426051,0.1840274066,0.07447954416,-0.0145554658,0.0001370310783,0.00107203424,0.001134454273
2270290,-0.1460363805,0.04278686792,0.1412712961,6.520748138e-05,0.0005399659276,0.0005017518997
11183243,-0.09933908532,0.1053938841,-0.05067818115,0.001090355217,0.001098141074,0.001192402095
11183245,-0.09639873604,0.1064678393,-0.04960634311,0.001052446663,0.0009820386767,0.001060299575
11183712,-0.137979275,0.09344736338,-0.03758853897,0.0001036822796,0.0009611621499,0.0009046308696
9086576,0.1705296606,0.05252250358,0.2302675039,0.001014217734,0.001463592052,0.0004188865423
17999782,-0.009394801222,0.1175417945,-0.07525731176,0.001022532582,0.001070462167,0.001099005342
17999783,0.009394775331,0.1175418064,-0.07525741607,0.001022514887,0.00107011199,0.001099176705
17999816,-0.1459562605,0.01464848826,-0.02150052227,0.0001309514046,0.002153226174,0.001081699505
17999840,-0.140021807,0.03764517978,-0.01557502244,0.0001091063023,0.0008965618908,0.001034112647
17999843,-0.1400229394,0.03960002437,-0.01256715413,0.0001147687435,0.001001521945,0.0009500095621
17999849,-0.1405938238,0.04535343125,-0.01202507447,0.0009975731373,0.001105327159,0.0001254044473
17999867,-0.1400236517,0.0386055395,-0.01353488974,0.000118330121,0.000986918807,0.0009847478941
17999912,-0.1405686438,0.03960207105,-0.0120236218,0.0009548515081,0.0009995885193,0.0001181457192
17999916,-0.1405596763,0.03632328063,-0.01459460407,0.0009468197823,0.0001164227724,0.001044753008
16427718,0.1762038857,0.03473777696,-0.03053176776,0.001189619303,0.001281064004,0.00078035146
8563435,0.1399712324,0.0804304257,-0.008438175172,0.000143840909,0.001025944948,0.001037609763
8563441,0.1475997627,0.0840252921,-0.009362494387,0.001000419259,0.0001264661551,0.0009398916736
8563454,0.1765083432,0.08377564102,-0.01072931197,0.001108273864,0.0006671696901,0.001104057766
16427898,0.1736101508,0.03632583618,-0.01839665622,0.00107806921,0.0001291744411,0.00100424327
16427905,0.1405596763,0.03632327765,-0.01459460482,0.0009468197823,0.0001164264977,0.001044752076
11185129,-0.1274059206,0.1091028437,-0.04130402803,0.001040115952,0.0008247420192,0.0002162195742
16428313,0.1835173195,0.03472891947,-0.0305410695,0.0009792000055,0.001374363899,0.0008286908269
16952613,0.05550011061,0.0481375164,-0.1513340796,0.001000169665,0.0005001798272,0.0002889484167
16952617,0.05450011107,0.04813766914,-0.1513339132,0.001000165939,0.0005006566644,0.0002883970737
16952621,0.0565001145,0.04813735125,-0.1513342336,0.00100018084,0.0004996545613,0.0002894252539
16952623,0.05750011342,0.04813723514,-0.1513343329,0.001000184566,0.000499162823,0.0002896487713
11185639,-0.1233466205,0.0865243425,-0.06953942155,0.001376397908,0.001002788544,0.00109051168
8564703,0.1840254575,0.08155813664,0.005411257502,0.0001316219568,0.001087486744,0.001014448702
16429832,0.1724869579,0.03632373139,-0.02643955946,0.001149609685,0.0001193769276,0.001054285094
18002760,-0.1834074199,0.03902606592,0.1714000046,0.000991627574,0.0001303553581,0.001000002027
16430453,0.1306456923,0.04929130673,-0.1425097585,0.001029238105,0.001192133874,0.001076608896
16430456,0.1135903537,0.04649708197,-0.1497019351,0.001030601561,0.001183543354,0.001162841916
16430458,0.1224096477,0.0464970842,-0.149701941,0.001030601561,0.00118354708,0.001162856817
8566523,0.1454770833,0.06397455633,0.03741007447,0.001129329205,0.0001306012273,0.001010190696
16432066,0.07840000242,0.1487677246,-0.06165403798,0.001000002027,0.0004512071609,0.000504873693
6732857,0.1514082015,0.05739300847,0.2273437679,0.001019209623,0.0001267232001,0.0009446293116
3850789,-0.09740000069,0.02801668346,0.2266003668,0.000999994576,8.34222883e-05,0.001001849771
3850875,-0.09640000165,0.02802246548,0.230738762,0.001000002027,0.0001123342663,0.001103758812
3850878,-0.09740000069,0.02802117914,0.2296193779,0.000999994576,0.0001059025526,0.001128077507
16434170,0.1400250465,0.09538747668,-0.07938096225,0.0001251846552,0.0009921714664,0.0009826496243
8569914,0.1399756014,0.07941418141,-0.009451748803,0.0001219958067,0.001014001667,0.001025922596
6734917,0.1544260412,0.04624119624,0.2321363866,0.000979334116,0.001029476523,0.0003039836884
16434249,0.1400240958,0.1113591805,-0.06340113282,0.0001203417778,0.0009590983391,0.001014351845
16434417,0.1035630591,0.03540535783,-0.1433062069,0.0009233430028,0.001491386443,0.001355424523
16434722,0.09602616429,0.1305441111,-0.06045693755,0.0001277476549,0.001513674855,0.001513428986
16434938,0.1400272816,0.04454303458,-0.1524704188,0.0001364052296,0.001022152603,0.001021057367
16959244,0.0525001126,0.04813777159,-0.1513337592,0.00100018084,0.0005007907748,0.0002877116203
16959246,0.05350011401,0.04813775482,-0.1513338014,0.001000177115,0.0005007684231,0.0002878606319
16959250,0.05850009931,0.04813724073,-0.151334328,0.001000162214,0.0004992447793,0.0002896487713
16435191,0.1315849245,0.0435061492,-0.1368426621,0.001054555178,0.000972867012,0.0008919537067
16435228,0.135399884,0.04298119694,-0.1356809288,0.001008912921,0.0001141279936,0.001078188419
16435233,0.1314501822,0.04298289195,-0.135583058,0.001804530621,0.0001225359738,0.001371636987
16435458,0.1355521828,0.02751620077,-0.1234515563,0.00101621449,0.001200338826,0.001275837421
16435566,0.1122283849,0.04063899939,-0.1154242816,0.001248613,0.001103270799,0.0009996667504
16435623,0.1400271773,0.04739356712,-0.123434855,0.0001358836889,0.00101017952,0.0009667947888
16435714,0.1400273025,0.05546981096,-0.1153871313,0.0001365095377,0.0009862855077,0.001017071307
16436072,0.1400263011,0.01650995873,-0.1004297331,0.0001315027475,0.001067824662,0.001026540995
8571920,0.170483014,0.03790300712,0.002212553704,0.001102089882,0.0004339665174,0.001250343048
8571921,0.1715925366,0.0380230464,0.003443703009,0.001102313399,0.0001414678991,0.001199337188
8571923,0.172715345,0.03802636266,0.005589945149,0.001147076488,0.0001318193972,0.001029890496
16960805,0.03249996963,0.04813767721,-0.1513337071,0.001000061631,0.0005006566644,0.0002876669168
16960809,0.03349998221,0.04813767287,-0.1513337096,0.001000043005,0.0005006417632,0.0002876520157
16960812,0.0395000012,0.04813769398,-0.1513337145,0.001000002027,0.0005006715655,0.000287681818
16960816,0.03850000165,0.04813768653,-0.151333712,0.001000005752,0.0005006566644,0.000287681818
16960819,0.04750001617,0.04813773371,-0.1513337369,0.001000039279,0.0005007535219,0.0002876967192
16960822,0.04650000855,0.04813772005,-0.1513337294,0.001000024378,0.0005007199943,0.000287681818
16960826,0.04050000074,0.04813769522,-0.151333717,0.001000005752,0.0005006715655,0.000287681818
16960829,0.04150000028,0.04813769211,-0.151333717,0.001000005752,0.0005006566644,0.000287681818
16960878,0.04850002999,0.04813774303,-0.1513337394,0.001000057906,0.0005007572472,0.0002876967192
16960882,0.04950005064,0.04813774861,-0.1513337344,0.001000087708,0.0005007684231,0.000287681818
16436701,0.1400276333,0.08357484788,-0.08740931153,0.0001381635666,0.001060917974,0.0009925663471
16436940,0.1395194381,0.1246917707,-0.07154066736,0.000963896513,0.001032009721,0.001095801592
16436974,0.1325735122,0.1315501809,-0.06466180384,0.0009913891554,0.001195564866,0.001095242798
16437103,0.1325510353,0.1155217335,-0.05531362295,0.001032203436,0.001167096198,0.001096818596
16437115,0.1400245041,0.1235343426,-0.05135438815,0.0001225173473,0.001134932041,0.001200821251
18010160,-0.184025681,0.03742860109,0.1743999958,0.0001283288002,0.0009610466659,0.001000002027
16437802,0.0965266794,0.1236611873,-0.03942997381,0.0009831115603,0.001151382923,0.001201134175
16437941,0.1285231501,0.1246018529,-0.04039016664,0.001123696566,0.001092635095,0.001206994057
16437953,0.1353895128,0.1235860825,-0.03935177252,0.001122578979,0.001341931522,0.001353669912
16962452,0.03549999744,0.04813767162,-0.1513337046,0.001000013202,0.0005006231368,0.0002876520157
16962454,0.03449999231,0.04813767038,-0.1513337071,0.001000028104,0.0005006305873,0.0002876520157
16962459,0.03650000008,0.04813767535,-0.1513337046,0.001000009477,0.0005006194115,0.0002876520157
16962461,0.03750000149,0.04813767908,-0.1513337071,0.001000002027,0.0005006380379,0.0002876669168
16962465,0.04450000202,0.0481376977,-0.151333717,0.001000016928,0.0005006492138,0.0002876669168
16962467,0.04550000466,0.04813770639,-0.151333722,0.001000020653,0.0005006827414,0.0002876669168
16962472,0.04350000061,0.04813769211,-0.151333712,0.001000013202,0.0005006454885,0.0002876520157
16962474,0.04249999983,0.04813768963,-0.151333712,0.001000009477,0.0005006454885,0.0002876669168
16438378,0.1125835093,0.03187307964,-0.1422469889,0.001231662929,0.001147892326,0.001038461924
16962735,0.05150010002,0.04813776476,-0.1513337394,0.001000169665,0.0005007907748,0.0002876520157
16962737,0.05050007626,0.04813775482,-0.1513337319,0.001000132412,0.0005007721484,0.0002876520157
2020555,0.1393766046,0.03962147161,0.02978266887,0.00104381144,0.0001824423671,0.001358764246
3855658,-0.1674642622,0.02696820125,0.2247601777,0.001119732857,0.0008795130998,0.001104772091
3855726,-0.1765740037,0.03902293593,0.2223989218,0.001041531563,0.0001147091389,0.001002132893
3855737,-0.1840242207,0.03643616736,0.2284690619,0.0001209378242,0.001011498272,0.001091957092
3855750,-0.17997742,0.03078743257,0.2203999877,0.0001129359007,0.0008202847093,0.001000016928
3855751,-0.1799732536,0.03164932355,0.2213999927,0.000133767724,0.0009014699608,0.001000061631
16962954,0.03149996139,0.04813769522,-0.151333712,0.001000059769,0.000500664115,0.0002876520157
16962957,0.03049998265,0.04813777904,-0.1513337716,0.001000035554,0.0005007758737,0.0002876371145
3855765,-0.1799777359,0.03261171728,0.2224001944,0.0001113563776,0.001003008336,0.00100043416
3855767,-0.1799785554,0.03547900915,0.2224001437,0.0001072585583,0.0009701214731,0.001000374556
3855772,-0.178357172,0.03032094166,0.2255383253,0.001118198037,0.0001051537693,0.001130104065
3855773,-0.179417488,0.03032194488,0.2244326919,0.0009837448597,0.0001096837223,0.001069530845
16438767,0.09602261186,0.1274513364,-0.05854864269,0.0001074522734,0.001076892018,0.001319196075
2283062,0.1479764551,0.0126259597,0.04258389026,0.0001177340746,0.0009949468076,0.0009782612324
2283068,0.1479762852,0.01058032569,0.04460034966,0.0001185685396,0.0009888112545,0.00103026256
2283095,0.1479730844,0.022412977,0.04351869375,0.0001345872879,0.001020140946,0.000965423882
3855965,-0.1799773306,0.03643448204,0.2213999987,0.0001133829355,0.0009497702122,0.001000031829
3855968,-0.179408288,0.03902278095,0.2224000096,0.001014262438,0.0001139119267,0.001000240445
3855983,-0.1814408243,0.03902426884,0.2203999877,0.001012861729,0.000121332705,0.001000002027
3855984,-0.1804236263,0.03902826905,0.2213999718,0.001020625234,0.0001413412392,0.001000061631
3855986,-0.17429443,0.03902961388,0.2203786016,0.001286059618,0.0001492500305,0.001029342413
3855990,-0.1729946792,0.0390241541,0.2193938136,0.001297473907,0.0001161918044,0.00102263689
3855992,-0.172407952,0.02856532298,0.2299749821,0.001024797559,0.000949434936,0.0001250505447
3856023,-0.1840253681,0.03340236023,0.2307401359,0.0001273304224,0.001003935933,0.001105204225
3856035,-0.1840254396,0.03542033061,0.2295907974,0.0001285821199,0.001018516719,0.001151040196
8574681,0.1705475003,0.03802423105,0.01939999014,0.001088663936,0.0001209229231,0.001000015065
8574682,0.1716269165,0.03802500144,0.0183999829,0.001065477729,0.0001247562468,0.0009999983013
8574747,0.1814362198,0.03902353868,0.02653651759,0.001017764211,0.0001176893711,0.00104219839
3856196,-0.1554005861,0.03744029328,0.2299728692,0.0009994208813,0.0009673088789,0.0001356005669
2283346,0.1479762346,0.02343250662,0.04453119934,0.0001188367605,0.001017356291,0.001043859869
16439129,0.1284243464,0.07147056907,-0.1346515447,0.001078203321,0.001456931233,0.001538202167
2283591,0.1479767978,0.02140010521,0.04256520271,0.0001160204411,0.001006415114,0.0009482987225
16439550,0.1379744142,0.02331578471,-0.1205458388,0.0001278817654,0.001457158476,0.001126207411
16439556,0.1379771173,0.02456945963,-0.1215561867,0.0001144111156,0.001184806228,0.001074209809
8575434,0.1840261161,0.06459397227,0.02940068468,0.0001305788755,0.0009947791696,0.001000190154
3857843,-0.1093999982,0.02770289294,0.2256233573,0.001000002027,0.0005210544914,0.0006673783064
8576749,0.1505652398,0.02602390833,0.04556313157,0.001012906432,0.000119548291,0.001037530601
8576750,0.151581943,0.02602473609,0.04452522174,0.001018807292,0.0001236870885,0.001036982983
8576756,0.1535996288,0.02602201365,0.04351781756,0.001003295183,0.0001100748777,0.0009682141244
16441249,0.0934156167,0.03161698673,-0.1244637184,0.0010721609,0.001012384892,0.0009528771043
8576944,0.1744037837,0.02602203414,0.04351958632,0.001006618142,0.0001101959497,0.0009690448642
8577387,0.1774781078,0.02602494583,0.04556742236,0.001040711999,0.0001247543842,0.001034401357
8577388,0.1764378071,0.02602496147,0.0445314832,0.001039013267,0.0001248326153,0.001036737114
8577390,0.1784893513,0.02602191754,0.04759692028,0.0009626150131,0.0001096129417,0.001005541533
8577436,0.1764074683,0.02656495161,0.0420231916,0.001024380326,0.0009467825294,0.0001159794629
8577437,0.1774398923,0.02752911672,0.04202392697,0.00104187429,0.0009840037674,0.0001196563244
8577607,0.1784928709,0.03358292878,0.04201758876,0.0009894520044,0.001222155988,0.0001257285476
8577609,0.177464965,0.03482030183,0.04189088568,0.001068025827,0.001242499799,0.0004200823605
16442042,0.1400263101,0.01946760938,-0.1104490325,0.0001329779625,0.001107053831,0.001027435064
16442448,0.140026927,0.06140193567,-0.1093788967,0.0001346319914,0.00099953264,0.0009366050363
16442558,0.1400243074,0.06642183214,-0.108409676,0.0001214891672,0.001024909317,0.0009916201234
8578402,0.1840254456,0.07855815291,0.03741125986,0.0001316219568,0.001087464392,0.001014444977
16443054,0.1400246203,0.08249967843,-0.09239446819,0.0001230984926,0.001081801951,0.0009939521551
16443055,0.1400241494,0.08040573299,-0.09437063485,0.0001207441092,0.001015588641,0.0009697824717
16443085,0.140025118,0.09339758754,-0.0803478092,0.0001255124807,0.0009976625443,0.0009448826313
11200262,-0.04540032968,0.02754995003,-0.1285003155,0.001000754535,0.001112077385,0.001213654876
3860397,-0.1686203778,0.02614765167,0.2238247156,0.001170277596,0.0007936563343,0.000997453928
16443366,0.1400250286,0.09637428671,-0.07839106917,0.0001250952482,0.0009777471423,0.0009944364429
16443367,0.1400250584,0.09733511508,-0.0763982594,0.0001252144575,0.0009357184172,0.0009981766343
16443398,0.1400246561,0.1093939781,-0.0655062139,0.0001233369112,0.0009951665998,0.001095317304
11200529,-0.04440000728,0.02640746608,-0.1296482205,0.001000020653,0.001198463142,0.00129301846
2287651,0.1423878103,0.03889819011,0.04246560633,0.001018792391,0.0002136044204,0.001047246158
3860647,-0.1766650915,0.03164402731,0.2299767166,0.001262128353,0.001016300172,0.0001160055399
3860753,-0.1756599694,0.03060213402,0.2299716711,0.001282796264,0.001065315679,0.0001405775547
16443802,0.1399259716,0.1132328585,-0.03256679401,0.0002001076937,0.001206591725,0.001206066459
8579508,0.1840254486,0.07754614204,0.04841028377,0.0001313686371,0.001079231501,0.00101365149
16443934,0.13442747,0.05129308328,-0.1591373652,0.001026600599,0.001109175384,0.001034125686
16443954,0.1008179476,0.034440157,-0.1404027734,0.001065805554,0.001466877759,0.0015758425
16443957,0.1015613964,0.03349430859,-0.1423986237,0.001302294433,0.001491043717,0.001547083259
3861234,-0.1804882079,0.03660430014,0.2320259809,0.001105502248,0.001133270562,0.0001312494278
3861312,-0.1754092067,0.03642197102,0.2299767852,0.001015692949,0.0009742677212,0.0001160949469
3861463,-0.1827307969,0.003559318138,0.2320246607,0.001126661897,0.001102933427,0.000123411417
3861464,-0.1804519892,0.001258795662,0.2320243835,0.001115098596,0.001115027582,0.0001219511032
3861467,-0.1815883875,0.002416111995,0.2320294142,0.00115416944,0.001178844483,0.0001471340656
8580303,0.1425145815,0.08050482844,0.03024047986,0.0003013908863,0.00116892159,0.001488724723
8580304,0.1432955354,0.08117017448,0.03047389202,0.001277893782,0.000238828361,0.001096410677
16444950,0.1314597999,0.1166017664,-0.07423337176,0.0009202808142,0.001090548933,0.001005336642
16445001,0.09603144377,0.1295911789,-0.05940899029,0.0001547113061,0.001565843821,0.001565989107
16445017,0.1335888535,0.132717675,-0.06350249052,0.001035422087,0.001305341721,0.001232869923
3862488,-0.1745189399,0.02954952717,0.2299748421,0.00114877522,0.001010112464,0.0001250207424
16445527,0.1214070961,0.04359932989,-0.1526225269,0.001020997763,0.001098711044,0.001173764467
16445562,0.122435528,0.04467322901,-0.1515521169,0.001036651433,0.001056779176,0.001120463014
16445631,0.1400253743,0.04662502259,-0.1535173297,0.0001268684864,0.001089718193,0.001073896885
3862836,-0.1827413499,0.03340632766,0.2320254356,0.001101523638,0.001017283648,0.0001274943352
3862845,-0.1764351845,0.03546765372,0.2299771637,0.001042753458,0.0009683743119,0.0001142024994
3862858,-0.1816102535,0.03548674956,0.2320259422,0.00113864243,0.001103393734,0.0001311600208
3862864,-0.1784063101,0.03770370036,0.2320251435,0.001017525792,0.001178145409,0.0001261234283
11203036,-0.1364919364,0.04738340601,-0.1035834014,0.0009641349316,0.00108301267,0.000999994576
3863440,-0.1425623536,0.03052990474,0.2299740493,0.001021012664,0.00104566291,0.0001296848059
16446438,0.1395133038,0.02588622179,-0.1362520655,0.001019120216,0.001084391028,0.001148298383
11203572,-0.09547584653,0.03163191564,-0.1244244561,0.001169934869,0.001391245052,0.001300655305
16446551,0.1228184747,0.03444085689,-0.1404011548,0.001065261662,0.001501940191,0.00163847208
16446552,0.1228227494,0.03344709007,-0.1413929537,0.001071199775,0.001580465585,0.001497492194
16446616,0.1374144435,0.04351835102,-0.1368528247,0.001047194004,0.0009928680956,0.0009066611528
16446733,0.1314225614,0.04298199937,-0.1295739144,0.001721292734,0.0001181066036,0.00109142065
16446737,0.135400486,0.04298135862,-0.1294851214,0.001014888287,0.0001149438322,0.001051664352
16446741,0.1364137679,0.04298174083,-0.1345910162,0.001021623611,0.0001168474555,0.001104354858
16446751,0.1364187211,0.04298162088,-0.1305412948,0.001022934914,0.0001162402332,0.001058936119
16446752,0.138447389,0.04930845797,-0.1426347852,0.000993937254,0.00114781037,0.001238614321
3864143,-0.1445975006,0.02856283709,0.2299762398,0.001007378101,0.0009453948587,0.0001187473536
18019981,-0.1840227783,0.07140563875,0.08740210682,0.000113889575,0.001008138061,0.00100197643
3864298,-0.1395628154,0.02669927962,0.2320266336,0.001532420516,0.001182477921,0.0001345574856
2291604,0.1403342605,0.03868317828,0.04143209234,0.001065388322,0.0002051740885,0.001060552895
8583631,0.1749873102,0.06269921809,0.0002880086081,6.34342432e-05,0.0005143731833,0.000485654894
8583635,0.1749875367,0.06371192187,0.001300239284,6.230175495e-05,0.0004861280322,0.0005158922868
8583665,0.146497195,0.07749945919,0.06425016622,0.0003164410591,0.00106113404,0.001431293786
18021080,-0.1840228498,0.06857471019,0.08740983158,0.0001142472029,0.001032754779,0.001014538109
8583954,0.1416370422,0.08238424808,0.01751040034,0.001049950719,0.0002167448401,0.0009647551924
16448384,0.1395164778,0.02149461396,-0.1232652552,0.000986456871,0.0005926061422,0.001465126872
16448387,0.1374419302,0.02346237339,-0.123467119,0.0009380429983,0.000470135361,0.001535825431
16448400,0.1384249836,0.02245327495,-0.1263343692,0.001023620367,0.0005595572293,0.001444071531
16448401,0.1325288206,0.02698160522,-0.123989138,0.001049757004,0.001216102391,0.001289196312
16448614,0.1400262058,0.02052461393,-0.1134260222,0.0001310259104,0.001045843586,0.001018531621
18021544,-0.1840254456,0.07653415501,0.05940930694,0.0001311302185,0.001071020961,0.001012835652
18022159,-0.1484564006,0.06397446543,0.06441480517,0.001078352332,0.0001314729452,0.001016698778
16449322,0.1330584913,0.05030348152,-0.1192131966,0.001062870026,0.001150880009,0.001080058515
16449460,0.1214770501,0.09113014241,-0.1192969407,0.0009661093354,0.001023232937,0.001107536256
16449495,0.1216089889,0.09320549071,-0.1172281161,0.001012839377,0.001260265708,0.001169689
18022584,-0.183407405,0.03902607113,0.08359999806,0.000991627574,0.0001303516328,0.001000002027
18022650,-0.183405593,0.06397386193,0.08359972686,0.0009947270155,0.0001306310296,0.00100018084
18022757,-0.1835199619,0.0754685762,0.09120666981,0.0009761154652,0.0002726837993,0.001432292163
16450814,0.1400262803,0.01845645197,-0.1074485734,0.0001323074102,0.001074431464,0.001021951437
16450817,0.1400260478,0.01747887731,-0.1044415459,0.0001302361488,0.001060282812,0.001016505063
2032931,0.1393801749,0.03905618712,0.03570974395,0.001060634851,0.0002389699221,0.001065250486
11208108,-0.1293270022,0.02432643659,-0.1262485206,0.001171350479,0.0001953225583,0.0006684660912
11208213,-0.13548311,0.03358441368,-0.1173844144,0.00103867054,0.001000002027,0.001077964902
8586922,0.1399755806,0.08144503087,-0.007420162391,0.0001221001148,0.001018166542,0.001021445729
8586925,0.1425603062,0.08402432203,-0.006401754171,0.00101172924,0.0001216158271,0.0010026698
8587663,0.1415673673,0.08350624293,0.005580657441,0.001014247537,0.0001434087753,0.001473707613
16452214,0.140016821,0.0894652158,-0.1116651058,8.410215378e-05,0.001196578145,0.001196600497
16453289,0.1330599397,0.08424141556,-0.08527630717,0.001207888126,0.001063786447,0.001104943454
16453290,0.1345327914,0.08460862339,-0.0869859606,0.0009354799986,0.001185655594,0.0007638707757
16453292,0.1308506919,0.08166175974,-0.0847873858,0.001542672515,0.001647569239,0.001685209572
17764120,-0.1306066602,0.1274354875,-0.06868870407,0.001029625535,0.001169711351,0.001000218093
16453407,0.1216096655,0.1271696389,-0.0832638979,0.001014083624,0.001297086477,0.001206465065
17764130,-0.03440964743,0.04649709389,-0.149701941,0.001030601561,0.001183573157,0.001162856817
17764132,-0.07840969265,0.04649709091,-0.14970195,0.001030527055,0.001183584332,0.001162841916
17764134,-0.009396627545,0.04724251553,-0.1405557632,0.001016895287,0.001029074192,0.001078635454
17764135,-0.00939581003,0.04546445757,-0.1387405455,0.001017387025,0.001079663634,0.001063644886
16453415,0.1214790729,0.1251283611,-0.08529880891,0.0009714514017,0.001015149057,0.001100815833
18026402,-0.1824325323,0.03902562633,0.08059999049,0.000959739089,0.0001281276345,0.001000009477
18026448,-0.1824286133,0.06397432238,0.08059998453,0.0009610503912,0.0001283288002,0.000999994576
18026532,-0.1840282947,0.07241625488,0.08640212864,0.0001414716244,0.001016758382,0.001001112163
18026648,-0.1525534362,0.07159581631,0.09402473569,0.001016780734,0.0009951144457,0.0001236572862
11211090,-0.09459967166,0.02755537853,-0.1285057396,0.001000739634,0.00111208111,0.001186534762
16454130,0.1314686537,0.1117866524,-0.06941804662,0.0009638816118,0.0009965449572,0.001083537936
16454135,0.1400277019,0.1044075921,-0.06659910381,0.0001385062933,0.0009939149022,0.001075752079
16454139,0.1395156061,0.1117814407,-0.06941266606,0.0009952932596,0.001018486917,0.001105166972
16454141,0.1395231163,0.1166019365,-0.07423355803,0.0009566247463,0.001090697944,0.001005366445
16454142,0.1384482712,0.1175986737,-0.07524186373,0.0009969621897,0.001138694584,0.001041732728
16454313,0.1384422511,0.131554988,-0.06465914249,0.0009918063879,0.001190051436,0.001097165048
16454361,0.1385571254,0.140496007,-0.06635844601,0.001414969563,0.001432746649,0.001571275294
16454365,0.1393227726,0.1394678354,-0.06629444566,0.001187846065,0.001689493656,0.001639649272
16454696,0.09396868199,0.1246008694,-0.05439905003,0.0001539215446,0.001566551626,0.001566462219
16454697,0.09396755844,0.12362331,-0.05337649137,0.0001596361399,0.001596994698,0.001596696675
16454704,0.1374102145,0.1143892318,-0.05644325539,0.00103841722,0.001254729927,0.001176670194
16454761,0.138420105,0.1155206367,-0.05531349331,0.00100377202,0.001168869436,0.001099374145
16454807,0.09396950603,0.1295972496,-0.05940271094,0.0001497045159,0.001555025578,0.001554839313
16454808,0.09397439063,0.1305992216,-0.06040168405,0.0001253560185,0.001560524106,0.001560136676
16454815,0.09343785495,0.14260934,-0.0583825171,0.0009344816208,0.001503556967,0.001503773034
16454816,0.09397794008,0.1385970026,-0.05818272457,0.0001106113195,0.001228317618,0.001203063875
16455491,0.1374154001,0.1327188194,-0.0635014832,0.001044988632,0.001303941011,0.001230239868
18028708,-0.1840283573,0.06756171882,0.08640854955,0.0001417845488,0.001038081944,0.001012466848
18028711,-0.1840243131,0.06655033976,0.08540519029,0.000121563673,0.001022644341,0.001006282866
16456068,0.1314851666,0.1036356613,-0.03743994795,0.001017615199,0.0008359476924,0.000913951546
16456094,0.1304893146,0.1046289206,-0.03644541775,0.0009814351797,0.001040808856,0.001106761396
16456105,0.1400344044,0.1097272158,-0.03728014454,0.0002046525478,0.001329891384,0.001218531281
11213230,-0.1379549056,0.03440172449,-0.09048382789,0.0001622140408,0.001073058695,0.002501353621
16456127,0.09397633821,0.122679238,-0.04346222505,0.0001172348857,0.001151524484,0.001141469926
16456218,0.09340408742,0.1236045882,-0.03937303945,0.00106909126,0.001343868673,0.001365091652
16456797,0.1308198273,0.1212592363,-0.03351160288,0.001001790166,0.001192614436,0.001193910837
16456816,0.1383834124,0.1233920455,-0.03569741249,0.001123324037,0.001208156347,0.001123413444
16457062,0.06340187341,0.05048406497,-0.1537234068,0.001004509628,0.001065459102,0.0009989440441
11214392,-0.09559999257,0.02640828639,-0.1296491444,0.001000024378,0.001198457554,0.001288354397
16457310,0.1399288893,0.1144214779,-0.03138600402,0.0002001971006,0.001180112362,0.001179821789
16982020,0.028500389,0.04813887614,-0.1513346756,0.001000437886,0.0005023479462,0.0002883076668
16982022,0.02950009207,0.04813806899,-0.1513340101,0.001000061631,0.0005011670291,0.0002878159285
16457827,0.1214004382,0.1146773621,-0.03045098595,0.001001492143,0.0009978339076,0.00108208321
16457829,0.1224030137,0.1156930417,-0.03146349229,0.001003980637,0.001032374799,0.001102732494
11215903,-0.09933907911,0.03367818706,-0.1223938838,0.001090355217,0.00119240582,0.001098148525
18032328,-0.1840254575,0.07555815428,0.06941125989,0.0001316219568,0.001087449491,0.001014448702
16459483,0.04452346265,0.03163084872,-0.1244255215,0.001169882715,0.001391166821,0.001300610602
16460094,0.0626000002,0.1487677246,-0.06165403798,0.001000002027,0.0004512071609,0.000504873693
9120237,0.163500078,0.03980968194,0.1475000009,0.001000121236,3.761425614e-05,0.001000002027
9120258,0.163500078,0.03980968241,0.1485000029,0.001000121236,3.761425614e-05,0.001000002027
16460514,0.04703128859,0.1265995771,-0.05640036613,0.000153709203,0.001549005508,0.001548927277
16460515,0.04702889472,0.1196191385,-0.04935948551,0.0001435130835,0.001736961305,0.001746058464
16460516,0.04703262746,0.1275631815,-0.05743672624,0.0001603960991,0.001548543572,0.001548446715
9120774,0.1722251266,0.05535120815,0.1723996818,0.0001255869865,0.0009263046086,0.001000106335
16460984,0.04497505426,0.1186224222,-0.04934420958,0.0001214370131,0.001185633242,0.001735903323
16460985,0.04496768937,0.1235633552,-0.05343637392,0.0001593828201,0.001591548324,0.001591082662
16460987,0.04496721178,0.1265993357,-0.05640057102,0.000162422657,0.001683816314,0.001683808863
16460991,0.04496867806,0.1225957453,-0.05240405425,0.000154055655,0.001559257507,0.001559108496
16460997,0.04497340545,0.1305983603,-0.06040309668,0.0001308657229,0.001586765051,0.001586910337
16460998,0.04496739432,0.1275783777,-0.05742126331,0.0001615062356,0.001625582576,0.001624889672
16461000,0.04702672809,0.1306069136,-0.06039436609,0.0001309774816,0.001455456018,0.001347418875
17771993,-0.1840254515,0.07953415811,0.02740930803,0.0001311302185,0.001071020961,0.001012835652
16461314,0.008581079543,0.1246085986,-0.0403942965,0.001020786352,0.00114735961,0.00125573948
9121346,0.1716702282,0.04061811417,0.223494336,0.001069650054,0.0006905160844,0.001381039619
9121381,0.1722265482,0.05243950188,0.2274861336,0.000131547451,0.001017294824,0.00106562674
16461546,0.0470938161,0.1195862651,-0.04349002987,0.0002299956977,0.001390919089,0.0009780190885
16461547,0.04490624964,0.1195873991,-0.04349316359,0.0002295710146,0.001396775246,0.0009788833559
18034434,-0.1840243787,0.07343755811,0.08540564179,0.0001218914986,0.001027882099,0.001001887023
18034438,-0.1840254486,0.07454615384,0.0804102838,0.0001313686371,0.001079209149,0.00101365149
18034506,-0.1824607939,0.06668501049,0.09312046915,0.0009863376617,0.001014277339,0.001062765718
18034509,-0.1774011195,0.06866450459,0.09402320087,0.001001566648,0.000927194953,0.0001293346286
18034516,-0.1835214247,0.06559241811,0.09123822177,0.0009718686342,0.0008094832301,0.001372545958
18034522,-0.1814406276,0.07159668058,0.09402471185,0.001012697816,0.0009962245822,0.0001235380769
16461699,0.04753451422,0.1236440122,-0.03941288218,0.0009639747441,0.001281157136,0.0013066791
16461868,0.01243868303,0.1164574653,-0.02876111865,0.001219714992,0.001077391207,0.0009730998427
18035183,-0.1487369597,0.06558238715,0.08343719393,0.0002464056015,0.000964216888,0.0009752064943
18035276,-0.148853007,0.07445096076,0.08442283571,0.0002471357584,0.001007266343,0.001005172729
18035278,-0.1491966993,0.07343004495,0.08735788763,0.0002424418926,0.000998467207,0.0009735971689
18035283,-0.1493645966,0.07629214078,0.08250730187,0.001250714064,0.0002332553267,0.001049563289
18035329,-0.1495503902,0.06850585639,0.09036329389,0.0002898275852,0.001075789332,0.001470319927
18035530,-0.144659391,0.0787096709,0.0485605754,0.0002344250679,0.001284211874,0.0009950585663
18035570,-0.1840256274,0.06556758881,0.032399977,0.0001281350851,0.0009598135948,0.001000005752
11219986,-0.1379657835,0.02729970776,-0.09001546502,0.0001808404922,0.0009557940066,0.001514829695
9123052,0.1722278804,0.04430981278,0.2265743762,0.0001577436924,0.00123219192,0.001144394279
9123053,0.1722274125,0.04531169534,0.2275900126,0.0001547038555,0.00124977529,0.00115917623
16463094,0.01448499076,0.1156079978,-0.03138483986,0.001115422696,0.001244485378,0.001330802217
18035990,-0.1434582025,0.07971271873,0.03828608369,0.0003066658974,0.001254707575,0.001485221088
9123158,0.163500078,0.03980968241,0.1495000049,0.001000121236,3.761425614e-05,0.001000002027
16463205,0.01839033514,0.127169627,-0.0832638979,0.001014083624,0.001297086477,0.001206465065
16463673,0.04702295139,0.1374246478,-0.0593303673,0.0001150332391,0.001118645072,0.001106511801
16463675,0.04497706443,0.1374250859,-0.05932947248,0.0001150667667,0.001116216183,0.001104097813
16464033,0.01051073599,0.1046284822,-0.03644499245,0.0009814267978,0.001040816307,0.001109369099
18037136,-0.1840261161,0.06459397227,0.02940068468,0.0001305788755,0.0009947791696,0.001000190154
16464373,0.005516072549,0.1277133435,-0.04348648787,0.0009614042938,0.001000240445,0.001077324152
16464400,0.009596016444,0.1233788908,-0.03915855587,0.001009994186,0.001362964511,0.001461878419
18037868,-0.1840254515,0.07855814695,0.03741125986,0.000131636858,0.001087456942,0.001014444977
18038341,-0.1840254873,0.07754626721,0.04841029495,0.0001313537359,0.001079529524,0.001013677567
16465594,0.01027291796,0.119577917,-0.03186166907,0.0007990766317,0.0009337887168,0.0009549595416
16465761,0.01051535532,0.07946087271,-0.1266608655,0.0009608501568,0.001081489027,0.001000002027
16465775,0.01839101017,0.09320548624,-0.1172281161,0.00101284124,0.001260273159,0.001169689
16465807,0.01852282727,0.1081293312,-0.102297727,0.0009666774422,0.001019269228,0.00110398978
16465834,0.01157558393,0.1176516965,-0.08847024143,0.001078179106,0.001538224518,0.001456536353
16465903,0.01852093016,0.1251283549,-0.08529880519,0.000971455127,0.001015156507,0.001100823283
18038773,-0.150343741,0.07546552395,0.0912638468,0.001201033592,0.0002609491348,0.0014423877
16466137,0.006521969289,0.1395097405,-0.05529353619,0.001038083341,0.001107692719,0.001004040241
18039044,-0.1824325442,0.03902562037,0.1743999958,0.000959739089,0.0001281276345,0.001000002027
18039529,-0.1840261191,0.038405516,0.1714000046,0.0001305192709,0.0009947679937,0.001000002027
9126796,0.1715485662,0.0398347266,0.213368699,0.001090422273,0.0001257248223,0.0009942352772
9126878,0.1705041677,0.03956565931,0.2215397775,0.001042515039,0.0007549710572,0.001319050789
9127049,0.1715666552,0.04365836022,0.2292175641,0.0009914189577,0.0009238831699,0.001315429807
9127053,0.1722297877,0.04237142131,0.2245248646,0.0001491457224,0.001318246126,0.001173093915
9127054,0.1722240716,0.04641633853,0.228568083,0.0001244843006,0.001141496003,0.001083090901
9127064,0.1705033779,0.04477807358,0.2310159415,0.001038566232,0.0007951743901,0.001112356782
9127066,0.1722292721,0.05345972627,0.226444149,0.0001462548971,0.001043166965,0.001034855843
9127068,0.1722247511,0.05450749695,0.2254193097,0.0001237094402,0.00106107071,0.001020774245
9127072,0.1722244978,0.05045960471,0.2286109328,0.0001288503408,0.001065798104,0.001186788082
18040599,-0.1482336044,0.07723089457,0.07246353179,0.001284301281,0.000228382647,0.001039922237
18040679,-0.1484833707,0.06448491166,0.08122876783,0.0003108680248,0.0009960606694,0.001466348767
18040700,-0.1484892021,0.07569212839,0.08128021533,0.0003058463335,0.001238308847,0.001484103501
18040877,-0.1443434358,0.08032301217,0.03951229379,0.00126734376,0.0002339705825,0.001052349806
17779264,0.07671808731,0.0314592733,-0.1404293459,0.001201421022,0.00152201578,0.001610159874
9128604,0.1526376039,0.03878484294,0.2164785296,0.0009640008211,0.0005879700184,0.001286670566
11226377,-0.009604978189,0.02414087132,-0.1256241411,0.001010873355,0.0004835631698,0.001615181565
11226378,-0.01174105667,0.02434888668,-0.1263143957,0.00110460259,0.0001651588827,0.000588491559
11226410,-0.01251801644,0.05042863637,-0.1056238726,0.0009711524472,0.001097958535,0.001003459096
11226411,-0.01146953211,0.04944825235,-0.1066144121,0.00094412826,0.00108538568,0.001000866294
11226416,-0.01262446903,0.02643432803,-0.1296270281,0.001091730781,0.001267600805,0.001296758652
11226565,-0.00355951963,0.02222826704,-0.119471693,0.0009473320097,0.0004271864891,0.001413837075
11226670,-0.003020434128,0.02245691568,-0.1184856087,0.000102130929,0.001014187932,0.0009842067957
11226810,-0.02155728079,0.04549049139,-0.1105554998,0.001167630777,0.00114024803,0.001015797257
17781018,0.05741649245,0.03187308212,-0.1422469815,0.001231621951,0.001147899777,0.001038461924
18044247,-0.1476919681,0.07640531063,0.07451298833,0.0002484917641,0.001077711582,0.0009686127305
18044352,-0.1794110179,0.06961803585,0.09402560443,0.001011550426,0.0009730383754,0.0001280009747
18044759,-0.1490847558,0.06652446389,0.08639260828,0.000241830945,0.00105535984,0.001011140645
18044820,-0.1565987855,0.06866443306,0.09402320832,0.001001864672,0.0009272769094,0.0001293048263
18044833,-0.1545878798,0.0696183145,0.09402560741,0.001013100147,0.0009723231196,0.0001280531287
18044839,-0.1514918536,0.06669480801,0.09313378185,0.001054555178,0.001016691327,0.001047462225
18044843,-0.1503512214,0.06562057883,0.09128887455,0.001111149788,0.0008208528161,0.00140248239
18045034,-0.1453285292,0.07949610675,0.04828048125,0.00124001503,0.0002712458372,0.001472439617
16474373,0.0436007573,0.03260547357,-0.1234684462,0.001050036401,0.001061618328,0.0009832233191
16474659,0.04065871115,0.0336743022,-0.1223955452,0.001092590392,0.001182369888,0.001088313758
18048147,-0.1425145914,0.08050482472,0.03024047799,0.0003013908863,0.001168914139,0.001488724723
18048148,-0.1432955414,0.0811701715,0.0304738909,0.001277878881,0.0002388358116,0.001096410677
18048161,-0.1464971974,0.07749944925,0.06425016498,0.000316426158,0.00106112659,0.001431293786
18048169,-0.1495462507,0.0724744752,0.09032572806,0.0002869516611,0.001076027751,0.001453638077
18048180,-0.1414660911,0.08152094359,0.02125625933,0.0003174394369,0.001082807779,0.001429595053
16475677,0.00546108149,0.02354861274,-0.1236839548,0.001151632052,0.0006127543747,0.001941822469
16475680,0.00354574346,0.02314077578,-0.1224320129,0.0009241146035,0.000267047435,0.0008865073323
16475834,0.009441024438,0.0269676663,-0.1239972562,0.0009518405423,0.001240612939,0.00130160898
16475836,0.008424176089,0.0254712522,-0.1254891813,0.00105541572,0.001810984686,0.001868359745
11233200,-0.1741662979,0.06398697793,0.0002996070695,0.0005072802305,6.51627779e-05,0.0005206673706
11233201,-0.1741645634,0.0637017861,1.265111347e-05,0.0005038231611,0.0005206242204,6.327218231e-05
11233315,-0.1694150418,0.03734807149,0.0008711211814,0.001042693853,0.001029521227,0.001473000732
16476248,0.003538642544,0.04488458484,-0.1060845837,0.0009079936426,0.001077074558,0.001000002027
16476298,0.01354784537,0.05143888891,-0.1046194702,0.001074791886,0.001086369157,0.001011431217
17787133,0.04658349852,0.03187307405,-0.1422469765,0.001231629401,0.001147892326,0.001038447022
11233576,-0.1506082743,0.03807644919,2.343112765e-05,0.001008972526,0.002117287368,0.0002090534763
11233577,-0.151615566,0.03733620197,0.0008320815424,0.001018345356,0.001015275717,0.001415101788
17787209,0.0348178586,0.03445588658,-0.14038679,0.001064445823,0.001458719373,0.00155518949
17787210,0.03556143492,0.03350411868,-0.1423888877,0.001302342862,0.001511085778,0.001560077071
17787211,0.03482302278,0.03346422873,-0.1413755901,0.001071248204,0.00160273537,0.001512289047
17787267,0.03756387532,0.0354113928,-0.1433007158,0.0009223259985,0.001489661634,0.001367345452
17787884,0.0035857243,0.132719928,-0.06350338757,0.001044200035,0.001296982169,0.001230560243
8612895,0.1393939793,0.002029015892,0.1804033041,0.001011744142,0.0001804929925,0.001007407904
11234522,-0.170420447,0.03807136863,3.003691398e-05,0.001084133983,0.002182494849,0.0001502084194
17788196,-0.00769605831,0.1000948306,-0.06836494245,0.001491002738,0.001296058297,0.001591704786
17788222,-0.007425890863,0.1315515429,-0.06466247141,0.0009926231578,0.001190796494,0.001095168293
17788248,0.00742595112,0.1315515399,-0.06466246098,0.0009925593622,0.001190871,0.001095183194
17788254,-0.007460174616,0.1155247211,-0.05531559587,0.001025085337,0.001175917685,0.001096490771
17788257,0.007460276317,0.1155247182,-0.05531561449,0.001025307924,0.001175932586,0.001096498221
17788259,-0.003585724067,0.132719928,-0.06350338757,0.0010442005,0.001296982169,0.001230560243
17788286,-0.004564592429,0.1483503461,-0.06066831127,0.001068217214,0.001110553741,0.00119195506
11234834,-0.1727175534,0.03802620322,0.0163999971,0.001144871116,0.0001310221851,0.001000002027
17788794,0.002539824229,0.1317378521,-0.06109591424,0.001004516846,0.001133367419,0.001037463546
17789015,-0.01839033477,0.1271696299,-0.08326389343,0.001014083624,0.001297086477,0.001206472516
17789068,-0.001481463007,0.1305323516,-0.06569363674,0.0009657918708,0.001098290086,0.001013167202
17789071,-0.002558340644,0.1315551758,-0.06465963423,0.0009923842736,0.001188158989,0.001096889377
17789074,0.001481462794,0.1305323541,-0.06569363549,0.000965796411,0.001098290086,0.001013167202
17789075,0.002558342228,0.1315551758,-0.06465963423,0.0009923840407,0.001188158989,0.001096889377
17789078,0.002444540816,0.1405384094,-0.06632192859,0.001426330535,0.001466169953,0.001722194254
17789084,-0.001468558155,0.1307438686,-0.06009077591,0.0009403595468,0.001087889075,0.00100351125
17789193,0.02255929187,0.05225440264,-0.1554941863,0.001044334844,0.0009524822235,0.00102058053
17789206,0.02255046926,0.05048168898,-0.1537208885,0.001049339771,0.001066640019,0.000997364521
17789458,-0.01256136429,0.1164931655,-0.08962019831,0.001039667986,0.001173235476,0.001070827246
17789493,0.00255251308,0.1175985724,-0.07524174154,0.0009975475259,0.001138448715,0.001041457057
17789551,0.003591506649,0.1143878594,-0.05644167364,0.001037232345,0.001247517765,0.00117675215
17789561,0.006409774907,0.1327189773,-0.06350429654,0.001034543384,0.00129802525,0.001232914627
17789562,0.006419946719,0.1328017503,-0.06215144247,0.001058354974,0.001163855195,0.001086618751
17789570,0.002521618293,0.1472852826,-0.05960159302,0.001114552957,0.001052811742,0.001149512827
17789574,0.001505407253,0.1462719639,-0.05859179919,0.0009987388039,0.001055791974,0.001136213541
17789951,-0.01839101054,0.09320548773,-0.1172281176,0.001012837514,0.001260273159,0.00116969645
17789963,-0.0185229443,0.09113013744,-0.1192969369,0.0009661130607,0.001023240387,0.001107536256
17790208,0.01852295113,0.09113014117,-0.1192969394,0.000966116786,0.001023232937,0.001107536256
17790620,-0.005469288211,0.08461016268,-0.08698736727,0.0009458698332,0.001185588539,0.0007638707757
17790637,0.005469971802,0.0846106708,-0.08698787093,0.0009493282996,0.001185543835,0.0007638707757
17790667,-0.0185209224,0.1251283561,-0.08529880519,0.0009714495391,0.001015149057,0.001100823283
17790924,0.007729726378,0.1010690806,-0.06734068878,0.001529252157,0.001295775175,0.001650363207
17790939,-0.00542016346,0.1236013398,-0.07262196839,0.001036254223,0.00113479048,0.001210719347
17790940,-0.002572979592,0.123621276,-0.07260359675,0.001020474127,0.001143336296,0.001203268766
17790963,0.005420342833,0.1236013219,-0.0726218164,0.00103641022,0.001134812832,0.001211091876
17790977,0.006453358289,0.1246814728,-0.07153058797,0.001052715816,0.001050077379,0.001155629754
17791145,-0.008387915045,0.1166890055,-0.0545656845,0.0009065698832,0.001321174204,0.0006176829338
17791160,-0.002580572013,0.1155204192,-0.05531305596,0.001004298218,0.001167550683,0.001099351794
17791199,0.002580575459,0.1155204222,-0.05531305522,0.001004299149,0.001167558134,0.001099355519
17791206,0.008387879469,0.1166890338,-0.05456568673,0.0009066304192,0.001321226358,0.0006176903844
17791229,0.008386159502,0.123420611,-0.0543278344,0.001031654887,0.001054465771,0.0001316331327
17791231,0.008523280888,0.1259238447,-0.05527198253,0.0009858328849,0.001019716263,0.001110155135
17791235,-0.00358052575,0.1328018278,-0.06215150878,0.00105724996,0.001163750887,0.001086439937
17791301,-0.002521622996,0.1472852796,-0.05960159749,0.001114533632,0.001052811742,0.001149512827
17791349,-0.001570458796,0.1223410716,-0.03465443167,0.001188994036,0.001211836934,0.001277018338
17791373,-0.001505411812,0.1462719589,-0.05859180105,0.0009987330996,0.001055777073,0.001136224717
17791693,-0.01239653844,0.1156478614,-0.03141223937,0.0008763847873,0.001336194575,0.0013361983
17791878,-0.01243868768,0.1164574653,-0.028761122,0.001219710335,0.001077391207,0.000973103568
11238287,-0.1746994942,0.06398696303,0.0008323650458,0.0005243718624,6.523728371e-05,0.0005109592457
17792539,-0.00755389994,0.124610512,-0.04039538801,0.001040884294,0.001146405935,0.001252181828
17792544,-0.008589397185,0.1233792186,-0.03915889338,0.001031273976,0.001364581287,0.001462150365
17793536,-0.01357032247,0.1154770553,-0.0277914241,0.001067165285,0.001014560461,0.0009454339743
17793538,-0.0102714623,0.1195777742,-0.03186186589,0.0007992042229,0.0009341612458,0.0009537339211
17793944,-0.006517096888,0.1405251294,-0.05630836412,0.00104858866,0.001138076186,0.001036714762
17794122,-0.005515492987,0.1395141661,-0.05528809801,0.0009623849764,0.001082181931,0.00100325048
17794536,-0.009427336045,0.1046139255,-0.03644816577,0.0009948974475,0.00102879107,0.00112298131
16484182,0.1400260478,0.01247887611,-0.08844154775,0.0001302361488,0.001060282812,0.001016512513
16484309,0.1400311261,0.03563464284,-0.08759215921,0.0001426935196,0.001097716391,0.001008018851
17795033,-0.006519763358,0.1256932706,-0.04147140458,0.001042548101,0.001035168767,0.001124385744
17795079,-0.01339271516,0.1216245741,-0.03740342706,0.001740047708,0.001400113106,0.001312874258
16484394,0.1400262058,0.01552461367,-0.0974260211,0.0001310259104,0.001045842655,0.001018531621
17795254,-0.005516118277,0.1287122309,-0.04448776543,0.0009613134898,0.001000002027,0.00108306855
17795319,-0.04702684432,0.1275676131,-0.05743224099,0.000132586807,0.001643925905,0.001643780619
17795340,-0.04703071564,0.1265966147,-0.05640322268,0.0001511871815,0.00158894062,0.001588642597
17795440,-0.04496750087,0.127621603,-0.05737839416,0.0001602247357,0.001621544361,0.001621514559
17795462,-0.04490511194,0.1195876643,-0.04349250719,0.0002296082675,0.001397408545,0.0009780116379
18057633,-0.005489097908,0.07055599838,-0.1010094568,0.0009241369553,0.001128472388,0.0007602125406
18057634,0.005489005521,0.07055592835,-0.1010093957,0.0009239418432,0.001128613949,0.0007602125406
17795502,-0.04496769086,0.1236043677,-0.05339569896,0.0001588761806,0.001560814679,0.001560878009
17795506,-0.04703104869,0.1235848159,-0.05341516957,0.0001530833542,0.001585692167,0.001585677266
17795509,-0.0449664101,0.1196121603,-0.04936610311,0.0001659803092,0.001685217023,0.001694619656
17795512,-0.04703110084,0.1225922137,-0.05240766779,0.0001529306173,0.001569755375,0.001569580287
16484834,0.1400263071,0.01446760874,-0.09444903433,0.0001329630613,0.0011070529,0.001027435064
16485382,0.1400262773,0.01345645078,-0.09144857526,0.0001323074102,0.001074432395,0.001021951437
16485544,0.1400258243,0.01052518226,-0.08142347038,0.0001291185617,0.001046139747,0.001019969583
17796327,-0.04702345207,0.1345279098,-0.05527205765,0.0001172497869,0.001183614135,0.001183602959
16485724,0.1411309565,0.02669424253,-0.08589720726,0.001072585583,0.0007981434464,0.0009959712625
16485746,0.1410544539,0.03448679236,-0.08597379178,0.001107692719,0.001195695251,0.001023359597
17796577,-0.04497601241,0.1295418948,-0.06045822948,0.0001055821776,0.001346081495,0.001160833985
17796589,-0.0470238477,0.1333559692,-0.05644408017,0.000119227916,0.00118394196,0.001184072345
16485957,0.1400241047,0.03678273782,-0.08040002435,0.0001209676266,0.0008155144751,0.001000136137
17796717,-0.04497893155,0.1213983908,-0.0526016891,9.859353304e-05,0.001266472042,0.0008793622255
17796727,-0.04497707263,0.1374258786,-0.05932887271,0.0001150555909,0.001114785671,0.001102402806
8622205,0.07933333516,0.0004863519765,0.1539657811,0.000999994576,0.0009776799707,0.0001213997602
8622207,0.07940000147,0.00138362213,0.1539832175,0.000999994576,0.001029783452,8.390843868e-05
17797281,-0.04702338353,0.1215373278,-0.0445862934,0.0001171566546,0.001141898334,0.001101776958
8622248,0.08339999765,0.00202568518,0.1555737168,0.001000002027,0.0001284261234,0.0009615570307
17797297,-0.04702343717,0.1226770177,-0.04346748367,0.0001162104309,0.001156501472,0.001147396863
8623402,0.1499756098,0.02752673142,0.1305945039,0.0001219809055,0.0009684693068,0.001008838415
17798547,-0.0626000002,0.1487677157,-0.06165403575,0.001000002027,0.0004511922598,0.0005048699677
10458555,-0.1467041194,0.03821103275,1.309120917e-05,0.0006046295166,0.0005483031273,6.694326021e-05
8623579,0.1399760574,0.007431533281,0.1683956236,0.000119715929,0.001010822132,0.001006633043
8623584,0.142582497,0.03032431826,0.1585957915,0.001001000404,0.0001216083765,0.001005426049
8623655,0.1429749191,0.0256434761,0.1585758358,0.0001237988472,0.001114560291,0.00109679997
8623673,0.152801922,0.01466658749,0.1660252839,0.0008571743965,0.001789787784,0.0001213103533
8623740,0.1445786864,0.0244509723,0.1744941145,0.0009975880384,0.00122462213,0.001135468483
8623749,0.1504104584,0.02441742271,0.1744586289,0.0009707957506,0.001190090552,0.001101836562
8623762,0.1445947468,0.02627655119,0.1777206182,0.001006171107,0.0001182556152,0.0009202510118
8624100,0.1445956379,0.03032431863,0.1565827489,0.001005455852,0.0001216065139,0.001000896096
17799188,-0.1400250226,0.09538747668,-0.07938096225,0.0001251846552,0.0009921714664,0.0009826496243
17799415,-0.1400241166,0.1113591805,-0.06340113282,0.0001203417778,0.0009590983391,0.001014351845
8624475,0.1499712467,0.03443465903,0.1305733114,0.0001437962055,0.001031726599,0.001032277942
8624476,0.1499756068,0.03544758111,0.1315856278,0.0001219958067,0.001019373536,0.001016944647
10459804,-0.140785557,0.03801341653,0.02219998427,0.0004806518555,6.707012653e-05,0.0004999879748
8624960,0.1499749631,0.02657010145,0.1325997889,0.0001252144575,0.0009581018239,0.001000702381
9149365,0.1694783807,0.04850937575,0.2314623237,0.001057043672,0.001555811614,0.0004540532827
9149370,0.1694578469,0.05736478642,0.2243951708,0.001032531261,0.0001222081482,0.0009987056255
8625166,0.1479763865,0.01260487102,0.1534263372,0.0001180022955,0.001018792391,0.0009701699018
8625173,0.149975577,0.02752857395,0.1484128058,0.0001220703125,0.0009723249823,0.001017913222
9149462,0.1704924285,0.0553756237,0.2294167548,0.001113787293,0.001599613577,0.0005734860897
9149464,0.1674102515,0.05738284513,0.2263710588,0.00101301074,0.0001209154725,0.000970184803
8625179,0.1499749452,0.02657005489,0.1464007616,0.0001252293587,0.0009580627084,0.00100235641
8625184,0.1499762118,0.02853977494,0.149432373,0.0001188963652,0.001037096605,0.0010176301
8625190,0.1479760736,0.01840035319,0.153438282,0.0001195669174,0.001001240686,0.0009440928698
17800255,-0.1400262326,0.07142405361,-0.0315131437,0.0001311600208,0.001020267606,0.001066789031
8625215,0.1545879543,0.03615577891,0.1513254553,0.001013889909,0.001135710627,0.0009047836065
17800429,-0.1400276333,0.08357485086,-0.08740931153,0.0001381635666,0.001060925424,0.0009925663471
10460454,-0.1412755221,0.03801307976,0.02422166392,0.0005065053701,6.538629532e-05,0.0005317442119
8625584,0.1536158413,0.01057735234,0.1659701616,0.001020282507,0.0009659714997,0.0002426207066
8625585,0.1526832283,0.01153179314,0.1660200119,0.00102481246,0.0009777853265,0.000108897686
16489960,0.1400259227,0.08343061507,-0.03450507149,0.0001306384802,0.001017138362,0.001068718731
8625668,0.153473413,0.02151243314,0.1660207391,0.001024052501,0.001184122637,0.0001186430454
8625670,0.1544699252,0.02276225761,0.1660006493,0.001144319773,0.001320596784,0.000176474452
17800754,-0.1313796466,0.123717693,-0.07251100118,0.001513928175,0.001100443304,0.001142211258
17800792,-0.1325723499,0.1315504521,-0.0646623373,0.000990703702,0.001193359494,0.001095257699
17801210,-0.1325525463,0.1155217499,-0.05531364083,0.001030817628,0.001167044044,0.001096770167
17801220,-0.09603118896,0.1236734644,-0.05332637876,0.0001555681229,0.001683920622,0.00168376416
8626255,0.1504742473,0.02627434842,0.1786151111,0.001048997045,0.0001282356679,0.0009900927544
8626258,0.1484161437,0.02627521865,0.1777066678,0.001020282507,0.0001238882542,0.0009245276451
8626430,0.1434939926,0.01655705801,0.1665849586,0.000997826457,0.001057917252,0.001129865646
8626474,0.142556566,0.02627583146,0.1796207964,0.001026123762,0.0001208465546,0.0009898990393
8626487,0.143541798,0.02627392597,0.1884404898,0.001024112105,0.0001303963363,0.001021593809
8626490,0.1425379843,0.02627440952,0.1864148468,0.00101916492,0.0001279804856,0.001011639833
17801695,-0.1400259763,0.07544327974,-0.03245752081,0.0001317113638,0.001029126346,0.00109179318
17802333,-0.1285231709,0.1246019289,-0.04039021879,0.001123711467,0.001092530787,0.001206897199
17802341,-0.1353945881,0.1235871151,-0.03935267776,0.001101106405,0.00133792311,0.001349736005
16491732,0.1400262088,0.0864239499,-0.03551313356,0.0001311451197,0.001020349562,0.001066789031
16491830,0.1400259167,0.09443702102,-0.03748088628,0.0001315772533,0.001022174954,0.00108230859
17802563,-0.0965266794,0.1236611828,-0.03942997232,0.0009831190109,0.00115133822,0.00120113045
16491890,0.1755234182,0.03243487701,-0.05640007257,0.0001171380281,0.001029625535,0.001001916826
16491902,0.1725236028,0.03141967729,-0.06402462423,0.001097023487,0.001026526093,0.0001238435507
16492217,0.1455952883,0.009317740612,-0.06447414458,0.001013725996,0.001086083241,0.0008186325431
16492242,0.1504158527,0.02627430446,-0.07341569066,0.001002907753,0.0001285020262,0.001003041863
16492256,0.1455795735,0.02287964039,-0.06499720067,0.001019716263,0.001420443878,0.000245295465
16492265,0.1514138043,0.02627609558,-0.07141167223,0.001008495688,0.0001195408404,0.001010842621
16492308,0.1755237311,0.03346964568,-0.05540023148,0.0001187026501,0.001043464988,0.001000374556
17803094,-0.09603227973,0.1256078646,-0.05539224148,0.0001591742039,0.001556590199,0.001556798816
17803096,-0.09602643996,0.1207537532,-0.05024217591,0.0001273527741,0.001718439162,0.001719996333
17803201,-0.09602214247,0.1376237661,-0.05717012957,0.0001107081771,0.001216620207,0.001212105155
8628271,0.1474344403,0.010022326,0.0776000008,0.000949665904,0.0001116571948,0.001000002027
16492694,0.1400273949,0.01053292826,-0.06656422913,0.0001368969679,0.001061809249,0.001045078039
16492695,0.1400241524,0.009528286755,-0.0675749898,0.0001206845045,0.001053126529,0.001034252346
16492696,0.1400216609,0.01153833549,-0.06556966007,0.0001083314419,0.00106880255,0.001032881439
16492762,0.1814231366,0.01043029409,-0.06491634399,0.001019597054,0.001117968932,0.0003830194473
16492821,0.1435578316,0.02627388835,-0.06717294455,0.001041471958,0.0001245513558,0.001435376704
16492830,0.1425378203,0.02627511136,-0.0684041664,0.001034572721,0.0001239925623,0.001211695373
16492898,0.1514025867,0.02627734207,-0.0685346067,0.00100453198,0.0001132991165,0.001073144376
16492916,0.1503998339,0.02627593093,-0.06744272709,0.001001641154,0.0001203548163,0.001121595502
16492985,0.1645974964,0.02678199448,-0.06401741952,0.001027703285,0.0008150525391,8.706003428e-05
16493073,0.1399764657,0.00536944177,-0.05656511486,0.0001176744699,0.0009638140909,0.001015517861
16493117,0.1755331576,0.02712470517,-0.04937151447,0.000161126256,0.001873629168,0.0009722560644
17803962,-0.1296412081,0.1185283363,-0.03081551231,0.0008145272732,0.001553602517,0.001506883651
17804003,-0.1400246203,0.08249967992,-0.09239446819,0.0001230984926,0.001081809402,0.0009939521551
17804004,-0.1400241494,0.08040573299,-0.09437063485,0.0001207441092,0.001015588641,0.0009697824717
16493388,0.1761961639,0.02846652828,-0.04129512534,0.001183450222,0.001374447718,0.0007009580731
17804116,-0.1400250018,0.09637428671,-0.07839106917,0.0001250803471,0.0009777471423,0.0009944364429
17804117,-0.1400250286,0.09733511657,-0.0763982594,0.0001252144575,0.0009357109666,0.0009981766343
16493458,0.1755254507,0.03345804811,-0.04257970899,0.0001272857189,0.001055460423,0.001019317657
17804635,-0.1399289578,0.1144258186,-0.03138178661,0.000200226903,0.00117430836,0.001174163073
17804660,-0.1294846475,0.09646087289,-0.1096608683,0.0009608417749,0.001081489027,0.001000002027
17804786,-0.1400250942,0.09339758754,-0.0803478092,0.0001255273819,0.0009976625443,0.0009448826313
16494312,0.1425459266,0.0262763232,-0.07439989895,0.001026809216,0.0001184158027,0.00100042671
16494313,0.1435733438,0.02627623975,-0.07540104538,0.001028463244,0.0001188293099,0.001002214849
17805223,-0.1400246799,0.1093939781,-0.06550621241,0.00012332201,0.0009951665998,0.001095309854
11251993,-0.1479756802,0.02343042493,0.04452945963,0.0001216083765,0.001014873385,0.001045629382
11252126,-0.1479763985,0.01260466129,0.04258347824,0.0001180171967,0.001015593298,0.0009788349271
11252132,-0.1479763091,0.01057794318,0.04460183904,0.0001184344292,0.0009827204049,0.00102680549
11252301,-0.1465987653,0.03432549685,0.0419860512,0.001001760364,0.0009181536734,0.0002215132117
17806001,-0.1400259107,0.0794370234,-0.03348088115,0.0001315176487,0.001022182405,0.001082312316
11252453,-0.1749779522,0.03955525681,0.01639969721,0.0001102238894,0.0009326189756,0.001000486314
17806062,-0.1400258839,0.08343061805,-0.03450506777,0.000130712986,0.001017138362,0.001068733633
17806637,-0.1399262965,0.1132434934,-0.03255643174,0.0002004057169,0.001200564206,0.001198634505
17807175,-0.1395230815,0.1166019465,-0.07423354809,0.0009567141533,0.001090683043,0.001005366445
17807176,-0.1384480178,0.1175986692,-0.07524186969,0.0009970963001,0.001138746738,0.001041740179
17807571,-0.1384616852,0.1317375422,-0.06109628305,0.001003563404,0.00113517046,0.001037582755
17807576,-0.1400285393,0.1348525107,-0.0603489399,0.0001426935196,0.00131995976,0.001323591918
17807579,-0.1374153942,0.1327188134,-0.06350147426,0.001044988632,0.001303941011,0.001230247319
17807581,-0.1374216467,0.1328005195,-0.06215297133,0.001058965921,0.001170784235,0.001086313277
17807586,-0.09396905452,0.1297431678,-0.05925687477,0.0001517683268,0.001705169678,0.001704994589
17807587,-0.09397447407,0.1308639079,-0.06013718173,0.0001279860735,0.001248314977,0.001262616366
8894923,0.0762432754,0.04024680033,0.1910719126,5.733221769e-05,0.0006815902889,0.0003460645676
17807973,-0.1400112957,0.1146072388,-0.04154057875,0.0002727359533,0.001106239855,0.001280639321
17808310,-0.1214004368,0.1146773547,-0.03045099042,0.001001484692,0.0009978339076,0.00108208321
17808314,-0.1224030092,0.1156930342,-0.03146349639,0.001003973186,0.001032374799,0.001102732494
17808615,-0.1216084436,0.1101878762,-0.1002457038,0.001011937857,0.001276820898,0.001186296344
16760062,0.1274710536,0.1114943728,-0.04455578402,0.001051589847,0.001209899783,0.001112740487
11255203,-0.1704830199,0.0379030101,0.002212550235,0.001102089882,0.0004339776933,0.001250342233
11255204,-0.1715925455,0.03802304938,0.003443701239,0.0011023283,0.0001414641738,0.001199340681
11255206,-0.172715354,0.0380263634,0.005589945149,0.001147091389,0.0001318231225,0.001029890962
17808808,-0.1337559056,0.08138144948,-0.08912545722,0.001366645098,0.001545734704,0.001483984292
17808840,-0.1330599457,0.08424140811,-0.0852763027,0.001207888126,0.001063778996,0.001104943454
17808841,-0.1345327854,0.08460862488,-0.08698595911,0.0009355098009,0.001185663044,0.0007638633251
17808842,-0.1308506919,0.08166174697,-0.08478737516,0.001542672515,0.00164758414,0.001685217023
17808843,-0.1308466111,0.08079636203,-0.08564492528,0.001533001661,0.001713939011,0.001634716988
16498169,0.1354015589,0.02283007689,-0.1275237143,0.001005113125,0.0003488305956,0.000801295042
17808920,-0.1294725418,0.1165067121,-0.08961406648,0.0009804069996,0.00117123872,0.001094639301
16760367,0.1274734735,0.08862355202,-0.06742841601,0.001048222184,0.001003518701,0.001099579036
16760382,0.09547543824,0.1074238077,-0.04863247797,0.001169875264,0.001300558448,0.001391157508
17809052,-0.121609664,0.127169627,-0.0832638979,0.001014083624,0.001297086477,0.001206465065
16760481,0.1364917725,0.09938331842,-0.05158317089,0.0009637922049,0.001084156334,0.001000348479
17809060,-0.1214790779,0.1251283561,-0.08529880395,0.0009714514017,0.001015149057,0.001100823283
16760550,0.09559999257,0.1126491532,-0.04340827614,0.001000024378,0.001288361847,0.001198459417
11255945,-0.1705475032,0.03802423477,0.01939999014,0.001088649035,0.0001209229231,0.001000015065
11255946,-0.1716269255,0.03802500367,0.0183999829,0.00106549263,0.0001247525215,0.0009999983013
16761106,0.1379722297,0.09763668478,-0.04077498391,0.0001352727413,0.001210398972,0.001324534416
16761110,0.1294371337,0.1054227382,-0.04032427445,0.0009530931711,0.001399882138,0.000366602093
16499029,0.1284798026,0.05243338645,-0.1036285952,0.0009751170874,0.001075208187,0.001003965735
16499033,0.1325788587,0.1186564133,-0.07628825903,0.00107678771,0.001158744097,0.001107133925
16499039,0.1325367868,0.1317374587,-0.06109620333,0.001004561782,0.001134991646,0.001037407666
17809852,-0.1400277019,0.1044075936,-0.06659910232,0.0001385062933,0.0009939149022,0.001075744629
17809862,-0.131489262,0.1183751389,-0.07600124925,0.001274764538,0.0005540698767,0.0005407556891
17809871,-0.1384280741,0.123619467,-0.07260146588,0.001019716263,0.001143142581,0.001212768257
16761298,0.09459967166,0.1115057334,-0.04455537125,0.001000739634,0.001186534762,0.001112084836
16499157,0.1235948175,0.07147329301,-0.1346475452,0.001017637551,0.001462422311,0.001547113061
17809905,-0.1325298429,0.1127862304,-0.07042997181,0.001018404961,0.000990524888,0.001092292368
17809994,-0.1384422302,0.1315549791,-0.06465913653,0.0009917765856,0.001190036535,0.001097165048
17810036,-0.1385571275,0.1404960028,-0.0663584492,0.001414969563,0.001432776451,0.001571290195
17810040,-0.1393227726,0.1394678224,-0.06629444286,0.001187846065,0.001689493656,0.001639649272
16500006,0.136493361,0.03458321691,-0.1163836733,0.0009596049786,0.001000776887,0.001083537936
18072978,-0.1722251117,0.05535120666,0.1723996818,0.0001255869865,0.0009263046086,0.001000106335
16500488,0.1233464008,0.05253655712,-0.1035213247,0.001376591623,0.0011077784,0.001002766192
17811296,-0.138420108,0.1155206412,-0.05531349704,0.00100377202,0.001168876886,0.00109937042
17811310,-0.1316289157,0.1195975453,-0.05430068821,0.00105252862,0.001002840698,0.0002938434482
17811320,-0.1400264114,0.1267285883,-0.05211868361,0.0001320540905,0.001255452633,0.001318581402
17811347,-0.1395226841,0.1259238347,-0.05527200426,0.000986635685,0.001019731164,0.001110229641
17811361,-0.1314764818,0.1259238198,-0.05527198439,0.0009855031967,0.001019701362,0.001110281795
17811373,-0.09603112787,0.1246169701,-0.05438289717,0.0001540407538,0.001573190093,0.00157296285
17811378,-0.09603384882,0.1216679499,-0.05133155286,0.0001652240753,0.001742660999,0.001742754132
17811379,-0.09396874905,0.1245984346,-0.05440156907,0.0001537203789,0.001559749246,0.001559663564
17811380,-0.09396887124,0.1235938981,-0.05340623483,0.0001534223557,0.001581065357,0.001581314951
17811382,-0.09397438467,0.1215956748,-0.05140382722,0.0001258030534,0.001583844423,0.001583822072
17811383,-0.09396965355,0.1225875795,-0.05241245553,0.0001496896148,0.001598112285,0.001598160714
17811385,-0.1325367779,0.1317374736,-0.06109620631,0.001004561782,0.001135036349,0.001037426293
16762954,0.1264136553,0.0876192376,-0.06843901426,0.001073285937,0.001011617482,0.001086965203
16500829,0.1364103526,0.1087128893,-0.06846649498,0.001010939479,0.0009844377637,0.0001113042235
16762996,0.1184411913,0.09355414957,-0.06249090955,0.001196660101,0.001030504704,0.001152385026
16501043,0.1395318732,0.1307438264,-0.06009081316,0.0009395182133,0.001088067889,0.00100351125
16763224,0.1344506532,0.1014012948,-0.04956726283,0.001025959849,0.001106373966,0.001027863473
16763225,0.1354827672,0.1003824592,-0.05057774335,0.00103905797,0.001105107367,0.001005638391
16763242,0.1295309712,0.1054473259,-0.05061397267,0.0009438842535,0.001089461148,0.001000005752
16501101,0.1363982469,0.1483565271,-0.06067487001,0.001075729728,0.00108756125,0.001169279218
16501177,0.1274573445,0.109338598,-0.039530316,0.001070961356,0.001441456378,0.0005077570677
16501217,0.09602225274,0.1237976104,-0.04337005317,0.000110834837,0.001221179962,0.00120665133
17811987,-0.09602330178,0.1364537358,-0.05833774731,0.0001165047288,0.001129224896,0.001130960882
11258403,-0.1749874234,0.06370040774,0.0008328378201,6.292760372e-05,0.0005237162113,0.0005073021166
16501310,0.1400229692,0.1195346013,-0.03666510805,0.0001192688942,0.001254998147,0.001255720854
16501316,0.1395182858,0.1244206813,-0.03673998453,0.0009764134884,0.001099556684,0.00101467222
16501347,0.06340510398,0.05225345641,-0.1554933637,0.001006260514,0.0009487234056,0.001016542315
16763496,0.1374367148,0.098427701,-0.03844580874,0.0009610652924,0.001521863043,0.0003995001316
16763501,0.126417017,0.1126476899,-0.04340769127,0.001050487161,0.00129250437,0.001201976091
16501358,0.1274831057,0.1154949382,-0.0278129831,0.001168876886,0.001013375819,0.0009793248028
7064246,0.1407835931,0.03801338524,0.02219997793,0.0004800111055,6.69695437e-05,0.0004999917001
17812220,-0.09397791624,0.1385972619,-0.05818246305,0.0001107230783,0.001227930188,0.00120267272
16763650,0.129530929,0.09261411925,-0.06344745681,0.0009438544512,0.001000031829,0.001088604331
17812629,-0.1400262117,0.08642394543,-0.03551314026,0.0001311600208,0.001020342112,0.00106678158
17812705,-0.1400259227,0.09443702251,-0.03748088777,0.0001315623522,0.001022174954,0.001082312316
16502088,0.1337559074,0.0813814532,-0.08912546281,0.001366659999,0.001545727253,0.001483984292
16502089,0.1284244329,0.1176515043,-0.08847041577,0.001078173518,0.00153850019,0.001456767321
16502192,0.1374176443,0.05059445053,-0.1439244002,0.001047760248,0.001460965723,0.001536235213
16764546,0.1379714757,0.09650888294,-0.03956719413,0.000142455101,0.00107485801,0.001150455326
16503005,0.1184412017,0.04549090713,-0.1105541542,0.001196660101,0.001152388752,0.001030512154
14143749,-0.003013157984,0.006285010092,-0.0008035498322,6.578629836e-05,0.0004948447458,0.000507595716
14143750,-0.003291102778,0.006005321536,-0.0008058330044,0.0004881913774,6.589153782e-05,0.0005010145833
17813859,-0.1314851666,0.1036356663,-0.03743995416,0.001017615199,0.0008359476924,0.000913951546
17813866,-0.1400348395,0.1097123265,-0.03729836047,0.0002045482397,0.001335725188,0.001229442656
17813884,-0.1304893121,0.1046289255,-0.0364454252,0.0009814351797,0.001040808856,0.001106757671
16503217,0.09396879673,0.1255971953,-0.05540293083,0.0001534074545,0.001557722688,0.001557927579
16503219,0.0939688012,0.1265969038,-0.05640327334,0.0001534223557,0.001554340124,0.001554533839
16503224,0.09397651553,0.1194263145,-0.05056706667,0.0001124888659,0.00132188201,0.001306071877
16503236,0.09396883547,0.128596884,-0.05840305611,0.0001531913877,0.001553788781,0.001553714275
16503237,0.09396879375,0.1275969058,-0.05740319192,0.0001534223557,0.001553609967,0.001553747803
16503451,0.1355089217,0.1425458014,-0.05830991715,0.0009073019028,0.001287415624,0.001287415624
16765648,0.0445237793,0.1074250162,-0.04863127843,0.001170068979,0.001300893724,0.001391496509
16503661,0.09397653639,0.1202395067,-0.04687587172,0.0001185685396,0.001315250993,0.001306924969
16765865,0.01251798272,0.08862387985,-0.06742861718,0.0009711105376,0.001003444195,0.00109795481
16503789,0.1214011431,0.1184847519,-0.03425734192,0.000998929143,0.0009769499302,0.0009074397385
16503843,0.06240011975,0.04949144349,-0.1527269006,0.001000348479,0.001067761332,0.0009893625975
16503864,0.1315039347,0.05045673872,-0.1437899694,0.001022353768,0.001637972891,0.001642361283
17814697,-0.1371800154,0.1221047699,-0.03440508544,0.001393258572,0.00172098726,0.00171802938
17814716,-0.1308201045,0.1212593913,-0.03351176381,0.001001685858,0.001192763448,0.001194063574
17814758,-0.1214011431,0.1184847474,-0.03425733596,0.000998929143,0.0009769573808,0.0009074360132
16766183,0.01352894958,0.1114939347,-0.04455534592,0.001051591709,0.001212067902,0.001112736762
17814760,-0.122401242,0.117521137,-0.03329133391,0.001002363861,0.001071326435,0.001001771539
16766216,0.04540033042,0.1115057334,-0.04455537051,0.00100075826,0.001186534762,0.001112088561
17814844,-0.09602339715,0.1215551928,-0.04456203207,0.0001174136996,0.001113757491,0.001071937382
17814860,-0.09602352232,0.1226798385,-0.04346194714,0.0001166164875,0.001152426004,0.001138839871
16766367,0.04065869811,0.1053955543,-0.05067427891,0.001092609018,0.001088321209,0.001182414591
16766377,0.01156287175,0.1054227427,-0.04032427073,0.0009530866519,0.001399882138,0.0003666058183
16766379,0.01359407306,0.1091028422,-0.04130404145,0.00104014203,0.0008247420192,0.0002162232995
16504291,0.07740000039,0.04964439869,-0.1600105375,0.001000002027,0.0006832890213,0.0006209313869
16504339,0.09459967464,0.02754995376,-0.1285003155,0.001000739634,0.001112077385,0.001213654876
16504340,0.09359430969,0.02862484604,-0.1274335653,0.001010671258,0.001047732309,0.001121819019
16504376,0.1295305267,0.02861184037,-0.1274495299,0.0009437650442,0.001015633345,0.00110219419
16504380,0.124816522,0.03439839929,-0.14326513,0.001098945737,0.001421406865,0.001435980201
16504381,0.1255626362,0.0354027329,-0.1433079969,0.0009249895811,0.001494225115,0.001352325082
17815182,-0.09397668988,0.122622849,-0.04453187436,0.000116430223,0.001138910651,0.001123238355
17815186,-0.09397774637,0.1237965375,-0.04336987436,0.0001108720899,0.001221768558,0.001207605004
16766813,0.01458298415,0.1126476213,-0.04340763465,0.001050485298,0.001292817295,0.001201979816
16766869,0.01354807205,0.08761937618,-0.06843896657,0.001075256616,0.001011602581,0.001086503267
16504790,0.1295309116,0.04444727488,-0.1116139417,0.0009439438581,0.001089695841,0.001000024378
17815826,-0.1315519303,0.1137824669,-0.07141854763,0.0009205341339,0.001000188291,0.001083239913
16505590,0.1314827676,0.1305625563,-0.06566692516,0.0009802281857,0.001110777259,0.001011125743
16505707,0.1303988457,0.1094379425,-0.03162490614,0.001008138061,0.001218646765,0.001304879785
16505852,0.135522522,0.05229415745,-0.1581303428,0.0009588897228,0.001090139151,0.001009389758
16505879,0.1028174274,0.034401312,-0.1432634182,0.001098647714,0.001425210387,0.001438513398
16505883,0.10082292,0.03345451411,-0.1413856056,0.001071490347,0.001584239304,0.001507773995
7068823,0.1467041284,0.03821108937,1.309905174e-05,0.0006046146154,0.0005482137203,6.692322404e-05
7068980,0.1412734509,0.03801307231,0.02422181293,0.0005078166723,6.540492177e-05,0.0005318056792
16506391,0.09933907663,0.03367818892,-0.1223938825,0.001090355217,0.001192450523,0.001098155975
9166850,0.1696780115,0.03878335506,0.2164725631,0.001469239593,0.0005879029632,0.001275554299
16507335,0.1294725388,0.116506733,-0.08961407393,0.0009804069996,0.001171253622,0.001094639301
16507387,0.1335788578,0.1143895894,-0.05644322634,0.001057505608,0.001255013049,0.001177895814
16507393,0.1314670742,0.1307438488,-0.06009078833,0.0009374916553,0.001087918878,0.001003496349
16507395,0.1335778981,0.1328004211,-0.06215290651,0.001060053706,0.001170903444,0.001086521894
17818170,-0.07840000242,0.1487677127,-0.06165403277,0.001000002027,0.0004512071609,0.000504873693
9167465,0.1715598583,0.05685694292,0.1693999916,0.001071229577,0.0001322515309,0.001002848148
9167472,0.1705216378,0.05688422248,0.1724017203,0.001009687781,0.0001294873655,0.001001238823
16507719,0.1135644704,0.04467322975,-0.1515521169,0.001036658883,0.001056779176,0.001120463014
16507720,0.1145929039,0.04359932914,-0.1526225358,0.001020997763,0.001098711044,0.001173764467
16507791,0.139453652,0.0468306827,-0.1571981534,0.001085087657,0.001118738204,0.001088216901
16508024,0.09559999257,0.02640747167,-0.1296482235,0.001000024378,0.001198459417,0.00129301846
9168023,0.1705339223,0.03963826597,0.2144499332,0.001078218222,0.0004733875394,0.001447841525
9168048,0.1694307685,0.03878817037,0.2202387899,0.001077115536,0.0008224435151,0.00143250823
16508261,0.1283752948,0.0264334783,-0.1296279877,0.001091897488,0.001266080886,0.001295253634
16508266,0.1400257766,0.02638122998,-0.1342030168,0.000140786171,0.001150343567,0.001347124577
16508268,0.1235610629,0.03349097865,-0.1424016096,0.001301594079,0.001486472785,0.001541465521
16508340,0.1395218993,0.04825055599,-0.1415903866,0.000958904624,0.001018639654,0.001099854708
16508342,0.1395219366,0.04541426462,-0.1387543902,0.000958815217,0.001083027571,0.001000806689
16508346,0.1384462267,0.04445402399,-0.1377825081,0.000997453928,0.001080520451,0.0009828954935
16508471,0.1226031497,0.0726276502,-0.1334804654,0.00101416558,0.001143701375,0.001201942563
16508473,0.1216147512,0.07367373407,-0.1324750066,0.00102738291,0.0008904412389,0.0009624958038
16508582,0.1294725418,0.07261412144,-0.1335067481,0.0009804368019,0.001094594598,0.001171246171
9168897,0.07623973936,0.04228760526,0.1413215846,3.951042891e-05,0.0005210079253,0.0005513429642
18082057,-0.17221784,0.03967136666,0.03560486585,9.93013382e-05,0.001118957996,0.0009966976941
16771366,0.003026749892,0.09763555229,-0.04077296481,0.0001321171876,0.001211471856,0.001324757934
18083171,-0.1722268224,0.05548684224,0.09359712452,0.0001340657473,0.001078598201,0.001002304256
16510458,0.1400261164,0.02247886658,-0.1204415515,0.0001305788755,0.001060284674,0.001016512513
16510473,0.1315493375,0.02807337567,-0.122895661,0.0009258538485,0.001028874889,0.00111155957
15724163,0.0009865653818,0.03130005226,-0.0007839243743,6.718531949e-05,0.0005000457168,0.0004806543002
15724168,-0.000986565277,0.03130005226,-0.000783925876,6.718421355e-05,0.0005000457168,0.0004806531942
16510651,0.1400263011,0.0215099588,-0.1164297312,0.0001315027475,0.001067822799,0.001026540995
16773116,0.003021348594,0.09651295394,-0.03853847012,0.0001067840494,0.001024350524,0.001180633903
16511078,0.1400244296,0.05241759792,-0.1224379569,0.0001221448183,0.00101936236,0.001014336944
16511079,0.1400244653,0.05445959121,-0.1204105094,0.0001223236322,0.001026447862,0.001010343432
16511082,0.1400287628,0.05343456641,-0.1214217812,0.0001438111067,0.001026593149,0.001016415656
16511102,0.1337561253,0.05616383394,-0.1143440595,0.001351341605,0.001586411148,0.001507021487
17822725,-0.1835079168,0.08350625634,0.005462619088,0.0009989142418,0.0001402720809,0.001475539058
8647925,0.08039999902,0.002026126487,0.154595691,0.001000002027,0.0001306349877,0.0009967833757
15725922,0.003013150068,0.006285004318,-0.0008035494713,6.578676403e-05,0.0004948526621,0.0005075964727
15725932,0.003287404543,0.006000741851,-0.001294385828,0.0004813882988,6.666453555e-05,0.0005100669805
7075348,0.1399746835,0.04640282169,-0.01045239754,0.0001265853643,0.001023903489,0.0009790156037
4453979,-0.1393932015,0.002024297183,0.1804012448,0.001010850072,0.0001980264205,0.001007989049
4454395,-0.08033333222,0.0004863519668,0.1539657811,0.001000002027,0.0009776796214,0.0001213997602
4454396,-0.08039999902,0.00138362305,0.1539832175,0.001000002027,0.001029785664,8.390843868e-05
4454429,-0.08339999765,0.002025686577,0.1555737168,0.001000002027,0.0001284258906,0.0009615570307
16513302,0.1274386317,0.05344306231,-0.1026198149,0.001101866364,0.001080844551,0.001016564667
16513303,0.1244618982,0.05346645638,-0.1025935173,0.001178875566,0.001080997288,0.001006901264
16513470,0.1400245637,0.0684773013,-0.1064087972,0.0001228153706,0.001049622893,0.001011535525
16513474,0.1400274605,0.06951721013,-0.1014132887,0.0001372992992,0.001025378704,0.0009894073009
16513605,0.1216084436,0.1101878837,-0.1002457067,0.001011937857,0.001276820898,0.001186288893
16513625,0.1214771743,0.1081293387,-0.1022977345,0.0009666830301,0.001019261777,0.00110398978
8649467,0.1429857343,0.01658622921,0.1564690709,0.0001368224621,0.001256531104,0.001130983233
8649601,0.1429748863,0.0234214209,0.1563512653,0.0001232177019,0.001088773832,0.001101180911
8649605,0.1479758561,0.0204083886,0.1524955332,0.0001206248999,0.001010309905,0.0009683817625
8649629,0.1399773121,0.003673609253,0.1683998615,0.0001133680344,0.0009116251022,0.00100018084
8649630,0.1472824752,0.01512283161,0.1651522517,0.0009169280529,0.001548153348,0.00163538754
8649657,0.1514896005,0.02338873222,0.1734200145,0.00102622807,0.001186767593,0.001092925668
8649781,0.1429711938,0.01479723416,0.1585632563,0.0001540035009,0.002316824161,0.001122608781
16514210,0.1308466111,0.08079637587,-0.08564493699,0.001533001661,0.001713939011,0.001634716988
16514219,0.1215981185,0.1165077776,-0.08960700035,0.00101429224,0.001693308353,0.001693256199
16514221,0.1225177211,0.1177664722,-0.08835644151,0.001004427671,0.001490525901,0.001398861408
16514644,0.1335925668,0.1086327985,-0.06846577674,0.001017138362,0.001042202115,0.000110603869
16514645,0.1325754493,0.1095936954,-0.06846506149,0.001007556915,0.00098054111,0.0001064091921
16514657,0.137405628,0.1096365988,-0.06846830398,0.001002058387,0.0009575486183,0.0001229420304
16514658,0.1384026259,0.1107484147,-0.06872761399,0.001006484032,0.001287773252,0.0005613192916
16514668,0.1374170899,0.1186624214,-0.07629967481,0.001048833132,0.00116443634,0.001080356538
16514673,0.1335439742,0.1246850029,-0.07153461426,0.001049280167,0.001050703228,0.001137346029
16514681,0.1325224549,0.1257039994,-0.07050810754,0.001016870141,0.001006051898,0.001112699509
4456130,-0.1590613872,0.008424046263,0.1759779215,0.001307457685,0.0009719049558,0.001236394048
16514787,0.1395186807,0.1305323467,-0.065693597,0.0009654909372,0.001098498702,0.001013204455
8650688,0.1425717145,0.01002318319,0.1674898535,0.001022815704,0.0001158975065,0.001010239124
8650689,0.1435938448,0.01002366766,0.1664798021,0.001018077135,0.0001183841377,0.001020133495
16515046,0.09602302909,0.1214295357,-0.05257044286,0.0001071840525,0.001187041402,0.001045837998
16515058,0.1316289991,0.1195975214,-0.05430074111,0.001052752137,0.001002833247,0.0002937093377
16515063,0.140027523,0.1184126377,-0.05253954977,0.0001376122236,0.0009922608733,0.001039631665
16515068,0.131476519,0.1259238198,-0.05527199494,0.0009856075048,0.001019716263,0.001110285521
16515070,0.1316138864,0.1234206319,-0.05432757288,0.001031637192,0.00105445087,0.0001302659512
