solid noctua_fan_left
  facet normal -0.99930068502701 0.0264399404741131 0.0264399404741131
    outer loop
      vertex -0.125 0.0807885818481445 -0.0977885818481445
      vertex -0.124846206665039 0.0836949005126953 -0.0948822631835937
      vertex -0.125 0.0822027969360352 -0.0992027969360352
    endloop
  endfacet
  facet normal -0.99930068502701 0.0264399404741131 0.0264399404741131
    outer loop
      vertex -0.125 0.0822027969360352 -0.0992027969360352
      vertex -0.124846206665039 0.0836949005126953 -0.0948822631835937
      vertex -0.124846206665039 0.0851091156005859 -0.0962964782714844
    endloop
  endfacet
  facet normal -0.99371230709369 0.0791702302969258 0.0791702302969258
    outer loop
      vertex -0.124846206665039 0.0836949005126953 -0.0948822631835937
      vertex -0.124385696411133 0.0865849685668945 -0.0919921951293945
      vertex -0.124846206665039 0.0851091156005859 -0.0962964782714844
    endloop
  endfacet
  facet normal -0.993712290651119 0.0791705470410427 0.0791701199325047
    outer loop
      vertex -0.124846206665039 0.0851091156005859 -0.0962964782714844
      vertex -0.124385696411133 0.0865849685668945 -0.0919921951293945
      vertex -0.124385696411133 0.0879991760253906 -0.0934064102172852
    endloop
  endfacet
  facet normal -0.982566290362565 0.131460396139715 0.131459686938381
    outer loop
      vertex -0.124385696411133 0.0865849685668945 -0.0919921951293945
      vertex -0.123621032714844 0.0894426193237305 -0.0891345520019531
      vertex -0.124385696411133 0.0879991760253906 -0.0934064102172852
    endloop
  endfacet
  facet normal -0.982566335697194 0.131459872118052 0.131459872118052
    outer loop
      vertex -0.124385696411133 0.0879991760253906 -0.0934064102172852
      vertex -0.123621032714844 0.0894426193237305 -0.0891345520019531
      vertex -0.123621032714844 0.0908568267822266 -0.0905487594604492
    endloop
  endfacet
  facet normal -0.965925936949953 0.183012409862494 0.183012409862494
    outer loop
      vertex -0.123621032714844 0.0908568267822266 -0.0905487594604492
      vertex -0.122556503295898 0.0922518692016602 -0.0863252944946289
      vertex -0.122556503295898 0.0936660842895508 -0.0877395095825195
    endloop
  endfacet
  facet normal -0.965925936949953 0.183012409862494 0.183012409862494
    outer loop
      vertex -0.123621032714844 0.0894426193237305 -0.0891345520019531
      vertex -0.122556503295898 0.0922518692016602 -0.0863252944946289
      vertex -0.123621032714844 0.0908568267822266 -0.0905487594604492
    endloop
  endfacet
  facet normal -0.943883574337812 0.233542071258346 0.233542071258346
    outer loop
      vertex -0.122556503295898 0.0936660842895508 -0.0877395095825195
      vertex -0.121198059082031 0.0949970169067383 -0.0835801544189453
      vertex -0.121198059082031 0.0964112243652344 -0.0849943618774414
    endloop
  endfacet
  facet normal -0.943883574337812 0.233542071258346 0.233542071258346
    outer loop
      vertex -0.122556503295898 0.0922518692016602 -0.0863252944946289
      vertex -0.121198059082031 0.0949970169067383 -0.0835801544189453
      vertex -0.122556503295898 0.0936660842895508 -0.0877395095825195
    endloop
  endfacet
  facet normal -0.916562191848199 0.282766465899358 0.282766465899358
    outer loop
      vertex -0.121198059082031 0.0964112243652344 -0.0849943618774414
      vertex -0.119553291320801 0.0976626968383789 -0.0809144668579102
      vertex -0.119553291320801 0.0990769119262695 -0.0823286819458008
    endloop
  endfacet
  facet normal -0.916562191848199 0.282766465899358 0.282766465899358
    outer loop
      vertex -0.121198059082031 0.0949970169067383 -0.0835801544189453
      vertex -0.119553291320801 0.0976626968383789 -0.0809144668579102
      vertex -0.121198059082031 0.0964112243652344 -0.0849943618774414
    endloop
  endfacet
  facet normal -0.884114689906139 0.330409757038266 0.330409757038266
    outer loop
      vertex -0.119553291320801 0.0990769119262695 -0.0823286819458008
      vertex -0.117631393432617 0.100234016418457 -0.078343147277832
      vertex -0.117631393432617 0.101648231506348 -0.0797573623657227
    endloop
  endfacet
  facet normal -0.884114689906139 0.330409757038266 0.330409757038266
    outer loop
      vertex -0.119553291320801 0.0976626968383789 -0.0809144668579102
      vertex -0.117631393432617 0.100234016418457 -0.078343147277832
      vertex -0.119553291320801 0.0990769119262695 -0.0823286819458008
    endloop
  endfacet
  facet normal -0.846724545989836 0.376203098882974 0.376203098882974
    outer loop
      vertex -0.117631393432617 0.100234016418457 -0.078343147277832
      vertex -0.115443130493164 0.102696594238281 -0.0758805770874023
      vertex -0.117631393432617 0.101648231506348 -0.0797573623657227
    endloop
  endfacet
  facet normal -0.846724545989836 0.376203098882974 0.376203098882974
    outer loop
      vertex -0.117631393432617 0.101648231506348 -0.0797573623657227
      vertex -0.115443130493164 0.102696594238281 -0.0758805770874023
      vertex -0.115443130493164 0.104110801696777 -0.0772947845458984
    endloop
  endfacet
  facet normal -0.804598089125225 0.419893983629223 0.419893983629223
    outer loop
      vertex -0.115443130493164 0.102696594238281 -0.0758805770874023
      vertex -0.113000732421875 0.105036643981934 -0.0735405197143555
      vertex -0.115443130493164 0.104110801696777 -0.0772947845458984
    endloop
  endfacet
  facet normal -0.804598089125225 0.419893983629223 0.419893983629223
    outer loop
      vertex -0.115443130493164 0.104110801696777 -0.0772947845458984
      vertex -0.113000732421875 0.105036643981934 -0.0735405197143555
      vertex -0.113000732421875 0.106450859069824 -0.0749547348022461
    endloop
  endfacet
  facet normal -0.757972498019908 0.461236215103205 0.461236215103205
    outer loop
      vertex -0.113000732421875 0.105036643981934 -0.0735405197143555
      vertex -0.110317855834961 0.107241096496582 -0.071336067199707
      vertex -0.113000732421875 0.106450859069824 -0.0749547348022461
    endloop
  endfacet
  facet normal -0.757971939945246 0.461237917798142 0.461235429516071
    outer loop
      vertex -0.113000732421875 0.106450859069824 -0.0749547348022461
      vertex -0.110317855834961 0.107241096496582 -0.071336067199707
      vertex -0.110317855834961 0.108655303955078 -0.0727502822875977
    endloop
  endfacet
  facet normal -0.707105556882971 0.500002214413714 0.499999517006373
    outer loop
      vertex -0.110317855834961 0.107241096496582 -0.071336067199707
      vertex -0.10740950012207 0.109297607421875 -0.0692795562744141
      vertex -0.110317855834961 0.108655303955078 -0.0727502822875977
    endloop
  endfacet
  facet normal -0.707106212703584 0.500000401977835 0.500000401977835
    outer loop
      vertex -0.110317855834961 0.108655303955078 -0.0727502822875977
      vertex -0.10740950012207 0.109297607421875 -0.0692795562744141
      vertex -0.10740950012207 0.110711822509766 -0.0706937713623047
    endloop
  endfacet
  facet normal -0.652287751819536 0.535966738159289 0.535966738159289
    outer loop
      vertex -0.10740950012207 0.109297607421875 -0.0692795562744141
      vertex -0.104291938781738 0.111194694519043 -0.0673824768066406
      vertex -0.10740950012207 0.110711822509766 -0.0706937713623047
    endloop
  endfacet
  facet normal -0.652287751819536 0.535966738159289 0.535966738159289
    outer loop
      vertex -0.10740950012207 0.110711822509766 -0.0706937713623047
      vertex -0.104291938781738 0.111194694519043 -0.0673824768066406
      vertex -0.104291938781738 0.112608901977539 -0.0687966842651367
    endloop
  endfacet
  facet normal -0.593820651011351 0.568936303303127 0.568936303303127
    outer loop
      vertex -0.104291938781738 0.111194694519043 -0.0673824768066406
      vertex -0.100982604980469 0.112921730041504 -0.0656554336547852
      vertex -0.104291938781738 0.112608901977539 -0.0687966842651367
    endloop
  endfacet
  facet normal -0.593820651011351 0.568936303303127 0.568936303303127
    outer loop
      vertex -0.104291938781738 0.112608901977539 -0.0687966842651367
      vertex -0.100982604980469 0.112921730041504 -0.0656554336547852
      vertex -0.100982604980469 0.114335945129395 -0.0670696487426758
    endloop
  endfacet
  facet normal -0.532030897534397 0.59872494689496 0.59872494689496
    outer loop
      vertex -0.100982604980469 0.112921730041504 -0.0656554336547852
      vertex -0.0975 0.114469062805176 -0.0641081008911133
      vertex -0.100982604980469 0.114335945129395 -0.0670696487426758
    endloop
  endfacet
  facet normal -0.532031837902719 0.598722914082406 0.598726144084694
    outer loop
      vertex -0.100982604980469 0.114335945129395 -0.0670696487426758
      vertex -0.0975 0.114469062805176 -0.0641081008911133
      vertex -0.0975 0.115883277893066 -0.0655223083496094
    endloop
  endfacet
  facet normal -0.399891781554746 0.648107461400103 0.648107461400103
    outer loop
      vertex -0.0938636093139648 0.117242263793945 -0.064163330078125
      vertex -0.0938636093139648 0.115828048706055 -0.0627491149902344
      vertex -0.0900937576293945 0.118405288696289 -0.063000301361084
    endloop
  endfacet
  facet normal -0.467270091862019 0.625161756809763 0.625165129444846
    outer loop
      vertex -0.0975 0.114469062805176 -0.0641081008911133
      vertex -0.0938636093139648 0.115828048706055 -0.0627491149902344
      vertex -0.0975 0.115883277893066 -0.0655223083496094
    endloop
  endfacet
  facet normal -0.467269066611277 0.625163826284049 0.625163826284049
    outer loop
      vertex -0.0975 0.115883277893066 -0.0655223083496094
      vertex -0.0938636093139648 0.115828048706055 -0.0627491149902344
      vertex -0.0938636093139648 0.117242263793945 -0.064163330078125
    endloop
  endfacet
  facet normal -0.399891230610965 0.64810675726711 0.648108505472008
    outer loop
      vertex -0.0938636093139648 0.115828048706055 -0.0627491149902344
      vertex -0.0900937576293945 0.116991073608398 -0.0615860900878906
      vertex -0.0900937576293945 0.118405288696289 -0.063000301361084
    endloop
  endfacet
  facet normal -0.33027926849371 0.667425352248612 0.66742715256354
    outer loop
      vertex -0.0900937576293945 0.118405288696289 -0.063000301361084
      vertex -0.0862115325927734 0.117951644897461 -0.0606255226135254
      vertex -0.0862115325927734 0.119365859985352 -0.0620397338867188
    endloop
  endfacet
  facet normal -0.33027926849371 0.667425352248612 0.66742715256354
    outer loop
      vertex -0.0900937576293945 0.116991073608398 -0.0615860900878906
      vertex -0.0862115325927734 0.117951644897461 -0.0606255226135254
      vertex -0.0900937576293945 0.118405288696289 -0.063000301361084
    endloop
  endfacet
  facet normal -0.25881818880091 0.683012864134277 0.683012864134277
    outer loop
      vertex -0.0862115325927734 0.119365859985352 -0.0620397338867188
      vertex -0.082238655090332 0.118704376220703 -0.0598727836608887
      vertex -0.082238655090332 0.120118591308594 -0.0612869987487793
    endloop
  endfacet
  facet normal -0.25881880068964 0.6830118270212 0.683013669379126
    outer loop
      vertex -0.0862115325927734 0.117951644897461 -0.0606255226135254
      vertex -0.082238655090332 0.118704376220703 -0.0598727836608887
      vertex -0.0862115325927734 0.119365859985352 -0.0620397338867188
    endloop
  endfacet
  facet normal -0.185911108825971 0.694781356960628 0.694777608760563
    outer loop
      vertex -0.082238655090332 0.120118591308594 -0.0612869987487793
      vertex -0.0781973266601562 0.119245079040527 -0.059332088470459
      vertex -0.0781973266601562 0.120659286499023 -0.0607463035583496
    endloop
  endfacet
  facet normal -0.185912375126953 0.694779313442281 0.694779313442281
    outer loop
      vertex -0.082238655090332 0.118704376220703 -0.0598727836608887
      vertex -0.0781973266601562 0.119245079040527 -0.059332088470459
      vertex -0.082238655090332 0.120118591308594 -0.0612869987487793
    endloop
  endfacet
  facet normal -0.11196564542764 0.702660549000715 0.702660549000715
    outer loop
      vertex -0.0781973266601562 0.120659286499023 -0.0607463035583496
      vertex -0.0741101531982422 0.119570709228516 -0.0590064544677734
      vertex -0.0741101531982422 0.120984924316406 -0.0604206695556641
    endloop
  endfacet
  facet normal -0.111964350234522 0.702662547547732 0.702658756830292
    outer loop
      vertex -0.0781973266601562 0.119245079040527 -0.059332088470459
      vertex -0.0741101531982422 0.119570709228516 -0.0590064544677734
      vertex -0.0781973266601562 0.120659286499023 -0.0607463035583496
    endloop
  endfacet
  facet normal -0.0373901472278424 0.706614238518288 0.706610426482302
    outer loop
      vertex -0.0741101531982422 0.120984924316406 -0.0604206695556641
      vertex -0.07 0.119679458618164 -0.0588977088928223
      vertex -0.07 0.12109366607666 -0.0603119239807129
    endloop
  endfacet
  facet normal -0.0373914570317967 0.706612297848346 0.706612297848346
    outer loop
      vertex -0.0741101531982422 0.119570709228516 -0.0590064544677734
      vertex -0.07 0.119679458618164 -0.0588977088928223
      vertex -0.0741101531982422 0.120984924316406 -0.0604206695556641
    endloop
  endfacet
  facet normal 0.0373901472297448 0.706612332502815 0.706612332502815
    outer loop
      vertex -0.07 0.12109366607666 -0.0603119239807129
      vertex -0.0658898468017578 0.119570709228516 -0.0590064544677734
      vertex -0.0658898468017578 0.120984924316406 -0.0604206695556641
    endloop
  endfacet
  facet normal 0.0373914570334274 0.706614203863632 0.706610391827833
    outer loop
      vertex -0.07 0.119679458618164 -0.0588977088928223
      vertex -0.0658898468017578 0.119570709228516 -0.0590064544677734
      vertex -0.07 0.12109366607666 -0.0603119239807129
    endloop
  endfacet
  facet normal 0.111965748620343 0.702662436134939 0.7026586454181
    outer loop
      vertex -0.0658898468017578 0.120984924316406 -0.0604206695556641
      vertex -0.061802677154541 0.119245079040527 -0.059332088470459
      vertex -0.061802677154541 0.120659286499023 -0.0607463035583496
    endloop
  endfacet
  facet normal 0.111964453426867 0.702660643970054 0.702660643970054
    outer loop
      vertex -0.0658898468017578 0.119570709228516 -0.0590064544677734
      vertex -0.061802677154541 0.119245079040527 -0.059332088470459
      vertex -0.0658898468017578 0.120984924316406 -0.0604206695556641
    endloop
  endfacet
  facet normal 0.185911108826624 0.694779482863036 0.694779482863036
    outer loop
      vertex -0.061802677154541 0.120659286499023 -0.0607463035583496
      vertex -0.0577613487243652 0.118704376220703 -0.0598727836608887
      vertex -0.0577613487243652 0.120118591308594 -0.0612869987487793
    endloop
  endfacet
  facet normal 0.185912375129715 0.69478118753896 0.694777439339808
    outer loop
      vertex -0.061802677154541 0.119245079040527 -0.059332088470459
      vertex -0.0577613487243652 0.118704376220703 -0.0598727836608887
      vertex -0.061802677154541 0.120659286499023 -0.0607463035583496
    endloop
  endfacet
  facet normal 0.2588177250699 0.683012030816529 0.683013873175005
    outer loop
      vertex -0.0577613487243652 0.120118591308594 -0.0612869987487793
      vertex -0.0537884635925293 0.117951644897461 -0.0606255226135254
      vertex -0.0537884635925293 0.119365859985352 -0.0620397338867188
    endloop
  endfacet
  facet normal 0.330279557626675 0.667425280709216 0.667427081023951
    outer loop
      vertex -0.0537884635925293 0.119365859985352 -0.0620397338867188
      vertex -0.0537884635925293 0.117951644897461 -0.0606255226135254
      vertex -0.0499062423706055 0.118405288696289 -0.063000301361084
    endloop
  endfacet
  facet normal 0.258818336955655 0.683012836063682 0.683012836063682
    outer loop
      vertex -0.0577613487243652 0.118704376220703 -0.0598727836608887
      vertex -0.0537884635925293 0.117951644897461 -0.0606255226135254
      vertex -0.0577613487243652 0.120118591308594 -0.0612869987487793
    endloop
  endfacet
  facet normal 0.330279557626675 0.667425280709216 0.667427081023951
    outer loop
      vertex -0.0537884635925293 0.117951644897461 -0.0606255226135254
      vertex -0.0499062423706055 0.116991073608398 -0.0615860900878906
      vertex -0.0499062423706055 0.118405288696289 -0.063000301361084
    endloop
  endfacet
  facet normal 0.399892121495055 0.648107356525979 0.648107356525979
    outer loop
      vertex -0.0499062423706055 0.118405288696289 -0.063000301361084
      vertex -0.0461363945007324 0.115828048706055 -0.0627491149902344
      vertex -0.0461363945007324 0.117242263793945 -0.064163330078125
    endloop
  endfacet
  facet normal 0.467268683456766 0.625163969475441 0.625163969475441
    outer loop
      vertex -0.0461363945007324 0.117242263793945 -0.064163330078125
      vertex -0.0461363945007324 0.115828048706055 -0.0627491149902344
      vertex -0.0425 0.115883277893066 -0.0655223083496094
    endloop
  endfacet
  facet normal 0.399891570550984 0.648106652393389 0.648108400598004
    outer loop
      vertex -0.0499062423706055 0.116991073608398 -0.0615860900878906
      vertex -0.0461363945007324 0.115828048706055 -0.0627491149902344
      vertex -0.0499062423706055 0.118405288696289 -0.063000301361084
    endloop
  endfacet
  facet normal 0.467269708707137 0.62516190000131 0.625165272637165
    outer loop
      vertex -0.0461363945007324 0.115828048706055 -0.0627491149902344
      vertex -0.0425 0.114469062805176 -0.0641081008911133
      vertex -0.0425 0.115883277893066 -0.0655223083496094
    endloop
  endfacet
  facet normal 0.53203183790157 0.598724529086239 0.598724529086239
    outer loop
      vertex -0.0425 0.115883277893066 -0.0655223083496094
      vertex -0.0390173950195312 0.112921730041504 -0.0656554336547852
      vertex -0.0390173950195312 0.114335945129395 -0.0670696487426758
    endloop
  endfacet
  facet normal 0.593820651011351 0.568936303303127 0.568936303303127
    outer loop
      vertex -0.0390173950195312 0.114335945129395 -0.0670696487426758
      vertex -0.0390173950195312 0.112921730041504 -0.0656554336547852
      vertex -0.0357080612182617 0.112608901977539 -0.0687966842651367
    endloop
  endfacet
  facet normal 0.532030897533009 0.598723331891127 0.598726561895669
    outer loop
      vertex -0.0425 0.114469062805176 -0.0641081008911133
      vertex -0.0390173950195312 0.112921730041504 -0.0656554336547852
      vertex -0.0425 0.115883277893066 -0.0655223083496094
    endloop
  endfacet
  facet normal 0.593820651011351 0.568936303303127 0.568936303303127
    outer loop
      vertex -0.0390173950195312 0.112921730041504 -0.0656554336547852
      vertex -0.0357080612182617 0.111194694519043 -0.0673824768066406
      vertex -0.0357080612182617 0.112608901977539 -0.0687966842651367
    endloop
  endfacet
  facet normal 0.652287751819536 0.535966738159289 0.535966738159289
    outer loop
      vertex -0.0357080612182617 0.112608901977539 -0.0687966842651367
      vertex -0.0325904998779297 0.109297607421875 -0.0692795562744141
      vertex -0.0325904998779297 0.110711822509766 -0.0706937713623047
    endloop
  endfacet
  facet normal 0.652287751819536 0.535966738159289 0.535966738159289
    outer loop
      vertex -0.0357080612182617 0.111194694519043 -0.0673824768066406
      vertex -0.0325904998779297 0.109297607421875 -0.0692795562744141
      vertex -0.0357080612182617 0.112608901977539 -0.0687966842651367
    endloop
  endfacet
  facet normal 0.707106676437121 0.500001422768735 0.499998725365664
    outer loop
      vertex -0.0325904998779297 0.110711822509766 -0.0706937713623047
      vertex -0.0296821479797363 0.107241096496582 -0.071336067199707
      vertex -0.0296821479797363 0.108655303955078 -0.0727502822875977
    endloop
  endfacet
  facet normal 0.707106020617742 0.500000537802782 0.500000537802782
    outer loop
      vertex -0.0325904998779297 0.109297607421875 -0.0692795562744141
      vertex -0.0296821479797363 0.107241096496582 -0.071336067199707
      vertex -0.0325904998779297 0.110711822509766 -0.0706937713623047
    endloop
  endfacet
  facet normal 0.757972039465733 0.461237836024558 0.461235347742928
    outer loop
      vertex -0.0296821479797363 0.107241096496582 -0.071336067199707
      vertex -0.026999267578125 0.105036643981934 -0.0735405197143555
      vertex -0.0296821479797363 0.108655303955078 -0.0727502822875977
    endloop
  endfacet
  facet normal 0.757971481394349 0.461237050437655 0.461237050437655
    outer loop
      vertex -0.0296821479797363 0.108655303955078 -0.0727502822875977
      vertex -0.026999267578125 0.105036643981934 -0.0735405197143555
      vertex -0.026999267578125 0.106450859069824 -0.0749547348022461
    endloop
  endfacet
  facet normal 0.804597867559835 0.419894195910211 0.419894195910211
    outer loop
      vertex -0.026999267578125 0.106450859069824 -0.0749547348022461
      vertex -0.026999267578125 0.105036643981934 -0.0735405197143555
      vertex -0.0245568675994873 0.104110801696777 -0.0772947845458984
    endloop
  endfacet
  facet normal 0.804597867559835 0.419894195910211 0.419894195910211
    outer loop
      vertex -0.026999267578125 0.105036643981934 -0.0735405197143555
      vertex -0.0245568675994873 0.102696594238281 -0.0758805770874023
      vertex -0.0245568675994873 0.104110801696777 -0.0772947845458984
    endloop
  endfacet
  facet normal 0.846724337085484 0.376203333974559 0.376203333974559
    outer loop
      vertex -0.0245568675994873 0.104110801696777 -0.0772947845458984
      vertex -0.0245568675994873 0.102696594238281 -0.0758805770874023
      vertex -0.0223686027526855 0.101648231506348 -0.0797573623657227
    endloop
  endfacet
  facet normal 0.846724337085484 0.376203333974559 0.376203333974559
    outer loop
      vertex -0.0245568675994873 0.102696594238281 -0.0758805770874023
      vertex -0.0223686027526855 0.100234016418457 -0.078343147277832
      vertex -0.0223686027526855 0.101648231506348 -0.0797573623657227
    endloop
  endfacet
  facet normal 0.884115456214909 0.330408731786785 0.330408731786785
    outer loop
      vertex -0.0223686027526855 0.100234016418457 -0.078343147277832
      vertex -0.0204467124938965 0.0976626968383789 -0.0809144668579102
      vertex -0.0223686027526855 0.101648231506348 -0.0797573623657227
    endloop
  endfacet
  facet normal 0.884115456214909 0.330408731786785 0.330408731786785
    outer loop
      vertex -0.0223686027526855 0.101648231506348 -0.0797573623657227
      vertex -0.0204467124938965 0.0976626968383789 -0.0809144668579102
      vertex -0.0204467124938965 0.0990769119262695 -0.0823286819458008
    endloop
  endfacet
  facet normal 0.916562191848199 0.282766465899358 0.282766465899358
    outer loop
      vertex -0.0204467124938965 0.0990769119262695 -0.0823286819458008
      vertex -0.0204467124938965 0.0976626968383789 -0.0809144668579102
      vertex -0.018801944732666 0.0964112243652344 -0.0849943618774414
    endloop
  endfacet
  facet normal 0.916562191848199 0.282766465899358 0.282766465899358
    outer loop
      vertex -0.0204467124938965 0.0976626968383789 -0.0809144668579102
      vertex -0.018801944732666 0.0949970169067383 -0.0835801544189453
      vertex -0.018801944732666 0.0964112243652344 -0.0849943618774414
    endloop
  endfacet
  facet normal 0.94388314063841 0.233542947676196 0.233542947676196
    outer loop
      vertex -0.018801944732666 0.0949970169067383 -0.0835801544189453
      vertex -0.0174434947967529 0.0922518692016602 -0.0863252944946289
      vertex -0.018801944732666 0.0964112243652344 -0.0849943618774414
    endloop
  endfacet
  facet normal 0.94388314063841 0.233542947676196 0.233542947676196
    outer loop
      vertex -0.018801944732666 0.0964112243652344 -0.0849943618774414
      vertex -0.0174434947967529 0.0922518692016602 -0.0863252944946289
      vertex -0.0174434947967529 0.0936660842895508 -0.0877395095825195
    endloop
  endfacet
  facet normal 0.965925936949953 0.183012409862494 0.183012409862494
    outer loop
      vertex -0.0174434947967529 0.0936660842895508 -0.0877395095825195
      vertex -0.0174434947967529 0.0922518692016602 -0.0863252944946289
      vertex -0.0163789653778076 0.0908568267822266 -0.0905487594604492
    endloop
  endfacet
  facet normal 0.982566462762922 0.131459397255503 0.131459397255503
    outer loop
      vertex -0.0163789653778076 0.0908568267822266 -0.0905487594604492
      vertex -0.0163789653778076 0.0894426193237305 -0.0891345520019531
      vertex -0.0156143045425415 0.0879991760253906 -0.0934064102172852
    endloop
  endfacet
  facet normal 0.965925936949953 0.183012409862494 0.183012409862494
    outer loop
      vertex -0.0174434947967529 0.0922518692016602 -0.0863252944946289
      vertex -0.0163789653778076 0.0894426193237305 -0.0891345520019531
      vertex -0.0163789653778076 0.0908568267822266 -0.0905487594604492
    endloop
  endfacet
  facet normal 0.982566417428615 0.131459921275316 0.131459212076544
    outer loop
      vertex -0.0163789653778076 0.0894426193237305 -0.0891345520019531
      vertex -0.0156143045425415 0.0865849685668945 -0.0919921951293945
      vertex -0.0156143045425415 0.0879991760253906 -0.0934064102172852
    endloop
  endfacet
  facet normal 0.993712213258698 0.0791708191839039 0.0791708191839039
    outer loop
      vertex -0.0156143045425415 0.0879991760253906 -0.0934064102172852
      vertex -0.0151537914276123 0.0836949005126953 -0.0948822631835937
      vertex -0.0151537914276123 0.0851091156005859 -0.0962964782714844
    endloop
  endfacet
  facet normal 0.993712229701333 0.0791709295490108 0.0791705024384092
    outer loop
      vertex -0.0156143045425415 0.0865849685668945 -0.0919921951293945
      vertex -0.0151537914276123 0.0836949005126953 -0.0948822631835937
      vertex -0.0156143045425415 0.0879991760253906 -0.0934064102172852
    endloop
  endfacet
  facet normal 0.999300702354554 0.0264396130237907 0.0264396130237907
    outer loop
      vertex -0.0151537914276123 0.0851091156005859 -0.0962964782714844
      vertex -0.015 0.0807885818481445 -0.0977885818481445
      vertex -0.015 0.0822027969360352 -0.0992027969360352
    endloop
  endfacet
  facet normal 0.999300702354554 -0.0264396130237907 -0.0264396130237907
    outer loop
      vertex -0.015 0.0822027969360352 -0.0992027969360352
      vertex -0.015 0.0807885818481445 -0.0977885818481445
      vertex -0.0151537914276123 0.0792964782714844 -0.102109115600586
    endloop
  endfacet
  facet normal 0.999300702354554 0.0264396130237907 0.0264396130237907
    outer loop
      vertex -0.0151537914276123 0.0836949005126953 -0.0948822631835937
      vertex -0.015 0.0807885818481445 -0.0977885818481445
      vertex -0.0151537914276123 0.0851091156005859 -0.0962964782714844
    endloop
  endfacet
  facet normal 0.999300702354554 -0.0264396130237907 -0.0264396130237907
    outer loop
      vertex -0.015 0.0807885818481445 -0.0977885818481445
      vertex -0.0151537914276123 0.0778822631835938 -0.100694900512695
      vertex -0.0151537914276123 0.0792964782714844 -0.102109115600586
    endloop
  endfacet
  facet normal 0.993712213258608 -0.0791706056285995 -0.0791710327397577
    outer loop
      vertex -0.0151537914276123 0.0792964782714844 -0.102109115600586
      vertex -0.0156143045425415 0.0749921951293945 -0.103584968566895
      vertex -0.0156143045425415 0.0764064102172852 -0.104999176025391
    endloop
  endfacet
  facet normal 0.993712229701379 -0.0791707159937136 -0.0791707159937136
    outer loop
      vertex -0.0151537914276123 0.0778822631835938 -0.100694900512695
      vertex -0.0156143045425415 0.0749921951293945 -0.103584968566895
      vertex -0.0151537914276123 0.0792964782714844 -0.102109115600586
    endloop
  endfacet
  facet normal 0.982566462762922 -0.131459397255503 -0.131459397255503
    outer loop
      vertex -0.0156143045425415 0.0764064102172852 -0.104999176025391
      vertex -0.0163789653778076 0.0721345520019531 -0.10644261932373
      vertex -0.0163789653778076 0.0735487594604492 -0.107856826782227
    endloop
  endfacet
  facet normal 0.982566417428615 -0.131459212076544 -0.131459921275316
    outer loop
      vertex -0.0156143045425415 0.0749921951293945 -0.103584968566895
      vertex -0.0163789653778076 0.0721345520019531 -0.10644261932373
      vertex -0.0156143045425415 0.0764064102172852 -0.104999176025391
    endloop
  endfacet
  facet normal 0.965925936949953 -0.183012409862494 -0.183012409862494
    outer loop
      vertex -0.0163789653778076 0.0735487594604492 -0.107856826782227
      vertex -0.0174434947967529 0.0693252944946289 -0.10925186920166
      vertex -0.0174434947967529 0.0707395095825195 -0.110666084289551
    endloop
  endfacet
  facet normal 0.965925936949953 -0.183012409862494 -0.183012409862494
    outer loop
      vertex -0.0163789653778076 0.0721345520019531 -0.10644261932373
      vertex -0.0174434947967529 0.0693252944946289 -0.10925186920166
      vertex -0.0163789653778076 0.0735487594604492 -0.107856826782227
    endloop
  endfacet
  facet normal 0.94388314063841 -0.233542947676196 -0.233542947676196
    outer loop
      vertex -0.0174434947967529 0.0707395095825195 -0.110666084289551
      vertex -0.018801944732666 0.0665801544189453 -0.111997016906738
      vertex -0.018801944732666 0.0679943618774414 -0.113411224365234
    endloop
  endfacet
  facet normal 0.916562191848199 -0.282766465899358 -0.282766465899358
    outer loop
      vertex -0.018801944732666 0.0679943618774414 -0.113411224365234
      vertex -0.018801944732666 0.0665801544189453 -0.111997016906738
      vertex -0.0204467124938965 0.0653286819458008 -0.11607691192627
    endloop
  endfacet
  facet normal 0.94388314063841 -0.233542947676196 -0.233542947676196
    outer loop
      vertex -0.0174434947967529 0.0693252944946289 -0.10925186920166
      vertex -0.018801944732666 0.0665801544189453 -0.111997016906738
      vertex -0.0174434947967529 0.0707395095825195 -0.110666084289551
    endloop
  endfacet
  facet normal 0.916562296721877 -0.282765914563982 -0.282766677295457
    outer loop
      vertex -0.018801944732666 0.0665801544189453 -0.111997016906738
      vertex -0.0204467124938965 0.0639144630432129 -0.114662696838379
      vertex -0.0204467124938965 0.0653286819458008 -0.11607691192627
    endloop
  endfacet
  facet normal 0.884115599405906 -0.330408985831333 -0.330408094587656
    outer loop
      vertex -0.0204467124938965 0.0653286819458008 -0.11607691192627
      vertex -0.0223686027526855 0.061343147277832 -0.117234016418457
      vertex -0.0223686027526855 0.0627573585510254 -0.118648231506348
    endloop
  endfacet
  facet normal 0.846723965816146 -0.376204259169385 -0.376203244397749
    outer loop
      vertex -0.0223686027526855 0.0627573585510254 -0.118648231506348
      vertex -0.0223686027526855 0.061343147277832 -0.117234016418457
      vertex -0.0245568675994873 0.0602947883605957 -0.121110801696777
    endloop
  endfacet
  facet normal 0.884115313023699 -0.330408477742465 -0.330409368984771
    outer loop
      vertex -0.0204467124938965 0.0639144630432129 -0.114662696838379
      vertex -0.0223686027526855 0.061343147277832 -0.117234016418457
      vertex -0.0204467124938965 0.0653286819458008 -0.11607691192627
    endloop
  endfacet
  facet normal 0.846724522719209 -0.376202110298021 -0.37620413984065
    outer loop
      vertex -0.0223686027526855 0.061343147277832 -0.117234016418457
      vertex -0.0245568675994873 0.0588805732727051 -0.119696594238281
      vertex -0.0245568675994873 0.0602947883605957 -0.121110801696777
    endloop
  endfacet
  facet normal 0.804598098815594 -0.419893974344912 -0.419893974344912
    outer loop
      vertex -0.0245568675994873 0.0602947883605957 -0.121110801696777
      vertex -0.026999267578125 0.0565405197143555 -0.122036643981934
      vertex -0.026999267578125 0.0579547348022461 -0.123450859069824
    endloop
  endfacet
  facet normal 0.804597636302054 -0.419893284851417 -0.419895550100063
    outer loop
      vertex -0.0245568675994873 0.0588805732727051 -0.119696594238281
      vertex -0.026999267578125 0.0565405197143555 -0.122036643981934
      vertex -0.0245568675994873 0.0602947883605957 -0.121110801696777
    endloop
  endfacet
  facet normal 0.75797120235552 -0.461236035571704 -0.461238523857044
    outer loop
      vertex -0.026999267578125 0.0579547348022461 -0.123450859069824
      vertex -0.0296821479797363 0.0543360710144043 -0.124241096496582
      vertex -0.0296821479797363 0.0557502861022949 -0.125655303955078
    endloop
  endfacet
  facet normal 0.707107332252425 -0.499998261635174 -0.500000959035743
    outer loop
      vertex -0.0296821479797363 0.0557502861022949 -0.125655303955078
      vertex -0.0296821479797363 0.0543360710144043 -0.124241096496582
      vertex -0.0325904998779297 0.0536937675476074 -0.127711822509766
    endloop
  endfacet
  facet normal 0.757971760430836 -0.461236821160984 -0.461236821160984
    outer loop
      vertex -0.026999267578125 0.0565405197143555 -0.122036643981934
      vertex -0.0296821479797363 0.0543360710144043 -0.124241096496582
      vertex -0.026999267578125 0.0579547348022461 -0.123450859069824
    endloop
  endfacet
  facet normal 0.652286998256944 -0.535967919571287 -0.535966473853889
    outer loop
      vertex -0.0325904998779297 0.0536937675476074 -0.127711822509766
      vertex -0.0325904998779297 0.0522795562744141 -0.126297607421875
      vertex -0.0357080612182617 0.051796688079834 -0.129608901977539
    endloop
  endfacet
  facet normal 0.707106348527539 -0.500000980285648 -0.499999631585306
    outer loop
      vertex -0.0296821479797363 0.0543360710144043 -0.124241096496582
      vertex -0.0325904998779297 0.0522795562744141 -0.126297607421875
      vertex -0.0325904998779297 0.0536937675476074 -0.127711822509766
    endloop
  endfacet
  facet normal 0.652287375038652 -0.535966967436047 -0.535966967436047
    outer loop
      vertex -0.0325904998779297 0.0522795562744141 -0.126297607421875
      vertex -0.0357080612182617 0.0503824729919434 -0.128194686889648
      vertex -0.0357080612182617 0.051796688079834 -0.129608901977539
    endloop
  endfacet
  facet normal 0.59382022644977 -0.568936524868611 -0.568936524868611
    outer loop
      vertex -0.0357080612182617 0.051796688079834 -0.129608901977539
      vertex -0.0390173950195312 0.0486554336547852 -0.129921722412109
      vertex -0.0390173950195312 0.0500696487426758 -0.1313359375
    endloop
  endfacet
  facet normal 0.53203324844864 -0.598723902372867 -0.598723902372867
    outer loop
      vertex -0.0390173950195312 0.0500696487426758 -0.1313359375
      vertex -0.0390173950195312 0.0486554336547852 -0.129921722412109
      vertex -0.0425 0.0485223121643066 -0.132883285522461
    endloop
  endfacet
  facet normal 0.59382022644977 -0.568936524868611 -0.568936524868611
    outer loop
      vertex -0.0357080612182617 0.0503824729919434 -0.128194686889648
      vertex -0.0390173950195312 0.0486554336547852 -0.129921722412109
      vertex -0.0357080612182617 0.051796688079834 -0.129608901977539
    endloop
  endfacet
  facet normal 0.467268170830209 -0.625164161052515 -0.625164161052515
    outer loop
      vertex -0.0425 0.0485223121643066 -0.132883285522461
      vertex -0.0425 0.047108097076416 -0.13146907043457
      vertex -0.0461363945007324 0.047163330078125 -0.134242263793945
    endloop
  endfacet
  facet normal 0.53203324844864 -0.598723902372867 -0.598723902372867
    outer loop
      vertex -0.0390173950195312 0.0486554336547852 -0.129921722412109
      vertex -0.0425 0.047108097076416 -0.13146907043457
      vertex -0.0425 0.0485223121643066 -0.132883285522461
    endloop
  endfacet
  facet normal 0.467268170830209 -0.625164161052515 -0.625164161052515
    outer loop
      vertex -0.0425 0.047108097076416 -0.13146907043457
      vertex -0.0461363945007324 0.0457491149902344 -0.132828048706055
      vertex -0.0461363945007324 0.047163330078125 -0.134242263793945
    endloop
  endfacet
  facet normal 0.399891570551289 -0.648107526496192 -0.648107526496192
    outer loop
      vertex -0.0461363945007324 0.0457491149902344 -0.132828048706055
      vertex -0.0499062423706055 0.0445860900878906 -0.133991073608398
      vertex -0.0461363945007324 0.047163330078125 -0.134242263793945
    endloop
  endfacet
  facet normal 0.399892121495492 -0.648108230627333 -0.648106482423176
    outer loop
      vertex -0.0461363945007324 0.047163330078125 -0.134242263793945
      vertex -0.0499062423706055 0.0445860900878906 -0.133991073608398
      vertex -0.0499062423706055 0.046000301361084 -0.135405288696289
    endloop
  endfacet
  facet normal 0.330279557626675 -0.667427081023951 -0.667425280709216
    outer loop
      vertex -0.0499062423706055 0.046000301361084 -0.135405288696289
      vertex -0.0499062423706055 0.0445860900878906 -0.133991073608398
      vertex -0.0537884635925293 0.0450397338867188 -0.136365859985352
    endloop
  endfacet
  facet normal 0.330279557626675 -0.667427081023951 -0.667425280709216
    outer loop
      vertex -0.0499062423706055 0.0445860900878906 -0.133991073608398
      vertex -0.0537884635925293 0.0436255226135254 -0.134951644897461
      vertex -0.0537884635925293 0.0450397338867188 -0.136365859985352
    endloop
  endfacet
  facet normal 0.258818336957086 -0.683013757241872 -0.683011914883708
    outer loop
      vertex -0.0537884635925293 0.0436255226135254 -0.134951644897461
      vertex -0.0577613487243652 0.0428727836608887 -0.135704376220703
      vertex -0.0537884635925293 0.0450397338867188 -0.136365859985352
    endloop
  endfacet
  facet normal 0.258817725069294 -0.683012951996503 -0.683012951996503
    outer loop
      vertex -0.0537884635925293 0.0450397338867188 -0.136365859985352
      vertex -0.0577613487243652 0.0428727836608887 -0.135704376220703
      vertex -0.0577613487243652 0.0442869987487793 -0.137118591308594
    endloop
  endfacet
  facet normal 0.185911108826624 -0.694779482863036 -0.694779482863036
    outer loop
      vertex -0.0577613487243652 0.0442869987487793 -0.137118591308594
      vertex -0.0577613487243652 0.0428727836608887 -0.135704376220703
      vertex -0.061802677154541 0.0437463035583496 -0.137659286499023
    endloop
  endfacet
  facet normal 0.185911108826624 -0.694779482863036 -0.694779482863036
    outer loop
      vertex -0.0577613487243652 0.0428727836608887 -0.135704376220703
      vertex -0.061802677154541 0.042332088470459 -0.136245071411133
      vertex -0.061802677154541 0.0437463035583496 -0.137659286499023
    endloop
  endfacet
  facet normal 0.111965748618998 -0.702660540779183 -0.702660540779183
    outer loop
      vertex -0.061802677154541 0.042332088470459 -0.136245071411133
      vertex -0.0658898468017578 0.0420064544677734 -0.136570709228516
      vertex -0.061802677154541 0.0437463035583496 -0.137659286499023
    endloop
  endfacet
  facet normal 0.111965748618998 -0.702660540779183 -0.702660540779183
    outer loop
      vertex -0.061802677154541 0.0437463035583496 -0.137659286499023
      vertex -0.0658898468017578 0.0420064544677734 -0.136570709228516
      vertex -0.0658898468017578 0.0434206695556641 -0.137984924316406
    endloop
  endfacet
  facet normal 0.0373914570317967 -0.706612297848346 -0.706612297848346
    outer loop
      vertex -0.0658898468017578 0.0420064544677734 -0.136570709228516
      vertex -0.07 0.0418977088928223 -0.136679458618164
      vertex -0.0658898468017578 0.0434206695556641 -0.137984924316406
    endloop
  endfacet
  facet normal 0.0373914570317967 -0.706612297848346 -0.706612297848346
    outer loop
      vertex -0.0658898468017578 0.0434206695556641 -0.137984924316406
      vertex -0.07 0.0418977088928223 -0.136679458618164
      vertex -0.07 0.0433119239807129 -0.138093673706055
    endloop
  endfacet
  facet normal -0.0373914570317967 -0.706612297848346 -0.706612297848346
    outer loop
      vertex -0.07 0.0433119239807129 -0.138093673706055
      vertex -0.07 0.0418977088928223 -0.136679458618164
      vertex -0.0741101531982422 0.0434206695556641 -0.137984924316406
    endloop
  endfacet
  facet normal -0.0373914570317967 -0.706612297848346 -0.706612297848346
    outer loop
      vertex -0.07 0.0418977088928223 -0.136679458618164
      vertex -0.0741101531982422 0.0420064544677734 -0.136570709228516
      vertex -0.0741101531982422 0.0434206695556641 -0.137984924316406
    endloop
  endfacet
  facet normal -0.11196564542764 -0.702660549000715 -0.702660549000715
    outer loop
      vertex -0.0741101531982422 0.0420064544677734 -0.136570709228516
      vertex -0.0781973266601562 0.042332088470459 -0.136245071411133
      vertex -0.0741101531982422 0.0434206695556641 -0.137984924316406
    endloop
  endfacet
  facet normal -0.11196564542764 -0.702660549000715 -0.702660549000715
    outer loop
      vertex -0.0741101531982422 0.0434206695556641 -0.137984924316406
      vertex -0.0781973266601562 0.042332088470459 -0.136245071411133
      vertex -0.0781973266601562 0.0437463035583496 -0.137659286499023
    endloop
  endfacet
  facet normal -0.185911108826624 -0.694779482863036 -0.694779482863036
    outer loop
      vertex -0.0781973266601562 0.0437463035583496 -0.137659286499023
      vertex -0.0781973266601562 0.042332088470459 -0.136245071411133
      vertex -0.082238655090332 0.0442869987487793 -0.137118591308594
    endloop
  endfacet
  facet normal -0.185911108826624 -0.694779482863036 -0.694779482863036
    outer loop
      vertex -0.0781973266601562 0.042332088470459 -0.136245071411133
      vertex -0.082238655090332 0.0428727836608887 -0.135704376220703
      vertex -0.082238655090332 0.0442869987487793 -0.137118591308594
    endloop
  endfacet
  facet normal -0.258818800688209 -0.683012748201056 -0.683012748201056
    outer loop
      vertex -0.082238655090332 0.0428727836608887 -0.135704376220703
      vertex -0.0862115325927734 0.0436255226135254 -0.134951644897461
      vertex -0.082238655090332 0.0442869987487793 -0.137118591308594
    endloop
  endfacet
  facet normal -0.258818188801515 -0.683013785312661 -0.683011942954421
    outer loop
      vertex -0.082238655090332 0.0442869987487793 -0.137118591308594
      vertex -0.0862115325927734 0.0436255226135254 -0.134951644897461
      vertex -0.0862115325927734 0.0450397338867188 -0.136365859985352
    endloop
  endfacet
  facet normal -0.33027926849371 -0.66742715256354 -0.667425352248612
    outer loop
      vertex -0.0862115325927734 0.0450397338867188 -0.136365859985352
      vertex -0.0862115325927734 0.0436255226135254 -0.134951644897461
      vertex -0.0900937576293945 0.046000301361084 -0.135405288696289
    endloop
  endfacet
  facet normal -0.33027926849371 -0.66742715256354 -0.667425352248612
    outer loop
      vertex -0.0862115325927734 0.0436255226135254 -0.134951644897461
      vertex -0.0900937576293945 0.0445860900878906 -0.133991073608398
      vertex -0.0900937576293945 0.046000301361084 -0.135405288696289
    endloop
  endfacet
  facet normal -0.399891230610965 -0.648108505472008 -0.64810675726711
    outer loop
      vertex -0.0900937576293945 0.0445860900878906 -0.133991073608398
      vertex -0.0938636093139648 0.0457491149902344 -0.132828048706055
      vertex -0.0900937576293945 0.046000301361084 -0.135405288696289
    endloop
  endfacet
  facet normal -0.399891781554746 -0.648107461400103 -0.648107461400103
    outer loop
      vertex -0.0900937576293945 0.046000301361084 -0.135405288696289
      vertex -0.0938636093139648 0.0457491149902344 -0.132828048706055
      vertex -0.0938636093139648 0.047163330078125 -0.134242263793945
    endloop
  endfacet
  facet normal -0.467268553984535 -0.625164017861394 -0.625164017861394
    outer loop
      vertex -0.0938636093139648 0.047163330078125 -0.134242263793945
      vertex -0.0938636093139648 0.0457491149902344 -0.132828048706055
      vertex -0.0975 0.0485223121643066 -0.132883285522461
    endloop
  endfacet
  facet normal -0.467268553984535 -0.625164017861394 -0.625164017861394
    outer loop
      vertex -0.0938636093139648 0.0457491149902344 -0.132828048706055
      vertex -0.0975 0.047108097076416 -0.13146907043457
      vertex -0.0975 0.0485223121643066 -0.132883285522461
    endloop
  endfacet
  facet normal -0.53203324844864 -0.598723902372867 -0.598723902372867
    outer loop
      vertex -0.0975 0.0485223121643066 -0.132883285522461
      vertex -0.0975 0.047108097076416 -0.13146907043457
      vertex -0.100982604980469 0.0500696487426758 -0.1313359375
    endloop
  endfacet
  facet normal -0.53203324844864 -0.598723902372867 -0.598723902372867
    outer loop
      vertex -0.0975 0.047108097076416 -0.13146907043457
      vertex -0.100982604980469 0.0486554336547852 -0.129921722412109
      vertex -0.100982604980469 0.0500696487426758 -0.1313359375
    endloop
  endfacet
  facet normal -0.59382022644977 -0.568936524868611 -0.568936524868611
    outer loop
      vertex -0.100982604980469 0.0500696487426758 -0.1313359375
      vertex -0.104291938781738 0.0503824729919434 -0.128194686889648
      vertex -0.104291938781738 0.051796688079834 -0.129608901977539
    endloop
  endfacet
  facet normal -0.652286998257285 -0.535967196712868 -0.535967196712868
    outer loop
      vertex -0.104291938781738 0.051796688079834 -0.129608901977539
      vertex -0.104291938781738 0.0503824729919434 -0.128194686889648
      vertex -0.10740950012207 0.0536937675476074 -0.127711822509766
    endloop
  endfacet
  facet normal -0.59382022644977 -0.568936524868611 -0.568936524868611
    outer loop
      vertex -0.100982604980469 0.0486554336547852 -0.129921722412109
      vertex -0.104291938781738 0.0503824729919434 -0.128194686889648
      vertex -0.100982604980469 0.0500696487426758 -0.1313359375
    endloop
  endfacet
  facet normal -0.65228737503882 -0.535967690293847 -0.535966244577068
    outer loop
      vertex -0.104291938781738 0.0503824729919434 -0.128194686889648
      vertex -0.10740950012207 0.0522795562744141 -0.126297607421875
      vertex -0.10740950012207 0.0536937675476074 -0.127711822509766
    endloop
  endfacet
  facet normal -0.7071068685198 -0.499998589543069 -0.500001286945407
    outer loop
      vertex -0.10740950012207 0.0536937675476074 -0.127711822509766
      vertex -0.110317855834961 0.0543360710144043 -0.124241096496582
      vertex -0.110317855834961 0.0557502861022949 -0.125655303955078
    endloop
  endfacet
  facet normal -0.757971660909383 -0.461235658791739 -0.461238147075047
    outer loop
      vertex -0.110317855834961 0.0557502861022949 -0.125655303955078
      vertex -0.110317855834961 0.0543360710144043 -0.124241096496582
      vertex -0.113000732421875 0.0579547348022461 -0.123450859069824
    endloop
  endfacet
  facet normal -0.707105884794269 -0.500001308194413 -0.499999959493187
    outer loop
      vertex -0.10740950012207 0.0522795562744141 -0.126297607421875
      vertex -0.110317855834961 0.0543360710144043 -0.124241096496582
      vertex -0.10740950012207 0.0536937675476074 -0.127711822509766
    endloop
  endfacet
  facet normal -0.757972218984124 -0.461236444379823 -0.461236444379823
    outer loop
      vertex -0.110317855834961 0.0543360710144043 -0.124241096496582
      vertex -0.113000732421875 0.0565405197143555 -0.122036643981934
      vertex -0.113000732421875 0.0579547348022461 -0.123450859069824
    endloop
  endfacet
  facet normal -0.804598320380405 -0.419892629440222 -0.419894894685333
    outer loop
      vertex -0.113000732421875 0.0579547348022461 -0.123450859069824
      vertex -0.115443130493164 0.0588805732727051 -0.119696594238281
      vertex -0.115443130493164 0.0602947883605957 -0.121110801696777
    endloop
  endfacet
  facet normal -0.846724174720217 -0.376202501919266 -0.376204531464007
    outer loop
      vertex -0.115443130493164 0.0602947883605957 -0.121110801696777
      vertex -0.115443130493164 0.0588805732727051 -0.119696594238281
      vertex -0.117631393432617 0.0627573585510254 -0.118648231506348
    endloop
  endfacet
  facet normal -0.80459785786927 -0.419894205194703 -0.419894205194703
    outer loop
      vertex -0.113000732421875 0.0565405197143555 -0.122036643981934
      vertex -0.115443130493164 0.0588805732727051 -0.119696594238281
      vertex -0.113000732421875 0.0579547348022461 -0.123450859069824
    endloop
  endfacet
  facet normal -0.846724731623278 -0.376203397363569 -0.376202382594257
    outer loop
      vertex -0.115443130493164 0.0588805732727051 -0.119696594238281
      vertex -0.117631393432617 0.061343147277832 -0.117234016418457
      vertex -0.117631393432617 0.0627573585510254 -0.118648231506348
    endloop
  endfacet
  facet normal -0.884114833097513 -0.330409119839212 -0.33041001108325
    outer loop
      vertex -0.117631393432617 0.0627573585510254 -0.118648231506348
      vertex -0.119553291320801 0.0639144630432129 -0.114662696838379
      vertex -0.119553291320801 0.0653286819458008 -0.11607691192627
    endloop
  endfacet
  facet normal -0.916562191848348 -0.282766084532891 -0.282766847264826
    outer loop
      vertex -0.119553291320801 0.0653286819458008 -0.11607691192627
      vertex -0.119553291320801 0.0639144630432129 -0.114662696838379
      vertex -0.121198059082031 0.0679943618774414 -0.113411224365234
    endloop
  endfacet
  facet normal -0.884114546713777 -0.330410394239616 -0.330409502992141
    outer loop
      vertex -0.117631393432617 0.061343147277832 -0.117234016418457
      vertex -0.119553291320801 0.0639144630432129 -0.114662696838379
      vertex -0.117631393432617 0.0627573585510254 -0.118648231506348
    endloop
  endfacet
  facet normal -0.916562296722434 -0.282766295929073 -0.282766295929073
    outer loop
      vertex -0.119553291320801 0.0639144630432129 -0.114662696838379
      vertex -0.121198059082031 0.0665801544189453 -0.111997016906738
      vertex -0.121198059082031 0.0679943618774414 -0.113411224365234
    endloop
  endfacet
  facet normal -0.943883574337812 -0.233542071258346 -0.233542071258346
    outer loop
      vertex -0.121198059082031 0.0679943618774414 -0.113411224365234
      vertex -0.122556503295898 0.0693252944946289 -0.10925186920166
      vertex -0.122556503295898 0.0707395095825195 -0.110666084289551
    endloop
  endfacet
  facet normal -0.943883574337812 -0.233542071258346 -0.233542071258346
    outer loop
      vertex -0.121198059082031 0.0665801544189453 -0.111997016906738
      vertex -0.122556503295898 0.0693252944946289 -0.10925186920166
      vertex -0.121198059082031 0.0679943618774414 -0.113411224365234
    endloop
  endfacet
  facet normal -0.965925936949953 -0.183012409862494 -0.183012409862494
    outer loop
      vertex -0.122556503295898 0.0707395095825195 -0.110666084289551
      vertex -0.123621032714844 0.0721345520019531 -0.10644261932373
      vertex -0.123621032714844 0.0735487594604492 -0.107856826782227
    endloop
  endfacet
  facet normal -0.982566335697194 -0.131459872118052 -0.131459872118052
    outer loop
      vertex -0.123621032714844 0.0735487594604492 -0.107856826782227
      vertex -0.123621032714844 0.0721345520019531 -0.10644261932373
      vertex -0.124385696411133 0.0764064102172852 -0.104999176025391
    endloop
  endfacet
  facet normal -0.965925936949953 -0.183012409862494 -0.183012409862494
    outer loop
      vertex -0.122556503295898 0.0693252944946289 -0.10925186920166
      vertex -0.123621032714844 0.0721345520019531 -0.10644261932373
      vertex -0.122556503295898 0.0707395095825195 -0.110666084289551
    endloop
  endfacet
  facet normal -0.993712290651119 -0.0791701199325047 -0.0791705470410427
    outer loop
      vertex -0.124385696411133 0.0764064102172852 -0.104999176025391
      vertex -0.124385696411133 0.0749921951293945 -0.103584968566895
      vertex -0.124846206665039 0.0792964782714844 -0.102109115600586
    endloop
  endfacet
  facet normal -0.982566290362565 -0.131459686938381 -0.131460396139715
    outer loop
      vertex -0.123621032714844 0.0721345520019531 -0.10644261932373
      vertex -0.124385696411133 0.0749921951293945 -0.103584968566895
      vertex -0.124385696411133 0.0764064102172852 -0.104999176025391
    endloop
  endfacet
  facet normal -0.99371230709369 -0.0791702302969258 -0.0791702302969258
    outer loop
      vertex -0.124385696411133 0.0749921951293945 -0.103584968566895
      vertex -0.124846206665039 0.0778822631835938 -0.100694900512695
      vertex -0.124846206665039 0.0792964782714844 -0.102109115600586
    endloop
  endfacet
  facet normal -0.99930068502701 -0.0264399404741131 -0.0264399404741131
    outer loop
      vertex -0.124846206665039 0.0778822631835938 -0.100694900512695
      vertex -0.125 0.0807885818481445 -0.0977885818481445
      vertex -0.124846206665039 0.0792964782714844 -0.102109115600586
    endloop
  endfacet
  facet normal -0.99930068502701 -0.0264399404741131 -0.0264399404741131
    outer loop
      vertex -0.124846206665039 0.0792964782714844 -0.102109115600586
      vertex -0.125 0.0807885818481445 -0.0977885818481445
      vertex -0.125 0.0822027969360352 -0.0992027969360352
    endloop
  endfacet
  facet normal -1.37128767619419e-05 -0.707099048400558 0.707114513755008
    outer loop
      vertex -0.026999267578125 0.0565405197143555 -0.122036643981934
      vertex -0.0245568675994873 0.0588805732727051 -0.119696594238281
      vertex -0.0296821479797363 0.0543360710144043 -0.124241096496582
    endloop
  endfacet
  facet normal 4.57946096279387e-06 -0.707109363527786 0.70710419882105
    outer loop
      vertex -0.0296821479797363 0.0543360710144043 -0.124241096496582
      vertex -0.0245568675994873 0.0588805732727051 -0.119696594238281
      vertex -0.0325904998779297 0.0522795562744141 -0.126297607421875
    endloop
  endfacet
  facet normal -2.03031405009973e-05 -0.707086547470268 0.707127014032387
    outer loop
      vertex -0.0357080612182617 0.0503824729919434 -0.128194686889648
      vertex -0.0425 0.047108097076416 -0.13146907043457
      vertex -0.0390173950195312 0.0486554336547852 -0.129921722412109
    endloop
  endfacet
  facet normal 6.03839263313602e-06 -0.707113867547412 0.707099694728882
    outer loop
      vertex -0.0357080612182617 0.0503824729919434 -0.128194686889648
      vertex -0.0461363945007324 0.0457491149902344 -0.132828048706055
      vertex -0.0425 0.047108097076416 -0.13146907043457
    endloop
  endfacet
  facet normal -3.13199768828966e-05 -0.707095600460247 0.707117961042443
    outer loop
      vertex -0.0204467124938965 0.0639144630432129 -0.114662696838379
      vertex -0.018801944732666 0.0665801544189453 -0.111997016906738
      vertex -0.0223686027526855 0.061343147277832 -0.117234016418457
    endloop
  endfacet
  facet normal -3.50942263777029e-06 -0.707101093409456 0.70711246890918
    outer loop
      vertex -0.0461363945007324 0.0457491149902344 -0.132828048706055
      vertex -0.0537884635925293 0.0436255226135254 -0.134951644897461
      vertex -0.0499062423706055 0.0445860900878906 -0.133991073608398
    endloop
  endfacet
  facet normal 2.09860483207399e-06 -0.707111197284866 0.707102365057535
    outer loop
      vertex -0.0461363945007324 0.0457491149902344 -0.132828048706055
      vertex -0.061802677154541 0.042332088470459 -0.136245071411133
      vertex -0.0537884635925293 0.0436255226135254 -0.134951644897461
    endloop
  endfacet
  facet normal -3.26305245409587e-06 -0.707094586529866 0.707118975625396
    outer loop
      vertex -0.0537884635925293 0.0436255226135254 -0.134951644897461
      vertex -0.061802677154541 0.042332088470459 -0.136245071411133
      vertex -0.0577613487243652 0.0428727836608887 -0.135704376220703
    endloop
  endfacet
  facet normal -1.1388682177895e-06 -0.707103775753631 0.707109786605773
    outer loop
      vertex -0.0461363945007324 0.0457491149902344 -0.132828048706055
      vertex -0.0658898468017578 0.0420064544677734 -0.136570709228516
      vertex -0.061802677154541 0.042332088470459 -0.136245071411133
    endloop
  endfacet
  facet normal 4.20766657310709e-06 -0.707107698928882 0.707105863430503
    outer loop
      vertex -0.018801944732666 0.0665801544189453 -0.111997016906738
      vertex -0.0151537914276123 0.0778822631835938 -0.100694900512695
      vertex -0.0223686027526855 0.061343147277832 -0.117234016418457
    endloop
  endfacet
  facet normal -1.74411760957506e-05 -0.707105391509951 0.707108170645315
    outer loop
      vertex -0.0156143045425415 0.0749921951293945 -0.103584968566895
      vertex -0.0151537914276123 0.0778822631835938 -0.100694900512695
      vertex -0.0163789653778076 0.0721345520019531 -0.10644261932373
    endloop
  endfacet
  facet normal 1.72457132939667e-05 -0.707109088411529 0.707104473743734
    outer loop
      vertex -0.0163789653778076 0.0721345520019531 -0.10644261932373
      vertex -0.0151537914276123 0.0778822631835938 -0.100694900512695
      vertex -0.0174434947967529 0.0693252944946289 -0.10925186920166
    endloop
  endfacet
  facet normal -8.64696504051487e-06 -0.707105624266713 0.707107938051619
    outer loop
      vertex -0.0174434947967529 0.0693252944946289 -0.10925186920166
      vertex -0.0151537914276123 0.0778822631835938 -0.100694900512695
      vertex -0.018801944732666 0.0665801544189453 -0.111997016906738
    endloop
  endfacet
  facet normal 0 -0.707106781186547 0.707106781186547
    outer loop
      vertex -0.015 0.0807885818481445 -0.0977885818481445
      vertex -0.0151537914276123 0.0836949005126953 -0.0948822631835937
      vertex -0.0151537914276123 0.0778822631835938 -0.100694900512695
    endloop
  endfacet
  facet normal -1.93586389165367e-06 -0.707106468751212 0.707107093619095
    outer loop
      vertex -0.0223686027526855 0.061343147277832 -0.117234016418457
      vertex -0.0151537914276123 0.0836949005126953 -0.0948822631835937
      vertex -0.0245568675994873 0.0588805732727051 -0.119696594238281
    endloop
  endfacet
  facet normal 0 -0.707106781186547 0.707106781186547
    outer loop
      vertex -0.0151537914276123 0.0778822631835938 -0.100694900512695
      vertex -0.0151537914276123 0.0836949005126953 -0.0948822631835937
      vertex -0.0223686027526855 0.061343147277832 -0.117234016418457
    endloop
  endfacet
  facet normal 1.28931140027022e-07 -0.7071071214304 0.70710644094252
    outer loop
      vertex -0.0461363945007324 0.0457491149902344 -0.132828048706055
      vertex -0.082238655090332 0.0428727836608887 -0.135704376220703
      vertex -0.0658898468017578 0.0420064544677734 -0.136570709228516
    endloop
  endfacet
  facet normal -3.12311077893152e-07 -0.707105813634513 0.70710774873719
    outer loop
      vertex -0.0325904998779297 0.0522795562744141 -0.126297607421875
      vertex -0.082238655090332 0.0428727836608887 -0.135704376220703
      vertex -0.0357080612182617 0.0503824729919434 -0.128194686889648
    endloop
  endfacet
  facet normal -3.82775902651273e-07 -0.707111949704295 0.707101612630918
    outer loop
      vertex -0.0658898468017578 0.0420064544677734 -0.136570709228516
      vertex -0.082238655090332 0.0428727836608887 -0.135704376220703
      vertex -0.07 0.0418977088928223 -0.136679458618164
    endloop
  endfacet
  facet normal 7.63413480355026e-07 -0.70710475654782 0.707108805819066
    outer loop
      vertex -0.07 0.0418977088928223 -0.136679458618164
      vertex -0.082238655090332 0.0428727836608887 -0.135704376220703
      vertex -0.0741101531982422 0.0420064544677734 -0.136570709228516
    endloop
  endfacet
  facet normal 1.6315566310133e-06 -0.707100683771811 0.707112878546824
    outer loop
      vertex -0.0741101531982422 0.0420064544677734 -0.136570709228516
      vertex -0.082238655090332 0.0428727836608887 -0.135704376220703
      vertex -0.0781973266601562 0.042332088470459 -0.136245071411133
    endloop
  endfacet
  facet normal 1.4755758424335e-07 -0.707107238325278 0.707106324047506
    outer loop
      vertex -0.0357080612182617 0.0503824729919434 -0.128194686889648
      vertex -0.082238655090332 0.0428727836608887 -0.135704376220703
      vertex -0.0461363945007324 0.0457491149902344 -0.132828048706055
    endloop
  endfacet
  facet normal 3.41995647833887e-05 -0.707101261199032 0.707112300303939
    outer loop
      vertex -0.0163789653778076 0.0894426193237305 -0.0891345520019531
      vertex -0.0174434947967529 0.0922518692016602 -0.0863252944946289
      vertex -0.0156143045425415 0.0865849685668945 -0.0919921951293945
    endloop
  endfacet
  facet normal 0 -0.707106781186548 0.707106781186548
    outer loop
      vertex -0.0156143045425415 0.0865849685668945 -0.0919921951293945
      vertex -0.0174434947967529 0.0922518692016602 -0.0863252944946289
      vertex -0.0151537914276123 0.0836949005126953 -0.0948822631835937
    endloop
  endfacet
  facet normal 3.26540521208369e-05 -0.707097718623309 0.70711584287967
    outer loop
      vertex -0.018801944732666 0.0949970169067383 -0.0835801544189453
      vertex -0.0204467124938965 0.0976626968383789 -0.0809144668579102
      vertex -0.0174434947967529 0.0922518692016602 -0.0863252944946289
    endloop
  endfacet
  facet normal 0 -0.707106781186547 0.707106781186547
    outer loop
      vertex -0.0174434947967529 0.0922518692016602 -0.0863252944946289
      vertex -0.0204467124938965 0.0976626968383789 -0.0809144668579102
      vertex -0.0151537914276123 0.0836949005126953 -0.0948822631835937
    endloop
  endfacet
  facet normal 0 -0.707106781186547 0.707106781186547
    outer loop
      vertex -0.0204467124938965 0.0976626968383789 -0.0809144668579102
      vertex -0.0223686027526855 0.100234016418457 -0.078343147277832
      vertex -0.0151537914276123 0.0836949005126953 -0.0948822631835937
    endloop
  endfacet
  facet normal 3.50933912063635e-06 -0.707101093539059 0.707112468779579
    outer loop
      vertex -0.0900937576293945 0.0445860900878906 -0.133991073608398
      vertex -0.0975 0.047108097076416 -0.13146907043457
      vertex -0.0938636093139648 0.0457491149902344 -0.132828048706055
    endloop
  endfacet
  facet normal -4.49322753385773e-07 -0.707106750405515 0.707106811967436
    outer loop
      vertex -0.0151537914276123 0.0836949005126953 -0.0948822631835937
      vertex -0.0245568675994873 0.102696594238281 -0.0758805770874023
      vertex -0.0245568675994873 0.0588805732727051 -0.119696594238281
    endloop
  endfacet
  facet normal -4.84262493412847e-06 -0.707107837419694 0.707105724935241
    outer loop
      vertex -0.0223686027526855 0.100234016418457 -0.078343147277832
      vertex -0.0245568675994873 0.102696594238281 -0.0758805770874023
      vertex -0.0151537914276123 0.0836949005126953 -0.0948822631835937
    endloop
  endfacet
  facet normal 2.85179487385912e-07 -0.707106750405558 0.707106811967479
    outer loop
      vertex -0.0245568675994873 0.0588805732727051 -0.119696594238281
      vertex -0.0245568675994873 0.102696594238281 -0.0758805770874023
      vertex -0.0325904998779297 0.0522795562744141 -0.126297607421875
    endloop
  endfacet
  facet normal -9.18333276368486e-06 -0.707119730375653 0.707093831700666
    outer loop
      vertex -0.0900937576293945 0.0445860900878906 -0.133991073608398
      vertex -0.100982604980469 0.0486554336547852 -0.129921722412109
      vertex -0.0975 0.047108097076416 -0.13146907043457
    endloop
  endfacet
  facet normal 1.08540495540658e-06 -0.707105991868429 0.707107570502952
    outer loop
      vertex -0.0862115325927734 0.0436255226135254 -0.134951644897461
      vertex -0.100982604980469 0.0486554336547852 -0.129921722412109
      vertex -0.0900937576293945 0.0445860900878906 -0.133991073608398
    endloop
  endfacet
  facet normal 3.1071291309974e-06 -0.707103023314304 0.707110539031994
    outer loop
      vertex -0.0862115325927734 0.0436255226135254 -0.134951644897461
      vertex -0.104291938781738 0.0503824729919434 -0.128194686889648
      vertex -0.100982604980469 0.0486554336547852 -0.129921722412109
    endloop
  endfacet
  facet normal -3.06111646072835e-06 -0.707111275873507 0.707102286464392
    outer loop
      vertex -0.082238655090332 0.0428727836608887 -0.135704376220703
      vertex -0.104291938781738 0.0503824729919434 -0.128194686889648
      vertex -0.0862115325927734 0.0436255226135254 -0.134951644897461
    endloop
  endfacet
  facet normal 0 -0.707106781186548 0.707106781186548
    outer loop
      vertex -0.0296821479797363 0.107241096496582 -0.071336067199707
      vertex -0.0325904998779297 0.109297607421875 -0.0692795562744141
      vertex -0.026999267578125 0.105036643981934 -0.0735405197143555
    endloop
  endfacet
  facet normal -8.58748482730137e-06 -0.707112415382867 0.707101146893189
    outer loop
      vertex -0.026999267578125 0.105036643981934 -0.0735405197143555
      vertex -0.0325904998779297 0.109297607421875 -0.0692795562744141
      vertex -0.0245568675994873 0.102696594238281 -0.0758805770874023
    endloop
  endfacet
  facet normal 5.43302826289786e-08 -0.707106781186546 0.707106781186546
    outer loop
      vertex -0.0325904998779297 0.0522795562744141 -0.126297607421875
      vertex -0.0325904998779297 0.109297607421875 -0.0692795562744141
      vertex -0.082238655090332 0.0428727836608887 -0.135704376220703
    endloop
  endfacet
  facet normal 6.71526455582207e-07 -0.707106781186388 0.707106781186388
    outer loop
      vertex -0.0245568675994873 0.102696594238281 -0.0758805770874023
      vertex -0.0325904998779297 0.109297607421875 -0.0692795562744141
      vertex -0.0325904998779297 0.0522795562744141 -0.126297607421875
    endloop
  endfacet
  facet normal 2.87716612743212e-07 -0.707106358725768 0.707107203647016
    outer loop
      vertex -0.082238655090332 0.0428727836608887 -0.135704376220703
      vertex -0.113000732421875 0.0565405197143555 -0.122036643981934
      vertex -0.104291938781738 0.0503824729919434 -0.128194686889648
    endloop
  endfacet
  facet normal -5.22813532945616e-08 -0.707106741343977 0.707106821029114
    outer loop
      vertex -0.0325904998779297 0.109297607421875 -0.0692795562744141
      vertex -0.113000732421875 0.0565405197143555 -0.122036643981934
      vertex -0.082238655090332 0.0428727836608887 -0.135704376220703
    endloop
  endfacet
  facet normal -4.29376453556245e-06 -0.707109598311351 0.707103964037484
    outer loop
      vertex -0.104291938781738 0.0503824729919434 -0.128194686889648
      vertex -0.113000732421875 0.0565405197143555 -0.122036643981934
      vertex -0.10740950012207 0.0522795562744141 -0.126297607421875
    endloop
  endfacet
  facet normal -1.28569085807202e-05 -0.707115216489587 0.707098345665994
    outer loop
      vertex -0.10740950012207 0.0522795562744141 -0.126297607421875
      vertex -0.113000732421875 0.0565405197143555 -0.122036643981934
      vertex -0.110317855834961 0.0543360710144043 -0.124241096496582
    endloop
  endfacet
  facet normal -9.33776740556573e-06 -0.707117289403977 0.707096272751298
    outer loop
      vertex -0.0390173950195312 0.112921730041504 -0.0656554336547852
      vertex -0.0425 0.114469062805176 -0.0641081008911133
      vertex -0.0357080612182617 0.111194694519043 -0.0673824768066406
    endloop
  endfacet
  facet normal 1.04224320383663e-05 -0.707096795388509 0.707116766766758
    outer loop
      vertex -0.0357080612182617 0.111194694519043 -0.0673824768066406
      vertex -0.0425 0.114469062805176 -0.0641081008911133
      vertex -0.0325904998779297 0.109297607421875 -0.0692795562744141
    endloop
  endfacet
  facet normal -9.78880816198279e-06 -0.707111313253465 0.707102249022827
    outer loop
      vertex -0.113000732421875 0.0565405197143555 -0.122036643981934
      vertex -0.119553291320801 0.0639144630432129 -0.114662696838379
      vertex -0.115443130493164 0.0588805732727051 -0.119696594238281
    endloop
  endfacet
  facet normal 3.28135060536861e-07 -0.707107183072993 0.707106379299797
    outer loop
      vertex -0.115443130493164 0.0588805732727051 -0.119696594238281
      vertex -0.119553291320801 0.0639144630432129 -0.114662696838379
      vertex -0.117631393432617 0.061343147277832 -0.117234016418457
    endloop
  endfacet
  facet normal 0 -0.707106781186547 0.707106781186547
    outer loop
      vertex -0.0461363945007324 0.115828048706055 -0.0627491149902344
      vertex -0.0499062423706055 0.116991073608398 -0.0615860900878906
      vertex -0.0425 0.114469062805176 -0.0641081008911133
    endloop
  endfacet
  facet normal 1.25241414554506e-05 -0.707101399474751 0.707112162746473
    outer loop
      vertex -0.113000732421875 0.0565405197143555 -0.122036643981934
      vertex -0.121198059082031 0.0665801544189453 -0.111997016906738
      vertex -0.119553291320801 0.0639144630432129 -0.114662696838379
    endloop
  endfacet
  facet normal -7.78055973145124e-06 -0.707109688885244 0.707103873433088
    outer loop
      vertex -0.113000732421875 0.0565405197143555 -0.122036643981934
      vertex -0.122556503295898 0.0693252944946289 -0.10925186920166
      vertex -0.121198059082031 0.0665801544189453 -0.111997016906738
    endloop
  endfacet
  facet normal 8.06815056272384e-06 -0.707089072828109 0.707124489055492
    outer loop
      vertex -0.0537884635925293 0.117951644897461 -0.0606255226135254
      vertex -0.0577613487243652 0.118704376220703 -0.0598727836608887
      vertex -0.0499062423706055 0.116991073608398 -0.0615860900878906
    endloop
  endfacet
  facet normal 9.55255740917981e-07 -0.70710537856286 0.707108183806808
    outer loop
      vertex -0.0499062423706055 0.116991073608398 -0.0615860900878906
      vertex -0.0577613487243652 0.118704376220703 -0.0598727836608887
      vertex -0.0425 0.114469062805176 -0.0641081008911133
    endloop
  endfacet
  facet normal -2.65729496216465e-07 -0.70710703578081 0.707106526592143
    outer loop
      vertex -0.0425 0.114469062805176 -0.0641081008911133
      vertex -0.061802677154541 0.119245079040527 -0.059332088470459
      vertex -0.0325904998779297 0.109297607421875 -0.0692795562744141
    endloop
  endfacet
  facet normal -2.74207613908429e-06 -0.707112039943799 0.70710152238487
    outer loop
      vertex -0.0577613487243652 0.118704376220703 -0.0598727836608887
      vertex -0.061802677154541 0.119245079040527 -0.059332088470459
      vertex -0.0425 0.114469062805176 -0.0641081008911133
    endloop
  endfacet
  facet normal 8.89742386509878e-07 -0.707105339174343 0.707108223195251
    outer loop
      vertex -0.061802677154541 0.119245079040527 -0.059332088470459
      vertex -0.0658898468017578 0.119570709228516 -0.0590064544677734
      vertex -0.0325904998779297 0.109297607421875 -0.0692795562744141
    endloop
  endfacet
  facet normal 0 -0.707106781186547 0.707106781186547
    outer loop
      vertex -0.0325904998779297 0.109297607421875 -0.0692795562744141
      vertex -0.0658898468017578 0.119570709228516 -0.0590064544677734
      vertex -0.113000732421875 0.0565405197143555 -0.122036643981934
    endloop
  endfacet
  facet normal 0 -0.707106781186548 0.707106781186548
    outer loop
      vertex -0.113000732421875 0.0565405197143555 -0.122036643981934
      vertex -0.0658898468017578 0.119570709228516 -0.0590064544677734
      vertex -0.122556503295898 0.0693252944946289 -0.10925186920166
    endloop
  endfacet
  facet normal 1.74408552642768e-05 -0.707105391544149 0.707108170611125
    outer loop
      vertex -0.123621032714844 0.0721345520019531 -0.10644261932373
      vertex -0.124846206665039 0.0778822631835938 -0.100694900512695
      vertex -0.124385696411133 0.0749921951293945 -0.103584968566895
    endloop
  endfacet
  facet normal 5.85739766355809e-06 -0.707106626196777 0.707106936152024
    outer loop
      vertex -0.123621032714844 0.0721345520019531 -0.10644261932373
      vertex -0.125 0.0807885818481445 -0.0977885818481445
      vertex -0.124846206665039 0.0778822631835938 -0.100694900512695
    endloop
  endfacet
  facet normal -1.15839455604602e-05 -0.707108015746038 0.707105546530016
    outer loop
      vertex -0.122556503295898 0.0693252944946289 -0.10925186920166
      vertex -0.125 0.0807885818481445 -0.0977885818481445
      vertex -0.123621032714844 0.0721345520019531 -0.10644261932373
    endloop
  endfacet
  facet normal 0 -0.707094378959377 0.707119183196194
    outer loop
      vertex -0.07 0.119679458618164 -0.0588977088928223
      vertex -0.0741101531982422 0.119570709228516 -0.0590064544677734
      vertex -0.0658898468017578 0.119570709228516 -0.0590064544677734
    endloop
  endfacet
  facet normal -6.61857690331976e-08 -0.707106779435374 0.707106782937718
    outer loop
      vertex -0.125 0.0807885818481445 -0.0977885818481445
      vertex -0.082238655090332 0.118704376220703 -0.0598727836608887
      vertex -0.124846206665039 0.0836949005126953 -0.0948822631835937
    endloop
  endfacet
  facet normal 1.7547749392062e-07 -0.707106880138075 0.707106682234984
    outer loop
      vertex -0.0658898468017578 0.119570709228516 -0.0590064544677734
      vertex -0.082238655090332 0.118704376220703 -0.0598727836608887
      vertex -0.122556503295898 0.0693252944946289 -0.10925186920166
    endloop
  endfacet
  facet normal -5.30530484515521e-08 -0.7071067868409 0.707106775532193
    outer loop
      vertex -0.122556503295898 0.0693252944946289 -0.10925186920166
      vertex -0.082238655090332 0.118704376220703 -0.0598727836608887
      vertex -0.125 0.0807885818481445 -0.0977885818481445
    endloop
  endfacet
  facet normal 0 -0.707105224390726 0.707108337978941
    outer loop
      vertex -0.0741101531982422 0.119570709228516 -0.0590064544677734
      vertex -0.082238655090332 0.118704376220703 -0.0598727836608887
      vertex -0.0658898468017578 0.119570709228516 -0.0590064544677734
    endloop
  endfacet
  facet normal -3.59664378961696e-06 -0.707088351080435 0.707125210803162
    outer loop
      vertex -0.0781973266601562 0.119245079040527 -0.059332088470459
      vertex -0.082238655090332 0.118704376220703 -0.0598727836608887
      vertex -0.0741101531982422 0.119570709228516 -0.0590064544677734
    endloop
  endfacet
  facet normal -3.4199872277421e-05 -0.707101261140764 0.707112300362191
    outer loop
      vertex -0.124385696411133 0.0865849685668945 -0.0919921951293945
      vertex -0.122556503295898 0.0922518692016602 -0.0863252944946289
      vertex -0.123621032714844 0.0894426193237305 -0.0891345520019531
    endloop
  endfacet
  facet normal 0 -0.707106781186548 0.707106781186548
    outer loop
      vertex -0.124846206665039 0.0836949005126953 -0.0948822631835937
      vertex -0.119553291320801 0.0976626968383789 -0.0809144668579102
      vertex -0.124385696411133 0.0865849685668945 -0.0919921951293945
    endloop
  endfacet
  facet normal -3.26534949505627e-05 -0.707097718795215 0.707115842707793
    outer loop
      vertex -0.122556503295898 0.0922518692016602 -0.0863252944946289
      vertex -0.119553291320801 0.0976626968383789 -0.0809144668579102
      vertex -0.121198059082031 0.0949970169067383 -0.0835801544189453
    endloop
  endfacet
  facet normal 0 -0.707106781186548 0.707106781186548
    outer loop
      vertex -0.0938636093139648 0.115828048706055 -0.0627491149902344
      vertex -0.119553291320801 0.0976626968383789 -0.0809144668579102
      vertex -0.0900937576293945 0.116991073608398 -0.0615860900878906
    endloop
  endfacet
  facet normal 1.11547374886222e-06 -0.707107631265686 0.707105931105508
    outer loop
      vertex -0.0900937576293945 0.116991073608398 -0.0615860900878906
      vertex -0.119553291320801 0.0976626968383789 -0.0809144668579102
      vertex -0.0862115325927734 0.117951644897461 -0.0606255226135254
    endloop
  endfacet
  facet normal -2.00845276006727e-06 -0.707105064417043 0.707108497949032
    outer loop
      vertex -0.0862115325927734 0.117951644897461 -0.0606255226135254
      vertex -0.119553291320801 0.0976626968383789 -0.0809144668579102
      vertex -0.082238655090332 0.118704376220703 -0.0598727836608887
    endloop
  endfacet
  facet normal -9.19322190323117e-08 -0.707106763768283 0.707106798604806
    outer loop
      vertex -0.082238655090332 0.118704376220703 -0.0598727836608887
      vertex -0.119553291320801 0.0976626968383789 -0.0809144668579102
      vertex -0.124846206665039 0.0836949005126953 -0.0948822631835937
    endloop
  endfacet
  facet normal 0 -0.707106781186548 0.707106781186548
    outer loop
      vertex -0.124385696411133 0.0865849685668945 -0.0919921951293945
      vertex -0.119553291320801 0.0976626968383789 -0.0809144668579102
      vertex -0.122556503295898 0.0922518692016602 -0.0863252944946289
    endloop
  endfacet
  facet normal 1.55180991079104e-05 -0.707112580473806 0.707100981681445
    outer loop
      vertex -0.119553291320801 0.0976626968383789 -0.0809144668579102
      vertex -0.115443130493164 0.102696594238281 -0.0758805770874023
      vertex -0.117631393432617 0.100234016418457 -0.078343147277832
    endloop
  endfacet
  facet normal 0 -0.707106781186548 0.707106781186548
    outer loop
      vertex -0.0975 0.114469062805176 -0.0641081008911133
      vertex -0.100982604980469 0.112921730041504 -0.0656554336547852
      vertex -0.0938636093139648 0.115828048706055 -0.0627491149902344
    endloop
  endfacet
  facet normal 8.58745875462263e-06 -0.707112415365761 0.707101146910295
    outer loop
      vertex -0.115443130493164 0.102696594238281 -0.0758805770874023
      vertex -0.10740950012207 0.109297607421875 -0.0692795562744141
      vertex -0.113000732421875 0.105036643981934 -0.0735405197143555
    endloop
  endfacet
  facet normal 0 -0.707106781186548 0.707106781186548
    outer loop
      vertex -0.113000732421875 0.105036643981934 -0.0735405197143555
      vertex -0.10740950012207 0.109297607421875 -0.0692795562744141
      vertex -0.110317855834961 0.107241096496582 -0.071336067199707
    endloop
  endfacet
  facet normal -2.18712738041558e-05 -0.70708738786691 0.707126173636076
    outer loop
      vertex -0.104291938781738 0.111194694519043 -0.0673824768066406
      vertex -0.10740950012207 0.109297607421875 -0.0692795562744141
      vertex -0.100982604980469 0.112921730041504 -0.0656554336547852
    endloop
  endfacet
  facet normal 0 -0.707106781186547 0.707106781186547
    outer loop
      vertex -0.0938636093139648 0.115828048706055 -0.0627491149902344
      vertex -0.10740950012207 0.109297607421875 -0.0692795562744141
      vertex -0.119553291320801 0.0976626968383789 -0.0809144668579102
    endloop
  endfacet
  facet normal 0 -0.707106781186547 0.707106781186547
    outer loop
      vertex -0.100982604980469 0.112921730041504 -0.0656554336547852
      vertex -0.10740950012207 0.109297607421875 -0.0692795562744141
      vertex -0.0938636093139648 0.115828048706055 -0.0627491149902344
    endloop
  endfacet
  facet normal -4.71613480476712e-06 -0.707104319971286 0.707109242377515
    outer loop
      vertex -0.119553291320801 0.0976626968383789 -0.0809144668579102
      vertex -0.10740950012207 0.109297607421875 -0.0692795562744141
      vertex -0.115443130493164 0.102696594238281 -0.0758805770874023
    endloop
  endfacet
  facet normal 3.82340123480281e-06 0.707103639585426 -0.707109922763374
    outer loop
      vertex -0.0425 0.0485223121643066 -0.132883285522461
      vertex -0.0325904998779297 0.0536937675476074 -0.127711822509766
      vertex -0.0357080612182617 0.051796688079834 -0.129608901977539
    endloop
  endfacet
  facet normal 2.03031405009973e-05 0.707086547470268 -0.707127014032387
    outer loop
      vertex -0.0425 0.0485223121643066 -0.132883285522461
      vertex -0.0357080612182617 0.051796688079834 -0.129608901977539
      vertex -0.0390173950195312 0.0500696487426758 -0.1313359375
    endloop
  endfacet
  facet normal -3.9861951605529e-06 0.70711112191519 -0.707102440420022
    outer loop
      vertex -0.0461363945007324 0.047163330078125 -0.134242263793945
      vertex -0.0325904998779297 0.0536937675476074 -0.127711822509766
      vertex -0.0425 0.0485223121643066 -0.132883285522461
    endloop
  endfacet
  facet normal -2.35614494442518e-05 0.707115061726994 -0.707098500156582
    outer loop
      vertex -0.018801944732666 0.0679943618774414 -0.113411224365234
      vertex -0.0204467124938965 0.0653286819458008 -0.11607691192627
      vertex -0.0223686027526855 0.0627573585510254 -0.118648231506348
    endloop
  endfacet
  facet normal 1.33209766600177e-05 0.707102502523397 -0.707111059698334
    outer loop
      vertex -0.0174434947967529 0.0707395095825195 -0.110666084289551
      vertex -0.018801944732666 0.0679943618774414 -0.113411224365234
      vertex -0.0223686027526855 0.0627573585510254 -0.118648231506348
    endloop
  endfacet
  facet normal 1.24423865361657e-06 0.707106228364241 -0.707107334007327
    outer loop
      vertex -0.0174434947967529 0.0707395095825195 -0.110666084289551
      vertex -0.0223686027526855 0.0627573585510254 -0.118648231506348
      vertex -0.0245568675994873 0.0602947883605957 -0.121110801696777
    endloop
  endfacet
  facet normal 3.89030943744053e-06 0.707105327305321 -0.707108235054083
    outer loop
      vertex -0.0174434947967529 0.0707395095825195 -0.110666084289551
      vertex -0.0245568675994873 0.0602947883605957 -0.121110801696777
      vertex -0.026999267578125 0.0579547348022461 -0.123450859069824
    endloop
  endfacet
  facet normal 1.72648083051756e-06 0.70710282341166 -0.707110738937175
    outer loop
      vertex -0.0577613487243652 0.0442869987487793 -0.137118591308594
      vertex -0.0461363945007324 0.047163330078125 -0.134242263793945
      vertex -0.0499062423706055 0.046000301361084 -0.135405288696289
    endloop
  endfacet
  facet normal -5.16967869422485e-06 0.707118631983656 -0.707094930171923
    outer loop
      vertex -0.0577613487243652 0.0442869987487793 -0.137118591308594
      vertex -0.0499062423706055 0.046000301361084 -0.135405288696289
      vertex -0.0537884635925293 0.0450397338867188 -0.136365859985352
    endloop
  endfacet
  facet normal 2.7319160830998e-07 0.707105760225146 -0.707107802146422
    outer loop
      vertex -0.061802677154541 0.0437463035583496 -0.137659286499023
      vertex -0.0461363945007324 0.047163330078125 -0.134242263793945
      vertex -0.0577613487243652 0.0442869987487793 -0.137118591308594
    endloop
  endfacet
  facet normal 1.1388682177895e-06 0.707103775753631 -0.707109786605773
    outer loop
      vertex -0.0658898468017578 0.0434206695556641 -0.137984924316406
      vertex -0.0461363945007324 0.047163330078125 -0.134242263793945
      vertex -0.061802677154541 0.0437463035583496 -0.137659286499023
    endloop
  endfacet
  facet normal 1.72456321835225e-05 0.707104473752379 -0.707109088402885
    outer loop
      vertex -0.0151537914276123 0.0792964782714844 -0.102109115600586
      vertex -0.0156143045425415 0.0764064102172852 -0.104999176025391
      vertex -0.0163789653778076 0.0735487594604492 -0.107856826782227
    endloop
  endfacet
  facet normal 1.72457132939667e-05 0.707104473743734 -0.707109088411529
    outer loop
      vertex -0.0151537914276123 0.0792964782714844 -0.102109115600586
      vertex -0.0163789653778076 0.0735487594604492 -0.107856826782227
      vertex -0.0174434947967529 0.0707395095825195 -0.110666084289551
    endloop
  endfacet
  facet normal 0 0.707106781186547 -0.707106781186547
    outer loop
      vertex -0.0151537914276123 0.0851091156005859 -0.0962964782714844
      vertex -0.0174434947967529 0.0707395095825195 -0.110666084289551
      vertex -0.026999267578125 0.0579547348022461 -0.123450859069824
    endloop
  endfacet
  facet normal 0 0.707106781186548 -0.707106781186548
    outer loop
      vertex -0.0151537914276123 0.0851091156005859 -0.0962964782714844
      vertex -0.0151537914276123 0.0792964782714844 -0.102109115600586
      vertex -0.0174434947967529 0.0707395095825195 -0.110666084289551
    endloop
  endfacet
  facet normal 0 0.707106781186547 -0.707106781186547
    outer loop
      vertex -0.0151537914276123 0.0851091156005859 -0.0962964782714844
      vertex -0.015 0.0822027969360352 -0.0992027969360352
      vertex -0.0151537914276123 0.0792964782714844 -0.102109115600586
    endloop
  endfacet
  facet normal -1.56712411007172e-06 0.707107122996581 -0.707106439374612
    outer loop
      vertex -0.0151537914276123 0.0851091156005859 -0.0962964782714844
      vertex -0.026999267578125 0.0579547348022461 -0.123450859069824
      vertex -0.0296821479797363 0.0557502861022949 -0.125655303955078
    endloop
  endfacet
  facet normal 9.99360983545291e-08 0.707106710521158 -0.707106851851923
    outer loop
      vertex -0.0151537914276123 0.0851091156005859 -0.0962964782714844
      vertex -0.0296821479797363 0.0557502861022949 -0.125655303955078
      vertex -0.0325904998779297 0.0536937675476074 -0.127711822509766
    endloop
  endfacet
  facet normal 3.28397807309155e-07 0.707106647118658 -0.707106915254336
    outer loop
      vertex -0.0151537914276123 0.0851091156005859 -0.0962964782714844
      vertex -0.0325904998779297 0.0536937675476074 -0.127711822509766
      vertex -0.0461363945007324 0.047163330078125 -0.134242263793945
    endloop
  endfacet
  facet normal -6.54442229176915e-07 0.707106815856087 -0.707106746516703
    outer loop
      vertex -0.0781973266601562 0.0437463035583496 -0.137659286499023
      vertex -0.07 0.0433119239807129 -0.138093673706055
      vertex -0.0741101531982422 0.0434206695556641 -0.137984924316406
    endloop
  endfacet
  facet normal -1.08972437306317e-06 0.707102708700511 -0.707110853648289
    outer loop
      vertex -0.082238655090332 0.0442869987487793 -0.137118591308594
      vertex -0.07 0.0433119239807129 -0.138093673706055
      vertex -0.0781973266601562 0.0437463035583496 -0.137659286499023
    endloop
  endfacet
  facet normal 1.72456321835225e-05 0.707109088402885 -0.707104473752379
    outer loop
      vertex -0.0163789653778076 0.0908568267822266 -0.0905487594604492
      vertex -0.0156143045425415 0.0879991760253906 -0.0934064102172852
      vertex -0.0151537914276123 0.0851091156005859 -0.0962964782714844
    endloop
  endfacet
  facet normal 1.72457132939667e-05 0.707109088411529 -0.707104473743734
    outer loop
      vertex -0.0174434947967529 0.0936660842895508 -0.0877395095825195
      vertex -0.0163789653778076 0.0908568267822266 -0.0905487594604492
      vertex -0.0151537914276123 0.0851091156005859 -0.0962964782714844
    endloop
  endfacet
  facet normal 2.13992545174433e-06 0.707110636632861 -0.707102925715974
    outer loop
      vertex -0.0938636093139648 0.047163330078125 -0.134242263793945
      vertex -0.082238655090332 0.0442869987487793 -0.137118591308594
      vertex -0.0862115325927734 0.0450397338867188 -0.136365859985352
    endloop
  endfacet
  facet normal -6.40788375233431e-06 0.707095236129103 -0.707118326026463
    outer loop
      vertex -0.0938636093139648 0.047163330078125 -0.134242263793945
      vertex -0.0862115325927734 0.0450397338867188 -0.136365859985352
      vertex -0.0900937576293945 0.046000301361084 -0.135405288696289
    endloop
  endfacet
  facet normal -1.5517687823198e-05 0.707100981858177 -0.707112580297086
    outer loop
      vertex -0.0245568675994873 0.104110801696777 -0.0772947845458984
      vertex -0.0223686027526855 0.101648231506348 -0.0797573623657227
      vertex -0.0204467124938965 0.0990769119262695 -0.0823286819458008
    endloop
  endfacet
  facet normal 1.75491879273017e-06 0.707109858617005 -0.707103703740519
    outer loop
      vertex -0.100982604980469 0.0500696487426758 -0.1313359375
      vertex -0.082238655090332 0.0442869987487793 -0.137118591308594
      vertex -0.0938636093139648 0.047163330078125 -0.134242263793945
    endloop
  endfacet
  facet normal 1.69706707834042e-05 0.707128493573882 -0.707085067928837
    outer loop
      vertex -0.100982604980469 0.0500696487426758 -0.1313359375
      vertex -0.0938636093139648 0.047163330078125 -0.134242263793945
      vertex -0.0975 0.0485223121643066 -0.132883285522461
    endloop
  endfacet
  facet normal -2.74254535958748e-05 0.707091315566179 -0.707122245936821
    outer loop
      vertex -0.0296821479797363 0.108655303955078 -0.0727502822875977
      vertex -0.026999267578125 0.106450859069824 -0.0749547348022461
      vertex -0.0245568675994873 0.104110801696777 -0.0772947845458984
    endloop
  endfacet
  facet normal -7.45154468750394e-06 0.707103470403134 -0.707110091915197
    outer loop
      vertex -0.0296821479797363 0.108655303955078 -0.0727502822875977
      vertex -0.0204467124938965 0.0990769119262695 -0.0823286819458008
      vertex -0.018801944732666 0.0964112243652344 -0.0849943618774414
    endloop
  endfacet
  facet normal 3.44262328529083e-06 0.707108722471453 -0.707104839887932
    outer loop
      vertex -0.0296821479797363 0.108655303955078 -0.0727502822875977
      vertex -0.0245568675994873 0.104110801696777 -0.0772947845458984
      vertex -0.0204467124938965 0.0990769119262695 -0.0823286819458008
    endloop
  endfacet
  facet normal 0 0.707106781186547 -0.707106781186547
    outer loop
      vertex -0.110317855834961 0.0557502861022949 -0.125655303955078
      vertex -0.104291938781738 0.051796688079834 -0.129608901977539
      vertex -0.10740950012207 0.0536937675476074 -0.127711822509766
    endloop
  endfacet
  facet normal -3.98402449290079e-06 0.707103745028482 -0.707109817320353
    outer loop
      vertex -0.113000732421875 0.0579547348022461 -0.123450859069824
      vertex -0.104291938781738 0.051796688079834 -0.129608901977539
      vertex -0.110317855834961 0.0557502861022949 -0.125655303955078
    endloop
  endfacet
  facet normal 0 0.707106781186548 -0.707106781186548
    outer loop
      vertex -0.0390173950195312 0.114335945129395 -0.0670696487426758
      vertex -0.0461363945007324 0.047163330078125 -0.134242263793945
      vertex -0.0658898468017578 0.0434206695556641 -0.137984924316406
    endloop
  endfacet
  facet normal -4.23070107589637e-07 0.70710689245314 -0.707106669919811
    outer loop
      vertex -0.0390173950195312 0.114335945129395 -0.0670696487426758
      vertex -0.07 0.0433119239807129 -0.138093673706055
      vertex -0.082238655090332 0.0442869987487793 -0.137118591308594
    endloop
  endfacet
  facet normal 0 0.707106781186548 -0.707106781186548
    outer loop
      vertex -0.0390173950195312 0.114335945129395 -0.0670696487426758
      vertex -0.0151537914276123 0.0851091156005859 -0.0962964782714844
      vertex -0.0461363945007324 0.047163330078125 -0.134242263793945
    endloop
  endfacet
  facet normal 2.18712738041558e-05 0.707126173636076 -0.70708738786691
    outer loop
      vertex -0.0390173950195312 0.114335945129395 -0.0670696487426758
      vertex -0.0357080612182617 0.112608901977539 -0.0687966842651367
      vertex -0.0325904998779297 0.110711822509766 -0.0706937713623047
    endloop
  endfacet
  facet normal -7.3040740636157e-06 0.707100304740421 -0.707113257535633
    outer loop
      vertex -0.0390173950195312 0.114335945129395 -0.0670696487426758
      vertex -0.0325904998779297 0.110711822509766 -0.0706937713623047
      vertex -0.0296821479797363 0.108655303955078 -0.0727502822875977
    endloop
  endfacet
  facet normal 3.58039890335776e-06 0.707108649677097 -0.707104912681996
    outer loop
      vertex -0.0390173950195312 0.114335945129395 -0.0670696487426758
      vertex -0.018801944732666 0.0964112243652344 -0.0849943618774414
      vertex -0.0174434947967529 0.0936660842895508 -0.0877395095825195
    endloop
  endfacet
  facet normal 0 0.707106781186548 -0.707106781186548
    outer loop
      vertex -0.0390173950195312 0.114335945129395 -0.0670696487426758
      vertex -0.0174434947967529 0.0936660842895508 -0.0877395095825195
      vertex -0.0151537914276123 0.0851091156005859 -0.0962964782714844
    endloop
  endfacet
  facet normal 1.25829689542878e-06 0.707107340252942 -0.707106222118592
    outer loop
      vertex -0.0390173950195312 0.114335945129395 -0.0670696487426758
      vertex -0.0296821479797363 0.108655303955078 -0.0727502822875977
      vertex -0.018801944732666 0.0964112243652344 -0.0849943618774414
    endloop
  endfacet
  facet normal -1.30874932907892e-07 0.707106802308781 -0.707106760064301
    outer loop
      vertex -0.0390173950195312 0.114335945129395 -0.0670696487426758
      vertex -0.082238655090332 0.0442869987487793 -0.137118591308594
      vertex -0.100982604980469 0.0500696487426758 -0.1313359375
    endloop
  endfacet
  facet normal 6.62923312696296e-07 0.707106655583155 -0.707106906789607
    outer loop
      vertex -0.0390173950195312 0.114335945129395 -0.0670696487426758
      vertex -0.0658898468017578 0.0434206695556641 -0.137984924316406
      vertex -0.07 0.0433119239807129 -0.138093673706055
    endloop
  endfacet
  facet normal -7.4307906986024e-06 0.707103479624206 -0.707110082694429
    outer loop
      vertex -0.117631393432617 0.0627573585510254 -0.118648231506348
      vertex -0.113000732421875 0.0579547348022461 -0.123450859069824
      vertex -0.115443130493164 0.0602947883605957 -0.121110801696777
    endloop
  endfacet
  facet normal 1.75394330457173e-05 0.70712826208736 -0.707085299415621
    outer loop
      vertex -0.0461363945007324 0.117242263793945 -0.064163330078125
      vertex -0.0425 0.115883277893066 -0.0655223083496094
      vertex -0.0390173950195312 0.114335945129395 -0.0670696487426758
    endloop
  endfacet
  facet normal 2.35609134134241e-05 0.707115061561635 -0.707098500321962
    outer loop
      vertex -0.121198059082031 0.0679943618774414 -0.113411224365234
      vertex -0.117631393432617 0.0627573585510254 -0.118648231506348
      vertex -0.119553291320801 0.0653286819458008 -0.11607691192627
    endloop
  endfacet
  facet normal 0 0.707106781186547 -0.707106781186547
    outer loop
      vertex -0.0537884635925293 0.119365859985352 -0.0620397338867188
      vertex -0.0461363945007324 0.117242263793945 -0.064163330078125
      vertex -0.0390173950195312 0.114335945129395 -0.0670696487426758
    endloop
  endfacet
  facet normal 6.40788928846584e-06 0.707118326024927 -0.70709523613064
    outer loop
      vertex -0.0537884635925293 0.119365859985352 -0.0620397338867188
      vertex -0.0499062423706055 0.118405288696289 -0.063000301361084
      vertex -0.0461363945007324 0.117242263793945 -0.064163330078125
    endloop
  endfacet
  facet normal -2.15195837855781e-08 0.70710674958887 -0.707106812784223
    outer loop
      vertex -0.0537884635925293 0.119365859985352 -0.0620397338867188
      vertex -0.0390173950195312 0.114335945129395 -0.0670696487426758
      vertex -0.100982604980469 0.0500696487426758 -0.1313359375
    endloop
  endfacet
  facet normal 5.71380716486995e-07 0.707106547691516 -0.707107014681271
    outer loop
      vertex -0.0537884635925293 0.119365859985352 -0.0620397338867188
      vertex -0.100982604980469 0.0500696487426758 -0.1313359375
      vertex -0.104291938781738 0.051796688079834 -0.129608901977539
    endloop
  endfacet
  facet normal -1.33207233107409e-05 0.707102502599968 -0.707111059621769
    outer loop
      vertex -0.122556503295898 0.0707395095825195 -0.110666084289551
      vertex -0.117631393432617 0.0627573585510254 -0.118648231506348
      vertex -0.121198059082031 0.0679943618774414 -0.113411224365234
    endloop
  endfacet
  facet normal 1.63154029575944e-06 0.707112878485777 -0.707100683832859
    outer loop
      vertex -0.061802677154541 0.120659286499023 -0.0607463035583496
      vertex -0.0577613487243652 0.120118591308594 -0.0612869987487793
      vertex -0.0537884635925293 0.119365859985352 -0.0620397338867188
    endloop
  endfacet
  facet normal -3.06095447930617e-07 0.707106875619262 -0.707106686753755
    outer loop
      vertex -0.061802677154541 0.120659286499023 -0.0607463035583496
      vertex -0.0537884635925293 0.119365859985352 -0.0620397338867188
      vertex -0.104291938781738 0.051796688079834 -0.129608901977539
    endloop
  endfacet
  facet normal 1.75396589716962e-05 0.7071072451497 -0.707106317005556
    outer loop
      vertex -0.125 0.0822027969360352 -0.0992027969360352
      vertex -0.124385696411133 0.0764064102172852 -0.104999176025391
      vertex -0.124846206665039 0.0792964782714844 -0.102109115600586
    endloop
  endfacet
  facet normal 0 0.70711918363125 -0.707094378524306
    outer loop
      vertex -0.0741101531982422 0.120984924316406 -0.0604206695556641
      vertex -0.07 0.12109366607666 -0.0603119239807129
      vertex -0.0658898468017578 0.120984924316406 -0.0604206695556641
    endloop
  endfacet
  facet normal 0 0.707102639434792 -0.707110922914044
    outer loop
      vertex -0.0741101531982422 0.120984924316406 -0.0604206695556641
      vertex -0.0658898468017578 0.120984924316406 -0.0604206695556641
      vertex -0.061802677154541 0.120659286499023 -0.0607463035583496
    endloop
  endfacet
  facet normal 5.85739766355809e-06 0.707106626196777 -0.707106936152024
    outer loop
      vertex -0.123621032714844 0.0908568267822266 -0.0905487594604492
      vertex -0.125 0.0822027969360352 -0.0992027969360352
      vertex -0.124846206665039 0.0851091156005859 -0.0962964782714844
    endloop
  endfacet
  facet normal -1.72453149474321e-05 0.707109088369078 -0.707104473786194
    outer loop
      vertex -0.123621032714844 0.0908568267822266 -0.0905487594604492
      vertex -0.124846206665039 0.0851091156005859 -0.0962964782714844
      vertex -0.124385696411133 0.0879991760253906 -0.0934064102172852
    endloop
  endfacet
  facet normal 5.85736964246485e-06 0.707106626199009 -0.707106936149792
    outer loop
      vertex -0.123621032714844 0.0908568267822266 -0.0905487594604492
      vertex -0.124385696411133 0.0764064102172852 -0.104999176025391
      vertex -0.125 0.0822027969360352 -0.0992027969360352
    endloop
  endfacet
  facet normal -5.06777597059749e-06 0.707106781177467 -0.707106781177467
    outer loop
      vertex -0.123621032714844 0.0908568267822266 -0.0905487594604492
      vertex -0.122556503295898 0.0707395095825195 -0.110666084289551
      vertex -0.123621032714844 0.0735487594604492 -0.107856826782227
    endloop
  endfacet
  facet normal 0 0.707106781186547 -0.707106781186547
    outer loop
      vertex -0.123621032714844 0.0908568267822266 -0.0905487594604492
      vertex -0.123621032714844 0.0735487594604492 -0.107856826782227
      vertex -0.124385696411133 0.0764064102172852 -0.104999176025391
    endloop
  endfacet
  facet normal 1.8298142288682e-07 0.707106097356793 -0.707107465015617
    outer loop
      vertex -0.0862115325927734 0.119365859985352 -0.0620397338867188
      vertex -0.0741101531982422 0.120984924316406 -0.0604206695556641
      vertex -0.061802677154541 0.120659286499023 -0.0607463035583496
    endloop
  endfacet
  facet normal -1.63153276673688e-06 0.70711287845764 -0.707100683860996
    outer loop
      vertex -0.0862115325927734 0.119365859985352 -0.0620397338867188
      vertex -0.082238655090332 0.120118591308594 -0.0612869987487793
      vertex -0.0781973266601562 0.120659286499023 -0.0607463035583496
    endloop
  endfacet
  facet normal -1.63155183123109e-06 0.707112878516703 -0.707100683801933
    outer loop
      vertex -0.0862115325927734 0.119365859985352 -0.0620397338867188
      vertex -0.0781973266601562 0.120659286499023 -0.0607463035583496
      vertex -0.0741101531982422 0.120984924316406 -0.0604206695556641
    endloop
  endfacet
  facet normal -5.06777597059749e-06 0.707106781177467 -0.707106781177467
    outer loop
      vertex -0.122556503295898 0.0936660842895508 -0.0877395095825195
      vertex -0.122556503295898 0.0707395095825195 -0.110666084289551
      vertex -0.123621032714844 0.0908568267822266 -0.0905487594604492
    endloop
  endfacet
  facet normal 0 0.707106781186547 -0.707106781186547
    outer loop
      vertex -0.0900937576293945 0.118405288696289 -0.063000301361084
      vertex -0.061802677154541 0.120659286499023 -0.0607463035583496
      vertex -0.104291938781738 0.051796688079834 -0.129608901977539
    endloop
  endfacet
  facet normal 3.29982284375977e-07 0.707104710295175 -0.707108852071778
    outer loop
      vertex -0.0900937576293945 0.118405288696289 -0.063000301361084
      vertex -0.0862115325927734 0.119365859985352 -0.0620397338867188
      vertex -0.061802677154541 0.120659286499023 -0.0607463035583496
    endloop
  endfacet
  facet normal 3.03928323221764e-07 0.707106705986342 -0.70710685638668
    outer loop
      vertex -0.0900937576293945 0.118405288696289 -0.063000301361084
      vertex -0.117631393432617 0.0627573585510254 -0.118648231506348
      vertex -0.122556503295898 0.0707395095825195 -0.110666084289551
    endloop
  endfacet
  facet normal 2.69162947685919e-07 0.707106752499353 -0.70710680987369
    outer loop
      vertex -0.0900937576293945 0.118405288696289 -0.063000301361084
      vertex -0.104291938781738 0.051796688079834 -0.129608901977539
      vertex -0.113000732421875 0.0579547348022461 -0.123450859069824
    endloop
  endfacet
  facet normal -3.84943233821492e-07 0.707106876431959 -0.707106685941018
    outer loop
      vertex -0.0900937576293945 0.118405288696289 -0.063000301361084
      vertex -0.113000732421875 0.0579547348022461 -0.123450859069824
      vertex -0.117631393432617 0.0627573585510254 -0.118648231506348
    endloop
  endfacet
  facet normal -3.26534949505627e-05 0.707115842707793 -0.707097718795215
    outer loop
      vertex -0.119553291320801 0.0990769119262695 -0.0823286819458008
      vertex -0.122556503295898 0.0936660842895508 -0.0877395095825195
      vertex -0.121198059082031 0.0964112243652344 -0.0849943618774414
    endloop
  endfacet
  facet normal 1.55180991079104e-05 0.707100981681445 -0.707112580473806
    outer loop
      vertex -0.115443130493164 0.104110801696777 -0.0772947845458984
      vertex -0.119553291320801 0.0990769119262695 -0.0823286819458008
      vertex -0.117631393432617 0.101648231506348 -0.0797573623657227
    endloop
  endfacet
  facet normal 1.97603212324079e-05 0.707086286633605 -0.707127274869403
    outer loop
      vertex -0.104291938781738 0.112608901977539 -0.0687966842651367
      vertex -0.100982604980469 0.114335945129395 -0.0670696487426758
      vertex -0.0975 0.115883277893066 -0.0655223083496094
    endloop
  endfacet
  facet normal -6.59917746001724e-06 0.707113625374986 -0.707099936901068
    outer loop
      vertex -0.104291938781738 0.112608901977539 -0.0687966842651367
      vertex -0.0975 0.115883277893066 -0.0655223083496094
      vertex -0.0938636093139648 0.117242263793945 -0.064163330078125
    endloop
  endfacet
  facet normal 3.51630471552628e-06 0.707102241913282 -0.707111320421931
    outer loop
      vertex -0.104291938781738 0.112608901977539 -0.0687966842651367
      vertex -0.0938636093139648 0.117242263793945 -0.064163330078125
      vertex -0.0900937576293945 0.118405288696289 -0.063000301361084
    endloop
  endfacet
  facet normal -2.9514635931935e-07 0.707106909986026 -0.707106652386984
    outer loop
      vertex -0.104291938781738 0.112608901977539 -0.0687966842651367
      vertex -0.0900937576293945 0.118405288696289 -0.063000301361084
      vertex -0.122556503295898 0.0707395095825195 -0.110666084289551
    endloop
  endfacet
  facet normal 6.96049873499855e-07 0.707106588019476 -0.707106974353223
    outer loop
      vertex -0.104291938781738 0.112608901977539 -0.0687966842651367
      vertex -0.122556503295898 0.0936660842895508 -0.0877395095825195
      vertex -0.119553291320801 0.0990769119262695 -0.0823286819458008
    endloop
  endfacet
  facet normal 2.95369572332903e-07 0.707106781186517 -0.707106781186517
    outer loop
      vertex -0.104291938781738 0.112608901977539 -0.0687966842651367
      vertex -0.122556503295898 0.0707395095825195 -0.110666084289551
      vertex -0.122556503295898 0.0936660842895508 -0.0877395095825195
    endloop
  endfacet
  facet normal -2.16197869532271e-06 0.707108199655725 -0.707105362711219
    outer loop
      vertex -0.104291938781738 0.112608901977539 -0.0687966842651367
      vertex -0.119553291320801 0.0990769119262695 -0.0823286819458008
      vertex -0.115443130493164 0.104110801696777 -0.0772947845458984
    endloop
  endfacet
  facet normal 8.58745875462263e-06 0.707101146910295 -0.707112415365761
    outer loop
      vertex -0.10740950012207 0.110711822509766 -0.0706937713623047
      vertex -0.115443130493164 0.104110801696777 -0.0772947845458984
      vertex -0.113000732421875 0.106450859069824 -0.0749547348022461
    endloop
  endfacet
  facet normal 8.58753994890316e-06 0.707101146860887 -0.707112415415168
    outer loop
      vertex -0.10740950012207 0.110711822509766 -0.0706937713623047
      vertex -0.104291938781738 0.112608901977539 -0.0687966842651367
      vertex -0.115443130493164 0.104110801696777 -0.0772947845458984
    endloop
  endfacet
  facet normal -2.57141239055419e-05 0.707123651776355 -0.70708990972666
    outer loop
      vertex -0.110317855834961 0.108655303955078 -0.0727502822875977
      vertex -0.10740950012207 0.110711822509766 -0.0706937713623047
      vertex -0.113000732421875 0.106450859069824 -0.0749547348022461
    endloop
  endfacet
endsolid noctua_fan_left
