ISO-10303-21;
HEADER;
FILE_DESCRIPTION(('FreeCAD Model'),'2;1');
FILE_NAME('Open CASCADE Shape Model','2026-09-08T22:21:47',('FreeCAD'),(
    'FreeCAD'),'Open CASCADE STEP processor 7.8','FreeCAD','Unknown');
FILE_SCHEMA(('AUTOMOTIVE_DESIGN { 1 0 10303 214 1 1 1 1 }'));
ENDSEC;
DATA;
#1 = APPLICATION_PROTOCOL_DEFINITION('international standard',
  'automotive_design',2000,#2);
#2 = APPLICATION_CONTEXT(
  'core data for automotive mechanical design processes');
#3 = SHAPE_DEFINITION_REPRESENTATION(#4,#10);
#4 = PRODUCT_DEFINITION_SHAPE('','',#5);
#5 = PRODUCT_DEFINITION('design','',#6,#9);
#6 = PRODUCT_DEFINITION_FORMATION('','',#7);
#7 = PRODUCT('Open CASCADE STEP translator 7.8 1',
  'Open CASCADE STEP translator 7.8 1','',(#8));
#8 = PRODUCT_CONTEXT('',#2,'mechanical');
#9 = PRODUCT_DEFINITION_CONTEXT('part definition',#2,'design');
#10 = ADVANCED_BREP_SHAPE_REPRESENTATION('',(#11,#15),#3690);
#11 = AXIS2_PLACEMENT_3D('',#12,#13,#14);
#12 = CARTESIAN_POINT('',(0.,0.,0.));
#13 = DIRECTION('',(0.,0.,1.));
#14 = DIRECTION('',(1.,0.,-0.));
#15 = MANIFOLD_SOLID_BREP('',#16);
#16 = CLOSED_SHELL('',(#17,#116,#147,#186,#353,#484,#508,#539,#571,#725,
    #741,#769,#839,#891,#932,#990,#1016,#1070,#1275,#1299,#1348,#1373,
    #1424,#1525,#1598,#1622,#1646,#1722,#1744,#1889,#1941,#2038,#2107,
    #2129,#2147,#2167,#2184,#2208,#2233,#2346,#2430,#2485,#2609,#2626,
    #2638,#2652,#2678,#2695,#2707,#2733,#2817,#2882,#2947,#2977,#3009,
    #3033,#3050,#3074,#3151,#3163,#3180,#3325,#3470,#3535,#3572,#3589,
    #3606,#3628,#3646,#3665,#3678));
#17 = ADVANCED_FACE('',(#18),#108,.F.);
#18 = FACE_BOUND('',#19,.F.);
#19 = EDGE_LOOP('',(#20,#32,#41,#49,#57,#100));
#20 = ORIENTED_EDGE('',*,*,#21,.T.);
#21 = EDGE_CURVE('',#22,#24,#26,.T.);
#22 = VERTEX_POINT('',#23);
#23 = CARTESIAN_POINT('',(49.370100353564,1.838802568143,15.4));
#24 = VERTEX_POINT('',#25);
#25 = CARTESIAN_POINT('',(49.370100353564,1.838802568143,0.));
#26 = B_SPLINE_CURVE_WITH_KNOTS('',4,(#27,#28,#29,#30,#31),
  .UNSPECIFIED.,.F.,.F.,(5,5),(0.,1.),.PIECEWISE_BEZIER_KNOTS.);
#27 = CARTESIAN_POINT('',(49.370100353564,1.838802568143,16.));
#28 = CARTESIAN_POINT('',(49.370100353564,1.838802568143,12.000000000392
    ));
#29 = CARTESIAN_POINT('',(49.370100353564,1.838802568143,7.999999999975)
  );
#30 = CARTESIAN_POINT('',(49.370100353564,1.838802568143,3.999999999608)
  );
#31 = CARTESIAN_POINT('',(49.370100353564,1.838802568143,0.));
#32 = ORIENTED_EDGE('',*,*,#33,.F.);
#33 = EDGE_CURVE('',#34,#24,#36,.T.);
#34 = VERTEX_POINT('',#35);
#35 = CARTESIAN_POINT('',(37.512475846015,-1.301588165785,0.));
#36 = B_SPLINE_CURVE_WITH_KNOTS('',3,(#37,#38,#39,#40),.UNSPECIFIED.,.F.
  ,.F.,(4,4),(0.,1.),.PIECEWISE_BEZIER_KNOTS.);
#37 = CARTESIAN_POINT('',(37.512475846015,-1.301588165785,0.));
#38 = CARTESIAN_POINT('',(45.491011273193,-1.88722665263,0.));
#39 = CARTESIAN_POINT('',(49.626688608493,-0.185412039258,0.));
#40 = CARTESIAN_POINT('',(49.919507851915,3.803855674331,0.));
#41 = ORIENTED_EDGE('',*,*,#42,.T.);
#42 = EDGE_CURVE('',#34,#43,#45,.T.);
#43 = VERTEX_POINT('',#44);
#44 = CARTESIAN_POINT('',(37.512475846015,-1.301588165785,4.8));
#45 = LINE('',#46,#47);
#46 = CARTESIAN_POINT('',(37.512475846015,-1.301588165785,0.));
#47 = VECTOR('',#48,1.);
#48 = DIRECTION('',(0.,0.,1.));
#49 = ORIENTED_EDGE('',*,*,#50,.T.);
#50 = EDGE_CURVE('',#43,#51,#53,.T.);
#51 = VERTEX_POINT('',#52);
#52 = CARTESIAN_POINT('',(37.512475846015,-1.301588165785,15.4));
#53 = LINE('',#54,#55);
#54 = CARTESIAN_POINT('',(37.512475846015,-1.301588165785,0.));
#55 = VECTOR('',#56,1.);
#56 = DIRECTION('',(0.,0.,1.));
#57 = ORIENTED_EDGE('',*,*,#58,.T.);
#58 = EDGE_CURVE('',#51,#59,#61,.T.);
#59 = VERTEX_POINT('',#60);
#60 = CARTESIAN_POINT('',(49.373584642833,1.84525964946,15.406694823242)
  );
#61 = B_SPLINE_CURVE_WITH_KNOTS('',13,(#62,#63,#64,#65,#66,#67,#68,#69,
    #70,#71,#72,#73,#74,#75,#76,#77,#78,#79,#80,#81,#82,#83,#84,#85,#86,
    #87,#88,#89,#90,#91,#92,#93,#94,#95,#96,#97,#98,#99),.UNSPECIFIED.,
  .F.,.F.,(14,12,12,14),(21.887619041331,29.165795848821,36.44397265631,
    36.58953619246),.UNSPECIFIED.);
#62 = CARTESIAN_POINT('',(37.512475846015,-1.301588165785,15.4));
#63 = CARTESIAN_POINT('',(38.362233810969,-1.36396189005,15.400000000009
    ));
#64 = CARTESIAN_POINT('',(39.174411975514,-1.407161963437,
    15.399999926048));
#65 = CARTESIAN_POINT('',(39.950136959224,-1.431624657528,
    15.400071481874));
#66 = CARTESIAN_POINT('',(40.690504771654,-1.437784227896,15.40028889657
    ));
#67 = CARTESIAN_POINT('',(41.396636055319,-1.426042145156,
    15.400760602243));
#68 = CARTESIAN_POINT('',(42.069705913263,-1.39673612681,15.401643093559
    ));
#69 = CARTESIAN_POINT('',(42.710948378721,-1.350108971753,
    15.403136989956));
#70 = CARTESIAN_POINT('',(43.321635443276,-1.286277194746,
    15.405465270352));
#71 = CARTESIAN_POINT('',(43.90303074615,-1.205199464152,15.408833717256
    ));
#72 = CARTESIAN_POINT('',(44.456317817457,-1.106644839497,
    15.413373531914));
#73 = CARTESIAN_POINT('',(44.982502970847,-0.990160811916,
    15.419066154491));
#74 = CARTESIAN_POINT('',(45.482292773181,-0.855041145166,15.42565026363
    ));
#75 = CARTESIAN_POINT('',(46.429599502132,-0.545545892218,
    15.439371679945));
#76 = CARTESIAN_POINT('',(46.877081414447,-0.37122155466,15.44650473708)
  );
#77 = CARTESIAN_POINT('',(47.298752171925,-0.176145577142,
    15.453213674661));
#78 = CARTESIAN_POINT('',(47.693587224244,3.954407537954E-02,
    15.458824483718));
#79 = CARTESIAN_POINT('',(48.06296882568,0.280760618142,15.46088398401)
  );
#80 = CARTESIAN_POINT('',(48.399849843435,0.540492755683,15.459912660666
    ));
#81 = CARTESIAN_POINT('',(48.710377236666,0.831681106601,15.450355166591
    ));
#82 = CARTESIAN_POINT('',(48.980254111372,1.139857039828,15.434973234963
    ));
#83 = CARTESIAN_POINT('',(49.216559095082,1.47292733843,15.415276631907)
  );
#84 = CARTESIAN_POINT('',(49.412483360685,1.822619222322,15.398939255641
    ));
#85 = CARTESIAN_POINT('',(49.571399869506,2.184127297977,15.390358997143
    ));
#86 = CARTESIAN_POINT('',(49.695405951522,2.555976332688,15.393475524872
    ));
#87 = CARTESIAN_POINT('',(49.78875518509,2.944760007512,15.421113802635)
  );
#88 = CARTESIAN_POINT('',(49.790572569436,2.952386953364,15.421665310659
    ));
#89 = CARTESIAN_POINT('',(49.792376980369,2.960017631295,15.422226507055
    ));
#90 = CARTESIAN_POINT('',(49.794168437612,2.967652036887,15.422797499344
    ));
#91 = CARTESIAN_POINT('',(49.795946960068,2.975290165611,15.423378394685
    ));
#92 = CARTESIAN_POINT('',(49.797712568119,2.982932013146,15.423969300889
    ));
#93 = CARTESIAN_POINT('',(49.79946527997,2.990577574862,15.424570324806)
  );
#94 = CARTESIAN_POINT('',(49.801205116486,2.998226846505,15.425181574458
    ));
#95 = CARTESIAN_POINT('',(49.802932095824,3.005879823439,15.425803156679
    ));
#96 = CARTESIAN_POINT('',(49.804646238435,3.013536501353,15.426435179305
    ));
#97 = CARTESIAN_POINT('',(49.806347563162,3.021196875706,15.427077749472
    ));
#98 = CARTESIAN_POINT('',(49.808036089768,3.028860942091,15.427730974716
    ));
#99 = CARTESIAN_POINT('',(49.809711837598,3.036528696039,15.4283949621)
  );
#100 = ORIENTED_EDGE('',*,*,#101,.T.);
#101 = EDGE_CURVE('',#59,#22,#102,.T.);
#102 = B_SPLINE_CURVE_WITH_KNOTS('',4,(#103,#104,#105,#106,#107),
  .UNSPECIFIED.,.F.,.F.,(5,5),(0.,1.),.PIECEWISE_BEZIER_KNOTS.);
#103 = CARTESIAN_POINT('',(49.37358478876,1.845259637198,15.406694821696
    ));
#104 = CARTESIAN_POINT('',(49.372715239899,1.843644969684,15.40502083129
    ));
#105 = CARTESIAN_POINT('',(49.371844651455,1.842030568611,
    15.403347030509));
#106 = CARTESIAN_POINT('',(49.370973022868,1.840416434576,
    15.401673419905));
#107 = CARTESIAN_POINT('',(49.370100353564,1.838802568143,15.4));
#108 = SURFACE_OF_LINEAR_EXTRUSION('',#109,#114);
#109 = B_SPLINE_CURVE_WITH_KNOTS('',3,(#110,#111,#112,#113),
  .UNSPECIFIED.,.F.,.F.,(4,4),(0.,1.),.PIECEWISE_BEZIER_KNOTS.);
#110 = CARTESIAN_POINT('',(37.512475846015,-1.301588165785,0.));
#111 = CARTESIAN_POINT('',(45.491011273193,-1.88722665263,0.));
#112 = CARTESIAN_POINT('',(49.626688608493,-0.185412039258,0.));
#113 = CARTESIAN_POINT('',(49.919507851915,3.803855674331,0.));
#114 = VECTOR('',#115,1.);
#115 = DIRECTION('',(-0.,-0.,-1.));
#116 = ADVANCED_FACE('',(#117),#142,.T.);
#117 = FACE_BOUND('',#118,.T.);
#118 = EDGE_LOOP('',(#119,#120,#128,#136));
#119 = ORIENTED_EDGE('',*,*,#21,.T.);
#120 = ORIENTED_EDGE('',*,*,#121,.F.);
#121 = EDGE_CURVE('',#122,#24,#124,.T.);
#122 = VERTEX_POINT('',#123);
#123 = CARTESIAN_POINT('',(49.773098230204,1.809221817536,0.));
#124 = LINE('',#125,#126);
#125 = CARTESIAN_POINT('',(49.773098230204,1.809221817536,0.));
#126 = VECTOR('',#127,1.);
#127 = DIRECTION('',(-0.997316928397,7.320481085564E-02,0.));
#128 = ORIENTED_EDGE('',*,*,#129,.T.);
#129 = EDGE_CURVE('',#122,#130,#132,.T.);
#130 = VERTEX_POINT('',#131);
#131 = CARTESIAN_POINT('',(49.773098230204,1.809221817536,15.4));
#132 = LINE('',#133,#134);
#133 = CARTESIAN_POINT('',(49.773098230204,1.809221817536,0.));
#134 = VECTOR('',#135,1.);
#135 = DIRECTION('',(0.,0.,1.));
#136 = ORIENTED_EDGE('',*,*,#137,.T.);
#137 = EDGE_CURVE('',#130,#22,#138,.T.);
#138 = LINE('',#139,#140);
#139 = CARTESIAN_POINT('',(49.773098230204,1.809221817536,15.4));
#140 = VECTOR('',#141,1.);
#141 = DIRECTION('',(-0.997316928397,7.320481085564E-02,0.));
#142 = PLANE('',#143);
#143 = AXIS2_PLACEMENT_3D('',#144,#145,#146);
#144 = CARTESIAN_POINT('',(49.773098230204,1.809221817536,0.));
#145 = DIRECTION('',(-7.320481085564E-02,-0.997316928397,0.));
#146 = DIRECTION('',(-0.997316928397,7.320481085564E-02,0.));
#147 = ADVANCED_FACE('',(#148),#181,.T.);
#148 = FACE_BOUND('',#149,.F.);
#149 = EDGE_LOOP('',(#150,#165,#173,#179,#180));
#150 = ORIENTED_EDGE('',*,*,#151,.F.);
#151 = EDGE_CURVE('',#152,#59,#154,.T.);
#152 = VERTEX_POINT('',#153);
#153 = CARTESIAN_POINT('',(48.976952205583,2.469274505305,16.));
#154 = B_SPLINE_CURVE_WITH_KNOTS('',5,(#155,#156,#157,#158,#159,#160,
    #161,#162,#163,#164),.UNSPECIFIED.,.F.,.F.,(6,4,6),(0.,
    0.472025201441,1.),.UNSPECIFIED.);
#155 = CARTESIAN_POINT('',(48.976952205583,2.469274505305,16.));
#156 = CARTESIAN_POINT('',(49.009291964974,2.410240179864,15.94349149385
    ));
#157 = CARTESIAN_POINT('',(49.043177726512,2.351187857024,
    15.887078213385));
#158 = CARTESIAN_POINT('',(49.078415076255,2.292155076495,
    15.830783365556));
#159 = CARTESIAN_POINT('',(49.114843713678,2.233159954146,
    15.774613282857));
#160 = CARTESIAN_POINT('',(49.194262801984,2.1082803319,15.655882580916)
  );
#161 = CARTESIAN_POINT('',(49.237519164003,2.04240808385,15.593353646625
    ));
#162 = CARTESIAN_POINT('',(49.281915485029,1.976611904576,
    15.530984027495));
#163 = CARTESIAN_POINT('',(49.327309205901,1.910895487034,
    15.468766970557));
#164 = CARTESIAN_POINT('',(49.373584642833,1.84525964946,15.406694823242
    ));
#165 = ORIENTED_EDGE('',*,*,#166,.F.);
#166 = EDGE_CURVE('',#167,#152,#169,.T.);
#167 = VERTEX_POINT('',#168);
#168 = CARTESIAN_POINT('',(49.218630959679,2.451534861088,16.));
#169 = LINE('',#170,#171);
#170 = CARTESIAN_POINT('',(49.817021116718,2.407611974575,16.));
#171 = VECTOR('',#172,1.);
#172 = DIRECTION('',(-0.997316928397,7.320481085564E-02,0.));
#173 = ORIENTED_EDGE('',*,*,#174,.F.);
#174 = EDGE_CURVE('',#130,#167,#175,.T.);
#175 = LINE('',#176,#177);
#176 = CARTESIAN_POINT('',(48.664163689154,3.09384790464,16.6));
#177 = VECTOR('',#178,1.);
#178 = DIRECTION('',(-0.533536379824,0.618066014331,0.57735026919));
#179 = ORIENTED_EDGE('',*,*,#137,.T.);
#180 = ORIENTED_EDGE('',*,*,#101,.F.);
#181 = PLANE('',#182);
#182 = AXIS2_PLACEMENT_3D('',#183,#184,#185);
#183 = CARTESIAN_POINT('',(49.795059673461,2.108416896056,15.7));
#184 = DIRECTION('',(-5.17636181715E-02,-0.705209563062,0.707106781187)
  );
#185 = DIRECTION('',(0.997316928397,-7.320481085564E-02,
    2.081668171172E-17));
#186 = ADVANCED_FACE('',(#187),#348,.T.);
#187 = FACE_BOUND('',#188,.T.);
#188 = EDGE_LOOP('',(#189,#200,#208,#216,#224,#233,#242,#250,#258,#266,
    #274,#283,#292,#300,#309,#317,#325,#334,#340,#341,#342));
#189 = ORIENTED_EDGE('',*,*,#190,.T.);
#190 = EDGE_CURVE('',#191,#193,#195,.T.);
#191 = VERTEX_POINT('',#192);
#192 = CARTESIAN_POINT('',(4.,0.,0.));
#193 = VERTEX_POINT('',#194);
#194 = CARTESIAN_POINT('',(0.,4.,0.));
#195 = B_SPLINE_CURVE_WITH_KNOTS('',3,(#196,#197,#198,#199),
  .UNSPECIFIED.,.F.,.F.,(4,4),(0.,1.),.PIECEWISE_BEZIER_KNOTS.);
#196 = CARTESIAN_POINT('',(4.,0.,0.));
#197 = CARTESIAN_POINT('',(1.8,0.,0.));
#198 = CARTESIAN_POINT('',(0.,1.8,0.));
#199 = CARTESIAN_POINT('',(0.,4.,0.));
#200 = ORIENTED_EDGE('',*,*,#201,.T.);
#201 = EDGE_CURVE('',#193,#202,#204,.T.);
#202 = VERTEX_POINT('',#203);
#203 = CARTESIAN_POINT('',(0.,40.,0.));
#204 = LINE('',#205,#206);
#205 = CARTESIAN_POINT('',(0.,4.,0.));
#206 = VECTOR('',#207,1.);
#207 = DIRECTION('',(0.,1.,0.));
#208 = ORIENTED_EDGE('',*,*,#209,.T.);
#209 = EDGE_CURVE('',#202,#210,#212,.T.);
#210 = VERTEX_POINT('',#211);
#211 = CARTESIAN_POINT('',(9.,40.,0.));
#212 = LINE('',#213,#214);
#213 = CARTESIAN_POINT('',(11.989022879683,40.,0.));
#214 = VECTOR('',#215,1.);
#215 = DIRECTION('',(1.,0.,0.));
#216 = ORIENTED_EDGE('',*,*,#217,.T.);
#217 = EDGE_CURVE('',#210,#218,#220,.T.);
#218 = VERTEX_POINT('',#219);
#219 = CARTESIAN_POINT('',(9.,24.,0.));
#220 = LINE('',#221,#222);
#221 = CARTESIAN_POINT('',(9.,59.,0.));
#222 = VECTOR('',#223,1.);
#223 = DIRECTION('',(0.,-1.,0.));
#224 = ORIENTED_EDGE('',*,*,#225,.T.);
#225 = EDGE_CURVE('',#218,#226,#228,.T.);
#226 = VERTEX_POINT('',#227);
#227 = CARTESIAN_POINT('',(10.,18.,0.));
#228 = B_SPLINE_CURVE_WITH_KNOTS('',3,(#229,#230,#231,#232),
  .UNSPECIFIED.,.F.,.F.,(4,4),(0.,1.),.PIECEWISE_BEZIER_KNOTS.);
#229 = CARTESIAN_POINT('',(9.,24.,0.));
#230 = CARTESIAN_POINT('',(9.,22.,0.));
#231 = CARTESIAN_POINT('',(9.,20.,0.));
#232 = CARTESIAN_POINT('',(10.,18.,0.));
#233 = ORIENTED_EDGE('',*,*,#234,.T.);
#234 = EDGE_CURVE('',#226,#235,#237,.T.);
#235 = VERTEX_POINT('',#236);
#236 = CARTESIAN_POINT('',(16.960534979794,12.163370562164,0.));
#237 = B_SPLINE_CURVE_WITH_KNOTS('',3,(#238,#239,#240,#241),
  .UNSPECIFIED.,.F.,.F.,(4,4),(0.,1.),.PIECEWISE_BEZIER_KNOTS.);
#238 = CARTESIAN_POINT('',(10.,18.,0.));
#239 = CARTESIAN_POINT('',(10.,13.,0.));
#240 = CARTESIAN_POINT('',(13.171753887383,12.18612571739,0.));
#241 = CARTESIAN_POINT('',(19.441911936737,12.057106381239,0.));
#242 = ORIENTED_EDGE('',*,*,#243,.F.);
#243 = EDGE_CURVE('',#244,#235,#246,.T.);
#244 = VERTEX_POINT('',#245);
#245 = CARTESIAN_POINT('',(17.903801995939,20.159295001362,0.));
#246 = LINE('',#247,#248);
#247 = CARTESIAN_POINT('',(17.903801995939,20.159295001362,0.));
#248 = VECTOR('',#249,1.);
#249 = DIRECTION('',(-0.117156087198,-0.99311351377,0.));
#250 = ORIENTED_EDGE('',*,*,#251,.F.);
#251 = EDGE_CURVE('',#252,#244,#254,.T.);
#252 = VERTEX_POINT('',#253);
#253 = CARTESIAN_POINT('',(21.024867351979,19.962436997561,0.));
#254 = LINE('',#255,#256);
#255 = CARTESIAN_POINT('',(21.024867351979,19.962436997561,0.));
#256 = VECTOR('',#257,1.);
#257 = DIRECTION('',(-0.998016752274,6.294888546066E-02,0.));
#258 = ORIENTED_EDGE('',*,*,#259,.F.);
#259 = EDGE_CURVE('',#260,#252,#262,.T.);
#260 = VERTEX_POINT('',#261);
#261 = CARTESIAN_POINT('',(20.439228865134,11.983901570383,0.));
#262 = LINE('',#263,#264);
#263 = CARTESIAN_POINT('',(19.707180756577,2.010732286411,0.));
#264 = VECTOR('',#265,1.);
#265 = DIRECTION('',(7.320481085564E-02,0.997316928397,0.));
#266 = ORIENTED_EDGE('',*,*,#267,.T.);
#267 = EDGE_CURVE('',#260,#268,#270,.T.);
#268 = VERTEX_POINT('',#269);
#269 = CARTESIAN_POINT('',(33.404348934297,11.03223902926,0.));
#270 = LINE('',#271,#272);
#271 = CARTESIAN_POINT('',(19.441911936737,12.057106381239,0.));
#272 = VECTOR('',#273,1.);
#273 = DIRECTION('',(0.997316928397,-7.320481085564E-02,0.));
#274 = ORIENTED_EDGE('',*,*,#275,.T.);
#275 = EDGE_CURVE('',#268,#276,#278,.T.);
#276 = VERTEX_POINT('',#277);
#277 = CARTESIAN_POINT('',(38.272074378154,22.707222926603,0.));
#278 = B_SPLINE_CURVE_WITH_KNOTS('',3,(#279,#280,#281,#282),
  .UNSPECIFIED.,.F.,.F.,(4,4),(0.,1.),.PIECEWISE_BEZIER_KNOTS.);
#279 = CARTESIAN_POINT('',(33.404348934297,11.03223902926,0.));
#280 = CARTESIAN_POINT('',(40.385567433077,10.51980535327,0.));
#281 = CARTESIAN_POINT('',(42.673020533294,14.362663445148,0.));
#282 = CARTESIAN_POINT('',(38.272074378154,22.707222926603,0.));
#283 = ORIENTED_EDGE('',*,*,#284,.T.);
#284 = EDGE_CURVE('',#276,#285,#287,.T.);
#285 = VERTEX_POINT('',#286);
#286 = CARTESIAN_POINT('',(29.681938747267,40.,0.));
#287 = B_SPLINE_CURVE_WITH_KNOTS('',3,(#288,#289,#290,#291),
  .UNSPECIFIED.,.F.,.F.,(4,4),(0.,1.),.PIECEWISE_BEZIER_KNOTS.);
#288 = CARTESIAN_POINT('',(38.272074378154,22.707222926603,0.));
#289 = CARTESIAN_POINT('',(31.318406302955,37.255298411009,0.));
#290 = CARTESIAN_POINT('',(23.440626110215,52.873895634668,0.));
#291 = CARTESIAN_POINT('',(16.057783918766,62.144488427688,0.));
#292 = ORIENTED_EDGE('',*,*,#293,.T.);
#293 = EDGE_CURVE('',#285,#294,#296,.T.);
#294 = VERTEX_POINT('',#295);
#295 = CARTESIAN_POINT('',(39.275474364801,40.,0.));
#296 = LINE('',#297,#298);
#297 = CARTESIAN_POINT('',(11.989022879683,40.,0.));
#298 = VECTOR('',#299,1.);
#299 = DIRECTION('',(1.,0.,0.));
#300 = ORIENTED_EDGE('',*,*,#301,.T.);
#301 = EDGE_CURVE('',#294,#302,#304,.T.);
#302 = VERTEX_POINT('',#303);
#303 = CARTESIAN_POINT('',(43.771092696129,29.322417371105,0.));
#304 = B_SPLINE_CURVE_WITH_KNOTS('',3,(#305,#306,#307,#308),
  .UNSPECIFIED.,.F.,.F.,(4,4),(0.,1.),.PIECEWISE_BEZIER_KNOTS.);
#305 = CARTESIAN_POINT('',(11.707614760039,83.056530848035,0.));
#306 = CARTESIAN_POINT('',(27.603853869097,68.611352056456,0.));
#307 = CARTESIAN_POINT('',(37.814741549328,43.797288044655,0.));
#308 = CARTESIAN_POINT('',(43.771092696129,29.322417371105,0.));
#309 = ORIENTED_EDGE('',*,*,#310,.T.);
#310 = EDGE_CURVE('',#302,#311,#313,.T.);
#311 = VERTEX_POINT('',#312);
#312 = CARTESIAN_POINT('',(44.55484597905,40.,0.));
#313 = LINE('',#314,#315);
#314 = CARTESIAN_POINT('',(41.940972424738,4.389494161176,0.));
#315 = VECTOR('',#316,1.);
#316 = DIRECTION('',(7.320481085564E-02,0.997316928397,0.));
#317 = ORIENTED_EDGE('',*,*,#318,.T.);
#318 = EDGE_CURVE('',#311,#319,#321,.T.);
#319 = VERTEX_POINT('',#320);
#320 = CARTESIAN_POINT('',(51.410807357116,40.,0.));
#321 = LINE('',#322,#323);
#322 = CARTESIAN_POINT('',(11.989022879683,40.,0.));
#323 = VECTOR('',#324,1.);
#324 = DIRECTION('',(1.,0.,0.));
#325 = ORIENTED_EDGE('',*,*,#326,.T.);
#326 = EDGE_CURVE('',#319,#327,#329,.T.);
#327 = VERTEX_POINT('',#328);
#328 = CARTESIAN_POINT('',(50.212327095338,7.79312338792,0.));
#329 = B_SPLINE_CURVE_WITH_KNOTS('',3,(#330,#331,#332,#333),
  .UNSPECIFIED.,.F.,.F.,(4,4),(0.,1.),.PIECEWISE_BEZIER_KNOTS.);
#330 = CARTESIAN_POINT('',(57.047924928494,114.57923953727,0.));
#331 = CARTESIAN_POINT('',(52.564327502608,80.816873593481,0.));
#332 = CARTESIAN_POINT('',(51.118335249188,33.796568337102,0.));
#333 = CARTESIAN_POINT('',(50.212327095338,7.79312338792,0.));
#334 = ORIENTED_EDGE('',*,*,#335,.T.);
#335 = EDGE_CURVE('',#327,#122,#336,.T.);
#336 = LINE('',#337,#338);
#337 = CARTESIAN_POINT('',(50.212327095338,7.79312338792,0.));
#338 = VECTOR('',#339,1.);
#339 = DIRECTION('',(-7.320481085564E-02,-0.997316928397,0.));
#340 = ORIENTED_EDGE('',*,*,#121,.T.);
#341 = ORIENTED_EDGE('',*,*,#33,.F.);
#342 = ORIENTED_EDGE('',*,*,#343,.T.);
#343 = EDGE_CURVE('',#34,#191,#344,.T.);
#344 = LINE('',#345,#346);
#345 = CARTESIAN_POINT('',(37.512475846015,-1.301588165785,0.));
#346 = VECTOR('',#347,1.);
#347 = DIRECTION('',(-0.999246621606,3.880965355585E-02,0.));
#348 = PLANE('',#349);
#349 = AXIS2_PLACEMENT_3D('',#350,#351,#352);
#350 = CARTESIAN_POINT('',(24.978045759367,71.422733147608,0.));
#351 = DIRECTION('',(-0.,-0.,-1.));
#352 = DIRECTION('',(-1.,0.,0.));
#353 = ADVANCED_FACE('',(#354),#407,.F.);
#354 = FACE_BOUND('',#355,.F.);
#355 = EDGE_LOOP('',(#356,#364,#405,#406));
#356 = ORIENTED_EDGE('',*,*,#357,.T.);
#357 = EDGE_CURVE('',#51,#358,#360,.T.);
#358 = VERTEX_POINT('',#359);
#359 = CARTESIAN_POINT('',(37.554507181201,-0.703062170641,16.));
#360 = LINE('',#361,#362);
#361 = CARTESIAN_POINT('',(37.533491513608,-1.002325168213,15.7));
#362 = VECTOR('',#363,1.);
#363 = DIRECTION('',(4.953440355331E-02,0.705369649804,0.707106781187));
#364 = ORIENTED_EDGE('',*,*,#365,.T.);
#365 = EDGE_CURVE('',#358,#152,#366,.T.);
#366 = B_SPLINE_CURVE_WITH_KNOTS('',13,(#367,#368,#369,#370,#371,#372,
    #373,#374,#375,#376,#377,#378,#379,#380,#381,#382,#383,#384,#385,
    #386,#387,#388,#389,#390,#391,#392,#393,#394,#395,#396,#397,#398,
    #399,#400,#401,#402,#403,#404),.UNSPECIFIED.,.F.,.F.,(14,12,12,14),(
    21.887619041331,29.165795848821,36.44397265631,36.58953619246),
  .UNSPECIFIED.);
#367 = CARTESIAN_POINT('',(37.554507181201,-0.703062170641,16.));
#368 = CARTESIAN_POINT('',(38.392138137616,-0.761884590679,
    16.000000000008));
#369 = CARTESIAN_POINT('',(39.191354028048,-0.799240488054,
    15.999999999964));
#370 = CARTESIAN_POINT('',(39.952956239472,-0.815658213258,
    16.000000000097));
#371 = CARTESIAN_POINT('',(40.677743043562,-0.811665579941,
    15.999999999813));
#372 = CARTESIAN_POINT('',(41.366509063746,-0.787803837871,
    16.000000000278));
#373 = CARTESIAN_POINT('',(42.020047865657,-0.744637685817,
    15.999999999674));
#374 = CARTESIAN_POINT('',(42.639157728233,-0.682761325299,
    16.000000000308));
#375 = CARTESIAN_POINT('',(43.224650511959,-0.602800553824,
    15.999999999766));
#376 = CARTESIAN_POINT('',(43.777363727185,-0.505410899295,
    16.000000000143));
#377 = CARTESIAN_POINT('',(44.298175694555,-0.391271793851,
    15.999999999932));
#378 = CARTESIAN_POINT('',(44.788023894136,-0.26107678867,
    16.000000000023));
#379 = CARTESIAN_POINT('',(45.247926429689,-0.115519808588,
    15.999999999996));
#380 = CARTESIAN_POINT('',(46.110086881147,0.20496491407,16.000000000003
    ));
#381 = CARTESIAN_POINT('',(46.512307485701,0.37987712086,15.999999999993
    ));
#382 = CARTESIAN_POINT('',(46.887155300179,0.569039274351,
    16.000000000017));
#383 = CARTESIAN_POINT('',(47.233872657254,0.770471858355,15.99999999997
    ));
#384 = CARTESIAN_POINT('',(47.560470820512,0.988524695899,
    16.000000000041));
#385 = CARTESIAN_POINT('',(47.851921630732,1.210029911577,
    15.999999999954));
#386 = CARTESIAN_POINT('',(48.139789053102,1.459445956096,
    16.000000000043));
#387 = CARTESIAN_POINT('',(48.383327836708,1.699876331926,
    15.999999999968));
#388 = CARTESIAN_POINT('',(48.628692969406,1.973044694007,
    16.000000000019));
#389 = CARTESIAN_POINT('',(48.842127700046,2.24419057543,15.999999999992
    ));
#390 = CARTESIAN_POINT('',(49.042444307451,2.533034411395,
    16.000000000002));
#391 = CARTESIAN_POINT('',(49.226040994163,2.83382577245,16.));
#392 = CARTESIAN_POINT('',(49.399562970595,3.154727736015,
    15.999999999999));
#393 = CARTESIAN_POINT('',(49.402959933644,3.161025409469,
    16.000000000006));
#394 = CARTESIAN_POINT('',(49.406351485788,3.167328565432,
    15.999999999982));
#395 = CARTESIAN_POINT('',(49.409737645689,3.173637208378,
    16.000000000038));
#396 = CARTESIAN_POINT('',(49.413118429848,3.179951342657,
    15.999999999939));
#397 = CARTESIAN_POINT('',(49.416493858692,3.186270972844,
    16.000000000079));
#398 = CARTESIAN_POINT('',(49.419863946852,3.192596103181,
    15.999999999919));
#399 = CARTESIAN_POINT('',(49.42322871605,3.198926738313,16.000000000066
    ));
#400 = CARTESIAN_POINT('',(49.426588180769,3.205262882482,
    15.999999999958));
#401 = CARTESIAN_POINT('',(49.429942361656,3.211604540267,16.00000000002
    ));
#402 = CARTESIAN_POINT('',(49.433291275008,3.21795171601,15.999999999993
    ));
#403 = CARTESIAN_POINT('',(49.436634939632,3.224304414192,
    16.000000000002));
#404 = CARTESIAN_POINT('',(49.439973373087,3.230662639278,16.));
#405 = ORIENTED_EDGE('',*,*,#151,.T.);
#406 = ORIENTED_EDGE('',*,*,#58,.F.);
#407 = B_SPLINE_SURFACE_WITH_KNOTS('',1,13,(
    (#408,#409,#410,#411,#412,#413,#414,#415,#416,#417,#418,#419,#420
      ,#421,#422,#423,#424,#425,#426,#427,#428,#429,#430,#431,#432,#433
      ,#434,#435,#436,#437,#438,#439,#440,#441,#442,#443,#444,#445)
    ,(#446,#447,#448,#449,#450,#451,#452,#453,#454,#455,#456,#457,#458
      ,#459,#460,#461,#462,#463,#464,#465,#466,#467,#468,#469,#470,#471
      ,#472,#473,#474,#475,#476,#477,#478,#479,#480,#481,#482,#483
  )),.UNSPECIFIED.,.F.,.F.,.F.,(2,2),(14,12,12,14),(0.,14.70191715113),(
    21.887619041331,29.165795848821,36.44397265631,36.58953619246),
  .UNSPECIFIED.);
#408 = CARTESIAN_POINT('',(37.512475846015,-1.301588165785,15.4));
#409 = CARTESIAN_POINT('',(38.362233810969,-1.36396189005,
    15.400000000009));
#410 = CARTESIAN_POINT('',(39.174411975514,-1.407161963437,
    15.399999926048));
#411 = CARTESIAN_POINT('',(39.950136959224,-1.431624657528,
    15.400071481874));
#412 = CARTESIAN_POINT('',(40.690504771654,-1.437784227896,
    15.40028889657));
#413 = CARTESIAN_POINT('',(41.396636055319,-1.426042145156,
    15.400760602243));
#414 = CARTESIAN_POINT('',(42.069705913263,-1.39673612681,
    15.401643093559));
#415 = CARTESIAN_POINT('',(42.710948378721,-1.350108971753,
    15.403136989956));
#416 = CARTESIAN_POINT('',(43.321635443276,-1.286277194746,
    15.405465270352));
#417 = CARTESIAN_POINT('',(43.90303074615,-1.205199464152,
    15.408833717256));
#418 = CARTESIAN_POINT('',(44.456317817457,-1.106644839497,
    15.413373531914));
#419 = CARTESIAN_POINT('',(44.982502970847,-0.990160811916,
    15.419066154491));
#420 = CARTESIAN_POINT('',(45.482292773181,-0.855041145166,
    15.42565026363));
#421 = CARTESIAN_POINT('',(46.429599502132,-0.545545892218,
    15.439371679945));
#422 = CARTESIAN_POINT('',(46.877081414447,-0.37122155466,15.44650473708
    ));
#423 = CARTESIAN_POINT('',(47.298752171925,-0.176145577142,
    15.453213674661));
#424 = CARTESIAN_POINT('',(47.693587224244,3.954407537954E-02,
    15.458824483718));
#425 = CARTESIAN_POINT('',(48.06296882568,0.280760618142,15.46088398401)
  );
#426 = CARTESIAN_POINT('',(48.399849843435,0.540492755683,
    15.459912660666));
#427 = CARTESIAN_POINT('',(48.710377236666,0.831681106601,
    15.450355166591));
#428 = CARTESIAN_POINT('',(48.980254111372,1.139857039828,
    15.434973234963));
#429 = CARTESIAN_POINT('',(49.216559095082,1.47292733843,15.415276631907
    ));
#430 = CARTESIAN_POINT('',(49.412483360685,1.822619222322,
    15.398939255641));
#431 = CARTESIAN_POINT('',(49.571399869506,2.184127297977,
    15.390358997143));
#432 = CARTESIAN_POINT('',(49.695405951522,2.555976332688,
    15.393475524872));
#433 = CARTESIAN_POINT('',(49.78875518509,2.944760007512,15.421113802635
    ));
#434 = CARTESIAN_POINT('',(49.790572569436,2.952386953364,
    15.421665310659));
#435 = CARTESIAN_POINT('',(49.792376980369,2.960017631295,
    15.422226507055));
#436 = CARTESIAN_POINT('',(49.794168437612,2.967652036887,
    15.422797499344));
#437 = CARTESIAN_POINT('',(49.795946960068,2.975290165611,
    15.423378394685));
#438 = CARTESIAN_POINT('',(49.797712568119,2.982932013146,
    15.423969300889));
#439 = CARTESIAN_POINT('',(49.79946527997,2.990577574862,15.424570324806
    ));
#440 = CARTESIAN_POINT('',(49.801205116486,2.998226846505,
    15.425181574458));
#441 = CARTESIAN_POINT('',(49.802932095824,3.005879823439,
    15.425803156679));
#442 = CARTESIAN_POINT('',(49.804646238435,3.013536501353,
    15.426435179305));
#443 = CARTESIAN_POINT('',(49.806347563162,3.021196875706,
    15.427077749472));
#444 = CARTESIAN_POINT('',(49.808036089768,3.028860942091,
    15.427730974716));
#445 = CARTESIAN_POINT('',(49.809711837598,3.036528696039,15.4283949621)
  );
#446 = CARTESIAN_POINT('',(37.554507181201,-0.703062170641,16.));
#447 = CARTESIAN_POINT('',(38.392138137616,-0.761884590679,
    16.000000000008));
#448 = CARTESIAN_POINT('',(39.191354028048,-0.799240488054,
    15.999999999964));
#449 = CARTESIAN_POINT('',(39.952956239472,-0.815658213258,
    16.000000000097));
#450 = CARTESIAN_POINT('',(40.677743043562,-0.811665579941,
    15.999999999813));
#451 = CARTESIAN_POINT('',(41.366509063746,-0.787803837871,
    16.000000000278));
#452 = CARTESIAN_POINT('',(42.020047865657,-0.744637685817,
    15.999999999674));
#453 = CARTESIAN_POINT('',(42.639157728233,-0.682761325299,
    16.000000000308));
#454 = CARTESIAN_POINT('',(43.224650511959,-0.602800553824,
    15.999999999766));
#455 = CARTESIAN_POINT('',(43.777363727185,-0.505410899295,
    16.000000000143));
#456 = CARTESIAN_POINT('',(44.298175694555,-0.391271793851,
    15.999999999932));
#457 = CARTESIAN_POINT('',(44.788023894136,-0.26107678867,
    16.000000000023));
#458 = CARTESIAN_POINT('',(45.247926429689,-0.115519808588,
    15.999999999996));
#459 = CARTESIAN_POINT('',(46.110086881147,0.20496491407,16.000000000003
    ));
#460 = CARTESIAN_POINT('',(46.512307485701,0.37987712086,15.999999999993
    ));
#461 = CARTESIAN_POINT('',(46.887155300179,0.569039274351,
    16.000000000017));
#462 = CARTESIAN_POINT('',(47.233872657254,0.770471858355,15.99999999997
    ));
#463 = CARTESIAN_POINT('',(47.560470820512,0.988524695899,
    16.000000000041));
#464 = CARTESIAN_POINT('',(47.851921630732,1.210029911577,
    15.999999999954));
#465 = CARTESIAN_POINT('',(48.139789053102,1.459445956096,
    16.000000000043));
#466 = CARTESIAN_POINT('',(48.383327836708,1.699876331926,
    15.999999999968));
#467 = CARTESIAN_POINT('',(48.628692969406,1.973044694007,
    16.000000000019));
#468 = CARTESIAN_POINT('',(48.842127700046,2.24419057543,15.999999999992
    ));
#469 = CARTESIAN_POINT('',(49.042444307451,2.533034411395,
    16.000000000002));
#470 = CARTESIAN_POINT('',(49.226040994163,2.83382577245,16.));
#471 = CARTESIAN_POINT('',(49.399562970595,3.154727736015,
    15.999999999999));
#472 = CARTESIAN_POINT('',(49.402959933644,3.161025409469,
    16.000000000006));
#473 = CARTESIAN_POINT('',(49.406351485788,3.167328565432,
    15.999999999982));
#474 = CARTESIAN_POINT('',(49.409737645689,3.173637208378,
    16.000000000038));
#475 = CARTESIAN_POINT('',(49.413118429848,3.179951342657,
    15.999999999939));
#476 = CARTESIAN_POINT('',(49.416493858692,3.186270972844,
    16.000000000079));
#477 = CARTESIAN_POINT('',(49.419863946852,3.192596103181,
    15.999999999919));
#478 = CARTESIAN_POINT('',(49.42322871605,3.198926738313,16.000000000066
    ));
#479 = CARTESIAN_POINT('',(49.426588180769,3.205262882482,
    15.999999999958));
#480 = CARTESIAN_POINT('',(49.429942361656,3.211604540267,16.00000000002
    ));
#481 = CARTESIAN_POINT('',(49.433291275008,3.21795171601,15.999999999993
    ));
#482 = CARTESIAN_POINT('',(49.436634939632,3.224304414192,
    16.000000000002));
#483 = CARTESIAN_POINT('',(49.439973373087,3.230662639278,16.));
#484 = ADVANCED_FACE('',(#485),#503,.T.);
#485 = FACE_BOUND('',#486,.T.);
#486 = EDGE_LOOP('',(#487,#488,#496,#502));
#487 = ORIENTED_EDGE('',*,*,#42,.T.);
#488 = ORIENTED_EDGE('',*,*,#489,.T.);
#489 = EDGE_CURVE('',#43,#490,#492,.T.);
#490 = VERTEX_POINT('',#491);
#491 = CARTESIAN_POINT('',(4.,0.,4.8));
#492 = LINE('',#493,#494);
#493 = CARTESIAN_POINT('',(37.512475846015,-1.301588165785,4.8));
#494 = VECTOR('',#495,1.);
#495 = DIRECTION('',(-0.999246621606,3.880965355585E-02,0.));
#496 = ORIENTED_EDGE('',*,*,#497,.F.);
#497 = EDGE_CURVE('',#191,#490,#498,.T.);
#498 = LINE('',#499,#500);
#499 = CARTESIAN_POINT('',(4.,0.,0.));
#500 = VECTOR('',#501,1.);
#501 = DIRECTION('',(0.,0.,1.));
#502 = ORIENTED_EDGE('',*,*,#343,.F.);
#503 = PLANE('',#504);
#504 = AXIS2_PLACEMENT_3D('',#505,#506,#507);
#505 = CARTESIAN_POINT('',(37.512475846015,-1.301588165785,0.));
#506 = DIRECTION('',(-3.880965355585E-02,-0.999246621606,0.));
#507 = DIRECTION('',(-0.999246621606,3.880965355585E-02,0.));
#508 = ADVANCED_FACE('',(#509),#534,.F.);
#509 = FACE_BOUND('',#510,.F.);
#510 = EDGE_LOOP('',(#511,#512,#520,#528));
#511 = ORIENTED_EDGE('',*,*,#50,.F.);
#512 = ORIENTED_EDGE('',*,*,#513,.T.);
#513 = EDGE_CURVE('',#43,#514,#516,.T.);
#514 = VERTEX_POINT('',#515);
#515 = CARTESIAN_POINT('',(15.678627565958,0.23168825478,4.8));
#516 = LINE('',#517,#518);
#517 = CARTESIAN_POINT('',(17.719861823509,8.834310023765E-02,4.8));
#518 = VECTOR('',#519,1.);
#519 = DIRECTION('',(-0.997543325239,7.005222530915E-02,0.));
#520 = ORIENTED_EDGE('',*,*,#521,.T.);
#521 = EDGE_CURVE('',#514,#522,#524,.T.);
#522 = VERTEX_POINT('',#523);
#523 = CARTESIAN_POINT('',(15.678627565958,0.23168825478,15.4));
#524 = LINE('',#525,#526);
#525 = CARTESIAN_POINT('',(15.678627565958,0.23168825478,0.));
#526 = VECTOR('',#527,1.);
#527 = DIRECTION('',(0.,0.,1.));
#528 = ORIENTED_EDGE('',*,*,#529,.T.);
#529 = EDGE_CURVE('',#522,#51,#530,.T.);
#530 = LINE('',#531,#532);
#531 = CARTESIAN_POINT('',(15.678627565958,0.23168825478,15.4));
#532 = VECTOR('',#533,1.);
#533 = DIRECTION('',(0.997543325239,-7.005222530915E-02,0.));
#534 = PLANE('',#535);
#535 = AXIS2_PLACEMENT_3D('',#536,#537,#538);
#536 = CARTESIAN_POINT('',(15.678627565958,0.23168825478,0.));
#537 = DIRECTION('',(7.005222530915E-02,0.997543325239,0.));
#538 = DIRECTION('',(0.997543325239,-7.005222530915E-02,0.));
#539 = ADVANCED_FACE('',(#540),#566,.T.);
#540 = FACE_BOUND('',#541,.T.);
#541 = EDGE_LOOP('',(#542,#552,#558,#559,#560));
#542 = ORIENTED_EDGE('',*,*,#543,.T.);
#543 = EDGE_CURVE('',#544,#546,#548,.T.);
#544 = VERTEX_POINT('',#545);
#545 = CARTESIAN_POINT('',(50.212327095338,7.79312338792,4.8));
#546 = VERTEX_POINT('',#547);
#547 = CARTESIAN_POINT('',(50.212327095338,7.79312338792,15.4));
#548 = LINE('',#549,#550);
#549 = CARTESIAN_POINT('',(50.212327095338,7.79312338792,0.));
#550 = VECTOR('',#551,1.);
#551 = DIRECTION('',(0.,0.,1.));
#552 = ORIENTED_EDGE('',*,*,#553,.T.);
#553 = EDGE_CURVE('',#546,#130,#554,.T.);
#554 = LINE('',#555,#556);
#555 = CARTESIAN_POINT('',(50.212327095338,7.79312338792,15.4));
#556 = VECTOR('',#557,1.);
#557 = DIRECTION('',(-7.320481085564E-02,-0.997316928397,0.));
#558 = ORIENTED_EDGE('',*,*,#129,.F.);
#559 = ORIENTED_EDGE('',*,*,#335,.F.);
#560 = ORIENTED_EDGE('',*,*,#561,.T.);
#561 = EDGE_CURVE('',#327,#544,#562,.T.);
#562 = LINE('',#563,#564);
#563 = CARTESIAN_POINT('',(50.212327095338,7.79312338792,0.));
#564 = VECTOR('',#565,1.);
#565 = DIRECTION('',(0.,0.,1.));
#566 = PLANE('',#567);
#567 = AXIS2_PLACEMENT_3D('',#568,#569,#570);
#568 = CARTESIAN_POINT('',(49.992712662771,4.801172602728,8.));
#569 = DIRECTION('',(0.997316928397,-7.320481085564E-02,0.));
#570 = DIRECTION('',(7.320481085564E-02,0.997316928397,0.));
#571 = ADVANCED_FACE('',(#572),#720,.T.);
#572 = FACE_BOUND('',#573,.T.);
#573 = EDGE_LOOP('',(#574,#607,#613,#614,#615,#623,#666,#674,#682,#690,
    #698,#706,#714));
#574 = ORIENTED_EDGE('',*,*,#575,.T.);
#575 = EDGE_CURVE('',#576,#578,#580,.T.);
#576 = VERTEX_POINT('',#577);
#577 = CARTESIAN_POINT('',(16.730275682217,2.776444465964,16.));
#578 = VERTEX_POINT('',#579);
#579 = CARTESIAN_POINT('',(16.324031756266,0.787842545233,16.));
#580 = B_SPLINE_CURVE_WITH_KNOTS('',13,(#581,#582,#583,#584,#585,#586,
    #587,#588,#589,#590,#591,#592,#593,#594,#595,#596,#597,#598,#599,
    #600,#601,#602,#603,#604,#605,#606),.UNSPECIFIED.,.F.,.F.,(14,12,14)
  ,(-1.986561712536,2.017576907914,2.177269364555),.UNSPECIFIED.);
#581 = CARTESIAN_POINT('',(17.116022878541,3.721221523308,16.));
#582 = CARTESIAN_POINT('',(16.998849787769,3.483503942607,
    15.999999999998));
#583 = CARTESIAN_POINT('',(16.891638622944,3.243180870184,16.00000000001
    ));
#584 = CARTESIAN_POINT('',(16.793698514552,2.997000386023,
    15.999999999971));
#585 = CARTESIAN_POINT('',(16.705123015818,2.748201871115,
    16.000000000059));
#586 = CARTESIAN_POINT('',(16.624015479573,2.479954999328,
    15.999999999907));
#587 = CARTESIAN_POINT('',(16.553241268005,2.225753373702,
    16.000000000116));
#588 = CARTESIAN_POINT('',(16.488999944766,1.933701985323,
    15.999999999885));
#589 = CARTESIAN_POINT('',(16.433979669385,1.66073128019,16.000000000091
    ));
#590 = CARTESIAN_POINT('',(16.387118597542,1.368724351914,
    15.999999999943));
#591 = CARTESIAN_POINT('',(16.34801333345,1.078034129902,16.000000000028
    ));
#592 = CARTESIAN_POINT('',(16.316900309453,0.783178400004,15.99999999999
    ));
#593 = CARTESIAN_POINT('',(16.293358916645,0.486762728047,
    16.000000000002));
#594 = CARTESIAN_POINT('',(16.276580563923,0.177802642607,16.));
#595 = CARTESIAN_POINT('',(16.275932093527,0.16586157354,16.));
#596 = CARTESIAN_POINT('',(16.275278640985,0.153828762176,16.));
#597 = CARTESIAN_POINT('',(16.274620206296,0.141704208516,16.));
#598 = CARTESIAN_POINT('',(16.273956789459,0.12948791256,16.));
#599 = CARTESIAN_POINT('',(16.273288390475,0.117179874306,
    15.999999999999));
#600 = CARTESIAN_POINT('',(16.272615009344,0.104780093756,
    15.999999999999));
#601 = CARTESIAN_POINT('',(16.271936646066,9.228857090902E-02,
    15.999999999999));
#602 = CARTESIAN_POINT('',(16.271253300641,7.970530576549E-02,
    15.999999999999));
#603 = CARTESIAN_POINT('',(16.270564973068,6.703029832528E-02,
    15.999999999999));
#604 = CARTESIAN_POINT('',(16.269871663349,5.426354858839E-02,
    15.999999999999));
#605 = CARTESIAN_POINT('',(16.269173371482,4.140505655482E-02,
    15.999999999999));
#606 = CARTESIAN_POINT('',(16.268470097468,2.845482222457E-02,
    15.999999999999));
#607 = ORIENTED_EDGE('',*,*,#608,.T.);
#608 = EDGE_CURVE('',#578,#358,#609,.T.);
#609 = LINE('',#610,#611);
#610 = CARTESIAN_POINT('',(15.720658901144,0.830214249923,16.));
#611 = VECTOR('',#612,1.);
#612 = DIRECTION('',(0.997543325239,-7.005222530915E-02,0.));
#613 = ORIENTED_EDGE('',*,*,#365,.T.);
#614 = ORIENTED_EDGE('',*,*,#166,.F.);
#615 = ORIENTED_EDGE('',*,*,#616,.F.);
#616 = EDGE_CURVE('',#617,#167,#619,.T.);
#617 = VERTEX_POINT('',#618);
#618 = CARTESIAN_POINT('',(49.6139369383,7.837046274433,16.));
#619 = LINE('',#620,#621);
#620 = CARTESIAN_POINT('',(49.6139369383,7.837046274433,16.));
#621 = VECTOR('',#622,1.);
#622 = DIRECTION('',(-7.320481085564E-02,-0.997316928397,0.));
#623 = ORIENTED_EDGE('',*,*,#624,.F.);
#624 = EDGE_CURVE('',#625,#617,#627,.T.);
#625 = VERTEX_POINT('',#626);
#626 = CARTESIAN_POINT('',(49.837274617753,11.071796769724,16.));
#627 = B_SPLINE_CURVE_WITH_KNOTS('',13,(#628,#629,#630,#631,#632,#633,
    #634,#635,#636,#637,#638,#639,#640,#641,#642,#643,#644,#645,#646,
    #647,#648,#649,#650,#651,#652,#653,#654,#655,#656,#657,#658,#659,
    #660,#661,#662,#663,#664,#665),.UNSPECIFIED.,.F.,.F.,(14,12,12,14),(
    -1.159395076516,-8.807421775075E-02,53.477968720524,107.0440116588),
  .UNSPECIFIED.);
#628 = CARTESIAN_POINT('',(56.599551297855,115.75250528108,16.));
#629 = CARTESIAN_POINT('',(56.589174212021,115.67497004644,
    16.000000000005));
#630 = CARTESIAN_POINT('',(56.578774388413,115.59742270608,
    15.999999999977));
#631 = CARTESIAN_POINT('',(56.568357733925,115.51985262572,
    16.000000000063));
#632 = CARTESIAN_POINT('',(56.557929657138,115.4422505309,
    15.999999999875));
#633 = CARTESIAN_POINT('',(56.547495076259,115.36460852346,
    16.000000000191));
#634 = CARTESIAN_POINT('',(56.537058404276,115.28692005093,
    15.999999999769));
#635 = CARTESIAN_POINT('',(56.526623571695,115.20917995301,
    16.000000000223));
#636 = CARTESIAN_POINT('',(56.516193997579,115.13138440296,
    15.999999999828));
#637 = CARTESIAN_POINT('',(56.505772620467,115.05353096946,
    16.000000000106));
#638 = CARTESIAN_POINT('',(56.495361870638,114.97561856181,
    15.999999999951));
#639 = CARTESIAN_POINT('',(56.484963690949,114.89764747056,
    16.000000000015));
#640 = CARTESIAN_POINT('',(56.474579523874,114.81961934257,
    15.999999999999));
#641 = CARTESIAN_POINT('',(55.94575002447,110.83742973343,
    15.999999999999));
#642 = CARTESIAN_POINT('',(55.466147856534,106.80509157422,
    16.000000000015));
#643 = CARTESIAN_POINT('',(55.023499977083,102.66247934462,
    15.999999999953));
#644 = CARTESIAN_POINT('',(54.613735845731,98.415786435796,
    16.000000000098));
#645 = CARTESIAN_POINT('',(54.237879656413,94.098584987546,
    15.999999999849));
#646 = CARTESIAN_POINT('',(53.887983304991,89.696132606122,
    16.000000000182));
#647 = CARTESIAN_POINT('',(53.56852382034,85.260537708181,
    15.999999999826));
#648 = CARTESIAN_POINT('',(53.270394656733,80.77080502789,
    16.000000000133));
#649 = CARTESIAN_POINT('',(52.996284531349,76.269402572538,
    15.99999999992));
#650 = CARTESIAN_POINT('',(52.740811119034,71.755368382759,
    16.000000000038));
#651 = CARTESIAN_POINT('',(52.502888984664,67.250858646596,
    15.999999999987));
#652 = CARTESIAN_POINT('',(52.279708296243,62.768752014658,
    16.000000000003));
#653 = CARTESIAN_POINT('',(51.858205704062,53.880461242768,
    15.999999999997));
#654 = CARTESIAN_POINT('',(51.659875703639,49.474232996536,
    16.000000000012));
#655 = CARTESIAN_POINT('',(51.471570505579,45.12102797035,
    15.999999999969));
#656 = CARTESIAN_POINT('',(51.290896620711,40.835964669603,
    16.000000000059));
#657 = CARTESIAN_POINT('',(51.115460541905,36.634166880538,
    15.999999999913));
#658 = CARTESIAN_POINT('',(50.942869209642,32.53076595235,16.0000000001)
  );
#659 = CARTESIAN_POINT('',(50.770731283793,28.540905513332,
    15.99999999991));
#660 = CARTESIAN_POINT('',(50.596657842731,24.679745201393,
    16.000000000065));
#661 = CARTESIAN_POINT('',(50.4182623305,20.962463532618,15.999999999963
    ));
#662 = CARTESIAN_POINT('',(50.233160893666,17.40426360754,
    16.000000000017));
#663 = CARTESIAN_POINT('',(50.038975448277,14.020388899776,
    15.999999999994));
#664 = CARTESIAN_POINT('',(49.833343121437,10.826159941655,
    16.000000000001));
#665 = CARTESIAN_POINT('',(49.6139369383,7.837046274433,16.));
#666 = ORIENTED_EDGE('',*,*,#667,.F.);
#667 = EDGE_CURVE('',#668,#625,#670,.T.);
#668 = VERTEX_POINT('',#669);
#669 = CARTESIAN_POINT('',(43.033079324286,11.071796769724,16.));
#670 = LINE('',#671,#672);
#671 = CARTESIAN_POINT('',(8.,11.071796769724,16.));
#672 = VECTOR('',#673,1.);
#673 = DIRECTION('',(1.,0.,2.22044604925E-16));
#674 = ORIENTED_EDGE('',*,*,#675,.F.);
#675 = EDGE_CURVE('',#676,#668,#678,.T.);
#676 = VERTEX_POINT('',#677);
#677 = CARTESIAN_POINT('',(42.495439695263,3.747181117624,16.));
#678 = LINE('',#679,#680);
#679 = CARTESIAN_POINT('',(42.539362581776,4.345571274663,16.));
#680 = VECTOR('',#681,1.);
#681 = DIRECTION('',(7.320481085564E-02,0.997316928397,0.));
#682 = ORIENTED_EDGE('',*,*,#683,.T.);
#683 = EDGE_CURVE('',#676,#684,#686,.T.);
#684 = VERTEX_POINT('',#685);
#685 = CARTESIAN_POINT('',(19.357686956448,5.445532729475,16.));
#686 = LINE('',#687,#688);
#687 = CARTESIAN_POINT('',(41.897049538225,3.791104004138,16.));
#688 = VECTOR('',#689,1.);
#689 = DIRECTION('',(-0.997316928397,7.320481085564E-02,0.));
#690 = ORIENTED_EDGE('',*,*,#691,.T.);
#691 = EDGE_CURVE('',#684,#692,#694,.T.);
#692 = VERTEX_POINT('',#693);
#693 = CARTESIAN_POINT('',(19.770664599926,11.071796769724,16.));
#694 = LINE('',#695,#696);
#695 = CARTESIAN_POINT('',(19.401609842962,6.043922886513,16.));
#696 = VECTOR('',#697,1.);
#697 = DIRECTION('',(7.320481085564E-02,0.997316928397,0.));
#698 = ORIENTED_EDGE('',*,*,#699,.F.);
#699 = EDGE_CURVE('',#700,#692,#702,.T.);
#700 = VERTEX_POINT('',#701);
#701 = CARTESIAN_POINT('',(17.435924226888,11.071796769724,16.));
#702 = LINE('',#703,#704);
#703 = CARTESIAN_POINT('',(8.,11.071796769724,16.));
#704 = VECTOR('',#705,1.);
#705 = DIRECTION('',(1.,0.,2.22044604925E-16));
#706 = ORIENTED_EDGE('',*,*,#707,.T.);
#707 = EDGE_CURVE('',#700,#708,#710,.T.);
#708 = VERTEX_POINT('',#709);
#709 = CARTESIAN_POINT('',(16.459105020692,2.791455753004,16.));
#710 = LINE('',#711,#712);
#711 = CARTESIAN_POINT('',(18.499670104201,20.089001349043,16.));
#712 = VECTOR('',#713,1.);
#713 = DIRECTION('',(-0.117156087198,-0.99311351377,0.));
#714 = ORIENTED_EDGE('',*,*,#715,.T.);
#715 = EDGE_CURVE('',#708,#576,#716,.T.);
#716 = LINE('',#717,#718);
#717 = CARTESIAN_POINT('',(15.821598412389,2.826746424323,16.));
#718 = VECTOR('',#719,1.);
#719 = DIRECTION('',(0.998471294913,-5.527271691189E-02,0.));
#720 = PLANE('',#721);
#721 = AXIS2_PLACEMENT_3D('',#722,#723,#724);
#722 = CARTESIAN_POINT('',(43.508888312561,48.445322101519,16.));
#723 = DIRECTION('',(0.,0.,1.));
#724 = DIRECTION('',(1.,0.,0.));
#725 = ADVANCED_FACE('',(#726),#736,.T.);
#726 = FACE_BOUND('',#727,.F.);
#727 = EDGE_LOOP('',(#728,#733,#734,#735));
#728 = ORIENTED_EDGE('',*,*,#729,.F.);
#729 = EDGE_CURVE('',#546,#617,#730,.T.);
#730 = B_SPLINE_CURVE_WITH_KNOTS('',1,(#731,#732),.UNSPECIFIED.,.F.,.F.,
  (2,2),(0.,108.20340673531),.PIECEWISE_BEZIER_KNOTS.);
#731 = CARTESIAN_POINT('',(50.212327095338,7.79312338792,15.4));
#732 = CARTESIAN_POINT('',(49.6139369383,7.837046274433,16.));
#733 = ORIENTED_EDGE('',*,*,#553,.T.);
#734 = ORIENTED_EDGE('',*,*,#174,.T.);
#735 = ORIENTED_EDGE('',*,*,#616,.F.);
#736 = PLANE('',#737);
#737 = AXIS2_PLACEMENT_3D('',#738,#739,#740);
#738 = CARTESIAN_POINT('',(49.913132016819,7.815084831176,15.7));
#739 = DIRECTION('',(0.705209563062,-5.17636181715E-02,0.707106781187));
#740 = DIRECTION('',(7.320481085564E-02,0.997316928397,
    1.040834085586E-16));
#741 = ADVANCED_FACE('',(#742),#761,.T.);
#742 = FACE_BOUND('',#743,.T.);
#743 = EDGE_LOOP('',(#744,#745,#754,#760));
#744 = ORIENTED_EDGE('',*,*,#497,.T.);
#745 = ORIENTED_EDGE('',*,*,#746,.T.);
#746 = EDGE_CURVE('',#490,#747,#749,.T.);
#747 = VERTEX_POINT('',#748);
#748 = CARTESIAN_POINT('',(0.,4.,4.8));
#749 = B_SPLINE_CURVE_WITH_KNOTS('',3,(#750,#751,#752,#753),
  .UNSPECIFIED.,.F.,.F.,(4,4),(0.,1.),.PIECEWISE_BEZIER_KNOTS.);
#750 = CARTESIAN_POINT('',(4.,0.,4.8));
#751 = CARTESIAN_POINT('',(1.8,0.,4.8));
#752 = CARTESIAN_POINT('',(0.,1.8,4.8));
#753 = CARTESIAN_POINT('',(0.,4.,4.8));
#754 = ORIENTED_EDGE('',*,*,#755,.F.);
#755 = EDGE_CURVE('',#193,#747,#756,.T.);
#756 = LINE('',#757,#758);
#757 = CARTESIAN_POINT('',(0.,4.,0.));
#758 = VECTOR('',#759,1.);
#759 = DIRECTION('',(0.,0.,1.));
#760 = ORIENTED_EDGE('',*,*,#190,.F.);
#761 = SURFACE_OF_LINEAR_EXTRUSION('',#762,#767);
#762 = B_SPLINE_CURVE_WITH_KNOTS('',3,(#763,#764,#765,#766),
  .UNSPECIFIED.,.F.,.F.,(4,4),(0.,1.),.PIECEWISE_BEZIER_KNOTS.);
#763 = CARTESIAN_POINT('',(4.,0.,0.));
#764 = CARTESIAN_POINT('',(1.8,0.,0.));
#765 = CARTESIAN_POINT('',(0.,1.8,0.));
#766 = CARTESIAN_POINT('',(0.,4.,0.));
#767 = VECTOR('',#768,1.);
#768 = DIRECTION('',(-0.,-0.,-1.));
#769 = ADVANCED_FACE('',(#770),#831,.T.);
#770 = FACE_BOUND('',#771,.T.);
#771 = EDGE_LOOP('',(#772,#773,#783,#792,#823,#830));
#772 = ORIENTED_EDGE('',*,*,#326,.F.);
#773 = ORIENTED_EDGE('',*,*,#774,.F.);
#774 = EDGE_CURVE('',#775,#319,#777,.T.);
#775 = VERTEX_POINT('',#776);
#776 = CARTESIAN_POINT('',(51.410807357116,40.,4.8));
#777 = B_SPLINE_CURVE_WITH_KNOTS('',4,(#778,#779,#780,#781,#782),
  .UNSPECIFIED.,.F.,.F.,(5,5),(0.,1.),.PIECEWISE_BEZIER_KNOTS.);
#778 = CARTESIAN_POINT('',(51.410807357116,40.,4.800341964375));
#779 = CARTESIAN_POINT('',(51.410807357116,40.,3.600170982187));
#780 = CARTESIAN_POINT('',(51.410807357116,40.,2.4));
#781 = CARTESIAN_POINT('',(51.410807357116,40.,1.199829017813));
#782 = CARTESIAN_POINT('',(51.410807357116,40.,-3.419643738964E-04));
#783 = ORIENTED_EDGE('',*,*,#784,.T.);
#784 = EDGE_CURVE('',#775,#785,#787,.T.);
#785 = VERTEX_POINT('',#786);
#786 = CARTESIAN_POINT('',(50.689543571242,21.487119154833,4.8));
#787 = B_SPLINE_CURVE_WITH_KNOTS('',3,(#788,#789,#790,#791),
  .UNSPECIFIED.,.F.,.F.,(4,4),(0.,1.),.PIECEWISE_BEZIER_KNOTS.);
#788 = CARTESIAN_POINT('',(57.047924928494,114.57923953727,4.8));
#789 = CARTESIAN_POINT('',(52.564327502608,80.816873593481,4.8));
#790 = CARTESIAN_POINT('',(51.118335249188,33.796568337102,4.8));
#791 = CARTESIAN_POINT('',(50.212327095338,7.79312338792,4.8));
#792 = ORIENTED_EDGE('',*,*,#793,.T.);
#793 = EDGE_CURVE('',#785,#794,#796,.T.);
#794 = VERTEX_POINT('',#795);
#795 = CARTESIAN_POINT('',(50.444631881216,14.512880845167,4.8));
#796 = B_SPLINE_CURVE_WITH_KNOTS('',5,(#797,#798,#799,#800,#801,#802,
    #803,#804,#805,#806,#807,#808,#809,#810,#811,#812,#813,#814,#815,
    #816,#817,#818,#819,#820,#821,#822),.UNSPECIFIED.,.F.,.F.,(6,4,4,4,4
    ,4,6),(0.,0.179148713983,0.281995175187,0.501449733147,
    0.718126519999,0.820938506642,1.),.UNSPECIFIED.);
#797 = CARTESIAN_POINT('',(50.68956880442,21.487823749527,4.80034129335)
  );
#798 = CARTESIAN_POINT('',(50.681678424889,21.267498503933,
    4.693606286107));
#799 = CARTESIAN_POINT('',(50.673558918486,21.040357567452,
    4.593975650877));
#800 = CARTESIAN_POINT('',(50.665221361414,20.806669917103,
    4.502094626187));
#801 = CARTESIAN_POINT('',(50.656682502298,20.566868043461,
    4.418650037397));
#802 = CARTESIAN_POINT('',(50.64296344475,20.180824033503,4.301581170054
    ));
#803 = CARTESIAN_POINT('',(50.637901722589,20.038234340882,
    4.261874753081));
#804 = CARTESIAN_POINT('',(50.63278644668,19.89397625094,4.225278356667)
  );
#805 = CARTESIAN_POINT('',(50.627623052036,19.748199367571,
    4.191905075129));
#806 = CARTESIAN_POINT('',(50.611310888868,19.287153837438,
    4.097728410177));
#807 = CARTESIAN_POINT('',(50.600012211048,18.967076721649,4.04871964455
    ));
#808 = CARTESIAN_POINT('',(50.588585969963,18.642641005806,
    4.015802994737));
#809 = CARTESIAN_POINT('',(50.577104538665,18.315914691387,
    3.999569231756));
#810 = CARTESIAN_POINT('',(50.554339582368,17.666767080609,
    4.000439606588));
#811 = CARTESIAN_POINT('',(50.543052556476,17.344262695869,
    4.017124411012));
#812 = CARTESIAN_POINT('',(50.531866930156,17.02404218511,4.050058090561
    ));
#813 = CARTESIAN_POINT('',(50.520849483522,16.708093712566,
    4.098667189976));
#814 = CARTESIAN_POINT('',(50.504936706775,16.25107301399,4.19206894317)
  );
#815 = CARTESIAN_POINT('',(50.499866424498,16.105345378945,
    4.225445002453));
#816 = CARTESIAN_POINT('',(50.494852427456,15.961135690873,
    4.262042045343));
#817 = CARTESIAN_POINT('',(50.489899598901,15.818593440977,
    4.301747079671));
#818 = CARTESIAN_POINT('',(50.476499690617,15.432713843215,
    4.418795597642));
#819 = CARTESIAN_POINT('',(50.468185333419,15.193025155135,
    4.502214556108));
#820 = CARTESIAN_POINT('',(50.460090465178,14.959445124413,
    4.594062204665));
#821 = CARTESIAN_POINT('',(50.452228518398,14.732405877,4.693652608088)
  );
#822 = CARTESIAN_POINT('',(50.444607498781,14.512176250473,4.80034129335
    ));
#823 = ORIENTED_EDGE('',*,*,#824,.T.);
#824 = EDGE_CURVE('',#794,#544,#825,.T.);
#825 = B_SPLINE_CURVE_WITH_KNOTS('',3,(#826,#827,#828,#829),
  .UNSPECIFIED.,.F.,.F.,(4,4),(0.,1.),.PIECEWISE_BEZIER_KNOTS.);
#826 = CARTESIAN_POINT('',(57.047924928494,114.57923953727,4.8));
#827 = CARTESIAN_POINT('',(52.564327502608,80.816873593481,4.8));
#828 = CARTESIAN_POINT('',(51.118335249188,33.796568337102,4.8));
#829 = CARTESIAN_POINT('',(50.212327095338,7.79312338792,4.8));
#830 = ORIENTED_EDGE('',*,*,#561,.F.);
#831 = SURFACE_OF_LINEAR_EXTRUSION('',#832,#837);
#832 = B_SPLINE_CURVE_WITH_KNOTS('',3,(#833,#834,#835,#836),
  .UNSPECIFIED.,.F.,.F.,(4,4),(0.,1.),.PIECEWISE_BEZIER_KNOTS.);
#833 = CARTESIAN_POINT('',(57.047924928494,114.57923953727,0.));
#834 = CARTESIAN_POINT('',(52.564327502608,80.816873593481,0.));
#835 = CARTESIAN_POINT('',(51.118335249188,33.796568337102,0.));
#836 = CARTESIAN_POINT('',(50.212327095338,7.79312338792,0.));
#837 = VECTOR('',#838,1.);
#838 = DIRECTION('',(-0.,-0.,-1.));
#839 = ADVANCED_FACE('',(#840),#886,.T.);
#840 = FACE_BOUND('',#841,.T.);
#841 = EDGE_LOOP('',(#842,#843,#851,#859,#867,#877,#885));
#842 = ORIENTED_EDGE('',*,*,#318,.F.);
#843 = ORIENTED_EDGE('',*,*,#844,.F.);
#844 = EDGE_CURVE('',#845,#311,#847,.T.);
#845 = VERTEX_POINT('',#846);
#846 = CARTESIAN_POINT('',(44.55484597905,40.,15.4));
#847 = LINE('',#848,#849);
#848 = CARTESIAN_POINT('',(44.55484597905,40.,-0.5));
#849 = VECTOR('',#850,1.);
#850 = DIRECTION('',(0.,0.,-1.));
#851 = ORIENTED_EDGE('',*,*,#852,.T.);
#852 = EDGE_CURVE('',#845,#853,#855,.T.);
#853 = VERTEX_POINT('',#854);
#854 = CARTESIAN_POINT('',(45.156460152956,40.,16.));
#855 = LINE('',#856,#857);
#856 = CARTESIAN_POINT('',(28.530326975895,40.,-0.581524071269));
#857 = VECTOR('',#858,1.);
#858 = DIRECTION('',(0.708056025688,0.,0.706156260672));
#859 = ORIENTED_EDGE('',*,*,#860,.F.);
#860 = EDGE_CURVE('',#861,#853,#863,.T.);
#861 = VERTEX_POINT('',#862);
#862 = CARTESIAN_POINT('',(51.256976736832,40.,16.));
#863 = LINE('',#864,#865);
#864 = CARTESIAN_POINT('',(21.25444415628,40.,16.));
#865 = VECTOR('',#866,1.);
#866 = DIRECTION('',(-1.,0.,0.));
#867 = ORIENTED_EDGE('',*,*,#868,.T.);
#868 = EDGE_CURVE('',#861,#869,#871,.T.);
#869 = VERTEX_POINT('',#870);
#870 = CARTESIAN_POINT('',(51.410807358725,40.,15.598991391606));
#871 = B_SPLINE_CURVE_WITH_KNOTS('',4,(#872,#873,#874,#875,#876),
  .UNSPECIFIED.,.F.,.F.,(5,5),(0.,1.),.PIECEWISE_BEZIER_KNOTS.);
#872 = CARTESIAN_POINT('',(51.256976736832,40.,16.));
#873 = CARTESIAN_POINT('',(51.295434150579,40.,15.899748093909));
#874 = CARTESIAN_POINT('',(51.333891723688,40.,15.799496025802));
#875 = CARTESIAN_POINT('',(51.372349458842,40.,15.699243792695));
#876 = CARTESIAN_POINT('',(51.410807358725,40.,15.598991391606));
#877 = ORIENTED_EDGE('',*,*,#878,.T.);
#878 = EDGE_CURVE('',#869,#775,#879,.T.);
#879 = B_SPLINE_CURVE_WITH_KNOTS('',4,(#880,#881,#882,#883,#884),
  .UNSPECIFIED.,.F.,.F.,(5,5),(0.,1.),.PIECEWISE_BEZIER_KNOTS.);
#880 = CARTESIAN_POINT('',(51.410807357116,40.,15.60757846135));
#881 = CARTESIAN_POINT('',(51.410807357116,40.,12.905598354919));
#882 = CARTESIAN_POINT('',(51.410807357116,40.,10.203618248488));
#883 = CARTESIAN_POINT('',(51.410807357116,40.,7.501638142057));
#884 = CARTESIAN_POINT('',(51.410807357116,40.,4.799658035626));
#885 = ORIENTED_EDGE('',*,*,#774,.T.);
#886 = PLANE('',#887);
#887 = AXIS2_PLACEMENT_3D('',#888,#889,#890);
#888 = CARTESIAN_POINT('',(-1.,40.,-1.));
#889 = DIRECTION('',(0.,1.,0.));
#890 = DIRECTION('',(0.,0.,1.));
#891 = ADVANCED_FACE('',(#892),#927,.T.);
#892 = FACE_BOUND('',#893,.T.);
#893 = EDGE_LOOP('',(#894,#905,#911,#912,#913,#921));
#894 = ORIENTED_EDGE('',*,*,#895,.F.);
#895 = EDGE_CURVE('',#896,#898,#900,.T.);
#896 = VERTEX_POINT('',#897);
#897 = CARTESIAN_POINT('',(43.471549642097,25.241546796093,15.4));
#898 = VERTEX_POINT('',#899);
#899 = CARTESIAN_POINT('',(43.195968071661,21.487119154833,4.8));
#900 = ELLIPSE('',#901,8.021522318745,8.);
#901 = AXIS2_PLACEMENT_3D('',#902,#903,#904);
#902 = CARTESIAN_POINT('',(42.940007412725,18.,12.));
#903 = DIRECTION('',(-0.997316928397,7.320481085564E-02,0.));
#904 = DIRECTION('',(-7.320481085564E-02,-0.997316928397,
    -3.033196894162E-15));
#905 = ORIENTED_EDGE('',*,*,#906,.T.);
#906 = EDGE_CURVE('',#896,#845,#907,.T.);
#907 = LINE('',#908,#909);
#908 = CARTESIAN_POINT('',(41.940972424738,4.389494161176,15.4));
#909 = VECTOR('',#910,1.);
#910 = DIRECTION('',(7.320481085564E-02,0.997316928397,0.));
#911 = ORIENTED_EDGE('',*,*,#844,.T.);
#912 = ORIENTED_EDGE('',*,*,#310,.F.);
#913 = ORIENTED_EDGE('',*,*,#914,.T.);
#914 = EDGE_CURVE('',#302,#915,#917,.T.);
#915 = VERTEX_POINT('',#916);
#916 = CARTESIAN_POINT('',(43.771092696129,29.322417371105,4.8));
#917 = LINE('',#918,#919);
#918 = CARTESIAN_POINT('',(43.771092696129,29.322417371105,0.));
#919 = VECTOR('',#920,1.);
#920 = DIRECTION('',(0.,0.,1.));
#921 = ORIENTED_EDGE('',*,*,#922,.T.);
#922 = EDGE_CURVE('',#915,#898,#923,.T.);
#923 = LINE('',#924,#925);
#924 = CARTESIAN_POINT('',(44.30464870166,36.591399154461,4.8));
#925 = VECTOR('',#926,1.);
#926 = DIRECTION('',(-7.320481085564E-02,-0.997316928397,0.));
#927 = PLANE('',#928);
#928 = AXIS2_PLACEMENT_3D('',#929,#930,#931);
#929 = CARTESIAN_POINT('',(41.940972424738,4.389494161176,0.));
#930 = DIRECTION('',(-0.997316928397,7.320481085564E-02,0.));
#931 = DIRECTION('',(7.320481085564E-02,0.997316928397,0.));
#932 = ADVANCED_FACE('',(#933),#982,.T.);
#933 = FACE_BOUND('',#934,.T.);
#934 = EDGE_LOOP('',(#935,#936,#946,#981));
#935 = ORIENTED_EDGE('',*,*,#301,.F.);
#936 = ORIENTED_EDGE('',*,*,#937,.F.);
#937 = EDGE_CURVE('',#938,#294,#940,.T.);
#938 = VERTEX_POINT('',#939);
#939 = CARTESIAN_POINT('',(39.275474360317,40.,4.8));
#940 = B_SPLINE_CURVE_WITH_KNOTS('',4,(#941,#942,#943,#944,#945),
  .UNSPECIFIED.,.F.,.F.,(5,5),(0.,1.),.PIECEWISE_BEZIER_KNOTS.);
#941 = CARTESIAN_POINT('',(39.275474364801,40.,4.800341964374));
#942 = CARTESIAN_POINT('',(39.275474364801,40.,3.600170982187));
#943 = CARTESIAN_POINT('',(39.275474364801,40.,2.4));
#944 = CARTESIAN_POINT('',(39.275474364801,40.,1.199829017813));
#945 = CARTESIAN_POINT('',(39.275474364801,40.,-3.419643738964E-04));
#946 = ORIENTED_EDGE('',*,*,#947,.F.);
#947 = EDGE_CURVE('',#915,#938,#948,.T.);
#948 = B_SPLINE_CURVE_WITH_KNOTS('',7,(#949,#950,#951,#952,#953,#954,
    #955,#956,#957,#958,#959,#960,#961,#962,#963,#964,#965,#966,#967,
    #968,#969,#970,#971,#972,#973,#974,#975,#976,#977,#978,#979,#980),
  .UNSPECIFIED.,.F.,.F.,(8,6,6,6,6,8),(0.,8.200585797664E-02,
    0.261326491391,0.461476294026,0.733031743585,1.),.UNSPECIFIED.);
#949 = CARTESIAN_POINT('',(43.771092696129,29.322417371105,4.8));
#950 = CARTESIAN_POINT('',(43.48993036574,30.005686082159,4.8));
#951 = CARTESIAN_POINT('',(43.208764711122,30.688962488661,4.8));
#952 = CARTESIAN_POINT('',(42.927271847229,31.372112543654,4.8));
#953 = CARTESIAN_POINT('',(42.645202068842,32.055032079928,4.8));
#954 = CARTESIAN_POINT('',(42.362349818257,32.737634311972,4.8));
#955 = CARTESIAN_POINT('',(42.078536703554,33.41984276614,4.8));
#956 = CARTESIAN_POINT('',(41.170558502113,35.592352422282,4.8));
#957 = CARTESIAN_POINT('',(40.542173512688,37.080904922015,4.8));
#958 = CARTESIAN_POINT('',(39.906827324338,38.566536982528,4.8));
#959 = CARTESIAN_POINT('',(39.263375533774,40.048712401478,4.8));
#960 = CARTESIAN_POINT('',(38.61080990226,41.526919963807,4.8));
#961 = CARTESIAN_POINT('',(37.948234682775,43.000662962608,4.8));
#962 = CARTESIAN_POINT('',(36.523122114078,46.108796355918,4.8));
#963 = CARTESIAN_POINT('',(35.75791592948,47.74195683015,4.8));
#964 = CARTESIAN_POINT('',(34.977973903039,49.368211419328,4.8));
#965 = CARTESIAN_POINT('',(34.182165720104,50.986823430186,4.8));
#966 = CARTESIAN_POINT('',(33.369364251107,52.596984813423,4.8));
#967 = CARTESIAN_POINT('',(32.538398187932,54.197792932475,4.8));
#968 = CARTESIAN_POINT('',(30.534264839323,57.946086100966,4.8));
#969 = CARTESIAN_POINT('',(29.344859785326,60.084701069169,4.8));
#970 = CARTESIAN_POINT('',(28.116605965333,62.201734862084,4.8));
#971 = CARTESIAN_POINT('',(26.84617525972,64.294170055886,4.8));
#972 = CARTESIAN_POINT('',(25.52997026284,66.35823010676,4.8));
#973 = CARTESIAN_POINT('',(24.164006880298,68.389307248222,4.8));
#974 = CARTESIAN_POINT('',(21.347201754085,72.340579899363,4.8));
#975 = CARTESIAN_POINT('',(19.898558492841,74.261542534425,4.8));
#976 = CARTESIAN_POINT('',(18.392993341194,76.139755761913,4.8));
#977 = CARTESIAN_POINT('',(16.825832976204,77.968315640536,4.8));
#978 = CARTESIAN_POINT('',(15.192390974599,79.738298423625,4.8));
#979 = CARTESIAN_POINT('',(13.487930644592,81.438727977719,4.8));
#980 = CARTESIAN_POINT('',(11.707614760039,83.056530848035,4.8));
#981 = ORIENTED_EDGE('',*,*,#914,.F.);
#982 = SURFACE_OF_LINEAR_EXTRUSION('',#983,#988);
#983 = B_SPLINE_CURVE_WITH_KNOTS('',3,(#984,#985,#986,#987),
  .UNSPECIFIED.,.F.,.F.,(4,4),(0.,1.),.PIECEWISE_BEZIER_KNOTS.);
#984 = CARTESIAN_POINT('',(11.707614760039,83.056530848035,0.));
#985 = CARTESIAN_POINT('',(27.603853869097,68.611352056456,0.));
#986 = CARTESIAN_POINT('',(37.814741549328,43.797288044655,0.));
#987 = CARTESIAN_POINT('',(43.771092696129,29.322417371105,0.));
#988 = VECTOR('',#989,1.);
#989 = DIRECTION('',(-0.,-0.,-1.));
#990 = ADVANCED_FACE('',(#991),#1011,.T.);
#991 = FACE_BOUND('',#992,.T.);
#992 = EDGE_LOOP('',(#993,#994,#1004,#1010));
#993 = ORIENTED_EDGE('',*,*,#293,.F.);
#994 = ORIENTED_EDGE('',*,*,#995,.F.);
#995 = EDGE_CURVE('',#996,#285,#998,.T.);
#996 = VERTEX_POINT('',#997);
#997 = CARTESIAN_POINT('',(29.681938733409,40.,4.8));
#998 = B_SPLINE_CURVE_WITH_KNOTS('',4,(#999,#1000,#1001,#1002,#1003),
  .UNSPECIFIED.,.F.,.F.,(5,5),(0.,1.),.PIECEWISE_BEZIER_KNOTS.);
#999 = CARTESIAN_POINT('',(29.681938747267,40.,4.800341964374));
#1000 = CARTESIAN_POINT('',(29.681938747267,40.,3.600170982187));
#1001 = CARTESIAN_POINT('',(29.681938747267,40.,2.4));
#1002 = CARTESIAN_POINT('',(29.681938747267,40.,1.199829017813));
#1003 = CARTESIAN_POINT('',(29.681938747267,40.,-3.419643738964E-04));
#1004 = ORIENTED_EDGE('',*,*,#1005,.F.);
#1005 = EDGE_CURVE('',#938,#996,#1006,.T.);
#1006 = LINE('',#1007,#1008);
#1007 = CARTESIAN_POINT('',(9.080162250138,40.,4.8));
#1008 = VECTOR('',#1009,1.);
#1009 = DIRECTION('',(-1.,0.,0.));
#1010 = ORIENTED_EDGE('',*,*,#937,.T.);
#1011 = PLANE('',#1012);
#1012 = AXIS2_PLACEMENT_3D('',#1013,#1014,#1015);
#1013 = CARTESIAN_POINT('',(-1.,40.,-1.));
#1014 = DIRECTION('',(0.,1.,0.));
#1015 = DIRECTION('',(0.,0.,1.));
#1016 = ADVANCED_FACE('',(#1017),#1062,.T.);
#1017 = FACE_BOUND('',#1018,.T.);
#1018 = EDGE_LOOP('',(#1019,#1020,#1028,#1061));
#1019 = ORIENTED_EDGE('',*,*,#284,.F.);
#1020 = ORIENTED_EDGE('',*,*,#1021,.T.);
#1021 = EDGE_CURVE('',#276,#1022,#1024,.T.);
#1022 = VERTEX_POINT('',#1023);
#1023 = CARTESIAN_POINT('',(38.272074378154,22.707222926603,4.8));
#1024 = LINE('',#1025,#1026);
#1025 = CARTESIAN_POINT('',(38.272074378154,22.707222926603,0.));
#1026 = VECTOR('',#1027,1.);
#1027 = DIRECTION('',(0.,0.,1.));
#1028 = ORIENTED_EDGE('',*,*,#1029,.F.);
#1029 = EDGE_CURVE('',#996,#1022,#1030,.T.);
#1030 = B_SPLINE_CURVE_WITH_KNOTS('',8,(#1031,#1032,#1033,#1034,#1035,
    #1036,#1037,#1038,#1039,#1040,#1041,#1042,#1043,#1044,#1045,#1046,
    #1047,#1048,#1049,#1050,#1051,#1052,#1053,#1054,#1055,#1056,#1057,
    #1058,#1059,#1060),.UNSPECIFIED.,.F.,.F.,(9,7,7,7,9),(0.,
    0.150911224113,0.321027077553,0.786497947249,1.),.UNSPECIFIED.);
#1031 = CARTESIAN_POINT('',(16.057783918766,62.144488427688,4.8));
#1032 = CARTESIAN_POINT('',(16.590581353982,61.475457729894,4.8));
#1033 = CARTESIAN_POINT('',(17.11229414504,60.797623032207,4.8));
#1034 = CARTESIAN_POINT('',(17.624087499139,60.112185059555,4.8));
#1035 = CARTESIAN_POINT('',(18.126873470627,59.420091455725,4.8));
#1036 = CARTESIAN_POINT('',(18.621413561517,58.722111996266,4.8));
#1037 = CARTESIAN_POINT('',(19.108368522845,58.018874927862,4.8));
#1038 = CARTESIAN_POINT('',(19.588322212794,57.310884359465,4.8));
#1039 = CARTESIAN_POINT('',(20.595545070954,55.795541355997,4.8));
#1040 = CARTESIAN_POINT('',(21.121029812242,54.987059982351,4.8));
#1041 = CARTESIAN_POINT('',(21.638996529436,54.173703517076,4.8));
#1042 = CARTESIAN_POINT('',(22.150056270774,53.355976510785,4.8));
#1043 = CARTESIAN_POINT('',(22.654731133089,52.534301690706,4.8));
#1044 = CARTESIAN_POINT('',(23.153480357927,51.709036357723,4.8));
#1045 = CARTESIAN_POINT('',(23.646716585395,50.880482546848,4.8));
#1046 = CARTESIAN_POINT('',(25.470339297782,47.773490655011,4.8));
#1047 = CARTESIAN_POINT('',(26.767236450332,45.475597148496,4.8));
#1048 = CARTESIAN_POINT('',(28.033195704704,43.160306370561,4.8));
#1049 = CARTESIAN_POINT('',(29.273182582568,40.830998209677,4.8));
#1050 = CARTESIAN_POINT('',(30.491191294575,38.490285021494,4.8));
#1051 = CARTESIAN_POINT('',(31.690445989748,36.1401172153,4.8));
#1052 = CARTESIAN_POINT('',(32.873809761399,33.78200694159,4.8));
#1053 = CARTESIAN_POINT('',(34.580631814696,30.332365792435,4.8));
#1054 = CARTESIAN_POINT('',(35.114531822622,29.246242455004,4.8));
#1055 = CARTESIAN_POINT('',(35.645869536947,28.158861790883,4.8));
#1056 = CARTESIAN_POINT('',(36.174878213257,27.070346912364,4.8));
#1057 = CARTESIAN_POINT('',(36.701782736018,25.980814548806,4.8));
#1058 = CARTESIAN_POINT('',(37.22680341464,24.89037689564,4.8));
#1059 = CARTESIAN_POINT('',(37.750159779529,23.799143463375,4.8));
#1060 = CARTESIAN_POINT('',(38.272074378154,22.707222926603,4.8));
#1061 = ORIENTED_EDGE('',*,*,#995,.T.);
#1062 = SURFACE_OF_LINEAR_EXTRUSION('',#1063,#1068);
#1063 = B_SPLINE_CURVE_WITH_KNOTS('',3,(#1064,#1065,#1066,#1067),
  .UNSPECIFIED.,.F.,.F.,(4,4),(0.,1.),.PIECEWISE_BEZIER_KNOTS.);
#1064 = CARTESIAN_POINT('',(38.272074378154,22.707222926603,0.));
#1065 = CARTESIAN_POINT('',(31.318406302955,37.255298411009,0.));
#1066 = CARTESIAN_POINT('',(23.440626110215,52.873895634668,0.));
#1067 = CARTESIAN_POINT('',(16.057783918766,62.144488427688,0.));
#1068 = VECTOR('',#1069,1.);
#1069 = DIRECTION('',(-0.,-0.,-1.));
#1070 = ADVANCED_FACE('',(#1071),#1267,.T.);
#1071 = FACE_BOUND('',#1072,.T.);
#1072 = EDGE_LOOP('',(#1073,#1074,#1082,#1159,#1191,#1266));
#1073 = ORIENTED_EDGE('',*,*,#275,.F.);
#1074 = ORIENTED_EDGE('',*,*,#1075,.T.);
#1075 = EDGE_CURVE('',#268,#1076,#1078,.T.);
#1076 = VERTEX_POINT('',#1077);
#1077 = CARTESIAN_POINT('',(33.404348934297,11.03223902926,4.8));
#1078 = LINE('',#1079,#1080);
#1079 = CARTESIAN_POINT('',(33.404348934297,11.03223902926,0.));
#1080 = VECTOR('',#1081,1.);
#1081 = DIRECTION('',(0.,0.,1.));
#1082 = ORIENTED_EDGE('',*,*,#1083,.F.);
#1083 = EDGE_CURVE('',#1084,#1076,#1086,.T.);
#1084 = VERTEX_POINT('',#1085);
#1085 = CARTESIAN_POINT('',(40.415518711598,14.512880845167,4.8));
#1086 = B_SPLINE_CURVE_WITH_KNOTS('',8,(#1087,#1088,#1089,#1090,#1091,
    #1092,#1093,#1094,#1095,#1096,#1097,#1098,#1099,#1100,#1101,#1102,
    #1103,#1104,#1105,#1106,#1107,#1108,#1109,#1110,#1111,#1112,#1113,
    #1114,#1115,#1116,#1117,#1118,#1119,#1120,#1121,#1122,#1123,#1124,
    #1125,#1126,#1127,#1128,#1129,#1130,#1131,#1132,#1133,#1134,#1135,
    #1136,#1137,#1138,#1139,#1140,#1141,#1142,#1143,#1144,#1145,#1146,
    #1147,#1148,#1149,#1150,#1151,#1152,#1153,#1154,#1155,#1156,#1157,
    #1158),.UNSPECIFIED.,.F.,.F.,(9,7,7,7,7,7,7,7,7,7,9),(0.,
    0.180589712155,0.328263617675,0.474421322893,0.522939100981,
    0.549642232881,0.604609489606,0.66444624934,0.694759631063,
    0.753714951745,1.),.UNSPECIFIED.);
#1087 = CARTESIAN_POINT('',(38.272074378154,22.707222926603,4.8));
#1088 = CARTESIAN_POINT('',(38.454069549923,22.362144963221,4.8));
#1089 = CARTESIAN_POINT('',(38.631649511098,22.014779683039,4.8));
#1090 = CARTESIAN_POINT('',(38.804467344148,21.664993698268,4.8));
#1091 = CARTESIAN_POINT('',(38.97210369935,21.312664782533,4.8));
#1092 = CARTESIAN_POINT('',(39.134063280879,20.957680058348,4.8));
#1093 = CARTESIAN_POINT('',(39.289759241684,20.599928908187,4.8));
#1094 = CARTESIAN_POINT('',(39.438485487147,20.239290609179,4.8));
#1095 = CARTESIAN_POINT('',(39.694588230964,19.578229054332,4.8));
#1096 = CARTESIAN_POINT('',(39.804537075573,19.278870109481,4.8));
#1097 = CARTESIAN_POINT('',(39.908768635243,18.977424818598,4.8));
#1098 = CARTESIAN_POINT('',(40.00672319874,18.673824068189,4.8));
#1099 = CARTESIAN_POINT('',(40.097734081253,18.368043649867,4.8));
#1100 = CARTESIAN_POINT('',(40.181009211499,18.060098819547,4.8));
#1101 = CARTESIAN_POINT('',(40.25559635438,17.750034435458,4.8));
#1102 = CARTESIAN_POINT('',(40.384402929324,17.128991557486,4.8));
#1103 = CARTESIAN_POINT('',(40.438772656499,16.818299615809,4.8));
#1104 = CARTESIAN_POINT('',(40.482376958305,16.50570042121,4.8));
#1105 = CARTESIAN_POINT('',(40.51385358134,16.191374494795,4.8));
#1106 = CARTESIAN_POINT('',(40.531543504052,15.87581801978,4.8));
#1107 = CARTESIAN_POINT('',(40.53350190706,15.559843557197,4.8));
#1108 = CARTESIAN_POINT('',(40.517518820985,15.244580765045,4.8));
#1109 = CARTESIAN_POINT('',(40.469076458565,14.827540807035,4.8));
#1110 = CARTESIAN_POINT('',(40.454760356638,14.723871775711,4.8));
#1111 = CARTESIAN_POINT('',(40.438115897199,14.620536119023,4.8));
#1112 = CARTESIAN_POINT('',(40.41905704635,14.517610016402,4.8));
#1113 = CARTESIAN_POINT('',(40.397499241315,14.415179246184,4.8));
#1114 = CARTESIAN_POINT('',(40.373361646669,14.313338697177,4.8));
#1115 = CARTESIAN_POINT('',(40.346569410559,14.212191880216,4.8));
#1116 = CARTESIAN_POINT('',(40.300812336869,14.056624688961,4.8));
#1117 = CARTESIAN_POINT('',(40.283744557033,14.001643182259,4.8));
#1118 = CARTESIAN_POINT('',(40.265841652308,13.946924810672,4.8));
#1119 = CARTESIAN_POINT('',(40.247093517314,13.892489191087,4.8));
#1120 = CARTESIAN_POINT('',(40.227491043776,13.83835660381,4.8));
#1121 = CARTESIAN_POINT('',(40.207026293903,13.784547930151,4.8));
#1122 = CARTESIAN_POINT('',(40.185692673769,13.731084590004,4.8));
#1123 = CARTESIAN_POINT('',(40.117771778184,13.568692403153,4.8));
#1124 = CARTESIAN_POINT('',(40.06835124457,13.460942660956,4.8));
#1125 = CARTESIAN_POINT('',(40.015183005589,13.354941976314,4.8));
#1126 = CARTESIAN_POINT('',(39.958251310125,13.250889370202,4.8));
#1127 = CARTESIAN_POINT('',(39.897569165703,13.148977849507,4.8));
#1128 = CARTESIAN_POINT('',(39.833182347986,13.04939209543,4.8));
#1129 = CARTESIAN_POINT('',(39.765173410272,12.952306151897,4.8));
#1130 = CARTESIAN_POINT('',(39.615823167227,12.75509104139,4.8));
#1131 = CARTESIAN_POINT('',(39.53382128524,12.655436830904,4.8));
#1132 = CARTESIAN_POINT('',(39.447818371218,12.559129946848,4.8));
#1133 = CARTESIAN_POINT('',(39.358005225395,12.46633028544,4.8));
#1134 = CARTESIAN_POINT('',(39.264599813333,12.37715145678,4.8));
#1135 = CARTESIAN_POINT('',(39.167841955198,12.291666066854,4.8));
#1136 = CARTESIAN_POINT('',(39.067988015037,12.209910999545,4.8));
#1137 = CARTESIAN_POINT('',(38.913286537582,12.09236852407,4.8));
#1138 = CARTESIAN_POINT('',(38.860538412271,12.053800957617,4.8));
#1139 = CARTESIAN_POINT('',(38.807093997472,12.016189555738,4.8));
#1140 = CARTESIAN_POINT('',(38.752985798045,11.979531409286,4.8));
#1141 = CARTESIAN_POINT('',(38.698245854994,11.943821417895,4.8));
#1142 = CARTESIAN_POINT('',(38.642905560106,11.909052564379,4.8));
#1143 = CARTESIAN_POINT('',(38.586995470574,11.875216189122,4.8));
#1144 = CARTESIAN_POINT('',(38.420757032798,11.778289248692,4.8));
#1145 = CARTESIAN_POINT('',(38.308928541329,11.717767519771,4.8));
#1146 = CARTESIAN_POINT('',(38.195272846858,11.660659075925,4.8));
#1147 = CARTESIAN_POINT('',(38.07998969197,11.6068696038,4.8));
#1148 = CARTESIAN_POINT('',(37.963263361021,11.55629265162,4.8));
#1149 = CARTESIAN_POINT('',(37.845260676967,11.508813802336,4.8));
#1150 = CARTESIAN_POINT('',(37.72612899818,11.464314846774,4.8));
#1151 = CARTESIAN_POINT('',(37.104132797813,11.248740416592,4.8));
#1152 = CARTESIAN_POINT('',(36.586429510584,11.125319796542,4.8));
#1153 = CARTESIAN_POINT('',(36.059588306608,11.0422680015,4.8));
#1154 = CARTESIAN_POINT('',(35.528467700727,10.992651749224,4.8));
#1155 = CARTESIAN_POINT('',(34.996396031799,10.970687925482,4.8));
#1156 = CARTESIAN_POINT('',(34.465110480767,10.972024344396,4.8));
#1157 = CARTESIAN_POINT('',(33.934854989836,10.993298954798,4.8));
#1158 = CARTESIAN_POINT('',(33.404348934297,11.03223902926,4.8));
#1159 = ORIENTED_EDGE('',*,*,#1160,.T.);
#1160 = EDGE_CURVE('',#1084,#1161,#1163,.T.);
#1161 = VERTEX_POINT('',#1162);
#1162 = CARTESIAN_POINT('',(38.883327055996,21.487119154833,4.8));
#1163 = B_SPLINE_CURVE_WITH_KNOTS('',6,(#1164,#1165,#1166,#1167,#1168,
    #1169,#1170,#1171,#1172,#1173,#1174,#1175,#1176,#1177,#1178,#1179,
    #1180,#1181,#1182,#1183,#1184,#1185,#1186,#1187,#1188,#1189,#1190),
  .UNSPECIFIED.,.F.,.F.,(7,5,5,5,5,7),(0.,0.165050039191,0.323537952507,
    0.402479862262,0.54486382698,1.),.UNSPECIFIED.);
#1164 = CARTESIAN_POINT('',(40.415377968624,14.512176250473,
    4.80034129335));
#1165 = CARTESIAN_POINT('',(40.450493535633,14.687931779657,
    4.715197770057));
#1166 = CARTESIAN_POINT('',(40.478796903553,14.869711509289,
    4.63349317618));
#1167 = CARTESIAN_POINT('',(40.500035318405,15.05710942754,
    4.555900872768));
#1168 = CARTESIAN_POINT('',(40.514075368298,15.249594805784,
    4.48306783271));
#1169 = CARTESIAN_POINT('',(40.520926813192,15.446478807567,
    4.415575542009));
#1170 = CARTESIAN_POINT('',(40.520612393319,15.839315712688,
    4.294678345275));
#1171 = CARTESIAN_POINT('',(40.513992735797,16.035038045143,
    4.240806284307));
#1172 = CARTESIAN_POINT('',(40.501060667333,16.23327607427,
    4.192707717361));
#1173 = CARTESIAN_POINT('',(40.482106668381,16.433271325863,
    4.150659803832));
#1174 = CARTESIAN_POINT('',(40.457519068338,16.634281815023,
    4.114810472702));
#1175 = CARTESIAN_POINT('',(40.412914168973,16.93585293159,
    4.070443752811));
#1176 = CARTESIAN_POINT('',(40.39679592366,17.036200301637,
    4.057238065498));
#1177 = CARTESIAN_POINT('',(40.379444159354,17.136543654304,
    4.045581792141));
#1178 = CARTESIAN_POINT('',(40.360915649237,17.236805915384,
    4.035471631272));
#1179 = CARTESIAN_POINT('',(40.341268378911,17.336916225806,
    4.026898449628));
#1180 = CARTESIAN_POINT('',(40.28320990781,17.616983298699,
    4.007133030871));
#1181 = CARTESIAN_POINT('',(40.242408569464,17.796449984751,
    3.999373293349));
#1182 = CARTESIAN_POINT('',(40.19849584876,17.974836490552,
    3.996487762575));
#1183 = CARTESIAN_POINT('',(40.151806565885,18.151838759333,
    3.998348924017));
#1184 = CARTESIAN_POINT('',(40.102657866065,18.327216551415,
    4.004803011606));
#1185 = CARTESIAN_POINT('',(39.887285008152,19.055616092422,
    4.050489327438));
#1186 = CARTESIAN_POINT('',(39.701326708538,19.591000002907,
    4.130517967614));
#1187 = CARTESIAN_POINT('',(39.502395570023,20.103144648761,
    4.250339978669));
#1188 = CARTESIAN_POINT('',(39.297004570907,20.590016425337,
    4.404625928987));
#1189 = CARTESIAN_POINT('',(39.089618361533,21.05125649702,
    4.588849374969));
#1190 = CARTESIAN_POINT('',(38.882993561465,21.487823749527,
    4.80034129335));
#1191 = ORIENTED_EDGE('',*,*,#1192,.F.);
#1192 = EDGE_CURVE('',#1022,#1161,#1193,.T.);
#1193 = B_SPLINE_CURVE_WITH_KNOTS('',8,(#1194,#1195,#1196,#1197,#1198,
    #1199,#1200,#1201,#1202,#1203,#1204,#1205,#1206,#1207,#1208,#1209,
    #1210,#1211,#1212,#1213,#1214,#1215,#1216,#1217,#1218,#1219,#1220,
    #1221,#1222,#1223,#1224,#1225,#1226,#1227,#1228,#1229,#1230,#1231,
    #1232,#1233,#1234,#1235,#1236,#1237,#1238,#1239,#1240,#1241,#1242,
    #1243,#1244,#1245,#1246,#1247,#1248,#1249,#1250,#1251,#1252,#1253,
    #1254,#1255,#1256,#1257,#1258,#1259,#1260,#1261,#1262,#1263,#1264,
    #1265),.UNSPECIFIED.,.F.,.F.,(9,7,7,7,7,7,7,7,7,7,9),(0.,
    0.180589712155,0.328263617675,0.474421322893,0.522939100981,
    0.549642232881,0.604609489606,0.66444624934,0.694759631063,
    0.753714951745,1.),.UNSPECIFIED.);
#1194 = CARTESIAN_POINT('',(38.272074378154,22.707222926603,4.8));
#1195 = CARTESIAN_POINT('',(38.454069549923,22.362144963221,4.8));
#1196 = CARTESIAN_POINT('',(38.631649511098,22.014779683039,4.8));
#1197 = CARTESIAN_POINT('',(38.804467344148,21.664993698268,4.8));
#1198 = CARTESIAN_POINT('',(38.97210369935,21.312664782533,4.8));
#1199 = CARTESIAN_POINT('',(39.134063280879,20.957680058348,4.8));
#1200 = CARTESIAN_POINT('',(39.289759241684,20.599928908187,4.8));
#1201 = CARTESIAN_POINT('',(39.438485487147,20.239290609179,4.8));
#1202 = CARTESIAN_POINT('',(39.694588230964,19.578229054332,4.8));
#1203 = CARTESIAN_POINT('',(39.804537075573,19.278870109481,4.8));
#1204 = CARTESIAN_POINT('',(39.908768635243,18.977424818598,4.8));
#1205 = CARTESIAN_POINT('',(40.00672319874,18.673824068189,4.8));
#1206 = CARTESIAN_POINT('',(40.097734081253,18.368043649867,4.8));
#1207 = CARTESIAN_POINT('',(40.181009211499,18.060098819547,4.8));
#1208 = CARTESIAN_POINT('',(40.25559635438,17.750034435458,4.8));
#1209 = CARTESIAN_POINT('',(40.384402929324,17.128991557486,4.8));
#1210 = CARTESIAN_POINT('',(40.438772656499,16.818299615809,4.8));
#1211 = CARTESIAN_POINT('',(40.482376958305,16.50570042121,4.8));
#1212 = CARTESIAN_POINT('',(40.51385358134,16.191374494795,4.8));
#1213 = CARTESIAN_POINT('',(40.531543504052,15.87581801978,4.8));
#1214 = CARTESIAN_POINT('',(40.53350190706,15.559843557197,4.8));
#1215 = CARTESIAN_POINT('',(40.517518820985,15.244580765045,4.8));
#1216 = CARTESIAN_POINT('',(40.469076458565,14.827540807035,4.8));
#1217 = CARTESIAN_POINT('',(40.454760356638,14.723871775711,4.8));
#1218 = CARTESIAN_POINT('',(40.438115897199,14.620536119023,4.8));
#1219 = CARTESIAN_POINT('',(40.41905704635,14.517610016402,4.8));
#1220 = CARTESIAN_POINT('',(40.397499241315,14.415179246184,4.8));
#1221 = CARTESIAN_POINT('',(40.373361646669,14.313338697177,4.8));
#1222 = CARTESIAN_POINT('',(40.346569410559,14.212191880216,4.8));
#1223 = CARTESIAN_POINT('',(40.300812336869,14.056624688961,4.8));
#1224 = CARTESIAN_POINT('',(40.283744557033,14.001643182259,4.8));
#1225 = CARTESIAN_POINT('',(40.265841652308,13.946924810672,4.8));
#1226 = CARTESIAN_POINT('',(40.247093517314,13.892489191087,4.8));
#1227 = CARTESIAN_POINT('',(40.227491043776,13.83835660381,4.8));
#1228 = CARTESIAN_POINT('',(40.207026293903,13.784547930151,4.8));
#1229 = CARTESIAN_POINT('',(40.185692673769,13.731084590004,4.8));
#1230 = CARTESIAN_POINT('',(40.117771778184,13.568692403153,4.8));
#1231 = CARTESIAN_POINT('',(40.06835124457,13.460942660956,4.8));
#1232 = CARTESIAN_POINT('',(40.015183005589,13.354941976314,4.8));
#1233 = CARTESIAN_POINT('',(39.958251310125,13.250889370202,4.8));
#1234 = CARTESIAN_POINT('',(39.897569165703,13.148977849507,4.8));
#1235 = CARTESIAN_POINT('',(39.833182347986,13.04939209543,4.8));
#1236 = CARTESIAN_POINT('',(39.765173410272,12.952306151897,4.8));
#1237 = CARTESIAN_POINT('',(39.615823167227,12.75509104139,4.8));
#1238 = CARTESIAN_POINT('',(39.53382128524,12.655436830904,4.8));
#1239 = CARTESIAN_POINT('',(39.447818371218,12.559129946848,4.8));
#1240 = CARTESIAN_POINT('',(39.358005225395,12.46633028544,4.8));
#1241 = CARTESIAN_POINT('',(39.264599813333,12.37715145678,4.8));
#1242 = CARTESIAN_POINT('',(39.167841955198,12.291666066854,4.8));
#1243 = CARTESIAN_POINT('',(39.067988015037,12.209910999545,4.8));
#1244 = CARTESIAN_POINT('',(38.913286537582,12.09236852407,4.8));
#1245 = CARTESIAN_POINT('',(38.860538412271,12.053800957617,4.8));
#1246 = CARTESIAN_POINT('',(38.807093997472,12.016189555738,4.8));
#1247 = CARTESIAN_POINT('',(38.752985798045,11.979531409286,4.8));
#1248 = CARTESIAN_POINT('',(38.698245854994,11.943821417895,4.8));
#1249 = CARTESIAN_POINT('',(38.642905560106,11.909052564379,4.8));
#1250 = CARTESIAN_POINT('',(38.586995470574,11.875216189122,4.8));
#1251 = CARTESIAN_POINT('',(38.420757032798,11.778289248692,4.8));
#1252 = CARTESIAN_POINT('',(38.308928541329,11.717767519771,4.8));
#1253 = CARTESIAN_POINT('',(38.195272846858,11.660659075925,4.8));
#1254 = CARTESIAN_POINT('',(38.07998969197,11.6068696038,4.8));
#1255 = CARTESIAN_POINT('',(37.963263361021,11.55629265162,4.8));
#1256 = CARTESIAN_POINT('',(37.845260676967,11.508813802336,4.8));
#1257 = CARTESIAN_POINT('',(37.72612899818,11.464314846774,4.8));
#1258 = CARTESIAN_POINT('',(37.104132797813,11.248740416592,4.8));
#1259 = CARTESIAN_POINT('',(36.586429510584,11.125319796542,4.8));
#1260 = CARTESIAN_POINT('',(36.059588306608,11.0422680015,4.8));
#1261 = CARTESIAN_POINT('',(35.528467700727,10.992651749224,4.8));
#1262 = CARTESIAN_POINT('',(34.996396031799,10.970687925482,4.8));
#1263 = CARTESIAN_POINT('',(34.465110480767,10.972024344396,4.8));
#1264 = CARTESIAN_POINT('',(33.934854989836,10.993298954798,4.8));
#1265 = CARTESIAN_POINT('',(33.404348934297,11.03223902926,4.8));
#1266 = ORIENTED_EDGE('',*,*,#1021,.F.);
#1267 = SURFACE_OF_LINEAR_EXTRUSION('',#1268,#1273);
#1268 = B_SPLINE_CURVE_WITH_KNOTS('',3,(#1269,#1270,#1271,#1272),
  .UNSPECIFIED.,.F.,.F.,(4,4),(0.,1.),.PIECEWISE_BEZIER_KNOTS.);
#1269 = CARTESIAN_POINT('',(33.404348934297,11.03223902926,0.));
#1270 = CARTESIAN_POINT('',(40.385567433077,10.51980535327,0.));
#1271 = CARTESIAN_POINT('',(42.673020533294,14.362663445148,0.));
#1272 = CARTESIAN_POINT('',(38.272074378154,22.707222926603,0.));
#1273 = VECTOR('',#1274,1.);
#1274 = DIRECTION('',(-0.,-0.,-1.));
#1275 = ADVANCED_FACE('',(#1276),#1294,.T.);
#1276 = FACE_BOUND('',#1277,.T.);
#1277 = EDGE_LOOP('',(#1278,#1279,#1287,#1293));
#1278 = ORIENTED_EDGE('',*,*,#267,.F.);
#1279 = ORIENTED_EDGE('',*,*,#1280,.T.);
#1280 = EDGE_CURVE('',#260,#1281,#1283,.T.);
#1281 = VERTEX_POINT('',#1282);
#1282 = CARTESIAN_POINT('',(20.439228865134,11.983901570383,4.8));
#1283 = LINE('',#1284,#1285);
#1284 = CARTESIAN_POINT('',(20.439228865134,11.983901570383,0.));
#1285 = VECTOR('',#1286,1.);
#1286 = DIRECTION('',(0.,0.,1.));
#1287 = ORIENTED_EDGE('',*,*,#1288,.F.);
#1288 = EDGE_CURVE('',#1076,#1281,#1289,.T.);
#1289 = LINE('',#1290,#1291);
#1290 = CARTESIAN_POINT('',(19.931465141245,12.021172317834,4.8));
#1291 = VECTOR('',#1292,1.);
#1292 = DIRECTION('',(-0.997316928397,7.320481085564E-02,0.));
#1293 = ORIENTED_EDGE('',*,*,#1075,.F.);
#1294 = PLANE('',#1295);
#1295 = AXIS2_PLACEMENT_3D('',#1296,#1297,#1298);
#1296 = CARTESIAN_POINT('',(19.441911936737,12.057106381239,0.));
#1297 = DIRECTION('',(7.320481085564E-02,0.997316928397,0.));
#1298 = DIRECTION('',(0.997316928397,-7.320481085564E-02,0.));
#1299 = ADVANCED_FACE('',(#1300),#1343,.F.);
#1300 = FACE_BOUND('',#1301,.F.);
#1301 = EDGE_LOOP('',(#1302,#1310,#1311,#1312,#1320,#1328,#1336));
#1302 = ORIENTED_EDGE('',*,*,#1303,.F.);
#1303 = EDGE_CURVE('',#252,#1304,#1306,.T.);
#1304 = VERTEX_POINT('',#1305);
#1305 = CARTESIAN_POINT('',(21.024867351979,19.962436997561,
    4.244431611377));
#1306 = LINE('',#1307,#1308);
#1307 = CARTESIAN_POINT('',(21.024867351979,19.962436997561,0.));
#1308 = VECTOR('',#1309,1.);
#1309 = DIRECTION('',(0.,0.,1.));
#1310 = ORIENTED_EDGE('',*,*,#259,.F.);
#1311 = ORIENTED_EDGE('',*,*,#1280,.T.);
#1312 = ORIENTED_EDGE('',*,*,#1313,.T.);
#1313 = EDGE_CURVE('',#1281,#1314,#1316,.T.);
#1314 = VERTEX_POINT('',#1315);
#1315 = CARTESIAN_POINT('',(20.,6.,4.8));
#1316 = LINE('',#1317,#1318);
#1317 = CARTESIAN_POINT('',(22.21726665521,36.207271136491,4.8));
#1318 = VECTOR('',#1319,1.);
#1319 = DIRECTION('',(-7.320481085564E-02,-0.997316928397,0.));
#1320 = ORIENTED_EDGE('',*,*,#1321,.T.);
#1321 = EDGE_CURVE('',#1314,#1322,#1324,.T.);
#1322 = VERTEX_POINT('',#1323);
#1323 = CARTESIAN_POINT('',(20.,6.,15.4));
#1324 = LINE('',#1325,#1326);
#1325 = CARTESIAN_POINT('',(20.,6.,0.));
#1326 = VECTOR('',#1327,1.);
#1327 = DIRECTION('',(0.,0.,1.));
#1328 = ORIENTED_EDGE('',*,*,#1329,.T.);
#1329 = EDGE_CURVE('',#1322,#1330,#1332,.T.);
#1330 = VERTEX_POINT('',#1331);
#1331 = CARTESIAN_POINT('',(20.349278806805,10.758453203907,15.4));
#1332 = LINE('',#1333,#1334);
#1333 = CARTESIAN_POINT('',(20.,6.,15.4));
#1334 = VECTOR('',#1335,1.);
#1335 = DIRECTION('',(7.320481085564E-02,0.997316928397,0.));
#1336 = ORIENTED_EDGE('',*,*,#1337,.F.);
#1337 = EDGE_CURVE('',#1304,#1330,#1338,.T.);
#1338 = ELLIPSE('',#1339,8.021522318745,8.);
#1339 = AXIS2_PLACEMENT_3D('',#1340,#1341,#1342);
#1340 = CARTESIAN_POINT('',(20.880821036177,18.,12.));
#1341 = DIRECTION('',(-0.997316928397,7.320481085564E-02,0.));
#1342 = DIRECTION('',(-7.320481085564E-02,-0.997316928397,
    -3.033196894162E-15));
#1343 = PLANE('',#1344);
#1344 = AXIS2_PLACEMENT_3D('',#1345,#1346,#1347);
#1345 = CARTESIAN_POINT('',(19.707180756577,2.010732286411,0.));
#1346 = DIRECTION('',(-0.997316928397,7.320481085564E-02,0.));
#1347 = DIRECTION('',(7.320481085564E-02,0.997316928397,0.));
#1348 = ADVANCED_FACE('',(#1349),#1368,.F.);
#1349 = FACE_BOUND('',#1350,.F.);
#1350 = EDGE_LOOP('',(#1351,#1352,#1353,#1362));
#1351 = ORIENTED_EDGE('',*,*,#251,.F.);
#1352 = ORIENTED_EDGE('',*,*,#1303,.T.);
#1353 = ORIENTED_EDGE('',*,*,#1354,.F.);
#1354 = EDGE_CURVE('',#1355,#1304,#1357,.T.);
#1355 = VERTEX_POINT('',#1356);
#1356 = CARTESIAN_POINT('',(17.903801995939,20.159295001362,
    4.296919765633));
#1357 = ELLIPSE('',#1358,127.0872381847,8.);
#1358 = AXIS2_PLACEMENT_3D('',#1359,#1360,#1361);
#1359 = CARTESIAN_POINT('',(52.138126697477,18.,12.));
#1360 = DIRECTION('',(-6.294888546066E-02,-0.998016752274,0.));
#1361 = DIRECTION('',(-0.998016752274,6.294888546066E-02,
    -2.224858494801E-16));
#1362 = ORIENTED_EDGE('',*,*,#1363,.F.);
#1363 = EDGE_CURVE('',#244,#1355,#1364,.T.);
#1364 = LINE('',#1365,#1366);
#1365 = CARTESIAN_POINT('',(17.903801995939,20.159295001362,0.));
#1366 = VECTOR('',#1367,1.);
#1367 = DIRECTION('',(0.,0.,1.));
#1368 = PLANE('',#1369);
#1369 = AXIS2_PLACEMENT_3D('',#1370,#1371,#1372);
#1370 = CARTESIAN_POINT('',(21.024867351979,19.962436997561,0.));
#1371 = DIRECTION('',(-6.294888546066E-02,-0.998016752274,0.));
#1372 = DIRECTION('',(-0.998016752274,6.294888546066E-02,0.));
#1373 = ADVANCED_FACE('',(#1374),#1419,.F.);
#1374 = FACE_BOUND('',#1375,.F.);
#1375 = EDGE_LOOP('',(#1376,#1386,#1394,#1402,#1410,#1411,#1412));
#1376 = ORIENTED_EDGE('',*,*,#1377,.T.);
#1377 = EDGE_CURVE('',#1378,#1380,#1382,.T.);
#1378 = VERTEX_POINT('',#1379);
#1379 = CARTESIAN_POINT('',(16.794799020866,10.758453203907,15.4));
#1380 = VERTEX_POINT('',#1381);
#1381 = CARTESIAN_POINT('',(15.788434782242,2.227663647375,15.4));
#1382 = LINE('',#1383,#1384);
#1383 = CARTESIAN_POINT('',(17.903801995939,20.159295001362,15.4));
#1384 = VECTOR('',#1385,1.);
#1385 = DIRECTION('',(-0.117156087198,-0.99311351377,0.));
#1386 = ORIENTED_EDGE('',*,*,#1387,.F.);
#1387 = EDGE_CURVE('',#1388,#1380,#1390,.T.);
#1388 = VERTEX_POINT('',#1389);
#1389 = CARTESIAN_POINT('',(15.788434782242,2.227663647375,4.8));
#1390 = LINE('',#1391,#1392);
#1391 = CARTESIAN_POINT('',(15.788434782242,2.227663647375,0.));
#1392 = VECTOR('',#1393,1.);
#1393 = DIRECTION('',(0.,0.,1.));
#1394 = ORIENTED_EDGE('',*,*,#1395,.T.);
#1395 = EDGE_CURVE('',#1388,#1396,#1398,.T.);
#1396 = VERTEX_POINT('',#1397);
#1397 = CARTESIAN_POINT('',(16.960534979684,12.16337056123,4.8));
#1398 = LINE('',#1399,#1400);
#1399 = CARTESIAN_POINT('',(20.873540178647,45.333293144734,4.8));
#1400 = VECTOR('',#1401,1.);
#1401 = DIRECTION('',(0.117156087198,0.99311351377,0.));
#1402 = ORIENTED_EDGE('',*,*,#1403,.T.);
#1403 = EDGE_CURVE('',#1396,#235,#1404,.T.);
#1404 = B_SPLINE_CURVE_WITH_KNOTS('',4,(#1405,#1406,#1407,#1408,#1409),
  .UNSPECIFIED.,.F.,.F.,(5,5),(0.,1.),.PIECEWISE_BEZIER_KNOTS.);
#1405 = CARTESIAN_POINT('',(16.960534979794,12.163370562164,
    4.800324745791));
#1406 = CARTESIAN_POINT('',(16.960534979794,12.163370562164,
    3.600243559399));
#1407 = CARTESIAN_POINT('',(16.960534979794,12.163370562164,
    2.400162373287));
#1408 = CARTESIAN_POINT('',(16.960534979794,12.163370562164,
    1.200081186392));
#1409 = CARTESIAN_POINT('',(16.960534979794,12.163370562164,0.));
#1410 = ORIENTED_EDGE('',*,*,#243,.F.);
#1411 = ORIENTED_EDGE('',*,*,#1363,.T.);
#1412 = ORIENTED_EDGE('',*,*,#1413,.F.);
#1413 = EDGE_CURVE('',#1378,#1355,#1414,.T.);
#1414 = ELLIPSE('',#1415,8.055473910159,8.);
#1415 = AXIS2_PLACEMENT_3D('',#1416,#1417,#1418);
#1416 = CARTESIAN_POINT('',(17.649073256517,18.,12.));
#1417 = DIRECTION('',(0.99311351377,-0.117156087198,0.));
#1418 = DIRECTION('',(-0.117156087198,-0.99311351377,-1.895288672025E-15
    ));
#1419 = PLANE('',#1420);
#1420 = AXIS2_PLACEMENT_3D('',#1421,#1422,#1423);
#1421 = CARTESIAN_POINT('',(17.903801995939,20.159295001362,0.));
#1422 = DIRECTION('',(0.99311351377,-0.117156087198,0.));
#1423 = DIRECTION('',(-0.117156087198,-0.99311351377,0.));
#1424 = ADVANCED_FACE('',(#1425),#1517,.T.);
#1425 = FACE_BOUND('',#1426,.T.);
#1426 = EDGE_LOOP('',(#1427,#1428,#1436,#1463,#1516));
#1427 = ORIENTED_EDGE('',*,*,#234,.F.);
#1428 = ORIENTED_EDGE('',*,*,#1429,.T.);
#1429 = EDGE_CURVE('',#226,#1430,#1432,.T.);
#1430 = VERTEX_POINT('',#1431);
#1431 = CARTESIAN_POINT('',(10.,18.,4.));
#1432 = LINE('',#1433,#1434);
#1433 = CARTESIAN_POINT('',(10.,18.,0.));
#1434 = VECTOR('',#1435,1.);
#1435 = DIRECTION('',(0.,0.,1.));
#1436 = ORIENTED_EDGE('',*,*,#1437,.F.);
#1437 = EDGE_CURVE('',#1438,#1430,#1440,.T.);
#1438 = VERTEX_POINT('',#1439);
#1439 = CARTESIAN_POINT('',(10.869960227223,14.512880845167,4.8));
#1440 = B_SPLINE_CURVE_WITH_KNOTS('',6,(#1441,#1442,#1443,#1444,#1445,
    #1446,#1447,#1448,#1449,#1450,#1451,#1452,#1453,#1454,#1455,#1456,
    #1457,#1458,#1459,#1460,#1461,#1462),.UNSPECIFIED.,.F.,.F.,(7,5,5,5,
    7),(0.,0.19242209603,0.579079837679,0.864899645672,1.),
  .UNSPECIFIED.);
#1441 = CARTESIAN_POINT('',(10.870444213536,14.512176250473,
    4.80034129335));
#1442 = CARTESIAN_POINT('',(10.813556966497,14.594970410343,
    4.760232248063));
#1443 = CARTESIAN_POINT('',(10.758572580135,14.680442878086,
    4.720236431116));
#1444 = CARTESIAN_POINT('',(10.705580752025,14.76861669446,
    4.680478215861));
#1445 = CARTESIAN_POINT('',(10.654666867448,14.859498282559,
    4.64109474584));
#1446 = CARTESIAN_POINT('',(10.605908901345,14.953071992649,
    4.602233685988));
#1447 = CARTESIAN_POINT('',(10.46586657659,15.242646839882,
    4.487325683147));
#1448 = CARTESIAN_POINT('',(10.381308133814,15.446753084861,
    4.413316082015));
#1449 = CARTESIAN_POINT('',(10.306306026526,15.661172367702,
    4.343329817795));
#1450 = CARTESIAN_POINT('',(10.24117650615,15.885149877323,
    4.278721705917));
#1451 = CARTESIAN_POINT('',(10.185936246422,16.117547285731,
    4.220790275582));
#1452 = CARTESIAN_POINT('',(10.106584187902,16.533548240924,
    4.133478632031));
#1453 = CARTESIAN_POINT('',(10.07810365044,16.714112808219,
    4.100583622966));
#1454 = CARTESIAN_POINT('',(10.054756439352,16.897802542619,
    4.072327122421));
#1455 = CARTESIAN_POINT('',(10.036328725938,17.083967758669,
    4.049037141353));
#1456 = CARTESIAN_POINT('',(10.022538777346,17.271945325049,
    4.030943204789));
#1457 = CARTESIAN_POINT('',(10.008594524094,17.550459420944,4.0121379066
    ));
#1458 = CARTESIAN_POINT('',(10.005084287384,17.640111729223,
    4.007291542945));
#1459 = CARTESIAN_POINT('',(10.002505385767,17.729955632801,
    4.003647945752));
#1460 = CARTESIAN_POINT('',(10.000822694484,17.819926128942,
    4.00121596494));
#1461 = CARTESIAN_POINT('',(10.,17.909960837316,4.));
#1462 = CARTESIAN_POINT('',(10.,18.,4.));
#1463 = ORIENTED_EDGE('',*,*,#1464,.F.);
#1464 = EDGE_CURVE('',#1396,#1438,#1465,.T.);
#1465 = B_SPLINE_CURVE_WITH_KNOTS('',7,(#1466,#1467,#1468,#1469,#1470,
    #1471,#1472,#1473,#1474,#1475,#1476,#1477,#1478,#1479,#1480,#1481,
    #1482,#1483,#1484,#1485,#1486,#1487,#1488,#1489,#1490,#1491,#1492,
    #1493,#1494,#1495,#1496,#1497,#1498,#1499,#1500,#1501,#1502,#1503,
    #1504,#1505,#1506,#1507,#1508,#1509,#1510,#1511,#1512,#1513,#1514,
    #1515),.UNSPECIFIED.,.F.,.F.,(8,6,6,6,6,6,6,6,8),(0.,0.235771085267,
    0.463245557705,0.560304803833,0.605163882789,0.689039989833,
    0.785429570542,0.84238145666,1.),.UNSPECIFIED.);
#1466 = CARTESIAN_POINT('',(19.441911936737,12.057106381239,4.8));
#1467 = CARTESIAN_POINT('',(19.007251333704,12.066050274202,4.8));
#1468 = CARTESIAN_POINT('',(18.572718478872,12.077789488543,4.8));
#1469 = CARTESIAN_POINT('',(18.138298032344,12.093013974356,4.8));
#1470 = CARTESIAN_POINT('',(17.704047516801,12.112563420777,4.8));
#1471 = CARTESIAN_POINT('',(17.270101296481,12.137494325473,4.8));
#1472 = CARTESIAN_POINT('',(16.836673887626,12.169146316122,4.8));
#1473 = CARTESIAN_POINT('',(15.986697902697,12.248234185408,4.8));
#1474 = CARTESIAN_POINT('',(15.570446355225,12.295042322714,4.8));
#1475 = CARTESIAN_POINT('',(15.155204498719,12.351525081891,4.8));
#1476 = CARTESIAN_POINT('',(14.741460469764,12.419831346657,4.8));
#1477 = CARTESIAN_POINT('',(14.330343175154,12.502745812343,4.8));
#1478 = CARTESIAN_POINT('',(13.923652095612,12.603867787718,4.8));
#1479 = CARTESIAN_POINT('',(13.353446955467,12.781321923679,4.8));
#1480 = CARTESIAN_POINT('',(13.18426432432,12.838605815882,4.8));
#1481 = CARTESIAN_POINT('',(13.01666291089,12.900478784746,4.8));
#1482 = CARTESIAN_POINT('',(12.850960759264,12.96733908129,4.8));
#1483 = CARTESIAN_POINT('',(12.687560952727,13.039601408206,4.8));
#1484 = CARTESIAN_POINT('',(12.526942860163,13.117676538534,4.8));
#1485 = CARTESIAN_POINT('',(12.296947177085,13.24087842691,4.8));
#1486 = CARTESIAN_POINT('',(12.224960690643,13.281140513724,4.8));
#1487 = CARTESIAN_POINT('',(12.153742892489,13.322756636684,4.8));
#1488 = CARTESIAN_POINT('',(12.083353486771,13.365759000069,4.8));
#1489 = CARTESIAN_POINT('',(12.01385540039,13.410175749065,4.8));
#1490 = CARTESIAN_POINT('',(11.945313953552,13.456029640952,4.8));
#1491 = CARTESIAN_POINT('',(11.751553122807,13.591790010649,4.8));
#1492 = CARTESIAN_POINT('',(11.628866869788,13.685338563801,4.8));
#1493 = CARTESIAN_POINT('',(11.510208163994,13.784068023361,4.8));
#1494 = CARTESIAN_POINT('',(11.396030878304,13.887992711544,4.8));
#1495 = CARTESIAN_POINT('',(11.286750828583,13.997032197938,4.8));
#1496 = CARTESIAN_POINT('',(11.182724736512,14.11098787228,4.8));
#1497 = CARTESIAN_POINT('',(10.971039101312,14.365734894397,4.8));
#1498 = CARTESIAN_POINT('',(10.86511583007,14.508038537739,4.8));
#1499 = CARTESIAN_POINT('',(10.766895625741,14.655915237529,4.8));
#1500 = CARTESIAN_POINT('',(10.676541469702,14.808762992641,4.8));
#1501 = CARTESIAN_POINT('',(10.594001994565,14.965928231053,4.8));
#1502 = CARTESIAN_POINT('',(10.519070401083,15.126741030361,4.8));
#1503 = CARTESIAN_POINT('',(10.41148587492,15.387337241842,4.8));
#1504 = CARTESIAN_POINT('',(10.374072290992,15.48518508411,4.8));
#1505 = CARTESIAN_POINT('',(10.339135250257,15.583973392778,4.8));
#1506 = CARTESIAN_POINT('',(10.306595859954,15.683589982714,4.8));
#1507 = CARTESIAN_POINT('',(10.27636743066,15.783932245656,4.8));
#1508 = CARTESIAN_POINT('',(10.248359199366,15.884908439884,4.8));
#1509 = CARTESIAN_POINT('',(10.150857605955,16.267432234219,4.8));
#1510 = CARTESIAN_POINT('',(10.095579246215,16.552525979564,4.8));
#1511 = CARTESIAN_POINT('',(10.054615461872,16.840256877058,4.8));
#1512 = CARTESIAN_POINT('',(10.026069547534,17.129487539433,4.8));
#1513 = CARTESIAN_POINT('',(10.008319934053,17.419427463661,4.8));
#1514 = CARTESIAN_POINT('',(10.,17.709631092749,4.8));
#1515 = CARTESIAN_POINT('',(10.,18.,4.8));
#1516 = ORIENTED_EDGE('',*,*,#1403,.T.);
#1517 = SURFACE_OF_LINEAR_EXTRUSION('',#1518,#1523);
#1518 = B_SPLINE_CURVE_WITH_KNOTS('',3,(#1519,#1520,#1521,#1522),
  .UNSPECIFIED.,.F.,.F.,(4,4),(0.,1.),.PIECEWISE_BEZIER_KNOTS.);
#1519 = CARTESIAN_POINT('',(10.,18.,0.));
#1520 = CARTESIAN_POINT('',(10.,13.,0.));
#1521 = CARTESIAN_POINT('',(13.171753887383,12.18612571739,0.));
#1522 = CARTESIAN_POINT('',(19.441911936737,12.057106381239,0.));
#1523 = VECTOR('',#1524,1.);
#1524 = DIRECTION('',(-0.,-0.,-1.));
#1525 = ADVANCED_FACE('',(#1526),#1590,.T.);
#1526 = FACE_BOUND('',#1527,.T.);
#1527 = EDGE_LOOP('',(#1528,#1529,#1537,#1569,#1589));
#1528 = ORIENTED_EDGE('',*,*,#225,.F.);
#1529 = ORIENTED_EDGE('',*,*,#1530,.T.);
#1530 = EDGE_CURVE('',#218,#1531,#1533,.T.);
#1531 = VERTEX_POINT('',#1532);
#1532 = CARTESIAN_POINT('',(9.,24.,4.8));
#1533 = LINE('',#1534,#1535);
#1534 = CARTESIAN_POINT('',(9.,24.,0.));
#1535 = VECTOR('',#1536,1.);
#1536 = DIRECTION('',(0.,0.,1.));
#1537 = ORIENTED_EDGE('',*,*,#1538,.F.);
#1538 = EDGE_CURVE('',#1539,#1531,#1541,.T.);
#1539 = VERTEX_POINT('',#1540);
#1540 = CARTESIAN_POINT('',(9.073461862478,21.487119154833,4.8));
#1541 = B_SPLINE_CURVE_WITH_KNOTS('',6,(#1542,#1543,#1544,#1545,#1546,
    #1547,#1548,#1549,#1550,#1551,#1552,#1553,#1554,#1555,#1556,#1557,
    #1558,#1559,#1560,#1561,#1562,#1563,#1564,#1565,#1566,#1567,#1568),
  .UNSPECIFIED.,.F.,.F.,(7,5,5,5,5,7),(0.,5.18170317376E-02,
    0.415917131806,0.764520363005,0.922815915242,1.),.UNSPECIFIED.);
#1542 = CARTESIAN_POINT('',(10.,18.,4.8));
#1543 = CARTESIAN_POINT('',(9.976216114342,18.047567771315,4.8));
#1544 = CARTESIAN_POINT('',(9.952796221682,18.095312627974,4.8));
#1545 = CARTESIAN_POINT('',(9.929742782396,18.14323153902,4.8));
#1546 = CARTESIAN_POINT('',(9.907057964824,18.191321320902,4.8));
#1547 = CARTESIAN_POINT('',(9.884743645271,18.239578637475,4.8));
#1548 = CARTESIAN_POINT('',(9.708621005956,18.628239924007,4.8));
#1549 = CARTESIAN_POINT('',(9.572773448402,18.976663305025,4.8));
#1550 = CARTESIAN_POINT('',(9.455913538573,19.331868031105,4.8));
#1551 = CARTESIAN_POINT('',(9.357703942979,19.692428684061,4.8));
#1552 = CARTESIAN_POINT('',(9.276905499923,20.056917639278,4.8));
#1553 = CARTESIAN_POINT('',(9.149286883979,20.775458560543,4.8));
#1554 = CARTESIAN_POINT('',(9.101154929727,21.129360225679,4.8));
#1555 = CARTESIAN_POINT('',(9.065699012635,21.484736733157,4.8));
#1556 = CARTESIAN_POINT('',(9.040838477029,21.840874186106,4.8));
#1557 = CARTESIAN_POINT('',(9.024355070821,22.197341202092,4.8));
#1558 = CARTESIAN_POINT('',(9.009294311385,22.715953465494,4.8));
#1559 = CARTESIAN_POINT('',(9.005854466514,22.877941883406,4.8));
#1560 = CARTESIAN_POINT('',(9.003466605779,23.039948952304,4.8));
#1561 = CARTESIAN_POINT('',(9.001918809685,23.201963767383,4.8));
#1562 = CARTESIAN_POINT('',(9.00099861985,23.363980820466,4.8));
#1563 = CARTESIAN_POINT('',(9.000246520417,23.604999705985,4.8));
#1564 = CARTESIAN_POINT('',(9.000098608324,23.683999691031,4.8));
#1565 = CARTESIAN_POINT('',(9.00002465191,23.762999776485,4.8));
#1566 = CARTESIAN_POINT('',(8.99999999979,23.841999860442,4.8));
#1567 = CARTESIAN_POINT('',(9.,23.920999917749,4.8));
#1568 = CARTESIAN_POINT('',(9.,24.,4.8));
#1569 = ORIENTED_EDGE('',*,*,#1570,.T.);
#1570 = EDGE_CURVE('',#1539,#1430,#1571,.T.);
#1571 = B_SPLINE_CURVE_WITH_KNOTS('',6,(#1572,#1573,#1574,#1575,#1576,
    #1577,#1578,#1579,#1580,#1581,#1582,#1583,#1584,#1585,#1586,#1587,
    #1588),.UNSPECIFIED.,.F.,.F.,(7,5,5,7),(0.,0.221287530559,
    0.594415696559,1.),.UNSPECIFIED.);
#1572 = CARTESIAN_POINT('',(9.073400085462,21.487823749527,4.80034129335
    ));
#1573 = CARTESIAN_POINT('',(9.084010573521,21.366772954459,
    4.741699091665));
#1574 = CARTESIAN_POINT('',(9.096004401559,21.243940287813,
    4.685209202103));
#1575 = CARTESIAN_POINT('',(9.10952939415,21.119418534575,4.630972420571
    ));
#1576 = CARTESIAN_POINT('',(9.124740725068,20.993328494351,
    4.579092433872));
#1577 = CARTESIAN_POINT('',(9.141792400883,20.865821951471,
    4.529669682578));
#1578 = CARTESIAN_POINT('',(9.192927236449,20.520011794644,
    4.403756966541));
#1579 = CARTESIAN_POINT('',(9.230675891669,20.299388547059,
    4.331945275779));
#1580 = CARTESIAN_POINT('',(9.274754038089,20.076198485604,
    4.267837616429));
#1581 = CARTESIAN_POINT('',(9.32575596068,19.851606593221,4.211775251149
    ));
#1582 = CARTESIAN_POINT('',(9.384040501539,19.626931417701,
    4.163894104165));
#1583 = CARTESIAN_POINT('',(9.520805194162,19.160840450518,
    4.080830037311));
#1584 = CARTESIAN_POINT('',(9.600630798857,18.919566598775,
    4.047095779797));
#1585 = CARTESIAN_POINT('',(9.689015009453,18.681634637993,
    4.022780033495));
#1586 = CARTESIAN_POINT('',(9.785541632798,18.448458131544,
    4.007327799197));
#1587 = CARTESIAN_POINT('',(9.889487818379,18.221024363242,4.));
#1588 = CARTESIAN_POINT('',(10.,18.,4.));
#1589 = ORIENTED_EDGE('',*,*,#1429,.F.);
#1590 = SURFACE_OF_LINEAR_EXTRUSION('',#1591,#1596);
#1591 = B_SPLINE_CURVE_WITH_KNOTS('',3,(#1592,#1593,#1594,#1595),
  .UNSPECIFIED.,.F.,.F.,(4,4),(0.,1.),.PIECEWISE_BEZIER_KNOTS.);
#1592 = CARTESIAN_POINT('',(9.,24.,0.));
#1593 = CARTESIAN_POINT('',(9.,22.,0.));
#1594 = CARTESIAN_POINT('',(9.,20.,0.));
#1595 = CARTESIAN_POINT('',(10.,18.,0.));
#1596 = VECTOR('',#1597,1.);
#1597 = DIRECTION('',(-0.,-0.,-1.));
#1598 = ADVANCED_FACE('',(#1599),#1617,.T.);
#1599 = FACE_BOUND('',#1600,.T.);
#1600 = EDGE_LOOP('',(#1601,#1602,#1610,#1616));
#1601 = ORIENTED_EDGE('',*,*,#217,.F.);
#1602 = ORIENTED_EDGE('',*,*,#1603,.T.);
#1603 = EDGE_CURVE('',#210,#1604,#1606,.T.);
#1604 = VERTEX_POINT('',#1605);
#1605 = CARTESIAN_POINT('',(9.,40.,4.8));
#1606 = LINE('',#1607,#1608);
#1607 = CARTESIAN_POINT('',(9.,40.,-0.5));
#1608 = VECTOR('',#1609,1.);
#1609 = DIRECTION('',(0.,0.,1.));
#1610 = ORIENTED_EDGE('',*,*,#1611,.F.);
#1611 = EDGE_CURVE('',#1531,#1604,#1612,.T.);
#1612 = LINE('',#1613,#1614);
#1613 = CARTESIAN_POINT('',(9.,64.702573335308,4.8));
#1614 = VECTOR('',#1615,1.);
#1615 = DIRECTION('',(0.,1.,0.));
#1616 = ORIENTED_EDGE('',*,*,#1530,.F.);
#1617 = PLANE('',#1618);
#1618 = AXIS2_PLACEMENT_3D('',#1619,#1620,#1621);
#1619 = CARTESIAN_POINT('',(9.,59.,0.));
#1620 = DIRECTION('',(1.,0.,0.));
#1621 = DIRECTION('',(0.,-1.,0.));
#1622 = ADVANCED_FACE('',(#1623),#1641,.T.);
#1623 = FACE_BOUND('',#1624,.T.);
#1624 = EDGE_LOOP('',(#1625,#1626,#1634,#1640));
#1625 = ORIENTED_EDGE('',*,*,#209,.F.);
#1626 = ORIENTED_EDGE('',*,*,#1627,.F.);
#1627 = EDGE_CURVE('',#1628,#202,#1630,.T.);
#1628 = VERTEX_POINT('',#1629);
#1629 = CARTESIAN_POINT('',(0.,40.,4.8));
#1630 = LINE('',#1631,#1632);
#1631 = CARTESIAN_POINT('',(0.,40.,3.031125827815));
#1632 = VECTOR('',#1633,1.);
#1633 = DIRECTION('',(0.,0.,-1.));
#1634 = ORIENTED_EDGE('',*,*,#1635,.F.);
#1635 = EDGE_CURVE('',#1604,#1628,#1636,.T.);
#1636 = LINE('',#1637,#1638);
#1637 = CARTESIAN_POINT('',(9.080162250138,40.,4.8));
#1638 = VECTOR('',#1639,1.);
#1639 = DIRECTION('',(-1.,0.,0.));
#1640 = ORIENTED_EDGE('',*,*,#1603,.F.);
#1641 = PLANE('',#1642);
#1642 = AXIS2_PLACEMENT_3D('',#1643,#1644,#1645);
#1643 = CARTESIAN_POINT('',(-1.,40.,-1.));
#1644 = DIRECTION('',(0.,1.,0.));
#1645 = DIRECTION('',(0.,0.,1.));
#1646 = ADVANCED_FACE('',(#1647,#1690),#1717,.T.);
#1647 = FACE_BOUND('',#1648,.T.);
#1648 = EDGE_LOOP('',(#1649,#1659,#1667,#1675,#1681,#1682,#1683,#1684));
#1649 = ORIENTED_EDGE('',*,*,#1650,.T.);
#1650 = EDGE_CURVE('',#1651,#1653,#1655,.T.);
#1651 = VERTEX_POINT('',#1652);
#1652 = CARTESIAN_POINT('',(0.,8.,4.8));
#1653 = VERTEX_POINT('',#1654);
#1654 = CARTESIAN_POINT('',(0.,8.,23.4));
#1655 = LINE('',#1656,#1657);
#1656 = CARTESIAN_POINT('',(0.,8.,0.));
#1657 = VECTOR('',#1658,1.);
#1658 = DIRECTION('',(0.,0.,1.));
#1659 = ORIENTED_EDGE('',*,*,#1660,.T.);
#1660 = EDGE_CURVE('',#1653,#1661,#1663,.T.);
#1661 = VERTEX_POINT('',#1662);
#1662 = CARTESIAN_POINT('',(-1.554312234475E-15,28.,23.4));
#1663 = LINE('',#1664,#1665);
#1664 = CARTESIAN_POINT('',(0.,8.,23.4));
#1665 = VECTOR('',#1666,1.);
#1666 = DIRECTION('',(0.,1.,0.));
#1667 = ORIENTED_EDGE('',*,*,#1668,.F.);
#1668 = EDGE_CURVE('',#1669,#1661,#1671,.T.);
#1669 = VERTEX_POINT('',#1670);
#1670 = CARTESIAN_POINT('',(0.,28.,4.8));
#1671 = LINE('',#1672,#1673);
#1672 = CARTESIAN_POINT('',(0.,28.,0.));
#1673 = VECTOR('',#1674,1.);
#1674 = DIRECTION('',(0.,0.,1.));
#1675 = ORIENTED_EDGE('',*,*,#1676,.T.);
#1676 = EDGE_CURVE('',#1669,#1628,#1677,.T.);
#1677 = LINE('',#1678,#1679);
#1678 = CARTESIAN_POINT('',(0.,4.,4.8));
#1679 = VECTOR('',#1680,1.);
#1680 = DIRECTION('',(0.,1.,0.));
#1681 = ORIENTED_EDGE('',*,*,#1627,.T.);
#1682 = ORIENTED_EDGE('',*,*,#201,.F.);
#1683 = ORIENTED_EDGE('',*,*,#755,.T.);
#1684 = ORIENTED_EDGE('',*,*,#1685,.T.);
#1685 = EDGE_CURVE('',#747,#1651,#1686,.T.);
#1686 = LINE('',#1687,#1688);
#1687 = CARTESIAN_POINT('',(0.,4.,4.8));
#1688 = VECTOR('',#1689,1.);
#1689 = DIRECTION('',(0.,1.,0.));
#1690 = FACE_BOUND('',#1691,.T.);
#1691 = EDGE_LOOP('',(#1692,#1703,#1711));
#1692 = ORIENTED_EDGE('',*,*,#1693,.F.);
#1693 = EDGE_CURVE('',#1694,#1696,#1698,.T.);
#1694 = VERTEX_POINT('',#1695);
#1695 = CARTESIAN_POINT('',(0.,21.031088913246,13.75));
#1696 = VERTEX_POINT('',#1697);
#1697 = CARTESIAN_POINT('',(0.,14.968911086754,13.75));
#1698 = CIRCLE('',#1699,3.5);
#1699 = AXIS2_PLACEMENT_3D('',#1700,#1701,#1702);
#1700 = CARTESIAN_POINT('',(0.,18.,12.));
#1701 = DIRECTION('',(-1.,0.,-2.22044604925E-16));
#1702 = DIRECTION('',(-1.110223024625E-16,-0.866025403784,0.5));
#1703 = ORIENTED_EDGE('',*,*,#1704,.T.);
#1704 = EDGE_CURVE('',#1694,#1705,#1707,.T.);
#1705 = VERTEX_POINT('',#1706);
#1706 = CARTESIAN_POINT('',(0.,18.,19.));
#1707 = LINE('',#1708,#1709);
#1708 = CARTESIAN_POINT('',(1.110223024625E-16,29.028122921626,
    -0.101269212371));
#1709 = VECTOR('',#1710,1.);
#1710 = DIRECTION('',(0.,-0.5,0.866025403784));
#1711 = ORIENTED_EDGE('',*,*,#1712,.T.);
#1712 = EDGE_CURVE('',#1705,#1696,#1713,.T.);
#1713 = LINE('',#1714,#1715);
#1714 = CARTESIAN_POINT('',(0.,22.343381799898,26.522957954093));
#1715 = VECTOR('',#1716,1.);
#1716 = DIRECTION('',(0.,-0.5,-0.866025403784));
#1717 = PLANE('',#1718);
#1718 = AXIS2_PLACEMENT_3D('',#1719,#1720,#1721);
#1719 = CARTESIAN_POINT('',(0.,73.423841059603,7.062251655629));
#1720 = DIRECTION('',(-1.,-0.,-0.));
#1721 = DIRECTION('',(0.,0.,-1.));
#1722 = ADVANCED_FACE('',(#1723),#1739,.F.);
#1723 = FACE_BOUND('',#1724,.T.);
#1724 = EDGE_LOOP('',(#1725,#1736,#1737,#1738));
#1725 = ORIENTED_EDGE('',*,*,#1726,.F.);
#1726 = EDGE_CURVE('',#522,#578,#1727,.T.);
#1727 = B_SPLINE_CURVE_WITH_KNOTS('',7,(#1728,#1729,#1730,#1731,#1732,
    #1733,#1734,#1735),.UNSPECIFIED.,.F.,.F.,(8,8),(0.,1.),
  .PIECEWISE_BEZIER_KNOTS.);
#1728 = CARTESIAN_POINT('',(15.678627542772,0.231688256385,
    15.399999999978));
#1729 = CARTESIAN_POINT('',(15.768982016664,0.311394802715,
    15.48584026521));
#1730 = CARTESIAN_POINT('',(15.859910585318,0.391023803184,
    15.571643391701));
#1731 = CARTESIAN_POINT('',(15.951447443571,0.470570810584,
    15.657407338594));
#1732 = CARTESIAN_POINT('',(16.043593834288,0.550032186993,
    15.743128563969));
#1733 = CARTESIAN_POINT('',(16.136389256154,0.629402022139,
    15.828803939045));
#1734 = CARTESIAN_POINT('',(16.229857336214,0.708674542912,
    15.91442936002));
#1735 = CARTESIAN_POINT('',(16.324031756266,0.787842545233,16.));
#1736 = ORIENTED_EDGE('',*,*,#529,.T.);
#1737 = ORIENTED_EDGE('',*,*,#357,.T.);
#1738 = ORIENTED_EDGE('',*,*,#608,.F.);
#1739 = PLANE('',#1740);
#1740 = AXIS2_PLACEMENT_3D('',#1741,#1742,#1743);
#1741 = CARTESIAN_POINT('',(15.699643233551,0.530951252351,15.7));
#1742 = DIRECTION('',(4.953440355331E-02,0.705369649804,-0.707106781187)
  );
#1743 = DIRECTION('',(-0.997543325239,7.005222530915E-02,
    -6.938893903907E-18));
#1744 = ADVANCED_FACE('',(#1745),#1884,.T.);
#1745 = FACE_BOUND('',#1746,.T.);
#1746 = EDGE_LOOP('',(#1747,#1748,#1749,#1750,#1751,#1793,#1799,#1800,
    #1801,#1809,#1817,#1825));
#1747 = ORIENTED_EDGE('',*,*,#1685,.F.);
#1748 = ORIENTED_EDGE('',*,*,#746,.F.);
#1749 = ORIENTED_EDGE('',*,*,#489,.F.);
#1750 = ORIENTED_EDGE('',*,*,#513,.T.);
#1751 = ORIENTED_EDGE('',*,*,#1752,.T.);
#1752 = EDGE_CURVE('',#514,#1753,#1755,.T.);
#1753 = VERTEX_POINT('',#1754);
#1754 = CARTESIAN_POINT('',(15.952339936564,2.218590294474,4.8));
#1755 = B_SPLINE_CURVE_WITH_KNOTS('',6,(#1756,#1757,#1758,#1759,#1760,
    #1761,#1762,#1763,#1764,#1765,#1766,#1767,#1768,#1769,#1770,#1771,
    #1772,#1773,#1774,#1775,#1776,#1777,#1778,#1779,#1780,#1781,#1782,
    #1783,#1784,#1785,#1786,#1787,#1788,#1789,#1790,#1791,#1792),
  .UNSPECIFIED.,.F.,.F.,(7,5,5,5,5,5,5,7),(0.,0.266945800941,
    0.513604428382,0.620452524755,0.675920354906,0.784324734013,
    0.921687027732,1.),.UNSPECIFIED.);
#1756 = CARTESIAN_POINT('',(15.678627565958,0.23168825478,4.8));
#1757 = CARTESIAN_POINT('',(15.698470563942,0.592376167938,4.8));
#1758 = CARTESIAN_POINT('',(15.729891845283,0.95235794138,4.8));
#1759 = CARTESIAN_POINT('',(15.773521492299,1.311254537623,4.8));
#1760 = CARTESIAN_POINT('',(15.830367273722,1.668371554716,4.8));
#1761 = CARTESIAN_POINT('',(15.901751670335,2.022706354725,4.8));
#1762 = CARTESIAN_POINT('',(16.070935951595,2.696440484932,4.8));
#1763 = CARTESIAN_POINT('',(16.166253373184,3.016195764239,4.8));
#1764 = CARTESIAN_POINT('',(16.277248725999,3.331317858363,4.8));
#1765 = CARTESIAN_POINT('',(16.405921200039,3.639911498236,4.8));
#1766 = CARTESIAN_POINT('',(16.554588569754,3.939037001633,4.8));
#1767 = CARTESIAN_POINT('',(16.800190911962,4.348409613116,4.8));
#1768 = CARTESIAN_POINT('',(16.878659647722,4.469570287621,4.8));
#1769 = CARTESIAN_POINT('',(16.961557444706,4.58780399689,4.8));
#1770 = CARTESIAN_POINT('',(17.049061840861,4.702676142846,4.8));
#1771 = CARTESIAN_POINT('',(17.141305498943,4.813693382633,4.8));
#1772 = CARTESIAN_POINT('',(17.288725328346,4.97568122765,4.8));
#1773 = CARTESIAN_POINT('',(17.340394885501,5.029854140342,4.8));
#1774 = CARTESIAN_POINT('',(17.393363316228,5.082769091939,4.8));
#1775 = CARTESIAN_POINT('',(17.447631141684,5.134348167979,4.8));
#1776 = CARTESIAN_POINT('',(17.503190830209,5.184512616373,4.8));
#1777 = CARTESIAN_POINT('',(17.671099594743,5.328307906061,4.8));
#1778 = CARTESIAN_POINT('',(17.787059974514,5.417746388025,4.8));
#1779 = CARTESIAN_POINT('',(17.907746643018,5.500890902095,4.8));
#1780 = CARTESIAN_POINT('',(18.032894874118,5.577199866313,4.8));
#1781 = CARTESIAN_POINT('',(18.162103651741,5.646248198709,4.8));
#1782 = CARTESIAN_POINT('',(18.462953879435,5.785739841909,4.8));
#1783 = CARTESIAN_POINT('',(18.636780374236,5.851661443818,4.8));
#1784 = CARTESIAN_POINT('',(18.815099225936,5.90497700685,4.8));
#1785 = CARTESIAN_POINT('',(18.996709477495,5.945768881358,4.8));
#1786 = CARTESIAN_POINT('',(19.180456213924,5.974539079202,4.8));
#1787 = CARTESIAN_POINT('',(19.470648690223,6.00201488246,4.8));
#1788 = CARTESIAN_POINT('',(19.576391165438,6.008330048949,4.8));
#1789 = CARTESIAN_POINT('',(19.682333018023,6.011122723476,4.8));
#1790 = CARTESIAN_POINT('',(19.788326288888,6.010552908069,4.8));
#1791 = CARTESIAN_POINT('',(19.894247898104,6.006789807637,4.8));
#1792 = CARTESIAN_POINT('',(20.,6.,4.8));
#1793 = ORIENTED_EDGE('',*,*,#1794,.T.);
#1794 = EDGE_CURVE('',#1753,#1388,#1795,.T.);
#1795 = LINE('',#1796,#1797);
#1796 = CARTESIAN_POINT('',(18.353864693431,2.085648266502,4.8));
#1797 = VECTOR('',#1798,1.);
#1798 = DIRECTION('',(-0.998471294913,5.527271691189E-02,0.));
#1799 = ORIENTED_EDGE('',*,*,#1395,.T.);
#1800 = ORIENTED_EDGE('',*,*,#1464,.T.);
#1801 = ORIENTED_EDGE('',*,*,#1802,.T.);
#1802 = EDGE_CURVE('',#1438,#1803,#1805,.T.);
#1803 = VERTEX_POINT('',#1804);
#1804 = CARTESIAN_POINT('',(8.,14.512880845167,4.8));
#1805 = LINE('',#1806,#1807);
#1806 = CARTESIAN_POINT('',(8.,14.512880845167,4.8));
#1807 = VECTOR('',#1808,1.);
#1808 = DIRECTION('',(-1.,-0.,-2.22044604925E-16));
#1809 = ORIENTED_EDGE('',*,*,#1810,.F.);
#1810 = EDGE_CURVE('',#1811,#1803,#1813,.T.);
#1811 = VERTEX_POINT('',#1812);
#1812 = CARTESIAN_POINT('',(8.,9.,4.8));
#1813 = LINE('',#1814,#1815);
#1814 = CARTESIAN_POINT('',(8.,48.702573335308,4.8));
#1815 = VECTOR('',#1816,1.);
#1816 = DIRECTION('',(0.,1.,0.));
#1817 = ORIENTED_EDGE('',*,*,#1818,.F.);
#1818 = EDGE_CURVE('',#1819,#1811,#1821,.T.);
#1819 = VERTEX_POINT('',#1820);
#1820 = CARTESIAN_POINT('',(4.,6.,4.8));
#1821 = LINE('',#1822,#1823);
#1822 = CARTESIAN_POINT('',(28.084160651976,24.063120488982,4.8));
#1823 = VECTOR('',#1824,1.);
#1824 = DIRECTION('',(0.8,0.6,0.));
#1825 = ORIENTED_EDGE('',*,*,#1826,.F.);
#1826 = EDGE_CURVE('',#1651,#1819,#1827,.T.);
#1827 = B_SPLINE_CURVE_WITH_KNOTS('',7,(#1828,#1829,#1830,#1831,#1832,
    #1833,#1834,#1835,#1836,#1837,#1838,#1839,#1840,#1841,#1842,#1843,
    #1844,#1845,#1846,#1847,#1848,#1849,#1850,#1851,#1852,#1853,#1854,
    #1855,#1856,#1857,#1858,#1859,#1860,#1861,#1862,#1863,#1864,#1865,
    #1866,#1867,#1868,#1869,#1870,#1871,#1872,#1873,#1874,#1875,#1876,
    #1877,#1878,#1879,#1880,#1881,#1882,#1883),.UNSPECIFIED.,.F.,.F.,(8,
    6,6,6,6,6,6,6,6,8),(0.,0.10090951211,0.146694477995,0.232792323673,
    0.317725292921,0.362145395471,0.45531178135,0.692560286609,
    0.876462739944,1.),.UNSPECIFIED.);
#1828 = CARTESIAN_POINT('',(0.,8.,4.8));
#1829 = CARTESIAN_POINT('',(0.,7.926059643841,4.8));
#1830 = CARTESIAN_POINT('',(2.126087904767E-03,7.852182055876,4.8));
#1831 = CARTESIAN_POINT('',(6.555367992668E-03,7.778435019832,4.8));
#1832 = CARTESIAN_POINT('',(1.348286957214E-02,7.704922382498,4.8));
#1833 = CARTESIAN_POINT('',(2.311805568528E-02,7.631783640436,4.8));
#1834 = CARTESIAN_POINT('',(3.567480001558E-02,7.559192560193,4.8));
#1835 = CARTESIAN_POINT('',(5.846922304664E-02,7.454760402934,4.8));
#1836 = CARTESIAN_POINT('',(6.622624536734E-02,7.422322641345,4.8));
#1837 = CARTESIAN_POINT('',(7.464432329181E-02,7.390061863001,4.8));
#1838 = CARTESIAN_POINT('',(8.374114417983E-02,7.358000282914,4.8));
#1839 = CARTESIAN_POINT('',(9.353306510344E-02,7.326161827391,4.8));
#1840 = CARTESIAN_POINT('',(0.104034519529,7.294571946078,4.8));
#1841 = CARTESIAN_POINT('',(0.136361904008,7.204371000537,4.8));
#1842 = CARTESIAN_POINT('',(0.160021416634,7.146447676541,4.8));
#1843 = CARTESIAN_POINT('',(0.186310889327,7.089681410672,4.8));
#1844 = CARTESIAN_POINT('',(0.215274722619,7.034266753158,4.8));
#1845 = CARTESIAN_POINT('',(0.246915052615,6.980392426434,4.8));
#1846 = CARTESIAN_POINT('',(0.281180013495,6.928234905789,4.8));
#1847 = CARTESIAN_POINT('',(0.354226473239,6.828349405911,4.8));
#1848 = CARTESIAN_POINT('',(0.392950177003,6.780557867372,4.8));
#1849 = CARTESIAN_POINT('',(0.434012480408,6.734730875644,4.8));
#1850 = CARTESIAN_POINT('',(0.477267520875,6.690966651127,4.8));
#1851 = CARTESIAN_POINT('',(0.522542794351,6.649316649841,4.8));
#1852 = CARTESIAN_POINT('',(0.569647745515,6.609794069901,4.8));
#1853 = CARTESIAN_POINT('',(0.643870651927,6.55281596236,4.8));
#1854 = CARTESIAN_POINT('',(0.669807048933,6.533825166862,4.8));
#1855 = CARTESIAN_POINT('',(0.696164833853,6.515406401735,4.8));
#1856 = CARTESIAN_POINT('',(0.7229177134,6.497553441385,4.8));
#1857 = CARTESIAN_POINT('',(0.750040138583,6.480257870598,4.8));
#1858 = CARTESIAN_POINT('',(0.777507627148,6.463509550749,4.8));
#1859 = CARTESIAN_POINT('',(0.863582486037,6.41329318551,4.8));
#1860 = CARTESIAN_POINT('',(0.923279592918,6.381649668567,4.8));
#1861 = CARTESIAN_POINT('',(0.984181861477,6.352254524161,4.8));
#1862 = CARTESIAN_POINT('',(1.046103815802,6.324980145744,4.8));
#1863 = CARTESIAN_POINT('',(1.108884762613,6.299690733426,4.8));
#1864 = CARTESIAN_POINT('',(1.172392504641,6.276249696172,4.8));
#1865 = CARTESIAN_POINT('',(1.39984589295,6.199210274917,4.8));
#1866 = CARTESIAN_POINT('',(1.567026601568,6.155102768915,4.8));
#1867 = CARTESIAN_POINT('',(1.736646806643,6.119904411858,4.8));
#1868 = CARTESIAN_POINT('',(1.907708837829,6.091922984778,4.8));
#1869 = CARTESIAN_POINT('',(2.079575668466,6.069790244281,4.8));
#1870 = CARTESIAN_POINT('',(2.251965320126,6.05242244178,4.8));
#1871 = CARTESIAN_POINT('',(2.559003429652,6.028471761997,4.8));
#1872 = CARTESIAN_POINT('',(2.69331468766,6.020350375058,4.8));
#1873 = CARTESIAN_POINT('',(2.827785636591,6.01415417405,4.8));
#1874 = CARTESIAN_POINT('',(2.962358337876,6.009541829128,4.8));
#1875 = CARTESIAN_POINT('',(3.096993539016,6.006217223119,4.8));
#1876 = CARTESIAN_POINT('',(3.231669593575,6.003912861357,4.8));
#1877 = CARTESIAN_POINT('',(3.456875689027,6.001353690828,4.8));
#1878 = CARTESIAN_POINT('',(3.547382458876,6.000674400497,4.8));
#1879 = CARTESIAN_POINT('',(3.637898401894,6.000269291405,4.8));
#1880 = CARTESIAN_POINT('',(3.728420313234,6.000067324292,4.8));
#1881 = CARTESIAN_POINT('',(3.818945683293,5.999999988461,4.8));
#1882 = CARTESIAN_POINT('',(3.909472658149,6.,4.8));
#1883 = CARTESIAN_POINT('',(4.,6.,4.8));
#1884 = PLANE('',#1885);
#1885 = AXIS2_PLACEMENT_3D('',#1886,#1887,#1888);
#1886 = CARTESIAN_POINT('',(19.160324500276,59.073886492491,4.8));
#1887 = DIRECTION('',(0.,0.,1.));
#1888 = DIRECTION('',(1.,0.,0.));
#1889 = ADVANCED_FACE('',(#1890),#1933,.F.);
#1890 = FACE_BOUND('',#1891,.F.);
#1891 = EDGE_LOOP('',(#1892,#1893,#1894,#1904));
#1892 = ORIENTED_EDGE('',*,*,#521,.F.);
#1893 = ORIENTED_EDGE('',*,*,#1752,.T.);
#1894 = ORIENTED_EDGE('',*,*,#1895,.F.);
#1895 = EDGE_CURVE('',#1896,#1753,#1898,.T.);
#1896 = VERTEX_POINT('',#1897);
#1897 = CARTESIAN_POINT('',(15.952339949973,2.218590292956,15.4));
#1898 = B_SPLINE_CURVE_WITH_KNOTS('',4,(#1899,#1900,#1901,#1902,#1903),
  .UNSPECIFIED.,.F.,.F.,(5,5),(0.,1.),.PIECEWISE_BEZIER_KNOTS.);
#1899 = CARTESIAN_POINT('',(15.952339949973,2.218590292956,16.));
#1900 = CARTESIAN_POINT('',(15.952339949973,2.218590292956,
    12.000000000392));
#1901 = CARTESIAN_POINT('',(15.952339949973,2.218590292956,
    7.999999999975));
#1902 = CARTESIAN_POINT('',(15.952339949973,2.218590292956,
    3.999999999608));
#1903 = CARTESIAN_POINT('',(15.952339949973,2.218590292956,0.));
#1904 = ORIENTED_EDGE('',*,*,#1905,.T.);
#1905 = EDGE_CURVE('',#1896,#522,#1906,.T.);
#1906 = B_SPLINE_CURVE_WITH_KNOTS('',13,(#1907,#1908,#1909,#1910,#1911,
    #1912,#1913,#1914,#1915,#1916,#1917,#1918,#1919,#1920,#1921,#1922,
    #1923,#1924,#1925,#1926,#1927,#1928,#1929,#1930,#1931,#1932),
  .UNSPECIFIED.,.F.,.F.,(14,12,14),(-1.986561712536,2.017576907914,
    2.177269364555),.UNSPECIFIED.);
#1907 = CARTESIAN_POINT('',(16.588615029829,3.981138753945,
    15.400120490165));
#1908 = CARTESIAN_POINT('',(16.454729274888,3.72855464097,
    15.399951737092));
#1909 = CARTESIAN_POINT('',(16.33563190423,3.46974523333,15.400013725419
    ));
#1910 = CARTESIAN_POINT('',(16.226741820221,3.199602713386,
    15.399998426065));
#1911 = CARTESIAN_POINT('',(16.135304374308,2.936384699571,
    15.400000837191));
#1912 = CARTESIAN_POINT('',(16.040088183115,2.635245466089,
    15.399996128292));
#1913 = CARTESIAN_POINT('',(15.975935149932,2.376966768195,
    15.400005987157));
#1914 = CARTESIAN_POINT('',(15.894994382112,2.049841563036,
    15.399994419498));
#1915 = CARTESIAN_POINT('',(15.846876606684,1.774140392782,
    15.400003548906));
#1916 = CARTESIAN_POINT('',(15.791629747597,1.456820515907,
    15.39999845113));
#1917 = CARTESIAN_POINT('',(15.752823624666,1.154409063726,
    15.400000432495));
#1918 = CARTESIAN_POINT('',(15.719584246581,0.843669486718,
    15.399999938966));
#1919 = CARTESIAN_POINT('',(15.694993221613,0.533100326901,
    15.400000000005));
#1920 = CARTESIAN_POINT('',(15.677434840702,0.209787707804,
    15.400000000002));
#1921 = CARTESIAN_POINT('',(15.676761436586,0.197387928502,
    15.400000000001));
#1922 = CARTESIAN_POINT('',(15.676088032471,0.1849881492,15.400000000001
    ));
#1923 = CARTESIAN_POINT('',(15.675414628356,0.172588369898,
    15.400000000001));
#1924 = CARTESIAN_POINT('',(15.674741224241,0.160188590596,
    15.400000000001));
#1925 = CARTESIAN_POINT('',(15.674067820126,0.147788811294,
    15.400000000001));
#1926 = CARTESIAN_POINT('',(15.67339441601,0.135389031992,
    15.400000000001));
#1927 = CARTESIAN_POINT('',(15.672721011895,0.12298925269,
    15.400000000001));
#1928 = CARTESIAN_POINT('',(15.67204760778,0.110589473388,15.4));
#1929 = CARTESIAN_POINT('',(15.671374203665,9.818969408636E-02,15.4));
#1930 = CARTESIAN_POINT('',(15.67070079955,8.578991478439E-02,15.4));
#1931 = CARTESIAN_POINT('',(15.670027395434,7.339013548242E-02,15.4));
#1932 = CARTESIAN_POINT('',(15.669353991319,6.099035618045E-02,15.4));
#1933 = SURFACE_OF_LINEAR_EXTRUSION('',#1934,#1939);
#1934 = B_SPLINE_CURVE_WITH_KNOTS('',3,(#1935,#1936,#1937,#1938),
  .UNSPECIFIED.,.F.,.F.,(4,4),(0.,1.),.PIECEWISE_BEZIER_KNOTS.);
#1935 = CARTESIAN_POINT('',(20.,6.,0.));
#1936 = CARTESIAN_POINT('',(17.007043062957,6.192162628496,0.));
#1937 = CARTESIAN_POINT('',(15.843338390383,3.225651343673,0.));
#1938 = CARTESIAN_POINT('',(15.678627565958,0.23168825478,0.));
#1939 = VECTOR('',#1940,1.);
#1940 = DIRECTION('',(-0.,-0.,-1.));
#1941 = ADVANCED_FACE('',(#1942),#2030,.T.);
#1942 = FACE_BOUND('',#1943,.T.);
#1943 = EDGE_LOOP('',(#1944,#1987,#1988,#1989));
#1944 = ORIENTED_EDGE('',*,*,#1945,.T.);
#1945 = EDGE_CURVE('',#1946,#546,#1948,.T.);
#1946 = VERTEX_POINT('',#1947);
#1947 = CARTESIAN_POINT('',(50.315188885978,10.76265515077,
    15.408935249213));
#1948 = B_SPLINE_CURVE_WITH_KNOTS('',13,(#1949,#1950,#1951,#1952,#1953,
    #1954,#1955,#1956,#1957,#1958,#1959,#1960,#1961,#1962,#1963,#1964,
    #1965,#1966,#1967,#1968,#1969,#1970,#1971,#1972,#1973,#1974,#1975,
    #1976,#1977,#1978,#1979,#1980,#1981,#1982,#1983,#1984,#1985,#1986),
  .UNSPECIFIED.,.F.,.F.,(14,12,12,14),(-1.159395076516,
    -8.807421775075E-02,53.477968720524,107.0440116588),.UNSPECIFIED.);
#1949 = CARTESIAN_POINT('',(57.194854080096,115.67283172223,
    15.400000310839));
#1950 = CARTESIAN_POINT('',(57.184297476455,115.59517104415,
    15.400000146677));
#1951 = CARTESIAN_POINT('',(57.173763967434,115.51753974105,
    15.400000050517));
#1952 = CARTESIAN_POINT('',(57.163251631684,115.43992420654,
    15.400000003535));
#1953 = CARTESIAN_POINT('',(57.152758724717,115.36231209921,
    15.399999988792));
#1954 = CARTESIAN_POINT('',(57.142283687096,115.28469235728,
    15.39999999396));
#1955 = CARTESIAN_POINT('',(57.131825129107,115.2070551712,
    15.400000006265));
#1956 = CARTESIAN_POINT('',(57.121381854227,115.12939202564,
    15.400000020192));
#1957 = CARTESIAN_POINT('',(57.110952829265,115.05169564598,
    15.400000027728));
#1958 = CARTESIAN_POINT('',(57.100537216184,114.97396005541,
    15.400000028712));
#1959 = CARTESIAN_POINT('',(57.090134343628,114.89618052379,
    15.400000021617));
#1960 = CARTESIAN_POINT('',(57.079743728238,114.81835360597,
    15.40000001042));
#1961 = CARTESIAN_POINT('',(57.069365061452,114.74047711806,
    15.400000000367));
#1962 = CARTESIAN_POINT('',(56.540655948146,110.76620170838,
    15.399999985511));
#1963 = CARTESIAN_POINT('',(56.051668445987,106.74248655998,
    15.400001276616));
#1964 = CARTESIAN_POINT('',(55.590814442495,102.60562418354,
    15.400054269927));
#1965 = CARTESIAN_POINT('',(55.157091541869,98.371216834587,
    15.400833075514));
#1966 = CARTESIAN_POINT('',(54.749159515292,94.052306765739,
    15.403288097337));
#1967 = CARTESIAN_POINT('',(54.366322517518,89.666795856838,
    15.408345597177));
#1968 = CARTESIAN_POINT('',(54.007009736841,85.226055940457,
    15.416704280926));
#1969 = CARTESIAN_POINT('',(53.670611383399,80.748719983489,
    15.428806016912));
#1970 = CARTESIAN_POINT('',(53.355682866225,76.247189851665,
    15.444788786902));
#1971 = CARTESIAN_POINT('',(53.061348869564,71.738177362083,
    15.464388065002));
#1972 = CARTESIAN_POINT('',(52.786428578544,67.236125776963,
    15.486930135873));
#1973 = CARTESIAN_POINT('',(52.529861483999,62.756400253762,
    15.510941253166));
#1974 = CARTESIAN_POINT('',(52.051239208306,53.87179610128,
    15.557400420457));
#1975 = CARTESIAN_POINT('',(51.829184348511,49.466919335027,
    15.579504135299));
#1976 = CARTESIAN_POINT('',(51.623295530273,45.114620215086,
    15.599467841231));
#1977 = CARTESIAN_POINT('',(51.432478420023,40.830022868755,
    15.613334921048));
#1978 = CARTESIAN_POINT('',(51.255638648943,36.62825307629,
    15.616032775745));
#1979 = CARTESIAN_POINT('',(51.09168144026,32.524421616172,
    15.604126986427));
#1980 = CARTESIAN_POINT('',(50.939510301227,28.533596686989,
    15.577737114135));
#1981 = CARTESIAN_POINT('',(50.79802669685,24.67078291226,
    15.540728859426));
#1982 = CARTESIAN_POINT('',(50.666130990897,20.950906258156,
    15.499177999874));
#1983 = CARTESIAN_POINT('',(50.542723362173,17.388786126319,
    15.458982286269));
#1984 = CARTESIAN_POINT('',(50.426701777244,13.999057702709,
    15.42437817123));
#1985 = CARTESIAN_POINT('',(50.316952511167,10.79598956441,
    15.400000000003));
#1986 = CARTESIAN_POINT('',(50.212327095338,7.79312338792,15.4));
#1987 = ORIENTED_EDGE('',*,*,#543,.F.);
#1988 = ORIENTED_EDGE('',*,*,#824,.F.);
#1989 = ORIENTED_EDGE('',*,*,#1990,.F.);
#1990 = EDGE_CURVE('',#1946,#794,#1991,.T.);
#1991 = B_SPLINE_CURVE_WITH_KNOTS('',7,(#1992,#1993,#1994,#1995,#1996,
    #1997,#1998,#1999,#2000,#2001,#2002,#2003,#2004,#2005,#2006,#2007,
    #2008,#2009,#2010,#2011,#2012,#2013,#2014,#2015,#2016,#2017,#2018,
    #2019,#2020,#2021,#2022,#2023,#2024,#2025,#2026,#2027,#2028,#2029),
  .UNSPECIFIED.,.F.,.F.,(8,6,6,6,6,6,8),(0.,8.669127937695E-02,
    0.311222626355,0.597150782112,0.701310991944,0.832570970428,1.),
  .UNSPECIFIED.);
#1992 = CARTESIAN_POINT('',(50.318773332413,10.866534243855,
    15.621279650331));
#1993 = CARTESIAN_POINT('',(50.31635039846,10.796312725032,
    15.482952084323));
#1994 = CARTESIAN_POINT('',(50.314047406222,10.729573892456,
    15.343731935207));
#1995 = CARTESIAN_POINT('',(50.311863123066,10.666281464651,
    15.203687735679));
#1996 = CARTESIAN_POINT('',(50.309796402413,10.606401559037,
    15.06288433284));
#1997 = CARTESIAN_POINT('',(50.307846183735,10.54990269193,
    14.921382888193));
#1998 = CARTESIAN_POINT('',(50.306011492556,10.496755778545,
    14.779240877642));
#1999 = CARTESIAN_POINT('',(50.299836486981,10.317895534582,
    14.266842998644));
#2000 = CARTESIAN_POINT('',(50.296150924917,10.211174383121,
    13.893270699877));
#2001 = CARTESIAN_POINT('',(50.293218507821,10.126284599697,
    13.516688927113));
#2002 = CARTESIAN_POINT('',(50.291028349927,10.06289462725,
    13.137928571436));
#2003 = CARTESIAN_POINT('',(50.289573098487,10.020779209581,
    12.75776349426));
#2004 = CARTESIAN_POINT('',(50.28884860999,9.999812283171,
    12.376912366035));
#2005 = CARTESIAN_POINT('',(50.288863433456,10.000241279026,
    11.511012387228));
#2006 = CARTESIAN_POINT('',(50.290057168667,10.034788359837,
    11.026104467579));
#2007 = CARTESIAN_POINT('',(50.292435497015,10.103618018408,
    10.542603515486));
#2008 = CARTESIAN_POINT('',(50.29600983949,10.207077248198,
    10.061999337785));
#2009 = CARTESIAN_POINT('',(50.300799917191,10.345769489824,
    9.585976920687));
#2010 = CARTESIAN_POINT('',(50.306833228685,10.520530912975,
    9.116414782124));
#2011 = CARTESIAN_POINT('',(50.316821847378,10.809974347678,
    8.487492958676));
#2012 = CARTESIAN_POINT('',(50.319659681138,10.892216077893,
    8.320713709977));
#2013 = CARTESIAN_POINT('',(50.322670208681,10.979472300516,
    8.155197248718));
#2014 = CARTESIAN_POINT('',(50.32585557313,11.071805968941,
    7.991063957274));
#2015 = CARTESIAN_POINT('',(50.329218070098,11.169283921495,
    7.828445358145));
#2016 = CARTESIAN_POINT('',(50.332760147692,11.271976881442,
    7.667484113959));
#2017 = CARTESIAN_POINT('',(50.341177620288,11.516036280987,
    7.307777241325));
#2018 = CARTESIAN_POINT('',(50.346159942005,11.660507188535,
    7.110105581635));
#2019 = CARTESIAN_POINT('',(50.351436760987,11.813526313027,
    6.915620343155));
#2020 = CARTESIAN_POINT('',(50.357013457164,11.975245462033,
    6.72467209776));
#2021 = CARTESIAN_POINT('',(50.362895340158,12.145811415081,
    6.537659775356));
#2022 = CARTESIAN_POINT('',(50.369087588367,12.325363221457,
    6.355029744789));
#2023 = CARTESIAN_POINT('',(50.383895974899,12.754683290258,
    5.950539202853));
#2024 = CARTESIAN_POINT('',(50.392708632847,13.010131381713,
    5.731769002859));
#2025 = CARTESIAN_POINT('',(50.402044131381,13.280658477325,
    5.521963206548));
#2026 = CARTESIAN_POINT('',(50.411909416724,13.566420128216,
    5.322352053236));
#2027 = CARTESIAN_POINT('',(50.422305888864,13.867393743017,
    5.134363826921));
#2028 = CARTESIAN_POINT('',(50.43322718505,14.183312993667,
    4.959577129011));
#2029 = CARTESIAN_POINT('',(50.444656269779,14.513585615668,
    4.79965870665));
#2030 = SURFACE_OF_LINEAR_EXTRUSION('',#2031,#2036);
#2031 = B_SPLINE_CURVE_WITH_KNOTS('',3,(#2032,#2033,#2034,#2035),
  .UNSPECIFIED.,.F.,.F.,(4,4),(0.,1.),.PIECEWISE_BEZIER_KNOTS.);
#2032 = CARTESIAN_POINT('',(57.047924928494,114.57923953727,0.));
#2033 = CARTESIAN_POINT('',(52.564327502608,80.816873593481,0.));
#2034 = CARTESIAN_POINT('',(51.118335249188,33.796568337102,0.));
#2035 = CARTESIAN_POINT('',(50.212327095338,7.79312338792,0.));
#2036 = VECTOR('',#2037,1.);
#2037 = DIRECTION('',(-0.,-0.,-1.));
#2038 = ADVANCED_FACE('',(#2039),#2054,.F.);
#2039 = FACE_BOUND('',#2040,.F.);
#2040 = EDGE_LOOP('',(#2041,#2051,#2052,#2053));
#2041 = ORIENTED_EDGE('',*,*,#2042,.T.);
#2042 = EDGE_CURVE('',#1896,#576,#2043,.T.);
#2043 = B_SPLINE_CURVE_WITH_KNOTS('',6,(#2044,#2045,#2046,#2047,#2048,
    #2049,#2050),.UNSPECIFIED.,.F.,.F.,(7,7),(0.,1.),
  .PIECEWISE_BEZIER_KNOTS.);
#2044 = CARTESIAN_POINT('',(15.952340440949,2.218590266555,
    15.400000000777));
#2045 = CARTESIAN_POINT('',(16.077322149944,2.312272944924,
    15.50044754458));
#2046 = CARTESIAN_POINT('',(16.203950703392,2.405720112731,
    15.600750963414));
#2047 = CARTESIAN_POINT('',(16.332375162606,2.498902531567,
    15.70088930259));
#2048 = CARTESIAN_POINT('',(16.462766889555,2.591782748944,
    15.800834638518));
#2049 = CARTESIAN_POINT('',(16.595355580667,2.684311073681,
    15.900550051924));
#2050 = CARTESIAN_POINT('',(16.730275682217,2.776444465964,16.));
#2051 = ORIENTED_EDGE('',*,*,#575,.T.);
#2052 = ORIENTED_EDGE('',*,*,#1726,.F.);
#2053 = ORIENTED_EDGE('',*,*,#1905,.F.);
#2054 = B_SPLINE_SURFACE_WITH_KNOTS('',1,13,(
    (#2055,#2056,#2057,#2058,#2059,#2060,#2061,#2062,#2063,#2064,#2065
      ,#2066,#2067,#2068,#2069,#2070,#2071,#2072,#2073,#2074,#2075,#2076
      ,#2077,#2078,#2079,#2080)
    ,(#2081,#2082,#2083,#2084,#2085,#2086,#2087,#2088,#2089,#2090,#2091
      ,#2092,#2093,#2094,#2095,#2096,#2097,#2098,#2099,#2100,#2101,#2102
      ,#2103,#2104,#2105,#2106
    )),.UNSPECIFIED.,.F.,.F.,.F.,(2,2),(14,12,14),(0.,4.004138620449),(
    -1.986561712536,2.017576907914,2.177269364555),.UNSPECIFIED.);
#2055 = CARTESIAN_POINT('',(16.588615029829,3.981138753945,
    15.400120490165));
#2056 = CARTESIAN_POINT('',(16.454729274888,3.72855464097,
    15.399951737092));
#2057 = CARTESIAN_POINT('',(16.33563190423,3.46974523333,15.400013725419
    ));
#2058 = CARTESIAN_POINT('',(16.226741820221,3.199602713386,
    15.399998426065));
#2059 = CARTESIAN_POINT('',(16.135304374308,2.936384699571,
    15.400000837191));
#2060 = CARTESIAN_POINT('',(16.040088183115,2.635245466089,
    15.399996128292));
#2061 = CARTESIAN_POINT('',(15.975935149932,2.376966768195,
    15.400005987157));
#2062 = CARTESIAN_POINT('',(15.894994382112,2.049841563036,
    15.399994419498));
#2063 = CARTESIAN_POINT('',(15.846876606684,1.774140392782,
    15.400003548906));
#2064 = CARTESIAN_POINT('',(15.791629747597,1.456820515907,
    15.39999845113));
#2065 = CARTESIAN_POINT('',(15.752823624666,1.154409063726,
    15.400000432495));
#2066 = CARTESIAN_POINT('',(15.719584246581,0.843669486718,
    15.399999938966));
#2067 = CARTESIAN_POINT('',(15.694993221613,0.533100326901,
    15.400000000005));
#2068 = CARTESIAN_POINT('',(15.677434840702,0.209787707804,
    15.400000000002));
#2069 = CARTESIAN_POINT('',(15.676761436586,0.197387928502,
    15.400000000001));
#2070 = CARTESIAN_POINT('',(15.676088032471,0.1849881492,15.400000000001
    ));
#2071 = CARTESIAN_POINT('',(15.675414628356,0.172588369898,
    15.400000000001));
#2072 = CARTESIAN_POINT('',(15.674741224241,0.160188590596,
    15.400000000001));
#2073 = CARTESIAN_POINT('',(15.674067820126,0.147788811294,
    15.400000000001));
#2074 = CARTESIAN_POINT('',(15.67339441601,0.135389031992,
    15.400000000001));
#2075 = CARTESIAN_POINT('',(15.672721011895,0.12298925269,
    15.400000000001));
#2076 = CARTESIAN_POINT('',(15.67204760778,0.110589473388,15.4));
#2077 = CARTESIAN_POINT('',(15.671374203665,9.818969408636E-02,15.4));
#2078 = CARTESIAN_POINT('',(15.67070079955,8.578991478439E-02,15.4));
#2079 = CARTESIAN_POINT('',(15.670027395434,7.339013548242E-02,15.4));
#2080 = CARTESIAN_POINT('',(15.669353991319,6.099035618045E-02,15.4));
#2081 = CARTESIAN_POINT('',(17.116022878541,3.721221523308,16.));
#2082 = CARTESIAN_POINT('',(16.998849787769,3.483503942607,
    15.999999999998));
#2083 = CARTESIAN_POINT('',(16.891638622944,3.243180870184,
    16.00000000001));
#2084 = CARTESIAN_POINT('',(16.793698514552,2.997000386023,
    15.999999999971));
#2085 = CARTESIAN_POINT('',(16.705123015818,2.748201871115,
    16.000000000059));
#2086 = CARTESIAN_POINT('',(16.624015479573,2.479954999328,
    15.999999999907));
#2087 = CARTESIAN_POINT('',(16.553241268005,2.225753373702,
    16.000000000116));
#2088 = CARTESIAN_POINT('',(16.488999944766,1.933701985323,
    15.999999999885));
#2089 = CARTESIAN_POINT('',(16.433979669385,1.66073128019,
    16.000000000091));
#2090 = CARTESIAN_POINT('',(16.387118597542,1.368724351914,
    15.999999999943));
#2091 = CARTESIAN_POINT('',(16.34801333345,1.078034129902,
    16.000000000028));
#2092 = CARTESIAN_POINT('',(16.316900309453,0.783178400004,
    15.99999999999));
#2093 = CARTESIAN_POINT('',(16.293358916645,0.486762728047,
    16.000000000002));
#2094 = CARTESIAN_POINT('',(16.276580563923,0.177802642607,16.));
#2095 = CARTESIAN_POINT('',(16.275932093527,0.16586157354,16.));
#2096 = CARTESIAN_POINT('',(16.275278640985,0.153828762176,16.));
#2097 = CARTESIAN_POINT('',(16.274620206296,0.141704208516,16.));
#2098 = CARTESIAN_POINT('',(16.273956789459,0.12948791256,16.));
#2099 = CARTESIAN_POINT('',(16.273288390475,0.117179874306,
    15.999999999999));
#2100 = CARTESIAN_POINT('',(16.272615009344,0.104780093756,
    15.999999999999));
#2101 = CARTESIAN_POINT('',(16.271936646066,9.228857090902E-02,
    15.999999999999));
#2102 = CARTESIAN_POINT('',(16.271253300641,7.970530576549E-02,
    15.999999999999));
#2103 = CARTESIAN_POINT('',(16.270564973068,6.703029832528E-02,
    15.999999999999));
#2104 = CARTESIAN_POINT('',(16.269871663349,5.426354858839E-02,
    15.999999999999));
#2105 = CARTESIAN_POINT('',(16.269173371482,4.140505655482E-02,
    15.999999999999));
#2106 = CARTESIAN_POINT('',(16.268470097468,2.845482222457E-02,
    15.999999999999));
#2107 = ADVANCED_FACE('',(#2108),#2124,.F.);
#2108 = FACE_BOUND('',#2109,.T.);
#2109 = EDGE_LOOP('',(#2110,#2116,#2122,#2123));
#2110 = ORIENTED_EDGE('',*,*,#2111,.F.);
#2111 = EDGE_CURVE('',#1380,#708,#2112,.T.);
#2112 = LINE('',#2113,#2114);
#2113 = CARTESIAN_POINT('',(19.43078000477,5.289564063861,
    18.658541990123));
#2114 = VECTOR('',#2115,1.);
#2115 = DIRECTION('',(0.631567722139,0.530920973524,0.565017815847));
#2116 = ORIENTED_EDGE('',*,*,#2117,.T.);
#2117 = EDGE_CURVE('',#1380,#1896,#2118,.T.);
#2118 = LINE('',#2119,#2120);
#2119 = CARTESIAN_POINT('',(15.788434782242,2.227663647375,15.4));
#2120 = VECTOR('',#2121,1.);
#2121 = DIRECTION('',(0.998471294913,-5.527271691189E-02,0.));
#2122 = ORIENTED_EDGE('',*,*,#2042,.T.);
#2123 = ORIENTED_EDGE('',*,*,#715,.F.);
#2124 = PLANE('',#2125);
#2125 = AXIS2_PLACEMENT_3D('',#2126,#2127,#2128);
#2126 = CARTESIAN_POINT('',(15.805016597315,2.527205035849,15.7));
#2127 = DIRECTION('',(3.9083712943E-02,0.706025823453,-0.707106781187));
#2128 = DIRECTION('',(-0.998471294913,5.527271691189E-02,
    2.081668171172E-17));
#2129 = ADVANCED_FACE('',(#2130),#2142,.F.);
#2130 = FACE_BOUND('',#2131,.T.);
#2131 = EDGE_LOOP('',(#2132,#2139,#2140,#2141));
#2132 = ORIENTED_EDGE('',*,*,#2133,.T.);
#2133 = EDGE_CURVE('',#700,#1378,#2134,.T.);
#2134 = ELLIPSE('',#2135,11.392160455089,8.);
#2135 = AXIS2_PLACEMENT_3D('',#2136,#2137,#2138);
#2136 = CARTESIAN_POINT('',(14.225496844699,18.,12.));
#2137 = DIRECTION('',(0.702237300075,-8.284186371494E-02,-0.707106781187
    ));
#2138 = DIRECTION('',(-0.711942957254,-8.171251097519E-02,
    -0.697467053821));
#2139 = ORIENTED_EDGE('',*,*,#1377,.T.);
#2140 = ORIENTED_EDGE('',*,*,#2111,.T.);
#2141 = ORIENTED_EDGE('',*,*,#707,.F.);
#2142 = PLANE('',#2143);
#2143 = AXIS2_PLACEMENT_3D('',#2144,#2145,#2146);
#2144 = CARTESIAN_POINT('',(18.20173605007,20.124148175202,15.7));
#2145 = DIRECTION('',(0.702237300075,-8.284186371494E-02,-0.707106781187
    ));
#2146 = DIRECTION('',(0.117156087198,0.99311351377,1.387778780781E-17));
#2147 = ADVANCED_FACE('',(#2148),#2162,.F.);
#2148 = FACE_BOUND('',#2149,.T.);
#2149 = EDGE_LOOP('',(#2150,#2151,#2152,#2159,#2160,#2161));
#2150 = ORIENTED_EDGE('',*,*,#2133,.F.);
#2151 = ORIENTED_EDGE('',*,*,#699,.T.);
#2152 = ORIENTED_EDGE('',*,*,#2153,.F.);
#2153 = EDGE_CURVE('',#1330,#692,#2154,.T.);
#2154 = ELLIPSE('',#2155,11.344145654047,8.);
#2155 = AXIS2_PLACEMENT_3D('',#2156,#2157,#2158);
#2156 = CARTESIAN_POINT('',(24.289968021644,18.,12.));
#2157 = DIRECTION('',(-0.705209563062,5.17636181715E-02,-0.707106781187)
  );
#2158 = DIRECTION('',(-0.708998922542,-5.148695913715E-02,0.703327534562
    ));
#2159 = ORIENTED_EDGE('',*,*,#1337,.F.);
#2160 = ORIENTED_EDGE('',*,*,#1354,.F.);
#2161 = ORIENTED_EDGE('',*,*,#1413,.F.);
#2162 = CYLINDRICAL_SURFACE('',#2163,8.);
#2163 = AXIS2_PLACEMENT_3D('',#2164,#2165,#2166);
#2164 = CARTESIAN_POINT('',(8.,18.,12.));
#2165 = DIRECTION('',(-1.,-0.,-2.22044604925E-16));
#2166 = DIRECTION('',(-1.110223024625E-16,-0.866025403784,0.5));
#2167 = ADVANCED_FACE('',(#2168),#2179,.F.);
#2168 = FACE_BOUND('',#2169,.T.);
#2169 = EDGE_LOOP('',(#2170,#2176,#2177,#2178));
#2170 = ORIENTED_EDGE('',*,*,#2171,.F.);
#2171 = EDGE_CURVE('',#1322,#684,#2172,.T.);
#2172 = LINE('',#2173,#2174);
#2173 = CARTESIAN_POINT('',(23.71114202941,9.203588674144,
    11.933333333333));
#2174 = VECTOR('',#2175,1.);
#2175 = DIRECTION('',(-0.618066014331,-0.533536379824,0.57735026919));
#2176 = ORIENTED_EDGE('',*,*,#1329,.T.);
#2177 = ORIENTED_EDGE('',*,*,#2153,.T.);
#2178 = ORIENTED_EDGE('',*,*,#691,.F.);
#2179 = PLANE('',#2180);
#2180 = AXIS2_PLACEMENT_3D('',#2181,#2182,#2183);
#2181 = CARTESIAN_POINT('',(19.700804921481,6.021961443257,15.7));
#2182 = DIRECTION('',(-0.705209563062,5.17636181715E-02,-0.707106781187)
  );
#2183 = DIRECTION('',(-7.320481085564E-02,-0.997316928397,
    -1.387778780781E-17));
#2184 = ADVANCED_FACE('',(#2185),#2203,.F.);
#2185 = FACE_BOUND('',#2186,.T.);
#2186 = EDGE_LOOP('',(#2187,#2195,#2201,#2202));
#2187 = ORIENTED_EDGE('',*,*,#2188,.F.);
#2188 = EDGE_CURVE('',#2189,#676,#2191,.T.);
#2189 = VERTEX_POINT('',#2190);
#2190 = CARTESIAN_POINT('',(41.940972424738,4.389494161176,15.4));
#2191 = LINE('',#2192,#2193);
#2192 = CARTESIAN_POINT('',(42.125794848246,4.175389813325,15.6));
#2193 = VECTOR('',#2194,1.);
#2194 = DIRECTION('',(0.533536379824,-0.618066014331,0.57735026919));
#2195 = ORIENTED_EDGE('',*,*,#2196,.T.);
#2196 = EDGE_CURVE('',#2189,#1322,#2197,.T.);
#2197 = LINE('',#2198,#2199);
#2198 = CARTESIAN_POINT('',(41.940972424738,4.389494161176,15.4));
#2199 = VECTOR('',#2200,1.);
#2200 = DIRECTION('',(-0.997316928397,7.320481085564E-02,0.));
#2201 = ORIENTED_EDGE('',*,*,#2171,.T.);
#2202 = ORIENTED_EDGE('',*,*,#683,.F.);
#2203 = PLANE('',#2204);
#2204 = AXIS2_PLACEMENT_3D('',#2205,#2206,#2207);
#2205 = CARTESIAN_POINT('',(41.919010981481,4.090299082657,15.7));
#2206 = DIRECTION('',(-5.17636181715E-02,-0.705209563062,-0.707106781187
    ));
#2207 = DIRECTION('',(0.997316928397,-7.320481085564E-02,
    2.775557561563E-17));
#2208 = ADVANCED_FACE('',(#2209),#2228,.T.);
#2209 = FACE_BOUND('',#2210,.F.);
#2210 = EDGE_LOOP('',(#2211,#2212,#2220,#2227));
#2211 = ORIENTED_EDGE('',*,*,#2188,.F.);
#2212 = ORIENTED_EDGE('',*,*,#2213,.T.);
#2213 = EDGE_CURVE('',#2189,#2214,#2216,.T.);
#2214 = VERTEX_POINT('',#2215);
#2215 = CARTESIAN_POINT('',(42.408465183354,10.758453203907,15.4));
#2216 = LINE('',#2217,#2218);
#2217 = CARTESIAN_POINT('',(41.940972424738,4.389494161176,15.4));
#2218 = VECTOR('',#2219,1.);
#2219 = DIRECTION('',(7.320481085564E-02,0.997316928397,0.));
#2220 = ORIENTED_EDGE('',*,*,#2221,.T.);
#2221 = EDGE_CURVE('',#2214,#668,#2222,.T.);
#2222 = ELLIPSE('',#2223,11.344145654047,8.);
#2223 = AXIS2_PLACEMENT_3D('',#2224,#2225,#2226);
#2224 = CARTESIAN_POINT('',(39.530860427259,18.,12.));
#2225 = DIRECTION('',(-0.705209563062,5.17636181715E-02,0.707106781187)
  );
#2226 = DIRECTION('',(-0.708998922542,-5.148695913715E-02,
    -0.703327534562));
#2227 = ORIENTED_EDGE('',*,*,#675,.F.);
#2228 = PLANE('',#2229);
#2229 = AXIS2_PLACEMENT_3D('',#2230,#2231,#2232);
#2230 = CARTESIAN_POINT('',(42.240167503257,4.367532717919,15.7));
#2231 = DIRECTION('',(-0.705209563062,5.17636181715E-02,0.707106781187)
  );
#2232 = DIRECTION('',(-7.320481085564E-02,-0.997316928397,
    2.359223927328E-16));
#2233 = ADVANCED_FACE('',(#2234),#2341,.F.);
#2234 = FACE_BOUND('',#2235,.T.);
#2235 = EDGE_LOOP('',(#2236,#2237,#2238,#2247,#2248,#2249,#2292,#2303,
    #2311,#2318,#2319,#2325,#2326,#2334));
#2236 = ORIENTED_EDGE('',*,*,#2221,.T.);
#2237 = ORIENTED_EDGE('',*,*,#667,.T.);
#2238 = ORIENTED_EDGE('',*,*,#2239,.T.);
#2239 = EDGE_CURVE('',#625,#1946,#2240,.T.);
#2240 = B_SPLINE_CURVE_WITH_KNOTS('',5,(#2241,#2242,#2243,#2244,#2245,
    #2246),.UNSPECIFIED.,.F.,.F.,(6,6),(0.,1.),
  .PIECEWISE_BEZIER_KNOTS.);
#2241 = CARTESIAN_POINT('',(49.837274617753,11.071796769724,16.));
#2242 = CARTESIAN_POINT('',(49.930753374874,11.003726163802,
    15.882098252041));
#2243 = CARTESIAN_POINT('',(50.025380011552,10.938896225309,
    15.764017523031));
#2244 = CARTESIAN_POINT('',(50.121056308538,10.877177615354,
    15.645782977836));
#2245 = CARTESIAN_POINT('',(50.21768910366,10.818461960262,
    15.527415975803));
#2246 = CARTESIAN_POINT('',(50.315188885978,10.76265515077,
    15.408935249213));
#2247 = ORIENTED_EDGE('',*,*,#1990,.T.);
#2248 = ORIENTED_EDGE('',*,*,#793,.F.);
#2249 = ORIENTED_EDGE('',*,*,#2250,.F.);
#2250 = EDGE_CURVE('',#2251,#785,#2253,.T.);
#2251 = VERTEX_POINT('',#2252);
#2252 = CARTESIAN_POINT('',(50.823481402313,25.176220464999,
    15.535796916924));
#2253 = B_SPLINE_CURVE_WITH_KNOTS('',7,(#2254,#2255,#2256,#2257,#2258,
    #2259,#2260,#2261,#2262,#2263,#2264,#2265,#2266,#2267,#2268,#2269,
    #2270,#2271,#2272,#2273,#2274,#2275,#2276,#2277,#2278,#2279,#2280,
    #2281,#2282,#2283,#2284,#2285,#2286,#2287,#2288,#2289,#2290,#2291),
  .UNSPECIFIED.,.F.,.F.,(8,6,6,6,6,6,8),(0.,8.669083746037E-02,
    0.311218936814,0.5971435258,0.701303939892,0.832565983275,1.),
  .UNSPECIFIED.);
#2254 = CARTESIAN_POINT('',(50.821906661868,25.133465756145,
    15.621279650331));
#2255 = CARTESIAN_POINT('',(50.824492559443,25.203686990899,
    15.482952643904));
#2256 = CARTESIAN_POINT('',(50.82695197904,25.270425670174,
    15.343732859403));
#2257 = CARTESIAN_POINT('',(50.829285949944,25.333718051984,
    15.203688833499));
#2258 = CARTESIAN_POINT('',(50.831495436953,25.393597997113,
    15.062885418782));
#2259 = CARTESIAN_POINT('',(50.833581340378,25.450096969111,
    14.921383783769));
#2260 = CARTESIAN_POINT('',(50.835544496046,25.503244034298,
    14.779241412897));
#2261 = CARTESIAN_POINT('',(50.842154304713,25.682103722682,
    14.266845128792));
#2262 = CARTESIAN_POINT('',(50.846104302136,25.788824760528,
    13.893273933764));
#2263 = CARTESIAN_POINT('',(50.849249880352,25.873714741029,
    13.516692415366));
#2264 = CARTESIAN_POINT('',(50.851600578294,25.937105005751,
    13.137931650435));
#2265 = CARTESIAN_POINT('',(50.853162946305,25.979220668224,
    12.757765706857));
#2266 = CARTESIAN_POINT('',(50.853940759528,26.000187715939,
    12.376913480768));
#2267 = CARTESIAN_POINT('',(50.853924845151,25.999758721663,
    11.511010071508));
#2268 = CARTESIAN_POINT('',(50.852643241274,25.965211309501,
    11.026099762415));
#2269 = CARTESIAN_POINT('',(50.850089860326,25.896380977769,
    10.542596923215));
#2270 = CARTESIAN_POINT('',(50.846254209791,25.792920935463,
    10.061991839039));
#2271 = CARTESIAN_POINT('',(50.84111870458,25.654228123163,
    9.585969903164));
#2272 = CARTESIAN_POINT('',(50.834659669827,25.479466921052,
    9.116409966476));
#2273 = CARTESIAN_POINT('',(50.823989022697,25.190024914896,
    8.487491396158));
#2274 = CARTESIAN_POINT('',(50.820959219715,25.107782820493,
    8.320711526186));
#2275 = CARTESIAN_POINT('',(50.817747195354,25.020526342674,8.1551947443
    ));
#2276 = CARTESIAN_POINT('',(50.814351167814,24.92819256748,
    7.991061441641));
#2277 = CARTESIAN_POINT('',(50.81076926581,24.830714698579,7.82844314457
    ));
#2278 = CARTESIAN_POINT('',(50.806999528567,24.728022057275,
    7.667482514667));
#2279 = CARTESIAN_POINT('',(50.798050023851,24.483962141746,
    7.307774960929));
#2280 = CARTESIAN_POINT('',(50.792758811059,24.339490331,7.110102260426)
  );
#2281 = CARTESIAN_POINT('',(50.787161987452,24.186470606386,
    6.915616546477));
#2282 = CARTESIAN_POINT('',(50.781255504413,24.024751249556,
    6.724668372624));
#2283 = CARTESIAN_POINT('',(50.775035633866,23.854185565008,
    6.537656628838));
#2284 = CARTESIAN_POINT('',(50.768499057428,23.674634577398,
    6.355027623659));
#2285 = CARTESIAN_POINT('',(50.752897512892,23.245314375727,
    5.950537064144));
#2286 = CARTESIAN_POINT('',(50.743633456529,22.989865298991,
    5.731766276169));
#2287 = CARTESIAN_POINT('',(50.733844273394,22.7193378903,5.521960577297
    ));
#2288 = CARTESIAN_POINT('',(50.723528442923,22.433576612,5.322350001872)
  );
#2289 = CARTESIAN_POINT('',(50.712691087578,22.132603953414,
    5.134362573842));
#2290 = CARTESIAN_POINT('',(50.701346040726,21.816685966994,
    4.959576625762));
#2291 = CARTESIAN_POINT('',(50.689518331891,21.486414384332,
    4.79965870665));
#2292 = ORIENTED_EDGE('',*,*,#2293,.F.);
#2293 = EDGE_CURVE('',#2294,#2251,#2296,.T.);
#2294 = VERTEX_POINT('',#2295);
#2295 = CARTESIAN_POINT('',(50.591657934146,24.928203230276,16.));
#2296 = B_SPLINE_CURVE_WITH_KNOTS('',5,(#2297,#2298,#2299,#2300,#2301,
    #2302),.UNSPECIFIED.,.F.,.F.,(6,6),(0.,1.),
  .PIECEWISE_BEZIER_KNOTS.);
#2297 = CARTESIAN_POINT('',(50.591657934146,24.928203230276,16.));
#2298 = CARTESIAN_POINT('',(50.638761883858,24.982055733723,
    15.906724727914));
#2299 = CARTESIAN_POINT('',(50.685465207091,25.033678570116,
    15.813686262165));
#2300 = CARTESIAN_POINT('',(50.731801055372,25.083186131016,
    15.720864011444));
#2301 = CARTESIAN_POINT('',(50.777797944242,25.130672927547,
    15.628239774383));
#2302 = CARTESIAN_POINT('',(50.823481402313,25.176220464999,
    15.535796916924));
#2303 = ORIENTED_EDGE('',*,*,#2304,.F.);
#2304 = EDGE_CURVE('',#2305,#2294,#2307,.T.);
#2305 = VERTEX_POINT('',#2306);
#2306 = CARTESIAN_POINT('',(44.050163848976,24.928203230276,16.));
#2307 = LINE('',#2308,#2309);
#2308 = CARTESIAN_POINT('',(8.,24.928203230276,16.));
#2309 = VECTOR('',#2310,1.);
#2310 = DIRECTION('',(1.,0.,2.22044604925E-16));
#2311 = ORIENTED_EDGE('',*,*,#2312,.T.);
#2312 = EDGE_CURVE('',#2305,#896,#2313,.T.);
#2313 = ELLIPSE('',#2314,11.344145654047,8.);
#2314 = AXIS2_PLACEMENT_3D('',#2315,#2316,#2317);
#2315 = CARTESIAN_POINT('',(39.530860427259,18.,12.));
#2316 = DIRECTION('',(-0.705209563062,5.17636181715E-02,0.707106781187)
  );
#2317 = DIRECTION('',(-0.708998922542,-5.148695913715E-02,
    -0.703327534562));
#2318 = ORIENTED_EDGE('',*,*,#895,.T.);
#2319 = ORIENTED_EDGE('',*,*,#2320,.T.);
#2320 = EDGE_CURVE('',#898,#1161,#2321,.T.);
#2321 = LINE('',#2322,#2323);
#2322 = CARTESIAN_POINT('',(8.,21.487119154833,4.8));
#2323 = VECTOR('',#2324,1.);
#2324 = DIRECTION('',(-1.,-0.,-2.22044604925E-16));
#2325 = ORIENTED_EDGE('',*,*,#1160,.F.);
#2326 = ORIENTED_EDGE('',*,*,#2327,.F.);
#2327 = EDGE_CURVE('',#2328,#1084,#2330,.T.);
#2328 = VERTEX_POINT('',#2329);
#2329 = CARTESIAN_POINT('',(42.684046753789,14.512880845167,4.8));
#2330 = LINE('',#2331,#2332);
#2331 = CARTESIAN_POINT('',(8.,14.512880845167,4.8));
#2332 = VECTOR('',#2333,1.);
#2333 = DIRECTION('',(-1.,-0.,-2.22044604925E-16));
#2334 = ORIENTED_EDGE('',*,*,#2335,.T.);
#2335 = EDGE_CURVE('',#2328,#2214,#2336,.T.);
#2336 = ELLIPSE('',#2337,8.021522318745,8.);
#2337 = AXIS2_PLACEMENT_3D('',#2338,#2339,#2340);
#2338 = CARTESIAN_POINT('',(42.940007412725,18.,12.));
#2339 = DIRECTION('',(-0.997316928397,7.320481085564E-02,0.));
#2340 = DIRECTION('',(-7.320481085564E-02,-0.997316928397,
    -3.033196894162E-15));
#2341 = CYLINDRICAL_SURFACE('',#2342,8.);
#2342 = AXIS2_PLACEMENT_3D('',#2343,#2344,#2345);
#2343 = CARTESIAN_POINT('',(8.,18.,12.));
#2344 = DIRECTION('',(-1.,-0.,-2.22044604925E-16));
#2345 = DIRECTION('',(-1.110223024625E-16,-0.866025403784,0.5));
#2346 = ADVANCED_FACE('',(#2347),#2353,.T.);
#2347 = FACE_BOUND('',#2348,.T.);
#2348 = EDGE_LOOP('',(#2349,#2350,#2351,#2352));
#2349 = ORIENTED_EDGE('',*,*,#1945,.F.);
#2350 = ORIENTED_EDGE('',*,*,#2239,.F.);
#2351 = ORIENTED_EDGE('',*,*,#624,.T.);
#2352 = ORIENTED_EDGE('',*,*,#729,.F.);
#2353 = B_SPLINE_SURFACE_WITH_KNOTS('',1,13,(
    (#2354,#2355,#2356,#2357,#2358,#2359,#2360,#2361,#2362,#2363,#2364
      ,#2365,#2366,#2367,#2368,#2369,#2370,#2371,#2372,#2373,#2374,#2375
      ,#2376,#2377,#2378,#2379,#2380,#2381,#2382,#2383,#2384,#2385,#2386
      ,#2387,#2388,#2389,#2390,#2391)
    ,(#2392,#2393,#2394,#2395,#2396,#2397,#2398,#2399,#2400,#2401,#2402
      ,#2403,#2404,#2405,#2406,#2407,#2408,#2409,#2410,#2411,#2412,#2413
      ,#2414,#2415,#2416,#2417,#2418,#2419,#2420,#2421,#2422,#2423,#2424
      ,#2425,#2426,#2427,#2428,#2429
    )),.UNSPECIFIED.,.F.,.F.,.F.,(2,2),(14,12,12,14),(0.,108.20340673531
    ),(-1.159395076516,-8.807421775075E-02,53.477968720524,
    107.0440116588),.UNSPECIFIED.);
#2354 = CARTESIAN_POINT('',(57.194854080096,115.67283172223,
    15.400000310839));
#2355 = CARTESIAN_POINT('',(57.184297476455,115.59517104415,
    15.400000146677));
#2356 = CARTESIAN_POINT('',(57.173763967434,115.51753974105,
    15.400000050517));
#2357 = CARTESIAN_POINT('',(57.163251631684,115.43992420654,
    15.400000003535));
#2358 = CARTESIAN_POINT('',(57.152758724717,115.36231209921,
    15.399999988792));
#2359 = CARTESIAN_POINT('',(57.142283687096,115.28469235728,
    15.39999999396));
#2360 = CARTESIAN_POINT('',(57.131825129107,115.2070551712,
    15.400000006265));
#2361 = CARTESIAN_POINT('',(57.121381854227,115.12939202564,
    15.400000020192));
#2362 = CARTESIAN_POINT('',(57.110952829265,115.05169564598,
    15.400000027728));
#2363 = CARTESIAN_POINT('',(57.100537216184,114.97396005541,
    15.400000028712));
#2364 = CARTESIAN_POINT('',(57.090134343628,114.89618052379,
    15.400000021617));
#2365 = CARTESIAN_POINT('',(57.079743728238,114.81835360597,
    15.40000001042));
#2366 = CARTESIAN_POINT('',(57.069365061452,114.74047711806,
    15.400000000367));
#2367 = CARTESIAN_POINT('',(56.540655948146,110.76620170838,
    15.399999985511));
#2368 = CARTESIAN_POINT('',(56.051668445987,106.74248655998,
    15.400001276616));
#2369 = CARTESIAN_POINT('',(55.590814442495,102.60562418354,
    15.400054269927));
#2370 = CARTESIAN_POINT('',(55.157091541869,98.371216834587,
    15.400833075514));
#2371 = CARTESIAN_POINT('',(54.749159515292,94.052306765739,
    15.403288097337));
#2372 = CARTESIAN_POINT('',(54.366322517518,89.666795856838,
    15.408345597177));
#2373 = CARTESIAN_POINT('',(54.007009736841,85.226055940457,
    15.416704280926));
#2374 = CARTESIAN_POINT('',(53.670611383399,80.748719983489,
    15.428806016912));
#2375 = CARTESIAN_POINT('',(53.355682866225,76.247189851665,
    15.444788786902));
#2376 = CARTESIAN_POINT('',(53.061348869564,71.738177362083,
    15.464388065002));
#2377 = CARTESIAN_POINT('',(52.786428578544,67.236125776963,
    15.486930135873));
#2378 = CARTESIAN_POINT('',(52.529861483999,62.756400253762,
    15.510941253166));
#2379 = CARTESIAN_POINT('',(52.051239208306,53.87179610128,
    15.557400420457));
#2380 = CARTESIAN_POINT('',(51.829184348511,49.466919335027,
    15.579504135299));
#2381 = CARTESIAN_POINT('',(51.623295530273,45.114620215086,
    15.599467841231));
#2382 = CARTESIAN_POINT('',(51.432478420023,40.830022868755,
    15.613334921048));
#2383 = CARTESIAN_POINT('',(51.255638648943,36.62825307629,
    15.616032775745));
#2384 = CARTESIAN_POINT('',(51.09168144026,32.524421616172,
    15.604126986427));
#2385 = CARTESIAN_POINT('',(50.939510301227,28.533596686989,
    15.577737114135));
#2386 = CARTESIAN_POINT('',(50.79802669685,24.67078291226,
    15.540728859426));
#2387 = CARTESIAN_POINT('',(50.666130990897,20.950906258156,
    15.499177999874));
#2388 = CARTESIAN_POINT('',(50.542723362173,17.388786126319,
    15.458982286269));
#2389 = CARTESIAN_POINT('',(50.426701777244,13.999057702709,
    15.42437817123));
#2390 = CARTESIAN_POINT('',(50.316952511167,10.79598956441,
    15.400000000003));
#2391 = CARTESIAN_POINT('',(50.212327095338,7.79312338792,15.4));
#2392 = CARTESIAN_POINT('',(56.599551297855,115.75250528108,16.));
#2393 = CARTESIAN_POINT('',(56.589174212021,115.67497004644,
    16.000000000005));
#2394 = CARTESIAN_POINT('',(56.578774388413,115.59742270608,
    15.999999999977));
#2395 = CARTESIAN_POINT('',(56.568357733925,115.51985262572,
    16.000000000063));
#2396 = CARTESIAN_POINT('',(56.557929657138,115.4422505309,
    15.999999999875));
#2397 = CARTESIAN_POINT('',(56.547495076259,115.36460852346,
    16.000000000191));
#2398 = CARTESIAN_POINT('',(56.537058404276,115.28692005093,
    15.999999999769));
#2399 = CARTESIAN_POINT('',(56.526623571695,115.20917995301,
    16.000000000223));
#2400 = CARTESIAN_POINT('',(56.516193997579,115.13138440296,
    15.999999999828));
#2401 = CARTESIAN_POINT('',(56.505772620467,115.05353096946,
    16.000000000106));
#2402 = CARTESIAN_POINT('',(56.495361870638,114.97561856181,
    15.999999999951));
#2403 = CARTESIAN_POINT('',(56.484963690949,114.89764747056,
    16.000000000015));
#2404 = CARTESIAN_POINT('',(56.474579523874,114.81961934257,
    15.999999999999));
#2405 = CARTESIAN_POINT('',(55.94575002447,110.83742973343,
    15.999999999999));
#2406 = CARTESIAN_POINT('',(55.466147856534,106.80509157422,
    16.000000000015));
#2407 = CARTESIAN_POINT('',(55.023499977083,102.66247934462,
    15.999999999953));
#2408 = CARTESIAN_POINT('',(54.613735845731,98.415786435796,
    16.000000000098));
#2409 = CARTESIAN_POINT('',(54.237879656413,94.098584987546,
    15.999999999849));
#2410 = CARTESIAN_POINT('',(53.887983304991,89.696132606122,
    16.000000000182));
#2411 = CARTESIAN_POINT('',(53.56852382034,85.260537708181,
    15.999999999826));
#2412 = CARTESIAN_POINT('',(53.270394656733,80.77080502789,
    16.000000000133));
#2413 = CARTESIAN_POINT('',(52.996284531349,76.269402572538,
    15.99999999992));
#2414 = CARTESIAN_POINT('',(52.740811119034,71.755368382759,
    16.000000000038));
#2415 = CARTESIAN_POINT('',(52.502888984664,67.250858646596,
    15.999999999987));
#2416 = CARTESIAN_POINT('',(52.279708296243,62.768752014658,
    16.000000000003));
#2417 = CARTESIAN_POINT('',(51.858205704062,53.880461242768,
    15.999999999997));
#2418 = CARTESIAN_POINT('',(51.659875703639,49.474232996536,
    16.000000000012));
#2419 = CARTESIAN_POINT('',(51.471570505579,45.12102797035,
    15.999999999969));
#2420 = CARTESIAN_POINT('',(51.290896620711,40.835964669603,
    16.000000000059));
#2421 = CARTESIAN_POINT('',(51.115460541905,36.634166880538,
    15.999999999913));
#2422 = CARTESIAN_POINT('',(50.942869209642,32.53076595235,16.0000000001
    ));
#2423 = CARTESIAN_POINT('',(50.770731283793,28.540905513332,
    15.99999999991));
#2424 = CARTESIAN_POINT('',(50.596657842731,24.679745201393,
    16.000000000065));
#2425 = CARTESIAN_POINT('',(50.4182623305,20.962463532618,
    15.999999999963));
#2426 = CARTESIAN_POINT('',(50.233160893666,17.40426360754,
    16.000000000017));
#2427 = CARTESIAN_POINT('',(50.038975448277,14.020388899776,
    15.999999999994));
#2428 = CARTESIAN_POINT('',(49.833343121437,10.826159941655,
    16.000000000001));
#2429 = CARTESIAN_POINT('',(49.6139369383,7.837046274433,16.));
#2430 = ADVANCED_FACE('',(#2431),#2477,.T.);
#2431 = FACE_BOUND('',#2432,.T.);
#2432 = EDGE_LOOP('',(#2433,#2434,#2475,#2476));
#2433 = ORIENTED_EDGE('',*,*,#878,.F.);
#2434 = ORIENTED_EDGE('',*,*,#2435,.T.);
#2435 = EDGE_CURVE('',#869,#2251,#2436,.T.);
#2436 = B_SPLINE_CURVE_WITH_KNOTS('',13,(#2437,#2438,#2439,#2440,#2441,
    #2442,#2443,#2444,#2445,#2446,#2447,#2448,#2449,#2450,#2451,#2452,
    #2453,#2454,#2455,#2456,#2457,#2458,#2459,#2460,#2461,#2462,#2463,
    #2464,#2465,#2466,#2467,#2468,#2469,#2470,#2471,#2472,#2473,#2474),
  .UNSPECIFIED.,.F.,.F.,(14,12,12,14),(-1.159395076516,
    -8.807421775075E-02,53.477968720524,107.0440116588),.UNSPECIFIED.);
#2437 = CARTESIAN_POINT('',(57.194854080096,115.67283172223,
    15.400000310839));
#2438 = CARTESIAN_POINT('',(57.184297476455,115.59517104415,
    15.400000146677));
#2439 = CARTESIAN_POINT('',(57.173763967434,115.51753974105,
    15.400000050517));
#2440 = CARTESIAN_POINT('',(57.163251631684,115.43992420654,
    15.400000003535));
#2441 = CARTESIAN_POINT('',(57.152758724717,115.36231209921,
    15.399999988792));
#2442 = CARTESIAN_POINT('',(57.142283687096,115.28469235728,
    15.39999999396));
#2443 = CARTESIAN_POINT('',(57.131825129107,115.2070551712,
    15.400000006265));
#2444 = CARTESIAN_POINT('',(57.121381854227,115.12939202564,
    15.400000020192));
#2445 = CARTESIAN_POINT('',(57.110952829265,115.05169564598,
    15.400000027728));
#2446 = CARTESIAN_POINT('',(57.100537216184,114.97396005541,
    15.400000028712));
#2447 = CARTESIAN_POINT('',(57.090134343628,114.89618052379,
    15.400000021617));
#2448 = CARTESIAN_POINT('',(57.079743728238,114.81835360597,
    15.40000001042));
#2449 = CARTESIAN_POINT('',(57.069365061452,114.74047711806,
    15.400000000367));
#2450 = CARTESIAN_POINT('',(56.540655948146,110.76620170838,
    15.399999985511));
#2451 = CARTESIAN_POINT('',(56.051668445987,106.74248655998,
    15.400001276616));
#2452 = CARTESIAN_POINT('',(55.590814442495,102.60562418354,
    15.400054269927));
#2453 = CARTESIAN_POINT('',(55.157091541869,98.371216834587,
    15.400833075514));
#2454 = CARTESIAN_POINT('',(54.749159515292,94.052306765739,
    15.403288097337));
#2455 = CARTESIAN_POINT('',(54.366322517518,89.666795856838,
    15.408345597177));
#2456 = CARTESIAN_POINT('',(54.007009736841,85.226055940457,
    15.416704280926));
#2457 = CARTESIAN_POINT('',(53.670611383399,80.748719983489,
    15.428806016912));
#2458 = CARTESIAN_POINT('',(53.355682866225,76.247189851665,
    15.444788786902));
#2459 = CARTESIAN_POINT('',(53.061348869564,71.738177362083,
    15.464388065002));
#2460 = CARTESIAN_POINT('',(52.786428578544,67.236125776963,
    15.486930135873));
#2461 = CARTESIAN_POINT('',(52.529861483999,62.756400253762,
    15.510941253166));
#2462 = CARTESIAN_POINT('',(52.051239208306,53.87179610128,
    15.557400420457));
#2463 = CARTESIAN_POINT('',(51.829184348511,49.466919335027,
    15.579504135299));
#2464 = CARTESIAN_POINT('',(51.623295530273,45.114620215086,
    15.599467841231));
#2465 = CARTESIAN_POINT('',(51.432478420023,40.830022868755,
    15.613334921048));
#2466 = CARTESIAN_POINT('',(51.255638648943,36.62825307629,
    15.616032775745));
#2467 = CARTESIAN_POINT('',(51.09168144026,32.524421616172,
    15.604126986427));
#2468 = CARTESIAN_POINT('',(50.939510301227,28.533596686989,
    15.577737114135));
#2469 = CARTESIAN_POINT('',(50.79802669685,24.67078291226,
    15.540728859426));
#2470 = CARTESIAN_POINT('',(50.666130990897,20.950906258156,
    15.499177999874));
#2471 = CARTESIAN_POINT('',(50.542723362173,17.388786126319,
    15.458982286269));
#2472 = CARTESIAN_POINT('',(50.426701777244,13.999057702709,
    15.42437817123));
#2473 = CARTESIAN_POINT('',(50.316952511167,10.79598956441,
    15.400000000003));
#2474 = CARTESIAN_POINT('',(50.212327095338,7.79312338792,15.4));
#2475 = ORIENTED_EDGE('',*,*,#2250,.T.);
#2476 = ORIENTED_EDGE('',*,*,#784,.F.);
#2477 = SURFACE_OF_LINEAR_EXTRUSION('',#2478,#2483);
#2478 = B_SPLINE_CURVE_WITH_KNOTS('',3,(#2479,#2480,#2481,#2482),
  .UNSPECIFIED.,.F.,.F.,(4,4),(0.,1.),.PIECEWISE_BEZIER_KNOTS.);
#2479 = CARTESIAN_POINT('',(57.047924928494,114.57923953727,0.));
#2480 = CARTESIAN_POINT('',(52.564327502608,80.816873593481,0.));
#2481 = CARTESIAN_POINT('',(51.118335249188,33.796568337102,0.));
#2482 = CARTESIAN_POINT('',(50.212327095338,7.79312338792,0.));
#2483 = VECTOR('',#2484,1.);
#2484 = DIRECTION('',(-0.,-0.,-1.));
#2485 = ADVANCED_FACE('',(#2486),#2532,.T.);
#2486 = FACE_BOUND('',#2487,.T.);
#2487 = EDGE_LOOP('',(#2488,#2489,#2490,#2531));
#2488 = ORIENTED_EDGE('',*,*,#2435,.F.);
#2489 = ORIENTED_EDGE('',*,*,#868,.F.);
#2490 = ORIENTED_EDGE('',*,*,#2491,.T.);
#2491 = EDGE_CURVE('',#861,#2294,#2492,.T.);
#2492 = B_SPLINE_CURVE_WITH_KNOTS('',13,(#2493,#2494,#2495,#2496,#2497,
    #2498,#2499,#2500,#2501,#2502,#2503,#2504,#2505,#2506,#2507,#2508,
    #2509,#2510,#2511,#2512,#2513,#2514,#2515,#2516,#2517,#2518,#2519,
    #2520,#2521,#2522,#2523,#2524,#2525,#2526,#2527,#2528,#2529,#2530),
  .UNSPECIFIED.,.F.,.F.,(14,12,12,14),(-1.159395076516,
    -8.807421775075E-02,53.477968720524,107.0440116588),.UNSPECIFIED.);
#2493 = CARTESIAN_POINT('',(56.599551297855,115.75250528108,16.));
#2494 = CARTESIAN_POINT('',(56.589174212021,115.67497004644,
    16.000000000005));
#2495 = CARTESIAN_POINT('',(56.578774388413,115.59742270608,
    15.999999999977));
#2496 = CARTESIAN_POINT('',(56.568357733925,115.51985262572,
    16.000000000063));
#2497 = CARTESIAN_POINT('',(56.557929657138,115.4422505309,
    15.999999999875));
#2498 = CARTESIAN_POINT('',(56.547495076259,115.36460852346,
    16.000000000191));
#2499 = CARTESIAN_POINT('',(56.537058404276,115.28692005093,
    15.999999999769));
#2500 = CARTESIAN_POINT('',(56.526623571695,115.20917995301,
    16.000000000223));
#2501 = CARTESIAN_POINT('',(56.516193997579,115.13138440296,
    15.999999999828));
#2502 = CARTESIAN_POINT('',(56.505772620467,115.05353096946,
    16.000000000106));
#2503 = CARTESIAN_POINT('',(56.495361870638,114.97561856181,
    15.999999999951));
#2504 = CARTESIAN_POINT('',(56.484963690949,114.89764747056,
    16.000000000015));
#2505 = CARTESIAN_POINT('',(56.474579523874,114.81961934257,
    15.999999999999));
#2506 = CARTESIAN_POINT('',(55.94575002447,110.83742973343,
    15.999999999999));
#2507 = CARTESIAN_POINT('',(55.466147856534,106.80509157422,
    16.000000000015));
#2508 = CARTESIAN_POINT('',(55.023499977083,102.66247934462,
    15.999999999953));
#2509 = CARTESIAN_POINT('',(54.613735845731,98.415786435796,
    16.000000000098));
#2510 = CARTESIAN_POINT('',(54.237879656413,94.098584987546,
    15.999999999849));
#2511 = CARTESIAN_POINT('',(53.887983304991,89.696132606122,
    16.000000000182));
#2512 = CARTESIAN_POINT('',(53.56852382034,85.260537708181,
    15.999999999826));
#2513 = CARTESIAN_POINT('',(53.270394656733,80.77080502789,
    16.000000000133));
#2514 = CARTESIAN_POINT('',(52.996284531349,76.269402572538,
    15.99999999992));
#2515 = CARTESIAN_POINT('',(52.740811119034,71.755368382759,
    16.000000000038));
#2516 = CARTESIAN_POINT('',(52.502888984664,67.250858646596,
    15.999999999987));
#2517 = CARTESIAN_POINT('',(52.279708296243,62.768752014658,
    16.000000000003));
#2518 = CARTESIAN_POINT('',(51.858205704062,53.880461242768,
    15.999999999997));
#2519 = CARTESIAN_POINT('',(51.659875703639,49.474232996536,
    16.000000000012));
#2520 = CARTESIAN_POINT('',(51.471570505579,45.12102797035,
    15.999999999969));
#2521 = CARTESIAN_POINT('',(51.290896620711,40.835964669603,
    16.000000000059));
#2522 = CARTESIAN_POINT('',(51.115460541905,36.634166880538,
    15.999999999913));
#2523 = CARTESIAN_POINT('',(50.942869209642,32.53076595235,16.0000000001
    ));
#2524 = CARTESIAN_POINT('',(50.770731283793,28.540905513332,
    15.99999999991));
#2525 = CARTESIAN_POINT('',(50.596657842731,24.679745201393,
    16.000000000065));
#2526 = CARTESIAN_POINT('',(50.4182623305,20.962463532618,
    15.999999999963));
#2527 = CARTESIAN_POINT('',(50.233160893666,17.40426360754,
    16.000000000017));
#2528 = CARTESIAN_POINT('',(50.038975448277,14.020388899776,
    15.999999999994));
#2529 = CARTESIAN_POINT('',(49.833343121437,10.826159941655,
    16.000000000001));
#2530 = CARTESIAN_POINT('',(49.6139369383,7.837046274433,16.));
#2531 = ORIENTED_EDGE('',*,*,#2293,.T.);
#2532 = B_SPLINE_SURFACE_WITH_KNOTS('',1,13,(
    (#2533,#2534,#2535,#2536,#2537,#2538,#2539,#2540,#2541,#2542,#2543
      ,#2544,#2545,#2546,#2547,#2548,#2549,#2550,#2551,#2552,#2553,#2554
      ,#2555,#2556,#2557,#2558,#2559,#2560,#2561,#2562,#2563,#2564,#2565
      ,#2566,#2567,#2568,#2569,#2570)
    ,(#2571,#2572,#2573,#2574,#2575,#2576,#2577,#2578,#2579,#2580,#2581
      ,#2582,#2583,#2584,#2585,#2586,#2587,#2588,#2589,#2590,#2591,#2592
      ,#2593,#2594,#2595,#2596,#2597,#2598,#2599,#2600,#2601,#2602,#2603
      ,#2604,#2605,#2606,#2607,#2608
    )),.UNSPECIFIED.,.F.,.F.,.F.,(2,2),(14,12,12,14),(0.,108.20340673531
    ),(-1.159395076516,-8.807421775075E-02,53.477968720524,
    107.0440116588),.UNSPECIFIED.);
#2533 = CARTESIAN_POINT('',(57.194854080096,115.67283172223,
    15.400000310839));
#2534 = CARTESIAN_POINT('',(57.184297476455,115.59517104415,
    15.400000146677));
#2535 = CARTESIAN_POINT('',(57.173763967434,115.51753974105,
    15.400000050517));
#2536 = CARTESIAN_POINT('',(57.163251631684,115.43992420654,
    15.400000003535));
#2537 = CARTESIAN_POINT('',(57.152758724717,115.36231209921,
    15.399999988792));
#2538 = CARTESIAN_POINT('',(57.142283687096,115.28469235728,
    15.39999999396));
#2539 = CARTESIAN_POINT('',(57.131825129107,115.2070551712,
    15.400000006265));
#2540 = CARTESIAN_POINT('',(57.121381854227,115.12939202564,
    15.400000020192));
#2541 = CARTESIAN_POINT('',(57.110952829265,115.05169564598,
    15.400000027728));
#2542 = CARTESIAN_POINT('',(57.100537216184,114.97396005541,
    15.400000028712));
#2543 = CARTESIAN_POINT('',(57.090134343628,114.89618052379,
    15.400000021617));
#2544 = CARTESIAN_POINT('',(57.079743728238,114.81835360597,
    15.40000001042));
#2545 = CARTESIAN_POINT('',(57.069365061452,114.74047711806,
    15.400000000367));
#2546 = CARTESIAN_POINT('',(56.540655948146,110.76620170838,
    15.399999985511));
#2547 = CARTESIAN_POINT('',(56.051668445987,106.74248655998,
    15.400001276616));
#2548 = CARTESIAN_POINT('',(55.590814442495,102.60562418354,
    15.400054269927));
#2549 = CARTESIAN_POINT('',(55.157091541869,98.371216834587,
    15.400833075514));
#2550 = CARTESIAN_POINT('',(54.749159515292,94.052306765739,
    15.403288097337));
#2551 = CARTESIAN_POINT('',(54.366322517518,89.666795856838,
    15.408345597177));
#2552 = CARTESIAN_POINT('',(54.007009736841,85.226055940457,
    15.416704280926));
#2553 = CARTESIAN_POINT('',(53.670611383399,80.748719983489,
    15.428806016912));
#2554 = CARTESIAN_POINT('',(53.355682866225,76.247189851665,
    15.444788786902));
#2555 = CARTESIAN_POINT('',(53.061348869564,71.738177362083,
    15.464388065002));
#2556 = CARTESIAN_POINT('',(52.786428578544,67.236125776963,
    15.486930135873));
#2557 = CARTESIAN_POINT('',(52.529861483999,62.756400253762,
    15.510941253166));
#2558 = CARTESIAN_POINT('',(52.051239208306,53.87179610128,
    15.557400420457));
#2559 = CARTESIAN_POINT('',(51.829184348511,49.466919335027,
    15.579504135299));
#2560 = CARTESIAN_POINT('',(51.623295530273,45.114620215086,
    15.599467841231));
#2561 = CARTESIAN_POINT('',(51.432478420023,40.830022868755,
    15.613334921048));
#2562 = CARTESIAN_POINT('',(51.255638648943,36.62825307629,
    15.616032775745));
#2563 = CARTESIAN_POINT('',(51.09168144026,32.524421616172,
    15.604126986427));
#2564 = CARTESIAN_POINT('',(50.939510301227,28.533596686989,
    15.577737114135));
#2565 = CARTESIAN_POINT('',(50.79802669685,24.67078291226,
    15.540728859426));
#2566 = CARTESIAN_POINT('',(50.666130990897,20.950906258156,
    15.499177999874));
#2567 = CARTESIAN_POINT('',(50.542723362173,17.388786126319,
    15.458982286269));
#2568 = CARTESIAN_POINT('',(50.426701777244,13.999057702709,
    15.42437817123));
#2569 = CARTESIAN_POINT('',(50.316952511167,10.79598956441,
    15.400000000003));
#2570 = CARTESIAN_POINT('',(50.212327095338,7.79312338792,15.4));
#2571 = CARTESIAN_POINT('',(56.599551297855,115.75250528108,16.));
#2572 = CARTESIAN_POINT('',(56.589174212021,115.67497004644,
    16.000000000005));
#2573 = CARTESIAN_POINT('',(56.578774388413,115.59742270608,
    15.999999999977));
#2574 = CARTESIAN_POINT('',(56.568357733925,115.51985262572,
    16.000000000063));
#2575 = CARTESIAN_POINT('',(56.557929657138,115.4422505309,
    15.999999999875));
#2576 = CARTESIAN_POINT('',(56.547495076259,115.36460852346,
    16.000000000191));
#2577 = CARTESIAN_POINT('',(56.537058404276,115.28692005093,
    15.999999999769));
#2578 = CARTESIAN_POINT('',(56.526623571695,115.20917995301,
    16.000000000223));
#2579 = CARTESIAN_POINT('',(56.516193997579,115.13138440296,
    15.999999999828));
#2580 = CARTESIAN_POINT('',(56.505772620467,115.05353096946,
    16.000000000106));
#2581 = CARTESIAN_POINT('',(56.495361870638,114.97561856181,
    15.999999999951));
#2582 = CARTESIAN_POINT('',(56.484963690949,114.89764747056,
    16.000000000015));
#2583 = CARTESIAN_POINT('',(56.474579523874,114.81961934257,
    15.999999999999));
#2584 = CARTESIAN_POINT('',(55.94575002447,110.83742973343,
    15.999999999999));
#2585 = CARTESIAN_POINT('',(55.466147856534,106.80509157422,
    16.000000000015));
#2586 = CARTESIAN_POINT('',(55.023499977083,102.66247934462,
    15.999999999953));
#2587 = CARTESIAN_POINT('',(54.613735845731,98.415786435796,
    16.000000000098));
#2588 = CARTESIAN_POINT('',(54.237879656413,94.098584987546,
    15.999999999849));
#2589 = CARTESIAN_POINT('',(53.887983304991,89.696132606122,
    16.000000000182));
#2590 = CARTESIAN_POINT('',(53.56852382034,85.260537708181,
    15.999999999826));
#2591 = CARTESIAN_POINT('',(53.270394656733,80.77080502789,
    16.000000000133));
#2592 = CARTESIAN_POINT('',(52.996284531349,76.269402572538,
    15.99999999992));
#2593 = CARTESIAN_POINT('',(52.740811119034,71.755368382759,
    16.000000000038));
#2594 = CARTESIAN_POINT('',(52.502888984664,67.250858646596,
    15.999999999987));
#2595 = CARTESIAN_POINT('',(52.279708296243,62.768752014658,
    16.000000000003));
#2596 = CARTESIAN_POINT('',(51.858205704062,53.880461242768,
    15.999999999997));
#2597 = CARTESIAN_POINT('',(51.659875703639,49.474232996536,
    16.000000000012));
#2598 = CARTESIAN_POINT('',(51.471570505579,45.12102797035,
    15.999999999969));
#2599 = CARTESIAN_POINT('',(51.290896620711,40.835964669603,
    16.000000000059));
#2600 = CARTESIAN_POINT('',(51.115460541905,36.634166880538,
    15.999999999913));
#2601 = CARTESIAN_POINT('',(50.942869209642,32.53076595235,16.0000000001
    ));
#2602 = CARTESIAN_POINT('',(50.770731283793,28.540905513332,
    15.99999999991));
#2603 = CARTESIAN_POINT('',(50.596657842731,24.679745201393,
    16.000000000065));
#2604 = CARTESIAN_POINT('',(50.4182623305,20.962463532618,
    15.999999999963));
#2605 = CARTESIAN_POINT('',(50.233160893666,17.40426360754,
    16.000000000017));
#2606 = CARTESIAN_POINT('',(50.038975448277,14.020388899776,
    15.999999999994));
#2607 = CARTESIAN_POINT('',(49.833343121437,10.826159941655,
    16.000000000001));
#2608 = CARTESIAN_POINT('',(49.6139369383,7.837046274433,16.));
#2609 = ADVANCED_FACE('',(#2610),#2621,.T.);
#2610 = FACE_BOUND('',#2611,.T.);
#2611 = EDGE_LOOP('',(#2612,#2618,#2619,#2620));
#2612 = ORIENTED_EDGE('',*,*,#2613,.F.);
#2613 = EDGE_CURVE('',#2305,#853,#2614,.T.);
#2614 = LINE('',#2615,#2616);
#2615 = CARTESIAN_POINT('',(42.539362581776,4.345571274663,16.));
#2616 = VECTOR('',#2617,1.);
#2617 = DIRECTION('',(7.320481085564E-02,0.997316928397,0.));
#2618 = ORIENTED_EDGE('',*,*,#2304,.T.);
#2619 = ORIENTED_EDGE('',*,*,#2491,.F.);
#2620 = ORIENTED_EDGE('',*,*,#860,.T.);
#2621 = PLANE('',#2622);
#2622 = AXIS2_PLACEMENT_3D('',#2623,#2624,#2625);
#2623 = CARTESIAN_POINT('',(43.508888312561,48.445322101519,16.));
#2624 = DIRECTION('',(0.,0.,1.));
#2625 = DIRECTION('',(1.,0.,0.));
#2626 = ADVANCED_FACE('',(#2627),#2633,.T.);
#2627 = FACE_BOUND('',#2628,.F.);
#2628 = EDGE_LOOP('',(#2629,#2630,#2631,#2632));
#2629 = ORIENTED_EDGE('',*,*,#2613,.F.);
#2630 = ORIENTED_EDGE('',*,*,#2312,.T.);
#2631 = ORIENTED_EDGE('',*,*,#906,.T.);
#2632 = ORIENTED_EDGE('',*,*,#852,.T.);
#2633 = PLANE('',#2634);
#2634 = AXIS2_PLACEMENT_3D('',#2635,#2636,#2637);
#2635 = CARTESIAN_POINT('',(42.240167503257,4.367532717919,15.7));
#2636 = DIRECTION('',(-0.705209563062,5.17636181715E-02,0.707106781187)
  );
#2637 = DIRECTION('',(-7.320481085564E-02,-0.997316928397,
    2.359223927328E-16));
#2638 = ADVANCED_FACE('',(#2639),#2647,.T.);
#2639 = FACE_BOUND('',#2640,.T.);
#2640 = EDGE_LOOP('',(#2641,#2642,#2643,#2644,#2645,#2646));
#2641 = ORIENTED_EDGE('',*,*,#1005,.T.);
#2642 = ORIENTED_EDGE('',*,*,#1029,.T.);
#2643 = ORIENTED_EDGE('',*,*,#1192,.T.);
#2644 = ORIENTED_EDGE('',*,*,#2320,.F.);
#2645 = ORIENTED_EDGE('',*,*,#922,.F.);
#2646 = ORIENTED_EDGE('',*,*,#947,.T.);
#2647 = PLANE('',#2648);
#2648 = AXIS2_PLACEMENT_3D('',#2649,#2650,#2651);
#2649 = CARTESIAN_POINT('',(19.160324500276,59.073886492491,4.8));
#2650 = DIRECTION('',(0.,0.,1.));
#2651 = DIRECTION('',(1.,0.,0.));
#2652 = ADVANCED_FACE('',(#2653),#2673,.T.);
#2653 = FACE_BOUND('',#2654,.T.);
#2654 = EDGE_LOOP('',(#2655,#2656,#2657,#2658,#2659,#2667));
#2655 = ORIENTED_EDGE('',*,*,#2327,.T.);
#2656 = ORIENTED_EDGE('',*,*,#1083,.T.);
#2657 = ORIENTED_EDGE('',*,*,#1288,.T.);
#2658 = ORIENTED_EDGE('',*,*,#1313,.T.);
#2659 = ORIENTED_EDGE('',*,*,#2660,.T.);
#2660 = EDGE_CURVE('',#1314,#2661,#2663,.T.);
#2661 = VERTEX_POINT('',#2662);
#2662 = CARTESIAN_POINT('',(41.940972424738,4.389494161176,4.8));
#2663 = LINE('',#2664,#2665);
#2664 = CARTESIAN_POINT('',(34.950648666268,4.902596179188,4.8));
#2665 = VECTOR('',#2666,1.);
#2666 = DIRECTION('',(0.997316928397,-7.320481085564E-02,0.));
#2667 = ORIENTED_EDGE('',*,*,#2668,.F.);
#2668 = EDGE_CURVE('',#2328,#2661,#2669,.T.);
#2669 = LINE('',#2670,#2671);
#2670 = CARTESIAN_POINT('',(44.30464870166,36.591399154461,4.8));
#2671 = VECTOR('',#2672,1.);
#2672 = DIRECTION('',(-7.320481085564E-02,-0.997316928397,0.));
#2673 = PLANE('',#2674);
#2674 = AXIS2_PLACEMENT_3D('',#2675,#2676,#2677);
#2675 = CARTESIAN_POINT('',(19.160324500276,59.073886492491,4.8));
#2676 = DIRECTION('',(0.,0.,1.));
#2677 = DIRECTION('',(1.,0.,0.));
#2678 = ADVANCED_FACE('',(#2679),#2690,.F.);
#2679 = FACE_BOUND('',#2680,.F.);
#2680 = EDGE_LOOP('',(#2681,#2687,#2688,#2689));
#2681 = ORIENTED_EDGE('',*,*,#2682,.T.);
#2682 = EDGE_CURVE('',#2661,#2189,#2683,.T.);
#2683 = LINE('',#2684,#2685);
#2684 = CARTESIAN_POINT('',(41.940972424738,4.389494161176,0.));
#2685 = VECTOR('',#2686,1.);
#2686 = DIRECTION('',(0.,0.,1.));
#2687 = ORIENTED_EDGE('',*,*,#2196,.T.);
#2688 = ORIENTED_EDGE('',*,*,#1321,.F.);
#2689 = ORIENTED_EDGE('',*,*,#2660,.T.);
#2690 = PLANE('',#2691);
#2691 = AXIS2_PLACEMENT_3D('',#2692,#2693,#2694);
#2692 = CARTESIAN_POINT('',(49.919507851915,3.803855674331,0.));
#2693 = DIRECTION('',(-7.320481085564E-02,-0.997316928397,0.));
#2694 = DIRECTION('',(-0.997316928397,7.320481085564E-02,0.));
#2695 = ADVANCED_FACE('',(#2696),#2702,.F.);
#2696 = FACE_BOUND('',#2697,.F.);
#2697 = EDGE_LOOP('',(#2698,#2699,#2700,#2701));
#2698 = ORIENTED_EDGE('',*,*,#1895,.T.);
#2699 = ORIENTED_EDGE('',*,*,#1794,.T.);
#2700 = ORIENTED_EDGE('',*,*,#1387,.T.);
#2701 = ORIENTED_EDGE('',*,*,#2117,.T.);
#2702 = PLANE('',#2703);
#2703 = AXIS2_PLACEMENT_3D('',#2704,#2705,#2706);
#2704 = CARTESIAN_POINT('',(15.788434782242,2.227663647375,0.));
#2705 = DIRECTION('',(5.527271691189E-02,0.998471294913,0.));
#2706 = DIRECTION('',(0.998471294913,-5.527271691189E-02,0.));
#2707 = ADVANCED_FACE('',(#2708),#2728,.F.);
#2708 = FACE_BOUND('',#2709,.T.);
#2709 = EDGE_LOOP('',(#2710,#2719,#2720,#2721,#2722));
#2710 = ORIENTED_EDGE('',*,*,#2711,.F.);
#2711 = EDGE_CURVE('',#1803,#2712,#2714,.T.);
#2712 = VERTEX_POINT('',#2713);
#2713 = CARTESIAN_POINT('',(8.,21.487119154833,4.8));
#2714 = CIRCLE('',#2715,8.);
#2715 = AXIS2_PLACEMENT_3D('',#2716,#2717,#2718);
#2716 = CARTESIAN_POINT('',(8.,18.,12.));
#2717 = DIRECTION('',(1.,0.,2.22044604925E-16));
#2718 = DIRECTION('',(-1.110223024625E-16,-0.866025403784,0.5));
#2719 = ORIENTED_EDGE('',*,*,#1802,.F.);
#2720 = ORIENTED_EDGE('',*,*,#1437,.T.);
#2721 = ORIENTED_EDGE('',*,*,#1570,.F.);
#2722 = ORIENTED_EDGE('',*,*,#2723,.T.);
#2723 = EDGE_CURVE('',#1539,#2712,#2724,.T.);
#2724 = LINE('',#2725,#2726);
#2725 = CARTESIAN_POINT('',(8.,21.487119154833,4.8));
#2726 = VECTOR('',#2727,1.);
#2727 = DIRECTION('',(-1.,-0.,-2.22044604925E-16));
#2728 = CYLINDRICAL_SURFACE('',#2729,8.);
#2729 = AXIS2_PLACEMENT_3D('',#2730,#2731,#2732);
#2730 = CARTESIAN_POINT('',(8.,18.,12.));
#2731 = DIRECTION('',(-1.,-0.,-2.22044604925E-16));
#2732 = DIRECTION('',(-1.110223024625E-16,-0.866025403784,0.5));
#2733 = ADVANCED_FACE('',(#2734),#2812,.T.);
#2734 = FACE_BOUND('',#2735,.T.);
#2735 = EDGE_LOOP('',(#2736,#2744,#2745,#2746,#2747,#2748,#2749,#2806));
#2736 = ORIENTED_EDGE('',*,*,#2737,.F.);
#2737 = EDGE_CURVE('',#2712,#2738,#2740,.T.);
#2738 = VERTEX_POINT('',#2739);
#2739 = CARTESIAN_POINT('',(8.,27.,4.8));
#2740 = LINE('',#2741,#2742);
#2741 = CARTESIAN_POINT('',(8.,48.702573335308,4.8));
#2742 = VECTOR('',#2743,1.);
#2743 = DIRECTION('',(0.,1.,0.));
#2744 = ORIENTED_EDGE('',*,*,#2723,.F.);
#2745 = ORIENTED_EDGE('',*,*,#1538,.T.);
#2746 = ORIENTED_EDGE('',*,*,#1611,.T.);
#2747 = ORIENTED_EDGE('',*,*,#1635,.T.);
#2748 = ORIENTED_EDGE('',*,*,#1676,.F.);
#2749 = ORIENTED_EDGE('',*,*,#2750,.F.);
#2750 = EDGE_CURVE('',#2751,#1669,#2753,.T.);
#2751 = VERTEX_POINT('',#2752);
#2752 = CARTESIAN_POINT('',(4.,30.,4.8));
#2753 = B_SPLINE_CURVE_WITH_KNOTS('',6,(#2754,#2755,#2756,#2757,#2758,
    #2759,#2760,#2761,#2762,#2763,#2764,#2765,#2766,#2767,#2768,#2769,
    #2770,#2771,#2772,#2773,#2774,#2775,#2776,#2777,#2778,#2779,#2780,
    #2781,#2782,#2783,#2784,#2785,#2786,#2787,#2788,#2789,#2790,#2791,
    #2792,#2793,#2794,#2795,#2796,#2797,#2798,#2799,#2800,#2801,#2802,
    #2803,#2804,#2805),.UNSPECIFIED.,.F.,.F.,(7,5,5,5,5,5,5,5,5,5,7),(0.
    ,6.427273352909E-02,0.181050601123,0.395907784013,0.59391391382,
    0.659344052133,0.694923330328,0.767209321348,0.853306558618,
    0.899091200965,1.),.UNSPECIFIED.);
#2754 = CARTESIAN_POINT('',(4.,30.,4.8));
#2755 = CARTESIAN_POINT('',(3.945053903554,30.,4.8));
#2756 = CARTESIAN_POINT('',(3.890107826057,29.999999965173,4.8));
#2757 = CARTESIAN_POINT('',(3.835162176806,29.999983408305,4.8));
#2758 = CARTESIAN_POINT('',(3.780217422333,29.999933676626,4.8));
#2759 = CARTESIAN_POINT('',(3.725274086399,29.999833951816,4.8));
#2760 = CARTESIAN_POINT('',(3.570509205004,29.999364367557,4.8));
#2761 = CARTESIAN_POINT('',(3.470692818534,29.998840307346,4.8));
#2762 = CARTESIAN_POINT('',(3.370886287032,29.997992502287,4.8));
#2763 = CARTESIAN_POINT('',(3.271094912824,29.996715081301,4.8));
#2764 = CARTESIAN_POINT('',(3.171326763622,29.99489483277,4.8));
#2765 = CARTESIAN_POINT('',(2.88809443433,29.987830165051,4.8));
#2766 = CARTESIAN_POINT('',(2.704753260507,29.980994265655,4.8));
#2767 = CARTESIAN_POINT('',(2.521569585865,29.97112633725,4.8));
#2768 = CARTESIAN_POINT('',(2.338691356342,29.957301902479,4.8));
#2769 = CARTESIAN_POINT('',(2.156416767048,29.938396585653,4.8));
#2770 = CARTESIAN_POINT('',(1.808250502231,29.889156327878,4.8));
#2771 = CARTESIAN_POINT('',(1.642389590279,29.859861332419,4.8));
#2772 = CARTESIAN_POINT('',(1.4777844773,29.823589826227,4.8));
#2773 = CARTESIAN_POINT('',(1.315279623075,29.77870698901,4.8));
#2774 = CARTESIAN_POINT('',(1.156457822531,29.723130020808,4.8));
#2775 = CARTESIAN_POINT('',(0.953112025828,29.631665376203,4.8));
#2776 = CARTESIAN_POINT('',(0.903280407726,29.607519218894,4.8));
#2777 = CARTESIAN_POINT('',(0.854218260911,29.581863809123,4.8));
#2778 = CARTESIAN_POINT('',(0.806040919139,29.554621563021,4.8));
#2779 = CARTESIAN_POINT('',(0.758878641963,29.525725661178,4.8));
#2780 = CARTESIAN_POINT('',(0.687854636137,29.478489853381,4.8));
#2781 = CARTESIAN_POINT('',(0.663179132799,29.461348742514,4.8));
#2782 = CARTESIAN_POINT('',(0.638868571001,29.443696989408,4.8));
#2783 = CARTESIAN_POINT('',(0.614946499957,29.425529218421,4.8));
#2784 = CARTESIAN_POINT('',(0.591436873083,29.406842420265,4.8));
#2785 = CARTESIAN_POINT('',(0.521487267149,29.348614401733,4.8));
#2786 = CARTESIAN_POINT('',(0.476407608966,29.307443701951,4.8));
#2787 = CARTESIAN_POINT('',(0.43333800496,29.264128805421,4.8));
#2788 = CARTESIAN_POINT('',(0.39247187356,29.218715241583,4.8));
#2789 = CARTESIAN_POINT('',(0.353970763966,29.171300931029,4.8));
#2790 = CARTESIAN_POINT('',(0.275051349078,29.063384609913,4.8));
#2791 = CARTESIAN_POINT('',(0.23566053403,29.002096759027,4.8));
#2792 = CARTESIAN_POINT('',(0.19998536406,28.938460612704,4.8));
#2793 = CARTESIAN_POINT('',(0.168078256351,28.872795891493,4.8));
#2794 = CARTESIAN_POINT('',(0.139879317343,28.805443403374,4.8));
#2795 = CARTESIAN_POINT('',(0.102164035451,28.700208966909,4.8));
#2796 = CARTESIAN_POINT('',(9.008067696456E-02,28.663289854888,4.8));
#2797 = CARTESIAN_POINT('',(7.898649459128E-02,28.626032113735,4.8));
#2798 = CARTESIAN_POINT('',(6.885476155917E-02,28.588479501352,4.8));
#2799 = CARTESIAN_POINT('',(5.965495488775E-02,28.55067200191,4.8));
#2800 = CARTESIAN_POINT('',(3.306146135152E-02,28.428834485108,4.8));
#2801 = CARTESIAN_POINT('',(1.914069341878E-02,28.343969109346,4.8));
#2802 = CARTESIAN_POINT('',(9.239501687169E-03,28.258408998618,4.8));
#2803 = CARTESIAN_POINT('',(2.976523066668E-03,28.172439622233,4.8));
#2804 = CARTESIAN_POINT('',(0.,28.086263748852,4.8));
#2805 = CARTESIAN_POINT('',(0.,28.,4.8));
#2806 = ORIENTED_EDGE('',*,*,#2807,.F.);
#2807 = EDGE_CURVE('',#2738,#2751,#2808,.T.);
#2808 = LINE('',#2809,#2810);
#2809 = CARTESIAN_POINT('',(0.92969025008,32.30273231244,4.8));
#2810 = VECTOR('',#2811,1.);
#2811 = DIRECTION('',(-0.8,0.6,0.));
#2812 = PLANE('',#2813);
#2813 = AXIS2_PLACEMENT_3D('',#2814,#2815,#2816);
#2814 = CARTESIAN_POINT('',(19.160324500276,59.073886492491,4.8));
#2815 = DIRECTION('',(0.,0.,1.));
#2816 = DIRECTION('',(1.,0.,0.));
#2817 = ADVANCED_FACE('',(#2818),#2874,.T.);
#2818 = FACE_BOUND('',#2819,.T.);
#2819 = EDGE_LOOP('',(#2820,#2821,#2822,#2830));
#2820 = ORIENTED_EDGE('',*,*,#1650,.F.);
#2821 = ORIENTED_EDGE('',*,*,#1826,.T.);
#2822 = ORIENTED_EDGE('',*,*,#2823,.T.);
#2823 = EDGE_CURVE('',#1819,#2824,#2826,.T.);
#2824 = VERTEX_POINT('',#2825);
#2825 = CARTESIAN_POINT('',(4.,6.,23.4));
#2826 = LINE('',#2827,#2828);
#2827 = CARTESIAN_POINT('',(4.,6.,0.));
#2828 = VECTOR('',#2829,1.);
#2829 = DIRECTION('',(0.,0.,1.));
#2830 = ORIENTED_EDGE('',*,*,#2831,.T.);
#2831 = EDGE_CURVE('',#2824,#1653,#2832,.T.);
#2832 = B_SPLINE_CURVE_WITH_KNOTS('',14,(#2833,#2834,#2835,#2836,#2837,
    #2838,#2839,#2840,#2841,#2842,#2843,#2844,#2845,#2846,#2847,#2848,
    #2849,#2850,#2851,#2852,#2853,#2854,#2855,#2856,#2857,#2858,#2859,
    #2860,#2861,#2862,#2863,#2864,#2865,#2866,#2867,#2868,#2869,#2870,
    #2871,#2872,#2873),.UNSPECIFIED.,.F.,.F.,(15,13,13,15),(
    -0.895281497545,-0.665356345235,2.217960305693,5.10127695662),
  .UNSPECIFIED.);
#2833 = CARTESIAN_POINT('',(5.066761784522,5.990473405287,
    23.400000656044));
#2834 = CARTESIAN_POINT('',(5.046247935929,5.990835182921,
    23.400000619493));
#2835 = CARTESIAN_POINT('',(5.025797091,5.991195849437,23.400000583054)
  );
#2836 = CARTESIAN_POINT('',(5.005409249732,5.991555404835,
    23.400000546728));
#2837 = CARTESIAN_POINT('',(4.985084412128,5.991913849114,
    23.400000510514));
#2838 = CARTESIAN_POINT('',(4.964822578186,5.992271182275,
    23.400000474412));
#2839 = CARTESIAN_POINT('',(4.944623747907,5.992627404317,
    23.400000438422));
#2840 = CARTESIAN_POINT('',(4.92448792129,5.99298251524,23.400000402545)
  );
#2841 = CARTESIAN_POINT('',(4.904415098336,5.993336515046,23.40000036678
    ));
#2842 = CARTESIAN_POINT('',(4.884405279045,5.993689403732,
    23.400000331127));
#2843 = CARTESIAN_POINT('',(4.864458463416,5.994041181301,
    23.400000295586));
#2844 = CARTESIAN_POINT('',(4.84457465145,5.99439184775,23.400000260158)
  );
#2845 = CARTESIAN_POINT('',(4.824753843147,5.994741403082,
    23.400000224842));
#2846 = CARTESIAN_POINT('',(4.804996038507,5.995089847295,
    23.400000189638));
#2847 = CARTESIAN_POINT('',(4.538323701467,5.999792820842,23.39999971449
    ));
#2848 = CARTESIAN_POINT('',(4.297646200826,6.001005384017,
    23.400000499374));
#2849 = CARTESIAN_POINT('',(4.05555881297,6.00063333918,23.399999196063)
  );
#2850 = CARTESIAN_POINT('',(3.822597226677,5.999664834732,23.40000114762
    ));
#2851 = CARTESIAN_POINT('',(3.550657697449,5.998429676294,
    23.399998598765));
#2852 = CARTESIAN_POINT('',(3.352689965207,5.999093833795,
    23.400001420462));
#2853 = CARTESIAN_POINT('',(3.066026428108,6.00131812422,23.39999883408)
  );
#2854 = CARTESIAN_POINT('',(2.86691410221,6.007225264412,23.400000755663
    ));
#2855 = CARTESIAN_POINT('',(2.612044140349,6.017061576375,
    23.399999625355));
#2856 = CARTESIAN_POINT('',(2.395097077093,6.032202260839,
    23.400000135239));
#2857 = CARTESIAN_POINT('',(2.170857656021,6.053488820996,
    23.399999967638));
#2858 = CARTESIAN_POINT('',(1.957790019352,6.081957092048,
    23.400000004016));
#2859 = CARTESIAN_POINT('',(1.752113445782,6.11859046726,23.399999999994
    ));
#2860 = CARTESIAN_POINT('',(1.359227034866,6.210173786817,
    23.400000000009));
#2861 = CARTESIAN_POINT('',(1.171942060525,6.265123677695,23.39999999995
    ));
#2862 = CARTESIAN_POINT('',(0.994807448091,6.330223930553,
    23.400000000152));
#2863 = CARTESIAN_POINT('',(0.828815328323,6.40646667588,23.399999999664
    ));
#2864 = CARTESIAN_POINT('',(0.674957832045,6.494844045098,
    23.400000000584));
#2865 = CARTESIAN_POINT('',(0.534227089965,6.596348167858,
    23.399999999181));
#2866 = CARTESIAN_POINT('',(0.40761523297,6.711971176587,23.400000000938
    ));
#2867 = CARTESIAN_POINT('',(0.29611439171,6.842705200061,23.399999999121
    ));
#2868 = CARTESIAN_POINT('',(0.2007166971,6.989542371109,23.400000000672)
  );
#2869 = CARTESIAN_POINT('',(0.122414279807,7.153474818757,
    23.399999999586));
#2870 = CARTESIAN_POINT('',(6.219927069152E-02,7.335494675041,
    23.4000000002));
#2871 = CARTESIAN_POINT('',(2.106380048832E-02,7.53659407,
    23.399999999929));
#2872 = CARTESIAN_POINT('',(2.699979498047E-13,7.75776513477,
    23.400000000015));
#2873 = CARTESIAN_POINT('',(0.,8.,23.4));
#2874 = SURFACE_OF_LINEAR_EXTRUSION('',#2875,#2880);
#2875 = B_SPLINE_CURVE_WITH_KNOTS('',3,(#2876,#2877,#2878,#2879),
  .UNSPECIFIED.,.F.,.F.,(4,4),(0.,1.),.PIECEWISE_BEZIER_KNOTS.);
#2876 = CARTESIAN_POINT('',(4.,6.,0.));
#2877 = CARTESIAN_POINT('',(2.,6.,0.));
#2878 = CARTESIAN_POINT('',(0.,6.,0.));
#2879 = CARTESIAN_POINT('',(0.,8.,0.));
#2880 = VECTOR('',#2881,1.);
#2881 = DIRECTION('',(-0.,-0.,-1.));
#2882 = ADVANCED_FACE('',(#2883),#2939,.T.);
#2883 = FACE_BOUND('',#2884,.T.);
#2884 = EDGE_LOOP('',(#2885,#2893,#2894,#2895));
#2885 = ORIENTED_EDGE('',*,*,#2886,.F.);
#2886 = EDGE_CURVE('',#2751,#2887,#2889,.T.);
#2887 = VERTEX_POINT('',#2888);
#2888 = CARTESIAN_POINT('',(4.,30.,23.4));
#2889 = LINE('',#2890,#2891);
#2890 = CARTESIAN_POINT('',(4.,30.,0.));
#2891 = VECTOR('',#2892,1.);
#2892 = DIRECTION('',(0.,0.,1.));
#2893 = ORIENTED_EDGE('',*,*,#2750,.T.);
#2894 = ORIENTED_EDGE('',*,*,#1668,.T.);
#2895 = ORIENTED_EDGE('',*,*,#2896,.T.);
#2896 = EDGE_CURVE('',#1661,#2887,#2897,.T.);
#2897 = B_SPLINE_CURVE_WITH_KNOTS('',14,(#2898,#2899,#2900,#2901,#2902,
    #2903,#2904,#2905,#2906,#2907,#2908,#2909,#2910,#2911,#2912,#2913,
    #2914,#2915,#2916,#2917,#2918,#2919,#2920,#2921,#2922,#2923,#2924,
    #2925,#2926,#2927,#2928,#2929,#2930,#2931,#2932,#2933,#2934,#2935,
    #2936,#2937,#2938),.UNSPECIFIED.,.F.,.F.,(15,13,13,15),(
    25.10127695662,27.984593607547,30.867910258474,31.097835410786),
  .UNSPECIFIED.);
#2898 = CARTESIAN_POINT('',(0.,28.,23.4));
#2899 = CARTESIAN_POINT('',(2.451690173518E-13,28.242234865259,
    23.400000000021));
#2900 = CARTESIAN_POINT('',(2.106380048844E-02,28.463405929867,
    23.399999999904));
#2901 = CARTESIAN_POINT('',(6.21992706911E-02,28.664505325331,
    23.400000000268));
#2902 = CARTESIAN_POINT('',(0.122414279808,28.84652518048,
    23.399999999447));
#2903 = CARTESIAN_POINT('',(0.200716697098,29.010457630117,
    23.40000000089));
#2904 = CARTESIAN_POINT('',(0.296114391714,29.157294798358,
    23.399999998849));
#2905 = CARTESIAN_POINT('',(0.407615232965,29.288028825074,
    23.400000001214));
#2906 = CARTESIAN_POINT('',(0.53422708997,29.403651830713,
    23.399999998948));
#2907 = CARTESIAN_POINT('',(0.674957832041,29.505155955906,
    23.400000000745));
#2908 = CARTESIAN_POINT('',(0.828815328327,29.593533323553,
    23.399999999576));
#2909 = CARTESIAN_POINT('',(0.994807448088,29.669776069694,
    23.400000000186));
#2910 = CARTESIAN_POINT('',(1.171942060527,29.734876322232,
    23.399999999944));
#2911 = CARTESIAN_POINT('',(1.359227034865,29.78982621319,
    23.400000000006));
#2912 = CARTESIAN_POINT('',(1.752113445784,29.881409532744,
    23.400000000003));
#2913 = CARTESIAN_POINT('',(1.957790019343,29.918042907893,
    23.400000003957));
#2914 = CARTESIAN_POINT('',(2.170857656048,29.9465111792,23.399999967814
    ));
#2915 = CARTESIAN_POINT('',(2.395097077034,29.967797738733,
    23.400000134871));
#2916 = CARTESIAN_POINT('',(2.612044140447,29.982938424335,
    23.399999625945));
#2917 = CARTESIAN_POINT('',(2.866914102083,29.992774734652,
    23.400000754908));
#2918 = CARTESIAN_POINT('',(3.066026428244,29.998681876782,
    23.399998834864));
#2919 = CARTESIAN_POINT('',(3.352689965089,30.000906165325,
    23.400001419796));
#2920 = CARTESIAN_POINT('',(3.550657697532,30.001570324341,
    23.399998599228));
#2921 = CARTESIAN_POINT('',(3.822597226629,30.000335164897,
    23.400001147358));
#2922 = CARTESIAN_POINT('',(4.055558812992,29.999366660992,
    23.399999196181));
#2923 = CARTESIAN_POINT('',(4.297646200818,29.998994615924,
    23.400000499334));
#2924 = CARTESIAN_POINT('',(4.538323701469,30.000207179171,
    23.399999714498));
#2925 = CARTESIAN_POINT('',(4.804996038507,30.004910152704,
    23.400000189637));
#2926 = CARTESIAN_POINT('',(4.824753843147,30.005258596916,
    23.40000022484));
#2927 = CARTESIAN_POINT('',(4.84457465145,30.005608152247,
    23.400000260156));
#2928 = CARTESIAN_POINT('',(4.864458463416,30.005958818695,
    23.400000295583));
#2929 = CARTESIAN_POINT('',(4.884405279045,30.006310596263,
    23.400000331123));
#2930 = CARTESIAN_POINT('',(4.904415098336,30.006663484948,
    23.400000366776));
#2931 = CARTESIAN_POINT('',(4.92448792129,30.007017484753,23.40000040254
    ));
#2932 = CARTESIAN_POINT('',(4.944623747907,30.007372595675,
    23.400000438417));
#2933 = CARTESIAN_POINT('',(4.964822578186,30.007728817716,
    23.400000474406));
#2934 = CARTESIAN_POINT('',(4.985084412128,30.008086150876,
    23.400000510507));
#2935 = CARTESIAN_POINT('',(5.005409249732,30.008444595154,
    23.40000054672));
#2936 = CARTESIAN_POINT('',(5.025797091,30.008804150551,23.400000583046)
  );
#2937 = CARTESIAN_POINT('',(5.04624793593,30.009164817066,
    23.400000619484));
#2938 = CARTESIAN_POINT('',(5.066761784522,30.009526594699,
    23.400000656034));
#2939 = SURFACE_OF_LINEAR_EXTRUSION('',#2940,#2945);
#2940 = B_SPLINE_CURVE_WITH_KNOTS('',3,(#2941,#2942,#2943,#2944),
  .UNSPECIFIED.,.F.,.F.,(4,4),(0.,1.),.PIECEWISE_BEZIER_KNOTS.);
#2941 = CARTESIAN_POINT('',(0.,28.,0.));
#2942 = CARTESIAN_POINT('',(0.,30.,0.));
#2943 = CARTESIAN_POINT('',(2.,30.,0.));
#2944 = CARTESIAN_POINT('',(4.,30.,0.));
#2945 = VECTOR('',#2946,1.);
#2946 = DIRECTION('',(-0.,-0.,-1.));
#2947 = ADVANCED_FACE('',(#2948),#2972,.T.);
#2948 = FACE_BOUND('',#2949,.F.);
#2949 = EDGE_LOOP('',(#2950,#2957,#2958,#2966));
#2950 = ORIENTED_EDGE('',*,*,#2951,.F.);
#2951 = EDGE_CURVE('',#1653,#2952,#2954,.T.);
#2952 = VERTEX_POINT('',#2953);
#2953 = CARTESIAN_POINT('',(0.6,8.,24.));
#2954 = B_SPLINE_CURVE_WITH_KNOTS('',1,(#2955,#2956),.UNSPECIFIED.,.F.,
  .F.,(2,2),(0.,5.766633301854),.PIECEWISE_BEZIER_KNOTS.);
#2955 = CARTESIAN_POINT('',(0.,8.,23.4));
#2956 = CARTESIAN_POINT('',(0.6,8.,24.));
#2957 = ORIENTED_EDGE('',*,*,#1660,.T.);
#2958 = ORIENTED_EDGE('',*,*,#2959,.T.);
#2959 = EDGE_CURVE('',#1661,#2960,#2962,.T.);
#2960 = VERTEX_POINT('',#2961);
#2961 = CARTESIAN_POINT('',(0.6,28.,24.));
#2962 = LINE('',#2963,#2964);
#2963 = CARTESIAN_POINT('',(0.3,28.,23.7));
#2964 = VECTOR('',#2965,1.);
#2965 = DIRECTION('',(0.707106781187,0.,0.707106781187));
#2966 = ORIENTED_EDGE('',*,*,#2967,.F.);
#2967 = EDGE_CURVE('',#2952,#2960,#2968,.T.);
#2968 = LINE('',#2969,#2970);
#2969 = CARTESIAN_POINT('',(0.6,8.,24.));
#2970 = VECTOR('',#2971,1.);
#2971 = DIRECTION('',(0.,1.,0.));
#2972 = PLANE('',#2973);
#2973 = AXIS2_PLACEMENT_3D('',#2974,#2975,#2976);
#2974 = CARTESIAN_POINT('',(0.3,8.,23.7));
#2975 = DIRECTION('',(-0.707106781187,0.,0.707106781187));
#2976 = DIRECTION('',(-0.,-1.,-0.));
#2977 = ADVANCED_FACE('',(#2978),#3004,.F.);
#2978 = FACE_BOUND('',#2979,.T.);
#2979 = EDGE_LOOP('',(#2980,#2981,#2989,#2998));
#2980 = ORIENTED_EDGE('',*,*,#1693,.T.);
#2981 = ORIENTED_EDGE('',*,*,#2982,.T.);
#2982 = EDGE_CURVE('',#1696,#2983,#2985,.T.);
#2983 = VERTEX_POINT('',#2984);
#2984 = CARTESIAN_POINT('',(4.,14.968911086754,13.75));
#2985 = LINE('',#2986,#2987);
#2986 = CARTESIAN_POINT('',(-1.,14.968911086754,13.75));
#2987 = VECTOR('',#2988,1.);
#2988 = DIRECTION('',(1.,0.,2.22044604925E-16));
#2989 = ORIENTED_EDGE('',*,*,#2990,.F.);
#2990 = EDGE_CURVE('',#2991,#2983,#2993,.T.);
#2991 = VERTEX_POINT('',#2992);
#2992 = CARTESIAN_POINT('',(4.,21.031088913246,13.75));
#2993 = CIRCLE('',#2994,3.5);
#2994 = AXIS2_PLACEMENT_3D('',#2995,#2996,#2997);
#2995 = CARTESIAN_POINT('',(4.,18.,12.));
#2996 = DIRECTION('',(-1.,0.,-2.22044604925E-16));
#2997 = DIRECTION('',(-1.110223024625E-16,-0.866025403784,0.5));
#2998 = ORIENTED_EDGE('',*,*,#2999,.F.);
#2999 = EDGE_CURVE('',#1694,#2991,#3000,.T.);
#3000 = LINE('',#3001,#3002);
#3001 = CARTESIAN_POINT('',(-1.,21.031088913246,13.75));
#3002 = VECTOR('',#3003,1.);
#3003 = DIRECTION('',(1.,0.,2.22044604925E-16));
#3004 = CYLINDRICAL_SURFACE('',#3005,3.5);
#3005 = AXIS2_PLACEMENT_3D('',#3006,#3007,#3008);
#3006 = CARTESIAN_POINT('',(-1.,18.,12.));
#3007 = DIRECTION('',(-1.,-0.,-2.22044604925E-16));
#3008 = DIRECTION('',(-1.110223024625E-16,-0.866025403784,0.5));
#3009 = ADVANCED_FACE('',(#3010),#3028,.T.);
#3010 = FACE_BOUND('',#3011,.T.);
#3011 = EDGE_LOOP('',(#3012,#3013,#3014,#3022));
#3012 = ORIENTED_EDGE('',*,*,#1704,.F.);
#3013 = ORIENTED_EDGE('',*,*,#2999,.T.);
#3014 = ORIENTED_EDGE('',*,*,#3015,.T.);
#3015 = EDGE_CURVE('',#2991,#3016,#3018,.T.);
#3016 = VERTEX_POINT('',#3017);
#3017 = CARTESIAN_POINT('',(4.,18.,19.));
#3018 = LINE('',#3019,#3020);
#3019 = CARTESIAN_POINT('',(4.,20.364941520103,14.903801130253));
#3020 = VECTOR('',#3021,1.);
#3021 = DIRECTION('',(0.,-0.5,0.866025403784));
#3022 = ORIENTED_EDGE('',*,*,#3023,.F.);
#3023 = EDGE_CURVE('',#1705,#3016,#3024,.T.);
#3024 = LINE('',#3025,#3026);
#3025 = CARTESIAN_POINT('',(-1.,18.,19.));
#3026 = VECTOR('',#3027,1.);
#3027 = DIRECTION('',(1.,0.,2.22044604925E-16));
#3028 = PLANE('',#3029);
#3029 = AXIS2_PLACEMENT_3D('',#3030,#3031,#3032);
#3030 = CARTESIAN_POINT('',(-1.,21.031088913246,13.75));
#3031 = DIRECTION('',(1.110223024625E-16,-0.866025403784,-0.5));
#3032 = DIRECTION('',(-1.922962686384E-16,-0.5,0.866025403784));
#3033 = ADVANCED_FACE('',(#3034),#3045,.T.);
#3034 = FACE_BOUND('',#3035,.T.);
#3035 = EDGE_LOOP('',(#3036,#3037,#3038,#3044));
#3036 = ORIENTED_EDGE('',*,*,#1712,.F.);
#3037 = ORIENTED_EDGE('',*,*,#3023,.T.);
#3038 = ORIENTED_EDGE('',*,*,#3039,.T.);
#3039 = EDGE_CURVE('',#3016,#2983,#3040,.T.);
#3040 = LINE('',#3041,#3042);
#3041 = CARTESIAN_POINT('',(4.,17.15060293652,17.528801130253));
#3042 = VECTOR('',#3043,1.);
#3043 = DIRECTION('',(0.,-0.5,-0.866025403784));
#3044 = ORIENTED_EDGE('',*,*,#2982,.F.);
#3045 = PLANE('',#3046);
#3046 = AXIS2_PLACEMENT_3D('',#3047,#3048,#3049);
#3047 = CARTESIAN_POINT('',(-1.,18.,19.));
#3048 = DIRECTION('',(1.110223024625E-16,0.866025403784,-0.5));
#3049 = DIRECTION('',(1.922962686384E-16,-0.5,-0.866025403784));
#3050 = ADVANCED_FACE('',(#3051),#3069,.T.);
#3051 = FACE_BOUND('',#3052,.T.);
#3052 = EDGE_LOOP('',(#3053,#3054,#3055,#3063));
#3053 = ORIENTED_EDGE('',*,*,#2823,.F.);
#3054 = ORIENTED_EDGE('',*,*,#1818,.T.);
#3055 = ORIENTED_EDGE('',*,*,#3056,.T.);
#3056 = EDGE_CURVE('',#1811,#3057,#3059,.T.);
#3057 = VERTEX_POINT('',#3058);
#3058 = CARTESIAN_POINT('',(8.,9.,23.4));
#3059 = LINE('',#3060,#3061);
#3060 = CARTESIAN_POINT('',(8.,9.,0.));
#3061 = VECTOR('',#3062,1.);
#3062 = DIRECTION('',(0.,0.,1.));
#3063 = ORIENTED_EDGE('',*,*,#3064,.T.);
#3064 = EDGE_CURVE('',#3057,#2824,#3065,.T.);
#3065 = LINE('',#3066,#3067);
#3066 = CARTESIAN_POINT('',(8.,9.,23.4));
#3067 = VECTOR('',#3068,1.);
#3068 = DIRECTION('',(-0.8,-0.6,0.));
#3069 = PLANE('',#3070);
#3070 = AXIS2_PLACEMENT_3D('',#3071,#3072,#3073);
#3071 = CARTESIAN_POINT('',(8.,9.,0.));
#3072 = DIRECTION('',(0.6,-0.8,0.));
#3073 = DIRECTION('',(-0.8,-0.6,0.));
#3074 = ADVANCED_FACE('',(#3075),#3146,.T.);
#3075 = FACE_BOUND('',#3076,.T.);
#3076 = EDGE_LOOP('',(#3077,#3085,#3086,#3087,#3088,#3089,#3097,#3105,
    #3113,#3122,#3131,#3140));
#3077 = ORIENTED_EDGE('',*,*,#3078,.T.);
#3078 = EDGE_CURVE('',#3079,#3057,#3081,.T.);
#3079 = VERTEX_POINT('',#3080);
#3080 = CARTESIAN_POINT('',(8.,15.921539030917,23.4));
#3081 = LINE('',#3082,#3083);
#3082 = CARTESIAN_POINT('',(8.,27.,23.4));
#3083 = VECTOR('',#3084,1.);
#3084 = DIRECTION('',(0.,-1.,0.));
#3085 = ORIENTED_EDGE('',*,*,#3056,.F.);
#3086 = ORIENTED_EDGE('',*,*,#1810,.T.);
#3087 = ORIENTED_EDGE('',*,*,#2711,.T.);
#3088 = ORIENTED_EDGE('',*,*,#2737,.T.);
#3089 = ORIENTED_EDGE('',*,*,#3090,.T.);
#3090 = EDGE_CURVE('',#2738,#3091,#3093,.T.);
#3091 = VERTEX_POINT('',#3092);
#3092 = CARTESIAN_POINT('',(8.,27.,23.4));
#3093 = LINE('',#3094,#3095);
#3094 = CARTESIAN_POINT('',(8.,27.,0.));
#3095 = VECTOR('',#3096,1.);
#3096 = DIRECTION('',(0.,0.,1.));
#3097 = ORIENTED_EDGE('',*,*,#3098,.T.);
#3098 = EDGE_CURVE('',#3091,#3099,#3101,.T.);
#3099 = VERTEX_POINT('',#3100);
#3100 = CARTESIAN_POINT('',(8.,20.078460969083,23.4));
#3101 = LINE('',#3102,#3103);
#3102 = CARTESIAN_POINT('',(8.,27.,23.4));
#3103 = VECTOR('',#3104,1.);
#3104 = DIRECTION('',(0.,-1.,0.));
#3105 = ORIENTED_EDGE('',*,*,#3106,.F.);
#3106 = EDGE_CURVE('',#3107,#3099,#3109,.T.);
#3107 = VERTEX_POINT('',#3108);
#3108 = CARTESIAN_POINT('',(8.,24.495190528383,15.75));
#3109 = LINE('',#3110,#3111);
#3110 = CARTESIAN_POINT('',(8.,23.784633309031,16.980721205603));
#3111 = VECTOR('',#3112,1.);
#3112 = DIRECTION('',(-2.093911744542E-16,-0.5,0.866025403784));
#3113 = ORIENTED_EDGE('',*,*,#3114,.T.);
#3114 = EDGE_CURVE('',#3107,#3115,#3117,.T.);
#3115 = VERTEX_POINT('',#3116);
#3116 = CARTESIAN_POINT('',(8.,20.1,4.8));
#3117 = CIRCLE('',#3118,7.5);
#3118 = AXIS2_PLACEMENT_3D('',#3119,#3120,#3121);
#3119 = CARTESIAN_POINT('',(8.,18.,12.));
#3120 = DIRECTION('',(-1.,0.,-2.22044604925E-16));
#3121 = DIRECTION('',(-1.110223024625E-16,-0.866025403784,0.5));
#3122 = ORIENTED_EDGE('',*,*,#3123,.T.);
#3123 = EDGE_CURVE('',#3115,#3124,#3126,.T.);
#3124 = VERTEX_POINT('',#3125);
#3125 = CARTESIAN_POINT('',(8.,15.9,4.8));
#3126 = CIRCLE('',#3127,7.5);
#3127 = AXIS2_PLACEMENT_3D('',#3128,#3129,#3130);
#3128 = CARTESIAN_POINT('',(8.,18.,12.));
#3129 = DIRECTION('',(-1.,0.,-2.22044604925E-16));
#3130 = DIRECTION('',(-1.110223024625E-16,-0.866025403784,0.5));
#3131 = ORIENTED_EDGE('',*,*,#3132,.T.);
#3132 = EDGE_CURVE('',#3124,#3133,#3135,.T.);
#3133 = VERTEX_POINT('',#3134);
#3134 = CARTESIAN_POINT('',(8.,11.504809471617,15.75));
#3135 = CIRCLE('',#3136,7.5);
#3136 = AXIS2_PLACEMENT_3D('',#3137,#3138,#3139);
#3137 = CARTESIAN_POINT('',(8.,18.,12.));
#3138 = DIRECTION('',(-1.,0.,-2.22044604925E-16));
#3139 = DIRECTION('',(-1.110223024625E-16,-0.866025403784,0.5));
#3140 = ORIENTED_EDGE('',*,*,#3141,.F.);
#3141 = EDGE_CURVE('',#3079,#3133,#3142,.T.);
#3142 = LINE('',#3143,#3144);
#3143 = CARTESIAN_POINT('',(8.,15.462961955161,22.605721205603));
#3144 = VECTOR('',#3145,1.);
#3145 = DIRECTION('',(2.093911744542E-16,-0.5,-0.866025403784));
#3146 = PLANE('',#3147);
#3147 = AXIS2_PLACEMENT_3D('',#3148,#3149,#3150);
#3148 = CARTESIAN_POINT('',(8.,18.,13.194834768053));
#3149 = DIRECTION('',(1.,0.,0.));
#3150 = DIRECTION('',(0.,0.,1.));
#3151 = ADVANCED_FACE('',(#3152),#3158,.T.);
#3152 = FACE_BOUND('',#3153,.T.);
#3153 = EDGE_LOOP('',(#3154,#3155,#3156,#3157));
#3154 = ORIENTED_EDGE('',*,*,#2213,.T.);
#3155 = ORIENTED_EDGE('',*,*,#2335,.F.);
#3156 = ORIENTED_EDGE('',*,*,#2668,.T.);
#3157 = ORIENTED_EDGE('',*,*,#2682,.T.);
#3158 = PLANE('',#3159);
#3159 = AXIS2_PLACEMENT_3D('',#3160,#3161,#3162);
#3160 = CARTESIAN_POINT('',(41.940972424738,4.389494161176,0.));
#3161 = DIRECTION('',(-0.997316928397,7.320481085564E-02,0.));
#3162 = DIRECTION('',(7.320481085564E-02,0.997316928397,0.));
#3163 = ADVANCED_FACE('',(#3164),#3175,.T.);
#3164 = FACE_BOUND('',#3165,.T.);
#3165 = EDGE_LOOP('',(#3166,#3167,#3168,#3169));
#3166 = ORIENTED_EDGE('',*,*,#3090,.F.);
#3167 = ORIENTED_EDGE('',*,*,#2807,.T.);
#3168 = ORIENTED_EDGE('',*,*,#2886,.T.);
#3169 = ORIENTED_EDGE('',*,*,#3170,.T.);
#3170 = EDGE_CURVE('',#2887,#3091,#3171,.T.);
#3171 = LINE('',#3172,#3173);
#3172 = CARTESIAN_POINT('',(4.,30.,23.4));
#3173 = VECTOR('',#3174,1.);
#3174 = DIRECTION('',(0.8,-0.6,0.));
#3175 = PLANE('',#3176);
#3176 = AXIS2_PLACEMENT_3D('',#3177,#3178,#3179);
#3177 = CARTESIAN_POINT('',(4.,30.,0.));
#3178 = DIRECTION('',(0.6,0.8,0.));
#3179 = DIRECTION('',(0.8,-0.6,0.));
#3180 = ADVANCED_FACE('',(#3181),#3242,.T.);
#3181 = FACE_BOUND('',#3182,.T.);
#3182 = EDGE_LOOP('',(#3183,#3196,#3240,#3241));
#3183 = ORIENTED_EDGE('',*,*,#3184,.T.);
#3184 = EDGE_CURVE('',#2824,#3185,#3187,.T.);
#3185 = VERTEX_POINT('',#3186);
#3186 = CARTESIAN_POINT('',(3.800099353228,6.600074514921,24.));
#3187 = B_SPLINE_CURVE_WITH_KNOTS('',4,(#3188,#3189,#3190,#3191,#3192,
    #3193,#3194,#3195),.UNSPECIFIED.,.F.,.F.,(5,3,5),(0.,0.339998955467,
    1.),.UNSPECIFIED.);
#3188 = CARTESIAN_POINT('',(3.999999971697,5.999999978831,
    23.400000000047));
#3189 = CARTESIAN_POINT('',(3.982999964264,6.050999997878,
    23.451000019744));
#3190 = CARTESIAN_POINT('',(3.965999967432,6.102000024538,
    23.502000039171));
#3191 = CARTESIAN_POINT('',(3.94900095678,6.153000765905,23.553000038656
    ));
#3192 = CARTESIAN_POINT('',(3.899009480064,6.303007584125,
    23.703000379262));
#3193 = CARTESIAN_POINT('',(3.86602244981,6.402017597943,23.802000608469
    ));
#3194 = CARTESIAN_POINT('',(3.833049921165,6.501038111913,
    23.901000536831));
#3195 = CARTESIAN_POINT('',(3.800099353228,6.600074514921,24.));
#3196 = ORIENTED_EDGE('',*,*,#3197,.T.);
#3197 = EDGE_CURVE('',#3185,#2952,#3198,.T.);
#3198 = B_SPLINE_CURVE_WITH_KNOTS('',14,(#3199,#3200,#3201,#3202,#3203,
    #3204,#3205,#3206,#3207,#3208,#3209,#3210,#3211,#3212,#3213,#3214,
    #3215,#3216,#3217,#3218,#3219,#3220,#3221,#3222,#3223,#3224,#3225,
    #3226,#3227,#3228,#3229,#3230,#3231,#3232,#3233,#3234,#3235,#3236,
    #3237,#3238,#3239),.UNSPECIFIED.,.F.,.F.,(15,13,13,15),(
    -0.895281497545,-0.665356345235,2.217960305693,5.10127695662),
  .UNSPECIFIED.);
#3199 = CARTESIAN_POINT('',(5.075870539075,6.591533749419,
    24.000000000002));
#3200 = CARTESIAN_POINT('',(5.055765396187,6.591838403316,
    24.000000000002));
#3201 = CARTESIAN_POINT('',(5.035660253298,6.592143057212,
    24.000000000002));
#3202 = CARTESIAN_POINT('',(5.015555110409,6.592447711109,
    24.000000000002));
#3203 = CARTESIAN_POINT('',(4.99544996752,6.592752365006,24.000000000001
    ));
#3204 = CARTESIAN_POINT('',(4.975344824631,6.593057018903,
    24.000000000001));
#3205 = CARTESIAN_POINT('',(4.955239681742,6.593361672799,
    24.000000000001));
#3206 = CARTESIAN_POINT('',(4.935134538853,6.593666326696,
    24.000000000001));
#3207 = CARTESIAN_POINT('',(4.915029395965,6.593970980593,
    24.000000000001));
#3208 = CARTESIAN_POINT('',(4.894924253076,6.59427563449,24.000000000001
    ));
#3209 = CARTESIAN_POINT('',(4.874819110187,6.594580288386,
    24.000000000001));
#3210 = CARTESIAN_POINT('',(4.854713967298,6.594884942283,24.));
#3211 = CARTESIAN_POINT('',(4.834608824409,6.59518959618,24.));
#3212 = CARTESIAN_POINT('',(4.81450368152,6.595494250077,24.));
#3213 = CARTESIAN_POINT('',(4.54227521642,6.599619337034,23.999999999998
    ));
#3214 = CARTESIAN_POINT('',(4.297504202229,6.601015227216,
    24.000000000008));
#3215 = CARTESIAN_POINT('',(4.053419407221,6.600629546821,
    23.999999999977));
#3216 = CARTESIAN_POINT('',(3.819405757589,6.599901936411,
    24.000000000048));
#3217 = CARTESIAN_POINT('',(3.550895202202,6.597792956043,
    23.999999999918));
#3218 = CARTESIAN_POINT('',(3.356918924642,6.600012034113,
    24.000000000114));
#3219 = CARTESIAN_POINT('',(3.074817615247,6.60052673568,23.999999999871
    ));
#3220 = CARTESIAN_POINT('',(2.88707045262,6.607793716062,24.000000000118
    ));
#3221 = CARTESIAN_POINT('',(2.640839726535,6.616452486695,23.99999999991
    ));
#3222 = CARTESIAN_POINT('',(2.439271279954,6.631349918297,
    24.000000000057));
#3223 = CARTESIAN_POINT('',(2.23157193886,6.651191031712,23.99999999997)
  );
#3224 = CARTESIAN_POINT('',(2.039437007164,6.677317036008,
    24.000000000013));
#3225 = CARTESIAN_POINT('',(1.858739031818,6.70982123086,23.999999999995
    ));
#3226 = CARTESIAN_POINT('',(1.525022595054,6.787611803964,
    24.000000000008));
#3227 = CARTESIAN_POINT('',(1.37198961976,6.832857327441,23.999999999955
    ));
#3228 = CARTESIAN_POINT('',(1.233595023296,6.884656410054,
    24.000000000138));
#3229 = CARTESIAN_POINT('',(1.112815270947,6.942133941364,
    23.999999999696));
#3230 = CARTESIAN_POINT('',(1.007647045794,7.00490111611,24.000000000526
    ));
#3231 = CARTESIAN_POINT('',(0.920179476572,7.072547905811,
    23.999999999264));
#3232 = CARTESIAN_POINT('',(0.850683031552,7.142592179734,
    24.000000000838));
#3233 = CARTESIAN_POINT('',(0.792882037617,7.213635247537,
    23.999999999221));
#3234 = CARTESIAN_POINT('',(0.739415777556,7.290595342565,24.00000000059
    ));
#3235 = CARTESIAN_POINT('',(0.689495868723,7.383737378703,23.99999999964
    ));
#3236 = CARTESIAN_POINT('',(0.647727835821,7.500189718501,
    24.000000000173));
#3237 = CARTESIAN_POINT('',(0.61687537528,7.639712737185,23.999999999939
    ));
#3238 = CARTESIAN_POINT('',(0.6,7.806212107816,24.000000000013));
#3239 = CARTESIAN_POINT('',(0.6,8.,24.));
#3240 = ORIENTED_EDGE('',*,*,#2951,.F.);
#3241 = ORIENTED_EDGE('',*,*,#2831,.F.);
#3242 = B_SPLINE_SURFACE_WITH_KNOTS('',1,14,(
    (#3243,#3244,#3245,#3246,#3247,#3248,#3249,#3250,#3251,#3252,#3253
      ,#3254,#3255,#3256,#3257,#3258,#3259,#3260,#3261,#3262,#3263,#3264
      ,#3265,#3266,#3267,#3268,#3269,#3270,#3271,#3272,#3273,#3274,#3275
      ,#3276,#3277,#3278,#3279,#3280,#3281,#3282,#3283)
    ,(#3284,#3285,#3286,#3287,#3288,#3289,#3290,#3291,#3292,#3293,#3294
      ,#3295,#3296,#3297,#3298,#3299,#3300,#3301,#3302,#3303,#3304,#3305
      ,#3306,#3307,#3308,#3309,#3310,#3311,#3312,#3313,#3314,#3315,#3316
      ,#3317,#3318,#3319,#3320,#3321,#3322,#3323,#3324
  )),.UNSPECIFIED.,.F.,.F.,.F.,(2,2),(15,13,13,15),(0.,5.766633301854),(
    -0.895281497545,-0.665356345235,2.217960305693,5.10127695662),
  .UNSPECIFIED.);
#3243 = CARTESIAN_POINT('',(5.066761784522,5.990473405287,
    23.400000656044));
#3244 = CARTESIAN_POINT('',(5.046247935929,5.990835182921,
    23.400000619493));
#3245 = CARTESIAN_POINT('',(5.025797091,5.991195849437,23.400000583054)
  );
#3246 = CARTESIAN_POINT('',(5.005409249732,5.991555404835,
    23.400000546728));
#3247 = CARTESIAN_POINT('',(4.985084412128,5.991913849114,
    23.400000510514));
#3248 = CARTESIAN_POINT('',(4.964822578186,5.992271182275,
    23.400000474412));
#3249 = CARTESIAN_POINT('',(4.944623747907,5.992627404317,
    23.400000438422));
#3250 = CARTESIAN_POINT('',(4.92448792129,5.99298251524,23.400000402545)
  );
#3251 = CARTESIAN_POINT('',(4.904415098336,5.993336515046,23.40000036678
    ));
#3252 = CARTESIAN_POINT('',(4.884405279045,5.993689403732,
    23.400000331127));
#3253 = CARTESIAN_POINT('',(4.864458463416,5.994041181301,
    23.400000295586));
#3254 = CARTESIAN_POINT('',(4.84457465145,5.99439184775,23.400000260158)
  );
#3255 = CARTESIAN_POINT('',(4.824753843147,5.994741403082,
    23.400000224842));
#3256 = CARTESIAN_POINT('',(4.804996038507,5.995089847295,
    23.400000189638));
#3257 = CARTESIAN_POINT('',(4.538323701467,5.999792820842,23.39999971449
    ));
#3258 = CARTESIAN_POINT('',(4.297646200826,6.001005384017,
    23.400000499374));
#3259 = CARTESIAN_POINT('',(4.05555881297,6.00063333918,23.399999196063)
  );
#3260 = CARTESIAN_POINT('',(3.822597226677,5.999664834732,23.40000114762
    ));
#3261 = CARTESIAN_POINT('',(3.550657697449,5.998429676294,
    23.399998598765));
#3262 = CARTESIAN_POINT('',(3.352689965207,5.999093833795,
    23.400001420462));
#3263 = CARTESIAN_POINT('',(3.066026428108,6.00131812422,23.39999883408)
  );
#3264 = CARTESIAN_POINT('',(2.86691410221,6.007225264412,23.400000755663
    ));
#3265 = CARTESIAN_POINT('',(2.612044140349,6.017061576375,
    23.399999625355));
#3266 = CARTESIAN_POINT('',(2.395097077093,6.032202260839,
    23.400000135239));
#3267 = CARTESIAN_POINT('',(2.170857656021,6.053488820996,
    23.399999967638));
#3268 = CARTESIAN_POINT('',(1.957790019352,6.081957092048,
    23.400000004016));
#3269 = CARTESIAN_POINT('',(1.752113445782,6.11859046726,23.399999999994
    ));
#3270 = CARTESIAN_POINT('',(1.359227034866,6.210173786817,
    23.400000000009));
#3271 = CARTESIAN_POINT('',(1.171942060525,6.265123677695,23.39999999995
    ));
#3272 = CARTESIAN_POINT('',(0.994807448091,6.330223930553,
    23.400000000152));
#3273 = CARTESIAN_POINT('',(0.828815328323,6.40646667588,23.399999999664
    ));
#3274 = CARTESIAN_POINT('',(0.674957832045,6.494844045098,
    23.400000000584));
#3275 = CARTESIAN_POINT('',(0.534227089965,6.596348167858,
    23.399999999181));
#3276 = CARTESIAN_POINT('',(0.40761523297,6.711971176587,23.400000000938
    ));
#3277 = CARTESIAN_POINT('',(0.29611439171,6.842705200061,23.399999999121
    ));
#3278 = CARTESIAN_POINT('',(0.2007166971,6.989542371109,23.400000000672)
  );
#3279 = CARTESIAN_POINT('',(0.122414279807,7.153474818757,
    23.399999999586));
#3280 = CARTESIAN_POINT('',(6.219927069152E-02,7.335494675041,
    23.4000000002));
#3281 = CARTESIAN_POINT('',(2.106380048832E-02,7.53659407,
    23.399999999929));
#3282 = CARTESIAN_POINT('',(2.699979498047E-13,7.75776513477,
    23.400000000015));
#3283 = CARTESIAN_POINT('',(0.,8.,23.4));
#3284 = CARTESIAN_POINT('',(5.075870539075,6.591533749419,
    24.000000000002));
#3285 = CARTESIAN_POINT('',(5.055765396187,6.591838403316,
    24.000000000002));
#3286 = CARTESIAN_POINT('',(5.035660253298,6.592143057212,
    24.000000000002));
#3287 = CARTESIAN_POINT('',(5.015555110409,6.592447711109,
    24.000000000002));
#3288 = CARTESIAN_POINT('',(4.99544996752,6.592752365006,24.000000000001
    ));
#3289 = CARTESIAN_POINT('',(4.975344824631,6.593057018903,
    24.000000000001));
#3290 = CARTESIAN_POINT('',(4.955239681742,6.593361672799,
    24.000000000001));
#3291 = CARTESIAN_POINT('',(4.935134538853,6.593666326696,
    24.000000000001));
#3292 = CARTESIAN_POINT('',(4.915029395965,6.593970980593,
    24.000000000001));
#3293 = CARTESIAN_POINT('',(4.894924253076,6.59427563449,24.000000000001
    ));
#3294 = CARTESIAN_POINT('',(4.874819110187,6.594580288386,
    24.000000000001));
#3295 = CARTESIAN_POINT('',(4.854713967298,6.594884942283,24.));
#3296 = CARTESIAN_POINT('',(4.834608824409,6.59518959618,24.));
#3297 = CARTESIAN_POINT('',(4.81450368152,6.595494250077,24.));
#3298 = CARTESIAN_POINT('',(4.54227521642,6.599619337034,23.999999999998
    ));
#3299 = CARTESIAN_POINT('',(4.297504202229,6.601015227216,
    24.000000000008));
#3300 = CARTESIAN_POINT('',(4.053419407221,6.600629546821,
    23.999999999977));
#3301 = CARTESIAN_POINT('',(3.819405757589,6.599901936411,
    24.000000000048));
#3302 = CARTESIAN_POINT('',(3.550895202202,6.597792956043,
    23.999999999918));
#3303 = CARTESIAN_POINT('',(3.356918924642,6.600012034113,
    24.000000000114));
#3304 = CARTESIAN_POINT('',(3.074817615247,6.60052673568,23.999999999871
    ));
#3305 = CARTESIAN_POINT('',(2.88707045262,6.607793716062,24.000000000118
    ));
#3306 = CARTESIAN_POINT('',(2.640839726535,6.616452486695,23.99999999991
    ));
#3307 = CARTESIAN_POINT('',(2.439271279954,6.631349918297,
    24.000000000057));
#3308 = CARTESIAN_POINT('',(2.23157193886,6.651191031712,23.99999999997)
  );
#3309 = CARTESIAN_POINT('',(2.039437007164,6.677317036008,
    24.000000000013));
#3310 = CARTESIAN_POINT('',(1.858739031818,6.70982123086,23.999999999995
    ));
#3311 = CARTESIAN_POINT('',(1.525022595054,6.787611803964,
    24.000000000008));
#3312 = CARTESIAN_POINT('',(1.37198961976,6.832857327441,23.999999999955
    ));
#3313 = CARTESIAN_POINT('',(1.233595023296,6.884656410054,
    24.000000000138));
#3314 = CARTESIAN_POINT('',(1.112815270947,6.942133941364,
    23.999999999696));
#3315 = CARTESIAN_POINT('',(1.007647045794,7.00490111611,24.000000000526
    ));
#3316 = CARTESIAN_POINT('',(0.920179476572,7.072547905811,
    23.999999999264));
#3317 = CARTESIAN_POINT('',(0.850683031552,7.142592179734,
    24.000000000838));
#3318 = CARTESIAN_POINT('',(0.792882037617,7.213635247537,
    23.999999999221));
#3319 = CARTESIAN_POINT('',(0.739415777556,7.290595342565,24.00000000059
    ));
#3320 = CARTESIAN_POINT('',(0.689495868723,7.383737378703,23.99999999964
    ));
#3321 = CARTESIAN_POINT('',(0.647727835821,7.500189718501,
    24.000000000173));
#3322 = CARTESIAN_POINT('',(0.61687537528,7.639712737185,23.999999999939
    ));
#3323 = CARTESIAN_POINT('',(0.6,7.806212107816,24.000000000013));
#3324 = CARTESIAN_POINT('',(0.6,8.,24.));
#3325 = ADVANCED_FACE('',(#3326),#3387,.T.);
#3326 = FACE_BOUND('',#3327,.T.);
#3327 = EDGE_LOOP('',(#3328,#3329,#3375,#3386));
#3328 = ORIENTED_EDGE('',*,*,#2959,.T.);
#3329 = ORIENTED_EDGE('',*,*,#3330,.T.);
#3330 = EDGE_CURVE('',#2960,#3331,#3333,.T.);
#3331 = VERTEX_POINT('',#3332);
#3332 = CARTESIAN_POINT('',(3.800099353228,29.399925485079,24.));
#3333 = B_SPLINE_CURVE_WITH_KNOTS('',14,(#3334,#3335,#3336,#3337,#3338,
    #3339,#3340,#3341,#3342,#3343,#3344,#3345,#3346,#3347,#3348,#3349,
    #3350,#3351,#3352,#3353,#3354,#3355,#3356,#3357,#3358,#3359,#3360,
    #3361,#3362,#3363,#3364,#3365,#3366,#3367,#3368,#3369,#3370,#3371,
    #3372,#3373,#3374),.UNSPECIFIED.,.F.,.F.,(15,13,13,15),(
    25.10127695662,27.984593607547,30.867910258474,31.097835410786),
  .UNSPECIFIED.);
#3334 = CARTESIAN_POINT('',(0.6,28.,24.));
#3335 = CARTESIAN_POINT('',(0.600000000001,28.193787892208,
    24.000000000023));
#3336 = CARTESIAN_POINT('',(0.616875375279,28.360287262707,
    23.999999999894));
#3337 = CARTESIAN_POINT('',(0.647727835824,28.499810281805,
    24.000000000297));
#3338 = CARTESIAN_POINT('',(0.689495868718,28.616262620663,
    23.999999999392));
#3339 = CARTESIAN_POINT('',(0.739415777562,28.709404658459,
    24.000000000973));
#3340 = CARTESIAN_POINT('',(0.79288203761,28.786364751135,
    23.999999998752));
#3341 = CARTESIAN_POINT('',(0.850683031559,28.857407821668,
    24.000000001305));
#3342 = CARTESIAN_POINT('',(0.920179476567,28.927452092978,
    23.999999998881));
#3343 = CARTESIAN_POINT('',(1.007647045797,28.995098884744,
    24.000000000785));
#3344 = CARTESIAN_POINT('',(1.112815270946,29.057866058153,
    23.999999999557));
#3345 = CARTESIAN_POINT('',(1.233595023296,29.115343590155,
    24.000000000192));
#3346 = CARTESIAN_POINT('',(1.37198961976,29.167142672498,
    23.999999999943));
#3347 = CARTESIAN_POINT('',(1.525022595054,29.212388196042,
    24.000000000006));
#3348 = CARTESIAN_POINT('',(1.858739031819,29.290178769146,
    24.000000000003));
#3349 = CARTESIAN_POINT('',(2.039437007155,29.322682963931,
    23.99999999996));
#3350 = CARTESIAN_POINT('',(2.231571938888,29.348808968486,
    24.000000000135));
#3351 = CARTESIAN_POINT('',(2.439271279897,29.368650081278,
    23.999999999705));
#3352 = CARTESIAN_POINT('',(2.640839726628,29.383547513997,
    24.000000000491));
#3353 = CARTESIAN_POINT('',(2.8870704525,29.392206283041,23.999999999351
    ));
#3354 = CARTESIAN_POINT('',(3.074817615374,29.399473265266,24.0000000007
    ));
#3355 = CARTESIAN_POINT('',(3.356918924533,29.399987965065,
    23.999999999378));
#3356 = CARTESIAN_POINT('',(3.55089520228,29.402207044545,
    24.000000000455));
#3357 = CARTESIAN_POINT('',(3.819405757545,29.400098063246,
    23.999999999729));
#3358 = CARTESIAN_POINT('',(4.053419407242,29.399370453339,
    24.000000000128));
#3359 = CARTESIAN_POINT('',(4.297504202222,29.39898477273,
    23.999999999955));
#3360 = CARTESIAN_POINT('',(4.542275216421,29.400380662978,
    24.00000000001));
#3361 = CARTESIAN_POINT('',(4.81450368152,29.404505749922,
    23.999999999999));
#3362 = CARTESIAN_POINT('',(4.834608824409,29.404810403818,
    23.999999999998));
#3363 = CARTESIAN_POINT('',(4.854713967298,29.405115057714,
    23.999999999998));
#3364 = CARTESIAN_POINT('',(4.874819110187,29.40541971161,
    23.999999999997));
#3365 = CARTESIAN_POINT('',(4.894924253076,29.405724365506,
    23.999999999996));
#3366 = CARTESIAN_POINT('',(4.915029395965,29.406029019402,
    23.999999999995));
#3367 = CARTESIAN_POINT('',(4.935134538853,29.406333673297,
    23.999999999995));
#3368 = CARTESIAN_POINT('',(4.955239681742,29.406638327193,
    23.999999999994));
#3369 = CARTESIAN_POINT('',(4.975344824631,29.406942981089,
    23.999999999993));
#3370 = CARTESIAN_POINT('',(4.99544996752,29.407247634985,
    23.999999999992));
#3371 = CARTESIAN_POINT('',(5.015555110409,29.407552288881,
    23.999999999992));
#3372 = CARTESIAN_POINT('',(5.035660253298,29.407856942777,
    23.999999999991));
#3373 = CARTESIAN_POINT('',(5.055765396187,29.408161596672,
    23.99999999999));
#3374 = CARTESIAN_POINT('',(5.075870539076,29.408466250568,
    23.999999999989));
#3375 = ORIENTED_EDGE('',*,*,#3376,.F.);
#3376 = EDGE_CURVE('',#2887,#3331,#3377,.T.);
#3377 = B_SPLINE_CURVE_WITH_KNOTS('',4,(#3378,#3379,#3380,#3381,#3382,
    #3383,#3384,#3385),.UNSPECIFIED.,.F.,.F.,(5,3,5),(0.,0.339998955467,
    1.),.UNSPECIFIED.);
#3378 = CARTESIAN_POINT('',(3.999999971697,30.000000021169,
    23.400000000047));
#3379 = CARTESIAN_POINT('',(3.982999964264,29.949000002122,
    23.451000019744));
#3380 = CARTESIAN_POINT('',(3.965999967432,29.897999975462,
    23.502000039171));
#3381 = CARTESIAN_POINT('',(3.94900095678,29.846999234095,
    23.553000038656));
#3382 = CARTESIAN_POINT('',(3.899009480064,29.696992415875,
    23.703000379262));
#3383 = CARTESIAN_POINT('',(3.86602244981,29.597982402057,
    23.802000608469));
#3384 = CARTESIAN_POINT('',(3.833049921165,29.498961888087,
    23.901000536831));
#3385 = CARTESIAN_POINT('',(3.800099353228,29.399925485079,24.));
#3386 = ORIENTED_EDGE('',*,*,#2896,.F.);
#3387 = B_SPLINE_SURFACE_WITH_KNOTS('',1,14,(
    (#3388,#3389,#3390,#3391,#3392,#3393,#3394,#3395,#3396,#3397,#3398
      ,#3399,#3400,#3401,#3402,#3403,#3404,#3405,#3406,#3407,#3408,#3409
      ,#3410,#3411,#3412,#3413,#3414,#3415,#3416,#3417,#3418,#3419,#3420
      ,#3421,#3422,#3423,#3424,#3425,#3426,#3427,#3428)
    ,(#3429,#3430,#3431,#3432,#3433,#3434,#3435,#3436,#3437,#3438,#3439
      ,#3440,#3441,#3442,#3443,#3444,#3445,#3446,#3447,#3448,#3449,#3450
      ,#3451,#3452,#3453,#3454,#3455,#3456,#3457,#3458,#3459,#3460,#3461
      ,#3462,#3463,#3464,#3465,#3466,#3467,#3468,#3469
  )),.UNSPECIFIED.,.F.,.F.,.F.,(2,2),(15,13,13,15),(0.,5.766633301854),(
    25.10127695662,27.984593607547,30.867910258474,31.097835410786),
  .UNSPECIFIED.);
#3388 = CARTESIAN_POINT('',(0.,28.,23.4));
#3389 = CARTESIAN_POINT('',(2.451690173518E-13,28.242234865259,
    23.400000000021));
#3390 = CARTESIAN_POINT('',(2.106380048844E-02,28.463405929867,
    23.399999999904));
#3391 = CARTESIAN_POINT('',(6.21992706911E-02,28.664505325331,
    23.400000000268));
#3392 = CARTESIAN_POINT('',(0.122414279808,28.84652518048,
    23.399999999447));
#3393 = CARTESIAN_POINT('',(0.200716697098,29.010457630117,
    23.40000000089));
#3394 = CARTESIAN_POINT('',(0.296114391714,29.157294798358,
    23.399999998849));
#3395 = CARTESIAN_POINT('',(0.407615232965,29.288028825074,
    23.400000001214));
#3396 = CARTESIAN_POINT('',(0.53422708997,29.403651830713,
    23.399999998948));
#3397 = CARTESIAN_POINT('',(0.674957832041,29.505155955906,
    23.400000000745));
#3398 = CARTESIAN_POINT('',(0.828815328327,29.593533323553,
    23.399999999576));
#3399 = CARTESIAN_POINT('',(0.994807448088,29.669776069694,
    23.400000000186));
#3400 = CARTESIAN_POINT('',(1.171942060527,29.734876322232,
    23.399999999944));
#3401 = CARTESIAN_POINT('',(1.359227034865,29.78982621319,
    23.400000000006));
#3402 = CARTESIAN_POINT('',(1.752113445784,29.881409532744,
    23.400000000003));
#3403 = CARTESIAN_POINT('',(1.957790019343,29.918042907893,
    23.400000003957));
#3404 = CARTESIAN_POINT('',(2.170857656048,29.9465111792,23.399999967814
    ));
#3405 = CARTESIAN_POINT('',(2.395097077034,29.967797738733,
    23.400000134871));
#3406 = CARTESIAN_POINT('',(2.612044140447,29.982938424335,
    23.399999625945));
#3407 = CARTESIAN_POINT('',(2.866914102083,29.992774734652,
    23.400000754908));
#3408 = CARTESIAN_POINT('',(3.066026428244,29.998681876782,
    23.399998834864));
#3409 = CARTESIAN_POINT('',(3.352689965089,30.000906165325,
    23.400001419796));
#3410 = CARTESIAN_POINT('',(3.550657697532,30.001570324341,
    23.399998599228));
#3411 = CARTESIAN_POINT('',(3.822597226629,30.000335164897,
    23.400001147358));
#3412 = CARTESIAN_POINT('',(4.055558812992,29.999366660992,
    23.399999196181));
#3413 = CARTESIAN_POINT('',(4.297646200818,29.998994615924,
    23.400000499334));
#3414 = CARTESIAN_POINT('',(4.538323701469,30.000207179171,
    23.399999714498));
#3415 = CARTESIAN_POINT('',(4.804996038507,30.004910152704,
    23.400000189637));
#3416 = CARTESIAN_POINT('',(4.824753843147,30.005258596916,
    23.40000022484));
#3417 = CARTESIAN_POINT('',(4.84457465145,30.005608152247,
    23.400000260156));
#3418 = CARTESIAN_POINT('',(4.864458463416,30.005958818695,
    23.400000295583));
#3419 = CARTESIAN_POINT('',(4.884405279045,30.006310596263,
    23.400000331123));
#3420 = CARTESIAN_POINT('',(4.904415098336,30.006663484948,
    23.400000366776));
#3421 = CARTESIAN_POINT('',(4.92448792129,30.007017484753,23.40000040254
    ));
#3422 = CARTESIAN_POINT('',(4.944623747907,30.007372595675,
    23.400000438417));
#3423 = CARTESIAN_POINT('',(4.964822578186,30.007728817716,
    23.400000474406));
#3424 = CARTESIAN_POINT('',(4.985084412128,30.008086150876,
    23.400000510507));
#3425 = CARTESIAN_POINT('',(5.005409249732,30.008444595154,
    23.40000054672));
#3426 = CARTESIAN_POINT('',(5.025797091,30.008804150551,23.400000583046)
  );
#3427 = CARTESIAN_POINT('',(5.04624793593,30.009164817066,
    23.400000619484));
#3428 = CARTESIAN_POINT('',(5.066761784522,30.009526594699,
    23.400000656034));
#3429 = CARTESIAN_POINT('',(0.6,28.,24.));
#3430 = CARTESIAN_POINT('',(0.600000000001,28.193787892208,
    24.000000000023));
#3431 = CARTESIAN_POINT('',(0.616875375279,28.360287262707,
    23.999999999894));
#3432 = CARTESIAN_POINT('',(0.647727835824,28.499810281805,
    24.000000000297));
#3433 = CARTESIAN_POINT('',(0.689495868718,28.616262620663,
    23.999999999392));
#3434 = CARTESIAN_POINT('',(0.739415777562,28.709404658459,
    24.000000000973));
#3435 = CARTESIAN_POINT('',(0.79288203761,28.786364751135,
    23.999999998752));
#3436 = CARTESIAN_POINT('',(0.850683031559,28.857407821668,
    24.000000001305));
#3437 = CARTESIAN_POINT('',(0.920179476567,28.927452092978,
    23.999999998881));
#3438 = CARTESIAN_POINT('',(1.007647045797,28.995098884744,
    24.000000000785));
#3439 = CARTESIAN_POINT('',(1.112815270946,29.057866058153,
    23.999999999557));
#3440 = CARTESIAN_POINT('',(1.233595023296,29.115343590155,
    24.000000000192));
#3441 = CARTESIAN_POINT('',(1.37198961976,29.167142672498,
    23.999999999943));
#3442 = CARTESIAN_POINT('',(1.525022595054,29.212388196042,
    24.000000000006));
#3443 = CARTESIAN_POINT('',(1.858739031819,29.290178769146,
    24.000000000003));
#3444 = CARTESIAN_POINT('',(2.039437007155,29.322682963931,
    23.99999999996));
#3445 = CARTESIAN_POINT('',(2.231571938888,29.348808968486,
    24.000000000135));
#3446 = CARTESIAN_POINT('',(2.439271279897,29.368650081278,
    23.999999999705));
#3447 = CARTESIAN_POINT('',(2.640839726628,29.383547513997,
    24.000000000491));
#3448 = CARTESIAN_POINT('',(2.8870704525,29.392206283041,23.999999999351
    ));
#3449 = CARTESIAN_POINT('',(3.074817615374,29.399473265266,24.0000000007
    ));
#3450 = CARTESIAN_POINT('',(3.356918924533,29.399987965065,
    23.999999999378));
#3451 = CARTESIAN_POINT('',(3.55089520228,29.402207044545,
    24.000000000455));
#3452 = CARTESIAN_POINT('',(3.819405757545,29.400098063246,
    23.999999999729));
#3453 = CARTESIAN_POINT('',(4.053419407242,29.399370453339,
    24.000000000128));
#3454 = CARTESIAN_POINT('',(4.297504202222,29.39898477273,
    23.999999999955));
#3455 = CARTESIAN_POINT('',(4.542275216421,29.400380662978,
    24.00000000001));
#3456 = CARTESIAN_POINT('',(4.81450368152,29.404505749922,
    23.999999999999));
#3457 = CARTESIAN_POINT('',(4.834608824409,29.404810403818,
    23.999999999998));
#3458 = CARTESIAN_POINT('',(4.854713967298,29.405115057714,
    23.999999999998));
#3459 = CARTESIAN_POINT('',(4.874819110187,29.40541971161,
    23.999999999997));
#3460 = CARTESIAN_POINT('',(4.894924253076,29.405724365506,
    23.999999999996));
#3461 = CARTESIAN_POINT('',(4.915029395965,29.406029019402,
    23.999999999995));
#3462 = CARTESIAN_POINT('',(4.935134538853,29.406333673297,
    23.999999999995));
#3463 = CARTESIAN_POINT('',(4.955239681742,29.406638327193,
    23.999999999994));
#3464 = CARTESIAN_POINT('',(4.975344824631,29.406942981089,
    23.999999999993));
#3465 = CARTESIAN_POINT('',(4.99544996752,29.407247634985,
    23.999999999992));
#3466 = CARTESIAN_POINT('',(5.015555110409,29.407552288881,
    23.999999999992));
#3467 = CARTESIAN_POINT('',(5.035660253298,29.407856942777,
    23.999999999991));
#3468 = CARTESIAN_POINT('',(5.055765396187,29.408161596672,
    23.99999999999));
#3469 = CARTESIAN_POINT('',(5.075870539076,29.408466250568,
    23.999999999989));
#3470 = ADVANCED_FACE('',(#3471),#3530,.T.);
#3471 = FACE_BOUND('',#3472,.T.);
#3472 = EDGE_LOOP('',(#3473,#3474,#3482,#3490,#3498,#3506,#3514,#3522,
    #3528,#3529));
#3473 = ORIENTED_EDGE('',*,*,#3197,.F.);
#3474 = ORIENTED_EDGE('',*,*,#3475,.F.);
#3475 = EDGE_CURVE('',#3476,#3185,#3478,.T.);
#3476 = VERTEX_POINT('',#3477);
#3477 = CARTESIAN_POINT('',(7.4,9.3,24.));
#3478 = LINE('',#3479,#3480);
#3479 = CARTESIAN_POINT('',(7.64,9.48,24.));
#3480 = VECTOR('',#3481,1.);
#3481 = DIRECTION('',(-0.8,-0.6,0.));
#3482 = ORIENTED_EDGE('',*,*,#3483,.F.);
#3483 = EDGE_CURVE('',#3484,#3476,#3486,.T.);
#3484 = VERTEX_POINT('',#3485);
#3485 = CARTESIAN_POINT('',(7.4,16.267949192431,24.));
#3486 = LINE('',#3487,#3488);
#3487 = CARTESIAN_POINT('',(7.4,27.,24.));
#3488 = VECTOR('',#3489,1.);
#3489 = DIRECTION('',(0.,-1.,0.));
#3490 = ORIENTED_EDGE('',*,*,#3491,.T.);
#3491 = EDGE_CURVE('',#3484,#3492,#3494,.T.);
#3492 = VERTEX_POINT('',#3493);
#3493 = CARTESIAN_POINT('',(4.,16.267949192431,24.));
#3494 = LINE('',#3495,#3496);
#3495 = CARTESIAN_POINT('',(3.901850145483,16.267949192431,24.));
#3496 = VECTOR('',#3497,1.);
#3497 = DIRECTION('',(-1.,1.281975124256E-16,0.));
#3498 = ORIENTED_EDGE('',*,*,#3499,.T.);
#3499 = EDGE_CURVE('',#3492,#3500,#3502,.T.);
#3500 = VERTEX_POINT('',#3501);
#3501 = CARTESIAN_POINT('',(4.,19.732050807569,24.));
#3502 = LINE('',#3503,#3504);
#3503 = CARTESIAN_POINT('',(4.,18.,24.));
#3504 = VECTOR('',#3505,1.);
#3505 = DIRECTION('',(0.,1.,0.));
#3506 = ORIENTED_EDGE('',*,*,#3507,.T.);
#3507 = EDGE_CURVE('',#3500,#3508,#3510,.T.);
#3508 = VERTEX_POINT('',#3509);
#3509 = CARTESIAN_POINT('',(7.4,19.732050807569,24.));
#3510 = LINE('',#3511,#3512);
#3511 = CARTESIAN_POINT('',(3.901850145483,19.732050807569,24.));
#3512 = VECTOR('',#3513,1.);
#3513 = DIRECTION('',(1.,1.281975124256E-16,0.));
#3514 = ORIENTED_EDGE('',*,*,#3515,.F.);
#3515 = EDGE_CURVE('',#3516,#3508,#3518,.T.);
#3516 = VERTEX_POINT('',#3517);
#3517 = CARTESIAN_POINT('',(7.4,26.7,24.));
#3518 = LINE('',#3519,#3520);
#3519 = CARTESIAN_POINT('',(7.4,27.,24.));
#3520 = VECTOR('',#3521,1.);
#3521 = DIRECTION('',(0.,-1.,0.));
#3522 = ORIENTED_EDGE('',*,*,#3523,.F.);
#3523 = EDGE_CURVE('',#3331,#3516,#3524,.T.);
#3524 = LINE('',#3525,#3526);
#3525 = CARTESIAN_POINT('',(3.64,29.52,24.));
#3526 = VECTOR('',#3527,1.);
#3527 = DIRECTION('',(0.8,-0.6,0.));
#3528 = ORIENTED_EDGE('',*,*,#3330,.F.);
#3529 = ORIENTED_EDGE('',*,*,#2967,.F.);
#3530 = PLANE('',#3531);
#3531 = AXIS2_PLACEMENT_3D('',#3532,#3533,#3534);
#3532 = CARTESIAN_POINT('',(3.803700290965,18.,24.));
#3533 = DIRECTION('',(0.,0.,1.));
#3534 = DIRECTION('',(1.,0.,0.));
#3535 = ADVANCED_FACE('',(#3536,#3562),#3567,.T.);
#3536 = FACE_BOUND('',#3537,.T.);
#3537 = EDGE_LOOP('',(#3538,#3546,#3555,#3561));
#3538 = ORIENTED_EDGE('',*,*,#3539,.T.);
#3539 = EDGE_CURVE('',#3492,#3540,#3542,.T.);
#3540 = VERTEX_POINT('',#3541);
#3541 = CARTESIAN_POINT('',(4.,11.504809471617,15.75));
#3542 = LINE('',#3543,#3544);
#3543 = CARTESIAN_POINT('',(4.,18.,27.));
#3544 = VECTOR('',#3545,1.);
#3545 = DIRECTION('',(1.922962686384E-16,-0.5,-0.866025403784));
#3546 = ORIENTED_EDGE('',*,*,#3547,.T.);
#3547 = EDGE_CURVE('',#3540,#3548,#3550,.T.);
#3548 = VERTEX_POINT('',#3549);
#3549 = CARTESIAN_POINT('',(4.,24.495190528383,15.75));
#3550 = CIRCLE('',#3551,7.5);
#3551 = AXIS2_PLACEMENT_3D('',#3552,#3553,#3554);
#3552 = CARTESIAN_POINT('',(4.,18.,12.));
#3553 = DIRECTION('',(1.,0.,2.22044604925E-16));
#3554 = DIRECTION('',(-1.110223024625E-16,-0.866025403784,0.5));
#3555 = ORIENTED_EDGE('',*,*,#3556,.T.);
#3556 = EDGE_CURVE('',#3548,#3500,#3557,.T.);
#3557 = LINE('',#3558,#3559);
#3558 = CARTESIAN_POINT('',(4.,24.495190528383,15.75));
#3559 = VECTOR('',#3560,1.);
#3560 = DIRECTION('',(-1.922962686384E-16,-0.5,0.866025403784));
#3561 = ORIENTED_EDGE('',*,*,#3499,.F.);
#3562 = FACE_BOUND('',#3563,.T.);
#3563 = EDGE_LOOP('',(#3564,#3565,#3566));
#3564 = ORIENTED_EDGE('',*,*,#3015,.F.);
#3565 = ORIENTED_EDGE('',*,*,#2990,.T.);
#3566 = ORIENTED_EDGE('',*,*,#3039,.F.);
#3567 = PLANE('',#3568);
#3568 = AXIS2_PLACEMENT_3D('',#3569,#3570,#3571);
#3569 = CARTESIAN_POINT('',(4.,18.,15.076803014007));
#3570 = DIRECTION('',(1.,0.,0.));
#3571 = DIRECTION('',(0.,0.,1.));
#3572 = ADVANCED_FACE('',(#3573),#3584,.T.);
#3573 = FACE_BOUND('',#3574,.F.);
#3574 = EDGE_LOOP('',(#3575,#3581,#3582,#3583));
#3575 = ORIENTED_EDGE('',*,*,#3576,.F.);
#3576 = EDGE_CURVE('',#3057,#3476,#3577,.T.);
#3577 = LINE('',#3578,#3579);
#3578 = CARTESIAN_POINT('',(5.733333333333,10.133333333333,
    25.666666666667));
#3579 = VECTOR('',#3580,1.);
#3580 = DIRECTION('',(-0.666666666667,0.333333333333,0.666666666667));
#3581 = ORIENTED_EDGE('',*,*,#3064,.T.);
#3582 = ORIENTED_EDGE('',*,*,#3184,.T.);
#3583 = ORIENTED_EDGE('',*,*,#3475,.F.);
#3584 = PLANE('',#3585);
#3585 = AXIS2_PLACEMENT_3D('',#3586,#3587,#3588);
#3586 = CARTESIAN_POINT('',(7.82,9.24,23.7));
#3587 = DIRECTION('',(0.424264068712,-0.565685424949,0.707106781187));
#3588 = DIRECTION('',(0.8,0.6,-5.551115123126E-17));
#3589 = ADVANCED_FACE('',(#3590),#3601,.T.);
#3590 = FACE_BOUND('',#3591,.F.);
#3591 = EDGE_LOOP('',(#3592,#3593,#3599,#3600));
#3592 = ORIENTED_EDGE('',*,*,#3483,.F.);
#3593 = ORIENTED_EDGE('',*,*,#3594,.T.);
#3594 = EDGE_CURVE('',#3484,#3079,#3595,.T.);
#3595 = LINE('',#3596,#3597);
#3596 = CARTESIAN_POINT('',(4.615110195134,17.875806070934,
    26.784889804866));
#3597 = VECTOR('',#3598,1.);
#3598 = DIRECTION('',(0.654653670708,-0.377964473009,-0.654653670708));
#3599 = ORIENTED_EDGE('',*,*,#3078,.T.);
#3600 = ORIENTED_EDGE('',*,*,#3576,.T.);
#3601 = PLANE('',#3602);
#3602 = AXIS2_PLACEMENT_3D('',#3603,#3604,#3605);
#3603 = CARTESIAN_POINT('',(7.7,27.,23.7));
#3604 = DIRECTION('',(0.707106781187,0.,0.707106781187));
#3605 = DIRECTION('',(0.,1.,0.));
#3606 = ADVANCED_FACE('',(#3607),#3623,.T.);
#3607 = FACE_BOUND('',#3608,.F.);
#3608 = EDGE_LOOP('',(#3609,#3615,#3616,#3622));
#3609 = ORIENTED_EDGE('',*,*,#3610,.F.);
#3610 = EDGE_CURVE('',#3091,#3516,#3611,.T.);
#3611 = LINE('',#3612,#3613);
#3612 = CARTESIAN_POINT('',(7.177777777778,26.588888888889,
    24.222222222222));
#3613 = VECTOR('',#3614,1.);
#3614 = DIRECTION('',(-0.666666666667,-0.333333333333,0.666666666667));
#3615 = ORIENTED_EDGE('',*,*,#3098,.T.);
#3616 = ORIENTED_EDGE('',*,*,#3617,.T.);
#3617 = EDGE_CURVE('',#3099,#3508,#3618,.T.);
#3618 = LINE('',#3619,#3620);
#3619 = CARTESIAN_POINT('',(10.056318376294,21.265676937176,
    21.343681623706));
#3620 = VECTOR('',#3621,1.);
#3621 = DIRECTION('',(-0.654653670708,-0.377964473009,0.654653670708));
#3622 = ORIENTED_EDGE('',*,*,#3515,.F.);
#3623 = PLANE('',#3624);
#3624 = AXIS2_PLACEMENT_3D('',#3625,#3626,#3627);
#3625 = CARTESIAN_POINT('',(7.7,27.,23.7));
#3626 = DIRECTION('',(0.707106781187,0.,0.707106781187));
#3627 = DIRECTION('',(0.,1.,0.));
#3628 = ADVANCED_FACE('',(#3629),#3641,.T.);
#3629 = FACE_BOUND('',#3630,.T.);
#3630 = EDGE_LOOP('',(#3631,#3632,#3638,#3639,#3640));
#3631 = ORIENTED_EDGE('',*,*,#3556,.F.);
#3632 = ORIENTED_EDGE('',*,*,#3633,.T.);
#3633 = EDGE_CURVE('',#3548,#3107,#3634,.T.);
#3634 = LINE('',#3635,#3636);
#3635 = CARTESIAN_POINT('',(4.,24.495190528383,15.75));
#3636 = VECTOR('',#3637,1.);
#3637 = DIRECTION('',(1.,0.,2.22044604925E-16));
#3638 = ORIENTED_EDGE('',*,*,#3106,.T.);
#3639 = ORIENTED_EDGE('',*,*,#3617,.T.);
#3640 = ORIENTED_EDGE('',*,*,#3507,.F.);
#3641 = PLANE('',#3642);
#3642 = AXIS2_PLACEMENT_3D('',#3643,#3644,#3645);
#3643 = CARTESIAN_POINT('',(4.,24.495190528383,15.75));
#3644 = DIRECTION('',(1.110223024625E-16,-0.866025403784,-0.5));
#3645 = DIRECTION('',(-1.922962686384E-16,-0.5,0.866025403784));
#3646 = ADVANCED_FACE('',(#3647),#3660,.F.);
#3647 = FACE_BOUND('',#3648,.T.);
#3648 = EDGE_LOOP('',(#3649,#3650,#3656,#3657,#3658,#3659));
#3649 = ORIENTED_EDGE('',*,*,#3547,.F.);
#3650 = ORIENTED_EDGE('',*,*,#3651,.T.);
#3651 = EDGE_CURVE('',#3540,#3133,#3652,.T.);
#3652 = LINE('',#3653,#3654);
#3653 = CARTESIAN_POINT('',(4.,11.504809471617,15.75));
#3654 = VECTOR('',#3655,1.);
#3655 = DIRECTION('',(1.,0.,2.22044604925E-16));
#3656 = ORIENTED_EDGE('',*,*,#3132,.F.);
#3657 = ORIENTED_EDGE('',*,*,#3123,.F.);
#3658 = ORIENTED_EDGE('',*,*,#3114,.F.);
#3659 = ORIENTED_EDGE('',*,*,#3633,.F.);
#3660 = CYLINDRICAL_SURFACE('',#3661,7.5);
#3661 = AXIS2_PLACEMENT_3D('',#3662,#3663,#3664);
#3662 = CARTESIAN_POINT('',(4.,18.,12.));
#3663 = DIRECTION('',(-1.,-0.,-2.22044604925E-16));
#3664 = DIRECTION('',(-1.110223024625E-16,-0.866025403784,0.5));
#3665 = ADVANCED_FACE('',(#3666),#3673,.T.);
#3666 = FACE_BOUND('',#3667,.T.);
#3667 = EDGE_LOOP('',(#3668,#3669,#3670,#3671,#3672));
#3668 = ORIENTED_EDGE('',*,*,#3539,.F.);
#3669 = ORIENTED_EDGE('',*,*,#3491,.F.);
#3670 = ORIENTED_EDGE('',*,*,#3594,.T.);
#3671 = ORIENTED_EDGE('',*,*,#3141,.T.);
#3672 = ORIENTED_EDGE('',*,*,#3651,.F.);
#3673 = PLANE('',#3674);
#3674 = AXIS2_PLACEMENT_3D('',#3675,#3676,#3677);
#3675 = CARTESIAN_POINT('',(4.,18.,27.));
#3676 = DIRECTION('',(1.110223024625E-16,0.866025403784,-0.5));
#3677 = DIRECTION('',(1.922962686384E-16,-0.5,-0.866025403784));
#3678 = ADVANCED_FACE('',(#3679),#3685,.T.);
#3679 = FACE_BOUND('',#3680,.F.);
#3680 = EDGE_LOOP('',(#3681,#3682,#3683,#3684));
#3681 = ORIENTED_EDGE('',*,*,#3376,.F.);
#3682 = ORIENTED_EDGE('',*,*,#3170,.T.);
#3683 = ORIENTED_EDGE('',*,*,#3610,.T.);
#3684 = ORIENTED_EDGE('',*,*,#3523,.F.);
#3685 = PLANE('',#3686);
#3686 = AXIS2_PLACEMENT_3D('',#3687,#3688,#3689);
#3687 = CARTESIAN_POINT('',(3.82,29.76,23.7));
#3688 = DIRECTION('',(0.424264068712,0.565685424949,0.707106781187));
#3689 = DIRECTION('',(-0.8,0.6,0.));
#3690 = ( GEOMETRIC_REPRESENTATION_CONTEXT(3) 
GLOBAL_UNCERTAINTY_ASSIGNED_CONTEXT((#3694)) 
GLOBAL_UNIT_ASSIGNED_CONTEXT((#3691,#3692,#3693)) REPRESENTATION_CONTEXT
('Context #1','3D Context with UNIT and UNCERTAINTY') );
#3691 = ( LENGTH_UNIT() NAMED_UNIT(*) SI_UNIT(.MILLI.,.METRE.) );
#3692 = ( NAMED_UNIT(*) PLANE_ANGLE_UNIT() SI_UNIT($,.RADIAN.) );
#3693 = ( NAMED_UNIT(*) SI_UNIT($,.STERADIAN.) SOLID_ANGLE_UNIT() );
#3694 = UNCERTAINTY_MEASURE_WITH_UNIT(LENGTH_MEASURE(2.E-04),#3691,
  'distance_accuracy_value','confusion accuracy');
#3695 = PRODUCT_RELATED_PRODUCT_CATEGORY('part',$,(#7));
ENDSEC;
END-ISO-10303-21;
