ISO-10303-21;
HEADER;
FILE_DESCRIPTION(('FreeCAD Model'),'2;1');
FILE_NAME('Open CASCADE Shape Model','2026-09-08T22:04:56',('FreeCAD'),(
    'FreeCAD'),'Open CASCADE STEP processor 7.8','FreeCAD','Unknown');
FILE_SCHEMA(('AUTOMOTIVE_DESIGN { 1 0 10303 214 1 1 1 1 }'));
ENDSEC;
DATA;
#1 = APPLICATION_PROTOCOL_DEFINITION('international standard',
  'automotive_design',2000,#2);
#2 = APPLICATION_CONTEXT(
  'core data for automotive mechanical design processes');
#3 = SHAPE_DEFINITION_REPRESENTATION(#4,#10);
#4 = PRODUCT_DEFINITION_SHAPE('','',#5);
#5 = PRODUCT_DEFINITION('design','',#6,#9);
#6 = PRODUCT_DEFINITION_FORMATION('','',#7);
#7 = PRODUCT('Open CASCADE STEP translator 7.8 1',
  'Open CASCADE STEP translator 7.8 1','',(#8));
#8 = PRODUCT_CONTEXT('',#2,'mechanical');
#9 = PRODUCT_DEFINITION_CONTEXT('part definition',#2,'design');
#10 = ADVANCED_BREP_SHAPE_REPRESENTATION('',(#11,#15),#6477);
#11 = AXIS2_PLACEMENT_3D('',#12,#13,#14);
#12 = CARTESIAN_POINT('',(0.,0.,0.));
#13 = DIRECTION('',(0.,0.,1.));
#14 = DIRECTION('',(1.,0.,-0.));
#15 = MANIFOLD_SOLID_BREP('',#16);
#16 = CLOSED_SHELL('',(#17,#116,#147,#186,#515,#646,#670,#701,#733,#887,
    #903,#1036,#1168,#1198,#1229,#1288,#1331,#1371,#1423,#1451,#1481,
    #1521,#1815,#1876,#1897,#1930,#1980,#2036,#2086,#2107,#2138,#2343,
    #2399,#2439,#2483,#2507,#2549,#2603,#2699,#2723,#2796,#2899,#2948,
    #2973,#3015,#3037,#3182,#3234,#3331,#3400,#3422,#3440,#3460,#3477,
    #3501,#3526,#3639,#3723,#3788,#3818,#3939,#4154,#4219,#4249,#4281,
    #4305,#4322,#4354,#4378,#4395,#4540,#4551,#4575,#4606,#4629,#4649,
    #4683,#4873,#4928,#4937,#4954,#4980,#5015,#5045,#5122,#5146,#5169,
    #5188,#5200,#5217,#5241,#5253,#5306,#5390,#5535,#5645,#5745,#5769,
    #5793,#5938,#5989,#6026,#6063,#6088,#6131,#6195,#6208,#6225,#6249,
    #6266,#6290,#6315,#6340,#6357,#6381,#6399,#6435,#6457));
#17 = ADVANCED_FACE('',(#18),#108,.F.);
#18 = FACE_BOUND('',#19,.F.);
#19 = EDGE_LOOP('',(#20,#32,#41,#49,#57,#100));
#20 = ORIENTED_EDGE('',*,*,#21,.T.);
#21 = EDGE_CURVE('',#22,#24,#26,.T.);
#22 = VERTEX_POINT('',#23);
#23 = CARTESIAN_POINT('',(49.370100353564,1.838802568143,15.4));
#24 = VERTEX_POINT('',#25);
#25 = CARTESIAN_POINT('',(49.370100353564,1.838802568143,0.));
#26 = B_SPLINE_CURVE_WITH_KNOTS('',4,(#27,#28,#29,#30,#31),
  .UNSPECIFIED.,.F.,.F.,(5,5),(0.,1.),.PIECEWISE_BEZIER_KNOTS.);
#27 = CARTESIAN_POINT('',(49.370100353564,1.838802568143,16.));
#28 = CARTESIAN_POINT('',(49.370100353564,1.838802568143,12.000000000392
    ));
#29 = CARTESIAN_POINT('',(49.370100353564,1.838802568143,7.999999999975)
  );
#30 = CARTESIAN_POINT('',(49.370100353564,1.838802568143,3.999999999608)
  );
#31 = CARTESIAN_POINT('',(49.370100353564,1.838802568143,0.));
#32 = ORIENTED_EDGE('',*,*,#33,.F.);
#33 = EDGE_CURVE('',#34,#24,#36,.T.);
#34 = VERTEX_POINT('',#35);
#35 = CARTESIAN_POINT('',(37.512475846015,-1.301588165785,0.));
#36 = B_SPLINE_CURVE_WITH_KNOTS('',3,(#37,#38,#39,#40),.UNSPECIFIED.,.F.
  ,.F.,(4,4),(0.,1.),.PIECEWISE_BEZIER_KNOTS.);
#37 = CARTESIAN_POINT('',(37.512475846015,-1.301588165785,0.));
#38 = CARTESIAN_POINT('',(45.491011273193,-1.88722665263,0.));
#39 = CARTESIAN_POINT('',(49.626688608493,-0.185412039258,0.));
#40 = CARTESIAN_POINT('',(49.919507851915,3.803855674331,0.));
#41 = ORIENTED_EDGE('',*,*,#42,.T.);
#42 = EDGE_CURVE('',#34,#43,#45,.T.);
#43 = VERTEX_POINT('',#44);
#44 = CARTESIAN_POINT('',(37.512475846015,-1.301588165785,4.8));
#45 = LINE('',#46,#47);
#46 = CARTESIAN_POINT('',(37.512475846015,-1.301588165785,0.));
#47 = VECTOR('',#48,1.);
#48 = DIRECTION('',(0.,0.,1.));
#49 = ORIENTED_EDGE('',*,*,#50,.T.);
#50 = EDGE_CURVE('',#43,#51,#53,.T.);
#51 = VERTEX_POINT('',#52);
#52 = CARTESIAN_POINT('',(37.512475846015,-1.301588165785,15.4));
#53 = LINE('',#54,#55);
#54 = CARTESIAN_POINT('',(37.512475846015,-1.301588165785,0.));
#55 = VECTOR('',#56,1.);
#56 = DIRECTION('',(0.,0.,1.));
#57 = ORIENTED_EDGE('',*,*,#58,.T.);
#58 = EDGE_CURVE('',#51,#59,#61,.T.);
#59 = VERTEX_POINT('',#60);
#60 = CARTESIAN_POINT('',(49.373584642833,1.84525964946,15.406694823242)
  );
#61 = B_SPLINE_CURVE_WITH_KNOTS('',13,(#62,#63,#64,#65,#66,#67,#68,#69,
    #70,#71,#72,#73,#74,#75,#76,#77,#78,#79,#80,#81,#82,#83,#84,#85,#86,
    #87,#88,#89,#90,#91,#92,#93,#94,#95,#96,#97,#98,#99),.UNSPECIFIED.,
  .F.,.F.,(14,12,12,14),(21.887619041331,29.165795848821,36.44397265631,
    36.58953619246),.UNSPECIFIED.);
#62 = CARTESIAN_POINT('',(37.512475846015,-1.301588165785,15.4));
#63 = CARTESIAN_POINT('',(38.362233810969,-1.36396189005,15.400000000009
    ));
#64 = CARTESIAN_POINT('',(39.174411975514,-1.407161963437,
    15.399999926048));
#65 = CARTESIAN_POINT('',(39.950136959224,-1.431624657528,
    15.400071481874));
#66 = CARTESIAN_POINT('',(40.690504771654,-1.437784227896,15.40028889657
    ));
#67 = CARTESIAN_POINT('',(41.396636055319,-1.426042145156,
    15.400760602243));
#68 = CARTESIAN_POINT('',(42.069705913263,-1.39673612681,15.401643093559
    ));
#69 = CARTESIAN_POINT('',(42.710948378721,-1.350108971753,
    15.403136989956));
#70 = CARTESIAN_POINT('',(43.321635443276,-1.286277194746,
    15.405465270352));
#71 = CARTESIAN_POINT('',(43.90303074615,-1.205199464152,15.408833717256
    ));
#72 = CARTESIAN_POINT('',(44.456317817457,-1.106644839497,
    15.413373531914));
#73 = CARTESIAN_POINT('',(44.982502970847,-0.990160811916,
    15.419066154491));
#74 = CARTESIAN_POINT('',(45.482292773181,-0.855041145166,15.42565026363
    ));
#75 = CARTESIAN_POINT('',(46.429599502132,-0.545545892218,
    15.439371679945));
#76 = CARTESIAN_POINT('',(46.877081414447,-0.37122155466,15.44650473708)
  );
#77 = CARTESIAN_POINT('',(47.298752171925,-0.176145577142,
    15.453213674661));
#78 = CARTESIAN_POINT('',(47.693587224244,3.954407537954E-02,
    15.458824483718));
#79 = CARTESIAN_POINT('',(48.06296882568,0.280760618142,15.46088398401)
  );
#80 = CARTESIAN_POINT('',(48.399849843435,0.540492755683,15.459912660666
    ));
#81 = CARTESIAN_POINT('',(48.710377236666,0.831681106601,15.450355166591
    ));
#82 = CARTESIAN_POINT('',(48.980254111372,1.139857039828,15.434973234963
    ));
#83 = CARTESIAN_POINT('',(49.216559095082,1.47292733843,15.415276631907)
  );
#84 = CARTESIAN_POINT('',(49.412483360685,1.822619222322,15.398939255641
    ));
#85 = CARTESIAN_POINT('',(49.571399869506,2.184127297977,15.390358997143
    ));
#86 = CARTESIAN_POINT('',(49.695405951522,2.555976332688,15.393475524872
    ));
#87 = CARTESIAN_POINT('',(49.78875518509,2.944760007512,15.421113802635)
  );
#88 = CARTESIAN_POINT('',(49.790572569436,2.952386953364,15.421665310659
    ));
#89 = CARTESIAN_POINT('',(49.792376980369,2.960017631295,15.422226507055
    ));
#90 = CARTESIAN_POINT('',(49.794168437612,2.967652036887,15.422797499344
    ));
#91 = CARTESIAN_POINT('',(49.795946960068,2.975290165611,15.423378394685
    ));
#92 = CARTESIAN_POINT('',(49.797712568119,2.982932013146,15.423969300889
    ));
#93 = CARTESIAN_POINT('',(49.79946527997,2.990577574862,15.424570324806)
  );
#94 = CARTESIAN_POINT('',(49.801205116486,2.998226846505,15.425181574458
    ));
#95 = CARTESIAN_POINT('',(49.802932095824,3.005879823439,15.425803156679
    ));
#96 = CARTESIAN_POINT('',(49.804646238435,3.013536501353,15.426435179305
    ));
#97 = CARTESIAN_POINT('',(49.806347563162,3.021196875706,15.427077749472
    ));
#98 = CARTESIAN_POINT('',(49.808036089768,3.028860942091,15.427730974716
    ));
#99 = CARTESIAN_POINT('',(49.809711837598,3.036528696039,15.4283949621)
  );
#100 = ORIENTED_EDGE('',*,*,#101,.T.);
#101 = EDGE_CURVE('',#59,#22,#102,.T.);
#102 = B_SPLINE_CURVE_WITH_KNOTS('',4,(#103,#104,#105,#106,#107),
  .UNSPECIFIED.,.F.,.F.,(5,5),(0.,1.),.PIECEWISE_BEZIER_KNOTS.);
#103 = CARTESIAN_POINT('',(49.37358478876,1.845259637198,15.406694821696
    ));
#104 = CARTESIAN_POINT('',(49.372715239899,1.843644969684,15.40502083129
    ));
#105 = CARTESIAN_POINT('',(49.371844651455,1.842030568611,
    15.403347030509));
#106 = CARTESIAN_POINT('',(49.370973022868,1.840416434576,
    15.401673419905));
#107 = CARTESIAN_POINT('',(49.370100353564,1.838802568143,15.4));
#108 = SURFACE_OF_LINEAR_EXTRUSION('',#109,#114);
#109 = B_SPLINE_CURVE_WITH_KNOTS('',3,(#110,#111,#112,#113),
  .UNSPECIFIED.,.F.,.F.,(4,4),(0.,1.),.PIECEWISE_BEZIER_KNOTS.);
#110 = CARTESIAN_POINT('',(37.512475846015,-1.301588165785,0.));
#111 = CARTESIAN_POINT('',(45.491011273193,-1.88722665263,0.));
#112 = CARTESIAN_POINT('',(49.626688608493,-0.185412039258,0.));
#113 = CARTESIAN_POINT('',(49.919507851915,3.803855674331,0.));
#114 = VECTOR('',#115,1.);
#115 = DIRECTION('',(-0.,-0.,-1.));
#116 = ADVANCED_FACE('',(#117),#142,.T.);
#117 = FACE_BOUND('',#118,.T.);
#118 = EDGE_LOOP('',(#119,#120,#128,#136));
#119 = ORIENTED_EDGE('',*,*,#21,.T.);
#120 = ORIENTED_EDGE('',*,*,#121,.F.);
#121 = EDGE_CURVE('',#122,#24,#124,.T.);
#122 = VERTEX_POINT('',#123);
#123 = CARTESIAN_POINT('',(49.773098230204,1.809221817536,0.));
#124 = LINE('',#125,#126);
#125 = CARTESIAN_POINT('',(49.773098230204,1.809221817536,0.));
#126 = VECTOR('',#127,1.);
#127 = DIRECTION('',(-0.997316928397,7.320481085564E-02,0.));
#128 = ORIENTED_EDGE('',*,*,#129,.T.);
#129 = EDGE_CURVE('',#122,#130,#132,.T.);
#130 = VERTEX_POINT('',#131);
#131 = CARTESIAN_POINT('',(49.773098230204,1.809221817536,15.4));
#132 = LINE('',#133,#134);
#133 = CARTESIAN_POINT('',(49.773098230204,1.809221817536,0.));
#134 = VECTOR('',#135,1.);
#135 = DIRECTION('',(0.,0.,1.));
#136 = ORIENTED_EDGE('',*,*,#137,.T.);
#137 = EDGE_CURVE('',#130,#22,#138,.T.);
#138 = LINE('',#139,#140);
#139 = CARTESIAN_POINT('',(49.773098230204,1.809221817536,15.4));
#140 = VECTOR('',#141,1.);
#141 = DIRECTION('',(-0.997316928397,7.320481085564E-02,0.));
#142 = PLANE('',#143);
#143 = AXIS2_PLACEMENT_3D('',#144,#145,#146);
#144 = CARTESIAN_POINT('',(49.773098230204,1.809221817536,0.));
#145 = DIRECTION('',(-7.320481085564E-02,-0.997316928397,0.));
#146 = DIRECTION('',(-0.997316928397,7.320481085564E-02,0.));
#147 = ADVANCED_FACE('',(#148),#181,.T.);
#148 = FACE_BOUND('',#149,.F.);
#149 = EDGE_LOOP('',(#150,#165,#173,#179,#180));
#150 = ORIENTED_EDGE('',*,*,#151,.F.);
#151 = EDGE_CURVE('',#152,#59,#154,.T.);
#152 = VERTEX_POINT('',#153);
#153 = CARTESIAN_POINT('',(48.976952205583,2.469274505305,16.));
#154 = B_SPLINE_CURVE_WITH_KNOTS('',5,(#155,#156,#157,#158,#159,#160,
    #161,#162,#163,#164),.UNSPECIFIED.,.F.,.F.,(6,4,6),(0.,
    0.472025201441,1.),.UNSPECIFIED.);
#155 = CARTESIAN_POINT('',(48.976952205583,2.469274505305,16.));
#156 = CARTESIAN_POINT('',(49.009291964974,2.410240179864,15.94349149385
    ));
#157 = CARTESIAN_POINT('',(49.043177726512,2.351187857024,
    15.887078213385));
#158 = CARTESIAN_POINT('',(49.078415076255,2.292155076495,
    15.830783365556));
#159 = CARTESIAN_POINT('',(49.114843713678,2.233159954146,
    15.774613282857));
#160 = CARTESIAN_POINT('',(49.194262801984,2.1082803319,15.655882580916)
  );
#161 = CARTESIAN_POINT('',(49.237519164003,2.04240808385,15.593353646625
    ));
#162 = CARTESIAN_POINT('',(49.281915485029,1.976611904576,
    15.530984027495));
#163 = CARTESIAN_POINT('',(49.327309205901,1.910895487034,
    15.468766970557));
#164 = CARTESIAN_POINT('',(49.373584642833,1.84525964946,15.406694823242
    ));
#165 = ORIENTED_EDGE('',*,*,#166,.F.);
#166 = EDGE_CURVE('',#167,#152,#169,.T.);
#167 = VERTEX_POINT('',#168);
#168 = CARTESIAN_POINT('',(49.218630959679,2.451534861088,16.));
#169 = LINE('',#170,#171);
#170 = CARTESIAN_POINT('',(49.817021116718,2.407611974575,16.));
#171 = VECTOR('',#172,1.);
#172 = DIRECTION('',(-0.997316928397,7.320481085564E-02,0.));
#173 = ORIENTED_EDGE('',*,*,#174,.F.);
#174 = EDGE_CURVE('',#130,#167,#175,.T.);
#175 = LINE('',#176,#177);
#176 = CARTESIAN_POINT('',(48.664163689154,3.09384790464,16.6));
#177 = VECTOR('',#178,1.);
#178 = DIRECTION('',(-0.533536379824,0.618066014331,0.57735026919));
#179 = ORIENTED_EDGE('',*,*,#137,.T.);
#180 = ORIENTED_EDGE('',*,*,#101,.F.);
#181 = PLANE('',#182);
#182 = AXIS2_PLACEMENT_3D('',#183,#184,#185);
#183 = CARTESIAN_POINT('',(49.795059673461,2.108416896056,15.7));
#184 = DIRECTION('',(-5.17636181715E-02,-0.705209563062,0.707106781187)
  );
#185 = DIRECTION('',(0.997316928397,-7.320481085564E-02,
    2.081668171172E-17));
#186 = ADVANCED_FACE('',(#187,#336,#381),#510,.T.);
#187 = FACE_BOUND('',#188,.T.);
#188 = EDGE_LOOP('',(#189,#199,#208,#217,#225,#233,#242,#251,#260,#269,
    #278,#287,#295,#304,#313,#319,#320,#321,#329));
#189 = ORIENTED_EDGE('',*,*,#190,.T.);
#190 = EDGE_CURVE('',#191,#193,#195,.T.);
#191 = VERTEX_POINT('',#192);
#192 = CARTESIAN_POINT('',(0.,4.,0.));
#193 = VERTEX_POINT('',#194);
#194 = CARTESIAN_POINT('',(0.,142.,0.));
#195 = LINE('',#196,#197);
#196 = CARTESIAN_POINT('',(0.,4.,0.));
#197 = VECTOR('',#198,1.);
#198 = DIRECTION('',(0.,1.,0.));
#199 = ORIENTED_EDGE('',*,*,#200,.T.);
#200 = EDGE_CURVE('',#193,#201,#203,.T.);
#201 = VERTEX_POINT('',#202);
#202 = CARTESIAN_POINT('',(0.639910418566,143.44386771343,0.));
#203 = B_SPLINE_CURVE_WITH_KNOTS('',3,(#204,#205,#206,#207),
  .UNSPECIFIED.,.F.,.F.,(4,4),(0.,1.),.PIECEWISE_BEZIER_KNOTS.);
#204 = CARTESIAN_POINT('',(0.,142.,0.));
#205 = CARTESIAN_POINT('',(0.,144.,0.));
#206 = CARTESIAN_POINT('',(2.,144.,0.));
#207 = CARTESIAN_POINT('',(4.,144.,0.));
#208 = ORIENTED_EDGE('',*,*,#209,.T.);
#209 = EDGE_CURVE('',#201,#210,#212,.T.);
#210 = VERTEX_POINT('',#211);
#211 = CARTESIAN_POINT('',(7.952454829689,141.03565887773,0.));
#212 = B_SPLINE_CURVE_WITH_KNOTS('',3,(#213,#214,#215,#216),
  .UNSPECIFIED.,.F.,.F.,(4,4),(0.,1.),.PIECEWISE_BEZIER_KNOTS.);
#213 = CARTESIAN_POINT('',(0.,140.,0.));
#214 = CARTESIAN_POINT('',(0.,148.,0.));
#215 = CARTESIAN_POINT('',(8.,148.,0.));
#216 = CARTESIAN_POINT('',(8.,140.,0.));
#217 = ORIENTED_EDGE('',*,*,#218,.T.);
#218 = EDGE_CURVE('',#210,#219,#221,.T.);
#219 = VERTEX_POINT('',#220);
#220 = CARTESIAN_POINT('',(8.,141.,0.));
#221 = LINE('',#222,#223);
#222 = CARTESIAN_POINT('',(4.,144.,0.));
#223 = VECTOR('',#224,1.);
#224 = DIRECTION('',(0.8,-0.6,0.));
#225 = ORIENTED_EDGE('',*,*,#226,.T.);
#226 = EDGE_CURVE('',#219,#227,#229,.T.);
#227 = VERTEX_POINT('',#228);
#228 = CARTESIAN_POINT('',(8.,140.,0.));
#229 = LINE('',#230,#231);
#230 = CARTESIAN_POINT('',(8.,141.,0.));
#231 = VECTOR('',#232,1.);
#232 = DIRECTION('',(0.,-1.,0.));
#233 = ORIENTED_EDGE('',*,*,#234,.T.);
#234 = EDGE_CURVE('',#227,#235,#237,.T.);
#235 = VERTEX_POINT('',#236);
#236 = CARTESIAN_POINT('',(9.826338237381,131.86134774774,0.));
#237 = B_SPLINE_CURVE_WITH_KNOTS('',3,(#238,#239,#240,#241),
  .UNSPECIFIED.,.F.,.F.,(4,4),(0.,1.),.PIECEWISE_BEZIER_KNOTS.);
#238 = CARTESIAN_POINT('',(8.,140.,0.));
#239 = CARTESIAN_POINT('',(10.,116.,0.));
#240 = CARTESIAN_POINT('',(35.811450188731,112.12727285165,0.));
#241 = CARTESIAN_POINT('',(51.503252223245,121.00236997279,0.));
#242 = ORIENTED_EDGE('',*,*,#243,.T.);
#243 = EDGE_CURVE('',#235,#244,#246,.T.);
#244 = VERTEX_POINT('',#245);
#245 = CARTESIAN_POINT('',(9.185546268871,129.16051140576,0.));
#246 = B_SPLINE_CURVE_WITH_KNOTS('',3,(#247,#248,#249,#250),
  .UNSPECIFIED.,.F.,.F.,(4,4),(0.,1.),.PIECEWISE_BEZIER_KNOTS.);
#247 = CARTESIAN_POINT('',(14.311317685158,132.06189286622,0.));
#248 = CARTESIAN_POINT('',(10.,135.,0.));
#249 = CARTESIAN_POINT('',(9.,132.,0.));
#250 = CARTESIAN_POINT('',(9.,125.,0.));
#251 = ORIENTED_EDGE('',*,*,#252,.T.);
#252 = EDGE_CURVE('',#244,#253,#255,.T.);
#253 = VERTEX_POINT('',#254);
#254 = CARTESIAN_POINT('',(40.98957938943,116.15745367777,0.));
#255 = B_SPLINE_CURVE_WITH_KNOTS('',3,(#256,#257,#258,#259),
  .UNSPECIFIED.,.F.,.F.,(4,4),(0.,1.),.PIECEWISE_BEZIER_KNOTS.);
#256 = CARTESIAN_POINT('',(6.,139.,0.));
#257 = CARTESIAN_POINT('',(10.,114.,0.));
#258 = CARTESIAN_POINT('',(35.738245377875,111.12995592325,0.));
#259 = CARTESIAN_POINT('',(51.43004741239,120.00505304439,0.));
#260 = ORIENTED_EDGE('',*,*,#261,.T.);
#261 = EDGE_CURVE('',#253,#262,#264,.T.);
#262 = VERTEX_POINT('',#263);
#263 = CARTESIAN_POINT('',(38.430575259882,116.85857090726,0.));
#264 = B_SPLINE_CURVE_WITH_KNOTS('',3,(#265,#266,#267,#268),
  .UNSPECIFIED.,.F.,.F.,(4,4),(0.,1.),.PIECEWISE_BEZIER_KNOTS.);
#265 = CARTESIAN_POINT('',(44.082804859331,115.53090207839,0.));
#266 = CARTESIAN_POINT('',(33.185523457818,117.3334719262,0.));
#267 = CARTESIAN_POINT('',(24.501385574304,122.91748317315,0.));
#268 = CARTESIAN_POINT('',(14.311317685158,132.06189286622,0.));
#269 = ORIENTED_EDGE('',*,*,#270,.T.);
#270 = EDGE_CURVE('',#262,#271,#273,.T.);
#271 = VERTEX_POINT('',#272);
#272 = CARTESIAN_POINT('',(51.503252223245,121.00236997279,0.));
#273 = B_SPLINE_CURVE_WITH_KNOTS('',3,(#274,#275,#276,#277),
  .UNSPECIFIED.,.F.,.F.,(4,4),(0.,1.),.PIECEWISE_BEZIER_KNOTS.);
#274 = CARTESIAN_POINT('',(8.,140.,0.));
#275 = CARTESIAN_POINT('',(10.,116.,0.));
#276 = CARTESIAN_POINT('',(35.811450188731,112.12727285165,0.));
#277 = CARTESIAN_POINT('',(51.503252223245,121.00236997279,0.));
#278 = ORIENTED_EDGE('',*,*,#279,.T.);
#279 = EDGE_CURVE('',#271,#280,#282,.T.);
#280 = VERTEX_POINT('',#281);
#281 = CARTESIAN_POINT('',(51.73658192323,121.23960486852,0.));
#282 = B_SPLINE_CURVE_WITH_KNOTS('',3,(#283,#284,#285,#286),
  .UNSPECIFIED.,.F.,.F.,(4,4),(0.,1.),.PIECEWISE_BEZIER_KNOTS.);
#283 = CARTESIAN_POINT('',(51.503252223245,121.00236997279,0.));
#284 = CARTESIAN_POINT('',(56.929065730365,126.62024748889,0.));
#285 = CARTESIAN_POINT('',(59.628197272134,122.41136534274,0.));
#286 = CARTESIAN_POINT('',(57.047924928494,114.57923953727,0.));
#287 = ORIENTED_EDGE('',*,*,#288,.T.);
#288 = EDGE_CURVE('',#280,#289,#291,.T.);
#289 = VERTEX_POINT('',#290);
#290 = CARTESIAN_POINT('',(52.720183584209,123.92111594712,0.));
#291 = LINE('',#292,#293);
#292 = CARTESIAN_POINT('',(50.213116051425,117.08630707005,0.));
#293 = VECTOR('',#294,1.);
#294 = DIRECTION('',(0.344372210161,0.938833201836,0.));
#295 = ORIENTED_EDGE('',*,*,#296,.T.);
#296 = EDGE_CURVE('',#289,#297,#299,.T.);
#297 = VERTEX_POINT('',#298);
#298 = CARTESIAN_POINT('',(57.047924928494,114.57923953727,0.));
#299 = B_SPLINE_CURVE_WITH_KNOTS('',3,(#300,#301,#302,#303),
  .UNSPECIFIED.,.F.,.F.,(4,4),(0.,1.),.PIECEWISE_BEZIER_KNOTS.);
#300 = CARTESIAN_POINT('',(52.720183584209,123.92111594712,0.));
#301 = CARTESIAN_POINT('',(56.929065730365,126.62024748889,0.));
#302 = CARTESIAN_POINT('',(59.628197272134,122.41136534274,0.));
#303 = CARTESIAN_POINT('',(57.047924928494,114.57923953727,0.));
#304 = ORIENTED_EDGE('',*,*,#305,.T.);
#305 = EDGE_CURVE('',#297,#306,#308,.T.);
#306 = VERTEX_POINT('',#307);
#307 = CARTESIAN_POINT('',(50.212327095338,7.79312338792,0.));
#308 = B_SPLINE_CURVE_WITH_KNOTS('',3,(#309,#310,#311,#312),
  .UNSPECIFIED.,.F.,.F.,(4,4),(0.,1.),.PIECEWISE_BEZIER_KNOTS.);
#309 = CARTESIAN_POINT('',(57.047924928494,114.57923953727,0.));
#310 = CARTESIAN_POINT('',(52.564327502608,80.816873593481,0.));
#311 = CARTESIAN_POINT('',(51.118335249188,33.796568337102,0.));
#312 = CARTESIAN_POINT('',(50.212327095338,7.79312338792,0.));
#313 = ORIENTED_EDGE('',*,*,#314,.T.);
#314 = EDGE_CURVE('',#306,#122,#315,.T.);
#315 = LINE('',#316,#317);
#316 = CARTESIAN_POINT('',(50.212327095338,7.79312338792,0.));
#317 = VECTOR('',#318,1.);
#318 = DIRECTION('',(-7.320481085564E-02,-0.997316928397,0.));
#319 = ORIENTED_EDGE('',*,*,#121,.T.);
#320 = ORIENTED_EDGE('',*,*,#33,.F.);
#321 = ORIENTED_EDGE('',*,*,#322,.T.);
#322 = EDGE_CURVE('',#34,#323,#325,.T.);
#323 = VERTEX_POINT('',#324);
#324 = CARTESIAN_POINT('',(4.,0.,0.));
#325 = LINE('',#326,#327);
#326 = CARTESIAN_POINT('',(37.512475846015,-1.301588165785,0.));
#327 = VECTOR('',#328,1.);
#328 = DIRECTION('',(-0.999246621606,3.880965355585E-02,0.));
#329 = ORIENTED_EDGE('',*,*,#330,.T.);
#330 = EDGE_CURVE('',#323,#191,#331,.T.);
#331 = B_SPLINE_CURVE_WITH_KNOTS('',3,(#332,#333,#334,#335),
  .UNSPECIFIED.,.F.,.F.,(4,4),(0.,1.),.PIECEWISE_BEZIER_KNOTS.);
#332 = CARTESIAN_POINT('',(4.,0.,0.));
#333 = CARTESIAN_POINT('',(1.8,0.,0.));
#334 = CARTESIAN_POINT('',(0.,1.8,0.));
#335 = CARTESIAN_POINT('',(0.,4.,0.));
#336 = FACE_BOUND('',#337,.T.);
#337 = EDGE_LOOP('',(#338,#348,#357,#366,#374));
#338 = ORIENTED_EDGE('',*,*,#339,.T.);
#339 = EDGE_CURVE('',#340,#342,#344,.T.);
#340 = VERTEX_POINT('',#341);
#341 = CARTESIAN_POINT('',(9.000000000001,120.92252239423,0.));
#342 = VERTEX_POINT('',#343);
#343 = CARTESIAN_POINT('',(9.,90.,0.));
#344 = LINE('',#345,#346);
#345 = CARTESIAN_POINT('',(9.,125.,0.));
#346 = VECTOR('',#347,1.);
#347 = DIRECTION('',(0.,-1.,0.));
#348 = ORIENTED_EDGE('',*,*,#349,.T.);
#349 = EDGE_CURVE('',#342,#350,#352,.T.);
#350 = VERTEX_POINT('',#351);
#351 = CARTESIAN_POINT('',(11.707614760039,83.056530848035,0.));
#352 = B_SPLINE_CURVE_WITH_KNOTS('',3,(#353,#354,#355,#356),
  .UNSPECIFIED.,.F.,.F.,(4,4),(0.,1.),.PIECEWISE_BEZIER_KNOTS.);
#353 = CARTESIAN_POINT('',(9.,90.,0.));
#354 = CARTESIAN_POINT('',(9.,87.,0.));
#355 = CARTESIAN_POINT('',(10.,85.,0.));
#356 = CARTESIAN_POINT('',(11.707614760039,83.056530848035,0.));
#357 = ORIENTED_EDGE('',*,*,#358,.T.);
#358 = EDGE_CURVE('',#350,#359,#361,.T.);
#359 = VERTEX_POINT('',#360);
#360 = CARTESIAN_POINT('',(43.771092696129,29.322417371105,0.));
#361 = B_SPLINE_CURVE_WITH_KNOTS('',3,(#362,#363,#364,#365),
  .UNSPECIFIED.,.F.,.F.,(4,4),(0.,1.),.PIECEWISE_BEZIER_KNOTS.);
#362 = CARTESIAN_POINT('',(11.707614760039,83.056530848035,0.));
#363 = CARTESIAN_POINT('',(27.603853869097,68.611352056456,0.));
#364 = CARTESIAN_POINT('',(37.814741549328,43.797288044655,0.));
#365 = CARTESIAN_POINT('',(43.771092696129,29.322417371105,0.));
#366 = ORIENTED_EDGE('',*,*,#367,.T.);
#367 = EDGE_CURVE('',#359,#368,#370,.T.);
#368 = VERTEX_POINT('',#369);
#369 = CARTESIAN_POINT('',(49.743593202438,110.68969078089,0.));
#370 = LINE('',#371,#372);
#371 = CARTESIAN_POINT('',(41.940972424738,4.389494161176,0.));
#372 = VECTOR('',#373,1.);
#373 = DIRECTION('',(7.320481085564E-02,0.997316928397,0.));
#374 = ORIENTED_EDGE('',*,*,#375,.T.);
#375 = EDGE_CURVE('',#368,#340,#376,.T.);
#376 = B_SPLINE_CURVE_WITH_KNOTS('',3,(#377,#378,#379,#380),
  .UNSPECIFIED.,.F.,.F.,(4,4),(0.,1.),.PIECEWISE_BEZIER_KNOTS.);
#377 = CARTESIAN_POINT('',(53.909564521592,112.80422011304,0.));
#378 = CARTESIAN_POINT('',(37.147240747825,103.00501087436,0.));
#379 = CARTESIAN_POINT('',(13.835486414597,106.07933283164,0.));
#380 = CARTESIAN_POINT('',(6.,127.,0.));
#381 = FACE_BOUND('',#382,.T.);
#382 = EDGE_LOOP('',(#383,#393,#402,#411,#419,#428,#436,#444,#453,#462,
    #470,#479,#488,#496,#504));
#383 = ORIENTED_EDGE('',*,*,#384,.T.);
#384 = EDGE_CURVE('',#385,#387,#389,.T.);
#385 = VERTEX_POINT('',#386);
#386 = CARTESIAN_POINT('',(20.439228865134,11.983901570383,0.));
#387 = VERTEX_POINT('',#388);
#388 = CARTESIAN_POINT('',(33.404348934297,11.03223902926,0.));
#389 = LINE('',#390,#391);
#390 = CARTESIAN_POINT('',(19.441911936737,12.057106381239,0.));
#391 = VECTOR('',#392,1.);
#392 = DIRECTION('',(0.997316928397,-7.320481085564E-02,0.));
#393 = ORIENTED_EDGE('',*,*,#394,.T.);
#394 = EDGE_CURVE('',#387,#395,#397,.T.);
#395 = VERTEX_POINT('',#396);
#396 = CARTESIAN_POINT('',(38.272074378154,22.707222926603,0.));
#397 = B_SPLINE_CURVE_WITH_KNOTS('',3,(#398,#399,#400,#401),
  .UNSPECIFIED.,.F.,.F.,(4,4),(0.,1.),.PIECEWISE_BEZIER_KNOTS.);
#398 = CARTESIAN_POINT('',(33.404348934297,11.03223902926,0.));
#399 = CARTESIAN_POINT('',(40.385567433077,10.51980535327,0.));
#400 = CARTESIAN_POINT('',(42.673020533294,14.362663445148,0.));
#401 = CARTESIAN_POINT('',(38.272074378154,22.707222926603,0.));
#402 = ORIENTED_EDGE('',*,*,#403,.T.);
#403 = EDGE_CURVE('',#395,#404,#406,.T.);
#404 = VERTEX_POINT('',#405);
#405 = CARTESIAN_POINT('',(23.332554901052,51.401571000386,0.));
#406 = B_SPLINE_CURVE_WITH_KNOTS('',3,(#407,#408,#409,#410),
  .UNSPECIFIED.,.F.,.F.,(4,4),(0.,1.),.PIECEWISE_BEZIER_KNOTS.);
#407 = CARTESIAN_POINT('',(38.272074378154,22.707222926603,0.));
#408 = CARTESIAN_POINT('',(31.318406302955,37.255298411009,0.));
#409 = CARTESIAN_POINT('',(23.440626110215,52.873895634668,0.));
#410 = CARTESIAN_POINT('',(16.057783918766,62.144488427688,0.));
#411 = ORIENTED_EDGE('',*,*,#412,.F.);
#412 = EDGE_CURVE('',#413,#404,#415,.T.);
#413 = VERTEX_POINT('',#414);
#414 = CARTESIAN_POINT('',(23.221011677648,49.881944849476,0.));
#415 = LINE('',#416,#417);
#416 = CARTESIAN_POINT('',(23.221011677648,49.881944849476,0.));
#417 = VECTOR('',#418,1.);
#418 = DIRECTION('',(7.320481085564E-02,0.997316928397,0.));
#419 = ORIENTED_EDGE('',*,*,#420,.F.);
#420 = EDGE_CURVE('',#421,#413,#423,.T.);
#421 = VERTEX_POINT('',#422);
#422 = CARTESIAN_POINT('',(20.933558577431,46.039086757599,0.));
#423 = B_SPLINE_CURVE_WITH_KNOTS('',3,(#424,#425,#426,#427),
  .UNSPECIFIED.,.F.,.F.,(4,4),(0.,1.),.PIECEWISE_BEZIER_KNOTS.);
#424 = CARTESIAN_POINT('',(20.933558577431,46.039086757599,0.));
#425 = CARTESIAN_POINT('',(22.928192434226,45.892677135887,0.));
#426 = CARTESIAN_POINT('',(23.074602055937,47.887310992682,0.));
#427 = CARTESIAN_POINT('',(23.221011677648,49.881944849476,0.));
#428 = ORIENTED_EDGE('',*,*,#429,.F.);
#429 = EDGE_CURVE('',#430,#421,#432,.T.);
#430 = VERTEX_POINT('',#431);
#431 = CARTESIAN_POINT('',(16.83850487015,46.161688243853,0.));
#432 = LINE('',#433,#434);
#433 = CARTESIAN_POINT('',(16.83850487015,46.161688243853,0.));
#434 = VECTOR('',#435,1.);
#435 = DIRECTION('',(0.999552131587,-2.99255115272E-02,0.));
#436 = ORIENTED_EDGE('',*,*,#437,.F.);
#437 = EDGE_CURVE('',#438,#430,#440,.T.);
#438 = VERTEX_POINT('',#439);
#439 = CARTESIAN_POINT('',(17.485645789269,60.28219662418,0.));
#440 = LINE('',#441,#442);
#441 = CARTESIAN_POINT('',(17.616305985491,63.133180608073,0.));
#442 = VECTOR('',#443,1.);
#443 = DIRECTION('',(-4.57818054978E-02,-0.998951463428,0.));
#444 = ORIENTED_EDGE('',*,*,#445,.T.);
#445 = EDGE_CURVE('',#438,#446,#448,.T.);
#446 = VERTEX_POINT('',#447);
#447 = CARTESIAN_POINT('',(16.057783918766,62.144488427688,0.));
#448 = B_SPLINE_CURVE_WITH_KNOTS('',3,(#449,#450,#451,#452),
  .UNSPECIFIED.,.F.,.F.,(4,4),(0.,1.),.PIECEWISE_BEZIER_KNOTS.);
#449 = CARTESIAN_POINT('',(38.272074378154,22.707222926603,0.));
#450 = CARTESIAN_POINT('',(31.318406302955,37.255298411009,0.));
#451 = CARTESIAN_POINT('',(23.440626110215,52.873895634668,0.));
#452 = CARTESIAN_POINT('',(16.057783918766,62.144488427688,0.));
#453 = ORIENTED_EDGE('',*,*,#454,.T.);
#454 = EDGE_CURVE('',#446,#455,#457,.T.);
#455 = VERTEX_POINT('',#456);
#456 = CARTESIAN_POINT('',(9.,59.,0.));
#457 = B_SPLINE_CURVE_WITH_KNOTS('',3,(#458,#459,#460,#461),
  .UNSPECIFIED.,.F.,.F.,(4,4),(0.,1.),.PIECEWISE_BEZIER_KNOTS.);
#458 = CARTESIAN_POINT('',(16.057783918766,62.144488427688,0.));
#459 = CARTESIAN_POINT('',(11.55205453697,66.062232375191,0.));
#460 = CARTESIAN_POINT('',(9.,65.,0.));
#461 = CARTESIAN_POINT('',(9.,59.,0.));
#462 = ORIENTED_EDGE('',*,*,#463,.T.);
#463 = EDGE_CURVE('',#455,#464,#466,.T.);
#464 = VERTEX_POINT('',#465);
#465 = CARTESIAN_POINT('',(9.,24.,0.));
#466 = LINE('',#467,#468);
#467 = CARTESIAN_POINT('',(9.,59.,0.));
#468 = VECTOR('',#469,1.);
#469 = DIRECTION('',(0.,-1.,0.));
#470 = ORIENTED_EDGE('',*,*,#471,.T.);
#471 = EDGE_CURVE('',#464,#472,#474,.T.);
#472 = VERTEX_POINT('',#473);
#473 = CARTESIAN_POINT('',(10.,18.,0.));
#474 = B_SPLINE_CURVE_WITH_KNOTS('',3,(#475,#476,#477,#478),
  .UNSPECIFIED.,.F.,.F.,(4,4),(0.,1.),.PIECEWISE_BEZIER_KNOTS.);
#475 = CARTESIAN_POINT('',(9.,24.,0.));
#476 = CARTESIAN_POINT('',(9.,22.,0.));
#477 = CARTESIAN_POINT('',(9.,20.,0.));
#478 = CARTESIAN_POINT('',(10.,18.,0.));
#479 = ORIENTED_EDGE('',*,*,#480,.T.);
#480 = EDGE_CURVE('',#472,#481,#483,.T.);
#481 = VERTEX_POINT('',#482);
#482 = CARTESIAN_POINT('',(16.960534979794,12.163370562164,0.));
#483 = B_SPLINE_CURVE_WITH_KNOTS('',3,(#484,#485,#486,#487),
  .UNSPECIFIED.,.F.,.F.,(4,4),(0.,1.),.PIECEWISE_BEZIER_KNOTS.);
#484 = CARTESIAN_POINT('',(10.,18.,0.));
#485 = CARTESIAN_POINT('',(10.,13.,0.));
#486 = CARTESIAN_POINT('',(13.171753887383,12.18612571739,0.));
#487 = CARTESIAN_POINT('',(19.441911936737,12.057106381239,0.));
#488 = ORIENTED_EDGE('',*,*,#489,.F.);
#489 = EDGE_CURVE('',#490,#481,#492,.T.);
#490 = VERTEX_POINT('',#491);
#491 = CARTESIAN_POINT('',(17.903801995939,20.159295001362,0.));
#492 = LINE('',#493,#494);
#493 = CARTESIAN_POINT('',(17.903801995939,20.159295001362,0.));
#494 = VECTOR('',#495,1.);
#495 = DIRECTION('',(-0.117156087198,-0.99311351377,0.));
#496 = ORIENTED_EDGE('',*,*,#497,.F.);
#497 = EDGE_CURVE('',#498,#490,#500,.T.);
#498 = VERTEX_POINT('',#499);
#499 = CARTESIAN_POINT('',(21.024867351979,19.962436997561,0.));
#500 = LINE('',#501,#502);
#501 = CARTESIAN_POINT('',(21.024867351979,19.962436997561,0.));
#502 = VECTOR('',#503,1.);
#503 = DIRECTION('',(-0.998016752274,6.294888546066E-02,0.));
#504 = ORIENTED_EDGE('',*,*,#505,.F.);
#505 = EDGE_CURVE('',#385,#498,#506,.T.);
#506 = LINE('',#507,#508);
#507 = CARTESIAN_POINT('',(19.707180756577,2.010732286411,0.));
#508 = VECTOR('',#509,1.);
#509 = DIRECTION('',(7.320481085564E-02,0.997316928397,0.));
#510 = PLANE('',#511);
#511 = AXIS2_PLACEMENT_3D('',#512,#513,#514);
#512 = CARTESIAN_POINT('',(24.978045759367,71.422733147608,0.));
#513 = DIRECTION('',(-0.,-0.,-1.));
#514 = DIRECTION('',(-1.,0.,0.));
#515 = ADVANCED_FACE('',(#516),#569,.F.);
#516 = FACE_BOUND('',#517,.F.);
#517 = EDGE_LOOP('',(#518,#526,#567,#568));
#518 = ORIENTED_EDGE('',*,*,#519,.T.);
#519 = EDGE_CURVE('',#51,#520,#522,.T.);
#520 = VERTEX_POINT('',#521);
#521 = CARTESIAN_POINT('',(37.554507181201,-0.703062170641,16.));
#522 = LINE('',#523,#524);
#523 = CARTESIAN_POINT('',(37.533491513608,-1.002325168213,15.7));
#524 = VECTOR('',#525,1.);
#525 = DIRECTION('',(4.953440355331E-02,0.705369649804,0.707106781187));
#526 = ORIENTED_EDGE('',*,*,#527,.T.);
#527 = EDGE_CURVE('',#520,#152,#528,.T.);
#528 = B_SPLINE_CURVE_WITH_KNOTS('',13,(#529,#530,#531,#532,#533,#534,
    #535,#536,#537,#538,#539,#540,#541,#542,#543,#544,#545,#546,#547,
    #548,#549,#550,#551,#552,#553,#554,#555,#556,#557,#558,#559,#560,
    #561,#562,#563,#564,#565,#566),.UNSPECIFIED.,.F.,.F.,(14,12,12,14),(
    21.887619041331,29.165795848821,36.44397265631,36.58953619246),
  .UNSPECIFIED.);
#529 = CARTESIAN_POINT('',(37.554507181201,-0.703062170641,16.));
#530 = CARTESIAN_POINT('',(38.392138137616,-0.761884590679,
    16.000000000008));
#531 = CARTESIAN_POINT('',(39.191354028048,-0.799240488054,
    15.999999999964));
#532 = CARTESIAN_POINT('',(39.952956239472,-0.815658213258,
    16.000000000097));
#533 = CARTESIAN_POINT('',(40.677743043562,-0.811665579941,
    15.999999999813));
#534 = CARTESIAN_POINT('',(41.366509063746,-0.787803837871,
    16.000000000278));
#535 = CARTESIAN_POINT('',(42.020047865657,-0.744637685817,
    15.999999999674));
#536 = CARTESIAN_POINT('',(42.639157728233,-0.682761325299,
    16.000000000308));
#537 = CARTESIAN_POINT('',(43.224650511959,-0.602800553824,
    15.999999999766));
#538 = CARTESIAN_POINT('',(43.777363727185,-0.505410899295,
    16.000000000143));
#539 = CARTESIAN_POINT('',(44.298175694555,-0.391271793851,
    15.999999999932));
#540 = CARTESIAN_POINT('',(44.788023894136,-0.26107678867,
    16.000000000023));
#541 = CARTESIAN_POINT('',(45.247926429689,-0.115519808588,
    15.999999999996));
#542 = CARTESIAN_POINT('',(46.110086881147,0.20496491407,16.000000000003
    ));
#543 = CARTESIAN_POINT('',(46.512307485701,0.37987712086,15.999999999993
    ));
#544 = CARTESIAN_POINT('',(46.887155300179,0.569039274351,
    16.000000000017));
#545 = CARTESIAN_POINT('',(47.233872657254,0.770471858355,15.99999999997
    ));
#546 = CARTESIAN_POINT('',(47.560470820512,0.988524695899,
    16.000000000041));
#547 = CARTESIAN_POINT('',(47.851921630732,1.210029911577,
    15.999999999954));
#548 = CARTESIAN_POINT('',(48.139789053102,1.459445956096,
    16.000000000043));
#549 = CARTESIAN_POINT('',(48.383327836708,1.699876331926,
    15.999999999968));
#550 = CARTESIAN_POINT('',(48.628692969406,1.973044694007,
    16.000000000019));
#551 = CARTESIAN_POINT('',(48.842127700046,2.24419057543,15.999999999992
    ));
#552 = CARTESIAN_POINT('',(49.042444307451,2.533034411395,
    16.000000000002));
#553 = CARTESIAN_POINT('',(49.226040994163,2.83382577245,16.));
#554 = CARTESIAN_POINT('',(49.399562970595,3.154727736015,
    15.999999999999));
#555 = CARTESIAN_POINT('',(49.402959933644,3.161025409469,
    16.000000000006));
#556 = CARTESIAN_POINT('',(49.406351485788,3.167328565432,
    15.999999999982));
#557 = CARTESIAN_POINT('',(49.409737645689,3.173637208378,
    16.000000000038));
#558 = CARTESIAN_POINT('',(49.413118429848,3.179951342657,
    15.999999999939));
#559 = CARTESIAN_POINT('',(49.416493858692,3.186270972844,
    16.000000000079));
#560 = CARTESIAN_POINT('',(49.419863946852,3.192596103181,
    15.999999999919));
#561 = CARTESIAN_POINT('',(49.42322871605,3.198926738313,16.000000000066
    ));
#562 = CARTESIAN_POINT('',(49.426588180769,3.205262882482,
    15.999999999958));
#563 = CARTESIAN_POINT('',(49.429942361656,3.211604540267,16.00000000002
    ));
#564 = CARTESIAN_POINT('',(49.433291275008,3.21795171601,15.999999999993
    ));
#565 = CARTESIAN_POINT('',(49.436634939632,3.224304414192,
    16.000000000002));
#566 = CARTESIAN_POINT('',(49.439973373087,3.230662639278,16.));
#567 = ORIENTED_EDGE('',*,*,#151,.T.);
#568 = ORIENTED_EDGE('',*,*,#58,.F.);
#569 = B_SPLINE_SURFACE_WITH_KNOTS('',1,13,(
    (#570,#571,#572,#573,#574,#575,#576,#577,#578,#579,#580,#581,#582
      ,#583,#584,#585,#586,#587,#588,#589,#590,#591,#592,#593,#594,#595
      ,#596,#597,#598,#599,#600,#601,#602,#603,#604,#605,#606,#607)
    ,(#608,#609,#610,#611,#612,#613,#614,#615,#616,#617,#618,#619,#620
      ,#621,#622,#623,#624,#625,#626,#627,#628,#629,#630,#631,#632,#633
      ,#634,#635,#636,#637,#638,#639,#640,#641,#642,#643,#644,#645
  )),.UNSPECIFIED.,.F.,.F.,.F.,(2,2),(14,12,12,14),(0.,14.70191715113),(
    21.887619041331,29.165795848821,36.44397265631,36.58953619246),
  .UNSPECIFIED.);
#570 = CARTESIAN_POINT('',(37.512475846015,-1.301588165785,15.4));
#571 = CARTESIAN_POINT('',(38.362233810969,-1.36396189005,
    15.400000000009));
#572 = CARTESIAN_POINT('',(39.174411975514,-1.407161963437,
    15.399999926048));
#573 = CARTESIAN_POINT('',(39.950136959224,-1.431624657528,
    15.400071481874));
#574 = CARTESIAN_POINT('',(40.690504771654,-1.437784227896,
    15.40028889657));
#575 = CARTESIAN_POINT('',(41.396636055319,-1.426042145156,
    15.400760602243));
#576 = CARTESIAN_POINT('',(42.069705913263,-1.39673612681,
    15.401643093559));
#577 = CARTESIAN_POINT('',(42.710948378721,-1.350108971753,
    15.403136989956));
#578 = CARTESIAN_POINT('',(43.321635443276,-1.286277194746,
    15.405465270352));
#579 = CARTESIAN_POINT('',(43.90303074615,-1.205199464152,
    15.408833717256));
#580 = CARTESIAN_POINT('',(44.456317817457,-1.106644839497,
    15.413373531914));
#581 = CARTESIAN_POINT('',(44.982502970847,-0.990160811916,
    15.419066154491));
#582 = CARTESIAN_POINT('',(45.482292773181,-0.855041145166,
    15.42565026363));
#583 = CARTESIAN_POINT('',(46.429599502132,-0.545545892218,
    15.439371679945));
#584 = CARTESIAN_POINT('',(46.877081414447,-0.37122155466,15.44650473708
    ));
#585 = CARTESIAN_POINT('',(47.298752171925,-0.176145577142,
    15.453213674661));
#586 = CARTESIAN_POINT('',(47.693587224244,3.954407537954E-02,
    15.458824483718));
#587 = CARTESIAN_POINT('',(48.06296882568,0.280760618142,15.46088398401)
  );
#588 = CARTESIAN_POINT('',(48.399849843435,0.540492755683,
    15.459912660666));
#589 = CARTESIAN_POINT('',(48.710377236666,0.831681106601,
    15.450355166591));
#590 = CARTESIAN_POINT('',(48.980254111372,1.139857039828,
    15.434973234963));
#591 = CARTESIAN_POINT('',(49.216559095082,1.47292733843,15.415276631907
    ));
#592 = CARTESIAN_POINT('',(49.412483360685,1.822619222322,
    15.398939255641));
#593 = CARTESIAN_POINT('',(49.571399869506,2.184127297977,
    15.390358997143));
#594 = CARTESIAN_POINT('',(49.695405951522,2.555976332688,
    15.393475524872));
#595 = CARTESIAN_POINT('',(49.78875518509,2.944760007512,15.421113802635
    ));
#596 = CARTESIAN_POINT('',(49.790572569436,2.952386953364,
    15.421665310659));
#597 = CARTESIAN_POINT('',(49.792376980369,2.960017631295,
    15.422226507055));
#598 = CARTESIAN_POINT('',(49.794168437612,2.967652036887,
    15.422797499344));
#599 = CARTESIAN_POINT('',(49.795946960068,2.975290165611,
    15.423378394685));
#600 = CARTESIAN_POINT('',(49.797712568119,2.982932013146,
    15.423969300889));
#601 = CARTESIAN_POINT('',(49.79946527997,2.990577574862,15.424570324806
    ));
#602 = CARTESIAN_POINT('',(49.801205116486,2.998226846505,
    15.425181574458));
#603 = CARTESIAN_POINT('',(49.802932095824,3.005879823439,
    15.425803156679));
#604 = CARTESIAN_POINT('',(49.804646238435,3.013536501353,
    15.426435179305));
#605 = CARTESIAN_POINT('',(49.806347563162,3.021196875706,
    15.427077749472));
#606 = CARTESIAN_POINT('',(49.808036089768,3.028860942091,
    15.427730974716));
#607 = CARTESIAN_POINT('',(49.809711837598,3.036528696039,15.4283949621)
  );
#608 = CARTESIAN_POINT('',(37.554507181201,-0.703062170641,16.));
#609 = CARTESIAN_POINT('',(38.392138137616,-0.761884590679,
    16.000000000008));
#610 = CARTESIAN_POINT('',(39.191354028048,-0.799240488054,
    15.999999999964));
#611 = CARTESIAN_POINT('',(39.952956239472,-0.815658213258,
    16.000000000097));
#612 = CARTESIAN_POINT('',(40.677743043562,-0.811665579941,
    15.999999999813));
#613 = CARTESIAN_POINT('',(41.366509063746,-0.787803837871,
    16.000000000278));
#614 = CARTESIAN_POINT('',(42.020047865657,-0.744637685817,
    15.999999999674));
#615 = CARTESIAN_POINT('',(42.639157728233,-0.682761325299,
    16.000000000308));
#616 = CARTESIAN_POINT('',(43.224650511959,-0.602800553824,
    15.999999999766));
#617 = CARTESIAN_POINT('',(43.777363727185,-0.505410899295,
    16.000000000143));
#618 = CARTESIAN_POINT('',(44.298175694555,-0.391271793851,
    15.999999999932));
#619 = CARTESIAN_POINT('',(44.788023894136,-0.26107678867,
    16.000000000023));
#620 = CARTESIAN_POINT('',(45.247926429689,-0.115519808588,
    15.999999999996));
#621 = CARTESIAN_POINT('',(46.110086881147,0.20496491407,16.000000000003
    ));
#622 = CARTESIAN_POINT('',(46.512307485701,0.37987712086,15.999999999993
    ));
#623 = CARTESIAN_POINT('',(46.887155300179,0.569039274351,
    16.000000000017));
#624 = CARTESIAN_POINT('',(47.233872657254,0.770471858355,15.99999999997
    ));
#625 = CARTESIAN_POINT('',(47.560470820512,0.988524695899,
    16.000000000041));
#626 = CARTESIAN_POINT('',(47.851921630732,1.210029911577,
    15.999999999954));
#627 = CARTESIAN_POINT('',(48.139789053102,1.459445956096,
    16.000000000043));
#628 = CARTESIAN_POINT('',(48.383327836708,1.699876331926,
    15.999999999968));
#629 = CARTESIAN_POINT('',(48.628692969406,1.973044694007,
    16.000000000019));
#630 = CARTESIAN_POINT('',(48.842127700046,2.24419057543,15.999999999992
    ));
#631 = CARTESIAN_POINT('',(49.042444307451,2.533034411395,
    16.000000000002));
#632 = CARTESIAN_POINT('',(49.226040994163,2.83382577245,16.));
#633 = CARTESIAN_POINT('',(49.399562970595,3.154727736015,
    15.999999999999));
#634 = CARTESIAN_POINT('',(49.402959933644,3.161025409469,
    16.000000000006));
#635 = CARTESIAN_POINT('',(49.406351485788,3.167328565432,
    15.999999999982));
#636 = CARTESIAN_POINT('',(49.409737645689,3.173637208378,
    16.000000000038));
#637 = CARTESIAN_POINT('',(49.413118429848,3.179951342657,
    15.999999999939));
#638 = CARTESIAN_POINT('',(49.416493858692,3.186270972844,
    16.000000000079));
#639 = CARTESIAN_POINT('',(49.419863946852,3.192596103181,
    15.999999999919));
#640 = CARTESIAN_POINT('',(49.42322871605,3.198926738313,16.000000000066
    ));
#641 = CARTESIAN_POINT('',(49.426588180769,3.205262882482,
    15.999999999958));
#642 = CARTESIAN_POINT('',(49.429942361656,3.211604540267,16.00000000002
    ));
#643 = CARTESIAN_POINT('',(49.433291275008,3.21795171601,15.999999999993
    ));
#644 = CARTESIAN_POINT('',(49.436634939632,3.224304414192,
    16.000000000002));
#645 = CARTESIAN_POINT('',(49.439973373087,3.230662639278,16.));
#646 = ADVANCED_FACE('',(#647),#665,.T.);
#647 = FACE_BOUND('',#648,.T.);
#648 = EDGE_LOOP('',(#649,#650,#658,#664));
#649 = ORIENTED_EDGE('',*,*,#42,.T.);
#650 = ORIENTED_EDGE('',*,*,#651,.T.);
#651 = EDGE_CURVE('',#43,#652,#654,.T.);
#652 = VERTEX_POINT('',#653);
#653 = CARTESIAN_POINT('',(4.,0.,4.8));
#654 = LINE('',#655,#656);
#655 = CARTESIAN_POINT('',(37.512475846015,-1.301588165785,4.8));
#656 = VECTOR('',#657,1.);
#657 = DIRECTION('',(-0.999246621606,3.880965355585E-02,0.));
#658 = ORIENTED_EDGE('',*,*,#659,.F.);
#659 = EDGE_CURVE('',#323,#652,#660,.T.);
#660 = LINE('',#661,#662);
#661 = CARTESIAN_POINT('',(4.,0.,0.));
#662 = VECTOR('',#663,1.);
#663 = DIRECTION('',(0.,0.,1.));
#664 = ORIENTED_EDGE('',*,*,#322,.F.);
#665 = PLANE('',#666);
#666 = AXIS2_PLACEMENT_3D('',#667,#668,#669);
#667 = CARTESIAN_POINT('',(37.512475846015,-1.301588165785,0.));
#668 = DIRECTION('',(-3.880965355585E-02,-0.999246621606,0.));
#669 = DIRECTION('',(-0.999246621606,3.880965355585E-02,0.));
#670 = ADVANCED_FACE('',(#671),#696,.F.);
#671 = FACE_BOUND('',#672,.F.);
#672 = EDGE_LOOP('',(#673,#674,#682,#690));
#673 = ORIENTED_EDGE('',*,*,#50,.F.);
#674 = ORIENTED_EDGE('',*,*,#675,.T.);
#675 = EDGE_CURVE('',#43,#676,#678,.T.);
#676 = VERTEX_POINT('',#677);
#677 = CARTESIAN_POINT('',(15.678627565958,0.23168825478,4.8));
#678 = LINE('',#679,#680);
#679 = CARTESIAN_POINT('',(17.719861823509,8.834310023765E-02,4.8));
#680 = VECTOR('',#681,1.);
#681 = DIRECTION('',(-0.997543325239,7.005222530915E-02,0.));
#682 = ORIENTED_EDGE('',*,*,#683,.T.);
#683 = EDGE_CURVE('',#676,#684,#686,.T.);
#684 = VERTEX_POINT('',#685);
#685 = CARTESIAN_POINT('',(15.678627565958,0.23168825478,15.4));
#686 = LINE('',#687,#688);
#687 = CARTESIAN_POINT('',(15.678627565958,0.23168825478,0.));
#688 = VECTOR('',#689,1.);
#689 = DIRECTION('',(0.,0.,1.));
#690 = ORIENTED_EDGE('',*,*,#691,.T.);
#691 = EDGE_CURVE('',#684,#51,#692,.T.);
#692 = LINE('',#693,#694);
#693 = CARTESIAN_POINT('',(15.678627565958,0.23168825478,15.4));
#694 = VECTOR('',#695,1.);
#695 = DIRECTION('',(0.997543325239,-7.005222530915E-02,0.));
#696 = PLANE('',#697);
#697 = AXIS2_PLACEMENT_3D('',#698,#699,#700);
#698 = CARTESIAN_POINT('',(15.678627565958,0.23168825478,0.));
#699 = DIRECTION('',(7.005222530915E-02,0.997543325239,0.));
#700 = DIRECTION('',(0.997543325239,-7.005222530915E-02,0.));
#701 = ADVANCED_FACE('',(#702),#728,.T.);
#702 = FACE_BOUND('',#703,.T.);
#703 = EDGE_LOOP('',(#704,#714,#720,#721,#722));
#704 = ORIENTED_EDGE('',*,*,#705,.T.);
#705 = EDGE_CURVE('',#706,#708,#710,.T.);
#706 = VERTEX_POINT('',#707);
#707 = CARTESIAN_POINT('',(50.212327095338,7.79312338792,4.8));
#708 = VERTEX_POINT('',#709);
#709 = CARTESIAN_POINT('',(50.212327095338,7.79312338792,15.4));
#710 = LINE('',#711,#712);
#711 = CARTESIAN_POINT('',(50.212327095338,7.79312338792,0.));
#712 = VECTOR('',#713,1.);
#713 = DIRECTION('',(0.,0.,1.));
#714 = ORIENTED_EDGE('',*,*,#715,.T.);
#715 = EDGE_CURVE('',#708,#130,#716,.T.);
#716 = LINE('',#717,#718);
#717 = CARTESIAN_POINT('',(50.212327095338,7.79312338792,15.4));
#718 = VECTOR('',#719,1.);
#719 = DIRECTION('',(-7.320481085564E-02,-0.997316928397,0.));
#720 = ORIENTED_EDGE('',*,*,#129,.F.);
#721 = ORIENTED_EDGE('',*,*,#314,.F.);
#722 = ORIENTED_EDGE('',*,*,#723,.T.);
#723 = EDGE_CURVE('',#306,#706,#724,.T.);
#724 = LINE('',#725,#726);
#725 = CARTESIAN_POINT('',(50.212327095338,7.79312338792,0.));
#726 = VECTOR('',#727,1.);
#727 = DIRECTION('',(0.,0.,1.));
#728 = PLANE('',#729);
#729 = AXIS2_PLACEMENT_3D('',#730,#731,#732);
#730 = CARTESIAN_POINT('',(49.992712662771,4.801172602728,8.));
#731 = DIRECTION('',(0.997316928397,-7.320481085564E-02,0.));
#732 = DIRECTION('',(7.320481085564E-02,0.997316928397,0.));
#733 = ADVANCED_FACE('',(#734),#882,.T.);
#734 = FACE_BOUND('',#735,.T.);
#735 = EDGE_LOOP('',(#736,#769,#775,#776,#777,#785,#828,#836,#844,#852,
    #860,#868,#876));
#736 = ORIENTED_EDGE('',*,*,#737,.T.);
#737 = EDGE_CURVE('',#738,#740,#742,.T.);
#738 = VERTEX_POINT('',#739);
#739 = CARTESIAN_POINT('',(16.730275682217,2.776444465964,16.));
#740 = VERTEX_POINT('',#741);
#741 = CARTESIAN_POINT('',(16.324031756266,0.787842545233,16.));
#742 = B_SPLINE_CURVE_WITH_KNOTS('',13,(#743,#744,#745,#746,#747,#748,
    #749,#750,#751,#752,#753,#754,#755,#756,#757,#758,#759,#760,#761,
    #762,#763,#764,#765,#766,#767,#768),.UNSPECIFIED.,.F.,.F.,(14,12,14)
  ,(-1.986561712536,2.017576907914,2.177269364555),.UNSPECIFIED.);
#743 = CARTESIAN_POINT('',(17.116022878541,3.721221523308,16.));
#744 = CARTESIAN_POINT('',(16.998849787769,3.483503942607,
    15.999999999998));
#745 = CARTESIAN_POINT('',(16.891638622944,3.243180870184,16.00000000001
    ));
#746 = CARTESIAN_POINT('',(16.793698514552,2.997000386023,
    15.999999999971));
#747 = CARTESIAN_POINT('',(16.705123015818,2.748201871115,
    16.000000000059));
#748 = CARTESIAN_POINT('',(16.624015479573,2.479954999328,
    15.999999999907));
#749 = CARTESIAN_POINT('',(16.553241268005,2.225753373702,
    16.000000000116));
#750 = CARTESIAN_POINT('',(16.488999944766,1.933701985323,
    15.999999999885));
#751 = CARTESIAN_POINT('',(16.433979669385,1.66073128019,16.000000000091
    ));
#752 = CARTESIAN_POINT('',(16.387118597542,1.368724351914,
    15.999999999943));
#753 = CARTESIAN_POINT('',(16.34801333345,1.078034129902,16.000000000028
    ));
#754 = CARTESIAN_POINT('',(16.316900309453,0.783178400004,15.99999999999
    ));
#755 = CARTESIAN_POINT('',(16.293358916645,0.486762728047,
    16.000000000002));
#756 = CARTESIAN_POINT('',(16.276580563923,0.177802642607,16.));
#757 = CARTESIAN_POINT('',(16.275932093527,0.16586157354,16.));
#758 = CARTESIAN_POINT('',(16.275278640985,0.153828762176,16.));
#759 = CARTESIAN_POINT('',(16.274620206296,0.141704208516,16.));
#760 = CARTESIAN_POINT('',(16.273956789459,0.12948791256,16.));
#761 = CARTESIAN_POINT('',(16.273288390475,0.117179874306,
    15.999999999999));
#762 = CARTESIAN_POINT('',(16.272615009344,0.104780093756,
    15.999999999999));
#763 = CARTESIAN_POINT('',(16.271936646066,9.228857090902E-02,
    15.999999999999));
#764 = CARTESIAN_POINT('',(16.271253300641,7.970530576549E-02,
    15.999999999999));
#765 = CARTESIAN_POINT('',(16.270564973068,6.703029832528E-02,
    15.999999999999));
#766 = CARTESIAN_POINT('',(16.269871663349,5.426354858839E-02,
    15.999999999999));
#767 = CARTESIAN_POINT('',(16.269173371482,4.140505655482E-02,
    15.999999999999));
#768 = CARTESIAN_POINT('',(16.268470097468,2.845482222457E-02,
    15.999999999999));
#769 = ORIENTED_EDGE('',*,*,#770,.T.);
#770 = EDGE_CURVE('',#740,#520,#771,.T.);
#771 = LINE('',#772,#773);
#772 = CARTESIAN_POINT('',(15.720658901144,0.830214249923,16.));
#773 = VECTOR('',#774,1.);
#774 = DIRECTION('',(0.997543325239,-7.005222530915E-02,0.));
#775 = ORIENTED_EDGE('',*,*,#527,.T.);
#776 = ORIENTED_EDGE('',*,*,#166,.F.);
#777 = ORIENTED_EDGE('',*,*,#778,.F.);
#778 = EDGE_CURVE('',#779,#167,#781,.T.);
#779 = VERTEX_POINT('',#780);
#780 = CARTESIAN_POINT('',(49.6139369383,7.837046274433,16.));
#781 = LINE('',#782,#783);
#782 = CARTESIAN_POINT('',(49.6139369383,7.837046274433,16.));
#783 = VECTOR('',#784,1.);
#784 = DIRECTION('',(-7.320481085564E-02,-0.997316928397,0.));
#785 = ORIENTED_EDGE('',*,*,#786,.F.);
#786 = EDGE_CURVE('',#787,#779,#789,.T.);
#787 = VERTEX_POINT('',#788);
#788 = CARTESIAN_POINT('',(49.837274617753,11.071796769724,16.));
#789 = B_SPLINE_CURVE_WITH_KNOTS('',13,(#790,#791,#792,#793,#794,#795,
    #796,#797,#798,#799,#800,#801,#802,#803,#804,#805,#806,#807,#808,
    #809,#810,#811,#812,#813,#814,#815,#816,#817,#818,#819,#820,#821,
    #822,#823,#824,#825,#826,#827),.UNSPECIFIED.,.F.,.F.,(14,12,12,14),(
    -1.159395076516,-8.807421775075E-02,53.477968720524,107.0440116588),
  .UNSPECIFIED.);
#790 = CARTESIAN_POINT('',(56.599551297855,115.75250528108,16.));
#791 = CARTESIAN_POINT('',(56.589174212021,115.67497004644,
    16.000000000005));
#792 = CARTESIAN_POINT('',(56.578774388413,115.59742270608,
    15.999999999977));
#793 = CARTESIAN_POINT('',(56.568357733925,115.51985262572,
    16.000000000063));
#794 = CARTESIAN_POINT('',(56.557929657138,115.4422505309,
    15.999999999875));
#795 = CARTESIAN_POINT('',(56.547495076259,115.36460852346,
    16.000000000192));
#796 = CARTESIAN_POINT('',(56.537058404277,115.28692005093,
    15.999999999769));
#797 = CARTESIAN_POINT('',(56.526623571695,115.20917995301,
    16.000000000223));
#798 = CARTESIAN_POINT('',(56.516193997579,115.13138440296,
    15.999999999827));
#799 = CARTESIAN_POINT('',(56.505772620467,115.05353096946,
    16.000000000106));
#800 = CARTESIAN_POINT('',(56.495361870638,114.97561856181,
    15.999999999951));
#801 = CARTESIAN_POINT('',(56.484963690949,114.89764747056,
    16.000000000015));
#802 = CARTESIAN_POINT('',(56.474579523873,114.81961934257,
    15.999999999999));
#803 = CARTESIAN_POINT('',(55.945750024478,110.83742973343,
    16.000000000001));
#804 = CARTESIAN_POINT('',(55.466147856496,106.8050915742,
    16.000000000001));
#805 = CARTESIAN_POINT('',(55.02349997719,102.66247934469,15.99999999999
    ));
#806 = CARTESIAN_POINT('',(54.613735845511,98.415786435663,
    16.000000000023));
#807 = CARTESIAN_POINT('',(54.237879656761,94.098584987762,
    15.999999999965));
#808 = CARTESIAN_POINT('',(53.887983304549,89.696132605844,
    16.000000000038));
#809 = CARTESIAN_POINT('',(53.568523820791,85.260537708466,
    15.99999999997));
#810 = CARTESIAN_POINT('',(53.27039465636,80.770805027655,
    16.000000000016));
#811 = CARTESIAN_POINT('',(52.996284531596,76.269402572693,
    15.999999999995));
#812 = CARTESIAN_POINT('',(52.740811118904,71.755368382677,
    15.999999999999));
#813 = CARTESIAN_POINT('',(52.502888984716,67.250858646629,
    16.000000000002));
#814 = CARTESIAN_POINT('',(52.279708296229,62.768752014648,
    15.999999999998));
#815 = CARTESIAN_POINT('',(51.858205704082,53.880461242782,
    16.000000000003));
#816 = CARTESIAN_POINT('',(51.659875703539,49.474232996468,
    15.999999999982));
#817 = CARTESIAN_POINT('',(51.471570505852,45.121027970536,
    16.00000000005));
#818 = CARTESIAN_POINT('',(51.290896620186,40.835964669249,
    15.999999999907));
#819 = CARTESIAN_POINT('',(51.115460542676,36.634166881052,
    16.000000000132));
#820 = CARTESIAN_POINT('',(50.942869208749,32.53076595176,
    15.999999999852));
#821 = CARTESIAN_POINT('',(50.770731284624,28.540905513878,
    16.000000000134));
#822 = CARTESIAN_POINT('',(50.596657842105,24.679745200983,15.9999999999
    ));
#823 = CARTESIAN_POINT('',(50.418262330879,20.962463532868,
    16.00000000006));
#824 = CARTESIAN_POINT('',(50.233160893486,17.404263607421,
    15.999999999972));
#825 = CARTESIAN_POINT('',(50.038975448341,14.020388899818,
    16.00000000001));
#826 = CARTESIAN_POINT('',(49.833343121423,10.826159941646,
    15.999999999998));
#827 = CARTESIAN_POINT('',(49.6139369383,7.837046274433,16.));
#828 = ORIENTED_EDGE('',*,*,#829,.F.);
#829 = EDGE_CURVE('',#830,#787,#832,.T.);
#830 = VERTEX_POINT('',#831);
#831 = CARTESIAN_POINT('',(43.033079324286,11.071796769724,16.));
#832 = LINE('',#833,#834);
#833 = CARTESIAN_POINT('',(8.,11.071796769724,16.));
#834 = VECTOR('',#835,1.);
#835 = DIRECTION('',(1.,0.,2.22044604925E-16));
#836 = ORIENTED_EDGE('',*,*,#837,.F.);
#837 = EDGE_CURVE('',#838,#830,#840,.T.);
#838 = VERTEX_POINT('',#839);
#839 = CARTESIAN_POINT('',(42.495439695263,3.747181117624,16.));
#840 = LINE('',#841,#842);
#841 = CARTESIAN_POINT('',(42.539362581776,4.345571274663,16.));
#842 = VECTOR('',#843,1.);
#843 = DIRECTION('',(7.320481085564E-02,0.997316928397,0.));
#844 = ORIENTED_EDGE('',*,*,#845,.T.);
#845 = EDGE_CURVE('',#838,#846,#848,.T.);
#846 = VERTEX_POINT('',#847);
#847 = CARTESIAN_POINT('',(19.357686956448,5.445532729475,16.));
#848 = LINE('',#849,#850);
#849 = CARTESIAN_POINT('',(41.897049538225,3.791104004138,16.));
#850 = VECTOR('',#851,1.);
#851 = DIRECTION('',(-0.997316928397,7.320481085564E-02,0.));
#852 = ORIENTED_EDGE('',*,*,#853,.T.);
#853 = EDGE_CURVE('',#846,#854,#856,.T.);
#854 = VERTEX_POINT('',#855);
#855 = CARTESIAN_POINT('',(19.770664599926,11.071796769724,16.));
#856 = LINE('',#857,#858);
#857 = CARTESIAN_POINT('',(19.401609842962,6.043922886513,16.));
#858 = VECTOR('',#859,1.);
#859 = DIRECTION('',(7.320481085564E-02,0.997316928397,0.));
#860 = ORIENTED_EDGE('',*,*,#861,.F.);
#861 = EDGE_CURVE('',#862,#854,#864,.T.);
#862 = VERTEX_POINT('',#863);
#863 = CARTESIAN_POINT('',(17.435924226888,11.071796769724,16.));
#864 = LINE('',#865,#866);
#865 = CARTESIAN_POINT('',(8.,11.071796769724,16.));
#866 = VECTOR('',#867,1.);
#867 = DIRECTION('',(1.,0.,2.22044604925E-16));
#868 = ORIENTED_EDGE('',*,*,#869,.T.);
#869 = EDGE_CURVE('',#862,#870,#872,.T.);
#870 = VERTEX_POINT('',#871);
#871 = CARTESIAN_POINT('',(16.459105020692,2.791455753004,16.));
#872 = LINE('',#873,#874);
#873 = CARTESIAN_POINT('',(18.499670104201,20.089001349043,16.));
#874 = VECTOR('',#875,1.);
#875 = DIRECTION('',(-0.117156087198,-0.99311351377,0.));
#876 = ORIENTED_EDGE('',*,*,#877,.T.);
#877 = EDGE_CURVE('',#870,#738,#878,.T.);
#878 = LINE('',#879,#880);
#879 = CARTESIAN_POINT('',(15.821598412389,2.826746424323,16.));
#880 = VECTOR('',#881,1.);
#881 = DIRECTION('',(0.998471294913,-5.527271691189E-02,0.));
#882 = PLANE('',#883);
#883 = AXIS2_PLACEMENT_3D('',#884,#885,#886);
#884 = CARTESIAN_POINT('',(43.508888312561,48.445322101519,16.));
#885 = DIRECTION('',(0.,0.,1.));
#886 = DIRECTION('',(1.,0.,0.));
#887 = ADVANCED_FACE('',(#888),#898,.T.);
#888 = FACE_BOUND('',#889,.F.);
#889 = EDGE_LOOP('',(#890,#895,#896,#897));
#890 = ORIENTED_EDGE('',*,*,#891,.F.);
#891 = EDGE_CURVE('',#708,#779,#892,.T.);
#892 = B_SPLINE_CURVE_WITH_KNOTS('',1,(#893,#894),.UNSPECIFIED.,.F.,.F.,
  (2,2),(0.,108.20340673531),.PIECEWISE_BEZIER_KNOTS.);
#893 = CARTESIAN_POINT('',(50.212327095338,7.79312338792,15.4));
#894 = CARTESIAN_POINT('',(49.6139369383,7.837046274433,16.));
#895 = ORIENTED_EDGE('',*,*,#715,.T.);
#896 = ORIENTED_EDGE('',*,*,#174,.T.);
#897 = ORIENTED_EDGE('',*,*,#778,.F.);
#898 = PLANE('',#899);
#899 = AXIS2_PLACEMENT_3D('',#900,#901,#902);
#900 = CARTESIAN_POINT('',(49.913132016819,7.815084831176,15.7));
#901 = DIRECTION('',(0.705209563062,-5.17636181715E-02,0.707106781187));
#902 = DIRECTION('',(7.320481085564E-02,0.997316928397,
    1.040834085586E-16));
#903 = ADVANCED_FACE('',(#904,#977,#1004),#1031,.T.);
#904 = FACE_BOUND('',#905,.T.);
#905 = EDGE_LOOP('',(#906,#916,#924,#932,#940,#948,#956,#962,#963,#971)
  );
#906 = ORIENTED_EDGE('',*,*,#907,.T.);
#907 = EDGE_CURVE('',#908,#910,#912,.T.);
#908 = VERTEX_POINT('',#909);
#909 = CARTESIAN_POINT('',(0.,8.,4.8));
#910 = VERTEX_POINT('',#911);
#911 = CARTESIAN_POINT('',(0.,8.,23.4));
#912 = LINE('',#913,#914);
#913 = CARTESIAN_POINT('',(0.,8.,0.));
#914 = VECTOR('',#915,1.);
#915 = DIRECTION('',(0.,0.,1.));
#916 = ORIENTED_EDGE('',*,*,#917,.T.);
#917 = EDGE_CURVE('',#910,#918,#920,.T.);
#918 = VERTEX_POINT('',#919);
#919 = CARTESIAN_POINT('',(-1.554312234475E-15,28.,23.4));
#920 = LINE('',#921,#922);
#921 = CARTESIAN_POINT('',(0.,8.,23.4));
#922 = VECTOR('',#923,1.);
#923 = DIRECTION('',(0.,1.,0.));
#924 = ORIENTED_EDGE('',*,*,#925,.F.);
#925 = EDGE_CURVE('',#926,#918,#928,.T.);
#926 = VERTEX_POINT('',#927);
#927 = CARTESIAN_POINT('',(0.,28.,4.8));
#928 = LINE('',#929,#930);
#929 = CARTESIAN_POINT('',(0.,28.,0.));
#930 = VECTOR('',#931,1.);
#931 = DIRECTION('',(0.,0.,1.));
#932 = ORIENTED_EDGE('',*,*,#933,.T.);
#933 = EDGE_CURVE('',#926,#934,#936,.T.);
#934 = VERTEX_POINT('',#935);
#935 = CARTESIAN_POINT('',(0.,122.,4.8));
#936 = LINE('',#937,#938);
#937 = CARTESIAN_POINT('',(0.,4.,4.8));
#938 = VECTOR('',#939,1.);
#939 = DIRECTION('',(0.,1.,0.));
#940 = ORIENTED_EDGE('',*,*,#941,.T.);
#941 = EDGE_CURVE('',#934,#942,#944,.T.);
#942 = VERTEX_POINT('',#943);
#943 = CARTESIAN_POINT('',(0.,122.,23.4));
#944 = LINE('',#945,#946);
#945 = CARTESIAN_POINT('',(0.,122.,0.));
#946 = VECTOR('',#947,1.);
#947 = DIRECTION('',(0.,0.,1.));
#948 = ORIENTED_EDGE('',*,*,#949,.T.);
#949 = EDGE_CURVE('',#942,#950,#952,.T.);
#950 = VERTEX_POINT('',#951);
#951 = CARTESIAN_POINT('',(-1.554312234475E-15,142.,23.4));
#952 = LINE('',#953,#954);
#953 = CARTESIAN_POINT('',(0.,122.,23.4));
#954 = VECTOR('',#955,1.);
#955 = DIRECTION('',(0.,1.,0.));
#956 = ORIENTED_EDGE('',*,*,#957,.F.);
#957 = EDGE_CURVE('',#193,#950,#958,.T.);
#958 = LINE('',#959,#960);
#959 = CARTESIAN_POINT('',(0.,142.,0.));
#960 = VECTOR('',#961,1.);
#961 = DIRECTION('',(0.,0.,1.));
#962 = ORIENTED_EDGE('',*,*,#190,.F.);
#963 = ORIENTED_EDGE('',*,*,#964,.T.);
#964 = EDGE_CURVE('',#191,#965,#967,.T.);
#965 = VERTEX_POINT('',#966);
#966 = CARTESIAN_POINT('',(0.,4.,4.8));
#967 = LINE('',#968,#969);
#968 = CARTESIAN_POINT('',(0.,4.,0.));
#969 = VECTOR('',#970,1.);
#970 = DIRECTION('',(0.,0.,1.));
#971 = ORIENTED_EDGE('',*,*,#972,.T.);
#972 = EDGE_CURVE('',#965,#908,#973,.T.);
#973 = LINE('',#974,#975);
#974 = CARTESIAN_POINT('',(0.,4.,4.8));
#975 = VECTOR('',#976,1.);
#976 = DIRECTION('',(0.,1.,0.));
#977 = FACE_BOUND('',#978,.T.);
#978 = EDGE_LOOP('',(#979,#990,#998));
#979 = ORIENTED_EDGE('',*,*,#980,.F.);
#980 = EDGE_CURVE('',#981,#983,#985,.T.);
#981 = VERTEX_POINT('',#982);
#982 = CARTESIAN_POINT('',(0.,135.03108891324,13.75));
#983 = VERTEX_POINT('',#984);
#984 = CARTESIAN_POINT('',(0.,128.96891108675,13.75));
#985 = CIRCLE('',#986,3.5);
#986 = AXIS2_PLACEMENT_3D('',#987,#988,#989);
#987 = CARTESIAN_POINT('',(0.,132.,12.));
#988 = DIRECTION('',(-1.,0.,-2.22044604925E-16));
#989 = DIRECTION('',(-1.110223024625E-16,-0.866025403784,0.5));
#990 = ORIENTED_EDGE('',*,*,#991,.T.);
#991 = EDGE_CURVE('',#981,#992,#994,.T.);
#992 = VERTEX_POINT('',#993);
#993 = CARTESIAN_POINT('',(0.,132.,19.));
#994 = LINE('',#995,#996);
#995 = CARTESIAN_POINT('',(1.110223024625E-16,128.77812292162,
    24.580454795486));
#996 = VECTOR('',#997,1.);
#997 = DIRECTION('',(0.,-0.5,0.866025403784));
#998 = ORIENTED_EDGE('',*,*,#999,.T.);
#999 = EDGE_CURVE('',#992,#983,#1000,.T.);
#1000 = LINE('',#1001,#1002);
#1001 = CARTESIAN_POINT('',(0.,122.09338179989,1.841233946236));
#1002 = VECTOR('',#1003,1.);
#1003 = DIRECTION('',(0.,-0.5,-0.866025403784));
#1004 = FACE_BOUND('',#1005,.T.);
#1005 = EDGE_LOOP('',(#1006,#1017,#1025));
#1006 = ORIENTED_EDGE('',*,*,#1007,.F.);
#1007 = EDGE_CURVE('',#1008,#1010,#1012,.T.);
#1008 = VERTEX_POINT('',#1009);
#1009 = CARTESIAN_POINT('',(0.,21.031088913246,13.75));
#1010 = VERTEX_POINT('',#1011);
#1011 = CARTESIAN_POINT('',(0.,14.968911086754,13.75));
#1012 = CIRCLE('',#1013,3.5);
#1013 = AXIS2_PLACEMENT_3D('',#1014,#1015,#1016);
#1014 = CARTESIAN_POINT('',(0.,18.,12.));
#1015 = DIRECTION('',(-1.,0.,-2.22044604925E-16));
#1016 = DIRECTION('',(-1.110223024625E-16,-0.866025403784,0.5));
#1017 = ORIENTED_EDGE('',*,*,#1018,.T.);
#1018 = EDGE_CURVE('',#1008,#1019,#1021,.T.);
#1019 = VERTEX_POINT('',#1020);
#1020 = CARTESIAN_POINT('',(0.,18.,19.));
#1021 = LINE('',#1022,#1023);
#1022 = CARTESIAN_POINT('',(1.110223024625E-16,29.028122921626,
    -0.101269212371));
#1023 = VECTOR('',#1024,1.);
#1024 = DIRECTION('',(0.,-0.5,0.866025403784));
#1025 = ORIENTED_EDGE('',*,*,#1026,.T.);
#1026 = EDGE_CURVE('',#1019,#1010,#1027,.T.);
#1027 = LINE('',#1028,#1029);
#1028 = CARTESIAN_POINT('',(1.110223024625E-16,22.343381799898,
    26.522957954093));
#1029 = VECTOR('',#1030,1.);
#1030 = DIRECTION('',(0.,-0.5,-0.866025403784));
#1031 = PLANE('',#1032);
#1032 = AXIS2_PLACEMENT_3D('',#1033,#1034,#1035);
#1033 = CARTESIAN_POINT('',(0.,73.423841059603,7.062251655629));
#1034 = DIRECTION('',(-1.,-0.,-0.));
#1035 = DIRECTION('',(0.,0.,-1.));
#1036 = ADVANCED_FACE('',(#1037),#1160,.T.);
#1037 = FACE_BOUND('',#1038,.T.);
#1038 = EDGE_LOOP('',(#1039,#1049,#1106,#1114,#1115,#1116));
#1039 = ORIENTED_EDGE('',*,*,#1040,.F.);
#1040 = EDGE_CURVE('',#1041,#1043,#1045,.T.);
#1041 = VERTEX_POINT('',#1042);
#1042 = CARTESIAN_POINT('',(4.,144.,4.8));
#1043 = VERTEX_POINT('',#1044);
#1044 = CARTESIAN_POINT('',(4.,144.,23.4));
#1045 = LINE('',#1046,#1047);
#1046 = CARTESIAN_POINT('',(4.,144.,0.));
#1047 = VECTOR('',#1048,1.);
#1048 = DIRECTION('',(0.,0.,1.));
#1049 = ORIENTED_EDGE('',*,*,#1050,.T.);
#1050 = EDGE_CURVE('',#1041,#1051,#1053,.T.);
#1051 = VERTEX_POINT('',#1052);
#1052 = CARTESIAN_POINT('',(0.639910418566,143.44386771343,4.8));
#1053 = B_SPLINE_CURVE_WITH_KNOTS('',6,(#1054,#1055,#1056,#1057,#1058,
    #1059,#1060,#1061,#1062,#1063,#1064,#1065,#1066,#1067,#1068,#1069,
    #1070,#1071,#1072,#1073,#1074,#1075,#1076,#1077,#1078,#1079,#1080,
    #1081,#1082,#1083,#1084,#1085,#1086,#1087,#1088,#1089,#1090,#1091,
    #1092,#1093,#1094,#1095,#1096,#1097,#1098,#1099,#1100,#1101,#1102,
    #1103,#1104,#1105),.UNSPECIFIED.,.F.,.F.,(7,5,5,5,5,5,5,5,5,5,7),(0.
    ,6.427273352922E-02,0.181050601123,0.395907784014,0.59391391382,
    0.659344052133,0.694923330328,0.767209321349,0.853306558619,
    0.899091200965,1.),.UNSPECIFIED.);
#1054 = CARTESIAN_POINT('',(4.,144.,4.8));
#1055 = CARTESIAN_POINT('',(3.945053903554,144.,4.8));
#1056 = CARTESIAN_POINT('',(3.890107826057,143.99999996517,4.8));
#1057 = CARTESIAN_POINT('',(3.835162176806,143.9999834083,4.8));
#1058 = CARTESIAN_POINT('',(3.780217422333,143.99993367662,4.8));
#1059 = CARTESIAN_POINT('',(3.725274086399,143.99983395181,4.8));
#1060 = CARTESIAN_POINT('',(3.570509205004,143.99936436755,4.8));
#1061 = CARTESIAN_POINT('',(3.470692818534,143.99884030734,4.8));
#1062 = CARTESIAN_POINT('',(3.370886287032,143.99799250228,4.8));
#1063 = CARTESIAN_POINT('',(3.271094912824,143.9967150813,4.8));
#1064 = CARTESIAN_POINT('',(3.171326763622,143.99489483277,4.8));
#1065 = CARTESIAN_POINT('',(2.88809443433,143.98783016505,4.8));
#1066 = CARTESIAN_POINT('',(2.704753260507,143.98099426565,4.8));
#1067 = CARTESIAN_POINT('',(2.521569585866,143.97112633725,4.8));
#1068 = CARTESIAN_POINT('',(2.338691356341,143.95730190247,4.8));
#1069 = CARTESIAN_POINT('',(2.156416767049,143.93839658565,4.8));
#1070 = CARTESIAN_POINT('',(1.808250502231,143.88915632787,4.8));
#1071 = CARTESIAN_POINT('',(1.642389590279,143.85986133241,4.8));
#1072 = CARTESIAN_POINT('',(1.477784477301,143.82358982622,4.8));
#1073 = CARTESIAN_POINT('',(1.315279623074,143.77870698901,4.8));
#1074 = CARTESIAN_POINT('',(1.156457822531,143.7231300208,4.8));
#1075 = CARTESIAN_POINT('',(0.953112025828,143.6316653762,4.8));
#1076 = CARTESIAN_POINT('',(0.903280407726,143.60751921889,4.8));
#1077 = CARTESIAN_POINT('',(0.854218260911,143.58186380912,4.8));
#1078 = CARTESIAN_POINT('',(0.806040919139,143.55462156302,4.8));
#1079 = CARTESIAN_POINT('',(0.758878641963,143.52572566117,4.8));
#1080 = CARTESIAN_POINT('',(0.687854636137,143.47848985338,4.8));
#1081 = CARTESIAN_POINT('',(0.663179132799,143.46134874251,4.8));
#1082 = CARTESIAN_POINT('',(0.638868571001,143.4436969894,4.8));
#1083 = CARTESIAN_POINT('',(0.614946499957,143.42552921842,4.8));
#1084 = CARTESIAN_POINT('',(0.591436873083,143.40684242026,4.8));
#1085 = CARTESIAN_POINT('',(0.521487267149,143.34861440173,4.8));
#1086 = CARTESIAN_POINT('',(0.476407608966,143.30744370195,4.8));
#1087 = CARTESIAN_POINT('',(0.43333800496,143.26412880542,4.8));
#1088 = CARTESIAN_POINT('',(0.39247187356,143.21871524158,4.8));
#1089 = CARTESIAN_POINT('',(0.353970763966,143.17130093102,4.8));
#1090 = CARTESIAN_POINT('',(0.275051349078,143.06338460991,4.8));
#1091 = CARTESIAN_POINT('',(0.23566053403,143.00209675902,4.8));
#1092 = CARTESIAN_POINT('',(0.19998536406,142.9384606127,4.8));
#1093 = CARTESIAN_POINT('',(0.168078256351,142.87279589149,4.8));
#1094 = CARTESIAN_POINT('',(0.139879317343,142.80544340337,4.8));
#1095 = CARTESIAN_POINT('',(0.102164035451,142.7002089669,4.8));
#1096 = CARTESIAN_POINT('',(9.008067696455E-02,142.66328985488,4.8));
#1097 = CARTESIAN_POINT('',(7.898649459128E-02,142.62603211373,4.8));
#1098 = CARTESIAN_POINT('',(6.885476155919E-02,142.58847950135,4.8));
#1099 = CARTESIAN_POINT('',(5.965495488775E-02,142.55067200191,4.8));
#1100 = CARTESIAN_POINT('',(3.306146135152E-02,142.4288344851,4.8));
#1101 = CARTESIAN_POINT('',(1.914069341879E-02,142.34396910934,4.8));
#1102 = CARTESIAN_POINT('',(9.239501687162E-03,142.25840899861,4.8));
#1103 = CARTESIAN_POINT('',(2.976523066671E-03,142.17243962223,4.8));
#1104 = CARTESIAN_POINT('',(0.,142.08626374885,4.8));
#1105 = CARTESIAN_POINT('',(0.,142.,4.8));
#1106 = ORIENTED_EDGE('',*,*,#1107,.F.);
#1107 = EDGE_CURVE('',#201,#1051,#1108,.T.);
#1108 = B_SPLINE_CURVE_WITH_KNOTS('',4,(#1109,#1110,#1111,#1112,#1113),
  .UNSPECIFIED.,.F.,.F.,(5,5),(0.,1.),.PIECEWISE_BEZIER_KNOTS.);
#1109 = CARTESIAN_POINT('',(0.639910418566,143.44386771343,
    -3.247457908747E-04));
#1110 = CARTESIAN_POINT('',(0.639910418566,143.44386771343,1.19983762703
    ));
#1111 = CARTESIAN_POINT('',(0.639910418566,143.44386771343,
    2.400000000486));
#1112 = CARTESIAN_POINT('',(0.639910418566,143.44386771343,3.60016237297
    ));
#1113 = CARTESIAN_POINT('',(0.639910418566,143.44386771343,
    4.800324745791));
#1114 = ORIENTED_EDGE('',*,*,#200,.F.);
#1115 = ORIENTED_EDGE('',*,*,#957,.T.);
#1116 = ORIENTED_EDGE('',*,*,#1117,.T.);
#1117 = EDGE_CURVE('',#950,#1043,#1118,.T.);
#1118 = B_SPLINE_CURVE_WITH_KNOTS('',14,(#1119,#1120,#1121,#1122,#1123,
    #1124,#1125,#1126,#1127,#1128,#1129,#1130,#1131,#1132,#1133,#1134,
    #1135,#1136,#1137,#1138,#1139,#1140,#1141,#1142,#1143,#1144,#1145,
    #1146,#1147,#1148,#1149,#1150,#1151,#1152,#1153,#1154,#1155,#1156,
    #1157,#1158,#1159),.UNSPECIFIED.,.F.,.F.,(15,13,13,15),(
    25.10127695662,27.984593607547,30.867910258474,31.097835410783),
  .UNSPECIFIED.);
#1119 = CARTESIAN_POINT('',(0.,142.,23.4));
#1120 = CARTESIAN_POINT('',(1.961743096352E-13,142.24223486535,
    23.400000000021));
#1121 = CARTESIAN_POINT('',(2.106380048869E-02,142.46340592944,
    23.399999999903));
#1122 = CARTESIAN_POINT('',(6.219927069039E-02,142.66450532653,
    23.400000000272));
#1123 = CARTESIAN_POINT('',(0.122414279809,142.84652517798,
    23.399999999437));
#1124 = CARTESIAN_POINT('',(0.200716697096,143.01045763418,
    23.400000000908));
#1125 = CARTESIAN_POINT('',(0.296114391716,143.157294793,23.39999999882)
  );
#1126 = CARTESIAN_POINT('',(0.407615232964,143.28802883087,
    23.400000001253));
#1127 = CARTESIAN_POINT('',(0.53422708997,143.40365182551,
    23.399999998904));
#1128 = CARTESIAN_POINT('',(0.674957832042,143.50515595976,
    23.400000000789));
#1129 = CARTESIAN_POINT('',(0.828815328324,143.59353332121,
    23.399999999538));
#1130 = CARTESIAN_POINT('',(0.994807448091,143.66977607081,
    23.400000000214));
#1131 = CARTESIAN_POINT('',(1.171942060525,143.73487632183,
    23.399999999927));
#1132 = CARTESIAN_POINT('',(1.359227034866,143.78982621327,
    23.400000000015));
#1133 = CARTESIAN_POINT('',(1.752113445781,143.88140953265,
    23.399999999985));
#1134 = CARTESIAN_POINT('',(1.957790019359,143.91804290834,
    23.400000004066));
#1135 = CARTESIAN_POINT('',(2.170857656002,143.94651117795,
    23.399999967492));
#1136 = CARTESIAN_POINT('',(2.395097077132,143.96779774126,
    23.400000135541));
#1137 = CARTESIAN_POINT('',(2.612044140288,143.98293842032,
    23.399999624867));
#1138 = CARTESIAN_POINT('',(2.866914102288,143.99277473979,
    23.400000756301));
#1139 = CARTESIAN_POINT('',(3.066026428027,143.9986818714,
    23.399998833391));
#1140 = CARTESIAN_POINT('',(3.352689965276,144.00090616994,
    23.400001421079));
#1141 = CARTESIAN_POINT('',(3.5506576974,144.00157032109,23.39999859831)
  );
#1142 = CARTESIAN_POINT('',(3.822597226705,144.00033516674,
    23.400001147893));
#1143 = CARTESIAN_POINT('',(4.055558812957,143.99936666016,
    23.399999195934));
#1144 = CARTESIAN_POINT('',(4.29764620083,143.9989946162,23.400000499419
    ));
#1145 = CARTESIAN_POINT('',(4.538323701466,144.00020717911,
    23.39999971448));
#1146 = CARTESIAN_POINT('',(4.804996038507,144.0049101527,
    23.400000189639));
#1147 = CARTESIAN_POINT('',(4.824753843147,144.00525859692,
    23.400000224843));
#1148 = CARTESIAN_POINT('',(4.84457465145,144.00560815226,23.40000026016
    ));
#1149 = CARTESIAN_POINT('',(4.864458463416,144.00595881871,
    23.400000295589));
#1150 = CARTESIAN_POINT('',(4.884405279045,144.00631059628,
    23.400000331131));
#1151 = CARTESIAN_POINT('',(4.904415098336,144.00666348497,
    23.400000366784));
#1152 = CARTESIAN_POINT('',(4.92448792129,144.00701748478,23.40000040255
    ));
#1153 = CARTESIAN_POINT('',(4.944623747906,144.00737259571,
    23.400000438428));
#1154 = CARTESIAN_POINT('',(4.964822578185,144.00772881775,
    23.400000474419));
#1155 = CARTESIAN_POINT('',(4.985084412127,144.00808615092,
    23.400000510521));
#1156 = CARTESIAN_POINT('',(5.005409249732,144.0084445952,
    23.400000546736));
#1157 = CARTESIAN_POINT('',(5.025797090999,144.0088041506,
    23.400000583064));
#1158 = CARTESIAN_POINT('',(5.046247935929,144.00916481712,
    23.400000619503));
#1159 = CARTESIAN_POINT('',(5.066761784521,144.00952659476,
    23.400000656055));
#1160 = SURFACE_OF_LINEAR_EXTRUSION('',#1161,#1166);
#1161 = B_SPLINE_CURVE_WITH_KNOTS('',3,(#1162,#1163,#1164,#1165),
  .UNSPECIFIED.,.F.,.F.,(4,4),(0.,1.),.PIECEWISE_BEZIER_KNOTS.);
#1162 = CARTESIAN_POINT('',(0.,142.,0.));
#1163 = CARTESIAN_POINT('',(0.,144.,0.));
#1164 = CARTESIAN_POINT('',(2.,144.,0.));
#1165 = CARTESIAN_POINT('',(4.,144.,0.));
#1166 = VECTOR('',#1167,1.);
#1167 = DIRECTION('',(-0.,-0.,-1.));
#1168 = ADVANCED_FACE('',(#1169),#1190,.T.);
#1169 = FACE_BOUND('',#1170,.T.);
#1170 = EDGE_LOOP('',(#1171,#1172,#1173,#1182));
#1171 = ORIENTED_EDGE('',*,*,#209,.F.);
#1172 = ORIENTED_EDGE('',*,*,#1107,.T.);
#1173 = ORIENTED_EDGE('',*,*,#1174,.T.);
#1174 = EDGE_CURVE('',#1051,#1175,#1177,.T.);
#1175 = VERTEX_POINT('',#1176);
#1176 = CARTESIAN_POINT('',(7.952454829689,141.03565887773,4.8));
#1177 = B_SPLINE_CURVE_WITH_KNOTS('',3,(#1178,#1179,#1180,#1181),
  .UNSPECIFIED.,.F.,.F.,(4,4),(0.,1.),.PIECEWISE_BEZIER_KNOTS.);
#1178 = CARTESIAN_POINT('',(0.,140.,4.8));
#1179 = CARTESIAN_POINT('',(0.,148.,4.8));
#1180 = CARTESIAN_POINT('',(8.,148.,4.8));
#1181 = CARTESIAN_POINT('',(8.,140.,4.8));
#1182 = ORIENTED_EDGE('',*,*,#1183,.T.);
#1183 = EDGE_CURVE('',#1175,#210,#1184,.T.);
#1184 = B_SPLINE_CURVE_WITH_KNOTS('',4,(#1185,#1186,#1187,#1188,#1189),
  .UNSPECIFIED.,.F.,.F.,(5,5),(0.,1.),.PIECEWISE_BEZIER_KNOTS.);
#1185 = CARTESIAN_POINT('',(7.952454829689,141.03565887773,
    4.800324745791));
#1186 = CARTESIAN_POINT('',(7.952454829689,141.03565887773,
    3.600243559399));
#1187 = CARTESIAN_POINT('',(7.952454829689,141.03565887773,
    2.400162373287));
#1188 = CARTESIAN_POINT('',(7.952454829689,141.03565887773,
    1.200081186392));
#1189 = CARTESIAN_POINT('',(7.952454829689,141.03565887773,0.));
#1190 = SURFACE_OF_LINEAR_EXTRUSION('',#1191,#1196);
#1191 = B_SPLINE_CURVE_WITH_KNOTS('',3,(#1192,#1193,#1194,#1195),
  .UNSPECIFIED.,.F.,.F.,(4,4),(0.,1.),.PIECEWISE_BEZIER_KNOTS.);
#1192 = CARTESIAN_POINT('',(0.,140.,0.));
#1193 = CARTESIAN_POINT('',(0.,148.,0.));
#1194 = CARTESIAN_POINT('',(8.,148.,0.));
#1195 = CARTESIAN_POINT('',(8.,140.,0.));
#1196 = VECTOR('',#1197,1.);
#1197 = DIRECTION('',(-0.,-0.,-1.));
#1198 = ADVANCED_FACE('',(#1199),#1224,.T.);
#1199 = FACE_BOUND('',#1200,.T.);
#1200 = EDGE_LOOP('',(#1201,#1209,#1210,#1211,#1217,#1218));
#1201 = ORIENTED_EDGE('',*,*,#1202,.F.);
#1202 = EDGE_CURVE('',#219,#1203,#1205,.T.);
#1203 = VERTEX_POINT('',#1204);
#1204 = CARTESIAN_POINT('',(8.,141.,23.4));
#1205 = LINE('',#1206,#1207);
#1206 = CARTESIAN_POINT('',(8.,141.,0.));
#1207 = VECTOR('',#1208,1.);
#1208 = DIRECTION('',(0.,0.,1.));
#1209 = ORIENTED_EDGE('',*,*,#218,.F.);
#1210 = ORIENTED_EDGE('',*,*,#1183,.F.);
#1211 = ORIENTED_EDGE('',*,*,#1212,.T.);
#1212 = EDGE_CURVE('',#1175,#1041,#1213,.T.);
#1213 = LINE('',#1214,#1215);
#1214 = CARTESIAN_POINT('',(28.28969025008,125.78273231244,4.8));
#1215 = VECTOR('',#1216,1.);
#1216 = DIRECTION('',(-0.8,0.6,0.));
#1217 = ORIENTED_EDGE('',*,*,#1040,.T.);
#1218 = ORIENTED_EDGE('',*,*,#1219,.T.);
#1219 = EDGE_CURVE('',#1043,#1203,#1220,.T.);
#1220 = LINE('',#1221,#1222);
#1221 = CARTESIAN_POINT('',(4.,144.,23.4));
#1222 = VECTOR('',#1223,1.);
#1223 = DIRECTION('',(0.8,-0.6,0.));
#1224 = PLANE('',#1225);
#1225 = AXIS2_PLACEMENT_3D('',#1226,#1227,#1228);
#1226 = CARTESIAN_POINT('',(4.,144.,0.));
#1227 = DIRECTION('',(0.6,0.8,0.));
#1228 = DIRECTION('',(0.8,-0.6,0.));
#1229 = ADVANCED_FACE('',(#1230),#1280,.T.);
#1230 = FACE_BOUND('',#1231,.T.);
#1231 = EDGE_LOOP('',(#1232,#1233,#1241,#1250,#1272));
#1232 = ORIENTED_EDGE('',*,*,#234,.F.);
#1233 = ORIENTED_EDGE('',*,*,#1234,.T.);
#1234 = EDGE_CURVE('',#227,#1235,#1237,.T.);
#1235 = VERTEX_POINT('',#1236);
#1236 = CARTESIAN_POINT('',(8.,140.,4.8));
#1237 = LINE('',#1238,#1239);
#1238 = CARTESIAN_POINT('',(8.,140.,0.));
#1239 = VECTOR('',#1240,1.);
#1240 = DIRECTION('',(0.,0.,1.));
#1241 = ORIENTED_EDGE('',*,*,#1242,.T.);
#1242 = EDGE_CURVE('',#1235,#1243,#1245,.T.);
#1243 = VERTEX_POINT('',#1244);
#1244 = CARTESIAN_POINT('',(8.70251249032,135.48711915483,4.8));
#1245 = B_SPLINE_CURVE_WITH_KNOTS('',3,(#1246,#1247,#1248,#1249),
  .UNSPECIFIED.,.F.,.F.,(4,4),(0.,1.),.PIECEWISE_BEZIER_KNOTS.);
#1246 = CARTESIAN_POINT('',(8.,140.,4.8));
#1247 = CARTESIAN_POINT('',(10.,116.,4.8));
#1248 = CARTESIAN_POINT('',(35.811450188731,112.12727285165,4.8));
#1249 = CARTESIAN_POINT('',(51.503252223245,121.00236997279,4.8));
#1250 = ORIENTED_EDGE('',*,*,#1251,.T.);
#1251 = EDGE_CURVE('',#1243,#1252,#1254,.T.);
#1252 = VERTEX_POINT('',#1253);
#1253 = CARTESIAN_POINT('',(9.826338237381,131.86134774774,
    4.001201618184));
#1254 = B_SPLINE_CURVE_WITH_KNOTS('',6,(#1255,#1256,#1257,#1258,#1259,
    #1260,#1261,#1262,#1263,#1264,#1265,#1266,#1267,#1268,#1269,#1270,
    #1271),.UNSPECIFIED.,.F.,.F.,(7,5,5,7),(0.,0.173435938268,
    0.54315929825,1.),.UNSPECIFIED.);
#1255 = CARTESIAN_POINT('',(8.702347253394,135.48782374952,4.80034129335
    ));
#1256 = CARTESIAN_POINT('',(8.725053640219,135.39099479692,
    4.753433191967));
#1257 = CARTESIAN_POINT('',(8.748436773117,135.29311357193,
    4.707944636564));
#1258 = CARTESIAN_POINT('',(8.772508535242,135.19422238081,
    4.663918629551));
#1259 = CARTESIAN_POINT('',(8.797278889414,135.09436841606,
    4.621396275337));
#1260 = CARTESIAN_POINT('',(8.822755878119,134.99360375641,
    4.580416780326));
#1261 = CARTESIAN_POINT('',(8.904775809355,134.67535960416,
    4.457027641713));
#1262 = CARTESIAN_POINT('',(8.963848305273,134.45484028143,
    4.380212776832));
#1263 = CARTESIAN_POINT('',(9.026213812787,134.23100477299,
    4.310941560838));
#1264 = CARTESIAN_POINT('',(9.091884149167,134.00449188206,
    4.249507425433));
#1265 = CARTESIAN_POINT('',(9.160816572349,133.77600071937,
    4.196114011706));
#1266 = CARTESIAN_POINT('',(9.32196409927,133.26245196495,4.094944309748
    ));
#1267 = CARTESIAN_POINT('',(9.415854077709,132.97670050608,
    4.051445799754));
#1268 = CARTESIAN_POINT('',(9.514350051684,132.69048927216,
    4.020564816174));
#1269 = CARTESIAN_POINT('',(9.617145502593,132.40515898269,4.00219802143
    ));
#1270 = CARTESIAN_POINT('',(9.723847632289,132.12192166436,
    3.996026031396));
#1271 = CARTESIAN_POINT('',(9.833992404785,131.84186180854,
    4.001563133186));
#1272 = ORIENTED_EDGE('',*,*,#1273,.F.);
#1273 = EDGE_CURVE('',#235,#1252,#1274,.T.);
#1274 = B_SPLINE_CURVE_WITH_KNOTS('',4,(#1275,#1276,#1277,#1278,#1279),
  .UNSPECIFIED.,.F.,.F.,(5,5),(0.,1.),.PIECEWISE_BEZIER_KNOTS.);
#1275 = CARTESIAN_POINT('',(9.826338237381,131.86134774774,
    -3.213982770369E-04));
#1276 = CARTESIAN_POINT('',(9.826338237381,131.86134774774,
    1.199839300845));
#1277 = CARTESIAN_POINT('',(9.826338237381,131.86134774774,
    2.400000000075));
#1278 = CARTESIAN_POINT('',(9.826338237381,131.86134774774,
    3.600160699155));
#1279 = CARTESIAN_POINT('',(9.826338237381,131.86134774774,
    4.800321398277));
#1280 = SURFACE_OF_LINEAR_EXTRUSION('',#1281,#1286);
#1281 = B_SPLINE_CURVE_WITH_KNOTS('',3,(#1282,#1283,#1284,#1285),
  .UNSPECIFIED.,.F.,.F.,(4,4),(0.,1.),.PIECEWISE_BEZIER_KNOTS.);
#1282 = CARTESIAN_POINT('',(8.,140.,0.));
#1283 = CARTESIAN_POINT('',(10.,116.,0.));
#1284 = CARTESIAN_POINT('',(35.811450188731,112.12727285165,0.));
#1285 = CARTESIAN_POINT('',(51.503252223245,121.00236997279,0.));
#1286 = VECTOR('',#1287,1.);
#1287 = DIRECTION('',(-0.,-0.,-1.));
#1288 = ADVANCED_FACE('',(#1289),#1323,.T.);
#1289 = FACE_BOUND('',#1290,.T.);
#1290 = EDGE_LOOP('',(#1291,#1292,#1293,#1315));
#1291 = ORIENTED_EDGE('',*,*,#243,.F.);
#1292 = ORIENTED_EDGE('',*,*,#1273,.T.);
#1293 = ORIENTED_EDGE('',*,*,#1294,.F.);
#1294 = EDGE_CURVE('',#1295,#1252,#1297,.T.);
#1295 = VERTEX_POINT('',#1296);
#1296 = CARTESIAN_POINT('',(9.185546261289,129.1605114537,4.520875399122
    ));
#1297 = B_SPLINE_CURVE_WITH_KNOTS('',6,(#1298,#1299,#1300,#1301,#1302,
    #1303,#1304,#1305,#1306,#1307,#1308,#1309,#1310,#1311,#1312,#1313,
    #1314),.UNSPECIFIED.,.F.,.F.,(7,5,5,7),(0.,0.365250844071,
    0.672719299554,1.),.UNSPECIFIED.);
#1298 = CARTESIAN_POINT('',(9.184952910547,129.15532494786,
    4.522846541113));
#1299 = CARTESIAN_POINT('',(9.203160822826,129.31467231923,
    4.462223003767));
#1300 = CARTESIAN_POINT('',(9.223252745239,129.47640502059,
    4.405357031402));
#1301 = CARTESIAN_POINT('',(9.245458016768,129.6402919107,4.352427447065
    ));
#1302 = CARTESIAN_POINT('',(9.270040887636,129.80602934073,
    4.303611768247));
#1303 = CARTESIAN_POINT('',(9.297311320098,129.97322545526,
    4.259064927975));
#1304 = CARTESIAN_POINT('',(9.353162951802,130.28294090729,
    4.185085440043));
#1305 = CARTESIAN_POINT('',(9.380853259464,130.42517330479,
    4.154378048423));
#1306 = CARTESIAN_POINT('',(9.410925280162,130.5677869137,4.12684073115)
  );
#1307 = CARTESIAN_POINT('',(9.443623871021,130.71041593661,
    4.102520320188));
#1308 = CARTESIAN_POINT('',(9.479222171831,130.85261663355,
    4.081428042897));
#1309 = CARTESIAN_POINT('',(9.559325260186,131.14420545482,
    4.044462142095));
#1310 = CARTESIAN_POINT('',(9.604251985445,131.29345167333,
    4.029014260398));
#1311 = CARTESIAN_POINT('',(9.653171212423,131.44097135174,
    4.017124825706));
#1312 = CARTESIAN_POINT('',(9.70647032806,131.58596796659,4.008682839651
    ));
#1313 = CARTESIAN_POINT('',(9.764548476076,131.72747531448,
    4.003470405811));
#1314 = CARTESIAN_POINT('',(9.827748014181,131.86440546806,4.00114919986
    ));
#1315 = ORIENTED_EDGE('',*,*,#1316,.T.);
#1316 = EDGE_CURVE('',#1295,#244,#1317,.T.);
#1317 = B_SPLINE_CURVE_WITH_KNOTS('',4,(#1318,#1319,#1320,#1321,#1322),
  .UNSPECIFIED.,.F.,.F.,(5,5),(0.,1.),.PIECEWISE_BEZIER_KNOTS.);
#1318 = CARTESIAN_POINT('',(9.185546261289,129.1605114537,4.800324745791
    ));
#1319 = CARTESIAN_POINT('',(9.185546261289,129.1605114537,3.600162372911
    ));
#1320 = CARTESIAN_POINT('',(9.185546261289,129.1605114537,2.399999999984
    ));
#1321 = CARTESIAN_POINT('',(9.185546261289,129.1605114537,1.199837627089
    ));
#1322 = CARTESIAN_POINT('',(9.185546261289,129.1605114537,
    -3.247457908747E-04));
#1323 = SURFACE_OF_LINEAR_EXTRUSION('',#1324,#1329);
#1324 = B_SPLINE_CURVE_WITH_KNOTS('',3,(#1325,#1326,#1327,#1328),
  .UNSPECIFIED.,.F.,.F.,(4,4),(0.,1.),.PIECEWISE_BEZIER_KNOTS.);
#1325 = CARTESIAN_POINT('',(14.311317685158,132.06189286622,0.));
#1326 = CARTESIAN_POINT('',(10.,135.,0.));
#1327 = CARTESIAN_POINT('',(9.,132.,0.));
#1328 = CARTESIAN_POINT('',(9.,125.,0.));
#1329 = VECTOR('',#1330,1.);
#1330 = DIRECTION('',(-0.,-0.,-1.));
#1331 = ADVANCED_FACE('',(#1332),#1363,.T.);
#1332 = FACE_BOUND('',#1333,.T.);
#1333 = EDGE_LOOP('',(#1334,#1335,#1336,#1346,#1355));
#1334 = ORIENTED_EDGE('',*,*,#252,.F.);
#1335 = ORIENTED_EDGE('',*,*,#1316,.F.);
#1336 = ORIENTED_EDGE('',*,*,#1337,.F.);
#1337 = EDGE_CURVE('',#1338,#1295,#1340,.T.);
#1338 = VERTEX_POINT('',#1339);
#1339 = CARTESIAN_POINT('',(9.540307475856,128.51288084516,4.8));
#1340 = B_SPLINE_CURVE_WITH_KNOTS('',4,(#1341,#1342,#1343,#1344,#1345),
  .UNSPECIFIED.,.F.,.F.,(5,5),(0.,1.),.PIECEWISE_BEZIER_KNOTS.);
#1341 = CARTESIAN_POINT('',(9.540706278346,128.51217625047,4.80034129335
    ));
#1342 = CARTESIAN_POINT('',(9.449462996413,128.6733769363,4.722248760998
    ));
#1343 = CARTESIAN_POINT('',(9.358068573217,128.83835884909,4.64826590032
    ));
#1344 = CARTESIAN_POINT('',(9.266681975332,129.00710033761,
    4.578645660358));
#1345 = CARTESIAN_POINT('',(9.1754816429,129.17952093266,4.513685964993)
  );
#1346 = ORIENTED_EDGE('',*,*,#1347,.T.);
#1347 = EDGE_CURVE('',#1338,#1348,#1350,.T.);
#1348 = VERTEX_POINT('',#1349);
#1349 = CARTESIAN_POINT('',(40.989579403586,116.15745368063,4.8));
#1350 = B_SPLINE_CURVE_WITH_KNOTS('',3,(#1351,#1352,#1353,#1354),
  .UNSPECIFIED.,.F.,.F.,(4,4),(0.,1.),.PIECEWISE_BEZIER_KNOTS.);
#1351 = CARTESIAN_POINT('',(6.,139.,4.8));
#1352 = CARTESIAN_POINT('',(10.,114.,4.8));
#1353 = CARTESIAN_POINT('',(35.738245377875,111.12995592325,4.8));
#1354 = CARTESIAN_POINT('',(51.43004741239,120.00505304439,4.8));
#1355 = ORIENTED_EDGE('',*,*,#1356,.F.);
#1356 = EDGE_CURVE('',#253,#1348,#1357,.T.);
#1357 = B_SPLINE_CURVE_WITH_KNOTS('',4,(#1358,#1359,#1360,#1361,#1362),
  .UNSPECIFIED.,.F.,.F.,(5,5),(0.,1.),.PIECEWISE_BEZIER_KNOTS.);
#1358 = CARTESIAN_POINT('',(40.989579389432,116.15745367777,
    -3.247457908747E-04));
#1359 = CARTESIAN_POINT('',(40.989579389432,116.15745367777,
    1.199837627095));
#1360 = CARTESIAN_POINT('',(40.989579389432,116.15745367777,
    2.399999999972));
#1361 = CARTESIAN_POINT('',(40.989579389432,116.15745367777,
    3.600162372905));
#1362 = CARTESIAN_POINT('',(40.989579389432,116.15745367777,
    4.800324745791));
#1363 = SURFACE_OF_LINEAR_EXTRUSION('',#1364,#1369);
#1364 = B_SPLINE_CURVE_WITH_KNOTS('',3,(#1365,#1366,#1367,#1368),
  .UNSPECIFIED.,.F.,.F.,(4,4),(0.,1.),.PIECEWISE_BEZIER_KNOTS.);
#1365 = CARTESIAN_POINT('',(6.,139.,0.));
#1366 = CARTESIAN_POINT('',(10.,114.,0.));
#1367 = CARTESIAN_POINT('',(35.738245377875,111.12995592325,0.));
#1368 = CARTESIAN_POINT('',(51.43004741239,120.00505304439,0.));
#1369 = VECTOR('',#1370,1.);
#1370 = DIRECTION('',(-0.,-0.,-1.));
#1371 = ADVANCED_FACE('',(#1372),#1415,.T.);
#1372 = FACE_BOUND('',#1373,.T.);
#1373 = EDGE_LOOP('',(#1374,#1375,#1376,#1407));
#1374 = ORIENTED_EDGE('',*,*,#261,.F.);
#1375 = ORIENTED_EDGE('',*,*,#1356,.T.);
#1376 = ORIENTED_EDGE('',*,*,#1377,.F.);
#1377 = EDGE_CURVE('',#1378,#1348,#1380,.T.);
#1378 = VERTEX_POINT('',#1379);
#1379 = CARTESIAN_POINT('',(38.430575259885,116.85857090726,4.8));
#1380 = B_SPLINE_CURVE_WITH_KNOTS('',7,(#1381,#1382,#1383,#1384,#1385,
    #1386,#1387,#1388,#1389,#1390,#1391,#1392,#1393,#1394,#1395,#1396,
    #1397,#1398,#1399,#1400,#1401,#1402,#1403,#1404,#1405,#1406),
  .UNSPECIFIED.,.F.,.F.,(8,6,6,6,8),(0.,0.269068450734,0.509566100155,
    0.855765146463,1.),.UNSPECIFIED.);
#1381 = CARTESIAN_POINT('',(14.311317685158,132.06189286622,4.8));
#1382 = CARTESIAN_POINT('',(15.299888891508,131.17476431909,4.8));
#1383 = CARTESIAN_POINT('',(16.296459016185,130.2966275347,4.8));
#1384 = CARTESIAN_POINT('',(17.30211937717,129.42880393879,4.8));
#1385 = CARTESIAN_POINT('',(18.31800701378,128.57286720071,4.8));
#1386 = CARTESIAN_POINT('',(19.345322985376,127.73066502276,4.8));
#1387 = CARTESIAN_POINT('',(20.385333565689,126.90432012656,4.8));
#1388 = CARTESIAN_POINT('',(22.381454813994,125.37390917668,4.8));
#1389 = CARTESIAN_POINT('',(23.334702401366,124.66621088679,4.8));
#1390 = CARTESIAN_POINT('',(24.300030119947,123.97481419516,4.8));
#1391 = CARTESIAN_POINT('',(25.278302879087,123.30164976518,4.8));
#1392 = CARTESIAN_POINT('',(26.270298703984,122.64885207913,4.8));
#1393 = CARTESIAN_POINT('',(27.276659625466,122.01868668213,4.8));
#1394 = CARTESIAN_POINT('',(29.767772778407,120.54216330181,4.8));
#1395 = CARTESIAN_POINT('',(31.268738138513,119.72230551214,4.8));
#1396 = CARTESIAN_POINT('',(32.801345864975,118.96109480995,4.8));
#1397 = CARTESIAN_POINT('',(34.365384720901,118.26559850147,4.8));
#1398 = CARTESIAN_POINT('',(35.95944112183,117.64190646544,4.8));
#1399 = CARTESIAN_POINT('',(37.580356153896,117.09392579607,4.8));
#1400 = CARTESIAN_POINT('',(39.907442837153,116.42687073755,4.8));
#1401 = CARTESIAN_POINT('',(40.595671514857,116.24405827547,4.8));
#1402 = CARTESIAN_POINT('',(41.287415523215,116.07470606489,4.8));
#1403 = CARTESIAN_POINT('',(41.982341746378,115.91882104723,4.8));
#1404 = CARTESIAN_POINT('',(42.680111189618,115.77633111161,4.8));
#1405 = CARTESIAN_POINT('',(43.380380728711,115.64709331101,4.8));
#1406 = CARTESIAN_POINT('',(44.082804859331,115.53090207839,4.8));
#1407 = ORIENTED_EDGE('',*,*,#1408,.T.);
#1408 = EDGE_CURVE('',#1378,#262,#1409,.T.);
#1409 = B_SPLINE_CURVE_WITH_KNOTS('',4,(#1410,#1411,#1412,#1413,#1414),
  .UNSPECIFIED.,.F.,.F.,(5,5),(0.,1.),.PIECEWISE_BEZIER_KNOTS.);
#1410 = CARTESIAN_POINT('',(38.430575259885,116.85857090726,
    4.800321398277));
#1411 = CARTESIAN_POINT('',(38.430575259885,116.85857090726,
    3.600160699155));
#1412 = CARTESIAN_POINT('',(38.430575259885,116.85857090726,
    2.400000000075));
#1413 = CARTESIAN_POINT('',(38.430575259885,116.85857090726,
    1.199839300845));
#1414 = CARTESIAN_POINT('',(38.430575259885,116.85857090726,
    -3.213982770369E-04));
#1415 = SURFACE_OF_LINEAR_EXTRUSION('',#1416,#1421);
#1416 = B_SPLINE_CURVE_WITH_KNOTS('',3,(#1417,#1418,#1419,#1420),
  .UNSPECIFIED.,.F.,.F.,(4,4),(0.,1.),.PIECEWISE_BEZIER_KNOTS.);
#1417 = CARTESIAN_POINT('',(44.082804859331,115.53090207839,0.));
#1418 = CARTESIAN_POINT('',(33.185523457818,117.3334719262,0.));
#1419 = CARTESIAN_POINT('',(24.501385574304,122.91748317315,0.));
#1420 = CARTESIAN_POINT('',(14.311317685158,132.06189286622,0.));
#1421 = VECTOR('',#1422,1.);
#1422 = DIRECTION('',(-0.,-0.,-1.));
#1423 = ADVANCED_FACE('',(#1424),#1443,.T.);
#1424 = FACE_BOUND('',#1425,.T.);
#1425 = EDGE_LOOP('',(#1426,#1427,#1428,#1437));
#1426 = ORIENTED_EDGE('',*,*,#270,.F.);
#1427 = ORIENTED_EDGE('',*,*,#1408,.F.);
#1428 = ORIENTED_EDGE('',*,*,#1429,.T.);
#1429 = EDGE_CURVE('',#1378,#1430,#1432,.T.);
#1430 = VERTEX_POINT('',#1431);
#1431 = CARTESIAN_POINT('',(51.503252223245,121.00236997279,4.8));
#1432 = B_SPLINE_CURVE_WITH_KNOTS('',3,(#1433,#1434,#1435,#1436),
  .UNSPECIFIED.,.F.,.F.,(4,4),(0.,1.),.PIECEWISE_BEZIER_KNOTS.);
#1433 = CARTESIAN_POINT('',(8.,140.,4.8));
#1434 = CARTESIAN_POINT('',(10.,116.,4.8));
#1435 = CARTESIAN_POINT('',(35.811450188731,112.12727285165,4.8));
#1436 = CARTESIAN_POINT('',(51.503252223245,121.00236997279,4.8));
#1437 = ORIENTED_EDGE('',*,*,#1438,.F.);
#1438 = EDGE_CURVE('',#271,#1430,#1439,.T.);
#1439 = LINE('',#1440,#1441);
#1440 = CARTESIAN_POINT('',(51.503252223245,121.00236997279,0.));
#1441 = VECTOR('',#1442,1.);
#1442 = DIRECTION('',(0.,0.,1.));
#1443 = SURFACE_OF_LINEAR_EXTRUSION('',#1444,#1449);
#1444 = B_SPLINE_CURVE_WITH_KNOTS('',3,(#1445,#1446,#1447,#1448),
  .UNSPECIFIED.,.F.,.F.,(4,4),(0.,1.),.PIECEWISE_BEZIER_KNOTS.);
#1445 = CARTESIAN_POINT('',(8.,140.,0.));
#1446 = CARTESIAN_POINT('',(10.,116.,0.));
#1447 = CARTESIAN_POINT('',(35.811450188731,112.12727285165,0.));
#1448 = CARTESIAN_POINT('',(51.503252223245,121.00236997279,0.));
#1449 = VECTOR('',#1450,1.);
#1450 = DIRECTION('',(-0.,-0.,-1.));
#1451 = ADVANCED_FACE('',(#1452),#1473,.T.);
#1452 = FACE_BOUND('',#1453,.T.);
#1453 = EDGE_LOOP('',(#1454,#1455,#1456,#1465));
#1454 = ORIENTED_EDGE('',*,*,#279,.F.);
#1455 = ORIENTED_EDGE('',*,*,#1438,.T.);
#1456 = ORIENTED_EDGE('',*,*,#1457,.T.);
#1457 = EDGE_CURVE('',#1430,#1458,#1460,.T.);
#1458 = VERTEX_POINT('',#1459);
#1459 = CARTESIAN_POINT('',(51.73658192323,121.23960486852,4.8));
#1460 = B_SPLINE_CURVE_WITH_KNOTS('',3,(#1461,#1462,#1463,#1464),
  .UNSPECIFIED.,.F.,.F.,(4,4),(0.,1.),.PIECEWISE_BEZIER_KNOTS.);
#1461 = CARTESIAN_POINT('',(51.503252223245,121.00236997279,4.8));
#1462 = CARTESIAN_POINT('',(56.929065730365,126.62024748889,4.8));
#1463 = CARTESIAN_POINT('',(59.628197272134,122.41136534274,4.8));
#1464 = CARTESIAN_POINT('',(57.047924928494,114.57923953727,4.8));
#1465 = ORIENTED_EDGE('',*,*,#1466,.T.);
#1466 = EDGE_CURVE('',#1458,#280,#1467,.T.);
#1467 = B_SPLINE_CURVE_WITH_KNOTS('',4,(#1468,#1469,#1470,#1471,#1472),
  .UNSPECIFIED.,.F.,.F.,(5,5),(0.,1.),.PIECEWISE_BEZIER_KNOTS.);
#1468 = CARTESIAN_POINT('',(51.73658192323,121.23960486852,
    4.800324745791));
#1469 = CARTESIAN_POINT('',(51.73658192323,121.23960486852,
    3.600243559399));
#1470 = CARTESIAN_POINT('',(51.73658192323,121.23960486852,
    2.400162373287));
#1471 = CARTESIAN_POINT('',(51.73658192323,121.23960486852,
    1.200081186392));
#1472 = CARTESIAN_POINT('',(51.73658192323,121.23960486852,0.));
#1473 = SURFACE_OF_LINEAR_EXTRUSION('',#1474,#1479);
#1474 = B_SPLINE_CURVE_WITH_KNOTS('',3,(#1475,#1476,#1477,#1478),
  .UNSPECIFIED.,.F.,.F.,(4,4),(0.,1.),.PIECEWISE_BEZIER_KNOTS.);
#1475 = CARTESIAN_POINT('',(51.503252223245,121.00236997279,0.));
#1476 = CARTESIAN_POINT('',(56.929065730365,126.62024748889,0.));
#1477 = CARTESIAN_POINT('',(59.628197272134,122.41136534274,0.));
#1478 = CARTESIAN_POINT('',(57.047924928494,114.57923953727,0.));
#1479 = VECTOR('',#1480,1.);
#1480 = DIRECTION('',(-0.,-0.,-1.));
#1481 = ADVANCED_FACE('',(#1482),#1516,.T.);
#1482 = FACE_BOUND('',#1483,.T.);
#1483 = EDGE_LOOP('',(#1484,#1492,#1493,#1494,#1502,#1510));
#1484 = ORIENTED_EDGE('',*,*,#1485,.F.);
#1485 = EDGE_CURVE('',#289,#1486,#1488,.T.);
#1486 = VERTEX_POINT('',#1487);
#1487 = CARTESIAN_POINT('',(52.720183584209,123.92111594712,15.4));
#1488 = LINE('',#1489,#1490);
#1489 = CARTESIAN_POINT('',(52.720183584209,123.92111594712,0.));
#1490 = VECTOR('',#1491,1.);
#1491 = DIRECTION('',(0.,0.,1.));
#1492 = ORIENTED_EDGE('',*,*,#288,.F.);
#1493 = ORIENTED_EDGE('',*,*,#1466,.F.);
#1494 = ORIENTED_EDGE('',*,*,#1495,.T.);
#1495 = EDGE_CURVE('',#1458,#1496,#1498,.T.);
#1496 = VERTEX_POINT('',#1497);
#1497 = CARTESIAN_POINT('',(50.213116051425,117.08630707005,4.8));
#1498 = LINE('',#1499,#1500);
#1499 = CARTESIAN_POINT('',(41.154631800686,92.390917831382,4.8));
#1500 = VECTOR('',#1501,1.);
#1501 = DIRECTION('',(-0.344372210161,-0.938833201836,0.));
#1502 = ORIENTED_EDGE('',*,*,#1503,.T.);
#1503 = EDGE_CURVE('',#1496,#1504,#1506,.T.);
#1504 = VERTEX_POINT('',#1505);
#1505 = CARTESIAN_POINT('',(50.213116051425,117.08630707005,15.4));
#1506 = LINE('',#1507,#1508);
#1507 = CARTESIAN_POINT('',(50.213116051425,117.08630707005,0.));
#1508 = VECTOR('',#1509,1.);
#1509 = DIRECTION('',(0.,0.,1.));
#1510 = ORIENTED_EDGE('',*,*,#1511,.T.);
#1511 = EDGE_CURVE('',#1504,#1486,#1512,.T.);
#1512 = LINE('',#1513,#1514);
#1513 = CARTESIAN_POINT('',(50.213116051425,117.08630707005,15.4));
#1514 = VECTOR('',#1515,1.);
#1515 = DIRECTION('',(0.344372210161,0.938833201836,0.));
#1516 = PLANE('',#1517);
#1517 = AXIS2_PLACEMENT_3D('',#1518,#1519,#1520);
#1518 = CARTESIAN_POINT('',(50.213116051425,117.08630707005,0.));
#1519 = DIRECTION('',(-0.938833201836,0.344372210161,0.));
#1520 = DIRECTION('',(0.344372210161,0.938833201836,0.));
#1521 = ADVANCED_FACE('',(#1522,#1602),#1807,.T.);
#1522 = FACE_BOUND('',#1523,.T.);
#1523 = EDGE_LOOP('',(#1524,#1525,#1587,#1595,#1601));
#1524 = ORIENTED_EDGE('',*,*,#1485,.T.);
#1525 = ORIENTED_EDGE('',*,*,#1526,.T.);
#1526 = EDGE_CURVE('',#1486,#1527,#1529,.T.);
#1527 = VERTEX_POINT('',#1528);
#1528 = CARTESIAN_POINT('',(57.047924928494,114.57923953727,15.4));
#1529 = B_SPLINE_CURVE_WITH_KNOTS('',12,(#1530,#1531,#1532,#1533,#1534,
    #1535,#1536,#1537,#1538,#1539,#1540,#1541,#1542,#1543,#1544,#1545,
    #1546,#1547,#1548,#1549,#1550,#1551,#1552,#1553,#1554,#1555,#1556,
    #1557,#1558,#1559,#1560,#1561,#1562,#1563,#1564,#1565,#1566,#1567,
    #1568,#1569,#1570,#1571,#1572,#1573,#1574,#1575,#1576,#1577,#1578,
    #1579,#1580,#1581,#1582,#1583,#1584,#1585,#1586),.UNSPECIFIED.,.F.,
  .F.,(13,11,11,11,11,13),(-1.332240873755,-0.828333900473,
    6.796949602951,10.609591354663,14.422233106375,14.615536384915),
  .UNSPECIFIED.);
#1530 = CARTESIAN_POINT('',(51.514396855029,123.01266695027,
    15.40000001091));
#1531 = CARTESIAN_POINT('',(51.552834867689,123.04352555642,
    15.400000010156));
#1532 = CARTESIAN_POINT('',(51.59127288035,123.07438416258,
    15.400000009401));
#1533 = CARTESIAN_POINT('',(51.62971089301,123.10524276873,
    15.400000008647));
#1534 = CARTESIAN_POINT('',(51.66814890567,123.13610137489,
    15.400000007892));
#1535 = CARTESIAN_POINT('',(51.706586918331,123.16695998104,
    15.400000007137));
#1536 = CARTESIAN_POINT('',(51.745024930991,123.19781858719,
    15.400000006383));
#1537 = CARTESIAN_POINT('',(51.783462943651,123.22867719335,
    15.400000005628));
#1538 = CARTESIAN_POINT('',(51.821900956312,123.2595357995,
    15.400000004874));
#1539 = CARTESIAN_POINT('',(51.860338968972,123.29039440566,
    15.400000004119));
#1540 = CARTESIAN_POINT('',(51.898776981632,123.32125301181,
    15.400000003365));
#1541 = CARTESIAN_POINT('',(51.937214994293,123.35211161797,
    15.40000000261));
#1542 = CARTESIAN_POINT('',(52.55730946218,123.84993264561,
    15.399999990438));
#1543 = CARTESIAN_POINT('',(53.122317876808,124.22546903397,
    15.400000033091));
#1544 = CARTESIAN_POINT('',(53.668087822438,124.51183691251,
    15.399999920611));
#1545 = CARTESIAN_POINT('',(54.192139696536,124.71134748739,
    15.40000013661));
#1546 = CARTESIAN_POINT('',(54.691619597612,124.82607837642,
    15.399999828072));
#1547 = CARTESIAN_POINT('',(55.164379089608,124.85857566744,
    15.400000158936));
#1548 = CARTESIAN_POINT('',(55.607325881136,124.81074041306,
    15.399999893405));
#1549 = CARTESIAN_POINT('',(56.018319297211,124.68513499211,
    15.400000050015));
#1550 = CARTESIAN_POINT('',(56.394483750738,124.4838053826,
    15.399999984919));
#1551 = CARTESIAN_POINT('',(56.733376342971,124.2091039957,
    15.400000002298));
#1552 = CARTESIAN_POINT('',(57.032364434082,123.86324807743,
    15.399999999999));
#1553 = CARTESIAN_POINT('',(57.417129268595,123.24112153611,15.4));
#1554 = CARTESIAN_POINT('',(57.534764384525,123.01652204445,
    15.400000000003));
#1555 = CARTESIAN_POINT('',(57.641456639768,122.77498005551,
    15.39999999999));
#1556 = CARTESIAN_POINT('',(57.736883002896,122.51677705043,
    15.400000000022));
#1557 = CARTESIAN_POINT('',(57.82072044167,122.24219450918,
    15.399999999968));
#1558 = CARTESIAN_POINT('',(57.892645925271,121.95151391367,
    15.400000000037));
#1559 = CARTESIAN_POINT('',(57.952336420911,121.64501674327,
    15.399999999967));
#1560 = CARTESIAN_POINT('',(57.999468898008,121.32298448003,
    15.400000000023));
#1561 = CARTESIAN_POINT('',(58.033720323963,120.9856986037,
    15.399999999988));
#1562 = CARTESIAN_POINT('',(58.054767667686,120.63344059563,
    15.400000000004));
#1563 = CARTESIAN_POINT('',(58.062287897169,120.26649193628,
    15.399999999999));
#1564 = CARTESIAN_POINT('',(58.049628064529,119.50377627673,15.4));
#1565 = CARTESIAN_POINT('',(58.029446133583,119.10800376308,
    15.399999999982));
#1566 = CARTESIAN_POINT('',(57.995104115397,118.69814218062,
    15.400000000088));
#1567 = CARTESIAN_POINT('',(57.946223864133,118.27431039983,
    15.399999999803));
#1568 = CARTESIAN_POINT('',(57.882602349123,117.83714396955,
    15.400000000228));
#1569 = CARTESIAN_POINT('',(57.803756188283,117.38645122322,
    15.399999999935));
#1570 = CARTESIAN_POINT('',(57.709469940053,116.92283114624,
    15.39999999979));
#1571 = CARTESIAN_POINT('',(57.599461855873,116.44668699237,
    15.400000000367));
#1572 = CARTESIAN_POINT('',(57.473216759636,115.95773324923,
    15.399999999692));
#1573 = CARTESIAN_POINT('',(57.330654570778,115.45696842049,
    15.400000000151));
#1574 = CARTESIAN_POINT('',(57.171266213016,114.94412481086,
    15.39999999996));
#1575 = CARTESIAN_POINT('',(56.985876959944,114.39317621521,
    15.400000000005));
#1576 = CARTESIAN_POINT('',(56.976887291075,114.36656100678,
    15.399999999672));
#1577 = CARTESIAN_POINT('',(56.967853819358,114.33991647374,
    15.399999999207));
#1578 = CARTESIAN_POINT('',(56.958776618087,114.31324296825,
    15.399999998569));
#1579 = CARTESIAN_POINT('',(56.949655762444,114.28654084714,
    15.399999998248));
#1580 = CARTESIAN_POINT('',(56.940491324527,114.25981045951,
    15.399999997857));
#1581 = CARTESIAN_POINT('',(56.931283380425,114.23305216466,
    15.399999998158));
#1582 = CARTESIAN_POINT('',(56.922032002039,114.20626631094,
    15.399999998693));
#1583 = CARTESIAN_POINT('',(56.912737264873,114.17945325637,
    15.400000000066));
#1584 = CARTESIAN_POINT('',(56.903399241884,114.15261335193,
    15.400000002121));
#1585 = CARTESIAN_POINT('',(56.894018007497,114.12574695278,
    15.400000005145));
#1586 = CARTESIAN_POINT('',(56.884593635463,114.0988544121,
    15.40000000922));
#1587 = ORIENTED_EDGE('',*,*,#1588,.F.);
#1588 = EDGE_CURVE('',#1589,#1527,#1591,.T.);
#1589 = VERTEX_POINT('',#1590);
#1590 = CARTESIAN_POINT('',(57.047924928494,114.57923953727,4.8));
#1591 = LINE('',#1592,#1593);
#1592 = CARTESIAN_POINT('',(57.047924928494,114.57923953727,0.));
#1593 = VECTOR('',#1594,1.);
#1594 = DIRECTION('',(0.,0.,1.));
#1595 = ORIENTED_EDGE('',*,*,#1596,.F.);
#1596 = EDGE_CURVE('',#297,#1589,#1597,.T.);
#1597 = LINE('',#1598,#1599);
#1598 = CARTESIAN_POINT('',(57.047924928494,114.57923953727,0.));
#1599 = VECTOR('',#1600,1.);
#1600 = DIRECTION('',(0.,0.,1.));
#1601 = ORIENTED_EDGE('',*,*,#296,.F.);
#1602 = FACE_BOUND('',#1603,.T.);
#1603 = EDGE_LOOP('',(#1604));
#1604 = ORIENTED_EDGE('',*,*,#1605,.T.);
#1605 = EDGE_CURVE('',#1606,#1606,#1608,.T.);
#1606 = VERTEX_POINT('',#1607);
#1607 = CARTESIAN_POINT('',(53.569277008522,124.38253860434,
    14.444234417092));
#1608 = B_SPLINE_CURVE_WITH_KNOTS('',8,(#1609,#1610,#1611,#1612,#1613,
    #1614,#1615,#1616,#1617,#1618,#1619,#1620,#1621,#1622,#1623,#1624,
    #1625,#1626,#1627,#1628,#1629,#1630,#1631,#1632,#1633,#1634,#1635,
    #1636,#1637,#1638,#1639,#1640,#1641,#1642,#1643,#1644,#1645,#1646,
    #1647,#1648,#1649,#1650,#1651,#1652,#1653,#1654,#1655,#1656,#1657,
    #1658,#1659,#1660,#1661,#1662,#1663,#1664,#1665,#1666,#1667,#1668,
    #1669,#1670,#1671,#1672,#1673,#1674,#1675,#1676,#1677,#1678,#1679,
    #1680,#1681,#1682,#1683,#1684,#1685,#1686,#1687,#1688,#1689,#1690,
    #1691,#1692,#1693,#1694,#1695,#1696,#1697,#1698,#1699,#1700,#1701,
    #1702,#1703,#1704,#1705,#1706,#1707,#1708,#1709,#1710,#1711,#1712,
    #1713,#1714,#1715,#1716,#1717,#1718,#1719,#1720,#1721,#1722,#1723,
    #1724,#1725,#1726,#1727,#1728,#1729,#1730,#1731,#1732,#1733,#1734,
    #1735,#1736,#1737,#1738,#1739,#1740,#1741,#1742,#1743,#1744,#1745,
    #1746,#1747,#1748,#1749,#1750,#1751,#1752,#1753,#1754,#1755,#1756,
    #1757,#1758,#1759,#1760,#1761,#1762,#1763,#1764,#1765,#1766,#1767,
    #1768,#1769,#1770,#1771,#1772,#1773,#1774,#1775,#1776,#1777,#1778,
    #1779,#1780,#1781,#1782,#1783,#1784,#1785,#1786,#1787,#1788,#1789,
    #1790,#1791,#1792,#1793,#1794,#1795,#1796,#1797,#1798,#1799,#1800,
    #1801,#1802,#1803,#1804,#1805,#1806),.UNSPECIFIED.,.T.,.F.,(9,7,7,7,
    7,7,7,7,7,7,7,7,7,7,7,7,7,7,7,7,7,7,7,7,7,7,7,7,9),(0.,
    3.555927667969E-02,6.544824853761E-02,8.857331420927E-02,
    0.150317008414,0.227664056317,0.255215566402,0.28869437806,
    0.32526345862,0.363293971666,0.388034066551,0.39997950517,
    0.422631204385,0.43848492528,0.456894946951,0.479747915398,
    0.512431475425,0.54223860711,0.65034785051,0.753140815002,
    0.781695995028,0.813784769748,0.840221886197,0.852919464349,
    0.877344114525,0.898306350768,0.908492432494,0.928614744533,1.),
  .UNSPECIFIED.);
#1609 = CARTESIAN_POINT('',(53.569277008522,124.38253860434,
    14.444234417092));
#1610 = CARTESIAN_POINT('',(53.524632028429,124.36279979151,
    14.382718367878));
#1611 = CARTESIAN_POINT('',(53.481738923316,124.34327076415,
    14.31990459316));
#1612 = CARTESIAN_POINT('',(53.440570002508,124.32402184352,
    14.255888205752));
#1613 = CARTESIAN_POINT('',(53.401099099442,124.30511613296,
    14.190757152473));
#1614 = CARTESIAN_POINT('',(53.363301243001,124.2866100742,
    14.12459236679));
#1615 = CARTESIAN_POINT('',(53.327152328856,124.26855400385,
    14.057467921467));
#1616 = CARTESIAN_POINT('',(53.292628790805,124.2509927097,
    13.989451181207));
#1617 = CARTESIAN_POINT('',(53.232035439673,124.21965435665,
    13.862733311182));
#1618 = CARTESIAN_POINT('',(53.205496220489,124.2057207856,
    13.804277725573));
#1619 = CARTESIAN_POINT('',(53.180076235109,124.19218907429,
    13.745273069238));
#1620 = CARTESIAN_POINT('',(53.155762957654,124.17908087966,
    13.685754402761));
#1621 = CARTESIAN_POINT('',(53.132544636764,124.16641585884,
    13.625754996223));
#1622 = CARTESIAN_POINT('',(53.110410216553,124.15421181278,
    13.565306348864));
#1623 = CARTESIAN_POINT('',(53.089349257553,124.14248482974,
    13.504438208762));
#1624 = CARTESIAN_POINT('',(53.053879890697,124.12255661124,
    13.395782092686));
#1625 = CARTESIAN_POINT('',(53.039044664936,124.11415813549,
    13.348151525743));
#1626 = CARTESIAN_POINT('',(53.024841678382,124.10606069366,
    13.300299994076));
#1627 = CARTESIAN_POINT('',(53.011266682425,124.09827050652,
    13.25224022424));
#1628 = CARTESIAN_POINT('',(52.998315681855,124.09079332352,
    13.203984566948));
#1629 = CARTESIAN_POINT('',(52.985984934863,124.08363442285,
    13.155544997067));
#1630 = CARTESIAN_POINT('',(52.974270953035,124.07679861141,
    13.106933113618));
#1631 = CARTESIAN_POINT('',(52.933532406342,124.05291289765,
    12.927936787117));
#1632 = CARTESIAN_POINT('',(52.908269322392,124.03787070374,
    12.796570975986));
#1633 = CARTESIAN_POINT('',(52.887317244884,124.02524587925,
    12.664270026768));
#1634 = CARTESIAN_POINT('',(52.870628009973,124.01510155684,
    12.531234137165));
#1635 = CARTESIAN_POINT('',(52.858166113259,124.00748321706,
    12.397656772355));
#1636 = CARTESIAN_POINT('',(52.84990727941,124.00242002061,
    12.263724843909));
#1637 = CARTESIAN_POINT('',(52.845838782715,123.99992602115,
    12.129618677461));
#1638 = CARTESIAN_POINT('',(52.846115271294,124.00009551035,
    11.82751447657));
#1639 = CARTESIAN_POINT('',(52.852846311794,124.0042216067,
    11.659541683064));
#1640 = CARTESIAN_POINT('',(52.866152424976,124.01237755634,
    11.491924622111));
#1641 = CARTESIAN_POINT('',(52.886067543238,124.02452804447,
    11.325017032321));
#1642 = CARTESIAN_POINT('',(52.912652948785,124.04060006204,
    11.159193750308));
#1643 = CARTESIAN_POINT('',(52.9459958517,124.06047802224,
    10.994850517659));
#1644 = CARTESIAN_POINT('',(52.986215343806,124.08399836467,
    10.832405002007));
#1645 = CARTESIAN_POINT('',(53.050310177675,124.12054172788,
    10.615268268122));
#1646 = CARTESIAN_POINT('',(53.068037309846,124.13057386685,
    10.558536876993));
#1647 = CARTESIAN_POINT('',(53.086664094271,124.14103016892,
    10.502125751927));
#1648 = CARTESIAN_POINT('',(53.106198010064,124.15189954151,
    10.446056876726));
#1649 = CARTESIAN_POINT('',(53.126647046018,124.16316969439,
    10.390353325889));
#1650 = CARTESIAN_POINT('',(53.148019700604,124.17482713977,
    10.33503926461));
#1651 = CARTESIAN_POINT('',(53.170324981971,124.18685719223,
    10.280139948779));
#1652 = CARTESIAN_POINT('',(53.221821175196,124.2142955778,
    10.159507616483));
#1653 = CARTESIAN_POINT('',(53.251460554919,124.22987349349,
    10.093986079068));
#1654 = CARTESIAN_POINT('',(53.282508226921,124.24594906478,
    10.029163657641));
#1655 = CARTESIAN_POINT('',(53.31498235967,124.26249028314,
    9.965091088644));
#1656 = CARTESIAN_POINT('',(53.348901819578,124.27946142614,
    9.901823379794));
#1657 = CARTESIAN_POINT('',(53.384286380292,124.29682270119,
    9.83941988982));
#1658 = CARTESIAN_POINT('',(53.421156931981,124.31452988913,
    9.777944408202));
#1659 = CARTESIAN_POINT('',(53.501457008826,124.35219995894,
    9.651403518519));
#1660 = CARTESIAN_POINT('',(53.54517479968,124.37221879889,
    9.586535031611));
#1661 = CARTESIAN_POINT('',(53.590720037154,124.39252741104,
    9.522946297001));
#1662 = CARTESIAN_POINT('',(53.638121760161,124.41305407431,9.4607361853
    ));
#1663 = CARTESIAN_POINT('',(53.687407486404,124.43371764264,
    9.400016218371));
#1664 = CARTESIAN_POINT('',(53.73860362623,124.45442674436,
    9.340910872798));
#1665 = CARTESIAN_POINT('',(53.791735896474,124.47507898159,
    9.283557883347));
#1666 = CARTESIAN_POINT('',(53.904125320825,124.51685977805,
    9.170443253835));
#1667 = CARTESIAN_POINT('',(53.963530058415,124.53796972973,
    9.114849636585));
#1668 = CARTESIAN_POINT('',(54.025079086575,124.55876443541,
    9.061489249234));
#1669 = CARTESIAN_POINT('',(54.088792815445,124.57909811691,
    9.010559794938));
#1670 = CARTESIAN_POINT('',(54.154674081477,124.59880397013,
    8.96229124303));
#1671 = CARTESIAN_POINT('',(54.222706209423,124.61769456474,
    8.916943467663));
#1672 = CARTESIAN_POINT('',(54.292851980639,124.63556344058,
    8.87480540751));
#1673 = CARTESIAN_POINT('',(54.412022966898,124.66300265684,
    8.811078896923));
#1674 = CARTESIAN_POINT('',(54.459855034071,124.67328894317,
    8.787459345331));
#1675 = CARTESIAN_POINT('',(54.508529717145,124.68298535995,
    8.765425515178));
#1676 = CARTESIAN_POINT('',(54.558016476539,124.69202562419,
    8.745074712754));
#1677 = CARTESIAN_POINT('',(54.608273161808,124.70034047509,
    8.726510606534));
#1678 = CARTESIAN_POINT('',(54.659244948282,124.70785957925,
    8.709840706515));
#1679 = CARTESIAN_POINT('',(54.710863273703,124.71451343607,
    8.695173843546));
#1680 = CARTESIAN_POINT('',(54.788239945781,124.72299800364,
    8.67655505044));
#1681 = CARTESIAN_POINT('',(54.813565721155,124.72554339907,
    8.670984648847));
#1682 = CARTESIAN_POINT('',(54.839012205999,124.72786398224,
    8.665918552871));
#1683 = CARTESIAN_POINT('',(54.864568567165,124.7299524598,
    8.661368750663));
#1684 = CARTESIAN_POINT('',(54.890223004113,124.73180183867,
    8.657346948995));
#1685 = CARTESIAN_POINT('',(54.915962719669,124.73340553245,
    8.653864412723));
#1686 = CARTESIAN_POINT('',(54.941773890791,124.734757468,8.650931804246
    ));
#1687 = CARTESIAN_POINT('',(55.016693706667,124.73792807695,
    8.644059604429));
#1688 = CARTESIAN_POINT('',(55.065957160883,124.73907943996,
    8.641572683412));
#1689 = CARTESIAN_POINT('',(55.115321462351,124.73926818723,
    8.641166954175));
#1690 = CARTESIAN_POINT('',(55.164670196142,124.73846576915,
    8.642899172527));
#1691 = CARTESIAN_POINT('',(55.213881432795,124.73665500794,
    8.646810551212));
#1692 = CARTESIAN_POINT('',(55.262828089073,124.73383192535,
    8.652923155288));
#1693 = CARTESIAN_POINT('',(55.311378288731,124.73000757038,
    8.66123629751));
#1694 = CARTESIAN_POINT('',(55.393002694569,124.72185196349,
    8.67906243624));
#1695 = CARTESIAN_POINT('',(55.426352711813,124.71801686673,
    8.687467399053));
#1696 = CARTESIAN_POINT('',(55.459400220296,124.71371375179,
    8.696928977935));
#1697 = CARTESIAN_POINT('',(55.492103146539,124.70895527753,
    8.707432996819));
#1698 = CARTESIAN_POINT('',(55.52442276693,124.70375722116,
    8.718960269852));
#1699 = CARTESIAN_POINT('',(55.556323576373,124.69813813297,
    8.731486923453));
#1700 = CARTESIAN_POINT('',(55.587773156922,124.69211899085,
    8.744984718372));
#1701 = CARTESIAN_POINT('',(55.654704451142,124.67829538727,
    8.776185833754));
#1702 = CARTESIAN_POINT('',(55.690020944634,124.6703590214,
    8.794217450826));
#1703 = CARTESIAN_POINT('',(55.72464707334,124.66194952268,
    8.813466529368));
#1704 = CARTESIAN_POINT('',(55.758548054717,124.65310508284,
    8.833878711122));
#1705 = CARTESIAN_POINT('',(55.791697779269,124.64386534801,
    8.855396405357));
#1706 = CARTESIAN_POINT('',(55.824077812569,124.63427044666,
    8.877960221057));
#1707 = CARTESIAN_POINT('',(55.855676397285,124.62436001767,
    8.901510399099));
#1708 = CARTESIAN_POINT('',(55.924734239873,124.60152581081,
    8.956373402995));
#1709 = CARTESIAN_POINT('',(55.961766970383,124.58845212245,
    8.988187649789));
#1710 = CARTESIAN_POINT('',(55.997578976588,124.57502342918,
    9.021321512761));
#1711 = CARTESIAN_POINT('',(56.032175709122,124.56130821751,
    9.055668731823));
#1712 = CARTESIAN_POINT('',(56.06557273735,124.54737042475,
    9.091128139564));
#1713 = CARTESIAN_POINT('',(56.097793747319,124.53326865939,
    9.127605541956));
#1714 = CARTESIAN_POINT('',(56.128868539706,124.51905542146,
    9.16501559906));
#1715 = CARTESIAN_POINT('',(56.201682387713,124.48435482821,
    9.25801348686));
#1716 = CARTESIAN_POINT('',(56.242250765623,124.46380258094,
    9.314487780625));
#1717 = CARTESIAN_POINT('',(56.280643135347,124.44325201827,
    9.372493197405));
#1718 = CARTESIAN_POINT('',(56.316967407952,124.42281616033,
    9.431839404317));
#1719 = CARTESIAN_POINT('',(56.351331195477,124.40259005534,
    9.49236010962));
#1720 = CARTESIAN_POINT('',(56.383840574705,124.38265222486,
    9.553914047121));
#1721 = CARTESIAN_POINT('',(56.414598850928,124.36306610897,
    9.616385960585));
#1722 = CARTESIAN_POINT('',(56.47025017812,124.32638531988,9.73741813973
    ));
#1723 = CARTESIAN_POINT('',(56.495417274196,124.30922583073,
    9.795830040743));
#1724 = CARTESIAN_POINT('',(56.51928015814,124.29244240778,
    9.854851069067));
#1725 = CARTESIAN_POINT('',(56.541906097225,124.27606834531,
    9.914416994911));
#1726 = CARTESIAN_POINT('',(56.563356730036,124.26013154836,
    9.974471414222));
#1727 = CARTESIAN_POINT('',(56.583688718694,124.24465521308,
    10.034965582113));
#1728 = CARTESIAN_POINT('',(56.602954401082,124.22965850705,
    10.095858246283));
#1729 = CARTESIAN_POINT('',(56.687387342527,124.16256178416,
    10.379292954861));
#1730 = CARTESIAN_POINT('',(56.740109405593,124.11654387518,
    10.606012824086));
#1731 = CARTESIAN_POINT('',(56.78181594587,124.07776265882,
    10.835929380785));
#1732 = CARTESIAN_POINT('',(56.81386245586,124.04657302302,
    11.068022357179));
#1733 = CARTESIAN_POINT('',(56.837253352656,124.02315566978,
    11.301481136807));
#1734 = CARTESIAN_POINT('',(56.852584649192,124.00757556932,
    11.535720605131));
#1735 = CARTESIAN_POINT('',(56.860191535283,123.99984894497,
    11.770352621142));
#1736 = CARTESIAN_POINT('',(56.859898184164,124.00014692784,
    12.228505003694));
#1737 = CARTESIAN_POINT('',(56.852742448832,124.00741542204,
    12.45163365406));
#1738 = CARTESIAN_POINT('',(56.838589827594,124.02178838431,
    12.674406570783));
#1739 = CARTESIAN_POINT('',(56.817163864192,124.04324913477,
    12.89647939239));
#1740 = CARTESIAN_POINT('',(56.787966094868,124.07174037986,
    13.117356136129));
#1741 = CARTESIAN_POINT('',(56.750179394883,124.10711669403,
    13.3363721431));
#1742 = CARTESIAN_POINT('',(56.702683507121,124.14910044985,
    13.552700219771));
#1743 = CARTESIAN_POINT('',(56.627120416164,124.21055273763,
    13.824329194036));
#1744 = CARTESIAN_POINT('',(56.60979871395,124.22438069283,
    13.883077781252));
#1745 = CARTESIAN_POINT('',(56.591543223428,124.23866468669,
    13.941495441908));
#1746 = CARTESIAN_POINT('',(56.57231135601,124.25339016763,
    13.999549715127));
#1747 = CARTESIAN_POINT('',(56.552056962629,124.26853969758,
    14.057202731254));
#1748 = CARTESIAN_POINT('',(56.530729806022,124.28409247145,
    14.114411082349));
#1749 = CARTESIAN_POINT('',(56.508275033039,124.30002383666,
    14.171125692682));
#1750 = CARTESIAN_POINT('',(56.458064605644,124.33460049749,
    14.290408013771));
#1751 = CARTESIAN_POINT('',(56.430000233326,124.35333525609,
    14.352823419211));
#1752 = CARTESIAN_POINT('',(56.400352403819,124.37246944859,
    14.414465547551));
#1753 = CARTESIAN_POINT('',(56.369029538014,124.39195318005,
    14.475241201064));
#1754 = CARTESIAN_POINT('',(56.335935821569,124.41172487026,
    14.535036667307));
#1755 = CARTESIAN_POINT('',(56.300971422626,124.43170982342,
    14.593718044133));
#1756 = CARTESIAN_POINT('',(56.264032709525,124.45181879795,
    14.651131564708));
#1757 = CARTESIAN_POINT('',(56.192864695224,124.48852933505,
    14.753218109006));
#1758 = CARTESIAN_POINT('',(56.159308876073,124.50512239928,
    14.798347091053));
#1759 = CARTESIAN_POINT('',(56.124286366567,124.52166659373,
    14.842393276283));
#1760 = CARTESIAN_POINT('',(56.087743614172,124.53809236453,
    14.88524092428));
#1761 = CARTESIAN_POINT('',(56.049634072676,124.55431926871,
    14.926757942795));
#1762 = CARTESIAN_POINT('',(56.009921032862,124.57025638994,
    14.96679835561));
#1763 = CARTESIAN_POINT('',(55.968581369494,124.58580368011,
    15.005205442066));
#1764 = CARTESIAN_POINT('',(55.904971428616,124.60808290849,
    15.059399148386));
#1765 = CARTESIAN_POINT('',(55.883957226463,124.61519667083,
    15.076567420558));
#1766 = CARTESIAN_POINT('',(55.862567761014,124.62218349088,
    15.093301789938));
#1767 = CARTESIAN_POINT('',(55.84080441772,124.62903091194,
    15.109583199581));
#1768 = CARTESIAN_POINT('',(55.818669969795,124.63572616745,
    15.125392312864));
#1769 = CARTESIAN_POINT('',(55.7961687434,124.64225630485,
    15.140709715913));
#1770 = CARTESIAN_POINT('',(55.773306782819,124.64860830931,
    15.155516120042));
#1771 = CARTESIAN_POINT('',(55.705436841224,124.66662017047,
    15.197254269845));
#1772 = CARTESIAN_POINT('',(55.659465942528,124.67776678588,
    15.22276124051));
#1773 = CARTESIAN_POINT('',(55.612247322593,124.6881132572,
    15.246169939252));
#1774 = CARTESIAN_POINT('',(55.563866350814,124.69756856276,
    15.267350315335));
#1775 = CARTESIAN_POINT('',(55.514427704807,124.70605021089,
    15.286189993046));
#1776 = CARTESIAN_POINT('',(55.464057312289,124.71348797501,
    15.302598460525));
#1777 = CARTESIAN_POINT('',(55.412904292939,124.71982762871,
    15.316511258605));
#1778 = CARTESIAN_POINT('',(55.316719150762,124.72950358638,
    15.337663450614));
#1779 = CARTESIAN_POINT('',(55.271836857186,124.73313933412,
    15.34557157087));
#1780 = CARTESIAN_POINT('',(55.226603143188,124.73591966799,
    15.35159683945));
#1781 = CARTESIAN_POINT('',(55.18112239932,124.73783456496,
    15.355736763744));
#1782 = CARTESIAN_POINT('',(55.135496006979,124.7388850746,
    15.358005692342));
#1783 = CARTESIAN_POINT('',(55.089822062348,124.73908215882,
    15.358432457886));
#1784 = CARTESIAN_POINT('',(55.044195100331,124.73844553155,
    15.357058019927));
#1785 = CARTESIAN_POINT('',(54.976601423851,124.73630129199,
    15.352414633777));
#1786 = CARTESIAN_POINT('',(54.95452826331,124.73540957902,
    15.350482692261));
#1787 = CARTESIAN_POINT('',(54.93249597572,124.73433052698,
    15.348143173357));
#1788 = CARTESIAN_POINT('',(54.910513681716,124.7330675718,
    15.345402283236));
#1789 = CARTESIAN_POINT('',(54.888589983718,124.73162441775,
    15.342266544109));
#1790 = CARTESIAN_POINT('',(54.866732965934,124.73000503749,
    15.338742794227));
#1791 = CARTESIAN_POINT('',(54.844950194357,124.72821367207,
    15.334838187876));
#1792 = CARTESIAN_POINT('',(54.780378070765,124.7223851964,
    15.322109144023));
#1793 = CARTESIAN_POINT('',(54.737825469744,124.71786181376,
    15.312200740903));
#1794 = CARTESIAN_POINT('',(54.695643841548,124.71271876833,
    15.300891470171));
#1795 = CARTESIAN_POINT('',(54.653878639729,124.70699234764,
    15.288239715719));
#1796 = CARTESIAN_POINT('',(54.612568281817,124.70072012024,
    15.274304497534));
#1797 = CARTESIAN_POINT('',(54.571744587583,124.69394001444,
    15.259144208053));
#1798 = CARTESIAN_POINT('',(54.531433217312,124.6866893971,
    15.242815348514));
#1799 = CARTESIAN_POINT('',(54.350535051429,124.65174022978,
    15.163487206793));
#1800 = CARTESIAN_POINT('',(54.216419492446,124.61906625115,
    15.087703076545));
#1801 = CARTESIAN_POINT('',(54.089695118752,124.58254380653,
    15.000312947594));
#1802 = CARTESIAN_POINT('',(53.970622271497,124.5435550756,
    14.903186833709));
#1803 = CARTESIAN_POINT('',(53.859249777451,124.5032586449,
    14.797912108804));
#1804 = CARTESIAN_POINT('',(53.755433086713,124.46256784126,
    14.685781762734));
#1805 = CARTESIAN_POINT('',(53.658895967632,124.42216168975,
    14.567719841152));
#1806 = CARTESIAN_POINT('',(53.569277008522,124.38253860434,
    14.444234417092));
#1807 = SURFACE_OF_LINEAR_EXTRUSION('',#1808,#1813);
#1808 = B_SPLINE_CURVE_WITH_KNOTS('',3,(#1809,#1810,#1811,#1812),
  .UNSPECIFIED.,.F.,.F.,(4,4),(0.,1.),.PIECEWISE_BEZIER_KNOTS.);
#1809 = CARTESIAN_POINT('',(52.720183584209,123.92111594712,0.));
#1810 = CARTESIAN_POINT('',(56.929065730365,126.62024748889,0.));
#1811 = CARTESIAN_POINT('',(59.628197272134,122.41136534274,0.));
#1812 = CARTESIAN_POINT('',(57.047924928494,114.57923953727,0.));
#1813 = VECTOR('',#1814,1.);
#1814 = DIRECTION('',(-0.,-0.,-1.));
#1815 = ADVANCED_FACE('',(#1816),#1868,.T.);
#1816 = FACE_BOUND('',#1817,.T.);
#1817 = EDGE_LOOP('',(#1818,#1819,#1820,#1829,#1860,#1867));
#1818 = ORIENTED_EDGE('',*,*,#305,.F.);
#1819 = ORIENTED_EDGE('',*,*,#1596,.T.);
#1820 = ORIENTED_EDGE('',*,*,#1821,.T.);
#1821 = EDGE_CURVE('',#1589,#1822,#1824,.T.);
#1822 = VERTEX_POINT('',#1823);
#1823 = CARTESIAN_POINT('',(50.689543571242,21.487119154833,4.8));
#1824 = B_SPLINE_CURVE_WITH_KNOTS('',3,(#1825,#1826,#1827,#1828),
  .UNSPECIFIED.,.F.,.F.,(4,4),(0.,1.),.PIECEWISE_BEZIER_KNOTS.);
#1825 = CARTESIAN_POINT('',(57.047924928494,114.57923953727,4.8));
#1826 = CARTESIAN_POINT('',(52.564327502608,80.816873593481,4.8));
#1827 = CARTESIAN_POINT('',(51.118335249188,33.796568337102,4.8));
#1828 = CARTESIAN_POINT('',(50.212327095338,7.79312338792,4.8));
#1829 = ORIENTED_EDGE('',*,*,#1830,.T.);
#1830 = EDGE_CURVE('',#1822,#1831,#1833,.T.);
#1831 = VERTEX_POINT('',#1832);
#1832 = CARTESIAN_POINT('',(50.444631881216,14.512880845167,4.8));
#1833 = B_SPLINE_CURVE_WITH_KNOTS('',5,(#1834,#1835,#1836,#1837,#1838,
    #1839,#1840,#1841,#1842,#1843,#1844,#1845,#1846,#1847,#1848,#1849,
    #1850,#1851,#1852,#1853,#1854,#1855,#1856,#1857,#1858,#1859),
  .UNSPECIFIED.,.F.,.F.,(6,4,4,4,4,4,6),(0.,0.179148713983,
    0.281995175187,0.501449733147,0.718126519999,0.820938506642,1.),
  .UNSPECIFIED.);
#1834 = CARTESIAN_POINT('',(50.68956880442,21.487823749527,4.80034129335
    ));
#1835 = CARTESIAN_POINT('',(50.681678424889,21.267498503933,
    4.693606286107));
#1836 = CARTESIAN_POINT('',(50.673558918486,21.040357567452,
    4.593975650877));
#1837 = CARTESIAN_POINT('',(50.665221361414,20.806669917103,
    4.502094626187));
#1838 = CARTESIAN_POINT('',(50.656682502298,20.566868043461,
    4.418650037397));
#1839 = CARTESIAN_POINT('',(50.64296344475,20.180824033503,
    4.301581170054));
#1840 = CARTESIAN_POINT('',(50.637901722589,20.038234340882,
    4.261874753081));
#1841 = CARTESIAN_POINT('',(50.63278644668,19.89397625094,4.225278356667
    ));
#1842 = CARTESIAN_POINT('',(50.627623052036,19.748199367571,
    4.191905075129));
#1843 = CARTESIAN_POINT('',(50.611310888868,19.287153837438,
    4.097728410177));
#1844 = CARTESIAN_POINT('',(50.600012211048,18.967076721649,
    4.04871964455));
#1845 = CARTESIAN_POINT('',(50.588585969963,18.642641005805,
    4.015802994737));
#1846 = CARTESIAN_POINT('',(50.577104538665,18.315914691387,
    3.999569231756));
#1847 = CARTESIAN_POINT('',(50.554339582368,17.666767080608,
    4.000439606588));
#1848 = CARTESIAN_POINT('',(50.543052556476,17.344262695869,
    4.017124411012));
#1849 = CARTESIAN_POINT('',(50.531866930156,17.02404218511,
    4.050058090561));
#1850 = CARTESIAN_POINT('',(50.520849483522,16.708093712566,
    4.098667189976));
#1851 = CARTESIAN_POINT('',(50.504936706775,16.25107301399,4.19206894317
    ));
#1852 = CARTESIAN_POINT('',(50.499866424498,16.105345378945,
    4.225445002453));
#1853 = CARTESIAN_POINT('',(50.494852427456,15.961135690873,
    4.262042045343));
#1854 = CARTESIAN_POINT('',(50.489899598901,15.818593440977,
    4.301747079671));
#1855 = CARTESIAN_POINT('',(50.476499690617,15.432713843215,
    4.418795597642));
#1856 = CARTESIAN_POINT('',(50.468185333419,15.193025155135,
    4.502214556108));
#1857 = CARTESIAN_POINT('',(50.460090465178,14.959445124413,
    4.594062204665));
#1858 = CARTESIAN_POINT('',(50.452228518398,14.732405877,4.693652608088)
  );
#1859 = CARTESIAN_POINT('',(50.444607498781,14.512176250473,
    4.80034129335));
#1860 = ORIENTED_EDGE('',*,*,#1861,.T.);
#1861 = EDGE_CURVE('',#1831,#706,#1862,.T.);
#1862 = B_SPLINE_CURVE_WITH_KNOTS('',3,(#1863,#1864,#1865,#1866),
  .UNSPECIFIED.,.F.,.F.,(4,4),(0.,1.),.PIECEWISE_BEZIER_KNOTS.);
#1863 = CARTESIAN_POINT('',(57.047924928494,114.57923953727,4.8));
#1864 = CARTESIAN_POINT('',(52.564327502608,80.816873593481,4.8));
#1865 = CARTESIAN_POINT('',(51.118335249188,33.796568337102,4.8));
#1866 = CARTESIAN_POINT('',(50.212327095338,7.79312338792,4.8));
#1867 = ORIENTED_EDGE('',*,*,#723,.F.);
#1868 = SURFACE_OF_LINEAR_EXTRUSION('',#1869,#1874);
#1869 = B_SPLINE_CURVE_WITH_KNOTS('',3,(#1870,#1871,#1872,#1873),
  .UNSPECIFIED.,.F.,.F.,(4,4),(0.,1.),.PIECEWISE_BEZIER_KNOTS.);
#1870 = CARTESIAN_POINT('',(57.047924928494,114.57923953727,0.));
#1871 = CARTESIAN_POINT('',(52.564327502608,80.816873593481,0.));
#1872 = CARTESIAN_POINT('',(51.118335249188,33.796568337102,0.));
#1873 = CARTESIAN_POINT('',(50.212327095338,7.79312338792,0.));
#1874 = VECTOR('',#1875,1.);
#1875 = DIRECTION('',(-0.,-0.,-1.));
#1876 = ADVANCED_FACE('',(#1877),#1889,.T.);
#1877 = FACE_BOUND('',#1878,.T.);
#1878 = EDGE_LOOP('',(#1879,#1880,#1887,#1888));
#1879 = ORIENTED_EDGE('',*,*,#659,.T.);
#1880 = ORIENTED_EDGE('',*,*,#1881,.T.);
#1881 = EDGE_CURVE('',#652,#965,#1882,.T.);
#1882 = B_SPLINE_CURVE_WITH_KNOTS('',3,(#1883,#1884,#1885,#1886),
  .UNSPECIFIED.,.F.,.F.,(4,4),(0.,1.),.PIECEWISE_BEZIER_KNOTS.);
#1883 = CARTESIAN_POINT('',(4.,0.,4.8));
#1884 = CARTESIAN_POINT('',(1.8,0.,4.8));
#1885 = CARTESIAN_POINT('',(0.,1.8,4.8));
#1886 = CARTESIAN_POINT('',(0.,4.,4.8));
#1887 = ORIENTED_EDGE('',*,*,#964,.F.);
#1888 = ORIENTED_EDGE('',*,*,#330,.F.);
#1889 = SURFACE_OF_LINEAR_EXTRUSION('',#1890,#1895);
#1890 = B_SPLINE_CURVE_WITH_KNOTS('',3,(#1891,#1892,#1893,#1894),
  .UNSPECIFIED.,.F.,.F.,(4,4),(0.,1.),.PIECEWISE_BEZIER_KNOTS.);
#1891 = CARTESIAN_POINT('',(4.,0.,0.));
#1892 = CARTESIAN_POINT('',(1.8,0.,0.));
#1893 = CARTESIAN_POINT('',(0.,1.8,0.));
#1894 = CARTESIAN_POINT('',(0.,4.,0.));
#1895 = VECTOR('',#1896,1.);
#1896 = DIRECTION('',(-0.,-0.,-1.));
#1897 = ADVANCED_FACE('',(#1898),#1925,.T.);
#1898 = FACE_BOUND('',#1899,.T.);
#1899 = EDGE_LOOP('',(#1900,#1901,#1911,#1919));
#1900 = ORIENTED_EDGE('',*,*,#339,.F.);
#1901 = ORIENTED_EDGE('',*,*,#1902,.F.);
#1902 = EDGE_CURVE('',#1903,#340,#1905,.T.);
#1903 = VERTEX_POINT('',#1904);
#1904 = CARTESIAN_POINT('',(8.999999999999,120.92252239423,4.8));
#1905 = B_SPLINE_CURVE_WITH_KNOTS('',4,(#1906,#1907,#1908,#1909,#1910),
  .UNSPECIFIED.,.F.,.F.,(5,5),(0.,1.),.PIECEWISE_BEZIER_KNOTS.);
#1906 = CARTESIAN_POINT('',(9.,120.92252239423,4.8));
#1907 = CARTESIAN_POINT('',(9.,120.92252239423,3.600000000112));
#1908 = CARTESIAN_POINT('',(9.,120.92252239423,2.4));
#1909 = CARTESIAN_POINT('',(9.,120.92252239423,1.199999999888));
#1910 = CARTESIAN_POINT('',(9.,120.92252239423,0.));
#1911 = ORIENTED_EDGE('',*,*,#1912,.F.);
#1912 = EDGE_CURVE('',#1913,#1903,#1915,.T.);
#1913 = VERTEX_POINT('',#1914);
#1914 = CARTESIAN_POINT('',(9.,90.,4.8));
#1915 = LINE('',#1916,#1917);
#1916 = CARTESIAN_POINT('',(9.,97.702573335308,4.8));
#1917 = VECTOR('',#1918,1.);
#1918 = DIRECTION('',(0.,1.,0.));
#1919 = ORIENTED_EDGE('',*,*,#1920,.F.);
#1920 = EDGE_CURVE('',#342,#1913,#1921,.T.);
#1921 = LINE('',#1922,#1923);
#1922 = CARTESIAN_POINT('',(9.,90.,0.));
#1923 = VECTOR('',#1924,1.);
#1924 = DIRECTION('',(0.,0.,1.));
#1925 = PLANE('',#1926);
#1926 = AXIS2_PLACEMENT_3D('',#1927,#1928,#1929);
#1927 = CARTESIAN_POINT('',(9.,125.,0.));
#1928 = DIRECTION('',(1.,0.,0.));
#1929 = DIRECTION('',(0.,-1.,0.));
#1930 = ADVANCED_FACE('',(#1931),#1972,.T.);
#1931 = FACE_BOUND('',#1932,.T.);
#1932 = EDGE_LOOP('',(#1933,#1934,#1935,#1966));
#1933 = ORIENTED_EDGE('',*,*,#349,.F.);
#1934 = ORIENTED_EDGE('',*,*,#1920,.T.);
#1935 = ORIENTED_EDGE('',*,*,#1936,.F.);
#1936 = EDGE_CURVE('',#1937,#1913,#1939,.T.);
#1937 = VERTEX_POINT('',#1938);
#1938 = CARTESIAN_POINT('',(11.707614760039,83.056530848035,4.8));
#1939 = B_SPLINE_CURVE_WITH_KNOTS('',7,(#1940,#1941,#1942,#1943,#1944,
    #1945,#1946,#1947,#1948,#1949,#1950,#1951,#1952,#1953,#1954,#1955,
    #1956,#1957,#1958,#1959,#1960,#1961,#1962,#1963,#1964,#1965),
  .UNSPECIFIED.,.F.,.F.,(8,6,6,6,8),(0.,0.198359073076,0.532788986645,
    0.824240532666,1.),.UNSPECIFIED.);
#1940 = CARTESIAN_POINT('',(11.707614760039,83.056530848035,4.8));
#1941 = CARTESIAN_POINT('',(11.564655451175,83.219235582888,4.8));
#1942 = CARTESIAN_POINT('',(11.424052482377,83.383957402823,4.8));
#1943 = CARTESIAN_POINT('',(11.286059301101,83.550855362155,4.8));
#1944 = CARTESIAN_POINT('',(11.150957544497,83.72008004403,4.8));
#1945 = CARTESIAN_POINT('',(11.019048582066,83.89176702722,4.8));
#1946 = CARTESIAN_POINT('',(10.890645058307,84.066030352927,4.8));
#1947 = CARTESIAN_POINT('',(10.556018321049,84.54124951114,4.8));
#1948 = CARTESIAN_POINT('',(10.356777604408,84.847191054979,4.8));
#1949 = CARTESIAN_POINT('',(10.169953066664,85.161060935921,4.8));
#1950 = CARTESIAN_POINT('',(9.997099763694,85.482932980571,4.8));
#1951 = CARTESIAN_POINT('',(9.839539315716,85.81258021217,4.8));
#1952 = CARTESIAN_POINT('',(9.698149876576,86.149356454428,4.8));
#1953 = CARTESIAN_POINT('',(9.464518682056,86.790911698828,4.8));
#1954 = CARTESIAN_POINT('',(9.368264192189,87.094326756576,4.8));
#1955 = CARTESIAN_POINT('',(9.284803509186,87.401719510391,4.8));
#1956 = CARTESIAN_POINT('',(9.214014442593,87.712388601679,4.8));
#1957 = CARTESIAN_POINT('',(9.155493934496,88.025640759312,4.8));
#1958 = CARTESIAN_POINT('',(9.108653638784,88.340813174444,4.8));
#1959 = CARTESIAN_POINT('',(9.051203358706,88.84815034733,4.8));
#1960 = CARTESIAN_POINT('',(9.033590338775,89.039498849659,4.8));
#1961 = CARTESIAN_POINT('',(9.019826101772,89.231223930602,4.8));
#1962 = CARTESIAN_POINT('',(9.00975006637,89.423221011132,4.8));
#1963 = CARTESIAN_POINT('',(9.003196564985,89.615398787279,4.8));
#1964 = CARTESIAN_POINT('',(9.,89.807679632491,4.8));
#1965 = CARTESIAN_POINT('',(9.,90.,4.8));
#1966 = ORIENTED_EDGE('',*,*,#1967,.F.);
#1967 = EDGE_CURVE('',#350,#1937,#1968,.T.);
#1968 = LINE('',#1969,#1970);
#1969 = CARTESIAN_POINT('',(11.707614760039,83.056530848035,0.));
#1970 = VECTOR('',#1971,1.);
#1971 = DIRECTION('',(0.,0.,1.));
#1972 = SURFACE_OF_LINEAR_EXTRUSION('',#1973,#1978);
#1973 = B_SPLINE_CURVE_WITH_KNOTS('',3,(#1974,#1975,#1976,#1977),
  .UNSPECIFIED.,.F.,.F.,(4,4),(0.,1.),.PIECEWISE_BEZIER_KNOTS.);
#1974 = CARTESIAN_POINT('',(9.,90.,0.));
#1975 = CARTESIAN_POINT('',(9.,87.,0.));
#1976 = CARTESIAN_POINT('',(10.,85.,0.));
#1977 = CARTESIAN_POINT('',(11.707614760039,83.056530848035,0.));
#1978 = VECTOR('',#1979,1.);
#1979 = DIRECTION('',(-0.,-0.,-1.));
#1980 = ADVANCED_FACE('',(#1981),#2028,.T.);
#1981 = FACE_BOUND('',#1982,.T.);
#1982 = EDGE_LOOP('',(#1983,#1984,#1985,#2022));
#1983 = ORIENTED_EDGE('',*,*,#358,.F.);
#1984 = ORIENTED_EDGE('',*,*,#1967,.T.);
#1985 = ORIENTED_EDGE('',*,*,#1986,.F.);
#1986 = EDGE_CURVE('',#1987,#1937,#1989,.T.);
#1987 = VERTEX_POINT('',#1988);
#1988 = CARTESIAN_POINT('',(43.771092696129,29.322417371105,4.8));
#1989 = B_SPLINE_CURVE_WITH_KNOTS('',7,(#1990,#1991,#1992,#1993,#1994,
    #1995,#1996,#1997,#1998,#1999,#2000,#2001,#2002,#2003,#2004,#2005,
    #2006,#2007,#2008,#2009,#2010,#2011,#2012,#2013,#2014,#2015,#2016,
    #2017,#2018,#2019,#2020,#2021),.UNSPECIFIED.,.F.,.F.,(8,6,6,6,6,8),(
    0.,8.200585797664E-02,0.261326491391,0.461476294026,0.733031743585,
    1.),.UNSPECIFIED.);
#1990 = CARTESIAN_POINT('',(43.771092696129,29.322417371105,4.8));
#1991 = CARTESIAN_POINT('',(43.48993036574,30.005686082159,4.8));
#1992 = CARTESIAN_POINT('',(43.208764711122,30.688962488661,4.8));
#1993 = CARTESIAN_POINT('',(42.927271847229,31.372112543654,4.8));
#1994 = CARTESIAN_POINT('',(42.645202068842,32.055032079928,4.8));
#1995 = CARTESIAN_POINT('',(42.362349818257,32.737634311972,4.8));
#1996 = CARTESIAN_POINT('',(42.078536703554,33.41984276614,4.8));
#1997 = CARTESIAN_POINT('',(41.170558502113,35.592352422282,4.8));
#1998 = CARTESIAN_POINT('',(40.542173512688,37.080904922015,4.8));
#1999 = CARTESIAN_POINT('',(39.906827324338,38.566536982528,4.8));
#2000 = CARTESIAN_POINT('',(39.263375533774,40.048712401478,4.8));
#2001 = CARTESIAN_POINT('',(38.61080990226,41.526919963807,4.8));
#2002 = CARTESIAN_POINT('',(37.948234682775,43.000662962608,4.8));
#2003 = CARTESIAN_POINT('',(36.523122114078,46.108796355918,4.8));
#2004 = CARTESIAN_POINT('',(35.75791592948,47.74195683015,4.8));
#2005 = CARTESIAN_POINT('',(34.977973903039,49.368211419328,4.8));
#2006 = CARTESIAN_POINT('',(34.182165720104,50.986823430186,4.8));
#2007 = CARTESIAN_POINT('',(33.369364251107,52.596984813423,4.8));
#2008 = CARTESIAN_POINT('',(32.538398187932,54.197792932475,4.8));
#2009 = CARTESIAN_POINT('',(30.534264839323,57.946086100966,4.8));
#2010 = CARTESIAN_POINT('',(29.344859785326,60.084701069169,4.8));
#2011 = CARTESIAN_POINT('',(28.116605965333,62.201734862084,4.8));
#2012 = CARTESIAN_POINT('',(26.84617525972,64.294170055886,4.8));
#2013 = CARTESIAN_POINT('',(25.52997026284,66.35823010676,4.8));
#2014 = CARTESIAN_POINT('',(24.164006880298,68.389307248222,4.8));
#2015 = CARTESIAN_POINT('',(21.347201754085,72.340579899363,4.8));
#2016 = CARTESIAN_POINT('',(19.898558492841,74.261542534425,4.8));
#2017 = CARTESIAN_POINT('',(18.392993341194,76.139755761913,4.8));
#2018 = CARTESIAN_POINT('',(16.825832976204,77.968315640536,4.8));
#2019 = CARTESIAN_POINT('',(15.192390974599,79.738298423625,4.8));
#2020 = CARTESIAN_POINT('',(13.487930644592,81.438727977719,4.8));
#2021 = CARTESIAN_POINT('',(11.707614760039,83.056530848035,4.8));
#2022 = ORIENTED_EDGE('',*,*,#2023,.F.);
#2023 = EDGE_CURVE('',#359,#1987,#2024,.T.);
#2024 = LINE('',#2025,#2026);
#2025 = CARTESIAN_POINT('',(43.771092696129,29.322417371105,0.));
#2026 = VECTOR('',#2027,1.);
#2027 = DIRECTION('',(0.,0.,1.));
#2028 = SURFACE_OF_LINEAR_EXTRUSION('',#2029,#2034);
#2029 = B_SPLINE_CURVE_WITH_KNOTS('',3,(#2030,#2031,#2032,#2033),
  .UNSPECIFIED.,.F.,.F.,(4,4),(0.,1.),.PIECEWISE_BEZIER_KNOTS.);
#2030 = CARTESIAN_POINT('',(11.707614760039,83.056530848035,0.));
#2031 = CARTESIAN_POINT('',(27.603853869097,68.611352056456,0.));
#2032 = CARTESIAN_POINT('',(37.814741549328,43.797288044655,0.));
#2033 = CARTESIAN_POINT('',(43.771092696129,29.322417371105,0.));
#2034 = VECTOR('',#2035,1.);
#2035 = DIRECTION('',(-0.,-0.,-1.));
#2036 = ADVANCED_FACE('',(#2037),#2081,.T.);
#2037 = FACE_BOUND('',#2038,.T.);
#2038 = EDGE_LOOP('',(#2039,#2047,#2048,#2056,#2064,#2065,#2066,#2074));
#2039 = ORIENTED_EDGE('',*,*,#2040,.T.);
#2040 = EDGE_CURVE('',#2041,#1504,#2043,.T.);
#2041 = VERTEX_POINT('',#2042);
#2042 = CARTESIAN_POINT('',(43.471549642097,25.241546796093,15.4));
#2043 = LINE('',#2044,#2045);
#2044 = CARTESIAN_POINT('',(41.940972424738,4.389494161176,15.4));
#2045 = VECTOR('',#2046,1.);
#2046 = DIRECTION('',(7.320481085564E-02,0.997316928397,0.));
#2047 = ORIENTED_EDGE('',*,*,#1503,.F.);
#2048 = ORIENTED_EDGE('',*,*,#2049,.F.);
#2049 = EDGE_CURVE('',#2050,#1496,#2052,.T.);
#2050 = VERTEX_POINT('',#2051);
#2051 = CARTESIAN_POINT('',(49.743593202438,110.68969078089,4.8));
#2052 = LINE('',#2053,#2054);
#2053 = CARTESIAN_POINT('',(46.085144293006,60.848252951794,4.8));
#2054 = VECTOR('',#2055,1.);
#2055 = DIRECTION('',(7.320481085564E-02,0.997316928397,0.));
#2056 = ORIENTED_EDGE('',*,*,#2057,.T.);
#2057 = EDGE_CURVE('',#2050,#368,#2058,.T.);
#2058 = B_SPLINE_CURVE_WITH_KNOTS('',4,(#2059,#2060,#2061,#2062,#2063),
  .UNSPECIFIED.,.F.,.F.,(5,5),(0.,1.),.PIECEWISE_BEZIER_KNOTS.);
#2059 = CARTESIAN_POINT('',(49.743593202438,110.68969078089,
    4.800324745791));
#2060 = CARTESIAN_POINT('',(49.743593202438,110.68969078089,
    3.600243559399));
#2061 = CARTESIAN_POINT('',(49.743593202438,110.68969078089,
    2.400162373287));
#2062 = CARTESIAN_POINT('',(49.743593202438,110.68969078089,
    1.200081186392));
#2063 = CARTESIAN_POINT('',(49.743593202438,110.68969078089,0.));
#2064 = ORIENTED_EDGE('',*,*,#367,.F.);
#2065 = ORIENTED_EDGE('',*,*,#2023,.T.);
#2066 = ORIENTED_EDGE('',*,*,#2067,.T.);
#2067 = EDGE_CURVE('',#1987,#2068,#2070,.T.);
#2068 = VERTEX_POINT('',#2069);
#2069 = CARTESIAN_POINT('',(43.195968071661,21.487119154833,4.8));
#2070 = LINE('',#2071,#2072);
#2071 = CARTESIAN_POINT('',(44.30464870166,36.591399154461,4.8));
#2072 = VECTOR('',#2073,1.);
#2073 = DIRECTION('',(-7.320481085564E-02,-0.997316928397,0.));
#2074 = ORIENTED_EDGE('',*,*,#2075,.F.);
#2075 = EDGE_CURVE('',#2041,#2068,#2076,.T.);
#2076 = ELLIPSE('',#2077,8.021522318745,8.);
#2077 = AXIS2_PLACEMENT_3D('',#2078,#2079,#2080);
#2078 = CARTESIAN_POINT('',(42.940007412725,18.,12.));
#2079 = DIRECTION('',(-0.997316928397,7.320481085564E-02,0.));
#2080 = DIRECTION('',(-7.320481085564E-02,-0.997316928397,
    -3.033196894162E-15));
#2081 = PLANE('',#2082);
#2082 = AXIS2_PLACEMENT_3D('',#2083,#2084,#2085);
#2083 = CARTESIAN_POINT('',(41.940972424738,4.389494161176,0.));
#2084 = DIRECTION('',(-0.997316928397,7.320481085564E-02,0.));
#2085 = DIRECTION('',(7.320481085564E-02,0.997316928397,0.));
#2086 = ADVANCED_FACE('',(#2087),#2099,.T.);
#2087 = FACE_BOUND('',#2088,.T.);
#2088 = EDGE_LOOP('',(#2089,#2090,#2091,#2098));
#2089 = ORIENTED_EDGE('',*,*,#375,.F.);
#2090 = ORIENTED_EDGE('',*,*,#2057,.F.);
#2091 = ORIENTED_EDGE('',*,*,#2092,.T.);
#2092 = EDGE_CURVE('',#2050,#1903,#2093,.T.);
#2093 = B_SPLINE_CURVE_WITH_KNOTS('',3,(#2094,#2095,#2096,#2097),
  .UNSPECIFIED.,.F.,.F.,(4,4),(0.,1.),.PIECEWISE_BEZIER_KNOTS.);
#2094 = CARTESIAN_POINT('',(53.909564521592,112.80422011304,4.8));
#2095 = CARTESIAN_POINT('',(37.147240747825,103.00501087436,4.8));
#2096 = CARTESIAN_POINT('',(13.835486414597,106.07933283164,4.8));
#2097 = CARTESIAN_POINT('',(6.,127.,4.8));
#2098 = ORIENTED_EDGE('',*,*,#1902,.T.);
#2099 = SURFACE_OF_LINEAR_EXTRUSION('',#2100,#2105);
#2100 = B_SPLINE_CURVE_WITH_KNOTS('',3,(#2101,#2102,#2103,#2104),
  .UNSPECIFIED.,.F.,.F.,(4,4),(0.,1.),.PIECEWISE_BEZIER_KNOTS.);
#2101 = CARTESIAN_POINT('',(53.909564521592,112.80422011304,0.));
#2102 = CARTESIAN_POINT('',(37.147240747825,103.00501087436,0.));
#2103 = CARTESIAN_POINT('',(13.835486414597,106.07933283164,0.));
#2104 = CARTESIAN_POINT('',(6.,127.,0.));
#2105 = VECTOR('',#2106,1.);
#2106 = DIRECTION('',(-0.,-0.,-1.));
#2107 = ADVANCED_FACE('',(#2108),#2133,.T.);
#2108 = FACE_BOUND('',#2109,.T.);
#2109 = EDGE_LOOP('',(#2110,#2111,#2119,#2127));
#2110 = ORIENTED_EDGE('',*,*,#384,.F.);
#2111 = ORIENTED_EDGE('',*,*,#2112,.T.);
#2112 = EDGE_CURVE('',#385,#2113,#2115,.T.);
#2113 = VERTEX_POINT('',#2114);
#2114 = CARTESIAN_POINT('',(20.439228865134,11.983901570383,4.8));
#2115 = LINE('',#2116,#2117);
#2116 = CARTESIAN_POINT('',(20.439228865134,11.983901570383,0.));
#2117 = VECTOR('',#2118,1.);
#2118 = DIRECTION('',(0.,0.,1.));
#2119 = ORIENTED_EDGE('',*,*,#2120,.F.);
#2120 = EDGE_CURVE('',#2121,#2113,#2123,.T.);
#2121 = VERTEX_POINT('',#2122);
#2122 = CARTESIAN_POINT('',(33.404348934297,11.03223902926,4.8));
#2123 = LINE('',#2124,#2125);
#2124 = CARTESIAN_POINT('',(19.931465141245,12.021172317834,4.8));
#2125 = VECTOR('',#2126,1.);
#2126 = DIRECTION('',(-0.997316928397,7.320481085564E-02,0.));
#2127 = ORIENTED_EDGE('',*,*,#2128,.F.);
#2128 = EDGE_CURVE('',#387,#2121,#2129,.T.);
#2129 = LINE('',#2130,#2131);
#2130 = CARTESIAN_POINT('',(33.404348934297,11.03223902926,0.));
#2131 = VECTOR('',#2132,1.);
#2132 = DIRECTION('',(0.,0.,1.));
#2133 = PLANE('',#2134);
#2134 = AXIS2_PLACEMENT_3D('',#2135,#2136,#2137);
#2135 = CARTESIAN_POINT('',(19.441911936737,12.057106381239,0.));
#2136 = DIRECTION('',(7.320481085564E-02,0.997316928397,0.));
#2137 = DIRECTION('',(0.997316928397,-7.320481085564E-02,0.));
#2138 = ADVANCED_FACE('',(#2139),#2335,.T.);
#2139 = FACE_BOUND('',#2140,.T.);
#2140 = EDGE_LOOP('',(#2141,#2142,#2143,#2220,#2252,#2329));
#2141 = ORIENTED_EDGE('',*,*,#394,.F.);
#2142 = ORIENTED_EDGE('',*,*,#2128,.T.);
#2143 = ORIENTED_EDGE('',*,*,#2144,.F.);
#2144 = EDGE_CURVE('',#2145,#2121,#2147,.T.);
#2145 = VERTEX_POINT('',#2146);
#2146 = CARTESIAN_POINT('',(40.415518711598,14.512880845167,4.8));
#2147 = B_SPLINE_CURVE_WITH_KNOTS('',8,(#2148,#2149,#2150,#2151,#2152,
    #2153,#2154,#2155,#2156,#2157,#2158,#2159,#2160,#2161,#2162,#2163,
    #2164,#2165,#2166,#2167,#2168,#2169,#2170,#2171,#2172,#2173,#2174,
    #2175,#2176,#2177,#2178,#2179,#2180,#2181,#2182,#2183,#2184,#2185,
    #2186,#2187,#2188,#2189,#2190,#2191,#2192,#2193,#2194,#2195,#2196,
    #2197,#2198,#2199,#2200,#2201,#2202,#2203,#2204,#2205,#2206,#2207,
    #2208,#2209,#2210,#2211,#2212,#2213,#2214,#2215,#2216,#2217,#2218,
    #2219),.UNSPECIFIED.,.F.,.F.,(9,7,7,7,7,7,7,7,7,7,9),(0.,
    0.180589712155,0.328263617675,0.474421322893,0.522939100981,
    0.549642232881,0.604609489606,0.66444624934,0.694759631063,
    0.753714951745,1.),.UNSPECIFIED.);
#2148 = CARTESIAN_POINT('',(38.272074378154,22.707222926603,4.8));
#2149 = CARTESIAN_POINT('',(38.454069549923,22.362144963221,4.8));
#2150 = CARTESIAN_POINT('',(38.631649511098,22.014779683039,4.8));
#2151 = CARTESIAN_POINT('',(38.804467344148,21.664993698268,4.8));
#2152 = CARTESIAN_POINT('',(38.97210369935,21.312664782533,4.8));
#2153 = CARTESIAN_POINT('',(39.134063280879,20.957680058348,4.8));
#2154 = CARTESIAN_POINT('',(39.289759241684,20.599928908187,4.8));
#2155 = CARTESIAN_POINT('',(39.438485487147,20.239290609179,4.8));
#2156 = CARTESIAN_POINT('',(39.694588230964,19.578229054332,4.8));
#2157 = CARTESIAN_POINT('',(39.804537075573,19.278870109481,4.8));
#2158 = CARTESIAN_POINT('',(39.908768635243,18.977424818598,4.8));
#2159 = CARTESIAN_POINT('',(40.00672319874,18.673824068189,4.8));
#2160 = CARTESIAN_POINT('',(40.097734081253,18.368043649867,4.8));
#2161 = CARTESIAN_POINT('',(40.181009211499,18.060098819547,4.8));
#2162 = CARTESIAN_POINT('',(40.25559635438,17.750034435458,4.8));
#2163 = CARTESIAN_POINT('',(40.384402929324,17.128991557486,4.8));
#2164 = CARTESIAN_POINT('',(40.438772656499,16.818299615809,4.8));
#2165 = CARTESIAN_POINT('',(40.482376958305,16.50570042121,4.8));
#2166 = CARTESIAN_POINT('',(40.51385358134,16.191374494795,4.8));
#2167 = CARTESIAN_POINT('',(40.531543504052,15.87581801978,4.8));
#2168 = CARTESIAN_POINT('',(40.53350190706,15.559843557197,4.8));
#2169 = CARTESIAN_POINT('',(40.517518820985,15.244580765045,4.8));
#2170 = CARTESIAN_POINT('',(40.469076458565,14.827540807035,4.8));
#2171 = CARTESIAN_POINT('',(40.454760356638,14.723871775711,4.8));
#2172 = CARTESIAN_POINT('',(40.438115897199,14.620536119023,4.8));
#2173 = CARTESIAN_POINT('',(40.41905704635,14.517610016402,4.8));
#2174 = CARTESIAN_POINT('',(40.397499241315,14.415179246184,4.8));
#2175 = CARTESIAN_POINT('',(40.373361646669,14.313338697177,4.8));
#2176 = CARTESIAN_POINT('',(40.346569410559,14.212191880216,4.8));
#2177 = CARTESIAN_POINT('',(40.300812336869,14.056624688961,4.8));
#2178 = CARTESIAN_POINT('',(40.283744557033,14.001643182259,4.8));
#2179 = CARTESIAN_POINT('',(40.265841652308,13.946924810672,4.8));
#2180 = CARTESIAN_POINT('',(40.247093517314,13.892489191087,4.8));
#2181 = CARTESIAN_POINT('',(40.227491043776,13.83835660381,4.8));
#2182 = CARTESIAN_POINT('',(40.207026293903,13.784547930151,4.8));
#2183 = CARTESIAN_POINT('',(40.185692673769,13.731084590004,4.8));
#2184 = CARTESIAN_POINT('',(40.117771778184,13.568692403153,4.8));
#2185 = CARTESIAN_POINT('',(40.06835124457,13.460942660956,4.8));
#2186 = CARTESIAN_POINT('',(40.015183005589,13.354941976314,4.8));
#2187 = CARTESIAN_POINT('',(39.958251310125,13.250889370202,4.8));
#2188 = CARTESIAN_POINT('',(39.897569165703,13.148977849507,4.8));
#2189 = CARTESIAN_POINT('',(39.833182347986,13.04939209543,4.8));
#2190 = CARTESIAN_POINT('',(39.765173410272,12.952306151897,4.8));
#2191 = CARTESIAN_POINT('',(39.615823167227,12.75509104139,4.8));
#2192 = CARTESIAN_POINT('',(39.53382128524,12.655436830904,4.8));
#2193 = CARTESIAN_POINT('',(39.447818371218,12.559129946848,4.8));
#2194 = CARTESIAN_POINT('',(39.358005225395,12.46633028544,4.8));
#2195 = CARTESIAN_POINT('',(39.264599813333,12.37715145678,4.8));
#2196 = CARTESIAN_POINT('',(39.167841955198,12.291666066854,4.8));
#2197 = CARTESIAN_POINT('',(39.067988015037,12.209910999545,4.8));
#2198 = CARTESIAN_POINT('',(38.913286537582,12.09236852407,4.8));
#2199 = CARTESIAN_POINT('',(38.860538412271,12.053800957617,4.8));
#2200 = CARTESIAN_POINT('',(38.807093997472,12.016189555738,4.8));
#2201 = CARTESIAN_POINT('',(38.752985798045,11.979531409286,4.8));
#2202 = CARTESIAN_POINT('',(38.698245854994,11.943821417895,4.8));
#2203 = CARTESIAN_POINT('',(38.642905560106,11.909052564379,4.8));
#2204 = CARTESIAN_POINT('',(38.586995470574,11.875216189122,4.8));
#2205 = CARTESIAN_POINT('',(38.420757032798,11.778289248692,4.8));
#2206 = CARTESIAN_POINT('',(38.308928541329,11.717767519771,4.8));
#2207 = CARTESIAN_POINT('',(38.195272846858,11.660659075925,4.8));
#2208 = CARTESIAN_POINT('',(38.07998969197,11.6068696038,4.8));
#2209 = CARTESIAN_POINT('',(37.963263361021,11.55629265162,4.8));
#2210 = CARTESIAN_POINT('',(37.845260676967,11.508813802336,4.8));
#2211 = CARTESIAN_POINT('',(37.72612899818,11.464314846774,4.8));
#2212 = CARTESIAN_POINT('',(37.104132797813,11.248740416592,4.8));
#2213 = CARTESIAN_POINT('',(36.586429510584,11.125319796542,4.8));
#2214 = CARTESIAN_POINT('',(36.059588306608,11.0422680015,4.8));
#2215 = CARTESIAN_POINT('',(35.528467700727,10.992651749224,4.8));
#2216 = CARTESIAN_POINT('',(34.996396031799,10.970687925482,4.8));
#2217 = CARTESIAN_POINT('',(34.465110480767,10.972024344396,4.8));
#2218 = CARTESIAN_POINT('',(33.934854989836,10.993298954798,4.8));
#2219 = CARTESIAN_POINT('',(33.404348934297,11.03223902926,4.8));
#2220 = ORIENTED_EDGE('',*,*,#2221,.T.);
#2221 = EDGE_CURVE('',#2145,#2222,#2224,.T.);
#2222 = VERTEX_POINT('',#2223);
#2223 = CARTESIAN_POINT('',(38.883327055996,21.487119154833,4.8));
#2224 = B_SPLINE_CURVE_WITH_KNOTS('',6,(#2225,#2226,#2227,#2228,#2229,
    #2230,#2231,#2232,#2233,#2234,#2235,#2236,#2237,#2238,#2239,#2240,
    #2241,#2242,#2243,#2244,#2245,#2246,#2247,#2248,#2249,#2250,#2251),
  .UNSPECIFIED.,.F.,.F.,(7,5,5,5,5,7),(0.,0.165050039191,0.323537952507,
    0.402479862262,0.54486382698,1.),.UNSPECIFIED.);
#2225 = CARTESIAN_POINT('',(40.415377968624,14.512176250473,
    4.80034129335));
#2226 = CARTESIAN_POINT('',(40.450493535633,14.687931779657,
    4.715197770057));
#2227 = CARTESIAN_POINT('',(40.478796903553,14.869711509289,
    4.63349317618));
#2228 = CARTESIAN_POINT('',(40.500035318405,15.05710942754,
    4.555900872768));
#2229 = CARTESIAN_POINT('',(40.514075368298,15.249594805784,
    4.48306783271));
#2230 = CARTESIAN_POINT('',(40.520926813192,15.446478807567,
    4.415575542009));
#2231 = CARTESIAN_POINT('',(40.520612393319,15.839315712688,
    4.294678345275));
#2232 = CARTESIAN_POINT('',(40.513992735797,16.035038045143,
    4.240806284307));
#2233 = CARTESIAN_POINT('',(40.501060667333,16.23327607427,
    4.192707717361));
#2234 = CARTESIAN_POINT('',(40.482106668381,16.433271325863,
    4.150659803832));
#2235 = CARTESIAN_POINT('',(40.457519068338,16.634281815023,
    4.114810472702));
#2236 = CARTESIAN_POINT('',(40.412914168973,16.93585293159,
    4.070443752811));
#2237 = CARTESIAN_POINT('',(40.39679592366,17.036200301637,
    4.057238065498));
#2238 = CARTESIAN_POINT('',(40.379444159354,17.136543654304,
    4.045581792141));
#2239 = CARTESIAN_POINT('',(40.360915649237,17.236805915384,
    4.035471631272));
#2240 = CARTESIAN_POINT('',(40.341268378911,17.336916225806,
    4.026898449628));
#2241 = CARTESIAN_POINT('',(40.28320990781,17.616983298699,
    4.007133030871));
#2242 = CARTESIAN_POINT('',(40.242408569464,17.796449984751,
    3.999373293349));
#2243 = CARTESIAN_POINT('',(40.19849584876,17.974836490552,
    3.996487762575));
#2244 = CARTESIAN_POINT('',(40.151806565885,18.151838759333,
    3.998348924017));
#2245 = CARTESIAN_POINT('',(40.102657866065,18.327216551415,
    4.004803011606));
#2246 = CARTESIAN_POINT('',(39.887285008152,19.055616092422,
    4.050489327438));
#2247 = CARTESIAN_POINT('',(39.701326708538,19.591000002907,
    4.130517967614));
#2248 = CARTESIAN_POINT('',(39.502395570023,20.103144648761,
    4.250339978669));
#2249 = CARTESIAN_POINT('',(39.297004570907,20.590016425337,
    4.404625928987));
#2250 = CARTESIAN_POINT('',(39.089618361533,21.05125649702,
    4.588849374969));
#2251 = CARTESIAN_POINT('',(38.882993561465,21.487823749527,
    4.80034129335));
#2252 = ORIENTED_EDGE('',*,*,#2253,.F.);
#2253 = EDGE_CURVE('',#2254,#2222,#2256,.T.);
#2254 = VERTEX_POINT('',#2255);
#2255 = CARTESIAN_POINT('',(38.272074378154,22.707222926603,4.8));
#2256 = B_SPLINE_CURVE_WITH_KNOTS('',8,(#2257,#2258,#2259,#2260,#2261,
    #2262,#2263,#2264,#2265,#2266,#2267,#2268,#2269,#2270,#2271,#2272,
    #2273,#2274,#2275,#2276,#2277,#2278,#2279,#2280,#2281,#2282,#2283,
    #2284,#2285,#2286,#2287,#2288,#2289,#2290,#2291,#2292,#2293,#2294,
    #2295,#2296,#2297,#2298,#2299,#2300,#2301,#2302,#2303,#2304,#2305,
    #2306,#2307,#2308,#2309,#2310,#2311,#2312,#2313,#2314,#2315,#2316,
    #2317,#2318,#2319,#2320,#2321,#2322,#2323,#2324,#2325,#2326,#2327,
    #2328),.UNSPECIFIED.,.F.,.F.,(9,7,7,7,7,7,7,7,7,7,9),(0.,
    0.180589712155,0.328263617675,0.474421322893,0.522939100981,
    0.549642232881,0.604609489606,0.66444624934,0.694759631063,
    0.753714951745,1.),.UNSPECIFIED.);
#2257 = CARTESIAN_POINT('',(38.272074378154,22.707222926603,4.8));
#2258 = CARTESIAN_POINT('',(38.454069549923,22.362144963221,4.8));
#2259 = CARTESIAN_POINT('',(38.631649511098,22.014779683039,4.8));
#2260 = CARTESIAN_POINT('',(38.804467344148,21.664993698268,4.8));
#2261 = CARTESIAN_POINT('',(38.97210369935,21.312664782533,4.8));
#2262 = CARTESIAN_POINT('',(39.134063280879,20.957680058348,4.8));
#2263 = CARTESIAN_POINT('',(39.289759241684,20.599928908187,4.8));
#2264 = CARTESIAN_POINT('',(39.438485487147,20.239290609179,4.8));
#2265 = CARTESIAN_POINT('',(39.694588230964,19.578229054332,4.8));
#2266 = CARTESIAN_POINT('',(39.804537075573,19.278870109481,4.8));
#2267 = CARTESIAN_POINT('',(39.908768635243,18.977424818598,4.8));
#2268 = CARTESIAN_POINT('',(40.00672319874,18.673824068189,4.8));
#2269 = CARTESIAN_POINT('',(40.097734081253,18.368043649867,4.8));
#2270 = CARTESIAN_POINT('',(40.181009211499,18.060098819547,4.8));
#2271 = CARTESIAN_POINT('',(40.25559635438,17.750034435458,4.8));
#2272 = CARTESIAN_POINT('',(40.384402929324,17.128991557486,4.8));
#2273 = CARTESIAN_POINT('',(40.438772656499,16.818299615809,4.8));
#2274 = CARTESIAN_POINT('',(40.482376958305,16.50570042121,4.8));
#2275 = CARTESIAN_POINT('',(40.51385358134,16.191374494795,4.8));
#2276 = CARTESIAN_POINT('',(40.531543504052,15.87581801978,4.8));
#2277 = CARTESIAN_POINT('',(40.53350190706,15.559843557197,4.8));
#2278 = CARTESIAN_POINT('',(40.517518820985,15.244580765045,4.8));
#2279 = CARTESIAN_POINT('',(40.469076458565,14.827540807035,4.8));
#2280 = CARTESIAN_POINT('',(40.454760356638,14.723871775711,4.8));
#2281 = CARTESIAN_POINT('',(40.438115897199,14.620536119023,4.8));
#2282 = CARTESIAN_POINT('',(40.41905704635,14.517610016402,4.8));
#2283 = CARTESIAN_POINT('',(40.397499241315,14.415179246184,4.8));
#2284 = CARTESIAN_POINT('',(40.373361646669,14.313338697177,4.8));
#2285 = CARTESIAN_POINT('',(40.346569410559,14.212191880216,4.8));
#2286 = CARTESIAN_POINT('',(40.300812336869,14.056624688961,4.8));
#2287 = CARTESIAN_POINT('',(40.283744557033,14.001643182259,4.8));
#2288 = CARTESIAN_POINT('',(40.265841652308,13.946924810672,4.8));
#2289 = CARTESIAN_POINT('',(40.247093517314,13.892489191087,4.8));
#2290 = CARTESIAN_POINT('',(40.227491043776,13.83835660381,4.8));
#2291 = CARTESIAN_POINT('',(40.207026293903,13.784547930151,4.8));
#2292 = CARTESIAN_POINT('',(40.185692673769,13.731084590004,4.8));
#2293 = CARTESIAN_POINT('',(40.117771778184,13.568692403153,4.8));
#2294 = CARTESIAN_POINT('',(40.06835124457,13.460942660956,4.8));
#2295 = CARTESIAN_POINT('',(40.015183005589,13.354941976314,4.8));
#2296 = CARTESIAN_POINT('',(39.958251310125,13.250889370202,4.8));
#2297 = CARTESIAN_POINT('',(39.897569165703,13.148977849507,4.8));
#2298 = CARTESIAN_POINT('',(39.833182347986,13.04939209543,4.8));
#2299 = CARTESIAN_POINT('',(39.765173410272,12.952306151897,4.8));
#2300 = CARTESIAN_POINT('',(39.615823167227,12.75509104139,4.8));
#2301 = CARTESIAN_POINT('',(39.53382128524,12.655436830904,4.8));
#2302 = CARTESIAN_POINT('',(39.447818371218,12.559129946848,4.8));
#2303 = CARTESIAN_POINT('',(39.358005225395,12.46633028544,4.8));
#2304 = CARTESIAN_POINT('',(39.264599813333,12.37715145678,4.8));
#2305 = CARTESIAN_POINT('',(39.167841955198,12.291666066854,4.8));
#2306 = CARTESIAN_POINT('',(39.067988015037,12.209910999545,4.8));
#2307 = CARTESIAN_POINT('',(38.913286537582,12.09236852407,4.8));
#2308 = CARTESIAN_POINT('',(38.860538412271,12.053800957617,4.8));
#2309 = CARTESIAN_POINT('',(38.807093997472,12.016189555738,4.8));
#2310 = CARTESIAN_POINT('',(38.752985798045,11.979531409286,4.8));
#2311 = CARTESIAN_POINT('',(38.698245854994,11.943821417895,4.8));
#2312 = CARTESIAN_POINT('',(38.642905560106,11.909052564379,4.8));
#2313 = CARTESIAN_POINT('',(38.586995470574,11.875216189122,4.8));
#2314 = CARTESIAN_POINT('',(38.420757032798,11.778289248692,4.8));
#2315 = CARTESIAN_POINT('',(38.308928541329,11.717767519771,4.8));
#2316 = CARTESIAN_POINT('',(38.195272846858,11.660659075925,4.8));
#2317 = CARTESIAN_POINT('',(38.07998969197,11.6068696038,4.8));
#2318 = CARTESIAN_POINT('',(37.963263361021,11.55629265162,4.8));
#2319 = CARTESIAN_POINT('',(37.845260676967,11.508813802336,4.8));
#2320 = CARTESIAN_POINT('',(37.72612899818,11.464314846774,4.8));
#2321 = CARTESIAN_POINT('',(37.104132797813,11.248740416592,4.8));
#2322 = CARTESIAN_POINT('',(36.586429510584,11.125319796542,4.8));
#2323 = CARTESIAN_POINT('',(36.059588306608,11.0422680015,4.8));
#2324 = CARTESIAN_POINT('',(35.528467700727,10.992651749224,4.8));
#2325 = CARTESIAN_POINT('',(34.996396031799,10.970687925482,4.8));
#2326 = CARTESIAN_POINT('',(34.465110480767,10.972024344396,4.8));
#2327 = CARTESIAN_POINT('',(33.934854989836,10.993298954798,4.8));
#2328 = CARTESIAN_POINT('',(33.404348934297,11.03223902926,4.8));
#2329 = ORIENTED_EDGE('',*,*,#2330,.F.);
#2330 = EDGE_CURVE('',#395,#2254,#2331,.T.);
#2331 = LINE('',#2332,#2333);
#2332 = CARTESIAN_POINT('',(38.272074378154,22.707222926603,0.));
#2333 = VECTOR('',#2334,1.);
#2334 = DIRECTION('',(0.,0.,1.));
#2335 = SURFACE_OF_LINEAR_EXTRUSION('',#2336,#2341);
#2336 = B_SPLINE_CURVE_WITH_KNOTS('',3,(#2337,#2338,#2339,#2340),
  .UNSPECIFIED.,.F.,.F.,(4,4),(0.,1.),.PIECEWISE_BEZIER_KNOTS.);
#2337 = CARTESIAN_POINT('',(33.404348934297,11.03223902926,0.));
#2338 = CARTESIAN_POINT('',(40.385567433077,10.51980535327,0.));
#2339 = CARTESIAN_POINT('',(42.673020533294,14.362663445148,0.));
#2340 = CARTESIAN_POINT('',(38.272074378154,22.707222926603,0.));
#2341 = VECTOR('',#2342,1.);
#2342 = DIRECTION('',(-0.,-0.,-1.));
#2343 = ADVANCED_FACE('',(#2344),#2391,.T.);
#2344 = FACE_BOUND('',#2345,.T.);
#2345 = EDGE_LOOP('',(#2346,#2347,#2348,#2383));
#2346 = ORIENTED_EDGE('',*,*,#403,.F.);
#2347 = ORIENTED_EDGE('',*,*,#2330,.T.);
#2348 = ORIENTED_EDGE('',*,*,#2349,.F.);
#2349 = EDGE_CURVE('',#2350,#2254,#2352,.T.);
#2350 = VERTEX_POINT('',#2351);
#2351 = CARTESIAN_POINT('',(23.332554898609,51.401570967108,4.8));
#2352 = B_SPLINE_CURVE_WITH_KNOTS('',8,(#2353,#2354,#2355,#2356,#2357,
    #2358,#2359,#2360,#2361,#2362,#2363,#2364,#2365,#2366,#2367,#2368,
    #2369,#2370,#2371,#2372,#2373,#2374,#2375,#2376,#2377,#2378,#2379,
    #2380,#2381,#2382),.UNSPECIFIED.,.F.,.F.,(9,7,7,7,9),(0.,
    0.150911224113,0.321027077553,0.786497947249,1.),.UNSPECIFIED.);
#2353 = CARTESIAN_POINT('',(16.057783918766,62.144488427688,4.8));
#2354 = CARTESIAN_POINT('',(16.590581353982,61.475457729894,4.8));
#2355 = CARTESIAN_POINT('',(17.11229414504,60.797623032207,4.8));
#2356 = CARTESIAN_POINT('',(17.624087499139,60.112185059555,4.8));
#2357 = CARTESIAN_POINT('',(18.126873470627,59.420091455725,4.8));
#2358 = CARTESIAN_POINT('',(18.621413561517,58.722111996266,4.8));
#2359 = CARTESIAN_POINT('',(19.108368522845,58.018874927862,4.8));
#2360 = CARTESIAN_POINT('',(19.588322212794,57.310884359465,4.8));
#2361 = CARTESIAN_POINT('',(20.595545070954,55.795541355997,4.8));
#2362 = CARTESIAN_POINT('',(21.121029812242,54.987059982351,4.8));
#2363 = CARTESIAN_POINT('',(21.638996529436,54.173703517076,4.8));
#2364 = CARTESIAN_POINT('',(22.150056270774,53.355976510785,4.8));
#2365 = CARTESIAN_POINT('',(22.654731133089,52.534301690706,4.8));
#2366 = CARTESIAN_POINT('',(23.153480357927,51.709036357723,4.8));
#2367 = CARTESIAN_POINT('',(23.646716585395,50.880482546848,4.8));
#2368 = CARTESIAN_POINT('',(25.470339297782,47.773490655011,4.8));
#2369 = CARTESIAN_POINT('',(26.767236450332,45.475597148496,4.8));
#2370 = CARTESIAN_POINT('',(28.033195704704,43.160306370561,4.8));
#2371 = CARTESIAN_POINT('',(29.273182582568,40.830998209677,4.8));
#2372 = CARTESIAN_POINT('',(30.491191294575,38.490285021494,4.8));
#2373 = CARTESIAN_POINT('',(31.690445989748,36.1401172153,4.8));
#2374 = CARTESIAN_POINT('',(32.873809761399,33.78200694159,4.8));
#2375 = CARTESIAN_POINT('',(34.580631814696,30.332365792435,4.8));
#2376 = CARTESIAN_POINT('',(35.114531822622,29.246242455004,4.8));
#2377 = CARTESIAN_POINT('',(35.645869536947,28.158861790883,4.8));
#2378 = CARTESIAN_POINT('',(36.174878213257,27.070346912364,4.8));
#2379 = CARTESIAN_POINT('',(36.701782736018,25.980814548806,4.8));
#2380 = CARTESIAN_POINT('',(37.22680341464,24.89037689564,4.8));
#2381 = CARTESIAN_POINT('',(37.750159779529,23.799143463375,4.8));
#2382 = CARTESIAN_POINT('',(38.272074378154,22.707222926603,4.8));
#2383 = ORIENTED_EDGE('',*,*,#2384,.T.);
#2384 = EDGE_CURVE('',#2350,#404,#2385,.T.);
#2385 = B_SPLINE_CURVE_WITH_KNOTS('',4,(#2386,#2387,#2388,#2389,#2390),
  .UNSPECIFIED.,.F.,.F.,(5,5),(0.,1.),.PIECEWISE_BEZIER_KNOTS.);
#2386 = CARTESIAN_POINT('',(23.332554901052,51.401571000386,
    4.800324745791));
#2387 = CARTESIAN_POINT('',(23.332554901052,51.401571000386,
    3.600243559399));
#2388 = CARTESIAN_POINT('',(23.332554901052,51.401571000386,
    2.400162373287));
#2389 = CARTESIAN_POINT('',(23.332554901052,51.401571000386,
    1.200081186392));
#2390 = CARTESIAN_POINT('',(23.332554901052,51.401571000386,0.));
#2391 = SURFACE_OF_LINEAR_EXTRUSION('',#2392,#2397);
#2392 = B_SPLINE_CURVE_WITH_KNOTS('',3,(#2393,#2394,#2395,#2396),
  .UNSPECIFIED.,.F.,.F.,(4,4),(0.,1.),.PIECEWISE_BEZIER_KNOTS.);
#2393 = CARTESIAN_POINT('',(38.272074378154,22.707222926603,0.));
#2394 = CARTESIAN_POINT('',(31.318406302955,37.255298411009,0.));
#2395 = CARTESIAN_POINT('',(23.440626110215,52.873895634668,0.));
#2396 = CARTESIAN_POINT('',(16.057783918766,62.144488427688,0.));
#2397 = VECTOR('',#2398,1.);
#2398 = DIRECTION('',(-0.,-0.,-1.));
#2399 = ADVANCED_FACE('',(#2400),#2434,.F.);
#2400 = FACE_BOUND('',#2401,.F.);
#2401 = EDGE_LOOP('',(#2402,#2412,#2418,#2419,#2420,#2428));
#2402 = ORIENTED_EDGE('',*,*,#2403,.F.);
#2403 = EDGE_CURVE('',#2404,#2406,#2408,.T.);
#2404 = VERTEX_POINT('',#2405);
#2405 = CARTESIAN_POINT('',(24.172674218772,62.847064918639,4.8));
#2406 = VERTEX_POINT('',#2407);
#2407 = CARTESIAN_POINT('',(24.172674218772,62.847064918639,15.4));
#2408 = LINE('',#2409,#2410);
#2409 = CARTESIAN_POINT('',(24.172674218772,62.847064918639,0.));
#2410 = VECTOR('',#2411,1.);
#2411 = DIRECTION('',(0.,0.,1.));
#2412 = ORIENTED_EDGE('',*,*,#2413,.T.);
#2413 = EDGE_CURVE('',#2404,#2350,#2414,.T.);
#2414 = LINE('',#2415,#2416);
#2415 = CARTESIAN_POINT('',(23.974182115746,60.142877418023,4.8));
#2416 = VECTOR('',#2417,1.);
#2417 = DIRECTION('',(-7.320481085564E-02,-0.997316928397,0.));
#2418 = ORIENTED_EDGE('',*,*,#2384,.T.);
#2419 = ORIENTED_EDGE('',*,*,#412,.F.);
#2420 = ORIENTED_EDGE('',*,*,#2421,.T.);
#2421 = EDGE_CURVE('',#413,#2422,#2424,.T.);
#2422 = VERTEX_POINT('',#2423);
#2423 = CARTESIAN_POINT('',(23.221011677648,49.881944849476,15.4));
#2424 = LINE('',#2425,#2426);
#2425 = CARTESIAN_POINT('',(23.221011677648,49.881944849476,0.));
#2426 = VECTOR('',#2427,1.);
#2427 = DIRECTION('',(0.,0.,1.));
#2428 = ORIENTED_EDGE('',*,*,#2429,.T.);
#2429 = EDGE_CURVE('',#2422,#2406,#2430,.T.);
#2430 = LINE('',#2431,#2432);
#2431 = CARTESIAN_POINT('',(23.221011677648,49.881944849476,15.4));
#2432 = VECTOR('',#2433,1.);
#2433 = DIRECTION('',(7.320481085564E-02,0.997316928397,0.));
#2434 = PLANE('',#2435);
#2435 = AXIS2_PLACEMENT_3D('',#2436,#2437,#2438);
#2436 = CARTESIAN_POINT('',(23.221011677648,49.881944849476,0.));
#2437 = DIRECTION('',(-0.997316928397,7.320481085564E-02,0.));
#2438 = DIRECTION('',(7.320481085564E-02,0.997316928397,0.));
#2439 = ADVANCED_FACE('',(#2440),#2475,.F.);
#2440 = FACE_BOUND('',#2441,.F.);
#2441 = EDGE_LOOP('',(#2442,#2450,#2473,#2474));
#2442 = ORIENTED_EDGE('',*,*,#2443,.T.);
#2443 = EDGE_CURVE('',#421,#2444,#2446,.T.);
#2444 = VERTEX_POINT('',#2445);
#2445 = CARTESIAN_POINT('',(20.933558577431,46.039086757599,15.4));
#2446 = LINE('',#2447,#2448);
#2447 = CARTESIAN_POINT('',(20.933558577431,46.039086757599,0.));
#2448 = VECTOR('',#2449,1.);
#2449 = DIRECTION('',(0.,0.,1.));
#2450 = ORIENTED_EDGE('',*,*,#2451,.T.);
#2451 = EDGE_CURVE('',#2444,#2422,#2452,.T.);
#2452 = B_SPLINE_CURVE_WITH_KNOTS('',10,(#2453,#2454,#2455,#2456,#2457,
    #2458,#2459,#2460,#2461,#2462,#2463,#2464,#2465,#2466,#2467,#2468,
    #2469,#2470,#2471,#2472),.UNSPECIFIED.,.F.,.F.,(11,9,11),(
    4.096888574266,6.647527052576,9.198165530886),.UNSPECIFIED.);
#2453 = CARTESIAN_POINT('',(20.933558577431,46.039086757599,15.4));
#2454 = CARTESIAN_POINT('',(21.23275365595,46.017125314341,15.4));
#2455 = CARTESIAN_POINT('',(21.503884897165,46.030589463091,
    15.400316860915));
#2456 = CARTESIAN_POINT('',(21.748862761566,46.078782405608,
    15.400692057587));
#2457 = CARTESIAN_POINT('',(21.967728986265,46.158956865774,
    15.401059088958));
#2458 = CARTESIAN_POINT('',(22.164412139127,46.274788333592,
    15.400946955524));
#2459 = CARTESIAN_POINT('',(22.327104114887,46.418522494739,
    15.400587537574));
#2460 = CARTESIAN_POINT('',(22.469337491017,46.581863596283,
    15.400452508604));
#2461 = CARTESIAN_POINT('',(22.590119434083,46.766080842138,
    15.400276476228));
#2462 = CARTESIAN_POINT('',(22.693611161476,46.967767037074,
    15.400176675348));
#2463 = CARTESIAN_POINT('',(22.870162132136,47.403526949757,
    15.400041796638));
#2464 = CARTESIAN_POINT('',(22.943250524732,47.637543645675,
    15.400010949647));
#2465 = CARTESIAN_POINT('',(23.003519151871,47.886054174755,
    15.400001930555));
#2466 = CARTESIAN_POINT('',(23.052896463078,48.147427847942,
    15.40000093326));
#2467 = CARTESIAN_POINT('',(23.093164246155,48.419914331347,
    15.400000645197));
#2468 = CARTESIAN_POINT('',(23.126096160193,48.701635246812,
    15.39999979149));
#2469 = CARTESIAN_POINT('',(23.153496830175,48.990642819421,
    15.399999623173));
#2470 = CARTESIAN_POINT('',(23.177195749436,49.284989160682,
    15.400000285311));
#2471 = CARTESIAN_POINT('',(23.199050234391,49.582749770955,15.4));
#2472 = CARTESIAN_POINT('',(23.221011677648,49.881944849476,15.4));
#2473 = ORIENTED_EDGE('',*,*,#2421,.F.);
#2474 = ORIENTED_EDGE('',*,*,#420,.F.);
#2475 = SURFACE_OF_LINEAR_EXTRUSION('',#2476,#2481);
#2476 = B_SPLINE_CURVE_WITH_KNOTS('',3,(#2477,#2478,#2479,#2480),
  .UNSPECIFIED.,.F.,.F.,(4,4),(0.,1.),.PIECEWISE_BEZIER_KNOTS.);
#2477 = CARTESIAN_POINT('',(20.933558577431,46.039086757599,0.));
#2478 = CARTESIAN_POINT('',(22.928192434226,45.892677135887,0.));
#2479 = CARTESIAN_POINT('',(23.074602055937,47.887310992682,0.));
#2480 = CARTESIAN_POINT('',(23.221011677648,49.881944849476,0.));
#2481 = VECTOR('',#2482,1.);
#2482 = DIRECTION('',(-0.,-0.,-1.));
#2483 = ADVANCED_FACE('',(#2484),#2502,.F.);
#2484 = FACE_BOUND('',#2485,.F.);
#2485 = EDGE_LOOP('',(#2486,#2494,#2500,#2501));
#2486 = ORIENTED_EDGE('',*,*,#2487,.T.);
#2487 = EDGE_CURVE('',#430,#2488,#2490,.T.);
#2488 = VERTEX_POINT('',#2489);
#2489 = CARTESIAN_POINT('',(16.83850487015,46.161688243853,15.4));
#2490 = LINE('',#2491,#2492);
#2491 = CARTESIAN_POINT('',(16.83850487015,46.161688243853,0.));
#2492 = VECTOR('',#2493,1.);
#2493 = DIRECTION('',(0.,0.,1.));
#2494 = ORIENTED_EDGE('',*,*,#2495,.T.);
#2495 = EDGE_CURVE('',#2488,#2444,#2496,.T.);
#2496 = LINE('',#2497,#2498);
#2497 = CARTESIAN_POINT('',(16.83850487015,46.161688243853,15.4));
#2498 = VECTOR('',#2499,1.);
#2499 = DIRECTION('',(0.999552131587,-2.99255115272E-02,0.));
#2500 = ORIENTED_EDGE('',*,*,#2443,.F.);
#2501 = ORIENTED_EDGE('',*,*,#429,.F.);
#2502 = PLANE('',#2503);
#2503 = AXIS2_PLACEMENT_3D('',#2504,#2505,#2506);
#2504 = CARTESIAN_POINT('',(16.83850487015,46.161688243853,0.));
#2505 = DIRECTION('',(2.99255115272E-02,0.999552131587,0.));
#2506 = DIRECTION('',(0.999552131587,-2.99255115272E-02,0.));
#2507 = ADVANCED_FACE('',(#2508),#2544,.F.);
#2508 = FACE_BOUND('',#2509,.F.);
#2509 = EDGE_LOOP('',(#2510,#2511,#2512,#2522,#2530,#2538));
#2510 = ORIENTED_EDGE('',*,*,#2487,.F.);
#2511 = ORIENTED_EDGE('',*,*,#437,.F.);
#2512 = ORIENTED_EDGE('',*,*,#2513,.F.);
#2513 = EDGE_CURVE('',#2514,#438,#2516,.T.);
#2514 = VERTEX_POINT('',#2515);
#2515 = CARTESIAN_POINT('',(17.485645789021,60.282196618777,4.8));
#2516 = B_SPLINE_CURVE_WITH_KNOTS('',4,(#2517,#2518,#2519,#2520,#2521),
  .UNSPECIFIED.,.F.,.F.,(5,5),(0.,1.),.PIECEWISE_BEZIER_KNOTS.);
#2517 = CARTESIAN_POINT('',(17.485645789269,60.28219662418,
    4.800324745791));
#2518 = CARTESIAN_POINT('',(17.485645789269,60.28219662418,
    3.600243559399));
#2519 = CARTESIAN_POINT('',(17.485645789269,60.28219662418,
    2.400162373287));
#2520 = CARTESIAN_POINT('',(17.485645789269,60.28219662418,
    1.200081186392));
#2521 = CARTESIAN_POINT('',(17.485645789269,60.28219662418,0.));
#2522 = ORIENTED_EDGE('',*,*,#2523,.T.);
#2523 = EDGE_CURVE('',#2514,#2524,#2526,.T.);
#2524 = VERTEX_POINT('',#2525);
#2525 = CARTESIAN_POINT('',(17.616305985491,63.133180608073,4.8));
#2526 = LINE('',#2527,#2528);
#2527 = CARTESIAN_POINT('',(17.790026511026,66.923733892808,4.8));
#2528 = VECTOR('',#2529,1.);
#2529 = DIRECTION('',(4.57818054978E-02,0.998951463428,0.));
#2530 = ORIENTED_EDGE('',*,*,#2531,.T.);
#2531 = EDGE_CURVE('',#2524,#2532,#2534,.T.);
#2532 = VERTEX_POINT('',#2533);
#2533 = CARTESIAN_POINT('',(17.616305985491,63.133180608073,15.4));
#2534 = LINE('',#2535,#2536);
#2535 = CARTESIAN_POINT('',(17.616305985491,63.133180608073,0.));
#2536 = VECTOR('',#2537,1.);
#2537 = DIRECTION('',(0.,0.,1.));
#2538 = ORIENTED_EDGE('',*,*,#2539,.T.);
#2539 = EDGE_CURVE('',#2532,#2488,#2540,.T.);
#2540 = LINE('',#2541,#2542);
#2541 = CARTESIAN_POINT('',(17.616305985491,63.133180608073,15.4));
#2542 = VECTOR('',#2543,1.);
#2543 = DIRECTION('',(-4.57818054978E-02,-0.998951463428,0.));
#2544 = PLANE('',#2545);
#2545 = AXIS2_PLACEMENT_3D('',#2546,#2547,#2548);
#2546 = CARTESIAN_POINT('',(17.616305985491,63.133180608073,0.));
#2547 = DIRECTION('',(0.998951463428,-4.57818054978E-02,0.));
#2548 = DIRECTION('',(-4.57818054978E-02,-0.998951463428,0.));
#2549 = ADVANCED_FACE('',(#2550),#2595,.T.);
#2550 = FACE_BOUND('',#2551,.T.);
#2551 = EDGE_LOOP('',(#2552,#2553,#2554,#2589));
#2552 = ORIENTED_EDGE('',*,*,#445,.F.);
#2553 = ORIENTED_EDGE('',*,*,#2513,.F.);
#2554 = ORIENTED_EDGE('',*,*,#2555,.F.);
#2555 = EDGE_CURVE('',#2556,#2514,#2558,.T.);
#2556 = VERTEX_POINT('',#2557);
#2557 = CARTESIAN_POINT('',(16.057783918766,62.144488427688,4.8));
#2558 = B_SPLINE_CURVE_WITH_KNOTS('',8,(#2559,#2560,#2561,#2562,#2563,
    #2564,#2565,#2566,#2567,#2568,#2569,#2570,#2571,#2572,#2573,#2574,
    #2575,#2576,#2577,#2578,#2579,#2580,#2581,#2582,#2583,#2584,#2585,
    #2586,#2587,#2588),.UNSPECIFIED.,.F.,.F.,(9,7,7,7,9),(0.,
    0.150911224113,0.321027077553,0.786497947249,1.),.UNSPECIFIED.);
#2559 = CARTESIAN_POINT('',(16.057783918766,62.144488427688,4.8));
#2560 = CARTESIAN_POINT('',(16.590581353982,61.475457729894,4.8));
#2561 = CARTESIAN_POINT('',(17.11229414504,60.797623032207,4.8));
#2562 = CARTESIAN_POINT('',(17.624087499139,60.112185059555,4.8));
#2563 = CARTESIAN_POINT('',(18.126873470627,59.420091455725,4.8));
#2564 = CARTESIAN_POINT('',(18.621413561517,58.722111996266,4.8));
#2565 = CARTESIAN_POINT('',(19.108368522845,58.018874927862,4.8));
#2566 = CARTESIAN_POINT('',(19.588322212794,57.310884359465,4.8));
#2567 = CARTESIAN_POINT('',(20.595545070954,55.795541355997,4.8));
#2568 = CARTESIAN_POINT('',(21.121029812242,54.987059982351,4.8));
#2569 = CARTESIAN_POINT('',(21.638996529436,54.173703517076,4.8));
#2570 = CARTESIAN_POINT('',(22.150056270774,53.355976510785,4.8));
#2571 = CARTESIAN_POINT('',(22.654731133089,52.534301690706,4.8));
#2572 = CARTESIAN_POINT('',(23.153480357927,51.709036357723,4.8));
#2573 = CARTESIAN_POINT('',(23.646716585395,50.880482546848,4.8));
#2574 = CARTESIAN_POINT('',(25.470339297782,47.773490655011,4.8));
#2575 = CARTESIAN_POINT('',(26.767236450332,45.475597148496,4.8));
#2576 = CARTESIAN_POINT('',(28.033195704704,43.160306370561,4.8));
#2577 = CARTESIAN_POINT('',(29.273182582568,40.830998209677,4.8));
#2578 = CARTESIAN_POINT('',(30.491191294575,38.490285021494,4.8));
#2579 = CARTESIAN_POINT('',(31.690445989748,36.1401172153,4.8));
#2580 = CARTESIAN_POINT('',(32.873809761399,33.78200694159,4.8));
#2581 = CARTESIAN_POINT('',(34.580631814696,30.332365792435,4.8));
#2582 = CARTESIAN_POINT('',(35.114531822622,29.246242455004,4.8));
#2583 = CARTESIAN_POINT('',(35.645869536947,28.158861790883,4.8));
#2584 = CARTESIAN_POINT('',(36.174878213257,27.070346912364,4.8));
#2585 = CARTESIAN_POINT('',(36.701782736018,25.980814548806,4.8));
#2586 = CARTESIAN_POINT('',(37.22680341464,24.89037689564,4.8));
#2587 = CARTESIAN_POINT('',(37.750159779529,23.799143463375,4.8));
#2588 = CARTESIAN_POINT('',(38.272074378154,22.707222926603,4.8));
#2589 = ORIENTED_EDGE('',*,*,#2590,.F.);
#2590 = EDGE_CURVE('',#446,#2556,#2591,.T.);
#2591 = LINE('',#2592,#2593);
#2592 = CARTESIAN_POINT('',(16.057783918766,62.144488427688,0.));
#2593 = VECTOR('',#2594,1.);
#2594 = DIRECTION('',(0.,0.,1.));
#2595 = SURFACE_OF_LINEAR_EXTRUSION('',#2596,#2601);
#2596 = B_SPLINE_CURVE_WITH_KNOTS('',3,(#2597,#2598,#2599,#2600),
  .UNSPECIFIED.,.F.,.F.,(4,4),(0.,1.),.PIECEWISE_BEZIER_KNOTS.);
#2597 = CARTESIAN_POINT('',(38.272074378154,22.707222926603,0.));
#2598 = CARTESIAN_POINT('',(31.318406302955,37.255298411009,0.));
#2599 = CARTESIAN_POINT('',(23.440626110215,52.873895634668,0.));
#2600 = CARTESIAN_POINT('',(16.057783918766,62.144488427688,0.));
#2601 = VECTOR('',#2602,1.);
#2602 = DIRECTION('',(-0.,-0.,-1.));
#2603 = ADVANCED_FACE('',(#2604),#2691,.T.);
#2604 = FACE_BOUND('',#2605,.T.);
#2605 = EDGE_LOOP('',(#2606,#2607,#2608,#2685));
#2606 = ORIENTED_EDGE('',*,*,#454,.F.);
#2607 = ORIENTED_EDGE('',*,*,#2590,.T.);
#2608 = ORIENTED_EDGE('',*,*,#2609,.F.);
#2609 = EDGE_CURVE('',#2610,#2556,#2612,.T.);
#2610 = VERTEX_POINT('',#2611);
#2611 = CARTESIAN_POINT('',(9.,59.,4.8));
#2612 = B_SPLINE_CURVE_WITH_KNOTS('',8,(#2613,#2614,#2615,#2616,#2617,
    #2618,#2619,#2620,#2621,#2622,#2623,#2624,#2625,#2626,#2627,#2628,
    #2629,#2630,#2631,#2632,#2633,#2634,#2635,#2636,#2637,#2638,#2639,
    #2640,#2641,#2642,#2643,#2644,#2645,#2646,#2647,#2648,#2649,#2650,
    #2651,#2652,#2653,#2654,#2655,#2656,#2657,#2658,#2659,#2660,#2661,
    #2662,#2663,#2664,#2665,#2666,#2667,#2668,#2669,#2670,#2671,#2672,
    #2673,#2674,#2675,#2676,#2677,#2678,#2679,#2680,#2681,#2682,#2683,
    #2684),.UNSPECIFIED.,.F.,.F.,(9,7,7,7,7,7,7,7,7,7,9),(0.,
    0.263891501108,0.39288078706,0.432471196206,0.45358652156,
    0.496262965419,0.54446304313,0.57010789811,0.622638725918,
    0.810914023816,1.),.UNSPECIFIED.);
#2613 = CARTESIAN_POINT('',(9.,59.,4.8));
#2614 = CARTESIAN_POINT('',(9.,59.390002667024,4.8));
#2615 = CARTESIAN_POINT('',(9.008216568049,59.779418272913,4.8));
#2616 = CARTESIAN_POINT('',(9.025713084832,60.168635708124,4.8));
#2617 = CARTESIAN_POINT('',(9.053944654584,60.557559562662,4.8));
#2618 = CARTESIAN_POINT('',(9.094681651955,60.94563627849,4.8));
#2619 = CARTESIAN_POINT('',(9.150515359824,61.331757879729,4.8));
#2620 = CARTESIAN_POINT('',(9.224568787361,61.71432040258,4.8));
#2621 = CARTESIAN_POINT('',(9.370742853542,62.274956566482,4.8));
#2622 = CARTESIAN_POINT('',(9.424422480748,62.457293931776,4.8));
#2623 = CARTESIAN_POINT('',(9.484481823466,62.637752724916,4.8));
#2624 = CARTESIAN_POINT('',(9.551718844633,62.815854098701,4.8));
#2625 = CARTESIAN_POINT('',(9.627036234827,62.990791376492,4.8));
#2626 = CARTESIAN_POINT('',(9.711446542818,63.161427729636,4.8));
#2627 = CARTESIAN_POINT('',(9.806084210623,63.326290290332,4.8));
#2628 = CARTESIAN_POINT('',(9.944801931915,63.531831374675,4.8));
#2629 = CARTESIAN_POINT('',(9.978450285984,63.579367862363,4.8));
#2630 = CARTESIAN_POINT('',(10.013199215785,63.626110426297,4.8));
#2631 = CARTESIAN_POINT('',(10.049076118691,63.671992804454,4.8));
#2632 = CARTESIAN_POINT('',(10.086104944122,63.716943224976,4.8));
#2633 = CARTESIAN_POINT('',(10.124304988771,63.760885421627,4.8));
#2634 = CARTESIAN_POINT('',(10.163689691822,63.803739649262,4.8));
#2635 = CARTESIAN_POINT('',(10.2259062754,63.867655656399,4.8));
#2636 = CARTESIAN_POINT('',(10.247885669028,63.889554690095,4.8));
#2637 = CARTESIAN_POINT('',(10.270204517523,63.911108028248,4.8));
#2638 = CARTESIAN_POINT('',(10.292862956618,63.932302895566,4.8));
#2639 = CARTESIAN_POINT('',(10.315860351316,63.953126513589,4.8));
#2640 = CARTESIAN_POINT('',(10.339195295886,63.973566100688,4.8));
#2641 = CARTESIAN_POINT('',(10.362865613869,63.993608872066,4.8));
#2642 = CARTESIAN_POINT('',(10.435380599693,64.052922876529,4.8));
#2643 = CARTESIAN_POINT('',(10.485255013028,64.090934594232,4.8));
#2644 = CARTESIAN_POINT('',(10.536460830756,64.127168027336,4.8));
#2645 = CARTESIAN_POINT('',(10.588956121525,64.161522157555,4.8));
#2646 = CARTESIAN_POINT('',(10.64268635164,64.193906427618,4.8));
#2647 = CARTESIAN_POINT('',(10.697582946766,64.22424305504,4.8));
#2648 = CARTESIAN_POINT('',(10.753561853614,64.252469345898,4.8));
#2649 = CARTESIAN_POINT('',(10.874854743571,64.307985010438,4.8));
#2650 = CARTESIAN_POINT('',(10.940451754068,64.334685971881,4.8));
#2651 = CARTESIAN_POINT('',(11.007166461414,64.35857500237,4.8));
#2652 = CARTESIAN_POINT('',(11.074849890361,64.379624467786,4.8));
#2653 = CARTESIAN_POINT('',(11.143352306564,64.397841796146,4.8));
#2654 = CARTESIAN_POINT('',(11.212524761018,64.413264283305,4.8));
#2655 = CARTESIAN_POINT('',(11.282220634486,64.425953898653,4.8));
#2656 = CARTESIAN_POINT('',(11.389581414282,64.441332911715,4.8));
#2657 = CARTESIAN_POINT('',(11.426976298608,64.445923598777,4.8));
#2658 = CARTESIAN_POINT('',(11.464462197101,64.449776536059,4.8));
#2659 = CARTESIAN_POINT('',(11.502020623367,64.452905570949,4.8));
#2660 = CARTESIAN_POINT('',(11.539634266407,64.455325735311,4.8));
#2661 = CARTESIAN_POINT('',(11.577287014601,64.457052966646,4.8));
#2662 = CARTESIAN_POINT('',(11.614963979696,64.458103829234,4.8));
#2663 = CARTESIAN_POINT('',(11.729850543091,64.459296990027,4.8));
#2664 = CARTESIAN_POINT('',(11.807089105539,64.457331374669,4.8));
#2665 = CARTESIAN_POINT('',(11.884256683733,64.45274570159,4.8));
#2666 = CARTESIAN_POINT('',(11.96125982891,64.445690728479,4.8));
#2667 = CARTESIAN_POINT('',(12.03802189109,64.436316700893,4.8));
#2668 = CARTESIAN_POINT('',(12.114482742224,64.424769394815,4.8));
#2669 = CARTESIAN_POINT('',(12.190598499346,64.41118615921,4.8));
#2670 = CARTESIAN_POINT('',(12.537810194781,64.34015932448,4.8));
#2671 = CARTESIAN_POINT('',(12.803745853138,64.26023526653,4.8));
#2672 = CARTESIAN_POINT('',(13.064002664823,64.161718903182,4.8));
#2673 = CARTESIAN_POINT('',(13.3183321165,64.048512351129,4.8));
#2674 = CARTESIAN_POINT('',(13.566788342281,63.923686600834,4.8));
#2675 = CARTESIAN_POINT('',(13.809696067937,63.78937054209,4.8));
#2676 = CARTESIAN_POINT('',(14.047726994322,63.646990219813,4.8));
#2677 = CARTESIAN_POINT('',(14.517072518362,63.34683315535,4.8));
#2678 = CARTESIAN_POINT('',(14.747752755984,63.189378091616,4.8));
#2679 = CARTESIAN_POINT('',(14.974412593209,63.026011020796,4.8));
#2680 = CARTESIAN_POINT('',(15.197388284212,62.857577010841,4.8));
#2681 = CARTESIAN_POINT('',(15.416960484224,62.684740075193,4.8));
#2682 = CARTESIAN_POINT('',(15.633386834037,62.508027296738,4.8));
#2683 = CARTESIAN_POINT('',(15.846911933024,62.327842192603,4.8));
#2684 = CARTESIAN_POINT('',(16.057783918766,62.144488427688,4.8));
#2685 = ORIENTED_EDGE('',*,*,#2686,.F.);
#2686 = EDGE_CURVE('',#455,#2610,#2687,.T.);
#2687 = LINE('',#2688,#2689);
#2688 = CARTESIAN_POINT('',(9.,59.,0.));
#2689 = VECTOR('',#2690,1.);
#2690 = DIRECTION('',(0.,0.,1.));
#2691 = SURFACE_OF_LINEAR_EXTRUSION('',#2692,#2697);
#2692 = B_SPLINE_CURVE_WITH_KNOTS('',3,(#2693,#2694,#2695,#2696),
  .UNSPECIFIED.,.F.,.F.,(4,4),(0.,1.),.PIECEWISE_BEZIER_KNOTS.);
#2693 = CARTESIAN_POINT('',(16.057783918766,62.144488427688,0.));
#2694 = CARTESIAN_POINT('',(11.55205453697,66.062232375191,0.));
#2695 = CARTESIAN_POINT('',(9.,65.,0.));
#2696 = CARTESIAN_POINT('',(9.,59.,0.));
#2697 = VECTOR('',#2698,1.);
#2698 = DIRECTION('',(-0.,-0.,-1.));
#2699 = ADVANCED_FACE('',(#2700),#2718,.T.);
#2700 = FACE_BOUND('',#2701,.T.);
#2701 = EDGE_LOOP('',(#2702,#2703,#2704,#2712));
#2702 = ORIENTED_EDGE('',*,*,#463,.F.);
#2703 = ORIENTED_EDGE('',*,*,#2686,.T.);
#2704 = ORIENTED_EDGE('',*,*,#2705,.F.);
#2705 = EDGE_CURVE('',#2706,#2610,#2708,.T.);
#2706 = VERTEX_POINT('',#2707);
#2707 = CARTESIAN_POINT('',(9.,24.,4.8));
#2708 = LINE('',#2709,#2710);
#2709 = CARTESIAN_POINT('',(9.,64.702573335308,4.8));
#2710 = VECTOR('',#2711,1.);
#2711 = DIRECTION('',(0.,1.,0.));
#2712 = ORIENTED_EDGE('',*,*,#2713,.F.);
#2713 = EDGE_CURVE('',#464,#2706,#2714,.T.);
#2714 = LINE('',#2715,#2716);
#2715 = CARTESIAN_POINT('',(9.,24.,0.));
#2716 = VECTOR('',#2717,1.);
#2717 = DIRECTION('',(0.,0.,1.));
#2718 = PLANE('',#2719);
#2719 = AXIS2_PLACEMENT_3D('',#2720,#2721,#2722);
#2720 = CARTESIAN_POINT('',(9.,59.,0.));
#2721 = DIRECTION('',(1.,0.,0.));
#2722 = DIRECTION('',(0.,-1.,0.));
#2723 = ADVANCED_FACE('',(#2724),#2788,.T.);
#2724 = FACE_BOUND('',#2725,.T.);
#2725 = EDGE_LOOP('',(#2726,#2727,#2728,#2760,#2782));
#2726 = ORIENTED_EDGE('',*,*,#471,.F.);
#2727 = ORIENTED_EDGE('',*,*,#2713,.T.);
#2728 = ORIENTED_EDGE('',*,*,#2729,.F.);
#2729 = EDGE_CURVE('',#2730,#2706,#2732,.T.);
#2730 = VERTEX_POINT('',#2731);
#2731 = CARTESIAN_POINT('',(9.073461862478,21.487119154833,4.8));
#2732 = B_SPLINE_CURVE_WITH_KNOTS('',6,(#2733,#2734,#2735,#2736,#2737,
    #2738,#2739,#2740,#2741,#2742,#2743,#2744,#2745,#2746,#2747,#2748,
    #2749,#2750,#2751,#2752,#2753,#2754,#2755,#2756,#2757,#2758,#2759),
  .UNSPECIFIED.,.F.,.F.,(7,5,5,5,5,7),(0.,5.18170317376E-02,
    0.415917131806,0.764520363005,0.922815915242,1.),.UNSPECIFIED.);
#2733 = CARTESIAN_POINT('',(10.,18.,4.8));
#2734 = CARTESIAN_POINT('',(9.976216114342,18.047567771315,4.8));
#2735 = CARTESIAN_POINT('',(9.952796221682,18.095312627974,4.8));
#2736 = CARTESIAN_POINT('',(9.929742782396,18.14323153902,4.8));
#2737 = CARTESIAN_POINT('',(9.907057964824,18.191321320902,4.8));
#2738 = CARTESIAN_POINT('',(9.884743645271,18.239578637475,4.8));
#2739 = CARTESIAN_POINT('',(9.708621005956,18.628239924007,4.8));
#2740 = CARTESIAN_POINT('',(9.572773448402,18.976663305025,4.8));
#2741 = CARTESIAN_POINT('',(9.455913538573,19.331868031105,4.8));
#2742 = CARTESIAN_POINT('',(9.357703942979,19.692428684061,4.8));
#2743 = CARTESIAN_POINT('',(9.276905499923,20.056917639278,4.8));
#2744 = CARTESIAN_POINT('',(9.149286883979,20.775458560543,4.8));
#2745 = CARTESIAN_POINT('',(9.101154929727,21.129360225679,4.8));
#2746 = CARTESIAN_POINT('',(9.065699012635,21.484736733157,4.8));
#2747 = CARTESIAN_POINT('',(9.040838477029,21.840874186106,4.8));
#2748 = CARTESIAN_POINT('',(9.024355070821,22.197341202092,4.8));
#2749 = CARTESIAN_POINT('',(9.009294311385,22.715953465494,4.8));
#2750 = CARTESIAN_POINT('',(9.005854466514,22.877941883406,4.8));
#2751 = CARTESIAN_POINT('',(9.003466605779,23.039948952304,4.8));
#2752 = CARTESIAN_POINT('',(9.001918809685,23.201963767383,4.8));
#2753 = CARTESIAN_POINT('',(9.00099861985,23.363980820466,4.8));
#2754 = CARTESIAN_POINT('',(9.000246520417,23.604999705985,4.8));
#2755 = CARTESIAN_POINT('',(9.000098608324,23.683999691031,4.8));
#2756 = CARTESIAN_POINT('',(9.00002465191,23.762999776485,4.8));
#2757 = CARTESIAN_POINT('',(8.99999999979,23.841999860442,4.8));
#2758 = CARTESIAN_POINT('',(9.,23.920999917749,4.8));
#2759 = CARTESIAN_POINT('',(9.,24.,4.8));
#2760 = ORIENTED_EDGE('',*,*,#2761,.T.);
#2761 = EDGE_CURVE('',#2730,#2762,#2764,.T.);
#2762 = VERTEX_POINT('',#2763);
#2763 = CARTESIAN_POINT('',(10.,18.,4.));
#2764 = B_SPLINE_CURVE_WITH_KNOTS('',6,(#2765,#2766,#2767,#2768,#2769,
    #2770,#2771,#2772,#2773,#2774,#2775,#2776,#2777,#2778,#2779,#2780,
    #2781),.UNSPECIFIED.,.F.,.F.,(7,5,5,7),(0.,0.221287530558,
    0.594415696559,1.),.UNSPECIFIED.);
#2765 = CARTESIAN_POINT('',(9.073400085462,21.487823749527,4.80034129335
    ));
#2766 = CARTESIAN_POINT('',(9.084010573521,21.366772954459,
    4.741699091665));
#2767 = CARTESIAN_POINT('',(9.096004401559,21.243940287813,
    4.685209202103));
#2768 = CARTESIAN_POINT('',(9.10952939415,21.119418534575,4.630972420571
    ));
#2769 = CARTESIAN_POINT('',(9.124740725068,20.993328494351,
    4.579092433872));
#2770 = CARTESIAN_POINT('',(9.141792400883,20.865821951471,
    4.529669682578));
#2771 = CARTESIAN_POINT('',(9.192927236449,20.520011794644,4.40375696654
    ));
#2772 = CARTESIAN_POINT('',(9.230675891669,20.29938854706,4.331945275779
    ));
#2773 = CARTESIAN_POINT('',(9.274754038089,20.076198485603,
    4.267837616429));
#2774 = CARTESIAN_POINT('',(9.32575596068,19.851606593221,4.211775251149
    ));
#2775 = CARTESIAN_POINT('',(9.384040501539,19.626931417701,
    4.163894104165));
#2776 = CARTESIAN_POINT('',(9.520805194162,19.160840450518,
    4.080830037311));
#2777 = CARTESIAN_POINT('',(9.600630798857,18.919566598775,
    4.047095779797));
#2778 = CARTESIAN_POINT('',(9.689015009453,18.681634637993,
    4.022780033495));
#2779 = CARTESIAN_POINT('',(9.785541632798,18.448458131544,
    4.007327799197));
#2780 = CARTESIAN_POINT('',(9.889487818379,18.221024363242,4.));
#2781 = CARTESIAN_POINT('',(10.,18.,4.));
#2782 = ORIENTED_EDGE('',*,*,#2783,.F.);
#2783 = EDGE_CURVE('',#472,#2762,#2784,.T.);
#2784 = LINE('',#2785,#2786);
#2785 = CARTESIAN_POINT('',(10.,18.,0.));
#2786 = VECTOR('',#2787,1.);
#2787 = DIRECTION('',(0.,0.,1.));
#2788 = SURFACE_OF_LINEAR_EXTRUSION('',#2789,#2794);
#2789 = B_SPLINE_CURVE_WITH_KNOTS('',3,(#2790,#2791,#2792,#2793),
  .UNSPECIFIED.,.F.,.F.,(4,4),(0.,1.),.PIECEWISE_BEZIER_KNOTS.);
#2790 = CARTESIAN_POINT('',(9.,24.,0.));
#2791 = CARTESIAN_POINT('',(9.,22.,0.));
#2792 = CARTESIAN_POINT('',(9.,20.,0.));
#2793 = CARTESIAN_POINT('',(10.,18.,0.));
#2794 = VECTOR('',#2795,1.);
#2795 = DIRECTION('',(-0.,-0.,-1.));
#2796 = ADVANCED_FACE('',(#2797),#2891,.T.);
#2797 = FACE_BOUND('',#2798,.T.);
#2798 = EDGE_LOOP('',(#2799,#2800,#2801,#2828,#2883));
#2799 = ORIENTED_EDGE('',*,*,#480,.F.);
#2800 = ORIENTED_EDGE('',*,*,#2783,.T.);
#2801 = ORIENTED_EDGE('',*,*,#2802,.F.);
#2802 = EDGE_CURVE('',#2803,#2762,#2805,.T.);
#2803 = VERTEX_POINT('',#2804);
#2804 = CARTESIAN_POINT('',(10.869960227223,14.512880845167,4.8));
#2805 = B_SPLINE_CURVE_WITH_KNOTS('',6,(#2806,#2807,#2808,#2809,#2810,
    #2811,#2812,#2813,#2814,#2815,#2816,#2817,#2818,#2819,#2820,#2821,
    #2822,#2823,#2824,#2825,#2826,#2827),.UNSPECIFIED.,.F.,.F.,(7,5,5,5,
    7),(0.,0.19242209603,0.579079837679,0.864899645672,1.),
  .UNSPECIFIED.);
#2806 = CARTESIAN_POINT('',(10.870444213536,14.512176250473,
    4.80034129335));
#2807 = CARTESIAN_POINT('',(10.813556966497,14.594970410343,
    4.760232248063));
#2808 = CARTESIAN_POINT('',(10.758572580135,14.680442878086,
    4.720236431116));
#2809 = CARTESIAN_POINT('',(10.705580752025,14.76861669446,
    4.680478215861));
#2810 = CARTESIAN_POINT('',(10.654666867448,14.859498282559,
    4.64109474584));
#2811 = CARTESIAN_POINT('',(10.605908901345,14.953071992649,
    4.602233685988));
#2812 = CARTESIAN_POINT('',(10.46586657659,15.242646839882,
    4.487325683147));
#2813 = CARTESIAN_POINT('',(10.381308133814,15.446753084861,
    4.413316082015));
#2814 = CARTESIAN_POINT('',(10.306306026526,15.661172367702,
    4.343329817795));
#2815 = CARTESIAN_POINT('',(10.24117650615,15.885149877323,
    4.278721705917));
#2816 = CARTESIAN_POINT('',(10.185936246422,16.117547285731,
    4.220790275582));
#2817 = CARTESIAN_POINT('',(10.106584187902,16.533548240924,
    4.133478632031));
#2818 = CARTESIAN_POINT('',(10.07810365044,16.714112808219,
    4.100583622966));
#2819 = CARTESIAN_POINT('',(10.054756439352,16.897802542619,
    4.072327122421));
#2820 = CARTESIAN_POINT('',(10.036328725938,17.083967758669,
    4.049037141353));
#2821 = CARTESIAN_POINT('',(10.022538777346,17.271945325049,
    4.030943204789));
#2822 = CARTESIAN_POINT('',(10.008594524094,17.550459420944,4.0121379066
    ));
#2823 = CARTESIAN_POINT('',(10.005084287384,17.640111729223,
    4.007291542945));
#2824 = CARTESIAN_POINT('',(10.002505385767,17.729955632801,
    4.003647945752));
#2825 = CARTESIAN_POINT('',(10.000822694484,17.819926128942,
    4.00121596494));
#2826 = CARTESIAN_POINT('',(10.,17.909960837316,4.));
#2827 = CARTESIAN_POINT('',(10.,18.,4.));
#2828 = ORIENTED_EDGE('',*,*,#2829,.F.);
#2829 = EDGE_CURVE('',#2830,#2803,#2832,.T.);
#2830 = VERTEX_POINT('',#2831);
#2831 = CARTESIAN_POINT('',(16.960534979684,12.16337056123,4.8));
#2832 = B_SPLINE_CURVE_WITH_KNOTS('',7,(#2833,#2834,#2835,#2836,#2837,
    #2838,#2839,#2840,#2841,#2842,#2843,#2844,#2845,#2846,#2847,#2848,
    #2849,#2850,#2851,#2852,#2853,#2854,#2855,#2856,#2857,#2858,#2859,
    #2860,#2861,#2862,#2863,#2864,#2865,#2866,#2867,#2868,#2869,#2870,
    #2871,#2872,#2873,#2874,#2875,#2876,#2877,#2878,#2879,#2880,#2881,
    #2882),.UNSPECIFIED.,.F.,.F.,(8,6,6,6,6,6,6,6,8),(0.,0.235771085267,
    0.463245557705,0.560304803833,0.605163882789,0.689039989833,
    0.785429570542,0.84238145666,1.),.UNSPECIFIED.);
#2833 = CARTESIAN_POINT('',(19.441911936737,12.057106381239,4.8));
#2834 = CARTESIAN_POINT('',(19.007251333704,12.066050274202,4.8));
#2835 = CARTESIAN_POINT('',(18.572718478872,12.077789488543,4.8));
#2836 = CARTESIAN_POINT('',(18.138298032344,12.093013974356,4.8));
#2837 = CARTESIAN_POINT('',(17.704047516801,12.112563420777,4.8));
#2838 = CARTESIAN_POINT('',(17.270101296481,12.137494325473,4.8));
#2839 = CARTESIAN_POINT('',(16.836673887626,12.169146316122,4.8));
#2840 = CARTESIAN_POINT('',(15.986697902697,12.248234185408,4.8));
#2841 = CARTESIAN_POINT('',(15.570446355225,12.295042322714,4.8));
#2842 = CARTESIAN_POINT('',(15.155204498719,12.351525081891,4.8));
#2843 = CARTESIAN_POINT('',(14.741460469764,12.419831346657,4.8));
#2844 = CARTESIAN_POINT('',(14.330343175154,12.502745812343,4.8));
#2845 = CARTESIAN_POINT('',(13.923652095612,12.603867787718,4.8));
#2846 = CARTESIAN_POINT('',(13.353446955467,12.781321923679,4.8));
#2847 = CARTESIAN_POINT('',(13.18426432432,12.838605815882,4.8));
#2848 = CARTESIAN_POINT('',(13.01666291089,12.900478784746,4.8));
#2849 = CARTESIAN_POINT('',(12.850960759264,12.96733908129,4.8));
#2850 = CARTESIAN_POINT('',(12.687560952727,13.039601408206,4.8));
#2851 = CARTESIAN_POINT('',(12.526942860163,13.117676538534,4.8));
#2852 = CARTESIAN_POINT('',(12.296947177085,13.24087842691,4.8));
#2853 = CARTESIAN_POINT('',(12.224960690643,13.281140513724,4.8));
#2854 = CARTESIAN_POINT('',(12.153742892489,13.322756636684,4.8));
#2855 = CARTESIAN_POINT('',(12.083353486771,13.365759000069,4.8));
#2856 = CARTESIAN_POINT('',(12.01385540039,13.410175749065,4.8));
#2857 = CARTESIAN_POINT('',(11.945313953552,13.456029640952,4.8));
#2858 = CARTESIAN_POINT('',(11.751553122807,13.591790010649,4.8));
#2859 = CARTESIAN_POINT('',(11.628866869788,13.685338563801,4.8));
#2860 = CARTESIAN_POINT('',(11.510208163994,13.784068023361,4.8));
#2861 = CARTESIAN_POINT('',(11.396030878304,13.887992711544,4.8));
#2862 = CARTESIAN_POINT('',(11.286750828583,13.997032197938,4.8));
#2863 = CARTESIAN_POINT('',(11.182724736512,14.11098787228,4.8));
#2864 = CARTESIAN_POINT('',(10.971039101312,14.365734894397,4.8));
#2865 = CARTESIAN_POINT('',(10.86511583007,14.508038537739,4.8));
#2866 = CARTESIAN_POINT('',(10.766895625741,14.655915237529,4.8));
#2867 = CARTESIAN_POINT('',(10.676541469702,14.808762992641,4.8));
#2868 = CARTESIAN_POINT('',(10.594001994565,14.965928231053,4.8));
#2869 = CARTESIAN_POINT('',(10.519070401083,15.126741030361,4.8));
#2870 = CARTESIAN_POINT('',(10.41148587492,15.387337241842,4.8));
#2871 = CARTESIAN_POINT('',(10.374072290992,15.48518508411,4.8));
#2872 = CARTESIAN_POINT('',(10.339135250257,15.583973392778,4.8));
#2873 = CARTESIAN_POINT('',(10.306595859954,15.683589982714,4.8));
#2874 = CARTESIAN_POINT('',(10.27636743066,15.783932245656,4.8));
#2875 = CARTESIAN_POINT('',(10.248359199366,15.884908439884,4.8));
#2876 = CARTESIAN_POINT('',(10.150857605955,16.267432234219,4.8));
#2877 = CARTESIAN_POINT('',(10.095579246215,16.552525979564,4.8));
#2878 = CARTESIAN_POINT('',(10.054615461872,16.840256877058,4.8));
#2879 = CARTESIAN_POINT('',(10.026069547534,17.129487539433,4.8));
#2880 = CARTESIAN_POINT('',(10.008319934053,17.419427463661,4.8));
#2881 = CARTESIAN_POINT('',(10.,17.709631092749,4.8));
#2882 = CARTESIAN_POINT('',(10.,18.,4.8));
#2883 = ORIENTED_EDGE('',*,*,#2884,.T.);
#2884 = EDGE_CURVE('',#2830,#481,#2885,.T.);
#2885 = B_SPLINE_CURVE_WITH_KNOTS('',4,(#2886,#2887,#2888,#2889,#2890),
  .UNSPECIFIED.,.F.,.F.,(5,5),(0.,1.),.PIECEWISE_BEZIER_KNOTS.);
#2886 = CARTESIAN_POINT('',(16.960534979794,12.163370562164,
    4.800324745791));
#2887 = CARTESIAN_POINT('',(16.960534979794,12.163370562164,
    3.600243559399));
#2888 = CARTESIAN_POINT('',(16.960534979794,12.163370562164,
    2.400162373287));
#2889 = CARTESIAN_POINT('',(16.960534979794,12.163370562164,
    1.200081186392));
#2890 = CARTESIAN_POINT('',(16.960534979794,12.163370562164,0.));
#2891 = SURFACE_OF_LINEAR_EXTRUSION('',#2892,#2897);
#2892 = B_SPLINE_CURVE_WITH_KNOTS('',3,(#2893,#2894,#2895,#2896),
  .UNSPECIFIED.,.F.,.F.,(4,4),(0.,1.),.PIECEWISE_BEZIER_KNOTS.);
#2893 = CARTESIAN_POINT('',(10.,18.,0.));
#2894 = CARTESIAN_POINT('',(10.,13.,0.));
#2895 = CARTESIAN_POINT('',(13.171753887383,12.18612571739,0.));
#2896 = CARTESIAN_POINT('',(19.441911936737,12.057106381239,0.));
#2897 = VECTOR('',#2898,1.);
#2898 = DIRECTION('',(-0.,-0.,-1.));
#2899 = ADVANCED_FACE('',(#2900),#2943,.F.);
#2900 = FACE_BOUND('',#2901,.F.);
#2901 = EDGE_LOOP('',(#2902,#2912,#2920,#2926,#2927,#2928,#2936));
#2902 = ORIENTED_EDGE('',*,*,#2903,.T.);
#2903 = EDGE_CURVE('',#2904,#2906,#2908,.T.);
#2904 = VERTEX_POINT('',#2905);
#2905 = CARTESIAN_POINT('',(16.794799020866,10.758453203907,15.4));
#2906 = VERTEX_POINT('',#2907);
#2907 = CARTESIAN_POINT('',(15.788434782242,2.227663647375,15.4));
#2908 = LINE('',#2909,#2910);
#2909 = CARTESIAN_POINT('',(17.903801995939,20.159295001362,15.4));
#2910 = VECTOR('',#2911,1.);
#2911 = DIRECTION('',(-0.117156087198,-0.99311351377,0.));
#2912 = ORIENTED_EDGE('',*,*,#2913,.F.);
#2913 = EDGE_CURVE('',#2914,#2906,#2916,.T.);
#2914 = VERTEX_POINT('',#2915);
#2915 = CARTESIAN_POINT('',(15.788434782242,2.227663647375,4.8));
#2916 = LINE('',#2917,#2918);
#2917 = CARTESIAN_POINT('',(15.788434782242,2.227663647375,0.));
#2918 = VECTOR('',#2919,1.);
#2919 = DIRECTION('',(0.,0.,1.));
#2920 = ORIENTED_EDGE('',*,*,#2921,.T.);
#2921 = EDGE_CURVE('',#2914,#2830,#2922,.T.);
#2922 = LINE('',#2923,#2924);
#2923 = CARTESIAN_POINT('',(20.873540178647,45.333293144734,4.8));
#2924 = VECTOR('',#2925,1.);
#2925 = DIRECTION('',(0.117156087198,0.99311351377,0.));
#2926 = ORIENTED_EDGE('',*,*,#2884,.T.);
#2927 = ORIENTED_EDGE('',*,*,#489,.F.);
#2928 = ORIENTED_EDGE('',*,*,#2929,.T.);
#2929 = EDGE_CURVE('',#490,#2930,#2932,.T.);
#2930 = VERTEX_POINT('',#2931);
#2931 = CARTESIAN_POINT('',(17.903801995939,20.159295001362,
    4.296919765633));
#2932 = LINE('',#2933,#2934);
#2933 = CARTESIAN_POINT('',(17.903801995939,20.159295001362,0.));
#2934 = VECTOR('',#2935,1.);
#2935 = DIRECTION('',(0.,0.,1.));
#2936 = ORIENTED_EDGE('',*,*,#2937,.F.);
#2937 = EDGE_CURVE('',#2904,#2930,#2938,.T.);
#2938 = ELLIPSE('',#2939,8.055473910159,8.);
#2939 = AXIS2_PLACEMENT_3D('',#2940,#2941,#2942);
#2940 = CARTESIAN_POINT('',(17.649073256517,18.,12.));
#2941 = DIRECTION('',(0.99311351377,-0.117156087198,0.));
#2942 = DIRECTION('',(-0.117156087198,-0.99311351377,-1.895288672025E-15
    ));
#2943 = PLANE('',#2944);
#2944 = AXIS2_PLACEMENT_3D('',#2945,#2946,#2947);
#2945 = CARTESIAN_POINT('',(17.903801995939,20.159295001362,0.));
#2946 = DIRECTION('',(0.99311351377,-0.117156087198,0.));
#2947 = DIRECTION('',(-0.117156087198,-0.99311351377,0.));
#2948 = ADVANCED_FACE('',(#2949),#2968,.F.);
#2949 = FACE_BOUND('',#2950,.F.);
#2950 = EDGE_LOOP('',(#2951,#2952,#2960,#2967));
#2951 = ORIENTED_EDGE('',*,*,#497,.F.);
#2952 = ORIENTED_EDGE('',*,*,#2953,.T.);
#2953 = EDGE_CURVE('',#498,#2954,#2956,.T.);
#2954 = VERTEX_POINT('',#2955);
#2955 = CARTESIAN_POINT('',(21.024867351979,19.962436997561,
    4.244431611377));
#2956 = LINE('',#2957,#2958);
#2957 = CARTESIAN_POINT('',(21.024867351979,19.962436997561,0.));
#2958 = VECTOR('',#2959,1.);
#2959 = DIRECTION('',(0.,0.,1.));
#2960 = ORIENTED_EDGE('',*,*,#2961,.F.);
#2961 = EDGE_CURVE('',#2930,#2954,#2962,.T.);
#2962 = ELLIPSE('',#2963,127.0872381847,8.);
#2963 = AXIS2_PLACEMENT_3D('',#2964,#2965,#2966);
#2964 = CARTESIAN_POINT('',(52.138126697477,18.,12.));
#2965 = DIRECTION('',(-6.294888546066E-02,-0.998016752274,0.));
#2966 = DIRECTION('',(-0.998016752274,6.294888546066E-02,
    -2.224858494801E-16));
#2967 = ORIENTED_EDGE('',*,*,#2929,.F.);
#2968 = PLANE('',#2969);
#2969 = AXIS2_PLACEMENT_3D('',#2970,#2971,#2972);
#2970 = CARTESIAN_POINT('',(21.024867351979,19.962436997561,0.));
#2971 = DIRECTION('',(-6.294888546066E-02,-0.998016752274,0.));
#2972 = DIRECTION('',(-0.998016752274,6.294888546066E-02,0.));
#2973 = ADVANCED_FACE('',(#2974),#3010,.F.);
#2974 = FACE_BOUND('',#2975,.F.);
#2975 = EDGE_LOOP('',(#2976,#2977,#2978,#2979,#2987,#2995,#3003));
#2976 = ORIENTED_EDGE('',*,*,#2953,.F.);
#2977 = ORIENTED_EDGE('',*,*,#505,.F.);
#2978 = ORIENTED_EDGE('',*,*,#2112,.T.);
#2979 = ORIENTED_EDGE('',*,*,#2980,.T.);
#2980 = EDGE_CURVE('',#2113,#2981,#2983,.T.);
#2981 = VERTEX_POINT('',#2982);
#2982 = CARTESIAN_POINT('',(20.,6.,4.8));
#2983 = LINE('',#2984,#2985);
#2984 = CARTESIAN_POINT('',(22.21726665521,36.207271136491,4.8));
#2985 = VECTOR('',#2986,1.);
#2986 = DIRECTION('',(-7.320481085564E-02,-0.997316928397,0.));
#2987 = ORIENTED_EDGE('',*,*,#2988,.T.);
#2988 = EDGE_CURVE('',#2981,#2989,#2991,.T.);
#2989 = VERTEX_POINT('',#2990);
#2990 = CARTESIAN_POINT('',(20.,6.,15.4));
#2991 = LINE('',#2992,#2993);
#2992 = CARTESIAN_POINT('',(20.,6.,0.));
#2993 = VECTOR('',#2994,1.);
#2994 = DIRECTION('',(0.,0.,1.));
#2995 = ORIENTED_EDGE('',*,*,#2996,.T.);
#2996 = EDGE_CURVE('',#2989,#2997,#2999,.T.);
#2997 = VERTEX_POINT('',#2998);
#2998 = CARTESIAN_POINT('',(20.349278806805,10.758453203907,15.4));
#2999 = LINE('',#3000,#3001);
#3000 = CARTESIAN_POINT('',(20.,6.,15.4));
#3001 = VECTOR('',#3002,1.);
#3002 = DIRECTION('',(7.320481085564E-02,0.997316928397,0.));
#3003 = ORIENTED_EDGE('',*,*,#3004,.F.);
#3004 = EDGE_CURVE('',#2954,#2997,#3005,.T.);
#3005 = ELLIPSE('',#3006,8.021522318745,8.);
#3006 = AXIS2_PLACEMENT_3D('',#3007,#3008,#3009);
#3007 = CARTESIAN_POINT('',(20.880821036177,18.,12.));
#3008 = DIRECTION('',(-0.997316928397,7.320481085564E-02,0.));
#3009 = DIRECTION('',(-7.320481085564E-02,-0.997316928397,
    -3.033196894162E-15));
#3010 = PLANE('',#3011);
#3011 = AXIS2_PLACEMENT_3D('',#3012,#3013,#3014);
#3012 = CARTESIAN_POINT('',(19.707180756577,2.010732286411,0.));
#3013 = DIRECTION('',(-0.997316928397,7.320481085564E-02,0.));
#3014 = DIRECTION('',(7.320481085564E-02,0.997316928397,0.));
#3015 = ADVANCED_FACE('',(#3016),#3032,.F.);
#3016 = FACE_BOUND('',#3017,.T.);
#3017 = EDGE_LOOP('',(#3018,#3029,#3030,#3031));
#3018 = ORIENTED_EDGE('',*,*,#3019,.F.);
#3019 = EDGE_CURVE('',#684,#740,#3020,.T.);
#3020 = B_SPLINE_CURVE_WITH_KNOTS('',7,(#3021,#3022,#3023,#3024,#3025,
    #3026,#3027,#3028),.UNSPECIFIED.,.F.,.F.,(8,8),(0.,1.),
  .PIECEWISE_BEZIER_KNOTS.);
#3021 = CARTESIAN_POINT('',(15.678627542772,0.231688256385,
    15.399999999978));
#3022 = CARTESIAN_POINT('',(15.768982016664,0.311394802715,
    15.48584026521));
#3023 = CARTESIAN_POINT('',(15.859910585318,0.391023803184,
    15.571643391701));
#3024 = CARTESIAN_POINT('',(15.951447443571,0.470570810584,
    15.657407338594));
#3025 = CARTESIAN_POINT('',(16.043593834288,0.550032186993,
    15.743128563969));
#3026 = CARTESIAN_POINT('',(16.136389256154,0.629402022139,
    15.828803939045));
#3027 = CARTESIAN_POINT('',(16.229857336214,0.708674542912,
    15.91442936002));
#3028 = CARTESIAN_POINT('',(16.324031756266,0.787842545233,16.));
#3029 = ORIENTED_EDGE('',*,*,#691,.T.);
#3030 = ORIENTED_EDGE('',*,*,#519,.T.);
#3031 = ORIENTED_EDGE('',*,*,#770,.F.);
#3032 = PLANE('',#3033);
#3033 = AXIS2_PLACEMENT_3D('',#3034,#3035,#3036);
#3034 = CARTESIAN_POINT('',(15.699643233551,0.530951252351,15.7));
#3035 = DIRECTION('',(4.953440355331E-02,0.705369649804,-0.707106781187)
  );
#3036 = DIRECTION('',(-0.997543325239,7.005222530915E-02,
    -6.938893903907E-18));
#3037 = ADVANCED_FACE('',(#3038),#3177,.T.);
#3038 = FACE_BOUND('',#3039,.T.);
#3039 = EDGE_LOOP('',(#3040,#3041,#3042,#3043,#3044,#3086,#3092,#3093,
    #3094,#3102,#3110,#3118));
#3040 = ORIENTED_EDGE('',*,*,#972,.F.);
#3041 = ORIENTED_EDGE('',*,*,#1881,.F.);
#3042 = ORIENTED_EDGE('',*,*,#651,.F.);
#3043 = ORIENTED_EDGE('',*,*,#675,.T.);
#3044 = ORIENTED_EDGE('',*,*,#3045,.T.);
#3045 = EDGE_CURVE('',#676,#3046,#3048,.T.);
#3046 = VERTEX_POINT('',#3047);
#3047 = CARTESIAN_POINT('',(15.952339936564,2.218590294474,4.8));
#3048 = B_SPLINE_CURVE_WITH_KNOTS('',6,(#3049,#3050,#3051,#3052,#3053,
    #3054,#3055,#3056,#3057,#3058,#3059,#3060,#3061,#3062,#3063,#3064,
    #3065,#3066,#3067,#3068,#3069,#3070,#3071,#3072,#3073,#3074,#3075,
    #3076,#3077,#3078,#3079,#3080,#3081,#3082,#3083,#3084,#3085),
  .UNSPECIFIED.,.F.,.F.,(7,5,5,5,5,5,5,7),(0.,0.266945800941,
    0.513604428382,0.620452524755,0.675920354906,0.784324734013,
    0.921687027732,1.),.UNSPECIFIED.);
#3049 = CARTESIAN_POINT('',(15.678627565958,0.23168825478,4.8));
#3050 = CARTESIAN_POINT('',(15.698470563942,0.592376167938,4.8));
#3051 = CARTESIAN_POINT('',(15.729891845283,0.95235794138,4.8));
#3052 = CARTESIAN_POINT('',(15.773521492299,1.311254537623,4.8));
#3053 = CARTESIAN_POINT('',(15.830367273722,1.668371554716,4.8));
#3054 = CARTESIAN_POINT('',(15.901751670335,2.022706354725,4.8));
#3055 = CARTESIAN_POINT('',(16.070935951595,2.696440484932,4.8));
#3056 = CARTESIAN_POINT('',(16.166253373184,3.016195764239,4.8));
#3057 = CARTESIAN_POINT('',(16.277248725999,3.331317858363,4.8));
#3058 = CARTESIAN_POINT('',(16.405921200039,3.639911498236,4.8));
#3059 = CARTESIAN_POINT('',(16.554588569754,3.939037001633,4.8));
#3060 = CARTESIAN_POINT('',(16.800190911962,4.348409613116,4.8));
#3061 = CARTESIAN_POINT('',(16.878659647722,4.469570287621,4.8));
#3062 = CARTESIAN_POINT('',(16.961557444706,4.58780399689,4.8));
#3063 = CARTESIAN_POINT('',(17.049061840861,4.702676142846,4.8));
#3064 = CARTESIAN_POINT('',(17.141305498943,4.813693382633,4.8));
#3065 = CARTESIAN_POINT('',(17.288725328346,4.97568122765,4.8));
#3066 = CARTESIAN_POINT('',(17.340394885501,5.029854140342,4.8));
#3067 = CARTESIAN_POINT('',(17.393363316228,5.082769091939,4.8));
#3068 = CARTESIAN_POINT('',(17.447631141684,5.134348167979,4.8));
#3069 = CARTESIAN_POINT('',(17.503190830209,5.184512616373,4.8));
#3070 = CARTESIAN_POINT('',(17.671099594743,5.328307906061,4.8));
#3071 = CARTESIAN_POINT('',(17.787059974514,5.417746388025,4.8));
#3072 = CARTESIAN_POINT('',(17.907746643018,5.500890902095,4.8));
#3073 = CARTESIAN_POINT('',(18.032894874118,5.577199866313,4.8));
#3074 = CARTESIAN_POINT('',(18.162103651741,5.646248198709,4.8));
#3075 = CARTESIAN_POINT('',(18.462953879435,5.785739841909,4.8));
#3076 = CARTESIAN_POINT('',(18.636780374236,5.851661443818,4.8));
#3077 = CARTESIAN_POINT('',(18.815099225936,5.90497700685,4.8));
#3078 = CARTESIAN_POINT('',(18.996709477495,5.945768881358,4.8));
#3079 = CARTESIAN_POINT('',(19.180456213924,5.974539079202,4.8));
#3080 = CARTESIAN_POINT('',(19.470648690223,6.00201488246,4.8));
#3081 = CARTESIAN_POINT('',(19.576391165438,6.008330048949,4.8));
#3082 = CARTESIAN_POINT('',(19.682333018023,6.011122723476,4.8));
#3083 = CARTESIAN_POINT('',(19.788326288888,6.010552908069,4.8));
#3084 = CARTESIAN_POINT('',(19.894247898104,6.006789807637,4.8));
#3085 = CARTESIAN_POINT('',(20.,6.,4.8));
#3086 = ORIENTED_EDGE('',*,*,#3087,.T.);
#3087 = EDGE_CURVE('',#3046,#2914,#3088,.T.);
#3088 = LINE('',#3089,#3090);
#3089 = CARTESIAN_POINT('',(18.353864693431,2.085648266502,4.8));
#3090 = VECTOR('',#3091,1.);
#3091 = DIRECTION('',(-0.998471294913,5.527271691189E-02,0.));
#3092 = ORIENTED_EDGE('',*,*,#2921,.T.);
#3093 = ORIENTED_EDGE('',*,*,#2829,.T.);
#3094 = ORIENTED_EDGE('',*,*,#3095,.T.);
#3095 = EDGE_CURVE('',#2803,#3096,#3098,.T.);
#3096 = VERTEX_POINT('',#3097);
#3097 = CARTESIAN_POINT('',(8.,14.512880845167,4.8));
#3098 = LINE('',#3099,#3100);
#3099 = CARTESIAN_POINT('',(8.,14.512880845167,4.8));
#3100 = VECTOR('',#3101,1.);
#3101 = DIRECTION('',(-1.,-0.,-2.22044604925E-16));
#3102 = ORIENTED_EDGE('',*,*,#3103,.F.);
#3103 = EDGE_CURVE('',#3104,#3096,#3106,.T.);
#3104 = VERTEX_POINT('',#3105);
#3105 = CARTESIAN_POINT('',(8.,9.,4.8));
#3106 = LINE('',#3107,#3108);
#3107 = CARTESIAN_POINT('',(8.,48.702573335308,4.8));
#3108 = VECTOR('',#3109,1.);
#3109 = DIRECTION('',(0.,1.,0.));
#3110 = ORIENTED_EDGE('',*,*,#3111,.F.);
#3111 = EDGE_CURVE('',#3112,#3104,#3114,.T.);
#3112 = VERTEX_POINT('',#3113);
#3113 = CARTESIAN_POINT('',(4.,6.,4.8));
#3114 = LINE('',#3115,#3116);
#3115 = CARTESIAN_POINT('',(28.084160651976,24.063120488982,4.8));
#3116 = VECTOR('',#3117,1.);
#3117 = DIRECTION('',(0.8,0.6,0.));
#3118 = ORIENTED_EDGE('',*,*,#3119,.F.);
#3119 = EDGE_CURVE('',#908,#3112,#3120,.T.);
#3120 = B_SPLINE_CURVE_WITH_KNOTS('',7,(#3121,#3122,#3123,#3124,#3125,
    #3126,#3127,#3128,#3129,#3130,#3131,#3132,#3133,#3134,#3135,#3136,
    #3137,#3138,#3139,#3140,#3141,#3142,#3143,#3144,#3145,#3146,#3147,
    #3148,#3149,#3150,#3151,#3152,#3153,#3154,#3155,#3156,#3157,#3158,
    #3159,#3160,#3161,#3162,#3163,#3164,#3165,#3166,#3167,#3168,#3169,
    #3170,#3171,#3172,#3173,#3174,#3175,#3176),.UNSPECIFIED.,.F.,.F.,(8,
    6,6,6,6,6,6,6,6,8),(0.,0.10090951211,0.146694477995,0.232792323673,
    0.317725292921,0.362145395471,0.45531178135,0.692560286609,
    0.876462739944,1.),.UNSPECIFIED.);
#3121 = CARTESIAN_POINT('',(0.,8.,4.8));
#3122 = CARTESIAN_POINT('',(0.,7.926059643841,4.8));
#3123 = CARTESIAN_POINT('',(2.126087904767E-03,7.852182055876,4.8));
#3124 = CARTESIAN_POINT('',(6.555367992668E-03,7.778435019832,4.8));
#3125 = CARTESIAN_POINT('',(1.348286957214E-02,7.704922382498,4.8));
#3126 = CARTESIAN_POINT('',(2.311805568528E-02,7.631783640436,4.8));
#3127 = CARTESIAN_POINT('',(3.567480001558E-02,7.559192560193,4.8));
#3128 = CARTESIAN_POINT('',(5.846922304664E-02,7.454760402934,4.8));
#3129 = CARTESIAN_POINT('',(6.622624536734E-02,7.422322641345,4.8));
#3130 = CARTESIAN_POINT('',(7.464432329181E-02,7.390061863001,4.8));
#3131 = CARTESIAN_POINT('',(8.374114417983E-02,7.358000282914,4.8));
#3132 = CARTESIAN_POINT('',(9.353306510344E-02,7.326161827391,4.8));
#3133 = CARTESIAN_POINT('',(0.104034519529,7.294571946078,4.8));
#3134 = CARTESIAN_POINT('',(0.136361904008,7.204371000537,4.8));
#3135 = CARTESIAN_POINT('',(0.160021416634,7.146447676541,4.8));
#3136 = CARTESIAN_POINT('',(0.186310889327,7.089681410672,4.8));
#3137 = CARTESIAN_POINT('',(0.215274722619,7.034266753158,4.8));
#3138 = CARTESIAN_POINT('',(0.246915052615,6.980392426434,4.8));
#3139 = CARTESIAN_POINT('',(0.281180013495,6.928234905789,4.8));
#3140 = CARTESIAN_POINT('',(0.354226473239,6.828349405911,4.8));
#3141 = CARTESIAN_POINT('',(0.392950177003,6.780557867372,4.8));
#3142 = CARTESIAN_POINT('',(0.434012480408,6.734730875644,4.8));
#3143 = CARTESIAN_POINT('',(0.477267520875,6.690966651127,4.8));
#3144 = CARTESIAN_POINT('',(0.522542794351,6.649316649841,4.8));
#3145 = CARTESIAN_POINT('',(0.569647745515,6.609794069901,4.8));
#3146 = CARTESIAN_POINT('',(0.643870651927,6.55281596236,4.8));
#3147 = CARTESIAN_POINT('',(0.669807048933,6.533825166862,4.8));
#3148 = CARTESIAN_POINT('',(0.696164833853,6.515406401735,4.8));
#3149 = CARTESIAN_POINT('',(0.7229177134,6.497553441385,4.8));
#3150 = CARTESIAN_POINT('',(0.750040138583,6.480257870598,4.8));
#3151 = CARTESIAN_POINT('',(0.777507627148,6.463509550749,4.8));
#3152 = CARTESIAN_POINT('',(0.863582486037,6.41329318551,4.8));
#3153 = CARTESIAN_POINT('',(0.923279592918,6.381649668567,4.8));
#3154 = CARTESIAN_POINT('',(0.984181861477,6.352254524161,4.8));
#3155 = CARTESIAN_POINT('',(1.046103815802,6.324980145744,4.8));
#3156 = CARTESIAN_POINT('',(1.108884762613,6.299690733426,4.8));
#3157 = CARTESIAN_POINT('',(1.172392504641,6.276249696172,4.8));
#3158 = CARTESIAN_POINT('',(1.39984589295,6.199210274917,4.8));
#3159 = CARTESIAN_POINT('',(1.567026601568,6.155102768915,4.8));
#3160 = CARTESIAN_POINT('',(1.736646806643,6.119904411858,4.8));
#3161 = CARTESIAN_POINT('',(1.907708837829,6.091922984778,4.8));
#3162 = CARTESIAN_POINT('',(2.079575668466,6.069790244281,4.8));
#3163 = CARTESIAN_POINT('',(2.251965320126,6.05242244178,4.8));
#3164 = CARTESIAN_POINT('',(2.559003429652,6.028471761997,4.8));
#3165 = CARTESIAN_POINT('',(2.69331468766,6.020350375058,4.8));
#3166 = CARTESIAN_POINT('',(2.827785636591,6.01415417405,4.8));
#3167 = CARTESIAN_POINT('',(2.962358337876,6.009541829128,4.8));
#3168 = CARTESIAN_POINT('',(3.096993539016,6.006217223119,4.8));
#3169 = CARTESIAN_POINT('',(3.231669593575,6.003912861357,4.8));
#3170 = CARTESIAN_POINT('',(3.456875689027,6.001353690828,4.8));
#3171 = CARTESIAN_POINT('',(3.547382458876,6.000674400497,4.8));
#3172 = CARTESIAN_POINT('',(3.637898401894,6.000269291405,4.8));
#3173 = CARTESIAN_POINT('',(3.728420313234,6.000067324292,4.8));
#3174 = CARTESIAN_POINT('',(3.818945683293,5.999999988461,4.8));
#3175 = CARTESIAN_POINT('',(3.909472658149,6.,4.8));
#3176 = CARTESIAN_POINT('',(4.,6.,4.8));
#3177 = PLANE('',#3178);
#3178 = AXIS2_PLACEMENT_3D('',#3179,#3180,#3181);
#3179 = CARTESIAN_POINT('',(19.160324500276,59.073886492491,4.8));
#3180 = DIRECTION('',(0.,0.,1.));
#3181 = DIRECTION('',(1.,0.,0.));
#3182 = ADVANCED_FACE('',(#3183),#3226,.F.);
#3183 = FACE_BOUND('',#3184,.F.);
#3184 = EDGE_LOOP('',(#3185,#3186,#3187,#3197));
#3185 = ORIENTED_EDGE('',*,*,#683,.F.);
#3186 = ORIENTED_EDGE('',*,*,#3045,.T.);
#3187 = ORIENTED_EDGE('',*,*,#3188,.F.);
#3188 = EDGE_CURVE('',#3189,#3046,#3191,.T.);
#3189 = VERTEX_POINT('',#3190);
#3190 = CARTESIAN_POINT('',(15.952339949973,2.218590292956,15.4));
#3191 = B_SPLINE_CURVE_WITH_KNOTS('',4,(#3192,#3193,#3194,#3195,#3196),
  .UNSPECIFIED.,.F.,.F.,(5,5),(0.,1.),.PIECEWISE_BEZIER_KNOTS.);
#3192 = CARTESIAN_POINT('',(15.952339949973,2.218590292956,16.));
#3193 = CARTESIAN_POINT('',(15.952339949973,2.218590292956,
    12.000000000392));
#3194 = CARTESIAN_POINT('',(15.952339949973,2.218590292956,
    7.999999999975));
#3195 = CARTESIAN_POINT('',(15.952339949973,2.218590292956,
    3.999999999608));
#3196 = CARTESIAN_POINT('',(15.952339949973,2.218590292956,0.));
#3197 = ORIENTED_EDGE('',*,*,#3198,.T.);
#3198 = EDGE_CURVE('',#3189,#684,#3199,.T.);
#3199 = B_SPLINE_CURVE_WITH_KNOTS('',13,(#3200,#3201,#3202,#3203,#3204,
    #3205,#3206,#3207,#3208,#3209,#3210,#3211,#3212,#3213,#3214,#3215,
    #3216,#3217,#3218,#3219,#3220,#3221,#3222,#3223,#3224,#3225),
  .UNSPECIFIED.,.F.,.F.,(14,12,14),(-1.986561712536,2.017576907914,
    2.177269364555),.UNSPECIFIED.);
#3200 = CARTESIAN_POINT('',(16.588615029829,3.981138753945,
    15.400120490165));
#3201 = CARTESIAN_POINT('',(16.454729274888,3.72855464097,
    15.399951737092));
#3202 = CARTESIAN_POINT('',(16.33563190423,3.46974523333,15.400013725419
    ));
#3203 = CARTESIAN_POINT('',(16.226741820221,3.199602713386,
    15.399998426065));
#3204 = CARTESIAN_POINT('',(16.135304374308,2.936384699571,
    15.400000837191));
#3205 = CARTESIAN_POINT('',(16.040088183115,2.635245466089,
    15.399996128292));
#3206 = CARTESIAN_POINT('',(15.975935149932,2.376966768195,
    15.400005987157));
#3207 = CARTESIAN_POINT('',(15.894994382112,2.049841563036,
    15.399994419498));
#3208 = CARTESIAN_POINT('',(15.846876606684,1.774140392782,
    15.400003548906));
#3209 = CARTESIAN_POINT('',(15.791629747597,1.456820515907,
    15.39999845113));
#3210 = CARTESIAN_POINT('',(15.752823624666,1.154409063726,
    15.400000432495));
#3211 = CARTESIAN_POINT('',(15.719584246581,0.843669486718,
    15.399999938966));
#3212 = CARTESIAN_POINT('',(15.694993221613,0.533100326901,
    15.400000000005));
#3213 = CARTESIAN_POINT('',(15.677434840702,0.209787707804,
    15.400000000002));
#3214 = CARTESIAN_POINT('',(15.676761436586,0.197387928502,
    15.400000000001));
#3215 = CARTESIAN_POINT('',(15.676088032471,0.1849881492,15.400000000001
    ));
#3216 = CARTESIAN_POINT('',(15.675414628356,0.172588369898,
    15.400000000001));
#3217 = CARTESIAN_POINT('',(15.674741224241,0.160188590596,
    15.400000000001));
#3218 = CARTESIAN_POINT('',(15.674067820126,0.147788811294,
    15.400000000001));
#3219 = CARTESIAN_POINT('',(15.67339441601,0.135389031992,
    15.400000000001));
#3220 = CARTESIAN_POINT('',(15.672721011895,0.12298925269,
    15.400000000001));
#3221 = CARTESIAN_POINT('',(15.67204760778,0.110589473388,15.4));
#3222 = CARTESIAN_POINT('',(15.671374203665,9.818969408636E-02,15.4));
#3223 = CARTESIAN_POINT('',(15.67070079955,8.578991478439E-02,15.4));
#3224 = CARTESIAN_POINT('',(15.670027395434,7.339013548242E-02,15.4));
#3225 = CARTESIAN_POINT('',(15.669353991319,6.099035618045E-02,15.4));
#3226 = SURFACE_OF_LINEAR_EXTRUSION('',#3227,#3232);
#3227 = B_SPLINE_CURVE_WITH_KNOTS('',3,(#3228,#3229,#3230,#3231),
  .UNSPECIFIED.,.F.,.F.,(4,4),(0.,1.),.PIECEWISE_BEZIER_KNOTS.);
#3228 = CARTESIAN_POINT('',(20.,6.,0.));
#3229 = CARTESIAN_POINT('',(17.007043062957,6.192162628496,0.));
#3230 = CARTESIAN_POINT('',(15.843338390383,3.225651343673,0.));
#3231 = CARTESIAN_POINT('',(15.678627565958,0.23168825478,0.));
#3232 = VECTOR('',#3233,1.);
#3233 = DIRECTION('',(-0.,-0.,-1.));
#3234 = ADVANCED_FACE('',(#3235),#3323,.T.);
#3235 = FACE_BOUND('',#3236,.T.);
#3236 = EDGE_LOOP('',(#3237,#3280,#3281,#3282));
#3237 = ORIENTED_EDGE('',*,*,#3238,.T.);
#3238 = EDGE_CURVE('',#3239,#708,#3241,.T.);
#3239 = VERTEX_POINT('',#3240);
#3240 = CARTESIAN_POINT('',(50.315188885978,10.76265515077,
    15.408935249213));
#3241 = B_SPLINE_CURVE_WITH_KNOTS('',13,(#3242,#3243,#3244,#3245,#3246,
    #3247,#3248,#3249,#3250,#3251,#3252,#3253,#3254,#3255,#3256,#3257,
    #3258,#3259,#3260,#3261,#3262,#3263,#3264,#3265,#3266,#3267,#3268,
    #3269,#3270,#3271,#3272,#3273,#3274,#3275,#3276,#3277,#3278,#3279),
  .UNSPECIFIED.,.F.,.F.,(14,12,12,14),(-1.159395076516,
    -8.807421775075E-02,53.477968720524,107.0440116588),.UNSPECIFIED.);
#3242 = CARTESIAN_POINT('',(57.194854080096,115.67283172223,
    15.400000310839));
#3243 = CARTESIAN_POINT('',(57.184297476455,115.59517104414,
    15.400000146677));
#3244 = CARTESIAN_POINT('',(57.173763967434,115.51753974108,
    15.400000050517));
#3245 = CARTESIAN_POINT('',(57.163251631684,115.43992420647,
    15.400000003535));
#3246 = CARTESIAN_POINT('',(57.152758724717,115.36231209934,
    15.399999988792));
#3247 = CARTESIAN_POINT('',(57.142283687097,115.28469235708,
    15.39999999396));
#3248 = CARTESIAN_POINT('',(57.131825129106,115.20705517145,
    15.400000006265));
#3249 = CARTESIAN_POINT('',(57.121381854227,115.12939202542,
    15.400000020192));
#3250 = CARTESIAN_POINT('',(57.110952829265,115.05169564614,
    15.400000027727));
#3251 = CARTESIAN_POINT('',(57.100537216184,114.97396005531,
    15.400000028712));
#3252 = CARTESIAN_POINT('',(57.090134343628,114.89618052383,
    15.400000021617));
#3253 = CARTESIAN_POINT('',(57.079743728238,114.81835360596,
    15.40000001042));
#3254 = CARTESIAN_POINT('',(57.069365061452,114.74047711806,
    15.400000000367));
#3255 = CARTESIAN_POINT('',(56.540655948153,110.76620170839,
    15.399999985514));
#3256 = CARTESIAN_POINT('',(56.051668445952,106.74248655993,
    15.400001276605));
#3257 = CARTESIAN_POINT('',(55.590814442591,102.60562418368,
    15.400054269957));
#3258 = CARTESIAN_POINT('',(55.157091541673,98.371216834305,
    15.400833075453));
#3259 = CARTESIAN_POINT('',(54.749159515602,94.052306766183,
    15.403288097433));
#3260 = CARTESIAN_POINT('',(54.366322517126,89.666795856288,
    15.408345597056));
#3261 = CARTESIAN_POINT('',(54.00700973724,85.226055941,15.416704281048)
  );
#3262 = CARTESIAN_POINT('',(53.670611383073,80.748719983062,
    15.428806016812));
#3263 = CARTESIAN_POINT('',(53.355682866441,76.247189851932,
    15.444788786968));
#3264 = CARTESIAN_POINT('',(53.061348869451,71.738177361952,
    15.464388064967));
#3265 = CARTESIAN_POINT('',(52.78642857859,67.236125777011,
    15.486930135887));
#3266 = CARTESIAN_POINT('',(52.529861483985,62.756400253751,
    15.510941253161));
#3267 = CARTESIAN_POINT('',(52.051239208326,53.871796101293,
    15.557400420464));
#3268 = CARTESIAN_POINT('',(51.829184348406,49.466919334963,
    15.579504135261));
#3269 = CARTESIAN_POINT('',(51.623295530562,45.114620215259,
    15.599467841335));
#3270 = CARTESIAN_POINT('',(51.432478419467,40.830022868426,
    15.613334920845));
#3271 = CARTESIAN_POINT('',(51.255638649758,36.628253076773,
    15.616032776046));
#3272 = CARTESIAN_POINT('',(51.091681439317,32.52442161561,
    15.604126986072));
#3273 = CARTESIAN_POINT('',(50.939510302104,28.533596687519,
    15.577737114472));
#3274 = CARTESIAN_POINT('',(50.798026696191,24.670782911854,
    15.540728859167));
#3275 = CARTESIAN_POINT('',(50.666130991296,20.950906258407,
    15.499178000033));
#3276 = CARTESIAN_POINT('',(50.542723361983,17.388786126198,
    15.458982286192));
#3277 = CARTESIAN_POINT('',(50.426701777311,13.999057702752,
    15.424378171258));
#3278 = CARTESIAN_POINT('',(50.316952511153,10.795989564401,
    15.399999999997));
#3279 = CARTESIAN_POINT('',(50.212327095338,7.79312338792,15.4));
#3280 = ORIENTED_EDGE('',*,*,#705,.F.);
#3281 = ORIENTED_EDGE('',*,*,#1861,.F.);
#3282 = ORIENTED_EDGE('',*,*,#3283,.F.);
#3283 = EDGE_CURVE('',#3239,#1831,#3284,.T.);
#3284 = B_SPLINE_CURVE_WITH_KNOTS('',7,(#3285,#3286,#3287,#3288,#3289,
    #3290,#3291,#3292,#3293,#3294,#3295,#3296,#3297,#3298,#3299,#3300,
    #3301,#3302,#3303,#3304,#3305,#3306,#3307,#3308,#3309,#3310,#3311,
    #3312,#3313,#3314,#3315,#3316,#3317,#3318,#3319,#3320,#3321,#3322),
  .UNSPECIFIED.,.F.,.F.,(8,6,6,6,6,6,8),(0.,8.669127937636E-02,
    0.311222626354,0.597150781892,0.701310991712,0.832570970167,1.),
  .UNSPECIFIED.);
#3285 = CARTESIAN_POINT('',(50.31877333241,10.866534243765,
    15.621279650154));
#3286 = CARTESIAN_POINT('',(50.316350398457,10.796312724948,
    15.482952084148));
#3287 = CARTESIAN_POINT('',(50.314047406219,10.729573892377,
    15.343731935034));
#3288 = CARTESIAN_POINT('',(50.311863123063,10.666281464577,
    15.203687735509));
#3289 = CARTESIAN_POINT('',(50.30979640241,10.606401558967,
    15.062884332672));
#3290 = CARTESIAN_POINT('',(50.307846183732,10.549902691865,
    14.921382888027));
#3291 = CARTESIAN_POINT('',(50.306011492553,10.496755778484,
    14.779240877479));
#3292 = CARTESIAN_POINT('',(50.299836486979,10.317895534537,
    14.266842998488));
#3293 = CARTESIAN_POINT('',(50.296150924916,10.211174383085,
    13.893270699728));
#3294 = CARTESIAN_POINT('',(50.29321850782,10.126284599669,
    13.516688926968));
#3295 = CARTESIAN_POINT('',(50.291028349926,10.062894627231,
    13.137928571297));
#3296 = CARTESIAN_POINT('',(50.289573098486,10.020779209569,
    12.75776349413));
#3297 = CARTESIAN_POINT('',(50.28884860999,9.999812283165,12.37691236591
    ));
#3298 = CARTESIAN_POINT('',(50.288863433456,10.000241279033,
    11.51101238749));
#3299 = CARTESIAN_POINT('',(50.290057168666,10.034788359798,
    11.026104468216));
#3300 = CARTESIAN_POINT('',(50.29243549701,10.103618018268,
    10.542603516508));
#3301 = CARTESIAN_POINT('',(50.29600983948,10.207077247904,
    10.061999339167));
#3302 = CARTESIAN_POINT('',(50.300799917174,10.345769489318,
    9.585976922433));
#3303 = CARTESIAN_POINT('',(50.306833228658,10.520530912199,
    9.116414784212));
#3304 = CARTESIAN_POINT('',(50.316821847338,10.809974346498,
    8.487492961093));
#3305 = CARTESIAN_POINT('',(50.319659681095,10.89221607664,8.3207137124)
  );
#3306 = CARTESIAN_POINT('',(50.322670208635,10.979472299188,
    8.155197251147));
#3307 = CARTESIAN_POINT('',(50.325855573081,11.071805967536,
    7.991063959705));
#3308 = CARTESIAN_POINT('',(50.329218070047,11.169283920011,
    7.828445360578));
#3309 = CARTESIAN_POINT('',(50.332760147638,11.271976879877,
    7.667484116391));
#3310 = CARTESIAN_POINT('',(50.341177620227,11.51603627922,
    7.307777243772));
#3311 = CARTESIAN_POINT('',(50.34615994194,11.660507186642,
    7.110105584096));
#3312 = CARTESIAN_POINT('',(50.351436760918,11.813526311004,
    6.915620345625));
#3313 = CARTESIAN_POINT('',(50.35701345709,11.975245459874,
    6.724672100235));
#3314 = CARTESIAN_POINT('',(50.362895340078,12.145811412781,
    6.537659777829));
#3315 = CARTESIAN_POINT('',(50.369087588283,12.325363219009,
    6.355029747254));
#3316 = CARTESIAN_POINT('',(50.383895974817,12.754683287892,
    5.950539204879));
#3317 = CARTESIAN_POINT('',(50.392708632775,13.010131379624,
    5.731769004479));
#3318 = CARTESIAN_POINT('',(50.40204413132,13.280658475561,5.52196320778
    ));
#3319 = CARTESIAN_POINT('',(50.411909416676,13.566420126823,
    5.322352054106));
#3320 = CARTESIAN_POINT('',(50.42230588883,13.867393742041,
    5.134363827461));
#3321 = CARTESIAN_POINT('',(50.433227185032,14.183312993157,
    4.959577129258));
#3322 = CARTESIAN_POINT('',(50.444656269779,14.513585615668,
    4.79965870665));
#3323 = SURFACE_OF_LINEAR_EXTRUSION('',#3324,#3329);
#3324 = B_SPLINE_CURVE_WITH_KNOTS('',3,(#3325,#3326,#3327,#3328),
  .UNSPECIFIED.,.F.,.F.,(4,4),(0.,1.),.PIECEWISE_BEZIER_KNOTS.);
#3325 = CARTESIAN_POINT('',(57.047924928494,114.57923953727,0.));
#3326 = CARTESIAN_POINT('',(52.564327502608,80.816873593481,0.));
#3327 = CARTESIAN_POINT('',(51.118335249188,33.796568337102,0.));
#3328 = CARTESIAN_POINT('',(50.212327095338,7.79312338792,0.));
#3329 = VECTOR('',#3330,1.);
#3330 = DIRECTION('',(-0.,-0.,-1.));
#3331 = ADVANCED_FACE('',(#3332),#3347,.F.);
#3332 = FACE_BOUND('',#3333,.F.);
#3333 = EDGE_LOOP('',(#3334,#3344,#3345,#3346));
#3334 = ORIENTED_EDGE('',*,*,#3335,.T.);
#3335 = EDGE_CURVE('',#3189,#738,#3336,.T.);
#3336 = B_SPLINE_CURVE_WITH_KNOTS('',6,(#3337,#3338,#3339,#3340,#3341,
    #3342,#3343),.UNSPECIFIED.,.F.,.F.,(7,7),(0.,1.),
  .PIECEWISE_BEZIER_KNOTS.);
#3337 = CARTESIAN_POINT('',(15.952340440949,2.218590266555,
    15.400000000777));
#3338 = CARTESIAN_POINT('',(16.077322149944,2.312272944924,
    15.50044754458));
#3339 = CARTESIAN_POINT('',(16.203950703392,2.405720112731,
    15.600750963414));
#3340 = CARTESIAN_POINT('',(16.332375162606,2.498902531567,
    15.70088930259));
#3341 = CARTESIAN_POINT('',(16.462766889555,2.591782748944,
    15.800834638518));
#3342 = CARTESIAN_POINT('',(16.595355580667,2.684311073681,
    15.900550051924));
#3343 = CARTESIAN_POINT('',(16.730275682217,2.776444465964,16.));
#3344 = ORIENTED_EDGE('',*,*,#737,.T.);
#3345 = ORIENTED_EDGE('',*,*,#3019,.F.);
#3346 = ORIENTED_EDGE('',*,*,#3198,.F.);
#3347 = B_SPLINE_SURFACE_WITH_KNOTS('',1,13,(
    (#3348,#3349,#3350,#3351,#3352,#3353,#3354,#3355,#3356,#3357,#3358
      ,#3359,#3360,#3361,#3362,#3363,#3364,#3365,#3366,#3367,#3368,#3369
      ,#3370,#3371,#3372,#3373)
    ,(#3374,#3375,#3376,#3377,#3378,#3379,#3380,#3381,#3382,#3383,#3384
      ,#3385,#3386,#3387,#3388,#3389,#3390,#3391,#3392,#3393,#3394,#3395
      ,#3396,#3397,#3398,#3399
    )),.UNSPECIFIED.,.F.,.F.,.F.,(2,2),(14,12,14),(0.,4.004138620449),(
    -1.986561712536,2.017576907914,2.177269364555),.UNSPECIFIED.);
#3348 = CARTESIAN_POINT('',(16.588615029829,3.981138753945,
    15.400120490165));
#3349 = CARTESIAN_POINT('',(16.454729274888,3.72855464097,
    15.399951737092));
#3350 = CARTESIAN_POINT('',(16.33563190423,3.46974523333,15.400013725419
    ));
#3351 = CARTESIAN_POINT('',(16.226741820221,3.199602713386,
    15.399998426065));
#3352 = CARTESIAN_POINT('',(16.135304374308,2.936384699571,
    15.400000837191));
#3353 = CARTESIAN_POINT('',(16.040088183115,2.635245466089,
    15.399996128292));
#3354 = CARTESIAN_POINT('',(15.975935149932,2.376966768195,
    15.400005987157));
#3355 = CARTESIAN_POINT('',(15.894994382112,2.049841563036,
    15.399994419498));
#3356 = CARTESIAN_POINT('',(15.846876606684,1.774140392782,
    15.400003548906));
#3357 = CARTESIAN_POINT('',(15.791629747597,1.456820515907,
    15.39999845113));
#3358 = CARTESIAN_POINT('',(15.752823624666,1.154409063726,
    15.400000432495));
#3359 = CARTESIAN_POINT('',(15.719584246581,0.843669486718,
    15.399999938966));
#3360 = CARTESIAN_POINT('',(15.694993221613,0.533100326901,
    15.400000000005));
#3361 = CARTESIAN_POINT('',(15.677434840702,0.209787707804,
    15.400000000002));
#3362 = CARTESIAN_POINT('',(15.676761436586,0.197387928502,
    15.400000000001));
#3363 = CARTESIAN_POINT('',(15.676088032471,0.1849881492,15.400000000001
    ));
#3364 = CARTESIAN_POINT('',(15.675414628356,0.172588369898,
    15.400000000001));
#3365 = CARTESIAN_POINT('',(15.674741224241,0.160188590596,
    15.400000000001));
#3366 = CARTESIAN_POINT('',(15.674067820126,0.147788811294,
    15.400000000001));
#3367 = CARTESIAN_POINT('',(15.67339441601,0.135389031992,
    15.400000000001));
#3368 = CARTESIAN_POINT('',(15.672721011895,0.12298925269,
    15.400000000001));
#3369 = CARTESIAN_POINT('',(15.67204760778,0.110589473388,15.4));
#3370 = CARTESIAN_POINT('',(15.671374203665,9.818969408636E-02,15.4));
#3371 = CARTESIAN_POINT('',(15.67070079955,8.578991478439E-02,15.4));
#3372 = CARTESIAN_POINT('',(15.670027395434,7.339013548242E-02,15.4));
#3373 = CARTESIAN_POINT('',(15.669353991319,6.099035618045E-02,15.4));
#3374 = CARTESIAN_POINT('',(17.116022878541,3.721221523308,16.));
#3375 = CARTESIAN_POINT('',(16.998849787769,3.483503942607,
    15.999999999998));
#3376 = CARTESIAN_POINT('',(16.891638622944,3.243180870184,
    16.00000000001));
#3377 = CARTESIAN_POINT('',(16.793698514552,2.997000386023,
    15.999999999971));
#3378 = CARTESIAN_POINT('',(16.705123015818,2.748201871115,
    16.000000000059));
#3379 = CARTESIAN_POINT('',(16.624015479573,2.479954999328,
    15.999999999907));
#3380 = CARTESIAN_POINT('',(16.553241268005,2.225753373702,
    16.000000000116));
#3381 = CARTESIAN_POINT('',(16.488999944766,1.933701985323,
    15.999999999885));
#3382 = CARTESIAN_POINT('',(16.433979669385,1.66073128019,
    16.000000000091));
#3383 = CARTESIAN_POINT('',(16.387118597542,1.368724351914,
    15.999999999943));
#3384 = CARTESIAN_POINT('',(16.34801333345,1.078034129902,
    16.000000000028));
#3385 = CARTESIAN_POINT('',(16.316900309453,0.783178400004,
    15.99999999999));
#3386 = CARTESIAN_POINT('',(16.293358916645,0.486762728047,
    16.000000000002));
#3387 = CARTESIAN_POINT('',(16.276580563923,0.177802642607,16.));
#3388 = CARTESIAN_POINT('',(16.275932093527,0.16586157354,16.));
#3389 = CARTESIAN_POINT('',(16.275278640985,0.153828762176,16.));
#3390 = CARTESIAN_POINT('',(16.274620206296,0.141704208516,16.));
#3391 = CARTESIAN_POINT('',(16.273956789459,0.12948791256,16.));
#3392 = CARTESIAN_POINT('',(16.273288390475,0.117179874306,
    15.999999999999));
#3393 = CARTESIAN_POINT('',(16.272615009344,0.104780093756,
    15.999999999999));
#3394 = CARTESIAN_POINT('',(16.271936646066,9.228857090902E-02,
    15.999999999999));
#3395 = CARTESIAN_POINT('',(16.271253300641,7.970530576549E-02,
    15.999999999999));
#3396 = CARTESIAN_POINT('',(16.270564973068,6.703029832528E-02,
    15.999999999999));
#3397 = CARTESIAN_POINT('',(16.269871663349,5.426354858839E-02,
    15.999999999999));
#3398 = CARTESIAN_POINT('',(16.269173371482,4.140505655482E-02,
    15.999999999999));
#3399 = CARTESIAN_POINT('',(16.268470097468,2.845482222457E-02,
    15.999999999999));
#3400 = ADVANCED_FACE('',(#3401),#3417,.F.);
#3401 = FACE_BOUND('',#3402,.T.);
#3402 = EDGE_LOOP('',(#3403,#3409,#3415,#3416));
#3403 = ORIENTED_EDGE('',*,*,#3404,.F.);
#3404 = EDGE_CURVE('',#2906,#870,#3405,.T.);
#3405 = LINE('',#3406,#3407);
#3406 = CARTESIAN_POINT('',(19.43078000477,5.289564063861,
    18.658541990123));
#3407 = VECTOR('',#3408,1.);
#3408 = DIRECTION('',(0.631567722139,0.530920973524,0.565017815847));
#3409 = ORIENTED_EDGE('',*,*,#3410,.T.);
#3410 = EDGE_CURVE('',#2906,#3189,#3411,.T.);
#3411 = LINE('',#3412,#3413);
#3412 = CARTESIAN_POINT('',(15.788434782242,2.227663647375,15.4));
#3413 = VECTOR('',#3414,1.);
#3414 = DIRECTION('',(0.998471294913,-5.527271691189E-02,0.));
#3415 = ORIENTED_EDGE('',*,*,#3335,.T.);
#3416 = ORIENTED_EDGE('',*,*,#877,.F.);
#3417 = PLANE('',#3418);
#3418 = AXIS2_PLACEMENT_3D('',#3419,#3420,#3421);
#3419 = CARTESIAN_POINT('',(15.805016597315,2.527205035849,15.7));
#3420 = DIRECTION('',(3.9083712943E-02,0.706025823453,-0.707106781187));
#3421 = DIRECTION('',(-0.998471294913,5.527271691189E-02,
    2.081668171172E-17));
#3422 = ADVANCED_FACE('',(#3423),#3435,.F.);
#3423 = FACE_BOUND('',#3424,.T.);
#3424 = EDGE_LOOP('',(#3425,#3432,#3433,#3434));
#3425 = ORIENTED_EDGE('',*,*,#3426,.T.);
#3426 = EDGE_CURVE('',#862,#2904,#3427,.T.);
#3427 = ELLIPSE('',#3428,11.392160455089,8.);
#3428 = AXIS2_PLACEMENT_3D('',#3429,#3430,#3431);
#3429 = CARTESIAN_POINT('',(14.225496844699,18.,12.));
#3430 = DIRECTION('',(0.702237300075,-8.284186371494E-02,-0.707106781187
    ));
#3431 = DIRECTION('',(-0.711942957254,-8.171251097519E-02,
    -0.697467053821));
#3432 = ORIENTED_EDGE('',*,*,#2903,.T.);
#3433 = ORIENTED_EDGE('',*,*,#3404,.T.);
#3434 = ORIENTED_EDGE('',*,*,#869,.F.);
#3435 = PLANE('',#3436);
#3436 = AXIS2_PLACEMENT_3D('',#3437,#3438,#3439);
#3437 = CARTESIAN_POINT('',(18.20173605007,20.124148175202,15.7));
#3438 = DIRECTION('',(0.702237300075,-8.284186371494E-02,-0.707106781187
    ));
#3439 = DIRECTION('',(0.117156087198,0.99311351377,1.387778780781E-17));
#3440 = ADVANCED_FACE('',(#3441),#3455,.F.);
#3441 = FACE_BOUND('',#3442,.T.);
#3442 = EDGE_LOOP('',(#3443,#3444,#3445,#3452,#3453,#3454));
#3443 = ORIENTED_EDGE('',*,*,#3426,.F.);
#3444 = ORIENTED_EDGE('',*,*,#861,.T.);
#3445 = ORIENTED_EDGE('',*,*,#3446,.F.);
#3446 = EDGE_CURVE('',#2997,#854,#3447,.T.);
#3447 = ELLIPSE('',#3448,11.344145654047,8.);
#3448 = AXIS2_PLACEMENT_3D('',#3449,#3450,#3451);
#3449 = CARTESIAN_POINT('',(24.289968021644,18.,12.));
#3450 = DIRECTION('',(-0.705209563062,5.17636181715E-02,-0.707106781187)
  );
#3451 = DIRECTION('',(-0.708998922542,-5.148695913715E-02,0.703327534562
    ));
#3452 = ORIENTED_EDGE('',*,*,#3004,.F.);
#3453 = ORIENTED_EDGE('',*,*,#2961,.F.);
#3454 = ORIENTED_EDGE('',*,*,#2937,.F.);
#3455 = CYLINDRICAL_SURFACE('',#3456,8.);
#3456 = AXIS2_PLACEMENT_3D('',#3457,#3458,#3459);
#3457 = CARTESIAN_POINT('',(8.,18.,12.));
#3458 = DIRECTION('',(-1.,-0.,-2.22044604925E-16));
#3459 = DIRECTION('',(-1.110223024625E-16,-0.866025403784,0.5));
#3460 = ADVANCED_FACE('',(#3461),#3472,.F.);
#3461 = FACE_BOUND('',#3462,.T.);
#3462 = EDGE_LOOP('',(#3463,#3469,#3470,#3471));
#3463 = ORIENTED_EDGE('',*,*,#3464,.F.);
#3464 = EDGE_CURVE('',#2989,#846,#3465,.T.);
#3465 = LINE('',#3466,#3467);
#3466 = CARTESIAN_POINT('',(23.71114202941,9.203588674144,
    11.933333333333));
#3467 = VECTOR('',#3468,1.);
#3468 = DIRECTION('',(-0.618066014331,-0.533536379824,0.57735026919));
#3469 = ORIENTED_EDGE('',*,*,#2996,.T.);
#3470 = ORIENTED_EDGE('',*,*,#3446,.T.);
#3471 = ORIENTED_EDGE('',*,*,#853,.F.);
#3472 = PLANE('',#3473);
#3473 = AXIS2_PLACEMENT_3D('',#3474,#3475,#3476);
#3474 = CARTESIAN_POINT('',(19.700804921481,6.021961443257,15.7));
#3475 = DIRECTION('',(-0.705209563062,5.17636181715E-02,-0.707106781187)
  );
#3476 = DIRECTION('',(-7.320481085564E-02,-0.997316928397,
    -1.387778780781E-17));
#3477 = ADVANCED_FACE('',(#3478),#3496,.F.);
#3478 = FACE_BOUND('',#3479,.T.);
#3479 = EDGE_LOOP('',(#3480,#3488,#3494,#3495));
#3480 = ORIENTED_EDGE('',*,*,#3481,.F.);
#3481 = EDGE_CURVE('',#3482,#838,#3484,.T.);
#3482 = VERTEX_POINT('',#3483);
#3483 = CARTESIAN_POINT('',(41.940972424738,4.389494161176,15.4));
#3484 = LINE('',#3485,#3486);
#3485 = CARTESIAN_POINT('',(42.125794848246,4.175389813325,15.6));
#3486 = VECTOR('',#3487,1.);
#3487 = DIRECTION('',(0.533536379824,-0.618066014331,0.57735026919));
#3488 = ORIENTED_EDGE('',*,*,#3489,.T.);
#3489 = EDGE_CURVE('',#3482,#2989,#3490,.T.);
#3490 = LINE('',#3491,#3492);
#3491 = CARTESIAN_POINT('',(41.940972424738,4.389494161176,15.4));
#3492 = VECTOR('',#3493,1.);
#3493 = DIRECTION('',(-0.997316928397,7.320481085564E-02,0.));
#3494 = ORIENTED_EDGE('',*,*,#3464,.T.);
#3495 = ORIENTED_EDGE('',*,*,#845,.F.);
#3496 = PLANE('',#3497);
#3497 = AXIS2_PLACEMENT_3D('',#3498,#3499,#3500);
#3498 = CARTESIAN_POINT('',(41.919010981481,4.090299082657,15.7));
#3499 = DIRECTION('',(-5.17636181715E-02,-0.705209563062,-0.707106781187
    ));
#3500 = DIRECTION('',(0.997316928397,-7.320481085564E-02,
    2.775557561563E-17));
#3501 = ADVANCED_FACE('',(#3502),#3521,.T.);
#3502 = FACE_BOUND('',#3503,.F.);
#3503 = EDGE_LOOP('',(#3504,#3505,#3513,#3520));
#3504 = ORIENTED_EDGE('',*,*,#3481,.F.);
#3505 = ORIENTED_EDGE('',*,*,#3506,.T.);
#3506 = EDGE_CURVE('',#3482,#3507,#3509,.T.);
#3507 = VERTEX_POINT('',#3508);
#3508 = CARTESIAN_POINT('',(42.408465183354,10.758453203907,15.4));
#3509 = LINE('',#3510,#3511);
#3510 = CARTESIAN_POINT('',(41.940972424738,4.389494161176,15.4));
#3511 = VECTOR('',#3512,1.);
#3512 = DIRECTION('',(7.320481085564E-02,0.997316928397,0.));
#3513 = ORIENTED_EDGE('',*,*,#3514,.T.);
#3514 = EDGE_CURVE('',#3507,#830,#3515,.T.);
#3515 = ELLIPSE('',#3516,11.344145654047,8.);
#3516 = AXIS2_PLACEMENT_3D('',#3517,#3518,#3519);
#3517 = CARTESIAN_POINT('',(39.530860427259,18.,12.));
#3518 = DIRECTION('',(-0.705209563062,5.17636181715E-02,0.707106781187)
  );
#3519 = DIRECTION('',(-0.708998922542,-5.148695913715E-02,
    -0.703327534562));
#3520 = ORIENTED_EDGE('',*,*,#837,.F.);
#3521 = PLANE('',#3522);
#3522 = AXIS2_PLACEMENT_3D('',#3523,#3524,#3525);
#3523 = CARTESIAN_POINT('',(42.240167503257,4.367532717919,15.7));
#3524 = DIRECTION('',(-0.705209563062,5.17636181715E-02,0.707106781187)
  );
#3525 = DIRECTION('',(-7.320481085564E-02,-0.997316928397,
    2.359223927328E-16));
#3526 = ADVANCED_FACE('',(#3527),#3634,.F.);
#3527 = FACE_BOUND('',#3528,.T.);
#3528 = EDGE_LOOP('',(#3529,#3530,#3531,#3540,#3541,#3542,#3585,#3596,
    #3604,#3611,#3612,#3618,#3619,#3627));
#3529 = ORIENTED_EDGE('',*,*,#3514,.T.);
#3530 = ORIENTED_EDGE('',*,*,#829,.T.);
#3531 = ORIENTED_EDGE('',*,*,#3532,.T.);
#3532 = EDGE_CURVE('',#787,#3239,#3533,.T.);
#3533 = B_SPLINE_CURVE_WITH_KNOTS('',5,(#3534,#3535,#3536,#3537,#3538,
    #3539),.UNSPECIFIED.,.F.,.F.,(6,6),(0.,1.),
  .PIECEWISE_BEZIER_KNOTS.);
#3534 = CARTESIAN_POINT('',(49.837274617753,11.071796769725,16.));
#3535 = CARTESIAN_POINT('',(49.930753374874,11.003726163803,
    15.882098252041));
#3536 = CARTESIAN_POINT('',(50.025380011552,10.938896225309,
    15.764017523031));
#3537 = CARTESIAN_POINT('',(50.121056308538,10.877177615354,
    15.645782977836));
#3538 = CARTESIAN_POINT('',(50.21768910366,10.818461960262,
    15.527415975803));
#3539 = CARTESIAN_POINT('',(50.315188885978,10.76265515077,
    15.408935249213));
#3540 = ORIENTED_EDGE('',*,*,#3283,.T.);
#3541 = ORIENTED_EDGE('',*,*,#1830,.F.);
#3542 = ORIENTED_EDGE('',*,*,#3543,.F.);
#3543 = EDGE_CURVE('',#3544,#1822,#3546,.T.);
#3544 = VERTEX_POINT('',#3545);
#3545 = CARTESIAN_POINT('',(50.823481402313,25.176220464999,
    15.535796916924));
#3546 = B_SPLINE_CURVE_WITH_KNOTS('',7,(#3547,#3548,#3549,#3550,#3551,
    #3552,#3553,#3554,#3555,#3556,#3557,#3558,#3559,#3560,#3561,#3562,
    #3563,#3564,#3565,#3566,#3567,#3568,#3569,#3570,#3571,#3572,#3573,
    #3574,#3575,#3576,#3577,#3578,#3579,#3580,#3581,#3582,#3583,#3584),
  .UNSPECIFIED.,.F.,.F.,(8,6,6,6,6,6,8),(0.,8.669083745979E-02,
    0.311218936813,0.597143525566,0.701303939645,0.832565982998,1.),
  .UNSPECIFIED.);
#3547 = CARTESIAN_POINT('',(50.821906661872,25.133465756235,
    15.621279650154));
#3548 = CARTESIAN_POINT('',(50.824492559446,25.203686990983,
    15.482952643729));
#3549 = CARTESIAN_POINT('',(50.826951979043,25.270425670253,
    15.34373285923));
#3550 = CARTESIAN_POINT('',(50.829285949947,25.333718052059,
    15.203688833328));
#3551 = CARTESIAN_POINT('',(50.831495436956,25.393597997183,
    15.062885418614));
#3552 = CARTESIAN_POINT('',(50.833581340381,25.450096969176,
    14.921383783603));
#3553 = CARTESIAN_POINT('',(50.835544496049,25.503244034358,
    14.779241412733));
#3554 = CARTESIAN_POINT('',(50.842154304715,25.682103722728,
    14.266845128636));
#3555 = CARTESIAN_POINT('',(50.846104302137,25.788824760563,
    13.893273933615));
#3556 = CARTESIAN_POINT('',(50.849249880353,25.873714741056,
    13.516692415222));
#3557 = CARTESIAN_POINT('',(50.851600578295,25.93710500577,
    13.137931650297));
#3558 = CARTESIAN_POINT('',(50.853162946306,25.979220668236,
    12.757765706727));
#3559 = CARTESIAN_POINT('',(50.853940759528,26.000187715945,
    12.376913480643));
#3560 = CARTESIAN_POINT('',(50.853924845151,25.999758721656,
    11.511010071794));
#3561 = CARTESIAN_POINT('',(50.852643241276,25.965211309543,
    11.026099763101));
#3562 = CARTESIAN_POINT('',(50.850089860332,25.89638097792,
    10.542596924306));
#3563 = CARTESIAN_POINT('',(50.846254209802,25.792920935776,
    10.061991840516));
#3564 = CARTESIAN_POINT('',(50.8411187046,25.654228123703,9.585969905027
    ));
#3565 = CARTESIAN_POINT('',(50.834659669857,25.479466921879,
    9.116409968701));
#3566 = CARTESIAN_POINT('',(50.823989022743,25.190024916153,
    8.487491398733));
#3567 = CARTESIAN_POINT('',(50.820959219764,25.107782821828,
    8.320711528768));
#3568 = CARTESIAN_POINT('',(50.817747195406,25.020526344089,
    8.155194746886));
#3569 = CARTESIAN_POINT('',(50.814351167869,24.928192568976,
    7.99106144423));
#3570 = CARTESIAN_POINT('',(50.810769265868,24.830714700159,
    7.82844314716));
#3571 = CARTESIAN_POINT('',(50.806999528628,24.728022058941,
    7.667482517257));
#3572 = CARTESIAN_POINT('',(50.79805002392,24.483962143628,
    7.307774963534));
#3573 = CARTESIAN_POINT('',(50.792758811133,24.339490333015,
    7.110102263045));
#3574 = CARTESIAN_POINT('',(50.78716198753,24.18647060854,6.915616549106
    ));
#3575 = CARTESIAN_POINT('',(50.781255504497,24.024751251855,
    6.724668375258));
#3576 = CARTESIAN_POINT('',(50.775035633956,23.854185567456,
    6.53765663147));
#3577 = CARTESIAN_POINT('',(50.768499057523,23.674634580004,
    6.355027626283));
#3578 = CARTESIAN_POINT('',(50.752897512984,23.245314378245,5.9505370663
    ));
#3579 = CARTESIAN_POINT('',(50.743633456609,22.989865301214,
    5.731766277893));
#3580 = CARTESIAN_POINT('',(50.733844273462,22.719337892178,
    5.521960578609));
#3581 = CARTESIAN_POINT('',(50.723528442977,22.433576613483,
    5.322350002799));
#3582 = CARTESIAN_POINT('',(50.712691087615,22.132603954453,
    5.134362574417));
#3583 = CARTESIAN_POINT('',(50.701346040746,21.816685967536,
    4.959576626025));
#3584 = CARTESIAN_POINT('',(50.689518331891,21.486414384332,
    4.79965870665));
#3585 = ORIENTED_EDGE('',*,*,#3586,.F.);
#3586 = EDGE_CURVE('',#3587,#3544,#3589,.T.);
#3587 = VERTEX_POINT('',#3588);
#3588 = CARTESIAN_POINT('',(50.591657934146,24.928203230276,16.));
#3589 = B_SPLINE_CURVE_WITH_KNOTS('',5,(#3590,#3591,#3592,#3593,#3594,
    #3595),.UNSPECIFIED.,.F.,.F.,(6,6),(0.,1.),
  .PIECEWISE_BEZIER_KNOTS.);
#3590 = CARTESIAN_POINT('',(50.591657934146,24.928203230276,16.));
#3591 = CARTESIAN_POINT('',(50.638761883858,24.982055733723,
    15.906724727914));
#3592 = CARTESIAN_POINT('',(50.685465207091,25.033678570116,
    15.813686262165));
#3593 = CARTESIAN_POINT('',(50.731801055372,25.083186131016,
    15.720864011444));
#3594 = CARTESIAN_POINT('',(50.777797944242,25.130672927547,
    15.628239774383));
#3595 = CARTESIAN_POINT('',(50.823481402313,25.176220464999,
    15.535796916924));
#3596 = ORIENTED_EDGE('',*,*,#3597,.F.);
#3597 = EDGE_CURVE('',#3598,#3587,#3600,.T.);
#3598 = VERTEX_POINT('',#3599);
#3599 = CARTESIAN_POINT('',(44.050163848976,24.928203230276,16.));
#3600 = LINE('',#3601,#3602);
#3601 = CARTESIAN_POINT('',(8.,24.928203230276,16.));
#3602 = VECTOR('',#3603,1.);
#3603 = DIRECTION('',(1.,0.,2.22044604925E-16));
#3604 = ORIENTED_EDGE('',*,*,#3605,.T.);
#3605 = EDGE_CURVE('',#3598,#2041,#3606,.T.);
#3606 = ELLIPSE('',#3607,11.344145654047,8.);
#3607 = AXIS2_PLACEMENT_3D('',#3608,#3609,#3610);
#3608 = CARTESIAN_POINT('',(39.530860427259,18.,12.));
#3609 = DIRECTION('',(-0.705209563062,5.17636181715E-02,0.707106781187)
  );
#3610 = DIRECTION('',(-0.708998922542,-5.148695913715E-02,
    -0.703327534562));
#3611 = ORIENTED_EDGE('',*,*,#2075,.T.);
#3612 = ORIENTED_EDGE('',*,*,#3613,.T.);
#3613 = EDGE_CURVE('',#2068,#2222,#3614,.T.);
#3614 = LINE('',#3615,#3616);
#3615 = CARTESIAN_POINT('',(8.,21.487119154833,4.8));
#3616 = VECTOR('',#3617,1.);
#3617 = DIRECTION('',(-1.,-0.,-2.22044604925E-16));
#3618 = ORIENTED_EDGE('',*,*,#2221,.F.);
#3619 = ORIENTED_EDGE('',*,*,#3620,.F.);
#3620 = EDGE_CURVE('',#3621,#2145,#3623,.T.);
#3621 = VERTEX_POINT('',#3622);
#3622 = CARTESIAN_POINT('',(42.684046753789,14.512880845167,4.8));
#3623 = LINE('',#3624,#3625);
#3624 = CARTESIAN_POINT('',(8.,14.512880845167,4.8));
#3625 = VECTOR('',#3626,1.);
#3626 = DIRECTION('',(-1.,-0.,-2.22044604925E-16));
#3627 = ORIENTED_EDGE('',*,*,#3628,.T.);
#3628 = EDGE_CURVE('',#3621,#3507,#3629,.T.);
#3629 = ELLIPSE('',#3630,8.021522318745,8.);
#3630 = AXIS2_PLACEMENT_3D('',#3631,#3632,#3633);
#3631 = CARTESIAN_POINT('',(42.940007412725,18.,12.));
#3632 = DIRECTION('',(-0.997316928397,7.320481085564E-02,0.));
#3633 = DIRECTION('',(-7.320481085564E-02,-0.997316928397,
    -3.033196894162E-15));
#3634 = CYLINDRICAL_SURFACE('',#3635,8.);
#3635 = AXIS2_PLACEMENT_3D('',#3636,#3637,#3638);
#3636 = CARTESIAN_POINT('',(8.,18.,12.));
#3637 = DIRECTION('',(-1.,-0.,-2.22044604925E-16));
#3638 = DIRECTION('',(-1.110223024625E-16,-0.866025403784,0.5));
#3639 = ADVANCED_FACE('',(#3640),#3646,.T.);
#3640 = FACE_BOUND('',#3641,.T.);
#3641 = EDGE_LOOP('',(#3642,#3643,#3644,#3645));
#3642 = ORIENTED_EDGE('',*,*,#3238,.F.);
#3643 = ORIENTED_EDGE('',*,*,#3532,.F.);
#3644 = ORIENTED_EDGE('',*,*,#786,.T.);
#3645 = ORIENTED_EDGE('',*,*,#891,.F.);
#3646 = B_SPLINE_SURFACE_WITH_KNOTS('',1,13,(
    (#3647,#3648,#3649,#3650,#3651,#3652,#3653,#3654,#3655,#3656,#3657
      ,#3658,#3659,#3660,#3661,#3662,#3663,#3664,#3665,#3666,#3667,#3668
      ,#3669,#3670,#3671,#3672,#3673,#3674,#3675,#3676,#3677,#3678,#3679
      ,#3680,#3681,#3682,#3683,#3684)
    ,(#3685,#3686,#3687,#3688,#3689,#3690,#3691,#3692,#3693,#3694,#3695
      ,#3696,#3697,#3698,#3699,#3700,#3701,#3702,#3703,#3704,#3705,#3706
      ,#3707,#3708,#3709,#3710,#3711,#3712,#3713,#3714,#3715,#3716,#3717
      ,#3718,#3719,#3720,#3721,#3722
    )),.UNSPECIFIED.,.F.,.F.,.F.,(2,2),(14,12,12,14),(0.,108.20340673531
    ),(-1.159395076516,-8.807421775075E-02,53.477968720524,
    107.0440116588),.UNSPECIFIED.);
#3647 = CARTESIAN_POINT('',(57.194854080096,115.67283172223,
    15.400000310839));
#3648 = CARTESIAN_POINT('',(57.184297476455,115.59517104414,
    15.400000146677));
#3649 = CARTESIAN_POINT('',(57.173763967434,115.51753974108,
    15.400000050517));
#3650 = CARTESIAN_POINT('',(57.163251631684,115.43992420647,
    15.400000003535));
#3651 = CARTESIAN_POINT('',(57.152758724717,115.36231209934,
    15.399999988792));
#3652 = CARTESIAN_POINT('',(57.142283687097,115.28469235708,
    15.39999999396));
#3653 = CARTESIAN_POINT('',(57.131825129106,115.20705517145,
    15.400000006265));
#3654 = CARTESIAN_POINT('',(57.121381854227,115.12939202542,
    15.400000020192));
#3655 = CARTESIAN_POINT('',(57.110952829265,115.05169564614,
    15.400000027727));
#3656 = CARTESIAN_POINT('',(57.100537216184,114.97396005531,
    15.400000028712));
#3657 = CARTESIAN_POINT('',(57.090134343628,114.89618052383,
    15.400000021617));
#3658 = CARTESIAN_POINT('',(57.079743728238,114.81835360596,
    15.40000001042));
#3659 = CARTESIAN_POINT('',(57.069365061452,114.74047711806,
    15.400000000367));
#3660 = CARTESIAN_POINT('',(56.540655948153,110.76620170839,
    15.399999985514));
#3661 = CARTESIAN_POINT('',(56.051668445952,106.74248655993,
    15.400001276605));
#3662 = CARTESIAN_POINT('',(55.590814442591,102.60562418368,
    15.400054269957));
#3663 = CARTESIAN_POINT('',(55.157091541673,98.371216834305,
    15.400833075453));
#3664 = CARTESIAN_POINT('',(54.749159515602,94.052306766183,
    15.403288097433));
#3665 = CARTESIAN_POINT('',(54.366322517126,89.666795856288,
    15.408345597056));
#3666 = CARTESIAN_POINT('',(54.00700973724,85.226055941,15.416704281048)
  );
#3667 = CARTESIAN_POINT('',(53.670611383073,80.748719983062,
    15.428806016812));
#3668 = CARTESIAN_POINT('',(53.355682866441,76.247189851932,
    15.444788786968));
#3669 = CARTESIAN_POINT('',(53.061348869451,71.738177361952,
    15.464388064967));
#3670 = CARTESIAN_POINT('',(52.78642857859,67.236125777011,
    15.486930135887));
#3671 = CARTESIAN_POINT('',(52.529861483985,62.756400253751,
    15.510941253161));
#3672 = CARTESIAN_POINT('',(52.051239208326,53.871796101293,
    15.557400420464));
#3673 = CARTESIAN_POINT('',(51.829184348406,49.466919334963,
    15.579504135261));
#3674 = CARTESIAN_POINT('',(51.623295530562,45.114620215259,
    15.599467841335));
#3675 = CARTESIAN_POINT('',(51.432478419467,40.830022868426,
    15.613334920845));
#3676 = CARTESIAN_POINT('',(51.255638649758,36.628253076773,
    15.616032776046));
#3677 = CARTESIAN_POINT('',(51.091681439317,32.52442161561,
    15.604126986072));
#3678 = CARTESIAN_POINT('',(50.939510302104,28.533596687519,
    15.577737114472));
#3679 = CARTESIAN_POINT('',(50.798026696191,24.670782911854,
    15.540728859167));
#3680 = CARTESIAN_POINT('',(50.666130991296,20.950906258407,
    15.499178000033));
#3681 = CARTESIAN_POINT('',(50.542723361983,17.388786126198,
    15.458982286192));
#3682 = CARTESIAN_POINT('',(50.426701777311,13.999057702752,
    15.424378171258));
#3683 = CARTESIAN_POINT('',(50.316952511153,10.795989564401,
    15.399999999997));
#3684 = CARTESIAN_POINT('',(50.212327095338,7.79312338792,15.4));
#3685 = CARTESIAN_POINT('',(56.599551297855,115.75250528108,16.));
#3686 = CARTESIAN_POINT('',(56.589174212021,115.67497004644,
    16.000000000005));
#3687 = CARTESIAN_POINT('',(56.578774388413,115.59742270608,
    15.999999999977));
#3688 = CARTESIAN_POINT('',(56.568357733925,115.51985262572,
    16.000000000063));
#3689 = CARTESIAN_POINT('',(56.557929657138,115.4422505309,
    15.999999999875));
#3690 = CARTESIAN_POINT('',(56.547495076259,115.36460852346,
    16.000000000192));
#3691 = CARTESIAN_POINT('',(56.537058404277,115.28692005093,
    15.999999999769));
#3692 = CARTESIAN_POINT('',(56.526623571695,115.20917995301,
    16.000000000223));
#3693 = CARTESIAN_POINT('',(56.516193997579,115.13138440296,
    15.999999999827));
#3694 = CARTESIAN_POINT('',(56.505772620467,115.05353096946,
    16.000000000106));
#3695 = CARTESIAN_POINT('',(56.495361870638,114.97561856181,
    15.999999999951));
#3696 = CARTESIAN_POINT('',(56.484963690949,114.89764747056,
    16.000000000015));
#3697 = CARTESIAN_POINT('',(56.474579523873,114.81961934257,
    15.999999999999));
#3698 = CARTESIAN_POINT('',(55.945750024478,110.83742973343,
    16.000000000001));
#3699 = CARTESIAN_POINT('',(55.466147856496,106.8050915742,
    16.000000000001));
#3700 = CARTESIAN_POINT('',(55.02349997719,102.66247934469,
    15.99999999999));
#3701 = CARTESIAN_POINT('',(54.613735845511,98.415786435663,
    16.000000000023));
#3702 = CARTESIAN_POINT('',(54.237879656761,94.098584987762,
    15.999999999965));
#3703 = CARTESIAN_POINT('',(53.887983304549,89.696132605844,
    16.000000000038));
#3704 = CARTESIAN_POINT('',(53.568523820791,85.260537708466,
    15.99999999997));
#3705 = CARTESIAN_POINT('',(53.27039465636,80.770805027655,
    16.000000000016));
#3706 = CARTESIAN_POINT('',(52.996284531596,76.269402572693,
    15.999999999995));
#3707 = CARTESIAN_POINT('',(52.740811118904,71.755368382677,
    15.999999999999));
#3708 = CARTESIAN_POINT('',(52.502888984716,67.250858646629,
    16.000000000002));
#3709 = CARTESIAN_POINT('',(52.279708296229,62.768752014648,
    15.999999999998));
#3710 = CARTESIAN_POINT('',(51.858205704082,53.880461242782,
    16.000000000003));
#3711 = CARTESIAN_POINT('',(51.659875703539,49.474232996468,
    15.999999999982));
#3712 = CARTESIAN_POINT('',(51.471570505852,45.121027970536,
    16.00000000005));
#3713 = CARTESIAN_POINT('',(51.290896620186,40.835964669249,
    15.999999999907));
#3714 = CARTESIAN_POINT('',(51.115460542676,36.634166881052,
    16.000000000132));
#3715 = CARTESIAN_POINT('',(50.942869208749,32.53076595176,
    15.999999999852));
#3716 = CARTESIAN_POINT('',(50.770731284624,28.540905513878,
    16.000000000134));
#3717 = CARTESIAN_POINT('',(50.596657842105,24.679745200983,
    15.9999999999));
#3718 = CARTESIAN_POINT('',(50.418262330879,20.962463532868,
    16.00000000006));
#3719 = CARTESIAN_POINT('',(50.233160893486,17.404263607421,
    15.999999999972));
#3720 = CARTESIAN_POINT('',(50.038975448341,14.020388899818,
    16.00000000001));
#3721 = CARTESIAN_POINT('',(49.833343121423,10.826159941646,
    15.999999999998));
#3722 = CARTESIAN_POINT('',(49.6139369383,7.837046274433,16.));
#3723 = ADVANCED_FACE('',(#3724),#3780,.T.);
#3724 = FACE_BOUND('',#3725,.T.);
#3725 = EDGE_LOOP('',(#3726,#3727,#3728,#3736));
#3726 = ORIENTED_EDGE('',*,*,#907,.F.);
#3727 = ORIENTED_EDGE('',*,*,#3119,.T.);
#3728 = ORIENTED_EDGE('',*,*,#3729,.T.);
#3729 = EDGE_CURVE('',#3112,#3730,#3732,.T.);
#3730 = VERTEX_POINT('',#3731);
#3731 = CARTESIAN_POINT('',(4.,6.,23.4));
#3732 = LINE('',#3733,#3734);
#3733 = CARTESIAN_POINT('',(4.,6.,0.));
#3734 = VECTOR('',#3735,1.);
#3735 = DIRECTION('',(0.,0.,1.));
#3736 = ORIENTED_EDGE('',*,*,#3737,.T.);
#3737 = EDGE_CURVE('',#3730,#910,#3738,.T.);
#3738 = B_SPLINE_CURVE_WITH_KNOTS('',14,(#3739,#3740,#3741,#3742,#3743,
    #3744,#3745,#3746,#3747,#3748,#3749,#3750,#3751,#3752,#3753,#3754,
    #3755,#3756,#3757,#3758,#3759,#3760,#3761,#3762,#3763,#3764,#3765,
    #3766,#3767,#3768,#3769,#3770,#3771,#3772,#3773,#3774,#3775,#3776,
    #3777,#3778,#3779),.UNSPECIFIED.,.F.,.F.,(15,13,13,15),(
    -0.895281497545,-0.665356345235,2.217960305693,5.10127695662),
  .UNSPECIFIED.);
#3739 = CARTESIAN_POINT('',(5.066761784522,5.990473405287,
    23.400000656044));
#3740 = CARTESIAN_POINT('',(5.046247935929,5.990835182921,
    23.400000619493));
#3741 = CARTESIAN_POINT('',(5.025797091,5.991195849437,23.400000583054)
  );
#3742 = CARTESIAN_POINT('',(5.005409249732,5.991555404835,
    23.400000546728));
#3743 = CARTESIAN_POINT('',(4.985084412128,5.991913849114,
    23.400000510514));
#3744 = CARTESIAN_POINT('',(4.964822578186,5.992271182275,
    23.400000474412));
#3745 = CARTESIAN_POINT('',(4.944623747907,5.992627404317,
    23.400000438422));
#3746 = CARTESIAN_POINT('',(4.92448792129,5.99298251524,23.400000402545)
  );
#3747 = CARTESIAN_POINT('',(4.904415098336,5.993336515046,23.40000036678
    ));
#3748 = CARTESIAN_POINT('',(4.884405279045,5.993689403732,
    23.400000331127));
#3749 = CARTESIAN_POINT('',(4.864458463416,5.994041181301,
    23.400000295586));
#3750 = CARTESIAN_POINT('',(4.84457465145,5.99439184775,23.400000260158)
  );
#3751 = CARTESIAN_POINT('',(4.824753843147,5.994741403082,
    23.400000224842));
#3752 = CARTESIAN_POINT('',(4.804996038507,5.995089847295,
    23.400000189638));
#3753 = CARTESIAN_POINT('',(4.538323701467,5.999792820842,23.39999971449
    ));
#3754 = CARTESIAN_POINT('',(4.297646200826,6.001005384017,
    23.400000499374));
#3755 = CARTESIAN_POINT('',(4.05555881297,6.00063333918,23.399999196063)
  );
#3756 = CARTESIAN_POINT('',(3.822597226677,5.999664834732,23.40000114762
    ));
#3757 = CARTESIAN_POINT('',(3.550657697449,5.998429676294,
    23.399998598765));
#3758 = CARTESIAN_POINT('',(3.352689965207,5.999093833795,
    23.400001420462));
#3759 = CARTESIAN_POINT('',(3.066026428108,6.00131812422,23.39999883408)
  );
#3760 = CARTESIAN_POINT('',(2.86691410221,6.007225264412,23.400000755663
    ));
#3761 = CARTESIAN_POINT('',(2.612044140349,6.017061576375,
    23.399999625355));
#3762 = CARTESIAN_POINT('',(2.395097077093,6.032202260839,
    23.400000135239));
#3763 = CARTESIAN_POINT('',(2.170857656021,6.053488820996,
    23.399999967638));
#3764 = CARTESIAN_POINT('',(1.957790019352,6.081957092048,
    23.400000004016));
#3765 = CARTESIAN_POINT('',(1.752113445782,6.11859046726,23.399999999994
    ));
#3766 = CARTESIAN_POINT('',(1.359227034866,6.210173786817,
    23.400000000009));
#3767 = CARTESIAN_POINT('',(1.171942060525,6.265123677695,23.39999999995
    ));
#3768 = CARTESIAN_POINT('',(0.994807448091,6.330223930553,
    23.400000000152));
#3769 = CARTESIAN_POINT('',(0.828815328323,6.40646667588,23.399999999664
    ));
#3770 = CARTESIAN_POINT('',(0.674957832045,6.494844045098,
    23.400000000584));
#3771 = CARTESIAN_POINT('',(0.534227089965,6.596348167858,
    23.399999999181));
#3772 = CARTESIAN_POINT('',(0.40761523297,6.711971176587,23.400000000938
    ));
#3773 = CARTESIAN_POINT('',(0.29611439171,6.842705200061,23.399999999121
    ));
#3774 = CARTESIAN_POINT('',(0.2007166971,6.989542371109,23.400000000672)
  );
#3775 = CARTESIAN_POINT('',(0.122414279807,7.153474818757,
    23.399999999586));
#3776 = CARTESIAN_POINT('',(6.219927069152E-02,7.335494675041,
    23.4000000002));
#3777 = CARTESIAN_POINT('',(2.106380048832E-02,7.53659407,
    23.399999999929));
#3778 = CARTESIAN_POINT('',(2.699979498047E-13,7.75776513477,
    23.400000000015));
#3779 = CARTESIAN_POINT('',(0.,8.,23.4));
#3780 = SURFACE_OF_LINEAR_EXTRUSION('',#3781,#3786);
#3781 = B_SPLINE_CURVE_WITH_KNOTS('',3,(#3782,#3783,#3784,#3785),
  .UNSPECIFIED.,.F.,.F.,(4,4),(0.,1.),.PIECEWISE_BEZIER_KNOTS.);
#3782 = CARTESIAN_POINT('',(4.,6.,0.));
#3783 = CARTESIAN_POINT('',(2.,6.,0.));
#3784 = CARTESIAN_POINT('',(0.,6.,0.));
#3785 = CARTESIAN_POINT('',(0.,8.,0.));
#3786 = VECTOR('',#3787,1.);
#3787 = DIRECTION('',(-0.,-0.,-1.));
#3788 = ADVANCED_FACE('',(#3789),#3813,.T.);
#3789 = FACE_BOUND('',#3790,.F.);
#3790 = EDGE_LOOP('',(#3791,#3798,#3799,#3807));
#3791 = ORIENTED_EDGE('',*,*,#3792,.F.);
#3792 = EDGE_CURVE('',#910,#3793,#3795,.T.);
#3793 = VERTEX_POINT('',#3794);
#3794 = CARTESIAN_POINT('',(0.6,8.,24.));
#3795 = B_SPLINE_CURVE_WITH_KNOTS('',1,(#3796,#3797),.UNSPECIFIED.,.F.,
  .F.,(2,2),(0.,5.766633301854),.PIECEWISE_BEZIER_KNOTS.);
#3796 = CARTESIAN_POINT('',(0.,8.,23.4));
#3797 = CARTESIAN_POINT('',(0.6,8.,24.));
#3798 = ORIENTED_EDGE('',*,*,#917,.T.);
#3799 = ORIENTED_EDGE('',*,*,#3800,.T.);
#3800 = EDGE_CURVE('',#918,#3801,#3803,.T.);
#3801 = VERTEX_POINT('',#3802);
#3802 = CARTESIAN_POINT('',(0.6,28.,24.));
#3803 = LINE('',#3804,#3805);
#3804 = CARTESIAN_POINT('',(0.3,28.,23.7));
#3805 = VECTOR('',#3806,1.);
#3806 = DIRECTION('',(0.707106781187,0.,0.707106781187));
#3807 = ORIENTED_EDGE('',*,*,#3808,.F.);
#3808 = EDGE_CURVE('',#3793,#3801,#3809,.T.);
#3809 = LINE('',#3810,#3811);
#3810 = CARTESIAN_POINT('',(0.6,8.,24.));
#3811 = VECTOR('',#3812,1.);
#3812 = DIRECTION('',(0.,1.,0.));
#3813 = PLANE('',#3814);
#3814 = AXIS2_PLACEMENT_3D('',#3815,#3816,#3817);
#3815 = CARTESIAN_POINT('',(0.3,8.,23.7));
#3816 = DIRECTION('',(-0.707106781187,0.,0.707106781187));
#3817 = DIRECTION('',(-0.,-1.,-0.));
#3818 = ADVANCED_FACE('',(#3819),#3931,.T.);
#3819 = FACE_BOUND('',#3820,.T.);
#3820 = EDGE_LOOP('',(#3821,#3831,#3886,#3887));
#3821 = ORIENTED_EDGE('',*,*,#3822,.F.);
#3822 = EDGE_CURVE('',#3823,#3825,#3827,.T.);
#3823 = VERTEX_POINT('',#3824);
#3824 = CARTESIAN_POINT('',(4.,30.,4.8));
#3825 = VERTEX_POINT('',#3826);
#3826 = CARTESIAN_POINT('',(4.,30.,23.4));
#3827 = LINE('',#3828,#3829);
#3828 = CARTESIAN_POINT('',(4.,30.,0.));
#3829 = VECTOR('',#3830,1.);
#3830 = DIRECTION('',(0.,0.,1.));
#3831 = ORIENTED_EDGE('',*,*,#3832,.T.);
#3832 = EDGE_CURVE('',#3823,#926,#3833,.T.);
#3833 = B_SPLINE_CURVE_WITH_KNOTS('',6,(#3834,#3835,#3836,#3837,#3838,
    #3839,#3840,#3841,#3842,#3843,#3844,#3845,#3846,#3847,#3848,#3849,
    #3850,#3851,#3852,#3853,#3854,#3855,#3856,#3857,#3858,#3859,#3860,
    #3861,#3862,#3863,#3864,#3865,#3866,#3867,#3868,#3869,#3870,#3871,
    #3872,#3873,#3874,#3875,#3876,#3877,#3878,#3879,#3880,#3881,#3882,
    #3883,#3884,#3885),.UNSPECIFIED.,.F.,.F.,(7,5,5,5,5,5,5,5,5,5,7),(0.
    ,6.427273352909E-02,0.181050601123,0.395907784013,0.59391391382,
    0.659344052133,0.694923330328,0.767209321348,0.853306558618,
    0.899091200965,1.),.UNSPECIFIED.);
#3834 = CARTESIAN_POINT('',(4.,30.,4.8));
#3835 = CARTESIAN_POINT('',(3.945053903554,30.,4.8));
#3836 = CARTESIAN_POINT('',(3.890107826057,29.999999965173,4.8));
#3837 = CARTESIAN_POINT('',(3.835162176806,29.999983408305,4.8));
#3838 = CARTESIAN_POINT('',(3.780217422333,29.999933676626,4.8));
#3839 = CARTESIAN_POINT('',(3.725274086399,29.999833951816,4.8));
#3840 = CARTESIAN_POINT('',(3.570509205004,29.999364367557,4.8));
#3841 = CARTESIAN_POINT('',(3.470692818534,29.998840307346,4.8));
#3842 = CARTESIAN_POINT('',(3.370886287032,29.997992502287,4.8));
#3843 = CARTESIAN_POINT('',(3.271094912824,29.996715081301,4.8));
#3844 = CARTESIAN_POINT('',(3.171326763622,29.99489483277,4.8));
#3845 = CARTESIAN_POINT('',(2.88809443433,29.987830165051,4.8));
#3846 = CARTESIAN_POINT('',(2.704753260507,29.980994265655,4.8));
#3847 = CARTESIAN_POINT('',(2.521569585865,29.97112633725,4.8));
#3848 = CARTESIAN_POINT('',(2.338691356342,29.957301902479,4.8));
#3849 = CARTESIAN_POINT('',(2.156416767048,29.938396585653,4.8));
#3850 = CARTESIAN_POINT('',(1.808250502231,29.889156327878,4.8));
#3851 = CARTESIAN_POINT('',(1.642389590279,29.859861332419,4.8));
#3852 = CARTESIAN_POINT('',(1.4777844773,29.823589826227,4.8));
#3853 = CARTESIAN_POINT('',(1.315279623075,29.77870698901,4.8));
#3854 = CARTESIAN_POINT('',(1.156457822531,29.723130020808,4.8));
#3855 = CARTESIAN_POINT('',(0.953112025828,29.631665376203,4.8));
#3856 = CARTESIAN_POINT('',(0.903280407726,29.607519218894,4.8));
#3857 = CARTESIAN_POINT('',(0.854218260911,29.581863809123,4.8));
#3858 = CARTESIAN_POINT('',(0.806040919139,29.554621563021,4.8));
#3859 = CARTESIAN_POINT('',(0.758878641963,29.525725661178,4.8));
#3860 = CARTESIAN_POINT('',(0.687854636137,29.478489853381,4.8));
#3861 = CARTESIAN_POINT('',(0.663179132799,29.461348742514,4.8));
#3862 = CARTESIAN_POINT('',(0.638868571001,29.443696989408,4.8));
#3863 = CARTESIAN_POINT('',(0.614946499957,29.425529218421,4.8));
#3864 = CARTESIAN_POINT('',(0.591436873083,29.406842420265,4.8));
#3865 = CARTESIAN_POINT('',(0.521487267149,29.348614401733,4.8));
#3866 = CARTESIAN_POINT('',(0.476407608966,29.307443701951,4.8));
#3867 = CARTESIAN_POINT('',(0.43333800496,29.264128805421,4.8));
#3868 = CARTESIAN_POINT('',(0.39247187356,29.218715241583,4.8));
#3869 = CARTESIAN_POINT('',(0.353970763966,29.171300931029,4.8));
#3870 = CARTESIAN_POINT('',(0.275051349078,29.063384609913,4.8));
#3871 = CARTESIAN_POINT('',(0.23566053403,29.002096759027,4.8));
#3872 = CARTESIAN_POINT('',(0.19998536406,28.938460612704,4.8));
#3873 = CARTESIAN_POINT('',(0.168078256351,28.872795891493,4.8));
#3874 = CARTESIAN_POINT('',(0.139879317343,28.805443403374,4.8));
#3875 = CARTESIAN_POINT('',(0.102164035451,28.700208966909,4.8));
#3876 = CARTESIAN_POINT('',(9.008067696456E-02,28.663289854888,4.8));
#3877 = CARTESIAN_POINT('',(7.898649459128E-02,28.626032113735,4.8));
#3878 = CARTESIAN_POINT('',(6.885476155917E-02,28.588479501352,4.8));
#3879 = CARTESIAN_POINT('',(5.965495488775E-02,28.55067200191,4.8));
#3880 = CARTESIAN_POINT('',(3.306146135152E-02,28.428834485108,4.8));
#3881 = CARTESIAN_POINT('',(1.914069341878E-02,28.343969109346,4.8));
#3882 = CARTESIAN_POINT('',(9.239501687169E-03,28.258408998618,4.8));
#3883 = CARTESIAN_POINT('',(2.976523066668E-03,28.172439622233,4.8));
#3884 = CARTESIAN_POINT('',(0.,28.086263748852,4.8));
#3885 = CARTESIAN_POINT('',(0.,28.,4.8));
#3886 = ORIENTED_EDGE('',*,*,#925,.T.);
#3887 = ORIENTED_EDGE('',*,*,#3888,.T.);
#3888 = EDGE_CURVE('',#918,#3825,#3889,.T.);
#3889 = B_SPLINE_CURVE_WITH_KNOTS('',14,(#3890,#3891,#3892,#3893,#3894,
    #3895,#3896,#3897,#3898,#3899,#3900,#3901,#3902,#3903,#3904,#3905,
    #3906,#3907,#3908,#3909,#3910,#3911,#3912,#3913,#3914,#3915,#3916,
    #3917,#3918,#3919,#3920,#3921,#3922,#3923,#3924,#3925,#3926,#3927,
    #3928,#3929,#3930),.UNSPECIFIED.,.F.,.F.,(15,13,13,15),(
    25.10127695662,27.984593607547,30.867910258474,31.097835410786),
  .UNSPECIFIED.);
#3890 = CARTESIAN_POINT('',(0.,28.,23.4));
#3891 = CARTESIAN_POINT('',(2.451690173518E-13,28.242234865259,
    23.400000000021));
#3892 = CARTESIAN_POINT('',(2.106380048844E-02,28.463405929867,
    23.399999999904));
#3893 = CARTESIAN_POINT('',(6.21992706911E-02,28.664505325331,
    23.400000000268));
#3894 = CARTESIAN_POINT('',(0.122414279808,28.84652518048,
    23.399999999447));
#3895 = CARTESIAN_POINT('',(0.200716697098,29.010457630117,
    23.40000000089));
#3896 = CARTESIAN_POINT('',(0.296114391714,29.157294798358,
    23.399999998849));
#3897 = CARTESIAN_POINT('',(0.407615232965,29.288028825074,
    23.400000001214));
#3898 = CARTESIAN_POINT('',(0.53422708997,29.403651830713,
    23.399999998948));
#3899 = CARTESIAN_POINT('',(0.674957832041,29.505155955906,
    23.400000000745));
#3900 = CARTESIAN_POINT('',(0.828815328327,29.593533323553,
    23.399999999576));
#3901 = CARTESIAN_POINT('',(0.994807448088,29.669776069694,
    23.400000000186));
#3902 = CARTESIAN_POINT('',(1.171942060527,29.734876322232,
    23.399999999944));
#3903 = CARTESIAN_POINT('',(1.359227034865,29.78982621319,
    23.400000000006));
#3904 = CARTESIAN_POINT('',(1.752113445784,29.881409532744,
    23.400000000003));
#3905 = CARTESIAN_POINT('',(1.957790019343,29.918042907893,
    23.400000003957));
#3906 = CARTESIAN_POINT('',(2.170857656048,29.9465111792,23.399999967814
    ));
#3907 = CARTESIAN_POINT('',(2.395097077034,29.967797738733,
    23.400000134871));
#3908 = CARTESIAN_POINT('',(2.612044140447,29.982938424335,
    23.399999625945));
#3909 = CARTESIAN_POINT('',(2.866914102083,29.992774734652,
    23.400000754908));
#3910 = CARTESIAN_POINT('',(3.066026428244,29.998681876782,
    23.399998834864));
#3911 = CARTESIAN_POINT('',(3.352689965089,30.000906165325,
    23.400001419796));
#3912 = CARTESIAN_POINT('',(3.550657697532,30.001570324341,
    23.399998599228));
#3913 = CARTESIAN_POINT('',(3.822597226629,30.000335164897,
    23.400001147358));
#3914 = CARTESIAN_POINT('',(4.055558812992,29.999366660992,
    23.399999196181));
#3915 = CARTESIAN_POINT('',(4.297646200818,29.998994615924,
    23.400000499334));
#3916 = CARTESIAN_POINT('',(4.538323701469,30.000207179171,
    23.399999714498));
#3917 = CARTESIAN_POINT('',(4.804996038507,30.004910152704,
    23.400000189637));
#3918 = CARTESIAN_POINT('',(4.824753843147,30.005258596916,
    23.40000022484));
#3919 = CARTESIAN_POINT('',(4.84457465145,30.005608152247,
    23.400000260156));
#3920 = CARTESIAN_POINT('',(4.864458463416,30.005958818695,
    23.400000295583));
#3921 = CARTESIAN_POINT('',(4.884405279045,30.006310596263,
    23.400000331123));
#3922 = CARTESIAN_POINT('',(4.904415098336,30.006663484948,
    23.400000366776));
#3923 = CARTESIAN_POINT('',(4.92448792129,30.007017484753,23.40000040254
    ));
#3924 = CARTESIAN_POINT('',(4.944623747907,30.007372595675,
    23.400000438417));
#3925 = CARTESIAN_POINT('',(4.964822578186,30.007728817716,
    23.400000474406));
#3926 = CARTESIAN_POINT('',(4.985084412128,30.008086150876,
    23.400000510507));
#3927 = CARTESIAN_POINT('',(5.005409249732,30.008444595154,
    23.40000054672));
#3928 = CARTESIAN_POINT('',(5.025797091,30.008804150551,23.400000583046)
  );
#3929 = CARTESIAN_POINT('',(5.04624793593,30.009164817066,
    23.400000619484));
#3930 = CARTESIAN_POINT('',(5.066761784522,30.009526594699,
    23.400000656034));
#3931 = SURFACE_OF_LINEAR_EXTRUSION('',#3932,#3937);
#3932 = B_SPLINE_CURVE_WITH_KNOTS('',3,(#3933,#3934,#3935,#3936),
  .UNSPECIFIED.,.F.,.F.,(4,4),(0.,1.),.PIECEWISE_BEZIER_KNOTS.);
#3933 = CARTESIAN_POINT('',(0.,28.,0.));
#3934 = CARTESIAN_POINT('',(0.,30.,0.));
#3935 = CARTESIAN_POINT('',(2.,30.,0.));
#3936 = CARTESIAN_POINT('',(4.,30.,0.));
#3937 = VECTOR('',#3938,1.);
#3938 = DIRECTION('',(-0.,-0.,-1.));
#3939 = ADVANCED_FACE('',(#3940),#4149,.T.);
#3940 = FACE_BOUND('',#3941,.T.);
#3941 = EDGE_LOOP('',(#3942,#3952,#3958,#3959,#3960,#3961,#3962,#3963,
    #4043,#4044,#4045,#4046,#4047,#4048,#4049,#4050,#4051,#4052,#4053,
    #4054,#4055,#4056,#4057,#4058,#4066,#4074,#4082,#4141,#4142,#4143));
#3942 = ORIENTED_EDGE('',*,*,#3943,.F.);
#3943 = EDGE_CURVE('',#3944,#3946,#3948,.T.);
#3944 = VERTEX_POINT('',#3945);
#3945 = CARTESIAN_POINT('',(8.,21.487119154833,4.8));
#3946 = VERTEX_POINT('',#3947);
#3947 = CARTESIAN_POINT('',(8.,27.,4.8));
#3948 = LINE('',#3949,#3950);
#3949 = CARTESIAN_POINT('',(8.,48.702573335308,4.8));
#3950 = VECTOR('',#3951,1.);
#3951 = DIRECTION('',(0.,1.,0.));
#3952 = ORIENTED_EDGE('',*,*,#3953,.F.);
#3953 = EDGE_CURVE('',#2730,#3944,#3954,.T.);
#3954 = LINE('',#3955,#3956);
#3955 = CARTESIAN_POINT('',(8.,21.487119154833,4.8));
#3956 = VECTOR('',#3957,1.);
#3957 = DIRECTION('',(-1.,-0.,-2.22044604925E-16));
#3958 = ORIENTED_EDGE('',*,*,#2729,.T.);
#3959 = ORIENTED_EDGE('',*,*,#2705,.T.);
#3960 = ORIENTED_EDGE('',*,*,#2609,.T.);
#3961 = ORIENTED_EDGE('',*,*,#2555,.T.);
#3962 = ORIENTED_EDGE('',*,*,#2523,.T.);
#3963 = ORIENTED_EDGE('',*,*,#3964,.T.);
#3964 = EDGE_CURVE('',#2524,#2404,#3965,.T.);
#3965 = B_SPLINE_CURVE_WITH_KNOTS('',6,(#3966,#3967,#3968,#3969,#3970,
    #3971,#3972,#3973,#3974,#3975,#3976,#3977,#3978,#3979,#3980,#3981,
    #3982,#3983,#3984,#3985,#3986,#3987,#3988,#3989,#3990,#3991,#3992,
    #3993,#3994,#3995,#3996,#3997,#3998,#3999,#4000,#4001,#4002,#4003,
    #4004,#4005,#4006,#4007,#4008,#4009,#4010,#4011,#4012,#4013,#4014,
    #4015,#4016,#4017,#4018,#4019,#4020,#4021,#4022,#4023,#4024,#4025,
    #4026,#4027,#4028,#4029,#4030,#4031,#4032,#4033,#4034,#4035,#4036,
    #4037,#4038,#4039,#4040,#4041,#4042),.UNSPECIFIED.,.F.,.F.,(7,5,5,5,
    5,5,5,5,5,5,5,5,5,5,5,7),(0.,0.11532452963,0.176070911669,
    0.214880791623,0.241543381805,0.310909759502,0.390467283132,
    0.478302772135,0.560156362902,0.598429180745,0.699421242504,
    0.761332627547,0.786640156486,0.823904777562,0.88283472254,1.),
  .UNSPECIFIED.);
#3966 = CARTESIAN_POINT('',(17.616305985491,63.133180608073,4.8));
#3967 = CARTESIAN_POINT('',(17.626167513471,63.348357526077,4.8));
#3968 = CARTESIAN_POINT('',(17.645976904343,63.563037687006,4.8));
#3969 = CARTESIAN_POINT('',(17.676551776379,63.776633194705,4.8));
#3970 = CARTESIAN_POINT('',(17.718744010539,63.988298032591,4.8));
#3971 = CARTESIAN_POINT('',(17.773351514241,64.196943403097,4.8));
#3972 = CARTESIAN_POINT('',(17.876564732629,64.508895335885,4.8));
#3973 = CARTESIAN_POINT('',(17.915778540999,64.615318184309,4.8));
#3974 = CARTESIAN_POINT('',(17.958678188954,64.720340431995,4.8));
#3975 = CARTESIAN_POINT('',(18.005326962395,64.823748389087,4.8));
#3976 = CARTESIAN_POINT('',(18.055761440288,64.925314966428,4.8));
#3977 = CARTESIAN_POINT('',(18.144624632956,65.0883648365,4.8));
#3978 = CARTESIAN_POINT('',(18.18081197769,65.151078544426,4.8));
#3979 = CARTESIAN_POINT('',(18.218545998312,65.212882341922,4.8));
#3980 = CARTESIAN_POINT('',(18.257821454625,65.273714070745,4.8));
#3981 = CARTESIAN_POINT('',(18.298627119555,65.333511527362,4.8));
#3982 = CARTESIAN_POINT('',(18.370018919274,65.432540312231,4.8));
#3983 = CARTESIAN_POINT('',(18.399806151845,65.472350778609,4.8));
#3984 = CARTESIAN_POINT('',(18.430301822729,65.511623762931,4.8));
#3985 = CARTESIAN_POINT('',(18.4614989171,65.550339549579,4.8));
#3986 = CARTESIAN_POINT('',(18.493389059444,65.588478806475,4.8));
#3987 = CARTESIAN_POINT('',(18.610706812807,65.723697863783,4.8));
#3988 = CARTESIAN_POINT('',(18.70007974648,65.817346847495,4.8));
#3989 = CARTESIAN_POINT('',(18.793903070825,65.906628329558,4.8));
#3990 = CARTESIAN_POINT('',(18.891948349388,65.991241165712,4.8));
#3991 = CARTESIAN_POINT('',(18.993938896817,66.070922506628,4.8));
#3992 = CARTESIAN_POINT('',(19.220680937771,66.230918376019,4.8));
#3993 = CARTESIAN_POINT('',(19.346584099395,66.309612239463,4.8));
#3994 = CARTESIAN_POINT('',(19.47677888986,66.381189494895,4.8));
#3995 = CARTESIAN_POINT('',(19.610747270745,66.445401258814,4.8));
#3996 = CARTESIAN_POINT('',(19.747947080077,66.502067212593,4.8));
#3997 = CARTESIAN_POINT('',(20.042254342831,66.605139811957,4.8));
#3998 = CARTESIAN_POINT('',(20.199951961364,66.649866924458,4.8));
#3999 = CARTESIAN_POINT('',(20.36018674555,66.685066639974,4.8));
#4000 = CARTESIAN_POINT('',(20.522228357703,66.710638933281,4.8));
#4001 = CARTESIAN_POINT('',(20.685351141715,66.726530955947,4.8));
#4002 = CARTESIAN_POINT('',(21.001193552105,66.738477147244,4.8));
#4003 = CARTESIAN_POINT('',(21.15386197454,66.735808613704,4.8));
#4004 = CARTESIAN_POINT('',(21.306268363802,66.724688966597,4.8));
#4005 = CARTESIAN_POINT('',(21.457825060165,66.705115712823,4.8));
#4006 = CARTESIAN_POINT('',(21.607934329911,66.677111333274,4.8));
#4007 = CARTESIAN_POINT('',(21.825216835041,66.623719971712,4.8));
#4008 = CARTESIAN_POINT('',(21.893994315503,66.604878282142,4.8));
#4009 = CARTESIAN_POINT('',(21.962259315704,66.584211254899,4.8));
#4010 = CARTESIAN_POINT('',(22.029948431344,66.561726942075,4.8));
#4011 = CARTESIAN_POINT('',(22.09699762433,66.537435825568,4.8));
#4012 = CARTESIAN_POINT('',(22.338408448914,66.442519230157,4.8));
#4013 = CARTESIAN_POINT('',(22.508595813808,66.361187148776,4.8));
#4014 = CARTESIAN_POINT('',(22.67266831502,66.267609123223,4.8));
#4015 = CARTESIAN_POINT('',(22.829427085704,66.162192139261,4.8));
#4016 = CARTESIAN_POINT('',(22.977733161999,66.045530145867,4.8));
#4017 = CARTESIAN_POINT('',(23.201721063562,65.840684542158,4.8));
#4018 = CARTESIAN_POINT('',(23.283305811435,65.758943259768,4.8));
#4019 = CARTESIAN_POINT('',(23.361121300869,65.673519382446,4.8));
#4020 = CARTESIAN_POINT('',(23.43498122866,65.584645127521,4.8));
#4021 = CARTESIAN_POINT('',(23.50474048885,65.49257772597,4.8));
#4022 = CARTESIAN_POINT('',(23.597091973645,65.358775122753,4.8));
#4023 = CARTESIAN_POINT('',(23.623186633964,65.319463844141,4.8));
#4024 = CARTESIAN_POINT('',(23.648572387577,65.279684456864,4.8));
#4025 = CARTESIAN_POINT('',(23.673243818187,65.239456033557,4.8));
#4026 = CARTESIAN_POINT('',(23.697196859304,65.198797849206,4.8));
#4027 = CARTESIAN_POINT('',(23.754637161845,65.097257222693,4.8));
#4028 = CARTESIAN_POINT('',(23.787281971997,65.035895186981,4.8));
#4029 = CARTESIAN_POINT('',(23.818354842802,64.973705683686,4.8));
#4030 = CARTESIAN_POINT('',(23.847853260638,64.910750263222,4.8));
#4031 = CARTESIAN_POINT('',(23.875780580162,64.847089616744,4.8));
#4032 = CARTESIAN_POINT('',(23.943840106497,64.681090567489,4.8));
#4033 = CARTESIAN_POINT('',(23.981628147797,64.577782524184,4.8));
#4034 = CARTESIAN_POINT('',(24.015545153021,64.473094447743,4.8));
#4035 = CARTESIAN_POINT('',(24.045659820981,64.367246661269,4.8));
#4036 = CARTESIAN_POINT('',(24.072065231271,64.260441865354,4.8));
#4037 = CARTESIAN_POINT('',(24.14020933428,63.938970902379,4.8));
#4038 = CARTESIAN_POINT('',(24.171307772261,63.722046153529,4.8));
#4039 = CARTESIAN_POINT('',(24.189038612315,63.503454951789,4.8));
#4040 = CARTESIAN_POINT('',(24.194475600308,63.28428355484,4.8));
#4041 = CARTESIAN_POINT('',(24.188694764291,63.065323268898,4.8));
#4042 = CARTESIAN_POINT('',(24.172674218772,62.847064918639,4.8));
#4043 = ORIENTED_EDGE('',*,*,#2413,.T.);
#4044 = ORIENTED_EDGE('',*,*,#2349,.T.);
#4045 = ORIENTED_EDGE('',*,*,#2253,.T.);
#4046 = ORIENTED_EDGE('',*,*,#3613,.F.);
#4047 = ORIENTED_EDGE('',*,*,#2067,.F.);
#4048 = ORIENTED_EDGE('',*,*,#1986,.T.);
#4049 = ORIENTED_EDGE('',*,*,#1936,.T.);
#4050 = ORIENTED_EDGE('',*,*,#1912,.T.);
#4051 = ORIENTED_EDGE('',*,*,#2092,.F.);
#4052 = ORIENTED_EDGE('',*,*,#2049,.T.);
#4053 = ORIENTED_EDGE('',*,*,#1495,.F.);
#4054 = ORIENTED_EDGE('',*,*,#1457,.F.);
#4055 = ORIENTED_EDGE('',*,*,#1429,.F.);
#4056 = ORIENTED_EDGE('',*,*,#1377,.T.);
#4057 = ORIENTED_EDGE('',*,*,#1347,.F.);
#4058 = ORIENTED_EDGE('',*,*,#4059,.T.);
#4059 = EDGE_CURVE('',#1338,#4060,#4062,.T.);
#4060 = VERTEX_POINT('',#4061);
#4061 = CARTESIAN_POINT('',(8.,128.51288084516,4.8));
#4062 = LINE('',#4063,#4064);
#4063 = CARTESIAN_POINT('',(8.,128.51288084516,4.8));
#4064 = VECTOR('',#4065,1.);
#4065 = DIRECTION('',(-1.,-0.,-2.22044604925E-16));
#4066 = ORIENTED_EDGE('',*,*,#4067,.F.);
#4067 = EDGE_CURVE('',#4068,#4060,#4070,.T.);
#4068 = VERTEX_POINT('',#4069);
#4069 = CARTESIAN_POINT('',(8.,123.,4.8));
#4070 = LINE('',#4071,#4072);
#4071 = CARTESIAN_POINT('',(8.,130.03168307531,4.8));
#4072 = VECTOR('',#4073,1.);
#4073 = DIRECTION('',(0.,1.,0.));
#4074 = ORIENTED_EDGE('',*,*,#4075,.F.);
#4075 = EDGE_CURVE('',#4076,#4068,#4078,.T.);
#4076 = VERTEX_POINT('',#4077);
#4077 = CARTESIAN_POINT('',(4.,120.,4.8));
#4078 = LINE('',#4079,#4080);
#4079 = CARTESIAN_POINT('',(0.724160651976,117.54312048898,4.8));
#4080 = VECTOR('',#4081,1.);
#4081 = DIRECTION('',(0.8,0.6,0.));
#4082 = ORIENTED_EDGE('',*,*,#4083,.F.);
#4083 = EDGE_CURVE('',#934,#4076,#4084,.T.);
#4084 = B_SPLINE_CURVE_WITH_KNOTS('',7,(#4085,#4086,#4087,#4088,#4089,
    #4090,#4091,#4092,#4093,#4094,#4095,#4096,#4097,#4098,#4099,#4100,
    #4101,#4102,#4103,#4104,#4105,#4106,#4107,#4108,#4109,#4110,#4111,
    #4112,#4113,#4114,#4115,#4116,#4117,#4118,#4119,#4120,#4121,#4122,
    #4123,#4124,#4125,#4126,#4127,#4128,#4129,#4130,#4131,#4132,#4133,
    #4134,#4135,#4136,#4137,#4138,#4139,#4140),.UNSPECIFIED.,.F.,.F.,(8,
    6,6,6,6,6,6,6,6,8),(0.,0.10090951211,0.146694477994,0.232792323673,
    0.317725292921,0.362145395471,0.455311781349,0.692560286609,
    0.876462739943,1.),.UNSPECIFIED.);
#4085 = CARTESIAN_POINT('',(0.,122.,4.8));
#4086 = CARTESIAN_POINT('',(0.,121.92605964384,4.8));
#4087 = CARTESIAN_POINT('',(2.126087904752E-03,121.85218205587,4.8));
#4088 = CARTESIAN_POINT('',(6.555367992675E-03,121.77843501983,4.8));
#4089 = CARTESIAN_POINT('',(1.348286957215E-02,121.70492238249,4.8));
#4090 = CARTESIAN_POINT('',(2.311805568527E-02,121.63178364043,4.8));
#4091 = CARTESIAN_POINT('',(3.56748000156E-02,121.55919256019,4.8));
#4092 = CARTESIAN_POINT('',(5.846922304665E-02,121.45476040293,4.8));
#4093 = CARTESIAN_POINT('',(6.622624536734E-02,121.42232264134,4.8));
#4094 = CARTESIAN_POINT('',(7.464432329181E-02,121.390061863,4.8));
#4095 = CARTESIAN_POINT('',(8.374114417983E-02,121.35800028291,4.8));
#4096 = CARTESIAN_POINT('',(9.353306510344E-02,121.32616182739,4.8));
#4097 = CARTESIAN_POINT('',(0.104034519529,121.29457194607,4.8));
#4098 = CARTESIAN_POINT('',(0.136361904008,121.20437100053,4.8));
#4099 = CARTESIAN_POINT('',(0.160021416634,121.14644767654,4.8));
#4100 = CARTESIAN_POINT('',(0.186310889327,121.08968141067,4.8));
#4101 = CARTESIAN_POINT('',(0.215274722619,121.03426675315,4.8));
#4102 = CARTESIAN_POINT('',(0.246915052615,120.98039242643,4.8));
#4103 = CARTESIAN_POINT('',(0.281180013495,120.92823490578,4.8));
#4104 = CARTESIAN_POINT('',(0.354226473239,120.82834940591,4.8));
#4105 = CARTESIAN_POINT('',(0.392950177003,120.78055786737,4.8));
#4106 = CARTESIAN_POINT('',(0.434012480408,120.73473087564,4.8));
#4107 = CARTESIAN_POINT('',(0.477267520875,120.69096665112,4.8));
#4108 = CARTESIAN_POINT('',(0.522542794351,120.64931664984,4.8));
#4109 = CARTESIAN_POINT('',(0.569647745515,120.6097940699,4.8));
#4110 = CARTESIAN_POINT('',(0.643870651927,120.55281596236,4.8));
#4111 = CARTESIAN_POINT('',(0.669807048933,120.53382516686,4.8));
#4112 = CARTESIAN_POINT('',(0.696164833853,120.51540640173,4.8));
#4113 = CARTESIAN_POINT('',(0.7229177134,120.49755344138,4.8));
#4114 = CARTESIAN_POINT('',(0.750040138583,120.48025787059,4.8));
#4115 = CARTESIAN_POINT('',(0.777507627148,120.46350955074,4.8));
#4116 = CARTESIAN_POINT('',(0.863582486037,120.41329318551,4.8));
#4117 = CARTESIAN_POINT('',(0.923279592918,120.38164966856,4.8));
#4118 = CARTESIAN_POINT('',(0.984181861477,120.35225452416,4.8));
#4119 = CARTESIAN_POINT('',(1.046103815802,120.32498014574,4.8));
#4120 = CARTESIAN_POINT('',(1.108884762613,120.29969073342,4.8));
#4121 = CARTESIAN_POINT('',(1.172392504641,120.27624969617,4.8));
#4122 = CARTESIAN_POINT('',(1.399845892951,120.19921027491,4.8));
#4123 = CARTESIAN_POINT('',(1.567026601568,120.15510276891,4.8));
#4124 = CARTESIAN_POINT('',(1.736646806644,120.11990441185,4.8));
#4125 = CARTESIAN_POINT('',(1.907708837829,120.09192298477,4.8));
#4126 = CARTESIAN_POINT('',(2.079575668466,120.06979024428,4.8));
#4127 = CARTESIAN_POINT('',(2.251965320126,120.05242244178,4.8));
#4128 = CARTESIAN_POINT('',(2.559003429652,120.02847176199,4.8));
#4129 = CARTESIAN_POINT('',(2.69331468766,120.02035037505,4.8));
#4130 = CARTESIAN_POINT('',(2.827785636591,120.01415417405,4.8));
#4131 = CARTESIAN_POINT('',(2.962358337876,120.00954182912,4.8));
#4132 = CARTESIAN_POINT('',(3.096993539015,120.00621722311,4.8));
#4133 = CARTESIAN_POINT('',(3.231669593575,120.00391286135,4.8));
#4134 = CARTESIAN_POINT('',(3.456875689027,120.00135369082,4.8));
#4135 = CARTESIAN_POINT('',(3.547382458876,120.00067440049,4.8));
#4136 = CARTESIAN_POINT('',(3.637898401894,120.0002692914,4.8));
#4137 = CARTESIAN_POINT('',(3.728420313234,120.00006732429,4.8));
#4138 = CARTESIAN_POINT('',(3.818945683293,119.99999998846,4.8));
#4139 = CARTESIAN_POINT('',(3.909472658149,120.,4.8));
#4140 = CARTESIAN_POINT('',(4.,120.,4.8));
#4141 = ORIENTED_EDGE('',*,*,#933,.F.);
#4142 = ORIENTED_EDGE('',*,*,#3832,.F.);
#4143 = ORIENTED_EDGE('',*,*,#4144,.F.);
#4144 = EDGE_CURVE('',#3946,#3823,#4145,.T.);
#4145 = LINE('',#4146,#4147);
#4146 = CARTESIAN_POINT('',(0.92969025008,32.30273231244,4.8));
#4147 = VECTOR('',#4148,1.);
#4148 = DIRECTION('',(-0.8,0.6,0.));
#4149 = PLANE('',#4150);
#4150 = AXIS2_PLACEMENT_3D('',#4151,#4152,#4153);
#4151 = CARTESIAN_POINT('',(19.160324500276,59.073886492491,4.8));
#4152 = DIRECTION('',(0.,0.,1.));
#4153 = DIRECTION('',(1.,0.,0.));
#4154 = ADVANCED_FACE('',(#4155),#4211,.T.);
#4155 = FACE_BOUND('',#4156,.T.);
#4156 = EDGE_LOOP('',(#4157,#4158,#4159,#4167));
#4157 = ORIENTED_EDGE('',*,*,#941,.F.);
#4158 = ORIENTED_EDGE('',*,*,#4083,.T.);
#4159 = ORIENTED_EDGE('',*,*,#4160,.T.);
#4160 = EDGE_CURVE('',#4076,#4161,#4163,.T.);
#4161 = VERTEX_POINT('',#4162);
#4162 = CARTESIAN_POINT('',(4.,120.,23.4));
#4163 = LINE('',#4164,#4165);
#4164 = CARTESIAN_POINT('',(4.,120.,0.));
#4165 = VECTOR('',#4166,1.);
#4166 = DIRECTION('',(0.,0.,1.));
#4167 = ORIENTED_EDGE('',*,*,#4168,.T.);
#4168 = EDGE_CURVE('',#4161,#942,#4169,.T.);
#4169 = B_SPLINE_CURVE_WITH_KNOTS('',14,(#4170,#4171,#4172,#4173,#4174,
    #4175,#4176,#4177,#4178,#4179,#4180,#4181,#4182,#4183,#4184,#4185,
    #4186,#4187,#4188,#4189,#4190,#4191,#4192,#4193,#4194,#4195,#4196,
    #4197,#4198,#4199,#4200,#4201,#4202,#4203,#4204,#4205,#4206,#4207,
    #4208,#4209,#4210),.UNSPECIFIED.,.F.,.F.,(15,13,13,15),(
    -0.895281497545,-0.665356345235,2.217960305693,5.10127695662),
  .UNSPECIFIED.);
#4170 = CARTESIAN_POINT('',(5.066761784524,119.99047340538,
    23.400000656056));
#4171 = CARTESIAN_POINT('',(5.046247935931,119.99083518301,
    23.400000619505));
#4172 = CARTESIAN_POINT('',(5.025797091001,119.99119584952,
    23.400000583065));
#4173 = CARTESIAN_POINT('',(5.005409249733,119.99155540491,
    23.400000546738));
#4174 = CARTESIAN_POINT('',(4.985084412129,119.99191384918,
    23.400000510523));
#4175 = CARTESIAN_POINT('',(4.964822578187,119.99227118233,
    23.40000047442));
#4176 = CARTESIAN_POINT('',(4.944623747907,119.99262740437,
    23.400000438429));
#4177 = CARTESIAN_POINT('',(4.924487921291,119.99298251529,
    23.400000402551));
#4178 = CARTESIAN_POINT('',(4.904415098337,119.99333651508,
    23.400000366785));
#4179 = CARTESIAN_POINT('',(4.884405279045,119.99368940376,
    23.400000331131));
#4180 = CARTESIAN_POINT('',(4.864458463417,119.99404118132,
    23.40000029559));
#4181 = CARTESIAN_POINT('',(4.844574651451,119.99439184777,
    23.40000026016));
#4182 = CARTESIAN_POINT('',(4.824753843147,119.99474140309,
    23.400000224843));
#4183 = CARTESIAN_POINT('',(4.804996038507,119.9950898473,
    23.400000189639));
#4184 = CARTESIAN_POINT('',(4.538323701466,119.99979282075,
    23.399999714479));
#4185 = CARTESIAN_POINT('',(4.297646200832,120.00100538442,
    23.400000499425));
#4186 = CARTESIAN_POINT('',(4.055558812952,120.00063333805,
    23.399999195923));
#4187 = CARTESIAN_POINT('',(3.822597226712,119.99966483703,
    23.400001147899));
#4188 = CARTESIAN_POINT('',(3.550657697395,119.99842967261,
    23.399998598333));
#4189 = CARTESIAN_POINT('',(3.352689965272,119.99909383854,
    23.400001420998));
#4190 = CARTESIAN_POINT('',(3.066026428044,120.0013181192,
    23.399998833538));
#4191 = CARTESIAN_POINT('',(2.866914102261,120.00722526877,
    23.400000756115));
#4192 = CARTESIAN_POINT('',(2.612044140316,120.01706157325,
    23.399999625046));
#4193 = CARTESIAN_POINT('',(2.395097077111,120.03220226264,
    23.400000135408));
#4194 = CARTESIAN_POINT('',(2.170857656013,120.05348882018,
    23.399999967567));
#4195 = CARTESIAN_POINT('',(1.957790019355,120.08195709231,
    23.400000004035));
#4196 = CARTESIAN_POINT('',(1.752113445782,120.11859046721,
    23.399999999994));
#4197 = CARTESIAN_POINT('',(1.359227034866,120.21017378684,
    23.400000000004));
#4198 = CARTESIAN_POINT('',(1.171942060525,120.26512367763,
    23.399999999989));
#4199 = CARTESIAN_POINT('',(0.994807448089,120.33022393065,
    23.40000000002));
#4200 = CARTESIAN_POINT('',(0.828815328327,120.40646667579,
    23.399999999978));
#4201 = CARTESIAN_POINT('',(0.674957832038,120.49484404505,
    23.400000000006));
#4202 = CARTESIAN_POINT('',(0.534227089977,120.59634816812,
    23.400000000025));
#4203 = CARTESIAN_POINT('',(0.407615232954,120.7119711761,
    23.399999999943));
#4204 = CARTESIAN_POINT('',(0.296114391725,120.84270520062,
    23.400000000069));
#4205 = CARTESIAN_POINT('',(0.200716697088,120.98954237061,
    23.399999999941));
#4206 = CARTESIAN_POINT('',(0.122414279814,121.15347481908,
    23.400000000038));
#4207 = CARTESIAN_POINT('',(6.219927068801E-02,121.33549467487,
    23.399999999982));
#4208 = CARTESIAN_POINT('',(2.106380048957E-02,121.53659407006,
    23.400000000006));
#4209 = CARTESIAN_POINT('',(1.546350572072E-15,121.75776513475,
    23.399999999999));
#4210 = CARTESIAN_POINT('',(0.,122.,23.4));
#4211 = SURFACE_OF_LINEAR_EXTRUSION('',#4212,#4217);
#4212 = B_SPLINE_CURVE_WITH_KNOTS('',3,(#4213,#4214,#4215,#4216),
  .UNSPECIFIED.,.F.,.F.,(4,4),(0.,1.),.PIECEWISE_BEZIER_KNOTS.);
#4213 = CARTESIAN_POINT('',(4.,120.,0.));
#4214 = CARTESIAN_POINT('',(2.,120.,0.));
#4215 = CARTESIAN_POINT('',(0.,120.,0.));
#4216 = CARTESIAN_POINT('',(0.,122.,0.));
#4217 = VECTOR('',#4218,1.);
#4218 = DIRECTION('',(-0.,-0.,-1.));
#4219 = ADVANCED_FACE('',(#4220),#4244,.T.);
#4220 = FACE_BOUND('',#4221,.F.);
#4221 = EDGE_LOOP('',(#4222,#4229,#4230,#4238));
#4222 = ORIENTED_EDGE('',*,*,#4223,.F.);
#4223 = EDGE_CURVE('',#942,#4224,#4226,.T.);
#4224 = VERTEX_POINT('',#4225);
#4225 = CARTESIAN_POINT('',(0.6,122.,24.));
#4226 = B_SPLINE_CURVE_WITH_KNOTS('',1,(#4227,#4228),.UNSPECIFIED.,.F.,
  .F.,(2,2),(0.,5.766633301854),.PIECEWISE_BEZIER_KNOTS.);
#4227 = CARTESIAN_POINT('',(0.,122.,23.4));
#4228 = CARTESIAN_POINT('',(0.6,122.,24.));
#4229 = ORIENTED_EDGE('',*,*,#949,.T.);
#4230 = ORIENTED_EDGE('',*,*,#4231,.T.);
#4231 = EDGE_CURVE('',#950,#4232,#4234,.T.);
#4232 = VERTEX_POINT('',#4233);
#4233 = CARTESIAN_POINT('',(0.6,142.,24.));
#4234 = LINE('',#4235,#4236);
#4235 = CARTESIAN_POINT('',(0.3,142.,23.7));
#4236 = VECTOR('',#4237,1.);
#4237 = DIRECTION('',(0.707106781187,0.,0.707106781187));
#4238 = ORIENTED_EDGE('',*,*,#4239,.F.);
#4239 = EDGE_CURVE('',#4224,#4232,#4240,.T.);
#4240 = LINE('',#4241,#4242);
#4241 = CARTESIAN_POINT('',(0.6,122.,24.));
#4242 = VECTOR('',#4243,1.);
#4243 = DIRECTION('',(0.,1.,0.));
#4244 = PLANE('',#4245);
#4245 = AXIS2_PLACEMENT_3D('',#4246,#4247,#4248);
#4246 = CARTESIAN_POINT('',(0.3,122.,23.7));
#4247 = DIRECTION('',(-0.707106781187,0.,0.707106781187));
#4248 = DIRECTION('',(-0.,-1.,-0.));
#4249 = ADVANCED_FACE('',(#4250),#4276,.F.);
#4250 = FACE_BOUND('',#4251,.T.);
#4251 = EDGE_LOOP('',(#4252,#4253,#4261,#4270));
#4252 = ORIENTED_EDGE('',*,*,#980,.T.);
#4253 = ORIENTED_EDGE('',*,*,#4254,.T.);
#4254 = EDGE_CURVE('',#983,#4255,#4257,.T.);
#4255 = VERTEX_POINT('',#4256);
#4256 = CARTESIAN_POINT('',(4.,128.96891108675,13.75));
#4257 = LINE('',#4258,#4259);
#4258 = CARTESIAN_POINT('',(-1.,128.96891108675,13.75));
#4259 = VECTOR('',#4260,1.);
#4260 = DIRECTION('',(1.,0.,2.22044604925E-16));
#4261 = ORIENTED_EDGE('',*,*,#4262,.F.);
#4262 = EDGE_CURVE('',#4263,#4255,#4265,.T.);
#4263 = VERTEX_POINT('',#4264);
#4264 = CARTESIAN_POINT('',(4.,135.03108891324,13.75));
#4265 = CIRCLE('',#4266,3.5);
#4266 = AXIS2_PLACEMENT_3D('',#4267,#4268,#4269);
#4267 = CARTESIAN_POINT('',(4.,132.,12.));
#4268 = DIRECTION('',(-1.,0.,-2.22044604925E-16));
#4269 = DIRECTION('',(-1.110223024625E-16,-0.866025403784,0.5));
#4270 = ORIENTED_EDGE('',*,*,#4271,.F.);
#4271 = EDGE_CURVE('',#981,#4263,#4272,.T.);
#4272 = LINE('',#4273,#4274);
#4273 = CARTESIAN_POINT('',(-1.,135.03108891324,13.75));
#4274 = VECTOR('',#4275,1.);
#4275 = DIRECTION('',(1.,0.,2.22044604925E-16));
#4276 = CYLINDRICAL_SURFACE('',#4277,3.5);
#4277 = AXIS2_PLACEMENT_3D('',#4278,#4279,#4280);
#4278 = CARTESIAN_POINT('',(-1.,132.,12.));
#4279 = DIRECTION('',(-1.,-0.,-2.22044604925E-16));
#4280 = DIRECTION('',(-1.110223024625E-16,-0.866025403784,0.5));
#4281 = ADVANCED_FACE('',(#4282),#4300,.T.);
#4282 = FACE_BOUND('',#4283,.T.);
#4283 = EDGE_LOOP('',(#4284,#4285,#4293,#4299));
#4284 = ORIENTED_EDGE('',*,*,#999,.F.);
#4285 = ORIENTED_EDGE('',*,*,#4286,.T.);
#4286 = EDGE_CURVE('',#992,#4287,#4289,.T.);
#4287 = VERTEX_POINT('',#4288);
#4288 = CARTESIAN_POINT('',(4.,132.,19.));
#4289 = LINE('',#4290,#4291);
#4290 = CARTESIAN_POINT('',(-1.,132.,19.));
#4291 = VECTOR('',#4292,1.);
#4292 = DIRECTION('',(1.,0.,2.22044604925E-16));
#4293 = ORIENTED_EDGE('',*,*,#4294,.T.);
#4294 = EDGE_CURVE('',#4287,#4255,#4295,.T.);
#4295 = LINE('',#4296,#4297);
#4296 = CARTESIAN_POINT('',(4.,131.15060293652,17.528801130253));
#4297 = VECTOR('',#4298,1.);
#4298 = DIRECTION('',(0.,-0.5,-0.866025403784));
#4299 = ORIENTED_EDGE('',*,*,#4254,.F.);
#4300 = PLANE('',#4301);
#4301 = AXIS2_PLACEMENT_3D('',#4302,#4303,#4304);
#4302 = CARTESIAN_POINT('',(-1.,132.,19.));
#4303 = DIRECTION('',(1.110223024625E-16,0.866025403784,-0.5));
#4304 = DIRECTION('',(1.922962686384E-16,-0.5,-0.866025403784));
#4305 = ADVANCED_FACE('',(#4306),#4317,.T.);
#4306 = FACE_BOUND('',#4307,.T.);
#4307 = EDGE_LOOP('',(#4308,#4309,#4310,#4316));
#4308 = ORIENTED_EDGE('',*,*,#991,.F.);
#4309 = ORIENTED_EDGE('',*,*,#4271,.T.);
#4310 = ORIENTED_EDGE('',*,*,#4311,.T.);
#4311 = EDGE_CURVE('',#4263,#4287,#4312,.T.);
#4312 = LINE('',#4313,#4314);
#4313 = CARTESIAN_POINT('',(4.,134.3649415201,14.903801130253));
#4314 = VECTOR('',#4315,1.);
#4315 = DIRECTION('',(0.,-0.5,0.866025403784));
#4316 = ORIENTED_EDGE('',*,*,#4286,.F.);
#4317 = PLANE('',#4318);
#4318 = AXIS2_PLACEMENT_3D('',#4319,#4320,#4321);
#4319 = CARTESIAN_POINT('',(-1.,135.03108891324,13.75));
#4320 = DIRECTION('',(1.110223024625E-16,-0.866025403784,-0.5));
#4321 = DIRECTION('',(-1.922962686384E-16,-0.5,0.866025403784));
#4322 = ADVANCED_FACE('',(#4323),#4349,.F.);
#4323 = FACE_BOUND('',#4324,.T.);
#4324 = EDGE_LOOP('',(#4325,#4326,#4334,#4343));
#4325 = ORIENTED_EDGE('',*,*,#1007,.T.);
#4326 = ORIENTED_EDGE('',*,*,#4327,.T.);
#4327 = EDGE_CURVE('',#1010,#4328,#4330,.T.);
#4328 = VERTEX_POINT('',#4329);
#4329 = CARTESIAN_POINT('',(4.,14.968911086754,13.75));
#4330 = LINE('',#4331,#4332);
#4331 = CARTESIAN_POINT('',(-1.,14.968911086754,13.75));
#4332 = VECTOR('',#4333,1.);
#4333 = DIRECTION('',(1.,0.,2.22044604925E-16));
#4334 = ORIENTED_EDGE('',*,*,#4335,.F.);
#4335 = EDGE_CURVE('',#4336,#4328,#4338,.T.);
#4336 = VERTEX_POINT('',#4337);
#4337 = CARTESIAN_POINT('',(4.,21.031088913246,13.75));
#4338 = CIRCLE('',#4339,3.5);
#4339 = AXIS2_PLACEMENT_3D('',#4340,#4341,#4342);
#4340 = CARTESIAN_POINT('',(4.,18.,12.));
#4341 = DIRECTION('',(-1.,0.,-2.22044604925E-16));
#4342 = DIRECTION('',(-1.110223024625E-16,-0.866025403784,0.5));
#4343 = ORIENTED_EDGE('',*,*,#4344,.F.);
#4344 = EDGE_CURVE('',#1008,#4336,#4345,.T.);
#4345 = LINE('',#4346,#4347);
#4346 = CARTESIAN_POINT('',(-1.,21.031088913246,13.75));
#4347 = VECTOR('',#4348,1.);
#4348 = DIRECTION('',(1.,0.,2.22044604925E-16));
#4349 = CYLINDRICAL_SURFACE('',#4350,3.5);
#4350 = AXIS2_PLACEMENT_3D('',#4351,#4352,#4353);
#4351 = CARTESIAN_POINT('',(-1.,18.,12.));
#4352 = DIRECTION('',(-1.,-0.,-2.22044604925E-16));
#4353 = DIRECTION('',(-1.110223024625E-16,-0.866025403784,0.5));
#4354 = ADVANCED_FACE('',(#4355),#4373,.T.);
#4355 = FACE_BOUND('',#4356,.T.);
#4356 = EDGE_LOOP('',(#4357,#4358,#4366,#4372));
#4357 = ORIENTED_EDGE('',*,*,#1026,.F.);
#4358 = ORIENTED_EDGE('',*,*,#4359,.T.);
#4359 = EDGE_CURVE('',#1019,#4360,#4362,.T.);
#4360 = VERTEX_POINT('',#4361);
#4361 = CARTESIAN_POINT('',(4.,18.,19.));
#4362 = LINE('',#4363,#4364);
#4363 = CARTESIAN_POINT('',(-1.,18.,19.));
#4364 = VECTOR('',#4365,1.);
#4365 = DIRECTION('',(1.,0.,2.22044604925E-16));
#4366 = ORIENTED_EDGE('',*,*,#4367,.T.);
#4367 = EDGE_CURVE('',#4360,#4328,#4368,.T.);
#4368 = LINE('',#4369,#4370);
#4369 = CARTESIAN_POINT('',(4.,17.15060293652,17.528801130253));
#4370 = VECTOR('',#4371,1.);
#4371 = DIRECTION('',(0.,-0.5,-0.866025403784));
#4372 = ORIENTED_EDGE('',*,*,#4327,.F.);
#4373 = PLANE('',#4374);
#4374 = AXIS2_PLACEMENT_3D('',#4375,#4376,#4377);
#4375 = CARTESIAN_POINT('',(-1.,18.,19.));
#4376 = DIRECTION('',(1.110223024625E-16,0.866025403784,-0.5));
#4377 = DIRECTION('',(1.922962686384E-16,-0.5,-0.866025403784));
#4378 = ADVANCED_FACE('',(#4379),#4390,.T.);
#4379 = FACE_BOUND('',#4380,.T.);
#4380 = EDGE_LOOP('',(#4381,#4382,#4383,#4389));
#4381 = ORIENTED_EDGE('',*,*,#1018,.F.);
#4382 = ORIENTED_EDGE('',*,*,#4344,.T.);
#4383 = ORIENTED_EDGE('',*,*,#4384,.T.);
#4384 = EDGE_CURVE('',#4336,#4360,#4385,.T.);
#4385 = LINE('',#4386,#4387);
#4386 = CARTESIAN_POINT('',(4.,20.364941520103,14.903801130253));
#4387 = VECTOR('',#4388,1.);
#4388 = DIRECTION('',(0.,-0.5,0.866025403784));
#4389 = ORIENTED_EDGE('',*,*,#4359,.F.);
#4390 = PLANE('',#4391);
#4391 = AXIS2_PLACEMENT_3D('',#4392,#4393,#4394);
#4392 = CARTESIAN_POINT('',(-1.,21.031088913246,13.75));
#4393 = DIRECTION('',(1.110223024625E-16,-0.866025403784,-0.5));
#4394 = DIRECTION('',(-1.922962686384E-16,-0.5,0.866025403784));
#4395 = ADVANCED_FACE('',(#4396),#4457,.T.);
#4396 = FACE_BOUND('',#4397,.T.);
#4397 = EDGE_LOOP('',(#4398,#4399,#4445,#4456));
#4398 = ORIENTED_EDGE('',*,*,#4231,.T.);
#4399 = ORIENTED_EDGE('',*,*,#4400,.T.);
#4400 = EDGE_CURVE('',#4232,#4401,#4403,.T.);
#4401 = VERTEX_POINT('',#4402);
#4402 = CARTESIAN_POINT('',(3.800099353228,143.39992548507,24.));
#4403 = B_SPLINE_CURVE_WITH_KNOTS('',14,(#4404,#4405,#4406,#4407,#4408,
    #4409,#4410,#4411,#4412,#4413,#4414,#4415,#4416,#4417,#4418,#4419,
    #4420,#4421,#4422,#4423,#4424,#4425,#4426,#4427,#4428,#4429,#4430,
    #4431,#4432,#4433,#4434,#4435,#4436,#4437,#4438,#4439,#4440,#4441,
    #4442,#4443,#4444),.UNSPECIFIED.,.F.,.F.,(15,13,13,15),(
    25.10127695662,27.984593607547,30.867910258474,31.097835410783),
  .UNSPECIFIED.);
#4404 = CARTESIAN_POINT('',(0.6,142.,24.));
#4405 = CARTESIAN_POINT('',(0.600000000001,142.19378789232,
    24.000000000023));
#4406 = CARTESIAN_POINT('',(0.616875375279,142.36028726215,
    23.999999999892));
#4407 = CARTESIAN_POINT('',(0.647727835823,142.49981028334,
    24.000000000301));
#4408 = CARTESIAN_POINT('',(0.68949586872,142.61626261746,
    23.999999999381));
#4409 = CARTESIAN_POINT('',(0.739415777559,142.70940466365,
    24.000000000993));
#4410 = CARTESIAN_POINT('',(0.792882037613,142.7863647443,
    23.999999998719));
#4411 = CARTESIAN_POINT('',(0.850683031556,142.85740782902,
    24.000000001348));
#4412 = CARTESIAN_POINT('',(0.920179476569,142.92745208643,
    23.999999998832));
#4413 = CARTESIAN_POINT('',(1.007647045797,142.99509888953,
    24.000000000834));
#4414 = CARTESIAN_POINT('',(1.112815270945,143.05786605529,
    23.999999999515));
#4415 = CARTESIAN_POINT('',(1.233595023297,143.1153435915,
    24.000000000224));
#4416 = CARTESIAN_POINT('',(1.371989619759,143.16714267202,
    23.999999999923));
#4417 = CARTESIAN_POINT('',(1.525022595055,143.21238819614,
    24.000000000017));
#4418 = CARTESIAN_POINT('',(1.858739031817,143.29017876904,
    23.999999999983));
#4419 = CARTESIAN_POINT('',(2.03943700717,143.32268296438,
    24.000000000082));
#4420 = CARTESIAN_POINT('',(2.231571938844,143.34880896722,
    23.999999999772));
#4421 = CARTESIAN_POINT('',(2.439271279989,143.36865008383,
    24.000000000465));
#4422 = CARTESIAN_POINT('',(2.640839726479,143.38354750993,
    23.999999999258));
#4423 = CARTESIAN_POINT('',(2.887070452694,143.39220628826,
    24.000000000956));
#4424 = CARTESIAN_POINT('',(3.074817615169,143.39947325976,
    23.99999999899));
#4425 = CARTESIAN_POINT('',(3.35691892471,143.39998796982,
    24.000000000878));
#4426 = CARTESIAN_POINT('',(3.550895202154,143.40220704117,
    23.999999999374));
#4427 = CARTESIAN_POINT('',(3.819405757617,143.40009806518,
    24.000000000362));
#4428 = CARTESIAN_POINT('',(4.053419407209,143.39937045245,
    23.999999999834));
#4429 = CARTESIAN_POINT('',(4.297504202233,143.39898477303,
    24.000000000057));
#4430 = CARTESIAN_POINT('',(4.542275216419,143.40038066291,
    23.999999999988));
#4431 = CARTESIAN_POINT('',(4.81450368152,143.40450574992,
    24.000000000001));
#4432 = CARTESIAN_POINT('',(4.834608824409,143.40481040382,
    24.000000000002));
#4433 = CARTESIAN_POINT('',(4.854713967298,143.40511505772,
    24.000000000003));
#4434 = CARTESIAN_POINT('',(4.874819110187,143.40541971163,
    24.000000000004));
#4435 = CARTESIAN_POINT('',(4.894924253075,143.40572436553,
    24.000000000005));
#4436 = CARTESIAN_POINT('',(4.915029395964,143.40602901943,
    24.000000000006));
#4437 = CARTESIAN_POINT('',(4.935134538853,143.40633367333,
    24.000000000007));
#4438 = CARTESIAN_POINT('',(4.955239681742,143.40663832723,
    24.000000000008));
#4439 = CARTESIAN_POINT('',(4.975344824631,143.40694298113,
    24.000000000009));
#4440 = CARTESIAN_POINT('',(4.995449967519,143.40724763503,
    24.000000000009));
#4441 = CARTESIAN_POINT('',(5.015555110408,143.40755228893,
    24.00000000001));
#4442 = CARTESIAN_POINT('',(5.035660253297,143.40785694283,
    24.000000000011));
#4443 = CARTESIAN_POINT('',(5.055765396186,143.40816159673,
    24.000000000012));
#4444 = CARTESIAN_POINT('',(5.075870539074,143.40846625063,
    24.000000000013));
#4445 = ORIENTED_EDGE('',*,*,#4446,.F.);
#4446 = EDGE_CURVE('',#1043,#4401,#4447,.T.);
#4447 = B_SPLINE_CURVE_WITH_KNOTS('',4,(#4448,#4449,#4450,#4451,#4452,
    #4453,#4454,#4455),.UNSPECIFIED.,.F.,.F.,(5,3,5),(0.,0.339998955467,
    1.),.UNSPECIFIED.);
#4448 = CARTESIAN_POINT('',(3.999999971697,144.00000002116,
    23.400000000047));
#4449 = CARTESIAN_POINT('',(3.982999964264,143.94900000212,
    23.451000019744));
#4450 = CARTESIAN_POINT('',(3.965999967432,143.89799997546,
    23.502000039171));
#4451 = CARTESIAN_POINT('',(3.94900095678,143.84699923409,
    23.553000038656));
#4452 = CARTESIAN_POINT('',(3.899009480064,143.69699241587,
    23.703000379262));
#4453 = CARTESIAN_POINT('',(3.86602244981,143.59798240205,
    23.802000608469));
#4454 = CARTESIAN_POINT('',(3.833049921166,143.49896188808,
    23.901000536831));
#4455 = CARTESIAN_POINT('',(3.800099353228,143.39992548507,24.));
#4456 = ORIENTED_EDGE('',*,*,#1117,.F.);
#4457 = B_SPLINE_SURFACE_WITH_KNOTS('',1,14,(
    (#4458,#4459,#4460,#4461,#4462,#4463,#4464,#4465,#4466,#4467,#4468
      ,#4469,#4470,#4471,#4472,#4473,#4474,#4475,#4476,#4477,#4478,#4479
      ,#4480,#4481,#4482,#4483,#4484,#4485,#4486,#4487,#4488,#4489,#4490
      ,#4491,#4492,#4493,#4494,#4495,#4496,#4497,#4498)
    ,(#4499,#4500,#4501,#4502,#4503,#4504,#4505,#4506,#4507,#4508,#4509
      ,#4510,#4511,#4512,#4513,#4514,#4515,#4516,#4517,#4518,#4519,#4520
      ,#4521,#4522,#4523,#4524,#4525,#4526,#4527,#4528,#4529,#4530,#4531
      ,#4532,#4533,#4534,#4535,#4536,#4537,#4538,#4539
  )),.UNSPECIFIED.,.F.,.F.,.F.,(2,2),(15,13,13,15),(0.,5.766633301854),(
    25.10127695662,27.984593607547,30.867910258474,31.097835410783),
  .UNSPECIFIED.);
#4458 = CARTESIAN_POINT('',(0.,142.,23.4));
#4459 = CARTESIAN_POINT('',(1.961743096352E-13,142.24223486535,
    23.400000000021));
#4460 = CARTESIAN_POINT('',(2.106380048869E-02,142.46340592944,
    23.399999999903));
#4461 = CARTESIAN_POINT('',(6.219927069039E-02,142.66450532653,
    23.400000000272));
#4462 = CARTESIAN_POINT('',(0.122414279809,142.84652517798,
    23.399999999437));
#4463 = CARTESIAN_POINT('',(0.200716697096,143.01045763418,
    23.400000000908));
#4464 = CARTESIAN_POINT('',(0.296114391716,143.157294793,23.39999999882)
  );
#4465 = CARTESIAN_POINT('',(0.407615232964,143.28802883087,
    23.400000001253));
#4466 = CARTESIAN_POINT('',(0.53422708997,143.40365182551,
    23.399999998904));
#4467 = CARTESIAN_POINT('',(0.674957832042,143.50515595976,
    23.400000000789));
#4468 = CARTESIAN_POINT('',(0.828815328324,143.59353332121,
    23.399999999538));
#4469 = CARTESIAN_POINT('',(0.994807448091,143.66977607081,
    23.400000000214));
#4470 = CARTESIAN_POINT('',(1.171942060525,143.73487632183,
    23.399999999927));
#4471 = CARTESIAN_POINT('',(1.359227034866,143.78982621327,
    23.400000000015));
#4472 = CARTESIAN_POINT('',(1.752113445781,143.88140953265,
    23.399999999985));
#4473 = CARTESIAN_POINT('',(1.957790019359,143.91804290834,
    23.400000004066));
#4474 = CARTESIAN_POINT('',(2.170857656002,143.94651117795,
    23.399999967492));
#4475 = CARTESIAN_POINT('',(2.395097077132,143.96779774126,
    23.400000135541));
#4476 = CARTESIAN_POINT('',(2.612044140288,143.98293842032,
    23.399999624867));
#4477 = CARTESIAN_POINT('',(2.866914102288,143.99277473979,
    23.400000756301));
#4478 = CARTESIAN_POINT('',(3.066026428027,143.9986818714,
    23.399998833391));
#4479 = CARTESIAN_POINT('',(3.352689965276,144.00090616994,
    23.400001421079));
#4480 = CARTESIAN_POINT('',(3.5506576974,144.00157032109,23.39999859831)
  );
#4481 = CARTESIAN_POINT('',(3.822597226705,144.00033516674,
    23.400001147893));
#4482 = CARTESIAN_POINT('',(4.055558812957,143.99936666016,
    23.399999195934));
#4483 = CARTESIAN_POINT('',(4.29764620083,143.9989946162,23.400000499419
    ));
#4484 = CARTESIAN_POINT('',(4.538323701466,144.00020717911,
    23.39999971448));
#4485 = CARTESIAN_POINT('',(4.804996038507,144.0049101527,
    23.400000189639));
#4486 = CARTESIAN_POINT('',(4.824753843147,144.00525859692,
    23.400000224843));
#4487 = CARTESIAN_POINT('',(4.84457465145,144.00560815226,23.40000026016
    ));
#4488 = CARTESIAN_POINT('',(4.864458463416,144.00595881871,
    23.400000295589));
#4489 = CARTESIAN_POINT('',(4.884405279045,144.00631059628,
    23.400000331131));
#4490 = CARTESIAN_POINT('',(4.904415098336,144.00666348497,
    23.400000366784));
#4491 = CARTESIAN_POINT('',(4.92448792129,144.00701748478,23.40000040255
    ));
#4492 = CARTESIAN_POINT('',(4.944623747906,144.00737259571,
    23.400000438428));
#4493 = CARTESIAN_POINT('',(4.964822578185,144.00772881775,
    23.400000474419));
#4494 = CARTESIAN_POINT('',(4.985084412127,144.00808615092,
    23.400000510521));
#4495 = CARTESIAN_POINT('',(5.005409249732,144.0084445952,
    23.400000546736));
#4496 = CARTESIAN_POINT('',(5.025797090999,144.0088041506,
    23.400000583064));
#4497 = CARTESIAN_POINT('',(5.046247935929,144.00916481712,
    23.400000619503));
#4498 = CARTESIAN_POINT('',(5.066761784521,144.00952659476,
    23.400000656055));
#4499 = CARTESIAN_POINT('',(0.6,142.,24.));
#4500 = CARTESIAN_POINT('',(0.600000000001,142.19378789232,
    24.000000000023));
#4501 = CARTESIAN_POINT('',(0.616875375279,142.36028726215,
    23.999999999892));
#4502 = CARTESIAN_POINT('',(0.647727835823,142.49981028334,
    24.000000000301));
#4503 = CARTESIAN_POINT('',(0.68949586872,142.61626261746,
    23.999999999381));
#4504 = CARTESIAN_POINT('',(0.739415777559,142.70940466365,
    24.000000000993));
#4505 = CARTESIAN_POINT('',(0.792882037613,142.7863647443,
    23.999999998719));
#4506 = CARTESIAN_POINT('',(0.850683031556,142.85740782902,
    24.000000001348));
#4507 = CARTESIAN_POINT('',(0.920179476569,142.92745208643,
    23.999999998832));
#4508 = CARTESIAN_POINT('',(1.007647045797,142.99509888953,
    24.000000000834));
#4509 = CARTESIAN_POINT('',(1.112815270945,143.05786605529,
    23.999999999515));
#4510 = CARTESIAN_POINT('',(1.233595023297,143.1153435915,
    24.000000000224));
#4511 = CARTESIAN_POINT('',(1.371989619759,143.16714267202,
    23.999999999923));
#4512 = CARTESIAN_POINT('',(1.525022595055,143.21238819614,
    24.000000000017));
#4513 = CARTESIAN_POINT('',(1.858739031817,143.29017876904,
    23.999999999983));
#4514 = CARTESIAN_POINT('',(2.03943700717,143.32268296438,
    24.000000000082));
#4515 = CARTESIAN_POINT('',(2.231571938844,143.34880896722,
    23.999999999772));
#4516 = CARTESIAN_POINT('',(2.439271279989,143.36865008383,
    24.000000000465));
#4517 = CARTESIAN_POINT('',(2.640839726479,143.38354750993,
    23.999999999258));
#4518 = CARTESIAN_POINT('',(2.887070452694,143.39220628826,
    24.000000000956));
#4519 = CARTESIAN_POINT('',(3.074817615169,143.39947325976,
    23.99999999899));
#4520 = CARTESIAN_POINT('',(3.35691892471,143.39998796982,
    24.000000000878));
#4521 = CARTESIAN_POINT('',(3.550895202154,143.40220704117,
    23.999999999374));
#4522 = CARTESIAN_POINT('',(3.819405757617,143.40009806518,
    24.000000000362));
#4523 = CARTESIAN_POINT('',(4.053419407209,143.39937045245,
    23.999999999834));
#4524 = CARTESIAN_POINT('',(4.297504202233,143.39898477303,
    24.000000000057));
#4525 = CARTESIAN_POINT('',(4.542275216419,143.40038066291,
    23.999999999988));
#4526 = CARTESIAN_POINT('',(4.81450368152,143.40450574992,
    24.000000000001));
#4527 = CARTESIAN_POINT('',(4.834608824409,143.40481040382,
    24.000000000002));
#4528 = CARTESIAN_POINT('',(4.854713967298,143.40511505772,
    24.000000000003));
#4529 = CARTESIAN_POINT('',(4.874819110187,143.40541971163,
    24.000000000004));
#4530 = CARTESIAN_POINT('',(4.894924253075,143.40572436553,
    24.000000000005));
#4531 = CARTESIAN_POINT('',(4.915029395964,143.40602901943,
    24.000000000006));
#4532 = CARTESIAN_POINT('',(4.935134538853,143.40633367333,
    24.000000000007));
#4533 = CARTESIAN_POINT('',(4.955239681742,143.40663832723,
    24.000000000008));
#4534 = CARTESIAN_POINT('',(4.975344824631,143.40694298113,
    24.000000000009));
#4535 = CARTESIAN_POINT('',(4.995449967519,143.40724763503,
    24.000000000009));
#4536 = CARTESIAN_POINT('',(5.015555110408,143.40755228893,
    24.00000000001));
#4537 = CARTESIAN_POINT('',(5.035660253297,143.40785694283,
    24.000000000011));
#4538 = CARTESIAN_POINT('',(5.055765396186,143.40816159673,
    24.000000000012));
#4539 = CARTESIAN_POINT('',(5.075870539074,143.40846625063,
    24.000000000013));
#4540 = ADVANCED_FACE('',(#4541),#4546,.T.);
#4541 = FACE_BOUND('',#4542,.T.);
#4542 = EDGE_LOOP('',(#4543,#4544,#4545));
#4543 = ORIENTED_EDGE('',*,*,#1174,.F.);
#4544 = ORIENTED_EDGE('',*,*,#1050,.F.);
#4545 = ORIENTED_EDGE('',*,*,#1212,.F.);
#4546 = PLANE('',#4547);
#4547 = AXIS2_PLACEMENT_3D('',#4548,#4549,#4550);
#4548 = CARTESIAN_POINT('',(24.709142034463,70.405146670616,4.8));
#4549 = DIRECTION('',(0.,0.,1.));
#4550 = DIRECTION('',(1.,0.,0.));
#4551 = ADVANCED_FACE('',(#4552),#4570,.T.);
#4552 = FACE_BOUND('',#4553,.F.);
#4553 = EDGE_LOOP('',(#4554,#4555,#4556,#4564));
#4554 = ORIENTED_EDGE('',*,*,#4446,.F.);
#4555 = ORIENTED_EDGE('',*,*,#1219,.T.);
#4556 = ORIENTED_EDGE('',*,*,#4557,.T.);
#4557 = EDGE_CURVE('',#1203,#4558,#4560,.T.);
#4558 = VERTEX_POINT('',#4559);
#4559 = CARTESIAN_POINT('',(7.4,140.7,24.));
#4560 = LINE('',#4561,#4562);
#4561 = CARTESIAN_POINT('',(7.177777777778,140.58888888888,
    24.222222222222));
#4562 = VECTOR('',#4563,1.);
#4563 = DIRECTION('',(-0.666666666667,-0.333333333333,0.666666666667));
#4564 = ORIENTED_EDGE('',*,*,#4565,.F.);
#4565 = EDGE_CURVE('',#4401,#4558,#4566,.T.);
#4566 = LINE('',#4567,#4568);
#4567 = CARTESIAN_POINT('',(3.64,143.52,24.));
#4568 = VECTOR('',#4569,1.);
#4569 = DIRECTION('',(0.8,-0.6,0.));
#4570 = PLANE('',#4571);
#4571 = AXIS2_PLACEMENT_3D('',#4572,#4573,#4574);
#4572 = CARTESIAN_POINT('',(3.82,143.76,23.7));
#4573 = DIRECTION('',(0.424264068712,0.565685424949,0.707106781187));
#4574 = DIRECTION('',(-0.8,0.6,0.));
#4575 = ADVANCED_FACE('',(#4576),#4601,.T.);
#4576 = FACE_BOUND('',#4577,.F.);
#4577 = EDGE_LOOP('',(#4578,#4579,#4587,#4595));
#4578 = ORIENTED_EDGE('',*,*,#4557,.F.);
#4579 = ORIENTED_EDGE('',*,*,#4580,.T.);
#4580 = EDGE_CURVE('',#1203,#4581,#4583,.T.);
#4581 = VERTEX_POINT('',#4582);
#4582 = CARTESIAN_POINT('',(8.,134.07846096908,23.4));
#4583 = LINE('',#4584,#4585);
#4584 = CARTESIAN_POINT('',(8.,141.,23.4));
#4585 = VECTOR('',#4586,1.);
#4586 = DIRECTION('',(0.,-1.,0.));
#4587 = ORIENTED_EDGE('',*,*,#4588,.T.);
#4588 = EDGE_CURVE('',#4581,#4589,#4591,.T.);
#4589 = VERTEX_POINT('',#4590);
#4590 = CARTESIAN_POINT('',(7.4,133.73205080756,24.));
#4591 = LINE('',#4592,#4593);
#4592 = CARTESIAN_POINT('',(10.056318376294,135.26567693717,
    21.343681623706));
#4593 = VECTOR('',#4594,1.);
#4594 = DIRECTION('',(-0.654653670708,-0.377964473009,0.654653670708));
#4595 = ORIENTED_EDGE('',*,*,#4596,.F.);
#4596 = EDGE_CURVE('',#4558,#4589,#4597,.T.);
#4597 = LINE('',#4598,#4599);
#4598 = CARTESIAN_POINT('',(7.4,141.,24.));
#4599 = VECTOR('',#4600,1.);
#4600 = DIRECTION('',(0.,-1.,0.));
#4601 = PLANE('',#4602);
#4602 = AXIS2_PLACEMENT_3D('',#4603,#4604,#4605);
#4603 = CARTESIAN_POINT('',(7.7,141.,23.7));
#4604 = DIRECTION('',(0.707106781187,0.,0.707106781187));
#4605 = DIRECTION('',(0.,1.,0.));
#4606 = ADVANCED_FACE('',(#4607),#4624,.T.);
#4607 = FACE_BOUND('',#4608,.T.);
#4608 = EDGE_LOOP('',(#4609,#4617,#4623));
#4609 = ORIENTED_EDGE('',*,*,#4610,.F.);
#4610 = EDGE_CURVE('',#4611,#1235,#4613,.T.);
#4611 = VERTEX_POINT('',#4612);
#4612 = CARTESIAN_POINT('',(8.,135.48711915483,4.8));
#4613 = LINE('',#4614,#4615);
#4614 = CARTESIAN_POINT('',(8.,130.03168307531,4.8));
#4615 = VECTOR('',#4616,1.);
#4616 = DIRECTION('',(0.,1.,0.));
#4617 = ORIENTED_EDGE('',*,*,#4618,.F.);
#4618 = EDGE_CURVE('',#1243,#4611,#4619,.T.);
#4619 = LINE('',#4620,#4621);
#4620 = CARTESIAN_POINT('',(8.,135.48711915483,4.8));
#4621 = VECTOR('',#4622,1.);
#4622 = DIRECTION('',(-1.,-0.,-2.22044604925E-16));
#4623 = ORIENTED_EDGE('',*,*,#1242,.F.);
#4624 = PLANE('',#4625);
#4625 = AXIS2_PLACEMENT_3D('',#4626,#4627,#4628);
#4626 = CARTESIAN_POINT('',(19.160324500276,59.073886492491,4.8));
#4627 = DIRECTION('',(0.,0.,1.));
#4628 = DIRECTION('',(1.,0.,0.));
#4629 = ADVANCED_FACE('',(#4630),#4644,.F.);
#4630 = FACE_BOUND('',#4631,.T.);
#4631 = EDGE_LOOP('',(#4632,#4639,#4640,#4641,#4642,#4643));
#4632 = ORIENTED_EDGE('',*,*,#4633,.F.);
#4633 = EDGE_CURVE('',#4060,#4611,#4634,.T.);
#4634 = CIRCLE('',#4635,8.);
#4635 = AXIS2_PLACEMENT_3D('',#4636,#4637,#4638);
#4636 = CARTESIAN_POINT('',(8.,132.,12.));
#4637 = DIRECTION('',(1.,0.,2.22044604925E-16));
#4638 = DIRECTION('',(-1.110223024625E-16,-0.866025403784,0.5));
#4639 = ORIENTED_EDGE('',*,*,#4059,.F.);
#4640 = ORIENTED_EDGE('',*,*,#1337,.T.);
#4641 = ORIENTED_EDGE('',*,*,#1294,.T.);
#4642 = ORIENTED_EDGE('',*,*,#1251,.F.);
#4643 = ORIENTED_EDGE('',*,*,#4618,.T.);
#4644 = CYLINDRICAL_SURFACE('',#4645,8.);
#4645 = AXIS2_PLACEMENT_3D('',#4646,#4647,#4648);
#4646 = CARTESIAN_POINT('',(8.,132.,12.));
#4647 = DIRECTION('',(-1.,-0.,-2.22044604925E-16));
#4648 = DIRECTION('',(-1.110223024625E-16,-0.866025403784,0.5));
#4649 = ADVANCED_FACE('',(#4650),#4678,.T.);
#4650 = FACE_BOUND('',#4651,.F.);
#4651 = EDGE_LOOP('',(#4652,#4660,#4661,#4672));
#4652 = ORIENTED_EDGE('',*,*,#4653,.F.);
#4653 = EDGE_CURVE('',#1504,#4654,#4656,.T.);
#4654 = VERTEX_POINT('',#4655);
#4655 = CARTESIAN_POINT('',(50.805354591025,116.95857668322,16.));
#4656 = LINE('',#4657,#4658);
#4657 = CARTESIAN_POINT('',(54.373799757171,116.18895624994,
    19.615210690504));
#4658 = VECTOR('',#4659,1.);
#4659 = DIRECTION('',(0.694562096824,-0.14979890597,0.703664537564));
#4660 = ORIENTED_EDGE('',*,*,#1511,.T.);
#4661 = ORIENTED_EDGE('',*,*,#4662,.T.);
#4662 = EDGE_CURVE('',#1486,#4663,#4665,.T.);
#4663 = VERTEX_POINT('',#4664);
#4664 = CARTESIAN_POINT('',(53.212315745657,123.52047390032,16.));
#4665 = B_SPLINE_CURVE_WITH_KNOTS('',5,(#4666,#4667,#4668,#4669,#4670,
    #4671),.UNSPECIFIED.,.F.,.F.,(6,6),(0.,1.),
  .PIECEWISE_BEZIER_KNOTS.);
#4666 = CARTESIAN_POINT('',(52.720183588007,123.92111595718,
    15.400000000101));
#4667 = CARTESIAN_POINT('',(52.818944293319,123.84189249888,
    15.520002186716));
#4668 = CARTESIAN_POINT('',(52.917549539453,123.76224794158,
    15.640003437889));
#4669 = CARTESIAN_POINT('',(53.015988792197,123.68215393719,
    15.760003626039));
#4670 = CARTESIAN_POINT('',(53.114249581463,123.60157701755,
    15.880002569346));
#4671 = CARTESIAN_POINT('',(53.212315745657,123.52047390032,16.));
#4672 = ORIENTED_EDGE('',*,*,#4673,.F.);
#4673 = EDGE_CURVE('',#4654,#4663,#4674,.T.);
#4674 = LINE('',#4675,#4676);
#4675 = CARTESIAN_POINT('',(50.776415972527,116.87968374396,16.));
#4676 = VECTOR('',#4677,1.);
#4677 = DIRECTION('',(0.344372210161,0.938833201836,0.));
#4678 = PLANE('',#4679);
#4679 = AXIS2_PLACEMENT_3D('',#4680,#4681,#4682);
#4680 = CARTESIAN_POINT('',(50.494766011976,116.982995407,15.7));
#4681 = DIRECTION('',(-0.663855323421,0.243507925057,0.707106781187));
#4682 = DIRECTION('',(-0.344372210161,-0.938833201836,
    -3.053113317719E-16));
#4683 = ADVANCED_FACE('',(#4684),#4758,.T.);
#4684 = FACE_BOUND('',#4685,.T.);
#4685 = EDGE_LOOP('',(#4686,#4687,#4749,#4757));
#4686 = ORIENTED_EDGE('',*,*,#4662,.T.);
#4687 = ORIENTED_EDGE('',*,*,#4688,.T.);
#4688 = EDGE_CURVE('',#4663,#4689,#4691,.T.);
#4689 = VERTEX_POINT('',#4690);
#4690 = CARTESIAN_POINT('',(56.460567920933,114.71409964082,
    16.000000000001));
#4691 = B_SPLINE_CURVE_WITH_KNOTS('',12,(#4692,#4693,#4694,#4695,#4696,
    #4697,#4698,#4699,#4700,#4701,#4702,#4703,#4704,#4705,#4706,#4707,
    #4708,#4709,#4710,#4711,#4712,#4713,#4714,#4715,#4716,#4717,#4718,
    #4719,#4720,#4721,#4722,#4723,#4724,#4725,#4726,#4727,#4728,#4729,
    #4730,#4731,#4732,#4733,#4734,#4735,#4736,#4737,#4738,#4739,#4740,
    #4741,#4742,#4743,#4744,#4745,#4746,#4747,#4748),.UNSPECIFIED.,.F.,
  .F.,(13,11,11,11,11,13),(-1.332240873755,-0.828333900473,
    6.796949602951,10.609591354663,14.422233106375,14.615536384915),
  .UNSPECIFIED.);
#4692 = CARTESIAN_POINT('',(51.889823733818,122.54484227432,
    16.000000000001));
#4693 = CARTESIAN_POINT('',(51.930567504352,122.57753894035,
    16.000000000001));
#4694 = CARTESIAN_POINT('',(51.970893137871,122.60990005357,
    16.000000000001));
#4695 = CARTESIAN_POINT('',(52.010800634375,122.64192561399,
    16.000000000001));
#4696 = CARTESIAN_POINT('',(52.050289993864,122.67361562161,16.));
#4697 = CARTESIAN_POINT('',(52.089361216338,122.70497007642,16.));
#4698 = CARTESIAN_POINT('',(52.128014301796,122.73598897844,16.));
#4699 = CARTESIAN_POINT('',(52.166249250239,122.76667232766,16.));
#4700 = CARTESIAN_POINT('',(52.204066061667,122.79702012407,16.));
#4701 = CARTESIAN_POINT('',(52.241464736079,122.82703236768,16.));
#4702 = CARTESIAN_POINT('',(52.278445273476,122.85670905849,16.));
#4703 = CARTESIAN_POINT('',(52.315007673858,122.8860501965,16.));
#4704 = CARTESIAN_POINT('',(52.898098635342,123.35397769017,
    15.999999999999));
#4705 = CARTESIAN_POINT('',(53.420867482725,123.70048654173,
    16.000000000004));
#4706 = CARTESIAN_POINT('',(53.914320716479,123.95667565783,
    15.999999999987));
#4707 = CARTESIAN_POINT('',(54.381090791024,124.13009113211,
    16.000000000027));
#4708 = CARTESIAN_POINT('',(54.792220865166,124.2128380982,
    15.999999999958));
#4709 = CARTESIAN_POINT('',(55.189629598515,124.24238704474,
    16.000000000051));
#4710 = CARTESIAN_POINT('',(55.503817205759,124.16787664505,
    15.999999999953));
#4711 = CARTESIAN_POINT('',(55.788388282726,124.09794796563,
    16.000000000032));
#4712 = CARTESIAN_POINT('',(56.065920265564,123.95396637695,
    15.999999999983));
#4713 = CARTESIAN_POINT('',(56.324968263328,123.75173605328,
    16.000000000006));
#4714 = CARTESIAN_POINT('',(56.565003500501,123.47823484107,
    15.999999999999));
#4715 = CARTESIAN_POINT('',(56.88537232569,122.96023025417,16.));
#4716 = CARTESIAN_POINT('',(56.985591285467,122.76957232543,
    16.000000000004));
#4717 = CARTESIAN_POINT('',(57.078398549005,122.56067715266,
    15.999999999989));
#4718 = CARTESIAN_POINT('',(57.162942309967,122.33354351316,
    16.000000000022));
#4719 = CARTESIAN_POINT('',(57.238397648294,122.08834438208,
    15.999999999968));
#4720 = CARTESIAN_POINT('',(57.303993556912,121.82536693159,
    16.000000000035));
#4721 = CARTESIAN_POINT('',(57.359029342216,121.54496461405,
    15.99999999997));
#4722 = CARTESIAN_POINT('',(57.402880409869,121.24752133799,
    16.00000000002));
#4723 = CARTESIAN_POINT('',(57.434993422105,120.93342772557,
    15.99999999999));
#4724 = CARTESIAN_POINT('',(57.454870840277,120.6030694635,
    16.000000000004));
#4725 = CARTESIAN_POINT('',(57.462044841244,120.25682773687,
    15.999999999999));
#4726 = CARTESIAN_POINT('',(57.450036389731,119.53335577053,
    16.000000000001));
#4727 = CARTESIAN_POINT('',(57.430875948924,119.1561775959,
    15.999999999996));
#4728 = CARTESIAN_POINT('',(57.39801741034,118.76349512672,
    16.000000000008));
#4729 = CARTESIAN_POINT('',(57.351387844003,118.35731481588,
    15.999999999989));
#4730 = CARTESIAN_POINT('',(57.289831386431,117.93443445652,
    16.000000000011));
#4731 = CARTESIAN_POINT('',(57.213985661933,117.49999633332,
    15.999999999993));
#4732 = CARTESIAN_POINT('',(57.122785945835,117.05110378834,
    16.000000000002));
#4733 = CARTESIAN_POINT('',(57.015620024556,116.58689842174,
    16.000000000001));
#4734 = CARTESIAN_POINT('',(56.893362894226,116.11347087182,
    15.999999999997));
#4735 = CARTESIAN_POINT('',(56.754083081094,115.62377944917,
    16.000000000003));
#4736 = CARTESIAN_POINT('',(56.598675113512,115.12386984115,
    15.999999999998));
#4737 = CARTESIAN_POINT('',(56.417401855141,114.58509754958,
    16.000000000001));
#4738 = CARTESIAN_POINT('',(56.408610253193,114.55906546787,
    15.999999999989));
#4739 = CARTESIAN_POINT('',(56.399774427504,114.53299893174,
    16.000000000033));
#4740 = CARTESIAN_POINT('',(56.390894577083,114.50689759365,
    15.999999999938));
#4741 = CARTESIAN_POINT('',(56.381970903034,114.48076111027,
    16.000000000086));
#4742 = CARTESIAN_POINT('',(56.373003603032,114.45458913126,
    15.999999999909));
#4743 = CARTESIAN_POINT('',(56.363992879208,114.42838131555,
    16.000000000076));
#4744 = CARTESIAN_POINT('',(56.35493892899,114.40213731212,
    15.99999999995));
#4745 = CARTESIAN_POINT('',(56.345841953883,114.37585677872,
    16.000000000026));
#4746 = CARTESIAN_POINT('',(56.336702152482,114.34953936675,
    15.999999999991));
#4747 = CARTESIAN_POINT('',(56.327519725079,114.32318473135,
    16.000000000002));
#4748 = CARTESIAN_POINT('',(56.318294871166,114.2967925259,16.));
#4749 = ORIENTED_EDGE('',*,*,#4750,.F.);
#4750 = EDGE_CURVE('',#1527,#4689,#4751,.T.);
#4751 = B_SPLINE_CURVE_WITH_KNOTS('',4,(#4752,#4753,#4754,#4755,#4756),
  .UNSPECIFIED.,.F.,.F.,(5,5),(0.,1.),.PIECEWISE_BEZIER_KNOTS.);
#4752 = CARTESIAN_POINT('',(57.047924934857,114.57923958465,
    15.399999999997));
#4753 = CARTESIAN_POINT('',(56.901079417215,114.61288765499,
    15.55000000052));
#4754 = CARTESIAN_POINT('',(56.754237762823,114.64657911975,
    15.700000000933));
#4755 = CARTESIAN_POINT('',(56.607400445603,114.68031587448,
    15.850000000643));
#4756 = CARTESIAN_POINT('',(56.460567920929,114.71409964081,
    16.000000000001));
#4757 = ORIENTED_EDGE('',*,*,#1526,.F.);
#4758 = B_SPLINE_SURFACE_WITH_KNOTS('',1,12,(
    (#4759,#4760,#4761,#4762,#4763,#4764,#4765,#4766,#4767,#4768,#4769
      ,#4770,#4771,#4772,#4773,#4774,#4775,#4776,#4777,#4778,#4779,#4780
      ,#4781,#4782,#4783,#4784,#4785,#4786,#4787,#4788,#4789,#4790,#4791
      ,#4792,#4793,#4794,#4795,#4796,#4797,#4798,#4799,#4800,#4801,#4802
      ,#4803,#4804,#4805,#4806,#4807,#4808,#4809,#4810,#4811,#4812,#4813
      ,#4814,#4815)
    ,(#4816,#4817,#4818,#4819,#4820,#4821,#4822,#4823,#4824,#4825,#4826
      ,#4827,#4828,#4829,#4830,#4831,#4832,#4833,#4834,#4835,#4836,#4837
      ,#4838,#4839,#4840,#4841,#4842,#4843,#4844,#4845,#4846,#4847,#4848
      ,#4849,#4850,#4851,#4852,#4853,#4854,#4855,#4856,#4857,#4858,#4859
      ,#4860,#4861,#4862,#4863,#4864,#4865,#4866,#4867,#4868,#4869,#4870
      ,#4871,#4872
  )),.UNSPECIFIED.,.F.,.F.,.F.,(2,2),(13,11,11,11,11,13),(0.,
    15.443870285388),(-1.332240873755,-0.828333900473,6.796949602951,
    10.609591354663,14.422233106375,14.615536384915),.UNSPECIFIED.);
#4759 = CARTESIAN_POINT('',(51.514396855029,123.01266695027,
    15.40000001091));
#4760 = CARTESIAN_POINT('',(51.552834867689,123.04352555642,
    15.400000010156));
#4761 = CARTESIAN_POINT('',(51.59127288035,123.07438416258,
    15.400000009401));
#4762 = CARTESIAN_POINT('',(51.62971089301,123.10524276873,
    15.400000008647));
#4763 = CARTESIAN_POINT('',(51.66814890567,123.13610137489,
    15.400000007892));
#4764 = CARTESIAN_POINT('',(51.706586918331,123.16695998104,
    15.400000007137));
#4765 = CARTESIAN_POINT('',(51.745024930991,123.19781858719,
    15.400000006383));
#4766 = CARTESIAN_POINT('',(51.783462943651,123.22867719335,
    15.400000005628));
#4767 = CARTESIAN_POINT('',(51.821900956312,123.2595357995,
    15.400000004874));
#4768 = CARTESIAN_POINT('',(51.860338968972,123.29039440566,
    15.400000004119));
#4769 = CARTESIAN_POINT('',(51.898776981632,123.32125301181,
    15.400000003365));
#4770 = CARTESIAN_POINT('',(51.937214994293,123.35211161797,
    15.40000000261));
#4771 = CARTESIAN_POINT('',(52.55730946218,123.84993264561,
    15.399999990438));
#4772 = CARTESIAN_POINT('',(53.122317876808,124.22546903397,
    15.400000033091));
#4773 = CARTESIAN_POINT('',(53.668087822438,124.51183691251,
    15.399999920611));
#4774 = CARTESIAN_POINT('',(54.192139696536,124.71134748739,
    15.40000013661));
#4775 = CARTESIAN_POINT('',(54.691619597612,124.82607837642,
    15.399999828072));
#4776 = CARTESIAN_POINT('',(55.164379089608,124.85857566744,
    15.400000158936));
#4777 = CARTESIAN_POINT('',(55.607325881136,124.81074041306,
    15.399999893405));
#4778 = CARTESIAN_POINT('',(56.018319297211,124.68513499211,
    15.400000050015));
#4779 = CARTESIAN_POINT('',(56.394483750738,124.4838053826,
    15.399999984919));
#4780 = CARTESIAN_POINT('',(56.733376342971,124.2091039957,
    15.400000002298));
#4781 = CARTESIAN_POINT('',(57.032364434082,123.86324807743,
    15.399999999999));
#4782 = CARTESIAN_POINT('',(57.417129268595,123.24112153611,15.4));
#4783 = CARTESIAN_POINT('',(57.534764384525,123.01652204445,
    15.400000000003));
#4784 = CARTESIAN_POINT('',(57.641456639768,122.77498005551,
    15.39999999999));
#4785 = CARTESIAN_POINT('',(57.736883002896,122.51677705043,
    15.400000000022));
#4786 = CARTESIAN_POINT('',(57.82072044167,122.24219450918,
    15.399999999968));
#4787 = CARTESIAN_POINT('',(57.892645925271,121.95151391367,
    15.400000000037));
#4788 = CARTESIAN_POINT('',(57.952336420911,121.64501674327,
    15.399999999967));
#4789 = CARTESIAN_POINT('',(57.999468898008,121.32298448003,
    15.400000000023));
#4790 = CARTESIAN_POINT('',(58.033720323963,120.9856986037,
    15.399999999988));
#4791 = CARTESIAN_POINT('',(58.054767667686,120.63344059563,
    15.400000000004));
#4792 = CARTESIAN_POINT('',(58.062287897169,120.26649193628,
    15.399999999999));
#4793 = CARTESIAN_POINT('',(58.049628064529,119.50377627673,15.4));
#4794 = CARTESIAN_POINT('',(58.029446133583,119.10800376308,
    15.399999999982));
#4795 = CARTESIAN_POINT('',(57.995104115397,118.69814218062,
    15.400000000088));
#4796 = CARTESIAN_POINT('',(57.946223864133,118.27431039983,
    15.399999999803));
#4797 = CARTESIAN_POINT('',(57.882602349123,117.83714396955,
    15.400000000228));
#4798 = CARTESIAN_POINT('',(57.803756188283,117.38645122322,
    15.399999999935));
#4799 = CARTESIAN_POINT('',(57.709469940053,116.92283114624,
    15.39999999979));
#4800 = CARTESIAN_POINT('',(57.599461855873,116.44668699237,
    15.400000000367));
#4801 = CARTESIAN_POINT('',(57.473216759636,115.95773324923,
    15.399999999692));
#4802 = CARTESIAN_POINT('',(57.330654570778,115.45696842049,
    15.400000000151));
#4803 = CARTESIAN_POINT('',(57.171266213016,114.94412481086,
    15.39999999996));
#4804 = CARTESIAN_POINT('',(56.985876959944,114.39317621521,
    15.400000000005));
#4805 = CARTESIAN_POINT('',(56.976887291075,114.36656100678,
    15.399999999672));
#4806 = CARTESIAN_POINT('',(56.967853819358,114.33991647374,
    15.399999999207));
#4807 = CARTESIAN_POINT('',(56.958776618087,114.31324296825,
    15.399999998569));
#4808 = CARTESIAN_POINT('',(56.949655762444,114.28654084714,
    15.399999998248));
#4809 = CARTESIAN_POINT('',(56.940491324527,114.25981045951,
    15.399999997857));
#4810 = CARTESIAN_POINT('',(56.931283380425,114.23305216466,
    15.399999998158));
#4811 = CARTESIAN_POINT('',(56.922032002039,114.20626631094,
    15.399999998693));
#4812 = CARTESIAN_POINT('',(56.912737264873,114.17945325637,
    15.400000000066));
#4813 = CARTESIAN_POINT('',(56.903399241884,114.15261335193,
    15.400000002121));
#4814 = CARTESIAN_POINT('',(56.894018007497,114.12574695278,
    15.400000005145));
#4815 = CARTESIAN_POINT('',(56.884593635463,114.0988544121,
    15.40000000922));
#4816 = CARTESIAN_POINT('',(51.889823733818,122.54484227432,
    16.000000000001));
#4817 = CARTESIAN_POINT('',(51.930567504352,122.57753894035,
    16.000000000001));
#4818 = CARTESIAN_POINT('',(51.970893137871,122.60990005357,
    16.000000000001));
#4819 = CARTESIAN_POINT('',(52.010800634375,122.64192561399,
    16.000000000001));
#4820 = CARTESIAN_POINT('',(52.050289993864,122.67361562161,16.));
#4821 = CARTESIAN_POINT('',(52.089361216338,122.70497007642,16.));
#4822 = CARTESIAN_POINT('',(52.128014301796,122.73598897844,16.));
#4823 = CARTESIAN_POINT('',(52.166249250239,122.76667232766,16.));
#4824 = CARTESIAN_POINT('',(52.204066061667,122.79702012407,16.));
#4825 = CARTESIAN_POINT('',(52.241464736079,122.82703236768,16.));
#4826 = CARTESIAN_POINT('',(52.278445273476,122.85670905849,16.));
#4827 = CARTESIAN_POINT('',(52.315007673858,122.8860501965,16.));
#4828 = CARTESIAN_POINT('',(52.898098635342,123.35397769017,
    15.999999999999));
#4829 = CARTESIAN_POINT('',(53.420867482725,123.70048654173,
    16.000000000004));
#4830 = CARTESIAN_POINT('',(53.914320716479,123.95667565783,
    15.999999999987));
#4831 = CARTESIAN_POINT('',(54.381090791024,124.13009113211,
    16.000000000027));
#4832 = CARTESIAN_POINT('',(54.792220865166,124.2128380982,
    15.999999999958));
#4833 = CARTESIAN_POINT('',(55.189629598515,124.24238704474,
    16.000000000051));
#4834 = CARTESIAN_POINT('',(55.503817205759,124.16787664505,
    15.999999999953));
#4835 = CARTESIAN_POINT('',(55.788388282726,124.09794796563,
    16.000000000032));
#4836 = CARTESIAN_POINT('',(56.065920265564,123.95396637695,
    15.999999999983));
#4837 = CARTESIAN_POINT('',(56.324968263328,123.75173605328,
    16.000000000006));
#4838 = CARTESIAN_POINT('',(56.565003500501,123.47823484107,
    15.999999999999));
#4839 = CARTESIAN_POINT('',(56.88537232569,122.96023025417,16.));
#4840 = CARTESIAN_POINT('',(56.985591285467,122.76957232543,
    16.000000000004));
#4841 = CARTESIAN_POINT('',(57.078398549005,122.56067715266,
    15.999999999989));
#4842 = CARTESIAN_POINT('',(57.162942309967,122.33354351316,
    16.000000000022));
#4843 = CARTESIAN_POINT('',(57.238397648294,122.08834438208,
    15.999999999968));
#4844 = CARTESIAN_POINT('',(57.303993556912,121.82536693159,
    16.000000000035));
#4845 = CARTESIAN_POINT('',(57.359029342216,121.54496461405,
    15.99999999997));
#4846 = CARTESIAN_POINT('',(57.402880409869,121.24752133799,
    16.00000000002));
#4847 = CARTESIAN_POINT('',(57.434993422105,120.93342772557,
    15.99999999999));
#4848 = CARTESIAN_POINT('',(57.454870840277,120.6030694635,
    16.000000000004));
#4849 = CARTESIAN_POINT('',(57.462044841244,120.25682773687,
    15.999999999999));
#4850 = CARTESIAN_POINT('',(57.450036389731,119.53335577053,
    16.000000000001));
#4851 = CARTESIAN_POINT('',(57.430875948924,119.1561775959,
    15.999999999996));
#4852 = CARTESIAN_POINT('',(57.39801741034,118.76349512672,
    16.000000000008));
#4853 = CARTESIAN_POINT('',(57.351387844003,118.35731481588,
    15.999999999989));
#4854 = CARTESIAN_POINT('',(57.289831386431,117.93443445652,
    16.000000000011));
#4855 = CARTESIAN_POINT('',(57.213985661933,117.49999633332,
    15.999999999993));
#4856 = CARTESIAN_POINT('',(57.122785945835,117.05110378834,
    16.000000000002));
#4857 = CARTESIAN_POINT('',(57.015620024556,116.58689842174,
    16.000000000001));
#4858 = CARTESIAN_POINT('',(56.893362894226,116.11347087182,
    15.999999999997));
#4859 = CARTESIAN_POINT('',(56.754083081094,115.62377944917,
    16.000000000003));
#4860 = CARTESIAN_POINT('',(56.598675113512,115.12386984115,
    15.999999999998));
#4861 = CARTESIAN_POINT('',(56.417401855141,114.58509754958,
    16.000000000001));
#4862 = CARTESIAN_POINT('',(56.408610253193,114.55906546787,
    15.999999999989));
#4863 = CARTESIAN_POINT('',(56.399774427504,114.53299893174,
    16.000000000033));
#4864 = CARTESIAN_POINT('',(56.390894577083,114.50689759365,
    15.999999999938));
#4865 = CARTESIAN_POINT('',(56.381970903034,114.48076111027,
    16.000000000086));
#4866 = CARTESIAN_POINT('',(56.373003603032,114.45458913126,
    15.999999999909));
#4867 = CARTESIAN_POINT('',(56.363992879208,114.42838131555,
    16.000000000076));
#4868 = CARTESIAN_POINT('',(56.35493892899,114.40213731212,
    15.99999999995));
#4869 = CARTESIAN_POINT('',(56.345841953883,114.37585677872,
    16.000000000026));
#4870 = CARTESIAN_POINT('',(56.336702152482,114.34953936675,
    15.999999999991));
#4871 = CARTESIAN_POINT('',(56.327519725079,114.32318473135,
    16.000000000002));
#4872 = CARTESIAN_POINT('',(56.318294871166,114.2967925259,16.));
#4873 = ADVANCED_FACE('',(#4874),#4920,.T.);
#4874 = FACE_BOUND('',#4875,.T.);
#4875 = EDGE_LOOP('',(#4876,#4917,#4918,#4919));
#4876 = ORIENTED_EDGE('',*,*,#4877,.T.);
#4877 = EDGE_CURVE('',#1527,#3544,#4878,.T.);
#4878 = B_SPLINE_CURVE_WITH_KNOTS('',13,(#4879,#4880,#4881,#4882,#4883,
    #4884,#4885,#4886,#4887,#4888,#4889,#4890,#4891,#4892,#4893,#4894,
    #4895,#4896,#4897,#4898,#4899,#4900,#4901,#4902,#4903,#4904,#4905,
    #4906,#4907,#4908,#4909,#4910,#4911,#4912,#4913,#4914,#4915,#4916),
  .UNSPECIFIED.,.F.,.F.,(14,12,12,14),(-1.159395076516,
    -8.807421775075E-02,53.477968720524,107.0440116588),.UNSPECIFIED.);
#4879 = CARTESIAN_POINT('',(57.194854080096,115.67283172223,
    15.400000310839));
#4880 = CARTESIAN_POINT('',(57.184297476455,115.59517104414,
    15.400000146677));
#4881 = CARTESIAN_POINT('',(57.173763967434,115.51753974108,
    15.400000050517));
#4882 = CARTESIAN_POINT('',(57.163251631684,115.43992420647,
    15.400000003535));
#4883 = CARTESIAN_POINT('',(57.152758724717,115.36231209934,
    15.399999988792));
#4884 = CARTESIAN_POINT('',(57.142283687097,115.28469235708,
    15.39999999396));
#4885 = CARTESIAN_POINT('',(57.131825129106,115.20705517145,
    15.400000006265));
#4886 = CARTESIAN_POINT('',(57.121381854227,115.12939202542,
    15.400000020192));
#4887 = CARTESIAN_POINT('',(57.110952829265,115.05169564614,
    15.400000027727));
#4888 = CARTESIAN_POINT('',(57.100537216184,114.97396005531,
    15.400000028712));
#4889 = CARTESIAN_POINT('',(57.090134343628,114.89618052383,
    15.400000021617));
#4890 = CARTESIAN_POINT('',(57.079743728238,114.81835360596,
    15.40000001042));
#4891 = CARTESIAN_POINT('',(57.069365061452,114.74047711806,
    15.400000000367));
#4892 = CARTESIAN_POINT('',(56.540655948153,110.76620170839,
    15.399999985514));
#4893 = CARTESIAN_POINT('',(56.051668445952,106.74248655993,
    15.400001276605));
#4894 = CARTESIAN_POINT('',(55.590814442591,102.60562418368,
    15.400054269957));
#4895 = CARTESIAN_POINT('',(55.157091541673,98.371216834305,
    15.400833075453));
#4896 = CARTESIAN_POINT('',(54.749159515602,94.052306766183,
    15.403288097433));
#4897 = CARTESIAN_POINT('',(54.366322517126,89.666795856288,
    15.408345597056));
#4898 = CARTESIAN_POINT('',(54.00700973724,85.226055941,15.416704281048)
  );
#4899 = CARTESIAN_POINT('',(53.670611383073,80.748719983062,
    15.428806016812));
#4900 = CARTESIAN_POINT('',(53.355682866441,76.247189851932,
    15.444788786968));
#4901 = CARTESIAN_POINT('',(53.061348869451,71.738177361952,
    15.464388064967));
#4902 = CARTESIAN_POINT('',(52.78642857859,67.236125777011,
    15.486930135887));
#4903 = CARTESIAN_POINT('',(52.529861483985,62.756400253751,
    15.510941253161));
#4904 = CARTESIAN_POINT('',(52.051239208326,53.871796101293,
    15.557400420464));
#4905 = CARTESIAN_POINT('',(51.829184348406,49.466919334963,
    15.579504135261));
#4906 = CARTESIAN_POINT('',(51.623295530562,45.114620215259,
    15.599467841335));
#4907 = CARTESIAN_POINT('',(51.432478419467,40.830022868426,
    15.613334920845));
#4908 = CARTESIAN_POINT('',(51.255638649758,36.628253076773,
    15.616032776046));
#4909 = CARTESIAN_POINT('',(51.091681439317,32.52442161561,
    15.604126986072));
#4910 = CARTESIAN_POINT('',(50.939510302104,28.533596687519,
    15.577737114472));
#4911 = CARTESIAN_POINT('',(50.798026696191,24.670782911854,
    15.540728859167));
#4912 = CARTESIAN_POINT('',(50.666130991296,20.950906258407,
    15.499178000033));
#4913 = CARTESIAN_POINT('',(50.542723361983,17.388786126198,
    15.458982286192));
#4914 = CARTESIAN_POINT('',(50.426701777311,13.999057702752,
    15.424378171258));
#4915 = CARTESIAN_POINT('',(50.316952511153,10.795989564401,
    15.399999999997));
#4916 = CARTESIAN_POINT('',(50.212327095338,7.79312338792,15.4));
#4917 = ORIENTED_EDGE('',*,*,#3543,.T.);
#4918 = ORIENTED_EDGE('',*,*,#1821,.F.);
#4919 = ORIENTED_EDGE('',*,*,#1588,.T.);
#4920 = SURFACE_OF_LINEAR_EXTRUSION('',#4921,#4926);
#4921 = B_SPLINE_CURVE_WITH_KNOTS('',3,(#4922,#4923,#4924,#4925),
  .UNSPECIFIED.,.F.,.F.,(4,4),(0.,1.),.PIECEWISE_BEZIER_KNOTS.);
#4922 = CARTESIAN_POINT('',(57.047924928494,114.57923953727,0.));
#4923 = CARTESIAN_POINT('',(52.564327502608,80.816873593481,0.));
#4924 = CARTESIAN_POINT('',(51.118335249188,33.796568337102,0.));
#4925 = CARTESIAN_POINT('',(50.212327095338,7.79312338792,0.));
#4926 = VECTOR('',#4927,1.);
#4927 = DIRECTION('',(-0.,-0.,-1.));
#4928 = ADVANCED_FACE('',(#4929),#4932,.F.);
#4929 = FACE_BOUND('',#4930,.T.);
#4930 = EDGE_LOOP('',(#4931));
#4931 = ORIENTED_EDGE('',*,*,#1605,.F.);
#4932 = CYLINDRICAL_SURFACE('',#4933,8.);
#4933 = AXIS2_PLACEMENT_3D('',#4934,#4935,#4936);
#4934 = CARTESIAN_POINT('',(8.,132.,12.));
#4935 = DIRECTION('',(-1.,-0.,-2.22044604925E-16));
#4936 = DIRECTION('',(-1.110223024625E-16,-0.866025403784,0.5));
#4937 = ADVANCED_FACE('',(#4938),#4949,.T.);
#4938 = FACE_BOUND('',#4939,.F.);
#4939 = EDGE_LOOP('',(#4940,#4941,#4942,#4943));
#4940 = ORIENTED_EDGE('',*,*,#3605,.T.);
#4941 = ORIENTED_EDGE('',*,*,#2040,.T.);
#4942 = ORIENTED_EDGE('',*,*,#4653,.T.);
#4943 = ORIENTED_EDGE('',*,*,#4944,.F.);
#4944 = EDGE_CURVE('',#3598,#4654,#4945,.T.);
#4945 = LINE('',#4946,#4947);
#4946 = CARTESIAN_POINT('',(42.539362581776,4.345571274663,16.));
#4947 = VECTOR('',#4948,1.);
#4948 = DIRECTION('',(7.320481085564E-02,0.997316928397,0.));
#4949 = PLANE('',#4950);
#4950 = AXIS2_PLACEMENT_3D('',#4951,#4952,#4953);
#4951 = CARTESIAN_POINT('',(42.240167503257,4.367532717919,15.7));
#4952 = DIRECTION('',(-0.705209563062,5.17636181715E-02,0.707106781187)
  );
#4953 = DIRECTION('',(-7.320481085564E-02,-0.997316928397,
    2.359223927328E-16));
#4954 = ADVANCED_FACE('',(#4955),#4975,.T.);
#4955 = FACE_BOUND('',#4956,.T.);
#4956 = EDGE_LOOP('',(#4957,#4958,#4959,#4960,#4961,#4969));
#4957 = ORIENTED_EDGE('',*,*,#3620,.T.);
#4958 = ORIENTED_EDGE('',*,*,#2144,.T.);
#4959 = ORIENTED_EDGE('',*,*,#2120,.T.);
#4960 = ORIENTED_EDGE('',*,*,#2980,.T.);
#4961 = ORIENTED_EDGE('',*,*,#4962,.T.);
#4962 = EDGE_CURVE('',#2981,#4963,#4965,.T.);
#4963 = VERTEX_POINT('',#4964);
#4964 = CARTESIAN_POINT('',(41.940972424738,4.389494161176,4.8));
#4965 = LINE('',#4966,#4967);
#4966 = CARTESIAN_POINT('',(34.950648666268,4.902596179188,4.8));
#4967 = VECTOR('',#4968,1.);
#4968 = DIRECTION('',(0.997316928397,-7.320481085564E-02,0.));
#4969 = ORIENTED_EDGE('',*,*,#4970,.F.);
#4970 = EDGE_CURVE('',#3621,#4963,#4971,.T.);
#4971 = LINE('',#4972,#4973);
#4972 = CARTESIAN_POINT('',(44.30464870166,36.591399154461,4.8));
#4973 = VECTOR('',#4974,1.);
#4974 = DIRECTION('',(-7.320481085564E-02,-0.997316928397,0.));
#4975 = PLANE('',#4976);
#4976 = AXIS2_PLACEMENT_3D('',#4977,#4978,#4979);
#4977 = CARTESIAN_POINT('',(19.160324500276,59.073886492491,4.8));
#4978 = DIRECTION('',(0.,0.,1.));
#4979 = DIRECTION('',(1.,0.,0.));
#4980 = ADVANCED_FACE('',(#4981),#5007,.F.);
#4981 = FACE_BOUND('',#4982,.F.);
#4982 = EDGE_LOOP('',(#4983,#4984,#4985,#4986));
#4983 = ORIENTED_EDGE('',*,*,#2531,.F.);
#4984 = ORIENTED_EDGE('',*,*,#3964,.T.);
#4985 = ORIENTED_EDGE('',*,*,#2403,.T.);
#4986 = ORIENTED_EDGE('',*,*,#4987,.T.);
#4987 = EDGE_CURVE('',#2406,#2532,#4988,.T.);
#4988 = B_SPLINE_CURVE_WITH_KNOTS('',9,(#4989,#4990,#4991,#4992,#4993,
    #4994,#4995,#4996,#4997,#4998,#4999,#5000,#5001,#5002,#5003,#5004,
    #5005,#5006),.UNSPECIFIED.,.F.,.F.,(10,8,10),(22.198165530886,
    27.791606603024,33.385047675161),.UNSPECIFIED.);
#4989 = CARTESIAN_POINT('',(24.172674218772,62.847064918639,15.4));
#4990 = CARTESIAN_POINT('',(24.233678227817,63.678162358969,15.4));
#4991 = CARTESIAN_POINT('',(24.147606167952,64.411438170279,
    15.400000000001));
#4992 = CARTESIAN_POINT('',(23.93458380334,65.046018359006,
    15.399999999998));
#4993 = CARTESIAN_POINT('',(23.614736898186,65.581028931666,
    15.400000000002));
#4994 = CARTESIAN_POINT('',(23.208191216629,66.015595894647,
    15.399999999998));
#4995 = CARTESIAN_POINT('',(22.735072522891,66.348845254494,
    15.400000000002));
#4996 = CARTESIAN_POINT('',(22.215506581113,66.579903017603,
    15.399999999999));
#4997 = CARTESIAN_POINT('',(21.669619155495,66.707895190479,15.4));
#4998 = CARTESIAN_POINT('',(20.565452864919,66.756000368655,15.4));
#4999 = CARTESIAN_POINT('',(20.007173999962,66.67611337396,15.4));
#5000 = CARTESIAN_POINT('',(19.462825179516,66.491412801946,
    15.400000000001));
#5001 = CARTESIAN_POINT('',(18.952532167752,66.20102465907,
    15.399999999998));
#5002 = CARTESIAN_POINT('',(18.496420728861,65.804074951809,
    15.400000000002));
#5003 = CARTESIAN_POINT('',(18.114616627005,65.299689686608,
    15.399999999999));
#5004 = CARTESIAN_POINT('',(17.827245626377,64.686994869948,
    15.400000000001));
#5005 = CARTESIAN_POINT('',(17.654433491145,63.96511650828,15.4));
#5006 = CARTESIAN_POINT('',(17.616305985491,63.133180608073,15.4));
#5007 = SURFACE_OF_LINEAR_EXTRUSION('',#5008,#5013);
#5008 = B_SPLINE_CURVE_WITH_KNOTS('',3,(#5009,#5010,#5011,#5012),
  .UNSPECIFIED.,.F.,.F.,(4,4),(0.,1.),.PIECEWISE_BEZIER_KNOTS.);
#5009 = CARTESIAN_POINT('',(24.172674218772,62.847064918639,0.));
#5010 = CARTESIAN_POINT('',(24.53869827305,67.833649560625,0.));
#5011 = CARTESIAN_POINT('',(17.845071019415,68.124796009315,0.));
#5012 = CARTESIAN_POINT('',(17.616305985491,63.133180608073,0.));
#5013 = VECTOR('',#5014,1.);
#5014 = DIRECTION('',(-0.,-0.,-1.));
#5015 = ADVANCED_FACE('',(#5016),#5040,.F.);
#5016 = FACE_BOUND('',#5017,.T.);
#5017 = EDGE_LOOP('',(#5018,#5025,#5026,#5034));
#5018 = ORIENTED_EDGE('',*,*,#5019,.F.);
#5019 = EDGE_CURVE('',#2422,#5020,#5022,.T.);
#5020 = VERTEX_POINT('',#5021);
#5021 = CARTESIAN_POINT('',(22.62262152061,49.925867735989,16.));
#5022 = B_SPLINE_CURVE_WITH_KNOTS('',1,(#5023,#5024),.UNSPECIFIED.,.F.,
  .F.,(2,2),(0.,5.10127695662),.PIECEWISE_BEZIER_KNOTS.);
#5023 = CARTESIAN_POINT('',(23.221011677648,49.881944849476,15.4));
#5024 = CARTESIAN_POINT('',(22.62262152061,49.925867735989,16.));
#5025 = ORIENTED_EDGE('',*,*,#2429,.T.);
#5026 = ORIENTED_EDGE('',*,*,#5027,.T.);
#5027 = EDGE_CURVE('',#2406,#5028,#5030,.T.);
#5028 = VERTEX_POINT('',#5029);
#5029 = CARTESIAN_POINT('',(23.574284061733,62.890987805153,16.));
#5030 = LINE('',#5031,#5032);
#5031 = CARTESIAN_POINT('',(23.873479140252,62.869026361896,15.7));
#5032 = VECTOR('',#5033,1.);
#5033 = DIRECTION('',(-0.705209563062,5.17636181715E-02,0.707106781187)
  );
#5034 = ORIENTED_EDGE('',*,*,#5035,.F.);
#5035 = EDGE_CURVE('',#5020,#5028,#5036,.T.);
#5036 = LINE('',#5037,#5038);
#5037 = CARTESIAN_POINT('',(22.62262152061,49.925867735989,16.));
#5038 = VECTOR('',#5039,1.);
#5039 = DIRECTION('',(7.320481085564E-02,0.997316928397,0.));
#5040 = PLANE('',#5041);
#5041 = AXIS2_PLACEMENT_3D('',#5042,#5043,#5044);
#5042 = CARTESIAN_POINT('',(22.921816599129,49.903906292733,15.7));
#5043 = DIRECTION('',(-0.705209563062,5.17636181715E-02,-0.707106781187)
  );
#5044 = DIRECTION('',(-7.320481085564E-02,-0.997316928397,
    1.040834085586E-16));
#5045 = ADVANCED_FACE('',(#5046),#5081,.F.);
#5046 = FACE_BOUND('',#5047,.F.);
#5047 = EDGE_LOOP('',(#5048,#5056,#5079,#5080));
#5048 = ORIENTED_EDGE('',*,*,#5049,.T.);
#5049 = EDGE_CURVE('',#2444,#5050,#5052,.T.);
#5050 = VERTEX_POINT('',#5051);
#5051 = CARTESIAN_POINT('',(20.951513884348,46.638818036551,16.));
#5052 = LINE('',#5053,#5054);
#5053 = CARTESIAN_POINT('',(20.942536230889,46.338952397075,15.7));
#5054 = VECTOR('',#5055,1.);
#5055 = DIRECTION('',(2.116053213136E-02,0.706790090395,0.707106781187)
  );
#5056 = ORIENTED_EDGE('',*,*,#5057,.T.);
#5057 = EDGE_CURVE('',#5050,#5020,#5058,.T.);
#5058 = B_SPLINE_CURVE_WITH_KNOTS('',10,(#5059,#5060,#5061,#5062,#5063,
    #5064,#5065,#5066,#5067,#5068,#5069,#5070,#5071,#5072,#5073,#5074,
    #5075,#5076,#5077,#5078),.UNSPECIFIED.,.F.,.F.,(11,9,11),(
    4.096888574266,6.647527052576,9.198165530886),.UNSPECIFIED.);
#5059 = CARTESIAN_POINT('',(20.951513884348,46.638818036551,16.));
#5060 = CARTESIAN_POINT('',(21.193725694418,46.63156647649,16.));
#5061 = CARTESIAN_POINT('',(21.395793579618,46.651350328703,
    16.000000000001));
#5062 = CARTESIAN_POINT('',(21.558827982232,46.692421821003,
    15.999999999997));
#5063 = CARTESIAN_POINT('',(21.69021673103,46.750328408124,
    16.000000000004));
#5064 = CARTESIAN_POINT('',(21.787294660392,46.815350962264,
    15.999999999996));
#5065 = CARTESIAN_POINT('',(21.886134375769,46.884951903004,
    16.000000000003));
#5066 = CARTESIAN_POINT('',(21.978663976861,46.98368163922,
    15.999999999998));
#5067 = CARTESIAN_POINT('',(22.065957820945,47.104960821391,16.));
#5068 = CARTESIAN_POINT('',(22.146272085457,47.252424543418,16.));
#5069 = CARTESIAN_POINT('',(22.291126830995,47.595061105249,16.));
#5070 = CARTESIAN_POINT('',(22.355701149616,47.790345460203,
    16.000000000002));
#5071 = CARTESIAN_POINT('',(22.411418703235,48.008042665673,
    15.999999999995));
#5072 = CARTESIAN_POINT('',(22.458249592878,48.245243911273,
    16.000000000008));
#5073 = CARTESIAN_POINT('',(22.496968980016,48.498890860752,
    15.99999999999));
#5074 = CARTESIAN_POINT('',(22.528905229147,48.766240264049,
    16.000000000009));
#5075 = CARTESIAN_POINT('',(22.555679595719,49.044864667303,
    15.999999999995));
#5076 = CARTESIAN_POINT('',(22.579012112079,49.332466771759,
    16.000000000002));
#5077 = CARTESIAN_POINT('',(22.60066832261,49.626784987992,
    15.999999999999));
#5078 = CARTESIAN_POINT('',(22.62262152061,49.925867735989,16.));
#5079 = ORIENTED_EDGE('',*,*,#5019,.F.);
#5080 = ORIENTED_EDGE('',*,*,#2451,.F.);
#5081 = B_SPLINE_SURFACE_WITH_KNOTS('',1,10,(
    (#5082,#5083,#5084,#5085,#5086,#5087,#5088,#5089,#5090,#5091,#5092
      ,#5093,#5094,#5095,#5096,#5097,#5098,#5099,#5100,#5101)
    ,(#5102,#5103,#5104,#5105,#5106,#5107,#5108,#5109,#5110,#5111,#5112
      ,#5113,#5114,#5115,#5116,#5117,#5118,#5119,#5120,#5121
  )),.UNSPECIFIED.,.F.,.F.,.F.,(2,2),(11,9,11),(0.,5.10127695662),(
    4.096888574266,6.647527052576,9.198165530886),.UNSPECIFIED.);
#5082 = CARTESIAN_POINT('',(20.933558577431,46.039086757599,15.4));
#5083 = CARTESIAN_POINT('',(21.23275365595,46.017125314341,15.4));
#5084 = CARTESIAN_POINT('',(21.503884897165,46.030589463091,
    15.400316860915));
#5085 = CARTESIAN_POINT('',(21.748862761566,46.078782405608,
    15.400692057587));
#5086 = CARTESIAN_POINT('',(21.967728986265,46.158956865774,
    15.401059088958));
#5087 = CARTESIAN_POINT('',(22.164412139127,46.274788333592,
    15.400946955524));
#5088 = CARTESIAN_POINT('',(22.327104114887,46.418522494739,
    15.400587537574));
#5089 = CARTESIAN_POINT('',(22.469337491017,46.581863596283,
    15.400452508604));
#5090 = CARTESIAN_POINT('',(22.590119434083,46.766080842138,
    15.400276476228));
#5091 = CARTESIAN_POINT('',(22.693611161476,46.967767037074,
    15.400176675348));
#5092 = CARTESIAN_POINT('',(22.870162132136,47.403526949757,
    15.400041796638));
#5093 = CARTESIAN_POINT('',(22.943250524732,47.637543645675,
    15.400010949647));
#5094 = CARTESIAN_POINT('',(23.003519151871,47.886054174755,
    15.400001930555));
#5095 = CARTESIAN_POINT('',(23.052896463078,48.147427847942,
    15.40000093326));
#5096 = CARTESIAN_POINT('',(23.093164246155,48.419914331347,
    15.400000645197));
#5097 = CARTESIAN_POINT('',(23.126096160193,48.701635246812,
    15.39999979149));
#5098 = CARTESIAN_POINT('',(23.153496830175,48.990642819421,
    15.399999623173));
#5099 = CARTESIAN_POINT('',(23.177195749436,49.284989160682,
    15.400000285311));
#5100 = CARTESIAN_POINT('',(23.199050234391,49.582749770955,15.4));
#5101 = CARTESIAN_POINT('',(23.221011677648,49.881944849476,15.4));
#5102 = CARTESIAN_POINT('',(20.951513884348,46.638818036551,16.));
#5103 = CARTESIAN_POINT('',(21.193725694418,46.63156647649,16.));
#5104 = CARTESIAN_POINT('',(21.395793579618,46.651350328703,
    16.000000000001));
#5105 = CARTESIAN_POINT('',(21.558827982232,46.692421821003,
    15.999999999997));
#5106 = CARTESIAN_POINT('',(21.69021673103,46.750328408124,
    16.000000000004));
#5107 = CARTESIAN_POINT('',(21.787294660392,46.815350962264,
    15.999999999996));
#5108 = CARTESIAN_POINT('',(21.886134375769,46.884951903004,
    16.000000000003));
#5109 = CARTESIAN_POINT('',(21.978663976861,46.98368163922,
    15.999999999998));
#5110 = CARTESIAN_POINT('',(22.065957820945,47.104960821391,16.));
#5111 = CARTESIAN_POINT('',(22.146272085457,47.252424543418,16.));
#5112 = CARTESIAN_POINT('',(22.291126830995,47.595061105249,16.));
#5113 = CARTESIAN_POINT('',(22.355701149616,47.790345460203,
    16.000000000002));
#5114 = CARTESIAN_POINT('',(22.411418703235,48.008042665673,
    15.999999999995));
#5115 = CARTESIAN_POINT('',(22.458249592878,48.245243911273,
    16.000000000008));
#5116 = CARTESIAN_POINT('',(22.496968980016,48.498890860752,
    15.99999999999));
#5117 = CARTESIAN_POINT('',(22.528905229147,48.766240264049,
    16.000000000009));
#5118 = CARTESIAN_POINT('',(22.555679595719,49.044864667303,
    15.999999999995));
#5119 = CARTESIAN_POINT('',(22.579012112079,49.332466771759,
    16.000000000002));
#5120 = CARTESIAN_POINT('',(22.60066832261,49.626784987992,
    15.999999999999));
#5121 = CARTESIAN_POINT('',(22.62262152061,49.925867735989,16.));
#5122 = ADVANCED_FACE('',(#5123),#5141,.F.);
#5123 = FACE_BOUND('',#5124,.T.);
#5124 = EDGE_LOOP('',(#5125,#5133,#5134,#5135));
#5125 = ORIENTED_EDGE('',*,*,#5126,.F.);
#5126 = EDGE_CURVE('',#2488,#5127,#5129,.T.);
#5127 = VERTEX_POINT('',#5128);
#5128 = CARTESIAN_POINT('',(17.465784201493,46.743177019448,16.));
#5129 = LINE('',#5130,#5131);
#5130 = CARTESIAN_POINT('',(20.021029216835,49.111892551862,
    18.444121673709));
#5131 = VECTOR('',#5132,1.);
#5132 = DIRECTION('',(0.600381791598,0.556554720427,0.574272189373));
#5133 = ORIENTED_EDGE('',*,*,#2495,.T.);
#5134 = ORIENTED_EDGE('',*,*,#5049,.T.);
#5135 = ORIENTED_EDGE('',*,*,#5136,.F.);
#5136 = EDGE_CURVE('',#5127,#5050,#5137,.T.);
#5137 = LINE('',#5138,#5139);
#5138 = CARTESIAN_POINT('',(16.856460177066,46.761419522806,16.));
#5139 = VECTOR('',#5140,1.);
#5140 = DIRECTION('',(0.999552131587,-2.99255115272E-02,0.));
#5141 = PLANE('',#5142);
#5142 = AXIS2_PLACEMENT_3D('',#5143,#5144,#5145);
#5143 = CARTESIAN_POINT('',(16.847482523608,46.461553883329,15.7));
#5144 = DIRECTION('',(2.116053213136E-02,0.706790090395,-0.707106781187)
  );
#5145 = DIRECTION('',(-0.999552131587,2.99255115272E-02,
    6.591949208712E-17));
#5146 = ADVANCED_FACE('',(#5147),#5164,.F.);
#5147 = FACE_BOUND('',#5148,.T.);
#5148 = EDGE_LOOP('',(#5149,#5156,#5157,#5158));
#5149 = ORIENTED_EDGE('',*,*,#5150,.F.);
#5150 = EDGE_CURVE('',#2532,#5151,#5153,.T.);
#5151 = VERTEX_POINT('',#5152);
#5152 = CARTESIAN_POINT('',(18.215676863548,63.105711524775,16.));
#5153 = B_SPLINE_CURVE_WITH_KNOTS('',1,(#5154,#5155),.UNSPECIFIED.,.F.,
  .F.,(2,2),(0.,11.186882144276),.PIECEWISE_BEZIER_KNOTS.);
#5154 = CARTESIAN_POINT('',(17.616305985491,63.133180608073,15.4));
#5155 = CARTESIAN_POINT('',(18.215676863548,63.105711524775,16.));
#5156 = ORIENTED_EDGE('',*,*,#2539,.T.);
#5157 = ORIENTED_EDGE('',*,*,#5126,.T.);
#5158 = ORIENTED_EDGE('',*,*,#5159,.F.);
#5159 = EDGE_CURVE('',#5151,#5127,#5160,.T.);
#5160 = LINE('',#5161,#5162);
#5161 = CARTESIAN_POINT('',(18.215676863548,63.105711524775,16.));
#5162 = VECTOR('',#5163,1.);
#5163 = DIRECTION('',(-4.57818054978E-02,-0.998951463428,0.));
#5164 = PLANE('',#5165);
#5165 = AXIS2_PLACEMENT_3D('',#5166,#5167,#5168);
#5166 = CARTESIAN_POINT('',(17.915991424519,63.119446066424,15.7));
#5167 = DIRECTION('',(0.706365353866,-3.237262512246E-02,-0.707106781187
    ));
#5168 = DIRECTION('',(4.57818054978E-02,0.998951463428,
    -9.367506770275E-17));
#5169 = ADVANCED_FACE('',(#5170),#5183,.F.);
#5170 = FACE_BOUND('',#5171,.T.);
#5171 = EDGE_LOOP('',(#5172,#5179,#5180,#5181,#5182));
#5172 = ORIENTED_EDGE('',*,*,#5173,.F.);
#5173 = EDGE_CURVE('',#3096,#3944,#5174,.T.);
#5174 = CIRCLE('',#5175,8.);
#5175 = AXIS2_PLACEMENT_3D('',#5176,#5177,#5178);
#5176 = CARTESIAN_POINT('',(8.,18.,12.));
#5177 = DIRECTION('',(1.,0.,2.22044604925E-16));
#5178 = DIRECTION('',(-1.110223024625E-16,-0.866025403784,0.5));
#5179 = ORIENTED_EDGE('',*,*,#3095,.F.);
#5180 = ORIENTED_EDGE('',*,*,#2802,.T.);
#5181 = ORIENTED_EDGE('',*,*,#2761,.F.);
#5182 = ORIENTED_EDGE('',*,*,#3953,.T.);
#5183 = CYLINDRICAL_SURFACE('',#5184,8.);
#5184 = AXIS2_PLACEMENT_3D('',#5185,#5186,#5187);
#5185 = CARTESIAN_POINT('',(8.,18.,12.));
#5186 = DIRECTION('',(-1.,-0.,-2.22044604925E-16));
#5187 = DIRECTION('',(-1.110223024625E-16,-0.866025403784,0.5));
#5188 = ADVANCED_FACE('',(#5189),#5195,.F.);
#5189 = FACE_BOUND('',#5190,.F.);
#5190 = EDGE_LOOP('',(#5191,#5192,#5193,#5194));
#5191 = ORIENTED_EDGE('',*,*,#3188,.T.);
#5192 = ORIENTED_EDGE('',*,*,#3087,.T.);
#5193 = ORIENTED_EDGE('',*,*,#2913,.T.);
#5194 = ORIENTED_EDGE('',*,*,#3410,.T.);
#5195 = PLANE('',#5196);
#5196 = AXIS2_PLACEMENT_3D('',#5197,#5198,#5199);
#5197 = CARTESIAN_POINT('',(15.788434782242,2.227663647375,0.));
#5198 = DIRECTION('',(5.527271691189E-02,0.998471294913,0.));
#5199 = DIRECTION('',(0.998471294913,-5.527271691189E-02,0.));
#5200 = ADVANCED_FACE('',(#5201),#5212,.F.);
#5201 = FACE_BOUND('',#5202,.F.);
#5202 = EDGE_LOOP('',(#5203,#5209,#5210,#5211));
#5203 = ORIENTED_EDGE('',*,*,#5204,.T.);
#5204 = EDGE_CURVE('',#4963,#3482,#5205,.T.);
#5205 = LINE('',#5206,#5207);
#5206 = CARTESIAN_POINT('',(41.940972424738,4.389494161176,0.));
#5207 = VECTOR('',#5208,1.);
#5208 = DIRECTION('',(0.,0.,1.));
#5209 = ORIENTED_EDGE('',*,*,#3489,.T.);
#5210 = ORIENTED_EDGE('',*,*,#2988,.F.);
#5211 = ORIENTED_EDGE('',*,*,#4962,.T.);
#5212 = PLANE('',#5213);
#5213 = AXIS2_PLACEMENT_3D('',#5214,#5215,#5216);
#5214 = CARTESIAN_POINT('',(49.919507851915,3.803855674331,0.));
#5215 = DIRECTION('',(-7.320481085564E-02,-0.997316928397,0.));
#5216 = DIRECTION('',(-0.997316928397,7.320481085564E-02,0.));
#5217 = ADVANCED_FACE('',(#5218),#5236,.T.);
#5218 = FACE_BOUND('',#5219,.T.);
#5219 = EDGE_LOOP('',(#5220,#5221,#5222,#5230));
#5220 = ORIENTED_EDGE('',*,*,#3729,.F.);
#5221 = ORIENTED_EDGE('',*,*,#3111,.T.);
#5222 = ORIENTED_EDGE('',*,*,#5223,.T.);
#5223 = EDGE_CURVE('',#3104,#5224,#5226,.T.);
#5224 = VERTEX_POINT('',#5225);
#5225 = CARTESIAN_POINT('',(8.,9.,23.4));
#5226 = LINE('',#5227,#5228);
#5227 = CARTESIAN_POINT('',(8.,9.,0.));
#5228 = VECTOR('',#5229,1.);
#5229 = DIRECTION('',(0.,0.,1.));
#5230 = ORIENTED_EDGE('',*,*,#5231,.T.);
#5231 = EDGE_CURVE('',#5224,#3730,#5232,.T.);
#5232 = LINE('',#5233,#5234);
#5233 = CARTESIAN_POINT('',(8.,9.,23.4));
#5234 = VECTOR('',#5235,1.);
#5235 = DIRECTION('',(-0.8,-0.6,0.));
#5236 = PLANE('',#5237);
#5237 = AXIS2_PLACEMENT_3D('',#5238,#5239,#5240);
#5238 = CARTESIAN_POINT('',(8.,9.,0.));
#5239 = DIRECTION('',(0.6,-0.8,0.));
#5240 = DIRECTION('',(-0.8,-0.6,0.));
#5241 = ADVANCED_FACE('',(#5242),#5248,.T.);
#5242 = FACE_BOUND('',#5243,.T.);
#5243 = EDGE_LOOP('',(#5244,#5245,#5246,#5247));
#5244 = ORIENTED_EDGE('',*,*,#3506,.T.);
#5245 = ORIENTED_EDGE('',*,*,#3628,.F.);
#5246 = ORIENTED_EDGE('',*,*,#4970,.T.);
#5247 = ORIENTED_EDGE('',*,*,#5204,.T.);
#5248 = PLANE('',#5249);
#5249 = AXIS2_PLACEMENT_3D('',#5250,#5251,#5252);
#5250 = CARTESIAN_POINT('',(41.940972424738,4.389494161176,0.));
#5251 = DIRECTION('',(-0.997316928397,7.320481085564E-02,0.));
#5252 = DIRECTION('',(7.320481085564E-02,0.997316928397,0.));
#5253 = ADVANCED_FACE('',(#5254),#5301,.T.);
#5254 = FACE_BOUND('',#5255,.T.);
#5255 = EDGE_LOOP('',(#5256,#5257,#5298,#5299,#5300));
#5256 = ORIENTED_EDGE('',*,*,#3597,.T.);
#5257 = ORIENTED_EDGE('',*,*,#5258,.F.);
#5258 = EDGE_CURVE('',#4689,#3587,#5259,.T.);
#5259 = B_SPLINE_CURVE_WITH_KNOTS('',13,(#5260,#5261,#5262,#5263,#5264,
    #5265,#5266,#5267,#5268,#5269,#5270,#5271,#5272,#5273,#5274,#5275,
    #5276,#5277,#5278,#5279,#5280,#5281,#5282,#5283,#5284,#5285,#5286,
    #5287,#5288,#5289,#5290,#5291,#5292,#5293,#5294,#5295,#5296,#5297),
  .UNSPECIFIED.,.F.,.F.,(14,12,12,14),(-1.159395076516,
    -8.807421775075E-02,53.477968720524,107.0440116588),.UNSPECIFIED.);
#5260 = CARTESIAN_POINT('',(56.599551297855,115.75250528108,16.));
#5261 = CARTESIAN_POINT('',(56.589174212021,115.67497004644,
    16.000000000005));
#5262 = CARTESIAN_POINT('',(56.578774388413,115.59742270608,
    15.999999999977));
#5263 = CARTESIAN_POINT('',(56.568357733925,115.51985262572,
    16.000000000063));
#5264 = CARTESIAN_POINT('',(56.557929657138,115.4422505309,
    15.999999999875));
#5265 = CARTESIAN_POINT('',(56.547495076259,115.36460852346,
    16.000000000192));
#5266 = CARTESIAN_POINT('',(56.537058404277,115.28692005093,
    15.999999999769));
#5267 = CARTESIAN_POINT('',(56.526623571695,115.20917995301,
    16.000000000223));
#5268 = CARTESIAN_POINT('',(56.516193997579,115.13138440296,
    15.999999999827));
#5269 = CARTESIAN_POINT('',(56.505772620467,115.05353096946,
    16.000000000106));
#5270 = CARTESIAN_POINT('',(56.495361870638,114.97561856181,
    15.999999999951));
#5271 = CARTESIAN_POINT('',(56.484963690949,114.89764747056,
    16.000000000015));
#5272 = CARTESIAN_POINT('',(56.474579523873,114.81961934257,
    15.999999999999));
#5273 = CARTESIAN_POINT('',(55.945750024478,110.83742973343,
    16.000000000001));
#5274 = CARTESIAN_POINT('',(55.466147856496,106.8050915742,
    16.000000000001));
#5275 = CARTESIAN_POINT('',(55.02349997719,102.66247934469,
    15.99999999999));
#5276 = CARTESIAN_POINT('',(54.613735845511,98.415786435663,
    16.000000000023));
#5277 = CARTESIAN_POINT('',(54.237879656761,94.098584987762,
    15.999999999965));
#5278 = CARTESIAN_POINT('',(53.887983304549,89.696132605844,
    16.000000000038));
#5279 = CARTESIAN_POINT('',(53.568523820791,85.260537708466,
    15.99999999997));
#5280 = CARTESIAN_POINT('',(53.27039465636,80.770805027655,
    16.000000000016));
#5281 = CARTESIAN_POINT('',(52.996284531596,76.269402572693,
    15.999999999995));
#5282 = CARTESIAN_POINT('',(52.740811118904,71.755368382677,
    15.999999999999));
#5283 = CARTESIAN_POINT('',(52.502888984716,67.250858646629,
    16.000000000002));
#5284 = CARTESIAN_POINT('',(52.279708296229,62.768752014648,
    15.999999999998));
#5285 = CARTESIAN_POINT('',(51.858205704082,53.880461242782,
    16.000000000003));
#5286 = CARTESIAN_POINT('',(51.659875703539,49.474232996468,
    15.999999999982));
#5287 = CARTESIAN_POINT('',(51.471570505852,45.121027970536,
    16.00000000005));
#5288 = CARTESIAN_POINT('',(51.290896620186,40.835964669249,
    15.999999999907));
#5289 = CARTESIAN_POINT('',(51.115460542676,36.634166881052,
    16.000000000132));
#5290 = CARTESIAN_POINT('',(50.942869208749,32.53076595176,
    15.999999999852));
#5291 = CARTESIAN_POINT('',(50.770731284624,28.540905513878,
    16.000000000134));
#5292 = CARTESIAN_POINT('',(50.596657842105,24.679745200983,
    15.9999999999));
#5293 = CARTESIAN_POINT('',(50.418262330879,20.962463532868,
    16.00000000006));
#5294 = CARTESIAN_POINT('',(50.233160893486,17.404263607421,
    15.999999999972));
#5295 = CARTESIAN_POINT('',(50.038975448341,14.020388899818,
    16.00000000001));
#5296 = CARTESIAN_POINT('',(49.833343121423,10.826159941646,
    15.999999999998));
#5297 = CARTESIAN_POINT('',(49.6139369383,7.837046274433,16.));
#5298 = ORIENTED_EDGE('',*,*,#4688,.F.);
#5299 = ORIENTED_EDGE('',*,*,#4673,.F.);
#5300 = ORIENTED_EDGE('',*,*,#4944,.F.);
#5301 = PLANE('',#5302);
#5302 = AXIS2_PLACEMENT_3D('',#5303,#5304,#5305);
#5303 = CARTESIAN_POINT('',(43.508888312561,48.445322101519,16.));
#5304 = DIRECTION('',(0.,0.,1.));
#5305 = DIRECTION('',(1.,0.,0.));
#5306 = ADVANCED_FACE('',(#5307),#5313,.T.);
#5307 = FACE_BOUND('',#5308,.T.);
#5308 = EDGE_LOOP('',(#5309,#5310,#5311,#5312));
#5309 = ORIENTED_EDGE('',*,*,#4877,.F.);
#5310 = ORIENTED_EDGE('',*,*,#4750,.T.);
#5311 = ORIENTED_EDGE('',*,*,#5258,.T.);
#5312 = ORIENTED_EDGE('',*,*,#3586,.T.);
#5313 = B_SPLINE_SURFACE_WITH_KNOTS('',1,13,(
    (#5314,#5315,#5316,#5317,#5318,#5319,#5320,#5321,#5322,#5323,#5324
      ,#5325,#5326,#5327,#5328,#5329,#5330,#5331,#5332,#5333,#5334,#5335
      ,#5336,#5337,#5338,#5339,#5340,#5341,#5342,#5343,#5344,#5345,#5346
      ,#5347,#5348,#5349,#5350,#5351)
    ,(#5352,#5353,#5354,#5355,#5356,#5357,#5358,#5359,#5360,#5361,#5362
      ,#5363,#5364,#5365,#5366,#5367,#5368,#5369,#5370,#5371,#5372,#5373
      ,#5374,#5375,#5376,#5377,#5378,#5379,#5380,#5381,#5382,#5383,#5384
      ,#5385,#5386,#5387,#5388,#5389
    )),.UNSPECIFIED.,.F.,.F.,.F.,(2,2),(14,12,12,14),(0.,108.20340673531
    ),(-1.159395076516,-8.807421775075E-02,53.477968720524,
    107.0440116588),.UNSPECIFIED.);
#5314 = CARTESIAN_POINT('',(57.194854080096,115.67283172223,
    15.400000310839));
#5315 = CARTESIAN_POINT('',(57.184297476455,115.59517104414,
    15.400000146677));
#5316 = CARTESIAN_POINT('',(57.173763967434,115.51753974108,
    15.400000050517));
#5317 = CARTESIAN_POINT('',(57.163251631684,115.43992420647,
    15.400000003535));
#5318 = CARTESIAN_POINT('',(57.152758724717,115.36231209934,
    15.399999988792));
#5319 = CARTESIAN_POINT('',(57.142283687097,115.28469235708,
    15.39999999396));
#5320 = CARTESIAN_POINT('',(57.131825129106,115.20705517145,
    15.400000006265));
#5321 = CARTESIAN_POINT('',(57.121381854227,115.12939202542,
    15.400000020192));
#5322 = CARTESIAN_POINT('',(57.110952829265,115.05169564614,
    15.400000027727));
#5323 = CARTESIAN_POINT('',(57.100537216184,114.97396005531,
    15.400000028712));
#5324 = CARTESIAN_POINT('',(57.090134343628,114.89618052383,
    15.400000021617));
#5325 = CARTESIAN_POINT('',(57.079743728238,114.81835360596,
    15.40000001042));
#5326 = CARTESIAN_POINT('',(57.069365061452,114.74047711806,
    15.400000000367));
#5327 = CARTESIAN_POINT('',(56.540655948153,110.76620170839,
    15.399999985514));
#5328 = CARTESIAN_POINT('',(56.051668445952,106.74248655993,
    15.400001276605));
#5329 = CARTESIAN_POINT('',(55.590814442591,102.60562418368,
    15.400054269957));
#5330 = CARTESIAN_POINT('',(55.157091541673,98.371216834305,
    15.400833075453));
#5331 = CARTESIAN_POINT('',(54.749159515602,94.052306766183,
    15.403288097433));
#5332 = CARTESIAN_POINT('',(54.366322517126,89.666795856288,
    15.408345597056));
#5333 = CARTESIAN_POINT('',(54.00700973724,85.226055941,15.416704281048)
  );
#5334 = CARTESIAN_POINT('',(53.670611383073,80.748719983062,
    15.428806016812));
#5335 = CARTESIAN_POINT('',(53.355682866441,76.247189851932,
    15.444788786968));
#5336 = CARTESIAN_POINT('',(53.061348869451,71.738177361952,
    15.464388064967));
#5337 = CARTESIAN_POINT('',(52.78642857859,67.236125777011,
    15.486930135887));
#5338 = CARTESIAN_POINT('',(52.529861483985,62.756400253751,
    15.510941253161));
#5339 = CARTESIAN_POINT('',(52.051239208326,53.871796101293,
    15.557400420464));
#5340 = CARTESIAN_POINT('',(51.829184348406,49.466919334963,
    15.579504135261));
#5341 = CARTESIAN_POINT('',(51.623295530562,45.114620215259,
    15.599467841335));
#5342 = CARTESIAN_POINT('',(51.432478419467,40.830022868426,
    15.613334920845));
#5343 = CARTESIAN_POINT('',(51.255638649758,36.628253076773,
    15.616032776046));
#5344 = CARTESIAN_POINT('',(51.091681439317,32.52442161561,
    15.604126986072));
#5345 = CARTESIAN_POINT('',(50.939510302104,28.533596687519,
    15.577737114472));
#5346 = CARTESIAN_POINT('',(50.798026696191,24.670782911854,
    15.540728859167));
#5347 = CARTESIAN_POINT('',(50.666130991296,20.950906258407,
    15.499178000033));
#5348 = CARTESIAN_POINT('',(50.542723361983,17.388786126198,
    15.458982286192));
#5349 = CARTESIAN_POINT('',(50.426701777311,13.999057702752,
    15.424378171258));
#5350 = CARTESIAN_POINT('',(50.316952511153,10.795989564401,
    15.399999999997));
#5351 = CARTESIAN_POINT('',(50.212327095338,7.79312338792,15.4));
#5352 = CARTESIAN_POINT('',(56.599551297855,115.75250528108,16.));
#5353 = CARTESIAN_POINT('',(56.589174212021,115.67497004644,
    16.000000000005));
#5354 = CARTESIAN_POINT('',(56.578774388413,115.59742270608,
    15.999999999977));
#5355 = CARTESIAN_POINT('',(56.568357733925,115.51985262572,
    16.000000000063));
#5356 = CARTESIAN_POINT('',(56.557929657138,115.4422505309,
    15.999999999875));
#5357 = CARTESIAN_POINT('',(56.547495076259,115.36460852346,
    16.000000000192));
#5358 = CARTESIAN_POINT('',(56.537058404277,115.28692005093,
    15.999999999769));
#5359 = CARTESIAN_POINT('',(56.526623571695,115.20917995301,
    16.000000000223));
#5360 = CARTESIAN_POINT('',(56.516193997579,115.13138440296,
    15.999999999827));
#5361 = CARTESIAN_POINT('',(56.505772620467,115.05353096946,
    16.000000000106));
#5362 = CARTESIAN_POINT('',(56.495361870638,114.97561856181,
    15.999999999951));
#5363 = CARTESIAN_POINT('',(56.484963690949,114.89764747056,
    16.000000000015));
#5364 = CARTESIAN_POINT('',(56.474579523873,114.81961934257,
    15.999999999999));
#5365 = CARTESIAN_POINT('',(55.945750024478,110.83742973343,
    16.000000000001));
#5366 = CARTESIAN_POINT('',(55.466147856496,106.8050915742,
    16.000000000001));
#5367 = CARTESIAN_POINT('',(55.02349997719,102.66247934469,
    15.99999999999));
#5368 = CARTESIAN_POINT('',(54.613735845511,98.415786435663,
    16.000000000023));
#5369 = CARTESIAN_POINT('',(54.237879656761,94.098584987762,
    15.999999999965));
#5370 = CARTESIAN_POINT('',(53.887983304549,89.696132605844,
    16.000000000038));
#5371 = CARTESIAN_POINT('',(53.568523820791,85.260537708466,
    15.99999999997));
#5372 = CARTESIAN_POINT('',(53.27039465636,80.770805027655,
    16.000000000016));
#5373 = CARTESIAN_POINT('',(52.996284531596,76.269402572693,
    15.999999999995));
#5374 = CARTESIAN_POINT('',(52.740811118904,71.755368382677,
    15.999999999999));
#5375 = CARTESIAN_POINT('',(52.502888984716,67.250858646629,
    16.000000000002));
#5376 = CARTESIAN_POINT('',(52.279708296229,62.768752014648,
    15.999999999998));
#5377 = CARTESIAN_POINT('',(51.858205704082,53.880461242782,
    16.000000000003));
#5378 = CARTESIAN_POINT('',(51.659875703539,49.474232996468,
    15.999999999982));
#5379 = CARTESIAN_POINT('',(51.471570505852,45.121027970536,
    16.00000000005));
#5380 = CARTESIAN_POINT('',(51.290896620186,40.835964669249,
    15.999999999907));
#5381 = CARTESIAN_POINT('',(51.115460542676,36.634166881052,
    16.000000000132));
#5382 = CARTESIAN_POINT('',(50.942869208749,32.53076595176,
    15.999999999852));
#5383 = CARTESIAN_POINT('',(50.770731284624,28.540905513878,
    16.000000000134));
#5384 = CARTESIAN_POINT('',(50.596657842105,24.679745200983,
    15.9999999999));
#5385 = CARTESIAN_POINT('',(50.418262330879,20.962463532868,
    16.00000000006));
#5386 = CARTESIAN_POINT('',(50.233160893486,17.404263607421,
    15.999999999972));
#5387 = CARTESIAN_POINT('',(50.038975448341,14.020388899818,
    16.00000000001));
#5388 = CARTESIAN_POINT('',(49.833343121423,10.826159941646,
    15.999999999998));
#5389 = CARTESIAN_POINT('',(49.6139369383,7.837046274433,16.));
#5390 = ADVANCED_FACE('',(#5391),#5452,.T.);
#5391 = FACE_BOUND('',#5392,.T.);
#5392 = EDGE_LOOP('',(#5393,#5406,#5450,#5451));
#5393 = ORIENTED_EDGE('',*,*,#5394,.T.);
#5394 = EDGE_CURVE('',#3730,#5395,#5397,.T.);
#5395 = VERTEX_POINT('',#5396);
#5396 = CARTESIAN_POINT('',(3.800099353228,6.600074514921,24.));
#5397 = B_SPLINE_CURVE_WITH_KNOTS('',4,(#5398,#5399,#5400,#5401,#5402,
    #5403,#5404,#5405),.UNSPECIFIED.,.F.,.F.,(5,3,5),(0.,0.339998955467,
    1.),.UNSPECIFIED.);
#5398 = CARTESIAN_POINT('',(3.999999971697,5.999999978831,
    23.400000000047));
#5399 = CARTESIAN_POINT('',(3.982999964264,6.050999997878,
    23.451000019744));
#5400 = CARTESIAN_POINT('',(3.965999967432,6.102000024538,
    23.502000039171));
#5401 = CARTESIAN_POINT('',(3.94900095678,6.153000765905,23.553000038656
    ));
#5402 = CARTESIAN_POINT('',(3.899009480064,6.303007584125,
    23.703000379262));
#5403 = CARTESIAN_POINT('',(3.86602244981,6.402017597943,23.802000608469
    ));
#5404 = CARTESIAN_POINT('',(3.833049921165,6.501038111913,
    23.901000536831));
#5405 = CARTESIAN_POINT('',(3.800099353228,6.600074514921,24.));
#5406 = ORIENTED_EDGE('',*,*,#5407,.T.);
#5407 = EDGE_CURVE('',#5395,#3793,#5408,.T.);
#5408 = B_SPLINE_CURVE_WITH_KNOTS('',14,(#5409,#5410,#5411,#5412,#5413,
    #5414,#5415,#5416,#5417,#5418,#5419,#5420,#5421,#5422,#5423,#5424,
    #5425,#5426,#5427,#5428,#5429,#5430,#5431,#5432,#5433,#5434,#5435,
    #5436,#5437,#5438,#5439,#5440,#5441,#5442,#5443,#5444,#5445,#5446,
    #5447,#5448,#5449),.UNSPECIFIED.,.F.,.F.,(15,13,13,15),(
    -0.895281497545,-0.665356345235,2.217960305693,5.10127695662),
  .UNSPECIFIED.);
#5409 = CARTESIAN_POINT('',(5.075870539075,6.591533749419,
    24.000000000002));
#5410 = CARTESIAN_POINT('',(5.055765396187,6.591838403316,
    24.000000000002));
#5411 = CARTESIAN_POINT('',(5.035660253298,6.592143057212,
    24.000000000002));
#5412 = CARTESIAN_POINT('',(5.015555110409,6.592447711109,
    24.000000000002));
#5413 = CARTESIAN_POINT('',(4.99544996752,6.592752365006,24.000000000001
    ));
#5414 = CARTESIAN_POINT('',(4.975344824631,6.593057018903,
    24.000000000001));
#5415 = CARTESIAN_POINT('',(4.955239681742,6.593361672799,
    24.000000000001));
#5416 = CARTESIAN_POINT('',(4.935134538853,6.593666326696,
    24.000000000001));
#5417 = CARTESIAN_POINT('',(4.915029395965,6.593970980593,
    24.000000000001));
#5418 = CARTESIAN_POINT('',(4.894924253076,6.59427563449,24.000000000001
    ));
#5419 = CARTESIAN_POINT('',(4.874819110187,6.594580288386,
    24.000000000001));
#5420 = CARTESIAN_POINT('',(4.854713967298,6.594884942283,24.));
#5421 = CARTESIAN_POINT('',(4.834608824409,6.59518959618,24.));
#5422 = CARTESIAN_POINT('',(4.81450368152,6.595494250077,24.));
#5423 = CARTESIAN_POINT('',(4.54227521642,6.599619337034,23.999999999998
    ));
#5424 = CARTESIAN_POINT('',(4.297504202229,6.601015227216,
    24.000000000008));
#5425 = CARTESIAN_POINT('',(4.053419407221,6.600629546821,
    23.999999999977));
#5426 = CARTESIAN_POINT('',(3.819405757589,6.599901936411,
    24.000000000048));
#5427 = CARTESIAN_POINT('',(3.550895202202,6.597792956043,
    23.999999999918));
#5428 = CARTESIAN_POINT('',(3.356918924642,6.600012034113,
    24.000000000114));
#5429 = CARTESIAN_POINT('',(3.074817615247,6.60052673568,23.999999999871
    ));
#5430 = CARTESIAN_POINT('',(2.88707045262,6.607793716062,24.000000000118
    ));
#5431 = CARTESIAN_POINT('',(2.640839726535,6.616452486695,23.99999999991
    ));
#5432 = CARTESIAN_POINT('',(2.439271279954,6.631349918297,
    24.000000000057));
#5433 = CARTESIAN_POINT('',(2.23157193886,6.651191031712,23.99999999997)
  );
#5434 = CARTESIAN_POINT('',(2.039437007164,6.677317036008,
    24.000000000013));
#5435 = CARTESIAN_POINT('',(1.858739031818,6.70982123086,23.999999999995
    ));
#5436 = CARTESIAN_POINT('',(1.525022595054,6.787611803964,
    24.000000000008));
#5437 = CARTESIAN_POINT('',(1.37198961976,6.832857327441,23.999999999955
    ));
#5438 = CARTESIAN_POINT('',(1.233595023296,6.884656410054,
    24.000000000138));
#5439 = CARTESIAN_POINT('',(1.112815270947,6.942133941364,
    23.999999999696));
#5440 = CARTESIAN_POINT('',(1.007647045794,7.00490111611,24.000000000526
    ));
#5441 = CARTESIAN_POINT('',(0.920179476572,7.072547905811,
    23.999999999264));
#5442 = CARTESIAN_POINT('',(0.850683031552,7.142592179734,
    24.000000000838));
#5443 = CARTESIAN_POINT('',(0.792882037617,7.213635247537,
    23.999999999221));
#5444 = CARTESIAN_POINT('',(0.739415777556,7.290595342565,24.00000000059
    ));
#5445 = CARTESIAN_POINT('',(0.689495868723,7.383737378703,23.99999999964
    ));
#5446 = CARTESIAN_POINT('',(0.647727835821,7.500189718501,
    24.000000000173));
#5447 = CARTESIAN_POINT('',(0.61687537528,7.639712737185,23.999999999939
    ));
#5448 = CARTESIAN_POINT('',(0.6,7.806212107816,24.000000000013));
#5449 = CARTESIAN_POINT('',(0.6,8.,24.));
#5450 = ORIENTED_EDGE('',*,*,#3792,.F.);
#5451 = ORIENTED_EDGE('',*,*,#3737,.F.);
#5452 = B_SPLINE_SURFACE_WITH_KNOTS('',1,14,(
    (#5453,#5454,#5455,#5456,#5457,#5458,#5459,#5460,#5461,#5462,#5463
      ,#5464,#5465,#5466,#5467,#5468,#5469,#5470,#5471,#5472,#5473,#5474
      ,#5475,#5476,#5477,#5478,#5479,#5480,#5481,#5482,#5483,#5484,#5485
      ,#5486,#5487,#5488,#5489,#5490,#5491,#5492,#5493)
    ,(#5494,#5495,#5496,#5497,#5498,#5499,#5500,#5501,#5502,#5503,#5504
      ,#5505,#5506,#5507,#5508,#5509,#5510,#5511,#5512,#5513,#5514,#5515
      ,#5516,#5517,#5518,#5519,#5520,#5521,#5522,#5523,#5524,#5525,#5526
      ,#5527,#5528,#5529,#5530,#5531,#5532,#5533,#5534
  )),.UNSPECIFIED.,.F.,.F.,.F.,(2,2),(15,13,13,15),(0.,5.766633301854),(
    -0.895281497545,-0.665356345235,2.217960305693,5.10127695662),
  .UNSPECIFIED.);
#5453 = CARTESIAN_POINT('',(5.066761784522,5.990473405287,
    23.400000656044));
#5454 = CARTESIAN_POINT('',(5.046247935929,5.990835182921,
    23.400000619493));
#5455 = CARTESIAN_POINT('',(5.025797091,5.991195849437,23.400000583054)
  );
#5456 = CARTESIAN_POINT('',(5.005409249732,5.991555404835,
    23.400000546728));
#5457 = CARTESIAN_POINT('',(4.985084412128,5.991913849114,
    23.400000510514));
#5458 = CARTESIAN_POINT('',(4.964822578186,5.992271182275,
    23.400000474412));
#5459 = CARTESIAN_POINT('',(4.944623747907,5.992627404317,
    23.400000438422));
#5460 = CARTESIAN_POINT('',(4.92448792129,5.99298251524,23.400000402545)
  );
#5461 = CARTESIAN_POINT('',(4.904415098336,5.993336515046,23.40000036678
    ));
#5462 = CARTESIAN_POINT('',(4.884405279045,5.993689403732,
    23.400000331127));
#5463 = CARTESIAN_POINT('',(4.864458463416,5.994041181301,
    23.400000295586));
#5464 = CARTESIAN_POINT('',(4.84457465145,5.99439184775,23.400000260158)
  );
#5465 = CARTESIAN_POINT('',(4.824753843147,5.994741403082,
    23.400000224842));
#5466 = CARTESIAN_POINT('',(4.804996038507,5.995089847295,
    23.400000189638));
#5467 = CARTESIAN_POINT('',(4.538323701467,5.999792820842,23.39999971449
    ));
#5468 = CARTESIAN_POINT('',(4.297646200826,6.001005384017,
    23.400000499374));
#5469 = CARTESIAN_POINT('',(4.05555881297,6.00063333918,23.399999196063)
  );
#5470 = CARTESIAN_POINT('',(3.822597226677,5.999664834732,23.40000114762
    ));
#5471 = CARTESIAN_POINT('',(3.550657697449,5.998429676294,
    23.399998598765));
#5472 = CARTESIAN_POINT('',(3.352689965207,5.999093833795,
    23.400001420462));
#5473 = CARTESIAN_POINT('',(3.066026428108,6.00131812422,23.39999883408)
  );
#5474 = CARTESIAN_POINT('',(2.86691410221,6.007225264412,23.400000755663
    ));
#5475 = CARTESIAN_POINT('',(2.612044140349,6.017061576375,
    23.399999625355));
#5476 = CARTESIAN_POINT('',(2.395097077093,6.032202260839,
    23.400000135239));
#5477 = CARTESIAN_POINT('',(2.170857656021,6.053488820996,
    23.399999967638));
#5478 = CARTESIAN_POINT('',(1.957790019352,6.081957092048,
    23.400000004016));
#5479 = CARTESIAN_POINT('',(1.752113445782,6.11859046726,23.399999999994
    ));
#5480 = CARTESIAN_POINT('',(1.359227034866,6.210173786817,
    23.400000000009));
#5481 = CARTESIAN_POINT('',(1.171942060525,6.265123677695,23.39999999995
    ));
#5482 = CARTESIAN_POINT('',(0.994807448091,6.330223930553,
    23.400000000152));
#5483 = CARTESIAN_POINT('',(0.828815328323,6.40646667588,23.399999999664
    ));
#5484 = CARTESIAN_POINT('',(0.674957832045,6.494844045098,
    23.400000000584));
#5485 = CARTESIAN_POINT('',(0.534227089965,6.596348167858,
    23.399999999181));
#5486 = CARTESIAN_POINT('',(0.40761523297,6.711971176587,23.400000000938
    ));
#5487 = CARTESIAN_POINT('',(0.29611439171,6.842705200061,23.399999999121
    ));
#5488 = CARTESIAN_POINT('',(0.2007166971,6.989542371109,23.400000000672)
  );
#5489 = CARTESIAN_POINT('',(0.122414279807,7.153474818757,
    23.399999999586));
#5490 = CARTESIAN_POINT('',(6.219927069152E-02,7.335494675041,
    23.4000000002));
#5491 = CARTESIAN_POINT('',(2.106380048832E-02,7.53659407,
    23.399999999929));
#5492 = CARTESIAN_POINT('',(2.699979498047E-13,7.75776513477,
    23.400000000015));
#5493 = CARTESIAN_POINT('',(0.,8.,23.4));
#5494 = CARTESIAN_POINT('',(5.075870539075,6.591533749419,
    24.000000000002));
#5495 = CARTESIAN_POINT('',(5.055765396187,6.591838403316,
    24.000000000002));
#5496 = CARTESIAN_POINT('',(5.035660253298,6.592143057212,
    24.000000000002));
#5497 = CARTESIAN_POINT('',(5.015555110409,6.592447711109,
    24.000000000002));
#5498 = CARTESIAN_POINT('',(4.99544996752,6.592752365006,24.000000000001
    ));
#5499 = CARTESIAN_POINT('',(4.975344824631,6.593057018903,
    24.000000000001));
#5500 = CARTESIAN_POINT('',(4.955239681742,6.593361672799,
    24.000000000001));
#5501 = CARTESIAN_POINT('',(4.935134538853,6.593666326696,
    24.000000000001));
#5502 = CARTESIAN_POINT('',(4.915029395965,6.593970980593,
    24.000000000001));
#5503 = CARTESIAN_POINT('',(4.894924253076,6.59427563449,24.000000000001
    ));
#5504 = CARTESIAN_POINT('',(4.874819110187,6.594580288386,
    24.000000000001));
#5505 = CARTESIAN_POINT('',(4.854713967298,6.594884942283,24.));
#5506 = CARTESIAN_POINT('',(4.834608824409,6.59518959618,24.));
#5507 = CARTESIAN_POINT('',(4.81450368152,6.595494250077,24.));
#5508 = CARTESIAN_POINT('',(4.54227521642,6.599619337034,23.999999999998
    ));
#5509 = CARTESIAN_POINT('',(4.297504202229,6.601015227216,
    24.000000000008));
#5510 = CARTESIAN_POINT('',(4.053419407221,6.600629546821,
    23.999999999977));
#5511 = CARTESIAN_POINT('',(3.819405757589,6.599901936411,
    24.000000000048));
#5512 = CARTESIAN_POINT('',(3.550895202202,6.597792956043,
    23.999999999918));
#5513 = CARTESIAN_POINT('',(3.356918924642,6.600012034113,
    24.000000000114));
#5514 = CARTESIAN_POINT('',(3.074817615247,6.60052673568,23.999999999871
    ));
#5515 = CARTESIAN_POINT('',(2.88707045262,6.607793716062,24.000000000118
    ));
#5516 = CARTESIAN_POINT('',(2.640839726535,6.616452486695,23.99999999991
    ));
#5517 = CARTESIAN_POINT('',(2.439271279954,6.631349918297,
    24.000000000057));
#5518 = CARTESIAN_POINT('',(2.23157193886,6.651191031712,23.99999999997)
  );
#5519 = CARTESIAN_POINT('',(2.039437007164,6.677317036008,
    24.000000000013));
#5520 = CARTESIAN_POINT('',(1.858739031818,6.70982123086,23.999999999995
    ));
#5521 = CARTESIAN_POINT('',(1.525022595054,6.787611803964,
    24.000000000008));
#5522 = CARTESIAN_POINT('',(1.37198961976,6.832857327441,23.999999999955
    ));
#5523 = CARTESIAN_POINT('',(1.233595023296,6.884656410054,
    24.000000000138));
#5524 = CARTESIAN_POINT('',(1.112815270947,6.942133941364,
    23.999999999696));
#5525 = CARTESIAN_POINT('',(1.007647045794,7.00490111611,24.000000000526
    ));
#5526 = CARTESIAN_POINT('',(0.920179476572,7.072547905811,
    23.999999999264));
#5527 = CARTESIAN_POINT('',(0.850683031552,7.142592179734,
    24.000000000838));
#5528 = CARTESIAN_POINT('',(0.792882037617,7.213635247537,
    23.999999999221));
#5529 = CARTESIAN_POINT('',(0.739415777556,7.290595342565,24.00000000059
    ));
#5530 = CARTESIAN_POINT('',(0.689495868723,7.383737378703,23.99999999964
    ));
#5531 = CARTESIAN_POINT('',(0.647727835821,7.500189718501,
    24.000000000173));
#5532 = CARTESIAN_POINT('',(0.61687537528,7.639712737185,23.999999999939
    ));
#5533 = CARTESIAN_POINT('',(0.6,7.806212107816,24.000000000013));
#5534 = CARTESIAN_POINT('',(0.6,8.,24.));
#5535 = ADVANCED_FACE('',(#5536),#5640,.T.);
#5536 = FACE_BOUND('',#5537,.T.);
#5537 = EDGE_LOOP('',(#5538,#5539,#5547,#5555,#5563,#5571,#5579,#5587,
    #5595,#5639));
#5538 = ORIENTED_EDGE('',*,*,#5407,.F.);
#5539 = ORIENTED_EDGE('',*,*,#5540,.F.);
#5540 = EDGE_CURVE('',#5541,#5395,#5543,.T.);
#5541 = VERTEX_POINT('',#5542);
#5542 = CARTESIAN_POINT('',(7.4,9.3,24.));
#5543 = LINE('',#5544,#5545);
#5544 = CARTESIAN_POINT('',(7.64,9.48,24.));
#5545 = VECTOR('',#5546,1.);
#5546 = DIRECTION('',(-0.8,-0.6,0.));
#5547 = ORIENTED_EDGE('',*,*,#5548,.F.);
#5548 = EDGE_CURVE('',#5549,#5541,#5551,.T.);
#5549 = VERTEX_POINT('',#5550);
#5550 = CARTESIAN_POINT('',(7.4,16.267949192431,24.));
#5551 = LINE('',#5552,#5553);
#5552 = CARTESIAN_POINT('',(7.4,27.,24.));
#5553 = VECTOR('',#5554,1.);
#5554 = DIRECTION('',(0.,-1.,0.));
#5555 = ORIENTED_EDGE('',*,*,#5556,.T.);
#5556 = EDGE_CURVE('',#5549,#5557,#5559,.T.);
#5557 = VERTEX_POINT('',#5558);
#5558 = CARTESIAN_POINT('',(4.,16.267949192431,24.));
#5559 = LINE('',#5560,#5561);
#5560 = CARTESIAN_POINT('',(3.901850145483,16.267949192431,24.));
#5561 = VECTOR('',#5562,1.);
#5562 = DIRECTION('',(-1.,1.281975124256E-16,0.));
#5563 = ORIENTED_EDGE('',*,*,#5564,.T.);
#5564 = EDGE_CURVE('',#5557,#5565,#5567,.T.);
#5565 = VERTEX_POINT('',#5566);
#5566 = CARTESIAN_POINT('',(4.,19.732050807569,24.));
#5567 = LINE('',#5568,#5569);
#5568 = CARTESIAN_POINT('',(4.,18.,24.));
#5569 = VECTOR('',#5570,1.);
#5570 = DIRECTION('',(0.,1.,0.));
#5571 = ORIENTED_EDGE('',*,*,#5572,.T.);
#5572 = EDGE_CURVE('',#5565,#5573,#5575,.T.);
#5573 = VERTEX_POINT('',#5574);
#5574 = CARTESIAN_POINT('',(7.4,19.732050807569,24.));
#5575 = LINE('',#5576,#5577);
#5576 = CARTESIAN_POINT('',(3.901850145483,19.732050807569,24.));
#5577 = VECTOR('',#5578,1.);
#5578 = DIRECTION('',(1.,1.281975124256E-16,0.));
#5579 = ORIENTED_EDGE('',*,*,#5580,.F.);
#5580 = EDGE_CURVE('',#5581,#5573,#5583,.T.);
#5581 = VERTEX_POINT('',#5582);
#5582 = CARTESIAN_POINT('',(7.4,26.7,24.));
#5583 = LINE('',#5584,#5585);
#5584 = CARTESIAN_POINT('',(7.4,27.,24.));
#5585 = VECTOR('',#5586,1.);
#5586 = DIRECTION('',(0.,-1.,0.));
#5587 = ORIENTED_EDGE('',*,*,#5588,.F.);
#5588 = EDGE_CURVE('',#5589,#5581,#5591,.T.);
#5589 = VERTEX_POINT('',#5590);
#5590 = CARTESIAN_POINT('',(3.800099353228,29.399925485079,24.));
#5591 = LINE('',#5592,#5593);
#5592 = CARTESIAN_POINT('',(3.64,29.52,24.));
#5593 = VECTOR('',#5594,1.);
#5594 = DIRECTION('',(0.8,-0.6,0.));
#5595 = ORIENTED_EDGE('',*,*,#5596,.F.);
#5596 = EDGE_CURVE('',#3801,#5589,#5597,.T.);
#5597 = B_SPLINE_CURVE_WITH_KNOTS('',14,(#5598,#5599,#5600,#5601,#5602,
    #5603,#5604,#5605,#5606,#5607,#5608,#5609,#5610,#5611,#5612,#5613,
    #5614,#5615,#5616,#5617,#5618,#5619,#5620,#5621,#5622,#5623,#5624,
    #5625,#5626,#5627,#5628,#5629,#5630,#5631,#5632,#5633,#5634,#5635,
    #5636,#5637,#5638),.UNSPECIFIED.,.F.,.F.,(15,13,13,15),(
    25.10127695662,27.984593607547,30.867910258474,31.097835410786),
  .UNSPECIFIED.);
#5598 = CARTESIAN_POINT('',(0.6,28.,24.));
#5599 = CARTESIAN_POINT('',(0.600000000001,28.193787892208,
    24.000000000023));
#5600 = CARTESIAN_POINT('',(0.616875375279,28.360287262707,
    23.999999999894));
#5601 = CARTESIAN_POINT('',(0.647727835824,28.499810281805,
    24.000000000297));
#5602 = CARTESIAN_POINT('',(0.689495868718,28.616262620663,
    23.999999999392));
#5603 = CARTESIAN_POINT('',(0.739415777562,28.709404658459,
    24.000000000973));
#5604 = CARTESIAN_POINT('',(0.79288203761,28.786364751135,
    23.999999998752));
#5605 = CARTESIAN_POINT('',(0.850683031559,28.857407821668,
    24.000000001305));
#5606 = CARTESIAN_POINT('',(0.920179476567,28.927452092978,
    23.999999998881));
#5607 = CARTESIAN_POINT('',(1.007647045797,28.995098884744,
    24.000000000785));
#5608 = CARTESIAN_POINT('',(1.112815270946,29.057866058153,
    23.999999999557));
#5609 = CARTESIAN_POINT('',(1.233595023296,29.115343590155,
    24.000000000192));
#5610 = CARTESIAN_POINT('',(1.37198961976,29.167142672498,
    23.999999999943));
#5611 = CARTESIAN_POINT('',(1.525022595054,29.212388196042,
    24.000000000006));
#5612 = CARTESIAN_POINT('',(1.858739031819,29.290178769146,
    24.000000000003));
#5613 = CARTESIAN_POINT('',(2.039437007155,29.322682963931,
    23.99999999996));
#5614 = CARTESIAN_POINT('',(2.231571938888,29.348808968486,
    24.000000000135));
#5615 = CARTESIAN_POINT('',(2.439271279897,29.368650081278,
    23.999999999705));
#5616 = CARTESIAN_POINT('',(2.640839726628,29.383547513997,
    24.000000000491));
#5617 = CARTESIAN_POINT('',(2.8870704525,29.392206283041,23.999999999351
    ));
#5618 = CARTESIAN_POINT('',(3.074817615374,29.399473265266,24.0000000007
    ));
#5619 = CARTESIAN_POINT('',(3.356918924533,29.399987965065,
    23.999999999378));
#5620 = CARTESIAN_POINT('',(3.55089520228,29.402207044545,
    24.000000000455));
#5621 = CARTESIAN_POINT('',(3.819405757545,29.400098063246,
    23.999999999729));
#5622 = CARTESIAN_POINT('',(4.053419407242,29.399370453339,
    24.000000000128));
#5623 = CARTESIAN_POINT('',(4.297504202222,29.39898477273,
    23.999999999955));
#5624 = CARTESIAN_POINT('',(4.542275216421,29.400380662978,
    24.00000000001));
#5625 = CARTESIAN_POINT('',(4.81450368152,29.404505749922,
    23.999999999999));
#5626 = CARTESIAN_POINT('',(4.834608824409,29.404810403818,
    23.999999999998));
#5627 = CARTESIAN_POINT('',(4.854713967298,29.405115057714,
    23.999999999998));
#5628 = CARTESIAN_POINT('',(4.874819110187,29.40541971161,
    23.999999999997));
#5629 = CARTESIAN_POINT('',(4.894924253076,29.405724365506,
    23.999999999996));
#5630 = CARTESIAN_POINT('',(4.915029395965,29.406029019402,
    23.999999999995));
#5631 = CARTESIAN_POINT('',(4.935134538853,29.406333673297,
    23.999999999995));
#5632 = CARTESIAN_POINT('',(4.955239681742,29.406638327193,
    23.999999999994));
#5633 = CARTESIAN_POINT('',(4.975344824631,29.406942981089,
    23.999999999993));
#5634 = CARTESIAN_POINT('',(4.99544996752,29.407247634985,
    23.999999999992));
#5635 = CARTESIAN_POINT('',(5.015555110409,29.407552288881,
    23.999999999992));
#5636 = CARTESIAN_POINT('',(5.035660253298,29.407856942777,
    23.999999999991));
#5637 = CARTESIAN_POINT('',(5.055765396187,29.408161596672,
    23.99999999999));
#5638 = CARTESIAN_POINT('',(5.075870539076,29.408466250568,
    23.999999999989));
#5639 = ORIENTED_EDGE('',*,*,#3808,.F.);
#5640 = PLANE('',#5641);
#5641 = AXIS2_PLACEMENT_3D('',#5642,#5643,#5644);
#5642 = CARTESIAN_POINT('',(3.803700290965,18.,24.));
#5643 = DIRECTION('',(0.,0.,1.));
#5644 = DIRECTION('',(1.,0.,0.));
#5645 = ADVANCED_FACE('',(#5646),#5662,.T.);
#5646 = FACE_BOUND('',#5647,.T.);
#5647 = EDGE_LOOP('',(#5648,#5649,#5650,#5661));
#5648 = ORIENTED_EDGE('',*,*,#3800,.T.);
#5649 = ORIENTED_EDGE('',*,*,#5596,.T.);
#5650 = ORIENTED_EDGE('',*,*,#5651,.F.);
#5651 = EDGE_CURVE('',#3825,#5589,#5652,.T.);
#5652 = B_SPLINE_CURVE_WITH_KNOTS('',4,(#5653,#5654,#5655,#5656,#5657,
    #5658,#5659,#5660),.UNSPECIFIED.,.F.,.F.,(5,3,5),(0.,0.339998955467,
    1.),.UNSPECIFIED.);
#5653 = CARTESIAN_POINT('',(3.999999971697,30.000000021169,
    23.400000000047));
#5654 = CARTESIAN_POINT('',(3.982999964264,29.949000002122,
    23.451000019744));
#5655 = CARTESIAN_POINT('',(3.965999967432,29.897999975462,
    23.502000039171));
#5656 = CARTESIAN_POINT('',(3.94900095678,29.846999234095,
    23.553000038656));
#5657 = CARTESIAN_POINT('',(3.899009480064,29.696992415875,
    23.703000379262));
#5658 = CARTESIAN_POINT('',(3.86602244981,29.597982402057,
    23.802000608469));
#5659 = CARTESIAN_POINT('',(3.833049921165,29.498961888087,
    23.901000536831));
#5660 = CARTESIAN_POINT('',(3.800099353228,29.399925485079,24.));
#5661 = ORIENTED_EDGE('',*,*,#3888,.F.);
#5662 = B_SPLINE_SURFACE_WITH_KNOTS('',1,14,(
    (#5663,#5664,#5665,#5666,#5667,#5668,#5669,#5670,#5671,#5672,#5673
      ,#5674,#5675,#5676,#5677,#5678,#5679,#5680,#5681,#5682,#5683,#5684
      ,#5685,#5686,#5687,#5688,#5689,#5690,#5691,#5692,#5693,#5694,#5695
      ,#5696,#5697,#5698,#5699,#5700,#5701,#5702,#5703)
    ,(#5704,#5705,#5706,#5707,#5708,#5709,#5710,#5711,#5712,#5713,#5714
      ,#5715,#5716,#5717,#5718,#5719,#5720,#5721,#5722,#5723,#5724,#5725
      ,#5726,#5727,#5728,#5729,#5730,#5731,#5732,#5733,#5734,#5735,#5736
      ,#5737,#5738,#5739,#5740,#5741,#5742,#5743,#5744
  )),.UNSPECIFIED.,.F.,.F.,.F.,(2,2),(15,13,13,15),(0.,5.766633301854),(
    25.10127695662,27.984593607547,30.867910258474,31.097835410786),
  .UNSPECIFIED.);
#5663 = CARTESIAN_POINT('',(0.,28.,23.4));
#5664 = CARTESIAN_POINT('',(2.451690173518E-13,28.242234865259,
    23.400000000021));
#5665 = CARTESIAN_POINT('',(2.106380048844E-02,28.463405929867,
    23.399999999904));
#5666 = CARTESIAN_POINT('',(6.21992706911E-02,28.664505325331,
    23.400000000268));
#5667 = CARTESIAN_POINT('',(0.122414279808,28.84652518048,
    23.399999999447));
#5668 = CARTESIAN_POINT('',(0.200716697098,29.010457630117,
    23.40000000089));
#5669 = CARTESIAN_POINT('',(0.296114391714,29.157294798358,
    23.399999998849));
#5670 = CARTESIAN_POINT('',(0.407615232965,29.288028825074,
    23.400000001214));
#5671 = CARTESIAN_POINT('',(0.53422708997,29.403651830713,
    23.399999998948));
#5672 = CARTESIAN_POINT('',(0.674957832041,29.505155955906,
    23.400000000745));
#5673 = CARTESIAN_POINT('',(0.828815328327,29.593533323553,
    23.399999999576));
#5674 = CARTESIAN_POINT('',(0.994807448088,29.669776069694,
    23.400000000186));
#5675 = CARTESIAN_POINT('',(1.171942060527,29.734876322232,
    23.399999999944));
#5676 = CARTESIAN_POINT('',(1.359227034865,29.78982621319,
    23.400000000006));
#5677 = CARTESIAN_POINT('',(1.752113445784,29.881409532744,
    23.400000000003));
#5678 = CARTESIAN_POINT('',(1.957790019343,29.918042907893,
    23.400000003957));
#5679 = CARTESIAN_POINT('',(2.170857656048,29.9465111792,23.399999967814
    ));
#5680 = CARTESIAN_POINT('',(2.395097077034,29.967797738733,
    23.400000134871));
#5681 = CARTESIAN_POINT('',(2.612044140447,29.982938424335,
    23.399999625945));
#5682 = CARTESIAN_POINT('',(2.866914102083,29.992774734652,
    23.400000754908));
#5683 = CARTESIAN_POINT('',(3.066026428244,29.998681876782,
    23.399998834864));
#5684 = CARTESIAN_POINT('',(3.352689965089,30.000906165325,
    23.400001419796));
#5685 = CARTESIAN_POINT('',(3.550657697532,30.001570324341,
    23.399998599228));
#5686 = CARTESIAN_POINT('',(3.822597226629,30.000335164897,
    23.400001147358));
#5687 = CARTESIAN_POINT('',(4.055558812992,29.999366660992,
    23.399999196181));
#5688 = CARTESIAN_POINT('',(4.297646200818,29.998994615924,
    23.400000499334));
#5689 = CARTESIAN_POINT('',(4.538323701469,30.000207179171,
    23.399999714498));
#5690 = CARTESIAN_POINT('',(4.804996038507,30.004910152704,
    23.400000189637));
#5691 = CARTESIAN_POINT('',(4.824753843147,30.005258596916,
    23.40000022484));
#5692 = CARTESIAN_POINT('',(4.84457465145,30.005608152247,
    23.400000260156));
#5693 = CARTESIAN_POINT('',(4.864458463416,30.005958818695,
    23.400000295583));
#5694 = CARTESIAN_POINT('',(4.884405279045,30.006310596263,
    23.400000331123));
#5695 = CARTESIAN_POINT('',(4.904415098336,30.006663484948,
    23.400000366776));
#5696 = CARTESIAN_POINT('',(4.92448792129,30.007017484753,23.40000040254
    ));
#5697 = CARTESIAN_POINT('',(4.944623747907,30.007372595675,
    23.400000438417));
#5698 = CARTESIAN_POINT('',(4.964822578186,30.007728817716,
    23.400000474406));
#5699 = CARTESIAN_POINT('',(4.985084412128,30.008086150876,
    23.400000510507));
#5700 = CARTESIAN_POINT('',(5.005409249732,30.008444595154,
    23.40000054672));
#5701 = CARTESIAN_POINT('',(5.025797091,30.008804150551,23.400000583046)
  );
#5702 = CARTESIAN_POINT('',(5.04624793593,30.009164817066,
    23.400000619484));
#5703 = CARTESIAN_POINT('',(5.066761784522,30.009526594699,
    23.400000656034));
#5704 = CARTESIAN_POINT('',(0.6,28.,24.));
#5705 = CARTESIAN_POINT('',(0.600000000001,28.193787892208,
    24.000000000023));
#5706 = CARTESIAN_POINT('',(0.616875375279,28.360287262707,
    23.999999999894));
#5707 = CARTESIAN_POINT('',(0.647727835824,28.499810281805,
    24.000000000297));
#5708 = CARTESIAN_POINT('',(0.689495868718,28.616262620663,
    23.999999999392));
#5709 = CARTESIAN_POINT('',(0.739415777562,28.709404658459,
    24.000000000973));
#5710 = CARTESIAN_POINT('',(0.79288203761,28.786364751135,
    23.999999998752));
#5711 = CARTESIAN_POINT('',(0.850683031559,28.857407821668,
    24.000000001305));
#5712 = CARTESIAN_POINT('',(0.920179476567,28.927452092978,
    23.999999998881));
#5713 = CARTESIAN_POINT('',(1.007647045797,28.995098884744,
    24.000000000785));
#5714 = CARTESIAN_POINT('',(1.112815270946,29.057866058153,
    23.999999999557));
#5715 = CARTESIAN_POINT('',(1.233595023296,29.115343590155,
    24.000000000192));
#5716 = CARTESIAN_POINT('',(1.37198961976,29.167142672498,
    23.999999999943));
#5717 = CARTESIAN_POINT('',(1.525022595054,29.212388196042,
    24.000000000006));
#5718 = CARTESIAN_POINT('',(1.858739031819,29.290178769146,
    24.000000000003));
#5719 = CARTESIAN_POINT('',(2.039437007155,29.322682963931,
    23.99999999996));
#5720 = CARTESIAN_POINT('',(2.231571938888,29.348808968486,
    24.000000000135));
#5721 = CARTESIAN_POINT('',(2.439271279897,29.368650081278,
    23.999999999705));
#5722 = CARTESIAN_POINT('',(2.640839726628,29.383547513997,
    24.000000000491));
#5723 = CARTESIAN_POINT('',(2.8870704525,29.392206283041,23.999999999351
    ));
#5724 = CARTESIAN_POINT('',(3.074817615374,29.399473265266,24.0000000007
    ));
#5725 = CARTESIAN_POINT('',(3.356918924533,29.399987965065,
    23.999999999378));
#5726 = CARTESIAN_POINT('',(3.55089520228,29.402207044545,
    24.000000000455));
#5727 = CARTESIAN_POINT('',(3.819405757545,29.400098063246,
    23.999999999729));
#5728 = CARTESIAN_POINT('',(4.053419407242,29.399370453339,
    24.000000000128));
#5729 = CARTESIAN_POINT('',(4.297504202222,29.39898477273,
    23.999999999955));
#5730 = CARTESIAN_POINT('',(4.542275216421,29.400380662978,
    24.00000000001));
#5731 = CARTESIAN_POINT('',(4.81450368152,29.404505749922,
    23.999999999999));
#5732 = CARTESIAN_POINT('',(4.834608824409,29.404810403818,
    23.999999999998));
#5733 = CARTESIAN_POINT('',(4.854713967298,29.405115057714,
    23.999999999998));
#5734 = CARTESIAN_POINT('',(4.874819110187,29.40541971161,
    23.999999999997));
#5735 = CARTESIAN_POINT('',(4.894924253076,29.405724365506,
    23.999999999996));
#5736 = CARTESIAN_POINT('',(4.915029395965,29.406029019402,
    23.999999999995));
#5737 = CARTESIAN_POINT('',(4.935134538853,29.406333673297,
    23.999999999995));
#5738 = CARTESIAN_POINT('',(4.955239681742,29.406638327193,
    23.999999999994));
#5739 = CARTESIAN_POINT('',(4.975344824631,29.406942981089,
    23.999999999993));
#5740 = CARTESIAN_POINT('',(4.99544996752,29.407247634985,
    23.999999999992));
#5741 = CARTESIAN_POINT('',(5.015555110409,29.407552288881,
    23.999999999992));
#5742 = CARTESIAN_POINT('',(5.035660253298,29.407856942777,
    23.999999999991));
#5743 = CARTESIAN_POINT('',(5.055765396187,29.408161596672,
    23.99999999999));
#5744 = CARTESIAN_POINT('',(5.075870539076,29.408466250568,
    23.999999999989));
#5745 = ADVANCED_FACE('',(#5746),#5764,.T.);
#5746 = FACE_BOUND('',#5747,.T.);
#5747 = EDGE_LOOP('',(#5748,#5756,#5757,#5758));
#5748 = ORIENTED_EDGE('',*,*,#5749,.F.);
#5749 = EDGE_CURVE('',#3946,#5750,#5752,.T.);
#5750 = VERTEX_POINT('',#5751);
#5751 = CARTESIAN_POINT('',(8.,27.,23.4));
#5752 = LINE('',#5753,#5754);
#5753 = CARTESIAN_POINT('',(8.,27.,0.));
#5754 = VECTOR('',#5755,1.);
#5755 = DIRECTION('',(0.,0.,1.));
#5756 = ORIENTED_EDGE('',*,*,#4144,.T.);
#5757 = ORIENTED_EDGE('',*,*,#3822,.T.);
#5758 = ORIENTED_EDGE('',*,*,#5759,.T.);
#5759 = EDGE_CURVE('',#3825,#5750,#5760,.T.);
#5760 = LINE('',#5761,#5762);
#5761 = CARTESIAN_POINT('',(4.,30.,23.4));
#5762 = VECTOR('',#5763,1.);
#5763 = DIRECTION('',(0.8,-0.6,0.));
#5764 = PLANE('',#5765);
#5765 = AXIS2_PLACEMENT_3D('',#5766,#5767,#5768);
#5766 = CARTESIAN_POINT('',(4.,30.,0.));
#5767 = DIRECTION('',(0.6,0.8,0.));
#5768 = DIRECTION('',(0.8,-0.6,0.));
#5769 = ADVANCED_FACE('',(#5770),#5788,.T.);
#5770 = FACE_BOUND('',#5771,.T.);
#5771 = EDGE_LOOP('',(#5772,#5773,#5774,#5782));
#5772 = ORIENTED_EDGE('',*,*,#4160,.F.);
#5773 = ORIENTED_EDGE('',*,*,#4075,.T.);
#5774 = ORIENTED_EDGE('',*,*,#5775,.T.);
#5775 = EDGE_CURVE('',#4068,#5776,#5778,.T.);
#5776 = VERTEX_POINT('',#5777);
#5777 = CARTESIAN_POINT('',(8.,123.,23.4));
#5778 = LINE('',#5779,#5780);
#5779 = CARTESIAN_POINT('',(8.,123.,0.));
#5780 = VECTOR('',#5781,1.);
#5781 = DIRECTION('',(0.,0.,1.));
#5782 = ORIENTED_EDGE('',*,*,#5783,.T.);
#5783 = EDGE_CURVE('',#5776,#4161,#5784,.T.);
#5784 = LINE('',#5785,#5786);
#5785 = CARTESIAN_POINT('',(8.,123.,23.4));
#5786 = VECTOR('',#5787,1.);
#5787 = DIRECTION('',(-0.8,-0.6,0.));
#5788 = PLANE('',#5789);
#5789 = AXIS2_PLACEMENT_3D('',#5790,#5791,#5792);
#5790 = CARTESIAN_POINT('',(8.,123.,0.));
#5791 = DIRECTION('',(0.6,-0.8,0.));
#5792 = DIRECTION('',(-0.8,-0.6,0.));
#5793 = ADVANCED_FACE('',(#5794),#5855,.T.);
#5794 = FACE_BOUND('',#5795,.T.);
#5795 = EDGE_LOOP('',(#5796,#5809,#5853,#5854));
#5796 = ORIENTED_EDGE('',*,*,#5797,.T.);
#5797 = EDGE_CURVE('',#4161,#5798,#5800,.T.);
#5798 = VERTEX_POINT('',#5799);
#5799 = CARTESIAN_POINT('',(3.800099353228,120.60007451492,24.));
#5800 = B_SPLINE_CURVE_WITH_KNOTS('',4,(#5801,#5802,#5803,#5804,#5805,
    #5806,#5807,#5808),.UNSPECIFIED.,.F.,.F.,(5,3,5),(0.,0.339998955467,
    1.),.UNSPECIFIED.);
#5801 = CARTESIAN_POINT('',(3.999999971697,119.99999997883,
    23.400000000047));
#5802 = CARTESIAN_POINT('',(3.982999964264,120.05099999787,
    23.451000019744));
#5803 = CARTESIAN_POINT('',(3.965999967432,120.10200002453,
    23.502000039171));
#5804 = CARTESIAN_POINT('',(3.949000956781,120.1530007659,
    23.553000038656));
#5805 = CARTESIAN_POINT('',(3.899009480064,120.30300758412,
    23.703000379262));
#5806 = CARTESIAN_POINT('',(3.86602244981,120.40201759794,
    23.802000608469));
#5807 = CARTESIAN_POINT('',(3.833049921166,120.50103811191,
    23.901000536831));
#5808 = CARTESIAN_POINT('',(3.800099353228,120.60007451492,24.));
#5809 = ORIENTED_EDGE('',*,*,#5810,.T.);
#5810 = EDGE_CURVE('',#5798,#4224,#5811,.T.);
#5811 = B_SPLINE_CURVE_WITH_KNOTS('',14,(#5812,#5813,#5814,#5815,#5816,
    #5817,#5818,#5819,#5820,#5821,#5822,#5823,#5824,#5825,#5826,#5827,
    #5828,#5829,#5830,#5831,#5832,#5833,#5834,#5835,#5836,#5837,#5838,
    #5839,#5840,#5841,#5842,#5843,#5844,#5845,#5846,#5847,#5848,#5849,
    #5850,#5851,#5852),.UNSPECIFIED.,.F.,.F.,(15,13,13,15),(
    -0.895281497545,-0.665356345235,2.217960305693,5.10127695662),
  .UNSPECIFIED.);
#5812 = CARTESIAN_POINT('',(5.075870539077,120.59153374949,
    24.00000000001));
#5813 = CARTESIAN_POINT('',(5.055765396188,120.59183840338,
    24.000000000009));
#5814 = CARTESIAN_POINT('',(5.035660253299,120.59214305727,
    24.000000000009));
#5815 = CARTESIAN_POINT('',(5.01555511041,120.59244771117,
    24.000000000008));
#5816 = CARTESIAN_POINT('',(4.995449967521,120.59275236506,
    24.000000000007));
#5817 = CARTESIAN_POINT('',(4.975344824632,120.59305701895,
    24.000000000006));
#5818 = CARTESIAN_POINT('',(4.955239681743,120.59336167284,
    24.000000000006));
#5819 = CARTESIAN_POINT('',(4.935134538854,120.59366632673,
    24.000000000005));
#5820 = CARTESIAN_POINT('',(4.915029395965,120.59397098062,
    24.000000000004));
#5821 = CARTESIAN_POINT('',(4.894924253076,120.59427563451,
    24.000000000004));
#5822 = CARTESIAN_POINT('',(4.874819110187,120.5945802884,
    24.000000000003));
#5823 = CARTESIAN_POINT('',(4.854713967298,120.5948849423,
    24.000000000002));
#5824 = CARTESIAN_POINT('',(4.834608824409,120.59518959619,
    24.000000000001));
#5825 = CARTESIAN_POINT('',(4.81450368152,120.59549425008,
    24.000000000001));
#5826 = CARTESIAN_POINT('',(4.542275216418,120.59961933696,
    23.999999999991));
#5827 = CARTESIAN_POINT('',(4.297504202238,120.60101522753,
    24.000000000041));
#5828 = CARTESIAN_POINT('',(4.053419407195,120.60062954593,
    23.999999999885));
#5829 = CARTESIAN_POINT('',(3.819405757642,120.59990193822,
    24.000000000233));
#5830 = CARTESIAN_POINT('',(3.550895202119,120.59779295313,
    23.999999999632));
#5831 = CARTESIAN_POINT('',(3.356918924748,120.60001203786,
    24.000000000469));
#5832 = CARTESIAN_POINT('',(3.074817615137,120.60052673173,
    23.999999999512));
#5833 = CARTESIAN_POINT('',(2.887070452713,120.60779371946,
    24.000000000416));
#5834 = CARTESIAN_POINT('',(2.640839726471,120.61645248429,
    23.99999999971));
#5835 = CARTESIAN_POINT('',(2.43927127999,120.63134991966,
    24.000000000164));
#5836 = CARTESIAN_POINT('',(2.231571938844,120.65119103109,
    23.999999999927));
#5837 = CARTESIAN_POINT('',(2.039437007169,120.6773170362,
    24.000000000023));
#5838 = CARTESIAN_POINT('',(1.858739031817,120.70982123083,
    23.999999999996));
#5839 = CARTESIAN_POINT('',(1.525022595055,120.78761180397,
    24.000000000002));
#5840 = CARTESIAN_POINT('',(1.37198961976,120.83285732744,
    23.999999999997));
#5841 = CARTESIAN_POINT('',(1.233595023292,120.88465640997,
    23.999999999998));
#5842 = CARTESIAN_POINT('',(1.112815270958,120.94213394164,
    24.000000000022));
#5843 = CARTESIAN_POINT('',(1.007647045774,121.0049011155,
    23.999999999937));
#5844 = CARTESIAN_POINT('',(0.920179476603,121.07254790677,
    24.000000000119));
#5845 = CARTESIAN_POINT('',(0.850683031516,121.14259217854,
    23.999999999836));
#5846 = CARTESIAN_POINT('',(0.792882037651,121.21363524869,
    24.000000000176));
#5847 = CARTESIAN_POINT('',(0.73941577753,121.29059534167,
    23.999999999852));
#5848 = CARTESIAN_POINT('',(0.689495868739,121.38373737925,
    24.000000000099));
#5849 = CARTESIAN_POINT('',(0.647727835814,121.50018971823,
    23.99999999995));
#5850 = CARTESIAN_POINT('',(0.616875375282,121.63971273727,
    24.000000000019));
#5851 = CARTESIAN_POINT('',(0.6,121.80621210779,23.999999999996));
#5852 = CARTESIAN_POINT('',(0.6,122.,24.));
#5853 = ORIENTED_EDGE('',*,*,#4223,.F.);
#5854 = ORIENTED_EDGE('',*,*,#4168,.F.);
#5855 = B_SPLINE_SURFACE_WITH_KNOTS('',1,14,(
    (#5856,#5857,#5858,#5859,#5860,#5861,#5862,#5863,#5864,#5865,#5866
      ,#5867,#5868,#5869,#5870,#5871,#5872,#5873,#5874,#5875,#5876,#5877
      ,#5878,#5879,#5880,#5881,#5882,#5883,#5884,#5885,#5886,#5887,#5888
      ,#5889,#5890,#5891,#5892,#5893,#5894,#5895,#5896)
    ,(#5897,#5898,#5899,#5900,#5901,#5902,#5903,#5904,#5905,#5906,#5907
      ,#5908,#5909,#5910,#5911,#5912,#5913,#5914,#5915,#5916,#5917,#5918
      ,#5919,#5920,#5921,#5922,#5923,#5924,#5925,#5926,#5927,#5928,#5929
      ,#5930,#5931,#5932,#5933,#5934,#5935,#5936,#5937
  )),.UNSPECIFIED.,.F.,.F.,.F.,(2,2),(15,13,13,15),(0.,5.766633301854),(
    -0.895281497545,-0.665356345235,2.217960305693,5.10127695662),
  .UNSPECIFIED.);
#5856 = CARTESIAN_POINT('',(5.066761784524,119.99047340538,
    23.400000656056));
#5857 = CARTESIAN_POINT('',(5.046247935931,119.99083518301,
    23.400000619505));
#5858 = CARTESIAN_POINT('',(5.025797091001,119.99119584952,
    23.400000583065));
#5859 = CARTESIAN_POINT('',(5.005409249733,119.99155540491,
    23.400000546738));
#5860 = CARTESIAN_POINT('',(4.985084412129,119.99191384918,
    23.400000510523));
#5861 = CARTESIAN_POINT('',(4.964822578187,119.99227118233,
    23.40000047442));
#5862 = CARTESIAN_POINT('',(4.944623747907,119.99262740437,
    23.400000438429));
#5863 = CARTESIAN_POINT('',(4.924487921291,119.99298251529,
    23.400000402551));
#5864 = CARTESIAN_POINT('',(4.904415098337,119.99333651508,
    23.400000366785));
#5865 = CARTESIAN_POINT('',(4.884405279045,119.99368940376,
    23.400000331131));
#5866 = CARTESIAN_POINT('',(4.864458463417,119.99404118132,
    23.40000029559));
#5867 = CARTESIAN_POINT('',(4.844574651451,119.99439184777,
    23.40000026016));
#5868 = CARTESIAN_POINT('',(4.824753843147,119.99474140309,
    23.400000224843));
#5869 = CARTESIAN_POINT('',(4.804996038507,119.9950898473,
    23.400000189639));
#5870 = CARTESIAN_POINT('',(4.538323701466,119.99979282075,
    23.399999714479));
#5871 = CARTESIAN_POINT('',(4.297646200832,120.00100538442,
    23.400000499425));
#5872 = CARTESIAN_POINT('',(4.055558812952,120.00063333805,
    23.399999195923));
#5873 = CARTESIAN_POINT('',(3.822597226712,119.99966483703,
    23.400001147899));
#5874 = CARTESIAN_POINT('',(3.550657697395,119.99842967261,
    23.399998598333));
#5875 = CARTESIAN_POINT('',(3.352689965272,119.99909383854,
    23.400001420998));
#5876 = CARTESIAN_POINT('',(3.066026428044,120.0013181192,
    23.399998833538));
#5877 = CARTESIAN_POINT('',(2.866914102261,120.00722526877,
    23.400000756115));
#5878 = CARTESIAN_POINT('',(2.612044140316,120.01706157325,
    23.399999625046));
#5879 = CARTESIAN_POINT('',(2.395097077111,120.03220226264,
    23.400000135408));
#5880 = CARTESIAN_POINT('',(2.170857656013,120.05348882018,
    23.399999967567));
#5881 = CARTESIAN_POINT('',(1.957790019355,120.08195709231,
    23.400000004035));
#5882 = CARTESIAN_POINT('',(1.752113445782,120.11859046721,
    23.399999999994));
#5883 = CARTESIAN_POINT('',(1.359227034866,120.21017378684,
    23.400000000004));
#5884 = CARTESIAN_POINT('',(1.171942060525,120.26512367763,
    23.399999999989));
#5885 = CARTESIAN_POINT('',(0.994807448089,120.33022393065,
    23.40000000002));
#5886 = CARTESIAN_POINT('',(0.828815328327,120.40646667579,
    23.399999999978));
#5887 = CARTESIAN_POINT('',(0.674957832038,120.49484404505,
    23.400000000006));
#5888 = CARTESIAN_POINT('',(0.534227089977,120.59634816812,
    23.400000000025));
#5889 = CARTESIAN_POINT('',(0.407615232954,120.7119711761,
    23.399999999943));
#5890 = CARTESIAN_POINT('',(0.296114391725,120.84270520062,
    23.400000000069));
#5891 = CARTESIAN_POINT('',(0.200716697088,120.98954237061,
    23.399999999941));
#5892 = CARTESIAN_POINT('',(0.122414279814,121.15347481908,
    23.400000000038));
#5893 = CARTESIAN_POINT('',(6.219927068801E-02,121.33549467487,
    23.399999999982));
#5894 = CARTESIAN_POINT('',(2.106380048957E-02,121.53659407006,
    23.400000000006));
#5895 = CARTESIAN_POINT('',(1.546350572072E-15,121.75776513475,
    23.399999999999));
#5896 = CARTESIAN_POINT('',(0.,122.,23.4));
#5897 = CARTESIAN_POINT('',(5.075870539077,120.59153374949,
    24.00000000001));
#5898 = CARTESIAN_POINT('',(5.055765396188,120.59183840338,
    24.000000000009));
#5899 = CARTESIAN_POINT('',(5.035660253299,120.59214305727,
    24.000000000009));
#5900 = CARTESIAN_POINT('',(5.01555511041,120.59244771117,
    24.000000000008));
#5901 = CARTESIAN_POINT('',(4.995449967521,120.59275236506,
    24.000000000007));
#5902 = CARTESIAN_POINT('',(4.975344824632,120.59305701895,
    24.000000000006));
#5903 = CARTESIAN_POINT('',(4.955239681743,120.59336167284,
    24.000000000006));
#5904 = CARTESIAN_POINT('',(4.935134538854,120.59366632673,
    24.000000000005));
#5905 = CARTESIAN_POINT('',(4.915029395965,120.59397098062,
    24.000000000004));
#5906 = CARTESIAN_POINT('',(4.894924253076,120.59427563451,
    24.000000000004));
#5907 = CARTESIAN_POINT('',(4.874819110187,120.5945802884,
    24.000000000003));
#5908 = CARTESIAN_POINT('',(4.854713967298,120.5948849423,
    24.000000000002));
#5909 = CARTESIAN_POINT('',(4.834608824409,120.59518959619,
    24.000000000001));
#5910 = CARTESIAN_POINT('',(4.81450368152,120.59549425008,
    24.000000000001));
#5911 = CARTESIAN_POINT('',(4.542275216418,120.59961933696,
    23.999999999991));
#5912 = CARTESIAN_POINT('',(4.297504202238,120.60101522753,
    24.000000000041));
#5913 = CARTESIAN_POINT('',(4.053419407195,120.60062954593,
    23.999999999885));
#5914 = CARTESIAN_POINT('',(3.819405757642,120.59990193822,
    24.000000000233));
#5915 = CARTESIAN_POINT('',(3.550895202119,120.59779295313,
    23.999999999632));
#5916 = CARTESIAN_POINT('',(3.356918924748,120.60001203786,
    24.000000000469));
#5917 = CARTESIAN_POINT('',(3.074817615137,120.60052673173,
    23.999999999512));
#5918 = CARTESIAN_POINT('',(2.887070452713,120.60779371946,
    24.000000000416));
#5919 = CARTESIAN_POINT('',(2.640839726471,120.61645248429,
    23.99999999971));
#5920 = CARTESIAN_POINT('',(2.43927127999,120.63134991966,
    24.000000000164));
#5921 = CARTESIAN_POINT('',(2.231571938844,120.65119103109,
    23.999999999927));
#5922 = CARTESIAN_POINT('',(2.039437007169,120.6773170362,
    24.000000000023));
#5923 = CARTESIAN_POINT('',(1.858739031817,120.70982123083,
    23.999999999996));
#5924 = CARTESIAN_POINT('',(1.525022595055,120.78761180397,
    24.000000000002));
#5925 = CARTESIAN_POINT('',(1.37198961976,120.83285732744,
    23.999999999997));
#5926 = CARTESIAN_POINT('',(1.233595023292,120.88465640997,
    23.999999999998));
#5927 = CARTESIAN_POINT('',(1.112815270958,120.94213394164,
    24.000000000022));
#5928 = CARTESIAN_POINT('',(1.007647045774,121.0049011155,
    23.999999999937));
#5929 = CARTESIAN_POINT('',(0.920179476603,121.07254790677,
    24.000000000119));
#5930 = CARTESIAN_POINT('',(0.850683031516,121.14259217854,
    23.999999999836));
#5931 = CARTESIAN_POINT('',(0.792882037651,121.21363524869,
    24.000000000176));
#5932 = CARTESIAN_POINT('',(0.73941577753,121.29059534167,
    23.999999999852));
#5933 = CARTESIAN_POINT('',(0.689495868739,121.38373737925,
    24.000000000099));
#5934 = CARTESIAN_POINT('',(0.647727835814,121.50018971823,
    23.99999999995));
#5935 = CARTESIAN_POINT('',(0.616875375282,121.63971273727,
    24.000000000019));
#5936 = CARTESIAN_POINT('',(0.6,121.80621210779,23.999999999996));
#5937 = CARTESIAN_POINT('',(0.6,122.,24.));
#5938 = ADVANCED_FACE('',(#5939),#5984,.T.);
#5939 = FACE_BOUND('',#5940,.T.);
#5940 = EDGE_LOOP('',(#5941,#5942,#5950,#5958,#5966,#5974,#5980,#5981,
    #5982,#5983));
#5941 = ORIENTED_EDGE('',*,*,#5810,.F.);
#5942 = ORIENTED_EDGE('',*,*,#5943,.F.);
#5943 = EDGE_CURVE('',#5944,#5798,#5946,.T.);
#5944 = VERTEX_POINT('',#5945);
#5945 = CARTESIAN_POINT('',(7.4,123.3,24.));
#5946 = LINE('',#5947,#5948);
#5947 = CARTESIAN_POINT('',(7.64,123.48,24.));
#5948 = VECTOR('',#5949,1.);
#5949 = DIRECTION('',(-0.8,-0.6,0.));
#5950 = ORIENTED_EDGE('',*,*,#5951,.F.);
#5951 = EDGE_CURVE('',#5952,#5944,#5954,.T.);
#5952 = VERTEX_POINT('',#5953);
#5953 = CARTESIAN_POINT('',(7.4,130.26794919243,24.));
#5954 = LINE('',#5955,#5956);
#5955 = CARTESIAN_POINT('',(7.4,141.,24.));
#5956 = VECTOR('',#5957,1.);
#5957 = DIRECTION('',(0.,-1.,0.));
#5958 = ORIENTED_EDGE('',*,*,#5959,.T.);
#5959 = EDGE_CURVE('',#5952,#5960,#5962,.T.);
#5960 = VERTEX_POINT('',#5961);
#5961 = CARTESIAN_POINT('',(4.,130.26794919243,24.));
#5962 = LINE('',#5963,#5964);
#5963 = CARTESIAN_POINT('',(3.901850145483,130.26794919243,24.));
#5964 = VECTOR('',#5965,1.);
#5965 = DIRECTION('',(-1.,1.281975124256E-16,0.));
#5966 = ORIENTED_EDGE('',*,*,#5967,.T.);
#5967 = EDGE_CURVE('',#5960,#5968,#5970,.T.);
#5968 = VERTEX_POINT('',#5969);
#5969 = CARTESIAN_POINT('',(4.,133.73205080756,24.));
#5970 = LINE('',#5971,#5972);
#5971 = CARTESIAN_POINT('',(4.,132.,24.));
#5972 = VECTOR('',#5973,1.);
#5973 = DIRECTION('',(0.,1.,0.));
#5974 = ORIENTED_EDGE('',*,*,#5975,.T.);
#5975 = EDGE_CURVE('',#5968,#4589,#5976,.T.);
#5976 = LINE('',#5977,#5978);
#5977 = CARTESIAN_POINT('',(3.901850145483,133.73205080756,24.));
#5978 = VECTOR('',#5979,1.);
#5979 = DIRECTION('',(1.,1.281975124256E-16,0.));
#5980 = ORIENTED_EDGE('',*,*,#4596,.F.);
#5981 = ORIENTED_EDGE('',*,*,#4565,.F.);
#5982 = ORIENTED_EDGE('',*,*,#4400,.F.);
#5983 = ORIENTED_EDGE('',*,*,#4239,.F.);
#5984 = PLANE('',#5985);
#5985 = AXIS2_PLACEMENT_3D('',#5986,#5987,#5988);
#5986 = CARTESIAN_POINT('',(3.803700290965,132.,24.));
#5987 = DIRECTION('',(0.,0.,1.));
#5988 = DIRECTION('',(1.,0.,0.));
#5989 = ADVANCED_FACE('',(#5990,#6016),#6021,.T.);
#5990 = FACE_BOUND('',#5991,.T.);
#5991 = EDGE_LOOP('',(#5992,#6000,#6009,#6015));
#5992 = ORIENTED_EDGE('',*,*,#5993,.T.);
#5993 = EDGE_CURVE('',#5960,#5994,#5996,.T.);
#5994 = VERTEX_POINT('',#5995);
#5995 = CARTESIAN_POINT('',(4.,125.50480947161,15.75));
#5996 = LINE('',#5997,#5998);
#5997 = CARTESIAN_POINT('',(4.,132.,27.));
#5998 = VECTOR('',#5999,1.);
#5999 = DIRECTION('',(1.922962686384E-16,-0.5,-0.866025403784));
#6000 = ORIENTED_EDGE('',*,*,#6001,.T.);
#6001 = EDGE_CURVE('',#5994,#6002,#6004,.T.);
#6002 = VERTEX_POINT('',#6003);
#6003 = CARTESIAN_POINT('',(4.,138.49519052838,15.75));
#6004 = CIRCLE('',#6005,7.5);
#6005 = AXIS2_PLACEMENT_3D('',#6006,#6007,#6008);
#6006 = CARTESIAN_POINT('',(4.,132.,12.));
#6007 = DIRECTION('',(1.,0.,2.22044604925E-16));
#6008 = DIRECTION('',(-1.110223024625E-16,-0.866025403784,0.5));
#6009 = ORIENTED_EDGE('',*,*,#6010,.T.);
#6010 = EDGE_CURVE('',#6002,#5968,#6011,.T.);
#6011 = LINE('',#6012,#6013);
#6012 = CARTESIAN_POINT('',(4.,138.49519052838,15.75));
#6013 = VECTOR('',#6014,1.);
#6014 = DIRECTION('',(-1.922962686384E-16,-0.5,0.866025403784));
#6015 = ORIENTED_EDGE('',*,*,#5967,.F.);
#6016 = FACE_BOUND('',#6017,.T.);
#6017 = EDGE_LOOP('',(#6018,#6019,#6020));
#6018 = ORIENTED_EDGE('',*,*,#4311,.F.);
#6019 = ORIENTED_EDGE('',*,*,#4262,.T.);
#6020 = ORIENTED_EDGE('',*,*,#4294,.F.);
#6021 = PLANE('',#6022);
#6022 = AXIS2_PLACEMENT_3D('',#6023,#6024,#6025);
#6023 = CARTESIAN_POINT('',(4.,132.,15.076803014007));
#6024 = DIRECTION('',(1.,0.,0.));
#6025 = DIRECTION('',(0.,0.,1.));
#6026 = ADVANCED_FACE('',(#6027,#6053),#6058,.T.);
#6027 = FACE_BOUND('',#6028,.T.);
#6028 = EDGE_LOOP('',(#6029,#6037,#6046,#6052));
#6029 = ORIENTED_EDGE('',*,*,#6030,.T.);
#6030 = EDGE_CURVE('',#5557,#6031,#6033,.T.);
#6031 = VERTEX_POINT('',#6032);
#6032 = CARTESIAN_POINT('',(4.,11.504809471617,15.75));
#6033 = LINE('',#6034,#6035);
#6034 = CARTESIAN_POINT('',(4.,18.,27.));
#6035 = VECTOR('',#6036,1.);
#6036 = DIRECTION('',(1.922962686384E-16,-0.5,-0.866025403784));
#6037 = ORIENTED_EDGE('',*,*,#6038,.T.);
#6038 = EDGE_CURVE('',#6031,#6039,#6041,.T.);
#6039 = VERTEX_POINT('',#6040);
#6040 = CARTESIAN_POINT('',(4.,24.495190528383,15.75));
#6041 = CIRCLE('',#6042,7.5);
#6042 = AXIS2_PLACEMENT_3D('',#6043,#6044,#6045);
#6043 = CARTESIAN_POINT('',(4.,18.,12.));
#6044 = DIRECTION('',(1.,0.,2.22044604925E-16));
#6045 = DIRECTION('',(-1.110223024625E-16,-0.866025403784,0.5));
#6046 = ORIENTED_EDGE('',*,*,#6047,.T.);
#6047 = EDGE_CURVE('',#6039,#5565,#6048,.T.);
#6048 = LINE('',#6049,#6050);
#6049 = CARTESIAN_POINT('',(4.,24.495190528383,15.75));
#6050 = VECTOR('',#6051,1.);
#6051 = DIRECTION('',(-1.922962686384E-16,-0.5,0.866025403784));
#6052 = ORIENTED_EDGE('',*,*,#5564,.F.);
#6053 = FACE_BOUND('',#6054,.T.);
#6054 = EDGE_LOOP('',(#6055,#6056,#6057));
#6055 = ORIENTED_EDGE('',*,*,#4384,.F.);
#6056 = ORIENTED_EDGE('',*,*,#4335,.T.);
#6057 = ORIENTED_EDGE('',*,*,#4367,.F.);
#6058 = PLANE('',#6059);
#6059 = AXIS2_PLACEMENT_3D('',#6060,#6061,#6062);
#6060 = CARTESIAN_POINT('',(4.,18.,15.076803014007));
#6061 = DIRECTION('',(1.,0.,0.));
#6062 = DIRECTION('',(0.,0.,1.));
#6063 = ADVANCED_FACE('',(#6064),#6083,.T.);
#6064 = FACE_BOUND('',#6065,.T.);
#6065 = EDGE_LOOP('',(#6066,#6067,#6075,#6081,#6082));
#6066 = ORIENTED_EDGE('',*,*,#6010,.F.);
#6067 = ORIENTED_EDGE('',*,*,#6068,.T.);
#6068 = EDGE_CURVE('',#6002,#6069,#6071,.T.);
#6069 = VERTEX_POINT('',#6070);
#6070 = CARTESIAN_POINT('',(8.,138.49519052838,15.75));
#6071 = LINE('',#6072,#6073);
#6072 = CARTESIAN_POINT('',(4.,138.49519052838,15.75));
#6073 = VECTOR('',#6074,1.);
#6074 = DIRECTION('',(1.,0.,2.22044604925E-16));
#6075 = ORIENTED_EDGE('',*,*,#6076,.T.);
#6076 = EDGE_CURVE('',#6069,#4581,#6077,.T.);
#6077 = LINE('',#6078,#6079);
#6078 = CARTESIAN_POINT('',(8.,137.78463330903,16.980721205603));
#6079 = VECTOR('',#6080,1.);
#6080 = DIRECTION('',(-2.093911744542E-16,-0.5,0.866025403784));
#6081 = ORIENTED_EDGE('',*,*,#4588,.T.);
#6082 = ORIENTED_EDGE('',*,*,#5975,.F.);
#6083 = PLANE('',#6084);
#6084 = AXIS2_PLACEMENT_3D('',#6085,#6086,#6087);
#6085 = CARTESIAN_POINT('',(4.,138.49519052838,15.75));
#6086 = DIRECTION('',(1.110223024625E-16,-0.866025403784,-0.5));
#6087 = DIRECTION('',(-1.922962686384E-16,-0.5,0.866025403784));
#6088 = ADVANCED_FACE('',(#6089),#6126,.F.);
#6089 = FACE_BOUND('',#6090,.T.);
#6090 = EDGE_LOOP('',(#6091,#6092,#6100,#6109,#6118,#6125));
#6091 = ORIENTED_EDGE('',*,*,#6001,.F.);
#6092 = ORIENTED_EDGE('',*,*,#6093,.T.);
#6093 = EDGE_CURVE('',#5994,#6094,#6096,.T.);
#6094 = VERTEX_POINT('',#6095);
#6095 = CARTESIAN_POINT('',(8.,125.50480947161,15.75));
#6096 = LINE('',#6097,#6098);
#6097 = CARTESIAN_POINT('',(4.,125.50480947161,15.75));
#6098 = VECTOR('',#6099,1.);
#6099 = DIRECTION('',(1.,0.,2.22044604925E-16));
#6100 = ORIENTED_EDGE('',*,*,#6101,.F.);
#6101 = EDGE_CURVE('',#6102,#6094,#6104,.T.);
#6102 = VERTEX_POINT('',#6103);
#6103 = CARTESIAN_POINT('',(8.,129.9,4.8));
#6104 = CIRCLE('',#6105,7.5);
#6105 = AXIS2_PLACEMENT_3D('',#6106,#6107,#6108);
#6106 = CARTESIAN_POINT('',(8.,132.,12.));
#6107 = DIRECTION('',(-1.,0.,-2.22044604925E-16));
#6108 = DIRECTION('',(-1.110223024625E-16,-0.866025403784,0.5));
#6109 = ORIENTED_EDGE('',*,*,#6110,.F.);
#6110 = EDGE_CURVE('',#6111,#6102,#6113,.T.);
#6111 = VERTEX_POINT('',#6112);
#6112 = CARTESIAN_POINT('',(8.,134.1,4.8));
#6113 = CIRCLE('',#6114,7.5);
#6114 = AXIS2_PLACEMENT_3D('',#6115,#6116,#6117);
#6115 = CARTESIAN_POINT('',(8.,132.,12.));
#6116 = DIRECTION('',(-1.,0.,-2.22044604925E-16));
#6117 = DIRECTION('',(-1.110223024625E-16,-0.866025403784,0.5));
#6118 = ORIENTED_EDGE('',*,*,#6119,.F.);
#6119 = EDGE_CURVE('',#6069,#6111,#6120,.T.);
#6120 = CIRCLE('',#6121,7.5);
#6121 = AXIS2_PLACEMENT_3D('',#6122,#6123,#6124);
#6122 = CARTESIAN_POINT('',(8.,132.,12.));
#6123 = DIRECTION('',(-1.,0.,-2.22044604925E-16));
#6124 = DIRECTION('',(-1.110223024625E-16,-0.866025403784,0.5));
#6125 = ORIENTED_EDGE('',*,*,#6068,.F.);
#6126 = CYLINDRICAL_SURFACE('',#6127,7.5);
#6127 = AXIS2_PLACEMENT_3D('',#6128,#6129,#6130);
#6128 = CARTESIAN_POINT('',(4.,132.,12.));
#6129 = DIRECTION('',(-1.,-0.,-2.22044604925E-16));
#6130 = DIRECTION('',(-1.110223024625E-16,-0.866025403784,0.5));
#6131 = ADVANCED_FACE('',(#6132),#6158,.F.);
#6132 = FACE_BOUND('',#6133,.F.);
#6133 = EDGE_LOOP('',(#6134,#6135,#6156,#6157));
#6134 = ORIENTED_EDGE('',*,*,#5027,.T.);
#6135 = ORIENTED_EDGE('',*,*,#6136,.T.);
#6136 = EDGE_CURVE('',#5028,#5151,#6137,.T.);
#6137 = B_SPLINE_CURVE_WITH_KNOTS('',9,(#6138,#6139,#6140,#6141,#6142,
    #6143,#6144,#6145,#6146,#6147,#6148,#6149,#6150,#6151,#6152,#6153,
    #6154,#6155),.UNSPECIFIED.,.F.,.F.,(10,8,10),(22.198165530886,
    27.791606603024,33.385047675161),.UNSPECIFIED.);
#6138 = CARTESIAN_POINT('',(23.574284061733,62.890987805153,16.));
#6139 = CARTESIAN_POINT('',(23.628751387656,63.633031743971,16.));
#6140 = CARTESIAN_POINT('',(23.55019891666,64.264062935161,
    16.000000000001));
#6141 = CARTESIAN_POINT('',(23.365808566372,64.787752957087,
    15.999999999998));
#6142 = CARTESIAN_POINT('',(23.102491974529,65.20540066771,
    16.000000000003));
#6143 = CARTESIAN_POINT('',(22.789279844773,65.549568831466,
    15.999999999997));
#6144 = CARTESIAN_POINT('',(22.408970274702,65.820170907134,
    16.000000000002));
#6145 = CARTESIAN_POINT('',(21.988968019856,66.008050226293,
    15.999999999999));
#6146 = CARTESIAN_POINT('',(21.543119333484,66.112837249979,16.));
#6147 = CARTESIAN_POINT('',(20.639721870193,66.15219553895,16.));
#6148 = CARTESIAN_POINT('',(20.181933653203,66.08682580629,16.));
#6149 = CARTESIAN_POINT('',(19.737861407183,65.935526537506,
    16.000000000001));
#6150 = CARTESIAN_POINT('',(19.322929282151,65.697993871271,
    15.999999999999));
#6151 = CARTESIAN_POINT('',(18.962756288166,65.377564118152,
    16.000000000001));
#6152 = CARTESIAN_POINT('',(18.649378086831,64.978377758029,
    15.999999999999));
#6153 = CARTESIAN_POINT('',(18.402907047417,64.470515116678,
    16.000000000001));
#6154 = CARTESIAN_POINT('',(18.249711991507,63.848352416993,16.));
#6155 = CARTESIAN_POINT('',(18.215676863548,63.105711524775,16.));
#6156 = ORIENTED_EDGE('',*,*,#5150,.F.);
#6157 = ORIENTED_EDGE('',*,*,#4987,.F.);
#6158 = B_SPLINE_SURFACE_WITH_KNOTS('',1,9,(
    (#6159,#6160,#6161,#6162,#6163,#6164,#6165,#6166,#6167,#6168,#6169
      ,#6170,#6171,#6172,#6173,#6174,#6175,#6176)
    ,(#6177,#6178,#6179,#6180,#6181,#6182,#6183,#6184,#6185,#6186,#6187
      ,#6188,#6189,#6190,#6191,#6192,#6193,#6194
  )),.UNSPECIFIED.,.F.,.F.,.F.,(2,2),(10,8,10),(0.,11.186882144276),(
    22.198165530886,27.791606603024,33.385047675161),.UNSPECIFIED.);
#6159 = CARTESIAN_POINT('',(24.172674218772,62.847064918639,15.4));
#6160 = CARTESIAN_POINT('',(24.233678227817,63.678162358969,15.4));
#6161 = CARTESIAN_POINT('',(24.147606167952,64.411438170279,
    15.400000000001));
#6162 = CARTESIAN_POINT('',(23.93458380334,65.046018359006,
    15.399999999998));
#6163 = CARTESIAN_POINT('',(23.614736898186,65.581028931666,
    15.400000000002));
#6164 = CARTESIAN_POINT('',(23.208191216629,66.015595894647,
    15.399999999998));
#6165 = CARTESIAN_POINT('',(22.735072522891,66.348845254494,
    15.400000000002));
#6166 = CARTESIAN_POINT('',(22.215506581113,66.579903017603,
    15.399999999999));
#6167 = CARTESIAN_POINT('',(21.669619155495,66.707895190479,15.4));
#6168 = CARTESIAN_POINT('',(20.565452864919,66.756000368655,15.4));
#6169 = CARTESIAN_POINT('',(20.007173999962,66.67611337396,15.4));
#6170 = CARTESIAN_POINT('',(19.462825179516,66.491412801946,
    15.400000000001));
#6171 = CARTESIAN_POINT('',(18.952532167752,66.20102465907,
    15.399999999998));
#6172 = CARTESIAN_POINT('',(18.496420728861,65.804074951809,
    15.400000000002));
#6173 = CARTESIAN_POINT('',(18.114616627005,65.299689686608,
    15.399999999999));
#6174 = CARTESIAN_POINT('',(17.827245626377,64.686994869948,
    15.400000000001));
#6175 = CARTESIAN_POINT('',(17.654433491145,63.96511650828,15.4));
#6176 = CARTESIAN_POINT('',(17.616305985491,63.133180608073,15.4));
#6177 = CARTESIAN_POINT('',(23.574284061733,62.890987805153,16.));
#6178 = CARTESIAN_POINT('',(23.628751387656,63.633031743971,16.));
#6179 = CARTESIAN_POINT('',(23.55019891666,64.264062935161,
    16.000000000001));
#6180 = CARTESIAN_POINT('',(23.365808566372,64.787752957087,
    15.999999999998));
#6181 = CARTESIAN_POINT('',(23.102491974529,65.20540066771,
    16.000000000003));
#6182 = CARTESIAN_POINT('',(22.789279844773,65.549568831466,
    15.999999999997));
#6183 = CARTESIAN_POINT('',(22.408970274702,65.820170907134,
    16.000000000002));
#6184 = CARTESIAN_POINT('',(21.988968019856,66.008050226293,
    15.999999999999));
#6185 = CARTESIAN_POINT('',(21.543119333484,66.112837249979,16.));
#6186 = CARTESIAN_POINT('',(20.639721870193,66.15219553895,16.));
#6187 = CARTESIAN_POINT('',(20.181933653203,66.08682580629,16.));
#6188 = CARTESIAN_POINT('',(19.737861407183,65.935526537506,
    16.000000000001));
#6189 = CARTESIAN_POINT('',(19.322929282151,65.697993871271,
    15.999999999999));
#6190 = CARTESIAN_POINT('',(18.962756288166,65.377564118152,
    16.000000000001));
#6191 = CARTESIAN_POINT('',(18.649378086831,64.978377758029,
    15.999999999999));
#6192 = CARTESIAN_POINT('',(18.402907047417,64.470515116678,
    16.000000000001));
#6193 = CARTESIAN_POINT('',(18.249711991507,63.848352416993,16.));
#6194 = CARTESIAN_POINT('',(18.215676863548,63.105711524775,16.));
#6195 = ADVANCED_FACE('',(#6196),#6203,.T.);
#6196 = FACE_BOUND('',#6197,.T.);
#6197 = EDGE_LOOP('',(#6198,#6199,#6200,#6201,#6202));
#6198 = ORIENTED_EDGE('',*,*,#5136,.T.);
#6199 = ORIENTED_EDGE('',*,*,#5057,.T.);
#6200 = ORIENTED_EDGE('',*,*,#5035,.T.);
#6201 = ORIENTED_EDGE('',*,*,#6136,.T.);
#6202 = ORIENTED_EDGE('',*,*,#5159,.T.);
#6203 = PLANE('',#6204);
#6204 = AXIS2_PLACEMENT_3D('',#6205,#6206,#6207);
#6205 = CARTESIAN_POINT('',(20.400659139154,55.930272046403,16.));
#6206 = DIRECTION('',(0.,0.,1.));
#6207 = DIRECTION('',(1.,0.,0.));
#6208 = ADVANCED_FACE('',(#6209),#6220,.T.);
#6209 = FACE_BOUND('',#6210,.F.);
#6210 = EDGE_LOOP('',(#6211,#6217,#6218,#6219));
#6211 = ORIENTED_EDGE('',*,*,#6212,.F.);
#6212 = EDGE_CURVE('',#5224,#5541,#6213,.T.);
#6213 = LINE('',#6214,#6215);
#6214 = CARTESIAN_POINT('',(5.733333333333,10.133333333333,
    25.666666666667));
#6215 = VECTOR('',#6216,1.);
#6216 = DIRECTION('',(-0.666666666667,0.333333333333,0.666666666667));
#6217 = ORIENTED_EDGE('',*,*,#5231,.T.);
#6218 = ORIENTED_EDGE('',*,*,#5394,.T.);
#6219 = ORIENTED_EDGE('',*,*,#5540,.F.);
#6220 = PLANE('',#6221);
#6221 = AXIS2_PLACEMENT_3D('',#6222,#6223,#6224);
#6222 = CARTESIAN_POINT('',(7.82,9.24,23.7));
#6223 = DIRECTION('',(0.424264068712,-0.565685424949,0.707106781187));
#6224 = DIRECTION('',(0.8,0.6,-5.551115123126E-17));
#6225 = ADVANCED_FACE('',(#6226),#6244,.T.);
#6226 = FACE_BOUND('',#6227,.F.);
#6227 = EDGE_LOOP('',(#6228,#6229,#6237,#6243));
#6228 = ORIENTED_EDGE('',*,*,#5548,.F.);
#6229 = ORIENTED_EDGE('',*,*,#6230,.T.);
#6230 = EDGE_CURVE('',#5549,#6231,#6233,.T.);
#6231 = VERTEX_POINT('',#6232);
#6232 = CARTESIAN_POINT('',(8.,15.921539030917,23.4));
#6233 = LINE('',#6234,#6235);
#6234 = CARTESIAN_POINT('',(4.615110195134,17.875806070934,
    26.784889804866));
#6235 = VECTOR('',#6236,1.);
#6236 = DIRECTION('',(0.654653670708,-0.377964473009,-0.654653670708));
#6237 = ORIENTED_EDGE('',*,*,#6238,.T.);
#6238 = EDGE_CURVE('',#6231,#5224,#6239,.T.);
#6239 = LINE('',#6240,#6241);
#6240 = CARTESIAN_POINT('',(8.,27.,23.4));
#6241 = VECTOR('',#6242,1.);
#6242 = DIRECTION('',(0.,-1.,0.));
#6243 = ORIENTED_EDGE('',*,*,#6212,.T.);
#6244 = PLANE('',#6245);
#6245 = AXIS2_PLACEMENT_3D('',#6246,#6247,#6248);
#6246 = CARTESIAN_POINT('',(7.7,27.,23.7));
#6247 = DIRECTION('',(0.707106781187,0.,0.707106781187));
#6248 = DIRECTION('',(0.,1.,0.));
#6249 = ADVANCED_FACE('',(#6250),#6261,.T.);
#6250 = FACE_BOUND('',#6251,.F.);
#6251 = EDGE_LOOP('',(#6252,#6253,#6254,#6260));
#6252 = ORIENTED_EDGE('',*,*,#5651,.F.);
#6253 = ORIENTED_EDGE('',*,*,#5759,.T.);
#6254 = ORIENTED_EDGE('',*,*,#6255,.T.);
#6255 = EDGE_CURVE('',#5750,#5581,#6256,.T.);
#6256 = LINE('',#6257,#6258);
#6257 = CARTESIAN_POINT('',(7.177777777778,26.588888888889,
    24.222222222222));
#6258 = VECTOR('',#6259,1.);
#6259 = DIRECTION('',(-0.666666666667,-0.333333333333,0.666666666667));
#6260 = ORIENTED_EDGE('',*,*,#5588,.F.);
#6261 = PLANE('',#6262);
#6262 = AXIS2_PLACEMENT_3D('',#6263,#6264,#6265);
#6263 = CARTESIAN_POINT('',(3.82,29.76,23.7));
#6264 = DIRECTION('',(0.424264068712,0.565685424949,0.707106781187));
#6265 = DIRECTION('',(-0.8,0.6,0.));
#6266 = ADVANCED_FACE('',(#6267),#6285,.T.);
#6267 = FACE_BOUND('',#6268,.F.);
#6268 = EDGE_LOOP('',(#6269,#6270,#6278,#6284));
#6269 = ORIENTED_EDGE('',*,*,#6255,.F.);
#6270 = ORIENTED_EDGE('',*,*,#6271,.T.);
#6271 = EDGE_CURVE('',#5750,#6272,#6274,.T.);
#6272 = VERTEX_POINT('',#6273);
#6273 = CARTESIAN_POINT('',(8.,20.078460969083,23.4));
#6274 = LINE('',#6275,#6276);
#6275 = CARTESIAN_POINT('',(8.,27.,23.4));
#6276 = VECTOR('',#6277,1.);
#6277 = DIRECTION('',(0.,-1.,0.));
#6278 = ORIENTED_EDGE('',*,*,#6279,.T.);
#6279 = EDGE_CURVE('',#6272,#5573,#6280,.T.);
#6280 = LINE('',#6281,#6282);
#6281 = CARTESIAN_POINT('',(10.056318376294,21.265676937176,
    21.343681623706));
#6282 = VECTOR('',#6283,1.);
#6283 = DIRECTION('',(-0.654653670708,-0.377964473009,0.654653670708));
#6284 = ORIENTED_EDGE('',*,*,#5580,.F.);
#6285 = PLANE('',#6286);
#6286 = AXIS2_PLACEMENT_3D('',#6287,#6288,#6289);
#6287 = CARTESIAN_POINT('',(7.7,27.,23.7));
#6288 = DIRECTION('',(0.707106781187,0.,0.707106781187));
#6289 = DIRECTION('',(0.,1.,0.));
#6290 = ADVANCED_FACE('',(#6291),#6310,.T.);
#6291 = FACE_BOUND('',#6292,.T.);
#6292 = EDGE_LOOP('',(#6293,#6294,#6302,#6308,#6309));
#6293 = ORIENTED_EDGE('',*,*,#6047,.F.);
#6294 = ORIENTED_EDGE('',*,*,#6295,.T.);
#6295 = EDGE_CURVE('',#6039,#6296,#6298,.T.);
#6296 = VERTEX_POINT('',#6297);
#6297 = CARTESIAN_POINT('',(8.,24.495190528383,15.75));
#6298 = LINE('',#6299,#6300);
#6299 = CARTESIAN_POINT('',(4.,24.495190528383,15.75));
#6300 = VECTOR('',#6301,1.);
#6301 = DIRECTION('',(1.,0.,2.22044604925E-16));
#6302 = ORIENTED_EDGE('',*,*,#6303,.T.);
#6303 = EDGE_CURVE('',#6296,#6272,#6304,.T.);
#6304 = LINE('',#6305,#6306);
#6305 = CARTESIAN_POINT('',(8.,23.784633309031,16.980721205603));
#6306 = VECTOR('',#6307,1.);
#6307 = DIRECTION('',(-2.093911744542E-16,-0.5,0.866025403784));
#6308 = ORIENTED_EDGE('',*,*,#6279,.T.);
#6309 = ORIENTED_EDGE('',*,*,#5572,.F.);
#6310 = PLANE('',#6311);
#6311 = AXIS2_PLACEMENT_3D('',#6312,#6313,#6314);
#6312 = CARTESIAN_POINT('',(4.,24.495190528383,15.75));
#6313 = DIRECTION('',(1.110223024625E-16,-0.866025403784,-0.5));
#6314 = DIRECTION('',(-1.922962686384E-16,-0.5,0.866025403784));
#6315 = ADVANCED_FACE('',(#6316),#6335,.T.);
#6316 = FACE_BOUND('',#6317,.T.);
#6317 = EDGE_LOOP('',(#6318,#6319,#6320,#6321,#6329));
#6318 = ORIENTED_EDGE('',*,*,#6030,.F.);
#6319 = ORIENTED_EDGE('',*,*,#5556,.F.);
#6320 = ORIENTED_EDGE('',*,*,#6230,.T.);
#6321 = ORIENTED_EDGE('',*,*,#6322,.T.);
#6322 = EDGE_CURVE('',#6231,#6323,#6325,.T.);
#6323 = VERTEX_POINT('',#6324);
#6324 = CARTESIAN_POINT('',(8.,11.504809471617,15.75));
#6325 = LINE('',#6326,#6327);
#6326 = CARTESIAN_POINT('',(8.,15.462961955161,22.605721205603));
#6327 = VECTOR('',#6328,1.);
#6328 = DIRECTION('',(2.093911744542E-16,-0.5,-0.866025403784));
#6329 = ORIENTED_EDGE('',*,*,#6330,.F.);
#6330 = EDGE_CURVE('',#6031,#6323,#6331,.T.);
#6331 = LINE('',#6332,#6333);
#6332 = CARTESIAN_POINT('',(4.,11.504809471617,15.75));
#6333 = VECTOR('',#6334,1.);
#6334 = DIRECTION('',(1.,0.,2.22044604925E-16));
#6335 = PLANE('',#6336);
#6336 = AXIS2_PLACEMENT_3D('',#6337,#6338,#6339);
#6337 = CARTESIAN_POINT('',(4.,18.,27.));
#6338 = DIRECTION('',(1.110223024625E-16,0.866025403784,-0.5));
#6339 = DIRECTION('',(1.922962686384E-16,-0.5,-0.866025403784));
#6340 = ADVANCED_FACE('',(#6341),#6352,.T.);
#6341 = FACE_BOUND('',#6342,.F.);
#6342 = EDGE_LOOP('',(#6343,#6349,#6350,#6351));
#6343 = ORIENTED_EDGE('',*,*,#6344,.F.);
#6344 = EDGE_CURVE('',#5776,#5944,#6345,.T.);
#6345 = LINE('',#6346,#6347);
#6346 = CARTESIAN_POINT('',(5.733333333333,124.13333333333,
    25.666666666667));
#6347 = VECTOR('',#6348,1.);
#6348 = DIRECTION('',(-0.666666666667,0.333333333333,0.666666666667));
#6349 = ORIENTED_EDGE('',*,*,#5783,.T.);
#6350 = ORIENTED_EDGE('',*,*,#5797,.T.);
#6351 = ORIENTED_EDGE('',*,*,#5943,.F.);
#6352 = PLANE('',#6353);
#6353 = AXIS2_PLACEMENT_3D('',#6354,#6355,#6356);
#6354 = CARTESIAN_POINT('',(7.82,123.24,23.7));
#6355 = DIRECTION('',(0.424264068712,-0.565685424949,0.707106781187));
#6356 = DIRECTION('',(0.8,0.6,-1.110223024625E-16));
#6357 = ADVANCED_FACE('',(#6358),#6376,.T.);
#6358 = FACE_BOUND('',#6359,.F.);
#6359 = EDGE_LOOP('',(#6360,#6361,#6369,#6375));
#6360 = ORIENTED_EDGE('',*,*,#5951,.F.);
#6361 = ORIENTED_EDGE('',*,*,#6362,.T.);
#6362 = EDGE_CURVE('',#5952,#6363,#6365,.T.);
#6363 = VERTEX_POINT('',#6364);
#6364 = CARTESIAN_POINT('',(8.,129.92153903091,23.4));
#6365 = LINE('',#6366,#6367);
#6366 = CARTESIAN_POINT('',(4.615110195134,131.87580607093,
    26.784889804866));
#6367 = VECTOR('',#6368,1.);
#6368 = DIRECTION('',(0.654653670708,-0.377964473009,-0.654653670708));
#6369 = ORIENTED_EDGE('',*,*,#6370,.T.);
#6370 = EDGE_CURVE('',#6363,#5776,#6371,.T.);
#6371 = LINE('',#6372,#6373);
#6372 = CARTESIAN_POINT('',(8.,141.,23.4));
#6373 = VECTOR('',#6374,1.);
#6374 = DIRECTION('',(0.,-1.,0.));
#6375 = ORIENTED_EDGE('',*,*,#6344,.T.);
#6376 = PLANE('',#6377);
#6377 = AXIS2_PLACEMENT_3D('',#6378,#6379,#6380);
#6378 = CARTESIAN_POINT('',(7.7,141.,23.7));
#6379 = DIRECTION('',(0.707106781187,0.,0.707106781187));
#6380 = DIRECTION('',(0.,1.,0.));
#6381 = ADVANCED_FACE('',(#6382),#6394,.T.);
#6382 = FACE_BOUND('',#6383,.T.);
#6383 = EDGE_LOOP('',(#6384,#6385,#6386,#6387,#6393));
#6384 = ORIENTED_EDGE('',*,*,#5993,.F.);
#6385 = ORIENTED_EDGE('',*,*,#5959,.F.);
#6386 = ORIENTED_EDGE('',*,*,#6362,.T.);
#6387 = ORIENTED_EDGE('',*,*,#6388,.T.);
#6388 = EDGE_CURVE('',#6363,#6094,#6389,.T.);
#6389 = LINE('',#6390,#6391);
#6390 = CARTESIAN_POINT('',(8.,129.46296195516,22.605721205603));
#6391 = VECTOR('',#6392,1.);
#6392 = DIRECTION('',(2.093911744542E-16,-0.5,-0.866025403784));
#6393 = ORIENTED_EDGE('',*,*,#6093,.F.);
#6394 = PLANE('',#6395);
#6395 = AXIS2_PLACEMENT_3D('',#6396,#6397,#6398);
#6396 = CARTESIAN_POINT('',(4.,132.,27.));
#6397 = DIRECTION('',(1.110223024625E-16,0.866025403784,-0.5));
#6398 = DIRECTION('',(1.922962686384E-16,-0.5,-0.866025403784));
#6399 = ADVANCED_FACE('',(#6400),#6430,.F.);
#6400 = FACE_BOUND('',#6401,.T.);
#6401 = EDGE_LOOP('',(#6402,#6403,#6404,#6413,#6422,#6429));
#6402 = ORIENTED_EDGE('',*,*,#6038,.F.);
#6403 = ORIENTED_EDGE('',*,*,#6330,.T.);
#6404 = ORIENTED_EDGE('',*,*,#6405,.F.);
#6405 = EDGE_CURVE('',#6406,#6323,#6408,.T.);
#6406 = VERTEX_POINT('',#6407);
#6407 = CARTESIAN_POINT('',(8.,15.9,4.8));
#6408 = CIRCLE('',#6409,7.5);
#6409 = AXIS2_PLACEMENT_3D('',#6410,#6411,#6412);
#6410 = CARTESIAN_POINT('',(8.,18.,12.));
#6411 = DIRECTION('',(-1.,0.,-2.22044604925E-16));
#6412 = DIRECTION('',(-1.110223024625E-16,-0.866025403784,0.5));
#6413 = ORIENTED_EDGE('',*,*,#6414,.F.);
#6414 = EDGE_CURVE('',#6415,#6406,#6417,.T.);
#6415 = VERTEX_POINT('',#6416);
#6416 = CARTESIAN_POINT('',(8.,20.1,4.8));
#6417 = CIRCLE('',#6418,7.5);
#6418 = AXIS2_PLACEMENT_3D('',#6419,#6420,#6421);
#6419 = CARTESIAN_POINT('',(8.,18.,12.));
#6420 = DIRECTION('',(-1.,0.,-2.22044604925E-16));
#6421 = DIRECTION('',(-1.110223024625E-16,-0.866025403784,0.5));
#6422 = ORIENTED_EDGE('',*,*,#6423,.F.);
#6423 = EDGE_CURVE('',#6296,#6415,#6424,.T.);
#6424 = CIRCLE('',#6425,7.5);
#6425 = AXIS2_PLACEMENT_3D('',#6426,#6427,#6428);
#6426 = CARTESIAN_POINT('',(8.,18.,12.));
#6427 = DIRECTION('',(-1.,0.,-2.22044604925E-16));
#6428 = DIRECTION('',(-1.110223024625E-16,-0.866025403784,0.5));
#6429 = ORIENTED_EDGE('',*,*,#6295,.F.);
#6430 = CYLINDRICAL_SURFACE('',#6431,7.5);
#6431 = AXIS2_PLACEMENT_3D('',#6432,#6433,#6434);
#6432 = CARTESIAN_POINT('',(4.,18.,12.));
#6433 = DIRECTION('',(-1.,-0.,-2.22044604925E-16));
#6434 = DIRECTION('',(-1.110223024625E-16,-0.866025403784,0.5));
#6435 = ADVANCED_FACE('',(#6436),#6452,.T.);
#6436 = FACE_BOUND('',#6437,.T.);
#6437 = EDGE_LOOP('',(#6438,#6439,#6440,#6441,#6442,#6443,#6444,#6445,
    #6446,#6447,#6448,#6449,#6450,#6451));
#6438 = ORIENTED_EDGE('',*,*,#4580,.T.);
#6439 = ORIENTED_EDGE('',*,*,#6076,.F.);
#6440 = ORIENTED_EDGE('',*,*,#6119,.T.);
#6441 = ORIENTED_EDGE('',*,*,#6110,.T.);
#6442 = ORIENTED_EDGE('',*,*,#6101,.T.);
#6443 = ORIENTED_EDGE('',*,*,#6388,.F.);
#6444 = ORIENTED_EDGE('',*,*,#6370,.T.);
#6445 = ORIENTED_EDGE('',*,*,#5775,.F.);
#6446 = ORIENTED_EDGE('',*,*,#4067,.T.);
#6447 = ORIENTED_EDGE('',*,*,#4633,.T.);
#6448 = ORIENTED_EDGE('',*,*,#4610,.T.);
#6449 = ORIENTED_EDGE('',*,*,#1234,.F.);
#6450 = ORIENTED_EDGE('',*,*,#226,.F.);
#6451 = ORIENTED_EDGE('',*,*,#1202,.T.);
#6452 = PLANE('',#6453);
#6453 = AXIS2_PLACEMENT_3D('',#6454,#6455,#6456);
#6454 = CARTESIAN_POINT('',(8.,132.63987810888,12.344562119642));
#6455 = DIRECTION('',(1.,0.,0.));
#6456 = DIRECTION('',(0.,0.,1.));
#6457 = ADVANCED_FACE('',(#6458),#6472,.T.);
#6458 = FACE_BOUND('',#6459,.T.);
#6459 = EDGE_LOOP('',(#6460,#6461,#6462,#6463,#6464,#6465,#6466,#6467,
    #6468,#6469,#6470,#6471));
#6460 = ORIENTED_EDGE('',*,*,#6238,.T.);
#6461 = ORIENTED_EDGE('',*,*,#5223,.F.);
#6462 = ORIENTED_EDGE('',*,*,#3103,.T.);
#6463 = ORIENTED_EDGE('',*,*,#5173,.T.);
#6464 = ORIENTED_EDGE('',*,*,#3943,.T.);
#6465 = ORIENTED_EDGE('',*,*,#5749,.T.);
#6466 = ORIENTED_EDGE('',*,*,#6271,.T.);
#6467 = ORIENTED_EDGE('',*,*,#6303,.F.);
#6468 = ORIENTED_EDGE('',*,*,#6423,.T.);
#6469 = ORIENTED_EDGE('',*,*,#6414,.T.);
#6470 = ORIENTED_EDGE('',*,*,#6405,.T.);
#6471 = ORIENTED_EDGE('',*,*,#6322,.F.);
#6472 = PLANE('',#6473);
#6473 = AXIS2_PLACEMENT_3D('',#6474,#6475,#6476);
#6474 = CARTESIAN_POINT('',(8.,18.,13.194834768053));
#6475 = DIRECTION('',(1.,0.,0.));
#6476 = DIRECTION('',(0.,0.,1.));
#6477 = ( GEOMETRIC_REPRESENTATION_CONTEXT(3) 
GLOBAL_UNCERTAINTY_ASSIGNED_CONTEXT((#6481)) 
GLOBAL_UNIT_ASSIGNED_CONTEXT((#6478,#6479,#6480)) REPRESENTATION_CONTEXT
('Context #1','3D Context with UNIT and UNCERTAINTY') );
#6478 = ( LENGTH_UNIT() NAMED_UNIT(*) SI_UNIT(.MILLI.,.METRE.) );
#6479 = ( NAMED_UNIT(*) PLANE_ANGLE_UNIT() SI_UNIT($,.RADIAN.) );
#6480 = ( NAMED_UNIT(*) SI_UNIT($,.STERADIAN.) SOLID_ANGLE_UNIT() );
#6481 = UNCERTAINTY_MEASURE_WITH_UNIT(LENGTH_MEASURE(5.E-04),#6478,
  'distance_accuracy_value','confusion accuracy');
#6482 = PRODUCT_RELATED_PRODUCT_CATEGORY('part',$,(#7));
ENDSEC;
END-ISO-10303-21;
