ISO-10303-21;
HEADER;
FILE_DESCRIPTION(('FreeCAD Model'),'2;1');
FILE_NAME('Open CASCADE Shape Model','2026-09-07T16:56:08',('FreeCAD'),(
    'FreeCAD'),'Open CASCADE STEP processor 7.8','FreeCAD','Unknown');
FILE_SCHEMA(('AUTOMOTIVE_DESIGN { 1 0 10303 214 1 1 1 1 }'));
ENDSEC;
DATA;
#1 = APPLICATION_PROTOCOL_DEFINITION('international standard',
  'automotive_design',2000,#2);
#2 = APPLICATION_CONTEXT(
  'core data for automotive mechanical design processes');
#3 = SHAPE_DEFINITION_REPRESENTATION(#4,#10);
#4 = PRODUCT_DEFINITION_SHAPE('','',#5);
#5 = PRODUCT_DEFINITION('design','',#6,#9);
#6 = PRODUCT_DEFINITION_FORMATION('','',#7);
#7 = PRODUCT('Open CASCADE STEP translator 7.8 1',
  'Open CASCADE STEP translator 7.8 1','',(#8));
#8 = PRODUCT_CONTEXT('',#2,'mechanical');
#9 = PRODUCT_DEFINITION_CONTEXT('part definition',#2,'design');
#10 = ADVANCED_BREP_SHAPE_REPRESENTATION('',(#11,#15),#7294);
#11 = AXIS2_PLACEMENT_3D('',#12,#13,#14);
#12 = CARTESIAN_POINT('',(0.,0.,0.));
#13 = DIRECTION('',(0.,0.,1.));
#14 = DIRECTION('',(1.,0.,-0.));
#15 = MANIFOLD_SOLID_BREP('',#16);
#16 = CLOSED_SHELL('',(#17,#43,#68,#94,#119,#159,#190,#230,#270,#301,
    #341,#464,#495,#519,#553,#721,#848,#997,#1028,#1076,#1101,#1125,
    #1150,#1174,#1199,#1239,#1271,#1283,#1308,#1332,#1357,#1416,#1441,
    #1514,#1545,#1593,#1618,#1642,#1667,#1691,#1716,#1756,#1798,#1822,
    #1864,#1889,#1913,#1938,#1997,#2022,#2095,#2126,#2150,#2174,#2205,
    #2229,#2253,#2276,#2300,#2391,#2415,#2533,#2557,#2581,#2699,#2723,
    #2772,#2789,#2813,#2844,#2884,#2908,#2958,#2975,#2992,#3008,#3027,
    #3040,#3071,#3095,#3120,#3137,#3155,#3180,#3204,#3222,#3239,#3258,
    #3274,#3299,#3316,#3347,#3371,#3396,#3413,#3431,#3456,#3480,#3498,
    #3515,#3532,#3581,#3605,#3664,#3688,#3719,#3738,#3755,#3777,#3789,
    #3807,#3824,#3838,#3860,#3872,#3890,#3907,#3921,#3932,#3944,#3956,
    #3967,#4064,#4106,#4137,#4175,#4253,#4282,#4319,#4373,#4404,#4426,
    #4457,#4481,#4505,#4545,#4569,#4609,#4632,#4645,#4665,#4688,#4701,
    #4718,#4743,#4760,#4772,#4788,#4800,#4821,#4850,#4873,#4896,#4945,
    #4974,#4997,#5020,#5044,#5084,#5108,#5148,#5165,#5210,#5265,#5288,
    #5330,#5347,#5359,#5390,#5416,#5440,#5471,#5497,#5521,#5539,#5557,
    #5578,#5613,#5777,#5808,#5855,#5895,#5926,#6019,#6036,#6053,#6100,
    #6131,#6155,#6179,#6334,#6365,#6382,#6399,#6431,#6455,#6479,#6496,
    #6527,#6551,#6591,#6623,#6647,#6671,#6696,#6716,#6739,#6796,#6808,
    #6840,#6864,#6888,#6905,#6927,#6944,#6977,#7009,#7033,#7057,#7082,
    #7096,#7108,#7120,#7132,#7144,#7190,#7236,#7261,#7278));
#17 = ADVANCED_FACE('',(#18),#38,.F.);
#18 = FACE_BOUND('',#19,.F.);
#19 = EDGE_LOOP('',(#20,#31));
#20 = ORIENTED_EDGE('',*,*,#21,.F.);
#21 = EDGE_CURVE('',#22,#24,#26,.T.);
#22 = VERTEX_POINT('',#23);
#23 = CARTESIAN_POINT('',(-128.,71.242640687119,-88.24264068711));
#24 = VERTEX_POINT('',#25);
#25 = CARTESIAN_POINT('',(-12.,71.242640687119,-88.24264068711));
#26 = CIRCLE('',#27,58.);
#27 = AXIS2_PLACEMENT_3D('',#28,#29,#30);
#28 = CARTESIAN_POINT('',(-70.,71.242640687119,-88.24264068711));
#29 = DIRECTION('',(0.,0.707106781187,-0.707106781187));
#30 = DIRECTION('',(-1.,0.,-0.));
#31 = ORIENTED_EDGE('',*,*,#32,.F.);
#32 = EDGE_CURVE('',#24,#22,#33,.T.);
#33 = CIRCLE('',#34,58.);
#34 = AXIS2_PLACEMENT_3D('',#35,#36,#37);
#35 = CARTESIAN_POINT('',(-70.,71.242640687119,-88.24264068711));
#36 = DIRECTION('',(0.,0.707106781187,-0.707106781187));
#37 = DIRECTION('',(-1.,0.,-0.));
#38 = PLANE('',#39);
#39 = AXIS2_PLACEMENT_3D('',#40,#41,#42);
#40 = CARTESIAN_POINT('',(-70.,71.242640687119,-88.24264068711));
#41 = DIRECTION('',(0.,-0.707106781187,0.707106781187));
#42 = DIRECTION('',(1.,0.,0.));
#43 = ADVANCED_FACE('',(#44),#63,.T.);
#44 = FACE_BOUND('',#45,.F.);
#45 = EDGE_LOOP('',(#46,#47,#54,#61,#62));
#46 = ORIENTED_EDGE('',*,*,#32,.T.);
#47 = ORIENTED_EDGE('',*,*,#48,.T.);
#48 = EDGE_CURVE('',#22,#49,#51,.T.);
#49 = VERTEX_POINT('',#50);
#50 = CARTESIAN_POINT('',(-128.,67.,-84.));
#51 = B_SPLINE_CURVE_WITH_KNOTS('',1,(#52,#53),.UNSPECIFIED.,.F.,.F.,(2,
    2),(0.,6.),.PIECEWISE_BEZIER_KNOTS.);
#52 = CARTESIAN_POINT('',(-128.,71.242640687119,-88.24264068711));
#53 = CARTESIAN_POINT('',(-128.,67.,-84.));
#54 = ORIENTED_EDGE('',*,*,#55,.F.);
#55 = EDGE_CURVE('',#49,#49,#56,.T.);
#56 = CIRCLE('',#57,58.);
#57 = AXIS2_PLACEMENT_3D('',#58,#59,#60);
#58 = CARTESIAN_POINT('',(-70.,67.,-84.));
#59 = DIRECTION('',(0.,0.707106781187,-0.707106781187));
#60 = DIRECTION('',(-1.,0.,-0.));
#61 = ORIENTED_EDGE('',*,*,#48,.F.);
#62 = ORIENTED_EDGE('',*,*,#21,.T.);
#63 = CYLINDRICAL_SURFACE('',#64,58.);
#64 = AXIS2_PLACEMENT_3D('',#65,#66,#67);
#65 = CARTESIAN_POINT('',(-70.,71.242640687119,-88.24264068711));
#66 = DIRECTION('',(0.,-0.707106781187,0.707106781187));
#67 = DIRECTION('',(-1.,0.,-0.));
#68 = ADVANCED_FACE('',(#69),#89,.F.);
#69 = FACE_BOUND('',#70,.T.);
#70 = EDGE_LOOP('',(#71,#82));
#71 = ORIENTED_EDGE('',*,*,#72,.F.);
#72 = EDGE_CURVE('',#73,#75,#77,.T.);
#73 = VERTEX_POINT('',#74);
#74 = CARTESIAN_POINT('',(128.,71.242640687119,-88.24264068711));
#75 = VERTEX_POINT('',#76);
#76 = CARTESIAN_POINT('',(12.,71.242640687119,-88.24264068711));
#77 = CIRCLE('',#78,58.);
#78 = AXIS2_PLACEMENT_3D('',#79,#80,#81);
#79 = CARTESIAN_POINT('',(70.,71.242640687119,-88.24264068711));
#80 = DIRECTION('',(0.,-0.707106781187,0.707106781187));
#81 = DIRECTION('',(1.,0.,0.));
#82 = ORIENTED_EDGE('',*,*,#83,.F.);
#83 = EDGE_CURVE('',#75,#73,#84,.T.);
#84 = CIRCLE('',#85,58.);
#85 = AXIS2_PLACEMENT_3D('',#86,#87,#88);
#86 = CARTESIAN_POINT('',(70.,71.242640687119,-88.24264068711));
#87 = DIRECTION('',(0.,-0.707106781187,0.707106781187));
#88 = DIRECTION('',(1.,0.,0.));
#89 = PLANE('',#90);
#90 = AXIS2_PLACEMENT_3D('',#91,#92,#93);
#91 = CARTESIAN_POINT('',(70.,71.242640687119,-88.24264068711));
#92 = DIRECTION('',(0.,-0.707106781187,0.707106781187));
#93 = DIRECTION('',(1.,0.,0.));
#94 = ADVANCED_FACE('',(#95),#114,.T.);
#95 = FACE_BOUND('',#96,.T.);
#96 = EDGE_LOOP('',(#97,#98,#99,#106,#113));
#97 = ORIENTED_EDGE('',*,*,#72,.T.);
#98 = ORIENTED_EDGE('',*,*,#83,.T.);
#99 = ORIENTED_EDGE('',*,*,#100,.T.);
#100 = EDGE_CURVE('',#73,#101,#103,.T.);
#101 = VERTEX_POINT('',#102);
#102 = CARTESIAN_POINT('',(128.,67.,-84.));
#103 = B_SPLINE_CURVE_WITH_KNOTS('',1,(#104,#105),.UNSPECIFIED.,.F.,.F.,
  (2,2),(0.,6.),.PIECEWISE_BEZIER_KNOTS.);
#104 = CARTESIAN_POINT('',(128.,71.242640687119,-88.24264068711));
#105 = CARTESIAN_POINT('',(128.,67.,-84.));
#106 = ORIENTED_EDGE('',*,*,#107,.F.);
#107 = EDGE_CURVE('',#101,#101,#108,.T.);
#108 = CIRCLE('',#109,58.);
#109 = AXIS2_PLACEMENT_3D('',#110,#111,#112);
#110 = CARTESIAN_POINT('',(70.,67.,-84.));
#111 = DIRECTION('',(0.,-0.707106781187,0.707106781187));
#112 = DIRECTION('',(1.,0.,0.));
#113 = ORIENTED_EDGE('',*,*,#100,.F.);
#114 = CYLINDRICAL_SURFACE('',#115,58.);
#115 = AXIS2_PLACEMENT_3D('',#116,#117,#118);
#116 = CARTESIAN_POINT('',(70.,71.242640687119,-88.24264068711));
#117 = DIRECTION('',(0.,-0.707106781187,0.707106781187));
#118 = DIRECTION('',(1.,0.,0.));
#119 = ADVANCED_FACE('',(#120),#154,.F.);
#120 = FACE_BOUND('',#121,.F.);
#121 = EDGE_LOOP('',(#122,#132,#140,#148));
#122 = ORIENTED_EDGE('',*,*,#123,.F.);
#123 = EDGE_CURVE('',#124,#126,#128,.T.);
#124 = VERTEX_POINT('',#125);
#125 = CARTESIAN_POINT('',(-175.,39.,0.));
#126 = VERTEX_POINT('',#127);
#127 = CARTESIAN_POINT('',(-175.,39.,24.));
#128 = LINE('',#129,#130);
#129 = CARTESIAN_POINT('',(-175.,39.,5.5));
#130 = VECTOR('',#131,1.);
#131 = DIRECTION('',(0.,0.,1.));
#132 = ORIENTED_EDGE('',*,*,#133,.T.);
#133 = EDGE_CURVE('',#124,#134,#136,.T.);
#134 = VERTEX_POINT('',#135);
#135 = CARTESIAN_POINT('',(-175.,40.,0.));
#136 = LINE('',#137,#138);
#137 = CARTESIAN_POINT('',(-175.,67.5,0.));
#138 = VECTOR('',#139,1.);
#139 = DIRECTION('',(0.,1.,0.));
#140 = ORIENTED_EDGE('',*,*,#141,.T.);
#141 = EDGE_CURVE('',#134,#142,#144,.T.);
#142 = VERTEX_POINT('',#143);
#143 = CARTESIAN_POINT('',(-175.,40.,24.));
#144 = LINE('',#145,#146);
#145 = CARTESIAN_POINT('',(-175.,40.,5.5));
#146 = VECTOR('',#147,1.);
#147 = DIRECTION('',(-0.,0.,1.));
#148 = ORIENTED_EDGE('',*,*,#149,.T.);
#149 = EDGE_CURVE('',#142,#126,#150,.T.);
#150 = LINE('',#151,#152);
#151 = CARTESIAN_POINT('',(-175.,66.,24.));
#152 = VECTOR('',#153,1.);
#153 = DIRECTION('',(0.,-1.,0.));
#154 = PLANE('',#155);
#155 = AXIS2_PLACEMENT_3D('',#156,#157,#158);
#156 = CARTESIAN_POINT('',(-175.,51.,11.));
#157 = DIRECTION('',(1.,0.,0.));
#158 = DIRECTION('',(0.,0.,-1.));
#159 = ADVANCED_FACE('',(#160),#185,.T.);
#160 = FACE_BOUND('',#161,.T.);
#161 = EDGE_LOOP('',(#162,#163,#171,#179));
#162 = ORIENTED_EDGE('',*,*,#149,.T.);
#163 = ORIENTED_EDGE('',*,*,#164,.T.);
#164 = EDGE_CURVE('',#126,#165,#167,.T.);
#165 = VERTEX_POINT('',#166);
#166 = CARTESIAN_POINT('',(-180.,39.,24.));
#167 = LINE('',#168,#169);
#168 = CARTESIAN_POINT('',(-177.5,39.,24.));
#169 = VECTOR('',#170,1.);
#170 = DIRECTION('',(-1.,0.,0.));
#171 = ORIENTED_EDGE('',*,*,#172,.T.);
#172 = EDGE_CURVE('',#165,#173,#175,.T.);
#173 = VERTEX_POINT('',#174);
#174 = CARTESIAN_POINT('',(-180.,40.,24.));
#175 = LINE('',#176,#177);
#176 = CARTESIAN_POINT('',(-180.,43.671269953755,24.));
#177 = VECTOR('',#178,1.);
#178 = DIRECTION('',(-0.,1.,0.));
#179 = ORIENTED_EDGE('',*,*,#180,.T.);
#180 = EDGE_CURVE('',#173,#142,#181,.T.);
#181 = LINE('',#182,#183);
#182 = CARTESIAN_POINT('',(-177.5,40.,24.));
#183 = VECTOR('',#184,1.);
#184 = DIRECTION('',(1.,0.,0.));
#185 = PLANE('',#186);
#186 = AXIS2_PLACEMENT_3D('',#187,#188,#189);
#187 = CARTESIAN_POINT('',(-175.,66.,24.));
#188 = DIRECTION('',(0.,0.,-1.));
#189 = DIRECTION('',(0.,-1.,0.));
#190 = ADVANCED_FACE('',(#191),#225,.T.);
#191 = FACE_BOUND('',#192,.T.);
#192 = EDGE_LOOP('',(#193,#194,#195,#203,#211,#219));
#193 = ORIENTED_EDGE('',*,*,#164,.F.);
#194 = ORIENTED_EDGE('',*,*,#123,.F.);
#195 = ORIENTED_EDGE('',*,*,#196,.F.);
#196 = EDGE_CURVE('',#197,#124,#199,.T.);
#197 = VERTEX_POINT('',#198);
#198 = CARTESIAN_POINT('',(-173.4,39.,0.));
#199 = LINE('',#200,#201);
#200 = CARTESIAN_POINT('',(-156.7,39.,0.));
#201 = VECTOR('',#202,1.);
#202 = DIRECTION('',(-1.,0.,0.));
#203 = ORIENTED_EDGE('',*,*,#204,.T.);
#204 = EDGE_CURVE('',#197,#205,#207,.T.);
#205 = VERTEX_POINT('',#206);
#206 = CARTESIAN_POINT('',(-173.4,39.,153.7));
#207 = LINE('',#208,#209);
#208 = CARTESIAN_POINT('',(-173.4,39.,0.));
#209 = VECTOR('',#210,1.);
#210 = DIRECTION('',(0.,0.,1.));
#211 = ORIENTED_EDGE('',*,*,#212,.T.);
#212 = EDGE_CURVE('',#205,#213,#215,.T.);
#213 = VERTEX_POINT('',#214);
#214 = CARTESIAN_POINT('',(-180.,39.,153.7));
#215 = LINE('',#216,#217);
#216 = CARTESIAN_POINT('',(-173.4,39.,153.7));
#217 = VECTOR('',#218,1.);
#218 = DIRECTION('',(-1.,0.,0.));
#219 = ORIENTED_EDGE('',*,*,#220,.T.);
#220 = EDGE_CURVE('',#213,#165,#221,.T.);
#221 = LINE('',#222,#223);
#222 = CARTESIAN_POINT('',(-180.,39.,50.918412240726));
#223 = VECTOR('',#224,1.);
#224 = DIRECTION('',(0.,0.,-1.));
#225 = PLANE('',#226);
#226 = AXIS2_PLACEMENT_3D('',#227,#228,#229);
#227 = CARTESIAN_POINT('',(-180.,39.,-10.));
#228 = DIRECTION('',(0.,-1.,0.));
#229 = DIRECTION('',(0.,0.,1.));
#230 = ADVANCED_FACE('',(#231),#265,.F.);
#231 = FACE_BOUND('',#232,.F.);
#232 = EDGE_LOOP('',(#233,#243,#251,#259));
#233 = ORIENTED_EDGE('',*,*,#234,.T.);
#234 = EDGE_CURVE('',#235,#237,#239,.T.);
#235 = VERTEX_POINT('',#236);
#236 = CARTESIAN_POINT('',(175.,40.,24.));
#237 = VERTEX_POINT('',#238);
#238 = CARTESIAN_POINT('',(175.,39.,24.));
#239 = LINE('',#240,#241);
#240 = CARTESIAN_POINT('',(175.,66.,24.));
#241 = VECTOR('',#242,1.);
#242 = DIRECTION('',(0.,-1.,0.));
#243 = ORIENTED_EDGE('',*,*,#244,.T.);
#244 = EDGE_CURVE('',#237,#245,#247,.T.);
#245 = VERTEX_POINT('',#246);
#246 = CARTESIAN_POINT('',(180.,39.,24.));
#247 = LINE('',#248,#249);
#248 = CARTESIAN_POINT('',(177.5,39.,24.));
#249 = VECTOR('',#250,1.);
#250 = DIRECTION('',(1.,0.,0.));
#251 = ORIENTED_EDGE('',*,*,#252,.F.);
#252 = EDGE_CURVE('',#253,#245,#255,.T.);
#253 = VERTEX_POINT('',#254);
#254 = CARTESIAN_POINT('',(180.,40.,24.));
#255 = LINE('',#256,#257);
#256 = CARTESIAN_POINT('',(180.,43.671269953755,24.));
#257 = VECTOR('',#258,1.);
#258 = DIRECTION('',(0.,-1.,0.));
#259 = ORIENTED_EDGE('',*,*,#260,.T.);
#260 = EDGE_CURVE('',#253,#235,#261,.T.);
#261 = LINE('',#262,#263);
#262 = CARTESIAN_POINT('',(-2.5,40.,24.));
#263 = VECTOR('',#264,1.);
#264 = DIRECTION('',(-1.,0.,0.));
#265 = PLANE('',#266);
#266 = AXIS2_PLACEMENT_3D('',#267,#268,#269);
#267 = CARTESIAN_POINT('',(175.,66.,24.));
#268 = DIRECTION('',(0.,0.,1.));
#269 = DIRECTION('',(0.,-1.,0.));
#270 = ADVANCED_FACE('',(#271),#296,.T.);
#271 = FACE_BOUND('',#272,.T.);
#272 = EDGE_LOOP('',(#273,#281,#289,#295));
#273 = ORIENTED_EDGE('',*,*,#274,.F.);
#274 = EDGE_CURVE('',#275,#237,#277,.T.);
#275 = VERTEX_POINT('',#276);
#276 = CARTESIAN_POINT('',(175.,39.,0.));
#277 = LINE('',#278,#279);
#278 = CARTESIAN_POINT('',(175.,39.,5.5));
#279 = VECTOR('',#280,1.);
#280 = DIRECTION('',(0.,0.,1.));
#281 = ORIENTED_EDGE('',*,*,#282,.T.);
#282 = EDGE_CURVE('',#275,#283,#285,.T.);
#283 = VERTEX_POINT('',#284);
#284 = CARTESIAN_POINT('',(175.,40.,0.));
#285 = LINE('',#286,#287);
#286 = CARTESIAN_POINT('',(175.,67.5,0.));
#287 = VECTOR('',#288,1.);
#288 = DIRECTION('',(0.,1.,0.));
#289 = ORIENTED_EDGE('',*,*,#290,.T.);
#290 = EDGE_CURVE('',#283,#235,#291,.T.);
#291 = LINE('',#292,#293);
#292 = CARTESIAN_POINT('',(175.,40.,5.5));
#293 = VECTOR('',#294,1.);
#294 = DIRECTION('',(-0.,0.,1.));
#295 = ORIENTED_EDGE('',*,*,#234,.T.);
#296 = PLANE('',#297);
#297 = AXIS2_PLACEMENT_3D('',#298,#299,#300);
#298 = CARTESIAN_POINT('',(175.,51.,11.));
#299 = DIRECTION('',(1.,0.,0.));
#300 = DIRECTION('',(0.,0.,-1.));
#301 = ADVANCED_FACE('',(#302),#336,.F.);
#302 = FACE_BOUND('',#303,.F.);
#303 = EDGE_LOOP('',(#304,#305,#306,#314,#322,#330));
#304 = ORIENTED_EDGE('',*,*,#244,.F.);
#305 = ORIENTED_EDGE('',*,*,#274,.F.);
#306 = ORIENTED_EDGE('',*,*,#307,.F.);
#307 = EDGE_CURVE('',#308,#275,#310,.T.);
#308 = VERTEX_POINT('',#309);
#309 = CARTESIAN_POINT('',(173.4,39.,0.));
#310 = LINE('',#311,#312);
#311 = CARTESIAN_POINT('',(156.7,39.,0.));
#312 = VECTOR('',#313,1.);
#313 = DIRECTION('',(1.,0.,0.));
#314 = ORIENTED_EDGE('',*,*,#315,.T.);
#315 = EDGE_CURVE('',#308,#316,#318,.T.);
#316 = VERTEX_POINT('',#317);
#317 = CARTESIAN_POINT('',(173.4,39.,153.7));
#318 = LINE('',#319,#320);
#319 = CARTESIAN_POINT('',(173.4,39.,0.));
#320 = VECTOR('',#321,1.);
#321 = DIRECTION('',(0.,0.,1.));
#322 = ORIENTED_EDGE('',*,*,#323,.T.);
#323 = EDGE_CURVE('',#316,#324,#326,.T.);
#324 = VERTEX_POINT('',#325);
#325 = CARTESIAN_POINT('',(180.,39.,153.7));
#326 = LINE('',#327,#328);
#327 = CARTESIAN_POINT('',(173.4,39.,153.7));
#328 = VECTOR('',#329,1.);
#329 = DIRECTION('',(1.,0.,0.));
#330 = ORIENTED_EDGE('',*,*,#331,.F.);
#331 = EDGE_CURVE('',#245,#324,#332,.T.);
#332 = LINE('',#333,#334);
#333 = CARTESIAN_POINT('',(180.,39.,50.918412240726));
#334 = VECTOR('',#335,1.);
#335 = DIRECTION('',(0.,0.,1.));
#336 = PLANE('',#337);
#337 = AXIS2_PLACEMENT_3D('',#338,#339,#340);
#338 = CARTESIAN_POINT('',(180.,39.,-10.));
#339 = DIRECTION('',(0.,1.,0.));
#340 = DIRECTION('',(0.,0.,1.));
#341 = ADVANCED_FACE('',(#342),#459,.T.);
#342 = FACE_BOUND('',#343,.F.);
#343 = EDGE_LOOP('',(#344,#355,#363,#369,#370,#378,#386,#395,#403,#412,
    #420,#428,#436,#444,#453));
#344 = ORIENTED_EDGE('',*,*,#345,.F.);
#345 = EDGE_CURVE('',#346,#348,#350,.T.);
#346 = VERTEX_POINT('',#347);
#347 = CARTESIAN_POINT('',(173.4,37.,150.64575131106));
#348 = VERTEX_POINT('',#349);
#349 = CARTESIAN_POINT('',(173.4,38.,148.));
#350 = CIRCLE('',#351,4.);
#351 = AXIS2_PLACEMENT_3D('',#352,#353,#354);
#352 = CARTESIAN_POINT('',(173.4,34.,148.));
#353 = DIRECTION('',(-1.,0.,0.));
#354 = DIRECTION('',(0.,0.707106781187,0.707106781187));
#355 = ORIENTED_EDGE('',*,*,#356,.F.);
#356 = EDGE_CURVE('',#357,#346,#359,.T.);
#357 = VERTEX_POINT('',#358);
#358 = CARTESIAN_POINT('',(173.4,37.,153.7));
#359 = LINE('',#360,#361);
#360 = CARTESIAN_POINT('',(173.4,37.,153.7));
#361 = VECTOR('',#362,1.);
#362 = DIRECTION('',(0.,0.,-1.));
#363 = ORIENTED_EDGE('',*,*,#364,.F.);
#364 = EDGE_CURVE('',#316,#357,#365,.T.);
#365 = LINE('',#366,#367);
#366 = CARTESIAN_POINT('',(173.4,39.,153.7));
#367 = VECTOR('',#368,1.);
#368 = DIRECTION('',(0.,-1.,0.));
#369 = ORIENTED_EDGE('',*,*,#315,.F.);
#370 = ORIENTED_EDGE('',*,*,#371,.F.);
#371 = EDGE_CURVE('',#372,#308,#374,.T.);
#372 = VERTEX_POINT('',#373);
#373 = CARTESIAN_POINT('',(173.4,37.,0.));
#374 = LINE('',#375,#376);
#375 = CARTESIAN_POINT('',(173.4,61.,0.));
#376 = VECTOR('',#377,1.);
#377 = DIRECTION('',(0.,1.,0.));
#378 = ORIENTED_EDGE('',*,*,#379,.F.);
#379 = EDGE_CURVE('',#380,#372,#382,.T.);
#380 = VERTEX_POINT('',#381);
#381 = CARTESIAN_POINT('',(173.4,37.,0.354248688935));
#382 = LINE('',#383,#384);
#383 = CARTESIAN_POINT('',(173.4,37.,153.7));
#384 = VECTOR('',#385,1.);
#385 = DIRECTION('',(0.,0.,-1.));
#386 = ORIENTED_EDGE('',*,*,#387,.F.);
#387 = EDGE_CURVE('',#388,#380,#390,.T.);
#388 = VERTEX_POINT('',#389);
#389 = CARTESIAN_POINT('',(173.4,38.,3.));
#390 = CIRCLE('',#391,4.);
#391 = AXIS2_PLACEMENT_3D('',#392,#393,#394);
#392 = CARTESIAN_POINT('',(173.4,34.,3.));
#393 = DIRECTION('',(-1.,0.,0.));
#394 = DIRECTION('',(0.,0.707106781187,-0.707106781187));
#395 = ORIENTED_EDGE('',*,*,#396,.F.);
#396 = EDGE_CURVE('',#397,#388,#399,.T.);
#397 = VERTEX_POINT('',#398);
#398 = CARTESIAN_POINT('',(173.4,38.,38.));
#399 = LINE('',#400,#401);
#400 = CARTESIAN_POINT('',(173.4,38.,37.925));
#401 = VECTOR('',#402,1.);
#402 = DIRECTION('',(0.,0.,-1.));
#403 = ORIENTED_EDGE('',*,*,#404,.F.);
#404 = EDGE_CURVE('',#405,#397,#407,.T.);
#405 = VERTEX_POINT('',#406);
#406 = CARTESIAN_POINT('',(173.4,37.,40.645751311065));
#407 = CIRCLE('',#408,4.);
#408 = AXIS2_PLACEMENT_3D('',#409,#410,#411);
#409 = CARTESIAN_POINT('',(173.4,34.,38.));
#410 = DIRECTION('',(-1.,0.,0.));
#411 = DIRECTION('',(0.,0.707106781187,0.707106781187));
#412 = ORIENTED_EDGE('',*,*,#413,.F.);
#413 = EDGE_CURVE('',#414,#405,#416,.T.);
#414 = VERTEX_POINT('',#415);
#415 = CARTESIAN_POINT('',(173.4,37.,124.85714285714));
#416 = LINE('',#417,#418);
#417 = CARTESIAN_POINT('',(173.4,37.,153.7));
#418 = VECTOR('',#419,1.);
#419 = DIRECTION('',(0.,0.,-1.));
#420 = ORIENTED_EDGE('',*,*,#421,.F.);
#421 = EDGE_CURVE('',#422,#414,#424,.T.);
#422 = VERTEX_POINT('',#423);
#423 = CARTESIAN_POINT('',(173.4,38.,126.));
#424 = LINE('',#425,#426);
#425 = CARTESIAN_POINT('',(173.4,11.821238938053,96.081415929204));
#426 = VECTOR('',#427,1.);
#427 = DIRECTION('',(0.,-0.658504607869,-0.752576694707));
#428 = ORIENTED_EDGE('',*,*,#429,.F.);
#429 = EDGE_CURVE('',#430,#422,#432,.T.);
#430 = VERTEX_POINT('',#431);
#431 = CARTESIAN_POINT('',(173.4,37.,126.28571428571));
#432 = LINE('',#433,#434);
#433 = CARTESIAN_POINT('',(173.4,44.491509433962,124.14528301886));
#434 = VECTOR('',#435,1.);
#435 = DIRECTION('',(0.,0.961523947641,-0.274721127897));
#436 = ORIENTED_EDGE('',*,*,#437,.F.);
#437 = EDGE_CURVE('',#438,#430,#440,.T.);
#438 = VERTEX_POINT('',#439);
#439 = CARTESIAN_POINT('',(173.4,37.,127.35424868893));
#440 = LINE('',#441,#442);
#441 = CARTESIAN_POINT('',(173.4,37.,153.7));
#442 = VECTOR('',#443,1.);
#443 = DIRECTION('',(0.,0.,-1.));
#444 = ORIENTED_EDGE('',*,*,#445,.F.);
#445 = EDGE_CURVE('',#446,#438,#448,.T.);
#446 = VERTEX_POINT('',#447);
#447 = CARTESIAN_POINT('',(173.4,38.,130.));
#448 = CIRCLE('',#449,4.);
#449 = AXIS2_PLACEMENT_3D('',#450,#451,#452);
#450 = CARTESIAN_POINT('',(173.4,34.,130.));
#451 = DIRECTION('',(-1.,0.,0.));
#452 = DIRECTION('',(0.,0.707106781187,-0.707106781187));
#453 = ORIENTED_EDGE('',*,*,#454,.F.);
#454 = EDGE_CURVE('',#348,#446,#455,.T.);
#455 = LINE('',#456,#457);
#456 = CARTESIAN_POINT('',(173.4,38.,101.425));
#457 = VECTOR('',#458,1.);
#458 = DIRECTION('',(0.,0.,-1.));
#459 = PLANE('',#460);
#460 = AXIS2_PLACEMENT_3D('',#461,#462,#463);
#461 = CARTESIAN_POINT('',(173.4,38.,76.85));
#462 = DIRECTION('',(1.,0.,0.));
#463 = DIRECTION('',(0.,0.,-1.));
#464 = ADVANCED_FACE('',(#465),#490,.F.);
#465 = FACE_BOUND('',#466,.F.);
#466 = EDGE_LOOP('',(#467,#477,#483,#484));
#467 = ORIENTED_EDGE('',*,*,#468,.F.);
#468 = EDGE_CURVE('',#469,#471,#473,.T.);
#469 = VERTEX_POINT('',#470);
#470 = CARTESIAN_POINT('',(175.,37.,0.354248688935));
#471 = VERTEX_POINT('',#472);
#472 = CARTESIAN_POINT('',(175.,37.,0.));
#473 = LINE('',#474,#475);
#474 = CARTESIAN_POINT('',(175.,37.,82.35));
#475 = VECTOR('',#476,1.);
#476 = DIRECTION('',(0.,0.,-1.));
#477 = ORIENTED_EDGE('',*,*,#478,.F.);
#478 = EDGE_CURVE('',#380,#469,#479,.T.);
#479 = LINE('',#480,#481);
#480 = CARTESIAN_POINT('',(140.,37.,0.354248688935));
#481 = VECTOR('',#482,1.);
#482 = DIRECTION('',(1.,0.,0.));
#483 = ORIENTED_EDGE('',*,*,#379,.T.);
#484 = ORIENTED_EDGE('',*,*,#485,.F.);
#485 = EDGE_CURVE('',#471,#372,#486,.T.);
#486 = LINE('',#487,#488);
#487 = CARTESIAN_POINT('',(156.7,37.,0.));
#488 = VECTOR('',#489,1.);
#489 = DIRECTION('',(-1.,0.,0.));
#490 = PLANE('',#491);
#491 = AXIS2_PLACEMENT_3D('',#492,#493,#494);
#492 = CARTESIAN_POINT('',(173.4,37.,153.7));
#493 = DIRECTION('',(0.,-1.,0.));
#494 = DIRECTION('',(0.,0.,-1.));
#495 = ADVANCED_FACE('',(#496),#514,.T.);
#496 = FACE_BOUND('',#497,.F.);
#497 = EDGE_LOOP('',(#498,#499,#507));
#498 = ORIENTED_EDGE('',*,*,#468,.T.);
#499 = ORIENTED_EDGE('',*,*,#500,.F.);
#500 = EDGE_CURVE('',#501,#471,#503,.T.);
#501 = VERTEX_POINT('',#502);
#502 = CARTESIAN_POINT('',(175.,36.645751311065,0.));
#503 = LINE('',#504,#505);
#504 = CARTESIAN_POINT('',(175.,67.5,0.));
#505 = VECTOR('',#506,1.);
#506 = DIRECTION('',(0.,1.,0.));
#507 = ORIENTED_EDGE('',*,*,#508,.F.);
#508 = EDGE_CURVE('',#469,#501,#509,.T.);
#509 = CIRCLE('',#510,4.);
#510 = AXIS2_PLACEMENT_3D('',#511,#512,#513);
#511 = CARTESIAN_POINT('',(175.,34.,3.));
#512 = DIRECTION('',(-1.,0.,0.));
#513 = DIRECTION('',(0.,0.707106781187,-0.707106781187));
#514 = PLANE('',#515);
#515 = AXIS2_PLACEMENT_3D('',#516,#517,#518);
#516 = CARTESIAN_POINT('',(175.,51.,11.));
#517 = DIRECTION('',(1.,0.,0.));
#518 = DIRECTION('',(0.,0.,-1.));
#519 = ADVANCED_FACE('',(#520),#548,.F.);
#520 = FACE_BOUND('',#521,.F.);
#521 = EDGE_LOOP('',(#522,#523,#524,#532,#541,#547));
#522 = ORIENTED_EDGE('',*,*,#478,.T.);
#523 = ORIENTED_EDGE('',*,*,#508,.T.);
#524 = ORIENTED_EDGE('',*,*,#525,.F.);
#525 = EDGE_CURVE('',#526,#501,#528,.T.);
#526 = VERTEX_POINT('',#527);
#527 = CARTESIAN_POINT('',(140.,36.645751311065,0.));
#528 = LINE('',#529,#530);
#529 = CARTESIAN_POINT('',(140.,36.645751311065,0.));
#530 = VECTOR('',#531,1.);
#531 = DIRECTION('',(1.,0.,0.));
#532 = ORIENTED_EDGE('',*,*,#533,.T.);
#533 = EDGE_CURVE('',#526,#534,#536,.T.);
#534 = VERTEX_POINT('',#535);
#535 = CARTESIAN_POINT('',(140.,38.,3.));
#536 = CIRCLE('',#537,4.);
#537 = AXIS2_PLACEMENT_3D('',#538,#539,#540);
#538 = CARTESIAN_POINT('',(140.,34.,3.));
#539 = DIRECTION('',(1.,-0.,0.));
#540 = DIRECTION('',(0.,0.707106781187,-0.707106781187));
#541 = ORIENTED_EDGE('',*,*,#542,.T.);
#542 = EDGE_CURVE('',#534,#388,#543,.T.);
#543 = LINE('',#544,#545);
#544 = CARTESIAN_POINT('',(140.,38.,3.));
#545 = VECTOR('',#546,1.);
#546 = DIRECTION('',(1.,0.,0.));
#547 = ORIENTED_EDGE('',*,*,#387,.T.);
#548 = CYLINDRICAL_SURFACE('',#549,4.);
#549 = AXIS2_PLACEMENT_3D('',#550,#551,#552);
#550 = CARTESIAN_POINT('',(140.,34.,3.));
#551 = DIRECTION('',(1.,0.,0.));
#552 = DIRECTION('',(0.,0.707106781187,-0.707106781187));
#553 = ADVANCED_FACE('',(#554),#716,.F.);
#554 = FACE_BOUND('',#555,.F.);
#555 = EDGE_LOOP('',(#556,#566,#574,#583,#591,#600,#608,#617,#625,#633,
    #642,#650,#659,#667,#676,#684,#693,#701,#710));
#556 = ORIENTED_EDGE('',*,*,#557,.F.);
#557 = EDGE_CURVE('',#558,#560,#562,.T.);
#558 = VERTEX_POINT('',#559);
#559 = CARTESIAN_POINT('',(-140.,16.4,166.));
#560 = VERTEX_POINT('',#561);
#561 = CARTESIAN_POINT('',(-140.,16.4,155.7));
#562 = LINE('',#563,#564);
#563 = CARTESIAN_POINT('',(-140.,16.4,107.6));
#564 = VECTOR('',#565,1.);
#565 = DIRECTION('',(0.,0.,-1.));
#566 = ORIENTED_EDGE('',*,*,#567,.T.);
#567 = EDGE_CURVE('',#558,#568,#570,.T.);
#568 = VERTEX_POINT('',#569);
#569 = CARTESIAN_POINT('',(-140.,11.,166.));
#570 = LINE('',#571,#572);
#571 = CARTESIAN_POINT('',(-140.,26.,166.));
#572 = VECTOR('',#573,1.);
#573 = DIRECTION('',(0.,-1.,0.));
#574 = ORIENTED_EDGE('',*,*,#575,.T.);
#575 = EDGE_CURVE('',#568,#576,#578,.T.);
#576 = VERTEX_POINT('',#577);
#577 = CARTESIAN_POINT('',(-140.,10.,165.82842712474));
#578 = CIRCLE('',#579,3.);
#579 = AXIS2_PLACEMENT_3D('',#580,#581,#582);
#580 = CARTESIAN_POINT('',(-140.,11.,163.));
#581 = DIRECTION('',(1.,0.,0.));
#582 = DIRECTION('',(0.,-0.707106781187,0.707106781187));
#583 = ORIENTED_EDGE('',*,*,#584,.T.);
#584 = EDGE_CURVE('',#576,#585,#587,.T.);
#585 = VERTEX_POINT('',#586);
#586 = CARTESIAN_POINT('',(-140.,10.,180.));
#587 = LINE('',#588,#589);
#588 = CARTESIAN_POINT('',(-140.,10.,-65.));
#589 = VECTOR('',#590,1.);
#590 = DIRECTION('',(0.,0.,1.));
#591 = ORIENTED_EDGE('',*,*,#592,.T.);
#592 = EDGE_CURVE('',#585,#593,#595,.T.);
#593 = VERTEX_POINT('',#594);
#594 = CARTESIAN_POINT('',(-140.,6.,184.));
#595 = CIRCLE('',#596,4.);
#596 = AXIS2_PLACEMENT_3D('',#597,#598,#599);
#597 = CARTESIAN_POINT('',(-140.,6.,180.));
#598 = DIRECTION('',(1.,0.,-0.));
#599 = DIRECTION('',(0.,0.707106781187,0.707106781187));
#600 = ORIENTED_EDGE('',*,*,#601,.T.);
#601 = EDGE_CURVE('',#593,#602,#604,.T.);
#602 = VERTEX_POINT('',#603);
#603 = CARTESIAN_POINT('',(-140.,4.,184.));
#604 = LINE('',#605,#606);
#605 = CARTESIAN_POINT('',(-140.,10.,184.));
#606 = VECTOR('',#607,1.);
#607 = DIRECTION('',(0.,-1.,0.));
#608 = ORIENTED_EDGE('',*,*,#609,.T.);
#609 = EDGE_CURVE('',#602,#610,#612,.T.);
#610 = VERTEX_POINT('',#611);
#611 = CARTESIAN_POINT('',(-140.,0.,180.));
#612 = CIRCLE('',#613,4.);
#613 = AXIS2_PLACEMENT_3D('',#614,#615,#616);
#614 = CARTESIAN_POINT('',(-140.,4.,180.));
#615 = DIRECTION('',(1.,0.,0.));
#616 = DIRECTION('',(0.,-0.707106781187,0.707106781187));
#617 = ORIENTED_EDGE('',*,*,#618,.T.);
#618 = EDGE_CURVE('',#610,#619,#621,.T.);
#619 = VERTEX_POINT('',#620);
#620 = CARTESIAN_POINT('',(-140.,0.,0.));
#621 = LINE('',#622,#623);
#622 = CARTESIAN_POINT('',(-140.,0.,184.));
#623 = VECTOR('',#624,1.);
#624 = DIRECTION('',(0.,0.,-1.));
#625 = ORIENTED_EDGE('',*,*,#626,.T.);
#626 = EDGE_CURVE('',#619,#627,#629,.T.);
#627 = VERTEX_POINT('',#628);
#628 = CARTESIAN_POINT('',(-140.,36.645751311065,0.));
#629 = LINE('',#630,#631);
#630 = CARTESIAN_POINT('',(-140.,4.,-8.881784197001E-15));
#631 = VECTOR('',#632,1.);
#632 = DIRECTION('',(0.,1.,0.));
#633 = ORIENTED_EDGE('',*,*,#634,.T.);
#634 = EDGE_CURVE('',#627,#635,#637,.T.);
#635 = VERTEX_POINT('',#636);
#636 = CARTESIAN_POINT('',(-140.,38.,3.));
#637 = CIRCLE('',#638,4.);
#638 = AXIS2_PLACEMENT_3D('',#639,#640,#641);
#639 = CARTESIAN_POINT('',(-140.,34.,3.));
#640 = DIRECTION('',(1.,-0.,0.));
#641 = DIRECTION('',(0.,0.707106781187,-0.707106781187));
#642 = ORIENTED_EDGE('',*,*,#643,.T.);
#643 = EDGE_CURVE('',#635,#644,#646,.T.);
#644 = VERTEX_POINT('',#645);
#645 = CARTESIAN_POINT('',(-140.,38.,38.));
#646 = LINE('',#647,#648);
#647 = CARTESIAN_POINT('',(-140.,38.,-1.));
#648 = VECTOR('',#649,1.);
#649 = DIRECTION('',(0.,0.,1.));
#650 = ORIENTED_EDGE('',*,*,#651,.T.);
#651 = EDGE_CURVE('',#644,#652,#654,.T.);
#652 = VERTEX_POINT('',#653);
#653 = CARTESIAN_POINT('',(-140.,34.,42.));
#654 = CIRCLE('',#655,4.);
#655 = AXIS2_PLACEMENT_3D('',#656,#657,#658);
#656 = CARTESIAN_POINT('',(-140.,34.,38.));
#657 = DIRECTION('',(1.,0.,-0.));
#658 = DIRECTION('',(0.,0.707106781187,0.707106781187));
#659 = ORIENTED_EDGE('',*,*,#660,.T.);
#660 = EDGE_CURVE('',#652,#661,#663,.T.);
#661 = VERTEX_POINT('',#662);
#662 = CARTESIAN_POINT('',(-140.,12.,42.));
#663 = LINE('',#664,#665);
#664 = CARTESIAN_POINT('',(-140.,38.,42.));
#665 = VECTOR('',#666,1.);
#666 = DIRECTION('',(0.,-1.,0.));
#667 = ORIENTED_EDGE('',*,*,#668,.T.);
#668 = EDGE_CURVE('',#661,#669,#671,.T.);
#669 = VERTEX_POINT('',#670);
#670 = CARTESIAN_POINT('',(-140.,10.,41.464101615138));
#671 = CIRCLE('',#672,4.);
#672 = AXIS2_PLACEMENT_3D('',#673,#674,#675);
#673 = CARTESIAN_POINT('',(-140.,12.,38.));
#674 = DIRECTION('',(1.,0.,0.));
#675 = DIRECTION('',(0.,-0.707106781187,0.707106781187));
#676 = ORIENTED_EDGE('',*,*,#677,.T.);
#677 = EDGE_CURVE('',#669,#678,#680,.T.);
#678 = VERTEX_POINT('',#679);
#679 = CARTESIAN_POINT('',(-140.,10.,154.17157287525));
#680 = LINE('',#681,#682);
#681 = CARTESIAN_POINT('',(-140.,10.,-65.));
#682 = VECTOR('',#683,1.);
#683 = DIRECTION('',(0.,0.,1.));
#684 = ORIENTED_EDGE('',*,*,#685,.T.);
#685 = EDGE_CURVE('',#678,#686,#688,.T.);
#686 = VERTEX_POINT('',#687);
#687 = CARTESIAN_POINT('',(-140.,11.,154.));
#688 = CIRCLE('',#689,3.);
#689 = AXIS2_PLACEMENT_3D('',#690,#691,#692);
#690 = CARTESIAN_POINT('',(-140.,11.,157.));
#691 = DIRECTION('',(1.,0.,0.));
#692 = DIRECTION('',(0.,-0.707106781187,-0.707106781187));
#693 = ORIENTED_EDGE('',*,*,#694,.T.);
#694 = EDGE_CURVE('',#686,#695,#697,.T.);
#695 = VERTEX_POINT('',#696);
#696 = CARTESIAN_POINT('',(-140.,23.,154.));
#697 = LINE('',#698,#699);
#698 = CARTESIAN_POINT('',(-140.,8.,154.));
#699 = VECTOR('',#700,1.);
#700 = DIRECTION('',(0.,1.,0.));
#701 = ORIENTED_EDGE('',*,*,#702,.T.);
#702 = EDGE_CURVE('',#695,#703,#705,.T.);
#703 = VERTEX_POINT('',#704);
#704 = CARTESIAN_POINT('',(-140.,25.703701166919,155.7));
#705 = CIRCLE('',#706,3.);
#706 = AXIS2_PLACEMENT_3D('',#707,#708,#709);
#707 = CARTESIAN_POINT('',(-140.,23.,157.));
#708 = DIRECTION('',(1.,-0.,0.));
#709 = DIRECTION('',(0.,0.707106781187,-0.707106781187));
#710 = ORIENTED_EDGE('',*,*,#711,.F.);
#711 = EDGE_CURVE('',#560,#703,#712,.T.);
#712 = LINE('',#713,#714);
#713 = CARTESIAN_POINT('',(-140.,12.65,155.7));
#714 = VECTOR('',#715,1.);
#715 = DIRECTION('',(0.,1.,0.));
#716 = PLANE('',#717);
#717 = AXIS2_PLACEMENT_3D('',#718,#719,#720);
#718 = CARTESIAN_POINT('',(-140.,5.,59.5));
#719 = DIRECTION('',(1.,0.,0.));
#720 = DIRECTION('',(0.,0.,-1.));
#721 = ADVANCED_FACE('',(#722),#843,.F.);
#722 = FACE_BOUND('',#723,.F.);
#723 = EDGE_LOOP('',(#724,#734,#742,#750,#758,#766,#774,#782,#790,#798,
    #806,#814,#822,#830,#836,#837));
#724 = ORIENTED_EDGE('',*,*,#725,.F.);
#725 = EDGE_CURVE('',#726,#728,#730,.T.);
#726 = VERTEX_POINT('',#727);
#727 = CARTESIAN_POINT('',(-180.,0.,196.));
#728 = VERTEX_POINT('',#729);
#729 = CARTESIAN_POINT('',(-180.,0.,180.));
#730 = LINE('',#731,#732);
#731 = CARTESIAN_POINT('',(-180.,0.,196.));
#732 = VECTOR('',#733,1.);
#733 = DIRECTION('',(0.,0.,-1.));
#734 = ORIENTED_EDGE('',*,*,#735,.T.);
#735 = EDGE_CURVE('',#726,#736,#738,.T.);
#736 = VERTEX_POINT('',#737);
#737 = CARTESIAN_POINT('',(-139.,0.,196.));
#738 = LINE('',#739,#740);
#739 = CARTESIAN_POINT('',(-180.,0.,196.));
#740 = VECTOR('',#741,1.);
#741 = DIRECTION('',(1.,0.,0.));
#742 = ORIENTED_EDGE('',*,*,#743,.T.);
#743 = EDGE_CURVE('',#736,#744,#746,.T.);
#744 = VERTEX_POINT('',#745);
#745 = CARTESIAN_POINT('',(-139.,0.,154.));
#746 = LINE('',#747,#748);
#747 = CARTESIAN_POINT('',(-139.,0.,198.));
#748 = VECTOR('',#749,1.);
#749 = DIRECTION('',(0.,0.,-1.));
#750 = ORIENTED_EDGE('',*,*,#751,.F.);
#751 = EDGE_CURVE('',#752,#744,#754,.T.);
#752 = VERTEX_POINT('',#753);
#753 = CARTESIAN_POINT('',(-0.2,0.,154.));
#754 = LINE('',#755,#756);
#755 = CARTESIAN_POINT('',(-0.2,0.,154.));
#756 = VECTOR('',#757,1.);
#757 = DIRECTION('',(-1.,0.,0.));
#758 = ORIENTED_EDGE('',*,*,#759,.F.);
#759 = EDGE_CURVE('',#760,#752,#762,.T.);
#760 = VERTEX_POINT('',#761);
#761 = CARTESIAN_POINT('',(-0.2,0.,196.));
#762 = LINE('',#763,#764);
#763 = CARTESIAN_POINT('',(-0.2,0.,198.));
#764 = VECTOR('',#765,1.);
#765 = DIRECTION('',(0.,0.,-1.));
#766 = ORIENTED_EDGE('',*,*,#767,.T.);
#767 = EDGE_CURVE('',#760,#768,#770,.T.);
#768 = VERTEX_POINT('',#769);
#769 = CARTESIAN_POINT('',(0.2,0.,196.));
#770 = LINE('',#771,#772);
#771 = CARTESIAN_POINT('',(-180.,0.,196.));
#772 = VECTOR('',#773,1.);
#773 = DIRECTION('',(1.,0.,0.));
#774 = ORIENTED_EDGE('',*,*,#775,.T.);
#775 = EDGE_CURVE('',#768,#776,#778,.T.);
#776 = VERTEX_POINT('',#777);
#777 = CARTESIAN_POINT('',(0.2,0.,154.));
#778 = LINE('',#779,#780);
#779 = CARTESIAN_POINT('',(0.2,0.,198.));
#780 = VECTOR('',#781,1.);
#781 = DIRECTION('',(0.,0.,-1.));
#782 = ORIENTED_EDGE('',*,*,#783,.T.);
#783 = EDGE_CURVE('',#776,#784,#786,.T.);
#784 = VERTEX_POINT('',#785);
#785 = CARTESIAN_POINT('',(139.,0.,154.));
#786 = LINE('',#787,#788);
#787 = CARTESIAN_POINT('',(0.2,0.,154.));
#788 = VECTOR('',#789,1.);
#789 = DIRECTION('',(1.,0.,0.));
#790 = ORIENTED_EDGE('',*,*,#791,.F.);
#791 = EDGE_CURVE('',#792,#784,#794,.T.);
#792 = VERTEX_POINT('',#793);
#793 = CARTESIAN_POINT('',(139.,0.,196.));
#794 = LINE('',#795,#796);
#795 = CARTESIAN_POINT('',(139.,0.,198.));
#796 = VECTOR('',#797,1.);
#797 = DIRECTION('',(0.,0.,-1.));
#798 = ORIENTED_EDGE('',*,*,#799,.T.);
#799 = EDGE_CURVE('',#792,#800,#802,.T.);
#800 = VERTEX_POINT('',#801);
#801 = CARTESIAN_POINT('',(180.,0.,196.));
#802 = LINE('',#803,#804);
#803 = CARTESIAN_POINT('',(-180.,0.,196.));
#804 = VECTOR('',#805,1.);
#805 = DIRECTION('',(1.,0.,0.));
#806 = ORIENTED_EDGE('',*,*,#807,.T.);
#807 = EDGE_CURVE('',#800,#808,#810,.T.);
#808 = VERTEX_POINT('',#809);
#809 = CARTESIAN_POINT('',(180.,0.,180.));
#810 = LINE('',#811,#812);
#811 = CARTESIAN_POINT('',(180.,0.,196.));
#812 = VECTOR('',#813,1.);
#813 = DIRECTION('',(0.,0.,-1.));
#814 = ORIENTED_EDGE('',*,*,#815,.F.);
#815 = EDGE_CURVE('',#816,#808,#818,.T.);
#816 = VERTEX_POINT('',#817);
#817 = CARTESIAN_POINT('',(140.,0.,180.));
#818 = LINE('',#819,#820);
#819 = CARTESIAN_POINT('',(140.,0.,180.));
#820 = VECTOR('',#821,1.);
#821 = DIRECTION('',(1.,0.,0.));
#822 = ORIENTED_EDGE('',*,*,#823,.T.);
#823 = EDGE_CURVE('',#816,#824,#826,.T.);
#824 = VERTEX_POINT('',#825);
#825 = CARTESIAN_POINT('',(140.,0.,0.));
#826 = LINE('',#827,#828);
#827 = CARTESIAN_POINT('',(140.,0.,184.));
#828 = VECTOR('',#829,1.);
#829 = DIRECTION('',(0.,0.,-1.));
#830 = ORIENTED_EDGE('',*,*,#831,.F.);
#831 = EDGE_CURVE('',#619,#824,#832,.T.);
#832 = LINE('',#833,#834);
#833 = CARTESIAN_POINT('',(-180.,0.,0.));
#834 = VECTOR('',#835,1.);
#835 = DIRECTION('',(1.,0.,0.));
#836 = ORIENTED_EDGE('',*,*,#618,.F.);
#837 = ORIENTED_EDGE('',*,*,#838,.T.);
#838 = EDGE_CURVE('',#610,#728,#839,.T.);
#839 = LINE('',#840,#841);
#840 = CARTESIAN_POINT('',(-140.,0.,180.));
#841 = VECTOR('',#842,1.);
#842 = DIRECTION('',(-1.,0.,0.));
#843 = PLANE('',#844);
#844 = AXIS2_PLACEMENT_3D('',#845,#846,#847);
#845 = CARTESIAN_POINT('',(-180.,0.,196.));
#846 = DIRECTION('',(-0.,1.,0.));
#847 = DIRECTION('',(0.,0.,-1.));
#848 = ADVANCED_FACE('',(#849),#992,.T.);
#849 = FACE_BOUND('',#850,.T.);
#850 = EDGE_LOOP('',(#851,#861,#869,#878,#886,#895,#903,#910,#911,#917,
    #918,#926,#935,#943,#952,#960,#969,#977,#986));
#851 = ORIENTED_EDGE('',*,*,#852,.F.);
#852 = EDGE_CURVE('',#853,#855,#857,.T.);
#853 = VERTEX_POINT('',#854);
#854 = CARTESIAN_POINT('',(140.,16.4,166.));
#855 = VERTEX_POINT('',#856);
#856 = CARTESIAN_POINT('',(140.,16.4,155.7));
#857 = LINE('',#858,#859);
#858 = CARTESIAN_POINT('',(140.,16.4,107.6));
#859 = VECTOR('',#860,1.);
#860 = DIRECTION('',(0.,0.,-1.));
#861 = ORIENTED_EDGE('',*,*,#862,.T.);
#862 = EDGE_CURVE('',#853,#863,#865,.T.);
#863 = VERTEX_POINT('',#864);
#864 = CARTESIAN_POINT('',(140.,11.,166.));
#865 = LINE('',#866,#867);
#866 = CARTESIAN_POINT('',(140.,26.,166.));
#867 = VECTOR('',#868,1.);
#868 = DIRECTION('',(0.,-1.,0.));
#869 = ORIENTED_EDGE('',*,*,#870,.T.);
#870 = EDGE_CURVE('',#863,#871,#873,.T.);
#871 = VERTEX_POINT('',#872);
#872 = CARTESIAN_POINT('',(140.,10.,165.82842712474));
#873 = CIRCLE('',#874,3.);
#874 = AXIS2_PLACEMENT_3D('',#875,#876,#877);
#875 = CARTESIAN_POINT('',(140.,11.,163.));
#876 = DIRECTION('',(1.,0.,0.));
#877 = DIRECTION('',(0.,-0.707106781187,0.707106781187));
#878 = ORIENTED_EDGE('',*,*,#879,.T.);
#879 = EDGE_CURVE('',#871,#880,#882,.T.);
#880 = VERTEX_POINT('',#881);
#881 = CARTESIAN_POINT('',(140.,10.,180.));
#882 = LINE('',#883,#884);
#883 = CARTESIAN_POINT('',(140.,10.,-65.));
#884 = VECTOR('',#885,1.);
#885 = DIRECTION('',(0.,0.,1.));
#886 = ORIENTED_EDGE('',*,*,#887,.T.);
#887 = EDGE_CURVE('',#880,#888,#890,.T.);
#888 = VERTEX_POINT('',#889);
#889 = CARTESIAN_POINT('',(140.,6.,184.));
#890 = CIRCLE('',#891,4.);
#891 = AXIS2_PLACEMENT_3D('',#892,#893,#894);
#892 = CARTESIAN_POINT('',(140.,6.,180.));
#893 = DIRECTION('',(1.,0.,-0.));
#894 = DIRECTION('',(0.,0.707106781187,0.707106781187));
#895 = ORIENTED_EDGE('',*,*,#896,.T.);
#896 = EDGE_CURVE('',#888,#897,#899,.T.);
#897 = VERTEX_POINT('',#898);
#898 = CARTESIAN_POINT('',(140.,4.,184.));
#899 = LINE('',#900,#901);
#900 = CARTESIAN_POINT('',(140.,10.,184.));
#901 = VECTOR('',#902,1.);
#902 = DIRECTION('',(0.,-1.,0.));
#903 = ORIENTED_EDGE('',*,*,#904,.T.);
#904 = EDGE_CURVE('',#897,#816,#905,.T.);
#905 = CIRCLE('',#906,4.);
#906 = AXIS2_PLACEMENT_3D('',#907,#908,#909);
#907 = CARTESIAN_POINT('',(140.,4.,180.));
#908 = DIRECTION('',(1.,0.,0.));
#909 = DIRECTION('',(0.,-0.707106781187,0.707106781187));
#910 = ORIENTED_EDGE('',*,*,#823,.T.);
#911 = ORIENTED_EDGE('',*,*,#912,.T.);
#912 = EDGE_CURVE('',#824,#526,#913,.T.);
#913 = LINE('',#914,#915);
#914 = CARTESIAN_POINT('',(140.,2.5,0.));
#915 = VECTOR('',#916,1.);
#916 = DIRECTION('',(0.,1.,0.));
#917 = ORIENTED_EDGE('',*,*,#533,.T.);
#918 = ORIENTED_EDGE('',*,*,#919,.T.);
#919 = EDGE_CURVE('',#534,#920,#922,.T.);
#920 = VERTEX_POINT('',#921);
#921 = CARTESIAN_POINT('',(140.,38.,38.));
#922 = LINE('',#923,#924);
#923 = CARTESIAN_POINT('',(140.,38.,-1.));
#924 = VECTOR('',#925,1.);
#925 = DIRECTION('',(0.,0.,1.));
#926 = ORIENTED_EDGE('',*,*,#927,.T.);
#927 = EDGE_CURVE('',#920,#928,#930,.T.);
#928 = VERTEX_POINT('',#929);
#929 = CARTESIAN_POINT('',(140.,34.,42.));
#930 = CIRCLE('',#931,4.);
#931 = AXIS2_PLACEMENT_3D('',#932,#933,#934);
#932 = CARTESIAN_POINT('',(140.,34.,38.));
#933 = DIRECTION('',(1.,0.,-0.));
#934 = DIRECTION('',(0.,0.707106781187,0.707106781187));
#935 = ORIENTED_EDGE('',*,*,#936,.T.);
#936 = EDGE_CURVE('',#928,#937,#939,.T.);
#937 = VERTEX_POINT('',#938);
#938 = CARTESIAN_POINT('',(140.,12.,42.));
#939 = LINE('',#940,#941);
#940 = CARTESIAN_POINT('',(140.,38.,42.));
#941 = VECTOR('',#942,1.);
#942 = DIRECTION('',(0.,-1.,0.));
#943 = ORIENTED_EDGE('',*,*,#944,.T.);
#944 = EDGE_CURVE('',#937,#945,#947,.T.);
#945 = VERTEX_POINT('',#946);
#946 = CARTESIAN_POINT('',(140.,10.,41.464101615138));
#947 = CIRCLE('',#948,4.);
#948 = AXIS2_PLACEMENT_3D('',#949,#950,#951);
#949 = CARTESIAN_POINT('',(140.,12.,38.));
#950 = DIRECTION('',(1.,0.,0.));
#951 = DIRECTION('',(0.,-0.707106781187,0.707106781187));
#952 = ORIENTED_EDGE('',*,*,#953,.T.);
#953 = EDGE_CURVE('',#945,#954,#956,.T.);
#954 = VERTEX_POINT('',#955);
#955 = CARTESIAN_POINT('',(140.,10.,154.17157287525));
#956 = LINE('',#957,#958);
#957 = CARTESIAN_POINT('',(140.,10.,-65.));
#958 = VECTOR('',#959,1.);
#959 = DIRECTION('',(0.,0.,1.));
#960 = ORIENTED_EDGE('',*,*,#961,.T.);
#961 = EDGE_CURVE('',#954,#962,#964,.T.);
#962 = VERTEX_POINT('',#963);
#963 = CARTESIAN_POINT('',(140.,11.,154.));
#964 = CIRCLE('',#965,3.);
#965 = AXIS2_PLACEMENT_3D('',#966,#967,#968);
#966 = CARTESIAN_POINT('',(140.,11.,157.));
#967 = DIRECTION('',(1.,0.,0.));
#968 = DIRECTION('',(0.,-0.707106781187,-0.707106781187));
#969 = ORIENTED_EDGE('',*,*,#970,.T.);
#970 = EDGE_CURVE('',#962,#971,#973,.T.);
#971 = VERTEX_POINT('',#972);
#972 = CARTESIAN_POINT('',(140.,23.,154.));
#973 = LINE('',#974,#975);
#974 = CARTESIAN_POINT('',(140.,8.,154.));
#975 = VECTOR('',#976,1.);
#976 = DIRECTION('',(0.,1.,0.));
#977 = ORIENTED_EDGE('',*,*,#978,.T.);
#978 = EDGE_CURVE('',#971,#979,#981,.T.);
#979 = VERTEX_POINT('',#980);
#980 = CARTESIAN_POINT('',(140.,25.703701166919,155.7));
#981 = CIRCLE('',#982,3.);
#982 = AXIS2_PLACEMENT_3D('',#983,#984,#985);
#983 = CARTESIAN_POINT('',(140.,23.,157.));
#984 = DIRECTION('',(1.,-0.,0.));
#985 = DIRECTION('',(0.,0.707106781187,-0.707106781187));
#986 = ORIENTED_EDGE('',*,*,#987,.F.);
#987 = EDGE_CURVE('',#855,#979,#988,.T.);
#988 = LINE('',#989,#990);
#989 = CARTESIAN_POINT('',(140.,12.65,155.7));
#990 = VECTOR('',#991,1.);
#991 = DIRECTION('',(0.,1.,0.));
#992 = PLANE('',#993);
#993 = AXIS2_PLACEMENT_3D('',#994,#995,#996);
#994 = CARTESIAN_POINT('',(140.,5.,59.5));
#995 = DIRECTION('',(1.,0.,0.));
#996 = DIRECTION('',(0.,0.,-1.));
#997 = ADVANCED_FACE('',(#998),#1023,.T.);
#998 = FACE_BOUND('',#999,.F.);
#999 = EDGE_LOOP('',(#1000,#1008,#1016,#1022));
#1000 = ORIENTED_EDGE('',*,*,#1001,.F.);
#1001 = EDGE_CURVE('',#1002,#853,#1004,.T.);
#1002 = VERTEX_POINT('',#1003);
#1003 = CARTESIAN_POINT('',(142.7,13.7,166.));
#1004 = LINE('',#1005,#1006);
#1005 = CARTESIAN_POINT('',(132.35,24.05,166.));
#1006 = VECTOR('',#1007,1.);
#1007 = DIRECTION('',(-0.707106781187,0.707106781187,0.));
#1008 = ORIENTED_EDGE('',*,*,#1009,.F.);
#1009 = EDGE_CURVE('',#1010,#1002,#1012,.T.);
#1010 = VERTEX_POINT('',#1011);
#1011 = CARTESIAN_POINT('',(142.7,13.7,155.7));
#1012 = LINE('',#1013,#1014);
#1013 = CARTESIAN_POINT('',(142.7,13.7,155.7));
#1014 = VECTOR('',#1015,1.);
#1015 = DIRECTION('',(0.,0.,1.));
#1016 = ORIENTED_EDGE('',*,*,#1017,.F.);
#1017 = EDGE_CURVE('',#855,#1010,#1018,.T.);
#1018 = LINE('',#1019,#1020);
#1019 = CARTESIAN_POINT('',(129.5,26.9,155.7));
#1020 = VECTOR('',#1021,1.);
#1021 = DIRECTION('',(0.707106781187,-0.707106781187,0.));
#1022 = ORIENTED_EDGE('',*,*,#852,.F.);
#1023 = PLANE('',#1024);
#1024 = AXIS2_PLACEMENT_3D('',#1025,#1026,#1027);
#1025 = CARTESIAN_POINT('',(129.5,26.9,155.7));
#1026 = DIRECTION('',(-0.707106781187,-0.707106781187,0.));
#1027 = DIRECTION('',(0.707106781187,-0.707106781187,0.));
#1028 = ADVANCED_FACE('',(#1029),#1071,.F.);
#1029 = FACE_BOUND('',#1030,.F.);
#1030 = EDGE_LOOP('',(#1031,#1041,#1049,#1055,#1056,#1057,#1065));
#1031 = ORIENTED_EDGE('',*,*,#1032,.F.);
#1032 = EDGE_CURVE('',#1033,#1035,#1037,.T.);
#1033 = VERTEX_POINT('',#1034);
#1034 = CARTESIAN_POINT('',(148.,26.,155.7));
#1035 = VERTEX_POINT('',#1036);
#1036 = CARTESIAN_POINT('',(152.3,26.,155.7));
#1037 = LINE('',#1038,#1039);
#1038 = CARTESIAN_POINT('',(144.45,26.,155.7));
#1039 = VECTOR('',#1040,1.);
#1040 = DIRECTION('',(1.,0.,0.));
#1041 = ORIENTED_EDGE('',*,*,#1042,.F.);
#1042 = EDGE_CURVE('',#1043,#1033,#1045,.T.);
#1043 = VERTEX_POINT('',#1044);
#1044 = CARTESIAN_POINT('',(148.,25.703701166919,155.7));
#1045 = LINE('',#1046,#1047);
#1046 = CARTESIAN_POINT('',(148.,18.65,155.7));
#1047 = VECTOR('',#1048,1.);
#1048 = DIRECTION('',(0.,1.,0.));
#1049 = ORIENTED_EDGE('',*,*,#1050,.F.);
#1050 = EDGE_CURVE('',#979,#1043,#1051,.T.);
#1051 = LINE('',#1052,#1053);
#1052 = CARTESIAN_POINT('',(140.,25.703701166919,155.7));
#1053 = VECTOR('',#1054,1.);
#1054 = DIRECTION('',(1.,0.,0.));
#1055 = ORIENTED_EDGE('',*,*,#987,.F.);
#1056 = ORIENTED_EDGE('',*,*,#1017,.T.);
#1057 = ORIENTED_EDGE('',*,*,#1058,.T.);
#1058 = EDGE_CURVE('',#1010,#1059,#1061,.T.);
#1059 = VERTEX_POINT('',#1060);
#1060 = CARTESIAN_POINT('',(152.3,13.7,155.7));
#1061 = LINE('',#1062,#1063);
#1062 = CARTESIAN_POINT('',(142.7,13.7,155.7));
#1063 = VECTOR('',#1064,1.);
#1064 = DIRECTION('',(1.,0.,0.));
#1065 = ORIENTED_EDGE('',*,*,#1066,.T.);
#1066 = EDGE_CURVE('',#1059,#1035,#1067,.T.);
#1067 = LINE('',#1068,#1069);
#1068 = CARTESIAN_POINT('',(152.3,13.7,155.7));
#1069 = VECTOR('',#1070,1.);
#1070 = DIRECTION('',(0.,1.,0.));
#1071 = PLANE('',#1072);
#1072 = AXIS2_PLACEMENT_3D('',#1073,#1074,#1075);
#1073 = CARTESIAN_POINT('',(140.9,20.3,155.7));
#1074 = DIRECTION('',(0.,0.,1.));
#1075 = DIRECTION('',(1.,0.,0.));
#1076 = ADVANCED_FACE('',(#1077),#1096,.F.);
#1077 = FACE_BOUND('',#1078,.F.);
#1078 = EDGE_LOOP('',(#1079,#1080,#1089,#1095));
#1079 = ORIENTED_EDGE('',*,*,#1050,.T.);
#1080 = ORIENTED_EDGE('',*,*,#1081,.F.);
#1081 = EDGE_CURVE('',#1082,#1043,#1084,.T.);
#1082 = VERTEX_POINT('',#1083);
#1083 = CARTESIAN_POINT('',(148.,23.,154.));
#1084 = CIRCLE('',#1085,3.);
#1085 = AXIS2_PLACEMENT_3D('',#1086,#1087,#1088);
#1086 = CARTESIAN_POINT('',(148.,23.,157.));
#1087 = DIRECTION('',(1.,-0.,0.));
#1088 = DIRECTION('',(0.,0.707106781187,-0.707106781187));
#1089 = ORIENTED_EDGE('',*,*,#1090,.T.);
#1090 = EDGE_CURVE('',#1082,#971,#1091,.T.);
#1091 = LINE('',#1092,#1093);
#1092 = CARTESIAN_POINT('',(140.,23.,154.));
#1093 = VECTOR('',#1094,1.);
#1094 = DIRECTION('',(-1.,0.,0.));
#1095 = ORIENTED_EDGE('',*,*,#978,.T.);
#1096 = CYLINDRICAL_SURFACE('',#1097,3.);
#1097 = AXIS2_PLACEMENT_3D('',#1098,#1099,#1100);
#1098 = CARTESIAN_POINT('',(140.,23.,157.));
#1099 = DIRECTION('',(1.,0.,0.));
#1100 = DIRECTION('',(0.,0.707106781187,-0.707106781187));
#1101 = ADVANCED_FACE('',(#1102),#1120,.F.);
#1102 = FACE_BOUND('',#1103,.F.);
#1103 = EDGE_LOOP('',(#1104,#1112,#1118,#1119));
#1104 = ORIENTED_EDGE('',*,*,#1105,.F.);
#1105 = EDGE_CURVE('',#1106,#1082,#1108,.T.);
#1106 = VERTEX_POINT('',#1107);
#1107 = CARTESIAN_POINT('',(148.,11.,154.));
#1108 = LINE('',#1109,#1110);
#1109 = CARTESIAN_POINT('',(148.,12.5,154.));
#1110 = VECTOR('',#1111,1.);
#1111 = DIRECTION('',(0.,1.,0.));
#1112 = ORIENTED_EDGE('',*,*,#1113,.F.);
#1113 = EDGE_CURVE('',#962,#1106,#1114,.T.);
#1114 = LINE('',#1115,#1116);
#1115 = CARTESIAN_POINT('',(140.,11.,154.));
#1116 = VECTOR('',#1117,1.);
#1117 = DIRECTION('',(1.,0.,0.));
#1118 = ORIENTED_EDGE('',*,*,#970,.T.);
#1119 = ORIENTED_EDGE('',*,*,#1090,.F.);
#1120 = PLANE('',#1121);
#1121 = AXIS2_PLACEMENT_3D('',#1122,#1123,#1124);
#1122 = CARTESIAN_POINT('',(140.,8.,154.));
#1123 = DIRECTION('',(0.,0.,-1.));
#1124 = DIRECTION('',(0.,1.,0.));
#1125 = ADVANCED_FACE('',(#1126),#1145,.F.);
#1126 = FACE_BOUND('',#1127,.F.);
#1127 = EDGE_LOOP('',(#1128,#1137,#1143,#1144));
#1128 = ORIENTED_EDGE('',*,*,#1129,.F.);
#1129 = EDGE_CURVE('',#1130,#1106,#1132,.T.);
#1130 = VERTEX_POINT('',#1131);
#1131 = CARTESIAN_POINT('',(148.,10.,154.17157287525));
#1132 = CIRCLE('',#1133,3.);
#1133 = AXIS2_PLACEMENT_3D('',#1134,#1135,#1136);
#1134 = CARTESIAN_POINT('',(148.,11.,157.));
#1135 = DIRECTION('',(1.,0.,0.));
#1136 = DIRECTION('',(0.,-0.707106781187,-0.707106781187));
#1137 = ORIENTED_EDGE('',*,*,#1138,.F.);
#1138 = EDGE_CURVE('',#954,#1130,#1139,.T.);
#1139 = LINE('',#1140,#1141);
#1140 = CARTESIAN_POINT('',(140.,10.,154.17157287525));
#1141 = VECTOR('',#1142,1.);
#1142 = DIRECTION('',(1.,0.,0.));
#1143 = ORIENTED_EDGE('',*,*,#961,.T.);
#1144 = ORIENTED_EDGE('',*,*,#1113,.T.);
#1145 = CYLINDRICAL_SURFACE('',#1146,3.);
#1146 = AXIS2_PLACEMENT_3D('',#1147,#1148,#1149);
#1147 = CARTESIAN_POINT('',(140.,11.,157.));
#1148 = DIRECTION('',(1.,0.,0.));
#1149 = DIRECTION('',(0.,-0.707106781187,-0.707106781187));
#1150 = ADVANCED_FACE('',(#1151),#1169,.F.);
#1151 = FACE_BOUND('',#1152,.F.);
#1152 = EDGE_LOOP('',(#1153,#1154,#1162,#1168));
#1153 = ORIENTED_EDGE('',*,*,#1138,.T.);
#1154 = ORIENTED_EDGE('',*,*,#1155,.T.);
#1155 = EDGE_CURVE('',#1130,#1156,#1158,.T.);
#1156 = VERTEX_POINT('',#1157);
#1157 = CARTESIAN_POINT('',(148.,10.,41.464101615138));
#1158 = LINE('',#1159,#1160);
#1159 = CARTESIAN_POINT('',(148.,10.,5.5));
#1160 = VECTOR('',#1161,1.);
#1161 = DIRECTION('',(0.,0.,-1.));
#1162 = ORIENTED_EDGE('',*,*,#1163,.T.);
#1163 = EDGE_CURVE('',#1156,#945,#1164,.T.);
#1164 = LINE('',#1165,#1166);
#1165 = CARTESIAN_POINT('',(140.,10.,41.464101615138));
#1166 = VECTOR('',#1167,1.);
#1167 = DIRECTION('',(-1.,0.,0.));
#1168 = ORIENTED_EDGE('',*,*,#953,.T.);
#1169 = PLANE('',#1170);
#1170 = AXIS2_PLACEMENT_3D('',#1171,#1172,#1173);
#1171 = CARTESIAN_POINT('',(140.,10.,-65.));
#1172 = DIRECTION('',(0.,1.,0.));
#1173 = DIRECTION('',(0.,0.,1.));
#1174 = ADVANCED_FACE('',(#1175),#1194,.F.);
#1175 = FACE_BOUND('',#1176,.F.);
#1176 = EDGE_LOOP('',(#1177,#1186,#1192,#1193));
#1177 = ORIENTED_EDGE('',*,*,#1178,.T.);
#1178 = EDGE_CURVE('',#1156,#1179,#1181,.T.);
#1179 = VERTEX_POINT('',#1180);
#1180 = CARTESIAN_POINT('',(148.,12.,42.));
#1181 = CIRCLE('',#1182,4.);
#1182 = AXIS2_PLACEMENT_3D('',#1183,#1184,#1185);
#1183 = CARTESIAN_POINT('',(148.,12.,38.));
#1184 = DIRECTION('',(-1.,0.,0.));
#1185 = DIRECTION('',(0.,-0.707106781187,0.707106781187));
#1186 = ORIENTED_EDGE('',*,*,#1187,.T.);
#1187 = EDGE_CURVE('',#1179,#937,#1188,.T.);
#1188 = LINE('',#1189,#1190);
#1189 = CARTESIAN_POINT('',(140.,12.,42.));
#1190 = VECTOR('',#1191,1.);
#1191 = DIRECTION('',(-1.,0.,0.));
#1192 = ORIENTED_EDGE('',*,*,#944,.T.);
#1193 = ORIENTED_EDGE('',*,*,#1163,.F.);
#1194 = CYLINDRICAL_SURFACE('',#1195,4.);
#1195 = AXIS2_PLACEMENT_3D('',#1196,#1197,#1198);
#1196 = CARTESIAN_POINT('',(140.,12.,38.));
#1197 = DIRECTION('',(1.,0.,0.));
#1198 = DIRECTION('',(0.,-0.707106781187,0.707106781187));
#1199 = ADVANCED_FACE('',(#1200),#1234,.F.);
#1200 = FACE_BOUND('',#1201,.F.);
#1201 = EDGE_LOOP('',(#1202,#1212,#1218,#1219,#1220,#1228));
#1202 = ORIENTED_EDGE('',*,*,#1203,.T.);
#1203 = EDGE_CURVE('',#1204,#1206,#1208,.T.);
#1204 = VERTEX_POINT('',#1205);
#1205 = CARTESIAN_POINT('',(180.,26.,42.));
#1206 = VERTEX_POINT('',#1207);
#1207 = CARTESIAN_POINT('',(180.,34.,42.));
#1208 = LINE('',#1209,#1210);
#1209 = CARTESIAN_POINT('',(180.,28.75,42.));
#1210 = VECTOR('',#1211,1.);
#1211 = DIRECTION('',(0.,1.,0.));
#1212 = ORIENTED_EDGE('',*,*,#1213,.F.);
#1213 = EDGE_CURVE('',#928,#1206,#1214,.T.);
#1214 = LINE('',#1215,#1216);
#1215 = CARTESIAN_POINT('',(140.,34.,42.));
#1216 = VECTOR('',#1217,1.);
#1217 = DIRECTION('',(1.,0.,0.));
#1218 = ORIENTED_EDGE('',*,*,#936,.T.);
#1219 = ORIENTED_EDGE('',*,*,#1187,.F.);
#1220 = ORIENTED_EDGE('',*,*,#1221,.T.);
#1221 = EDGE_CURVE('',#1179,#1222,#1224,.T.);
#1222 = VERTEX_POINT('',#1223);
#1223 = CARTESIAN_POINT('',(148.,26.,42.));
#1224 = LINE('',#1225,#1226);
#1225 = CARTESIAN_POINT('',(148.,27.5,42.));
#1226 = VECTOR('',#1227,1.);
#1227 = DIRECTION('',(0.,1.,0.));
#1228 = ORIENTED_EDGE('',*,*,#1229,.T.);
#1229 = EDGE_CURVE('',#1222,#1204,#1230,.T.);
#1230 = LINE('',#1231,#1232);
#1231 = CARTESIAN_POINT('',(144.,26.,42.));
#1232 = VECTOR('',#1233,1.);
#1233 = DIRECTION('',(1.,0.,0.));
#1234 = PLANE('',#1235);
#1235 = AXIS2_PLACEMENT_3D('',#1236,#1237,#1238);
#1236 = CARTESIAN_POINT('',(140.,38.,42.));
#1237 = DIRECTION('',(0.,0.,1.));
#1238 = DIRECTION('',(0.,-1.,0.));
#1239 = ADVANCED_FACE('',(#1240),#1266,.F.);
#1240 = FACE_BOUND('',#1241,.F.);
#1241 = EDGE_LOOP('',(#1242,#1250,#1251,#1257,#1258,#1259));
#1242 = ORIENTED_EDGE('',*,*,#1243,.T.);
#1243 = EDGE_CURVE('',#1244,#405,#1246,.T.);
#1244 = VERTEX_POINT('',#1245);
#1245 = CARTESIAN_POINT('',(180.,37.,40.645751311065));
#1246 = LINE('',#1247,#1248);
#1247 = CARTESIAN_POINT('',(140.,37.,40.645751311065));
#1248 = VECTOR('',#1249,1.);
#1249 = DIRECTION('',(-1.,0.,0.));
#1250 = ORIENTED_EDGE('',*,*,#404,.T.);
#1251 = ORIENTED_EDGE('',*,*,#1252,.T.);
#1252 = EDGE_CURVE('',#397,#920,#1253,.T.);
#1253 = LINE('',#1254,#1255);
#1254 = CARTESIAN_POINT('',(140.,38.,38.));
#1255 = VECTOR('',#1256,1.);
#1256 = DIRECTION('',(-1.,0.,0.));
#1257 = ORIENTED_EDGE('',*,*,#927,.T.);
#1258 = ORIENTED_EDGE('',*,*,#1213,.T.);
#1259 = ORIENTED_EDGE('',*,*,#1260,.T.);
#1260 = EDGE_CURVE('',#1206,#1244,#1261,.T.);
#1261 = CIRCLE('',#1262,4.);
#1262 = AXIS2_PLACEMENT_3D('',#1263,#1264,#1265);
#1263 = CARTESIAN_POINT('',(180.,34.,38.));
#1264 = DIRECTION('',(-1.,0.,0.));
#1265 = DIRECTION('',(0.,0.707106781187,0.707106781187));
#1266 = CYLINDRICAL_SURFACE('',#1267,4.);
#1267 = AXIS2_PLACEMENT_3D('',#1268,#1269,#1270);
#1268 = CARTESIAN_POINT('',(140.,34.,38.));
#1269 = DIRECTION('',(1.,0.,0.));
#1270 = DIRECTION('',(0.,0.707106781187,0.707106781187));
#1271 = ADVANCED_FACE('',(#1272),#1278,.F.);
#1272 = FACE_BOUND('',#1273,.F.);
#1273 = EDGE_LOOP('',(#1274,#1275,#1276,#1277));
#1274 = ORIENTED_EDGE('',*,*,#396,.T.);
#1275 = ORIENTED_EDGE('',*,*,#542,.F.);
#1276 = ORIENTED_EDGE('',*,*,#919,.T.);
#1277 = ORIENTED_EDGE('',*,*,#1252,.F.);
#1278 = PLANE('',#1279);
#1279 = AXIS2_PLACEMENT_3D('',#1280,#1281,#1282);
#1280 = CARTESIAN_POINT('',(140.,38.,-1.));
#1281 = DIRECTION('',(0.,1.,0.));
#1282 = DIRECTION('',(0.,0.,1.));
#1283 = ADVANCED_FACE('',(#1284),#1303,.F.);
#1284 = FACE_BOUND('',#1285,.F.);
#1285 = EDGE_LOOP('',(#1286,#1287,#1296,#1302));
#1286 = ORIENTED_EDGE('',*,*,#815,.T.);
#1287 = ORIENTED_EDGE('',*,*,#1288,.F.);
#1288 = EDGE_CURVE('',#1289,#808,#1291,.T.);
#1289 = VERTEX_POINT('',#1290);
#1290 = CARTESIAN_POINT('',(180.,4.,184.));
#1291 = CIRCLE('',#1292,4.);
#1292 = AXIS2_PLACEMENT_3D('',#1293,#1294,#1295);
#1293 = CARTESIAN_POINT('',(180.,4.,180.));
#1294 = DIRECTION('',(1.,0.,0.));
#1295 = DIRECTION('',(0.,-0.707106781187,0.707106781187));
#1296 = ORIENTED_EDGE('',*,*,#1297,.T.);
#1297 = EDGE_CURVE('',#1289,#897,#1298,.T.);
#1298 = LINE('',#1299,#1300);
#1299 = CARTESIAN_POINT('',(140.,4.,184.));
#1300 = VECTOR('',#1301,1.);
#1301 = DIRECTION('',(-1.,0.,0.));
#1302 = ORIENTED_EDGE('',*,*,#904,.T.);
#1303 = CYLINDRICAL_SURFACE('',#1304,4.);
#1304 = AXIS2_PLACEMENT_3D('',#1305,#1306,#1307);
#1305 = CARTESIAN_POINT('',(140.,4.,180.));
#1306 = DIRECTION('',(1.,0.,0.));
#1307 = DIRECTION('',(0.,-0.707106781187,0.707106781187));
#1308 = ADVANCED_FACE('',(#1309),#1327,.F.);
#1309 = FACE_BOUND('',#1310,.F.);
#1310 = EDGE_LOOP('',(#1311,#1319,#1320,#1321));
#1311 = ORIENTED_EDGE('',*,*,#1312,.F.);
#1312 = EDGE_CURVE('',#888,#1313,#1315,.T.);
#1313 = VERTEX_POINT('',#1314);
#1314 = CARTESIAN_POINT('',(180.,6.,184.));
#1315 = LINE('',#1316,#1317);
#1316 = CARTESIAN_POINT('',(140.,6.,184.));
#1317 = VECTOR('',#1318,1.);
#1318 = DIRECTION('',(1.,0.,0.));
#1319 = ORIENTED_EDGE('',*,*,#896,.T.);
#1320 = ORIENTED_EDGE('',*,*,#1297,.F.);
#1321 = ORIENTED_EDGE('',*,*,#1322,.F.);
#1322 = EDGE_CURVE('',#1313,#1289,#1323,.T.);
#1323 = LINE('',#1324,#1325);
#1324 = CARTESIAN_POINT('',(180.,15.671269953755,184.));
#1325 = VECTOR('',#1326,1.);
#1326 = DIRECTION('',(0.,-1.,0.));
#1327 = PLANE('',#1328);
#1328 = AXIS2_PLACEMENT_3D('',#1329,#1330,#1331);
#1329 = CARTESIAN_POINT('',(140.,10.,184.));
#1330 = DIRECTION('',(0.,0.,1.));
#1331 = DIRECTION('',(0.,-1.,0.));
#1332 = ADVANCED_FACE('',(#1333),#1352,.F.);
#1333 = FACE_BOUND('',#1334,.F.);
#1334 = EDGE_LOOP('',(#1335,#1336,#1345,#1351));
#1335 = ORIENTED_EDGE('',*,*,#1312,.T.);
#1336 = ORIENTED_EDGE('',*,*,#1337,.F.);
#1337 = EDGE_CURVE('',#1338,#1313,#1340,.T.);
#1338 = VERTEX_POINT('',#1339);
#1339 = CARTESIAN_POINT('',(180.,10.,180.));
#1340 = CIRCLE('',#1341,4.);
#1341 = AXIS2_PLACEMENT_3D('',#1342,#1343,#1344);
#1342 = CARTESIAN_POINT('',(180.,6.,180.));
#1343 = DIRECTION('',(1.,0.,0.));
#1344 = DIRECTION('',(-0.,0.707106781187,0.707106781187));
#1345 = ORIENTED_EDGE('',*,*,#1346,.T.);
#1346 = EDGE_CURVE('',#1338,#880,#1347,.T.);
#1347 = LINE('',#1348,#1349);
#1348 = CARTESIAN_POINT('',(140.,10.,180.));
#1349 = VECTOR('',#1350,1.);
#1350 = DIRECTION('',(-1.,0.,0.));
#1351 = ORIENTED_EDGE('',*,*,#887,.T.);
#1352 = CYLINDRICAL_SURFACE('',#1353,4.);
#1353 = AXIS2_PLACEMENT_3D('',#1354,#1355,#1356);
#1354 = CARTESIAN_POINT('',(140.,6.,180.));
#1355 = DIRECTION('',(1.,0.,0.));
#1356 = DIRECTION('',(0.,0.707106781187,0.707106781187));
#1357 = ADVANCED_FACE('',(#1358,#1376),#1411,.F.);
#1358 = FACE_BOUND('',#1359,.F.);
#1359 = EDGE_LOOP('',(#1360,#1368,#1374,#1375));
#1360 = ORIENTED_EDGE('',*,*,#1361,.F.);
#1361 = EDGE_CURVE('',#1362,#1338,#1364,.T.);
#1362 = VERTEX_POINT('',#1363);
#1363 = CARTESIAN_POINT('',(180.,10.,165.82842712474));
#1364 = LINE('',#1365,#1366);
#1365 = CARTESIAN_POINT('',(180.,10.,23.418412240726));
#1366 = VECTOR('',#1367,1.);
#1367 = DIRECTION('',(0.,0.,1.));
#1368 = ORIENTED_EDGE('',*,*,#1369,.T.);
#1369 = EDGE_CURVE('',#1362,#871,#1370,.T.);
#1370 = LINE('',#1371,#1372);
#1371 = CARTESIAN_POINT('',(140.,10.,165.82842712474));
#1372 = VECTOR('',#1373,1.);
#1373 = DIRECTION('',(-1.,0.,0.));
#1374 = ORIENTED_EDGE('',*,*,#879,.T.);
#1375 = ORIENTED_EDGE('',*,*,#1346,.F.);
#1376 = FACE_BOUND('',#1377,.F.);
#1377 = EDGE_LOOP('',(#1378,#1388,#1397,#1405));
#1378 = ORIENTED_EDGE('',*,*,#1379,.T.);
#1379 = EDGE_CURVE('',#1380,#1382,#1384,.T.);
#1380 = VERTEX_POINT('',#1381);
#1381 = CARTESIAN_POINT('',(157.65025253169,10.,173.4));
#1382 = VERTEX_POINT('',#1383);
#1383 = CARTESIAN_POINT('',(159.52512626584,10.,171.52512626584));
#1384 = LINE('',#1385,#1386);
#1385 = CARTESIAN_POINT('',(212.83768939877,10.,118.21256313292));
#1386 = VECTOR('',#1387,1.);
#1387 = DIRECTION('',(0.707106781187,0.,-0.707106781187));
#1388 = ORIENTED_EDGE('',*,*,#1389,.T.);
#1389 = EDGE_CURVE('',#1382,#1390,#1392,.T.);
#1390 = VERTEX_POINT('',#1391);
#1391 = CARTESIAN_POINT('',(159.52512626584,10.,176.47487373415));
#1392 = CIRCLE('',#1393,3.5);
#1393 = AXIS2_PLACEMENT_3D('',#1394,#1395,#1396);
#1394 = CARTESIAN_POINT('',(162.,10.,174.));
#1395 = DIRECTION('',(0.,-1.,0.));
#1396 = DIRECTION('',(1.,0.,0.));
#1397 = ORIENTED_EDGE('',*,*,#1398,.T.);
#1398 = EDGE_CURVE('',#1390,#1399,#1401,.T.);
#1399 = VERTEX_POINT('',#1400);
#1400 = CARTESIAN_POINT('',(157.65025253169,10.,174.6));
#1401 = LINE('',#1402,#1403);
#1402 = CARTESIAN_POINT('',(94.275126265847,10.,111.22487373415));
#1403 = VECTOR('',#1404,1.);
#1404 = DIRECTION('',(-0.707106781187,0.,-0.707106781187));
#1405 = ORIENTED_EDGE('',*,*,#1406,.T.);
#1406 = EDGE_CURVE('',#1399,#1380,#1407,.T.);
#1407 = LINE('',#1408,#1409);
#1408 = CARTESIAN_POINT('',(157.65025253169,10.,54.8));
#1409 = VECTOR('',#1410,1.);
#1410 = DIRECTION('',(0.,0.,-1.));
#1411 = PLANE('',#1412);
#1412 = AXIS2_PLACEMENT_3D('',#1413,#1414,#1415);
#1413 = CARTESIAN_POINT('',(140.,10.,-65.));
#1414 = DIRECTION('',(0.,1.,0.));
#1415 = DIRECTION('',(0.,0.,1.));
#1416 = ADVANCED_FACE('',(#1417),#1436,.F.);
#1417 = FACE_BOUND('',#1418,.F.);
#1418 = EDGE_LOOP('',(#1419,#1420,#1429,#1435));
#1419 = ORIENTED_EDGE('',*,*,#1369,.F.);
#1420 = ORIENTED_EDGE('',*,*,#1421,.F.);
#1421 = EDGE_CURVE('',#1422,#1362,#1424,.T.);
#1422 = VERTEX_POINT('',#1423);
#1423 = CARTESIAN_POINT('',(180.,11.,166.));
#1424 = CIRCLE('',#1425,3.);
#1425 = AXIS2_PLACEMENT_3D('',#1426,#1427,#1428);
#1426 = CARTESIAN_POINT('',(180.,11.,163.));
#1427 = DIRECTION('',(1.,0.,0.));
#1428 = DIRECTION('',(0.,-0.707106781187,0.707106781187));
#1429 = ORIENTED_EDGE('',*,*,#1430,.T.);
#1430 = EDGE_CURVE('',#1422,#863,#1431,.T.);
#1431 = LINE('',#1432,#1433);
#1432 = CARTESIAN_POINT('',(140.,11.,166.));
#1433 = VECTOR('',#1434,1.);
#1434 = DIRECTION('',(-1.,0.,0.));
#1435 = ORIENTED_EDGE('',*,*,#870,.T.);
#1436 = CYLINDRICAL_SURFACE('',#1437,3.);
#1437 = AXIS2_PLACEMENT_3D('',#1438,#1439,#1440);
#1438 = CARTESIAN_POINT('',(140.,11.,163.));
#1439 = DIRECTION('',(1.,0.,0.));
#1440 = DIRECTION('',(0.,-0.707106781187,0.707106781187));
#1441 = ADVANCED_FACE('',(#1442),#1509,.F.);
#1442 = FACE_BOUND('',#1443,.F.);
#1443 = EDGE_LOOP('',(#1444,#1454,#1462,#1470,#1478,#1486,#1494,#1500,
    #1501,#1502,#1503));
#1444 = ORIENTED_EDGE('',*,*,#1445,.F.);
#1445 = EDGE_CURVE('',#1446,#1448,#1450,.T.);
#1446 = VERTEX_POINT('',#1447);
#1447 = CARTESIAN_POINT('',(177.3,23.,166.));
#1448 = VERTEX_POINT('',#1449);
#1449 = CARTESIAN_POINT('',(180.,23.,166.));
#1450 = LINE('',#1451,#1452);
#1451 = CARTESIAN_POINT('',(140.,23.,166.));
#1452 = VECTOR('',#1453,1.);
#1453 = DIRECTION('',(1.,0.,0.));
#1454 = ORIENTED_EDGE('',*,*,#1455,.T.);
#1455 = EDGE_CURVE('',#1446,#1456,#1458,.T.);
#1456 = VERTEX_POINT('',#1457);
#1457 = CARTESIAN_POINT('',(177.3,13.7,166.));
#1458 = LINE('',#1459,#1460);
#1459 = CARTESIAN_POINT('',(177.3,19.85,166.));
#1460 = VECTOR('',#1461,1.);
#1461 = DIRECTION('',(0.,-1.,0.));
#1462 = ORIENTED_EDGE('',*,*,#1463,.T.);
#1463 = EDGE_CURVE('',#1456,#1464,#1466,.T.);
#1464 = VERTEX_POINT('',#1465);
#1465 = CARTESIAN_POINT('',(167.7,13.7,166.));
#1466 = LINE('',#1467,#1468);
#1467 = CARTESIAN_POINT('',(153.85,13.7,166.));
#1468 = VECTOR('',#1469,1.);
#1469 = DIRECTION('',(-1.,0.,0.));
#1470 = ORIENTED_EDGE('',*,*,#1471,.T.);
#1471 = EDGE_CURVE('',#1464,#1472,#1474,.T.);
#1472 = VERTEX_POINT('',#1473);
#1473 = CARTESIAN_POINT('',(158.4,23.,166.));
#1474 = LINE('',#1475,#1476);
#1475 = CARTESIAN_POINT('',(151.1,30.3,166.));
#1476 = VECTOR('',#1477,1.);
#1477 = DIRECTION('',(-0.707106781187,0.707106781187,0.));
#1478 = ORIENTED_EDGE('',*,*,#1479,.F.);
#1479 = EDGE_CURVE('',#1480,#1472,#1482,.T.);
#1480 = VERTEX_POINT('',#1481);
#1481 = CARTESIAN_POINT('',(152.3,23.,166.));
#1482 = LINE('',#1483,#1484);
#1483 = CARTESIAN_POINT('',(140.,23.,166.));
#1484 = VECTOR('',#1485,1.);
#1485 = DIRECTION('',(1.,0.,0.));
#1486 = ORIENTED_EDGE('',*,*,#1487,.T.);
#1487 = EDGE_CURVE('',#1480,#1488,#1490,.T.);
#1488 = VERTEX_POINT('',#1489);
#1489 = CARTESIAN_POINT('',(152.3,13.7,166.));
#1490 = LINE('',#1491,#1492);
#1491 = CARTESIAN_POINT('',(152.3,19.85,166.));
#1492 = VECTOR('',#1493,1.);
#1493 = DIRECTION('',(0.,-1.,0.));
#1494 = ORIENTED_EDGE('',*,*,#1495,.T.);
#1495 = EDGE_CURVE('',#1488,#1002,#1496,.T.);
#1496 = LINE('',#1497,#1498);
#1497 = CARTESIAN_POINT('',(141.35,13.7,166.));
#1498 = VECTOR('',#1499,1.);
#1499 = DIRECTION('',(-1.,0.,0.));
#1500 = ORIENTED_EDGE('',*,*,#1001,.T.);
#1501 = ORIENTED_EDGE('',*,*,#862,.T.);
#1502 = ORIENTED_EDGE('',*,*,#1430,.F.);
#1503 = ORIENTED_EDGE('',*,*,#1504,.F.);
#1504 = EDGE_CURVE('',#1448,#1422,#1505,.T.);
#1505 = LINE('',#1506,#1507);
#1506 = CARTESIAN_POINT('',(180.,23.671269953755,166.));
#1507 = VECTOR('',#1508,1.);
#1508 = DIRECTION('',(0.,-1.,0.));
#1509 = PLANE('',#1510);
#1510 = AXIS2_PLACEMENT_3D('',#1511,#1512,#1513);
#1511 = CARTESIAN_POINT('',(140.,26.,166.));
#1512 = DIRECTION('',(0.,0.,1.));
#1513 = DIRECTION('',(0.,-1.,0.));
#1514 = ADVANCED_FACE('',(#1515),#1540,.F.);
#1515 = FACE_BOUND('',#1516,.F.);
#1516 = EDGE_LOOP('',(#1517,#1525,#1526,#1534));
#1517 = ORIENTED_EDGE('',*,*,#1518,.T.);
#1518 = EDGE_CURVE('',#1519,#558,#1521,.T.);
#1519 = VERTEX_POINT('',#1520);
#1520 = CARTESIAN_POINT('',(-142.7,13.7,166.));
#1521 = LINE('',#1522,#1523);
#1522 = CARTESIAN_POINT('',(-132.35,24.05,166.));
#1523 = VECTOR('',#1524,1.);
#1524 = DIRECTION('',(0.707106781187,0.707106781187,0.));
#1525 = ORIENTED_EDGE('',*,*,#557,.T.);
#1526 = ORIENTED_EDGE('',*,*,#1527,.T.);
#1527 = EDGE_CURVE('',#560,#1528,#1530,.T.);
#1528 = VERTEX_POINT('',#1529);
#1529 = CARTESIAN_POINT('',(-142.7,13.7,155.7));
#1530 = LINE('',#1531,#1532);
#1531 = CARTESIAN_POINT('',(-129.5,26.9,155.7));
#1532 = VECTOR('',#1533,1.);
#1533 = DIRECTION('',(-0.707106781187,-0.707106781187,0.));
#1534 = ORIENTED_EDGE('',*,*,#1535,.T.);
#1535 = EDGE_CURVE('',#1528,#1519,#1536,.T.);
#1536 = LINE('',#1537,#1538);
#1537 = CARTESIAN_POINT('',(-142.7,13.7,155.7));
#1538 = VECTOR('',#1539,1.);
#1539 = DIRECTION('',(0.,0.,1.));
#1540 = PLANE('',#1541);
#1541 = AXIS2_PLACEMENT_3D('',#1542,#1543,#1544);
#1542 = CARTESIAN_POINT('',(-129.5,26.9,155.7));
#1543 = DIRECTION('',(-0.707106781187,0.707106781187,0.));
#1544 = DIRECTION('',(-0.707106781187,-0.707106781187,0.));
#1545 = ADVANCED_FACE('',(#1546),#1588,.T.);
#1546 = FACE_BOUND('',#1547,.F.);
#1547 = EDGE_LOOP('',(#1548,#1558,#1566,#1572,#1573,#1574,#1582));
#1548 = ORIENTED_EDGE('',*,*,#1549,.T.);
#1549 = EDGE_CURVE('',#1550,#1552,#1554,.T.);
#1550 = VERTEX_POINT('',#1551);
#1551 = CARTESIAN_POINT('',(-148.,26.,155.7));
#1552 = VERTEX_POINT('',#1553);
#1553 = CARTESIAN_POINT('',(-152.3,26.,155.7));
#1554 = LINE('',#1555,#1556);
#1555 = CARTESIAN_POINT('',(-144.45,26.,155.7));
#1556 = VECTOR('',#1557,1.);
#1557 = DIRECTION('',(-1.,0.,0.));
#1558 = ORIENTED_EDGE('',*,*,#1559,.F.);
#1559 = EDGE_CURVE('',#1560,#1552,#1562,.T.);
#1560 = VERTEX_POINT('',#1561);
#1561 = CARTESIAN_POINT('',(-152.3,13.7,155.7));
#1562 = LINE('',#1563,#1564);
#1563 = CARTESIAN_POINT('',(-152.3,13.7,155.7));
#1564 = VECTOR('',#1565,1.);
#1565 = DIRECTION('',(0.,1.,0.));
#1566 = ORIENTED_EDGE('',*,*,#1567,.F.);
#1567 = EDGE_CURVE('',#1528,#1560,#1568,.T.);
#1568 = LINE('',#1569,#1570);
#1569 = CARTESIAN_POINT('',(-142.7,13.7,155.7));
#1570 = VECTOR('',#1571,1.);
#1571 = DIRECTION('',(-1.,0.,0.));
#1572 = ORIENTED_EDGE('',*,*,#1527,.F.);
#1573 = ORIENTED_EDGE('',*,*,#711,.T.);
#1574 = ORIENTED_EDGE('',*,*,#1575,.T.);
#1575 = EDGE_CURVE('',#703,#1576,#1578,.T.);
#1576 = VERTEX_POINT('',#1577);
#1577 = CARTESIAN_POINT('',(-148.,25.703701166919,155.7));
#1578 = LINE('',#1579,#1580);
#1579 = CARTESIAN_POINT('',(-140.,25.703701166919,155.7));
#1580 = VECTOR('',#1581,1.);
#1581 = DIRECTION('',(-1.,0.,0.));
#1582 = ORIENTED_EDGE('',*,*,#1583,.T.);
#1583 = EDGE_CURVE('',#1576,#1550,#1584,.T.);
#1584 = LINE('',#1585,#1586);
#1585 = CARTESIAN_POINT('',(-148.,18.65,155.7));
#1586 = VECTOR('',#1587,1.);
#1587 = DIRECTION('',(0.,1.,0.));
#1588 = PLANE('',#1589);
#1589 = AXIS2_PLACEMENT_3D('',#1590,#1591,#1592);
#1590 = CARTESIAN_POINT('',(-140.9,20.3,155.7));
#1591 = DIRECTION('',(0.,0.,-1.));
#1592 = DIRECTION('',(-1.,0.,0.));
#1593 = ADVANCED_FACE('',(#1594),#1613,.F.);
#1594 = FACE_BOUND('',#1595,.F.);
#1595 = EDGE_LOOP('',(#1596,#1597,#1598,#1606));
#1596 = ORIENTED_EDGE('',*,*,#1575,.F.);
#1597 = ORIENTED_EDGE('',*,*,#702,.F.);
#1598 = ORIENTED_EDGE('',*,*,#1599,.F.);
#1599 = EDGE_CURVE('',#1600,#695,#1602,.T.);
#1600 = VERTEX_POINT('',#1601);
#1601 = CARTESIAN_POINT('',(-148.,23.,154.));
#1602 = LINE('',#1603,#1604);
#1603 = CARTESIAN_POINT('',(-140.,23.,154.));
#1604 = VECTOR('',#1605,1.);
#1605 = DIRECTION('',(1.,0.,0.));
#1606 = ORIENTED_EDGE('',*,*,#1607,.T.);
#1607 = EDGE_CURVE('',#1600,#1576,#1608,.T.);
#1608 = CIRCLE('',#1609,3.);
#1609 = AXIS2_PLACEMENT_3D('',#1610,#1611,#1612);
#1610 = CARTESIAN_POINT('',(-148.,23.,157.));
#1611 = DIRECTION('',(1.,-0.,0.));
#1612 = DIRECTION('',(0.,0.707106781187,-0.707106781187));
#1613 = CYLINDRICAL_SURFACE('',#1614,3.);
#1614 = AXIS2_PLACEMENT_3D('',#1615,#1616,#1617);
#1615 = CARTESIAN_POINT('',(-140.,23.,157.));
#1616 = DIRECTION('',(1.,0.,0.));
#1617 = DIRECTION('',(0.,0.707106781187,-0.707106781187));
#1618 = ADVANCED_FACE('',(#1619),#1637,.T.);
#1619 = FACE_BOUND('',#1620,.F.);
#1620 = EDGE_LOOP('',(#1621,#1629,#1630,#1631));
#1621 = ORIENTED_EDGE('',*,*,#1622,.T.);
#1622 = EDGE_CURVE('',#1623,#1600,#1625,.T.);
#1623 = VERTEX_POINT('',#1624);
#1624 = CARTESIAN_POINT('',(-148.,11.,154.));
#1625 = LINE('',#1626,#1627);
#1626 = CARTESIAN_POINT('',(-148.,12.5,154.));
#1627 = VECTOR('',#1628,1.);
#1628 = DIRECTION('',(0.,1.,0.));
#1629 = ORIENTED_EDGE('',*,*,#1599,.T.);
#1630 = ORIENTED_EDGE('',*,*,#694,.F.);
#1631 = ORIENTED_EDGE('',*,*,#1632,.T.);
#1632 = EDGE_CURVE('',#686,#1623,#1633,.T.);
#1633 = LINE('',#1634,#1635);
#1634 = CARTESIAN_POINT('',(-140.,11.,154.));
#1635 = VECTOR('',#1636,1.);
#1636 = DIRECTION('',(-1.,0.,0.));
#1637 = PLANE('',#1638);
#1638 = AXIS2_PLACEMENT_3D('',#1639,#1640,#1641);
#1639 = CARTESIAN_POINT('',(-140.,8.,154.));
#1640 = DIRECTION('',(0.,0.,1.));
#1641 = DIRECTION('',(0.,1.,0.));
#1642 = ADVANCED_FACE('',(#1643),#1662,.F.);
#1643 = FACE_BOUND('',#1644,.F.);
#1644 = EDGE_LOOP('',(#1645,#1654,#1655,#1656));
#1645 = ORIENTED_EDGE('',*,*,#1646,.T.);
#1646 = EDGE_CURVE('',#1647,#1623,#1649,.T.);
#1647 = VERTEX_POINT('',#1648);
#1648 = CARTESIAN_POINT('',(-148.,10.,154.17157287525));
#1649 = CIRCLE('',#1650,3.);
#1650 = AXIS2_PLACEMENT_3D('',#1651,#1652,#1653);
#1651 = CARTESIAN_POINT('',(-148.,11.,157.));
#1652 = DIRECTION('',(1.,0.,0.));
#1653 = DIRECTION('',(0.,-0.707106781187,-0.707106781187));
#1654 = ORIENTED_EDGE('',*,*,#1632,.F.);
#1655 = ORIENTED_EDGE('',*,*,#685,.F.);
#1656 = ORIENTED_EDGE('',*,*,#1657,.T.);
#1657 = EDGE_CURVE('',#678,#1647,#1658,.T.);
#1658 = LINE('',#1659,#1660);
#1659 = CARTESIAN_POINT('',(-140.,10.,154.17157287525));
#1660 = VECTOR('',#1661,1.);
#1661 = DIRECTION('',(-1.,0.,0.));
#1662 = CYLINDRICAL_SURFACE('',#1663,3.);
#1663 = AXIS2_PLACEMENT_3D('',#1664,#1665,#1666);
#1664 = CARTESIAN_POINT('',(-140.,11.,157.));
#1665 = DIRECTION('',(1.,0.,0.));
#1666 = DIRECTION('',(0.,-0.707106781187,-0.707106781187));
#1667 = ADVANCED_FACE('',(#1668),#1686,.T.);
#1668 = FACE_BOUND('',#1669,.F.);
#1669 = EDGE_LOOP('',(#1670,#1671,#1672,#1680));
#1670 = ORIENTED_EDGE('',*,*,#1657,.F.);
#1671 = ORIENTED_EDGE('',*,*,#677,.F.);
#1672 = ORIENTED_EDGE('',*,*,#1673,.F.);
#1673 = EDGE_CURVE('',#1674,#669,#1676,.T.);
#1674 = VERTEX_POINT('',#1675);
#1675 = CARTESIAN_POINT('',(-148.,10.,41.464101615138));
#1676 = LINE('',#1677,#1678);
#1677 = CARTESIAN_POINT('',(-140.,10.,41.464101615138));
#1678 = VECTOR('',#1679,1.);
#1679 = DIRECTION('',(1.,0.,0.));
#1680 = ORIENTED_EDGE('',*,*,#1681,.F.);
#1681 = EDGE_CURVE('',#1647,#1674,#1682,.T.);
#1682 = LINE('',#1683,#1684);
#1683 = CARTESIAN_POINT('',(-148.,10.,5.5));
#1684 = VECTOR('',#1685,1.);
#1685 = DIRECTION('',(0.,0.,-1.));
#1686 = PLANE('',#1687);
#1687 = AXIS2_PLACEMENT_3D('',#1688,#1689,#1690);
#1688 = CARTESIAN_POINT('',(-140.,10.,-65.));
#1689 = DIRECTION('',(0.,-1.,0.));
#1690 = DIRECTION('',(0.,0.,1.));
#1691 = ADVANCED_FACE('',(#1692),#1711,.F.);
#1692 = FACE_BOUND('',#1693,.F.);
#1693 = EDGE_LOOP('',(#1694,#1703,#1704,#1705));
#1694 = ORIENTED_EDGE('',*,*,#1695,.F.);
#1695 = EDGE_CURVE('',#1674,#1696,#1698,.T.);
#1696 = VERTEX_POINT('',#1697);
#1697 = CARTESIAN_POINT('',(-148.,12.,42.));
#1698 = CIRCLE('',#1699,4.);
#1699 = AXIS2_PLACEMENT_3D('',#1700,#1701,#1702);
#1700 = CARTESIAN_POINT('',(-148.,12.,38.));
#1701 = DIRECTION('',(-1.,0.,0.));
#1702 = DIRECTION('',(-0.,-0.707106781187,0.707106781187));
#1703 = ORIENTED_EDGE('',*,*,#1673,.T.);
#1704 = ORIENTED_EDGE('',*,*,#668,.F.);
#1705 = ORIENTED_EDGE('',*,*,#1706,.F.);
#1706 = EDGE_CURVE('',#1696,#661,#1707,.T.);
#1707 = LINE('',#1708,#1709);
#1708 = CARTESIAN_POINT('',(-140.,12.,42.));
#1709 = VECTOR('',#1710,1.);
#1710 = DIRECTION('',(1.,0.,0.));
#1711 = CYLINDRICAL_SURFACE('',#1712,4.);
#1712 = AXIS2_PLACEMENT_3D('',#1713,#1714,#1715);
#1713 = CARTESIAN_POINT('',(-140.,12.,38.));
#1714 = DIRECTION('',(1.,0.,0.));
#1715 = DIRECTION('',(0.,-0.707106781187,0.707106781187));
#1716 = ADVANCED_FACE('',(#1717),#1751,.T.);
#1717 = FACE_BOUND('',#1718,.F.);
#1718 = EDGE_LOOP('',(#1719,#1729,#1737,#1743,#1744,#1745));
#1719 = ORIENTED_EDGE('',*,*,#1720,.F.);
#1720 = EDGE_CURVE('',#1721,#1723,#1725,.T.);
#1721 = VERTEX_POINT('',#1722);
#1722 = CARTESIAN_POINT('',(-180.,26.,42.));
#1723 = VERTEX_POINT('',#1724);
#1724 = CARTESIAN_POINT('',(-180.,34.,42.));
#1725 = LINE('',#1726,#1727);
#1726 = CARTESIAN_POINT('',(-180.,28.75,42.));
#1727 = VECTOR('',#1728,1.);
#1728 = DIRECTION('',(0.,1.,0.));
#1729 = ORIENTED_EDGE('',*,*,#1730,.F.);
#1730 = EDGE_CURVE('',#1731,#1721,#1733,.T.);
#1731 = VERTEX_POINT('',#1732);
#1732 = CARTESIAN_POINT('',(-148.,26.,42.));
#1733 = LINE('',#1734,#1735);
#1734 = CARTESIAN_POINT('',(-144.,26.,42.));
#1735 = VECTOR('',#1736,1.);
#1736 = DIRECTION('',(-1.,0.,0.));
#1737 = ORIENTED_EDGE('',*,*,#1738,.F.);
#1738 = EDGE_CURVE('',#1696,#1731,#1739,.T.);
#1739 = LINE('',#1740,#1741);
#1740 = CARTESIAN_POINT('',(-148.,27.5,42.));
#1741 = VECTOR('',#1742,1.);
#1742 = DIRECTION('',(0.,1.,0.));
#1743 = ORIENTED_EDGE('',*,*,#1706,.T.);
#1744 = ORIENTED_EDGE('',*,*,#660,.F.);
#1745 = ORIENTED_EDGE('',*,*,#1746,.T.);
#1746 = EDGE_CURVE('',#652,#1723,#1747,.T.);
#1747 = LINE('',#1748,#1749);
#1748 = CARTESIAN_POINT('',(-140.,34.,42.));
#1749 = VECTOR('',#1750,1.);
#1750 = DIRECTION('',(-1.,0.,0.));
#1751 = PLANE('',#1752);
#1752 = AXIS2_PLACEMENT_3D('',#1753,#1754,#1755);
#1753 = CARTESIAN_POINT('',(-140.,38.,42.));
#1754 = DIRECTION('',(0.,0.,-1.));
#1755 = DIRECTION('',(0.,-1.,0.));
#1756 = ADVANCED_FACE('',(#1757),#1793,.F.);
#1757 = FACE_BOUND('',#1758,.F.);
#1758 = EDGE_LOOP('',(#1759,#1769,#1776,#1777,#1778,#1786));
#1759 = ORIENTED_EDGE('',*,*,#1760,.F.);
#1760 = EDGE_CURVE('',#1761,#1763,#1765,.T.);
#1761 = VERTEX_POINT('',#1762);
#1762 = CARTESIAN_POINT('',(-180.,37.,40.645751311065));
#1763 = VERTEX_POINT('',#1764);
#1764 = CARTESIAN_POINT('',(-173.4,37.,40.645751311065));
#1765 = LINE('',#1766,#1767);
#1766 = CARTESIAN_POINT('',(-140.,37.,40.645751311065));
#1767 = VECTOR('',#1768,1.);
#1768 = DIRECTION('',(1.,0.,0.));
#1769 = ORIENTED_EDGE('',*,*,#1770,.F.);
#1770 = EDGE_CURVE('',#1723,#1761,#1771,.T.);
#1771 = CIRCLE('',#1772,4.);
#1772 = AXIS2_PLACEMENT_3D('',#1773,#1774,#1775);
#1773 = CARTESIAN_POINT('',(-180.,34.,38.));
#1774 = DIRECTION('',(-1.,0.,0.));
#1775 = DIRECTION('',(0.,0.707106781187,0.707106781187));
#1776 = ORIENTED_EDGE('',*,*,#1746,.F.);
#1777 = ORIENTED_EDGE('',*,*,#651,.F.);
#1778 = ORIENTED_EDGE('',*,*,#1779,.F.);
#1779 = EDGE_CURVE('',#1780,#644,#1782,.T.);
#1780 = VERTEX_POINT('',#1781);
#1781 = CARTESIAN_POINT('',(-173.4,38.,38.));
#1782 = LINE('',#1783,#1784);
#1783 = CARTESIAN_POINT('',(-140.,38.,38.));
#1784 = VECTOR('',#1785,1.);
#1785 = DIRECTION('',(1.,0.,0.));
#1786 = ORIENTED_EDGE('',*,*,#1787,.F.);
#1787 = EDGE_CURVE('',#1763,#1780,#1788,.T.);
#1788 = CIRCLE('',#1789,4.);
#1789 = AXIS2_PLACEMENT_3D('',#1790,#1791,#1792);
#1790 = CARTESIAN_POINT('',(-173.4,34.,38.));
#1791 = DIRECTION('',(-1.,0.,0.));
#1792 = DIRECTION('',(0.,0.707106781187,0.707106781187));
#1793 = CYLINDRICAL_SURFACE('',#1794,4.);
#1794 = AXIS2_PLACEMENT_3D('',#1795,#1796,#1797);
#1795 = CARTESIAN_POINT('',(-140.,34.,38.));
#1796 = DIRECTION('',(1.,0.,0.));
#1797 = DIRECTION('',(0.,0.707106781187,0.707106781187));
#1798 = ADVANCED_FACE('',(#1799),#1817,.T.);
#1799 = FACE_BOUND('',#1800,.F.);
#1800 = EDGE_LOOP('',(#1801,#1809,#1810,#1811));
#1801 = ORIENTED_EDGE('',*,*,#1802,.F.);
#1802 = EDGE_CURVE('',#1780,#1803,#1805,.T.);
#1803 = VERTEX_POINT('',#1804);
#1804 = CARTESIAN_POINT('',(-173.4,38.,3.));
#1805 = LINE('',#1806,#1807);
#1806 = CARTESIAN_POINT('',(-173.4,38.,37.925));
#1807 = VECTOR('',#1808,1.);
#1808 = DIRECTION('',(0.,0.,-1.));
#1809 = ORIENTED_EDGE('',*,*,#1779,.T.);
#1810 = ORIENTED_EDGE('',*,*,#643,.F.);
#1811 = ORIENTED_EDGE('',*,*,#1812,.T.);
#1812 = EDGE_CURVE('',#635,#1803,#1813,.T.);
#1813 = LINE('',#1814,#1815);
#1814 = CARTESIAN_POINT('',(-140.,38.,3.));
#1815 = VECTOR('',#1816,1.);
#1816 = DIRECTION('',(-1.,0.,0.));
#1817 = PLANE('',#1818);
#1818 = AXIS2_PLACEMENT_3D('',#1819,#1820,#1821);
#1819 = CARTESIAN_POINT('',(-140.,38.,-1.));
#1820 = DIRECTION('',(0.,-1.,0.));
#1821 = DIRECTION('',(0.,0.,1.));
#1822 = ADVANCED_FACE('',(#1823),#1859,.F.);
#1823 = FACE_BOUND('',#1824,.F.);
#1824 = EDGE_LOOP('',(#1825,#1835,#1842,#1843,#1844,#1852));
#1825 = ORIENTED_EDGE('',*,*,#1826,.F.);
#1826 = EDGE_CURVE('',#1827,#1829,#1831,.T.);
#1827 = VERTEX_POINT('',#1828);
#1828 = CARTESIAN_POINT('',(-173.4,37.,0.354248688935));
#1829 = VERTEX_POINT('',#1830);
#1830 = CARTESIAN_POINT('',(-175.,37.,0.354248688935));
#1831 = LINE('',#1832,#1833);
#1832 = CARTESIAN_POINT('',(-140.,37.,0.354248688935));
#1833 = VECTOR('',#1834,1.);
#1834 = DIRECTION('',(-1.,0.,0.));
#1835 = ORIENTED_EDGE('',*,*,#1836,.F.);
#1836 = EDGE_CURVE('',#1803,#1827,#1837,.T.);
#1837 = CIRCLE('',#1838,4.);
#1838 = AXIS2_PLACEMENT_3D('',#1839,#1840,#1841);
#1839 = CARTESIAN_POINT('',(-173.4,34.,3.));
#1840 = DIRECTION('',(-1.,0.,-0.));
#1841 = DIRECTION('',(0.,0.707106781187,-0.707106781187));
#1842 = ORIENTED_EDGE('',*,*,#1812,.F.);
#1843 = ORIENTED_EDGE('',*,*,#634,.F.);
#1844 = ORIENTED_EDGE('',*,*,#1845,.T.);
#1845 = EDGE_CURVE('',#627,#1846,#1848,.T.);
#1846 = VERTEX_POINT('',#1847);
#1847 = CARTESIAN_POINT('',(-175.,36.645751311065,0.));
#1848 = LINE('',#1849,#1850);
#1849 = CARTESIAN_POINT('',(-140.,36.645751311065,0.));
#1850 = VECTOR('',#1851,1.);
#1851 = DIRECTION('',(-1.,0.,0.));
#1852 = ORIENTED_EDGE('',*,*,#1853,.F.);
#1853 = EDGE_CURVE('',#1829,#1846,#1854,.T.);
#1854 = CIRCLE('',#1855,4.);
#1855 = AXIS2_PLACEMENT_3D('',#1856,#1857,#1858);
#1856 = CARTESIAN_POINT('',(-175.,34.,3.));
#1857 = DIRECTION('',(-1.,0.,-0.));
#1858 = DIRECTION('',(0.,0.707106781187,-0.707106781187));
#1859 = CYLINDRICAL_SURFACE('',#1860,4.);
#1860 = AXIS2_PLACEMENT_3D('',#1861,#1862,#1863);
#1861 = CARTESIAN_POINT('',(-140.,34.,3.));
#1862 = DIRECTION('',(1.,0.,0.));
#1863 = DIRECTION('',(0.,0.707106781187,-0.707106781187));
#1864 = ADVANCED_FACE('',(#1865),#1884,.F.);
#1865 = FACE_BOUND('',#1866,.F.);
#1866 = EDGE_LOOP('',(#1867,#1876,#1877,#1878));
#1867 = ORIENTED_EDGE('',*,*,#1868,.T.);
#1868 = EDGE_CURVE('',#1869,#728,#1871,.T.);
#1869 = VERTEX_POINT('',#1870);
#1870 = CARTESIAN_POINT('',(-180.,4.,184.));
#1871 = CIRCLE('',#1872,4.);
#1872 = AXIS2_PLACEMENT_3D('',#1873,#1874,#1875);
#1873 = CARTESIAN_POINT('',(-180.,4.,180.));
#1874 = DIRECTION('',(1.,0.,0.));
#1875 = DIRECTION('',(0.,-0.707106781187,0.707106781187));
#1876 = ORIENTED_EDGE('',*,*,#838,.F.);
#1877 = ORIENTED_EDGE('',*,*,#609,.F.);
#1878 = ORIENTED_EDGE('',*,*,#1879,.F.);
#1879 = EDGE_CURVE('',#1869,#602,#1880,.T.);
#1880 = LINE('',#1881,#1882);
#1881 = CARTESIAN_POINT('',(-140.,4.,184.));
#1882 = VECTOR('',#1883,1.);
#1883 = DIRECTION('',(1.,0.,0.));
#1884 = CYLINDRICAL_SURFACE('',#1885,4.);
#1885 = AXIS2_PLACEMENT_3D('',#1886,#1887,#1888);
#1886 = CARTESIAN_POINT('',(-140.,4.,180.));
#1887 = DIRECTION('',(1.,0.,0.));
#1888 = DIRECTION('',(0.,-0.707106781187,0.707106781187));
#1889 = ADVANCED_FACE('',(#1890),#1908,.T.);
#1890 = FACE_BOUND('',#1891,.T.);
#1891 = EDGE_LOOP('',(#1892,#1900,#1901,#1902));
#1892 = ORIENTED_EDGE('',*,*,#1893,.F.);
#1893 = EDGE_CURVE('',#593,#1894,#1896,.T.);
#1894 = VERTEX_POINT('',#1895);
#1895 = CARTESIAN_POINT('',(-180.,6.,184.));
#1896 = LINE('',#1897,#1898);
#1897 = CARTESIAN_POINT('',(-140.,6.,184.));
#1898 = VECTOR('',#1899,1.);
#1899 = DIRECTION('',(-1.,0.,0.));
#1900 = ORIENTED_EDGE('',*,*,#601,.T.);
#1901 = ORIENTED_EDGE('',*,*,#1879,.F.);
#1902 = ORIENTED_EDGE('',*,*,#1903,.T.);
#1903 = EDGE_CURVE('',#1869,#1894,#1904,.T.);
#1904 = LINE('',#1905,#1906);
#1905 = CARTESIAN_POINT('',(-180.,15.671269953755,184.));
#1906 = VECTOR('',#1907,1.);
#1907 = DIRECTION('',(-0.,1.,0.));
#1908 = PLANE('',#1909);
#1909 = AXIS2_PLACEMENT_3D('',#1910,#1911,#1912);
#1910 = CARTESIAN_POINT('',(-140.,10.,184.));
#1911 = DIRECTION('',(0.,0.,-1.));
#1912 = DIRECTION('',(0.,-1.,0.));
#1913 = ADVANCED_FACE('',(#1914),#1933,.F.);
#1914 = FACE_BOUND('',#1915,.F.);
#1915 = EDGE_LOOP('',(#1916,#1925,#1926,#1927));
#1916 = ORIENTED_EDGE('',*,*,#1917,.T.);
#1917 = EDGE_CURVE('',#1918,#1894,#1920,.T.);
#1918 = VERTEX_POINT('',#1919);
#1919 = CARTESIAN_POINT('',(-180.,10.,180.));
#1920 = CIRCLE('',#1921,4.);
#1921 = AXIS2_PLACEMENT_3D('',#1922,#1923,#1924);
#1922 = CARTESIAN_POINT('',(-180.,6.,180.));
#1923 = DIRECTION('',(1.,0.,0.));
#1924 = DIRECTION('',(-0.,0.707106781187,0.707106781187));
#1925 = ORIENTED_EDGE('',*,*,#1893,.F.);
#1926 = ORIENTED_EDGE('',*,*,#592,.F.);
#1927 = ORIENTED_EDGE('',*,*,#1928,.F.);
#1928 = EDGE_CURVE('',#1918,#585,#1929,.T.);
#1929 = LINE('',#1930,#1931);
#1930 = CARTESIAN_POINT('',(-140.,10.,180.));
#1931 = VECTOR('',#1932,1.);
#1932 = DIRECTION('',(1.,0.,0.));
#1933 = CYLINDRICAL_SURFACE('',#1934,4.);
#1934 = AXIS2_PLACEMENT_3D('',#1935,#1936,#1937);
#1935 = CARTESIAN_POINT('',(-140.,6.,180.));
#1936 = DIRECTION('',(1.,0.,0.));
#1937 = DIRECTION('',(0.,0.707106781187,0.707106781187));
#1938 = ADVANCED_FACE('',(#1939,#1957),#1992,.T.);
#1939 = FACE_BOUND('',#1940,.T.);
#1940 = EDGE_LOOP('',(#1941,#1949,#1955,#1956));
#1941 = ORIENTED_EDGE('',*,*,#1942,.T.);
#1942 = EDGE_CURVE('',#1918,#1943,#1945,.T.);
#1943 = VERTEX_POINT('',#1944);
#1944 = CARTESIAN_POINT('',(-180.,10.,165.82842712474));
#1945 = LINE('',#1946,#1947);
#1946 = CARTESIAN_POINT('',(-180.,10.,23.418412240726));
#1947 = VECTOR('',#1948,1.);
#1948 = DIRECTION('',(0.,0.,-1.));
#1949 = ORIENTED_EDGE('',*,*,#1950,.T.);
#1950 = EDGE_CURVE('',#1943,#576,#1951,.T.);
#1951 = LINE('',#1952,#1953);
#1952 = CARTESIAN_POINT('',(-140.,10.,165.82842712474));
#1953 = VECTOR('',#1954,1.);
#1954 = DIRECTION('',(1.,0.,0.));
#1955 = ORIENTED_EDGE('',*,*,#584,.T.);
#1956 = ORIENTED_EDGE('',*,*,#1928,.F.);
#1957 = FACE_BOUND('',#1958,.T.);
#1958 = EDGE_LOOP('',(#1959,#1969,#1978,#1986));
#1959 = ORIENTED_EDGE('',*,*,#1960,.T.);
#1960 = EDGE_CURVE('',#1961,#1963,#1965,.T.);
#1961 = VERTEX_POINT('',#1962);
#1962 = CARTESIAN_POINT('',(-157.6502525316,10.,173.4));
#1963 = VERTEX_POINT('',#1964);
#1964 = CARTESIAN_POINT('',(-159.5251262658,10.,171.52512626584));
#1965 = LINE('',#1966,#1967);
#1966 = CARTESIAN_POINT('',(-212.8376893987,10.,118.21256313292));
#1967 = VECTOR('',#1968,1.);
#1968 = DIRECTION('',(-0.707106781187,0.,-0.707106781187));
#1969 = ORIENTED_EDGE('',*,*,#1970,.T.);
#1970 = EDGE_CURVE('',#1963,#1971,#1973,.T.);
#1971 = VERTEX_POINT('',#1972);
#1972 = CARTESIAN_POINT('',(-159.5251262658,10.,176.47487373415));
#1973 = CIRCLE('',#1974,3.5);
#1974 = AXIS2_PLACEMENT_3D('',#1975,#1976,#1977);
#1975 = CARTESIAN_POINT('',(-162.,10.,174.));
#1976 = DIRECTION('',(0.,1.,-0.));
#1977 = DIRECTION('',(-1.,0.,0.));
#1978 = ORIENTED_EDGE('',*,*,#1979,.T.);
#1979 = EDGE_CURVE('',#1971,#1980,#1982,.T.);
#1980 = VERTEX_POINT('',#1981);
#1981 = CARTESIAN_POINT('',(-157.6502525316,10.,174.6));
#1982 = LINE('',#1983,#1984);
#1983 = CARTESIAN_POINT('',(-94.27512626584,10.,111.22487373415));
#1984 = VECTOR('',#1985,1.);
#1985 = DIRECTION('',(0.707106781187,0.,-0.707106781187));
#1986 = ORIENTED_EDGE('',*,*,#1987,.T.);
#1987 = EDGE_CURVE('',#1980,#1961,#1988,.T.);
#1988 = LINE('',#1989,#1990);
#1989 = CARTESIAN_POINT('',(-157.6502525316,10.,54.8));
#1990 = VECTOR('',#1991,1.);
#1991 = DIRECTION('',(0.,0.,-1.));
#1992 = PLANE('',#1993);
#1993 = AXIS2_PLACEMENT_3D('',#1994,#1995,#1996);
#1994 = CARTESIAN_POINT('',(-140.,10.,-65.));
#1995 = DIRECTION('',(0.,-1.,0.));
#1996 = DIRECTION('',(0.,0.,1.));
#1997 = ADVANCED_FACE('',(#1998),#2017,.F.);
#1998 = FACE_BOUND('',#1999,.F.);
#1999 = EDGE_LOOP('',(#2000,#2009,#2010,#2011));
#2000 = ORIENTED_EDGE('',*,*,#2001,.T.);
#2001 = EDGE_CURVE('',#2002,#1943,#2004,.T.);
#2002 = VERTEX_POINT('',#2003);
#2003 = CARTESIAN_POINT('',(-180.,11.,166.));
#2004 = CIRCLE('',#2005,3.);
#2005 = AXIS2_PLACEMENT_3D('',#2006,#2007,#2008);
#2006 = CARTESIAN_POINT('',(-180.,11.,163.));
#2007 = DIRECTION('',(1.,0.,0.));
#2008 = DIRECTION('',(0.,-0.707106781187,0.707106781187));
#2009 = ORIENTED_EDGE('',*,*,#1950,.T.);
#2010 = ORIENTED_EDGE('',*,*,#575,.F.);
#2011 = ORIENTED_EDGE('',*,*,#2012,.F.);
#2012 = EDGE_CURVE('',#2002,#568,#2013,.T.);
#2013 = LINE('',#2014,#2015);
#2014 = CARTESIAN_POINT('',(-140.,11.,166.));
#2015 = VECTOR('',#2016,1.);
#2016 = DIRECTION('',(1.,0.,0.));
#2017 = CYLINDRICAL_SURFACE('',#2018,3.);
#2018 = AXIS2_PLACEMENT_3D('',#2019,#2020,#2021);
#2019 = CARTESIAN_POINT('',(-140.,11.,163.));
#2020 = DIRECTION('',(1.,0.,0.));
#2021 = DIRECTION('',(0.,-0.707106781187,0.707106781187));
#2022 = ADVANCED_FACE('',(#2023),#2090,.T.);
#2023 = FACE_BOUND('',#2024,.T.);
#2024 = EDGE_LOOP('',(#2025,#2035,#2043,#2051,#2059,#2067,#2075,#2081,
    #2082,#2083,#2084));
#2025 = ORIENTED_EDGE('',*,*,#2026,.F.);
#2026 = EDGE_CURVE('',#2027,#2029,#2031,.T.);
#2027 = VERTEX_POINT('',#2028);
#2028 = CARTESIAN_POINT('',(-177.3,23.,166.));
#2029 = VERTEX_POINT('',#2030);
#2030 = CARTESIAN_POINT('',(-180.,23.,166.));
#2031 = LINE('',#2032,#2033);
#2032 = CARTESIAN_POINT('',(-140.,23.,166.));
#2033 = VECTOR('',#2034,1.);
#2034 = DIRECTION('',(-1.,0.,0.));
#2035 = ORIENTED_EDGE('',*,*,#2036,.T.);
#2036 = EDGE_CURVE('',#2027,#2037,#2039,.T.);
#2037 = VERTEX_POINT('',#2038);
#2038 = CARTESIAN_POINT('',(-177.3,13.7,166.));
#2039 = LINE('',#2040,#2041);
#2040 = CARTESIAN_POINT('',(-177.3,19.85,166.));
#2041 = VECTOR('',#2042,1.);
#2042 = DIRECTION('',(0.,-1.,0.));
#2043 = ORIENTED_EDGE('',*,*,#2044,.T.);
#2044 = EDGE_CURVE('',#2037,#2045,#2047,.T.);
#2045 = VERTEX_POINT('',#2046);
#2046 = CARTESIAN_POINT('',(-167.7,13.7,166.));
#2047 = LINE('',#2048,#2049);
#2048 = CARTESIAN_POINT('',(-153.85,13.7,166.));
#2049 = VECTOR('',#2050,1.);
#2050 = DIRECTION('',(1.,0.,0.));
#2051 = ORIENTED_EDGE('',*,*,#2052,.T.);
#2052 = EDGE_CURVE('',#2045,#2053,#2055,.T.);
#2053 = VERTEX_POINT('',#2054);
#2054 = CARTESIAN_POINT('',(-158.4,23.,166.));
#2055 = LINE('',#2056,#2057);
#2056 = CARTESIAN_POINT('',(-151.1,30.3,166.));
#2057 = VECTOR('',#2058,1.);
#2058 = DIRECTION('',(0.707106781187,0.707106781187,0.));
#2059 = ORIENTED_EDGE('',*,*,#2060,.F.);
#2060 = EDGE_CURVE('',#2061,#2053,#2063,.T.);
#2061 = VERTEX_POINT('',#2062);
#2062 = CARTESIAN_POINT('',(-152.3,23.,166.));
#2063 = LINE('',#2064,#2065);
#2064 = CARTESIAN_POINT('',(-140.,23.,166.));
#2065 = VECTOR('',#2066,1.);
#2066 = DIRECTION('',(-1.,0.,0.));
#2067 = ORIENTED_EDGE('',*,*,#2068,.T.);
#2068 = EDGE_CURVE('',#2061,#2069,#2071,.T.);
#2069 = VERTEX_POINT('',#2070);
#2070 = CARTESIAN_POINT('',(-152.3,13.7,166.));
#2071 = LINE('',#2072,#2073);
#2072 = CARTESIAN_POINT('',(-152.3,19.85,166.));
#2073 = VECTOR('',#2074,1.);
#2074 = DIRECTION('',(0.,-1.,0.));
#2075 = ORIENTED_EDGE('',*,*,#2076,.T.);
#2076 = EDGE_CURVE('',#2069,#1519,#2077,.T.);
#2077 = LINE('',#2078,#2079);
#2078 = CARTESIAN_POINT('',(-141.35,13.7,166.));
#2079 = VECTOR('',#2080,1.);
#2080 = DIRECTION('',(1.,0.,0.));
#2081 = ORIENTED_EDGE('',*,*,#1518,.T.);
#2082 = ORIENTED_EDGE('',*,*,#567,.T.);
#2083 = ORIENTED_EDGE('',*,*,#2012,.F.);
#2084 = ORIENTED_EDGE('',*,*,#2085,.T.);
#2085 = EDGE_CURVE('',#2002,#2029,#2086,.T.);
#2086 = LINE('',#2087,#2088);
#2087 = CARTESIAN_POINT('',(-180.,23.671269953755,166.));
#2088 = VECTOR('',#2089,1.);
#2089 = DIRECTION('',(-0.,1.,0.));
#2090 = PLANE('',#2091);
#2091 = AXIS2_PLACEMENT_3D('',#2092,#2093,#2094);
#2092 = CARTESIAN_POINT('',(-140.,26.,166.));
#2093 = DIRECTION('',(0.,0.,-1.));
#2094 = DIRECTION('',(0.,-1.,0.));
#2095 = ADVANCED_FACE('',(#2096),#2121,.F.);
#2096 = FACE_BOUND('',#2097,.F.);
#2097 = EDGE_LOOP('',(#2098,#2106,#2107,#2115));
#2098 = ORIENTED_EDGE('',*,*,#2099,.T.);
#2099 = EDGE_CURVE('',#2100,#792,#2102,.T.);
#2100 = VERTEX_POINT('',#2101);
#2101 = CARTESIAN_POINT('',(139.,2.,197.));
#2102 = LINE('',#2103,#2104);
#2103 = CARTESIAN_POINT('',(139.,-3.6,194.2));
#2104 = VECTOR('',#2105,1.);
#2105 = DIRECTION('',(0.,-0.894427191,-0.4472135955));
#2106 = ORIENTED_EDGE('',*,*,#791,.T.);
#2107 = ORIENTED_EDGE('',*,*,#2108,.T.);
#2108 = EDGE_CURVE('',#784,#2109,#2111,.T.);
#2109 = VERTEX_POINT('',#2110);
#2110 = CARTESIAN_POINT('',(139.,2.,154.));
#2111 = LINE('',#2112,#2113);
#2112 = CARTESIAN_POINT('',(139.,0.,154.));
#2113 = VECTOR('',#2114,1.);
#2114 = DIRECTION('',(0.,1.,0.));
#2115 = ORIENTED_EDGE('',*,*,#2116,.T.);
#2116 = EDGE_CURVE('',#2109,#2100,#2117,.T.);
#2117 = LINE('',#2118,#2119);
#2118 = CARTESIAN_POINT('',(139.,2.,154.));
#2119 = VECTOR('',#2120,1.);
#2120 = DIRECTION('',(0.,0.,1.));
#2121 = PLANE('',#2122);
#2122 = AXIS2_PLACEMENT_3D('',#2123,#2124,#2125);
#2123 = CARTESIAN_POINT('',(139.,1.,176.));
#2124 = DIRECTION('',(1.,0.,0.));
#2125 = DIRECTION('',(0.,0.,-1.));
#2126 = ADVANCED_FACE('',(#2127),#2145,.F.);
#2127 = FACE_BOUND('',#2128,.F.);
#2128 = EDGE_LOOP('',(#2129,#2137,#2143,#2144));
#2129 = ORIENTED_EDGE('',*,*,#2130,.T.);
#2130 = EDGE_CURVE('',#776,#2131,#2133,.T.);
#2131 = VERTEX_POINT('',#2132);
#2132 = CARTESIAN_POINT('',(0.2,2.,154.));
#2133 = LINE('',#2134,#2135);
#2134 = CARTESIAN_POINT('',(0.2,0.,154.));
#2135 = VECTOR('',#2136,1.);
#2136 = DIRECTION('',(0.,1.,0.));
#2137 = ORIENTED_EDGE('',*,*,#2138,.T.);
#2138 = EDGE_CURVE('',#2131,#2109,#2139,.T.);
#2139 = LINE('',#2140,#2141);
#2140 = CARTESIAN_POINT('',(0.2,2.,154.));
#2141 = VECTOR('',#2142,1.);
#2142 = DIRECTION('',(1.,0.,0.));
#2143 = ORIENTED_EDGE('',*,*,#2108,.F.);
#2144 = ORIENTED_EDGE('',*,*,#783,.F.);
#2145 = PLANE('',#2146);
#2146 = AXIS2_PLACEMENT_3D('',#2147,#2148,#2149);
#2147 = CARTESIAN_POINT('',(0.2,0.,154.));
#2148 = DIRECTION('',(0.,0.,-1.));
#2149 = DIRECTION('',(0.,1.,0.));
#2150 = ADVANCED_FACE('',(#2151),#2169,.T.);
#2151 = FACE_BOUND('',#2152,.T.);
#2152 = EDGE_LOOP('',(#2153,#2154,#2162,#2168));
#2153 = ORIENTED_EDGE('',*,*,#2130,.T.);
#2154 = ORIENTED_EDGE('',*,*,#2155,.T.);
#2155 = EDGE_CURVE('',#2131,#2156,#2158,.T.);
#2156 = VERTEX_POINT('',#2157);
#2157 = CARTESIAN_POINT('',(0.2,2.,197.));
#2158 = LINE('',#2159,#2160);
#2159 = CARTESIAN_POINT('',(0.2,2.,154.));
#2160 = VECTOR('',#2161,1.);
#2161 = DIRECTION('',(0.,0.,1.));
#2162 = ORIENTED_EDGE('',*,*,#2163,.T.);
#2163 = EDGE_CURVE('',#2156,#768,#2164,.T.);
#2164 = LINE('',#2165,#2166);
#2165 = CARTESIAN_POINT('',(0.2,-1.6,195.2));
#2166 = VECTOR('',#2167,1.);
#2167 = DIRECTION('',(0.,-0.894427191,-0.4472135955));
#2168 = ORIENTED_EDGE('',*,*,#775,.T.);
#2169 = PLANE('',#2170);
#2170 = AXIS2_PLACEMENT_3D('',#2171,#2172,#2173);
#2171 = CARTESIAN_POINT('',(0.2,1.,176.));
#2172 = DIRECTION('',(1.,0.,0.));
#2173 = DIRECTION('',(0.,0.,-1.));
#2174 = ADVANCED_FACE('',(#2175),#2200,.F.);
#2175 = FACE_BOUND('',#2176,.F.);
#2176 = EDGE_LOOP('',(#2177,#2185,#2193,#2199));
#2177 = ORIENTED_EDGE('',*,*,#2178,.T.);
#2178 = EDGE_CURVE('',#752,#2179,#2181,.T.);
#2179 = VERTEX_POINT('',#2180);
#2180 = CARTESIAN_POINT('',(-0.2,2.,154.));
#2181 = LINE('',#2182,#2183);
#2182 = CARTESIAN_POINT('',(-0.2,0.,154.));
#2183 = VECTOR('',#2184,1.);
#2184 = DIRECTION('',(0.,1.,0.));
#2185 = ORIENTED_EDGE('',*,*,#2186,.T.);
#2186 = EDGE_CURVE('',#2179,#2187,#2189,.T.);
#2187 = VERTEX_POINT('',#2188);
#2188 = CARTESIAN_POINT('',(-0.2,2.,197.));
#2189 = LINE('',#2190,#2191);
#2190 = CARTESIAN_POINT('',(-0.2,2.,154.));
#2191 = VECTOR('',#2192,1.);
#2192 = DIRECTION('',(0.,0.,1.));
#2193 = ORIENTED_EDGE('',*,*,#2194,.T.);
#2194 = EDGE_CURVE('',#2187,#760,#2195,.T.);
#2195 = LINE('',#2196,#2197);
#2196 = CARTESIAN_POINT('',(-0.2,-1.6,195.2));
#2197 = VECTOR('',#2198,1.);
#2198 = DIRECTION('',(0.,-0.894427191,-0.4472135955));
#2199 = ORIENTED_EDGE('',*,*,#759,.T.);
#2200 = PLANE('',#2201);
#2201 = AXIS2_PLACEMENT_3D('',#2202,#2203,#2204);
#2202 = CARTESIAN_POINT('',(-0.2,1.,176.));
#2203 = DIRECTION('',(1.,0.,0.));
#2204 = DIRECTION('',(0.,0.,-1.));
#2205 = ADVANCED_FACE('',(#2206),#2224,.T.);
#2206 = FACE_BOUND('',#2207,.F.);
#2207 = EDGE_LOOP('',(#2208,#2209,#2210,#2218));
#2208 = ORIENTED_EDGE('',*,*,#2178,.F.);
#2209 = ORIENTED_EDGE('',*,*,#751,.T.);
#2210 = ORIENTED_EDGE('',*,*,#2211,.T.);
#2211 = EDGE_CURVE('',#744,#2212,#2214,.T.);
#2212 = VERTEX_POINT('',#2213);
#2213 = CARTESIAN_POINT('',(-139.,2.,154.));
#2214 = LINE('',#2215,#2216);
#2215 = CARTESIAN_POINT('',(-139.,0.,154.));
#2216 = VECTOR('',#2217,1.);
#2217 = DIRECTION('',(0.,1.,0.));
#2218 = ORIENTED_EDGE('',*,*,#2219,.F.);
#2219 = EDGE_CURVE('',#2179,#2212,#2220,.T.);
#2220 = LINE('',#2221,#2222);
#2221 = CARTESIAN_POINT('',(-0.2,2.,154.));
#2222 = VECTOR('',#2223,1.);
#2223 = DIRECTION('',(-1.,0.,0.));
#2224 = PLANE('',#2225);
#2225 = AXIS2_PLACEMENT_3D('',#2226,#2227,#2228);
#2226 = CARTESIAN_POINT('',(-0.2,0.,154.));
#2227 = DIRECTION('',(0.,0.,1.));
#2228 = DIRECTION('',(0.,1.,0.));
#2229 = ADVANCED_FACE('',(#2230),#2248,.T.);
#2230 = FACE_BOUND('',#2231,.F.);
#2231 = EDGE_LOOP('',(#2232,#2240,#2246,#2247));
#2232 = ORIENTED_EDGE('',*,*,#2233,.F.);
#2233 = EDGE_CURVE('',#2234,#736,#2236,.T.);
#2234 = VERTEX_POINT('',#2235);
#2235 = CARTESIAN_POINT('',(-139.,2.,197.));
#2236 = LINE('',#2237,#2238);
#2237 = CARTESIAN_POINT('',(-139.,-3.6,194.2));
#2238 = VECTOR('',#2239,1.);
#2239 = DIRECTION('',(0.,-0.894427191,-0.4472135955));
#2240 = ORIENTED_EDGE('',*,*,#2241,.F.);
#2241 = EDGE_CURVE('',#2212,#2234,#2242,.T.);
#2242 = LINE('',#2243,#2244);
#2243 = CARTESIAN_POINT('',(-139.,2.,154.));
#2244 = VECTOR('',#2245,1.);
#2245 = DIRECTION('',(0.,0.,1.));
#2246 = ORIENTED_EDGE('',*,*,#2211,.F.);
#2247 = ORIENTED_EDGE('',*,*,#743,.F.);
#2248 = PLANE('',#2249);
#2249 = AXIS2_PLACEMENT_3D('',#2250,#2251,#2252);
#2250 = CARTESIAN_POINT('',(-139.,1.,176.));
#2251 = DIRECTION('',(1.,0.,0.));
#2252 = DIRECTION('',(0.,0.,-1.));
#2253 = ADVANCED_FACE('',(#2254),#2271,.F.);
#2254 = FACE_BOUND('',#2255,.F.);
#2255 = EDGE_LOOP('',(#2256,#2264,#2265));
#2256 = ORIENTED_EDGE('',*,*,#2257,.F.);
#2257 = EDGE_CURVE('',#1829,#2258,#2260,.T.);
#2258 = VERTEX_POINT('',#2259);
#2259 = CARTESIAN_POINT('',(-175.,37.,0.));
#2260 = LINE('',#2261,#2262);
#2261 = CARTESIAN_POINT('',(-175.,37.,82.35));
#2262 = VECTOR('',#2263,1.);
#2263 = DIRECTION('',(0.,0.,-1.));
#2264 = ORIENTED_EDGE('',*,*,#1853,.T.);
#2265 = ORIENTED_EDGE('',*,*,#2266,.T.);
#2266 = EDGE_CURVE('',#1846,#2258,#2267,.T.);
#2267 = LINE('',#2268,#2269);
#2268 = CARTESIAN_POINT('',(-175.,67.5,0.));
#2269 = VECTOR('',#2270,1.);
#2270 = DIRECTION('',(0.,1.,0.));
#2271 = PLANE('',#2272);
#2272 = AXIS2_PLACEMENT_3D('',#2273,#2274,#2275);
#2273 = CARTESIAN_POINT('',(-175.,51.,11.));
#2274 = DIRECTION('',(1.,0.,0.));
#2275 = DIRECTION('',(0.,0.,-1.));
#2276 = ADVANCED_FACE('',(#2277),#2295,.T.);
#2277 = FACE_BOUND('',#2278,.F.);
#2278 = EDGE_LOOP('',(#2279,#2280,#2288,#2294));
#2279 = ORIENTED_EDGE('',*,*,#2257,.T.);
#2280 = ORIENTED_EDGE('',*,*,#2281,.T.);
#2281 = EDGE_CURVE('',#2258,#2282,#2284,.T.);
#2282 = VERTEX_POINT('',#2283);
#2283 = CARTESIAN_POINT('',(-173.4,37.,0.));
#2284 = LINE('',#2285,#2286);
#2285 = CARTESIAN_POINT('',(-156.7,37.,0.));
#2286 = VECTOR('',#2287,1.);
#2287 = DIRECTION('',(1.,0.,0.));
#2288 = ORIENTED_EDGE('',*,*,#2289,.F.);
#2289 = EDGE_CURVE('',#1827,#2282,#2290,.T.);
#2290 = LINE('',#2291,#2292);
#2291 = CARTESIAN_POINT('',(-173.4,37.,153.7));
#2292 = VECTOR('',#2293,1.);
#2293 = DIRECTION('',(0.,0.,-1.));
#2294 = ORIENTED_EDGE('',*,*,#1826,.T.);
#2295 = PLANE('',#2296);
#2296 = AXIS2_PLACEMENT_3D('',#2297,#2298,#2299);
#2297 = CARTESIAN_POINT('',(-173.4,37.,153.7));
#2298 = DIRECTION('',(0.,1.,0.));
#2299 = DIRECTION('',(0.,0.,-1.));
#2300 = ADVANCED_FACE('',(#2301),#2386,.F.);
#2301 = FACE_BOUND('',#2302,.F.);
#2302 = EDGE_LOOP('',(#2303,#2314,#2322,#2331,#2339,#2347,#2355,#2361,
    #2362,#2363,#2364,#2365,#2371,#2372,#2380));
#2303 = ORIENTED_EDGE('',*,*,#2304,.T.);
#2304 = EDGE_CURVE('',#2305,#2307,#2309,.T.);
#2305 = VERTEX_POINT('',#2306);
#2306 = CARTESIAN_POINT('',(-173.4,37.,150.64575131106));
#2307 = VERTEX_POINT('',#2308);
#2308 = CARTESIAN_POINT('',(-173.4,38.,148.));
#2309 = CIRCLE('',#2310,4.);
#2310 = AXIS2_PLACEMENT_3D('',#2311,#2312,#2313);
#2311 = CARTESIAN_POINT('',(-173.4,34.,148.));
#2312 = DIRECTION('',(-1.,0.,0.));
#2313 = DIRECTION('',(0.,0.707106781187,0.707106781187));
#2314 = ORIENTED_EDGE('',*,*,#2315,.T.);
#2315 = EDGE_CURVE('',#2307,#2316,#2318,.T.);
#2316 = VERTEX_POINT('',#2317);
#2317 = CARTESIAN_POINT('',(-173.4,38.,130.));
#2318 = LINE('',#2319,#2320);
#2319 = CARTESIAN_POINT('',(-173.4,38.,101.425));
#2320 = VECTOR('',#2321,1.);
#2321 = DIRECTION('',(0.,0.,-1.));
#2322 = ORIENTED_EDGE('',*,*,#2323,.T.);
#2323 = EDGE_CURVE('',#2316,#2324,#2326,.T.);
#2324 = VERTEX_POINT('',#2325);
#2325 = CARTESIAN_POINT('',(-173.4,37.,127.35424868893));
#2326 = CIRCLE('',#2327,4.);
#2327 = AXIS2_PLACEMENT_3D('',#2328,#2329,#2330);
#2328 = CARTESIAN_POINT('',(-173.4,34.,130.));
#2329 = DIRECTION('',(-1.,0.,-0.));
#2330 = DIRECTION('',(0.,0.707106781187,-0.707106781187));
#2331 = ORIENTED_EDGE('',*,*,#2332,.T.);
#2332 = EDGE_CURVE('',#2324,#2333,#2335,.T.);
#2333 = VERTEX_POINT('',#2334);
#2334 = CARTESIAN_POINT('',(-173.4,37.,126.28571428571));
#2335 = LINE('',#2336,#2337);
#2336 = CARTESIAN_POINT('',(-173.4,37.,153.7));
#2337 = VECTOR('',#2338,1.);
#2338 = DIRECTION('',(0.,0.,-1.));
#2339 = ORIENTED_EDGE('',*,*,#2340,.T.);
#2340 = EDGE_CURVE('',#2333,#2341,#2343,.T.);
#2341 = VERTEX_POINT('',#2342);
#2342 = CARTESIAN_POINT('',(-173.4,38.,126.));
#2343 = LINE('',#2344,#2345);
#2344 = CARTESIAN_POINT('',(-173.4,44.491509433962,124.14528301886));
#2345 = VECTOR('',#2346,1.);
#2346 = DIRECTION('',(0.,0.961523947641,-0.274721127897));
#2347 = ORIENTED_EDGE('',*,*,#2348,.T.);
#2348 = EDGE_CURVE('',#2341,#2349,#2351,.T.);
#2349 = VERTEX_POINT('',#2350);
#2350 = CARTESIAN_POINT('',(-173.4,37.,124.85714285714));
#2351 = LINE('',#2352,#2353);
#2352 = CARTESIAN_POINT('',(-173.4,11.821238938053,96.081415929204));
#2353 = VECTOR('',#2354,1.);
#2354 = DIRECTION('',(0.,-0.658504607869,-0.752576694707));
#2355 = ORIENTED_EDGE('',*,*,#2356,.T.);
#2356 = EDGE_CURVE('',#2349,#1763,#2357,.T.);
#2357 = LINE('',#2358,#2359);
#2358 = CARTESIAN_POINT('',(-173.4,37.,153.7));
#2359 = VECTOR('',#2360,1.);
#2360 = DIRECTION('',(0.,0.,-1.));
#2361 = ORIENTED_EDGE('',*,*,#1787,.T.);
#2362 = ORIENTED_EDGE('',*,*,#1802,.T.);
#2363 = ORIENTED_EDGE('',*,*,#1836,.T.);
#2364 = ORIENTED_EDGE('',*,*,#2289,.T.);
#2365 = ORIENTED_EDGE('',*,*,#2366,.T.);
#2366 = EDGE_CURVE('',#2282,#197,#2367,.T.);
#2367 = LINE('',#2368,#2369);
#2368 = CARTESIAN_POINT('',(-173.4,61.,0.));
#2369 = VECTOR('',#2370,1.);
#2370 = DIRECTION('',(0.,1.,0.));
#2371 = ORIENTED_EDGE('',*,*,#204,.T.);
#2372 = ORIENTED_EDGE('',*,*,#2373,.T.);
#2373 = EDGE_CURVE('',#205,#2374,#2376,.T.);
#2374 = VERTEX_POINT('',#2375);
#2375 = CARTESIAN_POINT('',(-173.4,37.,153.7));
#2376 = LINE('',#2377,#2378);
#2377 = CARTESIAN_POINT('',(-173.4,39.,153.7));
#2378 = VECTOR('',#2379,1.);
#2379 = DIRECTION('',(0.,-1.,0.));
#2380 = ORIENTED_EDGE('',*,*,#2381,.T.);
#2381 = EDGE_CURVE('',#2374,#2305,#2382,.T.);
#2382 = LINE('',#2383,#2384);
#2383 = CARTESIAN_POINT('',(-173.4,37.,153.7));
#2384 = VECTOR('',#2385,1.);
#2385 = DIRECTION('',(0.,0.,-1.));
#2386 = PLANE('',#2387);
#2387 = AXIS2_PLACEMENT_3D('',#2388,#2389,#2390);
#2388 = CARTESIAN_POINT('',(-173.4,38.,76.85));
#2389 = DIRECTION('',(1.,0.,0.));
#2390 = DIRECTION('',(0.,0.,-1.));
#2391 = ADVANCED_FACE('',(#2392),#2410,.T.);
#2392 = FACE_BOUND('',#2393,.T.);
#2393 = EDGE_LOOP('',(#2394,#2402,#2408,#2409));
#2394 = ORIENTED_EDGE('',*,*,#2395,.T.);
#2395 = EDGE_CURVE('',#2374,#2396,#2398,.T.);
#2396 = VERTEX_POINT('',#2397);
#2397 = CARTESIAN_POINT('',(-180.,37.,153.7));
#2398 = LINE('',#2399,#2400);
#2399 = CARTESIAN_POINT('',(-173.4,37.,153.7));
#2400 = VECTOR('',#2401,1.);
#2401 = DIRECTION('',(-1.,0.,0.));
#2402 = ORIENTED_EDGE('',*,*,#2403,.T.);
#2403 = EDGE_CURVE('',#2396,#213,#2404,.T.);
#2404 = LINE('',#2405,#2406);
#2405 = CARTESIAN_POINT('',(-180.,30.171269953755,153.7));
#2406 = VECTOR('',#2407,1.);
#2407 = DIRECTION('',(-0.,1.,0.));
#2408 = ORIENTED_EDGE('',*,*,#212,.F.);
#2409 = ORIENTED_EDGE('',*,*,#2373,.T.);
#2410 = PLANE('',#2411);
#2411 = AXIS2_PLACEMENT_3D('',#2412,#2413,#2414);
#2412 = CARTESIAN_POINT('',(-180.,39.,153.7));
#2413 = DIRECTION('',(0.,0.,-1.));
#2414 = DIRECTION('',(0.,-1.,0.));
#2415 = ADVANCED_FACE('',(#2416),#2528,.T.);
#2416 = FACE_BOUND('',#2417,.T.);
#2417 = EDGE_LOOP('',(#2418,#2428,#2436,#2444,#2452,#2460,#2468,#2476,
    #2484,#2492,#2498,#2499,#2505,#2506,#2514,#2522));
#2418 = ORIENTED_EDGE('',*,*,#2419,.T.);
#2419 = EDGE_CURVE('',#2420,#2422,#2424,.T.);
#2420 = VERTEX_POINT('',#2421);
#2421 = CARTESIAN_POINT('',(-155.4,26.,155.7));
#2422 = VERTEX_POINT('',#2423);
#2423 = CARTESIAN_POINT('',(-177.3,26.,155.7));
#2424 = LINE('',#2425,#2426);
#2425 = CARTESIAN_POINT('',(-156.95,26.,155.7));
#2426 = VECTOR('',#2427,1.);
#2427 = DIRECTION('',(-1.,0.,0.));
#2428 = ORIENTED_EDGE('',*,*,#2429,.T.);
#2429 = EDGE_CURVE('',#2422,#2430,#2432,.T.);
#2430 = VERTEX_POINT('',#2431);
#2431 = CARTESIAN_POINT('',(-177.3,26.,163.));
#2432 = LINE('',#2433,#2434);
#2433 = CARTESIAN_POINT('',(-177.3,26.,71.85));
#2434 = VECTOR('',#2435,1.);
#2435 = DIRECTION('',(0.,0.,1.));
#2436 = ORIENTED_EDGE('',*,*,#2437,.F.);
#2437 = EDGE_CURVE('',#2438,#2430,#2440,.T.);
#2438 = VERTEX_POINT('',#2439);
#2439 = CARTESIAN_POINT('',(-180.,26.,163.));
#2440 = LINE('',#2441,#2442);
#2441 = CARTESIAN_POINT('',(-140.,26.,163.));
#2442 = VECTOR('',#2443,1.);
#2443 = DIRECTION('',(1.,0.,0.));
#2444 = ORIENTED_EDGE('',*,*,#2445,.T.);
#2445 = EDGE_CURVE('',#2438,#2446,#2448,.T.);
#2446 = VERTEX_POINT('',#2447);
#2447 = CARTESIAN_POINT('',(-180.,26.,152.));
#2448 = LINE('',#2449,#2450);
#2449 = CARTESIAN_POINT('',(-180.,26.,49.918412240726));
#2450 = VECTOR('',#2451,1.);
#2451 = DIRECTION('',(0.,0.,-1.));
#2452 = ORIENTED_EDGE('',*,*,#2453,.T.);
#2453 = EDGE_CURVE('',#2446,#2454,#2456,.T.);
#2454 = VERTEX_POINT('',#2455);
#2455 = CARTESIAN_POINT('',(-150.,26.,152.));
#2456 = LINE('',#2457,#2458);
#2457 = CARTESIAN_POINT('',(-149.,26.,152.));
#2458 = VECTOR('',#2459,1.);
#2459 = DIRECTION('',(1.,0.,0.));
#2460 = ORIENTED_EDGE('',*,*,#2461,.T.);
#2461 = EDGE_CURVE('',#2454,#2462,#2464,.T.);
#2462 = VERTEX_POINT('',#2463);
#2463 = CARTESIAN_POINT('',(-150.,26.,126.));
#2464 = LINE('',#2465,#2466);
#2465 = CARTESIAN_POINT('',(-150.,26.,63.5));
#2466 = VECTOR('',#2467,1.);
#2467 = DIRECTION('',(0.,0.,-1.));
#2468 = ORIENTED_EDGE('',*,*,#2469,.T.);
#2469 = EDGE_CURVE('',#2462,#2470,#2472,.T.);
#2470 = VERTEX_POINT('',#2471);
#2471 = CARTESIAN_POINT('',(-156.,26.,126.));
#2472 = LINE('',#2473,#2474);
#2473 = CARTESIAN_POINT('',(-149.,26.,126.));
#2474 = VECTOR('',#2475,1.);
#2475 = DIRECTION('',(-1.,0.,0.));
#2476 = ORIENTED_EDGE('',*,*,#2477,.T.);
#2477 = EDGE_CURVE('',#2470,#2478,#2480,.T.);
#2478 = VERTEX_POINT('',#2479);
#2479 = CARTESIAN_POINT('',(-156.,26.,112.28571428571));
#2480 = LINE('',#2481,#2482);
#2481 = CARTESIAN_POINT('',(-156.,26.,51.));
#2482 = VECTOR('',#2483,1.);
#2483 = DIRECTION('',(0.,0.,-1.));
#2484 = ORIENTED_EDGE('',*,*,#2485,.T.);
#2485 = EDGE_CURVE('',#2478,#2486,#2488,.T.);
#2486 = VERTEX_POINT('',#2487);
#2487 = CARTESIAN_POINT('',(-180.,26.,112.28571428571));
#2488 = LINE('',#2489,#2490);
#2489 = CARTESIAN_POINT('',(-152.,26.,112.28571428571));
#2490 = VECTOR('',#2491,1.);
#2491 = DIRECTION('',(-1.,0.,0.));
#2492 = ORIENTED_EDGE('',*,*,#2493,.T.);
#2493 = EDGE_CURVE('',#2486,#1721,#2494,.T.);
#2494 = LINE('',#2495,#2496);
#2495 = CARTESIAN_POINT('',(-180.,26.,29.925));
#2496 = VECTOR('',#2497,1.);
#2497 = DIRECTION('',(0.,0.,-1.));
#2498 = ORIENTED_EDGE('',*,*,#1730,.F.);
#2499 = ORIENTED_EDGE('',*,*,#2500,.T.);
#2500 = EDGE_CURVE('',#1731,#1550,#2501,.T.);
#2501 = LINE('',#2502,#2503);
#2502 = CARTESIAN_POINT('',(-148.,26.,-12.));
#2503 = VECTOR('',#2504,1.);
#2504 = DIRECTION('',(0.,0.,1.));
#2505 = ORIENTED_EDGE('',*,*,#1549,.T.);
#2506 = ORIENTED_EDGE('',*,*,#2507,.T.);
#2507 = EDGE_CURVE('',#1552,#2508,#2510,.T.);
#2508 = VERTEX_POINT('',#2509);
#2509 = CARTESIAN_POINT('',(-152.3,26.,163.));
#2510 = LINE('',#2511,#2512);
#2511 = CARTESIAN_POINT('',(-152.3,26.,71.85));
#2512 = VECTOR('',#2513,1.);
#2513 = DIRECTION('',(0.,0.,1.));
#2514 = ORIENTED_EDGE('',*,*,#2515,.F.);
#2515 = EDGE_CURVE('',#2516,#2508,#2518,.T.);
#2516 = VERTEX_POINT('',#2517);
#2517 = CARTESIAN_POINT('',(-155.4,26.,163.));
#2518 = LINE('',#2519,#2520);
#2519 = CARTESIAN_POINT('',(-140.,26.,163.));
#2520 = VECTOR('',#2521,1.);
#2521 = DIRECTION('',(1.,0.,0.));
#2522 = ORIENTED_EDGE('',*,*,#2523,.T.);
#2523 = EDGE_CURVE('',#2516,#2420,#2524,.T.);
#2524 = LINE('',#2525,#2526);
#2525 = CARTESIAN_POINT('',(-155.4,26.,71.85));
#2526 = VECTOR('',#2527,1.);
#2527 = DIRECTION('',(0.,0.,-1.));
#2528 = PLANE('',#2529);
#2529 = AXIS2_PLACEMENT_3D('',#2530,#2531,#2532);
#2530 = CARTESIAN_POINT('',(-148.,26.,-12.));
#2531 = DIRECTION('',(0.,-1.,0.));
#2532 = DIRECTION('',(0.,0.,1.));
#2533 = ADVANCED_FACE('',(#2534),#2552,.F.);
#2534 = FACE_BOUND('',#2535,.F.);
#2535 = EDGE_LOOP('',(#2536,#2543,#2544,#2551));
#2536 = ORIENTED_EDGE('',*,*,#2537,.F.);
#2537 = EDGE_CURVE('',#2430,#2027,#2538,.T.);
#2538 = CIRCLE('',#2539,3.);
#2539 = AXIS2_PLACEMENT_3D('',#2540,#2541,#2542);
#2540 = CARTESIAN_POINT('',(-177.3,23.,163.));
#2541 = DIRECTION('',(1.,0.,-0.));
#2542 = DIRECTION('',(0.,0.707106781187,0.707106781187));
#2543 = ORIENTED_EDGE('',*,*,#2437,.F.);
#2544 = ORIENTED_EDGE('',*,*,#2545,.T.);
#2545 = EDGE_CURVE('',#2438,#2029,#2546,.T.);
#2546 = CIRCLE('',#2547,3.);
#2547 = AXIS2_PLACEMENT_3D('',#2548,#2549,#2550);
#2548 = CARTESIAN_POINT('',(-180.,23.,163.));
#2549 = DIRECTION('',(1.,0.,0.));
#2550 = DIRECTION('',(-0.,0.707106781187,0.707106781187));
#2551 = ORIENTED_EDGE('',*,*,#2026,.F.);
#2552 = CYLINDRICAL_SURFACE('',#2553,3.);
#2553 = AXIS2_PLACEMENT_3D('',#2554,#2555,#2556);
#2554 = CARTESIAN_POINT('',(-140.,23.,163.));
#2555 = DIRECTION('',(1.,0.,0.));
#2556 = DIRECTION('',(0.,0.707106781187,0.707106781187));
#2557 = ADVANCED_FACE('',(#2558),#2576,.F.);
#2558 = FACE_BOUND('',#2559,.F.);
#2559 = EDGE_LOOP('',(#2560,#2568,#2574,#2575));
#2560 = ORIENTED_EDGE('',*,*,#2561,.T.);
#2561 = EDGE_CURVE('',#357,#2562,#2564,.T.);
#2562 = VERTEX_POINT('',#2563);
#2563 = CARTESIAN_POINT('',(180.,37.,153.7));
#2564 = LINE('',#2565,#2566);
#2565 = CARTESIAN_POINT('',(173.4,37.,153.7));
#2566 = VECTOR('',#2567,1.);
#2567 = DIRECTION('',(1.,0.,0.));
#2568 = ORIENTED_EDGE('',*,*,#2569,.F.);
#2569 = EDGE_CURVE('',#324,#2562,#2570,.T.);
#2570 = LINE('',#2571,#2572);
#2571 = CARTESIAN_POINT('',(180.,30.171269953755,153.7));
#2572 = VECTOR('',#2573,1.);
#2573 = DIRECTION('',(0.,-1.,0.));
#2574 = ORIENTED_EDGE('',*,*,#323,.F.);
#2575 = ORIENTED_EDGE('',*,*,#364,.T.);
#2576 = PLANE('',#2577);
#2577 = AXIS2_PLACEMENT_3D('',#2578,#2579,#2580);
#2578 = CARTESIAN_POINT('',(180.,39.,153.7));
#2579 = DIRECTION('',(0.,0.,1.));
#2580 = DIRECTION('',(0.,-1.,0.));
#2581 = ADVANCED_FACE('',(#2582),#2694,.F.);
#2582 = FACE_BOUND('',#2583,.F.);
#2583 = EDGE_LOOP('',(#2584,#2594,#2602,#2610,#2618,#2626,#2634,#2642,
    #2650,#2658,#2664,#2665,#2671,#2672,#2680,#2688));
#2584 = ORIENTED_EDGE('',*,*,#2585,.T.);
#2585 = EDGE_CURVE('',#2586,#2588,#2590,.T.);
#2586 = VERTEX_POINT('',#2587);
#2587 = CARTESIAN_POINT('',(155.4,26.,155.7));
#2588 = VERTEX_POINT('',#2589);
#2589 = CARTESIAN_POINT('',(177.3,26.,155.7));
#2590 = LINE('',#2591,#2592);
#2591 = CARTESIAN_POINT('',(156.95,26.,155.7));
#2592 = VECTOR('',#2593,1.);
#2593 = DIRECTION('',(1.,0.,0.));
#2594 = ORIENTED_EDGE('',*,*,#2595,.T.);
#2595 = EDGE_CURVE('',#2588,#2596,#2598,.T.);
#2596 = VERTEX_POINT('',#2597);
#2597 = CARTESIAN_POINT('',(177.3,26.,163.));
#2598 = LINE('',#2599,#2600);
#2599 = CARTESIAN_POINT('',(177.3,26.,71.85));
#2600 = VECTOR('',#2601,1.);
#2601 = DIRECTION('',(0.,0.,1.));
#2602 = ORIENTED_EDGE('',*,*,#2603,.F.);
#2603 = EDGE_CURVE('',#2604,#2596,#2606,.T.);
#2604 = VERTEX_POINT('',#2605);
#2605 = CARTESIAN_POINT('',(180.,26.,163.));
#2606 = LINE('',#2607,#2608);
#2607 = CARTESIAN_POINT('',(140.,26.,163.));
#2608 = VECTOR('',#2609,1.);
#2609 = DIRECTION('',(-1.,0.,0.));
#2610 = ORIENTED_EDGE('',*,*,#2611,.T.);
#2611 = EDGE_CURVE('',#2604,#2612,#2614,.T.);
#2612 = VERTEX_POINT('',#2613);
#2613 = CARTESIAN_POINT('',(180.,26.,152.));
#2614 = LINE('',#2615,#2616);
#2615 = CARTESIAN_POINT('',(180.,26.,29.925));
#2616 = VECTOR('',#2617,1.);
#2617 = DIRECTION('',(0.,0.,-1.));
#2618 = ORIENTED_EDGE('',*,*,#2619,.T.);
#2619 = EDGE_CURVE('',#2612,#2620,#2622,.T.);
#2620 = VERTEX_POINT('',#2621);
#2621 = CARTESIAN_POINT('',(150.,26.,152.));
#2622 = LINE('',#2623,#2624);
#2623 = CARTESIAN_POINT('',(149.,26.,152.));
#2624 = VECTOR('',#2625,1.);
#2625 = DIRECTION('',(-1.,0.,0.));
#2626 = ORIENTED_EDGE('',*,*,#2627,.T.);
#2627 = EDGE_CURVE('',#2620,#2628,#2630,.T.);
#2628 = VERTEX_POINT('',#2629);
#2629 = CARTESIAN_POINT('',(150.,26.,126.));
#2630 = LINE('',#2631,#2632);
#2631 = CARTESIAN_POINT('',(150.,26.,63.5));
#2632 = VECTOR('',#2633,1.);
#2633 = DIRECTION('',(0.,0.,-1.));
#2634 = ORIENTED_EDGE('',*,*,#2635,.T.);
#2635 = EDGE_CURVE('',#2628,#2636,#2638,.T.);
#2636 = VERTEX_POINT('',#2637);
#2637 = CARTESIAN_POINT('',(156.,26.,126.));
#2638 = LINE('',#2639,#2640);
#2639 = CARTESIAN_POINT('',(149.,26.,126.));
#2640 = VECTOR('',#2641,1.);
#2641 = DIRECTION('',(1.,0.,0.));
#2642 = ORIENTED_EDGE('',*,*,#2643,.T.);
#2643 = EDGE_CURVE('',#2636,#2644,#2646,.T.);
#2644 = VERTEX_POINT('',#2645);
#2645 = CARTESIAN_POINT('',(156.,26.,112.28571428571));
#2646 = LINE('',#2647,#2648);
#2647 = CARTESIAN_POINT('',(156.,26.,51.));
#2648 = VECTOR('',#2649,1.);
#2649 = DIRECTION('',(0.,0.,-1.));
#2650 = ORIENTED_EDGE('',*,*,#2651,.T.);
#2651 = EDGE_CURVE('',#2644,#2652,#2654,.T.);
#2652 = VERTEX_POINT('',#2653);
#2653 = CARTESIAN_POINT('',(180.,26.,112.28571428571));
#2654 = LINE('',#2655,#2656);
#2655 = CARTESIAN_POINT('',(152.,26.,112.28571428571));
#2656 = VECTOR('',#2657,1.);
#2657 = DIRECTION('',(1.,0.,0.));
#2658 = ORIENTED_EDGE('',*,*,#2659,.T.);
#2659 = EDGE_CURVE('',#2652,#1204,#2660,.T.);
#2660 = LINE('',#2661,#2662);
#2661 = CARTESIAN_POINT('',(180.,26.,29.925));
#2662 = VECTOR('',#2663,1.);
#2663 = DIRECTION('',(0.,0.,-1.));
#2664 = ORIENTED_EDGE('',*,*,#1229,.F.);
#2665 = ORIENTED_EDGE('',*,*,#2666,.T.);
#2666 = EDGE_CURVE('',#1222,#1033,#2667,.T.);
#2667 = LINE('',#2668,#2669);
#2668 = CARTESIAN_POINT('',(148.,26.,-12.));
#2669 = VECTOR('',#2670,1.);
#2670 = DIRECTION('',(0.,0.,1.));
#2671 = ORIENTED_EDGE('',*,*,#1032,.T.);
#2672 = ORIENTED_EDGE('',*,*,#2673,.T.);
#2673 = EDGE_CURVE('',#1035,#2674,#2676,.T.);
#2674 = VERTEX_POINT('',#2675);
#2675 = CARTESIAN_POINT('',(152.3,26.,163.));
#2676 = LINE('',#2677,#2678);
#2677 = CARTESIAN_POINT('',(152.3,26.,71.85));
#2678 = VECTOR('',#2679,1.);
#2679 = DIRECTION('',(0.,0.,1.));
#2680 = ORIENTED_EDGE('',*,*,#2681,.F.);
#2681 = EDGE_CURVE('',#2682,#2674,#2684,.T.);
#2682 = VERTEX_POINT('',#2683);
#2683 = CARTESIAN_POINT('',(155.4,26.,163.));
#2684 = LINE('',#2685,#2686);
#2685 = CARTESIAN_POINT('',(140.,26.,163.));
#2686 = VECTOR('',#2687,1.);
#2687 = DIRECTION('',(-1.,0.,0.));
#2688 = ORIENTED_EDGE('',*,*,#2689,.T.);
#2689 = EDGE_CURVE('',#2682,#2586,#2690,.T.);
#2690 = LINE('',#2691,#2692);
#2691 = CARTESIAN_POINT('',(155.4,26.,71.85));
#2692 = VECTOR('',#2693,1.);
#2693 = DIRECTION('',(0.,0.,-1.));
#2694 = PLANE('',#2695);
#2695 = AXIS2_PLACEMENT_3D('',#2696,#2697,#2698);
#2696 = CARTESIAN_POINT('',(148.,26.,-12.));
#2697 = DIRECTION('',(0.,1.,0.));
#2698 = DIRECTION('',(0.,0.,1.));
#2699 = ADVANCED_FACE('',(#2700),#2718,.F.);
#2700 = FACE_BOUND('',#2701,.F.);
#2701 = EDGE_LOOP('',(#2702,#2703,#2710,#2711));
#2702 = ORIENTED_EDGE('',*,*,#2603,.T.);
#2703 = ORIENTED_EDGE('',*,*,#2704,.T.);
#2704 = EDGE_CURVE('',#2596,#1446,#2705,.T.);
#2705 = CIRCLE('',#2706,3.);
#2706 = AXIS2_PLACEMENT_3D('',#2707,#2708,#2709);
#2707 = CARTESIAN_POINT('',(177.3,23.,163.));
#2708 = DIRECTION('',(1.,0.,-0.));
#2709 = DIRECTION('',(0.,0.707106781187,0.707106781187));
#2710 = ORIENTED_EDGE('',*,*,#1445,.T.);
#2711 = ORIENTED_EDGE('',*,*,#2712,.F.);
#2712 = EDGE_CURVE('',#2604,#1448,#2713,.T.);
#2713 = CIRCLE('',#2714,3.);
#2714 = AXIS2_PLACEMENT_3D('',#2715,#2716,#2717);
#2715 = CARTESIAN_POINT('',(180.,23.,163.));
#2716 = DIRECTION('',(1.,0.,0.));
#2717 = DIRECTION('',(-0.,0.707106781187,0.707106781187));
#2718 = CYLINDRICAL_SURFACE('',#2719,3.);
#2719 = AXIS2_PLACEMENT_3D('',#2720,#2721,#2722);
#2720 = CARTESIAN_POINT('',(140.,23.,163.));
#2721 = DIRECTION('',(1.,0.,0.));
#2722 = DIRECTION('',(0.,0.707106781187,0.707106781187));
#2723 = ADVANCED_FACE('',(#2724),#2767,.F.);
#2724 = FACE_BOUND('',#2725,.F.);
#2725 = EDGE_LOOP('',(#2726,#2734,#2735,#2743,#2752,#2760));
#2726 = ORIENTED_EDGE('',*,*,#2727,.T.);
#2727 = EDGE_CURVE('',#2728,#346,#2730,.T.);
#2728 = VERTEX_POINT('',#2729);
#2729 = CARTESIAN_POINT('',(180.,37.,150.64575131106));
#2730 = LINE('',#2731,#2732);
#2731 = CARTESIAN_POINT('',(150.,37.,150.64575131106));
#2732 = VECTOR('',#2733,1.);
#2733 = DIRECTION('',(-1.,0.,0.));
#2734 = ORIENTED_EDGE('',*,*,#345,.T.);
#2735 = ORIENTED_EDGE('',*,*,#2736,.T.);
#2736 = EDGE_CURVE('',#348,#2737,#2739,.T.);
#2737 = VERTEX_POINT('',#2738);
#2738 = CARTESIAN_POINT('',(150.,38.,148.));
#2739 = LINE('',#2740,#2741);
#2740 = CARTESIAN_POINT('',(150.,38.,148.));
#2741 = VECTOR('',#2742,1.);
#2742 = DIRECTION('',(-1.,0.,0.));
#2743 = ORIENTED_EDGE('',*,*,#2744,.T.);
#2744 = EDGE_CURVE('',#2737,#2745,#2747,.T.);
#2745 = VERTEX_POINT('',#2746);
#2746 = CARTESIAN_POINT('',(150.,34.,152.));
#2747 = CIRCLE('',#2748,4.);
#2748 = AXIS2_PLACEMENT_3D('',#2749,#2750,#2751);
#2749 = CARTESIAN_POINT('',(150.,34.,148.));
#2750 = DIRECTION('',(1.,0.,-0.));
#2751 = DIRECTION('',(0.,0.707106781187,0.707106781187));
#2752 = ORIENTED_EDGE('',*,*,#2753,.T.);
#2753 = EDGE_CURVE('',#2745,#2754,#2756,.T.);
#2754 = VERTEX_POINT('',#2755);
#2755 = CARTESIAN_POINT('',(180.,34.,152.));
#2756 = LINE('',#2757,#2758);
#2757 = CARTESIAN_POINT('',(150.,34.,152.));
#2758 = VECTOR('',#2759,1.);
#2759 = DIRECTION('',(1.,0.,0.));
#2760 = ORIENTED_EDGE('',*,*,#2761,.T.);
#2761 = EDGE_CURVE('',#2754,#2728,#2762,.T.);
#2762 = CIRCLE('',#2763,4.);
#2763 = AXIS2_PLACEMENT_3D('',#2764,#2765,#2766);
#2764 = CARTESIAN_POINT('',(180.,34.,148.));
#2765 = DIRECTION('',(-1.,0.,0.));
#2766 = DIRECTION('',(0.,0.707106781187,0.707106781187));
#2767 = CYLINDRICAL_SURFACE('',#2768,4.);
#2768 = AXIS2_PLACEMENT_3D('',#2769,#2770,#2771);
#2769 = CARTESIAN_POINT('',(150.,34.,148.));
#2770 = DIRECTION('',(1.,0.,0.));
#2771 = DIRECTION('',(0.,0.707106781187,0.707106781187));
#2772 = ADVANCED_FACE('',(#2773),#2784,.F.);
#2773 = FACE_BOUND('',#2774,.F.);
#2774 = EDGE_LOOP('',(#2775,#2776,#2782,#2783));
#2775 = ORIENTED_EDGE('',*,*,#2727,.F.);
#2776 = ORIENTED_EDGE('',*,*,#2777,.F.);
#2777 = EDGE_CURVE('',#2562,#2728,#2778,.T.);
#2778 = LINE('',#2779,#2780);
#2779 = CARTESIAN_POINT('',(180.,37.,112.775));
#2780 = VECTOR('',#2781,1.);
#2781 = DIRECTION('',(0.,0.,-1.));
#2782 = ORIENTED_EDGE('',*,*,#2561,.F.);
#2783 = ORIENTED_EDGE('',*,*,#356,.T.);
#2784 = PLANE('',#2785);
#2785 = AXIS2_PLACEMENT_3D('',#2786,#2787,#2788);
#2786 = CARTESIAN_POINT('',(173.4,37.,153.7));
#2787 = DIRECTION('',(0.,-1.,0.));
#2788 = DIRECTION('',(0.,0.,-1.));
#2789 = ADVANCED_FACE('',(#2790),#2808,.F.);
#2790 = FACE_BOUND('',#2791,.F.);
#2791 = EDGE_LOOP('',(#2792,#2800,#2801,#2802));
#2792 = ORIENTED_EDGE('',*,*,#2793,.F.);
#2793 = EDGE_CURVE('',#414,#2794,#2796,.T.);
#2794 = VERTEX_POINT('',#2795);
#2795 = CARTESIAN_POINT('',(180.,37.,124.85714285714));
#2796 = LINE('',#2797,#2798);
#2797 = CARTESIAN_POINT('',(164.7,37.,124.85714285714));
#2798 = VECTOR('',#2799,1.);
#2799 = DIRECTION('',(1.,0.,0.));
#2800 = ORIENTED_EDGE('',*,*,#413,.T.);
#2801 = ORIENTED_EDGE('',*,*,#1243,.F.);
#2802 = ORIENTED_EDGE('',*,*,#2803,.F.);
#2803 = EDGE_CURVE('',#2794,#1244,#2804,.T.);
#2804 = LINE('',#2805,#2806);
#2805 = CARTESIAN_POINT('',(180.,37.,112.775));
#2806 = VECTOR('',#2807,1.);
#2807 = DIRECTION('',(0.,0.,-1.));
#2808 = PLANE('',#2809);
#2809 = AXIS2_PLACEMENT_3D('',#2810,#2811,#2812);
#2810 = CARTESIAN_POINT('',(173.4,37.,153.7));
#2811 = DIRECTION('',(0.,-1.,0.));
#2812 = DIRECTION('',(0.,0.,-1.));
#2813 = ADVANCED_FACE('',(#2814),#2839,.F.);
#2814 = FACE_BOUND('',#2815,.F.);
#2815 = EDGE_LOOP('',(#2816,#2817,#2818,#2824,#2825,#2833));
#2816 = ORIENTED_EDGE('',*,*,#421,.T.);
#2817 = ORIENTED_EDGE('',*,*,#2793,.T.);
#2818 = ORIENTED_EDGE('',*,*,#2819,.T.);
#2819 = EDGE_CURVE('',#2794,#2652,#2820,.T.);
#2820 = LINE('',#2821,#2822);
#2821 = CARTESIAN_POINT('',(180.,6.571238938053,90.081415929204));
#2822 = VECTOR('',#2823,1.);
#2823 = DIRECTION('',(0.,-0.658504607869,-0.752576694707));
#2824 = ORIENTED_EDGE('',*,*,#2651,.F.);
#2825 = ORIENTED_EDGE('',*,*,#2826,.T.);
#2826 = EDGE_CURVE('',#2644,#2827,#2829,.T.);
#2827 = VERTEX_POINT('',#2828);
#2828 = CARTESIAN_POINT('',(156.,38.,126.));
#2829 = LINE('',#2830,#2831);
#2830 = CARTESIAN_POINT('',(156.,10.,94.));
#2831 = VECTOR('',#2832,1.);
#2832 = DIRECTION('',(0.,0.658504607869,0.752576694707));
#2833 = ORIENTED_EDGE('',*,*,#2834,.T.);
#2834 = EDGE_CURVE('',#2827,#422,#2835,.T.);
#2835 = LINE('',#2836,#2837);
#2836 = CARTESIAN_POINT('',(156.,38.,126.));
#2837 = VECTOR('',#2838,1.);
#2838 = DIRECTION('',(1.,0.,0.));
#2839 = PLANE('',#2840);
#2840 = AXIS2_PLACEMENT_3D('',#2841,#2842,#2843);
#2841 = CARTESIAN_POINT('',(156.,10.,94.));
#2842 = DIRECTION('',(0.,0.752576694707,-0.658504607869));
#2843 = DIRECTION('',(0.,0.658504607869,0.752576694707));
#2844 = ADVANCED_FACE('',(#2845),#2879,.F.);
#2845 = FACE_BOUND('',#2846,.F.);
#2846 = EDGE_LOOP('',(#2847,#2855,#2856,#2857,#2865,#2873));
#2847 = ORIENTED_EDGE('',*,*,#2848,.T.);
#2848 = EDGE_CURVE('',#2849,#430,#2851,.T.);
#2849 = VERTEX_POINT('',#2850);
#2850 = CARTESIAN_POINT('',(180.,37.,126.28571428571));
#2851 = LINE('',#2852,#2853);
#2852 = CARTESIAN_POINT('',(164.7,37.,126.28571428571));
#2853 = VECTOR('',#2854,1.);
#2854 = DIRECTION('',(-1.,0.,0.));
#2855 = ORIENTED_EDGE('',*,*,#429,.T.);
#2856 = ORIENTED_EDGE('',*,*,#2834,.F.);
#2857 = ORIENTED_EDGE('',*,*,#2858,.T.);
#2858 = EDGE_CURVE('',#2827,#2859,#2861,.T.);
#2859 = VERTEX_POINT('',#2860);
#2860 = CARTESIAN_POINT('',(156.,36.040793838106,126.55977318911));
#2861 = LINE('',#2862,#2863);
#2862 = CARTESIAN_POINT('',(156.,38.,126.));
#2863 = VECTOR('',#2864,1.);
#2864 = DIRECTION('',(0.,-0.961523947641,0.274721127897));
#2865 = ORIENTED_EDGE('',*,*,#2866,.F.);
#2866 = EDGE_CURVE('',#2867,#2859,#2869,.T.);
#2867 = VERTEX_POINT('',#2868);
#2868 = CARTESIAN_POINT('',(180.,36.040793838106,126.55977318911));
#2869 = LINE('',#2870,#2871);
#2870 = CARTESIAN_POINT('',(150.,36.040793838106,126.55977318911));
#2871 = VECTOR('',#2872,1.);
#2872 = DIRECTION('',(-1.,0.,0.));
#2873 = ORIENTED_EDGE('',*,*,#2874,.T.);
#2874 = EDGE_CURVE('',#2867,#2849,#2875,.T.);
#2875 = LINE('',#2876,#2877);
#2876 = CARTESIAN_POINT('',(180.,36.6,126.4));
#2877 = VECTOR('',#2878,1.);
#2878 = DIRECTION('',(0.,0.961523947641,-0.274721127897));
#2879 = PLANE('',#2880);
#2880 = AXIS2_PLACEMENT_3D('',#2881,#2882,#2883);
#2881 = CARTESIAN_POINT('',(156.,38.,126.));
#2882 = DIRECTION('',(0.,0.274721127897,0.961523947641));
#2883 = DIRECTION('',(0.,-0.961523947641,0.274721127897));
#2884 = ADVANCED_FACE('',(#2885),#2903,.F.);
#2885 = FACE_BOUND('',#2886,.F.);
#2886 = EDGE_LOOP('',(#2887,#2895,#2896,#2897));
#2887 = ORIENTED_EDGE('',*,*,#2888,.F.);
#2888 = EDGE_CURVE('',#438,#2889,#2891,.T.);
#2889 = VERTEX_POINT('',#2890);
#2890 = CARTESIAN_POINT('',(180.,37.,127.35424868893));
#2891 = LINE('',#2892,#2893);
#2892 = CARTESIAN_POINT('',(150.,37.,127.35424868893));
#2893 = VECTOR('',#2894,1.);
#2894 = DIRECTION('',(1.,0.,0.));
#2895 = ORIENTED_EDGE('',*,*,#437,.T.);
#2896 = ORIENTED_EDGE('',*,*,#2848,.F.);
#2897 = ORIENTED_EDGE('',*,*,#2898,.F.);
#2898 = EDGE_CURVE('',#2889,#2849,#2899,.T.);
#2899 = LINE('',#2900,#2901);
#2900 = CARTESIAN_POINT('',(180.,37.,112.775));
#2901 = VECTOR('',#2902,1.);
#2902 = DIRECTION('',(0.,0.,-1.));
#2903 = PLANE('',#2904);
#2904 = AXIS2_PLACEMENT_3D('',#2905,#2906,#2907);
#2905 = CARTESIAN_POINT('',(173.4,37.,153.7));
#2906 = DIRECTION('',(0.,-1.,0.));
#2907 = DIRECTION('',(0.,0.,-1.));
#2908 = ADVANCED_FACE('',(#2909),#2953,.F.);
#2909 = FACE_BOUND('',#2910,.F.);
#2910 = EDGE_LOOP('',(#2911,#2912,#2913,#2920,#2921,#2930,#2938,#2947));
#2911 = ORIENTED_EDGE('',*,*,#445,.T.);
#2912 = ORIENTED_EDGE('',*,*,#2888,.T.);
#2913 = ORIENTED_EDGE('',*,*,#2914,.T.);
#2914 = EDGE_CURVE('',#2889,#2867,#2915,.T.);
#2915 = CIRCLE('',#2916,4.);
#2916 = AXIS2_PLACEMENT_3D('',#2917,#2918,#2919);
#2917 = CARTESIAN_POINT('',(180.,34.,130.));
#2918 = DIRECTION('',(-1.,0.,0.));
#2919 = DIRECTION('',(0.,0.707106781187,-0.707106781187));
#2920 = ORIENTED_EDGE('',*,*,#2866,.T.);
#2921 = ORIENTED_EDGE('',*,*,#2922,.T.);
#2922 = EDGE_CURVE('',#2859,#2923,#2925,.T.);
#2923 = VERTEX_POINT('',#2924);
#2924 = CARTESIAN_POINT('',(156.,34.,126.));
#2925 = CIRCLE('',#2926,4.);
#2926 = AXIS2_PLACEMENT_3D('',#2927,#2928,#2929);
#2927 = CARTESIAN_POINT('',(156.,34.,130.));
#2928 = DIRECTION('',(-1.,0.,0.));
#2929 = DIRECTION('',(0.,0.707106781187,-0.707106781187));
#2930 = ORIENTED_EDGE('',*,*,#2931,.T.);
#2931 = EDGE_CURVE('',#2923,#2932,#2934,.T.);
#2932 = VERTEX_POINT('',#2933);
#2933 = CARTESIAN_POINT('',(150.,34.,126.));
#2934 = LINE('',#2935,#2936);
#2935 = CARTESIAN_POINT('',(150.,34.,126.));
#2936 = VECTOR('',#2937,1.);
#2937 = DIRECTION('',(-1.,0.,0.));
#2938 = ORIENTED_EDGE('',*,*,#2939,.T.);
#2939 = EDGE_CURVE('',#2932,#2940,#2942,.T.);
#2940 = VERTEX_POINT('',#2941);
#2941 = CARTESIAN_POINT('',(150.,38.,130.));
#2942 = CIRCLE('',#2943,4.);
#2943 = AXIS2_PLACEMENT_3D('',#2944,#2945,#2946);
#2944 = CARTESIAN_POINT('',(150.,34.,130.));
#2945 = DIRECTION('',(1.,-0.,0.));
#2946 = DIRECTION('',(0.,0.707106781187,-0.707106781187));
#2947 = ORIENTED_EDGE('',*,*,#2948,.T.);
#2948 = EDGE_CURVE('',#2940,#446,#2949,.T.);
#2949 = LINE('',#2950,#2951);
#2950 = CARTESIAN_POINT('',(150.,38.,130.));
#2951 = VECTOR('',#2952,1.);
#2952 = DIRECTION('',(1.,0.,0.));
#2953 = CYLINDRICAL_SURFACE('',#2954,4.);
#2954 = AXIS2_PLACEMENT_3D('',#2955,#2956,#2957);
#2955 = CARTESIAN_POINT('',(150.,34.,130.));
#2956 = DIRECTION('',(1.,0.,0.));
#2957 = DIRECTION('',(0.,0.707106781187,-0.707106781187));
#2958 = ADVANCED_FACE('',(#2959),#2970,.F.);
#2959 = FACE_BOUND('',#2960,.F.);
#2960 = EDGE_LOOP('',(#2961,#2962,#2963,#2969));
#2961 = ORIENTED_EDGE('',*,*,#454,.T.);
#2962 = ORIENTED_EDGE('',*,*,#2948,.F.);
#2963 = ORIENTED_EDGE('',*,*,#2964,.T.);
#2964 = EDGE_CURVE('',#2940,#2737,#2965,.T.);
#2965 = LINE('',#2966,#2967);
#2966 = CARTESIAN_POINT('',(150.,38.,126.));
#2967 = VECTOR('',#2968,1.);
#2968 = DIRECTION('',(0.,0.,1.));
#2969 = ORIENTED_EDGE('',*,*,#2736,.F.);
#2970 = PLANE('',#2971);
#2971 = AXIS2_PLACEMENT_3D('',#2972,#2973,#2974);
#2972 = CARTESIAN_POINT('',(150.,38.,126.));
#2973 = DIRECTION('',(0.,1.,0.));
#2974 = DIRECTION('',(0.,0.,1.));
#2975 = ADVANCED_FACE('',(#2976),#2987,.T.);
#2976 = FACE_BOUND('',#2977,.F.);
#2977 = EDGE_LOOP('',(#2978,#2979,#2985,#2986));
#2978 = ORIENTED_EDGE('',*,*,#1495,.F.);
#2979 = ORIENTED_EDGE('',*,*,#2980,.F.);
#2980 = EDGE_CURVE('',#1059,#1488,#2981,.T.);
#2981 = LINE('',#2982,#2983);
#2982 = CARTESIAN_POINT('',(152.3,13.7,155.7));
#2983 = VECTOR('',#2984,1.);
#2984 = DIRECTION('',(0.,0.,1.));
#2985 = ORIENTED_EDGE('',*,*,#1058,.F.);
#2986 = ORIENTED_EDGE('',*,*,#1009,.T.);
#2987 = PLANE('',#2988);
#2988 = AXIS2_PLACEMENT_3D('',#2989,#2990,#2991);
#2989 = CARTESIAN_POINT('',(142.7,13.7,155.7));
#2990 = DIRECTION('',(0.,-1.,0.));
#2991 = DIRECTION('',(1.,0.,0.));
#2992 = ADVANCED_FACE('',(#2993),#3003,.T.);
#2993 = FACE_BOUND('',#2994,.F.);
#2994 = EDGE_LOOP('',(#2995,#2996,#2997,#2998,#2999,#3000,#3001,#3002));
#2995 = ORIENTED_EDGE('',*,*,#1042,.T.);
#2996 = ORIENTED_EDGE('',*,*,#2666,.F.);
#2997 = ORIENTED_EDGE('',*,*,#1221,.F.);
#2998 = ORIENTED_EDGE('',*,*,#1178,.F.);
#2999 = ORIENTED_EDGE('',*,*,#1155,.F.);
#3000 = ORIENTED_EDGE('',*,*,#1129,.T.);
#3001 = ORIENTED_EDGE('',*,*,#1105,.T.);
#3002 = ORIENTED_EDGE('',*,*,#1081,.T.);
#3003 = PLANE('',#3004);
#3004 = AXIS2_PLACEMENT_3D('',#3005,#3006,#3007);
#3005 = CARTESIAN_POINT('',(148.,17.,76.));
#3006 = DIRECTION('',(1.,0.,0.));
#3007 = DIRECTION('',(0.,0.,-1.));
#3008 = ADVANCED_FACE('',(#3009),#3022,.T.);
#3009 = FACE_BOUND('',#3010,.F.);
#3010 = EDGE_LOOP('',(#3011,#3012,#3019,#3020,#3021));
#3011 = ORIENTED_EDGE('',*,*,#1487,.F.);
#3012 = ORIENTED_EDGE('',*,*,#3013,.F.);
#3013 = EDGE_CURVE('',#2674,#1480,#3014,.T.);
#3014 = CIRCLE('',#3015,3.);
#3015 = AXIS2_PLACEMENT_3D('',#3016,#3017,#3018);
#3016 = CARTESIAN_POINT('',(152.3,23.,163.));
#3017 = DIRECTION('',(1.,0.,-0.));
#3018 = DIRECTION('',(0.,0.707106781187,0.707106781187));
#3019 = ORIENTED_EDGE('',*,*,#2673,.F.);
#3020 = ORIENTED_EDGE('',*,*,#1066,.F.);
#3021 = ORIENTED_EDGE('',*,*,#2980,.T.);
#3022 = PLANE('',#3023);
#3023 = AXIS2_PLACEMENT_3D('',#3024,#3025,#3026);
#3024 = CARTESIAN_POINT('',(152.3,13.7,155.7));
#3025 = DIRECTION('',(1.,0.,0.));
#3026 = DIRECTION('',(0.,1.,0.));
#3027 = ADVANCED_FACE('',(#3028),#3035,.T.);
#3028 = FACE_BOUND('',#3029,.T.);
#3029 = EDGE_LOOP('',(#3030,#3031,#3032,#3033,#3034));
#3030 = ORIENTED_EDGE('',*,*,#2803,.F.);
#3031 = ORIENTED_EDGE('',*,*,#2819,.T.);
#3032 = ORIENTED_EDGE('',*,*,#2659,.T.);
#3033 = ORIENTED_EDGE('',*,*,#1203,.T.);
#3034 = ORIENTED_EDGE('',*,*,#1260,.T.);
#3035 = PLANE('',#3036);
#3036 = AXIS2_PLACEMENT_3D('',#3037,#3038,#3039);
#3037 = CARTESIAN_POINT('',(180.,21.34253990751,111.83682448145));
#3038 = DIRECTION('',(1.,0.,0.));
#3039 = DIRECTION('',(-0.,0.,1.));
#3040 = ADVANCED_FACE('',(#3041),#3066,.T.);
#3041 = FACE_BOUND('',#3042,.F.);
#3042 = EDGE_LOOP('',(#3043,#3044,#3052,#3060));
#3043 = ORIENTED_EDGE('',*,*,#1379,.F.);
#3044 = ORIENTED_EDGE('',*,*,#3045,.T.);
#3045 = EDGE_CURVE('',#1380,#3046,#3048,.T.);
#3046 = VERTEX_POINT('',#3047);
#3047 = CARTESIAN_POINT('',(157.65025253169,0.,173.4));
#3048 = LINE('',#3049,#3050);
#3049 = CARTESIAN_POINT('',(157.65025253169,11.,173.4));
#3050 = VECTOR('',#3051,1.);
#3051 = DIRECTION('',(0.,-1.,0.));
#3052 = ORIENTED_EDGE('',*,*,#3053,.F.);
#3053 = EDGE_CURVE('',#3054,#3046,#3056,.T.);
#3054 = VERTEX_POINT('',#3055);
#3055 = CARTESIAN_POINT('',(159.52512626584,0.,171.52512626584));
#3056 = LINE('',#3057,#3058);
#3057 = CARTESIAN_POINT('',(150.58768939877,0.,180.46256313292));
#3058 = VECTOR('',#3059,1.);
#3059 = DIRECTION('',(-0.707106781187,0.,0.707106781187));
#3060 = ORIENTED_EDGE('',*,*,#3061,.F.);
#3061 = EDGE_CURVE('',#1382,#3054,#3062,.T.);
#3062 = LINE('',#3063,#3064);
#3063 = CARTESIAN_POINT('',(159.52512626584,11.,171.52512626584));
#3064 = VECTOR('',#3065,1.);
#3065 = DIRECTION('',(0.,-1.,0.));
#3066 = PLANE('',#3067);
#3067 = AXIS2_PLACEMENT_3D('',#3068,#3069,#3070);
#3068 = CARTESIAN_POINT('',(157.65025253169,11.,173.4));
#3069 = DIRECTION('',(-0.707106781187,0.,-0.707106781187));
#3070 = DIRECTION('',(0.707106781187,0.,-0.707106781187));
#3071 = ADVANCED_FACE('',(#3072),#3090,.T.);
#3072 = FACE_BOUND('',#3073,.F.);
#3073 = EDGE_LOOP('',(#3074,#3075,#3083,#3089));
#3074 = ORIENTED_EDGE('',*,*,#1406,.F.);
#3075 = ORIENTED_EDGE('',*,*,#3076,.T.);
#3076 = EDGE_CURVE('',#1399,#3077,#3079,.T.);
#3077 = VERTEX_POINT('',#3078);
#3078 = CARTESIAN_POINT('',(157.65025253169,0.,174.6));
#3079 = LINE('',#3080,#3081);
#3080 = CARTESIAN_POINT('',(157.65025253169,11.,174.6));
#3081 = VECTOR('',#3082,1.);
#3082 = DIRECTION('',(0.,-1.,0.));
#3083 = ORIENTED_EDGE('',*,*,#3084,.F.);
#3084 = EDGE_CURVE('',#3046,#3077,#3085,.T.);
#3085 = LINE('',#3086,#3087);
#3086 = CARTESIAN_POINT('',(157.65025253169,0.,179.3));
#3087 = VECTOR('',#3088,1.);
#3088 = DIRECTION('',(0.,0.,1.));
#3089 = ORIENTED_EDGE('',*,*,#3045,.F.);
#3090 = PLANE('',#3091);
#3091 = AXIS2_PLACEMENT_3D('',#3092,#3093,#3094);
#3092 = CARTESIAN_POINT('',(157.65025253169,11.,174.6));
#3093 = DIRECTION('',(-1.,0.,0.));
#3094 = DIRECTION('',(0.,0.,-1.));
#3095 = ADVANCED_FACE('',(#3096),#3115,.T.);
#3096 = FACE_BOUND('',#3097,.T.);
#3097 = EDGE_LOOP('',(#3098,#3106,#3113,#3114));
#3098 = ORIENTED_EDGE('',*,*,#3099,.T.);
#3099 = EDGE_CURVE('',#1390,#3100,#3102,.T.);
#3100 = VERTEX_POINT('',#3101);
#3101 = CARTESIAN_POINT('',(159.52512626584,0.,176.47487373415));
#3102 = LINE('',#3103,#3104);
#3103 = CARTESIAN_POINT('',(159.52512626584,11.,176.47487373415));
#3104 = VECTOR('',#3105,1.);
#3105 = DIRECTION('',(0.,-1.,0.));
#3106 = ORIENTED_EDGE('',*,*,#3107,.T.);
#3107 = EDGE_CURVE('',#3100,#3054,#3108,.T.);
#3108 = CIRCLE('',#3109,3.5);
#3109 = AXIS2_PLACEMENT_3D('',#3110,#3111,#3112);
#3110 = CARTESIAN_POINT('',(162.,0.,174.));
#3111 = DIRECTION('',(-0.,1.,0.));
#3112 = DIRECTION('',(1.,0.,0.));
#3113 = ORIENTED_EDGE('',*,*,#3061,.F.);
#3114 = ORIENTED_EDGE('',*,*,#1389,.T.);
#3115 = CYLINDRICAL_SURFACE('',#3116,3.5);
#3116 = AXIS2_PLACEMENT_3D('',#3117,#3118,#3119);
#3117 = CARTESIAN_POINT('',(162.,11.,174.));
#3118 = DIRECTION('',(0.,-1.,0.));
#3119 = DIRECTION('',(1.,0.,0.));
#3120 = ADVANCED_FACE('',(#3121),#3132,.T.);
#3121 = FACE_BOUND('',#3122,.F.);
#3122 = EDGE_LOOP('',(#3123,#3124,#3125,#3131));
#3123 = ORIENTED_EDGE('',*,*,#1398,.F.);
#3124 = ORIENTED_EDGE('',*,*,#3099,.T.);
#3125 = ORIENTED_EDGE('',*,*,#3126,.F.);
#3126 = EDGE_CURVE('',#3077,#3100,#3127,.T.);
#3127 = LINE('',#3128,#3129);
#3128 = CARTESIAN_POINT('',(156.52512626584,0.,173.47487373415));
#3129 = VECTOR('',#3130,1.);
#3130 = DIRECTION('',(0.707106781187,0.,0.707106781187));
#3131 = ORIENTED_EDGE('',*,*,#3076,.F.);
#3132 = PLANE('',#3133);
#3133 = AXIS2_PLACEMENT_3D('',#3134,#3135,#3136);
#3134 = CARTESIAN_POINT('',(159.52512626584,11.,176.47487373415));
#3135 = DIRECTION('',(-0.707106781187,0.,0.707106781187));
#3136 = DIRECTION('',(-0.707106781187,0.,-0.707106781187));
#3137 = ADVANCED_FACE('',(#3138),#3150,.F.);
#3138 = FACE_BOUND('',#3139,.F.);
#3139 = EDGE_LOOP('',(#3140,#3147,#3148,#3149));
#3140 = ORIENTED_EDGE('',*,*,#3141,.T.);
#3141 = EDGE_CURVE('',#1472,#2682,#3142,.T.);
#3142 = ELLIPSE('',#3143,4.242640687119,3.);
#3143 = AXIS2_PLACEMENT_3D('',#3144,#3145,#3146);
#3144 = CARTESIAN_POINT('',(158.4,23.,163.));
#3145 = DIRECTION('',(-0.707106781187,-0.707106781187,-0.));
#3146 = DIRECTION('',(-0.707106781187,0.707106781187,0.));
#3147 = ORIENTED_EDGE('',*,*,#2681,.T.);
#3148 = ORIENTED_EDGE('',*,*,#3013,.T.);
#3149 = ORIENTED_EDGE('',*,*,#1479,.T.);
#3150 = CYLINDRICAL_SURFACE('',#3151,3.);
#3151 = AXIS2_PLACEMENT_3D('',#3152,#3153,#3154);
#3152 = CARTESIAN_POINT('',(140.,23.,163.));
#3153 = DIRECTION('',(1.,0.,0.));
#3154 = DIRECTION('',(0.,0.707106781187,0.707106781187));
#3155 = ADVANCED_FACE('',(#3156),#3175,.T.);
#3156 = FACE_BOUND('',#3157,.F.);
#3157 = EDGE_LOOP('',(#3158,#3159,#3167,#3173,#3174));
#3158 = ORIENTED_EDGE('',*,*,#1471,.F.);
#3159 = ORIENTED_EDGE('',*,*,#3160,.F.);
#3160 = EDGE_CURVE('',#3161,#1464,#3163,.T.);
#3161 = VERTEX_POINT('',#3162);
#3162 = CARTESIAN_POINT('',(167.7,13.7,155.7));
#3163 = LINE('',#3164,#3165);
#3164 = CARTESIAN_POINT('',(167.7,13.7,155.7));
#3165 = VECTOR('',#3166,1.);
#3166 = DIRECTION('',(0.,0.,1.));
#3167 = ORIENTED_EDGE('',*,*,#3168,.F.);
#3168 = EDGE_CURVE('',#2586,#3161,#3169,.T.);
#3169 = LINE('',#3170,#3171);
#3170 = CARTESIAN_POINT('',(154.5,26.9,155.7));
#3171 = VECTOR('',#3172,1.);
#3172 = DIRECTION('',(0.707106781187,-0.707106781187,0.));
#3173 = ORIENTED_EDGE('',*,*,#2689,.F.);
#3174 = ORIENTED_EDGE('',*,*,#3141,.F.);
#3175 = PLANE('',#3176);
#3176 = AXIS2_PLACEMENT_3D('',#3177,#3178,#3179);
#3177 = CARTESIAN_POINT('',(154.5,26.9,155.7));
#3178 = DIRECTION('',(-0.707106781187,-0.707106781187,0.));
#3179 = DIRECTION('',(0.707106781187,-0.707106781187,0.));
#3180 = ADVANCED_FACE('',(#3181),#3199,.T.);
#3181 = FACE_BOUND('',#3182,.F.);
#3182 = EDGE_LOOP('',(#3183,#3184,#3192,#3198));
#3183 = ORIENTED_EDGE('',*,*,#1463,.F.);
#3184 = ORIENTED_EDGE('',*,*,#3185,.F.);
#3185 = EDGE_CURVE('',#3186,#1456,#3188,.T.);
#3186 = VERTEX_POINT('',#3187);
#3187 = CARTESIAN_POINT('',(177.3,13.7,155.7));
#3188 = LINE('',#3189,#3190);
#3189 = CARTESIAN_POINT('',(177.3,13.7,155.7));
#3190 = VECTOR('',#3191,1.);
#3191 = DIRECTION('',(0.,0.,1.));
#3192 = ORIENTED_EDGE('',*,*,#3193,.F.);
#3193 = EDGE_CURVE('',#3161,#3186,#3194,.T.);
#3194 = LINE('',#3195,#3196);
#3195 = CARTESIAN_POINT('',(167.7,13.7,155.7));
#3196 = VECTOR('',#3197,1.);
#3197 = DIRECTION('',(1.,0.,0.));
#3198 = ORIENTED_EDGE('',*,*,#3160,.T.);
#3199 = PLANE('',#3200);
#3200 = AXIS2_PLACEMENT_3D('',#3201,#3202,#3203);
#3201 = CARTESIAN_POINT('',(167.7,13.7,155.7));
#3202 = DIRECTION('',(0.,-1.,0.));
#3203 = DIRECTION('',(1.,0.,0.));
#3204 = ADVANCED_FACE('',(#3205),#3217,.T.);
#3205 = FACE_BOUND('',#3206,.F.);
#3206 = EDGE_LOOP('',(#3207,#3208,#3209,#3210,#3216));
#3207 = ORIENTED_EDGE('',*,*,#1455,.F.);
#3208 = ORIENTED_EDGE('',*,*,#2704,.F.);
#3209 = ORIENTED_EDGE('',*,*,#2595,.F.);
#3210 = ORIENTED_EDGE('',*,*,#3211,.F.);
#3211 = EDGE_CURVE('',#3186,#2588,#3212,.T.);
#3212 = LINE('',#3213,#3214);
#3213 = CARTESIAN_POINT('',(177.3,13.7,155.7));
#3214 = VECTOR('',#3215,1.);
#3215 = DIRECTION('',(0.,1.,0.));
#3216 = ORIENTED_EDGE('',*,*,#3185,.T.);
#3217 = PLANE('',#3218);
#3218 = AXIS2_PLACEMENT_3D('',#3219,#3220,#3221);
#3219 = CARTESIAN_POINT('',(177.3,13.7,155.7));
#3220 = DIRECTION('',(1.,0.,0.));
#3221 = DIRECTION('',(0.,1.,0.));
#3222 = ADVANCED_FACE('',(#3223),#3234,.F.);
#3223 = FACE_BOUND('',#3224,.F.);
#3224 = EDGE_LOOP('',(#3225,#3226,#3227,#3228));
#3225 = ORIENTED_EDGE('',*,*,#2076,.T.);
#3226 = ORIENTED_EDGE('',*,*,#1535,.F.);
#3227 = ORIENTED_EDGE('',*,*,#1567,.T.);
#3228 = ORIENTED_EDGE('',*,*,#3229,.T.);
#3229 = EDGE_CURVE('',#1560,#2069,#3230,.T.);
#3230 = LINE('',#3231,#3232);
#3231 = CARTESIAN_POINT('',(-152.3,13.7,155.7));
#3232 = VECTOR('',#3233,1.);
#3233 = DIRECTION('',(0.,0.,1.));
#3234 = PLANE('',#3235);
#3235 = AXIS2_PLACEMENT_3D('',#3236,#3237,#3238);
#3236 = CARTESIAN_POINT('',(-142.7,13.7,155.7));
#3237 = DIRECTION('',(0.,1.,0.));
#3238 = DIRECTION('',(-1.,0.,0.));
#3239 = ADVANCED_FACE('',(#3240),#3253,.F.);
#3240 = FACE_BOUND('',#3241,.F.);
#3241 = EDGE_LOOP('',(#3242,#3243,#3244,#3245,#3246));
#3242 = ORIENTED_EDGE('',*,*,#2068,.T.);
#3243 = ORIENTED_EDGE('',*,*,#3229,.F.);
#3244 = ORIENTED_EDGE('',*,*,#1559,.T.);
#3245 = ORIENTED_EDGE('',*,*,#2507,.T.);
#3246 = ORIENTED_EDGE('',*,*,#3247,.T.);
#3247 = EDGE_CURVE('',#2508,#2061,#3248,.T.);
#3248 = CIRCLE('',#3249,3.);
#3249 = AXIS2_PLACEMENT_3D('',#3250,#3251,#3252);
#3250 = CARTESIAN_POINT('',(-152.3,23.,163.));
#3251 = DIRECTION('',(1.,0.,-0.));
#3252 = DIRECTION('',(0.,0.707106781187,0.707106781187));
#3253 = PLANE('',#3254);
#3254 = AXIS2_PLACEMENT_3D('',#3255,#3256,#3257);
#3255 = CARTESIAN_POINT('',(-152.3,13.7,155.7));
#3256 = DIRECTION('',(1.,0.,0.));
#3257 = DIRECTION('',(0.,1.,0.));
#3258 = ADVANCED_FACE('',(#3259),#3269,.F.);
#3259 = FACE_BOUND('',#3260,.F.);
#3260 = EDGE_LOOP('',(#3261,#3262,#3263,#3264,#3265,#3266,#3267,#3268));
#3261 = ORIENTED_EDGE('',*,*,#1583,.F.);
#3262 = ORIENTED_EDGE('',*,*,#1607,.F.);
#3263 = ORIENTED_EDGE('',*,*,#1622,.F.);
#3264 = ORIENTED_EDGE('',*,*,#1646,.F.);
#3265 = ORIENTED_EDGE('',*,*,#1681,.T.);
#3266 = ORIENTED_EDGE('',*,*,#1695,.T.);
#3267 = ORIENTED_EDGE('',*,*,#1738,.T.);
#3268 = ORIENTED_EDGE('',*,*,#2500,.T.);
#3269 = PLANE('',#3270);
#3270 = AXIS2_PLACEMENT_3D('',#3271,#3272,#3273);
#3271 = CARTESIAN_POINT('',(-148.,17.,76.));
#3272 = DIRECTION('',(1.,0.,0.));
#3273 = DIRECTION('',(0.,0.,-1.));
#3274 = ADVANCED_FACE('',(#3275),#3294,.F.);
#3275 = FACE_BOUND('',#3276,.F.);
#3276 = EDGE_LOOP('',(#3277,#3285,#3291,#3292,#3293));
#3277 = ORIENTED_EDGE('',*,*,#3278,.F.);
#3278 = EDGE_CURVE('',#3279,#1761,#3281,.T.);
#3279 = VERTEX_POINT('',#3280);
#3280 = CARTESIAN_POINT('',(-180.,37.,124.85714285714));
#3281 = LINE('',#3282,#3283);
#3282 = CARTESIAN_POINT('',(-180.,37.,112.775));
#3283 = VECTOR('',#3284,1.);
#3284 = DIRECTION('',(0.,0.,-1.));
#3285 = ORIENTED_EDGE('',*,*,#3286,.T.);
#3286 = EDGE_CURVE('',#3279,#2486,#3287,.T.);
#3287 = LINE('',#3288,#3289);
#3288 = CARTESIAN_POINT('',(-180.,6.571238938053,90.081415929204));
#3289 = VECTOR('',#3290,1.);
#3290 = DIRECTION('',(0.,-0.658504607869,-0.752576694707));
#3291 = ORIENTED_EDGE('',*,*,#2493,.T.);
#3292 = ORIENTED_EDGE('',*,*,#1720,.T.);
#3293 = ORIENTED_EDGE('',*,*,#1770,.T.);
#3294 = PLANE('',#3295);
#3295 = AXIS2_PLACEMENT_3D('',#3296,#3297,#3298);
#3296 = CARTESIAN_POINT('',(-180.,21.34253990751,111.83682448145));
#3297 = DIRECTION('',(1.,0.,0.));
#3298 = DIRECTION('',(-0.,0.,1.));
#3299 = ADVANCED_FACE('',(#3300),#3311,.T.);
#3300 = FACE_BOUND('',#3301,.F.);
#3301 = EDGE_LOOP('',(#3302,#3308,#3309,#3310));
#3302 = ORIENTED_EDGE('',*,*,#3303,.T.);
#3303 = EDGE_CURVE('',#2349,#3279,#3304,.T.);
#3304 = LINE('',#3305,#3306);
#3305 = CARTESIAN_POINT('',(-164.7,37.,124.85714285714));
#3306 = VECTOR('',#3307,1.);
#3307 = DIRECTION('',(-1.,0.,0.));
#3308 = ORIENTED_EDGE('',*,*,#3278,.T.);
#3309 = ORIENTED_EDGE('',*,*,#1760,.T.);
#3310 = ORIENTED_EDGE('',*,*,#2356,.F.);
#3311 = PLANE('',#3312);
#3312 = AXIS2_PLACEMENT_3D('',#3313,#3314,#3315);
#3313 = CARTESIAN_POINT('',(-173.4,37.,153.7));
#3314 = DIRECTION('',(0.,1.,0.));
#3315 = DIRECTION('',(0.,0.,-1.));
#3316 = ADVANCED_FACE('',(#3317),#3342,.F.);
#3317 = FACE_BOUND('',#3318,.F.);
#3318 = EDGE_LOOP('',(#3319,#3320,#3328,#3336));
#3319 = ORIENTED_EDGE('',*,*,#1960,.T.);
#3320 = ORIENTED_EDGE('',*,*,#3321,.T.);
#3321 = EDGE_CURVE('',#1963,#3322,#3324,.T.);
#3322 = VERTEX_POINT('',#3323);
#3323 = CARTESIAN_POINT('',(-159.5251262658,0.,171.52512626584));
#3324 = LINE('',#3325,#3326);
#3325 = CARTESIAN_POINT('',(-159.5251262658,11.,171.52512626584));
#3326 = VECTOR('',#3327,1.);
#3327 = DIRECTION('',(0.,-1.,0.));
#3328 = ORIENTED_EDGE('',*,*,#3329,.T.);
#3329 = EDGE_CURVE('',#3322,#3330,#3332,.T.);
#3330 = VERTEX_POINT('',#3331);
#3331 = CARTESIAN_POINT('',(-157.6502525316,0.,173.4));
#3332 = LINE('',#3333,#3334);
#3333 = CARTESIAN_POINT('',(-150.5876893987,0.,180.46256313292));
#3334 = VECTOR('',#3335,1.);
#3335 = DIRECTION('',(0.707106781187,0.,0.707106781187));
#3336 = ORIENTED_EDGE('',*,*,#3337,.F.);
#3337 = EDGE_CURVE('',#1961,#3330,#3338,.T.);
#3338 = LINE('',#3339,#3340);
#3339 = CARTESIAN_POINT('',(-157.6502525316,11.,173.4));
#3340 = VECTOR('',#3341,1.);
#3341 = DIRECTION('',(0.,-1.,0.));
#3342 = PLANE('',#3343);
#3343 = AXIS2_PLACEMENT_3D('',#3344,#3345,#3346);
#3344 = CARTESIAN_POINT('',(-157.6502525316,11.,173.4));
#3345 = DIRECTION('',(-0.707106781187,0.,0.707106781187));
#3346 = DIRECTION('',(-0.707106781187,0.,-0.707106781187));
#3347 = ADVANCED_FACE('',(#3348),#3366,.F.);
#3348 = FACE_BOUND('',#3349,.F.);
#3349 = EDGE_LOOP('',(#3350,#3351,#3352,#3360));
#3350 = ORIENTED_EDGE('',*,*,#1987,.T.);
#3351 = ORIENTED_EDGE('',*,*,#3337,.T.);
#3352 = ORIENTED_EDGE('',*,*,#3353,.T.);
#3353 = EDGE_CURVE('',#3330,#3354,#3356,.T.);
#3354 = VERTEX_POINT('',#3355);
#3355 = CARTESIAN_POINT('',(-157.6502525316,0.,174.6));
#3356 = LINE('',#3357,#3358);
#3357 = CARTESIAN_POINT('',(-157.6502525316,0.,179.3));
#3358 = VECTOR('',#3359,1.);
#3359 = DIRECTION('',(0.,0.,1.));
#3360 = ORIENTED_EDGE('',*,*,#3361,.F.);
#3361 = EDGE_CURVE('',#1980,#3354,#3362,.T.);
#3362 = LINE('',#3363,#3364);
#3363 = CARTESIAN_POINT('',(-157.6502525316,11.,174.6));
#3364 = VECTOR('',#3365,1.);
#3365 = DIRECTION('',(0.,-1.,0.));
#3366 = PLANE('',#3367);
#3367 = AXIS2_PLACEMENT_3D('',#3368,#3369,#3370);
#3368 = CARTESIAN_POINT('',(-157.6502525316,11.,174.6));
#3369 = DIRECTION('',(-1.,0.,0.));
#3370 = DIRECTION('',(0.,0.,-1.));
#3371 = ADVANCED_FACE('',(#3372),#3391,.T.);
#3372 = FACE_BOUND('',#3373,.T.);
#3373 = EDGE_LOOP('',(#3374,#3375,#3384,#3390));
#3374 = ORIENTED_EDGE('',*,*,#3321,.T.);
#3375 = ORIENTED_EDGE('',*,*,#3376,.F.);
#3376 = EDGE_CURVE('',#3377,#3322,#3379,.T.);
#3377 = VERTEX_POINT('',#3378);
#3378 = CARTESIAN_POINT('',(-159.5251262658,0.,176.47487373415));
#3379 = CIRCLE('',#3380,3.5);
#3380 = AXIS2_PLACEMENT_3D('',#3381,#3382,#3383);
#3381 = CARTESIAN_POINT('',(-162.,0.,174.));
#3382 = DIRECTION('',(-0.,-1.,-0.));
#3383 = DIRECTION('',(-1.,0.,0.));
#3384 = ORIENTED_EDGE('',*,*,#3385,.F.);
#3385 = EDGE_CURVE('',#1971,#3377,#3386,.T.);
#3386 = LINE('',#3387,#3388);
#3387 = CARTESIAN_POINT('',(-159.5251262658,11.,176.47487373415));
#3388 = VECTOR('',#3389,1.);
#3389 = DIRECTION('',(0.,-1.,0.));
#3390 = ORIENTED_EDGE('',*,*,#1970,.F.);
#3391 = CYLINDRICAL_SURFACE('',#3392,3.5);
#3392 = AXIS2_PLACEMENT_3D('',#3393,#3394,#3395);
#3393 = CARTESIAN_POINT('',(-162.,11.,174.));
#3394 = DIRECTION('',(0.,1.,0.));
#3395 = DIRECTION('',(-1.,0.,0.));
#3396 = ADVANCED_FACE('',(#3397),#3408,.F.);
#3397 = FACE_BOUND('',#3398,.F.);
#3398 = EDGE_LOOP('',(#3399,#3400,#3401,#3407));
#3399 = ORIENTED_EDGE('',*,*,#1979,.T.);
#3400 = ORIENTED_EDGE('',*,*,#3361,.T.);
#3401 = ORIENTED_EDGE('',*,*,#3402,.T.);
#3402 = EDGE_CURVE('',#3354,#3377,#3403,.T.);
#3403 = LINE('',#3404,#3405);
#3404 = CARTESIAN_POINT('',(-156.5251262658,0.,173.47487373415));
#3405 = VECTOR('',#3406,1.);
#3406 = DIRECTION('',(-0.707106781187,0.,0.707106781187));
#3407 = ORIENTED_EDGE('',*,*,#3385,.F.);
#3408 = PLANE('',#3409);
#3409 = AXIS2_PLACEMENT_3D('',#3410,#3411,#3412);
#3410 = CARTESIAN_POINT('',(-159.5251262658,11.,176.47487373415));
#3411 = DIRECTION('',(-0.707106781187,0.,-0.707106781187));
#3412 = DIRECTION('',(0.707106781187,0.,-0.707106781187));
#3413 = ADVANCED_FACE('',(#3414),#3426,.F.);
#3414 = FACE_BOUND('',#3415,.F.);
#3415 = EDGE_LOOP('',(#3416,#3423,#3424,#3425));
#3416 = ORIENTED_EDGE('',*,*,#3417,.F.);
#3417 = EDGE_CURVE('',#2053,#2516,#3418,.T.);
#3418 = ELLIPSE('',#3419,4.242640687119,3.);
#3419 = AXIS2_PLACEMENT_3D('',#3420,#3421,#3422);
#3420 = CARTESIAN_POINT('',(-158.4,23.,163.));
#3421 = DIRECTION('',(-0.707106781187,0.707106781187,0.));
#3422 = DIRECTION('',(0.707106781187,0.707106781187,0.));
#3423 = ORIENTED_EDGE('',*,*,#2060,.F.);
#3424 = ORIENTED_EDGE('',*,*,#3247,.F.);
#3425 = ORIENTED_EDGE('',*,*,#2515,.F.);
#3426 = CYLINDRICAL_SURFACE('',#3427,3.);
#3427 = AXIS2_PLACEMENT_3D('',#3428,#3429,#3430);
#3428 = CARTESIAN_POINT('',(-140.,23.,163.));
#3429 = DIRECTION('',(1.,0.,0.));
#3430 = DIRECTION('',(0.,0.707106781187,0.707106781187));
#3431 = ADVANCED_FACE('',(#3432),#3451,.F.);
#3432 = FACE_BOUND('',#3433,.F.);
#3433 = EDGE_LOOP('',(#3434,#3435,#3436,#3437,#3445));
#3434 = ORIENTED_EDGE('',*,*,#2052,.T.);
#3435 = ORIENTED_EDGE('',*,*,#3417,.T.);
#3436 = ORIENTED_EDGE('',*,*,#2523,.T.);
#3437 = ORIENTED_EDGE('',*,*,#3438,.T.);
#3438 = EDGE_CURVE('',#2420,#3439,#3441,.T.);
#3439 = VERTEX_POINT('',#3440);
#3440 = CARTESIAN_POINT('',(-167.7,13.7,155.7));
#3441 = LINE('',#3442,#3443);
#3442 = CARTESIAN_POINT('',(-154.5,26.9,155.7));
#3443 = VECTOR('',#3444,1.);
#3444 = DIRECTION('',(-0.707106781187,-0.707106781187,0.));
#3445 = ORIENTED_EDGE('',*,*,#3446,.T.);
#3446 = EDGE_CURVE('',#3439,#2045,#3447,.T.);
#3447 = LINE('',#3448,#3449);
#3448 = CARTESIAN_POINT('',(-167.7,13.7,155.7));
#3449 = VECTOR('',#3450,1.);
#3450 = DIRECTION('',(0.,0.,1.));
#3451 = PLANE('',#3452);
#3452 = AXIS2_PLACEMENT_3D('',#3453,#3454,#3455);
#3453 = CARTESIAN_POINT('',(-154.5,26.9,155.7));
#3454 = DIRECTION('',(-0.707106781187,0.707106781187,0.));
#3455 = DIRECTION('',(-0.707106781187,-0.707106781187,0.));
#3456 = ADVANCED_FACE('',(#3457),#3475,.F.);
#3457 = FACE_BOUND('',#3458,.F.);
#3458 = EDGE_LOOP('',(#3459,#3460,#3461,#3469));
#3459 = ORIENTED_EDGE('',*,*,#2044,.T.);
#3460 = ORIENTED_EDGE('',*,*,#3446,.F.);
#3461 = ORIENTED_EDGE('',*,*,#3462,.T.);
#3462 = EDGE_CURVE('',#3439,#3463,#3465,.T.);
#3463 = VERTEX_POINT('',#3464);
#3464 = CARTESIAN_POINT('',(-177.3,13.7,155.7));
#3465 = LINE('',#3466,#3467);
#3466 = CARTESIAN_POINT('',(-167.7,13.7,155.7));
#3467 = VECTOR('',#3468,1.);
#3468 = DIRECTION('',(-1.,0.,0.));
#3469 = ORIENTED_EDGE('',*,*,#3470,.T.);
#3470 = EDGE_CURVE('',#3463,#2037,#3471,.T.);
#3471 = LINE('',#3472,#3473);
#3472 = CARTESIAN_POINT('',(-177.3,13.7,155.7));
#3473 = VECTOR('',#3474,1.);
#3474 = DIRECTION('',(0.,0.,1.));
#3475 = PLANE('',#3476);
#3476 = AXIS2_PLACEMENT_3D('',#3477,#3478,#3479);
#3477 = CARTESIAN_POINT('',(-167.7,13.7,155.7));
#3478 = DIRECTION('',(0.,1.,0.));
#3479 = DIRECTION('',(-1.,0.,0.));
#3480 = ADVANCED_FACE('',(#3481),#3493,.F.);
#3481 = FACE_BOUND('',#3482,.F.);
#3482 = EDGE_LOOP('',(#3483,#3484,#3485,#3491,#3492));
#3483 = ORIENTED_EDGE('',*,*,#2036,.T.);
#3484 = ORIENTED_EDGE('',*,*,#3470,.F.);
#3485 = ORIENTED_EDGE('',*,*,#3486,.T.);
#3486 = EDGE_CURVE('',#3463,#2422,#3487,.T.);
#3487 = LINE('',#3488,#3489);
#3488 = CARTESIAN_POINT('',(-177.3,13.7,155.7));
#3489 = VECTOR('',#3490,1.);
#3490 = DIRECTION('',(0.,1.,0.));
#3491 = ORIENTED_EDGE('',*,*,#2429,.T.);
#3492 = ORIENTED_EDGE('',*,*,#2537,.T.);
#3493 = PLANE('',#3494);
#3494 = AXIS2_PLACEMENT_3D('',#3495,#3496,#3497);
#3495 = CARTESIAN_POINT('',(-177.3,13.7,155.7));
#3496 = DIRECTION('',(1.,0.,0.));
#3497 = DIRECTION('',(0.,1.,0.));
#3498 = ADVANCED_FACE('',(#3499),#3510,.F.);
#3499 = FACE_BOUND('',#3500,.F.);
#3500 = EDGE_LOOP('',(#3501,#3507,#3508,#3509));
#3501 = ORIENTED_EDGE('',*,*,#3502,.T.);
#3502 = EDGE_CURVE('',#2156,#2100,#3503,.T.);
#3503 = LINE('',#3504,#3505);
#3504 = CARTESIAN_POINT('',(0.2,2.,197.));
#3505 = VECTOR('',#3506,1.);
#3506 = DIRECTION('',(1.,0.,0.));
#3507 = ORIENTED_EDGE('',*,*,#2116,.F.);
#3508 = ORIENTED_EDGE('',*,*,#2138,.F.);
#3509 = ORIENTED_EDGE('',*,*,#2155,.T.);
#3510 = PLANE('',#3511);
#3511 = AXIS2_PLACEMENT_3D('',#3512,#3513,#3514);
#3512 = CARTESIAN_POINT('',(0.2,2.,154.));
#3513 = DIRECTION('',(0.,1.,0.));
#3514 = DIRECTION('',(0.,0.,1.));
#3515 = ADVANCED_FACE('',(#3516),#3527,.T.);
#3516 = FACE_BOUND('',#3517,.F.);
#3517 = EDGE_LOOP('',(#3518,#3524,#3525,#3526));
#3518 = ORIENTED_EDGE('',*,*,#3519,.F.);
#3519 = EDGE_CURVE('',#2187,#2234,#3520,.T.);
#3520 = LINE('',#3521,#3522);
#3521 = CARTESIAN_POINT('',(-0.2,2.,197.));
#3522 = VECTOR('',#3523,1.);
#3523 = DIRECTION('',(-1.,0.,0.));
#3524 = ORIENTED_EDGE('',*,*,#2186,.F.);
#3525 = ORIENTED_EDGE('',*,*,#2219,.T.);
#3526 = ORIENTED_EDGE('',*,*,#2241,.T.);
#3527 = PLANE('',#3528);
#3528 = AXIS2_PLACEMENT_3D('',#3529,#3530,#3531);
#3529 = CARTESIAN_POINT('',(-0.2,2.,154.));
#3530 = DIRECTION('',(0.,-1.,0.));
#3531 = DIRECTION('',(0.,0.,1.));
#3532 = ADVANCED_FACE('',(#3533),#3576,.F.);
#3533 = FACE_BOUND('',#3534,.F.);
#3534 = EDGE_LOOP('',(#3535,#3543,#3552,#3560,#3569,#3575));
#3535 = ORIENTED_EDGE('',*,*,#3536,.F.);
#3536 = EDGE_CURVE('',#3537,#2305,#3539,.T.);
#3537 = VERTEX_POINT('',#3538);
#3538 = CARTESIAN_POINT('',(-180.,37.,150.64575131106));
#3539 = LINE('',#3540,#3541);
#3540 = CARTESIAN_POINT('',(-150.,37.,150.64575131106));
#3541 = VECTOR('',#3542,1.);
#3542 = DIRECTION('',(1.,0.,0.));
#3543 = ORIENTED_EDGE('',*,*,#3544,.F.);
#3544 = EDGE_CURVE('',#3545,#3537,#3547,.T.);
#3545 = VERTEX_POINT('',#3546);
#3546 = CARTESIAN_POINT('',(-180.,34.,152.));
#3547 = CIRCLE('',#3548,4.);
#3548 = AXIS2_PLACEMENT_3D('',#3549,#3550,#3551);
#3549 = CARTESIAN_POINT('',(-180.,34.,148.));
#3550 = DIRECTION('',(-1.,0.,0.));
#3551 = DIRECTION('',(0.,0.707106781187,0.707106781187));
#3552 = ORIENTED_EDGE('',*,*,#3553,.F.);
#3553 = EDGE_CURVE('',#3554,#3545,#3556,.T.);
#3554 = VERTEX_POINT('',#3555);
#3555 = CARTESIAN_POINT('',(-150.,34.,152.));
#3556 = LINE('',#3557,#3558);
#3557 = CARTESIAN_POINT('',(-150.,34.,152.));
#3558 = VECTOR('',#3559,1.);
#3559 = DIRECTION('',(-1.,0.,0.));
#3560 = ORIENTED_EDGE('',*,*,#3561,.F.);
#3561 = EDGE_CURVE('',#3562,#3554,#3564,.T.);
#3562 = VERTEX_POINT('',#3563);
#3563 = CARTESIAN_POINT('',(-150.,38.,148.));
#3564 = CIRCLE('',#3565,4.);
#3565 = AXIS2_PLACEMENT_3D('',#3566,#3567,#3568);
#3566 = CARTESIAN_POINT('',(-150.,34.,148.));
#3567 = DIRECTION('',(1.,0.,-0.));
#3568 = DIRECTION('',(0.,0.707106781187,0.707106781187));
#3569 = ORIENTED_EDGE('',*,*,#3570,.F.);
#3570 = EDGE_CURVE('',#2307,#3562,#3571,.T.);
#3571 = LINE('',#3572,#3573);
#3572 = CARTESIAN_POINT('',(-150.,38.,148.));
#3573 = VECTOR('',#3574,1.);
#3574 = DIRECTION('',(1.,0.,0.));
#3575 = ORIENTED_EDGE('',*,*,#2304,.F.);
#3576 = CYLINDRICAL_SURFACE('',#3577,4.);
#3577 = AXIS2_PLACEMENT_3D('',#3578,#3579,#3580);
#3578 = CARTESIAN_POINT('',(-150.,34.,148.));
#3579 = DIRECTION('',(1.,0.,0.));
#3580 = DIRECTION('',(0.,0.707106781187,0.707106781187));
#3581 = ADVANCED_FACE('',(#3582),#3600,.T.);
#3582 = FACE_BOUND('',#3583,.F.);
#3583 = EDGE_LOOP('',(#3584,#3585,#3586,#3594));
#3584 = ORIENTED_EDGE('',*,*,#2315,.F.);
#3585 = ORIENTED_EDGE('',*,*,#3570,.T.);
#3586 = ORIENTED_EDGE('',*,*,#3587,.F.);
#3587 = EDGE_CURVE('',#3588,#3562,#3590,.T.);
#3588 = VERTEX_POINT('',#3589);
#3589 = CARTESIAN_POINT('',(-150.,38.,130.));
#3590 = LINE('',#3591,#3592);
#3591 = CARTESIAN_POINT('',(-150.,38.,126.));
#3592 = VECTOR('',#3593,1.);
#3593 = DIRECTION('',(0.,0.,1.));
#3594 = ORIENTED_EDGE('',*,*,#3595,.T.);
#3595 = EDGE_CURVE('',#3588,#2316,#3596,.T.);
#3596 = LINE('',#3597,#3598);
#3597 = CARTESIAN_POINT('',(-150.,38.,130.));
#3598 = VECTOR('',#3599,1.);
#3599 = DIRECTION('',(-1.,0.,0.));
#3600 = PLANE('',#3601);
#3601 = AXIS2_PLACEMENT_3D('',#3602,#3603,#3604);
#3602 = CARTESIAN_POINT('',(-150.,38.,126.));
#3603 = DIRECTION('',(0.,-1.,0.));
#3604 = DIRECTION('',(0.,0.,1.));
#3605 = ADVANCED_FACE('',(#3606),#3659,.F.);
#3606 = FACE_BOUND('',#3607,.F.);
#3607 = EDGE_LOOP('',(#3608,#3609,#3610,#3619,#3627,#3636,#3644,#3653));
#3608 = ORIENTED_EDGE('',*,*,#2323,.F.);
#3609 = ORIENTED_EDGE('',*,*,#3595,.F.);
#3610 = ORIENTED_EDGE('',*,*,#3611,.F.);
#3611 = EDGE_CURVE('',#3612,#3588,#3614,.T.);
#3612 = VERTEX_POINT('',#3613);
#3613 = CARTESIAN_POINT('',(-150.,34.,126.));
#3614 = CIRCLE('',#3615,4.);
#3615 = AXIS2_PLACEMENT_3D('',#3616,#3617,#3618);
#3616 = CARTESIAN_POINT('',(-150.,34.,130.));
#3617 = DIRECTION('',(1.,-0.,0.));
#3618 = DIRECTION('',(0.,0.707106781187,-0.707106781187));
#3619 = ORIENTED_EDGE('',*,*,#3620,.F.);
#3620 = EDGE_CURVE('',#3621,#3612,#3623,.T.);
#3621 = VERTEX_POINT('',#3622);
#3622 = CARTESIAN_POINT('',(-156.,34.,126.));
#3623 = LINE('',#3624,#3625);
#3624 = CARTESIAN_POINT('',(-150.,34.,126.));
#3625 = VECTOR('',#3626,1.);
#3626 = DIRECTION('',(1.,0.,0.));
#3627 = ORIENTED_EDGE('',*,*,#3628,.F.);
#3628 = EDGE_CURVE('',#3629,#3621,#3631,.T.);
#3629 = VERTEX_POINT('',#3630);
#3630 = CARTESIAN_POINT('',(-156.,36.040793838106,126.55977318911));
#3631 = CIRCLE('',#3632,4.);
#3632 = AXIS2_PLACEMENT_3D('',#3633,#3634,#3635);
#3633 = CARTESIAN_POINT('',(-156.,34.,130.));
#3634 = DIRECTION('',(-1.,0.,-0.));
#3635 = DIRECTION('',(0.,0.707106781187,-0.707106781187));
#3636 = ORIENTED_EDGE('',*,*,#3637,.F.);
#3637 = EDGE_CURVE('',#3638,#3629,#3640,.T.);
#3638 = VERTEX_POINT('',#3639);
#3639 = CARTESIAN_POINT('',(-180.,36.040793838106,126.55977318911));
#3640 = LINE('',#3641,#3642);
#3641 = CARTESIAN_POINT('',(-150.,36.040793838106,126.55977318911));
#3642 = VECTOR('',#3643,1.);
#3643 = DIRECTION('',(1.,0.,0.));
#3644 = ORIENTED_EDGE('',*,*,#3645,.F.);
#3645 = EDGE_CURVE('',#3646,#3638,#3648,.T.);
#3646 = VERTEX_POINT('',#3647);
#3647 = CARTESIAN_POINT('',(-180.,37.,127.35424868893));
#3648 = CIRCLE('',#3649,4.);
#3649 = AXIS2_PLACEMENT_3D('',#3650,#3651,#3652);
#3650 = CARTESIAN_POINT('',(-180.,34.,130.));
#3651 = DIRECTION('',(-1.,0.,-0.));
#3652 = DIRECTION('',(0.,0.707106781187,-0.707106781187));
#3653 = ORIENTED_EDGE('',*,*,#3654,.F.);
#3654 = EDGE_CURVE('',#2324,#3646,#3655,.T.);
#3655 = LINE('',#3656,#3657);
#3656 = CARTESIAN_POINT('',(-150.,37.,127.35424868893));
#3657 = VECTOR('',#3658,1.);
#3658 = DIRECTION('',(-1.,0.,0.));
#3659 = CYLINDRICAL_SURFACE('',#3660,4.);
#3660 = AXIS2_PLACEMENT_3D('',#3661,#3662,#3663);
#3661 = CARTESIAN_POINT('',(-150.,34.,130.));
#3662 = DIRECTION('',(1.,0.,0.));
#3663 = DIRECTION('',(0.,0.707106781187,-0.707106781187));
#3664 = ADVANCED_FACE('',(#3665),#3683,.T.);
#3665 = FACE_BOUND('',#3666,.F.);
#3666 = EDGE_LOOP('',(#3667,#3668,#3676,#3682));
#3667 = ORIENTED_EDGE('',*,*,#3654,.T.);
#3668 = ORIENTED_EDGE('',*,*,#3669,.T.);
#3669 = EDGE_CURVE('',#3646,#3670,#3672,.T.);
#3670 = VERTEX_POINT('',#3671);
#3671 = CARTESIAN_POINT('',(-180.,37.,126.28571428571));
#3672 = LINE('',#3673,#3674);
#3673 = CARTESIAN_POINT('',(-180.,37.,112.775));
#3674 = VECTOR('',#3675,1.);
#3675 = DIRECTION('',(0.,0.,-1.));
#3676 = ORIENTED_EDGE('',*,*,#3677,.T.);
#3677 = EDGE_CURVE('',#3670,#2333,#3678,.T.);
#3678 = LINE('',#3679,#3680);
#3679 = CARTESIAN_POINT('',(-164.7,37.,126.28571428571));
#3680 = VECTOR('',#3681,1.);
#3681 = DIRECTION('',(1.,0.,0.));
#3682 = ORIENTED_EDGE('',*,*,#2332,.F.);
#3683 = PLANE('',#3684);
#3684 = AXIS2_PLACEMENT_3D('',#3685,#3686,#3687);
#3685 = CARTESIAN_POINT('',(-173.4,37.,153.7));
#3686 = DIRECTION('',(0.,1.,0.));
#3687 = DIRECTION('',(0.,0.,-1.));
#3688 = ADVANCED_FACE('',(#3689),#3714,.T.);
#3689 = FACE_BOUND('',#3690,.F.);
#3690 = EDGE_LOOP('',(#3691,#3692,#3698,#3699,#3707,#3713));
#3691 = ORIENTED_EDGE('',*,*,#3677,.F.);
#3692 = ORIENTED_EDGE('',*,*,#3693,.F.);
#3693 = EDGE_CURVE('',#3638,#3670,#3694,.T.);
#3694 = LINE('',#3695,#3696);
#3695 = CARTESIAN_POINT('',(-180.,36.6,126.4));
#3696 = VECTOR('',#3697,1.);
#3697 = DIRECTION('',(0.,0.961523947641,-0.274721127897));
#3698 = ORIENTED_EDGE('',*,*,#3637,.T.);
#3699 = ORIENTED_EDGE('',*,*,#3700,.F.);
#3700 = EDGE_CURVE('',#3701,#3629,#3703,.T.);
#3701 = VERTEX_POINT('',#3702);
#3702 = CARTESIAN_POINT('',(-156.,38.,126.));
#3703 = LINE('',#3704,#3705);
#3704 = CARTESIAN_POINT('',(-156.,38.,126.));
#3705 = VECTOR('',#3706,1.);
#3706 = DIRECTION('',(-0.,-0.961523947641,0.274721127897));
#3707 = ORIENTED_EDGE('',*,*,#3708,.T.);
#3708 = EDGE_CURVE('',#3701,#2341,#3709,.T.);
#3709 = LINE('',#3710,#3711);
#3710 = CARTESIAN_POINT('',(-156.,38.,126.));
#3711 = VECTOR('',#3712,1.);
#3712 = DIRECTION('',(-1.,0.,0.));
#3713 = ORIENTED_EDGE('',*,*,#2340,.F.);
#3714 = PLANE('',#3715);
#3715 = AXIS2_PLACEMENT_3D('',#3716,#3717,#3718);
#3716 = CARTESIAN_POINT('',(-156.,38.,126.));
#3717 = DIRECTION('',(0.,-0.274721127897,-0.961523947641));
#3718 = DIRECTION('',(-0.,-0.961523947641,0.274721127897));
#3719 = ADVANCED_FACE('',(#3720),#3733,.T.);
#3720 = FACE_BOUND('',#3721,.F.);
#3721 = EDGE_LOOP('',(#3722,#3723,#3724,#3730,#3731,#3732));
#3722 = ORIENTED_EDGE('',*,*,#2348,.F.);
#3723 = ORIENTED_EDGE('',*,*,#3708,.F.);
#3724 = ORIENTED_EDGE('',*,*,#3725,.F.);
#3725 = EDGE_CURVE('',#2478,#3701,#3726,.T.);
#3726 = LINE('',#3727,#3728);
#3727 = CARTESIAN_POINT('',(-156.,10.,94.));
#3728 = VECTOR('',#3729,1.);
#3729 = DIRECTION('',(0.,0.658504607869,0.752576694707));
#3730 = ORIENTED_EDGE('',*,*,#2485,.T.);
#3731 = ORIENTED_EDGE('',*,*,#3286,.F.);
#3732 = ORIENTED_EDGE('',*,*,#3303,.F.);
#3733 = PLANE('',#3734);
#3734 = AXIS2_PLACEMENT_3D('',#3735,#3736,#3737);
#3735 = CARTESIAN_POINT('',(-156.,10.,94.));
#3736 = DIRECTION('',(-0.,-0.752576694707,0.658504607869));
#3737 = DIRECTION('',(0.,0.658504607869,0.752576694707));
#3738 = ADVANCED_FACE('',(#3739),#3750,.T.);
#3739 = FACE_BOUND('',#3740,.F.);
#3740 = EDGE_LOOP('',(#3741,#3742,#3743,#3744));
#3741 = ORIENTED_EDGE('',*,*,#3536,.T.);
#3742 = ORIENTED_EDGE('',*,*,#2381,.F.);
#3743 = ORIENTED_EDGE('',*,*,#2395,.T.);
#3744 = ORIENTED_EDGE('',*,*,#3745,.T.);
#3745 = EDGE_CURVE('',#2396,#3537,#3746,.T.);
#3746 = LINE('',#3747,#3748);
#3747 = CARTESIAN_POINT('',(-180.,37.,112.775));
#3748 = VECTOR('',#3749,1.);
#3749 = DIRECTION('',(0.,0.,-1.));
#3750 = PLANE('',#3751);
#3751 = AXIS2_PLACEMENT_3D('',#3752,#3753,#3754);
#3752 = CARTESIAN_POINT('',(-173.4,37.,153.7));
#3753 = DIRECTION('',(0.,1.,0.));
#3754 = DIRECTION('',(0.,0.,-1.));
#3755 = ADVANCED_FACE('',(#3756),#3772,.T.);
#3756 = FACE_BOUND('',#3757,.F.);
#3757 = EDGE_LOOP('',(#3758,#3764,#3765,#3771));
#3758 = ORIENTED_EDGE('',*,*,#3759,.F.);
#3759 = EDGE_CURVE('',#2446,#3545,#3760,.T.);
#3760 = LINE('',#3761,#3762);
#3761 = CARTESIAN_POINT('',(-180.,28.75,152.));
#3762 = VECTOR('',#3763,1.);
#3763 = DIRECTION('',(0.,1.,0.));
#3764 = ORIENTED_EDGE('',*,*,#2453,.T.);
#3765 = ORIENTED_EDGE('',*,*,#3766,.F.);
#3766 = EDGE_CURVE('',#3554,#2454,#3767,.T.);
#3767 = LINE('',#3768,#3769);
#3768 = CARTESIAN_POINT('',(-150.,38.,152.));
#3769 = VECTOR('',#3770,1.);
#3770 = DIRECTION('',(0.,-1.,0.));
#3771 = ORIENTED_EDGE('',*,*,#3553,.T.);
#3772 = PLANE('',#3773);
#3773 = AXIS2_PLACEMENT_3D('',#3774,#3775,#3776);
#3774 = CARTESIAN_POINT('',(-150.,38.,152.));
#3775 = DIRECTION('',(0.,0.,-1.));
#3776 = DIRECTION('',(0.,-1.,0.));
#3777 = ADVANCED_FACE('',(#3778),#3784,.T.);
#3778 = FACE_BOUND('',#3779,.F.);
#3779 = EDGE_LOOP('',(#3780,#3781,#3782,#3783));
#3780 = ORIENTED_EDGE('',*,*,#2419,.T.);
#3781 = ORIENTED_EDGE('',*,*,#3486,.F.);
#3782 = ORIENTED_EDGE('',*,*,#3462,.F.);
#3783 = ORIENTED_EDGE('',*,*,#3438,.F.);
#3784 = PLANE('',#3785);
#3785 = AXIS2_PLACEMENT_3D('',#3786,#3787,#3788);
#3786 = CARTESIAN_POINT('',(-165.9,20.3,155.7));
#3787 = DIRECTION('',(0.,0.,-1.));
#3788 = DIRECTION('',(-1.,0.,0.));
#3789 = ADVANCED_FACE('',(#3790),#3802,.F.);
#3790 = FACE_BOUND('',#3791,.F.);
#3791 = EDGE_LOOP('',(#3792,#3793,#3799,#3800,#3801));
#3792 = ORIENTED_EDGE('',*,*,#3628,.T.);
#3793 = ORIENTED_EDGE('',*,*,#3794,.T.);
#3794 = EDGE_CURVE('',#3621,#2470,#3795,.T.);
#3795 = LINE('',#3796,#3797);
#3796 = CARTESIAN_POINT('',(-156.,16.,126.));
#3797 = VECTOR('',#3798,1.);
#3798 = DIRECTION('',(0.,-1.,0.));
#3799 = ORIENTED_EDGE('',*,*,#2477,.T.);
#3800 = ORIENTED_EDGE('',*,*,#3725,.T.);
#3801 = ORIENTED_EDGE('',*,*,#3700,.T.);
#3802 = PLANE('',#3803);
#3803 = AXIS2_PLACEMENT_3D('',#3804,#3805,#3806);
#3804 = CARTESIAN_POINT('',(-156.,24.,114.));
#3805 = DIRECTION('',(1.,0.,0.));
#3806 = DIRECTION('',(0.,0.,-1.));
#3807 = ADVANCED_FACE('',(#3808),#3819,.T.);
#3808 = FACE_BOUND('',#3809,.F.);
#3809 = EDGE_LOOP('',(#3810,#3811,#3812,#3818));
#3810 = ORIENTED_EDGE('',*,*,#3794,.F.);
#3811 = ORIENTED_EDGE('',*,*,#3620,.T.);
#3812 = ORIENTED_EDGE('',*,*,#3813,.F.);
#3813 = EDGE_CURVE('',#2462,#3612,#3814,.T.);
#3814 = LINE('',#3815,#3816);
#3815 = CARTESIAN_POINT('',(-150.,8.,126.));
#3816 = VECTOR('',#3817,1.);
#3817 = DIRECTION('',(0.,1.,0.));
#3818 = ORIENTED_EDGE('',*,*,#2469,.T.);
#3819 = PLANE('',#3820);
#3820 = AXIS2_PLACEMENT_3D('',#3821,#3822,#3823);
#3821 = CARTESIAN_POINT('',(-150.,8.,126.));
#3822 = DIRECTION('',(0.,0.,1.));
#3823 = DIRECTION('',(0.,1.,0.));
#3824 = ADVANCED_FACE('',(#3825),#3833,.F.);
#3825 = FACE_BOUND('',#3826,.F.);
#3826 = EDGE_LOOP('',(#3827,#3828,#3829,#3830,#3831,#3832));
#3827 = ORIENTED_EDGE('',*,*,#2461,.T.);
#3828 = ORIENTED_EDGE('',*,*,#3813,.T.);
#3829 = ORIENTED_EDGE('',*,*,#3611,.T.);
#3830 = ORIENTED_EDGE('',*,*,#3587,.T.);
#3831 = ORIENTED_EDGE('',*,*,#3561,.T.);
#3832 = ORIENTED_EDGE('',*,*,#3766,.T.);
#3833 = PLANE('',#3834);
#3834 = AXIS2_PLACEMENT_3D('',#3835,#3836,#3837);
#3835 = CARTESIAN_POINT('',(-150.,23.,139.));
#3836 = DIRECTION('',(1.,0.,0.));
#3837 = DIRECTION('',(0.,0.,-1.));
#3838 = ADVANCED_FACE('',(#3839),#3855,.F.);
#3839 = FACE_BOUND('',#3840,.F.);
#3840 = EDGE_LOOP('',(#3841,#3847,#3848,#3854));
#3841 = ORIENTED_EDGE('',*,*,#3842,.T.);
#3842 = EDGE_CURVE('',#2612,#2754,#3843,.T.);
#3843 = LINE('',#3844,#3845);
#3844 = CARTESIAN_POINT('',(180.,28.75,152.));
#3845 = VECTOR('',#3846,1.);
#3846 = DIRECTION('',(0.,1.,0.));
#3847 = ORIENTED_EDGE('',*,*,#2753,.F.);
#3848 = ORIENTED_EDGE('',*,*,#3849,.T.);
#3849 = EDGE_CURVE('',#2745,#2620,#3850,.T.);
#3850 = LINE('',#3851,#3852);
#3851 = CARTESIAN_POINT('',(150.,38.,152.));
#3852 = VECTOR('',#3853,1.);
#3853 = DIRECTION('',(0.,-1.,0.));
#3854 = ORIENTED_EDGE('',*,*,#2619,.F.);
#3855 = PLANE('',#3856);
#3856 = AXIS2_PLACEMENT_3D('',#3857,#3858,#3859);
#3857 = CARTESIAN_POINT('',(150.,38.,152.));
#3858 = DIRECTION('',(0.,0.,1.));
#3859 = DIRECTION('',(0.,-1.,0.));
#3860 = ADVANCED_FACE('',(#3861),#3867,.F.);
#3861 = FACE_BOUND('',#3862,.F.);
#3862 = EDGE_LOOP('',(#3863,#3864,#3865,#3866));
#3863 = ORIENTED_EDGE('',*,*,#2585,.F.);
#3864 = ORIENTED_EDGE('',*,*,#3168,.T.);
#3865 = ORIENTED_EDGE('',*,*,#3193,.T.);
#3866 = ORIENTED_EDGE('',*,*,#3211,.T.);
#3867 = PLANE('',#3868);
#3868 = AXIS2_PLACEMENT_3D('',#3869,#3870,#3871);
#3869 = CARTESIAN_POINT('',(165.9,20.3,155.7));
#3870 = DIRECTION('',(0.,0.,1.));
#3871 = DIRECTION('',(1.,0.,0.));
#3872 = ADVANCED_FACE('',(#3873),#3885,.T.);
#3873 = FACE_BOUND('',#3874,.F.);
#3874 = EDGE_LOOP('',(#3875,#3876,#3877,#3878,#3879));
#3875 = ORIENTED_EDGE('',*,*,#2922,.F.);
#3876 = ORIENTED_EDGE('',*,*,#2858,.F.);
#3877 = ORIENTED_EDGE('',*,*,#2826,.F.);
#3878 = ORIENTED_EDGE('',*,*,#2643,.F.);
#3879 = ORIENTED_EDGE('',*,*,#3880,.F.);
#3880 = EDGE_CURVE('',#2923,#2636,#3881,.T.);
#3881 = LINE('',#3882,#3883);
#3882 = CARTESIAN_POINT('',(156.,16.,126.));
#3883 = VECTOR('',#3884,1.);
#3884 = DIRECTION('',(0.,-1.,0.));
#3885 = PLANE('',#3886);
#3886 = AXIS2_PLACEMENT_3D('',#3887,#3888,#3889);
#3887 = CARTESIAN_POINT('',(156.,24.,114.));
#3888 = DIRECTION('',(1.,0.,0.));
#3889 = DIRECTION('',(0.,0.,-1.));
#3890 = ADVANCED_FACE('',(#3891),#3902,.F.);
#3891 = FACE_BOUND('',#3892,.F.);
#3892 = EDGE_LOOP('',(#3893,#3894,#3895,#3901));
#3893 = ORIENTED_EDGE('',*,*,#3880,.T.);
#3894 = ORIENTED_EDGE('',*,*,#2635,.F.);
#3895 = ORIENTED_EDGE('',*,*,#3896,.T.);
#3896 = EDGE_CURVE('',#2628,#2932,#3897,.T.);
#3897 = LINE('',#3898,#3899);
#3898 = CARTESIAN_POINT('',(150.,8.,126.));
#3899 = VECTOR('',#3900,1.);
#3900 = DIRECTION('',(0.,1.,0.));
#3901 = ORIENTED_EDGE('',*,*,#2931,.F.);
#3902 = PLANE('',#3903);
#3903 = AXIS2_PLACEMENT_3D('',#3904,#3905,#3906);
#3904 = CARTESIAN_POINT('',(150.,8.,126.));
#3905 = DIRECTION('',(0.,0.,-1.));
#3906 = DIRECTION('',(0.,1.,0.));
#3907 = ADVANCED_FACE('',(#3908),#3916,.T.);
#3908 = FACE_BOUND('',#3909,.F.);
#3909 = EDGE_LOOP('',(#3910,#3911,#3912,#3913,#3914,#3915));
#3910 = ORIENTED_EDGE('',*,*,#2627,.F.);
#3911 = ORIENTED_EDGE('',*,*,#3849,.F.);
#3912 = ORIENTED_EDGE('',*,*,#2744,.F.);
#3913 = ORIENTED_EDGE('',*,*,#2964,.F.);
#3914 = ORIENTED_EDGE('',*,*,#2939,.F.);
#3915 = ORIENTED_EDGE('',*,*,#3896,.F.);
#3916 = PLANE('',#3917);
#3917 = AXIS2_PLACEMENT_3D('',#3918,#3919,#3920);
#3918 = CARTESIAN_POINT('',(150.,23.,139.));
#3919 = DIRECTION('',(1.,0.,0.));
#3920 = DIRECTION('',(0.,0.,-1.));
#3921 = ADVANCED_FACE('',(#3922),#3927,.T.);
#3922 = FACE_BOUND('',#3923,.T.);
#3923 = EDGE_LOOP('',(#3924,#3925,#3926));
#3924 = ORIENTED_EDGE('',*,*,#2898,.F.);
#3925 = ORIENTED_EDGE('',*,*,#2914,.T.);
#3926 = ORIENTED_EDGE('',*,*,#2874,.T.);
#3927 = PLANE('',#3928);
#3928 = AXIS2_PLACEMENT_3D('',#3929,#3930,#3931);
#3929 = CARTESIAN_POINT('',(180.,21.34253990751,111.83682448145));
#3930 = DIRECTION('',(1.,0.,0.));
#3931 = DIRECTION('',(-0.,0.,1.));
#3932 = ADVANCED_FACE('',(#3933),#3939,.F.);
#3933 = FACE_BOUND('',#3934,.F.);
#3934 = EDGE_LOOP('',(#3935,#3936,#3937,#3938));
#3935 = ORIENTED_EDGE('',*,*,#3107,.T.);
#3936 = ORIENTED_EDGE('',*,*,#3053,.T.);
#3937 = ORIENTED_EDGE('',*,*,#3084,.T.);
#3938 = ORIENTED_EDGE('',*,*,#3126,.T.);
#3939 = PLANE('',#3940);
#3940 = AXIS2_PLACEMENT_3D('',#3941,#3942,#3943);
#3941 = CARTESIAN_POINT('',(-180.,0.,196.));
#3942 = DIRECTION('',(-0.,1.,0.));
#3943 = DIRECTION('',(0.,0.,-1.));
#3944 = ADVANCED_FACE('',(#3945),#3951,.F.);
#3945 = FACE_BOUND('',#3946,.F.);
#3946 = EDGE_LOOP('',(#3947,#3948,#3949,#3950));
#3947 = ORIENTED_EDGE('',*,*,#3329,.F.);
#3948 = ORIENTED_EDGE('',*,*,#3376,.F.);
#3949 = ORIENTED_EDGE('',*,*,#3402,.F.);
#3950 = ORIENTED_EDGE('',*,*,#3353,.F.);
#3951 = PLANE('',#3952);
#3952 = AXIS2_PLACEMENT_3D('',#3953,#3954,#3955);
#3953 = CARTESIAN_POINT('',(-180.,0.,196.));
#3954 = DIRECTION('',(-0.,1.,0.));
#3955 = DIRECTION('',(0.,0.,-1.));
#3956 = ADVANCED_FACE('',(#3957),#3962,.F.);
#3957 = FACE_BOUND('',#3958,.F.);
#3958 = EDGE_LOOP('',(#3959,#3960,#3961));
#3959 = ORIENTED_EDGE('',*,*,#3669,.F.);
#3960 = ORIENTED_EDGE('',*,*,#3645,.T.);
#3961 = ORIENTED_EDGE('',*,*,#3693,.T.);
#3962 = PLANE('',#3963);
#3963 = AXIS2_PLACEMENT_3D('',#3964,#3965,#3966);
#3964 = CARTESIAN_POINT('',(-180.,21.34253990751,111.83682448145));
#3965 = DIRECTION('',(1.,0.,0.));
#3966 = DIRECTION('',(-0.,0.,1.));
#3967 = ADVANCED_FACE('',(#3968,#3991,#4025),#4059,.T.);
#3968 = FACE_BOUND('',#3969,.T.);
#3969 = EDGE_LOOP('',(#3970,#3971,#3972,#3973,#3974,#3975,#3976,#3977,
    #3978,#3979,#3980,#3981,#3982,#3983,#3984,#3985));
#3970 = ORIENTED_EDGE('',*,*,#282,.F.);
#3971 = ORIENTED_EDGE('',*,*,#307,.F.);
#3972 = ORIENTED_EDGE('',*,*,#371,.F.);
#3973 = ORIENTED_EDGE('',*,*,#485,.F.);
#3974 = ORIENTED_EDGE('',*,*,#500,.F.);
#3975 = ORIENTED_EDGE('',*,*,#525,.F.);
#3976 = ORIENTED_EDGE('',*,*,#912,.F.);
#3977 = ORIENTED_EDGE('',*,*,#831,.F.);
#3978 = ORIENTED_EDGE('',*,*,#626,.T.);
#3979 = ORIENTED_EDGE('',*,*,#1845,.T.);
#3980 = ORIENTED_EDGE('',*,*,#2266,.T.);
#3981 = ORIENTED_EDGE('',*,*,#2281,.T.);
#3982 = ORIENTED_EDGE('',*,*,#2366,.T.);
#3983 = ORIENTED_EDGE('',*,*,#196,.T.);
#3984 = ORIENTED_EDGE('',*,*,#133,.T.);
#3985 = ORIENTED_EDGE('',*,*,#3986,.T.);
#3986 = EDGE_CURVE('',#134,#283,#3987,.T.);
#3987 = LINE('',#3988,#3989);
#3988 = CARTESIAN_POINT('',(-180.,40.,0.));
#3989 = VECTOR('',#3990,1.);
#3990 = DIRECTION('',(1.,0.,0.));
#3991 = FACE_BOUND('',#3992,.T.);
#3992 = EDGE_LOOP('',(#3993,#4003,#4011,#4019));
#3993 = ORIENTED_EDGE('',*,*,#3994,.T.);
#3994 = EDGE_CURVE('',#3995,#3997,#3999,.T.);
#3995 = VERTEX_POINT('',#3996);
#3996 = CARTESIAN_POINT('',(3.,6.,0.));
#3997 = VERTEX_POINT('',#3998);
#3998 = CARTESIAN_POINT('',(138.,6.,-2.220446044839E-15));
#3999 = LINE('',#4000,#4001);
#4000 = CARTESIAN_POINT('',(3.,6.,0.));
#4001 = VECTOR('',#4002,1.);
#4002 = DIRECTION('',(1.,0.,0.));
#4003 = ORIENTED_EDGE('',*,*,#4004,.T.);
#4004 = EDGE_CURVE('',#3997,#4005,#4007,.T.);
#4005 = VERTEX_POINT('',#4006);
#4006 = CARTESIAN_POINT('',(138.,38.,-2.220446044839E-15));
#4007 = LINE('',#4008,#4009);
#4008 = CARTESIAN_POINT('',(138.,6.,0.));
#4009 = VECTOR('',#4010,1.);
#4010 = DIRECTION('',(0.,1.,0.));
#4011 = ORIENTED_EDGE('',*,*,#4012,.T.);
#4012 = EDGE_CURVE('',#4005,#4013,#4015,.T.);
#4013 = VERTEX_POINT('',#4014);
#4014 = CARTESIAN_POINT('',(3.,38.,0.));
#4015 = LINE('',#4016,#4017);
#4016 = CARTESIAN_POINT('',(138.,38.,0.));
#4017 = VECTOR('',#4018,1.);
#4018 = DIRECTION('',(-1.,0.,0.));
#4019 = ORIENTED_EDGE('',*,*,#4020,.T.);
#4020 = EDGE_CURVE('',#4013,#3995,#4021,.T.);
#4021 = LINE('',#4022,#4023);
#4022 = CARTESIAN_POINT('',(3.,38.,0.));
#4023 = VECTOR('',#4024,1.);
#4024 = DIRECTION('',(0.,-1.,0.));
#4025 = FACE_BOUND('',#4026,.T.);
#4026 = EDGE_LOOP('',(#4027,#4037,#4045,#4053));
#4027 = ORIENTED_EDGE('',*,*,#4028,.F.);
#4028 = EDGE_CURVE('',#4029,#4031,#4033,.T.);
#4029 = VERTEX_POINT('',#4030);
#4030 = CARTESIAN_POINT('',(-3.,38.,0.));
#4031 = VERTEX_POINT('',#4032);
#4032 = CARTESIAN_POINT('',(-3.,6.,0.));
#4033 = LINE('',#4034,#4035);
#4034 = CARTESIAN_POINT('',(-3.,38.,0.));
#4035 = VECTOR('',#4036,1.);
#4036 = DIRECTION('',(-0.,-1.,-0.));
#4037 = ORIENTED_EDGE('',*,*,#4038,.F.);
#4038 = EDGE_CURVE('',#4039,#4029,#4041,.T.);
#4039 = VERTEX_POINT('',#4040);
#4040 = CARTESIAN_POINT('',(-138.,38.,-2.220446044839E-15));
#4041 = LINE('',#4042,#4043);
#4042 = CARTESIAN_POINT('',(-138.,38.,0.));
#4043 = VECTOR('',#4044,1.);
#4044 = DIRECTION('',(1.,-0.,-0.));
#4045 = ORIENTED_EDGE('',*,*,#4046,.F.);
#4046 = EDGE_CURVE('',#4047,#4039,#4049,.T.);
#4047 = VERTEX_POINT('',#4048);
#4048 = CARTESIAN_POINT('',(-138.,6.,-2.220446044839E-15));
#4049 = LINE('',#4050,#4051);
#4050 = CARTESIAN_POINT('',(-138.,6.,0.));
#4051 = VECTOR('',#4052,1.);
#4052 = DIRECTION('',(-0.,1.,-0.));
#4053 = ORIENTED_EDGE('',*,*,#4054,.F.);
#4054 = EDGE_CURVE('',#4031,#4047,#4055,.T.);
#4055 = LINE('',#4056,#4057);
#4056 = CARTESIAN_POINT('',(-3.,6.,0.));
#4057 = VECTOR('',#4058,1.);
#4058 = DIRECTION('',(-1.,-0.,-0.));
#4059 = PLANE('',#4060);
#4060 = AXIS2_PLACEMENT_3D('',#4061,#4062,#4063);
#4061 = CARTESIAN_POINT('',(0.,23.408446835929,-7.374173908796E-16));
#4062 = DIRECTION('',(-0.,-0.,-1.));
#4063 = DIRECTION('',(-1.,0.,0.));
#4064 = ADVANCED_FACE('',(#4065),#4101,.F.);
#4065 = FACE_BOUND('',#4066,.F.);
#4066 = EDGE_LOOP('',(#4067,#4078,#4086,#4095));
#4067 = ORIENTED_EDGE('',*,*,#4068,.F.);
#4068 = EDGE_CURVE('',#4069,#4071,#4073,.T.);
#4069 = VERTEX_POINT('',#4070);
#4070 = CARTESIAN_POINT('',(11.,105.18376618407,-45.81623381592));
#4071 = VERTEX_POINT('',#4072);
#4072 = CARTESIAN_POINT('',(9.,103.7695526217,-47.2304473783));
#4073 = CIRCLE('',#4074,2.);
#4074 = AXIS2_PLACEMENT_3D('',#4075,#4076,#4077);
#4075 = CARTESIAN_POINT('',(9.,105.18376618407,-45.81623381592));
#4076 = DIRECTION('',(-5.551115123126E-17,0.707106781187,-0.707106781187
    ));
#4077 = DIRECTION('',(0.707106781187,-0.5,-0.5));
#4078 = ORIENTED_EDGE('',*,*,#4079,.T.);
#4079 = EDGE_CURVE('',#4069,#4080,#4082,.T.);
#4080 = VERTEX_POINT('',#4081);
#4081 = CARTESIAN_POINT('',(11.,100.23401871576,-40.86648634762));
#4082 = LINE('',#4083,#4084);
#4083 = CARTESIAN_POINT('',(11.,109.42640687119,-50.05887450304));
#4084 = VECTOR('',#4085,1.);
#4085 = DIRECTION('',(0.,-0.707106781187,0.707106781187));
#4086 = ORIENTED_EDGE('',*,*,#4087,.T.);
#4087 = EDGE_CURVE('',#4080,#4088,#4090,.T.);
#4088 = VERTEX_POINT('',#4089);
#4089 = CARTESIAN_POINT('',(9.,98.819805153395,-42.28069990999));
#4090 = CIRCLE('',#4091,2.);
#4091 = AXIS2_PLACEMENT_3D('',#4092,#4093,#4094);
#4092 = CARTESIAN_POINT('',(9.,100.23401871576,-40.86648634762));
#4093 = DIRECTION('',(-5.551115123126E-17,0.707106781187,-0.707106781187
    ));
#4094 = DIRECTION('',(0.707106781187,-0.5,-0.5));
#4095 = ORIENTED_EDGE('',*,*,#4096,.T.);
#4096 = EDGE_CURVE('',#4088,#4071,#4097,.T.);
#4097 = LINE('',#4098,#4099);
#4098 = CARTESIAN_POINT('',(9.,108.01219330882,-51.47308806541));
#4099 = VECTOR('',#4100,1.);
#4100 = DIRECTION('',(0.,0.707106781187,-0.707106781187));
#4101 = CYLINDRICAL_SURFACE('',#4102,2.);
#4102 = AXIS2_PLACEMENT_3D('',#4103,#4104,#4105);
#4103 = CARTESIAN_POINT('',(9.,109.42640687119,-50.05887450304));
#4104 = DIRECTION('',(0.,-0.707106781187,0.707106781187));
#4105 = DIRECTION('',(0.707106781187,-0.5,-0.5));
#4106 = ADVANCED_FACE('',(#4107),#4132,.F.);
#4107 = FACE_BOUND('',#4108,.F.);
#4108 = EDGE_LOOP('',(#4109,#4117,#4118,#4126));
#4109 = ORIENTED_EDGE('',*,*,#4110,.F.);
#4110 = EDGE_CURVE('',#4071,#4111,#4113,.T.);
#4111 = VERTEX_POINT('',#4112);
#4112 = CARTESIAN_POINT('',(3.,103.7695526217,-47.2304473783));
#4113 = LINE('',#4114,#4115);
#4114 = CARTESIAN_POINT('',(35.75,103.7695526217,-47.2304473783));
#4115 = VECTOR('',#4116,1.);
#4116 = DIRECTION('',(-1.,0.,0.));
#4117 = ORIENTED_EDGE('',*,*,#4096,.F.);
#4118 = ORIENTED_EDGE('',*,*,#4119,.F.);
#4119 = EDGE_CURVE('',#4120,#4088,#4122,.T.);
#4120 = VERTEX_POINT('',#4121);
#4121 = CARTESIAN_POINT('',(3.,98.819805153395,-42.28069990999));
#4122 = LINE('',#4123,#4124);
#4123 = CARTESIAN_POINT('',(1.,98.819805153395,-42.28069990999));
#4124 = VECTOR('',#4125,1.);
#4125 = DIRECTION('',(1.,0.,0.));
#4126 = ORIENTED_EDGE('',*,*,#4127,.F.);
#4127 = EDGE_CURVE('',#4111,#4120,#4128,.T.);
#4128 = LINE('',#4129,#4130);
#4129 = CARTESIAN_POINT('',(3.,108.01219330882,-51.47308806541));
#4130 = VECTOR('',#4131,1.);
#4131 = DIRECTION('',(0.,-0.707106781187,0.707106781187));
#4132 = PLANE('',#4133);
#4133 = AXIS2_PLACEMENT_3D('',#4134,#4135,#4136);
#4134 = CARTESIAN_POINT('',(1.,108.01219330882,-51.47308806541));
#4135 = DIRECTION('',(0.,-0.707106781187,-0.707106781187));
#4136 = DIRECTION('',(1.,0.,0.));
#4137 = ADVANCED_FACE('',(#4138),#4170,.T.);
#4138 = FACE_BOUND('',#4139,.T.);
#4139 = EDGE_LOOP('',(#4140,#4150,#4157,#4165));
#4140 = ORIENTED_EDGE('',*,*,#4141,.T.);
#4141 = EDGE_CURVE('',#4142,#4144,#4146,.T.);
#4142 = VERTEX_POINT('',#4143);
#4143 = CARTESIAN_POINT('',(3.,24.414213562357,-126.5857864376));
#4144 = VERTEX_POINT('',#4145);
#4145 = CARTESIAN_POINT('',(138.,24.414213562357,-126.5857864376));
#4146 = LINE('',#4147,#4148);
#4147 = CARTESIAN_POINT('',(3.,24.414213562373,-126.5857864376));
#4148 = VECTOR('',#4149,1.);
#4149 = DIRECTION('',(1.,0.,0.));
#4150 = ORIENTED_EDGE('',*,*,#4151,.T.);
#4151 = EDGE_CURVE('',#4144,#4152,#4154,.T.);
#4152 = VERTEX_POINT('',#4153);
#4153 = CARTESIAN_POINT('',(138.,9.489138881292,-78.66490996849));
#4154 = B_SPLINE_CURVE_WITH_KNOTS('',1,(#4155,#4156),.UNSPECIFIED.,.F.,
  .F.,(2,2),(0.,1.),.PIECEWISE_BEZIER_KNOTS.);
#4155 = CARTESIAN_POINT('',(138.,24.414213562373,-126.5857864376));
#4156 = CARTESIAN_POINT('',(138.,9.489138881293,-78.66490996849));
#4157 = ORIENTED_EDGE('',*,*,#4158,.F.);
#4158 = EDGE_CURVE('',#4159,#4152,#4161,.T.);
#4159 = VERTEX_POINT('',#4160);
#4160 = CARTESIAN_POINT('',(3.,9.489138881292,-78.66490996849));
#4161 = LINE('',#4162,#4163);
#4162 = CARTESIAN_POINT('',(3.,9.489138881293,-78.66490996849));
#4163 = VECTOR('',#4164,1.);
#4164 = DIRECTION('',(1.,0.,0.));
#4165 = ORIENTED_EDGE('',*,*,#4166,.F.);
#4166 = EDGE_CURVE('',#4142,#4159,#4167,.T.);
#4167 = B_SPLINE_CURVE_WITH_KNOTS('',1,(#4168,#4169),.UNSPECIFIED.,.F.,
  .F.,(2,2),(0.,1.),.PIECEWISE_BEZIER_KNOTS.);
#4168 = CARTESIAN_POINT('',(3.,24.414213562373,-126.5857864376));
#4169 = CARTESIAN_POINT('',(3.,9.489138881293,-78.66490996849));
#4170 = PLANE('',#4171);
#4171 = AXIS2_PLACEMENT_3D('',#4172,#4173,#4174);
#4172 = CARTESIAN_POINT('',(3.,9.489138881293,-78.66490996849));
#4173 = DIRECTION('',(0.,-0.954764285431,-0.29736368182));
#4174 = DIRECTION('',(1.,0.,0.));
#4175 = ADVANCED_FACE('',(#4176),#4248,.T.);
#4176 = FACE_BOUND('',#4177,.T.);
#4177 = EDGE_LOOP('',(#4178,#4179,#4187,#4195,#4203,#4210,#4218,#4226,
    #4234,#4242));
#4178 = ORIENTED_EDGE('',*,*,#4151,.F.);
#4179 = ORIENTED_EDGE('',*,*,#4180,.T.);
#4180 = EDGE_CURVE('',#4144,#4181,#4183,.T.);
#4181 = VERTEX_POINT('',#4182);
#4182 = CARTESIAN_POINT('',(138.,103.7695526217,-47.2304473783));
#4183 = LINE('',#4184,#4185);
#4184 = CARTESIAN_POINT('',(138.,24.414213562373,-126.5857864376));
#4185 = VECTOR('',#4186,1.);
#4186 = DIRECTION('',(0.,0.707106781187,0.707106781187));
#4187 = ORIENTED_EDGE('',*,*,#4188,.F.);
#4188 = EDGE_CURVE('',#4189,#4181,#4191,.T.);
#4189 = VERTEX_POINT('',#4190);
#4190 = CARTESIAN_POINT('',(138.,98.819805153395,-42.28069990999));
#4191 = LINE('',#4192,#4193);
#4192 = CARTESIAN_POINT('',(138.,105.89087296526,-49.35176772185));
#4193 = VECTOR('',#4194,1.);
#4194 = DIRECTION('',(-3.997310706444E-16,0.707106781187,-0.707106781187
    ));
#4195 = ORIENTED_EDGE('',*,*,#4196,.F.);
#4196 = EDGE_CURVE('',#4197,#4189,#4199,.T.);
#4197 = VERTEX_POINT('',#4198);
#4198 = CARTESIAN_POINT('',(138.,101.77848312417,-39.32202193921));
#4199 = LINE('',#4200,#4201);
#4200 = CARTESIAN_POINT('',(138.,61.617009357868,-79.48349570552));
#4201 = VECTOR('',#4202,1.);
#4202 = DIRECTION('',(0.,-0.707106781187,-0.707106781187));
#4203 = ORIENTED_EDGE('',*,*,#4204,.T.);
#4204 = EDGE_CURVE('',#4197,#4205,#4207,.T.);
#4205 = VERTEX_POINT('',#4206);
#4206 = CARTESIAN_POINT('',(138.,64.510861118696,-29.33509003151));
#4207 = B_SPLINE_CURVE_WITH_KNOTS('',1,(#4208,#4209),.UNSPECIFIED.,.F.,
  .F.,(2,2),(0.,1.),.PIECEWISE_BEZIER_KNOTS.);
#4208 = CARTESIAN_POINT('',(138.,109.58578643762,-41.41421356237));
#4209 = CARTESIAN_POINT('',(138.,64.510861118707,-29.3350900315));
#4210 = ORIENTED_EDGE('',*,*,#4211,.F.);
#4211 = EDGE_CURVE('',#4212,#4205,#4214,.T.);
#4212 = VERTEX_POINT('',#4213);
#4213 = CARTESIAN_POINT('',(138.,36.3,-54.62758620689));
#4214 = LINE('',#4215,#4216);
#4215 = CARTESIAN_POINT('',(138.,9.489138881293,-78.66490996849));
#4216 = VECTOR('',#4217,1.);
#4217 = DIRECTION('',(0.,0.744569440646,0.667545015752));
#4218 = ORIENTED_EDGE('',*,*,#4219,.F.);
#4219 = EDGE_CURVE('',#4220,#4212,#4222,.T.);
#4220 = VERTEX_POINT('',#4221);
#4221 = CARTESIAN_POINT('',(138.,36.3,-89.));
#4222 = LINE('',#4223,#4224);
#4223 = CARTESIAN_POINT('',(138.,36.3,-89.04289321882));
#4224 = VECTOR('',#4225,1.);
#4225 = DIRECTION('',(2.826525507036E-16,0.,1.));
#4226 = ORIENTED_EDGE('',*,*,#4227,.F.);
#4227 = EDGE_CURVE('',#4228,#4220,#4230,.T.);
#4228 = VERTEX_POINT('',#4229);
#4229 = CARTESIAN_POINT('',(138.,26.3,-89.));
#4230 = LINE('',#4231,#4232);
#4231 = CARTESIAN_POINT('',(138.,30.357106781171,-89.));
#4232 = VECTOR('',#4233,1.);
#4233 = DIRECTION('',(-2.826525507036E-16,1.,-2.826525507036E-16));
#4234 = ORIENTED_EDGE('',*,*,#4235,.F.);
#4235 = EDGE_CURVE('',#4236,#4228,#4238,.T.);
#4236 = VERTEX_POINT('',#4237);
#4237 = CARTESIAN_POINT('',(138.,26.3,-63.59310344827));
#4238 = LINE('',#4239,#4240);
#4239 = CARTESIAN_POINT('',(138.,26.3,-89.04289321882));
#4240 = VECTOR('',#4241,1.);
#4241 = DIRECTION('',(-2.826525507036E-16,0.,-1.));
#4242 = ORIENTED_EDGE('',*,*,#4243,.F.);
#4243 = EDGE_CURVE('',#4152,#4236,#4244,.T.);
#4244 = LINE('',#4245,#4246);
#4245 = CARTESIAN_POINT('',(138.,9.489138881293,-78.66490996849));
#4246 = VECTOR('',#4247,1.);
#4247 = DIRECTION('',(0.,0.744569440646,0.667545015752));
#4248 = B_SPLINE_SURFACE_WITH_KNOTS('',1,1,(
    (#4249,#4250)
    ,(#4251,#4252
    )),.UNSPECIFIED.,.F.,.F.,.F.,(2,2),(2,2),(0.,120.45079348883),(0.,1.
    ),.PIECEWISE_BEZIER_KNOTS.);
#4249 = CARTESIAN_POINT('',(138.,24.414213562373,-126.5857864376));
#4250 = CARTESIAN_POINT('',(138.,9.489138881293,-78.66490996849));
#4251 = CARTESIAN_POINT('',(138.,109.58578643762,-41.41421356237));
#4252 = CARTESIAN_POINT('',(138.,64.510861118707,-29.3350900315));
#4253 = ADVANCED_FACE('',(#4254),#4277,.T.);
#4254 = FACE_BOUND('',#4255,.T.);
#4255 = EDGE_LOOP('',(#4256,#4257,#4264,#4272));
#4256 = ORIENTED_EDGE('',*,*,#4158,.T.);
#4257 = ORIENTED_EDGE('',*,*,#4258,.T.);
#4258 = EDGE_CURVE('',#4152,#4259,#4261,.T.);
#4259 = VERTEX_POINT('',#4260);
#4260 = CARTESIAN_POINT('',(138.,5.670834164492,-33.90076699704));
#4261 = B_SPLINE_CURVE_WITH_KNOTS('',1,(#4262,#4263),.UNSPECIFIED.,.F.,
  .F.,(2,2),(0.,1.),.PIECEWISE_BEZIER_KNOTS.);
#4262 = CARTESIAN_POINT('',(138.,9.489138881293,-78.66490996849));
#4263 = CARTESIAN_POINT('',(138.,5.670834164488,-33.90076699704));
#4264 = ORIENTED_EDGE('',*,*,#4265,.F.);
#4265 = EDGE_CURVE('',#4266,#4259,#4268,.T.);
#4266 = VERTEX_POINT('',#4267);
#4267 = CARTESIAN_POINT('',(3.,5.670834164492,-33.90076699704));
#4268 = LINE('',#4269,#4270);
#4269 = CARTESIAN_POINT('',(3.,5.670834164488,-33.90076699704));
#4270 = VECTOR('',#4271,1.);
#4271 = DIRECTION('',(1.,0.,0.));
#4272 = ORIENTED_EDGE('',*,*,#4273,.F.);
#4273 = EDGE_CURVE('',#4159,#4266,#4274,.T.);
#4274 = B_SPLINE_CURVE_WITH_KNOTS('',1,(#4275,#4276),.UNSPECIFIED.,.F.,
  .F.,(2,2),(0.,1.),.PIECEWISE_BEZIER_KNOTS.);
#4275 = CARTESIAN_POINT('',(3.,9.489138881293,-78.66490996849));
#4276 = CARTESIAN_POINT('',(3.,5.670834164488,-33.90076699704));
#4277 = PLANE('',#4278);
#4278 = AXIS2_PLACEMENT_3D('',#4279,#4280,#4281);
#4279 = CARTESIAN_POINT('',(3.,5.670834164488,-33.90076699704));
#4280 = DIRECTION('',(0.,-0.996381832974,-8.498966360219E-02));
#4281 = DIRECTION('',(1.,0.,0.));
#4282 = ADVANCED_FACE('',(#4283),#4314,.T.);
#4283 = FACE_BOUND('',#4284,.T.);
#4284 = EDGE_LOOP('',(#4285,#4286,#4292,#4293,#4301,#4308));
#4285 = ORIENTED_EDGE('',*,*,#4127,.F.);
#4286 = ORIENTED_EDGE('',*,*,#4287,.T.);
#4287 = EDGE_CURVE('',#4111,#4142,#4288,.T.);
#4288 = LINE('',#4289,#4290);
#4289 = CARTESIAN_POINT('',(3.,109.58578643762,-41.41421356237));
#4290 = VECTOR('',#4291,1.);
#4291 = DIRECTION('',(0.,-0.707106781187,-0.707106781187));
#4292 = ORIENTED_EDGE('',*,*,#4166,.T.);
#4293 = ORIENTED_EDGE('',*,*,#4294,.F.);
#4294 = EDGE_CURVE('',#4295,#4159,#4297,.T.);
#4295 = VERTEX_POINT('',#4296);
#4296 = CARTESIAN_POINT('',(3.,64.510861118696,-29.33509003151));
#4297 = LINE('',#4298,#4299);
#4298 = CARTESIAN_POINT('',(3.,64.510861118707,-29.3350900315));
#4299 = VECTOR('',#4300,1.);
#4300 = DIRECTION('',(0.,-0.744569440646,-0.667545015752));
#4301 = ORIENTED_EDGE('',*,*,#4302,.F.);
#4302 = EDGE_CURVE('',#4303,#4295,#4305,.T.);
#4303 = VERTEX_POINT('',#4304);
#4304 = CARTESIAN_POINT('',(3.,101.77848312417,-39.32202193921));
#4305 = B_SPLINE_CURVE_WITH_KNOTS('',1,(#4306,#4307),.UNSPECIFIED.,.F.,
  .F.,(2,2),(0.,1.),.PIECEWISE_BEZIER_KNOTS.);
#4306 = CARTESIAN_POINT('',(3.,109.58578643762,-41.41421356237));
#4307 = CARTESIAN_POINT('',(3.,64.510861118707,-29.3350900315));
#4308 = ORIENTED_EDGE('',*,*,#4309,.F.);
#4309 = EDGE_CURVE('',#4120,#4303,#4310,.T.);
#4310 = LINE('',#4311,#4312);
#4311 = CARTESIAN_POINT('',(3.,104.20279579552,-36.89770926786));
#4312 = VECTOR('',#4313,1.);
#4313 = DIRECTION('',(0.,0.707106781187,0.707106781187));
#4314 = B_SPLINE_SURFACE_WITH_KNOTS('',1,1,(
    (#4315,#4316)
    ,(#4317,#4318
    )),.UNSPECIFIED.,.F.,.F.,.F.,(2,2),(2,2),(0.,120.45079348883),(0.,1.
    ),.PIECEWISE_BEZIER_KNOTS.);
#4315 = CARTESIAN_POINT('',(3.,109.58578643762,-41.41421356237));
#4316 = CARTESIAN_POINT('',(3.,64.510861118707,-29.3350900315));
#4317 = CARTESIAN_POINT('',(3.,24.414213562373,-126.5857864376));
#4318 = CARTESIAN_POINT('',(3.,9.489138881293,-78.66490996849));
#4319 = ADVANCED_FACE('',(#4320),#4368,.T.);
#4320 = FACE_BOUND('',#4321,.T.);
#4321 = EDGE_LOOP('',(#4322,#4323,#4331,#4339,#4347,#4355,#4361,#4362));
#4322 = ORIENTED_EDGE('',*,*,#4204,.F.);
#4323 = ORIENTED_EDGE('',*,*,#4324,.F.);
#4324 = EDGE_CURVE('',#4325,#4197,#4327,.T.);
#4325 = VERTEX_POINT('',#4326);
#4326 = CARTESIAN_POINT('',(130.,101.77848312417,-39.32202193921));
#4327 = LINE('',#4328,#4329);
#4328 = CARTESIAN_POINT('',(136.5,101.77848312417,-39.32202193921));
#4329 = VECTOR('',#4330,1.);
#4330 = DIRECTION('',(1.,5.188651028629E-17,5.188651028629E-17));
#4331 = ORIENTED_EDGE('',*,*,#4332,.F.);
#4332 = EDGE_CURVE('',#4333,#4325,#4335,.T.);
#4333 = VERTEX_POINT('',#4334);
#4334 = CARTESIAN_POINT('',(130.,109.58578643764,-41.41421356235));
#4335 = LINE('',#4336,#4337);
#4336 = CARTESIAN_POINT('',(130.,95.775230900679,-37.71327772763));
#4337 = VECTOR('',#4338,1.);
#4338 = DIRECTION('',(0.,-0.965918680936,0.258845710452));
#4339 = ORIENTED_EDGE('',*,*,#4340,.T.);
#4340 = EDGE_CURVE('',#4333,#4341,#4343,.T.);
#4341 = VERTEX_POINT('',#4342);
#4342 = CARTESIAN_POINT('',(11.,109.58578643764,-41.41421356235));
#4343 = LINE('',#4344,#4345);
#4344 = CARTESIAN_POINT('',(138.,109.58578643762,-41.41421356237));
#4345 = VECTOR('',#4346,1.);
#4346 = DIRECTION('',(-1.,0.,0.));
#4347 = ORIENTED_EDGE('',*,*,#4348,.F.);
#4348 = EDGE_CURVE('',#4349,#4341,#4351,.T.);
#4349 = VERTEX_POINT('',#4350);
#4350 = CARTESIAN_POINT('',(11.,101.77848312417,-39.32202193921));
#4351 = LINE('',#4352,#4353);
#4352 = CARTESIAN_POINT('',(11.,95.775230900679,-37.71327772763));
#4353 = VECTOR('',#4354,1.);
#4354 = DIRECTION('',(0.,0.965918680936,-0.258845710452));
#4355 = ORIENTED_EDGE('',*,*,#4356,.F.);
#4356 = EDGE_CURVE('',#4303,#4349,#4357,.T.);
#4357 = LINE('',#4358,#4359);
#4358 = CARTESIAN_POINT('',(72.,101.77848312417,-39.32202193921));
#4359 = VECTOR('',#4360,1.);
#4360 = DIRECTION('',(1.,5.188651028629E-17,5.188651028629E-17));
#4361 = ORIENTED_EDGE('',*,*,#4302,.T.);
#4362 = ORIENTED_EDGE('',*,*,#4363,.F.);
#4363 = EDGE_CURVE('',#4205,#4295,#4364,.T.);
#4364 = LINE('',#4365,#4366);
#4365 = CARTESIAN_POINT('',(138.,64.510861118707,-29.3350900315));
#4366 = VECTOR('',#4367,1.);
#4367 = DIRECTION('',(-1.,0.,0.));
#4368 = PLANE('',#4369);
#4369 = AXIS2_PLACEMENT_3D('',#4370,#4371,#4372);
#4370 = CARTESIAN_POINT('',(138.,64.510861118707,-29.3350900315));
#4371 = DIRECTION('',(0.,0.258845710453,0.965918680935));
#4372 = DIRECTION('',(-1.,0.,0.));
#4373 = ADVANCED_FACE('',(#4374),#4399,.T.);
#4374 = FACE_BOUND('',#4375,.T.);
#4375 = EDGE_LOOP('',(#4376,#4384,#4385,#4393));
#4376 = ORIENTED_EDGE('',*,*,#4377,.F.);
#4377 = EDGE_CURVE('',#4333,#4378,#4380,.T.);
#4378 = VERTEX_POINT('',#4379);
#4379 = CARTESIAN_POINT('',(130.,105.18376618407,-45.81623381592));
#4380 = LINE('',#4381,#4382);
#4381 = CARTESIAN_POINT('',(130.,45.707106781187,-105.2928932188));
#4382 = VECTOR('',#4383,1.);
#4383 = DIRECTION('',(0.,-0.707106781187,-0.707106781187));
#4384 = ORIENTED_EDGE('',*,*,#4332,.T.);
#4385 = ORIENTED_EDGE('',*,*,#4386,.T.);
#4386 = EDGE_CURVE('',#4325,#4387,#4389,.T.);
#4387 = VERTEX_POINT('',#4388);
#4388 = CARTESIAN_POINT('',(130.,100.23401871576,-40.86648634762));
#4389 = LINE('',#4390,#4391);
#4390 = CARTESIAN_POINT('',(130.,108.71930009,-32.38120497338));
#4391 = VECTOR('',#4392,1.);
#4392 = DIRECTION('',(0.,-0.707106781187,-0.707106781187));
#4393 = ORIENTED_EDGE('',*,*,#4394,.T.);
#4394 = EDGE_CURVE('',#4387,#4378,#4395,.T.);
#4395 = LINE('',#4396,#4397);
#4396 = CARTESIAN_POINT('',(130.,109.42640687119,-50.05887450304));
#4397 = VECTOR('',#4398,1.);
#4398 = DIRECTION('',(0.,0.707106781187,-0.707106781187));
#4399 = PLANE('',#4400);
#4400 = AXIS2_PLACEMENT_3D('',#4401,#4402,#4403);
#4401 = CARTESIAN_POINT('',(130.,68.237436867076,-85.23743686707));
#4402 = DIRECTION('',(1.,0.,0.));
#4403 = DIRECTION('',(0.,0.707106781187,-0.707106781187));
#4404 = ADVANCED_FACE('',(#4405),#4421,.F.);
#4405 = FACE_BOUND('',#4406,.F.);
#4406 = EDGE_LOOP('',(#4407,#4408,#4414,#4415));
#4407 = ORIENTED_EDGE('',*,*,#4348,.F.);
#4408 = ORIENTED_EDGE('',*,*,#4409,.F.);
#4409 = EDGE_CURVE('',#4080,#4349,#4410,.T.);
#4410 = LINE('',#4411,#4412);
#4411 = CARTESIAN_POINT('',(11.,98.819805153395,-42.28069990999));
#4412 = VECTOR('',#4413,1.);
#4413 = DIRECTION('',(0.,0.707106781187,0.707106781187));
#4414 = ORIENTED_EDGE('',*,*,#4079,.F.);
#4415 = ORIENTED_EDGE('',*,*,#4416,.F.);
#4416 = EDGE_CURVE('',#4341,#4069,#4417,.T.);
#4417 = LINE('',#4418,#4419);
#4418 = CARTESIAN_POINT('',(11.,45.707106781187,-105.2928932188));
#4419 = VECTOR('',#4420,1.);
#4420 = DIRECTION('',(0.,-0.707106781187,-0.707106781187));
#4421 = PLANE('',#4422);
#4422 = AXIS2_PLACEMENT_3D('',#4423,#4424,#4425);
#4423 = CARTESIAN_POINT('',(11.,68.237436867076,-85.23743686707));
#4424 = DIRECTION('',(1.,0.,0.));
#4425 = DIRECTION('',(0.,0.707106781187,-0.707106781187));
#4426 = ADVANCED_FACE('',(#4427),#4452,.F.);
#4427 = FACE_BOUND('',#4428,.F.);
#4428 = EDGE_LOOP('',(#4429,#4437,#4438,#4446));
#4429 = ORIENTED_EDGE('',*,*,#4430,.F.);
#4430 = EDGE_CURVE('',#4181,#4431,#4433,.T.);
#4431 = VERTEX_POINT('',#4432);
#4432 = CARTESIAN_POINT('',(132.,103.7695526217,-47.2304473783));
#4433 = LINE('',#4434,#4435);
#4434 = CARTESIAN_POINT('',(100.25,103.7695526217,-47.2304473783));
#4435 = VECTOR('',#4436,1.);
#4436 = DIRECTION('',(-1.,0.,0.));
#4437 = ORIENTED_EDGE('',*,*,#4188,.F.);
#4438 = ORIENTED_EDGE('',*,*,#4439,.F.);
#4439 = EDGE_CURVE('',#4440,#4189,#4442,.T.);
#4440 = VERTEX_POINT('',#4441);
#4441 = CARTESIAN_POINT('',(132.,98.819805153395,-42.28069990999));
#4442 = LINE('',#4443,#4444);
#4443 = CARTESIAN_POINT('',(130.,98.819805153395,-42.28069990999));
#4444 = VECTOR('',#4445,1.);
#4445 = DIRECTION('',(1.,0.,0.));
#4446 = ORIENTED_EDGE('',*,*,#4447,.F.);
#4447 = EDGE_CURVE('',#4431,#4440,#4448,.T.);
#4448 = LINE('',#4449,#4450);
#4449 = CARTESIAN_POINT('',(132.,108.01219330882,-51.47308806541));
#4450 = VECTOR('',#4451,1.);
#4451 = DIRECTION('',(0.,-0.707106781187,0.707106781187));
#4452 = PLANE('',#4453);
#4453 = AXIS2_PLACEMENT_3D('',#4454,#4455,#4456);
#4454 = CARTESIAN_POINT('',(130.,108.01219330882,-51.47308806541));
#4455 = DIRECTION('',(0.,-0.707106781187,-0.707106781187));
#4456 = DIRECTION('',(1.,0.,0.));
#4457 = ADVANCED_FACE('',(#4458),#4476,.F.);
#4458 = FACE_BOUND('',#4459,.F.);
#4459 = EDGE_LOOP('',(#4460,#4467,#4468,#4475));
#4460 = ORIENTED_EDGE('',*,*,#4461,.F.);
#4461 = EDGE_CURVE('',#4431,#4378,#4462,.T.);
#4462 = CIRCLE('',#4463,2.);
#4463 = AXIS2_PLACEMENT_3D('',#4464,#4465,#4466);
#4464 = CARTESIAN_POINT('',(132.,105.18376618407,-45.81623381592));
#4465 = DIRECTION('',(-5.551115123126E-17,0.707106781187,-0.707106781187
    ));
#4466 = DIRECTION('',(-0.707106781187,-0.5,-0.5));
#4467 = ORIENTED_EDGE('',*,*,#4447,.T.);
#4468 = ORIENTED_EDGE('',*,*,#4469,.T.);
#4469 = EDGE_CURVE('',#4440,#4387,#4470,.T.);
#4470 = CIRCLE('',#4471,2.);
#4471 = AXIS2_PLACEMENT_3D('',#4472,#4473,#4474);
#4472 = CARTESIAN_POINT('',(132.,100.23401871576,-40.86648634762));
#4473 = DIRECTION('',(-5.551115123126E-17,0.707106781187,-0.707106781187
    ));
#4474 = DIRECTION('',(-0.707106781187,-0.5,-0.5));
#4475 = ORIENTED_EDGE('',*,*,#4394,.T.);
#4476 = CYLINDRICAL_SURFACE('',#4477,2.);
#4477 = AXIS2_PLACEMENT_3D('',#4478,#4479,#4480);
#4478 = CARTESIAN_POINT('',(132.,109.42640687119,-50.05887450304));
#4479 = DIRECTION('',(0.,-0.707106781187,0.707106781187));
#4480 = DIRECTION('',(-0.707106781187,-0.5,-0.5));
#4481 = ADVANCED_FACE('',(#4482),#4500,.T.);
#4482 = FACE_BOUND('',#4483,.T.);
#4483 = EDGE_LOOP('',(#4484,#4485,#4486,#4494));
#4484 = ORIENTED_EDGE('',*,*,#4258,.F.);
#4485 = ORIENTED_EDGE('',*,*,#4243,.T.);
#4486 = ORIENTED_EDGE('',*,*,#4487,.F.);
#4487 = EDGE_CURVE('',#4488,#4236,#4490,.T.);
#4488 = VERTEX_POINT('',#4489);
#4489 = CARTESIAN_POINT('',(138.,26.3,-20.32894736842));
#4490 = LINE('',#4491,#4492);
#4491 = CARTESIAN_POINT('',(138.,26.3,-89.04289321882));
#4492 = VECTOR('',#4493,1.);
#4493 = DIRECTION('',(-2.826525507036E-16,0.,-1.));
#4494 = ORIENTED_EDGE('',*,*,#4495,.F.);
#4495 = EDGE_CURVE('',#4259,#4488,#4496,.T.);
#4496 = LINE('',#4497,#4498);
#4497 = CARTESIAN_POINT('',(138.,5.670834164488,-33.90076699704));
#4498 = VECTOR('',#4499,1.);
#4499 = DIRECTION('',(0.,0.835417082244,0.549616501476));
#4500 = B_SPLINE_SURFACE_WITH_KNOTS('',1,1,(
    (#4501,#4502)
    ,(#4503,#4504
    )),.UNSPECIFIED.,.F.,.F.,.F.,(2,2),(2,2),(0.,73.897368376602),(0.,1.
    ),.PIECEWISE_BEZIER_KNOTS.);
#4501 = CARTESIAN_POINT('',(138.,9.489138881293,-78.66490996849));
#4502 = CARTESIAN_POINT('',(138.,5.670834164488,-33.90076699704));
#4503 = CARTESIAN_POINT('',(138.,64.510861118707,-29.3350900315));
#4504 = CARTESIAN_POINT('',(138.,40.329165835512,-11.09923300295));
#4505 = ADVANCED_FACE('',(#4506),#4540,.F.);
#4506 = FACE_BOUND('',#4507,.F.);
#4507 = EDGE_LOOP('',(#4508,#4516,#4524,#4532,#4538,#4539));
#4508 = ORIENTED_EDGE('',*,*,#4509,.F.);
#4509 = EDGE_CURVE('',#4510,#4488,#4512,.T.);
#4510 = VERTEX_POINT('',#4511);
#4511 = CARTESIAN_POINT('',(138.,26.3,-12.));
#4512 = LINE('',#4513,#4514);
#4513 = CARTESIAN_POINT('',(138.,26.3,-89.04289321882));
#4514 = VECTOR('',#4515,1.);
#4515 = DIRECTION('',(-2.826525507036E-16,0.,-1.));
#4516 = ORIENTED_EDGE('',*,*,#4517,.T.);
#4517 = EDGE_CURVE('',#4510,#4518,#4520,.T.);
#4518 = VERTEX_POINT('',#4519);
#4519 = CARTESIAN_POINT('',(136.,26.3,-12.));
#4520 = LINE('',#4521,#4522);
#4521 = CARTESIAN_POINT('',(175.5,26.3,-12.));
#4522 = VECTOR('',#4523,1.);
#4523 = DIRECTION('',(-1.,0.,0.));
#4524 = ORIENTED_EDGE('',*,*,#4525,.T.);
#4525 = EDGE_CURVE('',#4518,#4526,#4528,.T.);
#4526 = VERTEX_POINT('',#4527);
#4527 = CARTESIAN_POINT('',(136.,26.3,-91.));
#4528 = LINE('',#4529,#4530);
#4529 = CARTESIAN_POINT('',(136.,26.3,-12.));
#4530 = VECTOR('',#4531,1.);
#4531 = DIRECTION('',(0.,0.,-1.));
#4532 = ORIENTED_EDGE('',*,*,#4533,.T.);
#4533 = EDGE_CURVE('',#4526,#4228,#4534,.T.);
#4534 = LINE('',#4535,#4536);
#4535 = CARTESIAN_POINT('',(136.,26.3,-91.));
#4536 = VECTOR('',#4537,1.);
#4537 = DIRECTION('',(0.707106781187,0.,0.707106781187));
#4538 = ORIENTED_EDGE('',*,*,#4235,.F.);
#4539 = ORIENTED_EDGE('',*,*,#4487,.F.);
#4540 = PLANE('',#4541);
#4541 = AXIS2_PLACEMENT_3D('',#4542,#4543,#4544);
#4542 = CARTESIAN_POINT('',(155.75,26.3,-51.5));
#4543 = DIRECTION('',(0.,-1.,0.));
#4544 = DIRECTION('',(0.,0.,-1.));
#4545 = ADVANCED_FACE('',(#4546),#4564,.F.);
#4546 = FACE_BOUND('',#4547,.F.);
#4547 = EDGE_LOOP('',(#4548,#4549,#4550,#4558));
#4548 = ORIENTED_EDGE('',*,*,#4227,.F.);
#4549 = ORIENTED_EDGE('',*,*,#4533,.F.);
#4550 = ORIENTED_EDGE('',*,*,#4551,.F.);
#4551 = EDGE_CURVE('',#4552,#4526,#4554,.T.);
#4552 = VERTEX_POINT('',#4553);
#4553 = CARTESIAN_POINT('',(136.,36.3,-91.));
#4554 = LINE('',#4555,#4556);
#4555 = CARTESIAN_POINT('',(136.,36.3,-91.));
#4556 = VECTOR('',#4557,1.);
#4557 = DIRECTION('',(0.,-1.,0.));
#4558 = ORIENTED_EDGE('',*,*,#4559,.T.);
#4559 = EDGE_CURVE('',#4552,#4220,#4560,.T.);
#4560 = LINE('',#4561,#4562);
#4561 = CARTESIAN_POINT('',(136.,36.3,-91.));
#4562 = VECTOR('',#4563,1.);
#4563 = DIRECTION('',(0.707106781187,0.,0.707106781187));
#4564 = PLANE('',#4565);
#4565 = AXIS2_PLACEMENT_3D('',#4566,#4567,#4568);
#4566 = CARTESIAN_POINT('',(136.,36.3,-91.));
#4567 = DIRECTION('',(0.707106781187,0.,-0.707106781187));
#4568 = DIRECTION('',(0.707106781187,0.,0.707106781187));
#4569 = ADVANCED_FACE('',(#4570),#4604,.F.);
#4570 = FACE_BOUND('',#4571,.F.);
#4571 = EDGE_LOOP('',(#4572,#4573,#4574,#4582,#4590,#4598));
#4572 = ORIENTED_EDGE('',*,*,#4219,.F.);
#4573 = ORIENTED_EDGE('',*,*,#4559,.F.);
#4574 = ORIENTED_EDGE('',*,*,#4575,.F.);
#4575 = EDGE_CURVE('',#4576,#4552,#4578,.T.);
#4576 = VERTEX_POINT('',#4577);
#4577 = CARTESIAN_POINT('',(136.,36.3,-12.));
#4578 = LINE('',#4579,#4580);
#4579 = CARTESIAN_POINT('',(136.,36.3,-12.));
#4580 = VECTOR('',#4581,1.);
#4581 = DIRECTION('',(0.,0.,-1.));
#4582 = ORIENTED_EDGE('',*,*,#4583,.F.);
#4583 = EDGE_CURVE('',#4584,#4576,#4586,.T.);
#4584 = VERTEX_POINT('',#4585);
#4585 = CARTESIAN_POINT('',(138.,36.3,-12.));
#4586 = LINE('',#4587,#4588);
#4587 = CARTESIAN_POINT('',(175.5,36.3,-12.));
#4588 = VECTOR('',#4589,1.);
#4589 = DIRECTION('',(-1.,0.,0.));
#4590 = ORIENTED_EDGE('',*,*,#4591,.F.);
#4591 = EDGE_CURVE('',#4592,#4584,#4594,.T.);
#4592 = VERTEX_POINT('',#4593);
#4593 = CARTESIAN_POINT('',(138.,36.3,-13.75));
#4594 = LINE('',#4595,#4596);
#4595 = CARTESIAN_POINT('',(138.,36.3,-89.04289321882));
#4596 = VECTOR('',#4597,1.);
#4597 = DIRECTION('',(2.826525507036E-16,0.,1.));
#4598 = ORIENTED_EDGE('',*,*,#4599,.F.);
#4599 = EDGE_CURVE('',#4212,#4592,#4600,.T.);
#4600 = LINE('',#4601,#4602);
#4601 = CARTESIAN_POINT('',(138.,36.3,-89.04289321882));
#4602 = VECTOR('',#4603,1.);
#4603 = DIRECTION('',(2.826525507036E-16,0.,1.));
#4604 = PLANE('',#4605);
#4605 = AXIS2_PLACEMENT_3D('',#4606,#4607,#4608);
#4606 = CARTESIAN_POINT('',(155.75,36.3,-51.5));
#4607 = DIRECTION('',(0.,1.,0.));
#4608 = DIRECTION('',(1.,0.,0.));
#4609 = ADVANCED_FACE('',(#4610),#4627,.T.);
#4610 = FACE_BOUND('',#4611,.T.);
#4611 = EDGE_LOOP('',(#4612,#4613,#4614,#4621));
#4612 = ORIENTED_EDGE('',*,*,#4599,.F.);
#4613 = ORIENTED_EDGE('',*,*,#4211,.T.);
#4614 = ORIENTED_EDGE('',*,*,#4615,.T.);
#4615 = EDGE_CURVE('',#4205,#4616,#4618,.T.);
#4616 = VERTEX_POINT('',#4617);
#4617 = CARTESIAN_POINT('',(138.,40.329165835514,-11.09923300295));
#4618 = B_SPLINE_CURVE_WITH_KNOTS('',1,(#4619,#4620),.UNSPECIFIED.,.F.,
  .F.,(2,2),(0.,1.),.PIECEWISE_BEZIER_KNOTS.);
#4619 = CARTESIAN_POINT('',(138.,64.510861118707,-29.3350900315));
#4620 = CARTESIAN_POINT('',(138.,40.329165835512,-11.09923300295));
#4621 = ORIENTED_EDGE('',*,*,#4622,.F.);
#4622 = EDGE_CURVE('',#4592,#4616,#4623,.T.);
#4623 = LINE('',#4624,#4625);
#4624 = CARTESIAN_POINT('',(138.,5.670834164488,-33.90076699704));
#4625 = VECTOR('',#4626,1.);
#4626 = DIRECTION('',(0.,0.835417082244,0.549616501476));
#4627 = B_SPLINE_SURFACE_WITH_KNOTS('',1,1,(
    (#4628,#4629)
    ,(#4630,#4631
    )),.UNSPECIFIED.,.F.,.F.,.F.,(2,2),(2,2),(0.,73.897368376602),(0.,1.
    ),.PIECEWISE_BEZIER_KNOTS.);
#4628 = CARTESIAN_POINT('',(138.,9.489138881293,-78.66490996849));
#4629 = CARTESIAN_POINT('',(138.,5.670834164488,-33.90076699704));
#4630 = CARTESIAN_POINT('',(138.,64.510861118707,-29.3350900315));
#4631 = CARTESIAN_POINT('',(138.,40.329165835512,-11.09923300295));
#4632 = ADVANCED_FACE('',(#4633),#4640,.F.);
#4633 = FACE_BOUND('',#4634,.F.);
#4634 = EDGE_LOOP('',(#4635,#4636,#4637,#4638,#4639));
#4635 = ORIENTED_EDGE('',*,*,#4196,.F.);
#4636 = ORIENTED_EDGE('',*,*,#4324,.F.);
#4637 = ORIENTED_EDGE('',*,*,#4386,.T.);
#4638 = ORIENTED_EDGE('',*,*,#4469,.F.);
#4639 = ORIENTED_EDGE('',*,*,#4439,.T.);
#4640 = PLANE('',#4641);
#4641 = AXIS2_PLACEMENT_3D('',#4642,#4643,#4644);
#4642 = CARTESIAN_POINT('',(135.,103.7695526217,-37.33095244168));
#4643 = DIRECTION('',(0.,-0.707106781187,0.707106781187));
#4644 = DIRECTION('',(1.,0.,0.));
#4645 = ADVANCED_FACE('',(#4646),#4660,.T.);
#4646 = FACE_BOUND('',#4647,.T.);
#4647 = EDGE_LOOP('',(#4648,#4649,#4654,#4655));
#4648 = ORIENTED_EDGE('',*,*,#4265,.T.);
#4649 = ORIENTED_EDGE('',*,*,#4650,.T.);
#4650 = EDGE_CURVE('',#4259,#3997,#4651,.T.);
#4651 = B_SPLINE_CURVE_WITH_KNOTS('',1,(#4652,#4653),.UNSPECIFIED.,.F.,
  .F.,(2,2),(0.,1.),.PIECEWISE_BEZIER_KNOTS.);
#4652 = CARTESIAN_POINT('',(138.,5.670834164488,-33.90076699704));
#4653 = CARTESIAN_POINT('',(138.,6.,0.));
#4654 = ORIENTED_EDGE('',*,*,#3994,.F.);
#4655 = ORIENTED_EDGE('',*,*,#4656,.F.);
#4656 = EDGE_CURVE('',#4266,#3995,#4657,.T.);
#4657 = B_SPLINE_CURVE_WITH_KNOTS('',1,(#4658,#4659),.UNSPECIFIED.,.F.,
  .F.,(2,2),(0.,1.),.PIECEWISE_BEZIER_KNOTS.);
#4658 = CARTESIAN_POINT('',(3.,5.670834164488,-33.90076699704));
#4659 = CARTESIAN_POINT('',(3.,6.,0.));
#4660 = PLANE('',#4661);
#4661 = AXIS2_PLACEMENT_3D('',#4662,#4663,#4664);
#4662 = CARTESIAN_POINT('',(3.,6.,0.));
#4663 = DIRECTION('',(0.,-0.999952864322,9.709229295198E-03));
#4664 = DIRECTION('',(1.,0.,0.));
#4665 = ADVANCED_FACE('',(#4666),#4683,.T.);
#4666 = FACE_BOUND('',#4667,.T.);
#4667 = EDGE_LOOP('',(#4668,#4669,#4670,#4678));
#4668 = ORIENTED_EDGE('',*,*,#4294,.T.);
#4669 = ORIENTED_EDGE('',*,*,#4273,.T.);
#4670 = ORIENTED_EDGE('',*,*,#4671,.F.);
#4671 = EDGE_CURVE('',#4672,#4266,#4674,.T.);
#4672 = VERTEX_POINT('',#4673);
#4673 = CARTESIAN_POINT('',(3.,40.329165835514,-11.09923300295));
#4674 = LINE('',#4675,#4676);
#4675 = CARTESIAN_POINT('',(3.,40.329165835512,-11.09923300295));
#4676 = VECTOR('',#4677,1.);
#4677 = DIRECTION('',(0.,-0.835417082244,-0.549616501476));
#4678 = ORIENTED_EDGE('',*,*,#4679,.F.);
#4679 = EDGE_CURVE('',#4295,#4672,#4680,.T.);
#4680 = B_SPLINE_CURVE_WITH_KNOTS('',1,(#4681,#4682),.UNSPECIFIED.,.F.,
  .F.,(2,2),(0.,1.),.PIECEWISE_BEZIER_KNOTS.);
#4681 = CARTESIAN_POINT('',(3.,64.510861118707,-29.3350900315));
#4682 = CARTESIAN_POINT('',(3.,40.329165835512,-11.09923300295));
#4683 = B_SPLINE_SURFACE_WITH_KNOTS('',1,1,(
    (#4684,#4685)
    ,(#4686,#4687
    )),.UNSPECIFIED.,.F.,.F.,.F.,(2,2),(2,2),(0.,73.897368376602),(0.,1.
    ),.PIECEWISE_BEZIER_KNOTS.);
#4684 = CARTESIAN_POINT('',(3.,64.510861118707,-29.3350900315));
#4685 = CARTESIAN_POINT('',(3.,40.329165835512,-11.09923300295));
#4686 = CARTESIAN_POINT('',(3.,9.489138881293,-78.66490996849));
#4687 = CARTESIAN_POINT('',(3.,5.670834164488,-33.90076699704));
#4688 = ADVANCED_FACE('',(#4689),#4696,.F.);
#4689 = FACE_BOUND('',#4690,.F.);
#4690 = EDGE_LOOP('',(#4691,#4692,#4693,#4694,#4695));
#4691 = ORIENTED_EDGE('',*,*,#4309,.F.);
#4692 = ORIENTED_EDGE('',*,*,#4119,.T.);
#4693 = ORIENTED_EDGE('',*,*,#4087,.F.);
#4694 = ORIENTED_EDGE('',*,*,#4409,.T.);
#4695 = ORIENTED_EDGE('',*,*,#4356,.F.);
#4696 = PLANE('',#4697);
#4697 = AXIS2_PLACEMENT_3D('',#4698,#4699,#4700);
#4698 = CARTESIAN_POINT('',(6.,103.7695526217,-37.33095244168));
#4699 = DIRECTION('',(0.,-0.707106781187,0.707106781187));
#4700 = DIRECTION('',(1.,0.,0.));
#4701 = ADVANCED_FACE('',(#4702),#4713,.T.);
#4702 = FACE_BOUND('',#4703,.T.);
#4703 = EDGE_LOOP('',(#4704,#4705,#4706,#4712));
#4704 = ORIENTED_EDGE('',*,*,#4363,.T.);
#4705 = ORIENTED_EDGE('',*,*,#4679,.T.);
#4706 = ORIENTED_EDGE('',*,*,#4707,.F.);
#4707 = EDGE_CURVE('',#4616,#4672,#4708,.T.);
#4708 = LINE('',#4709,#4710);
#4709 = CARTESIAN_POINT('',(138.,40.329165835512,-11.09923300295));
#4710 = VECTOR('',#4711,1.);
#4711 = DIRECTION('',(-1.,0.,0.));
#4712 = ORIENTED_EDGE('',*,*,#4615,.F.);
#4713 = PLANE('',#4714);
#4714 = AXIS2_PLACEMENT_3D('',#4715,#4716,#4717);
#4715 = CARTESIAN_POINT('',(138.,40.329165835512,-11.09923300295));
#4716 = DIRECTION('',(0.,0.602102286297,0.798418960719));
#4717 = DIRECTION('',(-1.,0.,0.));
#4718 = ADVANCED_FACE('',(#4719),#4738,.T.);
#4719 = FACE_BOUND('',#4720,.T.);
#4720 = EDGE_LOOP('',(#4721,#4722,#4723,#4724,#4730,#4731,#4732,#4737));
#4721 = ORIENTED_EDGE('',*,*,#4650,.F.);
#4722 = ORIENTED_EDGE('',*,*,#4495,.T.);
#4723 = ORIENTED_EDGE('',*,*,#4509,.F.);
#4724 = ORIENTED_EDGE('',*,*,#4725,.F.);
#4725 = EDGE_CURVE('',#4584,#4510,#4726,.T.);
#4726 = LINE('',#4727,#4728);
#4727 = CARTESIAN_POINT('',(138.,30.357106781171,-12.));
#4728 = VECTOR('',#4729,1.);
#4729 = DIRECTION('',(2.826525507036E-16,-1.,0.));
#4730 = ORIENTED_EDGE('',*,*,#4591,.F.);
#4731 = ORIENTED_EDGE('',*,*,#4622,.T.);
#4732 = ORIENTED_EDGE('',*,*,#4733,.T.);
#4733 = EDGE_CURVE('',#4616,#4005,#4734,.T.);
#4734 = B_SPLINE_CURVE_WITH_KNOTS('',1,(#4735,#4736),.UNSPECIFIED.,.F.,
  .F.,(2,2),(0.,1.),.PIECEWISE_BEZIER_KNOTS.);
#4735 = CARTESIAN_POINT('',(138.,40.329165835512,-11.09923300295));
#4736 = CARTESIAN_POINT('',(138.,38.,0.));
#4737 = ORIENTED_EDGE('',*,*,#4004,.F.);
#4738 = B_SPLINE_SURFACE_WITH_KNOTS('',1,1,(
    (#4739,#4740)
    ,(#4741,#4742
    )),.UNSPECIFIED.,.F.,.F.,.F.,(2,2),(2,2),(0.,41.486261662177),(0.,1.
    ),.PIECEWISE_BEZIER_KNOTS.);
#4739 = CARTESIAN_POINT('',(138.,5.670834164488,-33.90076699704));
#4740 = CARTESIAN_POINT('',(138.,6.,0.));
#4741 = CARTESIAN_POINT('',(138.,40.329165835512,-11.09923300295));
#4742 = CARTESIAN_POINT('',(138.,38.,0.));
#4743 = ADVANCED_FACE('',(#4744),#4755,.F.);
#4744 = FACE_BOUND('',#4745,.F.);
#4745 = EDGE_LOOP('',(#4746,#4747,#4748,#4754));
#4746 = ORIENTED_EDGE('',*,*,#4725,.F.);
#4747 = ORIENTED_EDGE('',*,*,#4583,.T.);
#4748 = ORIENTED_EDGE('',*,*,#4749,.T.);
#4749 = EDGE_CURVE('',#4576,#4518,#4750,.T.);
#4750 = LINE('',#4751,#4752);
#4751 = CARTESIAN_POINT('',(136.,36.3,-12.));
#4752 = VECTOR('',#4753,1.);
#4753 = DIRECTION('',(0.,-1.,0.));
#4754 = ORIENTED_EDGE('',*,*,#4517,.F.);
#4755 = PLANE('',#4756);
#4756 = AXIS2_PLACEMENT_3D('',#4757,#4758,#4759);
#4757 = CARTESIAN_POINT('',(175.5,36.3,-12.));
#4758 = DIRECTION('',(0.,0.,1.));
#4759 = DIRECTION('',(-1.,0.,0.));
#4760 = ADVANCED_FACE('',(#4761),#4767,.F.);
#4761 = FACE_BOUND('',#4762,.F.);
#4762 = EDGE_LOOP('',(#4763,#4764,#4765,#4766));
#4763 = ORIENTED_EDGE('',*,*,#4575,.T.);
#4764 = ORIENTED_EDGE('',*,*,#4551,.T.);
#4765 = ORIENTED_EDGE('',*,*,#4525,.F.);
#4766 = ORIENTED_EDGE('',*,*,#4749,.F.);
#4767 = PLANE('',#4768);
#4768 = AXIS2_PLACEMENT_3D('',#4769,#4770,#4771);
#4769 = CARTESIAN_POINT('',(136.,36.3,-12.));
#4770 = DIRECTION('',(-1.,0.,0.));
#4771 = DIRECTION('',(0.,0.,-1.));
#4772 = ADVANCED_FACE('',(#4773),#4783,.T.);
#4773 = FACE_BOUND('',#4774,.T.);
#4774 = EDGE_LOOP('',(#4775,#4776,#4777,#4778));
#4775 = ORIENTED_EDGE('',*,*,#4671,.T.);
#4776 = ORIENTED_EDGE('',*,*,#4656,.T.);
#4777 = ORIENTED_EDGE('',*,*,#4020,.F.);
#4778 = ORIENTED_EDGE('',*,*,#4779,.F.);
#4779 = EDGE_CURVE('',#4672,#4013,#4780,.T.);
#4780 = B_SPLINE_CURVE_WITH_KNOTS('',1,(#4781,#4782),.UNSPECIFIED.,.F.,
  .F.,(2,2),(0.,1.),.PIECEWISE_BEZIER_KNOTS.);
#4781 = CARTESIAN_POINT('',(3.,40.329165835512,-11.09923300295));
#4782 = CARTESIAN_POINT('',(3.,38.,0.));
#4783 = B_SPLINE_SURFACE_WITH_KNOTS('',1,1,(
    (#4784,#4785)
    ,(#4786,#4787
    )),.UNSPECIFIED.,.F.,.F.,.F.,(2,2),(2,2),(0.,41.486261662177),(0.,1.
    ),.PIECEWISE_BEZIER_KNOTS.);
#4784 = CARTESIAN_POINT('',(3.,40.329165835512,-11.09923300295));
#4785 = CARTESIAN_POINT('',(3.,38.,0.));
#4786 = CARTESIAN_POINT('',(3.,5.670834164488,-33.90076699704));
#4787 = CARTESIAN_POINT('',(3.,6.,0.));
#4788 = ADVANCED_FACE('',(#4789),#4795,.T.);
#4789 = FACE_BOUND('',#4790,.T.);
#4790 = EDGE_LOOP('',(#4791,#4792,#4793,#4794));
#4791 = ORIENTED_EDGE('',*,*,#4707,.T.);
#4792 = ORIENTED_EDGE('',*,*,#4779,.T.);
#4793 = ORIENTED_EDGE('',*,*,#4012,.F.);
#4794 = ORIENTED_EDGE('',*,*,#4733,.F.);
#4795 = PLANE('',#4796);
#4796 = AXIS2_PLACEMENT_3D('',#4797,#4798,#4799);
#4797 = CARTESIAN_POINT('',(138.,38.,0.));
#4798 = DIRECTION('',(0.,0.978683158413,0.205375936856));
#4799 = DIRECTION('',(-1.,0.,0.));
#4800 = ADVANCED_FACE('',(#4801,#4813),#4816,.T.);
#4801 = FACE_BOUND('',#4802,.T.);
#4802 = EDGE_LOOP('',(#4803,#4804,#4805,#4806,#4807,#4808,#4809,#4810,
    #4811,#4812));
#4803 = ORIENTED_EDGE('',*,*,#4141,.F.);
#4804 = ORIENTED_EDGE('',*,*,#4287,.F.);
#4805 = ORIENTED_EDGE('',*,*,#4110,.F.);
#4806 = ORIENTED_EDGE('',*,*,#4068,.F.);
#4807 = ORIENTED_EDGE('',*,*,#4416,.F.);
#4808 = ORIENTED_EDGE('',*,*,#4340,.F.);
#4809 = ORIENTED_EDGE('',*,*,#4377,.T.);
#4810 = ORIENTED_EDGE('',*,*,#4461,.F.);
#4811 = ORIENTED_EDGE('',*,*,#4430,.F.);
#4812 = ORIENTED_EDGE('',*,*,#4180,.F.);
#4813 = FACE_BOUND('',#4814,.T.);
#4814 = EDGE_LOOP('',(#4815));
#4815 = ORIENTED_EDGE('',*,*,#107,.T.);
#4816 = PLANE('',#4817);
#4817 = AXIS2_PLACEMENT_3D('',#4818,#4819,#4820);
#4818 = CARTESIAN_POINT('',(70.5,66.689019621939,-84.31098037806));
#4819 = DIRECTION('',(0.,0.707106781187,-0.707106781187));
#4820 = DIRECTION('',(0.,0.707106781187,0.707106781187));
#4821 = ADVANCED_FACE('',(#4822),#4845,.F.);
#4822 = FACE_BOUND('',#4823,.F.);
#4823 = EDGE_LOOP('',(#4824,#4834,#4839,#4840));
#4824 = ORIENTED_EDGE('',*,*,#4825,.T.);
#4825 = EDGE_CURVE('',#4826,#4828,#4830,.T.);
#4826 = VERTEX_POINT('',#4827);
#4827 = CARTESIAN_POINT('',(-3.,40.329165835514,-11.09923300295));
#4828 = VERTEX_POINT('',#4829);
#4829 = CARTESIAN_POINT('',(-3.,5.670834164492,-33.90076699704));
#4830 = LINE('',#4831,#4832);
#4831 = CARTESIAN_POINT('',(-3.,40.329165835512,-11.09923300295));
#4832 = VECTOR('',#4833,1.);
#4833 = DIRECTION('',(-0.,-0.835417082244,-0.549616501476));
#4834 = ORIENTED_EDGE('',*,*,#4835,.T.);
#4835 = EDGE_CURVE('',#4828,#4031,#4836,.T.);
#4836 = B_SPLINE_CURVE_WITH_KNOTS('',1,(#4837,#4838),.UNSPECIFIED.,.F.,
  .F.,(2,2),(0.,1.),.PIECEWISE_BEZIER_KNOTS.);
#4837 = CARTESIAN_POINT('',(-3.,5.670834164488,-33.90076699704));
#4838 = CARTESIAN_POINT('',(-3.,6.,0.));
#4839 = ORIENTED_EDGE('',*,*,#4028,.F.);
#4840 = ORIENTED_EDGE('',*,*,#4841,.F.);
#4841 = EDGE_CURVE('',#4826,#4029,#4842,.T.);
#4842 = B_SPLINE_CURVE_WITH_KNOTS('',1,(#4843,#4844),.UNSPECIFIED.,.F.,
  .F.,(2,2),(0.,1.),.PIECEWISE_BEZIER_KNOTS.);
#4843 = CARTESIAN_POINT('',(-3.,40.329165835512,-11.09923300295));
#4844 = CARTESIAN_POINT('',(-3.,38.,0.));
#4845 = B_SPLINE_SURFACE_WITH_KNOTS('',1,1,(
    (#4846,#4847)
    ,(#4848,#4849
    )),.UNSPECIFIED.,.F.,.F.,.F.,(2,2),(2,2),(0.,41.486261662177),(0.,1.
    ),.PIECEWISE_BEZIER_KNOTS.);
#4846 = CARTESIAN_POINT('',(-3.,40.329165835512,-11.09923300295));
#4847 = CARTESIAN_POINT('',(-3.,38.,0.));
#4848 = CARTESIAN_POINT('',(-3.,5.670834164488,-33.90076699704));
#4849 = CARTESIAN_POINT('',(-3.,6.,0.));
#4850 = ADVANCED_FACE('',(#4851),#4868,.T.);
#4851 = FACE_BOUND('',#4852,.F.);
#4852 = EDGE_LOOP('',(#4853,#4861,#4862,#4863));
#4853 = ORIENTED_EDGE('',*,*,#4854,.T.);
#4854 = EDGE_CURVE('',#4855,#4826,#4857,.T.);
#4855 = VERTEX_POINT('',#4856);
#4856 = CARTESIAN_POINT('',(-138.,40.329165835514,-11.09923300295));
#4857 = LINE('',#4858,#4859);
#4858 = CARTESIAN_POINT('',(-138.,40.329165835512,-11.09923300295));
#4859 = VECTOR('',#4860,1.);
#4860 = DIRECTION('',(1.,-0.,-0.));
#4861 = ORIENTED_EDGE('',*,*,#4841,.T.);
#4862 = ORIENTED_EDGE('',*,*,#4038,.F.);
#4863 = ORIENTED_EDGE('',*,*,#4864,.F.);
#4864 = EDGE_CURVE('',#4855,#4039,#4865,.T.);
#4865 = B_SPLINE_CURVE_WITH_KNOTS('',1,(#4866,#4867),.UNSPECIFIED.,.F.,
  .F.,(2,2),(0.,1.),.PIECEWISE_BEZIER_KNOTS.);
#4866 = CARTESIAN_POINT('',(-138.,40.329165835512,-11.09923300295));
#4867 = CARTESIAN_POINT('',(-138.,38.,0.));
#4868 = PLANE('',#4869);
#4869 = AXIS2_PLACEMENT_3D('',#4870,#4871,#4872);
#4870 = CARTESIAN_POINT('',(-138.,38.,0.));
#4871 = DIRECTION('',(-0.,0.978683158413,0.205375936856));
#4872 = DIRECTION('',(-1.,0.,0.));
#4873 = ADVANCED_FACE('',(#4874),#4891,.T.);
#4874 = FACE_BOUND('',#4875,.F.);
#4875 = EDGE_LOOP('',(#4876,#4884,#4889,#4890));
#4876 = ORIENTED_EDGE('',*,*,#4877,.T.);
#4877 = EDGE_CURVE('',#4828,#4878,#4880,.T.);
#4878 = VERTEX_POINT('',#4879);
#4879 = CARTESIAN_POINT('',(-138.,5.670834164492,-33.90076699704));
#4880 = LINE('',#4881,#4882);
#4881 = CARTESIAN_POINT('',(-3.,5.670834164488,-33.90076699704));
#4882 = VECTOR('',#4883,1.);
#4883 = DIRECTION('',(-1.,-0.,-0.));
#4884 = ORIENTED_EDGE('',*,*,#4885,.T.);
#4885 = EDGE_CURVE('',#4878,#4047,#4886,.T.);
#4886 = B_SPLINE_CURVE_WITH_KNOTS('',1,(#4887,#4888),.UNSPECIFIED.,.F.,
  .F.,(2,2),(0.,1.),.PIECEWISE_BEZIER_KNOTS.);
#4887 = CARTESIAN_POINT('',(-138.,5.670834164488,-33.90076699704));
#4888 = CARTESIAN_POINT('',(-138.,6.,0.));
#4889 = ORIENTED_EDGE('',*,*,#4054,.F.);
#4890 = ORIENTED_EDGE('',*,*,#4835,.F.);
#4891 = PLANE('',#4892);
#4892 = AXIS2_PLACEMENT_3D('',#4893,#4894,#4895);
#4893 = CARTESIAN_POINT('',(-3.,6.,0.));
#4894 = DIRECTION('',(-0.,-0.999952864322,9.709229295198E-03));
#4895 = DIRECTION('',(1.,0.,0.));
#4896 = ADVANCED_FACE('',(#4897),#4940,.F.);
#4897 = FACE_BOUND('',#4898,.F.);
#4898 = EDGE_LOOP('',(#4899,#4900,#4908,#4916,#4924,#4932,#4938,#4939));
#4899 = ORIENTED_EDGE('',*,*,#4885,.F.);
#4900 = ORIENTED_EDGE('',*,*,#4901,.T.);
#4901 = EDGE_CURVE('',#4878,#4902,#4904,.T.);
#4902 = VERTEX_POINT('',#4903);
#4903 = CARTESIAN_POINT('',(-138.,26.3,-20.32894736842));
#4904 = LINE('',#4905,#4906);
#4905 = CARTESIAN_POINT('',(-138.,5.670834164488,-33.90076699704));
#4906 = VECTOR('',#4907,1.);
#4907 = DIRECTION('',(-0.,0.835417082244,0.549616501476));
#4908 = ORIENTED_EDGE('',*,*,#4909,.F.);
#4909 = EDGE_CURVE('',#4910,#4902,#4912,.T.);
#4910 = VERTEX_POINT('',#4911);
#4911 = CARTESIAN_POINT('',(-138.,26.3,-12.));
#4912 = LINE('',#4913,#4914);
#4913 = CARTESIAN_POINT('',(-138.,26.3,-89.04289321882));
#4914 = VECTOR('',#4915,1.);
#4915 = DIRECTION('',(2.826525507036E-16,0.,-1.));
#4916 = ORIENTED_EDGE('',*,*,#4917,.F.);
#4917 = EDGE_CURVE('',#4918,#4910,#4920,.T.);
#4918 = VERTEX_POINT('',#4919);
#4919 = CARTESIAN_POINT('',(-138.,36.3,-12.));
#4920 = LINE('',#4921,#4922);
#4921 = CARTESIAN_POINT('',(-138.,30.357106781171,-12.));
#4922 = VECTOR('',#4923,1.);
#4923 = DIRECTION('',(-2.826525507036E-16,-1.,0.));
#4924 = ORIENTED_EDGE('',*,*,#4925,.F.);
#4925 = EDGE_CURVE('',#4926,#4918,#4928,.T.);
#4926 = VERTEX_POINT('',#4927);
#4927 = CARTESIAN_POINT('',(-138.,36.3,-13.75));
#4928 = LINE('',#4929,#4930);
#4929 = CARTESIAN_POINT('',(-138.,36.3,-89.04289321882));
#4930 = VECTOR('',#4931,1.);
#4931 = DIRECTION('',(-2.826525507036E-16,0.,1.));
#4932 = ORIENTED_EDGE('',*,*,#4933,.T.);
#4933 = EDGE_CURVE('',#4926,#4855,#4934,.T.);
#4934 = LINE('',#4935,#4936);
#4935 = CARTESIAN_POINT('',(-138.,5.670834164488,-33.90076699704));
#4936 = VECTOR('',#4937,1.);
#4937 = DIRECTION('',(-0.,0.835417082244,0.549616501476));
#4938 = ORIENTED_EDGE('',*,*,#4864,.T.);
#4939 = ORIENTED_EDGE('',*,*,#4046,.F.);
#4940 = B_SPLINE_SURFACE_WITH_KNOTS('',1,1,(
    (#4941,#4942)
    ,(#4943,#4944
    )),.UNSPECIFIED.,.F.,.F.,.F.,(2,2),(2,2),(0.,41.486261662177),(0.,1.
    ),.PIECEWISE_BEZIER_KNOTS.);
#4941 = CARTESIAN_POINT('',(-138.,5.670834164488,-33.90076699704));
#4942 = CARTESIAN_POINT('',(-138.,6.,0.));
#4943 = CARTESIAN_POINT('',(-138.,40.329165835512,-11.09923300295));
#4944 = CARTESIAN_POINT('',(-138.,38.,0.));
#4945 = ADVANCED_FACE('',(#4946),#4969,.F.);
#4946 = FACE_BOUND('',#4947,.F.);
#4947 = EDGE_LOOP('',(#4948,#4958,#4963,#4964));
#4948 = ORIENTED_EDGE('',*,*,#4949,.T.);
#4949 = EDGE_CURVE('',#4950,#4952,#4954,.T.);
#4950 = VERTEX_POINT('',#4951);
#4951 = CARTESIAN_POINT('',(-3.,64.510861118696,-29.33509003151));
#4952 = VERTEX_POINT('',#4953);
#4953 = CARTESIAN_POINT('',(-3.,9.489138881292,-78.66490996849));
#4954 = LINE('',#4955,#4956);
#4955 = CARTESIAN_POINT('',(-3.,64.510861118707,-29.3350900315));
#4956 = VECTOR('',#4957,1.);
#4957 = DIRECTION('',(-0.,-0.744569440646,-0.667545015752));
#4958 = ORIENTED_EDGE('',*,*,#4959,.T.);
#4959 = EDGE_CURVE('',#4952,#4828,#4960,.T.);
#4960 = B_SPLINE_CURVE_WITH_KNOTS('',1,(#4961,#4962),.UNSPECIFIED.,.F.,
  .F.,(2,2),(0.,1.),.PIECEWISE_BEZIER_KNOTS.);
#4961 = CARTESIAN_POINT('',(-3.,9.489138881293,-78.66490996849));
#4962 = CARTESIAN_POINT('',(-3.,5.670834164488,-33.90076699704));
#4963 = ORIENTED_EDGE('',*,*,#4825,.F.);
#4964 = ORIENTED_EDGE('',*,*,#4965,.F.);
#4965 = EDGE_CURVE('',#4950,#4826,#4966,.T.);
#4966 = B_SPLINE_CURVE_WITH_KNOTS('',1,(#4967,#4968),.UNSPECIFIED.,.F.,
  .F.,(2,2),(0.,1.),.PIECEWISE_BEZIER_KNOTS.);
#4967 = CARTESIAN_POINT('',(-3.,64.510861118707,-29.3350900315));
#4968 = CARTESIAN_POINT('',(-3.,40.329165835512,-11.09923300295));
#4969 = B_SPLINE_SURFACE_WITH_KNOTS('',1,1,(
    (#4970,#4971)
    ,(#4972,#4973
    )),.UNSPECIFIED.,.F.,.F.,.F.,(2,2),(2,2),(0.,73.897368376602),(0.,1.
    ),.PIECEWISE_BEZIER_KNOTS.);
#4970 = CARTESIAN_POINT('',(-3.,64.510861118707,-29.3350900315));
#4971 = CARTESIAN_POINT('',(-3.,40.329165835512,-11.09923300295));
#4972 = CARTESIAN_POINT('',(-3.,9.489138881293,-78.66490996849));
#4973 = CARTESIAN_POINT('',(-3.,5.670834164488,-33.90076699704));
#4974 = ADVANCED_FACE('',(#4975),#4992,.T.);
#4975 = FACE_BOUND('',#4976,.F.);
#4976 = EDGE_LOOP('',(#4977,#4985,#4986,#4987));
#4977 = ORIENTED_EDGE('',*,*,#4978,.T.);
#4978 = EDGE_CURVE('',#4979,#4950,#4981,.T.);
#4979 = VERTEX_POINT('',#4980);
#4980 = CARTESIAN_POINT('',(-138.,64.510861118696,-29.33509003151));
#4981 = LINE('',#4982,#4983);
#4982 = CARTESIAN_POINT('',(-138.,64.510861118707,-29.3350900315));
#4983 = VECTOR('',#4984,1.);
#4984 = DIRECTION('',(1.,-0.,-0.));
#4985 = ORIENTED_EDGE('',*,*,#4965,.T.);
#4986 = ORIENTED_EDGE('',*,*,#4854,.F.);
#4987 = ORIENTED_EDGE('',*,*,#4988,.F.);
#4988 = EDGE_CURVE('',#4979,#4855,#4989,.T.);
#4989 = B_SPLINE_CURVE_WITH_KNOTS('',1,(#4990,#4991),.UNSPECIFIED.,.F.,
  .F.,(2,2),(0.,1.),.PIECEWISE_BEZIER_KNOTS.);
#4990 = CARTESIAN_POINT('',(-138.,64.510861118707,-29.3350900315));
#4991 = CARTESIAN_POINT('',(-138.,40.329165835512,-11.09923300295));
#4992 = PLANE('',#4993);
#4993 = AXIS2_PLACEMENT_3D('',#4994,#4995,#4996);
#4994 = CARTESIAN_POINT('',(-138.,40.329165835512,-11.09923300295));
#4995 = DIRECTION('',(-0.,0.602102286297,0.798418960719));
#4996 = DIRECTION('',(-1.,0.,0.));
#4997 = ADVANCED_FACE('',(#4998),#5015,.T.);
#4998 = FACE_BOUND('',#4999,.F.);
#4999 = EDGE_LOOP('',(#5000,#5008,#5013,#5014));
#5000 = ORIENTED_EDGE('',*,*,#5001,.T.);
#5001 = EDGE_CURVE('',#4952,#5002,#5004,.T.);
#5002 = VERTEX_POINT('',#5003);
#5003 = CARTESIAN_POINT('',(-138.,9.489138881292,-78.66490996849));
#5004 = LINE('',#5005,#5006);
#5005 = CARTESIAN_POINT('',(-3.,9.489138881293,-78.66490996849));
#5006 = VECTOR('',#5007,1.);
#5007 = DIRECTION('',(-1.,-0.,-0.));
#5008 = ORIENTED_EDGE('',*,*,#5009,.T.);
#5009 = EDGE_CURVE('',#5002,#4878,#5010,.T.);
#5010 = B_SPLINE_CURVE_WITH_KNOTS('',1,(#5011,#5012),.UNSPECIFIED.,.F.,
  .F.,(2,2),(0.,1.),.PIECEWISE_BEZIER_KNOTS.);
#5011 = CARTESIAN_POINT('',(-138.,9.489138881293,-78.66490996849));
#5012 = CARTESIAN_POINT('',(-138.,5.670834164488,-33.90076699704));
#5013 = ORIENTED_EDGE('',*,*,#4877,.F.);
#5014 = ORIENTED_EDGE('',*,*,#4959,.F.);
#5015 = PLANE('',#5016);
#5016 = AXIS2_PLACEMENT_3D('',#5017,#5018,#5019);
#5017 = CARTESIAN_POINT('',(-3.,5.670834164488,-33.90076699704));
#5018 = DIRECTION('',(-0.,-0.996381832974,-8.498966360219E-02));
#5019 = DIRECTION('',(1.,0.,0.));
#5020 = ADVANCED_FACE('',(#5021),#5039,.F.);
#5021 = FACE_BOUND('',#5022,.F.);
#5022 = EDGE_LOOP('',(#5023,#5031,#5037,#5038));
#5023 = ORIENTED_EDGE('',*,*,#5024,.F.);
#5024 = EDGE_CURVE('',#5025,#4926,#5027,.T.);
#5025 = VERTEX_POINT('',#5026);
#5026 = CARTESIAN_POINT('',(-138.,36.3,-54.62758620689));
#5027 = LINE('',#5028,#5029);
#5028 = CARTESIAN_POINT('',(-138.,36.3,-89.04289321882));
#5029 = VECTOR('',#5030,1.);
#5030 = DIRECTION('',(-2.826525507036E-16,0.,1.));
#5031 = ORIENTED_EDGE('',*,*,#5032,.T.);
#5032 = EDGE_CURVE('',#5025,#4979,#5033,.T.);
#5033 = LINE('',#5034,#5035);
#5034 = CARTESIAN_POINT('',(-138.,9.489138881293,-78.66490996849));
#5035 = VECTOR('',#5036,1.);
#5036 = DIRECTION('',(-0.,0.744569440646,0.667545015752));
#5037 = ORIENTED_EDGE('',*,*,#4988,.T.);
#5038 = ORIENTED_EDGE('',*,*,#4933,.F.);
#5039 = B_SPLINE_SURFACE_WITH_KNOTS('',1,1,(
    (#5040,#5041)
    ,(#5042,#5043
    )),.UNSPECIFIED.,.F.,.F.,.F.,(2,2),(2,2),(0.,73.897368376602),(0.,1.
    ),.PIECEWISE_BEZIER_KNOTS.);
#5040 = CARTESIAN_POINT('',(-138.,9.489138881293,-78.66490996849));
#5041 = CARTESIAN_POINT('',(-138.,5.670834164488,-33.90076699704));
#5042 = CARTESIAN_POINT('',(-138.,64.510861118707,-29.3350900315));
#5043 = CARTESIAN_POINT('',(-138.,40.329165835512,-11.09923300295));
#5044 = ADVANCED_FACE('',(#5045),#5079,.T.);
#5045 = FACE_BOUND('',#5046,.F.);
#5046 = EDGE_LOOP('',(#5047,#5055,#5056,#5057,#5065,#5073));
#5047 = ORIENTED_EDGE('',*,*,#5048,.T.);
#5048 = EDGE_CURVE('',#5049,#5025,#5051,.T.);
#5049 = VERTEX_POINT('',#5050);
#5050 = CARTESIAN_POINT('',(-138.,36.3,-89.));
#5051 = LINE('',#5052,#5053);
#5052 = CARTESIAN_POINT('',(-138.,36.3,-89.04289321882));
#5053 = VECTOR('',#5054,1.);
#5054 = DIRECTION('',(-2.826525507036E-16,0.,1.));
#5055 = ORIENTED_EDGE('',*,*,#5024,.T.);
#5056 = ORIENTED_EDGE('',*,*,#4925,.T.);
#5057 = ORIENTED_EDGE('',*,*,#5058,.T.);
#5058 = EDGE_CURVE('',#4918,#5059,#5061,.T.);
#5059 = VERTEX_POINT('',#5060);
#5060 = CARTESIAN_POINT('',(-136.,36.3,-12.));
#5061 = LINE('',#5062,#5063);
#5062 = CARTESIAN_POINT('',(-175.5,36.3,-12.));
#5063 = VECTOR('',#5064,1.);
#5064 = DIRECTION('',(1.,0.,0.));
#5065 = ORIENTED_EDGE('',*,*,#5066,.T.);
#5066 = EDGE_CURVE('',#5059,#5067,#5069,.T.);
#5067 = VERTEX_POINT('',#5068);
#5068 = CARTESIAN_POINT('',(-136.,36.3,-91.));
#5069 = LINE('',#5070,#5071);
#5070 = CARTESIAN_POINT('',(-136.,36.3,-12.));
#5071 = VECTOR('',#5072,1.);
#5072 = DIRECTION('',(0.,0.,-1.));
#5073 = ORIENTED_EDGE('',*,*,#5074,.T.);
#5074 = EDGE_CURVE('',#5067,#5049,#5075,.T.);
#5075 = LINE('',#5076,#5077);
#5076 = CARTESIAN_POINT('',(-136.,36.3,-91.));
#5077 = VECTOR('',#5078,1.);
#5078 = DIRECTION('',(-0.707106781187,0.,0.707106781187));
#5079 = PLANE('',#5080);
#5080 = AXIS2_PLACEMENT_3D('',#5081,#5082,#5083);
#5081 = CARTESIAN_POINT('',(-155.75,36.3,-51.5));
#5082 = DIRECTION('',(0.,-1.,0.));
#5083 = DIRECTION('',(-1.,0.,0.));
#5084 = ADVANCED_FACE('',(#5085),#5103,.T.);
#5085 = FACE_BOUND('',#5086,.F.);
#5086 = EDGE_LOOP('',(#5087,#5088,#5096,#5102));
#5087 = ORIENTED_EDGE('',*,*,#4917,.T.);
#5088 = ORIENTED_EDGE('',*,*,#5089,.T.);
#5089 = EDGE_CURVE('',#4910,#5090,#5092,.T.);
#5090 = VERTEX_POINT('',#5091);
#5091 = CARTESIAN_POINT('',(-136.,26.3,-12.));
#5092 = LINE('',#5093,#5094);
#5093 = CARTESIAN_POINT('',(-175.5,26.3,-12.));
#5094 = VECTOR('',#5095,1.);
#5095 = DIRECTION('',(1.,0.,0.));
#5096 = ORIENTED_EDGE('',*,*,#5097,.F.);
#5097 = EDGE_CURVE('',#5059,#5090,#5098,.T.);
#5098 = LINE('',#5099,#5100);
#5099 = CARTESIAN_POINT('',(-136.,36.3,-12.));
#5100 = VECTOR('',#5101,1.);
#5101 = DIRECTION('',(0.,-1.,0.));
#5102 = ORIENTED_EDGE('',*,*,#5058,.F.);
#5103 = PLANE('',#5104);
#5104 = AXIS2_PLACEMENT_3D('',#5105,#5106,#5107);
#5105 = CARTESIAN_POINT('',(-175.5,36.3,-12.));
#5106 = DIRECTION('',(0.,0.,-1.));
#5107 = DIRECTION('',(1.,0.,0.));
#5108 = ADVANCED_FACE('',(#5109),#5143,.T.);
#5109 = FACE_BOUND('',#5110,.F.);
#5110 = EDGE_LOOP('',(#5111,#5112,#5120,#5128,#5136,#5142));
#5111 = ORIENTED_EDGE('',*,*,#4909,.T.);
#5112 = ORIENTED_EDGE('',*,*,#5113,.T.);
#5113 = EDGE_CURVE('',#4902,#5114,#5116,.T.);
#5114 = VERTEX_POINT('',#5115);
#5115 = CARTESIAN_POINT('',(-138.,26.3,-63.59310344827));
#5116 = LINE('',#5117,#5118);
#5117 = CARTESIAN_POINT('',(-138.,26.3,-89.04289321882));
#5118 = VECTOR('',#5119,1.);
#5119 = DIRECTION('',(2.826525507036E-16,0.,-1.));
#5120 = ORIENTED_EDGE('',*,*,#5121,.T.);
#5121 = EDGE_CURVE('',#5114,#5122,#5124,.T.);
#5122 = VERTEX_POINT('',#5123);
#5123 = CARTESIAN_POINT('',(-138.,26.3,-89.));
#5124 = LINE('',#5125,#5126);
#5125 = CARTESIAN_POINT('',(-138.,26.3,-89.04289321882));
#5126 = VECTOR('',#5127,1.);
#5127 = DIRECTION('',(2.826525507036E-16,0.,-1.));
#5128 = ORIENTED_EDGE('',*,*,#5129,.F.);
#5129 = EDGE_CURVE('',#5130,#5122,#5132,.T.);
#5130 = VERTEX_POINT('',#5131);
#5131 = CARTESIAN_POINT('',(-136.,26.3,-91.));
#5132 = LINE('',#5133,#5134);
#5133 = CARTESIAN_POINT('',(-136.,26.3,-91.));
#5134 = VECTOR('',#5135,1.);
#5135 = DIRECTION('',(-0.707106781187,0.,0.707106781187));
#5136 = ORIENTED_EDGE('',*,*,#5137,.F.);
#5137 = EDGE_CURVE('',#5090,#5130,#5138,.T.);
#5138 = LINE('',#5139,#5140);
#5139 = CARTESIAN_POINT('',(-136.,26.3,-12.));
#5140 = VECTOR('',#5141,1.);
#5141 = DIRECTION('',(0.,0.,-1.));
#5142 = ORIENTED_EDGE('',*,*,#5089,.F.);
#5143 = PLANE('',#5144);
#5144 = AXIS2_PLACEMENT_3D('',#5145,#5146,#5147);
#5145 = CARTESIAN_POINT('',(-155.75,26.3,-51.5));
#5146 = DIRECTION('',(0.,1.,0.));
#5147 = DIRECTION('',(0.,0.,-1.));
#5148 = ADVANCED_FACE('',(#5149),#5160,.F.);
#5149 = FACE_BOUND('',#5150,.F.);
#5150 = EDGE_LOOP('',(#5151,#5152,#5158,#5159));
#5151 = ORIENTED_EDGE('',*,*,#5009,.F.);
#5152 = ORIENTED_EDGE('',*,*,#5153,.T.);
#5153 = EDGE_CURVE('',#5002,#5114,#5154,.T.);
#5154 = LINE('',#5155,#5156);
#5155 = CARTESIAN_POINT('',(-138.,9.489138881293,-78.66490996849));
#5156 = VECTOR('',#5157,1.);
#5157 = DIRECTION('',(-0.,0.744569440646,0.667545015752));
#5158 = ORIENTED_EDGE('',*,*,#5113,.F.);
#5159 = ORIENTED_EDGE('',*,*,#4901,.F.);
#5160 = B_SPLINE_SURFACE_WITH_KNOTS('',1,1,(
    (#5161,#5162)
    ,(#5163,#5164
    )),.UNSPECIFIED.,.F.,.F.,.F.,(2,2),(2,2),(0.,73.897368376602),(0.,1.
    ),.PIECEWISE_BEZIER_KNOTS.);
#5161 = CARTESIAN_POINT('',(-138.,9.489138881293,-78.66490996849));
#5162 = CARTESIAN_POINT('',(-138.,5.670834164488,-33.90076699704));
#5163 = CARTESIAN_POINT('',(-138.,64.510861118707,-29.3350900315));
#5164 = CARTESIAN_POINT('',(-138.,40.329165835512,-11.09923300295));
#5165 = ADVANCED_FACE('',(#5166),#5205,.F.);
#5166 = FACE_BOUND('',#5167,.F.);
#5167 = EDGE_LOOP('',(#5168,#5178,#5186,#5191,#5192,#5199));
#5168 = ORIENTED_EDGE('',*,*,#5169,.F.);
#5169 = EDGE_CURVE('',#5170,#5172,#5174,.T.);
#5170 = VERTEX_POINT('',#5171);
#5171 = CARTESIAN_POINT('',(-3.,103.7695526217,-47.2304473783));
#5172 = VERTEX_POINT('',#5173);
#5173 = CARTESIAN_POINT('',(-3.,98.819805153395,-42.28069990999));
#5174 = LINE('',#5175,#5176);
#5175 = CARTESIAN_POINT('',(-3.,108.01219330882,-51.47308806541));
#5176 = VECTOR('',#5177,1.);
#5177 = DIRECTION('',(-0.,-0.707106781187,0.707106781187));
#5178 = ORIENTED_EDGE('',*,*,#5179,.T.);
#5179 = EDGE_CURVE('',#5170,#5180,#5182,.T.);
#5180 = VERTEX_POINT('',#5181);
#5181 = CARTESIAN_POINT('',(-3.,24.414213562357,-126.5857864376));
#5182 = LINE('',#5183,#5184);
#5183 = CARTESIAN_POINT('',(-3.,109.58578643762,-41.41421356237));
#5184 = VECTOR('',#5185,1.);
#5185 = DIRECTION('',(-0.,-0.707106781187,-0.707106781187));
#5186 = ORIENTED_EDGE('',*,*,#5187,.T.);
#5187 = EDGE_CURVE('',#5180,#4952,#5188,.T.);
#5188 = B_SPLINE_CURVE_WITH_KNOTS('',1,(#5189,#5190),.UNSPECIFIED.,.F.,
  .F.,(2,2),(0.,1.),.PIECEWISE_BEZIER_KNOTS.);
#5189 = CARTESIAN_POINT('',(-3.,24.414213562373,-126.5857864376));
#5190 = CARTESIAN_POINT('',(-3.,9.489138881293,-78.66490996849));
#5191 = ORIENTED_EDGE('',*,*,#4949,.F.);
#5192 = ORIENTED_EDGE('',*,*,#5193,.F.);
#5193 = EDGE_CURVE('',#5194,#4950,#5196,.T.);
#5194 = VERTEX_POINT('',#5195);
#5195 = CARTESIAN_POINT('',(-3.,101.77848312417,-39.32202193921));
#5196 = B_SPLINE_CURVE_WITH_KNOTS('',1,(#5197,#5198),.UNSPECIFIED.,.F.,
  .F.,(2,2),(0.,1.),.PIECEWISE_BEZIER_KNOTS.);
#5197 = CARTESIAN_POINT('',(-3.,109.58578643762,-41.41421356237));
#5198 = CARTESIAN_POINT('',(-3.,64.510861118707,-29.3350900315));
#5199 = ORIENTED_EDGE('',*,*,#5200,.F.);
#5200 = EDGE_CURVE('',#5172,#5194,#5201,.T.);
#5201 = LINE('',#5202,#5203);
#5202 = CARTESIAN_POINT('',(-3.,104.20279579552,-36.89770926786));
#5203 = VECTOR('',#5204,1.);
#5204 = DIRECTION('',(0.,0.707106781187,0.707106781187));
#5205 = B_SPLINE_SURFACE_WITH_KNOTS('',1,1,(
    (#5206,#5207)
    ,(#5208,#5209
    )),.UNSPECIFIED.,.F.,.F.,.F.,(2,2),(2,2),(0.,120.45079348883),(0.,1.
    ),.PIECEWISE_BEZIER_KNOTS.);
#5206 = CARTESIAN_POINT('',(-3.,109.58578643762,-41.41421356237));
#5207 = CARTESIAN_POINT('',(-3.,64.510861118707,-29.3350900315));
#5208 = CARTESIAN_POINT('',(-3.,24.414213562373,-126.5857864376));
#5209 = CARTESIAN_POINT('',(-3.,9.489138881293,-78.66490996849));
#5210 = ADVANCED_FACE('',(#5211),#5260,.T.);
#5211 = FACE_BOUND('',#5212,.F.);
#5212 = EDGE_LOOP('',(#5213,#5220,#5228,#5236,#5244,#5252,#5258,#5259));
#5213 = ORIENTED_EDGE('',*,*,#5214,.F.);
#5214 = EDGE_CURVE('',#5215,#4979,#5217,.T.);
#5215 = VERTEX_POINT('',#5216);
#5216 = CARTESIAN_POINT('',(-138.,101.77848312417,-39.32202193921));
#5217 = B_SPLINE_CURVE_WITH_KNOTS('',1,(#5218,#5219),.UNSPECIFIED.,.F.,
  .F.,(2,2),(0.,1.),.PIECEWISE_BEZIER_KNOTS.);
#5218 = CARTESIAN_POINT('',(-138.,109.58578643762,-41.41421356237));
#5219 = CARTESIAN_POINT('',(-138.,64.510861118707,-29.3350900315));
#5220 = ORIENTED_EDGE('',*,*,#5221,.F.);
#5221 = EDGE_CURVE('',#5222,#5215,#5224,.T.);
#5222 = VERTEX_POINT('',#5223);
#5223 = CARTESIAN_POINT('',(-130.,101.77848312417,-39.32202193921));
#5224 = LINE('',#5225,#5226);
#5225 = CARTESIAN_POINT('',(-136.5,101.77848312417,-39.32202193921));
#5226 = VECTOR('',#5227,1.);
#5227 = DIRECTION('',(-1.,5.188651028629E-17,5.188651028629E-17));
#5228 = ORIENTED_EDGE('',*,*,#5229,.F.);
#5229 = EDGE_CURVE('',#5230,#5222,#5232,.T.);
#5230 = VERTEX_POINT('',#5231);
#5231 = CARTESIAN_POINT('',(-130.,109.58578643764,-41.41421356235));
#5232 = LINE('',#5233,#5234);
#5233 = CARTESIAN_POINT('',(-130.,95.775230900679,-37.71327772763));
#5234 = VECTOR('',#5235,1.);
#5235 = DIRECTION('',(-0.,-0.965918680936,0.258845710452));
#5236 = ORIENTED_EDGE('',*,*,#5237,.T.);
#5237 = EDGE_CURVE('',#5230,#5238,#5240,.T.);
#5238 = VERTEX_POINT('',#5239);
#5239 = CARTESIAN_POINT('',(-11.,109.58578643764,-41.41421356235));
#5240 = LINE('',#5241,#5242);
#5241 = CARTESIAN_POINT('',(-138.,109.58578643762,-41.41421356237));
#5242 = VECTOR('',#5243,1.);
#5243 = DIRECTION('',(1.,-0.,-0.));
#5244 = ORIENTED_EDGE('',*,*,#5245,.F.);
#5245 = EDGE_CURVE('',#5246,#5238,#5248,.T.);
#5246 = VERTEX_POINT('',#5247);
#5247 = CARTESIAN_POINT('',(-11.,101.77848312417,-39.32202193921));
#5248 = LINE('',#5249,#5250);
#5249 = CARTESIAN_POINT('',(-11.,95.775230900679,-37.71327772763));
#5250 = VECTOR('',#5251,1.);
#5251 = DIRECTION('',(0.,0.965918680936,-0.258845710452));
#5252 = ORIENTED_EDGE('',*,*,#5253,.F.);
#5253 = EDGE_CURVE('',#5194,#5246,#5254,.T.);
#5254 = LINE('',#5255,#5256);
#5255 = CARTESIAN_POINT('',(-72.,101.77848312417,-39.32202193921));
#5256 = VECTOR('',#5257,1.);
#5257 = DIRECTION('',(-1.,5.188651028629E-17,5.188651028629E-17));
#5258 = ORIENTED_EDGE('',*,*,#5193,.T.);
#5259 = ORIENTED_EDGE('',*,*,#4978,.F.);
#5260 = PLANE('',#5261);
#5261 = AXIS2_PLACEMENT_3D('',#5262,#5263,#5264);
#5262 = CARTESIAN_POINT('',(-138.,64.510861118707,-29.3350900315));
#5263 = DIRECTION('',(-0.,0.258845710453,0.965918680935));
#5264 = DIRECTION('',(-1.,0.,0.));
#5265 = ADVANCED_FACE('',(#5266),#5283,.T.);
#5266 = FACE_BOUND('',#5267,.F.);
#5267 = EDGE_LOOP('',(#5268,#5276,#5281,#5282));
#5268 = ORIENTED_EDGE('',*,*,#5269,.T.);
#5269 = EDGE_CURVE('',#5180,#5270,#5272,.T.);
#5270 = VERTEX_POINT('',#5271);
#5271 = CARTESIAN_POINT('',(-138.,24.414213562357,-126.5857864376));
#5272 = LINE('',#5273,#5274);
#5273 = CARTESIAN_POINT('',(-3.,24.414213562373,-126.5857864376));
#5274 = VECTOR('',#5275,1.);
#5275 = DIRECTION('',(-1.,-0.,-0.));
#5276 = ORIENTED_EDGE('',*,*,#5277,.T.);
#5277 = EDGE_CURVE('',#5270,#5002,#5278,.T.);
#5278 = B_SPLINE_CURVE_WITH_KNOTS('',1,(#5279,#5280),.UNSPECIFIED.,.F.,
  .F.,(2,2),(0.,1.),.PIECEWISE_BEZIER_KNOTS.);
#5279 = CARTESIAN_POINT('',(-138.,24.414213562373,-126.5857864376));
#5280 = CARTESIAN_POINT('',(-138.,9.489138881293,-78.66490996849));
#5281 = ORIENTED_EDGE('',*,*,#5001,.F.);
#5282 = ORIENTED_EDGE('',*,*,#5187,.F.);
#5283 = PLANE('',#5284);
#5284 = AXIS2_PLACEMENT_3D('',#5285,#5286,#5287);
#5285 = CARTESIAN_POINT('',(-3.,9.489138881293,-78.66490996849));
#5286 = DIRECTION('',(-0.,-0.954764285431,-0.29736368182));
#5287 = DIRECTION('',(1.,0.,0.));
#5288 = ADVANCED_FACE('',(#5289),#5325,.F.);
#5289 = FACE_BOUND('',#5290,.F.);
#5290 = EDGE_LOOP('',(#5291,#5292,#5300,#5308,#5314,#5315,#5316,#5317,
    #5323,#5324));
#5291 = ORIENTED_EDGE('',*,*,#5277,.F.);
#5292 = ORIENTED_EDGE('',*,*,#5293,.T.);
#5293 = EDGE_CURVE('',#5270,#5294,#5296,.T.);
#5294 = VERTEX_POINT('',#5295);
#5295 = CARTESIAN_POINT('',(-138.,103.7695526217,-47.2304473783));
#5296 = LINE('',#5297,#5298);
#5297 = CARTESIAN_POINT('',(-138.,24.414213562373,-126.5857864376));
#5298 = VECTOR('',#5299,1.);
#5299 = DIRECTION('',(-0.,0.707106781187,0.707106781187));
#5300 = ORIENTED_EDGE('',*,*,#5301,.F.);
#5301 = EDGE_CURVE('',#5302,#5294,#5304,.T.);
#5302 = VERTEX_POINT('',#5303);
#5303 = CARTESIAN_POINT('',(-138.,98.819805153395,-42.28069990999));
#5304 = LINE('',#5305,#5306);
#5305 = CARTESIAN_POINT('',(-138.,105.89087296526,-49.35176772185));
#5306 = VECTOR('',#5307,1.);
#5307 = DIRECTION('',(3.997310706444E-16,0.707106781187,-0.707106781187)
  );
#5308 = ORIENTED_EDGE('',*,*,#5309,.F.);
#5309 = EDGE_CURVE('',#5215,#5302,#5310,.T.);
#5310 = LINE('',#5311,#5312);
#5311 = CARTESIAN_POINT('',(-138.,61.617009357868,-79.48349570552));
#5312 = VECTOR('',#5313,1.);
#5313 = DIRECTION('',(0.,-0.707106781187,-0.707106781187));
#5314 = ORIENTED_EDGE('',*,*,#5214,.T.);
#5315 = ORIENTED_EDGE('',*,*,#5032,.F.);
#5316 = ORIENTED_EDGE('',*,*,#5048,.F.);
#5317 = ORIENTED_EDGE('',*,*,#5318,.F.);
#5318 = EDGE_CURVE('',#5122,#5049,#5319,.T.);
#5319 = LINE('',#5320,#5321);
#5320 = CARTESIAN_POINT('',(-138.,30.357106781171,-89.));
#5321 = VECTOR('',#5322,1.);
#5322 = DIRECTION('',(2.826525507036E-16,1.,-2.826525507036E-16));
#5323 = ORIENTED_EDGE('',*,*,#5121,.F.);
#5324 = ORIENTED_EDGE('',*,*,#5153,.F.);
#5325 = B_SPLINE_SURFACE_WITH_KNOTS('',1,1,(
    (#5326,#5327)
    ,(#5328,#5329
    )),.UNSPECIFIED.,.F.,.F.,.F.,(2,2),(2,2),(0.,120.45079348883),(0.,1.
    ),.PIECEWISE_BEZIER_KNOTS.);
#5326 = CARTESIAN_POINT('',(-138.,24.414213562373,-126.5857864376));
#5327 = CARTESIAN_POINT('',(-138.,9.489138881293,-78.66490996849));
#5328 = CARTESIAN_POINT('',(-138.,109.58578643762,-41.41421356237));
#5329 = CARTESIAN_POINT('',(-138.,64.510861118707,-29.3350900315));
#5330 = ADVANCED_FACE('',(#5331),#5342,.T.);
#5331 = FACE_BOUND('',#5332,.F.);
#5332 = EDGE_LOOP('',(#5333,#5334,#5335,#5336));
#5333 = ORIENTED_EDGE('',*,*,#5066,.F.);
#5334 = ORIENTED_EDGE('',*,*,#5097,.T.);
#5335 = ORIENTED_EDGE('',*,*,#5137,.T.);
#5336 = ORIENTED_EDGE('',*,*,#5337,.F.);
#5337 = EDGE_CURVE('',#5067,#5130,#5338,.T.);
#5338 = LINE('',#5339,#5340);
#5339 = CARTESIAN_POINT('',(-136.,36.3,-91.));
#5340 = VECTOR('',#5341,1.);
#5341 = DIRECTION('',(0.,-1.,0.));
#5342 = PLANE('',#5343);
#5343 = AXIS2_PLACEMENT_3D('',#5344,#5345,#5346);
#5344 = CARTESIAN_POINT('',(-136.,36.3,-12.));
#5345 = DIRECTION('',(-1.,0.,0.));
#5346 = DIRECTION('',(0.,0.,-1.));
#5347 = ADVANCED_FACE('',(#5348),#5354,.T.);
#5348 = FACE_BOUND('',#5349,.F.);
#5349 = EDGE_LOOP('',(#5350,#5351,#5352,#5353));
#5350 = ORIENTED_EDGE('',*,*,#5318,.T.);
#5351 = ORIENTED_EDGE('',*,*,#5074,.F.);
#5352 = ORIENTED_EDGE('',*,*,#5337,.T.);
#5353 = ORIENTED_EDGE('',*,*,#5129,.T.);
#5354 = PLANE('',#5355);
#5355 = AXIS2_PLACEMENT_3D('',#5356,#5357,#5358);
#5356 = CARTESIAN_POINT('',(-136.,36.3,-91.));
#5357 = DIRECTION('',(0.707106781187,0.,0.707106781187));
#5358 = DIRECTION('',(-0.707106781187,0.,0.707106781187));
#5359 = ADVANCED_FACE('',(#5360),#5385,.T.);
#5360 = FACE_BOUND('',#5361,.F.);
#5361 = EDGE_LOOP('',(#5362,#5370,#5371,#5379));
#5362 = ORIENTED_EDGE('',*,*,#5363,.T.);
#5363 = EDGE_CURVE('',#5364,#5170,#5366,.T.);
#5364 = VERTEX_POINT('',#5365);
#5365 = CARTESIAN_POINT('',(-9.,103.7695526217,-47.2304473783));
#5366 = LINE('',#5367,#5368);
#5367 = CARTESIAN_POINT('',(-35.75,103.7695526217,-47.2304473783));
#5368 = VECTOR('',#5369,1.);
#5369 = DIRECTION('',(1.,0.,0.));
#5370 = ORIENTED_EDGE('',*,*,#5169,.T.);
#5371 = ORIENTED_EDGE('',*,*,#5372,.T.);
#5372 = EDGE_CURVE('',#5172,#5373,#5375,.T.);
#5373 = VERTEX_POINT('',#5374);
#5374 = CARTESIAN_POINT('',(-9.,98.819805153395,-42.28069990999));
#5375 = LINE('',#5376,#5377);
#5376 = CARTESIAN_POINT('',(-1.,98.819805153395,-42.28069990999));
#5377 = VECTOR('',#5378,1.);
#5378 = DIRECTION('',(-1.,0.,0.));
#5379 = ORIENTED_EDGE('',*,*,#5380,.T.);
#5380 = EDGE_CURVE('',#5373,#5364,#5381,.T.);
#5381 = LINE('',#5382,#5383);
#5382 = CARTESIAN_POINT('',(-9.,108.01219330882,-51.47308806541));
#5383 = VECTOR('',#5384,1.);
#5384 = DIRECTION('',(0.,0.707106781187,-0.707106781187));
#5385 = PLANE('',#5386);
#5386 = AXIS2_PLACEMENT_3D('',#5387,#5388,#5389);
#5387 = CARTESIAN_POINT('',(-1.,108.01219330882,-51.47308806541));
#5388 = DIRECTION('',(0.,0.707106781187,0.707106781187));
#5389 = DIRECTION('',(-1.,0.,0.));
#5390 = ADVANCED_FACE('',(#5391),#5411,.T.);
#5391 = FACE_BOUND('',#5392,.F.);
#5392 = EDGE_LOOP('',(#5393,#5394,#5395,#5403,#5410));
#5393 = ORIENTED_EDGE('',*,*,#5200,.T.);
#5394 = ORIENTED_EDGE('',*,*,#5253,.T.);
#5395 = ORIENTED_EDGE('',*,*,#5396,.F.);
#5396 = EDGE_CURVE('',#5397,#5246,#5399,.T.);
#5397 = VERTEX_POINT('',#5398);
#5398 = CARTESIAN_POINT('',(-11.,100.23401871576,-40.86648634762));
#5399 = LINE('',#5400,#5401);
#5400 = CARTESIAN_POINT('',(-11.,98.819805153395,-42.28069990999));
#5401 = VECTOR('',#5402,1.);
#5402 = DIRECTION('',(0.,0.707106781187,0.707106781187));
#5403 = ORIENTED_EDGE('',*,*,#5404,.T.);
#5404 = EDGE_CURVE('',#5397,#5373,#5405,.T.);
#5405 = CIRCLE('',#5406,2.);
#5406 = AXIS2_PLACEMENT_3D('',#5407,#5408,#5409);
#5407 = CARTESIAN_POINT('',(-9.,100.23401871576,-40.86648634762));
#5408 = DIRECTION('',(-5.551115123126E-17,-0.707106781187,0.707106781187
    ));
#5409 = DIRECTION('',(-0.707106781187,-0.5,-0.5));
#5410 = ORIENTED_EDGE('',*,*,#5372,.F.);
#5411 = PLANE('',#5412);
#5412 = AXIS2_PLACEMENT_3D('',#5413,#5414,#5415);
#5413 = CARTESIAN_POINT('',(-6.,103.7695526217,-37.33095244168));
#5414 = DIRECTION('',(0.,0.707106781187,-0.707106781187));
#5415 = DIRECTION('',(-1.,0.,0.));
#5416 = ADVANCED_FACE('',(#5417),#5435,.T.);
#5417 = FACE_BOUND('',#5418,.T.);
#5418 = EDGE_LOOP('',(#5419,#5420,#5421,#5429));
#5419 = ORIENTED_EDGE('',*,*,#5245,.F.);
#5420 = ORIENTED_EDGE('',*,*,#5396,.F.);
#5421 = ORIENTED_EDGE('',*,*,#5422,.F.);
#5422 = EDGE_CURVE('',#5423,#5397,#5425,.T.);
#5423 = VERTEX_POINT('',#5424);
#5424 = CARTESIAN_POINT('',(-11.,105.18376618407,-45.81623381592));
#5425 = LINE('',#5426,#5427);
#5426 = CARTESIAN_POINT('',(-11.,109.42640687119,-50.05887450304));
#5427 = VECTOR('',#5428,1.);
#5428 = DIRECTION('',(-0.,-0.707106781187,0.707106781187));
#5429 = ORIENTED_EDGE('',*,*,#5430,.T.);
#5430 = EDGE_CURVE('',#5423,#5238,#5431,.T.);
#5431 = LINE('',#5432,#5433);
#5432 = CARTESIAN_POINT('',(-11.,45.707106781187,-105.2928932188));
#5433 = VECTOR('',#5434,1.);
#5434 = DIRECTION('',(-0.,0.707106781187,0.707106781187));
#5435 = PLANE('',#5436);
#5436 = AXIS2_PLACEMENT_3D('',#5437,#5438,#5439);
#5437 = CARTESIAN_POINT('',(-11.,68.237436867076,-85.23743686707));
#5438 = DIRECTION('',(1.,0.,0.));
#5439 = DIRECTION('',(0.,0.707106781187,-0.707106781187));
#5440 = ADVANCED_FACE('',(#5441),#5466,.F.);
#5441 = FACE_BOUND('',#5442,.F.);
#5442 = EDGE_LOOP('',(#5443,#5451,#5452,#5460));
#5443 = ORIENTED_EDGE('',*,*,#5444,.T.);
#5444 = EDGE_CURVE('',#5445,#5230,#5447,.T.);
#5445 = VERTEX_POINT('',#5446);
#5446 = CARTESIAN_POINT('',(-130.,105.18376618407,-45.81623381592));
#5447 = LINE('',#5448,#5449);
#5448 = CARTESIAN_POINT('',(-130.,45.707106781187,-105.2928932188));
#5449 = VECTOR('',#5450,1.);
#5450 = DIRECTION('',(-0.,0.707106781187,0.707106781187));
#5451 = ORIENTED_EDGE('',*,*,#5229,.T.);
#5452 = ORIENTED_EDGE('',*,*,#5453,.T.);
#5453 = EDGE_CURVE('',#5222,#5454,#5456,.T.);
#5454 = VERTEX_POINT('',#5455);
#5455 = CARTESIAN_POINT('',(-130.,100.23401871576,-40.86648634762));
#5456 = LINE('',#5457,#5458);
#5457 = CARTESIAN_POINT('',(-130.,108.71930009,-32.38120497338));
#5458 = VECTOR('',#5459,1.);
#5459 = DIRECTION('',(0.,-0.707106781187,-0.707106781187));
#5460 = ORIENTED_EDGE('',*,*,#5461,.T.);
#5461 = EDGE_CURVE('',#5454,#5445,#5462,.T.);
#5462 = LINE('',#5463,#5464);
#5463 = CARTESIAN_POINT('',(-130.,109.42640687119,-50.05887450304));
#5464 = VECTOR('',#5465,1.);
#5465 = DIRECTION('',(0.,0.707106781187,-0.707106781187));
#5466 = PLANE('',#5467);
#5467 = AXIS2_PLACEMENT_3D('',#5468,#5469,#5470);
#5468 = CARTESIAN_POINT('',(-130.,68.237436867076,-85.23743686707));
#5469 = DIRECTION('',(1.,0.,0.));
#5470 = DIRECTION('',(0.,0.707106781187,-0.707106781187));
#5471 = ADVANCED_FACE('',(#5472),#5492,.T.);
#5472 = FACE_BOUND('',#5473,.F.);
#5473 = EDGE_LOOP('',(#5474,#5475,#5483,#5490,#5491));
#5474 = ORIENTED_EDGE('',*,*,#5309,.T.);
#5475 = ORIENTED_EDGE('',*,*,#5476,.F.);
#5476 = EDGE_CURVE('',#5477,#5302,#5479,.T.);
#5477 = VERTEX_POINT('',#5478);
#5478 = CARTESIAN_POINT('',(-132.,98.819805153395,-42.28069990999));
#5479 = LINE('',#5480,#5481);
#5480 = CARTESIAN_POINT('',(-130.,98.819805153395,-42.28069990999));
#5481 = VECTOR('',#5482,1.);
#5482 = DIRECTION('',(-1.,0.,0.));
#5483 = ORIENTED_EDGE('',*,*,#5484,.T.);
#5484 = EDGE_CURVE('',#5477,#5454,#5485,.T.);
#5485 = CIRCLE('',#5486,2.);
#5486 = AXIS2_PLACEMENT_3D('',#5487,#5488,#5489);
#5487 = CARTESIAN_POINT('',(-132.,100.23401871576,-40.86648634762));
#5488 = DIRECTION('',(-5.551115123126E-17,-0.707106781187,0.707106781187
    ));
#5489 = DIRECTION('',(0.707106781187,-0.5,-0.5));
#5490 = ORIENTED_EDGE('',*,*,#5453,.F.);
#5491 = ORIENTED_EDGE('',*,*,#5221,.T.);
#5492 = PLANE('',#5493);
#5493 = AXIS2_PLACEMENT_3D('',#5494,#5495,#5496);
#5494 = CARTESIAN_POINT('',(-135.,103.7695526217,-37.33095244168));
#5495 = DIRECTION('',(0.,0.707106781187,-0.707106781187));
#5496 = DIRECTION('',(-1.,0.,0.));
#5497 = ADVANCED_FACE('',(#5498),#5516,.T.);
#5498 = FACE_BOUND('',#5499,.F.);
#5499 = EDGE_LOOP('',(#5500,#5508,#5514,#5515));
#5500 = ORIENTED_EDGE('',*,*,#5501,.T.);
#5501 = EDGE_CURVE('',#5294,#5502,#5504,.T.);
#5502 = VERTEX_POINT('',#5503);
#5503 = CARTESIAN_POINT('',(-132.,103.7695526217,-47.2304473783));
#5504 = LINE('',#5505,#5506);
#5505 = CARTESIAN_POINT('',(-100.25,103.7695526217,-47.2304473783));
#5506 = VECTOR('',#5507,1.);
#5507 = DIRECTION('',(1.,0.,0.));
#5508 = ORIENTED_EDGE('',*,*,#5509,.T.);
#5509 = EDGE_CURVE('',#5502,#5477,#5510,.T.);
#5510 = LINE('',#5511,#5512);
#5511 = CARTESIAN_POINT('',(-132.,108.01219330882,-51.47308806541));
#5512 = VECTOR('',#5513,1.);
#5513 = DIRECTION('',(-0.,-0.707106781187,0.707106781187));
#5514 = ORIENTED_EDGE('',*,*,#5476,.T.);
#5515 = ORIENTED_EDGE('',*,*,#5301,.T.);
#5516 = PLANE('',#5517);
#5517 = AXIS2_PLACEMENT_3D('',#5518,#5519,#5520);
#5518 = CARTESIAN_POINT('',(-130.,108.01219330882,-51.47308806541));
#5519 = DIRECTION('',(0.,0.707106781187,0.707106781187));
#5520 = DIRECTION('',(-1.,0.,0.));
#5521 = ADVANCED_FACE('',(#5522),#5534,.F.);
#5522 = FACE_BOUND('',#5523,.F.);
#5523 = EDGE_LOOP('',(#5524,#5531,#5532,#5533));
#5524 = ORIENTED_EDGE('',*,*,#5525,.T.);
#5525 = EDGE_CURVE('',#5423,#5364,#5526,.T.);
#5526 = CIRCLE('',#5527,2.);
#5527 = AXIS2_PLACEMENT_3D('',#5528,#5529,#5530);
#5528 = CARTESIAN_POINT('',(-9.,105.18376618407,-45.81623381592));
#5529 = DIRECTION('',(-5.551115123126E-17,-0.707106781187,0.707106781187
    ));
#5530 = DIRECTION('',(-0.707106781187,-0.5,-0.5));
#5531 = ORIENTED_EDGE('',*,*,#5380,.F.);
#5532 = ORIENTED_EDGE('',*,*,#5404,.F.);
#5533 = ORIENTED_EDGE('',*,*,#5422,.F.);
#5534 = CYLINDRICAL_SURFACE('',#5535,2.);
#5535 = AXIS2_PLACEMENT_3D('',#5536,#5537,#5538);
#5536 = CARTESIAN_POINT('',(-9.,109.42640687119,-50.05887450304));
#5537 = DIRECTION('',(0.,0.707106781187,-0.707106781187));
#5538 = DIRECTION('',(-0.707106781187,-0.5,-0.5));
#5539 = ADVANCED_FACE('',(#5540),#5552,.F.);
#5540 = FACE_BOUND('',#5541,.F.);
#5541 = EDGE_LOOP('',(#5542,#5549,#5550,#5551));
#5542 = ORIENTED_EDGE('',*,*,#5543,.T.);
#5543 = EDGE_CURVE('',#5502,#5445,#5544,.T.);
#5544 = CIRCLE('',#5545,2.);
#5545 = AXIS2_PLACEMENT_3D('',#5546,#5547,#5548);
#5546 = CARTESIAN_POINT('',(-132.,105.18376618407,-45.81623381592));
#5547 = DIRECTION('',(-5.551115123126E-17,-0.707106781187,0.707106781187
    ));
#5548 = DIRECTION('',(0.707106781187,-0.5,-0.5));
#5549 = ORIENTED_EDGE('',*,*,#5461,.F.);
#5550 = ORIENTED_EDGE('',*,*,#5484,.F.);
#5551 = ORIENTED_EDGE('',*,*,#5509,.F.);
#5552 = CYLINDRICAL_SURFACE('',#5553,2.);
#5553 = AXIS2_PLACEMENT_3D('',#5554,#5555,#5556);
#5554 = CARTESIAN_POINT('',(-132.,109.42640687119,-50.05887450304));
#5555 = DIRECTION('',(0.,0.707106781187,-0.707106781187));
#5556 = DIRECTION('',(0.707106781187,-0.5,-0.5));
#5557 = ADVANCED_FACE('',(#5558,#5570),#5573,.T.);
#5558 = FACE_BOUND('',#5559,.T.);
#5559 = EDGE_LOOP('',(#5560,#5561,#5562,#5563,#5564,#5565,#5566,#5567,
    #5568,#5569));
#5560 = ORIENTED_EDGE('',*,*,#5269,.T.);
#5561 = ORIENTED_EDGE('',*,*,#5293,.T.);
#5562 = ORIENTED_EDGE('',*,*,#5501,.T.);
#5563 = ORIENTED_EDGE('',*,*,#5543,.T.);
#5564 = ORIENTED_EDGE('',*,*,#5444,.T.);
#5565 = ORIENTED_EDGE('',*,*,#5237,.T.);
#5566 = ORIENTED_EDGE('',*,*,#5430,.F.);
#5567 = ORIENTED_EDGE('',*,*,#5525,.T.);
#5568 = ORIENTED_EDGE('',*,*,#5363,.T.);
#5569 = ORIENTED_EDGE('',*,*,#5179,.T.);
#5570 = FACE_BOUND('',#5571,.T.);
#5571 = EDGE_LOOP('',(#5572));
#5572 = ORIENTED_EDGE('',*,*,#55,.F.);
#5573 = PLANE('',#5574);
#5574 = AXIS2_PLACEMENT_3D('',#5575,#5576,#5577);
#5575 = CARTESIAN_POINT('',(-70.5,66.689019621939,-84.31098037806));
#5576 = DIRECTION('',(0.,0.707106781187,-0.707106781187));
#5577 = DIRECTION('',(0.,0.707106781187,0.707106781187));
#5578 = ADVANCED_FACE('',(#5579),#5608,.T.);
#5579 = FACE_BOUND('',#5580,.T.);
#5580 = EDGE_LOOP('',(#5581,#5582,#5583,#5591,#5599,#5605,#5606,#5607));
#5581 = ORIENTED_EDGE('',*,*,#141,.T.);
#5582 = ORIENTED_EDGE('',*,*,#180,.F.);
#5583 = ORIENTED_EDGE('',*,*,#5584,.T.);
#5584 = EDGE_CURVE('',#173,#5585,#5587,.T.);
#5585 = VERTEX_POINT('',#5586);
#5586 = CARTESIAN_POINT('',(-180.,40.,232.));
#5587 = LINE('',#5588,#5589);
#5588 = CARTESIAN_POINT('',(-180.,40.,0.));
#5589 = VECTOR('',#5590,1.);
#5590 = DIRECTION('',(0.,0.,1.));
#5591 = ORIENTED_EDGE('',*,*,#5592,.T.);
#5592 = EDGE_CURVE('',#5585,#5593,#5595,.T.);
#5593 = VERTEX_POINT('',#5594);
#5594 = CARTESIAN_POINT('',(180.,40.,232.));
#5595 = LINE('',#5596,#5597);
#5596 = CARTESIAN_POINT('',(-180.,40.,232.));
#5597 = VECTOR('',#5598,1.);
#5598 = DIRECTION('',(1.,0.,0.));
#5599 = ORIENTED_EDGE('',*,*,#5600,.F.);
#5600 = EDGE_CURVE('',#253,#5593,#5601,.T.);
#5601 = LINE('',#5602,#5603);
#5602 = CARTESIAN_POINT('',(180.,40.,0.));
#5603 = VECTOR('',#5604,1.);
#5604 = DIRECTION('',(0.,0.,1.));
#5605 = ORIENTED_EDGE('',*,*,#260,.T.);
#5606 = ORIENTED_EDGE('',*,*,#290,.F.);
#5607 = ORIENTED_EDGE('',*,*,#3986,.F.);
#5608 = PLANE('',#5609);
#5609 = AXIS2_PLACEMENT_3D('',#5610,#5611,#5612);
#5610 = CARTESIAN_POINT('',(0.,40.,116.2027027027));
#5611 = DIRECTION('',(0.,1.,0.));
#5612 = DIRECTION('',(0.,-0.,1.));
#5613 = ADVANCED_FACE('',(#5614,#5656,#5698),#5772,.T.);
#5614 = FACE_BOUND('',#5615,.T.);
#5615 = EDGE_LOOP('',(#5616,#5626,#5634,#5642,#5650));
#5616 = ORIENTED_EDGE('',*,*,#5617,.T.);
#5617 = EDGE_CURVE('',#5618,#5620,#5622,.T.);
#5618 = VERTEX_POINT('',#5619);
#5619 = CARTESIAN_POINT('',(-140.,26.3,188.));
#5620 = VERTEX_POINT('',#5621);
#5621 = CARTESIAN_POINT('',(-140.,26.3,154.));
#5622 = LINE('',#5623,#5624);
#5623 = CARTESIAN_POINT('',(-140.,26.3,188.));
#5624 = VECTOR('',#5625,1.);
#5625 = DIRECTION('',(0.,0.,-1.));
#5626 = ORIENTED_EDGE('',*,*,#5627,.T.);
#5627 = EDGE_CURVE('',#5620,#5628,#5630,.T.);
#5628 = VERTEX_POINT('',#5629);
#5629 = CARTESIAN_POINT('',(-180.,26.3,154.));
#5630 = LINE('',#5631,#5632);
#5631 = CARTESIAN_POINT('',(-140.,26.3,154.));
#5632 = VECTOR('',#5633,1.);
#5633 = DIRECTION('',(-1.,0.,0.));
#5634 = ORIENTED_EDGE('',*,*,#5635,.T.);
#5635 = EDGE_CURVE('',#5628,#5636,#5638,.T.);
#5636 = VERTEX_POINT('',#5637);
#5637 = CARTESIAN_POINT('',(-180.,26.3,224.01666666666));
#5638 = LINE('',#5639,#5640);
#5639 = CARTESIAN_POINT('',(-180.,26.3,152.41841224072));
#5640 = VECTOR('',#5641,1.);
#5641 = DIRECTION('',(0.,0.,1.));
#5642 = ORIENTED_EDGE('',*,*,#5643,.F.);
#5643 = EDGE_CURVE('',#5644,#5636,#5646,.T.);
#5644 = VERTEX_POINT('',#5645);
#5645 = CARTESIAN_POINT('',(-172.7424242424,26.3,224.01666666666));
#5646 = LINE('',#5647,#5648);
#5647 = CARTESIAN_POINT('',(-81.1,26.3,224.01666666666));
#5648 = VECTOR('',#5649,1.);
#5649 = DIRECTION('',(-1.,0.,0.));
#5650 = ORIENTED_EDGE('',*,*,#5651,.T.);
#5651 = EDGE_CURVE('',#5644,#5618,#5652,.T.);
#5652 = LINE('',#5653,#5654);
#5653 = CARTESIAN_POINT('',(-180.,26.3,232.));
#5654 = VECTOR('',#5655,1.);
#5655 = DIRECTION('',(0.672672793996,0.,-0.739940073396));
#5656 = FACE_BOUND('',#5657,.T.);
#5657 = EDGE_LOOP('',(#5658,#5668,#5676,#5684,#5692));
#5658 = ORIENTED_EDGE('',*,*,#5659,.T.);
#5659 = EDGE_CURVE('',#5660,#5662,#5664,.T.);
#5660 = VERTEX_POINT('',#5661);
#5661 = CARTESIAN_POINT('',(-152.,26.3,176.3));
#5662 = VERTEX_POINT('',#5663);
#5663 = CARTESIAN_POINT('',(-152.,26.3,174.));
#5664 = LINE('',#5665,#5666);
#5665 = CARTESIAN_POINT('',(-152.,26.3,179.65));
#5666 = VECTOR('',#5667,1.);
#5667 = DIRECTION('',(0.,0.,-1.));
#5668 = ORIENTED_EDGE('',*,*,#5669,.T.);
#5669 = EDGE_CURVE('',#5662,#5670,#5672,.T.);
#5670 = VERTEX_POINT('',#5671);
#5671 = CARTESIAN_POINT('',(-152.,26.3,156.));
#5672 = LINE('',#5673,#5674);
#5673 = CARTESIAN_POINT('',(-152.,26.3,179.65));
#5674 = VECTOR('',#5675,1.);
#5675 = DIRECTION('',(0.,0.,-1.));
#5676 = ORIENTED_EDGE('',*,*,#5677,.T.);
#5677 = EDGE_CURVE('',#5670,#5678,#5680,.T.);
#5678 = VERTEX_POINT('',#5679);
#5679 = CARTESIAN_POINT('',(-143.,26.3,156.));
#5680 = LINE('',#5681,#5682);
#5681 = CARTESIAN_POINT('',(-152.5,26.3,156.));
#5682 = VECTOR('',#5683,1.);
#5683 = DIRECTION('',(1.,0.,0.));
#5684 = ORIENTED_EDGE('',*,*,#5685,.T.);
#5685 = EDGE_CURVE('',#5678,#5686,#5688,.T.);
#5686 = VERTEX_POINT('',#5687);
#5687 = CARTESIAN_POINT('',(-143.,26.3,176.3));
#5688 = LINE('',#5689,#5690);
#5689 = CARTESIAN_POINT('',(-143.,26.3,179.65));
#5690 = VECTOR('',#5691,1.);
#5691 = DIRECTION('',(0.,0.,1.));
#5692 = ORIENTED_EDGE('',*,*,#5693,.T.);
#5693 = EDGE_CURVE('',#5686,#5660,#5694,.T.);
#5694 = LINE('',#5695,#5696);
#5695 = CARTESIAN_POINT('',(-152.5,26.3,176.3));
#5696 = VECTOR('',#5697,1.);
#5697 = DIRECTION('',(-1.,0.,0.));
#5698 = FACE_BOUND('',#5699,.T.);
#5699 = EDGE_LOOP('',(#5700,#5710,#5717,#5726,#5734,#5742,#5750,#5758,
    #5766));
#5700 = ORIENTED_EDGE('',*,*,#5701,.T.);
#5701 = EDGE_CURVE('',#5702,#5704,#5706,.T.);
#5702 = VERTEX_POINT('',#5703);
#5703 = CARTESIAN_POINT('',(-160.,26.3,161.85786437626));
#5704 = VERTEX_POINT('',#5705);
#5705 = CARTESIAN_POINT('',(-154.9289321881,26.3,166.92893218813));
#5706 = LINE('',#5707,#5708);
#5707 = CARTESIAN_POINT('',(-150.1789321881,26.3,171.67893218813));
#5708 = VECTOR('',#5709,1.);
#5709 = DIRECTION('',(0.707106781187,0.,0.707106781187));
#5710 = ORIENTED_EDGE('',*,*,#5711,.T.);
#5711 = EDGE_CURVE('',#5704,#5662,#5712,.T.);
#5712 = CIRCLE('',#5713,10.);
#5713 = AXIS2_PLACEMENT_3D('',#5714,#5715,#5716);
#5714 = CARTESIAN_POINT('',(-162.,26.3,174.));
#5715 = DIRECTION('',(-0.,-1.,-0.));
#5716 = DIRECTION('',(-1.,0.,0.));
#5717 = ORIENTED_EDGE('',*,*,#5718,.T.);
#5718 = EDGE_CURVE('',#5662,#5719,#5721,.T.);
#5719 = VERTEX_POINT('',#5720);
#5720 = CARTESIAN_POINT('',(-171.731906288,26.3,176.3));
#5721 = CIRCLE('',#5722,10.);
#5722 = AXIS2_PLACEMENT_3D('',#5723,#5724,#5725);
#5723 = CARTESIAN_POINT('',(-162.,26.3,174.));
#5724 = DIRECTION('',(-0.,-1.,-0.));
#5725 = DIRECTION('',(-1.,0.,0.));
#5726 = ORIENTED_EDGE('',*,*,#5727,.T.);
#5727 = EDGE_CURVE('',#5719,#5728,#5730,.T.);
#5728 = VERTEX_POINT('',#5729);
#5729 = CARTESIAN_POINT('',(-177.,26.3,176.3));
#5730 = LINE('',#5731,#5732);
#5731 = CARTESIAN_POINT('',(-165.,26.3,176.3));
#5732 = VECTOR('',#5733,1.);
#5733 = DIRECTION('',(-1.,0.,0.));
#5734 = ORIENTED_EDGE('',*,*,#5735,.T.);
#5735 = EDGE_CURVE('',#5728,#5736,#5738,.T.);
#5736 = VERTEX_POINT('',#5737);
#5737 = CARTESIAN_POINT('',(-177.,26.3,156.));
#5738 = LINE('',#5739,#5740);
#5739 = CARTESIAN_POINT('',(-177.,26.3,179.65));
#5740 = VECTOR('',#5741,1.);
#5741 = DIRECTION('',(0.,0.,-1.));
#5742 = ORIENTED_EDGE('',*,*,#5743,.T.);
#5743 = EDGE_CURVE('',#5736,#5744,#5746,.T.);
#5744 = VERTEX_POINT('',#5745);
#5745 = CARTESIAN_POINT('',(-168.,26.3,156.));
#5746 = LINE('',#5747,#5748);
#5747 = CARTESIAN_POINT('',(-165.,26.3,156.));
#5748 = VECTOR('',#5749,1.);
#5749 = DIRECTION('',(1.,0.,0.));
#5750 = ORIENTED_EDGE('',*,*,#5751,.T.);
#5751 = EDGE_CURVE('',#5744,#5752,#5754,.T.);
#5752 = VERTEX_POINT('',#5753);
#5753 = CARTESIAN_POINT('',(-168.,26.3,165.85786437626));
#5754 = LINE('',#5755,#5756);
#5755 = CARTESIAN_POINT('',(-168.,26.3,179.65));
#5756 = VECTOR('',#5757,1.);
#5757 = DIRECTION('',(0.,0.,1.));
#5758 = ORIENTED_EDGE('',*,*,#5759,.T.);
#5759 = EDGE_CURVE('',#5752,#5760,#5762,.T.);
#5760 = VERTEX_POINT('',#5761);
#5761 = CARTESIAN_POINT('',(-164.,26.3,161.85786437626));
#5762 = LINE('',#5763,#5764);
#5763 = CARTESIAN_POINT('',(-171.2855339059,26.3,169.1433982822));
#5764 = VECTOR('',#5765,1.);
#5765 = DIRECTION('',(0.707106781187,0.,-0.707106781187));
#5766 = ORIENTED_EDGE('',*,*,#5767,.T.);
#5767 = EDGE_CURVE('',#5760,#5702,#5768,.T.);
#5768 = LINE('',#5769,#5770);
#5769 = CARTESIAN_POINT('',(-161.,26.3,161.85786437626));
#5770 = VECTOR('',#5771,1.);
#5771 = DIRECTION('',(1.,0.,0.));
#5772 = PLANE('',#5773);
#5773 = AXIS2_PLACEMENT_3D('',#5774,#5775,#5776);
#5774 = CARTESIAN_POINT('',(-162.,26.3,193.));
#5775 = DIRECTION('',(0.,1.,0.));
#5776 = DIRECTION('',(0.,0.,-1.));
#5777 = ADVANCED_FACE('',(#5778),#5803,.T.);
#5778 = FACE_BOUND('',#5779,.T.);
#5779 = EDGE_LOOP('',(#5780,#5781,#5789,#5797));
#5780 = ORIENTED_EDGE('',*,*,#5627,.F.);
#5781 = ORIENTED_EDGE('',*,*,#5782,.F.);
#5782 = EDGE_CURVE('',#5783,#5620,#5785,.T.);
#5783 = VERTEX_POINT('',#5784);
#5784 = CARTESIAN_POINT('',(-140.,30.3,154.));
#5785 = LINE('',#5786,#5787);
#5786 = CARTESIAN_POINT('',(-140.,30.3,154.));
#5787 = VECTOR('',#5788,1.);
#5788 = DIRECTION('',(0.,-1.,0.));
#5789 = ORIENTED_EDGE('',*,*,#5790,.T.);
#5790 = EDGE_CURVE('',#5783,#5791,#5793,.T.);
#5791 = VERTEX_POINT('',#5792);
#5792 = CARTESIAN_POINT('',(-180.,30.3,154.));
#5793 = LINE('',#5794,#5795);
#5794 = CARTESIAN_POINT('',(-140.,30.3,154.));
#5795 = VECTOR('',#5796,1.);
#5796 = DIRECTION('',(-1.,0.,0.));
#5797 = ORIENTED_EDGE('',*,*,#5798,.T.);
#5798 = EDGE_CURVE('',#5791,#5628,#5799,.T.);
#5799 = LINE('',#5800,#5801);
#5800 = CARTESIAN_POINT('',(-180.,25.821269953755,154.));
#5801 = VECTOR('',#5802,1.);
#5802 = DIRECTION('',(0.,-1.,0.));
#5803 = PLANE('',#5804);
#5804 = AXIS2_PLACEMENT_3D('',#5805,#5806,#5807);
#5805 = CARTESIAN_POINT('',(-140.,30.3,154.));
#5806 = DIRECTION('',(0.,0.,1.));
#5807 = DIRECTION('',(-1.,0.,0.));
#5808 = ADVANCED_FACE('',(#5809),#5850,.T.);
#5809 = FACE_BOUND('',#5810,.F.);
#5810 = EDGE_LOOP('',(#5811,#5819,#5820,#5828,#5836,#5844));
#5811 = ORIENTED_EDGE('',*,*,#5812,.T.);
#5812 = EDGE_CURVE('',#5813,#5644,#5815,.T.);
#5813 = VERTEX_POINT('',#5814);
#5814 = CARTESIAN_POINT('',(-174.5454545454,28.,226.));
#5815 = LINE('',#5816,#5817);
#5816 = CARTESIAN_POINT('',(-140.0904181758,-4.486177148502,
    188.09945999341));
#5817 = VECTOR('',#5818,1.);
#5818 = DIRECTION('',(0.568055333603,-0.535595028826,-0.624860866963));
#5819 = ORIENTED_EDGE('',*,*,#5651,.T.);
#5820 = ORIENTED_EDGE('',*,*,#5821,.F.);
#5821 = EDGE_CURVE('',#5822,#5618,#5824,.T.);
#5822 = VERTEX_POINT('',#5823);
#5823 = CARTESIAN_POINT('',(-140.,30.3,188.));
#5824 = LINE('',#5825,#5826);
#5825 = CARTESIAN_POINT('',(-140.,30.3,188.));
#5826 = VECTOR('',#5827,1.);
#5827 = DIRECTION('',(0.,-1.,0.));
#5828 = ORIENTED_EDGE('',*,*,#5829,.F.);
#5829 = EDGE_CURVE('',#5830,#5822,#5832,.T.);
#5830 = VERTEX_POINT('',#5831);
#5831 = CARTESIAN_POINT('',(-180.,30.3,232.));
#5832 = LINE('',#5833,#5834);
#5833 = CARTESIAN_POINT('',(-180.,30.3,232.));
#5834 = VECTOR('',#5835,1.);
#5835 = DIRECTION('',(0.672672793996,0.,-0.739940073396));
#5836 = ORIENTED_EDGE('',*,*,#5837,.T.);
#5837 = EDGE_CURVE('',#5830,#5838,#5840,.T.);
#5838 = VERTEX_POINT('',#5839);
#5839 = CARTESIAN_POINT('',(-180.,28.,232.));
#5840 = LINE('',#5841,#5842);
#5841 = CARTESIAN_POINT('',(-180.,40.,232.));
#5842 = VECTOR('',#5843,1.);
#5843 = DIRECTION('',(0.,-1.,0.));
#5844 = ORIENTED_EDGE('',*,*,#5845,.T.);
#5845 = EDGE_CURVE('',#5838,#5813,#5846,.T.);
#5846 = LINE('',#5847,#5848);
#5847 = CARTESIAN_POINT('',(-137.8280542986,28.,185.6108597285));
#5848 = VECTOR('',#5849,1.);
#5849 = DIRECTION('',(0.672672793996,0.,-0.739940073396));
#5850 = PLANE('',#5851);
#5851 = AXIS2_PLACEMENT_3D('',#5852,#5853,#5854);
#5852 = CARTESIAN_POINT('',(-180.,30.3,232.));
#5853 = DIRECTION('',(-0.739940073396,0.,-0.672672793996));
#5854 = DIRECTION('',(0.672672793996,0.,-0.739940073396));
#5855 = ADVANCED_FACE('',(#5856),#5890,.T.);
#5856 = FACE_BOUND('',#5857,.T.);
#5857 = EDGE_LOOP('',(#5858,#5868,#5876,#5884));
#5858 = ORIENTED_EDGE('',*,*,#5859,.T.);
#5859 = EDGE_CURVE('',#5860,#5862,#5864,.T.);
#5860 = VERTEX_POINT('',#5861);
#5861 = CARTESIAN_POINT('',(-180.,39.,154.));
#5862 = VERTEX_POINT('',#5863);
#5863 = CARTESIAN_POINT('',(-180.,37.,154.));
#5864 = LINE('',#5865,#5866);
#5865 = CARTESIAN_POINT('',(-180.,25.821269953755,154.));
#5866 = VECTOR('',#5867,1.);
#5867 = DIRECTION('',(0.,-1.,0.));
#5868 = ORIENTED_EDGE('',*,*,#5869,.F.);
#5869 = EDGE_CURVE('',#5870,#5862,#5872,.T.);
#5870 = VERTEX_POINT('',#5871);
#5871 = CARTESIAN_POINT('',(-173.4,37.,154.));
#5872 = LINE('',#5873,#5874);
#5873 = CARTESIAN_POINT('',(-173.4,37.,154.));
#5874 = VECTOR('',#5875,1.);
#5875 = DIRECTION('',(-1.,0.,0.));
#5876 = ORIENTED_EDGE('',*,*,#5877,.T.);
#5877 = EDGE_CURVE('',#5870,#5878,#5880,.T.);
#5878 = VERTEX_POINT('',#5879);
#5879 = CARTESIAN_POINT('',(-173.4,39.,154.));
#5880 = LINE('',#5881,#5882);
#5881 = CARTESIAN_POINT('',(-173.4,37.,154.));
#5882 = VECTOR('',#5883,1.);
#5883 = DIRECTION('',(0.,1.,0.));
#5884 = ORIENTED_EDGE('',*,*,#5885,.T.);
#5885 = EDGE_CURVE('',#5878,#5860,#5886,.T.);
#5886 = LINE('',#5887,#5888);
#5887 = CARTESIAN_POINT('',(-180.,39.,154.));
#5888 = VECTOR('',#5889,1.);
#5889 = DIRECTION('',(-1.,0.,0.));
#5890 = PLANE('',#5891);
#5891 = AXIS2_PLACEMENT_3D('',#5892,#5893,#5894);
#5892 = CARTESIAN_POINT('',(-140.,30.3,154.));
#5893 = DIRECTION('',(0.,0.,1.));
#5894 = DIRECTION('',(-1.,0.,0.));
#5895 = ADVANCED_FACE('',(#5896),#5921,.T.);
#5896 = FACE_BOUND('',#5897,.T.);
#5897 = EDGE_LOOP('',(#5898,#5906,#5914,#5920));
#5898 = ORIENTED_EDGE('',*,*,#5899,.T.);
#5899 = EDGE_CURVE('',#5878,#5900,#5902,.T.);
#5900 = VERTEX_POINT('',#5901);
#5901 = CARTESIAN_POINT('',(-173.4,39.,232.));
#5902 = LINE('',#5903,#5904);
#5903 = CARTESIAN_POINT('',(-173.4,39.,154.));
#5904 = VECTOR('',#5905,1.);
#5905 = DIRECTION('',(0.,0.,1.));
#5906 = ORIENTED_EDGE('',*,*,#5907,.T.);
#5907 = EDGE_CURVE('',#5900,#5908,#5910,.T.);
#5908 = VERTEX_POINT('',#5909);
#5909 = CARTESIAN_POINT('',(-180.,39.,232.));
#5910 = LINE('',#5911,#5912);
#5911 = CARTESIAN_POINT('',(-180.,39.,232.));
#5912 = VECTOR('',#5913,1.);
#5913 = DIRECTION('',(-1.,0.,0.));
#5914 = ORIENTED_EDGE('',*,*,#5915,.T.);
#5915 = EDGE_CURVE('',#5908,#5860,#5916,.T.);
#5916 = LINE('',#5917,#5918);
#5917 = CARTESIAN_POINT('',(-180.,39.,132.91841224072));
#5918 = VECTOR('',#5919,1.);
#5919 = DIRECTION('',(0.,0.,-1.));
#5920 = ORIENTED_EDGE('',*,*,#5885,.F.);
#5921 = PLANE('',#5922);
#5922 = AXIS2_PLACEMENT_3D('',#5923,#5924,#5925);
#5923 = CARTESIAN_POINT('',(-180.,39.,154.));
#5924 = DIRECTION('',(0.,-1.,0.));
#5925 = DIRECTION('',(0.,0.,1.));
#5926 = ADVANCED_FACE('',(#5927),#6014,.F.);
#5927 = FACE_BOUND('',#5928,.F.);
#5928 = EDGE_LOOP('',(#5929,#5935,#5936,#5944,#5952,#5960,#5968,#5976,
    #5984,#5990,#5991,#5999,#6007,#6013));
#5929 = ORIENTED_EDGE('',*,*,#5930,.F.);
#5930 = EDGE_CURVE('',#5585,#5908,#5931,.T.);
#5931 = LINE('',#5932,#5933);
#5932 = CARTESIAN_POINT('',(-180.,40.,232.));
#5933 = VECTOR('',#5934,1.);
#5934 = DIRECTION('',(0.,-1.,0.));
#5935 = ORIENTED_EDGE('',*,*,#5592,.T.);
#5936 = ORIENTED_EDGE('',*,*,#5937,.T.);
#5937 = EDGE_CURVE('',#5593,#5938,#5940,.T.);
#5938 = VERTEX_POINT('',#5939);
#5939 = CARTESIAN_POINT('',(180.,39.,232.));
#5940 = LINE('',#5941,#5942);
#5941 = CARTESIAN_POINT('',(180.,40.,232.));
#5942 = VECTOR('',#5943,1.);
#5943 = DIRECTION('',(0.,-1.,0.));
#5944 = ORIENTED_EDGE('',*,*,#5945,.F.);
#5945 = EDGE_CURVE('',#5946,#5938,#5948,.T.);
#5946 = VERTEX_POINT('',#5947);
#5947 = CARTESIAN_POINT('',(173.4,39.,232.));
#5948 = LINE('',#5949,#5950);
#5949 = CARTESIAN_POINT('',(180.,39.,232.));
#5950 = VECTOR('',#5951,1.);
#5951 = DIRECTION('',(1.,0.,0.));
#5952 = ORIENTED_EDGE('',*,*,#5953,.T.);
#5953 = EDGE_CURVE('',#5946,#5954,#5956,.T.);
#5954 = VERTEX_POINT('',#5955);
#5955 = CARTESIAN_POINT('',(173.4,37.,232.));
#5956 = LINE('',#5957,#5958);
#5957 = CARTESIAN_POINT('',(173.4,39.,232.));
#5958 = VECTOR('',#5959,1.);
#5959 = DIRECTION('',(0.,-1.,0.));
#5960 = ORIENTED_EDGE('',*,*,#5961,.T.);
#5961 = EDGE_CURVE('',#5954,#5962,#5964,.T.);
#5962 = VERTEX_POINT('',#5963);
#5963 = CARTESIAN_POINT('',(180.,37.,232.));
#5964 = LINE('',#5965,#5966);
#5965 = CARTESIAN_POINT('',(173.4,37.,232.));
#5966 = VECTOR('',#5967,1.);
#5967 = DIRECTION('',(1.,0.,0.));
#5968 = ORIENTED_EDGE('',*,*,#5969,.T.);
#5969 = EDGE_CURVE('',#5962,#5970,#5972,.T.);
#5970 = VERTEX_POINT('',#5971);
#5971 = CARTESIAN_POINT('',(180.,30.3,232.));
#5972 = LINE('',#5973,#5974);
#5973 = CARTESIAN_POINT('',(180.,40.,232.));
#5974 = VECTOR('',#5975,1.);
#5975 = DIRECTION('',(0.,-1.,0.));
#5976 = ORIENTED_EDGE('',*,*,#5977,.T.);
#5977 = EDGE_CURVE('',#5970,#5978,#5980,.T.);
#5978 = VERTEX_POINT('',#5979);
#5979 = CARTESIAN_POINT('',(180.,28.,232.));
#5980 = LINE('',#5981,#5982);
#5981 = CARTESIAN_POINT('',(180.,40.,232.));
#5982 = VECTOR('',#5983,1.);
#5983 = DIRECTION('',(0.,-1.,0.));
#5984 = ORIENTED_EDGE('',*,*,#5985,.F.);
#5985 = EDGE_CURVE('',#5838,#5978,#5986,.T.);
#5986 = LINE('',#5987,#5988);
#5987 = CARTESIAN_POINT('',(-180.,28.,232.));
#5988 = VECTOR('',#5989,1.);
#5989 = DIRECTION('',(1.,0.,0.));
#5990 = ORIENTED_EDGE('',*,*,#5837,.F.);
#5991 = ORIENTED_EDGE('',*,*,#5992,.F.);
#5992 = EDGE_CURVE('',#5993,#5830,#5995,.T.);
#5993 = VERTEX_POINT('',#5994);
#5994 = CARTESIAN_POINT('',(-180.,37.,232.));
#5995 = LINE('',#5996,#5997);
#5996 = CARTESIAN_POINT('',(-180.,40.,232.));
#5997 = VECTOR('',#5998,1.);
#5998 = DIRECTION('',(0.,-1.,0.));
#5999 = ORIENTED_EDGE('',*,*,#6000,.F.);
#6000 = EDGE_CURVE('',#6001,#5993,#6003,.T.);
#6001 = VERTEX_POINT('',#6002);
#6002 = CARTESIAN_POINT('',(-173.4,37.,232.));
#6003 = LINE('',#6004,#6005);
#6004 = CARTESIAN_POINT('',(-173.4,37.,232.));
#6005 = VECTOR('',#6006,1.);
#6006 = DIRECTION('',(-1.,0.,0.));
#6007 = ORIENTED_EDGE('',*,*,#6008,.F.);
#6008 = EDGE_CURVE('',#5900,#6001,#6009,.T.);
#6009 = LINE('',#6010,#6011);
#6010 = CARTESIAN_POINT('',(-173.4,39.,232.));
#6011 = VECTOR('',#6012,1.);
#6012 = DIRECTION('',(0.,-1.,0.));
#6013 = ORIENTED_EDGE('',*,*,#5907,.T.);
#6014 = PLANE('',#6015);
#6015 = AXIS2_PLACEMENT_3D('',#6016,#6017,#6018);
#6016 = CARTESIAN_POINT('',(-180.,40.,232.));
#6017 = DIRECTION('',(0.,0.,-1.));
#6018 = DIRECTION('',(0.,-1.,0.));
#6019 = ADVANCED_FACE('',(#6020),#6031,.F.);
#6020 = FACE_BOUND('',#6021,.F.);
#6021 = EDGE_LOOP('',(#6022,#6028,#6029,#6030));
#6022 = ORIENTED_EDGE('',*,*,#6023,.T.);
#6023 = EDGE_CURVE('',#6001,#5870,#6024,.T.);
#6024 = LINE('',#6025,#6026);
#6025 = CARTESIAN_POINT('',(-173.4,37.,232.));
#6026 = VECTOR('',#6027,1.);
#6027 = DIRECTION('',(0.,0.,-1.));
#6028 = ORIENTED_EDGE('',*,*,#5877,.T.);
#6029 = ORIENTED_EDGE('',*,*,#5899,.T.);
#6030 = ORIENTED_EDGE('',*,*,#6008,.T.);
#6031 = PLANE('',#6032);
#6032 = AXIS2_PLACEMENT_3D('',#6033,#6034,#6035);
#6033 = CARTESIAN_POINT('',(-173.4,38.,193.));
#6034 = DIRECTION('',(1.,0.,0.));
#6035 = DIRECTION('',(0.,0.,-1.));
#6036 = ADVANCED_FACE('',(#6037),#6048,.T.);
#6037 = FACE_BOUND('',#6038,.F.);
#6038 = EDGE_LOOP('',(#6039,#6045,#6046,#6047));
#6039 = ORIENTED_EDGE('',*,*,#6040,.T.);
#6040 = EDGE_CURVE('',#5993,#5862,#6041,.T.);
#6041 = LINE('',#6042,#6043);
#6042 = CARTESIAN_POINT('',(-180.,37.,212.5));
#6043 = VECTOR('',#6044,1.);
#6044 = DIRECTION('',(0.,0.,-1.));
#6045 = ORIENTED_EDGE('',*,*,#5869,.F.);
#6046 = ORIENTED_EDGE('',*,*,#6023,.F.);
#6047 = ORIENTED_EDGE('',*,*,#6000,.T.);
#6048 = PLANE('',#6049);
#6049 = AXIS2_PLACEMENT_3D('',#6050,#6051,#6052);
#6050 = CARTESIAN_POINT('',(-173.4,37.,232.));
#6051 = DIRECTION('',(0.,1.,0.));
#6052 = DIRECTION('',(0.,0.,-1.));
#6053 = ADVANCED_FACE('',(#6054),#6095,.F.);
#6054 = FACE_BOUND('',#6055,.F.);
#6055 = EDGE_LOOP('',(#6056,#6066,#6072,#6073,#6081,#6089));
#6056 = ORIENTED_EDGE('',*,*,#6057,.F.);
#6057 = EDGE_CURVE('',#6058,#6060,#6062,.T.);
#6058 = VERTEX_POINT('',#6059);
#6059 = CARTESIAN_POINT('',(174.54545454545,28.,226.));
#6060 = VERTEX_POINT('',#6061);
#6061 = CARTESIAN_POINT('',(172.74242424242,26.3,224.01666666666));
#6062 = LINE('',#6063,#6064);
#6063 = CARTESIAN_POINT('',(140.09041817583,-4.486177148502,
    188.09945999341));
#6064 = VECTOR('',#6065,1.);
#6065 = DIRECTION('',(-0.568055333603,-0.535595028826,-0.624860866963));
#6066 = ORIENTED_EDGE('',*,*,#6067,.F.);
#6067 = EDGE_CURVE('',#5978,#6058,#6068,.T.);
#6068 = LINE('',#6069,#6070);
#6069 = CARTESIAN_POINT('',(137.82805429864,28.,185.6108597285));
#6070 = VECTOR('',#6071,1.);
#6071 = DIRECTION('',(-0.672672793996,0.,-0.739940073396));
#6072 = ORIENTED_EDGE('',*,*,#5977,.F.);
#6073 = ORIENTED_EDGE('',*,*,#6074,.T.);
#6074 = EDGE_CURVE('',#5970,#6075,#6077,.T.);
#6075 = VERTEX_POINT('',#6076);
#6076 = CARTESIAN_POINT('',(140.,30.3,188.));
#6077 = LINE('',#6078,#6079);
#6078 = CARTESIAN_POINT('',(180.,30.3,232.));
#6079 = VECTOR('',#6080,1.);
#6080 = DIRECTION('',(-0.672672793996,0.,-0.739940073396));
#6081 = ORIENTED_EDGE('',*,*,#6082,.T.);
#6082 = EDGE_CURVE('',#6075,#6083,#6085,.T.);
#6083 = VERTEX_POINT('',#6084);
#6084 = CARTESIAN_POINT('',(140.,26.3,188.));
#6085 = LINE('',#6086,#6087);
#6086 = CARTESIAN_POINT('',(140.,30.3,188.));
#6087 = VECTOR('',#6088,1.);
#6088 = DIRECTION('',(0.,-1.,0.));
#6089 = ORIENTED_EDGE('',*,*,#6090,.F.);
#6090 = EDGE_CURVE('',#6060,#6083,#6091,.T.);
#6091 = LINE('',#6092,#6093);
#6092 = CARTESIAN_POINT('',(180.,26.3,232.));
#6093 = VECTOR('',#6094,1.);
#6094 = DIRECTION('',(-0.672672793996,0.,-0.739940073396));
#6095 = PLANE('',#6096);
#6096 = AXIS2_PLACEMENT_3D('',#6097,#6098,#6099);
#6097 = CARTESIAN_POINT('',(180.,30.3,232.));
#6098 = DIRECTION('',(-0.739940073396,0.,0.672672793996));
#6099 = DIRECTION('',(-0.672672793996,0.,-0.739940073396));
#6100 = ADVANCED_FACE('',(#6101),#6126,.F.);
#6101 = FACE_BOUND('',#6102,.F.);
#6102 = EDGE_LOOP('',(#6103,#6111,#6112,#6120));
#6103 = ORIENTED_EDGE('',*,*,#6104,.F.);
#6104 = EDGE_CURVE('',#5962,#6105,#6107,.T.);
#6105 = VERTEX_POINT('',#6106);
#6106 = CARTESIAN_POINT('',(180.,37.,154.));
#6107 = LINE('',#6108,#6109);
#6108 = CARTESIAN_POINT('',(180.,37.,212.5));
#6109 = VECTOR('',#6110,1.);
#6110 = DIRECTION('',(0.,0.,-1.));
#6111 = ORIENTED_EDGE('',*,*,#5961,.F.);
#6112 = ORIENTED_EDGE('',*,*,#6113,.T.);
#6113 = EDGE_CURVE('',#5954,#6114,#6116,.T.);
#6114 = VERTEX_POINT('',#6115);
#6115 = CARTESIAN_POINT('',(173.4,37.,154.));
#6116 = LINE('',#6117,#6118);
#6117 = CARTESIAN_POINT('',(173.4,37.,232.));
#6118 = VECTOR('',#6119,1.);
#6119 = DIRECTION('',(0.,0.,-1.));
#6120 = ORIENTED_EDGE('',*,*,#6121,.T.);
#6121 = EDGE_CURVE('',#6114,#6105,#6122,.T.);
#6122 = LINE('',#6123,#6124);
#6123 = CARTESIAN_POINT('',(173.4,37.,154.));
#6124 = VECTOR('',#6125,1.);
#6125 = DIRECTION('',(1.,0.,0.));
#6126 = PLANE('',#6127);
#6127 = AXIS2_PLACEMENT_3D('',#6128,#6129,#6130);
#6128 = CARTESIAN_POINT('',(173.4,37.,232.));
#6129 = DIRECTION('',(0.,-1.,0.));
#6130 = DIRECTION('',(0.,0.,-1.));
#6131 = ADVANCED_FACE('',(#6132),#6150,.T.);
#6132 = FACE_BOUND('',#6133,.F.);
#6133 = EDGE_LOOP('',(#6134,#6135,#6136,#6144));
#6134 = ORIENTED_EDGE('',*,*,#6113,.F.);
#6135 = ORIENTED_EDGE('',*,*,#5953,.F.);
#6136 = ORIENTED_EDGE('',*,*,#6137,.F.);
#6137 = EDGE_CURVE('',#6138,#5946,#6140,.T.);
#6138 = VERTEX_POINT('',#6139);
#6139 = CARTESIAN_POINT('',(173.4,39.,154.));
#6140 = LINE('',#6141,#6142);
#6141 = CARTESIAN_POINT('',(173.4,39.,154.));
#6142 = VECTOR('',#6143,1.);
#6143 = DIRECTION('',(0.,0.,1.));
#6144 = ORIENTED_EDGE('',*,*,#6145,.F.);
#6145 = EDGE_CURVE('',#6114,#6138,#6146,.T.);
#6146 = LINE('',#6147,#6148);
#6147 = CARTESIAN_POINT('',(173.4,37.,154.));
#6148 = VECTOR('',#6149,1.);
#6149 = DIRECTION('',(0.,1.,0.));
#6150 = PLANE('',#6151);
#6151 = AXIS2_PLACEMENT_3D('',#6152,#6153,#6154);
#6152 = CARTESIAN_POINT('',(173.4,38.,193.));
#6153 = DIRECTION('',(1.,0.,0.));
#6154 = DIRECTION('',(0.,0.,-1.));
#6155 = ADVANCED_FACE('',(#6156),#6174,.F.);
#6156 = FACE_BOUND('',#6157,.F.);
#6157 = EDGE_LOOP('',(#6158,#6159,#6160,#6168));
#6158 = ORIENTED_EDGE('',*,*,#6137,.T.);
#6159 = ORIENTED_EDGE('',*,*,#5945,.T.);
#6160 = ORIENTED_EDGE('',*,*,#6161,.F.);
#6161 = EDGE_CURVE('',#6162,#5938,#6164,.T.);
#6162 = VERTEX_POINT('',#6163);
#6163 = CARTESIAN_POINT('',(180.,39.,154.));
#6164 = LINE('',#6165,#6166);
#6165 = CARTESIAN_POINT('',(180.,39.,132.91841224072));
#6166 = VECTOR('',#6167,1.);
#6167 = DIRECTION('',(0.,0.,1.));
#6168 = ORIENTED_EDGE('',*,*,#6169,.F.);
#6169 = EDGE_CURVE('',#6138,#6162,#6170,.T.);
#6170 = LINE('',#6171,#6172);
#6171 = CARTESIAN_POINT('',(180.,39.,154.));
#6172 = VECTOR('',#6173,1.);
#6173 = DIRECTION('',(1.,0.,0.));
#6174 = PLANE('',#6175);
#6175 = AXIS2_PLACEMENT_3D('',#6176,#6177,#6178);
#6176 = CARTESIAN_POINT('',(180.,39.,154.));
#6177 = DIRECTION('',(0.,1.,0.));
#6178 = DIRECTION('',(0.,0.,1.));
#6179 = ADVANCED_FACE('',(#6180,#6213,#6255),#6329,.F.);
#6180 = FACE_BOUND('',#6181,.F.);
#6181 = EDGE_LOOP('',(#6182,#6190,#6198,#6206,#6212));
#6182 = ORIENTED_EDGE('',*,*,#6183,.T.);
#6183 = EDGE_CURVE('',#6083,#6184,#6186,.T.);
#6184 = VERTEX_POINT('',#6185);
#6185 = CARTESIAN_POINT('',(140.,26.3,154.));
#6186 = LINE('',#6187,#6188);
#6187 = CARTESIAN_POINT('',(140.,26.3,188.));
#6188 = VECTOR('',#6189,1.);
#6189 = DIRECTION('',(0.,0.,-1.));
#6190 = ORIENTED_EDGE('',*,*,#6191,.T.);
#6191 = EDGE_CURVE('',#6184,#6192,#6194,.T.);
#6192 = VERTEX_POINT('',#6193);
#6193 = CARTESIAN_POINT('',(180.,26.3,154.));
#6194 = LINE('',#6195,#6196);
#6195 = CARTESIAN_POINT('',(140.,26.3,154.));
#6196 = VECTOR('',#6197,1.);
#6197 = DIRECTION('',(1.,0.,0.));
#6198 = ORIENTED_EDGE('',*,*,#6199,.T.);
#6199 = EDGE_CURVE('',#6192,#6200,#6202,.T.);
#6200 = VERTEX_POINT('',#6201);
#6201 = CARTESIAN_POINT('',(180.,26.3,224.01666666666));
#6202 = LINE('',#6203,#6204);
#6203 = CARTESIAN_POINT('',(180.,26.3,193.));
#6204 = VECTOR('',#6205,1.);
#6205 = DIRECTION('',(0.,0.,1.));
#6206 = ORIENTED_EDGE('',*,*,#6207,.F.);
#6207 = EDGE_CURVE('',#6060,#6200,#6208,.T.);
#6208 = LINE('',#6209,#6210);
#6209 = CARTESIAN_POINT('',(81.1,26.3,224.01666666666));
#6210 = VECTOR('',#6211,1.);
#6211 = DIRECTION('',(1.,0.,0.));
#6212 = ORIENTED_EDGE('',*,*,#6090,.T.);
#6213 = FACE_BOUND('',#6214,.F.);
#6214 = EDGE_LOOP('',(#6215,#6225,#6233,#6241,#6249));
#6215 = ORIENTED_EDGE('',*,*,#6216,.T.);
#6216 = EDGE_CURVE('',#6217,#6219,#6221,.T.);
#6217 = VERTEX_POINT('',#6218);
#6218 = CARTESIAN_POINT('',(152.,26.3,176.3));
#6219 = VERTEX_POINT('',#6220);
#6220 = CARTESIAN_POINT('',(152.,26.3,174.));
#6221 = LINE('',#6222,#6223);
#6222 = CARTESIAN_POINT('',(152.,26.3,179.65));
#6223 = VECTOR('',#6224,1.);
#6224 = DIRECTION('',(0.,0.,-1.));
#6225 = ORIENTED_EDGE('',*,*,#6226,.T.);
#6226 = EDGE_CURVE('',#6219,#6227,#6229,.T.);
#6227 = VERTEX_POINT('',#6228);
#6228 = CARTESIAN_POINT('',(152.,26.3,156.));
#6229 = LINE('',#6230,#6231);
#6230 = CARTESIAN_POINT('',(152.,26.3,179.65));
#6231 = VECTOR('',#6232,1.);
#6232 = DIRECTION('',(0.,0.,-1.));
#6233 = ORIENTED_EDGE('',*,*,#6234,.T.);
#6234 = EDGE_CURVE('',#6227,#6235,#6237,.T.);
#6235 = VERTEX_POINT('',#6236);
#6236 = CARTESIAN_POINT('',(143.,26.3,156.));
#6237 = LINE('',#6238,#6239);
#6238 = CARTESIAN_POINT('',(152.5,26.3,156.));
#6239 = VECTOR('',#6240,1.);
#6240 = DIRECTION('',(-1.,0.,0.));
#6241 = ORIENTED_EDGE('',*,*,#6242,.T.);
#6242 = EDGE_CURVE('',#6235,#6243,#6245,.T.);
#6243 = VERTEX_POINT('',#6244);
#6244 = CARTESIAN_POINT('',(143.,26.3,176.3));
#6245 = LINE('',#6246,#6247);
#6246 = CARTESIAN_POINT('',(143.,26.3,179.65));
#6247 = VECTOR('',#6248,1.);
#6248 = DIRECTION('',(0.,0.,1.));
#6249 = ORIENTED_EDGE('',*,*,#6250,.T.);
#6250 = EDGE_CURVE('',#6243,#6217,#6251,.T.);
#6251 = LINE('',#6252,#6253);
#6252 = CARTESIAN_POINT('',(152.5,26.3,176.3));
#6253 = VECTOR('',#6254,1.);
#6254 = DIRECTION('',(1.,0.,0.));
#6255 = FACE_BOUND('',#6256,.F.);
#6256 = EDGE_LOOP('',(#6257,#6267,#6274,#6283,#6291,#6299,#6307,#6315,
    #6323));
#6257 = ORIENTED_EDGE('',*,*,#6258,.T.);
#6258 = EDGE_CURVE('',#6259,#6261,#6263,.T.);
#6259 = VERTEX_POINT('',#6260);
#6260 = CARTESIAN_POINT('',(160.,26.3,161.85786437626));
#6261 = VERTEX_POINT('',#6262);
#6262 = CARTESIAN_POINT('',(154.92893218813,26.3,166.92893218813));
#6263 = LINE('',#6264,#6265);
#6264 = CARTESIAN_POINT('',(150.17893218813,26.3,171.67893218813));
#6265 = VECTOR('',#6266,1.);
#6266 = DIRECTION('',(-0.707106781187,0.,0.707106781187));
#6267 = ORIENTED_EDGE('',*,*,#6268,.T.);
#6268 = EDGE_CURVE('',#6261,#6219,#6269,.T.);
#6269 = CIRCLE('',#6270,10.);
#6270 = AXIS2_PLACEMENT_3D('',#6271,#6272,#6273);
#6271 = CARTESIAN_POINT('',(162.,26.3,174.));
#6272 = DIRECTION('',(-0.,1.,0.));
#6273 = DIRECTION('',(1.,0.,0.));
#6274 = ORIENTED_EDGE('',*,*,#6275,.T.);
#6275 = EDGE_CURVE('',#6219,#6276,#6278,.T.);
#6276 = VERTEX_POINT('',#6277);
#6277 = CARTESIAN_POINT('',(171.73190628808,26.3,176.3));
#6278 = CIRCLE('',#6279,10.);
#6279 = AXIS2_PLACEMENT_3D('',#6280,#6281,#6282);
#6280 = CARTESIAN_POINT('',(162.,26.3,174.));
#6281 = DIRECTION('',(-0.,1.,0.));
#6282 = DIRECTION('',(1.,0.,0.));
#6283 = ORIENTED_EDGE('',*,*,#6284,.T.);
#6284 = EDGE_CURVE('',#6276,#6285,#6287,.T.);
#6285 = VERTEX_POINT('',#6286);
#6286 = CARTESIAN_POINT('',(177.,26.3,176.3));
#6287 = LINE('',#6288,#6289);
#6288 = CARTESIAN_POINT('',(165.,26.3,176.3));
#6289 = VECTOR('',#6290,1.);
#6290 = DIRECTION('',(1.,0.,0.));
#6291 = ORIENTED_EDGE('',*,*,#6292,.T.);
#6292 = EDGE_CURVE('',#6285,#6293,#6295,.T.);
#6293 = VERTEX_POINT('',#6294);
#6294 = CARTESIAN_POINT('',(177.,26.3,156.));
#6295 = LINE('',#6296,#6297);
#6296 = CARTESIAN_POINT('',(177.,26.3,179.65));
#6297 = VECTOR('',#6298,1.);
#6298 = DIRECTION('',(0.,0.,-1.));
#6299 = ORIENTED_EDGE('',*,*,#6300,.T.);
#6300 = EDGE_CURVE('',#6293,#6301,#6303,.T.);
#6301 = VERTEX_POINT('',#6302);
#6302 = CARTESIAN_POINT('',(168.,26.3,156.));
#6303 = LINE('',#6304,#6305);
#6304 = CARTESIAN_POINT('',(165.,26.3,156.));
#6305 = VECTOR('',#6306,1.);
#6306 = DIRECTION('',(-1.,0.,0.));
#6307 = ORIENTED_EDGE('',*,*,#6308,.T.);
#6308 = EDGE_CURVE('',#6301,#6309,#6311,.T.);
#6309 = VERTEX_POINT('',#6310);
#6310 = CARTESIAN_POINT('',(168.,26.3,165.85786437626));
#6311 = LINE('',#6312,#6313);
#6312 = CARTESIAN_POINT('',(168.,26.3,179.65));
#6313 = VECTOR('',#6314,1.);
#6314 = DIRECTION('',(0.,0.,1.));
#6315 = ORIENTED_EDGE('',*,*,#6316,.T.);
#6316 = EDGE_CURVE('',#6309,#6317,#6319,.T.);
#6317 = VERTEX_POINT('',#6318);
#6318 = CARTESIAN_POINT('',(164.,26.3,161.85786437626));
#6319 = LINE('',#6320,#6321);
#6320 = CARTESIAN_POINT('',(171.28553390593,26.3,169.1433982822));
#6321 = VECTOR('',#6322,1.);
#6322 = DIRECTION('',(-0.707106781187,0.,-0.707106781187));
#6323 = ORIENTED_EDGE('',*,*,#6324,.T.);
#6324 = EDGE_CURVE('',#6317,#6259,#6325,.T.);
#6325 = LINE('',#6326,#6327);
#6326 = CARTESIAN_POINT('',(161.,26.3,161.85786437626));
#6327 = VECTOR('',#6328,1.);
#6328 = DIRECTION('',(-1.,0.,0.));
#6329 = PLANE('',#6330);
#6330 = AXIS2_PLACEMENT_3D('',#6331,#6332,#6333);
#6331 = CARTESIAN_POINT('',(162.,26.3,193.));
#6332 = DIRECTION('',(0.,-1.,0.));
#6333 = DIRECTION('',(0.,0.,-1.));
#6334 = ADVANCED_FACE('',(#6335),#6360,.F.);
#6335 = FACE_BOUND('',#6336,.F.);
#6336 = EDGE_LOOP('',(#6337,#6338,#6346,#6354));
#6337 = ORIENTED_EDGE('',*,*,#6191,.F.);
#6338 = ORIENTED_EDGE('',*,*,#6339,.F.);
#6339 = EDGE_CURVE('',#6340,#6184,#6342,.T.);
#6340 = VERTEX_POINT('',#6341);
#6341 = CARTESIAN_POINT('',(140.,30.3,154.));
#6342 = LINE('',#6343,#6344);
#6343 = CARTESIAN_POINT('',(140.,30.3,154.));
#6344 = VECTOR('',#6345,1.);
#6345 = DIRECTION('',(0.,-1.,0.));
#6346 = ORIENTED_EDGE('',*,*,#6347,.T.);
#6347 = EDGE_CURVE('',#6340,#6348,#6350,.T.);
#6348 = VERTEX_POINT('',#6349);
#6349 = CARTESIAN_POINT('',(180.,30.3,154.));
#6350 = LINE('',#6351,#6352);
#6351 = CARTESIAN_POINT('',(140.,30.3,154.));
#6352 = VECTOR('',#6353,1.);
#6353 = DIRECTION('',(1.,0.,0.));
#6354 = ORIENTED_EDGE('',*,*,#6355,.F.);
#6355 = EDGE_CURVE('',#6192,#6348,#6356,.T.);
#6356 = LINE('',#6357,#6358);
#6357 = CARTESIAN_POINT('',(180.,25.821269953755,154.));
#6358 = VECTOR('',#6359,1.);
#6359 = DIRECTION('',(-0.,1.,0.));
#6360 = PLANE('',#6361);
#6361 = AXIS2_PLACEMENT_3D('',#6362,#6363,#6364);
#6362 = CARTESIAN_POINT('',(140.,30.3,154.));
#6363 = DIRECTION('',(0.,0.,-1.));
#6364 = DIRECTION('',(1.,0.,0.));
#6365 = ADVANCED_FACE('',(#6366),#6377,.F.);
#6366 = FACE_BOUND('',#6367,.F.);
#6367 = EDGE_LOOP('',(#6368,#6374,#6375,#6376));
#6368 = ORIENTED_EDGE('',*,*,#6369,.F.);
#6369 = EDGE_CURVE('',#6105,#6162,#6370,.T.);
#6370 = LINE('',#6371,#6372);
#6371 = CARTESIAN_POINT('',(180.,25.821269953755,154.));
#6372 = VECTOR('',#6373,1.);
#6373 = DIRECTION('',(-0.,1.,0.));
#6374 = ORIENTED_EDGE('',*,*,#6121,.F.);
#6375 = ORIENTED_EDGE('',*,*,#6145,.T.);
#6376 = ORIENTED_EDGE('',*,*,#6169,.T.);
#6377 = PLANE('',#6378);
#6378 = AXIS2_PLACEMENT_3D('',#6379,#6380,#6381);
#6379 = CARTESIAN_POINT('',(140.,30.3,154.));
#6380 = DIRECTION('',(0.,0.,-1.));
#6381 = DIRECTION('',(1.,0.,0.));
#6382 = ADVANCED_FACE('',(#6383),#6394,.T.);
#6383 = FACE_BOUND('',#6384,.F.);
#6384 = EDGE_LOOP('',(#6385,#6391,#6392,#6393));
#6385 = ORIENTED_EDGE('',*,*,#6386,.F.);
#6386 = EDGE_CURVE('',#5822,#5783,#6387,.T.);
#6387 = LINE('',#6388,#6389);
#6388 = CARTESIAN_POINT('',(-140.,30.3,188.));
#6389 = VECTOR('',#6390,1.);
#6390 = DIRECTION('',(0.,0.,-1.));
#6391 = ORIENTED_EDGE('',*,*,#5821,.T.);
#6392 = ORIENTED_EDGE('',*,*,#5617,.T.);
#6393 = ORIENTED_EDGE('',*,*,#5782,.F.);
#6394 = PLANE('',#6395);
#6395 = AXIS2_PLACEMENT_3D('',#6396,#6397,#6398);
#6396 = CARTESIAN_POINT('',(-140.,30.3,188.));
#6397 = DIRECTION('',(-1.,0.,0.));
#6398 = DIRECTION('',(0.,0.,-1.));
#6399 = ADVANCED_FACE('',(#6400),#6426,.T.);
#6400 = FACE_BOUND('',#6401,.F.);
#6401 = EDGE_LOOP('',(#6402,#6410,#6411,#6412,#6420));
#6402 = ORIENTED_EDGE('',*,*,#6403,.F.);
#6403 = EDGE_CURVE('',#5660,#6404,#6406,.T.);
#6404 = VERTEX_POINT('',#6405);
#6405 = CARTESIAN_POINT('',(-152.,14.,164.));
#6406 = LINE('',#6407,#6408);
#6407 = CARTESIAN_POINT('',(-152.,26.6,176.6));
#6408 = VECTOR('',#6409,1.);
#6409 = DIRECTION('',(0.,-0.707106781187,-0.707106781187));
#6410 = ORIENTED_EDGE('',*,*,#5659,.T.);
#6411 = ORIENTED_EDGE('',*,*,#5669,.T.);
#6412 = ORIENTED_EDGE('',*,*,#6413,.F.);
#6413 = EDGE_CURVE('',#6414,#5670,#6416,.T.);
#6414 = VERTEX_POINT('',#6415);
#6415 = CARTESIAN_POINT('',(-152.,14.,156.));
#6416 = LINE('',#6417,#6418);
#6417 = CARTESIAN_POINT('',(-152.,14.,156.));
#6418 = VECTOR('',#6419,1.);
#6419 = DIRECTION('',(0.,1.,0.));
#6420 = ORIENTED_EDGE('',*,*,#6421,.F.);
#6421 = EDGE_CURVE('',#6404,#6414,#6422,.T.);
#6422 = LINE('',#6423,#6424);
#6423 = CARTESIAN_POINT('',(-152.,14.,164.));
#6424 = VECTOR('',#6425,1.);
#6425 = DIRECTION('',(0.,0.,-1.));
#6426 = PLANE('',#6427);
#6427 = AXIS2_PLACEMENT_3D('',#6428,#6429,#6430);
#6428 = CARTESIAN_POINT('',(-152.,20.3,166.3));
#6429 = DIRECTION('',(1.,0.,0.));
#6430 = DIRECTION('',(0.,0.,-1.));
#6431 = ADVANCED_FACE('',(#6432),#6450,.T.);
#6432 = FACE_BOUND('',#6433,.F.);
#6433 = EDGE_LOOP('',(#6434,#6435,#6436,#6444));
#6434 = ORIENTED_EDGE('',*,*,#5693,.T.);
#6435 = ORIENTED_EDGE('',*,*,#6403,.T.);
#6436 = ORIENTED_EDGE('',*,*,#6437,.F.);
#6437 = EDGE_CURVE('',#6438,#6404,#6440,.T.);
#6438 = VERTEX_POINT('',#6439);
#6439 = CARTESIAN_POINT('',(-143.,14.,164.));
#6440 = LINE('',#6441,#6442);
#6441 = CARTESIAN_POINT('',(-143.,14.,164.));
#6442 = VECTOR('',#6443,1.);
#6443 = DIRECTION('',(-1.,0.,0.));
#6444 = ORIENTED_EDGE('',*,*,#6445,.F.);
#6445 = EDGE_CURVE('',#5686,#6438,#6446,.T.);
#6446 = LINE('',#6447,#6448);
#6447 = CARTESIAN_POINT('',(-143.,26.6,176.6));
#6448 = VECTOR('',#6449,1.);
#6449 = DIRECTION('',(0.,-0.707106781187,-0.707106781187));
#6450 = PLANE('',#6451);
#6451 = AXIS2_PLACEMENT_3D('',#6452,#6453,#6454);
#6452 = CARTESIAN_POINT('',(-143.,26.6,176.6));
#6453 = DIRECTION('',(0.,0.707106781187,-0.707106781187));
#6454 = DIRECTION('',(0.,-0.707106781187,-0.707106781187));
#6455 = ADVANCED_FACE('',(#6456),#6474,.F.);
#6456 = FACE_BOUND('',#6457,.F.);
#6457 = EDGE_LOOP('',(#6458,#6459,#6460,#6468));
#6458 = ORIENTED_EDGE('',*,*,#5685,.T.);
#6459 = ORIENTED_EDGE('',*,*,#6445,.T.);
#6460 = ORIENTED_EDGE('',*,*,#6461,.T.);
#6461 = EDGE_CURVE('',#6438,#6462,#6464,.T.);
#6462 = VERTEX_POINT('',#6463);
#6463 = CARTESIAN_POINT('',(-143.,14.,156.));
#6464 = LINE('',#6465,#6466);
#6465 = CARTESIAN_POINT('',(-143.,14.,164.));
#6466 = VECTOR('',#6467,1.);
#6467 = DIRECTION('',(0.,0.,-1.));
#6468 = ORIENTED_EDGE('',*,*,#6469,.T.);
#6469 = EDGE_CURVE('',#6462,#5678,#6470,.T.);
#6470 = LINE('',#6471,#6472);
#6471 = CARTESIAN_POINT('',(-143.,14.,156.));
#6472 = VECTOR('',#6473,1.);
#6473 = DIRECTION('',(0.,1.,0.));
#6474 = PLANE('',#6475);
#6475 = AXIS2_PLACEMENT_3D('',#6476,#6477,#6478);
#6476 = CARTESIAN_POINT('',(-143.,20.3,166.3));
#6477 = DIRECTION('',(1.,0.,0.));
#6478 = DIRECTION('',(0.,0.,-1.));
#6479 = ADVANCED_FACE('',(#6480),#6491,.T.);
#6480 = FACE_BOUND('',#6481,.F.);
#6481 = EDGE_LOOP('',(#6482,#6483,#6484,#6490));
#6482 = ORIENTED_EDGE('',*,*,#5677,.T.);
#6483 = ORIENTED_EDGE('',*,*,#6469,.F.);
#6484 = ORIENTED_EDGE('',*,*,#6485,.T.);
#6485 = EDGE_CURVE('',#6462,#6414,#6486,.T.);
#6486 = LINE('',#6487,#6488);
#6487 = CARTESIAN_POINT('',(-143.,14.,156.));
#6488 = VECTOR('',#6489,1.);
#6489 = DIRECTION('',(-1.,0.,0.));
#6490 = ORIENTED_EDGE('',*,*,#6413,.T.);
#6491 = PLANE('',#6492);
#6492 = AXIS2_PLACEMENT_3D('',#6493,#6494,#6495);
#6493 = CARTESIAN_POINT('',(-143.,14.,156.));
#6494 = DIRECTION('',(0.,0.,1.));
#6495 = DIRECTION('',(0.,1.,0.));
#6496 = ADVANCED_FACE('',(#6497),#6522,.F.);
#6497 = FACE_BOUND('',#6498,.F.);
#6498 = EDGE_LOOP('',(#6499,#6509,#6515,#6516));
#6499 = ORIENTED_EDGE('',*,*,#6500,.T.);
#6500 = EDGE_CURVE('',#6501,#6503,#6505,.T.);
#6501 = VERTEX_POINT('',#6502);
#6502 = CARTESIAN_POINT('',(-154.9289321881,30.3,166.92893218813));
#6503 = VERTEX_POINT('',#6504);
#6504 = CARTESIAN_POINT('',(-160.,30.3,161.85786437626));
#6505 = LINE('',#6506,#6507);
#6506 = CARTESIAN_POINT('',(-150.1789321881,30.3,171.67893218813));
#6507 = VECTOR('',#6508,1.);
#6508 = DIRECTION('',(-0.707106781187,0.,-0.707106781187));
#6509 = ORIENTED_EDGE('',*,*,#6510,.T.);
#6510 = EDGE_CURVE('',#6503,#5702,#6511,.T.);
#6511 = LINE('',#6512,#6513);
#6512 = CARTESIAN_POINT('',(-160.,41.,161.85786437626));
#6513 = VECTOR('',#6514,1.);
#6514 = DIRECTION('',(0.,-1.,0.));
#6515 = ORIENTED_EDGE('',*,*,#5701,.T.);
#6516 = ORIENTED_EDGE('',*,*,#6517,.F.);
#6517 = EDGE_CURVE('',#6501,#5704,#6518,.T.);
#6518 = LINE('',#6519,#6520);
#6519 = CARTESIAN_POINT('',(-154.9289321881,41.,166.92893218813));
#6520 = VECTOR('',#6521,1.);
#6521 = DIRECTION('',(0.,-1.,0.));
#6522 = PLANE('',#6523);
#6523 = AXIS2_PLACEMENT_3D('',#6524,#6525,#6526);
#6524 = CARTESIAN_POINT('',(-154.9289321881,41.,166.92893218813));
#6525 = DIRECTION('',(-0.707106781187,0.,0.707106781187));
#6526 = DIRECTION('',(-0.707106781187,0.,-0.707106781187));
#6527 = ADVANCED_FACE('',(#6528),#6546,.F.);
#6528 = FACE_BOUND('',#6529,.F.);
#6529 = EDGE_LOOP('',(#6530,#6538,#6544,#6545));
#6530 = ORIENTED_EDGE('',*,*,#6531,.T.);
#6531 = EDGE_CURVE('',#6503,#6532,#6534,.T.);
#6532 = VERTEX_POINT('',#6533);
#6533 = CARTESIAN_POINT('',(-164.,30.3,161.85786437626));
#6534 = LINE('',#6535,#6536);
#6535 = CARTESIAN_POINT('',(-161.,30.3,161.85786437626));
#6536 = VECTOR('',#6537,1.);
#6537 = DIRECTION('',(-1.,0.,0.));
#6538 = ORIENTED_EDGE('',*,*,#6539,.T.);
#6539 = EDGE_CURVE('',#6532,#5760,#6540,.T.);
#6540 = LINE('',#6541,#6542);
#6541 = CARTESIAN_POINT('',(-164.,41.,161.85786437626));
#6542 = VECTOR('',#6543,1.);
#6543 = DIRECTION('',(0.,-1.,0.));
#6544 = ORIENTED_EDGE('',*,*,#5767,.T.);
#6545 = ORIENTED_EDGE('',*,*,#6510,.F.);
#6546 = PLANE('',#6547);
#6547 = AXIS2_PLACEMENT_3D('',#6548,#6549,#6550);
#6548 = CARTESIAN_POINT('',(-160.,41.,161.85786437626));
#6549 = DIRECTION('',(0.,0.,1.));
#6550 = DIRECTION('',(-1.,0.,0.));
#6551 = ADVANCED_FACE('',(#6552),#6586,.F.);
#6552 = FACE_BOUND('',#6553,.F.);
#6553 = EDGE_LOOP('',(#6554,#6562,#6570,#6578,#6584,#6585));
#6554 = ORIENTED_EDGE('',*,*,#6555,.T.);
#6555 = EDGE_CURVE('',#6532,#6556,#6558,.T.);
#6556 = VERTEX_POINT('',#6557);
#6557 = CARTESIAN_POINT('',(-169.0710678118,30.3,166.92893218813));
#6558 = LINE('',#6559,#6560);
#6559 = CARTESIAN_POINT('',(-171.2855339059,30.3,169.1433982822));
#6560 = VECTOR('',#6561,1.);
#6561 = DIRECTION('',(-0.707106781187,0.,0.707106781187));
#6562 = ORIENTED_EDGE('',*,*,#6563,.F.);
#6563 = EDGE_CURVE('',#6564,#6556,#6566,.T.);
#6564 = VERTEX_POINT('',#6565);
#6565 = CARTESIAN_POINT('',(-169.0710678118,16.928932188134,
    166.92893218813));
#6566 = LINE('',#6567,#6568);
#6567 = CARTESIAN_POINT('',(-169.0710678118,41.,166.92893218813));
#6568 = VECTOR('',#6569,1.);
#6569 = DIRECTION('',(0.,1.,0.));
#6570 = ORIENTED_EDGE('',*,*,#6571,.T.);
#6571 = EDGE_CURVE('',#6564,#6572,#6574,.T.);
#6572 = VERTEX_POINT('',#6573);
#6573 = CARTESIAN_POINT('',(-168.,15.857864376269,165.85786437626));
#6574 = LINE('',#6575,#6576);
#6575 = CARTESIAN_POINT('',(-174.4377344785,22.295598854801,
    172.2955988548));
#6576 = VECTOR('',#6577,1.);
#6577 = DIRECTION('',(0.57735026919,-0.57735026919,-0.57735026919));
#6578 = ORIENTED_EDGE('',*,*,#6579,.T.);
#6579 = EDGE_CURVE('',#6572,#5752,#6580,.T.);
#6580 = LINE('',#6581,#6582);
#6581 = CARTESIAN_POINT('',(-168.,30.65,165.85786437626));
#6582 = VECTOR('',#6583,1.);
#6583 = DIRECTION('',(0.,1.,0.));
#6584 = ORIENTED_EDGE('',*,*,#5759,.T.);
#6585 = ORIENTED_EDGE('',*,*,#6539,.F.);
#6586 = PLANE('',#6587);
#6587 = AXIS2_PLACEMENT_3D('',#6588,#6589,#6590);
#6588 = CARTESIAN_POINT('',(-164.,41.,161.85786437626));
#6589 = DIRECTION('',(0.707106781187,0.,0.707106781187));
#6590 = DIRECTION('',(-0.707106781187,0.,0.707106781187));
#6591 = ADVANCED_FACE('',(#6592),#6618,.F.);
#6592 = FACE_BOUND('',#6593,.F.);
#6593 = EDGE_LOOP('',(#6594,#6595,#6603,#6611,#6617));
#6594 = ORIENTED_EDGE('',*,*,#6579,.F.);
#6595 = ORIENTED_EDGE('',*,*,#6596,.T.);
#6596 = EDGE_CURVE('',#6572,#6597,#6599,.T.);
#6597 = VERTEX_POINT('',#6598);
#6598 = CARTESIAN_POINT('',(-168.,14.,164.));
#6599 = LINE('',#6600,#6601);
#6600 = CARTESIAN_POINT('',(-168.,26.6,176.6));
#6601 = VECTOR('',#6602,1.);
#6602 = DIRECTION('',(0.,-0.707106781187,-0.707106781187));
#6603 = ORIENTED_EDGE('',*,*,#6604,.T.);
#6604 = EDGE_CURVE('',#6597,#6605,#6607,.T.);
#6605 = VERTEX_POINT('',#6606);
#6606 = CARTESIAN_POINT('',(-168.,14.,156.));
#6607 = LINE('',#6608,#6609);
#6608 = CARTESIAN_POINT('',(-168.,14.,164.));
#6609 = VECTOR('',#6610,1.);
#6610 = DIRECTION('',(0.,0.,-1.));
#6611 = ORIENTED_EDGE('',*,*,#6612,.T.);
#6612 = EDGE_CURVE('',#6605,#5744,#6613,.T.);
#6613 = LINE('',#6614,#6615);
#6614 = CARTESIAN_POINT('',(-168.,14.,156.));
#6615 = VECTOR('',#6616,1.);
#6616 = DIRECTION('',(0.,1.,0.));
#6617 = ORIENTED_EDGE('',*,*,#5751,.T.);
#6618 = PLANE('',#6619);
#6619 = AXIS2_PLACEMENT_3D('',#6620,#6621,#6622);
#6620 = CARTESIAN_POINT('',(-168.,20.3,166.3));
#6621 = DIRECTION('',(1.,0.,0.));
#6622 = DIRECTION('',(0.,0.,-1.));
#6623 = ADVANCED_FACE('',(#6624),#6642,.T.);
#6624 = FACE_BOUND('',#6625,.F.);
#6625 = EDGE_LOOP('',(#6626,#6627,#6628,#6636));
#6626 = ORIENTED_EDGE('',*,*,#5743,.T.);
#6627 = ORIENTED_EDGE('',*,*,#6612,.F.);
#6628 = ORIENTED_EDGE('',*,*,#6629,.T.);
#6629 = EDGE_CURVE('',#6605,#6630,#6632,.T.);
#6630 = VERTEX_POINT('',#6631);
#6631 = CARTESIAN_POINT('',(-177.,14.,156.));
#6632 = LINE('',#6633,#6634);
#6633 = CARTESIAN_POINT('',(-168.,14.,156.));
#6634 = VECTOR('',#6635,1.);
#6635 = DIRECTION('',(-1.,0.,0.));
#6636 = ORIENTED_EDGE('',*,*,#6637,.T.);
#6637 = EDGE_CURVE('',#6630,#5736,#6638,.T.);
#6638 = LINE('',#6639,#6640);
#6639 = CARTESIAN_POINT('',(-177.,14.,156.));
#6640 = VECTOR('',#6641,1.);
#6641 = DIRECTION('',(0.,1.,0.));
#6642 = PLANE('',#6643);
#6643 = AXIS2_PLACEMENT_3D('',#6644,#6645,#6646);
#6644 = CARTESIAN_POINT('',(-168.,14.,156.));
#6645 = DIRECTION('',(0.,0.,1.));
#6646 = DIRECTION('',(0.,1.,0.));
#6647 = ADVANCED_FACE('',(#6648),#6666,.T.);
#6648 = FACE_BOUND('',#6649,.F.);
#6649 = EDGE_LOOP('',(#6650,#6651,#6652,#6660));
#6650 = ORIENTED_EDGE('',*,*,#5735,.T.);
#6651 = ORIENTED_EDGE('',*,*,#6637,.F.);
#6652 = ORIENTED_EDGE('',*,*,#6653,.F.);
#6653 = EDGE_CURVE('',#6654,#6630,#6656,.T.);
#6654 = VERTEX_POINT('',#6655);
#6655 = CARTESIAN_POINT('',(-177.,14.,164.));
#6656 = LINE('',#6657,#6658);
#6657 = CARTESIAN_POINT('',(-177.,14.,164.));
#6658 = VECTOR('',#6659,1.);
#6659 = DIRECTION('',(0.,0.,-1.));
#6660 = ORIENTED_EDGE('',*,*,#6661,.F.);
#6661 = EDGE_CURVE('',#5728,#6654,#6662,.T.);
#6662 = LINE('',#6663,#6664);
#6663 = CARTESIAN_POINT('',(-177.,26.6,176.6));
#6664 = VECTOR('',#6665,1.);
#6665 = DIRECTION('',(0.,-0.707106781187,-0.707106781187));
#6666 = PLANE('',#6667);
#6667 = AXIS2_PLACEMENT_3D('',#6668,#6669,#6670);
#6668 = CARTESIAN_POINT('',(-177.,20.3,166.3));
#6669 = DIRECTION('',(1.,0.,0.));
#6670 = DIRECTION('',(0.,0.,-1.));
#6671 = ADVANCED_FACE('',(#6672),#6691,.T.);
#6672 = FACE_BOUND('',#6673,.F.);
#6673 = EDGE_LOOP('',(#6674,#6675,#6682,#6683,#6684,#6690));
#6674 = ORIENTED_EDGE('',*,*,#6571,.F.);
#6675 = ORIENTED_EDGE('',*,*,#6676,.F.);
#6676 = EDGE_CURVE('',#5719,#6564,#6677,.T.);
#6677 = ELLIPSE('',#6678,14.142135623731,10.);
#6678 = AXIS2_PLACEMENT_3D('',#6679,#6680,#6681);
#6679 = CARTESIAN_POINT('',(-162.,24.,174.));
#6680 = DIRECTION('',(0.,-0.707106781187,0.707106781187));
#6681 = DIRECTION('',(0.,0.707106781187,0.707106781187));
#6682 = ORIENTED_EDGE('',*,*,#5727,.T.);
#6683 = ORIENTED_EDGE('',*,*,#6661,.T.);
#6684 = ORIENTED_EDGE('',*,*,#6685,.F.);
#6685 = EDGE_CURVE('',#6597,#6654,#6686,.T.);
#6686 = LINE('',#6687,#6688);
#6687 = CARTESIAN_POINT('',(-168.,14.,164.));
#6688 = VECTOR('',#6689,1.);
#6689 = DIRECTION('',(-1.,0.,0.));
#6690 = ORIENTED_EDGE('',*,*,#6596,.F.);
#6691 = PLANE('',#6692);
#6692 = AXIS2_PLACEMENT_3D('',#6693,#6694,#6695);
#6693 = CARTESIAN_POINT('',(-168.,26.6,176.6));
#6694 = DIRECTION('',(0.,0.707106781187,-0.707106781187));
#6695 = DIRECTION('',(0.,-0.707106781187,-0.707106781187));
#6696 = ADVANCED_FACE('',(#6697),#6711,.T.);
#6697 = FACE_BOUND('',#6698,.T.);
#6698 = EDGE_LOOP('',(#6699,#6700,#6701,#6702,#6703,#6704));
#6699 = ORIENTED_EDGE('',*,*,#6563,.F.);
#6700 = ORIENTED_EDGE('',*,*,#6676,.F.);
#6701 = ORIENTED_EDGE('',*,*,#5718,.F.);
#6702 = ORIENTED_EDGE('',*,*,#5711,.F.);
#6703 = ORIENTED_EDGE('',*,*,#6517,.F.);
#6704 = ORIENTED_EDGE('',*,*,#6705,.F.);
#6705 = EDGE_CURVE('',#6556,#6501,#6706,.T.);
#6706 = CIRCLE('',#6707,10.);
#6707 = AXIS2_PLACEMENT_3D('',#6708,#6709,#6710);
#6708 = CARTESIAN_POINT('',(-162.,30.3,174.));
#6709 = DIRECTION('',(0.,1.,-0.));
#6710 = DIRECTION('',(-1.,0.,0.));
#6711 = CYLINDRICAL_SURFACE('',#6712,10.);
#6712 = AXIS2_PLACEMENT_3D('',#6713,#6714,#6715);
#6713 = CARTESIAN_POINT('',(-162.,41.,174.));
#6714 = DIRECTION('',(0.,1.,0.));
#6715 = DIRECTION('',(-6.123233995737E-17,0.,1.));
#6716 = ADVANCED_FACE('',(#6717,#6728),#6734,.T.);
#6717 = FACE_BOUND('',#6718,.F.);
#6718 = EDGE_LOOP('',(#6719,#6725,#6726,#6727));
#6719 = ORIENTED_EDGE('',*,*,#6720,.F.);
#6720 = EDGE_CURVE('',#5830,#5791,#6721,.T.);
#6721 = LINE('',#6722,#6723);
#6722 = CARTESIAN_POINT('',(-180.,30.3,193.));
#6723 = VECTOR('',#6724,1.);
#6724 = DIRECTION('',(0.,0.,-1.));
#6725 = ORIENTED_EDGE('',*,*,#5829,.T.);
#6726 = ORIENTED_EDGE('',*,*,#6386,.T.);
#6727 = ORIENTED_EDGE('',*,*,#5790,.T.);
#6728 = FACE_BOUND('',#6729,.F.);
#6729 = EDGE_LOOP('',(#6730,#6731,#6732,#6733));
#6730 = ORIENTED_EDGE('',*,*,#6531,.F.);
#6731 = ORIENTED_EDGE('',*,*,#6500,.F.);
#6732 = ORIENTED_EDGE('',*,*,#6705,.F.);
#6733 = ORIENTED_EDGE('',*,*,#6555,.F.);
#6734 = PLANE('',#6735);
#6735 = AXIS2_PLACEMENT_3D('',#6736,#6737,#6738);
#6736 = CARTESIAN_POINT('',(-162.,30.3,193.));
#6737 = DIRECTION('',(0.,-1.,0.));
#6738 = DIRECTION('',(-1.,0.,0.));
#6739 = ADVANCED_FACE('',(#6740,#6756),#6791,.F.);
#6740 = FACE_BOUND('',#6741,.F.);
#6741 = EDGE_LOOP('',(#6742,#6748,#6749,#6755));
#6742 = ORIENTED_EDGE('',*,*,#6743,.T.);
#6743 = EDGE_CURVE('',#5970,#6348,#6744,.T.);
#6744 = LINE('',#6745,#6746);
#6745 = CARTESIAN_POINT('',(180.,30.3,193.));
#6746 = VECTOR('',#6747,1.);
#6747 = DIRECTION('',(0.,0.,-1.));
#6748 = ORIENTED_EDGE('',*,*,#6347,.F.);
#6749 = ORIENTED_EDGE('',*,*,#6750,.F.);
#6750 = EDGE_CURVE('',#6075,#6340,#6751,.T.);
#6751 = LINE('',#6752,#6753);
#6752 = CARTESIAN_POINT('',(140.,30.3,188.));
#6753 = VECTOR('',#6754,1.);
#6754 = DIRECTION('',(0.,0.,-1.));
#6755 = ORIENTED_EDGE('',*,*,#6074,.F.);
#6756 = FACE_BOUND('',#6757,.F.);
#6757 = EDGE_LOOP('',(#6758,#6768,#6776,#6785));
#6758 = ORIENTED_EDGE('',*,*,#6759,.T.);
#6759 = EDGE_CURVE('',#6760,#6762,#6764,.T.);
#6760 = VERTEX_POINT('',#6761);
#6761 = CARTESIAN_POINT('',(160.,30.3,161.85786437626));
#6762 = VERTEX_POINT('',#6763);
#6763 = CARTESIAN_POINT('',(164.,30.3,161.85786437626));
#6764 = LINE('',#6765,#6766);
#6765 = CARTESIAN_POINT('',(161.,30.3,161.85786437626));
#6766 = VECTOR('',#6767,1.);
#6767 = DIRECTION('',(1.,0.,0.));
#6768 = ORIENTED_EDGE('',*,*,#6769,.T.);
#6769 = EDGE_CURVE('',#6762,#6770,#6772,.T.);
#6770 = VERTEX_POINT('',#6771);
#6771 = CARTESIAN_POINT('',(169.07106781186,30.3,166.92893218813));
#6772 = LINE('',#6773,#6774);
#6773 = CARTESIAN_POINT('',(171.28553390593,30.3,169.1433982822));
#6774 = VECTOR('',#6775,1.);
#6775 = DIRECTION('',(0.707106781187,0.,0.707106781187));
#6776 = ORIENTED_EDGE('',*,*,#6777,.T.);
#6777 = EDGE_CURVE('',#6770,#6778,#6780,.T.);
#6778 = VERTEX_POINT('',#6779);
#6779 = CARTESIAN_POINT('',(154.92893218813,30.3,166.92893218813));
#6780 = CIRCLE('',#6781,10.);
#6781 = AXIS2_PLACEMENT_3D('',#6782,#6783,#6784);
#6782 = CARTESIAN_POINT('',(162.,30.3,174.));
#6783 = DIRECTION('',(0.,-1.,0.));
#6784 = DIRECTION('',(1.,0.,0.));
#6785 = ORIENTED_EDGE('',*,*,#6786,.T.);
#6786 = EDGE_CURVE('',#6778,#6760,#6787,.T.);
#6787 = LINE('',#6788,#6789);
#6788 = CARTESIAN_POINT('',(150.17893218813,30.3,171.67893218813));
#6789 = VECTOR('',#6790,1.);
#6790 = DIRECTION('',(0.707106781187,0.,-0.707106781187));
#6791 = PLANE('',#6792);
#6792 = AXIS2_PLACEMENT_3D('',#6793,#6794,#6795);
#6793 = CARTESIAN_POINT('',(162.,30.3,193.));
#6794 = DIRECTION('',(0.,1.,0.));
#6795 = DIRECTION('',(1.,0.,0.));
#6796 = ADVANCED_FACE('',(#6797),#6803,.F.);
#6797 = FACE_BOUND('',#6798,.F.);
#6798 = EDGE_LOOP('',(#6799,#6800,#6801,#6802));
#6799 = ORIENTED_EDGE('',*,*,#6750,.T.);
#6800 = ORIENTED_EDGE('',*,*,#6339,.T.);
#6801 = ORIENTED_EDGE('',*,*,#6183,.F.);
#6802 = ORIENTED_EDGE('',*,*,#6082,.F.);
#6803 = PLANE('',#6804);
#6804 = AXIS2_PLACEMENT_3D('',#6805,#6806,#6807);
#6805 = CARTESIAN_POINT('',(140.,30.3,188.));
#6806 = DIRECTION('',(-1.,0.,0.));
#6807 = DIRECTION('',(0.,0.,-1.));
#6808 = ADVANCED_FACE('',(#6809),#6835,.F.);
#6809 = FACE_BOUND('',#6810,.F.);
#6810 = EDGE_LOOP('',(#6811,#6819,#6827,#6833,#6834));
#6811 = ORIENTED_EDGE('',*,*,#6812,.T.);
#6812 = EDGE_CURVE('',#6217,#6813,#6815,.T.);
#6813 = VERTEX_POINT('',#6814);
#6814 = CARTESIAN_POINT('',(152.,14.,164.));
#6815 = LINE('',#6816,#6817);
#6816 = CARTESIAN_POINT('',(152.,26.6,176.6));
#6817 = VECTOR('',#6818,1.);
#6818 = DIRECTION('',(0.,-0.707106781187,-0.707106781187));
#6819 = ORIENTED_EDGE('',*,*,#6820,.T.);
#6820 = EDGE_CURVE('',#6813,#6821,#6823,.T.);
#6821 = VERTEX_POINT('',#6822);
#6822 = CARTESIAN_POINT('',(152.,14.,156.));
#6823 = LINE('',#6824,#6825);
#6824 = CARTESIAN_POINT('',(152.,14.,164.));
#6825 = VECTOR('',#6826,1.);
#6826 = DIRECTION('',(0.,0.,-1.));
#6827 = ORIENTED_EDGE('',*,*,#6828,.T.);
#6828 = EDGE_CURVE('',#6821,#6227,#6829,.T.);
#6829 = LINE('',#6830,#6831);
#6830 = CARTESIAN_POINT('',(152.,14.,156.));
#6831 = VECTOR('',#6832,1.);
#6832 = DIRECTION('',(0.,1.,0.));
#6833 = ORIENTED_EDGE('',*,*,#6226,.F.);
#6834 = ORIENTED_EDGE('',*,*,#6216,.F.);
#6835 = PLANE('',#6836);
#6836 = AXIS2_PLACEMENT_3D('',#6837,#6838,#6839);
#6837 = CARTESIAN_POINT('',(152.,20.3,166.3));
#6838 = DIRECTION('',(1.,0.,0.));
#6839 = DIRECTION('',(0.,0.,-1.));
#6840 = ADVANCED_FACE('',(#6841),#6859,.F.);
#6841 = FACE_BOUND('',#6842,.F.);
#6842 = EDGE_LOOP('',(#6843,#6844,#6852,#6858));
#6843 = ORIENTED_EDGE('',*,*,#6250,.F.);
#6844 = ORIENTED_EDGE('',*,*,#6845,.T.);
#6845 = EDGE_CURVE('',#6243,#6846,#6848,.T.);
#6846 = VERTEX_POINT('',#6847);
#6847 = CARTESIAN_POINT('',(143.,14.,164.));
#6848 = LINE('',#6849,#6850);
#6849 = CARTESIAN_POINT('',(143.,26.6,176.6));
#6850 = VECTOR('',#6851,1.);
#6851 = DIRECTION('',(0.,-0.707106781187,-0.707106781187));
#6852 = ORIENTED_EDGE('',*,*,#6853,.T.);
#6853 = EDGE_CURVE('',#6846,#6813,#6854,.T.);
#6854 = LINE('',#6855,#6856);
#6855 = CARTESIAN_POINT('',(143.,14.,164.));
#6856 = VECTOR('',#6857,1.);
#6857 = DIRECTION('',(1.,0.,0.));
#6858 = ORIENTED_EDGE('',*,*,#6812,.F.);
#6859 = PLANE('',#6860);
#6860 = AXIS2_PLACEMENT_3D('',#6861,#6862,#6863);
#6861 = CARTESIAN_POINT('',(143.,26.6,176.6));
#6862 = DIRECTION('',(0.,-0.707106781187,0.707106781187));
#6863 = DIRECTION('',(0.,-0.707106781187,-0.707106781187));
#6864 = ADVANCED_FACE('',(#6865),#6883,.T.);
#6865 = FACE_BOUND('',#6866,.F.);
#6866 = EDGE_LOOP('',(#6867,#6868,#6876,#6882));
#6867 = ORIENTED_EDGE('',*,*,#6242,.F.);
#6868 = ORIENTED_EDGE('',*,*,#6869,.F.);
#6869 = EDGE_CURVE('',#6870,#6235,#6872,.T.);
#6870 = VERTEX_POINT('',#6871);
#6871 = CARTESIAN_POINT('',(143.,14.,156.));
#6872 = LINE('',#6873,#6874);
#6873 = CARTESIAN_POINT('',(143.,14.,156.));
#6874 = VECTOR('',#6875,1.);
#6875 = DIRECTION('',(0.,1.,0.));
#6876 = ORIENTED_EDGE('',*,*,#6877,.F.);
#6877 = EDGE_CURVE('',#6846,#6870,#6878,.T.);
#6878 = LINE('',#6879,#6880);
#6879 = CARTESIAN_POINT('',(143.,14.,164.));
#6880 = VECTOR('',#6881,1.);
#6881 = DIRECTION('',(0.,0.,-1.));
#6882 = ORIENTED_EDGE('',*,*,#6845,.F.);
#6883 = PLANE('',#6884);
#6884 = AXIS2_PLACEMENT_3D('',#6885,#6886,#6887);
#6885 = CARTESIAN_POINT('',(143.,20.3,166.3));
#6886 = DIRECTION('',(1.,0.,0.));
#6887 = DIRECTION('',(0.,0.,-1.));
#6888 = ADVANCED_FACE('',(#6889),#6900,.F.);
#6889 = FACE_BOUND('',#6890,.F.);
#6890 = EDGE_LOOP('',(#6891,#6892,#6893,#6899));
#6891 = ORIENTED_EDGE('',*,*,#6234,.F.);
#6892 = ORIENTED_EDGE('',*,*,#6828,.F.);
#6893 = ORIENTED_EDGE('',*,*,#6894,.F.);
#6894 = EDGE_CURVE('',#6870,#6821,#6895,.T.);
#6895 = LINE('',#6896,#6897);
#6896 = CARTESIAN_POINT('',(143.,14.,156.));
#6897 = VECTOR('',#6898,1.);
#6898 = DIRECTION('',(1.,0.,0.));
#6899 = ORIENTED_EDGE('',*,*,#6869,.T.);
#6900 = PLANE('',#6901);
#6901 = AXIS2_PLACEMENT_3D('',#6902,#6903,#6904);
#6902 = CARTESIAN_POINT('',(143.,14.,156.));
#6903 = DIRECTION('',(0.,0.,-1.));
#6904 = DIRECTION('',(0.,1.,0.));
#6905 = ADVANCED_FACE('',(#6906),#6922,.T.);
#6906 = FACE_BOUND('',#6907,.F.);
#6907 = EDGE_LOOP('',(#6908,#6909,#6915,#6916));
#6908 = ORIENTED_EDGE('',*,*,#6786,.F.);
#6909 = ORIENTED_EDGE('',*,*,#6910,.T.);
#6910 = EDGE_CURVE('',#6778,#6261,#6911,.T.);
#6911 = LINE('',#6912,#6913);
#6912 = CARTESIAN_POINT('',(154.92893218813,41.,166.92893218813));
#6913 = VECTOR('',#6914,1.);
#6914 = DIRECTION('',(0.,-1.,0.));
#6915 = ORIENTED_EDGE('',*,*,#6258,.F.);
#6916 = ORIENTED_EDGE('',*,*,#6917,.F.);
#6917 = EDGE_CURVE('',#6760,#6259,#6918,.T.);
#6918 = LINE('',#6919,#6920);
#6919 = CARTESIAN_POINT('',(160.,41.,161.85786437626));
#6920 = VECTOR('',#6921,1.);
#6921 = DIRECTION('',(0.,-1.,0.));
#6922 = PLANE('',#6923);
#6923 = AXIS2_PLACEMENT_3D('',#6924,#6925,#6926);
#6924 = CARTESIAN_POINT('',(154.92893218813,41.,166.92893218813));
#6925 = DIRECTION('',(-0.707106781187,0.,-0.707106781187));
#6926 = DIRECTION('',(0.707106781187,0.,-0.707106781187));
#6927 = ADVANCED_FACE('',(#6928),#6939,.T.);
#6928 = FACE_BOUND('',#6929,.F.);
#6929 = EDGE_LOOP('',(#6930,#6931,#6932,#6933));
#6930 = ORIENTED_EDGE('',*,*,#6759,.F.);
#6931 = ORIENTED_EDGE('',*,*,#6917,.T.);
#6932 = ORIENTED_EDGE('',*,*,#6324,.F.);
#6933 = ORIENTED_EDGE('',*,*,#6934,.F.);
#6934 = EDGE_CURVE('',#6762,#6317,#6935,.T.);
#6935 = LINE('',#6936,#6937);
#6936 = CARTESIAN_POINT('',(164.,41.,161.85786437626));
#6937 = VECTOR('',#6938,1.);
#6938 = DIRECTION('',(0.,-1.,0.));
#6939 = PLANE('',#6940);
#6940 = AXIS2_PLACEMENT_3D('',#6941,#6942,#6943);
#6941 = CARTESIAN_POINT('',(160.,41.,161.85786437626));
#6942 = DIRECTION('',(0.,0.,-1.));
#6943 = DIRECTION('',(1.,0.,0.));
#6944 = ADVANCED_FACE('',(#6945),#6972,.T.);
#6945 = FACE_BOUND('',#6946,.F.);
#6946 = EDGE_LOOP('',(#6947,#6948,#6949,#6950,#6958,#6966));
#6947 = ORIENTED_EDGE('',*,*,#6769,.F.);
#6948 = ORIENTED_EDGE('',*,*,#6934,.T.);
#6949 = ORIENTED_EDGE('',*,*,#6316,.F.);
#6950 = ORIENTED_EDGE('',*,*,#6951,.F.);
#6951 = EDGE_CURVE('',#6952,#6309,#6954,.T.);
#6952 = VERTEX_POINT('',#6953);
#6953 = CARTESIAN_POINT('',(168.,15.857864376269,165.85786437626));
#6954 = LINE('',#6955,#6956);
#6955 = CARTESIAN_POINT('',(168.,30.65,165.85786437626));
#6956 = VECTOR('',#6957,1.);
#6957 = DIRECTION('',(0.,1.,0.));
#6958 = ORIENTED_EDGE('',*,*,#6959,.F.);
#6959 = EDGE_CURVE('',#6960,#6952,#6962,.T.);
#6960 = VERTEX_POINT('',#6961);
#6961 = CARTESIAN_POINT('',(169.07106781186,16.928932188134,
    166.92893218813));
#6962 = LINE('',#6963,#6964);
#6963 = CARTESIAN_POINT('',(174.43773447853,22.295598854801,
    172.2955988548));
#6964 = VECTOR('',#6965,1.);
#6965 = DIRECTION('',(-0.57735026919,-0.57735026919,-0.57735026919));
#6966 = ORIENTED_EDGE('',*,*,#6967,.T.);
#6967 = EDGE_CURVE('',#6960,#6770,#6968,.T.);
#6968 = LINE('',#6969,#6970);
#6969 = CARTESIAN_POINT('',(169.07106781186,41.,166.92893218813));
#6970 = VECTOR('',#6971,1.);
#6971 = DIRECTION('',(0.,1.,0.));
#6972 = PLANE('',#6973);
#6973 = AXIS2_PLACEMENT_3D('',#6974,#6975,#6976);
#6974 = CARTESIAN_POINT('',(164.,41.,161.85786437626));
#6975 = DIRECTION('',(0.707106781187,0.,-0.707106781187));
#6976 = DIRECTION('',(0.707106781187,0.,0.707106781187));
#6977 = ADVANCED_FACE('',(#6978),#7004,.T.);
#6978 = FACE_BOUND('',#6979,.F.);
#6979 = EDGE_LOOP('',(#6980,#6981,#6982,#6990,#6998));
#6980 = ORIENTED_EDGE('',*,*,#6951,.T.);
#6981 = ORIENTED_EDGE('',*,*,#6308,.F.);
#6982 = ORIENTED_EDGE('',*,*,#6983,.F.);
#6983 = EDGE_CURVE('',#6984,#6301,#6986,.T.);
#6984 = VERTEX_POINT('',#6985);
#6985 = CARTESIAN_POINT('',(168.,14.,156.));
#6986 = LINE('',#6987,#6988);
#6987 = CARTESIAN_POINT('',(168.,14.,156.));
#6988 = VECTOR('',#6989,1.);
#6989 = DIRECTION('',(0.,1.,0.));
#6990 = ORIENTED_EDGE('',*,*,#6991,.F.);
#6991 = EDGE_CURVE('',#6992,#6984,#6994,.T.);
#6992 = VERTEX_POINT('',#6993);
#6993 = CARTESIAN_POINT('',(168.,14.,164.));
#6994 = LINE('',#6995,#6996);
#6995 = CARTESIAN_POINT('',(168.,14.,164.));
#6996 = VECTOR('',#6997,1.);
#6997 = DIRECTION('',(0.,0.,-1.));
#6998 = ORIENTED_EDGE('',*,*,#6999,.F.);
#6999 = EDGE_CURVE('',#6952,#6992,#7000,.T.);
#7000 = LINE('',#7001,#7002);
#7001 = CARTESIAN_POINT('',(168.,26.6,176.6));
#7002 = VECTOR('',#7003,1.);
#7003 = DIRECTION('',(0.,-0.707106781187,-0.707106781187));
#7004 = PLANE('',#7005);
#7005 = AXIS2_PLACEMENT_3D('',#7006,#7007,#7008);
#7006 = CARTESIAN_POINT('',(168.,20.3,166.3));
#7007 = DIRECTION('',(1.,0.,0.));
#7008 = DIRECTION('',(0.,0.,-1.));
#7009 = ADVANCED_FACE('',(#7010),#7028,.F.);
#7010 = FACE_BOUND('',#7011,.F.);
#7011 = EDGE_LOOP('',(#7012,#7013,#7021,#7027));
#7012 = ORIENTED_EDGE('',*,*,#6300,.F.);
#7013 = ORIENTED_EDGE('',*,*,#7014,.F.);
#7014 = EDGE_CURVE('',#7015,#6293,#7017,.T.);
#7015 = VERTEX_POINT('',#7016);
#7016 = CARTESIAN_POINT('',(177.,14.,156.));
#7017 = LINE('',#7018,#7019);
#7018 = CARTESIAN_POINT('',(177.,14.,156.));
#7019 = VECTOR('',#7020,1.);
#7020 = DIRECTION('',(0.,1.,0.));
#7021 = ORIENTED_EDGE('',*,*,#7022,.F.);
#7022 = EDGE_CURVE('',#6984,#7015,#7023,.T.);
#7023 = LINE('',#7024,#7025);
#7024 = CARTESIAN_POINT('',(168.,14.,156.));
#7025 = VECTOR('',#7026,1.);
#7026 = DIRECTION('',(1.,0.,0.));
#7027 = ORIENTED_EDGE('',*,*,#6983,.T.);
#7028 = PLANE('',#7029);
#7029 = AXIS2_PLACEMENT_3D('',#7030,#7031,#7032);
#7030 = CARTESIAN_POINT('',(168.,14.,156.));
#7031 = DIRECTION('',(0.,0.,-1.));
#7032 = DIRECTION('',(0.,1.,0.));
#7033 = ADVANCED_FACE('',(#7034),#7052,.F.);
#7034 = FACE_BOUND('',#7035,.F.);
#7035 = EDGE_LOOP('',(#7036,#7037,#7045,#7051));
#7036 = ORIENTED_EDGE('',*,*,#6292,.F.);
#7037 = ORIENTED_EDGE('',*,*,#7038,.T.);
#7038 = EDGE_CURVE('',#6285,#7039,#7041,.T.);
#7039 = VERTEX_POINT('',#7040);
#7040 = CARTESIAN_POINT('',(177.,14.,164.));
#7041 = LINE('',#7042,#7043);
#7042 = CARTESIAN_POINT('',(177.,26.6,176.6));
#7043 = VECTOR('',#7044,1.);
#7044 = DIRECTION('',(0.,-0.707106781187,-0.707106781187));
#7045 = ORIENTED_EDGE('',*,*,#7046,.T.);
#7046 = EDGE_CURVE('',#7039,#7015,#7047,.T.);
#7047 = LINE('',#7048,#7049);
#7048 = CARTESIAN_POINT('',(177.,14.,164.));
#7049 = VECTOR('',#7050,1.);
#7050 = DIRECTION('',(0.,0.,-1.));
#7051 = ORIENTED_EDGE('',*,*,#7014,.T.);
#7052 = PLANE('',#7053);
#7053 = AXIS2_PLACEMENT_3D('',#7054,#7055,#7056);
#7054 = CARTESIAN_POINT('',(177.,20.3,166.3));
#7055 = DIRECTION('',(1.,0.,0.));
#7056 = DIRECTION('',(0.,0.,-1.));
#7057 = ADVANCED_FACE('',(#7058),#7077,.F.);
#7058 = FACE_BOUND('',#7059,.F.);
#7059 = EDGE_LOOP('',(#7060,#7061,#7062,#7068,#7069,#7070));
#7060 = ORIENTED_EDGE('',*,*,#6959,.T.);
#7061 = ORIENTED_EDGE('',*,*,#6999,.T.);
#7062 = ORIENTED_EDGE('',*,*,#7063,.T.);
#7063 = EDGE_CURVE('',#6992,#7039,#7064,.T.);
#7064 = LINE('',#7065,#7066);
#7065 = CARTESIAN_POINT('',(168.,14.,164.));
#7066 = VECTOR('',#7067,1.);
#7067 = DIRECTION('',(1.,0.,0.));
#7068 = ORIENTED_EDGE('',*,*,#7038,.F.);
#7069 = ORIENTED_EDGE('',*,*,#6284,.F.);
#7070 = ORIENTED_EDGE('',*,*,#7071,.T.);
#7071 = EDGE_CURVE('',#6276,#6960,#7072,.T.);
#7072 = ELLIPSE('',#7073,14.142135623731,10.);
#7073 = AXIS2_PLACEMENT_3D('',#7074,#7075,#7076);
#7074 = CARTESIAN_POINT('',(162.,24.,174.));
#7075 = DIRECTION('',(0.,0.707106781187,-0.707106781187));
#7076 = DIRECTION('',(0.,0.707106781187,0.707106781187));
#7077 = PLANE('',#7078);
#7078 = AXIS2_PLACEMENT_3D('',#7079,#7080,#7081);
#7079 = CARTESIAN_POINT('',(168.,26.6,176.6));
#7080 = DIRECTION('',(0.,-0.707106781187,0.707106781187));
#7081 = DIRECTION('',(0.,-0.707106781187,-0.707106781187));
#7082 = ADVANCED_FACE('',(#7083),#7091,.T.);
#7083 = FACE_BOUND('',#7084,.T.);
#7084 = EDGE_LOOP('',(#7085,#7086,#7087,#7088,#7089,#7090));
#7085 = ORIENTED_EDGE('',*,*,#6910,.T.);
#7086 = ORIENTED_EDGE('',*,*,#6268,.T.);
#7087 = ORIENTED_EDGE('',*,*,#6275,.T.);
#7088 = ORIENTED_EDGE('',*,*,#7071,.T.);
#7089 = ORIENTED_EDGE('',*,*,#6967,.T.);
#7090 = ORIENTED_EDGE('',*,*,#6777,.T.);
#7091 = CYLINDRICAL_SURFACE('',#7092,10.);
#7092 = AXIS2_PLACEMENT_3D('',#7093,#7094,#7095);
#7093 = CARTESIAN_POINT('',(162.,41.,174.));
#7094 = DIRECTION('',(0.,-1.,0.));
#7095 = DIRECTION('',(6.123233995737E-17,0.,1.));
#7096 = ADVANCED_FACE('',(#7097),#7103,.T.);
#7097 = FACE_BOUND('',#7098,.F.);
#7098 = EDGE_LOOP('',(#7099,#7100,#7101,#7102));
#7099 = ORIENTED_EDGE('',*,*,#6461,.F.);
#7100 = ORIENTED_EDGE('',*,*,#6437,.T.);
#7101 = ORIENTED_EDGE('',*,*,#6421,.T.);
#7102 = ORIENTED_EDGE('',*,*,#6485,.F.);
#7103 = PLANE('',#7104);
#7104 = AXIS2_PLACEMENT_3D('',#7105,#7106,#7107);
#7105 = CARTESIAN_POINT('',(-143.,14.,164.));
#7106 = DIRECTION('',(0.,1.,0.));
#7107 = DIRECTION('',(0.,0.,-1.));
#7108 = ADVANCED_FACE('',(#7109),#7115,.T.);
#7109 = FACE_BOUND('',#7110,.F.);
#7110 = EDGE_LOOP('',(#7111,#7112,#7113,#7114));
#7111 = ORIENTED_EDGE('',*,*,#6604,.F.);
#7112 = ORIENTED_EDGE('',*,*,#6685,.T.);
#7113 = ORIENTED_EDGE('',*,*,#6653,.T.);
#7114 = ORIENTED_EDGE('',*,*,#6629,.F.);
#7115 = PLANE('',#7116);
#7116 = AXIS2_PLACEMENT_3D('',#7117,#7118,#7119);
#7117 = CARTESIAN_POINT('',(-168.,14.,164.));
#7118 = DIRECTION('',(0.,1.,0.));
#7119 = DIRECTION('',(0.,0.,-1.));
#7120 = ADVANCED_FACE('',(#7121),#7127,.F.);
#7121 = FACE_BOUND('',#7122,.F.);
#7122 = EDGE_LOOP('',(#7123,#7124,#7125,#7126));
#7123 = ORIENTED_EDGE('',*,*,#6877,.T.);
#7124 = ORIENTED_EDGE('',*,*,#6894,.T.);
#7125 = ORIENTED_EDGE('',*,*,#6820,.F.);
#7126 = ORIENTED_EDGE('',*,*,#6853,.F.);
#7127 = PLANE('',#7128);
#7128 = AXIS2_PLACEMENT_3D('',#7129,#7130,#7131);
#7129 = CARTESIAN_POINT('',(143.,14.,164.));
#7130 = DIRECTION('',(0.,-1.,0.));
#7131 = DIRECTION('',(0.,0.,-1.));
#7132 = ADVANCED_FACE('',(#7133),#7139,.F.);
#7133 = FACE_BOUND('',#7134,.F.);
#7134 = EDGE_LOOP('',(#7135,#7136,#7137,#7138));
#7135 = ORIENTED_EDGE('',*,*,#6991,.T.);
#7136 = ORIENTED_EDGE('',*,*,#7022,.T.);
#7137 = ORIENTED_EDGE('',*,*,#7046,.F.);
#7138 = ORIENTED_EDGE('',*,*,#7063,.F.);
#7139 = PLANE('',#7140);
#7140 = AXIS2_PLACEMENT_3D('',#7141,#7142,#7143);
#7141 = CARTESIAN_POINT('',(168.,14.,164.));
#7142 = DIRECTION('',(0.,-1.,0.));
#7143 = DIRECTION('',(0.,0.,-1.));
#7144 = ADVANCED_FACE('',(#7145),#7185,.T.);
#7145 = FACE_BOUND('',#7146,.T.);
#7146 = EDGE_LOOP('',(#7147,#7148,#7156,#7162,#7163,#7164,#7165,#7166,
    #7167,#7168,#7169,#7170,#7171,#7172,#7173,#7174,#7175,#7176,#7177,
    #7178,#7179,#7180,#7181,#7182,#7183,#7184));
#7147 = ORIENTED_EDGE('',*,*,#725,.F.);
#7148 = ORIENTED_EDGE('',*,*,#7149,.F.);
#7149 = EDGE_CURVE('',#7150,#726,#7152,.T.);
#7150 = VERTEX_POINT('',#7151);
#7151 = CARTESIAN_POINT('',(-180.,4.,198.));
#7152 = LINE('',#7153,#7154);
#7153 = CARTESIAN_POINT('',(-180.,4.,198.));
#7154 = VECTOR('',#7155,1.);
#7155 = DIRECTION('',(0.,-0.894427191,-0.4472135955));
#7156 = ORIENTED_EDGE('',*,*,#7157,.F.);
#7157 = EDGE_CURVE('',#5636,#7150,#7158,.T.);
#7158 = LINE('',#7159,#7160);
#7159 = CARTESIAN_POINT('',(-180.,28.,226.));
#7160 = VECTOR('',#7161,1.);
#7161 = DIRECTION('',(0.,-0.650791373456,-0.759256602365));
#7162 = ORIENTED_EDGE('',*,*,#5635,.F.);
#7163 = ORIENTED_EDGE('',*,*,#5798,.F.);
#7164 = ORIENTED_EDGE('',*,*,#6720,.F.);
#7165 = ORIENTED_EDGE('',*,*,#5992,.F.);
#7166 = ORIENTED_EDGE('',*,*,#6040,.T.);
#7167 = ORIENTED_EDGE('',*,*,#5859,.F.);
#7168 = ORIENTED_EDGE('',*,*,#5915,.F.);
#7169 = ORIENTED_EDGE('',*,*,#5930,.F.);
#7170 = ORIENTED_EDGE('',*,*,#5584,.F.);
#7171 = ORIENTED_EDGE('',*,*,#172,.F.);
#7172 = ORIENTED_EDGE('',*,*,#220,.F.);
#7173 = ORIENTED_EDGE('',*,*,#2403,.F.);
#7174 = ORIENTED_EDGE('',*,*,#3745,.T.);
#7175 = ORIENTED_EDGE('',*,*,#3544,.F.);
#7176 = ORIENTED_EDGE('',*,*,#3759,.F.);
#7177 = ORIENTED_EDGE('',*,*,#2445,.F.);
#7178 = ORIENTED_EDGE('',*,*,#2545,.T.);
#7179 = ORIENTED_EDGE('',*,*,#2085,.F.);
#7180 = ORIENTED_EDGE('',*,*,#2001,.T.);
#7181 = ORIENTED_EDGE('',*,*,#1942,.F.);
#7182 = ORIENTED_EDGE('',*,*,#1917,.T.);
#7183 = ORIENTED_EDGE('',*,*,#1903,.F.);
#7184 = ORIENTED_EDGE('',*,*,#1868,.T.);
#7185 = PLANE('',#7186);
#7186 = AXIS2_PLACEMENT_3D('',#7187,#7188,#7189);
#7187 = CARTESIAN_POINT('',(-180.,33.015411891294,156.26309882735));
#7188 = DIRECTION('',(-1.,-0.,-0.));
#7189 = DIRECTION('',(0.,0.,-1.));
#7190 = ADVANCED_FACE('',(#7191),#7231,.T.);
#7191 = FACE_BOUND('',#7192,.T.);
#7192 = EDGE_LOOP('',(#7193,#7194,#7195,#7196,#7197,#7198,#7199,#7200,
    #7201,#7202,#7203,#7204,#7205,#7206,#7207,#7208,#7209,#7210,#7211,
    #7212,#7213,#7214,#7215,#7216,#7217,#7225));
#7193 = ORIENTED_EDGE('',*,*,#807,.T.);
#7194 = ORIENTED_EDGE('',*,*,#1288,.F.);
#7195 = ORIENTED_EDGE('',*,*,#1322,.F.);
#7196 = ORIENTED_EDGE('',*,*,#1337,.F.);
#7197 = ORIENTED_EDGE('',*,*,#1361,.F.);
#7198 = ORIENTED_EDGE('',*,*,#1421,.F.);
#7199 = ORIENTED_EDGE('',*,*,#1504,.F.);
#7200 = ORIENTED_EDGE('',*,*,#2712,.F.);
#7201 = ORIENTED_EDGE('',*,*,#2611,.T.);
#7202 = ORIENTED_EDGE('',*,*,#3842,.T.);
#7203 = ORIENTED_EDGE('',*,*,#2761,.T.);
#7204 = ORIENTED_EDGE('',*,*,#2777,.F.);
#7205 = ORIENTED_EDGE('',*,*,#2569,.F.);
#7206 = ORIENTED_EDGE('',*,*,#331,.F.);
#7207 = ORIENTED_EDGE('',*,*,#252,.F.);
#7208 = ORIENTED_EDGE('',*,*,#5600,.T.);
#7209 = ORIENTED_EDGE('',*,*,#5937,.T.);
#7210 = ORIENTED_EDGE('',*,*,#6161,.F.);
#7211 = ORIENTED_EDGE('',*,*,#6369,.F.);
#7212 = ORIENTED_EDGE('',*,*,#6104,.F.);
#7213 = ORIENTED_EDGE('',*,*,#5969,.T.);
#7214 = ORIENTED_EDGE('',*,*,#6743,.T.);
#7215 = ORIENTED_EDGE('',*,*,#6355,.F.);
#7216 = ORIENTED_EDGE('',*,*,#6199,.T.);
#7217 = ORIENTED_EDGE('',*,*,#7218,.T.);
#7218 = EDGE_CURVE('',#6200,#7219,#7221,.T.);
#7219 = VERTEX_POINT('',#7220);
#7220 = CARTESIAN_POINT('',(180.,4.,198.));
#7221 = LINE('',#7222,#7223);
#7222 = CARTESIAN_POINT('',(180.,28.,226.));
#7223 = VECTOR('',#7224,1.);
#7224 = DIRECTION('',(0.,-0.650791373456,-0.759256602365));
#7225 = ORIENTED_EDGE('',*,*,#7226,.T.);
#7226 = EDGE_CURVE('',#7219,#800,#7227,.T.);
#7227 = LINE('',#7228,#7229);
#7228 = CARTESIAN_POINT('',(180.,4.,198.));
#7229 = VECTOR('',#7230,1.);
#7230 = DIRECTION('',(0.,-0.894427191,-0.4472135955));
#7231 = PLANE('',#7232);
#7232 = AXIS2_PLACEMENT_3D('',#7233,#7234,#7235);
#7233 = CARTESIAN_POINT('',(180.,33.015411891294,156.26309882735));
#7234 = DIRECTION('',(1.,0.,0.));
#7235 = DIRECTION('',(-0.,0.,1.));
#7236 = ADVANCED_FACE('',(#7237),#7256,.T.);
#7237 = FACE_BOUND('',#7238,.T.);
#7238 = EDGE_LOOP('',(#7239,#7240,#7241,#7242,#7243,#7249,#7250,#7251,
    #7252,#7253,#7254,#7255));
#7239 = ORIENTED_EDGE('',*,*,#3502,.T.);
#7240 = ORIENTED_EDGE('',*,*,#2099,.T.);
#7241 = ORIENTED_EDGE('',*,*,#799,.T.);
#7242 = ORIENTED_EDGE('',*,*,#7226,.F.);
#7243 = ORIENTED_EDGE('',*,*,#7244,.F.);
#7244 = EDGE_CURVE('',#7150,#7219,#7245,.T.);
#7245 = LINE('',#7246,#7247);
#7246 = CARTESIAN_POINT('',(-180.,4.,198.));
#7247 = VECTOR('',#7248,1.);
#7248 = DIRECTION('',(1.,0.,0.));
#7249 = ORIENTED_EDGE('',*,*,#7149,.T.);
#7250 = ORIENTED_EDGE('',*,*,#735,.T.);
#7251 = ORIENTED_EDGE('',*,*,#2233,.F.);
#7252 = ORIENTED_EDGE('',*,*,#3519,.F.);
#7253 = ORIENTED_EDGE('',*,*,#2194,.T.);
#7254 = ORIENTED_EDGE('',*,*,#767,.T.);
#7255 = ORIENTED_EDGE('',*,*,#2163,.F.);
#7256 = PLANE('',#7257);
#7257 = AXIS2_PLACEMENT_3D('',#7258,#7259,#7260);
#7258 = CARTESIAN_POINT('',(5.01639320227E-15,2.740295716291,
    197.37014785814));
#7259 = DIRECTION('',(0.,-0.4472135955,0.894427191));
#7260 = DIRECTION('',(0.,0.894427191,0.4472135955));
#7261 = ADVANCED_FACE('',(#7262),#7273,.T.);
#7262 = FACE_BOUND('',#7263,.T.);
#7263 = EDGE_LOOP('',(#7264,#7265,#7271,#7272));
#7264 = ORIENTED_EDGE('',*,*,#5845,.T.);
#7265 = ORIENTED_EDGE('',*,*,#7266,.T.);
#7266 = EDGE_CURVE('',#5813,#6058,#7267,.T.);
#7267 = LINE('',#7268,#7269);
#7268 = CARTESIAN_POINT('',(-180.,28.,226.));
#7269 = VECTOR('',#7270,1.);
#7270 = DIRECTION('',(1.,0.,0.));
#7271 = ORIENTED_EDGE('',*,*,#6067,.F.);
#7272 = ORIENTED_EDGE('',*,*,#5985,.F.);
#7273 = PLANE('',#7274);
#7274 = AXIS2_PLACEMENT_3D('',#7275,#7276,#7277);
#7275 = CARTESIAN_POINT('',(-6.720345314744E-15,28.,229.04512186951));
#7276 = DIRECTION('',(-0.,-1.,-0.));
#7277 = DIRECTION('',(0.,0.,-1.));
#7278 = ADVANCED_FACE('',(#7279),#7289,.T.);
#7279 = FACE_BOUND('',#7280,.T.);
#7280 = EDGE_LOOP('',(#7281,#7282,#7283,#7284,#7285,#7286,#7287,#7288));
#7281 = ORIENTED_EDGE('',*,*,#5812,.T.);
#7282 = ORIENTED_EDGE('',*,*,#5643,.T.);
#7283 = ORIENTED_EDGE('',*,*,#7157,.T.);
#7284 = ORIENTED_EDGE('',*,*,#7244,.T.);
#7285 = ORIENTED_EDGE('',*,*,#7218,.F.);
#7286 = ORIENTED_EDGE('',*,*,#6207,.F.);
#7287 = ORIENTED_EDGE('',*,*,#6057,.F.);
#7288 = ORIENTED_EDGE('',*,*,#7266,.F.);
#7289 = PLANE('',#7290);
#7290 = AXIS2_PLACEMENT_3D('',#7291,#7292,#7293);
#7291 = CARTESIAN_POINT('',(-1.013108327442E-14,16.038981148492,
    212.04547800657));
#7292 = DIRECTION('',(-0.,-0.759256602365,0.650791373456));
#7293 = DIRECTION('',(0.,-0.650791373456,-0.759256602365));
#7294 = ( GEOMETRIC_REPRESENTATION_CONTEXT(3) 
GLOBAL_UNCERTAINTY_ASSIGNED_CONTEXT((#7298)) 
GLOBAL_UNIT_ASSIGNED_CONTEXT((#7295,#7296,#7297)) REPRESENTATION_CONTEXT
('Context #1','3D Context with UNIT and UNCERTAINTY') );
#7295 = ( LENGTH_UNIT() NAMED_UNIT(*) SI_UNIT(.MILLI.,.METRE.) );
#7296 = ( NAMED_UNIT(*) PLANE_ANGLE_UNIT() SI_UNIT($,.RADIAN.) );
#7297 = ( NAMED_UNIT(*) SI_UNIT($,.STERADIAN.) SOLID_ANGLE_UNIT() );
#7298 = UNCERTAINTY_MEASURE_WITH_UNIT(LENGTH_MEASURE(2.E-07),#7295,
  'distance_accuracy_value','confusion accuracy');
#7299 = PRODUCT_RELATED_PRODUCT_CATEGORY('part',$,(#7));
ENDSEC;
END-ISO-10303-21;
