ISO-10303-21;
HEADER;
FILE_DESCRIPTION(('FreeCAD Model'),'2;1');
FILE_NAME('Open CASCADE Shape Model','2026-09-07T21:39:57',('Author'),(
    ''),'Open CASCADE STEP processor 7.8','FreeCAD','Unknown');
FILE_SCHEMA(('AUTOMOTIVE_DESIGN { 1 0 10303 214 1 1 1 1 }'));
ENDSEC;
DATA;
#1 = APPLICATION_PROTOCOL_DEFINITION('international standard',
  'automotive_design',2000,#2);
#2 = APPLICATION_CONTEXT(
  'core data for automotive mechanical design processes');
#3 = SHAPE_DEFINITION_REPRESENTATION(#4,#10);
#4 = PRODUCT_DEFINITION_SHAPE('','',#5);
#5 = PRODUCT_DEFINITION('design','',#6,#9);
#6 = PRODUCT_DEFINITION_FORMATION('','',#7);
#7 = PRODUCT('10 right fan tray (installed)',
  '10 right fan tray (installed)','',(#8));
#8 = PRODUCT_CONTEXT('',#2,'mechanical');
#9 = PRODUCT_DEFINITION_CONTEXT('part definition',#2,'design');
#10 = ADVANCED_BREP_SHAPE_REPRESENTATION('',(#11,#15),#7921);
#11 = AXIS2_PLACEMENT_3D('',#12,#13,#14);
#12 = CARTESIAN_POINT('',(0.,0.,0.));
#13 = DIRECTION('',(0.,0.,1.));
#14 = DIRECTION('',(1.,0.,-0.));
#15 = MANIFOLD_SOLID_BREP('',#16);
#16 = CLOSED_SHELL('',(#17,#57,#88,#212,#236,#253,#265,#458,#796,#982,
    #1030,#1354,#1644,#1968,#2009,#2040,#2064,#2088,#2105,#2136,#2167,
    #2184,#2225,#2249,#2392,#2416,#2447,#2464,#2481,#2498,#2531,#2555,
    #2613,#2635,#2652,#2669,#2686,#2703,#2715,#3454,#3540,#3564,#3629,
    #4350,#4367,#4419,#4441,#4458,#4475,#4492,#4509,#4521,#4543,#4560,
    #4577,#4594,#4611,#4623,#4645,#4662,#4679,#4696,#4713,#4725,#4747,
    #4764,#4781,#4798,#4815,#4827,#4849,#4866,#4883,#4900,#4917,#4929,
    #4953,#4984,#5001,#5018,#5035,#5068,#5092,#5244,#5268,#5298,#5315,
    #5348,#5365,#5387,#5404,#5421,#5438,#5455,#5467,#5519,#5531,#5548,
    #5572,#5590,#5621,#5644,#5668,#5685,#5709,#5727,#5758,#5781,#5805,
    #5822,#5846,#5864,#5895,#5918,#5942,#5959,#5983,#6001,#6018,#6030,
    #6054,#6077,#6089,#6120,#6143,#6167,#6184,#6208,#6226,#6257,#6280,
    #6304,#6321,#6345,#6363,#6394,#6417,#6441,#6458,#6482,#6500,#6517,
    #6569,#6581,#6618,#6629,#6646,#6663,#6675,#6692,#6709,#6726,#6743,
    #6755,#6767,#6784,#6801,#6813,#6830,#6847,#6859,#6881,#6898,#6915,
    #6927,#6949,#6966,#6983,#6995,#7007,#7024,#7041,#7053,#7070,#7087,
    #7099,#7121,#7138,#7155,#7167,#7189,#7206,#7223,#7235,#7257,#7274,
    #7291,#7303,#7325,#7342,#7359,#7371,#7393,#7410,#7427,#7439,#7456,
    #7473,#7485,#7502,#7519,#7531,#7553,#7570,#7587,#7599,#7621,#7638,
    #7655,#7667,#7689,#7706,#7723,#7735,#7752,#7769,#7781,#7798,#7815,
    #7827,#7844,#7881,#7898,#7910));
#17 = ADVANCED_FACE('',(#18),#52,.F.);
#18 = FACE_BOUND('',#19,.F.);
#19 = EDGE_LOOP('',(#20,#30,#38,#46));
#20 = ORIENTED_EDGE('',*,*,#21,.F.);
#21 = EDGE_CURVE('',#22,#24,#26,.T.);
#22 = VERTEX_POINT('',#23);
#23 = CARTESIAN_POINT('',(132.,116.14392129246,-40.51293295702));
#24 = VERTEX_POINT('',#25);
#25 = CARTESIAN_POINT('',(133.42857142857,117.55813485483,-41.9271465194
    ));
#26 = LINE('',#27,#28);
#27 = CARTESIAN_POINT('',(132.,116.14392129246,-40.51293295702));
#28 = VECTOR('',#29,1.);
#29 = DIRECTION('',(0.581238193719,0.575396455569,-0.575396455569));
#30 = ORIENTED_EDGE('',*,*,#31,.T.);
#31 = EDGE_CURVE('',#22,#32,#34,.T.);
#32 = VERTEX_POINT('',#33);
#33 = CARTESIAN_POINT('',(132.,26.694913472367,-129.9619407771));
#34 = LINE('',#35,#36);
#35 = CARTESIAN_POINT('',(132.,116.14392129246,-40.51293295702));
#36 = VECTOR('',#37,1.);
#37 = DIRECTION('',(0.,-0.707106781187,-0.707106781187));
#38 = ORIENTED_EDGE('',*,*,#39,.T.);
#39 = EDGE_CURVE('',#32,#40,#42,.T.);
#40 = VERTEX_POINT('',#41);
#41 = CARTESIAN_POINT('',(133.42857142857,28.10912703474,-131.3761543394
    ));
#42 = LINE('',#43,#44);
#43 = CARTESIAN_POINT('',(132.,26.694913472367,-129.9619407771));
#44 = VECTOR('',#45,1.);
#45 = DIRECTION('',(0.581238193719,0.575396455569,-0.575396455569));
#46 = ORIENTED_EDGE('',*,*,#47,.T.);
#47 = EDGE_CURVE('',#40,#24,#48,.T.);
#48 = LINE('',#49,#50);
#49 = CARTESIAN_POINT('',(133.42857142857,87.800576425721,
    -71.68470494851));
#50 = VECTOR('',#51,1.);
#51 = DIRECTION('',(-1.6E-16,0.707106781187,0.707106781187));
#52 = PLANE('',#53);
#53 = AXIS2_PLACEMENT_3D('',#54,#55,#56);
#54 = CARTESIAN_POINT('',(132.,116.14392129246,-40.51293295702));
#55 = DIRECTION('',(0.813733471207,-0.410997468263,0.410997468263));
#56 = DIRECTION('',(0.581238193719,0.575396455569,-0.575396455569));
#57 = ADVANCED_FACE('',(#58),#83,.T.);
#58 = FACE_BOUND('',#59,.T.);
#59 = EDGE_LOOP('',(#60,#68,#69,#77));
#60 = ORIENTED_EDGE('',*,*,#61,.T.);
#61 = EDGE_CURVE('',#62,#24,#64,.T.);
#62 = VERTEX_POINT('',#63);
#63 = CARTESIAN_POINT('',(136.57142857142,117.55813485483,-41.9271465194
    ));
#64 = LINE('',#65,#66);
#65 = CARTESIAN_POINT('',(102.67022613065,117.55813485483,-41.9271465194
    ));
#66 = VECTOR('',#67,1.);
#67 = DIRECTION('',(-1.,0.,0.));
#68 = ORIENTED_EDGE('',*,*,#21,.F.);
#69 = ORIENTED_EDGE('',*,*,#70,.F.);
#70 = EDGE_CURVE('',#71,#22,#73,.T.);
#71 = VERTEX_POINT('',#72);
#72 = CARTESIAN_POINT('',(138.,116.14392129246,-40.51293295702));
#73 = LINE('',#74,#75);
#74 = CARTESIAN_POINT('',(138.,116.14392129246,-40.51293295702));
#75 = VECTOR('',#76,1.);
#76 = DIRECTION('',(-1.,-0.,0.));
#77 = ORIENTED_EDGE('',*,*,#78,.F.);
#78 = EDGE_CURVE('',#62,#71,#79,.T.);
#79 = LINE('',#80,#81);
#80 = CARTESIAN_POINT('',(136.5,117.62884553295,-41.99785719751));
#81 = VECTOR('',#82,1.);
#82 = DIRECTION('',(0.581238193719,-0.575396455569,0.575396455569));
#83 = PLANE('',#84);
#84 = AXIS2_PLACEMENT_3D('',#85,#86,#87);
#85 = CARTESIAN_POINT('',(135.,116.72909761314,-41.0981092777));
#86 = DIRECTION('',(0.,0.707106781187,0.707106781187));
#87 = DIRECTION('',(0.,-0.707106781187,0.707106781187));
#88 = ADVANCED_FACE('',(#89,#155,#189),#207,.T.);
#89 = FACE_BOUND('',#90,.T.);
#90 = EDGE_LOOP('',(#91,#101,#109,#117,#125,#133,#141,#149));
#91 = ORIENTED_EDGE('',*,*,#92,.F.);
#92 = EDGE_CURVE('',#93,#95,#97,.T.);
#93 = VERTEX_POINT('',#94);
#94 = CARTESIAN_POINT('',(9.,117.69955621107,-41.78572516316));
#95 = VERTEX_POINT('',#96);
#96 = CARTESIAN_POINT('',(9.,28.10912703474,-131.3761543394));
#97 = LINE('',#98,#99);
#98 = CARTESIAN_POINT('',(9.,117.91168824543,-41.5735931288));
#99 = VECTOR('',#100,1.);
#100 = DIRECTION('',(0.,-0.707106781187,-0.707106781187));
#101 = ORIENTED_EDGE('',*,*,#102,.T.);
#102 = EDGE_CURVE('',#93,#103,#105,.T.);
#103 = VERTEX_POINT('',#104);
#104 = CARTESIAN_POINT('',(1.,117.69955621107,-41.78572516316));
#105 = LINE('',#106,#107);
#106 = CARTESIAN_POINT('',(70.420226130653,117.69955621107,
    -41.78572516316));
#107 = VECTOR('',#108,1.);
#108 = DIRECTION('',(-1.,0.,0.));
#109 = ORIENTED_EDGE('',*,*,#110,.T.);
#110 = EDGE_CURVE('',#103,#111,#113,.T.);
#111 = VERTEX_POINT('',#112);
#112 = CARTESIAN_POINT('',(1.,24.573593128807,-134.9116882454));
#113 = LINE('',#114,#115);
#114 = CARTESIAN_POINT('',(1.,117.91168824543,-41.5735931288));
#115 = VECTOR('',#116,1.);
#116 = DIRECTION('',(0.,-0.707106781187,-0.707106781187));
#117 = ORIENTED_EDGE('',*,*,#118,.T.);
#118 = EDGE_CURVE('',#111,#119,#121,.T.);
#119 = VERTEX_POINT('',#120);
#120 = CARTESIAN_POINT('',(140.,24.573593128807,-134.9116882454));
#121 = LINE('',#122,#123);
#122 = CARTESIAN_POINT('',(135.,24.573593128807,-134.9116882454));
#123 = VECTOR('',#124,1.);
#124 = DIRECTION('',(1.,0.,0.));
#125 = ORIENTED_EDGE('',*,*,#126,.T.);
#126 = EDGE_CURVE('',#119,#127,#129,.T.);
#127 = VERTEX_POINT('',#128);
#128 = CARTESIAN_POINT('',(140.,117.69955621107,-41.78572516316));
#129 = LINE('',#130,#131);
#130 = CARTESIAN_POINT('',(140.,24.573593128807,-134.9116882454));
#131 = VECTOR('',#132,1.);
#132 = DIRECTION('',(0.,0.707106781187,0.707106781187));
#133 = ORIENTED_EDGE('',*,*,#134,.T.);
#134 = EDGE_CURVE('',#127,#135,#137,.T.);
#135 = VERTEX_POINT('',#136);
#136 = CARTESIAN_POINT('',(131.,117.69955621107,-41.78572516316));
#137 = LINE('',#138,#139);
#138 = CARTESIAN_POINT('',(70.420226130653,117.69955621107,
    -41.78572516316));
#139 = VECTOR('',#140,1.);
#140 = DIRECTION('',(-1.,0.,0.));
#141 = ORIENTED_EDGE('',*,*,#142,.T.);
#142 = EDGE_CURVE('',#135,#143,#145,.T.);
#143 = VERTEX_POINT('',#144);
#144 = CARTESIAN_POINT('',(131.,28.10912703474,-131.3761543394));
#145 = LINE('',#146,#147);
#146 = CARTESIAN_POINT('',(131.,117.91168824543,-41.5735931288));
#147 = VECTOR('',#148,1.);
#148 = DIRECTION('',(0.,-0.707106781187,-0.707106781187));
#149 = ORIENTED_EDGE('',*,*,#150,.T.);
#150 = EDGE_CURVE('',#143,#95,#151,.T.);
#151 = LINE('',#152,#153);
#152 = CARTESIAN_POINT('',(140.,28.10912703474,-131.3761543394));
#153 = VECTOR('',#154,1.);
#154 = DIRECTION('',(-1.,0.,0.));
#155 = FACE_BOUND('',#156,.T.);
#156 = EDGE_LOOP('',(#157,#167,#175,#183));
#157 = ORIENTED_EDGE('',*,*,#158,.F.);
#158 = EDGE_CURVE('',#159,#161,#163,.T.);
#159 = VERTEX_POINT('',#160);
#160 = CARTESIAN_POINT('',(6.571428571429,117.55813485483,-41.9271465194
    ));
#161 = VERTEX_POINT('',#162);
#162 = CARTESIAN_POINT('',(3.428571428571,117.55813485483,-41.9271465194
    ));
#163 = LINE('',#164,#165);
#164 = CARTESIAN_POINT('',(37.670226130653,117.55813485483,
    -41.9271465194));
#165 = VECTOR('',#166,1.);
#166 = DIRECTION('',(-1.,0.,0.));
#167 = ORIENTED_EDGE('',*,*,#168,.T.);
#168 = EDGE_CURVE('',#159,#169,#171,.T.);
#169 = VERTEX_POINT('',#170);
#170 = CARTESIAN_POINT('',(6.571428571429,28.10912703474,-131.3761543394
    ));
#171 = LINE('',#172,#173);
#172 = CARTESIAN_POINT('',(6.571428571429,87.800576425721,
    -71.68470494851));
#173 = VECTOR('',#174,1.);
#174 = DIRECTION('',(-1.6E-16,-0.707106781187,-0.707106781187));
#175 = ORIENTED_EDGE('',*,*,#176,.T.);
#176 = EDGE_CURVE('',#169,#177,#179,.T.);
#177 = VERTEX_POINT('',#178);
#178 = CARTESIAN_POINT('',(3.428571428571,28.10912703474,-131.3761543394
    ));
#179 = LINE('',#180,#181);
#180 = CARTESIAN_POINT('',(37.670226130653,28.10912703474,
    -131.3761543394));
#181 = VECTOR('',#182,1.);
#182 = DIRECTION('',(-1.,0.,0.));
#183 = ORIENTED_EDGE('',*,*,#184,.T.);
#184 = EDGE_CURVE('',#177,#161,#185,.T.);
#185 = LINE('',#186,#187);
#186 = CARTESIAN_POINT('',(3.428571428571,87.800576425721,
    -71.68470494851));
#187 = VECTOR('',#188,1.);
#188 = DIRECTION('',(-1.6E-16,0.707106781187,0.707106781187));
#189 = FACE_BOUND('',#190,.T.);
#190 = EDGE_LOOP('',(#191,#192,#200,#206));
#191 = ORIENTED_EDGE('',*,*,#61,.F.);
#192 = ORIENTED_EDGE('',*,*,#193,.T.);
#193 = EDGE_CURVE('',#62,#194,#196,.T.);
#194 = VERTEX_POINT('',#195);
#195 = CARTESIAN_POINT('',(136.57142857142,28.10912703474,
    -131.3761543394));
#196 = LINE('',#197,#198);
#197 = CARTESIAN_POINT('',(136.57142857142,87.800576425721,
    -71.68470494851));
#198 = VECTOR('',#199,1.);
#199 = DIRECTION('',(-1.6E-16,-0.707106781187,-0.707106781187));
#200 = ORIENTED_EDGE('',*,*,#201,.T.);
#201 = EDGE_CURVE('',#194,#40,#202,.T.);
#202 = LINE('',#203,#204);
#203 = CARTESIAN_POINT('',(102.67022613065,28.10912703474,
    -131.3761543394));
#204 = VECTOR('',#205,1.);
#205 = DIRECTION('',(-1.,0.,0.));
#206 = ORIENTED_EDGE('',*,*,#47,.T.);
#207 = PLANE('',#208);
#208 = AXIS2_PLACEMENT_3D('',#209,#210,#211);
#209 = CARTESIAN_POINT('',(70.340452261307,58.043017996603,
    -101.4422633776));
#210 = DIRECTION('',(0.,-0.707106781187,0.707106781187));
#211 = DIRECTION('',(1.,0.,0.));
#212 = ADVANCED_FACE('',(#213),#231,.F.);
#213 = FACE_BOUND('',#214,.F.);
#214 = EDGE_LOOP('',(#215,#216,#217,#225));
#215 = ORIENTED_EDGE('',*,*,#201,.T.);
#216 = ORIENTED_EDGE('',*,*,#39,.F.);
#217 = ORIENTED_EDGE('',*,*,#218,.F.);
#218 = EDGE_CURVE('',#219,#32,#221,.T.);
#219 = VERTEX_POINT('',#220);
#220 = CARTESIAN_POINT('',(138.,26.694913472367,-129.9619407771));
#221 = LINE('',#222,#223);
#222 = CARTESIAN_POINT('',(138.,26.694913472367,-129.9619407771));
#223 = VECTOR('',#224,1.);
#224 = DIRECTION('',(-1.,-0.,0.));
#225 = ORIENTED_EDGE('',*,*,#226,.F.);
#226 = EDGE_CURVE('',#194,#219,#227,.T.);
#227 = LINE('',#228,#229);
#228 = CARTESIAN_POINT('',(136.5,28.179837712859,-131.4468650176));
#229 = VECTOR('',#230,1.);
#230 = DIRECTION('',(0.581238193719,-0.575396455569,0.575396455569));
#231 = PLANE('',#232);
#232 = AXIS2_PLACEMENT_3D('',#233,#234,#235);
#233 = CARTESIAN_POINT('',(135.,27.280089793047,-130.5471170978));
#234 = DIRECTION('',(0.,0.707106781187,0.707106781187));
#235 = DIRECTION('',(0.,-0.707106781187,0.707106781187));
#236 = ADVANCED_FACE('',(#237),#248,.F.);
#237 = FACE_BOUND('',#238,.F.);
#238 = EDGE_LOOP('',(#239,#245,#246,#247));
#239 = ORIENTED_EDGE('',*,*,#240,.T.);
#240 = EDGE_CURVE('',#71,#219,#241,.T.);
#241 = LINE('',#242,#243);
#242 = CARTESIAN_POINT('',(138.,116.14392129246,-40.51293295702));
#243 = VECTOR('',#244,1.);
#244 = DIRECTION('',(0.,-0.707106781187,-0.707106781187));
#245 = ORIENTED_EDGE('',*,*,#218,.T.);
#246 = ORIENTED_EDGE('',*,*,#31,.F.);
#247 = ORIENTED_EDGE('',*,*,#70,.F.);
#248 = PLANE('',#249);
#249 = AXIS2_PLACEMENT_3D('',#250,#251,#252);
#250 = CARTESIAN_POINT('',(138.,116.14392129246,-40.51293295702));
#251 = DIRECTION('',(0.,0.707106781187,-0.707106781187));
#252 = DIRECTION('',(-1.,-0.,0.));
#253 = ADVANCED_FACE('',(#254),#260,.F.);
#254 = FACE_BOUND('',#255,.F.);
#255 = EDGE_LOOP('',(#256,#257,#258,#259));
#256 = ORIENTED_EDGE('',*,*,#78,.F.);
#257 = ORIENTED_EDGE('',*,*,#193,.T.);
#258 = ORIENTED_EDGE('',*,*,#226,.T.);
#259 = ORIENTED_EDGE('',*,*,#240,.F.);
#260 = PLANE('',#261);
#261 = AXIS2_PLACEMENT_3D('',#262,#263,#264);
#262 = CARTESIAN_POINT('',(136.5,117.62884553295,-41.99785719751));
#263 = DIRECTION('',(-0.813733471207,-0.410997468263,0.410997468263));
#264 = DIRECTION('',(0.581238193719,-0.575396455569,0.575396455569));
#265 = ADVANCED_FACE('',(#266,#403),#453,.T.);
#266 = FACE_BOUND('',#267,.T.);
#267 = EDGE_LOOP('',(#268,#278,#286,#292,#293,#301,#309,#317,#325,#333,
    #341,#349,#357,#365,#373,#381,#389,#397));
#268 = ORIENTED_EDGE('',*,*,#269,.F.);
#269 = EDGE_CURVE('',#270,#272,#274,.T.);
#270 = VERTEX_POINT('',#271);
#271 = CARTESIAN_POINT('',(9.,120.03300858899,-80.46446609406));
#272 = VERTEX_POINT('',#273);
#273 = CARTESIAN_POINT('',(9.,117.91168824543,-78.3431457505));
#274 = LINE('',#275,#276);
#275 = CARTESIAN_POINT('',(9.,120.03300858899,-80.46446609406));
#276 = VECTOR('',#277,1.);
#277 = DIRECTION('',(0.,-0.707106781187,0.707106781187));
#278 = ORIENTED_EDGE('',*,*,#279,.T.);
#279 = EDGE_CURVE('',#270,#280,#282,.T.);
#280 = VERTEX_POINT('',#281);
#281 = CARTESIAN_POINT('',(9.,138.20565286548,-62.29182181757));
#282 = LINE('',#283,#284);
#283 = CARTESIAN_POINT('',(9.,120.03300858899,-80.46446609406));
#284 = VECTOR('',#285,1.);
#285 = DIRECTION('',(0.,0.707106781187,0.707106781187));
#286 = ORIENTED_EDGE('',*,*,#287,.T.);
#287 = EDGE_CURVE('',#280,#93,#288,.T.);
#288 = LINE('',#289,#290);
#289 = CARTESIAN_POINT('',(9.,124.59384732764,-48.68001627973));
#290 = VECTOR('',#291,1.);
#291 = DIRECTION('',(0.,-0.707106781187,0.707106781187));
#292 = ORIENTED_EDGE('',*,*,#92,.T.);
#293 = ORIENTED_EDGE('',*,*,#294,.F.);
#294 = EDGE_CURVE('',#295,#95,#297,.T.);
#295 = VERTEX_POINT('',#296);
#296 = CARTESIAN_POINT('',(9.,48.61522368915,-151.8822509939));
#297 = LINE('',#298,#299);
#298 = CARTESIAN_POINT('',(9.,48.61522368915,-151.8822509939));
#299 = VECTOR('',#300,1.);
#300 = DIRECTION('',(0.,-0.707106781187,0.707106781187));
#301 = ORIENTED_EDGE('',*,*,#302,.T.);
#302 = EDGE_CURVE('',#295,#303,#305,.T.);
#303 = VERTEX_POINT('',#304);
#304 = CARTESIAN_POINT('',(9.,63.464466094067,-137.0330085889));
#305 = LINE('',#306,#307);
#306 = CARTESIAN_POINT('',(9.,48.61522368915,-151.8822509939));
#307 = VECTOR('',#308,1.);
#308 = DIRECTION('',(0.,0.707106781187,0.707106781187));
#309 = ORIENTED_EDGE('',*,*,#310,.T.);
#310 = EDGE_CURVE('',#303,#311,#313,.T.);
#311 = VERTEX_POINT('',#312);
#312 = CARTESIAN_POINT('',(9.,61.343145750508,-134.9116882454));
#313 = LINE('',#314,#315);
#314 = CARTESIAN_POINT('',(9.,63.464466094067,-137.0330085889));
#315 = VECTOR('',#316,1.);
#316 = DIRECTION('',(0.,-0.707106781187,0.707106781187));
#317 = ORIENTED_EDGE('',*,*,#318,.T.);
#318 = EDGE_CURVE('',#311,#319,#321,.T.);
#319 = VERTEX_POINT('',#320);
#320 = CARTESIAN_POINT('',(9.,51.443650813896,-144.811183182));
#321 = LINE('',#322,#323);
#322 = CARTESIAN_POINT('',(9.,71.301566252218,-124.9532677437));
#323 = VECTOR('',#324,1.);
#324 = DIRECTION('',(0.,-0.707106781187,-0.707106781187));
#325 = ORIENTED_EDGE('',*,*,#326,.T.);
#326 = EDGE_CURVE('',#319,#327,#329,.T.);
#327 = VERTEX_POINT('',#328);
#328 = CARTESIAN_POINT('',(9.,42.958369439657,-136.3259018078));
#329 = LINE('',#330,#331);
#330 = CARTESIAN_POINT('',(9.,41.367379181988,-134.7349115501));
#331 = VECTOR('',#332,1.);
#332 = DIRECTION('',(0.,-0.707106781187,0.707106781187));
#333 = ORIENTED_EDGE('',*,*,#334,.T.);
#334 = EDGE_CURVE('',#327,#335,#337,.T.);
#335 = VERTEX_POINT('',#336);
#336 = CARTESIAN_POINT('',(9.,42.958369439657,-127.8406204335));
#337 = LINE('',#338,#339);
#338 = CARTESIAN_POINT('',(9.,42.958369439657,-110.6343554246));
#339 = VECTOR('',#340,1.);
#340 = DIRECTION('',(0.,-8.326672684689E-16,1.));
#341 = ORIENTED_EDGE('',*,*,#342,.T.);
#342 = EDGE_CURVE('',#335,#343,#345,.T.);
#343 = VERTEX_POINT('',#344);
#344 = CARTESIAN_POINT('',(9.,45.786796564404,-125.0121933088));
#345 = LINE('',#346,#347);
#346 = CARTESIAN_POINT('',(9.,62.109178096793,-108.6898117764));
#347 = VECTOR('',#348,1.);
#348 = DIRECTION('',(0.,0.707106781187,0.707106781187));
#349 = ORIENTED_EDGE('',*,*,#350,.T.);
#350 = EDGE_CURVE('',#343,#351,#353,.T.);
#351 = VERTEX_POINT('',#352);
#352 = CARTESIAN_POINT('',(9.,51.443650813896,-125.0121933088));
#353 = LINE('',#354,#355);
#354 = CARTESIAN_POINT('',(9.,66.882148869802,-125.0121933088));
#355 = VECTOR('',#356,1.);
#356 = DIRECTION('',(0.,1.,8.326672684689E-16));
#357 = ORIENTED_EDGE('',*,*,#358,.T.);
#358 = EDGE_CURVE('',#351,#359,#361,.T.);
#359 = VERTEX_POINT('',#360);
#360 = CARTESIAN_POINT('',(9.,46.49390334559,-120.0624458405));
#361 = LINE('',#362,#363);
#362 = CARTESIAN_POINT('',(9.,63.464466094067,-137.0330085889));
#363 = VECTOR('',#364,1.);
#364 = DIRECTION('',(0.,-0.707106781187,0.707106781187));
#365 = ORIENTED_EDGE('',*,*,#366,.F.);
#366 = EDGE_CURVE('',#367,#359,#369,.T.);
#367 = VERTEX_POINT('',#368);
#368 = CARTESIAN_POINT('',(9.,103.06244584051,-63.49390334559));
#369 = LINE('',#370,#371);
#370 = CARTESIAN_POINT('',(9.,121.44722215136,-45.10912703474));
#371 = VECTOR('',#372,1.);
#372 = DIRECTION('',(0.,-0.707106781187,-0.707106781187));
#373 = ORIENTED_EDGE('',*,*,#374,.F.);
#374 = EDGE_CURVE('',#375,#367,#377,.T.);
#375 = VERTEX_POINT('',#376);
#376 = CARTESIAN_POINT('',(9.,108.01219330882,-68.44365081389));
#377 = LINE('',#378,#379);
#378 = CARTESIAN_POINT('',(9.,120.03300858899,-80.46446609406));
#379 = VECTOR('',#380,1.);
#380 = DIRECTION('',(0.,-0.707106781187,0.707106781187));
#381 = ORIENTED_EDGE('',*,*,#382,.T.);
#382 = EDGE_CURVE('',#375,#383,#385,.T.);
#383 = VERTEX_POINT('',#384);
#384 = CARTESIAN_POINT('',(9.,110.84062043356,-68.44365081389));
#385 = LINE('',#386,#387);
#386 = CARTESIAN_POINT('',(9.,95.166420117264,-68.44365081389));
#387 = VECTOR('',#388,1.);
#388 = DIRECTION('',(0.,1.,8.326672684689E-16));
#389 = ORIENTED_EDGE('',*,*,#390,.T.);
#390 = EDGE_CURVE('',#383,#391,#393,.T.);
#391 = VERTEX_POINT('',#392);
#392 = CARTESIAN_POINT('',(9.,119.3259018078,-76.92893218813));
#393 = LINE('',#394,#395);
#394 = CARTESIAN_POINT('',(9.,113.49227086301,-71.09530124334));
#395 = VECTOR('',#396,1.);
#396 = DIRECTION('',(0.,0.707106781187,-0.707106781187));
#397 = ORIENTED_EDGE('',*,*,#398,.T.);
#398 = EDGE_CURVE('',#391,#272,#399,.T.);
#399 = LINE('',#400,#401);
#400 = CARTESIAN_POINT('',(9.,99.58583749968,-96.66899649625));
#401 = VECTOR('',#402,1.);
#402 = DIRECTION('',(0.,-0.707106781187,-0.707106781187));
#403 = FACE_BOUND('',#404,.T.);
#404 = EDGE_LOOP('',(#405,#415,#423,#431,#439,#447));
#405 = ORIENTED_EDGE('',*,*,#406,.T.);
#406 = EDGE_CURVE('',#407,#409,#411,.T.);
#407 = VERTEX_POINT('',#408);
#408 = CARTESIAN_POINT('',(9.,124.98275605729,-54.30151519016));
#409 = VERTEX_POINT('',#410);
#410 = CARTESIAN_POINT('',(9.,133.46803743153,-62.7867965644));
#411 = LINE('',#412,#413);
#412 = CARTESIAN_POINT('',(9.,127.63440648674,-56.95316561961));
#413 = VECTOR('',#414,1.);
#414 = DIRECTION('',(0.,0.707106781187,-0.707106781187));
#415 = ORIENTED_EDGE('',*,*,#416,.T.);
#416 = EDGE_CURVE('',#409,#417,#419,.T.);
#417 = VERTEX_POINT('',#418);
#418 = CARTESIAN_POINT('',(9.,122.15432893255,-74.10050506338));
#419 = LINE('',#420,#421);
#420 = CARTESIAN_POINT('',(9.,106.65690531154,-89.59792868439));
#421 = VECTOR('',#422,1.);
#422 = DIRECTION('',(0.,-0.707106781187,-0.707106781187));
#423 = ORIENTED_EDGE('',*,*,#424,.T.);
#424 = EDGE_CURVE('',#417,#425,#427,.T.);
#425 = VERTEX_POINT('',#426);
#426 = CARTESIAN_POINT('',(9.,113.66904755831,-65.61522368915));
#427 = LINE('',#428,#429);
#428 = CARTESIAN_POINT('',(9.,112.07805730064,-64.02423343148));
#429 = VECTOR('',#430,1.);
#430 = DIRECTION('',(0.,-0.707106781187,0.707106781187));
#431 = ORIENTED_EDGE('',*,*,#432,.T.);
#432 = EDGE_CURVE('',#425,#433,#435,.T.);
#433 = VERTEX_POINT('',#434);
#434 = CARTESIAN_POINT('',(9.,113.66904755831,-57.12994231491));
#435 = LINE('',#436,#437);
#436 = CARTESIAN_POINT('',(9.,113.66904755831,-75.27901636536));
#437 = VECTOR('',#438,1.);
#438 = DIRECTION('',(0.,-8.326672684689E-16,1.));
#439 = ORIENTED_EDGE('',*,*,#440,.T.);
#440 = EDGE_CURVE('',#433,#441,#443,.T.);
#441 = VERTEX_POINT('',#442);
#442 = CARTESIAN_POINT('',(9.,116.49747468305,-54.30151519016));
#443 = LINE('',#444,#445);
#444 = CARTESIAN_POINT('',(9.,97.46451715612,-73.3344727171));
#445 = VECTOR('',#446,1.);
#446 = DIRECTION('',(0.,0.707106781187,0.707106781187));
#447 = ORIENTED_EDGE('',*,*,#448,.T.);
#448 = EDGE_CURVE('',#441,#407,#449,.T.);
#449 = LINE('',#450,#451);
#450 = CARTESIAN_POINT('',(9.,102.23748792913,-54.30151519016));
#451 = VECTOR('',#452,1.);
#452 = DIRECTION('',(0.,1.,8.326672684689E-16));
#453 = PLANE('',#454);
#454 = AXIS2_PLACEMENT_3D('',#455,#456,#457);
#455 = CARTESIAN_POINT('',(9.,79.492219800962,-93.42809041582));
#456 = DIRECTION('',(1.,0.,0.));
#457 = DIRECTION('',(0.,-0.707106781187,0.707106781187));
#458 = ADVANCED_FACE('',(#459,#541,#591,#641,#691,#741),#791,.F.);
#459 = FACE_BOUND('',#460,.F.);
#460 = EDGE_LOOP('',(#461,#471,#479,#487,#493,#494,#495,#503,#511,#519,
    #527,#535));
#461 = ORIENTED_EDGE('',*,*,#462,.F.);
#462 = EDGE_CURVE('',#463,#465,#467,.T.);
#463 = VERTEX_POINT('',#464);
#464 = CARTESIAN_POINT('',(121.,53.564971157456,-156.8319984622));
#465 = VERTEX_POINT('',#466);
#466 = CARTESIAN_POINT('',(71.4,53.564971157456,-156.8319984622));
#467 = LINE('',#468,#469);
#468 = CARTESIAN_POINT('',(140.,53.564971157456,-156.8319984622));
#469 = VECTOR('',#470,1.);
#470 = DIRECTION('',(-1.,0.,0.));
#471 = ORIENTED_EDGE('',*,*,#472,.T.);
#472 = EDGE_CURVE('',#463,#473,#475,.T.);
#473 = VERTEX_POINT('',#474);
#474 = CARTESIAN_POINT('',(121.,48.61522368915,-151.8822509939));
#475 = LINE('',#476,#477);
#476 = CARTESIAN_POINT('',(121.,53.564971157456,-156.8319984622));
#477 = VECTOR('',#478,1.);
#478 = DIRECTION('',(0.,-0.707106781187,0.707106781187));
#479 = ORIENTED_EDGE('',*,*,#480,.F.);
#480 = EDGE_CURVE('',#481,#473,#483,.T.);
#481 = VERTEX_POINT('',#482);
#482 = CARTESIAN_POINT('',(131.,48.61522368915,-151.8822509939));
#483 = LINE('',#484,#485);
#484 = CARTESIAN_POINT('',(135.25,48.61522368915,-151.8822509939));
#485 = VECTOR('',#486,1.);
#486 = DIRECTION('',(-1.,0.,0.));
#487 = ORIENTED_EDGE('',*,*,#488,.F.);
#488 = EDGE_CURVE('',#143,#481,#489,.T.);
#489 = LINE('',#490,#491);
#490 = CARTESIAN_POINT('',(131.,42.604816049064,-145.8718433538));
#491 = VECTOR('',#492,1.);
#492 = DIRECTION('',(0.,0.707106781187,-0.707106781187));
#493 = ORIENTED_EDGE('',*,*,#150,.T.);
#494 = ORIENTED_EDGE('',*,*,#294,.F.);
#495 = ORIENTED_EDGE('',*,*,#496,.F.);
#496 = EDGE_CURVE('',#497,#295,#499,.T.);
#497 = VERTEX_POINT('',#498);
#498 = CARTESIAN_POINT('',(19.,48.61522368915,-151.8822509939));
#499 = LINE('',#500,#501);
#500 = CARTESIAN_POINT('',(75.,48.61522368915,-151.8822509939));
#501 = VECTOR('',#502,1.);
#502 = DIRECTION('',(-1.,0.,0.));
#503 = ORIENTED_EDGE('',*,*,#504,.T.);
#504 = EDGE_CURVE('',#497,#505,#507,.T.);
#505 = VERTEX_POINT('',#506);
#506 = CARTESIAN_POINT('',(19.,53.564971157456,-156.8319984622));
#507 = LINE('',#508,#509);
#508 = CARTESIAN_POINT('',(19.,53.564971157456,-156.8319984622));
#509 = VECTOR('',#510,1.);
#510 = DIRECTION('',(-0.,0.707106781187,-0.707106781187));
#511 = ORIENTED_EDGE('',*,*,#512,.F.);
#512 = EDGE_CURVE('',#513,#505,#515,.T.);
#513 = VERTEX_POINT('',#514);
#514 = CARTESIAN_POINT('',(69.,53.564971157456,-156.8319984622));
#515 = LINE('',#516,#517);
#516 = CARTESIAN_POINT('',(140.,53.564971157456,-156.8319984622));
#517 = VECTOR('',#518,1.);
#518 = DIRECTION('',(-1.,0.,0.));
#519 = ORIENTED_EDGE('',*,*,#520,.T.);
#520 = EDGE_CURVE('',#513,#521,#523,.T.);
#521 = VERTEX_POINT('',#522);
#522 = CARTESIAN_POINT('',(69.,51.443650813896,-154.7106781186));
#523 = LINE('',#524,#525);
#524 = CARTESIAN_POINT('',(69.,53.564971157456,-156.8319984622));
#525 = VECTOR('',#526,1.);
#526 = DIRECTION('',(0.,-0.707106781187,0.707106781187));
#527 = ORIENTED_EDGE('',*,*,#528,.F.);
#528 = EDGE_CURVE('',#529,#521,#531,.T.);
#529 = VERTEX_POINT('',#530);
#530 = CARTESIAN_POINT('',(71.4,51.443650813896,-154.7106781186));
#531 = LINE('',#532,#533);
#532 = CARTESIAN_POINT('',(105.1,51.443650813896,-154.7106781186));
#533 = VECTOR('',#534,1.);
#534 = DIRECTION('',(-1.,0.,0.));
#535 = ORIENTED_EDGE('',*,*,#536,.T.);
#536 = EDGE_CURVE('',#529,#465,#537,.T.);
#537 = LINE('',#538,#539);
#538 = CARTESIAN_POINT('',(71.4,53.564971157456,-156.8319984622));
#539 = VECTOR('',#540,1.);
#540 = DIRECTION('',(-0.,0.707106781187,-0.707106781187));
#541 = FACE_BOUND('',#542,.F.);
#542 = EDGE_LOOP('',(#543,#553,#561,#569,#577,#585));
#543 = ORIENTED_EDGE('',*,*,#544,.T.);
#544 = EDGE_CURVE('',#545,#547,#549,.T.);
#545 = VERTEX_POINT('',#546);
#546 = CARTESIAN_POINT('',(126.,38.008621971352,-141.2756492761));
#547 = VERTEX_POINT('',#548);
#548 = CARTESIAN_POINT('',(126.,46.49390334559,-149.7609306503));
#549 = LINE('',#550,#551);
#550 = CARTESIAN_POINT('',(126.,50.029437251523,-153.2964645562));
#551 = VECTOR('',#552,1.);
#552 = DIRECTION('',(-0.,0.707106781187,-0.707106781187));
#553 = ORIENTED_EDGE('',*,*,#554,.T.);
#554 = EDGE_CURVE('',#547,#555,#557,.T.);
#555 = VERTEX_POINT('',#556);
#556 = CARTESIAN_POINT('',(110.,46.49390334559,-149.7609306503));
#557 = LINE('',#558,#559);
#558 = CARTESIAN_POINT('',(125.,46.49390334559,-149.7609306503));
#559 = VECTOR('',#560,1.);
#560 = DIRECTION('',(-1.,0.,0.));
#561 = ORIENTED_EDGE('',*,*,#562,.T.);
#562 = EDGE_CURVE('',#555,#563,#565,.T.);
#563 = VERTEX_POINT('',#564);
#564 = CARTESIAN_POINT('',(110.,38.008621971352,-141.2756492761));
#565 = LINE('',#566,#567);
#566 = CARTESIAN_POINT('',(110.,45.786796564404,-149.0538238691));
#567 = VECTOR('',#568,1.);
#568 = DIRECTION('',(0.,-0.707106781187,0.707106781187));
#569 = ORIENTED_EDGE('',*,*,#570,.T.);
#570 = EDGE_CURVE('',#563,#571,#573,.T.);
#571 = VERTEX_POINT('',#572);
#572 = CARTESIAN_POINT('',(116.,33.765981284232,-137.0330085889));
#573 = LINE('',#574,#575);
#574 = CARTESIAN_POINT('',(115.,34.473088065419,-137.7401153701));
#575 = VECTOR('',#576,1.);
#576 = DIRECTION('',(0.707106781187,-0.5,0.5));
#577 = ORIENTED_EDGE('',*,*,#578,.T.);
#578 = EDGE_CURVE('',#571,#579,#581,.T.);
#579 = VERTEX_POINT('',#580);
#580 = CARTESIAN_POINT('',(120.,33.765981284232,-137.0330085889));
#581 = LINE('',#582,#583);
#582 = CARTESIAN_POINT('',(130.,33.765981284232,-137.0330085889));
#583 = VECTOR('',#584,1.);
#584 = DIRECTION('',(1.,0.,0.));
#585 = ORIENTED_EDGE('',*,*,#586,.T.);
#586 = EDGE_CURVE('',#579,#545,#587,.T.);
#587 = LINE('',#588,#589);
#588 = CARTESIAN_POINT('',(135.,44.372583002031,-147.6396103067));
#589 = VECTOR('',#590,1.);
#590 = DIRECTION('',(0.707106781187,0.5,-0.5));
#591 = FACE_BOUND('',#592,.F.);
#592 = EDGE_LOOP('',(#593,#603,#611,#619,#627,#635));
#593 = ORIENTED_EDGE('',*,*,#594,.T.);
#594 = EDGE_CURVE('',#595,#597,#599,.T.);
#595 = VERTEX_POINT('',#596);
#596 = CARTESIAN_POINT('',(104.,38.008621971352,-141.2756492761));
#597 = VERTEX_POINT('',#598);
#598 = CARTESIAN_POINT('',(104.,46.49390334559,-149.7609306503));
#599 = LINE('',#600,#601);
#600 = CARTESIAN_POINT('',(104.,50.029437251523,-153.2964645562));
#601 = VECTOR('',#602,1.);
#602 = DIRECTION('',(-0.,0.707106781187,-0.707106781187));
#603 = ORIENTED_EDGE('',*,*,#604,.T.);
#604 = EDGE_CURVE('',#597,#605,#607,.T.);
#605 = VERTEX_POINT('',#606);
#606 = CARTESIAN_POINT('',(88.,46.49390334559,-149.7609306503));
#607 = LINE('',#608,#609);
#608 = CARTESIAN_POINT('',(114.,46.49390334559,-149.7609306503));
#609 = VECTOR('',#610,1.);
#610 = DIRECTION('',(-1.,0.,0.));
#611 = ORIENTED_EDGE('',*,*,#612,.T.);
#612 = EDGE_CURVE('',#605,#613,#615,.T.);
#613 = VERTEX_POINT('',#614);
#614 = CARTESIAN_POINT('',(88.,38.008621971352,-141.2756492761));
#615 = LINE('',#616,#617);
#616 = CARTESIAN_POINT('',(88.,45.786796564404,-149.0538238691));
#617 = VECTOR('',#618,1.);
#618 = DIRECTION('',(0.,-0.707106781187,0.707106781187));
#619 = ORIENTED_EDGE('',*,*,#620,.T.);
#620 = EDGE_CURVE('',#613,#621,#623,.T.);
#621 = VERTEX_POINT('',#622);
#622 = CARTESIAN_POINT('',(94.,33.765981284232,-137.0330085889));
#623 = LINE('',#624,#625);
#624 = CARTESIAN_POINT('',(98.5,30.584000768893,-133.8510280736));
#625 = VECTOR('',#626,1.);
#626 = DIRECTION('',(0.707106781187,-0.5,0.5));
#627 = ORIENTED_EDGE('',*,*,#628,.T.);
#628 = EDGE_CURVE('',#621,#629,#631,.T.);
#629 = VERTEX_POINT('',#630);
#630 = CARTESIAN_POINT('',(98.,33.765981284232,-137.0330085889));
#631 = LINE('',#632,#633);
#632 = CARTESIAN_POINT('',(119.,33.765981284232,-137.0330085889));
#633 = VECTOR('',#634,1.);
#634 = DIRECTION('',(1.,0.,0.));
#635 = ORIENTED_EDGE('',*,*,#636,.T.);
#636 = EDGE_CURVE('',#629,#595,#637,.T.);
#637 = LINE('',#638,#639);
#638 = CARTESIAN_POINT('',(118.5,48.261670298557,-151.5286976033));
#639 = VECTOR('',#640,1.);
#640 = DIRECTION('',(0.707106781187,0.5,-0.5));
#641 = FACE_BOUND('',#642,.F.);
#642 = EDGE_LOOP('',(#643,#653,#661,#669,#677,#685));
#643 = ORIENTED_EDGE('',*,*,#644,.T.);
#644 = EDGE_CURVE('',#645,#647,#649,.T.);
#645 = VERTEX_POINT('',#646);
#646 = CARTESIAN_POINT('',(82.,38.008621971352,-141.2756492761));
#647 = VERTEX_POINT('',#648);
#648 = CARTESIAN_POINT('',(82.,46.49390334559,-149.7609306503));
#649 = LINE('',#650,#651);
#650 = CARTESIAN_POINT('',(82.,50.029437251523,-153.2964645562));
#651 = VECTOR('',#652,1.);
#652 = DIRECTION('',(-0.,0.707106781187,-0.707106781187));
#653 = ORIENTED_EDGE('',*,*,#654,.T.);
#654 = EDGE_CURVE('',#647,#655,#657,.T.);
#655 = VERTEX_POINT('',#656);
#656 = CARTESIAN_POINT('',(66.,46.49390334559,-149.7609306503));
#657 = LINE('',#658,#659);
#658 = CARTESIAN_POINT('',(103.,46.49390334559,-149.7609306503));
#659 = VECTOR('',#660,1.);
#660 = DIRECTION('',(-1.,0.,0.));
#661 = ORIENTED_EDGE('',*,*,#662,.T.);
#662 = EDGE_CURVE('',#655,#663,#665,.T.);
#663 = VERTEX_POINT('',#664);
#664 = CARTESIAN_POINT('',(66.,38.008621971352,-141.2756492761));
#665 = LINE('',#666,#667);
#666 = CARTESIAN_POINT('',(66.,45.786796564404,-149.0538238691));
#667 = VECTOR('',#668,1.);
#668 = DIRECTION('',(0.,-0.707106781187,0.707106781187));
#669 = ORIENTED_EDGE('',*,*,#670,.T.);
#670 = EDGE_CURVE('',#663,#671,#673,.T.);
#671 = VERTEX_POINT('',#672);
#672 = CARTESIAN_POINT('',(72.,33.765981284232,-137.0330085889));
#673 = LINE('',#674,#675);
#674 = CARTESIAN_POINT('',(82.,26.694913472367,-129.9619407771));
#675 = VECTOR('',#676,1.);
#676 = DIRECTION('',(0.707106781187,-0.5,0.5));
#677 = ORIENTED_EDGE('',*,*,#678,.T.);
#678 = EDGE_CURVE('',#671,#679,#681,.T.);
#679 = VERTEX_POINT('',#680);
#680 = CARTESIAN_POINT('',(76.,33.765981284232,-137.0330085889));
#681 = LINE('',#682,#683);
#682 = CARTESIAN_POINT('',(108.,33.765981284232,-137.0330085889));
#683 = VECTOR('',#684,1.);
#684 = DIRECTION('',(1.,0.,0.));
#685 = ORIENTED_EDGE('',*,*,#686,.T.);
#686 = EDGE_CURVE('',#679,#645,#687,.T.);
#687 = LINE('',#688,#689);
#688 = CARTESIAN_POINT('',(102.,52.150757595083,-155.4177848998));
#689 = VECTOR('',#690,1.);
#690 = DIRECTION('',(0.707106781187,0.5,-0.5));
#691 = FACE_BOUND('',#692,.F.);
#692 = EDGE_LOOP('',(#693,#703,#711,#719,#727,#735));
#693 = ORIENTED_EDGE('',*,*,#694,.T.);
#694 = EDGE_CURVE('',#695,#697,#699,.T.);
#695 = VERTEX_POINT('',#696);
#696 = CARTESIAN_POINT('',(60.,38.008621971352,-141.2756492761));
#697 = VERTEX_POINT('',#698);
#698 = CARTESIAN_POINT('',(60.,46.49390334559,-149.7609306503));
#699 = LINE('',#700,#701);
#700 = CARTESIAN_POINT('',(60.,50.029437251523,-153.2964645562));
#701 = VECTOR('',#702,1.);
#702 = DIRECTION('',(-0.,0.707106781187,-0.707106781187));
#703 = ORIENTED_EDGE('',*,*,#704,.T.);
#704 = EDGE_CURVE('',#697,#705,#707,.T.);
#705 = VERTEX_POINT('',#706);
#706 = CARTESIAN_POINT('',(44.,46.49390334559,-149.7609306503));
#707 = LINE('',#708,#709);
#708 = CARTESIAN_POINT('',(92.,46.49390334559,-149.7609306503));
#709 = VECTOR('',#710,1.);
#710 = DIRECTION('',(-1.,0.,0.));
#711 = ORIENTED_EDGE('',*,*,#712,.T.);
#712 = EDGE_CURVE('',#705,#713,#715,.T.);
#713 = VERTEX_POINT('',#714);
#714 = CARTESIAN_POINT('',(44.,38.008621971352,-141.2756492761));
#715 = LINE('',#716,#717);
#716 = CARTESIAN_POINT('',(44.,45.786796564404,-149.0538238691));
#717 = VECTOR('',#718,1.);
#718 = DIRECTION('',(0.,-0.707106781187,0.707106781187));
#719 = ORIENTED_EDGE('',*,*,#720,.T.);
#720 = EDGE_CURVE('',#713,#721,#723,.T.);
#721 = VERTEX_POINT('',#722);
#722 = CARTESIAN_POINT('',(50.,33.765981284232,-137.0330085889));
#723 = LINE('',#724,#725);
#724 = CARTESIAN_POINT('',(65.5,22.805826175841,-126.0728534806));
#725 = VECTOR('',#726,1.);
#726 = DIRECTION('',(0.707106781187,-0.5,0.5));
#727 = ORIENTED_EDGE('',*,*,#728,.T.);
#728 = EDGE_CURVE('',#721,#729,#731,.T.);
#729 = VERTEX_POINT('',#730);
#730 = CARTESIAN_POINT('',(54.,33.765981284232,-137.0330085889));
#731 = LINE('',#732,#733);
#732 = CARTESIAN_POINT('',(97.,33.765981284232,-137.0330085889));
#733 = VECTOR('',#734,1.);
#734 = DIRECTION('',(1.,0.,0.));
#735 = ORIENTED_EDGE('',*,*,#736,.T.);
#736 = EDGE_CURVE('',#729,#695,#737,.T.);
#737 = LINE('',#738,#739);
#738 = CARTESIAN_POINT('',(85.5,56.039844891609,-159.3068721963));
#739 = VECTOR('',#740,1.);
#740 = DIRECTION('',(0.707106781187,0.5,-0.5));
#741 = FACE_BOUND('',#742,.F.);
#742 = EDGE_LOOP('',(#743,#753,#761,#769,#777,#785));
#743 = ORIENTED_EDGE('',*,*,#744,.T.);
#744 = EDGE_CURVE('',#745,#747,#749,.T.);
#745 = VERTEX_POINT('',#746);
#746 = CARTESIAN_POINT('',(38.,38.008621971352,-141.2756492761));
#747 = VERTEX_POINT('',#748);
#748 = CARTESIAN_POINT('',(38.,46.49390334559,-149.7609306503));
#749 = LINE('',#750,#751);
#750 = CARTESIAN_POINT('',(38.,50.029437251523,-153.2964645562));
#751 = VECTOR('',#752,1.);
#752 = DIRECTION('',(-0.,0.707106781187,-0.707106781187));
#753 = ORIENTED_EDGE('',*,*,#754,.T.);
#754 = EDGE_CURVE('',#747,#755,#757,.T.);
#755 = VERTEX_POINT('',#756);
#756 = CARTESIAN_POINT('',(22.,46.49390334559,-149.7609306503));
#757 = LINE('',#758,#759);
#758 = CARTESIAN_POINT('',(81.,46.49390334559,-149.7609306503));
#759 = VECTOR('',#760,1.);
#760 = DIRECTION('',(-1.,0.,0.));
#761 = ORIENTED_EDGE('',*,*,#762,.T.);
#762 = EDGE_CURVE('',#755,#763,#765,.T.);
#763 = VERTEX_POINT('',#764);
#764 = CARTESIAN_POINT('',(22.,38.008621971352,-141.2756492761));
#765 = LINE('',#766,#767);
#766 = CARTESIAN_POINT('',(22.,45.786796564404,-149.0538238691));
#767 = VECTOR('',#768,1.);
#768 = DIRECTION('',(0.,-0.707106781187,0.707106781187));
#769 = ORIENTED_EDGE('',*,*,#770,.T.);
#770 = EDGE_CURVE('',#763,#771,#773,.T.);
#771 = VERTEX_POINT('',#772);
#772 = CARTESIAN_POINT('',(28.,33.765981284232,-137.0330085889));
#773 = LINE('',#774,#775);
#774 = CARTESIAN_POINT('',(49.,18.916738879315,-122.183766184));
#775 = VECTOR('',#776,1.);
#776 = DIRECTION('',(0.707106781187,-0.5,0.5));
#777 = ORIENTED_EDGE('',*,*,#778,.T.);
#778 = EDGE_CURVE('',#771,#779,#781,.T.);
#779 = VERTEX_POINT('',#780);
#780 = CARTESIAN_POINT('',(32.,33.765981284232,-137.0330085889));
#781 = LINE('',#782,#783);
#782 = CARTESIAN_POINT('',(86.,33.765981284232,-137.0330085889));
#783 = VECTOR('',#784,1.);
#784 = DIRECTION('',(1.,0.,0.));
#785 = ORIENTED_EDGE('',*,*,#786,.T.);
#786 = EDGE_CURVE('',#779,#745,#787,.T.);
#787 = LINE('',#788,#789);
#788 = CARTESIAN_POINT('',(69.,59.928932188135,-163.1959594928));
#789 = VECTOR('',#790,1.);
#790 = DIRECTION('',(0.707106781187,0.5,-0.5));
#791 = PLANE('',#792);
#792 = AXIS2_PLACEMENT_3D('',#793,#794,#795);
#793 = CARTESIAN_POINT('',(140.,53.564971157456,-156.8319984622));
#794 = DIRECTION('',(0.,-0.707106781187,-0.707106781187));
#795 = DIRECTION('',(-1.,0.,0.));
#796 = ADVANCED_FACE('',(#797,#927),#977,.T.);
#797 = FACE_BOUND('',#798,.T.);
#798 = EDGE_LOOP('',(#799,#800,#808,#816,#824,#832,#840,#848,#856,#864,
    #872,#880,#888,#896,#904,#912,#920,#926));
#799 = ORIENTED_EDGE('',*,*,#142,.F.);
#800 = ORIENTED_EDGE('',*,*,#801,.T.);
#801 = EDGE_CURVE('',#135,#802,#804,.T.);
#802 = VERTEX_POINT('',#803);
#803 = CARTESIAN_POINT('',(131.,138.20565286548,-62.29182181757));
#804 = LINE('',#805,#806);
#805 = CARTESIAN_POINT('',(131.,124.59384732764,-48.68001627973));
#806 = VECTOR('',#807,1.);
#807 = DIRECTION('',(0.,0.707106781187,-0.707106781187));
#808 = ORIENTED_EDGE('',*,*,#809,.T.);
#809 = EDGE_CURVE('',#802,#810,#812,.T.);
#810 = VERTEX_POINT('',#811);
#811 = CARTESIAN_POINT('',(131.,120.03300858899,-80.46446609406));
#812 = LINE('',#813,#814);
#813 = CARTESIAN_POINT('',(131.,138.41778489984,-62.07968978321));
#814 = VECTOR('',#815,1.);
#815 = DIRECTION('',(0.,-0.707106781187,-0.707106781187));
#816 = ORIENTED_EDGE('',*,*,#817,.T.);
#817 = EDGE_CURVE('',#810,#818,#820,.T.);
#818 = VERTEX_POINT('',#819);
#819 = CARTESIAN_POINT('',(131.,117.91168824543,-78.3431457505));
#820 = LINE('',#821,#822);
#821 = CARTESIAN_POINT('',(131.,120.03300858899,-80.46446609406));
#822 = VECTOR('',#823,1.);
#823 = DIRECTION('',(0.,-0.707106781187,0.707106781187));
#824 = ORIENTED_EDGE('',*,*,#825,.T.);
#825 = EDGE_CURVE('',#818,#826,#828,.T.);
#826 = VERTEX_POINT('',#827);
#827 = CARTESIAN_POINT('',(131.,119.3259018078,-76.92893218813));
#828 = LINE('',#829,#830);
#829 = CARTESIAN_POINT('',(131.,99.58583749968,-96.66899649625));
#830 = VECTOR('',#831,1.);
#831 = DIRECTION('',(0.,0.707106781187,0.707106781187));
#832 = ORIENTED_EDGE('',*,*,#833,.T.);
#833 = EDGE_CURVE('',#826,#834,#836,.T.);
#834 = VERTEX_POINT('',#835);
#835 = CARTESIAN_POINT('',(131.,110.84062043356,-68.44365081389));
#836 = LINE('',#837,#838);
#837 = CARTESIAN_POINT('',(131.,113.49227086301,-71.09530124334));
#838 = VECTOR('',#839,1.);
#839 = DIRECTION('',(0.,-0.707106781187,0.707106781187));
#840 = ORIENTED_EDGE('',*,*,#841,.T.);
#841 = EDGE_CURVE('',#834,#842,#844,.T.);
#842 = VERTEX_POINT('',#843);
#843 = CARTESIAN_POINT('',(131.,108.01219330882,-68.44365081389));
#844 = LINE('',#845,#846);
#845 = CARTESIAN_POINT('',(131.,95.166420117264,-68.44365081389));
#846 = VECTOR('',#847,1.);
#847 = DIRECTION('',(0.,-1.,-8.326672684689E-16));
#848 = ORIENTED_EDGE('',*,*,#849,.T.);
#849 = EDGE_CURVE('',#842,#850,#852,.T.);
#850 = VERTEX_POINT('',#851);
#851 = CARTESIAN_POINT('',(131.,103.06244584051,-63.49390334559));
#852 = LINE('',#853,#854);
#853 = CARTESIAN_POINT('',(131.,120.03300858899,-80.46446609406));
#854 = VECTOR('',#855,1.);
#855 = DIRECTION('',(0.,-0.707106781187,0.707106781187));
#856 = ORIENTED_EDGE('',*,*,#857,.T.);
#857 = EDGE_CURVE('',#850,#858,#860,.T.);
#858 = VERTEX_POINT('',#859);
#859 = CARTESIAN_POINT('',(131.,46.49390334559,-120.0624458405));
#860 = LINE('',#861,#862);
#861 = CARTESIAN_POINT('',(131.,121.44722215136,-45.10912703474));
#862 = VECTOR('',#863,1.);
#863 = DIRECTION('',(0.,-0.707106781187,-0.707106781187));
#864 = ORIENTED_EDGE('',*,*,#865,.F.);
#865 = EDGE_CURVE('',#866,#858,#868,.T.);
#866 = VERTEX_POINT('',#867);
#867 = CARTESIAN_POINT('',(131.,51.443650813896,-125.0121933088));
#868 = LINE('',#869,#870);
#869 = CARTESIAN_POINT('',(131.,63.464466094067,-137.0330085889));
#870 = VECTOR('',#871,1.);
#871 = DIRECTION('',(0.,-0.707106781187,0.707106781187));
#872 = ORIENTED_EDGE('',*,*,#873,.T.);
#873 = EDGE_CURVE('',#866,#874,#876,.T.);
#874 = VERTEX_POINT('',#875);
#875 = CARTESIAN_POINT('',(131.,45.786796564404,-125.0121933088));
#876 = LINE('',#877,#878);
#877 = CARTESIAN_POINT('',(131.,66.882148869802,-125.0121933088));
#878 = VECTOR('',#879,1.);
#879 = DIRECTION('',(0.,-1.,-8.326672684689E-16));
#880 = ORIENTED_EDGE('',*,*,#881,.T.);
#881 = EDGE_CURVE('',#874,#882,#884,.T.);
#882 = VERTEX_POINT('',#883);
#883 = CARTESIAN_POINT('',(131.,42.958369439657,-127.8406204335));
#884 = LINE('',#885,#886);
#885 = CARTESIAN_POINT('',(131.,62.109178096793,-108.6898117764));
#886 = VECTOR('',#887,1.);
#887 = DIRECTION('',(0.,-0.707106781187,-0.707106781187));
#888 = ORIENTED_EDGE('',*,*,#889,.T.);
#889 = EDGE_CURVE('',#882,#890,#892,.T.);
#890 = VERTEX_POINT('',#891);
#891 = CARTESIAN_POINT('',(131.,42.958369439657,-136.3259018078));
#892 = LINE('',#893,#894);
#893 = CARTESIAN_POINT('',(131.,42.958369439657,-110.6343554246));
#894 = VECTOR('',#895,1.);
#895 = DIRECTION('',(0.,8.326672684689E-16,-1.));
#896 = ORIENTED_EDGE('',*,*,#897,.T.);
#897 = EDGE_CURVE('',#890,#898,#900,.T.);
#898 = VERTEX_POINT('',#899);
#899 = CARTESIAN_POINT('',(131.,51.443650813896,-144.811183182));
#900 = LINE('',#901,#902);
#901 = CARTESIAN_POINT('',(131.,41.367379181988,-134.7349115501));
#902 = VECTOR('',#903,1.);
#903 = DIRECTION('',(0.,0.707106781187,-0.707106781187));
#904 = ORIENTED_EDGE('',*,*,#905,.T.);
#905 = EDGE_CURVE('',#898,#906,#908,.T.);
#906 = VERTEX_POINT('',#907);
#907 = CARTESIAN_POINT('',(131.,61.343145750508,-134.9116882454));
#908 = LINE('',#909,#910);
#909 = CARTESIAN_POINT('',(131.,71.301566252218,-124.9532677437));
#910 = VECTOR('',#911,1.);
#911 = DIRECTION('',(0.,0.707106781187,0.707106781187));
#912 = ORIENTED_EDGE('',*,*,#913,.F.);
#913 = EDGE_CURVE('',#914,#906,#916,.T.);
#914 = VERTEX_POINT('',#915);
#915 = CARTESIAN_POINT('',(131.,63.464466094067,-137.0330085889));
#916 = LINE('',#917,#918);
#917 = CARTESIAN_POINT('',(131.,63.464466094067,-137.0330085889));
#918 = VECTOR('',#919,1.);
#919 = DIRECTION('',(0.,-0.707106781187,0.707106781187));
#920 = ORIENTED_EDGE('',*,*,#921,.T.);
#921 = EDGE_CURVE('',#914,#481,#922,.T.);
#922 = LINE('',#923,#924);
#923 = CARTESIAN_POINT('',(131.,63.464466094067,-137.0330085889));
#924 = VECTOR('',#925,1.);
#925 = DIRECTION('',(0.,-0.707106781187,-0.707106781187));
#926 = ORIENTED_EDGE('',*,*,#488,.F.);
#927 = FACE_BOUND('',#928,.T.);
#928 = EDGE_LOOP('',(#929,#939,#947,#955,#963,#971));
#929 = ORIENTED_EDGE('',*,*,#930,.T.);
#930 = EDGE_CURVE('',#931,#933,#935,.T.);
#931 = VERTEX_POINT('',#932);
#932 = CARTESIAN_POINT('',(131.,113.66904755831,-65.61522368915));
#933 = VERTEX_POINT('',#934);
#934 = CARTESIAN_POINT('',(131.,122.15432893255,-74.10050506338));
#935 = LINE('',#936,#937);
#936 = CARTESIAN_POINT('',(131.,112.07805730064,-64.02423343148));
#937 = VECTOR('',#938,1.);
#938 = DIRECTION('',(0.,0.707106781187,-0.707106781187));
#939 = ORIENTED_EDGE('',*,*,#940,.T.);
#940 = EDGE_CURVE('',#933,#941,#943,.T.);
#941 = VERTEX_POINT('',#942);
#942 = CARTESIAN_POINT('',(131.,133.46803743153,-62.7867965644));
#943 = LINE('',#944,#945);
#944 = CARTESIAN_POINT('',(131.,106.65690531154,-89.59792868439));
#945 = VECTOR('',#946,1.);
#946 = DIRECTION('',(0.,0.707106781187,0.707106781187));
#947 = ORIENTED_EDGE('',*,*,#948,.T.);
#948 = EDGE_CURVE('',#941,#949,#951,.T.);
#949 = VERTEX_POINT('',#950);
#950 = CARTESIAN_POINT('',(131.,124.98275605729,-54.30151519016));
#951 = LINE('',#952,#953);
#952 = CARTESIAN_POINT('',(131.,127.63440648674,-56.95316561961));
#953 = VECTOR('',#954,1.);
#954 = DIRECTION('',(0.,-0.707106781187,0.707106781187));
#955 = ORIENTED_EDGE('',*,*,#956,.T.);
#956 = EDGE_CURVE('',#949,#957,#959,.T.);
#957 = VERTEX_POINT('',#958);
#958 = CARTESIAN_POINT('',(131.,116.49747468305,-54.30151519016));
#959 = LINE('',#960,#961);
#960 = CARTESIAN_POINT('',(131.,102.23748792913,-54.30151519016));
#961 = VECTOR('',#962,1.);
#962 = DIRECTION('',(0.,-1.,-8.326672684689E-16));
#963 = ORIENTED_EDGE('',*,*,#964,.T.);
#964 = EDGE_CURVE('',#957,#965,#967,.T.);
#965 = VERTEX_POINT('',#966);
#966 = CARTESIAN_POINT('',(131.,113.66904755831,-57.12994231491));
#967 = LINE('',#968,#969);
#968 = CARTESIAN_POINT('',(131.,97.46451715612,-73.3344727171));
#969 = VECTOR('',#970,1.);
#970 = DIRECTION('',(0.,-0.707106781187,-0.707106781187));
#971 = ORIENTED_EDGE('',*,*,#972,.T.);
#972 = EDGE_CURVE('',#965,#931,#973,.T.);
#973 = LINE('',#974,#975);
#974 = CARTESIAN_POINT('',(131.,113.66904755831,-75.27901636536));
#975 = VECTOR('',#976,1.);
#976 = DIRECTION('',(0.,8.326672684689E-16,-1.));
#977 = PLANE('',#978);
#978 = AXIS2_PLACEMENT_3D('',#979,#980,#981);
#979 = CARTESIAN_POINT('',(131.,79.492219800962,-93.42809041582));
#980 = DIRECTION('',(-1.,0.,-0.));
#981 = DIRECTION('',(0.,0.707106781187,-0.707106781187));
#982 = ADVANCED_FACE('',(#983),#1025,.T.);
#983 = FACE_BOUND('',#984,.T.);
#984 = EDGE_LOOP('',(#985,#986,#994,#1002,#1010,#1018,#1024));
#985 = ORIENTED_EDGE('',*,*,#134,.F.);
#986 = ORIENTED_EDGE('',*,*,#987,.F.);
#987 = EDGE_CURVE('',#988,#127,#990,.T.);
#988 = VERTEX_POINT('',#989);
#989 = CARTESIAN_POINT('',(140.,140.32697320904,-64.41314216113));
#990 = LINE('',#991,#992);
#991 = CARTESIAN_POINT('',(140.,127.59905114768,-51.68522009977));
#992 = VECTOR('',#993,1.);
#993 = DIRECTION('',(0.,-0.707106781187,0.707106781187));
#994 = ORIENTED_EDGE('',*,*,#995,.F.);
#995 = EDGE_CURVE('',#996,#988,#998,.T.);
#996 = VERTEX_POINT('',#997);
#997 = CARTESIAN_POINT('',(136.,143.15540033379,-67.24156928587));
#998 = LINE('',#999,#1000);
#999 = CARTESIAN_POINT('',(128.125,148.72386623563,-72.81003518772));
#1000 = VECTOR('',#1001,1.);
#1001 = DIRECTION('',(0.707106781187,-0.5,0.5));
#1002 = ORIENTED_EDGE('',*,*,#1003,.F.);
#1003 = EDGE_CURVE('',#1004,#996,#1006,.T.);
#1004 = VERTEX_POINT('',#1005);
#1005 = CARTESIAN_POINT('',(121.,143.15540033379,-67.24156928587));
#1006 = LINE('',#1007,#1008);
#1007 = CARTESIAN_POINT('',(70.486767746382,143.15540033379,
    -67.24156928587));
#1008 = VECTOR('',#1009,1.);
#1009 = DIRECTION('',(1.,0.,0.));
#1010 = ORIENTED_EDGE('',*,*,#1011,.T.);
#1011 = EDGE_CURVE('',#1004,#1012,#1014,.T.);
#1012 = VERTEX_POINT('',#1013);
#1013 = CARTESIAN_POINT('',(121.,138.20565286548,-62.29182181757));
#1014 = LINE('',#1015,#1016);
#1015 = CARTESIAN_POINT('',(121.,133.96301217836,-58.04918113045));
#1016 = VECTOR('',#1017,1.);
#1017 = DIRECTION('',(0.,-0.707106781187,0.707106781187));
#1018 = ORIENTED_EDGE('',*,*,#1019,.F.);
#1019 = EDGE_CURVE('',#802,#1012,#1020,.T.);
#1020 = LINE('',#1021,#1022);
#1021 = CARTESIAN_POINT('',(100.5,138.20565286548,-62.29182181757));
#1022 = VECTOR('',#1023,1.);
#1023 = DIRECTION('',(-1.,0.,0.));
#1024 = ORIENTED_EDGE('',*,*,#801,.F.);
#1025 = PLANE('',#1026);
#1026 = AXIS2_PLACEMENT_3D('',#1027,#1028,#1029);
#1027 = CARTESIAN_POINT('',(70.5,124.77062402294,-48.85679297502));
#1028 = DIRECTION('',(0.,0.707106781187,0.707106781187));
#1029 = DIRECTION('',(0.,-0.707106781187,0.707106781187));
#1030 = ADVANCED_FACE('',(#1031,#1049,#1099,#1149,#1199,#1249,#1299),
  #1349,.T.);
#1031 = FACE_BOUND('',#1032,.T.);
#1032 = EDGE_LOOP('',(#1033,#1041,#1047,#1048));
#1033 = ORIENTED_EDGE('',*,*,#1034,.F.);
#1034 = EDGE_CURVE('',#1035,#119,#1037,.T.);
#1035 = VERTEX_POINT('',#1036);
#1036 = CARTESIAN_POINT('',(140.,47.201010126777,-157.5391052434));
#1037 = LINE('',#1038,#1039);
#1038 = CARTESIAN_POINT('',(140.,50.029437251523,-160.3675323681));
#1039 = VECTOR('',#1040,1.);
#1040 = DIRECTION('',(0.,-0.707106781187,0.707106781187));
#1041 = ORIENTED_EDGE('',*,*,#1042,.F.);
#1042 = EDGE_CURVE('',#988,#1035,#1043,.T.);
#1043 = LINE('',#1044,#1045);
#1044 = CARTESIAN_POINT('',(140.,141.24621202458,-63.49390334559));
#1045 = VECTOR('',#1046,1.);
#1046 = DIRECTION('',(0.,-0.707106781187,-0.707106781187));
#1047 = ORIENTED_EDGE('',*,*,#987,.T.);
#1048 = ORIENTED_EDGE('',*,*,#126,.F.);
#1049 = FACE_BOUND('',#1050,.T.);
#1050 = EDGE_LOOP('',(#1051,#1061,#1069,#1077,#1085,#1093));
#1051 = ORIENTED_EDGE('',*,*,#1052,.T.);
#1052 = EDGE_CURVE('',#1053,#1055,#1057,.T.);
#1053 = VERTEX_POINT('',#1054);
#1054 = CARTESIAN_POINT('',(140.,124.98275605729,-54.30151519016));
#1055 = VERTEX_POINT('',#1056);
#1056 = CARTESIAN_POINT('',(140.,133.46803743153,-62.7867965644));
#1057 = LINE('',#1058,#1059);
#1058 = CARTESIAN_POINT('',(140.,130.63961030678,-59.95836943965));
#1059 = VECTOR('',#1060,1.);
#1060 = DIRECTION('',(0.,0.707106781187,-0.707106781187));
#1061 = ORIENTED_EDGE('',*,*,#1062,.T.);
#1062 = EDGE_CURVE('',#1055,#1063,#1065,.T.);
#1063 = VERTEX_POINT('',#1064);
#1064 = CARTESIAN_POINT('',(140.,122.15432893255,-74.10050506338));
#1065 = LINE('',#1066,#1067);
#1066 = CARTESIAN_POINT('',(140.,105.89087296526,-90.36396103067));
#1067 = VECTOR('',#1068,1.);
#1068 = DIRECTION('',(0.,-0.707106781187,-0.707106781187));
#1069 = ORIENTED_EDGE('',*,*,#1070,.T.);
#1070 = EDGE_CURVE('',#1063,#1071,#1073,.T.);
#1071 = VERTEX_POINT('',#1072);
#1072 = CARTESIAN_POINT('',(140.,113.66904755831,-65.61522368915));
#1073 = LINE('',#1074,#1075);
#1074 = CARTESIAN_POINT('',(140.,115.08326112068,-67.02943725152));
#1075 = VECTOR('',#1076,1.);
#1076 = DIRECTION('',(0.,-0.707106781187,0.707106781187));
#1077 = ORIENTED_EDGE('',*,*,#1078,.T.);
#1078 = EDGE_CURVE('',#1071,#1079,#1081,.T.);
#1079 = VERTEX_POINT('',#1080);
#1080 = CARTESIAN_POINT('',(140.,113.66904755831,-57.12994231491));
#1081 = LINE('',#1082,#1083);
#1082 = CARTESIAN_POINT('',(140.,113.66904755831,-79.05025253169));
#1083 = VECTOR('',#1084,1.);
#1084 = DIRECTION('',(0.,-8.326672684689E-16,1.));
#1085 = ORIENTED_EDGE('',*,*,#1086,.T.);
#1086 = EDGE_CURVE('',#1079,#1087,#1089,.T.);
#1087 = VERTEX_POINT('',#1088);
#1088 = CARTESIAN_POINT('',(140.,116.49747468305,-54.30151519016));
#1089 = LINE('',#1090,#1091);
#1090 = CARTESIAN_POINT('',(140.,96.698484809835,-74.10050506338));
#1091 = VECTOR('',#1092,1.);
#1092 = DIRECTION('',(0.,0.707106781187,0.707106781187));
#1093 = ORIENTED_EDGE('',*,*,#1094,.T.);
#1094 = EDGE_CURVE('',#1087,#1053,#1095,.T.);
#1095 = LINE('',#1096,#1097);
#1096 = CARTESIAN_POINT('',(140.,104.47665940288,-54.30151519016));
#1097 = VECTOR('',#1098,1.);
#1098 = DIRECTION('',(0.,1.,8.326672684689E-16));
#1099 = FACE_BOUND('',#1100,.T.);
#1100 = EDGE_LOOP('',(#1101,#1111,#1119,#1127,#1135,#1143));
#1101 = ORIENTED_EDGE('',*,*,#1102,.T.);
#1102 = EDGE_CURVE('',#1103,#1105,#1107,.T.);
#1103 = VERTEX_POINT('',#1104);
#1104 = CARTESIAN_POINT('',(140.,110.84062043356,-68.44365081389));
#1105 = VERTEX_POINT('',#1106);
#1106 = CARTESIAN_POINT('',(140.,119.3259018078,-76.92893218813));
#1107 = LINE('',#1108,#1109);
#1108 = CARTESIAN_POINT('',(140.,116.49747468305,-74.10050506338));
#1109 = VECTOR('',#1110,1.);
#1110 = DIRECTION('',(0.,0.707106781187,-0.707106781187));
#1111 = ORIENTED_EDGE('',*,*,#1112,.T.);
#1112 = EDGE_CURVE('',#1105,#1113,#1115,.T.);
#1113 = VERTEX_POINT('',#1114);
#1114 = CARTESIAN_POINT('',(140.,108.01219330882,-88.24264068711));
#1115 = LINE('',#1116,#1117);
#1116 = CARTESIAN_POINT('',(140.,98.819805153395,-97.43502884254));
#1117 = VECTOR('',#1118,1.);
#1118 = DIRECTION('',(0.,-0.707106781187,-0.707106781187));
#1119 = ORIENTED_EDGE('',*,*,#1120,.T.);
#1120 = EDGE_CURVE('',#1113,#1121,#1123,.T.);
#1121 = VERTEX_POINT('',#1122);
#1122 = CARTESIAN_POINT('',(140.,99.526911934581,-79.75735931288));
#1123 = LINE('',#1124,#1125);
#1124 = CARTESIAN_POINT('',(140.,100.94112549695,-81.17157287525));
#1125 = VECTOR('',#1126,1.);
#1126 = DIRECTION('',(0.,-0.707106781187,0.707106781187));
#1127 = ORIENTED_EDGE('',*,*,#1128,.T.);
#1128 = EDGE_CURVE('',#1121,#1129,#1131,.T.);
#1129 = VERTEX_POINT('',#1130);
#1130 = CARTESIAN_POINT('',(140.,99.526911934581,-71.27207793864));
#1131 = LINE('',#1132,#1133);
#1132 = CARTESIAN_POINT('',(140.,99.526911934581,-86.12132034356));
#1133 = VECTOR('',#1134,1.);
#1134 = DIRECTION('',(0.,-8.326672684689E-16,1.));
#1135 = ORIENTED_EDGE('',*,*,#1136,.T.);
#1136 = EDGE_CURVE('',#1129,#1137,#1139,.T.);
#1137 = VERTEX_POINT('',#1138);
#1138 = CARTESIAN_POINT('',(140.,102.35533905932,-68.44365081389));
#1139 = LINE('',#1140,#1141);
#1140 = CARTESIAN_POINT('',(140.,89.62741699797,-81.17157287525));
#1141 = VECTOR('',#1142,1.);
#1142 = DIRECTION('',(0.,0.707106781187,0.707106781187));
#1143 = ORIENTED_EDGE('',*,*,#1144,.T.);
#1144 = EDGE_CURVE('',#1137,#1103,#1145,.T.);
#1145 = LINE('',#1146,#1147);
#1146 = CARTESIAN_POINT('',(140.,97.405591591022,-68.44365081389));
#1147 = VECTOR('',#1148,1.);
#1148 = DIRECTION('',(0.,1.,8.326672684689E-16));
#1149 = FACE_BOUND('',#1150,.T.);
#1150 = EDGE_LOOP('',(#1151,#1161,#1169,#1177,#1185,#1193));
#1151 = ORIENTED_EDGE('',*,*,#1152,.T.);
#1152 = EDGE_CURVE('',#1153,#1155,#1157,.T.);
#1153 = VERTEX_POINT('',#1154);
#1154 = CARTESIAN_POINT('',(140.,96.698484809835,-82.58578643762));
#1155 = VERTEX_POINT('',#1156);
#1156 = CARTESIAN_POINT('',(140.,105.18376618407,-91.07106781186));
#1157 = LINE('',#1158,#1159);
#1158 = CARTESIAN_POINT('',(140.,102.35533905932,-88.24264068711));
#1159 = VECTOR('',#1160,1.);
#1160 = DIRECTION('',(0.,0.707106781187,-0.707106781187));
#1161 = ORIENTED_EDGE('',*,*,#1162,.T.);
#1162 = EDGE_CURVE('',#1155,#1163,#1165,.T.);
#1163 = VERTEX_POINT('',#1164);
#1164 = CARTESIAN_POINT('',(140.,93.870057685089,-102.3847763108));
#1165 = LINE('',#1166,#1167);
#1166 = CARTESIAN_POINT('',(140.,91.748737341529,-104.5060966544));
#1167 = VECTOR('',#1168,1.);
#1168 = DIRECTION('',(0.,-0.707106781187,-0.707106781187));
#1169 = ORIENTED_EDGE('',*,*,#1170,.T.);
#1170 = EDGE_CURVE('',#1163,#1171,#1173,.T.);
#1171 = VERTEX_POINT('',#1172);
#1172 = CARTESIAN_POINT('',(140.,85.38477631085,-93.89949493661));
#1173 = LINE('',#1174,#1175);
#1174 = CARTESIAN_POINT('',(140.,86.798989873223,-95.31370849898));
#1175 = VECTOR('',#1176,1.);
#1176 = DIRECTION('',(0.,-0.707106781187,0.707106781187));
#1177 = ORIENTED_EDGE('',*,*,#1178,.T.);
#1178 = EDGE_CURVE('',#1171,#1179,#1181,.T.);
#1179 = VERTEX_POINT('',#1180);
#1180 = CARTESIAN_POINT('',(140.,85.38477631085,-85.41421356237));
#1181 = LINE('',#1182,#1183);
#1182 = CARTESIAN_POINT('',(140.,85.38477631085,-93.19238815542));
#1183 = VECTOR('',#1184,1.);
#1184 = DIRECTION('',(0.,-8.326672684689E-16,1.));
#1185 = ORIENTED_EDGE('',*,*,#1186,.T.);
#1186 = EDGE_CURVE('',#1179,#1187,#1189,.T.);
#1187 = VERTEX_POINT('',#1188);
#1188 = CARTESIAN_POINT('',(140.,88.213203435596,-82.58578643762));
#1189 = LINE('',#1190,#1191);
#1190 = CARTESIAN_POINT('',(140.,82.556349186104,-88.24264068711));
#1191 = VECTOR('',#1192,1.);
#1192 = DIRECTION('',(0.,0.707106781187,0.707106781187));
#1193 = ORIENTED_EDGE('',*,*,#1194,.T.);
#1194 = EDGE_CURVE('',#1187,#1153,#1195,.T.);
#1195 = LINE('',#1196,#1197);
#1196 = CARTESIAN_POINT('',(140.,90.334523779156,-82.58578643762));
#1197 = VECTOR('',#1198,1.);
#1198 = DIRECTION('',(0.,1.,8.326672684689E-16));
#1199 = FACE_BOUND('',#1200,.T.);
#1200 = EDGE_LOOP('',(#1201,#1211,#1219,#1227,#1235,#1243));
#1201 = ORIENTED_EDGE('',*,*,#1202,.T.);
#1202 = EDGE_CURVE('',#1203,#1205,#1207,.T.);
#1203 = VERTEX_POINT('',#1204);
#1204 = CARTESIAN_POINT('',(140.,82.556349186104,-96.72792206135));
#1205 = VERTEX_POINT('',#1206);
#1206 = CARTESIAN_POINT('',(140.,91.041630560343,-105.2132034355));
#1207 = LINE('',#1208,#1209);
#1208 = CARTESIAN_POINT('',(140.,88.213203435596,-102.3847763108));
#1209 = VECTOR('',#1210,1.);
#1210 = DIRECTION('',(0.,0.707106781187,-0.707106781187));
#1211 = ORIENTED_EDGE('',*,*,#1212,.T.);
#1212 = EDGE_CURVE('',#1205,#1213,#1215,.T.);
#1213 = VERTEX_POINT('',#1214);
#1214 = CARTESIAN_POINT('',(140.,79.727922061358,-116.5269119345));
#1215 = LINE('',#1216,#1217);
#1216 = CARTESIAN_POINT('',(140.,84.677669529664,-111.5771644662));
#1217 = VECTOR('',#1218,1.);
#1218 = DIRECTION('',(0.,-0.707106781187,-0.707106781187));
#1219 = ORIENTED_EDGE('',*,*,#1220,.T.);
#1220 = EDGE_CURVE('',#1213,#1221,#1223,.T.);
#1221 = VERTEX_POINT('',#1222);
#1222 = CARTESIAN_POINT('',(140.,71.242640687119,-108.0416305603));
#1223 = LINE('',#1224,#1225);
#1224 = CARTESIAN_POINT('',(140.,72.656854249492,-109.4558441227));
#1225 = VECTOR('',#1226,1.);
#1226 = DIRECTION('',(0.,-0.707106781187,0.707106781187));
#1227 = ORIENTED_EDGE('',*,*,#1228,.T.);
#1228 = EDGE_CURVE('',#1221,#1229,#1231,.T.);
#1229 = VERTEX_POINT('',#1230);
#1230 = CARTESIAN_POINT('',(140.,71.242640687119,-99.5563491861));
#1231 = LINE('',#1232,#1233);
#1232 = CARTESIAN_POINT('',(140.,71.242640687119,-100.2634559672));
#1233 = VECTOR('',#1234,1.);
#1234 = DIRECTION('',(0.,-8.326672684689E-16,1.));
#1235 = ORIENTED_EDGE('',*,*,#1236,.T.);
#1236 = EDGE_CURVE('',#1229,#1237,#1239,.T.);
#1237 = VERTEX_POINT('',#1238);
#1238 = CARTESIAN_POINT('',(140.,74.071067811866,-96.72792206135));
#1239 = LINE('',#1240,#1241);
#1240 = CARTESIAN_POINT('',(140.,75.485281374239,-95.31370849898));
#1241 = VECTOR('',#1242,1.);
#1242 = DIRECTION('',(0.,0.707106781187,0.707106781187));
#1243 = ORIENTED_EDGE('',*,*,#1244,.T.);
#1244 = EDGE_CURVE('',#1237,#1203,#1245,.T.);
#1245 = LINE('',#1246,#1247);
#1246 = CARTESIAN_POINT('',(140.,83.263455967291,-96.72792206135));
#1247 = VECTOR('',#1248,1.);
#1248 = DIRECTION('',(0.,1.,8.326672684689E-16));
#1249 = FACE_BOUND('',#1250,.T.);
#1250 = EDGE_LOOP('',(#1251,#1261,#1269,#1277,#1285,#1293));
#1251 = ORIENTED_EDGE('',*,*,#1252,.T.);
#1252 = EDGE_CURVE('',#1253,#1255,#1257,.T.);
#1253 = VERTEX_POINT('',#1254);
#1254 = CARTESIAN_POINT('',(140.,68.414213562373,-110.870057685));
#1255 = VERTEX_POINT('',#1256);
#1256 = CARTESIAN_POINT('',(140.,76.899494936612,-119.3553390593));
#1257 = LINE('',#1258,#1259);
#1258 = CARTESIAN_POINT('',(140.,74.071067811866,-116.5269119345));
#1259 = VECTOR('',#1260,1.);
#1260 = DIRECTION('',(0.,0.707106781187,-0.707106781187));
#1261 = ORIENTED_EDGE('',*,*,#1262,.T.);
#1262 = EDGE_CURVE('',#1255,#1263,#1265,.T.);
#1263 = VERTEX_POINT('',#1264);
#1264 = CARTESIAN_POINT('',(140.,65.585786437627,-130.6690475583));
#1265 = LINE('',#1266,#1267);
#1266 = CARTESIAN_POINT('',(140.,77.606601717798,-118.6482322781));
#1267 = VECTOR('',#1268,1.);
#1268 = DIRECTION('',(0.,-0.707106781187,-0.707106781187));
#1269 = ORIENTED_EDGE('',*,*,#1270,.T.);
#1270 = EDGE_CURVE('',#1263,#1271,#1273,.T.);
#1271 = VERTEX_POINT('',#1272);
#1272 = CARTESIAN_POINT('',(140.,57.100505063388,-122.183766184));
#1273 = LINE('',#1274,#1275);
#1274 = CARTESIAN_POINT('',(140.,58.514718625761,-123.5979797464));
#1275 = VECTOR('',#1276,1.);
#1276 = DIRECTION('',(0.,-0.707106781187,0.707106781187));
#1277 = ORIENTED_EDGE('',*,*,#1278,.T.);
#1278 = EDGE_CURVE('',#1271,#1279,#1281,.T.);
#1279 = VERTEX_POINT('',#1280);
#1280 = CARTESIAN_POINT('',(140.,57.100505063388,-113.6984848098));
#1281 = LINE('',#1282,#1283);
#1282 = CARTESIAN_POINT('',(140.,57.100505063388,-107.3345237791));
#1283 = VECTOR('',#1284,1.);
#1284 = DIRECTION('',(0.,-8.326672684689E-16,1.));
#1285 = ORIENTED_EDGE('',*,*,#1286,.T.);
#1286 = EDGE_CURVE('',#1279,#1287,#1289,.T.);
#1287 = VERTEX_POINT('',#1288);
#1288 = CARTESIAN_POINT('',(140.,59.928932188135,-110.870057685));
#1289 = LINE('',#1290,#1291);
#1290 = CARTESIAN_POINT('',(140.,68.414213562373,-102.3847763108));
#1291 = VECTOR('',#1292,1.);
#1292 = DIRECTION('',(0.,0.707106781187,0.707106781187));
#1293 = ORIENTED_EDGE('',*,*,#1294,.T.);
#1294 = EDGE_CURVE('',#1287,#1253,#1295,.T.);
#1295 = LINE('',#1296,#1297);
#1296 = CARTESIAN_POINT('',(140.,76.192388155425,-110.870057685));
#1297 = VECTOR('',#1298,1.);
#1298 = DIRECTION('',(0.,1.,8.326672684689E-16));
#1299 = FACE_BOUND('',#1300,.T.);
#1300 = EDGE_LOOP('',(#1301,#1311,#1319,#1327,#1335,#1343));
#1301 = ORIENTED_EDGE('',*,*,#1302,.T.);
#1302 = EDGE_CURVE('',#1303,#1305,#1307,.T.);
#1303 = VERTEX_POINT('',#1304);
#1304 = CARTESIAN_POINT('',(140.,54.272077938642,-125.0121933088));
#1305 = VERTEX_POINT('',#1306);
#1306 = CARTESIAN_POINT('',(140.,62.757359312881,-133.497474683));
#1307 = LINE('',#1308,#1309);
#1308 = CARTESIAN_POINT('',(140.,59.928932188135,-130.6690475583));
#1309 = VECTOR('',#1310,1.);
#1310 = DIRECTION('',(0.,0.707106781187,-0.707106781187));
#1311 = ORIENTED_EDGE('',*,*,#1312,.T.);
#1312 = EDGE_CURVE('',#1305,#1313,#1315,.T.);
#1313 = VERTEX_POINT('',#1314);
#1314 = CARTESIAN_POINT('',(140.,51.443650813896,-144.811183182));
#1315 = LINE('',#1316,#1317);
#1316 = CARTESIAN_POINT('',(140.,70.535533905933,-125.71930009));
#1317 = VECTOR('',#1318,1.);
#1318 = DIRECTION('',(0.,-0.707106781187,-0.707106781187));
#1319 = ORIENTED_EDGE('',*,*,#1320,.T.);
#1320 = EDGE_CURVE('',#1313,#1321,#1323,.T.);
#1321 = VERTEX_POINT('',#1322);
#1322 = CARTESIAN_POINT('',(140.,42.958369439657,-136.3259018078));
#1323 = LINE('',#1324,#1325);
#1324 = CARTESIAN_POINT('',(140.,44.372583002031,-137.7401153701));
#1325 = VECTOR('',#1326,1.);
#1326 = DIRECTION('',(0.,-0.707106781187,0.707106781187));
#1327 = ORIENTED_EDGE('',*,*,#1328,.T.);
#1328 = EDGE_CURVE('',#1321,#1329,#1331,.T.);
#1329 = VERTEX_POINT('',#1330);
#1330 = CARTESIAN_POINT('',(140.,42.958369439657,-127.8406204335));
#1331 = LINE('',#1332,#1333);
#1332 = CARTESIAN_POINT('',(140.,42.958369439657,-114.405591591));
#1333 = VECTOR('',#1334,1.);
#1334 = DIRECTION('',(0.,-8.326672684689E-16,1.));
#1335 = ORIENTED_EDGE('',*,*,#1336,.T.);
#1336 = EDGE_CURVE('',#1329,#1337,#1339,.T.);
#1337 = VERTEX_POINT('',#1338);
#1338 = CARTESIAN_POINT('',(140.,45.786796564404,-125.0121933088));
#1339 = LINE('',#1340,#1341);
#1340 = CARTESIAN_POINT('',(140.,61.343145750508,-109.4558441227));
#1341 = VECTOR('',#1342,1.);
#1342 = DIRECTION('',(0.,0.707106781187,0.707106781187));
#1343 = ORIENTED_EDGE('',*,*,#1344,.T.);
#1344 = EDGE_CURVE('',#1337,#1303,#1345,.T.);
#1345 = LINE('',#1346,#1347);
#1346 = CARTESIAN_POINT('',(140.,69.12132034356,-125.0121933088));
#1347 = VECTOR('',#1348,1.);
#1348 = DIRECTION('',(0.,1.,8.326672684689E-16));
#1349 = PLANE('',#1350);
#1350 = AXIS2_PLACEMENT_3D('',#1351,#1352,#1353);
#1351 = CARTESIAN_POINT('',(140.,83.970562748477,-100.9705627484));
#1352 = DIRECTION('',(1.,0.,0.));
#1353 = DIRECTION('',(0.,-0.707106781187,0.707106781187));
#1354 = ADVANCED_FACE('',(#1355,#1389,#1439,#1489,#1539,#1589),#1639,.T.
  );
#1355 = FACE_BOUND('',#1356,.T.);
#1356 = EDGE_LOOP('',(#1357,#1365,#1373,#1381,#1387,#1388));
#1357 = ORIENTED_EDGE('',*,*,#1358,.F.);
#1358 = EDGE_CURVE('',#1359,#111,#1361,.T.);
#1359 = VERTEX_POINT('',#1360);
#1360 = CARTESIAN_POINT('',(1.,47.201010126777,-157.5391052434));
#1361 = LINE('',#1362,#1363);
#1362 = CARTESIAN_POINT('',(1.,50.029437251523,-160.3675323681));
#1363 = VECTOR('',#1364,1.);
#1364 = DIRECTION('',(0.,-0.707106781187,0.707106781187));
#1365 = ORIENTED_EDGE('',*,*,#1366,.T.);
#1366 = EDGE_CURVE('',#1359,#1367,#1369,.T.);
#1367 = VERTEX_POINT('',#1368);
#1368 = CARTESIAN_POINT('',(5.,50.029437251523,-160.3675323681));
#1369 = LINE('',#1370,#1371);
#1370 = CARTESIAN_POINT('',(16.875,58.426330278113,-168.7644253947));
#1371 = VECTOR('',#1372,1.);
#1372 = DIRECTION('',(0.707106781187,0.5,-0.5));
#1373 = ORIENTED_EDGE('',*,*,#1374,.T.);
#1374 = EDGE_CURVE('',#1367,#1375,#1377,.T.);
#1375 = VERTEX_POINT('',#1376);
#1376 = CARTESIAN_POINT('',(136.,50.029437251523,-160.3675323681));
#1377 = LINE('',#1378,#1379);
#1378 = CARTESIAN_POINT('',(1.,50.029437251523,-160.3675323681));
#1379 = VECTOR('',#1380,1.);
#1380 = DIRECTION('',(1.,0.,0.));
#1381 = ORIENTED_EDGE('',*,*,#1382,.T.);
#1382 = EDGE_CURVE('',#1375,#1035,#1383,.T.);
#1383 = LINE('',#1384,#1385);
#1384 = CARTESIAN_POINT('',(126.125,57.01211671574,-167.3502118323));
#1385 = VECTOR('',#1386,1.);
#1386 = DIRECTION('',(0.707106781187,-0.5,0.5));
#1387 = ORIENTED_EDGE('',*,*,#1034,.T.);
#1388 = ORIENTED_EDGE('',*,*,#118,.F.);
#1389 = FACE_BOUND('',#1390,.T.);
#1390 = EDGE_LOOP('',(#1391,#1401,#1409,#1417,#1425,#1433));
#1391 = ORIENTED_EDGE('',*,*,#1392,.T.);
#1392 = EDGE_CURVE('',#1393,#1395,#1397,.T.);
#1393 = VERTEX_POINT('',#1394);
#1394 = CARTESIAN_POINT('',(38.,34.473088065419,-144.811183182));
#1395 = VERTEX_POINT('',#1396);
#1396 = CARTESIAN_POINT('',(38.,42.958369439657,-153.2964645562));
#1397 = LINE('',#1398,#1399);
#1398 = CARTESIAN_POINT('',(38.,40.129942314911,-150.4680374315));
#1399 = VECTOR('',#1400,1.);
#1400 = DIRECTION('',(0.,0.707106781187,-0.707106781187));
#1401 = ORIENTED_EDGE('',*,*,#1402,.T.);
#1402 = EDGE_CURVE('',#1395,#1403,#1405,.T.);
#1403 = VERTEX_POINT('',#1404);
#1404 = CARTESIAN_POINT('',(22.,42.958369439657,-153.2964645562));
#1405 = LINE('',#1406,#1407);
#1406 = CARTESIAN_POINT('',(46.25,42.958369439657,-153.2964645562));
#1407 = VECTOR('',#1408,1.);
#1408 = DIRECTION('',(-1.,0.,0.));
#1409 = ORIENTED_EDGE('',*,*,#1410,.T.);
#1410 = EDGE_CURVE('',#1403,#1411,#1413,.T.);
#1411 = VERTEX_POINT('',#1412);
#1412 = CARTESIAN_POINT('',(22.,34.473088065419,-144.811183182));
#1413 = LINE('',#1414,#1415);
#1414 = CARTESIAN_POINT('',(22.,35.887301627792,-146.2253967444));
#1415 = VECTOR('',#1416,1.);
#1416 = DIRECTION('',(0.,-0.707106781187,0.707106781187));
#1417 = ORIENTED_EDGE('',*,*,#1418,.T.);
#1418 = EDGE_CURVE('',#1411,#1419,#1421,.T.);
#1419 = VERTEX_POINT('',#1420);
#1420 = CARTESIAN_POINT('',(28.,30.2304473783,-140.5685424949));
#1421 = LINE('',#1422,#1423);
#1422 = CARTESIAN_POINT('',(36.125,24.485204781159,-134.8232998977));
#1423 = VECTOR('',#1424,1.);
#1424 = DIRECTION('',(0.707106781187,-0.5,0.5));
#1425 = ORIENTED_EDGE('',*,*,#1426,.T.);
#1426 = EDGE_CURVE('',#1419,#1427,#1429,.T.);
#1427 = VERTEX_POINT('',#1428);
#1428 = CARTESIAN_POINT('',(32.,30.2304473783,-140.5685424949));
#1429 = LINE('',#1430,#1431);
#1430 = CARTESIAN_POINT('',(51.25,30.2304473783,-140.5685424949));
#1431 = VECTOR('',#1432,1.);
#1432 = DIRECTION('',(1.,0.,0.));
#1433 = ORIENTED_EDGE('',*,*,#1434,.T.);
#1434 = EDGE_CURVE('',#1427,#1393,#1435,.T.);
#1435 = LINE('',#1436,#1437);
#1436 = CARTESIAN_POINT('',(47.125,40.925437443746,-151.2635325603));
#1437 = VECTOR('',#1438,1.);
#1438 = DIRECTION('',(0.707106781187,0.5,-0.5));
#1439 = FACE_BOUND('',#1440,.T.);
#1440 = EDGE_LOOP('',(#1441,#1451,#1459,#1467,#1475,#1483));
#1441 = ORIENTED_EDGE('',*,*,#1442,.T.);
#1442 = EDGE_CURVE('',#1443,#1445,#1447,.T.);
#1443 = VERTEX_POINT('',#1444);
#1444 = CARTESIAN_POINT('',(60.,34.473088065419,-144.811183182));
#1445 = VERTEX_POINT('',#1446);
#1446 = CARTESIAN_POINT('',(60.,42.958369439657,-153.2964645562));
#1447 = LINE('',#1448,#1449);
#1448 = CARTESIAN_POINT('',(60.,40.129942314911,-150.4680374315));
#1449 = VECTOR('',#1450,1.);
#1450 = DIRECTION('',(0.,0.707106781187,-0.707106781187));
#1451 = ORIENTED_EDGE('',*,*,#1452,.T.);
#1452 = EDGE_CURVE('',#1445,#1453,#1455,.T.);
#1453 = VERTEX_POINT('',#1454);
#1454 = CARTESIAN_POINT('',(44.,42.958369439657,-153.2964645562));
#1455 = LINE('',#1456,#1457);
#1456 = CARTESIAN_POINT('',(57.25,42.958369439657,-153.2964645562));
#1457 = VECTOR('',#1458,1.);
#1458 = DIRECTION('',(-1.,0.,0.));
#1459 = ORIENTED_EDGE('',*,*,#1460,.T.);
#1460 = EDGE_CURVE('',#1453,#1461,#1463,.T.);
#1461 = VERTEX_POINT('',#1462);
#1462 = CARTESIAN_POINT('',(44.,34.473088065419,-144.811183182));
#1463 = LINE('',#1464,#1465);
#1464 = CARTESIAN_POINT('',(44.,35.887301627792,-146.2253967444));
#1465 = VECTOR('',#1466,1.);
#1466 = DIRECTION('',(0.,-0.707106781187,0.707106781187));
#1467 = ORIENTED_EDGE('',*,*,#1468,.T.);
#1468 = EDGE_CURVE('',#1461,#1469,#1471,.T.);
#1469 = VERTEX_POINT('',#1470);
#1470 = CARTESIAN_POINT('',(50.,30.2304473783,-140.5685424949));
#1471 = LINE('',#1472,#1473);
#1472 = CARTESIAN_POINT('',(52.625,28.374292077685,-138.7123871943));
#1473 = VECTOR('',#1474,1.);
#1474 = DIRECTION('',(0.707106781187,-0.5,0.5));
#1475 = ORIENTED_EDGE('',*,*,#1476,.T.);
#1476 = EDGE_CURVE('',#1469,#1477,#1479,.T.);
#1477 = VERTEX_POINT('',#1478);
#1478 = CARTESIAN_POINT('',(54.,30.2304473783,-140.5685424949));
#1479 = LINE('',#1480,#1481);
#1480 = CARTESIAN_POINT('',(62.25,30.2304473783,-140.5685424949));
#1481 = VECTOR('',#1482,1.);
#1482 = DIRECTION('',(1.,0.,0.));
#1483 = ORIENTED_EDGE('',*,*,#1484,.T.);
#1484 = EDGE_CURVE('',#1477,#1443,#1485,.T.);
#1485 = LINE('',#1486,#1487);
#1486 = CARTESIAN_POINT('',(63.625,37.03635014722,-147.3744452638));
#1487 = VECTOR('',#1488,1.);
#1488 = DIRECTION('',(0.707106781187,0.5,-0.5));
#1489 = FACE_BOUND('',#1490,.T.);
#1490 = EDGE_LOOP('',(#1491,#1501,#1509,#1517,#1525,#1533));
#1491 = ORIENTED_EDGE('',*,*,#1492,.T.);
#1492 = EDGE_CURVE('',#1493,#1495,#1497,.T.);
#1493 = VERTEX_POINT('',#1494);
#1494 = CARTESIAN_POINT('',(82.,34.473088065419,-144.811183182));
#1495 = VERTEX_POINT('',#1496);
#1496 = CARTESIAN_POINT('',(82.,42.958369439657,-153.2964645562));
#1497 = LINE('',#1498,#1499);
#1498 = CARTESIAN_POINT('',(82.,40.129942314911,-150.4680374315));
#1499 = VECTOR('',#1500,1.);
#1500 = DIRECTION('',(0.,0.707106781187,-0.707106781187));
#1501 = ORIENTED_EDGE('',*,*,#1502,.T.);
#1502 = EDGE_CURVE('',#1495,#1503,#1505,.T.);
#1503 = VERTEX_POINT('',#1504);
#1504 = CARTESIAN_POINT('',(66.,42.958369439657,-153.2964645562));
#1505 = LINE('',#1506,#1507);
#1506 = CARTESIAN_POINT('',(68.25,42.958369439657,-153.2964645562));
#1507 = VECTOR('',#1508,1.);
#1508 = DIRECTION('',(-1.,0.,0.));
#1509 = ORIENTED_EDGE('',*,*,#1510,.T.);
#1510 = EDGE_CURVE('',#1503,#1511,#1513,.T.);
#1511 = VERTEX_POINT('',#1512);
#1512 = CARTESIAN_POINT('',(66.,34.473088065419,-144.811183182));
#1513 = LINE('',#1514,#1515);
#1514 = CARTESIAN_POINT('',(66.,35.887301627792,-146.2253967444));
#1515 = VECTOR('',#1516,1.);
#1516 = DIRECTION('',(0.,-0.707106781187,0.707106781187));
#1517 = ORIENTED_EDGE('',*,*,#1518,.T.);
#1518 = EDGE_CURVE('',#1511,#1519,#1521,.T.);
#1519 = VERTEX_POINT('',#1520);
#1520 = CARTESIAN_POINT('',(72.,30.2304473783,-140.5685424949));
#1521 = LINE('',#1522,#1523);
#1522 = CARTESIAN_POINT('',(69.125,32.263379374211,-142.6014744908));
#1523 = VECTOR('',#1524,1.);
#1524 = DIRECTION('',(0.707106781187,-0.5,0.5));
#1525 = ORIENTED_EDGE('',*,*,#1526,.T.);
#1526 = EDGE_CURVE('',#1519,#1527,#1529,.T.);
#1527 = VERTEX_POINT('',#1528);
#1528 = CARTESIAN_POINT('',(76.,30.2304473783,-140.5685424949));
#1529 = LINE('',#1530,#1531);
#1530 = CARTESIAN_POINT('',(73.25,30.2304473783,-140.5685424949));
#1531 = VECTOR('',#1532,1.);
#1532 = DIRECTION('',(1.,0.,0.));
#1533 = ORIENTED_EDGE('',*,*,#1534,.T.);
#1534 = EDGE_CURVE('',#1527,#1493,#1535,.T.);
#1535 = LINE('',#1536,#1537);
#1536 = CARTESIAN_POINT('',(80.125,33.147262850694,-143.4853579673));
#1537 = VECTOR('',#1538,1.);
#1538 = DIRECTION('',(0.707106781187,0.5,-0.5));
#1539 = FACE_BOUND('',#1540,.T.);
#1540 = EDGE_LOOP('',(#1541,#1551,#1559,#1567,#1575,#1583));
#1541 = ORIENTED_EDGE('',*,*,#1542,.T.);
#1542 = EDGE_CURVE('',#1543,#1545,#1547,.T.);
#1543 = VERTEX_POINT('',#1544);
#1544 = CARTESIAN_POINT('',(104.,34.473088065419,-144.811183182));
#1545 = VERTEX_POINT('',#1546);
#1546 = CARTESIAN_POINT('',(104.,42.958369439657,-153.2964645562));
#1547 = LINE('',#1548,#1549);
#1548 = CARTESIAN_POINT('',(104.,40.129942314911,-150.4680374315));
#1549 = VECTOR('',#1550,1.);
#1550 = DIRECTION('',(0.,0.707106781187,-0.707106781187));
#1551 = ORIENTED_EDGE('',*,*,#1552,.T.);
#1552 = EDGE_CURVE('',#1545,#1553,#1555,.T.);
#1553 = VERTEX_POINT('',#1554);
#1554 = CARTESIAN_POINT('',(88.,42.958369439657,-153.2964645562));
#1555 = LINE('',#1556,#1557);
#1556 = CARTESIAN_POINT('',(79.25,42.958369439657,-153.2964645562));
#1557 = VECTOR('',#1558,1.);
#1558 = DIRECTION('',(-1.,0.,0.));
#1559 = ORIENTED_EDGE('',*,*,#1560,.T.);
#1560 = EDGE_CURVE('',#1553,#1561,#1563,.T.);
#1561 = VERTEX_POINT('',#1562);
#1562 = CARTESIAN_POINT('',(88.,34.473088065419,-144.811183182));
#1563 = LINE('',#1564,#1565);
#1564 = CARTESIAN_POINT('',(88.,35.887301627792,-146.2253967444));
#1565 = VECTOR('',#1566,1.);
#1566 = DIRECTION('',(0.,-0.707106781187,0.707106781187));
#1567 = ORIENTED_EDGE('',*,*,#1568,.T.);
#1568 = EDGE_CURVE('',#1561,#1569,#1571,.T.);
#1569 = VERTEX_POINT('',#1570);
#1570 = CARTESIAN_POINT('',(94.,30.2304473783,-140.5685424949));
#1571 = LINE('',#1572,#1573);
#1572 = CARTESIAN_POINT('',(85.625,36.152466670737,-146.4905617873));
#1573 = VECTOR('',#1574,1.);
#1574 = DIRECTION('',(0.707106781187,-0.5,0.5));
#1575 = ORIENTED_EDGE('',*,*,#1576,.T.);
#1576 = EDGE_CURVE('',#1569,#1577,#1579,.T.);
#1577 = VERTEX_POINT('',#1578);
#1578 = CARTESIAN_POINT('',(98.,30.2304473783,-140.5685424949));
#1579 = LINE('',#1580,#1581);
#1580 = CARTESIAN_POINT('',(84.25,30.2304473783,-140.5685424949));
#1581 = VECTOR('',#1582,1.);
#1582 = DIRECTION('',(1.,0.,0.));
#1583 = ORIENTED_EDGE('',*,*,#1584,.T.);
#1584 = EDGE_CURVE('',#1577,#1543,#1585,.T.);
#1585 = LINE('',#1586,#1587);
#1586 = CARTESIAN_POINT('',(96.625,29.258175554168,-139.5962706707));
#1587 = VECTOR('',#1588,1.);
#1588 = DIRECTION('',(0.707106781187,0.5,-0.5));
#1589 = FACE_BOUND('',#1590,.T.);
#1590 = EDGE_LOOP('',(#1591,#1601,#1609,#1617,#1625,#1633));
#1591 = ORIENTED_EDGE('',*,*,#1592,.T.);
#1592 = EDGE_CURVE('',#1593,#1595,#1597,.T.);
#1593 = VERTEX_POINT('',#1594);
#1594 = CARTESIAN_POINT('',(126.,34.473088065419,-144.811183182));
#1595 = VERTEX_POINT('',#1596);
#1596 = CARTESIAN_POINT('',(126.,42.958369439657,-153.2964645562));
#1597 = LINE('',#1598,#1599);
#1598 = CARTESIAN_POINT('',(126.,40.129942314911,-150.4680374315));
#1599 = VECTOR('',#1600,1.);
#1600 = DIRECTION('',(0.,0.707106781187,-0.707106781187));
#1601 = ORIENTED_EDGE('',*,*,#1602,.T.);
#1602 = EDGE_CURVE('',#1595,#1603,#1605,.T.);
#1603 = VERTEX_POINT('',#1604);
#1604 = CARTESIAN_POINT('',(110.,42.958369439657,-153.2964645562));
#1605 = LINE('',#1606,#1607);
#1606 = CARTESIAN_POINT('',(90.25,42.958369439657,-153.2964645562));
#1607 = VECTOR('',#1608,1.);
#1608 = DIRECTION('',(-1.,0.,0.));
#1609 = ORIENTED_EDGE('',*,*,#1610,.T.);
#1610 = EDGE_CURVE('',#1603,#1611,#1613,.T.);
#1611 = VERTEX_POINT('',#1612);
#1612 = CARTESIAN_POINT('',(110.,34.473088065419,-144.811183182));
#1613 = LINE('',#1614,#1615);
#1614 = CARTESIAN_POINT('',(110.,35.887301627792,-146.2253967444));
#1615 = VECTOR('',#1616,1.);
#1616 = DIRECTION('',(0.,-0.707106781187,0.707106781187));
#1617 = ORIENTED_EDGE('',*,*,#1618,.T.);
#1618 = EDGE_CURVE('',#1611,#1619,#1621,.T.);
#1619 = VERTEX_POINT('',#1620);
#1620 = CARTESIAN_POINT('',(116.,30.2304473783,-140.5685424949));
#1621 = LINE('',#1622,#1623);
#1622 = CARTESIAN_POINT('',(102.125,40.041553967263,-150.3796490838));
#1623 = VECTOR('',#1624,1.);
#1624 = DIRECTION('',(0.707106781187,-0.5,0.5));
#1625 = ORIENTED_EDGE('',*,*,#1626,.T.);
#1626 = EDGE_CURVE('',#1619,#1627,#1629,.T.);
#1627 = VERTEX_POINT('',#1628);
#1628 = CARTESIAN_POINT('',(120.,30.2304473783,-140.5685424949));
#1629 = LINE('',#1630,#1631);
#1630 = CARTESIAN_POINT('',(95.25,30.2304473783,-140.5685424949));
#1631 = VECTOR('',#1632,1.);
#1632 = DIRECTION('',(1.,0.,0.));
#1633 = ORIENTED_EDGE('',*,*,#1634,.T.);
#1634 = EDGE_CURVE('',#1627,#1593,#1635,.T.);
#1635 = LINE('',#1636,#1637);
#1636 = CARTESIAN_POINT('',(113.125,25.369088257642,-135.7071833742));
#1637 = VECTOR('',#1638,1.);
#1638 = DIRECTION('',(0.707106781187,0.5,-0.5));
#1639 = PLANE('',#1640);
#1640 = AXIS2_PLACEMENT_3D('',#1641,#1642,#1643);
#1641 = CARTESIAN_POINT('',(70.5,37.301515190165,-147.6396103067));
#1642 = DIRECTION('',(-0.,-0.707106781187,-0.707106781187));
#1643 = DIRECTION('',(0.,0.707106781187,-0.707106781187));
#1644 = ADVANCED_FACE('',(#1645,#1663,#1713,#1763,#1813,#1863,#1913),
  #1963,.T.);
#1645 = FACE_BOUND('',#1646,.T.);
#1646 = EDGE_LOOP('',(#1647,#1655,#1661,#1662));
#1647 = ORIENTED_EDGE('',*,*,#1648,.T.);
#1648 = EDGE_CURVE('',#103,#1649,#1651,.T.);
#1649 = VERTEX_POINT('',#1650);
#1650 = CARTESIAN_POINT('',(1.,140.32697320904,-64.41314216113));
#1651 = LINE('',#1652,#1653);
#1652 = CARTESIAN_POINT('',(1.,127.59905114768,-51.68522009977));
#1653 = VECTOR('',#1654,1.);
#1654 = DIRECTION('',(0.,0.707106781187,-0.707106781187));
#1655 = ORIENTED_EDGE('',*,*,#1656,.T.);
#1656 = EDGE_CURVE('',#1649,#1359,#1657,.T.);
#1657 = LINE('',#1658,#1659);
#1658 = CARTESIAN_POINT('',(1.,141.24621202458,-63.49390334559));
#1659 = VECTOR('',#1660,1.);
#1660 = DIRECTION('',(0.,-0.707106781187,-0.707106781187));
#1661 = ORIENTED_EDGE('',*,*,#1358,.T.);
#1662 = ORIENTED_EDGE('',*,*,#110,.F.);
#1663 = FACE_BOUND('',#1664,.T.);
#1664 = EDGE_LOOP('',(#1665,#1675,#1683,#1691,#1699,#1707));
#1665 = ORIENTED_EDGE('',*,*,#1666,.T.);
#1666 = EDGE_CURVE('',#1667,#1669,#1671,.T.);
#1667 = VERTEX_POINT('',#1668);
#1668 = CARTESIAN_POINT('',(1.,113.66904755831,-65.61522368915));
#1669 = VERTEX_POINT('',#1670);
#1670 = CARTESIAN_POINT('',(1.,122.15432893255,-74.10050506338));
#1671 = LINE('',#1672,#1673);
#1672 = CARTESIAN_POINT('',(1.,115.08326112068,-67.02943725152));
#1673 = VECTOR('',#1674,1.);
#1674 = DIRECTION('',(0.,0.707106781187,-0.707106781187));
#1675 = ORIENTED_EDGE('',*,*,#1676,.T.);
#1676 = EDGE_CURVE('',#1669,#1677,#1679,.T.);
#1677 = VERTEX_POINT('',#1678);
#1678 = CARTESIAN_POINT('',(1.,133.46803743153,-62.7867965644));
#1679 = LINE('',#1680,#1681);
#1680 = CARTESIAN_POINT('',(1.,105.89087296526,-90.36396103067));
#1681 = VECTOR('',#1682,1.);
#1682 = DIRECTION('',(0.,0.707106781187,0.707106781187));
#1683 = ORIENTED_EDGE('',*,*,#1684,.T.);
#1684 = EDGE_CURVE('',#1677,#1685,#1687,.T.);
#1685 = VERTEX_POINT('',#1686);
#1686 = CARTESIAN_POINT('',(1.,124.98275605729,-54.30151519016));
#1687 = LINE('',#1688,#1689);
#1688 = CARTESIAN_POINT('',(1.,130.63961030678,-59.95836943965));
#1689 = VECTOR('',#1690,1.);
#1690 = DIRECTION('',(0.,-0.707106781187,0.707106781187));
#1691 = ORIENTED_EDGE('',*,*,#1692,.T.);
#1692 = EDGE_CURVE('',#1685,#1693,#1695,.T.);
#1693 = VERTEX_POINT('',#1694);
#1694 = CARTESIAN_POINT('',(1.,116.49747468305,-54.30151519016));
#1695 = LINE('',#1696,#1697);
#1696 = CARTESIAN_POINT('',(1.,104.47665940288,-54.30151519016));
#1697 = VECTOR('',#1698,1.);
#1698 = DIRECTION('',(0.,-1.,-8.326672684689E-16));
#1699 = ORIENTED_EDGE('',*,*,#1700,.T.);
#1700 = EDGE_CURVE('',#1693,#1701,#1703,.T.);
#1701 = VERTEX_POINT('',#1702);
#1702 = CARTESIAN_POINT('',(1.,113.66904755831,-57.12994231491));
#1703 = LINE('',#1704,#1705);
#1704 = CARTESIAN_POINT('',(1.,96.698484809835,-74.10050506338));
#1705 = VECTOR('',#1706,1.);
#1706 = DIRECTION('',(0.,-0.707106781187,-0.707106781187));
#1707 = ORIENTED_EDGE('',*,*,#1708,.T.);
#1708 = EDGE_CURVE('',#1701,#1667,#1709,.T.);
#1709 = LINE('',#1710,#1711);
#1710 = CARTESIAN_POINT('',(1.,113.66904755831,-79.05025253169));
#1711 = VECTOR('',#1712,1.);
#1712 = DIRECTION('',(0.,8.326672684689E-16,-1.));
#1713 = FACE_BOUND('',#1714,.T.);
#1714 = EDGE_LOOP('',(#1715,#1725,#1733,#1741,#1749,#1757));
#1715 = ORIENTED_EDGE('',*,*,#1716,.T.);
#1716 = EDGE_CURVE('',#1717,#1719,#1721,.T.);
#1717 = VERTEX_POINT('',#1718);
#1718 = CARTESIAN_POINT('',(1.,99.526911934581,-79.75735931288));
#1719 = VERTEX_POINT('',#1720);
#1720 = CARTESIAN_POINT('',(1.,108.01219330882,-88.24264068711));
#1721 = LINE('',#1722,#1723);
#1722 = CARTESIAN_POINT('',(1.,100.94112549695,-81.17157287525));
#1723 = VECTOR('',#1724,1.);
#1724 = DIRECTION('',(0.,0.707106781187,-0.707106781187));
#1725 = ORIENTED_EDGE('',*,*,#1726,.T.);
#1726 = EDGE_CURVE('',#1719,#1727,#1729,.T.);
#1727 = VERTEX_POINT('',#1728);
#1728 = CARTESIAN_POINT('',(1.,119.3259018078,-76.92893218813));
#1729 = LINE('',#1730,#1731);
#1730 = CARTESIAN_POINT('',(1.,98.819805153395,-97.43502884254));
#1731 = VECTOR('',#1732,1.);
#1732 = DIRECTION('',(0.,0.707106781187,0.707106781187));
#1733 = ORIENTED_EDGE('',*,*,#1734,.T.);
#1734 = EDGE_CURVE('',#1727,#1735,#1737,.T.);
#1735 = VERTEX_POINT('',#1736);
#1736 = CARTESIAN_POINT('',(1.,110.84062043356,-68.44365081389));
#1737 = LINE('',#1738,#1739);
#1738 = CARTESIAN_POINT('',(1.,116.49747468305,-74.10050506338));
#1739 = VECTOR('',#1740,1.);
#1740 = DIRECTION('',(0.,-0.707106781187,0.707106781187));
#1741 = ORIENTED_EDGE('',*,*,#1742,.T.);
#1742 = EDGE_CURVE('',#1735,#1743,#1745,.T.);
#1743 = VERTEX_POINT('',#1744);
#1744 = CARTESIAN_POINT('',(1.,102.35533905932,-68.44365081389));
#1745 = LINE('',#1746,#1747);
#1746 = CARTESIAN_POINT('',(1.,97.405591591022,-68.44365081389));
#1747 = VECTOR('',#1748,1.);
#1748 = DIRECTION('',(0.,-1.,-8.326672684689E-16));
#1749 = ORIENTED_EDGE('',*,*,#1750,.T.);
#1750 = EDGE_CURVE('',#1743,#1751,#1753,.T.);
#1751 = VERTEX_POINT('',#1752);
#1752 = CARTESIAN_POINT('',(1.,99.526911934581,-71.27207793864));
#1753 = LINE('',#1754,#1755);
#1754 = CARTESIAN_POINT('',(1.,89.62741699797,-81.17157287525));
#1755 = VECTOR('',#1756,1.);
#1756 = DIRECTION('',(0.,-0.707106781187,-0.707106781187));
#1757 = ORIENTED_EDGE('',*,*,#1758,.T.);
#1758 = EDGE_CURVE('',#1751,#1717,#1759,.T.);
#1759 = LINE('',#1760,#1761);
#1760 = CARTESIAN_POINT('',(1.,99.526911934581,-86.12132034356));
#1761 = VECTOR('',#1762,1.);
#1762 = DIRECTION('',(0.,8.326672684689E-16,-1.));
#1763 = FACE_BOUND('',#1764,.T.);
#1764 = EDGE_LOOP('',(#1765,#1775,#1783,#1791,#1799,#1807));
#1765 = ORIENTED_EDGE('',*,*,#1766,.T.);
#1766 = EDGE_CURVE('',#1767,#1769,#1771,.T.);
#1767 = VERTEX_POINT('',#1768);
#1768 = CARTESIAN_POINT('',(1.,85.38477631085,-93.89949493661));
#1769 = VERTEX_POINT('',#1770);
#1770 = CARTESIAN_POINT('',(1.,93.870057685089,-102.3847763108));
#1771 = LINE('',#1772,#1773);
#1772 = CARTESIAN_POINT('',(1.,86.798989873223,-95.31370849898));
#1773 = VECTOR('',#1774,1.);
#1774 = DIRECTION('',(0.,0.707106781187,-0.707106781187));
#1775 = ORIENTED_EDGE('',*,*,#1776,.T.);
#1776 = EDGE_CURVE('',#1769,#1777,#1779,.T.);
#1777 = VERTEX_POINT('',#1778);
#1778 = CARTESIAN_POINT('',(1.,105.18376618407,-91.07106781186));
#1779 = LINE('',#1780,#1781);
#1780 = CARTESIAN_POINT('',(1.,91.748737341529,-104.5060966544));
#1781 = VECTOR('',#1782,1.);
#1782 = DIRECTION('',(0.,0.707106781187,0.707106781187));
#1783 = ORIENTED_EDGE('',*,*,#1784,.T.);
#1784 = EDGE_CURVE('',#1777,#1785,#1787,.T.);
#1785 = VERTEX_POINT('',#1786);
#1786 = CARTESIAN_POINT('',(1.,96.698484809835,-82.58578643762));
#1787 = LINE('',#1788,#1789);
#1788 = CARTESIAN_POINT('',(1.,102.35533905932,-88.24264068711));
#1789 = VECTOR('',#1790,1.);
#1790 = DIRECTION('',(0.,-0.707106781187,0.707106781187));
#1791 = ORIENTED_EDGE('',*,*,#1792,.T.);
#1792 = EDGE_CURVE('',#1785,#1793,#1795,.T.);
#1793 = VERTEX_POINT('',#1794);
#1794 = CARTESIAN_POINT('',(1.,88.213203435596,-82.58578643762));
#1795 = LINE('',#1796,#1797);
#1796 = CARTESIAN_POINT('',(1.,90.334523779156,-82.58578643762));
#1797 = VECTOR('',#1798,1.);
#1798 = DIRECTION('',(0.,-1.,-8.326672684689E-16));
#1799 = ORIENTED_EDGE('',*,*,#1800,.T.);
#1800 = EDGE_CURVE('',#1793,#1801,#1803,.T.);
#1801 = VERTEX_POINT('',#1802);
#1802 = CARTESIAN_POINT('',(1.,85.38477631085,-85.41421356237));
#1803 = LINE('',#1804,#1805);
#1804 = CARTESIAN_POINT('',(1.,82.556349186104,-88.24264068711));
#1805 = VECTOR('',#1806,1.);
#1806 = DIRECTION('',(0.,-0.707106781187,-0.707106781187));
#1807 = ORIENTED_EDGE('',*,*,#1808,.T.);
#1808 = EDGE_CURVE('',#1801,#1767,#1809,.T.);
#1809 = LINE('',#1810,#1811);
#1810 = CARTESIAN_POINT('',(1.,85.38477631085,-93.19238815542));
#1811 = VECTOR('',#1812,1.);
#1812 = DIRECTION('',(0.,8.326672684689E-16,-1.));
#1813 = FACE_BOUND('',#1814,.T.);
#1814 = EDGE_LOOP('',(#1815,#1825,#1833,#1841,#1849,#1857));
#1815 = ORIENTED_EDGE('',*,*,#1816,.T.);
#1816 = EDGE_CURVE('',#1817,#1819,#1821,.T.);
#1817 = VERTEX_POINT('',#1818);
#1818 = CARTESIAN_POINT('',(1.,71.242640687119,-108.0416305603));
#1819 = VERTEX_POINT('',#1820);
#1820 = CARTESIAN_POINT('',(1.,79.727922061358,-116.5269119345));
#1821 = LINE('',#1822,#1823);
#1822 = CARTESIAN_POINT('',(1.,72.656854249492,-109.4558441227));
#1823 = VECTOR('',#1824,1.);
#1824 = DIRECTION('',(0.,0.707106781187,-0.707106781187));
#1825 = ORIENTED_EDGE('',*,*,#1826,.T.);
#1826 = EDGE_CURVE('',#1819,#1827,#1829,.T.);
#1827 = VERTEX_POINT('',#1828);
#1828 = CARTESIAN_POINT('',(1.,91.041630560343,-105.2132034355));
#1829 = LINE('',#1830,#1831);
#1830 = CARTESIAN_POINT('',(1.,84.677669529664,-111.5771644662));
#1831 = VECTOR('',#1832,1.);
#1832 = DIRECTION('',(0.,0.707106781187,0.707106781187));
#1833 = ORIENTED_EDGE('',*,*,#1834,.T.);
#1834 = EDGE_CURVE('',#1827,#1835,#1837,.T.);
#1835 = VERTEX_POINT('',#1836);
#1836 = CARTESIAN_POINT('',(1.,82.556349186104,-96.72792206135));
#1837 = LINE('',#1838,#1839);
#1838 = CARTESIAN_POINT('',(1.,88.213203435596,-102.3847763108));
#1839 = VECTOR('',#1840,1.);
#1840 = DIRECTION('',(0.,-0.707106781187,0.707106781187));
#1841 = ORIENTED_EDGE('',*,*,#1842,.T.);
#1842 = EDGE_CURVE('',#1835,#1843,#1845,.T.);
#1843 = VERTEX_POINT('',#1844);
#1844 = CARTESIAN_POINT('',(1.,74.071067811866,-96.72792206135));
#1845 = LINE('',#1846,#1847);
#1846 = CARTESIAN_POINT('',(1.,83.263455967291,-96.72792206135));
#1847 = VECTOR('',#1848,1.);
#1848 = DIRECTION('',(0.,-1.,-8.326672684689E-16));
#1849 = ORIENTED_EDGE('',*,*,#1850,.T.);
#1850 = EDGE_CURVE('',#1843,#1851,#1853,.T.);
#1851 = VERTEX_POINT('',#1852);
#1852 = CARTESIAN_POINT('',(1.,71.242640687119,-99.5563491861));
#1853 = LINE('',#1854,#1855);
#1854 = CARTESIAN_POINT('',(1.,75.485281374239,-95.31370849898));
#1855 = VECTOR('',#1856,1.);
#1856 = DIRECTION('',(0.,-0.707106781187,-0.707106781187));
#1857 = ORIENTED_EDGE('',*,*,#1858,.T.);
#1858 = EDGE_CURVE('',#1851,#1817,#1859,.T.);
#1859 = LINE('',#1860,#1861);
#1860 = CARTESIAN_POINT('',(1.,71.242640687119,-100.2634559672));
#1861 = VECTOR('',#1862,1.);
#1862 = DIRECTION('',(0.,8.326672684689E-16,-1.));
#1863 = FACE_BOUND('',#1864,.T.);
#1864 = EDGE_LOOP('',(#1865,#1875,#1883,#1891,#1899,#1907));
#1865 = ORIENTED_EDGE('',*,*,#1866,.T.);
#1866 = EDGE_CURVE('',#1867,#1869,#1871,.T.);
#1867 = VERTEX_POINT('',#1868);
#1868 = CARTESIAN_POINT('',(1.,57.100505063388,-122.183766184));
#1869 = VERTEX_POINT('',#1870);
#1870 = CARTESIAN_POINT('',(1.,65.585786437627,-130.6690475583));
#1871 = LINE('',#1872,#1873);
#1872 = CARTESIAN_POINT('',(1.,58.514718625761,-123.5979797464));
#1873 = VECTOR('',#1874,1.);
#1874 = DIRECTION('',(0.,0.707106781187,-0.707106781187));
#1875 = ORIENTED_EDGE('',*,*,#1876,.T.);
#1876 = EDGE_CURVE('',#1869,#1877,#1879,.T.);
#1877 = VERTEX_POINT('',#1878);
#1878 = CARTESIAN_POINT('',(1.,76.899494936612,-119.3553390593));
#1879 = LINE('',#1880,#1881);
#1880 = CARTESIAN_POINT('',(1.,77.606601717798,-118.6482322781));
#1881 = VECTOR('',#1882,1.);
#1882 = DIRECTION('',(0.,0.707106781187,0.707106781187));
#1883 = ORIENTED_EDGE('',*,*,#1884,.T.);
#1884 = EDGE_CURVE('',#1877,#1885,#1887,.T.);
#1885 = VERTEX_POINT('',#1886);
#1886 = CARTESIAN_POINT('',(1.,68.414213562373,-110.870057685));
#1887 = LINE('',#1888,#1889);
#1888 = CARTESIAN_POINT('',(1.,74.071067811866,-116.5269119345));
#1889 = VECTOR('',#1890,1.);
#1890 = DIRECTION('',(0.,-0.707106781187,0.707106781187));
#1891 = ORIENTED_EDGE('',*,*,#1892,.T.);
#1892 = EDGE_CURVE('',#1885,#1893,#1895,.T.);
#1893 = VERTEX_POINT('',#1894);
#1894 = CARTESIAN_POINT('',(1.,59.928932188135,-110.870057685));
#1895 = LINE('',#1896,#1897);
#1896 = CARTESIAN_POINT('',(1.,76.192388155425,-110.870057685));
#1897 = VECTOR('',#1898,1.);
#1898 = DIRECTION('',(0.,-1.,-8.326672684689E-16));
#1899 = ORIENTED_EDGE('',*,*,#1900,.T.);
#1900 = EDGE_CURVE('',#1893,#1901,#1903,.T.);
#1901 = VERTEX_POINT('',#1902);
#1902 = CARTESIAN_POINT('',(1.,57.100505063388,-113.6984848098));
#1903 = LINE('',#1904,#1905);
#1904 = CARTESIAN_POINT('',(1.,68.414213562373,-102.3847763108));
#1905 = VECTOR('',#1906,1.);
#1906 = DIRECTION('',(0.,-0.707106781187,-0.707106781187));
#1907 = ORIENTED_EDGE('',*,*,#1908,.T.);
#1908 = EDGE_CURVE('',#1901,#1867,#1909,.T.);
#1909 = LINE('',#1910,#1911);
#1910 = CARTESIAN_POINT('',(1.,57.100505063388,-107.3345237791));
#1911 = VECTOR('',#1912,1.);
#1912 = DIRECTION('',(0.,8.326672684689E-16,-1.));
#1913 = FACE_BOUND('',#1914,.T.);
#1914 = EDGE_LOOP('',(#1915,#1925,#1933,#1941,#1949,#1957));
#1915 = ORIENTED_EDGE('',*,*,#1916,.T.);
#1916 = EDGE_CURVE('',#1917,#1919,#1921,.T.);
#1917 = VERTEX_POINT('',#1918);
#1918 = CARTESIAN_POINT('',(1.,42.958369439657,-136.3259018078));
#1919 = VERTEX_POINT('',#1920);
#1920 = CARTESIAN_POINT('',(1.,51.443650813896,-144.811183182));
#1921 = LINE('',#1922,#1923);
#1922 = CARTESIAN_POINT('',(1.,44.372583002031,-137.7401153701));
#1923 = VECTOR('',#1924,1.);
#1924 = DIRECTION('',(0.,0.707106781187,-0.707106781187));
#1925 = ORIENTED_EDGE('',*,*,#1926,.T.);
#1926 = EDGE_CURVE('',#1919,#1927,#1929,.T.);
#1927 = VERTEX_POINT('',#1928);
#1928 = CARTESIAN_POINT('',(1.,62.757359312881,-133.497474683));
#1929 = LINE('',#1930,#1931);
#1930 = CARTESIAN_POINT('',(1.,70.535533905933,-125.71930009));
#1931 = VECTOR('',#1932,1.);
#1932 = DIRECTION('',(0.,0.707106781187,0.707106781187));
#1933 = ORIENTED_EDGE('',*,*,#1934,.T.);
#1934 = EDGE_CURVE('',#1927,#1935,#1937,.T.);
#1935 = VERTEX_POINT('',#1936);
#1936 = CARTESIAN_POINT('',(1.,54.272077938642,-125.0121933088));
#1937 = LINE('',#1938,#1939);
#1938 = CARTESIAN_POINT('',(1.,59.928932188135,-130.6690475583));
#1939 = VECTOR('',#1940,1.);
#1940 = DIRECTION('',(0.,-0.707106781187,0.707106781187));
#1941 = ORIENTED_EDGE('',*,*,#1942,.T.);
#1942 = EDGE_CURVE('',#1935,#1943,#1945,.T.);
#1943 = VERTEX_POINT('',#1944);
#1944 = CARTESIAN_POINT('',(1.,45.786796564404,-125.0121933088));
#1945 = LINE('',#1946,#1947);
#1946 = CARTESIAN_POINT('',(1.,69.12132034356,-125.0121933088));
#1947 = VECTOR('',#1948,1.);
#1948 = DIRECTION('',(0.,-1.,-8.326672684689E-16));
#1949 = ORIENTED_EDGE('',*,*,#1950,.T.);
#1950 = EDGE_CURVE('',#1943,#1951,#1953,.T.);
#1951 = VERTEX_POINT('',#1952);
#1952 = CARTESIAN_POINT('',(1.,42.958369439657,-127.8406204335));
#1953 = LINE('',#1954,#1955);
#1954 = CARTESIAN_POINT('',(1.,61.343145750508,-109.4558441227));
#1955 = VECTOR('',#1956,1.);
#1956 = DIRECTION('',(0.,-0.707106781187,-0.707106781187));
#1957 = ORIENTED_EDGE('',*,*,#1958,.T.);
#1958 = EDGE_CURVE('',#1951,#1917,#1959,.T.);
#1959 = LINE('',#1960,#1961);
#1960 = CARTESIAN_POINT('',(1.,42.958369439657,-114.405591591));
#1961 = VECTOR('',#1962,1.);
#1962 = DIRECTION('',(0.,8.326672684689E-16,-1.));
#1963 = PLANE('',#1964);
#1964 = AXIS2_PLACEMENT_3D('',#1965,#1966,#1967);
#1965 = CARTESIAN_POINT('',(1.,83.970562748477,-100.9705627484));
#1966 = DIRECTION('',(-1.,0.,-0.));
#1967 = DIRECTION('',(0.,0.707106781187,-0.707106781187));
#1968 = ADVANCED_FACE('',(#1969),#2004,.T.);
#1969 = FACE_BOUND('',#1970,.T.);
#1970 = EDGE_LOOP('',(#1971,#1972,#1973,#1981,#1989,#1997,#2003));
#1971 = ORIENTED_EDGE('',*,*,#102,.F.);
#1972 = ORIENTED_EDGE('',*,*,#287,.F.);
#1973 = ORIENTED_EDGE('',*,*,#1974,.F.);
#1974 = EDGE_CURVE('',#1975,#280,#1977,.T.);
#1975 = VERTEX_POINT('',#1976);
#1976 = CARTESIAN_POINT('',(19.,138.20565286548,-62.29182181757));
#1977 = LINE('',#1978,#1979);
#1978 = CARTESIAN_POINT('',(40.25,138.20565286548,-62.29182181757));
#1979 = VECTOR('',#1980,1.);
#1980 = DIRECTION('',(-1.,0.,0.));
#1981 = ORIENTED_EDGE('',*,*,#1982,.T.);
#1982 = EDGE_CURVE('',#1975,#1983,#1985,.T.);
#1983 = VERTEX_POINT('',#1984);
#1984 = CARTESIAN_POINT('',(19.,143.15540033379,-67.24156928587));
#1985 = LINE('',#1986,#1987);
#1986 = CARTESIAN_POINT('',(19.,133.96301217836,-58.04918113045));
#1987 = VECTOR('',#1988,1.);
#1988 = DIRECTION('',(0.,0.707106781187,-0.707106781187));
#1989 = ORIENTED_EDGE('',*,*,#1990,.F.);
#1990 = EDGE_CURVE('',#1991,#1983,#1993,.T.);
#1991 = VERTEX_POINT('',#1992);
#1992 = CARTESIAN_POINT('',(5.,143.15540033379,-67.24156928587));
#1993 = LINE('',#1994,#1995);
#1994 = CARTESIAN_POINT('',(70.486767746382,143.15540033379,
    -67.24156928587));
#1995 = VECTOR('',#1996,1.);
#1996 = DIRECTION('',(1.,0.,0.));
#1997 = ORIENTED_EDGE('',*,*,#1998,.F.);
#1998 = EDGE_CURVE('',#1649,#1991,#1999,.T.);
#1999 = LINE('',#2000,#2001);
#2000 = CARTESIAN_POINT('',(14.875,150.138079798,-74.22424875009));
#2001 = VECTOR('',#2002,1.);
#2002 = DIRECTION('',(0.707106781187,0.5,-0.5));
#2003 = ORIENTED_EDGE('',*,*,#1648,.F.);
#2004 = PLANE('',#2005);
#2005 = AXIS2_PLACEMENT_3D('',#2006,#2007,#2008);
#2006 = CARTESIAN_POINT('',(70.5,124.77062402294,-48.85679297502));
#2007 = DIRECTION('',(0.,0.707106781187,0.707106781187));
#2008 = DIRECTION('',(0.,-0.707106781187,0.707106781187));
#2009 = ADVANCED_FACE('',(#2010),#2035,.T.);
#2010 = FACE_BOUND('',#2011,.T.);
#2011 = EDGE_LOOP('',(#2012,#2013,#2021,#2029));
#2012 = ORIENTED_EDGE('',*,*,#158,.T.);
#2013 = ORIENTED_EDGE('',*,*,#2014,.F.);
#2014 = EDGE_CURVE('',#2015,#161,#2017,.T.);
#2015 = VERTEX_POINT('',#2016);
#2016 = CARTESIAN_POINT('',(2.,116.14392129246,-40.51293295702));
#2017 = LINE('',#2018,#2019);
#2018 = CARTESIAN_POINT('',(2.,116.14392129246,-40.51293295702));
#2019 = VECTOR('',#2020,1.);
#2020 = DIRECTION('',(0.581238193719,0.575396455569,-0.575396455569));
#2021 = ORIENTED_EDGE('',*,*,#2022,.F.);
#2022 = EDGE_CURVE('',#2023,#2015,#2025,.T.);
#2023 = VERTEX_POINT('',#2024);
#2024 = CARTESIAN_POINT('',(8.,116.14392129246,-40.51293295702));
#2025 = LINE('',#2026,#2027);
#2026 = CARTESIAN_POINT('',(8.,116.14392129246,-40.51293295702));
#2027 = VECTOR('',#2028,1.);
#2028 = DIRECTION('',(-1.,-0.,0.));
#2029 = ORIENTED_EDGE('',*,*,#2030,.F.);
#2030 = EDGE_CURVE('',#159,#2023,#2031,.T.);
#2031 = LINE('',#2032,#2033);
#2032 = CARTESIAN_POINT('',(6.5,117.62884553295,-41.99785719751));
#2033 = VECTOR('',#2034,1.);
#2034 = DIRECTION('',(0.581238193719,-0.575396455569,0.575396455569));
#2035 = PLANE('',#2036);
#2036 = AXIS2_PLACEMENT_3D('',#2037,#2038,#2039);
#2037 = CARTESIAN_POINT('',(5.,116.72909761314,-41.0981092777));
#2038 = DIRECTION('',(0.,0.707106781187,0.707106781187));
#2039 = DIRECTION('',(0.,-0.707106781187,0.707106781187));
#2040 = ADVANCED_FACE('',(#2041),#2059,.F.);
#2041 = FACE_BOUND('',#2042,.F.);
#2042 = EDGE_LOOP('',(#2043,#2044,#2045,#2053));
#2043 = ORIENTED_EDGE('',*,*,#2030,.F.);
#2044 = ORIENTED_EDGE('',*,*,#168,.T.);
#2045 = ORIENTED_EDGE('',*,*,#2046,.T.);
#2046 = EDGE_CURVE('',#169,#2047,#2049,.T.);
#2047 = VERTEX_POINT('',#2048);
#2048 = CARTESIAN_POINT('',(8.,26.694913472367,-129.9619407771));
#2049 = LINE('',#2050,#2051);
#2050 = CARTESIAN_POINT('',(6.5,28.179837712859,-131.4468650176));
#2051 = VECTOR('',#2052,1.);
#2052 = DIRECTION('',(0.581238193719,-0.575396455569,0.575396455569));
#2053 = ORIENTED_EDGE('',*,*,#2054,.F.);
#2054 = EDGE_CURVE('',#2023,#2047,#2055,.T.);
#2055 = LINE('',#2056,#2057);
#2056 = CARTESIAN_POINT('',(8.,116.14392129246,-40.51293295702));
#2057 = VECTOR('',#2058,1.);
#2058 = DIRECTION('',(0.,-0.707106781187,-0.707106781187));
#2059 = PLANE('',#2060);
#2060 = AXIS2_PLACEMENT_3D('',#2061,#2062,#2063);
#2061 = CARTESIAN_POINT('',(6.5,117.62884553295,-41.99785719751));
#2062 = DIRECTION('',(-0.813733471207,-0.410997468263,0.410997468263));
#2063 = DIRECTION('',(0.581238193719,-0.575396455569,0.575396455569));
#2064 = ADVANCED_FACE('',(#2065),#2083,.F.);
#2065 = FACE_BOUND('',#2066,.F.);
#2066 = EDGE_LOOP('',(#2067,#2068,#2076,#2082));
#2067 = ORIENTED_EDGE('',*,*,#2014,.F.);
#2068 = ORIENTED_EDGE('',*,*,#2069,.T.);
#2069 = EDGE_CURVE('',#2015,#2070,#2072,.T.);
#2070 = VERTEX_POINT('',#2071);
#2071 = CARTESIAN_POINT('',(2.,26.694913472367,-129.9619407771));
#2072 = LINE('',#2073,#2074);
#2073 = CARTESIAN_POINT('',(2.,116.14392129246,-40.51293295702));
#2074 = VECTOR('',#2075,1.);
#2075 = DIRECTION('',(0.,-0.707106781187,-0.707106781187));
#2076 = ORIENTED_EDGE('',*,*,#2077,.T.);
#2077 = EDGE_CURVE('',#2070,#177,#2078,.T.);
#2078 = LINE('',#2079,#2080);
#2079 = CARTESIAN_POINT('',(2.,26.694913472367,-129.9619407771));
#2080 = VECTOR('',#2081,1.);
#2081 = DIRECTION('',(0.581238193719,0.575396455569,-0.575396455569));
#2082 = ORIENTED_EDGE('',*,*,#184,.T.);
#2083 = PLANE('',#2084);
#2084 = AXIS2_PLACEMENT_3D('',#2085,#2086,#2087);
#2085 = CARTESIAN_POINT('',(2.,116.14392129246,-40.51293295702));
#2086 = DIRECTION('',(0.813733471207,-0.410997468263,0.410997468263));
#2087 = DIRECTION('',(0.581238193719,0.575396455569,-0.575396455569));
#2088 = ADVANCED_FACE('',(#2089),#2100,.F.);
#2089 = FACE_BOUND('',#2090,.F.);
#2090 = EDGE_LOOP('',(#2091,#2092,#2093,#2099));
#2091 = ORIENTED_EDGE('',*,*,#176,.T.);
#2092 = ORIENTED_EDGE('',*,*,#2077,.F.);
#2093 = ORIENTED_EDGE('',*,*,#2094,.F.);
#2094 = EDGE_CURVE('',#2047,#2070,#2095,.T.);
#2095 = LINE('',#2096,#2097);
#2096 = CARTESIAN_POINT('',(8.,26.694913472367,-129.9619407771));
#2097 = VECTOR('',#2098,1.);
#2098 = DIRECTION('',(-1.,-0.,0.));
#2099 = ORIENTED_EDGE('',*,*,#2046,.F.);
#2100 = PLANE('',#2101);
#2101 = AXIS2_PLACEMENT_3D('',#2102,#2103,#2104);
#2102 = CARTESIAN_POINT('',(5.,27.280089793047,-130.5471170978));
#2103 = DIRECTION('',(0.,0.707106781187,0.707106781187));
#2104 = DIRECTION('',(0.,-0.707106781187,0.707106781187));
#2105 = ADVANCED_FACE('',(#2106),#2131,.F.);
#2106 = FACE_BOUND('',#2107,.F.);
#2107 = EDGE_LOOP('',(#2108,#2116,#2124,#2130));
#2108 = ORIENTED_EDGE('',*,*,#2109,.F.);
#2109 = EDGE_CURVE('',#2110,#270,#2112,.T.);
#2110 = VERTEX_POINT('',#2111);
#2111 = CARTESIAN_POINT('',(5.,120.03300858899,-80.46446609406));
#2112 = LINE('',#2113,#2114);
#2113 = CARTESIAN_POINT('',(5.,120.03300858899,-80.46446609406));
#2114 = VECTOR('',#2115,1.);
#2115 = DIRECTION('',(1.,0.,0.));
#2116 = ORIENTED_EDGE('',*,*,#2117,.T.);
#2117 = EDGE_CURVE('',#2110,#2118,#2120,.T.);
#2118 = VERTEX_POINT('',#2119);
#2119 = CARTESIAN_POINT('',(5.,117.91168824543,-78.3431457505));
#2120 = LINE('',#2121,#2122);
#2121 = CARTESIAN_POINT('',(5.,120.03300858899,-80.46446609406));
#2122 = VECTOR('',#2123,1.);
#2123 = DIRECTION('',(0.,-0.707106781187,0.707106781187));
#2124 = ORIENTED_EDGE('',*,*,#2125,.T.);
#2125 = EDGE_CURVE('',#2118,#272,#2126,.T.);
#2126 = LINE('',#2127,#2128);
#2127 = CARTESIAN_POINT('',(2.5,117.91168824543,-78.3431457505));
#2128 = VECTOR('',#2129,1.);
#2129 = DIRECTION('',(1.,0.,0.));
#2130 = ORIENTED_EDGE('',*,*,#269,.F.);
#2131 = PLANE('',#2132);
#2132 = AXIS2_PLACEMENT_3D('',#2133,#2134,#2135);
#2133 = CARTESIAN_POINT('',(5.,120.03300858899,-80.46446609406));
#2134 = DIRECTION('',(0.,0.707106781187,0.707106781187));
#2135 = DIRECTION('',(1.,0.,0.));
#2136 = ADVANCED_FACE('',(#2137),#2162,.T.);
#2137 = FACE_BOUND('',#2138,.T.);
#2138 = EDGE_LOOP('',(#2139,#2140,#2148,#2154,#2155,#2156));
#2139 = ORIENTED_EDGE('',*,*,#1726,.F.);
#2140 = ORIENTED_EDGE('',*,*,#2141,.T.);
#2141 = EDGE_CURVE('',#1719,#2142,#2144,.T.);
#2142 = VERTEX_POINT('',#2143);
#2143 = CARTESIAN_POINT('',(5.,108.01219330882,-88.24264068711));
#2144 = LINE('',#2145,#2146);
#2145 = CARTESIAN_POINT('',(-7.283E-14,108.01219330882,-88.24264068711)
  );
#2146 = VECTOR('',#2147,1.);
#2147 = DIRECTION('',(1.,0.,0.));
#2148 = ORIENTED_EDGE('',*,*,#2149,.T.);
#2149 = EDGE_CURVE('',#2142,#2118,#2150,.T.);
#2150 = LINE('',#2151,#2152);
#2151 = CARTESIAN_POINT('',(5.,75.485281374239,-120.7695526217));
#2152 = VECTOR('',#2153,1.);
#2153 = DIRECTION('',(0.,0.707106781187,0.707106781187));
#2154 = ORIENTED_EDGE('',*,*,#2125,.T.);
#2155 = ORIENTED_EDGE('',*,*,#398,.F.);
#2156 = ORIENTED_EDGE('',*,*,#2157,.F.);
#2157 = EDGE_CURVE('',#1727,#391,#2158,.T.);
#2158 = LINE('',#2159,#2160);
#2159 = CARTESIAN_POINT('',(-7.994E-14,119.3259018078,-76.92893218813));
#2160 = VECTOR('',#2161,1.);
#2161 = DIRECTION('',(1.,0.,0.));
#2162 = PLANE('',#2163);
#2163 = AXIS2_PLACEMENT_3D('',#2164,#2165,#2166);
#2164 = CARTESIAN_POINT('',(-7.283E-14,108.01219330882,-88.24264068711)
  );
#2165 = DIRECTION('',(0.,-0.707106781187,0.707106781187));
#2166 = DIRECTION('',(-4.4E-16,0.707106781187,0.707106781187));
#2167 = ADVANCED_FACE('',(#2168),#2179,.T.);
#2168 = FACE_BOUND('',#2169,.T.);
#2169 = EDGE_LOOP('',(#2170,#2171,#2172,#2173));
#2170 = ORIENTED_EDGE('',*,*,#1734,.F.);
#2171 = ORIENTED_EDGE('',*,*,#2157,.T.);
#2172 = ORIENTED_EDGE('',*,*,#390,.F.);
#2173 = ORIENTED_EDGE('',*,*,#2174,.F.);
#2174 = EDGE_CURVE('',#1735,#383,#2175,.T.);
#2175 = LINE('',#2176,#2177);
#2176 = CARTESIAN_POINT('',(-7.727E-14,110.84062043356,-68.44365081389)
  );
#2177 = VECTOR('',#2178,1.);
#2178 = DIRECTION('',(1.,0.,0.));
#2179 = PLANE('',#2180);
#2180 = AXIS2_PLACEMENT_3D('',#2181,#2182,#2183);
#2181 = CARTESIAN_POINT('',(-7.994E-14,119.3259018078,-76.92893218813));
#2182 = DIRECTION('',(0.,-0.707106781187,-0.707106781187));
#2183 = DIRECTION('',(2.2E-16,-0.707106781187,0.707106781187));
#2184 = ADVANCED_FACE('',(#2185),#2220,.T.);
#2185 = FACE_BOUND('',#2186,.T.);
#2186 = EDGE_LOOP('',(#2187,#2188,#2189,#2190,#2198,#2206,#2214));
#2187 = ORIENTED_EDGE('',*,*,#1742,.F.);
#2188 = ORIENTED_EDGE('',*,*,#2174,.T.);
#2189 = ORIENTED_EDGE('',*,*,#382,.F.);
#2190 = ORIENTED_EDGE('',*,*,#2191,.T.);
#2191 = EDGE_CURVE('',#375,#2192,#2194,.T.);
#2192 = VERTEX_POINT('',#2193);
#2193 = CARTESIAN_POINT('',(5.,108.01219330882,-68.44365081389));
#2194 = LINE('',#2195,#2196);
#2195 = CARTESIAN_POINT('',(2.5,108.01219330882,-68.44365081389));
#2196 = VECTOR('',#2197,1.);
#2197 = DIRECTION('',(-1.,0.,0.));
#2198 = ORIENTED_EDGE('',*,*,#2199,.T.);
#2199 = EDGE_CURVE('',#2192,#2200,#2202,.T.);
#2200 = VERTEX_POINT('',#2201);
#2201 = CARTESIAN_POINT('',(5.,103.7695526217,-68.44365081389));
#2202 = LINE('',#2203,#2204);
#2203 = CARTESIAN_POINT('',(5.,80.435028842544,-68.44365081389));
#2204 = VECTOR('',#2205,1.);
#2205 = DIRECTION('',(0.,-1.,-8.326672684689E-16));
#2206 = ORIENTED_EDGE('',*,*,#2207,.T.);
#2207 = EDGE_CURVE('',#2200,#2208,#2210,.T.);
#2208 = VERTEX_POINT('',#2209);
#2209 = CARTESIAN_POINT('',(6.,102.35533905932,-68.44365081389));
#2210 = LINE('',#2211,#2212);
#2211 = CARTESIAN_POINT('',(-2.333333333333,114.1404520791,
    -68.44365081389));
#2212 = VECTOR('',#2213,1.);
#2213 = DIRECTION('',(0.57735026919,-0.816496580928,-6.661338147751E-16)
  );
#2214 = ORIENTED_EDGE('',*,*,#2215,.F.);
#2215 = EDGE_CURVE('',#1743,#2208,#2216,.T.);
#2216 = LINE('',#2217,#2218);
#2217 = CARTESIAN_POINT('',(-7.327E-14,102.35533905932,-68.44365081389)
  );
#2218 = VECTOR('',#2219,1.);
#2219 = DIRECTION('',(1.,0.,0.));
#2220 = PLANE('',#2221);
#2221 = AXIS2_PLACEMENT_3D('',#2222,#2223,#2224);
#2222 = CARTESIAN_POINT('',(-7.727E-14,110.84062043356,-68.44365081389)
  );
#2223 = DIRECTION('',(0.,8.326672684689E-16,-1.));
#2224 = DIRECTION('',(4.7E-16,-1.,-8.326672684689E-16));
#2225 = ADVANCED_FACE('',(#2226),#2244,.F.);
#2226 = FACE_BOUND('',#2227,.F.);
#2227 = EDGE_LOOP('',(#2228,#2229,#2237,#2243));
#2228 = ORIENTED_EDGE('',*,*,#2191,.T.);
#2229 = ORIENTED_EDGE('',*,*,#2230,.T.);
#2230 = EDGE_CURVE('',#2192,#2231,#2233,.T.);
#2231 = VERTEX_POINT('',#2232);
#2232 = CARTESIAN_POINT('',(5.,105.89087296526,-66.32233047033));
#2233 = LINE('',#2234,#2235);
#2234 = CARTESIAN_POINT('',(5.,120.03300858899,-80.46446609406));
#2235 = VECTOR('',#2236,1.);
#2236 = DIRECTION('',(0.,-0.707106781187,0.707106781187));
#2237 = ORIENTED_EDGE('',*,*,#2238,.F.);
#2238 = EDGE_CURVE('',#367,#2231,#2239,.T.);
#2239 = LINE('',#2240,#2241);
#2240 = CARTESIAN_POINT('',(3.55E-15,109.42640687119,-69.85786437626));
#2241 = VECTOR('',#2242,1.);
#2242 = DIRECTION('',(-0.707106781187,0.5,-0.5));
#2243 = ORIENTED_EDGE('',*,*,#374,.F.);
#2244 = PLANE('',#2245);
#2245 = AXIS2_PLACEMENT_3D('',#2246,#2247,#2248);
#2246 = CARTESIAN_POINT('',(5.,120.03300858899,-80.46446609406));
#2247 = DIRECTION('',(0.,0.707106781187,0.707106781187));
#2248 = DIRECTION('',(1.,0.,0.));
#2249 = ADVANCED_FACE('',(#2250),#2387,.F.);
#2250 = FACE_BOUND('',#2251,.F.);
#2251 = EDGE_LOOP('',(#2252,#2253,#2254,#2260,#2261,#2269,#2277,#2285,
    #2293,#2301,#2309,#2317,#2325,#2333,#2341,#2349,#2357,#2365,#2373,
    #2381));
#2252 = ORIENTED_EDGE('',*,*,#366,.F.);
#2253 = ORIENTED_EDGE('',*,*,#2238,.T.);
#2254 = ORIENTED_EDGE('',*,*,#2255,.T.);
#2255 = EDGE_CURVE('',#2231,#2200,#2256,.T.);
#2256 = LINE('',#2257,#2258);
#2257 = CARTESIAN_POINT('',(5.,124.27564927611,-47.93755415948));
#2258 = VECTOR('',#2259,1.);
#2259 = DIRECTION('',(0.,-0.707106781187,-0.707106781187));
#2260 = ORIENTED_EDGE('',*,*,#2207,.T.);
#2261 = ORIENTED_EDGE('',*,*,#2262,.T.);
#2262 = EDGE_CURVE('',#2208,#2263,#2265,.T.);
#2263 = VERTEX_POINT('',#2264);
#2264 = CARTESIAN_POINT('',(6.,99.526911934581,-71.27207793864));
#2265 = LINE('',#2266,#2267);
#2266 = CARTESIAN_POINT('',(6.,112.96194077712,-57.83704909609));
#2267 = VECTOR('',#2268,1.);
#2268 = DIRECTION('',(-4.4E-16,-0.707106781187,-0.707106781187));
#2269 = ORIENTED_EDGE('',*,*,#2270,.T.);
#2270 = EDGE_CURVE('',#2263,#2271,#2273,.T.);
#2271 = VERTEX_POINT('',#2272);
#2272 = CARTESIAN_POINT('',(5.,99.526911934581,-72.68629150101));
#2273 = LINE('',#2274,#2275);
#2274 = CARTESIAN_POINT('',(10.333333333333,99.526911934581,
    -65.14381916835));
#2275 = VECTOR('',#2276,1.);
#2276 = DIRECTION('',(-0.57735026919,6.661338147751E-16,-0.816496580928)
  );
#2277 = ORIENTED_EDGE('',*,*,#2278,.T.);
#2278 = EDGE_CURVE('',#2271,#2279,#2281,.T.);
#2279 = VERTEX_POINT('',#2280);
#2280 = CARTESIAN_POINT('',(5.,89.62741699797,-82.58578643762));
#2281 = LINE('',#2282,#2283);
#2282 = CARTESIAN_POINT('',(5.,124.27564927611,-47.93755415948));
#2283 = VECTOR('',#2284,1.);
#2284 = DIRECTION('',(0.,-0.707106781187,-0.707106781187));
#2285 = ORIENTED_EDGE('',*,*,#2286,.T.);
#2286 = EDGE_CURVE('',#2279,#2287,#2289,.T.);
#2287 = VERTEX_POINT('',#2288);
#2288 = CARTESIAN_POINT('',(6.,88.213203435596,-82.58578643762));
#2289 = LINE('',#2290,#2291);
#2290 = CARTESIAN_POINT('',(-5.666666666667,104.71236166328,
    -82.58578643762));
#2291 = VECTOR('',#2292,1.);
#2292 = DIRECTION('',(0.57735026919,-0.816496580928,-6.661338147751E-16)
  );
#2293 = ORIENTED_EDGE('',*,*,#2294,.T.);
#2294 = EDGE_CURVE('',#2287,#2295,#2297,.T.);
#2295 = VERTEX_POINT('',#2296);
#2296 = CARTESIAN_POINT('',(6.,85.38477631085,-85.41421356237));
#2297 = LINE('',#2298,#2299);
#2298 = CARTESIAN_POINT('',(6.,105.89087296526,-64.90811690796));
#2299 = VECTOR('',#2300,1.);
#2300 = DIRECTION('',(-4.4E-16,-0.707106781187,-0.707106781187));
#2301 = ORIENTED_EDGE('',*,*,#2302,.T.);
#2302 = EDGE_CURVE('',#2295,#2303,#2305,.T.);
#2303 = VERTEX_POINT('',#2304);
#2304 = CARTESIAN_POINT('',(5.,85.38477631085,-86.82842712474));
#2305 = LINE('',#2306,#2307);
#2306 = CARTESIAN_POINT('',(13.666666666667,85.38477631085,
    -74.57190958417));
#2307 = VECTOR('',#2308,1.);
#2308 = DIRECTION('',(-0.57735026919,6.661338147751E-16,-0.816496580928)
  );
#2309 = ORIENTED_EDGE('',*,*,#2310,.T.);
#2310 = EDGE_CURVE('',#2303,#2311,#2313,.T.);
#2311 = VERTEX_POINT('',#2312);
#2312 = CARTESIAN_POINT('',(5.,75.485281374239,-96.72792206135));
#2313 = LINE('',#2314,#2315);
#2314 = CARTESIAN_POINT('',(5.,124.27564927611,-47.93755415948));
#2315 = VECTOR('',#2316,1.);
#2316 = DIRECTION('',(0.,-0.707106781187,-0.707106781187));
#2317 = ORIENTED_EDGE('',*,*,#2318,.T.);
#2318 = EDGE_CURVE('',#2311,#2319,#2321,.T.);
#2319 = VERTEX_POINT('',#2320);
#2320 = CARTESIAN_POINT('',(6.,74.071067811866,-96.72792206135));
#2321 = LINE('',#2322,#2323);
#2322 = CARTESIAN_POINT('',(-9.,95.284271247462,-96.72792206135));
#2323 = VECTOR('',#2324,1.);
#2324 = DIRECTION('',(0.57735026919,-0.816496580928,-6.661338147751E-16)
  );
#2325 = ORIENTED_EDGE('',*,*,#2326,.T.);
#2326 = EDGE_CURVE('',#2319,#2327,#2329,.T.);
#2327 = VERTEX_POINT('',#2328);
#2328 = CARTESIAN_POINT('',(6.,71.242640687119,-99.5563491861));
#2329 = LINE('',#2330,#2331);
#2330 = CARTESIAN_POINT('',(6.,98.819805153395,-71.97918471982));
#2331 = VECTOR('',#2332,1.);
#2332 = DIRECTION('',(-4.4E-16,-0.707106781187,-0.707106781187));
#2333 = ORIENTED_EDGE('',*,*,#2334,.T.);
#2334 = EDGE_CURVE('',#2327,#2335,#2337,.T.);
#2335 = VERTEX_POINT('',#2336);
#2336 = CARTESIAN_POINT('',(5.,71.242640687119,-100.9705627484));
#2337 = LINE('',#2338,#2339);
#2338 = CARTESIAN_POINT('',(17.,71.242640687119,-84.));
#2339 = VECTOR('',#2340,1.);
#2340 = DIRECTION('',(-0.57735026919,6.661338147751E-16,-0.816496580928)
  );
#2341 = ORIENTED_EDGE('',*,*,#2342,.T.);
#2342 = EDGE_CURVE('',#2335,#2343,#2345,.T.);
#2343 = VERTEX_POINT('',#2344);
#2344 = CARTESIAN_POINT('',(5.,61.343145750508,-110.870057685));
#2345 = LINE('',#2346,#2347);
#2346 = CARTESIAN_POINT('',(5.,124.27564927611,-47.93755415948));
#2347 = VECTOR('',#2348,1.);
#2348 = DIRECTION('',(0.,-0.707106781187,-0.707106781187));
#2349 = ORIENTED_EDGE('',*,*,#2350,.T.);
#2350 = EDGE_CURVE('',#2343,#2351,#2353,.T.);
#2351 = VERTEX_POINT('',#2352);
#2352 = CARTESIAN_POINT('',(6.,59.928932188135,-110.870057685));
#2353 = LINE('',#2354,#2355);
#2354 = CARTESIAN_POINT('',(-12.33333333333,85.856180831641,
    -110.870057685));
#2355 = VECTOR('',#2356,1.);
#2356 = DIRECTION('',(0.57735026919,-0.816496580928,-6.661338147751E-16)
  );
#2357 = ORIENTED_EDGE('',*,*,#2358,.T.);
#2358 = EDGE_CURVE('',#2351,#2359,#2361,.T.);
#2359 = VERTEX_POINT('',#2360);
#2360 = CARTESIAN_POINT('',(6.,57.100505063388,-113.6984848098));
#2361 = LINE('',#2362,#2363);
#2362 = CARTESIAN_POINT('',(6.,91.748737341529,-79.05025253169));
#2363 = VECTOR('',#2364,1.);
#2364 = DIRECTION('',(-4.4E-16,-0.707106781187,-0.707106781187));
#2365 = ORIENTED_EDGE('',*,*,#2366,.T.);
#2366 = EDGE_CURVE('',#2359,#2367,#2369,.T.);
#2367 = VERTEX_POINT('',#2368);
#2368 = CARTESIAN_POINT('',(5.,57.100505063388,-115.1126983722));
#2369 = LINE('',#2370,#2371);
#2370 = CARTESIAN_POINT('',(20.333333333333,57.100505063388,
    -93.42809041582));
#2371 = VECTOR('',#2372,1.);
#2372 = DIRECTION('',(-0.57735026919,6.661338147751E-16,-0.816496580928)
  );
#2373 = ORIENTED_EDGE('',*,*,#2374,.T.);
#2374 = EDGE_CURVE('',#2367,#2375,#2377,.T.);
#2375 = VERTEX_POINT('',#2376);
#2376 = CARTESIAN_POINT('',(5.,49.322330470336,-122.8908729652));
#2377 = LINE('',#2378,#2379);
#2378 = CARTESIAN_POINT('',(5.,124.27564927611,-47.93755415948));
#2379 = VECTOR('',#2380,1.);
#2380 = DIRECTION('',(0.,-0.707106781187,-0.707106781187));
#2381 = ORIENTED_EDGE('',*,*,#2382,.T.);
#2382 = EDGE_CURVE('',#2375,#359,#2383,.T.);
#2383 = LINE('',#2384,#2385);
#2384 = CARTESIAN_POINT('',(1.,52.150757595083,-125.71930009));
#2385 = VECTOR('',#2386,1.);
#2386 = DIRECTION('',(0.707106781187,-0.5,0.5));
#2387 = PLANE('',#2388);
#2388 = AXIS2_PLACEMENT_3D('',#2389,#2390,#2391);
#2389 = CARTESIAN_POINT('',(5.,124.27564927611,-47.93755415948));
#2390 = DIRECTION('',(-0.707106781187,-0.5,0.5));
#2391 = DIRECTION('',(0.707106781187,-0.5,0.5));
#2392 = ADVANCED_FACE('',(#2393),#2411,.F.);
#2393 = FACE_BOUND('',#2394,.F.);
#2394 = EDGE_LOOP('',(#2395,#2403,#2404,#2405));
#2395 = ORIENTED_EDGE('',*,*,#2396,.T.);
#2396 = EDGE_CURVE('',#2397,#351,#2399,.T.);
#2397 = VERTEX_POINT('',#2398);
#2398 = CARTESIAN_POINT('',(5.,51.443650813896,-125.0121933088));
#2399 = LINE('',#2400,#2401);
#2400 = CARTESIAN_POINT('',(4.5,51.443650813896,-125.0121933088));
#2401 = VECTOR('',#2402,1.);
#2402 = DIRECTION('',(1.,0.,0.));
#2403 = ORIENTED_EDGE('',*,*,#358,.T.);
#2404 = ORIENTED_EDGE('',*,*,#2382,.F.);
#2405 = ORIENTED_EDGE('',*,*,#2406,.F.);
#2406 = EDGE_CURVE('',#2397,#2375,#2407,.T.);
#2407 = LINE('',#2408,#2409);
#2408 = CARTESIAN_POINT('',(5.,63.464466094067,-137.0330085889));
#2409 = VECTOR('',#2410,1.);
#2410 = DIRECTION('',(0.,-0.707106781187,0.707106781187));
#2411 = PLANE('',#2412);
#2412 = AXIS2_PLACEMENT_3D('',#2413,#2414,#2415);
#2413 = CARTESIAN_POINT('',(9.,63.464466094067,-137.0330085889));
#2414 = DIRECTION('',(0.,-0.707106781187,-0.707106781187));
#2415 = DIRECTION('',(-1.,0.,0.));
#2416 = ADVANCED_FACE('',(#2417),#2442,.T.);
#2417 = FACE_BOUND('',#2418,.T.);
#2418 = EDGE_LOOP('',(#2419,#2420,#2428,#2434,#2435,#2436));
#2419 = ORIENTED_EDGE('',*,*,#1942,.F.);
#2420 = ORIENTED_EDGE('',*,*,#2421,.T.);
#2421 = EDGE_CURVE('',#1935,#2422,#2424,.T.);
#2422 = VERTEX_POINT('',#2423);
#2423 = CARTESIAN_POINT('',(5.,54.272077938642,-125.0121933088));
#2424 = LINE('',#2425,#2426);
#2425 = CARTESIAN_POINT('',(-4.174E-14,54.272077938642,-125.0121933088)
  );
#2426 = VECTOR('',#2427,1.);
#2427 = DIRECTION('',(1.,0.,0.));
#2428 = ORIENTED_EDGE('',*,*,#2429,.T.);
#2429 = EDGE_CURVE('',#2422,#2397,#2430,.T.);
#2430 = LINE('',#2431,#2432);
#2431 = CARTESIAN_POINT('',(5.,52.150757595083,-125.0121933088));
#2432 = VECTOR('',#2433,1.);
#2433 = DIRECTION('',(0.,-1.,-8.326672684689E-16));
#2434 = ORIENTED_EDGE('',*,*,#2396,.T.);
#2435 = ORIENTED_EDGE('',*,*,#350,.F.);
#2436 = ORIENTED_EDGE('',*,*,#2437,.F.);
#2437 = EDGE_CURVE('',#1943,#343,#2438,.T.);
#2438 = LINE('',#2439,#2440);
#2439 = CARTESIAN_POINT('',(-3.775E-14,45.786796564404,-125.0121933088)
  );
#2440 = VECTOR('',#2441,1.);
#2441 = DIRECTION('',(1.,0.,0.));
#2442 = PLANE('',#2443);
#2443 = AXIS2_PLACEMENT_3D('',#2444,#2445,#2446);
#2444 = CARTESIAN_POINT('',(-4.174E-14,54.272077938642,-125.0121933088)
  );
#2445 = DIRECTION('',(0.,8.326672684689E-16,-1.));
#2446 = DIRECTION('',(4.7E-16,-1.,-8.326672684689E-16));
#2447 = ADVANCED_FACE('',(#2448),#2459,.T.);
#2448 = FACE_BOUND('',#2449,.T.);
#2449 = EDGE_LOOP('',(#2450,#2451,#2452,#2453));
#2450 = ORIENTED_EDGE('',*,*,#1950,.F.);
#2451 = ORIENTED_EDGE('',*,*,#2437,.T.);
#2452 = ORIENTED_EDGE('',*,*,#342,.F.);
#2453 = ORIENTED_EDGE('',*,*,#2454,.F.);
#2454 = EDGE_CURVE('',#1951,#335,#2455,.T.);
#2455 = LINE('',#2456,#2457);
#2456 = CARTESIAN_POINT('',(-3.597E-14,42.958369439657,-127.8406204335)
  );
#2457 = VECTOR('',#2458,1.);
#2458 = DIRECTION('',(1.,0.,0.));
#2459 = PLANE('',#2460);
#2460 = AXIS2_PLACEMENT_3D('',#2461,#2462,#2463);
#2461 = CARTESIAN_POINT('',(-3.775E-14,45.786796564404,-125.0121933088)
  );
#2462 = DIRECTION('',(0.,0.707106781187,-0.707106781187));
#2463 = DIRECTION('',(4.4E-16,-0.707106781187,-0.707106781187));
#2464 = ADVANCED_FACE('',(#2465),#2476,.T.);
#2465 = FACE_BOUND('',#2466,.T.);
#2466 = EDGE_LOOP('',(#2467,#2468,#2469,#2470));
#2467 = ORIENTED_EDGE('',*,*,#1958,.F.);
#2468 = ORIENTED_EDGE('',*,*,#2454,.T.);
#2469 = ORIENTED_EDGE('',*,*,#334,.F.);
#2470 = ORIENTED_EDGE('',*,*,#2471,.F.);
#2471 = EDGE_CURVE('',#1917,#327,#2472,.T.);
#2472 = LINE('',#2473,#2474);
#2473 = CARTESIAN_POINT('',(-3.464E-14,42.958369439657,-136.3259018078)
  );
#2474 = VECTOR('',#2475,1.);
#2475 = DIRECTION('',(1.,0.,0.));
#2476 = PLANE('',#2477);
#2477 = AXIS2_PLACEMENT_3D('',#2478,#2479,#2480);
#2478 = CARTESIAN_POINT('',(-3.597E-14,42.958369439657,-127.8406204335)
  );
#2479 = DIRECTION('',(0.,1.,8.326672684689E-16));
#2480 = DIRECTION('',(1.6E-16,8.326672684689E-16,-1.));
#2481 = ADVANCED_FACE('',(#2482),#2493,.T.);
#2482 = FACE_BOUND('',#2483,.T.);
#2483 = EDGE_LOOP('',(#2484,#2485,#2486,#2487));
#2484 = ORIENTED_EDGE('',*,*,#1916,.F.);
#2485 = ORIENTED_EDGE('',*,*,#2471,.T.);
#2486 = ORIENTED_EDGE('',*,*,#326,.F.);
#2487 = ORIENTED_EDGE('',*,*,#2488,.F.);
#2488 = EDGE_CURVE('',#1919,#319,#2489,.T.);
#2489 = LINE('',#2490,#2491);
#2490 = CARTESIAN_POINT('',(-3.73E-14,51.443650813896,-144.811183182));
#2491 = VECTOR('',#2492,1.);
#2492 = DIRECTION('',(1.,0.,0.));
#2493 = PLANE('',#2494);
#2494 = AXIS2_PLACEMENT_3D('',#2495,#2496,#2497);
#2495 = CARTESIAN_POINT('',(-3.464E-14,42.958369439657,-136.3259018078)
  );
#2496 = DIRECTION('',(0.,0.707106781187,0.707106781187));
#2497 = DIRECTION('',(-2.2E-16,0.707106781187,-0.707106781187));
#2498 = ADVANCED_FACE('',(#2499),#2526,.T.);
#2499 = FACE_BOUND('',#2500,.T.);
#2500 = EDGE_LOOP('',(#2501,#2502,#2503,#2504,#2512,#2520));
#2501 = ORIENTED_EDGE('',*,*,#1926,.F.);
#2502 = ORIENTED_EDGE('',*,*,#2488,.T.);
#2503 = ORIENTED_EDGE('',*,*,#318,.F.);
#2504 = ORIENTED_EDGE('',*,*,#2505,.T.);
#2505 = EDGE_CURVE('',#311,#2506,#2508,.T.);
#2506 = VERTEX_POINT('',#2507);
#2507 = CARTESIAN_POINT('',(5.,61.343145750508,-134.9116882454));
#2508 = LINE('',#2509,#2510);
#2509 = CARTESIAN_POINT('',(4.5,61.343145750508,-134.9116882454));
#2510 = VECTOR('',#2511,1.);
#2511 = DIRECTION('',(-1.,0.,0.));
#2512 = ORIENTED_EDGE('',*,*,#2513,.T.);
#2513 = EDGE_CURVE('',#2506,#2514,#2516,.T.);
#2514 = VERTEX_POINT('',#2515);
#2515 = CARTESIAN_POINT('',(5.,62.757359312881,-133.497474683));
#2516 = LINE('',#2517,#2518);
#2517 = CARTESIAN_POINT('',(5.,47.201010126777,-149.0538238691));
#2518 = VECTOR('',#2519,1.);
#2519 = DIRECTION('',(0.,0.707106781187,0.707106781187));
#2520 = ORIENTED_EDGE('',*,*,#2521,.F.);
#2521 = EDGE_CURVE('',#1927,#2514,#2522,.T.);
#2522 = LINE('',#2523,#2524);
#2523 = CARTESIAN_POINT('',(-4.441E-14,62.757359312881,-133.497474683));
#2524 = VECTOR('',#2525,1.);
#2525 = DIRECTION('',(1.,0.,0.));
#2526 = PLANE('',#2527);
#2527 = AXIS2_PLACEMENT_3D('',#2528,#2529,#2530);
#2528 = CARTESIAN_POINT('',(-3.73E-14,51.443650813896,-144.811183182));
#2529 = DIRECTION('',(0.,-0.707106781187,0.707106781187));
#2530 = DIRECTION('',(-4.4E-16,0.707106781187,0.707106781187));
#2531 = ADVANCED_FACE('',(#2532),#2550,.F.);
#2532 = FACE_BOUND('',#2533,.F.);
#2533 = EDGE_LOOP('',(#2534,#2542,#2543,#2544));
#2534 = ORIENTED_EDGE('',*,*,#2535,.F.);
#2535 = EDGE_CURVE('',#303,#2536,#2538,.T.);
#2536 = VERTEX_POINT('',#2537);
#2537 = CARTESIAN_POINT('',(5.,63.464466094067,-137.0330085889));
#2538 = LINE('',#2539,#2540);
#2539 = CARTESIAN_POINT('',(9.,63.464466094067,-137.0330085889));
#2540 = VECTOR('',#2541,1.);
#2541 = DIRECTION('',(-1.,0.,0.));
#2542 = ORIENTED_EDGE('',*,*,#310,.T.);
#2543 = ORIENTED_EDGE('',*,*,#2505,.T.);
#2544 = ORIENTED_EDGE('',*,*,#2545,.F.);
#2545 = EDGE_CURVE('',#2536,#2506,#2546,.T.);
#2546 = LINE('',#2547,#2548);
#2547 = CARTESIAN_POINT('',(5.,63.464466094067,-137.0330085889));
#2548 = VECTOR('',#2549,1.);
#2549 = DIRECTION('',(0.,-0.707106781187,0.707106781187));
#2550 = PLANE('',#2551);
#2551 = AXIS2_PLACEMENT_3D('',#2552,#2553,#2554);
#2552 = CARTESIAN_POINT('',(9.,63.464466094067,-137.0330085889));
#2553 = DIRECTION('',(0.,-0.707106781187,-0.707106781187));
#2554 = DIRECTION('',(-1.,0.,0.));
#2555 = ADVANCED_FACE('',(#2556),#2608,.T.);
#2556 = FACE_BOUND('',#2557,.T.);
#2557 = EDGE_LOOP('',(#2558,#2559,#2567,#2575,#2583,#2591,#2597,#2598,
    #2599,#2600,#2606,#2607));
#2558 = ORIENTED_EDGE('',*,*,#496,.F.);
#2559 = ORIENTED_EDGE('',*,*,#2560,.T.);
#2560 = EDGE_CURVE('',#497,#2561,#2563,.T.);
#2561 = VERTEX_POINT('',#2562);
#2562 = CARTESIAN_POINT('',(19.,67.707106781187,-132.7903679018));
#2563 = LINE('',#2564,#2565);
#2564 = CARTESIAN_POINT('',(19.,45.079689783217,-155.4177848998));
#2565 = VECTOR('',#2566,1.);
#2566 = DIRECTION('',(0.,0.707106781187,0.707106781187));
#2567 = ORIENTED_EDGE('',*,*,#2568,.F.);
#2568 = EDGE_CURVE('',#2569,#2561,#2571,.T.);
#2569 = VERTEX_POINT('',#2570);
#2570 = CARTESIAN_POINT('',(9.,67.707106781187,-132.7903679018));
#2571 = LINE('',#2572,#2573);
#2572 = CARTESIAN_POINT('',(9.,67.707106781187,-132.7903679018));
#2573 = VECTOR('',#2574,1.);
#2574 = DIRECTION('',(1.,0.,0.));
#2575 = ORIENTED_EDGE('',*,*,#2576,.F.);
#2576 = EDGE_CURVE('',#2577,#2569,#2579,.T.);
#2577 = VERTEX_POINT('',#2578);
#2578 = CARTESIAN_POINT('',(9.,115.79036790187,-84.70710678118));
#2579 = LINE('',#2580,#2581);
#2580 = CARTESIAN_POINT('',(9.,115.79036790187,-84.70710678118));
#2581 = VECTOR('',#2582,1.);
#2582 = DIRECTION('',(0.,-0.707106781187,-0.707106781187));
#2583 = ORIENTED_EDGE('',*,*,#2584,.F.);
#2584 = EDGE_CURVE('',#2585,#2577,#2587,.T.);
#2585 = VERTEX_POINT('',#2586);
#2586 = CARTESIAN_POINT('',(19.,115.79036790187,-84.70710678118));
#2587 = LINE('',#2588,#2589);
#2588 = CARTESIAN_POINT('',(19.,115.79036790187,-84.70710678118));
#2589 = VECTOR('',#2590,1.);
#2590 = DIRECTION('',(-1.,0.,0.));
#2591 = ORIENTED_EDGE('',*,*,#2592,.T.);
#2592 = EDGE_CURVE('',#2585,#1975,#2593,.T.);
#2593 = LINE('',#2594,#2595);
#2594 = CARTESIAN_POINT('',(19.,45.079689783217,-155.4177848998));
#2595 = VECTOR('',#2596,1.);
#2596 = DIRECTION('',(0.,0.707106781187,0.707106781187));
#2597 = ORIENTED_EDGE('',*,*,#1974,.T.);
#2598 = ORIENTED_EDGE('',*,*,#279,.F.);
#2599 = ORIENTED_EDGE('',*,*,#2109,.F.);
#2600 = ORIENTED_EDGE('',*,*,#2601,.F.);
#2601 = EDGE_CURVE('',#2536,#2110,#2602,.T.);
#2602 = LINE('',#2603,#2604);
#2603 = CARTESIAN_POINT('',(5.,68.414213562373,-132.0832611206));
#2604 = VECTOR('',#2605,1.);
#2605 = DIRECTION('',(0.,0.707106781187,0.707106781187));
#2606 = ORIENTED_EDGE('',*,*,#2535,.F.);
#2607 = ORIENTED_EDGE('',*,*,#302,.F.);
#2608 = PLANE('',#2609);
#2609 = AXIS2_PLACEMENT_3D('',#2610,#2611,#2612);
#2610 = CARTESIAN_POINT('',(10.,91.748737341529,-108.7487373415));
#2611 = DIRECTION('',(0.,-0.707106781187,0.707106781187));
#2612 = DIRECTION('',(1.,0.,0.));
#2613 = ADVANCED_FACE('',(#2614),#2630,.T.);
#2614 = FACE_BOUND('',#2615,.T.);
#2615 = EDGE_LOOP('',(#2616,#2617,#2623,#2624));
#2616 = ORIENTED_EDGE('',*,*,#1684,.F.);
#2617 = ORIENTED_EDGE('',*,*,#2618,.T.);
#2618 = EDGE_CURVE('',#1677,#409,#2619,.T.);
#2619 = LINE('',#2620,#2621);
#2620 = CARTESIAN_POINT('',(-8.882E-14,133.46803743153,-62.7867965644));
#2621 = VECTOR('',#2622,1.);
#2622 = DIRECTION('',(1.,0.,0.));
#2623 = ORIENTED_EDGE('',*,*,#406,.F.);
#2624 = ORIENTED_EDGE('',*,*,#2625,.F.);
#2625 = EDGE_CURVE('',#1685,#407,#2626,.T.);
#2626 = LINE('',#2627,#2628);
#2627 = CARTESIAN_POINT('',(-8.615E-14,124.98275605729,-54.30151519016)
  );
#2628 = VECTOR('',#2629,1.);
#2629 = DIRECTION('',(1.,0.,0.));
#2630 = PLANE('',#2631);
#2631 = AXIS2_PLACEMENT_3D('',#2632,#2633,#2634);
#2632 = CARTESIAN_POINT('',(-8.882E-14,133.46803743153,-62.7867965644));
#2633 = DIRECTION('',(0.,-0.707106781187,-0.707106781187));
#2634 = DIRECTION('',(2.2E-16,-0.707106781187,0.707106781187));
#2635 = ADVANCED_FACE('',(#2636),#2647,.T.);
#2636 = FACE_BOUND('',#2637,.T.);
#2637 = EDGE_LOOP('',(#2638,#2639,#2640,#2641));
#2638 = ORIENTED_EDGE('',*,*,#1692,.F.);
#2639 = ORIENTED_EDGE('',*,*,#2625,.T.);
#2640 = ORIENTED_EDGE('',*,*,#448,.F.);
#2641 = ORIENTED_EDGE('',*,*,#2642,.F.);
#2642 = EDGE_CURVE('',#1693,#441,#2643,.T.);
#2643 = LINE('',#2644,#2645);
#2644 = CARTESIAN_POINT('',(-8.216E-14,116.49747468305,-54.30151519016)
  );
#2645 = VECTOR('',#2646,1.);
#2646 = DIRECTION('',(1.,0.,0.));
#2647 = PLANE('',#2648);
#2648 = AXIS2_PLACEMENT_3D('',#2649,#2650,#2651);
#2649 = CARTESIAN_POINT('',(-8.615E-14,124.98275605729,-54.30151519016)
  );
#2650 = DIRECTION('',(0.,8.326672684689E-16,-1.));
#2651 = DIRECTION('',(4.7E-16,-1.,-8.326672684689E-16));
#2652 = ADVANCED_FACE('',(#2653),#2664,.T.);
#2653 = FACE_BOUND('',#2654,.T.);
#2654 = EDGE_LOOP('',(#2655,#2656,#2662,#2663));
#2655 = ORIENTED_EDGE('',*,*,#1676,.F.);
#2656 = ORIENTED_EDGE('',*,*,#2657,.T.);
#2657 = EDGE_CURVE('',#1669,#417,#2658,.T.);
#2658 = LINE('',#2659,#2660);
#2659 = CARTESIAN_POINT('',(-8.171E-14,122.15432893255,-74.10050506338)
  );
#2660 = VECTOR('',#2661,1.);
#2661 = DIRECTION('',(1.,0.,0.));
#2662 = ORIENTED_EDGE('',*,*,#416,.F.);
#2663 = ORIENTED_EDGE('',*,*,#2618,.F.);
#2664 = PLANE('',#2665);
#2665 = AXIS2_PLACEMENT_3D('',#2666,#2667,#2668);
#2666 = CARTESIAN_POINT('',(-8.171E-14,122.15432893255,-74.10050506338)
  );
#2667 = DIRECTION('',(0.,-0.707106781187,0.707106781187));
#2668 = DIRECTION('',(-4.4E-16,0.707106781187,0.707106781187));
#2669 = ADVANCED_FACE('',(#2670),#2681,.T.);
#2670 = FACE_BOUND('',#2671,.T.);
#2671 = EDGE_LOOP('',(#2672,#2673,#2674,#2675));
#2672 = ORIENTED_EDGE('',*,*,#1700,.F.);
#2673 = ORIENTED_EDGE('',*,*,#2642,.T.);
#2674 = ORIENTED_EDGE('',*,*,#440,.F.);
#2675 = ORIENTED_EDGE('',*,*,#2676,.F.);
#2676 = EDGE_CURVE('',#1701,#433,#2677,.T.);
#2677 = LINE('',#2678,#2679);
#2678 = CARTESIAN_POINT('',(-8.038E-14,113.66904755831,-57.12994231491)
  );
#2679 = VECTOR('',#2680,1.);
#2680 = DIRECTION('',(1.,0.,0.));
#2681 = PLANE('',#2682);
#2682 = AXIS2_PLACEMENT_3D('',#2683,#2684,#2685);
#2683 = CARTESIAN_POINT('',(-8.216E-14,116.49747468305,-54.30151519016)
  );
#2684 = DIRECTION('',(0.,0.707106781187,-0.707106781187));
#2685 = DIRECTION('',(4.4E-16,-0.707106781187,-0.707106781187));
#2686 = ADVANCED_FACE('',(#2687),#2698,.T.);
#2687 = FACE_BOUND('',#2688,.T.);
#2688 = EDGE_LOOP('',(#2689,#2690,#2696,#2697));
#2689 = ORIENTED_EDGE('',*,*,#1666,.F.);
#2690 = ORIENTED_EDGE('',*,*,#2691,.T.);
#2691 = EDGE_CURVE('',#1667,#425,#2692,.T.);
#2692 = LINE('',#2693,#2694);
#2693 = CARTESIAN_POINT('',(-7.905E-14,113.66904755831,-65.61522368915)
  );
#2694 = VECTOR('',#2695,1.);
#2695 = DIRECTION('',(1.,0.,0.));
#2696 = ORIENTED_EDGE('',*,*,#424,.F.);
#2697 = ORIENTED_EDGE('',*,*,#2657,.F.);
#2698 = PLANE('',#2699);
#2699 = AXIS2_PLACEMENT_3D('',#2700,#2701,#2702);
#2700 = CARTESIAN_POINT('',(-7.905E-14,113.66904755831,-65.61522368915)
  );
#2701 = DIRECTION('',(0.,0.707106781187,0.707106781187));
#2702 = DIRECTION('',(-2.2E-16,0.707106781187,-0.707106781187));
#2703 = ADVANCED_FACE('',(#2704),#2710,.T.);
#2704 = FACE_BOUND('',#2705,.T.);
#2705 = EDGE_LOOP('',(#2706,#2707,#2708,#2709));
#2706 = ORIENTED_EDGE('',*,*,#1708,.F.);
#2707 = ORIENTED_EDGE('',*,*,#2676,.T.);
#2708 = ORIENTED_EDGE('',*,*,#432,.F.);
#2709 = ORIENTED_EDGE('',*,*,#2691,.F.);
#2710 = PLANE('',#2711);
#2711 = AXIS2_PLACEMENT_3D('',#2712,#2713,#2714);
#2712 = CARTESIAN_POINT('',(-8.038E-14,113.66904755831,-57.12994231491)
  );
#2713 = DIRECTION('',(0.,1.,8.326672684689E-16));
#2714 = DIRECTION('',(1.6E-16,8.326672684689E-16,-1.));
#2715 = ADVANCED_FACE('',(#2716,#2787,#2812,#2846,#2880,#2914,#2948,
    #2973,#3007,#3041,#3075,#3109,#3143,#3177,#3211,#3245,#3279,#3313,
    #3347,#3381,#3415),#3449,.T.);
#2716 = FACE_BOUND('',#2717,.T.);
#2717 = EDGE_LOOP('',(#2718,#2724,#2725,#2733,#2741,#2749,#2757,#2765,
    #2773,#2779,#2780,#2786));
#2718 = ORIENTED_EDGE('',*,*,#2719,.F.);
#2719 = EDGE_CURVE('',#1991,#1367,#2720,.T.);
#2720 = LINE('',#2721,#2722);
#2721 = CARTESIAN_POINT('',(5.,144.07463914933,-66.32233047033));
#2722 = VECTOR('',#2723,1.);
#2723 = DIRECTION('',(0.,-0.707106781187,-0.707106781187));
#2724 = ORIENTED_EDGE('',*,*,#1990,.T.);
#2725 = ORIENTED_EDGE('',*,*,#2726,.F.);
#2726 = EDGE_CURVE('',#2727,#1983,#2729,.T.);
#2727 = VERTEX_POINT('',#2728);
#2728 = CARTESIAN_POINT('',(19.,136.57930726875,-73.81766235091));
#2729 = LINE('',#2730,#2731);
#2730 = CARTESIAN_POINT('',(19.,50.029437251523,-160.3675323681));
#2731 = VECTOR('',#2732,1.);
#2732 = DIRECTION('',(0.,0.707106781187,0.707106781187));
#2733 = ORIENTED_EDGE('',*,*,#2734,.F.);
#2734 = EDGE_CURVE('',#2735,#2727,#2737,.T.);
#2735 = VERTEX_POINT('',#2736);
#2736 = CARTESIAN_POINT('',(69.,136.57930726875,-73.81766235091));
#2737 = LINE('',#2738,#2739);
#2738 = CARTESIAN_POINT('',(133.,136.57930726875,-73.81766235091));
#2739 = VECTOR('',#2740,1.);
#2740 = DIRECTION('',(-1.,0.,0.));
#2741 = ORIENTED_EDGE('',*,*,#2742,.F.);
#2742 = EDGE_CURVE('',#2743,#2735,#2745,.T.);
#2743 = VERTEX_POINT('',#2744);
#2744 = CARTESIAN_POINT('',(69.,143.15540033379,-67.24156928587));
#2745 = LINE('',#2746,#2747);
#2746 = CARTESIAN_POINT('',(69.,143.36753236814,-67.02943725152));
#2747 = VECTOR('',#2748,1.);
#2748 = DIRECTION('',(0.,-0.707106781187,-0.707106781187));
#2749 = ORIENTED_EDGE('',*,*,#2750,.T.);
#2750 = EDGE_CURVE('',#2743,#2751,#2753,.T.);
#2751 = VERTEX_POINT('',#2752);
#2752 = CARTESIAN_POINT('',(71.4,143.15540033379,-67.24156928587));
#2753 = LINE('',#2754,#2755);
#2754 = CARTESIAN_POINT('',(70.486767746382,143.15540033379,
    -67.24156928587));
#2755 = VECTOR('',#2756,1.);
#2756 = DIRECTION('',(1.,0.,0.));
#2757 = ORIENTED_EDGE('',*,*,#2758,.F.);
#2758 = EDGE_CURVE('',#2759,#2751,#2761,.T.);
#2759 = VERTEX_POINT('',#2760);
#2760 = CARTESIAN_POINT('',(71.4,136.57930726875,-73.81766235091));
#2761 = LINE('',#2762,#2763);
#2762 = CARTESIAN_POINT('',(71.4,50.029437251523,-160.3675323681));
#2763 = VECTOR('',#2764,1.);
#2764 = DIRECTION('',(0.,0.707106781187,0.707106781187));
#2765 = ORIENTED_EDGE('',*,*,#2766,.F.);
#2766 = EDGE_CURVE('',#2767,#2759,#2769,.T.);
#2767 = VERTEX_POINT('',#2768);
#2768 = CARTESIAN_POINT('',(121.,136.57930726875,-73.81766235091));
#2769 = LINE('',#2770,#2771);
#2770 = CARTESIAN_POINT('',(133.,136.57930726875,-73.81766235091));
#2771 = VECTOR('',#2772,1.);
#2772 = DIRECTION('',(-1.,0.,0.));
#2773 = ORIENTED_EDGE('',*,*,#2774,.F.);
#2774 = EDGE_CURVE('',#1004,#2767,#2775,.T.);
#2775 = LINE('',#2776,#2777);
#2776 = CARTESIAN_POINT('',(121.,143.36753236814,-67.02943725152));
#2777 = VECTOR('',#2778,1.);
#2778 = DIRECTION('',(0.,-0.707106781187,-0.707106781187));
#2779 = ORIENTED_EDGE('',*,*,#1003,.T.);
#2780 = ORIENTED_EDGE('',*,*,#2781,.T.);
#2781 = EDGE_CURVE('',#996,#1375,#2782,.T.);
#2782 = LINE('',#2783,#2784);
#2783 = CARTESIAN_POINT('',(136.,144.07463914933,-66.32233047033));
#2784 = VECTOR('',#2785,1.);
#2785 = DIRECTION('',(0.,-0.707106781187,-0.707106781187));
#2786 = ORIENTED_EDGE('',*,*,#1374,.F.);
#2787 = FACE_BOUND('',#2788,.T.);
#2788 = EDGE_LOOP('',(#2789,#2799,#2805,#2806));
#2789 = ORIENTED_EDGE('',*,*,#2790,.F.);
#2790 = EDGE_CURVE('',#2791,#2793,#2795,.T.);
#2791 = VERTEX_POINT('',#2792);
#2792 = CARTESIAN_POINT('',(71.4,58.514718625761,-151.8822509939));
#2793 = VERTEX_POINT('',#2794);
#2794 = CARTESIAN_POINT('',(121.,58.514718625761,-151.8822509939));
#2795 = LINE('',#2796,#2797);
#2796 = CARTESIAN_POINT('',(8.,58.514718625761,-151.8822509939));
#2797 = VECTOR('',#2798,1.);
#2798 = DIRECTION('',(1.,0.,0.));
#2799 = ORIENTED_EDGE('',*,*,#2800,.F.);
#2800 = EDGE_CURVE('',#465,#2791,#2801,.T.);
#2801 = LINE('',#2802,#2803);
#2802 = CARTESIAN_POINT('',(71.4,50.029437251523,-160.3675323681));
#2803 = VECTOR('',#2804,1.);
#2804 = DIRECTION('',(0.,0.707106781187,0.707106781187));
#2805 = ORIENTED_EDGE('',*,*,#462,.F.);
#2806 = ORIENTED_EDGE('',*,*,#2807,.F.);
#2807 = EDGE_CURVE('',#2793,#463,#2808,.T.);
#2808 = LINE('',#2809,#2810);
#2809 = CARTESIAN_POINT('',(121.,143.36753236814,-67.02943725152));
#2810 = VECTOR('',#2811,1.);
#2811 = DIRECTION('',(0.,-0.707106781187,-0.707106781187));
#2812 = FACE_BOUND('',#2813,.T.);
#2813 = EDGE_LOOP('',(#2814,#2824,#2832,#2840));
#2814 = ORIENTED_EDGE('',*,*,#2815,.F.);
#2815 = EDGE_CURVE('',#2816,#2818,#2820,.T.);
#2816 = VERTEX_POINT('',#2817);
#2817 = CARTESIAN_POINT('',(71.4,67.,-143.3969696196));
#2818 = VERTEX_POINT('',#2819);
#2819 = CARTESIAN_POINT('',(121.,67.,-143.3969696196));
#2820 = LINE('',#2821,#2822);
#2821 = CARTESIAN_POINT('',(8.,67.,-143.3969696196));
#2822 = VECTOR('',#2823,1.);
#2823 = DIRECTION('',(1.,0.,0.));
#2824 = ORIENTED_EDGE('',*,*,#2825,.F.);
#2825 = EDGE_CURVE('',#2826,#2816,#2828,.T.);
#2826 = VERTEX_POINT('',#2827);
#2827 = CARTESIAN_POINT('',(71.4,60.211774900609,-150.185194719));
#2828 = LINE('',#2829,#2830);
#2829 = CARTESIAN_POINT('',(71.4,50.029437251523,-160.3675323681));
#2830 = VECTOR('',#2831,1.);
#2831 = DIRECTION('',(0.,0.707106781187,0.707106781187));
#2832 = ORIENTED_EDGE('',*,*,#2833,.F.);
#2833 = EDGE_CURVE('',#2834,#2826,#2836,.T.);
#2834 = VERTEX_POINT('',#2835);
#2835 = CARTESIAN_POINT('',(121.,60.211774900609,-150.185194719));
#2836 = LINE('',#2837,#2838);
#2837 = CARTESIAN_POINT('',(133.,60.211774900609,-150.185194719));
#2838 = VECTOR('',#2839,1.);
#2839 = DIRECTION('',(-1.,0.,0.));
#2840 = ORIENTED_EDGE('',*,*,#2841,.F.);
#2841 = EDGE_CURVE('',#2818,#2834,#2842,.T.);
#2842 = LINE('',#2843,#2844);
#2843 = CARTESIAN_POINT('',(121.,143.36753236814,-67.02943725152));
#2844 = VECTOR('',#2845,1.);
#2845 = DIRECTION('',(0.,-0.707106781187,-0.707106781187));
#2846 = FACE_BOUND('',#2847,.T.);
#2847 = EDGE_LOOP('',(#2848,#2858,#2866,#2874));
#2848 = ORIENTED_EDGE('',*,*,#2849,.F.);
#2849 = EDGE_CURVE('',#2850,#2852,#2854,.T.);
#2850 = VERTEX_POINT('',#2851);
#2851 = CARTESIAN_POINT('',(71.4,75.485281374239,-134.9116882454));
#2852 = VERTEX_POINT('',#2853);
#2853 = CARTESIAN_POINT('',(121.,75.485281374239,-134.9116882454));
#2854 = LINE('',#2855,#2856);
#2855 = CARTESIAN_POINT('',(8.,75.485281374239,-134.9116882454));
#2856 = VECTOR('',#2857,1.);
#2857 = DIRECTION('',(1.,0.,0.));
#2858 = ORIENTED_EDGE('',*,*,#2859,.F.);
#2859 = EDGE_CURVE('',#2860,#2850,#2862,.T.);
#2860 = VERTEX_POINT('',#2861);
#2861 = CARTESIAN_POINT('',(71.4,68.697056274848,-141.6999133448));
#2862 = LINE('',#2863,#2864);
#2863 = CARTESIAN_POINT('',(71.4,50.029437251523,-160.3675323681));
#2864 = VECTOR('',#2865,1.);
#2865 = DIRECTION('',(0.,0.707106781187,0.707106781187));
#2866 = ORIENTED_EDGE('',*,*,#2867,.F.);
#2867 = EDGE_CURVE('',#2868,#2860,#2870,.T.);
#2868 = VERTEX_POINT('',#2869);
#2869 = CARTESIAN_POINT('',(121.,68.697056274848,-141.6999133448));
#2870 = LINE('',#2871,#2872);
#2871 = CARTESIAN_POINT('',(133.,68.697056274848,-141.6999133448));
#2872 = VECTOR('',#2873,1.);
#2873 = DIRECTION('',(-1.,0.,0.));
#2874 = ORIENTED_EDGE('',*,*,#2875,.F.);
#2875 = EDGE_CURVE('',#2852,#2868,#2876,.T.);
#2876 = LINE('',#2877,#2878);
#2877 = CARTESIAN_POINT('',(121.,143.36753236814,-67.02943725152));
#2878 = VECTOR('',#2879,1.);
#2879 = DIRECTION('',(0.,-0.707106781187,-0.707106781187));
#2880 = FACE_BOUND('',#2881,.T.);
#2881 = EDGE_LOOP('',(#2882,#2892,#2900,#2908));
#2882 = ORIENTED_EDGE('',*,*,#2883,.F.);
#2883 = EDGE_CURVE('',#2884,#2886,#2888,.T.);
#2884 = VERTEX_POINT('',#2885);
#2885 = CARTESIAN_POINT('',(71.4,83.970562748477,-126.4264068711));
#2886 = VERTEX_POINT('',#2887);
#2887 = CARTESIAN_POINT('',(121.,83.970562748477,-126.4264068711));
#2888 = LINE('',#2889,#2890);
#2889 = CARTESIAN_POINT('',(8.,83.970562748477,-126.4264068711));
#2890 = VECTOR('',#2891,1.);
#2891 = DIRECTION('',(1.,0.,0.));
#2892 = ORIENTED_EDGE('',*,*,#2893,.F.);
#2893 = EDGE_CURVE('',#2894,#2884,#2896,.T.);
#2894 = VERTEX_POINT('',#2895);
#2895 = CARTESIAN_POINT('',(71.4,77.182337649086,-133.2146319705));
#2896 = LINE('',#2897,#2898);
#2897 = CARTESIAN_POINT('',(71.4,50.029437251523,-160.3675323681));
#2898 = VECTOR('',#2899,1.);
#2899 = DIRECTION('',(0.,0.707106781187,0.707106781187));
#2900 = ORIENTED_EDGE('',*,*,#2901,.F.);
#2901 = EDGE_CURVE('',#2902,#2894,#2904,.T.);
#2902 = VERTEX_POINT('',#2903);
#2903 = CARTESIAN_POINT('',(121.,77.182337649086,-133.2146319705));
#2904 = LINE('',#2905,#2906);
#2905 = CARTESIAN_POINT('',(133.,77.182337649086,-133.2146319705));
#2906 = VECTOR('',#2907,1.);
#2907 = DIRECTION('',(-1.,0.,0.));
#2908 = ORIENTED_EDGE('',*,*,#2909,.F.);
#2909 = EDGE_CURVE('',#2886,#2902,#2910,.T.);
#2910 = LINE('',#2911,#2912);
#2911 = CARTESIAN_POINT('',(121.,143.36753236814,-67.02943725152));
#2912 = VECTOR('',#2913,1.);
#2913 = DIRECTION('',(0.,-0.707106781187,-0.707106781187));
#2914 = FACE_BOUND('',#2915,.T.);
#2915 = EDGE_LOOP('',(#2916,#2926,#2934,#2942));
#2916 = ORIENTED_EDGE('',*,*,#2917,.F.);
#2917 = EDGE_CURVE('',#2918,#2920,#2922,.T.);
#2918 = VERTEX_POINT('',#2919);
#2919 = CARTESIAN_POINT('',(71.4,92.455844122716,-117.9411254969));
#2920 = VERTEX_POINT('',#2921);
#2921 = CARTESIAN_POINT('',(121.,92.455844122716,-117.9411254969));
#2922 = LINE('',#2923,#2924);
#2923 = CARTESIAN_POINT('',(8.,92.455844122716,-117.9411254969));
#2924 = VECTOR('',#2925,1.);
#2925 = DIRECTION('',(1.,0.,0.));
#2926 = ORIENTED_EDGE('',*,*,#2927,.F.);
#2927 = EDGE_CURVE('',#2928,#2918,#2930,.T.);
#2928 = VERTEX_POINT('',#2929);
#2929 = CARTESIAN_POINT('',(71.4,85.667619023325,-124.7293505963));
#2930 = LINE('',#2931,#2932);
#2931 = CARTESIAN_POINT('',(71.4,50.029437251523,-160.3675323681));
#2932 = VECTOR('',#2933,1.);
#2933 = DIRECTION('',(0.,0.707106781187,0.707106781187));
#2934 = ORIENTED_EDGE('',*,*,#2935,.F.);
#2935 = EDGE_CURVE('',#2936,#2928,#2938,.T.);
#2936 = VERTEX_POINT('',#2937);
#2937 = CARTESIAN_POINT('',(121.,85.667619023325,-124.7293505963));
#2938 = LINE('',#2939,#2940);
#2939 = CARTESIAN_POINT('',(133.,85.667619023325,-124.7293505963));
#2940 = VECTOR('',#2941,1.);
#2941 = DIRECTION('',(-1.,0.,0.));
#2942 = ORIENTED_EDGE('',*,*,#2943,.F.);
#2943 = EDGE_CURVE('',#2920,#2936,#2944,.T.);
#2944 = LINE('',#2945,#2946);
#2945 = CARTESIAN_POINT('',(121.,143.36753236814,-67.02943725152));
#2946 = VECTOR('',#2947,1.);
#2947 = DIRECTION('',(0.,-0.707106781187,-0.707106781187));
#2948 = FACE_BOUND('',#2949,.T.);
#2949 = EDGE_LOOP('',(#2950,#2951,#2959,#2967));
#2950 = ORIENTED_EDGE('',*,*,#512,.F.);
#2951 = ORIENTED_EDGE('',*,*,#2952,.F.);
#2952 = EDGE_CURVE('',#2953,#513,#2955,.T.);
#2953 = VERTEX_POINT('',#2954);
#2954 = CARTESIAN_POINT('',(69.,58.514718625761,-151.8822509939));
#2955 = LINE('',#2956,#2957);
#2956 = CARTESIAN_POINT('',(69.,143.36753236814,-67.02943725152));
#2957 = VECTOR('',#2958,1.);
#2958 = DIRECTION('',(0.,-0.707106781187,-0.707106781187));
#2959 = ORIENTED_EDGE('',*,*,#2960,.F.);
#2960 = EDGE_CURVE('',#2961,#2953,#2963,.T.);
#2961 = VERTEX_POINT('',#2962);
#2962 = CARTESIAN_POINT('',(19.,58.514718625761,-151.8822509939));
#2963 = LINE('',#2964,#2965);
#2964 = CARTESIAN_POINT('',(8.,58.514718625761,-151.8822509939));
#2965 = VECTOR('',#2966,1.);
#2966 = DIRECTION('',(1.,0.,0.));
#2967 = ORIENTED_EDGE('',*,*,#2968,.F.);
#2968 = EDGE_CURVE('',#505,#2961,#2969,.T.);
#2969 = LINE('',#2970,#2971);
#2970 = CARTESIAN_POINT('',(19.,50.029437251523,-160.3675323681));
#2971 = VECTOR('',#2972,1.);
#2972 = DIRECTION('',(0.,0.707106781187,0.707106781187));
#2973 = FACE_BOUND('',#2974,.T.);
#2974 = EDGE_LOOP('',(#2975,#2985,#2993,#3001));
#2975 = ORIENTED_EDGE('',*,*,#2976,.F.);
#2976 = EDGE_CURVE('',#2977,#2979,#2981,.T.);
#2977 = VERTEX_POINT('',#2978);
#2978 = CARTESIAN_POINT('',(69.,60.211774900609,-150.185194719));
#2979 = VERTEX_POINT('',#2980);
#2980 = CARTESIAN_POINT('',(19.,60.211774900609,-150.185194719));
#2981 = LINE('',#2982,#2983);
#2982 = CARTESIAN_POINT('',(133.,60.211774900609,-150.185194719));
#2983 = VECTOR('',#2984,1.);
#2984 = DIRECTION('',(-1.,0.,0.));
#2985 = ORIENTED_EDGE('',*,*,#2986,.F.);
#2986 = EDGE_CURVE('',#2987,#2977,#2989,.T.);
#2987 = VERTEX_POINT('',#2988);
#2988 = CARTESIAN_POINT('',(69.,67.,-143.3969696196));
#2989 = LINE('',#2990,#2991);
#2990 = CARTESIAN_POINT('',(69.,143.36753236814,-67.02943725152));
#2991 = VECTOR('',#2992,1.);
#2992 = DIRECTION('',(0.,-0.707106781187,-0.707106781187));
#2993 = ORIENTED_EDGE('',*,*,#2994,.F.);
#2994 = EDGE_CURVE('',#2995,#2987,#2997,.T.);
#2995 = VERTEX_POINT('',#2996);
#2996 = CARTESIAN_POINT('',(19.,67.,-143.3969696196));
#2997 = LINE('',#2998,#2999);
#2998 = CARTESIAN_POINT('',(8.,67.,-143.3969696196));
#2999 = VECTOR('',#3000,1.);
#3000 = DIRECTION('',(1.,0.,0.));
#3001 = ORIENTED_EDGE('',*,*,#3002,.F.);
#3002 = EDGE_CURVE('',#2979,#2995,#3003,.T.);
#3003 = LINE('',#3004,#3005);
#3004 = CARTESIAN_POINT('',(19.,50.029437251523,-160.3675323681));
#3005 = VECTOR('',#3006,1.);
#3006 = DIRECTION('',(0.,0.707106781187,0.707106781187));
#3007 = FACE_BOUND('',#3008,.T.);
#3008 = EDGE_LOOP('',(#3009,#3019,#3027,#3035));
#3009 = ORIENTED_EDGE('',*,*,#3010,.F.);
#3010 = EDGE_CURVE('',#3011,#3013,#3015,.T.);
#3011 = VERTEX_POINT('',#3012);
#3012 = CARTESIAN_POINT('',(69.,68.697056274848,-141.6999133448));
#3013 = VERTEX_POINT('',#3014);
#3014 = CARTESIAN_POINT('',(19.,68.697056274848,-141.6999133448));
#3015 = LINE('',#3016,#3017);
#3016 = CARTESIAN_POINT('',(133.,68.697056274848,-141.6999133448));
#3017 = VECTOR('',#3018,1.);
#3018 = DIRECTION('',(-1.,0.,0.));
#3019 = ORIENTED_EDGE('',*,*,#3020,.F.);
#3020 = EDGE_CURVE('',#3021,#3011,#3023,.T.);
#3021 = VERTEX_POINT('',#3022);
#3022 = CARTESIAN_POINT('',(69.,75.485281374239,-134.9116882454));
#3023 = LINE('',#3024,#3025);
#3024 = CARTESIAN_POINT('',(69.,143.36753236814,-67.02943725152));
#3025 = VECTOR('',#3026,1.);
#3026 = DIRECTION('',(0.,-0.707106781187,-0.707106781187));
#3027 = ORIENTED_EDGE('',*,*,#3028,.F.);
#3028 = EDGE_CURVE('',#3029,#3021,#3031,.T.);
#3029 = VERTEX_POINT('',#3030);
#3030 = CARTESIAN_POINT('',(19.,75.485281374239,-134.9116882454));
#3031 = LINE('',#3032,#3033);
#3032 = CARTESIAN_POINT('',(8.,75.485281374239,-134.9116882454));
#3033 = VECTOR('',#3034,1.);
#3034 = DIRECTION('',(1.,0.,0.));
#3035 = ORIENTED_EDGE('',*,*,#3036,.F.);
#3036 = EDGE_CURVE('',#3013,#3029,#3037,.T.);
#3037 = LINE('',#3038,#3039);
#3038 = CARTESIAN_POINT('',(19.,50.029437251523,-160.3675323681));
#3039 = VECTOR('',#3040,1.);
#3040 = DIRECTION('',(0.,0.707106781187,0.707106781187));
#3041 = FACE_BOUND('',#3042,.T.);
#3042 = EDGE_LOOP('',(#3043,#3053,#3061,#3069));
#3043 = ORIENTED_EDGE('',*,*,#3044,.F.);
#3044 = EDGE_CURVE('',#3045,#3047,#3049,.T.);
#3045 = VERTEX_POINT('',#3046);
#3046 = CARTESIAN_POINT('',(69.,77.182337649086,-133.2146319705));
#3047 = VERTEX_POINT('',#3048);
#3048 = CARTESIAN_POINT('',(19.,77.182337649086,-133.2146319705));
#3049 = LINE('',#3050,#3051);
#3050 = CARTESIAN_POINT('',(133.,77.182337649086,-133.2146319705));
#3051 = VECTOR('',#3052,1.);
#3052 = DIRECTION('',(-1.,0.,0.));
#3053 = ORIENTED_EDGE('',*,*,#3054,.F.);
#3054 = EDGE_CURVE('',#3055,#3045,#3057,.T.);
#3055 = VERTEX_POINT('',#3056);
#3056 = CARTESIAN_POINT('',(69.,83.970562748477,-126.4264068711));
#3057 = LINE('',#3058,#3059);
#3058 = CARTESIAN_POINT('',(69.,143.36753236814,-67.02943725152));
#3059 = VECTOR('',#3060,1.);
#3060 = DIRECTION('',(0.,-0.707106781187,-0.707106781187));
#3061 = ORIENTED_EDGE('',*,*,#3062,.F.);
#3062 = EDGE_CURVE('',#3063,#3055,#3065,.T.);
#3063 = VERTEX_POINT('',#3064);
#3064 = CARTESIAN_POINT('',(19.,83.970562748477,-126.4264068711));
#3065 = LINE('',#3066,#3067);
#3066 = CARTESIAN_POINT('',(8.,83.970562748477,-126.4264068711));
#3067 = VECTOR('',#3068,1.);
#3068 = DIRECTION('',(1.,0.,0.));
#3069 = ORIENTED_EDGE('',*,*,#3070,.F.);
#3070 = EDGE_CURVE('',#3047,#3063,#3071,.T.);
#3071 = LINE('',#3072,#3073);
#3072 = CARTESIAN_POINT('',(19.,50.029437251523,-160.3675323681));
#3073 = VECTOR('',#3074,1.);
#3074 = DIRECTION('',(0.,0.707106781187,0.707106781187));
#3075 = FACE_BOUND('',#3076,.T.);
#3076 = EDGE_LOOP('',(#3077,#3087,#3095,#3103));
#3077 = ORIENTED_EDGE('',*,*,#3078,.F.);
#3078 = EDGE_CURVE('',#3079,#3081,#3083,.T.);
#3079 = VERTEX_POINT('',#3080);
#3080 = CARTESIAN_POINT('',(69.,85.667619023325,-124.7293505963));
#3081 = VERTEX_POINT('',#3082);
#3082 = CARTESIAN_POINT('',(19.,85.667619023325,-124.7293505963));
#3083 = LINE('',#3084,#3085);
#3084 = CARTESIAN_POINT('',(133.,85.667619023325,-124.7293505963));
#3085 = VECTOR('',#3086,1.);
#3086 = DIRECTION('',(-1.,0.,0.));
#3087 = ORIENTED_EDGE('',*,*,#3088,.F.);
#3088 = EDGE_CURVE('',#3089,#3079,#3091,.T.);
#3089 = VERTEX_POINT('',#3090);
#3090 = CARTESIAN_POINT('',(69.,92.455844122716,-117.9411254969));
#3091 = LINE('',#3092,#3093);
#3092 = CARTESIAN_POINT('',(69.,143.36753236814,-67.02943725152));
#3093 = VECTOR('',#3094,1.);
#3094 = DIRECTION('',(0.,-0.707106781187,-0.707106781187));
#3095 = ORIENTED_EDGE('',*,*,#3096,.F.);
#3096 = EDGE_CURVE('',#3097,#3089,#3099,.T.);
#3097 = VERTEX_POINT('',#3098);
#3098 = CARTESIAN_POINT('',(19.,92.455844122716,-117.9411254969));
#3099 = LINE('',#3100,#3101);
#3100 = CARTESIAN_POINT('',(8.,92.455844122716,-117.9411254969));
#3101 = VECTOR('',#3102,1.);
#3102 = DIRECTION('',(1.,0.,0.));
#3103 = ORIENTED_EDGE('',*,*,#3104,.F.);
#3104 = EDGE_CURVE('',#3081,#3097,#3105,.T.);
#3105 = LINE('',#3106,#3107);
#3106 = CARTESIAN_POINT('',(19.,50.029437251523,-160.3675323681));
#3107 = VECTOR('',#3108,1.);
#3108 = DIRECTION('',(0.,0.707106781187,0.707106781187));
#3109 = FACE_BOUND('',#3110,.T.);
#3110 = EDGE_LOOP('',(#3111,#3121,#3129,#3137));
#3111 = ORIENTED_EDGE('',*,*,#3112,.F.);
#3112 = EDGE_CURVE('',#3113,#3115,#3117,.T.);
#3113 = VERTEX_POINT('',#3114);
#3114 = CARTESIAN_POINT('',(71.4,100.94112549695,-109.4558441227));
#3115 = VERTEX_POINT('',#3116);
#3116 = CARTESIAN_POINT('',(121.,100.94112549695,-109.4558441227));
#3117 = LINE('',#3118,#3119);
#3118 = CARTESIAN_POINT('',(8.,100.94112549695,-109.4558441227));
#3119 = VECTOR('',#3120,1.);
#3120 = DIRECTION('',(1.,0.,0.));
#3121 = ORIENTED_EDGE('',*,*,#3122,.F.);
#3122 = EDGE_CURVE('',#3123,#3113,#3125,.T.);
#3123 = VERTEX_POINT('',#3124);
#3124 = CARTESIAN_POINT('',(71.4,94.152900397563,-116.2440692221));
#3125 = LINE('',#3126,#3127);
#3126 = CARTESIAN_POINT('',(71.4,50.029437251523,-160.3675323681));
#3127 = VECTOR('',#3128,1.);
#3128 = DIRECTION('',(0.,0.707106781187,0.707106781187));
#3129 = ORIENTED_EDGE('',*,*,#3130,.F.);
#3130 = EDGE_CURVE('',#3131,#3123,#3133,.T.);
#3131 = VERTEX_POINT('',#3132);
#3132 = CARTESIAN_POINT('',(121.,94.152900397563,-116.2440692221));
#3133 = LINE('',#3134,#3135);
#3134 = CARTESIAN_POINT('',(133.,94.152900397563,-116.2440692221));
#3135 = VECTOR('',#3136,1.);
#3136 = DIRECTION('',(-1.,0.,0.));
#3137 = ORIENTED_EDGE('',*,*,#3138,.F.);
#3138 = EDGE_CURVE('',#3115,#3131,#3139,.T.);
#3139 = LINE('',#3140,#3141);
#3140 = CARTESIAN_POINT('',(121.,143.36753236814,-67.02943725152));
#3141 = VECTOR('',#3142,1.);
#3142 = DIRECTION('',(0.,-0.707106781187,-0.707106781187));
#3143 = FACE_BOUND('',#3144,.T.);
#3144 = EDGE_LOOP('',(#3145,#3155,#3163,#3171));
#3145 = ORIENTED_EDGE('',*,*,#3146,.F.);
#3146 = EDGE_CURVE('',#3147,#3149,#3151,.T.);
#3147 = VERTEX_POINT('',#3148);
#3148 = CARTESIAN_POINT('',(71.4,109.42640687119,-100.9705627484));
#3149 = VERTEX_POINT('',#3150);
#3150 = CARTESIAN_POINT('',(121.,109.42640687119,-100.9705627484));
#3151 = LINE('',#3152,#3153);
#3152 = CARTESIAN_POINT('',(8.,109.42640687119,-100.9705627484));
#3153 = VECTOR('',#3154,1.);
#3154 = DIRECTION('',(1.,0.,0.));
#3155 = ORIENTED_EDGE('',*,*,#3156,.F.);
#3156 = EDGE_CURVE('',#3157,#3147,#3159,.T.);
#3157 = VERTEX_POINT('',#3158);
#3158 = CARTESIAN_POINT('',(71.4,102.6381817718,-107.7587878478));
#3159 = LINE('',#3160,#3161);
#3160 = CARTESIAN_POINT('',(71.4,50.029437251523,-160.3675323681));
#3161 = VECTOR('',#3162,1.);
#3162 = DIRECTION('',(0.,0.707106781187,0.707106781187));
#3163 = ORIENTED_EDGE('',*,*,#3164,.F.);
#3164 = EDGE_CURVE('',#3165,#3157,#3167,.T.);
#3165 = VERTEX_POINT('',#3166);
#3166 = CARTESIAN_POINT('',(121.,102.6381817718,-107.7587878478));
#3167 = LINE('',#3168,#3169);
#3168 = CARTESIAN_POINT('',(133.,102.6381817718,-107.7587878478));
#3169 = VECTOR('',#3170,1.);
#3170 = DIRECTION('',(-1.,0.,0.));
#3171 = ORIENTED_EDGE('',*,*,#3172,.F.);
#3172 = EDGE_CURVE('',#3149,#3165,#3173,.T.);
#3173 = LINE('',#3174,#3175);
#3174 = CARTESIAN_POINT('',(121.,143.36753236814,-67.02943725152));
#3175 = VECTOR('',#3176,1.);
#3176 = DIRECTION('',(0.,-0.707106781187,-0.707106781187));
#3177 = FACE_BOUND('',#3178,.T.);
#3178 = EDGE_LOOP('',(#3179,#3189,#3197,#3205));
#3179 = ORIENTED_EDGE('',*,*,#3180,.F.);
#3180 = EDGE_CURVE('',#3181,#3183,#3185,.T.);
#3181 = VERTEX_POINT('',#3182);
#3182 = CARTESIAN_POINT('',(71.4,117.91168824543,-92.48528137423));
#3183 = VERTEX_POINT('',#3184);
#3184 = CARTESIAN_POINT('',(121.,117.91168824543,-92.48528137423));
#3185 = LINE('',#3186,#3187);
#3186 = CARTESIAN_POINT('',(8.,117.91168824543,-92.48528137423));
#3187 = VECTOR('',#3188,1.);
#3188 = DIRECTION('',(1.,0.,0.));
#3189 = ORIENTED_EDGE('',*,*,#3190,.F.);
#3190 = EDGE_CURVE('',#3191,#3181,#3193,.T.);
#3191 = VERTEX_POINT('',#3192);
#3192 = CARTESIAN_POINT('',(71.4,111.12346314604,-99.27350647362));
#3193 = LINE('',#3194,#3195);
#3194 = CARTESIAN_POINT('',(71.4,50.029437251523,-160.3675323681));
#3195 = VECTOR('',#3196,1.);
#3196 = DIRECTION('',(0.,0.707106781187,0.707106781187));
#3197 = ORIENTED_EDGE('',*,*,#3198,.F.);
#3198 = EDGE_CURVE('',#3199,#3191,#3201,.T.);
#3199 = VERTEX_POINT('',#3200);
#3200 = CARTESIAN_POINT('',(121.,111.12346314604,-99.27350647362));
#3201 = LINE('',#3202,#3203);
#3202 = CARTESIAN_POINT('',(133.,111.12346314604,-99.27350647362));
#3203 = VECTOR('',#3204,1.);
#3204 = DIRECTION('',(-1.,0.,0.));
#3205 = ORIENTED_EDGE('',*,*,#3206,.F.);
#3206 = EDGE_CURVE('',#3183,#3199,#3207,.T.);
#3207 = LINE('',#3208,#3209);
#3208 = CARTESIAN_POINT('',(121.,143.36753236814,-67.02943725152));
#3209 = VECTOR('',#3210,1.);
#3210 = DIRECTION('',(0.,-0.707106781187,-0.707106781187));
#3211 = FACE_BOUND('',#3212,.T.);
#3212 = EDGE_LOOP('',(#3213,#3223,#3231,#3239));
#3213 = ORIENTED_EDGE('',*,*,#3214,.F.);
#3214 = EDGE_CURVE('',#3215,#3217,#3219,.T.);
#3215 = VERTEX_POINT('',#3216);
#3216 = CARTESIAN_POINT('',(71.4,126.39696961967,-84.));
#3217 = VERTEX_POINT('',#3218);
#3218 = CARTESIAN_POINT('',(121.,126.39696961967,-84.));
#3219 = LINE('',#3220,#3221);
#3220 = CARTESIAN_POINT('',(8.,126.39696961967,-84.));
#3221 = VECTOR('',#3222,1.);
#3222 = DIRECTION('',(1.,0.,0.));
#3223 = ORIENTED_EDGE('',*,*,#3224,.F.);
#3224 = EDGE_CURVE('',#3225,#3215,#3227,.T.);
#3225 = VERTEX_POINT('',#3226);
#3226 = CARTESIAN_POINT('',(71.4,119.60874452027,-90.78822509939));
#3227 = LINE('',#3228,#3229);
#3228 = CARTESIAN_POINT('',(71.4,50.029437251523,-160.3675323681));
#3229 = VECTOR('',#3230,1.);
#3230 = DIRECTION('',(0.,0.707106781187,0.707106781187));
#3231 = ORIENTED_EDGE('',*,*,#3232,.F.);
#3232 = EDGE_CURVE('',#3233,#3225,#3235,.T.);
#3233 = VERTEX_POINT('',#3234);
#3234 = CARTESIAN_POINT('',(121.,119.60874452027,-90.78822509939));
#3235 = LINE('',#3236,#3237);
#3236 = CARTESIAN_POINT('',(133.,119.60874452027,-90.78822509939));
#3237 = VECTOR('',#3238,1.);
#3238 = DIRECTION('',(-1.,0.,0.));
#3239 = ORIENTED_EDGE('',*,*,#3240,.F.);
#3240 = EDGE_CURVE('',#3217,#3233,#3241,.T.);
#3241 = LINE('',#3242,#3243);
#3242 = CARTESIAN_POINT('',(121.,143.36753236814,-67.02943725152));
#3243 = VECTOR('',#3244,1.);
#3244 = DIRECTION('',(0.,-0.707106781187,-0.707106781187));
#3245 = FACE_BOUND('',#3246,.T.);
#3246 = EDGE_LOOP('',(#3247,#3257,#3265,#3273));
#3247 = ORIENTED_EDGE('',*,*,#3248,.F.);
#3248 = EDGE_CURVE('',#3249,#3251,#3253,.T.);
#3249 = VERTEX_POINT('',#3250);
#3250 = CARTESIAN_POINT('',(71.4,134.8822509939,-75.51471862576));
#3251 = VERTEX_POINT('',#3252);
#3252 = CARTESIAN_POINT('',(121.,134.8822509939,-75.51471862576));
#3253 = LINE('',#3254,#3255);
#3254 = CARTESIAN_POINT('',(8.,134.8822509939,-75.51471862576));
#3255 = VECTOR('',#3256,1.);
#3256 = DIRECTION('',(1.,0.,0.));
#3257 = ORIENTED_EDGE('',*,*,#3258,.F.);
#3258 = EDGE_CURVE('',#3259,#3249,#3261,.T.);
#3259 = VERTEX_POINT('',#3260);
#3260 = CARTESIAN_POINT('',(71.4,128.09402589451,-82.30294372515));
#3261 = LINE('',#3262,#3263);
#3262 = CARTESIAN_POINT('',(71.4,50.029437251523,-160.3675323681));
#3263 = VECTOR('',#3264,1.);
#3264 = DIRECTION('',(0.,0.707106781187,0.707106781187));
#3265 = ORIENTED_EDGE('',*,*,#3266,.F.);
#3266 = EDGE_CURVE('',#3267,#3259,#3269,.T.);
#3267 = VERTEX_POINT('',#3268);
#3268 = CARTESIAN_POINT('',(121.,128.09402589451,-82.30294372515));
#3269 = LINE('',#3270,#3271);
#3270 = CARTESIAN_POINT('',(133.,128.09402589451,-82.30294372515));
#3271 = VECTOR('',#3272,1.);
#3272 = DIRECTION('',(-1.,0.,0.));
#3273 = ORIENTED_EDGE('',*,*,#3274,.F.);
#3274 = EDGE_CURVE('',#3251,#3267,#3275,.T.);
#3275 = LINE('',#3276,#3277);
#3276 = CARTESIAN_POINT('',(121.,143.36753236814,-67.02943725152));
#3277 = VECTOR('',#3278,1.);
#3278 = DIRECTION('',(0.,-0.707106781187,-0.707106781187));
#3279 = FACE_BOUND('',#3280,.T.);
#3280 = EDGE_LOOP('',(#3281,#3291,#3299,#3307));
#3281 = ORIENTED_EDGE('',*,*,#3282,.F.);
#3282 = EDGE_CURVE('',#3283,#3285,#3287,.T.);
#3283 = VERTEX_POINT('',#3284);
#3284 = CARTESIAN_POINT('',(69.,94.152900397563,-116.2440692221));
#3285 = VERTEX_POINT('',#3286);
#3286 = CARTESIAN_POINT('',(19.,94.152900397563,-116.2440692221));
#3287 = LINE('',#3288,#3289);
#3288 = CARTESIAN_POINT('',(133.,94.152900397563,-116.2440692221));
#3289 = VECTOR('',#3290,1.);
#3290 = DIRECTION('',(-1.,0.,0.));
#3291 = ORIENTED_EDGE('',*,*,#3292,.F.);
#3292 = EDGE_CURVE('',#3293,#3283,#3295,.T.);
#3293 = VERTEX_POINT('',#3294);
#3294 = CARTESIAN_POINT('',(69.,100.94112549695,-109.4558441227));
#3295 = LINE('',#3296,#3297);
#3296 = CARTESIAN_POINT('',(69.,143.36753236814,-67.02943725152));
#3297 = VECTOR('',#3298,1.);
#3298 = DIRECTION('',(0.,-0.707106781187,-0.707106781187));
#3299 = ORIENTED_EDGE('',*,*,#3300,.F.);
#3300 = EDGE_CURVE('',#3301,#3293,#3303,.T.);
#3301 = VERTEX_POINT('',#3302);
#3302 = CARTESIAN_POINT('',(19.,100.94112549695,-109.4558441227));
#3303 = LINE('',#3304,#3305);
#3304 = CARTESIAN_POINT('',(8.,100.94112549695,-109.4558441227));
#3305 = VECTOR('',#3306,1.);
#3306 = DIRECTION('',(1.,0.,0.));
#3307 = ORIENTED_EDGE('',*,*,#3308,.F.);
#3308 = EDGE_CURVE('',#3285,#3301,#3309,.T.);
#3309 = LINE('',#3310,#3311);
#3310 = CARTESIAN_POINT('',(19.,50.029437251523,-160.3675323681));
#3311 = VECTOR('',#3312,1.);
#3312 = DIRECTION('',(0.,0.707106781187,0.707106781187));
#3313 = FACE_BOUND('',#3314,.T.);
#3314 = EDGE_LOOP('',(#3315,#3325,#3333,#3341));
#3315 = ORIENTED_EDGE('',*,*,#3316,.F.);
#3316 = EDGE_CURVE('',#3317,#3319,#3321,.T.);
#3317 = VERTEX_POINT('',#3318);
#3318 = CARTESIAN_POINT('',(69.,102.6381817718,-107.7587878478));
#3319 = VERTEX_POINT('',#3320);
#3320 = CARTESIAN_POINT('',(19.,102.6381817718,-107.7587878478));
#3321 = LINE('',#3322,#3323);
#3322 = CARTESIAN_POINT('',(133.,102.6381817718,-107.7587878478));
#3323 = VECTOR('',#3324,1.);
#3324 = DIRECTION('',(-1.,0.,0.));
#3325 = ORIENTED_EDGE('',*,*,#3326,.F.);
#3326 = EDGE_CURVE('',#3327,#3317,#3329,.T.);
#3327 = VERTEX_POINT('',#3328);
#3328 = CARTESIAN_POINT('',(69.,109.42640687119,-100.9705627484));
#3329 = LINE('',#3330,#3331);
#3330 = CARTESIAN_POINT('',(69.,143.36753236814,-67.02943725152));
#3331 = VECTOR('',#3332,1.);
#3332 = DIRECTION('',(0.,-0.707106781187,-0.707106781187));
#3333 = ORIENTED_EDGE('',*,*,#3334,.F.);
#3334 = EDGE_CURVE('',#3335,#3327,#3337,.T.);
#3335 = VERTEX_POINT('',#3336);
#3336 = CARTESIAN_POINT('',(19.,109.42640687119,-100.9705627484));
#3337 = LINE('',#3338,#3339);
#3338 = CARTESIAN_POINT('',(8.,109.42640687119,-100.9705627484));
#3339 = VECTOR('',#3340,1.);
#3340 = DIRECTION('',(1.,0.,0.));
#3341 = ORIENTED_EDGE('',*,*,#3342,.F.);
#3342 = EDGE_CURVE('',#3319,#3335,#3343,.T.);
#3343 = LINE('',#3344,#3345);
#3344 = CARTESIAN_POINT('',(19.,50.029437251523,-160.3675323681));
#3345 = VECTOR('',#3346,1.);
#3346 = DIRECTION('',(0.,0.707106781187,0.707106781187));
#3347 = FACE_BOUND('',#3348,.T.);
#3348 = EDGE_LOOP('',(#3349,#3359,#3367,#3375));
#3349 = ORIENTED_EDGE('',*,*,#3350,.F.);
#3350 = EDGE_CURVE('',#3351,#3353,#3355,.T.);
#3351 = VERTEX_POINT('',#3352);
#3352 = CARTESIAN_POINT('',(69.,111.12346314604,-99.27350647362));
#3353 = VERTEX_POINT('',#3354);
#3354 = CARTESIAN_POINT('',(19.,111.12346314604,-99.27350647362));
#3355 = LINE('',#3356,#3357);
#3356 = CARTESIAN_POINT('',(133.,111.12346314604,-99.27350647362));
#3357 = VECTOR('',#3358,1.);
#3358 = DIRECTION('',(-1.,0.,0.));
#3359 = ORIENTED_EDGE('',*,*,#3360,.F.);
#3360 = EDGE_CURVE('',#3361,#3351,#3363,.T.);
#3361 = VERTEX_POINT('',#3362);
#3362 = CARTESIAN_POINT('',(69.,117.91168824543,-92.48528137423));
#3363 = LINE('',#3364,#3365);
#3364 = CARTESIAN_POINT('',(69.,143.36753236814,-67.02943725152));
#3365 = VECTOR('',#3366,1.);
#3366 = DIRECTION('',(0.,-0.707106781187,-0.707106781187));
#3367 = ORIENTED_EDGE('',*,*,#3368,.F.);
#3368 = EDGE_CURVE('',#3369,#3361,#3371,.T.);
#3369 = VERTEX_POINT('',#3370);
#3370 = CARTESIAN_POINT('',(19.,117.91168824543,-92.48528137423));
#3371 = LINE('',#3372,#3373);
#3372 = CARTESIAN_POINT('',(8.,117.91168824543,-92.48528137423));
#3373 = VECTOR('',#3374,1.);
#3374 = DIRECTION('',(1.,0.,0.));
#3375 = ORIENTED_EDGE('',*,*,#3376,.F.);
#3376 = EDGE_CURVE('',#3353,#3369,#3377,.T.);
#3377 = LINE('',#3378,#3379);
#3378 = CARTESIAN_POINT('',(19.,50.029437251523,-160.3675323681));
#3379 = VECTOR('',#3380,1.);
#3380 = DIRECTION('',(0.,0.707106781187,0.707106781187));
#3381 = FACE_BOUND('',#3382,.T.);
#3382 = EDGE_LOOP('',(#3383,#3393,#3401,#3409));
#3383 = ORIENTED_EDGE('',*,*,#3384,.F.);
#3384 = EDGE_CURVE('',#3385,#3387,#3389,.T.);
#3385 = VERTEX_POINT('',#3386);
#3386 = CARTESIAN_POINT('',(69.,119.60874452027,-90.78822509939));
#3387 = VERTEX_POINT('',#3388);
#3388 = CARTESIAN_POINT('',(19.,119.60874452027,-90.78822509939));
#3389 = LINE('',#3390,#3391);
#3390 = CARTESIAN_POINT('',(133.,119.60874452027,-90.78822509939));
#3391 = VECTOR('',#3392,1.);
#3392 = DIRECTION('',(-1.,0.,0.));
#3393 = ORIENTED_EDGE('',*,*,#3394,.F.);
#3394 = EDGE_CURVE('',#3395,#3385,#3397,.T.);
#3395 = VERTEX_POINT('',#3396);
#3396 = CARTESIAN_POINT('',(69.,126.39696961967,-84.));
#3397 = LINE('',#3398,#3399);
#3398 = CARTESIAN_POINT('',(69.,143.36753236814,-67.02943725152));
#3399 = VECTOR('',#3400,1.);
#3400 = DIRECTION('',(0.,-0.707106781187,-0.707106781187));
#3401 = ORIENTED_EDGE('',*,*,#3402,.F.);
#3402 = EDGE_CURVE('',#3403,#3395,#3405,.T.);
#3403 = VERTEX_POINT('',#3404);
#3404 = CARTESIAN_POINT('',(19.,126.39696961967,-84.));
#3405 = LINE('',#3406,#3407);
#3406 = CARTESIAN_POINT('',(8.,126.39696961967,-84.));
#3407 = VECTOR('',#3408,1.);
#3408 = DIRECTION('',(1.,0.,0.));
#3409 = ORIENTED_EDGE('',*,*,#3410,.F.);
#3410 = EDGE_CURVE('',#3387,#3403,#3411,.T.);
#3411 = LINE('',#3412,#3413);
#3412 = CARTESIAN_POINT('',(19.,50.029437251523,-160.3675323681));
#3413 = VECTOR('',#3414,1.);
#3414 = DIRECTION('',(0.,0.707106781187,0.707106781187));
#3415 = FACE_BOUND('',#3416,.T.);
#3416 = EDGE_LOOP('',(#3417,#3427,#3435,#3443));
#3417 = ORIENTED_EDGE('',*,*,#3418,.F.);
#3418 = EDGE_CURVE('',#3419,#3421,#3423,.T.);
#3419 = VERTEX_POINT('',#3420);
#3420 = CARTESIAN_POINT('',(69.,128.09402589451,-82.30294372515));
#3421 = VERTEX_POINT('',#3422);
#3422 = CARTESIAN_POINT('',(19.,128.09402589451,-82.30294372515));
#3423 = LINE('',#3424,#3425);
#3424 = CARTESIAN_POINT('',(133.,128.09402589451,-82.30294372515));
#3425 = VECTOR('',#3426,1.);
#3426 = DIRECTION('',(-1.,0.,0.));
#3427 = ORIENTED_EDGE('',*,*,#3428,.F.);
#3428 = EDGE_CURVE('',#3429,#3419,#3431,.T.);
#3429 = VERTEX_POINT('',#3430);
#3430 = CARTESIAN_POINT('',(69.,134.8822509939,-75.51471862576));
#3431 = LINE('',#3432,#3433);
#3432 = CARTESIAN_POINT('',(69.,143.36753236814,-67.02943725152));
#3433 = VECTOR('',#3434,1.);
#3434 = DIRECTION('',(0.,-0.707106781187,-0.707106781187));
#3435 = ORIENTED_EDGE('',*,*,#3436,.F.);
#3436 = EDGE_CURVE('',#3437,#3429,#3439,.T.);
#3437 = VERTEX_POINT('',#3438);
#3438 = CARTESIAN_POINT('',(19.,134.8822509939,-75.51471862576));
#3439 = LINE('',#3440,#3441);
#3440 = CARTESIAN_POINT('',(8.,134.8822509939,-75.51471862576));
#3441 = VECTOR('',#3442,1.);
#3442 = DIRECTION('',(1.,0.,0.));
#3443 = ORIENTED_EDGE('',*,*,#3444,.F.);
#3444 = EDGE_CURVE('',#3421,#3437,#3445,.T.);
#3445 = LINE('',#3446,#3447);
#3446 = CARTESIAN_POINT('',(19.,50.029437251523,-160.3675323681));
#3447 = VECTOR('',#3448,1.);
#3448 = DIRECTION('',(0.,0.707106781187,0.707106781187));
#3449 = PLANE('',#3450);
#3450 = AXIS2_PLACEMENT_3D('',#3451,#3452,#3453);
#3451 = CARTESIAN_POINT('',(70.473535492764,98.396710661716,
    -112.0002589579));
#3452 = DIRECTION('',(-0.,0.707106781187,-0.707106781187));
#3453 = DIRECTION('',(-1.,0.,0.));
#3454 = ADVANCED_FACE('',(#3455),#3535,.F.);
#3455 = FACE_BOUND('',#3456,.F.);
#3456 = EDGE_LOOP('',(#3457,#3467,#3473,#3474,#3475,#3483,#3491,#3497,
    #3498,#3506,#3514,#3520,#3521,#3529));
#3457 = ORIENTED_EDGE('',*,*,#3458,.T.);
#3458 = EDGE_CURVE('',#3459,#3461,#3463,.T.);
#3459 = VERTEX_POINT('',#3460);
#3460 = CARTESIAN_POINT('',(121.,70.535533905933,-135.6187950266));
#3461 = VERTEX_POINT('',#3462);
#3462 = CARTESIAN_POINT('',(121.,67.707106781187,-132.7903679018));
#3463 = LINE('',#3464,#3465);
#3464 = CARTESIAN_POINT('',(121.,70.535533905933,-135.6187950266));
#3465 = VECTOR('',#3466,1.);
#3466 = DIRECTION('',(0.,-0.707106781187,0.707106781187));
#3467 = ORIENTED_EDGE('',*,*,#3468,.T.);
#3468 = EDGE_CURVE('',#3461,#473,#3469,.T.);
#3469 = LINE('',#3470,#3471);
#3470 = CARTESIAN_POINT('',(121.,138.41778489984,-62.07968978321));
#3471 = VECTOR('',#3472,1.);
#3472 = DIRECTION('',(0.,-0.707106781187,-0.707106781187));
#3473 = ORIENTED_EDGE('',*,*,#472,.F.);
#3474 = ORIENTED_EDGE('',*,*,#2807,.F.);
#3475 = ORIENTED_EDGE('',*,*,#3476,.T.);
#3476 = EDGE_CURVE('',#2793,#3477,#3479,.T.);
#3477 = VERTEX_POINT('',#3478);
#3478 = CARTESIAN_POINT('',(121.,56.393398282202,-149.7609306503));
#3479 = LINE('',#3480,#3481);
#3480 = CARTESIAN_POINT('',(121.,58.514718625761,-151.8822509939));
#3481 = VECTOR('',#3482,1.);
#3482 = DIRECTION('',(0.,-0.707106781187,0.707106781187));
#3483 = ORIENTED_EDGE('',*,*,#3484,.F.);
#3484 = EDGE_CURVE('',#3485,#3477,#3487,.T.);
#3485 = VERTEX_POINT('',#3486);
#3486 = CARTESIAN_POINT('',(121.,58.09045455705,-148.0638743755));
#3487 = LINE('',#3488,#3489);
#3488 = CARTESIAN_POINT('',(121.,99.244069222107,-106.9102597104));
#3489 = VECTOR('',#3490,1.);
#3490 = DIRECTION('',(0.,-0.707106781187,-0.707106781187));
#3491 = ORIENTED_EDGE('',*,*,#3492,.T.);
#3492 = EDGE_CURVE('',#3485,#2834,#3493,.T.);
#3493 = LINE('',#3494,#3495);
#3494 = CARTESIAN_POINT('',(121.,60.211774900609,-150.185194719));
#3495 = VECTOR('',#3496,1.);
#3496 = DIRECTION('',(0.,0.707106781187,-0.707106781187));
#3497 = ORIENTED_EDGE('',*,*,#2841,.F.);
#3498 = ORIENTED_EDGE('',*,*,#3499,.T.);
#3499 = EDGE_CURVE('',#2818,#3500,#3502,.T.);
#3500 = VERTEX_POINT('',#3501);
#3501 = CARTESIAN_POINT('',(121.,64.87867965644,-141.2756492761));
#3502 = LINE('',#3503,#3504);
#3503 = CARTESIAN_POINT('',(121.,67.,-143.3969696196));
#3504 = VECTOR('',#3505,1.);
#3505 = DIRECTION('',(0.,-0.707106781187,0.707106781187));
#3506 = ORIENTED_EDGE('',*,*,#3507,.F.);
#3507 = EDGE_CURVE('',#3508,#3500,#3510,.T.);
#3508 = VERTEX_POINT('',#3509);
#3509 = CARTESIAN_POINT('',(121.,66.575735931288,-139.5785930012));
#3510 = LINE('',#3511,#3512);
#3511 = CARTESIAN_POINT('',(121.,103.48670990922,-102.6676190233));
#3512 = VECTOR('',#3513,1.);
#3513 = DIRECTION('',(0.,-0.707106781187,-0.707106781187));
#3514 = ORIENTED_EDGE('',*,*,#3515,.T.);
#3515 = EDGE_CURVE('',#3508,#2868,#3516,.T.);
#3516 = LINE('',#3517,#3518);
#3517 = CARTESIAN_POINT('',(121.,68.697056274848,-141.6999133448));
#3518 = VECTOR('',#3519,1.);
#3519 = DIRECTION('',(0.,0.707106781187,-0.707106781187));
#3520 = ORIENTED_EDGE('',*,*,#2875,.F.);
#3521 = ORIENTED_EDGE('',*,*,#3522,.T.);
#3522 = EDGE_CURVE('',#2852,#3523,#3525,.T.);
#3523 = VERTEX_POINT('',#3524);
#3524 = CARTESIAN_POINT('',(121.,73.363961030679,-132.7903679018));
#3525 = LINE('',#3526,#3527);
#3526 = CARTESIAN_POINT('',(121.,75.485281374239,-134.9116882454));
#3527 = VECTOR('',#3528,1.);
#3528 = DIRECTION('',(0.,-0.707106781187,0.707106781187));
#3529 = ORIENTED_EDGE('',*,*,#3530,.T.);
#3530 = EDGE_CURVE('',#3523,#3459,#3531,.T.);
#3531 = LINE('',#3532,#3533);
#3532 = CARTESIAN_POINT('',(121.,118.61879502661,-87.53553390593));
#3533 = VECTOR('',#3534,1.);
#3534 = DIRECTION('',(0.,-0.707106781187,-0.707106781187));
#3535 = PLANE('',#3536);
#3536 = AXIS2_PLACEMENT_3D('',#3537,#3538,#3539);
#3537 = CARTESIAN_POINT('',(121.,143.36753236814,-67.02943725152));
#3538 = DIRECTION('',(1.,0.,0.));
#3539 = DIRECTION('',(0.,-0.707106781187,-0.707106781187));
#3540 = ADVANCED_FACE('',(#3541),#3559,.F.);
#3541 = FACE_BOUND('',#3542,.F.);
#3542 = EDGE_LOOP('',(#3543,#3544,#3545,#3553));
#3543 = ORIENTED_EDGE('',*,*,#2800,.F.);
#3544 = ORIENTED_EDGE('',*,*,#536,.F.);
#3545 = ORIENTED_EDGE('',*,*,#3546,.T.);
#3546 = EDGE_CURVE('',#529,#3547,#3549,.T.);
#3547 = VERTEX_POINT('',#3548);
#3548 = CARTESIAN_POINT('',(71.4,56.393398282202,-149.7609306503));
#3549 = LINE('',#3550,#3551);
#3550 = CARTESIAN_POINT('',(71.4,47.908116907963,-158.2462120245));
#3551 = VECTOR('',#3552,1.);
#3552 = DIRECTION('',(0.,0.707106781187,0.707106781187));
#3553 = ORIENTED_EDGE('',*,*,#3554,.F.);
#3554 = EDGE_CURVE('',#2791,#3547,#3555,.T.);
#3555 = LINE('',#3556,#3557);
#3556 = CARTESIAN_POINT('',(71.4,58.514718625761,-151.8822509939));
#3557 = VECTOR('',#3558,1.);
#3558 = DIRECTION('',(0.,-0.707106781187,0.707106781187));
#3559 = PLANE('',#3560);
#3560 = AXIS2_PLACEMENT_3D('',#3561,#3562,#3563);
#3561 = CARTESIAN_POINT('',(71.4,50.029437251523,-160.3675323681));
#3562 = DIRECTION('',(-1.,0.,0.));
#3563 = DIRECTION('',(0.,0.707106781187,0.707106781187));
#3564 = ADVANCED_FACE('',(#3565),#3624,.T.);
#3565 = FACE_BOUND('',#3566,.T.);
#3566 = EDGE_LOOP('',(#3567,#3568,#3569,#3577,#3585,#3593,#3599,#3600,
    #3601,#3602,#3610,#3618));
#3567 = ORIENTED_EDGE('',*,*,#809,.F.);
#3568 = ORIENTED_EDGE('',*,*,#1019,.T.);
#3569 = ORIENTED_EDGE('',*,*,#3570,.T.);
#3570 = EDGE_CURVE('',#1012,#3571,#3573,.T.);
#3571 = VERTEX_POINT('',#3572);
#3572 = CARTESIAN_POINT('',(121.,115.79036790187,-84.70710678118));
#3573 = LINE('',#3574,#3575);
#3574 = CARTESIAN_POINT('',(121.,138.41778489984,-62.07968978321));
#3575 = VECTOR('',#3576,1.);
#3576 = DIRECTION('',(0.,-0.707106781187,-0.707106781187));
#3577 = ORIENTED_EDGE('',*,*,#3578,.F.);
#3578 = EDGE_CURVE('',#3579,#3571,#3581,.T.);
#3579 = VERTEX_POINT('',#3580);
#3580 = CARTESIAN_POINT('',(131.,115.79036790187,-84.70710678118));
#3581 = LINE('',#3582,#3583);
#3582 = CARTESIAN_POINT('',(131.,115.79036790187,-84.70710678118));
#3583 = VECTOR('',#3584,1.);
#3584 = DIRECTION('',(-1.,0.,0.));
#3585 = ORIENTED_EDGE('',*,*,#3586,.F.);
#3586 = EDGE_CURVE('',#3587,#3579,#3589,.T.);
#3587 = VERTEX_POINT('',#3588);
#3588 = CARTESIAN_POINT('',(131.,67.707106781187,-132.7903679018));
#3589 = LINE('',#3590,#3591);
#3590 = CARTESIAN_POINT('',(131.,67.707106781187,-132.7903679018));
#3591 = VECTOR('',#3592,1.);
#3592 = DIRECTION('',(0.,0.707106781187,0.707106781187));
#3593 = ORIENTED_EDGE('',*,*,#3594,.F.);
#3594 = EDGE_CURVE('',#3461,#3587,#3595,.T.);
#3595 = LINE('',#3596,#3597);
#3596 = CARTESIAN_POINT('',(121.,67.707106781187,-132.7903679018));
#3597 = VECTOR('',#3598,1.);
#3598 = DIRECTION('',(1.,0.,0.));
#3599 = ORIENTED_EDGE('',*,*,#3468,.T.);
#3600 = ORIENTED_EDGE('',*,*,#480,.F.);
#3601 = ORIENTED_EDGE('',*,*,#921,.F.);
#3602 = ORIENTED_EDGE('',*,*,#3603,.F.);
#3603 = EDGE_CURVE('',#3604,#914,#3606,.T.);
#3604 = VERTEX_POINT('',#3605);
#3605 = CARTESIAN_POINT('',(135.,63.464466094067,-137.0330085889));
#3606 = LINE('',#3607,#3608);
#3607 = CARTESIAN_POINT('',(135.,63.464466094067,-137.0330085889));
#3608 = VECTOR('',#3609,1.);
#3609 = DIRECTION('',(-1.,0.,0.));
#3610 = ORIENTED_EDGE('',*,*,#3611,.F.);
#3611 = EDGE_CURVE('',#3612,#3604,#3614,.T.);
#3612 = VERTEX_POINT('',#3613);
#3613 = CARTESIAN_POINT('',(135.,120.03300858899,-80.46446609406));
#3614 = LINE('',#3615,#3616);
#3615 = CARTESIAN_POINT('',(135.,115.08326112068,-85.41421356237));
#3616 = VECTOR('',#3617,1.);
#3617 = DIRECTION('',(0.,-0.707106781187,-0.707106781187));
#3618 = ORIENTED_EDGE('',*,*,#3619,.F.);
#3619 = EDGE_CURVE('',#810,#3612,#3620,.T.);
#3620 = LINE('',#3621,#3622);
#3621 = CARTESIAN_POINT('',(131.,120.03300858899,-80.46446609406));
#3622 = VECTOR('',#3623,1.);
#3623 = DIRECTION('',(1.,0.,0.));
#3624 = PLANE('',#3625);
#3625 = AXIS2_PLACEMENT_3D('',#3626,#3627,#3628);
#3626 = CARTESIAN_POINT('',(130.5,91.748737341529,-108.7487373415));
#3627 = DIRECTION('',(0.,-0.707106781187,0.707106781187));
#3628 = DIRECTION('',(1.,0.,0.));
#3629 = ADVANCED_FACE('',(#3630,#4005,#4039,#4073,#4107,#4141,#4175,
    #4209,#4243,#4277,#4311),#4345,.T.);
#3630 = FACE_BOUND('',#3631,.T.);
#3631 = EDGE_LOOP('',(#3632,#3642,#3650,#3656,#3657,#3658,#3664,#3665,
    #3673,#3681,#3687,#3688,#3696,#3704,#3710,#3711,#3719,#3727,#3735,
    #3743,#3751,#3759,#3767,#3775,#3783,#3791,#3799,#3807,#3815,#3823,
    #3831,#3839,#3847,#3855,#3863,#3871,#3879,#3887,#3895,#3903,#3911,
    #3919,#3927,#3935,#3943,#3951,#3959,#3967,#3975,#3983,#3991,#3999));
#3632 = ORIENTED_EDGE('',*,*,#3633,.F.);
#3633 = EDGE_CURVE('',#3634,#3636,#3638,.T.);
#3634 = VERTEX_POINT('',#3635);
#3635 = CARTESIAN_POINT('',(19.,56.393398282202,-149.7609306503));
#3636 = VERTEX_POINT('',#3637);
#3637 = CARTESIAN_POINT('',(19.,58.09045455705,-148.0638743755));
#3638 = LINE('',#3639,#3640);
#3639 = CARTESIAN_POINT('',(19.,52.575021663794,-153.5793072687));
#3640 = VECTOR('',#3641,1.);
#3641 = DIRECTION('',(0.,0.707106781187,0.707106781187));
#3642 = ORIENTED_EDGE('',*,*,#3643,.T.);
#3643 = EDGE_CURVE('',#3634,#3644,#3646,.T.);
#3644 = VERTEX_POINT('',#3645);
#3645 = CARTESIAN_POINT('',(69.,56.393398282202,-149.7609306503));
#3646 = LINE('',#3647,#3648);
#3647 = CARTESIAN_POINT('',(8.,56.393398282202,-149.7609306503));
#3648 = VECTOR('',#3649,1.);
#3649 = DIRECTION('',(1.,0.,0.));
#3650 = ORIENTED_EDGE('',*,*,#3651,.T.);
#3651 = EDGE_CURVE('',#3644,#521,#3652,.T.);
#3652 = LINE('',#3653,#3654);
#3653 = CARTESIAN_POINT('',(69.,141.24621202458,-64.90811690796));
#3654 = VECTOR('',#3655,1.);
#3655 = DIRECTION('',(0.,-0.707106781187,-0.707106781187));
#3656 = ORIENTED_EDGE('',*,*,#528,.F.);
#3657 = ORIENTED_EDGE('',*,*,#3546,.T.);
#3658 = ORIENTED_EDGE('',*,*,#3659,.T.);
#3659 = EDGE_CURVE('',#3547,#3477,#3660,.T.);
#3660 = LINE('',#3661,#3662);
#3661 = CARTESIAN_POINT('',(8.,56.393398282202,-149.7609306503));
#3662 = VECTOR('',#3663,1.);
#3663 = DIRECTION('',(1.,0.,0.));
#3664 = ORIENTED_EDGE('',*,*,#3484,.F.);
#3665 = ORIENTED_EDGE('',*,*,#3666,.T.);
#3666 = EDGE_CURVE('',#3485,#3667,#3669,.T.);
#3667 = VERTEX_POINT('',#3668);
#3668 = CARTESIAN_POINT('',(71.4,58.09045455705,-148.0638743755));
#3669 = LINE('',#3670,#3671);
#3670 = CARTESIAN_POINT('',(133.,58.09045455705,-148.0638743755));
#3671 = VECTOR('',#3672,1.);
#3672 = DIRECTION('',(-1.,0.,0.));
#3673 = ORIENTED_EDGE('',*,*,#3674,.T.);
#3674 = EDGE_CURVE('',#3667,#3675,#3677,.T.);
#3675 = VERTEX_POINT('',#3676);
#3676 = CARTESIAN_POINT('',(71.4,64.87867965644,-141.2756492761));
#3677 = LINE('',#3678,#3679);
#3678 = CARTESIAN_POINT('',(71.4,47.908116907963,-158.2462120245));
#3679 = VECTOR('',#3680,1.);
#3680 = DIRECTION('',(0.,0.707106781187,0.707106781187));
#3681 = ORIENTED_EDGE('',*,*,#3682,.T.);
#3682 = EDGE_CURVE('',#3675,#3500,#3683,.T.);
#3683 = LINE('',#3684,#3685);
#3684 = CARTESIAN_POINT('',(8.,64.87867965644,-141.2756492761));
#3685 = VECTOR('',#3686,1.);
#3686 = DIRECTION('',(1.,0.,0.));
#3687 = ORIENTED_EDGE('',*,*,#3507,.F.);
#3688 = ORIENTED_EDGE('',*,*,#3689,.T.);
#3689 = EDGE_CURVE('',#3508,#3690,#3692,.T.);
#3690 = VERTEX_POINT('',#3691);
#3691 = CARTESIAN_POINT('',(71.4,66.575735931288,-139.5785930012));
#3692 = LINE('',#3693,#3694);
#3693 = CARTESIAN_POINT('',(133.,66.575735931288,-139.5785930012));
#3694 = VECTOR('',#3695,1.);
#3695 = DIRECTION('',(-1.,0.,0.));
#3696 = ORIENTED_EDGE('',*,*,#3697,.T.);
#3697 = EDGE_CURVE('',#3690,#3698,#3700,.T.);
#3698 = VERTEX_POINT('',#3699);
#3699 = CARTESIAN_POINT('',(71.4,73.363961030679,-132.7903679018));
#3700 = LINE('',#3701,#3702);
#3701 = CARTESIAN_POINT('',(71.4,47.908116907963,-158.2462120245));
#3702 = VECTOR('',#3703,1.);
#3703 = DIRECTION('',(0.,0.707106781187,0.707106781187));
#3704 = ORIENTED_EDGE('',*,*,#3705,.T.);
#3705 = EDGE_CURVE('',#3698,#3523,#3706,.T.);
#3706 = LINE('',#3707,#3708);
#3707 = CARTESIAN_POINT('',(8.,73.363961030679,-132.7903679018));
#3708 = VECTOR('',#3709,1.);
#3709 = DIRECTION('',(1.,0.,0.));
#3710 = ORIENTED_EDGE('',*,*,#3530,.T.);
#3711 = ORIENTED_EDGE('',*,*,#3712,.T.);
#3712 = EDGE_CURVE('',#3459,#3713,#3715,.T.);
#3713 = VERTEX_POINT('',#3714);
#3714 = CARTESIAN_POINT('',(131.,70.535533905933,-135.6187950266));
#3715 = LINE('',#3716,#3717);
#3716 = CARTESIAN_POINT('',(121.,70.535533905933,-135.6187950266));
#3717 = VECTOR('',#3718,1.);
#3718 = DIRECTION('',(1.,0.,0.));
#3719 = ORIENTED_EDGE('',*,*,#3720,.T.);
#3720 = EDGE_CURVE('',#3713,#3721,#3723,.T.);
#3721 = VERTEX_POINT('',#3722);
#3722 = CARTESIAN_POINT('',(131.,118.61879502661,-87.53553390593));
#3723 = LINE('',#3724,#3725);
#3724 = CARTESIAN_POINT('',(131.,70.535533905933,-135.6187950266));
#3725 = VECTOR('',#3726,1.);
#3726 = DIRECTION('',(0.,0.707106781187,0.707106781187));
#3727 = ORIENTED_EDGE('',*,*,#3728,.T.);
#3728 = EDGE_CURVE('',#3721,#3729,#3731,.T.);
#3729 = VERTEX_POINT('',#3730);
#3730 = CARTESIAN_POINT('',(121.,118.61879502661,-87.53553390593));
#3731 = LINE('',#3732,#3733);
#3732 = CARTESIAN_POINT('',(131.,118.61879502661,-87.53553390593));
#3733 = VECTOR('',#3734,1.);
#3734 = DIRECTION('',(-1.,0.,0.));
#3735 = ORIENTED_EDGE('',*,*,#3736,.T.);
#3736 = EDGE_CURVE('',#3729,#3737,#3739,.T.);
#3737 = VERTEX_POINT('',#3738);
#3738 = CARTESIAN_POINT('',(121.,117.48742417671,-88.66690475583));
#3739 = LINE('',#3740,#3741);
#3740 = CARTESIAN_POINT('',(121.,118.61879502661,-87.53553390593));
#3741 = VECTOR('',#3742,1.);
#3742 = DIRECTION('',(0.,-0.707106781187,-0.707106781187));
#3743 = ORIENTED_EDGE('',*,*,#3744,.T.);
#3744 = EDGE_CURVE('',#3737,#3745,#3747,.T.);
#3745 = VERTEX_POINT('',#3746);
#3746 = CARTESIAN_POINT('',(71.4,117.48742417671,-88.66690475583));
#3747 = LINE('',#3748,#3749);
#3748 = CARTESIAN_POINT('',(133.,117.48742417671,-88.66690475583));
#3749 = VECTOR('',#3750,1.);
#3750 = DIRECTION('',(-1.,0.,0.));
#3751 = ORIENTED_EDGE('',*,*,#3752,.T.);
#3752 = EDGE_CURVE('',#3745,#3753,#3755,.T.);
#3753 = VERTEX_POINT('',#3754);
#3754 = CARTESIAN_POINT('',(71.4,124.27564927611,-81.87867965644));
#3755 = LINE('',#3756,#3757);
#3756 = CARTESIAN_POINT('',(71.4,47.908116907963,-158.2462120245));
#3757 = VECTOR('',#3758,1.);
#3758 = DIRECTION('',(0.,0.707106781187,0.707106781187));
#3759 = ORIENTED_EDGE('',*,*,#3760,.T.);
#3760 = EDGE_CURVE('',#3753,#3761,#3763,.T.);
#3761 = VERTEX_POINT('',#3762);
#3762 = CARTESIAN_POINT('',(121.,124.27564927611,-81.87867965644));
#3763 = LINE('',#3764,#3765);
#3764 = CARTESIAN_POINT('',(8.,124.27564927611,-81.87867965644));
#3765 = VECTOR('',#3766,1.);
#3766 = DIRECTION('',(1.,0.,0.));
#3767 = ORIENTED_EDGE('',*,*,#3768,.F.);
#3768 = EDGE_CURVE('',#3769,#3761,#3771,.T.);
#3769 = VERTEX_POINT('',#3770);
#3770 = CARTESIAN_POINT('',(121.,125.97270555095,-80.18162338159));
#3771 = LINE('',#3772,#3773);
#3772 = CARTESIAN_POINT('',(121.,133.18519471906,-72.96913421349));
#3773 = VECTOR('',#3774,1.);
#3774 = DIRECTION('',(0.,-0.707106781187,-0.707106781187));
#3775 = ORIENTED_EDGE('',*,*,#3776,.T.);
#3776 = EDGE_CURVE('',#3769,#3777,#3779,.T.);
#3777 = VERTEX_POINT('',#3778);
#3778 = CARTESIAN_POINT('',(71.4,125.97270555095,-80.18162338159));
#3779 = LINE('',#3780,#3781);
#3780 = CARTESIAN_POINT('',(133.,125.97270555095,-80.18162338159));
#3781 = VECTOR('',#3782,1.);
#3782 = DIRECTION('',(-1.,0.,0.));
#3783 = ORIENTED_EDGE('',*,*,#3784,.T.);
#3784 = EDGE_CURVE('',#3777,#3785,#3787,.T.);
#3785 = VERTEX_POINT('',#3786);
#3786 = CARTESIAN_POINT('',(71.4,132.76093065034,-73.3933982822));
#3787 = LINE('',#3788,#3789);
#3788 = CARTESIAN_POINT('',(71.4,47.908116907963,-158.2462120245));
#3789 = VECTOR('',#3790,1.);
#3790 = DIRECTION('',(0.,0.707106781187,0.707106781187));
#3791 = ORIENTED_EDGE('',*,*,#3792,.T.);
#3792 = EDGE_CURVE('',#3785,#3793,#3795,.T.);
#3793 = VERTEX_POINT('',#3794);
#3794 = CARTESIAN_POINT('',(121.,132.76093065034,-73.3933982822));
#3795 = LINE('',#3796,#3797);
#3796 = CARTESIAN_POINT('',(8.,132.76093065034,-73.3933982822));
#3797 = VECTOR('',#3798,1.);
#3798 = DIRECTION('',(1.,0.,0.));
#3799 = ORIENTED_EDGE('',*,*,#3800,.F.);
#3800 = EDGE_CURVE('',#3801,#3793,#3803,.T.);
#3801 = VERTEX_POINT('',#3802);
#3802 = CARTESIAN_POINT('',(121.,134.45798692519,-71.69634200735));
#3803 = LINE('',#3804,#3805);
#3804 = CARTESIAN_POINT('',(121.,137.42783540618,-68.72649352637));
#3805 = VECTOR('',#3806,1.);
#3806 = DIRECTION('',(0.,-0.707106781187,-0.707106781187));
#3807 = ORIENTED_EDGE('',*,*,#3808,.T.);
#3808 = EDGE_CURVE('',#3801,#3809,#3811,.T.);
#3809 = VERTEX_POINT('',#3810);
#3810 = CARTESIAN_POINT('',(71.4,134.45798692519,-71.69634200735));
#3811 = LINE('',#3812,#3813);
#3812 = CARTESIAN_POINT('',(133.,134.45798692519,-71.69634200735));
#3813 = VECTOR('',#3814,1.);
#3814 = DIRECTION('',(-1.,0.,0.));
#3815 = ORIENTED_EDGE('',*,*,#3816,.T.);
#3816 = EDGE_CURVE('',#3809,#3817,#3819,.T.);
#3817 = VERTEX_POINT('',#3818);
#3818 = CARTESIAN_POINT('',(71.4,141.03407999023,-65.12024894231));
#3819 = LINE('',#3820,#3821);
#3820 = CARTESIAN_POINT('',(71.4,47.908116907963,-158.2462120245));
#3821 = VECTOR('',#3822,1.);
#3822 = DIRECTION('',(0.,0.707106781187,0.707106781187));
#3823 = ORIENTED_EDGE('',*,*,#3824,.T.);
#3824 = EDGE_CURVE('',#3817,#3825,#3827,.T.);
#3825 = VERTEX_POINT('',#3826);
#3826 = CARTESIAN_POINT('',(69.,141.03407999023,-65.12024894231));
#3827 = LINE('',#3828,#3829);
#3828 = CARTESIAN_POINT('',(70.256893410264,141.03407999023,
    -65.12024894231));
#3829 = VECTOR('',#3830,1.);
#3830 = DIRECTION('',(-1.,0.,0.));
#3831 = ORIENTED_EDGE('',*,*,#3832,.T.);
#3832 = EDGE_CURVE('',#3825,#3833,#3835,.T.);
#3833 = VERTEX_POINT('',#3834);
#3834 = CARTESIAN_POINT('',(69.,134.45798692519,-71.69634200735));
#3835 = LINE('',#3836,#3837);
#3836 = CARTESIAN_POINT('',(69.,141.24621202458,-64.90811690796));
#3837 = VECTOR('',#3838,1.);
#3838 = DIRECTION('',(0.,-0.707106781187,-0.707106781187));
#3839 = ORIENTED_EDGE('',*,*,#3840,.T.);
#3840 = EDGE_CURVE('',#3833,#3841,#3843,.T.);
#3841 = VERTEX_POINT('',#3842);
#3842 = CARTESIAN_POINT('',(19.,134.45798692519,-71.69634200735));
#3843 = LINE('',#3844,#3845);
#3844 = CARTESIAN_POINT('',(133.,134.45798692519,-71.69634200735));
#3845 = VECTOR('',#3846,1.);
#3846 = DIRECTION('',(-1.,0.,0.));
#3847 = ORIENTED_EDGE('',*,*,#3848,.F.);
#3848 = EDGE_CURVE('',#3849,#3841,#3851,.T.);
#3849 = VERTEX_POINT('',#3850);
#3850 = CARTESIAN_POINT('',(19.,132.76093065034,-73.3933982822));
#3851 = LINE('',#3852,#3853);
#3852 = CARTESIAN_POINT('',(19.,90.758787847868,-115.3955410846));
#3853 = VECTOR('',#3854,1.);
#3854 = DIRECTION('',(0.,0.707106781187,0.707106781187));
#3855 = ORIENTED_EDGE('',*,*,#3856,.T.);
#3856 = EDGE_CURVE('',#3849,#3857,#3859,.T.);
#3857 = VERTEX_POINT('',#3858);
#3858 = CARTESIAN_POINT('',(69.,132.76093065034,-73.3933982822));
#3859 = LINE('',#3860,#3861);
#3860 = CARTESIAN_POINT('',(8.,132.76093065034,-73.3933982822));
#3861 = VECTOR('',#3862,1.);
#3862 = DIRECTION('',(1.,0.,0.));
#3863 = ORIENTED_EDGE('',*,*,#3864,.T.);
#3864 = EDGE_CURVE('',#3857,#3865,#3867,.T.);
#3865 = VERTEX_POINT('',#3866);
#3866 = CARTESIAN_POINT('',(69.,125.97270555095,-80.18162338159));
#3867 = LINE('',#3868,#3869);
#3868 = CARTESIAN_POINT('',(69.,141.24621202458,-64.90811690796));
#3869 = VECTOR('',#3870,1.);
#3870 = DIRECTION('',(0.,-0.707106781187,-0.707106781187));
#3871 = ORIENTED_EDGE('',*,*,#3872,.T.);
#3872 = EDGE_CURVE('',#3865,#3873,#3875,.T.);
#3873 = VERTEX_POINT('',#3874);
#3874 = CARTESIAN_POINT('',(19.,125.97270555095,-80.18162338159));
#3875 = LINE('',#3876,#3877);
#3876 = CARTESIAN_POINT('',(133.,125.97270555095,-80.18162338159));
#3877 = VECTOR('',#3878,1.);
#3878 = DIRECTION('',(-1.,0.,0.));
#3879 = ORIENTED_EDGE('',*,*,#3880,.F.);
#3880 = EDGE_CURVE('',#3881,#3873,#3883,.T.);
#3881 = VERTEX_POINT('',#3882);
#3882 = CARTESIAN_POINT('',(19.,124.27564927611,-81.87867965644));
#3883 = LINE('',#3884,#3885);
#3884 = CARTESIAN_POINT('',(19.,86.516147160749,-119.6381817718));
#3885 = VECTOR('',#3886,1.);
#3886 = DIRECTION('',(0.,0.707106781187,0.707106781187));
#3887 = ORIENTED_EDGE('',*,*,#3888,.T.);
#3888 = EDGE_CURVE('',#3881,#3889,#3891,.T.);
#3889 = VERTEX_POINT('',#3890);
#3890 = CARTESIAN_POINT('',(69.,124.27564927611,-81.87867965644));
#3891 = LINE('',#3892,#3893);
#3892 = CARTESIAN_POINT('',(8.,124.27564927611,-81.87867965644));
#3893 = VECTOR('',#3894,1.);
#3894 = DIRECTION('',(1.,0.,0.));
#3895 = ORIENTED_EDGE('',*,*,#3896,.T.);
#3896 = EDGE_CURVE('',#3889,#3897,#3899,.T.);
#3897 = VERTEX_POINT('',#3898);
#3898 = CARTESIAN_POINT('',(69.,117.48742417671,-88.66690475583));
#3899 = LINE('',#3900,#3901);
#3900 = CARTESIAN_POINT('',(69.,141.24621202458,-64.90811690796));
#3901 = VECTOR('',#3902,1.);
#3902 = DIRECTION('',(0.,-0.707106781187,-0.707106781187));
#3903 = ORIENTED_EDGE('',*,*,#3904,.T.);
#3904 = EDGE_CURVE('',#3897,#3905,#3907,.T.);
#3905 = VERTEX_POINT('',#3906);
#3906 = CARTESIAN_POINT('',(19.,117.48742417671,-88.66690475583));
#3907 = LINE('',#3908,#3909);
#3908 = CARTESIAN_POINT('',(133.,117.48742417671,-88.66690475583));
#3909 = VECTOR('',#3910,1.);
#3910 = DIRECTION('',(-1.,0.,0.));
#3911 = ORIENTED_EDGE('',*,*,#3912,.T.);
#3912 = EDGE_CURVE('',#3905,#3913,#3915,.T.);
#3913 = VERTEX_POINT('',#3914);
#3914 = CARTESIAN_POINT('',(19.,118.61879502661,-87.53553390593));
#3915 = LINE('',#3916,#3917);
#3916 = CARTESIAN_POINT('',(19.,70.535533905933,-135.6187950266));
#3917 = VECTOR('',#3918,1.);
#3918 = DIRECTION('',(0.,0.707106781187,0.707106781187));
#3919 = ORIENTED_EDGE('',*,*,#3920,.T.);
#3920 = EDGE_CURVE('',#3913,#3921,#3923,.T.);
#3921 = VERTEX_POINT('',#3922);
#3922 = CARTESIAN_POINT('',(9.,118.61879502661,-87.53553390593));
#3923 = LINE('',#3924,#3925);
#3924 = CARTESIAN_POINT('',(19.,118.61879502661,-87.53553390593));
#3925 = VECTOR('',#3926,1.);
#3926 = DIRECTION('',(-1.,0.,0.));
#3927 = ORIENTED_EDGE('',*,*,#3928,.T.);
#3928 = EDGE_CURVE('',#3921,#3929,#3931,.T.);
#3929 = VERTEX_POINT('',#3930);
#3930 = CARTESIAN_POINT('',(9.,70.535533905933,-135.6187950266));
#3931 = LINE('',#3932,#3933);
#3932 = CARTESIAN_POINT('',(9.,118.61879502661,-87.53553390593));
#3933 = VECTOR('',#3934,1.);
#3934 = DIRECTION('',(0.,-0.707106781187,-0.707106781187));
#3935 = ORIENTED_EDGE('',*,*,#3936,.T.);
#3936 = EDGE_CURVE('',#3929,#3937,#3939,.T.);
#3937 = VERTEX_POINT('',#3938);
#3938 = CARTESIAN_POINT('',(19.,70.535533905933,-135.6187950266));
#3939 = LINE('',#3940,#3941);
#3940 = CARTESIAN_POINT('',(9.,70.535533905933,-135.6187950266));
#3941 = VECTOR('',#3942,1.);
#3942 = DIRECTION('',(1.,0.,0.));
#3943 = ORIENTED_EDGE('',*,*,#3944,.T.);
#3944 = EDGE_CURVE('',#3937,#3945,#3947,.T.);
#3945 = VERTEX_POINT('',#3946);
#3946 = CARTESIAN_POINT('',(19.,73.363961030679,-132.7903679018));
#3947 = LINE('',#3948,#3949);
#3948 = CARTESIAN_POINT('',(19.,70.535533905933,-135.6187950266));
#3949 = VECTOR('',#3950,1.);
#3950 = DIRECTION('',(0.,0.707106781187,0.707106781187));
#3951 = ORIENTED_EDGE('',*,*,#3952,.T.);
#3952 = EDGE_CURVE('',#3945,#3953,#3955,.T.);
#3953 = VERTEX_POINT('',#3954);
#3954 = CARTESIAN_POINT('',(69.,73.363961030679,-132.7903679018));
#3955 = LINE('',#3956,#3957);
#3956 = CARTESIAN_POINT('',(8.,73.363961030679,-132.7903679018));
#3957 = VECTOR('',#3958,1.);
#3958 = DIRECTION('',(1.,0.,0.));
#3959 = ORIENTED_EDGE('',*,*,#3960,.T.);
#3960 = EDGE_CURVE('',#3953,#3961,#3963,.T.);
#3961 = VERTEX_POINT('',#3962);
#3962 = CARTESIAN_POINT('',(69.,66.575735931288,-139.5785930012));
#3963 = LINE('',#3964,#3965);
#3964 = CARTESIAN_POINT('',(69.,141.24621202458,-64.90811690796));
#3965 = VECTOR('',#3966,1.);
#3966 = DIRECTION('',(0.,-0.707106781187,-0.707106781187));
#3967 = ORIENTED_EDGE('',*,*,#3968,.T.);
#3968 = EDGE_CURVE('',#3961,#3969,#3971,.T.);
#3969 = VERTEX_POINT('',#3970);
#3970 = CARTESIAN_POINT('',(19.,66.575735931288,-139.5785930012));
#3971 = LINE('',#3972,#3973);
#3972 = CARTESIAN_POINT('',(133.,66.575735931288,-139.5785930012));
#3973 = VECTOR('',#3974,1.);
#3974 = DIRECTION('',(-1.,0.,0.));
#3975 = ORIENTED_EDGE('',*,*,#3976,.F.);
#3976 = EDGE_CURVE('',#3977,#3969,#3979,.T.);
#3977 = VERTEX_POINT('',#3978);
#3978 = CARTESIAN_POINT('',(19.,64.87867965644,-141.2756492761));
#3979 = LINE('',#3980,#3981);
#3980 = CARTESIAN_POINT('',(19.,56.817662350914,-149.3366665816));
#3981 = VECTOR('',#3982,1.);
#3982 = DIRECTION('',(0.,0.707106781187,0.707106781187));
#3983 = ORIENTED_EDGE('',*,*,#3984,.T.);
#3984 = EDGE_CURVE('',#3977,#3985,#3987,.T.);
#3985 = VERTEX_POINT('',#3986);
#3986 = CARTESIAN_POINT('',(69.,64.87867965644,-141.2756492761));
#3987 = LINE('',#3988,#3989);
#3988 = CARTESIAN_POINT('',(8.,64.87867965644,-141.2756492761));
#3989 = VECTOR('',#3990,1.);
#3990 = DIRECTION('',(1.,0.,0.));
#3991 = ORIENTED_EDGE('',*,*,#3992,.T.);
#3992 = EDGE_CURVE('',#3985,#3993,#3995,.T.);
#3993 = VERTEX_POINT('',#3994);
#3994 = CARTESIAN_POINT('',(69.,58.09045455705,-148.0638743755));
#3995 = LINE('',#3996,#3997);
#3996 = CARTESIAN_POINT('',(69.,141.24621202458,-64.90811690796));
#3997 = VECTOR('',#3998,1.);
#3998 = DIRECTION('',(0.,-0.707106781187,-0.707106781187));
#3999 = ORIENTED_EDGE('',*,*,#4000,.T.);
#4000 = EDGE_CURVE('',#3993,#3636,#4001,.T.);
#4001 = LINE('',#4002,#4003);
#4002 = CARTESIAN_POINT('',(133.,58.09045455705,-148.0638743755));
#4003 = VECTOR('',#4004,1.);
#4004 = DIRECTION('',(-1.,0.,0.));
#4005 = FACE_BOUND('',#4006,.T.);
#4006 = EDGE_LOOP('',(#4007,#4017,#4025,#4033));
#4007 = ORIENTED_EDGE('',*,*,#4008,.T.);
#4008 = EDGE_CURVE('',#4009,#4011,#4013,.T.);
#4009 = VERTEX_POINT('',#4010);
#4010 = CARTESIAN_POINT('',(19.,81.849242404918,-124.3050865276));
#4011 = VERTEX_POINT('',#4012);
#4012 = CARTESIAN_POINT('',(69.,81.849242404918,-124.3050865276));
#4013 = LINE('',#4014,#4015);
#4014 = CARTESIAN_POINT('',(8.,81.849242404918,-124.3050865276));
#4015 = VECTOR('',#4016,1.);
#4016 = DIRECTION('',(1.,0.,0.));
#4017 = ORIENTED_EDGE('',*,*,#4018,.T.);
#4018 = EDGE_CURVE('',#4011,#4019,#4021,.T.);
#4019 = VERTEX_POINT('',#4020);
#4020 = CARTESIAN_POINT('',(69.,75.061017305527,-131.093311627));
#4021 = LINE('',#4022,#4023);
#4022 = CARTESIAN_POINT('',(69.,141.24621202458,-64.90811690796));
#4023 = VECTOR('',#4024,1.);
#4024 = DIRECTION('',(0.,-0.707106781187,-0.707106781187));
#4025 = ORIENTED_EDGE('',*,*,#4026,.T.);
#4026 = EDGE_CURVE('',#4019,#4027,#4029,.T.);
#4027 = VERTEX_POINT('',#4028);
#4028 = CARTESIAN_POINT('',(19.,75.061017305527,-131.093311627));
#4029 = LINE('',#4030,#4031);
#4030 = CARTESIAN_POINT('',(133.,75.061017305527,-131.093311627));
#4031 = VECTOR('',#4032,1.);
#4032 = DIRECTION('',(-1.,0.,0.));
#4033 = ORIENTED_EDGE('',*,*,#4034,.T.);
#4034 = EDGE_CURVE('',#4027,#4009,#4035,.T.);
#4035 = LINE('',#4036,#4037);
#4036 = CARTESIAN_POINT('',(19.,70.535533905933,-135.6187950266));
#4037 = VECTOR('',#4038,1.);
#4038 = DIRECTION('',(0.,0.707106781187,0.707106781187));
#4039 = FACE_BOUND('',#4040,.T.);
#4040 = EDGE_LOOP('',(#4041,#4051,#4059,#4067));
#4041 = ORIENTED_EDGE('',*,*,#4042,.T.);
#4042 = EDGE_CURVE('',#4043,#4045,#4047,.T.);
#4043 = VERTEX_POINT('',#4044);
#4044 = CARTESIAN_POINT('',(19.,90.334523779156,-115.8198051533));
#4045 = VERTEX_POINT('',#4046);
#4046 = CARTESIAN_POINT('',(69.,90.334523779156,-115.8198051533));
#4047 = LINE('',#4048,#4049);
#4048 = CARTESIAN_POINT('',(8.,90.334523779156,-115.8198051533));
#4049 = VECTOR('',#4050,1.);
#4050 = DIRECTION('',(1.,0.,0.));
#4051 = ORIENTED_EDGE('',*,*,#4052,.T.);
#4052 = EDGE_CURVE('',#4045,#4053,#4055,.T.);
#4053 = VERTEX_POINT('',#4054);
#4054 = CARTESIAN_POINT('',(69.,83.546298679765,-122.6080302527));
#4055 = LINE('',#4056,#4057);
#4056 = CARTESIAN_POINT('',(69.,141.24621202458,-64.90811690796));
#4057 = VECTOR('',#4058,1.);
#4058 = DIRECTION('',(0.,-0.707106781187,-0.707106781187));
#4059 = ORIENTED_EDGE('',*,*,#4060,.T.);
#4060 = EDGE_CURVE('',#4053,#4061,#4063,.T.);
#4061 = VERTEX_POINT('',#4062);
#4062 = CARTESIAN_POINT('',(19.,83.546298679765,-122.6080302527));
#4063 = LINE('',#4064,#4065);
#4064 = CARTESIAN_POINT('',(133.,83.546298679765,-122.6080302527));
#4065 = VECTOR('',#4066,1.);
#4066 = DIRECTION('',(-1.,0.,0.));
#4067 = ORIENTED_EDGE('',*,*,#4068,.T.);
#4068 = EDGE_CURVE('',#4061,#4043,#4069,.T.);
#4069 = LINE('',#4070,#4071);
#4070 = CARTESIAN_POINT('',(19.,70.535533905933,-135.6187950266));
#4071 = VECTOR('',#4072,1.);
#4072 = DIRECTION('',(0.,0.707106781187,0.707106781187));
#4073 = FACE_BOUND('',#4074,.T.);
#4074 = EDGE_LOOP('',(#4075,#4085,#4093,#4101));
#4075 = ORIENTED_EDGE('',*,*,#4076,.T.);
#4076 = EDGE_CURVE('',#4077,#4079,#4081,.T.);
#4077 = VERTEX_POINT('',#4078);
#4078 = CARTESIAN_POINT('',(121.,75.061017305527,-131.093311627));
#4079 = VERTEX_POINT('',#4080);
#4080 = CARTESIAN_POINT('',(71.4,75.061017305527,-131.093311627));
#4081 = LINE('',#4082,#4083);
#4082 = CARTESIAN_POINT('',(133.,75.061017305527,-131.093311627));
#4083 = VECTOR('',#4084,1.);
#4084 = DIRECTION('',(-1.,0.,0.));
#4085 = ORIENTED_EDGE('',*,*,#4086,.T.);
#4086 = EDGE_CURVE('',#4079,#4087,#4089,.T.);
#4087 = VERTEX_POINT('',#4088);
#4088 = CARTESIAN_POINT('',(71.4,81.849242404918,-124.3050865276));
#4089 = LINE('',#4090,#4091);
#4090 = CARTESIAN_POINT('',(71.4,47.908116907963,-158.2462120245));
#4091 = VECTOR('',#4092,1.);
#4092 = DIRECTION('',(0.,0.707106781187,0.707106781187));
#4093 = ORIENTED_EDGE('',*,*,#4094,.T.);
#4094 = EDGE_CURVE('',#4087,#4095,#4097,.T.);
#4095 = VERTEX_POINT('',#4096);
#4096 = CARTESIAN_POINT('',(121.,81.849242404918,-124.3050865276));
#4097 = LINE('',#4098,#4099);
#4098 = CARTESIAN_POINT('',(8.,81.849242404918,-124.3050865276));
#4099 = VECTOR('',#4100,1.);
#4100 = DIRECTION('',(1.,0.,0.));
#4101 = ORIENTED_EDGE('',*,*,#4102,.T.);
#4102 = EDGE_CURVE('',#4095,#4077,#4103,.T.);
#4103 = LINE('',#4104,#4105);
#4104 = CARTESIAN_POINT('',(121.,118.61879502661,-87.53553390593));
#4105 = VECTOR('',#4106,1.);
#4106 = DIRECTION('',(0.,-0.707106781187,-0.707106781187));
#4107 = FACE_BOUND('',#4108,.T.);
#4108 = EDGE_LOOP('',(#4109,#4119,#4127,#4135));
#4109 = ORIENTED_EDGE('',*,*,#4110,.T.);
#4110 = EDGE_CURVE('',#4111,#4113,#4115,.T.);
#4111 = VERTEX_POINT('',#4112);
#4112 = CARTESIAN_POINT('',(121.,83.546298679765,-122.6080302527));
#4113 = VERTEX_POINT('',#4114);
#4114 = CARTESIAN_POINT('',(71.4,83.546298679765,-122.6080302527));
#4115 = LINE('',#4116,#4117);
#4116 = CARTESIAN_POINT('',(133.,83.546298679765,-122.6080302527));
#4117 = VECTOR('',#4118,1.);
#4118 = DIRECTION('',(-1.,0.,0.));
#4119 = ORIENTED_EDGE('',*,*,#4120,.T.);
#4120 = EDGE_CURVE('',#4113,#4121,#4123,.T.);
#4121 = VERTEX_POINT('',#4122);
#4122 = CARTESIAN_POINT('',(71.4,90.334523779156,-115.8198051533));
#4123 = LINE('',#4124,#4125);
#4124 = CARTESIAN_POINT('',(71.4,47.908116907963,-158.2462120245));
#4125 = VECTOR('',#4126,1.);
#4126 = DIRECTION('',(0.,0.707106781187,0.707106781187));
#4127 = ORIENTED_EDGE('',*,*,#4128,.T.);
#4128 = EDGE_CURVE('',#4121,#4129,#4131,.T.);
#4129 = VERTEX_POINT('',#4130);
#4130 = CARTESIAN_POINT('',(121.,90.334523779156,-115.8198051533));
#4131 = LINE('',#4132,#4133);
#4132 = CARTESIAN_POINT('',(8.,90.334523779156,-115.8198051533));
#4133 = VECTOR('',#4134,1.);
#4134 = DIRECTION('',(1.,0.,0.));
#4135 = ORIENTED_EDGE('',*,*,#4136,.T.);
#4136 = EDGE_CURVE('',#4129,#4111,#4137,.T.);
#4137 = LINE('',#4138,#4139);
#4138 = CARTESIAN_POINT('',(121.,118.61879502661,-87.53553390593));
#4139 = VECTOR('',#4140,1.);
#4140 = DIRECTION('',(0.,-0.707106781187,-0.707106781187));
#4141 = FACE_BOUND('',#4142,.T.);
#4142 = EDGE_LOOP('',(#4143,#4153,#4161,#4169));
#4143 = ORIENTED_EDGE('',*,*,#4144,.T.);
#4144 = EDGE_CURVE('',#4145,#4147,#4149,.T.);
#4145 = VERTEX_POINT('',#4146);
#4146 = CARTESIAN_POINT('',(19.,98.819805153395,-107.3345237791));
#4147 = VERTEX_POINT('',#4148);
#4148 = CARTESIAN_POINT('',(69.,98.819805153395,-107.3345237791));
#4149 = LINE('',#4150,#4151);
#4150 = CARTESIAN_POINT('',(8.,98.819805153395,-107.3345237791));
#4151 = VECTOR('',#4152,1.);
#4152 = DIRECTION('',(1.,0.,0.));
#4153 = ORIENTED_EDGE('',*,*,#4154,.T.);
#4154 = EDGE_CURVE('',#4147,#4155,#4157,.T.);
#4155 = VERTEX_POINT('',#4156);
#4156 = CARTESIAN_POINT('',(69.,92.031580054004,-114.1227488785));
#4157 = LINE('',#4158,#4159);
#4158 = CARTESIAN_POINT('',(69.,141.24621202458,-64.90811690796));
#4159 = VECTOR('',#4160,1.);
#4160 = DIRECTION('',(0.,-0.707106781187,-0.707106781187));
#4161 = ORIENTED_EDGE('',*,*,#4162,.T.);
#4162 = EDGE_CURVE('',#4155,#4163,#4165,.T.);
#4163 = VERTEX_POINT('',#4164);
#4164 = CARTESIAN_POINT('',(19.,92.031580054004,-114.1227488785));
#4165 = LINE('',#4166,#4167);
#4166 = CARTESIAN_POINT('',(133.,92.031580054004,-114.1227488785));
#4167 = VECTOR('',#4168,1.);
#4168 = DIRECTION('',(-1.,0.,0.));
#4169 = ORIENTED_EDGE('',*,*,#4170,.T.);
#4170 = EDGE_CURVE('',#4163,#4145,#4171,.T.);
#4171 = LINE('',#4172,#4173);
#4172 = CARTESIAN_POINT('',(19.,70.535533905933,-135.6187950266));
#4173 = VECTOR('',#4174,1.);
#4174 = DIRECTION('',(0.,0.707106781187,0.707106781187));
#4175 = FACE_BOUND('',#4176,.T.);
#4176 = EDGE_LOOP('',(#4177,#4187,#4195,#4203));
#4177 = ORIENTED_EDGE('',*,*,#4178,.T.);
#4178 = EDGE_CURVE('',#4179,#4181,#4183,.T.);
#4179 = VERTEX_POINT('',#4180);
#4180 = CARTESIAN_POINT('',(19.,107.30508652763,-98.84924240491));
#4181 = VERTEX_POINT('',#4182);
#4182 = CARTESIAN_POINT('',(69.,107.30508652763,-98.84924240491));
#4183 = LINE('',#4184,#4185);
#4184 = CARTESIAN_POINT('',(8.,107.30508652763,-98.84924240491));
#4185 = VECTOR('',#4186,1.);
#4186 = DIRECTION('',(1.,0.,0.));
#4187 = ORIENTED_EDGE('',*,*,#4188,.T.);
#4188 = EDGE_CURVE('',#4181,#4189,#4191,.T.);
#4189 = VERTEX_POINT('',#4190);
#4190 = CARTESIAN_POINT('',(69.,100.51686142824,-105.6374675043));
#4191 = LINE('',#4192,#4193);
#4192 = CARTESIAN_POINT('',(69.,141.24621202458,-64.90811690796));
#4193 = VECTOR('',#4194,1.);
#4194 = DIRECTION('',(0.,-0.707106781187,-0.707106781187));
#4195 = ORIENTED_EDGE('',*,*,#4196,.T.);
#4196 = EDGE_CURVE('',#4189,#4197,#4199,.T.);
#4197 = VERTEX_POINT('',#4198);
#4198 = CARTESIAN_POINT('',(19.,100.51686142824,-105.6374675043));
#4199 = LINE('',#4200,#4201);
#4200 = CARTESIAN_POINT('',(133.,100.51686142824,-105.6374675043));
#4201 = VECTOR('',#4202,1.);
#4202 = DIRECTION('',(-1.,0.,0.));
#4203 = ORIENTED_EDGE('',*,*,#4204,.T.);
#4204 = EDGE_CURVE('',#4197,#4179,#4205,.T.);
#4205 = LINE('',#4206,#4207);
#4206 = CARTESIAN_POINT('',(19.,70.535533905933,-135.6187950266));
#4207 = VECTOR('',#4208,1.);
#4208 = DIRECTION('',(0.,0.707106781187,0.707106781187));
#4209 = FACE_BOUND('',#4210,.T.);
#4210 = EDGE_LOOP('',(#4211,#4221,#4229,#4237));
#4211 = ORIENTED_EDGE('',*,*,#4212,.T.);
#4212 = EDGE_CURVE('',#4213,#4215,#4217,.T.);
#4213 = VERTEX_POINT('',#4214);
#4214 = CARTESIAN_POINT('',(19.,115.79036790187,-90.36396103067));
#4215 = VERTEX_POINT('',#4216);
#4216 = CARTESIAN_POINT('',(69.,115.79036790187,-90.36396103067));
#4217 = LINE('',#4218,#4219);
#4218 = CARTESIAN_POINT('',(8.,115.79036790187,-90.36396103067));
#4219 = VECTOR('',#4220,1.);
#4220 = DIRECTION('',(1.,0.,0.));
#4221 = ORIENTED_EDGE('',*,*,#4222,.T.);
#4222 = EDGE_CURVE('',#4215,#4223,#4225,.T.);
#4223 = VERTEX_POINT('',#4224);
#4224 = CARTESIAN_POINT('',(69.,109.00214280248,-97.15218613007));
#4225 = LINE('',#4226,#4227);
#4226 = CARTESIAN_POINT('',(69.,141.24621202458,-64.90811690796));
#4227 = VECTOR('',#4228,1.);
#4228 = DIRECTION('',(0.,-0.707106781187,-0.707106781187));
#4229 = ORIENTED_EDGE('',*,*,#4230,.T.);
#4230 = EDGE_CURVE('',#4223,#4231,#4233,.T.);
#4231 = VERTEX_POINT('',#4232);
#4232 = CARTESIAN_POINT('',(19.,109.00214280248,-97.15218613007));
#4233 = LINE('',#4234,#4235);
#4234 = CARTESIAN_POINT('',(133.,109.00214280248,-97.15218613007));
#4235 = VECTOR('',#4236,1.);
#4236 = DIRECTION('',(-1.,0.,0.));
#4237 = ORIENTED_EDGE('',*,*,#4238,.T.);
#4238 = EDGE_CURVE('',#4231,#4213,#4239,.T.);
#4239 = LINE('',#4240,#4241);
#4240 = CARTESIAN_POINT('',(19.,70.535533905933,-135.6187950266));
#4241 = VECTOR('',#4242,1.);
#4242 = DIRECTION('',(0.,0.707106781187,0.707106781187));
#4243 = FACE_BOUND('',#4244,.T.);
#4244 = EDGE_LOOP('',(#4245,#4255,#4263,#4271));
#4245 = ORIENTED_EDGE('',*,*,#4246,.T.);
#4246 = EDGE_CURVE('',#4247,#4249,#4251,.T.);
#4247 = VERTEX_POINT('',#4248);
#4248 = CARTESIAN_POINT('',(121.,92.031580054004,-114.1227488785));
#4249 = VERTEX_POINT('',#4250);
#4250 = CARTESIAN_POINT('',(71.4,92.031580054004,-114.1227488785));
#4251 = LINE('',#4252,#4253);
#4252 = CARTESIAN_POINT('',(133.,92.031580054004,-114.1227488785));
#4253 = VECTOR('',#4254,1.);
#4254 = DIRECTION('',(-1.,0.,0.));
#4255 = ORIENTED_EDGE('',*,*,#4256,.T.);
#4256 = EDGE_CURVE('',#4249,#4257,#4259,.T.);
#4257 = VERTEX_POINT('',#4258);
#4258 = CARTESIAN_POINT('',(71.4,98.819805153395,-107.3345237791));
#4259 = LINE('',#4260,#4261);
#4260 = CARTESIAN_POINT('',(71.4,47.908116907963,-158.2462120245));
#4261 = VECTOR('',#4262,1.);
#4262 = DIRECTION('',(0.,0.707106781187,0.707106781187));
#4263 = ORIENTED_EDGE('',*,*,#4264,.T.);
#4264 = EDGE_CURVE('',#4257,#4265,#4267,.T.);
#4265 = VERTEX_POINT('',#4266);
#4266 = CARTESIAN_POINT('',(121.,98.819805153395,-107.3345237791));
#4267 = LINE('',#4268,#4269);
#4268 = CARTESIAN_POINT('',(8.,98.819805153395,-107.3345237791));
#4269 = VECTOR('',#4270,1.);
#4270 = DIRECTION('',(1.,0.,0.));
#4271 = ORIENTED_EDGE('',*,*,#4272,.T.);
#4272 = EDGE_CURVE('',#4265,#4247,#4273,.T.);
#4273 = LINE('',#4274,#4275);
#4274 = CARTESIAN_POINT('',(121.,118.61879502661,-87.53553390593));
#4275 = VECTOR('',#4276,1.);
#4276 = DIRECTION('',(0.,-0.707106781187,-0.707106781187));
#4277 = FACE_BOUND('',#4278,.T.);
#4278 = EDGE_LOOP('',(#4279,#4289,#4297,#4305));
#4279 = ORIENTED_EDGE('',*,*,#4280,.T.);
#4280 = EDGE_CURVE('',#4281,#4283,#4285,.T.);
#4281 = VERTEX_POINT('',#4282);
#4282 = CARTESIAN_POINT('',(121.,100.51686142824,-105.6374675043));
#4283 = VERTEX_POINT('',#4284);
#4284 = CARTESIAN_POINT('',(71.4,100.51686142824,-105.6374675043));
#4285 = LINE('',#4286,#4287);
#4286 = CARTESIAN_POINT('',(133.,100.51686142824,-105.6374675043));
#4287 = VECTOR('',#4288,1.);
#4288 = DIRECTION('',(-1.,0.,0.));
#4289 = ORIENTED_EDGE('',*,*,#4290,.T.);
#4290 = EDGE_CURVE('',#4283,#4291,#4293,.T.);
#4291 = VERTEX_POINT('',#4292);
#4292 = CARTESIAN_POINT('',(71.4,107.30508652763,-98.84924240491));
#4293 = LINE('',#4294,#4295);
#4294 = CARTESIAN_POINT('',(71.4,47.908116907963,-158.2462120245));
#4295 = VECTOR('',#4296,1.);
#4296 = DIRECTION('',(0.,0.707106781187,0.707106781187));
#4297 = ORIENTED_EDGE('',*,*,#4298,.T.);
#4298 = EDGE_CURVE('',#4291,#4299,#4301,.T.);
#4299 = VERTEX_POINT('',#4300);
#4300 = CARTESIAN_POINT('',(121.,107.30508652763,-98.84924240491));
#4301 = LINE('',#4302,#4303);
#4302 = CARTESIAN_POINT('',(8.,107.30508652763,-98.84924240491));
#4303 = VECTOR('',#4304,1.);
#4304 = DIRECTION('',(1.,0.,0.));
#4305 = ORIENTED_EDGE('',*,*,#4306,.T.);
#4306 = EDGE_CURVE('',#4299,#4281,#4307,.T.);
#4307 = LINE('',#4308,#4309);
#4308 = CARTESIAN_POINT('',(121.,118.61879502661,-87.53553390593));
#4309 = VECTOR('',#4310,1.);
#4310 = DIRECTION('',(0.,-0.707106781187,-0.707106781187));
#4311 = FACE_BOUND('',#4312,.T.);
#4312 = EDGE_LOOP('',(#4313,#4323,#4331,#4339));
#4313 = ORIENTED_EDGE('',*,*,#4314,.T.);
#4314 = EDGE_CURVE('',#4315,#4317,#4319,.T.);
#4315 = VERTEX_POINT('',#4316);
#4316 = CARTESIAN_POINT('',(121.,109.00214280248,-97.15218613007));
#4317 = VERTEX_POINT('',#4318);
#4318 = CARTESIAN_POINT('',(71.4,109.00214280248,-97.15218613007));
#4319 = LINE('',#4320,#4321);
#4320 = CARTESIAN_POINT('',(133.,109.00214280248,-97.15218613007));
#4321 = VECTOR('',#4322,1.);
#4322 = DIRECTION('',(-1.,0.,0.));
#4323 = ORIENTED_EDGE('',*,*,#4324,.T.);
#4324 = EDGE_CURVE('',#4317,#4325,#4327,.T.);
#4325 = VERTEX_POINT('',#4326);
#4326 = CARTESIAN_POINT('',(71.4,115.79036790187,-90.36396103067));
#4327 = LINE('',#4328,#4329);
#4328 = CARTESIAN_POINT('',(71.4,47.908116907963,-158.2462120245));
#4329 = VECTOR('',#4330,1.);
#4330 = DIRECTION('',(0.,0.707106781187,0.707106781187));
#4331 = ORIENTED_EDGE('',*,*,#4332,.T.);
#4332 = EDGE_CURVE('',#4325,#4333,#4335,.T.);
#4333 = VERTEX_POINT('',#4334);
#4334 = CARTESIAN_POINT('',(121.,115.79036790187,-90.36396103067));
#4335 = LINE('',#4336,#4337);
#4336 = CARTESIAN_POINT('',(8.,115.79036790187,-90.36396103067));
#4337 = VECTOR('',#4338,1.);
#4338 = DIRECTION('',(1.,0.,0.));
#4339 = ORIENTED_EDGE('',*,*,#4340,.T.);
#4340 = EDGE_CURVE('',#4333,#4315,#4341,.T.);
#4341 = LINE('',#4342,#4343);
#4342 = CARTESIAN_POINT('',(121.,118.61879502661,-87.53553390593));
#4343 = VECTOR('',#4344,1.);
#4344 = DIRECTION('',(0.,-0.707106781187,-0.707106781187));
#4345 = PLANE('',#4346);
#4346 = AXIS2_PLACEMENT_3D('',#4347,#4348,#4349);
#4347 = CARTESIAN_POINT('',(70.013786820528,95.405314701016,
    -110.7490142315));
#4348 = DIRECTION('',(0.,-0.707106781187,0.707106781187));
#4349 = DIRECTION('',(1.,0.,0.));
#4350 = ADVANCED_FACE('',(#4351),#4362,.F.);
#4351 = FACE_BOUND('',#4352,.F.);
#4352 = EDGE_LOOP('',(#4353,#4354,#4360,#4361));
#4353 = ORIENTED_EDGE('',*,*,#2952,.F.);
#4354 = ORIENTED_EDGE('',*,*,#4355,.F.);
#4355 = EDGE_CURVE('',#3644,#2953,#4356,.T.);
#4356 = LINE('',#4357,#4358);
#4357 = CARTESIAN_POINT('',(69.,58.514718625761,-151.8822509939));
#4358 = VECTOR('',#4359,1.);
#4359 = DIRECTION('',(0.,0.707106781187,-0.707106781187));
#4360 = ORIENTED_EDGE('',*,*,#3651,.T.);
#4361 = ORIENTED_EDGE('',*,*,#520,.F.);
#4362 = PLANE('',#4363);
#4363 = AXIS2_PLACEMENT_3D('',#4364,#4365,#4366);
#4364 = CARTESIAN_POINT('',(69.,143.36753236814,-67.02943725152));
#4365 = DIRECTION('',(1.,0.,0.));
#4366 = DIRECTION('',(0.,-0.707106781187,-0.707106781187));
#4367 = ADVANCED_FACE('',(#4368),#4414,.F.);
#4368 = FACE_BOUND('',#4369,.F.);
#4369 = EDGE_LOOP('',(#4370,#4371,#4372,#4373,#4379,#4380,#4386,#4387,
    #4393,#4394,#4400,#4401,#4407,#4408));
#4370 = ORIENTED_EDGE('',*,*,#2968,.F.);
#4371 = ORIENTED_EDGE('',*,*,#504,.F.);
#4372 = ORIENTED_EDGE('',*,*,#2560,.T.);
#4373 = ORIENTED_EDGE('',*,*,#4374,.F.);
#4374 = EDGE_CURVE('',#3937,#2561,#4375,.T.);
#4375 = LINE('',#4376,#4377);
#4376 = CARTESIAN_POINT('',(19.,70.535533905933,-135.6187950266));
#4377 = VECTOR('',#4378,1.);
#4378 = DIRECTION('',(0.,-0.707106781187,0.707106781187));
#4379 = ORIENTED_EDGE('',*,*,#3944,.T.);
#4380 = ORIENTED_EDGE('',*,*,#4381,.T.);
#4381 = EDGE_CURVE('',#3945,#3029,#4382,.T.);
#4382 = LINE('',#4383,#4384);
#4383 = CARTESIAN_POINT('',(19.,75.485281374239,-134.9116882454));
#4384 = VECTOR('',#4385,1.);
#4385 = DIRECTION('',(0.,0.707106781187,-0.707106781187));
#4386 = ORIENTED_EDGE('',*,*,#3036,.F.);
#4387 = ORIENTED_EDGE('',*,*,#4388,.T.);
#4388 = EDGE_CURVE('',#3013,#3969,#4389,.T.);
#4389 = LINE('',#4390,#4391);
#4390 = CARTESIAN_POINT('',(19.,68.697056274848,-141.6999133448));
#4391 = VECTOR('',#4392,1.);
#4392 = DIRECTION('',(0.,-0.707106781187,0.707106781187));
#4393 = ORIENTED_EDGE('',*,*,#3976,.F.);
#4394 = ORIENTED_EDGE('',*,*,#4395,.T.);
#4395 = EDGE_CURVE('',#3977,#2995,#4396,.T.);
#4396 = LINE('',#4397,#4398);
#4397 = CARTESIAN_POINT('',(19.,67.,-143.3969696196));
#4398 = VECTOR('',#4399,1.);
#4399 = DIRECTION('',(0.,0.707106781187,-0.707106781187));
#4400 = ORIENTED_EDGE('',*,*,#3002,.F.);
#4401 = ORIENTED_EDGE('',*,*,#4402,.T.);
#4402 = EDGE_CURVE('',#2979,#3636,#4403,.T.);
#4403 = LINE('',#4404,#4405);
#4404 = CARTESIAN_POINT('',(19.,60.211774900609,-150.185194719));
#4405 = VECTOR('',#4406,1.);
#4406 = DIRECTION('',(0.,-0.707106781187,0.707106781187));
#4407 = ORIENTED_EDGE('',*,*,#3633,.F.);
#4408 = ORIENTED_EDGE('',*,*,#4409,.T.);
#4409 = EDGE_CURVE('',#3634,#2961,#4410,.T.);
#4410 = LINE('',#4411,#4412);
#4411 = CARTESIAN_POINT('',(19.,58.514718625761,-151.8822509939));
#4412 = VECTOR('',#4413,1.);
#4413 = DIRECTION('',(0.,0.707106781187,-0.707106781187));
#4414 = PLANE('',#4415);
#4415 = AXIS2_PLACEMENT_3D('',#4416,#4417,#4418);
#4416 = CARTESIAN_POINT('',(19.,50.029437251523,-160.3675323681));
#4417 = DIRECTION('',(-1.,0.,0.));
#4418 = DIRECTION('',(0.,0.707106781187,0.707106781187));
#4419 = ADVANCED_FACE('',(#4420),#4436,.T.);
#4420 = FACE_BOUND('',#4421,.T.);
#4421 = EDGE_LOOP('',(#4422,#4423,#4429,#4430));
#4422 = ORIENTED_EDGE('',*,*,#544,.T.);
#4423 = ORIENTED_EDGE('',*,*,#4424,.T.);
#4424 = EDGE_CURVE('',#547,#1595,#4425,.T.);
#4425 = LINE('',#4426,#4427);
#4426 = CARTESIAN_POINT('',(126.,47.201010126777,-149.0538238691));
#4427 = VECTOR('',#4428,1.);
#4428 = DIRECTION('',(0.,-0.707106781187,-0.707106781187));
#4429 = ORIENTED_EDGE('',*,*,#1592,.F.);
#4430 = ORIENTED_EDGE('',*,*,#4431,.F.);
#4431 = EDGE_CURVE('',#545,#1593,#4432,.T.);
#4432 = LINE('',#4433,#4434);
#4433 = CARTESIAN_POINT('',(126.,38.715728752538,-140.5685424949));
#4434 = VECTOR('',#4435,1.);
#4435 = DIRECTION('',(0.,-0.707106781187,-0.707106781187));
#4436 = PLANE('',#4437);
#4437 = AXIS2_PLACEMENT_3D('',#4438,#4439,#4440);
#4438 = CARTESIAN_POINT('',(126.,47.201010126777,-149.0538238691));
#4439 = DIRECTION('',(-1.,0.,0.));
#4440 = DIRECTION('',(0.,-0.707106781187,0.707106781187));
#4441 = ADVANCED_FACE('',(#4442),#4453,.T.);
#4442 = FACE_BOUND('',#4443,.T.);
#4443 = EDGE_LOOP('',(#4444,#4445,#4446,#4447));
#4444 = ORIENTED_EDGE('',*,*,#586,.T.);
#4445 = ORIENTED_EDGE('',*,*,#4431,.T.);
#4446 = ORIENTED_EDGE('',*,*,#1634,.F.);
#4447 = ORIENTED_EDGE('',*,*,#4448,.F.);
#4448 = EDGE_CURVE('',#579,#1627,#4449,.T.);
#4449 = LINE('',#4450,#4451);
#4450 = CARTESIAN_POINT('',(120.,34.473088065419,-136.3259018078));
#4451 = VECTOR('',#4452,1.);
#4452 = DIRECTION('',(0.,-0.707106781187,-0.707106781187));
#4453 = PLANE('',#4454);
#4454 = AXIS2_PLACEMENT_3D('',#4455,#4456,#4457);
#4455 = CARTESIAN_POINT('',(126.,38.715728752538,-140.5685424949));
#4456 = DIRECTION('',(-0.707106781187,0.5,-0.5));
#4457 = DIRECTION('',(-0.707106781187,-0.5,0.5));
#4458 = ADVANCED_FACE('',(#4459),#4470,.T.);
#4459 = FACE_BOUND('',#4460,.T.);
#4460 = EDGE_LOOP('',(#4461,#4462,#4463,#4464));
#4461 = ORIENTED_EDGE('',*,*,#578,.T.);
#4462 = ORIENTED_EDGE('',*,*,#4448,.T.);
#4463 = ORIENTED_EDGE('',*,*,#1626,.F.);
#4464 = ORIENTED_EDGE('',*,*,#4465,.F.);
#4465 = EDGE_CURVE('',#571,#1619,#4466,.T.);
#4466 = LINE('',#4467,#4468);
#4467 = CARTESIAN_POINT('',(116.,34.473088065419,-136.3259018078));
#4468 = VECTOR('',#4469,1.);
#4469 = DIRECTION('',(0.,-0.707106781187,-0.707106781187));
#4470 = PLANE('',#4471);
#4471 = AXIS2_PLACEMENT_3D('',#4472,#4473,#4474);
#4472 = CARTESIAN_POINT('',(120.,34.473088065419,-136.3259018078));
#4473 = DIRECTION('',(0.,0.707106781187,-0.707106781187));
#4474 = DIRECTION('',(-1.,-0.,0.));
#4475 = ADVANCED_FACE('',(#4476),#4487,.T.);
#4476 = FACE_BOUND('',#4477,.T.);
#4477 = EDGE_LOOP('',(#4478,#4479,#4480,#4481));
#4478 = ORIENTED_EDGE('',*,*,#570,.T.);
#4479 = ORIENTED_EDGE('',*,*,#4465,.T.);
#4480 = ORIENTED_EDGE('',*,*,#1618,.F.);
#4481 = ORIENTED_EDGE('',*,*,#4482,.F.);
#4482 = EDGE_CURVE('',#563,#1611,#4483,.T.);
#4483 = LINE('',#4484,#4485);
#4484 = CARTESIAN_POINT('',(110.,38.715728752538,-140.5685424949));
#4485 = VECTOR('',#4486,1.);
#4486 = DIRECTION('',(0.,-0.707106781187,-0.707106781187));
#4487 = PLANE('',#4488);
#4488 = AXIS2_PLACEMENT_3D('',#4489,#4490,#4491);
#4489 = CARTESIAN_POINT('',(116.,34.473088065419,-136.3259018078));
#4490 = DIRECTION('',(0.707106781187,0.5,-0.5));
#4491 = DIRECTION('',(-0.707106781187,0.5,-0.5));
#4492 = ADVANCED_FACE('',(#4493),#4504,.T.);
#4493 = FACE_BOUND('',#4494,.T.);
#4494 = EDGE_LOOP('',(#4495,#4496,#4497,#4498));
#4495 = ORIENTED_EDGE('',*,*,#562,.T.);
#4496 = ORIENTED_EDGE('',*,*,#4482,.T.);
#4497 = ORIENTED_EDGE('',*,*,#1610,.F.);
#4498 = ORIENTED_EDGE('',*,*,#4499,.F.);
#4499 = EDGE_CURVE('',#555,#1603,#4500,.T.);
#4500 = LINE('',#4501,#4502);
#4501 = CARTESIAN_POINT('',(110.,47.201010126777,-149.0538238691));
#4502 = VECTOR('',#4503,1.);
#4503 = DIRECTION('',(0.,-0.707106781187,-0.707106781187));
#4504 = PLANE('',#4505);
#4505 = AXIS2_PLACEMENT_3D('',#4506,#4507,#4508);
#4506 = CARTESIAN_POINT('',(110.,38.715728752538,-140.5685424949));
#4507 = DIRECTION('',(1.,0.,0.));
#4508 = DIRECTION('',(0.,0.707106781187,-0.707106781187));
#4509 = ADVANCED_FACE('',(#4510),#4516,.T.);
#4510 = FACE_BOUND('',#4511,.T.);
#4511 = EDGE_LOOP('',(#4512,#4513,#4514,#4515));
#4512 = ORIENTED_EDGE('',*,*,#554,.T.);
#4513 = ORIENTED_EDGE('',*,*,#4499,.T.);
#4514 = ORIENTED_EDGE('',*,*,#1602,.F.);
#4515 = ORIENTED_EDGE('',*,*,#4424,.F.);
#4516 = PLANE('',#4517);
#4517 = AXIS2_PLACEMENT_3D('',#4518,#4519,#4520);
#4518 = CARTESIAN_POINT('',(110.,47.201010126777,-149.0538238691));
#4519 = DIRECTION('',(0.,-0.707106781187,0.707106781187));
#4520 = DIRECTION('',(1.,0.,0.));
#4521 = ADVANCED_FACE('',(#4522),#4538,.T.);
#4522 = FACE_BOUND('',#4523,.T.);
#4523 = EDGE_LOOP('',(#4524,#4525,#4531,#4532));
#4524 = ORIENTED_EDGE('',*,*,#594,.T.);
#4525 = ORIENTED_EDGE('',*,*,#4526,.T.);
#4526 = EDGE_CURVE('',#597,#1545,#4527,.T.);
#4527 = LINE('',#4528,#4529);
#4528 = CARTESIAN_POINT('',(104.,47.201010126777,-149.0538238691));
#4529 = VECTOR('',#4530,1.);
#4530 = DIRECTION('',(0.,-0.707106781187,-0.707106781187));
#4531 = ORIENTED_EDGE('',*,*,#1542,.F.);
#4532 = ORIENTED_EDGE('',*,*,#4533,.F.);
#4533 = EDGE_CURVE('',#595,#1543,#4534,.T.);
#4534 = LINE('',#4535,#4536);
#4535 = CARTESIAN_POINT('',(104.,38.715728752538,-140.5685424949));
#4536 = VECTOR('',#4537,1.);
#4537 = DIRECTION('',(0.,-0.707106781187,-0.707106781187));
#4538 = PLANE('',#4539);
#4539 = AXIS2_PLACEMENT_3D('',#4540,#4541,#4542);
#4540 = CARTESIAN_POINT('',(104.,47.201010126777,-149.0538238691));
#4541 = DIRECTION('',(-1.,0.,0.));
#4542 = DIRECTION('',(0.,-0.707106781187,0.707106781187));
#4543 = ADVANCED_FACE('',(#4544),#4555,.T.);
#4544 = FACE_BOUND('',#4545,.T.);
#4545 = EDGE_LOOP('',(#4546,#4547,#4548,#4549));
#4546 = ORIENTED_EDGE('',*,*,#636,.T.);
#4547 = ORIENTED_EDGE('',*,*,#4533,.T.);
#4548 = ORIENTED_EDGE('',*,*,#1584,.F.);
#4549 = ORIENTED_EDGE('',*,*,#4550,.F.);
#4550 = EDGE_CURVE('',#629,#1577,#4551,.T.);
#4551 = LINE('',#4552,#4553);
#4552 = CARTESIAN_POINT('',(98.,34.473088065419,-136.3259018078));
#4553 = VECTOR('',#4554,1.);
#4554 = DIRECTION('',(0.,-0.707106781187,-0.707106781187));
#4555 = PLANE('',#4556);
#4556 = AXIS2_PLACEMENT_3D('',#4557,#4558,#4559);
#4557 = CARTESIAN_POINT('',(104.,38.715728752538,-140.5685424949));
#4558 = DIRECTION('',(-0.707106781187,0.5,-0.5));
#4559 = DIRECTION('',(-0.707106781187,-0.5,0.5));
#4560 = ADVANCED_FACE('',(#4561),#4572,.T.);
#4561 = FACE_BOUND('',#4562,.T.);
#4562 = EDGE_LOOP('',(#4563,#4564,#4570,#4571));
#4563 = ORIENTED_EDGE('',*,*,#604,.T.);
#4564 = ORIENTED_EDGE('',*,*,#4565,.T.);
#4565 = EDGE_CURVE('',#605,#1553,#4566,.T.);
#4566 = LINE('',#4567,#4568);
#4567 = CARTESIAN_POINT('',(88.,47.201010126777,-149.0538238691));
#4568 = VECTOR('',#4569,1.);
#4569 = DIRECTION('',(0.,-0.707106781187,-0.707106781187));
#4570 = ORIENTED_EDGE('',*,*,#1552,.F.);
#4571 = ORIENTED_EDGE('',*,*,#4526,.F.);
#4572 = PLANE('',#4573);
#4573 = AXIS2_PLACEMENT_3D('',#4574,#4575,#4576);
#4574 = CARTESIAN_POINT('',(88.,47.201010126777,-149.0538238691));
#4575 = DIRECTION('',(0.,-0.707106781187,0.707106781187));
#4576 = DIRECTION('',(1.,0.,0.));
#4577 = ADVANCED_FACE('',(#4578),#4589,.T.);
#4578 = FACE_BOUND('',#4579,.T.);
#4579 = EDGE_LOOP('',(#4580,#4581,#4582,#4583));
#4580 = ORIENTED_EDGE('',*,*,#628,.T.);
#4581 = ORIENTED_EDGE('',*,*,#4550,.T.);
#4582 = ORIENTED_EDGE('',*,*,#1576,.F.);
#4583 = ORIENTED_EDGE('',*,*,#4584,.F.);
#4584 = EDGE_CURVE('',#621,#1569,#4585,.T.);
#4585 = LINE('',#4586,#4587);
#4586 = CARTESIAN_POINT('',(94.,34.473088065419,-136.3259018078));
#4587 = VECTOR('',#4588,1.);
#4588 = DIRECTION('',(0.,-0.707106781187,-0.707106781187));
#4589 = PLANE('',#4590);
#4590 = AXIS2_PLACEMENT_3D('',#4591,#4592,#4593);
#4591 = CARTESIAN_POINT('',(98.,34.473088065419,-136.3259018078));
#4592 = DIRECTION('',(0.,0.707106781187,-0.707106781187));
#4593 = DIRECTION('',(-1.,-0.,0.));
#4594 = ADVANCED_FACE('',(#4595),#4606,.T.);
#4595 = FACE_BOUND('',#4596,.T.);
#4596 = EDGE_LOOP('',(#4597,#4598,#4604,#4605));
#4597 = ORIENTED_EDGE('',*,*,#612,.T.);
#4598 = ORIENTED_EDGE('',*,*,#4599,.T.);
#4599 = EDGE_CURVE('',#613,#1561,#4600,.T.);
#4600 = LINE('',#4601,#4602);
#4601 = CARTESIAN_POINT('',(88.,38.715728752538,-140.5685424949));
#4602 = VECTOR('',#4603,1.);
#4603 = DIRECTION('',(0.,-0.707106781187,-0.707106781187));
#4604 = ORIENTED_EDGE('',*,*,#1560,.F.);
#4605 = ORIENTED_EDGE('',*,*,#4565,.F.);
#4606 = PLANE('',#4607);
#4607 = AXIS2_PLACEMENT_3D('',#4608,#4609,#4610);
#4608 = CARTESIAN_POINT('',(88.,38.715728752538,-140.5685424949));
#4609 = DIRECTION('',(1.,0.,0.));
#4610 = DIRECTION('',(0.,0.707106781187,-0.707106781187));
#4611 = ADVANCED_FACE('',(#4612),#4618,.T.);
#4612 = FACE_BOUND('',#4613,.T.);
#4613 = EDGE_LOOP('',(#4614,#4615,#4616,#4617));
#4614 = ORIENTED_EDGE('',*,*,#620,.T.);
#4615 = ORIENTED_EDGE('',*,*,#4584,.T.);
#4616 = ORIENTED_EDGE('',*,*,#1568,.F.);
#4617 = ORIENTED_EDGE('',*,*,#4599,.F.);
#4618 = PLANE('',#4619);
#4619 = AXIS2_PLACEMENT_3D('',#4620,#4621,#4622);
#4620 = CARTESIAN_POINT('',(94.,34.473088065419,-136.3259018078));
#4621 = DIRECTION('',(0.707106781187,0.5,-0.5));
#4622 = DIRECTION('',(-0.707106781187,0.5,-0.5));
#4623 = ADVANCED_FACE('',(#4624),#4640,.T.);
#4624 = FACE_BOUND('',#4625,.T.);
#4625 = EDGE_LOOP('',(#4626,#4627,#4633,#4634));
#4626 = ORIENTED_EDGE('',*,*,#644,.T.);
#4627 = ORIENTED_EDGE('',*,*,#4628,.T.);
#4628 = EDGE_CURVE('',#647,#1495,#4629,.T.);
#4629 = LINE('',#4630,#4631);
#4630 = CARTESIAN_POINT('',(82.,47.201010126777,-149.0538238691));
#4631 = VECTOR('',#4632,1.);
#4632 = DIRECTION('',(0.,-0.707106781187,-0.707106781187));
#4633 = ORIENTED_EDGE('',*,*,#1492,.F.);
#4634 = ORIENTED_EDGE('',*,*,#4635,.F.);
#4635 = EDGE_CURVE('',#645,#1493,#4636,.T.);
#4636 = LINE('',#4637,#4638);
#4637 = CARTESIAN_POINT('',(82.,38.715728752538,-140.5685424949));
#4638 = VECTOR('',#4639,1.);
#4639 = DIRECTION('',(0.,-0.707106781187,-0.707106781187));
#4640 = PLANE('',#4641);
#4641 = AXIS2_PLACEMENT_3D('',#4642,#4643,#4644);
#4642 = CARTESIAN_POINT('',(82.,47.201010126777,-149.0538238691));
#4643 = DIRECTION('',(-1.,0.,0.));
#4644 = DIRECTION('',(0.,-0.707106781187,0.707106781187));
#4645 = ADVANCED_FACE('',(#4646),#4657,.T.);
#4646 = FACE_BOUND('',#4647,.T.);
#4647 = EDGE_LOOP('',(#4648,#4649,#4650,#4651));
#4648 = ORIENTED_EDGE('',*,*,#686,.T.);
#4649 = ORIENTED_EDGE('',*,*,#4635,.T.);
#4650 = ORIENTED_EDGE('',*,*,#1534,.F.);
#4651 = ORIENTED_EDGE('',*,*,#4652,.F.);
#4652 = EDGE_CURVE('',#679,#1527,#4653,.T.);
#4653 = LINE('',#4654,#4655);
#4654 = CARTESIAN_POINT('',(76.,34.473088065419,-136.3259018078));
#4655 = VECTOR('',#4656,1.);
#4656 = DIRECTION('',(0.,-0.707106781187,-0.707106781187));
#4657 = PLANE('',#4658);
#4658 = AXIS2_PLACEMENT_3D('',#4659,#4660,#4661);
#4659 = CARTESIAN_POINT('',(82.,38.715728752538,-140.5685424949));
#4660 = DIRECTION('',(-0.707106781187,0.5,-0.5));
#4661 = DIRECTION('',(-0.707106781187,-0.5,0.5));
#4662 = ADVANCED_FACE('',(#4663),#4674,.T.);
#4663 = FACE_BOUND('',#4664,.T.);
#4664 = EDGE_LOOP('',(#4665,#4666,#4672,#4673));
#4665 = ORIENTED_EDGE('',*,*,#654,.T.);
#4666 = ORIENTED_EDGE('',*,*,#4667,.T.);
#4667 = EDGE_CURVE('',#655,#1503,#4668,.T.);
#4668 = LINE('',#4669,#4670);
#4669 = CARTESIAN_POINT('',(66.,47.201010126777,-149.0538238691));
#4670 = VECTOR('',#4671,1.);
#4671 = DIRECTION('',(0.,-0.707106781187,-0.707106781187));
#4672 = ORIENTED_EDGE('',*,*,#1502,.F.);
#4673 = ORIENTED_EDGE('',*,*,#4628,.F.);
#4674 = PLANE('',#4675);
#4675 = AXIS2_PLACEMENT_3D('',#4676,#4677,#4678);
#4676 = CARTESIAN_POINT('',(66.,47.201010126777,-149.0538238691));
#4677 = DIRECTION('',(0.,-0.707106781187,0.707106781187));
#4678 = DIRECTION('',(1.,0.,0.));
#4679 = ADVANCED_FACE('',(#4680),#4691,.T.);
#4680 = FACE_BOUND('',#4681,.T.);
#4681 = EDGE_LOOP('',(#4682,#4683,#4684,#4685));
#4682 = ORIENTED_EDGE('',*,*,#678,.T.);
#4683 = ORIENTED_EDGE('',*,*,#4652,.T.);
#4684 = ORIENTED_EDGE('',*,*,#1526,.F.);
#4685 = ORIENTED_EDGE('',*,*,#4686,.F.);
#4686 = EDGE_CURVE('',#671,#1519,#4687,.T.);
#4687 = LINE('',#4688,#4689);
#4688 = CARTESIAN_POINT('',(72.,34.473088065419,-136.3259018078));
#4689 = VECTOR('',#4690,1.);
#4690 = DIRECTION('',(0.,-0.707106781187,-0.707106781187));
#4691 = PLANE('',#4692);
#4692 = AXIS2_PLACEMENT_3D('',#4693,#4694,#4695);
#4693 = CARTESIAN_POINT('',(76.,34.473088065419,-136.3259018078));
#4694 = DIRECTION('',(0.,0.707106781187,-0.707106781187));
#4695 = DIRECTION('',(-1.,-0.,0.));
#4696 = ADVANCED_FACE('',(#4697),#4708,.T.);
#4697 = FACE_BOUND('',#4698,.T.);
#4698 = EDGE_LOOP('',(#4699,#4700,#4706,#4707));
#4699 = ORIENTED_EDGE('',*,*,#662,.T.);
#4700 = ORIENTED_EDGE('',*,*,#4701,.T.);
#4701 = EDGE_CURVE('',#663,#1511,#4702,.T.);
#4702 = LINE('',#4703,#4704);
#4703 = CARTESIAN_POINT('',(66.,38.715728752538,-140.5685424949));
#4704 = VECTOR('',#4705,1.);
#4705 = DIRECTION('',(0.,-0.707106781187,-0.707106781187));
#4706 = ORIENTED_EDGE('',*,*,#1510,.F.);
#4707 = ORIENTED_EDGE('',*,*,#4667,.F.);
#4708 = PLANE('',#4709);
#4709 = AXIS2_PLACEMENT_3D('',#4710,#4711,#4712);
#4710 = CARTESIAN_POINT('',(66.,38.715728752538,-140.5685424949));
#4711 = DIRECTION('',(1.,0.,0.));
#4712 = DIRECTION('',(0.,0.707106781187,-0.707106781187));
#4713 = ADVANCED_FACE('',(#4714),#4720,.T.);
#4714 = FACE_BOUND('',#4715,.T.);
#4715 = EDGE_LOOP('',(#4716,#4717,#4718,#4719));
#4716 = ORIENTED_EDGE('',*,*,#670,.T.);
#4717 = ORIENTED_EDGE('',*,*,#4686,.T.);
#4718 = ORIENTED_EDGE('',*,*,#1518,.F.);
#4719 = ORIENTED_EDGE('',*,*,#4701,.F.);
#4720 = PLANE('',#4721);
#4721 = AXIS2_PLACEMENT_3D('',#4722,#4723,#4724);
#4722 = CARTESIAN_POINT('',(72.,34.473088065419,-136.3259018078));
#4723 = DIRECTION('',(0.707106781187,0.5,-0.5));
#4724 = DIRECTION('',(-0.707106781187,0.5,-0.5));
#4725 = ADVANCED_FACE('',(#4726),#4742,.T.);
#4726 = FACE_BOUND('',#4727,.T.);
#4727 = EDGE_LOOP('',(#4728,#4729,#4735,#4736));
#4728 = ORIENTED_EDGE('',*,*,#694,.T.);
#4729 = ORIENTED_EDGE('',*,*,#4730,.T.);
#4730 = EDGE_CURVE('',#697,#1445,#4731,.T.);
#4731 = LINE('',#4732,#4733);
#4732 = CARTESIAN_POINT('',(60.,47.201010126777,-149.0538238691));
#4733 = VECTOR('',#4734,1.);
#4734 = DIRECTION('',(0.,-0.707106781187,-0.707106781187));
#4735 = ORIENTED_EDGE('',*,*,#1442,.F.);
#4736 = ORIENTED_EDGE('',*,*,#4737,.F.);
#4737 = EDGE_CURVE('',#695,#1443,#4738,.T.);
#4738 = LINE('',#4739,#4740);
#4739 = CARTESIAN_POINT('',(60.,38.715728752538,-140.5685424949));
#4740 = VECTOR('',#4741,1.);
#4741 = DIRECTION('',(0.,-0.707106781187,-0.707106781187));
#4742 = PLANE('',#4743);
#4743 = AXIS2_PLACEMENT_3D('',#4744,#4745,#4746);
#4744 = CARTESIAN_POINT('',(60.,47.201010126777,-149.0538238691));
#4745 = DIRECTION('',(-1.,0.,0.));
#4746 = DIRECTION('',(0.,-0.707106781187,0.707106781187));
#4747 = ADVANCED_FACE('',(#4748),#4759,.T.);
#4748 = FACE_BOUND('',#4749,.T.);
#4749 = EDGE_LOOP('',(#4750,#4751,#4752,#4753));
#4750 = ORIENTED_EDGE('',*,*,#736,.T.);
#4751 = ORIENTED_EDGE('',*,*,#4737,.T.);
#4752 = ORIENTED_EDGE('',*,*,#1484,.F.);
#4753 = ORIENTED_EDGE('',*,*,#4754,.F.);
#4754 = EDGE_CURVE('',#729,#1477,#4755,.T.);
#4755 = LINE('',#4756,#4757);
#4756 = CARTESIAN_POINT('',(54.,34.473088065419,-136.3259018078));
#4757 = VECTOR('',#4758,1.);
#4758 = DIRECTION('',(0.,-0.707106781187,-0.707106781187));
#4759 = PLANE('',#4760);
#4760 = AXIS2_PLACEMENT_3D('',#4761,#4762,#4763);
#4761 = CARTESIAN_POINT('',(60.,38.715728752538,-140.5685424949));
#4762 = DIRECTION('',(-0.707106781187,0.5,-0.5));
#4763 = DIRECTION('',(-0.707106781187,-0.5,0.5));
#4764 = ADVANCED_FACE('',(#4765),#4776,.T.);
#4765 = FACE_BOUND('',#4766,.T.);
#4766 = EDGE_LOOP('',(#4767,#4768,#4774,#4775));
#4767 = ORIENTED_EDGE('',*,*,#704,.T.);
#4768 = ORIENTED_EDGE('',*,*,#4769,.T.);
#4769 = EDGE_CURVE('',#705,#1453,#4770,.T.);
#4770 = LINE('',#4771,#4772);
#4771 = CARTESIAN_POINT('',(44.,47.201010126777,-149.0538238691));
#4772 = VECTOR('',#4773,1.);
#4773 = DIRECTION('',(0.,-0.707106781187,-0.707106781187));
#4774 = ORIENTED_EDGE('',*,*,#1452,.F.);
#4775 = ORIENTED_EDGE('',*,*,#4730,.F.);
#4776 = PLANE('',#4777);
#4777 = AXIS2_PLACEMENT_3D('',#4778,#4779,#4780);
#4778 = CARTESIAN_POINT('',(44.,47.201010126777,-149.0538238691));
#4779 = DIRECTION('',(0.,-0.707106781187,0.707106781187));
#4780 = DIRECTION('',(1.,0.,0.));
#4781 = ADVANCED_FACE('',(#4782),#4793,.T.);
#4782 = FACE_BOUND('',#4783,.T.);
#4783 = EDGE_LOOP('',(#4784,#4785,#4786,#4787));
#4784 = ORIENTED_EDGE('',*,*,#728,.T.);
#4785 = ORIENTED_EDGE('',*,*,#4754,.T.);
#4786 = ORIENTED_EDGE('',*,*,#1476,.F.);
#4787 = ORIENTED_EDGE('',*,*,#4788,.F.);
#4788 = EDGE_CURVE('',#721,#1469,#4789,.T.);
#4789 = LINE('',#4790,#4791);
#4790 = CARTESIAN_POINT('',(50.,34.473088065419,-136.3259018078));
#4791 = VECTOR('',#4792,1.);
#4792 = DIRECTION('',(0.,-0.707106781187,-0.707106781187));
#4793 = PLANE('',#4794);
#4794 = AXIS2_PLACEMENT_3D('',#4795,#4796,#4797);
#4795 = CARTESIAN_POINT('',(54.,34.473088065419,-136.3259018078));
#4796 = DIRECTION('',(0.,0.707106781187,-0.707106781187));
#4797 = DIRECTION('',(-1.,-0.,0.));
#4798 = ADVANCED_FACE('',(#4799),#4810,.T.);
#4799 = FACE_BOUND('',#4800,.T.);
#4800 = EDGE_LOOP('',(#4801,#4802,#4808,#4809));
#4801 = ORIENTED_EDGE('',*,*,#712,.T.);
#4802 = ORIENTED_EDGE('',*,*,#4803,.T.);
#4803 = EDGE_CURVE('',#713,#1461,#4804,.T.);
#4804 = LINE('',#4805,#4806);
#4805 = CARTESIAN_POINT('',(44.,38.715728752538,-140.5685424949));
#4806 = VECTOR('',#4807,1.);
#4807 = DIRECTION('',(0.,-0.707106781187,-0.707106781187));
#4808 = ORIENTED_EDGE('',*,*,#1460,.F.);
#4809 = ORIENTED_EDGE('',*,*,#4769,.F.);
#4810 = PLANE('',#4811);
#4811 = AXIS2_PLACEMENT_3D('',#4812,#4813,#4814);
#4812 = CARTESIAN_POINT('',(44.,38.715728752538,-140.5685424949));
#4813 = DIRECTION('',(1.,0.,0.));
#4814 = DIRECTION('',(0.,0.707106781187,-0.707106781187));
#4815 = ADVANCED_FACE('',(#4816),#4822,.T.);
#4816 = FACE_BOUND('',#4817,.T.);
#4817 = EDGE_LOOP('',(#4818,#4819,#4820,#4821));
#4818 = ORIENTED_EDGE('',*,*,#720,.T.);
#4819 = ORIENTED_EDGE('',*,*,#4788,.T.);
#4820 = ORIENTED_EDGE('',*,*,#1468,.F.);
#4821 = ORIENTED_EDGE('',*,*,#4803,.F.);
#4822 = PLANE('',#4823);
#4823 = AXIS2_PLACEMENT_3D('',#4824,#4825,#4826);
#4824 = CARTESIAN_POINT('',(50.,34.473088065419,-136.3259018078));
#4825 = DIRECTION('',(0.707106781187,0.5,-0.5));
#4826 = DIRECTION('',(-0.707106781187,0.5,-0.5));
#4827 = ADVANCED_FACE('',(#4828),#4844,.T.);
#4828 = FACE_BOUND('',#4829,.T.);
#4829 = EDGE_LOOP('',(#4830,#4831,#4837,#4838));
#4830 = ORIENTED_EDGE('',*,*,#744,.T.);
#4831 = ORIENTED_EDGE('',*,*,#4832,.T.);
#4832 = EDGE_CURVE('',#747,#1395,#4833,.T.);
#4833 = LINE('',#4834,#4835);
#4834 = CARTESIAN_POINT('',(38.,47.201010126777,-149.0538238691));
#4835 = VECTOR('',#4836,1.);
#4836 = DIRECTION('',(0.,-0.707106781187,-0.707106781187));
#4837 = ORIENTED_EDGE('',*,*,#1392,.F.);
#4838 = ORIENTED_EDGE('',*,*,#4839,.F.);
#4839 = EDGE_CURVE('',#745,#1393,#4840,.T.);
#4840 = LINE('',#4841,#4842);
#4841 = CARTESIAN_POINT('',(38.,38.715728752538,-140.5685424949));
#4842 = VECTOR('',#4843,1.);
#4843 = DIRECTION('',(0.,-0.707106781187,-0.707106781187));
#4844 = PLANE('',#4845);
#4845 = AXIS2_PLACEMENT_3D('',#4846,#4847,#4848);
#4846 = CARTESIAN_POINT('',(38.,47.201010126777,-149.0538238691));
#4847 = DIRECTION('',(-1.,0.,0.));
#4848 = DIRECTION('',(0.,-0.707106781187,0.707106781187));
#4849 = ADVANCED_FACE('',(#4850),#4861,.T.);
#4850 = FACE_BOUND('',#4851,.T.);
#4851 = EDGE_LOOP('',(#4852,#4853,#4854,#4855));
#4852 = ORIENTED_EDGE('',*,*,#786,.T.);
#4853 = ORIENTED_EDGE('',*,*,#4839,.T.);
#4854 = ORIENTED_EDGE('',*,*,#1434,.F.);
#4855 = ORIENTED_EDGE('',*,*,#4856,.F.);
#4856 = EDGE_CURVE('',#779,#1427,#4857,.T.);
#4857 = LINE('',#4858,#4859);
#4858 = CARTESIAN_POINT('',(32.,34.473088065419,-136.3259018078));
#4859 = VECTOR('',#4860,1.);
#4860 = DIRECTION('',(0.,-0.707106781187,-0.707106781187));
#4861 = PLANE('',#4862);
#4862 = AXIS2_PLACEMENT_3D('',#4863,#4864,#4865);
#4863 = CARTESIAN_POINT('',(38.,38.715728752538,-140.5685424949));
#4864 = DIRECTION('',(-0.707106781187,0.5,-0.5));
#4865 = DIRECTION('',(-0.707106781187,-0.5,0.5));
#4866 = ADVANCED_FACE('',(#4867),#4878,.T.);
#4867 = FACE_BOUND('',#4868,.T.);
#4868 = EDGE_LOOP('',(#4869,#4870,#4876,#4877));
#4869 = ORIENTED_EDGE('',*,*,#754,.T.);
#4870 = ORIENTED_EDGE('',*,*,#4871,.T.);
#4871 = EDGE_CURVE('',#755,#1403,#4872,.T.);
#4872 = LINE('',#4873,#4874);
#4873 = CARTESIAN_POINT('',(22.,47.201010126777,-149.0538238691));
#4874 = VECTOR('',#4875,1.);
#4875 = DIRECTION('',(0.,-0.707106781187,-0.707106781187));
#4876 = ORIENTED_EDGE('',*,*,#1402,.F.);
#4877 = ORIENTED_EDGE('',*,*,#4832,.F.);
#4878 = PLANE('',#4879);
#4879 = AXIS2_PLACEMENT_3D('',#4880,#4881,#4882);
#4880 = CARTESIAN_POINT('',(22.,47.201010126777,-149.0538238691));
#4881 = DIRECTION('',(0.,-0.707106781187,0.707106781187));
#4882 = DIRECTION('',(1.,0.,0.));
#4883 = ADVANCED_FACE('',(#4884),#4895,.T.);
#4884 = FACE_BOUND('',#4885,.T.);
#4885 = EDGE_LOOP('',(#4886,#4887,#4888,#4889));
#4886 = ORIENTED_EDGE('',*,*,#778,.T.);
#4887 = ORIENTED_EDGE('',*,*,#4856,.T.);
#4888 = ORIENTED_EDGE('',*,*,#1426,.F.);
#4889 = ORIENTED_EDGE('',*,*,#4890,.F.);
#4890 = EDGE_CURVE('',#771,#1419,#4891,.T.);
#4891 = LINE('',#4892,#4893);
#4892 = CARTESIAN_POINT('',(28.,34.473088065419,-136.3259018078));
#4893 = VECTOR('',#4894,1.);
#4894 = DIRECTION('',(0.,-0.707106781187,-0.707106781187));
#4895 = PLANE('',#4896);
#4896 = AXIS2_PLACEMENT_3D('',#4897,#4898,#4899);
#4897 = CARTESIAN_POINT('',(32.,34.473088065419,-136.3259018078));
#4898 = DIRECTION('',(0.,0.707106781187,-0.707106781187));
#4899 = DIRECTION('',(-1.,-0.,0.));
#4900 = ADVANCED_FACE('',(#4901),#4912,.T.);
#4901 = FACE_BOUND('',#4902,.T.);
#4902 = EDGE_LOOP('',(#4903,#4904,#4910,#4911));
#4903 = ORIENTED_EDGE('',*,*,#762,.T.);
#4904 = ORIENTED_EDGE('',*,*,#4905,.T.);
#4905 = EDGE_CURVE('',#763,#1411,#4906,.T.);
#4906 = LINE('',#4907,#4908);
#4907 = CARTESIAN_POINT('',(22.,38.715728752538,-140.5685424949));
#4908 = VECTOR('',#4909,1.);
#4909 = DIRECTION('',(0.,-0.707106781187,-0.707106781187));
#4910 = ORIENTED_EDGE('',*,*,#1410,.F.);
#4911 = ORIENTED_EDGE('',*,*,#4871,.F.);
#4912 = PLANE('',#4913);
#4913 = AXIS2_PLACEMENT_3D('',#4914,#4915,#4916);
#4914 = CARTESIAN_POINT('',(22.,38.715728752538,-140.5685424949));
#4915 = DIRECTION('',(1.,0.,0.));
#4916 = DIRECTION('',(0.,0.707106781187,-0.707106781187));
#4917 = ADVANCED_FACE('',(#4918),#4924,.T.);
#4918 = FACE_BOUND('',#4919,.T.);
#4919 = EDGE_LOOP('',(#4920,#4921,#4922,#4923));
#4920 = ORIENTED_EDGE('',*,*,#770,.T.);
#4921 = ORIENTED_EDGE('',*,*,#4890,.T.);
#4922 = ORIENTED_EDGE('',*,*,#1418,.F.);
#4923 = ORIENTED_EDGE('',*,*,#4905,.F.);
#4924 = PLANE('',#4925);
#4925 = AXIS2_PLACEMENT_3D('',#4926,#4927,#4928);
#4926 = CARTESIAN_POINT('',(28.,34.473088065419,-136.3259018078));
#4927 = DIRECTION('',(0.707106781187,0.5,-0.5));
#4928 = DIRECTION('',(-0.707106781187,0.5,-0.5));
#4929 = ADVANCED_FACE('',(#4930),#4948,.F.);
#4930 = FACE_BOUND('',#4931,.F.);
#4931 = EDGE_LOOP('',(#4932,#4933,#4941,#4947));
#4932 = ORIENTED_EDGE('',*,*,#3603,.F.);
#4933 = ORIENTED_EDGE('',*,*,#4934,.T.);
#4934 = EDGE_CURVE('',#3604,#4935,#4937,.T.);
#4935 = VERTEX_POINT('',#4936);
#4936 = CARTESIAN_POINT('',(135.,61.343145750508,-134.9116882454));
#4937 = LINE('',#4938,#4939);
#4938 = CARTESIAN_POINT('',(135.,63.464466094067,-137.0330085889));
#4939 = VECTOR('',#4940,1.);
#4940 = DIRECTION('',(0.,-0.707106781187,0.707106781187));
#4941 = ORIENTED_EDGE('',*,*,#4942,.T.);
#4942 = EDGE_CURVE('',#4935,#906,#4943,.T.);
#4943 = LINE('',#4944,#4945);
#4944 = CARTESIAN_POINT('',(132.95,61.343145750508,-134.9116882454));
#4945 = VECTOR('',#4946,1.);
#4946 = DIRECTION('',(-1.,0.,0.));
#4947 = ORIENTED_EDGE('',*,*,#913,.F.);
#4948 = PLANE('',#4949);
#4949 = AXIS2_PLACEMENT_3D('',#4950,#4951,#4952);
#4950 = CARTESIAN_POINT('',(135.,63.464466094067,-137.0330085889));
#4951 = DIRECTION('',(0.,-0.707106781187,-0.707106781187));
#4952 = DIRECTION('',(-1.,0.,0.));
#4953 = ADVANCED_FACE('',(#4954),#4979,.T.);
#4954 = FACE_BOUND('',#4955,.T.);
#4955 = EDGE_LOOP('',(#4956,#4957,#4963,#4964,#4972,#4978));
#4956 = ORIENTED_EDGE('',*,*,#905,.F.);
#4957 = ORIENTED_EDGE('',*,*,#4958,.T.);
#4958 = EDGE_CURVE('',#898,#1313,#4959,.T.);
#4959 = LINE('',#4960,#4961);
#4960 = CARTESIAN_POINT('',(130.9,51.443650813896,-144.811183182));
#4961 = VECTOR('',#4962,1.);
#4962 = DIRECTION('',(1.,0.,0.));
#4963 = ORIENTED_EDGE('',*,*,#1312,.F.);
#4964 = ORIENTED_EDGE('',*,*,#4965,.F.);
#4965 = EDGE_CURVE('',#4966,#1305,#4968,.T.);
#4966 = VERTEX_POINT('',#4967);
#4967 = CARTESIAN_POINT('',(135.,62.757359312881,-133.497474683));
#4968 = LINE('',#4969,#4970);
#4969 = CARTESIAN_POINT('',(130.9,62.757359312881,-133.497474683));
#4970 = VECTOR('',#4971,1.);
#4971 = DIRECTION('',(1.,0.,0.));
#4972 = ORIENTED_EDGE('',*,*,#4973,.T.);
#4973 = EDGE_CURVE('',#4966,#4935,#4974,.T.);
#4974 = LINE('',#4975,#4976);
#4975 = CARTESIAN_POINT('',(135.,93.870057685089,-102.3847763108));
#4976 = VECTOR('',#4977,1.);
#4977 = DIRECTION('',(0.,-0.707106781187,-0.707106781187));
#4978 = ORIENTED_EDGE('',*,*,#4942,.T.);
#4979 = PLANE('',#4980);
#4980 = AXIS2_PLACEMENT_3D('',#4981,#4982,#4983);
#4981 = CARTESIAN_POINT('',(130.9,51.443650813896,-144.811183182));
#4982 = DIRECTION('',(0.,-0.707106781187,0.707106781187));
#4983 = DIRECTION('',(-4.4E-16,0.707106781187,0.707106781187));
#4984 = ADVANCED_FACE('',(#4985),#4996,.T.);
#4985 = FACE_BOUND('',#4986,.T.);
#4986 = EDGE_LOOP('',(#4987,#4988,#4994,#4995));
#4987 = ORIENTED_EDGE('',*,*,#897,.F.);
#4988 = ORIENTED_EDGE('',*,*,#4989,.T.);
#4989 = EDGE_CURVE('',#890,#1321,#4990,.T.);
#4990 = LINE('',#4991,#4992);
#4991 = CARTESIAN_POINT('',(130.9,42.958369439657,-136.3259018078));
#4992 = VECTOR('',#4993,1.);
#4993 = DIRECTION('',(1.,0.,0.));
#4994 = ORIENTED_EDGE('',*,*,#1320,.F.);
#4995 = ORIENTED_EDGE('',*,*,#4958,.F.);
#4996 = PLANE('',#4997);
#4997 = AXIS2_PLACEMENT_3D('',#4998,#4999,#5000);
#4998 = CARTESIAN_POINT('',(130.9,42.958369439657,-136.3259018078));
#4999 = DIRECTION('',(0.,0.707106781187,0.707106781187));
#5000 = DIRECTION('',(-2.2E-16,0.707106781187,-0.707106781187));
#5001 = ADVANCED_FACE('',(#5002),#5013,.T.);
#5002 = FACE_BOUND('',#5003,.T.);
#5003 = EDGE_LOOP('',(#5004,#5005,#5011,#5012));
#5004 = ORIENTED_EDGE('',*,*,#889,.F.);
#5005 = ORIENTED_EDGE('',*,*,#5006,.T.);
#5006 = EDGE_CURVE('',#882,#1329,#5007,.T.);
#5007 = LINE('',#5008,#5009);
#5008 = CARTESIAN_POINT('',(130.9,42.958369439657,-127.8406204335));
#5009 = VECTOR('',#5010,1.);
#5010 = DIRECTION('',(1.,0.,0.));
#5011 = ORIENTED_EDGE('',*,*,#1328,.F.);
#5012 = ORIENTED_EDGE('',*,*,#4989,.F.);
#5013 = PLANE('',#5014);
#5014 = AXIS2_PLACEMENT_3D('',#5015,#5016,#5017);
#5015 = CARTESIAN_POINT('',(130.9,42.958369439657,-127.8406204335));
#5016 = DIRECTION('',(0.,1.,8.326672684689E-16));
#5017 = DIRECTION('',(1.6E-16,8.326672684689E-16,-1.));
#5018 = ADVANCED_FACE('',(#5019),#5030,.T.);
#5019 = FACE_BOUND('',#5020,.T.);
#5020 = EDGE_LOOP('',(#5021,#5022,#5028,#5029));
#5021 = ORIENTED_EDGE('',*,*,#881,.F.);
#5022 = ORIENTED_EDGE('',*,*,#5023,.T.);
#5023 = EDGE_CURVE('',#874,#1337,#5024,.T.);
#5024 = LINE('',#5025,#5026);
#5025 = CARTESIAN_POINT('',(130.9,45.786796564404,-125.0121933088));
#5026 = VECTOR('',#5027,1.);
#5027 = DIRECTION('',(1.,0.,0.));
#5028 = ORIENTED_EDGE('',*,*,#1336,.F.);
#5029 = ORIENTED_EDGE('',*,*,#5006,.F.);
#5030 = PLANE('',#5031);
#5031 = AXIS2_PLACEMENT_3D('',#5032,#5033,#5034);
#5032 = CARTESIAN_POINT('',(130.9,45.786796564404,-125.0121933088));
#5033 = DIRECTION('',(0.,0.707106781187,-0.707106781187));
#5034 = DIRECTION('',(4.4E-16,-0.707106781187,-0.707106781187));
#5035 = ADVANCED_FACE('',(#5036),#5063,.T.);
#5036 = FACE_BOUND('',#5037,.T.);
#5037 = EDGE_LOOP('',(#5038,#5048,#5054,#5055,#5056,#5057));
#5038 = ORIENTED_EDGE('',*,*,#5039,.T.);
#5039 = EDGE_CURVE('',#5040,#5042,#5044,.T.);
#5040 = VERTEX_POINT('',#5041);
#5041 = CARTESIAN_POINT('',(135.,51.443650813896,-125.0121933088));
#5042 = VERTEX_POINT('',#5043);
#5043 = CARTESIAN_POINT('',(135.,54.272077938642,-125.0121933088));
#5044 = LINE('',#5045,#5046);
#5045 = CARTESIAN_POINT('',(135.,98.819805153395,-125.0121933088));
#5046 = VECTOR('',#5047,1.);
#5047 = DIRECTION('',(0.,1.,8.326672684689E-16));
#5048 = ORIENTED_EDGE('',*,*,#5049,.T.);
#5049 = EDGE_CURVE('',#5042,#1303,#5050,.T.);
#5050 = LINE('',#5051,#5052);
#5051 = CARTESIAN_POINT('',(130.9,54.272077938642,-125.0121933088));
#5052 = VECTOR('',#5053,1.);
#5053 = DIRECTION('',(1.,0.,0.));
#5054 = ORIENTED_EDGE('',*,*,#1344,.F.);
#5055 = ORIENTED_EDGE('',*,*,#5023,.F.);
#5056 = ORIENTED_EDGE('',*,*,#873,.F.);
#5057 = ORIENTED_EDGE('',*,*,#5058,.T.);
#5058 = EDGE_CURVE('',#866,#5040,#5059,.T.);
#5059 = LINE('',#5060,#5061);
#5060 = CARTESIAN_POINT('',(132.95,51.443650813896,-125.0121933088));
#5061 = VECTOR('',#5062,1.);
#5062 = DIRECTION('',(1.,0.,0.));
#5063 = PLANE('',#5064);
#5064 = AXIS2_PLACEMENT_3D('',#5065,#5066,#5067);
#5065 = CARTESIAN_POINT('',(130.9,54.272077938642,-125.0121933088));
#5066 = DIRECTION('',(0.,8.326672684689E-16,-1.));
#5067 = DIRECTION('',(4.7E-16,-1.,-8.326672684689E-16));
#5068 = ADVANCED_FACE('',(#5069),#5087,.F.);
#5069 = FACE_BOUND('',#5070,.F.);
#5070 = EDGE_LOOP('',(#5071,#5072,#5080,#5086));
#5071 = ORIENTED_EDGE('',*,*,#5058,.T.);
#5072 = ORIENTED_EDGE('',*,*,#5073,.T.);
#5073 = EDGE_CURVE('',#5040,#5074,#5076,.T.);
#5074 = VERTEX_POINT('',#5075);
#5075 = CARTESIAN_POINT('',(135.,49.322330470336,-122.8908729652));
#5076 = LINE('',#5077,#5078);
#5077 = CARTESIAN_POINT('',(135.,63.464466094067,-137.0330085889));
#5078 = VECTOR('',#5079,1.);
#5079 = DIRECTION('',(0.,-0.707106781187,0.707106781187));
#5080 = ORIENTED_EDGE('',*,*,#5081,.T.);
#5081 = EDGE_CURVE('',#5074,#858,#5082,.T.);
#5082 = LINE('',#5083,#5084);
#5083 = CARTESIAN_POINT('',(140.,52.857864376269,-126.4264068711));
#5084 = VECTOR('',#5085,1.);
#5085 = DIRECTION('',(-0.707106781187,-0.5,0.5));
#5086 = ORIENTED_EDGE('',*,*,#865,.F.);
#5087 = PLANE('',#5088);
#5088 = AXIS2_PLACEMENT_3D('',#5089,#5090,#5091);
#5089 = CARTESIAN_POINT('',(135.,63.464466094067,-137.0330085889));
#5090 = DIRECTION('',(0.,-0.707106781187,-0.707106781187));
#5091 = DIRECTION('',(-1.,0.,0.));
#5092 = ADVANCED_FACE('',(#5093),#5239,.F.);
#5093 = FACE_BOUND('',#5094,.T.);
#5094 = EDGE_LOOP('',(#5095,#5096,#5104,#5112,#5120,#5128,#5136,#5144,
    #5152,#5160,#5168,#5176,#5184,#5192,#5200,#5208,#5216,#5224,#5232,
    #5238));
#5095 = ORIENTED_EDGE('',*,*,#857,.F.);
#5096 = ORIENTED_EDGE('',*,*,#5097,.T.);
#5097 = EDGE_CURVE('',#850,#5098,#5100,.T.);
#5098 = VERTEX_POINT('',#5099);
#5099 = CARTESIAN_POINT('',(135.,105.89087296526,-66.32233047033));
#5100 = LINE('',#5101,#5102);
#5101 = CARTESIAN_POINT('',(139.,108.71930009,-69.15075759508));
#5102 = VECTOR('',#5103,1.);
#5103 = DIRECTION('',(0.707106781187,0.5,-0.5));
#5104 = ORIENTED_EDGE('',*,*,#5105,.T.);
#5105 = EDGE_CURVE('',#5098,#5106,#5108,.T.);
#5106 = VERTEX_POINT('',#5107);
#5107 = CARTESIAN_POINT('',(135.,103.7695526217,-68.44365081389));
#5108 = LINE('',#5109,#5110);
#5109 = CARTESIAN_POINT('',(135.,124.27564927611,-47.93755415948));
#5110 = VECTOR('',#5111,1.);
#5111 = DIRECTION('',(0.,-0.707106781187,-0.707106781187));
#5112 = ORIENTED_EDGE('',*,*,#5113,.T.);
#5113 = EDGE_CURVE('',#5106,#5114,#5116,.T.);
#5114 = VERTEX_POINT('',#5115);
#5115 = CARTESIAN_POINT('',(134.,102.35533905932,-68.44365081389));
#5116 = LINE('',#5117,#5118);
#5117 = CARTESIAN_POINT('',(140.81666666666,111.9955615095,
    -68.44365081389));
#5118 = VECTOR('',#5119,1.);
#5119 = DIRECTION('',(-0.57735026919,-0.816496580928,-6.661338147751E-16
    ));
#5120 = ORIENTED_EDGE('',*,*,#5121,.T.);
#5121 = EDGE_CURVE('',#5114,#5122,#5124,.T.);
#5122 = VERTEX_POINT('',#5123);
#5123 = CARTESIAN_POINT('',(134.,99.526911934581,-71.27207793864));
#5124 = LINE('',#5125,#5126);
#5125 = CARTESIAN_POINT('',(134.,112.96194077712,-57.83704909609));
#5126 = VECTOR('',#5127,1.);
#5127 = DIRECTION('',(4.4E-16,-0.707106781187,-0.707106781187));
#5128 = ORIENTED_EDGE('',*,*,#5129,.T.);
#5129 = EDGE_CURVE('',#5122,#5130,#5132,.T.);
#5130 = VERTEX_POINT('',#5131);
#5131 = CARTESIAN_POINT('',(135.,99.526911934581,-72.68629150101));
#5132 = LINE('',#5133,#5134);
#5133 = CARTESIAN_POINT('',(128.15,99.526911934581,-62.99892859875));
#5134 = VECTOR('',#5135,1.);
#5135 = DIRECTION('',(0.57735026919,6.661338147751E-16,-0.816496580928)
  );
#5136 = ORIENTED_EDGE('',*,*,#5137,.T.);
#5137 = EDGE_CURVE('',#5130,#5138,#5140,.T.);
#5138 = VERTEX_POINT('',#5139);
#5139 = CARTESIAN_POINT('',(135.,89.62741699797,-82.58578643762));
#5140 = LINE('',#5141,#5142);
#5141 = CARTESIAN_POINT('',(135.,124.27564927611,-47.93755415948));
#5142 = VECTOR('',#5143,1.);
#5143 = DIRECTION('',(0.,-0.707106781187,-0.707106781187));
#5144 = ORIENTED_EDGE('',*,*,#5145,.T.);
#5145 = EDGE_CURVE('',#5138,#5146,#5148,.T.);
#5146 = VERTEX_POINT('',#5147);
#5147 = CARTESIAN_POINT('',(134.,88.213203435596,-82.58578643762));
#5148 = LINE('',#5149,#5150);
#5149 = CARTESIAN_POINT('',(144.15,102.56747109368,-82.58578643762));
#5150 = VECTOR('',#5151,1.);
#5151 = DIRECTION('',(-0.57735026919,-0.816496580928,-6.661338147751E-16
    ));
#5152 = ORIENTED_EDGE('',*,*,#5153,.T.);
#5153 = EDGE_CURVE('',#5146,#5154,#5156,.T.);
#5154 = VERTEX_POINT('',#5155);
#5155 = CARTESIAN_POINT('',(134.,85.38477631085,-85.41421356237));
#5156 = LINE('',#5157,#5158);
#5157 = CARTESIAN_POINT('',(134.,105.89087296526,-64.90811690796));
#5158 = VECTOR('',#5159,1.);
#5159 = DIRECTION('',(4.4E-16,-0.707106781187,-0.707106781187));
#5160 = ORIENTED_EDGE('',*,*,#5161,.T.);
#5161 = EDGE_CURVE('',#5154,#5162,#5164,.T.);
#5162 = VERTEX_POINT('',#5163);
#5163 = CARTESIAN_POINT('',(135.,85.38477631085,-86.82842712474));
#5164 = LINE('',#5165,#5166);
#5165 = CARTESIAN_POINT('',(124.81666666666,85.38477631085,
    -72.42701901458));
#5166 = VECTOR('',#5167,1.);
#5167 = DIRECTION('',(0.57735026919,6.661338147751E-16,-0.816496580928)
  );
#5168 = ORIENTED_EDGE('',*,*,#5169,.T.);
#5169 = EDGE_CURVE('',#5162,#5170,#5172,.T.);
#5170 = VERTEX_POINT('',#5171);
#5171 = CARTESIAN_POINT('',(135.,75.485281374239,-96.72792206135));
#5172 = LINE('',#5173,#5174);
#5173 = CARTESIAN_POINT('',(135.,124.27564927611,-47.93755415948));
#5174 = VECTOR('',#5175,1.);
#5175 = DIRECTION('',(0.,-0.707106781187,-0.707106781187));
#5176 = ORIENTED_EDGE('',*,*,#5177,.T.);
#5177 = EDGE_CURVE('',#5170,#5178,#5180,.T.);
#5178 = VERTEX_POINT('',#5179);
#5179 = CARTESIAN_POINT('',(134.,74.071067811866,-96.72792206135));
#5180 = LINE('',#5181,#5182);
#5181 = CARTESIAN_POINT('',(147.48333333333,93.139380677863,
    -96.72792206135));
#5182 = VECTOR('',#5183,1.);
#5183 = DIRECTION('',(-0.57735026919,-0.816496580928,-6.661338147751E-16
    ));
#5184 = ORIENTED_EDGE('',*,*,#5185,.T.);
#5185 = EDGE_CURVE('',#5178,#5186,#5188,.T.);
#5186 = VERTEX_POINT('',#5187);
#5187 = CARTESIAN_POINT('',(134.,71.242640687119,-99.5563491861));
#5188 = LINE('',#5189,#5190);
#5189 = CARTESIAN_POINT('',(134.,98.819805153395,-71.97918471982));
#5190 = VECTOR('',#5191,1.);
#5191 = DIRECTION('',(4.4E-16,-0.707106781187,-0.707106781187));
#5192 = ORIENTED_EDGE('',*,*,#5193,.T.);
#5193 = EDGE_CURVE('',#5186,#5194,#5196,.T.);
#5194 = VERTEX_POINT('',#5195);
#5195 = CARTESIAN_POINT('',(135.,71.242640687119,-100.9705627484));
#5196 = LINE('',#5197,#5198);
#5197 = CARTESIAN_POINT('',(121.48333333333,71.242640687119,
    -81.8551094304));
#5198 = VECTOR('',#5199,1.);
#5199 = DIRECTION('',(0.57735026919,6.661338147751E-16,-0.816496580928)
  );
#5200 = ORIENTED_EDGE('',*,*,#5201,.T.);
#5201 = EDGE_CURVE('',#5194,#5202,#5204,.T.);
#5202 = VERTEX_POINT('',#5203);
#5203 = CARTESIAN_POINT('',(135.,61.343145750508,-110.870057685));
#5204 = LINE('',#5205,#5206);
#5205 = CARTESIAN_POINT('',(135.,124.27564927611,-47.93755415948));
#5206 = VECTOR('',#5207,1.);
#5207 = DIRECTION('',(0.,-0.707106781187,-0.707106781187));
#5208 = ORIENTED_EDGE('',*,*,#5209,.T.);
#5209 = EDGE_CURVE('',#5202,#5210,#5212,.T.);
#5210 = VERTEX_POINT('',#5211);
#5211 = CARTESIAN_POINT('',(134.,59.928932188135,-110.870057685));
#5212 = LINE('',#5213,#5214);
#5213 = CARTESIAN_POINT('',(150.81666666666,83.711290262042,
    -110.870057685));
#5214 = VECTOR('',#5215,1.);
#5215 = DIRECTION('',(-0.57735026919,-0.816496580928,-6.661338147751E-16
    ));
#5216 = ORIENTED_EDGE('',*,*,#5217,.T.);
#5217 = EDGE_CURVE('',#5210,#5218,#5220,.T.);
#5218 = VERTEX_POINT('',#5219);
#5219 = CARTESIAN_POINT('',(134.,57.100505063388,-113.6984848098));
#5220 = LINE('',#5221,#5222);
#5221 = CARTESIAN_POINT('',(134.,91.748737341529,-79.05025253169));
#5222 = VECTOR('',#5223,1.);
#5223 = DIRECTION('',(4.4E-16,-0.707106781187,-0.707106781187));
#5224 = ORIENTED_EDGE('',*,*,#5225,.T.);
#5225 = EDGE_CURVE('',#5218,#5226,#5228,.T.);
#5226 = VERTEX_POINT('',#5227);
#5227 = CARTESIAN_POINT('',(135.,57.100505063388,-115.1126983722));
#5228 = LINE('',#5229,#5230);
#5229 = CARTESIAN_POINT('',(118.15,57.100505063388,-91.28319984622));
#5230 = VECTOR('',#5231,1.);
#5231 = DIRECTION('',(0.57735026919,6.661338147751E-16,-0.816496580928)
  );
#5232 = ORIENTED_EDGE('',*,*,#5233,.T.);
#5233 = EDGE_CURVE('',#5226,#5074,#5234,.T.);
#5234 = LINE('',#5235,#5236);
#5235 = CARTESIAN_POINT('',(135.,124.27564927611,-47.93755415948));
#5236 = VECTOR('',#5237,1.);
#5237 = DIRECTION('',(0.,-0.707106781187,-0.707106781187));
#5238 = ORIENTED_EDGE('',*,*,#5081,.T.);
#5239 = PLANE('',#5240);
#5240 = AXIS2_PLACEMENT_3D('',#5241,#5242,#5243);
#5241 = CARTESIAN_POINT('',(135.,124.27564927611,-47.93755415948));
#5242 = DIRECTION('',(0.707106781187,-0.5,0.5));
#5243 = DIRECTION('',(0.707106781187,0.5,-0.5));
#5244 = ADVANCED_FACE('',(#5245),#5263,.F.);
#5245 = FACE_BOUND('',#5246,.F.);
#5246 = EDGE_LOOP('',(#5247,#5255,#5256,#5257));
#5247 = ORIENTED_EDGE('',*,*,#5248,.T.);
#5248 = EDGE_CURVE('',#5249,#842,#5251,.T.);
#5249 = VERTEX_POINT('',#5250);
#5250 = CARTESIAN_POINT('',(135.,108.01219330882,-68.44365081389));
#5251 = LINE('',#5252,#5253);
#5252 = CARTESIAN_POINT('',(130.95,108.01219330882,-68.44365081389));
#5253 = VECTOR('',#5254,1.);
#5254 = DIRECTION('',(-1.,0.,0.));
#5255 = ORIENTED_EDGE('',*,*,#849,.T.);
#5256 = ORIENTED_EDGE('',*,*,#5097,.T.);
#5257 = ORIENTED_EDGE('',*,*,#5258,.F.);
#5258 = EDGE_CURVE('',#5249,#5098,#5259,.T.);
#5259 = LINE('',#5260,#5261);
#5260 = CARTESIAN_POINT('',(135.,120.03300858899,-80.46446609406));
#5261 = VECTOR('',#5262,1.);
#5262 = DIRECTION('',(0.,-0.707106781187,0.707106781187));
#5263 = PLANE('',#5264);
#5264 = AXIS2_PLACEMENT_3D('',#5265,#5266,#5267);
#5265 = CARTESIAN_POINT('',(131.,120.03300858899,-80.46446609406));
#5266 = DIRECTION('',(0.,0.707106781187,0.707106781187));
#5267 = DIRECTION('',(1.,0.,0.));
#5268 = ADVANCED_FACE('',(#5269),#5293,.T.);
#5269 = FACE_BOUND('',#5270,.T.);
#5270 = EDGE_LOOP('',(#5271,#5272,#5278,#5279,#5285,#5286,#5292));
#5271 = ORIENTED_EDGE('',*,*,#841,.F.);
#5272 = ORIENTED_EDGE('',*,*,#5273,.T.);
#5273 = EDGE_CURVE('',#834,#1103,#5274,.T.);
#5274 = LINE('',#5275,#5276);
#5275 = CARTESIAN_POINT('',(130.9,110.84062043356,-68.44365081389));
#5276 = VECTOR('',#5277,1.);
#5277 = DIRECTION('',(1.,0.,0.));
#5278 = ORIENTED_EDGE('',*,*,#1144,.F.);
#5279 = ORIENTED_EDGE('',*,*,#5280,.F.);
#5280 = EDGE_CURVE('',#5114,#1137,#5281,.T.);
#5281 = LINE('',#5282,#5283);
#5282 = CARTESIAN_POINT('',(130.9,102.35533905932,-68.44365081389));
#5283 = VECTOR('',#5284,1.);
#5284 = DIRECTION('',(1.,0.,0.));
#5285 = ORIENTED_EDGE('',*,*,#5113,.F.);
#5286 = ORIENTED_EDGE('',*,*,#5287,.T.);
#5287 = EDGE_CURVE('',#5106,#5249,#5288,.T.);
#5288 = LINE('',#5289,#5290);
#5289 = CARTESIAN_POINT('',(135.,127.10407640085,-68.44365081389));
#5290 = VECTOR('',#5291,1.);
#5291 = DIRECTION('',(0.,1.,8.326672684689E-16));
#5292 = ORIENTED_EDGE('',*,*,#5248,.T.);
#5293 = PLANE('',#5294);
#5294 = AXIS2_PLACEMENT_3D('',#5295,#5296,#5297);
#5295 = CARTESIAN_POINT('',(130.9,110.84062043356,-68.44365081389));
#5296 = DIRECTION('',(0.,8.326672684689E-16,-1.));
#5297 = DIRECTION('',(4.7E-16,-1.,-8.326672684689E-16));
#5298 = ADVANCED_FACE('',(#5299),#5310,.T.);
#5299 = FACE_BOUND('',#5300,.T.);
#5300 = EDGE_LOOP('',(#5301,#5302,#5308,#5309));
#5301 = ORIENTED_EDGE('',*,*,#833,.F.);
#5302 = ORIENTED_EDGE('',*,*,#5303,.T.);
#5303 = EDGE_CURVE('',#826,#1105,#5304,.T.);
#5304 = LINE('',#5305,#5306);
#5305 = CARTESIAN_POINT('',(130.9,119.3259018078,-76.92893218813));
#5306 = VECTOR('',#5307,1.);
#5307 = DIRECTION('',(1.,0.,0.));
#5308 = ORIENTED_EDGE('',*,*,#1102,.F.);
#5309 = ORIENTED_EDGE('',*,*,#5273,.F.);
#5310 = PLANE('',#5311);
#5311 = AXIS2_PLACEMENT_3D('',#5312,#5313,#5314);
#5312 = CARTESIAN_POINT('',(130.9,119.3259018078,-76.92893218813));
#5313 = DIRECTION('',(0.,-0.707106781187,-0.707106781187));
#5314 = DIRECTION('',(2.2E-16,-0.707106781187,0.707106781187));
#5315 = ADVANCED_FACE('',(#5316),#5343,.T.);
#5316 = FACE_BOUND('',#5317,.T.);
#5317 = EDGE_LOOP('',(#5318,#5328,#5334,#5335,#5336,#5337));
#5318 = ORIENTED_EDGE('',*,*,#5319,.T.);
#5319 = EDGE_CURVE('',#5320,#5322,#5324,.T.);
#5320 = VERTEX_POINT('',#5321);
#5321 = CARTESIAN_POINT('',(135.,117.91168824543,-78.3431457505));
#5322 = VERTEX_POINT('',#5323);
#5323 = CARTESIAN_POINT('',(135.,108.01219330882,-88.24264068711));
#5324 = LINE('',#5325,#5326);
#5325 = CARTESIAN_POINT('',(135.,122.15432893255,-74.10050506338));
#5326 = VECTOR('',#5327,1.);
#5327 = DIRECTION('',(0.,-0.707106781187,-0.707106781187));
#5328 = ORIENTED_EDGE('',*,*,#5329,.T.);
#5329 = EDGE_CURVE('',#5322,#1113,#5330,.T.);
#5330 = LINE('',#5331,#5332);
#5331 = CARTESIAN_POINT('',(130.9,108.01219330882,-88.24264068711));
#5332 = VECTOR('',#5333,1.);
#5333 = DIRECTION('',(1.,0.,0.));
#5334 = ORIENTED_EDGE('',*,*,#1112,.F.);
#5335 = ORIENTED_EDGE('',*,*,#5303,.F.);
#5336 = ORIENTED_EDGE('',*,*,#825,.F.);
#5337 = ORIENTED_EDGE('',*,*,#5338,.T.);
#5338 = EDGE_CURVE('',#818,#5320,#5339,.T.);
#5339 = LINE('',#5340,#5341);
#5340 = CARTESIAN_POINT('',(130.95,117.91168824543,-78.3431457505));
#5341 = VECTOR('',#5342,1.);
#5342 = DIRECTION('',(1.,0.,0.));
#5343 = PLANE('',#5344);
#5344 = AXIS2_PLACEMENT_3D('',#5345,#5346,#5347);
#5345 = CARTESIAN_POINT('',(130.9,108.01219330882,-88.24264068711));
#5346 = DIRECTION('',(0.,-0.707106781187,0.707106781187));
#5347 = DIRECTION('',(-4.4E-16,0.707106781187,0.707106781187));
#5348 = ADVANCED_FACE('',(#5349),#5360,.F.);
#5349 = FACE_BOUND('',#5350,.F.);
#5350 = EDGE_LOOP('',(#5351,#5352,#5353,#5354));
#5351 = ORIENTED_EDGE('',*,*,#3619,.F.);
#5352 = ORIENTED_EDGE('',*,*,#817,.T.);
#5353 = ORIENTED_EDGE('',*,*,#5338,.T.);
#5354 = ORIENTED_EDGE('',*,*,#5355,.F.);
#5355 = EDGE_CURVE('',#3612,#5320,#5356,.T.);
#5356 = LINE('',#5357,#5358);
#5357 = CARTESIAN_POINT('',(135.,120.03300858899,-80.46446609406));
#5358 = VECTOR('',#5359,1.);
#5359 = DIRECTION('',(0.,-0.707106781187,0.707106781187));
#5360 = PLANE('',#5361);
#5361 = AXIS2_PLACEMENT_3D('',#5362,#5363,#5364);
#5362 = CARTESIAN_POINT('',(131.,120.03300858899,-80.46446609406));
#5363 = DIRECTION('',(0.,0.707106781187,0.707106781187));
#5364 = DIRECTION('',(1.,0.,0.));
#5365 = ADVANCED_FACE('',(#5366),#5382,.T.);
#5366 = FACE_BOUND('',#5367,.T.);
#5367 = EDGE_LOOP('',(#5368,#5369,#5375,#5376));
#5368 = ORIENTED_EDGE('',*,*,#930,.F.);
#5369 = ORIENTED_EDGE('',*,*,#5370,.T.);
#5370 = EDGE_CURVE('',#931,#1071,#5371,.T.);
#5371 = LINE('',#5372,#5373);
#5372 = CARTESIAN_POINT('',(130.9,113.66904755831,-65.61522368915));
#5373 = VECTOR('',#5374,1.);
#5374 = DIRECTION('',(1.,0.,0.));
#5375 = ORIENTED_EDGE('',*,*,#1070,.F.);
#5376 = ORIENTED_EDGE('',*,*,#5377,.F.);
#5377 = EDGE_CURVE('',#933,#1063,#5378,.T.);
#5378 = LINE('',#5379,#5380);
#5379 = CARTESIAN_POINT('',(130.9,122.15432893255,-74.10050506338));
#5380 = VECTOR('',#5381,1.);
#5381 = DIRECTION('',(1.,0.,0.));
#5382 = PLANE('',#5383);
#5383 = AXIS2_PLACEMENT_3D('',#5384,#5385,#5386);
#5384 = CARTESIAN_POINT('',(130.9,113.66904755831,-65.61522368915));
#5385 = DIRECTION('',(0.,0.707106781187,0.707106781187));
#5386 = DIRECTION('',(-2.2E-16,0.707106781187,-0.707106781187));
#5387 = ADVANCED_FACE('',(#5388),#5399,.T.);
#5388 = FACE_BOUND('',#5389,.T.);
#5389 = EDGE_LOOP('',(#5390,#5391,#5397,#5398));
#5390 = ORIENTED_EDGE('',*,*,#972,.F.);
#5391 = ORIENTED_EDGE('',*,*,#5392,.T.);
#5392 = EDGE_CURVE('',#965,#1079,#5393,.T.);
#5393 = LINE('',#5394,#5395);
#5394 = CARTESIAN_POINT('',(130.9,113.66904755831,-57.12994231491));
#5395 = VECTOR('',#5396,1.);
#5396 = DIRECTION('',(1.,0.,0.));
#5397 = ORIENTED_EDGE('',*,*,#1078,.F.);
#5398 = ORIENTED_EDGE('',*,*,#5370,.F.);
#5399 = PLANE('',#5400);
#5400 = AXIS2_PLACEMENT_3D('',#5401,#5402,#5403);
#5401 = CARTESIAN_POINT('',(130.9,113.66904755831,-57.12994231491));
#5402 = DIRECTION('',(0.,1.,8.326672684689E-16));
#5403 = DIRECTION('',(1.6E-16,8.326672684689E-16,-1.));
#5404 = ADVANCED_FACE('',(#5405),#5416,.T.);
#5405 = FACE_BOUND('',#5406,.T.);
#5406 = EDGE_LOOP('',(#5407,#5408,#5409,#5410));
#5407 = ORIENTED_EDGE('',*,*,#940,.F.);
#5408 = ORIENTED_EDGE('',*,*,#5377,.T.);
#5409 = ORIENTED_EDGE('',*,*,#1062,.F.);
#5410 = ORIENTED_EDGE('',*,*,#5411,.F.);
#5411 = EDGE_CURVE('',#941,#1055,#5412,.T.);
#5412 = LINE('',#5413,#5414);
#5413 = CARTESIAN_POINT('',(130.9,133.46803743153,-62.7867965644));
#5414 = VECTOR('',#5415,1.);
#5415 = DIRECTION('',(1.,0.,0.));
#5416 = PLANE('',#5417);
#5417 = AXIS2_PLACEMENT_3D('',#5418,#5419,#5420);
#5418 = CARTESIAN_POINT('',(130.9,122.15432893255,-74.10050506338));
#5419 = DIRECTION('',(0.,-0.707106781187,0.707106781187));
#5420 = DIRECTION('',(-4.4E-16,0.707106781187,0.707106781187));
#5421 = ADVANCED_FACE('',(#5422),#5433,.T.);
#5422 = FACE_BOUND('',#5423,.T.);
#5423 = EDGE_LOOP('',(#5424,#5425,#5431,#5432));
#5424 = ORIENTED_EDGE('',*,*,#964,.F.);
#5425 = ORIENTED_EDGE('',*,*,#5426,.T.);
#5426 = EDGE_CURVE('',#957,#1087,#5427,.T.);
#5427 = LINE('',#5428,#5429);
#5428 = CARTESIAN_POINT('',(130.9,116.49747468305,-54.30151519016));
#5429 = VECTOR('',#5430,1.);
#5430 = DIRECTION('',(1.,0.,0.));
#5431 = ORIENTED_EDGE('',*,*,#1086,.F.);
#5432 = ORIENTED_EDGE('',*,*,#5392,.F.);
#5433 = PLANE('',#5434);
#5434 = AXIS2_PLACEMENT_3D('',#5435,#5436,#5437);
#5435 = CARTESIAN_POINT('',(130.9,116.49747468305,-54.30151519016));
#5436 = DIRECTION('',(0.,0.707106781187,-0.707106781187));
#5437 = DIRECTION('',(4.4E-16,-0.707106781187,-0.707106781187));
#5438 = ADVANCED_FACE('',(#5439),#5450,.T.);
#5439 = FACE_BOUND('',#5440,.T.);
#5440 = EDGE_LOOP('',(#5441,#5442,#5443,#5444));
#5441 = ORIENTED_EDGE('',*,*,#948,.F.);
#5442 = ORIENTED_EDGE('',*,*,#5411,.T.);
#5443 = ORIENTED_EDGE('',*,*,#1052,.F.);
#5444 = ORIENTED_EDGE('',*,*,#5445,.F.);
#5445 = EDGE_CURVE('',#949,#1053,#5446,.T.);
#5446 = LINE('',#5447,#5448);
#5447 = CARTESIAN_POINT('',(130.9,124.98275605729,-54.30151519016));
#5448 = VECTOR('',#5449,1.);
#5449 = DIRECTION('',(1.,0.,0.));
#5450 = PLANE('',#5451);
#5451 = AXIS2_PLACEMENT_3D('',#5452,#5453,#5454);
#5452 = CARTESIAN_POINT('',(130.9,133.46803743153,-62.7867965644));
#5453 = DIRECTION('',(0.,-0.707106781187,-0.707106781187));
#5454 = DIRECTION('',(2.2E-16,-0.707106781187,0.707106781187));
#5455 = ADVANCED_FACE('',(#5456),#5462,.T.);
#5456 = FACE_BOUND('',#5457,.T.);
#5457 = EDGE_LOOP('',(#5458,#5459,#5460,#5461));
#5458 = ORIENTED_EDGE('',*,*,#956,.F.);
#5459 = ORIENTED_EDGE('',*,*,#5445,.T.);
#5460 = ORIENTED_EDGE('',*,*,#1094,.F.);
#5461 = ORIENTED_EDGE('',*,*,#5426,.F.);
#5462 = PLANE('',#5463);
#5463 = AXIS2_PLACEMENT_3D('',#5464,#5465,#5466);
#5464 = CARTESIAN_POINT('',(130.9,124.98275605729,-54.30151519016));
#5465 = DIRECTION('',(0.,8.326672684689E-16,-1.));
#5466 = DIRECTION('',(4.7E-16,-1.,-8.326672684689E-16));
#5467 = ADVANCED_FACE('',(#5468),#5514,.F.);
#5468 = FACE_BOUND('',#5469,.F.);
#5469 = EDGE_LOOP('',(#5470,#5471,#5472,#5473,#5479,#5480,#5486,#5487,
    #5493,#5494,#5500,#5501,#5507,#5508));
#5470 = ORIENTED_EDGE('',*,*,#2774,.F.);
#5471 = ORIENTED_EDGE('',*,*,#1011,.T.);
#5472 = ORIENTED_EDGE('',*,*,#3570,.T.);
#5473 = ORIENTED_EDGE('',*,*,#5474,.F.);
#5474 = EDGE_CURVE('',#3729,#3571,#5475,.T.);
#5475 = LINE('',#5476,#5477);
#5476 = CARTESIAN_POINT('',(121.,118.61879502661,-87.53553390593));
#5477 = VECTOR('',#5478,1.);
#5478 = DIRECTION('',(0.,-0.707106781187,0.707106781187));
#5479 = ORIENTED_EDGE('',*,*,#3736,.T.);
#5480 = ORIENTED_EDGE('',*,*,#5481,.T.);
#5481 = EDGE_CURVE('',#3737,#3233,#5482,.T.);
#5482 = LINE('',#5483,#5484);
#5483 = CARTESIAN_POINT('',(121.,119.60874452027,-90.78822509939));
#5484 = VECTOR('',#5485,1.);
#5485 = DIRECTION('',(0.,0.707106781187,-0.707106781187));
#5486 = ORIENTED_EDGE('',*,*,#3240,.F.);
#5487 = ORIENTED_EDGE('',*,*,#5488,.T.);
#5488 = EDGE_CURVE('',#3217,#3761,#5489,.T.);
#5489 = LINE('',#5490,#5491);
#5490 = CARTESIAN_POINT('',(121.,126.39696961967,-84.));
#5491 = VECTOR('',#5492,1.);
#5492 = DIRECTION('',(0.,-0.707106781187,0.707106781187));
#5493 = ORIENTED_EDGE('',*,*,#3768,.F.);
#5494 = ORIENTED_EDGE('',*,*,#5495,.T.);
#5495 = EDGE_CURVE('',#3769,#3267,#5496,.T.);
#5496 = LINE('',#5497,#5498);
#5497 = CARTESIAN_POINT('',(121.,128.09402589451,-82.30294372515));
#5498 = VECTOR('',#5499,1.);
#5499 = DIRECTION('',(0.,0.707106781187,-0.707106781187));
#5500 = ORIENTED_EDGE('',*,*,#3274,.F.);
#5501 = ORIENTED_EDGE('',*,*,#5502,.T.);
#5502 = EDGE_CURVE('',#3251,#3793,#5503,.T.);
#5503 = LINE('',#5504,#5505);
#5504 = CARTESIAN_POINT('',(121.,134.8822509939,-75.51471862576));
#5505 = VECTOR('',#5506,1.);
#5506 = DIRECTION('',(0.,-0.707106781187,0.707106781187));
#5507 = ORIENTED_EDGE('',*,*,#3800,.F.);
#5508 = ORIENTED_EDGE('',*,*,#5509,.T.);
#5509 = EDGE_CURVE('',#3801,#2767,#5510,.T.);
#5510 = LINE('',#5511,#5512);
#5511 = CARTESIAN_POINT('',(121.,136.57930726875,-73.81766235091));
#5512 = VECTOR('',#5513,1.);
#5513 = DIRECTION('',(0.,0.707106781187,-0.707106781187));
#5514 = PLANE('',#5515);
#5515 = AXIS2_PLACEMENT_3D('',#5516,#5517,#5518);
#5516 = CARTESIAN_POINT('',(121.,143.36753236814,-67.02943725152));
#5517 = DIRECTION('',(1.,0.,0.));
#5518 = DIRECTION('',(0.,-0.707106781187,-0.707106781187));
#5519 = ADVANCED_FACE('',(#5520),#5526,.T.);
#5520 = FACE_BOUND('',#5521,.T.);
#5521 = EDGE_LOOP('',(#5522,#5523,#5524,#5525));
#5522 = ORIENTED_EDGE('',*,*,#995,.T.);
#5523 = ORIENTED_EDGE('',*,*,#1042,.T.);
#5524 = ORIENTED_EDGE('',*,*,#1382,.F.);
#5525 = ORIENTED_EDGE('',*,*,#2781,.F.);
#5526 = PLANE('',#5527);
#5527 = AXIS2_PLACEMENT_3D('',#5528,#5529,#5530);
#5528 = CARTESIAN_POINT('',(140.,141.24621202458,-63.49390334559));
#5529 = DIRECTION('',(0.707106781187,0.5,-0.5));
#5530 = DIRECTION('',(-0.707106781187,0.5,-0.5));
#5531 = ADVANCED_FACE('',(#5532),#5543,.T.);
#5532 = FACE_BOUND('',#5533,.T.);
#5533 = EDGE_LOOP('',(#5534,#5535,#5536,#5537));
#5534 = ORIENTED_EDGE('',*,*,#5121,.F.);
#5535 = ORIENTED_EDGE('',*,*,#5280,.T.);
#5536 = ORIENTED_EDGE('',*,*,#1136,.F.);
#5537 = ORIENTED_EDGE('',*,*,#5538,.F.);
#5538 = EDGE_CURVE('',#5122,#1129,#5539,.T.);
#5539 = LINE('',#5540,#5541);
#5540 = CARTESIAN_POINT('',(130.9,99.526911934581,-71.27207793864));
#5541 = VECTOR('',#5542,1.);
#5542 = DIRECTION('',(1.,0.,0.));
#5543 = PLANE('',#5544);
#5544 = AXIS2_PLACEMENT_3D('',#5545,#5546,#5547);
#5545 = CARTESIAN_POINT('',(130.9,102.35533905932,-68.44365081389));
#5546 = DIRECTION('',(0.,0.707106781187,-0.707106781187));
#5547 = DIRECTION('',(4.4E-16,-0.707106781187,-0.707106781187));
#5548 = ADVANCED_FACE('',(#5549),#5567,.T.);
#5549 = FACE_BOUND('',#5550,.T.);
#5550 = EDGE_LOOP('',(#5551,#5559,#5565,#5566));
#5551 = ORIENTED_EDGE('',*,*,#5552,.T.);
#5552 = EDGE_CURVE('',#5322,#5553,#5555,.T.);
#5553 = VERTEX_POINT('',#5554);
#5554 = CARTESIAN_POINT('',(135.,99.526911934581,-79.75735931288));
#5555 = LINE('',#5556,#5557);
#5556 = CARTESIAN_POINT('',(135.,107.30508652763,-87.53553390593));
#5557 = VECTOR('',#5558,1.);
#5558 = DIRECTION('',(0.,-0.707106781187,0.707106781187));
#5559 = ORIENTED_EDGE('',*,*,#5560,.T.);
#5560 = EDGE_CURVE('',#5553,#1121,#5561,.T.);
#5561 = LINE('',#5562,#5563);
#5562 = CARTESIAN_POINT('',(130.9,99.526911934581,-79.75735931288));
#5563 = VECTOR('',#5564,1.);
#5564 = DIRECTION('',(1.,0.,0.));
#5565 = ORIENTED_EDGE('',*,*,#1120,.F.);
#5566 = ORIENTED_EDGE('',*,*,#5329,.F.);
#5567 = PLANE('',#5568);
#5568 = AXIS2_PLACEMENT_3D('',#5569,#5570,#5571);
#5569 = CARTESIAN_POINT('',(130.9,99.526911934581,-79.75735931288));
#5570 = DIRECTION('',(0.,0.707106781187,0.707106781187));
#5571 = DIRECTION('',(-2.2E-16,0.707106781187,-0.707106781187));
#5572 = ADVANCED_FACE('',(#5573),#5585,.T.);
#5573 = FACE_BOUND('',#5574,.T.);
#5574 = EDGE_LOOP('',(#5575,#5576,#5577,#5578,#5579));
#5575 = ORIENTED_EDGE('',*,*,#5129,.F.);
#5576 = ORIENTED_EDGE('',*,*,#5538,.T.);
#5577 = ORIENTED_EDGE('',*,*,#1128,.F.);
#5578 = ORIENTED_EDGE('',*,*,#5560,.F.);
#5579 = ORIENTED_EDGE('',*,*,#5580,.T.);
#5580 = EDGE_CURVE('',#5553,#5130,#5581,.T.);
#5581 = LINE('',#5582,#5583);
#5582 = CARTESIAN_POINT('',(135.,99.526911934581,-69.15075759508));
#5583 = VECTOR('',#5584,1.);
#5584 = DIRECTION('',(0.,-8.326672684689E-16,1.));
#5585 = PLANE('',#5586);
#5586 = AXIS2_PLACEMENT_3D('',#5587,#5588,#5589);
#5587 = CARTESIAN_POINT('',(130.9,99.526911934581,-71.27207793864));
#5588 = DIRECTION('',(0.,1.,8.326672684689E-16));
#5589 = DIRECTION('',(1.6E-16,8.326672684689E-16,-1.));
#5590 = ADVANCED_FACE('',(#5591),#5616,.T.);
#5591 = FACE_BOUND('',#5592,.T.);
#5592 = EDGE_LOOP('',(#5593,#5603,#5609,#5610));
#5593 = ORIENTED_EDGE('',*,*,#5594,.T.);
#5594 = EDGE_CURVE('',#5595,#5597,#5599,.T.);
#5595 = VERTEX_POINT('',#5596);
#5596 = CARTESIAN_POINT('',(135.,96.698484809835,-82.58578643762));
#5597 = VERTEX_POINT('',#5598);
#5598 = CARTESIAN_POINT('',(135.,105.18376618407,-91.07106781186));
#5599 = LINE('',#5600,#5601);
#5600 = CARTESIAN_POINT('',(135.,108.71930009,-94.60660171779));
#5601 = VECTOR('',#5602,1.);
#5602 = DIRECTION('',(0.,0.707106781187,-0.707106781187));
#5603 = ORIENTED_EDGE('',*,*,#5604,.T.);
#5604 = EDGE_CURVE('',#5597,#1155,#5605,.T.);
#5605 = LINE('',#5606,#5607);
#5606 = CARTESIAN_POINT('',(130.9,105.18376618407,-91.07106781186));
#5607 = VECTOR('',#5608,1.);
#5608 = DIRECTION('',(1.,0.,0.));
#5609 = ORIENTED_EDGE('',*,*,#1152,.F.);
#5610 = ORIENTED_EDGE('',*,*,#5611,.F.);
#5611 = EDGE_CURVE('',#5595,#1153,#5612,.T.);
#5612 = LINE('',#5613,#5614);
#5613 = CARTESIAN_POINT('',(130.9,96.698484809835,-82.58578643762));
#5614 = VECTOR('',#5615,1.);
#5615 = DIRECTION('',(1.,0.,0.));
#5616 = PLANE('',#5617);
#5617 = AXIS2_PLACEMENT_3D('',#5618,#5619,#5620);
#5618 = CARTESIAN_POINT('',(130.9,105.18376618407,-91.07106781186));
#5619 = DIRECTION('',(0.,-0.707106781187,-0.707106781187));
#5620 = DIRECTION('',(2.2E-16,-0.707106781187,0.707106781187));
#5621 = ADVANCED_FACE('',(#5622),#5639,.T.);
#5622 = FACE_BOUND('',#5623,.T.);
#5623 = EDGE_LOOP('',(#5624,#5630,#5631,#5632,#5638));
#5624 = ORIENTED_EDGE('',*,*,#5625,.T.);
#5625 = EDGE_CURVE('',#5138,#5595,#5626,.T.);
#5626 = LINE('',#5627,#5628);
#5627 = CARTESIAN_POINT('',(135.,120.03300858899,-82.58578643762));
#5628 = VECTOR('',#5629,1.);
#5629 = DIRECTION('',(0.,1.,8.326672684689E-16));
#5630 = ORIENTED_EDGE('',*,*,#5611,.T.);
#5631 = ORIENTED_EDGE('',*,*,#1194,.F.);
#5632 = ORIENTED_EDGE('',*,*,#5633,.F.);
#5633 = EDGE_CURVE('',#5146,#1187,#5634,.T.);
#5634 = LINE('',#5635,#5636);
#5635 = CARTESIAN_POINT('',(130.9,88.213203435596,-82.58578643762));
#5636 = VECTOR('',#5637,1.);
#5637 = DIRECTION('',(1.,0.,0.));
#5638 = ORIENTED_EDGE('',*,*,#5145,.F.);
#5639 = PLANE('',#5640);
#5640 = AXIS2_PLACEMENT_3D('',#5641,#5642,#5643);
#5641 = CARTESIAN_POINT('',(130.9,96.698484809835,-82.58578643762));
#5642 = DIRECTION('',(0.,8.326672684689E-16,-1.));
#5643 = DIRECTION('',(4.7E-16,-1.,-8.326672684689E-16));
#5644 = ADVANCED_FACE('',(#5645),#5663,.T.);
#5645 = FACE_BOUND('',#5646,.T.);
#5646 = EDGE_LOOP('',(#5647,#5655,#5661,#5662));
#5647 = ORIENTED_EDGE('',*,*,#5648,.T.);
#5648 = EDGE_CURVE('',#5597,#5649,#5651,.T.);
#5649 = VERTEX_POINT('',#5650);
#5650 = CARTESIAN_POINT('',(135.,93.870057685089,-102.3847763108));
#5651 = LINE('',#5652,#5653);
#5652 = CARTESIAN_POINT('',(135.,115.08326112068,-81.17157287525));
#5653 = VECTOR('',#5654,1.);
#5654 = DIRECTION('',(0.,-0.707106781187,-0.707106781187));
#5655 = ORIENTED_EDGE('',*,*,#5656,.T.);
#5656 = EDGE_CURVE('',#5649,#1163,#5657,.T.);
#5657 = LINE('',#5658,#5659);
#5658 = CARTESIAN_POINT('',(130.9,93.870057685089,-102.3847763108));
#5659 = VECTOR('',#5660,1.);
#5660 = DIRECTION('',(1.,0.,0.));
#5661 = ORIENTED_EDGE('',*,*,#1162,.F.);
#5662 = ORIENTED_EDGE('',*,*,#5604,.F.);
#5663 = PLANE('',#5664);
#5664 = AXIS2_PLACEMENT_3D('',#5665,#5666,#5667);
#5665 = CARTESIAN_POINT('',(130.9,93.870057685089,-102.3847763108));
#5666 = DIRECTION('',(0.,-0.707106781187,0.707106781187));
#5667 = DIRECTION('',(-4.4E-16,0.707106781187,0.707106781187));
#5668 = ADVANCED_FACE('',(#5669),#5680,.T.);
#5669 = FACE_BOUND('',#5670,.T.);
#5670 = EDGE_LOOP('',(#5671,#5672,#5673,#5674));
#5671 = ORIENTED_EDGE('',*,*,#5153,.F.);
#5672 = ORIENTED_EDGE('',*,*,#5633,.T.);
#5673 = ORIENTED_EDGE('',*,*,#1186,.F.);
#5674 = ORIENTED_EDGE('',*,*,#5675,.F.);
#5675 = EDGE_CURVE('',#5154,#1179,#5676,.T.);
#5676 = LINE('',#5677,#5678);
#5677 = CARTESIAN_POINT('',(130.9,85.38477631085,-85.41421356237));
#5678 = VECTOR('',#5679,1.);
#5679 = DIRECTION('',(1.,0.,0.));
#5680 = PLANE('',#5681);
#5681 = AXIS2_PLACEMENT_3D('',#5682,#5683,#5684);
#5682 = CARTESIAN_POINT('',(130.9,88.213203435596,-82.58578643762));
#5683 = DIRECTION('',(0.,0.707106781187,-0.707106781187));
#5684 = DIRECTION('',(4.4E-16,-0.707106781187,-0.707106781187));
#5685 = ADVANCED_FACE('',(#5686),#5704,.T.);
#5686 = FACE_BOUND('',#5687,.T.);
#5687 = EDGE_LOOP('',(#5688,#5696,#5702,#5703));
#5688 = ORIENTED_EDGE('',*,*,#5689,.T.);
#5689 = EDGE_CURVE('',#5649,#5690,#5692,.T.);
#5690 = VERTEX_POINT('',#5691);
#5691 = CARTESIAN_POINT('',(135.,85.38477631085,-93.89949493661));
#5692 = LINE('',#5693,#5694);
#5693 = CARTESIAN_POINT('',(135.,93.162950903902,-101.6776695296));
#5694 = VECTOR('',#5695,1.);
#5695 = DIRECTION('',(0.,-0.707106781187,0.707106781187));
#5696 = ORIENTED_EDGE('',*,*,#5697,.T.);
#5697 = EDGE_CURVE('',#5690,#1171,#5698,.T.);
#5698 = LINE('',#5699,#5700);
#5699 = CARTESIAN_POINT('',(130.9,85.38477631085,-93.89949493661));
#5700 = VECTOR('',#5701,1.);
#5701 = DIRECTION('',(1.,0.,0.));
#5702 = ORIENTED_EDGE('',*,*,#1170,.F.);
#5703 = ORIENTED_EDGE('',*,*,#5656,.F.);
#5704 = PLANE('',#5705);
#5705 = AXIS2_PLACEMENT_3D('',#5706,#5707,#5708);
#5706 = CARTESIAN_POINT('',(130.9,85.38477631085,-93.89949493661));
#5707 = DIRECTION('',(0.,0.707106781187,0.707106781187));
#5708 = DIRECTION('',(-2.2E-16,0.707106781187,-0.707106781187));
#5709 = ADVANCED_FACE('',(#5710),#5722,.T.);
#5710 = FACE_BOUND('',#5711,.T.);
#5711 = EDGE_LOOP('',(#5712,#5713,#5714,#5715,#5716));
#5712 = ORIENTED_EDGE('',*,*,#5161,.F.);
#5713 = ORIENTED_EDGE('',*,*,#5675,.T.);
#5714 = ORIENTED_EDGE('',*,*,#1178,.F.);
#5715 = ORIENTED_EDGE('',*,*,#5697,.F.);
#5716 = ORIENTED_EDGE('',*,*,#5717,.T.);
#5717 = EDGE_CURVE('',#5690,#5162,#5718,.T.);
#5718 = LINE('',#5719,#5720);
#5719 = CARTESIAN_POINT('',(135.,85.38477631085,-76.22182540694));
#5720 = VECTOR('',#5721,1.);
#5721 = DIRECTION('',(0.,-8.326672684689E-16,1.));
#5722 = PLANE('',#5723);
#5723 = AXIS2_PLACEMENT_3D('',#5724,#5725,#5726);
#5724 = CARTESIAN_POINT('',(130.9,85.38477631085,-85.41421356237));
#5725 = DIRECTION('',(0.,1.,8.326672684689E-16));
#5726 = DIRECTION('',(1.6E-16,8.326672684689E-16,-1.));
#5727 = ADVANCED_FACE('',(#5728),#5753,.T.);
#5728 = FACE_BOUND('',#5729,.T.);
#5729 = EDGE_LOOP('',(#5730,#5740,#5746,#5747));
#5730 = ORIENTED_EDGE('',*,*,#5731,.T.);
#5731 = EDGE_CURVE('',#5732,#5734,#5736,.T.);
#5732 = VERTEX_POINT('',#5733);
#5733 = CARTESIAN_POINT('',(135.,82.556349186104,-96.72792206135));
#5734 = VERTEX_POINT('',#5735);
#5735 = CARTESIAN_POINT('',(135.,91.041630560343,-105.2132034355));
#5736 = LINE('',#5737,#5738);
#5737 = CARTESIAN_POINT('',(135.,94.577164466275,-108.7487373415));
#5738 = VECTOR('',#5739,1.);
#5739 = DIRECTION('',(0.,0.707106781187,-0.707106781187));
#5740 = ORIENTED_EDGE('',*,*,#5741,.T.);
#5741 = EDGE_CURVE('',#5734,#1205,#5742,.T.);
#5742 = LINE('',#5743,#5744);
#5743 = CARTESIAN_POINT('',(130.9,91.041630560343,-105.2132034355));
#5744 = VECTOR('',#5745,1.);
#5745 = DIRECTION('',(1.,0.,0.));
#5746 = ORIENTED_EDGE('',*,*,#1202,.F.);
#5747 = ORIENTED_EDGE('',*,*,#5748,.F.);
#5748 = EDGE_CURVE('',#5732,#1203,#5749,.T.);
#5749 = LINE('',#5750,#5751);
#5750 = CARTESIAN_POINT('',(130.9,82.556349186104,-96.72792206135));
#5751 = VECTOR('',#5752,1.);
#5752 = DIRECTION('',(1.,0.,0.));
#5753 = PLANE('',#5754);
#5754 = AXIS2_PLACEMENT_3D('',#5755,#5756,#5757);
#5755 = CARTESIAN_POINT('',(130.9,91.041630560343,-105.2132034355));
#5756 = DIRECTION('',(0.,-0.707106781187,-0.707106781187));
#5757 = DIRECTION('',(2.2E-16,-0.707106781187,0.707106781187));
#5758 = ADVANCED_FACE('',(#5759),#5776,.T.);
#5759 = FACE_BOUND('',#5760,.T.);
#5760 = EDGE_LOOP('',(#5761,#5767,#5768,#5769,#5775));
#5761 = ORIENTED_EDGE('',*,*,#5762,.T.);
#5762 = EDGE_CURVE('',#5170,#5732,#5763,.T.);
#5763 = LINE('',#5764,#5765);
#5764 = CARTESIAN_POINT('',(135.,112.96194077712,-96.72792206135));
#5765 = VECTOR('',#5766,1.);
#5766 = DIRECTION('',(0.,1.,8.326672684689E-16));
#5767 = ORIENTED_EDGE('',*,*,#5748,.T.);
#5768 = ORIENTED_EDGE('',*,*,#1244,.F.);
#5769 = ORIENTED_EDGE('',*,*,#5770,.F.);
#5770 = EDGE_CURVE('',#5178,#1237,#5771,.T.);
#5771 = LINE('',#5772,#5773);
#5772 = CARTESIAN_POINT('',(130.9,74.071067811866,-96.72792206135));
#5773 = VECTOR('',#5774,1.);
#5774 = DIRECTION('',(1.,0.,0.));
#5775 = ORIENTED_EDGE('',*,*,#5177,.F.);
#5776 = PLANE('',#5777);
#5777 = AXIS2_PLACEMENT_3D('',#5778,#5779,#5780);
#5778 = CARTESIAN_POINT('',(130.9,82.556349186104,-96.72792206135));
#5779 = DIRECTION('',(0.,8.326672684689E-16,-1.));
#5780 = DIRECTION('',(4.7E-16,-1.,-8.326672684689E-16));
#5781 = ADVANCED_FACE('',(#5782),#5800,.T.);
#5782 = FACE_BOUND('',#5783,.T.);
#5783 = EDGE_LOOP('',(#5784,#5792,#5798,#5799));
#5784 = ORIENTED_EDGE('',*,*,#5785,.T.);
#5785 = EDGE_CURVE('',#5734,#5786,#5788,.T.);
#5786 = VERTEX_POINT('',#5787);
#5787 = CARTESIAN_POINT('',(135.,79.727922061358,-116.5269119345));
#5788 = LINE('',#5789,#5790);
#5789 = CARTESIAN_POINT('',(135.,108.01219330882,-88.24264068711));
#5790 = VECTOR('',#5791,1.);
#5791 = DIRECTION('',(0.,-0.707106781187,-0.707106781187));
#5792 = ORIENTED_EDGE('',*,*,#5793,.T.);
#5793 = EDGE_CURVE('',#5786,#1213,#5794,.T.);
#5794 = LINE('',#5795,#5796);
#5795 = CARTESIAN_POINT('',(130.9,79.727922061358,-116.5269119345));
#5796 = VECTOR('',#5797,1.);
#5797 = DIRECTION('',(1.,0.,0.));
#5798 = ORIENTED_EDGE('',*,*,#1212,.F.);
#5799 = ORIENTED_EDGE('',*,*,#5741,.F.);
#5800 = PLANE('',#5801);
#5801 = AXIS2_PLACEMENT_3D('',#5802,#5803,#5804);
#5802 = CARTESIAN_POINT('',(130.9,79.727922061358,-116.5269119345));
#5803 = DIRECTION('',(0.,-0.707106781187,0.707106781187));
#5804 = DIRECTION('',(-4.4E-16,0.707106781187,0.707106781187));
#5805 = ADVANCED_FACE('',(#5806),#5817,.T.);
#5806 = FACE_BOUND('',#5807,.T.);
#5807 = EDGE_LOOP('',(#5808,#5809,#5810,#5811));
#5808 = ORIENTED_EDGE('',*,*,#5185,.F.);
#5809 = ORIENTED_EDGE('',*,*,#5770,.T.);
#5810 = ORIENTED_EDGE('',*,*,#1236,.F.);
#5811 = ORIENTED_EDGE('',*,*,#5812,.F.);
#5812 = EDGE_CURVE('',#5186,#1229,#5813,.T.);
#5813 = LINE('',#5814,#5815);
#5814 = CARTESIAN_POINT('',(130.9,71.242640687119,-99.5563491861));
#5815 = VECTOR('',#5816,1.);
#5816 = DIRECTION('',(1.,0.,0.));
#5817 = PLANE('',#5818);
#5818 = AXIS2_PLACEMENT_3D('',#5819,#5820,#5821);
#5819 = CARTESIAN_POINT('',(130.9,74.071067811866,-96.72792206135));
#5820 = DIRECTION('',(0.,0.707106781187,-0.707106781187));
#5821 = DIRECTION('',(4.4E-16,-0.707106781187,-0.707106781187));
#5822 = ADVANCED_FACE('',(#5823),#5841,.T.);
#5823 = FACE_BOUND('',#5824,.T.);
#5824 = EDGE_LOOP('',(#5825,#5833,#5839,#5840));
#5825 = ORIENTED_EDGE('',*,*,#5826,.T.);
#5826 = EDGE_CURVE('',#5786,#5827,#5829,.T.);
#5827 = VERTEX_POINT('',#5828);
#5828 = CARTESIAN_POINT('',(135.,71.242640687119,-108.0416305603));
#5829 = LINE('',#5830,#5831);
#5830 = CARTESIAN_POINT('',(135.,79.020815280171,-115.8198051533));
#5831 = VECTOR('',#5832,1.);
#5832 = DIRECTION('',(0.,-0.707106781187,0.707106781187));
#5833 = ORIENTED_EDGE('',*,*,#5834,.T.);
#5834 = EDGE_CURVE('',#5827,#1221,#5835,.T.);
#5835 = LINE('',#5836,#5837);
#5836 = CARTESIAN_POINT('',(130.9,71.242640687119,-108.0416305603));
#5837 = VECTOR('',#5838,1.);
#5838 = DIRECTION('',(1.,0.,0.));
#5839 = ORIENTED_EDGE('',*,*,#1220,.F.);
#5840 = ORIENTED_EDGE('',*,*,#5793,.F.);
#5841 = PLANE('',#5842);
#5842 = AXIS2_PLACEMENT_3D('',#5843,#5844,#5845);
#5843 = CARTESIAN_POINT('',(130.9,71.242640687119,-108.0416305603));
#5844 = DIRECTION('',(0.,0.707106781187,0.707106781187));
#5845 = DIRECTION('',(-2.2E-16,0.707106781187,-0.707106781187));
#5846 = ADVANCED_FACE('',(#5847),#5859,.T.);
#5847 = FACE_BOUND('',#5848,.T.);
#5848 = EDGE_LOOP('',(#5849,#5850,#5851,#5852,#5853));
#5849 = ORIENTED_EDGE('',*,*,#5193,.F.);
#5850 = ORIENTED_EDGE('',*,*,#5812,.T.);
#5851 = ORIENTED_EDGE('',*,*,#1228,.F.);
#5852 = ORIENTED_EDGE('',*,*,#5834,.F.);
#5853 = ORIENTED_EDGE('',*,*,#5854,.T.);
#5854 = EDGE_CURVE('',#5827,#5194,#5855,.T.);
#5855 = LINE('',#5856,#5857);
#5856 = CARTESIAN_POINT('',(135.,71.242640687119,-83.29289321881));
#5857 = VECTOR('',#5858,1.);
#5858 = DIRECTION('',(0.,-8.326672684689E-16,1.));
#5859 = PLANE('',#5860);
#5860 = AXIS2_PLACEMENT_3D('',#5861,#5862,#5863);
#5861 = CARTESIAN_POINT('',(130.9,71.242640687119,-99.5563491861));
#5862 = DIRECTION('',(0.,1.,8.326672684689E-16));
#5863 = DIRECTION('',(1.6E-16,8.326672684689E-16,-1.));
#5864 = ADVANCED_FACE('',(#5865),#5890,.T.);
#5865 = FACE_BOUND('',#5866,.T.);
#5866 = EDGE_LOOP('',(#5867,#5877,#5883,#5884));
#5867 = ORIENTED_EDGE('',*,*,#5868,.T.);
#5868 = EDGE_CURVE('',#5869,#5871,#5873,.T.);
#5869 = VERTEX_POINT('',#5870);
#5870 = CARTESIAN_POINT('',(135.,68.414213562373,-110.870057685));
#5871 = VERTEX_POINT('',#5872);
#5872 = CARTESIAN_POINT('',(135.,76.899494936612,-119.3553390593));
#5873 = LINE('',#5874,#5875);
#5874 = CARTESIAN_POINT('',(135.,80.435028842544,-122.8908729652));
#5875 = VECTOR('',#5876,1.);
#5876 = DIRECTION('',(0.,0.707106781187,-0.707106781187));
#5877 = ORIENTED_EDGE('',*,*,#5878,.T.);
#5878 = EDGE_CURVE('',#5871,#1255,#5879,.T.);
#5879 = LINE('',#5880,#5881);
#5880 = CARTESIAN_POINT('',(130.9,76.899494936612,-119.3553390593));
#5881 = VECTOR('',#5882,1.);
#5882 = DIRECTION('',(1.,0.,0.));
#5883 = ORIENTED_EDGE('',*,*,#1252,.F.);
#5884 = ORIENTED_EDGE('',*,*,#5885,.F.);
#5885 = EDGE_CURVE('',#5869,#1253,#5886,.T.);
#5886 = LINE('',#5887,#5888);
#5887 = CARTESIAN_POINT('',(130.9,68.414213562373,-110.870057685));
#5888 = VECTOR('',#5889,1.);
#5889 = DIRECTION('',(1.,0.,0.));
#5890 = PLANE('',#5891);
#5891 = AXIS2_PLACEMENT_3D('',#5892,#5893,#5894);
#5892 = CARTESIAN_POINT('',(130.9,76.899494936612,-119.3553390593));
#5893 = DIRECTION('',(0.,-0.707106781187,-0.707106781187));
#5894 = DIRECTION('',(2.2E-16,-0.707106781187,0.707106781187));
#5895 = ADVANCED_FACE('',(#5896),#5913,.T.);
#5896 = FACE_BOUND('',#5897,.T.);
#5897 = EDGE_LOOP('',(#5898,#5904,#5905,#5906,#5912));
#5898 = ORIENTED_EDGE('',*,*,#5899,.T.);
#5899 = EDGE_CURVE('',#5202,#5869,#5900,.T.);
#5900 = LINE('',#5901,#5902);
#5901 = CARTESIAN_POINT('',(135.,105.89087296526,-110.870057685));
#5902 = VECTOR('',#5903,1.);
#5903 = DIRECTION('',(0.,1.,8.326672684689E-16));
#5904 = ORIENTED_EDGE('',*,*,#5885,.T.);
#5905 = ORIENTED_EDGE('',*,*,#1294,.F.);
#5906 = ORIENTED_EDGE('',*,*,#5907,.F.);
#5907 = EDGE_CURVE('',#5210,#1287,#5908,.T.);
#5908 = LINE('',#5909,#5910);
#5909 = CARTESIAN_POINT('',(130.9,59.928932188135,-110.870057685));
#5910 = VECTOR('',#5911,1.);
#5911 = DIRECTION('',(1.,0.,0.));
#5912 = ORIENTED_EDGE('',*,*,#5209,.F.);
#5913 = PLANE('',#5914);
#5914 = AXIS2_PLACEMENT_3D('',#5915,#5916,#5917);
#5915 = CARTESIAN_POINT('',(130.9,68.414213562373,-110.870057685));
#5916 = DIRECTION('',(0.,8.326672684689E-16,-1.));
#5917 = DIRECTION('',(4.7E-16,-1.,-8.326672684689E-16));
#5918 = ADVANCED_FACE('',(#5919),#5937,.T.);
#5919 = FACE_BOUND('',#5920,.T.);
#5920 = EDGE_LOOP('',(#5921,#5929,#5935,#5936));
#5921 = ORIENTED_EDGE('',*,*,#5922,.T.);
#5922 = EDGE_CURVE('',#5871,#5923,#5925,.T.);
#5923 = VERTEX_POINT('',#5924);
#5924 = CARTESIAN_POINT('',(135.,65.585786437627,-130.6690475583));
#5925 = LINE('',#5926,#5927);
#5926 = CARTESIAN_POINT('',(135.,100.94112549695,-95.31370849898));
#5927 = VECTOR('',#5928,1.);
#5928 = DIRECTION('',(0.,-0.707106781187,-0.707106781187));
#5929 = ORIENTED_EDGE('',*,*,#5930,.T.);
#5930 = EDGE_CURVE('',#5923,#1263,#5931,.T.);
#5931 = LINE('',#5932,#5933);
#5932 = CARTESIAN_POINT('',(130.9,65.585786437627,-130.6690475583));
#5933 = VECTOR('',#5934,1.);
#5934 = DIRECTION('',(1.,0.,0.));
#5935 = ORIENTED_EDGE('',*,*,#1262,.F.);
#5936 = ORIENTED_EDGE('',*,*,#5878,.F.);
#5937 = PLANE('',#5938);
#5938 = AXIS2_PLACEMENT_3D('',#5939,#5940,#5941);
#5939 = CARTESIAN_POINT('',(130.9,65.585786437627,-130.6690475583));
#5940 = DIRECTION('',(0.,-0.707106781187,0.707106781187));
#5941 = DIRECTION('',(-4.4E-16,0.707106781187,0.707106781187));
#5942 = ADVANCED_FACE('',(#5943),#5954,.T.);
#5943 = FACE_BOUND('',#5944,.T.);
#5944 = EDGE_LOOP('',(#5945,#5946,#5947,#5948));
#5945 = ORIENTED_EDGE('',*,*,#5217,.F.);
#5946 = ORIENTED_EDGE('',*,*,#5907,.T.);
#5947 = ORIENTED_EDGE('',*,*,#1286,.F.);
#5948 = ORIENTED_EDGE('',*,*,#5949,.F.);
#5949 = EDGE_CURVE('',#5218,#1279,#5950,.T.);
#5950 = LINE('',#5951,#5952);
#5951 = CARTESIAN_POINT('',(130.9,57.100505063388,-113.6984848098));
#5952 = VECTOR('',#5953,1.);
#5953 = DIRECTION('',(1.,0.,0.));
#5954 = PLANE('',#5955);
#5955 = AXIS2_PLACEMENT_3D('',#5956,#5957,#5958);
#5956 = CARTESIAN_POINT('',(130.9,59.928932188135,-110.870057685));
#5957 = DIRECTION('',(0.,0.707106781187,-0.707106781187));
#5958 = DIRECTION('',(4.4E-16,-0.707106781187,-0.707106781187));
#5959 = ADVANCED_FACE('',(#5960),#5978,.T.);
#5960 = FACE_BOUND('',#5961,.T.);
#5961 = EDGE_LOOP('',(#5962,#5970,#5976,#5977));
#5962 = ORIENTED_EDGE('',*,*,#5963,.T.);
#5963 = EDGE_CURVE('',#5923,#5964,#5966,.T.);
#5964 = VERTEX_POINT('',#5965);
#5965 = CARTESIAN_POINT('',(135.,57.100505063388,-122.183766184));
#5966 = LINE('',#5967,#5968);
#5967 = CARTESIAN_POINT('',(135.,64.87867965644,-129.9619407771));
#5968 = VECTOR('',#5969,1.);
#5969 = DIRECTION('',(0.,-0.707106781187,0.707106781187));
#5970 = ORIENTED_EDGE('',*,*,#5971,.T.);
#5971 = EDGE_CURVE('',#5964,#1271,#5972,.T.);
#5972 = LINE('',#5973,#5974);
#5973 = CARTESIAN_POINT('',(130.9,57.100505063388,-122.183766184));
#5974 = VECTOR('',#5975,1.);
#5975 = DIRECTION('',(1.,0.,0.));
#5976 = ORIENTED_EDGE('',*,*,#1270,.F.);
#5977 = ORIENTED_EDGE('',*,*,#5930,.F.);
#5978 = PLANE('',#5979);
#5979 = AXIS2_PLACEMENT_3D('',#5980,#5981,#5982);
#5980 = CARTESIAN_POINT('',(130.9,57.100505063388,-122.183766184));
#5981 = DIRECTION('',(0.,0.707106781187,0.707106781187));
#5982 = DIRECTION('',(-2.2E-16,0.707106781187,-0.707106781187));
#5983 = ADVANCED_FACE('',(#5984),#5996,.T.);
#5984 = FACE_BOUND('',#5985,.T.);
#5985 = EDGE_LOOP('',(#5986,#5987,#5988,#5989,#5990));
#5986 = ORIENTED_EDGE('',*,*,#5225,.F.);
#5987 = ORIENTED_EDGE('',*,*,#5949,.T.);
#5988 = ORIENTED_EDGE('',*,*,#1278,.F.);
#5989 = ORIENTED_EDGE('',*,*,#5971,.F.);
#5990 = ORIENTED_EDGE('',*,*,#5991,.T.);
#5991 = EDGE_CURVE('',#5964,#5226,#5992,.T.);
#5992 = LINE('',#5993,#5994);
#5993 = CARTESIAN_POINT('',(135.,57.100505063388,-90.36396103067));
#5994 = VECTOR('',#5995,1.);
#5995 = DIRECTION('',(0.,-8.326672684689E-16,1.));
#5996 = PLANE('',#5997);
#5997 = AXIS2_PLACEMENT_3D('',#5998,#5999,#6000);
#5998 = CARTESIAN_POINT('',(130.9,57.100505063388,-113.6984848098));
#5999 = DIRECTION('',(0.,1.,8.326672684689E-16));
#6000 = DIRECTION('',(1.6E-16,8.326672684689E-16,-1.));
#6001 = ADVANCED_FACE('',(#6002),#6013,.T.);
#6002 = FACE_BOUND('',#6003,.T.);
#6003 = EDGE_LOOP('',(#6004,#6010,#6011,#6012));
#6004 = ORIENTED_EDGE('',*,*,#6005,.T.);
#6005 = EDGE_CURVE('',#5042,#4966,#6006,.T.);
#6006 = LINE('',#6007,#6008);
#6007 = CARTESIAN_POINT('',(135.,66.292893218814,-137.0330085889));
#6008 = VECTOR('',#6009,1.);
#6009 = DIRECTION('',(0.,0.707106781187,-0.707106781187));
#6010 = ORIENTED_EDGE('',*,*,#4965,.T.);
#6011 = ORIENTED_EDGE('',*,*,#1302,.F.);
#6012 = ORIENTED_EDGE('',*,*,#5049,.F.);
#6013 = PLANE('',#6014);
#6014 = AXIS2_PLACEMENT_3D('',#6015,#6016,#6017);
#6015 = CARTESIAN_POINT('',(130.9,62.757359312881,-133.497474683));
#6016 = DIRECTION('',(0.,-0.707106781187,-0.707106781187));
#6017 = DIRECTION('',(2.2E-16,-0.707106781187,0.707106781187));
#6018 = ADVANCED_FACE('',(#6019),#6025,.T.);
#6019 = FACE_BOUND('',#6020,.T.);
#6020 = EDGE_LOOP('',(#6021,#6022,#6023,#6024));
#6021 = ORIENTED_EDGE('',*,*,#1998,.T.);
#6022 = ORIENTED_EDGE('',*,*,#2719,.T.);
#6023 = ORIENTED_EDGE('',*,*,#1366,.F.);
#6024 = ORIENTED_EDGE('',*,*,#1656,.F.);
#6025 = PLANE('',#6026);
#6026 = AXIS2_PLACEMENT_3D('',#6027,#6028,#6029);
#6027 = CARTESIAN_POINT('',(5.,144.07463914933,-66.32233047033));
#6028 = DIRECTION('',(-0.707106781187,0.5,-0.5));
#6029 = DIRECTION('',(-0.707106781187,-0.5,0.5));
#6030 = ADVANCED_FACE('',(#6031),#6049,.T.);
#6031 = FACE_BOUND('',#6032,.T.);
#6032 = EDGE_LOOP('',(#6033,#6034,#6042,#6048));
#6033 = ORIENTED_EDGE('',*,*,#1716,.F.);
#6034 = ORIENTED_EDGE('',*,*,#6035,.T.);
#6035 = EDGE_CURVE('',#1717,#6036,#6038,.T.);
#6036 = VERTEX_POINT('',#6037);
#6037 = CARTESIAN_POINT('',(5.,99.526911934581,-79.75735931288));
#6038 = LINE('',#6039,#6040);
#6039 = CARTESIAN_POINT('',(-7.017E-14,99.526911934581,-79.75735931288)
  );
#6040 = VECTOR('',#6041,1.);
#6041 = DIRECTION('',(1.,0.,0.));
#6042 = ORIENTED_EDGE('',*,*,#6043,.T.);
#6043 = EDGE_CURVE('',#6036,#2142,#6044,.T.);
#6044 = LINE('',#6045,#6046);
#6045 = CARTESIAN_POINT('',(5.,107.30508652763,-87.53553390593));
#6046 = VECTOR('',#6047,1.);
#6047 = DIRECTION('',(0.,0.707106781187,-0.707106781187));
#6048 = ORIENTED_EDGE('',*,*,#2141,.F.);
#6049 = PLANE('',#6050);
#6050 = AXIS2_PLACEMENT_3D('',#6051,#6052,#6053);
#6051 = CARTESIAN_POINT('',(-7.017E-14,99.526911934581,-79.75735931288)
  );
#6052 = DIRECTION('',(0.,0.707106781187,0.707106781187));
#6053 = DIRECTION('',(-2.2E-16,0.707106781187,-0.707106781187));
#6054 = ADVANCED_FACE('',(#6055),#6072,.T.);
#6055 = FACE_BOUND('',#6056,.T.);
#6056 = EDGE_LOOP('',(#6057,#6058,#6064,#6065,#6071));
#6057 = ORIENTED_EDGE('',*,*,#1758,.F.);
#6058 = ORIENTED_EDGE('',*,*,#6059,.T.);
#6059 = EDGE_CURVE('',#1751,#2263,#6060,.T.);
#6060 = LINE('',#6061,#6062);
#6061 = CARTESIAN_POINT('',(-7.15E-14,99.526911934581,-71.27207793864));
#6062 = VECTOR('',#6063,1.);
#6063 = DIRECTION('',(1.,0.,0.));
#6064 = ORIENTED_EDGE('',*,*,#2270,.T.);
#6065 = ORIENTED_EDGE('',*,*,#6066,.T.);
#6066 = EDGE_CURVE('',#2271,#6036,#6067,.T.);
#6067 = LINE('',#6068,#6069);
#6068 = CARTESIAN_POINT('',(5.,99.526911934581,-115.8198051533));
#6069 = VECTOR('',#6070,1.);
#6070 = DIRECTION('',(-0.,8.326672684689E-16,-1.));
#6071 = ORIENTED_EDGE('',*,*,#6035,.F.);
#6072 = PLANE('',#6073);
#6073 = AXIS2_PLACEMENT_3D('',#6074,#6075,#6076);
#6074 = CARTESIAN_POINT('',(-7.15E-14,99.526911934581,-71.27207793864));
#6075 = DIRECTION('',(0.,1.,8.326672684689E-16));
#6076 = DIRECTION('',(1.6E-16,8.326672684689E-16,-1.));
#6077 = ADVANCED_FACE('',(#6078),#6084,.T.);
#6078 = FACE_BOUND('',#6079,.T.);
#6079 = EDGE_LOOP('',(#6080,#6081,#6082,#6083));
#6080 = ORIENTED_EDGE('',*,*,#1750,.F.);
#6081 = ORIENTED_EDGE('',*,*,#2215,.T.);
#6082 = ORIENTED_EDGE('',*,*,#2262,.T.);
#6083 = ORIENTED_EDGE('',*,*,#6059,.F.);
#6084 = PLANE('',#6085);
#6085 = AXIS2_PLACEMENT_3D('',#6086,#6087,#6088);
#6086 = CARTESIAN_POINT('',(-7.327E-14,102.35533905932,-68.44365081389)
  );
#6087 = DIRECTION('',(0.,0.707106781187,-0.707106781187));
#6088 = DIRECTION('',(4.4E-16,-0.707106781187,-0.707106781187));
#6089 = ADVANCED_FACE('',(#6090),#6115,.T.);
#6090 = FACE_BOUND('',#6091,.T.);
#6091 = EDGE_LOOP('',(#6092,#6093,#6101,#6109));
#6092 = ORIENTED_EDGE('',*,*,#1766,.F.);
#6093 = ORIENTED_EDGE('',*,*,#6094,.T.);
#6094 = EDGE_CURVE('',#1767,#6095,#6097,.T.);
#6095 = VERTEX_POINT('',#6096);
#6096 = CARTESIAN_POINT('',(5.,85.38477631085,-93.89949493661));
#6097 = LINE('',#6098,#6099);
#6098 = CARTESIAN_POINT('',(-6.128E-14,85.38477631085,-93.89949493661));
#6099 = VECTOR('',#6100,1.);
#6100 = DIRECTION('',(1.,0.,0.));
#6101 = ORIENTED_EDGE('',*,*,#6102,.T.);
#6102 = EDGE_CURVE('',#6095,#6103,#6105,.T.);
#6103 = VERTEX_POINT('',#6104);
#6104 = CARTESIAN_POINT('',(5.,93.870057685089,-102.3847763108));
#6105 = LINE('',#6106,#6107);
#6106 = CARTESIAN_POINT('',(5.,93.162950903902,-101.6776695296));
#6107 = VECTOR('',#6108,1.);
#6108 = DIRECTION('',(0.,0.707106781187,-0.707106781187));
#6109 = ORIENTED_EDGE('',*,*,#6110,.F.);
#6110 = EDGE_CURVE('',#1769,#6103,#6111,.T.);
#6111 = LINE('',#6112,#6113);
#6112 = CARTESIAN_POINT('',(-6.395E-14,93.870057685089,-102.3847763108)
  );
#6113 = VECTOR('',#6114,1.);
#6114 = DIRECTION('',(1.,0.,0.));
#6115 = PLANE('',#6116);
#6116 = AXIS2_PLACEMENT_3D('',#6117,#6118,#6119);
#6117 = CARTESIAN_POINT('',(-6.128E-14,85.38477631085,-93.89949493661));
#6118 = DIRECTION('',(0.,0.707106781187,0.707106781187));
#6119 = DIRECTION('',(-2.2E-16,0.707106781187,-0.707106781187));
#6120 = ADVANCED_FACE('',(#6121),#6138,.T.);
#6121 = FACE_BOUND('',#6122,.T.);
#6122 = EDGE_LOOP('',(#6123,#6124,#6130,#6131,#6137));
#6123 = ORIENTED_EDGE('',*,*,#1808,.F.);
#6124 = ORIENTED_EDGE('',*,*,#6125,.T.);
#6125 = EDGE_CURVE('',#1801,#2295,#6126,.T.);
#6126 = LINE('',#6127,#6128);
#6127 = CARTESIAN_POINT('',(-6.262E-14,85.38477631085,-85.41421356237));
#6128 = VECTOR('',#6129,1.);
#6129 = DIRECTION('',(1.,0.,0.));
#6130 = ORIENTED_EDGE('',*,*,#2302,.T.);
#6131 = ORIENTED_EDGE('',*,*,#6132,.T.);
#6132 = EDGE_CURVE('',#2303,#6095,#6133,.T.);
#6133 = LINE('',#6134,#6135);
#6134 = CARTESIAN_POINT('',(5.,85.38477631085,-122.8908729652));
#6135 = VECTOR('',#6136,1.);
#6136 = DIRECTION('',(-0.,8.326672684689E-16,-1.));
#6137 = ORIENTED_EDGE('',*,*,#6094,.F.);
#6138 = PLANE('',#6139);
#6139 = AXIS2_PLACEMENT_3D('',#6140,#6141,#6142);
#6140 = CARTESIAN_POINT('',(-6.262E-14,85.38477631085,-85.41421356237));
#6141 = DIRECTION('',(0.,1.,8.326672684689E-16));
#6142 = DIRECTION('',(1.6E-16,8.326672684689E-16,-1.));
#6143 = ADVANCED_FACE('',(#6144),#6162,.T.);
#6144 = FACE_BOUND('',#6145,.T.);
#6145 = EDGE_LOOP('',(#6146,#6147,#6148,#6156));
#6146 = ORIENTED_EDGE('',*,*,#1776,.F.);
#6147 = ORIENTED_EDGE('',*,*,#6110,.T.);
#6148 = ORIENTED_EDGE('',*,*,#6149,.T.);
#6149 = EDGE_CURVE('',#6103,#6150,#6152,.T.);
#6150 = VERTEX_POINT('',#6151);
#6151 = CARTESIAN_POINT('',(5.,105.18376618407,-91.07106781186));
#6152 = LINE('',#6153,#6154);
#6153 = CARTESIAN_POINT('',(5.,68.414213562373,-127.8406204335));
#6154 = VECTOR('',#6155,1.);
#6155 = DIRECTION('',(0.,0.707106781187,0.707106781187));
#6156 = ORIENTED_EDGE('',*,*,#6157,.F.);
#6157 = EDGE_CURVE('',#1777,#6150,#6158,.T.);
#6158 = LINE('',#6159,#6160);
#6159 = CARTESIAN_POINT('',(-7.105E-14,105.18376618407,-91.07106781186)
  );
#6160 = VECTOR('',#6161,1.);
#6161 = DIRECTION('',(1.,0.,0.));
#6162 = PLANE('',#6163);
#6163 = AXIS2_PLACEMENT_3D('',#6164,#6165,#6166);
#6164 = CARTESIAN_POINT('',(-6.395E-14,93.870057685089,-102.3847763108)
  );
#6165 = DIRECTION('',(0.,-0.707106781187,0.707106781187));
#6166 = DIRECTION('',(-4.4E-16,0.707106781187,0.707106781187));
#6167 = ADVANCED_FACE('',(#6168),#6179,.T.);
#6168 = FACE_BOUND('',#6169,.T.);
#6169 = EDGE_LOOP('',(#6170,#6171,#6177,#6178));
#6170 = ORIENTED_EDGE('',*,*,#1800,.F.);
#6171 = ORIENTED_EDGE('',*,*,#6172,.T.);
#6172 = EDGE_CURVE('',#1793,#2287,#6173,.T.);
#6173 = LINE('',#6174,#6175);
#6174 = CARTESIAN_POINT('',(-6.439E-14,88.213203435596,-82.58578643762)
  );
#6175 = VECTOR('',#6176,1.);
#6176 = DIRECTION('',(1.,0.,0.));
#6177 = ORIENTED_EDGE('',*,*,#2294,.T.);
#6178 = ORIENTED_EDGE('',*,*,#6125,.F.);
#6179 = PLANE('',#6180);
#6180 = AXIS2_PLACEMENT_3D('',#6181,#6182,#6183);
#6181 = CARTESIAN_POINT('',(-6.439E-14,88.213203435596,-82.58578643762)
  );
#6182 = DIRECTION('',(0.,0.707106781187,-0.707106781187));
#6183 = DIRECTION('',(4.4E-16,-0.707106781187,-0.707106781187));
#6184 = ADVANCED_FACE('',(#6185),#6203,.T.);
#6185 = FACE_BOUND('',#6186,.T.);
#6186 = EDGE_LOOP('',(#6187,#6188,#6189,#6197));
#6187 = ORIENTED_EDGE('',*,*,#1784,.F.);
#6188 = ORIENTED_EDGE('',*,*,#6157,.T.);
#6189 = ORIENTED_EDGE('',*,*,#6190,.T.);
#6190 = EDGE_CURVE('',#6150,#6191,#6193,.T.);
#6191 = VERTEX_POINT('',#6192);
#6192 = CARTESIAN_POINT('',(5.,96.698484809835,-82.58578643762));
#6193 = LINE('',#6194,#6195);
#6194 = CARTESIAN_POINT('',(5.,108.71930009,-94.60660171779));
#6195 = VECTOR('',#6196,1.);
#6196 = DIRECTION('',(0.,-0.707106781187,0.707106781187));
#6197 = ORIENTED_EDGE('',*,*,#6198,.F.);
#6198 = EDGE_CURVE('',#1785,#6191,#6199,.T.);
#6199 = LINE('',#6200,#6201);
#6200 = CARTESIAN_POINT('',(-6.839E-14,96.698484809835,-82.58578643762)
  );
#6201 = VECTOR('',#6202,1.);
#6202 = DIRECTION('',(1.,0.,0.));
#6203 = PLANE('',#6204);
#6204 = AXIS2_PLACEMENT_3D('',#6205,#6206,#6207);
#6205 = CARTESIAN_POINT('',(-7.105E-14,105.18376618407,-91.07106781186)
  );
#6206 = DIRECTION('',(0.,-0.707106781187,-0.707106781187));
#6207 = DIRECTION('',(2.2E-16,-0.707106781187,0.707106781187));
#6208 = ADVANCED_FACE('',(#6209),#6221,.T.);
#6209 = FACE_BOUND('',#6210,.T.);
#6210 = EDGE_LOOP('',(#6211,#6212,#6213,#6219,#6220));
#6211 = ORIENTED_EDGE('',*,*,#1792,.F.);
#6212 = ORIENTED_EDGE('',*,*,#6198,.T.);
#6213 = ORIENTED_EDGE('',*,*,#6214,.T.);
#6214 = EDGE_CURVE('',#6191,#2279,#6215,.T.);
#6215 = LINE('',#6216,#6217);
#6216 = CARTESIAN_POINT('',(5.,73.363961030679,-82.58578643762));
#6217 = VECTOR('',#6218,1.);
#6218 = DIRECTION('',(0.,-1.,-8.326672684689E-16));
#6219 = ORIENTED_EDGE('',*,*,#2286,.T.);
#6220 = ORIENTED_EDGE('',*,*,#6172,.F.);
#6221 = PLANE('',#6222);
#6222 = AXIS2_PLACEMENT_3D('',#6223,#6224,#6225);
#6223 = CARTESIAN_POINT('',(-6.839E-14,96.698484809835,-82.58578643762)
  );
#6224 = DIRECTION('',(0.,8.326672684689E-16,-1.));
#6225 = DIRECTION('',(4.7E-16,-1.,-8.326672684689E-16));
#6226 = ADVANCED_FACE('',(#6227),#6252,.T.);
#6227 = FACE_BOUND('',#6228,.T.);
#6228 = EDGE_LOOP('',(#6229,#6230,#6238,#6246));
#6229 = ORIENTED_EDGE('',*,*,#1816,.F.);
#6230 = ORIENTED_EDGE('',*,*,#6231,.T.);
#6231 = EDGE_CURVE('',#1817,#6232,#6234,.T.);
#6232 = VERTEX_POINT('',#6233);
#6233 = CARTESIAN_POINT('',(5.,71.242640687119,-108.0416305603));
#6234 = LINE('',#6235,#6236);
#6235 = CARTESIAN_POINT('',(-5.24E-14,71.242640687119,-108.0416305603));
#6236 = VECTOR('',#6237,1.);
#6237 = DIRECTION('',(1.,0.,0.));
#6238 = ORIENTED_EDGE('',*,*,#6239,.T.);
#6239 = EDGE_CURVE('',#6232,#6240,#6242,.T.);
#6240 = VERTEX_POINT('',#6241);
#6241 = CARTESIAN_POINT('',(5.,79.727922061358,-116.5269119345));
#6242 = LINE('',#6243,#6244);
#6243 = CARTESIAN_POINT('',(5.,79.020815280171,-115.8198051533));
#6244 = VECTOR('',#6245,1.);
#6245 = DIRECTION('',(0.,0.707106781187,-0.707106781187));
#6246 = ORIENTED_EDGE('',*,*,#6247,.F.);
#6247 = EDGE_CURVE('',#1819,#6240,#6248,.T.);
#6248 = LINE('',#6249,#6250);
#6249 = CARTESIAN_POINT('',(-5.507E-14,79.727922061358,-116.5269119345)
  );
#6250 = VECTOR('',#6251,1.);
#6251 = DIRECTION('',(1.,0.,0.));
#6252 = PLANE('',#6253);
#6253 = AXIS2_PLACEMENT_3D('',#6254,#6255,#6256);
#6254 = CARTESIAN_POINT('',(-5.24E-14,71.242640687119,-108.0416305603));
#6255 = DIRECTION('',(0.,0.707106781187,0.707106781187));
#6256 = DIRECTION('',(-2.2E-16,0.707106781187,-0.707106781187));
#6257 = ADVANCED_FACE('',(#6258),#6275,.T.);
#6258 = FACE_BOUND('',#6259,.T.);
#6259 = EDGE_LOOP('',(#6260,#6261,#6267,#6268,#6274));
#6260 = ORIENTED_EDGE('',*,*,#1858,.F.);
#6261 = ORIENTED_EDGE('',*,*,#6262,.T.);
#6262 = EDGE_CURVE('',#1851,#2327,#6263,.T.);
#6263 = LINE('',#6264,#6265);
#6264 = CARTESIAN_POINT('',(-5.373E-14,71.242640687119,-99.5563491861));
#6265 = VECTOR('',#6266,1.);
#6266 = DIRECTION('',(1.,0.,0.));
#6267 = ORIENTED_EDGE('',*,*,#2334,.T.);
#6268 = ORIENTED_EDGE('',*,*,#6269,.T.);
#6269 = EDGE_CURVE('',#2335,#6232,#6270,.T.);
#6270 = LINE('',#6271,#6272);
#6271 = CARTESIAN_POINT('',(5.,71.242640687119,-129.9619407771));
#6272 = VECTOR('',#6273,1.);
#6273 = DIRECTION('',(-0.,8.326672684689E-16,-1.));
#6274 = ORIENTED_EDGE('',*,*,#6231,.F.);
#6275 = PLANE('',#6276);
#6276 = AXIS2_PLACEMENT_3D('',#6277,#6278,#6279);
#6277 = CARTESIAN_POINT('',(-5.373E-14,71.242640687119,-99.5563491861));
#6278 = DIRECTION('',(0.,1.,8.326672684689E-16));
#6279 = DIRECTION('',(1.6E-16,8.326672684689E-16,-1.));
#6280 = ADVANCED_FACE('',(#6281),#6299,.T.);
#6281 = FACE_BOUND('',#6282,.T.);
#6282 = EDGE_LOOP('',(#6283,#6284,#6285,#6293));
#6283 = ORIENTED_EDGE('',*,*,#1826,.F.);
#6284 = ORIENTED_EDGE('',*,*,#6247,.T.);
#6285 = ORIENTED_EDGE('',*,*,#6286,.T.);
#6286 = EDGE_CURVE('',#6240,#6287,#6289,.T.);
#6287 = VERTEX_POINT('',#6288);
#6288 = CARTESIAN_POINT('',(5.,91.041630560343,-105.2132034355));
#6289 = LINE('',#6290,#6291);
#6290 = CARTESIAN_POINT('',(5.,61.343145750508,-134.9116882454));
#6291 = VECTOR('',#6292,1.);
#6292 = DIRECTION('',(0.,0.707106781187,0.707106781187));
#6293 = ORIENTED_EDGE('',*,*,#6294,.F.);
#6294 = EDGE_CURVE('',#1827,#6287,#6295,.T.);
#6295 = LINE('',#6296,#6297);
#6296 = CARTESIAN_POINT('',(-6.217E-14,91.041630560343,-105.2132034355)
  );
#6297 = VECTOR('',#6298,1.);
#6298 = DIRECTION('',(1.,0.,0.));
#6299 = PLANE('',#6300);
#6300 = AXIS2_PLACEMENT_3D('',#6301,#6302,#6303);
#6301 = CARTESIAN_POINT('',(-5.507E-14,79.727922061358,-116.5269119345)
  );
#6302 = DIRECTION('',(0.,-0.707106781187,0.707106781187));
#6303 = DIRECTION('',(-4.4E-16,0.707106781187,0.707106781187));
#6304 = ADVANCED_FACE('',(#6305),#6316,.T.);
#6305 = FACE_BOUND('',#6306,.T.);
#6306 = EDGE_LOOP('',(#6307,#6308,#6314,#6315));
#6307 = ORIENTED_EDGE('',*,*,#1850,.F.);
#6308 = ORIENTED_EDGE('',*,*,#6309,.T.);
#6309 = EDGE_CURVE('',#1843,#2319,#6310,.T.);
#6310 = LINE('',#6311,#6312);
#6311 = CARTESIAN_POINT('',(-5.551E-14,74.071067811866,-96.72792206135)
  );
#6312 = VECTOR('',#6313,1.);
#6313 = DIRECTION('',(1.,0.,0.));
#6314 = ORIENTED_EDGE('',*,*,#2326,.T.);
#6315 = ORIENTED_EDGE('',*,*,#6262,.F.);
#6316 = PLANE('',#6317);
#6317 = AXIS2_PLACEMENT_3D('',#6318,#6319,#6320);
#6318 = CARTESIAN_POINT('',(-5.551E-14,74.071067811866,-96.72792206135)
  );
#6319 = DIRECTION('',(0.,0.707106781187,-0.707106781187));
#6320 = DIRECTION('',(4.4E-16,-0.707106781187,-0.707106781187));
#6321 = ADVANCED_FACE('',(#6322),#6340,.T.);
#6322 = FACE_BOUND('',#6323,.T.);
#6323 = EDGE_LOOP('',(#6324,#6325,#6326,#6334));
#6324 = ORIENTED_EDGE('',*,*,#1834,.F.);
#6325 = ORIENTED_EDGE('',*,*,#6294,.T.);
#6326 = ORIENTED_EDGE('',*,*,#6327,.T.);
#6327 = EDGE_CURVE('',#6287,#6328,#6330,.T.);
#6328 = VERTEX_POINT('',#6329);
#6329 = CARTESIAN_POINT('',(5.,82.556349186104,-96.72792206135));
#6330 = LINE('',#6331,#6332);
#6331 = CARTESIAN_POINT('',(5.,94.577164466275,-108.7487373415));
#6332 = VECTOR('',#6333,1.);
#6333 = DIRECTION('',(0.,-0.707106781187,0.707106781187));
#6334 = ORIENTED_EDGE('',*,*,#6335,.F.);
#6335 = EDGE_CURVE('',#1835,#6328,#6336,.T.);
#6336 = LINE('',#6337,#6338);
#6337 = CARTESIAN_POINT('',(-5.951E-14,82.556349186104,-96.72792206135)
  );
#6338 = VECTOR('',#6339,1.);
#6339 = DIRECTION('',(1.,0.,0.));
#6340 = PLANE('',#6341);
#6341 = AXIS2_PLACEMENT_3D('',#6342,#6343,#6344);
#6342 = CARTESIAN_POINT('',(-6.217E-14,91.041630560343,-105.2132034355)
  );
#6343 = DIRECTION('',(0.,-0.707106781187,-0.707106781187));
#6344 = DIRECTION('',(2.2E-16,-0.707106781187,0.707106781187));
#6345 = ADVANCED_FACE('',(#6346),#6358,.T.);
#6346 = FACE_BOUND('',#6347,.T.);
#6347 = EDGE_LOOP('',(#6348,#6349,#6350,#6356,#6357));
#6348 = ORIENTED_EDGE('',*,*,#1842,.F.);
#6349 = ORIENTED_EDGE('',*,*,#6335,.T.);
#6350 = ORIENTED_EDGE('',*,*,#6351,.T.);
#6351 = EDGE_CURVE('',#6328,#2311,#6352,.T.);
#6352 = LINE('',#6353,#6354);
#6353 = CARTESIAN_POINT('',(5.,66.292893218813,-96.72792206135));
#6354 = VECTOR('',#6355,1.);
#6355 = DIRECTION('',(0.,-1.,-8.326672684689E-16));
#6356 = ORIENTED_EDGE('',*,*,#2318,.T.);
#6357 = ORIENTED_EDGE('',*,*,#6309,.F.);
#6358 = PLANE('',#6359);
#6359 = AXIS2_PLACEMENT_3D('',#6360,#6361,#6362);
#6360 = CARTESIAN_POINT('',(-5.951E-14,82.556349186104,-96.72792206135)
  );
#6361 = DIRECTION('',(0.,8.326672684689E-16,-1.));
#6362 = DIRECTION('',(4.7E-16,-1.,-8.326672684689E-16));
#6363 = ADVANCED_FACE('',(#6364),#6389,.T.);
#6364 = FACE_BOUND('',#6365,.T.);
#6365 = EDGE_LOOP('',(#6366,#6367,#6375,#6383));
#6366 = ORIENTED_EDGE('',*,*,#1866,.F.);
#6367 = ORIENTED_EDGE('',*,*,#6368,.T.);
#6368 = EDGE_CURVE('',#1867,#6369,#6371,.T.);
#6369 = VERTEX_POINT('',#6370);
#6370 = CARTESIAN_POINT('',(5.,57.100505063388,-122.183766184));
#6371 = LINE('',#6372,#6373);
#6372 = CARTESIAN_POINT('',(-4.352E-14,57.100505063388,-122.183766184));
#6373 = VECTOR('',#6374,1.);
#6374 = DIRECTION('',(1.,0.,0.));
#6375 = ORIENTED_EDGE('',*,*,#6376,.T.);
#6376 = EDGE_CURVE('',#6369,#6377,#6379,.T.);
#6377 = VERTEX_POINT('',#6378);
#6378 = CARTESIAN_POINT('',(5.,65.585786437627,-130.6690475583));
#6379 = LINE('',#6380,#6381);
#6380 = CARTESIAN_POINT('',(5.,64.87867965644,-129.9619407771));
#6381 = VECTOR('',#6382,1.);
#6382 = DIRECTION('',(0.,0.707106781187,-0.707106781187));
#6383 = ORIENTED_EDGE('',*,*,#6384,.F.);
#6384 = EDGE_CURVE('',#1869,#6377,#6385,.T.);
#6385 = LINE('',#6386,#6387);
#6386 = CARTESIAN_POINT('',(-4.619E-14,65.585786437627,-130.6690475583)
  );
#6387 = VECTOR('',#6388,1.);
#6388 = DIRECTION('',(1.,0.,0.));
#6389 = PLANE('',#6390);
#6390 = AXIS2_PLACEMENT_3D('',#6391,#6392,#6393);
#6391 = CARTESIAN_POINT('',(-4.352E-14,57.100505063388,-122.183766184));
#6392 = DIRECTION('',(0.,0.707106781187,0.707106781187));
#6393 = DIRECTION('',(-2.2E-16,0.707106781187,-0.707106781187));
#6394 = ADVANCED_FACE('',(#6395),#6412,.T.);
#6395 = FACE_BOUND('',#6396,.T.);
#6396 = EDGE_LOOP('',(#6397,#6398,#6404,#6405,#6411));
#6397 = ORIENTED_EDGE('',*,*,#1908,.F.);
#6398 = ORIENTED_EDGE('',*,*,#6399,.T.);
#6399 = EDGE_CURVE('',#1901,#2359,#6400,.T.);
#6400 = LINE('',#6401,#6402);
#6401 = CARTESIAN_POINT('',(-4.485E-14,57.100505063388,-113.6984848098)
  );
#6402 = VECTOR('',#6403,1.);
#6403 = DIRECTION('',(1.,0.,0.));
#6404 = ORIENTED_EDGE('',*,*,#2366,.T.);
#6405 = ORIENTED_EDGE('',*,*,#6406,.T.);
#6406 = EDGE_CURVE('',#2367,#6369,#6407,.T.);
#6407 = LINE('',#6408,#6409);
#6408 = CARTESIAN_POINT('',(5.,57.100505063388,-137.0330085889));
#6409 = VECTOR('',#6410,1.);
#6410 = DIRECTION('',(-0.,8.326672684689E-16,-1.));
#6411 = ORIENTED_EDGE('',*,*,#6368,.F.);
#6412 = PLANE('',#6413);
#6413 = AXIS2_PLACEMENT_3D('',#6414,#6415,#6416);
#6414 = CARTESIAN_POINT('',(-4.485E-14,57.100505063388,-113.6984848098)
  );
#6415 = DIRECTION('',(0.,1.,8.326672684689E-16));
#6416 = DIRECTION('',(1.6E-16,8.326672684689E-16,-1.));
#6417 = ADVANCED_FACE('',(#6418),#6436,.T.);
#6418 = FACE_BOUND('',#6419,.T.);
#6419 = EDGE_LOOP('',(#6420,#6421,#6422,#6430));
#6420 = ORIENTED_EDGE('',*,*,#1876,.F.);
#6421 = ORIENTED_EDGE('',*,*,#6384,.T.);
#6422 = ORIENTED_EDGE('',*,*,#6423,.T.);
#6423 = EDGE_CURVE('',#6377,#6424,#6426,.T.);
#6424 = VERTEX_POINT('',#6425);
#6425 = CARTESIAN_POINT('',(5.,76.899494936612,-119.3553390593));
#6426 = LINE('',#6427,#6428);
#6427 = CARTESIAN_POINT('',(5.,54.272077938642,-141.9827560572));
#6428 = VECTOR('',#6429,1.);
#6429 = DIRECTION('',(0.,0.707106781187,0.707106781187));
#6430 = ORIENTED_EDGE('',*,*,#6431,.F.);
#6431 = EDGE_CURVE('',#1877,#6424,#6432,.T.);
#6432 = LINE('',#6433,#6434);
#6433 = CARTESIAN_POINT('',(-5.329E-14,76.899494936612,-119.3553390593)
  );
#6434 = VECTOR('',#6435,1.);
#6435 = DIRECTION('',(1.,0.,0.));
#6436 = PLANE('',#6437);
#6437 = AXIS2_PLACEMENT_3D('',#6438,#6439,#6440);
#6438 = CARTESIAN_POINT('',(-4.619E-14,65.585786437627,-130.6690475583)
  );
#6439 = DIRECTION('',(0.,-0.707106781187,0.707106781187));
#6440 = DIRECTION('',(-4.4E-16,0.707106781187,0.707106781187));
#6441 = ADVANCED_FACE('',(#6442),#6453,.T.);
#6442 = FACE_BOUND('',#6443,.T.);
#6443 = EDGE_LOOP('',(#6444,#6445,#6451,#6452));
#6444 = ORIENTED_EDGE('',*,*,#1900,.F.);
#6445 = ORIENTED_EDGE('',*,*,#6446,.T.);
#6446 = EDGE_CURVE('',#1893,#2351,#6447,.T.);
#6447 = LINE('',#6448,#6449);
#6448 = CARTESIAN_POINT('',(-4.663E-14,59.928932188135,-110.870057685));
#6449 = VECTOR('',#6450,1.);
#6450 = DIRECTION('',(1.,0.,0.));
#6451 = ORIENTED_EDGE('',*,*,#2358,.T.);
#6452 = ORIENTED_EDGE('',*,*,#6399,.F.);
#6453 = PLANE('',#6454);
#6454 = AXIS2_PLACEMENT_3D('',#6455,#6456,#6457);
#6455 = CARTESIAN_POINT('',(-4.663E-14,59.928932188135,-110.870057685));
#6456 = DIRECTION('',(0.,0.707106781187,-0.707106781187));
#6457 = DIRECTION('',(4.4E-16,-0.707106781187,-0.707106781187));
#6458 = ADVANCED_FACE('',(#6459),#6477,.T.);
#6459 = FACE_BOUND('',#6460,.T.);
#6460 = EDGE_LOOP('',(#6461,#6462,#6463,#6471));
#6461 = ORIENTED_EDGE('',*,*,#1884,.F.);
#6462 = ORIENTED_EDGE('',*,*,#6431,.T.);
#6463 = ORIENTED_EDGE('',*,*,#6464,.T.);
#6464 = EDGE_CURVE('',#6424,#6465,#6467,.T.);
#6465 = VERTEX_POINT('',#6466);
#6466 = CARTESIAN_POINT('',(5.,68.414213562373,-110.870057685));
#6467 = LINE('',#6468,#6469);
#6468 = CARTESIAN_POINT('',(5.,80.435028842544,-122.8908729652));
#6469 = VECTOR('',#6470,1.);
#6470 = DIRECTION('',(0.,-0.707106781187,0.707106781187));
#6471 = ORIENTED_EDGE('',*,*,#6472,.F.);
#6472 = EDGE_CURVE('',#1885,#6465,#6473,.T.);
#6473 = LINE('',#6474,#6475);
#6474 = CARTESIAN_POINT('',(-5.063E-14,68.414213562373,-110.870057685));
#6475 = VECTOR('',#6476,1.);
#6476 = DIRECTION('',(1.,0.,0.));
#6477 = PLANE('',#6478);
#6478 = AXIS2_PLACEMENT_3D('',#6479,#6480,#6481);
#6479 = CARTESIAN_POINT('',(-5.329E-14,76.899494936612,-119.3553390593)
  );
#6480 = DIRECTION('',(0.,-0.707106781187,-0.707106781187));
#6481 = DIRECTION('',(2.2E-16,-0.707106781187,0.707106781187));
#6482 = ADVANCED_FACE('',(#6483),#6495,.T.);
#6483 = FACE_BOUND('',#6484,.T.);
#6484 = EDGE_LOOP('',(#6485,#6486,#6487,#6493,#6494));
#6485 = ORIENTED_EDGE('',*,*,#1892,.F.);
#6486 = ORIENTED_EDGE('',*,*,#6472,.T.);
#6487 = ORIENTED_EDGE('',*,*,#6488,.T.);
#6488 = EDGE_CURVE('',#6465,#2343,#6489,.T.);
#6489 = LINE('',#6490,#6491);
#6490 = CARTESIAN_POINT('',(5.,59.221825406948,-110.870057685));
#6491 = VECTOR('',#6492,1.);
#6492 = DIRECTION('',(0.,-1.,-8.326672684689E-16));
#6493 = ORIENTED_EDGE('',*,*,#2350,.T.);
#6494 = ORIENTED_EDGE('',*,*,#6446,.F.);
#6495 = PLANE('',#6496);
#6496 = AXIS2_PLACEMENT_3D('',#6497,#6498,#6499);
#6497 = CARTESIAN_POINT('',(-5.063E-14,68.414213562373,-110.870057685));
#6498 = DIRECTION('',(0.,8.326672684689E-16,-1.));
#6499 = DIRECTION('',(4.7E-16,-1.,-8.326672684689E-16));
#6500 = ADVANCED_FACE('',(#6501),#6512,.T.);
#6501 = FACE_BOUND('',#6502,.T.);
#6502 = EDGE_LOOP('',(#6503,#6504,#6505,#6511));
#6503 = ORIENTED_EDGE('',*,*,#1934,.F.);
#6504 = ORIENTED_EDGE('',*,*,#2521,.T.);
#6505 = ORIENTED_EDGE('',*,*,#6506,.T.);
#6506 = EDGE_CURVE('',#2514,#2422,#6507,.T.);
#6507 = LINE('',#6508,#6509);
#6508 = CARTESIAN_POINT('',(5.,66.292893218814,-137.0330085889));
#6509 = VECTOR('',#6510,1.);
#6510 = DIRECTION('',(0.,-0.707106781187,0.707106781187));
#6511 = ORIENTED_EDGE('',*,*,#2421,.F.);
#6512 = PLANE('',#6513);
#6513 = AXIS2_PLACEMENT_3D('',#6514,#6515,#6516);
#6514 = CARTESIAN_POINT('',(-4.441E-14,62.757359312881,-133.497474683));
#6515 = DIRECTION('',(0.,-0.707106781187,-0.707106781187));
#6516 = DIRECTION('',(2.2E-16,-0.707106781187,0.707106781187));
#6517 = ADVANCED_FACE('',(#6518),#6564,.F.);
#6518 = FACE_BOUND('',#6519,.F.);
#6519 = EDGE_LOOP('',(#6520,#6521,#6527,#6528,#6529,#6530,#6536,#6537,
    #6543,#6544,#6550,#6551,#6557,#6558));
#6520 = ORIENTED_EDGE('',*,*,#3912,.T.);
#6521 = ORIENTED_EDGE('',*,*,#6522,.T.);
#6522 = EDGE_CURVE('',#3913,#2585,#6523,.T.);
#6523 = LINE('',#6524,#6525);
#6524 = CARTESIAN_POINT('',(19.,118.61879502661,-87.53553390593));
#6525 = VECTOR('',#6526,1.);
#6526 = DIRECTION('',(0.,-0.707106781187,0.707106781187));
#6527 = ORIENTED_EDGE('',*,*,#2592,.T.);
#6528 = ORIENTED_EDGE('',*,*,#1982,.T.);
#6529 = ORIENTED_EDGE('',*,*,#2726,.F.);
#6530 = ORIENTED_EDGE('',*,*,#6531,.T.);
#6531 = EDGE_CURVE('',#2727,#3841,#6532,.T.);
#6532 = LINE('',#6533,#6534);
#6533 = CARTESIAN_POINT('',(19.,136.57930726875,-73.81766235091));
#6534 = VECTOR('',#6535,1.);
#6535 = DIRECTION('',(0.,-0.707106781187,0.707106781187));
#6536 = ORIENTED_EDGE('',*,*,#3848,.F.);
#6537 = ORIENTED_EDGE('',*,*,#6538,.T.);
#6538 = EDGE_CURVE('',#3849,#3437,#6539,.T.);
#6539 = LINE('',#6540,#6541);
#6540 = CARTESIAN_POINT('',(19.,134.8822509939,-75.51471862576));
#6541 = VECTOR('',#6542,1.);
#6542 = DIRECTION('',(0.,0.707106781187,-0.707106781187));
#6543 = ORIENTED_EDGE('',*,*,#3444,.F.);
#6544 = ORIENTED_EDGE('',*,*,#6545,.T.);
#6545 = EDGE_CURVE('',#3421,#3873,#6546,.T.);
#6546 = LINE('',#6547,#6548);
#6547 = CARTESIAN_POINT('',(19.,128.09402589451,-82.30294372515));
#6548 = VECTOR('',#6549,1.);
#6549 = DIRECTION('',(0.,-0.707106781187,0.707106781187));
#6550 = ORIENTED_EDGE('',*,*,#3880,.F.);
#6551 = ORIENTED_EDGE('',*,*,#6552,.T.);
#6552 = EDGE_CURVE('',#3881,#3403,#6553,.T.);
#6553 = LINE('',#6554,#6555);
#6554 = CARTESIAN_POINT('',(19.,126.39696961967,-84.));
#6555 = VECTOR('',#6556,1.);
#6556 = DIRECTION('',(0.,0.707106781187,-0.707106781187));
#6557 = ORIENTED_EDGE('',*,*,#3410,.F.);
#6558 = ORIENTED_EDGE('',*,*,#6559,.T.);
#6559 = EDGE_CURVE('',#3387,#3905,#6560,.T.);
#6560 = LINE('',#6561,#6562);
#6561 = CARTESIAN_POINT('',(19.,119.60874452027,-90.78822509939));
#6562 = VECTOR('',#6563,1.);
#6563 = DIRECTION('',(0.,-0.707106781187,0.707106781187));
#6564 = PLANE('',#6565);
#6565 = AXIS2_PLACEMENT_3D('',#6566,#6567,#6568);
#6566 = CARTESIAN_POINT('',(19.,50.029437251523,-160.3675323681));
#6567 = DIRECTION('',(-1.,0.,0.));
#6568 = DIRECTION('',(0.,0.707106781187,0.707106781187));
#6569 = ADVANCED_FACE('',(#6570),#6576,.F.);
#6570 = FACE_BOUND('',#6571,.F.);
#6571 = EDGE_LOOP('',(#6572,#6573,#6574,#6575));
#6572 = ORIENTED_EDGE('',*,*,#2054,.T.);
#6573 = ORIENTED_EDGE('',*,*,#2094,.T.);
#6574 = ORIENTED_EDGE('',*,*,#2069,.F.);
#6575 = ORIENTED_EDGE('',*,*,#2022,.F.);
#6576 = PLANE('',#6577);
#6577 = AXIS2_PLACEMENT_3D('',#6578,#6579,#6580);
#6578 = CARTESIAN_POINT('',(8.,116.14392129246,-40.51293295702));
#6579 = DIRECTION('',(0.,0.707106781187,-0.707106781187));
#6580 = DIRECTION('',(-1.,-0.,0.));
#6581 = ADVANCED_FACE('',(#6582),#6613,.F.);
#6582 = FACE_BOUND('',#6583,.F.);
#6583 = EDGE_LOOP('',(#6584,#6585,#6586,#6587,#6588,#6589,#6590,#6591,
    #6592,#6593,#6594,#6595,#6596,#6597,#6598,#6599,#6600,#6601,#6602,
    #6603,#6604,#6605,#6606,#6607,#6608,#6609,#6610,#6611,#6612));
#6584 = ORIENTED_EDGE('',*,*,#2601,.F.);
#6585 = ORIENTED_EDGE('',*,*,#2545,.T.);
#6586 = ORIENTED_EDGE('',*,*,#2513,.T.);
#6587 = ORIENTED_EDGE('',*,*,#6506,.T.);
#6588 = ORIENTED_EDGE('',*,*,#2429,.T.);
#6589 = ORIENTED_EDGE('',*,*,#2406,.T.);
#6590 = ORIENTED_EDGE('',*,*,#2374,.F.);
#6591 = ORIENTED_EDGE('',*,*,#6406,.T.);
#6592 = ORIENTED_EDGE('',*,*,#6376,.T.);
#6593 = ORIENTED_EDGE('',*,*,#6423,.T.);
#6594 = ORIENTED_EDGE('',*,*,#6464,.T.);
#6595 = ORIENTED_EDGE('',*,*,#6488,.T.);
#6596 = ORIENTED_EDGE('',*,*,#2342,.F.);
#6597 = ORIENTED_EDGE('',*,*,#6269,.T.);
#6598 = ORIENTED_EDGE('',*,*,#6239,.T.);
#6599 = ORIENTED_EDGE('',*,*,#6286,.T.);
#6600 = ORIENTED_EDGE('',*,*,#6327,.T.);
#6601 = ORIENTED_EDGE('',*,*,#6351,.T.);
#6602 = ORIENTED_EDGE('',*,*,#2310,.F.);
#6603 = ORIENTED_EDGE('',*,*,#6132,.T.);
#6604 = ORIENTED_EDGE('',*,*,#6102,.T.);
#6605 = ORIENTED_EDGE('',*,*,#6149,.T.);
#6606 = ORIENTED_EDGE('',*,*,#6190,.T.);
#6607 = ORIENTED_EDGE('',*,*,#6214,.T.);
#6608 = ORIENTED_EDGE('',*,*,#2278,.F.);
#6609 = ORIENTED_EDGE('',*,*,#6066,.T.);
#6610 = ORIENTED_EDGE('',*,*,#6043,.T.);
#6611 = ORIENTED_EDGE('',*,*,#2149,.T.);
#6612 = ORIENTED_EDGE('',*,*,#2117,.F.);
#6613 = PLANE('',#6614);
#6614 = AXIS2_PLACEMENT_3D('',#6615,#6616,#6617);
#6615 = CARTESIAN_POINT('',(5.,50.029437251523,-160.3675323681));
#6616 = DIRECTION('',(-1.,0.,0.));
#6617 = DIRECTION('',(0.,0.707106781187,0.707106781187));
#6618 = ADVANCED_FACE('',(#6619),#6624,.F.);
#6619 = FACE_BOUND('',#6620,.F.);
#6620 = EDGE_LOOP('',(#6621,#6622,#6623));
#6621 = ORIENTED_EDGE('',*,*,#2230,.F.);
#6622 = ORIENTED_EDGE('',*,*,#2199,.T.);
#6623 = ORIENTED_EDGE('',*,*,#2255,.F.);
#6624 = PLANE('',#6625);
#6625 = AXIS2_PLACEMENT_3D('',#6626,#6627,#6628);
#6626 = CARTESIAN_POINT('',(5.,50.029437251523,-160.3675323681));
#6627 = DIRECTION('',(-1.,0.,0.));
#6628 = DIRECTION('',(0.,0.707106781187,0.707106781187));
#6629 = ADVANCED_FACE('',(#6630),#6641,.T.);
#6630 = FACE_BOUND('',#6631,.T.);
#6631 = EDGE_LOOP('',(#6632,#6633,#6634,#6640));
#6632 = ORIENTED_EDGE('',*,*,#6522,.T.);
#6633 = ORIENTED_EDGE('',*,*,#2584,.T.);
#6634 = ORIENTED_EDGE('',*,*,#6635,.F.);
#6635 = EDGE_CURVE('',#3921,#2577,#6636,.T.);
#6636 = LINE('',#6637,#6638);
#6637 = CARTESIAN_POINT('',(9.,118.61879502661,-87.53553390593));
#6638 = VECTOR('',#6639,1.);
#6639 = DIRECTION('',(0.,-0.707106781187,0.707106781187));
#6640 = ORIENTED_EDGE('',*,*,#3920,.F.);
#6641 = PLANE('',#6642);
#6642 = AXIS2_PLACEMENT_3D('',#6643,#6644,#6645);
#6643 = CARTESIAN_POINT('',(19.,118.61879502661,-87.53553390593));
#6644 = DIRECTION('',(0.,-0.707106781187,-0.707106781187));
#6645 = DIRECTION('',(-1.,0.,0.));
#6646 = ADVANCED_FACE('',(#6647),#6658,.T.);
#6647 = FACE_BOUND('',#6648,.T.);
#6648 = EDGE_LOOP('',(#6649,#6650,#6651,#6657));
#6649 = ORIENTED_EDGE('',*,*,#6635,.T.);
#6650 = ORIENTED_EDGE('',*,*,#2576,.T.);
#6651 = ORIENTED_EDGE('',*,*,#6652,.F.);
#6652 = EDGE_CURVE('',#3929,#2569,#6653,.T.);
#6653 = LINE('',#6654,#6655);
#6654 = CARTESIAN_POINT('',(9.,70.535533905933,-135.6187950266));
#6655 = VECTOR('',#6656,1.);
#6656 = DIRECTION('',(0.,-0.707106781187,0.707106781187));
#6657 = ORIENTED_EDGE('',*,*,#3928,.F.);
#6658 = PLANE('',#6659);
#6659 = AXIS2_PLACEMENT_3D('',#6660,#6661,#6662);
#6660 = CARTESIAN_POINT('',(9.,118.61879502661,-87.53553390593));
#6661 = DIRECTION('',(1.,0.,0.));
#6662 = DIRECTION('',(0.,-0.707106781187,-0.707106781187));
#6663 = ADVANCED_FACE('',(#6664),#6670,.T.);
#6664 = FACE_BOUND('',#6665,.T.);
#6665 = EDGE_LOOP('',(#6666,#6667,#6668,#6669));
#6666 = ORIENTED_EDGE('',*,*,#6652,.T.);
#6667 = ORIENTED_EDGE('',*,*,#2568,.T.);
#6668 = ORIENTED_EDGE('',*,*,#4374,.F.);
#6669 = ORIENTED_EDGE('',*,*,#3936,.F.);
#6670 = PLANE('',#6671);
#6671 = AXIS2_PLACEMENT_3D('',#6672,#6673,#6674);
#6672 = CARTESIAN_POINT('',(9.,70.535533905933,-135.6187950266));
#6673 = DIRECTION('',(0.,0.707106781187,0.707106781187));
#6674 = DIRECTION('',(1.,0.,0.));
#6675 = ADVANCED_FACE('',(#6676),#6687,.F.);
#6676 = FACE_BOUND('',#6677,.F.);
#6677 = EDGE_LOOP('',(#6678,#6679,#6680,#6681));
#6678 = ORIENTED_EDGE('',*,*,#2766,.F.);
#6679 = ORIENTED_EDGE('',*,*,#5509,.F.);
#6680 = ORIENTED_EDGE('',*,*,#3808,.T.);
#6681 = ORIENTED_EDGE('',*,*,#6682,.T.);
#6682 = EDGE_CURVE('',#3809,#2759,#6683,.T.);
#6683 = LINE('',#6684,#6685);
#6684 = CARTESIAN_POINT('',(71.4,136.57930726875,-73.81766235091));
#6685 = VECTOR('',#6686,1.);
#6686 = DIRECTION('',(-0.,0.707106781187,-0.707106781187));
#6687 = PLANE('',#6688);
#6688 = AXIS2_PLACEMENT_3D('',#6689,#6690,#6691);
#6689 = CARTESIAN_POINT('',(133.,136.57930726875,-73.81766235091));
#6690 = DIRECTION('',(0.,-0.707106781187,-0.707106781187));
#6691 = DIRECTION('',(-1.,0.,0.));
#6692 = ADVANCED_FACE('',(#6693),#6704,.F.);
#6693 = FACE_BOUND('',#6694,.F.);
#6694 = EDGE_LOOP('',(#6695,#6696,#6697,#6698));
#6695 = ORIENTED_EDGE('',*,*,#2758,.F.);
#6696 = ORIENTED_EDGE('',*,*,#6682,.F.);
#6697 = ORIENTED_EDGE('',*,*,#3816,.T.);
#6698 = ORIENTED_EDGE('',*,*,#6699,.T.);
#6699 = EDGE_CURVE('',#3817,#2751,#6700,.T.);
#6700 = LINE('',#6701,#6702);
#6701 = CARTESIAN_POINT('',(71.4,133.96301217836,-58.04918113045));
#6702 = VECTOR('',#6703,1.);
#6703 = DIRECTION('',(0.,0.707106781187,-0.707106781187));
#6704 = PLANE('',#6705);
#6705 = AXIS2_PLACEMENT_3D('',#6706,#6707,#6708);
#6706 = CARTESIAN_POINT('',(71.4,50.029437251523,-160.3675323681));
#6707 = DIRECTION('',(-1.,0.,0.));
#6708 = DIRECTION('',(0.,0.707106781187,0.707106781187));
#6709 = ADVANCED_FACE('',(#6710),#6721,.T.);
#6710 = FACE_BOUND('',#6711,.T.);
#6711 = EDGE_LOOP('',(#6712,#6713,#6719,#6720));
#6712 = ORIENTED_EDGE('',*,*,#2750,.F.);
#6713 = ORIENTED_EDGE('',*,*,#6714,.T.);
#6714 = EDGE_CURVE('',#2743,#3825,#6715,.T.);
#6715 = LINE('',#6716,#6717);
#6716 = CARTESIAN_POINT('',(69.,133.96301217836,-58.04918113045));
#6717 = VECTOR('',#6718,1.);
#6718 = DIRECTION('',(0.,-0.707106781187,0.707106781187));
#6719 = ORIENTED_EDGE('',*,*,#3824,.F.);
#6720 = ORIENTED_EDGE('',*,*,#6699,.T.);
#6721 = PLANE('',#6722);
#6722 = AXIS2_PLACEMENT_3D('',#6723,#6724,#6725);
#6723 = CARTESIAN_POINT('',(70.5,124.77062402294,-48.85679297502));
#6724 = DIRECTION('',(0.,0.707106781187,0.707106781187));
#6725 = DIRECTION('',(0.,-0.707106781187,0.707106781187));
#6726 = ADVANCED_FACE('',(#6727),#6738,.F.);
#6727 = FACE_BOUND('',#6728,.F.);
#6728 = EDGE_LOOP('',(#6729,#6730,#6731,#6732));
#6729 = ORIENTED_EDGE('',*,*,#2742,.F.);
#6730 = ORIENTED_EDGE('',*,*,#6714,.T.);
#6731 = ORIENTED_EDGE('',*,*,#3832,.T.);
#6732 = ORIENTED_EDGE('',*,*,#6733,.F.);
#6733 = EDGE_CURVE('',#2735,#3833,#6734,.T.);
#6734 = LINE('',#6735,#6736);
#6735 = CARTESIAN_POINT('',(69.,136.57930726875,-73.81766235091));
#6736 = VECTOR('',#6737,1.);
#6737 = DIRECTION('',(0.,-0.707106781187,0.707106781187));
#6738 = PLANE('',#6739);
#6739 = AXIS2_PLACEMENT_3D('',#6740,#6741,#6742);
#6740 = CARTESIAN_POINT('',(69.,143.36753236814,-67.02943725152));
#6741 = DIRECTION('',(1.,0.,0.));
#6742 = DIRECTION('',(0.,-0.707106781187,-0.707106781187));
#6743 = ADVANCED_FACE('',(#6744),#6750,.F.);
#6744 = FACE_BOUND('',#6745,.F.);
#6745 = EDGE_LOOP('',(#6746,#6747,#6748,#6749));
#6746 = ORIENTED_EDGE('',*,*,#2734,.F.);
#6747 = ORIENTED_EDGE('',*,*,#6733,.T.);
#6748 = ORIENTED_EDGE('',*,*,#3840,.T.);
#6749 = ORIENTED_EDGE('',*,*,#6531,.F.);
#6750 = PLANE('',#6751);
#6751 = AXIS2_PLACEMENT_3D('',#6752,#6753,#6754);
#6752 = CARTESIAN_POINT('',(133.,136.57930726875,-73.81766235091));
#6753 = DIRECTION('',(0.,-0.707106781187,-0.707106781187));
#6754 = DIRECTION('',(-1.,0.,0.));
#6755 = ADVANCED_FACE('',(#6756),#6762,.F.);
#6756 = FACE_BOUND('',#6757,.F.);
#6757 = EDGE_LOOP('',(#6758,#6759,#6760,#6761));
#6758 = ORIENTED_EDGE('',*,*,#2790,.F.);
#6759 = ORIENTED_EDGE('',*,*,#3554,.T.);
#6760 = ORIENTED_EDGE('',*,*,#3659,.T.);
#6761 = ORIENTED_EDGE('',*,*,#3476,.F.);
#6762 = PLANE('',#6763);
#6763 = AXIS2_PLACEMENT_3D('',#6764,#6765,#6766);
#6764 = CARTESIAN_POINT('',(8.,58.514718625761,-151.8822509939));
#6765 = DIRECTION('',(0.,0.707106781187,0.707106781187));
#6766 = DIRECTION('',(1.,0.,0.));
#6767 = ADVANCED_FACE('',(#6768),#6779,.F.);
#6768 = FACE_BOUND('',#6769,.F.);
#6769 = EDGE_LOOP('',(#6770,#6771,#6777,#6778));
#6770 = ORIENTED_EDGE('',*,*,#2815,.F.);
#6771 = ORIENTED_EDGE('',*,*,#6772,.T.);
#6772 = EDGE_CURVE('',#2816,#3675,#6773,.T.);
#6773 = LINE('',#6774,#6775);
#6774 = CARTESIAN_POINT('',(71.4,67.,-143.3969696196));
#6775 = VECTOR('',#6776,1.);
#6776 = DIRECTION('',(0.,-0.707106781187,0.707106781187));
#6777 = ORIENTED_EDGE('',*,*,#3682,.T.);
#6778 = ORIENTED_EDGE('',*,*,#3499,.F.);
#6779 = PLANE('',#6780);
#6780 = AXIS2_PLACEMENT_3D('',#6781,#6782,#6783);
#6781 = CARTESIAN_POINT('',(8.,67.,-143.3969696196));
#6782 = DIRECTION('',(0.,0.707106781187,0.707106781187));
#6783 = DIRECTION('',(1.,0.,0.));
#6784 = ADVANCED_FACE('',(#6785),#6796,.F.);
#6785 = FACE_BOUND('',#6786,.F.);
#6786 = EDGE_LOOP('',(#6787,#6788,#6794,#6795));
#6787 = ORIENTED_EDGE('',*,*,#2825,.F.);
#6788 = ORIENTED_EDGE('',*,*,#6789,.F.);
#6789 = EDGE_CURVE('',#3667,#2826,#6790,.T.);
#6790 = LINE('',#6791,#6792);
#6791 = CARTESIAN_POINT('',(71.4,60.211774900609,-150.185194719));
#6792 = VECTOR('',#6793,1.);
#6793 = DIRECTION('',(-0.,0.707106781187,-0.707106781187));
#6794 = ORIENTED_EDGE('',*,*,#3674,.T.);
#6795 = ORIENTED_EDGE('',*,*,#6772,.F.);
#6796 = PLANE('',#6797);
#6797 = AXIS2_PLACEMENT_3D('',#6798,#6799,#6800);
#6798 = CARTESIAN_POINT('',(71.4,50.029437251523,-160.3675323681));
#6799 = DIRECTION('',(-1.,0.,0.));
#6800 = DIRECTION('',(0.,0.707106781187,0.707106781187));
#6801 = ADVANCED_FACE('',(#6802),#6808,.F.);
#6802 = FACE_BOUND('',#6803,.F.);
#6803 = EDGE_LOOP('',(#6804,#6805,#6806,#6807));
#6804 = ORIENTED_EDGE('',*,*,#2833,.F.);
#6805 = ORIENTED_EDGE('',*,*,#3492,.F.);
#6806 = ORIENTED_EDGE('',*,*,#3666,.T.);
#6807 = ORIENTED_EDGE('',*,*,#6789,.T.);
#6808 = PLANE('',#6809);
#6809 = AXIS2_PLACEMENT_3D('',#6810,#6811,#6812);
#6810 = CARTESIAN_POINT('',(133.,60.211774900609,-150.185194719));
#6811 = DIRECTION('',(0.,-0.707106781187,-0.707106781187));
#6812 = DIRECTION('',(-1.,0.,0.));
#6813 = ADVANCED_FACE('',(#6814),#6825,.F.);
#6814 = FACE_BOUND('',#6815,.F.);
#6815 = EDGE_LOOP('',(#6816,#6817,#6823,#6824));
#6816 = ORIENTED_EDGE('',*,*,#2849,.F.);
#6817 = ORIENTED_EDGE('',*,*,#6818,.T.);
#6818 = EDGE_CURVE('',#2850,#3698,#6819,.T.);
#6819 = LINE('',#6820,#6821);
#6820 = CARTESIAN_POINT('',(71.4,75.485281374239,-134.9116882454));
#6821 = VECTOR('',#6822,1.);
#6822 = DIRECTION('',(0.,-0.707106781187,0.707106781187));
#6823 = ORIENTED_EDGE('',*,*,#3705,.T.);
#6824 = ORIENTED_EDGE('',*,*,#3522,.F.);
#6825 = PLANE('',#6826);
#6826 = AXIS2_PLACEMENT_3D('',#6827,#6828,#6829);
#6827 = CARTESIAN_POINT('',(8.,75.485281374239,-134.9116882454));
#6828 = DIRECTION('',(0.,0.707106781187,0.707106781187));
#6829 = DIRECTION('',(1.,0.,0.));
#6830 = ADVANCED_FACE('',(#6831),#6842,.F.);
#6831 = FACE_BOUND('',#6832,.F.);
#6832 = EDGE_LOOP('',(#6833,#6834,#6840,#6841));
#6833 = ORIENTED_EDGE('',*,*,#2859,.F.);
#6834 = ORIENTED_EDGE('',*,*,#6835,.F.);
#6835 = EDGE_CURVE('',#3690,#2860,#6836,.T.);
#6836 = LINE('',#6837,#6838);
#6837 = CARTESIAN_POINT('',(71.4,68.697056274848,-141.6999133448));
#6838 = VECTOR('',#6839,1.);
#6839 = DIRECTION('',(-0.,0.707106781187,-0.707106781187));
#6840 = ORIENTED_EDGE('',*,*,#3697,.T.);
#6841 = ORIENTED_EDGE('',*,*,#6818,.F.);
#6842 = PLANE('',#6843);
#6843 = AXIS2_PLACEMENT_3D('',#6844,#6845,#6846);
#6844 = CARTESIAN_POINT('',(71.4,50.029437251523,-160.3675323681));
#6845 = DIRECTION('',(-1.,0.,0.));
#6846 = DIRECTION('',(0.,0.707106781187,0.707106781187));
#6847 = ADVANCED_FACE('',(#6848),#6854,.F.);
#6848 = FACE_BOUND('',#6849,.F.);
#6849 = EDGE_LOOP('',(#6850,#6851,#6852,#6853));
#6850 = ORIENTED_EDGE('',*,*,#2867,.F.);
#6851 = ORIENTED_EDGE('',*,*,#3515,.F.);
#6852 = ORIENTED_EDGE('',*,*,#3689,.T.);
#6853 = ORIENTED_EDGE('',*,*,#6835,.T.);
#6854 = PLANE('',#6855);
#6855 = AXIS2_PLACEMENT_3D('',#6856,#6857,#6858);
#6856 = CARTESIAN_POINT('',(133.,68.697056274848,-141.6999133448));
#6857 = DIRECTION('',(0.,-0.707106781187,-0.707106781187));
#6858 = DIRECTION('',(-1.,0.,0.));
#6859 = ADVANCED_FACE('',(#6860),#6876,.F.);
#6860 = FACE_BOUND('',#6861,.F.);
#6861 = EDGE_LOOP('',(#6862,#6863,#6869,#6870));
#6862 = ORIENTED_EDGE('',*,*,#2883,.F.);
#6863 = ORIENTED_EDGE('',*,*,#6864,.T.);
#6864 = EDGE_CURVE('',#2884,#4087,#6865,.T.);
#6865 = LINE('',#6866,#6867);
#6866 = CARTESIAN_POINT('',(71.4,83.970562748477,-126.4264068711));
#6867 = VECTOR('',#6868,1.);
#6868 = DIRECTION('',(0.,-0.707106781187,0.707106781187));
#6869 = ORIENTED_EDGE('',*,*,#4094,.T.);
#6870 = ORIENTED_EDGE('',*,*,#6871,.F.);
#6871 = EDGE_CURVE('',#2886,#4095,#6872,.T.);
#6872 = LINE('',#6873,#6874);
#6873 = CARTESIAN_POINT('',(121.,83.970562748477,-126.4264068711));
#6874 = VECTOR('',#6875,1.);
#6875 = DIRECTION('',(0.,-0.707106781187,0.707106781187));
#6876 = PLANE('',#6877);
#6877 = AXIS2_PLACEMENT_3D('',#6878,#6879,#6880);
#6878 = CARTESIAN_POINT('',(8.,83.970562748477,-126.4264068711));
#6879 = DIRECTION('',(0.,0.707106781187,0.707106781187));
#6880 = DIRECTION('',(1.,0.,0.));
#6881 = ADVANCED_FACE('',(#6882),#6893,.F.);
#6882 = FACE_BOUND('',#6883,.F.);
#6883 = EDGE_LOOP('',(#6884,#6885,#6891,#6892));
#6884 = ORIENTED_EDGE('',*,*,#2893,.F.);
#6885 = ORIENTED_EDGE('',*,*,#6886,.F.);
#6886 = EDGE_CURVE('',#4079,#2894,#6887,.T.);
#6887 = LINE('',#6888,#6889);
#6888 = CARTESIAN_POINT('',(71.4,77.182337649086,-133.2146319705));
#6889 = VECTOR('',#6890,1.);
#6890 = DIRECTION('',(-0.,0.707106781187,-0.707106781187));
#6891 = ORIENTED_EDGE('',*,*,#4086,.T.);
#6892 = ORIENTED_EDGE('',*,*,#6864,.F.);
#6893 = PLANE('',#6894);
#6894 = AXIS2_PLACEMENT_3D('',#6895,#6896,#6897);
#6895 = CARTESIAN_POINT('',(71.4,50.029437251523,-160.3675323681));
#6896 = DIRECTION('',(-1.,0.,0.));
#6897 = DIRECTION('',(0.,0.707106781187,0.707106781187));
#6898 = ADVANCED_FACE('',(#6899),#6910,.F.);
#6899 = FACE_BOUND('',#6900,.F.);
#6900 = EDGE_LOOP('',(#6901,#6902,#6908,#6909));
#6901 = ORIENTED_EDGE('',*,*,#4102,.T.);
#6902 = ORIENTED_EDGE('',*,*,#6903,.T.);
#6903 = EDGE_CURVE('',#4077,#2902,#6904,.T.);
#6904 = LINE('',#6905,#6906);
#6905 = CARTESIAN_POINT('',(121.,77.182337649086,-133.2146319705));
#6906 = VECTOR('',#6907,1.);
#6907 = DIRECTION('',(0.,0.707106781187,-0.707106781187));
#6908 = ORIENTED_EDGE('',*,*,#2909,.F.);
#6909 = ORIENTED_EDGE('',*,*,#6871,.T.);
#6910 = PLANE('',#6911);
#6911 = AXIS2_PLACEMENT_3D('',#6912,#6913,#6914);
#6912 = CARTESIAN_POINT('',(121.,143.36753236814,-67.02943725152));
#6913 = DIRECTION('',(1.,0.,0.));
#6914 = DIRECTION('',(0.,-0.707106781187,-0.707106781187));
#6915 = ADVANCED_FACE('',(#6916),#6922,.F.);
#6916 = FACE_BOUND('',#6917,.F.);
#6917 = EDGE_LOOP('',(#6918,#6919,#6920,#6921));
#6918 = ORIENTED_EDGE('',*,*,#2901,.F.);
#6919 = ORIENTED_EDGE('',*,*,#6903,.F.);
#6920 = ORIENTED_EDGE('',*,*,#4076,.T.);
#6921 = ORIENTED_EDGE('',*,*,#6886,.T.);
#6922 = PLANE('',#6923);
#6923 = AXIS2_PLACEMENT_3D('',#6924,#6925,#6926);
#6924 = CARTESIAN_POINT('',(133.,77.182337649086,-133.2146319705));
#6925 = DIRECTION('',(0.,-0.707106781187,-0.707106781187));
#6926 = DIRECTION('',(-1.,0.,0.));
#6927 = ADVANCED_FACE('',(#6928),#6944,.F.);
#6928 = FACE_BOUND('',#6929,.F.);
#6929 = EDGE_LOOP('',(#6930,#6931,#6937,#6938));
#6930 = ORIENTED_EDGE('',*,*,#2917,.F.);
#6931 = ORIENTED_EDGE('',*,*,#6932,.T.);
#6932 = EDGE_CURVE('',#2918,#4121,#6933,.T.);
#6933 = LINE('',#6934,#6935);
#6934 = CARTESIAN_POINT('',(71.4,92.455844122716,-117.9411254969));
#6935 = VECTOR('',#6936,1.);
#6936 = DIRECTION('',(0.,-0.707106781187,0.707106781187));
#6937 = ORIENTED_EDGE('',*,*,#4128,.T.);
#6938 = ORIENTED_EDGE('',*,*,#6939,.F.);
#6939 = EDGE_CURVE('',#2920,#4129,#6940,.T.);
#6940 = LINE('',#6941,#6942);
#6941 = CARTESIAN_POINT('',(121.,92.455844122716,-117.9411254969));
#6942 = VECTOR('',#6943,1.);
#6943 = DIRECTION('',(0.,-0.707106781187,0.707106781187));
#6944 = PLANE('',#6945);
#6945 = AXIS2_PLACEMENT_3D('',#6946,#6947,#6948);
#6946 = CARTESIAN_POINT('',(8.,92.455844122716,-117.9411254969));
#6947 = DIRECTION('',(0.,0.707106781187,0.707106781187));
#6948 = DIRECTION('',(1.,0.,0.));
#6949 = ADVANCED_FACE('',(#6950),#6961,.F.);
#6950 = FACE_BOUND('',#6951,.F.);
#6951 = EDGE_LOOP('',(#6952,#6953,#6959,#6960));
#6952 = ORIENTED_EDGE('',*,*,#2927,.F.);
#6953 = ORIENTED_EDGE('',*,*,#6954,.F.);
#6954 = EDGE_CURVE('',#4113,#2928,#6955,.T.);
#6955 = LINE('',#6956,#6957);
#6956 = CARTESIAN_POINT('',(71.4,85.667619023325,-124.7293505963));
#6957 = VECTOR('',#6958,1.);
#6958 = DIRECTION('',(-0.,0.707106781187,-0.707106781187));
#6959 = ORIENTED_EDGE('',*,*,#4120,.T.);
#6960 = ORIENTED_EDGE('',*,*,#6932,.F.);
#6961 = PLANE('',#6962);
#6962 = AXIS2_PLACEMENT_3D('',#6963,#6964,#6965);
#6963 = CARTESIAN_POINT('',(71.4,50.029437251523,-160.3675323681));
#6964 = DIRECTION('',(-1.,0.,0.));
#6965 = DIRECTION('',(0.,0.707106781187,0.707106781187));
#6966 = ADVANCED_FACE('',(#6967),#6978,.F.);
#6967 = FACE_BOUND('',#6968,.F.);
#6968 = EDGE_LOOP('',(#6969,#6970,#6976,#6977));
#6969 = ORIENTED_EDGE('',*,*,#4136,.T.);
#6970 = ORIENTED_EDGE('',*,*,#6971,.T.);
#6971 = EDGE_CURVE('',#4111,#2936,#6972,.T.);
#6972 = LINE('',#6973,#6974);
#6973 = CARTESIAN_POINT('',(121.,85.667619023325,-124.7293505963));
#6974 = VECTOR('',#6975,1.);
#6975 = DIRECTION('',(0.,0.707106781187,-0.707106781187));
#6976 = ORIENTED_EDGE('',*,*,#2943,.F.);
#6977 = ORIENTED_EDGE('',*,*,#6939,.T.);
#6978 = PLANE('',#6979);
#6979 = AXIS2_PLACEMENT_3D('',#6980,#6981,#6982);
#6980 = CARTESIAN_POINT('',(121.,143.36753236814,-67.02943725152));
#6981 = DIRECTION('',(1.,0.,0.));
#6982 = DIRECTION('',(0.,-0.707106781187,-0.707106781187));
#6983 = ADVANCED_FACE('',(#6984),#6990,.F.);
#6984 = FACE_BOUND('',#6985,.F.);
#6985 = EDGE_LOOP('',(#6986,#6987,#6988,#6989));
#6986 = ORIENTED_EDGE('',*,*,#2935,.F.);
#6987 = ORIENTED_EDGE('',*,*,#6971,.F.);
#6988 = ORIENTED_EDGE('',*,*,#4110,.T.);
#6989 = ORIENTED_EDGE('',*,*,#6954,.T.);
#6990 = PLANE('',#6991);
#6991 = AXIS2_PLACEMENT_3D('',#6992,#6993,#6994);
#6992 = CARTESIAN_POINT('',(133.,85.667619023325,-124.7293505963));
#6993 = DIRECTION('',(0.,-0.707106781187,-0.707106781187));
#6994 = DIRECTION('',(-1.,0.,0.));
#6995 = ADVANCED_FACE('',(#6996),#7002,.F.);
#6996 = FACE_BOUND('',#6997,.F.);
#6997 = EDGE_LOOP('',(#6998,#6999,#7000,#7001));
#6998 = ORIENTED_EDGE('',*,*,#2960,.F.);
#6999 = ORIENTED_EDGE('',*,*,#4409,.F.);
#7000 = ORIENTED_EDGE('',*,*,#3643,.T.);
#7001 = ORIENTED_EDGE('',*,*,#4355,.T.);
#7002 = PLANE('',#7003);
#7003 = AXIS2_PLACEMENT_3D('',#7004,#7005,#7006);
#7004 = CARTESIAN_POINT('',(8.,58.514718625761,-151.8822509939));
#7005 = DIRECTION('',(0.,0.707106781187,0.707106781187));
#7006 = DIRECTION('',(1.,0.,0.));
#7007 = ADVANCED_FACE('',(#7008),#7019,.F.);
#7008 = FACE_BOUND('',#7009,.F.);
#7009 = EDGE_LOOP('',(#7010,#7011,#7017,#7018));
#7010 = ORIENTED_EDGE('',*,*,#2976,.F.);
#7011 = ORIENTED_EDGE('',*,*,#7012,.T.);
#7012 = EDGE_CURVE('',#2977,#3993,#7013,.T.);
#7013 = LINE('',#7014,#7015);
#7014 = CARTESIAN_POINT('',(69.,60.211774900609,-150.185194719));
#7015 = VECTOR('',#7016,1.);
#7016 = DIRECTION('',(0.,-0.707106781187,0.707106781187));
#7017 = ORIENTED_EDGE('',*,*,#4000,.T.);
#7018 = ORIENTED_EDGE('',*,*,#4402,.F.);
#7019 = PLANE('',#7020);
#7020 = AXIS2_PLACEMENT_3D('',#7021,#7022,#7023);
#7021 = CARTESIAN_POINT('',(133.,60.211774900609,-150.185194719));
#7022 = DIRECTION('',(0.,-0.707106781187,-0.707106781187));
#7023 = DIRECTION('',(-1.,0.,0.));
#7024 = ADVANCED_FACE('',(#7025),#7036,.F.);
#7025 = FACE_BOUND('',#7026,.F.);
#7026 = EDGE_LOOP('',(#7027,#7028,#7034,#7035));
#7027 = ORIENTED_EDGE('',*,*,#2986,.F.);
#7028 = ORIENTED_EDGE('',*,*,#7029,.F.);
#7029 = EDGE_CURVE('',#3985,#2987,#7030,.T.);
#7030 = LINE('',#7031,#7032);
#7031 = CARTESIAN_POINT('',(69.,67.,-143.3969696196));
#7032 = VECTOR('',#7033,1.);
#7033 = DIRECTION('',(0.,0.707106781187,-0.707106781187));
#7034 = ORIENTED_EDGE('',*,*,#3992,.T.);
#7035 = ORIENTED_EDGE('',*,*,#7012,.F.);
#7036 = PLANE('',#7037);
#7037 = AXIS2_PLACEMENT_3D('',#7038,#7039,#7040);
#7038 = CARTESIAN_POINT('',(69.,143.36753236814,-67.02943725152));
#7039 = DIRECTION('',(1.,0.,0.));
#7040 = DIRECTION('',(0.,-0.707106781187,-0.707106781187));
#7041 = ADVANCED_FACE('',(#7042),#7048,.F.);
#7042 = FACE_BOUND('',#7043,.F.);
#7043 = EDGE_LOOP('',(#7044,#7045,#7046,#7047));
#7044 = ORIENTED_EDGE('',*,*,#2994,.F.);
#7045 = ORIENTED_EDGE('',*,*,#4395,.F.);
#7046 = ORIENTED_EDGE('',*,*,#3984,.T.);
#7047 = ORIENTED_EDGE('',*,*,#7029,.T.);
#7048 = PLANE('',#7049);
#7049 = AXIS2_PLACEMENT_3D('',#7050,#7051,#7052);
#7050 = CARTESIAN_POINT('',(8.,67.,-143.3969696196));
#7051 = DIRECTION('',(0.,0.707106781187,0.707106781187));
#7052 = DIRECTION('',(1.,0.,0.));
#7053 = ADVANCED_FACE('',(#7054),#7065,.F.);
#7054 = FACE_BOUND('',#7055,.F.);
#7055 = EDGE_LOOP('',(#7056,#7057,#7063,#7064));
#7056 = ORIENTED_EDGE('',*,*,#3010,.F.);
#7057 = ORIENTED_EDGE('',*,*,#7058,.T.);
#7058 = EDGE_CURVE('',#3011,#3961,#7059,.T.);
#7059 = LINE('',#7060,#7061);
#7060 = CARTESIAN_POINT('',(69.,68.697056274848,-141.6999133448));
#7061 = VECTOR('',#7062,1.);
#7062 = DIRECTION('',(0.,-0.707106781187,0.707106781187));
#7063 = ORIENTED_EDGE('',*,*,#3968,.T.);
#7064 = ORIENTED_EDGE('',*,*,#4388,.F.);
#7065 = PLANE('',#7066);
#7066 = AXIS2_PLACEMENT_3D('',#7067,#7068,#7069);
#7067 = CARTESIAN_POINT('',(133.,68.697056274848,-141.6999133448));
#7068 = DIRECTION('',(0.,-0.707106781187,-0.707106781187));
#7069 = DIRECTION('',(-1.,0.,0.));
#7070 = ADVANCED_FACE('',(#7071),#7082,.F.);
#7071 = FACE_BOUND('',#7072,.F.);
#7072 = EDGE_LOOP('',(#7073,#7074,#7080,#7081));
#7073 = ORIENTED_EDGE('',*,*,#3020,.F.);
#7074 = ORIENTED_EDGE('',*,*,#7075,.F.);
#7075 = EDGE_CURVE('',#3953,#3021,#7076,.T.);
#7076 = LINE('',#7077,#7078);
#7077 = CARTESIAN_POINT('',(69.,75.485281374239,-134.9116882454));
#7078 = VECTOR('',#7079,1.);
#7079 = DIRECTION('',(0.,0.707106781187,-0.707106781187));
#7080 = ORIENTED_EDGE('',*,*,#3960,.T.);
#7081 = ORIENTED_EDGE('',*,*,#7058,.F.);
#7082 = PLANE('',#7083);
#7083 = AXIS2_PLACEMENT_3D('',#7084,#7085,#7086);
#7084 = CARTESIAN_POINT('',(69.,143.36753236814,-67.02943725152));
#7085 = DIRECTION('',(1.,0.,0.));
#7086 = DIRECTION('',(0.,-0.707106781187,-0.707106781187));
#7087 = ADVANCED_FACE('',(#7088),#7094,.F.);
#7088 = FACE_BOUND('',#7089,.F.);
#7089 = EDGE_LOOP('',(#7090,#7091,#7092,#7093));
#7090 = ORIENTED_EDGE('',*,*,#3028,.F.);
#7091 = ORIENTED_EDGE('',*,*,#4381,.F.);
#7092 = ORIENTED_EDGE('',*,*,#3952,.T.);
#7093 = ORIENTED_EDGE('',*,*,#7075,.T.);
#7094 = PLANE('',#7095);
#7095 = AXIS2_PLACEMENT_3D('',#7096,#7097,#7098);
#7096 = CARTESIAN_POINT('',(8.,75.485281374239,-134.9116882454));
#7097 = DIRECTION('',(0.,0.707106781187,0.707106781187));
#7098 = DIRECTION('',(1.,0.,0.));
#7099 = ADVANCED_FACE('',(#7100),#7116,.F.);
#7100 = FACE_BOUND('',#7101,.F.);
#7101 = EDGE_LOOP('',(#7102,#7103,#7109,#7110));
#7102 = ORIENTED_EDGE('',*,*,#3044,.F.);
#7103 = ORIENTED_EDGE('',*,*,#7104,.T.);
#7104 = EDGE_CURVE('',#3045,#4019,#7105,.T.);
#7105 = LINE('',#7106,#7107);
#7106 = CARTESIAN_POINT('',(69.,77.182337649086,-133.2146319705));
#7107 = VECTOR('',#7108,1.);
#7108 = DIRECTION('',(0.,-0.707106781187,0.707106781187));
#7109 = ORIENTED_EDGE('',*,*,#4026,.T.);
#7110 = ORIENTED_EDGE('',*,*,#7111,.F.);
#7111 = EDGE_CURVE('',#3047,#4027,#7112,.T.);
#7112 = LINE('',#7113,#7114);
#7113 = CARTESIAN_POINT('',(19.,77.182337649086,-133.2146319705));
#7114 = VECTOR('',#7115,1.);
#7115 = DIRECTION('',(0.,-0.707106781187,0.707106781187));
#7116 = PLANE('',#7117);
#7117 = AXIS2_PLACEMENT_3D('',#7118,#7119,#7120);
#7118 = CARTESIAN_POINT('',(133.,77.182337649086,-133.2146319705));
#7119 = DIRECTION('',(0.,-0.707106781187,-0.707106781187));
#7120 = DIRECTION('',(-1.,0.,0.));
#7121 = ADVANCED_FACE('',(#7122),#7133,.F.);
#7122 = FACE_BOUND('',#7123,.F.);
#7123 = EDGE_LOOP('',(#7124,#7125,#7131,#7132));
#7124 = ORIENTED_EDGE('',*,*,#3054,.F.);
#7125 = ORIENTED_EDGE('',*,*,#7126,.F.);
#7126 = EDGE_CURVE('',#4011,#3055,#7127,.T.);
#7127 = LINE('',#7128,#7129);
#7128 = CARTESIAN_POINT('',(69.,83.970562748477,-126.4264068711));
#7129 = VECTOR('',#7130,1.);
#7130 = DIRECTION('',(0.,0.707106781187,-0.707106781187));
#7131 = ORIENTED_EDGE('',*,*,#4018,.T.);
#7132 = ORIENTED_EDGE('',*,*,#7104,.F.);
#7133 = PLANE('',#7134);
#7134 = AXIS2_PLACEMENT_3D('',#7135,#7136,#7137);
#7135 = CARTESIAN_POINT('',(69.,143.36753236814,-67.02943725152));
#7136 = DIRECTION('',(1.,0.,0.));
#7137 = DIRECTION('',(0.,-0.707106781187,-0.707106781187));
#7138 = ADVANCED_FACE('',(#7139),#7150,.F.);
#7139 = FACE_BOUND('',#7140,.F.);
#7140 = EDGE_LOOP('',(#7141,#7142,#7143,#7149));
#7141 = ORIENTED_EDGE('',*,*,#7111,.T.);
#7142 = ORIENTED_EDGE('',*,*,#4034,.T.);
#7143 = ORIENTED_EDGE('',*,*,#7144,.T.);
#7144 = EDGE_CURVE('',#4009,#3063,#7145,.T.);
#7145 = LINE('',#7146,#7147);
#7146 = CARTESIAN_POINT('',(19.,83.970562748477,-126.4264068711));
#7147 = VECTOR('',#7148,1.);
#7148 = DIRECTION('',(0.,0.707106781187,-0.707106781187));
#7149 = ORIENTED_EDGE('',*,*,#3070,.F.);
#7150 = PLANE('',#7151);
#7151 = AXIS2_PLACEMENT_3D('',#7152,#7153,#7154);
#7152 = CARTESIAN_POINT('',(19.,50.029437251523,-160.3675323681));
#7153 = DIRECTION('',(-1.,0.,0.));
#7154 = DIRECTION('',(0.,0.707106781187,0.707106781187));
#7155 = ADVANCED_FACE('',(#7156),#7162,.F.);
#7156 = FACE_BOUND('',#7157,.F.);
#7157 = EDGE_LOOP('',(#7158,#7159,#7160,#7161));
#7158 = ORIENTED_EDGE('',*,*,#3062,.F.);
#7159 = ORIENTED_EDGE('',*,*,#7144,.F.);
#7160 = ORIENTED_EDGE('',*,*,#4008,.T.);
#7161 = ORIENTED_EDGE('',*,*,#7126,.T.);
#7162 = PLANE('',#7163);
#7163 = AXIS2_PLACEMENT_3D('',#7164,#7165,#7166);
#7164 = CARTESIAN_POINT('',(8.,83.970562748477,-126.4264068711));
#7165 = DIRECTION('',(0.,0.707106781187,0.707106781187));
#7166 = DIRECTION('',(1.,0.,0.));
#7167 = ADVANCED_FACE('',(#7168),#7184,.F.);
#7168 = FACE_BOUND('',#7169,.F.);
#7169 = EDGE_LOOP('',(#7170,#7171,#7177,#7178));
#7170 = ORIENTED_EDGE('',*,*,#3078,.F.);
#7171 = ORIENTED_EDGE('',*,*,#7172,.T.);
#7172 = EDGE_CURVE('',#3079,#4053,#7173,.T.);
#7173 = LINE('',#7174,#7175);
#7174 = CARTESIAN_POINT('',(69.,85.667619023325,-124.7293505963));
#7175 = VECTOR('',#7176,1.);
#7176 = DIRECTION('',(0.,-0.707106781187,0.707106781187));
#7177 = ORIENTED_EDGE('',*,*,#4060,.T.);
#7178 = ORIENTED_EDGE('',*,*,#7179,.F.);
#7179 = EDGE_CURVE('',#3081,#4061,#7180,.T.);
#7180 = LINE('',#7181,#7182);
#7181 = CARTESIAN_POINT('',(19.,85.667619023325,-124.7293505963));
#7182 = VECTOR('',#7183,1.);
#7183 = DIRECTION('',(0.,-0.707106781187,0.707106781187));
#7184 = PLANE('',#7185);
#7185 = AXIS2_PLACEMENT_3D('',#7186,#7187,#7188);
#7186 = CARTESIAN_POINT('',(133.,85.667619023325,-124.7293505963));
#7187 = DIRECTION('',(0.,-0.707106781187,-0.707106781187));
#7188 = DIRECTION('',(-1.,0.,0.));
#7189 = ADVANCED_FACE('',(#7190),#7201,.F.);
#7190 = FACE_BOUND('',#7191,.F.);
#7191 = EDGE_LOOP('',(#7192,#7193,#7199,#7200));
#7192 = ORIENTED_EDGE('',*,*,#3088,.F.);
#7193 = ORIENTED_EDGE('',*,*,#7194,.F.);
#7194 = EDGE_CURVE('',#4045,#3089,#7195,.T.);
#7195 = LINE('',#7196,#7197);
#7196 = CARTESIAN_POINT('',(69.,92.455844122716,-117.9411254969));
#7197 = VECTOR('',#7198,1.);
#7198 = DIRECTION('',(0.,0.707106781187,-0.707106781187));
#7199 = ORIENTED_EDGE('',*,*,#4052,.T.);
#7200 = ORIENTED_EDGE('',*,*,#7172,.F.);
#7201 = PLANE('',#7202);
#7202 = AXIS2_PLACEMENT_3D('',#7203,#7204,#7205);
#7203 = CARTESIAN_POINT('',(69.,143.36753236814,-67.02943725152));
#7204 = DIRECTION('',(1.,0.,0.));
#7205 = DIRECTION('',(0.,-0.707106781187,-0.707106781187));
#7206 = ADVANCED_FACE('',(#7207),#7218,.F.);
#7207 = FACE_BOUND('',#7208,.F.);
#7208 = EDGE_LOOP('',(#7209,#7210,#7211,#7217));
#7209 = ORIENTED_EDGE('',*,*,#7179,.T.);
#7210 = ORIENTED_EDGE('',*,*,#4068,.T.);
#7211 = ORIENTED_EDGE('',*,*,#7212,.T.);
#7212 = EDGE_CURVE('',#4043,#3097,#7213,.T.);
#7213 = LINE('',#7214,#7215);
#7214 = CARTESIAN_POINT('',(19.,92.455844122716,-117.9411254969));
#7215 = VECTOR('',#7216,1.);
#7216 = DIRECTION('',(0.,0.707106781187,-0.707106781187));
#7217 = ORIENTED_EDGE('',*,*,#3104,.F.);
#7218 = PLANE('',#7219);
#7219 = AXIS2_PLACEMENT_3D('',#7220,#7221,#7222);
#7220 = CARTESIAN_POINT('',(19.,50.029437251523,-160.3675323681));
#7221 = DIRECTION('',(-1.,0.,0.));
#7222 = DIRECTION('',(0.,0.707106781187,0.707106781187));
#7223 = ADVANCED_FACE('',(#7224),#7230,.F.);
#7224 = FACE_BOUND('',#7225,.F.);
#7225 = EDGE_LOOP('',(#7226,#7227,#7228,#7229));
#7226 = ORIENTED_EDGE('',*,*,#3096,.F.);
#7227 = ORIENTED_EDGE('',*,*,#7212,.F.);
#7228 = ORIENTED_EDGE('',*,*,#4042,.T.);
#7229 = ORIENTED_EDGE('',*,*,#7194,.T.);
#7230 = PLANE('',#7231);
#7231 = AXIS2_PLACEMENT_3D('',#7232,#7233,#7234);
#7232 = CARTESIAN_POINT('',(8.,92.455844122716,-117.9411254969));
#7233 = DIRECTION('',(0.,0.707106781187,0.707106781187));
#7234 = DIRECTION('',(1.,0.,0.));
#7235 = ADVANCED_FACE('',(#7236),#7252,.F.);
#7236 = FACE_BOUND('',#7237,.F.);
#7237 = EDGE_LOOP('',(#7238,#7239,#7245,#7246));
#7238 = ORIENTED_EDGE('',*,*,#3112,.F.);
#7239 = ORIENTED_EDGE('',*,*,#7240,.T.);
#7240 = EDGE_CURVE('',#3113,#4257,#7241,.T.);
#7241 = LINE('',#7242,#7243);
#7242 = CARTESIAN_POINT('',(71.4,100.94112549695,-109.4558441227));
#7243 = VECTOR('',#7244,1.);
#7244 = DIRECTION('',(0.,-0.707106781187,0.707106781187));
#7245 = ORIENTED_EDGE('',*,*,#4264,.T.);
#7246 = ORIENTED_EDGE('',*,*,#7247,.F.);
#7247 = EDGE_CURVE('',#3115,#4265,#7248,.T.);
#7248 = LINE('',#7249,#7250);
#7249 = CARTESIAN_POINT('',(121.,100.94112549695,-109.4558441227));
#7250 = VECTOR('',#7251,1.);
#7251 = DIRECTION('',(0.,-0.707106781187,0.707106781187));
#7252 = PLANE('',#7253);
#7253 = AXIS2_PLACEMENT_3D('',#7254,#7255,#7256);
#7254 = CARTESIAN_POINT('',(8.,100.94112549695,-109.4558441227));
#7255 = DIRECTION('',(0.,0.707106781187,0.707106781187));
#7256 = DIRECTION('',(1.,0.,0.));
#7257 = ADVANCED_FACE('',(#7258),#7269,.F.);
#7258 = FACE_BOUND('',#7259,.F.);
#7259 = EDGE_LOOP('',(#7260,#7261,#7267,#7268));
#7260 = ORIENTED_EDGE('',*,*,#3122,.F.);
#7261 = ORIENTED_EDGE('',*,*,#7262,.F.);
#7262 = EDGE_CURVE('',#4249,#3123,#7263,.T.);
#7263 = LINE('',#7264,#7265);
#7264 = CARTESIAN_POINT('',(71.4,94.152900397563,-116.2440692221));
#7265 = VECTOR('',#7266,1.);
#7266 = DIRECTION('',(-0.,0.707106781187,-0.707106781187));
#7267 = ORIENTED_EDGE('',*,*,#4256,.T.);
#7268 = ORIENTED_EDGE('',*,*,#7240,.F.);
#7269 = PLANE('',#7270);
#7270 = AXIS2_PLACEMENT_3D('',#7271,#7272,#7273);
#7271 = CARTESIAN_POINT('',(71.4,50.029437251523,-160.3675323681));
#7272 = DIRECTION('',(-1.,0.,0.));
#7273 = DIRECTION('',(0.,0.707106781187,0.707106781187));
#7274 = ADVANCED_FACE('',(#7275),#7286,.F.);
#7275 = FACE_BOUND('',#7276,.F.);
#7276 = EDGE_LOOP('',(#7277,#7278,#7279,#7285));
#7277 = ORIENTED_EDGE('',*,*,#7247,.T.);
#7278 = ORIENTED_EDGE('',*,*,#4272,.T.);
#7279 = ORIENTED_EDGE('',*,*,#7280,.T.);
#7280 = EDGE_CURVE('',#4247,#3131,#7281,.T.);
#7281 = LINE('',#7282,#7283);
#7282 = CARTESIAN_POINT('',(121.,94.152900397563,-116.2440692221));
#7283 = VECTOR('',#7284,1.);
#7284 = DIRECTION('',(0.,0.707106781187,-0.707106781187));
#7285 = ORIENTED_EDGE('',*,*,#3138,.F.);
#7286 = PLANE('',#7287);
#7287 = AXIS2_PLACEMENT_3D('',#7288,#7289,#7290);
#7288 = CARTESIAN_POINT('',(121.,143.36753236814,-67.02943725152));
#7289 = DIRECTION('',(1.,0.,0.));
#7290 = DIRECTION('',(0.,-0.707106781187,-0.707106781187));
#7291 = ADVANCED_FACE('',(#7292),#7298,.F.);
#7292 = FACE_BOUND('',#7293,.F.);
#7293 = EDGE_LOOP('',(#7294,#7295,#7296,#7297));
#7294 = ORIENTED_EDGE('',*,*,#3130,.F.);
#7295 = ORIENTED_EDGE('',*,*,#7280,.F.);
#7296 = ORIENTED_EDGE('',*,*,#4246,.T.);
#7297 = ORIENTED_EDGE('',*,*,#7262,.T.);
#7298 = PLANE('',#7299);
#7299 = AXIS2_PLACEMENT_3D('',#7300,#7301,#7302);
#7300 = CARTESIAN_POINT('',(133.,94.152900397563,-116.2440692221));
#7301 = DIRECTION('',(0.,-0.707106781187,-0.707106781187));
#7302 = DIRECTION('',(-1.,0.,0.));
#7303 = ADVANCED_FACE('',(#7304),#7320,.F.);
#7304 = FACE_BOUND('',#7305,.F.);
#7305 = EDGE_LOOP('',(#7306,#7307,#7313,#7314));
#7306 = ORIENTED_EDGE('',*,*,#3146,.F.);
#7307 = ORIENTED_EDGE('',*,*,#7308,.T.);
#7308 = EDGE_CURVE('',#3147,#4291,#7309,.T.);
#7309 = LINE('',#7310,#7311);
#7310 = CARTESIAN_POINT('',(71.4,109.42640687119,-100.9705627484));
#7311 = VECTOR('',#7312,1.);
#7312 = DIRECTION('',(0.,-0.707106781187,0.707106781187));
#7313 = ORIENTED_EDGE('',*,*,#4298,.T.);
#7314 = ORIENTED_EDGE('',*,*,#7315,.F.);
#7315 = EDGE_CURVE('',#3149,#4299,#7316,.T.);
#7316 = LINE('',#7317,#7318);
#7317 = CARTESIAN_POINT('',(121.,109.42640687119,-100.9705627484));
#7318 = VECTOR('',#7319,1.);
#7319 = DIRECTION('',(0.,-0.707106781187,0.707106781187));
#7320 = PLANE('',#7321);
#7321 = AXIS2_PLACEMENT_3D('',#7322,#7323,#7324);
#7322 = CARTESIAN_POINT('',(8.,109.42640687119,-100.9705627484));
#7323 = DIRECTION('',(0.,0.707106781187,0.707106781187));
#7324 = DIRECTION('',(1.,0.,0.));
#7325 = ADVANCED_FACE('',(#7326),#7337,.F.);
#7326 = FACE_BOUND('',#7327,.F.);
#7327 = EDGE_LOOP('',(#7328,#7329,#7335,#7336));
#7328 = ORIENTED_EDGE('',*,*,#3156,.F.);
#7329 = ORIENTED_EDGE('',*,*,#7330,.F.);
#7330 = EDGE_CURVE('',#4283,#3157,#7331,.T.);
#7331 = LINE('',#7332,#7333);
#7332 = CARTESIAN_POINT('',(71.4,102.6381817718,-107.7587878478));
#7333 = VECTOR('',#7334,1.);
#7334 = DIRECTION('',(-0.,0.707106781187,-0.707106781187));
#7335 = ORIENTED_EDGE('',*,*,#4290,.T.);
#7336 = ORIENTED_EDGE('',*,*,#7308,.F.);
#7337 = PLANE('',#7338);
#7338 = AXIS2_PLACEMENT_3D('',#7339,#7340,#7341);
#7339 = CARTESIAN_POINT('',(71.4,50.029437251523,-160.3675323681));
#7340 = DIRECTION('',(-1.,0.,0.));
#7341 = DIRECTION('',(0.,0.707106781187,0.707106781187));
#7342 = ADVANCED_FACE('',(#7343),#7354,.F.);
#7343 = FACE_BOUND('',#7344,.F.);
#7344 = EDGE_LOOP('',(#7345,#7346,#7347,#7353));
#7345 = ORIENTED_EDGE('',*,*,#7315,.T.);
#7346 = ORIENTED_EDGE('',*,*,#4306,.T.);
#7347 = ORIENTED_EDGE('',*,*,#7348,.T.);
#7348 = EDGE_CURVE('',#4281,#3165,#7349,.T.);
#7349 = LINE('',#7350,#7351);
#7350 = CARTESIAN_POINT('',(121.,102.6381817718,-107.7587878478));
#7351 = VECTOR('',#7352,1.);
#7352 = DIRECTION('',(0.,0.707106781187,-0.707106781187));
#7353 = ORIENTED_EDGE('',*,*,#3172,.F.);
#7354 = PLANE('',#7355);
#7355 = AXIS2_PLACEMENT_3D('',#7356,#7357,#7358);
#7356 = CARTESIAN_POINT('',(121.,143.36753236814,-67.02943725152));
#7357 = DIRECTION('',(1.,0.,0.));
#7358 = DIRECTION('',(0.,-0.707106781187,-0.707106781187));
#7359 = ADVANCED_FACE('',(#7360),#7366,.F.);
#7360 = FACE_BOUND('',#7361,.F.);
#7361 = EDGE_LOOP('',(#7362,#7363,#7364,#7365));
#7362 = ORIENTED_EDGE('',*,*,#3164,.F.);
#7363 = ORIENTED_EDGE('',*,*,#7348,.F.);
#7364 = ORIENTED_EDGE('',*,*,#4280,.T.);
#7365 = ORIENTED_EDGE('',*,*,#7330,.T.);
#7366 = PLANE('',#7367);
#7367 = AXIS2_PLACEMENT_3D('',#7368,#7369,#7370);
#7368 = CARTESIAN_POINT('',(133.,102.6381817718,-107.7587878478));
#7369 = DIRECTION('',(0.,-0.707106781187,-0.707106781187));
#7370 = DIRECTION('',(-1.,0.,0.));
#7371 = ADVANCED_FACE('',(#7372),#7388,.F.);
#7372 = FACE_BOUND('',#7373,.F.);
#7373 = EDGE_LOOP('',(#7374,#7375,#7381,#7382));
#7374 = ORIENTED_EDGE('',*,*,#3180,.F.);
#7375 = ORIENTED_EDGE('',*,*,#7376,.T.);
#7376 = EDGE_CURVE('',#3181,#4325,#7377,.T.);
#7377 = LINE('',#7378,#7379);
#7378 = CARTESIAN_POINT('',(71.4,117.91168824543,-92.48528137423));
#7379 = VECTOR('',#7380,1.);
#7380 = DIRECTION('',(0.,-0.707106781187,0.707106781187));
#7381 = ORIENTED_EDGE('',*,*,#4332,.T.);
#7382 = ORIENTED_EDGE('',*,*,#7383,.F.);
#7383 = EDGE_CURVE('',#3183,#4333,#7384,.T.);
#7384 = LINE('',#7385,#7386);
#7385 = CARTESIAN_POINT('',(121.,117.91168824543,-92.48528137423));
#7386 = VECTOR('',#7387,1.);
#7387 = DIRECTION('',(0.,-0.707106781187,0.707106781187));
#7388 = PLANE('',#7389);
#7389 = AXIS2_PLACEMENT_3D('',#7390,#7391,#7392);
#7390 = CARTESIAN_POINT('',(8.,117.91168824543,-92.48528137423));
#7391 = DIRECTION('',(0.,0.707106781187,0.707106781187));
#7392 = DIRECTION('',(1.,0.,0.));
#7393 = ADVANCED_FACE('',(#7394),#7405,.F.);
#7394 = FACE_BOUND('',#7395,.F.);
#7395 = EDGE_LOOP('',(#7396,#7397,#7403,#7404));
#7396 = ORIENTED_EDGE('',*,*,#3190,.F.);
#7397 = ORIENTED_EDGE('',*,*,#7398,.F.);
#7398 = EDGE_CURVE('',#4317,#3191,#7399,.T.);
#7399 = LINE('',#7400,#7401);
#7400 = CARTESIAN_POINT('',(71.4,111.12346314604,-99.27350647362));
#7401 = VECTOR('',#7402,1.);
#7402 = DIRECTION('',(-0.,0.707106781187,-0.707106781187));
#7403 = ORIENTED_EDGE('',*,*,#4324,.T.);
#7404 = ORIENTED_EDGE('',*,*,#7376,.F.);
#7405 = PLANE('',#7406);
#7406 = AXIS2_PLACEMENT_3D('',#7407,#7408,#7409);
#7407 = CARTESIAN_POINT('',(71.4,50.029437251523,-160.3675323681));
#7408 = DIRECTION('',(-1.,0.,0.));
#7409 = DIRECTION('',(0.,0.707106781187,0.707106781187));
#7410 = ADVANCED_FACE('',(#7411),#7422,.F.);
#7411 = FACE_BOUND('',#7412,.F.);
#7412 = EDGE_LOOP('',(#7413,#7414,#7415,#7421));
#7413 = ORIENTED_EDGE('',*,*,#7383,.T.);
#7414 = ORIENTED_EDGE('',*,*,#4340,.T.);
#7415 = ORIENTED_EDGE('',*,*,#7416,.T.);
#7416 = EDGE_CURVE('',#4315,#3199,#7417,.T.);
#7417 = LINE('',#7418,#7419);
#7418 = CARTESIAN_POINT('',(121.,111.12346314604,-99.27350647362));
#7419 = VECTOR('',#7420,1.);
#7420 = DIRECTION('',(0.,0.707106781187,-0.707106781187));
#7421 = ORIENTED_EDGE('',*,*,#3206,.F.);
#7422 = PLANE('',#7423);
#7423 = AXIS2_PLACEMENT_3D('',#7424,#7425,#7426);
#7424 = CARTESIAN_POINT('',(121.,143.36753236814,-67.02943725152));
#7425 = DIRECTION('',(1.,0.,0.));
#7426 = DIRECTION('',(0.,-0.707106781187,-0.707106781187));
#7427 = ADVANCED_FACE('',(#7428),#7434,.F.);
#7428 = FACE_BOUND('',#7429,.F.);
#7429 = EDGE_LOOP('',(#7430,#7431,#7432,#7433));
#7430 = ORIENTED_EDGE('',*,*,#3198,.F.);
#7431 = ORIENTED_EDGE('',*,*,#7416,.F.);
#7432 = ORIENTED_EDGE('',*,*,#4314,.T.);
#7433 = ORIENTED_EDGE('',*,*,#7398,.T.);
#7434 = PLANE('',#7435);
#7435 = AXIS2_PLACEMENT_3D('',#7436,#7437,#7438);
#7436 = CARTESIAN_POINT('',(133.,111.12346314604,-99.27350647362));
#7437 = DIRECTION('',(0.,-0.707106781187,-0.707106781187));
#7438 = DIRECTION('',(-1.,0.,0.));
#7439 = ADVANCED_FACE('',(#7440),#7451,.F.);
#7440 = FACE_BOUND('',#7441,.F.);
#7441 = EDGE_LOOP('',(#7442,#7443,#7449,#7450));
#7442 = ORIENTED_EDGE('',*,*,#3214,.F.);
#7443 = ORIENTED_EDGE('',*,*,#7444,.T.);
#7444 = EDGE_CURVE('',#3215,#3753,#7445,.T.);
#7445 = LINE('',#7446,#7447);
#7446 = CARTESIAN_POINT('',(71.4,126.39696961967,-84.));
#7447 = VECTOR('',#7448,1.);
#7448 = DIRECTION('',(0.,-0.707106781187,0.707106781187));
#7449 = ORIENTED_EDGE('',*,*,#3760,.T.);
#7450 = ORIENTED_EDGE('',*,*,#5488,.F.);
#7451 = PLANE('',#7452);
#7452 = AXIS2_PLACEMENT_3D('',#7453,#7454,#7455);
#7453 = CARTESIAN_POINT('',(8.,126.39696961967,-84.));
#7454 = DIRECTION('',(0.,0.707106781187,0.707106781187));
#7455 = DIRECTION('',(1.,0.,0.));
#7456 = ADVANCED_FACE('',(#7457),#7468,.F.);
#7457 = FACE_BOUND('',#7458,.F.);
#7458 = EDGE_LOOP('',(#7459,#7460,#7466,#7467));
#7459 = ORIENTED_EDGE('',*,*,#3224,.F.);
#7460 = ORIENTED_EDGE('',*,*,#7461,.F.);
#7461 = EDGE_CURVE('',#3745,#3225,#7462,.T.);
#7462 = LINE('',#7463,#7464);
#7463 = CARTESIAN_POINT('',(71.4,119.60874452027,-90.78822509939));
#7464 = VECTOR('',#7465,1.);
#7465 = DIRECTION('',(-0.,0.707106781187,-0.707106781187));
#7466 = ORIENTED_EDGE('',*,*,#3752,.T.);
#7467 = ORIENTED_EDGE('',*,*,#7444,.F.);
#7468 = PLANE('',#7469);
#7469 = AXIS2_PLACEMENT_3D('',#7470,#7471,#7472);
#7470 = CARTESIAN_POINT('',(71.4,50.029437251523,-160.3675323681));
#7471 = DIRECTION('',(-1.,0.,0.));
#7472 = DIRECTION('',(0.,0.707106781187,0.707106781187));
#7473 = ADVANCED_FACE('',(#7474),#7480,.F.);
#7474 = FACE_BOUND('',#7475,.F.);
#7475 = EDGE_LOOP('',(#7476,#7477,#7478,#7479));
#7476 = ORIENTED_EDGE('',*,*,#3232,.F.);
#7477 = ORIENTED_EDGE('',*,*,#5481,.F.);
#7478 = ORIENTED_EDGE('',*,*,#3744,.T.);
#7479 = ORIENTED_EDGE('',*,*,#7461,.T.);
#7480 = PLANE('',#7481);
#7481 = AXIS2_PLACEMENT_3D('',#7482,#7483,#7484);
#7482 = CARTESIAN_POINT('',(133.,119.60874452027,-90.78822509939));
#7483 = DIRECTION('',(0.,-0.707106781187,-0.707106781187));
#7484 = DIRECTION('',(-1.,0.,0.));
#7485 = ADVANCED_FACE('',(#7486),#7497,.F.);
#7486 = FACE_BOUND('',#7487,.F.);
#7487 = EDGE_LOOP('',(#7488,#7489,#7495,#7496));
#7488 = ORIENTED_EDGE('',*,*,#3248,.F.);
#7489 = ORIENTED_EDGE('',*,*,#7490,.T.);
#7490 = EDGE_CURVE('',#3249,#3785,#7491,.T.);
#7491 = LINE('',#7492,#7493);
#7492 = CARTESIAN_POINT('',(71.4,134.8822509939,-75.51471862576));
#7493 = VECTOR('',#7494,1.);
#7494 = DIRECTION('',(0.,-0.707106781187,0.707106781187));
#7495 = ORIENTED_EDGE('',*,*,#3792,.T.);
#7496 = ORIENTED_EDGE('',*,*,#5502,.F.);
#7497 = PLANE('',#7498);
#7498 = AXIS2_PLACEMENT_3D('',#7499,#7500,#7501);
#7499 = CARTESIAN_POINT('',(8.,134.8822509939,-75.51471862576));
#7500 = DIRECTION('',(0.,0.707106781187,0.707106781187));
#7501 = DIRECTION('',(1.,0.,0.));
#7502 = ADVANCED_FACE('',(#7503),#7514,.F.);
#7503 = FACE_BOUND('',#7504,.F.);
#7504 = EDGE_LOOP('',(#7505,#7506,#7512,#7513));
#7505 = ORIENTED_EDGE('',*,*,#3258,.F.);
#7506 = ORIENTED_EDGE('',*,*,#7507,.F.);
#7507 = EDGE_CURVE('',#3777,#3259,#7508,.T.);
#7508 = LINE('',#7509,#7510);
#7509 = CARTESIAN_POINT('',(71.4,128.09402589451,-82.30294372515));
#7510 = VECTOR('',#7511,1.);
#7511 = DIRECTION('',(-0.,0.707106781187,-0.707106781187));
#7512 = ORIENTED_EDGE('',*,*,#3784,.T.);
#7513 = ORIENTED_EDGE('',*,*,#7490,.F.);
#7514 = PLANE('',#7515);
#7515 = AXIS2_PLACEMENT_3D('',#7516,#7517,#7518);
#7516 = CARTESIAN_POINT('',(71.4,50.029437251523,-160.3675323681));
#7517 = DIRECTION('',(-1.,0.,0.));
#7518 = DIRECTION('',(0.,0.707106781187,0.707106781187));
#7519 = ADVANCED_FACE('',(#7520),#7526,.F.);
#7520 = FACE_BOUND('',#7521,.F.);
#7521 = EDGE_LOOP('',(#7522,#7523,#7524,#7525));
#7522 = ORIENTED_EDGE('',*,*,#3266,.F.);
#7523 = ORIENTED_EDGE('',*,*,#5495,.F.);
#7524 = ORIENTED_EDGE('',*,*,#3776,.T.);
#7525 = ORIENTED_EDGE('',*,*,#7507,.T.);
#7526 = PLANE('',#7527);
#7527 = AXIS2_PLACEMENT_3D('',#7528,#7529,#7530);
#7528 = CARTESIAN_POINT('',(133.,128.09402589451,-82.30294372515));
#7529 = DIRECTION('',(0.,-0.707106781187,-0.707106781187));
#7530 = DIRECTION('',(-1.,0.,0.));
#7531 = ADVANCED_FACE('',(#7532),#7548,.F.);
#7532 = FACE_BOUND('',#7533,.F.);
#7533 = EDGE_LOOP('',(#7534,#7535,#7541,#7542));
#7534 = ORIENTED_EDGE('',*,*,#3282,.F.);
#7535 = ORIENTED_EDGE('',*,*,#7536,.T.);
#7536 = EDGE_CURVE('',#3283,#4155,#7537,.T.);
#7537 = LINE('',#7538,#7539);
#7538 = CARTESIAN_POINT('',(69.,94.152900397563,-116.2440692221));
#7539 = VECTOR('',#7540,1.);
#7540 = DIRECTION('',(0.,-0.707106781187,0.707106781187));
#7541 = ORIENTED_EDGE('',*,*,#4162,.T.);
#7542 = ORIENTED_EDGE('',*,*,#7543,.F.);
#7543 = EDGE_CURVE('',#3285,#4163,#7544,.T.);
#7544 = LINE('',#7545,#7546);
#7545 = CARTESIAN_POINT('',(19.,94.152900397563,-116.2440692221));
#7546 = VECTOR('',#7547,1.);
#7547 = DIRECTION('',(0.,-0.707106781187,0.707106781187));
#7548 = PLANE('',#7549);
#7549 = AXIS2_PLACEMENT_3D('',#7550,#7551,#7552);
#7550 = CARTESIAN_POINT('',(133.,94.152900397563,-116.2440692221));
#7551 = DIRECTION('',(0.,-0.707106781187,-0.707106781187));
#7552 = DIRECTION('',(-1.,0.,0.));
#7553 = ADVANCED_FACE('',(#7554),#7565,.F.);
#7554 = FACE_BOUND('',#7555,.F.);
#7555 = EDGE_LOOP('',(#7556,#7557,#7563,#7564));
#7556 = ORIENTED_EDGE('',*,*,#3292,.F.);
#7557 = ORIENTED_EDGE('',*,*,#7558,.F.);
#7558 = EDGE_CURVE('',#4147,#3293,#7559,.T.);
#7559 = LINE('',#7560,#7561);
#7560 = CARTESIAN_POINT('',(69.,100.94112549695,-109.4558441227));
#7561 = VECTOR('',#7562,1.);
#7562 = DIRECTION('',(0.,0.707106781187,-0.707106781187));
#7563 = ORIENTED_EDGE('',*,*,#4154,.T.);
#7564 = ORIENTED_EDGE('',*,*,#7536,.F.);
#7565 = PLANE('',#7566);
#7566 = AXIS2_PLACEMENT_3D('',#7567,#7568,#7569);
#7567 = CARTESIAN_POINT('',(69.,143.36753236814,-67.02943725152));
#7568 = DIRECTION('',(1.,0.,0.));
#7569 = DIRECTION('',(0.,-0.707106781187,-0.707106781187));
#7570 = ADVANCED_FACE('',(#7571),#7582,.F.);
#7571 = FACE_BOUND('',#7572,.F.);
#7572 = EDGE_LOOP('',(#7573,#7574,#7575,#7581));
#7573 = ORIENTED_EDGE('',*,*,#7543,.T.);
#7574 = ORIENTED_EDGE('',*,*,#4170,.T.);
#7575 = ORIENTED_EDGE('',*,*,#7576,.T.);
#7576 = EDGE_CURVE('',#4145,#3301,#7577,.T.);
#7577 = LINE('',#7578,#7579);
#7578 = CARTESIAN_POINT('',(19.,100.94112549695,-109.4558441227));
#7579 = VECTOR('',#7580,1.);
#7580 = DIRECTION('',(0.,0.707106781187,-0.707106781187));
#7581 = ORIENTED_EDGE('',*,*,#3308,.F.);
#7582 = PLANE('',#7583);
#7583 = AXIS2_PLACEMENT_3D('',#7584,#7585,#7586);
#7584 = CARTESIAN_POINT('',(19.,50.029437251523,-160.3675323681));
#7585 = DIRECTION('',(-1.,0.,0.));
#7586 = DIRECTION('',(0.,0.707106781187,0.707106781187));
#7587 = ADVANCED_FACE('',(#7588),#7594,.F.);
#7588 = FACE_BOUND('',#7589,.F.);
#7589 = EDGE_LOOP('',(#7590,#7591,#7592,#7593));
#7590 = ORIENTED_EDGE('',*,*,#3300,.F.);
#7591 = ORIENTED_EDGE('',*,*,#7576,.F.);
#7592 = ORIENTED_EDGE('',*,*,#4144,.T.);
#7593 = ORIENTED_EDGE('',*,*,#7558,.T.);
#7594 = PLANE('',#7595);
#7595 = AXIS2_PLACEMENT_3D('',#7596,#7597,#7598);
#7596 = CARTESIAN_POINT('',(8.,100.94112549695,-109.4558441227));
#7597 = DIRECTION('',(0.,0.707106781187,0.707106781187));
#7598 = DIRECTION('',(1.,0.,0.));
#7599 = ADVANCED_FACE('',(#7600),#7616,.F.);
#7600 = FACE_BOUND('',#7601,.F.);
#7601 = EDGE_LOOP('',(#7602,#7603,#7609,#7610));
#7602 = ORIENTED_EDGE('',*,*,#3316,.F.);
#7603 = ORIENTED_EDGE('',*,*,#7604,.T.);
#7604 = EDGE_CURVE('',#3317,#4189,#7605,.T.);
#7605 = LINE('',#7606,#7607);
#7606 = CARTESIAN_POINT('',(69.,102.6381817718,-107.7587878478));
#7607 = VECTOR('',#7608,1.);
#7608 = DIRECTION('',(0.,-0.707106781187,0.707106781187));
#7609 = ORIENTED_EDGE('',*,*,#4196,.T.);
#7610 = ORIENTED_EDGE('',*,*,#7611,.F.);
#7611 = EDGE_CURVE('',#3319,#4197,#7612,.T.);
#7612 = LINE('',#7613,#7614);
#7613 = CARTESIAN_POINT('',(19.,102.6381817718,-107.7587878478));
#7614 = VECTOR('',#7615,1.);
#7615 = DIRECTION('',(0.,-0.707106781187,0.707106781187));
#7616 = PLANE('',#7617);
#7617 = AXIS2_PLACEMENT_3D('',#7618,#7619,#7620);
#7618 = CARTESIAN_POINT('',(133.,102.6381817718,-107.7587878478));
#7619 = DIRECTION('',(0.,-0.707106781187,-0.707106781187));
#7620 = DIRECTION('',(-1.,0.,0.));
#7621 = ADVANCED_FACE('',(#7622),#7633,.F.);
#7622 = FACE_BOUND('',#7623,.F.);
#7623 = EDGE_LOOP('',(#7624,#7625,#7631,#7632));
#7624 = ORIENTED_EDGE('',*,*,#3326,.F.);
#7625 = ORIENTED_EDGE('',*,*,#7626,.F.);
#7626 = EDGE_CURVE('',#4181,#3327,#7627,.T.);
#7627 = LINE('',#7628,#7629);
#7628 = CARTESIAN_POINT('',(69.,109.42640687119,-100.9705627484));
#7629 = VECTOR('',#7630,1.);
#7630 = DIRECTION('',(0.,0.707106781187,-0.707106781187));
#7631 = ORIENTED_EDGE('',*,*,#4188,.T.);
#7632 = ORIENTED_EDGE('',*,*,#7604,.F.);
#7633 = PLANE('',#7634);
#7634 = AXIS2_PLACEMENT_3D('',#7635,#7636,#7637);
#7635 = CARTESIAN_POINT('',(69.,143.36753236814,-67.02943725152));
#7636 = DIRECTION('',(1.,0.,0.));
#7637 = DIRECTION('',(0.,-0.707106781187,-0.707106781187));
#7638 = ADVANCED_FACE('',(#7639),#7650,.F.);
#7639 = FACE_BOUND('',#7640,.F.);
#7640 = EDGE_LOOP('',(#7641,#7642,#7648,#7649));
#7641 = ORIENTED_EDGE('',*,*,#4204,.T.);
#7642 = ORIENTED_EDGE('',*,*,#7643,.T.);
#7643 = EDGE_CURVE('',#4179,#3335,#7644,.T.);
#7644 = LINE('',#7645,#7646);
#7645 = CARTESIAN_POINT('',(19.,109.42640687119,-100.9705627484));
#7646 = VECTOR('',#7647,1.);
#7647 = DIRECTION('',(0.,0.707106781187,-0.707106781187));
#7648 = ORIENTED_EDGE('',*,*,#3342,.F.);
#7649 = ORIENTED_EDGE('',*,*,#7611,.T.);
#7650 = PLANE('',#7651);
#7651 = AXIS2_PLACEMENT_3D('',#7652,#7653,#7654);
#7652 = CARTESIAN_POINT('',(19.,50.029437251523,-160.3675323681));
#7653 = DIRECTION('',(-1.,0.,0.));
#7654 = DIRECTION('',(0.,0.707106781187,0.707106781187));
#7655 = ADVANCED_FACE('',(#7656),#7662,.F.);
#7656 = FACE_BOUND('',#7657,.F.);
#7657 = EDGE_LOOP('',(#7658,#7659,#7660,#7661));
#7658 = ORIENTED_EDGE('',*,*,#3334,.F.);
#7659 = ORIENTED_EDGE('',*,*,#7643,.F.);
#7660 = ORIENTED_EDGE('',*,*,#4178,.T.);
#7661 = ORIENTED_EDGE('',*,*,#7626,.T.);
#7662 = PLANE('',#7663);
#7663 = AXIS2_PLACEMENT_3D('',#7664,#7665,#7666);
#7664 = CARTESIAN_POINT('',(8.,109.42640687119,-100.9705627484));
#7665 = DIRECTION('',(0.,0.707106781187,0.707106781187));
#7666 = DIRECTION('',(1.,0.,0.));
#7667 = ADVANCED_FACE('',(#7668),#7684,.F.);
#7668 = FACE_BOUND('',#7669,.F.);
#7669 = EDGE_LOOP('',(#7670,#7671,#7677,#7678));
#7670 = ORIENTED_EDGE('',*,*,#3350,.F.);
#7671 = ORIENTED_EDGE('',*,*,#7672,.T.);
#7672 = EDGE_CURVE('',#3351,#4223,#7673,.T.);
#7673 = LINE('',#7674,#7675);
#7674 = CARTESIAN_POINT('',(69.,111.12346314604,-99.27350647362));
#7675 = VECTOR('',#7676,1.);
#7676 = DIRECTION('',(0.,-0.707106781187,0.707106781187));
#7677 = ORIENTED_EDGE('',*,*,#4230,.T.);
#7678 = ORIENTED_EDGE('',*,*,#7679,.F.);
#7679 = EDGE_CURVE('',#3353,#4231,#7680,.T.);
#7680 = LINE('',#7681,#7682);
#7681 = CARTESIAN_POINT('',(19.,111.12346314604,-99.27350647362));
#7682 = VECTOR('',#7683,1.);
#7683 = DIRECTION('',(0.,-0.707106781187,0.707106781187));
#7684 = PLANE('',#7685);
#7685 = AXIS2_PLACEMENT_3D('',#7686,#7687,#7688);
#7686 = CARTESIAN_POINT('',(133.,111.12346314604,-99.27350647362));
#7687 = DIRECTION('',(0.,-0.707106781187,-0.707106781187));
#7688 = DIRECTION('',(-1.,0.,0.));
#7689 = ADVANCED_FACE('',(#7690),#7701,.F.);
#7690 = FACE_BOUND('',#7691,.F.);
#7691 = EDGE_LOOP('',(#7692,#7693,#7699,#7700));
#7692 = ORIENTED_EDGE('',*,*,#3360,.F.);
#7693 = ORIENTED_EDGE('',*,*,#7694,.F.);
#7694 = EDGE_CURVE('',#4215,#3361,#7695,.T.);
#7695 = LINE('',#7696,#7697);
#7696 = CARTESIAN_POINT('',(69.,117.91168824543,-92.48528137423));
#7697 = VECTOR('',#7698,1.);
#7698 = DIRECTION('',(0.,0.707106781187,-0.707106781187));
#7699 = ORIENTED_EDGE('',*,*,#4222,.T.);
#7700 = ORIENTED_EDGE('',*,*,#7672,.F.);
#7701 = PLANE('',#7702);
#7702 = AXIS2_PLACEMENT_3D('',#7703,#7704,#7705);
#7703 = CARTESIAN_POINT('',(69.,143.36753236814,-67.02943725152));
#7704 = DIRECTION('',(1.,0.,0.));
#7705 = DIRECTION('',(0.,-0.707106781187,-0.707106781187));
#7706 = ADVANCED_FACE('',(#7707),#7718,.F.);
#7707 = FACE_BOUND('',#7708,.F.);
#7708 = EDGE_LOOP('',(#7709,#7710,#7716,#7717));
#7709 = ORIENTED_EDGE('',*,*,#4238,.T.);
#7710 = ORIENTED_EDGE('',*,*,#7711,.T.);
#7711 = EDGE_CURVE('',#4213,#3369,#7712,.T.);
#7712 = LINE('',#7713,#7714);
#7713 = CARTESIAN_POINT('',(19.,117.91168824543,-92.48528137423));
#7714 = VECTOR('',#7715,1.);
#7715 = DIRECTION('',(0.,0.707106781187,-0.707106781187));
#7716 = ORIENTED_EDGE('',*,*,#3376,.F.);
#7717 = ORIENTED_EDGE('',*,*,#7679,.T.);
#7718 = PLANE('',#7719);
#7719 = AXIS2_PLACEMENT_3D('',#7720,#7721,#7722);
#7720 = CARTESIAN_POINT('',(19.,50.029437251523,-160.3675323681));
#7721 = DIRECTION('',(-1.,0.,0.));
#7722 = DIRECTION('',(0.,0.707106781187,0.707106781187));
#7723 = ADVANCED_FACE('',(#7724),#7730,.F.);
#7724 = FACE_BOUND('',#7725,.F.);
#7725 = EDGE_LOOP('',(#7726,#7727,#7728,#7729));
#7726 = ORIENTED_EDGE('',*,*,#3368,.F.);
#7727 = ORIENTED_EDGE('',*,*,#7711,.F.);
#7728 = ORIENTED_EDGE('',*,*,#4212,.T.);
#7729 = ORIENTED_EDGE('',*,*,#7694,.T.);
#7730 = PLANE('',#7731);
#7731 = AXIS2_PLACEMENT_3D('',#7732,#7733,#7734);
#7732 = CARTESIAN_POINT('',(8.,117.91168824543,-92.48528137423));
#7733 = DIRECTION('',(0.,0.707106781187,0.707106781187));
#7734 = DIRECTION('',(1.,0.,0.));
#7735 = ADVANCED_FACE('',(#7736),#7747,.F.);
#7736 = FACE_BOUND('',#7737,.F.);
#7737 = EDGE_LOOP('',(#7738,#7739,#7745,#7746));
#7738 = ORIENTED_EDGE('',*,*,#3384,.F.);
#7739 = ORIENTED_EDGE('',*,*,#7740,.T.);
#7740 = EDGE_CURVE('',#3385,#3897,#7741,.T.);
#7741 = LINE('',#7742,#7743);
#7742 = CARTESIAN_POINT('',(69.,119.60874452027,-90.78822509939));
#7743 = VECTOR('',#7744,1.);
#7744 = DIRECTION('',(0.,-0.707106781187,0.707106781187));
#7745 = ORIENTED_EDGE('',*,*,#3904,.T.);
#7746 = ORIENTED_EDGE('',*,*,#6559,.F.);
#7747 = PLANE('',#7748);
#7748 = AXIS2_PLACEMENT_3D('',#7749,#7750,#7751);
#7749 = CARTESIAN_POINT('',(133.,119.60874452027,-90.78822509939));
#7750 = DIRECTION('',(0.,-0.707106781187,-0.707106781187));
#7751 = DIRECTION('',(-1.,0.,0.));
#7752 = ADVANCED_FACE('',(#7753),#7764,.F.);
#7753 = FACE_BOUND('',#7754,.F.);
#7754 = EDGE_LOOP('',(#7755,#7756,#7762,#7763));
#7755 = ORIENTED_EDGE('',*,*,#3394,.F.);
#7756 = ORIENTED_EDGE('',*,*,#7757,.F.);
#7757 = EDGE_CURVE('',#3889,#3395,#7758,.T.);
#7758 = LINE('',#7759,#7760);
#7759 = CARTESIAN_POINT('',(69.,126.39696961967,-84.));
#7760 = VECTOR('',#7761,1.);
#7761 = DIRECTION('',(0.,0.707106781187,-0.707106781187));
#7762 = ORIENTED_EDGE('',*,*,#3896,.T.);
#7763 = ORIENTED_EDGE('',*,*,#7740,.F.);
#7764 = PLANE('',#7765);
#7765 = AXIS2_PLACEMENT_3D('',#7766,#7767,#7768);
#7766 = CARTESIAN_POINT('',(69.,143.36753236814,-67.02943725152));
#7767 = DIRECTION('',(1.,0.,0.));
#7768 = DIRECTION('',(0.,-0.707106781187,-0.707106781187));
#7769 = ADVANCED_FACE('',(#7770),#7776,.F.);
#7770 = FACE_BOUND('',#7771,.F.);
#7771 = EDGE_LOOP('',(#7772,#7773,#7774,#7775));
#7772 = ORIENTED_EDGE('',*,*,#3402,.F.);
#7773 = ORIENTED_EDGE('',*,*,#6552,.F.);
#7774 = ORIENTED_EDGE('',*,*,#3888,.T.);
#7775 = ORIENTED_EDGE('',*,*,#7757,.T.);
#7776 = PLANE('',#7777);
#7777 = AXIS2_PLACEMENT_3D('',#7778,#7779,#7780);
#7778 = CARTESIAN_POINT('',(8.,126.39696961967,-84.));
#7779 = DIRECTION('',(0.,0.707106781187,0.707106781187));
#7780 = DIRECTION('',(1.,0.,0.));
#7781 = ADVANCED_FACE('',(#7782),#7793,.F.);
#7782 = FACE_BOUND('',#7783,.F.);
#7783 = EDGE_LOOP('',(#7784,#7785,#7791,#7792));
#7784 = ORIENTED_EDGE('',*,*,#3418,.F.);
#7785 = ORIENTED_EDGE('',*,*,#7786,.T.);
#7786 = EDGE_CURVE('',#3419,#3865,#7787,.T.);
#7787 = LINE('',#7788,#7789);
#7788 = CARTESIAN_POINT('',(69.,128.09402589451,-82.30294372515));
#7789 = VECTOR('',#7790,1.);
#7790 = DIRECTION('',(0.,-0.707106781187,0.707106781187));
#7791 = ORIENTED_EDGE('',*,*,#3872,.T.);
#7792 = ORIENTED_EDGE('',*,*,#6545,.F.);
#7793 = PLANE('',#7794);
#7794 = AXIS2_PLACEMENT_3D('',#7795,#7796,#7797);
#7795 = CARTESIAN_POINT('',(133.,128.09402589451,-82.30294372515));
#7796 = DIRECTION('',(0.,-0.707106781187,-0.707106781187));
#7797 = DIRECTION('',(-1.,0.,0.));
#7798 = ADVANCED_FACE('',(#7799),#7810,.F.);
#7799 = FACE_BOUND('',#7800,.F.);
#7800 = EDGE_LOOP('',(#7801,#7802,#7808,#7809));
#7801 = ORIENTED_EDGE('',*,*,#3428,.F.);
#7802 = ORIENTED_EDGE('',*,*,#7803,.F.);
#7803 = EDGE_CURVE('',#3857,#3429,#7804,.T.);
#7804 = LINE('',#7805,#7806);
#7805 = CARTESIAN_POINT('',(69.,134.8822509939,-75.51471862576));
#7806 = VECTOR('',#7807,1.);
#7807 = DIRECTION('',(0.,0.707106781187,-0.707106781187));
#7808 = ORIENTED_EDGE('',*,*,#3864,.T.);
#7809 = ORIENTED_EDGE('',*,*,#7786,.F.);
#7810 = PLANE('',#7811);
#7811 = AXIS2_PLACEMENT_3D('',#7812,#7813,#7814);
#7812 = CARTESIAN_POINT('',(69.,143.36753236814,-67.02943725152));
#7813 = DIRECTION('',(1.,0.,0.));
#7814 = DIRECTION('',(0.,-0.707106781187,-0.707106781187));
#7815 = ADVANCED_FACE('',(#7816),#7822,.F.);
#7816 = FACE_BOUND('',#7817,.F.);
#7817 = EDGE_LOOP('',(#7818,#7819,#7820,#7821));
#7818 = ORIENTED_EDGE('',*,*,#3436,.F.);
#7819 = ORIENTED_EDGE('',*,*,#6538,.F.);
#7820 = ORIENTED_EDGE('',*,*,#3856,.T.);
#7821 = ORIENTED_EDGE('',*,*,#7803,.T.);
#7822 = PLANE('',#7823);
#7823 = AXIS2_PLACEMENT_3D('',#7824,#7825,#7826);
#7824 = CARTESIAN_POINT('',(8.,134.8822509939,-75.51471862576));
#7825 = DIRECTION('',(0.,0.707106781187,0.707106781187));
#7826 = DIRECTION('',(1.,0.,0.));
#7827 = ADVANCED_FACE('',(#7828),#7839,.T.);
#7828 = FACE_BOUND('',#7829,.T.);
#7829 = EDGE_LOOP('',(#7830,#7831,#7832,#7838));
#7830 = ORIENTED_EDGE('',*,*,#3458,.T.);
#7831 = ORIENTED_EDGE('',*,*,#3594,.T.);
#7832 = ORIENTED_EDGE('',*,*,#7833,.F.);
#7833 = EDGE_CURVE('',#3713,#3587,#7834,.T.);
#7834 = LINE('',#7835,#7836);
#7835 = CARTESIAN_POINT('',(131.,70.535533905933,-135.6187950266));
#7836 = VECTOR('',#7837,1.);
#7837 = DIRECTION('',(0.,-0.707106781187,0.707106781187));
#7838 = ORIENTED_EDGE('',*,*,#3712,.F.);
#7839 = PLANE('',#7840);
#7840 = AXIS2_PLACEMENT_3D('',#7841,#7842,#7843);
#7841 = CARTESIAN_POINT('',(121.,70.535533905933,-135.6187950266));
#7842 = DIRECTION('',(0.,0.707106781187,0.707106781187));
#7843 = DIRECTION('',(1.,0.,0.));
#7844 = ADVANCED_FACE('',(#7845),#7876,.F.);
#7845 = FACE_BOUND('',#7846,.F.);
#7846 = EDGE_LOOP('',(#7847,#7848,#7849,#7850,#7851,#7852,#7853,#7854,
    #7855,#7856,#7857,#7858,#7859,#7860,#7861,#7862,#7863,#7864,#7865,
    #7866,#7867,#7868,#7869,#7870,#7871,#7872,#7873,#7874,#7875));
#7847 = ORIENTED_EDGE('',*,*,#3611,.F.);
#7848 = ORIENTED_EDGE('',*,*,#5355,.T.);
#7849 = ORIENTED_EDGE('',*,*,#5319,.T.);
#7850 = ORIENTED_EDGE('',*,*,#5552,.T.);
#7851 = ORIENTED_EDGE('',*,*,#5580,.T.);
#7852 = ORIENTED_EDGE('',*,*,#5137,.T.);
#7853 = ORIENTED_EDGE('',*,*,#5625,.T.);
#7854 = ORIENTED_EDGE('',*,*,#5594,.T.);
#7855 = ORIENTED_EDGE('',*,*,#5648,.T.);
#7856 = ORIENTED_EDGE('',*,*,#5689,.T.);
#7857 = ORIENTED_EDGE('',*,*,#5717,.T.);
#7858 = ORIENTED_EDGE('',*,*,#5169,.T.);
#7859 = ORIENTED_EDGE('',*,*,#5762,.T.);
#7860 = ORIENTED_EDGE('',*,*,#5731,.T.);
#7861 = ORIENTED_EDGE('',*,*,#5785,.T.);
#7862 = ORIENTED_EDGE('',*,*,#5826,.T.);
#7863 = ORIENTED_EDGE('',*,*,#5854,.T.);
#7864 = ORIENTED_EDGE('',*,*,#5201,.T.);
#7865 = ORIENTED_EDGE('',*,*,#5899,.T.);
#7866 = ORIENTED_EDGE('',*,*,#5868,.T.);
#7867 = ORIENTED_EDGE('',*,*,#5922,.T.);
#7868 = ORIENTED_EDGE('',*,*,#5963,.T.);
#7869 = ORIENTED_EDGE('',*,*,#5991,.T.);
#7870 = ORIENTED_EDGE('',*,*,#5233,.T.);
#7871 = ORIENTED_EDGE('',*,*,#5073,.F.);
#7872 = ORIENTED_EDGE('',*,*,#5039,.T.);
#7873 = ORIENTED_EDGE('',*,*,#6005,.T.);
#7874 = ORIENTED_EDGE('',*,*,#4973,.T.);
#7875 = ORIENTED_EDGE('',*,*,#4934,.F.);
#7876 = PLANE('',#7877);
#7877 = AXIS2_PLACEMENT_3D('',#7878,#7879,#7880);
#7878 = CARTESIAN_POINT('',(135.,143.36753236814,-67.02943725152));
#7879 = DIRECTION('',(1.,0.,0.));
#7880 = DIRECTION('',(0.,-0.707106781187,-0.707106781187));
#7881 = ADVANCED_FACE('',(#7882),#7893,.T.);
#7882 = FACE_BOUND('',#7883,.T.);
#7883 = EDGE_LOOP('',(#7884,#7885,#7886,#7892));
#7884 = ORIENTED_EDGE('',*,*,#7833,.T.);
#7885 = ORIENTED_EDGE('',*,*,#3586,.T.);
#7886 = ORIENTED_EDGE('',*,*,#7887,.F.);
#7887 = EDGE_CURVE('',#3721,#3579,#7888,.T.);
#7888 = LINE('',#7889,#7890);
#7889 = CARTESIAN_POINT('',(131.,118.61879502661,-87.53553390593));
#7890 = VECTOR('',#7891,1.);
#7891 = DIRECTION('',(0.,-0.707106781187,0.707106781187));
#7892 = ORIENTED_EDGE('',*,*,#3720,.F.);
#7893 = PLANE('',#7894);
#7894 = AXIS2_PLACEMENT_3D('',#7895,#7896,#7897);
#7895 = CARTESIAN_POINT('',(131.,70.535533905933,-135.6187950266));
#7896 = DIRECTION('',(-1.,0.,0.));
#7897 = DIRECTION('',(0.,0.707106781187,0.707106781187));
#7898 = ADVANCED_FACE('',(#7899),#7905,.T.);
#7899 = FACE_BOUND('',#7900,.T.);
#7900 = EDGE_LOOP('',(#7901,#7902,#7903,#7904));
#7901 = ORIENTED_EDGE('',*,*,#7887,.T.);
#7902 = ORIENTED_EDGE('',*,*,#3578,.T.);
#7903 = ORIENTED_EDGE('',*,*,#5474,.F.);
#7904 = ORIENTED_EDGE('',*,*,#3728,.F.);
#7905 = PLANE('',#7906);
#7906 = AXIS2_PLACEMENT_3D('',#7907,#7908,#7909);
#7907 = CARTESIAN_POINT('',(131.,118.61879502661,-87.53553390593));
#7908 = DIRECTION('',(0.,-0.707106781187,-0.707106781187));
#7909 = DIRECTION('',(-1.,0.,0.));
#7910 = ADVANCED_FACE('',(#7911),#7916,.F.);
#7911 = FACE_BOUND('',#7912,.F.);
#7912 = EDGE_LOOP('',(#7913,#7914,#7915));
#7913 = ORIENTED_EDGE('',*,*,#5287,.T.);
#7914 = ORIENTED_EDGE('',*,*,#5258,.T.);
#7915 = ORIENTED_EDGE('',*,*,#5105,.T.);
#7916 = PLANE('',#7917);
#7917 = AXIS2_PLACEMENT_3D('',#7918,#7919,#7920);
#7918 = CARTESIAN_POINT('',(135.,143.36753236814,-67.02943725152));
#7919 = DIRECTION('',(1.,0.,0.));
#7920 = DIRECTION('',(0.,-0.707106781187,-0.707106781187));
#7921 = ( GEOMETRIC_REPRESENTATION_CONTEXT(3) 
GLOBAL_UNCERTAINTY_ASSIGNED_CONTEXT((#7925)) 
GLOBAL_UNIT_ASSIGNED_CONTEXT((#7922,#7923,#7924)) REPRESENTATION_CONTEXT
('Context #1','3D Context with UNIT and UNCERTAINTY') );
#7922 = ( LENGTH_UNIT() NAMED_UNIT(*) SI_UNIT(.MILLI.,.METRE.) );
#7923 = ( NAMED_UNIT(*) PLANE_ANGLE_UNIT() SI_UNIT($,.RADIAN.) );
#7924 = ( NAMED_UNIT(*) SI_UNIT($,.STERADIAN.) SOLID_ANGLE_UNIT() );
#7925 = UNCERTAINTY_MEASURE_WITH_UNIT(LENGTH_MEASURE(1.E-04),#7922,
  'distance_accuracy_value','confusion accuracy');
#7926 = PRODUCT_RELATED_PRODUCT_CATEGORY('part',$,(#7));
ENDSEC;
END-ISO-10303-21;
