solid noctua_fan_left
  facet normal -0.999774682185482 0.0150097445167809 0.0150097445167809
    outer loop
      vertex -0.125 0.0807885818481445 -0.0977885818481445
      vertex -0.124950439453125 0.0824391555786133 -0.0961380081176758
      vertex -0.125 0.0822027969360352 -0.0992027969360352
    endloop
  endfacet
  facet normal -0.999774682185482 0.0150097445167809 0.0150097445167809
    outer loop
      vertex -0.125 0.0822027969360352 -0.0992027969360352
      vertex -0.124950439453125 0.0824391555786133 -0.0961380081176758
      vertex -0.124950439453125 0.0838533706665039 -0.0975522232055664
    endloop
  endfacet
  facet normal -0.997973241819949 0.0449967143877236 0.0449967143877236
    outer loop
      vertex -0.124950439453125 0.0824391555786133 -0.0961380081176758
      vertex -0.124801864624023 0.0840867614746094 -0.0944904022216797
      vertex -0.124950439453125 0.0838533706665039 -0.0975522232055664
    endloop
  endfacet
  facet normal -0.997973232463295 0.044996939521674 0.044996696772599
    outer loop
      vertex -0.124950439453125 0.0838533706665039 -0.0975522232055664
      vertex -0.124801864624023 0.0840867614746094 -0.0944904022216797
      vertex -0.124801864624023 0.0855009689331055 -0.0959046173095703
    endloop
  endfacet
  facet normal -0.994372987721446 0.0749080163680094 0.0749076122549326
    outer loop
      vertex -0.124801864624023 0.0840867614746094 -0.0944904022216797
      vertex -0.124554527282715 0.0857284164428711 -0.092848747253418
      vertex -0.124801864624023 0.0855009689331055 -0.0959046173095703
    endloop
  endfacet
  facet normal -0.994373013651949 0.0749076422027195 0.0749076422027195
    outer loop
      vertex -0.124801864624023 0.0855009689331055 -0.0959046173095703
      vertex -0.124554527282715 0.0857284164428711 -0.092848747253418
      vertex -0.124554527282715 0.0871426315307617 -0.0942629623413086
    endloop
  endfacet
  facet normal -0.988980866846586 0.104682484235366 0.104682484235366
    outer loop
      vertex -0.124554527282715 0.0857284164428711 -0.092848747253418
      vertex -0.124208877563477 0.0873611679077149 -0.0912159957885742
      vertex -0.124554527282715 0.0871426315307617 -0.0942629623413086
    endloop
  endfacet
  facet normal -0.988980917487896 0.104681962649322 0.104682527389657
    outer loop
      vertex -0.124554527282715 0.0871426315307617 -0.0942629623413086
      vertex -0.124208877563477 0.0873611679077149 -0.0912159957885742
      vertex -0.124208877563477 0.0887753829956055 -0.0926302032470703
    endloop
  endfacet
  facet normal -0.981806864154804 0.134266687952158 0.134267412296757
    outer loop
      vertex -0.124208877563477 0.0873611679077149 -0.0912159957885742
      vertex -0.12376554107666 0.0889820861816406 -0.089595085144043
      vertex -0.124208877563477 0.0887753829956055 -0.0926302032470703
    endloop
  endfacet
  facet normal -0.981806780845296 0.134267354718481 0.134267354718481
    outer loop
      vertex -0.124208877563477 0.0887753829956055 -0.0926302032470703
      vertex -0.12376554107666 0.0889820861816406 -0.089595085144043
      vertex -0.12376554107666 0.0903962936401367 -0.0910092926025391
    endloop
  endfacet
  facet normal -0.972862835006394 0.163612200436461 0.163612200436461
    outer loop
      vertex -0.12376554107666 0.0889820861816406 -0.089595085144043
      vertex -0.123225311279297 0.0905882263183594 -0.0879889373779297
      vertex -0.12376554107666 0.0903962936401367 -0.0910092926025391
    endloop
  endfacet
  facet normal -0.972862835006394 0.163612200436461 0.163612200436461
    outer loop
      vertex -0.12376554107666 0.0903962936401367 -0.0910092926025391
      vertex -0.123225311279297 0.0905882263183594 -0.0879889373779297
      vertex -0.123225311279297 0.09200244140625 -0.0894031524658203
    endloop
  endfacet
  facet normal -0.962166878964625 0.192658891597914 0.192658891597914
    outer loop
      vertex -0.123225311279297 0.0905882263183594 -0.0879889373779297
      vertex -0.122589172363281 0.0921767120361328 -0.0864004516601563
      vertex -0.123225311279297 0.09200244140625 -0.0894031524658203
    endloop
  endfacet
  facet normal -0.962167050492356 0.19265794360187 0.192658982956777
    outer loop
      vertex -0.123225311279297 0.09200244140625 -0.0894031524658203
      vertex -0.122589172363281 0.0921767120361328 -0.0864004516601563
      vertex -0.122589172363281 0.0935909271240234 -0.0878146591186523
    endloop
  endfacet
  facet normal -0.94973636480548 0.221359784819456 0.221360979015627
    outer loop
      vertex -0.122589172363281 0.0921767120361328 -0.0864004516601563
      vertex -0.121858261108398 0.0937446823120117 -0.0848324813842773
      vertex -0.122589172363281 0.0935909271240234 -0.0878146591186523
    endloop
  endfacet
  facet normal -0.949735911920454 0.221361950556893 0.221360756355481
    outer loop
      vertex -0.122589172363281 0.0935909271240234 -0.0878146591186523
      vertex -0.121858261108398 0.0937446823120117 -0.0848324813842773
      vertex -0.121858261108398 0.0951588897705078 -0.086246696472168
    endloop
  endfacet
  facet normal -0.935593927158286 0.249664450816058 0.249663103928578
    outer loop
      vertex -0.121858261108398 0.0951588897705078 -0.086246696472168
      vertex -0.121858261108398 0.0937446823120117 -0.0848324813842773
      vertex -0.121033897399902 0.0967035064697266 -0.0847020797729492
    endloop
  endfacet
  facet normal -0.935593927158286 0.249664450816058 0.249663103928578
    outer loop
      vertex -0.121858261108398 0.0937446823120117 -0.0848324813842773
      vertex -0.121033897399902 0.0952892990112305 -0.0832878646850586
      vertex -0.121033897399902 0.0967035064697266 -0.0847020797729492
    endloop
  endfacet
  facet normal -0.919765857396662 0.277517205352561 0.277515708205298
    outer loop
      vertex -0.121033897399902 0.0952892990112305 -0.0832878646850586
      vertex -0.120117568969727 0.0968077850341797 -0.0817693862915039
      vertex -0.121033897399902 0.0967035064697266 -0.0847020797729492
    endloop
  endfacet
  facet normal -0.919766213300939 0.277515866996873 0.277515866996873
    outer loop
      vertex -0.121033897399902 0.0967035064697266 -0.0847020797729492
      vertex -0.120117568969727 0.0968077850341797 -0.0817693862915039
      vertex -0.120117568969727 0.0982219924926758 -0.08318359375
    endloop
  endfacet
  facet normal -0.90228024415826 0.304869120280909 0.304869120280909
    outer loop
      vertex -0.120117568969727 0.0982219924926758 -0.08318359375
      vertex -0.120117568969727 0.0968077850341797 -0.0817693862915039
      vertex -0.11911092376709 0.0997116088867187 -0.081693977355957
    endloop
  endfacet
  facet normal -0.902280673675705 0.304869307039465 0.304867662333335
    outer loop
      vertex -0.120117568969727 0.0968077850341797 -0.0817693862915039
      vertex -0.11911092376709 0.0982974014282227 -0.0802797622680664
      vertex -0.11911092376709 0.0997116088867187 -0.081693977355957
    endloop
  endfacet
  facet normal -0.8831683480526 0.331673676924291 0.331671887614194
    outer loop
      vertex -0.11911092376709 0.0982974014282227 -0.0802797622680664
      vertex -0.118015777587891 0.0997554626464844 -0.0788217010498047
      vertex -0.11911092376709 0.0997116088867187 -0.081693977355957
    endloop
  endfacet
  facet normal -0.8831688564189 0.331672105438287 0.331672105438287
    outer loop
      vertex -0.11911092376709 0.0997116088867187 -0.081693977355957
      vertex -0.118015777587891 0.0997554626464844 -0.0788217010498047
      vertex -0.118015777587891 0.101169677734375 -0.0802359161376953
    endloop
  endfacet
  facet normal -0.862465480182391 0.357877978851562 0.357877978851562
    outer loop
      vertex -0.118015777587891 0.101169677734375 -0.0802359161376953
      vertex -0.118015777587891 0.0997554626464844 -0.0788217010498047
      vertex -0.116834098815918 0.102593566894531 -0.0788120269775391
    endloop
  endfacet
  facet normal -0.862465480182391 0.357877978851562 0.357877978851562
    outer loop
      vertex -0.118015777587891 0.0997554626464844 -0.0788217010498047
      vertex -0.116834098815918 0.101179351806641 -0.0773978118896484
      vertex -0.116834098815918 0.102593566894531 -0.0788120269775391
    endloop
  endfacet
  facet normal -0.840209183679726 0.383437431441069 0.383437431441069
    outer loop
      vertex -0.116834098815918 0.101179351806641 -0.0773978118896484
      vertex -0.115568031311035 0.10256649017334 -0.0760106735229492
      vertex -0.116834098815918 0.102593566894531 -0.0788120269775391
    endloop
  endfacet
  facet normal -0.840209183679726 0.383437431441069 0.383437431441069
    outer loop
      vertex -0.116834098815918 0.102593566894531 -0.0788120269775391
      vertex -0.115568031311035 0.10256649017334 -0.0760106735229492
      vertex -0.115568031311035 0.10398070526123 -0.0774248886108398
    endloop
  endfacet
  facet normal -0.816436500578166 0.408308364183051 0.408308364183051
    outer loop
      vertex -0.115568031311035 0.10256649017334 -0.0760106735229492
      vertex -0.114219841003418 0.10391438293457 -0.0746627807617188
      vertex -0.115568031311035 0.10398070526123 -0.0774248886108398
    endloop
  endfacet
  facet normal -0.816436500578166 0.408308364183051 0.408308364183051
    outer loop
      vertex -0.115568031311035 0.10398070526123 -0.0774248886108398
      vertex -0.114219841003418 0.10391438293457 -0.0746627807617188
      vertex -0.114219841003418 0.105328598022461 -0.0760769958496094
    endloop
  endfacet
  facet normal -0.791195560031595 0.432440507923512 0.432440507923512
    outer loop
      vertex -0.114219841003418 0.105328598022461 -0.0760769958496094
      vertex -0.112791969299316 0.105220603942871 -0.073356559753418
      vertex -0.112791969299316 0.106634819030762 -0.0747707748413086
    endloop
  endfacet
  facet normal -0.791195560031595 0.432440507923512 0.432440507923512
    outer loop
      vertex -0.114219841003418 0.10391438293457 -0.0746627807617188
      vertex -0.112791969299316 0.105220603942871 -0.073356559753418
      vertex -0.114219841003418 0.105328598022461 -0.0760769958496094
    endloop
  endfacet
  facet normal -0.76452702525441 0.455793915120916 0.455796374046997
    outer loop
      vertex -0.112791969299316 0.106634819030762 -0.0747707748413086
      vertex -0.111286979675293 0.106482795715332 -0.072094367980957
      vertex -0.111286979675293 0.107897010803223 -0.0735085754394531
    endloop
  endfacet
  facet normal -0.736479887130729 0.478327767959973 0.478330348452132
    outer loop
      vertex -0.111286979675293 0.107897010803223 -0.0735085754394531
      vertex -0.111286979675293 0.106482795715332 -0.072094367980957
      vertex -0.109707588195801 0.109112899780273 -0.0722926864624023
    endloop
  endfacet
  facet normal -0.764526065196463 0.455795949759985 0.455795949759985
    outer loop
      vertex -0.112791969299316 0.105220603942871 -0.073356559753418
      vertex -0.111286979675293 0.106482795715332 -0.072094367980957
      vertex -0.112791969299316 0.106634819030762 -0.0747707748413086
    endloop
  endfacet
  facet normal -0.736480944459301 0.478328244225833 0.478328244225833
    outer loop
      vertex -0.111286979675293 0.106482795715332 -0.072094367980957
      vertex -0.109707588195801 0.107698692321777 -0.0708784790039062
      vertex -0.109707588195801 0.109112899780273 -0.0722926864624023
    endloop
  endfacet
  facet normal -0.707106878921072 0.499998582188277 0.500001279590575
    outer loop
      vertex -0.109707588195801 0.109112899780273 -0.0722926864624023
      vertex -0.108056640625 0.108866081237793 -0.0697110824584961
      vertex -0.108056640625 0.110280296325684 -0.0711252899169922
    endloop
  endfacet
  facet normal -0.707105723614613 0.500000747815168 0.500000747815168
    outer loop
      vertex -0.109707588195801 0.107698692321777 -0.0708784790039062
      vertex -0.108056640625 0.108866081237793 -0.0697110824584961
      vertex -0.109707588195801 0.109112899780273 -0.0722926864624023
    endloop
  endfacet
  facet normal -0.676459109767354 0.52077013778286 0.52077013778286
    outer loop
      vertex -0.108056640625 0.110280296325684 -0.0711252899169922
      vertex -0.106337112426758 0.109982887268066 -0.0685942840576172
      vertex -0.106337112426758 0.111397094726563 -0.0700084915161133
    endloop
  endfacet
  facet normal -0.676460363042229 0.520767919078608 0.520770728527738
    outer loop
      vertex -0.108056640625 0.108866081237793 -0.0697110824584961
      vertex -0.106337112426758 0.109982887268066 -0.0685942840576172
      vertex -0.108056640625 0.110280296325684 -0.0711252899169922
    endloop
  endfacet
  facet normal -0.644592817645808 0.540601562816571 0.540601562816571
    outer loop
      vertex -0.106337112426758 0.111397094726563 -0.0700084915161133
      vertex -0.104552101135254 0.111047073364258 -0.0675300903320313
      vertex -0.104552101135254 0.112461288452148 -0.0689443054199219
    endloop
  endfacet
  facet normal -0.6115637709009 0.559459450774348 0.559459450774348
    outer loop
      vertex -0.104552101135254 0.112461288452148 -0.0689443054199219
      vertex -0.104552101135254 0.111047073364258 -0.0675300903320313
      vertex -0.10270482635498 0.113470947265625 -0.0679346466064453
    endloop
  endfacet
  facet normal -0.644592817645808 0.540601562816571 0.540601562816571
    outer loop
      vertex -0.106337112426758 0.109982887268066 -0.0685942840576172
      vertex -0.104552101135254 0.111047073364258 -0.0675300903320313
      vertex -0.106337112426758 0.111397094726563 -0.0700084915161133
    endloop
  endfacet
  facet normal -0.6115637709009 0.559459450774348 0.559459450774348
    outer loop
      vertex -0.104552101135254 0.111047073364258 -0.0675300903320313
      vertex -0.10270482635498 0.112056732177734 -0.0665204315185547
      vertex -0.10270482635498 0.113470947265625 -0.0679346466064453
    endloop
  endfacet
  facet normal -0.577434988402074 0.577307904921237 0.577307904921237
    outer loop
      vertex -0.10270482635498 0.113470947265625 -0.0679346466064453
      vertex -0.100798614501953 0.113010047912598 -0.0655671157836914
      vertex -0.100798614501953 0.114424263000488 -0.066981330871582
    endloop
  endfacet
  facet normal -0.577434988402074 0.577307904921237 0.577307904921237
    outer loop
      vertex -0.10270482635498 0.112056732177734 -0.0665204315185547
      vertex -0.100798614501953 0.113010047912598 -0.0655671157836914
      vertex -0.10270482635498 0.113470947265625 -0.0679346466064453
    endloop
  endfacet
  facet normal -0.542261145913982 0.594119793522426 0.594116588370435
    outer loop
      vertex -0.100798614501953 0.114424263000488 -0.066981330871582
      vertex -0.0988368988037109 0.113905296325684 -0.0646718673706055
      vertex -0.0988368988037109 0.11531950378418 -0.0660860824584961
    endloop
  endfacet
  facet normal -0.542262777099203 0.594117446542626 0.594117446542626
    outer loop
      vertex -0.100798614501953 0.113010047912598 -0.0655671157836914
      vertex -0.0988368988037109 0.113905296325684 -0.0646718673706055
      vertex -0.100798614501953 0.114424263000488 -0.066981330871582
    endloop
  endfacet
  facet normal -0.506115808805367 0.609854401322841 0.609856046345732
    outer loop
      vertex -0.0988368988037109 0.11531950378418 -0.0660860824584961
      vertex -0.0968232192993164 0.114740859985352 -0.0638362998962402
      vertex -0.0968232192993164 0.116155075073242 -0.0652505111694336
    endloop
  endfacet
  facet normal -0.506113230686545 0.609857938640932 0.609854648584941
    outer loop
      vertex -0.0988368988037109 0.113905296325684 -0.0646718673706055
      vertex -0.0968232192993164 0.114740859985352 -0.0638362998962402
      vertex -0.0988368988037109 0.11531950378418 -0.0660860824584961
    endloop
  endfacet
  facet normal -0.469056810991925 0.624493236204121 0.624494920713844
    outer loop
      vertex -0.0968232192993164 0.114740859985352 -0.0638362998962402
      vertex -0.0947612075805664 0.115515251159668 -0.0630619163513184
      vertex -0.0968232192993164 0.116155075073242 -0.0652505111694336
    endloop
  endfacet
  facet normal -0.469055008746073 0.624495597547794 0.624493913031701
    outer loop
      vertex -0.0968232192993164 0.116155075073242 -0.0652505111694336
      vertex -0.0947612075805664 0.115515251159668 -0.0630619163513184
      vertex -0.0947612075805664 0.116929458618164 -0.0644761276245117
    endloop
  endfacet
  facet normal -0.431148896820675 0.638009727495381 0.638008006526238
    outer loop
      vertex -0.0947612075805664 0.115515251159668 -0.0630619163513184
      vertex -0.0926545715332031 0.11622705078125 -0.0623501091003418
      vertex -0.0947612075805664 0.116929458618164 -0.0644761276245117
    endloop
  endfacet
  facet normal -0.431149837370269 0.638008549212152 0.638008549212152
    outer loop
      vertex -0.0947612075805664 0.116929458618164 -0.0644761276245117
      vertex -0.0926545715332031 0.11622705078125 -0.0623501091003418
      vertex -0.0926545715332031 0.117641265869141 -0.0637643241882324
    endloop
  endfacet
  facet normal -0.39246764413379 0.650372642531984 0.650372642531984
    outer loop
      vertex -0.0926545715332031 0.11622705078125 -0.0623501091003418
      vertex -0.0905071029663086 0.116875 -0.0617021675109863
      vertex -0.0926545715332031 0.117641265869141 -0.0637643241882324
    endloop
  endfacet
  facet normal -0.392465689430217 0.650374986629722 0.650371477992734
    outer loop
      vertex -0.0926545715332031 0.117641265869141 -0.0637643241882324
      vertex -0.0905071029663086 0.116875 -0.0617021675109863
      vertex -0.0905071029663086 0.118289207458496 -0.063116382598877
    endloop
  endfacet
  facet normal -0.353076527824773 0.661566960999316 0.661563391983967
    outer loop
      vertex -0.0905071029663086 0.116875 -0.0617021675109863
      vertex -0.0883226852416992 0.117457908630371 -0.061119255065918
      vertex -0.0905071029663086 0.118289207458496 -0.063116382598877
    endloop
  endfacet
  facet normal -0.35307855039022 0.661564636771926 0.661564636771926
    outer loop
      vertex -0.0905071029663086 0.118289207458496 -0.063116382598877
      vertex -0.0883226852416992 0.117457908630371 -0.061119255065918
      vertex -0.0883226852416992 0.118872123718262 -0.0625334701538086
    endloop
  endfacet
  facet normal -0.313052753717852 0.671564581179528 0.671564581179528
    outer loop
      vertex -0.0883226852416992 0.118872123718262 -0.0625334701538086
      vertex -0.0883226852416992 0.117457908630371 -0.061119255065918
      vertex -0.0861052551269531 0.119388954162598 -0.0620166358947754
    endloop
  endfacet
  facet normal -0.313051711631222 0.671563918325926 0.671565729804233
    outer loop
      vertex -0.0883226852416992 0.117457908630371 -0.061119255065918
      vertex -0.0861052551269531 0.117974739074707 -0.060602424621582
      vertex -0.0861052551269531 0.119388954162598 -0.0620166358947754
    endloop
  endfacet
  facet normal -0.272462470146146 0.680353476218942 0.680355311406226
    outer loop
      vertex -0.0861052551269531 0.117974739074707 -0.060602424621582
      vertex -0.0838587951660156 0.118424560546875 -0.0601526031494141
      vertex -0.0861052551269531 0.119388954162598 -0.0620166358947754
    endloop
  endfacet
  facet normal -0.272461400606015 0.68035460797286 0.68035460797286
    outer loop
      vertex -0.0861052551269531 0.119388954162598 -0.0620166358947754
      vertex -0.0838587951660156 0.118424560546875 -0.0601526031494141
      vertex -0.0838587951660156 0.119838775634766 -0.0615668182373047
    endloop
  endfacet
  facet normal -0.231380619002901 0.687918239745769 0.687918239745769
    outer loop
      vertex -0.0838587951660156 0.119838775634766 -0.0615668182373047
      vertex -0.0838587951660156 0.118424560546875 -0.0601526031494141
      vertex -0.0815873565673828 0.120220771789551 -0.0611848182678223
    endloop
  endfacet
  facet normal -0.231379525550709 0.68791749584022 0.687919351430711
    outer loop
      vertex -0.0838587951660156 0.118424560546875 -0.0601526031494141
      vertex -0.0815873565673828 0.11880655670166 -0.0597706069946289
      vertex -0.0815873565673828 0.120220771789551 -0.0611848182678223
    endloop
  endfacet
  facet normal -0.189884956779553 0.694240989515894 0.694242862163393
    outer loop
      vertex -0.0815873565673828 0.11880655670166 -0.0597706069946289
      vertex -0.0792950439453125 0.119120048522949 -0.0594571189880371
      vertex -0.0815873565673828 0.120220771789551 -0.0611848182678223
    endloop
  endfacet
  facet normal -0.18988161582711 0.69424425538364 0.694240510081125
    outer loop
      vertex -0.0815873565673828 0.120220771789551 -0.0611848182678223
      vertex -0.0792950439453125 0.119120048522949 -0.0594571189880371
      vertex -0.0792950439453125 0.120534255981445 -0.0608713340759277
    endloop
  endfacet
  facet normal -0.148041911508807 0.699317120127703 0.699313347458144
    outer loop
      vertex -0.0792950439453125 0.119120048522949 -0.0594571189880371
      vertex -0.0769859771728516 0.119364456176758 -0.0592127075195313
      vertex -0.0792950439453125 0.120534255981445 -0.0608713340759277
    endloop
  endfacet
  facet normal -0.148044171480547 0.699314994580639 0.699314994580639
    outer loop
      vertex -0.0792950439453125 0.120534255981445 -0.0608713340759277
      vertex -0.0769859771728516 0.119364456176758 -0.0592127075195313
      vertex -0.0769859771728516 0.120778671264648 -0.0606269226074219
    endloop
  endfacet
  facet normal -0.105937180594828 0.703127767111931 0.703127767111931
    outer loop
      vertex -0.0769859771728516 0.120778671264648 -0.0606269226074219
      vertex -0.0769859771728516 0.119364456176758 -0.0592127075195313
      vertex -0.0746643295288086 0.120953567504883 -0.0604520263671875
    endloop
  endfacet
  facet normal -0.105936038250013 0.703126904858671 0.703128801475062
    outer loop
      vertex -0.0769859771728516 0.119364456176758 -0.0592127075195313
      vertex -0.0746643295288086 0.119539352416992 -0.0590378150939941
      vertex -0.0746643295288086 0.120953567504883 -0.0604520263671875
    endloop
  endfacet
  facet normal -0.0636387591109411 0.705672523860735 0.705674427343686
    outer loop
      vertex -0.0746643295288086 0.119539352416992 -0.0590378150939941
      vertex -0.0723342666625977 0.119644416809082 -0.0589327507019043
      vertex -0.0746643295288086 0.120953567504883 -0.0604520263671875
    endloop
  endfacet
  facet normal -0.0636353072314391 0.705675534729983 0.705671727758108
    outer loop
      vertex -0.0746643295288086 0.120953567504883 -0.0604520263671875
      vertex -0.0723342666625977 0.119644416809082 -0.0589327507019043
      vertex -0.0723342666625977 0.121058624267578 -0.0603469657897949
    endloop
  endfacet
  facet normal -0.0212252688466389 0.706949390104166 0.706945576260107
    outer loop
      vertex -0.0723342666625977 0.121058624267578 -0.0603469657897949
      vertex -0.0723342666625977 0.119644416809082 -0.0589327507019043
      vertex -0.07 0.12109366607666 -0.0603119239807129
    endloop
  endfacet
  facet normal -0.0212252688466389 0.706949390104166 0.706945576260107
    outer loop
      vertex -0.0723342666625977 0.119644416809082 -0.0589327507019043
      vertex -0.07 0.119679458618164 -0.0588977088928223
      vertex -0.07 0.12109366607666 -0.0603119239807129
    endloop
  endfacet
  facet normal 0.0212252688466389 0.706949390104166 0.706945576260107
    outer loop
      vertex -0.07 0.119679458618164 -0.0588977088928223
      vertex -0.0676657333374023 0.119644416809082 -0.0589327507019043
      vertex -0.07 0.12109366607666 -0.0603119239807129
    endloop
  endfacet
  facet normal 0.0212252688466389 0.706949390104166 0.706945576260107
    outer loop
      vertex -0.07 0.12109366607666 -0.0603119239807129
      vertex -0.0676657333374023 0.119644416809082 -0.0589327507019043
      vertex -0.0676657333374023 0.121058624267578 -0.0603469657897949
    endloop
  endfacet
  facet normal 0.0636387591107682 0.705675379085811 0.705671572114775
    outer loop
      vertex -0.0676657333374023 0.119644416809082 -0.0589327507019043
      vertex -0.0653356704711914 0.119539352416992 -0.0590378150939941
      vertex -0.0676657333374023 0.121058624267578 -0.0603469657897949
    endloop
  endfacet
  facet normal 0.0636353072362676 0.705672679504068 0.705674582987438
    outer loop
      vertex -0.0676657333374023 0.121058624267578 -0.0603469657897949
      vertex -0.0653356704711914 0.119539352416992 -0.0590378150939941
      vertex -0.0653356704711914 0.120953567504883 -0.0604520263671875
    endloop
  endfacet
  facet normal 0.105937008483199 0.703126831768836 0.70312872838503
    outer loop
      vertex -0.0653356704711914 0.120953567504883 -0.0604520263671875
      vertex -0.0653356704711914 0.119539352416992 -0.0590378150939941
      vertex -0.0630140190124512 0.120778671264648 -0.0606269226074219
    endloop
  endfacet
  facet normal 0.10593586614193 0.703127866132739 0.703127866132739
    outer loop
      vertex -0.0653356704711914 0.119539352416992 -0.0590378150939941
      vertex -0.0630140190124512 0.119364456176758 -0.0592127075195313
      vertex -0.0630140190124512 0.120778671264648 -0.0606269226074219
    endloop
  endfacet
  facet normal 0.14804215072547 0.699315208474897 0.699315208474897
    outer loop
      vertex -0.0630140190124512 0.119364456176758 -0.0592127075195313
      vertex -0.0607049560546875 0.119120048522949 -0.0594571189880371
      vertex -0.0630140190124512 0.120778671264648 -0.0606269226074219
    endloop
  endfacet
  facet normal 0.148044410699644 0.699316855590938 0.699313082922806
    outer loop
      vertex -0.0630140190124512 0.120778671264648 -0.0606269226074219
      vertex -0.0607049560546875 0.119120048522949 -0.0594571189880371
      vertex -0.0607049560546875 0.120534255981445 -0.0608713340759277
    endloop
  endfacet
  facet normal 0.189884652185046 0.694243840143298 0.694240094843024
    outer loop
      vertex -0.0607049560546875 0.119120048522949 -0.0594571189880371
      vertex -0.0584126396179199 0.11880655670166 -0.0597706069946289
      vertex -0.0607049560546875 0.120534255981445 -0.0608713340759277
    endloop
  endfacet
  facet normal 0.189881311234054 0.694241488064308 0.694243360713152
    outer loop
      vertex -0.0607049560546875 0.120534255981445 -0.0608713340759277
      vertex -0.0584126396179199 0.11880655670166 -0.0597706069946289
      vertex -0.0584126396179199 0.120220771789551 -0.0611848182678223
    endloop
  endfacet
  facet normal 0.231379893331084 0.687917433989278 0.687919289579602
    outer loop
      vertex -0.0584126396179199 0.11880655670166 -0.0597706069946289
      vertex -0.0561412048339844 0.118424560546875 -0.0601526031494141
      vertex -0.0584126396179199 0.120220771789551 -0.0611848182678223
    endloop
  endfacet
  facet normal 0.231380986784817 0.687918177894175 0.687918177894175
    outer loop
      vertex -0.0584126396179199 0.120220771789551 -0.0611848182678223
      vertex -0.0561412048339844 0.118424560546875 -0.0601526031494141
      vertex -0.0561412048339844 0.119838775634766 -0.0615668182373047
    endloop
  endfacet
  facet normal 0.272462898467134 0.680354308047979 0.680354308047979
    outer loop
      vertex -0.0561412048339844 0.118424560546875 -0.0601526031494141
      vertex -0.0538947486877441 0.117974739074707 -0.060602424621582
      vertex -0.0561412048339844 0.119838775634766 -0.0615668182373047
    endloop
  endfacet
  facet normal 0.27246182892369 0.68035360461423 0.68035543980186
    outer loop
      vertex -0.0561412048339844 0.119838775634766 -0.0615668182373047
      vertex -0.0538947486877441 0.117974739074707 -0.060602424621582
      vertex -0.0538947486877441 0.119388954162598 -0.0620166358947754
    endloop
  endfacet
  facet normal 0.31305074009093 0.671564144768264 0.671565956247182
    outer loop
      vertex -0.0538947486877441 0.117974739074707 -0.060602424621582
      vertex -0.0516773109436035 0.117457908630371 -0.061119255065918
      vertex -0.0538947486877441 0.119388954162598 -0.0620166358947754
    endloop
  endfacet
  facet normal 0.313051782175029 0.671564807623597 0.671564807623597
    outer loop
      vertex -0.0538947486877441 0.119388954162598 -0.0620166358947754
      vertex -0.0516773109436035 0.117457908630371 -0.061119255065918
      vertex -0.0516773109436035 0.118872123718262 -0.0625334701538086
    endloop
  endfacet
  facet normal 0.35307855039022 0.661564636771926 0.661564636771926
    outer loop
      vertex -0.0516773109436035 0.118872123718262 -0.0625334701538086
      vertex -0.0516773109436035 0.117457908630371 -0.061119255065918
      vertex -0.0494928932189941 0.118289207458496 -0.063116382598877
    endloop
  endfacet
  facet normal 0.353076527824773 0.661566960999316 0.661563391983967
    outer loop
      vertex -0.0516773109436035 0.117457908630371 -0.061119255065918
      vertex -0.0494928932189941 0.116875 -0.0617021675109863
      vertex -0.0494928932189941 0.118289207458496 -0.063116382598877
    endloop
  endfacet
  facet normal 0.392466868994062 0.650374630726076 0.650371122091009
    outer loop
      vertex -0.0494928932189941 0.118289207458496 -0.063116382598877
      vertex -0.0494928932189941 0.116875 -0.0617021675109863
      vertex -0.0473454322814941 0.117641265869141 -0.0637643241882324
    endloop
  endfacet
  facet normal 0.392468823701371 0.650372286626076 0.650372286626076
    outer loop
      vertex -0.0494928932189941 0.116875 -0.0617021675109863
      vertex -0.0473454322814941 0.11622705078125 -0.0623501091003418
      vertex -0.0473454322814941 0.117641265869141 -0.0637643241882324
    endloop
  endfacet
  facet normal 0.431148261228192 0.638009081769181 0.638009081769181
    outer loop
      vertex -0.0473454322814941 0.11622705078125 -0.0623501091003418
      vertex -0.0452387924194336 0.115515251159668 -0.0630619163513184
      vertex -0.0473454322814941 0.117641265869141 -0.0637643241882324
    endloop
  endfacet
  facet normal 0.431149201775126 0.63800962445527 0.638007903486404
    outer loop
      vertex -0.0473454322814941 0.117641265869141 -0.0637643241882324
      vertex -0.0452387924194336 0.115515251159668 -0.0630619163513184
      vertex -0.0452387924194336 0.116929458618164 -0.0644761276245117
    endloop
  endfacet
  facet normal 0.469054331915801 0.624495851729883 0.624494167213105
    outer loop
      vertex -0.0452387924194336 0.116929458618164 -0.0644761276245117
      vertex -0.0452387924194336 0.115515251159668 -0.0630619163513184
      vertex -0.0431767768859863 0.116155075073242 -0.0652505111694336
    endloop
  endfacet
  facet normal 0.469056134160519 0.624493490387202 0.624495174897611
    outer loop
      vertex -0.0452387924194336 0.115515251159668 -0.0630619163513184
      vertex -0.0431767768859863 0.114740859985352 -0.0638362998962402
      vertex -0.0431767768859863 0.116155075073242 -0.0652505111694336
    endloop
  endfacet
  facet normal 0.506116521991688 0.609856572921769 0.609853282873146
    outer loop
      vertex -0.0431767768859863 0.116155075073242 -0.0652505111694336
      vertex -0.0411631011962891 0.113905296325684 -0.0646718673706055
      vertex -0.0411631011962891 0.11531950378418 -0.0660860824584961
    endloop
  endfacet
  facet normal 0.506113943877266 0.609855175167146 0.609856820192125
    outer loop
      vertex -0.0431767768859863 0.114740859985352 -0.0638362998962402
      vertex -0.0411631011962891 0.113905296325684 -0.0646718673706055
      vertex -0.0431767768859863 0.116155075073242 -0.0652505111694336
    endloop
  endfacet
  facet normal 0.54226277709781 0.594119049115087 0.594115843967113
    outer loop
      vertex -0.0411631011962891 0.113905296325684 -0.0646718673706055
      vertex -0.0392013854980469 0.113010047912598 -0.0655671157836914
      vertex -0.0411631011962891 0.11531950378418 -0.0660860824584961
    endloop
  endfacet
  facet normal 0.542261145919775 0.594118190945948 0.594118190945948
    outer loop
      vertex -0.0411631011962891 0.11531950378418 -0.0660860824584961
      vertex -0.0392013854980469 0.113010047912598 -0.0655671157836914
      vertex -0.0392013854980469 0.114424263000488 -0.066981330871582
    endloop
  endfacet
  facet normal 0.577434988402074 0.577307904921237 0.577307904921237
    outer loop
      vertex -0.0392013854980469 0.114424263000488 -0.066981330871582
      vertex -0.0392013854980469 0.113010047912598 -0.0655671157836914
      vertex -0.0372951736450195 0.113470947265625 -0.0679346466064453
    endloop
  endfacet
  facet normal 0.6115637709009 0.559459450774348 0.559459450774348
    outer loop
      vertex -0.0372951736450195 0.113470947265625 -0.0679346466064453
      vertex -0.0372951736450195 0.112056732177734 -0.0665204315185547
      vertex -0.0354478988647461 0.112461288452148 -0.0689443054199219
    endloop
  endfacet
  facet normal 0.577434988402074 0.577307904921237 0.577307904921237
    outer loop
      vertex -0.0392013854980469 0.113010047912598 -0.0655671157836914
      vertex -0.0372951736450195 0.112056732177734 -0.0665204315185547
      vertex -0.0372951736450195 0.113470947265625 -0.0679346466064453
    endloop
  endfacet
  facet normal 0.6115637709009 0.559459450774348 0.559459450774348
    outer loop
      vertex -0.0372951736450195 0.112056732177734 -0.0665204315185547
      vertex -0.0354478988647461 0.111047073364258 -0.0675300903320313
      vertex -0.0354478988647461 0.112461288452148 -0.0689443054199219
    endloop
  endfacet
  facet normal 0.64459362281938 0.54060108278683 0.54060108278683
    outer loop
      vertex -0.0354478988647461 0.112461288452148 -0.0689443054199219
      vertex -0.0336628913879395 0.109982887268066 -0.0685942840576172
      vertex -0.0336628913879395 0.111397094726563 -0.0700084915161133
    endloop
  endfacet
  facet normal 0.676458702776809 0.52077040211475 0.52077040211475
    outer loop
      vertex -0.0336628913879395 0.111397094726563 -0.0700084915161133
      vertex -0.0336628913879395 0.109982887268066 -0.0685942840576172
      vertex -0.0319433612823486 0.110280296325684 -0.0711252899169922
    endloop
  endfacet
  facet normal 0.64459362281938 0.54060108278683 0.54060108278683
    outer loop
      vertex -0.0354478988647461 0.111047073364258 -0.0675300903320313
      vertex -0.0336628913879395 0.109982887268066 -0.0685942840576172
      vertex -0.0354478988647461 0.112461288452148 -0.0689443054199219
    endloop
  endfacet
  facet normal 0.676459956052202 0.520768183410351 0.520770992860907
    outer loop
      vertex -0.0336628913879395 0.109982887268066 -0.0685942840576172
      vertex -0.0319433612823486 0.108866081237793 -0.0697110824584961
      vertex -0.0319433612823486 0.110280296325684 -0.0711252899169922
    endloop
  endfacet
  facet normal 0.707107287384559 0.499999642063697 0.499999642063697
    outer loop
      vertex -0.0319433612823486 0.110280296325684 -0.0711252899169922
      vertex -0.0302924156188965 0.107698692321777 -0.0708784790039062
      vertex -0.0302924156188965 0.109112899780273 -0.0722926864624023
    endloop
  endfacet
  facet normal 0.707106132079311 0.499999110283315 0.500001807688462
    outer loop
      vertex -0.0319433612823486 0.108866081237793 -0.0697110824584961
      vertex -0.0302924156188965 0.107698692321777 -0.0708784790039062
      vertex -0.0319433612823486 0.110280296325684 -0.0711252899169922
    endloop
  endfacet
  facet normal 0.736479887130729 0.478327767959973 0.478330348452132
    outer loop
      vertex -0.0302924156188965 0.109112899780273 -0.0722926864624023
      vertex -0.0287130241394043 0.106482795715332 -0.072094367980957
      vertex -0.0287130241394043 0.107897010803223 -0.0735085754394531
    endloop
  endfacet
  facet normal 0.736480944459301 0.478328244225833 0.478328244225833
    outer loop
      vertex -0.0302924156188965 0.107698692321777 -0.0708784790039062
      vertex -0.0287130241394043 0.106482795715332 -0.072094367980957
      vertex -0.0302924156188965 0.109112899780273 -0.0722926864624023
    endloop
  endfacet
  facet normal 0.764526622666913 0.455795482225045 0.455795482225045
    outer loop
      vertex -0.0287130241394043 0.107897010803223 -0.0735085754394531
      vertex -0.0272080326080322 0.105220603942871 -0.073356559753418
      vertex -0.0272080326080322 0.106634819030762 -0.0747707748413086
    endloop
  endfacet
  facet normal 0.791194769466939 0.432441231133294 0.432441231133294
    outer loop
      vertex -0.0272080326080322 0.106634819030762 -0.0747707748413086
      vertex -0.0272080326080322 0.105220603942871 -0.073356559753418
      vertex -0.0257801570892334 0.105328598022461 -0.0760769958496094
    endloop
  endfacet
  facet normal 0.764525662608329 0.455795057931149 0.455797516863395
    outer loop
      vertex -0.0287130241394043 0.106482795715332 -0.072094367980957
      vertex -0.0272080326080322 0.105220603942871 -0.073356559753418
      vertex -0.0287130241394043 0.107897010803223 -0.0735085754394531
    endloop
  endfacet
  facet normal 0.816436885708604 0.40830797913734 0.40830797913734
    outer loop
      vertex -0.0257801570892334 0.105328598022461 -0.0760769958496094
      vertex -0.0257801570892334 0.10391438293457 -0.0746627807617188
      vertex -0.0244319686889648 0.10398070526123 -0.0774248886108398
    endloop
  endfacet
  facet normal 0.791194769466939 0.432441231133294 0.432441231133294
    outer loop
      vertex -0.0272080326080322 0.105220603942871 -0.073356559753418
      vertex -0.0257801570892334 0.10391438293457 -0.0746627807617188
      vertex -0.0257801570892334 0.105328598022461 -0.0760769958496094
    endloop
  endfacet
  facet normal 0.816436885708604 0.40830797913734 0.40830797913734
    outer loop
      vertex -0.0257801570892334 0.10391438293457 -0.0746627807617188
      vertex -0.0244319686889648 0.10256649017334 -0.0760106735229492
      vertex -0.0244319686889648 0.10398070526123 -0.0774248886108398
    endloop
  endfacet
  facet normal 0.840208439273964 0.383438247031259 0.383438247031259
    outer loop
      vertex -0.0244319686889648 0.10398070526123 -0.0774248886108398
      vertex -0.0231658973693848 0.101179351806641 -0.0773978118896484
      vertex -0.0231658973693848 0.102593566894531 -0.0788120269775391
    endloop
  endfacet
  facet normal 0.840208439273964 0.383438247031259 0.383438247031259
    outer loop
      vertex -0.0244319686889648 0.10256649017334 -0.0760106735229492
      vertex -0.0231658973693848 0.101179351806641 -0.0773978118896484
      vertex -0.0244319686889648 0.10398070526123 -0.0774248886108398
    endloop
  endfacet
  facet normal 0.86246654995957 0.357876689797504 0.357876689797504
    outer loop
      vertex -0.0231658973693848 0.102593566894531 -0.0788120269775391
      vertex -0.021984224319458 0.0997554626464844 -0.0788217010498047
      vertex -0.021984224319458 0.101169677734375 -0.0802359161376953
    endloop
  endfacet
  facet normal 0.8831688564189 0.331672105438287 0.331672105438287
    outer loop
      vertex -0.021984224319458 0.101169677734375 -0.0802359161376953
      vertex -0.021984224319458 0.0997554626464844 -0.0788217010498047
      vertex -0.0208890781402588 0.0997116088867187 -0.081693977355957
    endloop
  endfacet
  facet normal 0.86246654995957 0.357876689797504 0.357876689797504
    outer loop
      vertex -0.0231658973693848 0.101179351806641 -0.0773978118896484
      vertex -0.021984224319458 0.0997554626464844 -0.0788217010498047
      vertex -0.0231658973693848 0.102593566894531 -0.0788120269775391
    endloop
  endfacet
  facet normal 0.8831683480526 0.331673676924291 0.331671887614194
    outer loop
      vertex -0.021984224319458 0.0997554626464844 -0.0788217010498047
      vertex -0.0208890781402588 0.0982974014282227 -0.0802797622680664
      vertex -0.0208890781402588 0.0997116088867187 -0.081693977355957
    endloop
  endfacet
  facet normal 0.90228024415826 0.304869120280909 0.304869120280909
    outer loop
      vertex -0.0208890781402588 0.0997116088867187 -0.081693977355957
      vertex -0.0198824329376221 0.0968077850341797 -0.0817693862915039
      vertex -0.0198824329376221 0.0982219924926758 -0.08318359375
    endloop
  endfacet
  facet normal 0.902280673675705 0.304869307039465 0.304867662333335
    outer loop
      vertex -0.0208890781402588 0.0982974014282227 -0.0802797622680664
      vertex -0.0198824329376221 0.0968077850341797 -0.0817693862915039
      vertex -0.0208890781402588 0.0997116088867187 -0.081693977355957
    endloop
  endfacet
  facet normal 0.919765918408926 0.277517104246555 0.277515607099837
    outer loop
      vertex -0.0198824329376221 0.0982219924926758 -0.08318359375
      vertex -0.0189661026000977 0.0952892990112305 -0.0832878646850586
      vertex -0.0189661026000977 0.0967035064697266 -0.0847020797729492
    endloop
  endfacet
  facet normal 0.935594197018815 0.249663945174334 0.249662598289582
    outer loop
      vertex -0.0189661026000977 0.0967035064697266 -0.0847020797729492
      vertex -0.0189661026000977 0.0952892990112305 -0.0832878646850586
      vertex -0.0181417407989502 0.0951588897705078 -0.086246696472168
    endloop
  endfacet
  facet normal 0.919765562503581 0.277516945457815 0.277516945457815
    outer loop
      vertex -0.0198824329376221 0.0968077850341797 -0.0817693862915039
      vertex -0.0189661026000977 0.0952892990112305 -0.0832878646850586
      vertex -0.0198824329376221 0.0982219924926758 -0.08318359375
    endloop
  endfacet
  facet normal 0.935594197018815 0.249663945174334 0.249662598289582
    outer loop
      vertex -0.0189661026000977 0.0952892990112305 -0.0832878646850586
      vertex -0.0181417407989502 0.0937446823120117 -0.0848324813842773
      vertex -0.0181417407989502 0.0951588897705078 -0.086246696472168
    endloop
  endfacet
  facet normal 0.949735911920454 0.221360756355481 0.221361950556893
    outer loop
      vertex -0.0181417407989502 0.0951588897705078 -0.086246696472168
      vertex -0.0174108295440674 0.0921767120361328 -0.0864004516601563
      vertex -0.0174108295440674 0.0935909271240234 -0.0878146591186523
    endloop
  endfacet
  facet normal 0.962166836333871 0.192658478370415 0.192659517728207
    outer loop
      vertex -0.0174108295440674 0.0935909271240234 -0.0878146591186523
      vertex -0.0174108295440674 0.0921767120361328 -0.0864004516601563
      vertex -0.0167746887207031 0.09200244140625 -0.0894031524658203
    endloop
  endfacet
  facet normal 0.94973636480548 0.221360979015627 0.221359784819456
    outer loop
      vertex -0.0181417407989502 0.0937446823120117 -0.0848324813842773
      vertex -0.0174108295440674 0.0921767120361328 -0.0864004516601563
      vertex -0.0181417407989502 0.0951588897705078 -0.086246696472168
    endloop
  endfacet
  facet normal 0.962166664805227 0.192659426368899 0.192659426368899
    outer loop
      vertex -0.0174108295440674 0.0921767120361328 -0.0864004516601563
      vertex -0.0167746887207031 0.0905882263183594 -0.0879889373779297
      vertex -0.0167746887207031 0.09200244140625 -0.0894031524658203
    endloop
  endfacet
  facet normal 0.972863202790737 0.163611106981999 0.163611106981999
    outer loop
      vertex -0.0167746887207031 0.09200244140625 -0.0894031524658203
      vertex -0.0162344627380371 0.0889820861816406 -0.089595085144043
      vertex -0.0162344627380371 0.0903962936401367 -0.0910092926025391
    endloop
  endfacet
  facet normal 0.972863202790736 0.163611106981999 0.163611106981999
    outer loop
      vertex -0.0167746887207031 0.0905882263183594 -0.0879889373779297
      vertex -0.0162344627380371 0.0889820861816406 -0.089595085144043
      vertex -0.0167746887207031 0.09200244140625 -0.0894031524658203
    endloop
  endfacet
  facet normal 0.981806704696218 0.134267270957295 0.13426799530504
    outer loop
      vertex -0.0162344627380371 0.0903962936401367 -0.0910092926025391
      vertex -0.0157911252975464 0.0873611679077149 -0.0912159957885742
      vertex -0.0157911252975464 0.0887753829956055 -0.0926302032470703
    endloop
  endfacet
  facet normal 0.988980977291489 0.10468168015378 0.104682244892591
    outer loop
      vertex -0.0157911252975464 0.0887753829956055 -0.0926302032470703
      vertex -0.0157911252975464 0.0873611679077149 -0.0912159957885742
      vertex -0.0154454765319824 0.0871426315307617 -0.0942629623413086
    endloop
  endfacet
  facet normal 0.981806788006547 0.134267328535773 0.134267328535773
    outer loop
      vertex -0.0162344627380371 0.0889820861816406 -0.089595085144043
      vertex -0.0157911252975464 0.0873611679077149 -0.0912159957885742
      vertex -0.0162344627380371 0.0903962936401367 -0.0910092926025391
    endloop
  endfacet
  facet normal 0.994372970624778 0.0749079277875641 0.0749079277875641
    outer loop
      vertex -0.0154454765319824 0.0871426315307617 -0.0942629623413086
      vertex -0.0154454765319824 0.0857284164428711 -0.092848747253418
      vertex -0.0151981382369995 0.0855009689331055 -0.0959046173095703
    endloop
  endfacet
  facet normal 0.98898092665045 0.104682201738446 0.104682201738446
    outer loop
      vertex -0.0157911252975464 0.0873611679077149 -0.0912159957885742
      vertex -0.0154454765319824 0.0857284164428711 -0.092848747253418
      vertex -0.0154454765319824 0.0871426315307617 -0.0942629623413086
    endloop
  endfacet
  facet normal 0.994372944694079 0.0749083019542657 0.0749078978396482
    outer loop
      vertex -0.0154454765319824 0.0857284164428711 -0.092848747253418
      vertex -0.0151981382369995 0.0840867614746094 -0.0944904022216797
      vertex -0.0151981382369995 0.0855009689331055 -0.0959046173095703
    endloop
  endfacet
  facet normal 0.997973050880403 0.044998831742947 0.044998831742947
    outer loop
      vertex -0.0151981382369995 0.0855009689331055 -0.0959046173095703
      vertex -0.0150495567321777 0.0824391555786133 -0.0961380081176758
      vertex -0.0150495567321777 0.0838533706665039 -0.0975522232055664
    endloop
  endfacet
  facet normal 0.999774716858052 0.0150085897305945 0.0150085897305945
    outer loop
      vertex -0.0150495567321777 0.0838533706665039 -0.0975522232055664
      vertex -0.0150495567321777 0.0824391555786133 -0.0961380081176758
      vertex -0.015 0.0822027969360352 -0.0992027969360352
    endloop
  endfacet
  facet normal 0.997973060237839 0.0449988493588962 0.0449986065995182
    outer loop
      vertex -0.0151981382369995 0.0840867614746094 -0.0944904022216797
      vertex -0.0150495567321777 0.0824391555786133 -0.0961380081176758
      vertex -0.0151981382369995 0.0855009689331055 -0.0959046173095703
    endloop
  endfacet
  facet normal 0.999774716858052 0.0150085897305945 0.0150085897305945
    outer loop
      vertex -0.0150495567321777 0.0824391555786133 -0.0961380081176758
      vertex -0.015 0.0807885818481445 -0.0977885818481445
      vertex -0.015 0.0822027969360352 -0.0992027969360352
    endloop
  endfacet
  facet normal 0.999774716858052 -0.0150085897305945 -0.0150085897305945
    outer loop
      vertex -0.015 0.0822027969360352 -0.0992027969360352
      vertex -0.0150495567321777 0.0791380081176758 -0.0994391555786133
      vertex -0.0150495567321777 0.0805522232055664 -0.100853370666504
    endloop
  endfacet
  facet normal 0.997973050880403 -0.044998831742947 -0.044998831742947
    outer loop
      vertex -0.0150495567321777 0.0805522232055664 -0.100853370666504
      vertex -0.0150495567321777 0.0791380081176758 -0.0994391555786133
      vertex -0.0151981382369995 0.0789046173095703 -0.102500968933105
    endloop
  endfacet
  facet normal 0.999774716858052 -0.0150085897305945 -0.0150085897305945
    outer loop
      vertex -0.015 0.0807885818481445 -0.0977885818481445
      vertex -0.0150495567321777 0.0791380081176758 -0.0994391555786133
      vertex -0.015 0.0822027969360352 -0.0992027969360352
    endloop
  endfacet
  facet normal 0.997973060237839 -0.0449986065995182 -0.0449988493588962
    outer loop
      vertex -0.0150495567321777 0.0791380081176758 -0.0994391555786133
      vertex -0.0151981382369995 0.0774904022216797 -0.101086761474609
      vertex -0.0151981382369995 0.0789046173095703 -0.102500968933105
    endloop
  endfacet
  facet normal 0.994372944694079 -0.0749078978396482 -0.0749083019542657
    outer loop
      vertex -0.0151981382369995 0.0774904022216797 -0.101086761474609
      vertex -0.0154454765319824 0.075848747253418 -0.102728416442871
      vertex -0.0151981382369995 0.0789046173095703 -0.102500968933105
    endloop
  endfacet
  facet normal 0.994372970624778 -0.0749079277875641 -0.0749079277875641
    outer loop
      vertex -0.0151981382369995 0.0789046173095703 -0.102500968933105
      vertex -0.0154454765319824 0.075848747253418 -0.102728416442871
      vertex -0.0154454765319824 0.0772629623413086 -0.104142631530762
    endloop
  endfacet
  facet normal 0.98898092665045 -0.104682201738446 -0.104682201738446
    outer loop
      vertex -0.0154454765319824 0.075848747253418 -0.102728416442871
      vertex -0.0157911252975464 0.0742159957885742 -0.104361167907715
      vertex -0.0154454765319824 0.0772629623413086 -0.104142631530762
    endloop
  endfacet
  facet normal 0.988980977291489 -0.104682244892591 -0.10468168015378
    outer loop
      vertex -0.0154454765319824 0.0772629623413086 -0.104142631530762
      vertex -0.0157911252975464 0.0742159957885742 -0.104361167907715
      vertex -0.0157911252975464 0.0756302032470703 -0.105775382995605
    endloop
  endfacet
  facet normal 0.981806704696218 -0.13426799530504 -0.134267270957295
    outer loop
      vertex -0.0157911252975464 0.0756302032470703 -0.105775382995605
      vertex -0.0157911252975464 0.0742159957885742 -0.104361167907715
      vertex -0.0162344627380371 0.0740092926025391 -0.107396293640137
    endloop
  endfacet
  facet normal 0.981806788006547 -0.134267328535773 -0.134267328535773
    outer loop
      vertex -0.0157911252975464 0.0742159957885742 -0.104361167907715
      vertex -0.0162344627380371 0.072595085144043 -0.105982086181641
      vertex -0.0162344627380371 0.0740092926025391 -0.107396293640137
    endloop
  endfacet
  facet normal 0.972863202790737 -0.163611106981999 -0.163611106981999
    outer loop
      vertex -0.0162344627380371 0.072595085144043 -0.105982086181641
      vertex -0.0167746887207031 0.0709889373779297 -0.107588226318359
      vertex -0.0162344627380371 0.0740092926025391 -0.107396293640137
    endloop
  endfacet
  facet normal 0.972863202790736 -0.163611106981999 -0.163611106981999
    outer loop
      vertex -0.0162344627380371 0.0740092926025391 -0.107396293640137
      vertex -0.0167746887207031 0.0709889373779297 -0.107588226318359
      vertex -0.0167746887207031 0.0724031524658203 -0.10900244140625
    endloop
  endfacet
  facet normal 0.962166664805227 -0.192659426368899 -0.192659426368899
    outer loop
      vertex -0.0167746887207031 0.0709889373779297 -0.107588226318359
      vertex -0.0174108295440674 0.0694004516601563 -0.109176712036133
      vertex -0.0167746887207031 0.0724031524658203 -0.10900244140625
    endloop
  endfacet
  facet normal 0.962166836333872 -0.192659517728207 -0.192658478370415
    outer loop
      vertex -0.0167746887207031 0.0724031524658203 -0.10900244140625
      vertex -0.0174108295440674 0.0694004516601563 -0.109176712036133
      vertex -0.0174108295440674 0.0708146591186523 -0.110590927124023
    endloop
  endfacet
  facet normal 0.94973636480548 -0.221360979015627 -0.221359784819456
    outer loop
      vertex -0.0174108295440674 0.0694004516601563 -0.109176712036133
      vertex -0.0181417407989502 0.0678324813842773 -0.110744682312012
      vertex -0.0174108295440674 0.0708146591186523 -0.110590927124023
    endloop
  endfacet
  facet normal 0.949735911920454 -0.221360756355481 -0.221361950556893
    outer loop
      vertex -0.0174108295440674 0.0708146591186523 -0.110590927124023
      vertex -0.0181417407989502 0.0678324813842773 -0.110744682312012
      vertex -0.0181417407989502 0.069246696472168 -0.112158889770508
    endloop
  endfacet
  facet normal 0.935594197018815 -0.249662598289582 -0.249663945174334
    outer loop
      vertex -0.0181417407989502 0.069246696472168 -0.112158889770508
      vertex -0.0181417407989502 0.0678324813842773 -0.110744682312012
      vertex -0.0189661026000977 0.0677020797729492 -0.113703506469727
    endloop
  endfacet
  facet normal 0.935594197018815 -0.249662598289582 -0.249663945174334
    outer loop
      vertex -0.0181417407989502 0.0678324813842773 -0.110744682312012
      vertex -0.0189661026000977 0.0662878646850586 -0.11228929901123
      vertex -0.0189661026000977 0.0677020797729492 -0.113703506469727
    endloop
  endfacet
  facet normal 0.919765918409442 -0.277516355673351 -0.277516355673351
    outer loop
      vertex -0.0189661026000977 0.0677020797729492 -0.113703506469727
      vertex -0.0198824329376221 0.0647693862915039 -0.11380778503418
      vertex -0.0198824329376221 0.06618359375 -0.115221992492676
    endloop
  endfacet
  facet normal 0.919765562504025 -0.277516196881118 -0.277517694031018
    outer loop
      vertex -0.0189661026000977 0.0662878646850586 -0.11228929901123
      vertex -0.0198824329376221 0.0647693862915039 -0.11380778503418
      vertex -0.0189661026000977 0.0677020797729492 -0.113703506469727
    endloop
  endfacet
  facet normal 0.902280244158107 -0.304868709102913 -0.304869531458802
    outer loop
      vertex -0.0198824329376221 0.06618359375 -0.115221992492676
      vertex -0.0208890781402588 0.0632797660827637 -0.115297401428223
      vertex -0.0208890781402588 0.064693977355957 -0.116711608886719
    endloop
  endfacet
  facet normal 0.902280458918203 -0.304868802482607 -0.304868802482607
    outer loop
      vertex -0.0198824329376221 0.0647693862915039 -0.11380778503418
      vertex -0.0208890781402588 0.0632797660827637 -0.115297401428223
      vertex -0.0198824329376221 0.06618359375 -0.115221992492676
    endloop
  endfacet
  facet normal 0.88316911060001 -0.331672214349508 -0.331671319698404
    outer loop
      vertex -0.0208890781402588 0.064693977355957 -0.116711608886719
      vertex -0.021984224319458 0.0618217010498047 -0.116755462646484
      vertex -0.021984224319458 0.0632359123229981 -0.118169677734375
    endloop
  endfacet
  facet normal 0.883168602235973 -0.331671996526319 -0.331672891181662
    outer loop
      vertex -0.0208890781402588 0.0632797660827637 -0.115297401428223
      vertex -0.021984224319458 0.0618217010498047 -0.116755462646484
      vertex -0.0208890781402588 0.064693977355957 -0.116711608886719
    endloop
  endfacet
  facet normal 0.862466254025813 -0.357877529058988 -0.357876563721789
    outer loop
      vertex -0.021984224319458 0.0632359123229981 -0.118169677734375
      vertex -0.0231658973693848 0.0603978157043457 -0.118179351806641
      vertex -0.0231658973693848 0.0618120269775391 -0.119593566894531
    endloop
  endfacet
  facet normal 0.840208439273739 -0.383438764174135 -0.383437729888178
    outer loop
      vertex -0.0231658973693848 0.0618120269775391 -0.119593566894531
      vertex -0.0231658973693848 0.0603978157043457 -0.118179351806641
      vertex -0.0244319686889648 0.0604248886108398 -0.12098070526123
    endloop
  endfacet
  facet normal 0.862466254025813 -0.357877529058988 -0.357876563721789
    outer loop
      vertex -0.021984224319458 0.0618217010498047 -0.116755462646484
      vertex -0.0231658973693848 0.0603978157043457 -0.118179351806641
      vertex -0.021984224319458 0.0632359123229981 -0.118169677734375
    endloop
  endfacet
  facet normal 0.840208778991184 -0.383437874828598 -0.383437874828598
    outer loop
      vertex -0.0231658973693848 0.0603978157043457 -0.118179351806641
      vertex -0.0244319686889648 0.0590106735229492 -0.11956649017334
      vertex -0.0244319686889648 0.0604248886108398 -0.12098070526123
    endloop
  endfacet
  facet normal 0.816437270923241 -0.408308144690786 -0.408307043322277
    outer loop
      vertex -0.0244319686889648 0.0604248886108398 -0.12098070526123
      vertex -0.0257801570892334 0.0576627807617188 -0.12091438293457
      vertex -0.0257801570892334 0.0590769920349121 -0.122328598022461
    endloop
  endfacet
  facet normal 0.816436885708604 -0.40830797913734 -0.40830797913734
    outer loop
      vertex -0.0244319686889648 0.0590106735229492 -0.11956649017334
      vertex -0.0257801570892334 0.0576627807617188 -0.12091438293457
      vertex -0.0244319686889648 0.0604248886108398 -0.12098070526123
    endloop
  endfacet
  facet normal 0.79119476946667 -0.432441814366426 -0.432440647899867
    outer loop
      vertex -0.0257801570892334 0.0590769920349121 -0.122328598022461
      vertex -0.0272080326080322 0.056356559753418 -0.122220603942871
      vertex -0.0272080326080322 0.0577707710266113 -0.123634819030762
    endloop
  endfacet
  facet normal 0.79119476946667 -0.432441814366426 -0.432440647899867
    outer loop
      vertex -0.0257801570892334 0.0576627807617188 -0.12091438293457
      vertex -0.0272080326080322 0.056356559753418 -0.122220603942871
      vertex -0.0257801570892334 0.0590769920349121 -0.122328598022461
    endloop
  endfacet
  facet normal 0.764525662609484 -0.455796287397961 -0.455796287397961
    outer loop
      vertex -0.0272080326080322 0.0577707710266113 -0.123634819030762
      vertex -0.0287130241394043 0.0550943641662598 -0.123482795715332
      vertex -0.0287130241394043 0.0565085792541504 -0.124897010803223
    endloop
  endfacet
  facet normal 0.764526142639193 -0.455796499542248 -0.455795270078869
    outer loop
      vertex -0.0272080326080322 0.056356559753418 -0.122220603942871
      vertex -0.0287130241394043 0.0550943641662598 -0.123482795715332
      vertex -0.0272080326080322 0.0577707710266113 -0.123634819030762
    endloop
  endfacet
  facet normal 0.736479887130729 -0.478327767959973 -0.478330348452132
    outer loop
      vertex -0.0287130241394043 0.0565085792541504 -0.124897010803223
      vertex -0.0302924156188965 0.053878475189209 -0.124698692321777
      vertex -0.0302924156188965 0.0552926902770996 -0.126112899780273
    endloop
  endfacet
  facet normal 0.736480944459301 -0.478328244225833 -0.478328244225833
    outer loop
      vertex -0.0287130241394043 0.0550943641662598 -0.123482795715332
      vertex -0.0302924156188965 0.053878475189209 -0.124698692321777
      vertex -0.0287130241394043 0.0565085792541504 -0.124897010803223
    endloop
  endfacet
  facet normal 0.707107287384559 -0.499999642063697 -0.499999642063697
    outer loop
      vertex -0.0302924156188965 0.0552926902770996 -0.126112899780273
      vertex -0.0319433612823486 0.0527110786437988 -0.125866081237793
      vertex -0.0319433612823486 0.0541252937316895 -0.127280296325684
    endloop
  endfacet
  facet normal 0.707106132073078 -0.499999110287722 -0.500001807692869
    outer loop
      vertex -0.0302924156188965 0.053878475189209 -0.124698692321777
      vertex -0.0319433612823486 0.0527110786437988 -0.125866081237793
      vertex -0.0302924156188965 0.0552926902770996 -0.126112899780273
    endloop
  endfacet
  facet normal 0.676458702775474 -0.520768997386249 -0.520771806841196
    outer loop
      vertex -0.0319433612823486 0.0541252937316895 -0.127280296325684
      vertex -0.0336628913879395 0.0515942802429199 -0.126982887268066
      vertex -0.0336628913879395 0.0530084953308105 -0.128397094726562
    endloop
  endfacet
  facet normal 0.644594298094226 -0.540599221979855 -0.540602138415293
    outer loop
      vertex -0.0336628913879395 0.0530084953308105 -0.128397094726562
      vertex -0.0336628913879395 0.0515942802429199 -0.126982887268066
      vertex -0.0354478988647461 0.0519443054199219 -0.129461288452148
    endloop
  endfacet
  facet normal 0.676459956056918 -0.520769588134461 -0.520769588134461
    outer loop
      vertex -0.0319433612823486 0.0527110786437988 -0.125866081237793
      vertex -0.0336628913879395 0.0515942802429199 -0.126982887268066
      vertex -0.0319433612823486 0.0541252937316895 -0.127280296325684
    endloop
  endfacet
  facet normal 0.644592272265721 -0.540602617070624 -0.540601158851614
    outer loop
      vertex -0.0336628913879395 0.0515942802429199 -0.126982887268066
      vertex -0.0354478988647461 0.0505300941467285 -0.128047073364258
      vertex -0.0354478988647461 0.0519443054199219 -0.129461288452148
    endloop
  endfacet
  facet normal 0.6115637709009 -0.559459450774348 -0.559459450774348
    outer loop
      vertex -0.0354478988647461 0.0519443054199219 -0.129461288452148
      vertex -0.0372951736450195 0.0495204315185547 -0.129056732177734
      vertex -0.0372951736450195 0.0509346466064453 -0.130470947265625
    endloop
  endfacet
  facet normal 0.611564494110751 -0.559459810033229 -0.559458300948913
    outer loop
      vertex -0.0354478988647461 0.0505300941467285 -0.128047073364258
      vertex -0.0372951736450195 0.0495204315185547 -0.129056732177734
      vertex -0.0354478988647461 0.0519443054199219 -0.129461288452148
    endloop
  endfacet
  facet normal 0.577433448220943 -0.577309453795188 -0.577307896563326
    outer loop
      vertex -0.0372951736450195 0.0509346466064453 -0.130470947265625
      vertex -0.0392013854980469 0.0485671195983887 -0.130010040283203
      vertex -0.0392013854980469 0.049981330871582 -0.131424255371094
    endloop
  endfacet
  facet normal 0.577432678125475 -0.577309060310351 -0.577309060310351
    outer loop
      vertex -0.0372951736450195 0.0495204315185547 -0.129056732177734
      vertex -0.0392013854980469 0.0485671195983887 -0.130010040283203
      vertex -0.0372951736450195 0.0509346466064453 -0.130470947265625
    endloop
  endfacet
  facet normal 0.542262777098855 -0.594118247828157 -0.594116645256332
    outer loop
      vertex -0.0392013854980469 0.049981330871582 -0.131424255371094
      vertex -0.0411631011962891 0.0476718711853027 -0.130905288696289
      vertex -0.0411631011962891 0.0490860824584961 -0.13231950378418
    endloop
  endfacet
  facet normal 0.542262777098855 -0.594118247828157 -0.594116645256332
    outer loop
      vertex -0.0392013854980469 0.0485671195983887 -0.130010040283203
      vertex -0.0411631011962891 0.0476718711853027 -0.130905288696289
      vertex -0.0392013854980469 0.049981330871582 -0.131424255371094
    endloop
  endfacet
  facet normal 0.506115662622362 -0.609855284493103 -0.609855284493103
    outer loop
      vertex -0.0411631011962891 0.0490860824584961 -0.13231950378418
      vertex -0.0431767768859863 0.0468362998962402 -0.131740859985352
      vertex -0.0431767768859863 0.0482505149841309 -0.133155075073242
    endloop
  endfacet
  facet normal 0.506116521992715 -0.609855750409741 -0.609854105387649
    outer loop
      vertex -0.0411631011962891 0.0476718711853027 -0.130905288696289
      vertex -0.0431767768859863 0.0468362998962402 -0.131740859985352
      vertex -0.0411631011962891 0.0490860824584961 -0.13231950378418
    endloop
  endfacet
  facet normal 0.469054331916134 -0.624495009471937 -0.624495009471937
    outer loop
      vertex -0.0431767768859863 0.0482505149841309 -0.133155075073242
      vertex -0.0452387924194336 0.0460619163513184 -0.132515243530273
      vertex -0.0452387924194336 0.047476131439209 -0.133929458618164
    endloop
  endfacet
  facet normal 0.469054331916134 -0.624495009471937 -0.624495009471937
    outer loop
      vertex -0.0431767768859863 0.0468362998962402 -0.131740859985352
      vertex -0.0452387924194336 0.0460619163513184 -0.132515243530273
      vertex -0.0431767768859863 0.0482505149841309 -0.133155075073242
    endloop
  endfacet
  facet normal 0.431150142318756 -0.638008446173919 -0.638008446173919
    outer loop
      vertex -0.0452387924194336 0.047476131439209 -0.133929458618164
      vertex -0.0473454322814941 0.0453501091003418 -0.13322705078125
      vertex -0.0473454322814941 0.0467643241882324 -0.134641265869141
    endloop
  endfacet
  facet normal 0.431150142318756 -0.638008446173919 -0.638008446173919
    outer loop
      vertex -0.0452387924194336 0.0460619163513184 -0.132515243530273
      vertex -0.0473454322814941 0.0453501091003418 -0.13322705078125
      vertex -0.0452387924194336 0.047476131439209 -0.133929458618164
    endloop
  endfacet
  facet normal 0.392468823701371 -0.650372286626076 -0.650372286626076
    outer loop
      vertex -0.0473454322814941 0.0453501091003418 -0.13322705078125
      vertex -0.0494928932189941 0.0447021675109863 -0.133875
      vertex -0.0473454322814941 0.0467643241882324 -0.134641265869141
    endloop
  endfacet
  facet normal 0.392468823701371 -0.650372286626076 -0.650372286626076
    outer loop
      vertex -0.0473454322814941 0.0467643241882324 -0.134641265869141
      vertex -0.0494928932189941 0.0447021675109863 -0.133875
      vertex -0.0494928932189941 0.046116382598877 -0.135289215087891
    endloop
  endfacet
  facet normal 0.353074505262081 -0.661565716211903 -0.661565716211903
    outer loop
      vertex -0.0494928932189941 0.046116382598877 -0.135289215087891
      vertex -0.0494928932189941 0.0447021675109863 -0.133875
      vertex -0.0516773109436035 0.0455334701538086 -0.135872116088867
    endloop
  endfacet
  facet normal 0.353078550391178 -0.66156106773998 -0.661568205784107
    outer loop
      vertex -0.0494928932189941 0.0447021675109863 -0.133875
      vertex -0.0516773109436035 0.044119255065918 -0.134457916259766
      vertex -0.0516773109436035 0.0455334701538086 -0.135872116088867
    endloop
  endfacet
  facet normal 0.313050740087078 -0.671561427526964 -0.671568673471953
    outer loop
      vertex -0.0516773109436035 0.044119255065918 -0.134457916259766
      vertex -0.0538947486877441 0.043602424621582 -0.134974746704102
      vertex -0.0516773109436035 0.0455334701538086 -0.135872116088867
    endloop
  endfacet
  facet normal 0.313055950494619 -0.671564741816816 -0.671562930341174
    outer loop
      vertex -0.0516773109436035 0.0455334701538086 -0.135872116088867
      vertex -0.0538947486877441 0.043602424621582 -0.134974746704102
      vertex -0.0538947486877441 0.0450166358947754 -0.136388961791992
    endloop
  endfacet
  facet normal 0.272459689840001 -0.680355868120442 -0.680354032931657
    outer loop
      vertex -0.0538947486877441 0.0450166358947754 -0.136388961791992
      vertex -0.0538947486877441 0.043602424621582 -0.134974746704102
      vertex -0.0561412048339844 0.0445668182373047 -0.136838775634766
    endloop
  endfacet
  facet normal 0.27246075938258 -0.680354736367973 -0.680354736367973
    outer loop
      vertex -0.0538947486877441 0.043602424621582 -0.134974746704102
      vertex -0.0561412048339844 0.0431526031494141 -0.135424560546875
      vertex -0.0561412048339844 0.0445668182373047 -0.136838775634766
    endloop
  endfacet
  facet normal 0.231382080237474 -0.687917994002548 -0.687917994002548
    outer loop
      vertex -0.0561412048339844 0.0431526031494141 -0.135424560546875
      vertex -0.0584126396179199 0.0427706069946289 -0.135806564331055
      vertex -0.0561412048339844 0.0445668182373047 -0.136838775634766
    endloop
  endfacet
  facet normal 0.23138317368758 -0.687918737904224 -0.687916882315388
    outer loop
      vertex -0.0561412048339844 0.0445668182373047 -0.136838775634766
      vertex -0.0584126396179199 0.0427706069946289 -0.135806564331055
      vertex -0.0584126396179199 0.0441848182678223 -0.137220779418945
    endloop
  endfacet
  facet normal 0.189880197587599 -0.694243513008866 -0.694241640359611
    outer loop
      vertex -0.0584126396179199 0.0427706069946289 -0.135806564331055
      vertex -0.0607049560546875 0.0424571189880371 -0.136120040893555
      vertex -0.0584126396179199 0.0441848182678223 -0.137220779418945
    endloop
  endfacet
  facet normal 0.189879083931565 -0.694242728980761 -0.694242728980761
    outer loop
      vertex -0.0584126396179199 0.0441848182678223 -0.137220779418945
      vertex -0.0607049560546875 0.0424571189880371 -0.136120040893555
      vertex -0.0607049560546875 0.0438713340759277 -0.137534255981445
    endloop
  endfacet
  facet normal 0.148044410697123 -0.699314969259683 -0.699314969259683
    outer loop
      vertex -0.0607049560546875 0.0424571189880371 -0.136120040893555
      vertex -0.0630140190124512 0.0422127075195313 -0.136364456176758
      vertex -0.0607049560546875 0.0438713340759277 -0.137534255981445
    endloop
  endfacet
  facet normal 0.148044410697123 -0.699314969259683 -0.699314969259683
    outer loop
      vertex -0.0607049560546875 0.0438713340759277 -0.137534255981445
      vertex -0.0630140190124512 0.0422127075195313 -0.136364456176758
      vertex -0.0630140190124512 0.0436269226074219 -0.137778671264648
    endloop
  endfacet
  facet normal 0.10593586614193 -0.703127866132739 -0.703127866132739
    outer loop
      vertex -0.0630140190124512 0.0422127075195313 -0.136364456176758
      vertex -0.0653356704711914 0.0420378150939941 -0.136539352416992
      vertex -0.0630140190124512 0.0436269226074219 -0.137778671264648
    endloop
  endfacet
  facet normal 0.105937008483199 -0.70312872838503 -0.703126831768836
    outer loop
      vertex -0.0630140190124512 0.0436269226074219 -0.137778671264648
      vertex -0.0653356704711914 0.0420378150939941 -0.136539352416992
      vertex -0.0653356704711914 0.0434520263671875 -0.137953567504883
    endloop
  endfacet
  facet normal 0.0636364578634817 -0.705674531107025 -0.705672627623794
    outer loop
      vertex -0.0653356704711914 0.0420378150939941 -0.136539352416992
      vertex -0.0676657333374023 0.0419327507019043 -0.136644409179688
      vertex -0.0653356704711914 0.0434520263671875 -0.137953567504883
    endloop
  endfacet
  facet normal 0.0636353072347734 -0.705673631246462 -0.705673631246462
    outer loop
      vertex -0.0653356704711914 0.0434520263671875 -0.137953567504883
      vertex -0.0676657333374023 0.0419327507019043 -0.136644409179688
      vertex -0.0676657333374023 0.0433469657897949 -0.138058624267578
    endloop
  endfacet
  facet normal 0.0212275784161747 -0.706947448511764 -0.706947448511764
    outer loop
      vertex -0.0676657333374023 0.0419327507019043 -0.136644409179688
      vertex -0.07 0.0418977088928223 -0.136679458618164
      vertex -0.0676657333374023 0.0433469657897949 -0.138058624267578
    endloop
  endfacet
  facet normal 0.0212275784161747 -0.706947448511764 -0.706947448511764
    outer loop
      vertex -0.0676657333374023 0.0433469657897949 -0.138058624267578
      vertex -0.07 0.0418977088928223 -0.136679458618164
      vertex -0.07 0.0433119239807129 -0.138093673706055
    endloop
  endfacet
  facet normal -0.0212275784161747 -0.706947448511764 -0.706947448511764
    outer loop
      vertex -0.07 0.0433119239807129 -0.138093673706055
      vertex -0.07 0.0418977088928223 -0.136679458618164
      vertex -0.0723342666625977 0.0433469657897949 -0.138058624267578
    endloop
  endfacet
  facet normal -0.0212275784161747 -0.706947448511764 -0.706947448511764
    outer loop
      vertex -0.07 0.0418977088928223 -0.136679458618164
      vertex -0.0723342666625977 0.0419327507019043 -0.136644409179688
      vertex -0.0723342666625977 0.0433469657897949 -0.138058624267578
    endloop
  endfacet
  facet normal -0.0636364578604356 -0.705673579366189 -0.705673579366189
    outer loop
      vertex -0.0723342666625977 0.0419327507019043 -0.136644409179688
      vertex -0.0746643295288086 0.0420378150939941 -0.136539352416992
      vertex -0.0723342666625977 0.0433469657897949 -0.138058624267578
    endloop
  endfacet
  facet normal -0.0636353072362676 -0.705674582987438 -0.705672679504068
    outer loop
      vertex -0.0723342666625977 0.0433469657897949 -0.138058624267578
      vertex -0.0746643295288086 0.0420378150939941 -0.136539352416992
      vertex -0.0746643295288086 0.0434520263671875 -0.137953567504883
    endloop
  endfacet
  facet normal -0.105937180594732 -0.703128715419378 -0.703126818803219
    outer loop
      vertex -0.0746643295288086 0.0434520263671875 -0.137953567504883
      vertex -0.0746643295288086 0.0420378150939941 -0.136539352416992
      vertex -0.0769859771728516 0.0436269226074219 -0.137778671264648
    endloop
  endfacet
  facet normal -0.105936038251649 -0.703127853167383 -0.703127853167383
    outer loop
      vertex -0.0746643295288086 0.0420378150939941 -0.136539352416992
      vertex -0.0769859771728516 0.0422127075195313 -0.136364456176758
      vertex -0.0769859771728516 0.0436269226074219 -0.137778671264648
    endloop
  endfacet
  facet normal -0.148044171480547 -0.699314994580639 -0.699314994580639
    outer loop
      vertex -0.0769859771728516 0.0422127075195313 -0.136364456176758
      vertex -0.0792950439453125 0.0424571189880371 -0.136120040893555
      vertex -0.0769859771728516 0.0436269226074219 -0.137778671264648
    endloop
  endfacet
  facet normal -0.148044171480547 -0.699314994580639 -0.699314994580639
    outer loop
      vertex -0.0769859771728516 0.0436269226074219 -0.137778671264648
      vertex -0.0792950439453125 0.0424571189880371 -0.136120040893555
      vertex -0.0792950439453125 0.0438713340759277 -0.137534255981445
    endloop
  endfacet
  facet normal -0.189880502175161 -0.694242535031421 -0.694242535031421
    outer loop
      vertex -0.0792950439453125 0.0424571189880371 -0.136120040893555
      vertex -0.0815873565673828 0.0427706069946289 -0.135806564331055
      vertex -0.0792950439453125 0.0438713340759277 -0.137534255981445
    endloop
  endfacet
  facet normal -0.189879388524652 -0.694243623650956 -0.694241751001403
    outer loop
      vertex -0.0792950439453125 0.0438713340759277 -0.137534255981445
      vertex -0.0815873565673828 0.0427706069946289 -0.135806564331055
      vertex -0.0815873565673828 0.0441848182678223 -0.137220779418945
    endloop
  endfacet
  facet normal -0.231381712450868 -0.687918983649363 -0.687917128059864
    outer loop
      vertex -0.0815873565673828 0.0427706069946289 -0.135806564331055
      vertex -0.0838587951660156 0.0431526031494141 -0.135424560546875
      vertex -0.0815873565673828 0.0441848182678223 -0.137220779418945
    endloop
  endfacet
  facet normal -0.231382805904256 -0.68791787196288 -0.68791787196288
    outer loop
      vertex -0.0815873565673828 0.0441848182678223 -0.137220779418945
      vertex -0.0838587951660156 0.0431526031494141 -0.135424560546875
      vertex -0.0838587951660156 0.0445668182373047 -0.136838775634766
    endloop
  endfacet
  facet normal -0.272460331064644 -0.680354822131858 -0.680354822131858
    outer loop
      vertex -0.0838587951660156 0.0431526031494141 -0.135424560546875
      vertex -0.0861052551269531 0.043602424621582 -0.134974746704102
      vertex -0.0838587951660156 0.0445668182373047 -0.136838775634766
    endloop
  endfacet
  facet normal -0.272459261523477 -0.680355953883797 -0.68035411869478
    outer loop
      vertex -0.0838587951660156 0.0445668182373047 -0.136838775634766
      vertex -0.0861052551269531 0.043602424621582 -0.134974746704102
      vertex -0.0861052551269531 0.0450166358947754 -0.136388961791992
    endloop
  endfacet
  facet normal -0.313056922064797 -0.671559986651324 -0.671567232580766
    outer loop
      vertex -0.0861052551269531 0.0450166358947754 -0.136388961791992
      vertex -0.0883226852416992 0.044119255065918 -0.134457916259766
      vertex -0.0883226852416992 0.0455334701538086 -0.135872116088867
    endloop
  endfacet
  facet normal -0.313051711631222 -0.671565729804233 -0.671563918325926
    outer loop
      vertex -0.0861052551269531 0.043602424621582 -0.134974746704102
      vertex -0.0883226852416992 0.044119255065918 -0.134457916259766
      vertex -0.0861052551269531 0.0450166358947754 -0.136388961791992
    endloop
  endfacet
  facet normal -0.353074505262081 -0.661565716211903 -0.661565716211903
    outer loop
      vertex -0.0883226852416992 0.0455334701538086 -0.135872116088867
      vertex -0.0905071029663086 0.0447021675109863 -0.133875
      vertex -0.0905071029663086 0.046116382598877 -0.135289215087891
    endloop
  endfacet
  facet normal -0.353078550391178 -0.66156106773998 -0.661568205784107
    outer loop
      vertex -0.0883226852416992 0.044119255065918 -0.134457916259766
      vertex -0.0905071029663086 0.0447021675109863 -0.133875
      vertex -0.0883226852416992 0.0455334701538086 -0.135872116088867
    endloop
  endfacet
  facet normal -0.39246764413379 -0.650372642531984 -0.650372642531984
    outer loop
      vertex -0.0905071029663086 0.046116382598877 -0.135289215087891
      vertex -0.0926545715332031 0.0453501091003418 -0.13322705078125
      vertex -0.0926545715332031 0.0467643241882324 -0.134641265869141
    endloop
  endfacet
  facet normal -0.39246764413379 -0.650372642531984 -0.650372642531984
    outer loop
      vertex -0.0905071029663086 0.0447021675109863 -0.133875
      vertex -0.0926545715332031 0.0453501091003418 -0.13322705078125
      vertex -0.0905071029663086 0.046116382598877 -0.135289215087891
    endloop
  endfacet
  facet normal -0.431150777915602 -0.638008231413503 -0.638008231413503
    outer loop
      vertex -0.0926545715332031 0.0467643241882324 -0.134641265869141
      vertex -0.0947612075805664 0.0460619163513184 -0.132515243530273
      vertex -0.0947612075805664 0.047476131439209 -0.133929458618164
    endloop
  endfacet
  facet normal -0.469055008746406 -0.62449475529019 -0.62449475529019
    outer loop
      vertex -0.0947612075805664 0.047476131439209 -0.133929458618164
      vertex -0.0947612075805664 0.0460619163513184 -0.132515243530273
      vertex -0.0968232192993164 0.0482505149841309 -0.133155075073242
    endloop
  endfacet
  facet normal -0.431150777915602 -0.638008231413503 -0.638008231413503
    outer loop
      vertex -0.0926545715332031 0.0453501091003418 -0.13322705078125
      vertex -0.0947612075805664 0.0460619163513184 -0.132515243530273
      vertex -0.0926545715332031 0.0467643241882324 -0.134641265869141
    endloop
  endfacet
  facet normal -0.469055008746406 -0.62449475529019 -0.62449475529019
    outer loop
      vertex -0.0947612075805664 0.0460619163513184 -0.132515243530273
      vertex -0.0968232192993164 0.0468362998962402 -0.131740859985352
      vertex -0.0968232192993164 0.0482505149841309 -0.133155075073242
    endloop
  endfacet
  facet normal -0.50611494943389 -0.609856402939858 -0.609854757916005
    outer loop
      vertex -0.0968232192993164 0.0482505149841309 -0.133155075073242
      vertex -0.0988368988037109 0.0476718711853027 -0.130905288696289
      vertex -0.0988368988037109 0.0490860824584961 -0.13231950378418
    endloop
  endfacet
  facet normal -0.506115808805709 -0.609855223834699 -0.609855223834699
    outer loop
      vertex -0.0968232192993164 0.0468362998962402 -0.131740859985352
      vertex -0.0988368988037109 0.0476718711853027 -0.130905288696289
      vertex -0.0968232192993164 0.0482505149841309 -0.133155075073242
    endloop
  endfacet
  facet normal -0.542262777098855 -0.594118247828157 -0.594116645256332
    outer loop
      vertex -0.0988368988037109 0.0490860824584961 -0.13231950378418
      vertex -0.100798614501953 0.0485671195983887 -0.130010040283203
      vertex -0.100798614501953 0.049981330871582 -0.131424255371094
    endloop
  endfacet
  facet normal -0.577433448220943 -0.577309453795188 -0.577307896563326
    outer loop
      vertex -0.100798614501953 0.049981330871582 -0.131424255371094
      vertex -0.100798614501953 0.0485671195983887 -0.130010040283203
      vertex -0.10270482635498 0.0509346466064453 -0.130470947265625
    endloop
  endfacet
  facet normal -0.542262777098855 -0.594118247828157 -0.594116645256332
    outer loop
      vertex -0.0988368988037109 0.0476718711853027 -0.130905288696289
      vertex -0.100798614501953 0.0485671195983887 -0.130010040283203
      vertex -0.0988368988037109 0.0490860824584961 -0.13231950378418
    endloop
  endfacet
  facet normal -0.577432678125475 -0.577309060310351 -0.577309060310351
    outer loop
      vertex -0.100798614501953 0.0485671195983887 -0.130010040283203
      vertex -0.10270482635498 0.0495204315185547 -0.129056732177734
      vertex -0.10270482635498 0.0509346466064453 -0.130470947265625
    endloop
  endfacet
  facet normal -0.611564494110124 -0.559459055491923 -0.559459055491923
    outer loop
      vertex -0.10270482635498 0.0495204315185547 -0.129056732177734
      vertex -0.104552101135254 0.0505300941467285 -0.128047073364258
      vertex -0.10270482635498 0.0509346466064453 -0.130470947265625
    endloop
  endfacet
  facet normal -0.611563770900552 -0.559460205316721 -0.559458696231339
    outer loop
      vertex -0.10270482635498 0.0509346466064453 -0.130470947265625
      vertex -0.104552101135254 0.0505300941467285 -0.128047073364258
      vertex -0.104552101135254 0.0519443054199219 -0.129461288452148
    endloop
  endfacet
  facet normal -0.644591467091438 -0.540603097099715 -0.54060163887941
    outer loop
      vertex -0.104552101135254 0.0505300941467285 -0.128047073364258
      vertex -0.106337112426758 0.0515942802429199 -0.126982887268066
      vertex -0.104552101135254 0.0519443054199219 -0.129461288452148
    endloop
  endfacet
  facet normal -0.64459349292101 -0.540599702008949 -0.540602618446976
    outer loop
      vertex -0.104552101135254 0.0519443054199219 -0.129461288452148
      vertex -0.106337112426758 0.0515942802429199 -0.126982887268066
      vertex -0.106337112426758 0.0530084953308105 -0.128397094726562
    endloop
  endfacet
  facet normal -0.67646036304899 -0.520767919074217 -0.520770728523347
    outer loop
      vertex -0.106337112426758 0.0515942802429199 -0.126982887268066
      vertex -0.108056640625 0.0527110786437988 -0.125866081237793
      vertex -0.106337112426758 0.0530084953308105 -0.128397094726562
    endloop
  endfacet
  facet normal -0.676459109767354 -0.52077013778286 -0.52077013778286
    outer loop
      vertex -0.106337112426758 0.0530084953308105 -0.128397094726562
      vertex -0.108056640625 0.0527110786437988 -0.125866081237793
      vertex -0.108056640625 0.0541252937316895 -0.127280296325684
    endloop
  endfacet
  facet normal -0.707106878922358 -0.499999930890336 -0.499999930890336
    outer loop
      vertex -0.108056640625 0.0541252937316895 -0.127280296325684
      vertex -0.108056640625 0.0527110786437988 -0.125866081237793
      vertex -0.109707588195801 0.0552926902770996 -0.126112899780273
    endloop
  endfacet
  facet normal -0.70710572361021 -0.49999939911311 -0.500002096519815
    outer loop
      vertex -0.108056640625 0.0527110786437988 -0.125866081237793
      vertex -0.109707588195801 0.053878475189209 -0.124698692321777
      vertex -0.109707588195801 0.0552926902770996 -0.126112899780273
    endloop
  endfacet
  facet normal -0.736479887130729 -0.478327767959973 -0.478330348452132
    outer loop
      vertex -0.109707588195801 0.0552926902770996 -0.126112899780273
      vertex -0.109707588195801 0.053878475189209 -0.124698692321777
      vertex -0.111286979675293 0.0565085792541504 -0.124897010803223
    endloop
  endfacet
  facet normal -0.736480944459301 -0.478328244225833 -0.478328244225833
    outer loop
      vertex -0.109707588195801 0.053878475189209 -0.124698692321777
      vertex -0.111286979675293 0.0550943641662598 -0.123482795715332
      vertex -0.111286979675293 0.0565085792541504 -0.124897010803223
    endloop
  endfacet
  facet normal -0.764526545225355 -0.455795547173172 -0.455795547173172
    outer loop
      vertex -0.111286979675293 0.0550943641662598 -0.123482795715332
      vertex -0.112791969299316 0.056356559753418 -0.122220603942871
      vertex -0.111286979675293 0.0565085792541504 -0.124897010803223
    endloop
  endfacet
  facet normal -0.764526065196174 -0.45579656449159 -0.455795335028035
    outer loop
      vertex -0.111286979675293 0.0565085792541504 -0.124897010803223
      vertex -0.112791969299316 0.056356559753418 -0.122220603942871
      vertex -0.112791969299316 0.0577707710266113 -0.123634819030762
    endloop
  endfacet
  facet normal -0.791195560031326 -0.432441091155669 -0.432439924691061
    outer loop
      vertex -0.112791969299316 0.056356559753418 -0.122220603942871
      vertex -0.114219841003418 0.0576627807617188 -0.12091438293457
      vertex -0.112791969299316 0.0577707710266113 -0.123634819030762
    endloop
  endfacet
  facet normal -0.791195560031326 -0.432441091155669 -0.432439924691061
    outer loop
      vertex -0.112791969299316 0.0577707710266113 -0.123634819030762
      vertex -0.114219841003418 0.0576627807617188 -0.12091438293457
      vertex -0.114219841003418 0.0590769920349121 -0.122328598022461
    endloop
  endfacet
  facet normal -0.816436500577918 -0.408308914868221 -0.408307813497634
    outer loop
      vertex -0.114219841003418 0.0576627807617188 -0.12091438293457
      vertex -0.115568031311035 0.0590106735229492 -0.11956649017334
      vertex -0.114219841003418 0.0590769920349121 -0.122328598022461
    endloop
  endfacet
  facet normal -0.816436885793076 -0.408307979052886 -0.408307979052886
    outer loop
      vertex -0.114219841003418 0.0590769920349121 -0.122328598022461
      vertex -0.115568031311035 0.0590106735229492 -0.11956649017334
      vertex -0.115568031311035 0.0604248886108398 -0.12098070526123
    endloop
  endfacet
  facet normal -0.840209523395802 -0.38343705923854 -0.38343705923854
    outer loop
      vertex -0.115568031311035 0.0590106735229492 -0.11956649017334
      vertex -0.116834098815918 0.0603978157043457 -0.118179351806641
      vertex -0.115568031311035 0.0604248886108398 -0.12098070526123
    endloop
  endfacet
  facet normal -0.840209183679501 -0.383437948582845 -0.383436914299088
    outer loop
      vertex -0.115568031311035 0.0604248886108398 -0.12098070526123
      vertex -0.116834098815918 0.0603978157043457 -0.118179351806641
      vertex -0.116834098815918 0.0618120269775391 -0.119593566894531
    endloop
  endfacet
  facet normal -0.862465184246869 -0.357878818115185 -0.357877852774509
    outer loop
      vertex -0.116834098815918 0.0603978157043457 -0.118179351806641
      vertex -0.118015777587891 0.0618217010498047 -0.116755462646484
      vertex -0.116834098815918 0.0618120269775391 -0.119593566894531
    endloop
  endfacet
  facet normal -0.862465184246869 -0.357878818115185 -0.357877852774509
    outer loop
      vertex -0.116834098815918 0.0618120269775391 -0.119593566894531
      vertex -0.118015777587891 0.0618217010498047 -0.116755462646484
      vertex -0.118015777587891 0.0632359123229981 -0.118169677734375
    endloop
  endfacet
  facet normal -0.88316911060001 -0.331672214349508 -0.331671319698404
    outer loop
      vertex -0.118015777587891 0.0632359123229981 -0.118169677734375
      vertex -0.118015777587891 0.0618217010498047 -0.116755462646484
      vertex -0.11911092376709 0.064693977355957 -0.116711608886719
    endloop
  endfacet
  facet normal -0.883168602235973 -0.331671996526319 -0.331672891181662
    outer loop
      vertex -0.118015777587891 0.0618217010498047 -0.116755462646484
      vertex -0.11911092376709 0.0632797660827637 -0.115297401428223
      vertex -0.11911092376709 0.064693977355957 -0.116711608886719
    endloop
  endfacet
  facet normal -0.902280244158107 -0.304868709102913 -0.304869531458802
    outer loop
      vertex -0.11911092376709 0.064693977355957 -0.116711608886719
      vertex -0.11911092376709 0.0632797660827637 -0.115297401428223
      vertex -0.120117568969727 0.06618359375 -0.115221992492676
    endloop
  endfacet
  facet normal -0.902280458918203 -0.304868802482607 -0.304868802482607
    outer loop
      vertex -0.11911092376709 0.0632797660827637 -0.115297401428223
      vertex -0.120117568969727 0.0647693862915039 -0.11380778503418
      vertex -0.120117568969727 0.06618359375 -0.115221992492676
    endloop
  endfacet
  facet normal -0.919765857396217 -0.277516456780676 -0.277516456780676
    outer loop
      vertex -0.120117568969727 0.0647693862915039 -0.11380778503418
      vertex -0.121033897399902 0.0662878646850586 -0.11228929901123
      vertex -0.120117568969727 0.06618359375 -0.115221992492676
    endloop
  endfacet
  facet normal -0.919766213300423 -0.277515118424677 -0.277516615568758
    outer loop
      vertex -0.120117568969727 0.06618359375 -0.115221992492676
      vertex -0.121033897399902 0.0662878646850586 -0.11228929901123
      vertex -0.121033897399902 0.0677020797729492 -0.113703506469727
    endloop
  endfacet
  facet normal -0.935593927158286 -0.249663103928578 -0.249664450816058
    outer loop
      vertex -0.121033897399902 0.0662878646850586 -0.11228929901123
      vertex -0.121858261108398 0.0678324813842773 -0.110744682312012
      vertex -0.121033897399902 0.0677020797729492 -0.113703506469727
    endloop
  endfacet
  facet normal -0.935593927158286 -0.249663103928578 -0.249664450816058
    outer loop
      vertex -0.121033897399902 0.0677020797729492 -0.113703506469727
      vertex -0.121858261108398 0.0678324813842773 -0.110744682312012
      vertex -0.121858261108398 0.069246696472168 -0.112158889770508
    endloop
  endfacet
  facet normal -0.94973636480548 -0.221359784819456 -0.221360979015627
    outer loop
      vertex -0.121858261108398 0.0678324813842773 -0.110744682312012
      vertex -0.122589172363281 0.0694004516601563 -0.109176712036133
      vertex -0.121858261108398 0.069246696472168 -0.112158889770508
    endloop
  endfacet
  facet normal -0.949735911920454 -0.221361950556893 -0.221360756355481
    outer loop
      vertex -0.121858261108398 0.069246696472168 -0.112158889770508
      vertex -0.122589172363281 0.0694004516601563 -0.109176712036133
      vertex -0.122589172363281 0.0708146591186523 -0.110590927124023
    endloop
  endfacet
  facet normal -0.962166878964365 -0.19265941127647 -0.192658371919253
    outer loop
      vertex -0.122589172363281 0.0694004516601563 -0.109176712036133
      vertex -0.123225311279297 0.0709889373779297 -0.107588226318359
      vertex -0.122589172363281 0.0708146591186523 -0.110590927124023
    endloop
  endfacet
  facet normal -0.962167050492153 -0.192658463280531 -0.192658463280531
    outer loop
      vertex -0.122589172363281 0.0708146591186523 -0.110590927124023
      vertex -0.123225311279297 0.0709889373779297 -0.107588226318359
      vertex -0.123225311279297 0.0724031524658203 -0.10900244140625
    endloop
  endfacet
  facet normal -0.972862835006394 -0.163612200436461 -0.163612200436461
    outer loop
      vertex -0.123225311279297 0.0724031524658203 -0.10900244140625
      vertex -0.123225311279297 0.0709889373779297 -0.107588226318359
      vertex -0.12376554107666 0.0740092926025391 -0.107396293640137
    endloop
  endfacet
  facet normal -0.972862835006394 -0.163612200436461 -0.163612200436461
    outer loop
      vertex -0.123225311279297 0.0709889373779297 -0.107588226318359
      vertex -0.12376554107666 0.072595085144043 -0.105982086181641
      vertex -0.12376554107666 0.0740092926025391 -0.107396293640137
    endloop
  endfacet
  facet normal -0.981806780845296 -0.134267354718481 -0.134267354718481
    outer loop
      vertex -0.12376554107666 0.0740092926025391 -0.107396293640137
      vertex -0.12376554107666 0.072595085144043 -0.105982086181641
      vertex -0.124208877563477 0.0756302032470703 -0.105775382995605
    endloop
  endfacet
  facet normal -0.981806864154804 -0.134267412296757 -0.134266687952158
    outer loop
      vertex -0.12376554107666 0.072595085144043 -0.105982086181641
      vertex -0.124208877563477 0.0742159957885742 -0.104361167907715
      vertex -0.124208877563477 0.0756302032470703 -0.105775382995605
    endloop
  endfacet
  facet normal -0.988980917487896 -0.104682527389657 -0.104681962649322
    outer loop
      vertex -0.124208877563477 0.0756302032470703 -0.105775382995605
      vertex -0.124208877563477 0.0742159957885742 -0.104361167907715
      vertex -0.124554527282715 0.0772629623413086 -0.104142631530762
    endloop
  endfacet
  facet normal -0.988980866846586 -0.104682484235366 -0.104682484235366
    outer loop
      vertex -0.124208877563477 0.0742159957885742 -0.104361167907715
      vertex -0.124554527282715 0.075848747253418 -0.102728416442871
      vertex -0.124554527282715 0.0772629623413086 -0.104142631530762
    endloop
  endfacet
  facet normal -0.994372987721486 -0.0749078143114741 -0.0749078143114741
    outer loop
      vertex -0.124554527282715 0.075848747253418 -0.102728416442871
      vertex -0.124801864624023 0.0774904022216797 -0.101086761474609
      vertex -0.124554527282715 0.0772629623413086 -0.104142631530762
    endloop
  endfacet
  facet normal -0.994373013651978 -0.074907440146178 -0.0749078442583263
    outer loop
      vertex -0.124554527282715 0.0772629623413086 -0.104142631530762
      vertex -0.124801864624023 0.0774904022216797 -0.101086761474609
      vertex -0.124801864624023 0.0789046173095703 -0.102500968933105
    endloop
  endfacet
  facet normal -0.997973241819935 -0.0449965930134654 -0.0449968357619805
    outer loop
      vertex -0.124801864624023 0.0774904022216797 -0.101086761474609
      vertex -0.124950439453125 0.0791380081176758 -0.0994391555786133
      vertex -0.124801864624023 0.0789046173095703 -0.102500968933105
    endloop
  endfacet
  facet normal -0.997973232463335 -0.0449968181468573 -0.0449968181468573
    outer loop
      vertex -0.124801864624023 0.0789046173095703 -0.102500968933105
      vertex -0.124950439453125 0.0791380081176758 -0.0994391555786133
      vertex -0.124950439453125 0.0805522232055664 -0.100853370666504
    endloop
  endfacet
  facet normal -0.999774682185482 -0.0150097445167809 -0.0150097445167809
    outer loop
      vertex -0.124950439453125 0.0791380081176758 -0.0994391555786133
      vertex -0.125 0.0807885818481445 -0.0977885818481445
      vertex -0.124950439453125 0.0805522232055664 -0.100853370666504
    endloop
  endfacet
  facet normal -0.999774682185482 -0.0150097445167809 -0.0150097445167809
    outer loop
      vertex -0.124950439453125 0.0805522232055664 -0.100853370666504
      vertex -0.125 0.0807885818481445 -0.0977885818481445
      vertex -0.125 0.0822027969360352 -0.0992027969360352
    endloop
  endfacet
  facet normal -3.68290038467702e-05 -0.707078427434699 0.707135132842442
    outer loop
      vertex -0.0302924156188965 0.053878475189209 -0.124698692321777
      vertex -0.0354478988647461 0.0505300941467285 -0.128047073364258
      vertex -0.0319433612823486 0.0527110786437988 -0.125866081237793
    endloop
  endfacet
  facet normal 3.50920409531192e-05 -0.707136210872517 0.707077349404864
    outer loop
      vertex -0.0319433612823486 0.0527110786437988 -0.125866081237793
      vertex -0.0354478988647461 0.0505300941467285 -0.128047073364258
      vertex -0.0336628913879395 0.0515942802429199 -0.126982887268066
    endloop
  endfacet
  facet normal 9.21538718763151e-06 -0.707113875560551 0.707099686681315
    outer loop
      vertex -0.0302924156188965 0.053878475189209 -0.124698692321777
      vertex -0.0372951736450195 0.0495204315185547 -0.129056732177734
      vertex -0.0354478988647461 0.0505300941467285 -0.128047073364258
    endloop
  endfacet
  facet normal -2.22240021935824e-05 -0.707095666486237 0.707117895362915
    outer loop
      vertex -0.0244319686889648 0.0590106735229492 -0.11956649017334
      vertex -0.0231658973693848 0.0603978157043457 -0.118179351806641
      vertex -0.0257801570892334 0.0576627807617188 -0.12091438293457
    endloop
  endfacet
  facet normal -7.18348770590988e-06 -0.70710285489754 0.707110707417266
    outer loop
      vertex -0.0257801570892334 0.0576627807617188 -0.12091438293457
      vertex -0.0231658973693848 0.0603978157043457 -0.118179351806641
      vertex -0.0272080326080322 0.056356559753418 -0.122220603942871
    endloop
  endfacet
  facet normal 7.64847124635537e-06 -0.707110272493912 0.707103289820579
    outer loop
      vertex -0.0272080326080322 0.056356559753418 -0.122220603942871
      vertex -0.0231658973693848 0.0603978157043457 -0.118179351806641
      vertex -0.0287130241394043 0.0550943641662598 -0.123482795715332
    endloop
  endfacet
  facet normal -2.15570510123543e-05 -0.707094998542333 0.707118563305838
    outer loop
      vertex -0.0287130241394043 0.0550943641662598 -0.123482795715332
      vertex -0.0231658973693848 0.0603978157043457 -0.118179351806641
      vertex -0.0302924156188965 0.053878475189209 -0.124698692321777
    endloop
  endfacet
  facet normal -9.51882268463973e-06 -0.707095849531138 0.707117712608891
    outer loop
      vertex -0.0372951736450195 0.0495204315185547 -0.129056732177734
      vertex -0.0431767768859863 0.0468362998962402 -0.131740859985352
      vertex -0.0392013854980469 0.0485671195983887 -0.130010040283203
    endloop
  endfacet
  facet normal 0 -0.707106781186548 0.707106781186548
    outer loop
      vertex -0.0392013854980469 0.0485671195983887 -0.130010040283203
      vertex -0.0431767768859863 0.0468362998962402 -0.131740859985352
      vertex -0.0411631011962891 0.0476718711853027 -0.130905288696289
    endloop
  endfacet
  facet normal 5.2028213440147e-07 -0.707106051583469 0.707107510788682
    outer loop
      vertex -0.0208890781402588 0.0632797660827637 -0.115297401428223
      vertex -0.0198824329376221 0.0647693862915039 -0.11380778503418
      vertex -0.021984224319458 0.0618217010498047 -0.116755462646484
    endloop
  endfacet
  facet normal -3.18720383457277e-05 -0.707094502736578 0.707119058705028
    outer loop
      vertex -0.021984224319458 0.0618217010498047 -0.116755462646484
      vertex -0.0198824329376221 0.0647693862915039 -0.11380778503418
      vertex -0.0231658973693848 0.0603978157043457 -0.118179351806641
    endloop
  endfacet
  facet normal 0 -0.707106781186548 0.707106781186548
    outer loop
      vertex -0.0431767768859863 0.0468362998962402 -0.131740859985352
      vertex -0.0473454322814941 0.0453501091003418 -0.13322705078125
      vertex -0.0452387924194336 0.0460619163513184 -0.132515243530273
    endloop
  endfacet
  facet normal -5.09344246733857e-05 -0.707093188289628 0.707120371987749
    outer loop
      vertex -0.0189661026000977 0.0662878646850586 -0.11228929901123
      vertex -0.0181417407989502 0.0678324813842773 -0.110744682312012
      vertex -0.0198824329376221 0.0647693862915039 -0.11380778503418
    endloop
  endfacet
  facet normal 8.53886204104277e-06 -0.707125093939774 0.707088467907484
    outer loop
      vertex -0.0473454322814941 0.0453501091003418 -0.13322705078125
      vertex -0.0516773109436035 0.044119255065918 -0.134457916259766
      vertex -0.0494928932189941 0.0447021675109863 -0.133875
    endloop
  endfacet
  facet normal -5.23835659420562e-05 -0.70709629111612 0.707117269161057
    outer loop
      vertex -0.0167746887207031 0.0709889373779297 -0.107588226318359
      vertex -0.0162344627380371 0.072595085144043 -0.105982086181641
      vertex -0.0174108295440674 0.0694004516601563 -0.109176712036133
    endloop
  endfacet
  facet normal -1.72460364805127e-05 -0.707102761439506 0.707110800700428
    outer loop
      vertex -0.0174108295440674 0.0694004516601563 -0.109176712036133
      vertex -0.0162344627380371 0.072595085144043 -0.105982086181641
      vertex -0.0181417407989502 0.0678324813842773 -0.110744682312012
    endloop
  endfacet
  facet normal 0 -0.707106781186548 0.707106781186548
    outer loop
      vertex -0.0516773109436035 0.044119255065918 -0.134457916259766
      vertex -0.0584126396179199 0.0427706069946289 -0.135806564331055
      vertex -0.0538947486877441 0.043602424621582 -0.134974746704102
    endloop
  endfacet
  facet normal -2.74320922680187e-05 -0.707032280377716 0.70718127361474
    outer loop
      vertex -0.0538947486877441 0.043602424621582 -0.134974746704102
      vertex -0.0584126396179199 0.0427706069946289 -0.135806564331055
      vertex -0.0561412048339844 0.0431526031494141 -0.135424560546875
    endloop
  endfacet
  facet normal 4.45801975427506e-06 -0.707117913065062 0.707095649118729
    outer loop
      vertex -0.0473454322814941 0.0453501091003418 -0.13322705078125
      vertex -0.0584126396179199 0.0427706069946289 -0.135806564331055
      vertex -0.0516773109436035 0.044119255065918 -0.134457916259766
    endloop
  endfacet
  facet normal 3.51371414497087e-05 -0.707113250033757 0.707100311407143
    outer loop
      vertex -0.0162344627380371 0.072595085144043 -0.105982086181641
      vertex -0.0157911252975464 0.0742159957885742 -0.104361167907715
      vertex -0.0181417407989502 0.0678324813842773 -0.110744682312012
    endloop
  endfacet
  facet normal -8.80408656791986e-06 -0.707105160183237 0.707108402131332
    outer loop
      vertex -0.0181417407989502 0.0678324813842773 -0.110744682312012
      vertex -0.0157911252975464 0.0742159957885742 -0.104361167907715
      vertex -0.0198824329376221 0.0647693862915039 -0.11380778503418
    endloop
  endfacet
  facet normal -1.14620910357142e-06 -0.707106884963787 0.707106677408364
    outer loop
      vertex -0.0607049560546875 0.0424571189880371 -0.136120040893555
      vertex -0.0653356704711914 0.0420378150939941 -0.136539352416992
      vertex -0.0630140190124512 0.0422127075195313 -0.136364456176758
    endloop
  endfacet
  facet normal 0 -0.707106781186547 0.707106781186547
    outer loop
      vertex -0.0151981382369995 0.0774904022216797 -0.101086761474609
      vertex -0.0150495567321777 0.0791380081176758 -0.0994391555786133
      vertex -0.0154454765319824 0.075848747253418 -0.102728416442871
    endloop
  endfacet
  facet normal -4.32961279351743e-06 -0.707078043665115 0.707135517526851
    outer loop
      vertex -0.0584126396179199 0.0427706069946289 -0.135806564331055
      vertex -0.0676657333374023 0.0419327507019043 -0.136644409179688
      vertex -0.0607049560546875 0.0424571189880371 -0.136120040893555
    endloop
  endfacet
  facet normal 1.8946548198856e-06 -0.707112414162347 0.707101148163336
    outer loop
      vertex -0.0473454322814941 0.0453501091003418 -0.13322705078125
      vertex -0.0676657333374023 0.0419327507019043 -0.136644409179688
      vertex -0.0584126396179199 0.0427706069946289 -0.135806564331055
    endloop
  endfacet
  facet normal 5.7672075714344e-06 -0.707145058814684 0.707068501462706
    outer loop
      vertex -0.0607049560546875 0.0424571189880371 -0.136120040893555
      vertex -0.0676657333374023 0.0419327507019043 -0.136644409179688
      vertex -0.0653356704711914 0.0420378150939941 -0.136539352416992
    endloop
  endfacet
  facet normal 0 -0.707106781186548 0.707106781186548
    outer loop
      vertex -0.0431767768859863 0.0468362998962402 -0.131740859985352
      vertex -0.0676657333374023 0.0419327507019043 -0.136644409179688
      vertex -0.0473454322814941 0.0453501091003418 -0.13322705078125
    endloop
  endfacet
  facet normal 0 -0.707106781186547 0.707106781186547
    outer loop
      vertex -0.0150495567321777 0.0791380081176758 -0.0994391555786133
      vertex -0.015 0.0807885818481445 -0.0977885818481445
      vertex -0.0154454765319824 0.075848747253418 -0.102728416442871
    endloop
  endfacet
  facet normal 0 -0.707106781186548 0.707106781186548
    outer loop
      vertex -0.0154454765319824 0.075848747253418 -0.102728416442871
      vertex -0.015 0.0807885818481445 -0.0977885818481445
      vertex -0.0157911252975464 0.0742159957885742 -0.104361167907715
    endloop
  endfacet
  facet normal -1.66536525938721e-06 -0.707106706093837 0.707106856277289
    outer loop
      vertex -0.0157911252975464 0.0742159957885742 -0.104361167907715
      vertex -0.0150495567321777 0.0824391555786133 -0.0961380081176758
      vertex -0.0198824329376221 0.0647693862915039 -0.11380778503418
    endloop
  endfacet
  facet normal 0 -0.707106781186547 0.707106781186547
    outer loop
      vertex -0.015 0.0807885818481445 -0.0977885818481445
      vertex -0.0150495567321777 0.0824391555786133 -0.0961380081176758
      vertex -0.0157911252975464 0.0742159957885742 -0.104361167907715
    endloop
  endfacet
  facet normal 1.6882144408556e-07 -0.707106873458832 0.70710668891423
    outer loop
      vertex -0.0231658973693848 0.0603978157043457 -0.118179351806641
      vertex -0.0150495567321777 0.0824391555786133 -0.0961380081176758
      vertex -0.0302924156188965 0.053878475189209 -0.124698692321777
    endloop
  endfacet
  facet normal 1.93127009641312e-06 -0.707107197952934 0.707106364417278
    outer loop
      vertex -0.0198824329376221 0.0647693862915039 -0.11380778503418
      vertex -0.0150495567321777 0.0824391555786133 -0.0961380081176758
      vertex -0.0231658973693848 0.0603978157043457 -0.118179351806641
    endloop
  endfacet
  facet normal 0 -0.707183745189258 0.707029808805891
    outer loop
      vertex -0.0676657333374023 0.0419327507019043 -0.136644409179688
      vertex -0.0723342666625977 0.0419327507019043 -0.136644409179688
      vertex -0.07 0.0418977088928223 -0.136679458618164
    endloop
  endfacet
  facet normal 0 -0.707106781186547 0.707106781186547
    outer loop
      vertex -0.0151981382369995 0.0840867614746094 -0.0944904022216797
      vertex -0.0154454765319824 0.0857284164428711 -0.092848747253418
      vertex -0.0150495567321777 0.0824391555786133 -0.0961380081176758
    endloop
  endfacet
  facet normal -7.49939461883104e-06 -0.707164265970251 0.707049291689424
    outer loop
      vertex -0.0723342666625977 0.0419327507019043 -0.136644409179688
      vertex -0.0769859771728516 0.0422127075195313 -0.136364456176758
      vertex -0.0746643295288086 0.0420378150939941 -0.136539352416992
    endloop
  endfacet
  facet normal -2.883616152799e-06 -0.707125920344661 0.707087641504503
    outer loop
      vertex -0.0723342666625977 0.0419327507019043 -0.136644409179688
      vertex -0.0792950439453125 0.0424571189880371 -0.136120040893555
      vertex -0.0769859771728516 0.0422127075195313 -0.136364456176758
    endloop
  endfacet
  facet normal -5.38432222093041e-05 -0.707112479365849 0.707101080911343
    outer loop
      vertex -0.0157911252975464 0.0873611679077149 -0.0912159957885742
      vertex -0.0162344627380371 0.0889820861816406 -0.089595085144043
      vertex -0.0154454765319824 0.0857284164428711 -0.092848747253418
    endloop
  endfacet
  facet normal 4.3296039567999e-06 -0.70707804372377 0.707135517468202
    outer loop
      vertex -0.0723342666625977 0.0419327507019043 -0.136644409179688
      vertex -0.0815873565673828 0.0427706069946289 -0.135806564331055
      vertex -0.0792950439453125 0.0424571189880371 -0.136120040893555
    endloop
  endfacet
  facet normal 2.66163885620362e-05 -0.707102724767382 0.707110837081508
    outer loop
      vertex -0.0162344627380371 0.0889820861816406 -0.089595085144043
      vertex -0.0174108295440674 0.0921767120361328 -0.0864004516601563
      vertex -0.0154454765319824 0.0857284164428711 -0.092848747253418
    endloop
  endfacet
  facet normal 0 -0.707106781186548 0.707106781186548
    outer loop
      vertex -0.0154454765319824 0.0857284164428711 -0.092848747253418
      vertex -0.0174108295440674 0.0921767120361328 -0.0864004516601563
      vertex -0.0150495567321777 0.0824391555786133 -0.0961380081176758
    endloop
  endfacet
  facet normal -5.23835659420562e-05 -0.707117269161057 0.70709629111612
    outer loop
      vertex -0.0167746887207031 0.0905882263183594 -0.0879889373779297
      vertex -0.0174108295440674 0.0921767120361328 -0.0864004516601563
      vertex -0.0162344627380371 0.0889820861816406 -0.089595085144043
    endloop
  endfacet
  facet normal 2.74320488852721e-05 -0.707032280369727 0.70718127362273
    outer loop
      vertex -0.0815873565673828 0.0427706069946289 -0.135806564331055
      vertex -0.0861052551269531 0.043602424621582 -0.134974746704102
      vertex -0.0838587951660156 0.0431526031494141 -0.135424560546875
    endloop
  endfacet
  facet normal -1.72085597621729e-06 -0.707111454461705 0.70710210787841
    outer loop
      vertex -0.0723342666625977 0.0419327507019043 -0.136644409179688
      vertex -0.0861052551269531 0.043602424621582 -0.134974746704102
      vertex -0.0815873565673828 0.0427706069946289 -0.135806564331055
    endloop
  endfacet
  facet normal -3.02194966610416e-07 -0.707106026585813 0.707107535786412
    outer loop
      vertex -0.0431767768859863 0.0468362998962402 -0.131740859985352
      vertex -0.0861052551269531 0.043602424621582 -0.134974746704102
      vertex -0.0676657333374023 0.0419327507019043 -0.136644409179688
    endloop
  endfacet
  facet normal 0 -0.707104357888077 0.707109204476714
    outer loop
      vertex -0.0676657333374023 0.0419327507019043 -0.136644409179688
      vertex -0.0861052551269531 0.043602424621582 -0.134974746704102
      vertex -0.0723342666625977 0.0419327507019043 -0.136644409179688
    endloop
  endfacet
  facet normal -3.16444082302654e-07 -0.707105932010044 0.70710763036196
    outer loop
      vertex -0.0372951736450195 0.0495204315185547 -0.129056732177734
      vertex -0.0861052551269531 0.043602424621582 -0.134974746704102
      vertex -0.0431767768859863 0.0468362998962402 -0.131740859985352
    endloop
  endfacet
  facet normal 0 -0.707106781186547 0.707106781186547
    outer loop
      vertex -0.0181417407989502 0.0937446823120117 -0.0848324813842773
      vertex -0.0189661026000977 0.0952892990112305 -0.0832878646850586
      vertex -0.0174108295440674 0.0921767120361328 -0.0864004516601563
    endloop
  endfacet
  facet normal -8.5266814485275e-06 -0.707125072532685 0.707088489315829
    outer loop
      vertex -0.0861052551269531 0.043602424621582 -0.134974746704102
      vertex -0.0926545715332031 0.0453501091003418 -0.13322705078125
      vertex -0.0883226852416992 0.044119255065918 -0.134457916259766
    endloop
  endfacet
  facet normal -8.53909417016786e-06 -0.707125094374703 0.70708846747253
    outer loop
      vertex -0.0883226852416992 0.044119255065918 -0.134457916259766
      vertex -0.0926545715332031 0.0453501091003418 -0.13322705078125
      vertex -0.0905071029663086 0.0447021675109863 -0.133875
    endloop
  endfacet
  facet normal 3.10011905399831e-07 -0.707108515424486 0.707105046944287
    outer loop
      vertex -0.0372951736450195 0.0495204315185547 -0.129056732177734
      vertex -0.0926545715332031 0.0453501091003418 -0.13322705078125
      vertex -0.0861052551269531 0.043602424621582 -0.134974746704102
    endloop
  endfacet
  facet normal 2.38786829735824e-09 -0.7071064736313 0.707107088741661
    outer loop
      vertex -0.0302924156188965 0.053878475189209 -0.124698692321777
      vertex -0.0926545715332031 0.0453501091003418 -0.13322705078125
      vertex -0.0372951736450195 0.0495204315185547 -0.129056732177734
    endloop
  endfacet
  facet normal 9.92006564037623e-05 -0.707075069226948 0.707138484765846
    outer loop
      vertex -0.0198824329376221 0.0968077850341797 -0.0817693862915039
      vertex -0.0208890781402588 0.0982974014282227 -0.0802797622680664
      vertex -0.0189661026000977 0.0952892990112305 -0.0832878646850586
    endloop
  endfacet
  facet normal 0 -0.707106781186547 0.707106781186547
    outer loop
      vertex -0.0926545715332031 0.0453501091003418 -0.13322705078125
      vertex -0.0968232192993164 0.0468362998962402 -0.131740859985352
      vertex -0.0947612075805664 0.0460619163513184 -0.132515243530273
    endloop
  endfacet
  facet normal 0 -0.707106781186548 0.707106781186548
    outer loop
      vertex -0.0189661026000977 0.0952892990112305 -0.0832878646850586
      vertex -0.0231658973693848 0.101179351806641 -0.0773978118896484
      vertex -0.0174108295440674 0.0921767120361328 -0.0864004516601563
    endloop
  endfacet
  facet normal 0 -0.707106781186548 0.707106781186548
    outer loop
      vertex -0.021984224319458 0.0997554626464844 -0.0788217010498047
      vertex -0.0231658973693848 0.101179351806641 -0.0773978118896484
      vertex -0.0208890781402588 0.0982974014282227 -0.0802797622680664
    endloop
  endfacet
  facet normal 0 -0.707106781186547 0.707106781186547
    outer loop
      vertex -0.0208890781402588 0.0982974014282227 -0.0802797622680664
      vertex -0.0231658973693848 0.101179351806641 -0.0773978118896484
      vertex -0.0189661026000977 0.0952892990112305 -0.0832878646850586
    endloop
  endfacet
  facet normal 6.34150344980894e-08 -0.707106696756595 0.707106865616488
    outer loop
      vertex -0.0302924156188965 0.053878475189209 -0.124698692321777
      vertex -0.0988368988037109 0.0476718711853027 -0.130905288696289
      vertex -0.0926545715332031 0.0453501091003418 -0.13322705078125
    endloop
  endfacet
  facet normal 0 -0.707106781186548 0.707106781186548
    outer loop
      vertex -0.0926545715332031 0.0453501091003418 -0.13322705078125
      vertex -0.0988368988037109 0.0476718711853027 -0.130905288696289
      vertex -0.0968232192993164 0.0468362998962402 -0.131740859985352
    endloop
  endfacet
  facet normal -7.80675860668609e-08 -0.707105915502822 0.707107646869209
    outer loop
      vertex -0.0302924156188965 0.053878475189209 -0.124698692321777
      vertex -0.104552101135254 0.0505300941467285 -0.128047073364258
      vertex -0.0988368988037109 0.0476718711853027 -0.130905288696289
    endloop
  endfacet
  facet normal 9.84669863516008e-06 -0.707095992766407 0.707117569373532
    outer loop
      vertex -0.0988368988037109 0.0476718711853027 -0.130905288696289
      vertex -0.104552101135254 0.0505300941467285 -0.128047073364258
      vertex -0.100798614501953 0.0485671195983887 -0.130010040283203
    endloop
  endfacet
  facet normal -9.29087621725485e-07 -0.707106295320798 0.707107267051353
    outer loop
      vertex -0.100798614501953 0.0485671195983887 -0.130010040283203
      vertex -0.104552101135254 0.0505300941467285 -0.128047073364258
      vertex -0.10270482635498 0.0495204315185547 -0.129056732177734
    endloop
  endfacet
  facet normal -8.57044425877983e-08 -0.707106805538511 0.707106756834578
    outer loop
      vertex -0.0150495567321777 0.0824391555786133 -0.0961380081176758
      vertex -0.0287130241394043 0.106482795715332 -0.072094367980957
      vertex -0.0302924156188965 0.053878475189209 -0.124698692321777
    endloop
  endfacet
  facet normal 0 -0.707106781186548 0.707106781186548
    outer loop
      vertex -0.0174108295440674 0.0921767120361328 -0.0864004516601563
      vertex -0.0287130241394043 0.106482795715332 -0.072094367980957
      vertex -0.0150495567321777 0.0824391555786133 -0.0961380081176758
    endloop
  endfacet
  facet normal 0 -0.707106781186547 0.707106781186547
    outer loop
      vertex -0.0272080326080322 0.105220603942871 -0.073356559753418
      vertex -0.0287130241394043 0.106482795715332 -0.072094367980957
      vertex -0.0257801570892334 0.10391438293457 -0.0746627807617188
    endloop
  endfacet
  facet normal 0 -0.707106781186548 0.707106781186548
    outer loop
      vertex -0.0257801570892334 0.10391438293457 -0.0746627807617188
      vertex -0.0287130241394043 0.106482795715332 -0.072094367980957
      vertex -0.0244319686889648 0.10256649017334 -0.0760106735229492
    endloop
  endfacet
  facet normal 0 -0.707106781186548 0.707106781186548
    outer loop
      vertex -0.0244319686889648 0.10256649017334 -0.0760106735229492
      vertex -0.0287130241394043 0.106482795715332 -0.072094367980957
      vertex -0.0231658973693848 0.101179351806641 -0.0773978118896484
    endloop
  endfacet
  facet normal 0 -0.707106781186547 0.707106781186547
    outer loop
      vertex -0.0231658973693848 0.101179351806641 -0.0773978118896484
      vertex -0.0287130241394043 0.106482795715332 -0.072094367980957
      vertex -0.0174108295440674 0.0921767120361328 -0.0864004516601563
    endloop
  endfacet
  facet normal -3.50906918005976e-05 -0.707136209803991 0.707077350473546
    outer loop
      vertex -0.104552101135254 0.0505300941467285 -0.128047073364258
      vertex -0.108056640625 0.0527110786437988 -0.125866081237793
      vertex -0.106337112426758 0.0515942802429199 -0.126982887268066
    endloop
  endfacet
  facet normal 3.68291490133003e-05 -0.707078427301954 0.707135132975168
    outer loop
      vertex -0.104552101135254 0.0505300941467285 -0.128047073364258
      vertex -0.109707588195801 0.053878475189209 -0.124698692321777
      vertex -0.108056640625 0.0527110786437988 -0.125866081237793
    endloop
  endfacet
  facet normal -7.53284442811175e-05 -0.707162352965566 0.707051201027076
    outer loop
      vertex -0.0319433612823486 0.108866081237793 -0.0697110824584961
      vertex -0.0336628913879395 0.109982887268066 -0.0685942840576172
      vertex -0.0302924156188965 0.107698692321777 -0.0708784790039062
    endloop
  endfacet
  facet normal -1.8430320387529e-05 -0.707120969464337 0.707092592383869
    outer loop
      vertex -0.104552101135254 0.0505300941467285 -0.128047073364258
      vertex -0.111286979675293 0.0550943641662598 -0.123482795715332
      vertex -0.109707588195801 0.053878475189209 -0.124698692321777
    endloop
  endfacet
  facet normal 2.51239572782889e-05 -0.707088244717326 0.707125316723534
    outer loop
      vertex -0.0336628913879395 0.109982887268066 -0.0685942840576172
      vertex -0.0354478988647461 0.111047073364258 -0.0675300903320313
      vertex -0.0302924156188965 0.107698692321777 -0.0708784790039062
    endloop
  endfacet
  facet normal 1.17195933140283e-05 -0.707098725567437 0.707114836616767
    outer loop
      vertex -0.104552101135254 0.0505300941467285 -0.128047073364258
      vertex -0.112791969299316 0.056356559753418 -0.122220603942871
      vertex -0.111286979675293 0.0550943641662598 -0.123482795715332
    endloop
  endfacet
  facet normal 0 -0.707106781186547 0.707106781186547
    outer loop
      vertex -0.112791969299316 0.056356559753418 -0.122220603942871
      vertex -0.115568031311035 0.0590106735229492 -0.11956649017334
      vertex -0.114219841003418 0.0576627807617188 -0.12091438293457
    endloop
  endfacet
  facet normal 0 -0.707106781186548 0.707106781186548
    outer loop
      vertex -0.0392013854980469 0.113010047912598 -0.0655671157836914
      vertex -0.0411631011962891 0.113905296325684 -0.0646718673706055
      vertex -0.0372951736450195 0.112056732177734 -0.0665204315185547
    endloop
  endfacet
  facet normal 0 -0.707106781186547 0.707106781186547
    outer loop
      vertex -0.0372951736450195 0.112056732177734 -0.0665204315185547
      vertex -0.0411631011962891 0.113905296325684 -0.0646718673706055
      vertex -0.0354478988647461 0.111047073364258 -0.0675300903320313
    endloop
  endfacet
  facet normal 1.17258458939224e-05 -0.70709694693867 0.707116615200432
    outer loop
      vertex -0.0302924156188965 0.107698692321777 -0.0708784790039062
      vertex -0.0411631011962891 0.113905296325684 -0.0646718673706055
      vertex -0.0287130241394043 0.106482795715332 -0.072094367980957
    endloop
  endfacet
  facet normal -3.50350231558197e-06 -0.707110283913674 0.70710327843339
    outer loop
      vertex -0.0354478988647461 0.111047073364258 -0.0675300903320313
      vertex -0.0411631011962891 0.113905296325684 -0.0646718673706055
      vertex -0.0302924156188965 0.107698692321777 -0.0708784790039062
    endloop
  endfacet
  facet normal 1.45957160922688e-05 -0.707099147898187 0.70711441424187
    outer loop
      vertex -0.112791969299316 0.056356559753418 -0.122220603942871
      vertex -0.116834098815918 0.0603978157043457 -0.118179351806641
      vertex -0.115568031311035 0.0590106735229492 -0.11956649017334
    endloop
  endfacet
  facet normal 4.40646305133443e-06 -0.707103085595756 0.707110476744295
    outer loop
      vertex -0.0411631011962891 0.113905296325684 -0.0646718673706055
      vertex -0.0431767768859863 0.114740859985352 -0.0638362998962402
      vertex -0.0287130241394043 0.106482795715332 -0.072094367980957
    endloop
  endfacet
  facet normal 3.95896792425932e-09 -0.707106825087122 0.70710673728597
    outer loop
      vertex -0.0302924156188965 0.053878475189209 -0.124698692321777
      vertex -0.0431767768859863 0.114740859985352 -0.0638362998962402
      vertex -0.104552101135254 0.0505300941467285 -0.128047073364258
    endloop
  endfacet
  facet normal 1.54567421922204e-07 -0.707106809145465 0.707106753227612
    outer loop
      vertex -0.0287130241394043 0.106482795715332 -0.072094367980957
      vertex -0.0431767768859863 0.114740859985352 -0.0638362998962402
      vertex -0.0302924156188965 0.053878475189209 -0.124698692321777
    endloop
  endfacet
  facet normal 4.90062690615185e-05 -0.707038047514981 0.707175506479537
    outer loop
      vertex -0.0452387924194336 0.115515251159668 -0.0630619163513184
      vertex -0.0473454322814941 0.11622705078125 -0.0623501091003418
      vertex -0.0431767768859863 0.114740859985352 -0.0638362998962402
    endloop
  endfacet
  facet normal -5.2028213440147e-07 -0.707106051583469 0.707107510788682
    outer loop
      vertex -0.118015777587891 0.0618217010498047 -0.116755462646484
      vertex -0.120117568969727 0.0647693862915039 -0.11380778503418
      vertex -0.11911092376709 0.0632797660827637 -0.115297401428223
    endloop
  endfacet
  facet normal 7.92299367808461e-07 -0.707106452424094 0.707107109948404
    outer loop
      vertex -0.104552101135254 0.0505300941467285 -0.128047073364258
      vertex -0.121033897399902 0.0662878646850586 -0.11228929901123
      vertex -0.112791969299316 0.056356559753418 -0.122220603942871
    endloop
  endfacet
  facet normal -3.91882598735536e-06 -0.707108407283886 0.70710515507461
    outer loop
      vertex -0.112791969299316 0.056356559753418 -0.122220603942871
      vertex -0.121033897399902 0.0662878646850586 -0.11228929901123
      vertex -0.116834098815918 0.0603978157043457 -0.118179351806641
    endloop
  endfacet
  facet normal -4.91225445985193e-05 -0.707123378021851 0.707090182255377
    outer loop
      vertex -0.118015777587891 0.0618217010498047 -0.116755462646484
      vertex -0.121033897399902 0.0662878646850586 -0.11228929901123
      vertex -0.120117568969727 0.0647693862915039 -0.11380778503418
    endloop
  endfacet
  facet normal 1.22915198173441e-05 -0.707102627972673 0.707110934269198
    outer loop
      vertex -0.116834098815918 0.0603978157043457 -0.118179351806641
      vertex -0.121033897399902 0.0662878646850586 -0.11228929901123
      vertex -0.118015777587891 0.0618217010498047 -0.116755462646484
    endloop
  endfacet
  facet normal -1.63758046708238e-06 -0.70710907782799 0.70710448453575
    outer loop
      vertex -0.0473454322814941 0.11622705078125 -0.0623501091003418
      vertex -0.0538947486877441 0.117974739074707 -0.060602424621582
      vertex -0.0431767768859863 0.114740859985352 -0.0638362998962402
    endloop
  endfacet
  facet normal -8.52167854376266e-06 -0.707125061863557 0.707088499985569
    outer loop
      vertex -0.0516773109436035 0.117457908630371 -0.061119255065918
      vertex -0.0538947486877441 0.117974739074707 -0.060602424621582
      vertex -0.0494928932189941 0.116875 -0.0617021675109863
    endloop
  endfacet
  facet normal 1.56584506844403e-05 -0.707076669350965 0.707136891566519
    outer loop
      vertex -0.0494928932189941 0.116875 -0.0617021675109863
      vertex -0.0538947486877441 0.117974739074707 -0.060602424621582
      vertex -0.0473454322814941 0.11622705078125 -0.0623501091003418
    endloop
  endfacet
  facet normal 0 -0.707106781186548 0.707106781186548
    outer loop
      vertex -0.0561412048339844 0.118424560546875 -0.0601526031494141
      vertex -0.0584126396179199 0.11880655670166 -0.0597706069946289
      vertex -0.0538947486877441 0.117974739074707 -0.060602424621582
    endloop
  endfacet
  facet normal -4.57462454627796e-06 -0.707119204258753 0.707094357881281
    outer loop
      vertex -0.0584126396179199 0.11880655670166 -0.0597706069946289
      vertex -0.0607049560546875 0.119120048522949 -0.0594571189880371
      vertex -0.0538947486877441 0.117974739074707 -0.060602424621582
    endloop
  endfacet
  facet normal -0.00010641130955957 -0.707122993402811 0.707090560591557
    outer loop
      vertex -0.123225311279297 0.0709889373779297 -0.107588226318359
      vertex -0.124208877563477 0.0742159957885742 -0.104361167907715
      vertex -0.12376554107666 0.072595085144043 -0.105982086181641
    endloop
  endfacet
  facet normal 0 -0.707106781186547 0.707106781186547
    outer loop
      vertex -0.123225311279297 0.0709889373779297 -0.107588226318359
      vertex -0.124554527282715 0.075848747253418 -0.102728416442871
      vertex -0.124208877563477 0.0742159957885742 -0.104361167907715
    endloop
  endfacet
  facet normal -6.91373094540963e-06 -0.707144957120015 0.70706860315809
    outer loop
      vertex -0.0630140190124512 0.119364456176758 -0.0592127075195313
      vertex -0.0653356704711914 0.119539352416992 -0.0590378150939941
      vertex -0.0607049560546875 0.119120048522949 -0.0594571189880371
    endloop
  endfacet
  facet normal 4.62013280850203e-07 -0.707104229987389 0.70710933237635
    outer loop
      vertex -0.0607049560546875 0.119120048522949 -0.0594571189880371
      vertex -0.0653356704711914 0.119539352416992 -0.0590378150939941
      vertex -0.0538947486877441 0.117974739074707 -0.060602424621582
    endloop
  endfacet
  facet normal 0 -0.707106781186547 0.707106781186547
    outer loop
      vertex -0.121033897399902 0.0662878646850586 -0.11228929901123
      vertex -0.124801864624023 0.0774904022216797 -0.101086761474609
      vertex -0.121858261108398 0.0678324813842773 -0.110744682312012
    endloop
  endfacet
  facet normal 0 -0.707106781186548 0.707106781186548
    outer loop
      vertex -0.121858261108398 0.0678324813842773 -0.110744682312012
      vertex -0.124801864624023 0.0774904022216797 -0.101086761474609
      vertex -0.122589172363281 0.0694004516601563 -0.109176712036133
    endloop
  endfacet
  facet normal 0 -0.707106781186547 0.707106781186547
    outer loop
      vertex -0.122589172363281 0.0694004516601563 -0.109176712036133
      vertex -0.124801864624023 0.0774904022216797 -0.101086761474609
      vertex -0.123225311279297 0.0709889373779297 -0.107588226318359
    endloop
  endfacet
  facet normal 0 -0.707106781186548 0.707106781186548
    outer loop
      vertex -0.123225311279297 0.0709889373779297 -0.107588226318359
      vertex -0.124801864624023 0.0774904022216797 -0.101086761474609
      vertex -0.124554527282715 0.075848747253418 -0.102728416442871
    endloop
  endfacet
  facet normal 1.1597618672729e-07 -0.707105495155917 0.70710806721483
    outer loop
      vertex -0.0653356704711914 0.119539352416992 -0.0590378150939941
      vertex -0.0676657333374023 0.119644416809082 -0.0589327507019043
      vertex -0.0538947486877441 0.117974739074707 -0.060602424621582
    endloop
  endfacet
  facet normal 0 -0.707106781186547 0.707106781186547
    outer loop
      vertex -0.125 0.0807885818481445 -0.0977885818481445
      vertex -0.124801864624023 0.0840867614746094 -0.0944904022216797
      vertex -0.124950439453125 0.0824391555786133 -0.0961380081176758
    endloop
  endfacet
  facet normal 0 -0.707106781186547 0.707106781186547
    outer loop
      vertex -0.124801864624023 0.0774904022216797 -0.101086761474609
      vertex -0.124554527282715 0.0857284164428711 -0.092848747253418
      vertex -0.124950439453125 0.0791380081176758 -0.0994391555786133
    endloop
  endfacet
  facet normal 0 -0.707106781186547 0.707106781186547
    outer loop
      vertex -0.124950439453125 0.0791380081176758 -0.0994391555786133
      vertex -0.124554527282715 0.0857284164428711 -0.092848747253418
      vertex -0.125 0.0807885818481445 -0.0977885818481445
    endloop
  endfacet
  facet normal 0 -0.707106781186548 0.707106781186548
    outer loop
      vertex -0.121033897399902 0.0662878646850586 -0.11228929901123
      vertex -0.124554527282715 0.0857284164428711 -0.092848747253418
      vertex -0.124801864624023 0.0774904022216797 -0.101086761474609
    endloop
  endfacet
  facet normal 0 -0.707106781186548 0.707106781186548
    outer loop
      vertex -0.125 0.0807885818481445 -0.0977885818481445
      vertex -0.124554527282715 0.0857284164428711 -0.092848747253418
      vertex -0.124801864624023 0.0840867614746094 -0.0944904022216797
    endloop
  endfacet
  facet normal -1.42981143902873e-07 -0.707106754861381 0.707106807511699
    outer loop
      vertex -0.0431767768859863 0.114740859985352 -0.0638362998962402
      vertex -0.0792950439453125 0.119120048522949 -0.0594571189880371
      vertex -0.104552101135254 0.0505300941467285 -0.128047073364258
    endloop
  endfacet
  facet normal 1.21044666839834e-07 -0.707106803472838 0.707106758900246
    outer loop
      vertex -0.104552101135254 0.0505300941467285 -0.128047073364258
      vertex -0.0792950439453125 0.119120048522949 -0.0594571189880371
      vertex -0.121033897399902 0.0662878646850586 -0.11228929901123
    endloop
  endfacet
  facet normal 6.91379854501998e-06 -0.707144957493273 0.707068602784791
    outer loop
      vertex -0.0769859771728516 0.119364456176758 -0.0592127075195313
      vertex -0.0792950439453125 0.119120048522949 -0.0594571189880371
      vertex -0.0746643295288086 0.119539352416992 -0.0590378150939941
    endloop
  endfacet
  facet normal 0 -0.707106781186548 0.707106781186548
    outer loop
      vertex -0.0746643295288086 0.119539352416992 -0.0590378150939941
      vertex -0.0792950439453125 0.119120048522949 -0.0594571189880371
      vertex -0.0723342666625977 0.119644416809082 -0.0589327507019043
    endloop
  endfacet
  facet normal 0 -0.707106781186548 0.707106781186548
    outer loop
      vertex -0.0723342666625977 0.119644416809082 -0.0589327507019043
      vertex -0.0792950439453125 0.119120048522949 -0.0594571189880371
      vertex -0.07 0.119679458618164 -0.0588977088928223
    endloop
  endfacet
  facet normal -8.06357779811273e-08 -0.707106497757928 0.707107064615049
    outer loop
      vertex -0.0538947486877441 0.117974739074707 -0.060602424621582
      vertex -0.0792950439453125 0.119120048522949 -0.0594571189880371
      vertex -0.0431767768859863 0.114740859985352 -0.0638362998962402
    endloop
  endfacet
  facet normal 0 -0.707106781186548 0.707106781186548
    outer loop
      vertex -0.07 0.119679458618164 -0.0588977088928223
      vertex -0.0792950439453125 0.119120048522949 -0.0594571189880371
      vertex -0.0676657333374023 0.119644416809082 -0.0589327507019043
    endloop
  endfacet
  facet normal -5.30977191000337e-08 -0.707106192392238 0.707107369980365
    outer loop
      vertex -0.0676657333374023 0.119644416809082 -0.0589327507019043
      vertex -0.0792950439453125 0.119120048522949 -0.0594571189880371
      vertex -0.0538947486877441 0.117974739074707 -0.060602424621582
    endloop
  endfacet
  facet normal 5.25740846157395e-08 -0.707106776426036 0.707106785947057
    outer loop
      vertex -0.121033897399902 0.0662878646850586 -0.11228929901123
      vertex -0.0792950439453125 0.119120048522949 -0.0594571189880371
      vertex -0.124554527282715 0.0857284164428711 -0.092848747253418
    endloop
  endfacet
  facet normal 7.06299895144547e-08 -0.707106788662649 0.707106773710443
    outer loop
      vertex -0.0792950439453125 0.119120048522949 -0.0594571189880371
      vertex -0.124208877563477 0.0873611679077149 -0.0912159957885742
      vertex -0.124554527282715 0.0857284164428711 -0.092848747253418
    endloop
  endfacet
  facet normal 6.29897437483165e-06 -0.707125508512937 0.707088053336105
    outer loop
      vertex -0.0815873565673828 0.11880655670166 -0.0597706069946289
      vertex -0.0838587951660156 0.118424560546875 -0.0601526031494141
      vertex -0.0792950439453125 0.119120048522949 -0.0594571189880371
    endloop
  endfacet
  facet normal -0.00010641130955957 -0.707090560591557 0.707122993402811
    outer loop
      vertex -0.124208877563477 0.0873611679077149 -0.0912159957885742
      vertex -0.123225311279297 0.0905882263183594 -0.0879889373779297
      vertex -0.12376554107666 0.0889820861816406 -0.089595085144043
    endloop
  endfacet
  facet normal 2.47373749895179e-06 -0.707112958221627 0.70710060409318
    outer loop
      vertex -0.0838587951660156 0.118424560546875 -0.0601526031494141
      vertex -0.0861052551269531 0.117974739074707 -0.060602424621582
      vertex -0.0792950439453125 0.119120048522949 -0.0594571189880371
    endloop
  endfacet
  facet normal 0 -0.707106781186548 0.707106781186548
    outer loop
      vertex -0.123225311279297 0.0905882263183594 -0.0879889373779297
      vertex -0.121858261108398 0.0937446823120117 -0.0848324813842773
      vertex -0.122589172363281 0.0921767120361328 -0.0864004516601563
    endloop
  endfacet
  facet normal 8.52191020902285e-06 -0.707125062297619 0.707088499551481
    outer loop
      vertex -0.0883226852416992 0.117457908630371 -0.061119255065918
      vertex -0.0905071029663086 0.116875 -0.0617021675109863
      vertex -0.0861052551269531 0.117974739074707 -0.060602424621582
    endloop
  endfacet
  facet normal 5.09362436772427e-05 -0.707120372504524 0.707093187772703
    outer loop
      vertex -0.121858261108398 0.0937446823120117 -0.0848324813842773
      vertex -0.120117568969727 0.0968077850341797 -0.0817693862915039
      vertex -0.121033897399902 0.0952892990112305 -0.0832878646850586
    endloop
  endfacet
  facet normal -4.9550630873515e-07 -0.707106388343669 0.707107174029034
    outer loop
      vertex -0.0792950439453125 0.119120048522949 -0.0594571189880371
      vertex -0.120117568969727 0.0968077850341797 -0.0817693862915039
      vertex -0.124208877563477 0.0873611679077149 -0.0912159957885742
    endloop
  endfacet
  facet normal 4.45078059081763e-06 -0.707107459449824 0.707106102908613
    outer loop
      vertex -0.124208877563477 0.0873611679077149 -0.0912159957885742
      vertex -0.120117568969727 0.0968077850341797 -0.0817693862915039
      vertex -0.123225311279297 0.0905882263183594 -0.0879889373779297
    endloop
  endfacet
  facet normal 1.30285620615539e-05 -0.707109602433484 0.707103959808328
    outer loop
      vertex -0.123225311279297 0.0905882263183594 -0.0879889373779297
      vertex -0.120117568969727 0.0968077850341797 -0.0817693862915039
      vertex -0.121858261108398 0.0937446823120117 -0.0848324813842773
    endloop
  endfacet
  facet normal -1.56588763467771e-05 -0.707076668553358 0.707136892364049
    outer loop
      vertex -0.0905071029663086 0.116875 -0.0617021675109863
      vertex -0.0926545715332031 0.11622705078125 -0.0623501091003418
      vertex -0.0861052551269531 0.117974739074707 -0.060602424621582
    endloop
  endfacet
  facet normal 3.69190406571411e-07 -0.707106701236934 0.707106861136056
    outer loop
      vertex -0.0861052551269531 0.117974739074707 -0.060602424621582
      vertex -0.0926545715332031 0.11622705078125 -0.0623501091003418
      vertex -0.0792950439453125 0.119120048522949 -0.0594571189880371
    endloop
  endfacet
  facet normal 3.03398907170139e-06 -0.707109617117634 0.707103945237578
    outer loop
      vertex -0.0792950439453125 0.119120048522949 -0.0594571189880371
      vertex -0.11911092376709 0.0982974014282227 -0.0802797622680664
      vertex -0.120117568969727 0.0968077850341797 -0.0817693862915039
    endloop
  endfacet
  facet normal 6.41315830661665e-07 -0.70710732955926 0.707106232813119
    outer loop
      vertex -0.0926545715332031 0.11622705078125 -0.0623501091003418
      vertex -0.11911092376709 0.0982974014282227 -0.0802797622680664
      vertex -0.0792950439453125 0.119120048522949 -0.0594571189880371
    endloop
  endfacet
  facet normal -2.07660934321304e-07 -0.707106703199721 0.707106859173335
    outer loop
      vertex -0.0926545715332031 0.11622705078125 -0.0623501091003418
      vertex -0.118015777587891 0.0997554626464844 -0.0788217010498047
      vertex -0.11911092376709 0.0982974014282227 -0.0802797622680664
    endloop
  endfacet
  facet normal -2.30714227542757e-07 -0.707106685452208 0.707106876920837
    outer loop
      vertex -0.0926545715332031 0.11622705078125 -0.0623501091003418
      vertex -0.116834098815918 0.101179351806641 -0.0773978118896484
      vertex -0.118015777587891 0.0997554626464844 -0.0788217010498047
    endloop
  endfacet
  facet normal 6.03557128231658e-06 -0.707111333546147 0.707102228771881
    outer loop
      vertex -0.0968232192993164 0.114740859985352 -0.0638362998962402
      vertex -0.116834098815918 0.101179351806641 -0.0773978118896484
      vertex -0.0947612075805664 0.115515251159668 -0.0630619163513184
    endloop
  endfacet
  facet normal -5.47032199104424e-06 -0.707102475774199 0.707111086551522
    outer loop
      vertex -0.0947612075805664 0.115515251159668 -0.0630619163513184
      vertex -0.116834098815918 0.101179351806641 -0.0773978118896484
      vertex -0.0926545715332031 0.11622705078125 -0.0623501091003418
    endloop
  endfacet
  facet normal -1.47605286939363e-05 -0.707090608898793 0.707122952950377
    outer loop
      vertex -0.0988368988037109 0.113905296325684 -0.0646718673706055
      vertex -0.100798614501953 0.113010047912598 -0.0655671157836914
      vertex -0.0968232192993164 0.114740859985352 -0.0638362998962402
    endloop
  endfacet
  facet normal -3.53384908821394e-07 -0.707106619915929 0.70710694245704
    outer loop
      vertex -0.0968232192993164 0.114740859985352 -0.0638362998962402
      vertex -0.115568031311035 0.10256649017334 -0.0760106735229492
      vertex -0.116834098815918 0.101179351806641 -0.0773978118896484
    endloop
  endfacet
  facet normal -1.76571136135234e-06 -0.70710553263822 0.707108029730466
    outer loop
      vertex -0.100798614501953 0.113010047912598 -0.0655671157836914
      vertex -0.115568031311035 0.10256649017334 -0.0760106735229492
      vertex -0.0968232192993164 0.114740859985352 -0.0638362998962402
    endloop
  endfacet
  facet normal 0 -0.707106781186548 0.707106781186548
    outer loop
      vertex -0.100798614501953 0.113010047912598 -0.0655671157836914
      vertex -0.114219841003418 0.10391438293457 -0.0746627807617188
      vertex -0.115568031311035 0.10256649017334 -0.0760106735229492
    endloop
  endfacet
  facet normal 0 -0.707106781186548 0.707106781186548
    outer loop
      vertex -0.10270482635498 0.112056732177734 -0.0665204315185547
      vertex -0.112791969299316 0.105220603942871 -0.073356559753418
      vertex -0.100798614501953 0.113010047912598 -0.0655671157836914
    endloop
  endfacet
  facet normal 0 -0.707106781186547 0.707106781186547
    outer loop
      vertex -0.100798614501953 0.113010047912598 -0.0655671157836914
      vertex -0.112791969299316 0.105220603942871 -0.073356559753418
      vertex -0.114219841003418 0.10391438293457 -0.0746627807617188
    endloop
  endfacet
  facet normal 0 -0.707106781186548 0.707106781186548
    outer loop
      vertex -0.10270482635498 0.112056732177734 -0.0665204315185547
      vertex -0.111286979675293 0.106482795715332 -0.072094367980957
      vertex -0.112791969299316 0.105220603942871 -0.073356559753418
    endloop
  endfacet
  facet normal 3.32942778070311e-05 -0.707137237793721 0.707076322483619
    outer loop
      vertex -0.104552101135254 0.111047073364258 -0.0675300903320313
      vertex -0.106337112426758 0.109982887268066 -0.0685942840576172
      vertex -0.10270482635498 0.112056732177734 -0.0665204315185547
    endloop
  endfacet
  facet normal -9.42833724813475e-06 -0.707099825063522 0.707113737178287
    outer loop
      vertex -0.106337112426758 0.109982887268066 -0.0685942840576172
      vertex -0.109707588195801 0.107698692321777 -0.0708784790039062
      vertex -0.10270482635498 0.112056732177734 -0.0665204315185547
    endloop
  endfacet
  facet normal -1.8430475552148e-05 -0.707092592283089 0.707120969565109
    outer loop
      vertex -0.10270482635498 0.112056732177734 -0.0665204315185547
      vertex -0.109707588195801 0.107698692321777 -0.0708784790039062
      vertex -0.111286979675293 0.106482795715332 -0.072094367980957
    endloop
  endfacet
  facet normal 7.53304505288875e-05 -0.707162354445516 0.707051199546679
    outer loop
      vertex -0.106337112426758 0.109982887268066 -0.0685942840576172
      vertex -0.108056640625 0.108866081237793 -0.0697110824584961
      vertex -0.109707588195801 0.107698692321777 -0.0708784790039062
    endloop
  endfacet
  facet normal 0 0.707106781186547 -0.707106781186547
    outer loop
      vertex -0.0272080326080322 0.0577707710266113 -0.123634819030762
      vertex -0.0287130241394043 0.0565085792541504 -0.124897010803223
      vertex -0.0302924156188965 0.0552926902770996 -0.126112899780273
    endloop
  endfacet
  facet normal 6.41999156521163e-06 0.707102241544332 -0.707111320770475
    outer loop
      vertex -0.0354478988647461 0.0519443054199219 -0.129461288452148
      vertex -0.0302924156188965 0.0552926902770996 -0.126112899780273
      vertex -0.0319433612823486 0.0541252937316895 -0.127280296325684
    endloop
  endfacet
  facet normal 1.8415352345692e-05 0.707092603901738 -0.707120957947319
    outer loop
      vertex -0.0354478988647461 0.0519443054199219 -0.129461288452148
      vertex -0.0319433612823486 0.0541252937316895 -0.127280296325684
      vertex -0.0336628913879395 0.0530084953308105 -0.128397094726562
    endloop
  endfacet
  facet normal -2.77871696254832e-06 0.707109323153675 -0.707104239204822
    outer loop
      vertex -0.0372951736450195 0.0509346466064453 -0.130470947265625
      vertex -0.0302924156188965 0.0552926902770996 -0.126112899780273
      vertex -0.0354478988647461 0.0519443054199219 -0.129461288452148
    endloop
  endfacet
  facet normal -1.59862121360876e-05 0.707119934229325 -0.707093627718392
    outer loop
      vertex -0.0392013854980469 0.049981330871582 -0.131424255371094
      vertex -0.0302924156188965 0.0552926902770996 -0.126112899780273
      vertex -0.0372951736450195 0.0509346466064453 -0.130470947265625
    endloop
  endfacet
  facet normal 2.73050147848518e-06 0.707105081900607 -0.707108480463133
    outer loop
      vertex -0.0231658973693848 0.0618120269775391 -0.119593566894531
      vertex -0.0272080326080322 0.0577707710266113 -0.123634819030762
      vertex -0.0302924156188965 0.0552926902770996 -0.126112899780273
    endloop
  endfacet
  facet normal -2.28717792832392e-05 0.707117218709453 -0.707096343139666
    outer loop
      vertex -0.0231658973693848 0.0618120269775391 -0.119593566894531
      vertex -0.0244319686889648 0.0604248886108398 -0.12098070526123
      vertex -0.0257801570892334 0.0590769920349121 -0.122328598022461
    endloop
  endfacet
  facet normal 7.18348770590988e-06 0.70710285489754 -0.707110707417266
    outer loop
      vertex -0.0231658973693848 0.0618120269775391 -0.119593566894531
      vertex -0.0257801570892334 0.0590769920349121 -0.122328598022461
      vertex -0.0272080326080322 0.0577707710266113 -0.123634819030762
    endloop
  endfacet
  facet normal 1.47615120458818e-05 0.707090607821372 -0.707122954027728
    outer loop
      vertex -0.0431767768859863 0.0482505149841309 -0.133155075073242
      vertex -0.0392013854980469 0.049981330871582 -0.131424255371094
      vertex -0.0411631011962891 0.0490860824584961 -0.13231950378418
    endloop
  endfacet
  facet normal -4.81760335239017e-06 0.70710920744472 -0.707104354903639
    outer loop
      vertex -0.0198824329376221 0.06618359375 -0.115221992492676
      vertex -0.0231658973693848 0.0618120269775391 -0.119593566894531
      vertex -0.0302924156188965 0.0552926902770996 -0.126112899780273
    endloop
  endfacet
  facet normal 2.45617039262063e-05 0.707098481834425 -0.707115080014685
    outer loop
      vertex -0.0198824329376221 0.06618359375 -0.115221992492676
      vertex -0.0208890781402588 0.064693977355957 -0.116711608886719
      vertex -0.021984224319458 0.0632359123229981 -0.118169677734375
    endloop
  endfacet
  facet normal 8.38005923345467e-06 0.707104251079114 -0.707109311235271
    outer loop
      vertex -0.0198824329376221 0.06618359375 -0.115221992492676
      vertex -0.021984224319458 0.0632359123229981 -0.118169677734375
      vertex -0.0231658973693848 0.0618120269775391 -0.119593566894531
    endloop
  endfacet
  facet normal 0 0.707106781186548 -0.707106781186548
    outer loop
      vertex -0.0473454322814941 0.0467643241882324 -0.134641265869141
      vertex -0.0431767768859863 0.0482505149841309 -0.133155075073242
      vertex -0.0452387924194336 0.047476131439209 -0.133929458618164
    endloop
  endfacet
  facet normal -5.12667819660977e-05 0.707195893421658 -0.707017655861054
    outer loop
      vertex -0.0516773109436035 0.0455334701538086 -0.135872116088867
      vertex -0.0473454322814941 0.0467643241882324 -0.134641265869141
      vertex -0.0494928932189941 0.046116382598877 -0.135289215087891
    endloop
  endfacet
  facet normal -3.06722427640418e-06 0.707111082840515 -0.707102479499758
    outer loop
      vertex -0.0516773109436035 0.0455334701538086 -0.135872116088867
      vertex -0.0392013854980469 0.049981330871582 -0.131424255371094
      vertex -0.0431767768859863 0.0482505149841309 -0.133155075073242
    endloop
  endfacet
  facet normal -3.0672142588604e-06 0.707111082824845 -0.707102479515429
    outer loop
      vertex -0.0516773109436035 0.0455334701538086 -0.135872116088867
      vertex -0.0431767768859863 0.0482505149841309 -0.133155075073242
      vertex -0.0473454322814941 0.0467643241882324 -0.134641265869141
    endloop
  endfacet
  facet normal 5.17044524335956e-05 0.70709472903329 -0.707118831244076
    outer loop
      vertex -0.0167746887207031 0.0724031524658203 -0.10900244140625
      vertex -0.0174108295440674 0.0708146591186523 -0.110590927124023
      vertex -0.0181417407989502 0.069246696472168 -0.112158889770508
    endloop
  endfacet
  facet normal 0 0.707106781186547 -0.707106781186547
    outer loop
      vertex -0.0162344627380371 0.0740092926025391 -0.107396293640137
      vertex -0.0181417407989502 0.069246696472168 -0.112158889770508
      vertex -0.0189661026000977 0.0677020797729492 -0.113703506469727
    endloop
  endfacet
  facet normal -5.23833352977318e-05 0.707117269122277 -0.707096291154917
    outer loop
      vertex -0.0162344627380371 0.0740092926025391 -0.107396293640137
      vertex -0.0167746887207031 0.0724031524658203 -0.10900244140625
      vertex -0.0181417407989502 0.069246696472168 -0.112158889770508
    endloop
  endfacet
  facet normal 1.37167687540798e-05 0.707069529867201 -0.707144030410514
    outer loop
      vertex -0.0584126396179199 0.0441848182678223 -0.137220779418945
      vertex -0.0538947486877441 0.0450166358947754 -0.136388961791992
      vertex -0.0561412048339844 0.0445668182373047 -0.136838775634766
    endloop
  endfacet
  facet normal 0 0.707106781186548 -0.707106781186548
    outer loop
      vertex -0.0157911252975464 0.0756302032470703 -0.105775382995605
      vertex -0.0162344627380371 0.0740092926025391 -0.107396293640137
      vertex -0.0189661026000977 0.0677020797729492 -0.113703506469727
    endloop
  endfacet
  facet normal 0 0.707106781186548 -0.707106781186548
    outer loop
      vertex -0.0157911252975464 0.0756302032470703 -0.105775382995605
      vertex -0.0189661026000977 0.0677020797729492 -0.113703506469727
      vertex -0.0198824329376221 0.06618359375 -0.115221992492676
    endloop
  endfacet
  facet normal 1.3230424256228e-05 0.707049800596609 -0.70716375706144
    outer loop
      vertex -0.0630140190124512 0.0436269226074219 -0.137778671264648
      vertex -0.0584126396179199 0.0441848182678223 -0.137220779418945
      vertex -0.0607049560546875 0.0438713340759277 -0.137534255981445
    endloop
  endfacet
  facet normal -1.71670562521219e-06 0.707111443182892 -0.707102119157382
    outer loop
      vertex -0.0630140190124512 0.0436269226074219 -0.137778671264648
      vertex -0.0538947486877441 0.0450166358947754 -0.136388961791992
      vertex -0.0584126396179199 0.0441848182678223 -0.137220779418945
    endloop
  endfacet
  facet normal -0.000107979216251578 0.707116554360949 -0.707096999632432
    outer loop
      vertex -0.0151981382369995 0.0789046173095703 -0.102500968933105
      vertex -0.0154454765319824 0.0772629623413086 -0.104142631530762
      vertex -0.0157911252975464 0.0756302032470703 -0.105775382995605
    endloop
  endfacet
  facet normal -4.77289690641904e-06 0.707124848238659 -0.707088713656691
    outer loop
      vertex -0.0676657333374023 0.0433469657897949 -0.138058624267578
      vertex -0.0516773109436035 0.0455334701538086 -0.135872116088867
      vertex -0.0538947486877441 0.0450166358947754 -0.136388961791992
    endloop
  endfacet
  facet normal -7.65285055720359e-07 0.707108321591921 -0.707105240777404
    outer loop
      vertex -0.0676657333374023 0.0433469657897949 -0.138058624267578
      vertex -0.0538947486877441 0.0450166358947754 -0.136388961791992
      vertex -0.0630140190124512 0.0436269226074219 -0.137778671264648
    endloop
  endfacet
  facet normal -2.88347849602505e-06 0.707125919220689 -0.707087642628536
    outer loop
      vertex -0.0676657333374023 0.0433469657897949 -0.138058624267578
      vertex -0.0630140190124512 0.0436269226074219 -0.137778671264648
      vertex -0.0653356704711914 0.0434520263671875 -0.137953567504883
    endloop
  endfacet
  facet normal -5.44302214388921e-05 0.707107597243563 -0.707105963033678
    outer loop
      vertex -0.015 0.0822027969360352 -0.0992027969360352
      vertex -0.0150495567321777 0.0805522232055664 -0.100853370666504
      vertex -0.0151981382369995 0.0789046173095703 -0.102500968933105
    endloop
  endfacet
  facet normal 1.91313859746504e-06 0.707106366896886 -0.707107195473378
    outer loop
      vertex -0.0150495567321777 0.0838533706665039 -0.0975522232055664
      vertex -0.0157911252975464 0.0756302032470703 -0.105775382995605
      vertex -0.0198824329376221 0.06618359375 -0.115221992492676
    endloop
  endfacet
  facet normal -1.81543665784351e-05 0.707106508537134 -0.707107053602807
    outer loop
      vertex -0.0150495567321777 0.0838533706665039 -0.0975522232055664
      vertex -0.015 0.0822027969360352 -0.0992027969360352
      vertex -0.0151981382369995 0.0789046173095703 -0.102500968933105
    endloop
  endfacet
  facet normal 7.21593239617444e-06 0.707106127775434 -0.707107434560239
    outer loop
      vertex -0.0150495567321777 0.0838533706665039 -0.0975522232055664
      vertex -0.0151981382369995 0.0789046173095703 -0.102500968933105
      vertex -0.0157911252975464 0.0756302032470703 -0.105775382995605
    endloop
  endfacet
  facet normal 8.10437533429133e-07 0.707106517698421 -0.707107044674111
    outer loop
      vertex -0.0150495567321777 0.0838533706665039 -0.0975522232055664
      vertex -0.0198824329376221 0.06618359375 -0.115221992492676
      vertex -0.0302924156188965 0.0552926902770996 -0.126112899780273
    endloop
  endfacet
  facet normal 0 0.707183745189258 -0.707029808805891
    outer loop
      vertex -0.0723342666625977 0.0433469657897949 -0.138058624267578
      vertex -0.0676657333374023 0.0433469657897949 -0.138058624267578
      vertex -0.07 0.0433119239807129 -0.138093673706055
    endloop
  endfacet
  facet normal 0 0.707107398014673 -0.707106164357884
    outer loop
      vertex -0.0723342666625977 0.0433469657897949 -0.138058624267578
      vertex -0.0516773109436035 0.0455334701538086 -0.135872116088867
      vertex -0.0676657333374023 0.0433469657897949 -0.138058624267578
    endloop
  endfacet
  facet normal 2.75699007721721e-07 0.707106296038022 -0.707107266334686
    outer loop
      vertex -0.0723342666625977 0.0433469657897949 -0.138058624267578
      vertex -0.0302924156188965 0.0552926902770996 -0.126112899780273
      vertex -0.0392013854980469 0.049981330871582 -0.131424255371094
    endloop
  endfacet
  facet normal 1.85720520190087e-07 0.707106520720219 -0.707107041652755
    outer loop
      vertex -0.0723342666625977 0.0433469657897949 -0.138058624267578
      vertex -0.0392013854980469 0.049981330871582 -0.131424255371094
      vertex -0.0516773109436035 0.0455334701538086 -0.135872116088867
    endloop
  endfacet
  facet normal 0.000108468461094431 0.707113305030393 -0.707100248963035
    outer loop
      vertex -0.0154454765319824 0.0871426315307617 -0.0942629623413086
      vertex -0.0151981382369995 0.0855009689331055 -0.0959046173095703
      vertex -0.0150495567321777 0.0838533706665039 -0.0975522232055664
    endloop
  endfacet
  facet normal 2.88347143286914e-06 0.707125919142366 -0.707087642706864
    outer loop
      vertex -0.0769859771728516 0.0436269226074219 -0.137778671264648
      vertex -0.0723342666625977 0.0433469657897949 -0.138058624267578
      vertex -0.0746643295288086 0.0434520263671875 -0.137953567504883
    endloop
  endfacet
  facet normal 9.3881830108232e-08 0.707106708911896 -0.707106853461186
    outer loop
      vertex -0.0769859771728516 0.0436269226074219 -0.137778671264648
      vertex -0.0150495567321777 0.0838533706665039 -0.0975522232055664
      vertex -0.0302924156188965 0.0552926902770996 -0.126112899780273
    endloop
  endfacet
  facet normal 4.78517878419859e-07 0.707105939136687 -0.707107623235244
    outer loop
      vertex -0.0769859771728516 0.0436269226074219 -0.137778671264648
      vertex -0.0302924156188965 0.0552926902770996 -0.126112899780273
      vertex -0.0723342666625977 0.0433469657897949 -0.138058624267578
    endloop
  endfacet
  facet normal -6.4841560590603e-07 0.707107280367029 -0.707106282005416
    outer loop
      vertex -0.0157911252975464 0.0887753829956055 -0.0926302032470703
      vertex -0.0150495567321777 0.0838533706665039 -0.0975522232055664
      vertex -0.0769859771728516 0.0436269226074219 -0.137778671264648
    endloop
  endfacet
  facet normal -3.61779776455615e-05 0.707104603395776 -0.707108958045121
    outer loop
      vertex -0.0157911252975464 0.0887753829956055 -0.0926302032470703
      vertex -0.0154454765319824 0.0871426315307617 -0.0942629623413086
      vertex -0.0150495567321777 0.0838533706665039 -0.0975522232055664
    endloop
  endfacet
  facet normal -1.01054606315489e-06 0.707107525784913 -0.707106036586676
    outer loop
      vertex -0.0792950439453125 0.0438713340759277 -0.137534255981445
      vertex -0.0157911252975464 0.0887753829956055 -0.0926302032470703
      vertex -0.0769859771728516 0.0436269226074219 -0.137778671264648
    endloop
  endfacet
  facet normal 1.99192685652856e-06 0.707105459446419 -0.707108102921399
    outer loop
      vertex -0.0167746887207031 0.09200244140625 -0.0894031524658203
      vertex -0.0792950439453125 0.0438713340759277 -0.137534255981445
      vertex -0.0815873565673828 0.0441848182678223 -0.137220779418945
    endloop
  endfacet
  facet normal 1.00745204193445e-06 0.707106098844811 -0.707107463526908
    outer loop
      vertex -0.0167746887207031 0.09200244140625 -0.0894031524658203
      vertex -0.0157911252975464 0.0887753829956055 -0.0926302032470703
      vertex -0.0792950439453125 0.0438713340759277 -0.137534255981445
    endloop
  endfacet
  facet normal 5.34522497540089e-05 0.707114090036807 -0.707099470240414
    outer loop
      vertex -0.0167746887207031 0.09200244140625 -0.0894031524658203
      vertex -0.0162344627380371 0.0903962936401367 -0.0910092926025391
      vertex -0.0157911252975464 0.0887753829956055 -0.0926302032470703
    endloop
  endfacet
  facet normal -1.11447521620707e-06 0.707106998379094 -0.707106563993057
    outer loop
      vertex -0.0883226852416992 0.0455334701538086 -0.135872116088867
      vertex -0.0815873565673828 0.0441848182678223 -0.137220779418945
      vertex -0.0838587951660156 0.0445668182373047 -0.136838775634766
    endloop
  endfacet
  facet normal 3.07661404434597e-05 0.707180604453108 -0.70703294954251
    outer loop
      vertex -0.0883226852416992 0.0455334701538086 -0.135872116088867
      vertex -0.0838587951660156 0.0445668182373047 -0.136838775634766
      vertex -0.0861052551269531 0.0450166358947754 -0.136388961791992
    endloop
  endfacet
  facet normal 5.12681754966991e-05 0.707195896032376 -0.707017653249577
    outer loop
      vertex -0.0926545715332031 0.0467643241882324 -0.134641265869141
      vertex -0.0883226852416992 0.0455334701538086 -0.135872116088867
      vertex -0.0905071029663086 0.046116382598877 -0.135289215087891
    endloop
  endfacet
  facet normal -5.55489049171196e-06 0.707095910349895 -0.707117651834259
    outer loop
      vertex -0.0926545715332031 0.0467643241882324 -0.134641265869141
      vertex -0.0815873565673828 0.0441848182678223 -0.137220779418945
      vertex -0.0883226852416992 0.0455334701538086 -0.135872116088867
    endloop
  endfacet
  facet normal 4.91228312585745e-05 0.707123378124037 -0.707090182153166
    outer loop
      vertex -0.021984224319458 0.101169677734375 -0.0802359161376953
      vertex -0.0208890781402588 0.0997116088867187 -0.081693977355957
      vertex -0.0198824329376221 0.0982219924926758 -0.08318359375
    endloop
  endfacet
  facet normal 1.67014778869303e-05 0.707111820323095 -0.707101741816847
    outer loop
      vertex -0.021984224319458 0.101169677734375 -0.0802359161376953
      vertex -0.0198824329376221 0.0982219924926758 -0.08318359375
      vertex -0.0189661026000977 0.0967035064697266 -0.0847020797729492
    endloop
  endfacet
  facet normal 0 0.707106781186547 -0.707106781186547
    outer loop
      vertex -0.0968232192993164 0.0482505149841309 -0.133155075073242
      vertex -0.0926545715332031 0.0467643241882324 -0.134641265869141
      vertex -0.0947612075805664 0.047476131439209 -0.133929458618164
    endloop
  endfacet
  facet normal -7.83772849335264e-06 0.707103528926491 -0.707110033388209
    outer loop
      vertex -0.0231658973693848 0.102593566894531 -0.0788120269775391
      vertex -0.021984224319458 0.101169677734375 -0.0802359161376953
      vertex -0.0189661026000977 0.0967035064697266 -0.0847020797729492
    endloop
  endfacet
  facet normal -1.47612038920148e-05 0.707090608159004 -0.707122953690118
    outer loop
      vertex -0.100798614501953 0.049981330871582 -0.131424255371094
      vertex -0.0968232192993164 0.0482505149841309 -0.133155075073242
      vertex -0.0988368988037109 0.0490860824584961 -0.13231950378418
    endloop
  endfacet
  facet normal 3.06727495277105e-06 0.707111082902093 -0.70710247943818
    outer loop
      vertex -0.100798614501953 0.049981330871582 -0.131424255371094
      vertex -0.0926545715332031 0.0467643241882324 -0.134641265869141
      vertex -0.0968232192993164 0.0482505149841309 -0.133155075073242
    endloop
  endfacet
  facet normal 0 0.707106781186548 -0.707106781186548
    outer loop
      vertex -0.0272080326080322 0.106634819030762 -0.0747707748413086
      vertex -0.0257801570892334 0.105328598022461 -0.0760769958496094
      vertex -0.0244319686889648 0.10398070526123 -0.0774248886108398
    endloop
  endfacet
  facet normal -5.80669136258918e-06 0.707104253035779 -0.707109309304435
    outer loop
      vertex -0.0287130241394043 0.107897010803223 -0.0735085754394531
      vertex -0.0231658973693848 0.102593566894531 -0.0788120269775391
      vertex -0.0189661026000977 0.0967035064697266 -0.0847020797729492
    endloop
  endfacet
  facet normal -7.63535453301762e-06 0.707103296680379 -0.707110265634322
    outer loop
      vertex -0.0287130241394043 0.107897010803223 -0.0735085754394531
      vertex -0.0244319686889648 0.10398070526123 -0.0774248886108398
      vertex -0.0231658973693848 0.102593566894531 -0.0788120269775391
    endloop
  endfacet
  facet normal -2.91924501093243e-05 0.707091513833919 -0.707122047606958
    outer loop
      vertex -0.0287130241394043 0.107897010803223 -0.0735085754394531
      vertex -0.0272080326080322 0.106634819030762 -0.0747707748413086
      vertex -0.0244319686889648 0.10398070526123 -0.0774248886108398
    endloop
  endfacet
  facet normal 2.80520839308483e-05 0.707131996978744 -0.707081563938655
    outer loop
      vertex -0.106337112426758 0.0530084953308105 -0.128397094726562
      vertex -0.100798614501953 0.049981330871582 -0.131424255371094
      vertex -0.10270482635498 0.0509346466064453 -0.130470947265625
    endloop
  endfacet
  facet normal 1.66467804033973e-05 0.707122009424158 -0.70709155242502
    outer loop
      vertex -0.106337112426758 0.0530084953308105 -0.128397094726562
      vertex -0.10270482635498 0.0509346466064453 -0.130470947265625
      vertex -0.104552101135254 0.0519443054199219 -0.129461288452148
    endloop
  endfacet
  facet normal 0 0.707106781186548 -0.707106781186548
    outer loop
      vertex -0.0336628913879395 0.111397094726563 -0.0700084915161133
      vertex -0.0319433612823486 0.110280296325684 -0.0711252899169922
      vertex -0.0302924156188965 0.109112899780273 -0.0722926864624023
    endloop
  endfacet
  facet normal 0 0.707106781186548 -0.707106781186548
    outer loop
      vertex -0.0336628913879395 0.111397094726563 -0.0700084915161133
      vertex -0.0302924156188965 0.109112899780273 -0.0722926864624023
      vertex -0.0287130241394043 0.107897010803223 -0.0735085754394531
    endloop
  endfacet
  facet normal 0 0.707106781186548 -0.707106781186548
    outer loop
      vertex -0.0336628913879395 0.111397094726563 -0.0700084915161133
      vertex -0.0287130241394043 0.107897010803223 -0.0735085754394531
      vertex -0.0189661026000977 0.0967035064697266 -0.0847020797729492
    endloop
  endfacet
  facet normal 0 0.707106781186548 -0.707106781186548
    outer loop
      vertex -0.111286979675293 0.0565085792541504 -0.124897010803223
      vertex -0.108056640625 0.0541252937316895 -0.127280296325684
      vertex -0.109707588195801 0.0552926902770996 -0.126112899780273
    endloop
  endfacet
  facet normal 7.4866821742031e-06 0.707110525313273 -0.707103037000363
    outer loop
      vertex -0.0354478988647461 0.112461288452148 -0.0689443054199219
      vertex -0.0336628913879395 0.111397094726563 -0.0700084915161133
      vertex -0.0189661026000977 0.0967035064697266 -0.0847020797729492
    endloop
  endfacet
  facet normal 6.68345213299473e-07 0.707106959534259 -0.707106602838475
    outer loop
      vertex -0.0354478988647461 0.112461288452148 -0.0689443054199219
      vertex -0.0189661026000977 0.0967035064697266 -0.0847020797729492
      vertex -0.0181417407989502 0.0951588897705078 -0.086246696472168
    endloop
  endfacet
  facet normal 5.8381539813012e-07 0.707106917260206 -0.707106645112622
    outer loop
      vertex -0.0354478988647461 0.112461288452148 -0.0689443054199219
      vertex -0.0181417407989502 0.0951588897705078 -0.086246696472168
      vertex -0.0174108295440674 0.0935909271240234 -0.0878146591186523
    endloop
  endfacet
  facet normal 0 0.707106781186548 -0.707106781186548
    outer loop
      vertex -0.112791969299316 0.0577707710266113 -0.123634819030762
      vertex -0.108056640625 0.0541252937316895 -0.127280296325684
      vertex -0.111286979675293 0.0565085792541504 -0.124897010803223
    endloop
  endfacet
  facet normal 0 0.707106781186548 -0.707106781186548
    outer loop
      vertex -0.112791969299316 0.0577707710266113 -0.123634819030762
      vertex -0.106337112426758 0.0530084953308105 -0.128397094726562
      vertex -0.108056640625 0.0541252937316895 -0.127280296325684
    endloop
  endfacet
  facet normal 1.87914607995806e-06 0.707108054694945 -0.70710550767336
    outer loop
      vertex -0.112791969299316 0.0577707710266113 -0.123634819030762
      vertex -0.100798614501953 0.049981330871582 -0.131424255371094
      vertex -0.106337112426758 0.0530084953308105 -0.128397094726562
    endloop
  endfacet
  facet normal 7.75454886433498e-07 0.707107205023401 -0.707106357349015
    outer loop
      vertex -0.114219841003418 0.0590769920349121 -0.122328598022461
      vertex -0.100798614501953 0.049981330871582 -0.131424255371094
      vertex -0.112791969299316 0.0577707710266113 -0.123634819030762
    endloop
  endfacet
  facet normal -1.07485396419292e-06 0.707105839898228 -0.707107722472798
    outer loop
      vertex -0.114219841003418 0.0590769920349121 -0.122328598022461
      vertex -0.0926545715332031 0.0467643241882324 -0.134641265869141
      vertex -0.100798614501953 0.049981330871582 -0.131424255371094
    endloop
  endfacet
  facet normal -2.08230400683149e-06 0.707105643064211 -0.707107919303986
    outer loop
      vertex -0.0411631011962891 0.11531950378418 -0.0660860824584961
      vertex -0.0354478988647461 0.112461288452148 -0.0689443054199219
      vertex -0.0174108295440674 0.0935909271240234 -0.0878146591186523
    endloop
  endfacet
  facet normal -3.14344428648153e-05 0.707075352614105 -0.707138207663477
    outer loop
      vertex -0.0411631011962891 0.11531950378418 -0.0660860824584961
      vertex -0.0392013854980469 0.114424263000488 -0.066981330871582
      vertex -0.0372951736450195 0.113470947265625 -0.0679346466064453
    endloop
  endfacet
  facet normal -1.11050648964787e-05 0.707096622140021 -0.707116939999919
    outer loop
      vertex -0.0411631011962891 0.11531950378418 -0.0660860824584961
      vertex -0.0372951736450195 0.113470947265625 -0.0679346466064453
      vertex -0.0354478988647461 0.112461288452148 -0.0689443054199219
    endloop
  endfacet
  facet normal 5.45270172066458e-07 0.70710725869848 -0.707106303674082
    outer loop
      vertex -0.11911092376709 0.064693977355957 -0.116711608886719
      vertex -0.0926545715332031 0.0467643241882324 -0.134641265869141
      vertex -0.114219841003418 0.0590769920349121 -0.122328598022461
    endloop
  endfacet
  facet normal 1.91684483597346e-05 0.707115366733998 -0.707098195275036
    outer loop
      vertex -0.11911092376709 0.064693977355957 -0.116711608886719
      vertex -0.114219841003418 0.0590769920349121 -0.122328598022461
      vertex -0.115568031311035 0.0604248886108398 -0.12098070526123
    endloop
  endfacet
  facet normal 1.52572386061108e-05 0.707113743855538 -0.707099818284393
    outer loop
      vertex -0.11911092376709 0.064693977355957 -0.116711608886719
      vertex -0.115568031311035 0.0604248886108398 -0.12098070526123
      vertex -0.116834098815918 0.0618120269775391 -0.119593566894531
    endloop
  endfacet
  facet normal -5.63539525105748e-07 0.707107494541577 -0.707106067830574
    outer loop
      vertex -0.11911092376709 0.064693977355957 -0.116711608886719
      vertex -0.116834098815918 0.0618120269775391 -0.119593566894531
      vertex -0.118015777587891 0.0632359123229981 -0.118169677734375
    endloop
  endfacet
  facet normal 5.30617652694093e-07 0.707107071204801 -0.707106491167976
    outer loop
      vertex -0.0494928932189941 0.118289207458496 -0.063116382598877
      vertex -0.0411631011962891 0.11531950378418 -0.0660860824584961
      vertex -0.0174108295440674 0.0935909271240234 -0.0878146591186523
    endloop
  endfacet
  facet normal -1.06834617374762e-05 0.707089076923822 -0.707124484925307
    outer loop
      vertex -0.0494928932189941 0.118289207458496 -0.063116382598877
      vertex -0.0473454322814941 0.117641265869141 -0.0637643241882324
      vertex -0.0452387924194336 0.116929458618164 -0.0644761276245117
    endloop
  endfacet
  facet normal 4.25867267768361e-06 0.707112451118542 -0.707101111196264
    outer loop
      vertex -0.0494928932189941 0.118289207458496 -0.063116382598877
      vertex -0.0452387924194336 0.116929458618164 -0.0644761276245117
      vertex -0.0431767768859863 0.116155075073242 -0.0652505111694336
    endloop
  endfacet
  facet normal 2.29958712025206e-06 0.707109552111389 -0.707104010247109
    outer loop
      vertex -0.0494928932189941 0.118289207458496 -0.063116382598877
      vertex -0.0431767768859863 0.116155075073242 -0.0652505111694336
      vertex -0.0411631011962891 0.11531950378418 -0.0660860824584961
    endloop
  endfacet
  facet normal 3.90142593935335e-06 0.707109260466975 -0.707104301886665
    outer loop
      vertex -0.0494928932189941 0.118289207458496 -0.063116382598877
      vertex -0.0174108295440674 0.0935909271240234 -0.0878146591186523
      vertex -0.0167746887207031 0.09200244140625 -0.0894031524658203
    endloop
  endfacet
  facet normal -1.7989183042989e-07 0.707106723687287 -0.707106838685781
    outer loop
      vertex -0.121033897399902 0.0677020797729492 -0.113703506469727
      vertex -0.0926545715332031 0.0467643241882324 -0.134641265869141
      vertex -0.11911092376709 0.064693977355957 -0.116711608886719
    endloop
  endfacet
  facet normal 0 0.707106781186548 -0.707106781186548
    outer loop
      vertex -0.121033897399902 0.0677020797729492 -0.113703506469727
      vertex -0.11911092376709 0.064693977355957 -0.116711608886719
      vertex -0.120117568969727 0.06618359375 -0.115221992492676
    endloop
  endfacet
  facet normal 3.72068099569346e-08 0.707106855648689 -0.707106706724397
    outer loop
      vertex -0.0538947486877441 0.119388954162598 -0.0620166358947754
      vertex -0.0494928932189941 0.118289207458496 -0.063116382598877
      vertex -0.0167746887207031 0.09200244140625 -0.0894031524658203
    endloop
  endfacet
  facet normal -1.55242413902543e-08 0.707106819912495 -0.707106742460597
    outer loop
      vertex -0.0538947486877441 0.119388954162598 -0.0620166358947754
      vertex -0.0167746887207031 0.09200244140625 -0.0894031524658203
      vertex -0.0815873565673828 0.0441848182678223 -0.137220779418945
    endloop
  endfacet
  facet normal -1.81325270116517e-05 0.707070491436068 -0.707143068842203
    outer loop
      vertex -0.0538947486877441 0.119388954162598 -0.0620166358947754
      vertex -0.0516773109436035 0.118872123718262 -0.0625334701538086
      vertex -0.0494928932189941 0.118289207458496 -0.063116382598877
    endloop
  endfacet
  facet normal 1.23690616618751e-08 0.707106814776885 -0.707106747596208
    outer loop
      vertex -0.0584126396179199 0.120220771789551 -0.0611848182678223
      vertex -0.0538947486877441 0.119388954162598 -0.0620166358947754
      vertex -0.0815873565673828 0.0441848182678223 -0.137220779418945
    endloop
  endfacet
  facet normal -1.37153237119816e-05 0.707069533791685 -0.707144026486471
    outer loop
      vertex -0.0584126396179199 0.120220771789551 -0.0611848182678223
      vertex -0.0561412048339844 0.119838775634766 -0.0615668182373047
      vertex -0.0538947486877441 0.119388954162598 -0.0620166358947754
    endloop
  endfacet
  facet normal -4.39685881575492e-07 0.707106883666884 -0.70710667870606
    outer loop
      vertex -0.0584126396179199 0.120220771789551 -0.0611848182678223
      vertex -0.0815873565673828 0.0441848182678223 -0.137220779418945
      vertex -0.0926545715332031 0.0467643241882324 -0.134641265869141
    endloop
  endfacet
  facet normal 5.16922433789195e-06 0.707125680598289 -0.707087881250758
    outer loop
      vertex -0.0630140190124512 0.120778671264648 -0.0606269226074219
      vertex -0.0607049560546875 0.120534255981445 -0.0608713340759277
      vertex -0.0584126396179199 0.120220771789551 -0.0611848182678223
    endloop
  endfacet
  facet normal -5.18460079367701e-06 0.707105572766142 -0.70710798958588
    outer loop
      vertex -0.124554527282715 0.0772629623413086 -0.104142631530762
      vertex -0.121858261108398 0.069246696472168 -0.112158889770508
      vertex -0.122589172363281 0.0708146591186523 -0.110590927124023
    endloop
  endfacet
  facet normal 2.67508713996225e-05 0.707110439265379 -0.707103122582776
    outer loop
      vertex -0.124554527282715 0.0772629623413086 -0.104142631530762
      vertex -0.122589172363281 0.0708146591186523 -0.110590927124023
      vertex -0.123225311279297 0.0724031524658203 -0.10900244140625
    endloop
  endfacet
  facet normal -5.34507367346028e-05 0.707099470431451 -0.707114089845889
    outer loop
      vertex -0.124554527282715 0.0772629623413086 -0.104142631530762
      vertex -0.123225311279297 0.0724031524658203 -0.10900244140625
      vertex -0.12376554107666 0.0740092926025391 -0.107396293640137
    endloop
  endfacet
  facet normal -5.34527780940572e-05 0.707099470183865 -0.707114090093316
    outer loop
      vertex -0.124554527282715 0.0772629623413086 -0.104142631530762
      vertex -0.12376554107666 0.0740092926025391 -0.107396293640137
      vertex -0.124208877563477 0.0756302032470703 -0.105775382995605
    endloop
  endfacet
  facet normal 0 0.707106781186547 -0.707106781186547
    outer loop
      vertex -0.124801864624023 0.0789046173095703 -0.102500968933105
      vertex -0.121033897399902 0.0677020797729492 -0.113703506469727
      vertex -0.121858261108398 0.069246696472168 -0.112158889770508
    endloop
  endfacet
  facet normal 2.13217872728209e-05 0.707110030314396 -0.707103531722304
    outer loop
      vertex -0.124801864624023 0.0789046173095703 -0.102500968933105
      vertex -0.121858261108398 0.069246696472168 -0.112158889770508
      vertex -0.124554527282715 0.0772629623413086 -0.104142631530762
    endloop
  endfacet
  facet normal -2.88347849602505e-06 0.707087642628536 -0.707125919220689
    outer loop
      vertex -0.0676657333374023 0.121058624267578 -0.0603469657897949
      vertex -0.0653356704711914 0.120953567504883 -0.0604520263671875
      vertex -0.0630140190124512 0.120778671264648 -0.0606269226074219
    endloop
  endfacet
  facet normal -1.7291656583231e-06 0.707097232822061 -0.707116329419986
    outer loop
      vertex -0.0676657333374023 0.121058624267578 -0.0603469657897949
      vertex -0.0630140190124512 0.120778671264648 -0.0606269226074219
      vertex -0.0584126396179199 0.120220771789551 -0.0611848182678223
    endloop
  endfacet
  facet normal 0 0.707106781186548 -0.707106781186548
    outer loop
      vertex -0.07 0.12109366607666 -0.0603119239807129
      vertex -0.0584126396179199 0.120220771789551 -0.0611848182678223
      vertex -0.0926545715332031 0.0467643241882324 -0.134641265869141
    endloop
  endfacet
  facet normal -7.75987010032684e-08 0.707106793012059 -0.707106769361031
    outer loop
      vertex -0.07 0.12109366607666 -0.0603119239807129
      vertex -0.0926545715332031 0.0467643241882324 -0.134641265869141
      vertex -0.121033897399902 0.0677020797729492 -0.113703506469727
    endloop
  endfacet
  facet normal 2.31107422080987e-06 0.707105248219059 -0.707108314146936
    outer loop
      vertex -0.07 0.12109366607666 -0.0603119239807129
      vertex -0.124801864624023 0.0789046173095703 -0.102500968933105
      vertex -0.124950439453125 0.0805522232055664 -0.100853370666504
    endloop
  endfacet
  facet normal -3.90971901571502e-08 0.707106774611388 -0.707106787761706
    outer loop
      vertex -0.07 0.12109366607666 -0.0603119239807129
      vertex -0.121033897399902 0.0677020797729492 -0.113703506469727
      vertex -0.124801864624023 0.0789046173095703 -0.102500968933105
    endloop
  endfacet
  facet normal 0 0.707106781186547 -0.707106781186547
    outer loop
      vertex -0.07 0.12109366607666 -0.0603119239807129
      vertex -0.0676657333374023 0.121058624267578 -0.0603469657897949
      vertex -0.0584126396179199 0.120220771789551 -0.0611848182678223
    endloop
  endfacet
  facet normal -5.77812904413052e-07 0.707126026069624 -0.707087535779445
    outer loop
      vertex -0.0746643295288086 0.120953567504883 -0.0604520263671875
      vertex -0.0723342666625977 0.121058624267578 -0.0603469657897949
      vertex -0.07 0.12109366607666 -0.0603119239807129
    endloop
  endfacet
  facet normal 6.0076335439929e-07 0.707106407311978 -0.707107155060664
    outer loop
      vertex -0.0746643295288086 0.120953567504883 -0.0604520263671875
      vertex -0.07 0.12109366607666 -0.0603119239807129
      vertex -0.124950439453125 0.0805522232055664 -0.100853370666504
    endloop
  endfacet
  facet normal 5.44359792765928e-05 0.707105962884116 -0.707107597392682
    outer loop
      vertex -0.124801864624023 0.0855009689331055 -0.0959046173095703
      vertex -0.125 0.0822027969360352 -0.0992027969360352
      vertex -0.124950439453125 0.0838533706665039 -0.0975522232055664
    endloop
  endfacet
  facet normal 1.81540756914483e-05 0.707107053619422 -0.707106508520526
    outer loop
      vertex -0.124801864624023 0.0855009689331055 -0.0959046173095703
      vertex -0.124950439453125 0.0805522232055664 -0.100853370666504
      vertex -0.125 0.0822027969360352 -0.0992027969360352
    endloop
  endfacet
  facet normal 2.88374251176127e-06 0.707087640907606 -0.707125920941525
    outer loop
      vertex -0.0792950439453125 0.120534255981445 -0.0608713340759277
      vertex -0.0769859771728516 0.120778671264648 -0.0606269226074219
      vertex -0.0746643295288086 0.120953567504883 -0.0604520263671875
    endloop
  endfacet
  facet normal 0.000107977155161085 0.707096999819221 -0.70711655417448
    outer loop
      vertex -0.124208877563477 0.0887753829956055 -0.0926302032470703
      vertex -0.124801864624023 0.0855009689331055 -0.0959046173095703
      vertex -0.124554527282715 0.0871426315307617 -0.0942629623413086
    endloop
  endfacet
  facet normal -5.16868878888482e-06 0.707125678608826 -0.70708788324033
    outer loop
      vertex -0.0838587951660156 0.119838775634766 -0.0615668182373047
      vertex -0.0815873565673828 0.120220771789551 -0.0611848182678223
      vertex -0.0792950439453125 0.120534255981445 -0.0608713340759277
    endloop
  endfacet
  facet normal -2.30079678811758e-06 0.707116269258479 -0.707097292983559
    outer loop
      vertex -0.0838587951660156 0.119838775634766 -0.0615668182373047
      vertex -0.0792950439453125 0.120534255981445 -0.0608713340759277
      vertex -0.0746643295288086 0.120953567504883 -0.0604520263671875
    endloop
  endfacet
  facet normal -5.34497290927012e-05 0.707114089676468 -0.707099470600952
    outer loop
      vertex -0.123225311279297 0.09200244140625 -0.0894031524658203
      vertex -0.124208877563477 0.0887753829956055 -0.0926302032470703
      vertex -0.12376554107666 0.0903962936401367 -0.0910092926025391
    endloop
  endfacet
  facet normal -9.03620251861434e-06 0.707107461869599 -0.707106100445103
    outer loop
      vertex -0.123225311279297 0.09200244140625 -0.0894031524658203
      vertex -0.124950439453125 0.0805522232055664 -0.100853370666504
      vertex -0.124801864624023 0.0855009689331055 -0.0959046173095703
    endloop
  endfacet
  facet normal -1.35155130344687e-05 0.707108004931363 -0.707105557310447
    outer loop
      vertex -0.123225311279297 0.09200244140625 -0.0894031524658203
      vertex -0.124801864624023 0.0855009689331055 -0.0959046173095703
      vertex -0.124208877563477 0.0887753829956055 -0.0926302032470703
    endloop
  endfacet
  facet normal 1.84309508352924e-06 0.70709918049954 -0.707114381789454
    outer loop
      vertex -0.0861052551269531 0.119388954162598 -0.0620166358947754
      vertex -0.0838587951660156 0.119838775634766 -0.0615668182373047
      vertex -0.0746643295288086 0.120953567504883 -0.0604520263671875
    endloop
  endfacet
  facet normal -2.29760511972777e-06 0.707114319543617 -0.707099242745379
    outer loop
      vertex -0.0883226852416992 0.118872123718262 -0.0625334701538086
      vertex -0.0861052551269531 0.119388954162598 -0.0620166358947754
      vertex -0.0746643295288086 0.120953567504883 -0.0604520263671875
    endloop
  endfacet
  facet normal -5.1703507278776e-05 0.707118831023821 -0.707094729253621
    outer loop
      vertex -0.121858261108398 0.0951588897705078 -0.086246696472168
      vertex -0.123225311279297 0.09200244140625 -0.0894031524658203
      vertex -0.122589172363281 0.0935909271240234 -0.0878146591186523
    endloop
  endfacet
  facet normal -1.69887036989595e-05 0.707111314515323 -0.707102247624624
    outer loop
      vertex -0.121033897399902 0.0967035064697266 -0.0847020797729492
      vertex -0.123225311279297 0.09200244140625 -0.0894031524658203
      vertex -0.121858261108398 0.0951588897705078 -0.086246696472168
    endloop
  endfacet
  facet normal -8.35832309311159e-06 0.70710930306699 -0.70710425924771
    outer loop
      vertex -0.120117568969727 0.0982219924926758 -0.08318359375
      vertex -0.123225311279297 0.09200244140625 -0.0894031524658203
      vertex -0.121033897399902 0.0967035064697266 -0.0847020797729492
    endloop
  endfacet
  facet normal 8.55075321614829e-07 0.7071039756947 -0.707109586666747
    outer loop
      vertex -0.0947612075805664 0.116929458618164 -0.0644761276245117
      vertex -0.0883226852416992 0.118872123718262 -0.0625334701538086
      vertex -0.0746643295288086 0.120953567504883 -0.0604520263671875
    endloop
  endfacet
  facet normal 1.06829457037836e-05 0.707089077716091 -0.707124484133085
    outer loop
      vertex -0.0947612075805664 0.116929458618164 -0.0644761276245117
      vertex -0.0926545715332031 0.117641265869141 -0.0637643241882324
      vertex -0.0905071029663086 0.118289207458496 -0.063116382598877
    endloop
  endfacet
  facet normal -4.27222543914268e-06 0.707112472324891 -0.707101089989492
    outer loop
      vertex -0.0947612075805664 0.116929458618164 -0.0644761276245117
      vertex -0.0905071029663086 0.118289207458496 -0.063116382598877
      vertex -0.0883226852416992 0.118872123718262 -0.0625334701538086
    endloop
  endfacet
  facet normal -1.26433484585459e-05 0.707110373585821 -0.707103188655989
    outer loop
      vertex -0.118015777587891 0.101169677734375 -0.0802359161376953
      vertex -0.123225311279297 0.09200244140625 -0.0894031524658203
      vertex -0.120117568969727 0.0982219924926758 -0.08318359375
    endloop
  endfacet
  facet normal -4.91228312585745e-05 0.707123378124037 -0.707090182153166
    outer loop
      vertex -0.118015777587891 0.101169677734375 -0.0802359161376953
      vertex -0.120117568969727 0.0982219924926758 -0.08318359375
      vertex -0.11911092376709 0.0997116088867187 -0.081693977355957
    endloop
  endfacet
  facet normal 0 0.707106781186548 -0.707106781186548
    outer loop
      vertex -0.118015777587891 0.101169677734375 -0.0802359161376953
      vertex -0.124950439453125 0.0805522232055664 -0.100853370666504
      vertex -0.123225311279297 0.09200244140625 -0.0894031524658203
    endloop
  endfacet
  facet normal -2.75563726856613e-05 0.70713998478755 -0.707073575489362
    outer loop
      vertex -0.100798614501953 0.114424263000488 -0.066981330871582
      vertex -0.0988368988037109 0.11531950378418 -0.0660860824584961
      vertex -0.0968232192993164 0.116155075073242 -0.0652505111694336
    endloop
  endfacet
  facet normal 0 0.707106781186548 -0.707106781186548
    outer loop
      vertex -0.115568031311035 0.10398070526123 -0.0774248886108398
      vertex -0.118015777587891 0.101169677734375 -0.0802359161376953
      vertex -0.116834098815918 0.102593566894531 -0.0788120269775391
    endloop
  endfacet
  facet normal 0 0.707106781186547 -0.707106781186547
    outer loop
      vertex -0.115568031311035 0.10398070526123 -0.0774248886108398
      vertex -0.124950439453125 0.0805522232055664 -0.100853370666504
      vertex -0.118015777587891 0.101169677734375 -0.0802359161376953
    endloop
  endfacet
  facet normal 0 0.707106781186548 -0.707106781186548
    outer loop
      vertex -0.114219841003418 0.105328598022461 -0.0760769958496094
      vertex -0.124950439453125 0.0805522232055664 -0.100853370666504
      vertex -0.115568031311035 0.10398070526123 -0.0774248886108398
    endloop
  endfacet
  facet normal 0 0.707106781186547 -0.707106781186547
    outer loop
      vertex -0.104552101135254 0.112461288452148 -0.0689443054199219
      vertex -0.10270482635498 0.113470947265625 -0.0679346466064453
      vertex -0.100798614501953 0.114424263000488 -0.066981330871582
    endloop
  endfacet
  facet normal 8.10237602202701e-06 0.707099034673015 -0.707114527568796
    outer loop
      vertex -0.104552101135254 0.112461288452148 -0.0689443054199219
      vertex -0.100798614501953 0.114424263000488 -0.066981330871582
      vertex -0.0968232192993164 0.116155075073242 -0.0652505111694336
    endloop
  endfacet
  facet normal -2.56058220569036e-06 0.70711019030741 -0.707103372044613
    outer loop
      vertex -0.104552101135254 0.112461288452148 -0.0689443054199219
      vertex -0.0968232192993164 0.116155075073242 -0.0652505111694336
      vertex -0.0947612075805664 0.116929458618164 -0.0644761276245117
    endloop
  endfacet
  facet normal -4.62007858526127e-07 0.707107264538371 -0.707106297834243
    outer loop
      vertex -0.106337112426758 0.111397094726563 -0.0700084915161133
      vertex -0.0947612075805664 0.116929458618164 -0.0644761276245117
      vertex -0.0746643295288086 0.120953567504883 -0.0604520263671875
    endloop
  endfacet
  facet normal 4.3190929699564e-06 0.707104420507105 -0.707109141844918
    outer loop
      vertex -0.106337112426758 0.111397094726563 -0.0700084915161133
      vertex -0.114219841003418 0.105328598022461 -0.0760769958496094
      vertex -0.112791969299316 0.106634819030762 -0.0747707748413086
    endloop
  endfacet
  facet normal 1.02670552957975e-06 0.707106558854083 -0.707107003518197
    outer loop
      vertex -0.106337112426758 0.111397094726563 -0.0700084915161133
      vertex -0.124950439453125 0.0805522232055664 -0.100853370666504
      vertex -0.114219841003418 0.105328598022461 -0.0760769958496094
    endloop
  endfacet
  facet normal 1.22137920081367e-05 0.707094002963899 -0.707119559072801
    outer loop
      vertex -0.106337112426758 0.111397094726563 -0.0700084915161133
      vertex -0.104552101135254 0.112461288452148 -0.0689443054199219
      vertex -0.0947612075805664 0.116929458618164 -0.0644761276245117
    endloop
  endfacet
  facet normal -2.72764966048182e-07 0.707106950936905 -0.707106611436096
    outer loop
      vertex -0.106337112426758 0.111397094726563 -0.0700084915161133
      vertex -0.0746643295288086 0.120953567504883 -0.0604520263671875
      vertex -0.124950439453125 0.0805522232055664 -0.100853370666504
    endloop
  endfacet
  facet normal -2.62127384277206e-05 0.70712454527947 -0.707089016161469
    outer loop
      vertex -0.108056640625 0.110280296325684 -0.0711252899169922
      vertex -0.112791969299316 0.106634819030762 -0.0747707748413086
      vertex -0.111286979675293 0.107897010803223 -0.0735085754394531
    endloop
  endfacet
  facet normal 0 0.707106781186548 -0.707106781186548
    outer loop
      vertex -0.108056640625 0.110280296325684 -0.0711252899169922
      vertex -0.111286979675293 0.107897010803223 -0.0735085754394531
      vertex -0.109707588195801 0.109112899780273 -0.0722926864624023
    endloop
  endfacet
  facet normal -6.14722964719547e-06 0.707111513584757 -0.707102048729945
    outer loop
      vertex -0.108056640625 0.110280296325684 -0.0711252899169922
      vertex -0.106337112426758 0.111397094726563 -0.0700084915161133
      vertex -0.112791969299316 0.106634819030762 -0.0747707748413086
    endloop
  endfacet
endsolid noctua_fan_left
